ts,pid,tag,rss_kb,hwm_kb,swap_kb
10:27:23,460340,batch_c_scan_6x7,13018736,14849476,0
10:27:24,460340,batch_c_scan_6x7,13018736,14849476,0
10:27:25,460340,batch_c_scan_6x7,13018736,14849476,0
10:27:26,460340,batch_c_scan_6x7,13018736,14849476,0
10:27:27,460340,batch_c_scan_6x7,13018736,14849476,0
10:27:29,460340,batch_c_scan_6x7,13018736,14849476,0
10:27:30,460340,batch_c_scan_6x7,13018736,14849476,0
10:27:31,460340,batch_c_scan_6x7,13018736,14849476,0
10:27:32,460340,batch_c_scan_6x7,13018736,14849476,0
10:27:33,460340,batch_c_scan_6x7,13018736,14849476,0
10:27:34,460340,batch_c_scan_6x7,13018736,14849476,0
10:27:35,460340,batch_c_scan_6x7,13018736,14849476,0
10:27:36,460340,batch_c_scan_6x7,13018736,14849476,0
10:27:37,460340,batch_c_scan_6x7,13018736,14849476,0
10:27:38,460340,batch_c_scan_6x7,13018736,14849476,0
10:27:39,460340,batch_c_scan_6x7,13018736,14849476,0
10:27:40,460340,batch_c_scan_6x7,13018736,14849476,0
10:27:41,460340,batch_c_scan_6x7,13018736,14849476,0
10:27:42,460340,batch_c_scan_6x7,13018736,14849476,0
10:27:43,460340,batch_c_scan_6x7,13018736,14849476,0
10:27:44,460340,batch_c_scan_6x7,13018736,14849476,0
10:27:45,460340,batch_c_scan_6x7,13018736,14849476,0
10:27:46,460340,batch_c_scan_6x7,13018736,14849476,0
10:27:47,460340,batch_c_scan_6x7,13018736,14849476,0
10:27:48,460340,batch_c_scan_6x7,13018736,14849476,0
10:27:49,460340,batch_c_scan_6x7,13018736,14849476,0
10:27:50,460340,batch_c_scan_6x7,13018736,14849476,0
10:27:51,460340,batch_c_scan_6x7,13018736,14849476,0
10:27:52,460340,batch_c_scan_6x7,13018736,14849476,0
10:27:53,460340,batch_c_scan_6x7,13018736,14849476,0
10:27:54,460340,batch_c_scan_6x7,13018736,14849476,0
10:27:55,460340,batch_c_scan_6x7,13018736,14849476,0
10:27:56,460340,batch_c_scan_6x7,13018736,14849476,0
10:27:57,460340,batch_c_scan_6x7,13018736,14849476,0
10:27:58,460340,batch_c_scan_6x7,13018736,14849476,0
10:27:59,460340,batch_c_scan_6x7,13018736,14849476,0
10:28:00,460340,batch_c_scan_6x7,13018736,14849476,0
10:28:01,460340,batch_c_scan_6x7,13018736,14849476,0
10:28:02,460340,batch_c_scan_6x7,13018736,14849476,0
10:28:03,460340,batch_c_scan_6x7,13018736,14849476,0
10:28:04,460340,batch_c_scan_6x7,13018736,14849476,0
10:28:05,460340,batch_c_scan_6x7,13018736,14849476,0
10:28:06,460340,batch_c_scan_6x7,13018736,14849476,0
10:28:07,460340,batch_c_scan_6x7,13018736,14849476,0
10:28:08,460340,batch_c_scan_6x7,13018736,14849476,0
10:28:09,460340,batch_c_scan_6x7,13018736,14849476,0
10:28:10,460340,batch_c_scan_6x7,13018736,14849476,0
10:28:11,460340,batch_c_scan_6x7,13018736,14849476,0
10:28:12,460340,batch_c_scan_6x7,13018736,14849476,0
10:28:13,460340,batch_c_scan_6x7,13018736,14849476,0
10:28:14,460340,batch_c_scan_6x7,13018736,14849476,0
10:28:15,460340,batch_c_scan_6x7,13018736,14849476,0
10:28:16,460340,batch_c_scan_6x7,13018736,14849476,0
10:28:17,460340,batch_c_scan_6x7,13018736,14849476,0
10:28:18,460340,batch_c_scan_6x7,13018736,14849476,0
10:28:19,460340,batch_c_scan_6x7,13018736,14849476,0
10:28:20,460340,batch_c_scan_6x7,13018736,14849476,0
10:28:21,460340,batch_c_scan_6x7,13018736,14849476,0
10:28:23,460340,batch_c_scan_6x7,13018736,14849476,0
10:28:24,460340,batch_c_scan_6x7,13018736,14849476,0
10:28:25,460340,batch_c_scan_6x7,13018736,14849476,0
10:28:26,460340,batch_c_scan_6x7,13018736,14849476,0
10:28:27,460340,batch_c_scan_6x7,13018736,14849476,0
10:28:28,460340,batch_c_scan_6x7,13018736,14849476,0
10:28:29,460340,batch_c_scan_6x7,13018736,14849476,0
10:28:30,460340,batch_c_scan_6x7,13018736,14849476,0
10:28:31,460340,batch_c_scan_6x7,13018736,14849476,0
10:28:32,460340,batch_c_scan_6x7,13018736,14849476,0
10:28:33,460340,batch_c_scan_6x7,13018736,14849476,0
10:28:34,460340,batch_c_scan_6x7,13018736,14849476,0
10:28:35,460340,batch_c_scan_6x7,13018736,14849476,0
10:28:36,460340,batch_c_scan_6x7,13018736,14849476,0
10:28:37,460340,batch_c_scan_6x7,13018736,14849476,0
10:28:38,460340,batch_c_scan_6x7,13018736,14849476,0
10:28:39,460340,batch_c_scan_6x7,13018736,14849476,0
10:28:40,460340,batch_c_scan_6x7,13018736,14849476,0
10:28:41,460340,batch_c_scan_6x7,12529112,14849476,0
10:28:42,460340,batch_c_scan_6x7,12529112,14849476,0
10:28:43,460340,batch_c_scan_6x7,12752396,14849476,0
10:28:44,460340,batch_c_scan_6x7,13158520,14849476,0
10:28:45,460340,batch_c_scan_6x7,13158520,14849476,0
10:28:46,460340,batch_c_scan_6x7,13158520,14849476,0
10:28:47,460340,batch_c_scan_6x7,13158520,14849476,0
10:28:48,460340,batch_c_scan_6x7,13158520,14849476,0
10:28:49,460340,batch_c_scan_6x7,13158520,14849476,0
10:28:50,460340,batch_c_scan_6x7,13158520,14849476,0
10:28:51,460340,batch_c_scan_6x7,13158520,14849476,0
10:28:52,460340,batch_c_scan_6x7,13158520,14849476,0
10:28:53,460340,batch_c_scan_6x7,13158520,14849476,0
10:28:54,460340,batch_c_scan_6x7,13239268,14849476,0
10:28:55,460340,batch_c_scan_6x7,13335228,14849476,0
10:28:56,460340,batch_c_scan_6x7,13217420,14849476,0
10:28:57,460340,batch_c_scan_6x7,13217420,14849476,0
10:28:58,460340,batch_c_scan_6x7,13217420,14849476,0
10:28:59,460340,batch_c_scan_6x7,13217420,14849476,0
10:29:00,460340,batch_c_scan_6x7,13217420,14849476,0
10:29:01,460340,batch_c_scan_6x7,13217420,14849476,0
10:29:02,460340,batch_c_scan_6x7,13217420,14849476,0
10:29:03,460340,batch_c_scan_6x7,13217420,14849476,0
10:29:04,460340,batch_c_scan_6x7,13217420,14849476,0
10:29:05,460340,batch_c_scan_6x7,13276324,14849476,0
10:29:06,460340,batch_c_scan_6x7,13385424,14849476,0
10:29:07,460340,batch_c_scan_6x7,13249384,14849476,0
10:29:08,460340,batch_c_scan_6x7,13453564,14849476,0
10:29:09,460340,batch_c_scan_6x7,13521724,14849476,0
10:29:10,460340,batch_c_scan_6x7,13860684,14849476,0
10:29:11,460340,batch_c_scan_6x7,15117608,15141236,0
10:29:12,460340,batch_c_scan_6x7,15117608,15141236,0
10:29:13,460340,batch_c_scan_6x7,15143088,15143124,0
10:29:14,460340,batch_c_scan_6x7,15295296,15386812,0
10:29:15,460340,batch_c_scan_6x7,15491968,15658020,0
10:29:16,460340,batch_c_scan_6x7,15644452,15658020,0
10:29:18,460340,batch_c_scan_6x7,14113800,15662308,0
10:29:19,460340,batch_c_scan_6x7,14881156,15662308,0
10:29:20,460340,batch_c_scan_6x7,16042296,16042608,0
10:29:21,460340,batch_c_scan_6x7,15523376,16145128,0
10:29:22,460340,batch_c_scan_6x7,15821476,16145128,0
10:29:23,460340,batch_c_scan_6x7,16922628,16923132,0
10:29:24,460340,batch_c_scan_6x7,17454316,17454896,0
10:29:25,460340,batch_c_scan_6x7,18110912,18197808,0
10:29:26,460340,batch_c_scan_6x7,18543256,18543516,0
10:29:27,460340,batch_c_scan_6x7,18608956,18608956,0
10:29:28,460340,batch_c_scan_6x7,18790112,18880176,0
10:29:29,460340,batch_c_scan_6x7,18699688,18992476,0
10:29:30,460340,batch_c_scan_6x7,18148648,18992476,0
10:29:31,460340,batch_c_scan_6x7,15749384,18992476,0
10:29:32,460340,batch_c_scan_6x7,15749384,18992476,0
10:29:33,460340,batch_c_scan_6x7,15749384,18992476,0
10:29:34,460340,batch_c_scan_6x7,15749432,18992476,0
10:29:35,460340,batch_c_scan_6x7,15749432,18992476,0
10:29:36,460340,batch_c_scan_6x7,15749432,18992476,0
10:29:37,460340,batch_c_scan_6x7,15749432,18992476,0
10:29:38,460340,batch_c_scan_6x7,15749432,18992476,0
10:29:39,460340,batch_c_scan_6x7,15749432,18992476,0
10:29:40,460340,batch_c_scan_6x7,15749432,18992476,0
10:29:41,460340,batch_c_scan_6x7,15749432,18992476,0
10:29:42,460340,batch_c_scan_6x7,15750828,18992476,0
10:29:43,460340,batch_c_scan_6x7,15751664,18992476,0
10:29:44,460340,batch_c_scan_6x7,15751664,18992476,0
10:29:45,460340,batch_c_scan_6x7,15752148,18992476,0
10:29:46,460340,batch_c_scan_6x7,15877216,18992476,0
10:29:47,460340,batch_c_scan_6x7,15752164,18992476,0
10:29:48,460340,batch_c_scan_6x7,15752164,18992476,0
10:29:49,460340,batch_c_scan_6x7,15752164,18992476,0
10:29:50,460340,batch_c_scan_6x7,15752164,18992476,0
10:29:51,460340,batch_c_scan_6x7,15752164,18992476,0
10:29:52,460340,batch_c_scan_6x7,15752164,18992476,0
10:29:53,460340,batch_c_scan_6x7,15752164,18992476,0
10:29:54,460340,batch_c_scan_6x7,15752164,18992476,0
10:29:55,460340,batch_c_scan_6x7,15752164,18992476,0
10:29:56,460340,batch_c_scan_6x7,15752164,18992476,0
10:29:57,460340,batch_c_scan_6x7,15752164,18992476,0
10:29:58,460340,batch_c_scan_6x7,15752164,18992476,0
10:29:59,460340,batch_c_scan_6x7,15752164,18992476,0
10:30:00,460340,batch_c_scan_6x7,15752164,18992476,0
10:30:01,460340,batch_c_scan_6x7,15752164,18992476,0
10:30:02,460340,batch_c_scan_6x7,15752164,18992476,0
10:30:03,460340,batch_c_scan_6x7,15752164,18992476,0
10:30:04,460340,batch_c_scan_6x7,15752164,18992476,0
10:30:05,460340,batch_c_scan_6x7,15752164,18992476,0
10:30:06,460340,batch_c_scan_6x7,15752164,18992476,0
10:30:07,460340,batch_c_scan_6x7,15752164,18992476,0
10:30:08,460340,batch_c_scan_6x7,15752164,18992476,0
10:30:09,460340,batch_c_scan_6x7,15752164,18992476,0
10:30:10,460340,batch_c_scan_6x7,15752164,18992476,0
10:30:11,460340,batch_c_scan_6x7,15752164,18992476,0
10:30:13,460340,batch_c_scan_6x7,15752164,18992476,0
10:30:14,460340,batch_c_scan_6x7,15752164,18992476,0
10:30:15,460340,batch_c_scan_6x7,15752164,18992476,0
10:30:16,460340,batch_c_scan_6x7,15752164,18992476,0
10:30:17,460340,batch_c_scan_6x7,15752164,18992476,0
10:30:18,460340,batch_c_scan_6x7,15752164,18992476,0
10:30:19,460340,batch_c_scan_6x7,15752164,18992476,0
10:30:20,460340,batch_c_scan_6x7,15752164,18992476,0
10:30:21,460340,batch_c_scan_6x7,15752164,18992476,0
10:30:22,460340,batch_c_scan_6x7,15752164,18992476,0
10:30:23,460340,batch_c_scan_6x7,15752164,18992476,0
10:30:24,460340,batch_c_scan_6x7,15752164,18992476,0
10:30:25,460340,batch_c_scan_6x7,15752164,18992476,0
10:30:26,460340,batch_c_scan_6x7,15752164,18992476,0
10:30:27,460340,batch_c_scan_6x7,15752164,18992476,0
10:30:28,460340,batch_c_scan_6x7,15752164,18992476,0
10:30:29,460340,batch_c_scan_6x7,15752164,18992476,0
10:30:30,460340,batch_c_scan_6x7,15752164,18992476,0
10:30:31,460340,batch_c_scan_6x7,15752164,18992476,0
10:30:32,460340,batch_c_scan_6x7,15752164,18992476,0
10:30:33,460340,batch_c_scan_6x7,15752164,18992476,0
10:30:34,460340,batch_c_scan_6x7,15752164,18992476,0
10:30:35,460340,batch_c_scan_6x7,15752164,18992476,0
10:30:36,460340,batch_c_scan_6x7,15752164,18992476,0
10:30:37,460340,batch_c_scan_6x7,15752164,18992476,0
10:30:38,460340,batch_c_scan_6x7,15752164,18992476,0
10:30:39,460340,batch_c_scan_6x7,15752164,18992476,0
10:30:40,460340,batch_c_scan_6x7,15752164,18992476,0
10:30:41,460340,batch_c_scan_6x7,15752164,18992476,0
10:30:42,460340,batch_c_scan_6x7,15752164,18992476,0
10:30:43,460340,batch_c_scan_6x7,15752164,18992476,0
10:30:44,460340,batch_c_scan_6x7,15752164,18992476,0
10:30:45,460340,batch_c_scan_6x7,15752164,18992476,0
10:30:46,460340,batch_c_scan_6x7,15752164,18992476,0
10:30:47,460340,batch_c_scan_6x7,15752164,18992476,0
10:30:48,460340,batch_c_scan_6x7,15752164,18992476,0
10:30:49,460340,batch_c_scan_6x7,15752164,18992476,0
10:30:50,460340,batch_c_scan_6x7,15752164,18992476,0
10:30:51,460340,batch_c_scan_6x7,15752164,18992476,0
10:30:52,460340,batch_c_scan_6x7,15752164,18992476,0
10:30:53,460340,batch_c_scan_6x7,15752164,18992476,0
10:30:54,460340,batch_c_scan_6x7,15752164,18992476,0
10:30:55,460340,batch_c_scan_6x7,15752164,18992476,0
10:30:56,460340,batch_c_scan_6x7,15752164,18992476,0
10:30:57,460340,batch_c_scan_6x7,15752164,18992476,0
10:30:58,460340,batch_c_scan_6x7,15752164,18992476,0
10:30:59,460340,batch_c_scan_6x7,15752164,18992476,0
10:31:00,460340,batch_c_scan_6x7,15752164,18992476,0
10:31:01,460340,batch_c_scan_6x7,15752164,18992476,0
10:31:02,460340,batch_c_scan_6x7,15752164,18992476,0
10:31:03,460340,batch_c_scan_6x7,15752164,18992476,0
10:31:04,460340,batch_c_scan_6x7,15752164,18992476,0
10:31:05,460340,batch_c_scan_6x7,15752164,18992476,0
10:31:06,460340,batch_c_scan_6x7,15752164,18992476,0
10:31:07,460340,batch_c_scan_6x7,15752164,18992476,0
10:31:08,460340,batch_c_scan_6x7,15752164,18992476,0
10:31:10,460340,batch_c_scan_6x7,15752164,18992476,0
10:31:11,460340,batch_c_scan_6x7,15752164,18992476,0
10:31:12,460340,batch_c_scan_6x7,15752164,18992476,0
10:31:13,460340,batch_c_scan_6x7,15752164,18992476,0
10:31:14,460340,batch_c_scan_6x7,15916836,18992476,0
10:31:15,460340,batch_c_scan_6x7,16018404,18992476,0
10:31:16,460340,batch_c_scan_6x7,16018404,18992476,0
10:31:17,460340,batch_c_scan_6x7,16018404,18992476,0
10:31:18,460340,batch_c_scan_6x7,16018404,18992476,0
10:31:19,460340,batch_c_scan_6x7,16018404,18992476,0
10:31:20,460340,batch_c_scan_6x7,16018404,18992476,0
10:31:21,460340,batch_c_scan_6x7,16018404,18992476,0
10:31:22,460340,batch_c_scan_6x7,16018404,18992476,0
10:31:23,460340,batch_c_scan_6x7,16018404,18992476,0
10:31:24,460340,batch_c_scan_6x7,16018404,18992476,0
10:31:25,460340,batch_c_scan_6x7,16018404,18992476,0
10:31:26,460340,batch_c_scan_6x7,16018404,18992476,0
10:31:27,460340,batch_c_scan_6x7,16018404,18992476,0
10:31:28,460340,batch_c_scan_6x7,16018404,18992476,0
10:31:29,460340,batch_c_scan_6x7,16018404,18992476,0
10:31:30,460340,batch_c_scan_6x7,16018404,18992476,0
10:31:31,460340,batch_c_scan_6x7,16018404,18992476,0
10:31:32,460340,batch_c_scan_6x7,16018404,18992476,0
10:31:33,460340,batch_c_scan_6x7,16018404,18992476,0
10:31:34,460340,batch_c_scan_6x7,16018404,18992476,0
10:31:35,460340,batch_c_scan_6x7,16018404,18992476,0
10:31:36,460340,batch_c_scan_6x7,16018404,18992476,0
10:31:37,460340,batch_c_scan_6x7,16018404,18992476,0
10:31:38,460340,batch_c_scan_6x7,16018404,18992476,0
10:31:39,460340,batch_c_scan_6x7,16018404,18992476,0
10:31:40,460340,batch_c_scan_6x7,16018404,18992476,0
10:31:41,460340,batch_c_scan_6x7,16524860,18992476,0
10:31:42,460340,batch_c_scan_6x7,17646320,18992476,0
10:31:43,460340,batch_c_scan_6x7,17646320,18992476,0
10:31:44,460340,batch_c_scan_6x7,17699476,18992476,0
10:31:45,460340,batch_c_scan_6x7,17846832,18992476,0
10:31:46,460340,batch_c_scan_6x7,18066432,18992476,0
10:31:47,460340,batch_c_scan_6x7,16084256,18992476,0
10:31:48,460340,batch_c_scan_6x7,16521540,18992476,0
10:31:49,460340,batch_c_scan_6x7,17003904,18992476,0
10:31:50,460340,batch_c_scan_6x7,18073116,18992476,0
10:31:51,460340,batch_c_scan_6x7,17613100,18992476,0
10:31:52,460340,batch_c_scan_6x7,18099400,18992476,0
10:31:53,460340,batch_c_scan_6x7,18854112,18992476,0
10:31:54,460340,batch_c_scan_6x7,19388864,19389424,0
10:31:55,460340,batch_c_scan_6x7,20025624,20098268,0
10:31:56,460340,batch_c_scan_6x7,20502996,20503064,0
10:31:57,460340,batch_c_scan_6x7,20596384,20596384,0
10:31:58,460340,batch_c_scan_6x7,20825716,20827396,0
10:31:59,460340,batch_c_scan_6x7,20687632,20980420,0
10:32:00,460340,batch_c_scan_6x7,20840712,20980420,0
10:32:01,460340,batch_c_scan_6x7,17974104,21555340,0
10:32:02,460340,batch_c_scan_6x7,17974104,21555340,0
10:32:04,460340,batch_c_scan_6x7,17974104,21555340,0
10:32:05,460340,batch_c_scan_6x7,17974116,21555340,0
10:32:06,460340,batch_c_scan_6x7,17974116,21555340,0
10:32:07,460340,batch_c_scan_6x7,17974116,21555340,0
10:32:08,460340,batch_c_scan_6x7,17974116,21555340,0
10:32:09,460340,batch_c_scan_6x7,17974116,21555340,0
10:32:10,460340,batch_c_scan_6x7,17974116,21555340,0
10:32:11,460340,batch_c_scan_6x7,17974116,21555340,0
10:32:12,460340,batch_c_scan_6x7,17982244,21555340,0
10:32:13,460340,batch_c_scan_6x7,17982244,21555340,0
10:32:14,460340,batch_c_scan_6x7,17982388,21555340,0
10:32:15,460340,batch_c_scan_6x7,17982388,21555340,0
10:32:16,460340,batch_c_scan_6x7,17982388,21555340,0
10:32:17,460340,batch_c_scan_6x7,17985192,21555340,0
10:32:18,460340,batch_c_scan_6x7,17985192,21555340,0
10:32:19,460340,batch_c_scan_6x7,17985192,21555340,0
10:32:20,460340,batch_c_scan_6x7,17985192,21555340,0
10:32:21,460340,batch_c_scan_6x7,17985192,21555340,0
10:32:22,460340,batch_c_scan_6x7,17985192,21555340,0
10:32:23,460340,batch_c_scan_6x7,17985192,21555340,0
10:32:24,460340,batch_c_scan_6x7,17985192,21555340,0
10:32:25,460340,batch_c_scan_6x7,17985192,21555340,0
10:32:26,460340,batch_c_scan_6x7,17985192,21555340,0
10:32:27,460340,batch_c_scan_6x7,17985192,21555340,0
10:32:28,460340,batch_c_scan_6x7,17985192,21555340,0
10:32:29,460340,batch_c_scan_6x7,17985192,21555340,0
10:32:30,460340,batch_c_scan_6x7,17985192,21555340,0
10:32:31,460340,batch_c_scan_6x7,17985192,21555340,0
10:32:32,460340,batch_c_scan_6x7,17985192,21555340,0
10:32:33,460340,batch_c_scan_6x7,17985192,21555340,0
10:32:34,460340,batch_c_scan_6x7,17985192,21555340,0
10:32:35,460340,batch_c_scan_6x7,17985192,21555340,0
10:32:36,460340,batch_c_scan_6x7,17985192,21555340,0
10:32:37,460340,batch_c_scan_6x7,17985192,21555340,0
10:32:38,460340,batch_c_scan_6x7,17985192,21555340,0
10:32:39,460340,batch_c_scan_6x7,17985192,21555340,0
10:32:40,460340,batch_c_scan_6x7,17985192,21555340,0
10:32:41,460340,batch_c_scan_6x7,17985192,21555340,0
10:32:42,460340,batch_c_scan_6x7,17985192,21555340,0
10:32:43,460340,batch_c_scan_6x7,17985192,21555340,0
10:32:44,460340,batch_c_scan_6x7,17985192,21555340,0
10:32:45,460340,batch_c_scan_6x7,17985192,21555340,0
10:32:46,460340,batch_c_scan_6x7,17985192,21555340,0
10:32:47,460340,batch_c_scan_6x7,17985192,21555340,0
10:32:48,460340,batch_c_scan_6x7,17985192,21555340,0
10:32:49,460340,batch_c_scan_6x7,17985192,21555340,0
10:32:50,460340,batch_c_scan_6x7,17985192,21555340,0
10:32:51,460340,batch_c_scan_6x7,17985192,21555340,0
10:32:52,460340,batch_c_scan_6x7,17985192,21555340,0
10:32:53,460340,batch_c_scan_6x7,17985192,21555340,0
10:32:54,460340,batch_c_scan_6x7,17985192,21555340,0
10:32:55,460340,batch_c_scan_6x7,17985192,21555340,0
10:32:56,460340,batch_c_scan_6x7,17985192,21555340,0
10:32:57,460340,batch_c_scan_6x7,17985192,21555340,0
10:32:58,460340,batch_c_scan_6x7,17985192,21555340,0
10:33:00,460340,batch_c_scan_6x7,17985192,21555340,0
10:33:01,460340,batch_c_scan_6x7,17985192,21555340,0
10:33:02,460340,batch_c_scan_6x7,17985192,21555340,0
10:33:03,460340,batch_c_scan_6x7,17985192,21555340,0
10:33:04,460340,batch_c_scan_6x7,17985192,21555340,0
10:33:05,460340,batch_c_scan_6x7,17985192,21555340,0
10:33:06,460340,batch_c_scan_6x7,17985192,21555340,0
10:33:07,460340,batch_c_scan_6x7,17985192,21555340,0
10:33:08,460340,batch_c_scan_6x7,17985192,21555340,0
10:33:09,460340,batch_c_scan_6x7,17985192,21555340,0
10:33:10,460340,batch_c_scan_6x7,17985192,21555340,0
10:33:11,460340,batch_c_scan_6x7,17985192,21555340,0
10:33:12,460340,batch_c_scan_6x7,17985192,21555340,0
10:33:13,460340,batch_c_scan_6x7,17985192,21555340,0
10:33:14,460340,batch_c_scan_6x7,17985192,21555340,0
10:33:15,460340,batch_c_scan_6x7,17985192,21555340,0
10:33:16,460340,batch_c_scan_6x7,17985192,21555340,0
10:33:17,460340,batch_c_scan_6x7,17985192,21555340,0
10:33:18,460340,batch_c_scan_6x7,17985192,21555340,0
10:33:19,460340,batch_c_scan_6x7,17985192,21555340,0
10:33:20,460340,batch_c_scan_6x7,17985192,21555340,0
10:33:21,460340,batch_c_scan_6x7,17985192,21555340,0
10:33:22,460340,batch_c_scan_6x7,17985192,21555340,0
10:33:23,460340,batch_c_scan_6x7,17985192,21555340,0
10:33:24,460340,batch_c_scan_6x7,17985192,21555340,0
10:33:25,460340,batch_c_scan_6x7,17985192,21555340,0
10:33:26,460340,batch_c_scan_6x7,17985192,21555340,0
10:33:27,460340,batch_c_scan_6x7,17985192,21555340,0
10:33:28,460340,batch_c_scan_6x7,17985192,21555340,0
10:33:29,460340,batch_c_scan_6x7,17985192,21555340,0
10:33:30,460340,batch_c_scan_6x7,17985192,21555340,0
10:33:31,460340,batch_c_scan_6x7,17985192,21555340,0
10:33:32,460340,batch_c_scan_6x7,17985192,21555340,0
10:33:33,460340,batch_c_scan_6x7,17985192,21555340,0
10:33:34,460340,batch_c_scan_6x7,17985192,21555340,0
10:33:35,460340,batch_c_scan_6x7,17985192,21555340,0
10:33:36,460340,batch_c_scan_6x7,17985192,21555340,0
10:33:37,460340,batch_c_scan_6x7,17985192,21555340,0
10:33:38,460340,batch_c_scan_6x7,17985192,21555340,0
10:33:39,460340,batch_c_scan_6x7,17985192,21555340,0
10:33:40,460340,batch_c_scan_6x7,17985192,21555340,0
10:33:41,460340,batch_c_scan_6x7,17985192,21555340,0
10:33:42,460340,batch_c_scan_6x7,17985192,21555340,0
10:33:43,460340,batch_c_scan_6x7,17985192,21555340,0
10:33:44,460340,batch_c_scan_6x7,17985192,21555340,0
10:33:45,460340,batch_c_scan_6x7,17985192,21555340,0
10:33:46,460340,batch_c_scan_6x7,18137972,21555340,0
10:33:47,460340,batch_c_scan_6x7,18138332,21555340,0
10:33:48,460340,batch_c_scan_6x7,18138332,21555340,0
10:33:49,460340,batch_c_scan_6x7,18138332,21555340,0
10:33:50,460340,batch_c_scan_6x7,18138332,21555340,0
10:33:51,460340,batch_c_scan_6x7,18138332,21555340,0
10:33:52,460340,batch_c_scan_6x7,18138332,21555340,0
10:33:53,460340,batch_c_scan_6x7,18138332,21555340,0
10:33:54,460340,batch_c_scan_6x7,18138332,21555340,0
10:33:55,460340,batch_c_scan_6x7,18138332,21555340,0
10:33:57,460340,batch_c_scan_6x7,18138332,21555340,0
10:33:58,460340,batch_c_scan_6x7,18138332,21555340,0
10:33:59,460340,batch_c_scan_6x7,18138332,21555340,0
10:34:00,460340,batch_c_scan_6x7,21122748,21555340,0
10:34:01,460340,batch_c_scan_6x7,22555760,22555760,0
10:34:02,460340,batch_c_scan_6x7,18138332,23508588,0
10:34:03,460340,batch_c_scan_6x7,18138332,23508588,0
10:34:04,460340,batch_c_scan_6x7,16380104,23508588,0
10:34:05,460340,batch_c_scan_6x7,16395512,23508588,0
10:34:06,460340,batch_c_scan_6x7,16398804,23508588,0
10:34:07,460340,batch_c_scan_6x7,16400568,23508588,0
10:34:08,460340,batch_c_scan_6x7,17345964,23508588,0
10:34:09,460340,batch_c_scan_6x7,17346000,23508588,0
10:34:10,460340,batch_c_scan_6x7,17346000,23508588,0
10:34:11,460340,batch_c_scan_6x7,17494604,23508588,0
10:34:12,460340,batch_c_scan_6x7,17704168,23508588,0
10:34:13,460340,batch_c_scan_6x7,17854068,23508588,0
10:34:14,460340,batch_c_scan_6x7,16400976,23508588,0
10:34:15,460340,batch_c_scan_6x7,17542820,23508588,0
10:34:16,460340,batch_c_scan_6x7,17932336,23508588,0
10:34:17,460340,batch_c_scan_6x7,18426028,23508588,0
10:34:18,460340,batch_c_scan_6x7,24842468,24863596,0
10:34:19,460340,batch_c_scan_6x7,29971780,30032852,0
10:34:20,460340,batch_c_scan_6x7,33186708,33207996,0
10:34:21,460340,batch_c_scan_6x7,36167504,36178048,0
10:34:22,460340,batch_c_scan_6x7,39728500,40041304,0
10:34:23,460340,batch_c_scan_6x7,42997212,43000896,0
10:34:24,460340,batch_c_scan_6x7,45537092,45539080,318100
10:34:25,460340,batch_c_scan_6x7,45390456,45539080,1475352
10:34:26,460340,batch_c_scan_6x7,45195800,45539080,2705316
10:34:27,460340,batch_c_scan_6x7,44983236,45539080,4084536
10:34:28,460340,batch_c_scan_6x7,44569296,45539080,5913560
10:34:29,460340,batch_c_scan_6x7,44457120,45539080,6459920
10:34:30,460340,batch_c_scan_6x7,44655732,45539080,6946480
10:34:31,460340,batch_c_scan_6x7,43964664,45539080,7620908
10:34:32,460340,batch_c_scan_6x7,43087956,45539080,7642928
10:34:33,460340,batch_c_scan_6x7,44009908,45539080,7039572
10:34:34,460340,batch_c_scan_6x7,44553704,45539080,6787248
10:34:35,460340,batch_c_scan_6x7,44492088,45539080,8248260
10:34:37,460340,batch_c_scan_6x7,44273656,45539080,9647896
10:34:38,460340,batch_c_scan_6x7,44067740,45539080,11137652
10:34:39,460340,batch_c_scan_6x7,43951004,45539080,11665928
10:34:40,460340,batch_c_scan_6x7,43935380,45539080,12162136
10:34:41,460340,batch_c_scan_6x7,43842580,45539080,12637876
10:34:42,460340,batch_c_scan_6x7,43707312,45539080,13215816
10:34:43,460340,batch_c_scan_6x7,43644608,45539080,13438036
10:34:44,460340,batch_c_scan_6x7,43450968,45539080,14006864
10:34:45,460340,batch_c_scan_6x7,43217932,45539080,14449544
10:34:46,460340,batch_c_scan_6x7,43321252,45539080,14650600
10:34:47,460340,batch_c_scan_6x7,43362824,45539080,14761520
10:34:48,460340,batch_c_scan_6x7,42888864,45539080,15401868
10:34:49,460340,batch_c_scan_6x7,43233088,45539080,15387460
10:34:50,460340,batch_c_scan_6x7,42986736,45539080,15638324
10:34:51,460340,batch_c_scan_6x7,42761800,45539080,16218232
10:34:52,460340,batch_c_scan_6x7,42555188,45539080,16211876
10:34:53,460340,batch_c_scan_6x7,42862584,45539080,16205612
10:34:54,460340,batch_c_scan_6x7,42704568,45539080,16150628
10:34:55,460340,batch_c_scan_6x7,42847132,45539080,16248644
10:34:56,460340,batch_c_scan_6x7,42725916,45539080,16098064
10:34:57,460340,batch_c_scan_6x7,42972792,45539080,16154132
10:34:58,460340,batch_c_scan_6x7,42889820,45539080,16060708
10:34:59,460340,batch_c_scan_6x7,43109124,45539080,16047480
10:35:00,460340,batch_c_scan_6x7,42719368,45539080,16117756
10:35:01,460340,batch_c_scan_6x7,42851012,45539080,16276208
10:35:02,460340,batch_c_scan_6x7,42542164,45539080,16265580
10:35:03,460340,batch_c_scan_6x7,42924984,45539080,16261024
10:35:04,460340,batch_c_scan_6x7,42527272,45539080,16232788
10:35:05,460340,batch_c_scan_6x7,42759644,45539080,16397028
10:35:06,460340,batch_c_scan_6x7,42489788,45539080,16347348
10:35:07,460340,batch_c_scan_6x7,42960228,45539080,16346088
10:35:08,460340,batch_c_scan_6x7,42853200,45539080,16310404
10:35:09,460340,batch_c_scan_6x7,43141140,45539080,16327408
10:35:10,460340,batch_c_scan_6x7,42819916,45539080,16293096
10:35:11,460340,batch_c_scan_6x7,42935936,45539080,16871764
10:35:12,460340,batch_c_scan_6x7,42846008,45539080,16867852
10:35:13,460340,batch_c_scan_6x7,43171520,45539080,16769916
10:35:14,460340,batch_c_scan_6x7,42922988,45539080,16907752
10:35:15,460340,batch_c_scan_6x7,43123192,45539080,17094632
10:35:17,460340,batch_c_scan_6x7,42921404,45539080,17176164
10:35:18,460340,batch_c_scan_6x7,42605952,45539080,17434208
10:35:19,460340,batch_c_scan_6x7,42345748,45539080,17418616
10:35:20,460340,batch_c_scan_6x7,42751776,45539080,17404452
10:35:21,460340,batch_c_scan_6x7,42602040,45539080,17559284
10:35:22,460340,batch_c_scan_6x7,42615584,45539080,17858020
10:35:23,460340,batch_c_scan_6x7,42595520,45539080,17722500
10:35:24,460340,batch_c_scan_6x7,42436924,45539080,17668932
10:35:25,460340,batch_c_scan_6x7,42587540,45539080,17761440
10:35:26,460340,batch_c_scan_6x7,42844136,45539080,17683596
10:35:27,460340,batch_c_scan_6x7,42636184,45539080,17786888
10:35:28,460340,batch_c_scan_6x7,42659920,45539080,18005772
10:35:29,460340,batch_c_scan_6x7,42684636,45539080,17992980
10:35:30,460340,batch_c_scan_6x7,42565260,45539080,18130096
10:35:31,460340,batch_c_scan_6x7,42582972,45539080,18090356
10:35:32,460340,batch_c_scan_6x7,42383632,45539080,18077148
10:35:33,460340,batch_c_scan_6x7,42901332,45539080,18255456
10:35:34,460340,batch_c_scan_6x7,43023256,45539080,18555972
10:35:35,460340,batch_c_scan_6x7,42235280,45539080,18862200
10:35:36,460340,batch_c_scan_6x7,42490476,45539080,18745300
10:35:37,460340,batch_c_scan_6x7,42147532,45539080,18740508
10:35:38,460340,batch_c_scan_6x7,42531464,45539080,18735660
10:35:39,460340,batch_c_scan_6x7,42380252,45539080,18718688
10:35:40,460340,batch_c_scan_6x7,42753644,45539080,18489672
10:35:41,460340,batch_c_scan_6x7,41252488,45539080,17804352
10:35:42,460340,batch_c_scan_6x7,38101416,45539080,16466396
10:35:43,460340,batch_c_scan_6x7,33409652,45539080,15553496
10:35:44,460340,batch_c_scan_6x7,31436184,45539080,14537868
10:35:45,460340,batch_c_scan_6x7,28996460,45539080,13185144
10:35:46,460340,batch_c_scan_6x7,25574628,45539080,11378956
10:35:47,460340,batch_c_scan_6x7,22097376,45539080,9936012
10:35:48,460340,batch_c_scan_6x7,18051452,45539080,9127440
10:35:49,460340,batch_c_scan_6x7,17629404,45539080,8048420
10:35:50,460340,batch_c_scan_6x7,18590724,45539080,7088416
10:35:51,460340,batch_c_scan_6x7,18187992,45539080,6925648
10:35:52,460340,batch_c_scan_6x7,18188072,45539080,6925568
10:35:53,460340,batch_c_scan_6x7,18188072,45539080,6925568
10:35:54,460340,batch_c_scan_6x7,18188076,45539080,6925564
10:35:55,460340,batch_c_scan_6x7,18188076,45539080,6925564
10:35:56,460340,batch_c_scan_6x7,18188076,45539080,6925564
10:35:57,460340,batch_c_scan_6x7,18188076,45539080,6925564
10:35:58,460340,batch_c_scan_6x7,18188076,45539080,6925564
10:35:59,460340,batch_c_scan_6x7,18188076,45539080,6925564
10:36:00,460340,batch_c_scan_6x7,18188076,45539080,6925564
10:36:01,460340,batch_c_scan_6x7,18188080,45539080,6925560
10:36:02,460340,batch_c_scan_6x7,18188080,45539080,6925560
10:36:03,460340,batch_c_scan_6x7,18188080,45539080,6925560
10:36:04,460340,batch_c_scan_6x7,18188080,45539080,6925560
10:36:06,460340,batch_c_scan_6x7,18188080,45539080,6925560
10:36:07,460340,batch_c_scan_6x7,18188080,45539080,6925560
10:36:08,460340,batch_c_scan_6x7,18188080,45539080,6925560
10:36:09,460340,batch_c_scan_6x7,18188080,45539080,6925560
10:36:10,460340,batch_c_scan_6x7,18188080,45539080,6925560
10:36:11,460340,batch_c_scan_6x7,18188084,45539080,6925556
10:36:12,460340,batch_c_scan_6x7,18188084,45539080,6925556
10:36:13,460340,batch_c_scan_6x7,18188084,45539080,6925556
10:36:14,460340,batch_c_scan_6x7,18188084,45539080,6925556
10:36:15,460340,batch_c_scan_6x7,18188084,45539080,6925556
10:36:16,460340,batch_c_scan_6x7,18188084,45539080,6925556
10:36:17,460340,batch_c_scan_6x7,18188084,45539080,6925556
10:36:18,460340,batch_c_scan_6x7,18188084,45539080,6925556
10:36:19,460340,batch_c_scan_6x7,18188084,45539080,6925556
10:36:20,460340,batch_c_scan_6x7,18188084,45539080,6925556
10:36:21,460340,batch_c_scan_6x7,18188084,45539080,6925556
10:36:22,460340,batch_c_scan_6x7,18190564,45539080,6923380
10:36:23,460340,batch_c_scan_6x7,18190564,45539080,6923380
10:36:24,460340,batch_c_scan_6x7,18190564,45539080,6923380
10:36:25,460340,batch_c_scan_6x7,18190564,45539080,6923380
10:36:26,460340,batch_c_scan_6x7,18190564,45539080,6923380
10:36:27,460340,batch_c_scan_6x7,18190564,45539080,6923380
10:36:28,460340,batch_c_scan_6x7,18190564,45539080,6923380
10:36:29,460340,batch_c_scan_6x7,18190564,45539080,6923380
10:36:30,460340,batch_c_scan_6x7,18190564,45539080,6923380
10:36:31,460340,batch_c_scan_6x7,18190564,45539080,6923380
10:36:32,460340,batch_c_scan_6x7,18190564,45539080,6923380
10:36:33,460340,batch_c_scan_6x7,18190564,45539080,6923380
10:36:34,460340,batch_c_scan_6x7,18190564,45539080,6923380
10:36:35,460340,batch_c_scan_6x7,18190564,45539080,6923380
10:36:36,460340,batch_c_scan_6x7,18190564,45539080,6923380
10:36:37,460340,batch_c_scan_6x7,18190564,45539080,6923380
10:36:38,460340,batch_c_scan_6x7,18190564,45539080,6923380
10:36:39,460340,batch_c_scan_6x7,18190564,45539080,6923380
10:36:40,460340,batch_c_scan_6x7,18190564,45539080,6923380
10:36:41,460340,batch_c_scan_6x7,18190564,45539080,6923380
10:36:42,460340,batch_c_scan_6x7,18190564,45539080,6923380
10:36:43,460340,batch_c_scan_6x7,18190564,45539080,6923380
10:36:44,460340,batch_c_scan_6x7,18190564,45539080,6923380
10:36:45,460340,batch_c_scan_6x7,18190564,45539080,6923380
10:36:46,460340,batch_c_scan_6x7,18191264,45539080,6922680
10:36:47,460340,batch_c_scan_6x7,18191268,45539080,6922676
10:36:48,460340,batch_c_scan_6x7,18191268,45539080,6922676
10:36:49,460340,batch_c_scan_6x7,18191268,45539080,6922676
10:36:50,460340,batch_c_scan_6x7,18191276,45539080,6922668
10:36:51,460340,batch_c_scan_6x7,18191276,45539080,6922668
10:36:52,460340,batch_c_scan_6x7,18191612,45539080,6922332
10:36:53,460340,batch_c_scan_6x7,18191612,45539080,6922332
10:36:54,460340,batch_c_scan_6x7,18191612,45539080,6922332
10:36:55,460340,batch_c_scan_6x7,18191612,45539080,6922332
10:36:56,460340,batch_c_scan_6x7,18191612,45539080,6922332
10:36:57,460340,batch_c_scan_6x7,18191612,45539080,6922332
10:36:58,460340,batch_c_scan_6x7,18191612,45539080,6922332
10:37:00,460340,batch_c_scan_6x7,18191612,45539080,6922332
10:37:01,460340,batch_c_scan_6x7,18191612,45539080,6922332
10:37:02,460340,batch_c_scan_6x7,18191612,45539080,6922332
10:37:03,460340,batch_c_scan_6x7,18191612,45539080,6922332
10:37:04,460340,batch_c_scan_6x7,18191612,45539080,6922332
10:37:05,460340,batch_c_scan_6x7,18191616,45539080,6922328
10:37:06,460340,batch_c_scan_6x7,18191620,45539080,6922324
10:37:07,460340,batch_c_scan_6x7,18191620,45539080,6922324
10:37:08,460340,batch_c_scan_6x7,18191620,45539080,6922324
10:37:09,460340,batch_c_scan_6x7,18192512,45539080,6921464
10:37:10,460340,batch_c_scan_6x7,18193008,45539080,6920968
10:37:11,460340,batch_c_scan_6x7,18193008,45539080,6920968
10:37:12,460340,batch_c_scan_6x7,18193008,45539080,6920968
10:37:13,460340,batch_c_scan_6x7,18193008,45539080,6920968
10:37:14,460340,batch_c_scan_6x7,18193012,45539080,6920964
10:37:15,460340,batch_c_scan_6x7,18193012,45539080,6920964
10:37:16,460340,batch_c_scan_6x7,18193016,45539080,6920960
10:37:17,460340,batch_c_scan_6x7,18193016,45539080,6920960
10:37:18,460340,batch_c_scan_6x7,18193020,45539080,6920956
10:37:19,460340,batch_c_scan_6x7,18193024,45539080,6920952
10:37:20,460340,batch_c_scan_6x7,18193024,45539080,6920952
10:37:21,460340,batch_c_scan_6x7,18193024,45539080,6920952
10:37:22,460340,batch_c_scan_6x7,18193040,45539080,6920936
10:37:23,460340,batch_c_scan_6x7,18193040,45539080,6920936
10:37:24,460340,batch_c_scan_6x7,18193040,45539080,6920936
10:37:25,460340,batch_c_scan_6x7,18193040,45539080,6920936
10:37:26,460340,batch_c_scan_6x7,18193040,45539080,6920936
10:37:27,460340,batch_c_scan_6x7,18193040,45539080,6920936
10:37:28,460340,batch_c_scan_6x7,18193040,45539080,6920936
10:37:29,460340,batch_c_scan_6x7,18193040,45539080,6920936
10:37:30,460340,batch_c_scan_6x7,18193040,45539080,6920936
10:37:31,460340,batch_c_scan_6x7,18193040,45539080,6920936
10:37:32,460340,batch_c_scan_6x7,18193040,45539080,6920936
10:37:33,460340,batch_c_scan_6x7,18193040,45539080,6920936
10:37:34,460340,batch_c_scan_6x7,18193040,45539080,6920932
10:37:35,460340,batch_c_scan_6x7,18193044,45539080,6920932
10:37:36,460340,batch_c_scan_6x7,18193044,45539080,6920932
10:37:37,460340,batch_c_scan_6x7,18193080,45539080,6920896
10:37:38,460340,batch_c_scan_6x7,18193080,45539080,6920896
10:37:39,460340,batch_c_scan_6x7,18193080,45539080,6920896
10:37:40,460340,batch_c_scan_6x7,18193080,45539080,6920896
10:37:41,460340,batch_c_scan_6x7,18193864,45539080,6920112
10:37:42,460340,batch_c_scan_6x7,18194232,45539080,6919744
10:37:43,460340,batch_c_scan_6x7,18194272,45539080,6919704
10:37:44,460340,batch_c_scan_6x7,18194272,45539080,6919704
10:37:45,460340,batch_c_scan_6x7,18194272,45539080,6919704
10:37:46,460340,batch_c_scan_6x7,18194272,45539080,6919704
10:37:47,460340,batch_c_scan_6x7,18194272,45539080,6919704
10:37:48,460340,batch_c_scan_6x7,18194272,45539080,6919704
10:37:49,460340,batch_c_scan_6x7,18194272,45539080,6919704
10:37:50,460340,batch_c_scan_6x7,18194272,45539080,6919704
10:37:51,460340,batch_c_scan_6x7,18194524,45539080,6919452
10:37:52,460340,batch_c_scan_6x7,18194524,45539080,6919452
10:37:54,460340,batch_c_scan_6x7,18194524,45539080,6919452
10:37:55,460340,batch_c_scan_6x7,18194524,45539080,6919452
10:37:56,460340,batch_c_scan_6x7,18194524,45539080,6919452
10:37:57,460340,batch_c_scan_6x7,18194524,45539080,6919452
10:37:58,460340,batch_c_scan_6x7,18194524,45539080,6919452
10:37:59,460340,batch_c_scan_6x7,18194524,45539080,6919452
10:38:00,460340,batch_c_scan_6x7,18194524,45539080,6919452
10:38:01,460340,batch_c_scan_6x7,18194660,45539080,6919316
10:38:02,460340,batch_c_scan_6x7,18194700,45539080,6919276
10:38:03,460340,batch_c_scan_6x7,18194780,45539080,6919196
10:38:04,460340,batch_c_scan_6x7,18195396,45539080,6918580
10:38:05,460340,batch_c_scan_6x7,18196080,45539080,6917896
10:38:06,460340,batch_c_scan_6x7,18196084,45539080,6917892
10:38:07,460340,batch_c_scan_6x7,18196088,45539080,6917888
10:38:08,460340,batch_c_scan_6x7,18196088,45539080,6917888
10:38:09,460340,batch_c_scan_6x7,18196104,45539080,6917872
10:38:10,460340,batch_c_scan_6x7,18196104,45539080,6917872
10:38:11,460340,batch_c_scan_6x7,18196108,45539080,6917868
10:38:12,460340,batch_c_scan_6x7,18196108,45539080,6917868
10:38:13,460340,batch_c_scan_6x7,18196108,45539080,6917868
10:38:14,460340,batch_c_scan_6x7,18196640,45539080,6917336
10:38:15,460340,batch_c_scan_6x7,18197368,45539080,6916608
10:38:16,460340,batch_c_scan_6x7,18197368,45539080,6916608
10:38:17,460340,batch_c_scan_6x7,18197368,45539080,6916608
10:38:18,460340,batch_c_scan_6x7,18197368,45539080,6916608
10:38:19,460340,batch_c_scan_6x7,18197368,45539080,6916608
10:38:20,460340,batch_c_scan_6x7,18197368,45539080,6916608
10:38:21,460340,batch_c_scan_6x7,18197368,45539080,6916608
10:38:22,460340,batch_c_scan_6x7,18197368,45539080,6916608
10:38:23,460340,batch_c_scan_6x7,18197368,45539080,6916608
10:38:24,460340,batch_c_scan_6x7,18197368,45539080,6916608
10:38:25,460340,batch_c_scan_6x7,18197368,45539080,6916608
10:38:26,460340,batch_c_scan_6x7,18197368,45539080,6916608
10:38:27,460340,batch_c_scan_6x7,18197368,45539080,6916608
10:38:28,460340,batch_c_scan_6x7,18197368,45539080,6916608
10:38:29,460340,batch_c_scan_6x7,18197368,45539080,6916608
10:38:30,460340,batch_c_scan_6x7,18197368,45539080,6916608
10:38:31,460340,batch_c_scan_6x7,18197368,45539080,6916608
10:38:32,460340,batch_c_scan_6x7,18197368,45539080,6916608
10:38:33,460340,batch_c_scan_6x7,18197368,45539080,6916608
10:38:34,460340,batch_c_scan_6x7,18197368,45539080,6916608
10:38:35,460340,batch_c_scan_6x7,18197372,45539080,6916604
10:38:36,460340,batch_c_scan_6x7,18197372,45539080,6916604
10:38:37,460340,batch_c_scan_6x7,18197372,45539080,6916604
10:38:38,460340,batch_c_scan_6x7,18197372,45539080,6916604
10:38:39,460340,batch_c_scan_6x7,18197372,45539080,6916604
10:38:40,460340,batch_c_scan_6x7,18197372,45539080,6916604
10:38:41,460340,batch_c_scan_6x7,18197372,45539080,6916604
10:38:42,460340,batch_c_scan_6x7,18197372,45539080,6916604
10:38:43,460340,batch_c_scan_6x7,18197372,45539080,6916604
10:38:44,460340,batch_c_scan_6x7,18197372,45539080,6916604
10:38:45,460340,batch_c_scan_6x7,18197372,45539080,6916604
10:38:46,460340,batch_c_scan_6x7,18197372,45539080,6916604
10:38:48,460340,batch_c_scan_6x7,18197532,45539080,6916444
10:38:49,460340,batch_c_scan_6x7,18197532,45539080,6916444
10:38:50,460340,batch_c_scan_6x7,18197532,45539080,6916444
10:38:51,460340,batch_c_scan_6x7,18197532,45539080,6916444
10:38:52,460340,batch_c_scan_6x7,18197532,45539080,6916444
10:38:53,460340,batch_c_scan_6x7,18197532,45539080,6916444
10:38:54,460340,batch_c_scan_6x7,18197532,45539080,6916444
10:38:55,460340,batch_c_scan_6x7,18197556,45539080,6916444
10:38:56,460340,batch_c_scan_6x7,18198648,45539080,6915376
10:38:57,460340,batch_c_scan_6x7,18198732,45539080,6915292
10:38:58,460340,batch_c_scan_6x7,18198732,45539080,6915292
10:38:59,460340,batch_c_scan_6x7,18198732,45539080,6915292
10:39:00,460340,batch_c_scan_6x7,18198732,45539080,6915292
10:39:01,460340,batch_c_scan_6x7,18198732,45539080,6915292
10:39:02,460340,batch_c_scan_6x7,18198732,45539080,6915292
10:39:03,460340,batch_c_scan_6x7,18198732,45539080,6915292
10:39:04,460340,batch_c_scan_6x7,18198732,45539080,6915292
10:39:05,460340,batch_c_scan_6x7,18198812,45539080,6915212
10:39:06,460340,batch_c_scan_6x7,18198952,45539080,6915072
10:39:07,460340,batch_c_scan_6x7,18198952,45539080,6915072
10:39:08,460340,batch_c_scan_6x7,18198952,45539080,6915072
10:39:09,460340,batch_c_scan_6x7,18198952,45539080,6915072
10:39:10,460340,batch_c_scan_6x7,18199220,45539080,6914804
10:39:11,460340,batch_c_scan_6x7,18199332,45539080,6914692
10:39:12,460340,batch_c_scan_6x7,18199332,45539080,6914692
10:39:13,460340,batch_c_scan_6x7,18199332,45539080,6914692
10:39:14,460340,batch_c_scan_6x7,18199332,45539080,6914692
10:39:15,460340,batch_c_scan_6x7,18199332,45539080,6914692
10:39:16,460340,batch_c_scan_6x7,18199332,45539080,6914692
10:39:17,460340,batch_c_scan_6x7,18199332,45539080,6914692
10:39:18,460340,batch_c_scan_6x7,18199332,45539080,6914692
10:39:19,460340,batch_c_scan_6x7,18199332,45539080,6914692
10:39:20,460340,batch_c_scan_6x7,18199332,45539080,6914692
10:39:21,460340,batch_c_scan_6x7,18199332,45539080,6914692
10:39:22,460340,batch_c_scan_6x7,18199600,45539080,6914424
10:39:23,460340,batch_c_scan_6x7,18199600,45539080,6914424
10:39:24,460340,batch_c_scan_6x7,18199600,45539080,6914424
10:39:25,460340,batch_c_scan_6x7,18199600,45539080,6914424
10:39:26,460340,batch_c_scan_6x7,18199600,45539080,6914424
10:39:27,460340,batch_c_scan_6x7,18199600,45539080,6914424
10:39:28,460340,batch_c_scan_6x7,18199600,45539080,6914424
10:39:29,460340,batch_c_scan_6x7,18199600,45539080,6914424
10:39:30,460340,batch_c_scan_6x7,18199600,45539080,6914424
10:39:31,460340,batch_c_scan_6x7,18199600,45539080,6914424
10:39:32,460340,batch_c_scan_6x7,18199600,45539080,6914424
10:39:33,460340,batch_c_scan_6x7,18199600,45539080,6914424
10:39:34,460340,batch_c_scan_6x7,18199600,45539080,6914424
10:39:35,460340,batch_c_scan_6x7,18199600,45539080,6914424
10:39:36,460340,batch_c_scan_6x7,18199600,45539080,6914424
10:39:37,460340,batch_c_scan_6x7,18199988,45539080,6914036
10:39:38,460340,batch_c_scan_6x7,18199988,45539080,6914036
10:39:39,460340,batch_c_scan_6x7,18199992,45539080,6914032
10:39:40,460340,batch_c_scan_6x7,18199992,45539080,6914032
10:39:42,460340,batch_c_scan_6x7,18199992,45539080,6914032
10:39:43,460340,batch_c_scan_6x7,18199992,45539080,6914032
10:39:44,460340,batch_c_scan_6x7,18199996,45539080,6914028
10:39:45,460340,batch_c_scan_6x7,18199996,45539080,6914028
10:39:46,460340,batch_c_scan_6x7,18199996,45539080,6914028
10:39:47,460340,batch_c_scan_6x7,18199996,45539080,6914028
10:39:48,460340,batch_c_scan_6x7,18200000,45539080,6914024
10:39:49,460340,batch_c_scan_6x7,18200000,45539080,6914024
10:39:50,460340,batch_c_scan_6x7,18200000,45539080,6914024
10:39:51,460340,batch_c_scan_6x7,18200004,45539080,6914020
10:39:52,460340,batch_c_scan_6x7,18200004,45539080,6914020
10:39:53,460340,batch_c_scan_6x7,18200004,45539080,6914020
10:39:54,460340,batch_c_scan_6x7,18200004,45539080,6914020
10:39:55,460340,batch_c_scan_6x7,18200004,45539080,6914020
10:39:56,460340,batch_c_scan_6x7,18200004,45539080,6914020
10:39:57,460340,batch_c_scan_6x7,18200004,45539080,6914020
10:39:58,460340,batch_c_scan_6x7,18200024,45539080,6914000
10:39:59,460340,batch_c_scan_6x7,18200024,45539080,6914000
10:40:00,460340,batch_c_scan_6x7,18200024,45539080,6914000
10:40:01,460340,batch_c_scan_6x7,18200024,45539080,6914000
10:40:02,460340,batch_c_scan_6x7,18200028,45539080,6913996
10:40:03,460340,batch_c_scan_6x7,18200028,45539080,6913996
10:40:04,460340,batch_c_scan_6x7,18200028,45539080,6913996
10:40:05,460340,batch_c_scan_6x7,18200032,45539080,6913992
10:40:06,460340,batch_c_scan_6x7,18200032,45539080,6913992
10:40:07,460340,batch_c_scan_6x7,18200032,45539080,6913992
10:40:08,460340,batch_c_scan_6x7,18200032,45539080,6913992
10:40:09,460340,batch_c_scan_6x7,18200036,45539080,6913988
10:40:10,460340,batch_c_scan_6x7,18200036,45539080,6913988
10:40:11,460340,batch_c_scan_6x7,18200036,45539080,6913988
10:40:12,460340,batch_c_scan_6x7,18200036,45539080,6913988
10:40:13,460340,batch_c_scan_6x7,18200040,45539080,6913984
10:40:14,460340,batch_c_scan_6x7,18200040,45539080,6913984
10:40:15,460340,batch_c_scan_6x7,18200040,45539080,6913984
10:40:16,460340,batch_c_scan_6x7,18200044,45539080,6913980
10:40:17,460340,batch_c_scan_6x7,18200044,45539080,6913980
10:40:18,460340,batch_c_scan_6x7,18200048,45539080,6913976
10:40:19,460340,batch_c_scan_6x7,18200916,45539080,6913108
10:40:20,460340,batch_c_scan_6x7,18200916,45539080,6913108
10:40:21,460340,batch_c_scan_6x7,18200916,45539080,6913108
10:40:22,460340,batch_c_scan_6x7,18201796,45539080,6912228
10:40:23,460340,batch_c_scan_6x7,18201800,45539080,6912224
10:40:24,460340,batch_c_scan_6x7,18201804,45539080,6912220
10:40:25,460340,batch_c_scan_6x7,18201804,45539080,6912220
10:40:26,460340,batch_c_scan_6x7,18201808,45539080,6912216
10:40:27,460340,batch_c_scan_6x7,18201808,45539080,6912216
10:40:28,460340,batch_c_scan_6x7,18201812,45539080,6912212
10:40:29,460340,batch_c_scan_6x7,18201812,45539080,6912212
10:40:30,460340,batch_c_scan_6x7,18201812,45539080,6912212
10:40:31,460340,batch_c_scan_6x7,18201816,45539080,6912208
10:40:32,460340,batch_c_scan_6x7,18201820,45539080,6912204
10:40:33,460340,batch_c_scan_6x7,18201820,45539080,6912204
10:40:34,460340,batch_c_scan_6x7,18201824,45539080,6912200
10:40:35,460340,batch_c_scan_6x7,18201824,45539080,6912200
10:40:37,460340,batch_c_scan_6x7,18201828,45539080,6912196
10:40:38,460340,batch_c_scan_6x7,18201828,45539080,6912196
10:40:39,460340,batch_c_scan_6x7,18201828,45539080,6912196
10:40:40,460340,batch_c_scan_6x7,18202832,45539080,6911192
10:40:41,460340,batch_c_scan_6x7,18202836,45539080,6911188
10:40:42,460340,batch_c_scan_6x7,18202836,45539080,6911188
10:40:43,460340,batch_c_scan_6x7,18203020,45539080,6911004
10:40:44,460340,batch_c_scan_6x7,18203796,45539080,6910228
10:40:45,460340,batch_c_scan_6x7,18203800,45539080,6910224
10:40:46,460340,batch_c_scan_6x7,18203800,45539080,6910224
10:40:47,460340,batch_c_scan_6x7,18203800,45539080,6910224
10:40:48,460340,batch_c_scan_6x7,18203808,45539080,6910216
10:40:49,460340,batch_c_scan_6x7,18203808,45539080,6910216
10:40:50,460340,batch_c_scan_6x7,18203808,45539080,6910216
10:40:51,460340,batch_c_scan_6x7,18203808,45539080,6910216
10:40:52,460340,batch_c_scan_6x7,18203932,45539080,6910092
10:40:53,460340,batch_c_scan_6x7,18203932,45539080,6910092
10:40:54,460340,batch_c_scan_6x7,18203932,45539080,6910092
10:40:55,460340,batch_c_scan_6x7,18203932,45539080,6910092
10:40:56,460340,batch_c_scan_6x7,18203936,45539080,6910088
10:40:57,460340,batch_c_scan_6x7,18203936,45539080,6910088
10:40:58,460340,batch_c_scan_6x7,18203936,45539080,6910088
10:40:59,460340,batch_c_scan_6x7,18203936,45539080,6910088
10:41:00,460340,batch_c_scan_6x7,18204260,45539080,6909764
10:41:01,460340,batch_c_scan_6x7,18204260,45539080,6909764
10:41:02,460340,batch_c_scan_6x7,18204260,45539080,6909764
10:41:03,460340,batch_c_scan_6x7,18204260,45539080,6909764
10:41:04,460340,batch_c_scan_6x7,18204264,45539080,6909760
10:41:05,460340,batch_c_scan_6x7,18204688,45539080,6909336
10:41:06,460340,batch_c_scan_6x7,18204688,45539080,6909336
10:41:07,460340,batch_c_scan_6x7,18204704,45539080,6909320
10:41:08,460340,batch_c_scan_6x7,18204708,45539080,6909316
10:41:09,460340,batch_c_scan_6x7,18204708,45539080,6909316
10:41:10,460340,batch_c_scan_6x7,18204708,45539080,6909316
10:41:11,460340,batch_c_scan_6x7,18204708,45539080,6909316
10:41:12,460340,batch_c_scan_6x7,18204712,45539080,6909312
10:41:13,460340,batch_c_scan_6x7,18204712,45539080,6909312
10:41:14,460340,batch_c_scan_6x7,18204712,45539080,6909312
10:41:15,460340,batch_c_scan_6x7,18204712,45539080,6909312
10:41:16,460340,batch_c_scan_6x7,18204716,45539080,6909308
10:41:17,460340,batch_c_scan_6x7,18204716,45539080,6909308
10:41:18,460340,batch_c_scan_6x7,18205636,45539080,6908388
10:41:19,460340,batch_c_scan_6x7,18205640,45539080,6908384
10:41:20,460340,batch_c_scan_6x7,18205640,45539080,6908384
10:41:21,460340,batch_c_scan_6x7,18205644,45539080,6908380
10:41:22,460340,batch_c_scan_6x7,18205644,45539080,6908380
10:41:23,460340,batch_c_scan_6x7,18205644,45539080,6908380
10:41:24,460340,batch_c_scan_6x7,18205648,45539080,6908376
10:41:25,460340,batch_c_scan_6x7,18205648,45539080,6908376
10:41:26,460340,batch_c_scan_6x7,18205648,45539080,6908376
10:41:27,460340,batch_c_scan_6x7,18205648,45539080,6908376
10:41:28,460340,batch_c_scan_6x7,18205648,45539080,6908376
10:41:29,460340,batch_c_scan_6x7,18205652,45539080,6908372
10:41:30,460340,batch_c_scan_6x7,18205652,45539080,6908372
10:41:32,460340,batch_c_scan_6x7,18205956,45539080,6908068
10:41:33,460340,batch_c_scan_6x7,18205956,45539080,6908068
10:41:34,460340,batch_c_scan_6x7,18205960,45539080,6908064
10:41:35,460340,batch_c_scan_6x7,18206240,45539080,6907784
10:41:36,460340,batch_c_scan_6x7,18206240,45539080,6907784
10:41:37,460340,batch_c_scan_6x7,18206244,45539080,6907780
10:41:38,460340,batch_c_scan_6x7,18206352,45539080,6907672
10:41:39,460340,batch_c_scan_6x7,18206352,45539080,6907672
10:41:40,460340,batch_c_scan_6x7,18206352,45539080,6907672
10:41:41,460340,batch_c_scan_6x7,18206356,45539080,6907668
10:41:42,460340,batch_c_scan_6x7,18206356,45539080,6907668
10:41:43,460340,batch_c_scan_6x7,18206356,45539080,6907668
10:41:44,460340,batch_c_scan_6x7,18206356,45539080,6907668
10:41:45,460340,batch_c_scan_6x7,18206360,45539080,6907664
10:41:46,460340,batch_c_scan_6x7,18206360,45539080,6907664
10:41:47,460340,batch_c_scan_6x7,18206360,45539080,6907664
10:41:48,460340,batch_c_scan_6x7,18206360,45539080,6907664
10:41:49,460340,batch_c_scan_6x7,18206360,45539080,6907664
10:41:50,460340,batch_c_scan_6x7,18207284,45539080,6906740
10:41:51,460340,batch_c_scan_6x7,18207284,45539080,6906740
10:41:52,460340,batch_c_scan_6x7,18207284,45539080,6906740
10:41:53,460340,batch_c_scan_6x7,18207284,45539080,6906740
10:41:54,460340,batch_c_scan_6x7,18207284,45539080,6906740
10:41:55,460340,batch_c_scan_6x7,18207284,45539080,6906740
10:41:56,460340,batch_c_scan_6x7,18207284,45539080,6906740
10:41:57,460340,batch_c_scan_6x7,18207284,45539080,6906740
10:41:58,460340,batch_c_scan_6x7,18207400,45539080,6906624
10:41:59,460340,batch_c_scan_6x7,18207400,45539080,6906624
10:42:00,460340,batch_c_scan_6x7,18207400,45539080,6906624
10:42:01,460340,batch_c_scan_6x7,18207400,45539080,6906624
10:42:02,460340,batch_c_scan_6x7,18207400,45539080,6906624
10:42:03,460340,batch_c_scan_6x7,18207400,45539080,6906624
10:42:04,460340,batch_c_scan_6x7,18207400,45539080,6906624
10:42:05,460340,batch_c_scan_6x7,18207400,45539080,6906624
10:42:06,460340,batch_c_scan_6x7,18207400,45539080,6906624
10:42:07,460340,batch_c_scan_6x7,18207400,45539080,6906624
10:42:08,460340,batch_c_scan_6x7,18207400,45539080,6906624
10:42:09,460340,batch_c_scan_6x7,18207400,45539080,6906624
10:42:10,460340,batch_c_scan_6x7,18207400,45539080,6906624
10:42:11,460340,batch_c_scan_6x7,18207400,45539080,6906624
10:42:12,460340,batch_c_scan_6x7,18207400,45539080,6906624
10:42:13,460340,batch_c_scan_6x7,18207400,45539080,6906624
10:42:14,460340,batch_c_scan_6x7,18207400,45539080,6906624
10:42:15,460340,batch_c_scan_6x7,18207400,45539080,6906624
10:42:16,460340,batch_c_scan_6x7,18207400,45539080,6906624
10:42:17,460340,batch_c_scan_6x7,18207400,45539080,6906624
10:42:18,460340,batch_c_scan_6x7,18207400,45539080,6906624
10:42:19,460340,batch_c_scan_6x7,18207400,45539080,6906624
10:42:20,460340,batch_c_scan_6x7,18207400,45539080,6906624
10:42:21,460340,batch_c_scan_6x7,18207400,45539080,6906624
10:42:22,460340,batch_c_scan_6x7,18207400,45539080,6906624
10:42:23,460340,batch_c_scan_6x7,18207400,45539080,6906624
10:42:24,460340,batch_c_scan_6x7,18207400,45539080,6906624
10:42:26,460340,batch_c_scan_6x7,18207400,45539080,6906624
10:42:27,460340,batch_c_scan_6x7,18207400,45539080,6906624
10:42:28,460340,batch_c_scan_6x7,18207400,45539080,6906624
10:42:29,460340,batch_c_scan_6x7,18207400,45539080,6906624
10:42:30,460340,batch_c_scan_6x7,18207400,45539080,6906624
10:42:31,460340,batch_c_scan_6x7,18207400,45539080,6906624
10:42:32,460340,batch_c_scan_6x7,18207400,45539080,6906624
10:42:33,460340,batch_c_scan_6x7,18207400,45539080,6906624
10:42:34,460340,batch_c_scan_6x7,18207400,45539080,6906624
10:42:35,460340,batch_c_scan_6x7,18207400,45539080,6906624
10:42:36,460340,batch_c_scan_6x7,18207400,45539080,6906624
10:42:37,460340,batch_c_scan_6x7,18207400,45539080,6906624
10:42:38,460340,batch_c_scan_6x7,18207400,45539080,6906624
10:42:39,460340,batch_c_scan_6x7,18207400,45539080,6906624
10:42:40,460340,batch_c_scan_6x7,18207400,45539080,6906624
10:42:41,460340,batch_c_scan_6x7,18207400,45539080,6906624
10:42:42,460340,batch_c_scan_6x7,18207400,45539080,6906624
10:42:43,460340,batch_c_scan_6x7,18207400,45539080,6906624
10:42:44,460340,batch_c_scan_6x7,18207400,45539080,6906624
10:42:45,460340,batch_c_scan_6x7,18207400,45539080,6906624
10:42:46,460340,batch_c_scan_6x7,18207400,45539080,6906624
10:42:47,460340,batch_c_scan_6x7,18207400,45539080,6906624
10:42:48,460340,batch_c_scan_6x7,18207400,45539080,6906624
10:42:49,460340,batch_c_scan_6x7,18207512,45539080,6906512
10:42:50,460340,batch_c_scan_6x7,18207512,45539080,6906512
10:42:51,460340,batch_c_scan_6x7,18207512,45539080,6906512
10:42:52,460340,batch_c_scan_6x7,18207512,45539080,6906512
10:42:53,460340,batch_c_scan_6x7,18207512,45539080,6906512
10:42:54,460340,batch_c_scan_6x7,18207512,45539080,6906512
10:42:55,460340,batch_c_scan_6x7,18207512,45539080,6906512
10:42:56,460340,batch_c_scan_6x7,18207512,45539080,6906512
10:42:57,460340,batch_c_scan_6x7,18207512,45539080,6906512
10:42:58,460340,batch_c_scan_6x7,18207512,45539080,6906512
10:42:59,460340,batch_c_scan_6x7,18207512,45539080,6906512
10:43:00,460340,batch_c_scan_6x7,18207512,45539080,6906512
10:43:01,460340,batch_c_scan_6x7,18207512,45539080,6906512
10:43:02,460340,batch_c_scan_6x7,18207512,45539080,6906512
10:43:03,460340,batch_c_scan_6x7,18207512,45539080,6906512
10:43:04,460340,batch_c_scan_6x7,18207512,45539080,6906512
10:43:05,460340,batch_c_scan_6x7,18207512,45539080,6906512
10:43:06,460340,batch_c_scan_6x7,18207512,45539080,6906512
10:43:07,460340,batch_c_scan_6x7,18207512,45539080,6906512
10:43:08,460340,batch_c_scan_6x7,18207512,45539080,6906512
10:43:09,460340,batch_c_scan_6x7,18207512,45539080,6906512
10:43:10,460340,batch_c_scan_6x7,18207512,45539080,6906512
10:43:11,460340,batch_c_scan_6x7,18207512,45539080,6906512
10:43:12,460340,batch_c_scan_6x7,18207512,45539080,6906512
10:43:13,460340,batch_c_scan_6x7,18207512,45539080,6906512
10:43:14,460340,batch_c_scan_6x7,18207512,45539080,6906512
10:43:15,460340,batch_c_scan_6x7,18207512,45539080,6906512
10:43:16,460340,batch_c_scan_6x7,18207512,45539080,6906512
10:43:17,460340,batch_c_scan_6x7,18207512,45539080,6906512
10:43:18,460340,batch_c_scan_6x7,18207512,45539080,6906512
10:43:19,460340,batch_c_scan_6x7,18207512,45539080,6906512
10:43:21,460340,batch_c_scan_6x7,18207512,45539080,6906512
10:43:22,460340,batch_c_scan_6x7,18207516,45539080,6906508
10:43:23,460340,batch_c_scan_6x7,18207516,45539080,6906508
10:43:24,460340,batch_c_scan_6x7,18207516,45539080,6906508
10:43:25,460340,batch_c_scan_6x7,18207764,45539080,6906260
10:43:26,460340,batch_c_scan_6x7,18207764,45539080,6906260
10:43:27,460340,batch_c_scan_6x7,18208520,45539080,6905504
10:43:28,460340,batch_c_scan_6x7,18208520,45539080,6905504
10:43:29,460340,batch_c_scan_6x7,18208520,45539080,6905504
10:43:30,460340,batch_c_scan_6x7,18208520,45539080,6905504
10:43:31,460340,batch_c_scan_6x7,18208520,45539080,6905504
10:43:32,460340,batch_c_scan_6x7,18208520,45539080,6905504
10:43:33,460340,batch_c_scan_6x7,18208520,45539080,6905504
10:43:34,460340,batch_c_scan_6x7,18208520,45539080,6905504
10:43:35,460340,batch_c_scan_6x7,18208520,45539080,6905504
10:43:36,460340,batch_c_scan_6x7,18208520,45539080,6905504
10:43:37,460340,batch_c_scan_6x7,18208520,45539080,6905504
10:43:38,460340,batch_c_scan_6x7,18208520,45539080,6905504
10:43:39,460340,batch_c_scan_6x7,18208520,45539080,6905504
10:43:40,460340,batch_c_scan_6x7,18208520,45539080,6905504
10:43:41,460340,batch_c_scan_6x7,18208520,45539080,6905504
10:43:42,460340,batch_c_scan_6x7,18208520,45539080,6905504
10:43:43,460340,batch_c_scan_6x7,18208520,45539080,6905504
10:43:44,460340,batch_c_scan_6x7,18208544,45539080,6905480
10:43:45,460340,batch_c_scan_6x7,18208544,45539080,6905480
10:43:46,460340,batch_c_scan_6x7,18208544,45539080,6905480
10:43:47,460340,batch_c_scan_6x7,18208544,45539080,6905480
10:43:48,460340,batch_c_scan_6x7,18208544,45539080,6905480
10:43:49,460340,batch_c_scan_6x7,18208544,45539080,6905480
10:43:50,460340,batch_c_scan_6x7,18208544,45539080,6905480
10:43:51,460340,batch_c_scan_6x7,18208544,45539080,6905480
10:43:52,460340,batch_c_scan_6x7,18208544,45539080,6905480
10:43:53,460340,batch_c_scan_6x7,18208544,45539080,6905480
10:43:54,460340,batch_c_scan_6x7,18208544,45539080,6905480
10:43:55,460340,batch_c_scan_6x7,18208544,45539080,6905480
10:43:56,460340,batch_c_scan_6x7,18208544,45539080,6905480
10:43:57,460340,batch_c_scan_6x7,18208544,45539080,6905480
10:43:58,460340,batch_c_scan_6x7,18208544,45539080,6905480
10:43:59,460340,batch_c_scan_6x7,18208544,45539080,6905480
10:44:00,460340,batch_c_scan_6x7,18208544,45539080,6905480
10:44:01,460340,batch_c_scan_6x7,18208544,45539080,6905480
10:44:02,460340,batch_c_scan_6x7,18208544,45539080,6905480
10:44:03,460340,batch_c_scan_6x7,18208544,45539080,6905480
10:44:04,460340,batch_c_scan_6x7,18208544,45539080,6905480
10:44:05,460340,batch_c_scan_6x7,18208544,45539080,6905480
10:44:06,460340,batch_c_scan_6x7,18208544,45539080,6905480
10:44:07,460340,batch_c_scan_6x7,18208544,45539080,6905480
10:44:08,460340,batch_c_scan_6x7,18208544,45539080,6905480
10:44:09,460340,batch_c_scan_6x7,18208544,45539080,6905480
10:44:10,460340,batch_c_scan_6x7,18208544,45539080,6905480
10:44:11,460340,batch_c_scan_6x7,18208544,45539080,6905480
10:44:12,460340,batch_c_scan_6x7,18208544,45539080,6905480
10:44:13,460340,batch_c_scan_6x7,18208544,45539080,6905480
10:44:15,460340,batch_c_scan_6x7,18208544,45539080,6905480
10:44:16,460340,batch_c_scan_6x7,18208656,45539080,6905368
10:44:17,460340,batch_c_scan_6x7,18208656,45539080,6905368
10:44:18,460340,batch_c_scan_6x7,18208656,45539080,6905368
10:44:19,460340,batch_c_scan_6x7,18208656,45539080,6905368
10:44:20,460340,batch_c_scan_6x7,18208656,45539080,6905368
10:44:21,460340,batch_c_scan_6x7,18208656,45539080,6905368
10:44:22,460340,batch_c_scan_6x7,18208656,45539080,6905368
10:44:23,460340,batch_c_scan_6x7,18209476,45539080,6904548
10:44:24,460340,batch_c_scan_6x7,18209476,45539080,6904548
10:44:25,460340,batch_c_scan_6x7,18209476,45539080,6904548
10:44:26,460340,batch_c_scan_6x7,18209476,45539080,6904548
10:44:27,460340,batch_c_scan_6x7,18209480,45539080,6904544
10:44:28,460340,batch_c_scan_6x7,18210264,45539080,6903760
10:44:29,460340,batch_c_scan_6x7,18210264,45539080,6903760
10:44:30,460340,batch_c_scan_6x7,18210268,45539080,6903756
10:44:31,460340,batch_c_scan_6x7,18210268,45539080,6903756
10:44:32,460340,batch_c_scan_6x7,18210272,45539080,6903752
10:44:33,460340,batch_c_scan_6x7,18210272,45539080,6903752
10:44:34,460340,batch_c_scan_6x7,18210272,45539080,6903752
10:44:35,460340,batch_c_scan_6x7,18210276,45539080,6903748
10:44:36,460340,batch_c_scan_6x7,18210280,45539080,6903744
10:44:37,460340,batch_c_scan_6x7,18210280,45539080,6903744
10:44:38,460340,batch_c_scan_6x7,18210280,45539080,6903744
10:44:39,460340,batch_c_scan_6x7,18210284,45539080,6903740
10:44:40,460340,batch_c_scan_6x7,18210288,45539080,6903736
10:44:41,460340,batch_c_scan_6x7,18210288,45539080,6903736
10:44:42,460340,batch_c_scan_6x7,18210288,45539080,6903736
10:44:43,460340,batch_c_scan_6x7,18210296,45539080,6903728
10:44:44,460340,batch_c_scan_6x7,18210300,45539080,6903724
10:44:45,460340,batch_c_scan_6x7,18210328,45539080,6903696
10:44:46,460340,batch_c_scan_6x7,18210340,45539080,6903684
10:44:47,460340,batch_c_scan_6x7,18210340,45539080,6903684
10:44:48,460340,batch_c_scan_6x7,18210344,45539080,6903680
10:44:49,460340,batch_c_scan_6x7,18210344,45539080,6903680
10:44:50,460340,batch_c_scan_6x7,18210996,45539080,6903028
10:44:51,460340,batch_c_scan_6x7,18210996,45539080,6903028
10:44:52,460340,batch_c_scan_6x7,18210996,45539080,6903028
10:44:53,460340,batch_c_scan_6x7,18210996,45539080,6903028
10:44:54,460340,batch_c_scan_6x7,18211000,45539080,6903024
10:44:55,460340,batch_c_scan_6x7,18211000,45539080,6903024
10:44:56,460340,batch_c_scan_6x7,18211000,45539080,6903024
10:44:57,460340,batch_c_scan_6x7,18211000,45539080,6903024
10:44:58,460340,batch_c_scan_6x7,18211000,45539080,6903024
10:44:59,460340,batch_c_scan_6x7,18211004,45539080,6903020
10:45:00,460340,batch_c_scan_6x7,18211004,45539080,6903020
10:45:01,460340,batch_c_scan_6x7,18211004,45539080,6903020
10:45:02,460340,batch_c_scan_6x7,18211008,45539080,6903016
10:45:03,460340,batch_c_scan_6x7,18211028,45539080,6902996
10:45:04,460340,batch_c_scan_6x7,18211028,45539080,6902996
10:45:05,460340,batch_c_scan_6x7,18211028,45539080,6902996
10:45:06,460340,batch_c_scan_6x7,18211032,45539080,6902992
10:45:07,460340,batch_c_scan_6x7,18211032,45539080,6902992
10:45:08,460340,batch_c_scan_6x7,18211632,45539080,6902392
10:45:10,460340,batch_c_scan_6x7,18211632,45539080,6902392
10:45:11,460340,batch_c_scan_6x7,18211632,45539080,6902392
10:45:12,460340,batch_c_scan_6x7,18211632,45539080,6902392
10:45:13,460340,batch_c_scan_6x7,18211636,45539080,6902388
10:45:14,460340,batch_c_scan_6x7,18211636,45539080,6902388
10:45:15,460340,batch_c_scan_6x7,18211636,45539080,6902388
10:45:16,460340,batch_c_scan_6x7,18211860,45539080,6902164
10:45:17,460340,batch_c_scan_6x7,18211864,45539080,6902160
10:45:18,460340,batch_c_scan_6x7,18212112,45539080,6901912
10:45:19,460340,batch_c_scan_6x7,18212112,45539080,6901912
10:45:20,460340,batch_c_scan_6x7,18212112,45539080,6901912
10:45:21,460340,batch_c_scan_6x7,18212112,45539080,6901912
10:45:22,460340,batch_c_scan_6x7,18212280,45539080,6901744
10:45:23,460340,batch_c_scan_6x7,18212280,45539080,6901744
10:45:24,460340,batch_c_scan_6x7,18212284,45539080,6901740
10:45:25,460340,batch_c_scan_6x7,18212284,45539080,6901740
10:45:26,460340,batch_c_scan_6x7,18212304,45539080,6901720
10:45:27,460340,batch_c_scan_6x7,18212304,45539080,6901720
10:45:28,460340,batch_c_scan_6x7,18212304,45539080,6901720
10:45:29,460340,batch_c_scan_6x7,18212304,45539080,6901720
10:45:30,460340,batch_c_scan_6x7,18212304,45539080,6901720
10:45:31,460340,batch_c_scan_6x7,18213312,45539080,6900712
10:45:32,460340,batch_c_scan_6x7,18213312,45539080,6900712
10:45:33,460340,batch_c_scan_6x7,18213312,45539080,6900712
10:45:34,460340,batch_c_scan_6x7,18213684,45539080,6900340
10:45:35,460340,batch_c_scan_6x7,18213684,45539080,6900340
10:45:36,460340,batch_c_scan_6x7,18213688,45539080,6900336
10:45:37,460340,batch_c_scan_6x7,18214920,45539080,6899104
10:45:38,460340,batch_c_scan_6x7,18215332,45539080,6898692
10:45:39,460340,batch_c_scan_6x7,18215332,45539080,6898692
10:45:40,460340,batch_c_scan_6x7,18215336,45539080,6898688
10:45:41,460340,batch_c_scan_6x7,18215336,45539080,6898688
10:45:42,460340,batch_c_scan_6x7,18215336,45539080,6898688
10:45:43,460340,batch_c_scan_6x7,18215336,45539080,6898688
10:45:44,460340,batch_c_scan_6x7,18215336,45539080,6898688
10:45:45,460340,batch_c_scan_6x7,18215548,45539080,6898476
10:45:46,460340,batch_c_scan_6x7,18215548,45539080,6898476
10:45:47,460340,batch_c_scan_6x7,18215552,45539080,6898472
10:45:48,460340,batch_c_scan_6x7,18215608,45539080,6898416
10:45:49,460340,batch_c_scan_6x7,18215608,45539080,6898416
10:45:50,460340,batch_c_scan_6x7,18215612,45539080,6898412
10:45:51,460340,batch_c_scan_6x7,18215612,45539080,6898412
10:45:52,460340,batch_c_scan_6x7,18215616,45539080,6898408
10:45:53,460340,batch_c_scan_6x7,18215720,45539080,6898304
10:45:54,460340,batch_c_scan_6x7,18215720,45539080,6898304
10:45:55,460340,batch_c_scan_6x7,18215720,45539080,6898304
10:45:56,460340,batch_c_scan_6x7,18215724,45539080,6898300
10:45:57,460340,batch_c_scan_6x7,18215724,45539080,6898300
10:45:58,460340,batch_c_scan_6x7,18215724,45539080,6898300
10:45:59,460340,batch_c_scan_6x7,18215724,45539080,6898300
10:46:00,460340,batch_c_scan_6x7,18215724,45539080,6898300
10:46:01,460340,batch_c_scan_6x7,18215728,45539080,6898296
10:46:02,460340,batch_c_scan_6x7,18215728,45539080,6898296
10:46:04,460340,batch_c_scan_6x7,18215728,45539080,6898296
10:46:05,460340,batch_c_scan_6x7,18215752,45539080,6898272
10:46:06,460340,batch_c_scan_6x7,18215752,45539080,6898272
10:46:07,460340,batch_c_scan_6x7,18215756,45539080,6898268
10:46:08,460340,batch_c_scan_6x7,18215756,45539080,6898268
10:46:09,460340,batch_c_scan_6x7,18215756,45539080,6898268
10:46:10,460340,batch_c_scan_6x7,18215756,45539080,6898268
10:46:11,460340,batch_c_scan_6x7,18215796,45539080,6898228
10:46:12,460340,batch_c_scan_6x7,18215796,45539080,6898228
10:46:13,460340,batch_c_scan_6x7,18215796,45539080,6898228
10:46:14,460340,batch_c_scan_6x7,18215796,45539080,6898228
10:46:15,460340,batch_c_scan_6x7,18215796,45539080,6898228
10:46:16,460340,batch_c_scan_6x7,18215796,45539080,6898228
10:46:17,460340,batch_c_scan_6x7,18215796,45539080,6898228
10:46:18,460340,batch_c_scan_6x7,18215796,45539080,6898228
10:46:19,460340,batch_c_scan_6x7,18215800,45539080,6898224
10:46:20,460340,batch_c_scan_6x7,18215800,45539080,6898224
10:46:21,460340,batch_c_scan_6x7,18215800,45539080,6898224
10:46:22,460340,batch_c_scan_6x7,18215800,45539080,6898224
10:46:23,460340,batch_c_scan_6x7,18215800,45539080,6898224
10:46:24,460340,batch_c_scan_6x7,18215804,45539080,6898220
10:46:25,460340,batch_c_scan_6x7,18215804,45539080,6898220
10:46:26,460340,batch_c_scan_6x7,18215804,45539080,6898220
10:46:27,460340,batch_c_scan_6x7,18215804,45539080,6898220
10:46:28,460340,batch_c_scan_6x7,18215804,45539080,6898220
10:46:29,460340,batch_c_scan_6x7,18215804,45539080,6898220
10:46:30,460340,batch_c_scan_6x7,18215808,45539080,6898216
10:46:31,460340,batch_c_scan_6x7,18215808,45539080,6898216
10:46:32,460340,batch_c_scan_6x7,18215808,45539080,6898216
10:46:33,460340,batch_c_scan_6x7,18215808,45539080,6898216
10:46:34,460340,batch_c_scan_6x7,18215808,45539080,6898216
10:46:35,460340,batch_c_scan_6x7,18215808,45539080,6898216
10:46:36,460340,batch_c_scan_6x7,18215808,45539080,6898216
10:46:37,460340,batch_c_scan_6x7,18215812,45539080,6898212
10:46:38,460340,batch_c_scan_6x7,18215812,45539080,6898212
10:46:39,460340,batch_c_scan_6x7,18215812,45539080,6898212
10:46:40,460340,batch_c_scan_6x7,18215812,45539080,6898212
10:46:41,460340,batch_c_scan_6x7,18215816,45539080,6898208
10:46:42,460340,batch_c_scan_6x7,18215816,45539080,6898208
10:46:43,460340,batch_c_scan_6x7,18215820,45539080,6898204
10:46:44,460340,batch_c_scan_6x7,18215820,45539080,6898204
10:46:45,460340,batch_c_scan_6x7,18215820,45539080,6898204
10:46:46,460340,batch_c_scan_6x7,18215820,45539080,6898204
10:46:47,460340,batch_c_scan_6x7,18215820,45539080,6898204
10:46:48,460340,batch_c_scan_6x7,18215824,45539080,6898200
10:46:49,460340,batch_c_scan_6x7,18215824,45539080,6898200
10:46:50,460340,batch_c_scan_6x7,18215824,45539080,6898200
10:46:51,460340,batch_c_scan_6x7,18215824,45539080,6898200
10:46:52,460340,batch_c_scan_6x7,18215824,45539080,6898200
10:46:53,460340,batch_c_scan_6x7,18215824,45539080,6898200
10:46:54,460340,batch_c_scan_6x7,18215828,45539080,6898196
10:46:55,460340,batch_c_scan_6x7,18215828,45539080,6898196
10:46:56,460340,batch_c_scan_6x7,18215828,45539080,6898196
10:46:57,460340,batch_c_scan_6x7,18215828,45539080,6898196
10:46:59,460340,batch_c_scan_6x7,18215828,45539080,6898196
10:47:00,460340,batch_c_scan_6x7,18215828,45539080,6898196
10:47:01,460340,batch_c_scan_6x7,18215828,45539080,6898196
10:47:02,460340,batch_c_scan_6x7,18215828,45539080,6898196
10:47:03,460340,batch_c_scan_6x7,18215828,45539080,6898196
10:47:04,460340,batch_c_scan_6x7,18215828,45539080,6898196
10:47:05,460340,batch_c_scan_6x7,18215828,45539080,6898196
10:47:06,460340,batch_c_scan_6x7,18215828,45539080,6898196
10:47:07,460340,batch_c_scan_6x7,18215832,45539080,6898192
10:47:08,460340,batch_c_scan_6x7,18215832,45539080,6898192
10:47:09,460340,batch_c_scan_6x7,18215832,45539080,6898192
10:47:10,460340,batch_c_scan_6x7,18215832,45539080,6898192
10:47:11,460340,batch_c_scan_6x7,18215836,45539080,6898188
10:47:12,460340,batch_c_scan_6x7,18215836,45539080,6898188
10:47:13,460340,batch_c_scan_6x7,18215880,45539080,6898144
10:47:14,460340,batch_c_scan_6x7,18215880,45539080,6898144
10:47:15,460340,batch_c_scan_6x7,18215880,45539080,6898144
10:47:16,460340,batch_c_scan_6x7,18215880,45539080,6898144
10:47:17,460340,batch_c_scan_6x7,18215880,45539080,6898144
10:47:18,460340,batch_c_scan_6x7,18215880,45539080,6898144
10:47:19,460340,batch_c_scan_6x7,18215920,45539080,6898104
10:47:20,460340,batch_c_scan_6x7,18215936,45539080,6898088
10:47:21,460340,batch_c_scan_6x7,18215936,45539080,6898088
10:47:22,460340,batch_c_scan_6x7,18215936,45539080,6898088
10:47:23,460340,batch_c_scan_6x7,18215936,45539080,6898088
10:47:24,460340,batch_c_scan_6x7,18215936,45539080,6898088
10:47:25,460340,batch_c_scan_6x7,18215980,45539080,6898044
10:47:26,460340,batch_c_scan_6x7,18215980,45539080,6898044
10:47:27,460340,batch_c_scan_6x7,18215980,45539080,6898044
10:47:28,460340,batch_c_scan_6x7,18215980,45539080,6898044
10:47:29,460340,batch_c_scan_6x7,18215980,45539080,6898040
10:47:30,460340,batch_c_scan_6x7,18215984,45539080,6898040
10:47:31,460340,batch_c_scan_6x7,18215984,45539080,6898040
10:47:32,460340,batch_c_scan_6x7,18215984,45539080,6898040
10:47:33,460340,batch_c_scan_6x7,18215984,45539080,6898040
10:47:34,460340,batch_c_scan_6x7,18215984,45539080,6898040
10:47:35,460340,batch_c_scan_6x7,18215996,45539080,6898028
10:47:36,460340,batch_c_scan_6x7,18216000,45539080,6898024
10:47:37,460340,batch_c_scan_6x7,18216000,45539080,6898024
10:47:38,460340,batch_c_scan_6x7,18216000,45539080,6898024
10:47:39,460340,batch_c_scan_6x7,18216000,45539080,6898024
10:47:40,460340,batch_c_scan_6x7,18216000,45539080,6898024
10:47:41,460340,batch_c_scan_6x7,18216000,45539080,6898024
10:47:42,460340,batch_c_scan_6x7,18216000,45539080,6898024
10:47:43,460340,batch_c_scan_6x7,18216000,45539080,6898024
10:47:44,460340,batch_c_scan_6x7,18216004,45539080,6898020
10:47:45,460340,batch_c_scan_6x7,18216016,45539080,6898008
10:47:46,460340,batch_c_scan_6x7,18216016,45539080,6898008
10:47:47,460340,batch_c_scan_6x7,18216260,45539080,6897764
10:47:48,460340,batch_c_scan_6x7,18216264,45539080,6897760
10:47:49,460340,batch_c_scan_6x7,18216264,45539080,6897760
10:47:50,460340,batch_c_scan_6x7,18216264,45539080,6897760
10:47:51,460340,batch_c_scan_6x7,18216264,45539080,6897760
10:47:53,460340,batch_c_scan_6x7,18216264,45539080,6897760
10:47:54,460340,batch_c_scan_6x7,18216272,45539080,6897752
10:47:55,460340,batch_c_scan_6x7,18216276,45539080,6897748
10:47:56,460340,batch_c_scan_6x7,18216616,45539080,6897408
10:47:57,460340,batch_c_scan_6x7,18216616,45539080,6897408
10:47:58,460340,batch_c_scan_6x7,18216616,45539080,6897408
10:47:59,460340,batch_c_scan_6x7,18216616,45539080,6897408
10:48:00,460340,batch_c_scan_6x7,18216620,45539080,6897404
10:48:01,460340,batch_c_scan_6x7,18216624,45539080,6897400
10:48:02,460340,batch_c_scan_6x7,18216624,45539080,6897400
10:48:03,460340,batch_c_scan_6x7,18216624,45539080,6897400
10:48:04,460340,batch_c_scan_6x7,18216624,45539080,6897400
10:48:05,460340,batch_c_scan_6x7,18216624,45539080,6897400
10:48:06,460340,batch_c_scan_6x7,18216624,45539080,6897400
10:48:07,460340,batch_c_scan_6x7,18216628,45539080,6897396
10:48:08,460340,batch_c_scan_6x7,18216628,45539080,6897396
10:48:09,460340,batch_c_scan_6x7,18216628,45539080,6897396
10:48:10,460340,batch_c_scan_6x7,18216628,45539080,6897396
10:48:11,460340,batch_c_scan_6x7,18216628,45539080,6897396
10:48:12,460340,batch_c_scan_6x7,18216632,45539080,6897392
10:48:13,460340,batch_c_scan_6x7,18217500,45539080,6896524
10:48:14,460340,batch_c_scan_6x7,18218424,45539080,6895600
10:48:15,460340,batch_c_scan_6x7,18218424,45539080,6895600
10:48:16,460340,batch_c_scan_6x7,18218424,45539080,6895600
10:48:17,460340,batch_c_scan_6x7,18218424,45539080,6895600
10:48:18,460340,batch_c_scan_6x7,18218428,45539080,6895596
10:48:19,460340,batch_c_scan_6x7,18218428,45539080,6895596
10:48:20,460340,batch_c_scan_6x7,18218428,45539080,6895596
10:48:21,460340,batch_c_scan_6x7,18218428,45539080,6895596
10:48:22,460340,batch_c_scan_6x7,18218428,45539080,6895596
10:48:23,460340,batch_c_scan_6x7,18218428,45539080,6895596
10:48:24,460340,batch_c_scan_6x7,18218432,45539080,6895592
10:48:25,460340,batch_c_scan_6x7,18218432,45539080,6895592
10:48:26,460340,batch_c_scan_6x7,18218432,45539080,6895592
10:48:27,460340,batch_c_scan_6x7,18218432,45539080,6895592
10:48:28,460340,batch_c_scan_6x7,18218432,45539080,6895592
10:48:29,460340,batch_c_scan_6x7,18218432,45539080,6895592
10:48:30,460340,batch_c_scan_6x7,18218432,45539080,6895592
10:48:31,460340,batch_c_scan_6x7,18218432,45539080,6895592
10:48:32,460340,batch_c_scan_6x7,18218432,45539080,6895592
10:48:33,460340,batch_c_scan_6x7,18218880,45539080,6895144
10:48:34,460340,batch_c_scan_6x7,18218884,45539080,6895140
10:48:35,460340,batch_c_scan_6x7,18218884,45539080,6895140
10:48:36,460340,batch_c_scan_6x7,18218884,45539080,6895140
10:48:37,460340,batch_c_scan_6x7,18218884,45539080,6895140
10:48:38,460340,batch_c_scan_6x7,18218884,45539080,6895140
10:48:39,460340,batch_c_scan_6x7,18218884,45539080,6895140
10:48:40,460340,batch_c_scan_6x7,18218888,45539080,6895136
10:48:41,460340,batch_c_scan_6x7,18218888,45539080,6895136
10:48:42,460340,batch_c_scan_6x7,18219284,45539080,6894740
10:48:43,460340,batch_c_scan_6x7,18219284,45539080,6894740
10:48:44,460340,batch_c_scan_6x7,18219288,45539080,6894736
10:48:45,460340,batch_c_scan_6x7,18219528,45539080,6894496
10:48:46,460340,batch_c_scan_6x7,18219532,45539080,6894492
10:48:48,460340,batch_c_scan_6x7,18219532,45539080,6894492
10:48:49,460340,batch_c_scan_6x7,18219532,45539080,6894492
10:48:50,460340,batch_c_scan_6x7,18219532,45539080,6894492
10:48:51,460340,batch_c_scan_6x7,18219536,45539080,6894488
10:48:52,460340,batch_c_scan_6x7,18219540,45539080,6894484
10:48:53,460340,batch_c_scan_6x7,18219540,45539080,6894484
10:48:54,460340,batch_c_scan_6x7,18219540,45539080,6894484
10:48:55,460340,batch_c_scan_6x7,18219540,45539080,6894484
10:48:56,460340,batch_c_scan_6x7,18219544,45539080,6894480
10:48:57,460340,batch_c_scan_6x7,18219544,45539080,6894480
10:48:58,460340,batch_c_scan_6x7,18219544,45539080,6894480
10:48:59,460340,batch_c_scan_6x7,18219548,45539080,6894476
10:49:00,460340,batch_c_scan_6x7,18219552,45539080,6894472
10:49:01,460340,batch_c_scan_6x7,18219552,45539080,6894472
10:49:02,460340,batch_c_scan_6x7,18219552,45539080,6894472
10:49:03,460340,batch_c_scan_6x7,18219552,45539080,6894472
10:49:04,460340,batch_c_scan_6x7,18219556,45539080,6894468
10:49:05,460340,batch_c_scan_6x7,18219556,45539080,6894468
10:49:06,460340,batch_c_scan_6x7,18219560,45539080,6894464
10:49:07,460340,batch_c_scan_6x7,18219564,45539080,6894460
10:49:08,460340,batch_c_scan_6x7,18219564,45539080,6894460
10:49:09,460340,batch_c_scan_6x7,18219568,45539080,6894456
10:49:10,460340,batch_c_scan_6x7,18219568,45539080,6894456
10:49:11,460340,batch_c_scan_6x7,18219568,45539080,6894456
10:49:12,460340,batch_c_scan_6x7,18219568,45539080,6894456
10:49:13,460340,batch_c_scan_6x7,18219572,45539080,6894452
10:49:14,460340,batch_c_scan_6x7,18219572,45539080,6894452
10:49:15,460340,batch_c_scan_6x7,18219572,45539080,6894452
10:49:16,460340,batch_c_scan_6x7,18219572,45539080,6894452
10:49:17,460340,batch_c_scan_6x7,18219572,45539080,6894452
10:49:18,460340,batch_c_scan_6x7,18219572,45539080,6894452
10:49:19,460340,batch_c_scan_6x7,18219572,45539080,6894452
10:49:20,460340,batch_c_scan_6x7,18219572,45539080,6894452
10:49:21,460340,batch_c_scan_6x7,18219572,45539080,6894452
10:49:22,460340,batch_c_scan_6x7,18220992,45539080,6893032
10:49:23,460340,batch_c_scan_6x7,18220992,45539080,6893032
10:49:24,460340,batch_c_scan_6x7,18220996,45539080,6893028
10:49:25,460340,batch_c_scan_6x7,18220996,45539080,6893028
10:49:26,460340,batch_c_scan_6x7,18220996,45539080,6893028
10:49:27,460340,batch_c_scan_6x7,18221000,45539080,6893024
10:49:28,460340,batch_c_scan_6x7,18221000,45539080,6893024
10:49:29,460340,batch_c_scan_6x7,18221000,45539080,6893024
10:49:30,460340,batch_c_scan_6x7,18221000,45539080,6893024
10:49:31,460340,batch_c_scan_6x7,18221088,45539080,6892936
10:49:32,460340,batch_c_scan_6x7,18221092,45539080,6892932
10:49:33,460340,batch_c_scan_6x7,18221096,45539080,6892928
10:49:34,460340,batch_c_scan_6x7,18221096,45539080,6892928
10:49:35,460340,batch_c_scan_6x7,18221096,45539080,6892928
10:49:36,460340,batch_c_scan_6x7,18221096,45539080,6892928
10:49:37,460340,batch_c_scan_6x7,18221096,45539080,6892928
10:49:38,460340,batch_c_scan_6x7,18221100,45539080,6892924
10:49:39,460340,batch_c_scan_6x7,18221104,45539080,6892920
10:49:40,460340,batch_c_scan_6x7,18221104,45539080,6892920
10:49:41,460340,batch_c_scan_6x7,18221120,45539080,6892904
10:49:43,460340,batch_c_scan_6x7,18221120,45539080,6892904
10:49:44,460340,batch_c_scan_6x7,18221120,45539080,6892904
10:49:45,460340,batch_c_scan_6x7,18221120,45539080,6892904
10:49:46,460340,batch_c_scan_6x7,18221124,45539080,6892900
10:49:47,460340,batch_c_scan_6x7,18221124,45539080,6892900
10:49:48,460340,batch_c_scan_6x7,18221124,45539080,6892900
10:49:49,460340,batch_c_scan_6x7,18221124,45539080,6892900
10:49:50,460340,batch_c_scan_6x7,18221124,45539080,6892900
10:49:51,460340,batch_c_scan_6x7,18221128,45539080,6892896
10:49:52,460340,batch_c_scan_6x7,18221132,45539080,6892892
10:49:53,460340,batch_c_scan_6x7,18221132,45539080,6892892
10:49:54,460340,batch_c_scan_6x7,18221440,45539080,6892584
10:49:55,460340,batch_c_scan_6x7,18221440,45539080,6892584
10:49:56,460340,batch_c_scan_6x7,18221440,45539080,6892584
10:49:57,460340,batch_c_scan_6x7,18221440,45539080,6892584
10:49:58,460340,batch_c_scan_6x7,18221440,45539080,6892584
10:49:59,460340,batch_c_scan_6x7,18221444,45539080,6892580
10:50:00,460340,batch_c_scan_6x7,18221444,45539080,6892580
10:50:01,460340,batch_c_scan_6x7,18222696,45539080,6891328
10:50:02,460340,batch_c_scan_6x7,18222696,45539080,6891328
10:50:03,460340,batch_c_scan_6x7,18222696,45539080,6891328
10:50:04,460340,batch_c_scan_6x7,18222696,45539080,6891328
10:50:05,460340,batch_c_scan_6x7,18222696,45539080,6891328
10:50:06,460340,batch_c_scan_6x7,18222696,45539080,6891328
10:50:07,460340,batch_c_scan_6x7,18222696,45539080,6891328
10:50:08,460340,batch_c_scan_6x7,18222696,45539080,6891328
10:50:09,460340,batch_c_scan_6x7,18222696,45539080,6891328
10:50:10,460340,batch_c_scan_6x7,18222696,45539080,6891328
10:50:11,460340,batch_c_scan_6x7,18222700,45539080,6891324
10:50:12,460340,batch_c_scan_6x7,18222700,45539080,6891324
10:50:13,460340,batch_c_scan_6x7,18222700,45539080,6891324
10:50:14,460340,batch_c_scan_6x7,18222700,45539080,6891324
10:50:15,460340,batch_c_scan_6x7,18222700,45539080,6891324
10:50:16,460340,batch_c_scan_6x7,18222700,45539080,6891324
10:50:17,460340,batch_c_scan_6x7,18222700,45539080,6891324
10:50:18,460340,batch_c_scan_6x7,18224132,45539080,6889892
10:50:19,460340,batch_c_scan_6x7,18224132,45539080,6889892
10:50:20,460340,batch_c_scan_6x7,18224132,45539080,6889892
10:50:21,460340,batch_c_scan_6x7,18224132,45539080,6889892
10:50:22,460340,batch_c_scan_6x7,18224132,45539080,6889892
10:50:23,460340,batch_c_scan_6x7,18224136,45539080,6889888
10:50:24,460340,batch_c_scan_6x7,18224140,45539080,6889884
10:50:25,460340,batch_c_scan_6x7,18224140,45539080,6889884
10:50:26,460340,batch_c_scan_6x7,18224140,45539080,6889884
10:50:27,460340,batch_c_scan_6x7,18224140,45539080,6889884
10:50:28,460340,batch_c_scan_6x7,18224140,45539080,6889884
10:50:29,460340,batch_c_scan_6x7,18224144,45539080,6889880
10:50:30,460340,batch_c_scan_6x7,18224144,45539080,6889880
10:50:31,460340,batch_c_scan_6x7,18224144,45539080,6889880
10:50:32,460340,batch_c_scan_6x7,18224144,45539080,6889880
10:50:33,460340,batch_c_scan_6x7,18224144,45539080,6889880
10:50:34,460340,batch_c_scan_6x7,18224144,45539080,6889880
10:50:35,460340,batch_c_scan_6x7,18224144,45539080,6889880
10:50:37,460340,batch_c_scan_6x7,18224176,45539080,6889848
10:50:38,460340,batch_c_scan_6x7,18224176,45539080,6889848
10:50:39,460340,batch_c_scan_6x7,18224176,45539080,6889848
10:50:40,460340,batch_c_scan_6x7,18224176,45539080,6889848
10:50:41,460340,batch_c_scan_6x7,18224176,45539080,6889848
10:50:42,460340,batch_c_scan_6x7,18224176,45539080,6889848
10:50:43,460340,batch_c_scan_6x7,18224176,45539080,6889848
10:50:44,460340,batch_c_scan_6x7,18224180,45539080,6889844
10:50:45,460340,batch_c_scan_6x7,18224180,45539080,6889844
10:50:46,460340,batch_c_scan_6x7,18224188,45539080,6889836
10:50:47,460340,batch_c_scan_6x7,18224192,45539080,6889832
10:50:48,460340,batch_c_scan_6x7,18224192,45539080,6889832
10:50:49,460340,batch_c_scan_6x7,18224192,45539080,6889832
10:50:50,460340,batch_c_scan_6x7,18224192,45539080,6889832
10:50:51,460340,batch_c_scan_6x7,18224192,45539080,6889832
10:50:52,460340,batch_c_scan_6x7,18224192,45539080,6889832
10:50:53,460340,batch_c_scan_6x7,18224192,45539080,6889832
10:50:54,460340,batch_c_scan_6x7,18224192,45539080,6889832
10:50:55,460340,batch_c_scan_6x7,18224192,45539080,6889832
10:50:56,460340,batch_c_scan_6x7,18224192,45539080,6889832
10:50:57,460340,batch_c_scan_6x7,18224196,45539080,6889828
10:50:58,460340,batch_c_scan_6x7,18224808,45539080,6889216
10:50:59,460340,batch_c_scan_6x7,18224808,45539080,6889216
10:51:00,460340,batch_c_scan_6x7,18224808,45539080,6889216
10:51:01,460340,batch_c_scan_6x7,18224808,45539080,6889216
10:51:02,460340,batch_c_scan_6x7,18224808,45539080,6889216
10:51:03,460340,batch_c_scan_6x7,18224808,45539080,6889216
10:51:04,460340,batch_c_scan_6x7,18224812,45539080,6889212
10:51:05,460340,batch_c_scan_6x7,18224816,45539080,6889208
10:51:06,460340,batch_c_scan_6x7,18224816,45539080,6889208
10:51:07,460340,batch_c_scan_6x7,18224816,45539080,6889208
10:51:08,460340,batch_c_scan_6x7,18224816,45539080,6889208
10:51:09,460340,batch_c_scan_6x7,18224820,45539080,6889204
10:51:10,460340,batch_c_scan_6x7,18224820,45539080,6889204
10:51:11,460340,batch_c_scan_6x7,18224820,45539080,6889204
10:51:12,460340,batch_c_scan_6x7,18224820,45539080,6889204
10:51:13,460340,batch_c_scan_6x7,18224820,45539080,6889204
10:51:14,460340,batch_c_scan_6x7,18224820,45539080,6889204
10:51:15,460340,batch_c_scan_6x7,18224820,45539080,6889204
10:51:16,460340,batch_c_scan_6x7,18224824,45539080,6889200
10:51:17,460340,batch_c_scan_6x7,18224824,45539080,6889200
10:51:18,460340,batch_c_scan_6x7,18224836,45539080,6889188
10:51:19,460340,batch_c_scan_6x7,18224836,45539080,6889188
10:51:20,460340,batch_c_scan_6x7,18224836,45539080,6889188
10:51:21,460340,batch_c_scan_6x7,18224836,45539080,6889188
10:51:22,460340,batch_c_scan_6x7,18224840,45539080,6889184
10:51:23,460340,batch_c_scan_6x7,18224840,45539080,6889184
10:51:24,460340,batch_c_scan_6x7,18224852,45539080,6889172
10:51:25,460340,batch_c_scan_6x7,18224852,45539080,6889172
10:51:26,460340,batch_c_scan_6x7,18224852,45539080,6889172
10:51:27,460340,batch_c_scan_6x7,18224852,45539080,6889172
10:51:28,460340,batch_c_scan_6x7,18224852,45539080,6889172
10:51:29,460340,batch_c_scan_6x7,18224856,45539080,6889168
10:51:30,460340,batch_c_scan_6x7,18224856,45539080,6889168
10:51:32,460340,batch_c_scan_6x7,18224856,45539080,6889168
10:51:33,460340,batch_c_scan_6x7,18224856,45539080,6889168
10:51:34,460340,batch_c_scan_6x7,18224856,45539080,6889168
10:51:35,460340,batch_c_scan_6x7,18224860,45539080,6889164
10:51:36,460340,batch_c_scan_6x7,18224864,45539080,6889160
10:51:37,460340,batch_c_scan_6x7,18224864,45539080,6889160
10:51:38,460340,batch_c_scan_6x7,18224864,45539080,6889160
10:51:39,460340,batch_c_scan_6x7,18225972,45539080,6888052
10:51:40,460340,batch_c_scan_6x7,18225972,45539080,6888052
10:51:41,460340,batch_c_scan_6x7,18225972,45539080,6888052
10:51:42,460340,batch_c_scan_6x7,18225972,45539080,6888052
10:51:43,460340,batch_c_scan_6x7,18225976,45539080,6888048
10:51:44,460340,batch_c_scan_6x7,18225976,45539080,6888048
10:51:45,460340,batch_c_scan_6x7,18225976,45539080,6888048
10:51:46,460340,batch_c_scan_6x7,18225976,45539080,6888048
10:51:47,460340,batch_c_scan_6x7,18225976,45539080,6888048
10:51:48,460340,batch_c_scan_6x7,18225976,45539080,6888048
10:51:49,460340,batch_c_scan_6x7,18225984,45539080,6888040
10:51:50,460340,batch_c_scan_6x7,18225984,45539080,6888040
10:51:51,460340,batch_c_scan_6x7,18226964,45539080,6887060
10:51:52,460340,batch_c_scan_6x7,18226964,45539080,6887060
10:51:53,460340,batch_c_scan_6x7,18226964,45539080,6887060
10:51:54,460340,batch_c_scan_6x7,18226964,45539080,6887060
10:51:55,460340,batch_c_scan_6x7,18226972,45539080,6887052
10:51:56,460340,batch_c_scan_6x7,18226972,45539080,6887052
10:51:57,460340,batch_c_scan_6x7,18226972,45539080,6887052
10:51:58,460340,batch_c_scan_6x7,18226972,45539080,6887052
10:51:59,460340,batch_c_scan_6x7,18226972,45539080,6887052
10:52:00,460340,batch_c_scan_6x7,18226972,45539080,6887052
10:52:01,460340,batch_c_scan_6x7,18227788,45539080,6886236
10:52:02,460340,batch_c_scan_6x7,18227792,45539080,6886232
10:52:03,460340,batch_c_scan_6x7,18227792,45539080,6886232
10:52:04,460340,batch_c_scan_6x7,18227792,45539080,6886232
10:52:05,460340,batch_c_scan_6x7,18227792,45539080,6886232
10:52:06,460340,batch_c_scan_6x7,18227792,45539080,6886232
10:52:07,460340,batch_c_scan_6x7,18227792,45539080,6886232
10:52:08,460340,batch_c_scan_6x7,18227800,45539080,6886224
10:52:09,460340,batch_c_scan_6x7,18227804,45539080,6886220
10:52:10,460340,batch_c_scan_6x7,18227804,45539080,6886220
10:52:11,460340,batch_c_scan_6x7,18227804,45539080,6886220
10:52:12,460340,batch_c_scan_6x7,18227996,45539080,6886028
10:52:13,460340,batch_c_scan_6x7,18227996,45539080,6886028
10:52:14,460340,batch_c_scan_6x7,18228220,45539080,6885804
10:52:15,460340,batch_c_scan_6x7,18228252,45539080,6885772
10:52:16,460340,batch_c_scan_6x7,18228256,45539080,6885768
10:52:17,460340,batch_c_scan_6x7,18228260,45539080,6885764
10:52:18,460340,batch_c_scan_6x7,18228260,45539080,6885764
10:52:19,460340,batch_c_scan_6x7,18228260,45539080,6885764
10:52:20,460340,batch_c_scan_6x7,18228264,45539080,6885760
10:52:21,460340,batch_c_scan_6x7,18228268,45539080,6885756
10:52:22,460340,batch_c_scan_6x7,18228268,45539080,6885756
10:52:23,460340,batch_c_scan_6x7,18228268,45539080,6885756
10:52:24,460340,batch_c_scan_6x7,18228268,45539080,6885756
10:52:25,460340,batch_c_scan_6x7,18228292,45539080,6885732
10:52:27,460340,batch_c_scan_6x7,18228292,45539080,6885732
10:52:28,460340,batch_c_scan_6x7,18228296,45539080,6885728
10:52:29,460340,batch_c_scan_6x7,18228300,45539080,6885724
10:52:30,460340,batch_c_scan_6x7,18228300,45539080,6885724
10:52:31,460340,batch_c_scan_6x7,18228324,45539080,6885700
10:52:32,460340,batch_c_scan_6x7,18228324,45539080,6885700
10:52:33,460340,batch_c_scan_6x7,18228324,45539080,6885700
10:52:34,460340,batch_c_scan_6x7,18228324,45539080,6885700
10:52:35,460340,batch_c_scan_6x7,18228332,45539080,6885692
10:52:36,460340,batch_c_scan_6x7,18228332,45539080,6885692
10:52:37,460340,batch_c_scan_6x7,18228332,45539080,6885692
10:52:38,460340,batch_c_scan_6x7,18228332,45539080,6885692
10:52:39,460340,batch_c_scan_6x7,18228332,45539080,6885692
10:52:40,460340,batch_c_scan_6x7,18228332,45539080,6885692
10:52:41,460340,batch_c_scan_6x7,18228336,45539080,6885688
10:52:42,460340,batch_c_scan_6x7,18228340,45539080,6885684
10:52:43,460340,batch_c_scan_6x7,18228488,45539080,6885536
10:52:44,460340,batch_c_scan_6x7,18228488,45539080,6885536
10:52:45,460340,batch_c_scan_6x7,18228488,45539080,6885536
10:52:46,460340,batch_c_scan_6x7,18228488,45539080,6885536
10:52:47,460340,batch_c_scan_6x7,18228488,45539080,6885536
10:52:48,460340,batch_c_scan_6x7,18228492,45539080,6885532
10:52:49,460340,batch_c_scan_6x7,18228492,45539080,6885532
10:52:50,460340,batch_c_scan_6x7,18228492,45539080,6885532
10:52:51,460340,batch_c_scan_6x7,18228492,45539080,6885532
10:52:52,460340,batch_c_scan_6x7,18228492,45539080,6885532
10:52:53,460340,batch_c_scan_6x7,18228992,45539080,6885032
10:52:54,460340,batch_c_scan_6x7,18229024,45539080,6885000
10:52:55,460340,batch_c_scan_6x7,18229116,45539080,6884908
10:52:56,460340,batch_c_scan_6x7,18229120,45539080,6884904
10:52:57,460340,batch_c_scan_6x7,18229652,45539080,6884372
10:52:58,460340,batch_c_scan_6x7,18229652,45539080,6884372
10:52:59,460340,batch_c_scan_6x7,18229652,45539080,6884372
10:53:00,460340,batch_c_scan_6x7,18229652,45539080,6884372
10:53:01,460340,batch_c_scan_6x7,18229660,45539080,6884364
10:53:02,460340,batch_c_scan_6x7,18229660,45539080,6884364
10:53:03,460340,batch_c_scan_6x7,18229660,45539080,6884364
10:53:04,460340,batch_c_scan_6x7,18229660,45539080,6884364
10:53:05,460340,batch_c_scan_6x7,18229772,45539080,6884252
10:53:06,460340,batch_c_scan_6x7,18229772,45539080,6884252
10:53:07,460340,batch_c_scan_6x7,18229772,45539080,6884252
10:53:08,460340,batch_c_scan_6x7,18229780,45539080,6884244
10:53:09,460340,batch_c_scan_6x7,18229780,45539080,6884244
10:53:10,460340,batch_c_scan_6x7,18229780,45539080,6884244
10:53:11,460340,batch_c_scan_6x7,18229780,45539080,6884244
10:53:12,460340,batch_c_scan_6x7,18229780,45539080,6884244
10:53:13,460340,batch_c_scan_6x7,18229784,45539080,6884240
10:53:14,460340,batch_c_scan_6x7,18229784,45539080,6884240
10:53:15,460340,batch_c_scan_6x7,18229784,45539080,6884240
10:53:16,460340,batch_c_scan_6x7,18229784,45539080,6884240
10:53:17,460340,batch_c_scan_6x7,18230792,45539080,6883232
10:53:18,460340,batch_c_scan_6x7,18230792,45539080,6883232
10:53:19,460340,batch_c_scan_6x7,18231804,45539080,6882220
10:53:20,460340,batch_c_scan_6x7,18231804,45539080,6882220
10:53:22,460340,batch_c_scan_6x7,18232812,45539080,6881212
10:53:23,460340,batch_c_scan_6x7,18232816,45539080,6881208
10:53:24,460340,batch_c_scan_6x7,18233824,45539080,6880200
10:53:25,460340,batch_c_scan_6x7,18234832,45539080,6879192
10:53:26,460340,batch_c_scan_6x7,18234832,45539080,6879192
10:53:27,460340,batch_c_scan_6x7,18235844,45539080,6878180
10:53:28,460340,batch_c_scan_6x7,18235848,45539080,6878176
10:53:29,460340,batch_c_scan_6x7,18235848,45539080,6878176
10:53:30,460340,batch_c_scan_6x7,18236076,45539080,6877948
10:53:31,460340,batch_c_scan_6x7,18237084,45539080,6876940
10:53:32,460340,batch_c_scan_6x7,18237088,45539080,6875932
10:53:33,460340,batch_c_scan_6x7,18238096,45539080,6875928
10:53:34,460340,batch_c_scan_6x7,18238096,45539080,6875928
10:53:35,460340,batch_c_scan_6x7,18238100,45539080,6875924
10:53:36,460340,batch_c_scan_6x7,18238100,45539080,6875924
10:53:37,460340,batch_c_scan_6x7,18238100,45539080,6875924
10:53:38,460340,batch_c_scan_6x7,18238100,45539080,6875924
10:53:39,460340,batch_c_scan_6x7,18238100,45539080,6875924
10:53:40,460340,batch_c_scan_6x7,18238100,45539080,6875924
10:53:41,460340,batch_c_scan_6x7,18238104,45539080,6875920
10:53:42,460340,batch_c_scan_6x7,18238176,45539080,6875848
10:53:43,460340,batch_c_scan_6x7,18250776,45539080,6863948
10:53:44,460340,batch_c_scan_6x7,18250776,45539080,6863948
10:53:45,460340,batch_c_scan_6x7,18250776,45539080,6863948
10:53:46,460340,batch_c_scan_6x7,18250776,45539080,6863948
10:53:47,460340,batch_c_scan_6x7,18251784,45539080,6862940
10:53:48,460340,batch_c_scan_6x7,18251784,45539080,6862940
10:53:49,460340,batch_c_scan_6x7,18253336,45539080,6861388
10:53:50,460340,batch_c_scan_6x7,18253336,45539080,6861388
10:53:51,460340,batch_c_scan_6x7,18253336,45539080,6861388
10:53:52,460340,batch_c_scan_6x7,18253336,45539080,6861388
10:53:53,460340,batch_c_scan_6x7,18253336,45539080,6861388
10:53:54,460340,batch_c_scan_6x7,18253336,45539080,6861388
10:53:55,460340,batch_c_scan_6x7,18253336,45539080,6861388
10:53:56,460340,batch_c_scan_6x7,18253336,45539080,6861388
10:53:57,460340,batch_c_scan_6x7,18254344,45539080,6860380
10:53:58,460340,batch_c_scan_6x7,18254344,45539080,6860380
10:53:59,460340,batch_c_scan_6x7,18254344,45539080,6860380
10:54:00,460340,batch_c_scan_6x7,18254344,45539080,6860380
10:54:01,460340,batch_c_scan_6x7,18254344,45539080,6860380
10:54:02,460340,batch_c_scan_6x7,18255132,45539080,6859592
10:54:03,460340,batch_c_scan_6x7,18255132,45539080,6859592
10:54:04,460340,batch_c_scan_6x7,18255136,45539080,6859588
10:54:05,460340,batch_c_scan_6x7,18255148,45539080,6859576
10:54:06,460340,batch_c_scan_6x7,18255148,45539080,6859576
10:54:07,460340,batch_c_scan_6x7,18255148,45539080,6859576
10:54:08,460340,batch_c_scan_6x7,18255148,45539080,6859576
10:54:09,460340,batch_c_scan_6x7,18255148,45539080,6859576
10:54:10,460340,batch_c_scan_6x7,18255148,45539080,6859576
10:54:11,460340,batch_c_scan_6x7,18255148,45539080,6859576
10:54:12,460340,batch_c_scan_6x7,18255148,45539080,6859576
10:54:13,460340,batch_c_scan_6x7,18255148,45539080,6859576
10:54:14,460340,batch_c_scan_6x7,18255148,45539080,6859576
10:54:15,460340,batch_c_scan_6x7,18255148,45539080,6859576
10:54:17,460340,batch_c_scan_6x7,18256160,45539080,6858564
10:54:18,460340,batch_c_scan_6x7,18256164,45539080,6858560
10:54:19,460340,batch_c_scan_6x7,18256164,45539080,6858560
10:54:20,460340,batch_c_scan_6x7,18256164,45539080,6858560
10:54:21,460340,batch_c_scan_6x7,18256168,45539080,6858556
10:54:22,460340,batch_c_scan_6x7,18256168,45539080,6858556
10:54:23,460340,batch_c_scan_6x7,18256172,45539080,6858552
10:54:24,460340,batch_c_scan_6x7,18256172,45539080,6858552
10:54:25,460340,batch_c_scan_6x7,18256176,45539080,6858548
10:54:26,460340,batch_c_scan_6x7,18256176,45539080,6858548
10:54:27,460340,batch_c_scan_6x7,18256180,45539080,6858544
10:54:28,460340,batch_c_scan_6x7,18256204,45539080,6858544
10:54:29,460340,batch_c_scan_6x7,18256180,45539080,6858544
10:54:30,460340,batch_c_scan_6x7,18256184,45539080,6858540
10:54:31,460340,batch_c_scan_6x7,18256184,45539080,6858540
10:54:32,460340,batch_c_scan_6x7,18256184,45539080,6858540
10:54:33,460340,batch_c_scan_6x7,18256184,45539080,6858540
10:54:34,460340,batch_c_scan_6x7,18257136,45539080,6857588
10:54:35,460340,batch_c_scan_6x7,18257136,45539080,6857588
10:54:36,460340,batch_c_scan_6x7,18257136,45539080,6857588
10:54:37,460340,batch_c_scan_6x7,18257140,45539080,6857584
10:54:38,460340,batch_c_scan_6x7,18257140,45539080,6857584
10:54:39,460340,batch_c_scan_6x7,18257140,45539080,6857584
10:54:40,460340,batch_c_scan_6x7,18257140,45539080,6857584
10:54:41,460340,batch_c_scan_6x7,18257284,45539080,6857440
10:54:42,460340,batch_c_scan_6x7,18257480,45539080,6857244
10:54:43,460340,batch_c_scan_6x7,18257584,45539080,6857140
10:54:44,460340,batch_c_scan_6x7,18257708,45539080,6857016
10:54:45,460340,batch_c_scan_6x7,18257708,45539080,6857016
10:54:46,460340,batch_c_scan_6x7,18257708,45539080,6857016
10:54:47,460340,batch_c_scan_6x7,18257708,45539080,6857016
10:54:48,460340,batch_c_scan_6x7,18257708,45539080,6857016
10:54:49,460340,batch_c_scan_6x7,18257788,45539080,6856936
10:54:50,460340,batch_c_scan_6x7,18257788,45539080,6856936
10:54:51,460340,batch_c_scan_6x7,18257936,45539080,6856788
10:54:52,460340,batch_c_scan_6x7,18257940,45539080,6856784
10:54:53,460340,batch_c_scan_6x7,18258136,45539080,6856588
10:54:54,460340,batch_c_scan_6x7,18258708,45539080,6856016
10:54:55,460340,batch_c_scan_6x7,18258708,45539080,6856016
10:54:56,460340,batch_c_scan_6x7,18259268,45539080,6855456
10:54:57,460340,batch_c_scan_6x7,18259268,45539080,6855456
10:54:58,460340,batch_c_scan_6x7,18259268,45539080,6855456
10:54:59,460340,batch_c_scan_6x7,18259268,45539080,6855456
10:55:00,460340,batch_c_scan_6x7,18260872,45539080,6853852
10:55:01,460340,batch_c_scan_6x7,18260876,45539080,6853848
10:55:02,460340,batch_c_scan_6x7,18261044,45539080,6853680
10:55:03,460340,batch_c_scan_6x7,18261044,45539080,6853680
10:55:04,460340,batch_c_scan_6x7,18261384,45539080,6853340
10:55:05,460340,batch_c_scan_6x7,18261384,45539080,6853340
10:55:06,460340,batch_c_scan_6x7,18261388,45539080,6853336
10:55:07,460340,batch_c_scan_6x7,18261388,45539080,6853336
10:55:08,460340,batch_c_scan_6x7,18261392,45539080,6853332
10:55:09,460340,batch_c_scan_6x7,18261560,45539080,6853164
10:55:11,460340,batch_c_scan_6x7,18261564,45539080,6853160
10:55:12,460340,batch_c_scan_6x7,18261564,45539080,6853160
10:55:13,460340,batch_c_scan_6x7,18261564,45539080,6853160
10:55:14,460340,batch_c_scan_6x7,18261564,45539080,6853160
10:55:15,460340,batch_c_scan_6x7,18263412,45539080,6851312
10:55:16,460340,batch_c_scan_6x7,18263468,45539080,6851256
10:55:17,460340,batch_c_scan_6x7,18263468,45539080,6851256
10:55:18,460340,batch_c_scan_6x7,18263480,45539080,6851244
10:55:19,460340,batch_c_scan_6x7,18263480,45539080,6851244
10:55:20,460340,batch_c_scan_6x7,18264544,45539080,6850180
10:55:21,460340,batch_c_scan_6x7,18264544,45539080,6850180
10:55:22,460340,batch_c_scan_6x7,18264544,45539080,6850180
10:55:23,460340,batch_c_scan_6x7,18266224,45539080,6848500
10:55:24,460340,batch_c_scan_6x7,18266224,45539080,6848500
10:55:25,460340,batch_c_scan_6x7,18266224,45539080,6848500
10:55:26,460340,batch_c_scan_6x7,18266224,45539080,6848500
10:55:27,460340,batch_c_scan_6x7,18267356,45539080,6847368
10:55:28,460340,batch_c_scan_6x7,18267420,45539080,6847304
10:55:29,460340,batch_c_scan_6x7,18267420,45539080,6847304
10:55:30,460340,batch_c_scan_6x7,18267560,45539080,6847164
10:55:31,460340,batch_c_scan_6x7,18267660,45539080,6847064
10:55:32,460340,batch_c_scan_6x7,18267660,45539080,6847064
10:55:33,460340,batch_c_scan_6x7,18267660,45539080,6847064
10:55:34,460340,batch_c_scan_6x7,18267660,45539080,6847064
10:55:35,460340,batch_c_scan_6x7,18267664,45539080,6847060
10:55:36,460340,batch_c_scan_6x7,18267664,45539080,6847060
10:55:37,460340,batch_c_scan_6x7,18267684,45539080,6847040
10:55:38,460340,batch_c_scan_6x7,18267684,45539080,6847040
10:55:39,460340,batch_c_scan_6x7,18267684,45539080,6847040
10:55:40,460340,batch_c_scan_6x7,18267688,45539080,6847036
10:55:41,460340,batch_c_scan_6x7,18267688,45539080,6847036
10:55:42,460340,batch_c_scan_6x7,18267688,45539080,6847036
10:55:43,460340,batch_c_scan_6x7,18267696,45539080,6847028
10:55:44,460340,batch_c_scan_6x7,18267696,45539080,6847028
10:55:45,460340,batch_c_scan_6x7,18267696,45539080,6847028
10:55:46,460340,batch_c_scan_6x7,18267696,45539080,6847028
10:55:47,460340,batch_c_scan_6x7,18267696,45539080,6847028
10:55:48,460340,batch_c_scan_6x7,18267720,45539080,6847028
10:55:49,460340,batch_c_scan_6x7,18267708,45539080,6847016
10:55:50,460340,batch_c_scan_6x7,18267708,45539080,6847016
10:55:51,460340,batch_c_scan_6x7,18267708,45539080,6847016
10:55:52,460340,batch_c_scan_6x7,18267712,45539080,6847012
10:55:53,460340,batch_c_scan_6x7,18267712,45539080,6847012
10:55:54,460340,batch_c_scan_6x7,18267712,45539080,6847012
10:55:55,460340,batch_c_scan_6x7,18267712,45539080,6847012
10:55:56,460340,batch_c_scan_6x7,18267712,45539080,6847012
10:55:57,460340,batch_c_scan_6x7,18267716,45539080,6847008
10:55:58,460340,batch_c_scan_6x7,18267716,45539080,6847008
10:55:59,460340,batch_c_scan_6x7,18267716,45539080,6847008
10:56:00,460340,batch_c_scan_6x7,18267716,45539080,6847008
10:56:01,460340,batch_c_scan_6x7,18267720,45539080,6847004
10:56:02,460340,batch_c_scan_6x7,18267720,45539080,6847004
10:56:03,460340,batch_c_scan_6x7,18267720,45539080,6847004
10:56:04,460340,batch_c_scan_6x7,18267720,45539080,6847004
10:56:06,460340,batch_c_scan_6x7,18267720,45539080,6847004
10:56:07,460340,batch_c_scan_6x7,18267724,45539080,6847000
10:56:08,460340,batch_c_scan_6x7,18267724,45539080,6847000
10:56:09,460340,batch_c_scan_6x7,18267724,45539080,6847000
10:56:10,460340,batch_c_scan_6x7,18267728,45539080,6846996
10:56:11,460340,batch_c_scan_6x7,18267728,45539080,6846996
10:56:12,460340,batch_c_scan_6x7,18267728,45539080,6846996
10:56:13,460340,batch_c_scan_6x7,18267728,45539080,6846996
10:56:14,460340,batch_c_scan_6x7,18269460,45539080,6845264
10:56:15,460340,batch_c_scan_6x7,18269464,45539080,6845260
10:56:16,460340,batch_c_scan_6x7,18269464,45539080,6845260
10:56:17,460340,batch_c_scan_6x7,18269464,45539080,6845260
10:56:18,460340,batch_c_scan_6x7,18269464,45539080,6845260
10:56:19,460340,batch_c_scan_6x7,18269468,45539080,6845256
10:56:20,460340,batch_c_scan_6x7,18269788,45539080,6844936
10:56:21,460340,batch_c_scan_6x7,18269788,45539080,6844936
10:56:22,460340,batch_c_scan_6x7,18269792,45539080,6844932
10:56:23,460340,batch_c_scan_6x7,18269792,45539080,6844932
10:56:24,460340,batch_c_scan_6x7,18269796,45539080,6844928
10:56:25,460340,batch_c_scan_6x7,18269796,45539080,6844928
10:56:26,460340,batch_c_scan_6x7,18269796,45539080,6844928
10:56:27,460340,batch_c_scan_6x7,18269800,45539080,6844924
10:56:28,460340,batch_c_scan_6x7,18269800,45539080,6844924
10:56:29,460340,batch_c_scan_6x7,18269800,45539080,6844924
10:56:30,460340,batch_c_scan_6x7,18269804,45539080,6844920
10:56:31,460340,batch_c_scan_6x7,18269804,45539080,6844920
10:56:32,460340,batch_c_scan_6x7,18269804,45539080,6844920
10:56:33,460340,batch_c_scan_6x7,18269804,45539080,6844920
10:56:34,460340,batch_c_scan_6x7,18269804,45539080,6844920
10:56:35,460340,batch_c_scan_6x7,18269804,45539080,6844920
10:56:36,460340,batch_c_scan_6x7,18269804,45539080,6844920
10:56:37,460340,batch_c_scan_6x7,18269808,45539080,6844916
10:56:38,460340,batch_c_scan_6x7,18269808,45539080,6844916
10:56:39,460340,batch_c_scan_6x7,18269808,45539080,6844916
10:56:40,460340,batch_c_scan_6x7,18269808,45539080,6844916
10:56:41,460340,batch_c_scan_6x7,18269808,45539080,6844916
10:56:42,460340,batch_c_scan_6x7,18269812,45539080,6844912
10:56:43,460340,batch_c_scan_6x7,18269812,45539080,6844912
10:56:44,460340,batch_c_scan_6x7,18269812,45539080,6844912
10:56:45,460340,batch_c_scan_6x7,18269812,45539080,6844912
10:56:46,460340,batch_c_scan_6x7,18269816,45539080,6844908
10:56:47,460340,batch_c_scan_6x7,18269816,45539080,6844908
10:56:48,460340,batch_c_scan_6x7,18269816,45539080,6844908
10:56:49,460340,batch_c_scan_6x7,18269816,45539080,6844908
10:56:50,460340,batch_c_scan_6x7,18269816,45539080,6844908
10:56:51,460340,batch_c_scan_6x7,18269820,45539080,6844904
10:56:52,460340,batch_c_scan_6x7,18269820,45539080,6844904
10:56:53,460340,batch_c_scan_6x7,18269820,45539080,6844904
10:56:54,460340,batch_c_scan_6x7,18269824,45539080,6844900
10:56:55,460340,batch_c_scan_6x7,18269824,45539080,6844900
10:56:56,460340,batch_c_scan_6x7,18269824,45539080,6844900
10:56:57,460340,batch_c_scan_6x7,18269824,45539080,6844900
10:56:58,460340,batch_c_scan_6x7,18269824,45539080,6844900
10:56:59,460340,batch_c_scan_6x7,18269828,45539080,6844896
10:57:01,460340,batch_c_scan_6x7,18269828,45539080,6844896
10:57:02,460340,batch_c_scan_6x7,18269828,45539080,6844896
10:57:03,460340,batch_c_scan_6x7,18269828,45539080,6844896
10:57:04,460340,batch_c_scan_6x7,18269832,45539080,6844892
10:57:05,460340,batch_c_scan_6x7,18269832,45539080,6844892
10:57:06,460340,batch_c_scan_6x7,18269832,45539080,6844892
10:57:07,460340,batch_c_scan_6x7,18270700,45539080,6844024
10:57:08,460340,batch_c_scan_6x7,18270728,45539080,6843996
10:57:09,460340,batch_c_scan_6x7,18270732,45539080,6843992
10:57:10,460340,batch_c_scan_6x7,18270732,45539080,6843992
10:57:11,460340,batch_c_scan_6x7,18270732,45539080,6843992
10:57:12,460340,batch_c_scan_6x7,18270736,45539080,6843988
10:57:13,460340,batch_c_scan_6x7,18270736,45539080,6843988
10:57:14,460340,batch_c_scan_6x7,18270736,45539080,6843988
10:57:15,460340,batch_c_scan_6x7,18270736,45539080,6843988
10:57:16,460340,batch_c_scan_6x7,18270736,45539080,6843988
10:57:17,460340,batch_c_scan_6x7,18270736,45539080,6843988
10:57:18,460340,batch_c_scan_6x7,18270736,45539080,6843988
10:57:19,460340,batch_c_scan_6x7,18270736,45539080,6843988
10:57:20,460340,batch_c_scan_6x7,18270736,45539080,6843988
10:57:21,460340,batch_c_scan_6x7,18270740,45539080,6843984
10:57:22,460340,batch_c_scan_6x7,18270740,45539080,6843984
10:57:23,460340,batch_c_scan_6x7,18270740,45539080,6843984
10:57:24,460340,batch_c_scan_6x7,18270740,45539080,6843984
10:57:25,460340,batch_c_scan_6x7,18270740,45539080,6843984
10:57:26,460340,batch_c_scan_6x7,18271604,45539080,6841544
10:57:27,460340,batch_c_scan_6x7,18274364,45539080,6840360
10:57:28,460340,batch_c_scan_6x7,18274444,45539080,6840280
10:57:29,460340,batch_c_scan_6x7,18274452,45539080,6840272
10:57:30,460340,batch_c_scan_6x7,18274460,45539080,6840264
10:57:31,460340,batch_c_scan_6x7,18274460,45539080,6840264
10:57:32,460340,batch_c_scan_6x7,18274464,45539080,6840260
10:57:33,460340,batch_c_scan_6x7,18274468,45539080,6840256
10:57:34,460340,batch_c_scan_6x7,18274472,45539080,6840252
10:57:35,460340,batch_c_scan_6x7,18274476,45539080,6840248
10:57:36,460340,batch_c_scan_6x7,18274476,45539080,6840248
10:57:37,460340,batch_c_scan_6x7,18274480,45539080,6840244
10:57:38,460340,batch_c_scan_6x7,18274492,45539080,6840232
10:57:39,460340,batch_c_scan_6x7,18274496,45539080,6840228
10:57:40,460340,batch_c_scan_6x7,18274496,45539080,6840228
10:57:41,460340,batch_c_scan_6x7,18274496,45539080,6840228
10:57:42,460340,batch_c_scan_6x7,18274504,45539080,6840220
10:57:43,460340,batch_c_scan_6x7,18274508,45539080,6840216
10:57:44,460340,batch_c_scan_6x7,18274676,45539080,6840048
10:57:45,460340,batch_c_scan_6x7,18274676,45539080,6840048
10:57:46,460340,batch_c_scan_6x7,18274680,45539080,6840044
10:57:47,460340,batch_c_scan_6x7,18274688,45539080,6840036
10:57:48,460340,batch_c_scan_6x7,18274688,45539080,6840036
10:57:49,460340,batch_c_scan_6x7,18274688,45539080,6840036
10:57:50,460340,batch_c_scan_6x7,18274692,45539080,6840032
10:57:51,460340,batch_c_scan_6x7,18274696,45539080,6840028
10:57:52,460340,batch_c_scan_6x7,18274700,45539080,6840024
10:57:53,460340,batch_c_scan_6x7,18274700,45539080,6840024
10:57:55,460340,batch_c_scan_6x7,18274704,45539080,6840020
10:57:56,460340,batch_c_scan_6x7,18274872,45539080,6839852
10:57:57,460340,batch_c_scan_6x7,18274872,45539080,6839852
10:57:58,460340,batch_c_scan_6x7,18274872,45539080,6839852
10:57:59,460340,batch_c_scan_6x7,18274884,45539080,6839840
10:58:00,460340,batch_c_scan_6x7,18274888,45539080,6839836
10:58:01,460340,batch_c_scan_6x7,18274896,45539080,6839828
10:58:02,460340,batch_c_scan_6x7,18274896,45539080,6839828
10:58:03,460340,batch_c_scan_6x7,18274896,45539080,6839828
10:58:04,460340,batch_c_scan_6x7,18274900,45539080,6839824
10:58:05,460340,batch_c_scan_6x7,18274904,45539080,6839820
10:58:06,460340,batch_c_scan_6x7,18274920,45539080,6839804
10:58:07,460340,batch_c_scan_6x7,18274920,45539080,6839804
10:58:08,460340,batch_c_scan_6x7,18274920,45539080,6839804
10:58:09,460340,batch_c_scan_6x7,18274924,45539080,6839800
10:58:10,460340,batch_c_scan_6x7,18274924,45539080,6839800
10:58:11,460340,batch_c_scan_6x7,18274924,45539080,6839800
10:58:12,460340,batch_c_scan_6x7,18274932,45539080,6839792
10:58:13,460340,batch_c_scan_6x7,18274936,45539080,6839788
10:58:14,460340,batch_c_scan_6x7,18274940,45539080,6839784
10:58:15,460340,batch_c_scan_6x7,18274964,45539080,6839760
10:58:16,460340,batch_c_scan_6x7,18274964,45539080,6839760
10:58:17,460340,batch_c_scan_6x7,18274968,45539080,6839756
10:58:18,460340,batch_c_scan_6x7,18274972,45539080,6839752
10:58:19,460340,batch_c_scan_6x7,18275172,45539080,6839552
10:58:20,460340,batch_c_scan_6x7,18275184,45539080,6839540
10:58:21,460340,batch_c_scan_6x7,18275184,45539080,6839540
10:58:22,460340,batch_c_scan_6x7,18275196,45539080,6839528
10:58:23,460340,batch_c_scan_6x7,18275196,45539080,6839528
10:58:24,460340,batch_c_scan_6x7,18275204,45539080,6839520
10:58:25,460340,batch_c_scan_6x7,18275208,45539080,6839516
10:58:26,460340,batch_c_scan_6x7,18275208,45539080,6839516
10:58:27,460340,batch_c_scan_6x7,18275208,45539080,6839516
10:58:28,460340,batch_c_scan_6x7,18277052,45539080,6837672
10:58:29,460340,batch_c_scan_6x7,18277052,45539080,6837672
10:58:30,460340,batch_c_scan_6x7,18277060,45539080,6837664
10:58:31,460340,batch_c_scan_6x7,18277060,45539080,6837664
10:58:32,460340,batch_c_scan_6x7,18277060,45539080,6837664
10:58:33,460340,batch_c_scan_6x7,18277064,45539080,6837660
10:58:34,460340,batch_c_scan_6x7,18277064,45539080,6837660
10:58:35,460340,batch_c_scan_6x7,18277068,45539080,6837656
10:58:36,460340,batch_c_scan_6x7,18277072,45539080,6837652
10:58:37,460340,batch_c_scan_6x7,18277072,45539080,6837652
10:58:38,460340,batch_c_scan_6x7,18277072,45539080,6837652
10:58:39,460340,batch_c_scan_6x7,18277072,45539080,6837652
10:58:40,460340,batch_c_scan_6x7,18277072,45539080,6837652
10:58:41,460340,batch_c_scan_6x7,18277080,45539080,6837644
10:58:42,460340,batch_c_scan_6x7,18277084,45539080,6837640
10:58:43,460340,batch_c_scan_6x7,18277084,45539080,6837640
10:58:44,460340,batch_c_scan_6x7,18277084,45539080,6837640
10:58:45,460340,batch_c_scan_6x7,18277616,45539080,6837108
10:58:46,460340,batch_c_scan_6x7,18277616,45539080,6837108
10:58:47,460340,batch_c_scan_6x7,18277620,45539080,6837104
10:58:48,460340,batch_c_scan_6x7,18277620,45539080,6837104
10:58:50,460340,batch_c_scan_6x7,18277656,45539080,6837068
10:58:51,460340,batch_c_scan_6x7,18277656,45539080,6837068
10:58:52,460340,batch_c_scan_6x7,18277656,45539080,6837068
10:58:53,460340,batch_c_scan_6x7,18277672,45539080,6837052
10:58:54,460340,batch_c_scan_6x7,18277676,45539080,6837048
10:58:55,460340,batch_c_scan_6x7,18277676,45539080,6837048
10:58:56,460340,batch_c_scan_6x7,18277676,45539080,6837048
10:58:57,460340,batch_c_scan_6x7,18277676,45539080,6837048
10:58:58,460340,batch_c_scan_6x7,18277676,45539080,6837048
10:58:59,460340,batch_c_scan_6x7,18277680,45539080,6837044
10:59:00,460340,batch_c_scan_6x7,18277684,45539080,6837040
10:59:01,460340,batch_c_scan_6x7,18277684,45539080,6837040
10:59:02,460340,batch_c_scan_6x7,18277684,45539080,6837040
10:59:03,460340,batch_c_scan_6x7,18277684,45539080,6837040
10:59:04,460340,batch_c_scan_6x7,18277684,45539080,6837040
10:59:05,460340,batch_c_scan_6x7,18277688,45539080,6837036
10:59:06,460340,batch_c_scan_6x7,18277688,45539080,6837036
10:59:07,460340,batch_c_scan_6x7,18277692,45539080,6837032
10:59:08,460340,batch_c_scan_6x7,18277692,45539080,6837032
10:59:09,460340,batch_c_scan_6x7,18277692,45539080,6837032
10:59:10,460340,batch_c_scan_6x7,18277696,45539080,6837028
10:59:11,460340,batch_c_scan_6x7,18277696,45539080,6837028
10:59:12,460340,batch_c_scan_6x7,18277696,45539080,6837028
10:59:13,460340,batch_c_scan_6x7,18277700,45539080,6837024
10:59:14,460340,batch_c_scan_6x7,18277700,45539080,6837024
10:59:15,460340,batch_c_scan_6x7,18277700,45539080,6837024
10:59:16,460340,batch_c_scan_6x7,18277704,45539080,6837020
10:59:17,460340,batch_c_scan_6x7,18277704,45539080,6837020
10:59:18,460340,batch_c_scan_6x7,18277708,45539080,6837016
10:59:19,460340,batch_c_scan_6x7,18277708,45539080,6837016
10:59:20,460340,batch_c_scan_6x7,18277708,45539080,6837016
10:59:21,460340,batch_c_scan_6x7,18277708,45539080,6837016
10:59:22,460340,batch_c_scan_6x7,18277712,45539080,6837012
10:59:23,460340,batch_c_scan_6x7,18277712,45539080,6837012
10:59:24,460340,batch_c_scan_6x7,18278580,45539080,6836144
10:59:25,460340,batch_c_scan_6x7,18278580,45539080,6836144
10:59:26,460340,batch_c_scan_6x7,18278580,45539080,6836144
10:59:27,460340,batch_c_scan_6x7,18278580,45539080,6836144
10:59:28,460340,batch_c_scan_6x7,18278580,45539080,6836144
10:59:29,460340,batch_c_scan_6x7,18278584,45539080,6836140
10:59:30,460340,batch_c_scan_6x7,18278584,45539080,6836140
10:59:31,460340,batch_c_scan_6x7,18278604,45539080,6836120
10:59:32,460340,batch_c_scan_6x7,18278604,45539080,6836120
10:59:33,460340,batch_c_scan_6x7,18278608,45539080,6836116
10:59:34,460340,batch_c_scan_6x7,18278608,45539080,6836116
10:59:35,460340,batch_c_scan_6x7,18278608,45539080,6836116
10:59:36,460340,batch_c_scan_6x7,18278612,45539080,6836112
10:59:37,460340,batch_c_scan_6x7,18278640,45539080,6836084
10:59:38,460340,batch_c_scan_6x7,18278640,45539080,6836084
10:59:39,460340,batch_c_scan_6x7,18278640,45539080,6836084
10:59:40,460340,batch_c_scan_6x7,18278644,45539080,6836080
10:59:41,460340,batch_c_scan_6x7,18278648,45539080,6836076
10:59:42,460340,batch_c_scan_6x7,18278648,45539080,6836076
10:59:43,460340,batch_c_scan_6x7,18278648,45539080,6836076
10:59:45,460340,batch_c_scan_6x7,18278648,45539080,6836076
10:59:46,460340,batch_c_scan_6x7,18278648,45539080,6836076
10:59:47,460340,batch_c_scan_6x7,18278652,45539080,6836072
10:59:48,460340,batch_c_scan_6x7,18278656,45539080,6836068
10:59:49,460340,batch_c_scan_6x7,18278656,45539080,6836068
10:59:50,460340,batch_c_scan_6x7,18278656,45539080,6836068
10:59:51,460340,batch_c_scan_6x7,18278656,45539080,6836068
10:59:52,460340,batch_c_scan_6x7,18278656,45539080,6836068
10:59:53,460340,batch_c_scan_6x7,18278660,45539080,6836064
10:59:54,460340,batch_c_scan_6x7,18278660,45539080,6836064
10:59:55,460340,batch_c_scan_6x7,18278664,45539080,6836060
10:59:56,460340,batch_c_scan_6x7,18278664,45539080,6836060
10:59:57,460340,batch_c_scan_6x7,18278664,45539080,6836060
10:59:58,460340,batch_c_scan_6x7,18278664,45539080,6836060
10:59:59,460340,batch_c_scan_6x7,18278664,45539080,6836060
11:00:00,460340,batch_c_scan_6x7,18278664,45539080,6836060
11:00:01,460340,batch_c_scan_6x7,18278664,45539080,6836060
11:00:02,460340,batch_c_scan_6x7,18278664,45539080,6836060
11:00:03,460340,batch_c_scan_6x7,18278664,45539080,6836060
11:00:04,460340,batch_c_scan_6x7,18278668,45539080,6836056
11:00:05,460340,batch_c_scan_6x7,18278668,45539080,6836056
11:00:06,460340,batch_c_scan_6x7,18278672,45539080,6836052
11:00:07,460340,batch_c_scan_6x7,18278672,45539080,6836052
11:00:08,460340,batch_c_scan_6x7,18278672,45539080,6836052
11:00:09,460340,batch_c_scan_6x7,18278672,45539080,6836052
11:00:10,460340,batch_c_scan_6x7,18278672,45539080,6836052
11:00:11,460340,batch_c_scan_6x7,18278676,45539080,6836048
11:00:12,460340,batch_c_scan_6x7,18278680,45539080,6836044
11:00:13,460340,batch_c_scan_6x7,18278680,45539080,6836044
11:00:14,460340,batch_c_scan_6x7,18278680,45539080,6836044
11:00:15,460340,batch_c_scan_6x7,18278680,45539080,6836044
11:00:16,460340,batch_c_scan_6x7,18278680,45539080,6836044
11:00:17,460340,batch_c_scan_6x7,18278680,45539080,6836044
11:00:18,460340,batch_c_scan_6x7,18278680,45539080,6836044
11:00:19,460340,batch_c_scan_6x7,18278680,45539080,6836044
11:00:20,460340,batch_c_scan_6x7,18278680,45539080,6836044
11:00:21,460340,batch_c_scan_6x7,18278684,45539080,6836040
11:00:22,460340,batch_c_scan_6x7,18278684,45539080,6836040
11:00:23,460340,batch_c_scan_6x7,18278684,45539080,6836040
11:00:24,460340,batch_c_scan_6x7,18278688,45539080,6836036
11:00:25,460340,batch_c_scan_6x7,18278688,45539080,6836036
11:00:26,460340,batch_c_scan_6x7,18278688,45539080,6836036
11:00:27,460340,batch_c_scan_6x7,18278688,45539080,6836036
11:00:28,460340,batch_c_scan_6x7,18278692,45539080,6836032
11:00:29,460340,batch_c_scan_6x7,18278696,45539080,6836028
11:00:30,460340,batch_c_scan_6x7,18278696,45539080,6836028
11:00:31,460340,batch_c_scan_6x7,18278696,45539080,6836028
11:00:32,460340,batch_c_scan_6x7,18278696,45539080,6836028
11:00:33,460340,batch_c_scan_6x7,18278696,45539080,6836028
11:00:34,460340,batch_c_scan_6x7,18278700,45539080,6836024
11:00:35,460340,batch_c_scan_6x7,18278700,45539080,6836024
11:00:36,460340,batch_c_scan_6x7,18278704,45539080,6836020
11:00:37,460340,batch_c_scan_6x7,18278704,45539080,6836020
11:00:38,460340,batch_c_scan_6x7,18278704,45539080,6836020
11:00:40,460340,batch_c_scan_6x7,18278704,45539080,6836020
11:00:41,460340,batch_c_scan_6x7,18278708,45539080,6836016
11:00:42,460340,batch_c_scan_6x7,18278708,45539080,6836016
11:00:43,460340,batch_c_scan_6x7,18278712,45539080,6836012
11:00:44,460340,batch_c_scan_6x7,18278712,45539080,6836012
11:00:45,460340,batch_c_scan_6x7,18278712,45539080,6836012
11:00:46,460340,batch_c_scan_6x7,18278712,45539080,6836012
11:00:47,460340,batch_c_scan_6x7,18278712,45539080,6836012
11:00:48,460340,batch_c_scan_6x7,18278712,45539080,6836012
11:00:49,460340,batch_c_scan_6x7,18278712,45539080,6836012
11:00:50,460340,batch_c_scan_6x7,18278712,45539080,6836012
11:00:51,460340,batch_c_scan_6x7,18278712,45539080,6836012
11:00:52,460340,batch_c_scan_6x7,18278716,45539080,6836008
11:00:53,460340,batch_c_scan_6x7,18278716,45539080,6836008
11:00:54,460340,batch_c_scan_6x7,18278720,45539080,6836004
11:00:55,460340,batch_c_scan_6x7,18278720,45539080,6836004
11:00:56,460340,batch_c_scan_6x7,18278720,45539080,6836004
11:00:57,460340,batch_c_scan_6x7,18278720,45539080,6836004
11:00:58,460340,batch_c_scan_6x7,18278720,45539080,6836004
11:00:59,460340,batch_c_scan_6x7,18278724,45539080,6836000
11:01:00,460340,batch_c_scan_6x7,18278728,45539080,6835996
11:01:01,460340,batch_c_scan_6x7,18278728,45539080,6835996
11:01:02,460340,batch_c_scan_6x7,18278728,45539080,6835996
11:01:03,460340,batch_c_scan_6x7,18278728,45539080,6835996
11:01:04,460340,batch_c_scan_6x7,18278728,45539080,6835996
11:01:05,460340,batch_c_scan_6x7,18278732,45539080,6835992
11:01:06,460340,batch_c_scan_6x7,18278732,45539080,6835992
11:01:07,460340,batch_c_scan_6x7,18278736,45539080,6835988
11:01:08,460340,batch_c_scan_6x7,18279632,45539080,6835092
11:01:09,460340,batch_c_scan_6x7,18279632,45539080,6835092
11:01:10,460340,batch_c_scan_6x7,18280448,45539080,6834276
11:01:11,460340,batch_c_scan_6x7,18280448,45539080,6834276
11:01:12,460340,batch_c_scan_6x7,18280452,45539080,6834272
11:01:13,460340,batch_c_scan_6x7,18280452,45539080,6834272
11:01:14,460340,batch_c_scan_6x7,18280452,45539080,6834272
11:01:15,460340,batch_c_scan_6x7,18280452,45539080,6834272
11:01:16,460340,batch_c_scan_6x7,18280456,45539080,6834268
11:01:17,460340,batch_c_scan_6x7,18280456,45539080,6834268
11:01:18,460340,batch_c_scan_6x7,18280460,45539080,6834264
11:01:19,460340,batch_c_scan_6x7,18280460,45539080,6834264
11:01:20,460340,batch_c_scan_6x7,18280460,45539080,6834264
11:01:21,460340,batch_c_scan_6x7,18280460,45539080,6834264
11:01:22,460340,batch_c_scan_6x7,18280460,45539080,6834264
11:01:23,460340,batch_c_scan_6x7,18280464,45539080,6834260
11:01:24,460340,batch_c_scan_6x7,18280468,45539080,6834256
11:01:25,460340,batch_c_scan_6x7,18280468,45539080,6834256
11:01:26,460340,batch_c_scan_6x7,18280468,45539080,6834256
11:01:27,460340,batch_c_scan_6x7,18280468,45539080,6834256
11:01:28,460340,batch_c_scan_6x7,18280472,45539080,6834252
11:01:29,460340,batch_c_scan_6x7,18280472,45539080,6834252
11:01:30,460340,batch_c_scan_6x7,18280472,45539080,6834252
11:01:31,460340,batch_c_scan_6x7,18280476,45539080,6834248
11:01:32,460340,batch_c_scan_6x7,18280476,45539080,6834248
11:01:34,460340,batch_c_scan_6x7,18280476,45539080,6834248
11:01:35,460340,batch_c_scan_6x7,18280480,45539080,6834244
11:01:36,460340,batch_c_scan_6x7,18280480,45539080,6834244
11:01:37,460340,batch_c_scan_6x7,18280484,45539080,6834240
11:01:38,460340,batch_c_scan_6x7,18280484,45539080,6834240
11:01:39,460340,batch_c_scan_6x7,18280484,45539080,6834240
11:01:40,460340,batch_c_scan_6x7,18280484,45539080,6834240
11:01:41,460340,batch_c_scan_6x7,18280488,45539080,6834236
11:01:42,460340,batch_c_scan_6x7,18280488,45539080,6834236
11:01:43,460340,batch_c_scan_6x7,18280492,45539080,6834232
11:01:44,460340,batch_c_scan_6x7,18280492,45539080,6834232
11:01:45,460340,batch_c_scan_6x7,18280492,45539080,6834232
11:01:46,460340,batch_c_scan_6x7,18282536,45539080,6832188
11:01:47,460340,batch_c_scan_6x7,18282540,45539080,6832184
11:01:48,460340,batch_c_scan_6x7,18282540,45539080,6832184
11:01:49,460340,batch_c_scan_6x7,18282544,45539080,6832180
11:01:50,460340,batch_c_scan_6x7,18282544,45539080,6832180
11:01:51,460340,batch_c_scan_6x7,18282544,45539080,6832180
11:01:52,460340,batch_c_scan_6x7,18282548,45539080,6832176
11:01:53,460340,batch_c_scan_6x7,18282548,45539080,6832176
11:01:54,460340,batch_c_scan_6x7,18282548,45539080,6832176
11:01:55,460340,batch_c_scan_6x7,18282552,45539080,6832172
11:01:56,460340,batch_c_scan_6x7,18282552,45539080,6832172
11:01:57,460340,batch_c_scan_6x7,18282572,45539080,6832152
11:01:58,460340,batch_c_scan_6x7,18282572,45539080,6832152
11:01:59,460340,batch_c_scan_6x7,18282576,45539080,6832148
11:02:00,460340,batch_c_scan_6x7,18287816,45539080,6826920
11:02:01,460340,batch_c_scan_6x7,18287840,45539080,6826896
11:02:02,460340,batch_c_scan_6x7,18287852,45539080,6826884
11:02:03,460340,batch_c_scan_6x7,18287852,45539080,6826884
11:02:04,460340,batch_c_scan_6x7,18287980,45539080,6826756
11:02:05,460340,batch_c_scan_6x7,18287980,45539080,6826756
11:02:06,460340,batch_c_scan_6x7,18294228,45539080,6822576
11:02:07,460340,batch_c_scan_6x7,18294228,45539080,6822576
11:02:08,460340,batch_c_scan_6x7,18294976,45539080,6822204
11:02:09,460340,batch_c_scan_6x7,18295208,45539080,6821996
11:02:10,460340,batch_c_scan_6x7,18295248,45539080,6821964
11:02:11,460340,batch_c_scan_6x7,18301488,45539080,6815724
11:02:12,460340,batch_c_scan_6x7,18301492,45539080,6815720
11:02:13,460340,batch_c_scan_6x7,18301516,45539080,6815712
11:02:14,460340,batch_c_scan_6x7,18302168,45539080,6815072
11:02:15,460340,batch_c_scan_6x7,18302168,45539080,6815072
11:02:16,460340,batch_c_scan_6x7,18302520,45539080,6814904
11:02:17,460340,batch_c_scan_6x7,18302520,45539080,6814904
11:02:18,460340,batch_c_scan_6x7,18302532,45539080,6814892
11:02:19,460340,batch_c_scan_6x7,18303048,45539080,6814376
11:02:20,460340,batch_c_scan_6x7,18303048,45539080,6814376
11:02:21,460340,batch_c_scan_6x7,18311176,45539080,6806248
11:02:22,460340,batch_c_scan_6x7,18311208,45539080,6806216
11:02:23,460340,batch_c_scan_6x7,18311208,45539080,6806216
11:02:24,460340,batch_c_scan_6x7,18311336,45539080,6806088
11:02:25,460340,batch_c_scan_6x7,18311352,45539080,6806072
11:02:26,460340,batch_c_scan_6x7,18311388,45539080,6806048
11:02:27,460340,batch_c_scan_6x7,18311568,45539080,6805868
11:02:29,460340,batch_c_scan_6x7,18311568,45539080,6805868
11:02:30,460340,batch_c_scan_6x7,18321972,45539080,6795968
11:02:31,460340,batch_c_scan_6x7,18321976,45539080,6795964
11:02:32,460340,batch_c_scan_6x7,18321976,45539080,6795964
11:02:33,460340,batch_c_scan_6x7,18322960,45539080,6794980
11:02:34,460340,batch_c_scan_6x7,18322960,45539080,6794980
11:02:35,460340,batch_c_scan_6x7,18323076,45539080,6794864
11:02:36,460340,batch_c_scan_6x7,18323076,45539080,6794864
11:02:37,460340,batch_c_scan_6x7,18323076,45539080,6794864
11:02:38,460340,batch_c_scan_6x7,18323092,45539080,6794848
11:02:39,460340,batch_c_scan_6x7,18323092,45539080,6794848
11:02:40,460340,batch_c_scan_6x7,18323096,45539080,6794844
11:02:41,460340,batch_c_scan_6x7,18323096,45539080,6794844
11:02:42,460340,batch_c_scan_6x7,18323096,45539080,6794844
11:02:43,460340,batch_c_scan_6x7,18323172,45539080,6794768
11:02:44,460340,batch_c_scan_6x7,18323184,45539080,6794756
11:02:45,460340,batch_c_scan_6x7,18323184,45539080,6794756
11:02:46,460340,batch_c_scan_6x7,18323472,45539080,6794472
11:02:47,460340,batch_c_scan_6x7,18323472,45539080,6794472
11:02:48,460340,batch_c_scan_6x7,18323472,45539080,6794472
11:02:49,460340,batch_c_scan_6x7,18323472,45539080,6794472
11:02:50,460340,batch_c_scan_6x7,18323472,45539080,6794472
11:02:51,460340,batch_c_scan_6x7,18323476,45539080,6794468
11:02:52,460340,batch_c_scan_6x7,18323480,45539080,6794464
11:02:53,460340,batch_c_scan_6x7,18323552,45539080,6794392
11:02:54,460340,batch_c_scan_6x7,18323708,45539080,6794288
11:02:55,460340,batch_c_scan_6x7,18323732,45539080,6794288
11:02:56,460340,batch_c_scan_6x7,18324468,45539080,6793528
11:02:57,460340,batch_c_scan_6x7,18324864,45539080,6793136
11:02:58,460340,batch_c_scan_6x7,18324864,45539080,6793136
11:02:59,460340,batch_c_scan_6x7,18324872,45539080,6793128
11:03:00,460340,batch_c_scan_6x7,18324872,45539080,6793128
11:03:01,460340,batch_c_scan_6x7,18324872,45539080,6793128
11:03:02,460340,batch_c_scan_6x7,18324876,45539080,6793124
11:03:03,460340,batch_c_scan_6x7,18324876,45539080,6793124
11:03:04,460340,batch_c_scan_6x7,18330076,45539080,6788396
11:03:05,460340,batch_c_scan_6x7,18330076,45539080,6788396
11:03:06,460340,batch_c_scan_6x7,18330076,45539080,6788396
11:03:07,460340,batch_c_scan_6x7,18330152,45539080,6788320
11:03:08,460340,batch_c_scan_6x7,18330164,45539080,6788308
11:03:09,460340,batch_c_scan_6x7,18330168,45539080,6788304
11:03:10,460340,batch_c_scan_6x7,18330172,45539080,6788300
11:03:11,460340,batch_c_scan_6x7,18330172,45539080,6788300
11:03:12,460340,batch_c_scan_6x7,18330176,45539080,6788296
11:03:13,460340,batch_c_scan_6x7,18330176,45539080,6788296
11:03:14,460340,batch_c_scan_6x7,18330176,45539080,6788296
11:03:15,460340,batch_c_scan_6x7,18330184,45539080,6788288
11:03:16,460340,batch_c_scan_6x7,18330464,45539080,6788108
11:03:17,460340,batch_c_scan_6x7,18330468,45539080,6788104
11:03:18,460340,batch_c_scan_6x7,18330468,45539080,6788104
11:03:19,460340,batch_c_scan_6x7,18330468,45539080,6788104
11:03:20,460340,batch_c_scan_6x7,18330480,45539080,6788092
11:03:21,460340,batch_c_scan_6x7,18330600,45539080,6787972
11:03:23,460340,batch_c_scan_6x7,18330600,45539080,6787972
11:03:24,460340,batch_c_scan_6x7,18330604,45539080,6787968
11:03:25,460340,batch_c_scan_6x7,18330628,45539080,6787968
11:03:26,460340,batch_c_scan_6x7,18330604,45539080,6787968
11:03:27,460340,batch_c_scan_6x7,18331512,45539080,6787156
11:03:28,460340,batch_c_scan_6x7,18331512,45539080,6787156
11:03:29,460340,batch_c_scan_6x7,18331524,45539080,6787144
11:03:30,460340,batch_c_scan_6x7,18331524,45539080,6787144
11:03:31,460340,batch_c_scan_6x7,18331524,45539080,6787144
11:03:32,460340,batch_c_scan_6x7,18331596,45539080,6787072
11:03:33,460340,batch_c_scan_6x7,18331596,45539080,6787072
11:03:34,460340,batch_c_scan_6x7,18331600,45539080,6787068
11:03:35,460340,batch_c_scan_6x7,18331604,45539080,6787064
11:03:36,460340,batch_c_scan_6x7,18331604,45539080,6787064
11:03:37,460340,batch_c_scan_6x7,18331604,45539080,6787064
11:03:38,460340,batch_c_scan_6x7,18332592,45539080,6786076
11:03:39,460340,batch_c_scan_6x7,18333328,45539080,6785340
11:03:40,460340,batch_c_scan_6x7,18333332,45539080,6785336
11:03:41,460340,batch_c_scan_6x7,18333332,45539080,6785336
11:03:42,460340,batch_c_scan_6x7,18333336,45539080,6785332
11:03:43,460340,batch_c_scan_6x7,18333336,45539080,6785332
11:03:44,460340,batch_c_scan_6x7,18333336,45539080,6785332
11:03:45,460340,batch_c_scan_6x7,18333356,45539080,6785312
11:03:46,460340,batch_c_scan_6x7,18333480,45539080,6785188
11:03:47,460340,batch_c_scan_6x7,18335480,45539080,6783188
11:03:48,460340,batch_c_scan_6x7,18335484,45539080,6783184
11:03:49,460340,batch_c_scan_6x7,18335484,45539080,6783184
11:03:50,460340,batch_c_scan_6x7,18335484,45539080,6783184
11:03:51,460340,batch_c_scan_6x7,18335504,45539080,6783164
11:03:52,460340,batch_c_scan_6x7,18335504,45539080,6783164
11:03:53,460340,batch_c_scan_6x7,18335508,45539080,6783160
11:03:54,460340,batch_c_scan_6x7,18335508,45539080,6783160
11:03:55,460340,batch_c_scan_6x7,18335508,45539080,6783160
11:03:56,460340,batch_c_scan_6x7,18335508,45539080,6783160
11:03:57,460340,batch_c_scan_6x7,18335508,45539080,6783160
11:03:58,460340,batch_c_scan_6x7,18335732,45539080,6782936
11:03:59,460340,batch_c_scan_6x7,18335732,45539080,6782936
11:04:00,460340,batch_c_scan_6x7,18335732,45539080,6782936
11:04:01,460340,batch_c_scan_6x7,18335744,45539080,6782924
11:04:02,460340,batch_c_scan_6x7,18335744,45539080,6782924
11:04:03,460340,batch_c_scan_6x7,18335784,45539080,6782884
11:04:04,460340,batch_c_scan_6x7,18335796,45539080,6782872
11:04:05,460340,batch_c_scan_6x7,18335796,45539080,6782872
11:04:06,460340,batch_c_scan_6x7,18335800,45539080,6782868
11:04:07,460340,batch_c_scan_6x7,18336032,45539080,6782660
11:04:08,460340,batch_c_scan_6x7,18336012,45539080,6782656
11:04:09,460340,batch_c_scan_6x7,18336012,45539080,6782656
11:04:10,460340,batch_c_scan_6x7,18336012,45539080,6782656
11:04:11,460340,batch_c_scan_6x7,18336208,45539080,6782460
11:04:12,460340,batch_c_scan_6x7,18336256,45539080,6782412
11:04:13,460340,batch_c_scan_6x7,18336256,45539080,6782412
11:04:14,460340,batch_c_scan_6x7,18336296,45539080,6782372
11:04:15,460340,batch_c_scan_6x7,18336296,45539080,6782372
11:04:16,460340,batch_c_scan_6x7,18336300,45539080,6782368
11:04:18,460340,batch_c_scan_6x7,18336304,45539080,6782364
11:04:19,460340,batch_c_scan_6x7,18336304,45539080,6782364
11:04:20,460340,batch_c_scan_6x7,18336308,45539080,6782360
11:04:21,460340,batch_c_scan_6x7,18336308,45539080,6782360
11:04:22,460340,batch_c_scan_6x7,18336308,45539080,6782360
11:04:23,460340,batch_c_scan_6x7,18336312,45539080,6782356
11:04:24,460340,batch_c_scan_6x7,18336312,45539080,6782356
11:04:25,460340,batch_c_scan_6x7,18336316,45539080,6782352
11:04:26,460340,batch_c_scan_6x7,18336388,45539080,6782280
11:04:27,460340,batch_c_scan_6x7,18336388,45539080,6782280
11:04:28,460340,batch_c_scan_6x7,18336392,45539080,6782276
11:04:29,460340,batch_c_scan_6x7,18336416,45539080,6782276
11:04:30,460340,batch_c_scan_6x7,18336460,45539080,6782208
11:04:31,460340,batch_c_scan_6x7,18336464,45539080,6782204
11:04:32,460340,batch_c_scan_6x7,18336464,45539080,6782204
11:04:33,460340,batch_c_scan_6x7,18336464,45539080,6782204
11:04:34,460340,batch_c_scan_6x7,18336464,45539080,6782204
11:04:35,460340,batch_c_scan_6x7,18336464,45539080,6782204
11:04:36,460340,batch_c_scan_6x7,18336472,45539080,6782196
11:04:37,460340,batch_c_scan_6x7,18336472,45539080,6782196
11:04:38,460340,batch_c_scan_6x7,18336472,45539080,6782196
11:04:39,460340,batch_c_scan_6x7,18336472,45539080,6782196
11:04:40,460340,batch_c_scan_6x7,18336472,45539080,6782196
11:04:41,460340,batch_c_scan_6x7,18336476,45539080,6782192
11:04:42,460340,batch_c_scan_6x7,18336476,45539080,6782192
11:04:43,460340,batch_c_scan_6x7,18336480,45539080,6782188
11:04:44,460340,batch_c_scan_6x7,18336480,45539080,6782188
11:04:45,460340,batch_c_scan_6x7,18336480,45539080,6782188
11:04:46,460340,batch_c_scan_6x7,18336480,45539080,6782188
11:04:47,460340,batch_c_scan_6x7,18336484,45539080,6782184
11:04:48,460340,batch_c_scan_6x7,18336484,45539080,6782184
11:04:49,460340,batch_c_scan_6x7,18336488,45539080,6782180
11:04:50,460340,batch_c_scan_6x7,18336488,45539080,6782180
11:04:51,460340,batch_c_scan_6x7,18336544,45539080,6782124
11:04:52,460340,batch_c_scan_6x7,18336544,45539080,6782124
11:04:53,460340,batch_c_scan_6x7,18336544,45539080,6782124
11:04:54,460340,batch_c_scan_6x7,18336704,45539080,6781964
11:04:55,460340,batch_c_scan_6x7,18336776,45539080,6781892
11:04:56,460340,batch_c_scan_6x7,18336780,45539080,6781888
11:04:57,460340,batch_c_scan_6x7,18336780,45539080,6781888
11:04:58,460340,batch_c_scan_6x7,18336780,45539080,6781888
11:04:59,460340,batch_c_scan_6x7,18336780,45539080,6781888
11:05:00,460340,batch_c_scan_6x7,18336928,45539080,6781744
11:05:01,460340,batch_c_scan_6x7,18336928,45539080,6781744
11:05:02,460340,batch_c_scan_6x7,18336928,45539080,6781744
11:05:03,460340,batch_c_scan_6x7,18336928,45539080,6781744
11:05:04,460340,batch_c_scan_6x7,18336940,45539080,6781732
11:05:05,460340,batch_c_scan_6x7,18336940,45539080,6781732
11:05:06,460340,batch_c_scan_6x7,18336940,45539080,6781732
11:05:07,460340,batch_c_scan_6x7,18336944,45539080,6781728
11:05:08,460340,batch_c_scan_6x7,18336964,45539080,6781708
11:05:09,460340,batch_c_scan_6x7,18336964,45539080,6781708
11:05:10,460340,batch_c_scan_6x7,18336980,45539080,6781696
11:05:12,460340,batch_c_scan_6x7,18336980,45539080,6781696
11:05:13,460340,batch_c_scan_6x7,18337000,45539080,6781676
11:05:14,460340,batch_c_scan_6x7,18337004,45539080,6781672
11:05:15,460340,batch_c_scan_6x7,18337004,45539080,6781672
11:05:16,460340,batch_c_scan_6x7,18337104,45539080,6781572
11:05:17,460340,batch_c_scan_6x7,18338336,45539080,6780340
11:05:18,460340,batch_c_scan_6x7,18341364,45539080,6777312
11:05:19,460340,batch_c_scan_6x7,18341364,45539080,6777312
11:05:20,460340,batch_c_scan_6x7,18341364,45539080,6777312
11:05:21,460340,batch_c_scan_6x7,18341368,45539080,6777308
11:05:22,460340,batch_c_scan_6x7,18341368,45539080,6777308
11:05:23,460340,batch_c_scan_6x7,18341368,45539080,6777308
11:05:24,460340,batch_c_scan_6x7,18341392,45539080,6777284
11:05:25,460340,batch_c_scan_6x7,18341392,45539080,6777284
11:05:26,460340,batch_c_scan_6x7,18341396,45539080,6777280
11:05:27,460340,batch_c_scan_6x7,18341704,45539080,6776972
11:05:28,460340,batch_c_scan_6x7,18341704,45539080,6776972
11:05:29,460340,batch_c_scan_6x7,18341704,45539080,6776972
11:05:30,460340,batch_c_scan_6x7,18341728,45539080,6776972
11:05:31,460340,batch_c_scan_6x7,18341704,45539080,6776972
11:05:32,460340,batch_c_scan_6x7,18341708,45539080,6776968
11:05:33,460340,batch_c_scan_6x7,18341708,45539080,6776968
11:05:34,460340,batch_c_scan_6x7,18342012,45539080,6776664
11:05:35,460340,batch_c_scan_6x7,18342012,45539080,6776664
11:05:36,460340,batch_c_scan_6x7,18342012,45539080,6776664
11:05:37,460340,batch_c_scan_6x7,18342012,45539080,6776664
11:05:38,460340,batch_c_scan_6x7,18342012,45539080,6776664
11:05:39,460340,batch_c_scan_6x7,18342012,45539080,6776664
11:05:40,460340,batch_c_scan_6x7,18342012,45539080,6776664
11:05:41,460340,batch_c_scan_6x7,18342012,45539080,6776664
11:05:42,460340,batch_c_scan_6x7,18342012,45539080,6776664
11:05:43,460340,batch_c_scan_6x7,18342012,45539080,6776664
11:05:44,460340,batch_c_scan_6x7,18342012,45539080,6776664
11:05:45,460340,batch_c_scan_6x7,18342016,45539080,6776660
11:05:46,460340,batch_c_scan_6x7,18342016,45539080,6776660
11:05:47,460340,batch_c_scan_6x7,18342016,45539080,6776660
11:05:48,460340,batch_c_scan_6x7,18342016,45539080,6776660
11:05:49,460340,batch_c_scan_6x7,18342016,45539080,6776660
11:05:50,460340,batch_c_scan_6x7,18342024,45539080,6776652
11:05:51,460340,batch_c_scan_6x7,18342024,45539080,6776652
11:05:52,460340,batch_c_scan_6x7,18342024,45539080,6776652
11:05:53,460340,batch_c_scan_6x7,18342024,45539080,6776652
11:05:54,460340,batch_c_scan_6x7,18342024,45539080,6776652
11:05:55,460340,batch_c_scan_6x7,18342024,45539080,6776652
11:05:56,460340,batch_c_scan_6x7,18342024,45539080,6776652
11:05:57,460340,batch_c_scan_6x7,18342028,45539080,6776648
11:05:58,460340,batch_c_scan_6x7,18342028,45539080,6776648
11:05:59,460340,batch_c_scan_6x7,18342028,45539080,6776648
11:06:00,460340,batch_c_scan_6x7,18342028,45539080,6776648
11:06:01,460340,batch_c_scan_6x7,18342028,45539080,6776648
11:06:02,460340,batch_c_scan_6x7,18342028,45539080,6776648
11:06:03,460340,batch_c_scan_6x7,18342436,45539080,6776240
11:06:04,460340,batch_c_scan_6x7,18342436,45539080,6776240
11:06:05,460340,batch_c_scan_6x7,18342436,45539080,6776240
11:06:07,460340,batch_c_scan_6x7,18342436,45539080,6776240
11:06:08,460340,batch_c_scan_6x7,18342436,45539080,6776240
11:06:09,460340,batch_c_scan_6x7,18342436,45539080,6776240
11:06:10,460340,batch_c_scan_6x7,18342436,45539080,6776240
11:06:11,460340,batch_c_scan_6x7,18342440,45539080,6776236
11:06:12,460340,batch_c_scan_6x7,18342440,45539080,6776236
11:06:13,460340,batch_c_scan_6x7,18342440,45539080,6776236
11:06:14,460340,batch_c_scan_6x7,18343728,45539080,6774948
11:06:15,460340,batch_c_scan_6x7,18343732,45539080,6774944
11:06:16,460340,batch_c_scan_6x7,18343732,45539080,6774944
11:06:17,460340,batch_c_scan_6x7,18343732,45539080,6774944
11:06:18,460340,batch_c_scan_6x7,18343732,45539080,6774944
11:06:19,460340,batch_c_scan_6x7,18343732,45539080,6774944
11:06:20,460340,batch_c_scan_6x7,18343732,45539080,6774944
11:06:21,460340,batch_c_scan_6x7,18343732,45539080,6774944
11:06:22,460340,batch_c_scan_6x7,18343736,45539080,6774940
11:06:23,460340,batch_c_scan_6x7,18343736,45539080,6774940
11:06:24,460340,batch_c_scan_6x7,18343736,45539080,6774940
11:06:25,460340,batch_c_scan_6x7,18343736,45539080,6774940
11:06:26,460340,batch_c_scan_6x7,18343736,45539080,6774940
11:06:27,460340,batch_c_scan_6x7,18343736,45539080,6774940
11:06:28,460340,batch_c_scan_6x7,18343768,45539080,6774908
11:06:29,460340,batch_c_scan_6x7,18343768,45539080,6774908
11:06:30,460340,batch_c_scan_6x7,18343768,45539080,6774908
11:06:31,460340,batch_c_scan_6x7,18343768,45539080,6774908
11:06:32,460340,batch_c_scan_6x7,18343768,45539080,6774908
11:06:33,460340,batch_c_scan_6x7,18343768,45539080,6774908
11:06:34,460340,batch_c_scan_6x7,18343768,45539080,6774908
11:06:35,460340,batch_c_scan_6x7,18343772,45539080,6774904
11:06:36,460340,batch_c_scan_6x7,18343772,45539080,6774904
11:06:37,460340,batch_c_scan_6x7,18343772,45539080,6774904
11:06:38,460340,batch_c_scan_6x7,18343772,45539080,6774904
11:06:39,460340,batch_c_scan_6x7,18343772,45539080,6774904
11:06:40,460340,batch_c_scan_6x7,18343776,45539080,6774900
11:06:41,460340,batch_c_scan_6x7,18343776,45539080,6774900
11:06:42,460340,batch_c_scan_6x7,18343776,45539080,6774900
11:06:43,460340,batch_c_scan_6x7,18343776,45539080,6774900
11:06:44,460340,batch_c_scan_6x7,18343776,45539080,6774900
11:06:45,460340,batch_c_scan_6x7,18343776,45539080,6774900
11:06:46,460340,batch_c_scan_6x7,18343776,45539080,6774900
11:06:47,460340,batch_c_scan_6x7,18343780,45539080,6774896
11:06:48,460340,batch_c_scan_6x7,18343780,45539080,6774896
11:06:49,460340,batch_c_scan_6x7,18343780,45539080,6774896
11:06:50,460340,batch_c_scan_6x7,18343780,45539080,6774896
11:06:51,460340,batch_c_scan_6x7,18343780,45539080,6774896
11:06:52,460340,batch_c_scan_6x7,18343780,45539080,6774896
11:06:53,460340,batch_c_scan_6x7,18343784,45539080,6774892
11:06:54,460340,batch_c_scan_6x7,18343784,45539080,6774892
11:06:55,460340,batch_c_scan_6x7,18343784,45539080,6774892
11:06:56,460340,batch_c_scan_6x7,18343784,45539080,6774892
11:06:57,460340,batch_c_scan_6x7,18343784,45539080,6774892
11:06:58,460340,batch_c_scan_6x7,18343788,45539080,6774888
11:06:59,460340,batch_c_scan_6x7,18343788,45539080,6774888
11:07:01,460340,batch_c_scan_6x7,18343788,45539080,6774888
11:07:02,460340,batch_c_scan_6x7,18343788,45539080,6774888
11:07:03,460340,batch_c_scan_6x7,18343788,45539080,6774888
11:07:04,460340,batch_c_scan_6x7,18343788,45539080,6774888
11:07:05,460340,batch_c_scan_6x7,18343812,45539080,6774888
11:07:06,460340,batch_c_scan_6x7,18343792,45539080,6774884
11:07:07,460340,batch_c_scan_6x7,18343792,45539080,6774884
11:07:08,460340,batch_c_scan_6x7,18343792,45539080,6774884
11:07:09,460340,batch_c_scan_6x7,18343792,45539080,6774884
11:07:10,460340,batch_c_scan_6x7,18343792,45539080,6774884
11:07:11,460340,batch_c_scan_6x7,18343792,45539080,6774884
11:07:12,460340,batch_c_scan_6x7,18343796,45539080,6774880
11:07:13,460340,batch_c_scan_6x7,18343796,45539080,6774880
11:07:14,460340,batch_c_scan_6x7,18343796,45539080,6774880
11:07:15,460340,batch_c_scan_6x7,18343796,45539080,6774880
11:07:16,460340,batch_c_scan_6x7,18343796,45539080,6774880
11:07:17,460340,batch_c_scan_6x7,18343796,45539080,6774880
11:07:18,460340,batch_c_scan_6x7,18343796,45539080,6774880
11:07:19,460340,batch_c_scan_6x7,18343796,45539080,6774880
11:07:20,460340,batch_c_scan_6x7,18343796,45539080,6774880
11:07:21,460340,batch_c_scan_6x7,18343796,45539080,6774880
11:07:22,460340,batch_c_scan_6x7,18343796,45539080,6774880
11:07:23,460340,batch_c_scan_6x7,18343796,45539080,6774880
11:07:24,460340,batch_c_scan_6x7,18343800,45539080,6774876
11:07:25,460340,batch_c_scan_6x7,18343804,45539080,6774872
11:07:26,460340,batch_c_scan_6x7,18343804,45539080,6774872
11:07:27,460340,batch_c_scan_6x7,18343804,45539080,6774872
11:07:28,460340,batch_c_scan_6x7,18343804,45539080,6774872
11:07:29,460340,batch_c_scan_6x7,18343804,45539080,6774872
11:07:30,460340,batch_c_scan_6x7,18343808,45539080,6774868
11:07:31,460340,batch_c_scan_6x7,18343808,45539080,6774868
11:07:32,460340,batch_c_scan_6x7,18343808,45539080,6774868
11:07:33,460340,batch_c_scan_6x7,18343808,45539080,6774868
11:07:34,460340,batch_c_scan_6x7,18343808,45539080,6774868
11:07:35,460340,batch_c_scan_6x7,18343808,45539080,6774868
11:07:36,460340,batch_c_scan_6x7,18343832,45539080,6774868
11:07:37,460340,batch_c_scan_6x7,18343812,45539080,6774864
11:07:38,460340,batch_c_scan_6x7,18343812,45539080,6774864
11:07:39,460340,batch_c_scan_6x7,18343812,45539080,6774864
11:07:40,460340,batch_c_scan_6x7,18343812,45539080,6774864
11:07:41,460340,batch_c_scan_6x7,18343812,45539080,6774864
11:07:42,460340,batch_c_scan_6x7,18343812,45539080,6774864
11:07:43,460340,batch_c_scan_6x7,18343812,45539080,6774864
11:07:44,460340,batch_c_scan_6x7,18343812,45539080,6774864
11:07:45,460340,batch_c_scan_6x7,18343812,45539080,6774864
11:07:46,460340,batch_c_scan_6x7,18343812,45539080,6774864
11:07:47,460340,batch_c_scan_6x7,18343812,45539080,6774864
11:07:48,460340,batch_c_scan_6x7,18343816,45539080,6774860
11:07:49,460340,batch_c_scan_6x7,18343816,45539080,6774860
11:07:50,460340,batch_c_scan_6x7,18343816,45539080,6774860
11:07:51,460340,batch_c_scan_6x7,18343816,45539080,6774860
11:07:52,460340,batch_c_scan_6x7,18343816,45539080,6774860
11:07:53,460340,batch_c_scan_6x7,18343816,45539080,6774860
11:07:54,460340,batch_c_scan_6x7,18343816,45539080,6774860
11:07:56,460340,batch_c_scan_6x7,18343820,45539080,6774856
11:07:57,460340,batch_c_scan_6x7,18343820,45539080,6774856
11:07:58,460340,batch_c_scan_6x7,18343820,45539080,6774856
11:07:59,460340,batch_c_scan_6x7,18343820,45539080,6774856
11:08:00,460340,batch_c_scan_6x7,18343820,45539080,6774856
11:08:01,460340,batch_c_scan_6x7,18343820,45539080,6774856
11:08:02,460340,batch_c_scan_6x7,18343824,45539080,6774852
11:08:03,460340,batch_c_scan_6x7,18343824,45539080,6774852
11:08:04,460340,batch_c_scan_6x7,18343824,45539080,6774852
11:08:05,460340,batch_c_scan_6x7,18343824,45539080,6774852
11:08:06,460340,batch_c_scan_6x7,18343824,45539080,6774852
11:08:07,460340,batch_c_scan_6x7,18343824,45539080,6774852
11:08:08,460340,batch_c_scan_6x7,18343824,45539080,6774852
11:08:09,460340,batch_c_scan_6x7,18344152,45539080,6774524
11:08:10,460340,batch_c_scan_6x7,18346308,45539080,6772368
11:08:11,460340,batch_c_scan_6x7,18346308,45539080,6772368
11:08:12,460340,batch_c_scan_6x7,18346308,45539080,6772368
11:08:13,460340,batch_c_scan_6x7,18346332,45539080,6772368
11:08:14,460340,batch_c_scan_6x7,18346312,45539080,6772364
11:08:15,460340,batch_c_scan_6x7,18346312,45539080,6772364
11:08:16,460340,batch_c_scan_6x7,18346312,45539080,6772364
11:08:17,460340,batch_c_scan_6x7,18347080,45539080,6771596
11:08:18,460340,batch_c_scan_6x7,18347080,45539080,6771596
11:08:19,460340,batch_c_scan_6x7,18347080,45539080,6771596
11:08:20,460340,batch_c_scan_6x7,18347084,45539080,6771592
11:08:21,460340,batch_c_scan_6x7,18347084,45539080,6771592
11:08:22,460340,batch_c_scan_6x7,18347084,45539080,6771592
11:08:23,460340,batch_c_scan_6x7,18347088,45539080,6771588
11:08:24,460340,batch_c_scan_6x7,18347088,45539080,6771588
11:08:25,460340,batch_c_scan_6x7,18347088,45539080,6771588
11:08:26,460340,batch_c_scan_6x7,18347088,45539080,6771588
11:08:27,460340,batch_c_scan_6x7,18347092,45539080,6771584
11:08:28,460340,batch_c_scan_6x7,18347092,45539080,6771584
11:08:29,460340,batch_c_scan_6x7,18347092,45539080,6771584
11:08:30,460340,batch_c_scan_6x7,18347096,45539080,6771580
11:08:31,460340,batch_c_scan_6x7,18347096,45539080,6771580
11:08:32,460340,batch_c_scan_6x7,18347096,45539080,6771580
11:08:33,460340,batch_c_scan_6x7,18347100,45539080,6771576
11:08:34,460340,batch_c_scan_6x7,18347100,45539080,6771576
11:08:35,460340,batch_c_scan_6x7,18347104,45539080,6771572
11:08:36,460340,batch_c_scan_6x7,18347104,45539080,6771572
11:08:37,460340,batch_c_scan_6x7,18347104,45539080,6771572
11:08:38,460340,batch_c_scan_6x7,18347112,45539080,6771564
11:08:39,460340,batch_c_scan_6x7,18347112,45539080,6771564
11:08:40,460340,batch_c_scan_6x7,18347112,45539080,6771564
11:08:41,460340,batch_c_scan_6x7,18347112,45539080,6771564
11:08:42,460340,batch_c_scan_6x7,18347112,45539080,6771564
11:08:43,460340,batch_c_scan_6x7,18347112,45539080,6771564
11:08:44,460340,batch_c_scan_6x7,18347112,45539080,6771564
11:08:45,460340,batch_c_scan_6x7,18347116,45539080,6771560
11:08:46,460340,batch_c_scan_6x7,18347116,45539080,6771560
11:08:47,460340,batch_c_scan_6x7,18347116,45539080,6771560
11:08:48,460340,batch_c_scan_6x7,18347116,45539080,6771560
11:08:50,460340,batch_c_scan_6x7,18347116,45539080,6771560
11:08:51,460340,batch_c_scan_6x7,18347116,45539080,6771560
11:08:52,460340,batch_c_scan_6x7,18349304,45539080,6769372
11:08:53,460340,batch_c_scan_6x7,18349304,45539080,6769372
11:08:54,460340,batch_c_scan_6x7,18349304,45539080,6769372
11:08:55,460340,batch_c_scan_6x7,18349304,45539080,6769372
11:08:56,460340,batch_c_scan_6x7,18349304,45539080,6769372
11:08:57,460340,batch_c_scan_6x7,18349308,45539080,6769368
11:08:58,460340,batch_c_scan_6x7,18349308,45539080,6769368
11:08:59,460340,batch_c_scan_6x7,18349308,45539080,6769368
11:09:00,460340,batch_c_scan_6x7,18349308,45539080,6769368
11:09:01,460340,batch_c_scan_6x7,18349308,45539080,6769368
11:09:02,460340,batch_c_scan_6x7,18349308,45539080,6769368
11:09:03,460340,batch_c_scan_6x7,18349308,45539080,6769368
11:09:04,460340,batch_c_scan_6x7,18349312,45539080,6769364
11:09:05,460340,batch_c_scan_6x7,18349312,45539080,6769364
11:09:06,460340,batch_c_scan_6x7,18349312,45539080,6769364
11:09:07,460340,batch_c_scan_6x7,18349312,45539080,6769364
11:09:08,460340,batch_c_scan_6x7,18349312,45539080,6769364
11:09:09,460340,batch_c_scan_6x7,18349312,45539080,6769364
11:09:10,460340,batch_c_scan_6x7,18349312,45539080,6769364
11:09:11,460340,batch_c_scan_6x7,18349316,45539080,6769360
11:09:12,460340,batch_c_scan_6x7,18349316,45539080,6769360
11:09:13,460340,batch_c_scan_6x7,18349316,45539080,6769360
11:09:14,460340,batch_c_scan_6x7,18349316,45539080,6769360
11:09:15,460340,batch_c_scan_6x7,18349316,45539080,6769360
11:09:16,460340,batch_c_scan_6x7,18349316,45539080,6769360
11:09:17,460340,batch_c_scan_6x7,18349320,45539080,6769356
11:09:18,460340,batch_c_scan_6x7,18349320,45539080,6769356
11:09:19,460340,batch_c_scan_6x7,18349320,45539080,6769356
11:09:20,460340,batch_c_scan_6x7,18349320,45539080,6769356
11:09:21,460340,batch_c_scan_6x7,18349320,45539080,6769356
11:09:22,460340,batch_c_scan_6x7,18349324,45539080,6769352
11:09:23,460340,batch_c_scan_6x7,18349348,45539080,6769352
11:09:24,460340,batch_c_scan_6x7,18349324,45539080,6769352
11:09:25,460340,batch_c_scan_6x7,18349324,45539080,6769352
11:09:26,460340,batch_c_scan_6x7,18349324,45539080,6769352
11:09:27,460340,batch_c_scan_6x7,18349324,45539080,6769352
11:09:28,460340,batch_c_scan_6x7,18349324,45539080,6769352
11:09:29,460340,batch_c_scan_6x7,18349328,45539080,6769348
11:09:30,460340,batch_c_scan_6x7,18349328,45539080,6769348
11:09:31,460340,batch_c_scan_6x7,18349328,45539080,6769348
11:09:32,460340,batch_c_scan_6x7,18349328,45539080,6769348
11:09:33,460340,batch_c_scan_6x7,18349328,45539080,6769348
11:09:34,460340,batch_c_scan_6x7,18349328,45539080,6769348
11:09:35,460340,batch_c_scan_6x7,18349332,45539080,6769344
11:09:36,460340,batch_c_scan_6x7,18349332,45539080,6769344
11:09:37,460340,batch_c_scan_6x7,18349332,45539080,6769344
11:09:38,460340,batch_c_scan_6x7,18349332,45539080,6769344
11:09:39,460340,batch_c_scan_6x7,18349332,45539080,6769344
11:09:40,460340,batch_c_scan_6x7,18349332,45539080,6769344
11:09:41,460340,batch_c_scan_6x7,18349332,45539080,6769344
11:09:42,460340,batch_c_scan_6x7,18349336,45539080,6769340
11:09:43,460340,batch_c_scan_6x7,18349336,45539080,6769340
11:09:45,460340,batch_c_scan_6x7,18350344,45539080,6768332
11:09:46,460340,batch_c_scan_6x7,18350344,45539080,6768332
11:09:47,460340,batch_c_scan_6x7,18351352,45539080,6767324
11:09:48,460340,batch_c_scan_6x7,18352364,45539080,6766312
11:09:49,460340,batch_c_scan_6x7,18352364,45539080,6766312
11:09:50,460340,batch_c_scan_6x7,18353372,45539080,6765304
11:09:51,460340,batch_c_scan_6x7,18353372,45539080,6765304
11:09:52,460340,batch_c_scan_6x7,18354380,45539080,6764296
11:09:53,460340,batch_c_scan_6x7,18354380,45539080,6764296
11:09:54,460340,batch_c_scan_6x7,18354384,45539080,6764292
11:09:55,460340,batch_c_scan_6x7,18354384,45539080,6764292
11:09:56,460340,batch_c_scan_6x7,18354384,45539080,6764292
11:09:57,460340,batch_c_scan_6x7,18354408,45539080,6764292
11:09:58,460340,batch_c_scan_6x7,18354384,45539080,6764292
11:09:59,460340,batch_c_scan_6x7,18354384,45539080,6764292
11:10:00,460340,batch_c_scan_6x7,18354384,45539080,6764292
11:10:01,460340,batch_c_scan_6x7,18354388,45539080,6764288
11:10:02,460340,batch_c_scan_6x7,18354388,45539080,6764288
11:10:03,460340,batch_c_scan_6x7,18354388,45539080,6764288
11:10:04,460340,batch_c_scan_6x7,18354388,45539080,6764288
11:10:05,460340,batch_c_scan_6x7,18354388,45539080,6764288
11:10:06,460340,batch_c_scan_6x7,18354388,45539080,6764288
11:10:07,460340,batch_c_scan_6x7,18354388,45539080,6764288
11:10:08,460340,batch_c_scan_6x7,18354392,45539080,6764284
11:10:09,460340,batch_c_scan_6x7,18354392,45539080,6764284
11:10:10,460340,batch_c_scan_6x7,18354392,45539080,6764284
11:10:11,460340,batch_c_scan_6x7,18354392,45539080,6764284
11:10:12,460340,batch_c_scan_6x7,18354392,45539080,6764284
11:10:13,460340,batch_c_scan_6x7,18354396,45539080,6764280
11:10:14,460340,batch_c_scan_6x7,18354396,45539080,6764280
11:10:15,460340,batch_c_scan_6x7,18354396,45539080,6764280
11:10:16,460340,batch_c_scan_6x7,18354396,45539080,6764280
11:10:17,460340,batch_c_scan_6x7,18354396,45539080,6764280
11:10:18,460340,batch_c_scan_6x7,18354396,45539080,6764280
11:10:19,460340,batch_c_scan_6x7,18354400,45539080,6764276
11:10:20,460340,batch_c_scan_6x7,18354400,45539080,6764276
11:10:21,460340,batch_c_scan_6x7,18354400,45539080,6764276
11:10:22,460340,batch_c_scan_6x7,18354400,45539080,6764276
11:10:23,460340,batch_c_scan_6x7,18354400,45539080,6764276
11:10:24,460340,batch_c_scan_6x7,18354400,45539080,6764276
11:10:25,460340,batch_c_scan_6x7,18354400,45539080,6764276
11:10:26,460340,batch_c_scan_6x7,18354400,45539080,6764276
11:10:27,460340,batch_c_scan_6x7,18354404,45539080,6764272
11:10:28,460340,batch_c_scan_6x7,18354404,45539080,6764272
11:10:29,460340,batch_c_scan_6x7,18354404,45539080,6764272
11:10:30,460340,batch_c_scan_6x7,18354404,45539080,6764272
11:10:31,460340,batch_c_scan_6x7,18354404,45539080,6764272
11:10:32,460340,batch_c_scan_6x7,18354408,45539080,6764268
11:10:33,460340,batch_c_scan_6x7,18354408,45539080,6764268
11:10:34,460340,batch_c_scan_6x7,18354408,45539080,6764268
11:10:35,460340,batch_c_scan_6x7,18354408,45539080,6764268
11:10:36,460340,batch_c_scan_6x7,18354408,45539080,6764268
11:10:37,460340,batch_c_scan_6x7,18354412,45539080,6764264
11:10:38,460340,batch_c_scan_6x7,18354412,45539080,6764264
11:10:40,460340,batch_c_scan_6x7,18354412,45539080,6764264
11:10:41,460340,batch_c_scan_6x7,18354436,45539080,6764264
11:10:42,460340,batch_c_scan_6x7,18354412,45539080,6764264
11:10:43,460340,batch_c_scan_6x7,18354412,45539080,6764264
11:10:44,460340,batch_c_scan_6x7,18354412,45539080,6764264
11:10:45,460340,batch_c_scan_6x7,18354416,45539080,6764260
11:10:46,460340,batch_c_scan_6x7,18354440,45539080,6764260
11:10:47,460340,batch_c_scan_6x7,18354416,45539080,6764260
11:10:48,460340,batch_c_scan_6x7,18354416,45539080,6764260
11:10:49,460340,batch_c_scan_6x7,18354416,45539080,6764260
11:10:50,460340,batch_c_scan_6x7,18354416,45539080,6764260
11:10:51,460340,batch_c_scan_6x7,18354416,45539080,6764260
11:10:52,460340,batch_c_scan_6x7,18354420,45539080,6764256
11:10:53,460340,batch_c_scan_6x7,18354420,45539080,6764256
11:10:54,460340,batch_c_scan_6x7,18354420,45539080,6764256
11:10:55,460340,batch_c_scan_6x7,18354420,45539080,6764256
11:10:56,460340,batch_c_scan_6x7,18354420,45539080,6764256
11:10:57,460340,batch_c_scan_6x7,18354424,45539080,6764252
11:10:58,460340,batch_c_scan_6x7,18354424,45539080,6764252
11:10:59,460340,batch_c_scan_6x7,18354424,45539080,6764252
11:11:00,460340,batch_c_scan_6x7,18354424,45539080,6764252
11:11:01,460340,batch_c_scan_6x7,18354424,45539080,6764252
11:11:02,460340,batch_c_scan_6x7,18354424,45539080,6764252
11:11:03,460340,batch_c_scan_6x7,18354428,45539080,6764248
11:11:04,460340,batch_c_scan_6x7,18354428,45539080,6764248
11:11:05,460340,batch_c_scan_6x7,18354428,45539080,6764248
11:11:06,460340,batch_c_scan_6x7,18354428,45539080,6764248
11:11:07,460340,batch_c_scan_6x7,18354428,45539080,6764248
11:11:08,460340,batch_c_scan_6x7,18354428,45539080,6764248
11:11:09,460340,batch_c_scan_6x7,18354428,45539080,6764248
11:11:10,460340,batch_c_scan_6x7,18354432,45539080,6764244
11:11:11,460340,batch_c_scan_6x7,18354432,45539080,6764244
11:11:12,460340,batch_c_scan_6x7,18354432,45539080,6764244
11:11:13,460340,batch_c_scan_6x7,18354432,45539080,6764244
11:11:14,460340,batch_c_scan_6x7,18354432,45539080,6764244
11:11:15,460340,batch_c_scan_6x7,18354432,45539080,6764244
11:11:16,460340,batch_c_scan_6x7,18354432,45539080,6764244
11:11:17,460340,batch_c_scan_6x7,18354436,45539080,6764240
11:11:18,460340,batch_c_scan_6x7,18355904,45539080,6762772
11:11:19,460340,batch_c_scan_6x7,18355904,45539080,6762772
11:11:20,460340,batch_c_scan_6x7,18355904,45539080,6762772
11:11:21,460340,batch_c_scan_6x7,18355904,45539080,6762772
11:11:22,460340,batch_c_scan_6x7,18355908,45539080,6762768
11:11:23,460340,batch_c_scan_6x7,18355908,45539080,6762768
11:11:24,460340,batch_c_scan_6x7,18355908,45539080,6762768
11:11:25,460340,batch_c_scan_6x7,18355908,45539080,6762768
11:11:26,460340,batch_c_scan_6x7,18355908,45539080,6762768
11:11:27,460340,batch_c_scan_6x7,18355908,45539080,6762768
11:11:28,460340,batch_c_scan_6x7,18355908,45539080,6762768
11:11:29,460340,batch_c_scan_6x7,18355908,45539080,6762768
11:11:30,460340,batch_c_scan_6x7,18355908,45539080,6762768
11:11:31,460340,batch_c_scan_6x7,18355908,45539080,6762768
11:11:32,460340,batch_c_scan_6x7,18355908,45539080,6762768
11:11:34,460340,batch_c_scan_6x7,18355908,45539080,6762768
11:11:35,460340,batch_c_scan_6x7,18355908,45539080,6762768
11:11:36,460340,batch_c_scan_6x7,18355912,45539080,6762764
11:11:37,460340,batch_c_scan_6x7,18355912,45539080,6762764
11:11:38,460340,batch_c_scan_6x7,18355912,45539080,6762764
11:11:39,460340,batch_c_scan_6x7,18355916,45539080,6762760
11:11:40,460340,batch_c_scan_6x7,18355916,45539080,6762760
11:11:41,460340,batch_c_scan_6x7,18355916,45539080,6762760
11:11:42,460340,batch_c_scan_6x7,18355916,45539080,6762760
11:11:43,460340,batch_c_scan_6x7,18355920,45539080,6762756
11:11:44,460340,batch_c_scan_6x7,18355920,45539080,6762756
11:11:45,460340,batch_c_scan_6x7,18355920,45539080,6762756
11:11:46,460340,batch_c_scan_6x7,18355928,45539080,6762748
11:11:47,460340,batch_c_scan_6x7,18355928,45539080,6762748
11:11:48,460340,batch_c_scan_6x7,18355932,45539080,6762744
11:11:49,460340,batch_c_scan_6x7,18355932,45539080,6762744
11:11:50,460340,batch_c_scan_6x7,18355932,45539080,6762744
11:11:51,460340,batch_c_scan_6x7,18355932,45539080,6762744
11:11:52,460340,batch_c_scan_6x7,18355932,45539080,6762744
11:11:53,460340,batch_c_scan_6x7,18355936,45539080,6762740
11:11:54,460340,batch_c_scan_6x7,18355936,45539080,6762740
11:11:55,460340,batch_c_scan_6x7,18355936,45539080,6762740
11:11:56,460340,batch_c_scan_6x7,18355936,45539080,6762740
11:11:57,460340,batch_c_scan_6x7,18355936,45539080,6762740
11:11:58,460340,batch_c_scan_6x7,18355936,45539080,6762740
11:11:59,460340,batch_c_scan_6x7,18355936,45539080,6762740
11:12:00,460340,batch_c_scan_6x7,18355936,45539080,6762740
11:12:01,460340,batch_c_scan_6x7,18355940,45539080,6762736
11:12:02,460340,batch_c_scan_6x7,18355940,45539080,6762736
11:12:03,460340,batch_c_scan_6x7,18355940,45539080,6762736
11:12:04,460340,batch_c_scan_6x7,18355944,45539080,6762732
11:12:05,460340,batch_c_scan_6x7,18355944,45539080,6762732
11:12:06,460340,batch_c_scan_6x7,18355944,45539080,6762732
11:12:07,460340,batch_c_scan_6x7,18355944,45539080,6762732
11:12:08,460340,batch_c_scan_6x7,18355948,45539080,6762728
11:12:09,460340,batch_c_scan_6x7,18355948,45539080,6762728
11:12:10,460340,batch_c_scan_6x7,18355948,45539080,6762728
11:12:11,460340,batch_c_scan_6x7,18355952,45539080,6762724
11:12:12,460340,batch_c_scan_6x7,18355952,45539080,6762724
11:12:13,460340,batch_c_scan_6x7,18355956,45539080,6762720
11:12:14,460340,batch_c_scan_6x7,18355964,45539080,6762712
11:12:15,460340,batch_c_scan_6x7,18355964,45539080,6762712
11:12:16,460340,batch_c_scan_6x7,18355964,45539080,6762712
11:12:17,460340,batch_c_scan_6x7,18355964,45539080,6762712
11:12:18,460340,batch_c_scan_6x7,18355968,45539080,6762708
11:12:19,460340,batch_c_scan_6x7,18355984,45539080,6762692
11:12:20,460340,batch_c_scan_6x7,18355984,45539080,6762692
11:12:21,460340,batch_c_scan_6x7,18355984,45539080,6762692
11:12:22,460340,batch_c_scan_6x7,18355984,45539080,6762692
11:12:23,460340,batch_c_scan_6x7,18355984,45539080,6762692
11:12:24,460340,batch_c_scan_6x7,18355984,45539080,6762692
11:12:25,460340,batch_c_scan_6x7,18355988,45539080,6762688
11:12:26,460340,batch_c_scan_6x7,18355988,45539080,6762688
11:12:27,460340,batch_c_scan_6x7,18355992,45539080,6762684
11:12:29,460340,batch_c_scan_6x7,18355996,45539080,6762680
11:12:30,460340,batch_c_scan_6x7,18356000,45539080,6762676
11:12:31,460340,batch_c_scan_6x7,18356252,45539080,6762424
11:12:32,460340,batch_c_scan_6x7,18356252,45539080,6762424
11:12:33,460340,batch_c_scan_6x7,18356252,45539080,6762424
11:12:34,460340,batch_c_scan_6x7,18356256,45539080,6762420
11:12:35,460340,batch_c_scan_6x7,18356256,45539080,6762420
11:12:36,460340,batch_c_scan_6x7,18356256,45539080,6762420
11:12:37,460340,batch_c_scan_6x7,18356260,45539080,6762416
11:12:38,460340,batch_c_scan_6x7,18356260,45539080,6762416
11:12:39,460340,batch_c_scan_6x7,18356352,45539080,6762324
11:12:40,460340,batch_c_scan_6x7,18356352,45539080,6762324
11:12:41,460340,batch_c_scan_6x7,18356352,45539080,6762324
11:12:42,460340,batch_c_scan_6x7,18356896,45539080,6761780
11:12:43,460340,batch_c_scan_6x7,18356896,45539080,6761780
11:12:44,460340,batch_c_scan_6x7,18356900,45539080,6761776
11:12:45,460340,batch_c_scan_6x7,18356904,45539080,6761772
11:12:46,460340,batch_c_scan_6x7,18356908,45539080,6761768
11:12:47,460340,batch_c_scan_6x7,18356908,45539080,6761768
11:12:48,460340,batch_c_scan_6x7,18356932,45539080,6761768
11:12:49,460340,batch_c_scan_6x7,18356908,45539080,6761768
11:12:50,460340,batch_c_scan_6x7,18356912,45539080,6761764
11:12:51,460340,batch_c_scan_6x7,18356984,45539080,6761692
11:12:52,460340,batch_c_scan_6x7,18356988,45539080,6761688
11:12:53,460340,batch_c_scan_6x7,18357012,45539080,6761688
11:12:54,460340,batch_c_scan_6x7,18357324,45539080,6761352
11:12:55,460340,batch_c_scan_6x7,18357324,45539080,6761352
11:12:56,460340,batch_c_scan_6x7,18357324,45539080,6761352
11:12:57,460340,batch_c_scan_6x7,18357904,45539080,6760772
11:12:58,460340,batch_c_scan_6x7,18357904,45539080,6760772
11:12:59,460340,batch_c_scan_6x7,18358144,45539080,6760532
11:13:00,460340,batch_c_scan_6x7,18358144,45539080,6760532
11:13:01,460340,batch_c_scan_6x7,18358148,45539080,6760528
11:13:02,460340,batch_c_scan_6x7,18358152,45539080,6760524
11:13:03,460340,batch_c_scan_6x7,18358224,45539080,6760452
11:13:04,460340,batch_c_scan_6x7,18358236,45539080,6760440
11:13:05,460340,batch_c_scan_6x7,18358236,45539080,6760440
11:13:06,460340,batch_c_scan_6x7,18358236,45539080,6760440
11:13:07,460340,batch_c_scan_6x7,18358236,45539080,6760440
11:13:08,460340,batch_c_scan_6x7,18358236,45539080,6760440
11:13:09,460340,batch_c_scan_6x7,18358240,45539080,6760436
11:13:10,460340,batch_c_scan_6x7,18358244,45539080,6760432
11:13:11,460340,batch_c_scan_6x7,18358244,45539080,6760432
11:13:12,460340,batch_c_scan_6x7,18358244,45539080,6760432
11:13:13,460340,batch_c_scan_6x7,18358244,45539080,6760432
11:13:14,460340,batch_c_scan_6x7,18358248,45539080,6760428
11:13:15,460340,batch_c_scan_6x7,18358248,45539080,6760428
11:13:16,460340,batch_c_scan_6x7,18358248,45539080,6760428
11:13:17,460340,batch_c_scan_6x7,18358252,45539080,6760424
11:13:18,460340,batch_c_scan_6x7,18358252,45539080,6760424
11:13:19,460340,batch_c_scan_6x7,18358252,45539080,6760424
11:13:20,460340,batch_c_scan_6x7,18358252,45539080,6760424
11:13:21,460340,batch_c_scan_6x7,18358256,45539080,6760420
11:13:23,460340,batch_c_scan_6x7,18358260,45539080,6760416
11:13:24,460340,batch_c_scan_6x7,18358260,45539080,6760416
11:13:25,460340,batch_c_scan_6x7,18358260,45539080,6760416
11:13:26,460340,batch_c_scan_6x7,18358260,45539080,6760416
11:13:27,460340,batch_c_scan_6x7,18358260,45539080,6760416
11:13:28,460340,batch_c_scan_6x7,18358264,45539080,6760412
11:13:29,460340,batch_c_scan_6x7,18358264,45539080,6760412
11:13:30,460340,batch_c_scan_6x7,18358268,45539080,6760408
11:13:31,460340,batch_c_scan_6x7,18358292,45539080,6760408
11:13:32,460340,batch_c_scan_6x7,18358268,45539080,6760408
11:13:33,460340,batch_c_scan_6x7,18358268,45539080,6760408
11:13:34,460340,batch_c_scan_6x7,18358268,45539080,6760408
11:13:35,460340,batch_c_scan_6x7,18358272,45539080,6760404
11:13:36,460340,batch_c_scan_6x7,18358272,45539080,6760404
11:13:37,460340,batch_c_scan_6x7,18358276,45539080,6760400
11:13:38,460340,batch_c_scan_6x7,18358276,45539080,6760400
11:13:39,460340,batch_c_scan_6x7,18358276,45539080,6760400
11:13:40,460340,batch_c_scan_6x7,18358280,45539080,6760396
11:13:41,460340,batch_c_scan_6x7,18358280,45539080,6760396
11:13:42,460340,batch_c_scan_6x7,18358280,45539080,6760396
11:13:43,460340,batch_c_scan_6x7,18358284,45539080,6760392
11:13:44,460340,batch_c_scan_6x7,18358284,45539080,6760392
11:13:45,460340,batch_c_scan_6x7,18358284,45539080,6760392
11:13:46,460340,batch_c_scan_6x7,18358284,45539080,6760392
11:13:47,460340,batch_c_scan_6x7,18358288,45539080,6760388
11:13:48,460340,batch_c_scan_6x7,18358288,45539080,6760388
11:13:49,460340,batch_c_scan_6x7,18358292,45539080,6760384
11:13:50,460340,batch_c_scan_6x7,18358292,45539080,6760384
11:13:51,460340,batch_c_scan_6x7,18358292,45539080,6760384
11:13:52,460340,batch_c_scan_6x7,18358292,45539080,6760384
11:13:53,460340,batch_c_scan_6x7,18358292,45539080,6760384
11:13:54,460340,batch_c_scan_6x7,18358296,45539080,6760380
11:13:55,460340,batch_c_scan_6x7,18358300,45539080,6760376
11:13:56,460340,batch_c_scan_6x7,18358300,45539080,6760376
11:13:57,460340,batch_c_scan_6x7,18358300,45539080,6760376
11:13:58,460340,batch_c_scan_6x7,18358300,45539080,6760376
11:13:59,460340,batch_c_scan_6x7,18358300,45539080,6760376
11:14:00,460340,batch_c_scan_6x7,18358304,45539080,6760372
11:14:01,460340,batch_c_scan_6x7,18358304,45539080,6760372
11:14:02,460340,batch_c_scan_6x7,18358308,45539080,6760368
11:14:03,460340,batch_c_scan_6x7,18358308,45539080,6760368
11:14:04,460340,batch_c_scan_6x7,18358308,45539080,6760368
11:14:05,460340,batch_c_scan_6x7,18358312,45539080,6760364
11:14:06,460340,batch_c_scan_6x7,18358312,45539080,6760364
11:14:07,460340,batch_c_scan_6x7,18358312,45539080,6760364
11:14:08,460340,batch_c_scan_6x7,18358312,45539080,6760364
11:14:09,460340,batch_c_scan_6x7,18358316,45539080,6760360
11:14:10,460340,batch_c_scan_6x7,18358316,45539080,6760360
11:14:11,460340,batch_c_scan_6x7,18358316,45539080,6760360
11:14:12,460340,batch_c_scan_6x7,18358896,45539080,6759780
11:14:13,460340,batch_c_scan_6x7,18358896,45539080,6759780
11:14:14,460340,batch_c_scan_6x7,18358900,45539080,6759776
11:14:15,460340,batch_c_scan_6x7,18358900,45539080,6759776
11:14:16,460340,batch_c_scan_6x7,18358904,45539080,6759772
11:14:18,460340,batch_c_scan_6x7,18358904,45539080,6759772
11:14:19,460340,batch_c_scan_6x7,18358904,45539080,6759772
11:14:20,460340,batch_c_scan_6x7,18358908,45539080,6759768
11:14:21,460340,batch_c_scan_6x7,18359916,45539080,6758760
11:14:22,460340,batch_c_scan_6x7,18359920,45539080,6758756
11:14:23,460340,batch_c_scan_6x7,18360932,45539080,6757744
11:14:24,460340,batch_c_scan_6x7,18361940,45539080,6756736
11:14:25,460340,batch_c_scan_6x7,18362952,45539080,6755724
11:14:26,460340,batch_c_scan_6x7,18364968,45539080,6753708
11:14:27,460340,batch_c_scan_6x7,18364972,45539080,6753704
11:14:28,460340,batch_c_scan_6x7,18366988,45539080,6751688
11:14:29,460340,batch_c_scan_6x7,18367996,45539080,6750680
11:14:30,460340,batch_c_scan_6x7,18367996,45539080,6750680
11:14:31,460340,batch_c_scan_6x7,18369004,45539080,6749672
11:14:32,460340,batch_c_scan_6x7,18370012,45539080,6748664
11:14:33,460340,batch_c_scan_6x7,18370012,45539080,6748664
11:14:34,460340,batch_c_scan_6x7,18370012,45539080,6748664
11:14:35,460340,batch_c_scan_6x7,18370016,45539080,6748660
11:14:36,460340,batch_c_scan_6x7,18370016,45539080,6748660
11:14:37,460340,batch_c_scan_6x7,18370016,45539080,6748660
11:14:38,460340,batch_c_scan_6x7,18370020,45539080,6748656
11:14:39,460340,batch_c_scan_6x7,18370020,45539080,6748656
11:14:40,460340,batch_c_scan_6x7,18370024,45539080,6748652
11:14:41,460340,batch_c_scan_6x7,18370024,45539080,6748652
11:14:42,460340,batch_c_scan_6x7,18370028,45539080,6748648
11:14:43,460340,batch_c_scan_6x7,18370028,45539080,6748648
11:14:44,460340,batch_c_scan_6x7,18370028,45539080,6748648
11:14:45,460340,batch_c_scan_6x7,18370032,45539080,6748644
11:14:46,460340,batch_c_scan_6x7,18370032,45539080,6748644
11:14:47,460340,batch_c_scan_6x7,18370036,45539080,6748640
11:14:48,460340,batch_c_scan_6x7,18370036,45539080,6748640
11:14:49,460340,batch_c_scan_6x7,18370040,45539080,6748636
11:14:50,460340,batch_c_scan_6x7,18370040,45539080,6748636
11:14:51,460340,batch_c_scan_6x7,18370040,45539080,6748636
11:14:52,460340,batch_c_scan_6x7,18370044,45539080,6748632
11:14:53,460340,batch_c_scan_6x7,18370044,45539080,6748632
11:14:54,460340,batch_c_scan_6x7,18370048,45539080,6748628
11:14:55,460340,batch_c_scan_6x7,18370048,45539080,6748628
11:14:56,460340,batch_c_scan_6x7,18370048,45539080,6748628
11:14:57,460340,batch_c_scan_6x7,18370052,45539080,6748624
11:14:58,460340,batch_c_scan_6x7,18370052,45539080,6748624
11:14:59,460340,batch_c_scan_6x7,18370056,45539080,6748620
11:15:00,460340,batch_c_scan_6x7,18370056,45539080,6748620
11:15:01,460340,batch_c_scan_6x7,18370056,45539080,6748620
11:15:02,460340,batch_c_scan_6x7,18370060,45539080,6748616
11:15:03,460340,batch_c_scan_6x7,18370252,45539080,6748424
11:15:04,460340,batch_c_scan_6x7,18370256,45539080,6748420
11:15:05,460340,batch_c_scan_6x7,18370256,45539080,6748420
11:15:06,460340,batch_c_scan_6x7,18370264,45539080,6748412
11:15:07,460340,batch_c_scan_6x7,18370264,45539080,6748412
11:15:08,460340,batch_c_scan_6x7,18370656,45539080,6748020
11:15:09,460340,batch_c_scan_6x7,18370656,45539080,6748020
11:15:10,460340,batch_c_scan_6x7,18370656,45539080,6748020
11:15:12,460340,batch_c_scan_6x7,18370660,45539080,6748016
11:15:13,460340,batch_c_scan_6x7,18370664,45539080,6748012
11:15:14,460340,batch_c_scan_6x7,18370664,45539080,6748012
11:15:15,460340,batch_c_scan_6x7,18370664,45539080,6748012
11:15:16,460340,batch_c_scan_6x7,18370664,45539080,6748012
11:15:17,460340,batch_c_scan_6x7,18370808,45539080,6747868
11:15:18,460340,batch_c_scan_6x7,18370808,45539080,6747868
11:15:19,460340,batch_c_scan_6x7,18370808,45539080,6747868
11:15:20,460340,batch_c_scan_6x7,18370812,45539080,6747864
11:15:21,460340,batch_c_scan_6x7,18370812,45539080,6747864
11:15:22,460340,batch_c_scan_6x7,18370840,45539080,6747836
11:15:23,460340,batch_c_scan_6x7,18370888,45539080,6747788
11:15:24,460340,batch_c_scan_6x7,18370892,45539080,6747784
11:15:25,460340,batch_c_scan_6x7,18370896,45539080,6747780
11:15:26,460340,batch_c_scan_6x7,18370896,45539080,6747780
11:15:27,460340,batch_c_scan_6x7,18370896,45539080,6747780
11:15:28,460340,batch_c_scan_6x7,18370896,45539080,6747780
11:15:29,460340,batch_c_scan_6x7,18370896,45539080,6747780
11:15:30,460340,batch_c_scan_6x7,18370900,45539080,6747776
11:15:31,460340,batch_c_scan_6x7,18370900,45539080,6747776
11:15:32,460340,batch_c_scan_6x7,18370904,45539080,6747772
11:15:33,460340,batch_c_scan_6x7,18370904,45539080,6747772
11:15:34,460340,batch_c_scan_6x7,18370904,45539080,6747772
11:15:35,460340,batch_c_scan_6x7,18370920,45539080,6747756
11:15:36,460340,batch_c_scan_6x7,18370920,45539080,6747756
11:15:37,460340,batch_c_scan_6x7,18370924,45539080,6747752
11:15:38,460340,batch_c_scan_6x7,18370924,45539080,6747752
11:15:39,460340,batch_c_scan_6x7,18370928,45539080,6747748
11:15:40,460340,batch_c_scan_6x7,18370928,45539080,6747748
11:15:41,460340,batch_c_scan_6x7,18370928,45539080,6747748
11:15:42,460340,batch_c_scan_6x7,18370932,45539080,6747744
11:15:43,460340,batch_c_scan_6x7,18370932,45539080,6747744
11:15:44,460340,batch_c_scan_6x7,18371424,45539080,6747252
11:15:45,460340,batch_c_scan_6x7,18371424,45539080,6747252
11:15:46,460340,batch_c_scan_6x7,18371432,45539080,6747244
11:15:47,460340,batch_c_scan_6x7,18371432,45539080,6747244
11:15:48,460340,batch_c_scan_6x7,18371432,45539080,6747244
11:15:49,460340,batch_c_scan_6x7,18371436,45539080,6747240
11:15:50,460340,batch_c_scan_6x7,18371436,45539080,6747240
11:15:51,460340,batch_c_scan_6x7,18371444,45539080,6747232
11:15:52,460340,batch_c_scan_6x7,18371444,45539080,6747232
11:15:53,460340,batch_c_scan_6x7,18371444,45539080,6747232
11:15:54,460340,batch_c_scan_6x7,18371456,45539080,6747220
11:15:55,460340,batch_c_scan_6x7,18371456,45539080,6747220
11:15:56,460340,batch_c_scan_6x7,18371460,45539080,6747216
11:15:57,460340,batch_c_scan_6x7,18371460,45539080,6747216
11:15:58,460340,batch_c_scan_6x7,18371464,45539080,6747212
11:15:59,460340,batch_c_scan_6x7,18371624,45539080,6747052
11:16:00,460340,batch_c_scan_6x7,18371624,45539080,6747052
11:16:01,460340,batch_c_scan_6x7,18371624,45539080,6747052
11:16:02,460340,batch_c_scan_6x7,18372632,45539080,6746044
11:16:03,460340,batch_c_scan_6x7,18372636,45539080,6746040
11:16:04,460340,batch_c_scan_6x7,18373648,45539080,6745028
11:16:05,460340,batch_c_scan_6x7,18373648,45539080,6745028
11:16:07,460340,batch_c_scan_6x7,18374656,45539080,6744020
11:16:08,460340,batch_c_scan_6x7,18374656,45539080,6744020
11:16:09,460340,batch_c_scan_6x7,18374660,45539080,6744016
11:16:10,460340,batch_c_scan_6x7,18374660,45539080,6744016
11:16:11,460340,batch_c_scan_6x7,18374660,45539080,6744016
11:16:12,460340,batch_c_scan_6x7,18374664,45539080,6744012
11:16:13,460340,batch_c_scan_6x7,18374664,45539080,6744012
11:16:14,460340,batch_c_scan_6x7,18374664,45539080,6744012
11:16:15,460340,batch_c_scan_6x7,18374664,45539080,6744012
11:16:16,460340,batch_c_scan_6x7,18374668,45539080,6744008
11:16:17,460340,batch_c_scan_6x7,18374672,45539080,6744004
11:16:18,460340,batch_c_scan_6x7,18374672,45539080,6744004
11:16:19,460340,batch_c_scan_6x7,18374672,45539080,6744004
11:16:20,460340,batch_c_scan_6x7,18374672,45539080,6744004
11:16:21,460340,batch_c_scan_6x7,18374676,45539080,6744000
11:16:22,460340,batch_c_scan_6x7,18374684,45539080,6743992
11:16:23,460340,batch_c_scan_6x7,18374684,45539080,6743992
11:16:24,460340,batch_c_scan_6x7,18374692,45539080,6743984
11:16:25,460340,batch_c_scan_6x7,18374692,45539080,6743984
11:16:26,460340,batch_c_scan_6x7,18374692,45539080,6743984
11:16:27,460340,batch_c_scan_6x7,18374692,45539080,6743984
11:16:28,460340,batch_c_scan_6x7,18374692,45539080,6743984
11:16:29,460340,batch_c_scan_6x7,18374696,45539080,6743980
11:16:30,460340,batch_c_scan_6x7,18374696,45539080,6743980
11:16:31,460340,batch_c_scan_6x7,18374696,45539080,6743980
11:16:32,460340,batch_c_scan_6x7,18374696,45539080,6743980
11:16:33,460340,batch_c_scan_6x7,18374696,45539080,6743980
11:16:34,460340,batch_c_scan_6x7,18374696,45539080,6743980
11:16:35,460340,batch_c_scan_6x7,18374696,45539080,6743980
11:16:36,460340,batch_c_scan_6x7,18374700,45539080,6743976
11:16:37,460340,batch_c_scan_6x7,18374700,45539080,6743976
11:16:38,460340,batch_c_scan_6x7,18374700,45539080,6743976
11:16:39,460340,batch_c_scan_6x7,18374704,45539080,6743972
11:16:40,460340,batch_c_scan_6x7,18374704,45539080,6743972
11:16:41,460340,batch_c_scan_6x7,18374708,45539080,6743968
11:16:42,460340,batch_c_scan_6x7,18374708,45539080,6743968
11:16:43,460340,batch_c_scan_6x7,18374708,45539080,6743968
11:16:44,460340,batch_c_scan_6x7,18374708,45539080,6743968
11:16:45,460340,batch_c_scan_6x7,18374708,45539080,6743968
11:16:46,460340,batch_c_scan_6x7,18374712,45539080,6743964
11:16:47,460340,batch_c_scan_6x7,18374712,45539080,6743964
11:16:48,460340,batch_c_scan_6x7,18374716,45539080,6743960
11:16:49,460340,batch_c_scan_6x7,18374716,45539080,6743960
11:16:50,460340,batch_c_scan_6x7,18374716,45539080,6743960
11:16:51,460340,batch_c_scan_6x7,18374716,45539080,6743960
11:16:52,460340,batch_c_scan_6x7,18374740,45539080,6743960
11:16:53,460340,batch_c_scan_6x7,18374720,45539080,6743956
11:16:54,460340,batch_c_scan_6x7,18374724,45539080,6743952
11:16:55,460340,batch_c_scan_6x7,18374724,45539080,6743952
11:16:56,460340,batch_c_scan_6x7,18374724,45539080,6743952
11:16:57,460340,batch_c_scan_6x7,18374724,45539080,6743952
11:16:58,460340,batch_c_scan_6x7,18374724,45539080,6743952
11:16:59,460340,batch_c_scan_6x7,18374728,45539080,6743948
11:17:00,460340,batch_c_scan_6x7,18374728,45539080,6743948
11:17:02,460340,batch_c_scan_6x7,18374728,45539080,6743948
11:17:03,460340,batch_c_scan_6x7,18374728,45539080,6743948
11:17:04,460340,batch_c_scan_6x7,18374728,45539080,6743948
11:17:05,460340,batch_c_scan_6x7,18374728,45539080,6743948
11:17:06,460340,batch_c_scan_6x7,18374732,45539080,6743944
11:17:07,460340,batch_c_scan_6x7,18374736,45539080,6743940
11:17:08,460340,batch_c_scan_6x7,18374736,45539080,6743940
11:17:09,460340,batch_c_scan_6x7,18374736,45539080,6743940
11:17:10,460340,batch_c_scan_6x7,18374736,45539080,6743940
11:17:11,460340,batch_c_scan_6x7,18374736,45539080,6743940
11:17:12,460340,batch_c_scan_6x7,18377192,45539080,6741484
11:17:13,460340,batch_c_scan_6x7,18377192,45539080,6741484
11:17:14,460340,batch_c_scan_6x7,18377200,45539080,6741476
11:17:15,460340,batch_c_scan_6x7,18377200,45539080,6741476
11:17:16,460340,batch_c_scan_6x7,18377200,45539080,6741476
11:17:17,460340,batch_c_scan_6x7,18377200,45539080,6741476
11:17:18,460340,batch_c_scan_6x7,18377200,45539080,6741476
11:17:19,460340,batch_c_scan_6x7,18377204,45539080,6741472
11:17:20,460340,batch_c_scan_6x7,18377204,45539080,6741472
11:17:21,460340,batch_c_scan_6x7,18377212,45539080,6741464
11:17:22,460340,batch_c_scan_6x7,18377212,45539080,6741464
11:17:23,460340,batch_c_scan_6x7,18377216,45539080,6741460
11:17:24,460340,batch_c_scan_6x7,18377220,45539080,6741456
11:17:25,460340,batch_c_scan_6x7,18377220,45539080,6741456
11:17:26,460340,batch_c_scan_6x7,18377224,45539080,6741452
11:17:27,460340,batch_c_scan_6x7,18377224,45539080,6741452
11:17:28,460340,batch_c_scan_6x7,18377224,45539080,6741452
11:17:29,460340,batch_c_scan_6x7,18377224,45539080,6741452
11:17:30,460340,batch_c_scan_6x7,18377224,45539080,6741452
11:17:31,460340,batch_c_scan_6x7,18377228,45539080,6741448
11:17:32,460340,batch_c_scan_6x7,18377228,45539080,6741448
11:17:33,460340,batch_c_scan_6x7,18377232,45539080,6741444
11:17:34,460340,batch_c_scan_6x7,18377232,45539080,6741444
11:17:35,460340,batch_c_scan_6x7,18377232,45539080,6741444
11:17:36,460340,batch_c_scan_6x7,18377232,45539080,6741444
11:17:37,460340,batch_c_scan_6x7,18377232,45539080,6741444
11:17:38,460340,batch_c_scan_6x7,18379720,45539080,6738956
11:17:39,460340,batch_c_scan_6x7,18379720,45539080,6738956
11:17:40,460340,batch_c_scan_6x7,18379724,45539080,6738952
11:17:41,460340,batch_c_scan_6x7,18379724,45539080,6738952
11:17:42,460340,batch_c_scan_6x7,18379752,45539080,6738924
11:17:43,460340,batch_c_scan_6x7,18379760,45539080,6738916
11:17:44,460340,batch_c_scan_6x7,18379760,45539080,6738916
11:17:45,460340,batch_c_scan_6x7,18379760,45539080,6738916
11:17:46,460340,batch_c_scan_6x7,18379760,45539080,6738916
11:17:47,460340,batch_c_scan_6x7,18379764,45539080,6738912
11:17:48,460340,batch_c_scan_6x7,18379764,45539080,6738912
11:17:49,460340,batch_c_scan_6x7,18379764,45539080,6738912
11:17:50,460340,batch_c_scan_6x7,18379768,45539080,6738908
11:17:51,460340,batch_c_scan_6x7,18379768,45539080,6738908
11:17:52,460340,batch_c_scan_6x7,18379772,45539080,6738904
11:17:53,460340,batch_c_scan_6x7,18379772,45539080,6738904
11:17:54,460340,batch_c_scan_6x7,18379772,45539080,6738904
11:17:56,460340,batch_c_scan_6x7,18379772,45539080,6738904
11:17:57,460340,batch_c_scan_6x7,18379772,45539080,6738904
11:17:58,460340,batch_c_scan_6x7,18379780,45539080,6738896
11:17:59,460340,batch_c_scan_6x7,18379780,45539080,6738896
11:18:00,460340,batch_c_scan_6x7,18379784,45539080,6738892
11:18:01,460340,batch_c_scan_6x7,18379784,45539080,6738892
11:18:02,460340,batch_c_scan_6x7,18379784,45539080,6738892
11:18:03,460340,batch_c_scan_6x7,18379784,45539080,6738892
11:18:04,460340,batch_c_scan_6x7,18379784,45539080,6738892
11:18:05,460340,batch_c_scan_6x7,18379784,45539080,6738892
11:18:06,460340,batch_c_scan_6x7,18379784,45539080,6738892
11:18:07,460340,batch_c_scan_6x7,18379784,45539080,6738892
11:18:08,460340,batch_c_scan_6x7,18379784,45539080,6738892
11:18:09,460340,batch_c_scan_6x7,18379836,45539080,6738840
11:18:10,460340,batch_c_scan_6x7,18379840,45539080,6738836
11:18:11,460340,batch_c_scan_6x7,18379840,45539080,6738836
11:18:12,460340,batch_c_scan_6x7,18379840,45539080,6738836
11:18:13,460340,batch_c_scan_6x7,18379840,45539080,6738836
11:18:14,460340,batch_c_scan_6x7,18379844,45539080,6738832
11:18:15,460340,batch_c_scan_6x7,18379844,45539080,6738832
11:18:16,460340,batch_c_scan_6x7,18379844,45539080,6738832
11:18:17,460340,batch_c_scan_6x7,18379908,45539080,6738768
11:18:18,460340,batch_c_scan_6x7,18379932,45539080,6738768
11:18:19,460340,batch_c_scan_6x7,18379952,45539080,6738724
11:18:20,460340,batch_c_scan_6x7,18379952,45539080,6738724
11:18:21,460340,batch_c_scan_6x7,18379952,45539080,6738724
11:18:22,460340,batch_c_scan_6x7,18379952,45539080,6738724
11:18:23,460340,batch_c_scan_6x7,18379952,45539080,6738724
11:18:24,460340,batch_c_scan_6x7,18379956,45539080,6738720
11:18:25,460340,batch_c_scan_6x7,18379956,45539080,6738720
11:18:26,460340,batch_c_scan_6x7,18381180,45539080,6737648
11:18:27,460340,batch_c_scan_6x7,18381180,45539080,6737648
11:18:28,460340,batch_c_scan_6x7,18381180,45539080,6737648
11:18:29,460340,batch_c_scan_6x7,18381180,45539080,6737648
11:18:30,460340,batch_c_scan_6x7,18381180,45539080,6737648
11:18:31,460340,batch_c_scan_6x7,18381184,45539080,6737644
11:18:32,460340,batch_c_scan_6x7,18381188,45539080,6737640
11:18:33,460340,batch_c_scan_6x7,18381188,45539080,6737640
11:18:34,460340,batch_c_scan_6x7,18381188,45539080,6737640
11:18:35,460340,batch_c_scan_6x7,18381188,45539080,6737640
11:18:36,460340,batch_c_scan_6x7,18381188,45539080,6737640
11:18:37,460340,batch_c_scan_6x7,18381188,45539080,6737640
11:18:38,460340,batch_c_scan_6x7,18381188,45539080,6737640
11:18:39,460340,batch_c_scan_6x7,18381188,45539080,6737640
11:18:40,460340,batch_c_scan_6x7,18381188,45539080,6737640
11:18:41,460340,batch_c_scan_6x7,18381188,45539080,6737640
11:18:42,460340,batch_c_scan_6x7,18381188,45539080,6737640
11:18:43,460340,batch_c_scan_6x7,18381216,45539080,6737612
11:18:44,460340,batch_c_scan_6x7,18381216,45539080,6737612
11:18:45,460340,batch_c_scan_6x7,18381220,45539080,6737608
11:18:46,460340,batch_c_scan_6x7,18381220,45539080,6737608
11:18:47,460340,batch_c_scan_6x7,18381220,45539080,6737608
11:18:48,460340,batch_c_scan_6x7,18381220,45539080,6737608
11:18:50,460340,batch_c_scan_6x7,18381244,45539080,6737608
11:18:51,460340,batch_c_scan_6x7,18381224,45539080,6737604
11:18:52,460340,batch_c_scan_6x7,18381228,45539080,6737600
11:18:53,460340,batch_c_scan_6x7,18381228,45539080,6737600
11:18:54,460340,batch_c_scan_6x7,18381228,45539080,6737600
11:18:55,460340,batch_c_scan_6x7,18381228,45539080,6737600
11:18:56,460340,batch_c_scan_6x7,18381228,45539080,6737600
11:18:57,460340,batch_c_scan_6x7,18381228,45539080,6737600
11:18:58,460340,batch_c_scan_6x7,18381228,45539080,6737600
11:18:59,460340,batch_c_scan_6x7,18381228,45539080,6737600
11:19:00,460340,batch_c_scan_6x7,18381228,45539080,6737600
11:19:01,460340,batch_c_scan_6x7,18381228,45539080,6737600
11:19:02,460340,batch_c_scan_6x7,18381228,45539080,6737600
11:19:03,460340,batch_c_scan_6x7,18381232,45539080,6737596
11:19:04,460340,batch_c_scan_6x7,18381236,45539080,6737592
11:19:05,460340,batch_c_scan_6x7,18381236,45539080,6737592
11:19:06,460340,batch_c_scan_6x7,18381236,45539080,6737592
11:19:07,460340,batch_c_scan_6x7,18381236,45539080,6737592
11:19:08,460340,batch_c_scan_6x7,18381236,45539080,6737592
11:19:09,460340,batch_c_scan_6x7,18381260,45539080,6737592
11:19:10,460340,batch_c_scan_6x7,18381240,45539080,6737588
11:19:11,460340,batch_c_scan_6x7,18381244,45539080,6737584
11:19:12,460340,batch_c_scan_6x7,18381244,45539080,6737584
11:19:13,460340,batch_c_scan_6x7,18381244,45539080,6737584
11:19:14,460340,batch_c_scan_6x7,18381244,45539080,6737584
11:19:15,460340,batch_c_scan_6x7,18381244,45539080,6737584
11:19:16,460340,batch_c_scan_6x7,18381244,45539080,6737584
11:19:17,460340,batch_c_scan_6x7,18381248,45539080,6737580
11:19:18,460340,batch_c_scan_6x7,18381252,45539080,6737576
11:19:19,460340,batch_c_scan_6x7,18381252,45539080,6737576
11:19:20,460340,batch_c_scan_6x7,18381252,45539080,6737576
11:19:21,460340,batch_c_scan_6x7,18381252,45539080,6737576
11:19:22,460340,batch_c_scan_6x7,18381252,45539080,6737576
11:19:23,460340,batch_c_scan_6x7,18381252,45539080,6737576
11:19:24,460340,batch_c_scan_6x7,18381256,45539080,6737572
11:19:25,460340,batch_c_scan_6x7,18381260,45539080,6737568
11:19:26,460340,batch_c_scan_6x7,18381260,45539080,6737568
11:19:27,460340,batch_c_scan_6x7,18381260,45539080,6737568
11:19:28,460340,batch_c_scan_6x7,18381260,45539080,6737568
11:19:29,460340,batch_c_scan_6x7,18381260,45539080,6737568
11:19:30,460340,batch_c_scan_6x7,18381260,45539080,6737568
11:19:31,460340,batch_c_scan_6x7,18381260,45539080,6737568
11:19:32,460340,batch_c_scan_6x7,18381260,45539080,6737568
11:19:33,460340,batch_c_scan_6x7,18381260,45539080,6737568
11:19:34,460340,batch_c_scan_6x7,18381260,45539080,6737568
11:19:35,460340,batch_c_scan_6x7,18381260,45539080,6737568
11:19:36,460340,batch_c_scan_6x7,18381264,45539080,6737564
11:19:37,460340,batch_c_scan_6x7,18381288,45539080,6737540
11:19:38,460340,batch_c_scan_6x7,18381288,45539080,6737540
11:19:39,460340,batch_c_scan_6x7,18381288,45539080,6737540
11:19:40,460340,batch_c_scan_6x7,18381288,45539080,6737540
11:19:41,460340,batch_c_scan_6x7,18381288,45539080,6737540
11:19:42,460340,batch_c_scan_6x7,18381288,45539080,6737540
11:19:43,460340,batch_c_scan_6x7,18381292,45539080,6737536
11:19:45,460340,batch_c_scan_6x7,18381296,45539080,6737532
11:19:46,460340,batch_c_scan_6x7,18381296,45539080,6737532
11:19:47,460340,batch_c_scan_6x7,18381296,45539080,6737532
11:19:48,460340,batch_c_scan_6x7,18381296,45539080,6737532
11:19:49,460340,batch_c_scan_6x7,18381300,45539080,6737528
11:19:50,460340,batch_c_scan_6x7,18381300,45539080,6737528
11:19:51,460340,batch_c_scan_6x7,18381300,45539080,6737528
11:19:52,460340,batch_c_scan_6x7,18381304,45539080,6737524
11:19:53,460340,batch_c_scan_6x7,18381304,45539080,6737524
11:19:54,460340,batch_c_scan_6x7,18381304,45539080,6737524
11:19:55,460340,batch_c_scan_6x7,18381304,45539080,6737524
11:19:56,460340,batch_c_scan_6x7,18381308,45539080,6737520
11:19:57,460340,batch_c_scan_6x7,18381312,45539080,6737516
11:19:58,460340,batch_c_scan_6x7,18381312,45539080,6737516
11:19:59,460340,batch_c_scan_6x7,18381312,45539080,6737516
11:20:00,460340,batch_c_scan_6x7,18381312,45539080,6737516
11:20:01,460340,batch_c_scan_6x7,18381312,45539080,6737516
11:20:02,460340,batch_c_scan_6x7,18381336,45539080,6737516
11:20:03,460340,batch_c_scan_6x7,18381316,45539080,6737512
11:20:04,460340,batch_c_scan_6x7,18381320,45539080,6737508
11:20:05,460340,batch_c_scan_6x7,18381320,45539080,6737508
11:20:06,460340,batch_c_scan_6x7,18381320,45539080,6737508
11:20:07,460340,batch_c_scan_6x7,18381320,45539080,6737508
11:20:08,460340,batch_c_scan_6x7,18381320,45539080,6737508
11:20:09,460340,batch_c_scan_6x7,18381320,45539080,6737508
11:20:10,460340,batch_c_scan_6x7,18381324,45539080,6737504
11:20:11,460340,batch_c_scan_6x7,18381328,45539080,6737500
11:20:12,460340,batch_c_scan_6x7,18381328,45539080,6737500
11:20:13,460340,batch_c_scan_6x7,18381328,45539080,6737500
11:20:14,460340,batch_c_scan_6x7,18381328,45539080,6737500
11:20:15,460340,batch_c_scan_6x7,18381332,45539080,6737496
11:20:16,460340,batch_c_scan_6x7,18381332,45539080,6737496
11:20:17,460340,batch_c_scan_6x7,18381332,45539080,6737496
11:20:18,460340,batch_c_scan_6x7,18381336,45539080,6737492
11:20:19,460340,batch_c_scan_6x7,18381336,45539080,6737492
11:20:20,460340,batch_c_scan_6x7,18381336,45539080,6737492
11:20:21,460340,batch_c_scan_6x7,18381336,45539080,6737492
11:20:22,460340,batch_c_scan_6x7,18381340,45539080,6737488
11:20:23,460340,batch_c_scan_6x7,18381340,45539080,6737488
11:20:24,460340,batch_c_scan_6x7,18381344,45539080,6737484
11:20:25,460340,batch_c_scan_6x7,18381344,45539080,6737484
11:20:26,460340,batch_c_scan_6x7,18381344,45539080,6737484
11:20:27,460340,batch_c_scan_6x7,18381344,45539080,6737484
11:20:28,460340,batch_c_scan_6x7,18381344,45539080,6737484
11:20:29,460340,batch_c_scan_6x7,18381348,45539080,6737480
11:20:30,460340,batch_c_scan_6x7,18381352,45539080,6737476
11:20:31,460340,batch_c_scan_6x7,18381352,45539080,6737476
11:20:32,460340,batch_c_scan_6x7,18381352,45539080,6737476
11:20:33,460340,batch_c_scan_6x7,18381352,45539080,6737476
11:20:34,460340,batch_c_scan_6x7,18381352,45539080,6737476
11:20:35,460340,batch_c_scan_6x7,18381376,45539080,6737476
11:20:36,460340,batch_c_scan_6x7,18381372,45539080,6737456
11:20:37,460340,batch_c_scan_6x7,18381376,45539080,6737452
11:20:39,460340,batch_c_scan_6x7,18381376,45539080,6737452
11:20:40,460340,batch_c_scan_6x7,18381376,45539080,6737452
11:20:41,460340,batch_c_scan_6x7,18381376,45539080,6737452
11:20:42,460340,batch_c_scan_6x7,18381380,45539080,6737448
11:20:43,460340,batch_c_scan_6x7,18381380,45539080,6737448
11:20:44,460340,batch_c_scan_6x7,18381380,45539080,6737448
11:20:45,460340,batch_c_scan_6x7,18381384,45539080,6737444
11:20:46,460340,batch_c_scan_6x7,18381384,45539080,6737444
11:20:47,460340,batch_c_scan_6x7,18381384,45539080,6737444
11:20:48,460340,batch_c_scan_6x7,18381384,45539080,6737444
11:20:49,460340,batch_c_scan_6x7,18381388,45539080,6737440
11:20:50,460340,batch_c_scan_6x7,18381388,45539080,6737440
11:20:51,460340,batch_c_scan_6x7,18381388,45539080,6737440
11:20:52,460340,batch_c_scan_6x7,18381388,45539080,6737440
11:20:53,460340,batch_c_scan_6x7,18381388,45539080,6737440
11:20:54,460340,batch_c_scan_6x7,18381388,45539080,6737440
11:20:55,460340,batch_c_scan_6x7,18381388,45539080,6737440
11:20:56,460340,batch_c_scan_6x7,18381388,45539080,6737440
11:20:57,460340,batch_c_scan_6x7,18381388,45539080,6737440
11:20:58,460340,batch_c_scan_6x7,18381392,45539080,6737436
11:20:59,460340,batch_c_scan_6x7,18381392,45539080,6737436
11:21:00,460340,batch_c_scan_6x7,18381392,45539080,6737436
11:21:01,460340,batch_c_scan_6x7,18381392,45539080,6737436
11:21:02,460340,batch_c_scan_6x7,18381392,45539080,6737436
11:21:03,460340,batch_c_scan_6x7,18381396,45539080,6737432
11:21:04,460340,batch_c_scan_6x7,18381396,45539080,6737432
11:21:05,460340,batch_c_scan_6x7,18381400,45539080,6737428
11:21:06,460340,batch_c_scan_6x7,18381400,45539080,6737428
11:21:07,460340,batch_c_scan_6x7,18381400,45539080,6737428
11:21:08,460340,batch_c_scan_6x7,18381404,45539080,6737424
11:21:09,460340,batch_c_scan_6x7,18381404,45539080,6737424
11:21:10,460340,batch_c_scan_6x7,18381404,45539080,6737424
11:21:11,460340,batch_c_scan_6x7,18381404,45539080,6737424
11:21:12,460340,batch_c_scan_6x7,18381408,45539080,6737420
11:21:13,460340,batch_c_scan_6x7,18381408,45539080,6737420
11:21:14,460340,batch_c_scan_6x7,18381408,45539080,6737420
11:21:15,460340,batch_c_scan_6x7,18381412,45539080,6737416
11:21:16,460340,batch_c_scan_6x7,18381412,45539080,6737416
11:21:17,460340,batch_c_scan_6x7,18381416,45539080,6737412
11:21:18,460340,batch_c_scan_6x7,18381416,45539080,6737412
11:21:19,460340,batch_c_scan_6x7,18381416,45539080,6737412
11:21:20,460340,batch_c_scan_6x7,18381416,45539080,6737412
11:21:21,460340,batch_c_scan_6x7,18381416,45539080,6737412
11:21:22,460340,batch_c_scan_6x7,18381420,45539080,6737408
11:21:23,460340,batch_c_scan_6x7,18381420,45539080,6737408
11:21:24,460340,batch_c_scan_6x7,18381424,45539080,6737404
11:21:25,460340,batch_c_scan_6x7,18381424,45539080,6737404
11:21:26,460340,batch_c_scan_6x7,18381424,45539080,6737404
11:21:27,460340,batch_c_scan_6x7,18381424,45539080,6737404
11:21:28,460340,batch_c_scan_6x7,18381424,45539080,6737404
11:21:29,460340,batch_c_scan_6x7,18381428,45539080,6737400
11:21:30,460340,batch_c_scan_6x7,18381452,45539080,6737400
11:21:31,460340,batch_c_scan_6x7,18381432,45539080,6737396
11:21:33,460340,batch_c_scan_6x7,18381432,45539080,6737396
11:21:34,460340,batch_c_scan_6x7,18381432,45539080,6737396
11:21:35,460340,batch_c_scan_6x7,18381436,45539080,6737392
11:21:36,460340,batch_c_scan_6x7,18381436,45539080,6737392
11:21:37,460340,batch_c_scan_6x7,18381440,45539080,6737388
11:21:38,460340,batch_c_scan_6x7,18381464,45539080,6737388
11:21:39,460340,batch_c_scan_6x7,18381440,45539080,6737388
11:21:40,460340,batch_c_scan_6x7,18381440,45539080,6737388
11:21:41,460340,batch_c_scan_6x7,18381440,45539080,6737388
11:21:42,460340,batch_c_scan_6x7,18381800,45539080,6737028
11:21:43,460340,batch_c_scan_6x7,18381800,45539080,6737028
11:21:44,460340,batch_c_scan_6x7,18381804,45539080,6737024
11:21:45,460340,batch_c_scan_6x7,18381804,45539080,6737024
11:21:46,460340,batch_c_scan_6x7,18381804,45539080,6737024
11:21:47,460340,batch_c_scan_6x7,18381804,45539080,6737024
11:21:48,460340,batch_c_scan_6x7,18381804,45539080,6737024
11:21:49,460340,batch_c_scan_6x7,18381808,45539080,6737020
11:21:50,460340,batch_c_scan_6x7,18381808,45539080,6737020
11:21:51,460340,batch_c_scan_6x7,18381812,45539080,6737016
11:21:52,460340,batch_c_scan_6x7,18381812,45539080,6737016
11:21:53,460340,batch_c_scan_6x7,18381812,45539080,6737016
11:21:54,460340,batch_c_scan_6x7,18384412,45539080,6734416
11:21:55,460340,batch_c_scan_6x7,18384412,45539080,6734416
11:21:56,460340,batch_c_scan_6x7,18384416,45539080,6734412
11:21:57,460340,batch_c_scan_6x7,18384416,45539080,6734412
11:21:58,460340,batch_c_scan_6x7,18384416,45539080,6734412
11:21:59,460340,batch_c_scan_6x7,18384416,45539080,6734412
11:22:00,460340,batch_c_scan_6x7,18384416,45539080,6734412
11:22:01,460340,batch_c_scan_6x7,18384424,45539080,6734404
11:22:02,460340,batch_c_scan_6x7,18384424,45539080,6734404
11:22:03,460340,batch_c_scan_6x7,18384432,45539080,6734396
11:22:04,460340,batch_c_scan_6x7,18384432,45539080,6734396
11:22:05,460340,batch_c_scan_6x7,18384432,45539080,6734396
11:22:06,460340,batch_c_scan_6x7,18384432,45539080,6734396
11:22:07,460340,batch_c_scan_6x7,18384432,45539080,6734396
11:22:08,460340,batch_c_scan_6x7,18384436,45539080,6734392
11:22:09,460340,batch_c_scan_6x7,18384436,45539080,6734392
11:22:10,460340,batch_c_scan_6x7,18384440,45539080,6734388
11:22:11,460340,batch_c_scan_6x7,18384440,45539080,6734388
11:22:12,460340,batch_c_scan_6x7,18384440,45539080,6734388
11:22:13,460340,batch_c_scan_6x7,18384440,45539080,6734388
11:22:14,460340,batch_c_scan_6x7,18384440,45539080,6734388
11:22:15,460340,batch_c_scan_6x7,18384444,45539080,6734384
11:22:16,460340,batch_c_scan_6x7,18384444,45539080,6734384
11:22:17,460340,batch_c_scan_6x7,18384448,45539080,6734380
11:22:18,460340,batch_c_scan_6x7,18384448,45539080,6734380
11:22:19,460340,batch_c_scan_6x7,18384448,45539080,6734380
11:22:20,460340,batch_c_scan_6x7,18384448,45539080,6734380
11:22:21,460340,batch_c_scan_6x7,18384456,45539080,6734372
11:22:22,460340,batch_c_scan_6x7,18384456,45539080,6734372
11:22:23,460340,batch_c_scan_6x7,18384456,45539080,6734372
11:22:24,460340,batch_c_scan_6x7,18384460,45539080,6734368
11:22:25,460340,batch_c_scan_6x7,18384460,45539080,6734368
11:22:26,460340,batch_c_scan_6x7,18384460,45539080,6734368
11:22:28,460340,batch_c_scan_6x7,18384460,45539080,6734368
11:22:29,460340,batch_c_scan_6x7,18384464,45539080,6734364
11:22:30,460340,batch_c_scan_6x7,18384464,45539080,6734364
11:22:31,460340,batch_c_scan_6x7,18384464,45539080,6734364
11:22:32,460340,batch_c_scan_6x7,18384464,45539080,6734364
11:22:33,460340,batch_c_scan_6x7,18384464,45539080,6734364
11:22:34,460340,batch_c_scan_6x7,18384464,45539080,6734364
11:22:35,460340,batch_c_scan_6x7,18384488,45539080,6734364
11:22:36,460340,batch_c_scan_6x7,18384472,45539080,6734356
11:22:37,460340,batch_c_scan_6x7,18384476,45539080,6734352
11:22:38,460340,batch_c_scan_6x7,18384476,45539080,6734352
11:22:39,460340,batch_c_scan_6x7,18384476,45539080,6734352
11:22:40,460340,batch_c_scan_6x7,18384476,45539080,6734352
11:22:41,460340,batch_c_scan_6x7,18384476,45539080,6734352
11:22:42,460340,batch_c_scan_6x7,18384500,45539080,6734352
11:22:43,460340,batch_c_scan_6x7,18384484,45539080,6734344
11:22:44,460340,batch_c_scan_6x7,18384488,45539080,6734340
11:22:45,460340,batch_c_scan_6x7,18384488,45539080,6734340
11:22:46,460340,batch_c_scan_6x7,18384488,45539080,6734340
11:22:47,460340,batch_c_scan_6x7,18384488,45539080,6734340
11:22:48,460340,batch_c_scan_6x7,18384496,45539080,6734332
11:22:49,460340,batch_c_scan_6x7,18384520,45539080,6734332
11:22:50,460340,batch_c_scan_6x7,18384496,45539080,6734332
11:22:51,460340,batch_c_scan_6x7,18384500,45539080,6734328
11:22:52,460340,batch_c_scan_6x7,18384500,45539080,6734328
11:22:53,460340,batch_c_scan_6x7,18384500,45539080,6734328
11:22:54,460340,batch_c_scan_6x7,18384500,45539080,6734328
11:22:55,460340,batch_c_scan_6x7,18384504,45539080,6734324
11:22:56,460340,batch_c_scan_6x7,18384504,45539080,6734324
11:22:57,460340,batch_c_scan_6x7,18384504,45539080,6734324
11:22:58,460340,batch_c_scan_6x7,18384504,45539080,6734324
11:22:59,460340,batch_c_scan_6x7,18384504,45539080,6734324
11:23:00,460340,batch_c_scan_6x7,18384504,45539080,6734324
11:23:01,460340,batch_c_scan_6x7,18384504,45539080,6734324
11:23:02,460340,batch_c_scan_6x7,18384504,45539080,6734324
11:23:03,460340,batch_c_scan_6x7,18384504,45539080,6734324
11:23:04,460340,batch_c_scan_6x7,18384508,45539080,6734320
11:23:05,460340,batch_c_scan_6x7,18384508,45539080,6734320
11:23:06,460340,batch_c_scan_6x7,18384508,45539080,6734320
11:23:07,460340,batch_c_scan_6x7,18384508,45539080,6734320
11:23:08,460340,batch_c_scan_6x7,18384508,45539080,6734320
11:23:09,460340,batch_c_scan_6x7,18384512,45539080,6734316
11:23:10,460340,batch_c_scan_6x7,18384512,45539080,6734316
11:23:11,460340,batch_c_scan_6x7,18384516,45539080,6734312
11:23:12,460340,batch_c_scan_6x7,18384516,45539080,6734312
11:23:13,460340,batch_c_scan_6x7,18384516,45539080,6734312
11:23:14,460340,batch_c_scan_6x7,18384520,45539080,6734308
11:23:15,460340,batch_c_scan_6x7,18384520,45539080,6734308
11:23:16,460340,batch_c_scan_6x7,18384520,45539080,6734308
11:23:17,460340,batch_c_scan_6x7,18384520,45539080,6734308
11:23:18,460340,batch_c_scan_6x7,18384524,45539080,6734304
11:23:19,460340,batch_c_scan_6x7,18384524,45539080,6734304
11:23:20,460340,batch_c_scan_6x7,18384524,45539080,6734304
11:23:22,460340,batch_c_scan_6x7,18384528,45539080,6734300
11:23:23,460340,batch_c_scan_6x7,18384528,45539080,6734300
11:23:24,460340,batch_c_scan_6x7,18384532,45539080,6734296
11:23:25,460340,batch_c_scan_6x7,18384532,45539080,6734296
11:23:26,460340,batch_c_scan_6x7,18384532,45539080,6734296
11:23:27,460340,batch_c_scan_6x7,18384532,45539080,6734296
11:23:28,460340,batch_c_scan_6x7,18384532,45539080,6734296
11:23:29,460340,batch_c_scan_6x7,18384536,45539080,6734292
11:23:30,460340,batch_c_scan_6x7,18384536,45539080,6734292
11:23:31,460340,batch_c_scan_6x7,18384540,45539080,6734288
11:23:32,460340,batch_c_scan_6x7,18384540,45539080,6734288
11:23:33,460340,batch_c_scan_6x7,18384540,45539080,6734288
11:23:34,460340,batch_c_scan_6x7,18384564,45539080,6734288
11:23:35,460340,batch_c_scan_6x7,18384540,45539080,6734288
11:23:36,460340,batch_c_scan_6x7,18384544,45539080,6734284
11:23:37,460340,batch_c_scan_6x7,18384544,45539080,6734284
11:23:38,460340,batch_c_scan_6x7,18384548,45539080,6734280
11:23:39,460340,batch_c_scan_6x7,18384548,45539080,6734280
11:23:40,460340,batch_c_scan_6x7,18384548,45539080,6734280
11:23:41,460340,batch_c_scan_6x7,18384548,45539080,6734280
11:23:42,460340,batch_c_scan_6x7,18384552,45539080,6734276
11:23:43,460340,batch_c_scan_6x7,18384552,45539080,6734276
11:23:44,460340,batch_c_scan_6x7,18384556,45539080,6734272
11:23:45,460340,batch_c_scan_6x7,18384556,45539080,6734272
11:23:46,460340,batch_c_scan_6x7,18384556,45539080,6734272
11:23:47,460340,batch_c_scan_6x7,18384556,45539080,6734272
11:23:48,460340,batch_c_scan_6x7,18384556,45539080,6734272
11:23:49,460340,batch_c_scan_6x7,18384560,45539080,6734268
11:23:50,460340,batch_c_scan_6x7,18384560,45539080,6734268
11:23:51,460340,batch_c_scan_6x7,18384564,45539080,6734264
11:23:52,460340,batch_c_scan_6x7,18386152,45539080,6732676
11:23:53,460340,batch_c_scan_6x7,18386152,45539080,6732676
11:23:54,460340,batch_c_scan_6x7,18386152,45539080,6732676
11:23:55,460340,batch_c_scan_6x7,18386152,45539080,6732676
11:23:56,460340,batch_c_scan_6x7,18386160,45539080,6732668
11:23:57,460340,batch_c_scan_6x7,18386160,45539080,6732668
11:23:58,460340,batch_c_scan_6x7,18386164,45539080,6732664
11:23:59,460340,batch_c_scan_6x7,18386164,45539080,6732664
11:24:00,460340,batch_c_scan_6x7,18386164,45539080,6732664
11:24:01,460340,batch_c_scan_6x7,18386168,45539080,6732660
11:24:02,460340,batch_c_scan_6x7,18386168,45539080,6732660
11:24:03,460340,batch_c_scan_6x7,18386200,45539080,6732628
11:24:04,460340,batch_c_scan_6x7,18386224,45539080,6732628
11:24:05,460340,batch_c_scan_6x7,18387912,45539080,6730916
11:24:06,460340,batch_c_scan_6x7,18388864,45539080,6729964
11:24:07,460340,batch_c_scan_6x7,18388864,45539080,6729964
11:24:08,460340,batch_c_scan_6x7,18388868,45539080,6729960
11:24:09,460340,batch_c_scan_6x7,18388868,45539080,6729960
11:24:10,460340,batch_c_scan_6x7,18388872,45539080,6729956
11:24:11,460340,batch_c_scan_6x7,18388872,45539080,6729956
11:24:12,460340,batch_c_scan_6x7,18388872,45539080,6729956
11:24:13,460340,batch_c_scan_6x7,18388876,45539080,6729952
11:24:14,460340,batch_c_scan_6x7,18388876,45539080,6729952
11:24:16,460340,batch_c_scan_6x7,18388876,45539080,6729952
11:24:17,460340,batch_c_scan_6x7,18388876,45539080,6729952
11:24:18,460340,batch_c_scan_6x7,18388876,45539080,6729952
11:24:19,460340,batch_c_scan_6x7,18388876,45539080,6729952
11:24:20,460340,batch_c_scan_6x7,18388876,45539080,6729952
11:24:21,460340,batch_c_scan_6x7,18388876,45539080,6729952
11:24:22,460340,batch_c_scan_6x7,18388876,45539080,6729952
11:24:23,460340,batch_c_scan_6x7,18388876,45539080,6729952
11:24:24,460340,batch_c_scan_6x7,18388880,45539080,6729948
11:24:25,460340,batch_c_scan_6x7,18388884,45539080,6729944
11:24:26,460340,batch_c_scan_6x7,18388884,45539080,6729944
11:24:27,460340,batch_c_scan_6x7,18388884,45539080,6729944
11:24:28,460340,batch_c_scan_6x7,18388884,45539080,6729944
11:24:29,460340,batch_c_scan_6x7,18388904,45539080,6729924
11:24:30,460340,batch_c_scan_6x7,18388904,45539080,6729924
11:24:31,460340,batch_c_scan_6x7,18388908,45539080,6729920
11:24:32,460340,batch_c_scan_6x7,18388908,45539080,6729920
11:24:33,460340,batch_c_scan_6x7,18388912,45539080,6729916
11:24:34,460340,batch_c_scan_6x7,18388912,45539080,6729916
11:24:35,460340,batch_c_scan_6x7,18388912,45539080,6729916
11:24:36,460340,batch_c_scan_6x7,18388916,45539080,6729912
11:24:37,460340,batch_c_scan_6x7,18388916,45539080,6729912
11:24:38,460340,batch_c_scan_6x7,18390792,45539080,6728036
11:24:39,460340,batch_c_scan_6x7,18390792,45539080,6728036
11:24:40,460340,batch_c_scan_6x7,18390796,45539080,6728032
11:24:41,460340,batch_c_scan_6x7,18390796,45539080,6728032
11:24:42,460340,batch_c_scan_6x7,18390796,45539080,6728032
11:24:43,460340,batch_c_scan_6x7,18390800,45539080,6728028
11:24:44,460340,batch_c_scan_6x7,18390800,45539080,6728028
11:24:45,460340,batch_c_scan_6x7,18390800,45539080,6728028
11:24:46,460340,batch_c_scan_6x7,18390800,45539080,6728028
11:24:47,460340,batch_c_scan_6x7,18390800,45539080,6728028
11:24:48,460340,batch_c_scan_6x7,18390816,45539080,6728028
11:24:49,460340,batch_c_scan_6x7,18390816,45539080,6728028
11:24:50,460340,batch_c_scan_6x7,18390816,45539080,6728028
11:24:51,460340,batch_c_scan_6x7,18390816,45539080,6728028
11:24:52,460340,batch_c_scan_6x7,18390820,45539080,6728024
11:24:53,460340,batch_c_scan_6x7,18390820,45539080,6728024
11:24:54,460340,batch_c_scan_6x7,18390820,45539080,6728024
11:24:55,460340,batch_c_scan_6x7,18391000,45539080,6727844
11:24:56,460340,batch_c_scan_6x7,18391004,45539080,6727840
11:24:57,460340,batch_c_scan_6x7,18391004,45539080,6727840
11:24:58,460340,batch_c_scan_6x7,18391004,45539080,6727840
11:24:59,460340,batch_c_scan_6x7,18391008,45539080,6727836
11:25:00,460340,batch_c_scan_6x7,18391008,45539080,6727836
11:25:01,460340,batch_c_scan_6x7,18391008,45539080,6727836
11:25:02,460340,batch_c_scan_6x7,18391032,45539080,6727836
11:25:03,460340,batch_c_scan_6x7,18391044,45539080,6727800
11:25:04,460340,batch_c_scan_6x7,18391048,45539080,6727796
11:25:05,460340,batch_c_scan_6x7,18391048,45539080,6727796
11:25:06,460340,batch_c_scan_6x7,18391676,45539080,6727168
11:25:07,460340,batch_c_scan_6x7,18391676,45539080,6727168
11:25:08,460340,batch_c_scan_6x7,18391684,45539080,6727160
11:25:09,460340,batch_c_scan_6x7,18391684,45539080,6727160
11:25:11,460340,batch_c_scan_6x7,18391692,45539080,6727152
11:25:12,460340,batch_c_scan_6x7,18391692,45539080,6727152
11:25:13,460340,batch_c_scan_6x7,18391696,45539080,6727148
11:25:14,460340,batch_c_scan_6x7,18391696,45539080,6727148
11:25:15,460340,batch_c_scan_6x7,18391696,45539080,6727148
11:25:16,460340,batch_c_scan_6x7,18391696,45539080,6727148
11:25:17,460340,batch_c_scan_6x7,18391696,45539080,6727148
11:25:18,460340,batch_c_scan_6x7,18391700,45539080,6727144
11:25:19,460340,batch_c_scan_6x7,18391724,45539080,6727144
11:25:20,460340,batch_c_scan_6x7,18391712,45539080,6727132
11:25:21,460340,batch_c_scan_6x7,18391712,45539080,6727132
11:25:22,460340,batch_c_scan_6x7,18391712,45539080,6727132
11:25:23,460340,batch_c_scan_6x7,18391716,45539080,6727128
11:25:24,460340,batch_c_scan_6x7,18391716,45539080,6727128
11:25:25,460340,batch_c_scan_6x7,18391716,45539080,6727128
11:25:26,460340,batch_c_scan_6x7,18391716,45539080,6727128
11:25:27,460340,batch_c_scan_6x7,18391728,45539080,6727116
11:25:28,460340,batch_c_scan_6x7,18391732,45539080,6727112
11:25:29,460340,batch_c_scan_6x7,18391732,45539080,6727112
11:25:30,460340,batch_c_scan_6x7,18391736,45539080,6727108
11:25:31,460340,batch_c_scan_6x7,18391736,45539080,6727108
11:25:32,460340,batch_c_scan_6x7,18391740,45539080,6727104
11:25:33,460340,batch_c_scan_6x7,18391740,45539080,6727104
11:25:34,460340,batch_c_scan_6x7,18391740,45539080,6727104
11:25:35,460340,batch_c_scan_6x7,18391740,45539080,6727104
11:25:36,460340,batch_c_scan_6x7,18391740,45539080,6727104
11:25:37,460340,batch_c_scan_6x7,18391740,45539080,6727104
11:25:38,460340,batch_c_scan_6x7,18391744,45539080,6727100
11:25:39,460340,batch_c_scan_6x7,18391748,45539080,6727096
11:25:40,460340,batch_c_scan_6x7,18391748,45539080,6727096
11:25:41,460340,batch_c_scan_6x7,18391748,45539080,6727096
11:25:42,460340,batch_c_scan_6x7,18391748,45539080,6727096
11:25:43,460340,batch_c_scan_6x7,18391748,45539080,6727096
11:25:44,460340,batch_c_scan_6x7,18391748,45539080,6727096
11:25:45,460340,batch_c_scan_6x7,18391752,45539080,6727092
11:25:46,460340,batch_c_scan_6x7,18391756,45539080,6727088
11:25:47,460340,batch_c_scan_6x7,18391756,45539080,6727088
11:25:48,460340,batch_c_scan_6x7,18391756,45539080,6727088
11:25:49,460340,batch_c_scan_6x7,18391756,45539080,6727088
11:25:50,460340,batch_c_scan_6x7,18391760,45539080,6727084
11:25:51,460340,batch_c_scan_6x7,18391760,45539080,6727084
11:25:52,460340,batch_c_scan_6x7,18391764,45539080,6727080
11:25:53,460340,batch_c_scan_6x7,18391764,45539080,6727080
11:25:54,460340,batch_c_scan_6x7,18391764,45539080,6727080
11:25:55,460340,batch_c_scan_6x7,18391764,45539080,6727080
11:25:56,460340,batch_c_scan_6x7,18391764,45539080,6727080
11:25:57,460340,batch_c_scan_6x7,18391768,45539080,6727076
11:25:58,460340,batch_c_scan_6x7,18391768,45539080,6727076
11:25:59,460340,batch_c_scan_6x7,18391772,45539080,6727072
11:26:00,460340,batch_c_scan_6x7,18391796,45539080,6727072
11:26:01,460340,batch_c_scan_6x7,18391772,45539080,6727072
11:26:02,460340,batch_c_scan_6x7,18391772,45539080,6727072
11:26:03,460340,batch_c_scan_6x7,18391772,45539080,6727072
11:26:05,460340,batch_c_scan_6x7,18391776,45539080,6727068
11:26:06,460340,batch_c_scan_6x7,18391776,45539080,6727068
11:26:07,460340,batch_c_scan_6x7,18391780,45539080,6727064
11:26:08,460340,batch_c_scan_6x7,18391780,45539080,6727064
11:26:09,460340,batch_c_scan_6x7,18391780,45539080,6727064
11:26:10,460340,batch_c_scan_6x7,18391780,45539080,6727064
11:26:11,460340,batch_c_scan_6x7,18391784,45539080,6727060
11:26:12,460340,batch_c_scan_6x7,18391784,45539080,6727060
11:26:13,460340,batch_c_scan_6x7,18391784,45539080,6727060
11:26:14,460340,batch_c_scan_6x7,18391788,45539080,6727056
11:26:15,460340,batch_c_scan_6x7,18391788,45539080,6727056
11:26:16,460340,batch_c_scan_6x7,18391788,45539080,6727056
11:26:17,460340,batch_c_scan_6x7,18391788,45539080,6727056
11:26:18,460340,batch_c_scan_6x7,18394172,45539080,6724672
11:26:19,460340,batch_c_scan_6x7,18394172,45539080,6724672
11:26:20,460340,batch_c_scan_6x7,18394176,45539080,6724668
11:26:21,460340,batch_c_scan_6x7,18394176,45539080,6724668
11:26:22,460340,batch_c_scan_6x7,18394176,45539080,6724668
11:26:23,460340,batch_c_scan_6x7,18394176,45539080,6724668
11:26:24,460340,batch_c_scan_6x7,18394176,45539080,6724668
11:26:25,460340,batch_c_scan_6x7,18394180,45539080,6724664
11:26:26,460340,batch_c_scan_6x7,18394204,45539080,6724664
11:26:27,460340,batch_c_scan_6x7,18394184,45539080,6724660
11:26:28,460340,batch_c_scan_6x7,18394184,45539080,6724660
11:26:29,460340,batch_c_scan_6x7,18394184,45539080,6724660
11:26:30,460340,batch_c_scan_6x7,18394184,45539080,6724660
11:26:31,460340,batch_c_scan_6x7,18394184,45539080,6724660
11:26:32,460340,batch_c_scan_6x7,18394188,45539080,6724656
11:26:33,460340,batch_c_scan_6x7,18394188,45539080,6724656
11:26:34,460340,batch_c_scan_6x7,18394188,45539080,6724656
11:26:35,460340,batch_c_scan_6x7,18394188,45539080,6724656
11:26:36,460340,batch_c_scan_6x7,18394188,45539080,6724656
11:26:37,460340,batch_c_scan_6x7,18394188,45539080,6724656
11:26:38,460340,batch_c_scan_6x7,18394188,45539080,6724656
11:26:39,460340,batch_c_scan_6x7,18394188,45539080,6724656
11:26:40,460340,batch_c_scan_6x7,18394188,45539080,6724656
11:26:41,460340,batch_c_scan_6x7,18394224,45539080,6724620
11:26:42,460340,batch_c_scan_6x7,18394224,45539080,6724620
11:26:43,460340,batch_c_scan_6x7,18394224,45539080,6724620
11:26:44,460340,batch_c_scan_6x7,18394224,45539080,6724620
11:26:45,460340,batch_c_scan_6x7,18394228,45539080,6724616
11:26:46,460340,batch_c_scan_6x7,18394240,45539080,6724604
11:26:47,460340,batch_c_scan_6x7,18394240,45539080,6724604
11:26:48,460340,batch_c_scan_6x7,18394240,45539080,6724604
11:26:49,460340,batch_c_scan_6x7,18394240,45539080,6724604
11:26:50,460340,batch_c_scan_6x7,18394240,45539080,6724604
11:26:51,460340,batch_c_scan_6x7,18394240,45539080,6724604
11:26:52,460340,batch_c_scan_6x7,18394248,45539080,6724596
11:26:53,460340,batch_c_scan_6x7,18394248,45539080,6724596
11:26:54,460340,batch_c_scan_6x7,18394252,45539080,6724592
11:26:55,460340,batch_c_scan_6x7,18394252,45539080,6724592
11:26:56,460340,batch_c_scan_6x7,18394252,45539080,6724592
11:26:57,460340,batch_c_scan_6x7,18394252,45539080,6724592
11:26:59,460340,batch_c_scan_6x7,18394252,45539080,6724592
11:27:00,460340,batch_c_scan_6x7,18394276,45539080,6724568
11:27:01,460340,batch_c_scan_6x7,18394300,45539080,6724568
11:27:02,460340,batch_c_scan_6x7,18394292,45539080,6724552
11:27:03,460340,batch_c_scan_6x7,18394292,45539080,6724552
11:27:04,460340,batch_c_scan_6x7,18394292,45539080,6724552
11:27:05,460340,batch_c_scan_6x7,18394296,45539080,6724548
11:27:06,460340,batch_c_scan_6x7,18394296,45539080,6724548
11:27:07,460340,batch_c_scan_6x7,18394296,45539080,6724548
11:27:08,460340,batch_c_scan_6x7,18394296,45539080,6724548
11:27:09,460340,batch_c_scan_6x7,18394328,45539080,6724516
11:27:10,460340,batch_c_scan_6x7,18394364,45539080,6724504
11:27:11,460340,batch_c_scan_6x7,18394340,45539080,6724504
11:27:12,460340,batch_c_scan_6x7,18394340,45539080,6724504
11:27:13,460340,batch_c_scan_6x7,18394340,45539080,6724504
11:27:14,460340,batch_c_scan_6x7,18394344,45539080,6724500
11:27:15,460340,batch_c_scan_6x7,18394344,45539080,6724500
11:27:16,460340,batch_c_scan_6x7,18394344,45539080,6724500
11:27:17,460340,batch_c_scan_6x7,18394344,45539080,6724500
11:27:18,460340,batch_c_scan_6x7,18394352,45539080,6724492
11:27:19,460340,batch_c_scan_6x7,18394352,45539080,6724492
11:27:20,460340,batch_c_scan_6x7,18394356,45539080,6724488
11:27:21,460340,batch_c_scan_6x7,18394360,45539080,6724484
11:27:22,460340,batch_c_scan_6x7,18394360,45539080,6724484
11:27:23,460340,batch_c_scan_6x7,18394360,45539080,6724484
11:27:24,460340,batch_c_scan_6x7,18394360,45539080,6724484
11:27:25,460340,batch_c_scan_6x7,18394360,45539080,6724484
11:27:26,460340,batch_c_scan_6x7,18394360,45539080,6724484
11:27:27,460340,batch_c_scan_6x7,18394372,45539080,6724472
11:27:28,460340,batch_c_scan_6x7,18394372,45539080,6724472
11:27:29,460340,batch_c_scan_6x7,18394376,45539080,6724468
11:27:30,460340,batch_c_scan_6x7,18394376,45539080,6724468
11:27:31,460340,batch_c_scan_6x7,18394376,45539080,6724468
11:27:32,460340,batch_c_scan_6x7,18394380,45539080,6724464
11:27:33,460340,batch_c_scan_6x7,18394380,45539080,6724464
11:27:34,460340,batch_c_scan_6x7,18394380,45539080,6724464
11:27:35,460340,batch_c_scan_6x7,18394380,45539080,6724464
11:27:36,460340,batch_c_scan_6x7,18394384,45539080,6724460
11:27:37,460340,batch_c_scan_6x7,18394384,45539080,6724460
11:27:38,460340,batch_c_scan_6x7,18394384,45539080,6724460
11:27:39,460340,batch_c_scan_6x7,18394388,45539080,6724456
11:27:40,460340,batch_c_scan_6x7,18394388,45539080,6724456
11:27:41,460340,batch_c_scan_6x7,18394392,45539080,6724452
11:27:42,460340,batch_c_scan_6x7,18394392,45539080,6724452
11:27:43,460340,batch_c_scan_6x7,18394404,45539080,6724440
11:27:44,460340,batch_c_scan_6x7,18394404,45539080,6724440
11:27:45,460340,batch_c_scan_6x7,18394412,45539080,6724432
11:27:46,460340,batch_c_scan_6x7,18394412,45539080,6724432
11:27:47,460340,batch_c_scan_6x7,18394436,45539080,6724408
11:27:48,460340,batch_c_scan_6x7,18394536,45539080,6724308
11:27:49,460340,batch_c_scan_6x7,18394536,45539080,6724308
11:27:50,460340,batch_c_scan_6x7,18394536,45539080,6724308
11:27:51,460340,batch_c_scan_6x7,18394536,45539080,6724308
11:27:53,460340,batch_c_scan_6x7,18394536,45539080,6724308
11:27:54,460340,batch_c_scan_6x7,18394536,45539080,6724308
11:27:55,460340,batch_c_scan_6x7,18394540,45539080,6724304
11:27:56,460340,batch_c_scan_6x7,18394540,45539080,6724304
11:27:57,460340,batch_c_scan_6x7,18394544,45539080,6724300
11:27:58,460340,batch_c_scan_6x7,18394544,45539080,6724300
11:27:59,460340,batch_c_scan_6x7,18394544,45539080,6724300
11:28:00,460340,batch_c_scan_6x7,18394548,45539080,6724296
11:28:01,460340,batch_c_scan_6x7,18394548,45539080,6724296
11:28:02,460340,batch_c_scan_6x7,18394552,45539080,6724292
11:28:03,460340,batch_c_scan_6x7,18394552,45539080,6724292
11:28:04,460340,batch_c_scan_6x7,18394552,45539080,6724292
11:28:05,460340,batch_c_scan_6x7,18394552,45539080,6724292
11:28:06,460340,batch_c_scan_6x7,18394552,45539080,6724292
11:28:07,460340,batch_c_scan_6x7,18394556,45539080,6724288
11:28:08,460340,batch_c_scan_6x7,18394556,45539080,6724288
11:28:09,460340,batch_c_scan_6x7,18394580,45539080,6724264
11:28:10,460340,batch_c_scan_6x7,18394580,45539080,6724264
11:28:11,460340,batch_c_scan_6x7,18394580,45539080,6724264
11:28:12,460340,batch_c_scan_6x7,18394580,45539080,6724264
11:28:13,460340,batch_c_scan_6x7,18394580,45539080,6724264
11:28:14,460340,batch_c_scan_6x7,18394580,45539080,6724264
11:28:15,460340,batch_c_scan_6x7,18394584,45539080,6724260
11:28:16,460340,batch_c_scan_6x7,18394588,45539080,6724256
11:28:17,460340,batch_c_scan_6x7,18394588,45539080,6724256
11:28:18,460340,batch_c_scan_6x7,18394588,45539080,6724256
11:28:19,460340,batch_c_scan_6x7,18394588,45539080,6724256
11:28:20,460340,batch_c_scan_6x7,18394596,45539080,6724248
11:28:21,460340,batch_c_scan_6x7,18394596,45539080,6724248
11:28:22,460340,batch_c_scan_6x7,18394596,45539080,6724248
11:28:23,460340,batch_c_scan_6x7,18394596,45539080,6724248
11:28:24,460340,batch_c_scan_6x7,18394600,45539080,6724244
11:28:25,460340,batch_c_scan_6x7,18394600,45539080,6724244
11:28:26,460340,batch_c_scan_6x7,18394600,45539080,6724244
11:28:27,460340,batch_c_scan_6x7,18394604,45539080,6724240
11:28:28,460340,batch_c_scan_6x7,18394604,45539080,6724240
11:28:29,460340,batch_c_scan_6x7,18394608,45539080,6724236
11:28:30,460340,batch_c_scan_6x7,18394608,45539080,6724236
11:28:31,460340,batch_c_scan_6x7,18394608,45539080,6724236
11:28:32,460340,batch_c_scan_6x7,18394608,45539080,6724236
11:28:33,460340,batch_c_scan_6x7,18394608,45539080,6724236
11:28:34,460340,batch_c_scan_6x7,18394612,45539080,6724232
11:28:35,460340,batch_c_scan_6x7,18394612,45539080,6724232
11:28:36,460340,batch_c_scan_6x7,18394640,45539080,6724204
11:28:37,460340,batch_c_scan_6x7,18394640,45539080,6724204
11:28:38,460340,batch_c_scan_6x7,18394712,45539080,6724188
11:28:39,460340,batch_c_scan_6x7,18394712,45539080,6724188
11:28:40,460340,batch_c_scan_6x7,18394724,45539080,6724176
11:28:41,460340,batch_c_scan_6x7,18394748,45539080,6724176
11:28:42,460340,batch_c_scan_6x7,18394728,45539080,6724172
11:28:43,460340,batch_c_scan_6x7,18394732,45539080,6724168
11:28:44,460340,batch_c_scan_6x7,18394732,45539080,6724168
11:28:45,460340,batch_c_scan_6x7,18394732,45539080,6724168
11:28:47,460340,batch_c_scan_6x7,18394732,45539080,6724168
11:28:48,460340,batch_c_scan_6x7,18394736,45539080,6724164
11:28:49,460340,batch_c_scan_6x7,18394736,45539080,6724164
11:28:50,460340,batch_c_scan_6x7,18394736,45539080,6724164
11:28:51,460340,batch_c_scan_6x7,18394760,45539080,6724164
11:28:52,460340,batch_c_scan_6x7,18394740,45539080,6724160
11:28:53,460340,batch_c_scan_6x7,18394740,45539080,6724160
11:28:54,460340,batch_c_scan_6x7,18394740,45539080,6724160
11:28:55,460340,batch_c_scan_6x7,18394744,45539080,6724156
11:28:56,460340,batch_c_scan_6x7,18394744,45539080,6724156
11:28:57,460340,batch_c_scan_6x7,18394748,45539080,6724152
11:28:58,460340,batch_c_scan_6x7,18394748,45539080,6724152
11:28:59,460340,batch_c_scan_6x7,18394748,45539080,6724152
11:29:00,460340,batch_c_scan_6x7,18394748,45539080,6724152
11:29:01,460340,batch_c_scan_6x7,18394748,45539080,6724152
11:29:02,460340,batch_c_scan_6x7,18394748,45539080,6724152
11:29:03,460340,batch_c_scan_6x7,18394752,45539080,6724148
11:29:04,460340,batch_c_scan_6x7,18394756,45539080,6724144
11:29:05,460340,batch_c_scan_6x7,18394756,45539080,6724144
11:29:06,460340,batch_c_scan_6x7,18394756,45539080,6724144
11:29:07,460340,batch_c_scan_6x7,18394756,45539080,6724144
11:29:08,460340,batch_c_scan_6x7,18394756,45539080,6724144
11:29:09,460340,batch_c_scan_6x7,18394756,45539080,6724144
11:29:10,460340,batch_c_scan_6x7,18394784,45539080,6724140
11:29:11,460340,batch_c_scan_6x7,18394784,45539080,6724140
11:29:12,460340,batch_c_scan_6x7,18394788,45539080,6724136
11:29:13,460340,batch_c_scan_6x7,18394788,45539080,6724136
11:29:14,460340,batch_c_scan_6x7,18394788,45539080,6724136
11:29:15,460340,batch_c_scan_6x7,18394792,45539080,6724132
11:29:16,460340,batch_c_scan_6x7,18394792,45539080,6724132
11:29:17,460340,batch_c_scan_6x7,18394792,45539080,6724132
11:29:18,460340,batch_c_scan_6x7,18394792,45539080,6724132
11:29:19,460340,batch_c_scan_6x7,18394796,45539080,6724128
11:29:20,460340,batch_c_scan_6x7,18394820,45539080,6724128
11:29:21,460340,batch_c_scan_6x7,18394796,45539080,6724128
11:29:22,460340,batch_c_scan_6x7,18394800,45539080,6724124
11:29:23,460340,batch_c_scan_6x7,18394800,45539080,6724124
11:29:24,460340,batch_c_scan_6x7,18394804,45539080,6724120
11:29:25,460340,batch_c_scan_6x7,18394804,45539080,6724120
11:29:26,460340,batch_c_scan_6x7,18394804,45539080,6724120
11:29:27,460340,batch_c_scan_6x7,18394804,45539080,6724120
11:29:28,460340,batch_c_scan_6x7,18394804,45539080,6724120
11:29:29,460340,batch_c_scan_6x7,18394828,45539080,6724120
11:29:30,460340,batch_c_scan_6x7,18394808,45539080,6724116
11:29:31,460340,batch_c_scan_6x7,18394808,45539080,6724116
11:29:32,460340,batch_c_scan_6x7,18394812,45539080,6724112
11:29:33,460340,batch_c_scan_6x7,18394812,45539080,6724112
11:29:34,460340,batch_c_scan_6x7,18394812,45539080,6724112
11:29:35,460340,batch_c_scan_6x7,18394812,45539080,6724112
11:29:36,460340,batch_c_scan_6x7,18394812,45539080,6724112
11:29:37,460340,batch_c_scan_6x7,18394816,45539080,6724108
11:29:38,460340,batch_c_scan_6x7,18394816,45539080,6724108
11:29:39,460340,batch_c_scan_6x7,18395320,45539080,6723604
11:29:41,460340,batch_c_scan_6x7,18395320,45539080,6723604
11:29:42,460340,batch_c_scan_6x7,18395324,45539080,6723600
11:29:43,460340,batch_c_scan_6x7,18395336,45539080,6723588
11:29:44,460340,batch_c_scan_6x7,18395336,45539080,6723588
11:29:45,460340,batch_c_scan_6x7,18395340,45539080,6723584
11:29:46,460340,batch_c_scan_6x7,18395340,45539080,6723584
11:29:47,460340,batch_c_scan_6x7,18395344,45539080,6723580
11:29:48,460340,batch_c_scan_6x7,18395344,45539080,6723580
11:29:49,460340,batch_c_scan_6x7,18395344,45539080,6723580
11:29:50,460340,batch_c_scan_6x7,18395344,45539080,6723580
11:29:51,460340,batch_c_scan_6x7,18395348,45539080,6723576
11:29:52,460340,batch_c_scan_6x7,18395352,45539080,6723572
11:29:53,460340,batch_c_scan_6x7,18395352,45539080,6723572
11:29:54,460340,batch_c_scan_6x7,18395356,45539080,6723568
11:29:55,460340,batch_c_scan_6x7,18395356,45539080,6723568
11:29:56,460340,batch_c_scan_6x7,18395356,45539080,6723568
11:29:57,460340,batch_c_scan_6x7,18395356,45539080,6723568
11:29:58,460340,batch_c_scan_6x7,18395360,45539080,6723564
11:29:59,460340,batch_c_scan_6x7,18395420,45539080,6723528
11:30:00,460340,batch_c_scan_6x7,18395532,45539080,6723392
11:30:01,460340,batch_c_scan_6x7,18395532,45539080,6723392
11:30:02,460340,batch_c_scan_6x7,18395532,45539080,6723392
11:30:03,460340,batch_c_scan_6x7,18395672,45539080,6723252
11:30:04,460340,batch_c_scan_6x7,18395672,45539080,6723252
11:30:05,460340,batch_c_scan_6x7,18395672,45539080,6723252
11:30:06,460340,batch_c_scan_6x7,18395672,45539080,6723252
11:30:07,460340,batch_c_scan_6x7,18396396,45539080,6722528
11:30:08,460340,batch_c_scan_6x7,18396396,45539080,6722528
11:30:09,460340,batch_c_scan_6x7,18396404,45539080,6722520
11:30:10,460340,batch_c_scan_6x7,18396404,45539080,6722520
11:30:11,460340,batch_c_scan_6x7,18396404,45539080,6722520
11:30:12,460340,batch_c_scan_6x7,18396420,45539080,6722504
11:30:13,460340,batch_c_scan_6x7,18396420,45539080,6722504
11:30:14,460340,batch_c_scan_6x7,18396420,45539080,6722504
11:30:15,460340,batch_c_scan_6x7,18396420,45539080,6722504
11:30:16,460340,batch_c_scan_6x7,18396420,45539080,6722504
11:30:17,460340,batch_c_scan_6x7,18396420,45539080,6722504
11:30:18,460340,batch_c_scan_6x7,18396420,45539080,6722504
11:30:19,460340,batch_c_scan_6x7,18396420,45539080,6722504
11:30:20,460340,batch_c_scan_6x7,18396424,45539080,6722500
11:30:21,460340,batch_c_scan_6x7,18396424,45539080,6722500
11:30:22,460340,batch_c_scan_6x7,18396424,45539080,6722500
11:30:23,460340,batch_c_scan_6x7,18396424,45539080,6722500
11:30:24,460340,batch_c_scan_6x7,18396424,45539080,6722500
11:30:25,460340,batch_c_scan_6x7,18396424,45539080,6722500
11:30:26,460340,batch_c_scan_6x7,18396424,45539080,6722500
11:30:27,460340,batch_c_scan_6x7,18396428,45539080,6722496
11:30:28,460340,batch_c_scan_6x7,18396428,45539080,6722496
11:30:29,460340,batch_c_scan_6x7,18396428,45539080,6722496
11:30:30,460340,batch_c_scan_6x7,18396428,45539080,6722496
11:30:31,460340,batch_c_scan_6x7,18396428,45539080,6722496
11:30:32,460340,batch_c_scan_6x7,18396428,45539080,6722496
11:30:33,460340,batch_c_scan_6x7,18396428,45539080,6722496
11:30:35,460340,batch_c_scan_6x7,18396432,45539080,6722492
11:30:36,460340,batch_c_scan_6x7,18396432,45539080,6722492
11:30:37,460340,batch_c_scan_6x7,18396440,45539080,6722484
11:30:38,460340,batch_c_scan_6x7,18396440,45539080,6722484
11:30:39,460340,batch_c_scan_6x7,18396440,45539080,6722484
11:30:40,460340,batch_c_scan_6x7,18396476,45539080,6722448
11:30:41,460340,batch_c_scan_6x7,18396480,45539080,6722444
11:30:42,460340,batch_c_scan_6x7,18396480,45539080,6722444
11:30:43,460340,batch_c_scan_6x7,18396480,45539080,6722444
11:30:44,460340,batch_c_scan_6x7,18396480,45539080,6722444
11:30:45,460340,batch_c_scan_6x7,18396480,45539080,6722444
11:30:46,460340,batch_c_scan_6x7,18396480,45539080,6722444
11:30:47,460340,batch_c_scan_6x7,18396480,45539080,6722444
11:30:48,460340,batch_c_scan_6x7,18396484,45539080,6722440
11:30:49,460340,batch_c_scan_6x7,18396484,45539080,6722440
11:30:50,460340,batch_c_scan_6x7,18396484,45539080,6722440
11:30:51,460340,batch_c_scan_6x7,18396484,45539080,6722440
11:30:52,460340,batch_c_scan_6x7,18396484,45539080,6722440
11:30:53,460340,batch_c_scan_6x7,18396484,45539080,6722440
11:30:54,460340,batch_c_scan_6x7,18396484,45539080,6722440
11:30:55,460340,batch_c_scan_6x7,18396488,45539080,6722436
11:30:56,460340,batch_c_scan_6x7,18396488,45539080,6722436
11:30:57,460340,batch_c_scan_6x7,18396488,45539080,6722436
11:30:58,460340,batch_c_scan_6x7,18396488,45539080,6722436
11:30:59,460340,batch_c_scan_6x7,18396488,45539080,6722436
11:31:00,460340,batch_c_scan_6x7,18396488,45539080,6722436
11:31:01,460340,batch_c_scan_6x7,18396488,45539080,6722436
11:31:02,460340,batch_c_scan_6x7,18396492,45539080,6722432
11:31:03,460340,batch_c_scan_6x7,18396492,45539080,6722432
11:31:04,460340,batch_c_scan_6x7,18396492,45539080,6722432
11:31:05,460340,batch_c_scan_6x7,18396492,45539080,6722432
11:31:06,460340,batch_c_scan_6x7,18396492,45539080,6722432
11:31:07,460340,batch_c_scan_6x7,18396492,45539080,6722432
11:31:08,460340,batch_c_scan_6x7,18396492,45539080,6722432
11:31:09,460340,batch_c_scan_6x7,18396492,45539080,6722432
11:31:10,460340,batch_c_scan_6x7,18396492,45539080,6722432
11:31:11,460340,batch_c_scan_6x7,18396492,45539080,6722432
11:31:12,460340,batch_c_scan_6x7,18396492,45539080,6722432
11:31:13,460340,batch_c_scan_6x7,18396492,45539080,6722432
11:31:14,460340,batch_c_scan_6x7,18396492,45539080,6722432
11:31:15,460340,batch_c_scan_6x7,18396496,45539080,6722428
11:31:16,460340,batch_c_scan_6x7,18396496,45539080,6722428
11:31:17,460340,batch_c_scan_6x7,18396496,45539080,6722428
11:31:18,460340,batch_c_scan_6x7,18396496,45539080,6722428
11:31:19,460340,batch_c_scan_6x7,18396496,45539080,6722428
11:31:20,460340,batch_c_scan_6x7,18396520,45539080,6722428
11:31:21,460340,batch_c_scan_6x7,18396496,45539080,6722428
11:31:22,460340,batch_c_scan_6x7,18396496,45539080,6722428
11:31:23,460340,batch_c_scan_6x7,18396500,45539080,6722424
11:31:24,460340,batch_c_scan_6x7,18396500,45539080,6722424
11:31:25,460340,batch_c_scan_6x7,18396500,45539080,6722424
11:31:26,460340,batch_c_scan_6x7,18398404,45539080,6720520
11:31:27,460340,batch_c_scan_6x7,18398404,45539080,6720520
11:31:29,460340,batch_c_scan_6x7,18398404,45539080,6720520
11:31:30,460340,batch_c_scan_6x7,18398404,45539080,6720520
11:31:31,460340,batch_c_scan_6x7,18398408,45539080,6720516
11:31:32,460340,batch_c_scan_6x7,18398408,45539080,6720516
11:31:33,460340,batch_c_scan_6x7,18398408,45539080,6720516
11:31:34,460340,batch_c_scan_6x7,18398432,45539080,6720492
11:31:35,460340,batch_c_scan_6x7,18398432,45539080,6720492
11:31:36,460340,batch_c_scan_6x7,18398440,45539080,6720484
11:31:37,460340,batch_c_scan_6x7,18398440,45539080,6720484
11:31:38,460340,batch_c_scan_6x7,18398440,45539080,6720484
11:31:39,460340,batch_c_scan_6x7,18398440,45539080,6720484
11:31:40,460340,batch_c_scan_6x7,18398440,45539080,6720484
11:31:41,460340,batch_c_scan_6x7,18398440,45539080,6720484
11:31:42,460340,batch_c_scan_6x7,18398440,45539080,6720484
11:31:43,460340,batch_c_scan_6x7,18398448,45539080,6720476
11:31:44,460340,batch_c_scan_6x7,18398448,45539080,6720476
11:31:45,460340,batch_c_scan_6x7,18398448,45539080,6720476
11:31:46,460340,batch_c_scan_6x7,18398448,45539080,6720476
11:31:47,460340,batch_c_scan_6x7,18398448,45539080,6720476
11:31:48,460340,batch_c_scan_6x7,18398448,45539080,6720476
11:31:49,460340,batch_c_scan_6x7,18398448,45539080,6720476
11:31:50,460340,batch_c_scan_6x7,18398448,45539080,6720476
11:31:51,460340,batch_c_scan_6x7,18398452,45539080,6720472
11:31:52,460340,batch_c_scan_6x7,18398452,45539080,6720472
11:31:53,460340,batch_c_scan_6x7,18398452,45539080,6720472
11:31:54,460340,batch_c_scan_6x7,18398452,45539080,6720472
11:31:55,460340,batch_c_scan_6x7,18398452,45539080,6720472
11:31:56,460340,batch_c_scan_6x7,18398452,45539080,6720472
11:31:57,460340,batch_c_scan_6x7,18398452,45539080,6720472
11:31:58,460340,batch_c_scan_6x7,18398456,45539080,6720468
11:31:59,460340,batch_c_scan_6x7,18398456,45539080,6720468
11:32:00,460340,batch_c_scan_6x7,18398456,45539080,6720468
11:32:01,460340,batch_c_scan_6x7,18398456,45539080,6720468
11:32:02,460340,batch_c_scan_6x7,18398456,45539080,6720468
11:32:03,460340,batch_c_scan_6x7,18398456,45539080,6720468
11:32:04,460340,batch_c_scan_6x7,18398460,45539080,6720464
11:32:05,460340,batch_c_scan_6x7,18398464,45539080,6720460
11:32:06,460340,batch_c_scan_6x7,18398464,45539080,6720460
11:32:07,460340,batch_c_scan_6x7,18398464,45539080,6720460
11:32:08,460340,batch_c_scan_6x7,18398464,45539080,6720460
11:32:09,460340,batch_c_scan_6x7,18398468,45539080,6720456
11:32:10,460340,batch_c_scan_6x7,18398468,45539080,6720456
11:32:11,460340,batch_c_scan_6x7,18398472,45539080,6720452
11:32:12,460340,batch_c_scan_6x7,18398472,45539080,6720452
11:32:13,460340,batch_c_scan_6x7,18398472,45539080,6720452
11:32:14,460340,batch_c_scan_6x7,18398472,45539080,6720452
11:32:15,460340,batch_c_scan_6x7,18398472,45539080,6720452
11:32:16,460340,batch_c_scan_6x7,18398472,45539080,6720452
11:32:17,460340,batch_c_scan_6x7,18398472,45539080,6720452
11:32:18,460340,batch_c_scan_6x7,18398472,45539080,6720452
11:32:19,460340,batch_c_scan_6x7,18398472,45539080,6720452
11:32:20,460340,batch_c_scan_6x7,18398484,45539080,6720440
11:32:22,460340,batch_c_scan_6x7,18398484,45539080,6720440
11:32:23,460340,batch_c_scan_6x7,18398484,45539080,6720440
11:32:24,460340,batch_c_scan_6x7,18398484,45539080,6720440
11:32:25,460340,batch_c_scan_6x7,18398492,45539080,6720432
11:32:26,460340,batch_c_scan_6x7,18398492,45539080,6720432
11:32:27,460340,batch_c_scan_6x7,18398492,45539080,6720432
11:32:28,460340,batch_c_scan_6x7,18398496,45539080,6720428
11:32:29,460340,batch_c_scan_6x7,18398496,45539080,6720428
11:32:30,460340,batch_c_scan_6x7,18398548,45539080,6720376
11:32:31,460340,batch_c_scan_6x7,18398548,45539080,6720376
11:32:32,460340,batch_c_scan_6x7,18398600,45539080,6720324
11:32:33,460340,batch_c_scan_6x7,18398600,45539080,6720324
11:32:34,460340,batch_c_scan_6x7,18398600,45539080,6720324
11:32:35,460340,batch_c_scan_6x7,18398600,45539080,6720324
11:32:36,460340,batch_c_scan_6x7,18398604,45539080,6720320
11:32:37,460340,batch_c_scan_6x7,18398604,45539080,6720320
11:32:38,460340,batch_c_scan_6x7,18401584,45539080,6717340
11:32:39,460340,batch_c_scan_6x7,18401588,45539080,6717336
11:32:40,460340,batch_c_scan_6x7,18401592,45539080,6717332
11:32:41,460340,batch_c_scan_6x7,18401604,45539080,6717320
11:32:42,460340,batch_c_scan_6x7,18401604,45539080,6717320
11:32:43,460340,batch_c_scan_6x7,18401608,45539080,6717316
11:32:44,460340,batch_c_scan_6x7,18401608,45539080,6717316
11:32:45,460340,batch_c_scan_6x7,18401608,45539080,6717316
11:32:46,460340,batch_c_scan_6x7,18401608,45539080,6717316
11:32:47,460340,batch_c_scan_6x7,18401612,45539080,6717312
11:32:48,460340,batch_c_scan_6x7,18401612,45539080,6717312
11:32:49,460340,batch_c_scan_6x7,18401612,45539080,6717312
11:32:50,460340,batch_c_scan_6x7,18401612,45539080,6717312
11:32:51,460340,batch_c_scan_6x7,18401616,45539080,6717308
11:32:52,460340,batch_c_scan_6x7,18401616,45539080,6717308
11:32:53,460340,batch_c_scan_6x7,18401616,45539080,6717308
11:32:54,460340,batch_c_scan_6x7,18401628,45539080,6717296
11:32:55,460340,batch_c_scan_6x7,18401628,45539080,6717296
11:32:56,460340,batch_c_scan_6x7,18401636,45539080,6717288
11:32:57,460340,batch_c_scan_6x7,18401636,45539080,6717288
11:32:58,460340,batch_c_scan_6x7,18401636,45539080,6717288
11:32:59,460340,batch_c_scan_6x7,18401636,45539080,6717288
11:33:00,460340,batch_c_scan_6x7,18401640,45539080,6717284
11:33:01,460340,batch_c_scan_6x7,18401664,45539080,6717260
11:33:02,460340,batch_c_scan_6x7,18401664,45539080,6717260
11:33:03,460340,batch_c_scan_6x7,18401664,45539080,6717260
11:33:04,460340,batch_c_scan_6x7,18401664,45539080,6717260
11:33:05,460340,batch_c_scan_6x7,18401664,45539080,6717260
11:33:06,460340,batch_c_scan_6x7,18401664,45539080,6717260
11:33:07,460340,batch_c_scan_6x7,18401668,45539080,6717256
11:33:08,460340,batch_c_scan_6x7,18401668,45539080,6717256
11:33:09,460340,batch_c_scan_6x7,18401668,45539080,6717256
11:33:10,460340,batch_c_scan_6x7,18401668,45539080,6717256
11:33:11,460340,batch_c_scan_6x7,18401680,45539080,6717244
11:33:12,460340,batch_c_scan_6x7,18401680,45539080,6717244
11:33:13,460340,batch_c_scan_6x7,18401680,45539080,6717244
11:33:14,460340,batch_c_scan_6x7,18401684,45539080,6717240
11:33:16,460340,batch_c_scan_6x7,18401684,45539080,6717240
11:33:17,460340,batch_c_scan_6x7,18401728,45539080,6717196
11:33:18,460340,batch_c_scan_6x7,18401728,45539080,6717196
11:33:19,460340,batch_c_scan_6x7,18401728,45539080,6717196
11:33:20,460340,batch_c_scan_6x7,18401728,45539080,6717196
11:33:21,460340,batch_c_scan_6x7,18401736,45539080,6717188
11:33:22,460340,batch_c_scan_6x7,18401736,45539080,6717188
11:33:23,460340,batch_c_scan_6x7,18401736,45539080,6717188
11:33:24,460340,batch_c_scan_6x7,18401760,45539080,6717188
11:33:25,460340,batch_c_scan_6x7,18401740,45539080,6717184
11:33:26,460340,batch_c_scan_6x7,18401740,45539080,6717184
11:33:27,460340,batch_c_scan_6x7,18401740,45539080,6717184
11:33:28,460340,batch_c_scan_6x7,18401744,45539080,6717180
11:33:29,460340,batch_c_scan_6x7,18401744,45539080,6717180
11:33:30,460340,batch_c_scan_6x7,18401744,45539080,6717180
11:33:31,460340,batch_c_scan_6x7,18401744,45539080,6717180
11:33:32,460340,batch_c_scan_6x7,18401744,45539080,6717180
11:33:33,460340,batch_c_scan_6x7,18401744,45539080,6717180
11:33:34,460340,batch_c_scan_6x7,18401744,45539080,6717180
11:33:35,460340,batch_c_scan_6x7,18401768,45539080,6717180
11:33:36,460340,batch_c_scan_6x7,18401748,45539080,6717176
11:33:37,460340,batch_c_scan_6x7,18401748,45539080,6717176
11:33:38,460340,batch_c_scan_6x7,18401748,45539080,6717176
11:33:39,460340,batch_c_scan_6x7,18401764,45539080,6717160
11:33:40,460340,batch_c_scan_6x7,18401764,45539080,6717160
11:33:41,460340,batch_c_scan_6x7,18401764,45539080,6717160
11:33:42,460340,batch_c_scan_6x7,18401764,45539080,6717160
11:33:43,460340,batch_c_scan_6x7,18401768,45539080,6717156
11:33:44,460340,batch_c_scan_6x7,18401768,45539080,6717156
11:33:45,460340,batch_c_scan_6x7,18401768,45539080,6717156
11:33:46,460340,batch_c_scan_6x7,18401768,45539080,6717156
11:33:47,460340,batch_c_scan_6x7,18401768,45539080,6717156
11:33:48,460340,batch_c_scan_6x7,18401768,45539080,6717156
11:33:49,460340,batch_c_scan_6x7,18401772,45539080,6717152
11:33:50,460340,batch_c_scan_6x7,18401772,45539080,6717152
11:33:51,460340,batch_c_scan_6x7,18401772,45539080,6717152
11:33:52,460340,batch_c_scan_6x7,18401772,45539080,6717152
11:33:53,460340,batch_c_scan_6x7,18401772,45539080,6717152
11:33:54,460340,batch_c_scan_6x7,18401772,45539080,6717152
11:33:55,460340,batch_c_scan_6x7,18401772,45539080,6717152
11:33:56,460340,batch_c_scan_6x7,18401776,45539080,6717148
11:33:57,460340,batch_c_scan_6x7,18401776,45539080,6717148
11:33:58,460340,batch_c_scan_6x7,18401776,45539080,6717148
11:33:59,460340,batch_c_scan_6x7,18401800,45539080,6717148
11:34:00,460340,batch_c_scan_6x7,18402708,45539080,6716216
11:34:01,460340,batch_c_scan_6x7,18402708,45539080,6716216
11:34:02,460340,batch_c_scan_6x7,18402708,45539080,6716216
11:34:03,460340,batch_c_scan_6x7,18402712,45539080,6716212
11:34:04,460340,batch_c_scan_6x7,18402712,45539080,6716212
11:34:05,460340,batch_c_scan_6x7,18402712,45539080,6716212
11:34:06,460340,batch_c_scan_6x7,18402712,45539080,6716212
11:34:07,460340,batch_c_scan_6x7,18402748,45539080,6716176
11:34:08,460340,batch_c_scan_6x7,18402748,45539080,6716176
11:34:10,460340,batch_c_scan_6x7,18402748,45539080,6716176
11:34:11,460340,batch_c_scan_6x7,18402748,45539080,6716176
11:34:12,460340,batch_c_scan_6x7,18402752,45539080,6716172
11:34:13,460340,batch_c_scan_6x7,18402752,45539080,6716172
11:34:14,460340,batch_c_scan_6x7,18402752,45539080,6716172
11:34:15,460340,batch_c_scan_6x7,18402756,45539080,6716168
11:34:16,460340,batch_c_scan_6x7,18402756,45539080,6716168
11:34:17,460340,batch_c_scan_6x7,18402760,45539080,6716164
11:34:18,460340,batch_c_scan_6x7,18402760,45539080,6716164
11:34:19,460340,batch_c_scan_6x7,18402760,45539080,6716164
11:34:20,460340,batch_c_scan_6x7,18402760,45539080,6716164
11:34:21,460340,batch_c_scan_6x7,18402760,45539080,6716164
11:34:22,460340,batch_c_scan_6x7,18402760,45539080,6716164
11:34:23,460340,batch_c_scan_6x7,18402764,45539080,6716160
11:34:24,460340,batch_c_scan_6x7,18402788,45539080,6716160
11:34:25,460340,batch_c_scan_6x7,18402768,45539080,6716156
11:34:26,460340,batch_c_scan_6x7,18402772,45539080,6716152
11:34:27,460340,batch_c_scan_6x7,18402772,45539080,6716152
11:34:28,460340,batch_c_scan_6x7,18402776,45539080,6716148
11:34:29,460340,batch_c_scan_6x7,18402776,45539080,6716148
11:34:30,460340,batch_c_scan_6x7,18402804,45539080,6716120
11:34:31,460340,batch_c_scan_6x7,18402804,45539080,6716120
11:34:32,460340,batch_c_scan_6x7,18402808,45539080,6716116
11:34:33,460340,batch_c_scan_6x7,18402808,45539080,6716116
11:34:34,460340,batch_c_scan_6x7,18402808,45539080,6716116
11:34:35,460340,batch_c_scan_6x7,18402808,45539080,6716116
11:34:36,460340,batch_c_scan_6x7,18402812,45539080,6716112
11:34:37,460340,batch_c_scan_6x7,18402812,45539080,6716112
11:34:38,460340,batch_c_scan_6x7,18402824,45539080,6716100
11:34:39,460340,batch_c_scan_6x7,18402824,45539080,6716100
11:34:40,460340,batch_c_scan_6x7,18402824,45539080,6716100
11:34:41,460340,batch_c_scan_6x7,18402824,45539080,6716100
11:34:42,460340,batch_c_scan_6x7,18402824,45539080,6716100
11:34:43,460340,batch_c_scan_6x7,18402824,45539080,6716100
11:34:44,460340,batch_c_scan_6x7,18402824,45539080,6716100
11:34:45,460340,batch_c_scan_6x7,18402828,45539080,6716096
11:34:46,460340,batch_c_scan_6x7,18402828,45539080,6716096
11:34:47,460340,batch_c_scan_6x7,18402828,45539080,6716096
11:34:48,460340,batch_c_scan_6x7,18402852,45539080,6716096
11:34:49,460340,batch_c_scan_6x7,18402852,45539080,6716072
11:34:50,460340,batch_c_scan_6x7,18402852,45539080,6716072
11:34:51,460340,batch_c_scan_6x7,18402852,45539080,6716072
11:34:52,460340,batch_c_scan_6x7,18402860,45539080,6716064
11:34:53,460340,batch_c_scan_6x7,18402860,45539080,6716064
11:34:54,460340,batch_c_scan_6x7,18402860,45539080,6716064
11:34:55,460340,batch_c_scan_6x7,18402860,45539080,6716064
11:34:56,460340,batch_c_scan_6x7,18402860,45539080,6716064
11:34:57,460340,batch_c_scan_6x7,18402860,45539080,6716064
11:34:58,460340,batch_c_scan_6x7,18402860,45539080,6716064
11:34:59,460340,batch_c_scan_6x7,18402860,45539080,6716064
11:35:00,460340,batch_c_scan_6x7,18402872,45539080,6716052
11:35:01,460340,batch_c_scan_6x7,18402872,45539080,6716052
11:35:02,460340,batch_c_scan_6x7,18402872,45539080,6716052
11:35:04,460340,batch_c_scan_6x7,18402872,45539080,6716052
11:35:05,460340,batch_c_scan_6x7,18402872,45539080,6716052
11:35:06,460340,batch_c_scan_6x7,18402876,45539080,6716048
11:35:07,460340,batch_c_scan_6x7,18402876,45539080,6716048
11:35:08,460340,batch_c_scan_6x7,18402876,45539080,6716048
11:35:09,460340,batch_c_scan_6x7,18402876,45539080,6716048
11:35:10,460340,batch_c_scan_6x7,18402876,45539080,6716048
11:35:11,460340,batch_c_scan_6x7,18402876,45539080,6716048
11:35:12,460340,batch_c_scan_6x7,18402876,45539080,6716048
11:35:13,460340,batch_c_scan_6x7,18402876,45539080,6716048
11:35:14,460340,batch_c_scan_6x7,18402880,45539080,6716044
11:35:15,460340,batch_c_scan_6x7,18402880,45539080,6716044
11:35:16,460340,batch_c_scan_6x7,18402880,45539080,6716044
11:35:17,460340,batch_c_scan_6x7,18402920,45539080,6716004
11:35:18,460340,batch_c_scan_6x7,18402920,45539080,6716004
11:35:19,460340,batch_c_scan_6x7,18402920,45539080,6716004
11:35:20,460340,batch_c_scan_6x7,18402920,45539080,6716004
11:35:21,460340,batch_c_scan_6x7,18402924,45539080,6716000
11:35:22,460340,batch_c_scan_6x7,18402924,45539080,6716000
11:35:23,460340,batch_c_scan_6x7,18402924,45539080,6716000
11:35:24,460340,batch_c_scan_6x7,18402924,45539080,6716000
11:35:25,460340,batch_c_scan_6x7,18402924,45539080,6716000
11:35:26,460340,batch_c_scan_6x7,18402948,45539080,6716000
11:35:27,460340,batch_c_scan_6x7,18402924,45539080,6716000
11:35:28,460340,batch_c_scan_6x7,18402924,45539080,6716000
11:35:29,460340,batch_c_scan_6x7,18402928,45539080,6715996
11:35:30,460340,batch_c_scan_6x7,18402928,45539080,6715996
11:35:31,460340,batch_c_scan_6x7,18402928,45539080,6715996
11:35:32,460340,batch_c_scan_6x7,18402928,45539080,6715996
11:35:33,460340,batch_c_scan_6x7,18402928,45539080,6715996
11:35:34,460340,batch_c_scan_6x7,18402932,45539080,6715992
11:35:35,460340,batch_c_scan_6x7,18402932,45539080,6715992
11:35:36,460340,batch_c_scan_6x7,18402932,45539080,6715992
11:35:37,460340,batch_c_scan_6x7,18402932,45539080,6715992
11:35:38,460340,batch_c_scan_6x7,18402932,45539080,6715992
11:35:39,460340,batch_c_scan_6x7,18402956,45539080,6715992
11:35:40,460340,batch_c_scan_6x7,18402936,45539080,6715988
11:35:41,460340,batch_c_scan_6x7,18402952,45539080,6715972
11:35:42,460340,batch_c_scan_6x7,18402952,45539080,6715972
11:35:43,460340,batch_c_scan_6x7,18402952,45539080,6715972
11:35:44,460340,batch_c_scan_6x7,18402952,45539080,6715972
11:35:45,460340,batch_c_scan_6x7,18404940,45539080,6713984
11:35:46,460340,batch_c_scan_6x7,18404940,45539080,6713984
11:35:47,460340,batch_c_scan_6x7,18404940,45539080,6713984
11:35:48,460340,batch_c_scan_6x7,18404940,45539080,6713984
11:35:49,460340,batch_c_scan_6x7,18404944,45539080,6713980
11:35:50,460340,batch_c_scan_6x7,18404944,45539080,6713980
11:35:51,460340,batch_c_scan_6x7,18404944,45539080,6713980
11:35:52,460340,batch_c_scan_6x7,18404968,45539080,6713980
11:35:53,460340,batch_c_scan_6x7,18404944,45539080,6713980
11:35:54,460340,batch_c_scan_6x7,18404944,45539080,6713980
11:35:55,460340,batch_c_scan_6x7,18404944,45539080,6713980
11:35:56,460340,batch_c_scan_6x7,18404948,45539080,6713976
11:35:58,460340,batch_c_scan_6x7,18404948,45539080,6713976
11:35:59,460340,batch_c_scan_6x7,18404948,45539080,6713976
11:36:00,460340,batch_c_scan_6x7,18404948,45539080,6713976
11:36:01,460340,batch_c_scan_6x7,18404948,45539080,6713976
11:36:02,460340,batch_c_scan_6x7,18404948,45539080,6713976
11:36:03,460340,batch_c_scan_6x7,18406944,45539080,6711984
11:36:04,460340,batch_c_scan_6x7,18406944,45539080,6711984
11:36:05,460340,batch_c_scan_6x7,18408932,45539080,6709996
11:36:06,460340,batch_c_scan_6x7,18408932,45539080,6709996
11:36:07,460340,batch_c_scan_6x7,18408932,45539080,6709996
11:36:08,460340,batch_c_scan_6x7,18408932,45539080,6709996
11:36:09,460340,batch_c_scan_6x7,18410920,45539080,6708008
11:36:10,460340,batch_c_scan_6x7,18412912,45539080,6706016
11:36:11,460340,batch_c_scan_6x7,18412912,45539080,6706016
11:36:12,460340,batch_c_scan_6x7,18415972,45539080,6702956
11:36:13,460340,batch_c_scan_6x7,18415972,45539080,6702956
11:36:14,460340,batch_c_scan_6x7,18415972,45539080,6702956
11:36:15,460340,batch_c_scan_6x7,18415972,45539080,6702956
11:36:16,460340,batch_c_scan_6x7,18415972,45539080,6702956
11:36:17,460340,batch_c_scan_6x7,18415972,45539080,6702956
11:36:18,460340,batch_c_scan_6x7,18415980,45539080,6702948
11:36:19,460340,batch_c_scan_6x7,18415980,45539080,6702948
11:36:20,460340,batch_c_scan_6x7,18415980,45539080,6702948
11:36:21,460340,batch_c_scan_6x7,18415980,45539080,6702948
11:36:22,460340,batch_c_scan_6x7,18415980,45539080,6702948
11:36:23,460340,batch_c_scan_6x7,18415980,45539080,6702948
11:36:24,460340,batch_c_scan_6x7,18415984,45539080,6702944
11:36:25,460340,batch_c_scan_6x7,18415988,45539080,6702940
11:36:26,460340,batch_c_scan_6x7,18415988,45539080,6702940
11:36:27,460340,batch_c_scan_6x7,18415988,45539080,6702940
11:36:28,460340,batch_c_scan_6x7,18415988,45539080,6702940
11:36:29,460340,batch_c_scan_6x7,18416044,45539080,6702884
11:36:30,460340,batch_c_scan_6x7,18416044,45539080,6702884
11:36:31,460340,batch_c_scan_6x7,18416052,45539080,6702876
11:36:32,460340,batch_c_scan_6x7,18416052,45539080,6702876
11:36:33,460340,batch_c_scan_6x7,18416052,45539080,6702876
11:36:34,460340,batch_c_scan_6x7,18416076,45539080,6702876
11:36:35,460340,batch_c_scan_6x7,18416060,45539080,6702868
11:36:36,460340,batch_c_scan_6x7,18416060,45539080,6702868
11:36:37,460340,batch_c_scan_6x7,18416068,45539080,6702860
11:36:38,460340,batch_c_scan_6x7,18416076,45539080,6702852
11:36:39,460340,batch_c_scan_6x7,18416076,45539080,6702852
11:36:40,460340,batch_c_scan_6x7,18416076,45539080,6702852
11:36:41,460340,batch_c_scan_6x7,18416076,45539080,6702852
11:36:42,460340,batch_c_scan_6x7,18416080,45539080,6702848
11:36:43,460340,batch_c_scan_6x7,18416080,45539080,6702848
11:36:44,460340,batch_c_scan_6x7,18416080,45539080,6702848
11:36:45,460340,batch_c_scan_6x7,18416080,45539080,6702848
11:36:46,460340,batch_c_scan_6x7,18416080,45539080,6702848
11:36:47,460340,batch_c_scan_6x7,18416080,45539080,6702848
11:36:48,460340,batch_c_scan_6x7,18416080,45539080,6702848
11:36:49,460340,batch_c_scan_6x7,18416092,45539080,6702836
11:36:51,460340,batch_c_scan_6x7,18416092,45539080,6702836
11:36:52,460340,batch_c_scan_6x7,18416092,45539080,6702836
11:36:53,460340,batch_c_scan_6x7,18416092,45539080,6702836
11:36:54,460340,batch_c_scan_6x7,18416108,45539080,6702820
11:36:55,460340,batch_c_scan_6x7,18416108,45539080,6702820
11:36:56,460340,batch_c_scan_6x7,18416112,45539080,6702816
11:36:57,460340,batch_c_scan_6x7,18416112,45539080,6702816
11:36:58,460340,batch_c_scan_6x7,18418100,45539080,6700828
11:36:59,460340,batch_c_scan_6x7,18418100,45539080,6700828
11:37:00,460340,batch_c_scan_6x7,18418108,45539080,6700820
11:37:01,460340,batch_c_scan_6x7,18418108,45539080,6700820
11:37:02,460340,batch_c_scan_6x7,18418120,45539080,6700808
11:37:03,460340,batch_c_scan_6x7,18418144,45539080,6700808
11:37:04,460340,batch_c_scan_6x7,18418120,45539080,6700808
11:37:05,460340,batch_c_scan_6x7,18418120,45539080,6700808
11:37:06,460340,batch_c_scan_6x7,18418120,45539080,6700808
11:37:07,460340,batch_c_scan_6x7,18418124,45539080,6700804
11:37:08,460340,batch_c_scan_6x7,18418124,45539080,6700804
11:37:09,460340,batch_c_scan_6x7,18418132,45539080,6700796
11:37:10,460340,batch_c_scan_6x7,18418132,45539080,6700796
11:37:11,460340,batch_c_scan_6x7,18418144,45539080,6700784
11:37:12,460340,batch_c_scan_6x7,18418144,45539080,6700784
11:37:13,460340,batch_c_scan_6x7,18418144,45539080,6700784
11:37:14,460340,batch_c_scan_6x7,18418144,45539080,6700784
11:37:15,460340,batch_c_scan_6x7,18418148,45539080,6700780
11:37:16,460340,batch_c_scan_6x7,18418148,45539080,6700780
11:37:17,460340,batch_c_scan_6x7,18421220,45539080,6697708
11:37:18,460340,batch_c_scan_6x7,18421244,45539080,6697708
11:37:19,460340,batch_c_scan_6x7,18421220,45539080,6697708
11:37:20,460340,batch_c_scan_6x7,18421220,45539080,6697708
11:37:21,460340,batch_c_scan_6x7,18421220,45539080,6697708
11:37:22,460340,batch_c_scan_6x7,18421252,45539080,6697676
11:37:23,460340,batch_c_scan_6x7,18421252,45539080,6697676
11:37:24,460340,batch_c_scan_6x7,18421272,45539080,6697656
11:37:25,460340,batch_c_scan_6x7,18421272,45539080,6697656
11:37:26,460340,batch_c_scan_6x7,18421272,45539080,6697656
11:37:27,460340,batch_c_scan_6x7,18421272,45539080,6697656
11:37:28,460340,batch_c_scan_6x7,18421276,45539080,6697652
11:37:29,460340,batch_c_scan_6x7,18421276,45539080,6697652
11:37:30,460340,batch_c_scan_6x7,18421276,45539080,6697652
11:37:31,460340,batch_c_scan_6x7,18421276,45539080,6697652
11:37:32,460340,batch_c_scan_6x7,18421276,45539080,6697652
11:37:33,460340,batch_c_scan_6x7,18421276,45539080,6697652
11:37:34,460340,batch_c_scan_6x7,18421276,45539080,6697652
11:37:35,460340,batch_c_scan_6x7,18421276,45539080,6697652
11:37:36,460340,batch_c_scan_6x7,18421280,45539080,6697648
11:37:37,460340,batch_c_scan_6x7,18421280,45539080,6697648
11:37:38,460340,batch_c_scan_6x7,18421280,45539080,6697648
11:37:39,460340,batch_c_scan_6x7,18421280,45539080,6697648
11:37:40,460340,batch_c_scan_6x7,18421280,45539080,6697648
11:37:41,460340,batch_c_scan_6x7,18421280,45539080,6697648
11:37:42,460340,batch_c_scan_6x7,18421280,45539080,6697648
11:37:43,460340,batch_c_scan_6x7,18421308,45539080,6697620
11:37:45,460340,batch_c_scan_6x7,18421308,45539080,6697620
11:37:46,460340,batch_c_scan_6x7,18421308,45539080,6697620
11:37:47,460340,batch_c_scan_6x7,18421308,45539080,6697620
11:37:48,460340,batch_c_scan_6x7,18421308,45539080,6697620
11:37:49,460340,batch_c_scan_6x7,18421308,45539080,6697620
11:37:50,460340,batch_c_scan_6x7,18421312,45539080,6697616
11:37:51,460340,batch_c_scan_6x7,18421312,45539080,6697616
11:37:52,460340,batch_c_scan_6x7,18421312,45539080,6697616
11:37:53,460340,batch_c_scan_6x7,18421312,45539080,6697616
11:37:54,460340,batch_c_scan_6x7,18421312,45539080,6697616
11:37:55,460340,batch_c_scan_6x7,18421312,45539080,6697616
11:37:56,460340,batch_c_scan_6x7,18421312,45539080,6697616
11:37:57,460340,batch_c_scan_6x7,18421316,45539080,6697612
11:37:58,460340,batch_c_scan_6x7,18421316,45539080,6697612
11:37:59,460340,batch_c_scan_6x7,18421316,45539080,6697612
11:38:00,460340,batch_c_scan_6x7,18421316,45539080,6697612
11:38:01,460340,batch_c_scan_6x7,18421316,45539080,6697612
11:38:02,460340,batch_c_scan_6x7,18421316,45539080,6697612
11:38:03,460340,batch_c_scan_6x7,18421316,45539080,6697612
11:38:04,460340,batch_c_scan_6x7,18421316,45539080,6697612
11:38:05,460340,batch_c_scan_6x7,18421320,45539080,6697608
11:38:06,460340,batch_c_scan_6x7,18421320,45539080,6697608
11:38:07,460340,batch_c_scan_6x7,18421320,45539080,6697608
11:38:08,460340,batch_c_scan_6x7,18421320,45539080,6697608
11:38:09,460340,batch_c_scan_6x7,18421320,45539080,6697608
11:38:10,460340,batch_c_scan_6x7,18421320,45539080,6697608
11:38:11,460340,batch_c_scan_6x7,18421320,45539080,6697608
11:38:12,460340,batch_c_scan_6x7,18421324,45539080,6697604
11:38:13,460340,batch_c_scan_6x7,18421324,45539080,6697604
11:38:14,460340,batch_c_scan_6x7,18421324,45539080,6697604
11:38:15,460340,batch_c_scan_6x7,18421324,45539080,6697604
11:38:16,460340,batch_c_scan_6x7,18421356,45539080,6697572
11:38:17,460340,batch_c_scan_6x7,18421356,45539080,6697572
11:38:18,460340,batch_c_scan_6x7,18421360,45539080,6697568
11:38:19,460340,batch_c_scan_6x7,18421360,45539080,6697568
11:38:20,460340,batch_c_scan_6x7,18421360,45539080,6697568
11:38:21,460340,batch_c_scan_6x7,18421368,45539080,6697560
11:38:22,460340,batch_c_scan_6x7,18421368,45539080,6697560
11:38:23,460340,batch_c_scan_6x7,18421368,45539080,6697560
11:38:24,460340,batch_c_scan_6x7,18421368,45539080,6697560
11:38:25,460340,batch_c_scan_6x7,18421368,45539080,6697560
11:38:26,460340,batch_c_scan_6x7,18421368,45539080,6697560
11:38:27,460340,batch_c_scan_6x7,18421368,45539080,6697560
11:38:28,460340,batch_c_scan_6x7,18421368,45539080,6697560
11:38:29,460340,batch_c_scan_6x7,18421368,45539080,6697560
11:38:30,460340,batch_c_scan_6x7,18421368,45539080,6697560
11:38:31,460340,batch_c_scan_6x7,18421368,45539080,6697560
11:38:32,460340,batch_c_scan_6x7,18421368,45539080,6697560
11:38:33,460340,batch_c_scan_6x7,18421920,45539080,6697008
11:38:34,460340,batch_c_scan_6x7,18421920,45539080,6697008
11:38:35,460340,batch_c_scan_6x7,18421920,45539080,6697008
11:38:36,460340,batch_c_scan_6x7,18421920,45539080,6697008
11:38:37,460340,batch_c_scan_6x7,18421920,45539080,6697008
11:38:39,460340,batch_c_scan_6x7,18423648,45539080,6695280
11:38:40,460340,batch_c_scan_6x7,18423648,45539080,6695280
11:38:41,460340,batch_c_scan_6x7,18425600,45539080,6693328
11:38:42,460340,batch_c_scan_6x7,18425600,45539080,6693328
11:38:43,460340,batch_c_scan_6x7,18425600,45539080,6693328
11:38:44,460340,batch_c_scan_6x7,18425600,45539080,6693328
11:38:45,460340,batch_c_scan_6x7,18425612,45539080,6693316
11:38:46,460340,batch_c_scan_6x7,18425612,45539080,6693316
11:38:47,460340,batch_c_scan_6x7,18425616,45539080,6693312
11:38:48,460340,batch_c_scan_6x7,18425616,45539080,6693312
11:38:49,460340,batch_c_scan_6x7,18425616,45539080,6693312
11:38:50,460340,batch_c_scan_6x7,18425616,45539080,6693312
11:38:51,460340,batch_c_scan_6x7,18425616,45539080,6693312
11:38:52,460340,batch_c_scan_6x7,18425616,45539080,6693312
11:38:53,460340,batch_c_scan_6x7,18425616,45539080,6693312
11:38:54,460340,batch_c_scan_6x7,18425620,45539080,6693308
11:38:55,460340,batch_c_scan_6x7,18425620,45539080,6693308
11:38:56,460340,batch_c_scan_6x7,18425620,45539080,6693308
11:38:57,460340,batch_c_scan_6x7,18425620,45539080,6693308
11:38:58,460340,batch_c_scan_6x7,18425620,45539080,6693308
11:38:59,460340,batch_c_scan_6x7,18425620,45539080,6693308
11:39:00,460340,batch_c_scan_6x7,18425620,45539080,6693308
11:39:01,460340,batch_c_scan_6x7,18425620,45539080,6693308
11:39:02,460340,batch_c_scan_6x7,18425620,45539080,6693308
11:39:03,460340,batch_c_scan_6x7,18425620,45539080,6693308
11:39:04,460340,batch_c_scan_6x7,18425620,45539080,6693308
11:39:05,460340,batch_c_scan_6x7,18425644,45539080,6693308
11:39:06,460340,batch_c_scan_6x7,18425676,45539080,6693252
11:39:07,460340,batch_c_scan_6x7,18425684,45539080,6693244
11:39:08,460340,batch_c_scan_6x7,18425732,45539080,6693196
11:39:09,460340,batch_c_scan_6x7,18425732,45539080,6693196
11:39:10,460340,batch_c_scan_6x7,18425736,45539080,6693192
11:39:11,460340,batch_c_scan_6x7,18428736,45539080,6690192
11:39:12,460340,batch_c_scan_6x7,18428736,45539080,6690192
11:39:13,460340,batch_c_scan_6x7,18428736,45539080,6690192
11:39:14,460340,batch_c_scan_6x7,18428736,45539080,6690192
11:39:15,460340,batch_c_scan_6x7,18428744,45539080,6690184
11:39:16,460340,batch_c_scan_6x7,18428744,45539080,6690184
11:39:17,460340,batch_c_scan_6x7,18428744,45539080,6690184
11:39:18,460340,batch_c_scan_6x7,18428744,45539080,6690184
11:39:19,460340,batch_c_scan_6x7,18428744,45539080,6690184
11:39:20,460340,batch_c_scan_6x7,18428744,45539080,6690184
11:39:21,460340,batch_c_scan_6x7,18428744,45539080,6690184
11:39:22,460340,batch_c_scan_6x7,18428768,45539080,6690184
11:39:23,460340,batch_c_scan_6x7,18428744,45539080,6690184
11:39:24,460340,batch_c_scan_6x7,18428744,45539080,6690184
11:39:25,460340,batch_c_scan_6x7,18428744,45539080,6690184
11:39:26,460340,batch_c_scan_6x7,18428768,45539080,6690160
11:39:27,460340,batch_c_scan_6x7,18428768,45539080,6690160
11:39:28,460340,batch_c_scan_6x7,18428768,45539080,6690160
11:39:29,460340,batch_c_scan_6x7,18428768,45539080,6690160
11:39:30,460340,batch_c_scan_6x7,18428772,45539080,6690156
11:39:31,460340,batch_c_scan_6x7,18428772,45539080,6690156
11:39:32,460340,batch_c_scan_6x7,18428816,45539080,6690112
11:39:34,460340,batch_c_scan_6x7,18428816,45539080,6690112
11:39:35,460340,batch_c_scan_6x7,18428816,45539080,6690112
11:39:36,460340,batch_c_scan_6x7,18428816,45539080,6690112
11:39:37,460340,batch_c_scan_6x7,18428824,45539080,6690104
11:39:38,460340,batch_c_scan_6x7,18428824,45539080,6690104
11:39:39,460340,batch_c_scan_6x7,18428824,45539080,6690104
11:39:40,460340,batch_c_scan_6x7,18428828,45539080,6690100
11:39:41,460340,batch_c_scan_6x7,18428828,45539080,6690100
11:39:42,460340,batch_c_scan_6x7,18428828,45539080,6690100
11:39:43,460340,batch_c_scan_6x7,18428828,45539080,6690100
11:39:44,460340,batch_c_scan_6x7,18428832,45539080,6690096
11:39:45,460340,batch_c_scan_6x7,18428832,45539080,6690096
11:39:46,460340,batch_c_scan_6x7,18428832,45539080,6690096
11:39:47,460340,batch_c_scan_6x7,18428832,45539080,6690096
11:39:48,460340,batch_c_scan_6x7,18428832,45539080,6690096
11:39:49,460340,batch_c_scan_6x7,18428832,45539080,6690096
11:39:50,460340,batch_c_scan_6x7,18428832,45539080,6690096
11:39:51,460340,batch_c_scan_6x7,18428832,45539080,6690096
11:39:52,460340,batch_c_scan_6x7,18428836,45539080,6690092
11:39:53,460340,batch_c_scan_6x7,18428836,45539080,6690092
11:39:54,460340,batch_c_scan_6x7,18428836,45539080,6690092
11:39:55,460340,batch_c_scan_6x7,18428836,45539080,6690092
11:39:56,460340,batch_c_scan_6x7,18428836,45539080,6690092
11:39:57,460340,batch_c_scan_6x7,18428836,45539080,6690092
11:39:58,460340,batch_c_scan_6x7,18428836,45539080,6690092
11:39:59,460340,batch_c_scan_6x7,18428836,45539080,6690092
11:40:00,460340,batch_c_scan_6x7,18428836,45539080,6690092
11:40:01,460340,batch_c_scan_6x7,18428848,45539080,6690080
11:40:02,460340,batch_c_scan_6x7,18428848,45539080,6690080
11:40:03,460340,batch_c_scan_6x7,18428848,45539080,6690080
11:40:04,460340,batch_c_scan_6x7,18428848,45539080,6690080
11:40:05,460340,batch_c_scan_6x7,18428852,45539080,6690076
11:40:06,460340,batch_c_scan_6x7,18428852,45539080,6690076
11:40:07,460340,batch_c_scan_6x7,18428880,45539080,6690048
11:40:08,460340,batch_c_scan_6x7,18428880,45539080,6690048
11:40:09,460340,batch_c_scan_6x7,18428880,45539080,6690048
11:40:10,460340,batch_c_scan_6x7,18428880,45539080,6690048
11:40:11,460340,batch_c_scan_6x7,18428880,45539080,6690048
11:40:12,460340,batch_c_scan_6x7,18428880,45539080,6690048
11:40:13,460340,batch_c_scan_6x7,18428884,45539080,6690044
11:40:14,460340,batch_c_scan_6x7,18428892,45539080,6690036
11:40:15,460340,batch_c_scan_6x7,18428892,45539080,6690036
11:40:16,460340,batch_c_scan_6x7,18428896,45539080,6690032
11:40:17,460340,batch_c_scan_6x7,18428896,45539080,6690032
11:40:18,460340,batch_c_scan_6x7,18428936,45539080,6689992
11:40:19,460340,batch_c_scan_6x7,18428936,45539080,6689992
11:40:20,460340,batch_c_scan_6x7,18428940,45539080,6689988
11:40:21,460340,batch_c_scan_6x7,18428940,45539080,6689988
11:40:22,460340,batch_c_scan_6x7,18428940,45539080,6689988
11:40:23,460340,batch_c_scan_6x7,18428940,45539080,6689988
11:40:24,460340,batch_c_scan_6x7,18428940,45539080,6689988
11:40:25,460340,batch_c_scan_6x7,18428940,45539080,6689988
11:40:26,460340,batch_c_scan_6x7,18428940,45539080,6689988
11:40:28,460340,batch_c_scan_6x7,18428940,45539080,6689988
11:40:29,460340,batch_c_scan_6x7,18428944,45539080,6689984
11:40:30,460340,batch_c_scan_6x7,18428944,45539080,6689984
11:40:31,460340,batch_c_scan_6x7,18428944,45539080,6689984
11:40:32,460340,batch_c_scan_6x7,18428944,45539080,6689984
11:40:33,460340,batch_c_scan_6x7,18428944,45539080,6689984
11:40:34,460340,batch_c_scan_6x7,18428944,45539080,6689984
11:40:35,460340,batch_c_scan_6x7,18428948,45539080,6689980
11:40:36,460340,batch_c_scan_6x7,18428968,45539080,6689960
11:40:37,460340,batch_c_scan_6x7,18428968,45539080,6689960
11:40:38,460340,batch_c_scan_6x7,18428968,45539080,6689960
11:40:39,460340,batch_c_scan_6x7,18428968,45539080,6689960
11:40:40,460340,batch_c_scan_6x7,18428968,45539080,6689960
11:40:41,460340,batch_c_scan_6x7,18428968,45539080,6689960
11:40:42,460340,batch_c_scan_6x7,18428980,45539080,6689948
11:40:43,460340,batch_c_scan_6x7,18428980,45539080,6689948
11:40:44,460340,batch_c_scan_6x7,18428980,45539080,6689948
11:40:45,460340,batch_c_scan_6x7,18428980,45539080,6689948
11:40:46,460340,batch_c_scan_6x7,18428980,45539080,6689948
11:40:47,460340,batch_c_scan_6x7,18428980,45539080,6689948
11:40:48,460340,batch_c_scan_6x7,18428980,45539080,6689948
11:40:49,460340,batch_c_scan_6x7,18429004,45539080,6689948
11:40:50,460340,batch_c_scan_6x7,18428984,45539080,6689944
11:40:51,460340,batch_c_scan_6x7,18428984,45539080,6689944
11:40:52,460340,batch_c_scan_6x7,18428984,45539080,6689944
11:40:53,460340,batch_c_scan_6x7,18428984,45539080,6689944
11:40:54,460340,batch_c_scan_6x7,18428984,45539080,6689944
11:40:55,460340,batch_c_scan_6x7,18428984,45539080,6689944
11:40:56,460340,batch_c_scan_6x7,18428984,45539080,6689944
11:40:57,460340,batch_c_scan_6x7,18428988,45539080,6689940
11:40:58,460340,batch_c_scan_6x7,18428988,45539080,6689940
11:40:59,460340,batch_c_scan_6x7,18428988,45539080,6689940
11:41:00,460340,batch_c_scan_6x7,18428988,45539080,6689940
11:41:01,460340,batch_c_scan_6x7,18428988,45539080,6689940
11:41:02,460340,batch_c_scan_6x7,18428988,45539080,6689940
11:41:03,460340,batch_c_scan_6x7,18429016,45539080,6689912
11:41:04,460340,batch_c_scan_6x7,18429016,45539080,6689912
11:41:05,460340,batch_c_scan_6x7,18429016,45539080,6689912
11:41:06,460340,batch_c_scan_6x7,18429016,45539080,6689912
11:41:07,460340,batch_c_scan_6x7,18429016,45539080,6689912
11:41:08,460340,batch_c_scan_6x7,18429040,45539080,6689912
11:41:09,460340,batch_c_scan_6x7,18429016,45539080,6689912
11:41:10,460340,batch_c_scan_6x7,18429040,45539080,6689888
11:41:11,460340,batch_c_scan_6x7,18429096,45539080,6689832
11:41:12,460340,batch_c_scan_6x7,18429096,45539080,6689832
11:41:13,460340,batch_c_scan_6x7,18429096,45539080,6689832
11:41:14,460340,batch_c_scan_6x7,18429096,45539080,6689832
11:41:15,460340,batch_c_scan_6x7,18429096,45539080,6689832
11:41:16,460340,batch_c_scan_6x7,18429096,45539080,6689832
11:41:17,460340,batch_c_scan_6x7,18429096,45539080,6689832
11:41:18,460340,batch_c_scan_6x7,18429100,45539080,6689828
11:41:19,460340,batch_c_scan_6x7,18429100,45539080,6689828
11:41:20,460340,batch_c_scan_6x7,18429100,45539080,6689828
11:41:22,460340,batch_c_scan_6x7,18429100,45539080,6689828
11:41:23,460340,batch_c_scan_6x7,18429112,45539080,6689816
11:41:24,460340,batch_c_scan_6x7,18429112,45539080,6689816
11:41:25,460340,batch_c_scan_6x7,18429136,45539080,6689792
11:41:26,460340,batch_c_scan_6x7,18429136,45539080,6689792
11:41:27,460340,batch_c_scan_6x7,18432312,45539080,6686616
11:41:28,460340,batch_c_scan_6x7,18432336,45539080,6686616
11:41:29,460340,batch_c_scan_6x7,18432312,45539080,6686616
11:41:30,460340,batch_c_scan_6x7,18432320,45539080,6686608
11:41:31,460340,batch_c_scan_6x7,18432320,45539080,6686608
11:41:32,460340,batch_c_scan_6x7,18432324,45539080,6686604
11:41:33,460340,batch_c_scan_6x7,18432324,45539080,6686604
11:41:34,460340,batch_c_scan_6x7,18432324,45539080,6686604
11:41:35,460340,batch_c_scan_6x7,18432324,45539080,6686604
11:41:36,460340,batch_c_scan_6x7,18432328,45539080,6686600
11:41:37,460340,batch_c_scan_6x7,18432328,45539080,6686600
11:41:38,460340,batch_c_scan_6x7,18432328,45539080,6686600
11:41:39,460340,batch_c_scan_6x7,18432328,45539080,6686600
11:41:40,460340,batch_c_scan_6x7,18432332,45539080,6686596
11:41:41,460340,batch_c_scan_6x7,18432332,45539080,6686596
11:41:42,460340,batch_c_scan_6x7,18432404,45539080,6686524
11:41:43,460340,batch_c_scan_6x7,18432404,45539080,6686524
11:41:44,460340,batch_c_scan_6x7,18432412,45539080,6686516
11:41:45,460340,batch_c_scan_6x7,18432412,45539080,6686516
11:41:46,460340,batch_c_scan_6x7,18432412,45539080,6686516
11:41:47,460340,batch_c_scan_6x7,18432436,45539080,6686516
11:41:48,460340,batch_c_scan_6x7,18432436,45539080,6686492
11:41:49,460340,batch_c_scan_6x7,18432444,45539080,6686484
11:41:50,460340,batch_c_scan_6x7,18432444,45539080,6686484
11:41:51,460340,batch_c_scan_6x7,18432448,45539080,6686480
11:41:52,460340,batch_c_scan_6x7,18432448,45539080,6686480
11:41:53,460340,batch_c_scan_6x7,18432452,45539080,6686476
11:41:54,460340,batch_c_scan_6x7,18432452,45539080,6686476
11:41:55,460340,batch_c_scan_6x7,18432452,45539080,6686476
11:41:56,460340,batch_c_scan_6x7,18432452,45539080,6686476
11:41:57,460340,batch_c_scan_6x7,18432452,45539080,6686476
11:41:58,460340,batch_c_scan_6x7,18432452,45539080,6686476
11:41:59,460340,batch_c_scan_6x7,18432452,45539080,6686476
11:42:00,460340,batch_c_scan_6x7,18432452,45539080,6686476
11:42:01,460340,batch_c_scan_6x7,18432456,45539080,6686472
11:42:02,460340,batch_c_scan_6x7,18432456,45539080,6686472
11:42:03,460340,batch_c_scan_6x7,18432456,45539080,6686472
11:42:04,460340,batch_c_scan_6x7,18432456,45539080,6686472
11:42:05,460340,batch_c_scan_6x7,18432500,45539080,6686428
11:42:06,460340,batch_c_scan_6x7,18432500,45539080,6686428
11:42:07,460340,batch_c_scan_6x7,18432544,45539080,6686384
11:42:08,460340,batch_c_scan_6x7,18432544,45539080,6686384
11:42:09,460340,batch_c_scan_6x7,18432548,45539080,6686380
11:42:10,460340,batch_c_scan_6x7,18432564,45539080,6686364
11:42:11,460340,batch_c_scan_6x7,18432564,45539080,6686364
11:42:12,460340,batch_c_scan_6x7,18432564,45539080,6686364
11:42:13,460340,batch_c_scan_6x7,18432564,45539080,6686364
11:42:14,460340,batch_c_scan_6x7,18432564,45539080,6686364
11:42:16,460340,batch_c_scan_6x7,18432564,45539080,6686364
11:42:17,460340,batch_c_scan_6x7,18432568,45539080,6686360
11:42:18,460340,batch_c_scan_6x7,18432568,45539080,6686360
11:42:19,460340,batch_c_scan_6x7,18432568,45539080,6686360
11:42:20,460340,batch_c_scan_6x7,18432568,45539080,6686360
11:42:21,460340,batch_c_scan_6x7,18434528,45539080,6684400
11:42:22,460340,batch_c_scan_6x7,18434528,45539080,6684400
11:42:23,460340,batch_c_scan_6x7,18434532,45539080,6684396
11:42:24,460340,batch_c_scan_6x7,18434532,45539080,6684396
11:42:25,460340,batch_c_scan_6x7,18434532,45539080,6684396
11:42:26,460340,batch_c_scan_6x7,18434532,45539080,6684396
11:42:27,460340,batch_c_scan_6x7,18434572,45539080,6684356
11:42:28,460340,batch_c_scan_6x7,18434596,45539080,6684356
11:42:29,460340,batch_c_scan_6x7,18434628,45539080,6684300
11:42:30,460340,batch_c_scan_6x7,18434628,45539080,6684300
11:42:31,460340,batch_c_scan_6x7,18434632,45539080,6684296
11:42:32,460340,batch_c_scan_6x7,18434632,45539080,6684296
11:42:33,460340,batch_c_scan_6x7,18434632,45539080,6684296
11:42:34,460340,batch_c_scan_6x7,18434632,45539080,6684296
11:42:35,460340,batch_c_scan_6x7,18434632,45539080,6684296
11:42:36,460340,batch_c_scan_6x7,18434632,45539080,6684296
11:42:37,460340,batch_c_scan_6x7,18434632,45539080,6684296
11:42:38,460340,batch_c_scan_6x7,18434648,45539080,6684280
11:42:39,460340,batch_c_scan_6x7,18434648,45539080,6684280
11:42:40,460340,batch_c_scan_6x7,18434680,45539080,6684248
11:42:41,460340,batch_c_scan_6x7,18434680,45539080,6684248
11:42:42,460340,batch_c_scan_6x7,18434680,45539080,6684248
11:42:43,460340,batch_c_scan_6x7,18434680,45539080,6684248
11:42:44,460340,batch_c_scan_6x7,18434680,45539080,6684248
11:42:45,460340,batch_c_scan_6x7,18434680,45539080,6684248
11:42:46,460340,batch_c_scan_6x7,18434680,45539080,6684248
11:42:47,460340,batch_c_scan_6x7,18434680,45539080,6684248
11:42:48,460340,batch_c_scan_6x7,18434720,45539080,6684208
11:42:49,460340,batch_c_scan_6x7,18434744,45539080,6684208
11:42:50,460340,batch_c_scan_6x7,18434720,45539080,6684208
11:42:51,460340,batch_c_scan_6x7,18434720,45539080,6684208
11:42:52,460340,batch_c_scan_6x7,18434724,45539080,6684204
11:42:53,460340,batch_c_scan_6x7,18434724,45539080,6684204
11:42:54,460340,batch_c_scan_6x7,18434724,45539080,6684204
11:42:55,460340,batch_c_scan_6x7,18434740,45539080,6684188
11:42:56,460340,batch_c_scan_6x7,18434740,45539080,6684188
11:42:57,460340,batch_c_scan_6x7,18434740,45539080,6684188
11:42:58,460340,batch_c_scan_6x7,18434740,45539080,6684188
11:42:59,460340,batch_c_scan_6x7,18434748,45539080,6684180
11:43:00,460340,batch_c_scan_6x7,18434748,45539080,6684180
11:43:01,460340,batch_c_scan_6x7,18434748,45539080,6684180
11:43:02,460340,batch_c_scan_6x7,18434748,45539080,6684180
11:43:03,460340,batch_c_scan_6x7,18434764,45539080,6684164
11:43:04,460340,batch_c_scan_6x7,18434764,45539080,6684164
11:43:05,460340,batch_c_scan_6x7,18434768,45539080,6684160
11:43:06,460340,batch_c_scan_6x7,18434768,45539080,6684160
11:43:07,460340,batch_c_scan_6x7,18436196,45539080,6682732
11:43:08,460340,batch_c_scan_6x7,18436196,45539080,6682732
11:43:10,460340,batch_c_scan_6x7,18436196,45539080,6682732
11:43:11,460340,batch_c_scan_6x7,18436232,45539080,6682720
11:43:12,460340,batch_c_scan_6x7,18436208,45539080,6682720
11:43:13,460340,batch_c_scan_6x7,18436208,45539080,6682720
11:43:14,460340,batch_c_scan_6x7,18436208,45539080,6682720
11:43:15,460340,batch_c_scan_6x7,18436228,45539080,6682700
11:43:16,460340,batch_c_scan_6x7,18436228,45539080,6682700
11:43:17,460340,batch_c_scan_6x7,18436228,45539080,6682700
11:43:18,460340,batch_c_scan_6x7,18436228,45539080,6682700
11:43:19,460340,batch_c_scan_6x7,18436232,45539080,6682700
11:43:20,460340,batch_c_scan_6x7,18436232,45539080,6682700
11:43:21,460340,batch_c_scan_6x7,18436236,45539080,6682696
11:43:22,460340,batch_c_scan_6x7,18436236,45539080,6682696
11:43:23,460340,batch_c_scan_6x7,18436236,45539080,6682696
11:43:24,460340,batch_c_scan_6x7,18436236,45539080,6682696
11:43:25,460340,batch_c_scan_6x7,18436236,45539080,6682696
11:43:26,460340,batch_c_scan_6x7,18436236,45539080,6682696
11:43:27,460340,batch_c_scan_6x7,18436236,45539080,6682696
11:43:28,460340,batch_c_scan_6x7,18436236,45539080,6682696
11:43:29,460340,batch_c_scan_6x7,18436240,45539080,6682692
11:43:30,460340,batch_c_scan_6x7,18436240,45539080,6682692
11:43:31,460340,batch_c_scan_6x7,18436240,45539080,6682692
11:43:32,460340,batch_c_scan_6x7,18436264,45539080,6682692
11:43:33,460340,batch_c_scan_6x7,18436240,45539080,6682692
11:43:34,460340,batch_c_scan_6x7,18436240,45539080,6682692
11:43:35,460340,batch_c_scan_6x7,18436240,45539080,6682692
11:43:36,460340,batch_c_scan_6x7,18436240,45539080,6682692
11:43:37,460340,batch_c_scan_6x7,18436244,45539080,6682688
11:43:38,460340,batch_c_scan_6x7,18436244,45539080,6682688
11:43:39,460340,batch_c_scan_6x7,18436244,45539080,6682688
11:43:40,460340,batch_c_scan_6x7,18436276,45539080,6682656
11:43:41,460340,batch_c_scan_6x7,18436276,45539080,6682656
11:43:42,460340,batch_c_scan_6x7,18436308,45539080,6682624
11:43:43,460340,batch_c_scan_6x7,18436308,45539080,6682624
11:43:44,460340,batch_c_scan_6x7,18436312,45539080,6682620
11:43:45,460340,batch_c_scan_6x7,18436312,45539080,6682620
11:43:46,460340,batch_c_scan_6x7,18436320,45539080,6682612
11:43:47,460340,batch_c_scan_6x7,18436320,45539080,6682612
11:43:48,460340,batch_c_scan_6x7,18436320,45539080,6682612
11:43:49,460340,batch_c_scan_6x7,18436320,45539080,6682612
11:43:50,460340,batch_c_scan_6x7,18436328,45539080,6682608
11:43:51,460340,batch_c_scan_6x7,18436328,45539080,6682608
11:43:52,460340,batch_c_scan_6x7,18436328,45539080,6682608
11:43:53,460340,batch_c_scan_6x7,18436328,45539080,6682608
11:43:54,460340,batch_c_scan_6x7,18436328,45539080,6682608
11:43:55,460340,batch_c_scan_6x7,18436352,45539080,6682608
11:43:56,460340,batch_c_scan_6x7,18436328,45539080,6682608
11:43:57,460340,batch_c_scan_6x7,18436328,45539080,6682608
11:43:58,460340,batch_c_scan_6x7,18436332,45539080,6682604
11:43:59,460340,batch_c_scan_6x7,18436348,45539080,6682588
11:44:00,460340,batch_c_scan_6x7,18436348,45539080,6682588
11:44:01,460340,batch_c_scan_6x7,18436348,45539080,6682588
11:44:02,460340,batch_c_scan_6x7,18436348,45539080,6682588
11:44:04,460340,batch_c_scan_6x7,18436348,45539080,6682588
11:44:05,460340,batch_c_scan_6x7,18436348,45539080,6682588
11:44:06,460340,batch_c_scan_6x7,18436352,45539080,6682584
11:44:07,460340,batch_c_scan_6x7,18436352,45539080,6682584
11:44:08,460340,batch_c_scan_6x7,18436352,45539080,6682584
11:44:09,460340,batch_c_scan_6x7,18436352,45539080,6682584
11:44:10,460340,batch_c_scan_6x7,18436352,45539080,6682584
11:44:11,460340,batch_c_scan_6x7,18436352,45539080,6682584
11:44:12,460340,batch_c_scan_6x7,18436356,45539080,6682580
11:44:13,460340,batch_c_scan_6x7,18436356,45539080,6682580
11:44:14,460340,batch_c_scan_6x7,18436368,45539080,6682568
11:44:15,460340,batch_c_scan_6x7,18436368,45539080,6682568
11:44:16,460340,batch_c_scan_6x7,18436392,45539080,6682544
11:44:17,460340,batch_c_scan_6x7,18436392,45539080,6682544
11:44:18,460340,batch_c_scan_6x7,18436392,45539080,6682544
11:44:19,460340,batch_c_scan_6x7,18436416,45539080,6682544
11:44:20,460340,batch_c_scan_6x7,18436404,45539080,6682532
11:44:21,460340,batch_c_scan_6x7,18436404,45539080,6682532
11:44:22,460340,batch_c_scan_6x7,18436404,45539080,6682532
11:44:23,460340,batch_c_scan_6x7,18436412,45539080,6682524
11:44:24,460340,batch_c_scan_6x7,18436412,45539080,6682524
11:44:25,460340,batch_c_scan_6x7,18436416,45539080,6682520
11:44:26,460340,batch_c_scan_6x7,18436416,45539080,6682520
11:44:27,460340,batch_c_scan_6x7,18436420,45539080,6682516
11:44:28,460340,batch_c_scan_6x7,18436420,45539080,6682516
11:44:29,460340,batch_c_scan_6x7,18436428,45539080,6682512
11:44:30,460340,batch_c_scan_6x7,18436428,45539080,6682512
11:44:31,460340,batch_c_scan_6x7,18436428,45539080,6682512
11:44:32,460340,batch_c_scan_6x7,18436428,45539080,6682512
11:44:33,460340,batch_c_scan_6x7,18436428,45539080,6682512
11:44:34,460340,batch_c_scan_6x7,18436428,45539080,6682512
11:44:35,460340,batch_c_scan_6x7,18436448,45539080,6682492
11:44:36,460340,batch_c_scan_6x7,18436448,45539080,6682492
11:44:37,460340,batch_c_scan_6x7,18436448,45539080,6682492
11:44:38,460340,batch_c_scan_6x7,18436448,45539080,6682492
11:44:39,460340,batch_c_scan_6x7,18436448,45539080,6682492
11:44:40,460340,batch_c_scan_6x7,18436448,45539080,6682492
11:44:41,460340,batch_c_scan_6x7,18436452,45539080,6682488
11:44:42,460340,batch_c_scan_6x7,18436452,45539080,6682488
11:44:43,460340,batch_c_scan_6x7,18436472,45539080,6682468
11:44:44,460340,batch_c_scan_6x7,18436472,45539080,6682468
11:44:45,460340,batch_c_scan_6x7,18436472,45539080,6682468
11:44:46,460340,batch_c_scan_6x7,18436484,45539080,6682456
11:44:47,460340,batch_c_scan_6x7,18436484,45539080,6682456
11:44:48,460340,batch_c_scan_6x7,18436484,45539080,6682456
11:44:49,460340,batch_c_scan_6x7,18436488,45539080,6682452
11:44:50,460340,batch_c_scan_6x7,18436512,45539080,6682452
11:44:51,460340,batch_c_scan_6x7,18436512,45539080,6682452
11:44:52,460340,batch_c_scan_6x7,18439044,45539080,6679920
11:44:53,460340,batch_c_scan_6x7,18439044,45539080,6679920
11:44:54,460340,batch_c_scan_6x7,18439044,45539080,6679920
11:44:55,460340,batch_c_scan_6x7,18439044,45539080,6679920
11:44:56,460340,batch_c_scan_6x7,18439112,45539080,6679916
11:44:58,460340,batch_c_scan_6x7,18439112,45539080,6679916
11:44:59,460340,batch_c_scan_6x7,18439112,45539080,6679916
11:45:00,460340,batch_c_scan_6x7,18439112,45539080,6679916
11:45:01,460340,batch_c_scan_6x7,18439112,45539080,6679916
11:45:02,460340,batch_c_scan_6x7,18439112,45539080,6679916
11:45:03,460340,batch_c_scan_6x7,18439112,45539080,6679916
11:45:04,460340,batch_c_scan_6x7,18439112,45539080,6679916
11:45:05,460340,batch_c_scan_6x7,18439116,45539080,6679912
11:45:06,460340,batch_c_scan_6x7,18439116,45539080,6679912
11:45:07,460340,batch_c_scan_6x7,18439116,45539080,6679912
11:45:08,460340,batch_c_scan_6x7,18439116,45539080,6679912
11:45:09,460340,batch_c_scan_6x7,18439116,45539080,6679912
11:45:10,460340,batch_c_scan_6x7,18439116,45539080,6679912
11:45:11,460340,batch_c_scan_6x7,18439116,45539080,6679912
11:45:12,460340,batch_c_scan_6x7,18439116,45539080,6679912
11:45:13,460340,batch_c_scan_6x7,18439132,45539080,6679896
11:45:14,460340,batch_c_scan_6x7,18439132,45539080,6679896
11:45:15,460340,batch_c_scan_6x7,18439132,45539080,6679896
11:45:16,460340,batch_c_scan_6x7,18439132,45539080,6679896
11:45:17,460340,batch_c_scan_6x7,18439132,45539080,6679896
11:45:18,460340,batch_c_scan_6x7,18439136,45539080,6679892
11:45:19,460340,batch_c_scan_6x7,18439136,45539080,6679892
11:45:20,460340,batch_c_scan_6x7,18439136,45539080,6679892
11:45:21,460340,batch_c_scan_6x7,18439136,45539080,6679892
11:45:22,460340,batch_c_scan_6x7,18439136,45539080,6679892
11:45:23,460340,batch_c_scan_6x7,18439136,45539080,6679892
11:45:24,460340,batch_c_scan_6x7,18439136,45539080,6679892
11:45:25,460340,batch_c_scan_6x7,18439136,45539080,6679892
11:45:26,460340,batch_c_scan_6x7,18439140,45539080,6679888
11:45:27,460340,batch_c_scan_6x7,18439140,45539080,6679888
11:45:28,460340,batch_c_scan_6x7,18439140,45539080,6679888
11:45:29,460340,batch_c_scan_6x7,18439140,45539080,6679888
11:45:30,460340,batch_c_scan_6x7,18439140,45539080,6679888
11:45:31,460340,batch_c_scan_6x7,18439140,45539080,6679888
11:45:32,460340,batch_c_scan_6x7,18439196,45539080,6679832
11:45:33,460340,batch_c_scan_6x7,18439196,45539080,6679832
11:45:34,460340,batch_c_scan_6x7,18439200,45539080,6679828
11:45:35,460340,batch_c_scan_6x7,18439224,45539080,6679828
11:45:36,460340,batch_c_scan_6x7,18439200,45539080,6679828
11:45:37,460340,batch_c_scan_6x7,18439200,45539080,6679828
11:45:38,460340,batch_c_scan_6x7,18439200,45539080,6679828
11:45:39,460340,batch_c_scan_6x7,18439228,45539080,6679800
11:45:40,460340,batch_c_scan_6x7,18439232,45539080,6679796
11:45:41,460340,batch_c_scan_6x7,18439232,45539080,6679796
11:45:42,460340,batch_c_scan_6x7,18439232,45539080,6679796
11:45:43,460340,batch_c_scan_6x7,18439232,45539080,6679796
11:45:44,460340,batch_c_scan_6x7,18439232,45539080,6679796
11:45:45,460340,batch_c_scan_6x7,18439232,45539080,6679796
11:45:46,460340,batch_c_scan_6x7,18439232,45539080,6679796
11:45:47,460340,batch_c_scan_6x7,18439232,45539080,6679796
11:45:48,460340,batch_c_scan_6x7,18439232,45539080,6679796
11:45:49,460340,batch_c_scan_6x7,18439232,45539080,6679796
11:45:50,460340,batch_c_scan_6x7,18439232,45539080,6679796
11:45:52,460340,batch_c_scan_6x7,18439232,45539080,6679796
11:45:53,460340,batch_c_scan_6x7,18439232,45539080,6679796
11:45:54,460340,batch_c_scan_6x7,18439232,45539080,6679796
11:45:55,460340,batch_c_scan_6x7,18439232,45539080,6679796
11:45:56,460340,batch_c_scan_6x7,18439236,45539080,6679792
11:45:57,460340,batch_c_scan_6x7,18439236,45539080,6679792
11:45:58,460340,batch_c_scan_6x7,18439236,45539080,6679792
11:45:59,460340,batch_c_scan_6x7,18439236,45539080,6679792
11:46:00,460340,batch_c_scan_6x7,18439236,45539080,6679792
11:46:01,460340,batch_c_scan_6x7,18439236,45539080,6679792
11:46:02,460340,batch_c_scan_6x7,18439236,45539080,6679792
11:46:03,460340,batch_c_scan_6x7,18439236,45539080,6679792
11:46:04,460340,batch_c_scan_6x7,18439240,45539080,6679788
11:46:05,460340,batch_c_scan_6x7,18439240,45539080,6679788
11:46:06,460340,batch_c_scan_6x7,18439240,45539080,6679788
11:46:07,460340,batch_c_scan_6x7,18439240,45539080,6679788
11:46:08,460340,batch_c_scan_6x7,18439240,45539080,6679788
11:46:09,460340,batch_c_scan_6x7,18439240,45539080,6679788
11:46:10,460340,batch_c_scan_6x7,18439244,45539080,6679784
11:46:11,460340,batch_c_scan_6x7,18439248,45539080,6679780
11:46:12,460340,batch_c_scan_6x7,18439248,45539080,6679780
11:46:13,460340,batch_c_scan_6x7,18439248,45539080,6679780
11:46:14,460340,batch_c_scan_6x7,18439248,45539080,6679780
11:46:15,460340,batch_c_scan_6x7,18439296,45539080,6679732
11:46:16,460340,batch_c_scan_6x7,18439296,45539080,6679732
11:46:17,460340,batch_c_scan_6x7,18439304,45539080,6679724
11:46:18,460340,batch_c_scan_6x7,18439308,45539080,6679720
11:46:19,460340,batch_c_scan_6x7,18439308,45539080,6679720
11:46:20,460340,batch_c_scan_6x7,18439308,45539080,6679720
11:46:21,460340,batch_c_scan_6x7,18439352,45539080,6679676
11:46:22,460340,batch_c_scan_6x7,18439352,45539080,6679676
11:46:23,460340,batch_c_scan_6x7,18439352,45539080,6679676
11:46:24,460340,batch_c_scan_6x7,18439352,45539080,6679676
11:46:25,460340,batch_c_scan_6x7,18439356,45539080,6679672
11:46:26,460340,batch_c_scan_6x7,18439356,45539080,6679672
11:46:27,460340,batch_c_scan_6x7,18439356,45539080,6679672
11:46:28,460340,batch_c_scan_6x7,18439356,45539080,6679672
11:46:29,460340,batch_c_scan_6x7,18439356,45539080,6679672
11:46:30,460340,batch_c_scan_6x7,18439356,45539080,6679672
11:46:31,460340,batch_c_scan_6x7,18439360,45539080,6679668
11:46:32,460340,batch_c_scan_6x7,18439360,45539080,6679668
11:46:33,460340,batch_c_scan_6x7,18439376,45539080,6679652
11:46:34,460340,batch_c_scan_6x7,18439376,45539080,6679652
11:46:35,460340,batch_c_scan_6x7,18439392,45539080,6679636
11:46:36,460340,batch_c_scan_6x7,18439392,45539080,6679636
11:46:37,460340,batch_c_scan_6x7,18439392,45539080,6679636
11:46:38,460340,batch_c_scan_6x7,18439392,45539080,6679636
11:46:39,460340,batch_c_scan_6x7,18439396,45539080,6679632
11:46:40,460340,batch_c_scan_6x7,18439396,45539080,6679632
11:46:41,460340,batch_c_scan_6x7,18439396,45539080,6679632
11:46:42,460340,batch_c_scan_6x7,18439396,45539080,6679632
11:46:43,460340,batch_c_scan_6x7,18439424,45539080,6679604
11:46:44,460340,batch_c_scan_6x7,18439424,45539080,6679604
11:46:46,460340,batch_c_scan_6x7,18439424,45539080,6679604
11:46:47,460340,batch_c_scan_6x7,18439436,45539080,6679592
11:46:48,460340,batch_c_scan_6x7,18439440,45539080,6679588
11:46:49,460340,batch_c_scan_6x7,18439440,45539080,6679588
11:46:50,460340,batch_c_scan_6x7,18439440,45539080,6679588
11:46:51,460340,batch_c_scan_6x7,18439444,45539080,6679584
11:46:52,460340,batch_c_scan_6x7,18439444,45539080,6679584
11:46:53,460340,batch_c_scan_6x7,18439444,45539080,6679584
11:46:54,460340,batch_c_scan_6x7,18439444,45539080,6679584
11:46:55,460340,batch_c_scan_6x7,18439448,45539080,6679580
11:46:56,460340,batch_c_scan_6x7,18439448,45539080,6679580
11:46:57,460340,batch_c_scan_6x7,18439448,45539080,6679580
11:46:58,460340,batch_c_scan_6x7,18439448,45539080,6679580
11:46:59,460340,batch_c_scan_6x7,18439448,45539080,6679580
11:47:00,460340,batch_c_scan_6x7,18439448,45539080,6679580
11:47:01,460340,batch_c_scan_6x7,18439452,45539080,6679576
11:47:02,460340,batch_c_scan_6x7,18439452,45539080,6679576
11:47:03,460340,batch_c_scan_6x7,18439452,45539080,6679576
11:47:04,460340,batch_c_scan_6x7,18439452,45539080,6679576
11:47:05,460340,batch_c_scan_6x7,18439452,45539080,6679576
11:47:06,460340,batch_c_scan_6x7,18439452,45539080,6679576
11:47:07,460340,batch_c_scan_6x7,18441912,45539080,6677116
11:47:08,460340,batch_c_scan_6x7,18441912,45539080,6677116
11:47:09,460340,batch_c_scan_6x7,18441952,45539080,6677076
11:47:10,460340,batch_c_scan_6x7,18441952,45539080,6677076
11:47:11,460340,batch_c_scan_6x7,18441952,45539080,6677076
11:47:12,460340,batch_c_scan_6x7,18441952,45539080,6677076
11:47:13,460340,batch_c_scan_6x7,18441952,45539080,6677076
11:47:14,460340,batch_c_scan_6x7,18441952,45539080,6677076
11:47:15,460340,batch_c_scan_6x7,18441968,45539080,6677060
11:47:16,460340,batch_c_scan_6x7,18441992,45539080,6677060
11:47:17,460340,batch_c_scan_6x7,18441972,45539080,6677056
11:47:18,460340,batch_c_scan_6x7,18441984,45539080,6677044
11:47:19,460340,batch_c_scan_6x7,18441984,45539080,6677044
11:47:20,460340,batch_c_scan_6x7,18441984,45539080,6677044
11:47:21,460340,batch_c_scan_6x7,18441984,45539080,6677044
11:47:22,460340,batch_c_scan_6x7,18441984,45539080,6677044
11:47:23,460340,batch_c_scan_6x7,18441984,45539080,6677044
11:47:24,460340,batch_c_scan_6x7,18441988,45539080,6677040
11:47:25,460340,batch_c_scan_6x7,18441988,45539080,6677040
11:47:26,460340,batch_c_scan_6x7,18441988,45539080,6677040
11:47:27,460340,batch_c_scan_6x7,18441988,45539080,6677040
11:47:28,460340,batch_c_scan_6x7,18444044,45539080,6675600
11:47:29,460340,batch_c_scan_6x7,18444044,45539080,6675600
11:47:30,460340,batch_c_scan_6x7,18444048,45539080,6675596
11:47:31,460340,batch_c_scan_6x7,18444048,45539080,6675596
11:47:32,460340,batch_c_scan_6x7,18444048,45539080,6675596
11:47:33,460340,batch_c_scan_6x7,18444048,45539080,6675596
11:47:34,460340,batch_c_scan_6x7,18444048,45539080,6675596
11:47:35,460340,batch_c_scan_6x7,18444048,45539080,6675596
11:47:36,460340,batch_c_scan_6x7,18444048,45539080,6675596
11:47:37,460340,batch_c_scan_6x7,18444048,45539080,6675596
11:47:38,460340,batch_c_scan_6x7,18444052,45539080,6675592
11:47:40,460340,batch_c_scan_6x7,18444052,45539080,6675592
11:47:41,460340,batch_c_scan_6x7,18444052,45539080,6675592
11:47:42,460340,batch_c_scan_6x7,18444052,45539080,6675592
11:47:43,460340,batch_c_scan_6x7,18444052,45539080,6675592
11:47:44,460340,batch_c_scan_6x7,18444052,45539080,6675592
11:47:45,460340,batch_c_scan_6x7,18444052,45539080,6675592
11:47:46,460340,batch_c_scan_6x7,18444052,45539080,6675592
11:47:47,460340,batch_c_scan_6x7,18444080,45539080,6675564
11:47:48,460340,batch_c_scan_6x7,18444080,45539080,6675564
11:47:49,460340,batch_c_scan_6x7,18444080,45539080,6675564
11:47:50,460340,batch_c_scan_6x7,18444104,45539080,6675564
11:47:51,460340,batch_c_scan_6x7,18444080,45539080,6675564
11:47:52,460340,batch_c_scan_6x7,18444080,45539080,6675564
11:47:53,460340,batch_c_scan_6x7,18444080,45539080,6675564
11:47:54,460340,batch_c_scan_6x7,18444080,45539080,6675564
11:47:55,460340,batch_c_scan_6x7,18444084,45539080,6675560
11:47:56,460340,batch_c_scan_6x7,18444084,45539080,6675560
11:47:57,460340,batch_c_scan_6x7,18444084,45539080,6675560
11:47:58,460340,batch_c_scan_6x7,18444084,45539080,6675560
11:47:59,460340,batch_c_scan_6x7,18444084,45539080,6675560
11:48:00,460340,batch_c_scan_6x7,18444088,45539080,6675556
11:48:01,460340,batch_c_scan_6x7,18444088,45539080,6675556
11:48:02,460340,batch_c_scan_6x7,18444412,45539080,6675232
11:48:03,460340,batch_c_scan_6x7,18444412,45539080,6675232
11:48:04,460340,batch_c_scan_6x7,18444412,45539080,6675232
11:48:05,460340,batch_c_scan_6x7,18444412,45539080,6675232
11:48:06,460340,batch_c_scan_6x7,18444412,45539080,6675232
11:48:07,460340,batch_c_scan_6x7,18444412,45539080,6675232
11:48:08,460340,batch_c_scan_6x7,18444416,45539080,6675228
11:48:09,460340,batch_c_scan_6x7,18444416,45539080,6675228
11:48:10,460340,batch_c_scan_6x7,18444416,45539080,6675228
11:48:11,460340,batch_c_scan_6x7,18444416,45539080,6675228
11:48:12,460340,batch_c_scan_6x7,18444416,45539080,6675228
11:48:13,460340,batch_c_scan_6x7,18444416,45539080,6675228
11:48:14,460340,batch_c_scan_6x7,18444416,45539080,6675228
11:48:15,460340,batch_c_scan_6x7,18444416,45539080,6675228
11:48:16,460340,batch_c_scan_6x7,18444420,45539080,6675224
11:48:17,460340,batch_c_scan_6x7,18444420,45539080,6675224
11:48:18,460340,batch_c_scan_6x7,18444420,45539080,6675224
11:48:19,460340,batch_c_scan_6x7,18444420,45539080,6675224
11:48:20,460340,batch_c_scan_6x7,18444420,45539080,6675224
11:48:21,460340,batch_c_scan_6x7,18444420,45539080,6675224
11:48:22,460340,batch_c_scan_6x7,18444436,45539080,6675208
11:48:23,460340,batch_c_scan_6x7,18444436,45539080,6675208
11:48:24,460340,batch_c_scan_6x7,18444436,45539080,6675208
11:48:25,460340,batch_c_scan_6x7,18444436,45539080,6675208
11:48:26,460340,batch_c_scan_6x7,18444436,45539080,6675208
11:48:27,460340,batch_c_scan_6x7,18444460,45539080,6675208
11:48:28,460340,batch_c_scan_6x7,18444436,45539080,6675208
11:48:29,460340,batch_c_scan_6x7,18444484,45539080,6675160
11:48:30,460340,batch_c_scan_6x7,18444488,45539080,6675156
11:48:31,460340,batch_c_scan_6x7,18444488,45539080,6675156
11:48:33,460340,batch_c_scan_6x7,18444488,45539080,6675156
11:48:34,460340,batch_c_scan_6x7,18444488,45539080,6675156
11:48:35,460340,batch_c_scan_6x7,18444488,45539080,6675156
11:48:36,460340,batch_c_scan_6x7,18444488,45539080,6675156
11:48:37,460340,batch_c_scan_6x7,18444488,45539080,6675156
11:48:38,460340,batch_c_scan_6x7,18444496,45539080,6675148
11:48:39,460340,batch_c_scan_6x7,18444496,45539080,6675148
11:48:40,460340,batch_c_scan_6x7,18444496,45539080,6675148
11:48:41,460340,batch_c_scan_6x7,18444496,45539080,6675148
11:48:42,460340,batch_c_scan_6x7,18444500,45539080,6675144
11:48:43,460340,batch_c_scan_6x7,18444500,45539080,6675144
11:48:44,460340,batch_c_scan_6x7,18444500,45539080,6675144
11:48:45,460340,batch_c_scan_6x7,18444500,45539080,6675144
11:48:46,460340,batch_c_scan_6x7,18444504,45539080,6675140
11:48:47,460340,batch_c_scan_6x7,18444504,45539080,6675140
11:48:48,460340,batch_c_scan_6x7,18444504,45539080,6675140
11:48:49,460340,batch_c_scan_6x7,18444504,45539080,6675140
11:48:50,460340,batch_c_scan_6x7,18444504,45539080,6675140
11:48:51,460340,batch_c_scan_6x7,18444504,45539080,6675140
11:48:52,460340,batch_c_scan_6x7,18444508,45539080,6675136
11:48:53,460340,batch_c_scan_6x7,18444508,45539080,6675136
11:48:54,460340,batch_c_scan_6x7,18444508,45539080,6675136
11:48:55,460340,batch_c_scan_6x7,18444508,45539080,6675136
11:48:56,460340,batch_c_scan_6x7,18444536,45539080,6675108
11:48:57,460340,batch_c_scan_6x7,18444536,45539080,6675108
11:48:58,460340,batch_c_scan_6x7,18444536,45539080,6675108
11:48:59,460340,batch_c_scan_6x7,18444536,45539080,6675108
11:49:00,460340,batch_c_scan_6x7,18444540,45539080,6675104
11:49:01,460340,batch_c_scan_6x7,18444540,45539080,6675104
11:49:02,460340,batch_c_scan_6x7,18444540,45539080,6675104
11:49:03,460340,batch_c_scan_6x7,18444540,45539080,6675104
11:49:04,460340,batch_c_scan_6x7,18444540,45539080,6675104
11:49:05,460340,batch_c_scan_6x7,18444540,45539080,6675104
11:49:06,460340,batch_c_scan_6x7,18444560,45539080,6675084
11:49:07,460340,batch_c_scan_6x7,18444584,45539080,6675084
11:49:08,460340,batch_c_scan_6x7,18444568,45539080,6675076
11:49:09,460340,batch_c_scan_6x7,18444568,45539080,6675076
11:49:10,460340,batch_c_scan_6x7,18444568,45539080,6675076
11:49:11,460340,batch_c_scan_6x7,18444568,45539080,6675076
11:49:12,460340,batch_c_scan_6x7,18444568,45539080,6675076
11:49:13,460340,batch_c_scan_6x7,18444568,45539080,6675076
11:49:14,460340,batch_c_scan_6x7,18444568,45539080,6675076
11:49:15,460340,batch_c_scan_6x7,18444568,45539080,6675076
11:49:16,460340,batch_c_scan_6x7,18444572,45539080,6675072
11:49:17,460340,batch_c_scan_6x7,18444572,45539080,6675072
11:49:18,460340,batch_c_scan_6x7,18444572,45539080,6675072
11:49:19,460340,batch_c_scan_6x7,18444572,45539080,6675072
11:49:20,460340,batch_c_scan_6x7,18444572,45539080,6675072
11:49:21,460340,batch_c_scan_6x7,18444640,45539080,6675004
11:49:22,460340,batch_c_scan_6x7,18444640,45539080,6675004
11:49:23,460340,batch_c_scan_6x7,18444640,45539080,6675004
11:49:24,460340,batch_c_scan_6x7,18444640,45539080,6675004
11:49:26,460340,batch_c_scan_6x7,18444640,45539080,6675004
11:49:27,460340,batch_c_scan_6x7,18444640,45539080,6675004
11:49:28,460340,batch_c_scan_6x7,18444640,45539080,6675004
11:49:29,460340,batch_c_scan_6x7,18444640,45539080,6675004
11:49:30,460340,batch_c_scan_6x7,18444644,45539080,6675000
11:49:31,460340,batch_c_scan_6x7,18444644,45539080,6675000
11:49:32,460340,batch_c_scan_6x7,18444644,45539080,6675000
11:49:33,460340,batch_c_scan_6x7,18444644,45539080,6675000
11:49:34,460340,batch_c_scan_6x7,18444648,45539080,6674996
11:49:35,460340,batch_c_scan_6x7,18444648,45539080,6674996
11:49:36,460340,batch_c_scan_6x7,18444652,45539080,6674992
11:49:37,460340,batch_c_scan_6x7,18444652,45539080,6674992
11:49:38,460340,batch_c_scan_6x7,18444656,45539080,6674988
11:49:39,460340,batch_c_scan_6x7,18444656,45539080,6674988
11:49:40,460340,batch_c_scan_6x7,18444656,45539080,6674988
11:49:41,460340,batch_c_scan_6x7,18444656,45539080,6674988
11:49:42,460340,batch_c_scan_6x7,18444656,45539080,6674988
11:49:43,460340,batch_c_scan_6x7,18444656,45539080,6674988
11:49:44,460340,batch_c_scan_6x7,18444656,45539080,6674988
11:49:45,460340,batch_c_scan_6x7,18444656,45539080,6674988
11:49:46,460340,batch_c_scan_6x7,18444660,45539080,6674984
11:49:47,460340,batch_c_scan_6x7,18444660,45539080,6674984
11:49:48,460340,batch_c_scan_6x7,18444688,45539080,6674956
11:49:49,460340,batch_c_scan_6x7,18444712,45539080,6674956
11:49:50,460340,batch_c_scan_6x7,18444688,45539080,6674956
11:49:51,460340,batch_c_scan_6x7,18444712,45539080,6674956
11:49:52,460340,batch_c_scan_6x7,18444764,45539080,6674880
11:49:53,460340,batch_c_scan_6x7,18444764,45539080,6674880
11:49:54,460340,batch_c_scan_6x7,18444764,45539080,6674880
11:49:55,460340,batch_c_scan_6x7,18444764,45539080,6674880
11:49:56,460340,batch_c_scan_6x7,18444764,45539080,6674880
11:49:57,460340,batch_c_scan_6x7,18444764,45539080,6674880
11:49:58,460340,batch_c_scan_6x7,18444764,45539080,6674880
11:49:59,460340,batch_c_scan_6x7,18444764,45539080,6674880
11:50:00,460340,batch_c_scan_6x7,18444768,45539080,6674876
11:50:01,460340,batch_c_scan_6x7,18444768,45539080,6674876
11:50:02,460340,batch_c_scan_6x7,18444768,45539080,6674876
11:50:03,460340,batch_c_scan_6x7,18444768,45539080,6674876
11:50:04,460340,batch_c_scan_6x7,18444768,45539080,6674876
11:50:05,460340,batch_c_scan_6x7,18444784,45539080,6674860
11:50:06,460340,batch_c_scan_6x7,18444784,45539080,6674860
11:50:07,460340,batch_c_scan_6x7,18444788,45539080,6674856
11:50:08,460340,batch_c_scan_6x7,18444788,45539080,6674856
11:50:09,460340,batch_c_scan_6x7,18444788,45539080,6674856
11:50:10,460340,batch_c_scan_6x7,18444788,45539080,6674856
11:50:11,460340,batch_c_scan_6x7,18444788,45539080,6674856
11:50:12,460340,batch_c_scan_6x7,18444788,45539080,6674856
11:50:13,460340,batch_c_scan_6x7,18444788,45539080,6674856
11:50:14,460340,batch_c_scan_6x7,18444788,45539080,6674856
11:50:15,460340,batch_c_scan_6x7,18444792,45539080,6674852
11:50:16,460340,batch_c_scan_6x7,18444792,45539080,6674852
11:50:17,460340,batch_c_scan_6x7,18444792,45539080,6674852
11:50:18,460340,batch_c_scan_6x7,18444792,45539080,6674852
11:50:20,460340,batch_c_scan_6x7,18444792,45539080,6674852
11:50:21,460340,batch_c_scan_6x7,18444792,45539080,6674852
11:50:22,460340,batch_c_scan_6x7,18444796,45539080,6674848
11:50:23,460340,batch_c_scan_6x7,18444796,45539080,6674848
11:50:24,460340,batch_c_scan_6x7,18444796,45539080,6674848
11:50:25,460340,batch_c_scan_6x7,18444796,45539080,6674848
11:50:26,460340,batch_c_scan_6x7,18444812,45539080,6674832
11:50:27,460340,batch_c_scan_6x7,18444812,45539080,6674832
11:50:28,460340,batch_c_scan_6x7,18444812,45539080,6674832
11:50:29,460340,batch_c_scan_6x7,18444812,45539080,6674832
11:50:30,460340,batch_c_scan_6x7,18444816,45539080,6674828
11:50:31,460340,batch_c_scan_6x7,18444816,45539080,6674828
11:50:32,460340,batch_c_scan_6x7,18444816,45539080,6674828
11:50:33,460340,batch_c_scan_6x7,18444816,45539080,6674828
11:50:34,460340,batch_c_scan_6x7,18444816,45539080,6674828
11:50:35,460340,batch_c_scan_6x7,18444816,45539080,6674828
11:50:36,460340,batch_c_scan_6x7,18444816,45539080,6674828
11:50:37,460340,batch_c_scan_6x7,18444816,45539080,6674828
11:50:38,460340,batch_c_scan_6x7,18444820,45539080,6674824
11:50:39,460340,batch_c_scan_6x7,18444820,45539080,6674824
11:50:40,460340,batch_c_scan_6x7,18444820,45539080,6674824
11:50:41,460340,batch_c_scan_6x7,18444844,45539080,6674824
11:50:42,460340,batch_c_scan_6x7,18444820,45539080,6674824
11:50:43,460340,batch_c_scan_6x7,18444844,45539080,6674824
11:50:44,460340,batch_c_scan_6x7,18444820,45539080,6674824
11:50:45,460340,batch_c_scan_6x7,18444820,45539080,6674824
11:50:46,460340,batch_c_scan_6x7,18444824,45539080,6674820
11:50:47,460340,batch_c_scan_6x7,18444824,45539080,6674820
11:50:48,460340,batch_c_scan_6x7,18444824,45539080,6674820
11:50:49,460340,batch_c_scan_6x7,18444824,45539080,6674820
11:50:50,460340,batch_c_scan_6x7,18444824,45539080,6674820
11:50:51,460340,batch_c_scan_6x7,18444824,45539080,6674820
11:50:52,460340,batch_c_scan_6x7,18444828,45539080,6674816
11:50:53,460340,batch_c_scan_6x7,18444828,45539080,6674816
11:50:54,460340,batch_c_scan_6x7,18444828,45539080,6674816
11:50:55,460340,batch_c_scan_6x7,18444828,45539080,6674816
11:50:56,460340,batch_c_scan_6x7,18444828,45539080,6674816
11:50:57,460340,batch_c_scan_6x7,18444828,45539080,6674816
11:50:58,460340,batch_c_scan_6x7,18444828,45539080,6674816
11:50:59,460340,batch_c_scan_6x7,18444832,45539080,6674812
11:51:00,460340,batch_c_scan_6x7,18444832,45539080,6674812
11:51:01,460340,batch_c_scan_6x7,18444832,45539080,6674812
11:51:02,460340,batch_c_scan_6x7,18444832,45539080,6674812
11:51:03,460340,batch_c_scan_6x7,18444848,45539080,6674796
11:51:04,460340,batch_c_scan_6x7,18444848,45539080,6674796
11:51:05,460340,batch_c_scan_6x7,18444884,45539080,6674760
11:51:06,460340,batch_c_scan_6x7,18444884,45539080,6674760
11:51:07,460340,batch_c_scan_6x7,18444888,45539080,6674756
11:51:08,460340,batch_c_scan_6x7,18444888,45539080,6674756
11:51:09,460340,batch_c_scan_6x7,18444908,45539080,6674736
11:51:10,460340,batch_c_scan_6x7,18444908,45539080,6674736
11:51:11,460340,batch_c_scan_6x7,18444932,45539080,6674712
11:51:13,460340,batch_c_scan_6x7,18444932,45539080,6674712
11:51:14,460340,batch_c_scan_6x7,18444944,45539080,6674700
11:51:15,460340,batch_c_scan_6x7,18444944,45539080,6674700
11:51:16,460340,batch_c_scan_6x7,18444956,45539080,6674688
11:51:17,460340,batch_c_scan_6x7,18444956,45539080,6674688
11:51:18,460340,batch_c_scan_6x7,18444956,45539080,6674688
11:51:19,460340,batch_c_scan_6x7,18444956,45539080,6674688
11:51:20,460340,batch_c_scan_6x7,18444984,45539080,6674680
11:51:21,460340,batch_c_scan_6x7,18444984,45539080,6674680
11:51:22,460340,batch_c_scan_6x7,18444988,45539080,6674676
11:51:23,460340,batch_c_scan_6x7,18444988,45539080,6674676
11:51:24,460340,batch_c_scan_6x7,18444988,45539080,6674676
11:51:25,460340,batch_c_scan_6x7,18444988,45539080,6674676
11:51:26,460340,batch_c_scan_6x7,18444992,45539080,6674672
11:51:27,460340,batch_c_scan_6x7,18444992,45539080,6674672
11:51:28,460340,batch_c_scan_6x7,18444992,45539080,6674672
11:51:29,460340,batch_c_scan_6x7,18444992,45539080,6674672
11:51:30,460340,batch_c_scan_6x7,18444996,45539080,6674668
11:51:31,460340,batch_c_scan_6x7,18444996,45539080,6674668
11:51:32,460340,batch_c_scan_6x7,18445016,45539080,6674648
11:51:33,460340,batch_c_scan_6x7,18445016,45539080,6674648
11:51:34,460340,batch_c_scan_6x7,18445016,45539080,6674648
11:51:35,460340,batch_c_scan_6x7,18445016,45539080,6674648
11:51:36,460340,batch_c_scan_6x7,18445016,45539080,6674648
11:51:37,460340,batch_c_scan_6x7,18445016,45539080,6674648
11:51:38,460340,batch_c_scan_6x7,18445032,45539080,6674632
11:51:39,460340,batch_c_scan_6x7,18445032,45539080,6674632
11:51:40,460340,batch_c_scan_6x7,18445032,45539080,6674632
11:51:41,460340,batch_c_scan_6x7,18445032,45539080,6674632
11:51:42,460340,batch_c_scan_6x7,18445060,45539080,6674604
11:51:43,460340,batch_c_scan_6x7,18445060,45539080,6674604
11:51:44,460340,batch_c_scan_6x7,18445064,45539080,6674600
11:51:45,460340,batch_c_scan_6x7,18445064,45539080,6674600
11:51:46,460340,batch_c_scan_6x7,18445064,45539080,6674600
11:51:47,460340,batch_c_scan_6x7,18445088,45539080,6674600
11:51:48,460340,batch_c_scan_6x7,18445064,45539080,6674600
11:51:49,460340,batch_c_scan_6x7,18445088,45539080,6674600
11:51:50,460340,batch_c_scan_6x7,18445064,45539080,6674600
11:51:51,460340,batch_c_scan_6x7,18445064,45539080,6674600
11:51:52,460340,batch_c_scan_6x7,18445068,45539080,6674596
11:51:53,460340,batch_c_scan_6x7,18445080,45539080,6674584
11:51:54,460340,batch_c_scan_6x7,18445080,45539080,6674584
11:51:55,460340,batch_c_scan_6x7,18445096,45539080,6674568
11:51:56,460340,batch_c_scan_6x7,18445096,45539080,6674568
11:51:57,460340,batch_c_scan_6x7,18445096,45539080,6674568
11:51:58,460340,batch_c_scan_6x7,18445096,45539080,6674568
11:51:59,460340,batch_c_scan_6x7,18445128,45539080,6674536
11:52:00,460340,batch_c_scan_6x7,18445132,45539080,6674532
11:52:01,460340,batch_c_scan_6x7,18445156,45539080,6674508
11:52:02,460340,batch_c_scan_6x7,18445156,45539080,6674508
11:52:03,460340,batch_c_scan_6x7,18445168,45539080,6674496
11:52:04,460340,batch_c_scan_6x7,18445168,45539080,6674496
11:52:05,460340,batch_c_scan_6x7,18445168,45539080,6674496
11:52:07,460340,batch_c_scan_6x7,18445168,45539080,6674496
11:52:08,460340,batch_c_scan_6x7,18445172,45539080,6674492
11:52:09,460340,batch_c_scan_6x7,18445176,45539080,6674488
11:52:10,460340,batch_c_scan_6x7,18445176,45539080,6674488
11:52:11,460340,batch_c_scan_6x7,18445176,45539080,6674488
11:52:12,460340,batch_c_scan_6x7,18445176,45539080,6674488
11:52:13,460340,batch_c_scan_6x7,18445176,45539080,6674488
11:52:14,460340,batch_c_scan_6x7,18445192,45539080,6674472
11:52:15,460340,batch_c_scan_6x7,18445192,45539080,6674472
11:52:16,460340,batch_c_scan_6x7,18445208,45539080,6674456
11:52:17,460340,batch_c_scan_6x7,18445208,45539080,6674456
11:52:18,460340,batch_c_scan_6x7,18445208,45539080,6674456
11:52:19,460340,batch_c_scan_6x7,18445208,45539080,6674456
11:52:20,460340,batch_c_scan_6x7,18445212,45539080,6674452
11:52:21,460340,batch_c_scan_6x7,18445212,45539080,6674452
11:52:22,460340,batch_c_scan_6x7,18445220,45539080,6674444
11:52:23,460340,batch_c_scan_6x7,18445220,45539080,6674444
11:52:24,460340,batch_c_scan_6x7,18445240,45539080,6674424
11:52:25,460340,batch_c_scan_6x7,18445240,45539080,6674424
11:52:26,460340,batch_c_scan_6x7,18445240,45539080,6674424
11:52:27,460340,batch_c_scan_6x7,18445240,45539080,6674424
11:52:28,460340,batch_c_scan_6x7,18445252,45539080,6674412
11:52:29,460340,batch_c_scan_6x7,18445252,45539080,6674412
11:52:30,460340,batch_c_scan_6x7,18445260,45539080,6674404
11:52:31,460340,batch_c_scan_6x7,18445260,45539080,6674404
11:52:32,460340,batch_c_scan_6x7,18445264,45539080,6674400
11:52:33,460340,batch_c_scan_6x7,18445264,45539080,6674400
11:52:34,460340,batch_c_scan_6x7,18445268,45539080,6674396
11:52:35,460340,batch_c_scan_6x7,18445268,45539080,6674396
11:52:36,460340,batch_c_scan_6x7,18445268,45539080,6674396
11:52:37,460340,batch_c_scan_6x7,18445268,45539080,6674396
11:52:38,460340,batch_c_scan_6x7,18445284,45539080,6674380
11:52:39,460340,batch_c_scan_6x7,18445284,45539080,6674380
11:52:40,460340,batch_c_scan_6x7,18445284,45539080,6674380
11:52:41,460340,batch_c_scan_6x7,18445284,45539080,6674380
11:52:42,460340,batch_c_scan_6x7,18445284,45539080,6674380
11:52:43,460340,batch_c_scan_6x7,18445284,45539080,6674380
11:52:44,460340,batch_c_scan_6x7,18445288,45539080,6674376
11:52:45,460340,batch_c_scan_6x7,18445288,45539080,6674376
11:52:46,460340,batch_c_scan_6x7,18445288,45539080,6674376
11:52:47,460340,batch_c_scan_6x7,18445288,45539080,6674376
11:52:48,460340,batch_c_scan_6x7,18445296,45539080,6674368
11:52:49,460340,batch_c_scan_6x7,18445296,45539080,6674368
11:52:50,460340,batch_c_scan_6x7,18445296,45539080,6674368
11:52:51,460340,batch_c_scan_6x7,18445296,45539080,6674368
11:52:52,460340,batch_c_scan_6x7,18445300,45539080,6674364
11:52:53,460340,batch_c_scan_6x7,18445300,45539080,6674364
11:52:54,460340,batch_c_scan_6x7,18445568,45539080,6674320
11:52:55,460340,batch_c_scan_6x7,18445568,45539080,6674320
11:52:56,460340,batch_c_scan_6x7,18445568,45539080,6674320
11:52:57,460340,batch_c_scan_6x7,18445568,45539080,6674320
11:52:58,460340,batch_c_scan_6x7,18445568,45539080,6674320
11:53:00,460340,batch_c_scan_6x7,18445568,45539080,6674320
11:53:01,460340,batch_c_scan_6x7,18446228,45539080,6673660
11:53:02,460340,batch_c_scan_6x7,18446228,45539080,6673660
11:53:03,460340,batch_c_scan_6x7,18446228,45539080,6673660
11:53:04,460340,batch_c_scan_6x7,18446228,45539080,6673660
11:53:05,460340,batch_c_scan_6x7,18446228,45539080,6673660
11:53:06,460340,batch_c_scan_6x7,18446228,45539080,6673660
11:53:07,460340,batch_c_scan_6x7,18446228,45539080,6673660
11:53:08,460340,batch_c_scan_6x7,18446228,45539080,6673660
11:53:09,460340,batch_c_scan_6x7,18446232,45539080,6673656
11:53:10,460340,batch_c_scan_6x7,18446232,45539080,6673656
11:53:11,460340,batch_c_scan_6x7,18446232,45539080,6673656
11:53:12,460340,batch_c_scan_6x7,18446232,45539080,6673656
11:53:13,460340,batch_c_scan_6x7,18446232,45539080,6673656
11:53:14,460340,batch_c_scan_6x7,18446232,45539080,6673656
11:53:15,460340,batch_c_scan_6x7,18446240,45539080,6673648
11:53:16,460340,batch_c_scan_6x7,18446240,45539080,6673648
11:53:17,460340,batch_c_scan_6x7,18446240,45539080,6673648
11:53:18,460340,batch_c_scan_6x7,18446240,45539080,6673648
11:53:19,460340,batch_c_scan_6x7,18446240,45539080,6673648
11:53:20,460340,batch_c_scan_6x7,18446264,45539080,6673648
11:53:21,460340,batch_c_scan_6x7,18446248,45539080,6673640
11:53:22,460340,batch_c_scan_6x7,18446272,45539080,6673640
11:53:23,460340,batch_c_scan_6x7,18446264,45539080,6673624
11:53:24,460340,batch_c_scan_6x7,18446288,45539080,6673624
11:53:25,460340,batch_c_scan_6x7,18449808,45539080,6670080
11:53:26,460340,batch_c_scan_6x7,18449832,45539080,6670080
11:53:27,460340,batch_c_scan_6x7,18449808,45539080,6670080
11:53:28,460340,batch_c_scan_6x7,18449832,45539080,6670080
11:53:29,460340,batch_c_scan_6x7,18449808,45539080,6670080
11:53:30,460340,batch_c_scan_6x7,18449832,45539080,6670080
11:53:31,460340,batch_c_scan_6x7,18449812,45539080,6670076
11:53:32,460340,batch_c_scan_6x7,18449812,45539080,6670076
11:53:33,460340,batch_c_scan_6x7,18449812,45539080,6670076
11:53:34,460340,batch_c_scan_6x7,18449812,45539080,6670076
11:53:35,460340,batch_c_scan_6x7,18449812,45539080,6670076
11:53:36,460340,batch_c_scan_6x7,18449812,45539080,6670076
11:53:37,460340,batch_c_scan_6x7,18449828,45539080,6670060
11:53:38,460340,batch_c_scan_6x7,18449828,45539080,6670060
11:53:39,460340,batch_c_scan_6x7,18449832,45539080,6670056
11:53:40,460340,batch_c_scan_6x7,18449832,45539080,6670056
11:53:41,460340,batch_c_scan_6x7,18449832,45539080,6670056
11:53:42,460340,batch_c_scan_6x7,18449832,45539080,6670056
11:53:43,460340,batch_c_scan_6x7,18449832,45539080,6670056
11:53:44,460340,batch_c_scan_6x7,18449860,45539080,6670028
11:53:45,460340,batch_c_scan_6x7,18449864,45539080,6670024
11:53:46,460340,batch_c_scan_6x7,18449864,45539080,6670024
11:53:47,460340,batch_c_scan_6x7,18449864,45539080,6670024
11:53:48,460340,batch_c_scan_6x7,18449864,45539080,6670024
11:53:49,460340,batch_c_scan_6x7,18450968,45539080,6668920
11:53:50,460340,batch_c_scan_6x7,18450972,45539080,6668916
11:53:51,460340,batch_c_scan_6x7,18450972,45539080,6668916
11:53:53,460340,batch_c_scan_6x7,18450972,45539080,6668916
11:53:54,460340,batch_c_scan_6x7,18450976,45539080,6668912
11:53:55,460340,batch_c_scan_6x7,18450976,45539080,6668912
11:53:56,460340,batch_c_scan_6x7,18454592,45539080,6665296
11:53:57,460340,batch_c_scan_6x7,18454596,45539080,6665292
11:53:58,460340,batch_c_scan_6x7,18454596,45539080,6665292
11:53:59,460340,batch_c_scan_6x7,18454596,45539080,6665292
11:54:00,460340,batch_c_scan_6x7,18454608,45539080,6665280
11:54:01,460340,batch_c_scan_6x7,18454612,45539080,6665276
11:54:02,460340,batch_c_scan_6x7,18454612,45539080,6665276
11:54:03,460340,batch_c_scan_6x7,18454616,45539080,6665272
11:54:04,460340,batch_c_scan_6x7,18454616,45539080,6665272
11:54:05,460340,batch_c_scan_6x7,18454616,45539080,6665272
11:54:06,460340,batch_c_scan_6x7,18454616,45539080,6665272
11:54:07,460340,batch_c_scan_6x7,18454620,45539080,6665268
11:54:08,460340,batch_c_scan_6x7,18454620,45539080,6665268
11:54:09,460340,batch_c_scan_6x7,18454620,45539080,6665268
11:54:10,460340,batch_c_scan_6x7,18454620,45539080,6665268
11:54:11,460340,batch_c_scan_6x7,18454620,45539080,6665268
11:54:12,460340,batch_c_scan_6x7,18454620,45539080,6665268
11:54:13,460340,batch_c_scan_6x7,18454620,45539080,6665268
11:54:14,460340,batch_c_scan_6x7,18454620,45539080,6665268
11:54:15,460340,batch_c_scan_6x7,18454620,45539080,6665268
11:54:16,460340,batch_c_scan_6x7,18454620,45539080,6665268
11:54:17,460340,batch_c_scan_6x7,18454620,45539080,6665268
11:54:18,460340,batch_c_scan_6x7,18454620,45539080,6665268
11:54:19,460340,batch_c_scan_6x7,18454620,45539080,6665268
11:54:20,460340,batch_c_scan_6x7,18454620,45539080,6665268
11:54:21,460340,batch_c_scan_6x7,18454680,45539080,6665208
11:54:22,460340,batch_c_scan_6x7,18454680,45539080,6665208
11:54:23,460340,batch_c_scan_6x7,18454680,45539080,6665208
11:54:24,460340,batch_c_scan_6x7,18454680,45539080,6665208
11:54:25,460340,batch_c_scan_6x7,18454680,45539080,6665208
11:54:26,460340,batch_c_scan_6x7,18454680,45539080,6665208
11:54:27,460340,batch_c_scan_6x7,18454684,45539080,6665204
11:54:28,460340,batch_c_scan_6x7,18454684,45539080,6665204
11:54:29,460340,batch_c_scan_6x7,18454684,45539080,6665204
11:54:30,460340,batch_c_scan_6x7,18454684,45539080,6665204
11:54:31,460340,batch_c_scan_6x7,18454684,45539080,6665204
11:54:32,460340,batch_c_scan_6x7,18454684,45539080,6665204
11:54:33,460340,batch_c_scan_6x7,18454708,45539080,6665180
11:54:34,460340,batch_c_scan_6x7,18454708,45539080,6665180
11:54:35,460340,batch_c_scan_6x7,18454708,45539080,6665180
11:54:36,460340,batch_c_scan_6x7,18454708,45539080,6665180
11:54:37,460340,batch_c_scan_6x7,18454712,45539080,6665176
11:54:38,460340,batch_c_scan_6x7,18454712,45539080,6665176
11:54:39,460340,batch_c_scan_6x7,18454712,45539080,6665176
11:54:40,460340,batch_c_scan_6x7,18454712,45539080,6665176
11:54:41,460340,batch_c_scan_6x7,18454712,45539080,6665176
11:54:42,460340,batch_c_scan_6x7,18454712,45539080,6665176
11:54:43,460340,batch_c_scan_6x7,18454712,45539080,6665176
11:54:44,460340,batch_c_scan_6x7,18454712,45539080,6665176
11:54:46,460340,batch_c_scan_6x7,18454712,45539080,6665176
11:54:47,460340,batch_c_scan_6x7,18454712,45539080,6665176
11:54:48,460340,batch_c_scan_6x7,18454712,45539080,6665176
11:54:49,460340,batch_c_scan_6x7,18454712,45539080,6665176
11:54:50,460340,batch_c_scan_6x7,18454724,45539080,6665164
11:54:51,460340,batch_c_scan_6x7,18454724,45539080,6665164
11:54:52,460340,batch_c_scan_6x7,18454732,45539080,6665156
11:54:53,460340,batch_c_scan_6x7,18454732,45539080,6665156
11:54:54,460340,batch_c_scan_6x7,18454732,45539080,6665156
11:54:55,460340,batch_c_scan_6x7,18454732,45539080,6665156
11:54:56,460340,batch_c_scan_6x7,18454732,45539080,6665156
11:54:57,460340,batch_c_scan_6x7,18454732,45539080,6665156
11:54:58,460340,batch_c_scan_6x7,18454732,45539080,6665156
11:54:59,460340,batch_c_scan_6x7,18454732,45539080,6665156
11:55:00,460340,batch_c_scan_6x7,18454740,45539080,6665148
11:55:01,460340,batch_c_scan_6x7,18454740,45539080,6665148
11:55:02,460340,batch_c_scan_6x7,18454744,45539080,6665144
11:55:03,460340,batch_c_scan_6x7,18454744,45539080,6665144
11:55:04,460340,batch_c_scan_6x7,18457104,45539080,6662784
11:55:05,460340,batch_c_scan_6x7,18457104,45539080,6662784
11:55:06,460340,batch_c_scan_6x7,18457104,45539080,6662784
11:55:07,460340,batch_c_scan_6x7,18457104,45539080,6662784
11:55:08,460340,batch_c_scan_6x7,18457104,45539080,6662784
11:55:09,460340,batch_c_scan_6x7,18457104,45539080,6662784
11:55:10,460340,batch_c_scan_6x7,18457104,45539080,6662784
11:55:11,460340,batch_c_scan_6x7,18457104,45539080,6662784
11:55:12,460340,batch_c_scan_6x7,18457116,45539080,6662772
11:55:13,460340,batch_c_scan_6x7,18457116,45539080,6662772
11:55:14,460340,batch_c_scan_6x7,18457124,45539080,6662764
11:55:15,460340,batch_c_scan_6x7,18457124,45539080,6662764
11:55:16,460340,batch_c_scan_6x7,18457128,45539080,6662760
11:55:17,460340,batch_c_scan_6x7,18457128,45539080,6662760
11:55:18,460340,batch_c_scan_6x7,18457128,45539080,6662760
11:55:19,460340,batch_c_scan_6x7,18457128,45539080,6662760
11:55:20,460340,batch_c_scan_6x7,18457136,45539080,6662752
11:55:21,460340,batch_c_scan_6x7,18457136,45539080,6662752
11:55:22,460340,batch_c_scan_6x7,18457136,45539080,6662752
11:55:23,460340,batch_c_scan_6x7,18457136,45539080,6662752
11:55:24,460340,batch_c_scan_6x7,18457140,45539080,6662748
11:55:25,460340,batch_c_scan_6x7,18457140,45539080,6662748
11:55:26,460340,batch_c_scan_6x7,18457140,45539080,6662748
11:55:27,460340,batch_c_scan_6x7,18457140,45539080,6662748
11:55:28,460340,batch_c_scan_6x7,18457140,45539080,6662748
11:55:29,460340,batch_c_scan_6x7,18457140,45539080,6662748
11:55:30,460340,batch_c_scan_6x7,18457140,45539080,6662748
11:55:31,460340,batch_c_scan_6x7,18457140,45539080,6662748
11:55:32,460340,batch_c_scan_6x7,18457156,45539080,6662732
11:55:33,460340,batch_c_scan_6x7,18457156,45539080,6662732
11:55:34,460340,batch_c_scan_6x7,18457156,45539080,6662732
11:55:35,460340,batch_c_scan_6x7,18457156,45539080,6662732
11:55:36,460340,batch_c_scan_6x7,18457156,45539080,6662732
11:55:37,460340,batch_c_scan_6x7,18457156,45539080,6662732
11:55:38,460340,batch_c_scan_6x7,18457172,45539080,6662716
11:55:40,460340,batch_c_scan_6x7,18457172,45539080,6662716
11:55:41,460340,batch_c_scan_6x7,18457172,45539080,6662716
11:55:42,460340,batch_c_scan_6x7,18457172,45539080,6662716
11:55:43,460340,batch_c_scan_6x7,18457232,45539080,6662656
11:55:44,460340,batch_c_scan_6x7,18457232,45539080,6662656
11:55:45,460340,batch_c_scan_6x7,18457232,45539080,6662656
11:55:46,460340,batch_c_scan_6x7,18457232,45539080,6662656
11:55:47,460340,batch_c_scan_6x7,18457232,45539080,6662656
11:55:48,460340,batch_c_scan_6x7,18457232,45539080,6662656
11:55:49,460340,batch_c_scan_6x7,18457232,45539080,6662656
11:55:50,460340,batch_c_scan_6x7,18457232,45539080,6662656
11:55:51,460340,batch_c_scan_6x7,18457232,45539080,6662656
11:55:52,460340,batch_c_scan_6x7,18457232,45539080,6662656
11:55:53,460340,batch_c_scan_6x7,18457232,45539080,6662656
11:55:54,460340,batch_c_scan_6x7,18457232,45539080,6662656
11:55:55,460340,batch_c_scan_6x7,18457232,45539080,6662656
11:55:56,460340,batch_c_scan_6x7,18457232,45539080,6662656
11:55:57,460340,batch_c_scan_6x7,18457260,45539080,6662628
11:55:58,460340,batch_c_scan_6x7,18457260,45539080,6662628
11:55:59,460340,batch_c_scan_6x7,18457260,45539080,6662628
11:56:00,460340,batch_c_scan_6x7,18457260,45539080,6662628
11:56:01,460340,batch_c_scan_6x7,18457264,45539080,6662624
11:56:02,460340,batch_c_scan_6x7,18457264,45539080,6662624
11:56:03,460340,batch_c_scan_6x7,18457272,45539080,6662616
11:56:04,460340,batch_c_scan_6x7,18457272,45539080,6662616
11:56:05,460340,batch_c_scan_6x7,18457276,45539080,6662612
11:56:06,460340,batch_c_scan_6x7,18457276,45539080,6662612
11:56:07,460340,batch_c_scan_6x7,18457276,45539080,6662612
11:56:08,460340,batch_c_scan_6x7,18457276,45539080,6662612
11:56:09,460340,batch_c_scan_6x7,18457308,45539080,6662580
11:56:10,460340,batch_c_scan_6x7,18457308,45539080,6662580
11:56:11,460340,batch_c_scan_6x7,18457308,45539080,6662580
11:56:12,460340,batch_c_scan_6x7,18457308,45539080,6662580
11:56:13,460340,batch_c_scan_6x7,18457312,45539080,6662576
11:56:14,460340,batch_c_scan_6x7,18457312,45539080,6662576
11:56:15,460340,batch_c_scan_6x7,18457312,45539080,6662576
11:56:16,460340,batch_c_scan_6x7,18457312,45539080,6662576
11:56:17,460340,batch_c_scan_6x7,18457312,45539080,6662576
11:56:18,460340,batch_c_scan_6x7,18457312,45539080,6662576
11:56:19,460340,batch_c_scan_6x7,18457312,45539080,6662576
11:56:20,460340,batch_c_scan_6x7,18457312,45539080,6662576
11:56:21,460340,batch_c_scan_6x7,18457312,45539080,6662576
11:56:22,460340,batch_c_scan_6x7,18457312,45539080,6662576
11:56:23,460340,batch_c_scan_6x7,18457316,45539080,6662572
11:56:24,460340,batch_c_scan_6x7,18457316,45539080,6662572
11:56:25,460340,batch_c_scan_6x7,18457316,45539080,6662572
11:56:26,460340,batch_c_scan_6x7,18457316,45539080,6662572
11:56:27,460340,batch_c_scan_6x7,18457320,45539080,6662568
11:56:28,460340,batch_c_scan_6x7,18457320,45539080,6662568
11:56:29,460340,batch_c_scan_6x7,18457324,45539080,6662564
11:56:30,460340,batch_c_scan_6x7,18457324,45539080,6662564
11:56:31,460340,batch_c_scan_6x7,18457356,45539080,6662532
11:56:33,460340,batch_c_scan_6x7,18457356,45539080,6662532
11:56:34,460340,batch_c_scan_6x7,18457368,45539080,6662520
11:56:35,460340,batch_c_scan_6x7,18457368,45539080,6662520
11:56:36,460340,batch_c_scan_6x7,18457388,45539080,6662500
11:56:37,460340,batch_c_scan_6x7,18457388,45539080,6662500
11:56:38,460340,batch_c_scan_6x7,18457396,45539080,6662492
11:56:39,460340,batch_c_scan_6x7,18457396,45539080,6662492
11:56:40,460340,batch_c_scan_6x7,18457400,45539080,6662488
11:56:41,460340,batch_c_scan_6x7,18457400,45539080,6662488
11:56:42,460340,batch_c_scan_6x7,18457400,45539080,6662488
11:56:43,460340,batch_c_scan_6x7,18457400,45539080,6662488
11:56:44,460340,batch_c_scan_6x7,18457416,45539080,6662472
11:56:45,460340,batch_c_scan_6x7,18457416,45539080,6662472
11:56:46,460340,batch_c_scan_6x7,18457416,45539080,6662472
11:56:47,460340,batch_c_scan_6x7,18457416,45539080,6662472
11:56:48,460340,batch_c_scan_6x7,18457424,45539080,6662464
11:56:49,460340,batch_c_scan_6x7,18457424,45539080,6662464
11:56:50,460340,batch_c_scan_6x7,18457428,45539080,6662460
11:56:51,460340,batch_c_scan_6x7,18457428,45539080,6662460
11:56:52,460340,batch_c_scan_6x7,18457452,45539080,6662436
11:56:53,460340,batch_c_scan_6x7,18457452,45539080,6662436
11:56:54,460340,batch_c_scan_6x7,18457556,45539080,6662332
11:56:55,460340,batch_c_scan_6x7,18457556,45539080,6662332
11:56:56,460340,batch_c_scan_6x7,18457560,45539080,6662328
11:56:57,460340,batch_c_scan_6x7,18457560,45539080,6662328
11:56:58,460340,batch_c_scan_6x7,18457564,45539080,6662324
11:56:59,460340,batch_c_scan_6x7,18457564,45539080,6662324
11:57:00,460340,batch_c_scan_6x7,18457568,45539080,6662320
11:57:01,460340,batch_c_scan_6x7,18457568,45539080,6662320
11:57:02,460340,batch_c_scan_6x7,18457596,45539080,6662292
11:57:03,460340,batch_c_scan_6x7,18457596,45539080,6662292
11:57:04,460340,batch_c_scan_6x7,18457596,45539080,6662292
11:57:05,460340,batch_c_scan_6x7,18457596,45539080,6662292
11:57:06,460340,batch_c_scan_6x7,18457612,45539080,6662276
11:57:07,460340,batch_c_scan_6x7,18457612,45539080,6662276
11:57:08,460340,batch_c_scan_6x7,18457612,45539080,6662276
11:57:09,460340,batch_c_scan_6x7,18457612,45539080,6662276
11:57:10,460340,batch_c_scan_6x7,18457624,45539080,6662264
11:57:11,460340,batch_c_scan_6x7,18457656,45539080,6662232
11:57:12,460340,batch_c_scan_6x7,18457668,45539080,6662220
11:57:13,460340,batch_c_scan_6x7,18457668,45539080,6662220
11:57:14,460340,batch_c_scan_6x7,18457672,45539080,6662216
11:57:15,460340,batch_c_scan_6x7,18457672,45539080,6662216
11:57:16,460340,batch_c_scan_6x7,18457672,45539080,6662216
11:57:17,460340,batch_c_scan_6x7,18457672,45539080,6662216
11:57:18,460340,batch_c_scan_6x7,18457676,45539080,6662212
11:57:19,460340,batch_c_scan_6x7,18457676,45539080,6662212
11:57:20,460340,batch_c_scan_6x7,18457676,45539080,6662212
11:57:21,460340,batch_c_scan_6x7,18457676,45539080,6662212
11:57:22,460340,batch_c_scan_6x7,18457676,45539080,6662212
11:57:23,460340,batch_c_scan_6x7,18457676,45539080,6662212
11:57:24,460340,batch_c_scan_6x7,18457676,45539080,6662212
11:57:25,460340,batch_c_scan_6x7,18457676,45539080,6662212
11:57:27,460340,batch_c_scan_6x7,18457676,45539080,6662212
11:57:28,460340,batch_c_scan_6x7,18457676,45539080,6662212
11:57:29,460340,batch_c_scan_6x7,18457676,45539080,6662212
11:57:30,460340,batch_c_scan_6x7,18457676,45539080,6662212
11:57:31,460340,batch_c_scan_6x7,18457676,45539080,6662212
11:57:32,460340,batch_c_scan_6x7,18457676,45539080,6662212
11:57:33,460340,batch_c_scan_6x7,18457676,45539080,6662212
11:57:34,460340,batch_c_scan_6x7,18457676,45539080,6662212
11:57:35,460340,batch_c_scan_6x7,18457700,45539080,6662188
11:57:36,460340,batch_c_scan_6x7,18457700,45539080,6662188
11:57:37,460340,batch_c_scan_6x7,18457700,45539080,6662188
11:57:38,460340,batch_c_scan_6x7,18457700,45539080,6662188
11:57:39,460340,batch_c_scan_6x7,18457700,45539080,6662188
11:57:40,460340,batch_c_scan_6x7,18457700,45539080,6662188
11:57:41,460340,batch_c_scan_6x7,18457932,45539080,6661956
11:57:42,460340,batch_c_scan_6x7,18457932,45539080,6661956
11:57:43,460340,batch_c_scan_6x7,18457932,45539080,6661956
11:57:44,460340,batch_c_scan_6x7,18457932,45539080,6661956
11:57:45,460340,batch_c_scan_6x7,18457956,45539080,6661956
11:57:46,460340,batch_c_scan_6x7,18457932,45539080,6661956
11:57:47,460340,batch_c_scan_6x7,18457956,45539080,6661956
11:57:48,460340,batch_c_scan_6x7,18457932,45539080,6661956
11:57:49,460340,batch_c_scan_6x7,18457956,45539080,6661956
11:57:50,460340,batch_c_scan_6x7,18457932,45539080,6661956
11:57:51,460340,batch_c_scan_6x7,18457932,45539080,6661956
11:57:52,460340,batch_c_scan_6x7,18457952,45539080,6661936
11:57:53,460340,batch_c_scan_6x7,18457952,45539080,6661936
11:57:54,460340,batch_c_scan_6x7,18458036,45539080,6661852
11:57:55,460340,batch_c_scan_6x7,18458036,45539080,6661852
11:57:56,460340,batch_c_scan_6x7,18458040,45539080,6661848
11:57:57,460340,batch_c_scan_6x7,18458040,45539080,6661848
11:57:58,460340,batch_c_scan_6x7,18458040,45539080,6661848
11:57:59,460340,batch_c_scan_6x7,18458040,45539080,6661848
11:58:00,460340,batch_c_scan_6x7,18458044,45539080,6661844
11:58:01,460340,batch_c_scan_6x7,18458044,45539080,6661844
11:58:02,460340,batch_c_scan_6x7,18458044,45539080,6661844
11:58:03,460340,batch_c_scan_6x7,18458044,45539080,6661844
11:58:04,460340,batch_c_scan_6x7,18458056,45539080,6661832
11:58:05,460340,batch_c_scan_6x7,18458056,45539080,6661832
11:58:06,460340,batch_c_scan_6x7,18458068,45539080,6661820
11:58:07,460340,batch_c_scan_6x7,18458068,45539080,6661820
11:58:08,460340,batch_c_scan_6x7,18458068,45539080,6661820
11:58:09,460340,batch_c_scan_6x7,18458068,45539080,6661820
11:58:10,460340,batch_c_scan_6x7,18458076,45539080,6661812
11:58:11,460340,batch_c_scan_6x7,18458076,45539080,6661812
11:58:12,460340,batch_c_scan_6x7,18458080,45539080,6661808
11:58:13,460340,batch_c_scan_6x7,18458080,45539080,6661808
11:58:14,460340,batch_c_scan_6x7,18458088,45539080,6661800
11:58:15,460340,batch_c_scan_6x7,18458088,45539080,6661800
11:58:16,460340,batch_c_scan_6x7,18458096,45539080,6661792
11:58:17,460340,batch_c_scan_6x7,18458096,45539080,6661792
11:58:18,460340,batch_c_scan_6x7,18458096,45539080,6661792
11:58:20,460340,batch_c_scan_6x7,18458096,45539080,6661792
11:58:21,460340,batch_c_scan_6x7,18458100,45539080,6661788
11:58:22,460340,batch_c_scan_6x7,18458100,45539080,6661788
11:58:23,460340,batch_c_scan_6x7,18458112,45539080,6661776
11:58:24,460340,batch_c_scan_6x7,18458112,45539080,6661776
11:58:25,460340,batch_c_scan_6x7,18458196,45539080,6661692
11:58:26,460340,batch_c_scan_6x7,18458196,45539080,6661692
11:58:27,460340,batch_c_scan_6x7,18458200,45539080,6661688
11:58:28,460340,batch_c_scan_6x7,18458200,45539080,6661688
11:58:29,460340,batch_c_scan_6x7,18458788,45539080,6661100
11:58:30,460340,batch_c_scan_6x7,18458788,45539080,6661100
11:58:31,460340,batch_c_scan_6x7,18458788,45539080,6661100
11:58:32,460340,batch_c_scan_6x7,18458788,45539080,6661100
11:58:33,460340,batch_c_scan_6x7,18458788,45539080,6661100
11:58:34,460340,batch_c_scan_6x7,18458788,45539080,6661100
11:58:35,460340,batch_c_scan_6x7,18458788,45539080,6661100
11:58:36,460340,batch_c_scan_6x7,18458788,45539080,6661100
11:58:37,460340,batch_c_scan_6x7,18458796,45539080,6661092
11:58:38,460340,batch_c_scan_6x7,18458796,45539080,6661092
11:58:39,460340,batch_c_scan_6x7,18458796,45539080,6661092
11:58:40,460340,batch_c_scan_6x7,18458796,45539080,6661092
11:58:41,460340,batch_c_scan_6x7,18458796,45539080,6661092
11:58:42,460340,batch_c_scan_6x7,18458796,45539080,6661092
11:58:43,460340,batch_c_scan_6x7,18458812,45539080,6661076
11:58:44,460340,batch_c_scan_6x7,18458812,45539080,6661076
11:58:45,460340,batch_c_scan_6x7,18458812,45539080,6661076
11:58:46,460340,batch_c_scan_6x7,18458812,45539080,6661076
11:58:47,460340,batch_c_scan_6x7,18458812,45539080,6661076
11:58:48,460340,batch_c_scan_6x7,18458812,45539080,6661076
11:58:49,460340,batch_c_scan_6x7,18458812,45539080,6661076
11:58:50,460340,batch_c_scan_6x7,18458812,45539080,6661076
11:58:51,460340,batch_c_scan_6x7,18458812,45539080,6661076
11:58:52,460340,batch_c_scan_6x7,18458812,45539080,6661076
11:58:53,460340,batch_c_scan_6x7,18458824,45539080,6661064
11:58:54,460340,batch_c_scan_6x7,18458824,45539080,6661064
11:58:55,460340,batch_c_scan_6x7,18458824,45539080,6661064
11:58:56,460340,batch_c_scan_6x7,18458824,45539080,6661064
11:58:57,460340,batch_c_scan_6x7,18458828,45539080,6661060
11:58:58,460340,batch_c_scan_6x7,18458828,45539080,6661060
11:58:59,460340,batch_c_scan_6x7,18458828,45539080,6661060
11:59:00,460340,batch_c_scan_6x7,18458828,45539080,6661060
11:59:01,460340,batch_c_scan_6x7,18458832,45539080,6661056
11:59:02,460340,batch_c_scan_6x7,18458832,45539080,6661056
11:59:03,460340,batch_c_scan_6x7,18458832,45539080,6661056
11:59:04,460340,batch_c_scan_6x7,18458832,45539080,6661056
11:59:05,460340,batch_c_scan_6x7,18458836,45539080,6661052
11:59:06,460340,batch_c_scan_6x7,18458836,45539080,6661052
11:59:07,460340,batch_c_scan_6x7,18458860,45539080,6661028
11:59:08,460340,batch_c_scan_6x7,18458860,45539080,6661028
11:59:09,460340,batch_c_scan_6x7,18458868,45539080,6661020
11:59:10,460340,batch_c_scan_6x7,18458868,45539080,6661020
11:59:11,460340,batch_c_scan_6x7,18458880,45539080,6661008
11:59:13,460340,batch_c_scan_6x7,18458880,45539080,6661008
11:59:14,460340,batch_c_scan_6x7,18458880,45539080,6661008
11:59:15,460340,batch_c_scan_6x7,18458880,45539080,6661008
11:59:16,460340,batch_c_scan_6x7,18458880,45539080,6661008
11:59:17,460340,batch_c_scan_6x7,18458880,45539080,6661008
11:59:18,460340,batch_c_scan_6x7,18458892,45539080,6660996
11:59:19,460340,batch_c_scan_6x7,18458892,45539080,6660996
11:59:20,460340,batch_c_scan_6x7,18458892,45539080,6660996
11:59:21,460340,batch_c_scan_6x7,18458892,45539080,6660996
11:59:22,460340,batch_c_scan_6x7,18458916,45539080,6660996
11:59:23,460340,batch_c_scan_6x7,18458892,45539080,6660996
11:59:24,460340,batch_c_scan_6x7,18458916,45539080,6660996
11:59:25,460340,batch_c_scan_6x7,18459012,45539080,6660876
11:59:26,460340,batch_c_scan_6x7,18459036,45539080,6660876
11:59:27,460340,batch_c_scan_6x7,18459020,45539080,6660868
11:59:28,460340,batch_c_scan_6x7,18459020,45539080,6660868
11:59:29,460340,batch_c_scan_6x7,18459024,45539080,6660864
11:59:30,460340,batch_c_scan_6x7,18459024,45539080,6660864
11:59:31,460340,batch_c_scan_6x7,18459040,45539080,6660848
11:59:32,460340,batch_c_scan_6x7,18459040,45539080,6660848
11:59:33,460340,batch_c_scan_6x7,18459040,45539080,6660848
11:59:34,460340,batch_c_scan_6x7,18459040,45539080,6660848
11:59:35,460340,batch_c_scan_6x7,18459040,45539080,6660848
11:59:36,460340,batch_c_scan_6x7,18459040,45539080,6660848
11:59:37,460340,batch_c_scan_6x7,18459048,45539080,6660840
11:59:38,460340,batch_c_scan_6x7,18459048,45539080,6660840
11:59:39,460340,batch_c_scan_6x7,18459076,45539080,6660812
11:59:40,460340,batch_c_scan_6x7,18459076,45539080,6660812
11:59:41,460340,batch_c_scan_6x7,18459080,45539080,6660808
11:59:42,460340,batch_c_scan_6x7,18459080,45539080,6660808
11:59:43,460340,batch_c_scan_6x7,18459084,45539080,6660804
11:59:44,460340,batch_c_scan_6x7,18459084,45539080,6660804
11:59:45,460340,batch_c_scan_6x7,18459084,45539080,6660804
11:59:46,460340,batch_c_scan_6x7,18459084,45539080,6660804
11:59:47,460340,batch_c_scan_6x7,18459088,45539080,6660800
11:59:48,460340,batch_c_scan_6x7,18459088,45539080,6660800
11:59:49,460340,batch_c_scan_6x7,18459100,45539080,6660788
11:59:50,460340,batch_c_scan_6x7,18459100,45539080,6660788
11:59:51,460340,batch_c_scan_6x7,18459104,45539080,6660784
11:59:52,460340,batch_c_scan_6x7,18459104,45539080,6660784
11:59:53,460340,batch_c_scan_6x7,18459108,45539080,6660780
11:59:54,460340,batch_c_scan_6x7,18459108,45539080,6660780
11:59:55,460340,batch_c_scan_6x7,18459112,45539080,6660776
11:59:56,460340,batch_c_scan_6x7,18459112,45539080,6660776
11:59:57,460340,batch_c_scan_6x7,18459144,45539080,6660744
11:59:58,460340,batch_c_scan_6x7,18459144,45539080,6660744
11:59:59,460340,batch_c_scan_6x7,18459144,45539080,6660744
12:00:00,460340,batch_c_scan_6x7,18459144,45539080,6660744
12:00:01,460340,batch_c_scan_6x7,18459144,45539080,6660744
12:00:02,460340,batch_c_scan_6x7,18459144,45539080,6660744
12:00:03,460340,batch_c_scan_6x7,18459144,45539080,6660744
12:00:04,460340,batch_c_scan_6x7,18459144,45539080,6660744
12:00:06,460340,batch_c_scan_6x7,18459180,45539080,6660708
12:00:07,460340,batch_c_scan_6x7,18459180,45539080,6660708
12:00:08,460340,batch_c_scan_6x7,18459192,45539080,6660696
12:00:09,460340,batch_c_scan_6x7,18459192,45539080,6660696
12:00:10,460340,batch_c_scan_6x7,18459380,45539080,6660508
12:00:11,460340,batch_c_scan_6x7,18459380,45539080,6660508
12:00:12,460340,batch_c_scan_6x7,18459380,45539080,6660508
12:00:13,460340,batch_c_scan_6x7,18459380,45539080,6660508
12:00:14,460340,batch_c_scan_6x7,18459380,45539080,6660508
12:00:15,460340,batch_c_scan_6x7,18459380,45539080,6660508
12:00:16,460340,batch_c_scan_6x7,18459380,45539080,6660508
12:00:17,460340,batch_c_scan_6x7,18459380,45539080,6660508
12:00:18,460340,batch_c_scan_6x7,18459380,45539080,6660508
12:00:19,460340,batch_c_scan_6x7,18463152,45539080,6656736
12:00:20,460340,batch_c_scan_6x7,18463156,45539080,6656732
12:00:21,460340,batch_c_scan_6x7,18463156,45539080,6656732
12:00:22,460340,batch_c_scan_6x7,18463156,45539080,6656732
12:00:23,460340,batch_c_scan_6x7,18463160,45539080,6656728
12:00:24,460340,batch_c_scan_6x7,18463160,45539080,6656728
12:00:25,460340,batch_c_scan_6x7,18463160,45539080,6656728
12:00:26,460340,batch_c_scan_6x7,18463160,45539080,6656728
12:00:27,460340,batch_c_scan_6x7,18463160,45539080,6656728
12:00:28,460340,batch_c_scan_6x7,18463164,45539080,6656724
12:00:29,460340,batch_c_scan_6x7,18463164,45539080,6656724
12:00:30,460340,batch_c_scan_6x7,18463188,45539080,6656724
12:00:31,460340,batch_c_scan_6x7,18463192,45539080,6656696
12:00:32,460340,batch_c_scan_6x7,18463216,45539080,6656696
12:00:33,460340,batch_c_scan_6x7,18466976,45539080,6652912
12:00:34,460340,batch_c_scan_6x7,18466976,45539080,6652912
12:00:35,460340,batch_c_scan_6x7,18469412,45539080,6650476
12:00:36,460340,batch_c_scan_6x7,18469412,45539080,6650476
12:00:37,460340,batch_c_scan_6x7,18469444,45539080,6650444
12:00:38,460340,batch_c_scan_6x7,18469444,45539080,6650444
12:00:39,460340,batch_c_scan_6x7,18469444,45539080,6650444
12:00:40,460340,batch_c_scan_6x7,18469444,45539080,6650444
12:00:41,460340,batch_c_scan_6x7,18469468,45539080,6650420
12:00:42,460340,batch_c_scan_6x7,18469468,45539080,6650420
12:00:43,460340,batch_c_scan_6x7,18469472,45539080,6650416
12:00:44,460340,batch_c_scan_6x7,18469472,45539080,6650416
12:00:45,460340,batch_c_scan_6x7,18469480,45539080,6650408
12:00:46,460340,batch_c_scan_6x7,18469480,45539080,6650408
12:00:47,460340,batch_c_scan_6x7,18469480,45539080,6650408
12:00:48,460340,batch_c_scan_6x7,18469480,45539080,6650408
12:00:49,460340,batch_c_scan_6x7,18469480,45539080,6650408
12:00:50,460340,batch_c_scan_6x7,18469480,45539080,6650408
12:00:51,460340,batch_c_scan_6x7,18469480,45539080,6650408
12:00:52,460340,batch_c_scan_6x7,18469480,45539080,6650408
12:00:53,460340,batch_c_scan_6x7,18469480,45539080,6650408
12:00:54,460340,batch_c_scan_6x7,18469480,45539080,6650408
12:00:55,460340,batch_c_scan_6x7,18471580,45539080,6648308
12:00:56,460340,batch_c_scan_6x7,18471580,45539080,6648308
12:00:57,460340,batch_c_scan_6x7,18471580,45539080,6648308
12:00:58,460340,batch_c_scan_6x7,18471580,45539080,6648308
12:01:00,460340,batch_c_scan_6x7,18471580,45539080,6648308
12:01:01,460340,batch_c_scan_6x7,18471580,45539080,6648308
12:01:02,460340,batch_c_scan_6x7,18471580,45539080,6648308
12:01:03,460340,batch_c_scan_6x7,18471580,45539080,6648308
12:01:04,460340,batch_c_scan_6x7,18471580,45539080,6648308
12:01:05,460340,batch_c_scan_6x7,18471580,45539080,6648308
12:01:06,460340,batch_c_scan_6x7,18471580,45539080,6648308
12:01:07,460340,batch_c_scan_6x7,18471580,45539080,6648308
12:01:08,460340,batch_c_scan_6x7,18471580,45539080,6648308
12:01:09,460340,batch_c_scan_6x7,18471580,45539080,6648308
12:01:10,460340,batch_c_scan_6x7,18471580,45539080,6648308
12:01:11,460340,batch_c_scan_6x7,18471580,45539080,6648308
12:01:12,460340,batch_c_scan_6x7,18471580,45539080,6648308
12:01:13,460340,batch_c_scan_6x7,18471588,45539080,6648300
12:01:14,460340,batch_c_scan_6x7,18471608,45539080,6648280
12:01:15,460340,batch_c_scan_6x7,18471608,45539080,6648280
12:01:16,460340,batch_c_scan_6x7,18471612,45539080,6648276
12:01:17,460340,batch_c_scan_6x7,18471612,45539080,6648276
12:01:18,460340,batch_c_scan_6x7,18471696,45539080,6648192
12:01:19,460340,batch_c_scan_6x7,18471696,45539080,6648192
12:01:20,460340,batch_c_scan_6x7,18471696,45539080,6648192
12:01:21,460340,batch_c_scan_6x7,18471696,45539080,6648192
12:01:22,460340,batch_c_scan_6x7,18471696,45539080,6648192
12:01:23,460340,batch_c_scan_6x7,18471696,45539080,6648192
12:01:24,460340,batch_c_scan_6x7,18471720,45539080,6648192
12:01:25,460340,batch_c_scan_6x7,18471696,45539080,6648192
12:01:26,460340,batch_c_scan_6x7,18471720,45539080,6648192
12:01:27,460340,batch_c_scan_6x7,18471696,45539080,6648192
12:01:28,460340,batch_c_scan_6x7,18471696,45539080,6648192
12:01:29,460340,batch_c_scan_6x7,18471700,45539080,6648188
12:01:30,460340,batch_c_scan_6x7,18471700,45539080,6648188
12:01:31,460340,batch_c_scan_6x7,18471700,45539080,6648188
12:01:32,460340,batch_c_scan_6x7,18471700,45539080,6648188
12:01:33,460340,batch_c_scan_6x7,18471700,45539080,6648188
12:01:34,460340,batch_c_scan_6x7,18471700,45539080,6648188
12:01:35,460340,batch_c_scan_6x7,18471704,45539080,6648184
12:01:36,460340,batch_c_scan_6x7,18471704,45539080,6648184
12:01:37,460340,batch_c_scan_6x7,18471704,45539080,6648184
12:01:38,460340,batch_c_scan_6x7,18471704,45539080,6648184
12:01:39,460340,batch_c_scan_6x7,18471760,45539080,6648128
12:01:40,460340,batch_c_scan_6x7,18471760,45539080,6648128
12:01:41,460340,batch_c_scan_6x7,18471780,45539080,6648108
12:01:42,460340,batch_c_scan_6x7,18471780,45539080,6648108
12:01:43,460340,batch_c_scan_6x7,18473076,45539080,6646812
12:01:44,460340,batch_c_scan_6x7,18473076,45539080,6646812
12:01:45,460340,batch_c_scan_6x7,18473092,45539080,6646796
12:01:46,460340,batch_c_scan_6x7,18473092,45539080,6646796
12:01:47,460340,batch_c_scan_6x7,18473112,45539080,6646776
12:01:48,460340,batch_c_scan_6x7,18473112,45539080,6646776
12:01:49,460340,batch_c_scan_6x7,18473112,45539080,6646776
12:01:50,460340,batch_c_scan_6x7,18473112,45539080,6646776
12:01:51,460340,batch_c_scan_6x7,18473112,45539080,6646776
12:01:53,460340,batch_c_scan_6x7,18473112,45539080,6646776
12:01:54,460340,batch_c_scan_6x7,18473112,45539080,6646776
12:01:55,460340,batch_c_scan_6x7,18473112,45539080,6646776
12:01:56,460340,batch_c_scan_6x7,18473204,45539080,6646684
12:01:57,460340,batch_c_scan_6x7,18473204,45539080,6646684
12:01:58,460340,batch_c_scan_6x7,18473204,45539080,6646684
12:01:59,460340,batch_c_scan_6x7,18473204,45539080,6646684
12:02:00,460340,batch_c_scan_6x7,18473220,45539080,6646668
12:02:01,460340,batch_c_scan_6x7,18473220,45539080,6646668
12:02:02,460340,batch_c_scan_6x7,18473220,45539080,6646668
12:02:03,460340,batch_c_scan_6x7,18473220,45539080,6646668
12:02:04,460340,batch_c_scan_6x7,18473224,45539080,6646664
12:02:05,460340,batch_c_scan_6x7,18473224,45539080,6646664
12:02:06,460340,batch_c_scan_6x7,18473232,45539080,6646656
12:02:07,460340,batch_c_scan_6x7,18473232,45539080,6646656
12:02:08,460340,batch_c_scan_6x7,18473232,45539080,6646656
12:02:09,460340,batch_c_scan_6x7,18473232,45539080,6646656
12:02:10,460340,batch_c_scan_6x7,18473256,45539080,6646632
12:02:11,460340,batch_c_scan_6x7,18473256,45539080,6646632
12:02:12,460340,batch_c_scan_6x7,18473280,45539080,6646632
12:02:13,460340,batch_c_scan_6x7,18473292,45539080,6646596
12:02:14,460340,batch_c_scan_6x7,18473292,45539080,6646596
12:02:15,460340,batch_c_scan_6x7,18473292,45539080,6646596
12:02:16,460340,batch_c_scan_6x7,18473292,45539080,6646596
12:02:17,460340,batch_c_scan_6x7,18473292,45539080,6646596
12:02:18,460340,batch_c_scan_6x7,18473292,45539080,6646596
12:02:19,460340,batch_c_scan_6x7,18473304,45539080,6646584
12:02:20,460340,batch_c_scan_6x7,18473304,45539080,6646584
12:02:21,460340,batch_c_scan_6x7,18473332,45539080,6646556
12:02:22,460340,batch_c_scan_6x7,18473332,45539080,6646556
12:02:23,460340,batch_c_scan_6x7,18473336,45539080,6646552
12:02:24,460340,batch_c_scan_6x7,18473336,45539080,6646552
12:02:25,460340,batch_c_scan_6x7,18473340,45539080,6646548
12:02:26,460340,batch_c_scan_6x7,18473340,45539080,6646548
12:02:27,460340,batch_c_scan_6x7,18473352,45539080,6646536
12:02:28,460340,batch_c_scan_6x7,18473352,45539080,6646536
12:02:29,460340,batch_c_scan_6x7,18473352,45539080,6646536
12:02:30,460340,batch_c_scan_6x7,18473352,45539080,6646536
12:02:31,460340,batch_c_scan_6x7,18473356,45539080,6646532
12:02:32,460340,batch_c_scan_6x7,18473356,45539080,6646532
12:02:33,460340,batch_c_scan_6x7,18473356,45539080,6646532
12:02:34,460340,batch_c_scan_6x7,18473356,45539080,6646532
12:02:35,460340,batch_c_scan_6x7,18473356,45539080,6646532
12:02:36,460340,batch_c_scan_6x7,18473356,45539080,6646532
12:02:37,460340,batch_c_scan_6x7,18473356,45539080,6646532
12:02:38,460340,batch_c_scan_6x7,18473356,45539080,6646532
12:02:39,460340,batch_c_scan_6x7,18473356,45539080,6646532
12:02:40,460340,batch_c_scan_6x7,18473356,45539080,6646532
12:02:41,460340,batch_c_scan_6x7,18473356,45539080,6646532
12:02:42,460340,batch_c_scan_6x7,18473356,45539080,6646532
12:02:43,460340,batch_c_scan_6x7,18473356,45539080,6646532
12:02:44,460340,batch_c_scan_6x7,18473356,45539080,6646532
12:02:46,460340,batch_c_scan_6x7,18473356,45539080,6646532
12:02:47,460340,batch_c_scan_6x7,18473356,45539080,6646532
12:02:48,460340,batch_c_scan_6x7,18473356,45539080,6646532
12:02:49,460340,batch_c_scan_6x7,18473356,45539080,6646532
12:02:50,460340,batch_c_scan_6x7,18473384,45539080,6646504
12:02:51,460340,batch_c_scan_6x7,18473384,45539080,6646504
12:02:52,460340,batch_c_scan_6x7,18473396,45539080,6646492
12:02:53,460340,batch_c_scan_6x7,18473396,45539080,6646492
12:02:54,460340,batch_c_scan_6x7,18473420,45539080,6646492
12:02:55,460340,batch_c_scan_6x7,18473396,45539080,6646492
12:02:56,460340,batch_c_scan_6x7,18473396,45539080,6646492
12:02:57,460340,batch_c_scan_6x7,18473396,45539080,6646492
12:02:58,460340,batch_c_scan_6x7,18473396,45539080,6646492
12:02:59,460340,batch_c_scan_6x7,18473396,45539080,6646492
12:03:00,460340,batch_c_scan_6x7,18473396,45539080,6646492
12:03:01,460340,batch_c_scan_6x7,18473396,45539080,6646492
12:03:02,460340,batch_c_scan_6x7,18473396,45539080,6646492
12:03:03,460340,batch_c_scan_6x7,18473400,45539080,6646488
12:03:04,460340,batch_c_scan_6x7,18473400,45539080,6646488
12:03:05,460340,batch_c_scan_6x7,18473404,45539080,6646484
12:03:06,460340,batch_c_scan_6x7,18473404,45539080,6646484
12:03:07,460340,batch_c_scan_6x7,18473404,45539080,6646484
12:03:08,460340,batch_c_scan_6x7,18476336,45539080,6643552
12:03:09,460340,batch_c_scan_6x7,18476336,45539080,6643552
12:03:10,460340,batch_c_scan_6x7,18476336,45539080,6643552
12:03:11,460340,batch_c_scan_6x7,18476336,45539080,6643552
12:03:12,460340,batch_c_scan_6x7,18476336,45539080,6643552
12:03:13,460340,batch_c_scan_6x7,18476344,45539080,6643544
12:03:14,460340,batch_c_scan_6x7,18476344,45539080,6643544
12:03:15,460340,batch_c_scan_6x7,18476368,45539080,6643520
12:03:16,460340,batch_c_scan_6x7,18476368,45539080,6643520
12:03:17,460340,batch_c_scan_6x7,18476368,45539080,6643520
12:03:18,460340,batch_c_scan_6x7,18476368,45539080,6643520
12:03:19,460340,batch_c_scan_6x7,18476368,45539080,6643520
12:03:20,460340,batch_c_scan_6x7,18476368,45539080,6643520
12:03:21,460340,batch_c_scan_6x7,18476368,45539080,6643520
12:03:22,460340,batch_c_scan_6x7,18476368,45539080,6643520
12:03:23,460340,batch_c_scan_6x7,18476380,45539080,6643508
12:03:24,460340,batch_c_scan_6x7,18476380,45539080,6643508
12:03:25,460340,batch_c_scan_6x7,18476380,45539080,6643508
12:03:26,460340,batch_c_scan_6x7,18476380,45539080,6643508
12:03:27,460340,batch_c_scan_6x7,18476380,45539080,6643508
12:03:28,460340,batch_c_scan_6x7,18476380,45539080,6643508
12:03:29,460340,batch_c_scan_6x7,18476380,45539080,6643508
12:03:30,460340,batch_c_scan_6x7,18476380,45539080,6643508
12:03:31,460340,batch_c_scan_6x7,18476384,45539080,6643504
12:03:32,460340,batch_c_scan_6x7,18476384,45539080,6643504
12:03:33,460340,batch_c_scan_6x7,18476408,45539080,6643504
12:03:34,460340,batch_c_scan_6x7,18476384,45539080,6643504
12:03:35,460340,batch_c_scan_6x7,18476384,45539080,6643504
12:03:36,460340,batch_c_scan_6x7,18476384,45539080,6643504
12:03:37,460340,batch_c_scan_6x7,18476384,45539080,6643504
12:03:38,460340,batch_c_scan_6x7,18476384,45539080,6643504
12:03:40,460340,batch_c_scan_6x7,18476384,45539080,6643504
12:03:41,460340,batch_c_scan_6x7,18476384,45539080,6643504
12:03:42,460340,batch_c_scan_6x7,18476384,45539080,6643504
12:03:43,460340,batch_c_scan_6x7,18476384,45539080,6643504
12:03:44,460340,batch_c_scan_6x7,18476384,45539080,6643504
12:03:45,460340,batch_c_scan_6x7,18476384,45539080,6643504
12:03:46,460340,batch_c_scan_6x7,18476384,45539080,6643504
12:03:47,460340,batch_c_scan_6x7,18476384,45539080,6643504
12:03:48,460340,batch_c_scan_6x7,18476384,45539080,6643504
12:03:49,460340,batch_c_scan_6x7,18476384,45539080,6643504
12:03:50,460340,batch_c_scan_6x7,18476384,45539080,6643504
12:03:51,460340,batch_c_scan_6x7,18476384,45539080,6643504
12:03:52,460340,batch_c_scan_6x7,18476384,45539080,6643504
12:03:53,460340,batch_c_scan_6x7,18476384,45539080,6643504
12:03:54,460340,batch_c_scan_6x7,18476384,45539080,6643504
12:03:55,460340,batch_c_scan_6x7,18476384,45539080,6643504
12:03:56,460340,batch_c_scan_6x7,18476384,45539080,6643504
12:03:57,460340,batch_c_scan_6x7,18476384,45539080,6643504
12:03:58,460340,batch_c_scan_6x7,18476384,45539080,6643504
12:03:59,460340,batch_c_scan_6x7,18476432,45539080,6643456
12:04:00,460340,batch_c_scan_6x7,18476432,45539080,6643456
12:04:01,460340,batch_c_scan_6x7,18476432,45539080,6643456
12:04:02,460340,batch_c_scan_6x7,18476432,45539080,6643456
12:04:03,460340,batch_c_scan_6x7,18476436,45539080,6643452
12:04:04,460340,batch_c_scan_6x7,18476436,45539080,6643452
12:04:05,460340,batch_c_scan_6x7,18476436,45539080,6643452
12:04:06,460340,batch_c_scan_6x7,18476436,45539080,6643452
12:04:07,460340,batch_c_scan_6x7,18476440,45539080,6643448
12:04:08,460340,batch_c_scan_6x7,18476440,45539080,6643448
12:04:09,460340,batch_c_scan_6x7,18476464,45539080,6643448
12:04:10,460340,batch_c_scan_6x7,18476440,45539080,6643448
12:04:11,460340,batch_c_scan_6x7,18476440,45539080,6643448
12:04:12,460340,batch_c_scan_6x7,18476440,45539080,6643448
12:04:13,460340,batch_c_scan_6x7,18476440,45539080,6643448
12:04:14,460340,batch_c_scan_6x7,18476440,45539080,6643448
12:04:15,460340,batch_c_scan_6x7,18476440,45539080,6643448
12:04:16,460340,batch_c_scan_6x7,18476440,45539080,6643448
12:04:17,460340,batch_c_scan_6x7,18476440,45539080,6643448
12:04:18,460340,batch_c_scan_6x7,18476440,45539080,6643448
12:04:19,460340,batch_c_scan_6x7,18476440,45539080,6643448
12:04:20,460340,batch_c_scan_6x7,18476440,45539080,6643448
12:04:21,460340,batch_c_scan_6x7,18476440,45539080,6643448
12:04:22,460340,batch_c_scan_6x7,18476440,45539080,6643448
12:04:23,460340,batch_c_scan_6x7,18476440,45539080,6643448
12:04:24,460340,batch_c_scan_6x7,18476456,45539080,6643432
12:04:25,460340,batch_c_scan_6x7,18476456,45539080,6643432
12:04:26,460340,batch_c_scan_6x7,18476460,45539080,6643428
12:04:27,460340,batch_c_scan_6x7,18476460,45539080,6643428
12:04:28,460340,batch_c_scan_6x7,18476460,45539080,6643428
12:04:29,460340,batch_c_scan_6x7,18476460,45539080,6643428
12:04:30,460340,batch_c_scan_6x7,18476460,45539080,6643428
12:04:31,460340,batch_c_scan_6x7,18476460,45539080,6643428
12:04:33,460340,batch_c_scan_6x7,18476460,45539080,6643428
12:04:34,460340,batch_c_scan_6x7,18476460,45539080,6643428
12:04:35,460340,batch_c_scan_6x7,18476460,45539080,6643428
12:04:36,460340,batch_c_scan_6x7,18476460,45539080,6643428
12:04:37,460340,batch_c_scan_6x7,18476468,45539080,6643420
12:04:38,460340,batch_c_scan_6x7,18476468,45539080,6643420
12:04:39,460340,batch_c_scan_6x7,18476468,45539080,6643420
12:04:40,460340,batch_c_scan_6x7,18476468,45539080,6643420
12:04:41,460340,batch_c_scan_6x7,18476468,45539080,6643420
12:04:42,460340,batch_c_scan_6x7,18477496,45539080,6642392
12:04:43,460340,batch_c_scan_6x7,18477520,45539080,6642392
12:04:44,460340,batch_c_scan_6x7,18477504,45539080,6642384
12:04:45,460340,batch_c_scan_6x7,18477504,45539080,6642384
12:04:46,460340,batch_c_scan_6x7,18477504,45539080,6642384
12:04:47,460340,batch_c_scan_6x7,18477504,45539080,6642384
12:04:48,460340,batch_c_scan_6x7,18477504,45539080,6642384
12:04:49,460340,batch_c_scan_6x7,18477504,45539080,6642384
12:04:50,460340,batch_c_scan_6x7,18477512,45539080,6642376
12:04:51,460340,batch_c_scan_6x7,18477512,45539080,6642376
12:04:52,460340,batch_c_scan_6x7,18477512,45539080,6642376
12:04:53,460340,batch_c_scan_6x7,18477512,45539080,6642376
12:04:54,460340,batch_c_scan_6x7,18477512,45539080,6642376
12:04:55,460340,batch_c_scan_6x7,18477512,45539080,6642376
12:04:56,460340,batch_c_scan_6x7,18477524,45539080,6642364
12:04:57,460340,batch_c_scan_6x7,18477524,45539080,6642364
12:04:58,460340,batch_c_scan_6x7,18477544,45539080,6642344
12:04:59,460340,batch_c_scan_6x7,18477544,45539080,6642344
12:05:00,460340,batch_c_scan_6x7,18477544,45539080,6642344
12:05:01,460340,batch_c_scan_6x7,18477544,45539080,6642344
12:05:02,460340,batch_c_scan_6x7,18477548,45539080,6642340
12:05:03,460340,batch_c_scan_6x7,18477548,45539080,6642340
12:05:04,460340,batch_c_scan_6x7,18477548,45539080,6642340
12:05:05,460340,batch_c_scan_6x7,18477548,45539080,6642340
12:05:06,460340,batch_c_scan_6x7,18477548,45539080,6642340
12:05:07,460340,batch_c_scan_6x7,18477548,45539080,6642340
12:05:08,460340,batch_c_scan_6x7,18477556,45539080,6642332
12:05:09,460340,batch_c_scan_6x7,18477556,45539080,6642332
12:05:10,460340,batch_c_scan_6x7,18477564,45539080,6642324
12:05:11,460340,batch_c_scan_6x7,18477564,45539080,6642324
12:05:12,460340,batch_c_scan_6x7,18477564,45539080,6642324
12:05:13,460340,batch_c_scan_6x7,18477564,45539080,6642324
12:05:14,460340,batch_c_scan_6x7,18477588,45539080,6642324
12:05:15,460340,batch_c_scan_6x7,18477564,45539080,6642324
12:05:16,460340,batch_c_scan_6x7,18477564,45539080,6642324
12:05:17,460340,batch_c_scan_6x7,18477564,45539080,6642324
12:05:18,460340,batch_c_scan_6x7,18477564,45539080,6642324
12:05:19,460340,batch_c_scan_6x7,18477564,45539080,6642324
12:05:20,460340,batch_c_scan_6x7,18477564,45539080,6642324
12:05:21,460340,batch_c_scan_6x7,18477564,45539080,6642324
12:05:22,460340,batch_c_scan_6x7,18477564,45539080,6642324
12:05:23,460340,batch_c_scan_6x7,18477564,45539080,6642324
12:05:24,460340,batch_c_scan_6x7,18477564,45539080,6642324
12:05:25,460340,batch_c_scan_6x7,18477564,45539080,6642324
12:05:27,460340,batch_c_scan_6x7,18477564,45539080,6642324
12:05:28,460340,batch_c_scan_6x7,18477564,45539080,6642324
12:05:29,460340,batch_c_scan_6x7,18477564,45539080,6642324
12:05:30,460340,batch_c_scan_6x7,18477564,45539080,6642324
12:05:31,460340,batch_c_scan_6x7,18477564,45539080,6642324
12:05:32,460340,batch_c_scan_6x7,18477564,45539080,6642324
12:05:33,460340,batch_c_scan_6x7,18477564,45539080,6642324
12:05:34,460340,batch_c_scan_6x7,18477564,45539080,6642324
12:05:35,460340,batch_c_scan_6x7,18477564,45539080,6642324
12:05:36,460340,batch_c_scan_6x7,18477564,45539080,6642324
12:05:37,460340,batch_c_scan_6x7,18477564,45539080,6642324
12:05:38,460340,batch_c_scan_6x7,18477564,45539080,6642324
12:05:39,460340,batch_c_scan_6x7,18477564,45539080,6642324
12:05:40,460340,batch_c_scan_6x7,18477688,45539080,6642200
12:05:41,460340,batch_c_scan_6x7,18477688,45539080,6642200
12:05:42,460340,batch_c_scan_6x7,18477720,45539080,6642168
12:05:43,460340,batch_c_scan_6x7,18477720,45539080,6642168
12:05:44,460340,batch_c_scan_6x7,18477744,45539080,6642168
12:05:45,460340,batch_c_scan_6x7,18477720,45539080,6642168
12:05:46,460340,batch_c_scan_6x7,18477720,45539080,6642168
12:05:47,460340,batch_c_scan_6x7,18477720,45539080,6642168
12:05:48,460340,batch_c_scan_6x7,18477720,45539080,6642168
12:05:49,460340,batch_c_scan_6x7,18477720,45539080,6642168
12:05:50,460340,batch_c_scan_6x7,18477720,45539080,6642168
12:05:51,460340,batch_c_scan_6x7,18477720,45539080,6642168
12:05:52,460340,batch_c_scan_6x7,18477720,45539080,6642168
12:05:53,460340,batch_c_scan_6x7,18477720,45539080,6642168
12:05:54,460340,batch_c_scan_6x7,18477720,45539080,6642168
12:05:55,460340,batch_c_scan_6x7,18477720,45539080,6642168
12:05:56,460340,batch_c_scan_6x7,18477720,45539080,6642168
12:05:57,460340,batch_c_scan_6x7,18477720,45539080,6642168
12:05:58,460340,batch_c_scan_6x7,18477720,45539080,6642168
12:05:59,460340,batch_c_scan_6x7,18477720,45539080,6642168
12:06:00,460340,batch_c_scan_6x7,18477720,45539080,6642168
12:06:01,460340,batch_c_scan_6x7,18477720,45539080,6642168
12:06:02,460340,batch_c_scan_6x7,18477720,45539080,6642168
12:06:03,460340,batch_c_scan_6x7,18477720,45539080,6642168
12:06:04,460340,batch_c_scan_6x7,18477720,45539080,6642168
12:06:05,460340,batch_c_scan_6x7,18477744,45539080,6642144
12:06:06,460340,batch_c_scan_6x7,18477744,45539080,6642144
12:06:07,460340,batch_c_scan_6x7,18477744,45539080,6642144
12:06:08,460340,batch_c_scan_6x7,18477744,45539080,6642144
12:06:09,460340,batch_c_scan_6x7,18477744,45539080,6642144
12:06:10,460340,batch_c_scan_6x7,18477744,45539080,6642144
12:06:11,460340,batch_c_scan_6x7,18477768,45539080,6642144
12:06:12,460340,batch_c_scan_6x7,18477744,45539080,6642144
12:06:13,460340,batch_c_scan_6x7,18477744,45539080,6642144
12:06:14,460340,batch_c_scan_6x7,18477744,45539080,6642144
12:06:15,460340,batch_c_scan_6x7,18479732,45539080,6640156
12:06:16,460340,batch_c_scan_6x7,18479732,45539080,6640156
12:06:17,460340,batch_c_scan_6x7,18479732,45539080,6640156
12:06:18,460340,batch_c_scan_6x7,18479732,45539080,6640156
12:06:20,460340,batch_c_scan_6x7,18479732,45539080,6640156
12:06:21,460340,batch_c_scan_6x7,18479732,45539080,6640156
12:06:22,460340,batch_c_scan_6x7,18479732,45539080,6640156
12:06:23,460340,batch_c_scan_6x7,18481720,45539080,6638168
12:06:24,460340,batch_c_scan_6x7,18481720,45539080,6638168
12:06:25,460340,batch_c_scan_6x7,18483708,45539080,6636180
12:06:26,460340,batch_c_scan_6x7,18483708,45539080,6636180
12:06:27,460340,batch_c_scan_6x7,18483708,45539080,6636180
12:06:28,460340,batch_c_scan_6x7,18483708,45539080,6636180
12:06:29,460340,batch_c_scan_6x7,18483708,45539080,6636180
12:06:30,460340,batch_c_scan_6x7,18483708,45539080,6636180
12:06:31,460340,batch_c_scan_6x7,18483732,45539080,6636156
12:06:32,460340,batch_c_scan_6x7,18483732,45539080,6636156
12:06:33,460340,batch_c_scan_6x7,18483732,45539080,6636156
12:06:34,460340,batch_c_scan_6x7,18483732,45539080,6636156
12:06:35,460340,batch_c_scan_6x7,18483732,45539080,6636156
12:06:36,460340,batch_c_scan_6x7,18483732,45539080,6636156
12:06:37,460340,batch_c_scan_6x7,18483732,45539080,6636156
12:06:38,460340,batch_c_scan_6x7,18483732,45539080,6636156
12:06:39,460340,batch_c_scan_6x7,18483756,45539080,6636156
12:06:40,460340,batch_c_scan_6x7,18483732,45539080,6636156
12:06:41,460340,batch_c_scan_6x7,18483732,45539080,6636156
12:06:42,460340,batch_c_scan_6x7,18483732,45539080,6636156
12:06:43,460340,batch_c_scan_6x7,18483732,45539080,6636156
12:06:44,460340,batch_c_scan_6x7,18483732,45539080,6636156
12:06:45,460340,batch_c_scan_6x7,18483732,45539080,6636156
12:06:46,460340,batch_c_scan_6x7,18483744,45539080,6636144
12:06:47,460340,batch_c_scan_6x7,18483744,45539080,6636144
12:06:48,460340,batch_c_scan_6x7,18483744,45539080,6636144
12:06:49,460340,batch_c_scan_6x7,18483744,45539080,6636144
12:06:50,460340,batch_c_scan_6x7,18483744,45539080,6636144
12:06:51,460340,batch_c_scan_6x7,18483744,45539080,6636144
12:06:52,460340,batch_c_scan_6x7,18483744,45539080,6636144
12:06:53,460340,batch_c_scan_6x7,18483744,45539080,6636144
12:06:54,460340,batch_c_scan_6x7,18483744,45539080,6636144
12:06:55,460340,batch_c_scan_6x7,18483744,45539080,6636144
12:06:56,460340,batch_c_scan_6x7,18486172,45539080,6633716
12:06:57,460340,batch_c_scan_6x7,18486172,45539080,6633716
12:06:58,460340,batch_c_scan_6x7,18486172,45539080,6633716
12:06:59,460340,batch_c_scan_6x7,18486172,45539080,6633716
12:07:00,460340,batch_c_scan_6x7,18486172,45539080,6633716
12:07:01,460340,batch_c_scan_6x7,18486172,45539080,6633716
12:07:02,460340,batch_c_scan_6x7,18486172,45539080,6633716
12:07:03,460340,batch_c_scan_6x7,18486172,45539080,6633716
12:07:04,460340,batch_c_scan_6x7,18486172,45539080,6633716
12:07:05,460340,batch_c_scan_6x7,18486172,45539080,6633716
12:07:06,460340,batch_c_scan_6x7,18486196,45539080,6633716
12:07:07,460340,batch_c_scan_6x7,18486292,45539080,6633596
12:07:08,460340,batch_c_scan_6x7,18486292,45539080,6633596
12:07:09,460340,batch_c_scan_6x7,18486292,45539080,6633596
12:07:10,460340,batch_c_scan_6x7,18486292,45539080,6633596
12:07:11,460340,batch_c_scan_6x7,18486292,45539080,6633596
12:07:12,460340,batch_c_scan_6x7,18486292,45539080,6633596
12:07:14,460340,batch_c_scan_6x7,18486292,45539080,6633596
12:07:15,460340,batch_c_scan_6x7,18486292,45539080,6633596
12:07:16,460340,batch_c_scan_6x7,18486292,45539080,6633596
12:07:17,460340,batch_c_scan_6x7,18486292,45539080,6633596
12:07:18,460340,batch_c_scan_6x7,18486292,45539080,6633596
12:07:19,460340,batch_c_scan_6x7,18486292,45539080,6633596
12:07:20,460340,batch_c_scan_6x7,18486296,45539080,6633592
12:07:21,460340,batch_c_scan_6x7,18486296,45539080,6633592
12:07:22,460340,batch_c_scan_6x7,18486296,45539080,6633592
12:07:23,460340,batch_c_scan_6x7,18486296,45539080,6633592
12:07:24,460340,batch_c_scan_6x7,18486296,45539080,6633592
12:07:25,460340,batch_c_scan_6x7,18486296,45539080,6633592
12:07:26,460340,batch_c_scan_6x7,18486296,45539080,6633592
12:07:27,460340,batch_c_scan_6x7,18486296,45539080,6633592
12:07:28,460340,batch_c_scan_6x7,18486296,45539080,6633592
12:07:29,460340,batch_c_scan_6x7,18486296,45539080,6633592
12:07:30,460340,batch_c_scan_6x7,18486296,45539080,6633592
12:07:31,460340,batch_c_scan_6x7,18486296,45539080,6633592
12:07:32,460340,batch_c_scan_6x7,18486320,45539080,6633592
12:07:33,460340,batch_c_scan_6x7,18486296,45539080,6633592
12:07:34,460340,batch_c_scan_6x7,18486296,45539080,6633592
12:07:35,460340,batch_c_scan_6x7,18486296,45539080,6633592
12:07:36,460340,batch_c_scan_6x7,18486296,45539080,6633592
12:07:37,460340,batch_c_scan_6x7,18486296,45539080,6633592
12:07:38,460340,batch_c_scan_6x7,18486296,45539080,6633592
12:07:39,460340,batch_c_scan_6x7,18486296,45539080,6633592
12:07:40,460340,batch_c_scan_6x7,18486296,45539080,6633592
12:07:41,460340,batch_c_scan_6x7,18486296,45539080,6633592
12:07:42,460340,batch_c_scan_6x7,18486296,45539080,6633592
12:07:43,460340,batch_c_scan_6x7,18486336,45539080,6633552
12:07:44,460340,batch_c_scan_6x7,18486336,45539080,6633552
12:07:45,460340,batch_c_scan_6x7,18486336,45539080,6633552
12:07:46,460340,batch_c_scan_6x7,18486336,45539080,6633552
12:07:47,460340,batch_c_scan_6x7,18486336,45539080,6633552
12:07:48,460340,batch_c_scan_6x7,18486336,45539080,6633552
12:07:49,460340,batch_c_scan_6x7,18486356,45539080,6633532
12:07:50,460340,batch_c_scan_6x7,18486356,45539080,6633532
12:07:51,460340,batch_c_scan_6x7,18486356,45539080,6633532
12:07:52,460340,batch_c_scan_6x7,18486356,45539080,6633532
12:07:53,460340,batch_c_scan_6x7,18486356,45539080,6633532
12:07:54,460340,batch_c_scan_6x7,18486356,45539080,6633532
12:07:55,460340,batch_c_scan_6x7,18486356,45539080,6633532
12:07:56,460340,batch_c_scan_6x7,18486356,45539080,6633532
12:07:57,460340,batch_c_scan_6x7,18486380,45539080,6633532
12:07:58,460340,batch_c_scan_6x7,18486356,45539080,6633532
12:07:59,460340,batch_c_scan_6x7,18486356,45539080,6633532
12:08:00,460340,batch_c_scan_6x7,18486356,45539080,6633532
12:08:01,460340,batch_c_scan_6x7,18486356,45539080,6633532
12:08:02,460340,batch_c_scan_6x7,18486356,45539080,6633532
12:08:03,460340,batch_c_scan_6x7,18486356,45539080,6633532
12:08:04,460340,batch_c_scan_6x7,18486364,45539080,6633524
12:08:05,460340,batch_c_scan_6x7,18486364,45539080,6633524
12:08:07,460340,batch_c_scan_6x7,18486368,45539080,6633520
12:08:08,460340,batch_c_scan_6x7,18486368,45539080,6633520
12:08:09,460340,batch_c_scan_6x7,18486368,45539080,6633520
12:08:10,460340,batch_c_scan_6x7,18486368,45539080,6633520
12:08:11,460340,batch_c_scan_6x7,18486368,45539080,6633520
12:08:12,460340,batch_c_scan_6x7,18486368,45539080,6633520
12:08:13,460340,batch_c_scan_6x7,18486368,45539080,6633520
12:08:14,460340,batch_c_scan_6x7,18486368,45539080,6633520
12:08:15,460340,batch_c_scan_6x7,18486368,45539080,6633520
12:08:16,460340,batch_c_scan_6x7,18486368,45539080,6633520
12:08:17,460340,batch_c_scan_6x7,18486372,45539080,6633516
12:08:18,460340,batch_c_scan_6x7,18486372,45539080,6633516
12:08:19,460340,batch_c_scan_6x7,18486372,45539080,6633516
12:08:20,460340,batch_c_scan_6x7,18486372,45539080,6633516
12:08:21,460340,batch_c_scan_6x7,18486396,45539080,6633516
12:08:22,460340,batch_c_scan_6x7,18486372,45539080,6633516
12:08:23,460340,batch_c_scan_6x7,18486372,45539080,6633516
12:08:24,460340,batch_c_scan_6x7,18486372,45539080,6633516
12:08:25,460340,batch_c_scan_6x7,18486372,45539080,6633516
12:08:26,460340,batch_c_scan_6x7,18486372,45539080,6633516
12:08:27,460340,batch_c_scan_6x7,18486372,45539080,6633516
12:08:28,460340,batch_c_scan_6x7,18486372,45539080,6633516
12:08:29,460340,batch_c_scan_6x7,18486372,45539080,6633516
12:08:30,460340,batch_c_scan_6x7,18486372,45539080,6633516
12:08:31,460340,batch_c_scan_6x7,18486372,45539080,6633516
12:08:32,460340,batch_c_scan_6x7,18486372,45539080,6633516
12:08:33,460340,batch_c_scan_6x7,18486372,45539080,6633516
12:08:34,460340,batch_c_scan_6x7,18486372,45539080,6633516
12:08:35,460340,batch_c_scan_6x7,18486372,45539080,6633516
12:08:36,460340,batch_c_scan_6x7,18486372,45539080,6633516
12:08:37,460340,batch_c_scan_6x7,18486372,45539080,6633516
12:08:38,460340,batch_c_scan_6x7,18486392,45539080,6633496
12:08:39,460340,batch_c_scan_6x7,18486392,45539080,6633496
12:08:40,460340,batch_c_scan_6x7,18486392,45539080,6633496
12:08:41,460340,batch_c_scan_6x7,18486392,45539080,6633496
12:08:42,460340,batch_c_scan_6x7,18488916,45539080,6630972
12:08:43,460340,batch_c_scan_6x7,18488916,45539080,6630972
12:08:44,460340,batch_c_scan_6x7,18488940,45539080,6630972
12:08:45,460340,batch_c_scan_6x7,18490388,45539080,6629500
12:08:46,460340,batch_c_scan_6x7,18490388,45539080,6629500
12:08:47,460340,batch_c_scan_6x7,18490388,45539080,6629500
12:08:48,460340,batch_c_scan_6x7,18490388,45539080,6629500
12:08:49,460340,batch_c_scan_6x7,18490396,45539080,6629492
12:08:50,460340,batch_c_scan_6x7,18490396,45539080,6629492
12:08:51,460340,batch_c_scan_6x7,18490460,45539080,6629428
12:08:52,460340,batch_c_scan_6x7,18490460,45539080,6629428
12:08:53,460340,batch_c_scan_6x7,18490460,45539080,6629428
12:08:54,460340,batch_c_scan_6x7,18490460,45539080,6629428
12:08:55,460340,batch_c_scan_6x7,18490460,45539080,6629428
12:08:56,460340,batch_c_scan_6x7,18490460,45539080,6629428
12:08:57,460340,batch_c_scan_6x7,18490460,45539080,6629428
12:08:58,460340,batch_c_scan_6x7,18490460,45539080,6629428
12:09:00,460340,batch_c_scan_6x7,18490468,45539080,6629420
12:09:01,460340,batch_c_scan_6x7,18490468,45539080,6629420
12:09:02,460340,batch_c_scan_6x7,18490468,45539080,6629420
12:09:03,460340,batch_c_scan_6x7,18490468,45539080,6629420
12:09:04,460340,batch_c_scan_6x7,18490472,45539080,6629416
12:09:05,460340,batch_c_scan_6x7,18490472,45539080,6629416
12:09:06,460340,batch_c_scan_6x7,18490472,45539080,6629416
12:09:07,460340,batch_c_scan_6x7,18490472,45539080,6629416
12:09:08,460340,batch_c_scan_6x7,18490472,45539080,6629416
12:09:09,460340,batch_c_scan_6x7,18490472,45539080,6629416
12:09:10,460340,batch_c_scan_6x7,18490472,45539080,6629416
12:09:11,460340,batch_c_scan_6x7,18490472,45539080,6629416
12:09:12,460340,batch_c_scan_6x7,18490472,45539080,6629416
12:09:13,460340,batch_c_scan_6x7,18490484,45539080,6629404
12:09:14,460340,batch_c_scan_6x7,18490484,45539080,6629404
12:09:15,460340,batch_c_scan_6x7,18490484,45539080,6629404
12:09:16,460340,batch_c_scan_6x7,18490484,45539080,6629404
12:09:17,460340,batch_c_scan_6x7,18494440,45539080,6625448
12:09:18,460340,batch_c_scan_6x7,18494440,45539080,6625448
12:09:19,460340,batch_c_scan_6x7,18494448,45539080,6625440
12:09:20,460340,batch_c_scan_6x7,18494448,45539080,6625440
12:09:21,460340,batch_c_scan_6x7,18494456,45539080,6625432
12:09:22,460340,batch_c_scan_6x7,18494456,45539080,6625432
12:09:23,460340,batch_c_scan_6x7,18494460,45539080,6625428
12:09:24,460340,batch_c_scan_6x7,18494460,45539080,6625428
12:09:25,460340,batch_c_scan_6x7,18494460,45539080,6625428
12:09:26,460340,batch_c_scan_6x7,18494460,45539080,6625428
12:09:27,460340,batch_c_scan_6x7,18494460,45539080,6625428
12:09:28,460340,batch_c_scan_6x7,18494460,45539080,6625428
12:09:29,460340,batch_c_scan_6x7,18494484,45539080,6625428
12:09:30,460340,batch_c_scan_6x7,18494472,45539080,6625416
12:09:31,460340,batch_c_scan_6x7,18494472,45539080,6625416
12:09:32,460340,batch_c_scan_6x7,18494472,45539080,6625416
12:09:33,460340,batch_c_scan_6x7,18494472,45539080,6625416
12:09:34,460340,batch_c_scan_6x7,18494480,45539080,6625408
12:09:35,460340,batch_c_scan_6x7,18494480,45539080,6625408
12:09:36,460340,batch_c_scan_6x7,18494484,45539080,6625404
12:09:37,460340,batch_c_scan_6x7,18494484,45539080,6625404
12:09:38,460340,batch_c_scan_6x7,18494556,45539080,6625332
12:09:39,460340,batch_c_scan_6x7,18494556,45539080,6625332
12:09:40,460340,batch_c_scan_6x7,18494556,45539080,6625332
12:09:41,460340,batch_c_scan_6x7,18494556,45539080,6625332
12:09:42,460340,batch_c_scan_6x7,18494556,45539080,6625332
12:09:43,460340,batch_c_scan_6x7,18494556,45539080,6625332
12:09:44,460340,batch_c_scan_6x7,18494560,45539080,6625328
12:09:45,460340,batch_c_scan_6x7,18494560,45539080,6625328
12:09:46,460340,batch_c_scan_6x7,18494572,45539080,6625316
12:09:47,460340,batch_c_scan_6x7,18494572,45539080,6625316
12:09:48,460340,batch_c_scan_6x7,18494572,45539080,6625316
12:09:49,460340,batch_c_scan_6x7,18494572,45539080,6625316
12:09:50,460340,batch_c_scan_6x7,18494596,45539080,6625316
12:09:51,460340,batch_c_scan_6x7,18494572,45539080,6625316
12:09:52,460340,batch_c_scan_6x7,18494572,45539080,6625316
12:09:54,460340,batch_c_scan_6x7,18494576,45539080,6625312
12:09:55,460340,batch_c_scan_6x7,18494576,45539080,6625312
12:09:56,460340,batch_c_scan_6x7,18494584,45539080,6625304
12:09:57,460340,batch_c_scan_6x7,18494584,45539080,6625304
12:09:58,460340,batch_c_scan_6x7,18494584,45539080,6625304
12:09:59,460340,batch_c_scan_6x7,18494584,45539080,6625304
12:10:00,460340,batch_c_scan_6x7,18494588,45539080,6625300
12:10:01,460340,batch_c_scan_6x7,18494588,45539080,6625300
12:10:02,460340,batch_c_scan_6x7,18494592,45539080,6625296
12:10:03,460340,batch_c_scan_6x7,18494592,45539080,6625296
12:10:04,460340,batch_c_scan_6x7,18494592,45539080,6625296
12:10:05,460340,batch_c_scan_6x7,18494592,45539080,6625296
12:10:06,460340,batch_c_scan_6x7,18494592,45539080,6625296
12:10:07,460340,batch_c_scan_6x7,18494592,45539080,6625296
12:10:08,460340,batch_c_scan_6x7,18494600,45539080,6625288
12:10:09,460340,batch_c_scan_6x7,18494604,45539080,6625284
12:10:10,460340,batch_c_scan_6x7,18494604,45539080,6625284
12:10:11,460340,batch_c_scan_6x7,18494604,45539080,6625284
12:10:12,460340,batch_c_scan_6x7,18494604,45539080,6625284
12:10:13,460340,batch_c_scan_6x7,18494604,45539080,6625284
12:10:14,460340,batch_c_scan_6x7,18494604,45539080,6625284
12:10:15,460340,batch_c_scan_6x7,18494604,45539080,6625284
12:10:16,460340,batch_c_scan_6x7,18494604,45539080,6625284
12:10:17,460340,batch_c_scan_6x7,18494612,45539080,6625276
12:10:18,460340,batch_c_scan_6x7,18494612,45539080,6625276
12:10:19,460340,batch_c_scan_6x7,18494612,45539080,6625276
12:10:20,460340,batch_c_scan_6x7,18494612,45539080,6625276
12:10:21,460340,batch_c_scan_6x7,18494612,45539080,6625276
12:10:22,460340,batch_c_scan_6x7,18494612,45539080,6625276
12:10:23,460340,batch_c_scan_6x7,18494612,45539080,6625276
12:10:24,460340,batch_c_scan_6x7,18494660,45539080,6625228
12:10:25,460340,batch_c_scan_6x7,18494668,45539080,6625220
12:10:26,460340,batch_c_scan_6x7,18494668,45539080,6625220
12:10:27,460340,batch_c_scan_6x7,18494668,45539080,6625220
12:10:28,460340,batch_c_scan_6x7,18494668,45539080,6625220
12:10:29,460340,batch_c_scan_6x7,18494668,45539080,6625220
12:10:30,460340,batch_c_scan_6x7,18494668,45539080,6625220
12:10:31,460340,batch_c_scan_6x7,18494668,45539080,6625220
12:10:32,460340,batch_c_scan_6x7,18494668,45539080,6625220
12:10:33,460340,batch_c_scan_6x7,18494668,45539080,6625220
12:10:34,460340,batch_c_scan_6x7,18494668,45539080,6625220
12:10:35,460340,batch_c_scan_6x7,18494668,45539080,6625220
12:10:36,460340,batch_c_scan_6x7,18494668,45539080,6625220
12:10:37,460340,batch_c_scan_6x7,18494668,45539080,6625220
12:10:38,460340,batch_c_scan_6x7,18494668,45539080,6625220
12:10:39,460340,batch_c_scan_6x7,18494668,45539080,6625220
12:10:40,460340,batch_c_scan_6x7,18494668,45539080,6625220
12:10:41,460340,batch_c_scan_6x7,18494668,45539080,6625220
12:10:42,460340,batch_c_scan_6x7,18494668,45539080,6625220
12:10:43,460340,batch_c_scan_6x7,18494668,45539080,6625220
12:10:44,460340,batch_c_scan_6x7,18494748,45539080,6625140
12:10:45,460340,batch_c_scan_6x7,18494748,45539080,6625140
12:10:46,460340,batch_c_scan_6x7,18494772,45539080,6625140
12:10:48,460340,batch_c_scan_6x7,18494748,45539080,6625140
12:10:49,460340,batch_c_scan_6x7,18494748,45539080,6625140
12:10:50,460340,batch_c_scan_6x7,18494748,45539080,6625140
12:10:51,460340,batch_c_scan_6x7,18494748,45539080,6625140
12:10:52,460340,batch_c_scan_6x7,18494748,45539080,6625140
12:10:53,460340,batch_c_scan_6x7,18494748,45539080,6625140
12:10:54,460340,batch_c_scan_6x7,18494748,45539080,6625140
12:10:55,460340,batch_c_scan_6x7,18494748,45539080,6625140
12:10:56,460340,batch_c_scan_6x7,18494772,45539080,6625116
12:10:57,460340,batch_c_scan_6x7,18494772,45539080,6625116
12:10:58,460340,batch_c_scan_6x7,18494772,45539080,6625116
12:10:59,460340,batch_c_scan_6x7,18494772,45539080,6625116
12:11:00,460340,batch_c_scan_6x7,18494772,45539080,6625116
12:11:01,460340,batch_c_scan_6x7,18494772,45539080,6625116
12:11:02,460340,batch_c_scan_6x7,18494772,45539080,6625116
12:11:03,460340,batch_c_scan_6x7,18494772,45539080,6625116
12:11:04,460340,batch_c_scan_6x7,18494772,45539080,6625116
12:11:05,460340,batch_c_scan_6x7,18494772,45539080,6625116
12:11:06,460340,batch_c_scan_6x7,18494776,45539080,6625112
12:11:07,460340,batch_c_scan_6x7,18494776,45539080,6625112
12:11:08,460340,batch_c_scan_6x7,18494800,45539080,6625112
12:11:09,460340,batch_c_scan_6x7,18494776,45539080,6625112
12:11:10,460340,batch_c_scan_6x7,18494776,45539080,6625112
12:11:11,460340,batch_c_scan_6x7,18494776,45539080,6625112
12:11:12,460340,batch_c_scan_6x7,18494776,45539080,6625112
12:11:13,460340,batch_c_scan_6x7,18494780,45539080,6625108
12:11:14,460340,batch_c_scan_6x7,18494780,45539080,6625108
12:11:15,460340,batch_c_scan_6x7,18494784,45539080,6625104
12:11:16,460340,batch_c_scan_6x7,18494784,45539080,6625104
12:11:17,460340,batch_c_scan_6x7,18494784,45539080,6625104
12:11:18,460340,batch_c_scan_6x7,18494784,45539080,6625104
12:11:19,460340,batch_c_scan_6x7,18494784,45539080,6625104
12:11:20,460340,batch_c_scan_6x7,18494784,45539080,6625104
12:11:21,460340,batch_c_scan_6x7,18494784,45539080,6625104
12:11:22,460340,batch_c_scan_6x7,18494784,45539080,6625104
12:11:23,460340,batch_c_scan_6x7,18494796,45539080,6625092
12:11:24,460340,batch_c_scan_6x7,18494796,45539080,6625092
12:11:25,460340,batch_c_scan_6x7,18494796,45539080,6625092
12:11:26,460340,batch_c_scan_6x7,18494796,45539080,6625092
12:11:27,460340,batch_c_scan_6x7,18494820,45539080,6625092
12:11:28,460340,batch_c_scan_6x7,18494796,45539080,6625092
12:11:29,460340,batch_c_scan_6x7,18494796,45539080,6625092
12:11:30,460340,batch_c_scan_6x7,18494796,45539080,6625092
12:11:31,460340,batch_c_scan_6x7,18494796,45539080,6625092
12:11:32,460340,batch_c_scan_6x7,18494820,45539080,6625068
12:11:33,460340,batch_c_scan_6x7,18494820,45539080,6625068
12:11:34,460340,batch_c_scan_6x7,18494824,45539080,6625064
12:11:35,460340,batch_c_scan_6x7,18494824,45539080,6625064
12:11:36,460340,batch_c_scan_6x7,18494824,45539080,6625064
12:11:37,460340,batch_c_scan_6x7,18494824,45539080,6625064
12:11:38,460340,batch_c_scan_6x7,18494840,45539080,6625048
12:11:39,460340,batch_c_scan_6x7,18494840,45539080,6625048
12:11:40,460340,batch_c_scan_6x7,18494840,45539080,6625048
12:11:41,460340,batch_c_scan_6x7,18494840,45539080,6625048
12:11:43,460340,batch_c_scan_6x7,18494840,45539080,6625048
12:11:44,460340,batch_c_scan_6x7,18494840,45539080,6625048
12:11:45,460340,batch_c_scan_6x7,18494840,45539080,6625048
12:11:46,460340,batch_c_scan_6x7,18494840,45539080,6625048
12:11:47,460340,batch_c_scan_6x7,18494864,45539080,6625048
12:11:48,460340,batch_c_scan_6x7,18494840,45539080,6625048
12:11:49,460340,batch_c_scan_6x7,18494840,45539080,6625048
12:11:50,460340,batch_c_scan_6x7,18494840,45539080,6625048
12:11:51,460340,batch_c_scan_6x7,18494840,45539080,6625048
12:11:52,460340,batch_c_scan_6x7,18494840,45539080,6625048
12:11:53,460340,batch_c_scan_6x7,18494840,45539080,6625048
12:11:54,460340,batch_c_scan_6x7,18494840,45539080,6625048
12:11:55,460340,batch_c_scan_6x7,18494840,45539080,6625048
12:11:56,460340,batch_c_scan_6x7,18494840,45539080,6625048
12:11:57,460340,batch_c_scan_6x7,18494840,45539080,6625048
12:11:58,460340,batch_c_scan_6x7,18494860,45539080,6625028
12:11:59,460340,batch_c_scan_6x7,18494860,45539080,6625028
12:12:00,460340,batch_c_scan_6x7,18494860,45539080,6625028
12:12:01,460340,batch_c_scan_6x7,18494860,45539080,6625028
12:12:02,460340,batch_c_scan_6x7,18494860,45539080,6625028
12:12:03,460340,batch_c_scan_6x7,18494860,45539080,6625028
12:12:04,460340,batch_c_scan_6x7,18494860,45539080,6625028
12:12:05,460340,batch_c_scan_6x7,18494860,45539080,6625028
12:12:06,460340,batch_c_scan_6x7,18494884,45539080,6625028
12:12:07,460340,batch_c_scan_6x7,18494860,45539080,6625028
12:12:08,460340,batch_c_scan_6x7,18494860,45539080,6625028
12:12:09,460340,batch_c_scan_6x7,18494860,45539080,6625028
12:12:10,460340,batch_c_scan_6x7,18494860,45539080,6625028
12:12:11,460340,batch_c_scan_6x7,18494860,45539080,6625028
12:12:12,460340,batch_c_scan_6x7,18494860,45539080,6625028
12:12:13,460340,batch_c_scan_6x7,18494860,45539080,6625028
12:12:14,460340,batch_c_scan_6x7,18494860,45539080,6625028
12:12:15,460340,batch_c_scan_6x7,18494860,45539080,6625028
12:12:16,460340,batch_c_scan_6x7,18494860,45539080,6625028
12:12:17,460340,batch_c_scan_6x7,18494860,45539080,6625028
12:12:18,460340,batch_c_scan_6x7,18494860,45539080,6625028
12:12:19,460340,batch_c_scan_6x7,18494860,45539080,6625028
12:12:20,460340,batch_c_scan_6x7,18494860,45539080,6625028
12:12:21,460340,batch_c_scan_6x7,18494900,45539080,6624988
12:12:22,460340,batch_c_scan_6x7,18494984,45539080,6624904
12:12:23,460340,batch_c_scan_6x7,18495024,45539080,6624864
12:12:24,460340,batch_c_scan_6x7,18495024,45539080,6624864
12:12:25,460340,batch_c_scan_6x7,18495024,45539080,6624864
12:12:26,460340,batch_c_scan_6x7,18495028,45539080,6624860
12:12:27,460340,batch_c_scan_6x7,18495028,45539080,6624860
12:12:28,460340,batch_c_scan_6x7,18499080,45539080,6620808
12:12:29,460340,batch_c_scan_6x7,18499080,45539080,6620808
12:12:30,460340,batch_c_scan_6x7,18499080,45539080,6620808
12:12:31,460340,batch_c_scan_6x7,18499080,45539080,6620808
12:12:32,460340,batch_c_scan_6x7,18499084,45539080,6620804
12:12:33,460340,batch_c_scan_6x7,18499084,45539080,6620804
12:12:34,460340,batch_c_scan_6x7,18499084,45539080,6620804
12:12:35,460340,batch_c_scan_6x7,18499084,45539080,6620804
12:12:37,460340,batch_c_scan_6x7,18499196,45539080,6620692
12:12:38,460340,batch_c_scan_6x7,18499196,45539080,6620692
12:12:39,460340,batch_c_scan_6x7,18499200,45539080,6620688
12:12:40,460340,batch_c_scan_6x7,18499200,45539080,6620688
12:12:41,460340,batch_c_scan_6x7,18499220,45539080,6620668
12:12:42,460340,batch_c_scan_6x7,18499224,45539080,6620664
12:12:43,460340,batch_c_scan_6x7,18499248,45539080,6620664
12:12:44,460340,batch_c_scan_6x7,18499296,45539080,6620592
12:12:45,460340,batch_c_scan_6x7,18499296,45539080,6620592
12:12:46,460340,batch_c_scan_6x7,18499296,45539080,6620592
12:12:47,460340,batch_c_scan_6x7,18499296,45539080,6620592
12:12:48,460340,batch_c_scan_6x7,18499304,45539080,6620584
12:12:49,460340,batch_c_scan_6x7,18499304,45539080,6620584
12:12:50,460340,batch_c_scan_6x7,18499304,45539080,6620584
12:12:51,460340,batch_c_scan_6x7,18499304,45539080,6620584
12:12:52,460340,batch_c_scan_6x7,18499304,45539080,6620584
12:12:53,460340,batch_c_scan_6x7,18499304,45539080,6620584
12:12:54,460340,batch_c_scan_6x7,18499308,45539080,6620580
12:12:55,460340,batch_c_scan_6x7,18499308,45539080,6620580
12:12:56,460340,batch_c_scan_6x7,18499312,45539080,6620576
12:12:57,460340,batch_c_scan_6x7,18499312,45539080,6620576
12:12:58,460340,batch_c_scan_6x7,18499312,45539080,6620576
12:12:59,460340,batch_c_scan_6x7,18499312,45539080,6620576
12:13:00,460340,batch_c_scan_6x7,18499320,45539080,6620568
12:13:01,460340,batch_c_scan_6x7,18499320,45539080,6620568
12:13:02,460340,batch_c_scan_6x7,18499320,45539080,6620568
12:13:03,460340,batch_c_scan_6x7,18499376,45539080,6620512
12:13:04,460340,batch_c_scan_6x7,18499376,45539080,6620512
12:13:05,460340,batch_c_scan_6x7,18499376,45539080,6620512
12:13:06,460340,batch_c_scan_6x7,18499376,45539080,6620512
12:13:07,460340,batch_c_scan_6x7,18499376,45539080,6620512
12:13:08,460340,batch_c_scan_6x7,18499376,45539080,6620512
12:13:09,460340,batch_c_scan_6x7,18499448,45539080,6620440
12:13:10,460340,batch_c_scan_6x7,18499448,45539080,6620440
12:13:11,460340,batch_c_scan_6x7,18499448,45539080,6620440
12:13:12,460340,batch_c_scan_6x7,18499448,45539080,6620440
12:13:13,460340,batch_c_scan_6x7,18499452,45539080,6620436
12:13:14,460340,batch_c_scan_6x7,18499452,45539080,6620436
12:13:15,460340,batch_c_scan_6x7,18499452,45539080,6620436
12:13:16,460340,batch_c_scan_6x7,18499452,45539080,6620436
12:13:17,460340,batch_c_scan_6x7,18499452,45539080,6620436
12:13:18,460340,batch_c_scan_6x7,18499452,45539080,6620436
12:13:19,460340,batch_c_scan_6x7,18499452,45539080,6620436
12:13:20,460340,batch_c_scan_6x7,18499472,45539080,6620416
12:13:21,460340,batch_c_scan_6x7,18499472,45539080,6620416
12:13:22,460340,batch_c_scan_6x7,18499472,45539080,6620416
12:13:23,460340,batch_c_scan_6x7,18499472,45539080,6620416
12:13:24,460340,batch_c_scan_6x7,18499472,45539080,6620416
12:13:25,460340,batch_c_scan_6x7,18499472,45539080,6620416
12:13:26,460340,batch_c_scan_6x7,18499472,45539080,6620416
12:13:27,460340,batch_c_scan_6x7,18499472,45539080,6620416
12:13:28,460340,batch_c_scan_6x7,18499476,45539080,6620412
12:13:30,460340,batch_c_scan_6x7,18499476,45539080,6620412
12:13:31,460340,batch_c_scan_6x7,18499476,45539080,6620412
12:13:32,460340,batch_c_scan_6x7,18499476,45539080,6620412
12:13:33,460340,batch_c_scan_6x7,18499476,45539080,6620412
12:13:34,460340,batch_c_scan_6x7,18499476,45539080,6620412
12:13:35,460340,batch_c_scan_6x7,18499476,45539080,6620412
12:13:36,460340,batch_c_scan_6x7,18499476,45539080,6620412
12:13:37,460340,batch_c_scan_6x7,18499500,45539080,6620412
12:13:38,460340,batch_c_scan_6x7,18499476,45539080,6620412
12:13:39,460340,batch_c_scan_6x7,18499476,45539080,6620412
12:13:40,460340,batch_c_scan_6x7,18499484,45539080,6620404
12:13:41,460340,batch_c_scan_6x7,18499484,45539080,6620404
12:13:42,460340,batch_c_scan_6x7,18499484,45539080,6620404
12:13:43,460340,batch_c_scan_6x7,18499484,45539080,6620404
12:13:44,460340,batch_c_scan_6x7,18499484,45539080,6620404
12:13:45,460340,batch_c_scan_6x7,18499484,45539080,6620404
12:13:46,460340,batch_c_scan_6x7,18499484,45539080,6620404
12:13:47,460340,batch_c_scan_6x7,18499484,45539080,6620404
12:13:48,460340,batch_c_scan_6x7,18499536,45539080,6620352
12:13:49,460340,batch_c_scan_6x7,18499536,45539080,6620352
12:13:50,460340,batch_c_scan_6x7,18499536,45539080,6620352
12:13:51,460340,batch_c_scan_6x7,18499536,45539080,6620352
12:13:52,460340,batch_c_scan_6x7,18499536,45539080,6620352
12:13:53,460340,batch_c_scan_6x7,18499536,45539080,6620352
12:13:54,460340,batch_c_scan_6x7,18499560,45539080,6620352
12:13:55,460340,batch_c_scan_6x7,18499544,45539080,6620344
12:13:56,460340,batch_c_scan_6x7,18499544,45539080,6620344
12:13:57,460340,batch_c_scan_6x7,18499544,45539080,6620344
12:13:58,460340,batch_c_scan_6x7,18499544,45539080,6620344
12:13:59,460340,batch_c_scan_6x7,18499544,45539080,6620344
12:14:00,460340,batch_c_scan_6x7,18499544,45539080,6620344
12:14:01,460340,batch_c_scan_6x7,18499544,45539080,6620344
12:14:02,460340,batch_c_scan_6x7,18499544,45539080,6620344
12:14:03,460340,batch_c_scan_6x7,18499552,45539080,6620336
12:14:04,460340,batch_c_scan_6x7,18499552,45539080,6620336
12:14:05,460340,batch_c_scan_6x7,18499552,45539080,6620336
12:14:06,460340,batch_c_scan_6x7,18499552,45539080,6620336
12:14:07,460340,batch_c_scan_6x7,18499552,45539080,6620336
12:14:08,460340,batch_c_scan_6x7,18499552,45539080,6620336
12:14:09,460340,batch_c_scan_6x7,18499552,45539080,6620336
12:14:10,460340,batch_c_scan_6x7,18499552,45539080,6620336
12:14:11,460340,batch_c_scan_6x7,18499552,45539080,6620336
12:14:12,460340,batch_c_scan_6x7,18499556,45539080,6620332
12:14:13,460340,batch_c_scan_6x7,18499556,45539080,6620332
12:14:14,460340,batch_c_scan_6x7,18499556,45539080,6620332
12:14:15,460340,batch_c_scan_6x7,18499556,45539080,6620332
12:14:16,460340,batch_c_scan_6x7,18499556,45539080,6620332
12:14:17,460340,batch_c_scan_6x7,18499556,45539080,6620332
12:14:18,460340,batch_c_scan_6x7,18499556,45539080,6620332
12:14:19,460340,batch_c_scan_6x7,18499556,45539080,6620332
12:14:20,460340,batch_c_scan_6x7,18499560,45539080,6620328
12:14:21,460340,batch_c_scan_6x7,18499560,45539080,6620328
12:14:22,460340,batch_c_scan_6x7,18499560,45539080,6620328
12:14:24,460340,batch_c_scan_6x7,18499560,45539080,6620328
12:14:25,460340,batch_c_scan_6x7,18499560,45539080,6620328
12:14:26,460340,batch_c_scan_6x7,18499560,45539080,6620328
12:14:27,460340,batch_c_scan_6x7,18499560,45539080,6620328
12:14:28,460340,batch_c_scan_6x7,18499560,45539080,6620328
12:14:29,460340,batch_c_scan_6x7,18499560,45539080,6620328
12:14:30,460340,batch_c_scan_6x7,18499560,45539080,6620328
12:14:31,460340,batch_c_scan_6x7,18499560,45539080,6620328
12:14:32,460340,batch_c_scan_6x7,18499560,45539080,6620328
12:14:33,460340,batch_c_scan_6x7,18499560,45539080,6620328
12:14:34,460340,batch_c_scan_6x7,18499560,45539080,6620328
12:14:35,460340,batch_c_scan_6x7,18499560,45539080,6620328
12:14:36,460340,batch_c_scan_6x7,18499560,45539080,6620328
12:14:37,460340,batch_c_scan_6x7,18499560,45539080,6620328
12:14:38,460340,batch_c_scan_6x7,18499560,45539080,6620328
12:14:39,460340,batch_c_scan_6x7,18499560,45539080,6620328
12:14:40,460340,batch_c_scan_6x7,18499560,45539080,6620328
12:14:41,460340,batch_c_scan_6x7,18499560,45539080,6620328
12:14:42,460340,batch_c_scan_6x7,18499560,45539080,6620328
12:14:43,460340,batch_c_scan_6x7,18499560,45539080,6620328
12:14:44,460340,batch_c_scan_6x7,18499584,45539080,6620328
12:14:45,460340,batch_c_scan_6x7,18499560,45539080,6620328
12:14:46,460340,batch_c_scan_6x7,18499560,45539080,6620328
12:14:47,460340,batch_c_scan_6x7,18499560,45539080,6620328
12:14:48,460340,batch_c_scan_6x7,18499560,45539080,6620328
12:14:49,460340,batch_c_scan_6x7,18499560,45539080,6620328
12:14:50,460340,batch_c_scan_6x7,18499560,45539080,6620328
12:14:51,460340,batch_c_scan_6x7,18499560,45539080,6620328
12:14:52,460340,batch_c_scan_6x7,18499560,45539080,6620328
12:14:53,460340,batch_c_scan_6x7,18499560,45539080,6620328
12:14:54,460340,batch_c_scan_6x7,18499560,45539080,6620328
12:14:55,460340,batch_c_scan_6x7,18499560,45539080,6620328
12:14:56,460340,batch_c_scan_6x7,18499560,45539080,6620328
12:14:57,460340,batch_c_scan_6x7,18499560,45539080,6620328
12:14:58,460340,batch_c_scan_6x7,18499560,45539080,6620328
12:14:59,460340,batch_c_scan_6x7,18499568,45539080,6620320
12:15:00,460340,batch_c_scan_6x7,18499568,45539080,6620320
12:15:01,460340,batch_c_scan_6x7,18499568,45539080,6620320
12:15:02,460340,batch_c_scan_6x7,18499568,45539080,6620320
12:15:03,460340,batch_c_scan_6x7,18499568,45539080,6620320
12:15:04,460340,batch_c_scan_6x7,18499568,45539080,6620320
12:15:05,460340,batch_c_scan_6x7,18499568,45539080,6620320
12:15:06,460340,batch_c_scan_6x7,18499568,45539080,6620320
12:15:07,460340,batch_c_scan_6x7,18499568,45539080,6620320
12:15:08,460340,batch_c_scan_6x7,18499568,45539080,6620320
12:15:09,460340,batch_c_scan_6x7,18499568,45539080,6620320
12:15:10,460340,batch_c_scan_6x7,18499568,45539080,6620320
12:15:11,460340,batch_c_scan_6x7,18499568,45539080,6620320
12:15:12,460340,batch_c_scan_6x7,18499568,45539080,6620320
12:15:13,460340,batch_c_scan_6x7,18499568,45539080,6620320
12:15:14,460340,batch_c_scan_6x7,18499576,45539080,6620312
12:15:15,460340,batch_c_scan_6x7,18499576,45539080,6620312
12:15:16,460340,batch_c_scan_6x7,18499600,45539080,6620312
12:15:18,460340,batch_c_scan_6x7,18499576,45539080,6620312
12:15:19,460340,batch_c_scan_6x7,18499576,45539080,6620312
12:15:20,460340,batch_c_scan_6x7,18499576,45539080,6620312
12:15:21,460340,batch_c_scan_6x7,18499576,45539080,6620312
12:15:22,460340,batch_c_scan_6x7,18499584,45539080,6620304
12:15:23,460340,batch_c_scan_6x7,18499584,45539080,6620304
12:15:24,460340,batch_c_scan_6x7,18499588,45539080,6620300
12:15:25,460340,batch_c_scan_6x7,18499588,45539080,6620300
12:15:26,460340,batch_c_scan_6x7,18499596,45539080,6620292
12:15:27,460340,batch_c_scan_6x7,18499596,45539080,6620292
12:15:28,460340,batch_c_scan_6x7,18499600,45539080,6620288
12:15:29,460340,batch_c_scan_6x7,18499600,45539080,6620288
12:15:30,460340,batch_c_scan_6x7,18499600,45539080,6620288
12:15:31,460340,batch_c_scan_6x7,18499600,45539080,6620288
12:15:32,460340,batch_c_scan_6x7,18499624,45539080,6620288
12:15:33,460340,batch_c_scan_6x7,18499600,45539080,6620288
12:15:34,460340,batch_c_scan_6x7,18499600,45539080,6620288
12:15:35,460340,batch_c_scan_6x7,18499604,45539080,6620284
12:15:36,460340,batch_c_scan_6x7,18499604,45539080,6620284
12:15:37,460340,batch_c_scan_6x7,18499604,45539080,6620284
12:15:38,460340,batch_c_scan_6x7,18499604,45539080,6620284
12:15:39,460340,batch_c_scan_6x7,18499604,45539080,6620284
12:15:40,460340,batch_c_scan_6x7,18499604,45539080,6620284
12:15:41,460340,batch_c_scan_6x7,18499604,45539080,6620284
12:15:42,460340,batch_c_scan_6x7,18499604,45539080,6620284
12:15:43,460340,batch_c_scan_6x7,18499604,45539080,6620284
12:15:44,460340,batch_c_scan_6x7,18499604,45539080,6620284
12:15:45,460340,batch_c_scan_6x7,18499612,45539080,6620276
12:15:46,460340,batch_c_scan_6x7,18499612,45539080,6620276
12:15:47,460340,batch_c_scan_6x7,18499624,45539080,6620264
12:15:48,460340,batch_c_scan_6x7,18499624,45539080,6620264
12:15:49,460340,batch_c_scan_6x7,18499624,45539080,6620264
12:15:50,460340,batch_c_scan_6x7,18499628,45539080,6620260
12:15:51,460340,batch_c_scan_6x7,18499628,45539080,6620260
12:15:52,460340,batch_c_scan_6x7,18499628,45539080,6620260
12:15:53,460340,batch_c_scan_6x7,18499628,45539080,6620260
12:15:54,460340,batch_c_scan_6x7,18499656,45539080,6620232
12:15:55,460340,batch_c_scan_6x7,18499656,45539080,6620232
12:15:56,460340,batch_c_scan_6x7,18499656,45539080,6620232
12:15:57,460340,batch_c_scan_6x7,18499656,45539080,6620232
12:15:58,460340,batch_c_scan_6x7,18499656,45539080,6620232
12:15:59,460340,batch_c_scan_6x7,18499656,45539080,6620232
12:16:00,460340,batch_c_scan_6x7,18499656,45539080,6620232
12:16:01,460340,batch_c_scan_6x7,18499656,45539080,6620232
12:16:02,460340,batch_c_scan_6x7,18499656,45539080,6620232
12:16:03,460340,batch_c_scan_6x7,18499656,45539080,6620232
12:16:04,460340,batch_c_scan_6x7,18499656,45539080,6620232
12:16:05,460340,batch_c_scan_6x7,18499668,45539080,6620220
12:16:06,460340,batch_c_scan_6x7,18499668,45539080,6620220
12:16:07,460340,batch_c_scan_6x7,18499784,45539080,6620104
12:16:08,460340,batch_c_scan_6x7,18499784,45539080,6620104
12:16:09,460340,batch_c_scan_6x7,18499800,45539080,6620088
12:16:10,460340,batch_c_scan_6x7,18499800,45539080,6620088
12:16:12,460340,batch_c_scan_6x7,18499800,45539080,6620088
12:16:13,460340,batch_c_scan_6x7,18499800,45539080,6620088
12:16:14,460340,batch_c_scan_6x7,18499800,45539080,6620088
12:16:15,460340,batch_c_scan_6x7,18499800,45539080,6620088
12:16:16,460340,batch_c_scan_6x7,18499800,45539080,6620088
12:16:17,460340,batch_c_scan_6x7,18499800,45539080,6620088
12:16:18,460340,batch_c_scan_6x7,18499812,45539080,6620076
12:16:19,460340,batch_c_scan_6x7,18499812,45539080,6620076
12:16:20,460340,batch_c_scan_6x7,18499812,45539080,6620076
12:16:21,460340,batch_c_scan_6x7,18499812,45539080,6620076
12:16:22,460340,batch_c_scan_6x7,18499812,45539080,6620076
12:16:23,460340,batch_c_scan_6x7,18499812,45539080,6620076
12:16:24,460340,batch_c_scan_6x7,18499812,45539080,6620076
12:16:25,460340,batch_c_scan_6x7,18499812,45539080,6620076
12:16:26,460340,batch_c_scan_6x7,18499812,45539080,6620076
12:16:27,460340,batch_c_scan_6x7,18499812,45539080,6620076
12:16:28,460340,batch_c_scan_6x7,18499812,45539080,6620076
12:16:29,460340,batch_c_scan_6x7,18499812,45539080,6620076
12:16:30,460340,batch_c_scan_6x7,18499812,45539080,6620076
12:16:31,460340,batch_c_scan_6x7,18499812,45539080,6620076
12:16:32,460340,batch_c_scan_6x7,18499812,45539080,6620076
12:16:33,460340,batch_c_scan_6x7,18499936,45539080,6619952
12:16:34,460340,batch_c_scan_6x7,18499936,45539080,6619952
12:16:35,460340,batch_c_scan_6x7,18499936,45539080,6619952
12:16:36,460340,batch_c_scan_6x7,18499936,45539080,6619952
12:16:37,460340,batch_c_scan_6x7,18499936,45539080,6619952
12:16:38,460340,batch_c_scan_6x7,18499936,45539080,6619952
12:16:39,460340,batch_c_scan_6x7,18499936,45539080,6619952
12:16:40,460340,batch_c_scan_6x7,18499936,45539080,6619952
12:16:41,460340,batch_c_scan_6x7,18499936,45539080,6619952
12:16:42,460340,batch_c_scan_6x7,18499968,45539080,6619920
12:16:43,460340,batch_c_scan_6x7,18499968,45539080,6619920
12:16:44,460340,batch_c_scan_6x7,18499968,45539080,6619920
12:16:45,460340,batch_c_scan_6x7,18499968,45539080,6619920
12:16:46,460340,batch_c_scan_6x7,18499968,45539080,6619920
12:16:47,460340,batch_c_scan_6x7,18499968,45539080,6619920
12:16:48,460340,batch_c_scan_6x7,18499968,45539080,6619920
12:16:49,460340,batch_c_scan_6x7,18499968,45539080,6619920
12:16:50,460340,batch_c_scan_6x7,18499968,45539080,6619920
12:16:51,460340,batch_c_scan_6x7,18499996,45539080,6619892
12:16:52,460340,batch_c_scan_6x7,18499996,45539080,6619892
12:16:53,460340,batch_c_scan_6x7,18499996,45539080,6619892
12:16:54,460340,batch_c_scan_6x7,18499996,45539080,6619892
12:16:55,460340,batch_c_scan_6x7,18499996,45539080,6619892
12:16:56,460340,batch_c_scan_6x7,18499996,45539080,6619892
12:16:57,460340,batch_c_scan_6x7,18499996,45539080,6619892
12:16:58,460340,batch_c_scan_6x7,18499996,45539080,6619892
12:16:59,460340,batch_c_scan_6x7,18499996,45539080,6619892
12:17:00,460340,batch_c_scan_6x7,18499996,45539080,6619892
12:17:01,460340,batch_c_scan_6x7,18499996,45539080,6619892
12:17:02,460340,batch_c_scan_6x7,18499996,45539080,6619892
12:17:03,460340,batch_c_scan_6x7,18500020,45539080,6619892
12:17:04,460340,batch_c_scan_6x7,18504140,45539080,6615748
12:17:06,460340,batch_c_scan_6x7,18504140,45539080,6615748
12:17:07,460340,batch_c_scan_6x7,18504152,45539080,6615736
12:17:08,460340,batch_c_scan_6x7,18504152,45539080,6615736
12:17:09,460340,batch_c_scan_6x7,18504156,45539080,6615732
12:17:10,460340,batch_c_scan_6x7,18504156,45539080,6615732
12:17:11,460340,batch_c_scan_6x7,18504156,45539080,6615732
12:17:12,460340,batch_c_scan_6x7,18504156,45539080,6615732
12:17:13,460340,batch_c_scan_6x7,18504156,45539080,6615732
12:17:14,460340,batch_c_scan_6x7,18504156,45539080,6615732
12:17:15,460340,batch_c_scan_6x7,18504156,45539080,6615732
12:17:16,460340,batch_c_scan_6x7,18504156,45539080,6615732
12:17:17,460340,batch_c_scan_6x7,18504156,45539080,6615732
12:17:18,460340,batch_c_scan_6x7,18504160,45539080,6615728
12:17:19,460340,batch_c_scan_6x7,18504184,45539080,6615728
12:17:20,460340,batch_c_scan_6x7,18504160,45539080,6615728
12:17:21,460340,batch_c_scan_6x7,18504160,45539080,6615728
12:17:22,460340,batch_c_scan_6x7,18504160,45539080,6615728
12:17:23,460340,batch_c_scan_6x7,18504160,45539080,6615728
12:17:24,460340,batch_c_scan_6x7,18504164,45539080,6615724
12:17:25,460340,batch_c_scan_6x7,18504164,45539080,6615724
12:17:26,460340,batch_c_scan_6x7,18504304,45539080,6615584
12:17:27,460340,batch_c_scan_6x7,18504304,45539080,6615584
12:17:28,460340,batch_c_scan_6x7,18504304,45539080,6615584
12:17:29,460340,batch_c_scan_6x7,18504304,45539080,6615584
12:17:30,460340,batch_c_scan_6x7,18504304,45539080,6615584
12:17:31,460340,batch_c_scan_6x7,18504304,45539080,6615584
12:17:32,460340,batch_c_scan_6x7,18504316,45539080,6615572
12:17:33,460340,batch_c_scan_6x7,18504316,45539080,6615572
12:17:34,460340,batch_c_scan_6x7,18504316,45539080,6615572
12:17:35,460340,batch_c_scan_6x7,18504320,45539080,6615568
12:17:36,460340,batch_c_scan_6x7,18504320,45539080,6615568
12:17:37,460340,batch_c_scan_6x7,18504320,45539080,6615568
12:17:38,460340,batch_c_scan_6x7,18504320,45539080,6615568
12:17:39,460340,batch_c_scan_6x7,18504320,45539080,6615568
12:17:40,460340,batch_c_scan_6x7,18504320,45539080,6615568
12:17:41,460340,batch_c_scan_6x7,18504320,45539080,6615568
12:17:42,460340,batch_c_scan_6x7,18504320,45539080,6615568
12:17:43,460340,batch_c_scan_6x7,18504328,45539080,6615560
12:17:44,460340,batch_c_scan_6x7,18504328,45539080,6615560
12:17:45,460340,batch_c_scan_6x7,18504328,45539080,6615560
12:17:46,460340,batch_c_scan_6x7,18504328,45539080,6615560
12:17:47,460340,batch_c_scan_6x7,18504352,45539080,6615560
12:17:48,460340,batch_c_scan_6x7,18504328,45539080,6615560
12:17:49,460340,batch_c_scan_6x7,18504328,45539080,6615560
12:17:50,460340,batch_c_scan_6x7,18504328,45539080,6615560
12:17:51,460340,batch_c_scan_6x7,18504328,45539080,6615560
12:17:52,460340,batch_c_scan_6x7,18504328,45539080,6615560
12:17:53,460340,batch_c_scan_6x7,18504328,45539080,6615560
12:17:54,460340,batch_c_scan_6x7,18504328,45539080,6615560
12:17:55,460340,batch_c_scan_6x7,18504328,45539080,6615560
12:17:56,460340,batch_c_scan_6x7,18504328,45539080,6615560
12:17:57,460340,batch_c_scan_6x7,18504328,45539080,6615560
12:17:58,460340,batch_c_scan_6x7,18504348,45539080,6615540
12:18:00,460340,batch_c_scan_6x7,18504348,45539080,6615540
12:18:01,460340,batch_c_scan_6x7,18504348,45539080,6615540
12:18:02,460340,batch_c_scan_6x7,18504348,45539080,6615540
12:18:03,460340,batch_c_scan_6x7,18504348,45539080,6615540
12:18:04,460340,batch_c_scan_6x7,18504348,45539080,6615540
12:18:05,460340,batch_c_scan_6x7,18504348,45539080,6615540
12:18:06,460340,batch_c_scan_6x7,18504368,45539080,6615520
12:18:07,460340,batch_c_scan_6x7,18504368,45539080,6615520
12:18:08,460340,batch_c_scan_6x7,18504368,45539080,6615520
12:18:09,460340,batch_c_scan_6x7,18504368,45539080,6615520
12:18:10,460340,batch_c_scan_6x7,18504368,45539080,6615520
12:18:11,460340,batch_c_scan_6x7,18504368,45539080,6615520
12:18:12,460340,batch_c_scan_6x7,18504368,45539080,6615520
12:18:13,460340,batch_c_scan_6x7,18504368,45539080,6615520
12:18:14,460340,batch_c_scan_6x7,18504368,45539080,6615520
12:18:15,460340,batch_c_scan_6x7,18504368,45539080,6615520
12:18:16,460340,batch_c_scan_6x7,18504368,45539080,6615520
12:18:17,460340,batch_c_scan_6x7,18504368,45539080,6615520
12:18:18,460340,batch_c_scan_6x7,18504384,45539080,6615504
12:18:19,460340,batch_c_scan_6x7,18504384,45539080,6615504
12:18:20,460340,batch_c_scan_6x7,18504388,45539080,6615500
12:18:21,460340,batch_c_scan_6x7,18504388,45539080,6615500
12:18:22,460340,batch_c_scan_6x7,18504388,45539080,6615500
12:18:23,460340,batch_c_scan_6x7,18504388,45539080,6615500
12:18:24,460340,batch_c_scan_6x7,18504388,45539080,6615500
12:18:25,460340,batch_c_scan_6x7,18504388,45539080,6615500
12:18:26,460340,batch_c_scan_6x7,18504388,45539080,6615500
12:18:27,460340,batch_c_scan_6x7,18504388,45539080,6615500
12:18:28,460340,batch_c_scan_6x7,18504388,45539080,6615500
12:18:29,460340,batch_c_scan_6x7,18504388,45539080,6615500
12:18:30,460340,batch_c_scan_6x7,18504388,45539080,6615500
12:18:31,460340,batch_c_scan_6x7,18504388,45539080,6615500
12:18:32,460340,batch_c_scan_6x7,18504388,45539080,6615500
12:18:33,460340,batch_c_scan_6x7,18504388,45539080,6615500
12:18:34,460340,batch_c_scan_6x7,18504388,45539080,6615500
12:18:35,460340,batch_c_scan_6x7,18504388,45539080,6615500
12:18:36,460340,batch_c_scan_6x7,18504388,45539080,6615500
12:18:37,460340,batch_c_scan_6x7,18504388,45539080,6615500
12:18:38,460340,batch_c_scan_6x7,18504388,45539080,6615500
12:18:39,460340,batch_c_scan_6x7,18504400,45539080,6615488
12:18:40,460340,batch_c_scan_6x7,18504400,45539080,6615488
12:18:41,460340,batch_c_scan_6x7,18504424,45539080,6615488
12:18:42,460340,batch_c_scan_6x7,18504400,45539080,6615488
12:18:43,460340,batch_c_scan_6x7,18504400,45539080,6615488
12:18:44,460340,batch_c_scan_6x7,18504400,45539080,6615488
12:18:45,460340,batch_c_scan_6x7,18504400,45539080,6615488
12:18:46,460340,batch_c_scan_6x7,18504420,45539080,6615468
12:18:47,460340,batch_c_scan_6x7,18504420,45539080,6615468
12:18:48,460340,batch_c_scan_6x7,18504472,45539080,6615416
12:18:49,460340,batch_c_scan_6x7,18504472,45539080,6615416
12:18:50,460340,batch_c_scan_6x7,18504472,45539080,6615416
12:18:51,460340,batch_c_scan_6x7,18504472,45539080,6615416
12:18:52,460340,batch_c_scan_6x7,18504472,45539080,6615416
12:18:54,460340,batch_c_scan_6x7,18504472,45539080,6615416
12:18:55,460340,batch_c_scan_6x7,18504476,45539080,6615412
12:18:56,460340,batch_c_scan_6x7,18504476,45539080,6615412
12:18:57,460340,batch_c_scan_6x7,18504476,45539080,6615412
12:18:58,460340,batch_c_scan_6x7,18504496,45539080,6615392
12:18:59,460340,batch_c_scan_6x7,18504496,45539080,6615392
12:19:00,460340,batch_c_scan_6x7,18504500,45539080,6615388
12:19:01,460340,batch_c_scan_6x7,18504500,45539080,6615388
12:19:02,460340,batch_c_scan_6x7,18504500,45539080,6615388
12:19:03,460340,batch_c_scan_6x7,18504500,45539080,6615388
12:19:04,460340,batch_c_scan_6x7,18504500,45539080,6615388
12:19:05,460340,batch_c_scan_6x7,18504500,45539080,6615388
12:19:06,460340,batch_c_scan_6x7,18504500,45539080,6615388
12:19:07,460340,batch_c_scan_6x7,18504500,45539080,6615388
12:19:08,460340,batch_c_scan_6x7,18504500,45539080,6615388
12:19:09,460340,batch_c_scan_6x7,18504500,45539080,6615388
12:19:10,460340,batch_c_scan_6x7,18504500,45539080,6615388
12:19:11,460340,batch_c_scan_6x7,18504500,45539080,6615388
12:19:12,460340,batch_c_scan_6x7,18504500,45539080,6615388
12:19:13,460340,batch_c_scan_6x7,18504524,45539080,6615364
12:19:14,460340,batch_c_scan_6x7,18504524,45539080,6615364
12:19:15,460340,batch_c_scan_6x7,18504524,45539080,6615364
12:19:16,460340,batch_c_scan_6x7,18504524,45539080,6615364
12:19:17,460340,batch_c_scan_6x7,18504524,45539080,6615364
12:19:18,460340,batch_c_scan_6x7,18504524,45539080,6615364
12:19:19,460340,batch_c_scan_6x7,18504524,45539080,6615364
12:19:20,460340,batch_c_scan_6x7,18504524,45539080,6615364
12:19:21,460340,batch_c_scan_6x7,18504536,45539080,6615352
12:19:22,460340,batch_c_scan_6x7,18504536,45539080,6615352
12:19:23,460340,batch_c_scan_6x7,18504536,45539080,6615352
12:19:24,460340,batch_c_scan_6x7,18504536,45539080,6615352
12:19:25,460340,batch_c_scan_6x7,18504536,45539080,6615352
12:19:26,460340,batch_c_scan_6x7,18504536,45539080,6615352
12:19:27,460340,batch_c_scan_6x7,18504536,45539080,6615352
12:19:28,460340,batch_c_scan_6x7,18504536,45539080,6615352
12:19:29,460340,batch_c_scan_6x7,18504536,45539080,6615352
12:19:30,460340,batch_c_scan_6x7,18504536,45539080,6615352
12:19:31,460340,batch_c_scan_6x7,18504536,45539080,6615352
12:19:32,460340,batch_c_scan_6x7,18504536,45539080,6615352
12:19:33,460340,batch_c_scan_6x7,18504536,45539080,6615352
12:19:34,460340,batch_c_scan_6x7,18504548,45539080,6615340
12:19:35,460340,batch_c_scan_6x7,18504548,45539080,6615340
12:19:36,460340,batch_c_scan_6x7,18504572,45539080,6615340
12:19:37,460340,batch_c_scan_6x7,18504548,45539080,6615340
12:19:38,460340,batch_c_scan_6x7,18504548,45539080,6615340
12:19:39,460340,batch_c_scan_6x7,18504588,45539080,6615300
12:19:40,460340,batch_c_scan_6x7,18504588,45539080,6615300
12:19:41,460340,batch_c_scan_6x7,18504608,45539080,6615280
12:19:42,460340,batch_c_scan_6x7,18504608,45539080,6615280
12:19:43,460340,batch_c_scan_6x7,18504608,45539080,6615280
12:19:44,460340,batch_c_scan_6x7,18504608,45539080,6615280
12:19:45,460340,batch_c_scan_6x7,18504608,45539080,6615280
12:19:46,460340,batch_c_scan_6x7,18504608,45539080,6615280
12:19:48,460340,batch_c_scan_6x7,18504608,45539080,6615280
12:19:49,460340,batch_c_scan_6x7,18504608,45539080,6615280
12:19:50,460340,batch_c_scan_6x7,18504632,45539080,6615280
12:19:51,460340,batch_c_scan_6x7,18504608,45539080,6615280
12:19:52,460340,batch_c_scan_6x7,18504608,45539080,6615280
12:19:53,460340,batch_c_scan_6x7,18504612,45539080,6615276
12:19:54,460340,batch_c_scan_6x7,18504612,45539080,6615276
12:19:55,460340,batch_c_scan_6x7,18504612,45539080,6615276
12:19:56,460340,batch_c_scan_6x7,18504612,45539080,6615276
12:19:57,460340,batch_c_scan_6x7,18504612,45539080,6615276
12:19:58,460340,batch_c_scan_6x7,18504612,45539080,6615276
12:19:59,460340,batch_c_scan_6x7,18504612,45539080,6615276
12:20:00,460340,batch_c_scan_6x7,18504612,45539080,6615276
12:20:01,460340,batch_c_scan_6x7,18504612,45539080,6615276
12:20:02,460340,batch_c_scan_6x7,18504612,45539080,6615276
12:20:03,460340,batch_c_scan_6x7,18504636,45539080,6615276
12:20:04,460340,batch_c_scan_6x7,18504612,45539080,6615276
12:20:05,460340,batch_c_scan_6x7,18504612,45539080,6615276
12:20:06,460340,batch_c_scan_6x7,18504612,45539080,6615276
12:20:07,460340,batch_c_scan_6x7,18504612,45539080,6615276
12:20:08,460340,batch_c_scan_6x7,18504652,45539080,6615236
12:20:09,460340,batch_c_scan_6x7,18504652,45539080,6615236
12:20:10,460340,batch_c_scan_6x7,18504684,45539080,6615204
12:20:11,460340,batch_c_scan_6x7,18504684,45539080,6615204
12:20:12,460340,batch_c_scan_6x7,18504684,45539080,6615204
12:20:13,460340,batch_c_scan_6x7,18504684,45539080,6615204
12:20:14,460340,batch_c_scan_6x7,18504684,45539080,6615204
12:20:15,460340,batch_c_scan_6x7,18504684,45539080,6615204
12:20:16,460340,batch_c_scan_6x7,18504708,45539080,6615204
12:20:17,460340,batch_c_scan_6x7,18504684,45539080,6615204
12:20:18,460340,batch_c_scan_6x7,18504684,45539080,6615204
12:20:19,460340,batch_c_scan_6x7,18504696,45539080,6615192
12:20:20,460340,batch_c_scan_6x7,18504696,45539080,6615192
12:20:21,460340,batch_c_scan_6x7,18504708,45539080,6615180
12:20:22,460340,batch_c_scan_6x7,18504708,45539080,6615180
12:20:23,460340,batch_c_scan_6x7,18504716,45539080,6615172
12:20:24,460340,batch_c_scan_6x7,18504716,45539080,6615172
12:20:25,460340,batch_c_scan_6x7,18504716,45539080,6615172
12:20:26,460340,batch_c_scan_6x7,18504716,45539080,6615172
12:20:27,460340,batch_c_scan_6x7,18504716,45539080,6615172
12:20:28,460340,batch_c_scan_6x7,18504716,45539080,6615172
12:20:29,460340,batch_c_scan_6x7,18504716,45539080,6615172
12:20:30,460340,batch_c_scan_6x7,18504716,45539080,6615172
12:20:31,460340,batch_c_scan_6x7,18504716,45539080,6615172
12:20:32,460340,batch_c_scan_6x7,18504716,45539080,6615172
12:20:33,460340,batch_c_scan_6x7,18504716,45539080,6615172
12:20:34,460340,batch_c_scan_6x7,18504716,45539080,6615172
12:20:35,460340,batch_c_scan_6x7,18504716,45539080,6615172
12:20:36,460340,batch_c_scan_6x7,18504716,45539080,6615172
12:20:37,460340,batch_c_scan_6x7,18504716,45539080,6615172
12:20:38,460340,batch_c_scan_6x7,18504732,45539080,6615156
12:20:39,460340,batch_c_scan_6x7,18504732,45539080,6615156
12:20:41,460340,batch_c_scan_6x7,18504732,45539080,6615156
12:20:42,460340,batch_c_scan_6x7,18504732,45539080,6615156
12:20:43,460340,batch_c_scan_6x7,18504732,45539080,6615156
12:20:44,460340,batch_c_scan_6x7,18504752,45539080,6615136
12:20:45,460340,batch_c_scan_6x7,18504752,45539080,6615136
12:20:46,460340,batch_c_scan_6x7,18504756,45539080,6615132
12:20:47,460340,batch_c_scan_6x7,18504756,45539080,6615132
12:20:48,460340,batch_c_scan_6x7,18504756,45539080,6615132
12:20:49,460340,batch_c_scan_6x7,18504756,45539080,6615132
12:20:50,460340,batch_c_scan_6x7,18504760,45539080,6615128
12:20:51,460340,batch_c_scan_6x7,18504760,45539080,6615128
12:20:52,460340,batch_c_scan_6x7,18504760,45539080,6615128
12:20:53,460340,batch_c_scan_6x7,18504760,45539080,6615128
12:20:54,460340,batch_c_scan_6x7,18504760,45539080,6615128
12:20:55,460340,batch_c_scan_6x7,18504760,45539080,6615128
12:20:56,460340,batch_c_scan_6x7,18504760,45539080,6615128
12:20:57,460340,batch_c_scan_6x7,18504772,45539080,6615116
12:20:58,460340,batch_c_scan_6x7,18504772,45539080,6615116
12:20:59,460340,batch_c_scan_6x7,18504772,45539080,6615116
12:21:00,460340,batch_c_scan_6x7,18504772,45539080,6615116
12:21:01,460340,batch_c_scan_6x7,18504772,45539080,6615116
12:21:02,460340,batch_c_scan_6x7,18504772,45539080,6615116
12:21:03,460340,batch_c_scan_6x7,18504792,45539080,6615096
12:21:04,460340,batch_c_scan_6x7,18504792,45539080,6615096
12:21:05,460340,batch_c_scan_6x7,18504792,45539080,6615096
12:21:06,460340,batch_c_scan_6x7,18504792,45539080,6615096
12:21:07,460340,batch_c_scan_6x7,18504816,45539080,6615096
12:21:08,460340,batch_c_scan_6x7,18504792,45539080,6615096
12:21:09,460340,batch_c_scan_6x7,18504792,45539080,6615096
12:21:10,460340,batch_c_scan_6x7,18504792,45539080,6615096
12:21:11,460340,batch_c_scan_6x7,18504792,45539080,6615096
12:21:12,460340,batch_c_scan_6x7,18504792,45539080,6615096
12:21:13,460340,batch_c_scan_6x7,18504792,45539080,6615096
12:21:14,460340,batch_c_scan_6x7,18504792,45539080,6615096
12:21:15,460340,batch_c_scan_6x7,18504792,45539080,6615096
12:21:16,460340,batch_c_scan_6x7,18504792,45539080,6615096
12:21:17,460340,batch_c_scan_6x7,18504792,45539080,6615096
12:21:18,460340,batch_c_scan_6x7,18504792,45539080,6615096
12:21:19,460340,batch_c_scan_6x7,18504792,45539080,6615096
12:21:20,460340,batch_c_scan_6x7,18504792,45539080,6615096
12:21:21,460340,batch_c_scan_6x7,18504812,45539080,6615076
12:21:22,460340,batch_c_scan_6x7,18504812,45539080,6615076
12:21:23,460340,batch_c_scan_6x7,18504812,45539080,6615076
12:21:24,460340,batch_c_scan_6x7,18504812,45539080,6615076
12:21:25,460340,batch_c_scan_6x7,18504812,45539080,6615076
12:21:26,460340,batch_c_scan_6x7,18504812,45539080,6615076
12:21:27,460340,batch_c_scan_6x7,18507468,45539080,6612420
12:21:28,460340,batch_c_scan_6x7,18507468,45539080,6612420
12:21:29,460340,batch_c_scan_6x7,18507488,45539080,6612400
12:21:30,460340,batch_c_scan_6x7,18507488,45539080,6612400
12:21:31,460340,batch_c_scan_6x7,18507496,45539080,6612392
12:21:32,460340,batch_c_scan_6x7,18507496,45539080,6612392
12:21:33,460340,batch_c_scan_6x7,18509972,45539080,6609916
12:21:35,460340,batch_c_scan_6x7,18509972,45539080,6609916
12:21:36,460340,batch_c_scan_6x7,18509976,45539080,6609912
12:21:37,460340,batch_c_scan_6x7,18509976,45539080,6609912
12:21:38,460340,batch_c_scan_6x7,18509976,45539080,6609912
12:21:39,460340,batch_c_scan_6x7,18509976,45539080,6609912
12:21:40,460340,batch_c_scan_6x7,18509976,45539080,6609912
12:21:41,460340,batch_c_scan_6x7,18509976,45539080,6609912
12:21:42,460340,batch_c_scan_6x7,18509976,45539080,6609912
12:21:43,460340,batch_c_scan_6x7,18512356,45539080,6607532
12:21:44,460340,batch_c_scan_6x7,18512356,45539080,6607532
12:21:45,460340,batch_c_scan_6x7,18512384,45539080,6607528
12:21:46,460340,batch_c_scan_6x7,18512360,45539080,6607528
12:21:47,460340,batch_c_scan_6x7,18512360,45539080,6607528
12:21:48,460340,batch_c_scan_6x7,18512360,45539080,6607528
12:21:49,460340,batch_c_scan_6x7,18512360,45539080,6607528
12:21:50,460340,batch_c_scan_6x7,18512380,45539080,6607508
12:21:51,460340,batch_c_scan_6x7,18512380,45539080,6607508
12:21:52,460340,batch_c_scan_6x7,18512380,45539080,6607508
12:21:53,460340,batch_c_scan_6x7,18512384,45539080,6607504
12:21:54,460340,batch_c_scan_6x7,18512384,45539080,6607504
12:21:55,460340,batch_c_scan_6x7,18512384,45539080,6607504
12:21:56,460340,batch_c_scan_6x7,18512388,45539080,6607500
12:21:57,460340,batch_c_scan_6x7,18512388,45539080,6607500
12:21:58,460340,batch_c_scan_6x7,18512388,45539080,6607500
12:21:59,460340,batch_c_scan_6x7,18512388,45539080,6607500
12:22:00,460340,batch_c_scan_6x7,18512392,45539080,6607496
12:22:01,460340,batch_c_scan_6x7,18512392,45539080,6607496
12:22:02,460340,batch_c_scan_6x7,18512392,45539080,6607496
12:22:03,460340,batch_c_scan_6x7,18512392,45539080,6607496
12:22:04,460340,batch_c_scan_6x7,18512392,45539080,6607496
12:22:05,460340,batch_c_scan_6x7,18512392,45539080,6607496
12:22:06,460340,batch_c_scan_6x7,18512392,45539080,6607496
12:22:07,460340,batch_c_scan_6x7,18512404,45539080,6607484
12:22:08,460340,batch_c_scan_6x7,18512404,45539080,6607484
12:22:09,460340,batch_c_scan_6x7,18512428,45539080,6607484
12:22:10,460340,batch_c_scan_6x7,18512412,45539080,6607476
12:22:11,460340,batch_c_scan_6x7,18512412,45539080,6607476
12:22:12,460340,batch_c_scan_6x7,18512416,45539080,6607472
12:22:13,460340,batch_c_scan_6x7,18512416,45539080,6607472
12:22:14,460340,batch_c_scan_6x7,18512420,45539080,6607468
12:22:15,460340,batch_c_scan_6x7,18512420,45539080,6607468
12:22:16,460340,batch_c_scan_6x7,18512420,45539080,6607468
12:22:17,460340,batch_c_scan_6x7,18512420,45539080,6607468
12:22:18,460340,batch_c_scan_6x7,18512448,45539080,6607440
12:22:19,460340,batch_c_scan_6x7,18512448,45539080,6607440
12:22:20,460340,batch_c_scan_6x7,18512448,45539080,6607440
12:22:21,460340,batch_c_scan_6x7,18512448,45539080,6607440
12:22:22,460340,batch_c_scan_6x7,18512448,45539080,6607440
12:22:23,460340,batch_c_scan_6x7,18512448,45539080,6607440
12:22:24,460340,batch_c_scan_6x7,18512448,45539080,6607440
12:22:25,460340,batch_c_scan_6x7,18512448,45539080,6607440
12:22:26,460340,batch_c_scan_6x7,18512448,45539080,6607440
12:22:28,460340,batch_c_scan_6x7,18512456,45539080,6607432
12:22:29,460340,batch_c_scan_6x7,18512456,45539080,6607432
12:22:30,460340,batch_c_scan_6x7,18512456,45539080,6607432
12:22:31,460340,batch_c_scan_6x7,18512456,45539080,6607432
12:22:32,460340,batch_c_scan_6x7,18512456,45539080,6607432
12:22:33,460340,batch_c_scan_6x7,18512456,45539080,6607432
12:22:34,460340,batch_c_scan_6x7,18512480,45539080,6607432
12:22:35,460340,batch_c_scan_6x7,18512456,45539080,6607432
12:22:36,460340,batch_c_scan_6x7,18512456,45539080,6607432
12:22:37,460340,batch_c_scan_6x7,18512464,45539080,6607424
12:22:38,460340,batch_c_scan_6x7,18512464,45539080,6607424
12:22:39,460340,batch_c_scan_6x7,18512464,45539080,6607424
12:22:40,460340,batch_c_scan_6x7,18512464,45539080,6607424
12:22:41,460340,batch_c_scan_6x7,18512532,45539080,6607356
12:22:42,460340,batch_c_scan_6x7,18512532,45539080,6607356
12:22:43,460340,batch_c_scan_6x7,18512532,45539080,6607356
12:22:44,460340,batch_c_scan_6x7,18512532,45539080,6607356
12:22:45,460340,batch_c_scan_6x7,18512532,45539080,6607356
12:22:46,460340,batch_c_scan_6x7,18512532,45539080,6607356
12:22:47,460340,batch_c_scan_6x7,18512532,45539080,6607356
12:22:48,460340,batch_c_scan_6x7,18512564,45539080,6607324
12:22:49,460340,batch_c_scan_6x7,18512564,45539080,6607324
12:22:50,460340,batch_c_scan_6x7,18512564,45539080,6607324
12:22:51,460340,batch_c_scan_6x7,18512568,45539080,6607320
12:22:52,460340,batch_c_scan_6x7,18512572,45539080,6607316
12:22:53,460340,batch_c_scan_6x7,18512572,45539080,6607316
12:22:54,460340,batch_c_scan_6x7,18512588,45539080,6607300
12:22:55,460340,batch_c_scan_6x7,18512588,45539080,6607300
12:22:56,460340,batch_c_scan_6x7,18512592,45539080,6607296
12:22:57,460340,batch_c_scan_6x7,18512592,45539080,6607296
12:22:58,460340,batch_c_scan_6x7,18512592,45539080,6607296
12:22:59,460340,batch_c_scan_6x7,18512608,45539080,6607280
12:23:00,460340,batch_c_scan_6x7,18512612,45539080,6607276
12:23:01,460340,batch_c_scan_6x7,18512612,45539080,6607276
12:23:02,460340,batch_c_scan_6x7,18512612,45539080,6607276
12:23:03,460340,batch_c_scan_6x7,18512616,45539080,6607272
12:23:04,460340,batch_c_scan_6x7,18512616,45539080,6607272
12:23:05,460340,batch_c_scan_6x7,18512620,45539080,6607268
12:23:06,460340,batch_c_scan_6x7,18512624,45539080,6607264
12:23:07,460340,batch_c_scan_6x7,18512624,45539080,6607264
12:23:08,460340,batch_c_scan_6x7,18512624,45539080,6607264
12:23:09,460340,batch_c_scan_6x7,18512648,45539080,6607264
12:23:10,460340,batch_c_scan_6x7,18512636,45539080,6607252
12:23:11,460340,batch_c_scan_6x7,18512636,45539080,6607252
12:23:12,460340,batch_c_scan_6x7,18512680,45539080,6607208
12:23:13,460340,batch_c_scan_6x7,18512680,45539080,6607208
12:23:14,460340,batch_c_scan_6x7,18512684,45539080,6607204
12:23:15,460340,batch_c_scan_6x7,18512688,45539080,6607200
12:23:16,460340,batch_c_scan_6x7,18512704,45539080,6607184
12:23:17,460340,batch_c_scan_6x7,18512704,45539080,6607184
12:23:18,460340,batch_c_scan_6x7,18512704,45539080,6607184
12:23:19,460340,batch_c_scan_6x7,18512704,45539080,6607184
12:23:20,460340,batch_c_scan_6x7,18512712,45539080,6607176
12:23:22,460340,batch_c_scan_6x7,18512712,45539080,6607176
12:23:23,460340,batch_c_scan_6x7,18512712,45539080,6607176
12:23:24,460340,batch_c_scan_6x7,18512736,45539080,6607152
12:23:25,460340,batch_c_scan_6x7,18512740,45539080,6607148
12:23:26,460340,batch_c_scan_6x7,18512740,45539080,6607148
12:23:27,460340,batch_c_scan_6x7,18512740,45539080,6607148
12:23:28,460340,batch_c_scan_6x7,18512748,45539080,6607140
12:23:29,460340,batch_c_scan_6x7,18512748,45539080,6607140
12:23:30,460340,batch_c_scan_6x7,18512760,45539080,6607128
12:23:31,460340,batch_c_scan_6x7,18512760,45539080,6607128
12:23:32,460340,batch_c_scan_6x7,18512760,45539080,6607128
12:23:33,460340,batch_c_scan_6x7,18512760,45539080,6607128
12:23:34,460340,batch_c_scan_6x7,18512764,45539080,6607124
12:23:35,460340,batch_c_scan_6x7,18512780,45539080,6607108
12:23:36,460340,batch_c_scan_6x7,18512780,45539080,6607108
12:23:37,460340,batch_c_scan_6x7,18512780,45539080,6607108
12:23:38,460340,batch_c_scan_6x7,18512780,45539080,6607108
12:23:39,460340,batch_c_scan_6x7,18512792,45539080,6607096
12:23:40,460340,batch_c_scan_6x7,18512796,45539080,6607092
12:23:41,460340,batch_c_scan_6x7,18512800,45539080,6607088
12:23:42,460340,batch_c_scan_6x7,18512800,45539080,6607088
12:23:43,460340,batch_c_scan_6x7,18512804,45539080,6607084
12:23:44,460340,batch_c_scan_6x7,18512804,45539080,6607084
12:23:45,460340,batch_c_scan_6x7,18512828,45539080,6607084
12:23:46,460340,batch_c_scan_6x7,18512804,45539080,6607084
12:23:47,460340,batch_c_scan_6x7,18512804,45539080,6607084
12:23:48,460340,batch_c_scan_6x7,18512812,45539080,6607076
12:23:49,460340,batch_c_scan_6x7,18512812,45539080,6607076
12:23:50,460340,batch_c_scan_6x7,18512840,45539080,6607048
12:23:51,460340,batch_c_scan_6x7,18512840,45539080,6607048
12:23:52,460340,batch_c_scan_6x7,18512840,45539080,6607048
12:23:53,460340,batch_c_scan_6x7,18512840,45539080,6607048
12:23:54,460340,batch_c_scan_6x7,18512848,45539080,6607040
12:23:55,460340,batch_c_scan_6x7,18512848,45539080,6607040
12:23:56,460340,batch_c_scan_6x7,18512872,45539080,6607040
12:23:57,460340,batch_c_scan_6x7,18512848,45539080,6607040
12:23:58,460340,batch_c_scan_6x7,18512848,45539080,6607040
12:23:59,460340,batch_c_scan_6x7,18512856,45539080,6607032
12:24:00,460340,batch_c_scan_6x7,18512856,45539080,6607032
12:24:01,460340,batch_c_scan_6x7,18512872,45539080,6607016
12:24:02,460340,batch_c_scan_6x7,18512872,45539080,6607016
12:24:03,460340,batch_c_scan_6x7,18512880,45539080,6607008
12:24:04,460340,batch_c_scan_6x7,18512880,45539080,6607008
12:24:05,460340,batch_c_scan_6x7,18512880,45539080,6607008
12:24:06,460340,batch_c_scan_6x7,18512880,45539080,6607008
12:24:07,460340,batch_c_scan_6x7,18512904,45539080,6607008
12:24:08,460340,batch_c_scan_6x7,18512880,45539080,6607008
12:24:09,460340,batch_c_scan_6x7,18512880,45539080,6607008
12:24:10,460340,batch_c_scan_6x7,18512880,45539080,6607008
12:24:11,460340,batch_c_scan_6x7,18512880,45539080,6607008
12:24:12,460340,batch_c_scan_6x7,18512892,45539080,6606996
12:24:13,460340,batch_c_scan_6x7,18512892,45539080,6606996
12:24:14,460340,batch_c_scan_6x7,18512908,45539080,6606980
12:24:16,460340,batch_c_scan_6x7,18512908,45539080,6606980
12:24:17,460340,batch_c_scan_6x7,18512908,45539080,6606980
12:24:18,460340,batch_c_scan_6x7,18512908,45539080,6606980
12:24:19,460340,batch_c_scan_6x7,18512924,45539080,6606964
12:24:20,460340,batch_c_scan_6x7,18512924,45539080,6606964
12:24:21,460340,batch_c_scan_6x7,18512924,45539080,6606964
12:24:22,460340,batch_c_scan_6x7,18512924,45539080,6606964
12:24:23,460340,batch_c_scan_6x7,18512924,45539080,6606964
12:24:24,460340,batch_c_scan_6x7,18512924,45539080,6606964
12:24:25,460340,batch_c_scan_6x7,18512924,45539080,6606964
12:24:26,460340,batch_c_scan_6x7,18512924,45539080,6606964
12:24:27,460340,batch_c_scan_6x7,18512924,45539080,6606964
12:24:28,460340,batch_c_scan_6x7,18512940,45539080,6606948
12:24:29,460340,batch_c_scan_6x7,18512940,45539080,6606948
12:24:30,460340,batch_c_scan_6x7,18512940,45539080,6606948
12:24:31,460340,batch_c_scan_6x7,18512940,45539080,6606948
12:24:32,460340,batch_c_scan_6x7,18512944,45539080,6606944
12:24:33,460340,batch_c_scan_6x7,18512944,45539080,6606944
12:24:34,460340,batch_c_scan_6x7,18512944,45539080,6606944
12:24:35,460340,batch_c_scan_6x7,18512944,45539080,6606944
12:24:36,460340,batch_c_scan_6x7,18512944,45539080,6606944
12:24:37,460340,batch_c_scan_6x7,18512944,45539080,6606944
12:24:38,460340,batch_c_scan_6x7,18512948,45539080,6606940
12:24:39,460340,batch_c_scan_6x7,18512968,45539080,6606920
12:24:40,460340,batch_c_scan_6x7,18512968,45539080,6606920
12:24:41,460340,batch_c_scan_6x7,18512968,45539080,6606920
12:24:42,460340,batch_c_scan_6x7,18512968,45539080,6606920
12:24:43,460340,batch_c_scan_6x7,18512968,45539080,6606920
12:24:44,460340,batch_c_scan_6x7,18512984,45539080,6606904
12:24:45,460340,batch_c_scan_6x7,18512984,45539080,6606904
12:24:46,460340,batch_c_scan_6x7,18512984,45539080,6606904
12:24:47,460340,batch_c_scan_6x7,18512988,45539080,6606900
12:24:48,460340,batch_c_scan_6x7,18512992,45539080,6606896
12:24:49,460340,batch_c_scan_6x7,18512992,45539080,6606896
12:24:50,460340,batch_c_scan_6x7,18512992,45539080,6606896
12:24:51,460340,batch_c_scan_6x7,18512992,45539080,6606896
12:24:52,460340,batch_c_scan_6x7,18512992,45539080,6606896
12:24:53,460340,batch_c_scan_6x7,18512992,45539080,6606896
12:24:54,460340,batch_c_scan_6x7,18512992,45539080,6606896
12:24:55,460340,batch_c_scan_6x7,18512992,45539080,6606896
12:24:56,460340,batch_c_scan_6x7,18512996,45539080,6606892
12:24:57,460340,batch_c_scan_6x7,18513032,45539080,6606856
12:24:58,460340,batch_c_scan_6x7,18513032,45539080,6606856
12:24:59,460340,batch_c_scan_6x7,18513032,45539080,6606856
12:25:00,460340,batch_c_scan_6x7,18513032,45539080,6606856
12:25:01,460340,batch_c_scan_6x7,18513032,45539080,6606856
12:25:02,460340,batch_c_scan_6x7,18513032,45539080,6606856
12:25:03,460340,batch_c_scan_6x7,18513032,45539080,6606856
12:25:04,460340,batch_c_scan_6x7,18513032,45539080,6606856
12:25:05,460340,batch_c_scan_6x7,18513036,45539080,6606852
12:25:06,460340,batch_c_scan_6x7,18513036,45539080,6606852
12:25:07,460340,batch_c_scan_6x7,18513036,45539080,6606852
12:25:09,460340,batch_c_scan_6x7,18513036,45539080,6606852
12:25:10,460340,batch_c_scan_6x7,18513036,45539080,6606852
12:25:11,460340,batch_c_scan_6x7,18513036,45539080,6606852
12:25:12,460340,batch_c_scan_6x7,18513040,45539080,6606848
12:25:13,460340,batch_c_scan_6x7,18513040,45539080,6606848
12:25:14,460340,batch_c_scan_6x7,18513040,45539080,6606848
12:25:15,460340,batch_c_scan_6x7,18513040,45539080,6606848
12:25:16,460340,batch_c_scan_6x7,18513664,45539080,6606224
12:25:17,460340,batch_c_scan_6x7,18513664,45539080,6606224
12:25:18,460340,batch_c_scan_6x7,18516064,45539080,6603824
12:25:29,588107,batch_c_scan_7x6,101704,101824,0
12:25:30,588107,batch_c_scan_7x6,139220,153828,0
12:25:31,588107,batch_c_scan_7x6,139220,153828,0
12:25:32,588107,batch_c_scan_7x6,139220,153828,0
12:25:33,588107,batch_c_scan_7x6,139220,153828,0
12:25:34,588107,batch_c_scan_7x6,139220,153828,0
12:25:35,588107,batch_c_scan_7x6,139220,153828,0
12:25:36,588107,batch_c_scan_7x6,139220,153828,0
12:25:37,588107,batch_c_scan_7x6,139220,153828,0
12:25:38,588107,batch_c_scan_7x6,139220,153828,0
12:25:39,588107,batch_c_scan_7x6,139220,153828,0
12:25:40,588107,batch_c_scan_7x6,139220,153828,0
12:25:41,588107,batch_c_scan_7x6,427372,428296,0
12:25:42,588107,batch_c_scan_7x6,782116,782500,0
12:25:43,588107,batch_c_scan_7x6,1095968,1095968,0
12:25:44,588107,batch_c_scan_7x6,1313184,1313524,0
12:25:45,588107,batch_c_scan_7x6,1547660,1548036,0
12:25:46,588107,batch_c_scan_7x6,1714916,1714916,0
12:25:47,588107,batch_c_scan_7x6,1717292,1717292,0
12:25:48,588107,batch_c_scan_7x6,1719184,1719184,0
12:25:49,588107,batch_c_scan_7x6,1726000,1726000,0
12:25:50,588107,batch_c_scan_7x6,1750152,1750152,0
12:25:51,588107,batch_c_scan_7x6,1761676,1761676,0
12:25:52,588107,batch_c_scan_7x6,1773880,1773880,0
12:25:53,588107,batch_c_scan_7x6,1785996,1785996,0
12:25:54,588107,batch_c_scan_7x6,1797644,1797644,0
12:25:55,588107,batch_c_scan_7x6,1809412,1809424,0
12:25:56,588107,batch_c_scan_7x6,1821328,1821344,0
12:25:57,588107,batch_c_scan_7x6,1833392,1833392,0
12:25:58,588107,batch_c_scan_7x6,1844916,1844928,0
12:25:59,588107,batch_c_scan_7x6,2067136,2199364,0
12:26:00,588107,batch_c_scan_7x6,2130300,2199364,0
12:26:01,588107,batch_c_scan_7x6,2130300,2199364,0
12:26:02,588107,batch_c_scan_7x6,2410508,2411008,0
12:26:03,588107,batch_c_scan_7x6,2773040,2773300,0
12:26:04,588107,batch_c_scan_7x6,3047032,3047032,0
12:26:06,588107,batch_c_scan_7x6,3384300,3384556,0
12:26:07,588107,batch_c_scan_7x6,3626080,3626164,0
12:26:08,588107,batch_c_scan_7x6,3632896,3632896,0
12:26:09,588107,batch_c_scan_7x6,3635260,3635272,0
12:26:10,588107,batch_c_scan_7x6,3636252,3636252,0
12:26:11,588107,batch_c_scan_7x6,3927152,3927152,0
12:26:12,588107,batch_c_scan_7x6,4392868,4392868,0
12:26:13,588107,batch_c_scan_7x6,4392904,4392904,0
12:26:14,588107,batch_c_scan_7x6,4392904,4392904,0
12:26:15,588107,batch_c_scan_7x6,4392904,4392904,0
12:26:16,588107,batch_c_scan_7x6,4392904,4392904,0
12:26:17,588107,batch_c_scan_7x6,4392904,4392904,0
12:26:18,588107,batch_c_scan_7x6,4392904,4392904,0
12:26:19,588107,batch_c_scan_7x6,4392904,4392904,0
12:26:20,588107,batch_c_scan_7x6,4339500,4390688,0
12:26:21,588107,batch_c_scan_7x6,4790656,4790656,0
12:26:22,588107,batch_c_scan_7x6,4939224,4940872,0
12:26:23,588107,batch_c_scan_7x6,6180160,6211616,0
12:26:24,588107,batch_c_scan_7x6,7383828,7385080,0
12:26:25,588107,batch_c_scan_7x6,8547920,8549180,0
12:26:26,588107,batch_c_scan_7x6,9112808,9112808,0
12:26:27,588107,batch_c_scan_7x6,9315824,9904648,0
12:26:28,588107,batch_c_scan_7x6,9439044,9904648,0
12:26:29,588107,batch_c_scan_7x6,9849384,9904648,0
12:26:30,588107,batch_c_scan_7x6,10864092,10864092,0
12:26:31,588107,batch_c_scan_7x6,10864092,10864092,0
12:26:32,588107,batch_c_scan_7x6,10870436,10870436,0
12:26:33,588107,batch_c_scan_7x6,10928708,10928712,0
12:26:34,588107,batch_c_scan_7x6,10964104,10991388,0
12:26:35,588107,batch_c_scan_7x6,11029188,11129900,0
12:26:36,588107,batch_c_scan_7x6,11067132,11129900,0
12:26:37,588107,batch_c_scan_7x6,11105160,11129900,0
12:26:38,588107,batch_c_scan_7x6,11138688,11139032,0
12:26:39,588107,batch_c_scan_7x6,11173280,11387308,0
12:26:40,588107,batch_c_scan_7x6,11221564,11387308,0
12:26:41,588107,batch_c_scan_7x6,11298380,11387308,0
12:26:42,588107,batch_c_scan_7x6,10455904,11387308,0
12:26:43,588107,batch_c_scan_7x6,10302652,11387308,0
12:26:44,588107,batch_c_scan_7x6,11174516,11387308,0
12:26:45,588107,batch_c_scan_7x6,11980816,12003200,0
12:26:46,588107,batch_c_scan_7x6,12656980,12657812,0
12:26:47,588107,batch_c_scan_7x6,13487528,13490892,0
12:26:48,588107,batch_c_scan_7x6,14025332,14030672,0
12:26:49,588107,batch_c_scan_7x6,14543972,14543972,0
12:26:50,588107,batch_c_scan_7x6,14543972,14543972,0
12:26:51,588107,batch_c_scan_7x6,14799868,14832980,0
12:26:52,588107,batch_c_scan_7x6,14652408,14832980,0
12:26:53,588107,batch_c_scan_7x6,13866204,14849792,0
12:26:54,588107,batch_c_scan_7x6,11718176,14849792,0
12:26:55,588107,batch_c_scan_7x6,11749020,14849792,0
12:26:56,588107,batch_c_scan_7x6,11749020,14849792,0
12:26:57,588107,batch_c_scan_7x6,11749020,14849792,0
12:26:59,588107,batch_c_scan_7x6,11763092,14849792,0
12:27:00,588107,batch_c_scan_7x6,11763092,14849792,0
12:27:01,588107,batch_c_scan_7x6,11764052,14849792,0
12:27:02,588107,batch_c_scan_7x6,11865488,14849792,0
12:27:03,588107,batch_c_scan_7x6,12042956,14849792,0
12:27:04,588107,batch_c_scan_7x6,12015508,14849792,0
12:27:05,588107,batch_c_scan_7x6,12244844,14849792,0
12:27:06,588107,batch_c_scan_7x6,12376524,14849792,0
12:27:07,588107,batch_c_scan_7x6,12376524,14849792,0
12:27:08,588107,batch_c_scan_7x6,12376524,14849792,0
12:27:09,588107,batch_c_scan_7x6,12376524,14849792,0
12:27:10,588107,batch_c_scan_7x6,12376524,14849792,0
12:27:11,588107,batch_c_scan_7x6,12376524,14849792,0
12:27:12,588107,batch_c_scan_7x6,12376524,14849792,0
12:27:13,588107,batch_c_scan_7x6,12464880,14849792,0
12:27:14,588107,batch_c_scan_7x6,12582688,14849792,0
12:27:15,588107,batch_c_scan_7x6,12435424,14849792,0
12:27:16,588107,batch_c_scan_7x6,12665092,14849792,0
12:27:17,588107,batch_c_scan_7x6,12370180,14849792,0
12:27:18,588107,batch_c_scan_7x6,12779880,14849792,0
12:27:19,588107,batch_c_scan_7x6,13214948,14849792,0
12:27:20,588107,batch_c_scan_7x6,13019376,14849792,0
12:27:21,588107,batch_c_scan_7x6,13019376,14849792,0
12:27:22,588107,batch_c_scan_7x6,13019376,14849792,0
12:27:23,588107,batch_c_scan_7x6,13019376,14849792,0
12:27:24,588107,batch_c_scan_7x6,13019376,14849792,0
12:27:25,588107,batch_c_scan_7x6,13019376,14849792,0
12:27:26,588107,batch_c_scan_7x6,13019376,14849792,0
12:27:27,588107,batch_c_scan_7x6,13019376,14849792,0
12:27:28,588107,batch_c_scan_7x6,13019376,14849792,0
12:27:29,588107,batch_c_scan_7x6,13019376,14849792,0
12:27:30,588107,batch_c_scan_7x6,13019376,14849792,0
12:27:31,588107,batch_c_scan_7x6,13019376,14849792,0
12:27:32,588107,batch_c_scan_7x6,13019376,14849792,0
12:27:33,588107,batch_c_scan_7x6,13019376,14849792,0
12:27:34,588107,batch_c_scan_7x6,13019376,14849792,0
12:27:35,588107,batch_c_scan_7x6,13019376,14849792,0
12:27:36,588107,batch_c_scan_7x6,13019376,14849792,0
12:27:37,588107,batch_c_scan_7x6,13019376,14849792,0
12:27:38,588107,batch_c_scan_7x6,13019376,14849792,0
12:27:39,588107,batch_c_scan_7x6,13019376,14849792,0
12:27:40,588107,batch_c_scan_7x6,13019376,14849792,0
12:27:41,588107,batch_c_scan_7x6,13019376,14849792,0
12:27:42,588107,batch_c_scan_7x6,13019376,14849792,0
12:27:43,588107,batch_c_scan_7x6,13019376,14849792,0
12:27:44,588107,batch_c_scan_7x6,13019376,14849792,0
12:27:45,588107,batch_c_scan_7x6,13019376,14849792,0
12:27:46,588107,batch_c_scan_7x6,13019376,14849792,0
12:27:47,588107,batch_c_scan_7x6,13019376,14849792,0
12:27:48,588107,batch_c_scan_7x6,13019376,14849792,0
12:27:49,588107,batch_c_scan_7x6,13019376,14849792,0
12:27:50,588107,batch_c_scan_7x6,13019376,14849792,0
12:27:51,588107,batch_c_scan_7x6,13019376,14849792,0
12:27:53,588107,batch_c_scan_7x6,13019376,14849792,0
12:27:54,588107,batch_c_scan_7x6,13019376,14849792,0
12:27:55,588107,batch_c_scan_7x6,13019376,14849792,0
12:27:56,588107,batch_c_scan_7x6,13019376,14849792,0
12:27:57,588107,batch_c_scan_7x6,13019376,14849792,0
12:27:58,588107,batch_c_scan_7x6,13019376,14849792,0
12:27:59,588107,batch_c_scan_7x6,13019376,14849792,0
12:28:00,588107,batch_c_scan_7x6,13019376,14849792,0
12:28:01,588107,batch_c_scan_7x6,13019376,14849792,0
12:28:02,588107,batch_c_scan_7x6,13019376,14849792,0
12:28:03,588107,batch_c_scan_7x6,13019376,14849792,0
12:28:04,588107,batch_c_scan_7x6,13019376,14849792,0
12:28:05,588107,batch_c_scan_7x6,13019376,14849792,0
12:28:06,588107,batch_c_scan_7x6,13019376,14849792,0
12:28:07,588107,batch_c_scan_7x6,13019376,14849792,0
12:28:08,588107,batch_c_scan_7x6,13019376,14849792,0
12:28:09,588107,batch_c_scan_7x6,13019376,14849792,0
12:28:10,588107,batch_c_scan_7x6,13019376,14849792,0
12:28:11,588107,batch_c_scan_7x6,13019376,14849792,0
12:28:12,588107,batch_c_scan_7x6,13019376,14849792,0
12:28:13,588107,batch_c_scan_7x6,13019376,14849792,0
12:28:14,588107,batch_c_scan_7x6,13019376,14849792,0
12:28:15,588107,batch_c_scan_7x6,13019376,14849792,0
12:28:16,588107,batch_c_scan_7x6,13019376,14849792,0
12:28:17,588107,batch_c_scan_7x6,13019376,14849792,0
12:28:18,588107,batch_c_scan_7x6,13019376,14849792,0
12:28:19,588107,batch_c_scan_7x6,13019376,14849792,0
12:28:20,588107,batch_c_scan_7x6,13019376,14849792,0
12:28:21,588107,batch_c_scan_7x6,13019376,14849792,0
12:28:22,588107,batch_c_scan_7x6,13019376,14849792,0
12:28:23,588107,batch_c_scan_7x6,13019376,14849792,0
12:28:24,588107,batch_c_scan_7x6,13019376,14849792,0
12:28:25,588107,batch_c_scan_7x6,13019376,14849792,0
12:28:26,588107,batch_c_scan_7x6,13019376,14849792,0
12:28:27,588107,batch_c_scan_7x6,13019376,14849792,0
12:28:28,588107,batch_c_scan_7x6,13019376,14849792,0
12:28:29,588107,batch_c_scan_7x6,13019376,14849792,0
12:28:30,588107,batch_c_scan_7x6,13019376,14849792,0
12:28:31,588107,batch_c_scan_7x6,13019376,14849792,0
12:28:32,588107,batch_c_scan_7x6,13019376,14849792,0
12:28:33,588107,batch_c_scan_7x6,13019376,14849792,0
12:28:34,588107,batch_c_scan_7x6,13019376,14849792,0
12:28:35,588107,batch_c_scan_7x6,13019376,14849792,0
12:28:36,588107,batch_c_scan_7x6,13019376,14849792,0
12:28:37,588107,batch_c_scan_7x6,13019376,14849792,0
12:28:38,588107,batch_c_scan_7x6,13019376,14849792,0
12:28:39,588107,batch_c_scan_7x6,13019376,14849792,0
12:28:40,588107,batch_c_scan_7x6,13019376,14849792,0
12:28:41,588107,batch_c_scan_7x6,13019376,14849792,0
12:28:42,588107,batch_c_scan_7x6,13019376,14849792,0
12:28:43,588107,batch_c_scan_7x6,13019376,14849792,0
12:28:44,588107,batch_c_scan_7x6,13019376,14849792,0
12:28:45,588107,batch_c_scan_7x6,13019376,14849792,0
12:28:46,588107,batch_c_scan_7x6,13019376,14849792,0
12:28:48,588107,batch_c_scan_7x6,12529756,14849792,0
12:28:49,588107,batch_c_scan_7x6,12529756,14849792,0
12:28:50,588107,batch_c_scan_7x6,12641216,14849792,0
12:28:51,588107,batch_c_scan_7x6,13159200,14849792,0
12:28:52,588107,batch_c_scan_7x6,13159200,14849792,0
12:28:53,588107,batch_c_scan_7x6,13159200,14849792,0
12:28:54,588107,batch_c_scan_7x6,13159200,14849792,0
12:28:55,588107,batch_c_scan_7x6,13159200,14849792,0
12:28:56,588107,batch_c_scan_7x6,13159200,14849792,0
12:28:57,588107,batch_c_scan_7x6,13159200,14849792,0
12:28:58,588107,batch_c_scan_7x6,13159200,14849792,0
12:28:59,588107,batch_c_scan_7x6,13159200,14849792,0
12:29:00,588107,batch_c_scan_7x6,13159200,14849792,0
12:29:01,588107,batch_c_scan_7x6,13247552,14849792,0
12:29:02,588107,batch_c_scan_7x6,13394736,14849792,0
12:29:03,588107,batch_c_scan_7x6,13218100,14849792,0
12:29:04,588107,batch_c_scan_7x6,13218100,14849792,0
12:29:05,588107,batch_c_scan_7x6,13218100,14849792,0
12:29:06,588107,batch_c_scan_7x6,13218100,14849792,0
12:29:07,588107,batch_c_scan_7x6,13218100,14849792,0
12:29:08,588107,batch_c_scan_7x6,13218100,14849792,0
12:29:09,588107,batch_c_scan_7x6,13218100,14849792,0
12:29:10,588107,batch_c_scan_7x6,13218100,14849792,0
12:29:11,588107,batch_c_scan_7x6,13218100,14849792,0
12:29:12,588107,batch_c_scan_7x6,13247548,14849792,0
12:29:13,588107,batch_c_scan_7x6,13336040,14849792,0
12:29:14,588107,batch_c_scan_7x6,13335908,14849792,0
12:29:15,588107,batch_c_scan_7x6,13513016,14849792,0
12:29:16,588107,batch_c_scan_7x6,13374424,14849792,0
12:29:17,588107,batch_c_scan_7x6,13707908,14849792,0
12:29:18,588107,batch_c_scan_7x6,14787256,14849792,0
12:29:19,588107,batch_c_scan_7x6,15118288,15118288,0
12:29:20,588107,batch_c_scan_7x6,15118288,15118288,0
12:29:21,588107,batch_c_scan_7x6,15216112,15241456,0
12:29:22,588107,batch_c_scan_7x6,15569808,15575316,0
12:29:23,588107,batch_c_scan_7x6,15576876,15658792,0
12:29:24,588107,batch_c_scan_7x6,13974884,15663080,0
12:29:25,588107,batch_c_scan_7x6,14501360,15663080,0
12:29:26,588107,batch_c_scan_7x6,15254804,15663080,0
12:29:27,588107,batch_c_scan_7x6,15622548,16143468,0
12:29:28,588107,batch_c_scan_7x6,15658420,16143468,0
12:29:29,588107,batch_c_scan_7x6,16616824,16617316,0
12:29:30,588107,batch_c_scan_7x6,17141176,17376192,0
12:29:31,588107,batch_c_scan_7x6,17734240,17738376,0
12:29:32,588107,batch_c_scan_7x6,18398372,18427300,0
12:29:33,588107,batch_c_scan_7x6,18608592,18608592,0
12:29:34,588107,batch_c_scan_7x6,18654212,18654336,0
12:29:35,588107,batch_c_scan_7x6,18995048,18995048,0
12:29:36,588107,batch_c_scan_7x6,18831120,18993016,0
12:29:37,588107,batch_c_scan_7x6,15807656,18993016,0
12:29:38,588107,batch_c_scan_7x6,15807656,18993016,0
12:29:39,588107,batch_c_scan_7x6,15807656,18993016,0
12:29:41,588107,batch_c_scan_7x6,15807704,18993016,0
12:29:42,588107,batch_c_scan_7x6,15807704,18993016,0
12:29:43,588107,batch_c_scan_7x6,15807704,18993016,0
12:29:44,588107,batch_c_scan_7x6,15807704,18993016,0
12:29:45,588107,batch_c_scan_7x6,15807704,18993016,0
12:29:46,588107,batch_c_scan_7x6,15807704,18993016,0
12:29:47,588107,batch_c_scan_7x6,15807704,18993016,0
12:29:48,588107,batch_c_scan_7x6,15807704,18993016,0
12:29:49,588107,batch_c_scan_7x6,15823900,18993016,0
12:29:50,588107,batch_c_scan_7x6,15823900,18993016,0
12:29:51,588107,batch_c_scan_7x6,15824484,18993016,0
12:29:52,588107,batch_c_scan_7x6,15825348,18993016,0
12:29:53,588107,batch_c_scan_7x6,15825348,18993016,0
12:29:54,588107,batch_c_scan_7x6,15828856,18993016,0
12:29:55,588107,batch_c_scan_7x6,15828868,18993016,0
12:29:56,588107,batch_c_scan_7x6,15828868,18993016,0
12:29:57,588107,batch_c_scan_7x6,15828868,18993016,0
12:29:58,588107,batch_c_scan_7x6,15828868,18993016,0
12:29:59,588107,batch_c_scan_7x6,15828868,18993016,0
12:30:00,588107,batch_c_scan_7x6,15828868,18993016,0
12:30:01,588107,batch_c_scan_7x6,15828868,18993016,0
12:30:02,588107,batch_c_scan_7x6,15828868,18993016,0
12:30:03,588107,batch_c_scan_7x6,15828868,18993016,0
12:30:04,588107,batch_c_scan_7x6,15828868,18993016,0
12:30:05,588107,batch_c_scan_7x6,15828868,18993016,0
12:30:06,588107,batch_c_scan_7x6,15828868,18993016,0
12:30:07,588107,batch_c_scan_7x6,15828868,18993016,0
12:30:08,588107,batch_c_scan_7x6,15828868,18993016,0
12:30:09,588107,batch_c_scan_7x6,15828868,18993016,0
12:30:10,588107,batch_c_scan_7x6,15828868,18993016,0
12:30:11,588107,batch_c_scan_7x6,15828868,18993016,0
12:30:12,588107,batch_c_scan_7x6,15828868,18993016,0
12:30:13,588107,batch_c_scan_7x6,15828868,18993016,0
12:30:14,588107,batch_c_scan_7x6,15828868,18993016,0
12:30:15,588107,batch_c_scan_7x6,15828868,18993016,0
12:30:16,588107,batch_c_scan_7x6,15828868,18993016,0
12:30:17,588107,batch_c_scan_7x6,15828868,18993016,0
12:30:18,588107,batch_c_scan_7x6,15828868,18993016,0
12:30:19,588107,batch_c_scan_7x6,15828868,18993016,0
12:30:20,588107,batch_c_scan_7x6,15828868,18993016,0
12:30:21,588107,batch_c_scan_7x6,15828868,18993016,0
12:30:22,588107,batch_c_scan_7x6,15828868,18993016,0
12:30:23,588107,batch_c_scan_7x6,15828868,18993016,0
12:30:24,588107,batch_c_scan_7x6,15828868,18993016,0
12:30:25,588107,batch_c_scan_7x6,15828868,18993016,0
12:30:26,588107,batch_c_scan_7x6,15828868,18993016,0
12:30:27,588107,batch_c_scan_7x6,15828868,18993016,0
12:30:28,588107,batch_c_scan_7x6,15828868,18993016,0
12:30:29,588107,batch_c_scan_7x6,15828868,18993016,0
12:30:30,588107,batch_c_scan_7x6,15828868,18993016,0
12:30:31,588107,batch_c_scan_7x6,15828868,18993016,0
12:30:32,588107,batch_c_scan_7x6,15828868,18993016,0
12:30:33,588107,batch_c_scan_7x6,15828868,18993016,0
12:30:34,588107,batch_c_scan_7x6,15828868,18993016,0
12:30:36,588107,batch_c_scan_7x6,15828868,18993016,0
12:30:37,588107,batch_c_scan_7x6,15828868,18993016,0
12:30:38,588107,batch_c_scan_7x6,15828868,18993016,0
12:30:39,588107,batch_c_scan_7x6,15828868,18993016,0
12:30:40,588107,batch_c_scan_7x6,15828868,18993016,0
12:30:41,588107,batch_c_scan_7x6,15828868,18993016,0
12:30:42,588107,batch_c_scan_7x6,15828868,18993016,0
12:30:43,588107,batch_c_scan_7x6,15828868,18993016,0
12:30:44,588107,batch_c_scan_7x6,15828868,18993016,0
12:30:45,588107,batch_c_scan_7x6,15828868,18993016,0
12:30:46,588107,batch_c_scan_7x6,15828868,18993016,0
12:30:47,588107,batch_c_scan_7x6,15828868,18993016,0
12:30:48,588107,batch_c_scan_7x6,15828868,18993016,0
12:30:49,588107,batch_c_scan_7x6,15828868,18993016,0
12:30:50,588107,batch_c_scan_7x6,15828868,18993016,0
12:30:51,588107,batch_c_scan_7x6,15828868,18993016,0
12:30:52,588107,batch_c_scan_7x6,15828868,18993016,0
12:30:53,588107,batch_c_scan_7x6,15828868,18993016,0
12:30:54,588107,batch_c_scan_7x6,15828868,18993016,0
12:30:55,588107,batch_c_scan_7x6,15828868,18993016,0
12:30:56,588107,batch_c_scan_7x6,15828868,18993016,0
12:30:57,588107,batch_c_scan_7x6,15828868,18993016,0
12:30:58,588107,batch_c_scan_7x6,15828868,18993016,0
12:30:59,588107,batch_c_scan_7x6,15828868,18993016,0
12:31:00,588107,batch_c_scan_7x6,15828868,18993016,0
12:31:01,588107,batch_c_scan_7x6,15828868,18993016,0
12:31:02,588107,batch_c_scan_7x6,15828868,18993016,0
12:31:03,588107,batch_c_scan_7x6,15828868,18993016,0
12:31:04,588107,batch_c_scan_7x6,15828868,18993016,0
12:31:05,588107,batch_c_scan_7x6,15828868,18993016,0
12:31:06,588107,batch_c_scan_7x6,15828868,18993016,0
12:31:07,588107,batch_c_scan_7x6,15828868,18993016,0
12:31:08,588107,batch_c_scan_7x6,15828868,18993016,0
12:31:09,588107,batch_c_scan_7x6,15828868,18993016,0
12:31:10,588107,batch_c_scan_7x6,15828868,18993016,0
12:31:11,588107,batch_c_scan_7x6,15828868,18993016,0
12:31:12,588107,batch_c_scan_7x6,15828868,18993016,0
12:31:13,588107,batch_c_scan_7x6,15828868,18993016,0
12:31:14,588107,batch_c_scan_7x6,15828868,18993016,0
12:31:15,588107,batch_c_scan_7x6,15828868,18993016,0
12:31:16,588107,batch_c_scan_7x6,15828868,18993016,0
12:31:17,588107,batch_c_scan_7x6,15828868,18993016,0
12:31:18,588107,batch_c_scan_7x6,15828868,18993016,0
12:31:19,588107,batch_c_scan_7x6,15828868,18993016,0
12:31:20,588107,batch_c_scan_7x6,15979268,18993016,0
12:31:21,588107,batch_c_scan_7x6,16020044,18993016,0
12:31:22,588107,batch_c_scan_7x6,16020044,18993016,0
12:31:23,588107,batch_c_scan_7x6,16020044,18993016,0
12:31:24,588107,batch_c_scan_7x6,16020044,18993016,0
12:31:25,588107,batch_c_scan_7x6,16020044,18993016,0
12:31:26,588107,batch_c_scan_7x6,16020044,18993016,0
12:31:27,588107,batch_c_scan_7x6,16020044,18993016,0
12:31:28,588107,batch_c_scan_7x6,16020044,18993016,0
12:31:30,588107,batch_c_scan_7x6,16020044,18993016,0
12:31:31,588107,batch_c_scan_7x6,16020044,18993016,0
12:31:32,588107,batch_c_scan_7x6,16020044,18993016,0
12:31:33,588107,batch_c_scan_7x6,16020044,18993016,0
12:31:34,588107,batch_c_scan_7x6,16020044,18993016,0
12:31:35,588107,batch_c_scan_7x6,16020044,18993016,0
12:31:36,588107,batch_c_scan_7x6,16020044,18993016,0
12:31:37,588107,batch_c_scan_7x6,16020044,18993016,0
12:31:38,588107,batch_c_scan_7x6,16020044,18993016,0
12:31:39,588107,batch_c_scan_7x6,16020044,18993016,0
12:31:40,588107,batch_c_scan_7x6,16020044,18993016,0
12:31:41,588107,batch_c_scan_7x6,16020044,18993016,0
12:31:42,588107,batch_c_scan_7x6,16020044,18993016,0
12:31:43,588107,batch_c_scan_7x6,16020044,18993016,0
12:31:44,588107,batch_c_scan_7x6,16020044,18993016,0
12:31:45,588107,batch_c_scan_7x6,16020044,18993016,0
12:31:46,588107,batch_c_scan_7x6,16020044,18993016,0
12:31:47,588107,batch_c_scan_7x6,16020044,18993016,0
12:31:48,588107,batch_c_scan_7x6,16316260,18993016,0
12:31:49,588107,batch_c_scan_7x6,17228580,18993016,0
12:31:50,588107,batch_c_scan_7x6,17559612,18993016,0
12:31:51,588107,batch_c_scan_7x6,17559612,18993016,0
12:31:52,588107,batch_c_scan_7x6,17662120,18993016,0
12:31:53,588107,batch_c_scan_7x6,17852444,18993016,0
12:31:54,588107,batch_c_scan_7x6,18016684,18993016,0
12:31:55,588107,batch_c_scan_7x6,16290532,18993016,0
12:31:56,588107,batch_c_scan_7x6,16820112,18993016,0
12:31:57,588107,batch_c_scan_7x6,17270156,18993016,0
12:31:58,588107,batch_c_scan_7x6,17589024,18993016,0
12:31:59,588107,batch_c_scan_7x6,17531292,18993016,0
12:32:00,588107,batch_c_scan_7x6,18587456,18993016,0
12:32:01,588107,batch_c_scan_7x6,18968528,19302920,0
12:32:02,588107,batch_c_scan_7x6,19590348,19709904,0
12:32:03,588107,batch_c_scan_7x6,20354116,20354116,0
12:32:04,588107,batch_c_scan_7x6,20589556,20589556,0
12:32:05,588107,batch_c_scan_7x6,20589556,20589556,0
12:32:06,588107,batch_c_scan_7x6,20975716,20975716,0
12:32:07,588107,batch_c_scan_7x6,20680804,20973628,0
12:32:08,588107,batch_c_scan_7x6,19693604,21548552,0
12:32:09,588107,batch_c_scan_7x6,18084360,21548552,0
12:32:10,588107,batch_c_scan_7x6,18084360,21548552,0
12:32:11,588107,batch_c_scan_7x6,18084360,21548552,0
12:32:12,588107,batch_c_scan_7x6,18084456,21548552,0
12:32:13,588107,batch_c_scan_7x6,18084456,21548552,0
12:32:14,588107,batch_c_scan_7x6,18084456,21548552,0
12:32:15,588107,batch_c_scan_7x6,18084456,21548552,0
12:32:16,588107,batch_c_scan_7x6,18084456,21548552,0
12:32:17,588107,batch_c_scan_7x6,18084456,21548552,0
12:32:18,588107,batch_c_scan_7x6,18084456,21548552,0
12:32:19,588107,batch_c_scan_7x6,18084456,21548552,0
12:32:20,588107,batch_c_scan_7x6,18084456,21548552,0
12:32:21,588107,batch_c_scan_7x6,18084456,21548552,0
12:32:22,588107,batch_c_scan_7x6,18084456,21548552,0
12:32:24,588107,batch_c_scan_7x6,18086536,21548552,0
12:32:25,588107,batch_c_scan_7x6,18104788,21548552,0
12:32:26,588107,batch_c_scan_7x6,18105088,21548552,0
12:32:27,588107,batch_c_scan_7x6,18105088,21548552,0
12:32:28,588107,batch_c_scan_7x6,18105088,21548552,0
12:32:29,588107,batch_c_scan_7x6,18105088,21548552,0
12:32:30,588107,batch_c_scan_7x6,18105088,21548552,0
12:32:31,588107,batch_c_scan_7x6,18105088,21548552,0
12:32:32,588107,batch_c_scan_7x6,18105088,21548552,0
12:32:33,588107,batch_c_scan_7x6,18105088,21548552,0
12:32:34,588107,batch_c_scan_7x6,18105088,21548552,0
12:32:35,588107,batch_c_scan_7x6,18105088,21548552,0
12:32:36,588107,batch_c_scan_7x6,18105088,21548552,0
12:32:37,588107,batch_c_scan_7x6,18105088,21548552,0
12:32:38,588107,batch_c_scan_7x6,18105088,21548552,0
12:32:39,588107,batch_c_scan_7x6,18105088,21548552,0
12:32:40,588107,batch_c_scan_7x6,18105088,21548552,0
12:32:41,588107,batch_c_scan_7x6,18105088,21548552,0
12:32:42,588107,batch_c_scan_7x6,18105088,21548552,0
12:32:43,588107,batch_c_scan_7x6,18105088,21548552,0
12:32:44,588107,batch_c_scan_7x6,18105088,21548552,0
12:32:45,588107,batch_c_scan_7x6,18105088,21548552,0
12:32:46,588107,batch_c_scan_7x6,18105088,21548552,0
12:32:47,588107,batch_c_scan_7x6,18105088,21548552,0
12:32:48,588107,batch_c_scan_7x6,18105088,21548552,0
12:32:49,588107,batch_c_scan_7x6,18105088,21548552,0
12:32:50,588107,batch_c_scan_7x6,18105088,21548552,0
12:32:51,588107,batch_c_scan_7x6,18105088,21548552,0
12:32:52,588107,batch_c_scan_7x6,18105088,21548552,0
12:32:53,588107,batch_c_scan_7x6,18105088,21548552,0
12:32:54,588107,batch_c_scan_7x6,18105088,21548552,0
12:32:55,588107,batch_c_scan_7x6,18105088,21548552,0
12:32:56,588107,batch_c_scan_7x6,18105088,21548552,0
12:32:57,588107,batch_c_scan_7x6,18105088,21548552,0
12:32:58,588107,batch_c_scan_7x6,18105088,21548552,0
12:32:59,588107,batch_c_scan_7x6,18105088,21548552,0
12:33:00,588107,batch_c_scan_7x6,18105088,21548552,0
12:33:01,588107,batch_c_scan_7x6,18105088,21548552,0
12:33:02,588107,batch_c_scan_7x6,18105088,21548552,0
12:33:03,588107,batch_c_scan_7x6,18105088,21548552,0
12:33:04,588107,batch_c_scan_7x6,18105088,21548552,0
12:33:05,588107,batch_c_scan_7x6,18105088,21548552,0
12:33:06,588107,batch_c_scan_7x6,18105088,21548552,0
12:33:07,588107,batch_c_scan_7x6,18105088,21548552,0
12:33:08,588107,batch_c_scan_7x6,18105088,21548552,0
12:33:09,588107,batch_c_scan_7x6,18105088,21548552,0
12:33:10,588107,batch_c_scan_7x6,18105088,21548552,0
12:33:11,588107,batch_c_scan_7x6,18105088,21548552,0
12:33:12,588107,batch_c_scan_7x6,18105088,21548552,0
12:33:13,588107,batch_c_scan_7x6,18105088,21548552,0
12:33:14,588107,batch_c_scan_7x6,18105088,21548552,0
12:33:15,588107,batch_c_scan_7x6,18105088,21548552,0
12:33:16,588107,batch_c_scan_7x6,18105088,21548552,0
12:33:17,588107,batch_c_scan_7x6,18105088,21548552,0
12:33:19,588107,batch_c_scan_7x6,18105088,21548552,0
12:33:20,588107,batch_c_scan_7x6,18105088,21548552,0
12:33:21,588107,batch_c_scan_7x6,18105088,21548552,0
12:33:22,588107,batch_c_scan_7x6,18105088,21548552,0
12:33:23,588107,batch_c_scan_7x6,18105088,21548552,0
12:33:24,588107,batch_c_scan_7x6,18105088,21548552,0
12:33:25,588107,batch_c_scan_7x6,18105088,21548552,0
12:33:26,588107,batch_c_scan_7x6,18105088,21548552,0
12:33:27,588107,batch_c_scan_7x6,18105088,21548552,0
12:33:28,588107,batch_c_scan_7x6,18105088,21548552,0
12:33:29,588107,batch_c_scan_7x6,18105088,21548552,0
12:33:30,588107,batch_c_scan_7x6,18105088,21548552,0
12:33:31,588107,batch_c_scan_7x6,18105088,21548552,0
12:33:32,588107,batch_c_scan_7x6,18105088,21548552,0
12:33:33,588107,batch_c_scan_7x6,18105088,21548552,0
12:33:34,588107,batch_c_scan_7x6,18105088,21548552,0
12:33:35,588107,batch_c_scan_7x6,18105088,21548552,0
12:33:36,588107,batch_c_scan_7x6,18105088,21548552,0
12:33:37,588107,batch_c_scan_7x6,18105088,21548552,0
12:33:38,588107,batch_c_scan_7x6,18105088,21548552,0
12:33:39,588107,batch_c_scan_7x6,18105088,21548552,0
12:33:40,588107,batch_c_scan_7x6,18105088,21548552,0
12:33:41,588107,batch_c_scan_7x6,18105088,21548552,0
12:33:42,588107,batch_c_scan_7x6,18105088,21548552,0
12:33:43,588107,batch_c_scan_7x6,18105088,21548552,0
12:33:44,588107,batch_c_scan_7x6,18105088,21548552,0
12:33:45,588107,batch_c_scan_7x6,18105088,21548552,0
12:33:46,588107,batch_c_scan_7x6,18105088,21548552,0
12:33:47,588107,batch_c_scan_7x6,18105088,21548552,0
12:33:48,588107,batch_c_scan_7x6,18105088,21548552,0
12:33:49,588107,batch_c_scan_7x6,18105088,21548552,0
12:33:50,588107,batch_c_scan_7x6,18105088,21548552,0
12:33:51,588107,batch_c_scan_7x6,18105088,21548552,0
12:33:52,588107,batch_c_scan_7x6,18105088,21548552,0
12:33:53,588107,batch_c_scan_7x6,18255484,21548552,0
12:33:54,588107,batch_c_scan_7x6,18256384,21548552,0
12:33:55,588107,batch_c_scan_7x6,18256384,21548552,0
12:33:56,588107,batch_c_scan_7x6,18256384,21548552,0
12:33:57,588107,batch_c_scan_7x6,18256384,21548552,0
12:33:58,588107,batch_c_scan_7x6,18256384,21548552,0
12:33:59,588107,batch_c_scan_7x6,18256384,21548552,0
12:34:00,588107,batch_c_scan_7x6,18256384,21548552,0
12:34:01,588107,batch_c_scan_7x6,18256384,21548552,0
12:34:02,588107,batch_c_scan_7x6,18256384,21548552,0
12:34:03,588107,batch_c_scan_7x6,18256384,21548552,0
12:34:04,588107,batch_c_scan_7x6,18256384,21548552,0
12:34:05,588107,batch_c_scan_7x6,18256384,21548552,0
12:34:06,588107,batch_c_scan_7x6,18256384,21548552,0
12:34:07,588107,batch_c_scan_7x6,21866632,21867256,0
12:34:08,588107,batch_c_scan_7x6,22793200,22814480,0
12:34:09,588107,batch_c_scan_7x6,18256384,23507284,0
12:34:10,588107,batch_c_scan_7x6,18256384,23507284,0
12:34:11,588107,batch_c_scan_7x6,16498156,23507284,0
12:34:13,588107,batch_c_scan_7x6,16513664,23507284,0
12:34:14,588107,batch_c_scan_7x6,16517708,23507284,0
12:34:15,588107,batch_c_scan_7x6,16517708,23507284,0
12:34:16,588107,batch_c_scan_7x6,17379280,23507284,0
12:34:17,588107,batch_c_scan_7x6,17379312,23507284,0
12:34:18,588107,batch_c_scan_7x6,17379312,23507284,0
12:34:19,588107,batch_c_scan_7x6,17564888,23507284,0
12:34:20,588107,batch_c_scan_7x6,17780552,23507284,0
12:34:21,588107,batch_c_scan_7x6,17917304,23507284,0
12:34:22,588107,batch_c_scan_7x6,16519116,23507284,0
12:34:23,588107,batch_c_scan_7x6,17633616,23507284,0
12:34:24,588107,batch_c_scan_7x6,18049480,23507284,0
12:34:25,588107,batch_c_scan_7x6,18232784,23507284,0
12:34:26,588107,batch_c_scan_7x6,25946188,25966708,0
12:34:27,588107,batch_c_scan_7x6,29965240,30089728,0
12:34:28,588107,batch_c_scan_7x6,33174504,33812168,0
12:34:29,588107,batch_c_scan_7x6,36647540,36650580,0
12:34:30,588107,batch_c_scan_7x6,40197416,40201008,0
12:34:31,588107,batch_c_scan_7x6,43755824,43811704,0
12:34:32,588107,batch_c_scan_7x6,45386864,45476664,743924
12:34:33,588107,batch_c_scan_7x6,45247728,45476664,1706132
12:34:34,588107,batch_c_scan_7x6,45112940,45476664,2628712
12:34:35,588107,batch_c_scan_7x6,44925700,45476664,4285152
12:34:36,588107,batch_c_scan_7x6,44635100,45476664,5744028
12:34:37,588107,batch_c_scan_7x6,44664932,45476664,6178620
12:34:38,588107,batch_c_scan_7x6,44552692,45476664,6586712
12:34:39,588107,batch_c_scan_7x6,44222372,45476664,7451584
12:34:40,588107,batch_c_scan_7x6,42973720,45476664,7515352
12:34:41,588107,batch_c_scan_7x6,43635532,45476664,7096848
12:34:42,588107,batch_c_scan_7x6,43995192,45476664,7911960
12:34:43,588107,batch_c_scan_7x6,43864460,45476664,9752768
12:34:44,588107,batch_c_scan_7x6,43484472,45476664,11022548
12:34:45,588107,batch_c_scan_7x6,43589164,45476664,11690880
12:34:46,588107,batch_c_scan_7x6,42981944,45476664,11951220
12:34:47,588107,batch_c_scan_7x6,43496500,45476664,11705032
12:34:48,588107,batch_c_scan_7x6,43559164,45476664,12037192
12:34:50,588107,batch_c_scan_7x6,43461152,45476664,12638868
12:34:51,588107,batch_c_scan_7x6,43353704,45476664,13268120
12:34:52,588107,batch_c_scan_7x6,43318628,45476664,13558348
12:34:53,588107,batch_c_scan_7x6,43200452,45476664,14143468
12:34:54,588107,batch_c_scan_7x6,42962736,45476664,14572604
12:34:55,588107,batch_c_scan_7x6,42780344,45476664,14657468
12:34:56,588107,batch_c_scan_7x6,42833972,45476664,15052020
12:34:57,588107,batch_c_scan_7x6,42688728,45476664,15474320
12:34:58,588107,batch_c_scan_7x6,41484160,45476664,16679640
12:34:59,588107,batch_c_scan_7x6,40320044,45476664,18059932
12:35:00,588107,batch_c_scan_7x6,38959768,45476664,19499588
12:35:01,588107,batch_c_scan_7x6,38259348,45476664,20437080
12:35:02,588107,batch_c_scan_7x6,37451120,45476664,20929440
12:35:03,588107,batch_c_scan_7x6,37214844,45476664,21265360
12:35:04,588107,batch_c_scan_7x6,36688108,45476664,22007928
12:35:05,588107,batch_c_scan_7x6,36255088,45476664,22471876
12:35:06,588107,batch_c_scan_7x6,35827468,45476664,22895124
12:35:07,588107,batch_c_scan_7x6,35670556,45476664,23052040
12:35:08,588107,batch_c_scan_7x6,35440020,45476664,23071884
12:35:09,588107,batch_c_scan_7x6,35588092,45476664,23209028
12:35:10,588107,batch_c_scan_7x6,35302304,45476664,23423444
12:35:12,588107,batch_c_scan_7x6,35200180,45476664,23524488
12:35:13,588107,batch_c_scan_7x6,34918396,45476664,23801496
12:35:14,588107,batch_c_scan_7x6,34181980,45476664,24249472
12:35:15,588107,batch_c_scan_7x6,34372804,45476664,24317088
12:35:16,588107,batch_c_scan_7x6,34009100,45476664,24772220
12:35:17,588107,batch_c_scan_7x6,33716520,45476664,25178816
12:35:18,588107,batch_c_scan_7x6,33849732,45476664,25049736
12:35:19,588107,batch_c_scan_7x6,33766728,45476664,25133368
12:35:20,588107,batch_c_scan_7x6,33434912,45476664,25230636
12:35:21,588107,batch_c_scan_7x6,33209900,45476664,25593564
12:35:22,588107,batch_c_scan_7x6,32889136,45476664,26203156
12:35:23,588107,batch_c_scan_7x6,32699304,45476664,26582784
12:35:24,588107,batch_c_scan_7x6,32124568,45476664,27151172
12:35:25,588107,batch_c_scan_7x6,32553296,45476664,26918300
12:35:26,588107,batch_c_scan_7x6,32197848,45476664,26874348
12:35:28,588107,batch_c_scan_7x6,32351748,45476664,26829492
12:35:29,588107,batch_c_scan_7x6,32189684,45476664,27339220
12:35:30,588107,batch_c_scan_7x6,32402956,45476664,27216760
12:35:31,588107,batch_c_scan_7x6,32402896,45476664,27336660
12:35:32,588107,batch_c_scan_7x6,32096568,45476664,27651984
12:35:33,588107,batch_c_scan_7x6,31579992,45476664,27740488
12:35:34,588107,batch_c_scan_7x6,32028228,45476664,27760200
12:35:35,588107,batch_c_scan_7x6,32066988,45476664,28056156
12:35:36,588107,batch_c_scan_7x6,32049716,45476664,27938428
12:35:37,588107,batch_c_scan_7x6,32129516,45476664,28402624
12:35:38,588107,batch_c_scan_7x6,31369668,45476664,28232364
12:35:39,588107,batch_c_scan_7x6,31619336,45476664,28151728
12:35:40,588107,batch_c_scan_7x6,31887212,45476664,28257992
12:35:41,588107,batch_c_scan_7x6,32007252,45476664,28138084
12:35:42,588107,batch_c_scan_7x6,31931576,45476664,28273424
12:35:43,588107,batch_c_scan_7x6,32010212,45476664,28422436
12:35:44,588107,batch_c_scan_7x6,32218688,45476664,28726280
12:35:45,588107,batch_c_scan_7x6,31803556,45476664,28625104
12:35:46,588107,batch_c_scan_7x6,31920980,45476664,29069088
12:35:47,588107,batch_c_scan_7x6,31413616,45476664,29174476
12:35:49,588107,batch_c_scan_7x6,31153000,45476664,29214988
12:35:50,588107,batch_c_scan_7x6,31112280,45476664,29111144
12:35:51,588107,batch_c_scan_7x6,31627168,45476664,28710816
12:35:52,588107,batch_c_scan_7x6,31884644,45476664,28660780
12:35:53,588107,batch_c_scan_7x6,31995912,45476664,28561060
12:35:54,588107,batch_c_scan_7x6,31942960,45476664,28818604
12:35:55,588107,batch_c_scan_7x6,31395396,45476664,28917564
12:35:56,588107,batch_c_scan_7x6,31559252,45476664,28913768
12:35:57,588107,batch_c_scan_7x6,31606656,45476664,29079368
12:35:58,588107,batch_c_scan_7x6,31638660,45476664,29079160
12:35:59,588107,batch_c_scan_7x6,31782916,45476664,29078736
12:36:00,588107,batch_c_scan_7x6,31432996,45476664,29078548
12:36:01,588107,batch_c_scan_7x6,31394880,45476664,29078172
12:36:02,588107,batch_c_scan_7x6,31456180,45476664,29234784
12:36:03,588107,batch_c_scan_7x6,31467536,45476664,29224384
12:36:04,588107,batch_c_scan_7x6,31475936,45476664,29216600
12:36:05,588107,batch_c_scan_7x6,31103592,45476664,29216252
12:36:06,588107,batch_c_scan_7x6,31405628,45476664,29343612
12:36:07,588107,batch_c_scan_7x6,31924768,45476664,29012756
12:36:08,588107,batch_c_scan_7x6,30998340,45476664,28174716
12:36:09,588107,batch_c_scan_7x6,30094180,45476664,27748084
12:36:10,588107,batch_c_scan_7x6,29431424,45476664,27050048
12:36:11,588107,batch_c_scan_7x6,28290540,45476664,25374476
12:36:12,588107,batch_c_scan_7x6,26641036,45476664,24711928
12:36:13,588107,batch_c_scan_7x6,26032688,45476664,23091756
12:36:15,588107,batch_c_scan_7x6,24794756,45476664,21078960
12:36:16,588107,batch_c_scan_7x6,24987060,45476664,19756312
12:36:17,588107,batch_c_scan_7x6,23049180,45476664,19126104
12:36:18,588107,batch_c_scan_7x6,22274440,45476664,17618612
12:36:19,588107,batch_c_scan_7x6,22030792,45476664,16582840
12:36:20,588107,batch_c_scan_7x6,22239152,45476664,16182172
12:36:21,588107,batch_c_scan_7x6,21077188,45476664,14133160
12:36:22,588107,batch_c_scan_7x6,17021848,45476664,13216316
12:36:23,588107,batch_c_scan_7x6,15491456,45476664,11993652
12:36:24,588107,batch_c_scan_7x6,16238888,45476664,10716028
12:36:25,588107,batch_c_scan_7x6,17121360,45476664,9833580
12:36:26,588107,batch_c_scan_7x6,17810380,45476664,9142816
12:36:27,588107,batch_c_scan_7x6,18357096,45476664,8600484
12:36:28,588107,batch_c_scan_7x6,18231980,45476664,8287096
12:36:29,588107,batch_c_scan_7x6,18138488,45476664,8253648
12:36:30,588107,batch_c_scan_7x6,18138956,45476664,8253184
12:36:31,588107,batch_c_scan_7x6,18139372,45476664,8252768
12:36:32,588107,batch_c_scan_7x6,18139496,45476664,8252644
12:36:33,588107,batch_c_scan_7x6,18139496,45476664,8252644
12:36:34,588107,batch_c_scan_7x6,18139728,45476664,8252408
12:36:35,588107,batch_c_scan_7x6,18139852,45476664,8252284
12:36:36,588107,batch_c_scan_7x6,18140232,45476664,8251948
12:36:37,588107,batch_c_scan_7x6,18140228,45476664,8251948
12:36:38,588107,batch_c_scan_7x6,18029696,45476664,8240736
12:36:39,588107,batch_c_scan_7x6,18029700,45476664,8240732
12:36:40,588107,batch_c_scan_7x6,18029820,45476664,8240612
12:36:41,588107,batch_c_scan_7x6,18029820,45476664,8240612
12:36:42,588107,batch_c_scan_7x6,18029820,45476664,8240612
12:36:43,588107,batch_c_scan_7x6,18029820,45476664,8240612
12:36:44,588107,batch_c_scan_7x6,18029820,45476664,8240612
12:36:46,588107,batch_c_scan_7x6,18029820,45476664,8240560
12:36:47,588107,batch_c_scan_7x6,18029872,45476664,8240560
12:36:48,588107,batch_c_scan_7x6,18029872,45476664,8240560
12:36:49,588107,batch_c_scan_7x6,18029876,45476664,8240556
12:36:50,588107,batch_c_scan_7x6,18029876,45476664,8240556
12:36:51,588107,batch_c_scan_7x6,18029876,45476664,8240556
12:36:52,588107,batch_c_scan_7x6,18029876,45476664,8240556
12:36:53,588107,batch_c_scan_7x6,18029876,45476664,8240556
12:36:54,588107,batch_c_scan_7x6,18029876,45476664,8240556
12:36:55,588107,batch_c_scan_7x6,18029880,45476664,8240552
12:36:56,588107,batch_c_scan_7x6,18029880,45476664,8240552
12:36:57,588107,batch_c_scan_7x6,18029880,45476664,8240552
12:36:58,588107,batch_c_scan_7x6,18029880,45476664,8240552
12:36:59,588107,batch_c_scan_7x6,18029880,45476664,8240552
12:37:00,588107,batch_c_scan_7x6,18029880,45476664,8240552
12:37:01,588107,batch_c_scan_7x6,18029880,45476664,8240552
12:37:02,588107,batch_c_scan_7x6,18029880,45476664,8240552
12:37:03,588107,batch_c_scan_7x6,18029880,45476664,8240552
12:37:04,588107,batch_c_scan_7x6,18029880,45476664,8240552
12:37:05,588107,batch_c_scan_7x6,18029880,45476664,8240552
12:37:06,588107,batch_c_scan_7x6,18029880,45476664,8240552
12:37:07,588107,batch_c_scan_7x6,18029880,45476664,8240552
12:37:08,588107,batch_c_scan_7x6,18029880,45476664,8240552
12:37:09,588107,batch_c_scan_7x6,18029880,45476664,8240552
12:37:10,588107,batch_c_scan_7x6,18029880,45476664,8240552
12:37:11,588107,batch_c_scan_7x6,18031768,45476664,8238664
12:37:12,588107,batch_c_scan_7x6,18032604,45476664,8237828
12:37:13,588107,batch_c_scan_7x6,18032604,45476664,8237828
12:37:14,588107,batch_c_scan_7x6,18032632,45476664,8237800
12:37:15,588107,batch_c_scan_7x6,18032780,45476664,8237652
12:37:16,588107,batch_c_scan_7x6,18032780,45476664,8237652
12:37:17,588107,batch_c_scan_7x6,18033432,45476664,8237000
12:37:18,588107,batch_c_scan_7x6,18034712,45476664,8235720
12:37:19,588107,batch_c_scan_7x6,18034716,45476664,8235716
12:37:20,588107,batch_c_scan_7x6,18034716,45476664,8235716
12:37:21,588107,batch_c_scan_7x6,18034720,45476664,8235712
12:37:22,588107,batch_c_scan_7x6,18035212,45476664,8235220
12:37:23,588107,batch_c_scan_7x6,18035212,45476664,8235220
12:37:24,588107,batch_c_scan_7x6,18035216,45476664,8235216
12:37:25,588107,batch_c_scan_7x6,18035216,45476664,8235216
12:37:26,588107,batch_c_scan_7x6,18035220,45476664,8235212
12:37:27,588107,batch_c_scan_7x6,18035224,45476664,8235208
12:37:28,588107,batch_c_scan_7x6,18035224,45476664,8235208
12:37:29,588107,batch_c_scan_7x6,18035228,45476664,8235204
12:37:30,588107,batch_c_scan_7x6,18035228,45476664,8235204
12:37:31,588107,batch_c_scan_7x6,18035228,45476664,8235204
12:37:32,588107,batch_c_scan_7x6,18035836,45476664,8234596
12:37:33,588107,batch_c_scan_7x6,18035840,45476664,8234592
12:37:34,588107,batch_c_scan_7x6,18035840,45476664,8234592
12:37:35,588107,batch_c_scan_7x6,18036268,45476664,8234164
12:37:37,588107,batch_c_scan_7x6,18036272,45476664,8234160
12:37:38,588107,batch_c_scan_7x6,18036276,45476664,8234156
12:37:39,588107,batch_c_scan_7x6,18036280,45476664,8234152
12:37:40,588107,batch_c_scan_7x6,18036336,45476664,8234096
12:37:41,588107,batch_c_scan_7x6,18036344,45476664,8234088
12:37:42,588107,batch_c_scan_7x6,18036352,45476664,8234080
12:37:43,588107,batch_c_scan_7x6,18036360,45476664,8234072
12:37:44,588107,batch_c_scan_7x6,18036360,45476664,8234072
12:37:45,588107,batch_c_scan_7x6,18036368,45476664,8234064
12:37:46,588107,batch_c_scan_7x6,18036368,45476664,8234064
12:37:47,588107,batch_c_scan_7x6,18036372,45476664,8234060
12:37:48,588107,batch_c_scan_7x6,18036372,45476664,8234060
12:37:49,588107,batch_c_scan_7x6,18036372,45476664,8234060
12:37:50,588107,batch_c_scan_7x6,18036372,45476664,8234060
12:37:51,588107,batch_c_scan_7x6,18036372,45476664,8234060
12:37:52,588107,batch_c_scan_7x6,18036372,45476664,8234060
12:37:53,588107,batch_c_scan_7x6,18036372,45476664,8234060
12:37:54,588107,batch_c_scan_7x6,18036376,45476664,8234056
12:37:55,588107,batch_c_scan_7x6,18036376,45476664,8234056
12:37:56,588107,batch_c_scan_7x6,18036384,45476664,8234048
12:37:57,588107,batch_c_scan_7x6,18036388,45476664,8234044
12:37:58,588107,batch_c_scan_7x6,18036392,45476664,8234040
12:37:59,588107,batch_c_scan_7x6,18036396,45476664,8234036
12:38:00,588107,batch_c_scan_7x6,18036396,45476664,8234036
12:38:01,588107,batch_c_scan_7x6,18036400,45476664,8234032
12:38:02,588107,batch_c_scan_7x6,18037128,45476664,8233304
12:38:03,588107,batch_c_scan_7x6,18037132,45476664,8233300
12:38:04,588107,batch_c_scan_7x6,18037132,45476664,8233300
12:38:05,588107,batch_c_scan_7x6,18037136,45476664,8233296
12:38:06,588107,batch_c_scan_7x6,18037136,45476664,8233296
12:38:07,588107,batch_c_scan_7x6,18037140,45476664,8233292
12:38:08,588107,batch_c_scan_7x6,18037140,45476664,8233292
12:38:09,588107,batch_c_scan_7x6,18037140,45476664,8233292
12:38:10,588107,batch_c_scan_7x6,18037140,45476664,8233292
12:38:11,588107,batch_c_scan_7x6,18037140,45476664,8233292
12:38:12,588107,batch_c_scan_7x6,18037140,45476664,8233292
12:38:13,588107,batch_c_scan_7x6,18037140,45476664,8233292
12:38:14,588107,batch_c_scan_7x6,18037140,45476664,8233292
12:38:15,588107,batch_c_scan_7x6,18037140,45476664,8233292
12:38:16,588107,batch_c_scan_7x6,18037140,45476664,8233292
12:38:17,588107,batch_c_scan_7x6,18037140,45476664,8233292
12:38:18,588107,batch_c_scan_7x6,18037144,45476664,8233288
12:38:19,588107,batch_c_scan_7x6,18037148,45476664,8233284
12:38:20,588107,batch_c_scan_7x6,18037148,45476664,8233284
12:38:21,588107,batch_c_scan_7x6,18037152,45476664,8233280
12:38:22,588107,batch_c_scan_7x6,18037152,45476664,8233280
12:38:24,588107,batch_c_scan_7x6,18037152,45476664,8233280
12:38:25,588107,batch_c_scan_7x6,18037156,45476664,8233276
12:38:26,588107,batch_c_scan_7x6,18037156,45476664,8233276
12:38:27,588107,batch_c_scan_7x6,18037156,45476664,8233276
12:38:28,588107,batch_c_scan_7x6,18037156,45476664,8233276
12:38:29,588107,batch_c_scan_7x6,18037160,45476664,8233272
12:38:30,588107,batch_c_scan_7x6,18037160,45476664,8233272
12:38:31,588107,batch_c_scan_7x6,18037160,45476664,8233272
12:38:32,588107,batch_c_scan_7x6,18037164,45476664,8233268
12:38:33,588107,batch_c_scan_7x6,18037164,45476664,8233268
12:38:34,588107,batch_c_scan_7x6,18037164,45476664,8233268
12:38:35,588107,batch_c_scan_7x6,18037164,45476664,8233268
12:38:36,588107,batch_c_scan_7x6,18037168,45476664,8233264
12:38:37,588107,batch_c_scan_7x6,18037168,45476664,8233264
12:38:38,588107,batch_c_scan_7x6,18037168,45476664,8233264
12:38:39,588107,batch_c_scan_7x6,18037172,45476664,8233260
12:38:40,588107,batch_c_scan_7x6,18037172,45476664,8233260
12:38:41,588107,batch_c_scan_7x6,18037172,45476664,8233260
12:38:42,588107,batch_c_scan_7x6,18037172,45476664,8233260
12:38:43,588107,batch_c_scan_7x6,18037172,45476664,8233260
12:38:44,588107,batch_c_scan_7x6,18037172,45476664,8233260
12:38:45,588107,batch_c_scan_7x6,18037172,45476664,8233260
12:38:47,588107,batch_c_scan_7x6,18037172,45476664,8233260
12:38:48,588107,batch_c_scan_7x6,18037172,45476664,8233260
12:38:49,588107,batch_c_scan_7x6,18037172,45476664,8233260
12:38:50,588107,batch_c_scan_7x6,18037172,45476664,8233260
12:38:51,588107,batch_c_scan_7x6,18037172,45476664,8233260
12:38:52,588107,batch_c_scan_7x6,18037172,45476664,8233260
12:38:53,588107,batch_c_scan_7x6,18037544,45476664,8232888
12:38:54,588107,batch_c_scan_7x6,18037988,45476664,8232444
12:38:55,588107,batch_c_scan_7x6,18037988,45476664,8232444
12:38:56,588107,batch_c_scan_7x6,18038784,45476664,8231648
12:38:57,588107,batch_c_scan_7x6,18038788,45476664,8231644
12:38:58,588107,batch_c_scan_7x6,18038788,45476664,8231644
12:38:59,588107,batch_c_scan_7x6,18038792,45476664,8231640
12:39:00,588107,batch_c_scan_7x6,18038792,45476664,8231640
12:39:01,588107,batch_c_scan_7x6,18038824,45476664,8231608
12:39:02,588107,batch_c_scan_7x6,18038824,45476664,8231608
12:39:03,588107,batch_c_scan_7x6,18038828,45476664,8231604
12:39:04,588107,batch_c_scan_7x6,18038828,45476664,8231604
12:39:05,588107,batch_c_scan_7x6,18038828,45476664,8231604
12:39:06,588107,batch_c_scan_7x6,18038832,45476664,8231600
12:39:07,588107,batch_c_scan_7x6,18038832,45476664,8231600
12:39:08,588107,batch_c_scan_7x6,18038832,45476664,8231600
12:39:09,588107,batch_c_scan_7x6,18038836,45476664,8231596
12:39:10,588107,batch_c_scan_7x6,18039620,45476664,8230812
12:39:12,588107,batch_c_scan_7x6,18039620,45476664,8230812
12:39:13,588107,batch_c_scan_7x6,18039620,45476664,8230812
12:39:14,588107,batch_c_scan_7x6,18039620,45476664,8230812
12:39:15,588107,batch_c_scan_7x6,18039624,45476664,8230808
12:39:16,588107,batch_c_scan_7x6,18039624,45476664,8230808
12:39:17,588107,batch_c_scan_7x6,18039624,45476664,8230808
12:39:18,588107,batch_c_scan_7x6,18040444,45476664,8229988
12:39:19,588107,batch_c_scan_7x6,18040452,45476664,8229980
12:39:20,588107,batch_c_scan_7x6,18040628,45476664,8229804
12:39:21,588107,batch_c_scan_7x6,18040628,45476664,8229804
12:39:22,588107,batch_c_scan_7x6,18040748,45476664,8229684
12:39:23,588107,batch_c_scan_7x6,18040852,45476664,8229580
12:39:24,588107,batch_c_scan_7x6,18040896,45476664,8229536
12:39:25,588107,batch_c_scan_7x6,18041128,45476664,8229304
12:39:26,588107,batch_c_scan_7x6,18042068,45476664,8228668
12:39:27,588107,batch_c_scan_7x6,18042068,45476664,8228668
12:39:28,588107,batch_c_scan_7x6,18042068,45476664,8228668
12:39:29,588107,batch_c_scan_7x6,18042068,45476664,8228668
12:39:30,588107,batch_c_scan_7x6,18042068,45476664,8228668
12:39:31,588107,batch_c_scan_7x6,18042068,45476664,8228668
12:39:32,588107,batch_c_scan_7x6,18042068,45476664,8228668
12:39:33,588107,batch_c_scan_7x6,18042068,45476664,8228668
12:39:34,588107,batch_c_scan_7x6,18042068,45476664,8228668
12:39:35,588107,batch_c_scan_7x6,18042068,45476664,8228668
12:39:36,588107,batch_c_scan_7x6,18042068,45476664,8228668
12:39:37,588107,batch_c_scan_7x6,18042068,45476664,8228668
12:39:38,588107,batch_c_scan_7x6,18042068,45476664,8228668
12:39:39,588107,batch_c_scan_7x6,18042068,45476664,8228668
12:39:40,588107,batch_c_scan_7x6,18042068,45476664,8228668
12:39:41,588107,batch_c_scan_7x6,18042072,45476664,8228664
12:39:42,588107,batch_c_scan_7x6,18042072,45476664,8228664
12:39:43,588107,batch_c_scan_7x6,18042072,45476664,8228664
12:39:44,588107,batch_c_scan_7x6,18042072,45476664,8228664
12:39:45,588107,batch_c_scan_7x6,18042076,45476664,8228660
12:39:46,588107,batch_c_scan_7x6,18042076,45476664,8228660
12:39:47,588107,batch_c_scan_7x6,18042076,45476664,8228660
12:39:48,588107,batch_c_scan_7x6,18042080,45476664,8228656
12:39:49,588107,batch_c_scan_7x6,18042080,45476664,8228656
12:39:50,588107,batch_c_scan_7x6,18042080,45476664,8228656
12:39:51,588107,batch_c_scan_7x6,18042388,45476664,8228348
12:39:53,588107,batch_c_scan_7x6,18042388,45476664,8228348
12:39:54,588107,batch_c_scan_7x6,18042388,45476664,8228348
12:39:55,588107,batch_c_scan_7x6,18042396,45476664,8228340
12:39:56,588107,batch_c_scan_7x6,18042396,45476664,8228340
12:39:57,588107,batch_c_scan_7x6,18042408,45476664,8228328
12:39:58,588107,batch_c_scan_7x6,18042412,45476664,8228324
12:39:59,588107,batch_c_scan_7x6,18042412,45476664,8228324
12:40:00,588107,batch_c_scan_7x6,18042412,45476664,8228324
12:40:01,588107,batch_c_scan_7x6,18042416,45476664,8228320
12:40:02,588107,batch_c_scan_7x6,18042416,45476664,8228320
12:40:03,588107,batch_c_scan_7x6,18042416,45476664,8228320
12:40:04,588107,batch_c_scan_7x6,18042416,45476664,8228320
12:40:05,588107,batch_c_scan_7x6,18042416,45476664,8228320
12:40:06,588107,batch_c_scan_7x6,18042416,45476664,8228320
12:40:07,588107,batch_c_scan_7x6,18042416,45476664,8228320
12:40:08,588107,batch_c_scan_7x6,18042416,45476664,8228320
12:40:09,588107,batch_c_scan_7x6,18042416,45476664,8228320
12:40:10,588107,batch_c_scan_7x6,18042420,45476664,8228316
12:40:11,588107,batch_c_scan_7x6,18042420,45476664,8228316
12:40:12,588107,batch_c_scan_7x6,18042420,45476664,8228316
12:40:13,588107,batch_c_scan_7x6,18042424,45476664,8228312
12:40:14,588107,batch_c_scan_7x6,18043004,45476664,8227732
12:40:15,588107,batch_c_scan_7x6,18043012,45476664,8227724
12:40:16,588107,batch_c_scan_7x6,18043016,45476664,8227720
12:40:17,588107,batch_c_scan_7x6,18043020,45476664,8227716
12:40:18,588107,batch_c_scan_7x6,18043024,45476664,8227712
12:40:19,588107,batch_c_scan_7x6,18043628,45476664,8227108
12:40:20,588107,batch_c_scan_7x6,18043636,45476664,8227100
12:40:21,588107,batch_c_scan_7x6,18043636,45476664,8227100
12:40:22,588107,batch_c_scan_7x6,18043640,45476664,8227096
12:40:23,588107,batch_c_scan_7x6,18043640,45476664,8227096
12:40:24,588107,batch_c_scan_7x6,18043752,45476664,8226984
12:40:25,588107,batch_c_scan_7x6,18043752,45476664,8226984
12:40:26,588107,batch_c_scan_7x6,18043752,45476664,8226984
12:40:27,588107,batch_c_scan_7x6,18043756,45476664,8226980
12:40:28,588107,batch_c_scan_7x6,18043760,45476664,8226976
12:40:29,588107,batch_c_scan_7x6,18043760,45476664,8226976
12:40:30,588107,batch_c_scan_7x6,18043764,45476664,8226972
12:40:31,588107,batch_c_scan_7x6,18043764,45476664,8226972
12:40:32,588107,batch_c_scan_7x6,18044828,45476664,8225908
12:40:33,588107,batch_c_scan_7x6,18045296,45476664,8225440
12:40:34,588107,batch_c_scan_7x6,18045312,45476664,8225424
12:40:35,588107,batch_c_scan_7x6,18045392,45476664,8225344
12:40:36,588107,batch_c_scan_7x6,18045396,45476664,8225340
12:40:37,588107,batch_c_scan_7x6,18045396,45476664,8225340
12:40:38,588107,batch_c_scan_7x6,18045396,45476664,8225340
12:40:39,588107,batch_c_scan_7x6,18045396,45476664,8225340
12:40:41,588107,batch_c_scan_7x6,18045400,45476664,8225336
12:40:42,588107,batch_c_scan_7x6,18045400,45476664,8225336
12:40:43,588107,batch_c_scan_7x6,18045400,45476664,8225336
12:40:44,588107,batch_c_scan_7x6,18045404,45476664,8225332
12:40:45,588107,batch_c_scan_7x6,18045408,45476664,8225328
12:40:46,588107,batch_c_scan_7x6,18045412,45476664,8225324
12:40:47,588107,batch_c_scan_7x6,18045412,45476664,8225324
12:40:48,588107,batch_c_scan_7x6,18045412,45476664,8225324
12:40:49,588107,batch_c_scan_7x6,18045412,45476664,8225324
12:40:50,588107,batch_c_scan_7x6,18045412,45476664,8225324
12:40:51,588107,batch_c_scan_7x6,18045412,45476664,8225324
12:40:52,588107,batch_c_scan_7x6,18045412,45476664,8225324
12:40:53,588107,batch_c_scan_7x6,18045412,45476664,8225324
12:40:54,588107,batch_c_scan_7x6,18045412,45476664,8225324
12:40:55,588107,batch_c_scan_7x6,18045412,45476664,8225324
12:40:56,588107,batch_c_scan_7x6,18045804,45476664,8224932
12:40:57,588107,batch_c_scan_7x6,18045804,45476664,8224932
12:40:58,588107,batch_c_scan_7x6,18045804,45476664,8224932
12:40:59,588107,batch_c_scan_7x6,18045804,45476664,8224932
12:41:00,588107,batch_c_scan_7x6,18045808,45476664,8224928
12:41:01,588107,batch_c_scan_7x6,18045808,45476664,8224928
12:41:02,588107,batch_c_scan_7x6,18045808,45476664,8224928
12:41:03,588107,batch_c_scan_7x6,18045812,45476664,8224924
12:41:04,588107,batch_c_scan_7x6,18045812,45476664,8224924
12:41:05,588107,batch_c_scan_7x6,18045812,45476664,8224924
12:41:06,588107,batch_c_scan_7x6,18045812,45476664,8224924
12:41:07,588107,batch_c_scan_7x6,18045812,45476664,8224924
12:41:08,588107,batch_c_scan_7x6,18045812,45476664,8224924
12:41:09,588107,batch_c_scan_7x6,18045812,45476664,8224924
12:41:10,588107,batch_c_scan_7x6,18045812,45476664,8224924
12:41:11,588107,batch_c_scan_7x6,18045812,45476664,8224924
12:41:12,588107,batch_c_scan_7x6,18045812,45476664,8224924
12:41:13,588107,batch_c_scan_7x6,18045812,45476664,8224924
12:41:14,588107,batch_c_scan_7x6,18045960,45476664,8224776
12:41:15,588107,batch_c_scan_7x6,18045960,45476664,8224776
12:41:16,588107,batch_c_scan_7x6,18045960,45476664,8224776
12:41:17,588107,batch_c_scan_7x6,18045960,45476664,8224776
12:41:18,588107,batch_c_scan_7x6,18045968,45476664,8224768
12:41:19,588107,batch_c_scan_7x6,18045968,45476664,8224768
12:41:20,588107,batch_c_scan_7x6,18045968,45476664,8224768
12:41:21,588107,batch_c_scan_7x6,18045968,45476664,8224768
12:41:22,588107,batch_c_scan_7x6,18045968,45476664,8224768
12:41:23,588107,batch_c_scan_7x6,18045968,45476664,8224768
12:41:24,588107,batch_c_scan_7x6,18045968,45476664,8224768
12:41:25,588107,batch_c_scan_7x6,18045968,45476664,8224768
12:41:26,588107,batch_c_scan_7x6,18045968,45476664,8224768
12:41:27,588107,batch_c_scan_7x6,18045968,45476664,8224768
12:41:28,588107,batch_c_scan_7x6,18045968,45476664,8224768
12:41:29,588107,batch_c_scan_7x6,18045968,45476664,8224768
12:41:30,588107,batch_c_scan_7x6,18045972,45476664,8224764
12:41:31,588107,batch_c_scan_7x6,18045972,45476664,8224764
12:41:32,588107,batch_c_scan_7x6,18045972,45476664,8224764
12:41:33,588107,batch_c_scan_7x6,18045972,45476664,8224764
12:41:35,588107,batch_c_scan_7x6,18045972,45476664,8224764
12:41:36,588107,batch_c_scan_7x6,18045972,45476664,8224764
12:41:37,588107,batch_c_scan_7x6,18045972,45476664,8224764
12:41:38,588107,batch_c_scan_7x6,18045972,45476664,8224764
12:41:39,588107,batch_c_scan_7x6,18045972,45476664,8224764
12:41:40,588107,batch_c_scan_7x6,18045972,45476664,8224764
12:41:41,588107,batch_c_scan_7x6,18045972,45476664,8224764
12:41:42,588107,batch_c_scan_7x6,18045972,45476664,8224764
12:41:43,588107,batch_c_scan_7x6,18045972,45476664,8224764
12:41:44,588107,batch_c_scan_7x6,18045972,45476664,8224764
12:41:45,588107,batch_c_scan_7x6,18045972,45476664,8224764
12:41:46,588107,batch_c_scan_7x6,18045972,45476664,8224764
12:41:47,588107,batch_c_scan_7x6,18045972,45476664,8224764
12:41:48,588107,batch_c_scan_7x6,18045972,45476664,8224764
12:41:49,588107,batch_c_scan_7x6,18045972,45476664,8224764
12:41:50,588107,batch_c_scan_7x6,18045972,45476664,8224764
12:41:51,588107,batch_c_scan_7x6,18045972,45476664,8224764
12:41:52,588107,batch_c_scan_7x6,18046852,45476664,8223884
12:41:53,588107,batch_c_scan_7x6,18046852,45476664,8223884
12:41:54,588107,batch_c_scan_7x6,18046852,45476664,8223884
12:41:55,588107,batch_c_scan_7x6,18046856,45476664,8223880
12:41:56,588107,batch_c_scan_7x6,18046856,45476664,8223880
12:41:57,588107,batch_c_scan_7x6,18046856,45476664,8223880
12:41:58,588107,batch_c_scan_7x6,18046860,45476664,8223876
12:41:59,588107,batch_c_scan_7x6,18046860,45476664,8223876
12:42:00,588107,batch_c_scan_7x6,18046860,45476664,8223876
12:42:01,588107,batch_c_scan_7x6,18046860,45476664,8223876
12:42:02,588107,batch_c_scan_7x6,18046864,45476664,8223872
12:42:03,588107,batch_c_scan_7x6,18046864,45476664,8223872
12:42:04,588107,batch_c_scan_7x6,18046864,45476664,8223872
12:42:05,588107,batch_c_scan_7x6,18046864,45476664,8223872
12:42:06,588107,batch_c_scan_7x6,18046868,45476664,8223868
12:42:07,588107,batch_c_scan_7x6,18046868,45476664,8223868
12:42:08,588107,batch_c_scan_7x6,18046868,45476664,8223868
12:42:09,588107,batch_c_scan_7x6,18046868,45476664,8223868
12:42:10,588107,batch_c_scan_7x6,18046868,45476664,8223868
12:42:11,588107,batch_c_scan_7x6,18046868,45476664,8223868
12:42:12,588107,batch_c_scan_7x6,18046868,45476664,8223868
12:42:13,588107,batch_c_scan_7x6,18047888,45476664,8222848
12:42:14,588107,batch_c_scan_7x6,18047888,45476664,8222848
12:42:15,588107,batch_c_scan_7x6,18047888,45476664,8222848
12:42:16,588107,batch_c_scan_7x6,18047892,45476664,8222844
12:42:17,588107,batch_c_scan_7x6,18047892,45476664,8222844
12:42:18,588107,batch_c_scan_7x6,18047892,45476664,8222844
12:42:19,588107,batch_c_scan_7x6,18047892,45476664,8222844
12:42:20,588107,batch_c_scan_7x6,18047896,45476664,8222840
12:42:21,588107,batch_c_scan_7x6,18047896,45476664,8222840
12:42:22,588107,batch_c_scan_7x6,18047896,45476664,8222840
12:42:23,588107,batch_c_scan_7x6,18047896,45476664,8222840
12:42:24,588107,batch_c_scan_7x6,18047896,45476664,8222840
12:42:25,588107,batch_c_scan_7x6,18048848,45476664,8221888
12:42:26,588107,batch_c_scan_7x6,18048848,45476664,8221888
12:42:28,588107,batch_c_scan_7x6,18048848,45476664,8221888
12:42:29,588107,batch_c_scan_7x6,18048848,45476664,8221888
12:42:30,588107,batch_c_scan_7x6,18048848,45476664,8221888
12:42:31,588107,batch_c_scan_7x6,18049596,45476664,8221140
12:42:32,588107,batch_c_scan_7x6,18049596,45476664,8221140
12:42:33,588107,batch_c_scan_7x6,18049920,45476664,8220816
12:42:34,588107,batch_c_scan_7x6,18049920,45476664,8220816
12:42:35,588107,batch_c_scan_7x6,18049924,45476664,8220812
12:42:36,588107,batch_c_scan_7x6,18049924,45476664,8220812
12:42:37,588107,batch_c_scan_7x6,18049924,45476664,8220812
12:42:38,588107,batch_c_scan_7x6,18050244,45476664,8220492
12:42:39,588107,batch_c_scan_7x6,18050244,45476664,8220492
12:42:40,588107,batch_c_scan_7x6,18050244,45476664,8220492
12:42:41,588107,batch_c_scan_7x6,18050244,45476664,8220492
12:42:42,588107,batch_c_scan_7x6,18050244,45476664,8220492
12:42:43,588107,batch_c_scan_7x6,18050292,45476664,8220444
12:42:44,588107,batch_c_scan_7x6,18050292,45476664,8220444
12:42:45,588107,batch_c_scan_7x6,18050292,45476664,8220444
12:42:46,588107,batch_c_scan_7x6,18050292,45476664,8220444
12:42:47,588107,batch_c_scan_7x6,18050296,45476664,8220440
12:42:48,588107,batch_c_scan_7x6,18050296,45476664,8220440
12:42:49,588107,batch_c_scan_7x6,18050296,45476664,8220440
12:42:50,588107,batch_c_scan_7x6,18050296,45476664,8220440
12:42:51,588107,batch_c_scan_7x6,18050296,45476664,8220440
12:42:52,588107,batch_c_scan_7x6,18050296,45476664,8220440
12:42:53,588107,batch_c_scan_7x6,18050296,45476664,8220440
12:42:54,588107,batch_c_scan_7x6,18050296,45476664,8220440
12:42:55,588107,batch_c_scan_7x6,18050312,45476664,8220424
12:42:56,588107,batch_c_scan_7x6,18050312,45476664,8220424
12:42:57,588107,batch_c_scan_7x6,18050312,45476664,8220424
12:42:58,588107,batch_c_scan_7x6,18050312,45476664,8220424
12:42:59,588107,batch_c_scan_7x6,18050312,45476664,8220424
12:43:00,588107,batch_c_scan_7x6,18050312,45476664,8220424
12:43:01,588107,batch_c_scan_7x6,18050312,45476664,8220424
12:43:02,588107,batch_c_scan_7x6,18050312,45476664,8220424
12:43:03,588107,batch_c_scan_7x6,18050312,45476664,8220424
12:43:04,588107,batch_c_scan_7x6,18050312,45476664,8220424
12:43:05,588107,batch_c_scan_7x6,18050312,45476664,8220424
12:43:06,588107,batch_c_scan_7x6,18050312,45476664,8220424
12:43:07,588107,batch_c_scan_7x6,18050312,45476664,8220424
12:43:08,588107,batch_c_scan_7x6,18050312,45476664,8220424
12:43:09,588107,batch_c_scan_7x6,18050312,45476664,8220424
12:43:10,588107,batch_c_scan_7x6,18050312,45476664,8220424
12:43:11,588107,batch_c_scan_7x6,18050312,45476664,8220424
12:43:12,588107,batch_c_scan_7x6,18050604,45476664,8220132
12:43:13,588107,batch_c_scan_7x6,18050604,45476664,8220132
12:43:14,588107,batch_c_scan_7x6,18050604,45476664,8220132
12:43:15,588107,batch_c_scan_7x6,18050604,45476664,8220132
12:43:16,588107,batch_c_scan_7x6,18050724,45476664,8220012
12:43:17,588107,batch_c_scan_7x6,18050724,45476664,8220012
12:43:18,588107,batch_c_scan_7x6,18050724,45476664,8220012
12:43:19,588107,batch_c_scan_7x6,18050724,45476664,8220012
12:43:20,588107,batch_c_scan_7x6,18050724,45476664,8220012
12:43:22,588107,batch_c_scan_7x6,18050996,45476664,8219740
12:43:23,588107,batch_c_scan_7x6,18050996,45476664,8219740
12:43:24,588107,batch_c_scan_7x6,18050996,45476664,8219740
12:43:25,588107,batch_c_scan_7x6,18050996,45476664,8219740
12:43:26,588107,batch_c_scan_7x6,18050996,45476664,8219740
12:43:27,588107,batch_c_scan_7x6,18050996,45476664,8219740
12:43:28,588107,batch_c_scan_7x6,18050996,45476664,8219740
12:43:29,588107,batch_c_scan_7x6,18050996,45476664,8219740
12:43:30,588107,batch_c_scan_7x6,18050996,45476664,8219740
12:43:31,588107,batch_c_scan_7x6,18050996,45476664,8219740
12:43:32,588107,batch_c_scan_7x6,18050996,45476664,8219740
12:43:33,588107,batch_c_scan_7x6,18050996,45476664,8219740
12:43:34,588107,batch_c_scan_7x6,18050996,45476664,8219740
12:43:35,588107,batch_c_scan_7x6,18050996,45476664,8219740
12:43:36,588107,batch_c_scan_7x6,18050996,45476664,8219740
12:43:37,588107,batch_c_scan_7x6,18050996,45476664,8219740
12:43:38,588107,batch_c_scan_7x6,18050996,45476664,8219740
12:43:39,588107,batch_c_scan_7x6,18050996,45476664,8219740
12:43:40,588107,batch_c_scan_7x6,18051000,45476664,8219736
12:43:41,588107,batch_c_scan_7x6,18051000,45476664,8219736
12:43:42,588107,batch_c_scan_7x6,18051000,45476664,8219736
12:43:43,588107,batch_c_scan_7x6,18051000,45476664,8219736
12:43:44,588107,batch_c_scan_7x6,18051000,45476664,8219736
12:43:45,588107,batch_c_scan_7x6,18051000,45476664,8219736
12:43:46,588107,batch_c_scan_7x6,18051000,45476664,8219736
12:43:47,588107,batch_c_scan_7x6,18051000,45476664,8219736
12:43:48,588107,batch_c_scan_7x6,18051000,45476664,8219736
12:43:49,588107,batch_c_scan_7x6,18051000,45476664,8219736
12:43:50,588107,batch_c_scan_7x6,18051000,45476664,8219736
12:43:51,588107,batch_c_scan_7x6,18051000,45476664,8219736
12:43:52,588107,batch_c_scan_7x6,18051000,45476664,8219736
12:43:53,588107,batch_c_scan_7x6,18051000,45476664,8219736
12:43:54,588107,batch_c_scan_7x6,18051000,45476664,8219736
12:43:55,588107,batch_c_scan_7x6,18051000,45476664,8219736
12:43:56,588107,batch_c_scan_7x6,18051000,45476664,8219736
12:43:57,588107,batch_c_scan_7x6,18051000,45476664,8219736
12:43:58,588107,batch_c_scan_7x6,18051000,45476664,8219736
12:43:59,588107,batch_c_scan_7x6,18051000,45476664,8219736
12:44:00,588107,batch_c_scan_7x6,18051000,45476664,8219736
12:44:01,588107,batch_c_scan_7x6,18051000,45476664,8219736
12:44:02,588107,batch_c_scan_7x6,18051000,45476664,8219736
12:44:03,588107,batch_c_scan_7x6,18051000,45476664,8219736
12:44:04,588107,batch_c_scan_7x6,18051000,45476664,8219736
12:44:05,588107,batch_c_scan_7x6,18051000,45476664,8219736
12:44:06,588107,batch_c_scan_7x6,18051000,45476664,8219736
12:44:07,588107,batch_c_scan_7x6,18051000,45476664,8219736
12:44:08,588107,batch_c_scan_7x6,18051000,45476664,8219736
12:44:09,588107,batch_c_scan_7x6,18051000,45476664,8219736
12:44:10,588107,batch_c_scan_7x6,18051000,45476664,8219736
12:44:11,588107,batch_c_scan_7x6,18051000,45476664,8219736
12:44:12,588107,batch_c_scan_7x6,18051000,45476664,8219736
12:44:13,588107,batch_c_scan_7x6,18051000,45476664,8219736
12:44:15,588107,batch_c_scan_7x6,18051000,45476664,8219736
12:44:16,588107,batch_c_scan_7x6,18051000,45476664,8219736
12:44:17,588107,batch_c_scan_7x6,18051000,45476664,8219736
12:44:18,588107,batch_c_scan_7x6,18051000,45476664,8219736
12:44:19,588107,batch_c_scan_7x6,18051000,45476664,8219736
12:44:20,588107,batch_c_scan_7x6,18051000,45476664,8219736
12:44:21,588107,batch_c_scan_7x6,18051000,45476664,8219736
12:44:22,588107,batch_c_scan_7x6,18051000,45476664,8219736
12:44:23,588107,batch_c_scan_7x6,18051004,45476664,8219732
12:44:24,588107,batch_c_scan_7x6,18051004,45476664,8219732
12:44:25,588107,batch_c_scan_7x6,18051004,45476664,8219732
12:44:26,588107,batch_c_scan_7x6,18051004,45476664,8219732
12:44:27,588107,batch_c_scan_7x6,18051004,45476664,8219732
12:44:28,588107,batch_c_scan_7x6,18051004,45476664,8219732
12:44:29,588107,batch_c_scan_7x6,18051028,45476664,8219732
12:44:30,588107,batch_c_scan_7x6,18051004,45476664,8219732
12:44:31,588107,batch_c_scan_7x6,18051004,45476664,8219732
12:44:32,588107,batch_c_scan_7x6,18051004,45476664,8219732
12:44:33,588107,batch_c_scan_7x6,18051004,45476664,8219732
12:44:34,588107,batch_c_scan_7x6,18051004,45476664,8219732
12:44:35,588107,batch_c_scan_7x6,18051004,45476664,8219732
12:44:36,588107,batch_c_scan_7x6,18051004,45476664,8219732
12:44:37,588107,batch_c_scan_7x6,18051004,45476664,8219732
12:44:38,588107,batch_c_scan_7x6,18051004,45476664,8219732
12:44:39,588107,batch_c_scan_7x6,18051004,45476664,8219732
12:44:40,588107,batch_c_scan_7x6,18051008,45476664,8219728
12:44:41,588107,batch_c_scan_7x6,18051008,45476664,8219728
12:44:42,588107,batch_c_scan_7x6,18051008,45476664,8219728
12:44:43,588107,batch_c_scan_7x6,18051008,45476664,8219728
12:44:44,588107,batch_c_scan_7x6,18051008,45476664,8219728
12:44:45,588107,batch_c_scan_7x6,18051008,45476664,8219728
12:44:46,588107,batch_c_scan_7x6,18051008,45476664,8219728
12:44:47,588107,batch_c_scan_7x6,18051032,45476664,8219704
12:44:48,588107,batch_c_scan_7x6,18051032,45476664,8219704
12:44:49,588107,batch_c_scan_7x6,18051032,45476664,8219704
12:44:50,588107,batch_c_scan_7x6,18051032,45476664,8219704
12:44:51,588107,batch_c_scan_7x6,18051032,45476664,8219704
12:44:52,588107,batch_c_scan_7x6,18051032,45476664,8219704
12:44:53,588107,batch_c_scan_7x6,18051032,45476664,8219704
12:44:54,588107,batch_c_scan_7x6,18051032,45476664,8219704
12:44:55,588107,batch_c_scan_7x6,18051032,45476664,8219704
12:44:56,588107,batch_c_scan_7x6,18051060,45476664,8219676
12:44:57,588107,batch_c_scan_7x6,18051060,45476664,8219676
12:44:58,588107,batch_c_scan_7x6,18051060,45476664,8219676
12:44:59,588107,batch_c_scan_7x6,18051084,45476664,8219676
12:45:00,588107,batch_c_scan_7x6,18051060,45476664,8219676
12:45:01,588107,batch_c_scan_7x6,18051060,45476664,8219676
12:45:02,588107,batch_c_scan_7x6,18051060,45476664,8219676
12:45:03,588107,batch_c_scan_7x6,18051060,45476664,8219676
12:45:04,588107,batch_c_scan_7x6,18051060,45476664,8219676
12:45:05,588107,batch_c_scan_7x6,18051060,45476664,8219676
12:45:06,588107,batch_c_scan_7x6,18051060,45476664,8219676
12:45:07,588107,batch_c_scan_7x6,18051060,45476664,8219676
12:45:09,588107,batch_c_scan_7x6,18051060,45476664,8219676
12:45:10,588107,batch_c_scan_7x6,18051060,45476664,8219676
12:45:11,588107,batch_c_scan_7x6,18051060,45476664,8219676
12:45:12,588107,batch_c_scan_7x6,18051060,45476664,8219676
12:45:13,588107,batch_c_scan_7x6,18051060,45476664,8219676
12:45:14,588107,batch_c_scan_7x6,18051060,45476664,8219676
12:45:15,588107,batch_c_scan_7x6,18051060,45476664,8219676
12:45:16,588107,batch_c_scan_7x6,18051060,45476664,8219676
12:45:17,588107,batch_c_scan_7x6,18051060,45476664,8219676
12:45:18,588107,batch_c_scan_7x6,18051060,45476664,8219676
12:45:19,588107,batch_c_scan_7x6,18051060,45476664,8219676
12:45:20,588107,batch_c_scan_7x6,18051060,45476664,8219676
12:45:21,588107,batch_c_scan_7x6,18051060,45476664,8219676
12:45:22,588107,batch_c_scan_7x6,18051060,45476664,8219676
12:45:23,588107,batch_c_scan_7x6,18051060,45476664,8219676
12:45:24,588107,batch_c_scan_7x6,18051060,45476664,8219676
12:45:25,588107,batch_c_scan_7x6,18051060,45476664,8219676
12:45:26,588107,batch_c_scan_7x6,18051060,45476664,8219676
12:45:27,588107,batch_c_scan_7x6,18051060,45476664,8219676
12:45:28,588107,batch_c_scan_7x6,18051184,45476664,8219552
12:45:29,588107,batch_c_scan_7x6,18051288,45476664,8219448
12:45:30,588107,batch_c_scan_7x6,18051288,45476664,8219448
12:45:31,588107,batch_c_scan_7x6,18051288,45476664,8219448
12:45:32,588107,batch_c_scan_7x6,18051288,45476664,8219448
12:45:33,588107,batch_c_scan_7x6,18051288,45476664,8219448
12:45:34,588107,batch_c_scan_7x6,18051288,45476664,8219448
12:45:35,588107,batch_c_scan_7x6,18051288,45476664,8219448
12:45:36,588107,batch_c_scan_7x6,18051288,45476664,8219448
12:45:37,588107,batch_c_scan_7x6,18051288,45476664,8219448
12:45:38,588107,batch_c_scan_7x6,18051288,45476664,8219448
12:45:39,588107,batch_c_scan_7x6,18051288,45476664,8219448
12:45:40,588107,batch_c_scan_7x6,18051288,45476664,8219448
12:45:41,588107,batch_c_scan_7x6,18051324,45476664,8219412
12:45:42,588107,batch_c_scan_7x6,18051324,45476664,8219412
12:45:43,588107,batch_c_scan_7x6,18051328,45476664,8219408
12:45:44,588107,batch_c_scan_7x6,18051328,45476664,8219408
12:45:45,588107,batch_c_scan_7x6,18051328,45476664,8219408
12:45:46,588107,batch_c_scan_7x6,18051328,45476664,8219408
12:45:47,588107,batch_c_scan_7x6,18051332,45476664,8219404
12:45:48,588107,batch_c_scan_7x6,18051332,45476664,8219404
12:45:49,588107,batch_c_scan_7x6,18051332,45476664,8219404
12:45:50,588107,batch_c_scan_7x6,18051336,45476664,8219400
12:45:51,588107,batch_c_scan_7x6,18051336,45476664,8219400
12:45:52,588107,batch_c_scan_7x6,18051336,45476664,8219400
12:45:53,588107,batch_c_scan_7x6,18051580,45476664,8219156
12:45:54,588107,batch_c_scan_7x6,18051596,45476664,8219140
12:45:55,588107,batch_c_scan_7x6,18051824,45476664,8218912
12:45:56,588107,batch_c_scan_7x6,18051824,45476664,8218912
12:45:57,588107,batch_c_scan_7x6,18052460,45476664,8218276
12:45:58,588107,batch_c_scan_7x6,18052460,45476664,8218276
12:45:59,588107,batch_c_scan_7x6,18052460,45476664,8218276
12:46:00,588107,batch_c_scan_7x6,18052460,45476664,8218276
12:46:02,588107,batch_c_scan_7x6,18052460,45476664,8218276
12:46:03,588107,batch_c_scan_7x6,18052460,45476664,8218276
12:46:04,588107,batch_c_scan_7x6,18052460,45476664,8218276
12:46:05,588107,batch_c_scan_7x6,18052460,45476664,8218276
12:46:06,588107,batch_c_scan_7x6,18052460,45476664,8218276
12:46:07,588107,batch_c_scan_7x6,18052460,45476664,8218276
12:46:08,588107,batch_c_scan_7x6,18052460,45476664,8218276
12:46:09,588107,batch_c_scan_7x6,18052460,45476664,8218276
12:46:10,588107,batch_c_scan_7x6,18052460,45476664,8218276
12:46:11,588107,batch_c_scan_7x6,18052460,45476664,8218276
12:46:12,588107,batch_c_scan_7x6,18052548,45476664,8218188
12:46:13,588107,batch_c_scan_7x6,18052548,45476664,8218188
12:46:14,588107,batch_c_scan_7x6,18052548,45476664,8218188
12:46:15,588107,batch_c_scan_7x6,18052548,45476664,8218188
12:46:16,588107,batch_c_scan_7x6,18052548,45476664,8218188
12:46:17,588107,batch_c_scan_7x6,18052652,45476664,8218084
12:46:18,588107,batch_c_scan_7x6,18052652,45476664,8218084
12:46:19,588107,batch_c_scan_7x6,18052652,45476664,8218084
12:46:20,588107,batch_c_scan_7x6,18052748,45476664,8217988
12:46:21,588107,batch_c_scan_7x6,18052748,45476664,8217988
12:46:22,588107,batch_c_scan_7x6,18052748,45476664,8217988
12:46:23,588107,batch_c_scan_7x6,18052748,45476664,8217988
12:46:24,588107,batch_c_scan_7x6,18052748,45476664,8217988
12:46:25,588107,batch_c_scan_7x6,18052748,45476664,8217988
12:46:26,588107,batch_c_scan_7x6,18052748,45476664,8217988
12:46:27,588107,batch_c_scan_7x6,18052748,45476664,8217988
12:46:28,588107,batch_c_scan_7x6,18052748,45476664,8217988
12:46:29,588107,batch_c_scan_7x6,18052752,45476664,8217984
12:46:30,588107,batch_c_scan_7x6,18052752,45476664,8217984
12:46:31,588107,batch_c_scan_7x6,18052752,45476664,8217984
12:46:32,588107,batch_c_scan_7x6,18052752,45476664,8217984
12:46:33,588107,batch_c_scan_7x6,18052752,45476664,8217984
12:46:34,588107,batch_c_scan_7x6,18052756,45476664,8217980
12:46:35,588107,batch_c_scan_7x6,18052756,45476664,8217980
12:46:36,588107,batch_c_scan_7x6,18052756,45476664,8217980
12:46:37,588107,batch_c_scan_7x6,18052924,45476664,8217812
12:46:38,588107,batch_c_scan_7x6,18052924,45476664,8217812
12:46:39,588107,batch_c_scan_7x6,18052924,45476664,8217812
12:46:40,588107,batch_c_scan_7x6,18053432,45476664,8217304
12:46:41,588107,batch_c_scan_7x6,18053436,45476664,8217300
12:46:42,588107,batch_c_scan_7x6,18053436,45476664,8217300
12:46:43,588107,batch_c_scan_7x6,18053436,45476664,8217300
12:46:44,588107,batch_c_scan_7x6,18053436,45476664,8217300
12:46:45,588107,batch_c_scan_7x6,18053440,45476664,8217296
12:46:46,588107,batch_c_scan_7x6,18053440,45476664,8217296
12:46:47,588107,batch_c_scan_7x6,18053440,45476664,8217296
12:46:48,588107,batch_c_scan_7x6,18053440,45476664,8217296
12:46:49,588107,batch_c_scan_7x6,18053440,45476664,8217296
12:46:50,588107,batch_c_scan_7x6,18053444,45476664,8217292
12:46:51,588107,batch_c_scan_7x6,18053444,45476664,8217292
12:46:52,588107,batch_c_scan_7x6,18053444,45476664,8217292
12:46:53,588107,batch_c_scan_7x6,18053444,45476664,8217292
12:46:54,588107,batch_c_scan_7x6,18054028,45476664,8216708
12:46:56,588107,batch_c_scan_7x6,18054032,45476664,8216704
12:46:57,588107,batch_c_scan_7x6,18054032,45476664,8216704
12:46:58,588107,batch_c_scan_7x6,18054280,45476664,8216456
12:46:59,588107,batch_c_scan_7x6,18054280,45476664,8216456
12:47:00,588107,batch_c_scan_7x6,18054288,45476664,8216448
12:47:01,588107,batch_c_scan_7x6,18054288,45476664,8216448
12:47:02,588107,batch_c_scan_7x6,18054288,45476664,8216448
12:47:03,588107,batch_c_scan_7x6,18054288,45476664,8216448
12:47:04,588107,batch_c_scan_7x6,18054288,45476664,8216448
12:47:05,588107,batch_c_scan_7x6,18054288,45476664,8216448
12:47:06,588107,batch_c_scan_7x6,18054288,45476664,8216448
12:47:07,588107,batch_c_scan_7x6,18054292,45476664,8216444
12:47:08,588107,batch_c_scan_7x6,18054292,45476664,8216444
12:47:09,588107,batch_c_scan_7x6,18054292,45476664,8216444
12:47:10,588107,batch_c_scan_7x6,18054292,45476664,8216444
12:47:11,588107,batch_c_scan_7x6,18054292,45476664,8216444
12:47:12,588107,batch_c_scan_7x6,18054292,45476664,8216444
12:47:13,588107,batch_c_scan_7x6,18054296,45476664,8216440
12:47:14,588107,batch_c_scan_7x6,18054296,45476664,8216440
12:47:15,588107,batch_c_scan_7x6,18054296,45476664,8216440
12:47:16,588107,batch_c_scan_7x6,18054296,45476664,8216440
12:47:17,588107,batch_c_scan_7x6,18054296,45476664,8216440
12:47:18,588107,batch_c_scan_7x6,18054420,45476664,8216316
12:47:19,588107,batch_c_scan_7x6,18054448,45476664,8216288
12:47:20,588107,batch_c_scan_7x6,18054448,45476664,8216288
12:47:21,588107,batch_c_scan_7x6,18054728,45476664,8216008
12:47:22,588107,batch_c_scan_7x6,18054728,45476664,8216008
12:47:23,588107,batch_c_scan_7x6,18054748,45476664,8215988
12:47:24,588107,batch_c_scan_7x6,18054756,45476664,8215980
12:47:25,588107,batch_c_scan_7x6,18054756,45476664,8215980
12:47:26,588107,batch_c_scan_7x6,18054756,45476664,8215980
12:47:27,588107,batch_c_scan_7x6,18054780,45476664,8215956
12:47:28,588107,batch_c_scan_7x6,18055004,45476664,8215732
12:47:29,588107,batch_c_scan_7x6,18055120,45476664,8215616
12:47:30,588107,batch_c_scan_7x6,18055120,45476664,8215616
12:47:31,588107,batch_c_scan_7x6,18055120,45476664,8215616
12:47:32,588107,batch_c_scan_7x6,18055628,45476664,8215108
12:47:33,588107,batch_c_scan_7x6,18055628,45476664,8215108
12:47:34,588107,batch_c_scan_7x6,18055900,45476664,8214836
12:47:35,588107,batch_c_scan_7x6,18055900,45476664,8214836
12:47:36,588107,batch_c_scan_7x6,18056156,45476664,8214580
12:47:37,588107,batch_c_scan_7x6,18056156,45476664,8214580
12:47:38,588107,batch_c_scan_7x6,18056160,45476664,8214576
12:47:39,588107,batch_c_scan_7x6,18056160,45476664,8214576
12:47:40,588107,batch_c_scan_7x6,18056328,45476664,8214408
12:47:41,588107,batch_c_scan_7x6,18056328,45476664,8214408
12:47:42,588107,batch_c_scan_7x6,18056328,45476664,8214408
12:47:43,588107,batch_c_scan_7x6,18056332,45476664,8214404
12:47:44,588107,batch_c_scan_7x6,18056332,45476664,8214404
12:47:45,588107,batch_c_scan_7x6,18056332,45476664,8214404
12:47:46,588107,batch_c_scan_7x6,18056332,45476664,8214404
12:47:47,588107,batch_c_scan_7x6,18056332,45476664,8214404
12:47:48,588107,batch_c_scan_7x6,18056332,45476664,8214404
12:47:50,588107,batch_c_scan_7x6,18056332,45476664,8214404
12:47:51,588107,batch_c_scan_7x6,18056336,45476664,8214400
12:47:52,588107,batch_c_scan_7x6,18056336,45476664,8214400
12:47:53,588107,batch_c_scan_7x6,18056336,45476664,8214400
12:47:54,588107,batch_c_scan_7x6,18056336,45476664,8214400
12:47:55,588107,batch_c_scan_7x6,18056336,45476664,8214400
12:47:56,588107,batch_c_scan_7x6,18056340,45476664,8214396
12:47:57,588107,batch_c_scan_7x6,18056340,45476664,8214396
12:47:58,588107,batch_c_scan_7x6,18056456,45476664,8214280
12:47:59,588107,batch_c_scan_7x6,18056456,45476664,8214280
12:48:00,588107,batch_c_scan_7x6,18056456,45476664,8214280
12:48:01,588107,batch_c_scan_7x6,18056460,45476664,8214276
12:48:02,588107,batch_c_scan_7x6,18056460,45476664,8214276
12:48:03,588107,batch_c_scan_7x6,18056460,45476664,8214276
12:48:04,588107,batch_c_scan_7x6,18056460,45476664,8214276
12:48:05,588107,batch_c_scan_7x6,18056460,45476664,8214276
12:48:06,588107,batch_c_scan_7x6,18056476,45476664,8214260
12:48:07,588107,batch_c_scan_7x6,18056480,45476664,8214256
12:48:08,588107,batch_c_scan_7x6,18056480,45476664,8214256
12:48:09,588107,batch_c_scan_7x6,18056480,45476664,8214256
12:48:10,588107,batch_c_scan_7x6,18056480,45476664,8214256
12:48:11,588107,batch_c_scan_7x6,18056480,45476664,8214256
12:48:12,588107,batch_c_scan_7x6,18056480,45476664,8214256
12:48:13,588107,batch_c_scan_7x6,18056484,45476664,8214252
12:48:14,588107,batch_c_scan_7x6,18056484,45476664,8214252
12:48:15,588107,batch_c_scan_7x6,18056484,45476664,8214252
12:48:16,588107,batch_c_scan_7x6,18056484,45476664,8214252
12:48:17,588107,batch_c_scan_7x6,18056484,45476664,8214252
12:48:18,588107,batch_c_scan_7x6,18056484,45476664,8214252
12:48:19,588107,batch_c_scan_7x6,18056484,45476664,8214252
12:48:20,588107,batch_c_scan_7x6,18056488,45476664,8214248
12:48:21,588107,batch_c_scan_7x6,18056488,45476664,8214248
12:48:22,588107,batch_c_scan_7x6,18056488,45476664,8214248
12:48:23,588107,batch_c_scan_7x6,18056488,45476664,8214248
12:48:24,588107,batch_c_scan_7x6,18056488,45476664,8214248
12:48:25,588107,batch_c_scan_7x6,18056492,45476664,8214244
12:48:26,588107,batch_c_scan_7x6,18056492,45476664,8214244
12:48:27,588107,batch_c_scan_7x6,18056492,45476664,8214244
12:48:28,588107,batch_c_scan_7x6,18056492,45476664,8214244
12:48:29,588107,batch_c_scan_7x6,18056492,45476664,8214244
12:48:30,588107,batch_c_scan_7x6,18056492,45476664,8214244
12:48:31,588107,batch_c_scan_7x6,18056496,45476664,8214240
12:48:32,588107,batch_c_scan_7x6,18056496,45476664,8214240
12:48:33,588107,batch_c_scan_7x6,18056496,45476664,8214240
12:48:34,588107,batch_c_scan_7x6,18056496,45476664,8214240
12:48:35,588107,batch_c_scan_7x6,18056496,45476664,8214240
12:48:36,588107,batch_c_scan_7x6,18056496,45476664,8214240
12:48:37,588107,batch_c_scan_7x6,18057180,45476664,8213556
12:48:38,588107,batch_c_scan_7x6,18057184,45476664,8213552
12:48:39,588107,batch_c_scan_7x6,18057572,45476664,8213164
12:48:40,588107,batch_c_scan_7x6,18057576,45476664,8213160
12:48:41,588107,batch_c_scan_7x6,18057576,45476664,8213160
12:48:43,588107,batch_c_scan_7x6,18057576,45476664,8213160
12:48:44,588107,batch_c_scan_7x6,18057576,45476664,8213160
12:48:45,588107,batch_c_scan_7x6,18057580,45476664,8213156
12:48:46,588107,batch_c_scan_7x6,18057580,45476664,8213156
12:48:47,588107,batch_c_scan_7x6,18057580,45476664,8213156
12:48:48,588107,batch_c_scan_7x6,18057580,45476664,8213156
12:48:49,588107,batch_c_scan_7x6,18057580,45476664,8213156
12:48:50,588107,batch_c_scan_7x6,18057584,45476664,8213152
12:48:51,588107,batch_c_scan_7x6,18057584,45476664,8213152
12:48:52,588107,batch_c_scan_7x6,18057584,45476664,8213152
12:48:53,588107,batch_c_scan_7x6,18057584,45476664,8213152
12:48:54,588107,batch_c_scan_7x6,18057584,45476664,8213152
12:48:55,588107,batch_c_scan_7x6,18057584,45476664,8213152
12:48:56,588107,batch_c_scan_7x6,18057588,45476664,8213148
12:48:57,588107,batch_c_scan_7x6,18057588,45476664,8213148
12:48:58,588107,batch_c_scan_7x6,18057588,45476664,8213148
12:48:59,588107,batch_c_scan_7x6,18057588,45476664,8213148
12:49:00,588107,batch_c_scan_7x6,18057588,45476664,8213148
12:49:01,588107,batch_c_scan_7x6,18057588,45476664,8213148
12:49:02,588107,batch_c_scan_7x6,18057592,45476664,8213144
12:49:03,588107,batch_c_scan_7x6,18057596,45476664,8213140
12:49:04,588107,batch_c_scan_7x6,18057596,45476664,8213140
12:49:05,588107,batch_c_scan_7x6,18057596,45476664,8213140
12:49:06,588107,batch_c_scan_7x6,18057596,45476664,8213140
12:49:07,588107,batch_c_scan_7x6,18057596,45476664,8213140
12:49:08,588107,batch_c_scan_7x6,18057600,45476664,8213136
12:49:09,588107,batch_c_scan_7x6,18057600,45476664,8213136
12:49:10,588107,batch_c_scan_7x6,18057600,45476664,8213136
12:49:11,588107,batch_c_scan_7x6,18057600,45476664,8213136
12:49:12,588107,batch_c_scan_7x6,18057600,45476664,8213136
12:49:13,588107,batch_c_scan_7x6,18057772,45476664,8212964
12:49:14,588107,batch_c_scan_7x6,18057772,45476664,8212964
12:49:15,588107,batch_c_scan_7x6,18057772,45476664,8212964
12:49:16,588107,batch_c_scan_7x6,18057772,45476664,8212964
12:49:17,588107,batch_c_scan_7x6,18057772,45476664,8212964
12:49:18,588107,batch_c_scan_7x6,18057772,45476664,8212964
12:49:19,588107,batch_c_scan_7x6,18057772,45476664,8212964
12:49:20,588107,batch_c_scan_7x6,18057772,45476664,8212964
12:49:21,588107,batch_c_scan_7x6,18057772,45476664,8212964
12:49:22,588107,batch_c_scan_7x6,18057772,45476664,8212964
12:49:23,588107,batch_c_scan_7x6,18057772,45476664,8212964
12:49:24,588107,batch_c_scan_7x6,18057772,45476664,8212964
12:49:25,588107,batch_c_scan_7x6,18057776,45476664,8212960
12:49:26,588107,batch_c_scan_7x6,18057776,45476664,8212960
12:49:27,588107,batch_c_scan_7x6,18057776,45476664,8212960
12:49:28,588107,batch_c_scan_7x6,18057776,45476664,8212960
12:49:29,588107,batch_c_scan_7x6,18057776,45476664,8212960
12:49:30,588107,batch_c_scan_7x6,18057780,45476664,8212956
12:49:31,588107,batch_c_scan_7x6,18057872,45476664,8212864
12:49:32,588107,batch_c_scan_7x6,18057872,45476664,8212864
12:49:33,588107,batch_c_scan_7x6,18057872,45476664,8212864
12:49:34,588107,batch_c_scan_7x6,18057872,45476664,8212864
12:49:36,588107,batch_c_scan_7x6,18057872,45476664,8212864
12:49:37,588107,batch_c_scan_7x6,18057872,45476664,8212864
12:49:38,588107,batch_c_scan_7x6,18057872,45476664,8212864
12:49:39,588107,batch_c_scan_7x6,18057872,45476664,8212864
12:49:40,588107,batch_c_scan_7x6,18057876,45476664,8212860
12:49:41,588107,batch_c_scan_7x6,18057876,45476664,8212860
12:49:42,588107,batch_c_scan_7x6,18057876,45476664,8212860
12:49:43,588107,batch_c_scan_7x6,18057876,45476664,8212860
12:49:44,588107,batch_c_scan_7x6,18057876,45476664,8212860
12:49:45,588107,batch_c_scan_7x6,18057876,45476664,8212860
12:49:46,588107,batch_c_scan_7x6,18057884,45476664,8212852
12:49:47,588107,batch_c_scan_7x6,18057956,45476664,8212780
12:49:48,588107,batch_c_scan_7x6,18057956,45476664,8212780
12:49:49,588107,batch_c_scan_7x6,18057956,45476664,8212780
12:49:50,588107,batch_c_scan_7x6,18057964,45476664,8212772
12:49:51,588107,batch_c_scan_7x6,18057968,45476664,8212768
12:49:52,588107,batch_c_scan_7x6,18057972,45476664,8212764
12:49:53,588107,batch_c_scan_7x6,18057972,45476664,8212764
12:49:54,588107,batch_c_scan_7x6,18057972,45476664,8212764
12:49:55,588107,batch_c_scan_7x6,18057972,45476664,8212764
12:49:56,588107,batch_c_scan_7x6,18057976,45476664,8212760
12:49:57,588107,batch_c_scan_7x6,18057980,45476664,8212756
12:49:58,588107,batch_c_scan_7x6,18057980,45476664,8212756
12:49:59,588107,batch_c_scan_7x6,18057980,45476664,8212756
12:50:00,588107,batch_c_scan_7x6,18057980,45476664,8212756
12:50:01,588107,batch_c_scan_7x6,18057980,45476664,8212756
12:50:02,588107,batch_c_scan_7x6,18057980,45476664,8212756
12:50:03,588107,batch_c_scan_7x6,18057988,45476664,8212748
12:50:04,588107,batch_c_scan_7x6,18057988,45476664,8212748
12:50:05,588107,batch_c_scan_7x6,18057988,45476664,8212748
12:50:06,588107,batch_c_scan_7x6,18057988,45476664,8212748
12:50:07,588107,batch_c_scan_7x6,18057988,45476664,8212748
12:50:08,588107,batch_c_scan_7x6,18057988,45476664,8212748
12:50:09,588107,batch_c_scan_7x6,18057992,45476664,8212744
12:50:10,588107,batch_c_scan_7x6,18057992,45476664,8212744
12:50:11,588107,batch_c_scan_7x6,18057996,45476664,8212740
12:50:12,588107,batch_c_scan_7x6,18057996,45476664,8212740
12:50:13,588107,batch_c_scan_7x6,18057996,45476664,8212740
12:50:14,588107,batch_c_scan_7x6,18058000,45476664,8212736
12:50:15,588107,batch_c_scan_7x6,18058000,45476664,8212736
12:50:16,588107,batch_c_scan_7x6,18058000,45476664,8212736
12:50:17,588107,batch_c_scan_7x6,18058504,45476664,8212232
12:50:18,588107,batch_c_scan_7x6,18058504,45476664,8212232
12:50:19,588107,batch_c_scan_7x6,18058504,45476664,8212232
12:50:20,588107,batch_c_scan_7x6,18058512,45476664,8212224
12:50:21,588107,batch_c_scan_7x6,18058512,45476664,8212224
12:50:22,588107,batch_c_scan_7x6,18058512,45476664,8212224
12:50:23,588107,batch_c_scan_7x6,18058512,45476664,8212224
12:50:24,588107,batch_c_scan_7x6,18058512,45476664,8212224
12:50:25,588107,batch_c_scan_7x6,18058516,45476664,8212220
12:50:26,588107,batch_c_scan_7x6,18058516,45476664,8212220
12:50:27,588107,batch_c_scan_7x6,18058516,45476664,8212220
12:50:28,588107,batch_c_scan_7x6,18058520,45476664,8212216
12:50:30,588107,batch_c_scan_7x6,18058520,45476664,8212216
12:50:31,588107,batch_c_scan_7x6,18058520,45476664,8212216
12:50:32,588107,batch_c_scan_7x6,18058524,45476664,8212212
12:50:33,588107,batch_c_scan_7x6,18058524,45476664,8212212
12:50:34,588107,batch_c_scan_7x6,18058524,45476664,8212212
12:50:35,588107,batch_c_scan_7x6,18058524,45476664,8212212
12:50:36,588107,batch_c_scan_7x6,18058528,45476664,8212208
12:50:37,588107,batch_c_scan_7x6,18058528,45476664,8212208
12:50:38,588107,batch_c_scan_7x6,18058532,45476664,8212204
12:50:39,588107,batch_c_scan_7x6,18058532,45476664,8212204
12:50:40,588107,batch_c_scan_7x6,18058532,45476664,8212204
12:50:41,588107,batch_c_scan_7x6,18058532,45476664,8212204
12:50:42,588107,batch_c_scan_7x6,18058540,45476664,8212196
12:50:43,588107,batch_c_scan_7x6,18058540,45476664,8212196
12:50:44,588107,batch_c_scan_7x6,18058540,45476664,8212196
12:50:45,588107,batch_c_scan_7x6,18058540,45476664,8212196
12:50:46,588107,batch_c_scan_7x6,18059036,45476664,8211700
12:50:47,588107,batch_c_scan_7x6,18059036,45476664,8211700
12:50:48,588107,batch_c_scan_7x6,18059044,45476664,8211692
12:50:49,588107,batch_c_scan_7x6,18059044,45476664,8211692
12:50:50,588107,batch_c_scan_7x6,18059044,45476664,8211692
12:50:51,588107,batch_c_scan_7x6,18059044,45476664,8211692
12:50:52,588107,batch_c_scan_7x6,18059044,45476664,8211692
12:50:53,588107,batch_c_scan_7x6,18059044,45476664,8211692
12:50:54,588107,batch_c_scan_7x6,18059048,45476664,8211688
12:50:55,588107,batch_c_scan_7x6,18059048,45476664,8211688
12:50:56,588107,batch_c_scan_7x6,18059048,45476664,8211688
12:50:57,588107,batch_c_scan_7x6,18059048,45476664,8211688
12:50:58,588107,batch_c_scan_7x6,18059048,45476664,8211688
12:50:59,588107,batch_c_scan_7x6,18059048,45476664,8211688
12:51:00,588107,batch_c_scan_7x6,18059048,45476664,8211688
12:51:01,588107,batch_c_scan_7x6,18059048,45476664,8211688
12:51:02,588107,batch_c_scan_7x6,18059048,45476664,8211688
12:51:03,588107,batch_c_scan_7x6,18059048,45476664,8211688
12:51:04,588107,batch_c_scan_7x6,18059048,45476664,8211688
12:51:05,588107,batch_c_scan_7x6,18059048,45476664,8211688
12:51:06,588107,batch_c_scan_7x6,18059052,45476664,8211684
12:51:07,588107,batch_c_scan_7x6,18059052,45476664,8211684
12:51:08,588107,batch_c_scan_7x6,18059052,45476664,8211684
12:51:09,588107,batch_c_scan_7x6,18059052,45476664,8211684
12:51:10,588107,batch_c_scan_7x6,18059052,45476664,8211684
12:51:11,588107,batch_c_scan_7x6,18059052,45476664,8211684
12:51:12,588107,batch_c_scan_7x6,18059332,45476664,8211404
12:51:13,588107,batch_c_scan_7x6,18059332,45476664,8211404
12:51:14,588107,batch_c_scan_7x6,18059332,45476664,8211404
12:51:15,588107,batch_c_scan_7x6,18060612,45476664,8210124
12:51:16,588107,batch_c_scan_7x6,18060612,45476664,8210124
12:51:17,588107,batch_c_scan_7x6,18060612,45476664,8210124
12:51:18,588107,batch_c_scan_7x6,18060612,45476664,8210124
12:51:19,588107,batch_c_scan_7x6,18060616,45476664,8210120
12:51:20,588107,batch_c_scan_7x6,18060616,45476664,8210120
12:51:21,588107,batch_c_scan_7x6,18060616,45476664,8210120
12:51:23,588107,batch_c_scan_7x6,18060616,45476664,8210120
12:51:24,588107,batch_c_scan_7x6,18060616,45476664,8210120
12:51:25,588107,batch_c_scan_7x6,18060620,45476664,8210116
12:51:26,588107,batch_c_scan_7x6,18060620,45476664,8210116
12:51:27,588107,batch_c_scan_7x6,18060620,45476664,8210116
12:51:28,588107,batch_c_scan_7x6,18060620,45476664,8210116
12:51:29,588107,batch_c_scan_7x6,18060620,45476664,8210116
12:51:30,588107,batch_c_scan_7x6,18060620,45476664,8210116
12:51:31,588107,batch_c_scan_7x6,18060620,45476664,8210116
12:51:32,588107,batch_c_scan_7x6,18060624,45476664,8210112
12:51:33,588107,batch_c_scan_7x6,18060624,45476664,8210112
12:51:34,588107,batch_c_scan_7x6,18060624,45476664,8210112
12:51:35,588107,batch_c_scan_7x6,18060624,45476664,8210112
12:51:36,588107,batch_c_scan_7x6,18060624,45476664,8210112
12:51:37,588107,batch_c_scan_7x6,18060624,45476664,8210112
12:51:38,588107,batch_c_scan_7x6,18060624,45476664,8210112
12:51:39,588107,batch_c_scan_7x6,18060628,45476664,8210108
12:51:40,588107,batch_c_scan_7x6,18060628,45476664,8210108
12:51:41,588107,batch_c_scan_7x6,18060788,45476664,8209948
12:51:42,588107,batch_c_scan_7x6,18061656,45476664,8209080
12:51:43,588107,batch_c_scan_7x6,18061656,45476664,8209080
12:51:44,588107,batch_c_scan_7x6,18061656,45476664,8209080
12:51:45,588107,batch_c_scan_7x6,18061656,45476664,8209080
12:51:46,588107,batch_c_scan_7x6,18061660,45476664,8209076
12:51:47,588107,batch_c_scan_7x6,18061660,45476664,8209076
12:51:48,588107,batch_c_scan_7x6,18061660,45476664,8209076
12:51:49,588107,batch_c_scan_7x6,18061660,45476664,8209076
12:51:50,588107,batch_c_scan_7x6,18061660,45476664,8209076
12:51:51,588107,batch_c_scan_7x6,18062984,45476664,8207752
12:51:52,588107,batch_c_scan_7x6,18062984,45476664,8207752
12:51:53,588107,batch_c_scan_7x6,18062984,45476664,8207752
12:51:54,588107,batch_c_scan_7x6,18062988,45476664,8207748
12:51:55,588107,batch_c_scan_7x6,18063540,45476664,8207196
12:51:56,588107,batch_c_scan_7x6,18063540,45476664,8207196
12:51:57,588107,batch_c_scan_7x6,18063540,45476664,8207196
12:51:58,588107,batch_c_scan_7x6,18063540,45476664,8207196
12:51:59,588107,batch_c_scan_7x6,18063540,45476664,8207196
12:52:00,588107,batch_c_scan_7x6,18063540,45476664,8207196
12:52:01,588107,batch_c_scan_7x6,18063544,45476664,8207192
12:52:02,588107,batch_c_scan_7x6,18063544,45476664,8207192
12:52:03,588107,batch_c_scan_7x6,18063544,45476664,8207192
12:52:04,588107,batch_c_scan_7x6,18063544,45476664,8207192
12:52:05,588107,batch_c_scan_7x6,18063544,45476664,8207192
12:52:06,588107,batch_c_scan_7x6,18063544,45476664,8207192
12:52:07,588107,batch_c_scan_7x6,18063544,45476664,8207192
12:52:08,588107,batch_c_scan_7x6,18063548,45476664,8207188
12:52:09,588107,batch_c_scan_7x6,18063548,45476664,8207188
12:52:10,588107,batch_c_scan_7x6,18063548,45476664,8207188
12:52:11,588107,batch_c_scan_7x6,18063548,45476664,8207188
12:52:12,588107,batch_c_scan_7x6,18063940,45476664,8206796
12:52:13,588107,batch_c_scan_7x6,18063940,45476664,8206796
12:52:14,588107,batch_c_scan_7x6,18063940,45476664,8206796
12:52:15,588107,batch_c_scan_7x6,18063944,45476664,8206792
12:52:17,588107,batch_c_scan_7x6,18063944,45476664,8206792
12:52:18,588107,batch_c_scan_7x6,18063944,45476664,8206792
12:52:19,588107,batch_c_scan_7x6,18063948,45476664,8206788
12:52:20,588107,batch_c_scan_7x6,18063948,45476664,8206788
12:52:21,588107,batch_c_scan_7x6,18063948,45476664,8206788
12:52:22,588107,batch_c_scan_7x6,18063948,45476664,8206788
12:52:23,588107,batch_c_scan_7x6,18063948,45476664,8206788
12:52:24,588107,batch_c_scan_7x6,18063948,45476664,8206788
12:52:25,588107,batch_c_scan_7x6,18063948,45476664,8206788
12:52:26,588107,batch_c_scan_7x6,18063948,45476664,8206788
12:52:27,588107,batch_c_scan_7x6,18063948,45476664,8206788
12:52:28,588107,batch_c_scan_7x6,18063976,45476664,8206760
12:52:29,588107,batch_c_scan_7x6,18063976,45476664,8206760
12:52:30,588107,batch_c_scan_7x6,18063976,45476664,8206760
12:52:31,588107,batch_c_scan_7x6,18063976,45476664,8206760
12:52:32,588107,batch_c_scan_7x6,18063976,45476664,8206760
12:52:33,588107,batch_c_scan_7x6,18064068,45476664,8206668
12:52:34,588107,batch_c_scan_7x6,18064072,45476664,8206664
12:52:35,588107,batch_c_scan_7x6,18064072,45476664,8206664
12:52:36,588107,batch_c_scan_7x6,18064072,45476664,8206664
12:52:37,588107,batch_c_scan_7x6,18064072,45476664,8206664
12:52:38,588107,batch_c_scan_7x6,18064072,45476664,8206664
12:52:39,588107,batch_c_scan_7x6,18064072,45476664,8206664
12:52:40,588107,batch_c_scan_7x6,18064072,45476664,8206664
12:52:41,588107,batch_c_scan_7x6,18064072,45476664,8206664
12:52:42,588107,batch_c_scan_7x6,18064072,45476664,8206664
12:52:43,588107,batch_c_scan_7x6,18064072,45476664,8206664
12:52:44,588107,batch_c_scan_7x6,18064072,45476664,8206664
12:52:45,588107,batch_c_scan_7x6,18064072,45476664,8206664
12:52:46,588107,batch_c_scan_7x6,18064072,45476664,8206664
12:52:47,588107,batch_c_scan_7x6,18064084,45476664,8206652
12:52:48,588107,batch_c_scan_7x6,18064284,45476664,8206452
12:52:49,588107,batch_c_scan_7x6,18064288,45476664,8206448
12:52:50,588107,batch_c_scan_7x6,18064288,45476664,8206448
12:52:51,588107,batch_c_scan_7x6,18064392,45476664,8206344
12:52:52,588107,batch_c_scan_7x6,18064392,45476664,8206344
12:52:53,588107,batch_c_scan_7x6,18064392,45476664,8206344
12:52:54,588107,batch_c_scan_7x6,18064492,45476664,8206244
12:52:55,588107,batch_c_scan_7x6,18064492,45476664,8206244
12:52:56,588107,batch_c_scan_7x6,18064492,45476664,8206244
12:52:57,588107,batch_c_scan_7x6,18065452,45476664,8205284
12:52:58,588107,batch_c_scan_7x6,18065452,45476664,8205284
12:52:59,588107,batch_c_scan_7x6,18065452,45476664,8205284
12:53:00,588107,batch_c_scan_7x6,18065452,45476664,8205284
12:53:01,588107,batch_c_scan_7x6,18065452,45476664,8205284
12:53:02,588107,batch_c_scan_7x6,18065452,45476664,8205284
12:53:03,588107,batch_c_scan_7x6,18065452,45476664,8205284
12:53:04,588107,batch_c_scan_7x6,18065452,45476664,8205284
12:53:05,588107,batch_c_scan_7x6,18065536,45476664,8205200
12:53:06,588107,batch_c_scan_7x6,18065536,45476664,8205200
12:53:07,588107,batch_c_scan_7x6,18065536,45476664,8205200
12:53:08,588107,batch_c_scan_7x6,18066964,45476664,8203772
12:53:09,588107,batch_c_scan_7x6,18066964,45476664,8203772
12:53:11,588107,batch_c_scan_7x6,18067920,45476664,8202816
12:53:12,588107,batch_c_scan_7x6,18067920,45476664,8202816
12:53:13,588107,batch_c_scan_7x6,18067920,45476664,8202816
12:53:14,588107,batch_c_scan_7x6,18067924,45476664,8202812
12:53:15,588107,batch_c_scan_7x6,18067924,45476664,8202812
12:53:16,588107,batch_c_scan_7x6,18067924,45476664,8202812
12:53:17,588107,batch_c_scan_7x6,18067924,45476664,8202812
12:53:18,588107,batch_c_scan_7x6,18067924,45476664,8202812
12:53:19,588107,batch_c_scan_7x6,18067924,45476664,8202812
12:53:20,588107,batch_c_scan_7x6,18067924,45476664,8202812
12:53:21,588107,batch_c_scan_7x6,18067928,45476664,8202808
12:53:22,588107,batch_c_scan_7x6,18067928,45476664,8202808
12:53:23,588107,batch_c_scan_7x6,18067928,45476664,8202808
12:53:24,588107,batch_c_scan_7x6,18067928,45476664,8202808
12:53:25,588107,batch_c_scan_7x6,18067928,45476664,8202808
12:53:26,588107,batch_c_scan_7x6,18067928,45476664,8202808
12:53:27,588107,batch_c_scan_7x6,18067928,45476664,8202808
12:53:28,588107,batch_c_scan_7x6,18067932,45476664,8202804
12:53:29,588107,batch_c_scan_7x6,18067932,45476664,8202804
12:53:30,588107,batch_c_scan_7x6,18067932,45476664,8202804
12:53:31,588107,batch_c_scan_7x6,18067932,45476664,8202804
12:53:32,588107,batch_c_scan_7x6,18067932,45476664,8202804
12:53:33,588107,batch_c_scan_7x6,18067936,45476664,8202800
12:53:34,588107,batch_c_scan_7x6,18068052,45476664,8202684
12:53:35,588107,batch_c_scan_7x6,18068052,45476664,8202684
12:53:36,588107,batch_c_scan_7x6,18068052,45476664,8202684
12:53:37,588107,batch_c_scan_7x6,18068052,45476664,8202684
12:53:38,588107,batch_c_scan_7x6,18068052,45476664,8202684
12:53:39,588107,batch_c_scan_7x6,18068276,45476664,8202460
12:53:40,588107,batch_c_scan_7x6,18068284,45476664,8202452
12:53:41,588107,batch_c_scan_7x6,18068284,45476664,8202452
12:53:42,588107,batch_c_scan_7x6,18068284,45476664,8202452
12:53:43,588107,batch_c_scan_7x6,18068284,45476664,8202452
12:53:44,588107,batch_c_scan_7x6,18068284,45476664,8202452
12:53:45,588107,batch_c_scan_7x6,18068284,45476664,8202452
12:53:46,588107,batch_c_scan_7x6,18068284,45476664,8202452
12:53:47,588107,batch_c_scan_7x6,18068284,45476664,8202452
12:53:48,588107,batch_c_scan_7x6,18068284,45476664,8202452
12:53:49,588107,batch_c_scan_7x6,18068284,45476664,8202452
12:53:50,588107,batch_c_scan_7x6,18068284,45476664,8202452
12:53:51,588107,batch_c_scan_7x6,18068284,45476664,8202452
12:53:52,588107,batch_c_scan_7x6,18068284,45476664,8202452
12:53:53,588107,batch_c_scan_7x6,18069332,45476664,8201404
12:53:54,588107,batch_c_scan_7x6,18069332,45476664,8201404
12:53:55,588107,batch_c_scan_7x6,18069332,45476664,8201404
12:53:56,588107,batch_c_scan_7x6,18069332,45476664,8201404
12:53:57,588107,batch_c_scan_7x6,18069332,45476664,8201404
12:53:58,588107,batch_c_scan_7x6,18069360,45476664,8201376
12:53:59,588107,batch_c_scan_7x6,18069360,45476664,8201376
12:54:00,588107,batch_c_scan_7x6,18070340,45476664,8200396
12:54:01,588107,batch_c_scan_7x6,18070340,45476664,8200396
12:54:02,588107,batch_c_scan_7x6,18070340,45476664,8200396
12:54:04,588107,batch_c_scan_7x6,18070340,45476664,8200396
12:54:05,588107,batch_c_scan_7x6,18070368,45476664,8200368
12:54:06,588107,batch_c_scan_7x6,18070392,45476664,8200344
12:54:07,588107,batch_c_scan_7x6,18070392,45476664,8200344
12:54:08,588107,batch_c_scan_7x6,18070392,45476664,8200344
12:54:09,588107,batch_c_scan_7x6,18070392,45476664,8200344
12:54:10,588107,batch_c_scan_7x6,18070576,45476664,8200160
12:54:11,588107,batch_c_scan_7x6,18070576,45476664,8200160
12:54:12,588107,batch_c_scan_7x6,18070576,45476664,8200160
12:54:13,588107,batch_c_scan_7x6,18070576,45476664,8200160
12:54:14,588107,batch_c_scan_7x6,18070576,45476664,8200160
12:54:15,588107,batch_c_scan_7x6,18070576,45476664,8200160
12:54:16,588107,batch_c_scan_7x6,18070576,45476664,8200160
12:54:17,588107,batch_c_scan_7x6,18070576,45476664,8200160
12:54:18,588107,batch_c_scan_7x6,18070576,45476664,8200160
12:54:19,588107,batch_c_scan_7x6,18070576,45476664,8200160
12:54:20,588107,batch_c_scan_7x6,18070576,45476664,8200160
12:54:21,588107,batch_c_scan_7x6,18070580,45476664,8200156
12:54:22,588107,batch_c_scan_7x6,18070580,45476664,8200156
12:54:23,588107,batch_c_scan_7x6,18070580,45476664,8200156
12:54:24,588107,batch_c_scan_7x6,18070580,45476664,8200156
12:54:25,588107,batch_c_scan_7x6,18070580,45476664,8200156
12:54:26,588107,batch_c_scan_7x6,18070580,45476664,8200156
12:54:27,588107,batch_c_scan_7x6,18070580,45476664,8200156
12:54:28,588107,batch_c_scan_7x6,18070580,45476664,8200156
12:54:29,588107,batch_c_scan_7x6,18070580,45476664,8200156
12:54:30,588107,batch_c_scan_7x6,18070580,45476664,8200156
12:54:31,588107,batch_c_scan_7x6,18070580,45476664,8200156
12:54:32,588107,batch_c_scan_7x6,18070580,45476664,8200156
12:54:33,588107,batch_c_scan_7x6,18070580,45476664,8200156
12:54:34,588107,batch_c_scan_7x6,18070580,45476664,8200156
12:54:35,588107,batch_c_scan_7x6,18070580,45476664,8200156
12:54:36,588107,batch_c_scan_7x6,18070580,45476664,8200156
12:54:37,588107,batch_c_scan_7x6,18070580,45476664,8200156
12:54:38,588107,batch_c_scan_7x6,18070580,45476664,8200156
12:54:39,588107,batch_c_scan_7x6,18070580,45476664,8200156
12:54:40,588107,batch_c_scan_7x6,18070580,45476664,8200156
12:54:41,588107,batch_c_scan_7x6,18070580,45476664,8200156
12:54:42,588107,batch_c_scan_7x6,18070580,45476664,8200156
12:54:43,588107,batch_c_scan_7x6,18070580,45476664,8200156
12:54:44,588107,batch_c_scan_7x6,18070580,45476664,8200156
12:54:45,588107,batch_c_scan_7x6,18070580,45476664,8200156
12:54:46,588107,batch_c_scan_7x6,18070580,45476664,8200156
12:54:47,588107,batch_c_scan_7x6,18070580,45476664,8200156
12:54:48,588107,batch_c_scan_7x6,18070580,45476664,8200156
12:54:49,588107,batch_c_scan_7x6,18070580,45476664,8200156
12:54:50,588107,batch_c_scan_7x6,18070580,45476664,8200156
12:54:51,588107,batch_c_scan_7x6,18070580,45476664,8200156
12:54:52,588107,batch_c_scan_7x6,18070580,45476664,8200156
12:54:53,588107,batch_c_scan_7x6,18070580,45476664,8200156
12:54:54,588107,batch_c_scan_7x6,18070580,45476664,8200156
12:54:55,588107,batch_c_scan_7x6,18070580,45476664,8200156
12:54:56,588107,batch_c_scan_7x6,18070580,45476664,8200156
12:54:58,588107,batch_c_scan_7x6,18070580,45476664,8200156
12:54:59,588107,batch_c_scan_7x6,18070580,45476664,8200156
12:55:00,588107,batch_c_scan_7x6,18070580,45476664,8200156
12:55:01,588107,batch_c_scan_7x6,18071588,45476664,8199148
12:55:02,588107,batch_c_scan_7x6,18071588,45476664,8199148
12:55:03,588107,batch_c_scan_7x6,18072596,45476664,8198140
12:55:04,588107,batch_c_scan_7x6,18072596,45476664,8198140
12:55:05,588107,batch_c_scan_7x6,18072596,45476664,8198140
12:55:06,588107,batch_c_scan_7x6,18073604,45476664,8197132
12:55:07,588107,batch_c_scan_7x6,18074612,45476664,8196124
12:55:08,588107,batch_c_scan_7x6,18074612,45476664,8196124
12:55:09,588107,batch_c_scan_7x6,18075620,45476664,8195116
12:55:10,588107,batch_c_scan_7x6,18075620,45476664,8195116
12:55:11,588107,batch_c_scan_7x6,18075832,45476664,8194904
12:55:12,588107,batch_c_scan_7x6,18075832,45476664,8194904
12:55:13,588107,batch_c_scan_7x6,18075924,45476664,8194812
12:55:14,588107,batch_c_scan_7x6,18075924,45476664,8194812
12:55:15,588107,batch_c_scan_7x6,18075924,45476664,8194812
12:55:16,588107,batch_c_scan_7x6,18077068,45476664,8193668
12:55:17,588107,batch_c_scan_7x6,18097608,45476664,8174256
12:55:18,588107,batch_c_scan_7x6,18097608,45476664,8174256
12:55:19,588107,batch_c_scan_7x6,18098612,45476664,8173252
12:55:20,588107,batch_c_scan_7x6,18098612,45476664,8173252
12:55:21,588107,batch_c_scan_7x6,18098616,45476664,8173248
12:55:22,588107,batch_c_scan_7x6,18098616,45476664,8173248
12:55:23,588107,batch_c_scan_7x6,18098616,45476664,8173248
12:55:24,588107,batch_c_scan_7x6,18098616,45476664,8173248
12:55:25,588107,batch_c_scan_7x6,18098732,45476664,8173132
12:55:26,588107,batch_c_scan_7x6,18099740,45476664,8172124
12:55:27,588107,batch_c_scan_7x6,18099740,45476664,8172124
12:55:28,588107,batch_c_scan_7x6,18100748,45476664,8171116
12:55:29,588107,batch_c_scan_7x6,18100748,45476664,8171116
12:55:30,588107,batch_c_scan_7x6,18100748,45476664,8171116
12:55:31,588107,batch_c_scan_7x6,18100800,45476664,8171064
12:55:32,588107,batch_c_scan_7x6,18100804,45476664,8171060
12:55:33,588107,batch_c_scan_7x6,18100804,45476664,8171060
12:55:34,588107,batch_c_scan_7x6,18100804,45476664,8171060
12:55:35,588107,batch_c_scan_7x6,18101000,45476664,8170864
12:55:36,588107,batch_c_scan_7x6,18101000,45476664,8170864
12:55:37,588107,batch_c_scan_7x6,18101000,45476664,8170864
12:55:38,588107,batch_c_scan_7x6,18101000,45476664,8170864
12:55:39,588107,batch_c_scan_7x6,18102484,45476664,8169380
12:55:40,588107,batch_c_scan_7x6,18102544,45476664,8169320
12:55:41,588107,batch_c_scan_7x6,18102548,45476664,8169316
12:55:42,588107,batch_c_scan_7x6,18102548,45476664,8169316
12:55:43,588107,batch_c_scan_7x6,18102548,45476664,8169316
12:55:44,588107,batch_c_scan_7x6,18102548,45476664,8169316
12:55:45,588107,batch_c_scan_7x6,18102548,45476664,8169316
12:55:46,588107,batch_c_scan_7x6,18102548,45476664,8169316
12:55:47,588107,batch_c_scan_7x6,18102548,45476664,8169316
12:55:48,588107,batch_c_scan_7x6,18102548,45476664,8169316
12:55:49,588107,batch_c_scan_7x6,18102956,45476664,8168908
12:55:50,588107,batch_c_scan_7x6,18102956,45476664,8168908
12:55:52,588107,batch_c_scan_7x6,18102956,45476664,8168908
12:55:53,588107,batch_c_scan_7x6,18103192,45476664,8168672
12:55:54,588107,batch_c_scan_7x6,18103192,45476664,8168672
12:55:55,588107,batch_c_scan_7x6,18103388,45476664,8168476
12:55:56,588107,batch_c_scan_7x6,18103388,45476664,8168476
12:55:57,588107,batch_c_scan_7x6,18103392,45476664,8168472
12:55:58,588107,batch_c_scan_7x6,18103412,45476664,8168452
12:55:59,588107,batch_c_scan_7x6,18103412,45476664,8168452
12:56:00,588107,batch_c_scan_7x6,18103412,45476664,8168452
12:56:01,588107,batch_c_scan_7x6,18103412,45476664,8168452
12:56:02,588107,batch_c_scan_7x6,18103412,45476664,8168452
12:56:03,588107,batch_c_scan_7x6,18103412,45476664,8168452
12:56:04,588107,batch_c_scan_7x6,18103412,45476664,8168452
12:56:05,588107,batch_c_scan_7x6,18103412,45476664,8168452
12:56:06,588107,batch_c_scan_7x6,18103412,45476664,8168452
12:56:07,588107,batch_c_scan_7x6,18103412,45476664,8168452
12:56:08,588107,batch_c_scan_7x6,18103412,45476664,8168452
12:56:09,588107,batch_c_scan_7x6,18103412,45476664,8168452
12:56:10,588107,batch_c_scan_7x6,18103412,45476664,8168452
12:56:11,588107,batch_c_scan_7x6,18103412,45476664,8168452
12:56:12,588107,batch_c_scan_7x6,18103412,45476664,8168452
12:56:13,588107,batch_c_scan_7x6,18103468,45476664,8168396
12:56:14,588107,batch_c_scan_7x6,18103484,45476664,8168380
12:56:15,588107,batch_c_scan_7x6,18103484,45476664,8168380
12:56:16,588107,batch_c_scan_7x6,18103484,45476664,8168380
12:56:17,588107,batch_c_scan_7x6,18103484,45476664,8168380
12:56:18,588107,batch_c_scan_7x6,18103484,45476664,8168380
12:56:19,588107,batch_c_scan_7x6,18103484,45476664,8168380
12:56:20,588107,batch_c_scan_7x6,18103484,45476664,8168380
12:56:21,588107,batch_c_scan_7x6,18103484,45476664,8168380
12:56:22,588107,batch_c_scan_7x6,18103484,45476664,8168380
12:56:23,588107,batch_c_scan_7x6,18103484,45476664,8168380
12:56:24,588107,batch_c_scan_7x6,18103484,45476664,8168380
12:56:25,588107,batch_c_scan_7x6,18103484,45476664,8168380
12:56:26,588107,batch_c_scan_7x6,18103484,45476664,8168380
12:56:27,588107,batch_c_scan_7x6,18103484,45476664,8168380
12:56:28,588107,batch_c_scan_7x6,18103568,45476664,8168296
12:56:29,588107,batch_c_scan_7x6,18103640,45476664,8168224
12:56:30,588107,batch_c_scan_7x6,18103640,45476664,8168224
12:56:31,588107,batch_c_scan_7x6,18103640,45476664,8168224
12:56:32,588107,batch_c_scan_7x6,18105500,45476664,8166364
12:56:33,588107,batch_c_scan_7x6,18105500,45476664,8166364
12:56:34,588107,batch_c_scan_7x6,18105500,45476664,8166364
12:56:35,588107,batch_c_scan_7x6,18105500,45476664,8166364
12:56:36,588107,batch_c_scan_7x6,18105500,45476664,8166364
12:56:37,588107,batch_c_scan_7x6,18105500,45476664,8166364
12:56:38,588107,batch_c_scan_7x6,18105500,45476664,8166364
12:56:39,588107,batch_c_scan_7x6,18105500,45476664,8166364
12:56:40,588107,batch_c_scan_7x6,18105500,45476664,8166364
12:56:41,588107,batch_c_scan_7x6,18105500,45476664,8166364
12:56:42,588107,batch_c_scan_7x6,18105500,45476664,8166364
12:56:43,588107,batch_c_scan_7x6,18106368,45476664,8165496
12:56:45,588107,batch_c_scan_7x6,18106368,45476664,8165496
12:56:46,588107,batch_c_scan_7x6,18106368,45476664,8165496
12:56:47,588107,batch_c_scan_7x6,18106368,45476664,8165496
12:56:48,588107,batch_c_scan_7x6,18106368,45476664,8165496
12:56:49,588107,batch_c_scan_7x6,18106368,45476664,8165496
12:56:50,588107,batch_c_scan_7x6,18106368,45476664,8165496
12:56:51,588107,batch_c_scan_7x6,18107796,45476664,8164068
12:56:52,588107,batch_c_scan_7x6,18109476,45476664,8162388
12:56:53,588107,batch_c_scan_7x6,18109680,45476664,8162184
12:56:54,588107,batch_c_scan_7x6,18109680,45476664,8162184
12:56:55,588107,batch_c_scan_7x6,18110744,45476664,8161120
12:56:56,588107,batch_c_scan_7x6,18110744,45476664,8161120
12:56:57,588107,batch_c_scan_7x6,18110744,45476664,8161120
12:56:58,588107,batch_c_scan_7x6,18111116,45476664,8160748
12:56:59,588107,batch_c_scan_7x6,18111116,45476664,8160748
12:57:00,588107,batch_c_scan_7x6,18111116,45476664,8160748
12:57:01,588107,batch_c_scan_7x6,18111116,45476664,8160748
12:57:02,588107,batch_c_scan_7x6,18111116,45476664,8160748
12:57:03,588107,batch_c_scan_7x6,18111116,45476664,8160748
12:57:04,588107,batch_c_scan_7x6,18111116,45476664,8160748
12:57:05,588107,batch_c_scan_7x6,18111116,45476664,8160748
12:57:06,588107,batch_c_scan_7x6,18111116,45476664,8160748
12:57:07,588107,batch_c_scan_7x6,18111116,45476664,8160748
12:57:08,588107,batch_c_scan_7x6,18111116,45476664,8160748
12:57:09,588107,batch_c_scan_7x6,18111116,45476664,8160748
12:57:10,588107,batch_c_scan_7x6,18111116,45476664,8160748
12:57:11,588107,batch_c_scan_7x6,18111140,45476664,8160724
12:57:12,588107,batch_c_scan_7x6,18111140,45476664,8160724
12:57:13,588107,batch_c_scan_7x6,18111140,45476664,8160724
12:57:14,588107,batch_c_scan_7x6,18111140,45476664,8160724
12:57:15,588107,batch_c_scan_7x6,18111140,45476664,8160724
12:57:16,588107,batch_c_scan_7x6,18112816,45476664,8159048
12:57:17,588107,batch_c_scan_7x6,18112816,45476664,8159048
12:57:18,588107,batch_c_scan_7x6,18112816,45476664,8159048
12:57:19,588107,batch_c_scan_7x6,18112816,45476664,8159048
12:57:20,588107,batch_c_scan_7x6,18113116,45476664,8158748
12:57:21,588107,batch_c_scan_7x6,18113116,45476664,8158748
12:57:22,588107,batch_c_scan_7x6,18113116,45476664,8158748
12:57:23,588107,batch_c_scan_7x6,18113116,45476664,8158748
12:57:24,588107,batch_c_scan_7x6,18113116,45476664,8158748
12:57:25,588107,batch_c_scan_7x6,18113116,45476664,8158748
12:57:26,588107,batch_c_scan_7x6,18113116,45476664,8158748
12:57:27,588107,batch_c_scan_7x6,18113116,45476664,8158748
12:57:28,588107,batch_c_scan_7x6,18113116,45476664,8158748
12:57:29,588107,batch_c_scan_7x6,18113116,45476664,8158748
12:57:30,588107,batch_c_scan_7x6,18113116,45476664,8158748
12:57:31,588107,batch_c_scan_7x6,18113116,45476664,8158748
12:57:32,588107,batch_c_scan_7x6,18113116,45476664,8158748
12:57:33,588107,batch_c_scan_7x6,18113116,45476664,8158748
12:57:34,588107,batch_c_scan_7x6,18113116,45476664,8158748
12:57:35,588107,batch_c_scan_7x6,18113116,45476664,8158748
12:57:36,588107,batch_c_scan_7x6,18113116,45476664,8158748
12:57:38,588107,batch_c_scan_7x6,18113116,45476664,8158748
12:57:39,588107,batch_c_scan_7x6,18113116,45476664,8158748
12:57:40,588107,batch_c_scan_7x6,18113116,45476664,8158748
12:57:41,588107,batch_c_scan_7x6,18113116,45476664,8158748
12:57:42,588107,batch_c_scan_7x6,18113244,45476664,8158620
12:57:43,588107,batch_c_scan_7x6,18113244,45476664,8158620
12:57:44,588107,batch_c_scan_7x6,18113244,45476664,8158620
12:57:45,588107,batch_c_scan_7x6,18113244,45476664,8158620
12:57:46,588107,batch_c_scan_7x6,18113244,45476664,8158620
12:57:47,588107,batch_c_scan_7x6,18113244,45476664,8158620
12:57:48,588107,batch_c_scan_7x6,18113244,45476664,8158620
12:57:49,588107,batch_c_scan_7x6,18113244,45476664,8158620
12:57:50,588107,batch_c_scan_7x6,18113244,45476664,8158620
12:57:51,588107,batch_c_scan_7x6,18113244,45476664,8158620
12:57:52,588107,batch_c_scan_7x6,18113244,45476664,8158620
12:57:53,588107,batch_c_scan_7x6,18113244,45476664,8158620
12:57:54,588107,batch_c_scan_7x6,18113244,45476664,8158620
12:57:55,588107,batch_c_scan_7x6,18113244,45476664,8158620
12:57:56,588107,batch_c_scan_7x6,18113244,45476664,8158620
12:57:57,588107,batch_c_scan_7x6,18113364,45476664,8158500
12:57:58,588107,batch_c_scan_7x6,18113364,45476664,8158500
12:57:59,588107,batch_c_scan_7x6,18113364,45476664,8158500
12:58:00,588107,batch_c_scan_7x6,18113364,45476664,8158500
12:58:01,588107,batch_c_scan_7x6,18113364,45476664,8158500
12:58:02,588107,batch_c_scan_7x6,18113364,45476664,8158500
12:58:03,588107,batch_c_scan_7x6,18113364,45476664,8158500
12:58:04,588107,batch_c_scan_7x6,18113364,45476664,8158500
12:58:05,588107,batch_c_scan_7x6,18113364,45476664,8158500
12:58:06,588107,batch_c_scan_7x6,18113364,45476664,8158500
12:58:07,588107,batch_c_scan_7x6,18113364,45476664,8158500
12:58:08,588107,batch_c_scan_7x6,18113364,45476664,8158500
12:58:09,588107,batch_c_scan_7x6,18113364,45476664,8158500
12:58:10,588107,batch_c_scan_7x6,18113364,45476664,8158500
12:58:11,588107,batch_c_scan_7x6,18113364,45476664,8158500
12:58:12,588107,batch_c_scan_7x6,18113364,45476664,8158500
12:58:13,588107,batch_c_scan_7x6,18113364,45476664,8158500
12:58:14,588107,batch_c_scan_7x6,18113364,45476664,8158500
12:58:15,588107,batch_c_scan_7x6,18113364,45476664,8158500
12:58:16,588107,batch_c_scan_7x6,18113364,45476664,8158500
12:58:17,588107,batch_c_scan_7x6,18113364,45476664,8158500
12:58:18,588107,batch_c_scan_7x6,18113364,45476664,8158500
12:58:19,588107,batch_c_scan_7x6,18113364,45476664,8158500
12:58:20,588107,batch_c_scan_7x6,18113364,45476664,8158500
12:58:21,588107,batch_c_scan_7x6,18113364,45476664,8158500
12:58:22,588107,batch_c_scan_7x6,18113364,45476664,8158500
12:58:23,588107,batch_c_scan_7x6,18113364,45476664,8158500
12:58:24,588107,batch_c_scan_7x6,18113364,45476664,8158500
12:58:25,588107,batch_c_scan_7x6,18113496,45476664,8158368
12:58:26,588107,batch_c_scan_7x6,18113496,45476664,8158368
12:58:27,588107,batch_c_scan_7x6,18113496,45476664,8158368
12:58:28,588107,batch_c_scan_7x6,18113496,45476664,8158368
12:58:29,588107,batch_c_scan_7x6,18113496,45476664,8158368
12:58:30,588107,batch_c_scan_7x6,18113496,45476664,8158368
12:58:32,588107,batch_c_scan_7x6,18113496,45476664,8158368
12:58:33,588107,batch_c_scan_7x6,18113724,45476664,8158140
12:58:34,588107,batch_c_scan_7x6,18114872,45476664,8156992
12:58:35,588107,batch_c_scan_7x6,18114872,45476664,8156992
12:58:36,588107,batch_c_scan_7x6,18114872,45476664,8156992
12:58:37,588107,batch_c_scan_7x6,18114872,45476664,8156992
12:58:38,588107,batch_c_scan_7x6,18114984,45476664,8156880
12:58:39,588107,batch_c_scan_7x6,18114984,45476664,8156880
12:58:40,588107,batch_c_scan_7x6,18114984,45476664,8156880
12:58:41,588107,batch_c_scan_7x6,18114984,45476664,8156880
12:58:42,588107,batch_c_scan_7x6,18115000,45476664,8156864
12:58:43,588107,batch_c_scan_7x6,18115000,45476664,8156864
12:58:44,588107,batch_c_scan_7x6,18115000,45476664,8156864
12:58:45,588107,batch_c_scan_7x6,18115792,45476664,8156072
12:58:46,588107,batch_c_scan_7x6,18115792,45476664,8156072
12:58:47,588107,batch_c_scan_7x6,18115792,45476664,8156072
12:58:48,588107,batch_c_scan_7x6,18115792,45476664,8156072
12:58:49,588107,batch_c_scan_7x6,18115804,45476664,8156060
12:58:50,588107,batch_c_scan_7x6,18115804,45476664,8156060
12:58:51,588107,batch_c_scan_7x6,18115808,45476664,8156056
12:58:52,588107,batch_c_scan_7x6,18115808,45476664,8156056
12:58:53,588107,batch_c_scan_7x6,18115808,45476664,8156056
12:58:54,588107,batch_c_scan_7x6,18115948,45476664,8155916
12:58:55,588107,batch_c_scan_7x6,18115948,45476664,8155916
12:58:56,588107,batch_c_scan_7x6,18115952,45476664,8155912
12:58:57,588107,batch_c_scan_7x6,18116008,45476664,8155856
12:58:58,588107,batch_c_scan_7x6,18116008,45476664,8155856
12:58:59,588107,batch_c_scan_7x6,18117904,45476664,8153960
12:59:00,588107,batch_c_scan_7x6,18117908,45476664,8153956
12:59:01,588107,batch_c_scan_7x6,18117908,45476664,8153956
12:59:02,588107,batch_c_scan_7x6,18117908,45476664,8153956
12:59:03,588107,batch_c_scan_7x6,18117956,45476664,8153908
12:59:04,588107,batch_c_scan_7x6,18117956,45476664,8153908
12:59:05,588107,batch_c_scan_7x6,18117960,45476664,8153904
12:59:06,588107,batch_c_scan_7x6,18117960,45476664,8153904
12:59:07,588107,batch_c_scan_7x6,18117960,45476664,8153904
12:59:08,588107,batch_c_scan_7x6,18117960,45476664,8153904
12:59:09,588107,batch_c_scan_7x6,18117964,45476664,8153900
12:59:10,588107,batch_c_scan_7x6,18117964,45476664,8153900
12:59:11,588107,batch_c_scan_7x6,18117964,45476664,8153900
12:59:12,588107,batch_c_scan_7x6,18117968,45476664,8153896
12:59:13,588107,batch_c_scan_7x6,18117968,45476664,8153896
12:59:14,588107,batch_c_scan_7x6,18117968,45476664,8153896
12:59:15,588107,batch_c_scan_7x6,18117968,45476664,8153896
12:59:16,588107,batch_c_scan_7x6,18117968,45476664,8153896
12:59:17,588107,batch_c_scan_7x6,18117972,45476664,8153892
12:59:18,588107,batch_c_scan_7x6,18117972,45476664,8153892
12:59:19,588107,batch_c_scan_7x6,18117972,45476664,8153892
12:59:20,588107,batch_c_scan_7x6,18117972,45476664,8153892
12:59:21,588107,batch_c_scan_7x6,18117976,45476664,8153888
12:59:22,588107,batch_c_scan_7x6,18117976,45476664,8153888
12:59:23,588107,batch_c_scan_7x6,18117976,45476664,8153888
12:59:25,588107,batch_c_scan_7x6,18118068,45476664,8153796
12:59:26,588107,batch_c_scan_7x6,18118068,45476664,8153796
12:59:27,588107,batch_c_scan_7x6,18118072,45476664,8153792
12:59:28,588107,batch_c_scan_7x6,18118072,45476664,8153792
12:59:29,588107,batch_c_scan_7x6,18118072,45476664,8153792
12:59:30,588107,batch_c_scan_7x6,18118076,45476664,8153788
12:59:31,588107,batch_c_scan_7x6,18118076,45476664,8153788
12:59:32,588107,batch_c_scan_7x6,18118076,45476664,8153788
12:59:33,588107,batch_c_scan_7x6,18118076,45476664,8153788
12:59:34,588107,batch_c_scan_7x6,18118076,45476664,8153788
12:59:35,588107,batch_c_scan_7x6,18118080,45476664,8153784
12:59:36,588107,batch_c_scan_7x6,18118276,45476664,8153588
12:59:37,588107,batch_c_scan_7x6,18118276,45476664,8153588
12:59:38,588107,batch_c_scan_7x6,18118276,45476664,8153588
12:59:39,588107,batch_c_scan_7x6,18118276,45476664,8153588
12:59:40,588107,batch_c_scan_7x6,18118276,45476664,8153588
12:59:41,588107,batch_c_scan_7x6,18118280,45476664,8153584
12:59:42,588107,batch_c_scan_7x6,18118280,45476664,8153584
12:59:43,588107,batch_c_scan_7x6,18118280,45476664,8153584
12:59:44,588107,batch_c_scan_7x6,18118280,45476664,8153584
12:59:45,588107,batch_c_scan_7x6,18118280,45476664,8153584
12:59:46,588107,batch_c_scan_7x6,18118280,45476664,8153584
12:59:47,588107,batch_c_scan_7x6,18118284,45476664,8153580
12:59:48,588107,batch_c_scan_7x6,18118284,45476664,8153580
12:59:49,588107,batch_c_scan_7x6,18118284,45476664,8153580
12:59:50,588107,batch_c_scan_7x6,18118284,45476664,8153580
12:59:51,588107,batch_c_scan_7x6,18118288,45476664,8153576
12:59:52,588107,batch_c_scan_7x6,18118288,45476664,8153576
12:59:53,588107,batch_c_scan_7x6,18118288,45476664,8153576
12:59:54,588107,batch_c_scan_7x6,18118288,45476664,8153576
12:59:55,588107,batch_c_scan_7x6,18118288,45476664,8153576
12:59:56,588107,batch_c_scan_7x6,18118288,45476664,8153576
12:59:57,588107,batch_c_scan_7x6,18118292,45476664,8153572
12:59:58,588107,batch_c_scan_7x6,18118292,45476664,8153572
12:59:59,588107,batch_c_scan_7x6,18118292,45476664,8153572
13:00:00,588107,batch_c_scan_7x6,18118292,45476664,8153572
13:00:01,588107,batch_c_scan_7x6,18118292,45476664,8153572
13:00:02,588107,batch_c_scan_7x6,18118292,45476664,8153572
13:00:03,588107,batch_c_scan_7x6,18118296,45476664,8153568
13:00:04,588107,batch_c_scan_7x6,18118296,45476664,8153568
13:00:05,588107,batch_c_scan_7x6,18118296,45476664,8153568
13:00:06,588107,batch_c_scan_7x6,18118296,45476664,8153568
13:00:07,588107,batch_c_scan_7x6,18118296,45476664,8153568
13:00:08,588107,batch_c_scan_7x6,18118296,45476664,8153568
13:00:09,588107,batch_c_scan_7x6,18118300,45476664,8153564
13:00:10,588107,batch_c_scan_7x6,18118300,45476664,8153564
13:00:11,588107,batch_c_scan_7x6,18118300,45476664,8153564
13:00:12,588107,batch_c_scan_7x6,18118300,45476664,8153564
13:00:13,588107,batch_c_scan_7x6,18118304,45476664,8153560
13:00:14,588107,batch_c_scan_7x6,18118304,45476664,8153560
13:00:15,588107,batch_c_scan_7x6,18118304,45476664,8153560
13:00:16,588107,batch_c_scan_7x6,18118304,45476664,8153560
13:00:17,588107,batch_c_scan_7x6,18118304,45476664,8153560
13:00:19,588107,batch_c_scan_7x6,18118304,45476664,8153560
13:00:20,588107,batch_c_scan_7x6,18118308,45476664,8153556
13:00:21,588107,batch_c_scan_7x6,18118308,45476664,8153556
13:00:22,588107,batch_c_scan_7x6,18118308,45476664,8153556
13:00:23,588107,batch_c_scan_7x6,18118308,45476664,8153556
13:00:24,588107,batch_c_scan_7x6,18118308,45476664,8153556
13:00:25,588107,batch_c_scan_7x6,18118308,45476664,8153556
13:00:26,588107,batch_c_scan_7x6,18118312,45476664,8153552
13:00:27,588107,batch_c_scan_7x6,18118312,45476664,8153552
13:00:28,588107,batch_c_scan_7x6,18118312,45476664,8153552
13:00:29,588107,batch_c_scan_7x6,18118312,45476664,8153552
13:00:30,588107,batch_c_scan_7x6,18118312,45476664,8153552
13:00:31,588107,batch_c_scan_7x6,18118316,45476664,8153548
13:00:32,588107,batch_c_scan_7x6,18118316,45476664,8153548
13:00:33,588107,batch_c_scan_7x6,18118316,45476664,8153548
13:00:34,588107,batch_c_scan_7x6,18118316,45476664,8153548
13:00:35,588107,batch_c_scan_7x6,18118316,45476664,8153548
13:00:36,588107,batch_c_scan_7x6,18118316,45476664,8153548
13:00:37,588107,batch_c_scan_7x6,18118320,45476664,8153544
13:00:38,588107,batch_c_scan_7x6,18118320,45476664,8153544
13:00:39,588107,batch_c_scan_7x6,18118320,45476664,8153544
13:00:40,588107,batch_c_scan_7x6,18118320,45476664,8153544
13:00:41,588107,batch_c_scan_7x6,18118320,45476664,8153544
13:00:42,588107,batch_c_scan_7x6,18118320,45476664,8153544
13:00:43,588107,batch_c_scan_7x6,18118324,45476664,8153540
13:00:44,588107,batch_c_scan_7x6,18118324,45476664,8153540
13:00:45,588107,batch_c_scan_7x6,18118324,45476664,8153540
13:00:46,588107,batch_c_scan_7x6,18118324,45476664,8153540
13:00:47,588107,batch_c_scan_7x6,18118324,45476664,8153540
13:00:48,588107,batch_c_scan_7x6,18118324,45476664,8153540
13:00:49,588107,batch_c_scan_7x6,18118328,45476664,8153536
13:00:50,588107,batch_c_scan_7x6,18118328,45476664,8153536
13:00:51,588107,batch_c_scan_7x6,18118328,45476664,8153536
13:00:52,588107,batch_c_scan_7x6,18118328,45476664,8153536
13:00:53,588107,batch_c_scan_7x6,18118332,45476664,8153532
13:00:54,588107,batch_c_scan_7x6,18118332,45476664,8153532
13:00:55,588107,batch_c_scan_7x6,18118332,45476664,8153532
13:00:56,588107,batch_c_scan_7x6,18118332,45476664,8153532
13:00:57,588107,batch_c_scan_7x6,18118332,45476664,8153532
13:00:58,588107,batch_c_scan_7x6,18118332,45476664,8153532
13:00:59,588107,batch_c_scan_7x6,18118336,45476664,8153528
13:01:00,588107,batch_c_scan_7x6,18118336,45476664,8153528
13:01:01,588107,batch_c_scan_7x6,18118336,45476664,8153528
13:01:02,588107,batch_c_scan_7x6,18118336,45476664,8153528
13:01:03,588107,batch_c_scan_7x6,18118336,45476664,8153528
13:01:04,588107,batch_c_scan_7x6,18118336,45476664,8153528
13:01:05,588107,batch_c_scan_7x6,18118340,45476664,8153524
13:01:06,588107,batch_c_scan_7x6,18118340,45476664,8153524
13:01:07,588107,batch_c_scan_7x6,18118340,45476664,8153524
13:01:08,588107,batch_c_scan_7x6,18118340,45476664,8153524
13:01:09,588107,batch_c_scan_7x6,18118340,45476664,8153524
13:01:10,588107,batch_c_scan_7x6,18118340,45476664,8153524
13:01:12,588107,batch_c_scan_7x6,18118344,45476664,8153520
13:01:13,588107,batch_c_scan_7x6,18118344,45476664,8153520
13:01:14,588107,batch_c_scan_7x6,18118344,45476664,8153520
13:01:15,588107,batch_c_scan_7x6,18118344,45476664,8153520
13:01:16,588107,batch_c_scan_7x6,18118348,45476664,8153516
13:01:17,588107,batch_c_scan_7x6,18118352,45476664,8153512
13:01:18,588107,batch_c_scan_7x6,18118352,45476664,8153512
13:01:19,588107,batch_c_scan_7x6,18118352,45476664,8153512
13:01:20,588107,batch_c_scan_7x6,18118352,45476664,8153512
13:01:21,588107,batch_c_scan_7x6,18118352,45476664,8153512
13:01:22,588107,batch_c_scan_7x6,18118352,45476664,8153512
13:01:23,588107,batch_c_scan_7x6,18118356,45476664,8153508
13:01:24,588107,batch_c_scan_7x6,18118356,45476664,8153508
13:01:25,588107,batch_c_scan_7x6,18118356,45476664,8153508
13:01:26,588107,batch_c_scan_7x6,18118356,45476664,8153508
13:01:27,588107,batch_c_scan_7x6,18118356,45476664,8153508
13:01:28,588107,batch_c_scan_7x6,18118400,45476664,8153464
13:01:29,588107,batch_c_scan_7x6,18118408,45476664,8153456
13:01:30,588107,batch_c_scan_7x6,18118408,45476664,8153456
13:01:31,588107,batch_c_scan_7x6,18118408,45476664,8153456
13:01:32,588107,batch_c_scan_7x6,18118408,45476664,8153456
13:01:33,588107,batch_c_scan_7x6,18118408,45476664,8153456
13:01:34,588107,batch_c_scan_7x6,18118408,45476664,8153456
13:01:35,588107,batch_c_scan_7x6,18118416,45476664,8153448
13:01:36,588107,batch_c_scan_7x6,18118416,45476664,8153448
13:01:37,588107,batch_c_scan_7x6,18118416,45476664,8153448
13:01:38,588107,batch_c_scan_7x6,18118416,45476664,8153448
13:01:39,588107,batch_c_scan_7x6,18118428,45476664,8153436
13:01:40,588107,batch_c_scan_7x6,18118432,45476664,8153432
13:01:41,588107,batch_c_scan_7x6,18118436,45476664,8153428
13:01:42,588107,batch_c_scan_7x6,18118436,45476664,8153428
13:01:43,588107,batch_c_scan_7x6,18118436,45476664,8153428
13:01:44,588107,batch_c_scan_7x6,18118436,45476664,8153428
13:01:45,588107,batch_c_scan_7x6,18118436,45476664,8153428
13:01:46,588107,batch_c_scan_7x6,18118444,45476664,8153420
13:01:47,588107,batch_c_scan_7x6,18118444,45476664,8153420
13:01:48,588107,batch_c_scan_7x6,18118444,45476664,8153420
13:01:49,588107,batch_c_scan_7x6,18118444,45476664,8153420
13:01:50,588107,batch_c_scan_7x6,18118444,45476664,8153420
13:01:51,588107,batch_c_scan_7x6,18118444,45476664,8153420
13:01:52,588107,batch_c_scan_7x6,18118452,45476664,8153412
13:01:53,588107,batch_c_scan_7x6,18118452,45476664,8153412
13:01:54,588107,batch_c_scan_7x6,18118456,45476664,8153408
13:01:55,588107,batch_c_scan_7x6,18118456,45476664,8153408
13:01:56,588107,batch_c_scan_7x6,18118488,45476664,8153376
13:01:57,588107,batch_c_scan_7x6,18118488,45476664,8153376
13:01:58,588107,batch_c_scan_7x6,18118492,45476664,8153372
13:01:59,588107,batch_c_scan_7x6,18118492,45476664,8153372
13:02:00,588107,batch_c_scan_7x6,18118496,45476664,8153368
13:02:01,588107,batch_c_scan_7x6,18118496,45476664,8153368
13:02:02,588107,batch_c_scan_7x6,18118496,45476664,8153368
13:02:03,588107,batch_c_scan_7x6,18118500,45476664,8153364
13:02:05,588107,batch_c_scan_7x6,18118500,45476664,8153364
13:02:06,588107,batch_c_scan_7x6,18118500,45476664,8153364
13:02:07,588107,batch_c_scan_7x6,18118504,45476664,8153360
13:02:08,588107,batch_c_scan_7x6,18118504,45476664,8153360
13:02:09,588107,batch_c_scan_7x6,18118504,45476664,8153360
13:02:10,588107,batch_c_scan_7x6,18118508,45476664,8153356
13:02:11,588107,batch_c_scan_7x6,18118508,45476664,8153356
13:02:12,588107,batch_c_scan_7x6,18118508,45476664,8153356
13:02:13,588107,batch_c_scan_7x6,18118512,45476664,8153352
13:02:14,588107,batch_c_scan_7x6,18118512,45476664,8153352
13:02:15,588107,batch_c_scan_7x6,18118512,45476664,8153352
13:02:16,588107,batch_c_scan_7x6,18118516,45476664,8153348
13:02:17,588107,batch_c_scan_7x6,18118516,45476664,8153348
13:02:18,588107,batch_c_scan_7x6,18118520,45476664,8153344
13:02:19,588107,batch_c_scan_7x6,18118520,45476664,8153344
13:02:20,588107,batch_c_scan_7x6,18118520,45476664,8153344
13:02:21,588107,batch_c_scan_7x6,18118524,45476664,8153340
13:02:22,588107,batch_c_scan_7x6,18118524,45476664,8153340
13:02:23,588107,batch_c_scan_7x6,18118524,45476664,8153340
13:02:24,588107,batch_c_scan_7x6,18118528,45476664,8153336
13:02:25,588107,batch_c_scan_7x6,18118528,45476664,8153336
13:02:26,588107,batch_c_scan_7x6,18118528,45476664,8153336
13:02:27,588107,batch_c_scan_7x6,18118532,45476664,8153332
13:02:28,588107,batch_c_scan_7x6,18118532,45476664,8153332
13:02:29,588107,batch_c_scan_7x6,18118532,45476664,8153332
13:02:30,588107,batch_c_scan_7x6,18118536,45476664,8153328
13:02:31,588107,batch_c_scan_7x6,18118536,45476664,8153328
13:02:32,588107,batch_c_scan_7x6,18118536,45476664,8153328
13:02:33,588107,batch_c_scan_7x6,18118540,45476664,8153324
13:02:34,588107,batch_c_scan_7x6,18118540,45476664,8153324
13:02:35,588107,batch_c_scan_7x6,18118540,45476664,8153324
13:02:36,588107,batch_c_scan_7x6,18118544,45476664,8153320
13:02:37,588107,batch_c_scan_7x6,18118544,45476664,8153320
13:02:38,588107,batch_c_scan_7x6,18118544,45476664,8153320
13:02:39,588107,batch_c_scan_7x6,18118548,45476664,8153316
13:02:40,588107,batch_c_scan_7x6,18118548,45476664,8153316
13:02:41,588107,batch_c_scan_7x6,18118552,45476664,8153312
13:02:42,588107,batch_c_scan_7x6,18118552,45476664,8153312
13:02:43,588107,batch_c_scan_7x6,18118552,45476664,8153312
13:02:44,588107,batch_c_scan_7x6,18118556,45476664,8153308
13:02:45,588107,batch_c_scan_7x6,18118556,45476664,8153308
13:02:46,588107,batch_c_scan_7x6,18118556,45476664,8153308
13:02:47,588107,batch_c_scan_7x6,18118560,45476664,8153304
13:02:48,588107,batch_c_scan_7x6,18118560,45476664,8153304
13:02:49,588107,batch_c_scan_7x6,18118560,45476664,8153304
13:02:50,588107,batch_c_scan_7x6,18118564,45476664,8153300
13:02:51,588107,batch_c_scan_7x6,18118564,45476664,8153300
13:02:52,588107,batch_c_scan_7x6,18118732,45476664,8153132
13:02:53,588107,batch_c_scan_7x6,18118736,45476664,8153128
13:02:54,588107,batch_c_scan_7x6,18118736,45476664,8153128
13:02:55,588107,batch_c_scan_7x6,18118740,45476664,8153124
13:02:56,588107,batch_c_scan_7x6,18118744,45476664,8153120
13:02:57,588107,batch_c_scan_7x6,18118744,45476664,8153120
13:02:59,588107,batch_c_scan_7x6,18118744,45476664,8153120
13:03:00,588107,batch_c_scan_7x6,18118748,45476664,8153116
13:03:01,588107,batch_c_scan_7x6,18118748,45476664,8153116
13:03:02,588107,batch_c_scan_7x6,18118748,45476664,8153116
13:03:03,588107,batch_c_scan_7x6,18118752,45476664,8153112
13:03:04,588107,batch_c_scan_7x6,18118752,45476664,8153112
13:03:05,588107,batch_c_scan_7x6,18118756,45476664,8153108
13:03:06,588107,batch_c_scan_7x6,18118756,45476664,8153108
13:03:07,588107,batch_c_scan_7x6,18118756,45476664,8153108
13:03:08,588107,batch_c_scan_7x6,18137468,45476664,8134432
13:03:09,588107,batch_c_scan_7x6,18137996,45476664,8133904
13:03:10,588107,batch_c_scan_7x6,18138036,45476664,8133864
13:03:11,588107,batch_c_scan_7x6,18138040,45476664,8133860
13:03:12,588107,batch_c_scan_7x6,18138040,45476664,8133860
13:03:13,588107,batch_c_scan_7x6,18138056,45476664,8133844
13:03:14,588107,batch_c_scan_7x6,18157076,45476664,8116760
13:03:15,588107,batch_c_scan_7x6,18178724,45476664,8095288
13:03:16,588107,batch_c_scan_7x6,18178724,45476664,8095288
13:03:17,588107,batch_c_scan_7x6,18180692,45476664,8093324
13:03:18,588107,batch_c_scan_7x6,18180692,45476664,8093324
13:03:19,588107,batch_c_scan_7x6,18181100,45476664,8092916
13:03:20,588107,batch_c_scan_7x6,18189368,45476664,8086752
13:03:21,588107,batch_c_scan_7x6,18189368,45476664,8086752
13:03:22,588107,batch_c_scan_7x6,18189812,45476664,8086308
13:03:23,588107,batch_c_scan_7x6,18189816,45476664,8086304
13:03:24,588107,batch_c_scan_7x6,18189824,45476664,8086296
13:03:25,588107,batch_c_scan_7x6,18194380,45476664,8082196
13:03:26,588107,batch_c_scan_7x6,18194380,45476664,8082196
13:03:27,588107,batch_c_scan_7x6,18194420,45476664,8082156
13:03:28,588107,batch_c_scan_7x6,18211220,45476664,8065356
13:03:29,588107,batch_c_scan_7x6,18211732,45476664,8064844
13:03:30,588107,batch_c_scan_7x6,18212504,45476664,8064128
13:03:31,588107,batch_c_scan_7x6,18214160,45476664,8063072
13:03:32,588107,batch_c_scan_7x6,18214184,45476664,8063048
13:03:33,588107,batch_c_scan_7x6,18214584,45476664,8062884
13:03:34,588107,batch_c_scan_7x6,18214692,45476664,8062776
13:03:35,588107,batch_c_scan_7x6,18214696,45476664,8062772
13:03:36,588107,batch_c_scan_7x6,18214696,45476664,8062772
13:03:37,588107,batch_c_scan_7x6,18214696,45476664,8062772
13:03:38,588107,batch_c_scan_7x6,18214724,45476664,8062744
13:03:39,588107,batch_c_scan_7x6,18214724,45476664,8062744
13:03:40,588107,batch_c_scan_7x6,18215044,45476664,8062424
13:03:41,588107,batch_c_scan_7x6,18215048,45476664,8062420
13:03:42,588107,batch_c_scan_7x6,18215048,45476664,8062420
13:03:43,588107,batch_c_scan_7x6,18215584,45476664,8061884
13:03:44,588107,batch_c_scan_7x6,18237916,45476664,8039552
13:03:45,588107,batch_c_scan_7x6,18237916,45476664,8039552
13:03:46,588107,batch_c_scan_7x6,18239556,45476664,8037912
13:03:47,588107,batch_c_scan_7x6,18239556,45476664,8037912
13:03:48,588107,batch_c_scan_7x6,18239560,45476664,8037908
13:03:49,588107,batch_c_scan_7x6,18239564,45476664,8037904
13:03:50,588107,batch_c_scan_7x6,18239564,45476664,8037904
13:03:52,588107,batch_c_scan_7x6,18239564,45476664,8037904
13:03:53,588107,batch_c_scan_7x6,18239568,45476664,8037900
13:03:54,588107,batch_c_scan_7x6,18239568,45476664,8037900
13:03:55,588107,batch_c_scan_7x6,18239568,45476664,8037900
13:03:56,588107,batch_c_scan_7x6,18239568,45476664,8037900
13:03:57,588107,batch_c_scan_7x6,18239572,45476664,8037896
13:03:58,588107,batch_c_scan_7x6,18239572,45476664,8037896
13:03:59,588107,batch_c_scan_7x6,18239572,45476664,8037896
13:04:00,588107,batch_c_scan_7x6,18239604,45476664,8037864
13:04:01,588107,batch_c_scan_7x6,18239800,45476664,8037668
13:04:02,588107,batch_c_scan_7x6,18239800,45476664,8037668
13:04:03,588107,batch_c_scan_7x6,18242248,45476664,8035220
13:04:04,588107,batch_c_scan_7x6,18243152,45476664,8034316
13:04:05,588107,batch_c_scan_7x6,18243152,45476664,8034316
13:04:06,588107,batch_c_scan_7x6,18243284,45476664,8034184
13:04:07,588107,batch_c_scan_7x6,18243284,45476664,8034184
13:04:08,588107,batch_c_scan_7x6,18243820,45476664,8033648
13:04:09,588107,batch_c_scan_7x6,18243820,45476664,8033648
13:04:10,588107,batch_c_scan_7x6,18243820,45476664,8033648
13:04:11,588107,batch_c_scan_7x6,18243828,45476664,8033640
13:04:12,588107,batch_c_scan_7x6,18243852,45476664,8033572
13:04:13,588107,batch_c_scan_7x6,18243896,45476664,8033572
13:04:14,588107,batch_c_scan_7x6,18243904,45476664,8033564
13:04:15,588107,batch_c_scan_7x6,18243904,45476664,8033564
13:04:16,588107,batch_c_scan_7x6,18243924,45476664,8033544
13:04:17,588107,batch_c_scan_7x6,18243928,45476664,8033540
13:04:18,588107,batch_c_scan_7x6,18243928,45476664,8033540
13:04:19,588107,batch_c_scan_7x6,18244056,45476664,8033412
13:04:20,588107,batch_c_scan_7x6,18244080,45476664,8033412
13:04:21,588107,batch_c_scan_7x6,18244060,45476664,8033408
13:04:22,588107,batch_c_scan_7x6,18244180,45476664,8033288
13:04:23,588107,batch_c_scan_7x6,18244180,45476664,8033288
13:04:24,588107,batch_c_scan_7x6,18244184,45476664,8033284
13:04:25,588107,batch_c_scan_7x6,18244184,45476664,8033284
13:04:26,588107,batch_c_scan_7x6,18244660,45476664,8032808
13:04:27,588107,batch_c_scan_7x6,18244676,45476664,8032792
13:04:28,588107,batch_c_scan_7x6,18244676,45476664,8032792
13:04:29,588107,batch_c_scan_7x6,18244676,45476664,8032792
13:04:30,588107,batch_c_scan_7x6,18244680,45476664,8032788
13:04:31,588107,batch_c_scan_7x6,18244680,45476664,8032788
13:04:32,588107,batch_c_scan_7x6,18244684,45476664,8032784
13:04:33,588107,batch_c_scan_7x6,18244684,45476664,8032784
13:04:34,588107,batch_c_scan_7x6,18244684,45476664,8032784
13:04:35,588107,batch_c_scan_7x6,18244764,45476664,8032704
13:04:36,588107,batch_c_scan_7x6,18244764,45476664,8032704
13:04:37,588107,batch_c_scan_7x6,18244764,45476664,8032704
13:04:38,588107,batch_c_scan_7x6,18244768,45476664,8032700
13:04:39,588107,batch_c_scan_7x6,18244768,45476664,8032700
13:04:40,588107,batch_c_scan_7x6,18244768,45476664,8032700
13:04:41,588107,batch_c_scan_7x6,18244768,45476664,8032700
13:04:42,588107,batch_c_scan_7x6,18244772,45476664,8032696
13:04:43,588107,batch_c_scan_7x6,18244772,45476664,8032696
13:04:44,588107,batch_c_scan_7x6,18244772,45476664,8032696
13:04:46,588107,batch_c_scan_7x6,18245000,45476664,8032560
13:04:47,588107,batch_c_scan_7x6,18245044,45476664,8032516
13:04:48,588107,batch_c_scan_7x6,18245044,45476664,8032516
13:04:49,588107,batch_c_scan_7x6,18245048,45476664,8032512
13:04:50,588107,batch_c_scan_7x6,18245048,45476664,8032512
13:04:51,588107,batch_c_scan_7x6,18245048,45476664,8032512
13:04:52,588107,batch_c_scan_7x6,18245056,45476664,8032504
13:04:53,588107,batch_c_scan_7x6,18245056,45476664,8032504
13:04:54,588107,batch_c_scan_7x6,18245056,45476664,8032504
13:04:55,588107,batch_c_scan_7x6,18245060,45476664,8032500
13:04:56,588107,batch_c_scan_7x6,18245060,45476664,8032500
13:04:57,588107,batch_c_scan_7x6,18245064,45476664,8032496
13:04:58,588107,batch_c_scan_7x6,18245064,45476664,8032496
13:04:59,588107,batch_c_scan_7x6,18245064,45476664,8032496
13:05:00,588107,batch_c_scan_7x6,18245080,45476664,8032480
13:05:01,588107,batch_c_scan_7x6,18245080,45476664,8032480
13:05:02,588107,batch_c_scan_7x6,18245084,45476664,8032476
13:05:03,588107,batch_c_scan_7x6,18245088,45476664,8032472
13:05:04,588107,batch_c_scan_7x6,18245232,45476664,8032328
13:05:05,588107,batch_c_scan_7x6,18245232,45476664,8032328
13:05:06,588107,batch_c_scan_7x6,18245232,45476664,8032328
13:05:07,588107,batch_c_scan_7x6,18245236,45476664,8032324
13:05:08,588107,batch_c_scan_7x6,18245252,45476664,8032316
13:05:09,588107,batch_c_scan_7x6,18245252,45476664,8032316
13:05:10,588107,batch_c_scan_7x6,18245256,45476664,8032312
13:05:11,588107,batch_c_scan_7x6,18245256,45476664,8032312
13:05:12,588107,batch_c_scan_7x6,18245256,45476664,8032312
13:05:13,588107,batch_c_scan_7x6,18245664,45476664,8031904
13:05:14,588107,batch_c_scan_7x6,18245664,45476664,8031904
13:05:15,588107,batch_c_scan_7x6,18245668,45476664,8031900
13:05:16,588107,batch_c_scan_7x6,18245668,45476664,8031900
13:05:17,588107,batch_c_scan_7x6,18245668,45476664,8031900
13:05:18,588107,batch_c_scan_7x6,18245668,45476664,8031900
13:05:19,588107,batch_c_scan_7x6,18245692,45476664,8031876
13:05:20,588107,batch_c_scan_7x6,18245696,45476664,8031872
13:05:21,588107,batch_c_scan_7x6,18245700,45476664,8031868
13:05:22,588107,batch_c_scan_7x6,18245700,45476664,8031868
13:05:23,588107,batch_c_scan_7x6,18247320,45476664,8030248
13:05:24,588107,batch_c_scan_7x6,18247324,45476664,8030244
13:05:25,588107,batch_c_scan_7x6,18247324,45476664,8030244
13:05:26,588107,batch_c_scan_7x6,18247336,45476664,8030232
13:05:27,588107,batch_c_scan_7x6,18247360,45476664,8030232
13:05:28,588107,batch_c_scan_7x6,18247340,45476664,8030228
13:05:29,588107,batch_c_scan_7x6,18247340,45476664,8030228
13:05:30,588107,batch_c_scan_7x6,18247340,45476664,8030228
13:05:31,588107,batch_c_scan_7x6,18247344,45476664,8030224
13:05:32,588107,batch_c_scan_7x6,18247344,45476664,8030224
13:05:33,588107,batch_c_scan_7x6,18247344,45476664,8030224
13:05:34,588107,batch_c_scan_7x6,18247348,45476664,8030220
13:05:35,588107,batch_c_scan_7x6,18247348,45476664,8030220
13:05:36,588107,batch_c_scan_7x6,18247348,45476664,8030220
13:05:37,588107,batch_c_scan_7x6,18247372,45476664,8030196
13:05:38,588107,batch_c_scan_7x6,18247372,45476664,8030196
13:05:40,588107,batch_c_scan_7x6,18247376,45476664,8030192
13:05:41,588107,batch_c_scan_7x6,18247376,45476664,8030192
13:05:42,588107,batch_c_scan_7x6,18247376,45476664,8030192
13:05:43,588107,batch_c_scan_7x6,18247384,45476664,8030184
13:05:44,588107,batch_c_scan_7x6,18247384,45476664,8030184
13:05:45,588107,batch_c_scan_7x6,18247388,45476664,8030180
13:05:46,588107,batch_c_scan_7x6,18247392,45476664,8030176
13:05:47,588107,batch_c_scan_7x6,18247392,45476664,8030176
13:05:48,588107,batch_c_scan_7x6,18247392,45476664,8030176
13:05:49,588107,batch_c_scan_7x6,18247424,45476664,8030168
13:05:50,588107,batch_c_scan_7x6,18247404,45476664,8030164
13:05:51,588107,batch_c_scan_7x6,18247428,45476664,8030140
13:05:52,588107,batch_c_scan_7x6,18247428,45476664,8030140
13:05:53,588107,batch_c_scan_7x6,18247432,45476664,8030136
13:05:54,588107,batch_c_scan_7x6,18247784,45476664,8029784
13:05:55,588107,batch_c_scan_7x6,18247784,45476664,8029784
13:05:56,588107,batch_c_scan_7x6,18248100,45476664,8029468
13:05:57,588107,batch_c_scan_7x6,18248100,45476664,8029468
13:05:58,588107,batch_c_scan_7x6,18248360,45476664,8029208
13:05:59,588107,batch_c_scan_7x6,18249816,45476664,8027752
13:06:00,588107,batch_c_scan_7x6,18249816,45476664,8027752
13:06:01,588107,batch_c_scan_7x6,18249948,45476664,8027620
13:06:02,588107,batch_c_scan_7x6,18249948,45476664,8027620
13:06:03,588107,batch_c_scan_7x6,18249952,45476664,8027616
13:06:04,588107,batch_c_scan_7x6,18250360,45476664,8027208
13:06:05,588107,batch_c_scan_7x6,18250360,45476664,8027208
13:06:06,588107,batch_c_scan_7x6,18250360,45476664,8027208
13:06:07,588107,batch_c_scan_7x6,18250364,45476664,8027204
13:06:08,588107,batch_c_scan_7x6,18250364,45476664,8027204
13:06:09,588107,batch_c_scan_7x6,18252780,45476664,8024788
13:06:10,588107,batch_c_scan_7x6,18252804,45476664,8024788
13:06:11,588107,batch_c_scan_7x6,18252960,45476664,8024608
13:06:12,588107,batch_c_scan_7x6,18252960,45476664,8024608
13:06:13,588107,batch_c_scan_7x6,18252960,45476664,8024608
13:06:14,588107,batch_c_scan_7x6,18253060,45476664,8024508
13:06:15,588107,batch_c_scan_7x6,18253060,45476664,8024508
13:06:16,588107,batch_c_scan_7x6,18253060,45476664,8024508
13:06:17,588107,batch_c_scan_7x6,18253064,45476664,8024504
13:06:18,588107,batch_c_scan_7x6,18253064,45476664,8024504
13:06:19,588107,batch_c_scan_7x6,18253064,45476664,8024504
13:06:20,588107,batch_c_scan_7x6,18253068,45476664,8024500
13:06:21,588107,batch_c_scan_7x6,18253068,45476664,8024500
13:06:22,588107,batch_c_scan_7x6,18253068,45476664,8024500
13:06:23,588107,batch_c_scan_7x6,18253092,45476664,8024500
13:06:24,588107,batch_c_scan_7x6,18253072,45476664,8024496
13:06:25,588107,batch_c_scan_7x6,18253072,45476664,8024496
13:06:26,588107,batch_c_scan_7x6,18253072,45476664,8024496
13:06:27,588107,batch_c_scan_7x6,18253076,45476664,8024492
13:06:28,588107,batch_c_scan_7x6,18253076,45476664,8024492
13:06:29,588107,batch_c_scan_7x6,18253080,45476664,8024488
13:06:30,588107,batch_c_scan_7x6,18253208,45476664,8024360
13:06:31,588107,batch_c_scan_7x6,18253208,45476664,8024360
13:06:33,588107,batch_c_scan_7x6,18253360,45476664,8024212
13:06:34,588107,batch_c_scan_7x6,18253360,45476664,8024212
13:06:35,588107,batch_c_scan_7x6,18253360,45476664,8024212
13:06:36,588107,batch_c_scan_7x6,18253360,45476664,8024212
13:06:37,588107,batch_c_scan_7x6,18253360,45476664,8024212
13:06:38,588107,batch_c_scan_7x6,18253360,45476664,8024212
13:06:39,588107,batch_c_scan_7x6,18253364,45476664,8024208
13:06:40,588107,batch_c_scan_7x6,18253364,45476664,8024208
13:06:41,588107,batch_c_scan_7x6,18253364,45476664,8024208
13:06:42,588107,batch_c_scan_7x6,18253364,45476664,8024208
13:06:43,588107,batch_c_scan_7x6,18253364,45476664,8024208
13:06:44,588107,batch_c_scan_7x6,18253412,45476664,8024160
13:06:45,588107,batch_c_scan_7x6,18253412,45476664,8024160
13:06:46,588107,batch_c_scan_7x6,18254124,45476664,8023448
13:06:47,588107,batch_c_scan_7x6,18254124,45476664,8023448
13:06:48,588107,batch_c_scan_7x6,18254124,45476664,8023448
13:06:49,588107,batch_c_scan_7x6,18254128,45476664,8023444
13:06:50,588107,batch_c_scan_7x6,18254128,45476664,8023444
13:06:51,588107,batch_c_scan_7x6,18254128,45476664,8023444
13:06:52,588107,batch_c_scan_7x6,18254264,45476664,8023308
13:06:53,588107,batch_c_scan_7x6,18254264,45476664,8023308
13:06:54,588107,batch_c_scan_7x6,18254264,45476664,8023308
13:06:55,588107,batch_c_scan_7x6,18254320,45476664,8023252
13:06:56,588107,batch_c_scan_7x6,18254320,45476664,8023252
13:06:57,588107,batch_c_scan_7x6,18254324,45476664,8023248
13:06:58,588107,batch_c_scan_7x6,18254324,45476664,8023248
13:06:59,588107,batch_c_scan_7x6,18254336,45476664,8023236
13:07:00,588107,batch_c_scan_7x6,18254336,45476664,8023236
13:07:01,588107,batch_c_scan_7x6,18254336,45476664,8023236
13:07:02,588107,batch_c_scan_7x6,18254336,45476664,8023236
13:07:03,588107,batch_c_scan_7x6,18254344,45476664,8023228
13:07:04,588107,batch_c_scan_7x6,18254348,45476664,8023224
13:07:05,588107,batch_c_scan_7x6,18254352,45476664,8023220
13:07:06,588107,batch_c_scan_7x6,18254352,45476664,8023220
13:07:07,588107,batch_c_scan_7x6,18254352,45476664,8023220
13:07:08,588107,batch_c_scan_7x6,18254412,45476664,8023160
13:07:09,588107,batch_c_scan_7x6,18254412,45476664,8023160
13:07:10,588107,batch_c_scan_7x6,18254416,45476664,8023156
13:07:11,588107,batch_c_scan_7x6,18254416,45476664,8023156
13:07:12,588107,batch_c_scan_7x6,18254524,45476664,8023048
13:07:13,588107,batch_c_scan_7x6,18254548,45476664,8023024
13:07:14,588107,batch_c_scan_7x6,18254548,45476664,8023024
13:07:15,588107,batch_c_scan_7x6,18254548,45476664,8023024
13:07:16,588107,batch_c_scan_7x6,18254572,45476664,8023024
13:07:17,588107,batch_c_scan_7x6,18254596,45476664,8022976
13:07:18,588107,batch_c_scan_7x6,18254596,45476664,8022976
13:07:19,588107,batch_c_scan_7x6,18254596,45476664,8022976
13:07:20,588107,batch_c_scan_7x6,18254740,45476664,8022840
13:07:21,588107,batch_c_scan_7x6,18254740,45476664,8022840
13:07:22,588107,batch_c_scan_7x6,18254744,45476664,8022836
13:07:23,588107,batch_c_scan_7x6,18254768,45476664,8022812
13:07:24,588107,batch_c_scan_7x6,18254768,45476664,8022812
13:07:25,588107,batch_c_scan_7x6,18254768,45476664,8022812
13:07:27,588107,batch_c_scan_7x6,18254768,45476664,8022812
13:07:28,588107,batch_c_scan_7x6,18254768,45476664,8022812
13:07:29,588107,batch_c_scan_7x6,18254776,45476664,8022804
13:07:30,588107,batch_c_scan_7x6,18254776,45476664,8022804
13:07:31,588107,batch_c_scan_7x6,18254776,45476664,8022804
13:07:32,588107,batch_c_scan_7x6,18254776,45476664,8022804
13:07:33,588107,batch_c_scan_7x6,18254776,45476664,8022804
13:07:34,588107,batch_c_scan_7x6,18254788,45476664,8022792
13:07:35,588107,batch_c_scan_7x6,18254788,45476664,8022792
13:07:36,588107,batch_c_scan_7x6,18254792,45476664,8022788
13:07:37,588107,batch_c_scan_7x6,18254896,45476664,8022684
13:07:38,588107,batch_c_scan_7x6,18254896,45476664,8022684
13:07:39,588107,batch_c_scan_7x6,18254896,45476664,8022684
13:07:40,588107,batch_c_scan_7x6,18254896,45476664,8022684
13:07:41,588107,batch_c_scan_7x6,18254896,45476664,8022684
13:07:42,588107,batch_c_scan_7x6,18254900,45476664,8022680
13:07:43,588107,batch_c_scan_7x6,18254900,45476664,8022680
13:07:44,588107,batch_c_scan_7x6,18254932,45476664,8022648
13:07:45,588107,batch_c_scan_7x6,18254932,45476664,8022648
13:07:46,588107,batch_c_scan_7x6,18254932,45476664,8022648
13:07:47,588107,batch_c_scan_7x6,18254936,45476664,8022644
13:07:48,588107,batch_c_scan_7x6,18254960,45476664,8022644
13:07:49,588107,batch_c_scan_7x6,18254964,45476664,8022616
13:07:50,588107,batch_c_scan_7x6,18254964,45476664,8022616
13:07:51,588107,batch_c_scan_7x6,18254964,45476664,8022616
13:07:52,588107,batch_c_scan_7x6,18254968,45476664,8022612
13:07:53,588107,batch_c_scan_7x6,18254968,45476664,8022612
13:07:54,588107,batch_c_scan_7x6,18257088,45476664,8020492
13:07:55,588107,batch_c_scan_7x6,18257088,45476664,8020492
13:07:56,588107,batch_c_scan_7x6,18257088,45476664,8020492
13:07:57,588107,batch_c_scan_7x6,18257116,45476664,8020464
13:07:58,588107,batch_c_scan_7x6,18257120,45476664,8020460
13:07:59,588107,batch_c_scan_7x6,18257120,45476664,8020460
13:08:00,588107,batch_c_scan_7x6,18257136,45476664,8020444
13:08:01,588107,batch_c_scan_7x6,18257136,45476664,8020444
13:08:02,588107,batch_c_scan_7x6,18257144,45476664,8020436
13:08:03,588107,batch_c_scan_7x6,18257160,45476664,8020424
13:08:04,588107,batch_c_scan_7x6,18257160,45476664,8020424
13:08:05,588107,batch_c_scan_7x6,18257160,45476664,8020424
13:08:06,588107,batch_c_scan_7x6,18257160,45476664,8020424
13:08:07,588107,batch_c_scan_7x6,18257164,45476664,8020420
13:08:08,588107,batch_c_scan_7x6,18257164,45476664,8020420
13:08:09,588107,batch_c_scan_7x6,18257164,45476664,8020420
13:08:10,588107,batch_c_scan_7x6,18257192,45476664,8020396
13:08:11,588107,batch_c_scan_7x6,18257192,45476664,8020396
13:08:12,588107,batch_c_scan_7x6,18257196,45476664,8020392
13:08:13,588107,batch_c_scan_7x6,18257196,45476664,8020392
13:08:14,588107,batch_c_scan_7x6,18257196,45476664,8020392
13:08:15,588107,batch_c_scan_7x6,18257212,45476664,8020376
13:08:16,588107,batch_c_scan_7x6,18257232,45476664,8020360
13:08:17,588107,batch_c_scan_7x6,18257232,45476664,8020360
13:08:18,588107,batch_c_scan_7x6,18257236,45476664,8020356
13:08:19,588107,batch_c_scan_7x6,18257236,45476664,8020356
13:08:21,588107,batch_c_scan_7x6,18257236,45476664,8020356
13:08:22,588107,batch_c_scan_7x6,18257236,45476664,8020356
13:08:23,588107,batch_c_scan_7x6,18257236,45476664,8020356
13:08:24,588107,batch_c_scan_7x6,18257240,45476664,8020352
13:08:25,588107,batch_c_scan_7x6,18257240,45476664,8020352
13:08:26,588107,batch_c_scan_7x6,18257244,45476664,8020348
13:08:27,588107,batch_c_scan_7x6,18257244,45476664,8020348
13:08:28,588107,batch_c_scan_7x6,18257244,45476664,8020348
13:08:29,588107,batch_c_scan_7x6,18257248,45476664,8020344
13:08:30,588107,batch_c_scan_7x6,18257252,45476664,8020340
13:08:31,588107,batch_c_scan_7x6,18257256,45476664,8020336
13:08:32,588107,batch_c_scan_7x6,18257260,45476664,8020332
13:08:33,588107,batch_c_scan_7x6,18257260,45476664,8020332
13:08:34,588107,batch_c_scan_7x6,18257260,45476664,8020332
13:08:35,588107,batch_c_scan_7x6,18257264,45476664,8020328
13:08:36,588107,batch_c_scan_7x6,18257264,45476664,8020328
13:08:37,588107,batch_c_scan_7x6,18257412,45476664,8020180
13:08:38,588107,batch_c_scan_7x6,18257412,45476664,8020180
13:08:39,588107,batch_c_scan_7x6,18257420,45476664,8020172
13:08:40,588107,batch_c_scan_7x6,18257420,45476664,8020172
13:08:41,588107,batch_c_scan_7x6,18257420,45476664,8020172
13:08:42,588107,batch_c_scan_7x6,18257460,45476664,8020132
13:08:43,588107,batch_c_scan_7x6,18257484,45476664,8020132
13:08:44,588107,batch_c_scan_7x6,18257464,45476664,8020128
13:08:45,588107,batch_c_scan_7x6,18257500,45476664,8020092
13:08:46,588107,batch_c_scan_7x6,18257500,45476664,8020092
13:08:47,588107,batch_c_scan_7x6,18257508,45476664,8020084
13:08:48,588107,batch_c_scan_7x6,18257520,45476664,8020072
13:08:49,588107,batch_c_scan_7x6,18257520,45476664,8020072
13:08:50,588107,batch_c_scan_7x6,18257524,45476664,8020068
13:08:51,588107,batch_c_scan_7x6,18257524,45476664,8020068
13:08:52,588107,batch_c_scan_7x6,18257532,45476664,8020060
13:08:53,588107,batch_c_scan_7x6,18257540,45476664,8020052
13:08:54,588107,batch_c_scan_7x6,18257544,45476664,8020048
13:08:55,588107,batch_c_scan_7x6,18257548,45476664,8020044
13:08:56,588107,batch_c_scan_7x6,18257548,45476664,8020044
13:08:57,588107,batch_c_scan_7x6,18257552,45476664,8020040
13:08:58,588107,batch_c_scan_7x6,18257560,45476664,8020032
13:08:59,588107,batch_c_scan_7x6,18257560,45476664,8020032
13:09:00,588107,batch_c_scan_7x6,18257568,45476664,8020024
13:09:01,588107,batch_c_scan_7x6,18257568,45476664,8020024
13:09:02,588107,batch_c_scan_7x6,18257576,45476664,8020016
13:09:03,588107,batch_c_scan_7x6,18257576,45476664,8020016
13:09:04,588107,batch_c_scan_7x6,18257576,45476664,8020016
13:09:05,588107,batch_c_scan_7x6,18257576,45476664,8020016
13:09:06,588107,batch_c_scan_7x6,18257576,45476664,8020016
13:09:07,588107,batch_c_scan_7x6,18257584,45476664,8020008
13:09:08,588107,batch_c_scan_7x6,18257588,45476664,8020004
13:09:09,588107,batch_c_scan_7x6,18257588,45476664,8020004
13:09:10,588107,batch_c_scan_7x6,18257592,45476664,8020000
13:09:11,588107,batch_c_scan_7x6,18257592,45476664,8020000
13:09:12,588107,batch_c_scan_7x6,18257596,45476664,8019996
13:09:13,588107,batch_c_scan_7x6,18257720,45476664,8019872
13:09:15,588107,batch_c_scan_7x6,18257720,45476664,8019872
13:09:16,588107,batch_c_scan_7x6,18257724,45476664,8019868
13:09:17,588107,batch_c_scan_7x6,18257724,45476664,8019868
13:09:18,588107,batch_c_scan_7x6,18257724,45476664,8019868
13:09:19,588107,batch_c_scan_7x6,18257780,45476664,8019812
13:09:20,588107,batch_c_scan_7x6,18257780,45476664,8019812
13:09:21,588107,batch_c_scan_7x6,18257808,45476664,8019784
13:09:22,588107,batch_c_scan_7x6,18257808,45476664,8019784
13:09:23,588107,batch_c_scan_7x6,18257808,45476664,8019784
13:09:24,588107,batch_c_scan_7x6,18257828,45476664,8019764
13:09:25,588107,batch_c_scan_7x6,18257828,45476664,8019764
13:09:26,588107,batch_c_scan_7x6,18257836,45476664,8019756
13:09:27,588107,batch_c_scan_7x6,18257860,45476664,8019732
13:09:28,588107,batch_c_scan_7x6,18257860,45476664,8019732
13:09:29,588107,batch_c_scan_7x6,18257864,45476664,8019728
13:09:30,588107,batch_c_scan_7x6,18257864,45476664,8019728
13:09:31,588107,batch_c_scan_7x6,18257880,45476664,8019712
13:09:32,588107,batch_c_scan_7x6,18257888,45476664,8019704
13:09:33,588107,batch_c_scan_7x6,18257888,45476664,8019704
13:09:34,588107,batch_c_scan_7x6,18257896,45476664,8019696
13:09:35,588107,batch_c_scan_7x6,18257896,45476664,8019696
13:09:36,588107,batch_c_scan_7x6,18257896,45476664,8019696
13:09:37,588107,batch_c_scan_7x6,18257908,45476664,8019684
13:09:38,588107,batch_c_scan_7x6,18257908,45476664,8019684
13:09:39,588107,batch_c_scan_7x6,18257908,45476664,8019684
13:09:40,588107,batch_c_scan_7x6,18257908,45476664,8019684
13:09:41,588107,batch_c_scan_7x6,18257912,45476664,8019680
13:09:42,588107,batch_c_scan_7x6,18257912,45476664,8019680
13:09:43,588107,batch_c_scan_7x6,18257912,45476664,8019680
13:09:44,588107,batch_c_scan_7x6,18257928,45476664,8019664
13:09:45,588107,batch_c_scan_7x6,18257928,45476664,8019664
13:09:46,588107,batch_c_scan_7x6,18257932,45476664,8019660
13:09:47,588107,batch_c_scan_7x6,18257932,45476664,8019660
13:09:48,588107,batch_c_scan_7x6,18257932,45476664,8019660
13:09:49,588107,batch_c_scan_7x6,18257932,45476664,8019660
13:09:50,588107,batch_c_scan_7x6,18257932,45476664,8019660
13:09:51,588107,batch_c_scan_7x6,18257932,45476664,8019660
13:09:52,588107,batch_c_scan_7x6,18257936,45476664,8019656
13:09:53,588107,batch_c_scan_7x6,18257936,45476664,8019656
13:09:54,588107,batch_c_scan_7x6,18257996,45476664,8019596
13:09:55,588107,batch_c_scan_7x6,18257996,45476664,8019596
13:09:56,588107,batch_c_scan_7x6,18257996,45476664,8019596
13:09:57,588107,batch_c_scan_7x6,18257996,45476664,8019596
13:09:58,588107,batch_c_scan_7x6,18257996,45476664,8019596
13:09:59,588107,batch_c_scan_7x6,18258000,45476664,8019592
13:10:00,588107,batch_c_scan_7x6,18258032,45476664,8019560
13:10:01,588107,batch_c_scan_7x6,18258032,45476664,8019560
13:10:02,588107,batch_c_scan_7x6,18258032,45476664,8019560
13:10:03,588107,batch_c_scan_7x6,18258032,45476664,8019560
13:10:04,588107,batch_c_scan_7x6,18258032,45476664,8019560
13:10:05,588107,batch_c_scan_7x6,18258036,45476664,8019556
13:10:06,588107,batch_c_scan_7x6,18258036,45476664,8019556
13:10:07,588107,batch_c_scan_7x6,18258064,45476664,8019528
13:10:09,588107,batch_c_scan_7x6,18258064,45476664,8019528
13:10:10,588107,batch_c_scan_7x6,18258076,45476664,8019516
13:10:11,588107,batch_c_scan_7x6,18258084,45476664,8019508
13:10:12,588107,batch_c_scan_7x6,18258084,45476664,8019508
13:10:13,588107,batch_c_scan_7x6,18258088,45476664,8019504
13:10:14,588107,batch_c_scan_7x6,18258088,45476664,8019504
13:10:15,588107,batch_c_scan_7x6,18258088,45476664,8019504
13:10:16,588107,batch_c_scan_7x6,18258096,45476664,8019496
13:10:17,588107,batch_c_scan_7x6,18258096,45476664,8019496
13:10:18,588107,batch_c_scan_7x6,18258100,45476664,8019492
13:10:19,588107,batch_c_scan_7x6,18258100,45476664,8019492
13:10:20,588107,batch_c_scan_7x6,18258100,45476664,8019492
13:10:21,588107,batch_c_scan_7x6,18258100,45476664,8019492
13:10:22,588107,batch_c_scan_7x6,18258100,45476664,8019492
13:10:23,588107,batch_c_scan_7x6,18258108,45476664,8019484
13:10:24,588107,batch_c_scan_7x6,18258132,45476664,8019484
13:10:25,588107,batch_c_scan_7x6,18258112,45476664,8019480
13:10:26,588107,batch_c_scan_7x6,18258112,45476664,8019480
13:10:27,588107,batch_c_scan_7x6,18258112,45476664,8019480
13:10:28,588107,batch_c_scan_7x6,18258160,45476664,8019436
13:10:29,588107,batch_c_scan_7x6,18258184,45476664,8019436
13:10:30,588107,batch_c_scan_7x6,18258212,45476664,8019388
13:10:31,588107,batch_c_scan_7x6,18258212,45476664,8019388
13:10:32,588107,batch_c_scan_7x6,18258212,45476664,8019388
13:10:33,588107,batch_c_scan_7x6,18258216,45476664,8019388
13:10:34,588107,batch_c_scan_7x6,18258216,45476664,8019388
13:10:35,588107,batch_c_scan_7x6,18258216,45476664,8019388
13:10:36,588107,batch_c_scan_7x6,18258312,45476664,8019292
13:10:37,588107,batch_c_scan_7x6,18258320,45476664,8019284
13:10:38,588107,batch_c_scan_7x6,18259328,45476664,8018276
13:10:39,588107,batch_c_scan_7x6,18259328,45476664,8018276
13:10:40,588107,batch_c_scan_7x6,18260336,45476664,8017268
13:10:41,588107,batch_c_scan_7x6,18260336,45476664,8017268
13:10:42,588107,batch_c_scan_7x6,18261344,45476664,8016260
13:10:43,588107,batch_c_scan_7x6,18262356,45476664,8015248
13:10:44,588107,batch_c_scan_7x6,18262356,45476664,8015248
13:10:45,588107,batch_c_scan_7x6,18263364,45476664,8014240
13:10:46,588107,batch_c_scan_7x6,18263364,45476664,8014240
13:10:47,588107,batch_c_scan_7x6,18263364,45476664,8014240
13:10:48,588107,batch_c_scan_7x6,18263364,45476664,8014240
13:10:49,588107,batch_c_scan_7x6,18263364,45476664,8014240
13:10:50,588107,batch_c_scan_7x6,18263368,45476664,8014236
13:10:51,588107,batch_c_scan_7x6,18264788,45476664,8012816
13:10:52,588107,batch_c_scan_7x6,18264788,45476664,8012816
13:10:53,588107,batch_c_scan_7x6,18264788,45476664,8012816
13:10:54,588107,batch_c_scan_7x6,18264788,45476664,8012816
13:10:55,588107,batch_c_scan_7x6,18264792,45476664,8012812
13:10:56,588107,batch_c_scan_7x6,18264796,45476664,8012808
13:10:57,588107,batch_c_scan_7x6,18264796,45476664,8012808
13:10:58,588107,batch_c_scan_7x6,18264796,45476664,8012808
13:10:59,588107,batch_c_scan_7x6,18264796,45476664,8012808
13:11:00,588107,batch_c_scan_7x6,18264800,45476664,8012804
13:11:01,588107,batch_c_scan_7x6,18264804,45476664,8012800
13:11:03,588107,batch_c_scan_7x6,18264804,45476664,8012800
13:11:04,588107,batch_c_scan_7x6,18264804,45476664,8012800
13:11:05,588107,batch_c_scan_7x6,18264804,45476664,8012800
13:11:06,588107,batch_c_scan_7x6,18264804,45476664,8012800
13:11:07,588107,batch_c_scan_7x6,18264804,45476664,8012800
13:11:08,588107,batch_c_scan_7x6,18264804,45476664,8012800
13:11:09,588107,batch_c_scan_7x6,18264808,45476664,8012796
13:11:10,588107,batch_c_scan_7x6,18264808,45476664,8012796
13:11:11,588107,batch_c_scan_7x6,18264808,45476664,8012796
13:11:12,588107,batch_c_scan_7x6,18264808,45476664,8012796
13:11:13,588107,batch_c_scan_7x6,18264808,45476664,8012796
13:11:14,588107,batch_c_scan_7x6,18264808,45476664,8012796
13:11:15,588107,batch_c_scan_7x6,18264808,45476664,8012796
13:11:16,588107,batch_c_scan_7x6,18265548,45476664,8012056
13:11:17,588107,batch_c_scan_7x6,18265548,45476664,8012056
13:11:18,588107,batch_c_scan_7x6,18265548,45476664,8012056
13:11:19,588107,batch_c_scan_7x6,18265548,45476664,8012056
13:11:20,588107,batch_c_scan_7x6,18265548,45476664,8012056
13:11:21,588107,batch_c_scan_7x6,18265552,45476664,8012052
13:11:22,588107,batch_c_scan_7x6,18265552,45476664,8012052
13:11:23,588107,batch_c_scan_7x6,18265552,45476664,8012052
13:11:24,588107,batch_c_scan_7x6,18265552,45476664,8012052
13:11:25,588107,batch_c_scan_7x6,18265552,45476664,8012052
13:11:26,588107,batch_c_scan_7x6,18265552,45476664,8012052
13:11:27,588107,batch_c_scan_7x6,18265556,45476664,8012048
13:11:28,588107,batch_c_scan_7x6,18265556,45476664,8012048
13:11:29,588107,batch_c_scan_7x6,18265556,45476664,8012048
13:11:30,588107,batch_c_scan_7x6,18265556,45476664,8012048
13:11:31,588107,batch_c_scan_7x6,18265556,45476664,8012048
13:11:32,588107,batch_c_scan_7x6,18265556,45476664,8012048
13:11:33,588107,batch_c_scan_7x6,18266564,45476664,8011040
13:11:34,588107,batch_c_scan_7x6,18266568,45476664,8011036
13:11:35,588107,batch_c_scan_7x6,18266568,45476664,8011036
13:11:36,588107,batch_c_scan_7x6,18266568,45476664,8011036
13:11:37,588107,batch_c_scan_7x6,18266568,45476664,8011036
13:11:38,588107,batch_c_scan_7x6,18266568,45476664,8011036
13:11:39,588107,batch_c_scan_7x6,18266568,45476664,8011036
13:11:40,588107,batch_c_scan_7x6,18266568,45476664,8011036
13:11:41,588107,batch_c_scan_7x6,18266572,45476664,8011032
13:11:42,588107,batch_c_scan_7x6,18267956,45476664,8009648
13:11:43,588107,batch_c_scan_7x6,18267956,45476664,8009648
13:11:44,588107,batch_c_scan_7x6,18267956,45476664,8009648
13:11:45,588107,batch_c_scan_7x6,18267956,45476664,8009648
13:11:46,588107,batch_c_scan_7x6,18267960,45476664,8009644
13:11:47,588107,batch_c_scan_7x6,18267960,45476664,8009644
13:11:48,588107,batch_c_scan_7x6,18267960,45476664,8009644
13:11:49,588107,batch_c_scan_7x6,18267960,45476664,8009644
13:11:50,588107,batch_c_scan_7x6,18267960,45476664,8009644
13:11:51,588107,batch_c_scan_7x6,18267960,45476664,8009644
13:11:52,588107,batch_c_scan_7x6,18267964,45476664,8009640
13:11:53,588107,batch_c_scan_7x6,18267964,45476664,8009640
13:11:54,588107,batch_c_scan_7x6,18267964,45476664,8009640
13:11:55,588107,batch_c_scan_7x6,18267964,45476664,8009640
13:11:57,588107,batch_c_scan_7x6,18267964,45476664,8009640
13:11:58,588107,batch_c_scan_7x6,18267964,45476664,8009640
13:11:59,588107,batch_c_scan_7x6,18267964,45476664,8009640
13:12:00,588107,batch_c_scan_7x6,18267968,45476664,8009636
13:12:01,588107,batch_c_scan_7x6,18267968,45476664,8009636
13:12:02,588107,batch_c_scan_7x6,18267968,45476664,8009636
13:12:03,588107,batch_c_scan_7x6,18267968,45476664,8009636
13:12:04,588107,batch_c_scan_7x6,18267968,45476664,8009636
13:12:05,588107,batch_c_scan_7x6,18267968,45476664,8009636
13:12:06,588107,batch_c_scan_7x6,18267968,45476664,8009636
13:12:07,588107,batch_c_scan_7x6,18267972,45476664,8009632
13:12:08,588107,batch_c_scan_7x6,18267972,45476664,8009632
13:12:09,588107,batch_c_scan_7x6,18267972,45476664,8009632
13:12:10,588107,batch_c_scan_7x6,18267972,45476664,8009632
13:12:11,588107,batch_c_scan_7x6,18267972,45476664,8009632
13:12:12,588107,batch_c_scan_7x6,18267976,45476664,8009628
13:12:13,588107,batch_c_scan_7x6,18267976,45476664,8009628
13:12:14,588107,batch_c_scan_7x6,18267976,45476664,8009628
13:12:15,588107,batch_c_scan_7x6,18267976,45476664,8009628
13:12:16,588107,batch_c_scan_7x6,18267976,45476664,8009628
13:12:17,588107,batch_c_scan_7x6,18267976,45476664,8009628
13:12:18,588107,batch_c_scan_7x6,18267980,45476664,8009624
13:12:19,588107,batch_c_scan_7x6,18267980,45476664,8009624
13:12:20,588107,batch_c_scan_7x6,18267980,45476664,8009624
13:12:21,588107,batch_c_scan_7x6,18267980,45476664,8009624
13:12:22,588107,batch_c_scan_7x6,18267980,45476664,8009624
13:12:23,588107,batch_c_scan_7x6,18267980,45476664,8009624
13:12:24,588107,batch_c_scan_7x6,18267980,45476664,8009624
13:12:25,588107,batch_c_scan_7x6,18267984,45476664,8009620
13:12:26,588107,batch_c_scan_7x6,18267984,45476664,8009620
13:12:27,588107,batch_c_scan_7x6,18267984,45476664,8009620
13:12:28,588107,batch_c_scan_7x6,18267984,45476664,8009620
13:12:29,588107,batch_c_scan_7x6,18267984,45476664,8009620
13:12:30,588107,batch_c_scan_7x6,18267988,45476664,8009616
13:12:31,588107,batch_c_scan_7x6,18267988,45476664,8009616
13:12:32,588107,batch_c_scan_7x6,18267988,45476664,8009616
13:12:33,588107,batch_c_scan_7x6,18267996,45476664,8009608
13:12:34,588107,batch_c_scan_7x6,18267996,45476664,8009608
13:12:35,588107,batch_c_scan_7x6,18267996,45476664,8009608
13:12:36,588107,batch_c_scan_7x6,18267996,45476664,8009608
13:12:37,588107,batch_c_scan_7x6,18268000,45476664,8009604
13:12:38,588107,batch_c_scan_7x6,18268000,45476664,8009604
13:12:39,588107,batch_c_scan_7x6,18268000,45476664,8009604
13:12:40,588107,batch_c_scan_7x6,18268000,45476664,8009604
13:12:41,588107,batch_c_scan_7x6,18268000,45476664,8009604
13:12:42,588107,batch_c_scan_7x6,18268000,45476664,8009604
13:12:43,588107,batch_c_scan_7x6,18268004,45476664,8009600
13:12:44,588107,batch_c_scan_7x6,18268004,45476664,8009600
13:12:45,588107,batch_c_scan_7x6,18268004,45476664,8009600
13:12:46,588107,batch_c_scan_7x6,18268004,45476664,8009600
13:12:47,588107,batch_c_scan_7x6,18268004,45476664,8009600
13:12:48,588107,batch_c_scan_7x6,18268004,45476664,8009600
13:12:49,588107,batch_c_scan_7x6,18268004,45476664,8009600
13:12:51,588107,batch_c_scan_7x6,18268012,45476664,8009592
13:12:52,588107,batch_c_scan_7x6,18268012,45476664,8009592
13:12:53,588107,batch_c_scan_7x6,18268012,45476664,8009592
13:12:54,588107,batch_c_scan_7x6,18268012,45476664,8009592
13:12:55,588107,batch_c_scan_7x6,18268012,45476664,8009592
13:12:56,588107,batch_c_scan_7x6,18268016,45476664,8009588
13:12:57,588107,batch_c_scan_7x6,18268016,45476664,8009588
13:12:58,588107,batch_c_scan_7x6,18268016,45476664,8009588
13:12:59,588107,batch_c_scan_7x6,18268016,45476664,8009588
13:13:00,588107,batch_c_scan_7x6,18268016,45476664,8009588
13:13:01,588107,batch_c_scan_7x6,18268016,45476664,8009588
13:13:02,588107,batch_c_scan_7x6,18268016,45476664,8009588
13:13:03,588107,batch_c_scan_7x6,18268020,45476664,8009584
13:13:04,588107,batch_c_scan_7x6,18268020,45476664,8009584
13:13:05,588107,batch_c_scan_7x6,18268020,45476664,8009584
13:13:06,588107,batch_c_scan_7x6,18268020,45476664,8009584
13:13:07,588107,batch_c_scan_7x6,18268020,45476664,8009584
13:13:08,588107,batch_c_scan_7x6,18268020,45476664,8009584
13:13:09,588107,batch_c_scan_7x6,18268024,45476664,8009580
13:13:10,588107,batch_c_scan_7x6,18268024,45476664,8009580
13:13:11,588107,batch_c_scan_7x6,18268024,45476664,8009580
13:13:12,588107,batch_c_scan_7x6,18268024,45476664,8009580
13:13:13,588107,batch_c_scan_7x6,18268024,45476664,8009580
13:13:14,588107,batch_c_scan_7x6,18268024,45476664,8009580
13:13:15,588107,batch_c_scan_7x6,18268024,45476664,8009580
13:13:16,588107,batch_c_scan_7x6,18268028,45476664,8009576
13:13:17,588107,batch_c_scan_7x6,18268028,45476664,8009576
13:13:18,588107,batch_c_scan_7x6,18268028,45476664,8009576
13:13:19,588107,batch_c_scan_7x6,18268028,45476664,8009576
13:13:20,588107,batch_c_scan_7x6,18268028,45476664,8009576
13:13:21,588107,batch_c_scan_7x6,18268032,45476664,8009572
13:13:22,588107,batch_c_scan_7x6,18268032,45476664,8009572
13:13:23,588107,batch_c_scan_7x6,18268032,45476664,8009572
13:13:24,588107,batch_c_scan_7x6,18268032,45476664,8009572
13:13:25,588107,batch_c_scan_7x6,18268032,45476664,8009572
13:13:26,588107,batch_c_scan_7x6,18268032,45476664,8009572
13:13:27,588107,batch_c_scan_7x6,18268032,45476664,8009572
13:13:28,588107,batch_c_scan_7x6,18268036,45476664,8009568
13:13:29,588107,batch_c_scan_7x6,18268036,45476664,8009568
13:13:30,588107,batch_c_scan_7x6,18268036,45476664,8009568
13:13:31,588107,batch_c_scan_7x6,18268036,45476664,8009568
13:13:32,588107,batch_c_scan_7x6,18268036,45476664,8009568
13:13:33,588107,batch_c_scan_7x6,18268036,45476664,8009568
13:13:34,588107,batch_c_scan_7x6,18268036,45476664,8009568
13:13:35,588107,batch_c_scan_7x6,18268040,45476664,8009564
13:13:36,588107,batch_c_scan_7x6,18268040,45476664,8009564
13:13:37,588107,batch_c_scan_7x6,18268040,45476664,8009564
13:13:38,588107,batch_c_scan_7x6,18268040,45476664,8009564
13:13:39,588107,batch_c_scan_7x6,18268040,45476664,8009564
13:13:40,588107,batch_c_scan_7x6,18268040,45476664,8009564
13:13:41,588107,batch_c_scan_7x6,18268044,45476664,8009560
13:13:42,588107,batch_c_scan_7x6,18268044,45476664,8009560
13:13:43,588107,batch_c_scan_7x6,18268044,45476664,8009560
13:13:44,588107,batch_c_scan_7x6,18268044,45476664,8009560
13:13:46,588107,batch_c_scan_7x6,18268044,45476664,8009560
13:13:47,588107,batch_c_scan_7x6,18268048,45476664,8009556
13:13:48,588107,batch_c_scan_7x6,18268048,45476664,8009556
13:13:49,588107,batch_c_scan_7x6,18268060,45476664,8009544
13:13:50,588107,batch_c_scan_7x6,18268104,45476664,8009500
13:13:51,588107,batch_c_scan_7x6,18268776,45476664,8008828
13:13:52,588107,batch_c_scan_7x6,18268820,45476664,8008784
13:13:53,588107,batch_c_scan_7x6,18268820,45476664,8008784
13:13:54,588107,batch_c_scan_7x6,18268824,45476664,8008780
13:13:55,588107,batch_c_scan_7x6,18268824,45476664,8008780
13:13:56,588107,batch_c_scan_7x6,18268824,45476664,8008780
13:13:57,588107,batch_c_scan_7x6,18268824,45476664,8008780
13:13:58,588107,batch_c_scan_7x6,18268824,45476664,8008780
13:13:59,588107,batch_c_scan_7x6,18268828,45476664,8008776
13:14:00,588107,batch_c_scan_7x6,18268852,45476664,8008776
13:14:01,588107,batch_c_scan_7x6,18268832,45476664,8008772
13:14:02,588107,batch_c_scan_7x6,18268832,45476664,8008772
13:14:03,588107,batch_c_scan_7x6,18268832,45476664,8008772
13:14:04,588107,batch_c_scan_7x6,18268832,45476664,8008772
13:14:05,588107,batch_c_scan_7x6,18268856,45476664,8008772
13:14:06,588107,batch_c_scan_7x6,18268836,45476664,8008768
13:14:07,588107,batch_c_scan_7x6,18268840,45476664,8008764
13:14:08,588107,batch_c_scan_7x6,18268840,45476664,8008764
13:14:09,588107,batch_c_scan_7x6,18268840,45476664,8008764
13:14:10,588107,batch_c_scan_7x6,18268840,45476664,8008764
13:14:11,588107,batch_c_scan_7x6,18268840,45476664,8008764
13:14:12,588107,batch_c_scan_7x6,18268844,45476664,8008760
13:14:13,588107,batch_c_scan_7x6,18268844,45476664,8008760
13:14:14,588107,batch_c_scan_7x6,18268844,45476664,8008760
13:14:15,588107,batch_c_scan_7x6,18268844,45476664,8008760
13:14:16,588107,batch_c_scan_7x6,18268844,45476664,8008760
13:14:17,588107,batch_c_scan_7x6,18268844,45476664,8008760
13:14:18,588107,batch_c_scan_7x6,18268844,45476664,8008760
13:14:19,588107,batch_c_scan_7x6,18268848,45476664,8008756
13:14:20,588107,batch_c_scan_7x6,18268848,45476664,8008756
13:14:21,588107,batch_c_scan_7x6,18268856,45476664,8008748
13:14:22,588107,batch_c_scan_7x6,18268856,45476664,8008748
13:14:23,588107,batch_c_scan_7x6,18268856,45476664,8008748
13:14:24,588107,batch_c_scan_7x6,18268856,45476664,8008748
13:14:25,588107,batch_c_scan_7x6,18268856,45476664,8008748
13:14:26,588107,batch_c_scan_7x6,18269276,45476664,8008328
13:14:27,588107,batch_c_scan_7x6,18269276,45476664,8008328
13:14:28,588107,batch_c_scan_7x6,18270832,45476664,8006772
13:14:29,588107,batch_c_scan_7x6,18270836,45476664,8006768
13:14:30,588107,batch_c_scan_7x6,18270836,45476664,8006768
13:14:31,588107,batch_c_scan_7x6,18270840,45476664,8006764
13:14:32,588107,batch_c_scan_7x6,18270840,45476664,8006764
13:14:33,588107,batch_c_scan_7x6,18270840,45476664,8006764
13:14:34,588107,batch_c_scan_7x6,18270840,45476664,8006764
13:14:35,588107,batch_c_scan_7x6,18270840,45476664,8006764
13:14:36,588107,batch_c_scan_7x6,18270844,45476664,8006760
13:14:37,588107,batch_c_scan_7x6,18270844,45476664,8006760
13:14:38,588107,batch_c_scan_7x6,18270848,45476664,8006756
13:14:40,588107,batch_c_scan_7x6,18270848,45476664,8006756
13:14:41,588107,batch_c_scan_7x6,18270848,45476664,8006756
13:14:42,588107,batch_c_scan_7x6,18270852,45476664,8006752
13:14:43,588107,batch_c_scan_7x6,18270852,45476664,8006752
13:14:44,588107,batch_c_scan_7x6,18270852,45476664,8006752
13:14:45,588107,batch_c_scan_7x6,18270856,45476664,8006748
13:14:46,588107,batch_c_scan_7x6,18270856,45476664,8006748
13:14:47,588107,batch_c_scan_7x6,18270856,45476664,8006748
13:14:48,588107,batch_c_scan_7x6,18270856,45476664,8006748
13:14:49,588107,batch_c_scan_7x6,18270856,45476664,8006748
13:14:50,588107,batch_c_scan_7x6,18270856,45476664,8006748
13:14:51,588107,batch_c_scan_7x6,18270856,45476664,8006748
13:14:52,588107,batch_c_scan_7x6,18270860,45476664,8006744
13:14:53,588107,batch_c_scan_7x6,18270860,45476664,8006744
13:14:54,588107,batch_c_scan_7x6,18270860,45476664,8006744
13:14:55,588107,batch_c_scan_7x6,18270860,45476664,8006744
13:14:56,588107,batch_c_scan_7x6,18270860,45476664,8006744
13:14:57,588107,batch_c_scan_7x6,18270864,45476664,8006740
13:14:58,588107,batch_c_scan_7x6,18270864,45476664,8006740
13:14:59,588107,batch_c_scan_7x6,18270864,45476664,8006740
13:15:00,588107,batch_c_scan_7x6,18270864,45476664,8006740
13:15:01,588107,batch_c_scan_7x6,18270864,45476664,8006740
13:15:02,588107,batch_c_scan_7x6,18270864,45476664,8006740
13:15:03,588107,batch_c_scan_7x6,18270864,45476664,8006740
13:15:04,588107,batch_c_scan_7x6,18270868,45476664,8006736
13:15:05,588107,batch_c_scan_7x6,18270868,45476664,8006736
13:15:06,588107,batch_c_scan_7x6,18270868,45476664,8006736
13:15:07,588107,batch_c_scan_7x6,18271876,45476664,8005728
13:15:08,588107,batch_c_scan_7x6,18272884,45476664,8004720
13:15:09,588107,batch_c_scan_7x6,18272884,45476664,8004720
13:15:10,588107,batch_c_scan_7x6,18273892,45476664,8003712
13:15:11,588107,batch_c_scan_7x6,18273896,45476664,8003708
13:15:12,588107,batch_c_scan_7x6,18275912,45476664,8001692
13:15:13,588107,batch_c_scan_7x6,18276920,45476664,8000684
13:15:14,588107,batch_c_scan_7x6,18277928,45476664,7999676
13:15:15,588107,batch_c_scan_7x6,18278936,45476664,7998668
13:15:16,588107,batch_c_scan_7x6,18278936,45476664,7998668
13:15:17,588107,batch_c_scan_7x6,18279504,45476664,7998100
13:15:18,588107,batch_c_scan_7x6,18279504,45476664,7998100
13:15:19,588107,batch_c_scan_7x6,18279504,45476664,7998100
13:15:20,588107,batch_c_scan_7x6,18279504,45476664,7998100
13:15:21,588107,batch_c_scan_7x6,18279504,45476664,7998100
13:15:22,588107,batch_c_scan_7x6,18279512,45476664,7998092
13:15:23,588107,batch_c_scan_7x6,18279512,45476664,7998092
13:15:24,588107,batch_c_scan_7x6,18279512,45476664,7998092
13:15:25,588107,batch_c_scan_7x6,18279512,45476664,7998092
13:15:26,588107,batch_c_scan_7x6,18279512,45476664,7998092
13:15:27,588107,batch_c_scan_7x6,18279512,45476664,7998092
13:15:28,588107,batch_c_scan_7x6,18279512,45476664,7998092
13:15:29,588107,batch_c_scan_7x6,18279520,45476664,7998084
13:15:30,588107,batch_c_scan_7x6,18279520,45476664,7998084
13:15:31,588107,batch_c_scan_7x6,18279520,45476664,7998084
13:15:32,588107,batch_c_scan_7x6,18279520,45476664,7998084
13:15:34,588107,batch_c_scan_7x6,18279520,45476664,7998084
13:15:35,588107,batch_c_scan_7x6,18279520,45476664,7998084
13:15:36,588107,batch_c_scan_7x6,18279520,45476664,7998084
13:15:37,588107,batch_c_scan_7x6,18279528,45476664,7998076
13:15:38,588107,batch_c_scan_7x6,18279528,45476664,7998076
13:15:39,588107,batch_c_scan_7x6,18279528,45476664,7998076
13:15:40,588107,batch_c_scan_7x6,18279528,45476664,7998076
13:15:41,588107,batch_c_scan_7x6,18279528,45476664,7998076
13:15:42,588107,batch_c_scan_7x6,18279528,45476664,7998076
13:15:43,588107,batch_c_scan_7x6,18279528,45476664,7998076
13:15:44,588107,batch_c_scan_7x6,18279536,45476664,7998068
13:15:45,588107,batch_c_scan_7x6,18279536,45476664,7998068
13:15:46,588107,batch_c_scan_7x6,18279536,45476664,7998068
13:15:47,588107,batch_c_scan_7x6,18279536,45476664,7998068
13:15:48,588107,batch_c_scan_7x6,18279536,45476664,7998068
13:15:49,588107,batch_c_scan_7x6,18279544,45476664,7998060
13:15:50,588107,batch_c_scan_7x6,18279544,45476664,7998060
13:15:51,588107,batch_c_scan_7x6,18279544,45476664,7998060
13:15:52,588107,batch_c_scan_7x6,18279544,45476664,7998060
13:15:53,588107,batch_c_scan_7x6,18279544,45476664,7998060
13:15:54,588107,batch_c_scan_7x6,18279548,45476664,7998056
13:15:55,588107,batch_c_scan_7x6,18279552,45476664,7998052
13:15:56,588107,batch_c_scan_7x6,18279552,45476664,7998052
13:15:57,588107,batch_c_scan_7x6,18279552,45476664,7998052
13:15:58,588107,batch_c_scan_7x6,18279552,45476664,7998052
13:15:59,588107,batch_c_scan_7x6,18279552,45476664,7998052
13:16:00,588107,batch_c_scan_7x6,18279552,45476664,7998052
13:16:01,588107,batch_c_scan_7x6,18279552,45476664,7998052
13:16:02,588107,batch_c_scan_7x6,18279556,45476664,7998048
13:16:03,588107,batch_c_scan_7x6,18280564,45476664,7997040
13:16:04,588107,batch_c_scan_7x6,18280564,45476664,7997040
13:16:05,588107,batch_c_scan_7x6,18280564,45476664,7997040
13:16:06,588107,batch_c_scan_7x6,18280564,45476664,7997040
13:16:07,588107,batch_c_scan_7x6,18280564,45476664,7997040
13:16:08,588107,batch_c_scan_7x6,18280564,45476664,7997040
13:16:09,588107,batch_c_scan_7x6,18281344,45476664,7996260
13:16:10,588107,batch_c_scan_7x6,18281344,45476664,7996260
13:16:11,588107,batch_c_scan_7x6,18281344,45476664,7996260
13:16:12,588107,batch_c_scan_7x6,18281344,45476664,7996260
13:16:13,588107,batch_c_scan_7x6,18281344,45476664,7996260
13:16:14,588107,batch_c_scan_7x6,18281348,45476664,7996256
13:16:15,588107,batch_c_scan_7x6,18281348,45476664,7996256
13:16:16,588107,batch_c_scan_7x6,18281348,45476664,7996256
13:16:17,588107,batch_c_scan_7x6,18281348,45476664,7996256
13:16:18,588107,batch_c_scan_7x6,18281348,45476664,7996256
13:16:19,588107,batch_c_scan_7x6,18281536,45476664,7996068
13:16:20,588107,batch_c_scan_7x6,18281536,45476664,7996068
13:16:21,588107,batch_c_scan_7x6,18281540,45476664,7996064
13:16:22,588107,batch_c_scan_7x6,18281540,45476664,7996064
13:16:23,588107,batch_c_scan_7x6,18281540,45476664,7996064
13:16:24,588107,batch_c_scan_7x6,18281540,45476664,7996064
13:16:25,588107,batch_c_scan_7x6,18281540,45476664,7996064
13:16:27,588107,batch_c_scan_7x6,18281540,45476664,7996064
13:16:28,588107,batch_c_scan_7x6,18281540,45476664,7996064
13:16:29,588107,batch_c_scan_7x6,18281544,45476664,7996060
13:16:30,588107,batch_c_scan_7x6,18281544,45476664,7996060
13:16:31,588107,batch_c_scan_7x6,18281544,45476664,7996060
13:16:32,588107,batch_c_scan_7x6,18281544,45476664,7996060
13:16:33,588107,batch_c_scan_7x6,18281544,45476664,7996060
13:16:34,588107,batch_c_scan_7x6,18281688,45476664,7995916
13:16:35,588107,batch_c_scan_7x6,18281688,45476664,7995916
13:16:36,588107,batch_c_scan_7x6,18281688,45476664,7995916
13:16:37,588107,batch_c_scan_7x6,18281688,45476664,7995916
13:16:38,588107,batch_c_scan_7x6,18281688,45476664,7995916
13:16:39,588107,batch_c_scan_7x6,18281688,45476664,7995916
13:16:40,588107,batch_c_scan_7x6,18281692,45476664,7995912
13:16:41,588107,batch_c_scan_7x6,18281696,45476664,7995908
13:16:42,588107,batch_c_scan_7x6,18281696,45476664,7995908
13:16:43,588107,batch_c_scan_7x6,18281696,45476664,7995908
13:16:44,588107,batch_c_scan_7x6,18281696,45476664,7995908
13:16:45,588107,batch_c_scan_7x6,18281696,45476664,7995908
13:16:46,588107,batch_c_scan_7x6,18281696,45476664,7995908
13:16:47,588107,batch_c_scan_7x6,18281700,45476664,7995904
13:16:48,588107,batch_c_scan_7x6,18281700,45476664,7995904
13:16:49,588107,batch_c_scan_7x6,18281700,45476664,7995904
13:16:50,588107,batch_c_scan_7x6,18281700,45476664,7995904
13:16:51,588107,batch_c_scan_7x6,18281704,45476664,7995900
13:16:52,588107,batch_c_scan_7x6,18281704,45476664,7995900
13:16:53,588107,batch_c_scan_7x6,18281704,45476664,7995900
13:16:54,588107,batch_c_scan_7x6,18282716,45476664,7994888
13:16:55,588107,batch_c_scan_7x6,18282716,45476664,7994888
13:16:56,588107,batch_c_scan_7x6,18282720,45476664,7994884
13:16:57,588107,batch_c_scan_7x6,18282720,45476664,7994884
13:16:58,588107,batch_c_scan_7x6,18282720,45476664,7994884
13:16:59,588107,batch_c_scan_7x6,18282724,45476664,7994880
13:17:00,588107,batch_c_scan_7x6,18282724,45476664,7994880
13:17:01,588107,batch_c_scan_7x6,18282956,45476664,7994648
13:17:02,588107,batch_c_scan_7x6,18282956,45476664,7994648
13:17:03,588107,batch_c_scan_7x6,18283828,45476664,7993776
13:17:04,588107,batch_c_scan_7x6,18283828,45476664,7993776
13:17:05,588107,batch_c_scan_7x6,18283828,45476664,7993776
13:17:06,588107,batch_c_scan_7x6,18283832,45476664,7993772
13:17:07,588107,batch_c_scan_7x6,18283832,45476664,7993772
13:17:08,588107,batch_c_scan_7x6,18283832,45476664,7993772
13:17:09,588107,batch_c_scan_7x6,18283836,45476664,7993768
13:17:10,588107,batch_c_scan_7x6,18283836,45476664,7993768
13:17:11,588107,batch_c_scan_7x6,18283840,45476664,7993764
13:17:12,588107,batch_c_scan_7x6,18283840,45476664,7993764
13:17:13,588107,batch_c_scan_7x6,18283844,45476664,7993760
13:17:14,588107,batch_c_scan_7x6,18283844,45476664,7993760
13:17:15,588107,batch_c_scan_7x6,18283844,45476664,7993760
13:17:16,588107,batch_c_scan_7x6,18283848,45476664,7993756
13:17:17,588107,batch_c_scan_7x6,18283848,45476664,7993756
13:17:18,588107,batch_c_scan_7x6,18283848,45476664,7993756
13:17:19,588107,batch_c_scan_7x6,18283848,45476664,7993756
13:17:21,588107,batch_c_scan_7x6,18283852,45476664,7993752
13:17:22,588107,batch_c_scan_7x6,18283856,45476664,7993748
13:17:23,588107,batch_c_scan_7x6,18283856,45476664,7993748
13:17:24,588107,batch_c_scan_7x6,18283856,45476664,7993748
13:17:25,588107,batch_c_scan_7x6,18283856,45476664,7993748
13:17:26,588107,batch_c_scan_7x6,18283860,45476664,7993744
13:17:27,588107,batch_c_scan_7x6,18283860,45476664,7993744
13:17:28,588107,batch_c_scan_7x6,18283860,45476664,7993744
13:17:29,588107,batch_c_scan_7x6,18283864,45476664,7993740
13:17:30,588107,batch_c_scan_7x6,18283864,45476664,7993740
13:17:31,588107,batch_c_scan_7x6,18283864,45476664,7993740
13:17:32,588107,batch_c_scan_7x6,18283864,45476664,7993740
13:17:33,588107,batch_c_scan_7x6,18283868,45476664,7993736
13:17:34,588107,batch_c_scan_7x6,18283868,45476664,7993736
13:17:35,588107,batch_c_scan_7x6,18283868,45476664,7993736
13:17:36,588107,batch_c_scan_7x6,18283872,45476664,7993732
13:17:37,588107,batch_c_scan_7x6,18283872,45476664,7993732
13:17:38,588107,batch_c_scan_7x6,18283872,45476664,7993732
13:17:39,588107,batch_c_scan_7x6,18283876,45476664,7993728
13:17:40,588107,batch_c_scan_7x6,18283876,45476664,7993728
13:17:41,588107,batch_c_scan_7x6,18283880,45476664,7993724
13:17:42,588107,batch_c_scan_7x6,18283880,45476664,7993724
13:17:43,588107,batch_c_scan_7x6,18283880,45476664,7993724
13:17:44,588107,batch_c_scan_7x6,18283880,45476664,7993724
13:17:45,588107,batch_c_scan_7x6,18283880,45476664,7993724
13:17:46,588107,batch_c_scan_7x6,18283884,45476664,7993720
13:17:47,588107,batch_c_scan_7x6,18283884,45476664,7993720
13:17:48,588107,batch_c_scan_7x6,18283888,45476664,7993716
13:17:49,588107,batch_c_scan_7x6,18283888,45476664,7993716
13:17:50,588107,batch_c_scan_7x6,18283888,45476664,7993716
13:17:51,588107,batch_c_scan_7x6,18283892,45476664,7993712
13:17:52,588107,batch_c_scan_7x6,18283892,45476664,7993712
13:17:53,588107,batch_c_scan_7x6,18284728,45476664,7992876
13:17:54,588107,batch_c_scan_7x6,18284752,45476664,7992876
13:17:55,588107,batch_c_scan_7x6,18284732,45476664,7992872
13:17:56,588107,batch_c_scan_7x6,18284732,45476664,7992872
13:17:57,588107,batch_c_scan_7x6,18284732,45476664,7992872
13:17:58,588107,batch_c_scan_7x6,18284736,45476664,7992868
13:17:59,588107,batch_c_scan_7x6,18284736,45476664,7992868
13:18:00,588107,batch_c_scan_7x6,18284736,45476664,7992868
13:18:01,588107,batch_c_scan_7x6,18284736,45476664,7992868
13:18:02,588107,batch_c_scan_7x6,18284740,45476664,7992864
13:18:03,588107,batch_c_scan_7x6,18284740,45476664,7992864
13:18:04,588107,batch_c_scan_7x6,18284740,45476664,7992864
13:18:05,588107,batch_c_scan_7x6,18284748,45476664,7992856
13:18:06,588107,batch_c_scan_7x6,18284748,45476664,7992856
13:18:07,588107,batch_c_scan_7x6,18284752,45476664,7992852
13:18:08,588107,batch_c_scan_7x6,18284752,45476664,7992852
13:18:09,588107,batch_c_scan_7x6,18284752,45476664,7992852
13:18:10,588107,batch_c_scan_7x6,18284752,45476664,7992852
13:18:11,588107,batch_c_scan_7x6,18284752,45476664,7992852
13:18:12,588107,batch_c_scan_7x6,18284756,45476664,7992848
13:18:14,588107,batch_c_scan_7x6,18284760,45476664,7992844
13:18:15,588107,batch_c_scan_7x6,18284760,45476664,7992844
13:18:16,588107,batch_c_scan_7x6,18284760,45476664,7992844
13:18:17,588107,batch_c_scan_7x6,18284760,45476664,7992844
13:18:18,588107,batch_c_scan_7x6,18284764,45476664,7992840
13:18:19,588107,batch_c_scan_7x6,18284764,45476664,7992840
13:18:20,588107,batch_c_scan_7x6,18284764,45476664,7992840
13:18:21,588107,batch_c_scan_7x6,18284768,45476664,7992836
13:18:22,588107,batch_c_scan_7x6,18284768,45476664,7992836
13:18:23,588107,batch_c_scan_7x6,18284772,45476664,7992832
13:18:24,588107,batch_c_scan_7x6,18284772,45476664,7992832
13:18:25,588107,batch_c_scan_7x6,18284772,45476664,7992832
13:18:26,588107,batch_c_scan_7x6,18284776,45476664,7992828
13:18:27,588107,batch_c_scan_7x6,18284776,45476664,7992828
13:18:28,588107,batch_c_scan_7x6,18284776,45476664,7992828
13:18:29,588107,batch_c_scan_7x6,18284776,45476664,7992828
13:18:30,588107,batch_c_scan_7x6,18284780,45476664,7992824
13:18:31,588107,batch_c_scan_7x6,18284784,45476664,7992820
13:18:32,588107,batch_c_scan_7x6,18284784,45476664,7992820
13:18:33,588107,batch_c_scan_7x6,18284784,45476664,7992820
13:18:34,588107,batch_c_scan_7x6,18284784,45476664,7992820
13:18:35,588107,batch_c_scan_7x6,18284912,45476664,7992692
13:18:36,588107,batch_c_scan_7x6,18284916,45476664,7992688
13:18:37,588107,batch_c_scan_7x6,18284916,45476664,7992688
13:18:38,588107,batch_c_scan_7x6,18284916,45476664,7992688
13:18:39,588107,batch_c_scan_7x6,18284916,45476664,7992688
13:18:40,588107,batch_c_scan_7x6,18284916,45476664,7992688
13:18:41,588107,batch_c_scan_7x6,18284916,45476664,7992688
13:18:42,588107,batch_c_scan_7x6,18284916,45476664,7992688
13:18:43,588107,batch_c_scan_7x6,18284920,45476664,7992684
13:18:44,588107,batch_c_scan_7x6,18284920,45476664,7992684
13:18:45,588107,batch_c_scan_7x6,18284920,45476664,7992684
13:18:46,588107,batch_c_scan_7x6,18284920,45476664,7992684
13:18:47,588107,batch_c_scan_7x6,18284920,45476664,7992684
13:18:48,588107,batch_c_scan_7x6,18284924,45476664,7992680
13:18:49,588107,batch_c_scan_7x6,18284924,45476664,7992680
13:18:50,588107,batch_c_scan_7x6,18284928,45476664,7992676
13:18:51,588107,batch_c_scan_7x6,18284928,45476664,7992676
13:18:52,588107,batch_c_scan_7x6,18284928,45476664,7992676
13:18:53,588107,batch_c_scan_7x6,18284928,45476664,7992676
13:18:54,588107,batch_c_scan_7x6,18284928,45476664,7992676
13:18:55,588107,batch_c_scan_7x6,18284932,45476664,7992672
13:18:56,588107,batch_c_scan_7x6,18284932,45476664,7992672
13:18:57,588107,batch_c_scan_7x6,18284932,45476664,7992672
13:18:58,588107,batch_c_scan_7x6,18284932,45476664,7992672
13:18:59,588107,batch_c_scan_7x6,18284932,45476664,7992672
13:19:00,588107,batch_c_scan_7x6,18284932,45476664,7992672
13:19:01,588107,batch_c_scan_7x6,18284932,45476664,7992672
13:19:02,588107,batch_c_scan_7x6,18284936,45476664,7992668
13:19:03,588107,batch_c_scan_7x6,18284936,45476664,7992668
13:19:04,588107,batch_c_scan_7x6,18284940,45476664,7992664
13:19:05,588107,batch_c_scan_7x6,18284940,45476664,7992664
13:19:06,588107,batch_c_scan_7x6,18284940,45476664,7992664
13:19:08,588107,batch_c_scan_7x6,18284944,45476664,7992660
13:19:09,588107,batch_c_scan_7x6,18284944,45476664,7992660
13:19:10,588107,batch_c_scan_7x6,18284948,45476664,7992656
13:19:11,588107,batch_c_scan_7x6,18284972,45476664,7992656
13:19:12,588107,batch_c_scan_7x6,18284948,45476664,7992656
13:19:13,588107,batch_c_scan_7x6,18284948,45476664,7992656
13:19:14,588107,batch_c_scan_7x6,18284948,45476664,7992656
13:19:15,588107,batch_c_scan_7x6,18284952,45476664,7992652
13:19:16,588107,batch_c_scan_7x6,18284952,45476664,7992652
13:19:17,588107,batch_c_scan_7x6,18284952,45476664,7992652
13:19:18,588107,batch_c_scan_7x6,18284952,45476664,7992652
13:19:19,588107,batch_c_scan_7x6,18284952,45476664,7992652
13:19:20,588107,batch_c_scan_7x6,18284952,45476664,7992652
13:19:21,588107,batch_c_scan_7x6,18284952,45476664,7992652
13:19:22,588107,batch_c_scan_7x6,18284956,45476664,7992648
13:19:23,588107,batch_c_scan_7x6,18284956,45476664,7992648
13:19:24,588107,batch_c_scan_7x6,18284956,45476664,7992648
13:19:25,588107,batch_c_scan_7x6,18284956,45476664,7992648
13:19:26,588107,batch_c_scan_7x6,18284956,45476664,7992648
13:19:27,588107,batch_c_scan_7x6,18284956,45476664,7992648
13:19:28,588107,batch_c_scan_7x6,18284956,45476664,7992648
13:19:29,588107,batch_c_scan_7x6,18284960,45476664,7992644
13:19:30,588107,batch_c_scan_7x6,18284960,45476664,7992644
13:19:31,588107,batch_c_scan_7x6,18284960,45476664,7992644
13:19:32,588107,batch_c_scan_7x6,18284960,45476664,7992644
13:19:33,588107,batch_c_scan_7x6,18284960,45476664,7992644
13:19:34,588107,batch_c_scan_7x6,18284964,45476664,7992640
13:19:35,588107,batch_c_scan_7x6,18284964,45476664,7992640
13:19:36,588107,batch_c_scan_7x6,18284964,45476664,7992640
13:19:37,588107,batch_c_scan_7x6,18284964,45476664,7992640
13:19:38,588107,batch_c_scan_7x6,18284964,45476664,7992640
13:19:39,588107,batch_c_scan_7x6,18284964,45476664,7992640
13:19:40,588107,batch_c_scan_7x6,18284964,45476664,7992640
13:19:41,588107,batch_c_scan_7x6,18284968,45476664,7992636
13:19:42,588107,batch_c_scan_7x6,18284968,45476664,7992636
13:19:43,588107,batch_c_scan_7x6,18284968,45476664,7992636
13:19:44,588107,batch_c_scan_7x6,18284968,45476664,7992636
13:19:45,588107,batch_c_scan_7x6,18284968,45476664,7992636
13:19:46,588107,batch_c_scan_7x6,18284968,45476664,7992636
13:19:47,588107,batch_c_scan_7x6,18284968,45476664,7992636
13:19:48,588107,batch_c_scan_7x6,18284972,45476664,7992632
13:19:49,588107,batch_c_scan_7x6,18284972,45476664,7992632
13:19:50,588107,batch_c_scan_7x6,18284972,45476664,7992632
13:19:51,588107,batch_c_scan_7x6,18284972,45476664,7992632
13:19:52,588107,batch_c_scan_7x6,18284972,45476664,7992632
13:19:53,588107,batch_c_scan_7x6,18284972,45476664,7992632
13:19:54,588107,batch_c_scan_7x6,18284972,45476664,7992632
13:19:55,588107,batch_c_scan_7x6,18284976,45476664,7992628
13:19:56,588107,batch_c_scan_7x6,18284976,45476664,7992628
13:19:57,588107,batch_c_scan_7x6,18284976,45476664,7992628
13:19:58,588107,batch_c_scan_7x6,18284976,45476664,7992628
13:19:59,588107,batch_c_scan_7x6,18284976,45476664,7992628
13:20:00,588107,batch_c_scan_7x6,18285104,45476664,7992500
13:20:02,588107,batch_c_scan_7x6,18285104,45476664,7992500
13:20:03,588107,batch_c_scan_7x6,18285104,45476664,7992500
13:20:04,588107,batch_c_scan_7x6,18285104,45476664,7992500
13:20:05,588107,batch_c_scan_7x6,18285108,45476664,7992496
13:20:06,588107,batch_c_scan_7x6,18285108,45476664,7992496
13:20:07,588107,batch_c_scan_7x6,18285192,45476664,7992412
13:20:08,588107,batch_c_scan_7x6,18285584,45476664,7992020
13:20:09,588107,batch_c_scan_7x6,18285584,45476664,7992020
13:20:10,588107,batch_c_scan_7x6,18285972,45476664,7991632
13:20:11,588107,batch_c_scan_7x6,18285972,45476664,7991632
13:20:12,588107,batch_c_scan_7x6,18286508,45476664,7991096
13:20:13,588107,batch_c_scan_7x6,18286508,45476664,7991092
13:20:14,588107,batch_c_scan_7x6,18286516,45476664,7991088
13:20:15,588107,batch_c_scan_7x6,18286520,45476664,7991084
13:20:16,588107,batch_c_scan_7x6,18286520,45476664,7991084
13:20:17,588107,batch_c_scan_7x6,18286524,45476664,7991080
13:20:18,588107,batch_c_scan_7x6,18286524,45476664,7991080
13:20:19,588107,batch_c_scan_7x6,18286524,45476664,7991080
13:20:20,588107,batch_c_scan_7x6,18286524,45476664,7991080
13:20:21,588107,batch_c_scan_7x6,18286548,45476664,7991080
13:20:22,588107,batch_c_scan_7x6,18286532,45476664,7991072
13:20:23,588107,batch_c_scan_7x6,18286532,45476664,7991072
13:20:24,588107,batch_c_scan_7x6,18286536,45476664,7991068
13:20:25,588107,batch_c_scan_7x6,18286536,45476664,7991068
13:20:26,588107,batch_c_scan_7x6,18286536,45476664,7991068
13:20:27,588107,batch_c_scan_7x6,18286540,45476664,7991064
13:20:28,588107,batch_c_scan_7x6,18286540,45476664,7991064
13:20:29,588107,batch_c_scan_7x6,18286540,45476664,7991064
13:20:30,588107,batch_c_scan_7x6,18286540,45476664,7991064
13:20:31,588107,batch_c_scan_7x6,18286540,45476664,7991064
13:20:32,588107,batch_c_scan_7x6,18286540,45476664,7991064
13:20:33,588107,batch_c_scan_7x6,18286540,45476664,7991064
13:20:34,588107,batch_c_scan_7x6,18286544,45476664,7991060
13:20:35,588107,batch_c_scan_7x6,18286544,45476664,7991060
13:20:36,588107,batch_c_scan_7x6,18286544,45476664,7991060
13:20:37,588107,batch_c_scan_7x6,18286544,45476664,7991060
13:20:38,588107,batch_c_scan_7x6,18286544,45476664,7991060
13:20:39,588107,batch_c_scan_7x6,18286544,45476664,7991060
13:20:40,588107,batch_c_scan_7x6,18286568,45476664,7991060
13:20:41,588107,batch_c_scan_7x6,18286548,45476664,7991056
13:20:42,588107,batch_c_scan_7x6,18286548,45476664,7991056
13:20:43,588107,batch_c_scan_7x6,18286548,45476664,7991056
13:20:44,588107,batch_c_scan_7x6,18286548,45476664,7991056
13:20:45,588107,batch_c_scan_7x6,18286548,45476664,7991056
13:20:46,588107,batch_c_scan_7x6,18286548,45476664,7991056
13:20:47,588107,batch_c_scan_7x6,18286548,45476664,7991056
13:20:48,588107,batch_c_scan_7x6,18286552,45476664,7991052
13:20:49,588107,batch_c_scan_7x6,18286552,45476664,7991052
13:20:50,588107,batch_c_scan_7x6,18286552,45476664,7991052
13:20:51,588107,batch_c_scan_7x6,18286552,45476664,7991052
13:20:52,588107,batch_c_scan_7x6,18286552,45476664,7991052
13:20:53,588107,batch_c_scan_7x6,18286556,45476664,7991048
13:20:55,588107,batch_c_scan_7x6,18286556,45476664,7991048
13:20:56,588107,batch_c_scan_7x6,18286556,45476664,7991048
13:20:57,588107,batch_c_scan_7x6,18286556,45476664,7991048
13:20:58,588107,batch_c_scan_7x6,18286556,45476664,7991048
13:20:59,588107,batch_c_scan_7x6,18286556,45476664,7991048
13:21:00,588107,batch_c_scan_7x6,18286556,45476664,7991048
13:21:01,588107,batch_c_scan_7x6,18286560,45476664,7991044
13:21:02,588107,batch_c_scan_7x6,18286560,45476664,7991044
13:21:03,588107,batch_c_scan_7x6,18286560,45476664,7991044
13:21:04,588107,batch_c_scan_7x6,18286560,45476664,7991044
13:21:05,588107,batch_c_scan_7x6,18286560,45476664,7991044
13:21:06,588107,batch_c_scan_7x6,18286560,45476664,7991044
13:21:07,588107,batch_c_scan_7x6,18286584,45476664,7991044
13:21:08,588107,batch_c_scan_7x6,18286564,45476664,7991040
13:21:09,588107,batch_c_scan_7x6,18286564,45476664,7991040
13:21:10,588107,batch_c_scan_7x6,18286564,45476664,7991040
13:21:11,588107,batch_c_scan_7x6,18286564,45476664,7991040
13:21:12,588107,batch_c_scan_7x6,18286564,45476664,7991040
13:21:13,588107,batch_c_scan_7x6,18286564,45476664,7991040
13:21:14,588107,batch_c_scan_7x6,18286564,45476664,7991040
13:21:15,588107,batch_c_scan_7x6,18286568,45476664,7991036
13:21:16,588107,batch_c_scan_7x6,18286568,45476664,7991036
13:21:17,588107,batch_c_scan_7x6,18286568,45476664,7991036
13:21:18,588107,batch_c_scan_7x6,18286568,45476664,7991036
13:21:19,588107,batch_c_scan_7x6,18286568,45476664,7991036
13:21:20,588107,batch_c_scan_7x6,18286572,45476664,7991032
13:21:21,588107,batch_c_scan_7x6,18286572,45476664,7991032
13:21:22,588107,batch_c_scan_7x6,18286572,45476664,7991032
13:21:23,588107,batch_c_scan_7x6,18286572,45476664,7991032
13:21:24,588107,batch_c_scan_7x6,18286572,45476664,7991032
13:21:25,588107,batch_c_scan_7x6,18286572,45476664,7991032
13:21:26,588107,batch_c_scan_7x6,18286572,45476664,7991032
13:21:27,588107,batch_c_scan_7x6,18286576,45476664,7991028
13:21:28,588107,batch_c_scan_7x6,18286576,45476664,7991028
13:21:29,588107,batch_c_scan_7x6,18286576,45476664,7991028
13:21:30,588107,batch_c_scan_7x6,18286576,45476664,7991028
13:21:31,588107,batch_c_scan_7x6,18286576,45476664,7991028
13:21:32,588107,batch_c_scan_7x6,18286576,45476664,7991028
13:21:33,588107,batch_c_scan_7x6,18286576,45476664,7991028
13:21:34,588107,batch_c_scan_7x6,18286580,45476664,7991024
13:21:35,588107,batch_c_scan_7x6,18286580,45476664,7991024
13:21:36,588107,batch_c_scan_7x6,18286580,45476664,7991024
13:21:37,588107,batch_c_scan_7x6,18286580,45476664,7991024
13:21:38,588107,batch_c_scan_7x6,18286580,45476664,7991024
13:21:39,588107,batch_c_scan_7x6,18286584,45476664,7991020
13:21:40,588107,batch_c_scan_7x6,18286584,45476664,7991020
13:21:41,588107,batch_c_scan_7x6,18286584,45476664,7991020
13:21:42,588107,batch_c_scan_7x6,18286584,45476664,7991020
13:21:43,588107,batch_c_scan_7x6,18286584,45476664,7991020
13:21:44,588107,batch_c_scan_7x6,18286584,45476664,7991020
13:21:45,588107,batch_c_scan_7x6,18286584,45476664,7991020
13:21:46,588107,batch_c_scan_7x6,18286584,45476664,7991020
13:21:48,588107,batch_c_scan_7x6,18286584,45476664,7991020
13:21:49,588107,batch_c_scan_7x6,18286584,45476664,7991020
13:21:50,588107,batch_c_scan_7x6,18286584,45476664,7991020
13:21:51,588107,batch_c_scan_7x6,18286584,45476664,7991020
13:21:52,588107,batch_c_scan_7x6,18286584,45476664,7991020
13:21:53,588107,batch_c_scan_7x6,18286584,45476664,7991020
13:21:54,588107,batch_c_scan_7x6,18286584,45476664,7991020
13:21:55,588107,batch_c_scan_7x6,18286584,45476664,7991020
13:21:56,588107,batch_c_scan_7x6,18286584,45476664,7991020
13:21:57,588107,batch_c_scan_7x6,18286584,45476664,7991020
13:21:58,588107,batch_c_scan_7x6,18286584,45476664,7991020
13:21:59,588107,batch_c_scan_7x6,18286860,45476664,7990744
13:22:00,588107,batch_c_scan_7x6,18286860,45476664,7990744
13:22:01,588107,batch_c_scan_7x6,18286860,45476664,7990744
13:22:02,588107,batch_c_scan_7x6,18286860,45476664,7990744
13:22:03,588107,batch_c_scan_7x6,18286860,45476664,7990744
13:22:04,588107,batch_c_scan_7x6,18286860,45476664,7990744
13:22:05,588107,batch_c_scan_7x6,18286860,45476664,7990744
13:22:06,588107,batch_c_scan_7x6,18286860,45476664,7990744
13:22:07,588107,batch_c_scan_7x6,18286860,45476664,7990744
13:22:08,588107,batch_c_scan_7x6,18286860,45476664,7990744
13:22:09,588107,batch_c_scan_7x6,18286860,45476664,7990744
13:22:10,588107,batch_c_scan_7x6,18286860,45476664,7990744
13:22:11,588107,batch_c_scan_7x6,18286860,45476664,7990744
13:22:12,588107,batch_c_scan_7x6,18286860,45476664,7990744
13:22:13,588107,batch_c_scan_7x6,18286860,45476664,7990744
13:22:14,588107,batch_c_scan_7x6,18286860,45476664,7990744
13:22:15,588107,batch_c_scan_7x6,18286860,45476664,7990744
13:22:16,588107,batch_c_scan_7x6,18286860,45476664,7990744
13:22:17,588107,batch_c_scan_7x6,18286860,45476664,7990744
13:22:18,588107,batch_c_scan_7x6,18286860,45476664,7990744
13:22:19,588107,batch_c_scan_7x6,18286860,45476664,7990744
13:22:20,588107,batch_c_scan_7x6,18286860,45476664,7990744
13:22:21,588107,batch_c_scan_7x6,18286860,45476664,7990744
13:22:22,588107,batch_c_scan_7x6,18286860,45476664,7990744
13:22:23,588107,batch_c_scan_7x6,18286884,45476664,7990744
13:22:24,588107,batch_c_scan_7x6,18286860,45476664,7990744
13:22:25,588107,batch_c_scan_7x6,18286860,45476664,7990744
13:22:26,588107,batch_c_scan_7x6,18286860,45476664,7990744
13:22:27,588107,batch_c_scan_7x6,18286860,45476664,7990744
13:22:28,588107,batch_c_scan_7x6,18286860,45476664,7990744
13:22:29,588107,batch_c_scan_7x6,18286860,45476664,7990744
13:22:30,588107,batch_c_scan_7x6,18286884,45476664,7990744
13:22:31,588107,batch_c_scan_7x6,18286860,45476664,7990744
13:22:32,588107,batch_c_scan_7x6,18286860,45476664,7990744
13:22:33,588107,batch_c_scan_7x6,18286860,45476664,7990744
13:22:34,588107,batch_c_scan_7x6,18286860,45476664,7990744
13:22:35,588107,batch_c_scan_7x6,18286860,45476664,7990744
13:22:36,588107,batch_c_scan_7x6,18286860,45476664,7990744
13:22:37,588107,batch_c_scan_7x6,18286884,45476664,7990744
13:22:38,588107,batch_c_scan_7x6,18286860,45476664,7990744
13:22:39,588107,batch_c_scan_7x6,18286860,45476664,7990744
13:22:40,588107,batch_c_scan_7x6,18286860,45476664,7990744
13:22:42,588107,batch_c_scan_7x6,18286860,45476664,7990744
13:22:43,588107,batch_c_scan_7x6,18286860,45476664,7990744
13:22:44,588107,batch_c_scan_7x6,18286860,45476664,7990744
13:22:45,588107,batch_c_scan_7x6,18286884,45476664,7990744
13:22:46,588107,batch_c_scan_7x6,18286860,45476664,7990744
13:22:47,588107,batch_c_scan_7x6,18286860,45476664,7990744
13:22:48,588107,batch_c_scan_7x6,18286860,45476664,7990744
13:22:49,588107,batch_c_scan_7x6,18286860,45476664,7990744
13:22:50,588107,batch_c_scan_7x6,18286860,45476664,7990744
13:22:51,588107,batch_c_scan_7x6,18286860,45476664,7990744
13:22:52,588107,batch_c_scan_7x6,18286860,45476664,7990744
13:22:53,588107,batch_c_scan_7x6,18286860,45476664,7990744
13:22:54,588107,batch_c_scan_7x6,18286860,45476664,7990744
13:22:55,588107,batch_c_scan_7x6,18286860,45476664,7990744
13:22:56,588107,batch_c_scan_7x6,18286860,45476664,7990744
13:22:57,588107,batch_c_scan_7x6,18286860,45476664,7990744
13:22:58,588107,batch_c_scan_7x6,18286860,45476664,7990744
13:22:59,588107,batch_c_scan_7x6,18286860,45476664,7990744
13:23:00,588107,batch_c_scan_7x6,18286860,45476664,7990744
13:23:01,588107,batch_c_scan_7x6,18286860,45476664,7990744
13:23:02,588107,batch_c_scan_7x6,18286860,45476664,7990744
13:23:03,588107,batch_c_scan_7x6,18286860,45476664,7990744
13:23:04,588107,batch_c_scan_7x6,18286860,45476664,7990744
13:23:05,588107,batch_c_scan_7x6,18286860,45476664,7990744
13:23:06,588107,batch_c_scan_7x6,18286860,45476664,7990744
13:23:07,588107,batch_c_scan_7x6,18286860,45476664,7990744
13:23:08,588107,batch_c_scan_7x6,18286860,45476664,7990744
13:23:09,588107,batch_c_scan_7x6,18286860,45476664,7990744
13:23:10,588107,batch_c_scan_7x6,18286860,45476664,7990744
13:23:11,588107,batch_c_scan_7x6,18286860,45476664,7990744
13:23:12,588107,batch_c_scan_7x6,18286860,45476664,7990744
13:23:13,588107,batch_c_scan_7x6,18286860,45476664,7990744
13:23:14,588107,batch_c_scan_7x6,18286860,45476664,7990744
13:23:15,588107,batch_c_scan_7x6,18286860,45476664,7990744
13:23:16,588107,batch_c_scan_7x6,18286860,45476664,7990744
13:23:17,588107,batch_c_scan_7x6,18286860,45476664,7990744
13:23:18,588107,batch_c_scan_7x6,18286860,45476664,7990744
13:23:19,588107,batch_c_scan_7x6,18286860,45476664,7990744
13:23:20,588107,batch_c_scan_7x6,18286860,45476664,7990744
13:23:21,588107,batch_c_scan_7x6,18286860,45476664,7990744
13:23:22,588107,batch_c_scan_7x6,18286860,45476664,7990744
13:23:23,588107,batch_c_scan_7x6,18286860,45476664,7990744
13:23:24,588107,batch_c_scan_7x6,18286860,45476664,7990744
13:23:25,588107,batch_c_scan_7x6,18286860,45476664,7990744
13:23:26,588107,batch_c_scan_7x6,18286860,45476664,7990744
13:23:27,588107,batch_c_scan_7x6,18286860,45476664,7990744
13:23:28,588107,batch_c_scan_7x6,18286860,45476664,7990744
13:23:29,588107,batch_c_scan_7x6,18286860,45476664,7990744
13:23:30,588107,batch_c_scan_7x6,18286860,45476664,7990744
13:23:31,588107,batch_c_scan_7x6,18286860,45476664,7990744
13:23:32,588107,batch_c_scan_7x6,18286860,45476664,7990744
13:23:33,588107,batch_c_scan_7x6,18286860,45476664,7990744
13:23:34,588107,batch_c_scan_7x6,18286860,45476664,7990744
13:23:36,588107,batch_c_scan_7x6,18286860,45476664,7990744
13:23:37,588107,batch_c_scan_7x6,18286860,45476664,7990744
13:23:38,588107,batch_c_scan_7x6,18286860,45476664,7990744
13:23:39,588107,batch_c_scan_7x6,18286860,45476664,7990744
13:23:40,588107,batch_c_scan_7x6,18286860,45476664,7990744
13:23:41,588107,batch_c_scan_7x6,18286860,45476664,7990744
13:23:42,588107,batch_c_scan_7x6,18286860,45476664,7990744
13:23:43,588107,batch_c_scan_7x6,18286860,45476664,7990744
13:23:44,588107,batch_c_scan_7x6,18286860,45476664,7990744
13:23:45,588107,batch_c_scan_7x6,18286860,45476664,7990744
13:23:46,588107,batch_c_scan_7x6,18286860,45476664,7990744
13:23:47,588107,batch_c_scan_7x6,18286860,45476664,7990744
13:23:48,588107,batch_c_scan_7x6,18286860,45476664,7990744
13:23:49,588107,batch_c_scan_7x6,18286860,45476664,7990744
13:23:50,588107,batch_c_scan_7x6,18286860,45476664,7990744
13:23:51,588107,batch_c_scan_7x6,18286884,45476664,7990744
13:23:52,588107,batch_c_scan_7x6,18286860,45476664,7990744
13:23:53,588107,batch_c_scan_7x6,18286860,45476664,7990744
13:23:54,588107,batch_c_scan_7x6,18286860,45476664,7990744
13:23:55,588107,batch_c_scan_7x6,18286860,45476664,7990744
13:23:56,588107,batch_c_scan_7x6,18286860,45476664,7990744
13:23:57,588107,batch_c_scan_7x6,18286860,45476664,7990744
13:23:58,588107,batch_c_scan_7x6,18286860,45476664,7990744
13:23:59,588107,batch_c_scan_7x6,18286860,45476664,7990744
13:24:00,588107,batch_c_scan_7x6,18286860,45476664,7990744
13:24:01,588107,batch_c_scan_7x6,18286860,45476664,7990744
13:24:02,588107,batch_c_scan_7x6,18286860,45476664,7990744
13:24:03,588107,batch_c_scan_7x6,18286860,45476664,7990744
13:24:04,588107,batch_c_scan_7x6,18286860,45476664,7990744
13:24:05,588107,batch_c_scan_7x6,18286860,45476664,7990744
13:24:06,588107,batch_c_scan_7x6,18286860,45476664,7990744
13:24:07,588107,batch_c_scan_7x6,18286860,45476664,7990744
13:24:08,588107,batch_c_scan_7x6,18286860,45476664,7990744
13:24:09,588107,batch_c_scan_7x6,18286860,45476664,7990744
13:24:10,588107,batch_c_scan_7x6,18286860,45476664,7990744
13:24:11,588107,batch_c_scan_7x6,18286860,45476664,7990744
13:24:12,588107,batch_c_scan_7x6,18286860,45476664,7990744
13:24:13,588107,batch_c_scan_7x6,18286860,45476664,7990744
13:24:14,588107,batch_c_scan_7x6,18286860,45476664,7990744
13:24:15,588107,batch_c_scan_7x6,18286860,45476664,7990744
13:24:16,588107,batch_c_scan_7x6,18286860,45476664,7990744
13:24:17,588107,batch_c_scan_7x6,18286860,45476664,7990744
13:24:18,588107,batch_c_scan_7x6,18286860,45476664,7990744
13:24:19,588107,batch_c_scan_7x6,18286860,45476664,7990744
13:24:20,588107,batch_c_scan_7x6,18286860,45476664,7990744
13:24:21,588107,batch_c_scan_7x6,18286860,45476664,7990744
13:24:22,588107,batch_c_scan_7x6,18286860,45476664,7990744
13:24:23,588107,batch_c_scan_7x6,18286992,45476664,7990612
13:24:24,588107,batch_c_scan_7x6,18286992,45476664,7990612
13:24:25,588107,batch_c_scan_7x6,18286992,45476664,7990612
13:24:26,588107,batch_c_scan_7x6,18286992,45476664,7990612
13:24:27,588107,batch_c_scan_7x6,18286992,45476664,7990612
13:24:28,588107,batch_c_scan_7x6,18287016,45476664,7990612
13:24:29,588107,batch_c_scan_7x6,18286992,45476664,7990612
13:24:31,588107,batch_c_scan_7x6,18286992,45476664,7990612
13:24:32,588107,batch_c_scan_7x6,18286992,45476664,7990612
13:24:33,588107,batch_c_scan_7x6,18286992,45476664,7990612
13:24:34,588107,batch_c_scan_7x6,18286992,45476664,7990612
13:24:35,588107,batch_c_scan_7x6,18286992,45476664,7990612
13:24:36,588107,batch_c_scan_7x6,18286992,45476664,7990612
13:24:37,588107,batch_c_scan_7x6,18291092,45476664,7986512
13:24:38,588107,batch_c_scan_7x6,18291092,45476664,7986512
13:24:39,588107,batch_c_scan_7x6,18291092,45476664,7986512
13:24:40,588107,batch_c_scan_7x6,18291092,45476664,7986512
13:24:41,588107,batch_c_scan_7x6,18291092,45476664,7986512
13:24:42,588107,batch_c_scan_7x6,18291092,45476664,7986512
13:24:43,588107,batch_c_scan_7x6,18291092,45476664,7986512
13:24:44,588107,batch_c_scan_7x6,18291092,45476664,7986512
13:24:45,588107,batch_c_scan_7x6,18291092,45476664,7986512
13:24:46,588107,batch_c_scan_7x6,18291092,45476664,7986512
13:24:47,588107,batch_c_scan_7x6,18291092,45476664,7986512
13:24:48,588107,batch_c_scan_7x6,18291092,45476664,7986512
13:24:49,588107,batch_c_scan_7x6,18291660,45476664,7985944
13:24:50,588107,batch_c_scan_7x6,18291660,45476664,7985944
13:24:51,588107,batch_c_scan_7x6,18293124,45476664,7984848
13:24:52,588107,batch_c_scan_7x6,18297668,45476664,7980328
13:24:53,588107,batch_c_scan_7x6,18297644,45476664,7980328
13:24:54,588107,batch_c_scan_7x6,18297648,45476664,7980324
13:24:55,588107,batch_c_scan_7x6,18297648,45476664,7980324
13:24:56,588107,batch_c_scan_7x6,18297652,45476664,7980320
13:24:57,588107,batch_c_scan_7x6,18297652,45476664,7980320
13:24:58,588107,batch_c_scan_7x6,18297652,45476664,7980320
13:24:59,588107,batch_c_scan_7x6,18297652,45476664,7980320
13:25:00,588107,batch_c_scan_7x6,18302868,45476664,7975104
13:25:01,588107,batch_c_scan_7x6,18302868,45476664,7975104
13:25:02,588107,batch_c_scan_7x6,18302868,45476664,7975104
13:25:03,588107,batch_c_scan_7x6,18302872,45476664,7975100
13:25:04,588107,batch_c_scan_7x6,18302872,45476664,7975100
13:25:05,588107,batch_c_scan_7x6,18302872,45476664,7975100
13:25:06,588107,batch_c_scan_7x6,18302872,45476664,7975100
13:25:07,588107,batch_c_scan_7x6,18302892,45476664,7975080
13:25:08,588107,batch_c_scan_7x6,18303564,45476664,7974408
13:25:09,588107,batch_c_scan_7x6,18303564,45476664,7974408
13:25:10,588107,batch_c_scan_7x6,18303668,45476664,7974304
13:25:11,588107,batch_c_scan_7x6,18303668,45476664,7974304
13:25:12,588107,batch_c_scan_7x6,18304148,45476664,7973824
13:25:13,588107,batch_c_scan_7x6,18304148,45476664,7973824
13:25:14,588107,batch_c_scan_7x6,18304148,45476664,7973824
13:25:15,588107,batch_c_scan_7x6,18304176,45476664,7973820
13:25:16,588107,batch_c_scan_7x6,18304152,45476664,7973820
13:25:17,588107,batch_c_scan_7x6,18304168,45476664,7973804
13:25:18,588107,batch_c_scan_7x6,18304168,45476664,7973804
13:25:19,588107,batch_c_scan_7x6,18304172,45476664,7973800
13:25:20,588107,batch_c_scan_7x6,18304172,45476664,7973800
13:25:21,588107,batch_c_scan_7x6,18304176,45476664,7973796
13:25:22,588107,batch_c_scan_7x6,18304176,45476664,7973796
13:25:23,588107,batch_c_scan_7x6,18304184,45476664,7973788
13:25:25,588107,batch_c_scan_7x6,18304184,45476664,7973788
13:25:26,588107,batch_c_scan_7x6,18304184,45476664,7973788
13:25:27,588107,batch_c_scan_7x6,18304192,45476664,7973780
13:25:28,588107,batch_c_scan_7x6,18304192,45476664,7973780
13:25:29,588107,batch_c_scan_7x6,18304224,45476664,7973748
13:25:30,588107,batch_c_scan_7x6,18304224,45476664,7973748
13:25:31,588107,batch_c_scan_7x6,18304232,45476664,7973740
13:25:32,588107,batch_c_scan_7x6,18308328,45476664,7969644
13:25:33,588107,batch_c_scan_7x6,18308328,45476664,7969644
13:25:34,588107,batch_c_scan_7x6,18308360,45476664,7969612
13:25:35,588107,batch_c_scan_7x6,18308360,45476664,7969612
13:25:36,588107,batch_c_scan_7x6,18308360,45476664,7969612
13:25:37,588107,batch_c_scan_7x6,18308360,45476664,7969612
13:25:38,588107,batch_c_scan_7x6,18308360,45476664,7969612
13:25:39,588107,batch_c_scan_7x6,18308384,45476664,7969612
13:25:40,588107,batch_c_scan_7x6,18308512,45476664,7969460
13:25:41,588107,batch_c_scan_7x6,18308512,45476664,7969460
13:25:42,588107,batch_c_scan_7x6,18308512,45476664,7969460
13:25:43,588107,batch_c_scan_7x6,18308512,45476664,7969460
13:25:44,588107,batch_c_scan_7x6,18308512,45476664,7969460
13:25:45,588107,batch_c_scan_7x6,18308516,45476664,7969456
13:25:46,588107,batch_c_scan_7x6,18308516,45476664,7969456
13:25:47,588107,batch_c_scan_7x6,18308516,45476664,7969456
13:25:48,588107,batch_c_scan_7x6,18308516,45476664,7969456
13:25:49,588107,batch_c_scan_7x6,18308520,45476664,7969452
13:25:50,588107,batch_c_scan_7x6,18308520,45476664,7969452
13:25:51,588107,batch_c_scan_7x6,18308520,45476664,7969452
13:25:52,588107,batch_c_scan_7x6,18308520,45476664,7969452
13:25:53,588107,batch_c_scan_7x6,18308520,45476664,7969452
13:25:54,588107,batch_c_scan_7x6,18308520,45476664,7969452
13:25:55,588107,batch_c_scan_7x6,18308520,45476664,7969452
13:25:56,588107,batch_c_scan_7x6,18308524,45476664,7969448
13:25:57,588107,batch_c_scan_7x6,18308552,45476664,7969420
13:25:58,588107,batch_c_scan_7x6,18308552,45476664,7969420
13:25:59,588107,batch_c_scan_7x6,18309960,45476664,7968012
13:26:00,588107,batch_c_scan_7x6,18309960,45476664,7968012
13:26:01,588107,batch_c_scan_7x6,18309960,45476664,7968012
13:26:02,588107,batch_c_scan_7x6,18309960,45476664,7968012
13:26:03,588107,batch_c_scan_7x6,18309964,45476664,7968008
13:26:04,588107,batch_c_scan_7x6,18314068,45476664,7963904
13:26:05,588107,batch_c_scan_7x6,18314068,45476664,7963904
13:26:06,588107,batch_c_scan_7x6,18314092,45476664,7963880
13:26:07,588107,batch_c_scan_7x6,18314092,45476664,7963880
13:26:08,588107,batch_c_scan_7x6,18314092,45476664,7963880
13:26:09,588107,batch_c_scan_7x6,18314092,45476664,7963880
13:26:10,588107,batch_c_scan_7x6,18314096,45476664,7963876
13:26:11,588107,batch_c_scan_7x6,18314096,45476664,7963876
13:26:12,588107,batch_c_scan_7x6,18314096,45476664,7963876
13:26:13,588107,batch_c_scan_7x6,18314096,45476664,7963876
13:26:14,588107,batch_c_scan_7x6,18314096,45476664,7963876
13:26:15,588107,batch_c_scan_7x6,18314096,45476664,7963876
13:26:16,588107,batch_c_scan_7x6,18314100,45476664,7963872
13:26:17,588107,batch_c_scan_7x6,18314100,45476664,7963872
13:26:19,588107,batch_c_scan_7x6,18314100,45476664,7963872
13:26:20,588107,batch_c_scan_7x6,18314100,45476664,7963872
13:26:21,588107,batch_c_scan_7x6,18314100,45476664,7963872
13:26:22,588107,batch_c_scan_7x6,18314100,45476664,7963872
13:26:23,588107,batch_c_scan_7x6,18314100,45476664,7963872
13:26:24,588107,batch_c_scan_7x6,18314104,45476664,7963868
13:26:25,588107,batch_c_scan_7x6,18314104,45476664,7963868
13:26:26,588107,batch_c_scan_7x6,18314104,45476664,7963868
13:26:27,588107,batch_c_scan_7x6,18314104,45476664,7963868
13:26:28,588107,batch_c_scan_7x6,18314104,45476664,7963868
13:26:29,588107,batch_c_scan_7x6,18314104,45476664,7963868
13:26:30,588107,batch_c_scan_7x6,18314104,45476664,7963868
13:26:31,588107,batch_c_scan_7x6,18314108,45476664,7963864
13:26:32,588107,batch_c_scan_7x6,18314108,45476664,7963864
13:26:33,588107,batch_c_scan_7x6,18314108,45476664,7963864
13:26:34,588107,batch_c_scan_7x6,18314108,45476664,7963864
13:26:35,588107,batch_c_scan_7x6,18314108,45476664,7963864
13:26:36,588107,batch_c_scan_7x6,18314108,45476664,7963864
13:26:37,588107,batch_c_scan_7x6,18314108,45476664,7963864
13:26:38,588107,batch_c_scan_7x6,18314112,45476664,7963860
13:26:39,588107,batch_c_scan_7x6,18314112,45476664,7963860
13:26:40,588107,batch_c_scan_7x6,18314112,45476664,7963860
13:26:41,588107,batch_c_scan_7x6,18314112,45476664,7963860
13:26:42,588107,batch_c_scan_7x6,18314112,45476664,7963860
13:26:43,588107,batch_c_scan_7x6,18314116,45476664,7963856
13:26:44,588107,batch_c_scan_7x6,18314116,45476664,7963856
13:26:45,588107,batch_c_scan_7x6,18314188,45476664,7963784
13:26:46,588107,batch_c_scan_7x6,18314188,45476664,7963784
13:26:47,588107,batch_c_scan_7x6,18314188,45476664,7963784
13:26:48,588107,batch_c_scan_7x6,18314188,45476664,7963784
13:26:49,588107,batch_c_scan_7x6,18314188,45476664,7963784
13:26:50,588107,batch_c_scan_7x6,18314192,45476664,7963780
13:26:51,588107,batch_c_scan_7x6,18314192,45476664,7963780
13:26:52,588107,batch_c_scan_7x6,18314192,45476664,7963780
13:26:53,588107,batch_c_scan_7x6,18314192,45476664,7963780
13:26:54,588107,batch_c_scan_7x6,18314192,45476664,7963780
13:26:55,588107,batch_c_scan_7x6,18314192,45476664,7963780
13:26:56,588107,batch_c_scan_7x6,18314192,45476664,7963780
13:26:57,588107,batch_c_scan_7x6,18314196,45476664,7963776
13:26:58,588107,batch_c_scan_7x6,18314196,45476664,7963776
13:26:59,588107,batch_c_scan_7x6,18314196,45476664,7963776
13:27:00,588107,batch_c_scan_7x6,18314304,45476664,7963668
13:27:01,588107,batch_c_scan_7x6,18314304,45476664,7963668
13:27:02,588107,batch_c_scan_7x6,18314304,45476664,7963668
13:27:03,588107,batch_c_scan_7x6,18314376,45476664,7963596
13:27:04,588107,batch_c_scan_7x6,18314376,45476664,7963596
13:27:05,588107,batch_c_scan_7x6,18314376,45476664,7963596
13:27:06,588107,batch_c_scan_7x6,18314944,45476664,7963028
13:27:07,588107,batch_c_scan_7x6,18314944,45476664,7963028
13:27:08,588107,batch_c_scan_7x6,18314944,45476664,7963028
13:27:09,588107,batch_c_scan_7x6,18314944,45476664,7963028
13:27:10,588107,batch_c_scan_7x6,18314948,45476664,7963024
13:27:11,588107,batch_c_scan_7x6,18314948,45476664,7963024
13:27:13,588107,batch_c_scan_7x6,18314948,45476664,7963024
13:27:14,588107,batch_c_scan_7x6,18314948,45476664,7963024
13:27:15,588107,batch_c_scan_7x6,18315356,45476664,7962616
13:27:16,588107,batch_c_scan_7x6,18315360,45476664,7962612
13:27:17,588107,batch_c_scan_7x6,18315384,45476664,7962612
13:27:18,588107,batch_c_scan_7x6,18315380,45476664,7962592
13:27:19,588107,batch_c_scan_7x6,18315380,45476664,7962592
13:27:20,588107,batch_c_scan_7x6,18315384,45476664,7962588
13:27:21,588107,batch_c_scan_7x6,18315384,45476664,7962588
13:27:22,588107,batch_c_scan_7x6,18315384,45476664,7962588
13:27:23,588107,batch_c_scan_7x6,18315388,45476664,7962584
13:27:24,588107,batch_c_scan_7x6,18315388,45476664,7962584
13:27:25,588107,batch_c_scan_7x6,18315396,45476664,7962576
13:27:26,588107,batch_c_scan_7x6,18315396,45476664,7962576
13:27:27,588107,batch_c_scan_7x6,18315396,45476664,7962576
13:27:28,588107,batch_c_scan_7x6,18315412,45476664,7962560
13:27:29,588107,batch_c_scan_7x6,18315848,45476664,7962124
13:27:30,588107,batch_c_scan_7x6,18315848,45476664,7962124
13:27:31,588107,batch_c_scan_7x6,18315852,45476664,7962120
13:27:32,588107,batch_c_scan_7x6,18315852,45476664,7962120
13:27:33,588107,batch_c_scan_7x6,18315852,45476664,7962120
13:27:34,588107,batch_c_scan_7x6,18315852,45476664,7962120
13:27:35,588107,batch_c_scan_7x6,18315860,45476664,7962112
13:27:36,588107,batch_c_scan_7x6,18315860,45476664,7962112
13:27:37,588107,batch_c_scan_7x6,18315984,45476664,7961988
13:27:38,588107,batch_c_scan_7x6,18315988,45476664,7961984
13:27:39,588107,batch_c_scan_7x6,18315992,45476664,7961980
13:27:40,588107,batch_c_scan_7x6,18315992,45476664,7961980
13:27:41,588107,batch_c_scan_7x6,18315992,45476664,7961980
13:27:42,588107,batch_c_scan_7x6,18316016,45476664,7961980
13:27:43,588107,batch_c_scan_7x6,18315992,45476664,7961980
13:27:44,588107,batch_c_scan_7x6,18316000,45476664,7961972
13:27:45,588107,batch_c_scan_7x6,18316004,45476664,7961968
13:27:46,588107,batch_c_scan_7x6,18316004,45476664,7961968
13:27:47,588107,batch_c_scan_7x6,18316004,45476664,7961968
13:27:48,588107,batch_c_scan_7x6,18316004,45476664,7961968
13:27:49,588107,batch_c_scan_7x6,18316004,45476664,7961968
13:27:50,588107,batch_c_scan_7x6,18316004,45476664,7961968
13:27:51,588107,batch_c_scan_7x6,18316004,45476664,7961968
13:27:52,588107,batch_c_scan_7x6,18316024,45476664,7961948
13:27:53,588107,batch_c_scan_7x6,18316048,45476664,7961948
13:27:54,588107,batch_c_scan_7x6,18316024,45476664,7961948
13:27:55,588107,batch_c_scan_7x6,18316024,45476664,7961948
13:27:56,588107,batch_c_scan_7x6,18316024,45476664,7961948
13:27:57,588107,batch_c_scan_7x6,18316024,45476664,7961948
13:27:58,588107,batch_c_scan_7x6,18316028,45476664,7961944
13:27:59,588107,batch_c_scan_7x6,18316192,45476664,7961780
13:28:00,588107,batch_c_scan_7x6,18316192,45476664,7961780
13:28:01,588107,batch_c_scan_7x6,18316192,45476664,7961780
13:28:02,588107,batch_c_scan_7x6,18316192,45476664,7961780
13:28:03,588107,batch_c_scan_7x6,18316192,45476664,7961780
13:28:04,588107,batch_c_scan_7x6,18316192,45476664,7961780
13:28:05,588107,batch_c_scan_7x6,18316196,45476664,7961776
13:28:06,588107,batch_c_scan_7x6,18316212,45476664,7961760
13:28:08,588107,batch_c_scan_7x6,18316212,45476664,7961760
13:28:09,588107,batch_c_scan_7x6,18316212,45476664,7961760
13:28:10,588107,batch_c_scan_7x6,18316212,45476664,7961760
13:28:11,588107,batch_c_scan_7x6,18316212,45476664,7961760
13:28:12,588107,batch_c_scan_7x6,18316212,45476664,7961760
13:28:13,588107,batch_c_scan_7x6,18316216,45476664,7961756
13:28:14,588107,batch_c_scan_7x6,18316216,45476664,7961756
13:28:15,588107,batch_c_scan_7x6,18316216,45476664,7961756
13:28:16,588107,batch_c_scan_7x6,18316304,45476664,7961668
13:28:17,588107,batch_c_scan_7x6,18316304,45476664,7961668
13:28:18,588107,batch_c_scan_7x6,18316304,45476664,7961668
13:28:19,588107,batch_c_scan_7x6,18316304,45476664,7961668
13:28:20,588107,batch_c_scan_7x6,18316308,45476664,7961664
13:28:21,588107,batch_c_scan_7x6,18316308,45476664,7961664
13:28:22,588107,batch_c_scan_7x6,18316308,45476664,7961664
13:28:23,588107,batch_c_scan_7x6,18316308,45476664,7961664
13:28:24,588107,batch_c_scan_7x6,18316308,45476664,7961664
13:28:25,588107,batch_c_scan_7x6,18316308,45476664,7961664
13:28:26,588107,batch_c_scan_7x6,18316312,45476664,7961660
13:28:27,588107,batch_c_scan_7x6,18316312,45476664,7961660
13:28:28,588107,batch_c_scan_7x6,18316312,45476664,7961660
13:28:29,588107,batch_c_scan_7x6,18316312,45476664,7961660
13:28:30,588107,batch_c_scan_7x6,18316312,45476664,7961660
13:28:31,588107,batch_c_scan_7x6,18316312,45476664,7961660
13:28:32,588107,batch_c_scan_7x6,18316312,45476664,7961660
13:28:33,588107,batch_c_scan_7x6,18316316,45476664,7961656
13:28:34,588107,batch_c_scan_7x6,18316316,45476664,7961656
13:28:35,588107,batch_c_scan_7x6,18316316,45476664,7961656
13:28:36,588107,batch_c_scan_7x6,18316316,45476664,7961656
13:28:37,588107,batch_c_scan_7x6,18316340,45476664,7961656
13:28:38,588107,batch_c_scan_7x6,18316316,45476664,7961656
13:28:39,588107,batch_c_scan_7x6,18316316,45476664,7961656
13:28:40,588107,batch_c_scan_7x6,18316320,45476664,7961652
13:28:41,588107,batch_c_scan_7x6,18316320,45476664,7961652
13:28:42,588107,batch_c_scan_7x6,18316320,45476664,7961652
13:28:43,588107,batch_c_scan_7x6,18316392,45476664,7961580
13:28:44,588107,batch_c_scan_7x6,18316392,45476664,7961580
13:28:45,588107,batch_c_scan_7x6,18316392,45476664,7961580
13:28:46,588107,batch_c_scan_7x6,18316396,45476664,7961576
13:28:47,588107,batch_c_scan_7x6,18316400,45476664,7961572
13:28:48,588107,batch_c_scan_7x6,18316400,45476664,7961572
13:28:49,588107,batch_c_scan_7x6,18316400,45476664,7961572
13:28:50,588107,batch_c_scan_7x6,18316676,45476664,7961296
13:28:51,588107,batch_c_scan_7x6,18316676,45476664,7961296
13:28:52,588107,batch_c_scan_7x6,18316772,45476664,7961292
13:28:53,588107,batch_c_scan_7x6,18316772,45476664,7961292
13:28:54,588107,batch_c_scan_7x6,18316772,45476664,7961292
13:28:55,588107,batch_c_scan_7x6,18316772,45476664,7961292
13:28:56,588107,batch_c_scan_7x6,18316780,45476664,7961284
13:28:57,588107,batch_c_scan_7x6,18316780,45476664,7961284
13:28:58,588107,batch_c_scan_7x6,18316780,45476664,7961284
13:28:59,588107,batch_c_scan_7x6,18316780,45476664,7961284
13:29:00,588107,batch_c_scan_7x6,18316784,45476664,7961280
13:29:02,588107,batch_c_scan_7x6,18316784,45476664,7961280
13:29:03,588107,batch_c_scan_7x6,18316784,45476664,7961280
13:29:04,588107,batch_c_scan_7x6,18316800,45476664,7961264
13:29:05,588107,batch_c_scan_7x6,18316800,45476664,7961264
13:29:06,588107,batch_c_scan_7x6,18316800,45476664,7961264
13:29:07,588107,batch_c_scan_7x6,18316820,45476664,7961264
13:29:08,588107,batch_c_scan_7x6,18316824,45476664,7961260
13:29:09,588107,batch_c_scan_7x6,18316960,45476664,7961124
13:29:10,588107,batch_c_scan_7x6,18316960,45476664,7961124
13:29:11,588107,batch_c_scan_7x6,18317048,45476664,7961036
13:29:12,588107,batch_c_scan_7x6,18317048,45476664,7961036
13:29:13,588107,batch_c_scan_7x6,18317200,45476664,7960884
13:29:14,588107,batch_c_scan_7x6,18317200,45476664,7960884
13:29:15,588107,batch_c_scan_7x6,18317200,45476664,7960884
13:29:16,588107,batch_c_scan_7x6,18317200,45476664,7960884
13:29:17,588107,batch_c_scan_7x6,18317200,45476664,7960884
13:29:18,588107,batch_c_scan_7x6,18317204,45476664,7960880
13:29:19,588107,batch_c_scan_7x6,18317204,45476664,7960880
13:29:20,588107,batch_c_scan_7x6,18317208,45476664,7960876
13:29:21,588107,batch_c_scan_7x6,18317208,45476664,7960876
13:29:22,588107,batch_c_scan_7x6,18317208,45476664,7960876
13:29:23,588107,batch_c_scan_7x6,18317208,45476664,7960876
13:29:24,588107,batch_c_scan_7x6,18317208,45476664,7960876
13:29:25,588107,batch_c_scan_7x6,18317220,45476664,7960864
13:29:26,588107,batch_c_scan_7x6,18317220,45476664,7960864
13:29:27,588107,batch_c_scan_7x6,18317220,45476664,7960864
13:29:28,588107,batch_c_scan_7x6,18317224,45476664,7960860
13:29:29,588107,batch_c_scan_7x6,18317224,45476664,7960860
13:29:30,588107,batch_c_scan_7x6,18317224,45476664,7960860
13:29:31,588107,batch_c_scan_7x6,18317224,45476664,7960860
13:29:32,588107,batch_c_scan_7x6,18317224,45476664,7960860
13:29:33,588107,batch_c_scan_7x6,18317224,45476664,7960860
13:29:34,588107,batch_c_scan_7x6,18317224,45476664,7960860
13:29:35,588107,batch_c_scan_7x6,18317228,45476664,7960856
13:29:36,588107,batch_c_scan_7x6,18317228,45476664,7960856
13:29:37,588107,batch_c_scan_7x6,18317228,45476664,7960856
13:29:38,588107,batch_c_scan_7x6,18317228,45476664,7960856
13:29:39,588107,batch_c_scan_7x6,18317228,45476664,7960856
13:29:40,588107,batch_c_scan_7x6,18317232,45476664,7960852
13:29:41,588107,batch_c_scan_7x6,18317232,45476664,7960852
13:29:42,588107,batch_c_scan_7x6,18317232,45476664,7960852
13:29:43,588107,batch_c_scan_7x6,18317232,45476664,7960852
13:29:44,588107,batch_c_scan_7x6,18317232,45476664,7960852
13:29:45,588107,batch_c_scan_7x6,18317356,45476664,7960728
13:29:46,588107,batch_c_scan_7x6,18317356,45476664,7960728
13:29:47,588107,batch_c_scan_7x6,18317360,45476664,7960724
13:29:48,588107,batch_c_scan_7x6,18317360,45476664,7960724
13:29:49,588107,batch_c_scan_7x6,18317360,45476664,7960724
13:29:50,588107,batch_c_scan_7x6,18317404,45476664,7960680
13:29:51,588107,batch_c_scan_7x6,18317404,45476664,7960680
13:29:52,588107,batch_c_scan_7x6,18317408,45476664,7960676
13:29:53,588107,batch_c_scan_7x6,18317408,45476664,7960676
13:29:54,588107,batch_c_scan_7x6,18317408,45476664,7960676
13:29:56,588107,batch_c_scan_7x6,18317412,45476664,7960672
13:29:57,588107,batch_c_scan_7x6,18317412,45476664,7960672
13:29:58,588107,batch_c_scan_7x6,18317412,45476664,7960672
13:29:59,588107,batch_c_scan_7x6,18317412,45476664,7960672
13:30:00,588107,batch_c_scan_7x6,18317412,45476664,7960672
13:30:01,588107,batch_c_scan_7x6,18317412,45476664,7960672
13:30:02,588107,batch_c_scan_7x6,18317412,45476664,7960672
13:30:03,588107,batch_c_scan_7x6,18317416,45476664,7960668
13:30:04,588107,batch_c_scan_7x6,18317524,45476664,7960560
13:30:05,588107,batch_c_scan_7x6,18317524,45476664,7960560
13:30:06,588107,batch_c_scan_7x6,18317736,45476664,7960348
13:30:07,588107,batch_c_scan_7x6,18317736,45476664,7960348
13:30:08,588107,batch_c_scan_7x6,18317740,45476664,7960344
13:30:09,588107,batch_c_scan_7x6,18317740,45476664,7960344
13:30:10,588107,batch_c_scan_7x6,18317740,45476664,7960344
13:30:11,588107,batch_c_scan_7x6,18317740,45476664,7960344
13:30:12,588107,batch_c_scan_7x6,18317740,45476664,7960344
13:30:13,588107,batch_c_scan_7x6,18317740,45476664,7960344
13:30:14,588107,batch_c_scan_7x6,18317740,45476664,7960344
13:30:15,588107,batch_c_scan_7x6,18317744,45476664,7960340
13:30:16,588107,batch_c_scan_7x6,18317744,45476664,7960340
13:30:17,588107,batch_c_scan_7x6,18317744,45476664,7960340
13:30:18,588107,batch_c_scan_7x6,18317848,45476664,7960236
13:30:19,588107,batch_c_scan_7x6,18317848,45476664,7960236
13:30:20,588107,batch_c_scan_7x6,18317848,45476664,7960236
13:30:21,588107,batch_c_scan_7x6,18317848,45476664,7960236
13:30:22,588107,batch_c_scan_7x6,18317852,45476664,7960232
13:30:23,588107,batch_c_scan_7x6,18317856,45476664,7960228
13:30:24,588107,batch_c_scan_7x6,18317856,45476664,7960228
13:30:25,588107,batch_c_scan_7x6,18317856,45476664,7960228
13:30:26,588107,batch_c_scan_7x6,18317856,45476664,7960228
13:30:27,588107,batch_c_scan_7x6,18317856,45476664,7960228
13:30:28,588107,batch_c_scan_7x6,18317856,45476664,7960228
13:30:29,588107,batch_c_scan_7x6,18317856,45476664,7960228
13:30:30,588107,batch_c_scan_7x6,18317860,45476664,7960224
13:30:31,588107,batch_c_scan_7x6,18317860,45476664,7960224
13:30:32,588107,batch_c_scan_7x6,18317860,45476664,7960224
13:30:33,588107,batch_c_scan_7x6,18317860,45476664,7960224
13:30:34,588107,batch_c_scan_7x6,18317860,45476664,7960224
13:30:35,588107,batch_c_scan_7x6,18317864,45476664,7960220
13:30:36,588107,batch_c_scan_7x6,18317864,45476664,7960220
13:30:37,588107,batch_c_scan_7x6,18317864,45476664,7960220
13:30:38,588107,batch_c_scan_7x6,18317864,45476664,7960220
13:30:39,588107,batch_c_scan_7x6,18317864,45476664,7960220
13:30:40,588107,batch_c_scan_7x6,18317920,45476664,7960164
13:30:41,588107,batch_c_scan_7x6,18317920,45476664,7960164
13:30:42,588107,batch_c_scan_7x6,18317944,45476664,7960140
13:30:43,588107,batch_c_scan_7x6,18317944,45476664,7960140
13:30:44,588107,batch_c_scan_7x6,18317944,45476664,7960140
13:30:45,588107,batch_c_scan_7x6,18317976,45476664,7960132
13:30:46,588107,batch_c_scan_7x6,18317952,45476664,7960132
13:30:47,588107,batch_c_scan_7x6,18317952,45476664,7960132
13:30:48,588107,batch_c_scan_7x6,18317952,45476664,7960132
13:30:50,588107,batch_c_scan_7x6,18317952,45476664,7960132
13:30:51,588107,batch_c_scan_7x6,18317956,45476664,7960128
13:30:52,588107,batch_c_scan_7x6,18317968,45476664,7960116
13:30:53,588107,batch_c_scan_7x6,18317968,45476664,7960116
13:30:54,588107,batch_c_scan_7x6,18317968,45476664,7960116
13:30:55,588107,batch_c_scan_7x6,18317992,45476664,7960116
13:30:56,588107,batch_c_scan_7x6,18317968,45476664,7960116
13:30:57,588107,batch_c_scan_7x6,18317968,45476664,7960116
13:30:58,588107,batch_c_scan_7x6,18317972,45476664,7960112
13:30:59,588107,batch_c_scan_7x6,18317976,45476664,7960108
13:31:00,588107,batch_c_scan_7x6,18317976,45476664,7960108
13:31:01,588107,batch_c_scan_7x6,18317992,45476664,7960092
13:31:02,588107,batch_c_scan_7x6,18317992,45476664,7960092
13:31:03,588107,batch_c_scan_7x6,18317996,45476664,7960088
13:31:04,588107,batch_c_scan_7x6,18317996,45476664,7960088
13:31:05,588107,batch_c_scan_7x6,18317996,45476664,7960088
13:31:06,588107,batch_c_scan_7x6,18317996,45476664,7960088
13:31:07,588107,batch_c_scan_7x6,18317996,45476664,7960088
13:31:08,588107,batch_c_scan_7x6,18318004,45476664,7960080
13:31:09,588107,batch_c_scan_7x6,18318004,45476664,7960080
13:31:10,588107,batch_c_scan_7x6,18318004,45476664,7960080
13:31:11,588107,batch_c_scan_7x6,18318008,45476664,7960076
13:31:12,588107,batch_c_scan_7x6,18318008,45476664,7960076
13:31:13,588107,batch_c_scan_7x6,18318008,45476664,7960076
13:31:14,588107,batch_c_scan_7x6,18318008,45476664,7960076
13:31:15,588107,batch_c_scan_7x6,18318008,45476664,7960076
13:31:16,588107,batch_c_scan_7x6,18318008,45476664,7960076
13:31:17,588107,batch_c_scan_7x6,18318008,45476664,7960076
13:31:18,588107,batch_c_scan_7x6,18318012,45476664,7960072
13:31:19,588107,batch_c_scan_7x6,18318012,45476664,7960072
13:31:20,588107,batch_c_scan_7x6,18318012,45476664,7960072
13:31:21,588107,batch_c_scan_7x6,18318012,45476664,7960072
13:31:22,588107,batch_c_scan_7x6,18318012,45476664,7960072
13:31:23,588107,batch_c_scan_7x6,18318016,45476664,7960068
13:31:24,588107,batch_c_scan_7x6,18318040,45476664,7960068
13:31:25,588107,batch_c_scan_7x6,18318016,45476664,7960068
13:31:26,588107,batch_c_scan_7x6,18318016,45476664,7960068
13:31:27,588107,batch_c_scan_7x6,18318016,45476664,7960068
13:31:28,588107,batch_c_scan_7x6,18318016,45476664,7960068
13:31:29,588107,batch_c_scan_7x6,18318016,45476664,7960068
13:31:30,588107,batch_c_scan_7x6,18318016,45476664,7960068
13:31:31,588107,batch_c_scan_7x6,18318020,45476664,7960064
13:31:32,588107,batch_c_scan_7x6,18318020,45476664,7960064
13:31:33,588107,batch_c_scan_7x6,18318020,45476664,7960064
13:31:34,588107,batch_c_scan_7x6,18318020,45476664,7960064
13:31:35,588107,batch_c_scan_7x6,18318020,45476664,7960064
13:31:36,588107,batch_c_scan_7x6,18318020,45476664,7960064
13:31:37,588107,batch_c_scan_7x6,18318056,45476664,7960028
13:31:38,588107,batch_c_scan_7x6,18318060,45476664,7960024
13:31:39,588107,batch_c_scan_7x6,18318060,45476664,7960024
13:31:40,588107,batch_c_scan_7x6,18318060,45476664,7960024
13:31:41,588107,batch_c_scan_7x6,18318064,45476664,7960020
13:31:42,588107,batch_c_scan_7x6,18318064,45476664,7960020
13:31:44,588107,batch_c_scan_7x6,18318064,45476664,7960020
13:31:45,588107,batch_c_scan_7x6,18318068,45476664,7960016
13:31:46,588107,batch_c_scan_7x6,18318072,45476664,7960012
13:31:47,588107,batch_c_scan_7x6,18318072,45476664,7960012
13:31:48,588107,batch_c_scan_7x6,18318072,45476664,7960012
13:31:49,588107,batch_c_scan_7x6,18318072,45476664,7960012
13:31:50,588107,batch_c_scan_7x6,18318072,45476664,7960012
13:31:51,588107,batch_c_scan_7x6,18318072,45476664,7960008
13:31:52,588107,batch_c_scan_7x6,18318076,45476664,7960008
13:31:53,588107,batch_c_scan_7x6,18318076,45476664,7960008
13:31:54,588107,batch_c_scan_7x6,18318076,45476664,7960008
13:31:55,588107,batch_c_scan_7x6,18318076,45476664,7960008
13:31:56,588107,batch_c_scan_7x6,18318076,45476664,7960008
13:31:57,588107,batch_c_scan_7x6,18318076,45476664,7960008
13:31:58,588107,batch_c_scan_7x6,18318156,45476664,7959928
13:31:59,588107,batch_c_scan_7x6,18318160,45476664,7959924
13:32:00,588107,batch_c_scan_7x6,18318160,45476664,7959924
13:32:01,588107,batch_c_scan_7x6,18318160,45476664,7959924
13:32:02,588107,batch_c_scan_7x6,18318160,45476664,7959924
13:32:03,588107,batch_c_scan_7x6,18318160,45476664,7959924
13:32:04,588107,batch_c_scan_7x6,18318160,45476664,7959924
13:32:05,588107,batch_c_scan_7x6,18318160,45476664,7959924
13:32:06,588107,batch_c_scan_7x6,18318164,45476664,7959920
13:32:07,588107,batch_c_scan_7x6,18318164,45476664,7959920
13:32:08,588107,batch_c_scan_7x6,18318164,45476664,7959920
13:32:09,588107,batch_c_scan_7x6,18318164,45476664,7959920
13:32:10,588107,batch_c_scan_7x6,18318164,45476664,7959920
13:32:11,588107,batch_c_scan_7x6,18318164,45476664,7959920
13:32:12,588107,batch_c_scan_7x6,18318164,45476664,7959920
13:32:13,588107,batch_c_scan_7x6,18318200,45476664,7959884
13:32:14,588107,batch_c_scan_7x6,18318200,45476664,7959884
13:32:15,588107,batch_c_scan_7x6,18318200,45476664,7959884
13:32:16,588107,batch_c_scan_7x6,18318204,45476664,7959880
13:32:17,588107,batch_c_scan_7x6,18318204,45476664,7959880
13:32:18,588107,batch_c_scan_7x6,18318224,45476664,7959860
13:32:19,588107,batch_c_scan_7x6,18318228,45476664,7959856
13:32:20,588107,batch_c_scan_7x6,18318228,45476664,7959856
13:32:21,588107,batch_c_scan_7x6,18318228,45476664,7959856
13:32:22,588107,batch_c_scan_7x6,18318228,45476664,7959856
13:32:23,588107,batch_c_scan_7x6,18318228,45476664,7959856
13:32:24,588107,batch_c_scan_7x6,18318228,45476664,7959856
13:32:25,588107,batch_c_scan_7x6,18318228,45476664,7959856
13:32:26,588107,batch_c_scan_7x6,18318228,45476664,7959856
13:32:27,588107,batch_c_scan_7x6,18318228,45476664,7959856
13:32:28,588107,batch_c_scan_7x6,18318228,45476664,7959856
13:32:29,588107,batch_c_scan_7x6,18318228,45476664,7959856
13:32:30,588107,batch_c_scan_7x6,18318228,45476664,7959856
13:32:31,588107,batch_c_scan_7x6,18318228,45476664,7959856
13:32:32,588107,batch_c_scan_7x6,18318228,45476664,7959856
13:32:33,588107,batch_c_scan_7x6,18318228,45476664,7959856
13:32:34,588107,batch_c_scan_7x6,18318228,45476664,7959856
13:32:35,588107,batch_c_scan_7x6,18318248,45476664,7959836
13:32:36,588107,batch_c_scan_7x6,18318272,45476664,7959812
13:32:38,588107,batch_c_scan_7x6,18318272,45476664,7959812
13:32:39,588107,batch_c_scan_7x6,18318272,45476664,7959812
13:32:40,588107,batch_c_scan_7x6,18318272,45476664,7959812
13:32:41,588107,batch_c_scan_7x6,18318280,45476664,7959804
13:32:42,588107,batch_c_scan_7x6,18318280,45476664,7959804
13:32:43,588107,batch_c_scan_7x6,18318280,45476664,7959804
13:32:44,588107,batch_c_scan_7x6,18318280,45476664,7959804
13:32:45,588107,batch_c_scan_7x6,18318280,45476664,7959804
13:32:46,588107,batch_c_scan_7x6,18318304,45476664,7959804
13:32:47,588107,batch_c_scan_7x6,18318280,45476664,7959804
13:32:48,588107,batch_c_scan_7x6,18318280,45476664,7959804
13:32:49,588107,batch_c_scan_7x6,18318280,45476664,7959804
13:32:50,588107,batch_c_scan_7x6,18318328,45476664,7959756
13:32:51,588107,batch_c_scan_7x6,18318328,45476664,7959756
13:32:52,588107,batch_c_scan_7x6,18318328,45476664,7959756
13:32:53,588107,batch_c_scan_7x6,18318328,45476664,7959756
13:32:54,588107,batch_c_scan_7x6,18318344,45476664,7959740
13:32:55,588107,batch_c_scan_7x6,18318344,45476664,7959740
13:32:56,588107,batch_c_scan_7x6,18318344,45476664,7959740
13:32:57,588107,batch_c_scan_7x6,18318368,45476664,7959740
13:32:58,588107,batch_c_scan_7x6,18318356,45476664,7959728
13:32:59,588107,batch_c_scan_7x6,18318360,45476664,7959724
13:33:00,588107,batch_c_scan_7x6,18318360,45476664,7959724
13:33:01,588107,batch_c_scan_7x6,18318360,45476664,7959724
13:33:02,588107,batch_c_scan_7x6,18318360,45476664,7959724
13:33:03,588107,batch_c_scan_7x6,18318364,45476664,7959720
13:33:04,588107,batch_c_scan_7x6,18318364,45476664,7959720
13:33:05,588107,batch_c_scan_7x6,18318580,45476664,7959504
13:33:06,588107,batch_c_scan_7x6,18318580,45476664,7959504
13:33:07,588107,batch_c_scan_7x6,18318584,45476664,7959500
13:33:08,588107,batch_c_scan_7x6,18318584,45476664,7959500
13:33:09,588107,batch_c_scan_7x6,18318584,45476664,7959500
13:33:10,588107,batch_c_scan_7x6,18318588,45476664,7959496
13:33:11,588107,batch_c_scan_7x6,18318588,45476664,7959496
13:33:12,588107,batch_c_scan_7x6,18318588,45476664,7959496
13:33:13,588107,batch_c_scan_7x6,18318588,45476664,7959496
13:33:14,588107,batch_c_scan_7x6,18318592,45476664,7959492
13:33:15,588107,batch_c_scan_7x6,18318592,45476664,7959492
13:33:16,588107,batch_c_scan_7x6,18318596,45476664,7959488
13:33:17,588107,batch_c_scan_7x6,18318596,45476664,7959488
13:33:18,588107,batch_c_scan_7x6,18318596,45476664,7959488
13:33:19,588107,batch_c_scan_7x6,18318644,45476664,7959440
13:33:20,588107,batch_c_scan_7x6,18318644,45476664,7959440
13:33:21,588107,batch_c_scan_7x6,18318676,45476664,7959408
13:33:22,588107,batch_c_scan_7x6,18318676,45476664,7959408
13:33:23,588107,batch_c_scan_7x6,18318676,45476664,7959408
13:33:24,588107,batch_c_scan_7x6,18318676,45476664,7959408
13:33:25,588107,batch_c_scan_7x6,18318680,45476664,7959404
13:33:26,588107,batch_c_scan_7x6,18318680,45476664,7959404
13:33:27,588107,batch_c_scan_7x6,18318684,45476664,7959400
13:33:28,588107,batch_c_scan_7x6,18318684,45476664,7959400
13:33:29,588107,batch_c_scan_7x6,18318684,45476664,7959400
13:33:30,588107,batch_c_scan_7x6,18318688,45476664,7959396
13:33:31,588107,batch_c_scan_7x6,18318688,45476664,7959396
13:33:33,588107,batch_c_scan_7x6,18318704,45476664,7959380
13:33:34,588107,batch_c_scan_7x6,18318704,45476664,7959380
13:33:35,588107,batch_c_scan_7x6,18318704,45476664,7959380
13:33:36,588107,batch_c_scan_7x6,18318704,45476664,7959380
13:33:37,588107,batch_c_scan_7x6,18318704,45476664,7959380
13:33:38,588107,batch_c_scan_7x6,18318704,45476664,7959380
13:33:39,588107,batch_c_scan_7x6,18318704,45476664,7959380
13:33:40,588107,batch_c_scan_7x6,18318704,45476664,7959380
13:33:41,588107,batch_c_scan_7x6,18318720,45476664,7959368
13:33:42,588107,batch_c_scan_7x6,18318720,45476664,7959368
13:33:43,588107,batch_c_scan_7x6,18318720,45476664,7959368
13:33:44,588107,batch_c_scan_7x6,18318724,45476664,7959364
13:33:45,588107,batch_c_scan_7x6,18318724,45476664,7959364
13:33:46,588107,batch_c_scan_7x6,18318724,45476664,7959364
13:33:47,588107,batch_c_scan_7x6,18318724,45476664,7959364
13:33:48,588107,batch_c_scan_7x6,18318732,45476664,7959360
13:33:49,588107,batch_c_scan_7x6,18318732,45476664,7959360
13:33:50,588107,batch_c_scan_7x6,18318764,45476664,7959328
13:33:51,588107,batch_c_scan_7x6,18318764,45476664,7959328
13:33:52,588107,batch_c_scan_7x6,18318764,45476664,7959328
13:33:53,588107,batch_c_scan_7x6,18319464,45476664,7958628
13:33:54,588107,batch_c_scan_7x6,18319464,45476664,7958628
13:33:55,588107,batch_c_scan_7x6,18319464,45476664,7958628
13:33:56,588107,batch_c_scan_7x6,18319464,45476664,7958628
13:33:57,588107,batch_c_scan_7x6,18319472,45476664,7958620
13:33:58,588107,batch_c_scan_7x6,18319472,45476664,7958620
13:33:59,588107,batch_c_scan_7x6,18323560,45476664,7954532
13:34:00,588107,batch_c_scan_7x6,18323560,45476664,7954532
13:34:01,588107,batch_c_scan_7x6,18323572,45476664,7954520
13:34:02,588107,batch_c_scan_7x6,18323572,45476664,7954520
13:34:03,588107,batch_c_scan_7x6,18323580,45476664,7954512
13:34:04,588107,batch_c_scan_7x6,18323580,45476664,7954512
13:34:05,588107,batch_c_scan_7x6,18323588,45476664,7954504
13:34:06,588107,batch_c_scan_7x6,18323588,45476664,7954504
13:34:07,588107,batch_c_scan_7x6,18323588,45476664,7954504
13:34:08,588107,batch_c_scan_7x6,18323588,45476664,7954504
13:34:09,588107,batch_c_scan_7x6,18323588,45476664,7954504
13:34:10,588107,batch_c_scan_7x6,18323588,45476664,7954504
13:34:11,588107,batch_c_scan_7x6,18323588,45476664,7954504
13:34:12,588107,batch_c_scan_7x6,18323588,45476664,7954504
13:34:13,588107,batch_c_scan_7x6,18323588,45476664,7954504
13:34:14,588107,batch_c_scan_7x6,18323588,45476664,7954504
13:34:15,588107,batch_c_scan_7x6,18323600,45476664,7954492
13:34:16,588107,batch_c_scan_7x6,18323600,45476664,7954492
13:34:17,588107,batch_c_scan_7x6,18323600,45476664,7954492
13:34:18,588107,batch_c_scan_7x6,18323600,45476664,7954492
13:34:19,588107,batch_c_scan_7x6,18323600,45476664,7954492
13:34:20,588107,batch_c_scan_7x6,18323600,45476664,7954492
13:34:21,588107,batch_c_scan_7x6,18323608,45476664,7954484
13:34:22,588107,batch_c_scan_7x6,18323608,45476664,7954484
13:34:23,588107,batch_c_scan_7x6,18323608,45476664,7954484
13:34:24,588107,batch_c_scan_7x6,18323608,45476664,7954484
13:34:25,588107,batch_c_scan_7x6,18323612,45476664,7954480
13:34:27,588107,batch_c_scan_7x6,18323636,45476664,7954480
13:34:28,588107,batch_c_scan_7x6,18323612,45476664,7954480
13:34:29,588107,batch_c_scan_7x6,18323612,45476664,7954480
13:34:30,588107,batch_c_scan_7x6,18323612,45476664,7954480
13:34:31,588107,batch_c_scan_7x6,18323680,45476664,7954412
13:34:32,588107,batch_c_scan_7x6,18323684,45476664,7954408
13:34:33,588107,batch_c_scan_7x6,18323684,45476664,7954408
13:34:34,588107,batch_c_scan_7x6,18323684,45476664,7954408
13:34:35,588107,batch_c_scan_7x6,18323684,45476664,7954408
13:34:36,588107,batch_c_scan_7x6,18323684,45476664,7954408
13:34:37,588107,batch_c_scan_7x6,18323684,45476664,7954408
13:34:38,588107,batch_c_scan_7x6,18323708,45476664,7954408
13:34:39,588107,batch_c_scan_7x6,18323696,45476664,7954396
13:34:40,588107,batch_c_scan_7x6,18323696,45476664,7954396
13:34:41,588107,batch_c_scan_7x6,18323696,45476664,7954396
13:34:42,588107,batch_c_scan_7x6,18323696,45476664,7954396
13:34:43,588107,batch_c_scan_7x6,18323696,45476664,7954396
13:34:44,588107,batch_c_scan_7x6,18323696,45476664,7954396
13:34:45,588107,batch_c_scan_7x6,18323696,45476664,7954396
13:34:46,588107,batch_c_scan_7x6,18323700,45476664,7954392
13:34:47,588107,batch_c_scan_7x6,18323700,45476664,7954392
13:34:48,588107,batch_c_scan_7x6,18323700,45476664,7954392
13:34:49,588107,batch_c_scan_7x6,18323700,45476664,7954392
13:34:50,588107,batch_c_scan_7x6,18323700,45476664,7954392
13:34:51,588107,batch_c_scan_7x6,18323712,45476664,7954380
13:34:52,588107,batch_c_scan_7x6,18323712,45476664,7954380
13:34:53,588107,batch_c_scan_7x6,18323712,45476664,7954380
13:34:54,588107,batch_c_scan_7x6,18323716,45476664,7954376
13:34:55,588107,batch_c_scan_7x6,18323716,45476664,7954376
13:34:56,588107,batch_c_scan_7x6,18323716,45476664,7954376
13:34:57,588107,batch_c_scan_7x6,18323716,45476664,7954376
13:34:58,588107,batch_c_scan_7x6,18323716,45476664,7954376
13:34:59,588107,batch_c_scan_7x6,18323764,45476664,7954328
13:35:00,588107,batch_c_scan_7x6,18323764,45476664,7954328
13:35:01,588107,batch_c_scan_7x6,18323764,45476664,7954328
13:35:02,588107,batch_c_scan_7x6,18323764,45476664,7954328
13:35:03,588107,batch_c_scan_7x6,18323764,45476664,7954328
13:35:04,588107,batch_c_scan_7x6,18323764,45476664,7954328
13:35:05,588107,batch_c_scan_7x6,18323764,45476664,7954328
13:35:06,588107,batch_c_scan_7x6,18323764,45476664,7954328
13:35:07,588107,batch_c_scan_7x6,18323768,45476664,7954324
13:35:08,588107,batch_c_scan_7x6,18323768,45476664,7954324
13:35:09,588107,batch_c_scan_7x6,18323768,45476664,7954324
13:35:10,588107,batch_c_scan_7x6,18323768,45476664,7954324
13:35:11,588107,batch_c_scan_7x6,18323768,45476664,7954324
13:35:12,588107,batch_c_scan_7x6,18323780,45476664,7954312
13:35:13,588107,batch_c_scan_7x6,18323808,45476664,7954284
13:35:14,588107,batch_c_scan_7x6,18323812,45476664,7954280
13:35:15,588107,batch_c_scan_7x6,18323812,45476664,7954280
13:35:16,588107,batch_c_scan_7x6,18323812,45476664,7954280
13:35:17,588107,batch_c_scan_7x6,18323816,45476664,7954276
13:35:18,588107,batch_c_scan_7x6,18323816,45476664,7954276
13:35:19,588107,batch_c_scan_7x6,18323820,45476664,7954272
13:35:21,588107,batch_c_scan_7x6,18323820,45476664,7954272
13:35:22,588107,batch_c_scan_7x6,18323824,45476664,7954268
13:35:23,588107,batch_c_scan_7x6,18323824,45476664,7954268
13:35:24,588107,batch_c_scan_7x6,18323844,45476664,7954248
13:35:25,588107,batch_c_scan_7x6,18323868,45476664,7954248
13:35:26,588107,batch_c_scan_7x6,18323848,45476664,7954244
13:35:27,588107,batch_c_scan_7x6,18323848,45476664,7954244
13:35:28,588107,batch_c_scan_7x6,18323852,45476664,7954240
13:35:29,588107,batch_c_scan_7x6,18323852,45476664,7954240
13:35:30,588107,batch_c_scan_7x6,18323852,45476664,7954240
13:35:31,588107,batch_c_scan_7x6,18323852,45476664,7954240
13:35:32,588107,batch_c_scan_7x6,18323852,45476664,7954240
13:35:33,588107,batch_c_scan_7x6,18323852,45476664,7954240
13:35:34,588107,batch_c_scan_7x6,18323852,45476664,7954240
13:35:35,588107,batch_c_scan_7x6,18323868,45476664,7954224
13:35:36,588107,batch_c_scan_7x6,18323868,45476664,7954224
13:35:37,588107,batch_c_scan_7x6,18323868,45476664,7954224
13:35:38,588107,batch_c_scan_7x6,18323868,45476664,7954224
13:35:39,588107,batch_c_scan_7x6,18323868,45476664,7954224
13:35:40,588107,batch_c_scan_7x6,18323868,45476664,7954224
13:35:41,588107,batch_c_scan_7x6,18323868,45476664,7954224
13:35:42,588107,batch_c_scan_7x6,18323876,45476664,7954216
13:35:43,588107,batch_c_scan_7x6,18323880,45476664,7954212
13:35:44,588107,batch_c_scan_7x6,18323880,45476664,7954212
13:35:45,588107,batch_c_scan_7x6,18323880,45476664,7954212
13:35:46,588107,batch_c_scan_7x6,18323880,45476664,7954212
13:35:47,588107,batch_c_scan_7x6,18323880,45476664,7954212
13:35:48,588107,batch_c_scan_7x6,18323884,45476664,7954208
13:35:49,588107,batch_c_scan_7x6,18323908,45476664,7954208
13:35:50,588107,batch_c_scan_7x6,18323884,45476664,7954208
13:35:51,588107,batch_c_scan_7x6,18323896,45476664,7954196
13:35:52,588107,batch_c_scan_7x6,18323896,45476664,7954196
13:35:53,588107,batch_c_scan_7x6,18323896,45476664,7954196
13:35:54,588107,batch_c_scan_7x6,18323896,45476664,7954196
13:35:55,588107,batch_c_scan_7x6,18323896,45476664,7954196
13:35:56,588107,batch_c_scan_7x6,18323900,45476664,7954192
13:35:57,588107,batch_c_scan_7x6,18323900,45476664,7954192
13:35:58,588107,batch_c_scan_7x6,18323900,45476664,7954192
13:35:59,588107,batch_c_scan_7x6,18323908,45476664,7954184
13:36:00,588107,batch_c_scan_7x6,18323908,45476664,7954184
13:36:01,588107,batch_c_scan_7x6,18323908,45476664,7954184
13:36:02,588107,batch_c_scan_7x6,18323908,45476664,7954184
13:36:03,588107,batch_c_scan_7x6,18323912,45476664,7954180
13:36:04,588107,batch_c_scan_7x6,18323912,45476664,7954180
13:36:05,588107,batch_c_scan_7x6,18323912,45476664,7954180
13:36:06,588107,batch_c_scan_7x6,18323912,45476664,7954180
13:36:07,588107,batch_c_scan_7x6,18323912,45476664,7954180
13:36:08,588107,batch_c_scan_7x6,18323912,45476664,7954180
13:36:09,588107,batch_c_scan_7x6,18323912,45476664,7954180
13:36:10,588107,batch_c_scan_7x6,18323916,45476664,7954176
13:36:11,588107,batch_c_scan_7x6,18323916,45476664,7954176
13:36:12,588107,batch_c_scan_7x6,18323916,45476664,7954176
13:36:13,588107,batch_c_scan_7x6,18323940,45476664,7954176
13:36:14,588107,batch_c_scan_7x6,18323916,45476664,7954176
13:36:16,588107,batch_c_scan_7x6,18323916,45476664,7954176
13:36:17,588107,batch_c_scan_7x6,18323920,45476664,7954172
13:36:18,588107,batch_c_scan_7x6,18323920,45476664,7954172
13:36:19,588107,batch_c_scan_7x6,18323920,45476664,7954172
13:36:20,588107,batch_c_scan_7x6,18323920,45476664,7954172
13:36:21,588107,batch_c_scan_7x6,18323920,45476664,7954172
13:36:22,588107,batch_c_scan_7x6,18323920,45476664,7954172
13:36:23,588107,batch_c_scan_7x6,18323920,45476664,7954172
13:36:24,588107,batch_c_scan_7x6,18323924,45476664,7954168
13:36:25,588107,batch_c_scan_7x6,18323924,45476664,7954168
13:36:26,588107,batch_c_scan_7x6,18323924,45476664,7954168
13:36:27,588107,batch_c_scan_7x6,18323928,45476664,7954168
13:36:28,588107,batch_c_scan_7x6,18323928,45476664,7954168
13:36:29,588107,batch_c_scan_7x6,18323928,45476664,7954168
13:36:30,588107,batch_c_scan_7x6,18323928,45476664,7954168
13:36:31,588107,batch_c_scan_7x6,18323928,45476664,7954168
13:36:32,588107,batch_c_scan_7x6,18323932,45476664,7954164
13:36:33,588107,batch_c_scan_7x6,18323932,45476664,7954164
13:36:34,588107,batch_c_scan_7x6,18323932,45476664,7954164
13:36:35,588107,batch_c_scan_7x6,18323936,45476664,7954164
13:36:36,588107,batch_c_scan_7x6,18323936,45476664,7954164
13:36:37,588107,batch_c_scan_7x6,18323936,45476664,7954164
13:36:38,588107,batch_c_scan_7x6,18323936,45476664,7954164
13:36:39,588107,batch_c_scan_7x6,18323936,45476664,7954164
13:36:40,588107,batch_c_scan_7x6,18323936,45476664,7954164
13:36:41,588107,batch_c_scan_7x6,18323936,45476664,7954164
13:36:42,588107,batch_c_scan_7x6,18323936,45476664,7954164
13:36:43,588107,batch_c_scan_7x6,18323936,45476664,7954164
13:36:44,588107,batch_c_scan_7x6,18323936,45476664,7954164
13:36:45,588107,batch_c_scan_7x6,18323940,45476664,7954160
13:36:46,588107,batch_c_scan_7x6,18323940,45476664,7954160
13:36:47,588107,batch_c_scan_7x6,18323940,45476664,7954160
13:36:48,588107,batch_c_scan_7x6,18323940,45476664,7954160
13:36:49,588107,batch_c_scan_7x6,18323940,45476664,7954160
13:36:50,588107,batch_c_scan_7x6,18323996,45476664,7954104
13:36:51,588107,batch_c_scan_7x6,18324020,45476664,7954104
13:36:52,588107,batch_c_scan_7x6,18324000,45476664,7954100
13:36:53,588107,batch_c_scan_7x6,18324000,45476664,7954100
13:36:54,588107,batch_c_scan_7x6,18324000,45476664,7954100
13:36:55,588107,batch_c_scan_7x6,18324008,45476664,7954092
13:36:56,588107,batch_c_scan_7x6,18324008,45476664,7954092
13:36:57,588107,batch_c_scan_7x6,18324008,45476664,7954092
13:36:58,588107,batch_c_scan_7x6,18324008,45476664,7954092
13:36:59,588107,batch_c_scan_7x6,18324012,45476664,7954088
13:37:00,588107,batch_c_scan_7x6,18324016,45476664,7954084
13:37:01,588107,batch_c_scan_7x6,18324020,45476664,7954080
13:37:02,588107,batch_c_scan_7x6,18324020,45476664,7954080
13:37:03,588107,batch_c_scan_7x6,18324020,45476664,7954080
13:37:04,588107,batch_c_scan_7x6,18324044,45476664,7954080
13:37:05,588107,batch_c_scan_7x6,18324020,45476664,7954080
13:37:06,588107,batch_c_scan_7x6,18324020,45476664,7954080
13:37:07,588107,batch_c_scan_7x6,18324024,45476664,7954076
13:37:08,588107,batch_c_scan_7x6,18324024,45476664,7954076
13:37:10,588107,batch_c_scan_7x6,18324024,45476664,7954076
13:37:11,588107,batch_c_scan_7x6,18324024,45476664,7954076
13:37:12,588107,batch_c_scan_7x6,18324024,45476664,7954076
13:37:13,588107,batch_c_scan_7x6,18324028,45476664,7954072
13:37:14,588107,batch_c_scan_7x6,18324028,45476664,7954072
13:37:15,588107,batch_c_scan_7x6,18324028,45476664,7954072
13:37:16,588107,batch_c_scan_7x6,18324028,45476664,7954072
13:37:17,588107,batch_c_scan_7x6,18326016,45476664,7952084
13:37:18,588107,batch_c_scan_7x6,18327332,45476664,7950652
13:37:19,588107,batch_c_scan_7x6,18327448,45476664,7950652
13:37:20,588107,batch_c_scan_7x6,18327448,45476664,7950652
13:37:21,588107,batch_c_scan_7x6,18327452,45476664,7950648
13:37:22,588107,batch_c_scan_7x6,18327452,45476664,7950648
13:37:23,588107,batch_c_scan_7x6,18327452,45476664,7950648
13:37:24,588107,batch_c_scan_7x6,18327452,45476664,7950648
13:37:25,588107,batch_c_scan_7x6,18327452,45476664,7950648
13:37:26,588107,batch_c_scan_7x6,18329440,45476664,7948660
13:37:27,588107,batch_c_scan_7x6,18329440,45476664,7948660
13:37:28,588107,batch_c_scan_7x6,18331460,45476664,7946640
13:37:29,588107,batch_c_scan_7x6,18331460,45476664,7946640
13:37:30,588107,batch_c_scan_7x6,18333476,45476664,7944624
13:37:31,588107,batch_c_scan_7x6,18333500,45476664,7944624
13:37:32,588107,batch_c_scan_7x6,18333476,45476664,7944624
13:37:33,588107,batch_c_scan_7x6,18333512,45476664,7944588
13:37:34,588107,batch_c_scan_7x6,18335528,45476664,7942572
13:37:35,588107,batch_c_scan_7x6,18337516,45476664,7940584
13:37:36,588107,batch_c_scan_7x6,18337520,45476664,7940580
13:37:37,588107,batch_c_scan_7x6,18338480,45476664,7939620
13:37:38,588107,batch_c_scan_7x6,18338480,45476664,7939620
13:37:39,588107,batch_c_scan_7x6,18338484,45476664,7939616
13:37:40,588107,batch_c_scan_7x6,18338484,45476664,7939616
13:37:41,588107,batch_c_scan_7x6,18338488,45476664,7939612
13:37:42,588107,batch_c_scan_7x6,18338488,45476664,7939612
13:37:43,588107,batch_c_scan_7x6,18338492,45476664,7939608
13:37:44,588107,batch_c_scan_7x6,18338516,45476664,7939608
13:37:45,588107,batch_c_scan_7x6,18338492,45476664,7939608
13:37:46,588107,batch_c_scan_7x6,18338492,45476664,7939608
13:37:47,588107,batch_c_scan_7x6,18338492,45476664,7939608
13:37:48,588107,batch_c_scan_7x6,18338672,45476664,7939428
13:37:49,588107,batch_c_scan_7x6,18338676,45476664,7939424
13:37:50,588107,batch_c_scan_7x6,18338684,45476664,7939416
13:37:51,588107,batch_c_scan_7x6,18338684,45476664,7939416
13:37:52,588107,batch_c_scan_7x6,18338688,45476664,7939412
13:37:53,588107,batch_c_scan_7x6,18338688,45476664,7939412
13:37:54,588107,batch_c_scan_7x6,18338688,45476664,7939412
13:37:55,588107,batch_c_scan_7x6,18338688,45476664,7939412
13:37:56,588107,batch_c_scan_7x6,18338692,45476664,7939408
13:37:57,588107,batch_c_scan_7x6,18338692,45476664,7939408
13:37:58,588107,batch_c_scan_7x6,18338696,45476664,7939404
13:37:59,588107,batch_c_scan_7x6,18338696,45476664,7939404
13:38:00,588107,batch_c_scan_7x6,18338696,45476664,7939404
13:38:01,588107,batch_c_scan_7x6,18338696,45476664,7939404
13:38:02,588107,batch_c_scan_7x6,18338700,45476664,7939400
13:38:04,588107,batch_c_scan_7x6,18338700,45476664,7939400
13:38:05,588107,batch_c_scan_7x6,18338700,45476664,7939400
13:38:06,588107,batch_c_scan_7x6,18338700,45476664,7939400
13:38:07,588107,batch_c_scan_7x6,18338700,45476664,7939400
13:38:08,588107,batch_c_scan_7x6,18338704,45476664,7939396
13:38:09,588107,batch_c_scan_7x6,18338704,45476664,7939396
13:38:10,588107,batch_c_scan_7x6,18338708,45476664,7939392
13:38:11,588107,batch_c_scan_7x6,18338708,45476664,7939392
13:38:12,588107,batch_c_scan_7x6,18338728,45476664,7939372
13:38:13,588107,batch_c_scan_7x6,18338728,45476664,7939372
13:38:14,588107,batch_c_scan_7x6,18338728,45476664,7939372
13:38:15,588107,batch_c_scan_7x6,18338728,45476664,7939372
13:38:16,588107,batch_c_scan_7x6,18338728,45476664,7939372
13:38:17,588107,batch_c_scan_7x6,18338728,45476664,7939372
13:38:18,588107,batch_c_scan_7x6,18338732,45476664,7939368
13:38:19,588107,batch_c_scan_7x6,18338768,45476664,7939332
13:38:20,588107,batch_c_scan_7x6,18338768,45476664,7939332
13:38:21,588107,batch_c_scan_7x6,18338768,45476664,7939332
13:38:22,588107,batch_c_scan_7x6,18338768,45476664,7939332
13:38:23,588107,batch_c_scan_7x6,18338784,45476664,7939316
13:38:24,588107,batch_c_scan_7x6,18338784,45476664,7939316
13:38:25,588107,batch_c_scan_7x6,18338788,45476664,7939312
13:38:26,588107,batch_c_scan_7x6,18338812,45476664,7939312
13:38:27,588107,batch_c_scan_7x6,18338788,45476664,7939312
13:38:28,588107,batch_c_scan_7x6,18338788,45476664,7939312
13:38:29,588107,batch_c_scan_7x6,18338788,45476664,7939312
13:38:30,588107,batch_c_scan_7x6,18338796,45476664,7939304
13:38:31,588107,batch_c_scan_7x6,18338800,45476664,7939300
13:38:32,588107,batch_c_scan_7x6,18338800,45476664,7939300
13:38:33,588107,batch_c_scan_7x6,18338800,45476664,7939300
13:38:34,588107,batch_c_scan_7x6,18338800,45476664,7939300
13:38:35,588107,batch_c_scan_7x6,18338800,45476664,7939300
13:38:36,588107,batch_c_scan_7x6,18338800,45476664,7939300
13:38:37,588107,batch_c_scan_7x6,18338800,45476664,7939300
13:38:38,588107,batch_c_scan_7x6,18338804,45476664,7939296
13:38:39,588107,batch_c_scan_7x6,18338804,45476664,7939296
13:38:40,588107,batch_c_scan_7x6,18338804,45476664,7939296
13:38:41,588107,batch_c_scan_7x6,18338848,45476664,7939296
13:38:42,588107,batch_c_scan_7x6,18338848,45476664,7939296
13:38:43,588107,batch_c_scan_7x6,18338848,45476664,7939296
13:38:44,588107,batch_c_scan_7x6,18339468,45476664,7938676
13:38:45,588107,batch_c_scan_7x6,18339468,45476664,7938676
13:38:46,588107,batch_c_scan_7x6,18339472,45476664,7938672
13:38:47,588107,batch_c_scan_7x6,18339472,45476664,7938672
13:38:48,588107,batch_c_scan_7x6,18339472,45476664,7938672
13:38:49,588107,batch_c_scan_7x6,18339488,45476664,7938672
13:38:50,588107,batch_c_scan_7x6,18339488,45476664,7938672
13:38:51,588107,batch_c_scan_7x6,18339516,45476664,7938644
13:38:52,588107,batch_c_scan_7x6,18339516,45476664,7938644
13:38:53,588107,batch_c_scan_7x6,18339832,45476664,7938328
13:38:54,588107,batch_c_scan_7x6,18339832,45476664,7938328
13:38:55,588107,batch_c_scan_7x6,18339860,45476664,7938300
13:38:56,588107,batch_c_scan_7x6,18339860,45476664,7938300
13:38:57,588107,batch_c_scan_7x6,18339860,45476664,7938300
13:38:59,588107,batch_c_scan_7x6,18339860,45476664,7938300
13:39:00,588107,batch_c_scan_7x6,18339868,45476664,7938292
13:39:01,588107,batch_c_scan_7x6,18339868,45476664,7938292
13:39:02,588107,batch_c_scan_7x6,18339868,45476664,7938292
13:39:03,588107,batch_c_scan_7x6,18339880,45476664,7938280
13:39:04,588107,batch_c_scan_7x6,18339880,45476664,7938280
13:39:05,588107,batch_c_scan_7x6,18339880,45476664,7938280
13:39:06,588107,batch_c_scan_7x6,18339880,45476664,7938280
13:39:07,588107,batch_c_scan_7x6,18339884,45476664,7938276
13:39:08,588107,batch_c_scan_7x6,18339884,45476664,7938276
13:39:09,588107,batch_c_scan_7x6,18339884,45476664,7938276
13:39:10,588107,batch_c_scan_7x6,18339884,45476664,7938276
13:39:11,588107,batch_c_scan_7x6,18339884,45476664,7938276
13:39:12,588107,batch_c_scan_7x6,18339884,45476664,7938276
13:39:13,588107,batch_c_scan_7x6,18339884,45476664,7938276
13:39:14,588107,batch_c_scan_7x6,18339884,45476664,7938276
13:39:15,588107,batch_c_scan_7x6,18339888,45476664,7938272
13:39:16,588107,batch_c_scan_7x6,18339888,45476664,7938272
13:39:17,588107,batch_c_scan_7x6,18339888,45476664,7938272
13:39:18,588107,batch_c_scan_7x6,18339952,45476664,7938208
13:39:19,588107,batch_c_scan_7x6,18339952,45476664,7938208
13:39:20,588107,batch_c_scan_7x6,18339952,45476664,7938208
13:39:21,588107,batch_c_scan_7x6,18339952,45476664,7938208
13:39:22,588107,batch_c_scan_7x6,18339956,45476664,7938204
13:39:23,588107,batch_c_scan_7x6,18339956,45476664,7938204
13:39:24,588107,batch_c_scan_7x6,18339980,45476664,7938180
13:39:25,588107,batch_c_scan_7x6,18340004,45476664,7938180
13:39:26,588107,batch_c_scan_7x6,18339980,45476664,7938180
13:39:27,588107,batch_c_scan_7x6,18339980,45476664,7938180
13:39:28,588107,batch_c_scan_7x6,18339984,45476664,7938176
13:39:29,588107,batch_c_scan_7x6,18339984,45476664,7938176
13:39:30,588107,batch_c_scan_7x6,18339984,45476664,7938176
13:39:31,588107,batch_c_scan_7x6,18339984,45476664,7938176
13:39:32,588107,batch_c_scan_7x6,18339984,45476664,7938176
13:39:33,588107,batch_c_scan_7x6,18339984,45476664,7938176
13:39:34,588107,batch_c_scan_7x6,18339984,45476664,7938176
13:39:35,588107,batch_c_scan_7x6,18339988,45476664,7938172
13:39:36,588107,batch_c_scan_7x6,18339988,45476664,7938172
13:39:37,588107,batch_c_scan_7x6,18339988,45476664,7938172
13:39:38,588107,batch_c_scan_7x6,18339988,45476664,7938172
13:39:39,588107,batch_c_scan_7x6,18339988,45476664,7938172
13:39:40,588107,batch_c_scan_7x6,18340012,45476664,7938172
13:39:41,588107,batch_c_scan_7x6,18339988,45476664,7938172
13:39:42,588107,batch_c_scan_7x6,18339988,45476664,7938172
13:39:43,588107,batch_c_scan_7x6,18339992,45476664,7938168
13:39:44,588107,batch_c_scan_7x6,18339992,45476664,7938168
13:39:45,588107,batch_c_scan_7x6,18339992,45476664,7938168
13:39:46,588107,batch_c_scan_7x6,18339992,45476664,7938168
13:39:47,588107,batch_c_scan_7x6,18339992,45476664,7938168
13:39:48,588107,batch_c_scan_7x6,18339992,45476664,7938168
13:39:49,588107,batch_c_scan_7x6,18339992,45476664,7938168
13:39:50,588107,batch_c_scan_7x6,18339996,45476664,7938164
13:39:51,588107,batch_c_scan_7x6,18339996,45476664,7938164
13:39:53,588107,batch_c_scan_7x6,18339996,45476664,7938164
13:39:54,588107,batch_c_scan_7x6,18339996,45476664,7938164
13:39:55,588107,batch_c_scan_7x6,18339996,45476664,7938164
13:39:56,588107,batch_c_scan_7x6,18340020,45476664,7938164
13:39:57,588107,batch_c_scan_7x6,18340000,45476664,7938160
13:39:58,588107,batch_c_scan_7x6,18340000,45476664,7938160
13:39:59,588107,batch_c_scan_7x6,18340000,45476664,7938160
13:40:00,588107,batch_c_scan_7x6,18340000,45476664,7938160
13:40:01,588107,batch_c_scan_7x6,18340000,45476664,7938160
13:40:02,588107,batch_c_scan_7x6,18340000,45476664,7938160
13:40:03,588107,batch_c_scan_7x6,18340000,45476664,7938160
13:40:04,588107,batch_c_scan_7x6,18340688,45476664,7937472
13:40:05,588107,batch_c_scan_7x6,18340692,45476664,7937468
13:40:06,588107,batch_c_scan_7x6,18340692,45476664,7937468
13:40:07,588107,batch_c_scan_7x6,18340692,45476664,7937468
13:40:08,588107,batch_c_scan_7x6,18340740,45476664,7937420
13:40:09,588107,batch_c_scan_7x6,18340740,45476664,7937420
13:40:10,588107,batch_c_scan_7x6,18340744,45476664,7937416
13:40:11,588107,batch_c_scan_7x6,18340744,45476664,7937416
13:40:12,588107,batch_c_scan_7x6,18340748,45476664,7937412
13:40:13,588107,batch_c_scan_7x6,18340748,45476664,7937412
13:40:14,588107,batch_c_scan_7x6,18340748,45476664,7937412
13:40:15,588107,batch_c_scan_7x6,18340748,45476664,7937412
13:40:16,588107,batch_c_scan_7x6,18340748,45476664,7937412
13:40:17,588107,batch_c_scan_7x6,18340748,45476664,7937412
13:40:18,588107,batch_c_scan_7x6,18340752,45476664,7937408
13:40:19,588107,batch_c_scan_7x6,18340752,45476664,7937408
13:40:20,588107,batch_c_scan_7x6,18340752,45476664,7937408
13:40:21,588107,batch_c_scan_7x6,18340764,45476664,7937396
13:40:22,588107,batch_c_scan_7x6,18340764,45476664,7937396
13:40:23,588107,batch_c_scan_7x6,18340764,45476664,7937396
13:40:24,588107,batch_c_scan_7x6,18340764,45476664,7937396
13:40:25,588107,batch_c_scan_7x6,18340768,45476664,7937392
13:40:26,588107,batch_c_scan_7x6,18340768,45476664,7937392
13:40:27,588107,batch_c_scan_7x6,18340848,45476664,7937312
13:40:28,588107,batch_c_scan_7x6,18340872,45476664,7937312
13:40:29,588107,batch_c_scan_7x6,18340848,45476664,7937312
13:40:30,588107,batch_c_scan_7x6,18340848,45476664,7937312
13:40:31,588107,batch_c_scan_7x6,18340848,45476664,7937312
13:40:32,588107,batch_c_scan_7x6,18340848,45476664,7937312
13:40:33,588107,batch_c_scan_7x6,18340848,45476664,7937312
13:40:34,588107,batch_c_scan_7x6,18341292,45476664,7936868
13:40:35,588107,batch_c_scan_7x6,18341292,45476664,7936868
13:40:36,588107,batch_c_scan_7x6,18341308,45476664,7936852
13:40:37,588107,batch_c_scan_7x6,18341308,45476664,7936852
13:40:38,588107,batch_c_scan_7x6,18341312,45476664,7936848
13:40:39,588107,batch_c_scan_7x6,18341312,45476664,7936848
13:40:40,588107,batch_c_scan_7x6,18341312,45476664,7936848
13:40:41,588107,batch_c_scan_7x6,18341312,45476664,7936848
13:40:42,588107,batch_c_scan_7x6,18341312,45476664,7936848
13:40:43,588107,batch_c_scan_7x6,18341336,45476664,7936848
13:40:44,588107,batch_c_scan_7x6,18341312,45476664,7936848
13:40:45,588107,batch_c_scan_7x6,18341312,45476664,7936848
13:40:46,588107,batch_c_scan_7x6,18341316,45476664,7936844
13:40:48,588107,batch_c_scan_7x6,18341328,45476664,7936832
13:40:49,588107,batch_c_scan_7x6,18341328,45476664,7936832
13:40:50,588107,batch_c_scan_7x6,18341332,45476664,7936828
13:40:51,588107,batch_c_scan_7x6,18341332,45476664,7936828
13:40:52,588107,batch_c_scan_7x6,18341336,45476664,7936824
13:40:53,588107,batch_c_scan_7x6,18341336,45476664,7936824
13:40:54,588107,batch_c_scan_7x6,18341340,45476664,7936820
13:40:55,588107,batch_c_scan_7x6,18341344,45476664,7936816
13:40:56,588107,batch_c_scan_7x6,18341344,45476664,7936816
13:40:57,588107,batch_c_scan_7x6,18341344,45476664,7936816
13:40:58,588107,batch_c_scan_7x6,18341344,45476664,7936816
13:40:59,588107,batch_c_scan_7x6,18341344,45476664,7936816
13:41:00,588107,batch_c_scan_7x6,18341348,45476664,7936812
13:41:01,588107,batch_c_scan_7x6,18341372,45476664,7936812
13:41:02,588107,batch_c_scan_7x6,18341360,45476664,7936800
13:41:03,588107,batch_c_scan_7x6,18341360,45476664,7936800
13:41:04,588107,batch_c_scan_7x6,18341360,45476664,7936800
13:41:05,588107,batch_c_scan_7x6,18341364,45476664,7936796
13:41:06,588107,batch_c_scan_7x6,18341364,45476664,7936796
13:41:07,588107,batch_c_scan_7x6,18341384,45476664,7936776
13:41:08,588107,batch_c_scan_7x6,18341384,45476664,7936776
13:41:09,588107,batch_c_scan_7x6,18341384,45476664,7936776
13:41:10,588107,batch_c_scan_7x6,18341388,45476664,7936772
13:41:11,588107,batch_c_scan_7x6,18341388,45476664,7936772
13:41:12,588107,batch_c_scan_7x6,18341388,45476664,7936772
13:41:13,588107,batch_c_scan_7x6,18341396,45476664,7936764
13:41:14,588107,batch_c_scan_7x6,18341396,45476664,7936764
13:41:15,588107,batch_c_scan_7x6,18341400,45476664,7936760
13:41:16,588107,batch_c_scan_7x6,18341400,45476664,7936760
13:41:17,588107,batch_c_scan_7x6,18341400,45476664,7936760
13:41:18,588107,batch_c_scan_7x6,18341408,45476664,7936752
13:41:19,588107,batch_c_scan_7x6,18341408,45476664,7936752
13:41:20,588107,batch_c_scan_7x6,18341424,45476664,7936736
13:41:21,588107,batch_c_scan_7x6,18341428,45476664,7936732
13:41:22,588107,batch_c_scan_7x6,18341428,45476664,7936732
13:41:23,588107,batch_c_scan_7x6,18341432,45476664,7936728
13:41:24,588107,batch_c_scan_7x6,18341436,45476664,7936724
13:41:25,588107,batch_c_scan_7x6,18341436,45476664,7936724
13:41:26,588107,batch_c_scan_7x6,18341576,45476664,7936584
13:41:27,588107,batch_c_scan_7x6,18341576,45476664,7936584
13:41:28,588107,batch_c_scan_7x6,18341588,45476664,7936572
13:41:29,588107,batch_c_scan_7x6,18341588,45476664,7936572
13:41:30,588107,batch_c_scan_7x6,18341600,45476664,7936560
13:41:31,588107,batch_c_scan_7x6,18341600,45476664,7936560
13:41:32,588107,batch_c_scan_7x6,18341628,45476664,7936532
13:41:33,588107,batch_c_scan_7x6,18341628,45476664,7936532
13:41:34,588107,batch_c_scan_7x6,18341632,45476664,7936528
13:41:35,588107,batch_c_scan_7x6,18341632,45476664,7936528
13:41:36,588107,batch_c_scan_7x6,18341636,45476664,7936524
13:41:37,588107,batch_c_scan_7x6,18341640,45476664,7936520
13:41:38,588107,batch_c_scan_7x6,18341644,45476664,7936516
13:41:39,588107,batch_c_scan_7x6,18341644,45476664,7936516
13:41:40,588107,batch_c_scan_7x6,18341644,45476664,7936516
13:41:42,588107,batch_c_scan_7x6,18341648,45476664,7936512
13:41:43,588107,batch_c_scan_7x6,18341648,45476664,7936512
13:41:44,588107,batch_c_scan_7x6,18341652,45476664,7936508
13:41:45,588107,batch_c_scan_7x6,18341656,45476664,7936504
13:41:46,588107,batch_c_scan_7x6,18341656,45476664,7936504
13:41:47,588107,batch_c_scan_7x6,18341656,45476664,7936504
13:41:48,588107,batch_c_scan_7x6,18341676,45476664,7936484
13:41:49,588107,batch_c_scan_7x6,18341676,45476664,7936484
13:41:50,588107,batch_c_scan_7x6,18341676,45476664,7936484
13:41:51,588107,batch_c_scan_7x6,18341676,45476664,7936484
13:41:52,588107,batch_c_scan_7x6,18341680,45476664,7936480
13:41:53,588107,batch_c_scan_7x6,18341704,45476664,7936480
13:41:54,588107,batch_c_scan_7x6,18341680,45476664,7936480
13:41:55,588107,batch_c_scan_7x6,18341680,45476664,7936480
13:41:56,588107,batch_c_scan_7x6,18341680,45476664,7936480
13:41:57,588107,batch_c_scan_7x6,18341688,45476664,7936472
13:41:58,588107,batch_c_scan_7x6,18341688,45476664,7936472
13:41:59,588107,batch_c_scan_7x6,18341688,45476664,7936472
13:42:00,588107,batch_c_scan_7x6,18341692,45476664,7936468
13:42:01,588107,batch_c_scan_7x6,18341692,45476664,7936468
13:42:02,588107,batch_c_scan_7x6,18341692,45476664,7936468
13:42:03,588107,batch_c_scan_7x6,18341708,45476664,7936452
13:42:04,588107,batch_c_scan_7x6,18341708,45476664,7936452
13:42:05,588107,batch_c_scan_7x6,18341708,45476664,7936452
13:42:06,588107,batch_c_scan_7x6,18341708,45476664,7936452
13:42:07,588107,batch_c_scan_7x6,18341712,45476664,7936448
13:42:08,588107,batch_c_scan_7x6,18341712,45476664,7936448
13:42:09,588107,batch_c_scan_7x6,18341716,45476664,7936444
13:42:10,588107,batch_c_scan_7x6,18341740,45476664,7936444
13:42:11,588107,batch_c_scan_7x6,18341736,45476664,7936424
13:42:12,588107,batch_c_scan_7x6,18341736,45476664,7936424
13:42:13,588107,batch_c_scan_7x6,18341740,45476664,7936420
13:42:14,588107,batch_c_scan_7x6,18341740,45476664,7936420
13:42:15,588107,batch_c_scan_7x6,18341740,45476664,7936420
13:42:16,588107,batch_c_scan_7x6,18341740,45476664,7936420
13:42:17,588107,batch_c_scan_7x6,18341740,45476664,7936420
13:42:18,588107,batch_c_scan_7x6,18341740,45476664,7936420
13:42:19,588107,batch_c_scan_7x6,18341740,45476664,7936420
13:42:20,588107,batch_c_scan_7x6,18345852,45476664,7932308
13:42:21,588107,batch_c_scan_7x6,18345852,45476664,7932308
13:42:22,588107,batch_c_scan_7x6,18345852,45476664,7932308
13:42:23,588107,batch_c_scan_7x6,18345852,45476664,7932308
13:42:24,588107,batch_c_scan_7x6,18345856,45476664,7932304
13:42:25,588107,batch_c_scan_7x6,18345856,45476664,7932304
13:42:26,588107,batch_c_scan_7x6,18345860,45476664,7932300
13:42:27,588107,batch_c_scan_7x6,18345860,45476664,7932300
13:42:28,588107,batch_c_scan_7x6,18345868,45476664,7932292
13:42:29,588107,batch_c_scan_7x6,18345868,45476664,7932292
13:42:30,588107,batch_c_scan_7x6,18345868,45476664,7932292
13:42:31,588107,batch_c_scan_7x6,18345868,45476664,7932292
13:42:32,588107,batch_c_scan_7x6,18345868,45476664,7932292
13:42:33,588107,batch_c_scan_7x6,18345868,45476664,7932292
13:42:34,588107,batch_c_scan_7x6,18345868,45476664,7932292
13:42:36,588107,batch_c_scan_7x6,18345868,45476664,7932292
13:42:37,588107,batch_c_scan_7x6,18345872,45476664,7932288
13:42:38,588107,batch_c_scan_7x6,18345872,45476664,7932288
13:42:39,588107,batch_c_scan_7x6,18345872,45476664,7932288
13:42:40,588107,batch_c_scan_7x6,18345872,45476664,7932288
13:42:41,588107,batch_c_scan_7x6,18345872,45476664,7932288
13:42:42,588107,batch_c_scan_7x6,18345876,45476664,7932284
13:42:43,588107,batch_c_scan_7x6,18345876,45476664,7932284
13:42:44,588107,batch_c_scan_7x6,18346036,45476664,7932124
13:42:45,588107,batch_c_scan_7x6,18346036,45476664,7932124
13:42:46,588107,batch_c_scan_7x6,18346036,45476664,7932124
13:42:47,588107,batch_c_scan_7x6,18346036,45476664,7932124
13:42:48,588107,batch_c_scan_7x6,18346036,45476664,7932124
13:42:49,588107,batch_c_scan_7x6,18346036,45476664,7932124
13:42:50,588107,batch_c_scan_7x6,18346680,45476664,7931480
13:42:51,588107,batch_c_scan_7x6,18346680,45476664,7931480
13:42:52,588107,batch_c_scan_7x6,18346680,45476664,7931480
13:42:53,588107,batch_c_scan_7x6,18346680,45476664,7931480
13:42:54,588107,batch_c_scan_7x6,18346680,45476664,7931480
13:42:55,588107,batch_c_scan_7x6,18346684,45476664,7931476
13:42:56,588107,batch_c_scan_7x6,18346684,45476664,7931476
13:42:57,588107,batch_c_scan_7x6,18346688,45476664,7931472
13:42:58,588107,batch_c_scan_7x6,18346692,45476664,7931468
13:42:59,588107,batch_c_scan_7x6,18346732,45476664,7931428
13:43:00,588107,batch_c_scan_7x6,18346732,45476664,7931428
13:43:01,588107,batch_c_scan_7x6,18346732,45476664,7931428
13:43:02,588107,batch_c_scan_7x6,18346732,45476664,7931428
13:43:03,588107,batch_c_scan_7x6,18346736,45476664,7931424
13:43:04,588107,batch_c_scan_7x6,18346736,45476664,7931424
13:43:05,588107,batch_c_scan_7x6,18346736,45476664,7931424
13:43:06,588107,batch_c_scan_7x6,18346736,45476664,7931424
13:43:07,588107,batch_c_scan_7x6,18346736,45476664,7931424
13:43:08,588107,batch_c_scan_7x6,18346736,45476664,7931424
13:43:09,588107,batch_c_scan_7x6,18346736,45476664,7931424
13:43:10,588107,batch_c_scan_7x6,18346748,45476664,7931412
13:43:11,588107,batch_c_scan_7x6,18346752,45476664,7931408
13:43:12,588107,batch_c_scan_7x6,18346756,45476664,7931404
13:43:13,588107,batch_c_scan_7x6,18346756,45476664,7931404
13:43:14,588107,batch_c_scan_7x6,18346756,45476664,7931404
13:43:15,588107,batch_c_scan_7x6,18346756,45476664,7931404
13:43:16,588107,batch_c_scan_7x6,18346756,45476664,7931404
13:43:17,588107,batch_c_scan_7x6,18346756,45476664,7931404
13:43:18,588107,batch_c_scan_7x6,18346808,45476664,7931352
13:43:19,588107,batch_c_scan_7x6,18346812,45476664,7931348
13:43:20,588107,batch_c_scan_7x6,18346812,45476664,7931348
13:43:21,588107,batch_c_scan_7x6,18346812,45476664,7931348
13:43:22,588107,batch_c_scan_7x6,18346812,45476664,7931348
13:43:23,588107,batch_c_scan_7x6,18346812,45476664,7931348
13:43:24,588107,batch_c_scan_7x6,18346812,45476664,7931348
13:43:25,588107,batch_c_scan_7x6,18346812,45476664,7931348
13:43:26,588107,batch_c_scan_7x6,18346832,45476664,7931328
13:43:27,588107,batch_c_scan_7x6,18346836,45476664,7931324
13:43:28,588107,batch_c_scan_7x6,18346868,45476664,7931292
13:43:30,588107,batch_c_scan_7x6,18346868,45476664,7931292
13:43:31,588107,batch_c_scan_7x6,18346948,45476664,7931212
13:43:32,588107,batch_c_scan_7x6,18346948,45476664,7931212
13:43:33,588107,batch_c_scan_7x6,18346952,45476664,7931208
13:43:34,588107,batch_c_scan_7x6,18346952,45476664,7931208
13:43:35,588107,batch_c_scan_7x6,18346952,45476664,7931208
13:43:36,588107,batch_c_scan_7x6,18349204,45476664,7928956
13:43:37,588107,batch_c_scan_7x6,18349204,45476664,7928956
13:43:38,588107,batch_c_scan_7x6,18349204,45476664,7928956
13:43:39,588107,batch_c_scan_7x6,18349204,45476664,7928956
13:43:40,588107,batch_c_scan_7x6,18349228,45476664,7928932
13:43:41,588107,batch_c_scan_7x6,18349232,45476664,7928928
13:43:42,588107,batch_c_scan_7x6,18349240,45476664,7928920
13:43:43,588107,batch_c_scan_7x6,18349240,45476664,7928920
13:43:44,588107,batch_c_scan_7x6,18349456,45476664,7928704
13:43:45,588107,batch_c_scan_7x6,18349456,45476664,7928704
13:43:46,588107,batch_c_scan_7x6,18349456,45476664,7928704
13:43:47,588107,batch_c_scan_7x6,18349480,45476664,7928704
13:43:48,588107,batch_c_scan_7x6,18349472,45476664,7928688
13:43:49,588107,batch_c_scan_7x6,18349472,45476664,7928688
13:43:50,588107,batch_c_scan_7x6,18349472,45476664,7928688
13:43:51,588107,batch_c_scan_7x6,18349472,45476664,7928688
13:43:52,588107,batch_c_scan_7x6,18349740,45476664,7928420
13:43:53,588107,batch_c_scan_7x6,18349740,45476664,7928420
13:43:54,588107,batch_c_scan_7x6,18349740,45476664,7928420
13:43:55,588107,batch_c_scan_7x6,18349740,45476664,7928420
13:43:56,588107,batch_c_scan_7x6,18349740,45476664,7928420
13:43:57,588107,batch_c_scan_7x6,18349760,45476664,7928400
13:43:58,588107,batch_c_scan_7x6,18349760,45476664,7928400
13:43:59,588107,batch_c_scan_7x6,18349760,45476664,7928400
13:44:00,588107,batch_c_scan_7x6,18349760,45476664,7928400
13:44:01,588107,batch_c_scan_7x6,18349760,45476664,7928400
13:44:02,588107,batch_c_scan_7x6,18349760,45476664,7928400
13:44:03,588107,batch_c_scan_7x6,18349760,45476664,7928400
13:44:04,588107,batch_c_scan_7x6,18349760,45476664,7928400
13:44:05,588107,batch_c_scan_7x6,18349780,45476664,7928380
13:44:06,588107,batch_c_scan_7x6,18349780,45476664,7928380
13:44:07,588107,batch_c_scan_7x6,18349784,45476664,7928376
13:44:08,588107,batch_c_scan_7x6,18349808,45476664,7928376
13:44:09,588107,batch_c_scan_7x6,18349784,45476664,7928376
13:44:10,588107,batch_c_scan_7x6,18349836,45476664,7928324
13:44:11,588107,batch_c_scan_7x6,18349940,45476664,7928220
13:44:12,588107,batch_c_scan_7x6,18349940,45476664,7928220
13:44:13,588107,batch_c_scan_7x6,18349940,45476664,7928220
13:44:14,588107,batch_c_scan_7x6,18349948,45476664,7928212
13:44:15,588107,batch_c_scan_7x6,18349948,45476664,7928212
13:44:16,588107,batch_c_scan_7x6,18349948,45476664,7928212
13:44:17,588107,batch_c_scan_7x6,18349948,45476664,7928212
13:44:18,588107,batch_c_scan_7x6,18349948,45476664,7928212
13:44:19,588107,batch_c_scan_7x6,18349948,45476664,7928212
13:44:20,588107,batch_c_scan_7x6,18349948,45476664,7928212
13:44:21,588107,batch_c_scan_7x6,18349948,45476664,7928212
13:44:22,588107,batch_c_scan_7x6,18349948,45476664,7928212
13:44:23,588107,batch_c_scan_7x6,18349948,45476664,7928212
13:44:25,588107,batch_c_scan_7x6,18349948,45476664,7928212
13:44:26,588107,batch_c_scan_7x6,18349948,45476664,7928212
13:44:27,588107,batch_c_scan_7x6,18350000,45476664,7928160
13:44:28,588107,batch_c_scan_7x6,18350000,45476664,7928160
13:44:29,588107,batch_c_scan_7x6,18350236,45476664,7927924
13:44:30,588107,batch_c_scan_7x6,18350260,45476664,7927924
13:44:31,588107,batch_c_scan_7x6,18350504,45476664,7927656
13:44:32,588107,batch_c_scan_7x6,18350516,45476664,7927644
13:44:33,588107,batch_c_scan_7x6,18350516,45476664,7927644
13:44:34,588107,batch_c_scan_7x6,18350516,45476664,7927644
13:44:35,588107,batch_c_scan_7x6,18350516,45476664,7927644
13:44:36,588107,batch_c_scan_7x6,18350520,45476664,7927640
13:44:37,588107,batch_c_scan_7x6,18350520,45476664,7927640
13:44:38,588107,batch_c_scan_7x6,18350520,45476664,7927640
13:44:39,588107,batch_c_scan_7x6,18350520,45476664,7927640
13:44:40,588107,batch_c_scan_7x6,18350532,45476664,7927628
13:44:41,588107,batch_c_scan_7x6,18350532,45476664,7927628
13:44:42,588107,batch_c_scan_7x6,18350532,45476664,7927628
13:44:43,588107,batch_c_scan_7x6,18350532,45476664,7927628
13:44:44,588107,batch_c_scan_7x6,18351620,45476664,7926540
13:44:45,588107,batch_c_scan_7x6,18351620,45476664,7926540
13:44:46,588107,batch_c_scan_7x6,18351620,45476664,7926540
13:44:47,588107,batch_c_scan_7x6,18351620,45476664,7926540
13:44:48,588107,batch_c_scan_7x6,18351636,45476664,7926524
13:44:49,588107,batch_c_scan_7x6,18351636,45476664,7926524
13:44:50,588107,batch_c_scan_7x6,18351636,45476664,7926524
13:44:51,588107,batch_c_scan_7x6,18351636,45476664,7926524
13:44:52,588107,batch_c_scan_7x6,18351636,45476664,7926524
13:44:53,588107,batch_c_scan_7x6,18351652,45476664,7926508
13:44:54,588107,batch_c_scan_7x6,18351652,45476664,7926508
13:44:55,588107,batch_c_scan_7x6,18351652,45476664,7926508
13:44:56,588107,batch_c_scan_7x6,18351652,45476664,7926508
13:44:57,588107,batch_c_scan_7x6,18351660,45476664,7926500
13:44:58,588107,batch_c_scan_7x6,18351660,45476664,7926500
13:44:59,588107,batch_c_scan_7x6,18351712,45476664,7926448
13:45:00,588107,batch_c_scan_7x6,18351712,45476664,7926448
13:45:01,588107,batch_c_scan_7x6,18353652,45476664,7924508
13:45:02,588107,batch_c_scan_7x6,18353652,45476664,7924508
13:45:03,588107,batch_c_scan_7x6,18353660,45476664,7924500
13:45:04,588107,batch_c_scan_7x6,18353660,45476664,7924500
13:45:05,588107,batch_c_scan_7x6,18353672,45476664,7924488
13:45:06,588107,batch_c_scan_7x6,18353672,45476664,7924488
13:45:07,588107,batch_c_scan_7x6,18353672,45476664,7924488
13:45:08,588107,batch_c_scan_7x6,18353672,45476664,7924488
13:45:09,588107,batch_c_scan_7x6,18353672,45476664,7924488
13:45:10,588107,batch_c_scan_7x6,18353672,45476664,7924488
13:45:11,588107,batch_c_scan_7x6,18353672,45476664,7924488
13:45:12,588107,batch_c_scan_7x6,18353672,45476664,7924488
13:45:13,588107,batch_c_scan_7x6,18353688,45476664,7924472
13:45:14,588107,batch_c_scan_7x6,18353712,45476664,7924472
13:45:15,588107,batch_c_scan_7x6,18353688,45476664,7924472
13:45:16,588107,batch_c_scan_7x6,18353696,45476664,7924464
13:45:17,588107,batch_c_scan_7x6,18353696,45476664,7924464
13:45:19,588107,batch_c_scan_7x6,18353696,45476664,7924464
13:45:20,588107,batch_c_scan_7x6,18353696,45476664,7924464
13:45:21,588107,batch_c_scan_7x6,18353712,45476664,7924448
13:45:22,588107,batch_c_scan_7x6,18353712,45476664,7924448
13:45:23,588107,batch_c_scan_7x6,18353716,45476664,7924444
13:45:24,588107,batch_c_scan_7x6,18353716,45476664,7924444
13:45:25,588107,batch_c_scan_7x6,18353716,45476664,7924444
13:45:26,588107,batch_c_scan_7x6,18353716,45476664,7924444
13:45:27,588107,batch_c_scan_7x6,18353728,45476664,7924432
13:45:28,588107,batch_c_scan_7x6,18353728,45476664,7924432
13:45:29,588107,batch_c_scan_7x6,18353728,45476664,7924432
13:45:30,588107,batch_c_scan_7x6,18353728,45476664,7924432
13:45:31,588107,batch_c_scan_7x6,18353728,45476664,7924432
13:45:32,588107,batch_c_scan_7x6,18353728,45476664,7924432
13:45:33,588107,batch_c_scan_7x6,18353728,45476664,7924432
13:45:34,588107,batch_c_scan_7x6,18353728,45476664,7924432
13:45:35,588107,batch_c_scan_7x6,18353736,45476664,7924424
13:45:36,588107,batch_c_scan_7x6,18353736,45476664,7924424
13:45:37,588107,batch_c_scan_7x6,18353748,45476664,7924412
13:45:38,588107,batch_c_scan_7x6,18353772,45476664,7924412
13:45:39,588107,batch_c_scan_7x6,18353748,45476664,7924412
13:45:40,588107,batch_c_scan_7x6,18353748,45476664,7924412
13:45:41,588107,batch_c_scan_7x6,18353748,45476664,7924412
13:45:42,588107,batch_c_scan_7x6,18353908,45476664,7924252
13:45:43,588107,batch_c_scan_7x6,18353908,45476664,7924252
13:45:44,588107,batch_c_scan_7x6,18353920,45476664,7924240
13:45:45,588107,batch_c_scan_7x6,18353920,45476664,7924240
13:45:46,588107,batch_c_scan_7x6,18354064,45476664,7924096
13:45:47,588107,batch_c_scan_7x6,18354064,45476664,7924096
13:45:48,588107,batch_c_scan_7x6,18354080,45476664,7924080
13:45:49,588107,batch_c_scan_7x6,18354080,45476664,7924080
13:45:50,588107,batch_c_scan_7x6,18354084,45476664,7924076
13:45:51,588107,batch_c_scan_7x6,18354084,45476664,7924076
13:45:52,588107,batch_c_scan_7x6,18354084,45476664,7924076
13:45:53,588107,batch_c_scan_7x6,18354084,45476664,7924076
13:45:54,588107,batch_c_scan_7x6,18354096,45476664,7924064
13:45:55,588107,batch_c_scan_7x6,18354096,45476664,7924064
13:45:56,588107,batch_c_scan_7x6,18354104,45476664,7924056
13:45:57,588107,batch_c_scan_7x6,18354104,45476664,7924056
13:45:58,588107,batch_c_scan_7x6,18354104,45476664,7924056
13:45:59,588107,batch_c_scan_7x6,18354104,45476664,7924056
13:46:00,588107,batch_c_scan_7x6,18354104,45476664,7924056
13:46:01,588107,batch_c_scan_7x6,18354128,45476664,7924056
13:46:02,588107,batch_c_scan_7x6,18354104,45476664,7924056
13:46:03,588107,batch_c_scan_7x6,18354104,45476664,7924056
13:46:04,588107,batch_c_scan_7x6,18354104,45476664,7924056
13:46:05,588107,batch_c_scan_7x6,18354104,45476664,7924056
13:46:06,588107,batch_c_scan_7x6,18354104,45476664,7924056
13:46:07,588107,batch_c_scan_7x6,18354128,45476664,7924032
13:46:08,588107,batch_c_scan_7x6,18354128,45476664,7924032
13:46:09,588107,batch_c_scan_7x6,18354128,45476664,7924032
13:46:10,588107,batch_c_scan_7x6,18354128,45476664,7924032
13:46:11,588107,batch_c_scan_7x6,18354148,45476664,7924012
13:46:13,588107,batch_c_scan_7x6,18354148,45476664,7924012
13:46:14,588107,batch_c_scan_7x6,18354152,45476664,7924008
13:46:15,588107,batch_c_scan_7x6,18354152,45476664,7924008
13:46:16,588107,batch_c_scan_7x6,18354156,45476664,7924004
13:46:17,588107,batch_c_scan_7x6,18354156,45476664,7924004
13:46:18,588107,batch_c_scan_7x6,18354156,45476664,7924004
13:46:19,588107,batch_c_scan_7x6,18354156,45476664,7924004
13:46:20,588107,batch_c_scan_7x6,18354156,45476664,7924004
13:46:21,588107,batch_c_scan_7x6,18354156,45476664,7924004
13:46:22,588107,batch_c_scan_7x6,18354184,45476664,7923976
13:46:23,588107,batch_c_scan_7x6,18354184,45476664,7923976
13:46:24,588107,batch_c_scan_7x6,18354192,45476664,7923968
13:46:25,588107,batch_c_scan_7x6,18354192,45476664,7923968
13:46:26,588107,batch_c_scan_7x6,18354196,45476664,7923964
13:46:27,588107,batch_c_scan_7x6,18354196,45476664,7923964
13:46:28,588107,batch_c_scan_7x6,18354196,45476664,7923964
13:46:29,588107,batch_c_scan_7x6,18354200,45476664,7923960
13:46:30,588107,batch_c_scan_7x6,18354200,45476664,7923960
13:46:31,588107,batch_c_scan_7x6,18354204,45476664,7923956
13:46:32,588107,batch_c_scan_7x6,18354204,45476664,7923956
13:46:33,588107,batch_c_scan_7x6,18354220,45476664,7923940
13:46:34,588107,batch_c_scan_7x6,18354220,45476664,7923940
13:46:35,588107,batch_c_scan_7x6,18354220,45476664,7923940
13:46:36,588107,batch_c_scan_7x6,18354220,45476664,7923940
13:46:37,588107,batch_c_scan_7x6,18354220,45476664,7923940
13:46:38,588107,batch_c_scan_7x6,18354220,45476664,7923940
13:46:39,588107,batch_c_scan_7x6,18354220,45476664,7923940
13:46:40,588107,batch_c_scan_7x6,18354220,45476664,7923940
13:46:41,588107,batch_c_scan_7x6,18354220,45476664,7923940
13:46:42,588107,batch_c_scan_7x6,18354220,45476664,7923940
13:46:43,588107,batch_c_scan_7x6,18354328,45476664,7923832
13:46:44,588107,batch_c_scan_7x6,18354328,45476664,7923832
13:46:45,588107,batch_c_scan_7x6,18354328,45476664,7923832
13:46:46,588107,batch_c_scan_7x6,18354328,45476664,7923832
13:46:47,588107,batch_c_scan_7x6,18355432,45476664,7922728
13:46:48,588107,batch_c_scan_7x6,18355432,45476664,7922728
13:46:49,588107,batch_c_scan_7x6,18355448,45476664,7922712
13:46:50,588107,batch_c_scan_7x6,18355448,45476664,7922712
13:46:51,588107,batch_c_scan_7x6,18355452,45476664,7922708
13:46:52,588107,batch_c_scan_7x6,18355476,45476664,7922708
13:46:53,588107,batch_c_scan_7x6,18355452,45476664,7922708
13:46:54,588107,batch_c_scan_7x6,18355452,45476664,7922708
13:46:55,588107,batch_c_scan_7x6,18355452,45476664,7922708
13:46:56,588107,batch_c_scan_7x6,18355452,45476664,7922708
13:46:57,588107,batch_c_scan_7x6,18355456,45476664,7922704
13:46:58,588107,batch_c_scan_7x6,18355468,45476664,7922692
13:46:59,588107,batch_c_scan_7x6,18355468,45476664,7922692
13:47:00,588107,batch_c_scan_7x6,18355468,45476664,7922692
13:47:01,588107,batch_c_scan_7x6,18355468,45476664,7922692
13:47:02,588107,batch_c_scan_7x6,18355468,45476664,7922692
13:47:03,588107,batch_c_scan_7x6,18355468,45476664,7922692
13:47:04,588107,batch_c_scan_7x6,18355476,45476664,7922684
13:47:05,588107,batch_c_scan_7x6,18355476,45476664,7922684
13:47:07,588107,batch_c_scan_7x6,18355524,45476664,7922636
13:47:08,588107,batch_c_scan_7x6,18355524,45476664,7922636
13:47:09,588107,batch_c_scan_7x6,18355524,45476664,7922636
13:47:10,588107,batch_c_scan_7x6,18355524,45476664,7922636
13:47:11,588107,batch_c_scan_7x6,18355524,45476664,7922636
13:47:12,588107,batch_c_scan_7x6,18355524,45476664,7922636
13:47:13,588107,batch_c_scan_7x6,18355536,45476664,7922624
13:47:14,588107,batch_c_scan_7x6,18355536,45476664,7922624
13:47:15,588107,batch_c_scan_7x6,18355540,45476664,7922620
13:47:16,588107,batch_c_scan_7x6,18355540,45476664,7922620
13:47:17,588107,batch_c_scan_7x6,18355540,45476664,7922620
13:47:18,588107,batch_c_scan_7x6,18355564,45476664,7922620
13:47:19,588107,batch_c_scan_7x6,18355544,45476664,7922616
13:47:20,588107,batch_c_scan_7x6,18355544,45476664,7922616
13:47:21,588107,batch_c_scan_7x6,18355544,45476664,7922616
13:47:22,588107,batch_c_scan_7x6,18355544,45476664,7922616
13:47:23,588107,batch_c_scan_7x6,18355544,45476664,7922616
13:47:24,588107,batch_c_scan_7x6,18355564,45476664,7922596
13:47:25,588107,batch_c_scan_7x6,18355564,45476664,7922596
13:47:26,588107,batch_c_scan_7x6,18355576,45476664,7922584
13:47:27,588107,batch_c_scan_7x6,18355576,45476664,7922584
13:47:28,588107,batch_c_scan_7x6,18355576,45476664,7922584
13:47:29,588107,batch_c_scan_7x6,18355576,45476664,7922584
13:47:30,588107,batch_c_scan_7x6,18355576,45476664,7922584
13:47:31,588107,batch_c_scan_7x6,18355576,45476664,7922584
13:47:32,588107,batch_c_scan_7x6,18355576,45476664,7922584
13:47:33,588107,batch_c_scan_7x6,18355576,45476664,7922584
13:47:34,588107,batch_c_scan_7x6,18355576,45476664,7922584
13:47:35,588107,batch_c_scan_7x6,18355576,45476664,7922584
13:47:36,588107,batch_c_scan_7x6,18355576,45476664,7922584
13:47:37,588107,batch_c_scan_7x6,18355576,45476664,7922584
13:47:38,588107,batch_c_scan_7x6,18355576,45476664,7922584
13:47:39,588107,batch_c_scan_7x6,18355576,45476664,7922584
13:47:40,588107,batch_c_scan_7x6,18355576,45476664,7922584
13:47:41,588107,batch_c_scan_7x6,18355576,45476664,7922584
13:47:42,588107,batch_c_scan_7x6,18355576,45476664,7922584
13:47:43,588107,batch_c_scan_7x6,18355576,45476664,7922584
13:47:44,588107,batch_c_scan_7x6,18355576,45476664,7922584
13:47:45,588107,batch_c_scan_7x6,18355576,45476664,7922584
13:47:46,588107,batch_c_scan_7x6,18355576,45476664,7922584
13:47:47,588107,batch_c_scan_7x6,18355576,45476664,7922584
13:47:48,588107,batch_c_scan_7x6,18355576,45476664,7922584
13:47:49,588107,batch_c_scan_7x6,18355576,45476664,7922584
13:47:50,588107,batch_c_scan_7x6,18355576,45476664,7922584
13:47:51,588107,batch_c_scan_7x6,18355576,45476664,7922584
13:47:52,588107,batch_c_scan_7x6,18355576,45476664,7922584
13:47:53,588107,batch_c_scan_7x6,18355576,45476664,7922584
13:47:54,588107,batch_c_scan_7x6,18355576,45476664,7922584
13:47:55,588107,batch_c_scan_7x6,18355576,45476664,7922584
13:47:56,588107,batch_c_scan_7x6,18355576,45476664,7922584
13:47:57,588107,batch_c_scan_7x6,18355612,45476664,7922548
13:47:58,588107,batch_c_scan_7x6,18355612,45476664,7922548
13:47:59,588107,batch_c_scan_7x6,18355648,45476664,7922512
13:48:00,588107,batch_c_scan_7x6,18355648,45476664,7922512
13:48:02,588107,batch_c_scan_7x6,18355648,45476664,7922512
13:48:03,588107,batch_c_scan_7x6,18355648,45476664,7922512
13:48:04,588107,batch_c_scan_7x6,18355648,45476664,7922512
13:48:05,588107,batch_c_scan_7x6,18355648,45476664,7922512
13:48:06,588107,batch_c_scan_7x6,18355648,45476664,7922512
13:48:07,588107,batch_c_scan_7x6,18355648,45476664,7922512
13:48:08,588107,batch_c_scan_7x6,18355648,45476664,7922512
13:48:09,588107,batch_c_scan_7x6,18355648,45476664,7922512
13:48:10,588107,batch_c_scan_7x6,18355648,45476664,7922512
13:48:11,588107,batch_c_scan_7x6,18355648,45476664,7922512
13:48:12,588107,batch_c_scan_7x6,18355648,45476664,7922512
13:48:13,588107,batch_c_scan_7x6,18355648,45476664,7922512
13:48:14,588107,batch_c_scan_7x6,18355648,45476664,7922512
13:48:15,588107,batch_c_scan_7x6,18355672,45476664,7922512
13:48:16,588107,batch_c_scan_7x6,18355648,45476664,7922512
13:48:17,588107,batch_c_scan_7x6,18355648,45476664,7922512
13:48:18,588107,batch_c_scan_7x6,18355648,45476664,7922512
13:48:19,588107,batch_c_scan_7x6,18355648,45476664,7922512
13:48:20,588107,batch_c_scan_7x6,18355648,45476664,7922512
13:48:21,588107,batch_c_scan_7x6,18355664,45476664,7922496
13:48:22,588107,batch_c_scan_7x6,18355664,45476664,7922496
13:48:23,588107,batch_c_scan_7x6,18355664,45476664,7922496
13:48:24,588107,batch_c_scan_7x6,18355664,45476664,7922496
13:48:25,588107,batch_c_scan_7x6,18355664,45476664,7922496
13:48:26,588107,batch_c_scan_7x6,18355664,45476664,7922496
13:48:27,588107,batch_c_scan_7x6,18355664,45476664,7922496
13:48:28,588107,batch_c_scan_7x6,18355664,45476664,7922496
13:48:29,588107,batch_c_scan_7x6,18355664,45476664,7922496
13:48:30,588107,batch_c_scan_7x6,18355664,45476664,7922496
13:48:31,588107,batch_c_scan_7x6,18355780,45476664,7922380
13:48:32,588107,batch_c_scan_7x6,18355780,45476664,7922380
13:48:33,588107,batch_c_scan_7x6,18355780,45476664,7922380
13:48:34,588107,batch_c_scan_7x6,18355780,45476664,7922380
13:48:35,588107,batch_c_scan_7x6,18355780,45476664,7922380
13:48:36,588107,batch_c_scan_7x6,18355780,45476664,7922380
13:48:37,588107,batch_c_scan_7x6,18355780,45476664,7922380
13:48:38,588107,batch_c_scan_7x6,18355780,45476664,7922380
13:48:39,588107,batch_c_scan_7x6,18355780,45476664,7922380
13:48:40,588107,batch_c_scan_7x6,18355780,45476664,7922380
13:48:41,588107,batch_c_scan_7x6,18355792,45476664,7922368
13:48:42,588107,batch_c_scan_7x6,18355792,45476664,7922368
13:48:43,588107,batch_c_scan_7x6,18355792,45476664,7922368
13:48:44,588107,batch_c_scan_7x6,18355792,45476664,7922368
13:48:45,588107,batch_c_scan_7x6,18355792,45476664,7922368
13:48:46,588107,batch_c_scan_7x6,18355816,45476664,7922368
13:48:47,588107,batch_c_scan_7x6,18355796,45476664,7922364
13:48:48,588107,batch_c_scan_7x6,18355796,45476664,7922364
13:48:49,588107,batch_c_scan_7x6,18357464,45476664,7920696
13:48:50,588107,batch_c_scan_7x6,18357464,45476664,7920696
13:48:51,588107,batch_c_scan_7x6,18357464,45476664,7920696
13:48:52,588107,batch_c_scan_7x6,18357464,45476664,7920696
13:48:53,588107,batch_c_scan_7x6,18357464,45476664,7920696
13:48:54,588107,batch_c_scan_7x6,18357468,45476664,7920692
13:48:56,588107,batch_c_scan_7x6,18357468,45476664,7920692
13:48:57,588107,batch_c_scan_7x6,18357496,45476664,7920664
13:48:58,588107,batch_c_scan_7x6,18357496,45476664,7920664
13:48:59,588107,batch_c_scan_7x6,18357496,45476664,7920664
13:49:00,588107,batch_c_scan_7x6,18357496,45476664,7920664
13:49:01,588107,batch_c_scan_7x6,18357496,45476664,7920664
13:49:02,588107,batch_c_scan_7x6,18357496,45476664,7920664
13:49:03,588107,batch_c_scan_7x6,18357496,45476664,7920664
13:49:04,588107,batch_c_scan_7x6,18357496,45476664,7920664
13:49:05,588107,batch_c_scan_7x6,18357496,45476664,7920664
13:49:06,588107,batch_c_scan_7x6,18357496,45476664,7920664
13:49:07,588107,batch_c_scan_7x6,18357496,45476664,7920664
13:49:08,588107,batch_c_scan_7x6,18357496,45476664,7920664
13:49:09,588107,batch_c_scan_7x6,18357572,45476664,7920588
13:49:10,588107,batch_c_scan_7x6,18357572,45476664,7920588
13:49:11,588107,batch_c_scan_7x6,18357572,45476664,7920588
13:49:12,588107,batch_c_scan_7x6,18357572,45476664,7920588
13:49:13,588107,batch_c_scan_7x6,18357572,45476664,7920588
13:49:14,588107,batch_c_scan_7x6,18357572,45476664,7920588
13:49:15,588107,batch_c_scan_7x6,18357572,45476664,7920588
13:49:16,588107,batch_c_scan_7x6,18357572,45476664,7920588
13:49:17,588107,batch_c_scan_7x6,18357572,45476664,7920588
13:49:18,588107,batch_c_scan_7x6,18357572,45476664,7920588
13:49:19,588107,batch_c_scan_7x6,18357608,45476664,7920552
13:49:20,588107,batch_c_scan_7x6,18357632,45476664,7920552
13:49:21,588107,batch_c_scan_7x6,18357612,45476664,7920548
13:49:22,588107,batch_c_scan_7x6,18357612,45476664,7920548
13:49:23,588107,batch_c_scan_7x6,18357612,45476664,7920548
13:49:24,588107,batch_c_scan_7x6,18357612,45476664,7920548
13:49:25,588107,batch_c_scan_7x6,18357612,45476664,7920548
13:49:26,588107,batch_c_scan_7x6,18357636,45476664,7920524
13:49:27,588107,batch_c_scan_7x6,18357636,45476664,7920524
13:49:28,588107,batch_c_scan_7x6,18357636,45476664,7920524
13:49:29,588107,batch_c_scan_7x6,18357636,45476664,7920524
13:49:30,588107,batch_c_scan_7x6,18357640,45476664,7920520
13:49:31,588107,batch_c_scan_7x6,18357640,45476664,7920520
13:49:32,588107,batch_c_scan_7x6,18357644,45476664,7920516
13:49:33,588107,batch_c_scan_7x6,18357644,45476664,7920516
13:49:34,588107,batch_c_scan_7x6,18357676,45476664,7920484
13:49:35,588107,batch_c_scan_7x6,18357676,45476664,7920484
13:49:36,588107,batch_c_scan_7x6,18357676,45476664,7920484
13:49:37,588107,batch_c_scan_7x6,18357676,45476664,7920484
13:49:38,588107,batch_c_scan_7x6,18357708,45476664,7920452
13:49:39,588107,batch_c_scan_7x6,18357708,45476664,7920452
13:49:40,588107,batch_c_scan_7x6,18357708,45476664,7920452
13:49:41,588107,batch_c_scan_7x6,18357708,45476664,7920452
13:49:42,588107,batch_c_scan_7x6,18357708,45476664,7920452
13:49:43,588107,batch_c_scan_7x6,18357708,45476664,7920452
13:49:44,588107,batch_c_scan_7x6,18357724,45476664,7920436
13:49:45,588107,batch_c_scan_7x6,18357724,45476664,7920436
13:49:46,588107,batch_c_scan_7x6,18357740,45476664,7920420
13:49:47,588107,batch_c_scan_7x6,18357740,45476664,7920420
13:49:48,588107,batch_c_scan_7x6,18357744,45476664,7920416
13:49:50,588107,batch_c_scan_7x6,18357744,45476664,7920416
13:49:51,588107,batch_c_scan_7x6,18357748,45476664,7920412
13:49:52,588107,batch_c_scan_7x6,18357748,45476664,7920412
13:49:53,588107,batch_c_scan_7x6,18357768,45476664,7920392
13:49:54,588107,batch_c_scan_7x6,18357768,45476664,7920392
13:49:55,588107,batch_c_scan_7x6,18357772,45476664,7920388
13:49:56,588107,batch_c_scan_7x6,18357772,45476664,7920388
13:49:57,588107,batch_c_scan_7x6,18357776,45476664,7920384
13:49:58,588107,batch_c_scan_7x6,18357800,45476664,7920384
13:49:59,588107,batch_c_scan_7x6,18357844,45476664,7920316
13:50:00,588107,batch_c_scan_7x6,18357844,45476664,7920316
13:50:01,588107,batch_c_scan_7x6,18357844,45476664,7920316
13:50:02,588107,batch_c_scan_7x6,18357852,45476664,7920308
13:50:03,588107,batch_c_scan_7x6,18357852,45476664,7920308
13:50:04,588107,batch_c_scan_7x6,18357864,45476664,7920296
13:50:05,588107,batch_c_scan_7x6,18357864,45476664,7920296
13:50:06,588107,batch_c_scan_7x6,18357864,45476664,7920296
13:50:07,588107,batch_c_scan_7x6,18357864,45476664,7920296
13:50:08,588107,batch_c_scan_7x6,18357864,45476664,7920296
13:50:09,588107,batch_c_scan_7x6,18357864,45476664,7920296
13:50:10,588107,batch_c_scan_7x6,18357884,45476664,7920276
13:50:11,588107,batch_c_scan_7x6,18357884,45476664,7920276
13:50:12,588107,batch_c_scan_7x6,18357884,45476664,7920276
13:50:13,588107,batch_c_scan_7x6,18357884,45476664,7920276
13:50:14,588107,batch_c_scan_7x6,18357888,45476664,7920272
13:50:15,588107,batch_c_scan_7x6,18357888,45476664,7920272
13:50:16,588107,batch_c_scan_7x6,18357888,45476664,7920272
13:50:17,588107,batch_c_scan_7x6,18357888,45476664,7920272
13:50:18,588107,batch_c_scan_7x6,18357888,45476664,7920272
13:50:19,588107,batch_c_scan_7x6,18357888,45476664,7920272
13:50:20,588107,batch_c_scan_7x6,18357908,45476664,7920252
13:50:21,588107,batch_c_scan_7x6,18357908,45476664,7920252
13:50:22,588107,batch_c_scan_7x6,18357916,45476664,7920244
13:50:23,588107,batch_c_scan_7x6,18357916,45476664,7920244
13:50:24,588107,batch_c_scan_7x6,18357916,45476664,7920244
13:50:25,588107,batch_c_scan_7x6,18357916,45476664,7920244
13:50:26,588107,batch_c_scan_7x6,18357920,45476664,7920240
13:50:27,588107,batch_c_scan_7x6,18357920,45476664,7920240
13:50:28,588107,batch_c_scan_7x6,18357924,45476664,7920236
13:50:29,588107,batch_c_scan_7x6,18357924,45476664,7920236
13:50:30,588107,batch_c_scan_7x6,18357924,45476664,7920236
13:50:31,588107,batch_c_scan_7x6,18357924,45476664,7920236
13:50:32,588107,batch_c_scan_7x6,18357936,45476664,7920224
13:50:33,588107,batch_c_scan_7x6,18357936,45476664,7920224
13:50:34,588107,batch_c_scan_7x6,18357944,45476664,7920216
13:50:35,588107,batch_c_scan_7x6,18357944,45476664,7920216
13:50:36,588107,batch_c_scan_7x6,18357948,45476664,7920212
13:50:37,588107,batch_c_scan_7x6,18357948,45476664,7920212
13:50:38,588107,batch_c_scan_7x6,18357964,45476664,7920196
13:50:39,588107,batch_c_scan_7x6,18357988,45476664,7920196
13:50:40,588107,batch_c_scan_7x6,18357972,45476664,7920188
13:50:41,588107,batch_c_scan_7x6,18357976,45476664,7920184
13:50:42,588107,batch_c_scan_7x6,18357976,45476664,7920184
13:50:44,588107,batch_c_scan_7x6,18357976,45476664,7920184
13:50:45,588107,batch_c_scan_7x6,18357976,45476664,7920184
13:50:46,588107,batch_c_scan_7x6,18357976,45476664,7920184
13:50:47,588107,batch_c_scan_7x6,18357976,45476664,7920184
13:50:48,588107,batch_c_scan_7x6,18357992,45476664,7920168
13:50:49,588107,batch_c_scan_7x6,18357992,45476664,7920168
13:50:50,588107,batch_c_scan_7x6,18358004,45476664,7920156
13:50:51,588107,batch_c_scan_7x6,18358004,45476664,7920156
13:50:52,588107,batch_c_scan_7x6,18358004,45476664,7920156
13:50:53,588107,batch_c_scan_7x6,18358004,45476664,7920156
13:50:54,588107,batch_c_scan_7x6,18358016,45476664,7920144
13:50:55,588107,batch_c_scan_7x6,18358016,45476664,7920144
13:50:56,588107,batch_c_scan_7x6,18358020,45476664,7920140
13:50:57,588107,batch_c_scan_7x6,18358020,45476664,7920140
13:50:58,588107,batch_c_scan_7x6,18358020,45476664,7920140
13:50:59,588107,batch_c_scan_7x6,18358020,45476664,7920140
13:51:00,588107,batch_c_scan_7x6,18358028,45476664,7920132
13:51:01,588107,batch_c_scan_7x6,18358028,45476664,7920132
13:51:02,588107,batch_c_scan_7x6,18358028,45476664,7920132
13:51:03,588107,batch_c_scan_7x6,18358028,45476664,7920132
13:51:04,588107,batch_c_scan_7x6,18358056,45476664,7920104
13:51:05,588107,batch_c_scan_7x6,18358056,45476664,7920104
13:51:06,588107,batch_c_scan_7x6,18358068,45476664,7920092
13:51:07,588107,batch_c_scan_7x6,18358068,45476664,7920092
13:51:08,588107,batch_c_scan_7x6,18358076,45476664,7920084
13:51:09,588107,batch_c_scan_7x6,18358076,45476664,7920084
13:51:10,588107,batch_c_scan_7x6,18358080,45476664,7920080
13:51:11,588107,batch_c_scan_7x6,18358080,45476664,7920080
13:51:12,588107,batch_c_scan_7x6,18358088,45476664,7920072
13:51:13,588107,batch_c_scan_7x6,18358088,45476664,7920072
13:51:14,588107,batch_c_scan_7x6,18358116,45476664,7920044
13:51:15,588107,batch_c_scan_7x6,18358116,45476664,7920044
13:51:16,588107,batch_c_scan_7x6,18358128,45476664,7920032
13:51:17,588107,batch_c_scan_7x6,18358128,45476664,7920032
13:51:18,588107,batch_c_scan_7x6,18358128,45476664,7920032
13:51:19,588107,batch_c_scan_7x6,18358128,45476664,7920032
13:51:20,588107,batch_c_scan_7x6,18358128,45476664,7920032
13:51:21,588107,batch_c_scan_7x6,18358128,45476664,7920032
13:51:22,588107,batch_c_scan_7x6,18358128,45476664,7920032
13:51:23,588107,batch_c_scan_7x6,18358152,45476664,7920032
13:51:24,588107,batch_c_scan_7x6,18358148,45476664,7920012
13:51:25,588107,batch_c_scan_7x6,18358172,45476664,7920012
13:51:26,588107,batch_c_scan_7x6,18358148,45476664,7920012
13:51:27,588107,batch_c_scan_7x6,18358148,45476664,7920012
13:51:28,588107,batch_c_scan_7x6,18358148,45476664,7920012
13:51:29,588107,batch_c_scan_7x6,18358168,45476664,7919992
13:51:30,588107,batch_c_scan_7x6,18358168,45476664,7919992
13:51:31,588107,batch_c_scan_7x6,18358168,45476664,7919992
13:51:32,588107,batch_c_scan_7x6,18358168,45476664,7919992
13:51:33,588107,batch_c_scan_7x6,18358172,45476664,7919988
13:51:34,588107,batch_c_scan_7x6,18358172,45476664,7919988
13:51:35,588107,batch_c_scan_7x6,18358172,45476664,7919988
13:51:36,588107,batch_c_scan_7x6,18358172,45476664,7919988
13:51:38,588107,batch_c_scan_7x6,18358176,45476664,7919984
13:51:39,588107,batch_c_scan_7x6,18358176,45476664,7919984
13:51:40,588107,batch_c_scan_7x6,18358180,45476664,7919980
13:51:41,588107,batch_c_scan_7x6,18358180,45476664,7919980
13:51:42,588107,batch_c_scan_7x6,18358292,45476664,7919868
13:51:43,588107,batch_c_scan_7x6,18358292,45476664,7919868
13:51:44,588107,batch_c_scan_7x6,18358336,45476664,7919824
13:51:45,588107,batch_c_scan_7x6,18358336,45476664,7919824
13:51:46,588107,batch_c_scan_7x6,18358508,45476664,7919652
13:51:47,588107,batch_c_scan_7x6,18358508,45476664,7919652
13:51:48,588107,batch_c_scan_7x6,18358508,45476664,7919652
13:51:49,588107,batch_c_scan_7x6,18358508,45476664,7919652
13:51:50,588107,batch_c_scan_7x6,18358508,45476664,7919652
13:51:51,588107,batch_c_scan_7x6,18358508,45476664,7919652
13:51:52,588107,batch_c_scan_7x6,18358548,45476664,7919612
13:51:53,588107,batch_c_scan_7x6,18358548,45476664,7919612
13:51:54,588107,batch_c_scan_7x6,18358556,45476664,7919604
13:51:55,588107,batch_c_scan_7x6,18358556,45476664,7919604
13:51:56,588107,batch_c_scan_7x6,18358560,45476664,7919600
13:51:57,588107,batch_c_scan_7x6,18358560,45476664,7919600
13:51:58,588107,batch_c_scan_7x6,18358576,45476664,7919584
13:51:59,588107,batch_c_scan_7x6,18358576,45476664,7919584
13:52:00,588107,batch_c_scan_7x6,18358576,45476664,7919584
13:52:01,588107,batch_c_scan_7x6,18358576,45476664,7919584
13:52:02,588107,batch_c_scan_7x6,18358596,45476664,7919564
13:52:03,588107,batch_c_scan_7x6,18358596,45476664,7919564
13:52:04,588107,batch_c_scan_7x6,18358604,45476664,7919556
13:52:05,588107,batch_c_scan_7x6,18358604,45476664,7919556
13:52:06,588107,batch_c_scan_7x6,18358632,45476664,7919528
13:52:07,588107,batch_c_scan_7x6,18358632,45476664,7919528
13:52:08,588107,batch_c_scan_7x6,18358648,45476664,7919512
13:52:09,588107,batch_c_scan_7x6,18358648,45476664,7919512
13:52:10,588107,batch_c_scan_7x6,18358652,45476664,7919508
13:52:11,588107,batch_c_scan_7x6,18358652,45476664,7919508
13:52:12,588107,batch_c_scan_7x6,18358652,45476664,7919508
13:52:13,588107,batch_c_scan_7x6,18358652,45476664,7919508
13:52:14,588107,batch_c_scan_7x6,18358660,45476664,7919500
13:52:15,588107,batch_c_scan_7x6,18358684,45476664,7919500
13:52:16,588107,batch_c_scan_7x6,18358684,45476664,7919476
13:52:17,588107,batch_c_scan_7x6,18358708,45476664,7919476
13:52:18,588107,batch_c_scan_7x6,18358696,45476664,7919464
13:52:19,588107,batch_c_scan_7x6,18358704,45476664,7919456
13:52:20,588107,batch_c_scan_7x6,18358704,45476664,7919456
13:52:21,588107,batch_c_scan_7x6,18358704,45476664,7919456
13:52:22,588107,batch_c_scan_7x6,18358704,45476664,7919456
13:52:23,588107,batch_c_scan_7x6,18358704,45476664,7919456
13:52:24,588107,batch_c_scan_7x6,18358704,45476664,7919456
13:52:25,588107,batch_c_scan_7x6,18358704,45476664,7919456
13:52:26,588107,batch_c_scan_7x6,18358704,45476664,7919456
13:52:27,588107,batch_c_scan_7x6,18358704,45476664,7919456
13:52:28,588107,batch_c_scan_7x6,18358704,45476664,7919456
13:52:29,588107,batch_c_scan_7x6,18358704,45476664,7919456
13:52:30,588107,batch_c_scan_7x6,18358736,45476664,7919424
13:52:32,588107,batch_c_scan_7x6,18358736,45476664,7919424
13:52:33,588107,batch_c_scan_7x6,18358760,45476664,7919400
13:52:34,588107,batch_c_scan_7x6,18358784,45476664,7919400
13:52:35,588107,batch_c_scan_7x6,18358764,45476664,7919396
13:52:36,588107,batch_c_scan_7x6,18358788,45476664,7919388
13:52:37,588107,batch_c_scan_7x6,18358772,45476664,7919388
13:52:38,588107,batch_c_scan_7x6,18358792,45476664,7919368
13:52:39,588107,batch_c_scan_7x6,18358792,45476664,7919368
13:52:40,588107,batch_c_scan_7x6,18358792,45476664,7919368
13:52:41,588107,batch_c_scan_7x6,18358792,45476664,7919368
13:52:42,588107,batch_c_scan_7x6,18358792,45476664,7919368
13:52:43,588107,batch_c_scan_7x6,18358792,45476664,7919368
13:52:44,588107,batch_c_scan_7x6,18358792,45476664,7919368
13:52:45,588107,batch_c_scan_7x6,18358792,45476664,7919368
13:52:46,588107,batch_c_scan_7x6,18358792,45476664,7919368
13:52:47,588107,batch_c_scan_7x6,18358792,45476664,7919368
13:52:48,588107,batch_c_scan_7x6,18358804,45476664,7919356
13:52:49,588107,batch_c_scan_7x6,18358804,45476664,7919356
13:52:50,588107,batch_c_scan_7x6,18358836,45476664,7919324
13:52:51,588107,batch_c_scan_7x6,18358836,45476664,7919324
13:52:52,588107,batch_c_scan_7x6,18358856,45476664,7919304
13:52:53,588107,batch_c_scan_7x6,18358856,45476664,7919304
13:52:54,588107,batch_c_scan_7x6,18358860,45476664,7919300
13:52:55,588107,batch_c_scan_7x6,18358860,45476664,7919300
13:52:56,588107,batch_c_scan_7x6,18358864,45476664,7919296
13:52:57,588107,batch_c_scan_7x6,18358864,45476664,7919296
13:52:58,588107,batch_c_scan_7x6,18358868,45476664,7919292
13:52:59,588107,batch_c_scan_7x6,18358868,45476664,7919292
13:53:00,588107,batch_c_scan_7x6,18358872,45476664,7919288
13:53:01,588107,batch_c_scan_7x6,18358872,45476664,7919288
13:53:02,588107,batch_c_scan_7x6,18358872,45476664,7919288
13:53:03,588107,batch_c_scan_7x6,18358872,45476664,7919288
13:53:04,588107,batch_c_scan_7x6,18358880,45476664,7919280
13:53:05,588107,batch_c_scan_7x6,18358880,45476664,7919280
13:53:06,588107,batch_c_scan_7x6,18358896,45476664,7919264
13:53:07,588107,batch_c_scan_7x6,18358896,45476664,7919264
13:53:08,588107,batch_c_scan_7x6,18358900,45476664,7919260
13:53:09,588107,batch_c_scan_7x6,18358900,45476664,7919260
13:53:10,588107,batch_c_scan_7x6,18358904,45476664,7919256
13:53:11,588107,batch_c_scan_7x6,18358904,45476664,7919256
13:53:12,588107,batch_c_scan_7x6,18358916,45476664,7919244
13:53:13,588107,batch_c_scan_7x6,18358916,45476664,7919244
13:53:14,588107,batch_c_scan_7x6,18358920,45476664,7919240
13:53:15,588107,batch_c_scan_7x6,18358920,45476664,7919240
13:53:16,588107,batch_c_scan_7x6,18358920,45476664,7919240
13:53:17,588107,batch_c_scan_7x6,18358920,45476664,7919240
13:53:18,588107,batch_c_scan_7x6,18358920,45476664,7919240
13:53:19,588107,batch_c_scan_7x6,18358920,45476664,7919240
13:53:20,588107,batch_c_scan_7x6,18358920,45476664,7919240
13:53:21,588107,batch_c_scan_7x6,18358920,45476664,7919240
13:53:22,588107,batch_c_scan_7x6,18358936,45476664,7919224
13:53:23,588107,batch_c_scan_7x6,18358936,45476664,7919224
13:53:25,588107,batch_c_scan_7x6,18358944,45476664,7919216
13:53:26,588107,batch_c_scan_7x6,18358944,45476664,7919216
13:53:27,588107,batch_c_scan_7x6,18358944,45476664,7919216
13:53:28,588107,batch_c_scan_7x6,18358944,45476664,7919216
13:53:29,588107,batch_c_scan_7x6,18358948,45476664,7919212
13:53:30,588107,batch_c_scan_7x6,18358948,45476664,7919212
13:53:31,588107,batch_c_scan_7x6,18358948,45476664,7919212
13:53:32,588107,batch_c_scan_7x6,18358948,45476664,7919212
13:53:33,588107,batch_c_scan_7x6,18358948,45476664,7919212
13:53:34,588107,batch_c_scan_7x6,18358948,45476664,7919212
13:53:35,588107,batch_c_scan_7x6,18358956,45476664,7919204
13:53:36,588107,batch_c_scan_7x6,18358956,45476664,7919204
13:53:37,588107,batch_c_scan_7x6,18358956,45476664,7919204
13:53:38,588107,batch_c_scan_7x6,18358956,45476664,7919204
13:53:39,588107,batch_c_scan_7x6,18358972,45476664,7919188
13:53:40,588107,batch_c_scan_7x6,18358996,45476664,7919188
13:53:41,588107,batch_c_scan_7x6,18358976,45476664,7919184
13:53:42,588107,batch_c_scan_7x6,18359000,45476664,7919184
13:53:43,588107,batch_c_scan_7x6,18358976,45476664,7919184
13:53:44,588107,batch_c_scan_7x6,18360084,45476664,7918100
13:53:45,588107,batch_c_scan_7x6,18360060,45476664,7918100
13:53:46,588107,batch_c_scan_7x6,18360072,45476664,7918088
13:53:47,588107,batch_c_scan_7x6,18360072,45476664,7918088
13:53:48,588107,batch_c_scan_7x6,18360072,45476664,7918088
13:53:49,588107,batch_c_scan_7x6,18360072,45476664,7918088
13:53:50,588107,batch_c_scan_7x6,18360116,45476664,7918044
13:53:51,588107,batch_c_scan_7x6,18360116,45476664,7918044
13:53:52,588107,batch_c_scan_7x6,18360124,45476664,7918036
13:53:53,588107,batch_c_scan_7x6,18360124,45476664,7918036
13:53:54,588107,batch_c_scan_7x6,18360128,45476664,7918032
13:53:55,588107,batch_c_scan_7x6,18360128,45476664,7918032
13:53:56,588107,batch_c_scan_7x6,18360128,45476664,7918032
13:53:57,588107,batch_c_scan_7x6,18360128,45476664,7918032
13:53:58,588107,batch_c_scan_7x6,18360132,45476664,7918028
13:53:59,588107,batch_c_scan_7x6,18360132,45476664,7918028
13:54:00,588107,batch_c_scan_7x6,18360140,45476664,7918020
13:54:01,588107,batch_c_scan_7x6,18360140,45476664,7918020
13:54:02,588107,batch_c_scan_7x6,18360144,45476664,7918016
13:54:03,588107,batch_c_scan_7x6,18360144,45476664,7918016
13:54:04,588107,batch_c_scan_7x6,18360144,45476664,7918016
13:54:05,588107,batch_c_scan_7x6,18360144,45476664,7918016
13:54:06,588107,batch_c_scan_7x6,18360144,45476664,7918016
13:54:07,588107,batch_c_scan_7x6,18360144,45476664,7918016
13:54:08,588107,batch_c_scan_7x6,18360144,45476664,7918016
13:54:09,588107,batch_c_scan_7x6,18360144,45476664,7918016
13:54:10,588107,batch_c_scan_7x6,18360156,45476664,7918004
13:54:11,588107,batch_c_scan_7x6,18360156,45476664,7918004
13:54:12,588107,batch_c_scan_7x6,18360168,45476664,7917992
13:54:13,588107,batch_c_scan_7x6,18360168,45476664,7917992
13:54:14,588107,batch_c_scan_7x6,18360172,45476664,7917988
13:54:15,588107,batch_c_scan_7x6,18360172,45476664,7917988
13:54:16,588107,batch_c_scan_7x6,18360176,45476664,7917984
13:54:18,588107,batch_c_scan_7x6,18360176,45476664,7917984
13:54:19,588107,batch_c_scan_7x6,18360180,45476664,7917980
13:54:20,588107,batch_c_scan_7x6,18360180,45476664,7917980
13:54:21,588107,batch_c_scan_7x6,18360180,45476664,7917980
13:54:22,588107,batch_c_scan_7x6,18360180,45476664,7917980
13:54:23,588107,batch_c_scan_7x6,18360180,45476664,7917980
13:54:24,588107,batch_c_scan_7x6,18360180,45476664,7917980
13:54:25,588107,batch_c_scan_7x6,18360184,45476664,7917976
13:54:26,588107,batch_c_scan_7x6,18360184,45476664,7917976
13:54:27,588107,batch_c_scan_7x6,18360184,45476664,7917976
13:54:28,588107,batch_c_scan_7x6,18360184,45476664,7917976
13:54:29,588107,batch_c_scan_7x6,18360184,45476664,7917976
13:54:30,588107,batch_c_scan_7x6,18360184,45476664,7917976
13:54:31,588107,batch_c_scan_7x6,18360196,45476664,7917964
13:54:32,588107,batch_c_scan_7x6,18360196,45476664,7917964
13:54:33,588107,batch_c_scan_7x6,18360196,45476664,7917964
13:54:34,588107,batch_c_scan_7x6,18360196,45476664,7917964
13:54:35,588107,batch_c_scan_7x6,18360200,45476664,7917960
13:54:36,588107,batch_c_scan_7x6,18360200,45476664,7917960
13:54:37,588107,batch_c_scan_7x6,18360224,45476664,7917936
13:54:38,588107,batch_c_scan_7x6,18360224,45476664,7917936
13:54:39,588107,batch_c_scan_7x6,18360228,45476664,7917932
13:54:40,588107,batch_c_scan_7x6,18360228,45476664,7917932
13:54:41,588107,batch_c_scan_7x6,18360244,45476664,7917916
13:54:42,588107,batch_c_scan_7x6,18360244,45476664,7917916
13:54:43,588107,batch_c_scan_7x6,18360244,45476664,7917916
13:54:44,588107,batch_c_scan_7x6,18360244,45476664,7917916
13:54:45,588107,batch_c_scan_7x6,18360244,45476664,7917916
13:54:46,588107,batch_c_scan_7x6,18360244,45476664,7917916
13:54:47,588107,batch_c_scan_7x6,18360396,45476664,7917764
13:54:48,588107,batch_c_scan_7x6,18360396,45476664,7917764
13:54:49,588107,batch_c_scan_7x6,18360396,45476664,7917764
13:54:50,588107,batch_c_scan_7x6,18360396,45476664,7917764
13:54:51,588107,batch_c_scan_7x6,18360400,45476664,7917760
13:54:52,588107,batch_c_scan_7x6,18360400,45476664,7917760
13:54:53,588107,batch_c_scan_7x6,18360400,45476664,7917760
13:54:54,588107,batch_c_scan_7x6,18360400,45476664,7917760
13:54:55,588107,batch_c_scan_7x6,18360552,45476664,7917608
13:54:56,588107,batch_c_scan_7x6,18360552,45476664,7917608
13:54:57,588107,batch_c_scan_7x6,18360560,45476664,7917600
13:54:58,588107,batch_c_scan_7x6,18360560,45476664,7917600
13:54:59,588107,batch_c_scan_7x6,18360576,45476664,7917584
13:55:00,588107,batch_c_scan_7x6,18360576,45476664,7917584
13:55:01,588107,batch_c_scan_7x6,18360576,45476664,7917584
13:55:02,588107,batch_c_scan_7x6,18360576,45476664,7917584
13:55:03,588107,batch_c_scan_7x6,18360600,45476664,7917560
13:55:04,588107,batch_c_scan_7x6,18360600,45476664,7917560
13:55:05,588107,batch_c_scan_7x6,18360600,45476664,7917560
13:55:06,588107,batch_c_scan_7x6,18360600,45476664,7917560
13:55:07,588107,batch_c_scan_7x6,18360604,45476664,7917556
13:55:08,588107,batch_c_scan_7x6,18360604,45476664,7917556
13:55:09,588107,batch_c_scan_7x6,18360616,45476664,7917544
13:55:10,588107,batch_c_scan_7x6,18360616,45476664,7917544
13:55:12,588107,batch_c_scan_7x6,18361880,45476664,7916280
13:55:13,588107,batch_c_scan_7x6,18361880,45476664,7916280
13:55:14,588107,batch_c_scan_7x6,18361880,45476664,7916280
13:55:15,588107,batch_c_scan_7x6,18361880,45476664,7916280
13:55:16,588107,batch_c_scan_7x6,18361880,45476664,7916280
13:55:17,588107,batch_c_scan_7x6,18361880,45476664,7916280
13:55:18,588107,batch_c_scan_7x6,18361892,45476664,7916268
13:55:19,588107,batch_c_scan_7x6,18361892,45476664,7916268
13:55:20,588107,batch_c_scan_7x6,18361892,45476664,7916268
13:55:21,588107,batch_c_scan_7x6,18361892,45476664,7916268
13:55:22,588107,batch_c_scan_7x6,18361904,45476664,7916256
13:55:23,588107,batch_c_scan_7x6,18361904,45476664,7916256
13:55:24,588107,batch_c_scan_7x6,18361916,45476664,7916244
13:55:25,588107,batch_c_scan_7x6,18361916,45476664,7916244
13:55:26,588107,batch_c_scan_7x6,18361916,45476664,7916244
13:55:27,588107,batch_c_scan_7x6,18361916,45476664,7916244
13:55:28,588107,batch_c_scan_7x6,18361916,45476664,7916244
13:55:29,588107,batch_c_scan_7x6,18361916,45476664,7916244
13:55:30,588107,batch_c_scan_7x6,18361916,45476664,7916244
13:55:31,588107,batch_c_scan_7x6,18361916,45476664,7916244
13:55:32,588107,batch_c_scan_7x6,18361916,45476664,7916244
13:55:33,588107,batch_c_scan_7x6,18361916,45476664,7916244
13:55:34,588107,batch_c_scan_7x6,18361928,45476664,7916232
13:55:35,588107,batch_c_scan_7x6,18361928,45476664,7916232
13:55:36,588107,batch_c_scan_7x6,18361928,45476664,7916232
13:55:37,588107,batch_c_scan_7x6,18361928,45476664,7916232
13:55:38,588107,batch_c_scan_7x6,18361948,45476664,7916212
13:55:39,588107,batch_c_scan_7x6,18361948,45476664,7916212
13:55:40,588107,batch_c_scan_7x6,18361948,45476664,7916212
13:55:41,588107,batch_c_scan_7x6,18361948,45476664,7916212
13:55:42,588107,batch_c_scan_7x6,18361956,45476664,7916204
13:55:43,588107,batch_c_scan_7x6,18361980,45476664,7916204
13:55:44,588107,batch_c_scan_7x6,18361980,45476664,7916180
13:55:45,588107,batch_c_scan_7x6,18362004,45476664,7916180
13:55:46,588107,batch_c_scan_7x6,18361984,45476664,7916176
13:55:47,588107,batch_c_scan_7x6,18362008,45476664,7916176
13:55:48,588107,batch_c_scan_7x6,18361984,45476664,7916176
13:55:49,588107,batch_c_scan_7x6,18362008,45476664,7916176
13:55:50,588107,batch_c_scan_7x6,18361984,45476664,7916176
13:55:51,588107,batch_c_scan_7x6,18362008,45476664,7916176
13:55:52,588107,batch_c_scan_7x6,18361988,45476664,7916172
13:55:53,588107,batch_c_scan_7x6,18362012,45476664,7916172
13:55:54,588107,batch_c_scan_7x6,18361988,45476664,7916172
13:55:55,588107,batch_c_scan_7x6,18361988,45476664,7916172
13:55:56,588107,batch_c_scan_7x6,18361988,45476664,7916172
13:55:57,588107,batch_c_scan_7x6,18362004,45476664,7916156
13:55:58,588107,batch_c_scan_7x6,18362004,45476664,7916156
13:55:59,588107,batch_c_scan_7x6,18362076,45476664,7916084
13:56:00,588107,batch_c_scan_7x6,18362076,45476664,7916084
13:56:01,588107,batch_c_scan_7x6,18362100,45476664,7916060
13:56:02,588107,batch_c_scan_7x6,18362100,45476664,7916060
13:56:03,588107,batch_c_scan_7x6,18362104,45476664,7916056
13:56:04,588107,batch_c_scan_7x6,18362104,45476664,7916056
13:56:06,588107,batch_c_scan_7x6,18362252,45476664,7915908
13:56:07,588107,batch_c_scan_7x6,18362252,45476664,7915908
13:56:08,588107,batch_c_scan_7x6,18362252,45476664,7915908
13:56:09,588107,batch_c_scan_7x6,18362252,45476664,7915908
13:56:10,588107,batch_c_scan_7x6,18362256,45476664,7915904
13:56:11,588107,batch_c_scan_7x6,18362256,45476664,7915904
13:56:12,588107,batch_c_scan_7x6,18362268,45476664,7915892
13:56:13,588107,batch_c_scan_7x6,18362268,45476664,7915892
13:56:14,588107,batch_c_scan_7x6,18362268,45476664,7915892
13:56:15,588107,batch_c_scan_7x6,18362268,45476664,7915892
13:56:16,588107,batch_c_scan_7x6,18362276,45476664,7915884
13:56:17,588107,batch_c_scan_7x6,18362276,45476664,7915884
13:56:18,588107,batch_c_scan_7x6,18362276,45476664,7915884
13:56:19,588107,batch_c_scan_7x6,18362276,45476664,7915884
13:56:20,588107,batch_c_scan_7x6,18362280,45476664,7915880
13:56:21,588107,batch_c_scan_7x6,18362280,45476664,7915880
13:56:22,588107,batch_c_scan_7x6,18362300,45476664,7915860
13:56:23,588107,batch_c_scan_7x6,18362300,45476664,7915860
13:56:24,588107,batch_c_scan_7x6,18362304,45476664,7915856
13:56:25,588107,batch_c_scan_7x6,18362304,45476664,7915856
13:56:26,588107,batch_c_scan_7x6,18362320,45476664,7915840
13:56:27,588107,batch_c_scan_7x6,18362320,45476664,7915840
13:56:28,588107,batch_c_scan_7x6,18362328,45476664,7915832
13:56:29,588107,batch_c_scan_7x6,18362328,45476664,7915832
13:56:30,588107,batch_c_scan_7x6,18362356,45476664,7915804
13:56:31,588107,batch_c_scan_7x6,18362356,45476664,7915804
13:56:32,588107,batch_c_scan_7x6,18362364,45476664,7915796
13:56:33,588107,batch_c_scan_7x6,18362364,45476664,7915796
13:56:34,588107,batch_c_scan_7x6,18362412,45476664,7915748
13:56:35,588107,batch_c_scan_7x6,18362412,45476664,7915748
13:56:36,588107,batch_c_scan_7x6,18362412,45476664,7915748
13:56:37,588107,batch_c_scan_7x6,18362412,45476664,7915748
13:56:38,588107,batch_c_scan_7x6,18362420,45476664,7915740
13:56:39,588107,batch_c_scan_7x6,18362420,45476664,7915740
13:56:40,588107,batch_c_scan_7x6,18362420,45476664,7915740
13:56:41,588107,batch_c_scan_7x6,18362420,45476664,7915740
13:56:42,588107,batch_c_scan_7x6,18362432,45476664,7915728
13:56:43,588107,batch_c_scan_7x6,18362432,45476664,7915728
13:56:44,588107,batch_c_scan_7x6,18362448,45476664,7915712
13:56:45,588107,batch_c_scan_7x6,18362448,45476664,7915712
13:56:46,588107,batch_c_scan_7x6,18362448,45476664,7915712
13:56:47,588107,batch_c_scan_7x6,18362448,45476664,7915712
13:56:48,588107,batch_c_scan_7x6,18362452,45476664,7915708
13:56:49,588107,batch_c_scan_7x6,18362452,45476664,7915708
13:56:50,588107,batch_c_scan_7x6,18362480,45476664,7915680
13:56:51,588107,batch_c_scan_7x6,18362480,45476664,7915680
13:56:52,588107,batch_c_scan_7x6,18362480,45476664,7915680
13:56:53,588107,batch_c_scan_7x6,18362480,45476664,7915680
13:56:54,588107,batch_c_scan_7x6,18362500,45476664,7915660
13:56:55,588107,batch_c_scan_7x6,18362500,45476664,7915660
13:56:56,588107,batch_c_scan_7x6,18362516,45476664,7915644
13:56:57,588107,batch_c_scan_7x6,18362516,45476664,7915644
13:56:59,588107,batch_c_scan_7x6,18362524,45476664,7915636
13:57:00,588107,batch_c_scan_7x6,18362524,45476664,7915636
13:57:01,588107,batch_c_scan_7x6,18362532,45476664,7915628
13:57:02,588107,batch_c_scan_7x6,18362532,45476664,7915628
13:57:03,588107,batch_c_scan_7x6,18362556,45476664,7915604
13:57:04,588107,batch_c_scan_7x6,18362556,45476664,7915604
13:57:05,588107,batch_c_scan_7x6,18362560,45476664,7915600
13:57:06,588107,batch_c_scan_7x6,18362560,45476664,7915600
13:57:07,588107,batch_c_scan_7x6,18362564,45476664,7915596
13:57:08,588107,batch_c_scan_7x6,18362564,45476664,7915596
13:57:09,588107,batch_c_scan_7x6,18362564,45476664,7915596
13:57:10,588107,batch_c_scan_7x6,18362564,45476664,7915596
13:57:11,588107,batch_c_scan_7x6,18362564,45476664,7915596
13:57:12,588107,batch_c_scan_7x6,18362564,45476664,7915596
13:57:13,588107,batch_c_scan_7x6,18362592,45476664,7915568
13:57:14,588107,batch_c_scan_7x6,18362592,45476664,7915568
13:57:15,588107,batch_c_scan_7x6,18362592,45476664,7915568
13:57:16,588107,batch_c_scan_7x6,18362592,45476664,7915568
13:57:17,588107,batch_c_scan_7x6,18362604,45476664,7915556
13:57:18,588107,batch_c_scan_7x6,18362604,45476664,7915556
13:57:19,588107,batch_c_scan_7x6,18362616,45476664,7915544
13:57:20,588107,batch_c_scan_7x6,18362616,45476664,7915544
13:57:21,588107,batch_c_scan_7x6,18362620,45476664,7915540
13:57:22,588107,batch_c_scan_7x6,18362620,45476664,7915540
13:57:23,588107,batch_c_scan_7x6,18362628,45476664,7915532
13:57:24,588107,batch_c_scan_7x6,18362628,45476664,7915532
13:57:25,588107,batch_c_scan_7x6,18362632,45476664,7915528
13:57:26,588107,batch_c_scan_7x6,18362632,45476664,7915528
13:57:27,588107,batch_c_scan_7x6,18362664,45476664,7915496
13:57:28,588107,batch_c_scan_7x6,18362664,45476664,7915496
13:57:29,588107,batch_c_scan_7x6,18362664,45476664,7915496
13:57:30,588107,batch_c_scan_7x6,18362664,45476664,7915496
13:57:31,588107,batch_c_scan_7x6,18362696,45476664,7915464
13:57:32,588107,batch_c_scan_7x6,18362696,45476664,7915464
13:57:33,588107,batch_c_scan_7x6,18362696,45476664,7915464
13:57:34,588107,batch_c_scan_7x6,18362696,45476664,7915464
13:57:35,588107,batch_c_scan_7x6,18362704,45476664,7915456
13:57:36,588107,batch_c_scan_7x6,18362704,45476664,7915456
13:57:37,588107,batch_c_scan_7x6,18362708,45476664,7915452
13:57:38,588107,batch_c_scan_7x6,18362708,45476664,7915452
13:57:39,588107,batch_c_scan_7x6,18362724,45476664,7915436
13:57:40,588107,batch_c_scan_7x6,18362724,45476664,7915436
13:57:41,588107,batch_c_scan_7x6,18362728,45476664,7915432
13:57:42,588107,batch_c_scan_7x6,18362728,45476664,7915432
13:57:43,588107,batch_c_scan_7x6,18362732,45476664,7915428
13:57:44,588107,batch_c_scan_7x6,18362732,45476664,7915428
13:57:45,588107,batch_c_scan_7x6,18362736,45476664,7915424
13:57:46,588107,batch_c_scan_7x6,18362736,45476664,7915424
13:57:47,588107,batch_c_scan_7x6,18365920,45476664,7912240
13:57:48,588107,batch_c_scan_7x6,18365920,45476664,7912240
13:57:49,588107,batch_c_scan_7x6,18365920,45476664,7912240
13:57:50,588107,batch_c_scan_7x6,18365920,45476664,7912240
13:57:52,588107,batch_c_scan_7x6,18365940,45476664,7912220
13:57:53,588107,batch_c_scan_7x6,18365940,45476664,7912220
13:57:54,588107,batch_c_scan_7x6,18365948,45476664,7912212
13:57:55,588107,batch_c_scan_7x6,18365948,45476664,7912212
13:57:56,588107,batch_c_scan_7x6,18365956,45476664,7912204
13:57:57,588107,batch_c_scan_7x6,18365956,45476664,7912204
13:57:58,588107,batch_c_scan_7x6,18365956,45476664,7912204
13:57:59,588107,batch_c_scan_7x6,18365956,45476664,7912204
13:58:00,588107,batch_c_scan_7x6,18365968,45476664,7912192
13:58:01,588107,batch_c_scan_7x6,18365968,45476664,7912192
13:58:02,588107,batch_c_scan_7x6,18365968,45476664,7912192
13:58:03,588107,batch_c_scan_7x6,18365968,45476664,7912192
13:58:04,588107,batch_c_scan_7x6,18365968,45476664,7912192
13:58:05,588107,batch_c_scan_7x6,18365968,45476664,7912192
13:58:06,588107,batch_c_scan_7x6,18365968,45476664,7912192
13:58:07,588107,batch_c_scan_7x6,18365968,45476664,7912192
13:58:08,588107,batch_c_scan_7x6,18365968,45476664,7912192
13:58:09,588107,batch_c_scan_7x6,18365968,45476664,7912192
13:58:10,588107,batch_c_scan_7x6,18365968,45476664,7912192
13:58:11,588107,batch_c_scan_7x6,18365968,45476664,7912192
13:58:12,588107,batch_c_scan_7x6,18365968,45476664,7912192
13:58:13,588107,batch_c_scan_7x6,18365968,45476664,7912192
13:58:14,588107,batch_c_scan_7x6,18365968,45476664,7912192
13:58:15,588107,batch_c_scan_7x6,18365968,45476664,7912192
13:58:16,588107,batch_c_scan_7x6,18365988,45476664,7912172
13:58:17,588107,batch_c_scan_7x6,18365988,45476664,7912172
13:58:18,588107,batch_c_scan_7x6,18366056,45476664,7912104
13:58:19,588107,batch_c_scan_7x6,18366056,45476664,7912104
13:58:20,588107,batch_c_scan_7x6,18366056,45476664,7912104
13:58:21,588107,batch_c_scan_7x6,18366056,45476664,7912104
13:58:22,588107,batch_c_scan_7x6,18366056,45476664,7912104
13:58:23,588107,batch_c_scan_7x6,18366056,45476664,7912104
13:58:24,588107,batch_c_scan_7x6,18366116,45476664,7912044
13:58:25,588107,batch_c_scan_7x6,18366116,45476664,7912044
13:58:26,588107,batch_c_scan_7x6,18366116,45476664,7912044
13:58:27,588107,batch_c_scan_7x6,18366116,45476664,7912044
13:58:28,588107,batch_c_scan_7x6,18366116,45476664,7912044
13:58:29,588107,batch_c_scan_7x6,18366116,45476664,7912044
13:58:30,588107,batch_c_scan_7x6,18366136,45476664,7912024
13:58:31,588107,batch_c_scan_7x6,18366136,45476664,7912024
13:58:32,588107,batch_c_scan_7x6,18366136,45476664,7912024
13:58:33,588107,batch_c_scan_7x6,18366136,45476664,7912024
13:58:34,588107,batch_c_scan_7x6,18366152,45476664,7912008
13:58:35,588107,batch_c_scan_7x6,18366152,45476664,7912008
13:58:36,588107,batch_c_scan_7x6,18366152,45476664,7912008
13:58:37,588107,batch_c_scan_7x6,18366152,45476664,7912008
13:58:38,588107,batch_c_scan_7x6,18366772,45476664,7911388
13:58:39,588107,batch_c_scan_7x6,18366772,45476664,7911388
13:58:40,588107,batch_c_scan_7x6,18368864,45476664,7909296
13:58:41,588107,batch_c_scan_7x6,18368864,45476664,7909296
13:58:42,588107,batch_c_scan_7x6,18368868,45476664,7909292
13:58:43,588107,batch_c_scan_7x6,18368868,45476664,7909292
13:58:44,588107,batch_c_scan_7x6,18368896,45476664,7907240
13:58:46,588107,batch_c_scan_7x6,18370920,45476664,7907240
13:58:47,588107,batch_c_scan_7x6,18370944,45476664,7907240
13:58:48,588107,batch_c_scan_7x6,18370944,45476664,7907216
13:58:49,588107,batch_c_scan_7x6,18370968,45476664,7907216
13:58:50,588107,batch_c_scan_7x6,18370960,45476664,7907200
13:58:51,588107,batch_c_scan_7x6,18370984,45476664,7907200
13:58:52,588107,batch_c_scan_7x6,18371016,45476664,7907144
13:58:53,588107,batch_c_scan_7x6,18371040,45476664,7907144
13:58:54,588107,batch_c_scan_7x6,18371024,45476664,7907136
13:58:55,588107,batch_c_scan_7x6,18371024,45476664,7907136
13:58:56,588107,batch_c_scan_7x6,18371028,45476664,7907132
13:58:57,588107,batch_c_scan_7x6,18371028,45476664,7907132
13:58:58,588107,batch_c_scan_7x6,18371068,45476664,7907092
13:58:59,588107,batch_c_scan_7x6,18371068,45476664,7907092
13:59:00,588107,batch_c_scan_7x6,18371080,45476664,7907080
13:59:01,588107,batch_c_scan_7x6,18371080,45476664,7907080
13:59:02,588107,batch_c_scan_7x6,18371092,45476664,7907068
13:59:03,588107,batch_c_scan_7x6,18371092,45476664,7907068
13:59:04,588107,batch_c_scan_7x6,18371116,45476664,7907044
13:59:05,588107,batch_c_scan_7x6,18371116,45476664,7907044
13:59:06,588107,batch_c_scan_7x6,18371120,45476664,7907040
13:59:07,588107,batch_c_scan_7x6,18371120,45476664,7907040
13:59:08,588107,batch_c_scan_7x6,18371144,45476664,7907016
13:59:09,588107,batch_c_scan_7x6,18371144,45476664,7907016
13:59:10,588107,batch_c_scan_7x6,18371156,45476664,7907004
13:59:11,588107,batch_c_scan_7x6,18371156,45476664,7907004
13:59:12,588107,batch_c_scan_7x6,18371164,45476664,7906996
13:59:13,588107,batch_c_scan_7x6,18371164,45476664,7906996
13:59:14,588107,batch_c_scan_7x6,18371172,45476664,7906988
13:59:15,588107,batch_c_scan_7x6,18371172,45476664,7906988
13:59:16,588107,batch_c_scan_7x6,18371196,45476664,7906964
13:59:17,588107,batch_c_scan_7x6,18371196,45476664,7906964
13:59:18,588107,batch_c_scan_7x6,18371204,45476664,7906956
13:59:19,588107,batch_c_scan_7x6,18371204,45476664,7906956
13:59:20,588107,batch_c_scan_7x6,18371212,45476664,7906948
13:59:21,588107,batch_c_scan_7x6,18371212,45476664,7906948
13:59:22,588107,batch_c_scan_7x6,18371216,45476664,7906944
13:59:23,588107,batch_c_scan_7x6,18371216,45476664,7906944
13:59:24,588107,batch_c_scan_7x6,18371216,45476664,7906944
13:59:25,588107,batch_c_scan_7x6,18371216,45476664,7906944
13:59:26,588107,batch_c_scan_7x6,18371216,45476664,7906944
13:59:27,588107,batch_c_scan_7x6,18371216,45476664,7906944
13:59:28,588107,batch_c_scan_7x6,18371244,45476664,7906916
13:59:29,588107,batch_c_scan_7x6,18371244,45476664,7906916
13:59:30,588107,batch_c_scan_7x6,18371248,45476664,7906912
13:59:31,588107,batch_c_scan_7x6,18371248,45476664,7906912
13:59:32,588107,batch_c_scan_7x6,18371252,45476664,7906908
13:59:33,588107,batch_c_scan_7x6,18371252,45476664,7906908
13:59:34,588107,batch_c_scan_7x6,18371252,45476664,7906908
13:59:35,588107,batch_c_scan_7x6,18371252,45476664,7906908
13:59:36,588107,batch_c_scan_7x6,18371280,45476664,7906880
13:59:37,588107,batch_c_scan_7x6,18371280,45476664,7906880
13:59:39,588107,batch_c_scan_7x6,18371280,45476664,7906880
13:59:40,588107,batch_c_scan_7x6,18371280,45476664,7906880
13:59:41,588107,batch_c_scan_7x6,18371280,45476664,7906880
13:59:42,588107,batch_c_scan_7x6,18371280,45476664,7906880
13:59:43,588107,batch_c_scan_7x6,18371288,45476664,7906872
13:59:44,588107,batch_c_scan_7x6,18371288,45476664,7906872
13:59:45,588107,batch_c_scan_7x6,18371288,45476664,7906872
13:59:46,588107,batch_c_scan_7x6,18371288,45476664,7906872
13:59:47,588107,batch_c_scan_7x6,18371296,45476664,7906864
13:59:48,588107,batch_c_scan_7x6,18371296,45476664,7906864
13:59:49,588107,batch_c_scan_7x6,18371316,45476664,7906844
13:59:50,588107,batch_c_scan_7x6,18371316,45476664,7906844
13:59:51,588107,batch_c_scan_7x6,18371376,45476664,7906784
13:59:52,588107,batch_c_scan_7x6,18371376,45476664,7906784
13:59:53,588107,batch_c_scan_7x6,18371388,45476664,7906772
13:59:54,588107,batch_c_scan_7x6,18371388,45476664,7906772
13:59:55,588107,batch_c_scan_7x6,18371388,45476664,7906772
13:59:56,588107,batch_c_scan_7x6,18371388,45476664,7906772
13:59:57,588107,batch_c_scan_7x6,18371388,45476664,7906772
13:59:58,588107,batch_c_scan_7x6,18371388,45476664,7906772
13:59:59,588107,batch_c_scan_7x6,18371388,45476664,7906772
14:00:00,588107,batch_c_scan_7x6,18371388,45476664,7906772
14:00:01,588107,batch_c_scan_7x6,18371388,45476664,7906772
14:00:02,588107,batch_c_scan_7x6,18371388,45476664,7906772
14:00:03,588107,batch_c_scan_7x6,18371392,45476664,7906768
14:00:04,588107,batch_c_scan_7x6,18371392,45476664,7906768
14:00:05,588107,batch_c_scan_7x6,18371392,45476664,7906768
14:00:06,588107,batch_c_scan_7x6,18371392,45476664,7906768
14:00:07,588107,batch_c_scan_7x6,18371392,45476664,7906768
14:00:08,588107,batch_c_scan_7x6,18371392,45476664,7906768
14:00:09,588107,batch_c_scan_7x6,18371392,45476664,7906768
14:00:10,588107,batch_c_scan_7x6,18371392,45476664,7906768
14:00:11,588107,batch_c_scan_7x6,18371392,45476664,7906768
14:00:12,588107,batch_c_scan_7x6,18371392,45476664,7906768
14:00:13,588107,batch_c_scan_7x6,18371392,45476664,7906768
14:00:14,588107,batch_c_scan_7x6,18371392,45476664,7906768
14:00:15,588107,batch_c_scan_7x6,18371392,45476664,7906768
14:00:16,588107,batch_c_scan_7x6,18371392,45476664,7906768
14:00:17,588107,batch_c_scan_7x6,18371392,45476664,7906768
14:00:18,588107,batch_c_scan_7x6,18371392,45476664,7906768
14:00:19,588107,batch_c_scan_7x6,18371392,45476664,7906768
14:00:20,588107,batch_c_scan_7x6,18371392,45476664,7906768
14:00:21,588107,batch_c_scan_7x6,18371392,45476664,7906768
14:00:22,588107,batch_c_scan_7x6,18371392,45476664,7906768
14:00:23,588107,batch_c_scan_7x6,18371392,45476664,7906768
14:00:24,588107,batch_c_scan_7x6,18371392,45476664,7906768
14:00:25,588107,batch_c_scan_7x6,18371400,45476664,7906760
14:00:26,588107,batch_c_scan_7x6,18371400,45476664,7906760
14:00:27,588107,batch_c_scan_7x6,18371400,45476664,7906760
14:00:28,588107,batch_c_scan_7x6,18371400,45476664,7906760
14:00:29,588107,batch_c_scan_7x6,18371400,45476664,7906760
14:00:30,588107,batch_c_scan_7x6,18371400,45476664,7906760
14:00:32,588107,batch_c_scan_7x6,18371408,45476664,7906752
14:00:33,588107,batch_c_scan_7x6,18371408,45476664,7906752
14:00:34,588107,batch_c_scan_7x6,18371460,45476664,7906700
14:00:35,588107,batch_c_scan_7x6,18371460,45476664,7906700
14:00:36,588107,batch_c_scan_7x6,18371460,45476664,7906700
14:00:37,588107,batch_c_scan_7x6,18371460,45476664,7906700
14:00:38,588107,batch_c_scan_7x6,18371460,45476664,7906700
14:00:39,588107,batch_c_scan_7x6,18371460,45476664,7906700
14:00:40,588107,batch_c_scan_7x6,18371460,45476664,7906700
14:00:41,588107,batch_c_scan_7x6,18371460,45476664,7906700
14:00:42,588107,batch_c_scan_7x6,18371460,45476664,7906700
14:00:43,588107,batch_c_scan_7x6,18371460,45476664,7906700
14:00:44,588107,batch_c_scan_7x6,18371472,45476664,7906688
14:00:45,588107,batch_c_scan_7x6,18371472,45476664,7906688
14:00:46,588107,batch_c_scan_7x6,18371496,45476664,7906688
14:00:47,588107,batch_c_scan_7x6,18371472,45476664,7906688
14:00:48,588107,batch_c_scan_7x6,18371496,45476664,7906688
14:00:49,588107,batch_c_scan_7x6,18371472,45476664,7906688
14:00:50,588107,batch_c_scan_7x6,18371496,45476664,7906688
14:00:51,588107,batch_c_scan_7x6,18371472,45476664,7906688
14:00:52,588107,batch_c_scan_7x6,18371472,45476664,7906688
14:00:53,588107,batch_c_scan_7x6,18371472,45476664,7906688
14:00:54,588107,batch_c_scan_7x6,18371472,45476664,7906688
14:00:55,588107,batch_c_scan_7x6,18371492,45476664,7906668
14:00:56,588107,batch_c_scan_7x6,18371492,45476664,7906668
14:00:57,588107,batch_c_scan_7x6,18371492,45476664,7906668
14:00:58,588107,batch_c_scan_7x6,18371492,45476664,7906668
14:00:59,588107,batch_c_scan_7x6,18371508,45476664,7906652
14:01:00,588107,batch_c_scan_7x6,18371508,45476664,7906652
14:01:01,588107,batch_c_scan_7x6,18371516,45476664,7906644
14:01:02,588107,batch_c_scan_7x6,18371516,45476664,7906644
14:01:03,588107,batch_c_scan_7x6,18371516,45476664,7906644
14:01:04,588107,batch_c_scan_7x6,18371516,45476664,7906644
14:01:05,588107,batch_c_scan_7x6,18371516,45476664,7906644
14:01:06,588107,batch_c_scan_7x6,18371516,45476664,7906644
14:01:07,588107,batch_c_scan_7x6,18371516,45476664,7906644
14:01:08,588107,batch_c_scan_7x6,18371516,45476664,7906644
14:01:09,588107,batch_c_scan_7x6,18371528,45476664,7906632
14:01:10,588107,batch_c_scan_7x6,18371528,45476664,7906632
14:01:11,588107,batch_c_scan_7x6,18371536,45476664,7906624
14:01:12,588107,batch_c_scan_7x6,18371536,45476664,7906624
14:01:13,588107,batch_c_scan_7x6,18371536,45476664,7906624
14:01:14,588107,batch_c_scan_7x6,18371536,45476664,7906624
14:01:15,588107,batch_c_scan_7x6,18371536,45476664,7906624
14:01:16,588107,batch_c_scan_7x6,18371536,45476664,7906624
14:01:17,588107,batch_c_scan_7x6,18371552,45476664,7906608
14:01:18,588107,batch_c_scan_7x6,18371552,45476664,7906608
14:01:19,588107,batch_c_scan_7x6,18371552,45476664,7906608
14:01:20,588107,batch_c_scan_7x6,18371552,45476664,7906608
14:01:21,588107,batch_c_scan_7x6,18371584,45476664,7906576
14:01:22,588107,batch_c_scan_7x6,18371584,45476664,7906576
14:01:23,588107,batch_c_scan_7x6,18371596,45476664,7906564
14:01:24,588107,batch_c_scan_7x6,18371596,45476664,7906564
14:01:26,588107,batch_c_scan_7x6,18371600,45476664,7906560
14:01:27,588107,batch_c_scan_7x6,18373616,45476664,7904544
14:01:28,588107,batch_c_scan_7x6,18373620,45476664,7904540
14:01:29,588107,batch_c_scan_7x6,18375608,45476664,7902552
14:01:30,588107,batch_c_scan_7x6,18375608,45476664,7902552
14:01:31,588107,batch_c_scan_7x6,18375608,45476664,7902552
14:01:32,588107,batch_c_scan_7x6,18375608,45476664,7902552
14:01:33,588107,batch_c_scan_7x6,18375608,45476664,7902552
14:01:34,588107,batch_c_scan_7x6,18375608,45476664,7902552
14:01:35,588107,batch_c_scan_7x6,18377596,45476664,7900564
14:01:36,588107,batch_c_scan_7x6,18377616,45476664,7900544
14:01:37,588107,batch_c_scan_7x6,18379604,45476664,7898556
14:01:38,588107,batch_c_scan_7x6,18379604,45476664,7898556
14:01:39,588107,batch_c_scan_7x6,18379604,45476664,7898556
14:01:40,588107,batch_c_scan_7x6,18379604,45476664,7898556
14:01:41,588107,batch_c_scan_7x6,18379604,45476664,7898556
14:01:42,588107,batch_c_scan_7x6,18379604,45476664,7898556
14:01:43,588107,batch_c_scan_7x6,18379604,45476664,7898556
14:01:44,588107,batch_c_scan_7x6,18379604,45476664,7898556
14:01:45,588107,batch_c_scan_7x6,18379604,45476664,7898556
14:01:46,588107,batch_c_scan_7x6,18379628,45476664,7898532
14:01:47,588107,batch_c_scan_7x6,18379628,45476664,7898532
14:01:48,588107,batch_c_scan_7x6,18379640,45476664,7898520
14:01:49,588107,batch_c_scan_7x6,18379640,45476664,7898520
14:01:50,588107,batch_c_scan_7x6,18379644,45476664,7898516
14:01:51,588107,batch_c_scan_7x6,18379644,45476664,7898516
14:01:52,588107,batch_c_scan_7x6,18379644,45476664,7898516
14:01:53,588107,batch_c_scan_7x6,18379644,45476664,7898516
14:01:54,588107,batch_c_scan_7x6,18379668,45476664,7898516
14:01:55,588107,batch_c_scan_7x6,18379644,45476664,7898516
14:01:56,588107,batch_c_scan_7x6,18379668,45476664,7898516
14:01:57,588107,batch_c_scan_7x6,18379652,45476664,7898508
14:01:58,588107,batch_c_scan_7x6,18379652,45476664,7898508
14:01:59,588107,batch_c_scan_7x6,18379652,45476664,7898508
14:02:00,588107,batch_c_scan_7x6,18379652,45476664,7898508
14:02:01,588107,batch_c_scan_7x6,18379656,45476664,7898504
14:02:02,588107,batch_c_scan_7x6,18379656,45476664,7898504
14:02:03,588107,batch_c_scan_7x6,18379656,45476664,7898504
14:02:04,588107,batch_c_scan_7x6,18379656,45476664,7898504
14:02:05,588107,batch_c_scan_7x6,18379656,45476664,7898504
14:02:06,588107,batch_c_scan_7x6,18379656,45476664,7898504
14:02:07,588107,batch_c_scan_7x6,18379656,45476664,7898504
14:02:08,588107,batch_c_scan_7x6,18379656,45476664,7898504
14:02:09,588107,batch_c_scan_7x6,18379656,45476664,7898504
14:02:10,588107,batch_c_scan_7x6,18379656,45476664,7898504
14:02:11,588107,batch_c_scan_7x6,18379656,45476664,7898504
14:02:12,588107,batch_c_scan_7x6,18379656,45476664,7898504
14:02:13,588107,batch_c_scan_7x6,18379656,45476664,7898504
14:02:14,588107,batch_c_scan_7x6,18379656,45476664,7898504
14:02:15,588107,batch_c_scan_7x6,18379708,45476664,7898452
14:02:16,588107,batch_c_scan_7x6,18379708,45476664,7898452
14:02:17,588107,batch_c_scan_7x6,18379708,45476664,7898452
14:02:19,588107,batch_c_scan_7x6,18379708,45476664,7898452
14:02:20,588107,batch_c_scan_7x6,18379728,45476664,7898432
14:02:21,588107,batch_c_scan_7x6,18379728,45476664,7898432
14:02:22,588107,batch_c_scan_7x6,18379728,45476664,7898432
14:02:23,588107,batch_c_scan_7x6,18379728,45476664,7898432
14:02:24,588107,batch_c_scan_7x6,18379728,45476664,7898432
14:02:25,588107,batch_c_scan_7x6,18379728,45476664,7898432
14:02:26,588107,batch_c_scan_7x6,18379728,45476664,7898432
14:02:27,588107,batch_c_scan_7x6,18379728,45476664,7898432
14:02:28,588107,batch_c_scan_7x6,18379728,45476664,7898432
14:02:29,588107,batch_c_scan_7x6,18379728,45476664,7898432
14:02:30,588107,batch_c_scan_7x6,18379740,45476664,7898420
14:02:31,588107,batch_c_scan_7x6,18379740,45476664,7898420
14:02:32,588107,batch_c_scan_7x6,18379740,45476664,7898420
14:02:33,588107,batch_c_scan_7x6,18379740,45476664,7898420
14:02:34,588107,batch_c_scan_7x6,18379740,45476664,7898420
14:02:35,588107,batch_c_scan_7x6,18379740,45476664,7898420
14:02:36,588107,batch_c_scan_7x6,18379740,45476664,7898420
14:02:37,588107,batch_c_scan_7x6,18379740,45476664,7898420
14:02:38,588107,batch_c_scan_7x6,18379740,45476664,7898420
14:02:39,588107,batch_c_scan_7x6,18379740,45476664,7898420
14:02:40,588107,batch_c_scan_7x6,18379820,45476664,7898340
14:02:41,588107,batch_c_scan_7x6,18379820,45476664,7898340
14:02:42,588107,batch_c_scan_7x6,18379820,45476664,7898340
14:02:43,588107,batch_c_scan_7x6,18379820,45476664,7898340
14:02:44,588107,batch_c_scan_7x6,18379820,45476664,7898340
14:02:45,588107,batch_c_scan_7x6,18379820,45476664,7898340
14:02:46,588107,batch_c_scan_7x6,18379820,45476664,7898340
14:02:47,588107,batch_c_scan_7x6,18379820,45476664,7898340
14:02:48,588107,batch_c_scan_7x6,18379820,45476664,7898340
14:02:49,588107,batch_c_scan_7x6,18379820,45476664,7898340
14:02:50,588107,batch_c_scan_7x6,18379820,45476664,7898340
14:02:51,588107,batch_c_scan_7x6,18379820,45476664,7898340
14:02:52,588107,batch_c_scan_7x6,18379820,45476664,7898340
14:02:53,588107,batch_c_scan_7x6,18379820,45476664,7898340
14:02:54,588107,batch_c_scan_7x6,18379820,45476664,7898340
14:02:55,588107,batch_c_scan_7x6,18379820,45476664,7898340
14:02:56,588107,batch_c_scan_7x6,18379844,45476664,7898340
14:02:57,588107,batch_c_scan_7x6,18379820,45476664,7898340
14:02:58,588107,batch_c_scan_7x6,18379820,45476664,7898340
14:02:59,588107,batch_c_scan_7x6,18379820,45476664,7898340
14:03:00,588107,batch_c_scan_7x6,18379820,45476664,7898340
14:03:01,588107,batch_c_scan_7x6,18379820,45476664,7898340
14:03:02,588107,batch_c_scan_7x6,18379820,45476664,7898340
14:03:03,588107,batch_c_scan_7x6,18379820,45476664,7898340
14:03:04,588107,batch_c_scan_7x6,18379820,45476664,7898340
14:03:05,588107,batch_c_scan_7x6,18379820,45476664,7898340
14:03:06,588107,batch_c_scan_7x6,18379820,45476664,7898340
14:03:07,588107,batch_c_scan_7x6,18379820,45476664,7898340
14:03:08,588107,batch_c_scan_7x6,18379820,45476664,7898340
14:03:09,588107,batch_c_scan_7x6,18379820,45476664,7898340
14:03:10,588107,batch_c_scan_7x6,18379820,45476664,7898340
14:03:11,588107,batch_c_scan_7x6,18379820,45476664,7898340
14:03:13,588107,batch_c_scan_7x6,18379820,45476664,7898340
14:03:14,588107,batch_c_scan_7x6,18379864,45476664,7898296
14:03:15,588107,batch_c_scan_7x6,18379864,45476664,7898296
14:03:16,588107,batch_c_scan_7x6,18379864,45476664,7898296
14:03:17,588107,batch_c_scan_7x6,18379864,45476664,7898296
14:03:18,588107,batch_c_scan_7x6,18379864,45476664,7898296
14:03:19,588107,batch_c_scan_7x6,18379864,45476664,7898296
14:03:20,588107,batch_c_scan_7x6,18379864,45476664,7898296
14:03:21,588107,batch_c_scan_7x6,18379864,45476664,7898296
14:03:22,588107,batch_c_scan_7x6,18379864,45476664,7898296
14:03:23,588107,batch_c_scan_7x6,18379864,45476664,7898296
14:03:24,588107,batch_c_scan_7x6,18379864,45476664,7898296
14:03:25,588107,batch_c_scan_7x6,18379864,45476664,7898296
14:03:26,588107,batch_c_scan_7x6,18379864,45476664,7898296
14:03:27,588107,batch_c_scan_7x6,18379864,45476664,7898296
14:03:28,588107,batch_c_scan_7x6,18379888,45476664,7898272
14:03:29,588107,batch_c_scan_7x6,18379888,45476664,7898272
14:03:30,588107,batch_c_scan_7x6,18379904,45476664,7898256
14:03:31,588107,batch_c_scan_7x6,18379904,45476664,7898256
14:03:32,588107,batch_c_scan_7x6,18379904,45476664,7898256
14:03:33,588107,batch_c_scan_7x6,18379904,45476664,7898256
14:03:34,588107,batch_c_scan_7x6,18379904,45476664,7898256
14:03:35,588107,batch_c_scan_7x6,18379904,45476664,7898256
14:03:36,588107,batch_c_scan_7x6,18379912,45476664,7898248
14:03:37,588107,batch_c_scan_7x6,18379912,45476664,7898248
14:03:38,588107,batch_c_scan_7x6,18379912,45476664,7898248
14:03:39,588107,batch_c_scan_7x6,18379912,45476664,7898248
14:03:40,588107,batch_c_scan_7x6,18379916,45476664,7898244
14:03:41,588107,batch_c_scan_7x6,18379916,45476664,7898244
14:03:42,588107,batch_c_scan_7x6,18379916,45476664,7898244
14:03:43,588107,batch_c_scan_7x6,18379916,45476664,7898244
14:03:44,588107,batch_c_scan_7x6,18379916,45476664,7898244
14:03:45,588107,batch_c_scan_7x6,18379932,45476664,7898228
14:03:46,588107,batch_c_scan_7x6,18379956,45476664,7898228
14:03:47,588107,batch_c_scan_7x6,18379952,45476664,7898208
14:03:48,588107,batch_c_scan_7x6,18379952,45476664,7898208
14:03:49,588107,batch_c_scan_7x6,18379976,45476664,7898184
14:03:50,588107,batch_c_scan_7x6,18379976,45476664,7898184
14:03:51,588107,batch_c_scan_7x6,18379976,45476664,7898184
14:03:52,588107,batch_c_scan_7x6,18379976,45476664,7898184
14:03:53,588107,batch_c_scan_7x6,18379980,45476664,7898180
14:03:54,588107,batch_c_scan_7x6,18379980,45476664,7898180
14:03:55,588107,batch_c_scan_7x6,18379984,45476664,7898176
14:03:56,588107,batch_c_scan_7x6,18379984,45476664,7898176
14:03:57,588107,batch_c_scan_7x6,18379992,45476664,7898168
14:03:58,588107,batch_c_scan_7x6,18379992,45476664,7898168
14:03:59,588107,batch_c_scan_7x6,18379992,45476664,7898168
14:04:00,588107,batch_c_scan_7x6,18379992,45476664,7898168
14:04:01,588107,batch_c_scan_7x6,18379996,45476664,7898164
14:04:02,588107,batch_c_scan_7x6,18379996,45476664,7898164
14:04:03,588107,batch_c_scan_7x6,18380004,45476664,7898156
14:04:04,588107,batch_c_scan_7x6,18380004,45476664,7898156
14:04:06,588107,batch_c_scan_7x6,18380008,45476664,7898152
14:04:07,588107,batch_c_scan_7x6,18380008,45476664,7898152
14:04:08,588107,batch_c_scan_7x6,18380008,45476664,7898152
14:04:09,588107,batch_c_scan_7x6,18380008,45476664,7898152
14:04:10,588107,batch_c_scan_7x6,18380008,45476664,7898152
14:04:11,588107,batch_c_scan_7x6,18380008,45476664,7898152
14:04:12,588107,batch_c_scan_7x6,18380016,45476664,7898144
14:04:13,588107,batch_c_scan_7x6,18380016,45476664,7898144
14:04:14,588107,batch_c_scan_7x6,18380016,45476664,7898144
14:04:15,588107,batch_c_scan_7x6,18380016,45476664,7898144
14:04:16,588107,batch_c_scan_7x6,18380020,45476664,7898140
14:04:17,588107,batch_c_scan_7x6,18380020,45476664,7898140
14:04:18,588107,batch_c_scan_7x6,18380020,45476664,7898140
14:04:19,588107,batch_c_scan_7x6,18380020,45476664,7898140
14:04:20,588107,batch_c_scan_7x6,18380036,45476664,7898124
14:04:21,588107,batch_c_scan_7x6,18380036,45476664,7898124
14:04:22,588107,batch_c_scan_7x6,18380036,45476664,7898124
14:04:23,588107,batch_c_scan_7x6,18380036,45476664,7898124
14:04:24,588107,batch_c_scan_7x6,18380044,45476664,7898116
14:04:25,588107,batch_c_scan_7x6,18380044,45476664,7898116
14:04:26,588107,batch_c_scan_7x6,18380044,45476664,7898116
14:04:27,588107,batch_c_scan_7x6,18380044,45476664,7898116
14:04:28,588107,batch_c_scan_7x6,18380068,45476664,7898116
14:04:29,588107,batch_c_scan_7x6,18380048,45476664,7898112
14:04:30,588107,batch_c_scan_7x6,18380048,45476664,7898112
14:04:31,588107,batch_c_scan_7x6,18380048,45476664,7898112
14:04:32,588107,batch_c_scan_7x6,18380048,45476664,7898112
14:04:33,588107,batch_c_scan_7x6,18380048,45476664,7898112
14:04:34,588107,batch_c_scan_7x6,18380048,45476664,7898112
14:04:35,588107,batch_c_scan_7x6,18380048,45476664,7898112
14:04:36,588107,batch_c_scan_7x6,18380048,45476664,7898112
14:04:37,588107,batch_c_scan_7x6,18380068,45476664,7898092
14:04:38,588107,batch_c_scan_7x6,18380068,45476664,7898092
14:04:39,588107,batch_c_scan_7x6,18380068,45476664,7898092
14:04:40,588107,batch_c_scan_7x6,18380068,45476664,7898092
14:04:41,588107,batch_c_scan_7x6,18380068,45476664,7898092
14:04:42,588107,batch_c_scan_7x6,18380068,45476664,7898092
14:04:43,588107,batch_c_scan_7x6,18380068,45476664,7898092
14:04:44,588107,batch_c_scan_7x6,18380068,45476664,7898092
14:04:45,588107,batch_c_scan_7x6,18380068,45476664,7898092
14:04:46,588107,batch_c_scan_7x6,18380068,45476664,7898092
14:04:47,588107,batch_c_scan_7x6,18380080,45476664,7898080
14:04:48,588107,batch_c_scan_7x6,18380080,45476664,7898080
14:04:49,588107,batch_c_scan_7x6,18380080,45476664,7898080
14:04:50,588107,batch_c_scan_7x6,18380080,45476664,7898080
14:04:51,588107,batch_c_scan_7x6,18380112,45476664,7898048
14:04:52,588107,batch_c_scan_7x6,18380112,45476664,7898048
14:04:53,588107,batch_c_scan_7x6,18380140,45476664,7898020
14:04:54,588107,batch_c_scan_7x6,18380140,45476664,7898020
14:04:55,588107,batch_c_scan_7x6,18380148,45476664,7898012
14:04:56,588107,batch_c_scan_7x6,18380148,45476664,7898012
14:04:57,588107,batch_c_scan_7x6,18380148,45476664,7898012
14:04:58,588107,batch_c_scan_7x6,18380148,45476664,7898012
14:05:00,588107,batch_c_scan_7x6,18380148,45476664,7898012
14:05:01,588107,batch_c_scan_7x6,18380148,45476664,7898012
14:05:02,588107,batch_c_scan_7x6,18380148,45476664,7898012
14:05:03,588107,batch_c_scan_7x6,18380148,45476664,7898012
14:05:04,588107,batch_c_scan_7x6,18380148,45476664,7898012
14:05:05,588107,batch_c_scan_7x6,18380148,45476664,7898012
14:05:06,588107,batch_c_scan_7x6,18380160,45476664,7898000
14:05:07,588107,batch_c_scan_7x6,18380160,45476664,7898000
14:05:08,588107,batch_c_scan_7x6,18380160,45476664,7898000
14:05:09,588107,batch_c_scan_7x6,18380160,45476664,7898000
14:05:10,588107,batch_c_scan_7x6,18380184,45476664,7898000
14:05:11,588107,batch_c_scan_7x6,18380180,45476664,7897980
14:05:12,588107,batch_c_scan_7x6,18380180,45476664,7897980
14:05:13,588107,batch_c_scan_7x6,18380184,45476664,7897976
14:05:14,588107,batch_c_scan_7x6,18380184,45476664,7897976
14:05:15,588107,batch_c_scan_7x6,18380184,45476664,7897976
14:05:16,588107,batch_c_scan_7x6,18380184,45476664,7897976
14:05:17,588107,batch_c_scan_7x6,18380184,45476664,7897976
14:05:18,588107,batch_c_scan_7x6,18380184,45476664,7897976
14:05:19,588107,batch_c_scan_7x6,18380188,45476664,7897972
14:05:20,588107,batch_c_scan_7x6,18380188,45476664,7897972
14:05:21,588107,batch_c_scan_7x6,18380188,45476664,7897972
14:05:22,588107,batch_c_scan_7x6,18380188,45476664,7897972
14:05:23,588107,batch_c_scan_7x6,18380188,45476664,7897972
14:05:24,588107,batch_c_scan_7x6,18380188,45476664,7897972
14:05:25,588107,batch_c_scan_7x6,18380188,45476664,7897972
14:05:26,588107,batch_c_scan_7x6,18380188,45476664,7897972
14:05:27,588107,batch_c_scan_7x6,18380188,45476664,7897972
14:05:28,588107,batch_c_scan_7x6,18380188,45476664,7897972
14:05:29,588107,batch_c_scan_7x6,18380188,45476664,7897972
14:05:30,588107,batch_c_scan_7x6,18380188,45476664,7897972
14:05:31,588107,batch_c_scan_7x6,18380212,45476664,7897948
14:05:32,588107,batch_c_scan_7x6,18380212,45476664,7897948
14:05:33,588107,batch_c_scan_7x6,18380212,45476664,7897948
14:05:34,588107,batch_c_scan_7x6,18380212,45476664,7897948
14:05:35,588107,batch_c_scan_7x6,18380212,45476664,7897948
14:05:36,588107,batch_c_scan_7x6,18380212,45476664,7897948
14:05:37,588107,batch_c_scan_7x6,18380212,45476664,7897948
14:05:38,588107,batch_c_scan_7x6,18380212,45476664,7897948
14:05:39,588107,batch_c_scan_7x6,18380212,45476664,7897948
14:05:40,588107,batch_c_scan_7x6,18380212,45476664,7897948
14:05:41,588107,batch_c_scan_7x6,18380212,45476664,7897948
14:05:42,588107,batch_c_scan_7x6,18380212,45476664,7897948
14:05:43,588107,batch_c_scan_7x6,18380212,45476664,7897948
14:05:44,588107,batch_c_scan_7x6,18380212,45476664,7897948
14:05:45,588107,batch_c_scan_7x6,18380240,45476664,7897920
14:05:46,588107,batch_c_scan_7x6,18380240,45476664,7897920
14:05:47,588107,batch_c_scan_7x6,18380240,45476664,7897920
14:05:48,588107,batch_c_scan_7x6,18380240,45476664,7897920
14:05:49,588107,batch_c_scan_7x6,18380264,45476664,7897920
14:05:50,588107,batch_c_scan_7x6,18380296,45476664,7897864
14:05:51,588107,batch_c_scan_7x6,18380296,45476664,7897864
14:05:53,588107,batch_c_scan_7x6,18380296,45476664,7897864
14:05:54,588107,batch_c_scan_7x6,18380296,45476664,7897864
14:05:55,588107,batch_c_scan_7x6,18380320,45476664,7897840
14:05:56,588107,batch_c_scan_7x6,18380320,45476664,7897840
14:05:57,588107,batch_c_scan_7x6,18380324,45476664,7897836
14:05:58,588107,batch_c_scan_7x6,18380324,45476664,7897836
14:05:59,588107,batch_c_scan_7x6,18380324,45476664,7897836
14:06:00,588107,batch_c_scan_7x6,18380324,45476664,7897836
14:06:01,588107,batch_c_scan_7x6,18380324,45476664,7897836
14:06:02,588107,batch_c_scan_7x6,18380324,45476664,7897836
14:06:03,588107,batch_c_scan_7x6,18384108,45476664,7894052
14:06:04,588107,batch_c_scan_7x6,18384108,45476664,7894052
14:06:05,588107,batch_c_scan_7x6,18384112,45476664,7894048
14:06:06,588107,batch_c_scan_7x6,18384112,45476664,7894048
14:06:07,588107,batch_c_scan_7x6,18384132,45476664,7894028
14:06:08,588107,batch_c_scan_7x6,18384132,45476664,7894028
14:06:09,588107,batch_c_scan_7x6,18384160,45476664,7894000
14:06:10,588107,batch_c_scan_7x6,18384160,45476664,7894000
14:06:11,588107,batch_c_scan_7x6,18384160,45476664,7894000
14:06:12,588107,batch_c_scan_7x6,18384160,45476664,7894000
14:06:13,588107,batch_c_scan_7x6,18384180,45476664,7893980
14:06:14,588107,batch_c_scan_7x6,18384180,45476664,7893980
14:06:15,588107,batch_c_scan_7x6,18384192,45476664,7893968
14:06:16,588107,batch_c_scan_7x6,18384192,45476664,7893968
14:06:17,588107,batch_c_scan_7x6,18384192,45476664,7893968
14:06:18,588107,batch_c_scan_7x6,18384192,45476664,7893968
14:06:19,588107,batch_c_scan_7x6,18384192,45476664,7893968
14:06:20,588107,batch_c_scan_7x6,18384196,45476664,7893964
14:06:21,588107,batch_c_scan_7x6,18384200,45476664,7893960
14:06:22,588107,batch_c_scan_7x6,18384200,45476664,7893960
14:06:23,588107,batch_c_scan_7x6,18384220,45476664,7893940
14:06:24,588107,batch_c_scan_7x6,18384220,45476664,7893940
14:06:25,588107,batch_c_scan_7x6,18384244,45476664,7893940
14:06:26,588107,batch_c_scan_7x6,18384220,45476664,7893940
14:06:27,588107,batch_c_scan_7x6,18384220,45476664,7893940
14:06:28,588107,batch_c_scan_7x6,18384220,45476664,7893940
14:06:29,588107,batch_c_scan_7x6,18384220,45476664,7893940
14:06:30,588107,batch_c_scan_7x6,18384220,45476664,7893940
14:06:31,588107,batch_c_scan_7x6,18384220,45476664,7893940
14:06:32,588107,batch_c_scan_7x6,18384220,45476664,7893940
14:06:33,588107,batch_c_scan_7x6,18384220,45476664,7893940
14:06:34,588107,batch_c_scan_7x6,18384224,45476664,7893936
14:06:35,588107,batch_c_scan_7x6,18384224,45476664,7893936
14:06:36,588107,batch_c_scan_7x6,18384252,45476664,7893908
14:06:37,588107,batch_c_scan_7x6,18384252,45476664,7893908
14:06:38,588107,batch_c_scan_7x6,18384256,45476664,7893904
14:06:39,588107,batch_c_scan_7x6,18386272,45476664,7891888
14:06:40,588107,batch_c_scan_7x6,18386272,45476664,7891888
14:06:41,588107,batch_c_scan_7x6,18386272,45476664,7891888
14:06:42,588107,batch_c_scan_7x6,18386304,45476664,7891856
14:06:43,588107,batch_c_scan_7x6,18386304,45476664,7891856
14:06:44,588107,batch_c_scan_7x6,18386308,45476664,7891852
14:06:45,588107,batch_c_scan_7x6,18386308,45476664,7891852
14:06:47,588107,batch_c_scan_7x6,18386308,45476664,7891852
14:06:48,588107,batch_c_scan_7x6,18386308,45476664,7891852
14:06:49,588107,batch_c_scan_7x6,18386308,45476664,7891852
14:06:50,588107,batch_c_scan_7x6,18386308,45476664,7891852
14:06:51,588107,batch_c_scan_7x6,18386308,45476664,7891852
14:06:52,588107,batch_c_scan_7x6,18386312,45476664,7891848
14:06:53,588107,batch_c_scan_7x6,18386320,45476664,7891840
14:06:54,588107,batch_c_scan_7x6,18386320,45476664,7891840
14:06:55,588107,batch_c_scan_7x6,18386328,45476664,7891832
14:06:56,588107,batch_c_scan_7x6,18386328,45476664,7891832
14:06:57,588107,batch_c_scan_7x6,18386352,45476664,7891832
14:06:58,588107,batch_c_scan_7x6,18386332,45476664,7891828
14:06:59,588107,batch_c_scan_7x6,18386332,45476664,7891828
14:07:00,588107,batch_c_scan_7x6,18386372,45476664,7891788
14:07:01,588107,batch_c_scan_7x6,18386372,45476664,7891788
14:07:02,588107,batch_c_scan_7x6,18386376,45476664,7891784
14:07:03,588107,batch_c_scan_7x6,18386376,45476664,7891784
14:07:04,588107,batch_c_scan_7x6,18386376,45476664,7891784
14:07:05,588107,batch_c_scan_7x6,18386376,45476664,7891784
14:07:06,588107,batch_c_scan_7x6,18386384,45476664,7891776
14:07:07,588107,batch_c_scan_7x6,18386384,45476664,7891776
14:07:08,588107,batch_c_scan_7x6,18386388,45476664,7891772
14:07:09,588107,batch_c_scan_7x6,18386388,45476664,7891772
14:07:10,588107,batch_c_scan_7x6,18386388,45476664,7891772
14:07:11,588107,batch_c_scan_7x6,18386388,45476664,7891772
14:07:12,588107,batch_c_scan_7x6,18386388,45476664,7891772
14:07:13,588107,batch_c_scan_7x6,18386388,45476664,7891772
14:07:14,588107,batch_c_scan_7x6,18386396,45476664,7891764
14:07:15,588107,batch_c_scan_7x6,18386396,45476664,7891764
14:07:16,588107,batch_c_scan_7x6,18386400,45476664,7891760
14:07:17,588107,batch_c_scan_7x6,18386400,45476664,7891760
14:07:18,588107,batch_c_scan_7x6,18386532,45476664,7891628
14:07:19,588107,batch_c_scan_7x6,18386532,45476664,7891628
14:07:20,588107,batch_c_scan_7x6,18386532,45476664,7891628
14:07:21,588107,batch_c_scan_7x6,18386532,45476664,7891628
14:07:22,588107,batch_c_scan_7x6,18386532,45476664,7891628
14:07:23,588107,batch_c_scan_7x6,18386532,45476664,7891628
14:07:24,588107,batch_c_scan_7x6,18386532,45476664,7891628
14:07:25,588107,batch_c_scan_7x6,18386536,45476664,7891624
14:07:26,588107,batch_c_scan_7x6,18386536,45476664,7891624
14:07:27,588107,batch_c_scan_7x6,18386536,45476664,7891624
14:07:28,588107,batch_c_scan_7x6,18386536,45476664,7891624
14:07:29,588107,batch_c_scan_7x6,18386536,45476664,7891624
14:07:30,588107,batch_c_scan_7x6,18386560,45476664,7891624
14:07:31,588107,batch_c_scan_7x6,18386536,45476664,7891624
14:07:32,588107,batch_c_scan_7x6,18386536,45476664,7891624
14:07:33,588107,batch_c_scan_7x6,18386556,45476664,7891604
14:07:34,588107,batch_c_scan_7x6,18386556,45476664,7891604
14:07:35,588107,batch_c_scan_7x6,18386556,45476664,7891604
14:07:36,588107,batch_c_scan_7x6,18386556,45476664,7891604
14:07:37,588107,batch_c_scan_7x6,18386560,45476664,7891600
14:07:38,588107,batch_c_scan_7x6,18386560,45476664,7891600
14:07:40,588107,batch_c_scan_7x6,18386560,45476664,7891600
14:07:41,588107,batch_c_scan_7x6,18386560,45476664,7891600
14:07:42,588107,batch_c_scan_7x6,18386564,45476664,7891596
14:07:43,588107,batch_c_scan_7x6,18386564,45476664,7891596
14:07:44,588107,batch_c_scan_7x6,18386564,45476664,7891596
14:07:45,588107,batch_c_scan_7x6,18386564,45476664,7891596
14:07:46,588107,batch_c_scan_7x6,18386576,45476664,7891584
14:07:47,588107,batch_c_scan_7x6,18386576,45476664,7891584
14:07:48,588107,batch_c_scan_7x6,18386576,45476664,7891584
14:07:49,588107,batch_c_scan_7x6,18386576,45476664,7891584
14:07:50,588107,batch_c_scan_7x6,18386576,45476664,7891584
14:07:51,588107,batch_c_scan_7x6,18386576,45476664,7891584
14:07:52,588107,batch_c_scan_7x6,18386584,45476664,7891576
14:07:53,588107,batch_c_scan_7x6,18386584,45476664,7891576
14:07:54,588107,batch_c_scan_7x6,18386588,45476664,7891572
14:07:55,588107,batch_c_scan_7x6,18386588,45476664,7891572
14:07:56,588107,batch_c_scan_7x6,18386588,45476664,7891572
14:07:57,588107,batch_c_scan_7x6,18386588,45476664,7891572
14:07:58,588107,batch_c_scan_7x6,18386592,45476664,7891568
14:07:59,588107,batch_c_scan_7x6,18386592,45476664,7891568
14:08:00,588107,batch_c_scan_7x6,18386616,45476664,7891568
14:08:01,588107,batch_c_scan_7x6,18386592,45476664,7891568
14:08:02,588107,batch_c_scan_7x6,18386592,45476664,7891568
14:08:03,588107,batch_c_scan_7x6,18386592,45476664,7891568
14:08:04,588107,batch_c_scan_7x6,18386592,45476664,7891568
14:08:05,588107,batch_c_scan_7x6,18386592,45476664,7891568
14:08:06,588107,batch_c_scan_7x6,18386592,45476664,7891568
14:08:07,588107,batch_c_scan_7x6,18386592,45476664,7891568
14:08:08,588107,batch_c_scan_7x6,18386592,45476664,7891568
14:08:09,588107,batch_c_scan_7x6,18386616,45476664,7891544
14:08:10,588107,batch_c_scan_7x6,18386616,45476664,7891544
14:08:11,588107,batch_c_scan_7x6,18386616,45476664,7891544
14:08:12,588107,batch_c_scan_7x6,18386616,45476664,7891544
14:08:13,588107,batch_c_scan_7x6,18386620,45476664,7891540
14:08:14,588107,batch_c_scan_7x6,18386620,45476664,7891540
14:08:15,588107,batch_c_scan_7x6,18386624,45476664,7891536
14:08:16,588107,batch_c_scan_7x6,18386624,45476664,7891536
14:08:17,588107,batch_c_scan_7x6,18386624,45476664,7891536
14:08:18,588107,batch_c_scan_7x6,18386624,45476664,7891536
14:08:19,588107,batch_c_scan_7x6,18386628,45476664,7891532
14:08:20,588107,batch_c_scan_7x6,18386628,45476664,7891532
14:08:21,588107,batch_c_scan_7x6,18386664,45476664,7891496
14:08:22,588107,batch_c_scan_7x6,18386664,45476664,7891496
14:08:23,588107,batch_c_scan_7x6,18386688,45476664,7891472
14:08:24,588107,batch_c_scan_7x6,18386688,45476664,7891472
14:08:25,588107,batch_c_scan_7x6,18386692,45476664,7891468
14:08:26,588107,batch_c_scan_7x6,18386692,45476664,7891468
14:08:27,588107,batch_c_scan_7x6,18386696,45476664,7891464
14:08:28,588107,batch_c_scan_7x6,18386696,45476664,7891464
14:08:29,588107,batch_c_scan_7x6,18386720,45476664,7891464
14:08:30,588107,batch_c_scan_7x6,18386696,45476664,7891464
14:08:31,588107,batch_c_scan_7x6,18386696,45476664,7891464
14:08:33,588107,batch_c_scan_7x6,18386696,45476664,7891464
14:08:34,588107,batch_c_scan_7x6,18386696,45476664,7891464
14:08:35,588107,batch_c_scan_7x6,18386700,45476664,7891460
14:08:36,588107,batch_c_scan_7x6,18386700,45476664,7891460
14:08:37,588107,batch_c_scan_7x6,18386700,45476664,7891460
14:08:38,588107,batch_c_scan_7x6,18386700,45476664,7891460
14:08:39,588107,batch_c_scan_7x6,18386700,45476664,7891460
14:08:40,588107,batch_c_scan_7x6,18386700,45476664,7891460
14:08:41,588107,batch_c_scan_7x6,18386700,45476664,7891460
14:08:42,588107,batch_c_scan_7x6,18386700,45476664,7891460
14:08:43,588107,batch_c_scan_7x6,18386720,45476664,7891440
14:08:44,588107,batch_c_scan_7x6,18386720,45476664,7891440
14:08:45,588107,batch_c_scan_7x6,18386720,45476664,7891440
14:08:46,588107,batch_c_scan_7x6,18386720,45476664,7891440
14:08:47,588107,batch_c_scan_7x6,18386720,45476664,7891440
14:08:48,588107,batch_c_scan_7x6,18386720,45476664,7891440
14:08:49,588107,batch_c_scan_7x6,18386736,45476664,7891424
14:08:50,588107,batch_c_scan_7x6,18386736,45476664,7891424
14:08:51,588107,batch_c_scan_7x6,18386736,45476664,7891424
14:08:52,588107,batch_c_scan_7x6,18386736,45476664,7891424
14:08:53,588107,batch_c_scan_7x6,18388736,45476664,7889424
14:08:54,588107,batch_c_scan_7x6,18388736,45476664,7889424
14:08:55,588107,batch_c_scan_7x6,18390752,45476664,7887408
14:08:56,588107,batch_c_scan_7x6,18390752,45476664,7887408
14:08:57,588107,batch_c_scan_7x6,18390776,45476664,7887408
14:08:58,588107,batch_c_scan_7x6,18390784,45476664,7887376
14:08:59,588107,batch_c_scan_7x6,18390784,45476664,7887376
14:09:00,588107,batch_c_scan_7x6,18390820,45476664,7887340
14:09:01,588107,batch_c_scan_7x6,18390820,45476664,7887340
14:09:02,588107,batch_c_scan_7x6,18390824,45476664,7887336
14:09:03,588107,batch_c_scan_7x6,18390824,45476664,7887336
14:09:04,588107,batch_c_scan_7x6,18390824,45476664,7887336
14:09:05,588107,batch_c_scan_7x6,18390824,45476664,7887336
14:09:06,588107,batch_c_scan_7x6,18390824,45476664,7887336
14:09:07,588107,batch_c_scan_7x6,18390824,45476664,7887336
14:09:08,588107,batch_c_scan_7x6,18390824,45476664,7887336
14:09:09,588107,batch_c_scan_7x6,18390824,45476664,7887336
14:09:10,588107,batch_c_scan_7x6,18390832,45476664,7887328
14:09:11,588107,batch_c_scan_7x6,18390832,45476664,7887328
14:09:12,588107,batch_c_scan_7x6,18390840,45476664,7887320
14:09:13,588107,batch_c_scan_7x6,18390840,45476664,7887320
14:09:14,588107,batch_c_scan_7x6,18390860,45476664,7887300
14:09:15,588107,batch_c_scan_7x6,18390860,45476664,7887300
14:09:16,588107,batch_c_scan_7x6,18390860,45476664,7887300
14:09:17,588107,batch_c_scan_7x6,18390860,45476664,7887300
14:09:18,588107,batch_c_scan_7x6,18390860,45476664,7887300
14:09:19,588107,batch_c_scan_7x6,18390860,45476664,7887300
14:09:20,588107,batch_c_scan_7x6,18390860,45476664,7887300
14:09:21,588107,batch_c_scan_7x6,18390860,45476664,7887300
14:09:22,588107,batch_c_scan_7x6,18390884,45476664,7887300
14:09:23,588107,batch_c_scan_7x6,18390860,45476664,7887300
14:09:24,588107,batch_c_scan_7x6,18390860,45476664,7887300
14:09:25,588107,batch_c_scan_7x6,18390860,45476664,7887300
14:09:27,588107,batch_c_scan_7x6,18390860,45476664,7887300
14:09:28,588107,batch_c_scan_7x6,18390860,45476664,7887300
14:09:29,588107,batch_c_scan_7x6,18390860,45476664,7887300
14:09:30,588107,batch_c_scan_7x6,18390876,45476664,7887284
14:09:31,588107,batch_c_scan_7x6,18390876,45476664,7887284
14:09:32,588107,batch_c_scan_7x6,18390876,45476664,7887284
14:09:33,588107,batch_c_scan_7x6,18390876,45476664,7887284
14:09:34,588107,batch_c_scan_7x6,18390876,45476664,7887284
14:09:35,588107,batch_c_scan_7x6,18390876,45476664,7887284
14:09:36,588107,batch_c_scan_7x6,18390876,45476664,7887284
14:09:37,588107,batch_c_scan_7x6,18390876,45476664,7887284
14:09:38,588107,batch_c_scan_7x6,18390876,45476664,7887284
14:09:39,588107,batch_c_scan_7x6,18390876,45476664,7887284
14:09:40,588107,batch_c_scan_7x6,18390876,45476664,7887284
14:09:41,588107,batch_c_scan_7x6,18390876,45476664,7887284
14:09:42,588107,batch_c_scan_7x6,18390876,45476664,7887284
14:09:43,588107,batch_c_scan_7x6,18390876,45476664,7887284
14:09:44,588107,batch_c_scan_7x6,18390876,45476664,7887284
14:09:45,588107,batch_c_scan_7x6,18390876,45476664,7887284
14:09:46,588107,batch_c_scan_7x6,18390900,45476664,7887260
14:09:47,588107,batch_c_scan_7x6,18390900,45476664,7887260
14:09:48,588107,batch_c_scan_7x6,18390924,45476664,7887260
14:09:49,588107,batch_c_scan_7x6,18390900,45476664,7887260
14:09:50,588107,batch_c_scan_7x6,18390900,45476664,7887260
14:09:51,588107,batch_c_scan_7x6,18390900,45476664,7887260
14:09:52,588107,batch_c_scan_7x6,18390900,45476664,7887260
14:09:53,588107,batch_c_scan_7x6,18390900,45476664,7887260
14:09:54,588107,batch_c_scan_7x6,18390900,45476664,7887260
14:09:55,588107,batch_c_scan_7x6,18390900,45476664,7887260
14:09:56,588107,batch_c_scan_7x6,18390900,45476664,7887260
14:09:57,588107,batch_c_scan_7x6,18390900,45476664,7887260
14:09:58,588107,batch_c_scan_7x6,18390900,45476664,7887260
14:09:59,588107,batch_c_scan_7x6,18390900,45476664,7887260
14:10:00,588107,batch_c_scan_7x6,18390900,45476664,7887260
14:10:01,588107,batch_c_scan_7x6,18390900,45476664,7887260
14:10:02,588107,batch_c_scan_7x6,18390900,45476664,7887260
14:10:03,588107,batch_c_scan_7x6,18390900,45476664,7887260
14:10:04,588107,batch_c_scan_7x6,18390900,45476664,7887260
14:10:05,588107,batch_c_scan_7x6,18390900,45476664,7887260
14:10:06,588107,batch_c_scan_7x6,18390900,45476664,7887260
14:10:07,588107,batch_c_scan_7x6,18390900,45476664,7887260
14:10:08,588107,batch_c_scan_7x6,18390900,45476664,7887260
14:10:09,588107,batch_c_scan_7x6,18390904,45476664,7887256
14:10:10,588107,batch_c_scan_7x6,18390904,45476664,7887256
14:10:11,588107,batch_c_scan_7x6,18390904,45476664,7887256
14:10:12,588107,batch_c_scan_7x6,18390904,45476664,7887256
14:10:13,588107,batch_c_scan_7x6,18390928,45476664,7887256
14:10:14,588107,batch_c_scan_7x6,18390904,45476664,7887256
14:10:15,588107,batch_c_scan_7x6,18390904,45476664,7887256
14:10:16,588107,batch_c_scan_7x6,18390904,45476664,7887256
14:10:17,588107,batch_c_scan_7x6,18390904,45476664,7887256
14:10:18,588107,batch_c_scan_7x6,18390904,45476664,7887256
14:10:19,588107,batch_c_scan_7x6,18390904,45476664,7887256
14:10:21,588107,batch_c_scan_7x6,18390912,45476664,7887248
14:10:22,588107,batch_c_scan_7x6,18390912,45476664,7887248
14:10:23,588107,batch_c_scan_7x6,18390912,45476664,7887248
14:10:24,588107,batch_c_scan_7x6,18390912,45476664,7887248
14:10:25,588107,batch_c_scan_7x6,18390912,45476664,7887248
14:10:26,588107,batch_c_scan_7x6,18390912,45476664,7887248
14:10:27,588107,batch_c_scan_7x6,18390912,45476664,7887248
14:10:28,588107,batch_c_scan_7x6,18390912,45476664,7887248
14:10:29,588107,batch_c_scan_7x6,18390912,45476664,7887248
14:10:30,588107,batch_c_scan_7x6,18390912,45476664,7887248
14:10:31,588107,batch_c_scan_7x6,18390976,45476664,7887184
14:10:32,588107,batch_c_scan_7x6,18390976,45476664,7887184
14:10:33,588107,batch_c_scan_7x6,18390976,45476664,7887184
14:10:34,588107,batch_c_scan_7x6,18390976,45476664,7887184
14:10:35,588107,batch_c_scan_7x6,18390976,45476664,7887184
14:10:36,588107,batch_c_scan_7x6,18390976,45476664,7887184
14:10:37,588107,batch_c_scan_7x6,18391000,45476664,7887184
14:10:38,588107,batch_c_scan_7x6,18390992,45476664,7887168
14:10:39,588107,batch_c_scan_7x6,18390992,45476664,7887168
14:10:40,588107,batch_c_scan_7x6,18390992,45476664,7887168
14:10:41,588107,batch_c_scan_7x6,18390992,45476664,7887168
14:10:42,588107,batch_c_scan_7x6,18391000,45476664,7887160
14:10:43,588107,batch_c_scan_7x6,18391000,45476664,7887160
14:10:44,588107,batch_c_scan_7x6,18391008,45476664,7887152
14:10:45,588107,batch_c_scan_7x6,18391008,45476664,7887152
14:10:46,588107,batch_c_scan_7x6,18391012,45476664,7887148
14:10:47,588107,batch_c_scan_7x6,18391012,45476664,7887148
14:10:48,588107,batch_c_scan_7x6,18391016,45476664,7887144
14:10:49,588107,batch_c_scan_7x6,18391016,45476664,7887144
14:10:50,588107,batch_c_scan_7x6,18391016,45476664,7887144
14:10:51,588107,batch_c_scan_7x6,18391016,45476664,7887144
14:10:52,588107,batch_c_scan_7x6,18391016,45476664,7887144
14:10:53,588107,batch_c_scan_7x6,18391016,45476664,7887144
14:10:54,588107,batch_c_scan_7x6,18391028,45476664,7887132
14:10:55,588107,batch_c_scan_7x6,18391028,45476664,7887132
14:10:56,588107,batch_c_scan_7x6,18391028,45476664,7887132
14:10:57,588107,batch_c_scan_7x6,18391028,45476664,7887132
14:10:58,588107,batch_c_scan_7x6,18391032,45476664,7887128
14:10:59,588107,batch_c_scan_7x6,18391032,45476664,7887128
14:11:00,588107,batch_c_scan_7x6,18391056,45476664,7887128
14:11:01,588107,batch_c_scan_7x6,18391048,45476664,7887112
14:11:02,588107,batch_c_scan_7x6,18391048,45476664,7887112
14:11:03,588107,batch_c_scan_7x6,18393728,45476664,7884432
14:11:04,588107,batch_c_scan_7x6,18393728,45476664,7884432
14:11:05,588107,batch_c_scan_7x6,18393728,45476664,7884432
14:11:06,588107,batch_c_scan_7x6,18393728,45476664,7884432
14:11:07,588107,batch_c_scan_7x6,18393728,45476664,7884432
14:11:08,588107,batch_c_scan_7x6,18393728,45476664,7884432
14:11:09,588107,batch_c_scan_7x6,18393728,45476664,7884432
14:11:10,588107,batch_c_scan_7x6,18393728,45476664,7884432
14:11:11,588107,batch_c_scan_7x6,18393728,45476664,7884432
14:11:12,588107,batch_c_scan_7x6,18393728,45476664,7884432
14:11:13,588107,batch_c_scan_7x6,18393728,45476664,7884432
14:11:15,588107,batch_c_scan_7x6,18393728,45476664,7884432
14:11:16,588107,batch_c_scan_7x6,18393740,45476664,7884420
14:11:17,588107,batch_c_scan_7x6,18393740,45476664,7884420
14:11:18,588107,batch_c_scan_7x6,18393740,45476664,7884420
14:11:19,588107,batch_c_scan_7x6,18393740,45476664,7884420
14:11:20,588107,batch_c_scan_7x6,18393744,45476664,7884416
14:11:21,588107,batch_c_scan_7x6,18393744,45476664,7884416
14:11:22,588107,batch_c_scan_7x6,18393744,45476664,7884416
14:11:23,588107,batch_c_scan_7x6,18393744,45476664,7884416
14:11:24,588107,batch_c_scan_7x6,18393744,45476664,7884416
14:11:25,588107,batch_c_scan_7x6,18393744,45476664,7884416
14:11:26,588107,batch_c_scan_7x6,18393744,45476664,7884416
14:11:27,588107,batch_c_scan_7x6,18393744,45476664,7884416
14:11:28,588107,batch_c_scan_7x6,18393744,45476664,7884416
14:11:29,588107,batch_c_scan_7x6,18393744,45476664,7884416
14:11:30,588107,batch_c_scan_7x6,18393744,45476664,7884416
14:11:31,588107,batch_c_scan_7x6,18393744,45476664,7884416
14:11:32,588107,batch_c_scan_7x6,18393744,45476664,7884416
14:11:33,588107,batch_c_scan_7x6,18393744,45476664,7884416
14:11:34,588107,batch_c_scan_7x6,18393744,45476664,7884416
14:11:35,588107,batch_c_scan_7x6,18393744,45476664,7884416
14:11:36,588107,batch_c_scan_7x6,18393744,45476664,7884416
14:11:37,588107,batch_c_scan_7x6,18393744,45476664,7884416
14:11:38,588107,batch_c_scan_7x6,18393744,45476664,7884416
14:11:39,588107,batch_c_scan_7x6,18393744,45476664,7884416
14:11:40,588107,batch_c_scan_7x6,18393744,45476664,7884416
14:11:41,588107,batch_c_scan_7x6,18393744,45476664,7884416
14:11:42,588107,batch_c_scan_7x6,18393744,45476664,7884416
14:11:43,588107,batch_c_scan_7x6,18393744,45476664,7884416
14:11:44,588107,batch_c_scan_7x6,18393744,45476664,7884416
14:11:45,588107,batch_c_scan_7x6,18393744,45476664,7884416
14:11:46,588107,batch_c_scan_7x6,18393744,45476664,7884416
14:11:47,588107,batch_c_scan_7x6,18393744,45476664,7884416
14:11:48,588107,batch_c_scan_7x6,18393792,45476664,7884368
14:11:49,588107,batch_c_scan_7x6,18393792,45476664,7884368
14:11:50,588107,batch_c_scan_7x6,18393824,45476664,7884336
14:11:51,588107,batch_c_scan_7x6,18393824,45476664,7884336
14:11:52,588107,batch_c_scan_7x6,18393824,45476664,7884336
14:11:53,588107,batch_c_scan_7x6,18393824,45476664,7884336
14:11:54,588107,batch_c_scan_7x6,18393824,45476664,7884336
14:11:55,588107,batch_c_scan_7x6,18393824,45476664,7884336
14:11:56,588107,batch_c_scan_7x6,18393832,45476664,7884328
14:11:57,588107,batch_c_scan_7x6,18393832,45476664,7884328
14:11:58,588107,batch_c_scan_7x6,18393832,45476664,7884328
14:11:59,588107,batch_c_scan_7x6,18393832,45476664,7884328
14:12:00,588107,batch_c_scan_7x6,18393832,45476664,7884328
14:12:01,588107,batch_c_scan_7x6,18393836,45476664,7884324
14:12:02,588107,batch_c_scan_7x6,18393836,45476664,7884324
14:12:03,588107,batch_c_scan_7x6,18393836,45476664,7884324
14:12:04,588107,batch_c_scan_7x6,18393836,45476664,7884324
14:12:05,588107,batch_c_scan_7x6,18393840,45476664,7884320
14:12:06,588107,batch_c_scan_7x6,18393840,45476664,7884320
14:12:07,588107,batch_c_scan_7x6,18393840,45476664,7884320
14:12:09,588107,batch_c_scan_7x6,18393840,45476664,7884320
14:12:10,588107,batch_c_scan_7x6,18393840,45476664,7884320
14:12:11,588107,batch_c_scan_7x6,18393840,45476664,7884320
14:12:12,588107,batch_c_scan_7x6,18393840,45476664,7884320
14:12:13,588107,batch_c_scan_7x6,18393840,45476664,7884320
14:12:14,588107,batch_c_scan_7x6,18393840,45476664,7884320
14:12:15,588107,batch_c_scan_7x6,18393840,45476664,7884320
14:12:16,588107,batch_c_scan_7x6,18393856,45476664,7884304
14:12:17,588107,batch_c_scan_7x6,18393856,45476664,7884304
14:12:18,588107,batch_c_scan_7x6,18393856,45476664,7884304
14:12:19,588107,batch_c_scan_7x6,18393856,45476664,7884304
14:12:20,588107,batch_c_scan_7x6,18393880,45476664,7884304
14:12:21,588107,batch_c_scan_7x6,18393856,45476664,7884304
14:12:22,588107,batch_c_scan_7x6,18393856,45476664,7884304
14:12:23,588107,batch_c_scan_7x6,18393856,45476664,7884304
14:12:24,588107,batch_c_scan_7x6,18393856,45476664,7884304
14:12:25,588107,batch_c_scan_7x6,18393856,45476664,7884304
14:12:26,588107,batch_c_scan_7x6,18393856,45476664,7884304
14:12:27,588107,batch_c_scan_7x6,18393868,45476664,7884292
14:12:28,588107,batch_c_scan_7x6,18393868,45476664,7884292
14:12:29,588107,batch_c_scan_7x6,18393868,45476664,7884292
14:12:30,588107,batch_c_scan_7x6,18393868,45476664,7884292
14:12:31,588107,batch_c_scan_7x6,18393868,45476664,7884292
14:12:32,588107,batch_c_scan_7x6,18393868,45476664,7884292
14:12:33,588107,batch_c_scan_7x6,18393868,45476664,7884292
14:12:34,588107,batch_c_scan_7x6,18393868,45476664,7884292
14:12:35,588107,batch_c_scan_7x6,18393876,45476664,7884284
14:12:36,588107,batch_c_scan_7x6,18393876,45476664,7884284
14:12:37,588107,batch_c_scan_7x6,18393876,45476664,7884284
14:12:38,588107,batch_c_scan_7x6,18393876,45476664,7884284
14:12:39,588107,batch_c_scan_7x6,18393900,45476664,7884284
14:12:40,588107,batch_c_scan_7x6,18393876,45476664,7884284
14:12:41,588107,batch_c_scan_7x6,18393876,45476664,7884284
14:12:42,588107,batch_c_scan_7x6,18393876,45476664,7884284
14:12:43,588107,batch_c_scan_7x6,18393876,45476664,7884284
14:12:44,588107,batch_c_scan_7x6,18393880,45476664,7884280
14:12:45,588107,batch_c_scan_7x6,18393880,45476664,7884280
14:12:46,588107,batch_c_scan_7x6,18393888,45476664,7884272
14:12:47,588107,batch_c_scan_7x6,18393888,45476664,7884272
14:12:48,588107,batch_c_scan_7x6,18393888,45476664,7884272
14:12:49,588107,batch_c_scan_7x6,18393888,45476664,7884272
14:12:50,588107,batch_c_scan_7x6,18393888,45476664,7884272
14:12:51,588107,batch_c_scan_7x6,18393888,45476664,7884272
14:12:52,588107,batch_c_scan_7x6,18393888,45476664,7884272
14:12:53,588107,batch_c_scan_7x6,18393888,45476664,7884272
14:12:54,588107,batch_c_scan_7x6,18393888,45476664,7884272
14:12:55,588107,batch_c_scan_7x6,18393888,45476664,7884272
14:12:56,588107,batch_c_scan_7x6,18393888,45476664,7884272
14:12:57,588107,batch_c_scan_7x6,18393888,45476664,7884272
14:12:58,588107,batch_c_scan_7x6,18393888,45476664,7884272
14:12:59,588107,batch_c_scan_7x6,18393888,45476664,7884272
14:13:00,588107,batch_c_scan_7x6,18393888,45476664,7884272
14:13:02,588107,batch_c_scan_7x6,18393904,45476664,7884256
14:13:03,588107,batch_c_scan_7x6,18393904,45476664,7884256
14:13:04,588107,batch_c_scan_7x6,18393908,45476664,7884252
14:13:05,588107,batch_c_scan_7x6,18393908,45476664,7884252
14:13:06,588107,batch_c_scan_7x6,18393908,45476664,7884252
14:13:07,588107,batch_c_scan_7x6,18393908,45476664,7884252
14:13:08,588107,batch_c_scan_7x6,18393908,45476664,7884252
14:13:09,588107,batch_c_scan_7x6,18393908,45476664,7884252
14:13:10,588107,batch_c_scan_7x6,18393908,45476664,7884252
14:13:11,588107,batch_c_scan_7x6,18393908,45476664,7884252
14:13:12,588107,batch_c_scan_7x6,18393908,45476664,7884252
14:13:13,588107,batch_c_scan_7x6,18393908,45476664,7884252
14:13:14,588107,batch_c_scan_7x6,18393908,45476664,7884252
14:13:15,588107,batch_c_scan_7x6,18393908,45476664,7884252
14:13:16,588107,batch_c_scan_7x6,18393908,45476664,7884252
14:13:17,588107,batch_c_scan_7x6,18393908,45476664,7884252
14:13:18,588107,batch_c_scan_7x6,18393908,45476664,7884252
14:13:19,588107,batch_c_scan_7x6,18393908,45476664,7884252
14:13:20,588107,batch_c_scan_7x6,18393932,45476664,7884252
14:13:21,588107,batch_c_scan_7x6,18393908,45476664,7884252
14:13:22,588107,batch_c_scan_7x6,18393908,45476664,7884252
14:13:23,588107,batch_c_scan_7x6,18393908,45476664,7884252
14:13:24,588107,batch_c_scan_7x6,18393908,45476664,7884252
14:13:25,588107,batch_c_scan_7x6,18393932,45476664,7884228
14:13:26,588107,batch_c_scan_7x6,18393932,45476664,7884228
14:13:27,588107,batch_c_scan_7x6,18393932,45476664,7884228
14:13:28,588107,batch_c_scan_7x6,18393932,45476664,7884228
14:13:29,588107,batch_c_scan_7x6,18393936,45476664,7884224
14:13:30,588107,batch_c_scan_7x6,18393936,45476664,7884224
14:13:31,588107,batch_c_scan_7x6,18393940,45476664,7884220
14:13:32,588107,batch_c_scan_7x6,18393940,45476664,7884220
14:13:33,588107,batch_c_scan_7x6,18393940,45476664,7884220
14:13:34,588107,batch_c_scan_7x6,18393940,45476664,7884220
14:13:35,588107,batch_c_scan_7x6,18394116,45476664,7884044
14:13:36,588107,batch_c_scan_7x6,18394116,45476664,7884044
14:13:37,588107,batch_c_scan_7x6,18394120,45476664,7884040
14:13:38,588107,batch_c_scan_7x6,18394120,45476664,7884040
14:13:39,588107,batch_c_scan_7x6,18394144,45476664,7884040
14:13:40,588107,batch_c_scan_7x6,18394120,45476664,7884040
14:13:41,588107,batch_c_scan_7x6,18394120,45476664,7884040
14:13:42,588107,batch_c_scan_7x6,18394120,45476664,7884040
14:13:43,588107,batch_c_scan_7x6,18394120,45476664,7884040
14:13:44,588107,batch_c_scan_7x6,18394124,45476664,7884036
14:13:45,588107,batch_c_scan_7x6,18394124,45476664,7884036
14:13:46,588107,batch_c_scan_7x6,18394128,45476664,7884032
14:13:47,588107,batch_c_scan_7x6,18394128,45476664,7884032
14:13:48,588107,batch_c_scan_7x6,18394128,45476664,7884032
14:13:49,588107,batch_c_scan_7x6,18394128,45476664,7884032
14:13:50,588107,batch_c_scan_7x6,18394128,45476664,7884032
14:13:51,588107,batch_c_scan_7x6,18394128,45476664,7884032
14:13:52,588107,batch_c_scan_7x6,18394128,45476664,7884032
14:13:53,588107,batch_c_scan_7x6,18394128,45476664,7884032
14:13:55,588107,batch_c_scan_7x6,18394128,45476664,7884032
14:13:56,588107,batch_c_scan_7x6,18394128,45476664,7884032
14:13:57,588107,batch_c_scan_7x6,18394128,45476664,7884032
14:13:58,588107,batch_c_scan_7x6,18394128,45476664,7884032
14:13:59,588107,batch_c_scan_7x6,18394128,45476664,7884032
14:14:00,588107,batch_c_scan_7x6,18394128,45476664,7884032
14:14:01,588107,batch_c_scan_7x6,18394128,45476664,7884032
14:14:02,588107,batch_c_scan_7x6,18394128,45476664,7884032
14:14:03,588107,batch_c_scan_7x6,18394128,45476664,7884032
14:14:04,588107,batch_c_scan_7x6,18394128,45476664,7884032
14:14:05,588107,batch_c_scan_7x6,18394128,45476664,7884032
14:14:06,588107,batch_c_scan_7x6,18394128,45476664,7884032
14:14:07,588107,batch_c_scan_7x6,18394128,45476664,7884032
14:14:08,588107,batch_c_scan_7x6,18394128,45476664,7884032
14:14:09,588107,batch_c_scan_7x6,18394128,45476664,7884032
14:14:10,588107,batch_c_scan_7x6,18394128,45476664,7884032
14:14:11,588107,batch_c_scan_7x6,18394128,45476664,7884032
14:14:12,588107,batch_c_scan_7x6,18394128,45476664,7884032
14:14:13,588107,batch_c_scan_7x6,18394128,45476664,7884032
14:14:14,588107,batch_c_scan_7x6,18394132,45476664,7884028
14:14:15,588107,batch_c_scan_7x6,18394132,45476664,7884028
14:14:16,588107,batch_c_scan_7x6,18394156,45476664,7884028
14:14:17,588107,batch_c_scan_7x6,18394132,45476664,7884028
14:14:18,588107,batch_c_scan_7x6,18394132,45476664,7884028
14:14:19,588107,batch_c_scan_7x6,18394172,45476664,7883988
14:14:20,588107,batch_c_scan_7x6,18394172,45476664,7883988
14:14:21,588107,batch_c_scan_7x6,18394172,45476664,7883988
14:14:22,588107,batch_c_scan_7x6,18394172,45476664,7883988
14:14:23,588107,batch_c_scan_7x6,18394172,45476664,7883988
14:14:24,588107,batch_c_scan_7x6,18394172,45476664,7883988
14:14:25,588107,batch_c_scan_7x6,18394172,45476664,7883988
14:14:26,588107,batch_c_scan_7x6,18394172,45476664,7883988
14:14:27,588107,batch_c_scan_7x6,18394172,45476664,7883988
14:14:28,588107,batch_c_scan_7x6,18394172,45476664,7883988
14:14:29,588107,batch_c_scan_7x6,18394172,45476664,7883988
14:14:30,588107,batch_c_scan_7x6,18394172,45476664,7883988
14:14:31,588107,batch_c_scan_7x6,18394172,45476664,7883988
14:14:32,588107,batch_c_scan_7x6,18394172,45476664,7883988
14:14:33,588107,batch_c_scan_7x6,18394172,45476664,7883988
14:14:34,588107,batch_c_scan_7x6,18394172,45476664,7883988
14:14:35,588107,batch_c_scan_7x6,18394196,45476664,7883988
14:14:36,588107,batch_c_scan_7x6,18394172,45476664,7883988
14:14:37,588107,batch_c_scan_7x6,18394172,45476664,7883988
14:14:38,588107,batch_c_scan_7x6,18394172,45476664,7883988
14:14:39,588107,batch_c_scan_7x6,18394172,45476664,7883988
14:14:40,588107,batch_c_scan_7x6,18394172,45476664,7883988
14:14:41,588107,batch_c_scan_7x6,18394172,45476664,7883988
14:14:42,588107,batch_c_scan_7x6,18394172,45476664,7883988
14:14:43,588107,batch_c_scan_7x6,18394172,45476664,7883988
14:14:44,588107,batch_c_scan_7x6,18394172,45476664,7883988
14:14:45,588107,batch_c_scan_7x6,18394172,45476664,7883988
14:14:46,588107,batch_c_scan_7x6,18394172,45476664,7883988
14:14:48,588107,batch_c_scan_7x6,18394172,45476664,7883988
14:14:49,588107,batch_c_scan_7x6,18394172,45476664,7883988
14:14:50,588107,batch_c_scan_7x6,18394172,45476664,7883988
14:14:51,588107,batch_c_scan_7x6,18394172,45476664,7883988
14:14:52,588107,batch_c_scan_7x6,18394172,45476664,7883988
14:14:53,588107,batch_c_scan_7x6,18394196,45476664,7883988
14:14:54,588107,batch_c_scan_7x6,18394200,45476664,7883960
14:14:55,588107,batch_c_scan_7x6,18394200,45476664,7883960
14:14:56,588107,batch_c_scan_7x6,18394200,45476664,7883960
14:14:57,588107,batch_c_scan_7x6,18394200,45476664,7883960
14:14:58,588107,batch_c_scan_7x6,18394200,45476664,7883960
14:14:59,588107,batch_c_scan_7x6,18394200,45476664,7883960
14:15:00,588107,batch_c_scan_7x6,18394200,45476664,7883960
14:15:01,588107,batch_c_scan_7x6,18394200,45476664,7883960
14:15:02,588107,batch_c_scan_7x6,18394304,45476664,7883856
14:15:03,588107,batch_c_scan_7x6,18394304,45476664,7883856
14:15:04,588107,batch_c_scan_7x6,18394308,45476664,7883852
14:15:05,588107,batch_c_scan_7x6,18394308,45476664,7883852
14:15:06,588107,batch_c_scan_7x6,18394308,45476664,7883852
14:15:07,588107,batch_c_scan_7x6,18394308,45476664,7883852
14:15:08,588107,batch_c_scan_7x6,18394308,45476664,7883852
14:15:09,588107,batch_c_scan_7x6,18394308,45476664,7883852
14:15:10,588107,batch_c_scan_7x6,18394332,45476664,7883852
14:15:11,588107,batch_c_scan_7x6,18394308,45476664,7883852
14:15:12,588107,batch_c_scan_7x6,18394308,45476664,7883852
14:15:13,588107,batch_c_scan_7x6,18394308,45476664,7883852
14:15:14,588107,batch_c_scan_7x6,18394308,45476664,7883852
14:15:15,588107,batch_c_scan_7x6,18394308,45476664,7883852
14:15:16,588107,batch_c_scan_7x6,18394308,45476664,7883852
14:15:17,588107,batch_c_scan_7x6,18394308,45476664,7883852
14:15:18,588107,batch_c_scan_7x6,18394308,45476664,7883852
14:15:19,588107,batch_c_scan_7x6,18394308,45476664,7883852
14:15:20,588107,batch_c_scan_7x6,18394308,45476664,7883852
14:15:21,588107,batch_c_scan_7x6,18394308,45476664,7883852
14:15:22,588107,batch_c_scan_7x6,18394308,45476664,7883852
14:15:23,588107,batch_c_scan_7x6,18394308,45476664,7883852
14:15:24,588107,batch_c_scan_7x6,18394308,45476664,7883852
14:15:25,588107,batch_c_scan_7x6,18394308,45476664,7883852
14:15:26,588107,batch_c_scan_7x6,18394308,45476664,7883852
14:15:27,588107,batch_c_scan_7x6,18394332,45476664,7883852
14:15:28,588107,batch_c_scan_7x6,18394308,45476664,7883852
14:15:29,588107,batch_c_scan_7x6,18394308,45476664,7883852
14:15:30,588107,batch_c_scan_7x6,18394308,45476664,7883852
14:15:31,588107,batch_c_scan_7x6,18394308,45476664,7883852
14:15:32,588107,batch_c_scan_7x6,18394552,45476664,7883608
14:15:33,588107,batch_c_scan_7x6,18394552,45476664,7883608
14:15:34,588107,batch_c_scan_7x6,18394552,45476664,7883608
14:15:35,588107,batch_c_scan_7x6,18394552,45476664,7883608
14:15:36,588107,batch_c_scan_7x6,18394552,45476664,7883608
14:15:37,588107,batch_c_scan_7x6,18394552,45476664,7883608
14:15:38,588107,batch_c_scan_7x6,18395872,45476664,7882288
14:15:39,588107,batch_c_scan_7x6,18395872,45476664,7882288
14:15:41,588107,batch_c_scan_7x6,18395872,45476664,7882288
14:15:42,588107,batch_c_scan_7x6,18395872,45476664,7882288
14:15:43,588107,batch_c_scan_7x6,18395872,45476664,7882288
14:15:44,588107,batch_c_scan_7x6,18395872,45476664,7882288
14:15:45,588107,batch_c_scan_7x6,18395896,45476664,7882288
14:15:46,588107,batch_c_scan_7x6,18395872,45476664,7882288
14:15:47,588107,batch_c_scan_7x6,18395872,45476664,7882288
14:15:48,588107,batch_c_scan_7x6,18395872,45476664,7882288
14:15:49,588107,batch_c_scan_7x6,18395872,45476664,7882288
14:15:50,588107,batch_c_scan_7x6,18395872,45476664,7882288
14:15:51,588107,batch_c_scan_7x6,18395872,45476664,7882288
14:15:52,588107,batch_c_scan_7x6,18395872,45476664,7882288
14:15:53,588107,batch_c_scan_7x6,18395872,45476664,7882288
14:15:54,588107,batch_c_scan_7x6,18395872,45476664,7882288
14:15:55,588107,batch_c_scan_7x6,18395872,45476664,7882288
14:15:56,588107,batch_c_scan_7x6,18395872,45476664,7882288
14:15:57,588107,batch_c_scan_7x6,18395872,45476664,7882288
14:15:58,588107,batch_c_scan_7x6,18395872,45476664,7882288
14:15:59,588107,batch_c_scan_7x6,18398560,45476664,7879600
14:16:00,588107,batch_c_scan_7x6,18398604,45476664,7879556
14:16:01,588107,batch_c_scan_7x6,18398604,45476664,7879556
14:16:02,588107,batch_c_scan_7x6,18398628,45476664,7879556
14:16:03,588107,batch_c_scan_7x6,18398604,45476664,7879556
14:16:04,588107,batch_c_scan_7x6,18398604,45476664,7879556
14:16:05,588107,batch_c_scan_7x6,18398604,45476664,7879556
14:16:06,588107,batch_c_scan_7x6,18398604,45476664,7879556
14:16:07,588107,batch_c_scan_7x6,18398604,45476664,7879556
14:16:08,588107,batch_c_scan_7x6,18398604,45476664,7879556
14:16:09,588107,batch_c_scan_7x6,18398604,45476664,7879556
14:16:10,588107,batch_c_scan_7x6,18398604,45476664,7879556
14:16:11,588107,batch_c_scan_7x6,18398604,45476664,7879556
14:16:12,588107,batch_c_scan_7x6,18398604,45476664,7879556
14:16:13,588107,batch_c_scan_7x6,18398604,45476664,7879556
14:16:14,588107,batch_c_scan_7x6,18398604,45476664,7879556
14:16:15,588107,batch_c_scan_7x6,18398604,45476664,7879556
14:16:16,588107,batch_c_scan_7x6,18398604,45476664,7879556
14:16:17,588107,batch_c_scan_7x6,18398604,45476664,7879556
14:16:18,588107,batch_c_scan_7x6,18398604,45476664,7879556
14:16:19,588107,batch_c_scan_7x6,18398604,45476664,7879556
14:16:20,588107,batch_c_scan_7x6,18398604,45476664,7879556
14:16:21,588107,batch_c_scan_7x6,18398604,45476664,7879556
14:16:22,588107,batch_c_scan_7x6,18398604,45476664,7879556
14:16:23,588107,batch_c_scan_7x6,18398604,45476664,7879556
14:16:24,588107,batch_c_scan_7x6,18398604,45476664,7879556
14:16:25,588107,batch_c_scan_7x6,18398604,45476664,7879556
14:16:26,588107,batch_c_scan_7x6,18398604,45476664,7879556
14:16:27,588107,batch_c_scan_7x6,18398604,45476664,7879556
14:16:28,588107,batch_c_scan_7x6,18398604,45476664,7879556
14:16:29,588107,batch_c_scan_7x6,18398604,45476664,7879556
14:16:30,588107,batch_c_scan_7x6,18398604,45476664,7879556
14:16:31,588107,batch_c_scan_7x6,18398604,45476664,7879556
14:16:32,588107,batch_c_scan_7x6,18398604,45476664,7879556
14:16:33,588107,batch_c_scan_7x6,18398604,45476664,7879556
14:16:35,588107,batch_c_scan_7x6,18398628,45476664,7879556
14:16:36,588107,batch_c_scan_7x6,18398604,45476664,7879556
14:16:37,588107,batch_c_scan_7x6,18398604,45476664,7879556
14:16:38,588107,batch_c_scan_7x6,18398604,45476664,7879556
14:16:39,588107,batch_c_scan_7x6,18398604,45476664,7879556
14:16:40,588107,batch_c_scan_7x6,18398604,45476664,7879556
14:16:41,588107,batch_c_scan_7x6,18398604,45476664,7879556
14:16:42,588107,batch_c_scan_7x6,18398604,45476664,7879556
14:16:43,588107,batch_c_scan_7x6,18398604,45476664,7879556
14:16:44,588107,batch_c_scan_7x6,18398608,45476664,7879552
14:16:45,588107,batch_c_scan_7x6,18398608,45476664,7879552
14:16:46,588107,batch_c_scan_7x6,18398608,45476664,7879552
14:16:47,588107,batch_c_scan_7x6,18398608,45476664,7879552
14:16:48,588107,batch_c_scan_7x6,18398608,45476664,7879552
14:16:49,588107,batch_c_scan_7x6,18398608,45476664,7879552
14:16:50,588107,batch_c_scan_7x6,18398608,45476664,7879552
14:16:51,588107,batch_c_scan_7x6,18398608,45476664,7879552
14:16:52,588107,batch_c_scan_7x6,18398608,45476664,7879552
14:16:53,588107,batch_c_scan_7x6,18398612,45476664,7879548
14:16:54,588107,batch_c_scan_7x6,18398612,45476664,7879548
14:16:55,588107,batch_c_scan_7x6,18398612,45476664,7879548
14:16:56,588107,batch_c_scan_7x6,18398612,45476664,7879548
14:16:57,588107,batch_c_scan_7x6,18398916,45476664,7879244
14:16:58,588107,batch_c_scan_7x6,18398916,45476664,7879244
14:16:59,588107,batch_c_scan_7x6,18398916,45476664,7879244
14:17:00,588107,batch_c_scan_7x6,18398916,45476664,7879244
14:17:01,588107,batch_c_scan_7x6,18398916,45476664,7879244
14:17:02,588107,batch_c_scan_7x6,18398916,45476664,7879244
14:17:03,588107,batch_c_scan_7x6,18398916,45476664,7879244
14:17:04,588107,batch_c_scan_7x6,18398916,45476664,7879244
14:17:05,588107,batch_c_scan_7x6,18398916,45476664,7879244
14:17:06,588107,batch_c_scan_7x6,18398916,45476664,7879244
14:17:07,588107,batch_c_scan_7x6,18398916,45476664,7879244
14:17:08,588107,batch_c_scan_7x6,18398916,45476664,7879244
14:17:09,588107,batch_c_scan_7x6,18398916,45476664,7879244
14:17:10,588107,batch_c_scan_7x6,18398916,45476664,7879244
14:17:11,588107,batch_c_scan_7x6,18398916,45476664,7879244
14:17:12,588107,batch_c_scan_7x6,18400692,45476664,7877468
14:17:13,588107,batch_c_scan_7x6,18400692,45476664,7877468
14:17:14,588107,batch_c_scan_7x6,18400692,45476664,7877468
14:17:15,588107,batch_c_scan_7x6,18400692,45476664,7877468
14:17:16,588107,batch_c_scan_7x6,18400704,45476664,7877456
14:17:17,588107,batch_c_scan_7x6,18400704,45476664,7877456
14:17:18,588107,batch_c_scan_7x6,18400704,45476664,7877456
14:17:19,588107,batch_c_scan_7x6,18400704,45476664,7877456
14:17:20,588107,batch_c_scan_7x6,18400704,45476664,7877456
14:17:21,588107,batch_c_scan_7x6,18400704,45476664,7877456
14:17:22,588107,batch_c_scan_7x6,18400728,45476664,7877456
14:17:23,588107,batch_c_scan_7x6,18400708,45476664,7877452
14:17:24,588107,batch_c_scan_7x6,18400708,45476664,7877452
14:17:25,588107,batch_c_scan_7x6,18400708,45476664,7877452
14:17:26,588107,batch_c_scan_7x6,18400708,45476664,7877452
14:17:28,588107,batch_c_scan_7x6,18400708,45476664,7877452
14:17:29,588107,batch_c_scan_7x6,18400708,45476664,7877452
14:17:30,588107,batch_c_scan_7x6,18400708,45476664,7877452
14:17:31,588107,batch_c_scan_7x6,18400708,45476664,7877452
14:17:32,588107,batch_c_scan_7x6,18400708,45476664,7877452
14:17:33,588107,batch_c_scan_7x6,18400708,45476664,7877452
14:17:34,588107,batch_c_scan_7x6,18400708,45476664,7877452
14:17:35,588107,batch_c_scan_7x6,18400708,45476664,7877452
14:17:36,588107,batch_c_scan_7x6,18400708,45476664,7877452
14:17:37,588107,batch_c_scan_7x6,18400708,45476664,7877452
14:17:38,588107,batch_c_scan_7x6,18400732,45476664,7877452
14:17:39,588107,batch_c_scan_7x6,18400708,45476664,7877452
14:17:40,588107,batch_c_scan_7x6,18400708,45476664,7877452
14:17:41,588107,batch_c_scan_7x6,18400724,45476664,7877436
14:17:42,588107,batch_c_scan_7x6,18400724,45476664,7877436
14:17:43,588107,batch_c_scan_7x6,18400724,45476664,7877436
14:17:44,588107,batch_c_scan_7x6,18400724,45476664,7877436
14:17:45,588107,batch_c_scan_7x6,18400724,45476664,7877436
14:17:46,588107,batch_c_scan_7x6,18400724,45476664,7877436
14:17:47,588107,batch_c_scan_7x6,18400728,45476664,7877432
14:17:48,588107,batch_c_scan_7x6,18400728,45476664,7877432
14:17:49,588107,batch_c_scan_7x6,18400728,45476664,7877432
14:17:50,588107,batch_c_scan_7x6,18400728,45476664,7877432
14:17:51,588107,batch_c_scan_7x6,18400728,45476664,7877432
14:17:52,588107,batch_c_scan_7x6,18400728,45476664,7877432
14:17:53,588107,batch_c_scan_7x6,18400752,45476664,7877432
14:17:54,588107,batch_c_scan_7x6,18400728,45476664,7877432
14:17:55,588107,batch_c_scan_7x6,18400728,45476664,7877432
14:17:56,588107,batch_c_scan_7x6,18400740,45476664,7877420
14:17:57,588107,batch_c_scan_7x6,18400740,45476664,7877420
14:17:58,588107,batch_c_scan_7x6,18400740,45476664,7877420
14:17:59,588107,batch_c_scan_7x6,18400740,45476664,7877420
14:18:00,588107,batch_c_scan_7x6,18400740,45476664,7877420
14:18:01,588107,batch_c_scan_7x6,18400740,45476664,7877420
14:18:02,588107,batch_c_scan_7x6,18400740,45476664,7877420
14:18:03,588107,batch_c_scan_7x6,18400740,45476664,7877420
14:18:04,588107,batch_c_scan_7x6,18400740,45476664,7877420
14:18:05,588107,batch_c_scan_7x6,18400740,45476664,7877420
14:18:06,588107,batch_c_scan_7x6,18400744,45476664,7877416
14:18:07,588107,batch_c_scan_7x6,18400744,45476664,7877416
14:18:08,588107,batch_c_scan_7x6,18400768,45476664,7877416
14:18:09,588107,batch_c_scan_7x6,18400744,45476664,7877416
14:18:10,588107,batch_c_scan_7x6,18400744,45476664,7877416
14:18:11,588107,batch_c_scan_7x6,18400744,45476664,7877416
14:18:12,588107,batch_c_scan_7x6,18400744,45476664,7877416
14:18:13,588107,batch_c_scan_7x6,18400744,45476664,7877416
14:18:14,588107,batch_c_scan_7x6,18400744,45476664,7877416
14:18:15,588107,batch_c_scan_7x6,18400744,45476664,7877416
14:18:16,588107,batch_c_scan_7x6,18400744,45476664,7877416
14:18:17,588107,batch_c_scan_7x6,18400744,45476664,7877416
14:18:18,588107,batch_c_scan_7x6,18400744,45476664,7877416
14:18:19,588107,batch_c_scan_7x6,18400744,45476664,7877416
14:18:21,588107,batch_c_scan_7x6,18400744,45476664,7877416
14:18:22,588107,batch_c_scan_7x6,18400744,45476664,7877416
14:18:23,588107,batch_c_scan_7x6,18400744,45476664,7877416
14:18:24,588107,batch_c_scan_7x6,18400768,45476664,7877416
14:18:25,588107,batch_c_scan_7x6,18400744,45476664,7877416
14:18:26,588107,batch_c_scan_7x6,18400744,45476664,7877416
14:18:27,588107,batch_c_scan_7x6,18400916,45476664,7877244
14:18:28,588107,batch_c_scan_7x6,18400916,45476664,7877244
14:18:29,588107,batch_c_scan_7x6,18400916,45476664,7877244
14:18:30,588107,batch_c_scan_7x6,18400916,45476664,7877244
14:18:31,588107,batch_c_scan_7x6,18400916,45476664,7877244
14:18:32,588107,batch_c_scan_7x6,18400916,45476664,7877244
14:18:33,588107,batch_c_scan_7x6,18400916,45476664,7877244
14:18:34,588107,batch_c_scan_7x6,18400916,45476664,7877244
14:18:35,588107,batch_c_scan_7x6,18400916,45476664,7877244
14:18:36,588107,batch_c_scan_7x6,18400916,45476664,7877244
14:18:37,588107,batch_c_scan_7x6,18400916,45476664,7877244
14:18:38,588107,batch_c_scan_7x6,18400916,45476664,7877244
14:18:39,588107,batch_c_scan_7x6,18400916,45476664,7877244
14:18:40,588107,batch_c_scan_7x6,18400916,45476664,7877244
14:18:41,588107,batch_c_scan_7x6,18400916,45476664,7877244
14:18:42,588107,batch_c_scan_7x6,18400920,45476664,7877240
14:18:43,588107,batch_c_scan_7x6,18400920,45476664,7877240
14:18:44,588107,batch_c_scan_7x6,18400920,45476664,7877240
14:18:45,588107,batch_c_scan_7x6,18400920,45476664,7877240
14:18:46,588107,batch_c_scan_7x6,18400920,45476664,7877240
14:18:47,588107,batch_c_scan_7x6,18400920,45476664,7877240
14:18:48,588107,batch_c_scan_7x6,18400920,45476664,7877240
14:18:49,588107,batch_c_scan_7x6,18400920,45476664,7877240
14:18:50,588107,batch_c_scan_7x6,18401088,45476664,7877072
14:18:51,588107,batch_c_scan_7x6,18401088,45476664,7877072
14:18:52,588107,batch_c_scan_7x6,18401116,45476664,7877068
14:18:53,588107,batch_c_scan_7x6,18401092,45476664,7877068
14:18:54,588107,batch_c_scan_7x6,18401092,45476664,7877068
14:18:55,588107,batch_c_scan_7x6,18401124,45476664,7877036
14:18:56,588107,batch_c_scan_7x6,18401124,45476664,7877036
14:18:57,588107,batch_c_scan_7x6,18401128,45476664,7877032
14:18:58,588107,batch_c_scan_7x6,18401128,45476664,7877032
14:18:59,588107,batch_c_scan_7x6,18402552,45476664,7875608
14:19:00,588107,batch_c_scan_7x6,18402552,45476664,7875608
14:19:01,588107,batch_c_scan_7x6,18402552,45476664,7875608
14:19:02,588107,batch_c_scan_7x6,18402552,45476664,7875608
14:19:03,588107,batch_c_scan_7x6,18402552,45476664,7875608
14:19:04,588107,batch_c_scan_7x6,18402552,45476664,7875608
14:19:05,588107,batch_c_scan_7x6,18402556,45476664,7875604
14:19:06,588107,batch_c_scan_7x6,18402556,45476664,7875604
14:19:07,588107,batch_c_scan_7x6,18402580,45476664,7875604
14:19:08,588107,batch_c_scan_7x6,18402556,45476664,7875604
14:19:09,588107,batch_c_scan_7x6,18402556,45476664,7875604
14:19:10,588107,batch_c_scan_7x6,18402556,45476664,7875604
14:19:11,588107,batch_c_scan_7x6,18402556,45476664,7875604
14:19:12,588107,batch_c_scan_7x6,18402572,45476664,7875588
14:19:13,588107,batch_c_scan_7x6,18402572,45476664,7875588
14:19:15,588107,batch_c_scan_7x6,18402572,45476664,7875588
14:19:16,588107,batch_c_scan_7x6,18402572,45476664,7875588
14:19:17,588107,batch_c_scan_7x6,18402624,45476664,7875536
14:19:18,588107,batch_c_scan_7x6,18402624,45476664,7875536
14:19:19,588107,batch_c_scan_7x6,18402624,45476664,7875536
14:19:20,588107,batch_c_scan_7x6,18402624,45476664,7875536
14:19:21,588107,batch_c_scan_7x6,18402624,45476664,7875536
14:19:22,588107,batch_c_scan_7x6,18402624,45476664,7875536
14:19:23,588107,batch_c_scan_7x6,18402624,45476664,7875536
14:19:24,588107,batch_c_scan_7x6,18402624,45476664,7875536
14:19:25,588107,batch_c_scan_7x6,18402624,45476664,7875536
14:19:26,588107,batch_c_scan_7x6,18402636,45476664,7875524
14:19:27,588107,batch_c_scan_7x6,18402636,45476664,7875524
14:19:28,588107,batch_c_scan_7x6,18402636,45476664,7875524
14:19:29,588107,batch_c_scan_7x6,18402636,45476664,7875524
14:19:30,588107,batch_c_scan_7x6,18402636,45476664,7875524
14:19:31,588107,batch_c_scan_7x6,18402636,45476664,7875524
14:19:32,588107,batch_c_scan_7x6,18402640,45476664,7875520
14:19:33,588107,batch_c_scan_7x6,18402640,45476664,7875520
14:19:34,588107,batch_c_scan_7x6,18402640,45476664,7875520
14:19:35,588107,batch_c_scan_7x6,18402640,45476664,7875520
14:19:36,588107,batch_c_scan_7x6,18402664,45476664,7875520
14:19:37,588107,batch_c_scan_7x6,18402660,45476664,7875500
14:19:38,588107,batch_c_scan_7x6,18402660,45476664,7875500
14:19:39,588107,batch_c_scan_7x6,18402660,45476664,7875500
14:19:40,588107,batch_c_scan_7x6,18402660,45476664,7875500
14:19:41,588107,batch_c_scan_7x6,18402660,45476664,7875500
14:19:42,588107,batch_c_scan_7x6,18402660,45476664,7875500
14:19:43,588107,batch_c_scan_7x6,18402660,45476664,7875500
14:19:44,588107,batch_c_scan_7x6,18402660,45476664,7875500
14:19:45,588107,batch_c_scan_7x6,18402660,45476664,7875500
14:19:46,588107,batch_c_scan_7x6,18402660,45476664,7875500
14:19:47,588107,batch_c_scan_7x6,18402672,45476664,7875488
14:19:48,588107,batch_c_scan_7x6,18402672,45476664,7875488
14:19:49,588107,batch_c_scan_7x6,18402696,45476664,7875488
14:19:50,588107,batch_c_scan_7x6,18402672,45476664,7875488
14:19:51,588107,batch_c_scan_7x6,18402672,45476664,7875488
14:19:52,588107,batch_c_scan_7x6,18402672,45476664,7875488
14:19:53,588107,batch_c_scan_7x6,18402672,45476664,7875488
14:19:54,588107,batch_c_scan_7x6,18402672,45476664,7875488
14:19:55,588107,batch_c_scan_7x6,18402672,45476664,7875488
14:19:56,588107,batch_c_scan_7x6,18402672,45476664,7875488
14:19:57,588107,batch_c_scan_7x6,18402672,45476664,7875488
14:19:58,588107,batch_c_scan_7x6,18402672,45476664,7875488
14:19:59,588107,batch_c_scan_7x6,18402672,45476664,7875488
14:20:00,588107,batch_c_scan_7x6,18402708,45476664,7875452
14:20:01,588107,batch_c_scan_7x6,18402708,45476664,7875452
14:20:02,588107,batch_c_scan_7x6,18402708,45476664,7875452
14:20:03,588107,batch_c_scan_7x6,18402708,45476664,7875452
14:20:04,588107,batch_c_scan_7x6,18402708,45476664,7875452
14:20:05,588107,batch_c_scan_7x6,18402708,45476664,7875452
14:20:06,588107,batch_c_scan_7x6,18402708,45476664,7875452
14:20:08,588107,batch_c_scan_7x6,18402708,45476664,7875452
14:20:09,588107,batch_c_scan_7x6,18402708,45476664,7875452
14:20:10,588107,batch_c_scan_7x6,18402708,45476664,7875452
14:20:11,588107,batch_c_scan_7x6,18402708,45476664,7875452
14:20:12,588107,batch_c_scan_7x6,18402720,45476664,7875440
14:20:13,588107,batch_c_scan_7x6,18402720,45476664,7875440
14:20:14,588107,batch_c_scan_7x6,18402720,45476664,7875440
14:20:15,588107,batch_c_scan_7x6,18402720,45476664,7875440
14:20:16,588107,batch_c_scan_7x6,18402720,45476664,7875440
14:20:17,588107,batch_c_scan_7x6,18402720,45476664,7875440
14:20:18,588107,batch_c_scan_7x6,18402720,45476664,7875440
14:20:19,588107,batch_c_scan_7x6,18402720,45476664,7875440
14:20:20,588107,batch_c_scan_7x6,18402720,45476664,7875440
14:20:21,588107,batch_c_scan_7x6,18402720,45476664,7875440
14:20:22,588107,batch_c_scan_7x6,18402720,45476664,7875440
14:20:23,588107,batch_c_scan_7x6,18402720,45476664,7875440
14:20:24,588107,batch_c_scan_7x6,18402720,45476664,7875440
14:20:25,588107,batch_c_scan_7x6,18402732,45476664,7875428
14:20:26,588107,batch_c_scan_7x6,18402732,45476664,7875428
14:20:27,588107,batch_c_scan_7x6,18402732,45476664,7875428
14:20:28,588107,batch_c_scan_7x6,18402732,45476664,7875428
14:20:29,588107,batch_c_scan_7x6,18402732,45476664,7875428
14:20:30,588107,batch_c_scan_7x6,18402732,45476664,7875428
14:20:31,588107,batch_c_scan_7x6,18402732,45476664,7875428
14:20:32,588107,batch_c_scan_7x6,18402732,45476664,7875428
14:20:33,588107,batch_c_scan_7x6,18402732,45476664,7875428
14:20:34,588107,batch_c_scan_7x6,18402732,45476664,7875428
14:20:35,588107,batch_c_scan_7x6,18402732,45476664,7875428
14:20:36,588107,batch_c_scan_7x6,18402732,45476664,7875428
14:20:37,588107,batch_c_scan_7x6,18402732,45476664,7875428
14:20:38,588107,batch_c_scan_7x6,18402732,45476664,7875428
14:20:39,588107,batch_c_scan_7x6,18402732,45476664,7875428
14:20:40,588107,batch_c_scan_7x6,18402732,45476664,7875428
14:20:41,588107,batch_c_scan_7x6,18402732,45476664,7875428
14:20:42,588107,batch_c_scan_7x6,18402788,45476664,7875372
14:20:43,588107,batch_c_scan_7x6,18402788,45476664,7875372
14:20:44,588107,batch_c_scan_7x6,18402812,45476664,7875372
14:20:45,588107,batch_c_scan_7x6,18402788,45476664,7875372
14:20:46,588107,batch_c_scan_7x6,18402788,45476664,7875372
14:20:47,588107,batch_c_scan_7x6,18402804,45476664,7875356
14:20:48,588107,batch_c_scan_7x6,18402804,45476664,7875356
14:20:49,588107,batch_c_scan_7x6,18402804,45476664,7875356
14:20:50,588107,batch_c_scan_7x6,18402804,45476664,7875356
14:20:51,588107,batch_c_scan_7x6,18402804,45476664,7875356
14:20:52,588107,batch_c_scan_7x6,18402804,45476664,7875356
14:20:53,588107,batch_c_scan_7x6,18402804,45476664,7875356
14:20:54,588107,batch_c_scan_7x6,18402804,45476664,7875356
14:20:55,588107,batch_c_scan_7x6,18402804,45476664,7875356
14:20:56,588107,batch_c_scan_7x6,18402804,45476664,7875356
14:20:57,588107,batch_c_scan_7x6,18402828,45476664,7875356
14:20:58,588107,batch_c_scan_7x6,18402804,45476664,7875356
14:20:59,588107,batch_c_scan_7x6,18402804,45476664,7875356
14:21:01,588107,batch_c_scan_7x6,18402844,45476664,7875316
14:21:02,588107,batch_c_scan_7x6,18402844,45476664,7875316
14:21:03,588107,batch_c_scan_7x6,18402844,45476664,7875316
14:21:04,588107,batch_c_scan_7x6,18402844,45476664,7875316
14:21:05,588107,batch_c_scan_7x6,18402844,45476664,7875316
14:21:06,588107,batch_c_scan_7x6,18402844,45476664,7875316
14:21:07,588107,batch_c_scan_7x6,18402844,45476664,7875316
14:21:08,588107,batch_c_scan_7x6,18402844,45476664,7875316
14:21:09,588107,batch_c_scan_7x6,18402844,45476664,7875316
14:21:10,588107,batch_c_scan_7x6,18402844,45476664,7875316
14:21:11,588107,batch_c_scan_7x6,18402868,45476664,7875316
14:21:12,588107,batch_c_scan_7x6,18402844,45476664,7875316
14:21:13,588107,batch_c_scan_7x6,18402844,45476664,7875316
14:21:14,588107,batch_c_scan_7x6,18402848,45476664,7875312
14:21:15,588107,batch_c_scan_7x6,18402848,45476664,7875312
14:21:16,588107,batch_c_scan_7x6,18402848,45476664,7875312
14:21:17,588107,batch_c_scan_7x6,18402848,45476664,7875312
14:21:18,588107,batch_c_scan_7x6,18402848,45476664,7875312
14:21:19,588107,batch_c_scan_7x6,18402848,45476664,7875312
14:21:20,588107,batch_c_scan_7x6,18402848,45476664,7875312
14:21:21,588107,batch_c_scan_7x6,18402848,45476664,7875312
14:21:22,588107,batch_c_scan_7x6,18402848,45476664,7875312
14:21:23,588107,batch_c_scan_7x6,18402848,45476664,7875312
14:21:24,588107,batch_c_scan_7x6,18402872,45476664,7875312
14:21:25,588107,batch_c_scan_7x6,18402848,45476664,7875312
14:21:26,588107,batch_c_scan_7x6,18402848,45476664,7875312
14:21:27,588107,batch_c_scan_7x6,18402848,45476664,7875312
14:21:28,588107,batch_c_scan_7x6,18402848,45476664,7875312
14:21:29,588107,batch_c_scan_7x6,18402848,45476664,7875312
14:21:30,588107,batch_c_scan_7x6,18402848,45476664,7875312
14:21:31,588107,batch_c_scan_7x6,18402848,45476664,7875312
14:21:32,588107,batch_c_scan_7x6,18402848,45476664,7875312
14:21:33,588107,batch_c_scan_7x6,18402848,45476664,7875312
14:21:34,588107,batch_c_scan_7x6,18402848,45476664,7875312
14:21:35,588107,batch_c_scan_7x6,18402848,45476664,7875312
14:21:36,588107,batch_c_scan_7x6,18402848,45476664,7875312
14:21:37,588107,batch_c_scan_7x6,18402848,45476664,7875312
14:21:38,588107,batch_c_scan_7x6,18402848,45476664,7875312
14:21:39,588107,batch_c_scan_7x6,18402848,45476664,7875312
14:21:40,588107,batch_c_scan_7x6,18402848,45476664,7875312
14:21:41,588107,batch_c_scan_7x6,18402848,45476664,7875312
14:21:42,588107,batch_c_scan_7x6,18402848,45476664,7875312
14:21:43,588107,batch_c_scan_7x6,18402848,45476664,7875312
14:21:44,588107,batch_c_scan_7x6,18402848,45476664,7875312
14:21:45,588107,batch_c_scan_7x6,18402848,45476664,7875312
14:21:46,588107,batch_c_scan_7x6,18402848,45476664,7875312
14:21:47,588107,batch_c_scan_7x6,18402848,45476664,7875312
14:21:48,588107,batch_c_scan_7x6,18402848,45476664,7875312
14:21:49,588107,batch_c_scan_7x6,18402848,45476664,7875312
14:21:50,588107,batch_c_scan_7x6,18402848,45476664,7875312
14:21:51,588107,batch_c_scan_7x6,18402848,45476664,7875312
14:21:52,588107,batch_c_scan_7x6,18402848,45476664,7875312
14:21:54,588107,batch_c_scan_7x6,18402848,45476664,7875312
14:21:55,588107,batch_c_scan_7x6,18402848,45476664,7875312
14:21:56,588107,batch_c_scan_7x6,18402848,45476664,7875312
14:21:57,588107,batch_c_scan_7x6,18402848,45476664,7875312
14:21:58,588107,batch_c_scan_7x6,18402868,45476664,7875292
14:21:59,588107,batch_c_scan_7x6,18402868,45476664,7875292
14:22:00,588107,batch_c_scan_7x6,18402868,45476664,7875292
14:22:01,588107,batch_c_scan_7x6,18402868,45476664,7875292
14:22:02,588107,batch_c_scan_7x6,18402892,45476664,7875292
14:22:03,588107,batch_c_scan_7x6,18402868,45476664,7875292
14:22:04,588107,batch_c_scan_7x6,18402868,45476664,7875292
14:22:05,588107,batch_c_scan_7x6,18402868,45476664,7875292
14:22:06,588107,batch_c_scan_7x6,18402868,45476664,7875292
14:22:07,588107,batch_c_scan_7x6,18402868,45476664,7875292
14:22:08,588107,batch_c_scan_7x6,18402868,45476664,7875292
14:22:09,588107,batch_c_scan_7x6,18403116,45476664,7875044
14:22:10,588107,batch_c_scan_7x6,18403116,45476664,7875044
14:22:11,588107,batch_c_scan_7x6,18403116,45476664,7875044
14:22:12,588107,batch_c_scan_7x6,18403116,45476664,7875044
14:22:13,588107,batch_c_scan_7x6,18403132,45476664,7875028
14:22:14,588107,batch_c_scan_7x6,18403132,45476664,7875028
14:22:15,588107,batch_c_scan_7x6,18403132,45476664,7875028
14:22:16,588107,batch_c_scan_7x6,18403132,45476664,7875028
14:22:17,588107,batch_c_scan_7x6,18403132,45476664,7875028
14:22:18,588107,batch_c_scan_7x6,18403132,45476664,7875028
14:22:19,588107,batch_c_scan_7x6,18403132,45476664,7875028
14:22:20,588107,batch_c_scan_7x6,18403136,45476664,7875024
14:22:21,588107,batch_c_scan_7x6,18403136,45476664,7875024
14:22:22,588107,batch_c_scan_7x6,18403136,45476664,7875024
14:22:23,588107,batch_c_scan_7x6,18403136,45476664,7875024
14:22:24,588107,batch_c_scan_7x6,18403136,45476664,7875024
14:22:25,588107,batch_c_scan_7x6,18403136,45476664,7875024
14:22:26,588107,batch_c_scan_7x6,18403136,45476664,7875024
14:22:27,588107,batch_c_scan_7x6,18403136,45476664,7875024
14:22:28,588107,batch_c_scan_7x6,18403136,45476664,7875024
14:22:29,588107,batch_c_scan_7x6,18403136,45476664,7875024
14:22:30,588107,batch_c_scan_7x6,18403136,45476664,7875024
14:22:31,588107,batch_c_scan_7x6,18403136,45476664,7875024
14:22:32,588107,batch_c_scan_7x6,18403136,45476664,7875024
14:22:33,588107,batch_c_scan_7x6,18403136,45476664,7875024
14:22:34,588107,batch_c_scan_7x6,18403136,45476664,7875024
14:22:35,588107,batch_c_scan_7x6,18403136,45476664,7875024
14:22:36,588107,batch_c_scan_7x6,18403136,45476664,7875024
14:22:37,588107,batch_c_scan_7x6,18403136,45476664,7875024
14:22:38,588107,batch_c_scan_7x6,18403136,45476664,7875024
14:22:39,588107,batch_c_scan_7x6,18403136,45476664,7875024
14:22:40,588107,batch_c_scan_7x6,18403136,45476664,7875024
14:22:41,588107,batch_c_scan_7x6,18403136,45476664,7875024
14:22:42,588107,batch_c_scan_7x6,18403136,45476664,7875024
14:22:43,588107,batch_c_scan_7x6,18403136,45476664,7875024
14:22:44,588107,batch_c_scan_7x6,18403136,45476664,7875024
14:22:45,588107,batch_c_scan_7x6,18403136,45476664,7875024
14:22:47,588107,batch_c_scan_7x6,18403244,45476664,7874916
14:22:48,588107,batch_c_scan_7x6,18403244,45476664,7874916
14:22:49,588107,batch_c_scan_7x6,18403252,45476664,7874908
14:22:50,588107,batch_c_scan_7x6,18403252,45476664,7874908
14:22:51,588107,batch_c_scan_7x6,18403276,45476664,7874908
14:22:52,588107,batch_c_scan_7x6,18403252,45476664,7874908
14:22:53,588107,batch_c_scan_7x6,18403252,45476664,7874908
14:22:54,588107,batch_c_scan_7x6,18403252,45476664,7874908
14:22:55,588107,batch_c_scan_7x6,18403252,45476664,7874908
14:22:56,588107,batch_c_scan_7x6,18403268,45476664,7874892
14:22:57,588107,batch_c_scan_7x6,18403268,45476664,7874892
14:22:58,588107,batch_c_scan_7x6,18403268,45476664,7874892
14:22:59,588107,batch_c_scan_7x6,18403268,45476664,7874892
14:23:00,588107,batch_c_scan_7x6,18403268,45476664,7874892
14:23:01,588107,batch_c_scan_7x6,18403268,45476664,7874892
14:23:02,588107,batch_c_scan_7x6,18403268,45476664,7874892
14:23:03,588107,batch_c_scan_7x6,18403268,45476664,7874892
14:23:04,588107,batch_c_scan_7x6,18403268,45476664,7874892
14:23:05,588107,batch_c_scan_7x6,18403268,45476664,7874892
14:23:06,588107,batch_c_scan_7x6,18403268,45476664,7874892
14:23:07,588107,batch_c_scan_7x6,18403268,45476664,7874892
14:23:08,588107,batch_c_scan_7x6,18403268,45476664,7874892
14:23:09,588107,batch_c_scan_7x6,18403268,45476664,7874892
14:23:10,588107,batch_c_scan_7x6,18403268,45476664,7874892
14:23:11,588107,batch_c_scan_7x6,18403268,45476664,7874892
14:23:12,588107,batch_c_scan_7x6,18403268,45476664,7874892
14:23:13,588107,batch_c_scan_7x6,18403268,45476664,7874892
14:23:14,588107,batch_c_scan_7x6,18403268,45476664,7874892
14:23:15,588107,batch_c_scan_7x6,18403268,45476664,7874892
14:23:16,588107,batch_c_scan_7x6,18403268,45476664,7874892
14:23:17,588107,batch_c_scan_7x6,18403268,45476664,7874892
14:23:18,588107,batch_c_scan_7x6,18403300,45476664,7874860
14:23:19,588107,batch_c_scan_7x6,18403300,45476664,7874860
14:23:20,588107,batch_c_scan_7x6,18403300,45476664,7874860
14:23:21,588107,batch_c_scan_7x6,18403300,45476664,7874860
14:23:22,588107,batch_c_scan_7x6,18403300,45476664,7874860
14:23:23,588107,batch_c_scan_7x6,18403300,45476664,7874860
14:23:24,588107,batch_c_scan_7x6,18403300,45476664,7874860
14:23:25,588107,batch_c_scan_7x6,18403300,45476664,7874860
14:23:26,588107,batch_c_scan_7x6,18403300,45476664,7874860
14:23:27,588107,batch_c_scan_7x6,18403300,45476664,7874860
14:23:28,588107,batch_c_scan_7x6,18403300,45476664,7874860
14:23:29,588107,batch_c_scan_7x6,18403300,45476664,7874860
14:23:30,588107,batch_c_scan_7x6,18403300,45476664,7874860
14:23:31,588107,batch_c_scan_7x6,18403300,45476664,7874860
14:23:32,588107,batch_c_scan_7x6,18403300,45476664,7874860
14:23:33,588107,batch_c_scan_7x6,18403336,45476664,7874824
14:23:34,588107,batch_c_scan_7x6,18403336,45476664,7874824
14:23:35,588107,batch_c_scan_7x6,18403336,45476664,7874824
14:23:36,588107,batch_c_scan_7x6,18403336,45476664,7874824
14:23:37,588107,batch_c_scan_7x6,18403336,45476664,7874824
14:23:38,588107,batch_c_scan_7x6,18403336,45476664,7874824
14:23:39,588107,batch_c_scan_7x6,18403360,45476664,7874824
14:23:41,588107,batch_c_scan_7x6,18403336,45476664,7874824
14:23:42,588107,batch_c_scan_7x6,18403336,45476664,7874824
14:23:43,588107,batch_c_scan_7x6,18403484,45476664,7874676
14:23:44,588107,batch_c_scan_7x6,18403484,45476664,7874676
14:23:45,588107,batch_c_scan_7x6,18403484,45476664,7874676
14:23:46,588107,batch_c_scan_7x6,18403484,45476664,7874676
14:23:47,588107,batch_c_scan_7x6,18403488,45476664,7874672
14:23:48,588107,batch_c_scan_7x6,18403488,45476664,7874672
14:23:49,588107,batch_c_scan_7x6,18403488,45476664,7874672
14:23:50,588107,batch_c_scan_7x6,18403488,45476664,7874672
14:23:51,588107,batch_c_scan_7x6,18403488,45476664,7874672
14:23:52,588107,batch_c_scan_7x6,18403488,45476664,7874672
14:23:53,588107,batch_c_scan_7x6,18403488,45476664,7874672
14:23:54,588107,batch_c_scan_7x6,18403488,45476664,7874672
14:23:55,588107,batch_c_scan_7x6,18403488,45476664,7874672
14:23:56,588107,batch_c_scan_7x6,18403512,45476664,7874648
14:23:57,588107,batch_c_scan_7x6,18403512,45476664,7874648
14:23:58,588107,batch_c_scan_7x6,18403512,45476664,7874648
14:23:59,588107,batch_c_scan_7x6,18403512,45476664,7874648
14:24:00,588107,batch_c_scan_7x6,18403512,45476664,7874648
14:24:01,588107,batch_c_scan_7x6,18403512,45476664,7874648
14:24:02,588107,batch_c_scan_7x6,18403512,45476664,7874648
14:24:03,588107,batch_c_scan_7x6,18403512,45476664,7874648
14:24:04,588107,batch_c_scan_7x6,18403512,45476664,7874648
14:24:05,588107,batch_c_scan_7x6,18403512,45476664,7874648
14:24:06,588107,batch_c_scan_7x6,18403512,45476664,7874648
14:24:07,588107,batch_c_scan_7x6,18403512,45476664,7874648
14:24:08,588107,batch_c_scan_7x6,18403512,45476664,7874648
14:24:09,588107,batch_c_scan_7x6,18403512,45476664,7874648
14:24:10,588107,batch_c_scan_7x6,18403512,45476664,7874648
14:24:11,588107,batch_c_scan_7x6,18403512,45476664,7874648
14:24:12,588107,batch_c_scan_7x6,18403512,45476664,7874648
14:24:13,588107,batch_c_scan_7x6,18403512,45476664,7874648
14:24:14,588107,batch_c_scan_7x6,18403512,45476664,7874648
14:24:15,588107,batch_c_scan_7x6,18403512,45476664,7874648
14:24:16,588107,batch_c_scan_7x6,18403512,45476664,7874648
14:24:17,588107,batch_c_scan_7x6,18403512,45476664,7874648
14:24:18,588107,batch_c_scan_7x6,18403512,45476664,7874648
14:24:19,588107,batch_c_scan_7x6,18403512,45476664,7874648
14:24:20,588107,batch_c_scan_7x6,18403540,45476664,7874620
14:24:21,588107,batch_c_scan_7x6,18403540,45476664,7874620
14:24:22,588107,batch_c_scan_7x6,18403540,45476664,7874620
14:24:23,588107,batch_c_scan_7x6,18403540,45476664,7874620
14:24:24,588107,batch_c_scan_7x6,18403540,45476664,7874620
14:24:25,588107,batch_c_scan_7x6,18403540,45476664,7874620
14:24:26,588107,batch_c_scan_7x6,18403564,45476664,7874620
14:24:27,588107,batch_c_scan_7x6,18403540,45476664,7874620
14:24:28,588107,batch_c_scan_7x6,18403540,45476664,7874620
14:24:29,588107,batch_c_scan_7x6,18403720,45476664,7874440
14:24:30,588107,batch_c_scan_7x6,18403720,45476664,7874440
14:24:31,588107,batch_c_scan_7x6,18403752,45476664,7874408
14:24:32,588107,batch_c_scan_7x6,18403752,45476664,7874408
14:24:34,588107,batch_c_scan_7x6,18403752,45476664,7874408
14:24:35,588107,batch_c_scan_7x6,18403752,45476664,7874408
14:24:36,588107,batch_c_scan_7x6,18403752,45476664,7874408
14:24:37,588107,batch_c_scan_7x6,18403752,45476664,7874408
14:24:38,588107,batch_c_scan_7x6,18403776,45476664,7874408
14:24:39,588107,batch_c_scan_7x6,18403760,45476664,7874400
14:24:40,588107,batch_c_scan_7x6,18403760,45476664,7874400
14:24:41,588107,batch_c_scan_7x6,18403760,45476664,7874400
14:24:42,588107,batch_c_scan_7x6,18403760,45476664,7874400
14:24:43,588107,batch_c_scan_7x6,18403760,45476664,7874400
14:24:44,588107,batch_c_scan_7x6,18403760,45476664,7874400
14:24:45,588107,batch_c_scan_7x6,18403760,45476664,7874400
14:24:46,588107,batch_c_scan_7x6,18403760,45476664,7874400
14:24:47,588107,batch_c_scan_7x6,18403760,45476664,7874400
14:24:48,588107,batch_c_scan_7x6,18403760,45476664,7874400
14:24:49,588107,batch_c_scan_7x6,18403804,45476664,7874380
14:24:50,588107,batch_c_scan_7x6,18406460,45476664,7871700
14:24:51,588107,batch_c_scan_7x6,18406460,45476664,7871700
14:24:52,588107,batch_c_scan_7x6,18406468,45476664,7871692
14:24:53,588107,batch_c_scan_7x6,18406840,45476664,7871320
14:24:54,588107,batch_c_scan_7x6,18406848,45476664,7871312
14:24:55,588107,batch_c_scan_7x6,18407220,45476664,7870940
14:24:56,588107,batch_c_scan_7x6,18407220,45476664,7870940
14:24:57,588107,batch_c_scan_7x6,18407220,45476664,7870940
14:24:58,588107,batch_c_scan_7x6,18407220,45476664,7870940
14:24:59,588107,batch_c_scan_7x6,18407220,45476664,7870940
14:25:00,588107,batch_c_scan_7x6,18407220,45476664,7870940
14:25:01,588107,batch_c_scan_7x6,18407220,45476664,7870940
14:25:02,588107,batch_c_scan_7x6,18407220,45476664,7870940
14:25:03,588107,batch_c_scan_7x6,18407220,45476664,7870940
14:25:04,588107,batch_c_scan_7x6,18407220,45476664,7870940
14:25:05,588107,batch_c_scan_7x6,18407328,45476664,7870832
14:25:06,588107,batch_c_scan_7x6,18407328,45476664,7870832
14:25:07,588107,batch_c_scan_7x6,18407328,45476664,7870832
14:25:08,588107,batch_c_scan_7x6,18407328,45476664,7870832
14:25:09,588107,batch_c_scan_7x6,18407328,45476664,7870832
14:25:10,588107,batch_c_scan_7x6,18407328,45476664,7870832
14:25:11,588107,batch_c_scan_7x6,18407344,45476664,7870816
14:25:12,588107,batch_c_scan_7x6,18407344,45476664,7870816
14:25:13,588107,batch_c_scan_7x6,18407344,45476664,7870816
14:25:14,588107,batch_c_scan_7x6,18407344,45476664,7870816
14:25:15,588107,batch_c_scan_7x6,18407344,45476664,7870816
14:25:16,588107,batch_c_scan_7x6,18407344,45476664,7870816
14:25:17,588107,batch_c_scan_7x6,18407344,45476664,7870816
14:25:18,588107,batch_c_scan_7x6,18407440,45476664,7870720
14:25:19,588107,batch_c_scan_7x6,18407440,45476664,7870720
14:25:20,588107,batch_c_scan_7x6,18407440,45476664,7870720
14:25:21,588107,batch_c_scan_7x6,18407440,45476664,7870720
14:25:22,588107,batch_c_scan_7x6,18407440,45476664,7870720
14:25:23,588107,batch_c_scan_7x6,18407440,45476664,7870720
14:25:24,588107,batch_c_scan_7x6,18407440,45476664,7870720
14:25:25,588107,batch_c_scan_7x6,18407452,45476664,7870708
14:25:26,588107,batch_c_scan_7x6,18407452,45476664,7870708
14:25:28,588107,batch_c_scan_7x6,18407456,45476664,7870704
14:25:29,588107,batch_c_scan_7x6,18407456,45476664,7870704
