where	result	detail
契约/sources	通过	
契约/逻辑记录数	通过	
契约/LF000	通过	
契约/LF001	通过	
契约/LF002	通过	
契约/LF003	通过	
契约/LF004	通过	
契约/LF005	通过	
契约/LF006	通过	
契约/LF007	通过	
契约/LF008	通过	
契约/LF009	通过	
契约/LF010	通过	
契约/LF011	通过	
契约/LF012	通过	
契约/LF013	通过	
契约/LF014	通过	
契约/LF015	通过	
契约/LF016	通过	
契约/LF017	通过	
契约/LF018	通过	
契约/LF019	通过	
契约/LF020	通过	
契约/LF021	通过	
契约/LF022	通过	
契约/LF023	通过	
契约/LF024	通过	
契约/LF025	通过	
契约/LF026	通过	
契约/LF027	通过	
契约/LF028	通过	
契约/LF029	通过	
契约/LF030	通过	
契约/LF031	通过	
契约/LF032	通过	
契约/LF033	通过	
契约/LF034	通过	
契约/LF035	通过	
契约/LF036	通过	
契约/LF037	通过	
契约/LF038	通过	
契约/LF039	通过	
契约/LF040	通过	
契约/LF041	通过	
契约/LF042	通过	
契约/LF043	通过	
契约/LF044	通过	
契约/LF045	通过	
契约/LF046	通过	
契约/LF047	通过	
契约/LF048	通过	
契约/LF049	通过	
契约/LF050	通过	
契约/LF051	通过	
契约/LF052	通过	
契约/LF053	通过	
契约/LF054	通过	
契约/LF055	通过	
契约/LF056	通过	
契约/LF057	通过	
契约/LF058	通过	
契约/LF059	通过	
契约/LF060	通过	
契约/LF061	通过	
契约/LF062	通过	
契约/LF063	通过	
契约/LF064	通过	
契约/LF065	通过	
契约/LF066	通过	
契约/LF067	通过	
契约/LF068	通过	
契约/LF069	通过	
契约/LF070	通过	
契约/LF071	通过	
契约/LF072	通过	
契约/LF073	通过	
契约/LF074	通过	
契约/LF075	通过	
契约/LF076	通过	
契约/LF077	通过	
契约/LF078	通过	
契约/LF079	通过	
契约/LF080	通过	
契约/LF081	通过	
契约/LF082	通过	
契约/LF083	通过	
契约/LF084	通过	
契约/LF085	通过	
契约/LF086	通过	
契约/LF087	通过	
契约/LF088	通过	
契约/LF089	通过	
契约/LF090	通过	
契约/LF091	通过	
契约/LF092	通过	
契约/LF093	通过	
契约/LF094	通过	
契约/LF095	通过	
契约/LF096	通过	
契约/LF097	通过	
契约/LF098	通过	
契约/LF099	通过	
契约/LF100	通过	
契约/LF101	通过	
契约/LF102	通过	
契约/LF103	通过	
契约/LF104	通过	
契约/LF105	通过	
契约/LF106	通过	
契约/LF107	通过	
契约/LF108	通过	
契约/LF109	通过	
契约/LF110	通过	
契约/LF111	通过	
契约/LF112	通过	
契约/LF113	通过	
契约/LF114	通过	
契约/LF115	通过	
契约/LF116	通过	
契约/LF117	通过	
契约/LF118	通过	
契约/LF119	通过	
契约/LF120	通过	
契约/LF121	通过	
契约/LF122	通过	
契约/LF123	通过	
契约/LF124	通过	
契约/LF125	通过	
契约/LF126	通过	
契约/LF127	通过	
契约/LF128	通过	
契约/LF129	通过	
契约/LF130	通过	
契约/LF131	通过	
契约/LF132	通过	
契约/LF133	通过	
契约/LF134	通过	
契约/LF135	通过	
契约/LF136	通过	
契约/LF137	通过	
契约/LF138	通过	
契约/LF139	通过	
契约/LF140	通过	
契约/LF141	通过	
契约/LF142	通过	
契约/LF143	通过	
契约/LF144	通过	
契约/LF145	通过	
契约/LF146	通过	
契约/LF147	通过	
契约/LF148	通过	
契约/LF149	通过	
契约/LF150	通过	
契约/LF151	通过	
契约/LF152	通过	
契约/LF153	通过	
契约/LF154	通过	
契约/LF155	通过	
契约/LF156	通过	
契约/LF157	通过	
契约/LF158	通过	
契约/LF159	通过	
契约/LF160	通过	
契约/LF161	通过	
契约/LF162	通过	
契约/LF163	通过	
契约/LF164	通过	
契约/LF165	通过	
契约/LF166	通过	
契约/LF167	通过	
契约/LF168	通过	
契约/LF169	通过	
契约/LF170	通过	
契约/LF171	通过	
契约/LF172	通过	
契约/LF173	通过	
契约/LF174	通过	
契约/LF175	通过	
契约/LF176	通过	
契约/LF177	通过	
契约/LF178	通过	
契约/LF179	通过	
契约/LF180	通过	
契约/LF181	通过	
契约/LF182	通过	
契约/LF183	通过	
契约/LF184	通过	
契约/LF185	通过	
契约/LF186	通过	
契约/LF187	通过	
契约/LF188	通过	
契约/LF189	通过	
契约/LF190	通过	
契约/LF191	通过	
契约/LF192	通过	
契约/LF193	通过	
契约/LF194	通过	
契约/LF195	通过	
契约/LF196	通过	
契约/LF197	通过	
契约/LF198	通过	
契约/LF199	通过	
契约/LF200	通过	
契约/LF201	通过	
契约/LF202	通过	
契约/LF203	通过	
契约/LF204	通过	
契约/LF205	通过	
契约/LF206	通过	
契约/LF207	通过	
契约/LF208	通过	
契约/LF209	通过	
契约/LF210	通过	
契约/LF211	通过	
契约/LF212	通过	
契约/LF213	通过	
契约/LF214	通过	
契约/LF215	通过	
契约/LF216	通过	
契约/LF217	通过	
契约/LF218	通过	
契约/LF219	通过	
契约/LF220	通过	
契约/LF221	通过	
契约/LF222	通过	
契约/LF223	通过	
契约/LF224	通过	
契约/LF225	通过	
契约/LF226	通过	
契约/LF227	通过	
契约/LF228	通过	
契约/LF229	通过	
契约/LF230	通过	
契约/LF231	通过	
契约/LF232	通过	
契约/LF233	通过	
契约/LF234	通过	
契约/LF235	通过	
契约/LF236	通过	
契约/LF237	通过	
契约/LF238	通过	
契约/LF239	通过	
契约/LF240	通过	
契约/LF241	通过	
契约/LF242	通过	
契约/LF243	通过	
契约/LF244	通过	
契约/LF245	通过	
契约/LF246	通过	
契约/LF247	通过	
契约/LF248	通过	
契约/LF249	通过	
契约/LF250	通过	
契约/LF251	通过	
契约/LF252	通过	
契约/LF253	通过	
契约/LF254	通过	
契约/LF255	通过	
契约/LF256	通过	
契约/LF257	通过	
契约/LF258	通过	
契约/LF259	通过	
契约/LF260	通过	
契约/LF261	通过	
契约/LF262	通过	
契约/LF263	通过	
契约/LF264	通过	
契约/LF265	通过	
契约/LF266	通过	
契约/LF267	通过	
契约/LF268	通过	
契约/LF269	通过	
契约/LF270	通过	
契约/LF271	通过	
契约/LF272	通过	
契约/LF273	通过	
契约/LF274	通过	
契约/LF275	通过	
契约/LF276	通过	
契约/LF277	通过	
契约/LF278	通过	
契约/LF279	通过	
契约/LF280	通过	
契约/LF281	通过	
契约/LF282	通过	
契约/LF283	通过	
契约/LF284	通过	
契约/LF285	通过	
契约/LF286	通过	
契约/LF287	通过	
契约/LF288	通过	
契约/LF289	通过	
契约/LF290	通过	
契约/LF291	通过	
契约/LF292	通过	
契约/LF293	通过	
契约/LF294	通过	
契约/LF295	通过	
契约/LF296	通过	
契约/LF297	通过	
契约/LF298	通过	
契约/LF299	通过	
契约/LF300	通过	
契约/LF301	通过	
契约/LF302	通过	
契约/LF303	通过	
契约/LF304	通过	
契约/LF305	通过	
契约/LF306	通过	
契约/LF307	通过	
契约/LF308	通过	
契约/LF309	通过	
契约/LF310	通过	
契约/LF311	通过	
契约/LF312	通过	
契约/LF313	通过	
契约/LF314	通过	
契约/M000	通过	
契约/M001	通过	
契约/M002	通过	
契约/M003	通过	
契约/M004	通过	
契约/M005	通过	
契约/M006	通过	
契约/M007	通过	
契约/M008	通过	
契约/M009	通过	
契约/M010	通过	
契约/M011	通过	
契约/M012	通过	
契约/M013	通过	
契约/M014	通过	
契约/M015	通过	
契约/M016	通过	
契约/M017	通过	
契约/M018	通过	
契约/M019	通过	
契约/M020	通过	
契约/M021	通过	
契约/M022	通过	
契约/M023	通过	
契约/M024	通过	
契约/M025	通过	
契约/M026	通过	
契约/M027	通过	
契约/M028	通过	
契约/M029	通过	
契约/M030	通过	
契约/M031	通过	
契约/M032	通过	
契约/M033	通过	
契约/M034	通过	
契约/M035	通过	
契约/M036	通过	
契约/M037	通过	
契约/M038	通过	
契约/M039	通过	
契约/M040	通过	
契约/M041	通过	
契约/M042	通过	
契约/M043	通过	
契约/M044	通过	
契约/M045	通过	
契约/M046	通过	
契约/M047	通过	
契约/M048	通过	
契约/M049	通过	
契约/M050	通过	
契约/M051	通过	
契约/M052	通过	
契约/M053	通过	
契约/M054	通过	
契约/M055	通过	
契约/M056	通过	
契约/M057	通过	
契约/M058	通过	
契约/M059	通过	
契约/M060	通过	
契约/M061	通过	
契约/M062	通过	
契约/M063	通过	
契约/M064	通过	
契约/M065	通过	
契约/M066	通过	
契约/M067	通过	
契约/M068	通过	
契约/M069	通过	
契约/M070	通过	
契约/M071	通过	
契约/M072	通过	
契约/M073	通过	
契约/M074	通过	
契约/M075	通过	
契约/M076	通过	
契约/M077	通过	
契约/M078	通过	
契约/M079	通过	
契约/M080	通过	
契约/M081	通过	
契约/M082	通过	
契约/M083	通过	
契约/M084	通过	
契约/M085	通过	
契约/M086	通过	
契约/M087	通过	
契约/M088	通过	
契约/M089	通过	
契约/M090	通过	
契约/M091	通过	
契约/M092	通过	
契约/M093	通过	
契约/M094	通过	
契约/M095	通过	
契约/M096	通过	
契约/M097	通过	
契约/M098	通过	
契约/M099	通过	
契约/M100	通过	
契约/M101	通过	
契约/M102	通过	
契约/M103	通过	
契约/M104	通过	
契约/M105	通过	
契约/M106	通过	
契约/M107	通过	
契约/M108	通过	
契约/M109	通过	
契约/M110	通过	
契约/M111	通过	
契约/M112	通过	
契约/M113	通过	
契约/M114	通过	
契约/M115	通过	
契约/M116	通过	
契约/M117	通过	
契约/M118	通过	
契约/M119	通过	
契约/M120	通过	
契约/M121	通过	
契约/M122	通过	
契约/M123	通过	
契约/M124	通过	
契约/M125	通过	
契约/M126	通过	
契约/M127	通过	
契约/M128	通过	
契约/M129	通过	
契约/M130	通过	
契约/M131	通过	
契约/M132	通过	
契约/M133	通过	
契约/M134	通过	
契约/M135	通过	
契约/M136	通过	
契约/M137	通过	
契约/M138	通过	
契约/M139	通过	
契约/M140	通过	
契约/M141	通过	
契约/M142	通过	
契约/M143	通过	
契约/M144	通过	
契约/M145	通过	
契约/M146	通过	
契约/M147	通过	
契约/M148	通过	
契约/M149	通过	
契约/M150	通过	
契约/M151	通过	
契约/M152	通过	
契约/M153	通过	
契约/M154	通过	
契约/M155	通过	
契约/M156	通过	
契约/M157	通过	
契约/M158	通过	
契约/M159	通过	
契约/M160	通过	
契约/M161	通过	
契约/M162	通过	
契约/M163	通过	
契约/M164	通过	
契约/M165	通过	
契约/M166	通过	
契约/M167	通过	
契约/M168	通过	
契约/M169	通过	
契约/M170	通过	
契约/M171	通过	
契约/M172	通过	
契约/M173	通过	
契约/M174	通过	
契约/M175	通过	
契约/M176	通过	
契约/M177	通过	
契约/M178	通过	
契约/M179	通过	
契约/M180	通过	
契约/M181	通过	
契约/M182	通过	
契约/M183	通过	
契约/M184	通过	
契约/M185	通过	
契约/M186	通过	
契约/M187	通过	
契约/M188	通过	
契约/M189	通过	
契约/M190	通过	
契约/M191	通过	
契约/M192	通过	
契约/M193	通过	
契约/M194	通过	
契约/M195	通过	
契约/M196	通过	
契约/M197	通过	
契约/M198	通过	
契约/M199	通过	
契约/M200	通过	
契约/M201	通过	
契约/M202	通过	
契约/M203	通过	
契约/M204	通过	
契约/M205	通过	
契约/M206	通过	
契约/M207	通过	
契约/M208	通过	
契约/M209	通过	
契约/M210	通过	
契约/M211	通过	
契约/M212	通过	
契约/M213	通过	
契约/M214	通过	
契约/M215	通过	
契约/M216	通过	
契约/M217	通过	
契约/M218	通过	
契约/机器身份全集	通过	
契约/扇出/M052	通过	
契约/扇出/M053	通过	
契约/扇出/M054	通过	
契约/扇出/M055	通过	
契约/扇出/M056	通过	
契约/扇出/M058	通过	
契约/扇出/M059	通过	
契约/扇出/M060	通过	
契约/扇出/M061	通过	
契约/扇出/M062	通过	
契约/扇出/M063	通过	
契约/扇出/M064	通过	
契约/扇出/M065	通过	
契约/扇出/M066	通过	
契约/扇出/M067	通过	
契约/扇出/M068	通过	
契约/扇出/M174	通过	
契约/扇出/M195	通过	
契约/扇出/M196	通过	
契约/扇出/M197	通过	
契约/扇出/M198	通过	
契约/扇出/M199	通过	
契约/扇出/M200	通过	
契约/扇出/M202	通过	
契约/扇出/M203	通过	
契约/扇出/M204	通过	
契约/扇出/M205	通过	
契约/扇出/M206	通过	
契约/扇出/M207	通过	
契约/扇出/M208	通过	
契约/扇出/M209	通过	
契约/扇出/M210	通过	
契约/扇出/M211	通过	
契约/扇出身份全集	通过	
契约/到达义务43台	通过	
契约/速率窗口	通过	
契约/来源域	通过	
契约/核心	通过	
契约/目标	通过	
契约/排除单位	通过	
契约/格式	通过	
目录/源指纹/《明日方舟：终末地》游戏规则.txt	通过	
目录/源全文/《明日方舟：终末地》游戏规则.txt	通过	
目录/源指纹/求解任务.txt	通过	
目录/源全文/求解任务.txt	通过	
目录/源指纹/求解约束.txt	通过	
目录/源全文/求解约束.txt	通过	
目录/约束56条	通过	
目录/约束/接通先后	通过	
目录/约束/分叉分支	通过	
目录/约束/传输相位	通过	
目录/约束/判定先后	通过	
目录/约束/取货分级	通过	
目录/约束/密集结点	通过	
目录/约束/来源定序	通过	
目录/约束/单位矿耗	通过	
目录/约束/矿石需求	通过	
目录/约束/种子自给	通过	
目录/约束/端口对接	通过	
目录/约束/端口速率	通过	
目录/约束/出库上限	通过	
目录/约束/取货口配置	通过	
目录/约束/周期倍数	通过	
目录/约束/种子起动	通过	
目录/约束/入库途径	通过	
目录/约束/物料流量	通过	
目录/约束/机型下限	通过	
目录/约束/通道下限	通过	
目录/约束/满载配置	通过	
目录/约束/研磨进料	通过	
目录/约束/封装进料	通过	
目录/约束/满速独占	通过	
目录/约束/矿线专机	通过	
目录/约束/灌装混线	通过	
目录/约束/准入累计	通过	
目录/约束/矿系不入库	通过	
目录/约束/成品汇入	通过	
目录/约束/回路守恒	通过	
目录/约束/混做清空	通过	
目录/约束/回路存量	通过	
目录/约束/运输端口收支	通过	
目录/约束/矿石分流与专机	通过	
目录/约束/传输箱不满	通过	
目录/约束/轮询均分	通过	
目录/约束/箱体接口	通过	
目录/约束/箱体预算	通过	
目录/约束/箱体过站	通过	
目录/约束/供电下限	通过	
目录/约束/边带排布	通过	
目录/约束/角区	通过	
目录/约束/核心离带	通过	
目录/约束/核心邻格	通过	
目录/约束/核心取货边朝带	通过	
目录/约束/运输下限	通过	
目录/约束/运输降幅	通过	
目录/约束/占地下界	通过	
目录/约束/空矩形上界	通过	
目录/约束/面积预算	通过	
目录/约束/侧旁供电	通过	
目录/约束/矩形离带	通过	
目录/约束/回路转弯	通过	
目录/约束/矿石走廊	通过	
目录/约束/四通结点	通过	
目录/约束/内带缺口	通过	
目录/完整目标	通过	
目录/目标速率	通过	
目录/任务条件	通过	
目录/配方总数	通过	
目录/配方/粉碎-源矿	通过	
目录/配方/粉碎-蓝铁块	通过	
目录/配方/粉碎-荞花	通过	
目录/配方/粉碎-砂叶	通过	
目录/配方/精炼-蓝铁矿	通过	
目录/配方/精炼-致密蓝铁	通过	
目录/配方/精炼-蓝铁粉末	通过	
目录/配方/研磨-致密蓝铁	通过	
目录/配方/研磨-致密源石	通过	
目录/配方/研磨-细磨荞花	通过	
目录/配方/塑形-钢质瓶	通过	
目录/配方/配件-钢制零件	通过	
目录/配方/种植-荞花	通过	
目录/配方/种植-砂叶	通过	
目录/配方/采种-荞花	通过	
目录/配方/采种-砂叶	通过	
目录/配方/封装-电池	通过	
目录/配方/灌装-胶囊	通过	
目录/尺寸/粉碎机	通过	
目录/端口数/粉碎机	通过	
目录/三下限/粉碎机	通过	
目录/物品格/粉碎机	通过	
目录/尺寸/精炼炉	通过	
目录/端口数/精炼炉	通过	
目录/三下限/精炼炉	通过	
目录/物品格/精炼炉	通过	
目录/尺寸/研磨机	通过	
目录/端口数/研磨机	通过	
目录/三下限/研磨机	通过	
目录/物品格/研磨机	通过	
目录/尺寸/塑形机	通过	
目录/端口数/塑形机	通过	
目录/三下限/塑形机	通过	
目录/物品格/塑形机	通过	
目录/尺寸/配件机	通过	
目录/端口数/配件机	通过	
目录/三下限/配件机	通过	
目录/物品格/配件机	通过	
目录/尺寸/种植机	通过	
目录/端口数/种植机	通过	
目录/三下限/种植机	通过	
目录/物品格/种植机	通过	
目录/尺寸/采种机	通过	
目录/端口数/采种机	通过	
目录/三下限/采种机	通过	
目录/物品格/采种机	通过	
目录/尺寸/封装机	通过	
目录/端口数/封装机	通过	
目录/三下限/封装机	通过	
目录/物品格/封装机	通过	
目录/尺寸/灌装机	通过	
目录/端口数/灌装机	通过	
目录/三下限/灌装机	通过	
目录/物品格/灌装机	通过	
目录/非制造尺寸端口/协议核心	通过	
目录/非制造尺寸端口/传送带	通过	
目录/非制造尺寸端口/桥接器	通过	
目录/非制造尺寸端口/物品准入口	通过	
目录/非制造尺寸端口/分流器	通过	
目录/非制造尺寸端口/汇流器	通过	
目录/非制造尺寸端口/协议储存箱	通过	
目录/非制造尺寸端口/仓库取货口	通过	
目录/非制造尺寸端口/供电桩	通过	
目录/单位数	通过	
目录/阈值字段集合	通过	
目录/阈值/port_rate	通过	
目录/阈值出处/port_rate	通过	
目录/阈值/source_per_side	通过	
目录/阈值出处/source_per_side	通过	
目录/阈值/ore_total	通过	
目录/阈值出处/ore_total	通过	
目录/阈值/battery_iron	通过	
目录/阈值出处/battery_iron	通过	
目录/阈值/battery_ore	通过	
目录/阈值出处/battery_ore	通过	
目录/阈值/capsule_iron	通过	
目录/阈值出处/capsule_iron	通过	
目录/阈值/grinder_trigger	通过	
目录/阈值出处/grinder_trigger	通过	
目录/阈值/grinder_count	通过	
目录/阈值出处/grinder_count	通过	
目录/阈值/grinder_inputs	通过	
目录/阈值出处/grinder_inputs	通过	
目录/阈值/seed_trigger	通过	
目录/阈值出处/seed_trigger	通过	
目录/阈值/seed_outputs	通过	
目录/阈值出处/seed_outputs	通过	
目录/阈值/shaper_trigger	通过	
目录/阈值出处/shaper_trigger	通过	
目录/阈值/shaper_count	通过	
目录/阈值出处/shaper_count	通过	
目录/阈值/shaper_inputs	通过	
目录/阈值出处/shaper_inputs	通过	
目录/阈值/pack_trigger	通过	
目录/阈值出处/pack_trigger	通过	
目录/阈值/pack_inputs	通过	
目录/阈值出处/pack_inputs	通过	
目录/阈值/fill_trigger	通过	
目录/阈值出处/fill_trigger	通过	
目录/阈值/fill_count	通过	
目录/阈值出处/fill_count	通过	
目录/阈值/fill_inputs	通过	
目录/阈值出处/fill_inputs	通过	
目录/阈值/fill_other_inputs	通过	
目录/阈值出处/fill_other_inputs	通过	
目录/阈值/plant_trigger	通过	
目录/阈值出处/plant_trigger	通过	
目录/阈值/product_sources	通过	
目录/阈值出处/product_sources	通过	
目录/阈值/product_inputs	通过	
目录/阈值出处/product_inputs	通过	
目录/阈值/transport_s	通过	
目录/阈值出处/transport_s	通过	
目录/阈值/transport_r	通过	
目录/阈值出处/transport_r	通过	
目录/阈值/box_base	通过	
目录/阈值出处/box_base	通过	
目录/阈值/box_h	通过	
目录/阈值出处/box_h	通过	
目录/阈值/box_eta_h_offset	通过	
目录/阈值出处/box_eta_h_offset	通过	
目录/阈值/box_eta_m_base	通过	
目录/阈值出处/box_eta_m_base	通过	
目录/阈值/box_eta_h_factor	通过	
目录/阈值出处/box_eta_h_factor	通过	
目录/阈值/box_eta_h_subtract	通过	
目录/阈值出处/box_eta_h_subtract	通过	
目录/阈值/plant_area	通过	
目录/阈值出处/plant_area	通过	
目录/阈值/flow_total	通过	
目录/阈值出处/flow_total	通过	
目录/物料流量/蓝铁矿	通过	
目录/物料流量/源矿	通过	
目录/物料流量/蓝铁块	通过	
目录/物料流量/蓝铁粉末	通过	
目录/物料流量/源石粉末	通过	
目录/物料流量/砂叶粉末	通过	
目录/物料流量/砂叶	通过	
目录/物料流量/砂叶种子	通过	
目录/物料流量/荞花	通过	
目录/物料流量/荞花种子	通过	
目录/物料流量/荞花粉末	通过	
目录/物料流量/致密蓝铁粉末	通过	
目录/物料流量/钢块	通过	
目录/物料流量/致密源石粉末	通过	
目录/物料流量/细磨荞花粉末	通过	
目录/物料流量/钢制零件	通过	
目录/物料流量/钢质瓶	通过	
目录/物料流量/高容谷地电池	通过	
目录/物料流量/精选荞愈胶囊	通过	
目录/准入口数值	通过	
目录/传输冷却	通过	
校验报告.md:11 契约/数字类别	通过	结构、证据边界文字核对
校验报告.md:12 目录/版本	通过	结构、证据边界文字核对
校验报告.md:13 目录/阈值/battery_iron	通过	正式阈值逐项对照
校验报告.md:14 目录/阈值/battery_ore	通过	正式阈值逐项对照
校验报告.md:15 目录/阈值/box_base	通过	正式阈值逐项对照
校验报告.md:16 目录/阈值/box_eta_h_factor	通过	正式阈值逐项对照
校验报告.md:17 目录/阈值/box_eta_h_offset	通过	正式阈值逐项对照
校验报告.md:18 目录/阈值/box_eta_h_subtract	通过	正式阈值逐项对照
校验报告.md:19 目录/阈值/box_eta_m_base	通过	正式阈值逐项对照
校验报告.md:20 目录/阈值/box_h	通过	正式阈值逐项对照
校验报告.md:21 目录/阈值/capsule_iron	通过	正式阈值逐项对照
校验报告.md:22 目录/阈值/fill_count	通过	正式阈值逐项对照
校验报告.md:23 目录/阈值/fill_inputs	通过	正式阈值逐项对照
校验报告.md:24 目录/阈值/fill_other_inputs	通过	正式阈值逐项对照
校验报告.md:25 目录/阈值/fill_trigger	通过	正式阈值逐项对照
校验报告.md:26 目录/阈值/flow_total	通过	正式阈值逐项对照
校验报告.md:27 目录/阈值/grinder_count	通过	正式阈值逐项对照
校验报告.md:28 目录/阈值/grinder_inputs	通过	正式阈值逐项对照
校验报告.md:29 目录/阈值/grinder_trigger	通过	正式阈值逐项对照
校验报告.md:30 目录/阈值/ore_total	通过	正式阈值逐项对照
校验报告.md:31 目录/阈值/pack_inputs	通过	正式阈值逐项对照
校验报告.md:32 目录/阈值/pack_trigger	通过	正式阈值逐项对照
校验报告.md:33 目录/阈值/plant_area	通过	正式阈值逐项对照
校验报告.md:34 目录/阈值/plant_trigger	通过	正式阈值逐项对照
校验报告.md:35 目录/阈值/port_rate	通过	正式阈值逐项对照
校验报告.md:36 目录/阈值/product_inputs	通过	正式阈值逐项对照
校验报告.md:37 目录/阈值/product_sources	通过	正式阈值逐项对照
校验报告.md:38 目录/阈值/seed_outputs	通过	正式阈值逐项对照
校验报告.md:39 目录/阈值/seed_trigger	通过	正式阈值逐项对照
校验报告.md:40 目录/阈值/shaper_count	通过	正式阈值逐项对照
校验报告.md:41 目录/阈值/shaper_inputs	通过	正式阈值逐项对照
校验报告.md:42 目录/阈值/shaper_trigger	通过	正式阈值逐项对照
校验报告.md:43 目录/阈值/source_per_side	通过	正式阈值逐项对照
校验报告.md:44 目录/阈值/transport_r	通过	正式阈值逐项对照
校验报告.md:45 目录/阈值/transport_s	通过	正式阈值逐项对照
校验报告.md:46 契约/版本	通过	结构、证据边界文字核对
校验报告.md:47 契约/唯一身份	通过	结构、证据边界文字核对
校验报告.md:48 契约/速率窗口	通过	结构、证据边界文字核对
校验报告.md:49 协议核心/端口	通过	结构、证据边界文字核对
校验报告.md:50 出库上限/来源变量域	通过	结构、证据边界文字核对
校验报告.md:51 契约/受限模型	通过	结构、证据边界文字核对
校验报告.md:52 来源端口身份/ORE000	通过	结构、证据边界文字核对
校验报告.md:53 来源端口身份/ORE001	通过	结构、证据边界文字核对
校验报告.md:54 来源端口身份/ORE002	通过	结构、证据边界文字核对
校验报告.md:55 来源端口身份/ORE003	通过	结构、证据边界文字核对
校验报告.md:56 来源端口身份/ORE004	通过	结构、证据边界文字核对
校验报告.md:57 来源端口身份/ORE005	通过	结构、证据边界文字核对
校验报告.md:58 来源端口身份/ORE006	通过	结构、证据边界文字核对
校验报告.md:59 来源端口身份/ORE007	通过	结构、证据边界文字核对
校验报告.md:60 来源端口身份/ORE008	通过	结构、证据边界文字核对
校验报告.md:61 来源端口身份/ORE009	通过	结构、证据边界文字核对
校验报告.md:62 来源端口身份/ORE010	通过	结构、证据边界文字核对
校验报告.md:63 来源端口身份/ORE011	通过	结构、证据边界文字核对
校验报告.md:64 来源端口身份/ORE012	通过	结构、证据边界文字核对
校验报告.md:65 来源端口身份/ORE013	通过	结构、证据边界文字核对
校验报告.md:66 来源端口身份/ORE014	通过	结构、证据边界文字核对
校验报告.md:67 来源端口身份/ORE015	通过	结构、证据边界文字核对
校验报告.md:68 来源端口身份/ORE016	通过	结构、证据边界文字核对
校验报告.md:69 来源端口身份/ORE017	通过	结构、证据边界文字核对
校验报告.md:70 来源端口身份/ORE018	通过	结构、证据边界文字核对
校验报告.md:71 来源端口身份/ORE019	通过	结构、证据边界文字核对
校验报告.md:72 来源端口身份/ORE020	通过	结构、证据边界文字核对
校验报告.md:73 来源端口身份/ORE021	通过	结构、证据边界文字核对
校验报告.md:74 来源端口身份/ORE022	通过	结构、证据边界文字核对
校验报告.md:75 来源端口身份/ORE023	通过	结构、证据边界文字核对
校验报告.md:76 来源端口身份/ORE024	通过	结构、证据边界文字核对
校验报告.md:77 来源端口身份/ORE025	通过	结构、证据边界文字核对
校验报告.md:78 来源端口身份/ORE026	通过	结构、证据边界文字核对
校验报告.md:79 来源端口身份/ORE027	通过	结构、证据边界文字核对
校验报告.md:80 来源端口身份/ORE028	通过	结构、证据边界文字核对
校验报告.md:81 来源端口身份/ORE029	通过	结构、证据边界文字核对
校验报告.md:82 来源端口身份/ORE030	通过	结构、证据边界文字核对
校验报告.md:83 来源端口身份/ORE031	通过	结构、证据边界文字核对
校验报告.md:84 来源端口身份/ORE032	通过	结构、证据边界文字核对
校验报告.md:85 来源端口身份/ORE033	通过	结构、证据边界文字核对
校验报告.md:86 来源端口身份/ORE034	通过	结构、证据边界文字核对
校验报告.md:87 来源端口身份/ORE035	通过	结构、证据边界文字核对
校验报告.md:88 来源端口身份/ORE036	通过	结构、证据边界文字核对
校验报告.md:89 来源端口身份/ORE037	通过	结构、证据边界文字核对
校验报告.md:90 来源端口身份/ORE038	通过	结构、证据边界文字核对
校验报告.md:91 来源端口身份/ORE039	通过	结构、证据边界文字核对
校验报告.md:92 来源端口身份/ORE040	通过	结构、证据边界文字核对
校验报告.md:93 来源端口身份/ORE041	通过	结构、证据边界文字核对
校验报告.md:94 来源端口身份/ORE042	通过	结构、证据边界文字核对
校验报告.md:95 来源端口身份/ORE043	通过	结构、证据边界文字核对
校验报告.md:96 来源端口身份/ORE044	通过	结构、证据边界文字核对
校验报告.md:97 来源端口身份/ORE045	通过	结构、证据边界文字核对
校验报告.md:98 来源端口身份/ORE046	通过	结构、证据边界文字核对
校验报告.md:99 来源端口身份/ORE047	通过	结构、证据边界文字核对
校验报告.md:100 来源端口身份/ORE048	通过	结构、证据边界文字核对
校验报告.md:101 来源端口身份/ORE049	通过	结构、证据边界文字核对
校验报告.md:102 来源端口身份/ORE050	通过	结构、证据边界文字核对
校验报告.md:103 来源端口身份/ORE051	通过	结构、证据边界文字核对
校验报告.md:104 契约/送料身份/LF000	通过	结构、证据边界文字核对
校验报告.md:105 契约/送料引用/LF000	通过	结构、证据边界文字核对
校验报告.md:106 满速独占/计划标记/LF000	通过	逐LF满速标记
校验报告.md:107 契约/端口身份/LF000	通过	结构、证据边界文字核对
校验报告.md:108 端口速率/记录/LF000	通过	端口速率独立复算
校验报告.md:109 契约/实际速率/LF000	通过	结构、证据边界文字核对
校验报告.md:110 契约/运输占位/LF000	通过	结构、证据边界文字核对
校验报告.md:111 契约/送料身份/LF001	通过	结构、证据边界文字核对
校验报告.md:112 契约/送料引用/LF001	通过	结构、证据边界文字核对
校验报告.md:113 满速独占/计划标记/LF001	通过	逐LF满速标记
校验报告.md:114 契约/端口身份/LF001	通过	结构、证据边界文字核对
校验报告.md:115 端口速率/记录/LF001	通过	端口速率独立复算
校验报告.md:116 契约/实际速率/LF001	通过	结构、证据边界文字核对
校验报告.md:117 契约/运输占位/LF001	通过	结构、证据边界文字核对
校验报告.md:118 契约/送料身份/LF002	通过	结构、证据边界文字核对
校验报告.md:119 契约/送料引用/LF002	通过	结构、证据边界文字核对
校验报告.md:120 满速独占/计划标记/LF002	通过	逐LF满速标记
校验报告.md:121 契约/端口身份/LF002	通过	结构、证据边界文字核对
校验报告.md:122 端口速率/记录/LF002	通过	端口速率独立复算
校验报告.md:123 契约/实际速率/LF002	通过	结构、证据边界文字核对
校验报告.md:124 契约/运输占位/LF002	通过	结构、证据边界文字核对
校验报告.md:125 契约/送料身份/LF003	通过	结构、证据边界文字核对
校验报告.md:126 契约/送料引用/LF003	通过	结构、证据边界文字核对
校验报告.md:127 满速独占/计划标记/LF003	通过	逐LF满速标记
校验报告.md:128 契约/端口身份/LF003	通过	结构、证据边界文字核对
校验报告.md:129 端口速率/记录/LF003	通过	端口速率独立复算
校验报告.md:130 契约/实际速率/LF003	通过	结构、证据边界文字核对
校验报告.md:131 契约/运输占位/LF003	通过	结构、证据边界文字核对
校验报告.md:132 契约/送料身份/LF004	通过	结构、证据边界文字核对
校验报告.md:133 契约/送料引用/LF004	通过	结构、证据边界文字核对
校验报告.md:134 满速独占/计划标记/LF004	通过	逐LF满速标记
校验报告.md:135 契约/端口身份/LF004	通过	结构、证据边界文字核对
校验报告.md:136 端口速率/记录/LF004	通过	端口速率独立复算
校验报告.md:137 契约/实际速率/LF004	通过	结构、证据边界文字核对
校验报告.md:138 契约/运输占位/LF004	通过	结构、证据边界文字核对
校验报告.md:139 契约/送料身份/LF005	通过	结构、证据边界文字核对
校验报告.md:140 契约/送料引用/LF005	通过	结构、证据边界文字核对
校验报告.md:141 满速独占/计划标记/LF005	通过	逐LF满速标记
校验报告.md:142 契约/端口身份/LF005	通过	结构、证据边界文字核对
校验报告.md:143 端口速率/记录/LF005	通过	端口速率独立复算
校验报告.md:144 契约/实际速率/LF005	通过	结构、证据边界文字核对
校验报告.md:145 契约/运输占位/LF005	通过	结构、证据边界文字核对
校验报告.md:146 契约/送料身份/LF006	通过	结构、证据边界文字核对
校验报告.md:147 契约/送料引用/LF006	通过	结构、证据边界文字核对
校验报告.md:148 满速独占/计划标记/LF006	通过	逐LF满速标记
校验报告.md:149 契约/端口身份/LF006	通过	结构、证据边界文字核对
校验报告.md:150 端口速率/记录/LF006	通过	端口速率独立复算
校验报告.md:151 契约/实际速率/LF006	通过	结构、证据边界文字核对
校验报告.md:152 契约/运输占位/LF006	通过	结构、证据边界文字核对
校验报告.md:153 契约/送料身份/LF007	通过	结构、证据边界文字核对
校验报告.md:154 契约/送料引用/LF007	通过	结构、证据边界文字核对
校验报告.md:155 满速独占/计划标记/LF007	通过	逐LF满速标记
校验报告.md:156 契约/端口身份/LF007	通过	结构、证据边界文字核对
校验报告.md:157 端口速率/记录/LF007	通过	端口速率独立复算
校验报告.md:158 契约/实际速率/LF007	通过	结构、证据边界文字核对
校验报告.md:159 契约/运输占位/LF007	通过	结构、证据边界文字核对
校验报告.md:160 契约/送料身份/LF008	通过	结构、证据边界文字核对
校验报告.md:161 契约/送料引用/LF008	通过	结构、证据边界文字核对
校验报告.md:162 满速独占/计划标记/LF008	通过	逐LF满速标记
校验报告.md:163 契约/端口身份/LF008	通过	结构、证据边界文字核对
校验报告.md:164 端口速率/记录/LF008	通过	端口速率独立复算
校验报告.md:165 契约/实际速率/LF008	通过	结构、证据边界文字核对
校验报告.md:166 契约/运输占位/LF008	通过	结构、证据边界文字核对
校验报告.md:167 契约/送料身份/LF009	通过	结构、证据边界文字核对
校验报告.md:168 契约/送料引用/LF009	通过	结构、证据边界文字核对
校验报告.md:169 满速独占/计划标记/LF009	通过	逐LF满速标记
校验报告.md:170 契约/端口身份/LF009	通过	结构、证据边界文字核对
校验报告.md:171 端口速率/记录/LF009	通过	端口速率独立复算
校验报告.md:172 契约/实际速率/LF009	通过	结构、证据边界文字核对
校验报告.md:173 契约/运输占位/LF009	通过	结构、证据边界文字核对
校验报告.md:174 契约/送料身份/LF010	通过	结构、证据边界文字核对
校验报告.md:175 契约/送料引用/LF010	通过	结构、证据边界文字核对
校验报告.md:176 满速独占/计划标记/LF010	通过	逐LF满速标记
校验报告.md:177 契约/端口身份/LF010	通过	结构、证据边界文字核对
校验报告.md:178 端口速率/记录/LF010	通过	端口速率独立复算
校验报告.md:179 契约/实际速率/LF010	通过	结构、证据边界文字核对
校验报告.md:180 契约/运输占位/LF010	通过	结构、证据边界文字核对
校验报告.md:181 契约/送料身份/LF011	通过	结构、证据边界文字核对
校验报告.md:182 契约/送料引用/LF011	通过	结构、证据边界文字核对
校验报告.md:183 满速独占/计划标记/LF011	通过	逐LF满速标记
校验报告.md:184 契约/端口身份/LF011	通过	结构、证据边界文字核对
校验报告.md:185 端口速率/记录/LF011	通过	端口速率独立复算
校验报告.md:186 契约/实际速率/LF011	通过	结构、证据边界文字核对
校验报告.md:187 契约/运输占位/LF011	通过	结构、证据边界文字核对
校验报告.md:188 契约/送料身份/LF012	通过	结构、证据边界文字核对
校验报告.md:189 契约/送料引用/LF012	通过	结构、证据边界文字核对
校验报告.md:190 满速独占/计划标记/LF012	通过	逐LF满速标记
校验报告.md:191 契约/端口身份/LF012	通过	结构、证据边界文字核对
校验报告.md:192 端口速率/记录/LF012	通过	端口速率独立复算
校验报告.md:193 契约/实际速率/LF012	通过	结构、证据边界文字核对
校验报告.md:194 契约/运输占位/LF012	通过	结构、证据边界文字核对
校验报告.md:195 契约/送料身份/LF013	通过	结构、证据边界文字核对
校验报告.md:196 契约/送料引用/LF013	通过	结构、证据边界文字核对
校验报告.md:197 满速独占/计划标记/LF013	通过	逐LF满速标记
校验报告.md:198 契约/端口身份/LF013	通过	结构、证据边界文字核对
校验报告.md:199 端口速率/记录/LF013	通过	端口速率独立复算
校验报告.md:200 契约/实际速率/LF013	通过	结构、证据边界文字核对
校验报告.md:201 契约/运输占位/LF013	通过	结构、证据边界文字核对
校验报告.md:202 契约/送料身份/LF014	通过	结构、证据边界文字核对
校验报告.md:203 契约/送料引用/LF014	通过	结构、证据边界文字核对
校验报告.md:204 满速独占/计划标记/LF014	通过	逐LF满速标记
校验报告.md:205 契约/端口身份/LF014	通过	结构、证据边界文字核对
校验报告.md:206 端口速率/记录/LF014	通过	端口速率独立复算
校验报告.md:207 契约/实际速率/LF014	通过	结构、证据边界文字核对
校验报告.md:208 契约/运输占位/LF014	通过	结构、证据边界文字核对
校验报告.md:209 契约/送料身份/LF015	通过	结构、证据边界文字核对
校验报告.md:210 契约/送料引用/LF015	通过	结构、证据边界文字核对
校验报告.md:211 满速独占/计划标记/LF015	通过	逐LF满速标记
校验报告.md:212 契约/端口身份/LF015	通过	结构、证据边界文字核对
校验报告.md:213 端口速率/记录/LF015	通过	端口速率独立复算
校验报告.md:214 契约/实际速率/LF015	通过	结构、证据边界文字核对
校验报告.md:215 契约/运输占位/LF015	通过	结构、证据边界文字核对
校验报告.md:216 契约/送料身份/LF016	通过	结构、证据边界文字核对
校验报告.md:217 契约/送料引用/LF016	通过	结构、证据边界文字核对
校验报告.md:218 满速独占/计划标记/LF016	通过	逐LF满速标记
校验报告.md:219 契约/端口身份/LF016	通过	结构、证据边界文字核对
校验报告.md:220 端口速率/记录/LF016	通过	端口速率独立复算
校验报告.md:221 契约/实际速率/LF016	通过	结构、证据边界文字核对
校验报告.md:222 契约/运输占位/LF016	通过	结构、证据边界文字核对
校验报告.md:223 契约/送料身份/LF017	通过	结构、证据边界文字核对
校验报告.md:224 契约/送料引用/LF017	通过	结构、证据边界文字核对
校验报告.md:225 满速独占/计划标记/LF017	通过	逐LF满速标记
校验报告.md:226 契约/端口身份/LF017	通过	结构、证据边界文字核对
校验报告.md:227 端口速率/记录/LF017	通过	端口速率独立复算
校验报告.md:228 契约/实际速率/LF017	通过	结构、证据边界文字核对
校验报告.md:229 契约/运输占位/LF017	通过	结构、证据边界文字核对
校验报告.md:230 契约/送料身份/LF018	通过	结构、证据边界文字核对
校验报告.md:231 契约/送料引用/LF018	通过	结构、证据边界文字核对
校验报告.md:232 满速独占/计划标记/LF018	通过	逐LF满速标记
校验报告.md:233 契约/端口身份/LF018	通过	结构、证据边界文字核对
校验报告.md:234 端口速率/记录/LF018	通过	端口速率独立复算
校验报告.md:235 契约/实际速率/LF018	通过	结构、证据边界文字核对
校验报告.md:236 契约/运输占位/LF018	通过	结构、证据边界文字核对
校验报告.md:237 契约/送料身份/LF019	通过	结构、证据边界文字核对
校验报告.md:238 契约/送料引用/LF019	通过	结构、证据边界文字核对
校验报告.md:239 满速独占/计划标记/LF019	通过	逐LF满速标记
校验报告.md:240 契约/端口身份/LF019	通过	结构、证据边界文字核对
校验报告.md:241 端口速率/记录/LF019	通过	端口速率独立复算
校验报告.md:242 契约/实际速率/LF019	通过	结构、证据边界文字核对
校验报告.md:243 契约/运输占位/LF019	通过	结构、证据边界文字核对
校验报告.md:244 契约/送料身份/LF020	通过	结构、证据边界文字核对
校验报告.md:245 契约/送料引用/LF020	通过	结构、证据边界文字核对
校验报告.md:246 满速独占/计划标记/LF020	通过	逐LF满速标记
校验报告.md:247 契约/端口身份/LF020	通过	结构、证据边界文字核对
校验报告.md:248 端口速率/记录/LF020	通过	端口速率独立复算
校验报告.md:249 契约/实际速率/LF020	通过	结构、证据边界文字核对
校验报告.md:250 契约/运输占位/LF020	通过	结构、证据边界文字核对
校验报告.md:251 契约/送料身份/LF021	通过	结构、证据边界文字核对
校验报告.md:252 契约/送料引用/LF021	通过	结构、证据边界文字核对
校验报告.md:253 满速独占/计划标记/LF021	通过	逐LF满速标记
校验报告.md:254 契约/端口身份/LF021	通过	结构、证据边界文字核对
校验报告.md:255 端口速率/记录/LF021	通过	端口速率独立复算
校验报告.md:256 契约/实际速率/LF021	通过	结构、证据边界文字核对
校验报告.md:257 契约/运输占位/LF021	通过	结构、证据边界文字核对
校验报告.md:258 契约/送料身份/LF022	通过	结构、证据边界文字核对
校验报告.md:259 契约/送料引用/LF022	通过	结构、证据边界文字核对
校验报告.md:260 满速独占/计划标记/LF022	通过	逐LF满速标记
校验报告.md:261 契约/端口身份/LF022	通过	结构、证据边界文字核对
校验报告.md:262 端口速率/记录/LF022	通过	端口速率独立复算
校验报告.md:263 契约/实际速率/LF022	通过	结构、证据边界文字核对
校验报告.md:264 契约/运输占位/LF022	通过	结构、证据边界文字核对
校验报告.md:265 契约/送料身份/LF023	通过	结构、证据边界文字核对
校验报告.md:266 契约/送料引用/LF023	通过	结构、证据边界文字核对
校验报告.md:267 满速独占/计划标记/LF023	通过	逐LF满速标记
校验报告.md:268 契约/端口身份/LF023	通过	结构、证据边界文字核对
校验报告.md:269 端口速率/记录/LF023	通过	端口速率独立复算
校验报告.md:270 契约/实际速率/LF023	通过	结构、证据边界文字核对
校验报告.md:271 契约/运输占位/LF023	通过	结构、证据边界文字核对
校验报告.md:272 契约/送料身份/LF024	通过	结构、证据边界文字核对
校验报告.md:273 契约/送料引用/LF024	通过	结构、证据边界文字核对
校验报告.md:274 满速独占/计划标记/LF024	通过	逐LF满速标记
校验报告.md:275 契约/端口身份/LF024	通过	结构、证据边界文字核对
校验报告.md:276 端口速率/记录/LF024	通过	端口速率独立复算
校验报告.md:277 契约/实际速率/LF024	通过	结构、证据边界文字核对
校验报告.md:278 契约/运输占位/LF024	通过	结构、证据边界文字核对
校验报告.md:279 契约/送料身份/LF025	通过	结构、证据边界文字核对
校验报告.md:280 契约/送料引用/LF025	通过	结构、证据边界文字核对
校验报告.md:281 满速独占/计划标记/LF025	通过	逐LF满速标记
校验报告.md:282 契约/端口身份/LF025	通过	结构、证据边界文字核对
校验报告.md:283 端口速率/记录/LF025	通过	端口速率独立复算
校验报告.md:284 契约/实际速率/LF025	通过	结构、证据边界文字核对
校验报告.md:285 契约/运输占位/LF025	通过	结构、证据边界文字核对
校验报告.md:286 契约/送料身份/LF026	通过	结构、证据边界文字核对
校验报告.md:287 契约/送料引用/LF026	通过	结构、证据边界文字核对
校验报告.md:288 满速独占/计划标记/LF026	通过	逐LF满速标记
校验报告.md:289 契约/端口身份/LF026	通过	结构、证据边界文字核对
校验报告.md:290 端口速率/记录/LF026	通过	端口速率独立复算
校验报告.md:291 契约/实际速率/LF026	通过	结构、证据边界文字核对
校验报告.md:292 契约/运输占位/LF026	通过	结构、证据边界文字核对
校验报告.md:293 契约/送料身份/LF027	通过	结构、证据边界文字核对
校验报告.md:294 契约/送料引用/LF027	通过	结构、证据边界文字核对
校验报告.md:295 满速独占/计划标记/LF027	通过	逐LF满速标记
校验报告.md:296 契约/端口身份/LF027	通过	结构、证据边界文字核对
校验报告.md:297 端口速率/记录/LF027	通过	端口速率独立复算
校验报告.md:298 契约/实际速率/LF027	通过	结构、证据边界文字核对
校验报告.md:299 契约/运输占位/LF027	通过	结构、证据边界文字核对
校验报告.md:300 契约/送料身份/LF028	通过	结构、证据边界文字核对
校验报告.md:301 契约/送料引用/LF028	通过	结构、证据边界文字核对
校验报告.md:302 满速独占/计划标记/LF028	通过	逐LF满速标记
校验报告.md:303 契约/端口身份/LF028	通过	结构、证据边界文字核对
校验报告.md:304 端口速率/记录/LF028	通过	端口速率独立复算
校验报告.md:305 契约/实际速率/LF028	通过	结构、证据边界文字核对
校验报告.md:306 契约/运输占位/LF028	通过	结构、证据边界文字核对
校验报告.md:307 契约/送料身份/LF029	通过	结构、证据边界文字核对
校验报告.md:308 契约/送料引用/LF029	通过	结构、证据边界文字核对
校验报告.md:309 满速独占/计划标记/LF029	通过	逐LF满速标记
校验报告.md:310 契约/端口身份/LF029	通过	结构、证据边界文字核对
校验报告.md:311 端口速率/记录/LF029	通过	端口速率独立复算
校验报告.md:312 契约/实际速率/LF029	通过	结构、证据边界文字核对
校验报告.md:313 契约/运输占位/LF029	通过	结构、证据边界文字核对
校验报告.md:314 契约/送料身份/LF030	通过	结构、证据边界文字核对
校验报告.md:315 契约/送料引用/LF030	通过	结构、证据边界文字核对
校验报告.md:316 满速独占/计划标记/LF030	通过	逐LF满速标记
校验报告.md:317 契约/端口身份/LF030	通过	结构、证据边界文字核对
校验报告.md:318 端口速率/记录/LF030	通过	端口速率独立复算
校验报告.md:319 契约/实际速率/LF030	通过	结构、证据边界文字核对
校验报告.md:320 契约/运输占位/LF030	通过	结构、证据边界文字核对
校验报告.md:321 契约/送料身份/LF031	通过	结构、证据边界文字核对
校验报告.md:322 契约/送料引用/LF031	通过	结构、证据边界文字核对
校验报告.md:323 满速独占/计划标记/LF031	通过	逐LF满速标记
校验报告.md:324 契约/端口身份/LF031	通过	结构、证据边界文字核对
校验报告.md:325 端口速率/记录/LF031	通过	端口速率独立复算
校验报告.md:326 契约/实际速率/LF031	通过	结构、证据边界文字核对
校验报告.md:327 契约/运输占位/LF031	通过	结构、证据边界文字核对
校验报告.md:328 契约/送料身份/LF032	通过	结构、证据边界文字核对
校验报告.md:329 契约/送料引用/LF032	通过	结构、证据边界文字核对
校验报告.md:330 满速独占/计划标记/LF032	通过	逐LF满速标记
校验报告.md:331 契约/端口身份/LF032	通过	结构、证据边界文字核对
校验报告.md:332 端口速率/记录/LF032	通过	端口速率独立复算
校验报告.md:333 契约/实际速率/LF032	通过	结构、证据边界文字核对
校验报告.md:334 契约/运输占位/LF032	通过	结构、证据边界文字核对
校验报告.md:335 契约/送料身份/LF033	通过	结构、证据边界文字核对
校验报告.md:336 契约/送料引用/LF033	通过	结构、证据边界文字核对
校验报告.md:337 满速独占/计划标记/LF033	通过	逐LF满速标记
校验报告.md:338 契约/端口身份/LF033	通过	结构、证据边界文字核对
校验报告.md:339 端口速率/记录/LF033	通过	端口速率独立复算
校验报告.md:340 契约/实际速率/LF033	通过	结构、证据边界文字核对
校验报告.md:341 契约/运输占位/LF033	通过	结构、证据边界文字核对
校验报告.md:342 契约/送料身份/LF034	通过	结构、证据边界文字核对
校验报告.md:343 契约/送料引用/LF034	通过	结构、证据边界文字核对
校验报告.md:344 满速独占/计划标记/LF034	通过	逐LF满速标记
校验报告.md:345 契约/端口身份/LF034	通过	结构、证据边界文字核对
校验报告.md:346 端口速率/记录/LF034	通过	端口速率独立复算
校验报告.md:347 契约/实际速率/LF034	通过	结构、证据边界文字核对
校验报告.md:348 契约/运输占位/LF034	通过	结构、证据边界文字核对
校验报告.md:349 契约/送料身份/LF035	通过	结构、证据边界文字核对
校验报告.md:350 契约/送料引用/LF035	通过	结构、证据边界文字核对
校验报告.md:351 满速独占/计划标记/LF035	通过	逐LF满速标记
校验报告.md:352 契约/端口身份/LF035	通过	结构、证据边界文字核对
校验报告.md:353 端口速率/记录/LF035	通过	端口速率独立复算
校验报告.md:354 契约/实际速率/LF035	通过	结构、证据边界文字核对
校验报告.md:355 契约/运输占位/LF035	通过	结构、证据边界文字核对
校验报告.md:356 契约/送料身份/LF036	通过	结构、证据边界文字核对
校验报告.md:357 契约/送料引用/LF036	通过	结构、证据边界文字核对
校验报告.md:358 满速独占/计划标记/LF036	通过	逐LF满速标记
校验报告.md:359 契约/端口身份/LF036	通过	结构、证据边界文字核对
校验报告.md:360 端口速率/记录/LF036	通过	端口速率独立复算
校验报告.md:361 契约/实际速率/LF036	通过	结构、证据边界文字核对
校验报告.md:362 契约/运输占位/LF036	通过	结构、证据边界文字核对
校验报告.md:363 契约/送料身份/LF037	通过	结构、证据边界文字核对
校验报告.md:364 契约/送料引用/LF037	通过	结构、证据边界文字核对
校验报告.md:365 满速独占/计划标记/LF037	通过	逐LF满速标记
校验报告.md:366 契约/端口身份/LF037	通过	结构、证据边界文字核对
校验报告.md:367 端口速率/记录/LF037	通过	端口速率独立复算
校验报告.md:368 契约/实际速率/LF037	通过	结构、证据边界文字核对
校验报告.md:369 契约/运输占位/LF037	通过	结构、证据边界文字核对
校验报告.md:370 契约/送料身份/LF038	通过	结构、证据边界文字核对
校验报告.md:371 契约/送料引用/LF038	通过	结构、证据边界文字核对
校验报告.md:372 满速独占/计划标记/LF038	通过	逐LF满速标记
校验报告.md:373 契约/端口身份/LF038	通过	结构、证据边界文字核对
校验报告.md:374 端口速率/记录/LF038	通过	端口速率独立复算
校验报告.md:375 契约/实际速率/LF038	通过	结构、证据边界文字核对
校验报告.md:376 契约/运输占位/LF038	通过	结构、证据边界文字核对
校验报告.md:377 契约/送料身份/LF039	通过	结构、证据边界文字核对
校验报告.md:378 契约/送料引用/LF039	通过	结构、证据边界文字核对
校验报告.md:379 满速独占/计划标记/LF039	通过	逐LF满速标记
校验报告.md:380 契约/端口身份/LF039	通过	结构、证据边界文字核对
校验报告.md:381 端口速率/记录/LF039	通过	端口速率独立复算
校验报告.md:382 契约/实际速率/LF039	通过	结构、证据边界文字核对
校验报告.md:383 契约/运输占位/LF039	通过	结构、证据边界文字核对
校验报告.md:384 契约/送料身份/LF040	通过	结构、证据边界文字核对
校验报告.md:385 契约/送料引用/LF040	通过	结构、证据边界文字核对
校验报告.md:386 满速独占/计划标记/LF040	通过	逐LF满速标记
校验报告.md:387 契约/端口身份/LF040	通过	结构、证据边界文字核对
校验报告.md:388 端口速率/记录/LF040	通过	端口速率独立复算
校验报告.md:389 契约/实际速率/LF040	通过	结构、证据边界文字核对
校验报告.md:390 契约/运输占位/LF040	通过	结构、证据边界文字核对
校验报告.md:391 契约/送料身份/LF041	通过	结构、证据边界文字核对
校验报告.md:392 契约/送料引用/LF041	通过	结构、证据边界文字核对
校验报告.md:393 满速独占/计划标记/LF041	通过	逐LF满速标记
校验报告.md:394 契约/端口身份/LF041	通过	结构、证据边界文字核对
校验报告.md:395 端口速率/记录/LF041	通过	端口速率独立复算
校验报告.md:396 契约/实际速率/LF041	通过	结构、证据边界文字核对
校验报告.md:397 契约/运输占位/LF041	通过	结构、证据边界文字核对
校验报告.md:398 契约/送料身份/LF042	通过	结构、证据边界文字核对
校验报告.md:399 契约/送料引用/LF042	通过	结构、证据边界文字核对
校验报告.md:400 满速独占/计划标记/LF042	通过	逐LF满速标记
校验报告.md:401 契约/端口身份/LF042	通过	结构、证据边界文字核对
校验报告.md:402 端口速率/记录/LF042	通过	端口速率独立复算
校验报告.md:403 契约/实际速率/LF042	通过	结构、证据边界文字核对
校验报告.md:404 契约/运输占位/LF042	通过	结构、证据边界文字核对
校验报告.md:405 契约/送料身份/LF043	通过	结构、证据边界文字核对
校验报告.md:406 契约/送料引用/LF043	通过	结构、证据边界文字核对
校验报告.md:407 满速独占/计划标记/LF043	通过	逐LF满速标记
校验报告.md:408 契约/端口身份/LF043	通过	结构、证据边界文字核对
校验报告.md:409 端口速率/记录/LF043	通过	端口速率独立复算
校验报告.md:410 契约/实际速率/LF043	通过	结构、证据边界文字核对
校验报告.md:411 契约/运输占位/LF043	通过	结构、证据边界文字核对
校验报告.md:412 契约/送料身份/LF044	通过	结构、证据边界文字核对
校验报告.md:413 契约/送料引用/LF044	通过	结构、证据边界文字核对
校验报告.md:414 满速独占/计划标记/LF044	通过	逐LF满速标记
校验报告.md:415 契约/端口身份/LF044	通过	结构、证据边界文字核对
校验报告.md:416 端口速率/记录/LF044	通过	端口速率独立复算
校验报告.md:417 契约/实际速率/LF044	通过	结构、证据边界文字核对
校验报告.md:418 契约/运输占位/LF044	通过	结构、证据边界文字核对
校验报告.md:419 契约/送料身份/LF045	通过	结构、证据边界文字核对
校验报告.md:420 契约/送料引用/LF045	通过	结构、证据边界文字核对
校验报告.md:421 满速独占/计划标记/LF045	通过	逐LF满速标记
校验报告.md:422 契约/端口身份/LF045	通过	结构、证据边界文字核对
校验报告.md:423 端口速率/记录/LF045	通过	端口速率独立复算
校验报告.md:424 契约/实际速率/LF045	通过	结构、证据边界文字核对
校验报告.md:425 契约/运输占位/LF045	通过	结构、证据边界文字核对
校验报告.md:426 契约/送料身份/LF046	通过	结构、证据边界文字核对
校验报告.md:427 契约/送料引用/LF046	通过	结构、证据边界文字核对
校验报告.md:428 满速独占/计划标记/LF046	通过	逐LF满速标记
校验报告.md:429 契约/端口身份/LF046	通过	结构、证据边界文字核对
校验报告.md:430 端口速率/记录/LF046	通过	端口速率独立复算
校验报告.md:431 契约/实际速率/LF046	通过	结构、证据边界文字核对
校验报告.md:432 契约/运输占位/LF046	通过	结构、证据边界文字核对
校验报告.md:433 契约/送料身份/LF047	通过	结构、证据边界文字核对
校验报告.md:434 契约/送料引用/LF047	通过	结构、证据边界文字核对
校验报告.md:435 满速独占/计划标记/LF047	通过	逐LF满速标记
校验报告.md:436 契约/端口身份/LF047	通过	结构、证据边界文字核对
校验报告.md:437 端口速率/记录/LF047	通过	端口速率独立复算
校验报告.md:438 契约/实际速率/LF047	通过	结构、证据边界文字核对
校验报告.md:439 契约/运输占位/LF047	通过	结构、证据边界文字核对
校验报告.md:440 契约/送料身份/LF048	通过	结构、证据边界文字核对
校验报告.md:441 契约/送料引用/LF048	通过	结构、证据边界文字核对
校验报告.md:442 满速独占/计划标记/LF048	通过	逐LF满速标记
校验报告.md:443 契约/端口身份/LF048	通过	结构、证据边界文字核对
校验报告.md:444 端口速率/记录/LF048	通过	端口速率独立复算
校验报告.md:445 契约/实际速率/LF048	通过	结构、证据边界文字核对
校验报告.md:446 契约/运输占位/LF048	通过	结构、证据边界文字核对
校验报告.md:447 契约/送料身份/LF049	通过	结构、证据边界文字核对
校验报告.md:448 契约/送料引用/LF049	通过	结构、证据边界文字核对
校验报告.md:449 满速独占/计划标记/LF049	通过	逐LF满速标记
校验报告.md:450 契约/端口身份/LF049	通过	结构、证据边界文字核对
校验报告.md:451 端口速率/记录/LF049	通过	端口速率独立复算
校验报告.md:452 契约/实际速率/LF049	通过	结构、证据边界文字核对
校验报告.md:453 契约/运输占位/LF049	通过	结构、证据边界文字核对
校验报告.md:454 契约/送料身份/LF050	通过	结构、证据边界文字核对
校验报告.md:455 契约/送料引用/LF050	通过	结构、证据边界文字核对
校验报告.md:456 满速独占/计划标记/LF050	通过	逐LF满速标记
校验报告.md:457 契约/端口身份/LF050	通过	结构、证据边界文字核对
校验报告.md:458 端口速率/记录/LF050	通过	端口速率独立复算
校验报告.md:459 契约/实际速率/LF050	通过	结构、证据边界文字核对
校验报告.md:460 契约/运输占位/LF050	通过	结构、证据边界文字核对
校验报告.md:461 契约/送料身份/LF051	通过	结构、证据边界文字核对
校验报告.md:462 契约/送料引用/LF051	通过	结构、证据边界文字核对
校验报告.md:463 满速独占/计划标记/LF051	通过	逐LF满速标记
校验报告.md:464 契约/端口身份/LF051	通过	结构、证据边界文字核对
校验报告.md:465 端口速率/记录/LF051	通过	端口速率独立复算
校验报告.md:466 契约/实际速率/LF051	通过	结构、证据边界文字核对
校验报告.md:467 契约/运输占位/LF051	通过	结构、证据边界文字核对
校验报告.md:468 契约/送料身份/LF052	通过	结构、证据边界文字核对
校验报告.md:469 契约/送料引用/LF052	通过	结构、证据边界文字核对
校验报告.md:470 满速独占/计划标记/LF052	通过	逐LF满速标记
校验报告.md:471 契约/端口身份/LF052	通过	结构、证据边界文字核对
校验报告.md:472 端口速率/记录/LF052	通过	端口速率独立复算
校验报告.md:473 契约/实际速率/LF052	通过	结构、证据边界文字核对
校验报告.md:474 契约/运输占位/LF052	通过	结构、证据边界文字核对
校验报告.md:475 契约/送料身份/LF053	通过	结构、证据边界文字核对
校验报告.md:476 契约/送料引用/LF053	通过	结构、证据边界文字核对
校验报告.md:477 满速独占/计划标记/LF053	通过	逐LF满速标记
校验报告.md:478 契约/端口身份/LF053	通过	结构、证据边界文字核对
校验报告.md:479 端口速率/记录/LF053	通过	端口速率独立复算
校验报告.md:480 契约/实际速率/LF053	通过	结构、证据边界文字核对
校验报告.md:481 契约/运输占位/LF053	通过	结构、证据边界文字核对
校验报告.md:482 契约/送料身份/LF054	通过	结构、证据边界文字核对
校验报告.md:483 契约/送料引用/LF054	通过	结构、证据边界文字核对
校验报告.md:484 满速独占/计划标记/LF054	通过	逐LF满速标记
校验报告.md:485 契约/端口身份/LF054	通过	结构、证据边界文字核对
校验报告.md:486 端口速率/记录/LF054	通过	端口速率独立复算
校验报告.md:487 契约/实际速率/LF054	通过	结构、证据边界文字核对
校验报告.md:488 契约/运输占位/LF054	通过	结构、证据边界文字核对
校验报告.md:489 契约/送料身份/LF055	通过	结构、证据边界文字核对
校验报告.md:490 契约/送料引用/LF055	通过	结构、证据边界文字核对
校验报告.md:491 满速独占/计划标记/LF055	通过	逐LF满速标记
校验报告.md:492 契约/端口身份/LF055	通过	结构、证据边界文字核对
校验报告.md:493 端口速率/记录/LF055	通过	端口速率独立复算
校验报告.md:494 契约/实际速率/LF055	通过	结构、证据边界文字核对
校验报告.md:495 契约/运输占位/LF055	通过	结构、证据边界文字核对
校验报告.md:496 契约/送料身份/LF056	通过	结构、证据边界文字核对
校验报告.md:497 契约/送料引用/LF056	通过	结构、证据边界文字核对
校验报告.md:498 满速独占/计划标记/LF056	通过	逐LF满速标记
校验报告.md:499 契约/端口身份/LF056	通过	结构、证据边界文字核对
校验报告.md:500 端口速率/记录/LF056	通过	端口速率独立复算
校验报告.md:501 契约/实际速率/LF056	通过	结构、证据边界文字核对
校验报告.md:502 契约/运输占位/LF056	通过	结构、证据边界文字核对
校验报告.md:503 契约/送料身份/LF057	通过	结构、证据边界文字核对
校验报告.md:504 契约/送料引用/LF057	通过	结构、证据边界文字核对
校验报告.md:505 满速独占/计划标记/LF057	通过	逐LF满速标记
校验报告.md:506 契约/端口身份/LF057	通过	结构、证据边界文字核对
校验报告.md:507 端口速率/记录/LF057	通过	端口速率独立复算
校验报告.md:508 契约/实际速率/LF057	通过	结构、证据边界文字核对
校验报告.md:509 契约/运输占位/LF057	通过	结构、证据边界文字核对
校验报告.md:510 契约/送料身份/LF058	通过	结构、证据边界文字核对
校验报告.md:511 契约/送料引用/LF058	通过	结构、证据边界文字核对
校验报告.md:512 满速独占/计划标记/LF058	通过	逐LF满速标记
校验报告.md:513 契约/端口身份/LF058	通过	结构、证据边界文字核对
校验报告.md:514 端口速率/记录/LF058	通过	端口速率独立复算
校验报告.md:515 契约/实际速率/LF058	通过	结构、证据边界文字核对
校验报告.md:516 契约/运输占位/LF058	通过	结构、证据边界文字核对
校验报告.md:517 契约/送料身份/LF059	通过	结构、证据边界文字核对
校验报告.md:518 契约/送料引用/LF059	通过	结构、证据边界文字核对
校验报告.md:519 满速独占/计划标记/LF059	通过	逐LF满速标记
校验报告.md:520 契约/端口身份/LF059	通过	结构、证据边界文字核对
校验报告.md:521 端口速率/记录/LF059	通过	端口速率独立复算
校验报告.md:522 契约/实际速率/LF059	通过	结构、证据边界文字核对
校验报告.md:523 契约/运输占位/LF059	通过	结构、证据边界文字核对
校验报告.md:524 契约/送料身份/LF060	通过	结构、证据边界文字核对
校验报告.md:525 契约/送料引用/LF060	通过	结构、证据边界文字核对
校验报告.md:526 满速独占/计划标记/LF060	通过	逐LF满速标记
校验报告.md:527 契约/端口身份/LF060	通过	结构、证据边界文字核对
校验报告.md:528 端口速率/记录/LF060	通过	端口速率独立复算
校验报告.md:529 契约/实际速率/LF060	通过	结构、证据边界文字核对
校验报告.md:530 契约/运输占位/LF060	通过	结构、证据边界文字核对
校验报告.md:531 契约/送料身份/LF061	通过	结构、证据边界文字核对
校验报告.md:532 契约/送料引用/LF061	通过	结构、证据边界文字核对
校验报告.md:533 满速独占/计划标记/LF061	通过	逐LF满速标记
校验报告.md:534 契约/端口身份/LF061	通过	结构、证据边界文字核对
校验报告.md:535 端口速率/记录/LF061	通过	端口速率独立复算
校验报告.md:536 契约/实际速率/LF061	通过	结构、证据边界文字核对
校验报告.md:537 契约/运输占位/LF061	通过	结构、证据边界文字核对
校验报告.md:538 契约/送料身份/LF062	通过	结构、证据边界文字核对
校验报告.md:539 契约/送料引用/LF062	通过	结构、证据边界文字核对
校验报告.md:540 满速独占/计划标记/LF062	通过	逐LF满速标记
校验报告.md:541 契约/端口身份/LF062	通过	结构、证据边界文字核对
校验报告.md:542 端口速率/记录/LF062	通过	端口速率独立复算
校验报告.md:543 契约/实际速率/LF062	通过	结构、证据边界文字核对
校验报告.md:544 契约/运输占位/LF062	通过	结构、证据边界文字核对
校验报告.md:545 契约/送料身份/LF063	通过	结构、证据边界文字核对
校验报告.md:546 契约/送料引用/LF063	通过	结构、证据边界文字核对
校验报告.md:547 满速独占/计划标记/LF063	通过	逐LF满速标记
校验报告.md:548 契约/端口身份/LF063	通过	结构、证据边界文字核对
校验报告.md:549 端口速率/记录/LF063	通过	端口速率独立复算
校验报告.md:550 契约/实际速率/LF063	通过	结构、证据边界文字核对
校验报告.md:551 契约/运输占位/LF063	通过	结构、证据边界文字核对
校验报告.md:552 契约/送料身份/LF064	通过	结构、证据边界文字核对
校验报告.md:553 契约/送料引用/LF064	通过	结构、证据边界文字核对
校验报告.md:554 满速独占/计划标记/LF064	通过	逐LF满速标记
校验报告.md:555 契约/端口身份/LF064	通过	结构、证据边界文字核对
校验报告.md:556 端口速率/记录/LF064	通过	端口速率独立复算
校验报告.md:557 契约/实际速率/LF064	通过	结构、证据边界文字核对
校验报告.md:558 契约/运输占位/LF064	通过	结构、证据边界文字核对
校验报告.md:559 契约/送料身份/LF065	通过	结构、证据边界文字核对
校验报告.md:560 契约/送料引用/LF065	通过	结构、证据边界文字核对
校验报告.md:561 满速独占/计划标记/LF065	通过	逐LF满速标记
校验报告.md:562 契约/端口身份/LF065	通过	结构、证据边界文字核对
校验报告.md:563 端口速率/记录/LF065	通过	端口速率独立复算
校验报告.md:564 契约/实际速率/LF065	通过	结构、证据边界文字核对
校验报告.md:565 契约/运输占位/LF065	通过	结构、证据边界文字核对
校验报告.md:566 契约/送料身份/LF066	通过	结构、证据边界文字核对
校验报告.md:567 契约/送料引用/LF066	通过	结构、证据边界文字核对
校验报告.md:568 满速独占/计划标记/LF066	通过	逐LF满速标记
校验报告.md:569 契约/端口身份/LF066	通过	结构、证据边界文字核对
校验报告.md:570 端口速率/记录/LF066	通过	端口速率独立复算
校验报告.md:571 契约/实际速率/LF066	通过	结构、证据边界文字核对
校验报告.md:572 契约/运输占位/LF066	通过	结构、证据边界文字核对
校验报告.md:573 契约/送料身份/LF067	通过	结构、证据边界文字核对
校验报告.md:574 契约/送料引用/LF067	通过	结构、证据边界文字核对
校验报告.md:575 满速独占/计划标记/LF067	通过	逐LF满速标记
校验报告.md:576 契约/端口身份/LF067	通过	结构、证据边界文字核对
校验报告.md:577 端口速率/记录/LF067	通过	端口速率独立复算
校验报告.md:578 契约/实际速率/LF067	通过	结构、证据边界文字核对
校验报告.md:579 契约/运输占位/LF067	通过	结构、证据边界文字核对
校验报告.md:580 契约/送料身份/LF068	通过	结构、证据边界文字核对
校验报告.md:581 契约/送料引用/LF068	通过	结构、证据边界文字核对
校验报告.md:582 满速独占/计划标记/LF068	通过	逐LF满速标记
校验报告.md:583 契约/端口身份/LF068	通过	结构、证据边界文字核对
校验报告.md:584 端口速率/记录/LF068	通过	端口速率独立复算
校验报告.md:585 契约/实际速率/LF068	通过	结构、证据边界文字核对
校验报告.md:586 契约/运输占位/LF068	通过	结构、证据边界文字核对
校验报告.md:587 契约/送料身份/LF069	通过	结构、证据边界文字核对
校验报告.md:588 契约/送料引用/LF069	通过	结构、证据边界文字核对
校验报告.md:589 满速独占/计划标记/LF069	通过	逐LF满速标记
校验报告.md:590 契约/端口身份/LF069	通过	结构、证据边界文字核对
校验报告.md:591 端口速率/记录/LF069	通过	端口速率独立复算
校验报告.md:592 契约/实际速率/LF069	通过	结构、证据边界文字核对
校验报告.md:593 契约/运输占位/LF069	通过	结构、证据边界文字核对
校验报告.md:594 契约/送料身份/LF070	通过	结构、证据边界文字核对
校验报告.md:595 契约/送料引用/LF070	通过	结构、证据边界文字核对
校验报告.md:596 满速独占/计划标记/LF070	通过	逐LF满速标记
校验报告.md:597 契约/端口身份/LF070	通过	结构、证据边界文字核对
校验报告.md:598 端口速率/记录/LF070	通过	端口速率独立复算
校验报告.md:599 契约/实际速率/LF070	通过	结构、证据边界文字核对
校验报告.md:600 契约/运输占位/LF070	通过	结构、证据边界文字核对
校验报告.md:601 契约/送料身份/LF071	通过	结构、证据边界文字核对
校验报告.md:602 契约/送料引用/LF071	通过	结构、证据边界文字核对
校验报告.md:603 满速独占/计划标记/LF071	通过	逐LF满速标记
校验报告.md:604 契约/端口身份/LF071	通过	结构、证据边界文字核对
校验报告.md:605 端口速率/记录/LF071	通过	端口速率独立复算
校验报告.md:606 契约/实际速率/LF071	通过	结构、证据边界文字核对
校验报告.md:607 契约/运输占位/LF071	通过	结构、证据边界文字核对
校验报告.md:608 契约/送料身份/LF072	通过	结构、证据边界文字核对
校验报告.md:609 契约/送料引用/LF072	通过	结构、证据边界文字核对
校验报告.md:610 满速独占/计划标记/LF072	通过	逐LF满速标记
校验报告.md:611 契约/端口身份/LF072	通过	结构、证据边界文字核对
校验报告.md:612 端口速率/记录/LF072	通过	端口速率独立复算
校验报告.md:613 契约/实际速率/LF072	通过	结构、证据边界文字核对
校验报告.md:614 契约/运输占位/LF072	通过	结构、证据边界文字核对
校验报告.md:615 契约/送料身份/LF073	通过	结构、证据边界文字核对
校验报告.md:616 契约/送料引用/LF073	通过	结构、证据边界文字核对
校验报告.md:617 满速独占/计划标记/LF073	通过	逐LF满速标记
校验报告.md:618 契约/端口身份/LF073	通过	结构、证据边界文字核对
校验报告.md:619 端口速率/记录/LF073	通过	端口速率独立复算
校验报告.md:620 契约/实际速率/LF073	通过	结构、证据边界文字核对
校验报告.md:621 契约/运输占位/LF073	通过	结构、证据边界文字核对
校验报告.md:622 契约/送料身份/LF074	通过	结构、证据边界文字核对
校验报告.md:623 契约/送料引用/LF074	通过	结构、证据边界文字核对
校验报告.md:624 满速独占/计划标记/LF074	通过	逐LF满速标记
校验报告.md:625 契约/端口身份/LF074	通过	结构、证据边界文字核对
校验报告.md:626 端口速率/记录/LF074	通过	端口速率独立复算
校验报告.md:627 契约/实际速率/LF074	通过	结构、证据边界文字核对
校验报告.md:628 契约/运输占位/LF074	通过	结构、证据边界文字核对
校验报告.md:629 契约/送料身份/LF075	通过	结构、证据边界文字核对
校验报告.md:630 契约/送料引用/LF075	通过	结构、证据边界文字核对
校验报告.md:631 满速独占/计划标记/LF075	通过	逐LF满速标记
校验报告.md:632 契约/端口身份/LF075	通过	结构、证据边界文字核对
校验报告.md:633 端口速率/记录/LF075	通过	端口速率独立复算
校验报告.md:634 契约/实际速率/LF075	通过	结构、证据边界文字核对
校验报告.md:635 契约/运输占位/LF075	通过	结构、证据边界文字核对
校验报告.md:636 契约/送料身份/LF076	通过	结构、证据边界文字核对
校验报告.md:637 契约/送料引用/LF076	通过	结构、证据边界文字核对
校验报告.md:638 满速独占/计划标记/LF076	通过	逐LF满速标记
校验报告.md:639 契约/端口身份/LF076	通过	结构、证据边界文字核对
校验报告.md:640 端口速率/记录/LF076	通过	端口速率独立复算
校验报告.md:641 契约/实际速率/LF076	通过	结构、证据边界文字核对
校验报告.md:642 契约/运输占位/LF076	通过	结构、证据边界文字核对
校验报告.md:643 契约/送料身份/LF077	通过	结构、证据边界文字核对
校验报告.md:644 契约/送料引用/LF077	通过	结构、证据边界文字核对
校验报告.md:645 满速独占/计划标记/LF077	通过	逐LF满速标记
校验报告.md:646 契约/端口身份/LF077	通过	结构、证据边界文字核对
校验报告.md:647 端口速率/记录/LF077	通过	端口速率独立复算
校验报告.md:648 契约/实际速率/LF077	通过	结构、证据边界文字核对
校验报告.md:649 契约/运输占位/LF077	通过	结构、证据边界文字核对
校验报告.md:650 契约/送料身份/LF078	通过	结构、证据边界文字核对
校验报告.md:651 契约/送料引用/LF078	通过	结构、证据边界文字核对
校验报告.md:652 满速独占/计划标记/LF078	通过	逐LF满速标记
校验报告.md:653 契约/端口身份/LF078	通过	结构、证据边界文字核对
校验报告.md:654 端口速率/记录/LF078	通过	端口速率独立复算
校验报告.md:655 契约/实际速率/LF078	通过	结构、证据边界文字核对
校验报告.md:656 契约/运输占位/LF078	通过	结构、证据边界文字核对
校验报告.md:657 契约/送料身份/LF079	通过	结构、证据边界文字核对
校验报告.md:658 契约/送料引用/LF079	通过	结构、证据边界文字核对
校验报告.md:659 满速独占/计划标记/LF079	通过	逐LF满速标记
校验报告.md:660 契约/端口身份/LF079	通过	结构、证据边界文字核对
校验报告.md:661 端口速率/记录/LF079	通过	端口速率独立复算
校验报告.md:662 契约/实际速率/LF079	通过	结构、证据边界文字核对
校验报告.md:663 契约/运输占位/LF079	通过	结构、证据边界文字核对
校验报告.md:664 契约/送料身份/LF080	通过	结构、证据边界文字核对
校验报告.md:665 契约/送料引用/LF080	通过	结构、证据边界文字核对
校验报告.md:666 满速独占/计划标记/LF080	通过	逐LF满速标记
校验报告.md:667 契约/端口身份/LF080	通过	结构、证据边界文字核对
校验报告.md:668 端口速率/记录/LF080	通过	端口速率独立复算
校验报告.md:669 契约/实际速率/LF080	通过	结构、证据边界文字核对
校验报告.md:670 契约/运输占位/LF080	通过	结构、证据边界文字核对
校验报告.md:671 契约/送料身份/LF081	通过	结构、证据边界文字核对
校验报告.md:672 契约/送料引用/LF081	通过	结构、证据边界文字核对
校验报告.md:673 满速独占/计划标记/LF081	通过	逐LF满速标记
校验报告.md:674 契约/端口身份/LF081	通过	结构、证据边界文字核对
校验报告.md:675 端口速率/记录/LF081	通过	端口速率独立复算
校验报告.md:676 契约/实际速率/LF081	通过	结构、证据边界文字核对
校验报告.md:677 契约/运输占位/LF081	通过	结构、证据边界文字核对
校验报告.md:678 契约/送料身份/LF082	通过	结构、证据边界文字核对
校验报告.md:679 契约/送料引用/LF082	通过	结构、证据边界文字核对
校验报告.md:680 满速独占/计划标记/LF082	通过	逐LF满速标记
校验报告.md:681 契约/端口身份/LF082	通过	结构、证据边界文字核对
校验报告.md:682 端口速率/记录/LF082	通过	端口速率独立复算
校验报告.md:683 契约/实际速率/LF082	通过	结构、证据边界文字核对
校验报告.md:684 契约/运输占位/LF082	通过	结构、证据边界文字核对
校验报告.md:685 契约/送料身份/LF083	通过	结构、证据边界文字核对
校验报告.md:686 契约/送料引用/LF083	通过	结构、证据边界文字核对
校验报告.md:687 满速独占/计划标记/LF083	通过	逐LF满速标记
校验报告.md:688 契约/端口身份/LF083	通过	结构、证据边界文字核对
校验报告.md:689 端口速率/记录/LF083	通过	端口速率独立复算
校验报告.md:690 契约/实际速率/LF083	通过	结构、证据边界文字核对
校验报告.md:691 契约/运输占位/LF083	通过	结构、证据边界文字核对
校验报告.md:692 契约/送料身份/LF084	通过	结构、证据边界文字核对
校验报告.md:693 契约/送料引用/LF084	通过	结构、证据边界文字核对
校验报告.md:694 满速独占/计划标记/LF084	通过	逐LF满速标记
校验报告.md:695 契约/端口身份/LF084	通过	结构、证据边界文字核对
校验报告.md:696 端口速率/记录/LF084	通过	端口速率独立复算
校验报告.md:697 契约/实际速率/LF084	通过	结构、证据边界文字核对
校验报告.md:698 契约/运输占位/LF084	通过	结构、证据边界文字核对
校验报告.md:699 契约/送料身份/LF085	通过	结构、证据边界文字核对
校验报告.md:700 契约/送料引用/LF085	通过	结构、证据边界文字核对
校验报告.md:701 满速独占/计划标记/LF085	通过	逐LF满速标记
校验报告.md:702 契约/端口身份/LF085	通过	结构、证据边界文字核对
校验报告.md:703 端口速率/记录/LF085	通过	端口速率独立复算
校验报告.md:704 契约/实际速率/LF085	通过	结构、证据边界文字核对
校验报告.md:705 契约/运输占位/LF085	通过	结构、证据边界文字核对
校验报告.md:706 契约/送料身份/LF086	通过	结构、证据边界文字核对
校验报告.md:707 契约/送料引用/LF086	通过	结构、证据边界文字核对
校验报告.md:708 满速独占/计划标记/LF086	通过	逐LF满速标记
校验报告.md:709 契约/端口身份/LF086	通过	结构、证据边界文字核对
校验报告.md:710 端口速率/记录/LF086	通过	端口速率独立复算
校验报告.md:711 契约/实际速率/LF086	通过	结构、证据边界文字核对
校验报告.md:712 契约/运输占位/LF086	通过	结构、证据边界文字核对
校验报告.md:713 契约/送料身份/LF087	通过	结构、证据边界文字核对
校验报告.md:714 契约/送料引用/LF087	通过	结构、证据边界文字核对
校验报告.md:715 满速独占/计划标记/LF087	通过	逐LF满速标记
校验报告.md:716 契约/端口身份/LF087	通过	结构、证据边界文字核对
校验报告.md:717 端口速率/记录/LF087	通过	端口速率独立复算
校验报告.md:718 契约/实际速率/LF087	通过	结构、证据边界文字核对
校验报告.md:719 契约/运输占位/LF087	通过	结构、证据边界文字核对
校验报告.md:720 契约/送料身份/LF088	通过	结构、证据边界文字核对
校验报告.md:721 契约/送料引用/LF088	通过	结构、证据边界文字核对
校验报告.md:722 满速独占/计划标记/LF088	通过	逐LF满速标记
校验报告.md:723 契约/端口身份/LF088	通过	结构、证据边界文字核对
校验报告.md:724 端口速率/记录/LF088	通过	端口速率独立复算
校验报告.md:725 契约/实际速率/LF088	通过	结构、证据边界文字核对
校验报告.md:726 契约/运输占位/LF088	通过	结构、证据边界文字核对
校验报告.md:727 契约/送料身份/LF089	通过	结构、证据边界文字核对
校验报告.md:728 契约/送料引用/LF089	通过	结构、证据边界文字核对
校验报告.md:729 满速独占/计划标记/LF089	通过	逐LF满速标记
校验报告.md:730 契约/端口身份/LF089	通过	结构、证据边界文字核对
校验报告.md:731 端口速率/记录/LF089	通过	端口速率独立复算
校验报告.md:732 契约/实际速率/LF089	通过	结构、证据边界文字核对
校验报告.md:733 契约/运输占位/LF089	通过	结构、证据边界文字核对
校验报告.md:734 契约/送料身份/LF090	通过	结构、证据边界文字核对
校验报告.md:735 契约/送料引用/LF090	通过	结构、证据边界文字核对
校验报告.md:736 满速独占/计划标记/LF090	通过	逐LF满速标记
校验报告.md:737 契约/端口身份/LF090	通过	结构、证据边界文字核对
校验报告.md:738 端口速率/记录/LF090	通过	端口速率独立复算
校验报告.md:739 契约/实际速率/LF090	通过	结构、证据边界文字核对
校验报告.md:740 契约/运输占位/LF090	通过	结构、证据边界文字核对
校验报告.md:741 契约/送料身份/LF091	通过	结构、证据边界文字核对
校验报告.md:742 契约/送料引用/LF091	通过	结构、证据边界文字核对
校验报告.md:743 满速独占/计划标记/LF091	通过	逐LF满速标记
校验报告.md:744 契约/端口身份/LF091	通过	结构、证据边界文字核对
校验报告.md:745 端口速率/记录/LF091	通过	端口速率独立复算
校验报告.md:746 契约/实际速率/LF091	通过	结构、证据边界文字核对
校验报告.md:747 契约/运输占位/LF091	通过	结构、证据边界文字核对
校验报告.md:748 契约/送料身份/LF092	通过	结构、证据边界文字核对
校验报告.md:749 契约/送料引用/LF092	通过	结构、证据边界文字核对
校验报告.md:750 满速独占/计划标记/LF092	通过	逐LF满速标记
校验报告.md:751 契约/端口身份/LF092	通过	结构、证据边界文字核对
校验报告.md:752 端口速率/记录/LF092	通过	端口速率独立复算
校验报告.md:753 契约/实际速率/LF092	通过	结构、证据边界文字核对
校验报告.md:754 契约/运输占位/LF092	通过	结构、证据边界文字核对
校验报告.md:755 契约/送料身份/LF093	通过	结构、证据边界文字核对
校验报告.md:756 契约/送料引用/LF093	通过	结构、证据边界文字核对
校验报告.md:757 满速独占/计划标记/LF093	通过	逐LF满速标记
校验报告.md:758 契约/端口身份/LF093	通过	结构、证据边界文字核对
校验报告.md:759 端口速率/记录/LF093	通过	端口速率独立复算
校验报告.md:760 契约/实际速率/LF093	通过	结构、证据边界文字核对
校验报告.md:761 契约/运输占位/LF093	通过	结构、证据边界文字核对
校验报告.md:762 契约/送料身份/LF094	通过	结构、证据边界文字核对
校验报告.md:763 契约/送料引用/LF094	通过	结构、证据边界文字核对
校验报告.md:764 满速独占/计划标记/LF094	通过	逐LF满速标记
校验报告.md:765 契约/端口身份/LF094	通过	结构、证据边界文字核对
校验报告.md:766 端口速率/记录/LF094	通过	端口速率独立复算
校验报告.md:767 契约/实际速率/LF094	通过	结构、证据边界文字核对
校验报告.md:768 契约/运输占位/LF094	通过	结构、证据边界文字核对
校验报告.md:769 契约/送料身份/LF095	通过	结构、证据边界文字核对
校验报告.md:770 契约/送料引用/LF095	通过	结构、证据边界文字核对
校验报告.md:771 满速独占/计划标记/LF095	通过	逐LF满速标记
校验报告.md:772 契约/端口身份/LF095	通过	结构、证据边界文字核对
校验报告.md:773 端口速率/记录/LF095	通过	端口速率独立复算
校验报告.md:774 契约/实际速率/LF095	通过	结构、证据边界文字核对
校验报告.md:775 契约/运输占位/LF095	通过	结构、证据边界文字核对
校验报告.md:776 契约/送料身份/LF096	通过	结构、证据边界文字核对
校验报告.md:777 契约/送料引用/LF096	通过	结构、证据边界文字核对
校验报告.md:778 满速独占/计划标记/LF096	通过	逐LF满速标记
校验报告.md:779 契约/端口身份/LF096	通过	结构、证据边界文字核对
校验报告.md:780 端口速率/记录/LF096	通过	端口速率独立复算
校验报告.md:781 契约/实际速率/LF096	通过	结构、证据边界文字核对
校验报告.md:782 契约/运输占位/LF096	通过	结构、证据边界文字核对
校验报告.md:783 契约/送料身份/LF097	通过	结构、证据边界文字核对
校验报告.md:784 契约/送料引用/LF097	通过	结构、证据边界文字核对
校验报告.md:785 满速独占/计划标记/LF097	通过	逐LF满速标记
校验报告.md:786 契约/端口身份/LF097	通过	结构、证据边界文字核对
校验报告.md:787 端口速率/记录/LF097	通过	端口速率独立复算
校验报告.md:788 契约/实际速率/LF097	通过	结构、证据边界文字核对
校验报告.md:789 契约/运输占位/LF097	通过	结构、证据边界文字核对
校验报告.md:790 契约/送料身份/LF098	通过	结构、证据边界文字核对
校验报告.md:791 契约/送料引用/LF098	通过	结构、证据边界文字核对
校验报告.md:792 满速独占/计划标记/LF098	通过	逐LF满速标记
校验报告.md:793 契约/端口身份/LF098	通过	结构、证据边界文字核对
校验报告.md:794 端口速率/记录/LF098	通过	端口速率独立复算
校验报告.md:795 契约/实际速率/LF098	通过	结构、证据边界文字核对
校验报告.md:796 契约/运输占位/LF098	通过	结构、证据边界文字核对
校验报告.md:797 契约/送料身份/LF099	通过	结构、证据边界文字核对
校验报告.md:798 契约/送料引用/LF099	通过	结构、证据边界文字核对
校验报告.md:799 满速独占/计划标记/LF099	通过	逐LF满速标记
校验报告.md:800 契约/端口身份/LF099	通过	结构、证据边界文字核对
校验报告.md:801 端口速率/记录/LF099	通过	端口速率独立复算
校验报告.md:802 契约/实际速率/LF099	通过	结构、证据边界文字核对
校验报告.md:803 契约/运输占位/LF099	通过	结构、证据边界文字核对
校验报告.md:804 契约/送料身份/LF100	通过	结构、证据边界文字核对
校验报告.md:805 契约/送料引用/LF100	通过	结构、证据边界文字核对
校验报告.md:806 满速独占/计划标记/LF100	通过	逐LF满速标记
校验报告.md:807 契约/端口身份/LF100	通过	结构、证据边界文字核对
校验报告.md:808 端口速率/记录/LF100	通过	端口速率独立复算
校验报告.md:809 契约/实际速率/LF100	通过	结构、证据边界文字核对
校验报告.md:810 契约/运输占位/LF100	通过	结构、证据边界文字核对
校验报告.md:811 契约/送料身份/LF101	通过	结构、证据边界文字核对
校验报告.md:812 契约/送料引用/LF101	通过	结构、证据边界文字核对
校验报告.md:813 满速独占/计划标记/LF101	通过	逐LF满速标记
校验报告.md:814 契约/端口身份/LF101	通过	结构、证据边界文字核对
校验报告.md:815 端口速率/记录/LF101	通过	端口速率独立复算
校验报告.md:816 契约/实际速率/LF101	通过	结构、证据边界文字核对
校验报告.md:817 契约/运输占位/LF101	通过	结构、证据边界文字核对
校验报告.md:818 契约/送料身份/LF102	通过	结构、证据边界文字核对
校验报告.md:819 契约/送料引用/LF102	通过	结构、证据边界文字核对
校验报告.md:820 满速独占/计划标记/LF102	通过	逐LF满速标记
校验报告.md:821 契约/端口身份/LF102	通过	结构、证据边界文字核对
校验报告.md:822 端口速率/记录/LF102	通过	端口速率独立复算
校验报告.md:823 契约/实际速率/LF102	通过	结构、证据边界文字核对
校验报告.md:824 契约/运输占位/LF102	通过	结构、证据边界文字核对
校验报告.md:825 契约/送料身份/LF103	通过	结构、证据边界文字核对
校验报告.md:826 契约/送料引用/LF103	通过	结构、证据边界文字核对
校验报告.md:827 满速独占/计划标记/LF103	通过	逐LF满速标记
校验报告.md:828 契约/端口身份/LF103	通过	结构、证据边界文字核对
校验报告.md:829 端口速率/记录/LF103	通过	端口速率独立复算
校验报告.md:830 契约/实际速率/LF103	通过	结构、证据边界文字核对
校验报告.md:831 契约/运输占位/LF103	通过	结构、证据边界文字核对
校验报告.md:832 契约/送料身份/LF104	通过	结构、证据边界文字核对
校验报告.md:833 契约/送料引用/LF104	通过	结构、证据边界文字核对
校验报告.md:834 满速独占/计划标记/LF104	通过	逐LF满速标记
校验报告.md:835 契约/端口身份/LF104	通过	结构、证据边界文字核对
校验报告.md:836 端口速率/记录/LF104	通过	端口速率独立复算
校验报告.md:837 契约/实际速率/LF104	通过	结构、证据边界文字核对
校验报告.md:838 契约/运输占位/LF104	通过	结构、证据边界文字核对
校验报告.md:839 契约/送料身份/LF105	通过	结构、证据边界文字核对
校验报告.md:840 契约/送料引用/LF105	通过	结构、证据边界文字核对
校验报告.md:841 满速独占/计划标记/LF105	通过	逐LF满速标记
校验报告.md:842 契约/端口身份/LF105	通过	结构、证据边界文字核对
校验报告.md:843 端口速率/记录/LF105	通过	端口速率独立复算
校验报告.md:844 契约/实际速率/LF105	通过	结构、证据边界文字核对
校验报告.md:845 契约/运输占位/LF105	通过	结构、证据边界文字核对
校验报告.md:846 契约/送料身份/LF106	通过	结构、证据边界文字核对
校验报告.md:847 契约/送料引用/LF106	通过	结构、证据边界文字核对
校验报告.md:848 满速独占/计划标记/LF106	通过	逐LF满速标记
校验报告.md:849 契约/端口身份/LF106	通过	结构、证据边界文字核对
校验报告.md:850 端口速率/记录/LF106	通过	端口速率独立复算
校验报告.md:851 契约/实际速率/LF106	通过	结构、证据边界文字核对
校验报告.md:852 契约/运输占位/LF106	通过	结构、证据边界文字核对
校验报告.md:853 契约/送料身份/LF107	通过	结构、证据边界文字核对
校验报告.md:854 契约/送料引用/LF107	通过	结构、证据边界文字核对
校验报告.md:855 满速独占/计划标记/LF107	通过	逐LF满速标记
校验报告.md:856 契约/端口身份/LF107	通过	结构、证据边界文字核对
校验报告.md:857 端口速率/记录/LF107	通过	端口速率独立复算
校验报告.md:858 契约/实际速率/LF107	通过	结构、证据边界文字核对
校验报告.md:859 契约/运输占位/LF107	通过	结构、证据边界文字核对
校验报告.md:860 契约/送料身份/LF108	通过	结构、证据边界文字核对
校验报告.md:861 契约/送料引用/LF108	通过	结构、证据边界文字核对
校验报告.md:862 满速独占/计划标记/LF108	通过	逐LF满速标记
校验报告.md:863 契约/端口身份/LF108	通过	结构、证据边界文字核对
校验报告.md:864 端口速率/记录/LF108	通过	端口速率独立复算
校验报告.md:865 契约/实际速率/LF108	通过	结构、证据边界文字核对
校验报告.md:866 契约/运输占位/LF108	通过	结构、证据边界文字核对
校验报告.md:867 契约/送料身份/LF109	通过	结构、证据边界文字核对
校验报告.md:868 契约/送料引用/LF109	通过	结构、证据边界文字核对
校验报告.md:869 满速独占/计划标记/LF109	通过	逐LF满速标记
校验报告.md:870 契约/端口身份/LF109	通过	结构、证据边界文字核对
校验报告.md:871 端口速率/记录/LF109	通过	端口速率独立复算
校验报告.md:872 契约/实际速率/LF109	通过	结构、证据边界文字核对
校验报告.md:873 契约/运输占位/LF109	通过	结构、证据边界文字核对
校验报告.md:874 契约/送料身份/LF110	通过	结构、证据边界文字核对
校验报告.md:875 契约/送料引用/LF110	通过	结构、证据边界文字核对
校验报告.md:876 满速独占/计划标记/LF110	通过	逐LF满速标记
校验报告.md:877 契约/端口身份/LF110	通过	结构、证据边界文字核对
校验报告.md:878 端口速率/记录/LF110	通过	端口速率独立复算
校验报告.md:879 契约/实际速率/LF110	通过	结构、证据边界文字核对
校验报告.md:880 契约/运输占位/LF110	通过	结构、证据边界文字核对
校验报告.md:881 契约/送料身份/LF111	通过	结构、证据边界文字核对
校验报告.md:882 契约/送料引用/LF111	通过	结构、证据边界文字核对
校验报告.md:883 满速独占/计划标记/LF111	通过	逐LF满速标记
校验报告.md:884 契约/端口身份/LF111	通过	结构、证据边界文字核对
校验报告.md:885 端口速率/记录/LF111	通过	端口速率独立复算
校验报告.md:886 契约/实际速率/LF111	通过	结构、证据边界文字核对
校验报告.md:887 契约/运输占位/LF111	通过	结构、证据边界文字核对
校验报告.md:888 契约/送料身份/LF112	通过	结构、证据边界文字核对
校验报告.md:889 契约/送料引用/LF112	通过	结构、证据边界文字核对
校验报告.md:890 满速独占/计划标记/LF112	通过	逐LF满速标记
校验报告.md:891 契约/端口身份/LF112	通过	结构、证据边界文字核对
校验报告.md:892 端口速率/记录/LF112	通过	端口速率独立复算
校验报告.md:893 契约/实际速率/LF112	通过	结构、证据边界文字核对
校验报告.md:894 契约/运输占位/LF112	通过	结构、证据边界文字核对
校验报告.md:895 契约/送料身份/LF113	通过	结构、证据边界文字核对
校验报告.md:896 契约/送料引用/LF113	通过	结构、证据边界文字核对
校验报告.md:897 满速独占/计划标记/LF113	通过	逐LF满速标记
校验报告.md:898 契约/端口身份/LF113	通过	结构、证据边界文字核对
校验报告.md:899 端口速率/记录/LF113	通过	端口速率独立复算
校验报告.md:900 契约/实际速率/LF113	通过	结构、证据边界文字核对
校验报告.md:901 契约/运输占位/LF113	通过	结构、证据边界文字核对
校验报告.md:902 契约/送料身份/LF114	通过	结构、证据边界文字核对
校验报告.md:903 契约/送料引用/LF114	通过	结构、证据边界文字核对
校验报告.md:904 满速独占/计划标记/LF114	通过	逐LF满速标记
校验报告.md:905 契约/端口身份/LF114	通过	结构、证据边界文字核对
校验报告.md:906 端口速率/记录/LF114	通过	端口速率独立复算
校验报告.md:907 契约/实际速率/LF114	通过	结构、证据边界文字核对
校验报告.md:908 契约/运输占位/LF114	通过	结构、证据边界文字核对
校验报告.md:909 契约/送料身份/LF115	通过	结构、证据边界文字核对
校验报告.md:910 契约/送料引用/LF115	通过	结构、证据边界文字核对
校验报告.md:911 满速独占/计划标记/LF115	通过	逐LF满速标记
校验报告.md:912 契约/端口身份/LF115	通过	结构、证据边界文字核对
校验报告.md:913 端口速率/记录/LF115	通过	端口速率独立复算
校验报告.md:914 契约/实际速率/LF115	通过	结构、证据边界文字核对
校验报告.md:915 契约/运输占位/LF115	通过	结构、证据边界文字核对
校验报告.md:916 契约/送料身份/LF116	通过	结构、证据边界文字核对
校验报告.md:917 契约/送料引用/LF116	通过	结构、证据边界文字核对
校验报告.md:918 满速独占/计划标记/LF116	通过	逐LF满速标记
校验报告.md:919 契约/端口身份/LF116	通过	结构、证据边界文字核对
校验报告.md:920 端口速率/记录/LF116	通过	端口速率独立复算
校验报告.md:921 契约/实际速率/LF116	通过	结构、证据边界文字核对
校验报告.md:922 契约/运输占位/LF116	通过	结构、证据边界文字核对
校验报告.md:923 契约/送料身份/LF117	通过	结构、证据边界文字核对
校验报告.md:924 契约/送料引用/LF117	通过	结构、证据边界文字核对
校验报告.md:925 满速独占/计划标记/LF117	通过	逐LF满速标记
校验报告.md:926 契约/端口身份/LF117	通过	结构、证据边界文字核对
校验报告.md:927 端口速率/记录/LF117	通过	端口速率独立复算
校验报告.md:928 契约/实际速率/LF117	通过	结构、证据边界文字核对
校验报告.md:929 契约/运输占位/LF117	通过	结构、证据边界文字核对
校验报告.md:930 契约/送料身份/LF118	通过	结构、证据边界文字核对
校验报告.md:931 契约/送料引用/LF118	通过	结构、证据边界文字核对
校验报告.md:932 满速独占/计划标记/LF118	通过	逐LF满速标记
校验报告.md:933 契约/端口身份/LF118	通过	结构、证据边界文字核对
校验报告.md:934 端口速率/记录/LF118	通过	端口速率独立复算
校验报告.md:935 契约/实际速率/LF118	通过	结构、证据边界文字核对
校验报告.md:936 契约/运输占位/LF118	通过	结构、证据边界文字核对
校验报告.md:937 契约/送料身份/LF119	通过	结构、证据边界文字核对
校验报告.md:938 契约/送料引用/LF119	通过	结构、证据边界文字核对
校验报告.md:939 满速独占/计划标记/LF119	通过	逐LF满速标记
校验报告.md:940 契约/端口身份/LF119	通过	结构、证据边界文字核对
校验报告.md:941 端口速率/记录/LF119	通过	端口速率独立复算
校验报告.md:942 契约/实际速率/LF119	通过	结构、证据边界文字核对
校验报告.md:943 契约/运输占位/LF119	通过	结构、证据边界文字核对
校验报告.md:944 契约/送料身份/LF120	通过	结构、证据边界文字核对
校验报告.md:945 契约/送料引用/LF120	通过	结构、证据边界文字核对
校验报告.md:946 满速独占/计划标记/LF120	通过	逐LF满速标记
校验报告.md:947 契约/端口身份/LF120	通过	结构、证据边界文字核对
校验报告.md:948 端口速率/记录/LF120	通过	端口速率独立复算
校验报告.md:949 契约/实际速率/LF120	通过	结构、证据边界文字核对
校验报告.md:950 契约/运输占位/LF120	通过	结构、证据边界文字核对
校验报告.md:951 契约/送料身份/LF121	通过	结构、证据边界文字核对
校验报告.md:952 契约/送料引用/LF121	通过	结构、证据边界文字核对
校验报告.md:953 满速独占/计划标记/LF121	通过	逐LF满速标记
校验报告.md:954 契约/端口身份/LF121	通过	结构、证据边界文字核对
校验报告.md:955 端口速率/记录/LF121	通过	端口速率独立复算
校验报告.md:956 契约/实际速率/LF121	通过	结构、证据边界文字核对
校验报告.md:957 契约/运输占位/LF121	通过	结构、证据边界文字核对
校验报告.md:958 契约/送料身份/LF122	通过	结构、证据边界文字核对
校验报告.md:959 契约/送料引用/LF122	通过	结构、证据边界文字核对
校验报告.md:960 满速独占/计划标记/LF122	通过	逐LF满速标记
校验报告.md:961 契约/端口身份/LF122	通过	结构、证据边界文字核对
校验报告.md:962 端口速率/记录/LF122	通过	端口速率独立复算
校验报告.md:963 契约/实际速率/LF122	通过	结构、证据边界文字核对
校验报告.md:964 契约/运输占位/LF122	通过	结构、证据边界文字核对
校验报告.md:965 契约/送料身份/LF123	通过	结构、证据边界文字核对
校验报告.md:966 契约/送料引用/LF123	通过	结构、证据边界文字核对
校验报告.md:967 满速独占/计划标记/LF123	通过	逐LF满速标记
校验报告.md:968 契约/端口身份/LF123	通过	结构、证据边界文字核对
校验报告.md:969 端口速率/记录/LF123	通过	端口速率独立复算
校验报告.md:970 契约/实际速率/LF123	通过	结构、证据边界文字核对
校验报告.md:971 契约/运输占位/LF123	通过	结构、证据边界文字核对
校验报告.md:972 契约/送料身份/LF124	通过	结构、证据边界文字核对
校验报告.md:973 契约/送料引用/LF124	通过	结构、证据边界文字核对
校验报告.md:974 满速独占/计划标记/LF124	通过	逐LF满速标记
校验报告.md:975 契约/端口身份/LF124	通过	结构、证据边界文字核对
校验报告.md:976 端口速率/记录/LF124	通过	端口速率独立复算
校验报告.md:977 契约/实际速率/LF124	通过	结构、证据边界文字核对
校验报告.md:978 契约/运输占位/LF124	通过	结构、证据边界文字核对
校验报告.md:979 契约/送料身份/LF125	通过	结构、证据边界文字核对
校验报告.md:980 契约/送料引用/LF125	通过	结构、证据边界文字核对
校验报告.md:981 满速独占/计划标记/LF125	通过	逐LF满速标记
校验报告.md:982 契约/端口身份/LF125	通过	结构、证据边界文字核对
校验报告.md:983 端口速率/记录/LF125	通过	端口速率独立复算
校验报告.md:984 契约/实际速率/LF125	通过	结构、证据边界文字核对
校验报告.md:985 契约/运输占位/LF125	通过	结构、证据边界文字核对
校验报告.md:986 契约/送料身份/LF126	通过	结构、证据边界文字核对
校验报告.md:987 契约/送料引用/LF126	通过	结构、证据边界文字核对
校验报告.md:988 满速独占/计划标记/LF126	通过	逐LF满速标记
校验报告.md:989 契约/端口身份/LF126	通过	结构、证据边界文字核对
校验报告.md:990 端口速率/记录/LF126	通过	端口速率独立复算
校验报告.md:991 契约/实际速率/LF126	通过	结构、证据边界文字核对
校验报告.md:992 契约/运输占位/LF126	通过	结构、证据边界文字核对
校验报告.md:993 契约/送料身份/LF127	通过	结构、证据边界文字核对
校验报告.md:994 契约/送料引用/LF127	通过	结构、证据边界文字核对
校验报告.md:995 满速独占/计划标记/LF127	通过	逐LF满速标记
校验报告.md:996 契约/端口身份/LF127	通过	结构、证据边界文字核对
校验报告.md:997 端口速率/记录/LF127	通过	端口速率独立复算
校验报告.md:998 契约/实际速率/LF127	通过	结构、证据边界文字核对
校验报告.md:999 契约/运输占位/LF127	通过	结构、证据边界文字核对
校验报告.md:1000 契约/送料身份/LF128	通过	结构、证据边界文字核对
校验报告.md:1001 契约/送料引用/LF128	通过	结构、证据边界文字核对
校验报告.md:1002 满速独占/计划标记/LF128	通过	逐LF满速标记
校验报告.md:1003 契约/端口身份/LF128	通过	结构、证据边界文字核对
校验报告.md:1004 端口速率/记录/LF128	通过	端口速率独立复算
校验报告.md:1005 契约/实际速率/LF128	通过	结构、证据边界文字核对
校验报告.md:1006 契约/运输占位/LF128	通过	结构、证据边界文字核对
校验报告.md:1007 契约/送料身份/LF129	通过	结构、证据边界文字核对
校验报告.md:1008 契约/送料引用/LF129	通过	结构、证据边界文字核对
校验报告.md:1009 满速独占/计划标记/LF129	通过	逐LF满速标记
校验报告.md:1010 契约/端口身份/LF129	通过	结构、证据边界文字核对
校验报告.md:1011 端口速率/记录/LF129	通过	端口速率独立复算
校验报告.md:1012 契约/实际速率/LF129	通过	结构、证据边界文字核对
校验报告.md:1013 契约/运输占位/LF129	通过	结构、证据边界文字核对
校验报告.md:1014 契约/送料身份/LF130	通过	结构、证据边界文字核对
校验报告.md:1015 契约/送料引用/LF130	通过	结构、证据边界文字核对
校验报告.md:1016 满速独占/计划标记/LF130	通过	逐LF满速标记
校验报告.md:1017 契约/端口身份/LF130	通过	结构、证据边界文字核对
校验报告.md:1018 端口速率/记录/LF130	通过	端口速率独立复算
校验报告.md:1019 契约/实际速率/LF130	通过	结构、证据边界文字核对
校验报告.md:1020 契约/运输占位/LF130	通过	结构、证据边界文字核对
校验报告.md:1021 契约/送料身份/LF131	通过	结构、证据边界文字核对
校验报告.md:1022 契约/送料引用/LF131	通过	结构、证据边界文字核对
校验报告.md:1023 满速独占/计划标记/LF131	通过	逐LF满速标记
校验报告.md:1024 契约/端口身份/LF131	通过	结构、证据边界文字核对
校验报告.md:1025 端口速率/记录/LF131	通过	端口速率独立复算
校验报告.md:1026 契约/实际速率/LF131	通过	结构、证据边界文字核对
校验报告.md:1027 契约/运输占位/LF131	通过	结构、证据边界文字核对
校验报告.md:1028 契约/送料身份/LF132	通过	结构、证据边界文字核对
校验报告.md:1029 契约/送料引用/LF132	通过	结构、证据边界文字核对
校验报告.md:1030 满速独占/计划标记/LF132	通过	逐LF满速标记
校验报告.md:1031 契约/端口身份/LF132	通过	结构、证据边界文字核对
校验报告.md:1032 端口速率/记录/LF132	通过	端口速率独立复算
校验报告.md:1033 契约/实际速率/LF132	通过	结构、证据边界文字核对
校验报告.md:1034 契约/运输占位/LF132	通过	结构、证据边界文字核对
校验报告.md:1035 契约/送料身份/LF133	通过	结构、证据边界文字核对
校验报告.md:1036 契约/送料引用/LF133	通过	结构、证据边界文字核对
校验报告.md:1037 满速独占/计划标记/LF133	通过	逐LF满速标记
校验报告.md:1038 契约/端口身份/LF133	通过	结构、证据边界文字核对
校验报告.md:1039 端口速率/记录/LF133	通过	端口速率独立复算
校验报告.md:1040 契约/实际速率/LF133	通过	结构、证据边界文字核对
校验报告.md:1041 契约/运输占位/LF133	通过	结构、证据边界文字核对
校验报告.md:1042 契约/送料身份/LF134	通过	结构、证据边界文字核对
校验报告.md:1043 契约/送料引用/LF134	通过	结构、证据边界文字核对
校验报告.md:1044 满速独占/计划标记/LF134	通过	逐LF满速标记
校验报告.md:1045 契约/端口身份/LF134	通过	结构、证据边界文字核对
校验报告.md:1046 端口速率/记录/LF134	通过	端口速率独立复算
校验报告.md:1047 契约/实际速率/LF134	通过	结构、证据边界文字核对
校验报告.md:1048 契约/运输占位/LF134	通过	结构、证据边界文字核对
校验报告.md:1049 契约/送料身份/LF135	通过	结构、证据边界文字核对
校验报告.md:1050 契约/送料引用/LF135	通过	结构、证据边界文字核对
校验报告.md:1051 满速独占/计划标记/LF135	通过	逐LF满速标记
校验报告.md:1052 契约/端口身份/LF135	通过	结构、证据边界文字核对
校验报告.md:1053 端口速率/记录/LF135	通过	端口速率独立复算
校验报告.md:1054 契约/实际速率/LF135	通过	结构、证据边界文字核对
校验报告.md:1055 契约/运输占位/LF135	通过	结构、证据边界文字核对
校验报告.md:1056 契约/送料身份/LF136	通过	结构、证据边界文字核对
校验报告.md:1057 契约/送料引用/LF136	通过	结构、证据边界文字核对
校验报告.md:1058 满速独占/计划标记/LF136	通过	逐LF满速标记
校验报告.md:1059 契约/端口身份/LF136	通过	结构、证据边界文字核对
校验报告.md:1060 端口速率/记录/LF136	通过	端口速率独立复算
校验报告.md:1061 契约/实际速率/LF136	通过	结构、证据边界文字核对
校验报告.md:1062 契约/运输占位/LF136	通过	结构、证据边界文字核对
校验报告.md:1063 契约/送料身份/LF137	通过	结构、证据边界文字核对
校验报告.md:1064 契约/送料引用/LF137	通过	结构、证据边界文字核对
校验报告.md:1065 满速独占/计划标记/LF137	通过	逐LF满速标记
校验报告.md:1066 契约/端口身份/LF137	通过	结构、证据边界文字核对
校验报告.md:1067 端口速率/记录/LF137	通过	端口速率独立复算
校验报告.md:1068 契约/实际速率/LF137	通过	结构、证据边界文字核对
校验报告.md:1069 契约/运输占位/LF137	通过	结构、证据边界文字核对
校验报告.md:1070 契约/送料身份/LF138	通过	结构、证据边界文字核对
校验报告.md:1071 契约/送料引用/LF138	通过	结构、证据边界文字核对
校验报告.md:1072 满速独占/计划标记/LF138	通过	逐LF满速标记
校验报告.md:1073 契约/端口身份/LF138	通过	结构、证据边界文字核对
校验报告.md:1074 端口速率/记录/LF138	通过	端口速率独立复算
校验报告.md:1075 契约/实际速率/LF138	通过	结构、证据边界文字核对
校验报告.md:1076 契约/运输占位/LF138	通过	结构、证据边界文字核对
校验报告.md:1077 契约/送料身份/LF139	通过	结构、证据边界文字核对
校验报告.md:1078 契约/送料引用/LF139	通过	结构、证据边界文字核对
校验报告.md:1079 满速独占/计划标记/LF139	通过	逐LF满速标记
校验报告.md:1080 契约/端口身份/LF139	通过	结构、证据边界文字核对
校验报告.md:1081 端口速率/记录/LF139	通过	端口速率独立复算
校验报告.md:1082 契约/实际速率/LF139	通过	结构、证据边界文字核对
校验报告.md:1083 契约/运输占位/LF139	通过	结构、证据边界文字核对
校验报告.md:1084 契约/送料身份/LF140	通过	结构、证据边界文字核对
校验报告.md:1085 契约/送料引用/LF140	通过	结构、证据边界文字核对
校验报告.md:1086 满速独占/计划标记/LF140	通过	逐LF满速标记
校验报告.md:1087 契约/端口身份/LF140	通过	结构、证据边界文字核对
校验报告.md:1088 端口速率/记录/LF140	通过	端口速率独立复算
校验报告.md:1089 契约/实际速率/LF140	通过	结构、证据边界文字核对
校验报告.md:1090 契约/运输占位/LF140	通过	结构、证据边界文字核对
校验报告.md:1091 契约/送料身份/LF141	通过	结构、证据边界文字核对
校验报告.md:1092 契约/送料引用/LF141	通过	结构、证据边界文字核对
校验报告.md:1093 满速独占/计划标记/LF141	通过	逐LF满速标记
校验报告.md:1094 契约/端口身份/LF141	通过	结构、证据边界文字核对
校验报告.md:1095 端口速率/记录/LF141	通过	端口速率独立复算
校验报告.md:1096 契约/实际速率/LF141	通过	结构、证据边界文字核对
校验报告.md:1097 契约/运输占位/LF141	通过	结构、证据边界文字核对
校验报告.md:1098 契约/送料身份/LF142	通过	结构、证据边界文字核对
校验报告.md:1099 契约/送料引用/LF142	通过	结构、证据边界文字核对
校验报告.md:1100 满速独占/计划标记/LF142	通过	逐LF满速标记
校验报告.md:1101 契约/端口身份/LF142	通过	结构、证据边界文字核对
校验报告.md:1102 端口速率/记录/LF142	通过	端口速率独立复算
校验报告.md:1103 契约/实际速率/LF142	通过	结构、证据边界文字核对
校验报告.md:1104 契约/运输占位/LF142	通过	结构、证据边界文字核对
校验报告.md:1105 契约/送料身份/LF143	通过	结构、证据边界文字核对
校验报告.md:1106 契约/送料引用/LF143	通过	结构、证据边界文字核对
校验报告.md:1107 满速独占/计划标记/LF143	通过	逐LF满速标记
校验报告.md:1108 契约/端口身份/LF143	通过	结构、证据边界文字核对
校验报告.md:1109 端口速率/记录/LF143	通过	端口速率独立复算
校验报告.md:1110 契约/实际速率/LF143	通过	结构、证据边界文字核对
校验报告.md:1111 契约/运输占位/LF143	通过	结构、证据边界文字核对
校验报告.md:1112 契约/送料身份/LF144	通过	结构、证据边界文字核对
校验报告.md:1113 契约/送料引用/LF144	通过	结构、证据边界文字核对
校验报告.md:1114 满速独占/计划标记/LF144	通过	逐LF满速标记
校验报告.md:1115 契约/端口身份/LF144	通过	结构、证据边界文字核对
校验报告.md:1116 端口速率/记录/LF144	通过	端口速率独立复算
校验报告.md:1117 契约/实际速率/LF144	通过	结构、证据边界文字核对
校验报告.md:1118 契约/运输占位/LF144	通过	结构、证据边界文字核对
校验报告.md:1119 契约/送料身份/LF145	通过	结构、证据边界文字核对
校验报告.md:1120 契约/送料引用/LF145	通过	结构、证据边界文字核对
校验报告.md:1121 满速独占/计划标记/LF145	通过	逐LF满速标记
校验报告.md:1122 契约/端口身份/LF145	通过	结构、证据边界文字核对
校验报告.md:1123 端口速率/记录/LF145	通过	端口速率独立复算
校验报告.md:1124 契约/实际速率/LF145	通过	结构、证据边界文字核对
校验报告.md:1125 契约/运输占位/LF145	通过	结构、证据边界文字核对
校验报告.md:1126 契约/送料身份/LF146	通过	结构、证据边界文字核对
校验报告.md:1127 契约/送料引用/LF146	通过	结构、证据边界文字核对
校验报告.md:1128 满速独占/计划标记/LF146	通过	逐LF满速标记
校验报告.md:1129 契约/端口身份/LF146	通过	结构、证据边界文字核对
校验报告.md:1130 端口速率/记录/LF146	通过	端口速率独立复算
校验报告.md:1131 契约/实际速率/LF146	通过	结构、证据边界文字核对
校验报告.md:1132 契约/运输占位/LF146	通过	结构、证据边界文字核对
校验报告.md:1133 契约/送料身份/LF147	通过	结构、证据边界文字核对
校验报告.md:1134 契约/送料引用/LF147	通过	结构、证据边界文字核对
校验报告.md:1135 满速独占/计划标记/LF147	通过	逐LF满速标记
校验报告.md:1136 契约/端口身份/LF147	通过	结构、证据边界文字核对
校验报告.md:1137 端口速率/记录/LF147	通过	端口速率独立复算
校验报告.md:1138 契约/实际速率/LF147	通过	结构、证据边界文字核对
校验报告.md:1139 契约/运输占位/LF147	通过	结构、证据边界文字核对
校验报告.md:1140 契约/送料身份/LF148	通过	结构、证据边界文字核对
校验报告.md:1141 契约/送料引用/LF148	通过	结构、证据边界文字核对
校验报告.md:1142 满速独占/计划标记/LF148	通过	逐LF满速标记
校验报告.md:1143 契约/端口身份/LF148	通过	结构、证据边界文字核对
校验报告.md:1144 端口速率/记录/LF148	通过	端口速率独立复算
校验报告.md:1145 契约/实际速率/LF148	通过	结构、证据边界文字核对
校验报告.md:1146 契约/运输占位/LF148	通过	结构、证据边界文字核对
校验报告.md:1147 契约/送料身份/LF149	通过	结构、证据边界文字核对
校验报告.md:1148 契约/送料引用/LF149	通过	结构、证据边界文字核对
校验报告.md:1149 满速独占/计划标记/LF149	通过	逐LF满速标记
校验报告.md:1150 契约/端口身份/LF149	通过	结构、证据边界文字核对
校验报告.md:1151 端口速率/记录/LF149	通过	端口速率独立复算
校验报告.md:1152 契约/实际速率/LF149	通过	结构、证据边界文字核对
校验报告.md:1153 契约/运输占位/LF149	通过	结构、证据边界文字核对
校验报告.md:1154 契约/送料身份/LF150	通过	结构、证据边界文字核对
校验报告.md:1155 契约/送料引用/LF150	通过	结构、证据边界文字核对
校验报告.md:1156 满速独占/计划标记/LF150	通过	逐LF满速标记
校验报告.md:1157 契约/端口身份/LF150	通过	结构、证据边界文字核对
校验报告.md:1158 端口速率/记录/LF150	通过	端口速率独立复算
校验报告.md:1159 契约/实际速率/LF150	通过	结构、证据边界文字核对
校验报告.md:1160 契约/运输占位/LF150	通过	结构、证据边界文字核对
校验报告.md:1161 契约/送料身份/LF151	通过	结构、证据边界文字核对
校验报告.md:1162 契约/送料引用/LF151	通过	结构、证据边界文字核对
校验报告.md:1163 满速独占/计划标记/LF151	通过	逐LF满速标记
校验报告.md:1164 契约/端口身份/LF151	通过	结构、证据边界文字核对
校验报告.md:1165 端口速率/记录/LF151	通过	端口速率独立复算
校验报告.md:1166 契约/实际速率/LF151	通过	结构、证据边界文字核对
校验报告.md:1167 契约/运输占位/LF151	通过	结构、证据边界文字核对
校验报告.md:1168 契约/送料身份/LF152	通过	结构、证据边界文字核对
校验报告.md:1169 契约/送料引用/LF152	通过	结构、证据边界文字核对
校验报告.md:1170 满速独占/计划标记/LF152	通过	逐LF满速标记
校验报告.md:1171 契约/端口身份/LF152	通过	结构、证据边界文字核对
校验报告.md:1172 端口速率/记录/LF152	通过	端口速率独立复算
校验报告.md:1173 契约/实际速率/LF152	通过	结构、证据边界文字核对
校验报告.md:1174 契约/运输占位/LF152	通过	结构、证据边界文字核对
校验报告.md:1175 契约/送料身份/LF153	通过	结构、证据边界文字核对
校验报告.md:1176 契约/送料引用/LF153	通过	结构、证据边界文字核对
校验报告.md:1177 满速独占/计划标记/LF153	通过	逐LF满速标记
校验报告.md:1178 契约/端口身份/LF153	通过	结构、证据边界文字核对
校验报告.md:1179 端口速率/记录/LF153	通过	端口速率独立复算
校验报告.md:1180 契约/实际速率/LF153	通过	结构、证据边界文字核对
校验报告.md:1181 契约/运输占位/LF153	通过	结构、证据边界文字核对
校验报告.md:1182 契约/送料身份/LF154	通过	结构、证据边界文字核对
校验报告.md:1183 契约/送料引用/LF154	通过	结构、证据边界文字核对
校验报告.md:1184 满速独占/计划标记/LF154	通过	逐LF满速标记
校验报告.md:1185 契约/端口身份/LF154	通过	结构、证据边界文字核对
校验报告.md:1186 端口速率/记录/LF154	通过	端口速率独立复算
校验报告.md:1187 契约/实际速率/LF154	通过	结构、证据边界文字核对
校验报告.md:1188 契约/运输占位/LF154	通过	结构、证据边界文字核对
校验报告.md:1189 契约/送料身份/LF155	通过	结构、证据边界文字核对
校验报告.md:1190 契约/送料引用/LF155	通过	结构、证据边界文字核对
校验报告.md:1191 满速独占/计划标记/LF155	通过	逐LF满速标记
校验报告.md:1192 契约/端口身份/LF155	通过	结构、证据边界文字核对
校验报告.md:1193 端口速率/记录/LF155	通过	端口速率独立复算
校验报告.md:1194 契约/实际速率/LF155	通过	结构、证据边界文字核对
校验报告.md:1195 契约/运输占位/LF155	通过	结构、证据边界文字核对
校验报告.md:1196 契约/送料身份/LF156	通过	结构、证据边界文字核对
校验报告.md:1197 契约/送料引用/LF156	通过	结构、证据边界文字核对
校验报告.md:1198 满速独占/计划标记/LF156	通过	逐LF满速标记
校验报告.md:1199 契约/端口身份/LF156	通过	结构、证据边界文字核对
校验报告.md:1200 端口速率/记录/LF156	通过	端口速率独立复算
校验报告.md:1201 契约/实际速率/LF156	通过	结构、证据边界文字核对
校验报告.md:1202 契约/运输占位/LF156	通过	结构、证据边界文字核对
校验报告.md:1203 契约/送料身份/LF157	通过	结构、证据边界文字核对
校验报告.md:1204 契约/送料引用/LF157	通过	结构、证据边界文字核对
校验报告.md:1205 满速独占/计划标记/LF157	通过	逐LF满速标记
校验报告.md:1206 契约/端口身份/LF157	通过	结构、证据边界文字核对
校验报告.md:1207 端口速率/记录/LF157	通过	端口速率独立复算
校验报告.md:1208 契约/实际速率/LF157	通过	结构、证据边界文字核对
校验报告.md:1209 契约/运输占位/LF157	通过	结构、证据边界文字核对
校验报告.md:1210 契约/送料身份/LF158	通过	结构、证据边界文字核对
校验报告.md:1211 契约/送料引用/LF158	通过	结构、证据边界文字核对
校验报告.md:1212 满速独占/计划标记/LF158	通过	逐LF满速标记
校验报告.md:1213 契约/端口身份/LF158	通过	结构、证据边界文字核对
校验报告.md:1214 端口速率/记录/LF158	通过	端口速率独立复算
校验报告.md:1215 契约/实际速率/LF158	通过	结构、证据边界文字核对
校验报告.md:1216 契约/运输占位/LF158	通过	结构、证据边界文字核对
校验报告.md:1217 契约/送料身份/LF159	通过	结构、证据边界文字核对
校验报告.md:1218 契约/送料引用/LF159	通过	结构、证据边界文字核对
校验报告.md:1219 满速独占/计划标记/LF159	通过	逐LF满速标记
校验报告.md:1220 契约/端口身份/LF159	通过	结构、证据边界文字核对
校验报告.md:1221 端口速率/记录/LF159	通过	端口速率独立复算
校验报告.md:1222 契约/实际速率/LF159	通过	结构、证据边界文字核对
校验报告.md:1223 契约/运输占位/LF159	通过	结构、证据边界文字核对
校验报告.md:1224 契约/送料身份/LF160	通过	结构、证据边界文字核对
校验报告.md:1225 契约/送料引用/LF160	通过	结构、证据边界文字核对
校验报告.md:1226 满速独占/计划标记/LF160	通过	逐LF满速标记
校验报告.md:1227 契约/端口身份/LF160	通过	结构、证据边界文字核对
校验报告.md:1228 端口速率/记录/LF160	通过	端口速率独立复算
校验报告.md:1229 契约/实际速率/LF160	通过	结构、证据边界文字核对
校验报告.md:1230 契约/运输占位/LF160	通过	结构、证据边界文字核对
校验报告.md:1231 契约/送料身份/LF161	通过	结构、证据边界文字核对
校验报告.md:1232 契约/送料引用/LF161	通过	结构、证据边界文字核对
校验报告.md:1233 满速独占/计划标记/LF161	通过	逐LF满速标记
校验报告.md:1234 契约/端口身份/LF161	通过	结构、证据边界文字核对
校验报告.md:1235 端口速率/记录/LF161	通过	端口速率独立复算
校验报告.md:1236 契约/实际速率/LF161	通过	结构、证据边界文字核对
校验报告.md:1237 契约/运输占位/LF161	通过	结构、证据边界文字核对
校验报告.md:1238 契约/送料身份/LF162	通过	结构、证据边界文字核对
校验报告.md:1239 契约/送料引用/LF162	通过	结构、证据边界文字核对
校验报告.md:1240 满速独占/计划标记/LF162	通过	逐LF满速标记
校验报告.md:1241 契约/端口身份/LF162	通过	结构、证据边界文字核对
校验报告.md:1242 端口速率/记录/LF162	通过	端口速率独立复算
校验报告.md:1243 契约/实际速率/LF162	通过	结构、证据边界文字核对
校验报告.md:1244 契约/运输占位/LF162	通过	结构、证据边界文字核对
校验报告.md:1245 契约/送料身份/LF163	通过	结构、证据边界文字核对
校验报告.md:1246 契约/送料引用/LF163	通过	结构、证据边界文字核对
校验报告.md:1247 满速独占/计划标记/LF163	通过	逐LF满速标记
校验报告.md:1248 契约/端口身份/LF163	通过	结构、证据边界文字核对
校验报告.md:1249 端口速率/记录/LF163	通过	端口速率独立复算
校验报告.md:1250 契约/实际速率/LF163	通过	结构、证据边界文字核对
校验报告.md:1251 契约/运输占位/LF163	通过	结构、证据边界文字核对
校验报告.md:1252 契约/送料身份/LF164	通过	结构、证据边界文字核对
校验报告.md:1253 契约/送料引用/LF164	通过	结构、证据边界文字核对
校验报告.md:1254 满速独占/计划标记/LF164	通过	逐LF满速标记
校验报告.md:1255 契约/端口身份/LF164	通过	结构、证据边界文字核对
校验报告.md:1256 端口速率/记录/LF164	通过	端口速率独立复算
校验报告.md:1257 契约/实际速率/LF164	通过	结构、证据边界文字核对
校验报告.md:1258 契约/运输占位/LF164	通过	结构、证据边界文字核对
校验报告.md:1259 契约/送料身份/LF165	通过	结构、证据边界文字核对
校验报告.md:1260 契约/送料引用/LF165	通过	结构、证据边界文字核对
校验报告.md:1261 满速独占/计划标记/LF165	通过	逐LF满速标记
校验报告.md:1262 契约/端口身份/LF165	通过	结构、证据边界文字核对
校验报告.md:1263 端口速率/记录/LF165	通过	端口速率独立复算
校验报告.md:1264 契约/实际速率/LF165	通过	结构、证据边界文字核对
校验报告.md:1265 契约/运输占位/LF165	通过	结构、证据边界文字核对
校验报告.md:1266 契约/送料身份/LF166	通过	结构、证据边界文字核对
校验报告.md:1267 契约/送料引用/LF166	通过	结构、证据边界文字核对
校验报告.md:1268 满速独占/计划标记/LF166	通过	逐LF满速标记
校验报告.md:1269 契约/端口身份/LF166	通过	结构、证据边界文字核对
校验报告.md:1270 端口速率/记录/LF166	通过	端口速率独立复算
校验报告.md:1271 契约/实际速率/LF166	通过	结构、证据边界文字核对
校验报告.md:1272 契约/运输占位/LF166	通过	结构、证据边界文字核对
校验报告.md:1273 契约/送料身份/LF167	通过	结构、证据边界文字核对
校验报告.md:1274 契约/送料引用/LF167	通过	结构、证据边界文字核对
校验报告.md:1275 满速独占/计划标记/LF167	通过	逐LF满速标记
校验报告.md:1276 契约/端口身份/LF167	通过	结构、证据边界文字核对
校验报告.md:1277 端口速率/记录/LF167	通过	端口速率独立复算
校验报告.md:1278 契约/实际速率/LF167	通过	结构、证据边界文字核对
校验报告.md:1279 契约/运输占位/LF167	通过	结构、证据边界文字核对
校验报告.md:1280 契约/送料身份/LF168	通过	结构、证据边界文字核对
校验报告.md:1281 契约/送料引用/LF168	通过	结构、证据边界文字核对
校验报告.md:1282 满速独占/计划标记/LF168	通过	逐LF满速标记
校验报告.md:1283 契约/端口身份/LF168	通过	结构、证据边界文字核对
校验报告.md:1284 端口速率/记录/LF168	通过	端口速率独立复算
校验报告.md:1285 契约/实际速率/LF168	通过	结构、证据边界文字核对
校验报告.md:1286 契约/运输占位/LF168	通过	结构、证据边界文字核对
校验报告.md:1287 契约/送料身份/LF169	通过	结构、证据边界文字核对
校验报告.md:1288 契约/送料引用/LF169	通过	结构、证据边界文字核对
校验报告.md:1289 满速独占/计划标记/LF169	通过	逐LF满速标记
校验报告.md:1290 契约/端口身份/LF169	通过	结构、证据边界文字核对
校验报告.md:1291 端口速率/记录/LF169	通过	端口速率独立复算
校验报告.md:1292 契约/实际速率/LF169	通过	结构、证据边界文字核对
校验报告.md:1293 契约/运输占位/LF169	通过	结构、证据边界文字核对
校验报告.md:1294 契约/送料身份/LF170	通过	结构、证据边界文字核对
校验报告.md:1295 契约/送料引用/LF170	通过	结构、证据边界文字核对
校验报告.md:1296 满速独占/计划标记/LF170	通过	逐LF满速标记
校验报告.md:1297 契约/端口身份/LF170	通过	结构、证据边界文字核对
校验报告.md:1298 端口速率/记录/LF170	通过	端口速率独立复算
校验报告.md:1299 契约/实际速率/LF170	通过	结构、证据边界文字核对
校验报告.md:1300 契约/运输占位/LF170	通过	结构、证据边界文字核对
校验报告.md:1301 契约/送料身份/LF171	通过	结构、证据边界文字核对
校验报告.md:1302 契约/送料引用/LF171	通过	结构、证据边界文字核对
校验报告.md:1303 满速独占/计划标记/LF171	通过	逐LF满速标记
校验报告.md:1304 契约/端口身份/LF171	通过	结构、证据边界文字核对
校验报告.md:1305 端口速率/记录/LF171	通过	端口速率独立复算
校验报告.md:1306 契约/实际速率/LF171	通过	结构、证据边界文字核对
校验报告.md:1307 契约/运输占位/LF171	通过	结构、证据边界文字核对
校验报告.md:1308 契约/送料身份/LF172	通过	结构、证据边界文字核对
校验报告.md:1309 契约/送料引用/LF172	通过	结构、证据边界文字核对
校验报告.md:1310 满速独占/计划标记/LF172	通过	逐LF满速标记
校验报告.md:1311 契约/端口身份/LF172	通过	结构、证据边界文字核对
校验报告.md:1312 端口速率/记录/LF172	通过	端口速率独立复算
校验报告.md:1313 契约/实际速率/LF172	通过	结构、证据边界文字核对
校验报告.md:1314 契约/运输占位/LF172	通过	结构、证据边界文字核对
校验报告.md:1315 契约/送料身份/LF173	通过	结构、证据边界文字核对
校验报告.md:1316 契约/送料引用/LF173	通过	结构、证据边界文字核对
校验报告.md:1317 满速独占/计划标记/LF173	通过	逐LF满速标记
校验报告.md:1318 契约/端口身份/LF173	通过	结构、证据边界文字核对
校验报告.md:1319 端口速率/记录/LF173	通过	端口速率独立复算
校验报告.md:1320 契约/实际速率/LF173	通过	结构、证据边界文字核对
校验报告.md:1321 契约/运输占位/LF173	通过	结构、证据边界文字核对
校验报告.md:1322 契约/送料身份/LF174	通过	结构、证据边界文字核对
校验报告.md:1323 契约/送料引用/LF174	通过	结构、证据边界文字核对
校验报告.md:1324 满速独占/计划标记/LF174	通过	逐LF满速标记
校验报告.md:1325 契约/端口身份/LF174	通过	结构、证据边界文字核对
校验报告.md:1326 端口速率/记录/LF174	通过	端口速率独立复算
校验报告.md:1327 契约/实际速率/LF174	通过	结构、证据边界文字核对
校验报告.md:1328 契约/运输占位/LF174	通过	结构、证据边界文字核对
校验报告.md:1329 契约/送料身份/LF175	通过	结构、证据边界文字核对
校验报告.md:1330 契约/送料引用/LF175	通过	结构、证据边界文字核对
校验报告.md:1331 满速独占/计划标记/LF175	通过	逐LF满速标记
校验报告.md:1332 契约/端口身份/LF175	通过	结构、证据边界文字核对
校验报告.md:1333 端口速率/记录/LF175	通过	端口速率独立复算
校验报告.md:1334 契约/实际速率/LF175	通过	结构、证据边界文字核对
校验报告.md:1335 契约/运输占位/LF175	通过	结构、证据边界文字核对
校验报告.md:1336 契约/送料身份/LF176	通过	结构、证据边界文字核对
校验报告.md:1337 契约/送料引用/LF176	通过	结构、证据边界文字核对
校验报告.md:1338 满速独占/计划标记/LF176	通过	逐LF满速标记
校验报告.md:1339 契约/端口身份/LF176	通过	结构、证据边界文字核对
校验报告.md:1340 端口速率/记录/LF176	通过	端口速率独立复算
校验报告.md:1341 契约/实际速率/LF176	通过	结构、证据边界文字核对
校验报告.md:1342 契约/运输占位/LF176	通过	结构、证据边界文字核对
校验报告.md:1343 契约/送料身份/LF177	通过	结构、证据边界文字核对
校验报告.md:1344 契约/送料引用/LF177	通过	结构、证据边界文字核对
校验报告.md:1345 满速独占/计划标记/LF177	通过	逐LF满速标记
校验报告.md:1346 契约/端口身份/LF177	通过	结构、证据边界文字核对
校验报告.md:1347 端口速率/记录/LF177	通过	端口速率独立复算
校验报告.md:1348 契约/实际速率/LF177	通过	结构、证据边界文字核对
校验报告.md:1349 契约/运输占位/LF177	通过	结构、证据边界文字核对
校验报告.md:1350 契约/送料身份/LF178	通过	结构、证据边界文字核对
校验报告.md:1351 契约/送料引用/LF178	通过	结构、证据边界文字核对
校验报告.md:1352 满速独占/计划标记/LF178	通过	逐LF满速标记
校验报告.md:1353 契约/端口身份/LF178	通过	结构、证据边界文字核对
校验报告.md:1354 端口速率/记录/LF178	通过	端口速率独立复算
校验报告.md:1355 契约/实际速率/LF178	通过	结构、证据边界文字核对
校验报告.md:1356 契约/运输占位/LF178	通过	结构、证据边界文字核对
校验报告.md:1357 契约/送料身份/LF179	通过	结构、证据边界文字核对
校验报告.md:1358 契约/送料引用/LF179	通过	结构、证据边界文字核对
校验报告.md:1359 满速独占/计划标记/LF179	通过	逐LF满速标记
校验报告.md:1360 契约/端口身份/LF179	通过	结构、证据边界文字核对
校验报告.md:1361 端口速率/记录/LF179	通过	端口速率独立复算
校验报告.md:1362 契约/实际速率/LF179	通过	结构、证据边界文字核对
校验报告.md:1363 契约/运输占位/LF179	通过	结构、证据边界文字核对
校验报告.md:1364 契约/送料身份/LF180	通过	结构、证据边界文字核对
校验报告.md:1365 契约/送料引用/LF180	通过	结构、证据边界文字核对
校验报告.md:1366 满速独占/计划标记/LF180	通过	逐LF满速标记
校验报告.md:1367 契约/端口身份/LF180	通过	结构、证据边界文字核对
校验报告.md:1368 端口速率/记录/LF180	通过	端口速率独立复算
校验报告.md:1369 契约/实际速率/LF180	通过	结构、证据边界文字核对
校验报告.md:1370 契约/运输占位/LF180	通过	结构、证据边界文字核对
校验报告.md:1371 契约/送料身份/LF181	通过	结构、证据边界文字核对
校验报告.md:1372 契约/送料引用/LF181	通过	结构、证据边界文字核对
校验报告.md:1373 满速独占/计划标记/LF181	通过	逐LF满速标记
校验报告.md:1374 契约/端口身份/LF181	通过	结构、证据边界文字核对
校验报告.md:1375 端口速率/记录/LF181	通过	端口速率独立复算
校验报告.md:1376 契约/实际速率/LF181	通过	结构、证据边界文字核对
校验报告.md:1377 契约/运输占位/LF181	通过	结构、证据边界文字核对
校验报告.md:1378 契约/送料身份/LF182	通过	结构、证据边界文字核对
校验报告.md:1379 契约/送料引用/LF182	通过	结构、证据边界文字核对
校验报告.md:1380 满速独占/计划标记/LF182	通过	逐LF满速标记
校验报告.md:1381 契约/端口身份/LF182	通过	结构、证据边界文字核对
校验报告.md:1382 端口速率/记录/LF182	通过	端口速率独立复算
校验报告.md:1383 契约/实际速率/LF182	通过	结构、证据边界文字核对
校验报告.md:1384 契约/运输占位/LF182	通过	结构、证据边界文字核对
校验报告.md:1385 契约/送料身份/LF183	通过	结构、证据边界文字核对
校验报告.md:1386 契约/送料引用/LF183	通过	结构、证据边界文字核对
校验报告.md:1387 满速独占/计划标记/LF183	通过	逐LF满速标记
校验报告.md:1388 契约/端口身份/LF183	通过	结构、证据边界文字核对
校验报告.md:1389 端口速率/记录/LF183	通过	端口速率独立复算
校验报告.md:1390 契约/实际速率/LF183	通过	结构、证据边界文字核对
校验报告.md:1391 契约/运输占位/LF183	通过	结构、证据边界文字核对
校验报告.md:1392 契约/送料身份/LF184	通过	结构、证据边界文字核对
校验报告.md:1393 契约/送料引用/LF184	通过	结构、证据边界文字核对
校验报告.md:1394 满速独占/计划标记/LF184	通过	逐LF满速标记
校验报告.md:1395 契约/端口身份/LF184	通过	结构、证据边界文字核对
校验报告.md:1396 端口速率/记录/LF184	通过	端口速率独立复算
校验报告.md:1397 契约/实际速率/LF184	通过	结构、证据边界文字核对
校验报告.md:1398 契约/运输占位/LF184	通过	结构、证据边界文字核对
校验报告.md:1399 契约/送料身份/LF185	通过	结构、证据边界文字核对
校验报告.md:1400 契约/送料引用/LF185	通过	结构、证据边界文字核对
校验报告.md:1401 满速独占/计划标记/LF185	通过	逐LF满速标记
校验报告.md:1402 契约/端口身份/LF185	通过	结构、证据边界文字核对
校验报告.md:1403 端口速率/记录/LF185	通过	端口速率独立复算
校验报告.md:1404 契约/实际速率/LF185	通过	结构、证据边界文字核对
校验报告.md:1405 契约/运输占位/LF185	通过	结构、证据边界文字核对
校验报告.md:1406 契约/送料身份/LF186	通过	结构、证据边界文字核对
校验报告.md:1407 契约/送料引用/LF186	通过	结构、证据边界文字核对
校验报告.md:1408 满速独占/计划标记/LF186	通过	逐LF满速标记
校验报告.md:1409 契约/端口身份/LF186	通过	结构、证据边界文字核对
校验报告.md:1410 端口速率/记录/LF186	通过	端口速率独立复算
校验报告.md:1411 契约/实际速率/LF186	通过	结构、证据边界文字核对
校验报告.md:1412 契约/运输占位/LF186	通过	结构、证据边界文字核对
校验报告.md:1413 契约/送料身份/LF187	通过	结构、证据边界文字核对
校验报告.md:1414 契约/送料引用/LF187	通过	结构、证据边界文字核对
校验报告.md:1415 满速独占/计划标记/LF187	通过	逐LF满速标记
校验报告.md:1416 契约/端口身份/LF187	通过	结构、证据边界文字核对
校验报告.md:1417 端口速率/记录/LF187	通过	端口速率独立复算
校验报告.md:1418 契约/实际速率/LF187	通过	结构、证据边界文字核对
校验报告.md:1419 契约/运输占位/LF187	通过	结构、证据边界文字核对
校验报告.md:1420 契约/送料身份/LF188	通过	结构、证据边界文字核对
校验报告.md:1421 契约/送料引用/LF188	通过	结构、证据边界文字核对
校验报告.md:1422 满速独占/计划标记/LF188	通过	逐LF满速标记
校验报告.md:1423 契约/端口身份/LF188	通过	结构、证据边界文字核对
校验报告.md:1424 端口速率/记录/LF188	通过	端口速率独立复算
校验报告.md:1425 契约/实际速率/LF188	通过	结构、证据边界文字核对
校验报告.md:1426 契约/运输占位/LF188	通过	结构、证据边界文字核对
校验报告.md:1427 契约/送料身份/LF189	通过	结构、证据边界文字核对
校验报告.md:1428 契约/送料引用/LF189	通过	结构、证据边界文字核对
校验报告.md:1429 满速独占/计划标记/LF189	通过	逐LF满速标记
校验报告.md:1430 契约/端口身份/LF189	通过	结构、证据边界文字核对
校验报告.md:1431 端口速率/记录/LF189	通过	端口速率独立复算
校验报告.md:1432 契约/实际速率/LF189	通过	结构、证据边界文字核对
校验报告.md:1433 契约/运输占位/LF189	通过	结构、证据边界文字核对
校验报告.md:1434 契约/送料身份/LF190	通过	结构、证据边界文字核对
校验报告.md:1435 契约/送料引用/LF190	通过	结构、证据边界文字核对
校验报告.md:1436 满速独占/计划标记/LF190	通过	逐LF满速标记
校验报告.md:1437 契约/端口身份/LF190	通过	结构、证据边界文字核对
校验报告.md:1438 端口速率/记录/LF190	通过	端口速率独立复算
校验报告.md:1439 契约/实际速率/LF190	通过	结构、证据边界文字核对
校验报告.md:1440 契约/运输占位/LF190	通过	结构、证据边界文字核对
校验报告.md:1441 契约/送料身份/LF191	通过	结构、证据边界文字核对
校验报告.md:1442 契约/送料引用/LF191	通过	结构、证据边界文字核对
校验报告.md:1443 满速独占/计划标记/LF191	通过	逐LF满速标记
校验报告.md:1444 契约/端口身份/LF191	通过	结构、证据边界文字核对
校验报告.md:1445 端口速率/记录/LF191	通过	端口速率独立复算
校验报告.md:1446 契约/实际速率/LF191	通过	结构、证据边界文字核对
校验报告.md:1447 契约/运输占位/LF191	通过	结构、证据边界文字核对
校验报告.md:1448 契约/送料身份/LF192	通过	结构、证据边界文字核对
校验报告.md:1449 契约/送料引用/LF192	通过	结构、证据边界文字核对
校验报告.md:1450 满速独占/计划标记/LF192	通过	逐LF满速标记
校验报告.md:1451 契约/端口身份/LF192	通过	结构、证据边界文字核对
校验报告.md:1452 端口速率/记录/LF192	通过	端口速率独立复算
校验报告.md:1453 契约/实际速率/LF192	通过	结构、证据边界文字核对
校验报告.md:1454 契约/运输占位/LF192	通过	结构、证据边界文字核对
校验报告.md:1455 契约/送料身份/LF193	通过	结构、证据边界文字核对
校验报告.md:1456 契约/送料引用/LF193	通过	结构、证据边界文字核对
校验报告.md:1457 满速独占/计划标记/LF193	通过	逐LF满速标记
校验报告.md:1458 契约/端口身份/LF193	通过	结构、证据边界文字核对
校验报告.md:1459 端口速率/记录/LF193	通过	端口速率独立复算
校验报告.md:1460 契约/实际速率/LF193	通过	结构、证据边界文字核对
校验报告.md:1461 契约/运输占位/LF193	通过	结构、证据边界文字核对
校验报告.md:1462 契约/送料身份/LF194	通过	结构、证据边界文字核对
校验报告.md:1463 契约/送料引用/LF194	通过	结构、证据边界文字核对
校验报告.md:1464 满速独占/计划标记/LF194	通过	逐LF满速标记
校验报告.md:1465 契约/端口身份/LF194	通过	结构、证据边界文字核对
校验报告.md:1466 端口速率/记录/LF194	通过	端口速率独立复算
校验报告.md:1467 契约/实际速率/LF194	通过	结构、证据边界文字核对
校验报告.md:1468 契约/运输占位/LF194	通过	结构、证据边界文字核对
校验报告.md:1469 契约/送料身份/LF195	通过	结构、证据边界文字核对
校验报告.md:1470 契约/送料引用/LF195	通过	结构、证据边界文字核对
校验报告.md:1471 满速独占/计划标记/LF195	通过	逐LF满速标记
校验报告.md:1472 契约/端口身份/LF195	通过	结构、证据边界文字核对
校验报告.md:1473 端口速率/记录/LF195	通过	端口速率独立复算
校验报告.md:1474 契约/实际速率/LF195	通过	结构、证据边界文字核对
校验报告.md:1475 契约/运输占位/LF195	通过	结构、证据边界文字核对
校验报告.md:1476 契约/送料身份/LF196	通过	结构、证据边界文字核对
校验报告.md:1477 契约/送料引用/LF196	通过	结构、证据边界文字核对
校验报告.md:1478 满速独占/计划标记/LF196	通过	逐LF满速标记
校验报告.md:1479 契约/端口身份/LF196	通过	结构、证据边界文字核对
校验报告.md:1480 端口速率/记录/LF196	通过	端口速率独立复算
校验报告.md:1481 契约/实际速率/LF196	通过	结构、证据边界文字核对
校验报告.md:1482 契约/运输占位/LF196	通过	结构、证据边界文字核对
校验报告.md:1483 契约/送料身份/LF197	通过	结构、证据边界文字核对
校验报告.md:1484 契约/送料引用/LF197	通过	结构、证据边界文字核对
校验报告.md:1485 满速独占/计划标记/LF197	通过	逐LF满速标记
校验报告.md:1486 契约/端口身份/LF197	通过	结构、证据边界文字核对
校验报告.md:1487 端口速率/记录/LF197	通过	端口速率独立复算
校验报告.md:1488 契约/实际速率/LF197	通过	结构、证据边界文字核对
校验报告.md:1489 契约/运输占位/LF197	通过	结构、证据边界文字核对
校验报告.md:1490 契约/送料身份/LF198	通过	结构、证据边界文字核对
校验报告.md:1491 契约/送料引用/LF198	通过	结构、证据边界文字核对
校验报告.md:1492 满速独占/计划标记/LF198	通过	逐LF满速标记
校验报告.md:1493 契约/端口身份/LF198	通过	结构、证据边界文字核对
校验报告.md:1494 端口速率/记录/LF198	通过	端口速率独立复算
校验报告.md:1495 契约/实际速率/LF198	通过	结构、证据边界文字核对
校验报告.md:1496 契约/运输占位/LF198	通过	结构、证据边界文字核对
校验报告.md:1497 契约/送料身份/LF199	通过	结构、证据边界文字核对
校验报告.md:1498 契约/送料引用/LF199	通过	结构、证据边界文字核对
校验报告.md:1499 满速独占/计划标记/LF199	通过	逐LF满速标记
校验报告.md:1500 契约/端口身份/LF199	通过	结构、证据边界文字核对
校验报告.md:1501 端口速率/记录/LF199	通过	端口速率独立复算
校验报告.md:1502 契约/实际速率/LF199	通过	结构、证据边界文字核对
校验报告.md:1503 契约/运输占位/LF199	通过	结构、证据边界文字核对
校验报告.md:1504 契约/送料身份/LF200	通过	结构、证据边界文字核对
校验报告.md:1505 契约/送料引用/LF200	通过	结构、证据边界文字核对
校验报告.md:1506 满速独占/计划标记/LF200	通过	逐LF满速标记
校验报告.md:1507 契约/端口身份/LF200	通过	结构、证据边界文字核对
校验报告.md:1508 端口速率/记录/LF200	通过	端口速率独立复算
校验报告.md:1509 契约/实际速率/LF200	通过	结构、证据边界文字核对
校验报告.md:1510 契约/运输占位/LF200	通过	结构、证据边界文字核对
校验报告.md:1511 契约/送料身份/LF201	通过	结构、证据边界文字核对
校验报告.md:1512 契约/送料引用/LF201	通过	结构、证据边界文字核对
校验报告.md:1513 满速独占/计划标记/LF201	通过	逐LF满速标记
校验报告.md:1514 契约/端口身份/LF201	通过	结构、证据边界文字核对
校验报告.md:1515 端口速率/记录/LF201	通过	端口速率独立复算
校验报告.md:1516 契约/实际速率/LF201	通过	结构、证据边界文字核对
校验报告.md:1517 契约/运输占位/LF201	通过	结构、证据边界文字核对
校验报告.md:1518 契约/送料身份/LF202	通过	结构、证据边界文字核对
校验报告.md:1519 契约/送料引用/LF202	通过	结构、证据边界文字核对
校验报告.md:1520 满速独占/计划标记/LF202	通过	逐LF满速标记
校验报告.md:1521 契约/端口身份/LF202	通过	结构、证据边界文字核对
校验报告.md:1522 端口速率/记录/LF202	通过	端口速率独立复算
校验报告.md:1523 契约/实际速率/LF202	通过	结构、证据边界文字核对
校验报告.md:1524 契约/运输占位/LF202	通过	结构、证据边界文字核对
校验报告.md:1525 契约/送料身份/LF203	通过	结构、证据边界文字核对
校验报告.md:1526 契约/送料引用/LF203	通过	结构、证据边界文字核对
校验报告.md:1527 满速独占/计划标记/LF203	通过	逐LF满速标记
校验报告.md:1528 契约/端口身份/LF203	通过	结构、证据边界文字核对
校验报告.md:1529 端口速率/记录/LF203	通过	端口速率独立复算
校验报告.md:1530 契约/实际速率/LF203	通过	结构、证据边界文字核对
校验报告.md:1531 契约/运输占位/LF203	通过	结构、证据边界文字核对
校验报告.md:1532 契约/送料身份/LF204	通过	结构、证据边界文字核对
校验报告.md:1533 契约/送料引用/LF204	通过	结构、证据边界文字核对
校验报告.md:1534 满速独占/计划标记/LF204	通过	逐LF满速标记
校验报告.md:1535 契约/端口身份/LF204	通过	结构、证据边界文字核对
校验报告.md:1536 端口速率/记录/LF204	通过	端口速率独立复算
校验报告.md:1537 契约/实际速率/LF204	通过	结构、证据边界文字核对
校验报告.md:1538 契约/运输占位/LF204	通过	结构、证据边界文字核对
校验报告.md:1539 契约/送料身份/LF205	通过	结构、证据边界文字核对
校验报告.md:1540 契约/送料引用/LF205	通过	结构、证据边界文字核对
校验报告.md:1541 满速独占/计划标记/LF205	通过	逐LF满速标记
校验报告.md:1542 契约/端口身份/LF205	通过	结构、证据边界文字核对
校验报告.md:1543 端口速率/记录/LF205	通过	端口速率独立复算
校验报告.md:1544 契约/实际速率/LF205	通过	结构、证据边界文字核对
校验报告.md:1545 契约/运输占位/LF205	通过	结构、证据边界文字核对
校验报告.md:1546 契约/送料身份/LF206	通过	结构、证据边界文字核对
校验报告.md:1547 契约/送料引用/LF206	通过	结构、证据边界文字核对
校验报告.md:1548 满速独占/计划标记/LF206	通过	逐LF满速标记
校验报告.md:1549 契约/端口身份/LF206	通过	结构、证据边界文字核对
校验报告.md:1550 端口速率/记录/LF206	通过	端口速率独立复算
校验报告.md:1551 契约/实际速率/LF206	通过	结构、证据边界文字核对
校验报告.md:1552 契约/运输占位/LF206	通过	结构、证据边界文字核对
校验报告.md:1553 契约/送料身份/LF207	通过	结构、证据边界文字核对
校验报告.md:1554 契约/送料引用/LF207	通过	结构、证据边界文字核对
校验报告.md:1555 满速独占/计划标记/LF207	通过	逐LF满速标记
校验报告.md:1556 契约/端口身份/LF207	通过	结构、证据边界文字核对
校验报告.md:1557 端口速率/记录/LF207	通过	端口速率独立复算
校验报告.md:1558 契约/实际速率/LF207	通过	结构、证据边界文字核对
校验报告.md:1559 契约/运输占位/LF207	通过	结构、证据边界文字核对
校验报告.md:1560 契约/送料身份/LF208	通过	结构、证据边界文字核对
校验报告.md:1561 契约/送料引用/LF208	通过	结构、证据边界文字核对
校验报告.md:1562 满速独占/计划标记/LF208	通过	逐LF满速标记
校验报告.md:1563 契约/端口身份/LF208	通过	结构、证据边界文字核对
校验报告.md:1564 端口速率/记录/LF208	通过	端口速率独立复算
校验报告.md:1565 契约/实际速率/LF208	通过	结构、证据边界文字核对
校验报告.md:1566 契约/运输占位/LF208	通过	结构、证据边界文字核对
校验报告.md:1567 契约/送料身份/LF209	通过	结构、证据边界文字核对
校验报告.md:1568 契约/送料引用/LF209	通过	结构、证据边界文字核对
校验报告.md:1569 满速独占/计划标记/LF209	通过	逐LF满速标记
校验报告.md:1570 契约/端口身份/LF209	通过	结构、证据边界文字核对
校验报告.md:1571 端口速率/记录/LF209	通过	端口速率独立复算
校验报告.md:1572 契约/实际速率/LF209	通过	结构、证据边界文字核对
校验报告.md:1573 契约/运输占位/LF209	通过	结构、证据边界文字核对
校验报告.md:1574 契约/送料身份/LF210	通过	结构、证据边界文字核对
校验报告.md:1575 契约/送料引用/LF210	通过	结构、证据边界文字核对
校验报告.md:1576 满速独占/计划标记/LF210	通过	逐LF满速标记
校验报告.md:1577 契约/端口身份/LF210	通过	结构、证据边界文字核对
校验报告.md:1578 端口速率/记录/LF210	通过	端口速率独立复算
校验报告.md:1579 契约/实际速率/LF210	通过	结构、证据边界文字核对
校验报告.md:1580 契约/运输占位/LF210	通过	结构、证据边界文字核对
校验报告.md:1581 契约/送料身份/LF211	通过	结构、证据边界文字核对
校验报告.md:1582 契约/送料引用/LF211	通过	结构、证据边界文字核对
校验报告.md:1583 满速独占/计划标记/LF211	通过	逐LF满速标记
校验报告.md:1584 契约/端口身份/LF211	通过	结构、证据边界文字核对
校验报告.md:1585 端口速率/记录/LF211	通过	端口速率独立复算
校验报告.md:1586 契约/实际速率/LF211	通过	结构、证据边界文字核对
校验报告.md:1587 契约/运输占位/LF211	通过	结构、证据边界文字核对
校验报告.md:1588 契约/送料身份/LF212	通过	结构、证据边界文字核对
校验报告.md:1589 契约/送料引用/LF212	通过	结构、证据边界文字核对
校验报告.md:1590 满速独占/计划标记/LF212	通过	逐LF满速标记
校验报告.md:1591 契约/端口身份/LF212	通过	结构、证据边界文字核对
校验报告.md:1592 端口速率/记录/LF212	通过	端口速率独立复算
校验报告.md:1593 契约/实际速率/LF212	通过	结构、证据边界文字核对
校验报告.md:1594 契约/运输占位/LF212	通过	结构、证据边界文字核对
校验报告.md:1595 契约/送料身份/LF213	通过	结构、证据边界文字核对
校验报告.md:1596 契约/送料引用/LF213	通过	结构、证据边界文字核对
校验报告.md:1597 满速独占/计划标记/LF213	通过	逐LF满速标记
校验报告.md:1598 契约/端口身份/LF213	通过	结构、证据边界文字核对
校验报告.md:1599 端口速率/记录/LF213	通过	端口速率独立复算
校验报告.md:1600 契约/实际速率/LF213	通过	结构、证据边界文字核对
校验报告.md:1601 契约/运输占位/LF213	通过	结构、证据边界文字核对
校验报告.md:1602 契约/送料身份/LF214	通过	结构、证据边界文字核对
校验报告.md:1603 契约/送料引用/LF214	通过	结构、证据边界文字核对
校验报告.md:1604 满速独占/计划标记/LF214	通过	逐LF满速标记
校验报告.md:1605 契约/端口身份/LF214	通过	结构、证据边界文字核对
校验报告.md:1606 端口速率/记录/LF214	通过	端口速率独立复算
校验报告.md:1607 契约/实际速率/LF214	通过	结构、证据边界文字核对
校验报告.md:1608 契约/运输占位/LF214	通过	结构、证据边界文字核对
校验报告.md:1609 契约/送料身份/LF215	通过	结构、证据边界文字核对
校验报告.md:1610 契约/送料引用/LF215	通过	结构、证据边界文字核对
校验报告.md:1611 满速独占/计划标记/LF215	通过	逐LF满速标记
校验报告.md:1612 契约/端口身份/LF215	通过	结构、证据边界文字核对
校验报告.md:1613 端口速率/记录/LF215	通过	端口速率独立复算
校验报告.md:1614 契约/实际速率/LF215	通过	结构、证据边界文字核对
校验报告.md:1615 契约/运输占位/LF215	通过	结构、证据边界文字核对
校验报告.md:1616 契约/送料身份/LF216	通过	结构、证据边界文字核对
校验报告.md:1617 契约/送料引用/LF216	通过	结构、证据边界文字核对
校验报告.md:1618 满速独占/计划标记/LF216	通过	逐LF满速标记
校验报告.md:1619 契约/端口身份/LF216	通过	结构、证据边界文字核对
校验报告.md:1620 端口速率/记录/LF216	通过	端口速率独立复算
校验报告.md:1621 契约/实际速率/LF216	通过	结构、证据边界文字核对
校验报告.md:1622 契约/运输占位/LF216	通过	结构、证据边界文字核对
校验报告.md:1623 契约/送料身份/LF217	通过	结构、证据边界文字核对
校验报告.md:1624 契约/送料引用/LF217	通过	结构、证据边界文字核对
校验报告.md:1625 满速独占/计划标记/LF217	通过	逐LF满速标记
校验报告.md:1626 契约/端口身份/LF217	通过	结构、证据边界文字核对
校验报告.md:1627 端口速率/记录/LF217	通过	端口速率独立复算
校验报告.md:1628 契约/实际速率/LF217	通过	结构、证据边界文字核对
校验报告.md:1629 契约/运输占位/LF217	通过	结构、证据边界文字核对
校验报告.md:1630 契约/送料身份/LF218	通过	结构、证据边界文字核对
校验报告.md:1631 契约/送料引用/LF218	通过	结构、证据边界文字核对
校验报告.md:1632 满速独占/计划标记/LF218	通过	逐LF满速标记
校验报告.md:1633 契约/端口身份/LF218	通过	结构、证据边界文字核对
校验报告.md:1634 端口速率/记录/LF218	通过	端口速率独立复算
校验报告.md:1635 契约/实际速率/LF218	通过	结构、证据边界文字核对
校验报告.md:1636 契约/运输占位/LF218	通过	结构、证据边界文字核对
校验报告.md:1637 契约/送料身份/LF219	通过	结构、证据边界文字核对
校验报告.md:1638 契约/送料引用/LF219	通过	结构、证据边界文字核对
校验报告.md:1639 满速独占/计划标记/LF219	通过	逐LF满速标记
校验报告.md:1640 契约/端口身份/LF219	通过	结构、证据边界文字核对
校验报告.md:1641 端口速率/记录/LF219	通过	端口速率独立复算
校验报告.md:1642 契约/实际速率/LF219	通过	结构、证据边界文字核对
校验报告.md:1643 契约/运输占位/LF219	通过	结构、证据边界文字核对
校验报告.md:1644 契约/送料身份/LF220	通过	结构、证据边界文字核对
校验报告.md:1645 契约/送料引用/LF220	通过	结构、证据边界文字核对
校验报告.md:1646 满速独占/计划标记/LF220	通过	逐LF满速标记
校验报告.md:1647 契约/端口身份/LF220	通过	结构、证据边界文字核对
校验报告.md:1648 端口速率/记录/LF220	通过	端口速率独立复算
校验报告.md:1649 契约/实际速率/LF220	通过	结构、证据边界文字核对
校验报告.md:1650 契约/运输占位/LF220	通过	结构、证据边界文字核对
校验报告.md:1651 契约/送料身份/LF221	通过	结构、证据边界文字核对
校验报告.md:1652 契约/送料引用/LF221	通过	结构、证据边界文字核对
校验报告.md:1653 满速独占/计划标记/LF221	通过	逐LF满速标记
校验报告.md:1654 契约/端口身份/LF221	通过	结构、证据边界文字核对
校验报告.md:1655 端口速率/记录/LF221	通过	端口速率独立复算
校验报告.md:1656 契约/实际速率/LF221	通过	结构、证据边界文字核对
校验报告.md:1657 契约/运输占位/LF221	通过	结构、证据边界文字核对
校验报告.md:1658 契约/送料身份/LF222	通过	结构、证据边界文字核对
校验报告.md:1659 契约/送料引用/LF222	通过	结构、证据边界文字核对
校验报告.md:1660 满速独占/计划标记/LF222	通过	逐LF满速标记
校验报告.md:1661 契约/端口身份/LF222	通过	结构、证据边界文字核对
校验报告.md:1662 端口速率/记录/LF222	通过	端口速率独立复算
校验报告.md:1663 契约/实际速率/LF222	通过	结构、证据边界文字核对
校验报告.md:1664 契约/运输占位/LF222	通过	结构、证据边界文字核对
校验报告.md:1665 契约/送料身份/LF223	通过	结构、证据边界文字核对
校验报告.md:1666 契约/送料引用/LF223	通过	结构、证据边界文字核对
校验报告.md:1667 满速独占/计划标记/LF223	通过	逐LF满速标记
校验报告.md:1668 契约/端口身份/LF223	通过	结构、证据边界文字核对
校验报告.md:1669 端口速率/记录/LF223	通过	端口速率独立复算
校验报告.md:1670 契约/实际速率/LF223	通过	结构、证据边界文字核对
校验报告.md:1671 契约/运输占位/LF223	通过	结构、证据边界文字核对
校验报告.md:1672 契约/送料身份/LF224	通过	结构、证据边界文字核对
校验报告.md:1673 契约/送料引用/LF224	通过	结构、证据边界文字核对
校验报告.md:1674 满速独占/计划标记/LF224	通过	逐LF满速标记
校验报告.md:1675 契约/端口身份/LF224	通过	结构、证据边界文字核对
校验报告.md:1676 端口速率/记录/LF224	通过	端口速率独立复算
校验报告.md:1677 契约/实际速率/LF224	通过	结构、证据边界文字核对
校验报告.md:1678 契约/运输占位/LF224	通过	结构、证据边界文字核对
校验报告.md:1679 契约/送料身份/LF225	通过	结构、证据边界文字核对
校验报告.md:1680 契约/送料引用/LF225	通过	结构、证据边界文字核对
校验报告.md:1681 满速独占/计划标记/LF225	通过	逐LF满速标记
校验报告.md:1682 契约/端口身份/LF225	通过	结构、证据边界文字核对
校验报告.md:1683 端口速率/记录/LF225	通过	端口速率独立复算
校验报告.md:1684 契约/实际速率/LF225	通过	结构、证据边界文字核对
校验报告.md:1685 契约/运输占位/LF225	通过	结构、证据边界文字核对
校验报告.md:1686 契约/送料身份/LF226	通过	结构、证据边界文字核对
校验报告.md:1687 契约/送料引用/LF226	通过	结构、证据边界文字核对
校验报告.md:1688 满速独占/计划标记/LF226	通过	逐LF满速标记
校验报告.md:1689 契约/端口身份/LF226	通过	结构、证据边界文字核对
校验报告.md:1690 端口速率/记录/LF226	通过	端口速率独立复算
校验报告.md:1691 契约/实际速率/LF226	通过	结构、证据边界文字核对
校验报告.md:1692 契约/运输占位/LF226	通过	结构、证据边界文字核对
校验报告.md:1693 契约/送料身份/LF227	通过	结构、证据边界文字核对
校验报告.md:1694 契约/送料引用/LF227	通过	结构、证据边界文字核对
校验报告.md:1695 满速独占/计划标记/LF227	通过	逐LF满速标记
校验报告.md:1696 契约/端口身份/LF227	通过	结构、证据边界文字核对
校验报告.md:1697 端口速率/记录/LF227	通过	端口速率独立复算
校验报告.md:1698 契约/实际速率/LF227	通过	结构、证据边界文字核对
校验报告.md:1699 契约/运输占位/LF227	通过	结构、证据边界文字核对
校验报告.md:1700 契约/送料身份/LF228	通过	结构、证据边界文字核对
校验报告.md:1701 契约/送料引用/LF228	通过	结构、证据边界文字核对
校验报告.md:1702 满速独占/计划标记/LF228	通过	逐LF满速标记
校验报告.md:1703 契约/端口身份/LF228	通过	结构、证据边界文字核对
校验报告.md:1704 端口速率/记录/LF228	通过	端口速率独立复算
校验报告.md:1705 契约/实际速率/LF228	通过	结构、证据边界文字核对
校验报告.md:1706 契约/运输占位/LF228	通过	结构、证据边界文字核对
校验报告.md:1707 契约/送料身份/LF229	通过	结构、证据边界文字核对
校验报告.md:1708 契约/送料引用/LF229	通过	结构、证据边界文字核对
校验报告.md:1709 满速独占/计划标记/LF229	通过	逐LF满速标记
校验报告.md:1710 契约/端口身份/LF229	通过	结构、证据边界文字核对
校验报告.md:1711 端口速率/记录/LF229	通过	端口速率独立复算
校验报告.md:1712 契约/实际速率/LF229	通过	结构、证据边界文字核对
校验报告.md:1713 契约/运输占位/LF229	通过	结构、证据边界文字核对
校验报告.md:1714 契约/送料身份/LF230	通过	结构、证据边界文字核对
校验报告.md:1715 契约/送料引用/LF230	通过	结构、证据边界文字核对
校验报告.md:1716 满速独占/计划标记/LF230	通过	逐LF满速标记
校验报告.md:1717 契约/端口身份/LF230	通过	结构、证据边界文字核对
校验报告.md:1718 端口速率/记录/LF230	通过	端口速率独立复算
校验报告.md:1719 契约/实际速率/LF230	通过	结构、证据边界文字核对
校验报告.md:1720 契约/运输占位/LF230	通过	结构、证据边界文字核对
校验报告.md:1721 契约/送料身份/LF231	通过	结构、证据边界文字核对
校验报告.md:1722 契约/送料引用/LF231	通过	结构、证据边界文字核对
校验报告.md:1723 满速独占/计划标记/LF231	通过	逐LF满速标记
校验报告.md:1724 契约/端口身份/LF231	通过	结构、证据边界文字核对
校验报告.md:1725 端口速率/记录/LF231	通过	端口速率独立复算
校验报告.md:1726 契约/实际速率/LF231	通过	结构、证据边界文字核对
校验报告.md:1727 契约/运输占位/LF231	通过	结构、证据边界文字核对
校验报告.md:1728 契约/送料身份/LF232	通过	结构、证据边界文字核对
校验报告.md:1729 契约/送料引用/LF232	通过	结构、证据边界文字核对
校验报告.md:1730 满速独占/计划标记/LF232	通过	逐LF满速标记
校验报告.md:1731 契约/端口身份/LF232	通过	结构、证据边界文字核对
校验报告.md:1732 端口速率/记录/LF232	通过	端口速率独立复算
校验报告.md:1733 契约/实际速率/LF232	通过	结构、证据边界文字核对
校验报告.md:1734 契约/运输占位/LF232	通过	结构、证据边界文字核对
校验报告.md:1735 契约/送料身份/LF233	通过	结构、证据边界文字核对
校验报告.md:1736 契约/送料引用/LF233	通过	结构、证据边界文字核对
校验报告.md:1737 满速独占/计划标记/LF233	通过	逐LF满速标记
校验报告.md:1738 契约/端口身份/LF233	通过	结构、证据边界文字核对
校验报告.md:1739 端口速率/记录/LF233	通过	端口速率独立复算
校验报告.md:1740 契约/实际速率/LF233	通过	结构、证据边界文字核对
校验报告.md:1741 契约/运输占位/LF233	通过	结构、证据边界文字核对
校验报告.md:1742 契约/送料身份/LF234	通过	结构、证据边界文字核对
校验报告.md:1743 契约/送料引用/LF234	通过	结构、证据边界文字核对
校验报告.md:1744 满速独占/计划标记/LF234	通过	逐LF满速标记
校验报告.md:1745 契约/端口身份/LF234	通过	结构、证据边界文字核对
校验报告.md:1746 端口速率/记录/LF234	通过	端口速率独立复算
校验报告.md:1747 契约/实际速率/LF234	通过	结构、证据边界文字核对
校验报告.md:1748 契约/运输占位/LF234	通过	结构、证据边界文字核对
校验报告.md:1749 契约/送料身份/LF235	通过	结构、证据边界文字核对
校验报告.md:1750 契约/送料引用/LF235	通过	结构、证据边界文字核对
校验报告.md:1751 满速独占/计划标记/LF235	通过	逐LF满速标记
校验报告.md:1752 契约/端口身份/LF235	通过	结构、证据边界文字核对
校验报告.md:1753 端口速率/记录/LF235	通过	端口速率独立复算
校验报告.md:1754 契约/实际速率/LF235	通过	结构、证据边界文字核对
校验报告.md:1755 契约/运输占位/LF235	通过	结构、证据边界文字核对
校验报告.md:1756 契约/送料身份/LF236	通过	结构、证据边界文字核对
校验报告.md:1757 契约/送料引用/LF236	通过	结构、证据边界文字核对
校验报告.md:1758 满速独占/计划标记/LF236	通过	逐LF满速标记
校验报告.md:1759 契约/端口身份/LF236	通过	结构、证据边界文字核对
校验报告.md:1760 端口速率/记录/LF236	通过	端口速率独立复算
校验报告.md:1761 契约/实际速率/LF236	通过	结构、证据边界文字核对
校验报告.md:1762 契约/运输占位/LF236	通过	结构、证据边界文字核对
校验报告.md:1763 契约/送料身份/LF237	通过	结构、证据边界文字核对
校验报告.md:1764 契约/送料引用/LF237	通过	结构、证据边界文字核对
校验报告.md:1765 满速独占/计划标记/LF237	通过	逐LF满速标记
校验报告.md:1766 契约/端口身份/LF237	通过	结构、证据边界文字核对
校验报告.md:1767 端口速率/记录/LF237	通过	端口速率独立复算
校验报告.md:1768 契约/实际速率/LF237	通过	结构、证据边界文字核对
校验报告.md:1769 契约/运输占位/LF237	通过	结构、证据边界文字核对
校验报告.md:1770 契约/送料身份/LF238	通过	结构、证据边界文字核对
校验报告.md:1771 契约/送料引用/LF238	通过	结构、证据边界文字核对
校验报告.md:1772 满速独占/计划标记/LF238	通过	逐LF满速标记
校验报告.md:1773 契约/端口身份/LF238	通过	结构、证据边界文字核对
校验报告.md:1774 端口速率/记录/LF238	通过	端口速率独立复算
校验报告.md:1775 契约/实际速率/LF238	通过	结构、证据边界文字核对
校验报告.md:1776 契约/运输占位/LF238	通过	结构、证据边界文字核对
校验报告.md:1777 契约/送料身份/LF239	通过	结构、证据边界文字核对
校验报告.md:1778 契约/送料引用/LF239	通过	结构、证据边界文字核对
校验报告.md:1779 满速独占/计划标记/LF239	通过	逐LF满速标记
校验报告.md:1780 契约/端口身份/LF239	通过	结构、证据边界文字核对
校验报告.md:1781 端口速率/记录/LF239	通过	端口速率独立复算
校验报告.md:1782 契约/实际速率/LF239	通过	结构、证据边界文字核对
校验报告.md:1783 契约/运输占位/LF239	通过	结构、证据边界文字核对
校验报告.md:1784 契约/送料身份/LF240	通过	结构、证据边界文字核对
校验报告.md:1785 契约/送料引用/LF240	通过	结构、证据边界文字核对
校验报告.md:1786 满速独占/计划标记/LF240	通过	逐LF满速标记
校验报告.md:1787 契约/端口身份/LF240	通过	结构、证据边界文字核对
校验报告.md:1788 端口速率/记录/LF240	通过	端口速率独立复算
校验报告.md:1789 契约/实际速率/LF240	通过	结构、证据边界文字核对
校验报告.md:1790 契约/运输占位/LF240	通过	结构、证据边界文字核对
校验报告.md:1791 契约/送料身份/LF241	通过	结构、证据边界文字核对
校验报告.md:1792 契约/送料引用/LF241	通过	结构、证据边界文字核对
校验报告.md:1793 满速独占/计划标记/LF241	通过	逐LF满速标记
校验报告.md:1794 契约/端口身份/LF241	通过	结构、证据边界文字核对
校验报告.md:1795 端口速率/记录/LF241	通过	端口速率独立复算
校验报告.md:1796 契约/实际速率/LF241	通过	结构、证据边界文字核对
校验报告.md:1797 契约/运输占位/LF241	通过	结构、证据边界文字核对
校验报告.md:1798 契约/送料身份/LF242	通过	结构、证据边界文字核对
校验报告.md:1799 契约/送料引用/LF242	通过	结构、证据边界文字核对
校验报告.md:1800 满速独占/计划标记/LF242	通过	逐LF满速标记
校验报告.md:1801 契约/端口身份/LF242	通过	结构、证据边界文字核对
校验报告.md:1802 端口速率/记录/LF242	通过	端口速率独立复算
校验报告.md:1803 契约/实际速率/LF242	通过	结构、证据边界文字核对
校验报告.md:1804 契约/运输占位/LF242	通过	结构、证据边界文字核对
校验报告.md:1805 契约/送料身份/LF243	通过	结构、证据边界文字核对
校验报告.md:1806 契约/送料引用/LF243	通过	结构、证据边界文字核对
校验报告.md:1807 满速独占/计划标记/LF243	通过	逐LF满速标记
校验报告.md:1808 契约/端口身份/LF243	通过	结构、证据边界文字核对
校验报告.md:1809 端口速率/记录/LF243	通过	端口速率独立复算
校验报告.md:1810 契约/实际速率/LF243	通过	结构、证据边界文字核对
校验报告.md:1811 契约/运输占位/LF243	通过	结构、证据边界文字核对
校验报告.md:1812 契约/送料身份/LF244	通过	结构、证据边界文字核对
校验报告.md:1813 契约/送料引用/LF244	通过	结构、证据边界文字核对
校验报告.md:1814 满速独占/计划标记/LF244	通过	逐LF满速标记
校验报告.md:1815 契约/端口身份/LF244	通过	结构、证据边界文字核对
校验报告.md:1816 端口速率/记录/LF244	通过	端口速率独立复算
校验报告.md:1817 契约/实际速率/LF244	通过	结构、证据边界文字核对
校验报告.md:1818 契约/运输占位/LF244	通过	结构、证据边界文字核对
校验报告.md:1819 契约/送料身份/LF245	通过	结构、证据边界文字核对
校验报告.md:1820 契约/送料引用/LF245	通过	结构、证据边界文字核对
校验报告.md:1821 满速独占/计划标记/LF245	通过	逐LF满速标记
校验报告.md:1822 契约/端口身份/LF245	通过	结构、证据边界文字核对
校验报告.md:1823 端口速率/记录/LF245	通过	端口速率独立复算
校验报告.md:1824 契约/实际速率/LF245	通过	结构、证据边界文字核对
校验报告.md:1825 契约/运输占位/LF245	通过	结构、证据边界文字核对
校验报告.md:1826 契约/送料身份/LF246	通过	结构、证据边界文字核对
校验报告.md:1827 契约/送料引用/LF246	通过	结构、证据边界文字核对
校验报告.md:1828 满速独占/计划标记/LF246	通过	逐LF满速标记
校验报告.md:1829 契约/端口身份/LF246	通过	结构、证据边界文字核对
校验报告.md:1830 端口速率/记录/LF246	通过	端口速率独立复算
校验报告.md:1831 契约/实际速率/LF246	通过	结构、证据边界文字核对
校验报告.md:1832 契约/运输占位/LF246	通过	结构、证据边界文字核对
校验报告.md:1833 契约/送料身份/LF247	通过	结构、证据边界文字核对
校验报告.md:1834 契约/送料引用/LF247	通过	结构、证据边界文字核对
校验报告.md:1835 满速独占/计划标记/LF247	通过	逐LF满速标记
校验报告.md:1836 契约/端口身份/LF247	通过	结构、证据边界文字核对
校验报告.md:1837 端口速率/记录/LF247	通过	端口速率独立复算
校验报告.md:1838 契约/实际速率/LF247	通过	结构、证据边界文字核对
校验报告.md:1839 契约/运输占位/LF247	通过	结构、证据边界文字核对
校验报告.md:1840 契约/送料身份/LF248	通过	结构、证据边界文字核对
校验报告.md:1841 契约/送料引用/LF248	通过	结构、证据边界文字核对
校验报告.md:1842 满速独占/计划标记/LF248	通过	逐LF满速标记
校验报告.md:1843 契约/端口身份/LF248	通过	结构、证据边界文字核对
校验报告.md:1844 端口速率/记录/LF248	通过	端口速率独立复算
校验报告.md:1845 契约/实际速率/LF248	通过	结构、证据边界文字核对
校验报告.md:1846 契约/运输占位/LF248	通过	结构、证据边界文字核对
校验报告.md:1847 契约/送料身份/LF249	通过	结构、证据边界文字核对
校验报告.md:1848 契约/送料引用/LF249	通过	结构、证据边界文字核对
校验报告.md:1849 满速独占/计划标记/LF249	通过	逐LF满速标记
校验报告.md:1850 契约/端口身份/LF249	通过	结构、证据边界文字核对
校验报告.md:1851 端口速率/记录/LF249	通过	端口速率独立复算
校验报告.md:1852 契约/实际速率/LF249	通过	结构、证据边界文字核对
校验报告.md:1853 契约/运输占位/LF249	通过	结构、证据边界文字核对
校验报告.md:1854 契约/送料身份/LF250	通过	结构、证据边界文字核对
校验报告.md:1855 契约/送料引用/LF250	通过	结构、证据边界文字核对
校验报告.md:1856 满速独占/计划标记/LF250	通过	逐LF满速标记
校验报告.md:1857 契约/端口身份/LF250	通过	结构、证据边界文字核对
校验报告.md:1858 端口速率/记录/LF250	通过	端口速率独立复算
校验报告.md:1859 契约/实际速率/LF250	通过	结构、证据边界文字核对
校验报告.md:1860 契约/运输占位/LF250	通过	结构、证据边界文字核对
校验报告.md:1861 契约/送料身份/LF251	通过	结构、证据边界文字核对
校验报告.md:1862 契约/送料引用/LF251	通过	结构、证据边界文字核对
校验报告.md:1863 满速独占/计划标记/LF251	通过	逐LF满速标记
校验报告.md:1864 契约/端口身份/LF251	通过	结构、证据边界文字核对
校验报告.md:1865 端口速率/记录/LF251	通过	端口速率独立复算
校验报告.md:1866 契约/实际速率/LF251	通过	结构、证据边界文字核对
校验报告.md:1867 契约/运输占位/LF251	通过	结构、证据边界文字核对
校验报告.md:1868 契约/送料身份/LF252	通过	结构、证据边界文字核对
校验报告.md:1869 契约/送料引用/LF252	通过	结构、证据边界文字核对
校验报告.md:1870 满速独占/计划标记/LF252	通过	逐LF满速标记
校验报告.md:1871 契约/端口身份/LF252	通过	结构、证据边界文字核对
校验报告.md:1872 端口速率/记录/LF252	通过	端口速率独立复算
校验报告.md:1873 契约/实际速率/LF252	通过	结构、证据边界文字核对
校验报告.md:1874 契约/运输占位/LF252	通过	结构、证据边界文字核对
校验报告.md:1875 契约/送料身份/LF253	通过	结构、证据边界文字核对
校验报告.md:1876 契约/送料引用/LF253	通过	结构、证据边界文字核对
校验报告.md:1877 满速独占/计划标记/LF253	通过	逐LF满速标记
校验报告.md:1878 契约/端口身份/LF253	通过	结构、证据边界文字核对
校验报告.md:1879 端口速率/记录/LF253	通过	端口速率独立复算
校验报告.md:1880 契约/实际速率/LF253	通过	结构、证据边界文字核对
校验报告.md:1881 契约/运输占位/LF253	通过	结构、证据边界文字核对
校验报告.md:1882 契约/送料身份/LF254	通过	结构、证据边界文字核对
校验报告.md:1883 契约/送料引用/LF254	通过	结构、证据边界文字核对
校验报告.md:1884 满速独占/计划标记/LF254	通过	逐LF满速标记
校验报告.md:1885 契约/端口身份/LF254	通过	结构、证据边界文字核对
校验报告.md:1886 端口速率/记录/LF254	通过	端口速率独立复算
校验报告.md:1887 契约/实际速率/LF254	通过	结构、证据边界文字核对
校验报告.md:1888 契约/运输占位/LF254	通过	结构、证据边界文字核对
校验报告.md:1889 契约/送料身份/LF255	通过	结构、证据边界文字核对
校验报告.md:1890 契约/送料引用/LF255	通过	结构、证据边界文字核对
校验报告.md:1891 满速独占/计划标记/LF255	通过	逐LF满速标记
校验报告.md:1892 契约/端口身份/LF255	通过	结构、证据边界文字核对
校验报告.md:1893 端口速率/记录/LF255	通过	端口速率独立复算
校验报告.md:1894 契约/实际速率/LF255	通过	结构、证据边界文字核对
校验报告.md:1895 契约/运输占位/LF255	通过	结构、证据边界文字核对
校验报告.md:1896 契约/送料身份/LF256	通过	结构、证据边界文字核对
校验报告.md:1897 契约/送料引用/LF256	通过	结构、证据边界文字核对
校验报告.md:1898 满速独占/计划标记/LF256	通过	逐LF满速标记
校验报告.md:1899 契约/端口身份/LF256	通过	结构、证据边界文字核对
校验报告.md:1900 端口速率/记录/LF256	通过	端口速率独立复算
校验报告.md:1901 契约/实际速率/LF256	通过	结构、证据边界文字核对
校验报告.md:1902 契约/运输占位/LF256	通过	结构、证据边界文字核对
校验报告.md:1903 契约/送料身份/LF257	通过	结构、证据边界文字核对
校验报告.md:1904 契约/送料引用/LF257	通过	结构、证据边界文字核对
校验报告.md:1905 满速独占/计划标记/LF257	通过	逐LF满速标记
校验报告.md:1906 契约/端口身份/LF257	通过	结构、证据边界文字核对
校验报告.md:1907 端口速率/记录/LF257	通过	端口速率独立复算
校验报告.md:1908 契约/实际速率/LF257	通过	结构、证据边界文字核对
校验报告.md:1909 契约/运输占位/LF257	通过	结构、证据边界文字核对
校验报告.md:1910 契约/送料身份/LF258	通过	结构、证据边界文字核对
校验报告.md:1911 契约/送料引用/LF258	通过	结构、证据边界文字核对
校验报告.md:1912 满速独占/计划标记/LF258	通过	逐LF满速标记
校验报告.md:1913 契约/端口身份/LF258	通过	结构、证据边界文字核对
校验报告.md:1914 端口速率/记录/LF258	通过	端口速率独立复算
校验报告.md:1915 契约/实际速率/LF258	通过	结构、证据边界文字核对
校验报告.md:1916 契约/运输占位/LF258	通过	结构、证据边界文字核对
校验报告.md:1917 契约/送料身份/LF259	通过	结构、证据边界文字核对
校验报告.md:1918 契约/送料引用/LF259	通过	结构、证据边界文字核对
校验报告.md:1919 满速独占/计划标记/LF259	通过	逐LF满速标记
校验报告.md:1920 契约/端口身份/LF259	通过	结构、证据边界文字核对
校验报告.md:1921 端口速率/记录/LF259	通过	端口速率独立复算
校验报告.md:1922 契约/实际速率/LF259	通过	结构、证据边界文字核对
校验报告.md:1923 契约/运输占位/LF259	通过	结构、证据边界文字核对
校验报告.md:1924 契约/送料身份/LF260	通过	结构、证据边界文字核对
校验报告.md:1925 契约/送料引用/LF260	通过	结构、证据边界文字核对
校验报告.md:1926 满速独占/计划标记/LF260	通过	逐LF满速标记
校验报告.md:1927 契约/端口身份/LF260	通过	结构、证据边界文字核对
校验报告.md:1928 端口速率/记录/LF260	通过	端口速率独立复算
校验报告.md:1929 契约/实际速率/LF260	通过	结构、证据边界文字核对
校验报告.md:1930 契约/运输占位/LF260	通过	结构、证据边界文字核对
校验报告.md:1931 契约/送料身份/LF261	通过	结构、证据边界文字核对
校验报告.md:1932 契约/送料引用/LF261	通过	结构、证据边界文字核对
校验报告.md:1933 满速独占/计划标记/LF261	通过	逐LF满速标记
校验报告.md:1934 契约/端口身份/LF261	通过	结构、证据边界文字核对
校验报告.md:1935 端口速率/记录/LF261	通过	端口速率独立复算
校验报告.md:1936 契约/实际速率/LF261	通过	结构、证据边界文字核对
校验报告.md:1937 契约/运输占位/LF261	通过	结构、证据边界文字核对
校验报告.md:1938 契约/送料身份/LF262	通过	结构、证据边界文字核对
校验报告.md:1939 契约/送料引用/LF262	通过	结构、证据边界文字核对
校验报告.md:1940 满速独占/计划标记/LF262	通过	逐LF满速标记
校验报告.md:1941 契约/端口身份/LF262	通过	结构、证据边界文字核对
校验报告.md:1942 端口速率/记录/LF262	通过	端口速率独立复算
校验报告.md:1943 契约/实际速率/LF262	通过	结构、证据边界文字核对
校验报告.md:1944 契约/运输占位/LF262	通过	结构、证据边界文字核对
校验报告.md:1945 契约/送料身份/LF263	通过	结构、证据边界文字核对
校验报告.md:1946 契约/送料引用/LF263	通过	结构、证据边界文字核对
校验报告.md:1947 满速独占/计划标记/LF263	通过	逐LF满速标记
校验报告.md:1948 契约/端口身份/LF263	通过	结构、证据边界文字核对
校验报告.md:1949 端口速率/记录/LF263	通过	端口速率独立复算
校验报告.md:1950 契约/实际速率/LF263	通过	结构、证据边界文字核对
校验报告.md:1951 契约/运输占位/LF263	通过	结构、证据边界文字核对
校验报告.md:1952 契约/送料身份/LF264	通过	结构、证据边界文字核对
校验报告.md:1953 契约/送料引用/LF264	通过	结构、证据边界文字核对
校验报告.md:1954 满速独占/计划标记/LF264	通过	逐LF满速标记
校验报告.md:1955 契约/端口身份/LF264	通过	结构、证据边界文字核对
校验报告.md:1956 端口速率/记录/LF264	通过	端口速率独立复算
校验报告.md:1957 契约/实际速率/LF264	通过	结构、证据边界文字核对
校验报告.md:1958 契约/运输占位/LF264	通过	结构、证据边界文字核对
校验报告.md:1959 契约/送料身份/LF265	通过	结构、证据边界文字核对
校验报告.md:1960 契约/送料引用/LF265	通过	结构、证据边界文字核对
校验报告.md:1961 满速独占/计划标记/LF265	通过	逐LF满速标记
校验报告.md:1962 契约/端口身份/LF265	通过	结构、证据边界文字核对
校验报告.md:1963 端口速率/记录/LF265	通过	端口速率独立复算
校验报告.md:1964 契约/实际速率/LF265	通过	结构、证据边界文字核对
校验报告.md:1965 契约/运输占位/LF265	通过	结构、证据边界文字核对
校验报告.md:1966 契约/送料身份/LF266	通过	结构、证据边界文字核对
校验报告.md:1967 契约/送料引用/LF266	通过	结构、证据边界文字核对
校验报告.md:1968 满速独占/计划标记/LF266	通过	逐LF满速标记
校验报告.md:1969 契约/端口身份/LF266	通过	结构、证据边界文字核对
校验报告.md:1970 端口速率/记录/LF266	通过	端口速率独立复算
校验报告.md:1971 契约/实际速率/LF266	通过	结构、证据边界文字核对
校验报告.md:1972 契约/运输占位/LF266	通过	结构、证据边界文字核对
校验报告.md:1973 契约/送料身份/LF267	通过	结构、证据边界文字核对
校验报告.md:1974 契约/送料引用/LF267	通过	结构、证据边界文字核对
校验报告.md:1975 满速独占/计划标记/LF267	通过	逐LF满速标记
校验报告.md:1976 契约/端口身份/LF267	通过	结构、证据边界文字核对
校验报告.md:1977 端口速率/记录/LF267	通过	端口速率独立复算
校验报告.md:1978 契约/实际速率/LF267	通过	结构、证据边界文字核对
校验报告.md:1979 契约/运输占位/LF267	通过	结构、证据边界文字核对
校验报告.md:1980 契约/送料身份/LF268	通过	结构、证据边界文字核对
校验报告.md:1981 契约/送料引用/LF268	通过	结构、证据边界文字核对
校验报告.md:1982 满速独占/计划标记/LF268	通过	逐LF满速标记
校验报告.md:1983 契约/端口身份/LF268	通过	结构、证据边界文字核对
校验报告.md:1984 端口速率/记录/LF268	通过	端口速率独立复算
校验报告.md:1985 契约/实际速率/LF268	通过	结构、证据边界文字核对
校验报告.md:1986 契约/运输占位/LF268	通过	结构、证据边界文字核对
校验报告.md:1987 契约/送料身份/LF269	通过	结构、证据边界文字核对
校验报告.md:1988 契约/送料引用/LF269	通过	结构、证据边界文字核对
校验报告.md:1989 满速独占/计划标记/LF269	通过	逐LF满速标记
校验报告.md:1990 契约/端口身份/LF269	通过	结构、证据边界文字核对
校验报告.md:1991 端口速率/记录/LF269	通过	端口速率独立复算
校验报告.md:1992 契约/实际速率/LF269	通过	结构、证据边界文字核对
校验报告.md:1993 契约/运输占位/LF269	通过	结构、证据边界文字核对
校验报告.md:1994 契约/送料身份/LF270	通过	结构、证据边界文字核对
校验报告.md:1995 契约/送料引用/LF270	通过	结构、证据边界文字核对
校验报告.md:1996 满速独占/计划标记/LF270	通过	逐LF满速标记
校验报告.md:1997 契约/端口身份/LF270	通过	结构、证据边界文字核对
校验报告.md:1998 端口速率/记录/LF270	通过	端口速率独立复算
校验报告.md:1999 契约/实际速率/LF270	通过	结构、证据边界文字核对
校验报告.md:2000 契约/运输占位/LF270	通过	结构、证据边界文字核对
校验报告.md:2001 契约/送料身份/LF271	通过	结构、证据边界文字核对
校验报告.md:2002 契约/送料引用/LF271	通过	结构、证据边界文字核对
校验报告.md:2003 满速独占/计划标记/LF271	通过	逐LF满速标记
校验报告.md:2004 契约/端口身份/LF271	通过	结构、证据边界文字核对
校验报告.md:2005 端口速率/记录/LF271	通过	端口速率独立复算
校验报告.md:2006 契约/实际速率/LF271	通过	结构、证据边界文字核对
校验报告.md:2007 契约/运输占位/LF271	通过	结构、证据边界文字核对
校验报告.md:2008 契约/送料身份/LF272	通过	结构、证据边界文字核对
校验报告.md:2009 契约/送料引用/LF272	通过	结构、证据边界文字核对
校验报告.md:2010 满速独占/计划标记/LF272	通过	逐LF满速标记
校验报告.md:2011 契约/端口身份/LF272	通过	结构、证据边界文字核对
校验报告.md:2012 端口速率/记录/LF272	通过	端口速率独立复算
校验报告.md:2013 契约/实际速率/LF272	通过	结构、证据边界文字核对
校验报告.md:2014 契约/运输占位/LF272	通过	结构、证据边界文字核对
校验报告.md:2015 契约/送料身份/LF273	通过	结构、证据边界文字核对
校验报告.md:2016 契约/送料引用/LF273	通过	结构、证据边界文字核对
校验报告.md:2017 满速独占/计划标记/LF273	通过	逐LF满速标记
校验报告.md:2018 契约/端口身份/LF273	通过	结构、证据边界文字核对
校验报告.md:2019 端口速率/记录/LF273	通过	端口速率独立复算
校验报告.md:2020 契约/实际速率/LF273	通过	结构、证据边界文字核对
校验报告.md:2021 契约/运输占位/LF273	通过	结构、证据边界文字核对
校验报告.md:2022 契约/送料身份/LF274	通过	结构、证据边界文字核对
校验报告.md:2023 契约/送料引用/LF274	通过	结构、证据边界文字核对
校验报告.md:2024 满速独占/计划标记/LF274	通过	逐LF满速标记
校验报告.md:2025 契约/端口身份/LF274	通过	结构、证据边界文字核对
校验报告.md:2026 端口速率/记录/LF274	通过	端口速率独立复算
校验报告.md:2027 契约/实际速率/LF274	通过	结构、证据边界文字核对
校验报告.md:2028 契约/运输占位/LF274	通过	结构、证据边界文字核对
校验报告.md:2029 契约/送料身份/LF275	通过	结构、证据边界文字核对
校验报告.md:2030 契约/送料引用/LF275	通过	结构、证据边界文字核对
校验报告.md:2031 满速独占/计划标记/LF275	通过	逐LF满速标记
校验报告.md:2032 契约/端口身份/LF275	通过	结构、证据边界文字核对
校验报告.md:2033 端口速率/记录/LF275	通过	端口速率独立复算
校验报告.md:2034 契约/实际速率/LF275	通过	结构、证据边界文字核对
校验报告.md:2035 契约/运输占位/LF275	通过	结构、证据边界文字核对
校验报告.md:2036 契约/送料身份/LF276	通过	结构、证据边界文字核对
校验报告.md:2037 契约/送料引用/LF276	通过	结构、证据边界文字核对
校验报告.md:2038 满速独占/计划标记/LF276	通过	逐LF满速标记
校验报告.md:2039 契约/端口身份/LF276	通过	结构、证据边界文字核对
校验报告.md:2040 端口速率/记录/LF276	通过	端口速率独立复算
校验报告.md:2041 契约/实际速率/LF276	通过	结构、证据边界文字核对
校验报告.md:2042 契约/运输占位/LF276	通过	结构、证据边界文字核对
校验报告.md:2043 契约/送料身份/LF277	通过	结构、证据边界文字核对
校验报告.md:2044 契约/送料引用/LF277	通过	结构、证据边界文字核对
校验报告.md:2045 满速独占/计划标记/LF277	通过	逐LF满速标记
校验报告.md:2046 契约/端口身份/LF277	通过	结构、证据边界文字核对
校验报告.md:2047 端口速率/记录/LF277	通过	端口速率独立复算
校验报告.md:2048 契约/实际速率/LF277	通过	结构、证据边界文字核对
校验报告.md:2049 契约/运输占位/LF277	通过	结构、证据边界文字核对
校验报告.md:2050 契约/送料身份/LF278	通过	结构、证据边界文字核对
校验报告.md:2051 契约/送料引用/LF278	通过	结构、证据边界文字核对
校验报告.md:2052 满速独占/计划标记/LF278	通过	逐LF满速标记
校验报告.md:2053 契约/端口身份/LF278	通过	结构、证据边界文字核对
校验报告.md:2054 端口速率/记录/LF278	通过	端口速率独立复算
校验报告.md:2055 契约/实际速率/LF278	通过	结构、证据边界文字核对
校验报告.md:2056 契约/运输占位/LF278	通过	结构、证据边界文字核对
校验报告.md:2057 契约/送料身份/LF279	通过	结构、证据边界文字核对
校验报告.md:2058 契约/送料引用/LF279	通过	结构、证据边界文字核对
校验报告.md:2059 满速独占/计划标记/LF279	通过	逐LF满速标记
校验报告.md:2060 契约/端口身份/LF279	通过	结构、证据边界文字核对
校验报告.md:2061 端口速率/记录/LF279	通过	端口速率独立复算
校验报告.md:2062 契约/实际速率/LF279	通过	结构、证据边界文字核对
校验报告.md:2063 契约/运输占位/LF279	通过	结构、证据边界文字核对
校验报告.md:2064 契约/送料身份/LF280	通过	结构、证据边界文字核对
校验报告.md:2065 契约/送料引用/LF280	通过	结构、证据边界文字核对
校验报告.md:2066 满速独占/计划标记/LF280	通过	逐LF满速标记
校验报告.md:2067 契约/端口身份/LF280	通过	结构、证据边界文字核对
校验报告.md:2068 端口速率/记录/LF280	通过	端口速率独立复算
校验报告.md:2069 契约/实际速率/LF280	通过	结构、证据边界文字核对
校验报告.md:2070 契约/运输占位/LF280	通过	结构、证据边界文字核对
校验报告.md:2071 契约/送料身份/LF281	通过	结构、证据边界文字核对
校验报告.md:2072 契约/送料引用/LF281	通过	结构、证据边界文字核对
校验报告.md:2073 满速独占/计划标记/LF281	通过	逐LF满速标记
校验报告.md:2074 契约/端口身份/LF281	通过	结构、证据边界文字核对
校验报告.md:2075 端口速率/记录/LF281	通过	端口速率独立复算
校验报告.md:2076 契约/实际速率/LF281	通过	结构、证据边界文字核对
校验报告.md:2077 契约/运输占位/LF281	通过	结构、证据边界文字核对
校验报告.md:2078 契约/送料身份/LF282	通过	结构、证据边界文字核对
校验报告.md:2079 契约/送料引用/LF282	通过	结构、证据边界文字核对
校验报告.md:2080 满速独占/计划标记/LF282	通过	逐LF满速标记
校验报告.md:2081 契约/端口身份/LF282	通过	结构、证据边界文字核对
校验报告.md:2082 端口速率/记录/LF282	通过	端口速率独立复算
校验报告.md:2083 契约/实际速率/LF282	通过	结构、证据边界文字核对
校验报告.md:2084 契约/运输占位/LF282	通过	结构、证据边界文字核对
校验报告.md:2085 契约/送料身份/LF283	通过	结构、证据边界文字核对
校验报告.md:2086 契约/送料引用/LF283	通过	结构、证据边界文字核对
校验报告.md:2087 满速独占/计划标记/LF283	通过	逐LF满速标记
校验报告.md:2088 契约/端口身份/LF283	通过	结构、证据边界文字核对
校验报告.md:2089 端口速率/记录/LF283	通过	端口速率独立复算
校验报告.md:2090 契约/实际速率/LF283	通过	结构、证据边界文字核对
校验报告.md:2091 契约/运输占位/LF283	通过	结构、证据边界文字核对
校验报告.md:2092 契约/送料身份/LF284	通过	结构、证据边界文字核对
校验报告.md:2093 契约/送料引用/LF284	通过	结构、证据边界文字核对
校验报告.md:2094 满速独占/计划标记/LF284	通过	逐LF满速标记
校验报告.md:2095 契约/端口身份/LF284	通过	结构、证据边界文字核对
校验报告.md:2096 端口速率/记录/LF284	通过	端口速率独立复算
校验报告.md:2097 契约/实际速率/LF284	通过	结构、证据边界文字核对
校验报告.md:2098 契约/运输占位/LF284	通过	结构、证据边界文字核对
校验报告.md:2099 契约/送料身份/LF285	通过	结构、证据边界文字核对
校验报告.md:2100 契约/送料引用/LF285	通过	结构、证据边界文字核对
校验报告.md:2101 满速独占/计划标记/LF285	通过	逐LF满速标记
校验报告.md:2102 契约/端口身份/LF285	通过	结构、证据边界文字核对
校验报告.md:2103 端口速率/记录/LF285	通过	端口速率独立复算
校验报告.md:2104 契约/实际速率/LF285	通过	结构、证据边界文字核对
校验报告.md:2105 契约/运输占位/LF285	通过	结构、证据边界文字核对
校验报告.md:2106 契约/送料身份/LF286	通过	结构、证据边界文字核对
校验报告.md:2107 契约/送料引用/LF286	通过	结构、证据边界文字核对
校验报告.md:2108 满速独占/计划标记/LF286	通过	逐LF满速标记
校验报告.md:2109 契约/端口身份/LF286	通过	结构、证据边界文字核对
校验报告.md:2110 端口速率/记录/LF286	通过	端口速率独立复算
校验报告.md:2111 契约/实际速率/LF286	通过	结构、证据边界文字核对
校验报告.md:2112 契约/运输占位/LF286	通过	结构、证据边界文字核对
校验报告.md:2113 契约/送料身份/LF287	通过	结构、证据边界文字核对
校验报告.md:2114 契约/送料引用/LF287	通过	结构、证据边界文字核对
校验报告.md:2115 满速独占/计划标记/LF287	通过	逐LF满速标记
校验报告.md:2116 契约/端口身份/LF287	通过	结构、证据边界文字核对
校验报告.md:2117 端口速率/记录/LF287	通过	端口速率独立复算
校验报告.md:2118 契约/实际速率/LF287	通过	结构、证据边界文字核对
校验报告.md:2119 契约/运输占位/LF287	通过	结构、证据边界文字核对
校验报告.md:2120 契约/送料身份/LF288	通过	结构、证据边界文字核对
校验报告.md:2121 契约/送料引用/LF288	通过	结构、证据边界文字核对
校验报告.md:2122 满速独占/计划标记/LF288	通过	逐LF满速标记
校验报告.md:2123 契约/端口身份/LF288	通过	结构、证据边界文字核对
校验报告.md:2124 端口速率/记录/LF288	通过	端口速率独立复算
校验报告.md:2125 契约/实际速率/LF288	通过	结构、证据边界文字核对
校验报告.md:2126 契约/运输占位/LF288	通过	结构、证据边界文字核对
校验报告.md:2127 契约/送料身份/LF289	通过	结构、证据边界文字核对
校验报告.md:2128 契约/送料引用/LF289	通过	结构、证据边界文字核对
校验报告.md:2129 满速独占/计划标记/LF289	通过	逐LF满速标记
校验报告.md:2130 契约/端口身份/LF289	通过	结构、证据边界文字核对
校验报告.md:2131 端口速率/记录/LF289	通过	端口速率独立复算
校验报告.md:2132 契约/实际速率/LF289	通过	结构、证据边界文字核对
校验报告.md:2133 契约/运输占位/LF289	通过	结构、证据边界文字核对
校验报告.md:2134 契约/送料身份/LF290	通过	结构、证据边界文字核对
校验报告.md:2135 契约/送料引用/LF290	通过	结构、证据边界文字核对
校验报告.md:2136 满速独占/计划标记/LF290	通过	逐LF满速标记
校验报告.md:2137 契约/端口身份/LF290	通过	结构、证据边界文字核对
校验报告.md:2138 端口速率/记录/LF290	通过	端口速率独立复算
校验报告.md:2139 契约/实际速率/LF290	通过	结构、证据边界文字核对
校验报告.md:2140 契约/运输占位/LF290	通过	结构、证据边界文字核对
校验报告.md:2141 契约/送料身份/LF291	通过	结构、证据边界文字核对
校验报告.md:2142 契约/送料引用/LF291	通过	结构、证据边界文字核对
校验报告.md:2143 满速独占/计划标记/LF291	通过	逐LF满速标记
校验报告.md:2144 契约/端口身份/LF291	通过	结构、证据边界文字核对
校验报告.md:2145 端口速率/记录/LF291	通过	端口速率独立复算
校验报告.md:2146 契约/实际速率/LF291	通过	结构、证据边界文字核对
校验报告.md:2147 契约/运输占位/LF291	通过	结构、证据边界文字核对
校验报告.md:2148 契约/送料身份/LF292	通过	结构、证据边界文字核对
校验报告.md:2149 契约/送料引用/LF292	通过	结构、证据边界文字核对
校验报告.md:2150 满速独占/计划标记/LF292	通过	逐LF满速标记
校验报告.md:2151 契约/端口身份/LF292	通过	结构、证据边界文字核对
校验报告.md:2152 端口速率/记录/LF292	通过	端口速率独立复算
校验报告.md:2153 契约/实际速率/LF292	通过	结构、证据边界文字核对
校验报告.md:2154 契约/运输占位/LF292	通过	结构、证据边界文字核对
校验报告.md:2155 契约/送料身份/LF293	通过	结构、证据边界文字核对
校验报告.md:2156 契约/送料引用/LF293	通过	结构、证据边界文字核对
校验报告.md:2157 满速独占/计划标记/LF293	通过	逐LF满速标记
校验报告.md:2158 契约/端口身份/LF293	通过	结构、证据边界文字核对
校验报告.md:2159 端口速率/记录/LF293	通过	端口速率独立复算
校验报告.md:2160 契约/实际速率/LF293	通过	结构、证据边界文字核对
校验报告.md:2161 契约/运输占位/LF293	通过	结构、证据边界文字核对
校验报告.md:2162 契约/送料身份/LF294	通过	结构、证据边界文字核对
校验报告.md:2163 契约/送料引用/LF294	通过	结构、证据边界文字核对
校验报告.md:2164 满速独占/计划标记/LF294	通过	逐LF满速标记
校验报告.md:2165 契约/端口身份/LF294	通过	结构、证据边界文字核对
校验报告.md:2166 端口速率/记录/LF294	通过	端口速率独立复算
校验报告.md:2167 契约/实际速率/LF294	通过	结构、证据边界文字核对
校验报告.md:2168 契约/运输占位/LF294	通过	结构、证据边界文字核对
校验报告.md:2169 契约/送料身份/LF295	通过	结构、证据边界文字核对
校验报告.md:2170 契约/送料引用/LF295	通过	结构、证据边界文字核对
校验报告.md:2171 满速独占/计划标记/LF295	通过	逐LF满速标记
校验报告.md:2172 契约/端口身份/LF295	通过	结构、证据边界文字核对
校验报告.md:2173 端口速率/记录/LF295	通过	端口速率独立复算
校验报告.md:2174 契约/实际速率/LF295	通过	结构、证据边界文字核对
校验报告.md:2175 契约/运输占位/LF295	通过	结构、证据边界文字核对
校验报告.md:2176 契约/送料身份/LF296	通过	结构、证据边界文字核对
校验报告.md:2177 契约/送料引用/LF296	通过	结构、证据边界文字核对
校验报告.md:2178 满速独占/计划标记/LF296	通过	逐LF满速标记
校验报告.md:2179 契约/端口身份/LF296	通过	结构、证据边界文字核对
校验报告.md:2180 端口速率/记录/LF296	通过	端口速率独立复算
校验报告.md:2181 契约/实际速率/LF296	通过	结构、证据边界文字核对
校验报告.md:2182 契约/运输占位/LF296	通过	结构、证据边界文字核对
校验报告.md:2183 契约/送料身份/LF297	通过	结构、证据边界文字核对
校验报告.md:2184 契约/送料引用/LF297	通过	结构、证据边界文字核对
校验报告.md:2185 满速独占/计划标记/LF297	通过	逐LF满速标记
校验报告.md:2186 契约/端口身份/LF297	通过	结构、证据边界文字核对
校验报告.md:2187 端口速率/记录/LF297	通过	端口速率独立复算
校验报告.md:2188 契约/实际速率/LF297	通过	结构、证据边界文字核对
校验报告.md:2189 契约/运输占位/LF297	通过	结构、证据边界文字核对
校验报告.md:2190 契约/送料身份/LF298	通过	结构、证据边界文字核对
校验报告.md:2191 契约/送料引用/LF298	通过	结构、证据边界文字核对
校验报告.md:2192 满速独占/计划标记/LF298	通过	逐LF满速标记
校验报告.md:2193 契约/端口身份/LF298	通过	结构、证据边界文字核对
校验报告.md:2194 端口速率/记录/LF298	通过	端口速率独立复算
校验报告.md:2195 契约/实际速率/LF298	通过	结构、证据边界文字核对
校验报告.md:2196 契约/运输占位/LF298	通过	结构、证据边界文字核对
校验报告.md:2197 契约/送料身份/LF299	通过	结构、证据边界文字核对
校验报告.md:2198 契约/送料引用/LF299	通过	结构、证据边界文字核对
校验报告.md:2199 满速独占/计划标记/LF299	通过	逐LF满速标记
校验报告.md:2200 契约/端口身份/LF299	通过	结构、证据边界文字核对
校验报告.md:2201 端口速率/记录/LF299	通过	端口速率独立复算
校验报告.md:2202 契约/实际速率/LF299	通过	结构、证据边界文字核对
校验报告.md:2203 契约/运输占位/LF299	通过	结构、证据边界文字核对
校验报告.md:2204 契约/送料身份/LF300	通过	结构、证据边界文字核对
校验报告.md:2205 契约/送料引用/LF300	通过	结构、证据边界文字核对
校验报告.md:2206 满速独占/计划标记/LF300	通过	逐LF满速标记
校验报告.md:2207 契约/端口身份/LF300	通过	结构、证据边界文字核对
校验报告.md:2208 端口速率/记录/LF300	通过	端口速率独立复算
校验报告.md:2209 契约/实际速率/LF300	通过	结构、证据边界文字核对
校验报告.md:2210 契约/运输占位/LF300	通过	结构、证据边界文字核对
校验报告.md:2211 契约/送料身份/LF301	通过	结构、证据边界文字核对
校验报告.md:2212 契约/送料引用/LF301	通过	结构、证据边界文字核对
校验报告.md:2213 满速独占/计划标记/LF301	通过	逐LF满速标记
校验报告.md:2214 契约/端口身份/LF301	通过	结构、证据边界文字核对
校验报告.md:2215 端口速率/记录/LF301	通过	端口速率独立复算
校验报告.md:2216 契约/实际速率/LF301	通过	结构、证据边界文字核对
校验报告.md:2217 契约/运输占位/LF301	通过	结构、证据边界文字核对
校验报告.md:2218 契约/送料身份/LF302	通过	结构、证据边界文字核对
校验报告.md:2219 契约/送料引用/LF302	通过	结构、证据边界文字核对
校验报告.md:2220 满速独占/计划标记/LF302	通过	逐LF满速标记
校验报告.md:2221 契约/端口身份/LF302	通过	结构、证据边界文字核对
校验报告.md:2222 端口速率/记录/LF302	通过	端口速率独立复算
校验报告.md:2223 契约/实际速率/LF302	通过	结构、证据边界文字核对
校验报告.md:2224 契约/运输占位/LF302	通过	结构、证据边界文字核对
校验报告.md:2225 契约/送料身份/LF303	通过	结构、证据边界文字核对
校验报告.md:2226 契约/送料引用/LF303	通过	结构、证据边界文字核对
校验报告.md:2227 满速独占/计划标记/LF303	通过	逐LF满速标记
校验报告.md:2228 契约/端口身份/LF303	通过	结构、证据边界文字核对
校验报告.md:2229 端口速率/记录/LF303	通过	端口速率独立复算
校验报告.md:2230 契约/实际速率/LF303	通过	结构、证据边界文字核对
校验报告.md:2231 契约/运输占位/LF303	通过	结构、证据边界文字核对
校验报告.md:2232 契约/送料身份/LF304	通过	结构、证据边界文字核对
校验报告.md:2233 契约/送料引用/LF304	通过	结构、证据边界文字核对
校验报告.md:2234 满速独占/计划标记/LF304	通过	逐LF满速标记
校验报告.md:2235 契约/端口身份/LF304	通过	结构、证据边界文字核对
校验报告.md:2236 端口速率/记录/LF304	通过	端口速率独立复算
校验报告.md:2237 契约/实际速率/LF304	通过	结构、证据边界文字核对
校验报告.md:2238 契约/运输占位/LF304	通过	结构、证据边界文字核对
校验报告.md:2239 契约/送料身份/LF305	通过	结构、证据边界文字核对
校验报告.md:2240 契约/送料引用/LF305	通过	结构、证据边界文字核对
校验报告.md:2241 满速独占/计划标记/LF305	通过	逐LF满速标记
校验报告.md:2242 契约/端口身份/LF305	通过	结构、证据边界文字核对
校验报告.md:2243 端口速率/记录/LF305	通过	端口速率独立复算
校验报告.md:2244 契约/实际速率/LF305	通过	结构、证据边界文字核对
校验报告.md:2245 契约/运输占位/LF305	通过	结构、证据边界文字核对
校验报告.md:2246 契约/送料身份/LF306	通过	结构、证据边界文字核对
校验报告.md:2247 契约/送料引用/LF306	通过	结构、证据边界文字核对
校验报告.md:2248 满速独占/计划标记/LF306	通过	逐LF满速标记
校验报告.md:2249 契约/端口身份/LF306	通过	结构、证据边界文字核对
校验报告.md:2250 端口速率/记录/LF306	通过	端口速率独立复算
校验报告.md:2251 契约/实际速率/LF306	通过	结构、证据边界文字核对
校验报告.md:2252 契约/运输占位/LF306	通过	结构、证据边界文字核对
校验报告.md:2253 契约/送料身份/LF307	通过	结构、证据边界文字核对
校验报告.md:2254 契约/送料引用/LF307	通过	结构、证据边界文字核对
校验报告.md:2255 满速独占/计划标记/LF307	通过	逐LF满速标记
校验报告.md:2256 契约/端口身份/LF307	通过	结构、证据边界文字核对
校验报告.md:2257 端口速率/记录/LF307	通过	端口速率独立复算
校验报告.md:2258 契约/实际速率/LF307	通过	结构、证据边界文字核对
校验报告.md:2259 契约/运输占位/LF307	通过	结构、证据边界文字核对
校验报告.md:2260 契约/送料身份/LF308	通过	结构、证据边界文字核对
校验报告.md:2261 契约/送料引用/LF308	通过	结构、证据边界文字核对
校验报告.md:2262 满速独占/计划标记/LF308	通过	逐LF满速标记
校验报告.md:2263 契约/端口身份/LF308	通过	结构、证据边界文字核对
校验报告.md:2264 端口速率/记录/LF308	通过	端口速率独立复算
校验报告.md:2265 契约/实际速率/LF308	通过	结构、证据边界文字核对
校验报告.md:2266 契约/运输占位/LF308	通过	结构、证据边界文字核对
校验报告.md:2267 契约/送料身份/LF309	通过	结构、证据边界文字核对
校验报告.md:2268 契约/送料引用/LF309	通过	结构、证据边界文字核对
校验报告.md:2269 满速独占/计划标记/LF309	通过	逐LF满速标记
校验报告.md:2270 契约/端口身份/LF309	通过	结构、证据边界文字核对
校验报告.md:2271 端口速率/记录/LF309	通过	端口速率独立复算
校验报告.md:2272 契约/实际速率/LF309	通过	结构、证据边界文字核对
校验报告.md:2273 契约/运输占位/LF309	通过	结构、证据边界文字核对
校验报告.md:2274 契约/送料身份/LF310	通过	结构、证据边界文字核对
校验报告.md:2275 契约/送料引用/LF310	通过	结构、证据边界文字核对
校验报告.md:2276 满速独占/计划标记/LF310	通过	逐LF满速标记
校验报告.md:2277 契约/端口身份/LF310	通过	结构、证据边界文字核对
校验报告.md:2278 端口速率/记录/LF310	通过	端口速率独立复算
校验报告.md:2279 契约/实际速率/LF310	通过	结构、证据边界文字核对
校验报告.md:2280 契约/运输占位/LF310	通过	结构、证据边界文字核对
校验报告.md:2281 契约/送料身份/LF311	通过	结构、证据边界文字核对
校验报告.md:2282 契约/送料引用/LF311	通过	结构、证据边界文字核对
校验报告.md:2283 满速独占/计划标记/LF311	通过	逐LF满速标记
校验报告.md:2284 契约/端口身份/LF311	通过	结构、证据边界文字核对
校验报告.md:2285 端口速率/记录/LF311	通过	端口速率独立复算
校验报告.md:2286 契约/实际速率/LF311	通过	结构、证据边界文字核对
校验报告.md:2287 契约/运输占位/LF311	通过	结构、证据边界文字核对
校验报告.md:2288 契约/送料身份/LF312	通过	结构、证据边界文字核对
校验报告.md:2289 契约/送料引用/LF312	通过	结构、证据边界文字核对
校验报告.md:2290 满速独占/计划标记/LF312	通过	逐LF满速标记
校验报告.md:2291 契约/端口身份/LF312	通过	结构、证据边界文字核对
校验报告.md:2292 端口速率/记录/LF312	通过	端口速率独立复算
校验报告.md:2293 契约/实际速率/LF312	通过	结构、证据边界文字核对
校验报告.md:2294 契约/运输占位/LF312	通过	结构、证据边界文字核对
校验报告.md:2295 契约/送料身份/LF313	通过	结构、证据边界文字核对
校验报告.md:2296 契约/送料引用/LF313	通过	结构、证据边界文字核对
校验报告.md:2297 满速独占/计划标记/LF313	通过	逐LF满速标记
校验报告.md:2298 契约/端口身份/LF313	通过	结构、证据边界文字核对
校验报告.md:2299 端口速率/记录/LF313	通过	端口速率独立复算
校验报告.md:2300 契约/实际速率/LF313	通过	结构、证据边界文字核对
校验报告.md:2301 契约/运输占位/LF313	通过	结构、证据边界文字核对
校验报告.md:2302 契约/送料身份/LF314	通过	结构、证据边界文字核对
校验报告.md:2303 契约/送料引用/LF314	通过	结构、证据边界文字核对
校验报告.md:2304 满速独占/计划标记/LF314	通过	逐LF满速标记
校验报告.md:2305 契约/端口身份/LF314	通过	结构、证据边界文字核对
校验报告.md:2306 端口速率/记录/LF314	通过	端口速率独立复算
校验报告.md:2307 契约/实际速率/LF314	通过	结构、证据边界文字核对
校验报告.md:2308 契约/运输占位/LF314	通过	结构、证据边界文字核对
校验报告.md:2309 端口速率/存货/CORE/CORE:in:1	通过	端口速率独立复算
校验报告.md:2310 端口速率/存货/CORE/CORE:in:2	通过	端口速率独立复算
校验报告.md:2311 端口速率/存货/CORE/CORE:in:3	通过	端口速率独立复算
校验报告.md:2312 端口速率/存货/CORE/CORE:in:4	通过	端口速率独立复算
校验报告.md:2313 端口速率/存货/CORE/CORE:in:5	通过	端口速率独立复算
校验报告.md:2314 端口速率/存货/CORE/CORE:in:6	通过	端口速率独立复算
校验报告.md:2315 端口速率/存货/M000/M000:in:1	通过	端口速率独立复算
校验报告.md:2316 端口速率/存货/M001/M001:in:1	通过	端口速率独立复算
校验报告.md:2317 端口速率/存货/M002/M002:in:1	通过	端口速率独立复算
校验报告.md:2318 端口速率/存货/M003/M003:in:1	通过	端口速率独立复算
校验报告.md:2319 端口速率/存货/M004/M004:in:1	通过	端口速率独立复算
校验报告.md:2320 端口速率/存货/M005/M005:in:1	通过	端口速率独立复算
校验报告.md:2321 端口速率/存货/M006/M006:in:1	通过	端口速率独立复算
校验报告.md:2322 端口速率/存货/M007/M007:in:1	通过	端口速率独立复算
校验报告.md:2323 端口速率/存货/M008/M008:in:1	通过	端口速率独立复算
校验报告.md:2324 端口速率/存货/M009/M009:in:1	通过	端口速率独立复算
校验报告.md:2325 端口速率/存货/M010/M010:in:1	通过	端口速率独立复算
校验报告.md:2326 端口速率/存货/M011/M011:in:1	通过	端口速率独立复算
校验报告.md:2327 端口速率/存货/M012/M012:in:1	通过	端口速率独立复算
校验报告.md:2328 端口速率/存货/M013/M013:in:1	通过	端口速率独立复算
校验报告.md:2329 端口速率/存货/M014/M014:in:1	通过	端口速率独立复算
校验报告.md:2330 端口速率/存货/M015/M015:in:1	通过	端口速率独立复算
校验报告.md:2331 端口速率/存货/M016/M016:in:1	通过	端口速率独立复算
校验报告.md:2332 端口速率/存货/M017/M017:in:1	通过	端口速率独立复算
校验报告.md:2333 端口速率/存货/M018/M018:in:1	通过	端口速率独立复算
校验报告.md:2334 端口速率/存货/M019/M019:in:1	通过	端口速率独立复算
校验报告.md:2335 端口速率/存货/M020/M020:in:1	通过	端口速率独立复算
校验报告.md:2336 端口速率/存货/M021/M021:in:1	通过	端口速率独立复算
校验报告.md:2337 端口速率/存货/M022/M022:in:1	通过	端口速率独立复算
校验报告.md:2338 端口速率/存货/M023/M023:in:1	通过	端口速率独立复算
校验报告.md:2339 端口速率/存货/M024/M024:in:1	通过	端口速率独立复算
校验报告.md:2340 端口速率/存货/M025/M025:in:1	通过	端口速率独立复算
校验报告.md:2341 端口速率/存货/M026/M026:in:1	通过	端口速率独立复算
校验报告.md:2342 端口速率/存货/M027/M027:in:1	通过	端口速率独立复算
校验报告.md:2343 端口速率/存货/M028/M028:in:1	通过	端口速率独立复算
校验报告.md:2344 端口速率/存货/M029/M029:in:1	通过	端口速率独立复算
校验报告.md:2345 端口速率/存货/M030/M030:in:1	通过	端口速率独立复算
校验报告.md:2346 端口速率/存货/M031/M031:in:1	通过	端口速率独立复算
校验报告.md:2347 端口速率/存货/M032/M032:in:1	通过	端口速率独立复算
校验报告.md:2348 端口速率/存货/M033/M033:in:1	通过	端口速率独立复算
校验报告.md:2349 端口速率/存货/M034/M034:in:1	通过	端口速率独立复算
校验报告.md:2350 端口速率/存货/M035/M035:in:1	通过	端口速率独立复算
校验报告.md:2351 端口速率/存货/M036/M036:in:1	通过	端口速率独立复算
校验报告.md:2352 端口速率/存货/M037/M037:in:1	通过	端口速率独立复算
校验报告.md:2353 端口速率/存货/M038/M038:in:1	通过	端口速率独立复算
校验报告.md:2354 端口速率/存货/M039/M039:in:1	通过	端口速率独立复算
校验报告.md:2355 端口速率/存货/M040/M040:in:1	通过	端口速率独立复算
校验报告.md:2356 端口速率/存货/M041/M041:in:1	通过	端口速率独立复算
校验报告.md:2357 端口速率/存货/M042/M042:in:1	通过	端口速率独立复算
校验报告.md:2358 端口速率/存货/M043/M043:in:1	通过	端口速率独立复算
校验报告.md:2359 端口速率/存货/M044/M044:in:1	通过	端口速率独立复算
校验报告.md:2360 端口速率/存货/M045/M045:in:1	通过	端口速率独立复算
校验报告.md:2361 端口速率/存货/M046/M046:in:1	通过	端口速率独立复算
校验报告.md:2362 端口速率/存货/M047/M047:in:1	通过	端口速率独立复算
校验报告.md:2363 端口速率/存货/M048/M048:in:1	通过	端口速率独立复算
校验报告.md:2364 端口速率/存货/M049/M049:in:1	通过	端口速率独立复算
校验报告.md:2365 端口速率/存货/M050/M050:in:1	通过	端口速率独立复算
校验报告.md:2366 端口速率/存货/M051/M051:in:1	通过	端口速率独立复算
校验报告.md:2367 端口速率/存货/M052/M052:in:1	通过	端口速率独立复算
校验报告.md:2368 端口速率/存货/M053/M053:in:1	通过	端口速率独立复算
校验报告.md:2369 端口速率/存货/M054/M054:in:1	通过	端口速率独立复算
校验报告.md:2370 端口速率/存货/M055/M055:in:1	通过	端口速率独立复算
校验报告.md:2371 端口速率/存货/M056/M056:in:1	通过	端口速率独立复算
校验报告.md:2372 端口速率/存货/M057/M057:in:1	通过	端口速率独立复算
校验报告.md:2373 端口速率/存货/M058/M058:in:1	通过	端口速率独立复算
校验报告.md:2374 端口速率/存货/M059/M059:in:1	通过	端口速率独立复算
校验报告.md:2375 端口速率/存货/M060/M060:in:1	通过	端口速率独立复算
校验报告.md:2376 端口速率/存货/M061/M061:in:1	通过	端口速率独立复算
校验报告.md:2377 端口速率/存货/M062/M062:in:1	通过	端口速率独立复算
校验报告.md:2378 端口速率/存货/M063/M063:in:1	通过	端口速率独立复算
校验报告.md:2379 端口速率/存货/M064/M064:in:1	通过	端口速率独立复算
校验报告.md:2380 端口速率/存货/M065/M065:in:1	通过	端口速率独立复算
校验报告.md:2381 端口速率/存货/M066/M066:in:1	通过	端口速率独立复算
校验报告.md:2382 端口速率/存货/M067/M067:in:1	通过	端口速率独立复算
校验报告.md:2383 端口速率/存货/M068/M068:in:1	通过	端口速率独立复算
校验报告.md:2384 端口速率/存货/M069/M069:in:1	通过	端口速率独立复算
校验报告.md:2385 端口速率/存货/M070/M070:in:1	通过	端口速率独立复算
校验报告.md:2386 端口速率/存货/M071/M071:in:1	通过	端口速率独立复算
校验报告.md:2387 端口速率/存货/M072/M072:in:1	通过	端口速率独立复算
校验报告.md:2388 端口速率/存货/M073/M073:in:1	通过	端口速率独立复算
校验报告.md:2389 端口速率/存货/M074/M074:in:1	通过	端口速率独立复算
校验报告.md:2390 端口速率/存货/M075/M075:in:1	通过	端口速率独立复算
校验报告.md:2391 端口速率/存货/M076/M076:in:1	通过	端口速率独立复算
校验报告.md:2392 端口速率/存货/M077/M077:in:1	通过	端口速率独立复算
校验报告.md:2393 端口速率/存货/M078/M078:in:1	通过	端口速率独立复算
校验报告.md:2394 端口速率/存货/M079/M079:in:1	通过	端口速率独立复算
校验报告.md:2395 端口速率/存货/M080/M080:in:1	通过	端口速率独立复算
校验报告.md:2396 端口速率/存货/M081/M081:in:1	通过	端口速率独立复算
校验报告.md:2397 端口速率/存货/M082/M082:in:1	通过	端口速率独立复算
校验报告.md:2398 端口速率/存货/M083/M083:in:1	通过	端口速率独立复算
校验报告.md:2399 端口速率/存货/M084/M084:in:1	通过	端口速率独立复算
校验报告.md:2400 端口速率/存货/M085/M085:in:1	通过	端口速率独立复算
校验报告.md:2401 端口速率/存货/M086/M086:in:1	通过	端口速率独立复算
校验报告.md:2402 端口速率/存货/M087/M087:in:1	通过	端口速率独立复算
校验报告.md:2403 端口速率/存货/M088/M088:in:1	通过	端口速率独立复算
校验报告.md:2404 端口速率/存货/M089/M089:in:1	通过	端口速率独立复算
校验报告.md:2405 端口速率/存货/M090/M090:in:1	通过	端口速率独立复算
校验报告.md:2406 端口速率/存货/M091/M091:in:1	通过	端口速率独立复算
校验报告.md:2407 端口速率/存货/M092/M092:in:1	通过	端口速率独立复算
校验报告.md:2408 端口速率/存货/M093/M093:in:1	通过	端口速率独立复算
校验报告.md:2409 端口速率/存货/M094/M094:in:1	通过	端口速率独立复算
校验报告.md:2410 端口速率/存货/M095/M095:in:1	通过	端口速率独立复算
校验报告.md:2411 端口速率/存货/M096/M096:in:1	通过	端口速率独立复算
校验报告.md:2412 端口速率/存货/M097/M097:in:1	通过	端口速率独立复算
校验报告.md:2413 端口速率/存货/M098/M098:in:1	通过	端口速率独立复算
校验报告.md:2414 端口速率/存货/M099/M099:in:1	通过	端口速率独立复算
校验报告.md:2415 端口速率/存货/M100/M100:in:1	通过	端口速率独立复算
校验报告.md:2416 端口速率/存货/M101/M101:in:1	通过	端口速率独立复算
校验报告.md:2417 端口速率/存货/M102/M102:in:1	通过	端口速率独立复算
校验报告.md:2418 端口速率/存货/M103/M103:in:1	通过	端口速率独立复算
校验报告.md:2419 端口速率/存货/M104/M104:in:1	通过	端口速率独立复算
校验报告.md:2420 端口速率/存货/M105/M105:in:1	通过	端口速率独立复算
校验报告.md:2421 端口速率/存货/M106/M106:in:1	通过	端口速率独立复算
校验报告.md:2422 端口速率/存货/M107/M107:in:1	通过	端口速率独立复算
校验报告.md:2423 端口速率/存货/M108/M108:in:1	通过	端口速率独立复算
校验报告.md:2424 端口速率/存货/M109/M109:in:1	通过	端口速率独立复算
校验报告.md:2425 端口速率/存货/M110/M110:in:1	通过	端口速率独立复算
校验报告.md:2426 端口速率/存货/M111/M111:in:1	通过	端口速率独立复算
校验报告.md:2427 端口速率/存货/M112/M112:in:1	通过	端口速率独立复算
校验报告.md:2428 端口速率/存货/M113/M113:in:1	通过	端口速率独立复算
校验报告.md:2429 端口速率/存货/M114/M114:in:1	通过	端口速率独立复算
校验报告.md:2430 端口速率/存货/M115/M115:in:1	通过	端口速率独立复算
校验报告.md:2431 端口速率/存货/M116/M116:in:1	通过	端口速率独立复算
校验报告.md:2432 端口速率/存货/M117/M117:in:1	通过	端口速率独立复算
校验报告.md:2433 端口速率/存货/M118/M118:in:1	通过	端口速率独立复算
校验报告.md:2434 端口速率/存货/M119/M119:in:1	通过	端口速率独立复算
校验报告.md:2435 端口速率/存货/M120/M120:in:1	通过	端口速率独立复算
校验报告.md:2436 端口速率/存货/M120/M120:in:2	通过	端口速率独立复算
校验报告.md:2437 端口速率/存货/M120/M120:in:3	通过	端口速率独立复算
校验报告.md:2438 端口速率/存货/M121/M121:in:1	通过	端口速率独立复算
校验报告.md:2439 端口速率/存货/M121/M121:in:2	通过	端口速率独立复算
校验报告.md:2440 端口速率/存货/M121/M121:in:3	通过	端口速率独立复算
校验报告.md:2441 端口速率/存货/M122/M122:in:1	通过	端口速率独立复算
校验报告.md:2442 端口速率/存货/M122/M122:in:2	通过	端口速率独立复算
校验报告.md:2443 端口速率/存货/M122/M122:in:3	通过	端口速率独立复算
校验报告.md:2444 端口速率/存货/M123/M123:in:1	通过	端口速率独立复算
校验报告.md:2445 端口速率/存货/M123/M123:in:2	通过	端口速率独立复算
校验报告.md:2446 端口速率/存货/M123/M123:in:3	通过	端口速率独立复算
校验报告.md:2447 端口速率/存货/M124/M124:in:1	通过	端口速率独立复算
校验报告.md:2448 端口速率/存货/M124/M124:in:2	通过	端口速率独立复算
校验报告.md:2449 端口速率/存货/M124/M124:in:3	通过	端口速率独立复算
校验报告.md:2450 端口速率/存货/M125/M125:in:1	通过	端口速率独立复算
校验报告.md:2451 端口速率/存货/M125/M125:in:2	通过	端口速率独立复算
校验报告.md:2452 端口速率/存货/M125/M125:in:3	通过	端口速率独立复算
校验报告.md:2453 端口速率/存货/M126/M126:in:1	通过	端口速率独立复算
校验报告.md:2454 端口速率/存货/M126/M126:in:2	通过	端口速率独立复算
校验报告.md:2455 端口速率/存货/M126/M126:in:3	通过	端口速率独立复算
校验报告.md:2456 端口速率/存货/M127/M127:in:1	通过	端口速率独立复算
校验报告.md:2457 端口速率/存货/M127/M127:in:2	通过	端口速率独立复算
校验报告.md:2458 端口速率/存货/M127/M127:in:3	通过	端口速率独立复算
校验报告.md:2459 端口速率/存货/M128/M128:in:1	通过	端口速率独立复算
校验报告.md:2460 端口速率/存货/M128/M128:in:2	通过	端口速率独立复算
校验报告.md:2461 端口速率/存货/M128/M128:in:3	通过	端口速率独立复算
校验报告.md:2462 端口速率/存货/M129/M129:in:1	通过	端口速率独立复算
校验报告.md:2463 端口速率/存货/M129/M129:in:2	通过	端口速率独立复算
校验报告.md:2464 端口速率/存货/M129/M129:in:3	通过	端口速率独立复算
校验报告.md:2465 端口速率/存货/M130/M130:in:1	通过	端口速率独立复算
校验报告.md:2466 端口速率/存货/M130/M130:in:2	通过	端口速率独立复算
校验报告.md:2467 端口速率/存货/M130/M130:in:3	通过	端口速率独立复算
校验报告.md:2468 端口速率/存货/M131/M131:in:1	通过	端口速率独立复算
校验报告.md:2469 端口速率/存货/M131/M131:in:2	通过	端口速率独立复算
校验报告.md:2470 端口速率/存货/M131/M131:in:3	通过	端口速率独立复算
校验报告.md:2471 端口速率/存货/M132/M132:in:1	通过	端口速率独立复算
校验报告.md:2472 端口速率/存货/M132/M132:in:2	通过	端口速率独立复算
校验报告.md:2473 端口速率/存货/M132/M132:in:3	通过	端口速率独立复算
校验报告.md:2474 端口速率/存货/M133/M133:in:1	通过	端口速率独立复算
校验报告.md:2475 端口速率/存货/M133/M133:in:2	通过	端口速率独立复算
校验报告.md:2476 端口速率/存货/M133/M133:in:3	通过	端口速率独立复算
校验报告.md:2477 端口速率/存货/M134/M134:in:1	通过	端口速率独立复算
校验报告.md:2478 端口速率/存货/M134/M134:in:2	通过	端口速率独立复算
校验报告.md:2479 端口速率/存货/M134/M134:in:3	通过	端口速率独立复算
校验报告.md:2480 端口速率/存货/M135/M135:in:1	通过	端口速率独立复算
校验报告.md:2481 端口速率/存货/M135/M135:in:2	通过	端口速率独立复算
校验报告.md:2482 端口速率/存货/M135/M135:in:3	通过	端口速率独立复算
校验报告.md:2483 端口速率/存货/M136/M136:in:1	通过	端口速率独立复算
校验报告.md:2484 端口速率/存货/M136/M136:in:2	通过	端口速率独立复算
校验报告.md:2485 端口速率/存货/M136/M136:in:3	通过	端口速率独立复算
校验报告.md:2486 端口速率/存货/M137/M137:in:1	通过	端口速率独立复算
校验报告.md:2487 端口速率/存货/M137/M137:in:2	通过	端口速率独立复算
校验报告.md:2488 端口速率/存货/M137/M137:in:3	通过	端口速率独立复算
校验报告.md:2489 端口速率/存货/M138/M138:in:1	通过	端口速率独立复算
校验报告.md:2490 端口速率/存货/M138/M138:in:2	通过	端口速率独立复算
校验报告.md:2491 端口速率/存货/M138/M138:in:3	通过	端口速率独立复算
校验报告.md:2492 端口速率/存货/M139/M139:in:1	通过	端口速率独立复算
校验报告.md:2493 端口速率/存货/M139/M139:in:2	通过	端口速率独立复算
校验报告.md:2494 端口速率/存货/M139/M139:in:3	通过	端口速率独立复算
校验报告.md:2495 端口速率/存货/M140/M140:in:1	通过	端口速率独立复算
校验报告.md:2496 端口速率/存货/M140/M140:in:2	通过	端口速率独立复算
校验报告.md:2497 端口速率/存货/M140/M140:in:3	通过	端口速率独立复算
校验报告.md:2498 端口速率/存货/M141/M141:in:1	通过	端口速率独立复算
校验报告.md:2499 端口速率/存货/M141/M141:in:2	通过	端口速率独立复算
校验报告.md:2500 端口速率/存货/M141/M141:in:3	通过	端口速率独立复算
校验报告.md:2501 端口速率/存货/M142/M142:in:1	通过	端口速率独立复算
校验报告.md:2502 端口速率/存货/M142/M142:in:2	通过	端口速率独立复算
校验报告.md:2503 端口速率/存货/M142/M142:in:3	通过	端口速率独立复算
校验报告.md:2504 端口速率/存货/M143/M143:in:1	通过	端口速率独立复算
校验报告.md:2505 端口速率/存货/M143/M143:in:2	通过	端口速率独立复算
校验报告.md:2506 端口速率/存货/M143/M143:in:3	通过	端口速率独立复算
校验报告.md:2507 端口速率/存货/M144/M144:in:1	通过	端口速率独立复算
校验报告.md:2508 端口速率/存货/M144/M144:in:2	通过	端口速率独立复算
校验报告.md:2509 端口速率/存货/M144/M144:in:3	通过	端口速率独立复算
校验报告.md:2510 端口速率/存货/M145/M145:in:1	通过	端口速率独立复算
校验报告.md:2511 端口速率/存货/M145/M145:in:2	通过	端口速率独立复算
校验报告.md:2512 端口速率/存货/M145/M145:in:3	通过	端口速率独立复算
校验报告.md:2513 端口速率/存货/M146/M146:in:1	通过	端口速率独立复算
校验报告.md:2514 端口速率/存货/M146/M146:in:2	通过	端口速率独立复算
校验报告.md:2515 端口速率/存货/M146/M146:in:3	通过	端口速率独立复算
校验报告.md:2516 端口速率/存货/M147/M147:in:1	通过	端口速率独立复算
校验报告.md:2517 端口速率/存货/M147/M147:in:2	通过	端口速率独立复算
校验报告.md:2518 端口速率/存货/M147/M147:in:3	通过	端口速率独立复算
校验报告.md:2519 端口速率/存货/M148/M148:in:1	通过	端口速率独立复算
校验报告.md:2520 端口速率/存货/M148/M148:in:2	通过	端口速率独立复算
校验报告.md:2521 端口速率/存货/M148/M148:in:3	通过	端口速率独立复算
校验报告.md:2522 端口速率/存货/M149/M149:in:1	通过	端口速率独立复算
校验报告.md:2523 端口速率/存货/M149/M149:in:2	通过	端口速率独立复算
校验报告.md:2524 端口速率/存货/M149/M149:in:3	通过	端口速率独立复算
校验报告.md:2525 端口速率/存货/M150/M150:in:1	通过	端口速率独立复算
校验报告.md:2526 端口速率/存货/M150/M150:in:2	通过	端口速率独立复算
校验报告.md:2527 端口速率/存货/M150/M150:in:3	通过	端口速率独立复算
校验报告.md:2528 端口速率/存货/M150/M150:in:4	通过	端口速率独立复算
校验报告.md:2529 端口速率/存货/M151/M151:in:1	通过	端口速率独立复算
校验报告.md:2530 端口速率/存货/M151/M151:in:2	通过	端口速率独立复算
校验报告.md:2531 端口速率/存货/M152/M152:in:1	通过	端口速率独立复算
校验报告.md:2532 端口速率/存货/M152/M152:in:2	通过	端口速率独立复算
校验报告.md:2533 端口速率/存货/M153/M153:in:1	通过	端口速率独立复算
校验报告.md:2534 端口速率/存货/M153/M153:in:2	通过	端口速率独立复算
校验报告.md:2535 端口速率/存货/M154/M154:in:1	通过	端口速率独立复算
校验报告.md:2536 端口速率/存货/M154/M154:in:2	通过	端口速率独立复算
校验报告.md:2537 端口速率/存货/M155/M155:in:1	通过	端口速率独立复算
校验报告.md:2538 端口速率/存货/M155/M155:in:2	通过	端口速率独立复算
校验报告.md:2539 端口速率/存货/M156/M156:in:1	通过	端口速率独立复算
校验报告.md:2540 端口速率/存货/M156/M156:in:2	通过	端口速率独立复算
校验报告.md:2541 端口速率/存货/M157/M157:in:1	通过	端口速率独立复算
校验报告.md:2542 端口速率/存货/M158/M158:in:1	通过	端口速率独立复算
校验报告.md:2543 端口速率/存货/M159/M159:in:1	通过	端口速率独立复算
校验报告.md:2544 端口速率/存货/M160/M160:in:1	通过	端口速率独立复算
校验报告.md:2545 端口速率/存货/M161/M161:in:1	通过	端口速率独立复算
校验报告.md:2546 端口速率/存货/M162/M162:in:1	通过	端口速率独立复算
校验报告.md:2547 端口速率/存货/M163/M163:in:1	通过	端口速率独立复算
校验报告.md:2548 端口速率/存货/M164/M164:in:1	通过	端口速率独立复算
校验报告.md:2549 端口速率/存货/M165/M165:in:1	通过	端口速率独立复算
校验报告.md:2550 端口速率/存货/M166/M166:in:1	通过	端口速率独立复算
校验报告.md:2551 端口速率/存货/M167/M167:in:1	通过	端口速率独立复算
校验报告.md:2552 端口速率/存货/M168/M168:in:1	通过	端口速率独立复算
校验报告.md:2553 端口速率/存货/M169/M169:in:1	通过	端口速率独立复算
校验报告.md:2554 端口速率/存货/M170/M170:in:1	通过	端口速率独立复算
校验报告.md:2555 端口速率/存货/M171/M171:in:1	通过	端口速率独立复算
校验报告.md:2556 端口速率/存货/M172/M172:in:1	通过	端口速率独立复算
校验报告.md:2557 端口速率/存货/M173/M173:in:1	通过	端口速率独立复算
校验报告.md:2558 端口速率/存货/M174/M174:in:1	通过	端口速率独立复算
校验报告.md:2559 端口速率/存货/M175/M175:in:1	通过	端口速率独立复算
校验报告.md:2560 端口速率/存货/M176/M176:in:1	通过	端口速率独立复算
校验报告.md:2561 端口速率/存货/M177/M177:in:1	通过	端口速率独立复算
校验报告.md:2562 端口速率/存货/M178/M178:in:1	通过	端口速率独立复算
校验报告.md:2563 端口速率/存货/M179/M179:in:1	通过	端口速率独立复算
校验报告.md:2564 端口速率/存货/M180/M180:in:1	通过	端口速率独立复算
校验报告.md:2565 端口速率/存货/M181/M181:in:1	通过	端口速率独立复算
校验报告.md:2566 端口速率/存货/M182/M182:in:1	通过	端口速率独立复算
校验报告.md:2567 端口速率/存货/M183/M183:in:1	通过	端口速率独立复算
校验报告.md:2568 端口速率/存货/M184/M184:in:1	通过	端口速率独立复算
校验报告.md:2569 端口速率/存货/M185/M185:in:1	通过	端口速率独立复算
校验报告.md:2570 端口速率/存货/M186/M186:in:1	通过	端口速率独立复算
校验报告.md:2571 端口速率/存货/M187/M187:in:1	通过	端口速率独立复算
校验报告.md:2572 端口速率/存货/M188/M188:in:1	通过	端口速率独立复算
校验报告.md:2573 端口速率/存货/M189/M189:in:1	通过	端口速率独立复算
校验报告.md:2574 端口速率/存货/M190/M190:in:1	通过	端口速率独立复算
校验报告.md:2575 端口速率/存货/M191/M191:in:1	通过	端口速率独立复算
校验报告.md:2576 端口速率/存货/M192/M192:in:1	通过	端口速率独立复算
校验报告.md:2577 端口速率/存货/M193/M193:in:1	通过	端口速率独立复算
校验报告.md:2578 端口速率/存货/M194/M194:in:1	通过	端口速率独立复算
校验报告.md:2579 端口速率/存货/M195/M195:in:1	通过	端口速率独立复算
校验报告.md:2580 端口速率/存货/M196/M196:in:1	通过	端口速率独立复算
校验报告.md:2581 端口速率/存货/M197/M197:in:1	通过	端口速率独立复算
校验报告.md:2582 端口速率/存货/M198/M198:in:1	通过	端口速率独立复算
校验报告.md:2583 端口速率/存货/M199/M199:in:1	通过	端口速率独立复算
校验报告.md:2584 端口速率/存货/M200/M200:in:1	通过	端口速率独立复算
校验报告.md:2585 端口速率/存货/M201/M201:in:1	通过	端口速率独立复算
校验报告.md:2586 端口速率/存货/M202/M202:in:1	通过	端口速率独立复算
校验报告.md:2587 端口速率/存货/M203/M203:in:1	通过	端口速率独立复算
校验报告.md:2588 端口速率/存货/M204/M204:in:1	通过	端口速率独立复算
校验报告.md:2589 端口速率/存货/M205/M205:in:1	通过	端口速率独立复算
校验报告.md:2590 端口速率/存货/M206/M206:in:1	通过	端口速率独立复算
校验报告.md:2591 端口速率/存货/M207/M207:in:1	通过	端口速率独立复算
校验报告.md:2592 端口速率/存货/M208/M208:in:1	通过	端口速率独立复算
校验报告.md:2593 端口速率/存货/M209/M209:in:1	通过	端口速率独立复算
校验报告.md:2594 端口速率/存货/M210/M210:in:1	通过	端口速率独立复算
校验报告.md:2595 端口速率/存货/M211/M211:in:1	通过	端口速率独立复算
校验报告.md:2596 端口速率/存货/M212/M212:in:1	通过	端口速率独立复算
校验报告.md:2597 端口速率/存货/M213/M213:in:1	通过	端口速率独立复算
校验报告.md:2598 端口速率/存货/M213/M213:in:2	通过	端口速率独立复算
校验报告.md:2599 端口速率/存货/M213/M213:in:3	通过	端口速率独立复算
校验报告.md:2600 端口速率/存货/M213/M213:in:4	通过	端口速率独立复算
校验报告.md:2601 端口速率/存货/M213/M213:in:5	通过	端口速率独立复算
校验报告.md:2602 端口速率/存货/M214/M214:in:1	通过	端口速率独立复算
校验报告.md:2603 端口速率/存货/M214/M214:in:2	通过	端口速率独立复算
校验报告.md:2604 端口速率/存货/M214/M214:in:3	通过	端口速率独立复算
校验报告.md:2605 端口速率/存货/M214/M214:in:4	通过	端口速率独立复算
校验报告.md:2606 端口速率/存货/M214/M214:in:5	通过	端口速率独立复算
校验报告.md:2607 端口速率/存货/M215/M215:in:1	通过	端口速率独立复算
校验报告.md:2608 端口速率/存货/M215/M215:in:2	通过	端口速率独立复算
校验报告.md:2609 端口速率/存货/M215/M215:in:3	通过	端口速率独立复算
校验报告.md:2610 端口速率/存货/M215/M215:in:4	通过	端口速率独立复算
校验报告.md:2611 端口速率/存货/M215/M215:in:5	通过	端口速率独立复算
校验报告.md:2612 端口速率/存货/M216/M216:in:1	通过	端口速率独立复算
校验报告.md:2613 端口速率/存货/M216/M216:in:2	通过	端口速率独立复算
校验报告.md:2614 端口速率/存货/M216/M216:in:3	通过	端口速率独立复算
校验报告.md:2615 端口速率/存货/M216/M216:in:4	通过	端口速率独立复算
校验报告.md:2616 端口速率/存货/M217/M217:in:1	通过	端口速率独立复算
校验报告.md:2617 端口速率/存货/M217/M217:in:2	通过	端口速率独立复算
校验报告.md:2618 端口速率/存货/M217/M217:in:3	通过	端口速率独立复算
校验报告.md:2619 端口速率/存货/M217/M217:in:4	通过	端口速率独立复算
校验报告.md:2620 端口速率/存货/M218/M218:in:1	通过	端口速率独立复算
校验报告.md:2621 端口速率/存货/M218/M218:in:2	通过	端口速率独立复算
校验报告.md:2622 端口速率/存货/M218/M218:in:3	通过	端口速率独立复算
校验报告.md:2623 端口速率/存货/M218/M218:in:4	通过	端口速率独立复算
校验报告.md:2624 端口速率/取货/M000/M000:out:1	通过	端口速率独立复算
校验报告.md:2625 端口速率/取货/M001/M001:out:1	通过	端口速率独立复算
校验报告.md:2626 端口速率/取货/M002/M002:out:1	通过	端口速率独立复算
校验报告.md:2627 端口速率/取货/M003/M003:out:1	通过	端口速率独立复算
校验报告.md:2628 端口速率/取货/M004/M004:out:1	通过	端口速率独立复算
校验报告.md:2629 端口速率/取货/M005/M005:out:1	通过	端口速率独立复算
校验报告.md:2630 端口速率/取货/M006/M006:out:1	通过	端口速率独立复算
校验报告.md:2631 端口速率/取货/M007/M007:out:1	通过	端口速率独立复算
校验报告.md:2632 端口速率/取货/M008/M008:out:1	通过	端口速率独立复算
校验报告.md:2633 端口速率/取货/M009/M009:out:1	通过	端口速率独立复算
校验报告.md:2634 端口速率/取货/M010/M010:out:1	通过	端口速率独立复算
校验报告.md:2635 端口速率/取货/M011/M011:out:1	通过	端口速率独立复算
校验报告.md:2636 端口速率/取货/M012/M012:out:1	通过	端口速率独立复算
校验报告.md:2637 端口速率/取货/M013/M013:out:1	通过	端口速率独立复算
校验报告.md:2638 端口速率/取货/M014/M014:out:1	通过	端口速率独立复算
校验报告.md:2639 端口速率/取货/M015/M015:out:1	通过	端口速率独立复算
校验报告.md:2640 端口速率/取货/M016/M016:out:1	通过	端口速率独立复算
校验报告.md:2641 端口速率/取货/M017/M017:out:1	通过	端口速率独立复算
校验报告.md:2642 端口速率/取货/M018/M018:out:1	通过	端口速率独立复算
校验报告.md:2643 端口速率/取货/M019/M019:out:1	通过	端口速率独立复算
校验报告.md:2644 端口速率/取货/M020/M020:out:1	通过	端口速率独立复算
校验报告.md:2645 端口速率/取货/M021/M021:out:1	通过	端口速率独立复算
校验报告.md:2646 端口速率/取货/M022/M022:out:1	通过	端口速率独立复算
校验报告.md:2647 端口速率/取货/M023/M023:out:1	通过	端口速率独立复算
校验报告.md:2648 端口速率/取货/M024/M024:out:1	通过	端口速率独立复算
校验报告.md:2649 端口速率/取货/M025/M025:out:1	通过	端口速率独立复算
校验报告.md:2650 端口速率/取货/M026/M026:out:1	通过	端口速率独立复算
校验报告.md:2651 端口速率/取货/M027/M027:out:1	通过	端口速率独立复算
校验报告.md:2652 端口速率/取货/M028/M028:out:1	通过	端口速率独立复算
校验报告.md:2653 端口速率/取货/M029/M029:out:1	通过	端口速率独立复算
校验报告.md:2654 端口速率/取货/M030/M030:out:1	通过	端口速率独立复算
校验报告.md:2655 端口速率/取货/M031/M031:out:1	通过	端口速率独立复算
校验报告.md:2656 端口速率/取货/M032/M032:out:1	通过	端口速率独立复算
校验报告.md:2657 端口速率/取货/M033/M033:out:1	通过	端口速率独立复算
校验报告.md:2658 端口速率/取货/M034/M034:out:1	通过	端口速率独立复算
校验报告.md:2659 端口速率/取货/M035/M035:out:1	通过	端口速率独立复算
校验报告.md:2660 端口速率/取货/M036/M036:out:1	通过	端口速率独立复算
校验报告.md:2661 端口速率/取货/M037/M037:out:1	通过	端口速率独立复算
校验报告.md:2662 端口速率/取货/M038/M038:out:1	通过	端口速率独立复算
校验报告.md:2663 端口速率/取货/M039/M039:out:1	通过	端口速率独立复算
校验报告.md:2664 端口速率/取货/M040/M040:out:1	通过	端口速率独立复算
校验报告.md:2665 端口速率/取货/M041/M041:out:1	通过	端口速率独立复算
校验报告.md:2666 端口速率/取货/M042/M042:out:1	通过	端口速率独立复算
校验报告.md:2667 端口速率/取货/M043/M043:out:1	通过	端口速率独立复算
校验报告.md:2668 端口速率/取货/M044/M044:out:1	通过	端口速率独立复算
校验报告.md:2669 端口速率/取货/M045/M045:out:1	通过	端口速率独立复算
校验报告.md:2670 端口速率/取货/M046/M046:out:1	通过	端口速率独立复算
校验报告.md:2671 端口速率/取货/M047/M047:out:1	通过	端口速率独立复算
校验报告.md:2672 端口速率/取货/M048/M048:out:1	通过	端口速率独立复算
校验报告.md:2673 端口速率/取货/M049/M049:out:1	通过	端口速率独立复算
校验报告.md:2674 端口速率/取货/M050/M050:out:1	通过	端口速率独立复算
校验报告.md:2675 端口速率/取货/M051/M051:out:1	通过	端口速率独立复算
校验报告.md:2676 端口速率/取货/M052/M052:out:1	通过	端口速率独立复算
校验报告.md:2677 端口速率/取货/M052/M052:out:2	通过	端口速率独立复算
校验报告.md:2678 端口速率/取货/M053/M053:out:1	通过	端口速率独立复算
校验报告.md:2679 端口速率/取货/M053/M053:out:2	通过	端口速率独立复算
校验报告.md:2680 端口速率/取货/M054/M054:out:1	通过	端口速率独立复算
校验报告.md:2681 端口速率/取货/M054/M054:out:2	通过	端口速率独立复算
校验报告.md:2682 端口速率/取货/M055/M055:out:1	通过	端口速率独立复算
校验报告.md:2683 端口速率/取货/M055/M055:out:2	通过	端口速率独立复算
校验报告.md:2684 端口速率/取货/M056/M056:out:1	通过	端口速率独立复算
校验报告.md:2685 端口速率/取货/M056/M056:out:2	通过	端口速率独立复算
校验报告.md:2686 端口速率/取货/M057/M057:out:1	通过	端口速率独立复算
校验报告.md:2687 端口速率/取货/M058/M058:out:1	通过	端口速率独立复算
校验报告.md:2688 端口速率/取货/M058/M058:out:2	通过	端口速率独立复算
校验报告.md:2689 端口速率/取货/M058/M058:out:3	通过	端口速率独立复算
校验报告.md:2690 端口速率/取货/M059/M059:out:1	通过	端口速率独立复算
校验报告.md:2691 端口速率/取货/M059/M059:out:2	通过	端口速率独立复算
校验报告.md:2692 端口速率/取货/M059/M059:out:3	通过	端口速率独立复算
校验报告.md:2693 端口速率/取货/M060/M060:out:1	通过	端口速率独立复算
校验报告.md:2694 端口速率/取货/M060/M060:out:2	通过	端口速率独立复算
校验报告.md:2695 端口速率/取货/M060/M060:out:3	通过	端口速率独立复算
校验报告.md:2696 端口速率/取货/M061/M061:out:1	通过	端口速率独立复算
校验报告.md:2697 端口速率/取货/M061/M061:out:2	通过	端口速率独立复算
校验报告.md:2698 端口速率/取货/M061/M061:out:3	通过	端口速率独立复算
校验报告.md:2699 端口速率/取货/M062/M062:out:1	通过	端口速率独立复算
校验报告.md:2700 端口速率/取货/M062/M062:out:2	通过	端口速率独立复算
校验报告.md:2701 端口速率/取货/M062/M062:out:3	通过	端口速率独立复算
校验报告.md:2702 端口速率/取货/M063/M063:out:1	通过	端口速率独立复算
校验报告.md:2703 端口速率/取货/M063/M063:out:2	通过	端口速率独立复算
校验报告.md:2704 端口速率/取货/M063/M063:out:3	通过	端口速率独立复算
校验报告.md:2705 端口速率/取货/M064/M064:out:1	通过	端口速率独立复算
校验报告.md:2706 端口速率/取货/M064/M064:out:2	通过	端口速率独立复算
校验报告.md:2707 端口速率/取货/M064/M064:out:3	通过	端口速率独立复算
校验报告.md:2708 端口速率/取货/M065/M065:out:1	通过	端口速率独立复算
校验报告.md:2709 端口速率/取货/M065/M065:out:2	通过	端口速率独立复算
校验报告.md:2710 端口速率/取货/M065/M065:out:3	通过	端口速率独立复算
校验报告.md:2711 端口速率/取货/M066/M066:out:1	通过	端口速率独立复算
校验报告.md:2712 端口速率/取货/M066/M066:out:2	通过	端口速率独立复算
校验报告.md:2713 端口速率/取货/M066/M066:out:3	通过	端口速率独立复算
校验报告.md:2714 端口速率/取货/M067/M067:out:1	通过	端口速率独立复算
校验报告.md:2715 端口速率/取货/M067/M067:out:2	通过	端口速率独立复算
校验报告.md:2716 端口速率/取货/M067/M067:out:3	通过	端口速率独立复算
校验报告.md:2717 端口速率/取货/M068/M068:out:1	通过	端口速率独立复算
校验报告.md:2718 端口速率/取货/M068/M068:out:2	通过	端口速率独立复算
校验报告.md:2719 端口速率/取货/M068/M068:out:3	通过	端口速率独立复算
校验报告.md:2720 端口速率/取货/M069/M069:out:1	通过	端口速率独立复算
校验报告.md:2721 端口速率/取货/M070/M070:out:1	通过	端口速率独立复算
校验报告.md:2722 端口速率/取货/M071/M071:out:1	通过	端口速率独立复算
校验报告.md:2723 端口速率/取货/M072/M072:out:1	通过	端口速率独立复算
校验报告.md:2724 端口速率/取货/M073/M073:out:1	通过	端口速率独立复算
校验报告.md:2725 端口速率/取货/M074/M074:out:1	通过	端口速率独立复算
校验报告.md:2726 端口速率/取货/M075/M075:out:1	通过	端口速率独立复算
校验报告.md:2727 端口速率/取货/M076/M076:out:1	通过	端口速率独立复算
校验报告.md:2728 端口速率/取货/M077/M077:out:1	通过	端口速率独立复算
校验报告.md:2729 端口速率/取货/M078/M078:out:1	通过	端口速率独立复算
校验报告.md:2730 端口速率/取货/M079/M079:out:1	通过	端口速率独立复算
校验报告.md:2731 端口速率/取货/M080/M080:out:1	通过	端口速率独立复算
校验报告.md:2732 端口速率/取货/M081/M081:out:1	通过	端口速率独立复算
校验报告.md:2733 端口速率/取货/M082/M082:out:1	通过	端口速率独立复算
校验报告.md:2734 端口速率/取货/M083/M083:out:1	通过	端口速率独立复算
校验报告.md:2735 端口速率/取货/M084/M084:out:1	通过	端口速率独立复算
校验报告.md:2736 端口速率/取货/M085/M085:out:1	通过	端口速率独立复算
校验报告.md:2737 端口速率/取货/M086/M086:out:1	通过	端口速率独立复算
校验报告.md:2738 端口速率/取货/M087/M087:out:1	通过	端口速率独立复算
校验报告.md:2739 端口速率/取货/M088/M088:out:1	通过	端口速率独立复算
校验报告.md:2740 端口速率/取货/M089/M089:out:1	通过	端口速率独立复算
校验报告.md:2741 端口速率/取货/M090/M090:out:1	通过	端口速率独立复算
校验报告.md:2742 端口速率/取货/M091/M091:out:1	通过	端口速率独立复算
校验报告.md:2743 端口速率/取货/M092/M092:out:1	通过	端口速率独立复算
校验报告.md:2744 端口速率/取货/M093/M093:out:1	通过	端口速率独立复算
校验报告.md:2745 端口速率/取货/M094/M094:out:1	通过	端口速率独立复算
校验报告.md:2746 端口速率/取货/M095/M095:out:1	通过	端口速率独立复算
校验报告.md:2747 端口速率/取货/M096/M096:out:1	通过	端口速率独立复算
校验报告.md:2748 端口速率/取货/M097/M097:out:1	通过	端口速率独立复算
校验报告.md:2749 端口速率/取货/M098/M098:out:1	通过	端口速率独立复算
校验报告.md:2750 端口速率/取货/M099/M099:out:1	通过	端口速率独立复算
校验报告.md:2751 端口速率/取货/M100/M100:out:1	通过	端口速率独立复算
校验报告.md:2752 端口速率/取货/M101/M101:out:1	通过	端口速率独立复算
校验报告.md:2753 端口速率/取货/M102/M102:out:1	通过	端口速率独立复算
校验报告.md:2754 端口速率/取货/M103/M103:out:1	通过	端口速率独立复算
校验报告.md:2755 端口速率/取货/M104/M104:out:1	通过	端口速率独立复算
校验报告.md:2756 端口速率/取货/M105/M105:out:1	通过	端口速率独立复算
校验报告.md:2757 端口速率/取货/M106/M106:out:1	通过	端口速率独立复算
校验报告.md:2758 端口速率/取货/M107/M107:out:1	通过	端口速率独立复算
校验报告.md:2759 端口速率/取货/M108/M108:out:1	通过	端口速率独立复算
校验报告.md:2760 端口速率/取货/M109/M109:out:1	通过	端口速率独立复算
校验报告.md:2761 端口速率/取货/M110/M110:out:1	通过	端口速率独立复算
校验报告.md:2762 端口速率/取货/M111/M111:out:1	通过	端口速率独立复算
校验报告.md:2763 端口速率/取货/M112/M112:out:1	通过	端口速率独立复算
校验报告.md:2764 端口速率/取货/M113/M113:out:1	通过	端口速率独立复算
校验报告.md:2765 端口速率/取货/M114/M114:out:1	通过	端口速率独立复算
校验报告.md:2766 端口速率/取货/M115/M115:out:1	通过	端口速率独立复算
校验报告.md:2767 端口速率/取货/M116/M116:out:1	通过	端口速率独立复算
校验报告.md:2768 端口速率/取货/M117/M117:out:1	通过	端口速率独立复算
校验报告.md:2769 端口速率/取货/M118/M118:out:1	通过	端口速率独立复算
校验报告.md:2770 端口速率/取货/M119/M119:out:1	通过	端口速率独立复算
校验报告.md:2771 端口速率/取货/M120/M120:out:1	通过	端口速率独立复算
校验报告.md:2772 端口速率/取货/M121/M121:out:1	通过	端口速率独立复算
校验报告.md:2773 端口速率/取货/M122/M122:out:1	通过	端口速率独立复算
校验报告.md:2774 端口速率/取货/M123/M123:out:1	通过	端口速率独立复算
校验报告.md:2775 端口速率/取货/M124/M124:out:1	通过	端口速率独立复算
校验报告.md:2776 端口速率/取货/M125/M125:out:1	通过	端口速率独立复算
校验报告.md:2777 端口速率/取货/M126/M126:out:1	通过	端口速率独立复算
校验报告.md:2778 端口速率/取货/M127/M127:out:1	通过	端口速率独立复算
校验报告.md:2779 端口速率/取货/M128/M128:out:1	通过	端口速率独立复算
校验报告.md:2780 端口速率/取货/M129/M129:out:1	通过	端口速率独立复算
校验报告.md:2781 端口速率/取货/M130/M130:out:1	通过	端口速率独立复算
校验报告.md:2782 端口速率/取货/M131/M131:out:1	通过	端口速率独立复算
校验报告.md:2783 端口速率/取货/M132/M132:out:1	通过	端口速率独立复算
校验报告.md:2784 端口速率/取货/M133/M133:out:1	通过	端口速率独立复算
校验报告.md:2785 端口速率/取货/M134/M134:out:1	通过	端口速率独立复算
校验报告.md:2786 端口速率/取货/M135/M135:out:1	通过	端口速率独立复算
校验报告.md:2787 端口速率/取货/M136/M136:out:1	通过	端口速率独立复算
校验报告.md:2788 端口速率/取货/M137/M137:out:1	通过	端口速率独立复算
校验报告.md:2789 端口速率/取货/M138/M138:out:1	通过	端口速率独立复算
校验报告.md:2790 端口速率/取货/M139/M139:out:1	通过	端口速率独立复算
校验报告.md:2791 端口速率/取货/M140/M140:out:1	通过	端口速率独立复算
校验报告.md:2792 端口速率/取货/M141/M141:out:1	通过	端口速率独立复算
校验报告.md:2793 端口速率/取货/M142/M142:out:1	通过	端口速率独立复算
校验报告.md:2794 端口速率/取货/M143/M143:out:1	通过	端口速率独立复算
校验报告.md:2795 端口速率/取货/M144/M144:out:1	通过	端口速率独立复算
校验报告.md:2796 端口速率/取货/M145/M145:out:1	通过	端口速率独立复算
校验报告.md:2797 端口速率/取货/M146/M146:out:1	通过	端口速率独立复算
校验报告.md:2798 端口速率/取货/M147/M147:out:1	通过	端口速率独立复算
校验报告.md:2799 端口速率/取货/M148/M148:out:1	通过	端口速率独立复算
校验报告.md:2800 端口速率/取货/M149/M149:out:1	通过	端口速率独立复算
校验报告.md:2801 端口速率/取货/M150/M150:out:1	通过	端口速率独立复算
校验报告.md:2802 端口速率/取货/M151/M151:out:1	通过	端口速率独立复算
校验报告.md:2803 端口速率/取货/M152/M152:out:1	通过	端口速率独立复算
校验报告.md:2804 端口速率/取货/M153/M153:out:1	通过	端口速率独立复算
校验报告.md:2805 端口速率/取货/M154/M154:out:1	通过	端口速率独立复算
校验报告.md:2806 端口速率/取货/M155/M155:out:1	通过	端口速率独立复算
校验报告.md:2807 端口速率/取货/M156/M156:out:1	通过	端口速率独立复算
校验报告.md:2808 端口速率/取货/M157/M157:out:1	通过	端口速率独立复算
校验报告.md:2809 端口速率/取货/M158/M158:out:1	通过	端口速率独立复算
校验报告.md:2810 端口速率/取货/M159/M159:out:1	通过	端口速率独立复算
校验报告.md:2811 端口速率/取货/M160/M160:out:1	通过	端口速率独立复算
校验报告.md:2812 端口速率/取货/M161/M161:out:1	通过	端口速率独立复算
校验报告.md:2813 端口速率/取货/M162/M162:out:1	通过	端口速率独立复算
校验报告.md:2814 端口速率/取货/M163/M163:out:1	通过	端口速率独立复算
校验报告.md:2815 端口速率/取货/M164/M164:out:1	通过	端口速率独立复算
校验报告.md:2816 端口速率/取货/M165/M165:out:1	通过	端口速率独立复算
校验报告.md:2817 端口速率/取货/M166/M166:out:1	通过	端口速率独立复算
校验报告.md:2818 端口速率/取货/M167/M167:out:1	通过	端口速率独立复算
校验报告.md:2819 端口速率/取货/M168/M168:out:1	通过	端口速率独立复算
校验报告.md:2820 端口速率/取货/M169/M169:out:1	通过	端口速率独立复算
校验报告.md:2821 端口速率/取货/M170/M170:out:1	通过	端口速率独立复算
校验报告.md:2822 端口速率/取货/M171/M171:out:1	通过	端口速率独立复算
校验报告.md:2823 端口速率/取货/M172/M172:out:1	通过	端口速率独立复算
校验报告.md:2824 端口速率/取货/M173/M173:out:1	通过	端口速率独立复算
校验报告.md:2825 端口速率/取货/M174/M174:out:1	通过	端口速率独立复算
校验报告.md:2826 端口速率/取货/M174/M174:out:2	通过	端口速率独立复算
校验报告.md:2827 端口速率/取货/M175/M175:out:1	通过	端口速率独立复算
校验报告.md:2828 端口速率/取货/M176/M176:out:1	通过	端口速率独立复算
校验报告.md:2829 端口速率/取货/M177/M177:out:1	通过	端口速率独立复算
校验报告.md:2830 端口速率/取货/M178/M178:out:1	通过	端口速率独立复算
校验报告.md:2831 端口速率/取货/M179/M179:out:1	通过	端口速率独立复算
校验报告.md:2832 端口速率/取货/M180/M180:out:1	通过	端口速率独立复算
校验报告.md:2833 端口速率/取货/M181/M181:out:1	通过	端口速率独立复算
校验报告.md:2834 端口速率/取货/M182/M182:out:1	通过	端口速率独立复算
校验报告.md:2835 端口速率/取货/M183/M183:out:1	通过	端口速率独立复算
校验报告.md:2836 端口速率/取货/M184/M184:out:1	通过	端口速率独立复算
校验报告.md:2837 端口速率/取货/M185/M185:out:1	通过	端口速率独立复算
校验报告.md:2838 端口速率/取货/M186/M186:out:1	通过	端口速率独立复算
校验报告.md:2839 端口速率/取货/M187/M187:out:1	通过	端口速率独立复算
校验报告.md:2840 端口速率/取货/M188/M188:out:1	通过	端口速率独立复算
校验报告.md:2841 端口速率/取货/M189/M189:out:1	通过	端口速率独立复算
校验报告.md:2842 端口速率/取货/M190/M190:out:1	通过	端口速率独立复算
校验报告.md:2843 端口速率/取货/M191/M191:out:1	通过	端口速率独立复算
校验报告.md:2844 端口速率/取货/M192/M192:out:1	通过	端口速率独立复算
校验报告.md:2845 端口速率/取货/M193/M193:out:1	通过	端口速率独立复算
校验报告.md:2846 端口速率/取货/M194/M194:out:1	通过	端口速率独立复算
校验报告.md:2847 端口速率/取货/M195/M195:out:1	通过	端口速率独立复算
校验报告.md:2848 端口速率/取货/M195/M195:out:2	通过	端口速率独立复算
校验报告.md:2849 端口速率/取货/M196/M196:out:1	通过	端口速率独立复算
校验报告.md:2850 端口速率/取货/M196/M196:out:2	通过	端口速率独立复算
校验报告.md:2851 端口速率/取货/M197/M197:out:1	通过	端口速率独立复算
校验报告.md:2852 端口速率/取货/M197/M197:out:2	通过	端口速率独立复算
校验报告.md:2853 端口速率/取货/M198/M198:out:1	通过	端口速率独立复算
校验报告.md:2854 端口速率/取货/M198/M198:out:2	通过	端口速率独立复算
校验报告.md:2855 端口速率/取货/M199/M199:out:1	通过	端口速率独立复算
校验报告.md:2856 端口速率/取货/M199/M199:out:2	通过	端口速率独立复算
校验报告.md:2857 端口速率/取货/M200/M200:out:1	通过	端口速率独立复算
校验报告.md:2858 端口速率/取货/M200/M200:out:2	通过	端口速率独立复算
校验报告.md:2859 端口速率/取货/M201/M201:out:1	通过	端口速率独立复算
校验报告.md:2860 端口速率/取货/M202/M202:out:1	通过	端口速率独立复算
校验报告.md:2861 端口速率/取货/M202/M202:out:2	通过	端口速率独立复算
校验报告.md:2862 端口速率/取货/M203/M203:out:1	通过	端口速率独立复算
校验报告.md:2863 端口速率/取货/M203/M203:out:2	通过	端口速率独立复算
校验报告.md:2864 端口速率/取货/M204/M204:out:1	通过	端口速率独立复算
校验报告.md:2865 端口速率/取货/M204/M204:out:2	通过	端口速率独立复算
校验报告.md:2866 端口速率/取货/M205/M205:out:1	通过	端口速率独立复算
校验报告.md:2867 端口速率/取货/M205/M205:out:2	通过	端口速率独立复算
校验报告.md:2868 端口速率/取货/M206/M206:out:1	通过	端口速率独立复算
校验报告.md:2869 端口速率/取货/M206/M206:out:2	通过	端口速率独立复算
校验报告.md:2870 端口速率/取货/M207/M207:out:1	通过	端口速率独立复算
校验报告.md:2871 端口速率/取货/M207/M207:out:2	通过	端口速率独立复算
校验报告.md:2872 端口速率/取货/M208/M208:out:1	通过	端口速率独立复算
校验报告.md:2873 端口速率/取货/M208/M208:out:2	通过	端口速率独立复算
校验报告.md:2874 端口速率/取货/M209/M209:out:1	通过	端口速率独立复算
校验报告.md:2875 端口速率/取货/M209/M209:out:2	通过	端口速率独立复算
校验报告.md:2876 端口速率/取货/M210/M210:out:1	通过	端口速率独立复算
校验报告.md:2877 端口速率/取货/M210/M210:out:2	通过	端口速率独立复算
校验报告.md:2878 端口速率/取货/M211/M211:out:1	通过	端口速率独立复算
校验报告.md:2879 端口速率/取货/M211/M211:out:2	通过	端口速率独立复算
校验报告.md:2880 端口速率/取货/M212/M212:out:1	通过	端口速率独立复算
校验报告.md:2881 端口速率/取货/M213/M213:out:1	通过	端口速率独立复算
校验报告.md:2882 端口速率/取货/M214/M214:out:1	通过	端口速率独立复算
校验报告.md:2883 端口速率/取货/M215/M215:out:1	通过	端口速率独立复算
校验报告.md:2884 端口速率/取货/M216/M216:out:1	通过	端口速率独立复算
校验报告.md:2885 端口速率/取货/M217/M217:out:1	通过	端口速率独立复算
校验报告.md:2886 端口速率/取货/M218/M218:out:1	通过	端口速率独立复算
校验报告.md:2887 端口速率/取货/ORE000/ORE000:out:1	通过	端口速率独立复算
校验报告.md:2888 端口速率/取货/ORE001/ORE001:out:1	通过	端口速率独立复算
校验报告.md:2889 端口速率/取货/ORE002/ORE002:out:1	通过	端口速率独立复算
校验报告.md:2890 端口速率/取货/ORE003/ORE003:out:1	通过	端口速率独立复算
校验报告.md:2891 端口速率/取货/ORE004/ORE004:out:1	通过	端口速率独立复算
校验报告.md:2892 端口速率/取货/ORE005/ORE005:out:1	通过	端口速率独立复算
校验报告.md:2893 端口速率/取货/ORE006/ORE006:out:1	通过	端口速率独立复算
校验报告.md:2894 端口速率/取货/ORE007/ORE007:out:1	通过	端口速率独立复算
校验报告.md:2895 端口速率/取货/ORE008/ORE008:out:1	通过	端口速率独立复算
校验报告.md:2896 端口速率/取货/ORE009/ORE009:out:1	通过	端口速率独立复算
校验报告.md:2897 端口速率/取货/ORE010/ORE010:out:1	通过	端口速率独立复算
校验报告.md:2898 端口速率/取货/ORE011/ORE011:out:1	通过	端口速率独立复算
校验报告.md:2899 端口速率/取货/ORE012/ORE012:out:1	通过	端口速率独立复算
校验报告.md:2900 端口速率/取货/ORE013/ORE013:out:1	通过	端口速率独立复算
校验报告.md:2901 端口速率/取货/ORE014/ORE014:out:1	通过	端口速率独立复算
校验报告.md:2902 端口速率/取货/ORE015/ORE015:out:1	通过	端口速率独立复算
校验报告.md:2903 端口速率/取货/ORE016/ORE016:out:1	通过	端口速率独立复算
校验报告.md:2904 端口速率/取货/ORE017/ORE017:out:1	通过	端口速率独立复算
校验报告.md:2905 端口速率/取货/ORE018/ORE018:out:1	通过	端口速率独立复算
校验报告.md:2906 端口速率/取货/ORE019/ORE019:out:1	通过	端口速率独立复算
校验报告.md:2907 端口速率/取货/ORE020/ORE020:out:1	通过	端口速率独立复算
校验报告.md:2908 端口速率/取货/ORE021/ORE021:out:1	通过	端口速率独立复算
校验报告.md:2909 端口速率/取货/ORE022/ORE022:out:1	通过	端口速率独立复算
校验报告.md:2910 端口速率/取货/ORE023/ORE023:out:1	通过	端口速率独立复算
校验报告.md:2911 端口速率/取货/ORE024/ORE024:out:1	通过	端口速率独立复算
校验报告.md:2912 端口速率/取货/ORE025/ORE025:out:1	通过	端口速率独立复算
校验报告.md:2913 端口速率/取货/ORE026/ORE026:out:1	通过	端口速率独立复算
校验报告.md:2914 端口速率/取货/ORE027/ORE027:out:1	通过	端口速率独立复算
校验报告.md:2915 端口速率/取货/ORE028/ORE028:out:1	通过	端口速率独立复算
校验报告.md:2916 端口速率/取货/ORE029/ORE029:out:1	通过	端口速率独立复算
校验报告.md:2917 端口速率/取货/ORE030/ORE030:out:1	通过	端口速率独立复算
校验报告.md:2918 端口速率/取货/ORE031/ORE031:out:1	通过	端口速率独立复算
校验报告.md:2919 端口速率/取货/ORE032/ORE032:out:1	通过	端口速率独立复算
校验报告.md:2920 端口速率/取货/ORE033/ORE033:out:1	通过	端口速率独立复算
校验报告.md:2921 端口速率/取货/ORE034/ORE034:out:1	通过	端口速率独立复算
校验报告.md:2922 端口速率/取货/ORE035/ORE035:out:1	通过	端口速率独立复算
校验报告.md:2923 端口速率/取货/ORE036/ORE036:out:1	通过	端口速率独立复算
校验报告.md:2924 端口速率/取货/ORE037/ORE037:out:1	通过	端口速率独立复算
校验报告.md:2925 端口速率/取货/ORE038/ORE038:out:1	通过	端口速率独立复算
校验报告.md:2926 端口速率/取货/ORE039/ORE039:out:1	通过	端口速率独立复算
校验报告.md:2927 端口速率/取货/ORE040/ORE040:out:1	通过	端口速率独立复算
校验报告.md:2928 端口速率/取货/ORE041/ORE041:out:1	通过	端口速率独立复算
校验报告.md:2929 端口速率/取货/ORE042/ORE042:out:1	通过	端口速率独立复算
校验报告.md:2930 端口速率/取货/ORE043/ORE043:out:1	通过	端口速率独立复算
校验报告.md:2931 端口速率/取货/ORE044/ORE044:out:1	通过	端口速率独立复算
校验报告.md:2932 端口速率/取货/ORE045/ORE045:out:1	通过	端口速率独立复算
校验报告.md:2933 端口速率/取货/ORE046/ORE046:out:1	通过	端口速率独立复算
校验报告.md:2934 端口速率/取货/ORE047/ORE047:out:1	通过	端口速率独立复算
校验报告.md:2935 端口速率/取货/ORE048/ORE048:out:1	通过	端口速率独立复算
校验报告.md:2936 端口速率/取货/ORE049/ORE049:out:1	通过	端口速率独立复算
校验报告.md:2937 端口速率/取货/ORE050/ORE050:out:1	通过	端口速率独立复算
校验报告.md:2938 端口速率/取货/ORE051/ORE051:out:1	通过	端口速率独立复算
校验报告.md:2939 端口数/M000	通过	逐机端口计数
校验报告.md:2940 占地/M000	通过	正式尺寸乘积
校验报告.md:2941 契约/配方集/M000	通过	结构、证据边界文字核对
校验报告.md:2942 配方/M000／粉碎-源矿	通过	结构、证据边界文字核对
校验报告.md:2943 逐机配方守恒/M000/粉碎-源矿/输入/源矿	通过	逐机逐物品精确守恒
校验报告.md:2944 逐机配方守恒/M000/粉碎-源矿/输出/源石粉末	通过	逐机逐物品精确守恒
校验报告.md:2945 制造能力/M000	通过	逐机时间占用
校验报告.md:2946 契约/多料栏/M000	通过	结构、证据边界文字核对
校验报告.md:2947 端口数/M001	通过	逐机端口计数
校验报告.md:2948 占地/M001	通过	正式尺寸乘积
校验报告.md:2949 契约/配方集/M001	通过	结构、证据边界文字核对
校验报告.md:2950 配方/M001／粉碎-源矿	通过	结构、证据边界文字核对
校验报告.md:2951 逐机配方守恒/M001/粉碎-源矿/输入/源矿	通过	逐机逐物品精确守恒
校验报告.md:2952 逐机配方守恒/M001/粉碎-源矿/输出/源石粉末	通过	逐机逐物品精确守恒
校验报告.md:2953 制造能力/M001	通过	逐机时间占用
校验报告.md:2954 契约/多料栏/M001	通过	结构、证据边界文字核对
校验报告.md:2955 端口数/M002	通过	逐机端口计数
校验报告.md:2956 占地/M002	通过	正式尺寸乘积
校验报告.md:2957 契约/配方集/M002	通过	结构、证据边界文字核对
校验报告.md:2958 配方/M002／粉碎-源矿	通过	结构、证据边界文字核对
校验报告.md:2959 逐机配方守恒/M002/粉碎-源矿/输入/源矿	通过	逐机逐物品精确守恒
校验报告.md:2960 逐机配方守恒/M002/粉碎-源矿/输出/源石粉末	通过	逐机逐物品精确守恒
校验报告.md:2961 制造能力/M002	通过	逐机时间占用
校验报告.md:2962 契约/多料栏/M002	通过	结构、证据边界文字核对
校验报告.md:2963 端口数/M003	通过	逐机端口计数
校验报告.md:2964 占地/M003	通过	正式尺寸乘积
校验报告.md:2965 契约/配方集/M003	通过	结构、证据边界文字核对
校验报告.md:2966 配方/M003／粉碎-源矿	通过	结构、证据边界文字核对
校验报告.md:2967 逐机配方守恒/M003/粉碎-源矿/输入/源矿	通过	逐机逐物品精确守恒
校验报告.md:2968 逐机配方守恒/M003/粉碎-源矿/输出/源石粉末	通过	逐机逐物品精确守恒
校验报告.md:2969 制造能力/M003	通过	逐机时间占用
校验报告.md:2970 契约/多料栏/M003	通过	结构、证据边界文字核对
校验报告.md:2971 端口数/M004	通过	逐机端口计数
校验报告.md:2972 占地/M004	通过	正式尺寸乘积
校验报告.md:2973 契约/配方集/M004	通过	结构、证据边界文字核对
校验报告.md:2974 配方/M004／粉碎-源矿	通过	结构、证据边界文字核对
校验报告.md:2975 逐机配方守恒/M004/粉碎-源矿/输入/源矿	通过	逐机逐物品精确守恒
校验报告.md:2976 逐机配方守恒/M004/粉碎-源矿/输出/源石粉末	通过	逐机逐物品精确守恒
校验报告.md:2977 制造能力/M004	通过	逐机时间占用
校验报告.md:2978 契约/多料栏/M004	通过	结构、证据边界文字核对
校验报告.md:2979 端口数/M005	通过	逐机端口计数
校验报告.md:2980 占地/M005	通过	正式尺寸乘积
校验报告.md:2981 契约/配方集/M005	通过	结构、证据边界文字核对
校验报告.md:2982 配方/M005／粉碎-源矿	通过	结构、证据边界文字核对
校验报告.md:2983 逐机配方守恒/M005/粉碎-源矿/输入/源矿	通过	逐机逐物品精确守恒
校验报告.md:2984 逐机配方守恒/M005/粉碎-源矿/输出/源石粉末	通过	逐机逐物品精确守恒
校验报告.md:2985 制造能力/M005	通过	逐机时间占用
校验报告.md:2986 契约/多料栏/M005	通过	结构、证据边界文字核对
校验报告.md:2987 端口数/M006	通过	逐机端口计数
校验报告.md:2988 占地/M006	通过	正式尺寸乘积
校验报告.md:2989 契约/配方集/M006	通过	结构、证据边界文字核对
校验报告.md:2990 配方/M006／粉碎-源矿	通过	结构、证据边界文字核对
校验报告.md:2991 逐机配方守恒/M006/粉碎-源矿/输入/源矿	通过	逐机逐物品精确守恒
校验报告.md:2992 逐机配方守恒/M006/粉碎-源矿/输出/源石粉末	通过	逐机逐物品精确守恒
校验报告.md:2993 制造能力/M006	通过	逐机时间占用
校验报告.md:2994 契约/多料栏/M006	通过	结构、证据边界文字核对
校验报告.md:2995 端口数/M007	通过	逐机端口计数
校验报告.md:2996 占地/M007	通过	正式尺寸乘积
校验报告.md:2997 契约/配方集/M007	通过	结构、证据边界文字核对
校验报告.md:2998 配方/M007／粉碎-源矿	通过	结构、证据边界文字核对
校验报告.md:2999 逐机配方守恒/M007/粉碎-源矿/输入/源矿	通过	逐机逐物品精确守恒
校验报告.md:3000 逐机配方守恒/M007/粉碎-源矿/输出/源石粉末	通过	逐机逐物品精确守恒
校验报告.md:3001 制造能力/M007	通过	逐机时间占用
校验报告.md:3002 契约/多料栏/M007	通过	结构、证据边界文字核对
校验报告.md:3003 端口数/M008	通过	逐机端口计数
校验报告.md:3004 占地/M008	通过	正式尺寸乘积
校验报告.md:3005 契约/配方集/M008	通过	结构、证据边界文字核对
校验报告.md:3006 配方/M008／粉碎-源矿	通过	结构、证据边界文字核对
校验报告.md:3007 逐机配方守恒/M008/粉碎-源矿/输入/源矿	通过	逐机逐物品精确守恒
校验报告.md:3008 逐机配方守恒/M008/粉碎-源矿/输出/源石粉末	通过	逐机逐物品精确守恒
校验报告.md:3009 制造能力/M008	通过	逐机时间占用
校验报告.md:3010 契约/多料栏/M008	通过	结构、证据边界文字核对
校验报告.md:3011 端口数/M009	通过	逐机端口计数
校验报告.md:3012 占地/M009	通过	正式尺寸乘积
校验报告.md:3013 契约/配方集/M009	通过	结构、证据边界文字核对
校验报告.md:3014 配方/M009／粉碎-源矿	通过	结构、证据边界文字核对
校验报告.md:3015 逐机配方守恒/M009/粉碎-源矿/输入/源矿	通过	逐机逐物品精确守恒
校验报告.md:3016 逐机配方守恒/M009/粉碎-源矿/输出/源石粉末	通过	逐机逐物品精确守恒
校验报告.md:3017 制造能力/M009	通过	逐机时间占用
校验报告.md:3018 契约/多料栏/M009	通过	结构、证据边界文字核对
校验报告.md:3019 端口数/M010	通过	逐机端口计数
校验报告.md:3020 占地/M010	通过	正式尺寸乘积
校验报告.md:3021 契约/配方集/M010	通过	结构、证据边界文字核对
校验报告.md:3022 配方/M010／粉碎-源矿	通过	结构、证据边界文字核对
校验报告.md:3023 逐机配方守恒/M010/粉碎-源矿/输入/源矿	通过	逐机逐物品精确守恒
校验报告.md:3024 逐机配方守恒/M010/粉碎-源矿/输出/源石粉末	通过	逐机逐物品精确守恒
校验报告.md:3025 制造能力/M010	通过	逐机时间占用
校验报告.md:3026 契约/多料栏/M010	通过	结构、证据边界文字核对
校验报告.md:3027 端口数/M011	通过	逐机端口计数
校验报告.md:3028 占地/M011	通过	正式尺寸乘积
校验报告.md:3029 契约/配方集/M011	通过	结构、证据边界文字核对
校验报告.md:3030 配方/M011／粉碎-源矿	通过	结构、证据边界文字核对
校验报告.md:3031 逐机配方守恒/M011/粉碎-源矿/输入/源矿	通过	逐机逐物品精确守恒
校验报告.md:3032 逐机配方守恒/M011/粉碎-源矿/输出/源石粉末	通过	逐机逐物品精确守恒
校验报告.md:3033 制造能力/M011	通过	逐机时间占用
校验报告.md:3034 契约/多料栏/M011	通过	结构、证据边界文字核对
校验报告.md:3035 端口数/M012	通过	逐机端口计数
校验报告.md:3036 占地/M012	通过	正式尺寸乘积
校验报告.md:3037 契约/配方集/M012	通过	结构、证据边界文字核对
校验报告.md:3038 配方/M012／粉碎-源矿	通过	结构、证据边界文字核对
校验报告.md:3039 逐机配方守恒/M012/粉碎-源矿/输入/源矿	通过	逐机逐物品精确守恒
校验报告.md:3040 逐机配方守恒/M012/粉碎-源矿/输出/源石粉末	通过	逐机逐物品精确守恒
校验报告.md:3041 制造能力/M012	通过	逐机时间占用
校验报告.md:3042 契约/多料栏/M012	通过	结构、证据边界文字核对
校验报告.md:3043 端口数/M013	通过	逐机端口计数
校验报告.md:3044 占地/M013	通过	正式尺寸乘积
校验报告.md:3045 契约/配方集/M013	通过	结构、证据边界文字核对
校验报告.md:3046 配方/M013／粉碎-源矿	通过	结构、证据边界文字核对
校验报告.md:3047 逐机配方守恒/M013/粉碎-源矿/输入/源矿	通过	逐机逐物品精确守恒
校验报告.md:3048 逐机配方守恒/M013/粉碎-源矿/输出/源石粉末	通过	逐机逐物品精确守恒
校验报告.md:3049 制造能力/M013	通过	逐机时间占用
校验报告.md:3050 契约/多料栏/M013	通过	结构、证据边界文字核对
校验报告.md:3051 端口数/M014	通过	逐机端口计数
校验报告.md:3052 占地/M014	通过	正式尺寸乘积
校验报告.md:3053 契约/配方集/M014	通过	结构、证据边界文字核对
校验报告.md:3054 配方/M014／粉碎-源矿	通过	结构、证据边界文字核对
校验报告.md:3055 逐机配方守恒/M014/粉碎-源矿/输入/源矿	通过	逐机逐物品精确守恒
校验报告.md:3056 逐机配方守恒/M014/粉碎-源矿/输出/源石粉末	通过	逐机逐物品精确守恒
校验报告.md:3057 制造能力/M014	通过	逐机时间占用
校验报告.md:3058 契约/多料栏/M014	通过	结构、证据边界文字核对
校验报告.md:3059 端口数/M015	通过	逐机端口计数
校验报告.md:3060 占地/M015	通过	正式尺寸乘积
校验报告.md:3061 契约/配方集/M015	通过	结构、证据边界文字核对
校验报告.md:3062 配方/M015／粉碎-源矿	通过	结构、证据边界文字核对
校验报告.md:3063 逐机配方守恒/M015/粉碎-源矿/输入/源矿	通过	逐机逐物品精确守恒
校验报告.md:3064 逐机配方守恒/M015/粉碎-源矿/输出/源石粉末	通过	逐机逐物品精确守恒
校验报告.md:3065 制造能力/M015	通过	逐机时间占用
校验报告.md:3066 契约/多料栏/M015	通过	结构、证据边界文字核对
校验报告.md:3067 端口数/M016	通过	逐机端口计数
校验报告.md:3068 占地/M016	通过	正式尺寸乘积
校验报告.md:3069 契约/配方集/M016	通过	结构、证据边界文字核对
校验报告.md:3070 配方/M016／粉碎-源矿	通过	结构、证据边界文字核对
校验报告.md:3071 逐机配方守恒/M016/粉碎-源矿/输入/源矿	通过	逐机逐物品精确守恒
校验报告.md:3072 逐机配方守恒/M016/粉碎-源矿/输出/源石粉末	通过	逐机逐物品精确守恒
校验报告.md:3073 制造能力/M016	通过	逐机时间占用
校验报告.md:3074 契约/多料栏/M016	通过	结构、证据边界文字核对
校验报告.md:3075 端口数/M017	通过	逐机端口计数
校验报告.md:3076 占地/M017	通过	正式尺寸乘积
校验报告.md:3077 契约/配方集/M017	通过	结构、证据边界文字核对
校验报告.md:3078 配方/M017／粉碎-源矿	通过	结构、证据边界文字核对
校验报告.md:3079 逐机配方守恒/M017/粉碎-源矿/输入/源矿	通过	逐机逐物品精确守恒
校验报告.md:3080 逐机配方守恒/M017/粉碎-源矿/输出/源石粉末	通过	逐机逐物品精确守恒
校验报告.md:3081 制造能力/M017	通过	逐机时间占用
校验报告.md:3082 契约/多料栏/M017	通过	结构、证据边界文字核对
校验报告.md:3083 端口数/M018	通过	逐机端口计数
校验报告.md:3084 占地/M018	通过	正式尺寸乘积
校验报告.md:3085 契约/配方集/M018	通过	结构、证据边界文字核对
校验报告.md:3086 配方/M018／粉碎-蓝铁块	通过	结构、证据边界文字核对
校验报告.md:3087 逐机配方守恒/M018/粉碎-蓝铁块/输入/蓝铁块	通过	逐机逐物品精确守恒
校验报告.md:3088 逐机配方守恒/M018/粉碎-蓝铁块/输出/蓝铁粉末	通过	逐机逐物品精确守恒
校验报告.md:3089 制造能力/M018	通过	逐机时间占用
校验报告.md:3090 契约/多料栏/M018	通过	结构、证据边界文字核对
校验报告.md:3091 端口数/M019	通过	逐机端口计数
校验报告.md:3092 占地/M019	通过	正式尺寸乘积
校验报告.md:3093 契约/配方集/M019	通过	结构、证据边界文字核对
校验报告.md:3094 配方/M019／粉碎-蓝铁块	通过	结构、证据边界文字核对
校验报告.md:3095 逐机配方守恒/M019/粉碎-蓝铁块/输入/蓝铁块	通过	逐机逐物品精确守恒
校验报告.md:3096 逐机配方守恒/M019/粉碎-蓝铁块/输出/蓝铁粉末	通过	逐机逐物品精确守恒
校验报告.md:3097 制造能力/M019	通过	逐机时间占用
校验报告.md:3098 契约/多料栏/M019	通过	结构、证据边界文字核对
校验报告.md:3099 端口数/M020	通过	逐机端口计数
校验报告.md:3100 占地/M020	通过	正式尺寸乘积
校验报告.md:3101 契约/配方集/M020	通过	结构、证据边界文字核对
校验报告.md:3102 配方/M020／粉碎-蓝铁块	通过	结构、证据边界文字核对
校验报告.md:3103 逐机配方守恒/M020/粉碎-蓝铁块/输入/蓝铁块	通过	逐机逐物品精确守恒
校验报告.md:3104 逐机配方守恒/M020/粉碎-蓝铁块/输出/蓝铁粉末	通过	逐机逐物品精确守恒
校验报告.md:3105 制造能力/M020	通过	逐机时间占用
校验报告.md:3106 契约/多料栏/M020	通过	结构、证据边界文字核对
校验报告.md:3107 端口数/M021	通过	逐机端口计数
校验报告.md:3108 占地/M021	通过	正式尺寸乘积
校验报告.md:3109 契约/配方集/M021	通过	结构、证据边界文字核对
校验报告.md:3110 配方/M021／粉碎-蓝铁块	通过	结构、证据边界文字核对
校验报告.md:3111 逐机配方守恒/M021/粉碎-蓝铁块/输入/蓝铁块	通过	逐机逐物品精确守恒
校验报告.md:3112 逐机配方守恒/M021/粉碎-蓝铁块/输出/蓝铁粉末	通过	逐机逐物品精确守恒
校验报告.md:3113 制造能力/M021	通过	逐机时间占用
校验报告.md:3114 契约/多料栏/M021	通过	结构、证据边界文字核对
校验报告.md:3115 端口数/M022	通过	逐机端口计数
校验报告.md:3116 占地/M022	通过	正式尺寸乘积
校验报告.md:3117 契约/配方集/M022	通过	结构、证据边界文字核对
校验报告.md:3118 配方/M022／粉碎-蓝铁块	通过	结构、证据边界文字核对
校验报告.md:3119 逐机配方守恒/M022/粉碎-蓝铁块/输入/蓝铁块	通过	逐机逐物品精确守恒
校验报告.md:3120 逐机配方守恒/M022/粉碎-蓝铁块/输出/蓝铁粉末	通过	逐机逐物品精确守恒
校验报告.md:3121 制造能力/M022	通过	逐机时间占用
校验报告.md:3122 契约/多料栏/M022	通过	结构、证据边界文字核对
校验报告.md:3123 端口数/M023	通过	逐机端口计数
校验报告.md:3124 占地/M023	通过	正式尺寸乘积
校验报告.md:3125 契约/配方集/M023	通过	结构、证据边界文字核对
校验报告.md:3126 配方/M023／粉碎-蓝铁块	通过	结构、证据边界文字核对
校验报告.md:3127 逐机配方守恒/M023/粉碎-蓝铁块/输入/蓝铁块	通过	逐机逐物品精确守恒
校验报告.md:3128 逐机配方守恒/M023/粉碎-蓝铁块/输出/蓝铁粉末	通过	逐机逐物品精确守恒
校验报告.md:3129 制造能力/M023	通过	逐机时间占用
校验报告.md:3130 契约/多料栏/M023	通过	结构、证据边界文字核对
校验报告.md:3131 端口数/M024	通过	逐机端口计数
校验报告.md:3132 占地/M024	通过	正式尺寸乘积
校验报告.md:3133 契约/配方集/M024	通过	结构、证据边界文字核对
校验报告.md:3134 配方/M024／粉碎-蓝铁块	通过	结构、证据边界文字核对
校验报告.md:3135 逐机配方守恒/M024/粉碎-蓝铁块/输入/蓝铁块	通过	逐机逐物品精确守恒
校验报告.md:3136 逐机配方守恒/M024/粉碎-蓝铁块/输出/蓝铁粉末	通过	逐机逐物品精确守恒
校验报告.md:3137 制造能力/M024	通过	逐机时间占用
校验报告.md:3138 契约/多料栏/M024	通过	结构、证据边界文字核对
校验报告.md:3139 端口数/M025	通过	逐机端口计数
校验报告.md:3140 占地/M025	通过	正式尺寸乘积
校验报告.md:3141 契约/配方集/M025	通过	结构、证据边界文字核对
校验报告.md:3142 配方/M025／粉碎-蓝铁块	通过	结构、证据边界文字核对
校验报告.md:3143 逐机配方守恒/M025/粉碎-蓝铁块/输入/蓝铁块	通过	逐机逐物品精确守恒
校验报告.md:3144 逐机配方守恒/M025/粉碎-蓝铁块/输出/蓝铁粉末	通过	逐机逐物品精确守恒
校验报告.md:3145 制造能力/M025	通过	逐机时间占用
校验报告.md:3146 契约/多料栏/M025	通过	结构、证据边界文字核对
校验报告.md:3147 端口数/M026	通过	逐机端口计数
校验报告.md:3148 占地/M026	通过	正式尺寸乘积
校验报告.md:3149 契约/配方集/M026	通过	结构、证据边界文字核对
校验报告.md:3150 配方/M026／粉碎-蓝铁块	通过	结构、证据边界文字核对
校验报告.md:3151 逐机配方守恒/M026/粉碎-蓝铁块/输入/蓝铁块	通过	逐机逐物品精确守恒
校验报告.md:3152 逐机配方守恒/M026/粉碎-蓝铁块/输出/蓝铁粉末	通过	逐机逐物品精确守恒
校验报告.md:3153 制造能力/M026	通过	逐机时间占用
校验报告.md:3154 契约/多料栏/M026	通过	结构、证据边界文字核对
校验报告.md:3155 端口数/M027	通过	逐机端口计数
校验报告.md:3156 占地/M027	通过	正式尺寸乘积
校验报告.md:3157 契约/配方集/M027	通过	结构、证据边界文字核对
校验报告.md:3158 配方/M027／粉碎-蓝铁块	通过	结构、证据边界文字核对
校验报告.md:3159 逐机配方守恒/M027/粉碎-蓝铁块/输入/蓝铁块	通过	逐机逐物品精确守恒
校验报告.md:3160 逐机配方守恒/M027/粉碎-蓝铁块/输出/蓝铁粉末	通过	逐机逐物品精确守恒
校验报告.md:3161 制造能力/M027	通过	逐机时间占用
校验报告.md:3162 契约/多料栏/M027	通过	结构、证据边界文字核对
校验报告.md:3163 端口数/M028	通过	逐机端口计数
校验报告.md:3164 占地/M028	通过	正式尺寸乘积
校验报告.md:3165 契约/配方集/M028	通过	结构、证据边界文字核对
校验报告.md:3166 配方/M028／粉碎-蓝铁块	通过	结构、证据边界文字核对
校验报告.md:3167 逐机配方守恒/M028/粉碎-蓝铁块/输入/蓝铁块	通过	逐机逐物品精确守恒
校验报告.md:3168 逐机配方守恒/M028/粉碎-蓝铁块/输出/蓝铁粉末	通过	逐机逐物品精确守恒
校验报告.md:3169 制造能力/M028	通过	逐机时间占用
校验报告.md:3170 契约/多料栏/M028	通过	结构、证据边界文字核对
校验报告.md:3171 端口数/M029	通过	逐机端口计数
校验报告.md:3172 占地/M029	通过	正式尺寸乘积
校验报告.md:3173 契约/配方集/M029	通过	结构、证据边界文字核对
校验报告.md:3174 配方/M029／粉碎-蓝铁块	通过	结构、证据边界文字核对
校验报告.md:3175 逐机配方守恒/M029/粉碎-蓝铁块/输入/蓝铁块	通过	逐机逐物品精确守恒
校验报告.md:3176 逐机配方守恒/M029/粉碎-蓝铁块/输出/蓝铁粉末	通过	逐机逐物品精确守恒
校验报告.md:3177 制造能力/M029	通过	逐机时间占用
校验报告.md:3178 契约/多料栏/M029	通过	结构、证据边界文字核对
校验报告.md:3179 端口数/M030	通过	逐机端口计数
校验报告.md:3180 占地/M030	通过	正式尺寸乘积
校验报告.md:3181 契约/配方集/M030	通过	结构、证据边界文字核对
校验报告.md:3182 配方/M030／粉碎-蓝铁块	通过	结构、证据边界文字核对
校验报告.md:3183 逐机配方守恒/M030/粉碎-蓝铁块/输入/蓝铁块	通过	逐机逐物品精确守恒
校验报告.md:3184 逐机配方守恒/M030/粉碎-蓝铁块/输出/蓝铁粉末	通过	逐机逐物品精确守恒
校验报告.md:3185 制造能力/M030	通过	逐机时间占用
校验报告.md:3186 契约/多料栏/M030	通过	结构、证据边界文字核对
校验报告.md:3187 端口数/M031	通过	逐机端口计数
校验报告.md:3188 占地/M031	通过	正式尺寸乘积
校验报告.md:3189 契约/配方集/M031	通过	结构、证据边界文字核对
校验报告.md:3190 配方/M031／粉碎-蓝铁块	通过	结构、证据边界文字核对
校验报告.md:3191 逐机配方守恒/M031/粉碎-蓝铁块/输入/蓝铁块	通过	逐机逐物品精确守恒
校验报告.md:3192 逐机配方守恒/M031/粉碎-蓝铁块/输出/蓝铁粉末	通过	逐机逐物品精确守恒
校验报告.md:3193 制造能力/M031	通过	逐机时间占用
校验报告.md:3194 契约/多料栏/M031	通过	结构、证据边界文字核对
校验报告.md:3195 端口数/M032	通过	逐机端口计数
校验报告.md:3196 占地/M032	通过	正式尺寸乘积
校验报告.md:3197 契约/配方集/M032	通过	结构、证据边界文字核对
校验报告.md:3198 配方/M032／粉碎-蓝铁块	通过	结构、证据边界文字核对
校验报告.md:3199 逐机配方守恒/M032/粉碎-蓝铁块/输入/蓝铁块	通过	逐机逐物品精确守恒
校验报告.md:3200 逐机配方守恒/M032/粉碎-蓝铁块/输出/蓝铁粉末	通过	逐机逐物品精确守恒
校验报告.md:3201 制造能力/M032	通过	逐机时间占用
校验报告.md:3202 契约/多料栏/M032	通过	结构、证据边界文字核对
校验报告.md:3203 端口数/M033	通过	逐机端口计数
校验报告.md:3204 占地/M033	通过	正式尺寸乘积
校验报告.md:3205 契约/配方集/M033	通过	结构、证据边界文字核对
校验报告.md:3206 配方/M033／粉碎-蓝铁块	通过	结构、证据边界文字核对
校验报告.md:3207 逐机配方守恒/M033/粉碎-蓝铁块/输入/蓝铁块	通过	逐机逐物品精确守恒
校验报告.md:3208 逐机配方守恒/M033/粉碎-蓝铁块/输出/蓝铁粉末	通过	逐机逐物品精确守恒
校验报告.md:3209 制造能力/M033	通过	逐机时间占用
校验报告.md:3210 契约/多料栏/M033	通过	结构、证据边界文字核对
校验报告.md:3211 端口数/M034	通过	逐机端口计数
校验报告.md:3212 占地/M034	通过	正式尺寸乘积
校验报告.md:3213 契约/配方集/M034	通过	结构、证据边界文字核对
校验报告.md:3214 配方/M034／粉碎-蓝铁块	通过	结构、证据边界文字核对
校验报告.md:3215 逐机配方守恒/M034/粉碎-蓝铁块/输入/蓝铁块	通过	逐机逐物品精确守恒
校验报告.md:3216 逐机配方守恒/M034/粉碎-蓝铁块/输出/蓝铁粉末	通过	逐机逐物品精确守恒
校验报告.md:3217 制造能力/M034	通过	逐机时间占用
校验报告.md:3218 契约/多料栏/M034	通过	结构、证据边界文字核对
校验报告.md:3219 端口数/M035	通过	逐机端口计数
校验报告.md:3220 占地/M035	通过	正式尺寸乘积
校验报告.md:3221 契约/配方集/M035	通过	结构、证据边界文字核对
校验报告.md:3222 配方/M035／粉碎-蓝铁块	通过	结构、证据边界文字核对
校验报告.md:3223 逐机配方守恒/M035/粉碎-蓝铁块/输入/蓝铁块	通过	逐机逐物品精确守恒
校验报告.md:3224 逐机配方守恒/M035/粉碎-蓝铁块/输出/蓝铁粉末	通过	逐机逐物品精确守恒
校验报告.md:3225 制造能力/M035	通过	逐机时间占用
校验报告.md:3226 契约/多料栏/M035	通过	结构、证据边界文字核对
校验报告.md:3227 端口数/M036	通过	逐机端口计数
校验报告.md:3228 占地/M036	通过	正式尺寸乘积
校验报告.md:3229 契约/配方集/M036	通过	结构、证据边界文字核对
校验报告.md:3230 配方/M036／粉碎-蓝铁块	通过	结构、证据边界文字核对
校验报告.md:3231 逐机配方守恒/M036/粉碎-蓝铁块/输入/蓝铁块	通过	逐机逐物品精确守恒
校验报告.md:3232 逐机配方守恒/M036/粉碎-蓝铁块/输出/蓝铁粉末	通过	逐机逐物品精确守恒
校验报告.md:3233 制造能力/M036	通过	逐机时间占用
校验报告.md:3234 契约/多料栏/M036	通过	结构、证据边界文字核对
校验报告.md:3235 端口数/M037	通过	逐机端口计数
校验报告.md:3236 占地/M037	通过	正式尺寸乘积
校验报告.md:3237 契约/配方集/M037	通过	结构、证据边界文字核对
校验报告.md:3238 配方/M037／粉碎-蓝铁块	通过	结构、证据边界文字核对
校验报告.md:3239 逐机配方守恒/M037/粉碎-蓝铁块/输入/蓝铁块	通过	逐机逐物品精确守恒
校验报告.md:3240 逐机配方守恒/M037/粉碎-蓝铁块/输出/蓝铁粉末	通过	逐机逐物品精确守恒
校验报告.md:3241 制造能力/M037	通过	逐机时间占用
校验报告.md:3242 契约/多料栏/M037	通过	结构、证据边界文字核对
校验报告.md:3243 端口数/M038	通过	逐机端口计数
校验报告.md:3244 占地/M038	通过	正式尺寸乘积
校验报告.md:3245 契约/配方集/M038	通过	结构、证据边界文字核对
校验报告.md:3246 配方/M038／粉碎-蓝铁块	通过	结构、证据边界文字核对
校验报告.md:3247 逐机配方守恒/M038/粉碎-蓝铁块/输入/蓝铁块	通过	逐机逐物品精确守恒
校验报告.md:3248 逐机配方守恒/M038/粉碎-蓝铁块/输出/蓝铁粉末	通过	逐机逐物品精确守恒
校验报告.md:3249 制造能力/M038	通过	逐机时间占用
校验报告.md:3250 契约/多料栏/M038	通过	结构、证据边界文字核对
校验报告.md:3251 端口数/M039	通过	逐机端口计数
校验报告.md:3252 占地/M039	通过	正式尺寸乘积
校验报告.md:3253 契约/配方集/M039	通过	结构、证据边界文字核对
校验报告.md:3254 配方/M039／粉碎-蓝铁块	通过	结构、证据边界文字核对
校验报告.md:3255 逐机配方守恒/M039/粉碎-蓝铁块/输入/蓝铁块	通过	逐机逐物品精确守恒
校验报告.md:3256 逐机配方守恒/M039/粉碎-蓝铁块/输出/蓝铁粉末	通过	逐机逐物品精确守恒
校验报告.md:3257 制造能力/M039	通过	逐机时间占用
校验报告.md:3258 契约/多料栏/M039	通过	结构、证据边界文字核对
校验报告.md:3259 端口数/M040	通过	逐机端口计数
校验报告.md:3260 占地/M040	通过	正式尺寸乘积
校验报告.md:3261 契约/配方集/M040	通过	结构、证据边界文字核对
校验报告.md:3262 配方/M040／粉碎-蓝铁块	通过	结构、证据边界文字核对
校验报告.md:3263 逐机配方守恒/M040/粉碎-蓝铁块/输入/蓝铁块	通过	逐机逐物品精确守恒
校验报告.md:3264 逐机配方守恒/M040/粉碎-蓝铁块/输出/蓝铁粉末	通过	逐机逐物品精确守恒
校验报告.md:3265 制造能力/M040	通过	逐机时间占用
校验报告.md:3266 契约/多料栏/M040	通过	结构、证据边界文字核对
校验报告.md:3267 端口数/M041	通过	逐机端口计数
校验报告.md:3268 占地/M041	通过	正式尺寸乘积
校验报告.md:3269 契约/配方集/M041	通过	结构、证据边界文字核对
校验报告.md:3270 配方/M041／粉碎-蓝铁块	通过	结构、证据边界文字核对
校验报告.md:3271 逐机配方守恒/M041/粉碎-蓝铁块/输入/蓝铁块	通过	逐机逐物品精确守恒
校验报告.md:3272 逐机配方守恒/M041/粉碎-蓝铁块/输出/蓝铁粉末	通过	逐机逐物品精确守恒
校验报告.md:3273 制造能力/M041	通过	逐机时间占用
校验报告.md:3274 契约/多料栏/M041	通过	结构、证据边界文字核对
校验报告.md:3275 端口数/M042	通过	逐机端口计数
校验报告.md:3276 占地/M042	通过	正式尺寸乘积
校验报告.md:3277 契约/配方集/M042	通过	结构、证据边界文字核对
校验报告.md:3278 配方/M042／粉碎-蓝铁块	通过	结构、证据边界文字核对
校验报告.md:3279 逐机配方守恒/M042/粉碎-蓝铁块/输入/蓝铁块	通过	逐机逐物品精确守恒
校验报告.md:3280 逐机配方守恒/M042/粉碎-蓝铁块/输出/蓝铁粉末	通过	逐机逐物品精确守恒
校验报告.md:3281 制造能力/M042	通过	逐机时间占用
校验报告.md:3282 契约/多料栏/M042	通过	结构、证据边界文字核对
校验报告.md:3283 端口数/M043	通过	逐机端口计数
校验报告.md:3284 占地/M043	通过	正式尺寸乘积
校验报告.md:3285 契约/配方集/M043	通过	结构、证据边界文字核对
校验报告.md:3286 配方/M043／粉碎-蓝铁块	通过	结构、证据边界文字核对
校验报告.md:3287 逐机配方守恒/M043/粉碎-蓝铁块/输入/蓝铁块	通过	逐机逐物品精确守恒
校验报告.md:3288 逐机配方守恒/M043/粉碎-蓝铁块/输出/蓝铁粉末	通过	逐机逐物品精确守恒
校验报告.md:3289 制造能力/M043	通过	逐机时间占用
校验报告.md:3290 契约/多料栏/M043	通过	结构、证据边界文字核对
校验报告.md:3291 端口数/M044	通过	逐机端口计数
校验报告.md:3292 占地/M044	通过	正式尺寸乘积
校验报告.md:3293 契约/配方集/M044	通过	结构、证据边界文字核对
校验报告.md:3294 配方/M044／粉碎-蓝铁块	通过	结构、证据边界文字核对
校验报告.md:3295 逐机配方守恒/M044/粉碎-蓝铁块/输入/蓝铁块	通过	逐机逐物品精确守恒
校验报告.md:3296 逐机配方守恒/M044/粉碎-蓝铁块/输出/蓝铁粉末	通过	逐机逐物品精确守恒
校验报告.md:3297 制造能力/M044	通过	逐机时间占用
校验报告.md:3298 契约/多料栏/M044	通过	结构、证据边界文字核对
校验报告.md:3299 端口数/M045	通过	逐机端口计数
校验报告.md:3300 占地/M045	通过	正式尺寸乘积
校验报告.md:3301 契约/配方集/M045	通过	结构、证据边界文字核对
校验报告.md:3302 配方/M045／粉碎-蓝铁块	通过	结构、证据边界文字核对
校验报告.md:3303 逐机配方守恒/M045/粉碎-蓝铁块/输入/蓝铁块	通过	逐机逐物品精确守恒
校验报告.md:3304 逐机配方守恒/M045/粉碎-蓝铁块/输出/蓝铁粉末	通过	逐机逐物品精确守恒
校验报告.md:3305 制造能力/M045	通过	逐机时间占用
校验报告.md:3306 契约/多料栏/M045	通过	结构、证据边界文字核对
校验报告.md:3307 端口数/M046	通过	逐机端口计数
校验报告.md:3308 占地/M046	通过	正式尺寸乘积
校验报告.md:3309 契约/配方集/M046	通过	结构、证据边界文字核对
校验报告.md:3310 配方/M046／粉碎-蓝铁块	通过	结构、证据边界文字核对
校验报告.md:3311 逐机配方守恒/M046/粉碎-蓝铁块/输入/蓝铁块	通过	逐机逐物品精确守恒
校验报告.md:3312 逐机配方守恒/M046/粉碎-蓝铁块/输出/蓝铁粉末	通过	逐机逐物品精确守恒
校验报告.md:3313 制造能力/M046	通过	逐机时间占用
校验报告.md:3314 契约/多料栏/M046	通过	结构、证据边界文字核对
校验报告.md:3315 端口数/M047	通过	逐机端口计数
校验报告.md:3316 占地/M047	通过	正式尺寸乘积
校验报告.md:3317 契约/配方集/M047	通过	结构、证据边界文字核对
校验报告.md:3318 配方/M047／粉碎-蓝铁块	通过	结构、证据边界文字核对
校验报告.md:3319 逐机配方守恒/M047/粉碎-蓝铁块/输入/蓝铁块	通过	逐机逐物品精确守恒
校验报告.md:3320 逐机配方守恒/M047/粉碎-蓝铁块/输出/蓝铁粉末	通过	逐机逐物品精确守恒
校验报告.md:3321 制造能力/M047	通过	逐机时间占用
校验报告.md:3322 契约/多料栏/M047	通过	结构、证据边界文字核对
校验报告.md:3323 端口数/M048	通过	逐机端口计数
校验报告.md:3324 占地/M048	通过	正式尺寸乘积
校验报告.md:3325 契约/配方集/M048	通过	结构、证据边界文字核对
校验报告.md:3326 配方/M048／粉碎-蓝铁块	通过	结构、证据边界文字核对
校验报告.md:3327 逐机配方守恒/M048/粉碎-蓝铁块/输入/蓝铁块	通过	逐机逐物品精确守恒
校验报告.md:3328 逐机配方守恒/M048/粉碎-蓝铁块/输出/蓝铁粉末	通过	逐机逐物品精确守恒
校验报告.md:3329 制造能力/M048	通过	逐机时间占用
校验报告.md:3330 契约/多料栏/M048	通过	结构、证据边界文字核对
校验报告.md:3331 端口数/M049	通过	逐机端口计数
校验报告.md:3332 占地/M049	通过	正式尺寸乘积
校验报告.md:3333 契约/配方集/M049	通过	结构、证据边界文字核对
校验报告.md:3334 配方/M049／粉碎-蓝铁块	通过	结构、证据边界文字核对
校验报告.md:3335 逐机配方守恒/M049/粉碎-蓝铁块/输入/蓝铁块	通过	逐机逐物品精确守恒
校验报告.md:3336 逐机配方守恒/M049/粉碎-蓝铁块/输出/蓝铁粉末	通过	逐机逐物品精确守恒
校验报告.md:3337 制造能力/M049	通过	逐机时间占用
校验报告.md:3338 契约/多料栏/M049	通过	结构、证据边界文字核对
校验报告.md:3339 端口数/M050	通过	逐机端口计数
校验报告.md:3340 占地/M050	通过	正式尺寸乘积
校验报告.md:3341 契约/配方集/M050	通过	结构、证据边界文字核对
校验报告.md:3342 配方/M050／粉碎-蓝铁块	通过	结构、证据边界文字核对
校验报告.md:3343 逐机配方守恒/M050/粉碎-蓝铁块/输入/蓝铁块	通过	逐机逐物品精确守恒
校验报告.md:3344 逐机配方守恒/M050/粉碎-蓝铁块/输出/蓝铁粉末	通过	逐机逐物品精确守恒
校验报告.md:3345 制造能力/M050	通过	逐机时间占用
校验报告.md:3346 契约/多料栏/M050	通过	结构、证据边界文字核对
校验报告.md:3347 端口数/M051	通过	逐机端口计数
校验报告.md:3348 占地/M051	通过	正式尺寸乘积
校验报告.md:3349 契约/配方集/M051	通过	结构、证据边界文字核对
校验报告.md:3350 配方/M051／粉碎-蓝铁块	通过	结构、证据边界文字核对
校验报告.md:3351 逐机配方守恒/M051/粉碎-蓝铁块/输入/蓝铁块	通过	逐机逐物品精确守恒
校验报告.md:3352 逐机配方守恒/M051/粉碎-蓝铁块/输出/蓝铁粉末	通过	逐机逐物品精确守恒
校验报告.md:3353 制造能力/M051	通过	逐机时间占用
校验报告.md:3354 契约/多料栏/M051	通过	结构、证据边界文字核对
校验报告.md:3355 端口数/M052	通过	逐机端口计数
校验报告.md:3356 占地/M052	通过	正式尺寸乘积
校验报告.md:3357 契约/配方集/M052	通过	结构、证据边界文字核对
校验报告.md:3358 配方/M052／粉碎-荞花	通过	结构、证据边界文字核对
校验报告.md:3359 逐机配方守恒/M052/粉碎-荞花/输入/荞花	通过	逐机逐物品精确守恒
校验报告.md:3360 逐机配方守恒/M052/粉碎-荞花/输出/荞花粉末	通过	逐机逐物品精确守恒
校验报告.md:3361 制造能力/M052	通过	逐机时间占用
校验报告.md:3362 契约/多料栏/M052	通过	结构、证据边界文字核对
校验报告.md:3363 端口数/M053	通过	逐机端口计数
校验报告.md:3364 占地/M053	通过	正式尺寸乘积
校验报告.md:3365 契约/配方集/M053	通过	结构、证据边界文字核对
校验报告.md:3366 配方/M053／粉碎-荞花	通过	结构、证据边界文字核对
校验报告.md:3367 逐机配方守恒/M053/粉碎-荞花/输入/荞花	通过	逐机逐物品精确守恒
校验报告.md:3368 逐机配方守恒/M053/粉碎-荞花/输出/荞花粉末	通过	逐机逐物品精确守恒
校验报告.md:3369 制造能力/M053	通过	逐机时间占用
校验报告.md:3370 契约/多料栏/M053	通过	结构、证据边界文字核对
校验报告.md:3371 端口数/M054	通过	逐机端口计数
校验报告.md:3372 占地/M054	通过	正式尺寸乘积
校验报告.md:3373 契约/配方集/M054	通过	结构、证据边界文字核对
校验报告.md:3374 配方/M054／粉碎-荞花	通过	结构、证据边界文字核对
校验报告.md:3375 逐机配方守恒/M054/粉碎-荞花/输入/荞花	通过	逐机逐物品精确守恒
校验报告.md:3376 逐机配方守恒/M054/粉碎-荞花/输出/荞花粉末	通过	逐机逐物品精确守恒
校验报告.md:3377 制造能力/M054	通过	逐机时间占用
校验报告.md:3378 契约/多料栏/M054	通过	结构、证据边界文字核对
校验报告.md:3379 端口数/M055	通过	逐机端口计数
校验报告.md:3380 占地/M055	通过	正式尺寸乘积
校验报告.md:3381 契约/配方集/M055	通过	结构、证据边界文字核对
校验报告.md:3382 配方/M055／粉碎-荞花	通过	结构、证据边界文字核对
校验报告.md:3383 逐机配方守恒/M055/粉碎-荞花/输入/荞花	通过	逐机逐物品精确守恒
校验报告.md:3384 逐机配方守恒/M055/粉碎-荞花/输出/荞花粉末	通过	逐机逐物品精确守恒
校验报告.md:3385 制造能力/M055	通过	逐机时间占用
校验报告.md:3386 契约/多料栏/M055	通过	结构、证据边界文字核对
校验报告.md:3387 端口数/M056	通过	逐机端口计数
校验报告.md:3388 占地/M056	通过	正式尺寸乘积
校验报告.md:3389 契约/配方集/M056	通过	结构、证据边界文字核对
校验报告.md:3390 配方/M056／粉碎-荞花	通过	结构、证据边界文字核对
校验报告.md:3391 逐机配方守恒/M056/粉碎-荞花/输入/荞花	通过	逐机逐物品精确守恒
校验报告.md:3392 逐机配方守恒/M056/粉碎-荞花/输出/荞花粉末	通过	逐机逐物品精确守恒
校验报告.md:3393 制造能力/M056	通过	逐机时间占用
校验报告.md:3394 契约/多料栏/M056	通过	结构、证据边界文字核对
校验报告.md:3395 端口数/M057	通过	逐机端口计数
校验报告.md:3396 占地/M057	通过	正式尺寸乘积
校验报告.md:3397 契约/配方集/M057	通过	结构、证据边界文字核对
校验报告.md:3398 配方/M057／粉碎-荞花	通过	结构、证据边界文字核对
校验报告.md:3399 逐机配方守恒/M057/粉碎-荞花/输入/荞花	通过	逐机逐物品精确守恒
校验报告.md:3400 逐机配方守恒/M057/粉碎-荞花/输出/荞花粉末	通过	逐机逐物品精确守恒
校验报告.md:3401 制造能力/M057	通过	逐机时间占用
校验报告.md:3402 契约/多料栏/M057	通过	结构、证据边界文字核对
校验报告.md:3403 端口数/M058	通过	逐机端口计数
校验报告.md:3404 占地/M058	通过	正式尺寸乘积
校验报告.md:3405 契约/配方集/M058	通过	结构、证据边界文字核对
校验报告.md:3406 配方/M058／粉碎-砂叶	通过	结构、证据边界文字核对
校验报告.md:3407 逐机配方守恒/M058/粉碎-砂叶/输入/砂叶	通过	逐机逐物品精确守恒
校验报告.md:3408 逐机配方守恒/M058/粉碎-砂叶/输出/砂叶粉末	通过	逐机逐物品精确守恒
校验报告.md:3409 制造能力/M058	通过	逐机时间占用
校验报告.md:3410 契约/多料栏/M058	通过	结构、证据边界文字核对
校验报告.md:3411 端口数/M059	通过	逐机端口计数
校验报告.md:3412 占地/M059	通过	正式尺寸乘积
校验报告.md:3413 契约/配方集/M059	通过	结构、证据边界文字核对
校验报告.md:3414 配方/M059／粉碎-砂叶	通过	结构、证据边界文字核对
校验报告.md:3415 逐机配方守恒/M059/粉碎-砂叶/输入/砂叶	通过	逐机逐物品精确守恒
校验报告.md:3416 逐机配方守恒/M059/粉碎-砂叶/输出/砂叶粉末	通过	逐机逐物品精确守恒
校验报告.md:3417 制造能力/M059	通过	逐机时间占用
校验报告.md:3418 契约/多料栏/M059	通过	结构、证据边界文字核对
校验报告.md:3419 端口数/M060	通过	逐机端口计数
校验报告.md:3420 占地/M060	通过	正式尺寸乘积
校验报告.md:3421 契约/配方集/M060	通过	结构、证据边界文字核对
校验报告.md:3422 配方/M060／粉碎-砂叶	通过	结构、证据边界文字核对
校验报告.md:3423 逐机配方守恒/M060/粉碎-砂叶/输入/砂叶	通过	逐机逐物品精确守恒
校验报告.md:3424 逐机配方守恒/M060/粉碎-砂叶/输出/砂叶粉末	通过	逐机逐物品精确守恒
校验报告.md:3425 制造能力/M060	通过	逐机时间占用
校验报告.md:3426 契约/多料栏/M060	通过	结构、证据边界文字核对
校验报告.md:3427 端口数/M061	通过	逐机端口计数
校验报告.md:3428 占地/M061	通过	正式尺寸乘积
校验报告.md:3429 契约/配方集/M061	通过	结构、证据边界文字核对
校验报告.md:3430 配方/M061／粉碎-砂叶	通过	结构、证据边界文字核对
校验报告.md:3431 逐机配方守恒/M061/粉碎-砂叶/输入/砂叶	通过	逐机逐物品精确守恒
校验报告.md:3432 逐机配方守恒/M061/粉碎-砂叶/输出/砂叶粉末	通过	逐机逐物品精确守恒
校验报告.md:3433 制造能力/M061	通过	逐机时间占用
校验报告.md:3434 契约/多料栏/M061	通过	结构、证据边界文字核对
校验报告.md:3435 端口数/M062	通过	逐机端口计数
校验报告.md:3436 占地/M062	通过	正式尺寸乘积
校验报告.md:3437 契约/配方集/M062	通过	结构、证据边界文字核对
校验报告.md:3438 配方/M062／粉碎-砂叶	通过	结构、证据边界文字核对
校验报告.md:3439 逐机配方守恒/M062/粉碎-砂叶/输入/砂叶	通过	逐机逐物品精确守恒
校验报告.md:3440 逐机配方守恒/M062/粉碎-砂叶/输出/砂叶粉末	通过	逐机逐物品精确守恒
校验报告.md:3441 制造能力/M062	通过	逐机时间占用
校验报告.md:3442 契约/多料栏/M062	通过	结构、证据边界文字核对
校验报告.md:3443 端口数/M063	通过	逐机端口计数
校验报告.md:3444 占地/M063	通过	正式尺寸乘积
校验报告.md:3445 契约/配方集/M063	通过	结构、证据边界文字核对
校验报告.md:3446 配方/M063／粉碎-砂叶	通过	结构、证据边界文字核对
校验报告.md:3447 逐机配方守恒/M063/粉碎-砂叶/输入/砂叶	通过	逐机逐物品精确守恒
校验报告.md:3448 逐机配方守恒/M063/粉碎-砂叶/输出/砂叶粉末	通过	逐机逐物品精确守恒
校验报告.md:3449 制造能力/M063	通过	逐机时间占用
校验报告.md:3450 契约/多料栏/M063	通过	结构、证据边界文字核对
校验报告.md:3451 端口数/M064	通过	逐机端口计数
校验报告.md:3452 占地/M064	通过	正式尺寸乘积
校验报告.md:3453 契约/配方集/M064	通过	结构、证据边界文字核对
校验报告.md:3454 配方/M064／粉碎-砂叶	通过	结构、证据边界文字核对
校验报告.md:3455 逐机配方守恒/M064/粉碎-砂叶/输入/砂叶	通过	逐机逐物品精确守恒
校验报告.md:3456 逐机配方守恒/M064/粉碎-砂叶/输出/砂叶粉末	通过	逐机逐物品精确守恒
校验报告.md:3457 制造能力/M064	通过	逐机时间占用
校验报告.md:3458 契约/多料栏/M064	通过	结构、证据边界文字核对
校验报告.md:3459 端口数/M065	通过	逐机端口计数
校验报告.md:3460 占地/M065	通过	正式尺寸乘积
校验报告.md:3461 契约/配方集/M065	通过	结构、证据边界文字核对
校验报告.md:3462 配方/M065／粉碎-砂叶	通过	结构、证据边界文字核对
校验报告.md:3463 逐机配方守恒/M065/粉碎-砂叶/输入/砂叶	通过	逐机逐物品精确守恒
校验报告.md:3464 逐机配方守恒/M065/粉碎-砂叶/输出/砂叶粉末	通过	逐机逐物品精确守恒
校验报告.md:3465 制造能力/M065	通过	逐机时间占用
校验报告.md:3466 契约/多料栏/M065	通过	结构、证据边界文字核对
校验报告.md:3467 端口数/M066	通过	逐机端口计数
校验报告.md:3468 占地/M066	通过	正式尺寸乘积
校验报告.md:3469 契约/配方集/M066	通过	结构、证据边界文字核对
校验报告.md:3470 配方/M066／粉碎-砂叶	通过	结构、证据边界文字核对
校验报告.md:3471 逐机配方守恒/M066/粉碎-砂叶/输入/砂叶	通过	逐机逐物品精确守恒
校验报告.md:3472 逐机配方守恒/M066/粉碎-砂叶/输出/砂叶粉末	通过	逐机逐物品精确守恒
校验报告.md:3473 制造能力/M066	通过	逐机时间占用
校验报告.md:3474 契约/多料栏/M066	通过	结构、证据边界文字核对
校验报告.md:3475 端口数/M067	通过	逐机端口计数
校验报告.md:3476 占地/M067	通过	正式尺寸乘积
校验报告.md:3477 契约/配方集/M067	通过	结构、证据边界文字核对
校验报告.md:3478 配方/M067／粉碎-砂叶	通过	结构、证据边界文字核对
校验报告.md:3479 逐机配方守恒/M067/粉碎-砂叶/输入/砂叶	通过	逐机逐物品精确守恒
校验报告.md:3480 逐机配方守恒/M067/粉碎-砂叶/输出/砂叶粉末	通过	逐机逐物品精确守恒
校验报告.md:3481 制造能力/M067	通过	逐机时间占用
校验报告.md:3482 契约/多料栏/M067	通过	结构、证据边界文字核对
校验报告.md:3483 端口数/M068	通过	逐机端口计数
校验报告.md:3484 占地/M068	通过	正式尺寸乘积
校验报告.md:3485 契约/配方集/M068	通过	结构、证据边界文字核对
校验报告.md:3486 配方/M068／粉碎-砂叶	通过	结构、证据边界文字核对
校验报告.md:3487 逐机配方守恒/M068/粉碎-砂叶/输入/砂叶	通过	逐机逐物品精确守恒
校验报告.md:3488 逐机配方守恒/M068/粉碎-砂叶/输出/砂叶粉末	通过	逐机逐物品精确守恒
校验报告.md:3489 制造能力/M068	通过	逐机时间占用
校验报告.md:3490 契约/多料栏/M068	通过	结构、证据边界文字核对
校验报告.md:3491 端口数/M069	通过	逐机端口计数
校验报告.md:3492 占地/M069	通过	正式尺寸乘积
校验报告.md:3493 契约/配方集/M069	通过	结构、证据边界文字核对
校验报告.md:3494 配方/M069／精炼-蓝铁矿	通过	结构、证据边界文字核对
校验报告.md:3495 逐机配方守恒/M069/精炼-蓝铁矿/输入/蓝铁矿	通过	逐机逐物品精确守恒
校验报告.md:3496 逐机配方守恒/M069/精炼-蓝铁矿/输出/蓝铁块	通过	逐机逐物品精确守恒
校验报告.md:3497 制造能力/M069	通过	逐机时间占用
校验报告.md:3498 契约/多料栏/M069	通过	结构、证据边界文字核对
校验报告.md:3499 端口数/M070	通过	逐机端口计数
校验报告.md:3500 占地/M070	通过	正式尺寸乘积
校验报告.md:3501 契约/配方集/M070	通过	结构、证据边界文字核对
校验报告.md:3502 配方/M070／精炼-蓝铁矿	通过	结构、证据边界文字核对
校验报告.md:3503 逐机配方守恒/M070/精炼-蓝铁矿/输入/蓝铁矿	通过	逐机逐物品精确守恒
校验报告.md:3504 逐机配方守恒/M070/精炼-蓝铁矿/输出/蓝铁块	通过	逐机逐物品精确守恒
校验报告.md:3505 制造能力/M070	通过	逐机时间占用
校验报告.md:3506 契约/多料栏/M070	通过	结构、证据边界文字核对
校验报告.md:3507 端口数/M071	通过	逐机端口计数
校验报告.md:3508 占地/M071	通过	正式尺寸乘积
校验报告.md:3509 契约/配方集/M071	通过	结构、证据边界文字核对
校验报告.md:3510 配方/M071／精炼-蓝铁矿	通过	结构、证据边界文字核对
校验报告.md:3511 逐机配方守恒/M071/精炼-蓝铁矿/输入/蓝铁矿	通过	逐机逐物品精确守恒
校验报告.md:3512 逐机配方守恒/M071/精炼-蓝铁矿/输出/蓝铁块	通过	逐机逐物品精确守恒
校验报告.md:3513 制造能力/M071	通过	逐机时间占用
校验报告.md:3514 契约/多料栏/M071	通过	结构、证据边界文字核对
校验报告.md:3515 端口数/M072	通过	逐机端口计数
校验报告.md:3516 占地/M072	通过	正式尺寸乘积
校验报告.md:3517 契约/配方集/M072	通过	结构、证据边界文字核对
校验报告.md:3518 配方/M072／精炼-蓝铁矿	通过	结构、证据边界文字核对
校验报告.md:3519 逐机配方守恒/M072/精炼-蓝铁矿/输入/蓝铁矿	通过	逐机逐物品精确守恒
校验报告.md:3520 逐机配方守恒/M072/精炼-蓝铁矿/输出/蓝铁块	通过	逐机逐物品精确守恒
校验报告.md:3521 制造能力/M072	通过	逐机时间占用
校验报告.md:3522 契约/多料栏/M072	通过	结构、证据边界文字核对
校验报告.md:3523 端口数/M073	通过	逐机端口计数
校验报告.md:3524 占地/M073	通过	正式尺寸乘积
校验报告.md:3525 契约/配方集/M073	通过	结构、证据边界文字核对
校验报告.md:3526 配方/M073／精炼-蓝铁矿	通过	结构、证据边界文字核对
校验报告.md:3527 逐机配方守恒/M073/精炼-蓝铁矿/输入/蓝铁矿	通过	逐机逐物品精确守恒
校验报告.md:3528 逐机配方守恒/M073/精炼-蓝铁矿/输出/蓝铁块	通过	逐机逐物品精确守恒
校验报告.md:3529 制造能力/M073	通过	逐机时间占用
校验报告.md:3530 契约/多料栏/M073	通过	结构、证据边界文字核对
校验报告.md:3531 端口数/M074	通过	逐机端口计数
校验报告.md:3532 占地/M074	通过	正式尺寸乘积
校验报告.md:3533 契约/配方集/M074	通过	结构、证据边界文字核对
校验报告.md:3534 配方/M074／精炼-蓝铁矿	通过	结构、证据边界文字核对
校验报告.md:3535 逐机配方守恒/M074/精炼-蓝铁矿/输入/蓝铁矿	通过	逐机逐物品精确守恒
校验报告.md:3536 逐机配方守恒/M074/精炼-蓝铁矿/输出/蓝铁块	通过	逐机逐物品精确守恒
校验报告.md:3537 制造能力/M074	通过	逐机时间占用
校验报告.md:3538 契约/多料栏/M074	通过	结构、证据边界文字核对
校验报告.md:3539 端口数/M075	通过	逐机端口计数
校验报告.md:3540 占地/M075	通过	正式尺寸乘积
校验报告.md:3541 契约/配方集/M075	通过	结构、证据边界文字核对
校验报告.md:3542 配方/M075／精炼-蓝铁矿	通过	结构、证据边界文字核对
校验报告.md:3543 逐机配方守恒/M075/精炼-蓝铁矿/输入/蓝铁矿	通过	逐机逐物品精确守恒
校验报告.md:3544 逐机配方守恒/M075/精炼-蓝铁矿/输出/蓝铁块	通过	逐机逐物品精确守恒
校验报告.md:3545 制造能力/M075	通过	逐机时间占用
校验报告.md:3546 契约/多料栏/M075	通过	结构、证据边界文字核对
校验报告.md:3547 端口数/M076	通过	逐机端口计数
校验报告.md:3548 占地/M076	通过	正式尺寸乘积
校验报告.md:3549 契约/配方集/M076	通过	结构、证据边界文字核对
校验报告.md:3550 配方/M076／精炼-蓝铁矿	通过	结构、证据边界文字核对
校验报告.md:3551 逐机配方守恒/M076/精炼-蓝铁矿/输入/蓝铁矿	通过	逐机逐物品精确守恒
校验报告.md:3552 逐机配方守恒/M076/精炼-蓝铁矿/输出/蓝铁块	通过	逐机逐物品精确守恒
校验报告.md:3553 制造能力/M076	通过	逐机时间占用
校验报告.md:3554 契约/多料栏/M076	通过	结构、证据边界文字核对
校验报告.md:3555 端口数/M077	通过	逐机端口计数
校验报告.md:3556 占地/M077	通过	正式尺寸乘积
校验报告.md:3557 契约/配方集/M077	通过	结构、证据边界文字核对
校验报告.md:3558 配方/M077／精炼-蓝铁矿	通过	结构、证据边界文字核对
校验报告.md:3559 逐机配方守恒/M077/精炼-蓝铁矿/输入/蓝铁矿	通过	逐机逐物品精确守恒
校验报告.md:3560 逐机配方守恒/M077/精炼-蓝铁矿/输出/蓝铁块	通过	逐机逐物品精确守恒
校验报告.md:3561 制造能力/M077	通过	逐机时间占用
校验报告.md:3562 契约/多料栏/M077	通过	结构、证据边界文字核对
校验报告.md:3563 端口数/M078	通过	逐机端口计数
校验报告.md:3564 占地/M078	通过	正式尺寸乘积
校验报告.md:3565 契约/配方集/M078	通过	结构、证据边界文字核对
校验报告.md:3566 配方/M078／精炼-蓝铁矿	通过	结构、证据边界文字核对
校验报告.md:3567 逐机配方守恒/M078/精炼-蓝铁矿/输入/蓝铁矿	通过	逐机逐物品精确守恒
校验报告.md:3568 逐机配方守恒/M078/精炼-蓝铁矿/输出/蓝铁块	通过	逐机逐物品精确守恒
校验报告.md:3569 制造能力/M078	通过	逐机时间占用
校验报告.md:3570 契约/多料栏/M078	通过	结构、证据边界文字核对
校验报告.md:3571 端口数/M079	通过	逐机端口计数
校验报告.md:3572 占地/M079	通过	正式尺寸乘积
校验报告.md:3573 契约/配方集/M079	通过	结构、证据边界文字核对
校验报告.md:3574 配方/M079／精炼-蓝铁矿	通过	结构、证据边界文字核对
校验报告.md:3575 逐机配方守恒/M079/精炼-蓝铁矿/输入/蓝铁矿	通过	逐机逐物品精确守恒
校验报告.md:3576 逐机配方守恒/M079/精炼-蓝铁矿/输出/蓝铁块	通过	逐机逐物品精确守恒
校验报告.md:3577 制造能力/M079	通过	逐机时间占用
校验报告.md:3578 契约/多料栏/M079	通过	结构、证据边界文字核对
校验报告.md:3579 端口数/M080	通过	逐机端口计数
校验报告.md:3580 占地/M080	通过	正式尺寸乘积
校验报告.md:3581 契约/配方集/M080	通过	结构、证据边界文字核对
校验报告.md:3582 配方/M080／精炼-蓝铁矿	通过	结构、证据边界文字核对
校验报告.md:3583 逐机配方守恒/M080/精炼-蓝铁矿/输入/蓝铁矿	通过	逐机逐物品精确守恒
校验报告.md:3584 逐机配方守恒/M080/精炼-蓝铁矿/输出/蓝铁块	通过	逐机逐物品精确守恒
校验报告.md:3585 制造能力/M080	通过	逐机时间占用
校验报告.md:3586 契约/多料栏/M080	通过	结构、证据边界文字核对
校验报告.md:3587 端口数/M081	通过	逐机端口计数
校验报告.md:3588 占地/M081	通过	正式尺寸乘积
校验报告.md:3589 契约/配方集/M081	通过	结构、证据边界文字核对
校验报告.md:3590 配方/M081／精炼-蓝铁矿	通过	结构、证据边界文字核对
校验报告.md:3591 逐机配方守恒/M081/精炼-蓝铁矿/输入/蓝铁矿	通过	逐机逐物品精确守恒
校验报告.md:3592 逐机配方守恒/M081/精炼-蓝铁矿/输出/蓝铁块	通过	逐机逐物品精确守恒
校验报告.md:3593 制造能力/M081	通过	逐机时间占用
校验报告.md:3594 契约/多料栏/M081	通过	结构、证据边界文字核对
校验报告.md:3595 端口数/M082	通过	逐机端口计数
校验报告.md:3596 占地/M082	通过	正式尺寸乘积
校验报告.md:3597 契约/配方集/M082	通过	结构、证据边界文字核对
校验报告.md:3598 配方/M082／精炼-蓝铁矿	通过	结构、证据边界文字核对
校验报告.md:3599 逐机配方守恒/M082/精炼-蓝铁矿/输入/蓝铁矿	通过	逐机逐物品精确守恒
校验报告.md:3600 逐机配方守恒/M082/精炼-蓝铁矿/输出/蓝铁块	通过	逐机逐物品精确守恒
校验报告.md:3601 制造能力/M082	通过	逐机时间占用
校验报告.md:3602 契约/多料栏/M082	通过	结构、证据边界文字核对
校验报告.md:3603 端口数/M083	通过	逐机端口计数
校验报告.md:3604 占地/M083	通过	正式尺寸乘积
校验报告.md:3605 契约/配方集/M083	通过	结构、证据边界文字核对
校验报告.md:3606 配方/M083／精炼-蓝铁矿	通过	结构、证据边界文字核对
校验报告.md:3607 逐机配方守恒/M083/精炼-蓝铁矿/输入/蓝铁矿	通过	逐机逐物品精确守恒
校验报告.md:3608 逐机配方守恒/M083/精炼-蓝铁矿/输出/蓝铁块	通过	逐机逐物品精确守恒
校验报告.md:3609 制造能力/M083	通过	逐机时间占用
校验报告.md:3610 契约/多料栏/M083	通过	结构、证据边界文字核对
校验报告.md:3611 端口数/M084	通过	逐机端口计数
校验报告.md:3612 占地/M084	通过	正式尺寸乘积
校验报告.md:3613 契约/配方集/M084	通过	结构、证据边界文字核对
校验报告.md:3614 配方/M084／精炼-蓝铁矿	通过	结构、证据边界文字核对
校验报告.md:3615 逐机配方守恒/M084/精炼-蓝铁矿/输入/蓝铁矿	通过	逐机逐物品精确守恒
校验报告.md:3616 逐机配方守恒/M084/精炼-蓝铁矿/输出/蓝铁块	通过	逐机逐物品精确守恒
校验报告.md:3617 制造能力/M084	通过	逐机时间占用
校验报告.md:3618 契约/多料栏/M084	通过	结构、证据边界文字核对
校验报告.md:3619 端口数/M085	通过	逐机端口计数
校验报告.md:3620 占地/M085	通过	正式尺寸乘积
校验报告.md:3621 契约/配方集/M085	通过	结构、证据边界文字核对
校验报告.md:3622 配方/M085／精炼-蓝铁矿	通过	结构、证据边界文字核对
校验报告.md:3623 逐机配方守恒/M085/精炼-蓝铁矿/输入/蓝铁矿	通过	逐机逐物品精确守恒
校验报告.md:3624 逐机配方守恒/M085/精炼-蓝铁矿/输出/蓝铁块	通过	逐机逐物品精确守恒
校验报告.md:3625 制造能力/M085	通过	逐机时间占用
校验报告.md:3626 契约/多料栏/M085	通过	结构、证据边界文字核对
校验报告.md:3627 端口数/M086	通过	逐机端口计数
校验报告.md:3628 占地/M086	通过	正式尺寸乘积
校验报告.md:3629 契约/配方集/M086	通过	结构、证据边界文字核对
校验报告.md:3630 配方/M086／精炼-蓝铁矿	通过	结构、证据边界文字核对
校验报告.md:3631 逐机配方守恒/M086/精炼-蓝铁矿/输入/蓝铁矿	通过	逐机逐物品精确守恒
校验报告.md:3632 逐机配方守恒/M086/精炼-蓝铁矿/输出/蓝铁块	通过	逐机逐物品精确守恒
校验报告.md:3633 制造能力/M086	通过	逐机时间占用
校验报告.md:3634 契约/多料栏/M086	通过	结构、证据边界文字核对
校验报告.md:3635 端口数/M087	通过	逐机端口计数
校验报告.md:3636 占地/M087	通过	正式尺寸乘积
校验报告.md:3637 契约/配方集/M087	通过	结构、证据边界文字核对
校验报告.md:3638 配方/M087／精炼-蓝铁矿	通过	结构、证据边界文字核对
校验报告.md:3639 逐机配方守恒/M087/精炼-蓝铁矿/输入/蓝铁矿	通过	逐机逐物品精确守恒
校验报告.md:3640 逐机配方守恒/M087/精炼-蓝铁矿/输出/蓝铁块	通过	逐机逐物品精确守恒
校验报告.md:3641 制造能力/M087	通过	逐机时间占用
校验报告.md:3642 契约/多料栏/M087	通过	结构、证据边界文字核对
校验报告.md:3643 端口数/M088	通过	逐机端口计数
校验报告.md:3644 占地/M088	通过	正式尺寸乘积
校验报告.md:3645 契约/配方集/M088	通过	结构、证据边界文字核对
校验报告.md:3646 配方/M088／精炼-蓝铁矿	通过	结构、证据边界文字核对
校验报告.md:3647 逐机配方守恒/M088/精炼-蓝铁矿/输入/蓝铁矿	通过	逐机逐物品精确守恒
校验报告.md:3648 逐机配方守恒/M088/精炼-蓝铁矿/输出/蓝铁块	通过	逐机逐物品精确守恒
校验报告.md:3649 制造能力/M088	通过	逐机时间占用
校验报告.md:3650 契约/多料栏/M088	通过	结构、证据边界文字核对
校验报告.md:3651 端口数/M089	通过	逐机端口计数
校验报告.md:3652 占地/M089	通过	正式尺寸乘积
校验报告.md:3653 契约/配方集/M089	通过	结构、证据边界文字核对
校验报告.md:3654 配方/M089／精炼-蓝铁矿	通过	结构、证据边界文字核对
校验报告.md:3655 逐机配方守恒/M089/精炼-蓝铁矿/输入/蓝铁矿	通过	逐机逐物品精确守恒
校验报告.md:3656 逐机配方守恒/M089/精炼-蓝铁矿/输出/蓝铁块	通过	逐机逐物品精确守恒
校验报告.md:3657 制造能力/M089	通过	逐机时间占用
校验报告.md:3658 契约/多料栏/M089	通过	结构、证据边界文字核对
校验报告.md:3659 端口数/M090	通过	逐机端口计数
校验报告.md:3660 占地/M090	通过	正式尺寸乘积
校验报告.md:3661 契约/配方集/M090	通过	结构、证据边界文字核对
校验报告.md:3662 配方/M090／精炼-蓝铁矿	通过	结构、证据边界文字核对
校验报告.md:3663 逐机配方守恒/M090/精炼-蓝铁矿/输入/蓝铁矿	通过	逐机逐物品精确守恒
校验报告.md:3664 逐机配方守恒/M090/精炼-蓝铁矿/输出/蓝铁块	通过	逐机逐物品精确守恒
校验报告.md:3665 制造能力/M090	通过	逐机时间占用
校验报告.md:3666 契约/多料栏/M090	通过	结构、证据边界文字核对
校验报告.md:3667 端口数/M091	通过	逐机端口计数
校验报告.md:3668 占地/M091	通过	正式尺寸乘积
校验报告.md:3669 契约/配方集/M091	通过	结构、证据边界文字核对
校验报告.md:3670 配方/M091／精炼-蓝铁矿	通过	结构、证据边界文字核对
校验报告.md:3671 逐机配方守恒/M091/精炼-蓝铁矿/输入/蓝铁矿	通过	逐机逐物品精确守恒
校验报告.md:3672 逐机配方守恒/M091/精炼-蓝铁矿/输出/蓝铁块	通过	逐机逐物品精确守恒
校验报告.md:3673 制造能力/M091	通过	逐机时间占用
校验报告.md:3674 契约/多料栏/M091	通过	结构、证据边界文字核对
校验报告.md:3675 端口数/M092	通过	逐机端口计数
校验报告.md:3676 占地/M092	通过	正式尺寸乘积
校验报告.md:3677 契约/配方集/M092	通过	结构、证据边界文字核对
校验报告.md:3678 配方/M092／精炼-蓝铁矿	通过	结构、证据边界文字核对
校验报告.md:3679 逐机配方守恒/M092/精炼-蓝铁矿/输入/蓝铁矿	通过	逐机逐物品精确守恒
校验报告.md:3680 逐机配方守恒/M092/精炼-蓝铁矿/输出/蓝铁块	通过	逐机逐物品精确守恒
校验报告.md:3681 制造能力/M092	通过	逐机时间占用
校验报告.md:3682 契约/多料栏/M092	通过	结构、证据边界文字核对
校验报告.md:3683 端口数/M093	通过	逐机端口计数
校验报告.md:3684 占地/M093	通过	正式尺寸乘积
校验报告.md:3685 契约/配方集/M093	通过	结构、证据边界文字核对
校验报告.md:3686 配方/M093／精炼-蓝铁矿	通过	结构、证据边界文字核对
校验报告.md:3687 逐机配方守恒/M093/精炼-蓝铁矿/输入/蓝铁矿	通过	逐机逐物品精确守恒
校验报告.md:3688 逐机配方守恒/M093/精炼-蓝铁矿/输出/蓝铁块	通过	逐机逐物品精确守恒
校验报告.md:3689 制造能力/M093	通过	逐机时间占用
校验报告.md:3690 契约/多料栏/M093	通过	结构、证据边界文字核对
校验报告.md:3691 端口数/M094	通过	逐机端口计数
校验报告.md:3692 占地/M094	通过	正式尺寸乘积
校验报告.md:3693 契约/配方集/M094	通过	结构、证据边界文字核对
校验报告.md:3694 配方/M094／精炼-蓝铁矿	通过	结构、证据边界文字核对
校验报告.md:3695 逐机配方守恒/M094/精炼-蓝铁矿/输入/蓝铁矿	通过	逐机逐物品精确守恒
校验报告.md:3696 逐机配方守恒/M094/精炼-蓝铁矿/输出/蓝铁块	通过	逐机逐物品精确守恒
校验报告.md:3697 制造能力/M094	通过	逐机时间占用
校验报告.md:3698 契约/多料栏/M094	通过	结构、证据边界文字核对
校验报告.md:3699 端口数/M095	通过	逐机端口计数
校验报告.md:3700 占地/M095	通过	正式尺寸乘积
校验报告.md:3701 契约/配方集/M095	通过	结构、证据边界文字核对
校验报告.md:3702 配方/M095／精炼-蓝铁矿	通过	结构、证据边界文字核对
校验报告.md:3703 逐机配方守恒/M095/精炼-蓝铁矿/输入/蓝铁矿	通过	逐机逐物品精确守恒
校验报告.md:3704 逐机配方守恒/M095/精炼-蓝铁矿/输出/蓝铁块	通过	逐机逐物品精确守恒
校验报告.md:3705 制造能力/M095	通过	逐机时间占用
校验报告.md:3706 契约/多料栏/M095	通过	结构、证据边界文字核对
校验报告.md:3707 端口数/M096	通过	逐机端口计数
校验报告.md:3708 占地/M096	通过	正式尺寸乘积
校验报告.md:3709 契约/配方集/M096	通过	结构、证据边界文字核对
校验报告.md:3710 配方/M096／精炼-蓝铁矿	通过	结构、证据边界文字核对
校验报告.md:3711 逐机配方守恒/M096/精炼-蓝铁矿/输入/蓝铁矿	通过	逐机逐物品精确守恒
校验报告.md:3712 逐机配方守恒/M096/精炼-蓝铁矿/输出/蓝铁块	通过	逐机逐物品精确守恒
校验报告.md:3713 制造能力/M096	通过	逐机时间占用
校验报告.md:3714 契约/多料栏/M096	通过	结构、证据边界文字核对
校验报告.md:3715 端口数/M097	通过	逐机端口计数
校验报告.md:3716 占地/M097	通过	正式尺寸乘积
校验报告.md:3717 契约/配方集/M097	通过	结构、证据边界文字核对
校验报告.md:3718 配方/M097／精炼-蓝铁矿	通过	结构、证据边界文字核对
校验报告.md:3719 逐机配方守恒/M097/精炼-蓝铁矿/输入/蓝铁矿	通过	逐机逐物品精确守恒
校验报告.md:3720 逐机配方守恒/M097/精炼-蓝铁矿/输出/蓝铁块	通过	逐机逐物品精确守恒
校验报告.md:3721 制造能力/M097	通过	逐机时间占用
校验报告.md:3722 契约/多料栏/M097	通过	结构、证据边界文字核对
校验报告.md:3723 端口数/M098	通过	逐机端口计数
校验报告.md:3724 占地/M098	通过	正式尺寸乘积
校验报告.md:3725 契约/配方集/M098	通过	结构、证据边界文字核对
校验报告.md:3726 配方/M098／精炼-蓝铁矿	通过	结构、证据边界文字核对
校验报告.md:3727 逐机配方守恒/M098/精炼-蓝铁矿/输入/蓝铁矿	通过	逐机逐物品精确守恒
校验报告.md:3728 逐机配方守恒/M098/精炼-蓝铁矿/输出/蓝铁块	通过	逐机逐物品精确守恒
校验报告.md:3729 制造能力/M098	通过	逐机时间占用
校验报告.md:3730 契约/多料栏/M098	通过	结构、证据边界文字核对
校验报告.md:3731 端口数/M099	通过	逐机端口计数
校验报告.md:3732 占地/M099	通过	正式尺寸乘积
校验报告.md:3733 契约/配方集/M099	通过	结构、证据边界文字核对
校验报告.md:3734 配方/M099／精炼-蓝铁矿	通过	结构、证据边界文字核对
校验报告.md:3735 逐机配方守恒/M099/精炼-蓝铁矿/输入/蓝铁矿	通过	逐机逐物品精确守恒
校验报告.md:3736 逐机配方守恒/M099/精炼-蓝铁矿/输出/蓝铁块	通过	逐机逐物品精确守恒
校验报告.md:3737 制造能力/M099	通过	逐机时间占用
校验报告.md:3738 契约/多料栏/M099	通过	结构、证据边界文字核对
校验报告.md:3739 端口数/M100	通过	逐机端口计数
校验报告.md:3740 占地/M100	通过	正式尺寸乘积
校验报告.md:3741 契约/配方集/M100	通过	结构、证据边界文字核对
校验报告.md:3742 配方/M100／精炼-蓝铁矿	通过	结构、证据边界文字核对
校验报告.md:3743 逐机配方守恒/M100/精炼-蓝铁矿/输入/蓝铁矿	通过	逐机逐物品精确守恒
校验报告.md:3744 逐机配方守恒/M100/精炼-蓝铁矿/输出/蓝铁块	通过	逐机逐物品精确守恒
校验报告.md:3745 制造能力/M100	通过	逐机时间占用
校验报告.md:3746 契约/多料栏/M100	通过	结构、证据边界文字核对
校验报告.md:3747 端口数/M101	通过	逐机端口计数
校验报告.md:3748 占地/M101	通过	正式尺寸乘积
校验报告.md:3749 契约/配方集/M101	通过	结构、证据边界文字核对
校验报告.md:3750 配方/M101／精炼-蓝铁矿	通过	结构、证据边界文字核对
校验报告.md:3751 逐机配方守恒/M101/精炼-蓝铁矿/输入/蓝铁矿	通过	逐机逐物品精确守恒
校验报告.md:3752 逐机配方守恒/M101/精炼-蓝铁矿/输出/蓝铁块	通过	逐机逐物品精确守恒
校验报告.md:3753 制造能力/M101	通过	逐机时间占用
校验报告.md:3754 契约/多料栏/M101	通过	结构、证据边界文字核对
校验报告.md:3755 端口数/M102	通过	逐机端口计数
校验报告.md:3756 占地/M102	通过	正式尺寸乘积
校验报告.md:3757 契约/配方集/M102	通过	结构、证据边界文字核对
校验报告.md:3758 配方/M102／精炼-蓝铁矿	通过	结构、证据边界文字核对
校验报告.md:3759 逐机配方守恒/M102/精炼-蓝铁矿/输入/蓝铁矿	通过	逐机逐物品精确守恒
校验报告.md:3760 逐机配方守恒/M102/精炼-蓝铁矿/输出/蓝铁块	通过	逐机逐物品精确守恒
校验报告.md:3761 制造能力/M102	通过	逐机时间占用
校验报告.md:3762 契约/多料栏/M102	通过	结构、证据边界文字核对
校验报告.md:3763 端口数/M103	通过	逐机端口计数
校验报告.md:3764 占地/M103	通过	正式尺寸乘积
校验报告.md:3765 契约/配方集/M103	通过	结构、证据边界文字核对
校验报告.md:3766 配方/M103／精炼-致密蓝铁	通过	结构、证据边界文字核对
校验报告.md:3767 逐机配方守恒/M103/精炼-致密蓝铁/输入/致密蓝铁粉末	通过	逐机逐物品精确守恒
校验报告.md:3768 逐机配方守恒/M103/精炼-致密蓝铁/输出/钢块	通过	逐机逐物品精确守恒
校验报告.md:3769 制造能力/M103	通过	逐机时间占用
校验报告.md:3770 契约/多料栏/M103	通过	结构、证据边界文字核对
校验报告.md:3771 端口数/M104	通过	逐机端口计数
校验报告.md:3772 占地/M104	通过	正式尺寸乘积
校验报告.md:3773 契约/配方集/M104	通过	结构、证据边界文字核对
校验报告.md:3774 配方/M104／精炼-致密蓝铁	通过	结构、证据边界文字核对
校验报告.md:3775 逐机配方守恒/M104/精炼-致密蓝铁/输入/致密蓝铁粉末	通过	逐机逐物品精确守恒
校验报告.md:3776 逐机配方守恒/M104/精炼-致密蓝铁/输出/钢块	通过	逐机逐物品精确守恒
校验报告.md:3777 制造能力/M104	通过	逐机时间占用
校验报告.md:3778 契约/多料栏/M104	通过	结构、证据边界文字核对
校验报告.md:3779 端口数/M105	通过	逐机端口计数
校验报告.md:3780 占地/M105	通过	正式尺寸乘积
校验报告.md:3781 契约/配方集/M105	通过	结构、证据边界文字核对
校验报告.md:3782 配方/M105／精炼-致密蓝铁	通过	结构、证据边界文字核对
校验报告.md:3783 逐机配方守恒/M105/精炼-致密蓝铁/输入/致密蓝铁粉末	通过	逐机逐物品精确守恒
校验报告.md:3784 逐机配方守恒/M105/精炼-致密蓝铁/输出/钢块	通过	逐机逐物品精确守恒
校验报告.md:3785 制造能力/M105	通过	逐机时间占用
校验报告.md:3786 契约/多料栏/M105	通过	结构、证据边界文字核对
校验报告.md:3787 端口数/M106	通过	逐机端口计数
校验报告.md:3788 占地/M106	通过	正式尺寸乘积
校验报告.md:3789 契约/配方集/M106	通过	结构、证据边界文字核对
校验报告.md:3790 配方/M106／精炼-致密蓝铁	通过	结构、证据边界文字核对
校验报告.md:3791 逐机配方守恒/M106/精炼-致密蓝铁/输入/致密蓝铁粉末	通过	逐机逐物品精确守恒
校验报告.md:3792 逐机配方守恒/M106/精炼-致密蓝铁/输出/钢块	通过	逐机逐物品精确守恒
校验报告.md:3793 制造能力/M106	通过	逐机时间占用
校验报告.md:3794 契约/多料栏/M106	通过	结构、证据边界文字核对
校验报告.md:3795 端口数/M107	通过	逐机端口计数
校验报告.md:3796 占地/M107	通过	正式尺寸乘积
校验报告.md:3797 契约/配方集/M107	通过	结构、证据边界文字核对
校验报告.md:3798 配方/M107／精炼-致密蓝铁	通过	结构、证据边界文字核对
校验报告.md:3799 逐机配方守恒/M107/精炼-致密蓝铁/输入/致密蓝铁粉末	通过	逐机逐物品精确守恒
校验报告.md:3800 逐机配方守恒/M107/精炼-致密蓝铁/输出/钢块	通过	逐机逐物品精确守恒
校验报告.md:3801 制造能力/M107	通过	逐机时间占用
校验报告.md:3802 契约/多料栏/M107	通过	结构、证据边界文字核对
校验报告.md:3803 端口数/M108	通过	逐机端口计数
校验报告.md:3804 占地/M108	通过	正式尺寸乘积
校验报告.md:3805 契约/配方集/M108	通过	结构、证据边界文字核对
校验报告.md:3806 配方/M108／精炼-致密蓝铁	通过	结构、证据边界文字核对
校验报告.md:3807 逐机配方守恒/M108/精炼-致密蓝铁/输入/致密蓝铁粉末	通过	逐机逐物品精确守恒
校验报告.md:3808 逐机配方守恒/M108/精炼-致密蓝铁/输出/钢块	通过	逐机逐物品精确守恒
校验报告.md:3809 制造能力/M108	通过	逐机时间占用
校验报告.md:3810 契约/多料栏/M108	通过	结构、证据边界文字核对
校验报告.md:3811 端口数/M109	通过	逐机端口计数
校验报告.md:3812 占地/M109	通过	正式尺寸乘积
校验报告.md:3813 契约/配方集/M109	通过	结构、证据边界文字核对
校验报告.md:3814 配方/M109／精炼-致密蓝铁	通过	结构、证据边界文字核对
校验报告.md:3815 逐机配方守恒/M109/精炼-致密蓝铁/输入/致密蓝铁粉末	通过	逐机逐物品精确守恒
校验报告.md:3816 逐机配方守恒/M109/精炼-致密蓝铁/输出/钢块	通过	逐机逐物品精确守恒
校验报告.md:3817 制造能力/M109	通过	逐机时间占用
校验报告.md:3818 契约/多料栏/M109	通过	结构、证据边界文字核对
校验报告.md:3819 端口数/M110	通过	逐机端口计数
校验报告.md:3820 占地/M110	通过	正式尺寸乘积
校验报告.md:3821 契约/配方集/M110	通过	结构、证据边界文字核对
校验报告.md:3822 配方/M110／精炼-致密蓝铁	通过	结构、证据边界文字核对
校验报告.md:3823 逐机配方守恒/M110/精炼-致密蓝铁/输入/致密蓝铁粉末	通过	逐机逐物品精确守恒
校验报告.md:3824 逐机配方守恒/M110/精炼-致密蓝铁/输出/钢块	通过	逐机逐物品精确守恒
校验报告.md:3825 制造能力/M110	通过	逐机时间占用
校验报告.md:3826 契约/多料栏/M110	通过	结构、证据边界文字核对
校验报告.md:3827 端口数/M111	通过	逐机端口计数
校验报告.md:3828 占地/M111	通过	正式尺寸乘积
校验报告.md:3829 契约/配方集/M111	通过	结构、证据边界文字核对
校验报告.md:3830 配方/M111／精炼-致密蓝铁	通过	结构、证据边界文字核对
校验报告.md:3831 逐机配方守恒/M111/精炼-致密蓝铁/输入/致密蓝铁粉末	通过	逐机逐物品精确守恒
校验报告.md:3832 逐机配方守恒/M111/精炼-致密蓝铁/输出/钢块	通过	逐机逐物品精确守恒
校验报告.md:3833 制造能力/M111	通过	逐机时间占用
校验报告.md:3834 契约/多料栏/M111	通过	结构、证据边界文字核对
校验报告.md:3835 端口数/M112	通过	逐机端口计数
校验报告.md:3836 占地/M112	通过	正式尺寸乘积
校验报告.md:3837 契约/配方集/M112	通过	结构、证据边界文字核对
校验报告.md:3838 配方/M112／精炼-致密蓝铁	通过	结构、证据边界文字核对
校验报告.md:3839 逐机配方守恒/M112/精炼-致密蓝铁/输入/致密蓝铁粉末	通过	逐机逐物品精确守恒
校验报告.md:3840 逐机配方守恒/M112/精炼-致密蓝铁/输出/钢块	通过	逐机逐物品精确守恒
校验报告.md:3841 制造能力/M112	通过	逐机时间占用
校验报告.md:3842 契约/多料栏/M112	通过	结构、证据边界文字核对
校验报告.md:3843 端口数/M113	通过	逐机端口计数
校验报告.md:3844 占地/M113	通过	正式尺寸乘积
校验报告.md:3845 契约/配方集/M113	通过	结构、证据边界文字核对
校验报告.md:3846 配方/M113／精炼-致密蓝铁	通过	结构、证据边界文字核对
校验报告.md:3847 逐机配方守恒/M113/精炼-致密蓝铁/输入/致密蓝铁粉末	通过	逐机逐物品精确守恒
校验报告.md:3848 逐机配方守恒/M113/精炼-致密蓝铁/输出/钢块	通过	逐机逐物品精确守恒
校验报告.md:3849 制造能力/M113	通过	逐机时间占用
校验报告.md:3850 契约/多料栏/M113	通过	结构、证据边界文字核对
校验报告.md:3851 端口数/M114	通过	逐机端口计数
校验报告.md:3852 占地/M114	通过	正式尺寸乘积
校验报告.md:3853 契约/配方集/M114	通过	结构、证据边界文字核对
校验报告.md:3854 配方/M114／精炼-致密蓝铁	通过	结构、证据边界文字核对
校验报告.md:3855 逐机配方守恒/M114/精炼-致密蓝铁/输入/致密蓝铁粉末	通过	逐机逐物品精确守恒
校验报告.md:3856 逐机配方守恒/M114/精炼-致密蓝铁/输出/钢块	通过	逐机逐物品精确守恒
校验报告.md:3857 制造能力/M114	通过	逐机时间占用
校验报告.md:3858 契约/多料栏/M114	通过	结构、证据边界文字核对
校验报告.md:3859 端口数/M115	通过	逐机端口计数
校验报告.md:3860 占地/M115	通过	正式尺寸乘积
校验报告.md:3861 契约/配方集/M115	通过	结构、证据边界文字核对
校验报告.md:3862 配方/M115／精炼-致密蓝铁	通过	结构、证据边界文字核对
校验报告.md:3863 逐机配方守恒/M115/精炼-致密蓝铁/输入/致密蓝铁粉末	通过	逐机逐物品精确守恒
校验报告.md:3864 逐机配方守恒/M115/精炼-致密蓝铁/输出/钢块	通过	逐机逐物品精确守恒
校验报告.md:3865 制造能力/M115	通过	逐机时间占用
校验报告.md:3866 契约/多料栏/M115	通过	结构、证据边界文字核对
校验报告.md:3867 端口数/M116	通过	逐机端口计数
校验报告.md:3868 占地/M116	通过	正式尺寸乘积
校验报告.md:3869 契约/配方集/M116	通过	结构、证据边界文字核对
校验报告.md:3870 配方/M116／精炼-致密蓝铁	通过	结构、证据边界文字核对
校验报告.md:3871 逐机配方守恒/M116/精炼-致密蓝铁/输入/致密蓝铁粉末	通过	逐机逐物品精确守恒
校验报告.md:3872 逐机配方守恒/M116/精炼-致密蓝铁/输出/钢块	通过	逐机逐物品精确守恒
校验报告.md:3873 制造能力/M116	通过	逐机时间占用
校验报告.md:3874 契约/多料栏/M116	通过	结构、证据边界文字核对
校验报告.md:3875 端口数/M117	通过	逐机端口计数
校验报告.md:3876 占地/M117	通过	正式尺寸乘积
校验报告.md:3877 契约/配方集/M117	通过	结构、证据边界文字核对
校验报告.md:3878 配方/M117／精炼-致密蓝铁	通过	结构、证据边界文字核对
校验报告.md:3879 逐机配方守恒/M117/精炼-致密蓝铁/输入/致密蓝铁粉末	通过	逐机逐物品精确守恒
校验报告.md:3880 逐机配方守恒/M117/精炼-致密蓝铁/输出/钢块	通过	逐机逐物品精确守恒
校验报告.md:3881 制造能力/M117	通过	逐机时间占用
校验报告.md:3882 契约/多料栏/M117	通过	结构、证据边界文字核对
校验报告.md:3883 端口数/M118	通过	逐机端口计数
校验报告.md:3884 占地/M118	通过	正式尺寸乘积
校验报告.md:3885 契约/配方集/M118	通过	结构、证据边界文字核对
校验报告.md:3886 配方/M118／精炼-致密蓝铁	通过	结构、证据边界文字核对
校验报告.md:3887 逐机配方守恒/M118/精炼-致密蓝铁/输入/致密蓝铁粉末	通过	逐机逐物品精确守恒
校验报告.md:3888 逐机配方守恒/M118/精炼-致密蓝铁/输出/钢块	通过	逐机逐物品精确守恒
校验报告.md:3889 制造能力/M118	通过	逐机时间占用
校验报告.md:3890 契约/多料栏/M118	通过	结构、证据边界文字核对
校验报告.md:3891 端口数/M119	通过	逐机端口计数
校验报告.md:3892 占地/M119	通过	正式尺寸乘积
校验报告.md:3893 契约/配方集/M119	通过	结构、证据边界文字核对
校验报告.md:3894 配方/M119／精炼-致密蓝铁	通过	结构、证据边界文字核对
校验报告.md:3895 逐机配方守恒/M119/精炼-致密蓝铁/输入/致密蓝铁粉末	通过	逐机逐物品精确守恒
校验报告.md:3896 逐机配方守恒/M119/精炼-致密蓝铁/输出/钢块	通过	逐机逐物品精确守恒
校验报告.md:3897 制造能力/M119	通过	逐机时间占用
校验报告.md:3898 契约/多料栏/M119	通过	结构、证据边界文字核对
校验报告.md:3899 端口数/M120	通过	逐机端口计数
校验报告.md:3900 占地/M120	通过	正式尺寸乘积
校验报告.md:3901 契约/配方集/M120	通过	结构、证据边界文字核对
校验报告.md:3902 配方/M120／研磨-致密蓝铁	通过	结构、证据边界文字核对
校验报告.md:3903 逐机配方守恒/M120/研磨-致密蓝铁/输入/砂叶粉末	通过	逐机逐物品精确守恒
校验报告.md:3904 逐机配方守恒/M120/研磨-致密蓝铁/输入/蓝铁粉末	通过	逐机逐物品精确守恒
校验报告.md:3905 逐机配方守恒/M120/研磨-致密蓝铁/输出/致密蓝铁粉末	通过	逐机逐物品精确守恒
校验报告.md:3906 制造能力/M120	通过	逐机时间占用
校验报告.md:3907 契约/多料栏/M120	通过	结构、证据边界文字核对
校验报告.md:3908 端口数/M121	通过	逐机端口计数
校验报告.md:3909 占地/M121	通过	正式尺寸乘积
校验报告.md:3910 契约/配方集/M121	通过	结构、证据边界文字核对
校验报告.md:3911 配方/M121／研磨-致密蓝铁	通过	结构、证据边界文字核对
校验报告.md:3912 逐机配方守恒/M121/研磨-致密蓝铁/输入/砂叶粉末	通过	逐机逐物品精确守恒
校验报告.md:3913 逐机配方守恒/M121/研磨-致密蓝铁/输入/蓝铁粉末	通过	逐机逐物品精确守恒
校验报告.md:3914 逐机配方守恒/M121/研磨-致密蓝铁/输出/致密蓝铁粉末	通过	逐机逐物品精确守恒
校验报告.md:3915 制造能力/M121	通过	逐机时间占用
校验报告.md:3916 契约/多料栏/M121	通过	结构、证据边界文字核对
校验报告.md:3917 端口数/M122	通过	逐机端口计数
校验报告.md:3918 占地/M122	通过	正式尺寸乘积
校验报告.md:3919 契约/配方集/M122	通过	结构、证据边界文字核对
校验报告.md:3920 配方/M122／研磨-致密蓝铁	通过	结构、证据边界文字核对
校验报告.md:3921 逐机配方守恒/M122/研磨-致密蓝铁/输入/砂叶粉末	通过	逐机逐物品精确守恒
校验报告.md:3922 逐机配方守恒/M122/研磨-致密蓝铁/输入/蓝铁粉末	通过	逐机逐物品精确守恒
校验报告.md:3923 逐机配方守恒/M122/研磨-致密蓝铁/输出/致密蓝铁粉末	通过	逐机逐物品精确守恒
校验报告.md:3924 制造能力/M122	通过	逐机时间占用
校验报告.md:3925 契约/多料栏/M122	通过	结构、证据边界文字核对
校验报告.md:3926 端口数/M123	通过	逐机端口计数
校验报告.md:3927 占地/M123	通过	正式尺寸乘积
校验报告.md:3928 契约/配方集/M123	通过	结构、证据边界文字核对
校验报告.md:3929 配方/M123／研磨-致密蓝铁	通过	结构、证据边界文字核对
校验报告.md:3930 逐机配方守恒/M123/研磨-致密蓝铁/输入/砂叶粉末	通过	逐机逐物品精确守恒
校验报告.md:3931 逐机配方守恒/M123/研磨-致密蓝铁/输入/蓝铁粉末	通过	逐机逐物品精确守恒
校验报告.md:3932 逐机配方守恒/M123/研磨-致密蓝铁/输出/致密蓝铁粉末	通过	逐机逐物品精确守恒
校验报告.md:3933 制造能力/M123	通过	逐机时间占用
校验报告.md:3934 契约/多料栏/M123	通过	结构、证据边界文字核对
校验报告.md:3935 端口数/M124	通过	逐机端口计数
校验报告.md:3936 占地/M124	通过	正式尺寸乘积
校验报告.md:3937 契约/配方集/M124	通过	结构、证据边界文字核对
校验报告.md:3938 配方/M124／研磨-致密蓝铁	通过	结构、证据边界文字核对
校验报告.md:3939 逐机配方守恒/M124/研磨-致密蓝铁/输入/砂叶粉末	通过	逐机逐物品精确守恒
校验报告.md:3940 逐机配方守恒/M124/研磨-致密蓝铁/输入/蓝铁粉末	通过	逐机逐物品精确守恒
校验报告.md:3941 逐机配方守恒/M124/研磨-致密蓝铁/输出/致密蓝铁粉末	通过	逐机逐物品精确守恒
校验报告.md:3942 制造能力/M124	通过	逐机时间占用
校验报告.md:3943 契约/多料栏/M124	通过	结构、证据边界文字核对
校验报告.md:3944 端口数/M125	通过	逐机端口计数
校验报告.md:3945 占地/M125	通过	正式尺寸乘积
校验报告.md:3946 契约/配方集/M125	通过	结构、证据边界文字核对
校验报告.md:3947 配方/M125／研磨-致密蓝铁	通过	结构、证据边界文字核对
校验报告.md:3948 逐机配方守恒/M125/研磨-致密蓝铁/输入/砂叶粉末	通过	逐机逐物品精确守恒
校验报告.md:3949 逐机配方守恒/M125/研磨-致密蓝铁/输入/蓝铁粉末	通过	逐机逐物品精确守恒
校验报告.md:3950 逐机配方守恒/M125/研磨-致密蓝铁/输出/致密蓝铁粉末	通过	逐机逐物品精确守恒
校验报告.md:3951 制造能力/M125	通过	逐机时间占用
校验报告.md:3952 契约/多料栏/M125	通过	结构、证据边界文字核对
校验报告.md:3953 端口数/M126	通过	逐机端口计数
校验报告.md:3954 占地/M126	通过	正式尺寸乘积
校验报告.md:3955 契约/配方集/M126	通过	结构、证据边界文字核对
校验报告.md:3956 配方/M126／研磨-致密蓝铁	通过	结构、证据边界文字核对
校验报告.md:3957 逐机配方守恒/M126/研磨-致密蓝铁/输入/砂叶粉末	通过	逐机逐物品精确守恒
校验报告.md:3958 逐机配方守恒/M126/研磨-致密蓝铁/输入/蓝铁粉末	通过	逐机逐物品精确守恒
校验报告.md:3959 逐机配方守恒/M126/研磨-致密蓝铁/输出/致密蓝铁粉末	通过	逐机逐物品精确守恒
校验报告.md:3960 制造能力/M126	通过	逐机时间占用
校验报告.md:3961 契约/多料栏/M126	通过	结构、证据边界文字核对
校验报告.md:3962 端口数/M127	通过	逐机端口计数
校验报告.md:3963 占地/M127	通过	正式尺寸乘积
校验报告.md:3964 契约/配方集/M127	通过	结构、证据边界文字核对
校验报告.md:3965 配方/M127／研磨-致密蓝铁	通过	结构、证据边界文字核对
校验报告.md:3966 逐机配方守恒/M127/研磨-致密蓝铁/输入/砂叶粉末	通过	逐机逐物品精确守恒
校验报告.md:3967 逐机配方守恒/M127/研磨-致密蓝铁/输入/蓝铁粉末	通过	逐机逐物品精确守恒
校验报告.md:3968 逐机配方守恒/M127/研磨-致密蓝铁/输出/致密蓝铁粉末	通过	逐机逐物品精确守恒
校验报告.md:3969 制造能力/M127	通过	逐机时间占用
校验报告.md:3970 契约/多料栏/M127	通过	结构、证据边界文字核对
校验报告.md:3971 端口数/M128	通过	逐机端口计数
校验报告.md:3972 占地/M128	通过	正式尺寸乘积
校验报告.md:3973 契约/配方集/M128	通过	结构、证据边界文字核对
校验报告.md:3974 配方/M128／研磨-致密蓝铁	通过	结构、证据边界文字核对
校验报告.md:3975 逐机配方守恒/M128/研磨-致密蓝铁/输入/砂叶粉末	通过	逐机逐物品精确守恒
校验报告.md:3976 逐机配方守恒/M128/研磨-致密蓝铁/输入/蓝铁粉末	通过	逐机逐物品精确守恒
校验报告.md:3977 逐机配方守恒/M128/研磨-致密蓝铁/输出/致密蓝铁粉末	通过	逐机逐物品精确守恒
校验报告.md:3978 制造能力/M128	通过	逐机时间占用
校验报告.md:3979 契约/多料栏/M128	通过	结构、证据边界文字核对
校验报告.md:3980 端口数/M129	通过	逐机端口计数
校验报告.md:3981 占地/M129	通过	正式尺寸乘积
校验报告.md:3982 契约/配方集/M129	通过	结构、证据边界文字核对
校验报告.md:3983 配方/M129／研磨-致密蓝铁	通过	结构、证据边界文字核对
校验报告.md:3984 逐机配方守恒/M129/研磨-致密蓝铁/输入/砂叶粉末	通过	逐机逐物品精确守恒
校验报告.md:3985 逐机配方守恒/M129/研磨-致密蓝铁/输入/蓝铁粉末	通过	逐机逐物品精确守恒
校验报告.md:3986 逐机配方守恒/M129/研磨-致密蓝铁/输出/致密蓝铁粉末	通过	逐机逐物品精确守恒
校验报告.md:3987 制造能力/M129	通过	逐机时间占用
校验报告.md:3988 契约/多料栏/M129	通过	结构、证据边界文字核对
校验报告.md:3989 端口数/M130	通过	逐机端口计数
校验报告.md:3990 占地/M130	通过	正式尺寸乘积
校验报告.md:3991 契约/配方集/M130	通过	结构、证据边界文字核对
校验报告.md:3992 配方/M130／研磨-致密蓝铁	通过	结构、证据边界文字核对
校验报告.md:3993 逐机配方守恒/M130/研磨-致密蓝铁/输入/砂叶粉末	通过	逐机逐物品精确守恒
校验报告.md:3994 逐机配方守恒/M130/研磨-致密蓝铁/输入/蓝铁粉末	通过	逐机逐物品精确守恒
校验报告.md:3995 逐机配方守恒/M130/研磨-致密蓝铁/输出/致密蓝铁粉末	通过	逐机逐物品精确守恒
校验报告.md:3996 制造能力/M130	通过	逐机时间占用
校验报告.md:3997 契约/多料栏/M130	通过	结构、证据边界文字核对
校验报告.md:3998 端口数/M131	通过	逐机端口计数
校验报告.md:3999 占地/M131	通过	正式尺寸乘积
校验报告.md:4000 契约/配方集/M131	通过	结构、证据边界文字核对
校验报告.md:4001 配方/M131／研磨-致密蓝铁	通过	结构、证据边界文字核对
校验报告.md:4002 逐机配方守恒/M131/研磨-致密蓝铁/输入/砂叶粉末	通过	逐机逐物品精确守恒
校验报告.md:4003 逐机配方守恒/M131/研磨-致密蓝铁/输入/蓝铁粉末	通过	逐机逐物品精确守恒
校验报告.md:4004 逐机配方守恒/M131/研磨-致密蓝铁/输出/致密蓝铁粉末	通过	逐机逐物品精确守恒
校验报告.md:4005 制造能力/M131	通过	逐机时间占用
校验报告.md:4006 契约/多料栏/M131	通过	结构、证据边界文字核对
校验报告.md:4007 端口数/M132	通过	逐机端口计数
校验报告.md:4008 占地/M132	通过	正式尺寸乘积
校验报告.md:4009 契约/配方集/M132	通过	结构、证据边界文字核对
校验报告.md:4010 配方/M132／研磨-致密蓝铁	通过	结构、证据边界文字核对
校验报告.md:4011 逐机配方守恒/M132/研磨-致密蓝铁/输入/砂叶粉末	通过	逐机逐物品精确守恒
校验报告.md:4012 逐机配方守恒/M132/研磨-致密蓝铁/输入/蓝铁粉末	通过	逐机逐物品精确守恒
校验报告.md:4013 逐机配方守恒/M132/研磨-致密蓝铁/输出/致密蓝铁粉末	通过	逐机逐物品精确守恒
校验报告.md:4014 制造能力/M132	通过	逐机时间占用
校验报告.md:4015 契约/多料栏/M132	通过	结构、证据边界文字核对
校验报告.md:4016 端口数/M133	通过	逐机端口计数
校验报告.md:4017 占地/M133	通过	正式尺寸乘积
校验报告.md:4018 契约/配方集/M133	通过	结构、证据边界文字核对
校验报告.md:4019 配方/M133／研磨-致密蓝铁	通过	结构、证据边界文字核对
校验报告.md:4020 逐机配方守恒/M133/研磨-致密蓝铁/输入/砂叶粉末	通过	逐机逐物品精确守恒
校验报告.md:4021 逐机配方守恒/M133/研磨-致密蓝铁/输入/蓝铁粉末	通过	逐机逐物品精确守恒
校验报告.md:4022 逐机配方守恒/M133/研磨-致密蓝铁/输出/致密蓝铁粉末	通过	逐机逐物品精确守恒
校验报告.md:4023 制造能力/M133	通过	逐机时间占用
校验报告.md:4024 契约/多料栏/M133	通过	结构、证据边界文字核对
校验报告.md:4025 端口数/M134	通过	逐机端口计数
校验报告.md:4026 占地/M134	通过	正式尺寸乘积
校验报告.md:4027 契约/配方集/M134	通过	结构、证据边界文字核对
校验报告.md:4028 配方/M134／研磨-致密蓝铁	通过	结构、证据边界文字核对
校验报告.md:4029 逐机配方守恒/M134/研磨-致密蓝铁/输入/砂叶粉末	通过	逐机逐物品精确守恒
校验报告.md:4030 逐机配方守恒/M134/研磨-致密蓝铁/输入/蓝铁粉末	通过	逐机逐物品精确守恒
校验报告.md:4031 逐机配方守恒/M134/研磨-致密蓝铁/输出/致密蓝铁粉末	通过	逐机逐物品精确守恒
校验报告.md:4032 制造能力/M134	通过	逐机时间占用
校验报告.md:4033 契约/多料栏/M134	通过	结构、证据边界文字核对
校验报告.md:4034 端口数/M135	通过	逐机端口计数
校验报告.md:4035 占地/M135	通过	正式尺寸乘积
校验报告.md:4036 契约/配方集/M135	通过	结构、证据边界文字核对
校验报告.md:4037 配方/M135／研磨-致密蓝铁	通过	结构、证据边界文字核对
校验报告.md:4038 逐机配方守恒/M135/研磨-致密蓝铁/输入/砂叶粉末	通过	逐机逐物品精确守恒
校验报告.md:4039 逐机配方守恒/M135/研磨-致密蓝铁/输入/蓝铁粉末	通过	逐机逐物品精确守恒
校验报告.md:4040 逐机配方守恒/M135/研磨-致密蓝铁/输出/致密蓝铁粉末	通过	逐机逐物品精确守恒
校验报告.md:4041 制造能力/M135	通过	逐机时间占用
校验报告.md:4042 契约/多料栏/M135	通过	结构、证据边界文字核对
校验报告.md:4043 端口数/M136	通过	逐机端口计数
校验报告.md:4044 占地/M136	通过	正式尺寸乘积
校验报告.md:4045 契约/配方集/M136	通过	结构、证据边界文字核对
校验报告.md:4046 配方/M136／研磨-致密蓝铁	通过	结构、证据边界文字核对
校验报告.md:4047 逐机配方守恒/M136/研磨-致密蓝铁/输入/砂叶粉末	通过	逐机逐物品精确守恒
校验报告.md:4048 逐机配方守恒/M136/研磨-致密蓝铁/输入/蓝铁粉末	通过	逐机逐物品精确守恒
校验报告.md:4049 逐机配方守恒/M136/研磨-致密蓝铁/输出/致密蓝铁粉末	通过	逐机逐物品精确守恒
校验报告.md:4050 制造能力/M136	通过	逐机时间占用
校验报告.md:4051 契约/多料栏/M136	通过	结构、证据边界文字核对
校验报告.md:4052 端口数/M137	通过	逐机端口计数
校验报告.md:4053 占地/M137	通过	正式尺寸乘积
校验报告.md:4054 契约/配方集/M137	通过	结构、证据边界文字核对
校验报告.md:4055 配方/M137／研磨-致密源石	通过	结构、证据边界文字核对
校验报告.md:4056 逐机配方守恒/M137/研磨-致密源石/输入/源石粉末	通过	逐机逐物品精确守恒
校验报告.md:4057 逐机配方守恒/M137/研磨-致密源石/输入/砂叶粉末	通过	逐机逐物品精确守恒
校验报告.md:4058 逐机配方守恒/M137/研磨-致密源石/输出/致密源石粉末	通过	逐机逐物品精确守恒
校验报告.md:4059 制造能力/M137	通过	逐机时间占用
校验报告.md:4060 契约/多料栏/M137	通过	结构、证据边界文字核对
校验报告.md:4061 端口数/M138	通过	逐机端口计数
校验报告.md:4062 占地/M138	通过	正式尺寸乘积
校验报告.md:4063 契约/配方集/M138	通过	结构、证据边界文字核对
校验报告.md:4064 配方/M138／研磨-致密源石	通过	结构、证据边界文字核对
校验报告.md:4065 逐机配方守恒/M138/研磨-致密源石/输入/源石粉末	通过	逐机逐物品精确守恒
校验报告.md:4066 逐机配方守恒/M138/研磨-致密源石/输入/砂叶粉末	通过	逐机逐物品精确守恒
校验报告.md:4067 逐机配方守恒/M138/研磨-致密源石/输出/致密源石粉末	通过	逐机逐物品精确守恒
校验报告.md:4068 制造能力/M138	通过	逐机时间占用
校验报告.md:4069 契约/多料栏/M138	通过	结构、证据边界文字核对
校验报告.md:4070 端口数/M139	通过	逐机端口计数
校验报告.md:4071 占地/M139	通过	正式尺寸乘积
校验报告.md:4072 契约/配方集/M139	通过	结构、证据边界文字核对
校验报告.md:4073 配方/M139／研磨-致密源石	通过	结构、证据边界文字核对
校验报告.md:4074 逐机配方守恒/M139/研磨-致密源石/输入/源石粉末	通过	逐机逐物品精确守恒
校验报告.md:4075 逐机配方守恒/M139/研磨-致密源石/输入/砂叶粉末	通过	逐机逐物品精确守恒
校验报告.md:4076 逐机配方守恒/M139/研磨-致密源石/输出/致密源石粉末	通过	逐机逐物品精确守恒
校验报告.md:4077 制造能力/M139	通过	逐机时间占用
校验报告.md:4078 契约/多料栏/M139	通过	结构、证据边界文字核对
校验报告.md:4079 端口数/M140	通过	逐机端口计数
校验报告.md:4080 占地/M140	通过	正式尺寸乘积
校验报告.md:4081 契约/配方集/M140	通过	结构、证据边界文字核对
校验报告.md:4082 配方/M140／研磨-致密源石	通过	结构、证据边界文字核对
校验报告.md:4083 逐机配方守恒/M140/研磨-致密源石/输入/源石粉末	通过	逐机逐物品精确守恒
校验报告.md:4084 逐机配方守恒/M140/研磨-致密源石/输入/砂叶粉末	通过	逐机逐物品精确守恒
校验报告.md:4085 逐机配方守恒/M140/研磨-致密源石/输出/致密源石粉末	通过	逐机逐物品精确守恒
校验报告.md:4086 制造能力/M140	通过	逐机时间占用
校验报告.md:4087 契约/多料栏/M140	通过	结构、证据边界文字核对
校验报告.md:4088 端口数/M141	通过	逐机端口计数
校验报告.md:4089 占地/M141	通过	正式尺寸乘积
校验报告.md:4090 契约/配方集/M141	通过	结构、证据边界文字核对
校验报告.md:4091 配方/M141／研磨-致密源石	通过	结构、证据边界文字核对
校验报告.md:4092 逐机配方守恒/M141/研磨-致密源石/输入/源石粉末	通过	逐机逐物品精确守恒
校验报告.md:4093 逐机配方守恒/M141/研磨-致密源石/输入/砂叶粉末	通过	逐机逐物品精确守恒
校验报告.md:4094 逐机配方守恒/M141/研磨-致密源石/输出/致密源石粉末	通过	逐机逐物品精确守恒
校验报告.md:4095 制造能力/M141	通过	逐机时间占用
校验报告.md:4096 契约/多料栏/M141	通过	结构、证据边界文字核对
校验报告.md:4097 端口数/M142	通过	逐机端口计数
校验报告.md:4098 占地/M142	通过	正式尺寸乘积
校验报告.md:4099 契约/配方集/M142	通过	结构、证据边界文字核对
校验报告.md:4100 配方/M142／研磨-致密源石	通过	结构、证据边界文字核对
校验报告.md:4101 逐机配方守恒/M142/研磨-致密源石/输入/源石粉末	通过	逐机逐物品精确守恒
校验报告.md:4102 逐机配方守恒/M142/研磨-致密源石/输入/砂叶粉末	通过	逐机逐物品精确守恒
校验报告.md:4103 逐机配方守恒/M142/研磨-致密源石/输出/致密源石粉末	通过	逐机逐物品精确守恒
校验报告.md:4104 制造能力/M142	通过	逐机时间占用
校验报告.md:4105 契约/多料栏/M142	通过	结构、证据边界文字核对
校验报告.md:4106 端口数/M143	通过	逐机端口计数
校验报告.md:4107 占地/M143	通过	正式尺寸乘积
校验报告.md:4108 契约/配方集/M143	通过	结构、证据边界文字核对
校验报告.md:4109 配方/M143／研磨-致密源石	通过	结构、证据边界文字核对
校验报告.md:4110 逐机配方守恒/M143/研磨-致密源石/输入/源石粉末	通过	逐机逐物品精确守恒
校验报告.md:4111 逐机配方守恒/M143/研磨-致密源石/输入/砂叶粉末	通过	逐机逐物品精确守恒
校验报告.md:4112 逐机配方守恒/M143/研磨-致密源石/输出/致密源石粉末	通过	逐机逐物品精确守恒
校验报告.md:4113 制造能力/M143	通过	逐机时间占用
校验报告.md:4114 契约/多料栏/M143	通过	结构、证据边界文字核对
校验报告.md:4115 端口数/M144	通过	逐机端口计数
校验报告.md:4116 占地/M144	通过	正式尺寸乘积
校验报告.md:4117 契约/配方集/M144	通过	结构、证据边界文字核对
校验报告.md:4118 配方/M144／研磨-致密源石	通过	结构、证据边界文字核对
校验报告.md:4119 逐机配方守恒/M144/研磨-致密源石/输入/源石粉末	通过	逐机逐物品精确守恒
校验报告.md:4120 逐机配方守恒/M144/研磨-致密源石/输入/砂叶粉末	通过	逐机逐物品精确守恒
校验报告.md:4121 逐机配方守恒/M144/研磨-致密源石/输出/致密源石粉末	通过	逐机逐物品精确守恒
校验报告.md:4122 制造能力/M144	通过	逐机时间占用
校验报告.md:4123 契约/多料栏/M144	通过	结构、证据边界文字核对
校验报告.md:4124 端口数/M145	通过	逐机端口计数
校验报告.md:4125 占地/M145	通过	正式尺寸乘积
校验报告.md:4126 契约/配方集/M145	通过	结构、证据边界文字核对
校验报告.md:4127 配方/M145／研磨-致密源石	通过	结构、证据边界文字核对
校验报告.md:4128 逐机配方守恒/M145/研磨-致密源石/输入/源石粉末	通过	逐机逐物品精确守恒
校验报告.md:4129 逐机配方守恒/M145/研磨-致密源石/输入/砂叶粉末	通过	逐机逐物品精确守恒
校验报告.md:4130 逐机配方守恒/M145/研磨-致密源石/输出/致密源石粉末	通过	逐机逐物品精确守恒
校验报告.md:4131 制造能力/M145	通过	逐机时间占用
校验报告.md:4132 契约/多料栏/M145	通过	结构、证据边界文字核对
校验报告.md:4133 端口数/M146	通过	逐机端口计数
校验报告.md:4134 占地/M146	通过	正式尺寸乘积
校验报告.md:4135 契约/配方集/M146	通过	结构、证据边界文字核对
校验报告.md:4136 配方/M146／研磨-细磨荞花	通过	结构、证据边界文字核对
校验报告.md:4137 逐机配方守恒/M146/研磨-细磨荞花/输入/砂叶粉末	通过	逐机逐物品精确守恒
校验报告.md:4138 逐机配方守恒/M146/研磨-细磨荞花/输入/荞花粉末	通过	逐机逐物品精确守恒
校验报告.md:4139 逐机配方守恒/M146/研磨-细磨荞花/输出/细磨荞花粉末	通过	逐机逐物品精确守恒
校验报告.md:4140 制造能力/M146	通过	逐机时间占用
校验报告.md:4141 契约/多料栏/M146	通过	结构、证据边界文字核对
校验报告.md:4142 端口数/M147	通过	逐机端口计数
校验报告.md:4143 占地/M147	通过	正式尺寸乘积
校验报告.md:4144 契约/配方集/M147	通过	结构、证据边界文字核对
校验报告.md:4145 配方/M147／研磨-细磨荞花	通过	结构、证据边界文字核对
校验报告.md:4146 逐机配方守恒/M147/研磨-细磨荞花/输入/砂叶粉末	通过	逐机逐物品精确守恒
校验报告.md:4147 逐机配方守恒/M147/研磨-细磨荞花/输入/荞花粉末	通过	逐机逐物品精确守恒
校验报告.md:4148 逐机配方守恒/M147/研磨-细磨荞花/输出/细磨荞花粉末	通过	逐机逐物品精确守恒
校验报告.md:4149 制造能力/M147	通过	逐机时间占用
校验报告.md:4150 契约/多料栏/M147	通过	结构、证据边界文字核对
校验报告.md:4151 端口数/M148	通过	逐机端口计数
校验报告.md:4152 占地/M148	通过	正式尺寸乘积
校验报告.md:4153 契约/配方集/M148	通过	结构、证据边界文字核对
校验报告.md:4154 配方/M148／研磨-细磨荞花	通过	结构、证据边界文字核对
校验报告.md:4155 逐机配方守恒/M148/研磨-细磨荞花/输入/砂叶粉末	通过	逐机逐物品精确守恒
校验报告.md:4156 逐机配方守恒/M148/研磨-细磨荞花/输入/荞花粉末	通过	逐机逐物品精确守恒
校验报告.md:4157 逐机配方守恒/M148/研磨-细磨荞花/输出/细磨荞花粉末	通过	逐机逐物品精确守恒
校验报告.md:4158 制造能力/M148	通过	逐机时间占用
校验报告.md:4159 契约/多料栏/M148	通过	结构、证据边界文字核对
校验报告.md:4160 端口数/M149	通过	逐机端口计数
校验报告.md:4161 占地/M149	通过	正式尺寸乘积
校验报告.md:4162 契约/配方集/M149	通过	结构、证据边界文字核对
校验报告.md:4163 配方/M149／研磨-细磨荞花	通过	结构、证据边界文字核对
校验报告.md:4164 逐机配方守恒/M149/研磨-细磨荞花/输入/砂叶粉末	通过	逐机逐物品精确守恒
校验报告.md:4165 逐机配方守恒/M149/研磨-细磨荞花/输入/荞花粉末	通过	逐机逐物品精确守恒
校验报告.md:4166 逐机配方守恒/M149/研磨-细磨荞花/输出/细磨荞花粉末	通过	逐机逐物品精确守恒
校验报告.md:4167 制造能力/M149	通过	逐机时间占用
校验报告.md:4168 契约/多料栏/M149	通过	结构、证据边界文字核对
校验报告.md:4169 端口数/M150	通过	逐机端口计数
校验报告.md:4170 占地/M150	通过	正式尺寸乘积
校验报告.md:4171 契约/配方集/M150	通过	结构、证据边界文字核对
校验报告.md:4172 配方/M150／研磨-细磨荞花	通过	结构、证据边界文字核对
校验报告.md:4173 逐机配方守恒/M150/研磨-细磨荞花/输入/砂叶粉末	通过	逐机逐物品精确守恒
校验报告.md:4174 逐机配方守恒/M150/研磨-细磨荞花/输入/荞花粉末	通过	逐机逐物品精确守恒
校验报告.md:4175 逐机配方守恒/M150/研磨-细磨荞花/输出/细磨荞花粉末	通过	逐机逐物品精确守恒
校验报告.md:4176 制造能力/M150	通过	逐机时间占用
校验报告.md:4177 契约/多料栏/M150	通过	结构、证据边界文字核对
校验报告.md:4178 端口数/M151	通过	逐机端口计数
校验报告.md:4179 占地/M151	通过	正式尺寸乘积
校验报告.md:4180 契约/配方集/M151	通过	结构、证据边界文字核对
校验报告.md:4181 配方/M151／研磨-细磨荞花	通过	结构、证据边界文字核对
校验报告.md:4182 逐机配方守恒/M151/研磨-细磨荞花/输入/砂叶粉末	通过	逐机逐物品精确守恒
校验报告.md:4183 逐机配方守恒/M151/研磨-细磨荞花/输入/荞花粉末	通过	逐机逐物品精确守恒
校验报告.md:4184 逐机配方守恒/M151/研磨-细磨荞花/输出/细磨荞花粉末	通过	逐机逐物品精确守恒
校验报告.md:4185 制造能力/M151	通过	逐机时间占用
校验报告.md:4186 契约/多料栏/M151	通过	结构、证据边界文字核对
校验报告.md:4187 端口数/M152	通过	逐机端口计数
校验报告.md:4188 占地/M152	通过	正式尺寸乘积
校验报告.md:4189 契约/配方集/M152	通过	结构、证据边界文字核对
校验报告.md:4190 配方/M152／塑形-钢质瓶	通过	结构、证据边界文字核对
校验报告.md:4191 逐机配方守恒/M152/塑形-钢质瓶/输入/钢块	通过	逐机逐物品精确守恒
校验报告.md:4192 逐机配方守恒/M152/塑形-钢质瓶/输出/钢质瓶	通过	逐机逐物品精确守恒
校验报告.md:4193 制造能力/M152	通过	逐机时间占用
校验报告.md:4194 契约/多料栏/M152	通过	结构、证据边界文字核对
校验报告.md:4195 端口数/M153	通过	逐机端口计数
校验报告.md:4196 占地/M153	通过	正式尺寸乘积
校验报告.md:4197 契约/配方集/M153	通过	结构、证据边界文字核对
校验报告.md:4198 配方/M153／塑形-钢质瓶	通过	结构、证据边界文字核对
校验报告.md:4199 逐机配方守恒/M153/塑形-钢质瓶/输入/钢块	通过	逐机逐物品精确守恒
校验报告.md:4200 逐机配方守恒/M153/塑形-钢质瓶/输出/钢质瓶	通过	逐机逐物品精确守恒
校验报告.md:4201 制造能力/M153	通过	逐机时间占用
校验报告.md:4202 契约/多料栏/M153	通过	结构、证据边界文字核对
校验报告.md:4203 端口数/M154	通过	逐机端口计数
校验报告.md:4204 占地/M154	通过	正式尺寸乘积
校验报告.md:4205 契约/配方集/M154	通过	结构、证据边界文字核对
校验报告.md:4206 配方/M154／塑形-钢质瓶	通过	结构、证据边界文字核对
校验报告.md:4207 逐机配方守恒/M154/塑形-钢质瓶/输入/钢块	通过	逐机逐物品精确守恒
校验报告.md:4208 逐机配方守恒/M154/塑形-钢质瓶/输出/钢质瓶	通过	逐机逐物品精确守恒
校验报告.md:4209 制造能力/M154	通过	逐机时间占用
校验报告.md:4210 契约/多料栏/M154	通过	结构、证据边界文字核对
校验报告.md:4211 端口数/M155	通过	逐机端口计数
校验报告.md:4212 占地/M155	通过	正式尺寸乘积
校验报告.md:4213 契约/配方集/M155	通过	结构、证据边界文字核对
校验报告.md:4214 配方/M155／塑形-钢质瓶	通过	结构、证据边界文字核对
校验报告.md:4215 逐机配方守恒/M155/塑形-钢质瓶/输入/钢块	通过	逐机逐物品精确守恒
校验报告.md:4216 逐机配方守恒/M155/塑形-钢质瓶/输出/钢质瓶	通过	逐机逐物品精确守恒
校验报告.md:4217 制造能力/M155	通过	逐机时间占用
校验报告.md:4218 契约/多料栏/M155	通过	结构、证据边界文字核对
校验报告.md:4219 端口数/M156	通过	逐机端口计数
校验报告.md:4220 占地/M156	通过	正式尺寸乘积
校验报告.md:4221 契约/配方集/M156	通过	结构、证据边界文字核对
校验报告.md:4222 配方/M156／塑形-钢质瓶	通过	结构、证据边界文字核对
校验报告.md:4223 逐机配方守恒/M156/塑形-钢质瓶/输入/钢块	通过	逐机逐物品精确守恒
校验报告.md:4224 逐机配方守恒/M156/塑形-钢质瓶/输出/钢质瓶	通过	逐机逐物品精确守恒
校验报告.md:4225 制造能力/M156	通过	逐机时间占用
校验报告.md:4226 契约/多料栏/M156	通过	结构、证据边界文字核对
校验报告.md:4227 端口数/M157	通过	逐机端口计数
校验报告.md:4228 占地/M157	通过	正式尺寸乘积
校验报告.md:4229 契约/配方集/M157	通过	结构、证据边界文字核对
校验报告.md:4230 配方/M157／塑形-钢质瓶	通过	结构、证据边界文字核对
校验报告.md:4231 逐机配方守恒/M157/塑形-钢质瓶/输入/钢块	通过	逐机逐物品精确守恒
校验报告.md:4232 逐机配方守恒/M157/塑形-钢质瓶/输出/钢质瓶	通过	逐机逐物品精确守恒
校验报告.md:4233 制造能力/M157	通过	逐机时间占用
校验报告.md:4234 契约/多料栏/M157	通过	结构、证据边界文字核对
校验报告.md:4235 端口数/M158	通过	逐机端口计数
校验报告.md:4236 占地/M158	通过	正式尺寸乘积
校验报告.md:4237 契约/配方集/M158	通过	结构、证据边界文字核对
校验报告.md:4238 配方/M158／配件-钢制零件	通过	结构、证据边界文字核对
校验报告.md:4239 逐机配方守恒/M158/配件-钢制零件/输入/钢块	通过	逐机逐物品精确守恒
校验报告.md:4240 逐机配方守恒/M158/配件-钢制零件/输出/钢制零件	通过	逐机逐物品精确守恒
校验报告.md:4241 制造能力/M158	通过	逐机时间占用
校验报告.md:4242 契约/多料栏/M158	通过	结构、证据边界文字核对
校验报告.md:4243 端口数/M159	通过	逐机端口计数
校验报告.md:4244 占地/M159	通过	正式尺寸乘积
校验报告.md:4245 契约/配方集/M159	通过	结构、证据边界文字核对
校验报告.md:4246 配方/M159／配件-钢制零件	通过	结构、证据边界文字核对
校验报告.md:4247 逐机配方守恒/M159/配件-钢制零件/输入/钢块	通过	逐机逐物品精确守恒
校验报告.md:4248 逐机配方守恒/M159/配件-钢制零件/输出/钢制零件	通过	逐机逐物品精确守恒
校验报告.md:4249 制造能力/M159	通过	逐机时间占用
校验报告.md:4250 契约/多料栏/M159	通过	结构、证据边界文字核对
校验报告.md:4251 端口数/M160	通过	逐机端口计数
校验报告.md:4252 占地/M160	通过	正式尺寸乘积
校验报告.md:4253 契约/配方集/M160	通过	结构、证据边界文字核对
校验报告.md:4254 配方/M160／配件-钢制零件	通过	结构、证据边界文字核对
校验报告.md:4255 逐机配方守恒/M160/配件-钢制零件/输入/钢块	通过	逐机逐物品精确守恒
校验报告.md:4256 逐机配方守恒/M160/配件-钢制零件/输出/钢制零件	通过	逐机逐物品精确守恒
校验报告.md:4257 制造能力/M160	通过	逐机时间占用
校验报告.md:4258 契约/多料栏/M160	通过	结构、证据边界文字核对
校验报告.md:4259 端口数/M161	通过	逐机端口计数
校验报告.md:4260 占地/M161	通过	正式尺寸乘积
校验报告.md:4261 契约/配方集/M161	通过	结构、证据边界文字核对
校验报告.md:4262 配方/M161／配件-钢制零件	通过	结构、证据边界文字核对
校验报告.md:4263 逐机配方守恒/M161/配件-钢制零件/输入/钢块	通过	逐机逐物品精确守恒
校验报告.md:4264 逐机配方守恒/M161/配件-钢制零件/输出/钢制零件	通过	逐机逐物品精确守恒
校验报告.md:4265 制造能力/M161	通过	逐机时间占用
校验报告.md:4266 契约/多料栏/M161	通过	结构、证据边界文字核对
校验报告.md:4267 端口数/M162	通过	逐机端口计数
校验报告.md:4268 占地/M162	通过	正式尺寸乘积
校验报告.md:4269 契约/配方集/M162	通过	结构、证据边界文字核对
校验报告.md:4270 配方/M162／配件-钢制零件	通过	结构、证据边界文字核对
校验报告.md:4271 逐机配方守恒/M162/配件-钢制零件/输入/钢块	通过	逐机逐物品精确守恒
校验报告.md:4272 逐机配方守恒/M162/配件-钢制零件/输出/钢制零件	通过	逐机逐物品精确守恒
校验报告.md:4273 制造能力/M162	通过	逐机时间占用
校验报告.md:4274 契约/多料栏/M162	通过	结构、证据边界文字核对
校验报告.md:4275 端口数/M163	通过	逐机端口计数
校验报告.md:4276 占地/M163	通过	正式尺寸乘积
校验报告.md:4277 契约/配方集/M163	通过	结构、证据边界文字核对
校验报告.md:4278 配方/M163／配件-钢制零件	通过	结构、证据边界文字核对
校验报告.md:4279 逐机配方守恒/M163/配件-钢制零件/输入/钢块	通过	逐机逐物品精确守恒
校验报告.md:4280 逐机配方守恒/M163/配件-钢制零件/输出/钢制零件	通过	逐机逐物品精确守恒
校验报告.md:4281 制造能力/M163	通过	逐机时间占用
校验报告.md:4282 契约/多料栏/M163	通过	结构、证据边界文字核对
校验报告.md:4283 端口数/M164	通过	逐机端口计数
校验报告.md:4284 占地/M164	通过	正式尺寸乘积
校验报告.md:4285 契约/配方集/M164	通过	结构、证据边界文字核对
校验报告.md:4286 配方/M164／种植-荞花	通过	结构、证据边界文字核对
校验报告.md:4287 逐机配方守恒/M164/种植-荞花/输入/荞花种子	通过	逐机逐物品精确守恒
校验报告.md:4288 逐机配方守恒/M164/种植-荞花/输出/荞花	通过	逐机逐物品精确守恒
校验报告.md:4289 制造能力/M164	通过	逐机时间占用
校验报告.md:4290 契约/多料栏/M164	通过	结构、证据边界文字核对
校验报告.md:4291 端口数/M165	通过	逐机端口计数
校验报告.md:4292 占地/M165	通过	正式尺寸乘积
校验报告.md:4293 契约/配方集/M165	通过	结构、证据边界文字核对
校验报告.md:4294 配方/M165／种植-荞花	通过	结构、证据边界文字核对
校验报告.md:4295 逐机配方守恒/M165/种植-荞花/输入/荞花种子	通过	逐机逐物品精确守恒
校验报告.md:4296 逐机配方守恒/M165/种植-荞花/输出/荞花	通过	逐机逐物品精确守恒
校验报告.md:4297 制造能力/M165	通过	逐机时间占用
校验报告.md:4298 契约/多料栏/M165	通过	结构、证据边界文字核对
校验报告.md:4299 端口数/M166	通过	逐机端口计数
校验报告.md:4300 占地/M166	通过	正式尺寸乘积
校验报告.md:4301 契约/配方集/M166	通过	结构、证据边界文字核对
校验报告.md:4302 配方/M166／种植-荞花	通过	结构、证据边界文字核对
校验报告.md:4303 逐机配方守恒/M166/种植-荞花/输入/荞花种子	通过	逐机逐物品精确守恒
校验报告.md:4304 逐机配方守恒/M166/种植-荞花/输出/荞花	通过	逐机逐物品精确守恒
校验报告.md:4305 制造能力/M166	通过	逐机时间占用
校验报告.md:4306 契约/多料栏/M166	通过	结构、证据边界文字核对
校验报告.md:4307 端口数/M167	通过	逐机端口计数
校验报告.md:4308 占地/M167	通过	正式尺寸乘积
校验报告.md:4309 契约/配方集/M167	通过	结构、证据边界文字核对
校验报告.md:4310 配方/M167／种植-荞花	通过	结构、证据边界文字核对
校验报告.md:4311 逐机配方守恒/M167/种植-荞花/输入/荞花种子	通过	逐机逐物品精确守恒
校验报告.md:4312 逐机配方守恒/M167/种植-荞花/输出/荞花	通过	逐机逐物品精确守恒
校验报告.md:4313 制造能力/M167	通过	逐机时间占用
校验报告.md:4314 契约/多料栏/M167	通过	结构、证据边界文字核对
校验报告.md:4315 端口数/M168	通过	逐机端口计数
校验报告.md:4316 占地/M168	通过	正式尺寸乘积
校验报告.md:4317 契约/配方集/M168	通过	结构、证据边界文字核对
校验报告.md:4318 配方/M168／种植-荞花	通过	结构、证据边界文字核对
校验报告.md:4319 逐机配方守恒/M168/种植-荞花/输入/荞花种子	通过	逐机逐物品精确守恒
校验报告.md:4320 逐机配方守恒/M168/种植-荞花/输出/荞花	通过	逐机逐物品精确守恒
校验报告.md:4321 制造能力/M168	通过	逐机时间占用
校验报告.md:4322 契约/多料栏/M168	通过	结构、证据边界文字核对
校验报告.md:4323 端口数/M169	通过	逐机端口计数
校验报告.md:4324 占地/M169	通过	正式尺寸乘积
校验报告.md:4325 契约/配方集/M169	通过	结构、证据边界文字核对
校验报告.md:4326 配方/M169／种植-荞花	通过	结构、证据边界文字核对
校验报告.md:4327 逐机配方守恒/M169/种植-荞花/输入/荞花种子	通过	逐机逐物品精确守恒
校验报告.md:4328 逐机配方守恒/M169/种植-荞花/输出/荞花	通过	逐机逐物品精确守恒
校验报告.md:4329 制造能力/M169	通过	逐机时间占用
校验报告.md:4330 契约/多料栏/M169	通过	结构、证据边界文字核对
校验报告.md:4331 端口数/M170	通过	逐机端口计数
校验报告.md:4332 占地/M170	通过	正式尺寸乘积
校验报告.md:4333 契约/配方集/M170	通过	结构、证据边界文字核对
校验报告.md:4334 配方/M170／种植-荞花	通过	结构、证据边界文字核对
校验报告.md:4335 逐机配方守恒/M170/种植-荞花/输入/荞花种子	通过	逐机逐物品精确守恒
校验报告.md:4336 逐机配方守恒/M170/种植-荞花/输出/荞花	通过	逐机逐物品精确守恒
校验报告.md:4337 制造能力/M170	通过	逐机时间占用
校验报告.md:4338 契约/多料栏/M170	通过	结构、证据边界文字核对
校验报告.md:4339 端口数/M171	通过	逐机端口计数
校验报告.md:4340 占地/M171	通过	正式尺寸乘积
校验报告.md:4341 契约/配方集/M171	通过	结构、证据边界文字核对
校验报告.md:4342 配方/M171／种植-荞花	通过	结构、证据边界文字核对
校验报告.md:4343 逐机配方守恒/M171/种植-荞花/输入/荞花种子	通过	逐机逐物品精确守恒
校验报告.md:4344 逐机配方守恒/M171/种植-荞花/输出/荞花	通过	逐机逐物品精确守恒
校验报告.md:4345 制造能力/M171	通过	逐机时间占用
校验报告.md:4346 契约/多料栏/M171	通过	结构、证据边界文字核对
校验报告.md:4347 端口数/M172	通过	逐机端口计数
校验报告.md:4348 占地/M172	通过	正式尺寸乘积
校验报告.md:4349 契约/配方集/M172	通过	结构、证据边界文字核对
校验报告.md:4350 配方/M172／种植-荞花	通过	结构、证据边界文字核对
校验报告.md:4351 逐机配方守恒/M172/种植-荞花/输入/荞花种子	通过	逐机逐物品精确守恒
校验报告.md:4352 逐机配方守恒/M172/种植-荞花/输出/荞花	通过	逐机逐物品精确守恒
校验报告.md:4353 制造能力/M172	通过	逐机时间占用
校验报告.md:4354 契约/多料栏/M172	通过	结构、证据边界文字核对
校验报告.md:4355 端口数/M173	通过	逐机端口计数
校验报告.md:4356 占地/M173	通过	正式尺寸乘积
校验报告.md:4357 契约/配方集/M173	通过	结构、证据边界文字核对
校验报告.md:4358 配方/M173／种植-荞花	通过	结构、证据边界文字核对
校验报告.md:4359 逐机配方守恒/M173/种植-荞花/输入/荞花种子	通过	逐机逐物品精确守恒
校验报告.md:4360 逐机配方守恒/M173/种植-荞花/输出/荞花	通过	逐机逐物品精确守恒
校验报告.md:4361 制造能力/M173	通过	逐机时间占用
校验报告.md:4362 契约/多料栏/M173	通过	结构、证据边界文字核对
校验报告.md:4363 端口数/M174	通过	逐机端口计数
校验报告.md:4364 占地/M174	通过	正式尺寸乘积
校验报告.md:4365 契约/配方集/M174	通过	结构、证据边界文字核对
校验报告.md:4366 配方/M174／种植-荞花	通过	结构、证据边界文字核对
校验报告.md:4367 逐机配方守恒/M174/种植-荞花/输入/荞花种子	通过	逐机逐物品精确守恒
校验报告.md:4368 逐机配方守恒/M174/种植-荞花/输出/荞花	通过	逐机逐物品精确守恒
校验报告.md:4369 制造能力/M174	通过	逐机时间占用
校验报告.md:4370 契约/多料栏/M174	通过	结构、证据边界文字核对
校验报告.md:4371 端口数/M175	通过	逐机端口计数
校验报告.md:4372 占地/M175	通过	正式尺寸乘积
校验报告.md:4373 契约/配方集/M175	通过	结构、证据边界文字核对
校验报告.md:4374 配方/M175／种植-砂叶	通过	结构、证据边界文字核对
校验报告.md:4375 逐机配方守恒/M175/种植-砂叶/输入/砂叶种子	通过	逐机逐物品精确守恒
校验报告.md:4376 逐机配方守恒/M175/种植-砂叶/输出/砂叶	通过	逐机逐物品精确守恒
校验报告.md:4377 制造能力/M175	通过	逐机时间占用
校验报告.md:4378 契约/多料栏/M175	通过	结构、证据边界文字核对
校验报告.md:4379 端口数/M176	通过	逐机端口计数
校验报告.md:4380 占地/M176	通过	正式尺寸乘积
校验报告.md:4381 契约/配方集/M176	通过	结构、证据边界文字核对
校验报告.md:4382 配方/M176／种植-砂叶	通过	结构、证据边界文字核对
校验报告.md:4383 逐机配方守恒/M176/种植-砂叶/输入/砂叶种子	通过	逐机逐物品精确守恒
校验报告.md:4384 逐机配方守恒/M176/种植-砂叶/输出/砂叶	通过	逐机逐物品精确守恒
校验报告.md:4385 制造能力/M176	通过	逐机时间占用
校验报告.md:4386 契约/多料栏/M176	通过	结构、证据边界文字核对
校验报告.md:4387 端口数/M177	通过	逐机端口计数
校验报告.md:4388 占地/M177	通过	正式尺寸乘积
校验报告.md:4389 契约/配方集/M177	通过	结构、证据边界文字核对
校验报告.md:4390 配方/M177／种植-砂叶	通过	结构、证据边界文字核对
校验报告.md:4391 逐机配方守恒/M177/种植-砂叶/输入/砂叶种子	通过	逐机逐物品精确守恒
校验报告.md:4392 逐机配方守恒/M177/种植-砂叶/输出/砂叶	通过	逐机逐物品精确守恒
校验报告.md:4393 制造能力/M177	通过	逐机时间占用
校验报告.md:4394 契约/多料栏/M177	通过	结构、证据边界文字核对
校验报告.md:4395 端口数/M178	通过	逐机端口计数
校验报告.md:4396 占地/M178	通过	正式尺寸乘积
校验报告.md:4397 契约/配方集/M178	通过	结构、证据边界文字核对
校验报告.md:4398 配方/M178／种植-砂叶	通过	结构、证据边界文字核对
校验报告.md:4399 逐机配方守恒/M178/种植-砂叶/输入/砂叶种子	通过	逐机逐物品精确守恒
校验报告.md:4400 逐机配方守恒/M178/种植-砂叶/输出/砂叶	通过	逐机逐物品精确守恒
校验报告.md:4401 制造能力/M178	通过	逐机时间占用
校验报告.md:4402 契约/多料栏/M178	通过	结构、证据边界文字核对
校验报告.md:4403 端口数/M179	通过	逐机端口计数
校验报告.md:4404 占地/M179	通过	正式尺寸乘积
校验报告.md:4405 契约/配方集/M179	通过	结构、证据边界文字核对
校验报告.md:4406 配方/M179／种植-砂叶	通过	结构、证据边界文字核对
校验报告.md:4407 逐机配方守恒/M179/种植-砂叶/输入/砂叶种子	通过	逐机逐物品精确守恒
校验报告.md:4408 逐机配方守恒/M179/种植-砂叶/输出/砂叶	通过	逐机逐物品精确守恒
校验报告.md:4409 制造能力/M179	通过	逐机时间占用
校验报告.md:4410 契约/多料栏/M179	通过	结构、证据边界文字核对
校验报告.md:4411 端口数/M180	通过	逐机端口计数
校验报告.md:4412 占地/M180	通过	正式尺寸乘积
校验报告.md:4413 契约/配方集/M180	通过	结构、证据边界文字核对
校验报告.md:4414 配方/M180／种植-砂叶	通过	结构、证据边界文字核对
校验报告.md:4415 逐机配方守恒/M180/种植-砂叶/输入/砂叶种子	通过	逐机逐物品精确守恒
校验报告.md:4416 逐机配方守恒/M180/种植-砂叶/输出/砂叶	通过	逐机逐物品精确守恒
校验报告.md:4417 制造能力/M180	通过	逐机时间占用
校验报告.md:4418 契约/多料栏/M180	通过	结构、证据边界文字核对
校验报告.md:4419 端口数/M181	通过	逐机端口计数
校验报告.md:4420 占地/M181	通过	正式尺寸乘积
校验报告.md:4421 契约/配方集/M181	通过	结构、证据边界文字核对
校验报告.md:4422 配方/M181／种植-砂叶	通过	结构、证据边界文字核对
校验报告.md:4423 逐机配方守恒/M181/种植-砂叶/输入/砂叶种子	通过	逐机逐物品精确守恒
校验报告.md:4424 逐机配方守恒/M181/种植-砂叶/输出/砂叶	通过	逐机逐物品精确守恒
校验报告.md:4425 制造能力/M181	通过	逐机时间占用
校验报告.md:4426 契约/多料栏/M181	通过	结构、证据边界文字核对
校验报告.md:4427 端口数/M182	通过	逐机端口计数
校验报告.md:4428 占地/M182	通过	正式尺寸乘积
校验报告.md:4429 契约/配方集/M182	通过	结构、证据边界文字核对
校验报告.md:4430 配方/M182／种植-砂叶	通过	结构、证据边界文字核对
校验报告.md:4431 逐机配方守恒/M182/种植-砂叶/输入/砂叶种子	通过	逐机逐物品精确守恒
校验报告.md:4432 逐机配方守恒/M182/种植-砂叶/输出/砂叶	通过	逐机逐物品精确守恒
校验报告.md:4433 制造能力/M182	通过	逐机时间占用
校验报告.md:4434 契约/多料栏/M182	通过	结构、证据边界文字核对
校验报告.md:4435 端口数/M183	通过	逐机端口计数
校验报告.md:4436 占地/M183	通过	正式尺寸乘积
校验报告.md:4437 契约/配方集/M183	通过	结构、证据边界文字核对
校验报告.md:4438 配方/M183／种植-砂叶	通过	结构、证据边界文字核对
校验报告.md:4439 逐机配方守恒/M183/种植-砂叶/输入/砂叶种子	通过	逐机逐物品精确守恒
校验报告.md:4440 逐机配方守恒/M183/种植-砂叶/输出/砂叶	通过	逐机逐物品精确守恒
校验报告.md:4441 制造能力/M183	通过	逐机时间占用
校验报告.md:4442 契约/多料栏/M183	通过	结构、证据边界文字核对
校验报告.md:4443 端口数/M184	通过	逐机端口计数
校验报告.md:4444 占地/M184	通过	正式尺寸乘积
校验报告.md:4445 契约/配方集/M184	通过	结构、证据边界文字核对
校验报告.md:4446 配方/M184／种植-砂叶	通过	结构、证据边界文字核对
校验报告.md:4447 逐机配方守恒/M184/种植-砂叶/输入/砂叶种子	通过	逐机逐物品精确守恒
校验报告.md:4448 逐机配方守恒/M184/种植-砂叶/输出/砂叶	通过	逐机逐物品精确守恒
校验报告.md:4449 制造能力/M184	通过	逐机时间占用
校验报告.md:4450 契约/多料栏/M184	通过	结构、证据边界文字核对
校验报告.md:4451 端口数/M185	通过	逐机端口计数
校验报告.md:4452 占地/M185	通过	正式尺寸乘积
校验报告.md:4453 契约/配方集/M185	通过	结构、证据边界文字核对
校验报告.md:4454 配方/M185／种植-砂叶	通过	结构、证据边界文字核对
校验报告.md:4455 逐机配方守恒/M185/种植-砂叶/输入/砂叶种子	通过	逐机逐物品精确守恒
校验报告.md:4456 逐机配方守恒/M185/种植-砂叶/输出/砂叶	通过	逐机逐物品精确守恒
校验报告.md:4457 制造能力/M185	通过	逐机时间占用
校验报告.md:4458 契约/多料栏/M185	通过	结构、证据边界文字核对
校验报告.md:4459 端口数/M186	通过	逐机端口计数
校验报告.md:4460 占地/M186	通过	正式尺寸乘积
校验报告.md:4461 契约/配方集/M186	通过	结构、证据边界文字核对
校验报告.md:4462 配方/M186／种植-砂叶	通过	结构、证据边界文字核对
校验报告.md:4463 逐机配方守恒/M186/种植-砂叶/输入/砂叶种子	通过	逐机逐物品精确守恒
校验报告.md:4464 逐机配方守恒/M186/种植-砂叶/输出/砂叶	通过	逐机逐物品精确守恒
校验报告.md:4465 制造能力/M186	通过	逐机时间占用
校验报告.md:4466 契约/多料栏/M186	通过	结构、证据边界文字核对
校验报告.md:4467 端口数/M187	通过	逐机端口计数
校验报告.md:4468 占地/M187	通过	正式尺寸乘积
校验报告.md:4469 契约/配方集/M187	通过	结构、证据边界文字核对
校验报告.md:4470 配方/M187／种植-砂叶	通过	结构、证据边界文字核对
校验报告.md:4471 逐机配方守恒/M187/种植-砂叶/输入/砂叶种子	通过	逐机逐物品精确守恒
校验报告.md:4472 逐机配方守恒/M187/种植-砂叶/输出/砂叶	通过	逐机逐物品精确守恒
校验报告.md:4473 制造能力/M187	通过	逐机时间占用
校验报告.md:4474 契约/多料栏/M187	通过	结构、证据边界文字核对
校验报告.md:4475 端口数/M188	通过	逐机端口计数
校验报告.md:4476 占地/M188	通过	正式尺寸乘积
校验报告.md:4477 契约/配方集/M188	通过	结构、证据边界文字核对
校验报告.md:4478 配方/M188／种植-砂叶	通过	结构、证据边界文字核对
校验报告.md:4479 逐机配方守恒/M188/种植-砂叶/输入/砂叶种子	通过	逐机逐物品精确守恒
校验报告.md:4480 逐机配方守恒/M188/种植-砂叶/输出/砂叶	通过	逐机逐物品精确守恒
校验报告.md:4481 制造能力/M188	通过	逐机时间占用
校验报告.md:4482 契约/多料栏/M188	通过	结构、证据边界文字核对
校验报告.md:4483 端口数/M189	通过	逐机端口计数
校验报告.md:4484 占地/M189	通过	正式尺寸乘积
校验报告.md:4485 契约/配方集/M189	通过	结构、证据边界文字核对
校验报告.md:4486 配方/M189／种植-砂叶	通过	结构、证据边界文字核对
校验报告.md:4487 逐机配方守恒/M189/种植-砂叶/输入/砂叶种子	通过	逐机逐物品精确守恒
校验报告.md:4488 逐机配方守恒/M189/种植-砂叶/输出/砂叶	通过	逐机逐物品精确守恒
校验报告.md:4489 制造能力/M189	通过	逐机时间占用
校验报告.md:4490 契约/多料栏/M189	通过	结构、证据边界文字核对
校验报告.md:4491 端口数/M190	通过	逐机端口计数
校验报告.md:4492 占地/M190	通过	正式尺寸乘积
校验报告.md:4493 契约/配方集/M190	通过	结构、证据边界文字核对
校验报告.md:4494 配方/M190／种植-砂叶	通过	结构、证据边界文字核对
校验报告.md:4495 逐机配方守恒/M190/种植-砂叶/输入/砂叶种子	通过	逐机逐物品精确守恒
校验报告.md:4496 逐机配方守恒/M190/种植-砂叶/输出/砂叶	通过	逐机逐物品精确守恒
校验报告.md:4497 制造能力/M190	通过	逐机时间占用
校验报告.md:4498 契约/多料栏/M190	通过	结构、证据边界文字核对
校验报告.md:4499 端口数/M191	通过	逐机端口计数
校验报告.md:4500 占地/M191	通过	正式尺寸乘积
校验报告.md:4501 契约/配方集/M191	通过	结构、证据边界文字核对
校验报告.md:4502 配方/M191／种植-砂叶	通过	结构、证据边界文字核对
校验报告.md:4503 逐机配方守恒/M191/种植-砂叶/输入/砂叶种子	通过	逐机逐物品精确守恒
校验报告.md:4504 逐机配方守恒/M191/种植-砂叶/输出/砂叶	通过	逐机逐物品精确守恒
校验报告.md:4505 制造能力/M191	通过	逐机时间占用
校验报告.md:4506 契约/多料栏/M191	通过	结构、证据边界文字核对
校验报告.md:4507 端口数/M192	通过	逐机端口计数
校验报告.md:4508 占地/M192	通过	正式尺寸乘积
校验报告.md:4509 契约/配方集/M192	通过	结构、证据边界文字核对
校验报告.md:4510 配方/M192／种植-砂叶	通过	结构、证据边界文字核对
校验报告.md:4511 逐机配方守恒/M192/种植-砂叶/输入/砂叶种子	通过	逐机逐物品精确守恒
校验报告.md:4512 逐机配方守恒/M192/种植-砂叶/输出/砂叶	通过	逐机逐物品精确守恒
校验报告.md:4513 制造能力/M192	通过	逐机时间占用
校验报告.md:4514 契约/多料栏/M192	通过	结构、证据边界文字核对
校验报告.md:4515 端口数/M193	通过	逐机端口计数
校验报告.md:4516 占地/M193	通过	正式尺寸乘积
校验报告.md:4517 契约/配方集/M193	通过	结构、证据边界文字核对
校验报告.md:4518 配方/M193／种植-砂叶	通过	结构、证据边界文字核对
校验报告.md:4519 逐机配方守恒/M193/种植-砂叶/输入/砂叶种子	通过	逐机逐物品精确守恒
校验报告.md:4520 逐机配方守恒/M193/种植-砂叶/输出/砂叶	通过	逐机逐物品精确守恒
校验报告.md:4521 制造能力/M193	通过	逐机时间占用
校验报告.md:4522 契约/多料栏/M193	通过	结构、证据边界文字核对
校验报告.md:4523 端口数/M194	通过	逐机端口计数
校验报告.md:4524 占地/M194	通过	正式尺寸乘积
校验报告.md:4525 契约/配方集/M194	通过	结构、证据边界文字核对
校验报告.md:4526 配方/M194／种植-砂叶	通过	结构、证据边界文字核对
校验报告.md:4527 逐机配方守恒/M194/种植-砂叶/输入/砂叶种子	通过	逐机逐物品精确守恒
校验报告.md:4528 逐机配方守恒/M194/种植-砂叶/输出/砂叶	通过	逐机逐物品精确守恒
校验报告.md:4529 制造能力/M194	通过	逐机时间占用
校验报告.md:4530 契约/多料栏/M194	通过	结构、证据边界文字核对
校验报告.md:4531 端口数/M195	通过	逐机端口计数
校验报告.md:4532 占地/M195	通过	正式尺寸乘积
校验报告.md:4533 契约/配方集/M195	通过	结构、证据边界文字核对
校验报告.md:4534 配方/M195／种植-砂叶	通过	结构、证据边界文字核对
校验报告.md:4535 逐机配方守恒/M195/种植-砂叶/输入/砂叶种子	通过	逐机逐物品精确守恒
校验报告.md:4536 逐机配方守恒/M195/种植-砂叶/输出/砂叶	通过	逐机逐物品精确守恒
校验报告.md:4537 制造能力/M195	通过	逐机时间占用
校验报告.md:4538 契约/多料栏/M195	通过	结构、证据边界文字核对
校验报告.md:4539 端口数/M196	通过	逐机端口计数
校验报告.md:4540 占地/M196	通过	正式尺寸乘积
校验报告.md:4541 契约/配方集/M196	通过	结构、证据边界文字核对
校验报告.md:4542 配方/M196／采种-荞花	通过	结构、证据边界文字核对
校验报告.md:4543 逐机配方守恒/M196/采种-荞花/输入/荞花	通过	逐机逐物品精确守恒
校验报告.md:4544 逐机配方守恒/M196/采种-荞花/输出/荞花种子	通过	逐机逐物品精确守恒
校验报告.md:4545 制造能力/M196	通过	逐机时间占用
校验报告.md:4546 契约/多料栏/M196	通过	结构、证据边界文字核对
校验报告.md:4547 端口数/M197	通过	逐机端口计数
校验报告.md:4548 占地/M197	通过	正式尺寸乘积
校验报告.md:4549 契约/配方集/M197	通过	结构、证据边界文字核对
校验报告.md:4550 配方/M197／采种-荞花	通过	结构、证据边界文字核对
校验报告.md:4551 逐机配方守恒/M197/采种-荞花/输入/荞花	通过	逐机逐物品精确守恒
校验报告.md:4552 逐机配方守恒/M197/采种-荞花/输出/荞花种子	通过	逐机逐物品精确守恒
校验报告.md:4553 制造能力/M197	通过	逐机时间占用
校验报告.md:4554 契约/多料栏/M197	通过	结构、证据边界文字核对
校验报告.md:4555 端口数/M198	通过	逐机端口计数
校验报告.md:4556 占地/M198	通过	正式尺寸乘积
校验报告.md:4557 契约/配方集/M198	通过	结构、证据边界文字核对
校验报告.md:4558 配方/M198／采种-荞花	通过	结构、证据边界文字核对
校验报告.md:4559 逐机配方守恒/M198/采种-荞花/输入/荞花	通过	逐机逐物品精确守恒
校验报告.md:4560 逐机配方守恒/M198/采种-荞花/输出/荞花种子	通过	逐机逐物品精确守恒
校验报告.md:4561 制造能力/M198	通过	逐机时间占用
校验报告.md:4562 契约/多料栏/M198	通过	结构、证据边界文字核对
校验报告.md:4563 端口数/M199	通过	逐机端口计数
校验报告.md:4564 占地/M199	通过	正式尺寸乘积
校验报告.md:4565 契约/配方集/M199	通过	结构、证据边界文字核对
校验报告.md:4566 配方/M199／采种-荞花	通过	结构、证据边界文字核对
校验报告.md:4567 逐机配方守恒/M199/采种-荞花/输入/荞花	通过	逐机逐物品精确守恒
校验报告.md:4568 逐机配方守恒/M199/采种-荞花/输出/荞花种子	通过	逐机逐物品精确守恒
校验报告.md:4569 制造能力/M199	通过	逐机时间占用
校验报告.md:4570 契约/多料栏/M199	通过	结构、证据边界文字核对
校验报告.md:4571 端口数/M200	通过	逐机端口计数
校验报告.md:4572 占地/M200	通过	正式尺寸乘积
校验报告.md:4573 契约/配方集/M200	通过	结构、证据边界文字核对
校验报告.md:4574 配方/M200／采种-荞花	通过	结构、证据边界文字核对
校验报告.md:4575 逐机配方守恒/M200/采种-荞花/输入/荞花	通过	逐机逐物品精确守恒
校验报告.md:4576 逐机配方守恒/M200/采种-荞花/输出/荞花种子	通过	逐机逐物品精确守恒
校验报告.md:4577 制造能力/M200	通过	逐机时间占用
校验报告.md:4578 契约/多料栏/M200	通过	结构、证据边界文字核对
校验报告.md:4579 端口数/M201	通过	逐机端口计数
校验报告.md:4580 占地/M201	通过	正式尺寸乘积
校验报告.md:4581 契约/配方集/M201	通过	结构、证据边界文字核对
校验报告.md:4582 配方/M201／采种-荞花	通过	结构、证据边界文字核对
校验报告.md:4583 逐机配方守恒/M201/采种-荞花/输入/荞花	通过	逐机逐物品精确守恒
校验报告.md:4584 逐机配方守恒/M201/采种-荞花/输出/荞花种子	通过	逐机逐物品精确守恒
校验报告.md:4585 制造能力/M201	通过	逐机时间占用
校验报告.md:4586 契约/多料栏/M201	通过	结构、证据边界文字核对
校验报告.md:4587 端口数/M202	通过	逐机端口计数
校验报告.md:4588 占地/M202	通过	正式尺寸乘积
校验报告.md:4589 契约/配方集/M202	通过	结构、证据边界文字核对
校验报告.md:4590 配方/M202／采种-砂叶	通过	结构、证据边界文字核对
校验报告.md:4591 逐机配方守恒/M202/采种-砂叶/输入/砂叶	通过	逐机逐物品精确守恒
校验报告.md:4592 逐机配方守恒/M202/采种-砂叶/输出/砂叶种子	通过	逐机逐物品精确守恒
校验报告.md:4593 制造能力/M202	通过	逐机时间占用
校验报告.md:4594 契约/多料栏/M202	通过	结构、证据边界文字核对
校验报告.md:4595 端口数/M203	通过	逐机端口计数
校验报告.md:4596 占地/M203	通过	正式尺寸乘积
校验报告.md:4597 契约/配方集/M203	通过	结构、证据边界文字核对
校验报告.md:4598 配方/M203／采种-砂叶	通过	结构、证据边界文字核对
校验报告.md:4599 逐机配方守恒/M203/采种-砂叶/输入/砂叶	通过	逐机逐物品精确守恒
校验报告.md:4600 逐机配方守恒/M203/采种-砂叶/输出/砂叶种子	通过	逐机逐物品精确守恒
校验报告.md:4601 制造能力/M203	通过	逐机时间占用
校验报告.md:4602 契约/多料栏/M203	通过	结构、证据边界文字核对
校验报告.md:4603 端口数/M204	通过	逐机端口计数
校验报告.md:4604 占地/M204	通过	正式尺寸乘积
校验报告.md:4605 契约/配方集/M204	通过	结构、证据边界文字核对
校验报告.md:4606 配方/M204／采种-砂叶	通过	结构、证据边界文字核对
校验报告.md:4607 逐机配方守恒/M204/采种-砂叶/输入/砂叶	通过	逐机逐物品精确守恒
校验报告.md:4608 逐机配方守恒/M204/采种-砂叶/输出/砂叶种子	通过	逐机逐物品精确守恒
校验报告.md:4609 制造能力/M204	通过	逐机时间占用
校验报告.md:4610 契约/多料栏/M204	通过	结构、证据边界文字核对
校验报告.md:4611 端口数/M205	通过	逐机端口计数
校验报告.md:4612 占地/M205	通过	正式尺寸乘积
校验报告.md:4613 契约/配方集/M205	通过	结构、证据边界文字核对
校验报告.md:4614 配方/M205／采种-砂叶	通过	结构、证据边界文字核对
校验报告.md:4615 逐机配方守恒/M205/采种-砂叶/输入/砂叶	通过	逐机逐物品精确守恒
校验报告.md:4616 逐机配方守恒/M205/采种-砂叶/输出/砂叶种子	通过	逐机逐物品精确守恒
校验报告.md:4617 制造能力/M205	通过	逐机时间占用
校验报告.md:4618 契约/多料栏/M205	通过	结构、证据边界文字核对
校验报告.md:4619 端口数/M206	通过	逐机端口计数
校验报告.md:4620 占地/M206	通过	正式尺寸乘积
校验报告.md:4621 契约/配方集/M206	通过	结构、证据边界文字核对
校验报告.md:4622 配方/M206／采种-砂叶	通过	结构、证据边界文字核对
校验报告.md:4623 逐机配方守恒/M206/采种-砂叶/输入/砂叶	通过	逐机逐物品精确守恒
校验报告.md:4624 逐机配方守恒/M206/采种-砂叶/输出/砂叶种子	通过	逐机逐物品精确守恒
校验报告.md:4625 制造能力/M206	通过	逐机时间占用
校验报告.md:4626 契约/多料栏/M206	通过	结构、证据边界文字核对
校验报告.md:4627 端口数/M207	通过	逐机端口计数
校验报告.md:4628 占地/M207	通过	正式尺寸乘积
校验报告.md:4629 契约/配方集/M207	通过	结构、证据边界文字核对
校验报告.md:4630 配方/M207／采种-砂叶	通过	结构、证据边界文字核对
校验报告.md:4631 逐机配方守恒/M207/采种-砂叶/输入/砂叶	通过	逐机逐物品精确守恒
校验报告.md:4632 逐机配方守恒/M207/采种-砂叶/输出/砂叶种子	通过	逐机逐物品精确守恒
校验报告.md:4633 制造能力/M207	通过	逐机时间占用
校验报告.md:4634 契约/多料栏/M207	通过	结构、证据边界文字核对
校验报告.md:4635 端口数/M208	通过	逐机端口计数
校验报告.md:4636 占地/M208	通过	正式尺寸乘积
校验报告.md:4637 契约/配方集/M208	通过	结构、证据边界文字核对
校验报告.md:4638 配方/M208／采种-砂叶	通过	结构、证据边界文字核对
校验报告.md:4639 逐机配方守恒/M208/采种-砂叶/输入/砂叶	通过	逐机逐物品精确守恒
校验报告.md:4640 逐机配方守恒/M208/采种-砂叶/输出/砂叶种子	通过	逐机逐物品精确守恒
校验报告.md:4641 制造能力/M208	通过	逐机时间占用
校验报告.md:4642 契约/多料栏/M208	通过	结构、证据边界文字核对
校验报告.md:4643 端口数/M209	通过	逐机端口计数
校验报告.md:4644 占地/M209	通过	正式尺寸乘积
校验报告.md:4645 契约/配方集/M209	通过	结构、证据边界文字核对
校验报告.md:4646 配方/M209／采种-砂叶	通过	结构、证据边界文字核对
校验报告.md:4647 逐机配方守恒/M209/采种-砂叶/输入/砂叶	通过	逐机逐物品精确守恒
校验报告.md:4648 逐机配方守恒/M209/采种-砂叶/输出/砂叶种子	通过	逐机逐物品精确守恒
校验报告.md:4649 制造能力/M209	通过	逐机时间占用
校验报告.md:4650 契约/多料栏/M209	通过	结构、证据边界文字核对
校验报告.md:4651 端口数/M210	通过	逐机端口计数
校验报告.md:4652 占地/M210	通过	正式尺寸乘积
校验报告.md:4653 契约/配方集/M210	通过	结构、证据边界文字核对
校验报告.md:4654 配方/M210／采种-砂叶	通过	结构、证据边界文字核对
校验报告.md:4655 逐机配方守恒/M210/采种-砂叶/输入/砂叶	通过	逐机逐物品精确守恒
校验报告.md:4656 逐机配方守恒/M210/采种-砂叶/输出/砂叶种子	通过	逐机逐物品精确守恒
校验报告.md:4657 制造能力/M210	通过	逐机时间占用
校验报告.md:4658 契约/多料栏/M210	通过	结构、证据边界文字核对
校验报告.md:4659 端口数/M211	通过	逐机端口计数
校验报告.md:4660 占地/M211	通过	正式尺寸乘积
校验报告.md:4661 契约/配方集/M211	通过	结构、证据边界文字核对
校验报告.md:4662 配方/M211／采种-砂叶	通过	结构、证据边界文字核对
校验报告.md:4663 逐机配方守恒/M211/采种-砂叶/输入/砂叶	通过	逐机逐物品精确守恒
校验报告.md:4664 逐机配方守恒/M211/采种-砂叶/输出/砂叶种子	通过	逐机逐物品精确守恒
校验报告.md:4665 制造能力/M211	通过	逐机时间占用
校验报告.md:4666 契约/多料栏/M211	通过	结构、证据边界文字核对
校验报告.md:4667 端口数/M212	通过	逐机端口计数
校验报告.md:4668 占地/M212	通过	正式尺寸乘积
校验报告.md:4669 契约/配方集/M212	通过	结构、证据边界文字核对
校验报告.md:4670 配方/M212／采种-砂叶	通过	结构、证据边界文字核对
校验报告.md:4671 逐机配方守恒/M212/采种-砂叶/输入/砂叶	通过	逐机逐物品精确守恒
校验报告.md:4672 逐机配方守恒/M212/采种-砂叶/输出/砂叶种子	通过	逐机逐物品精确守恒
校验报告.md:4673 制造能力/M212	通过	逐机时间占用
校验报告.md:4674 契约/多料栏/M212	通过	结构、证据边界文字核对
校验报告.md:4675 端口数/M213	通过	逐机端口计数
校验报告.md:4676 占地/M213	通过	正式尺寸乘积
校验报告.md:4677 契约/配方集/M213	通过	结构、证据边界文字核对
校验报告.md:4678 配方/M213／封装-电池	通过	结构、证据边界文字核对
校验报告.md:4679 逐机配方守恒/M213/封装-电池/输入/致密源石粉末	通过	逐机逐物品精确守恒
校验报告.md:4680 逐机配方守恒/M213/封装-电池/输入/钢制零件	通过	逐机逐物品精确守恒
校验报告.md:4681 逐机配方守恒/M213/封装-电池/输出/高容谷地电池	通过	逐机逐物品精确守恒
校验报告.md:4682 制造能力/M213	通过	逐机时间占用
校验报告.md:4683 契约/多料栏/M213	通过	结构、证据边界文字核对
校验报告.md:4684 端口数/M214	通过	逐机端口计数
校验报告.md:4685 占地/M214	通过	正式尺寸乘积
校验报告.md:4686 契约/配方集/M214	通过	结构、证据边界文字核对
校验报告.md:4687 配方/M214／封装-电池	通过	结构、证据边界文字核对
校验报告.md:4688 逐机配方守恒/M214/封装-电池/输入/致密源石粉末	通过	逐机逐物品精确守恒
校验报告.md:4689 逐机配方守恒/M214/封装-电池/输入/钢制零件	通过	逐机逐物品精确守恒
校验报告.md:4690 逐机配方守恒/M214/封装-电池/输出/高容谷地电池	通过	逐机逐物品精确守恒
校验报告.md:4691 制造能力/M214	通过	逐机时间占用
校验报告.md:4692 契约/多料栏/M214	通过	结构、证据边界文字核对
校验报告.md:4693 端口数/M215	通过	逐机端口计数
校验报告.md:4694 占地/M215	通过	正式尺寸乘积
校验报告.md:4695 契约/配方集/M215	通过	结构、证据边界文字核对
校验报告.md:4696 配方/M215／封装-电池	通过	结构、证据边界文字核对
校验报告.md:4697 逐机配方守恒/M215/封装-电池/输入/致密源石粉末	通过	逐机逐物品精确守恒
校验报告.md:4698 逐机配方守恒/M215/封装-电池/输入/钢制零件	通过	逐机逐物品精确守恒
校验报告.md:4699 逐机配方守恒/M215/封装-电池/输出/高容谷地电池	通过	逐机逐物品精确守恒
校验报告.md:4700 制造能力/M215	通过	逐机时间占用
校验报告.md:4701 契约/多料栏/M215	通过	结构、证据边界文字核对
校验报告.md:4702 端口数/M216	通过	逐机端口计数
校验报告.md:4703 占地/M216	通过	正式尺寸乘积
校验报告.md:4704 契约/配方集/M216	通过	结构、证据边界文字核对
校验报告.md:4705 配方/M216／灌装-胶囊	通过	结构、证据边界文字核对
校验报告.md:4706 逐机配方守恒/M216/灌装-胶囊/输入/细磨荞花粉末	通过	逐机逐物品精确守恒
校验报告.md:4707 逐机配方守恒/M216/灌装-胶囊/输入/钢质瓶	通过	逐机逐物品精确守恒
校验报告.md:4708 逐机配方守恒/M216/灌装-胶囊/输出/精选荞愈胶囊	通过	逐机逐物品精确守恒
校验报告.md:4709 制造能力/M216	通过	逐机时间占用
校验报告.md:4710 契约/多料栏/M216	通过	结构、证据边界文字核对
校验报告.md:4711 端口数/M217	通过	逐机端口计数
校验报告.md:4712 占地/M217	通过	正式尺寸乘积
校验报告.md:4713 契约/配方集/M217	通过	结构、证据边界文字核对
校验报告.md:4714 配方/M217／灌装-胶囊	通过	结构、证据边界文字核对
校验报告.md:4715 逐机配方守恒/M217/灌装-胶囊/输入/细磨荞花粉末	通过	逐机逐物品精确守恒
校验报告.md:4716 逐机配方守恒/M217/灌装-胶囊/输入/钢质瓶	通过	逐机逐物品精确守恒
校验报告.md:4717 逐机配方守恒/M217/灌装-胶囊/输出/精选荞愈胶囊	通过	逐机逐物品精确守恒
校验报告.md:4718 制造能力/M217	通过	逐机时间占用
校验报告.md:4719 契约/多料栏/M217	通过	结构、证据边界文字核对
校验报告.md:4720 端口数/M218	通过	逐机端口计数
校验报告.md:4721 占地/M218	通过	正式尺寸乘积
校验报告.md:4722 契约/配方集/M218	通过	结构、证据边界文字核对
校验报告.md:4723 配方/M218／灌装-胶囊	通过	结构、证据边界文字核对
校验报告.md:4724 逐机配方守恒/M218/灌装-胶囊/输入/细磨荞花粉末	通过	逐机逐物品精确守恒
校验报告.md:4725 逐机配方守恒/M218/灌装-胶囊/输入/钢质瓶	通过	逐机逐物品精确守恒
校验报告.md:4726 逐机配方守恒/M218/灌装-胶囊/输出/精选荞愈胶囊	通过	逐机逐物品精确守恒
校验报告.md:4727 制造能力/M218	通过	逐机时间占用
校验报告.md:4728 契约/多料栏/M218	通过	结构、证据边界文字核对
校验报告.md:4729 全局守恒/源石粉末	通过	19种物品全局守恒
校验报告.md:4730 全局守恒/源矿	通过	19种物品全局守恒
校验报告.md:4731 全局守恒/砂叶	通过	19种物品全局守恒
校验报告.md:4732 全局守恒/砂叶种子	通过	19种物品全局守恒
校验报告.md:4733 全局守恒/砂叶粉末	通过	19种物品全局守恒
校验报告.md:4734 全局守恒/精选荞愈胶囊	通过	19种物品全局守恒
校验报告.md:4735 全局守恒/细磨荞花粉末	通过	19种物品全局守恒
校验报告.md:4736 全局守恒/致密源石粉末	通过	19种物品全局守恒
校验报告.md:4737 全局守恒/致密蓝铁粉末	通过	19种物品全局守恒
校验报告.md:4738 全局守恒/荞花	通过	19种物品全局守恒
校验报告.md:4739 全局守恒/荞花种子	通过	19种物品全局守恒
校验报告.md:4740 全局守恒/荞花粉末	通过	19种物品全局守恒
校验报告.md:4741 全局守恒/蓝铁块	通过	19种物品全局守恒
校验报告.md:4742 全局守恒/蓝铁矿	通过	19种物品全局守恒
校验报告.md:4743 全局守恒/蓝铁粉末	通过	19种物品全局守恒
校验报告.md:4744 全局守恒/钢制零件	通过	19种物品全局守恒
校验报告.md:4745 全局守恒/钢块	通过	19种物品全局守恒
校验报告.md:4746 全局守恒/钢质瓶	通过	19种物品全局守恒
校验报告.md:4747 全局守恒/高容谷地电池	通过	19种物品全局守恒
校验报告.md:4748 目标/精选荞愈胶囊	通过	正式目标速率
校验报告.md:4749 目标/高容谷地电池	通过	正式目标速率
校验报告.md:4750 目标/项目集	通过	结构、证据边界文字核对
校验报告.md:4751 机型下限/粉碎机	通过	逐机型计数
校验报告.md:4752 通道下限/粉碎机	通过	逐机型端口计数
校验报告.md:4753 机型下限/精炼炉	通过	逐机型计数
校验报告.md:4754 通道下限/精炼炉	通过	逐机型端口计数
校验报告.md:4755 满载配置/计划占用/M069	通过	逐机时间占用
校验报告.md:4756 满载配置/计划占用/M070	通过	逐机时间占用
校验报告.md:4757 满载配置/计划占用/M071	通过	逐机时间占用
校验报告.md:4758 满载配置/计划占用/M072	通过	逐机时间占用
校验报告.md:4759 满载配置/计划占用/M073	通过	逐机时间占用
校验报告.md:4760 满载配置/计划占用/M074	通过	逐机时间占用
校验报告.md:4761 满载配置/计划占用/M075	通过	逐机时间占用
校验报告.md:4762 满载配置/计划占用/M076	通过	逐机时间占用
校验报告.md:4763 满载配置/计划占用/M077	通过	逐机时间占用
校验报告.md:4764 满载配置/计划占用/M078	通过	逐机时间占用
校验报告.md:4765 满载配置/计划占用/M079	通过	逐机时间占用
校验报告.md:4766 满载配置/计划占用/M080	通过	逐机时间占用
校验报告.md:4767 满载配置/计划占用/M081	通过	逐机时间占用
校验报告.md:4768 满载配置/计划占用/M082	通过	逐机时间占用
校验报告.md:4769 满载配置/计划占用/M083	通过	逐机时间占用
校验报告.md:4770 满载配置/计划占用/M084	通过	逐机时间占用
校验报告.md:4771 满载配置/计划占用/M085	通过	逐机时间占用
校验报告.md:4772 满载配置/计划占用/M086	通过	逐机时间占用
校验报告.md:4773 满载配置/计划占用/M087	通过	逐机时间占用
校验报告.md:4774 满载配置/计划占用/M088	通过	逐机时间占用
校验报告.md:4775 满载配置/计划占用/M089	通过	逐机时间占用
校验报告.md:4776 满载配置/计划占用/M090	通过	逐机时间占用
校验报告.md:4777 满载配置/计划占用/M091	通过	逐机时间占用
校验报告.md:4778 满载配置/计划占用/M092	通过	逐机时间占用
校验报告.md:4779 满载配置/计划占用/M093	通过	逐机时间占用
校验报告.md:4780 满载配置/计划占用/M094	通过	逐机时间占用
校验报告.md:4781 满载配置/计划占用/M095	通过	逐机时间占用
校验报告.md:4782 满载配置/计划占用/M096	通过	逐机时间占用
校验报告.md:4783 满载配置/计划占用/M097	通过	逐机时间占用
校验报告.md:4784 满载配置/计划占用/M098	通过	逐机时间占用
校验报告.md:4785 满载配置/计划占用/M099	通过	逐机时间占用
校验报告.md:4786 满载配置/计划占用/M100	通过	逐机时间占用
校验报告.md:4787 满载配置/计划占用/M101	通过	逐机时间占用
校验报告.md:4788 满载配置/计划占用/M102	通过	逐机时间占用
校验报告.md:4789 满载配置/计划占用/M103	通过	逐机时间占用
校验报告.md:4790 满载配置/计划占用/M104	通过	逐机时间占用
校验报告.md:4791 满载配置/计划占用/M105	通过	逐机时间占用
校验报告.md:4792 满载配置/计划占用/M106	通过	逐机时间占用
校验报告.md:4793 满载配置/计划占用/M107	通过	逐机时间占用
校验报告.md:4794 满载配置/计划占用/M108	通过	逐机时间占用
校验报告.md:4795 满载配置/计划占用/M109	通过	逐机时间占用
校验报告.md:4796 满载配置/计划占用/M110	通过	逐机时间占用
校验报告.md:4797 满载配置/计划占用/M111	通过	逐机时间占用
校验报告.md:4798 满载配置/计划占用/M112	通过	逐机时间占用
校验报告.md:4799 满载配置/计划占用/M113	通过	逐机时间占用
校验报告.md:4800 满载配置/计划占用/M114	通过	逐机时间占用
校验报告.md:4801 满载配置/计划占用/M115	通过	逐机时间占用
校验报告.md:4802 满载配置/计划占用/M116	通过	逐机时间占用
校验报告.md:4803 满载配置/计划占用/M117	通过	逐机时间占用
校验报告.md:4804 满载配置/计划占用/M118	通过	逐机时间占用
校验报告.md:4805 满载配置/计划占用/M119	通过	逐机时间占用
校验报告.md:4806 机型下限/研磨机	通过	逐机型计数
校验报告.md:4807 通道下限/研磨机	通过	逐机型端口计数
校验报告.md:4808 机型下限/塑形机	通过	逐机型计数
校验报告.md:4809 通道下限/塑形机	通过	逐机型端口计数
校验报告.md:4810 机型下限/配件机	通过	逐机型计数
校验报告.md:4811 通道下限/配件机	通过	逐机型端口计数
校验报告.md:4812 满载配置/计划占用/M158	通过	逐机时间占用
校验报告.md:4813 满载配置/计划占用/M159	通过	逐机时间占用
校验报告.md:4814 满载配置/计划占用/M160	通过	逐机时间占用
校验报告.md:4815 满载配置/计划占用/M161	通过	逐机时间占用
校验报告.md:4816 满载配置/计划占用/M162	通过	逐机时间占用
校验报告.md:4817 满载配置/计划占用/M163	通过	逐机时间占用
校验报告.md:4818 机型下限/种植机	通过	逐机型计数
校验报告.md:4819 通道下限/种植机	通过	逐机型端口计数
校验报告.md:4820 满载配置/计划占用/M164	通过	逐机时间占用
校验报告.md:4821 满载配置/计划占用/M165	通过	逐机时间占用
校验报告.md:4822 满载配置/计划占用/M166	通过	逐机时间占用
校验报告.md:4823 满载配置/计划占用/M167	通过	逐机时间占用
校验报告.md:4824 满载配置/计划占用/M168	通过	逐机时间占用
校验报告.md:4825 满载配置/计划占用/M169	通过	逐机时间占用
校验报告.md:4826 满载配置/计划占用/M170	通过	逐机时间占用
校验报告.md:4827 满载配置/计划占用/M171	通过	逐机时间占用
校验报告.md:4828 满载配置/计划占用/M172	通过	逐机时间占用
校验报告.md:4829 满载配置/计划占用/M173	通过	逐机时间占用
校验报告.md:4830 满载配置/计划占用/M174	通过	逐机时间占用
校验报告.md:4831 满载配置/计划占用/M175	通过	逐机时间占用
校验报告.md:4832 满载配置/计划占用/M176	通过	逐机时间占用
校验报告.md:4833 满载配置/计划占用/M177	通过	逐机时间占用
校验报告.md:4834 满载配置/计划占用/M178	通过	逐机时间占用
校验报告.md:4835 满载配置/计划占用/M179	通过	逐机时间占用
校验报告.md:4836 满载配置/计划占用/M180	通过	逐机时间占用
校验报告.md:4837 满载配置/计划占用/M181	通过	逐机时间占用
校验报告.md:4838 满载配置/计划占用/M182	通过	逐机时间占用
校验报告.md:4839 满载配置/计划占用/M183	通过	逐机时间占用
校验报告.md:4840 满载配置/计划占用/M184	通过	逐机时间占用
校验报告.md:4841 满载配置/计划占用/M185	通过	逐机时间占用
校验报告.md:4842 满载配置/计划占用/M186	通过	逐机时间占用
校验报告.md:4843 满载配置/计划占用/M187	通过	逐机时间占用
校验报告.md:4844 满载配置/计划占用/M188	通过	逐机时间占用
校验报告.md:4845 满载配置/计划占用/M189	通过	逐机时间占用
校验报告.md:4846 满载配置/计划占用/M190	通过	逐机时间占用
校验报告.md:4847 满载配置/计划占用/M191	通过	逐机时间占用
校验报告.md:4848 满载配置/计划占用/M192	通过	逐机时间占用
校验报告.md:4849 满载配置/计划占用/M193	通过	逐机时间占用
校验报告.md:4850 满载配置/计划占用/M194	通过	逐机时间占用
校验报告.md:4851 满载配置/计划占用/M195	通过	逐机时间占用
校验报告.md:4852 机型下限/采种机	通过	逐机型计数
校验报告.md:4853 通道下限/采种机	通过	逐机型端口计数
校验报告.md:4854 机型下限/封装机	通过	逐机型计数
校验报告.md:4855 通道下限/封装机	通过	逐机型端口计数
校验报告.md:4856 满载配置/计划占用/M213	通过	逐机时间占用
校验报告.md:4857 满载配置/计划占用/M214	通过	逐机时间占用
校验报告.md:4858 满载配置/计划占用/M215	通过	逐机时间占用
校验报告.md:4859 机型下限/灌装机	通过	逐机型计数
校验报告.md:4860 通道下限/灌装机	通过	逐机型端口计数
校验报告.md:4861 研磨进料/研磨	通过	结构、证据边界文字核对
校验报告.md:4862 研磨进料/塑形	通过	结构、证据边界文字核对
校验报告.md:4863 研磨进料/采种	通过	结构、证据边界文字核对
校验报告.md:4864 封装进料/封装机	通过	结构、证据边界文字核对
校验报告.md:4865 封装进料/灌装机	通过	结构、证据边界文字核对
校验报告.md:4866 灌装混线/结构	通过	结构、证据边界文字核对
校验报告.md:4867 取货口配置/计划	通过	结构、证据边界文字核对
校验报告.md:4868 矿线专机/计划	通过	结构、证据边界文字核对
校验报告.md:4869 单位矿耗/矿石需求	通过	结构、证据边界文字核对
校验报告.md:4870 回路守恒/种子自给/荞花	通过	结构、证据边界文字核对
校验报告.md:4871 回路守恒/种子自给/砂叶	通过	结构、证据边界文字核对
校验报告.md:4872 物料流量/源石粉末	通过	19种物料流量
校验报告.md:4873 物料流量/源矿	通过	19种物料流量
校验报告.md:4874 物料流量/砂叶	通过	19种物料流量
校验报告.md:4875 物料流量/砂叶种子	通过	19种物料流量
校验报告.md:4876 物料流量/砂叶粉末	通过	19种物料流量
校验报告.md:4877 物料流量/精选荞愈胶囊	通过	19种物料流量
校验报告.md:4878 物料流量/细磨荞花粉末	通过	19种物料流量
校验报告.md:4879 物料流量/致密源石粉末	通过	19种物料流量
校验报告.md:4880 物料流量/致密蓝铁粉末	通过	19种物料流量
校验报告.md:4881 物料流量/荞花	通过	19种物料流量
校验报告.md:4882 物料流量/荞花种子	通过	19种物料流量
校验报告.md:4883 物料流量/荞花粉末	通过	19种物料流量
校验报告.md:4884 物料流量/蓝铁块	通过	19种物料流量
校验报告.md:4885 物料流量/蓝铁矿	通过	19种物料流量
校验报告.md:4886 物料流量/蓝铁粉末	通过	19种物料流量
校验报告.md:4887 物料流量/钢制零件	通过	19种物料流量
校验报告.md:4888 物料流量/钢块	通过	19种物料流量
校验报告.md:4889 物料流量/钢质瓶	通过	19种物料流量
校验报告.md:4890 物料流量/高容谷地电池	通过	19种物料流量
校验报告.md:4891 矿系不入库/计划	通过	结构、证据边界文字核对
校验报告.md:4892 成品汇入/通道下限/入库途径	通过	结构、证据边界文字核对
校验报告.md:4893 运输端口收支/可知投影	通过	结构、证据边界文字核对
校验报告.md:4894 契约/专用端口双射恒等式	通过	结构、证据边界文字核对
校验报告.md:4895 箱体接口/已知计数投影	通过	结构、证据边界文字核对
校验报告.md:4896 矿石分流与专机/定义计数	通过	结构、证据边界文字核对
校验报告.md:4897 箱体过站/已知流量投影	通过	结构、证据边界文字核对
校验报告.md:4898 满速独占/计划适用集合	通过	结构、证据边界文字核对
校验报告.md:4899 回路转弯/仅流图/荞花	通过	结构、证据边界文字核对
校验报告.md:4900 回路转弯/仅流图/砂叶	通过	结构、证据边界文字核对
校验报告.md:4901 扇出/完整性	通过	结构、证据边界文字核对
校验报告.md:4902 扇出/计划分类/M052	通过	独立扇出分类
校验报告.md:4903 扇出/计划分类/M053	通过	独立扇出分类
校验报告.md:4904 扇出/计划分类/M054	通过	独立扇出分类
校验报告.md:4905 扇出/计划分类/M055	通过	独立扇出分类
校验报告.md:4906 扇出/计划分类/M056	通过	独立扇出分类
校验报告.md:4907 扇出/计划分类/M058	通过	独立扇出分类
校验报告.md:4908 扇出/计划分类/M059	通过	独立扇出分类
校验报告.md:4909 扇出/计划分类/M060	通过	独立扇出分类
校验报告.md:4910 扇出/计划分类/M061	通过	独立扇出分类
校验报告.md:4911 扇出/计划分类/M062	通过	独立扇出分类
校验报告.md:4912 扇出/计划分类/M063	通过	独立扇出分类
校验报告.md:4913 扇出/计划分类/M064	通过	独立扇出分类
校验报告.md:4914 扇出/计划分类/M065	通过	独立扇出分类
校验报告.md:4915 扇出/计划分类/M066	通过	独立扇出分类
校验报告.md:4916 扇出/计划分类/M067	通过	独立扇出分类
校验报告.md:4917 扇出/计划分类/M068	通过	独立扇出分类
校验报告.md:4918 扇出/计划分类/M174	通过	独立扇出分类
校验报告.md:4919 扇出/计划分类/M195	通过	独立扇出分类
校验报告.md:4920 扇出/计划分类/M196	通过	独立扇出分类
校验报告.md:4921 扇出/计划分类/M197	通过	独立扇出分类
校验报告.md:4922 扇出/计划分类/M198	通过	独立扇出分类
校验报告.md:4923 扇出/计划分类/M199	通过	独立扇出分类
校验报告.md:4924 扇出/计划分类/M200	通过	独立扇出分类
校验报告.md:4925 扇出/计划分类/M202	通过	独立扇出分类
校验报告.md:4926 扇出/计划分类/M203	通过	独立扇出分类
校验报告.md:4927 扇出/计划分类/M204	通过	独立扇出分类
校验报告.md:4928 扇出/计划分类/M205	通过	独立扇出分类
校验报告.md:4929 扇出/计划分类/M206	通过	独立扇出分类
校验报告.md:4930 扇出/计划分类/M207	通过	独立扇出分类
校验报告.md:4931 扇出/计划分类/M208	通过	独立扇出分类
校验报告.md:4932 扇出/计划分类/M209	通过	独立扇出分类
校验报告.md:4933 扇出/计划分类/M210	通过	独立扇出分类
校验报告.md:4934 扇出/计划分类/M211	通过	独立扇出分类
校验报告.md:4935 候选B/交接件数	通过	结构、证据边界文字核对
校验报告.md:4945 运输端口收支/派生运输下限	通过	结构、证据边界文字核对
校验报告.md:4946 回路转弯/占格条件投影	通过	结构、证据边界文字核对
校验报告.md:4947 正式条目/接通先后	通过	全部56条正式原文和未覆盖边界
校验报告.md:4948 正式条目/分叉分支	通过	全部56条正式原文和未覆盖边界
校验报告.md:4949 正式条目/传输相位	通过	全部56条正式原文和未覆盖边界
校验报告.md:4950 正式条目/判定先后	通过	全部56条正式原文和未覆盖边界
校验报告.md:4951 正式条目/取货分级	通过	全部56条正式原文和未覆盖边界
校验报告.md:4952 正式条目/密集结点	通过	全部56条正式原文和未覆盖边界
校验报告.md:4953 正式条目/来源定序	通过	全部56条正式原文和未覆盖边界
校验报告.md:4954 正式条目/单位矿耗	通过	全部56条正式原文和未覆盖边界
校验报告.md:4955 正式条目/矿石需求	通过	全部56条正式原文和未覆盖边界
校验报告.md:4956 正式条目/种子自给	通过	全部56条正式原文和未覆盖边界
校验报告.md:4957 正式条目/端口对接	通过	全部56条正式原文和未覆盖边界
校验报告.md:4958 正式条目/端口速率	通过	全部56条正式原文和未覆盖边界
校验报告.md:4959 正式条目/出库上限	通过	全部56条正式原文和未覆盖边界
校验报告.md:4960 正式条目/取货口配置	通过	全部56条正式原文和未覆盖边界
校验报告.md:4961 正式条目/周期倍数	通过	全部56条正式原文和未覆盖边界
校验报告.md:4962 正式条目/种子起动	通过	全部56条正式原文和未覆盖边界
校验报告.md:4963 正式条目/入库途径	通过	全部56条正式原文和未覆盖边界
校验报告.md:4964 正式条目/物料流量	通过	全部56条正式原文和未覆盖边界
校验报告.md:4965 正式条目/机型下限	通过	全部56条正式原文和未覆盖边界
校验报告.md:4966 正式条目/通道下限	通过	全部56条正式原文和未覆盖边界
校验报告.md:4967 正式条目/满载配置	通过	全部56条正式原文和未覆盖边界
校验报告.md:4968 正式条目/研磨进料	通过	全部56条正式原文和未覆盖边界
校验报告.md:4969 正式条目/封装进料	通过	全部56条正式原文和未覆盖边界
校验报告.md:4970 正式条目/满速独占	通过	全部56条正式原文和未覆盖边界
校验报告.md:4971 正式条目/矿线专机	通过	全部56条正式原文和未覆盖边界
校验报告.md:4972 正式条目/灌装混线	通过	全部56条正式原文和未覆盖边界
校验报告.md:4973 正式条目/准入累计	通过	全部56条正式原文和未覆盖边界
校验报告.md:4974 正式条目/矿系不入库	通过	全部56条正式原文和未覆盖边界
校验报告.md:4975 正式条目/成品汇入	通过	全部56条正式原文和未覆盖边界
校验报告.md:4976 正式条目/回路守恒	通过	全部56条正式原文和未覆盖边界
校验报告.md:4977 正式条目/混做清空	通过	全部56条正式原文和未覆盖边界
校验报告.md:4978 正式条目/回路存量	通过	全部56条正式原文和未覆盖边界
校验报告.md:4979 正式条目/运输端口收支	通过	全部56条正式原文和未覆盖边界
校验报告.md:4980 正式条目/矿石分流与专机	通过	全部56条正式原文和未覆盖边界
校验报告.md:4981 正式条目/传输箱不满	通过	全部56条正式原文和未覆盖边界
校验报告.md:4982 正式条目/轮询均分	通过	全部56条正式原文和未覆盖边界
校验报告.md:4983 正式条目/箱体接口	通过	全部56条正式原文和未覆盖边界
校验报告.md:4984 正式条目/箱体预算	通过	全部56条正式原文和未覆盖边界
校验报告.md:4985 正式条目/箱体过站	通过	全部56条正式原文和未覆盖边界
校验报告.md:4986 正式条目/供电下限	通过	全部56条正式原文和未覆盖边界
校验报告.md:4987 正式条目/边带排布	通过	全部56条正式原文和未覆盖边界
校验报告.md:4988 正式条目/角区	通过	全部56条正式原文和未覆盖边界
校验报告.md:4989 正式条目/核心离带	通过	全部56条正式原文和未覆盖边界
校验报告.md:4990 正式条目/核心邻格	通过	全部56条正式原文和未覆盖边界
校验报告.md:4991 正式条目/核心取货边朝带	通过	全部56条正式原文和未覆盖边界
校验报告.md:4992 正式条目/运输下限	通过	全部56条正式原文和未覆盖边界
校验报告.md:4993 正式条目/运输降幅	通过	全部56条正式原文和未覆盖边界
校验报告.md:4994 正式条目/占地下界	通过	全部56条正式原文和未覆盖边界
校验报告.md:4995 正式条目/空矩形上界	通过	全部56条正式原文和未覆盖边界
校验报告.md:4996 正式条目/面积预算	通过	全部56条正式原文和未覆盖边界
校验报告.md:4997 正式条目/侧旁供电	通过	全部56条正式原文和未覆盖边界
校验报告.md:4998 正式条目/矩形离带	通过	全部56条正式原文和未覆盖边界
校验报告.md:4999 正式条目/回路转弯	通过	全部56条正式原文和未覆盖边界
校验报告.md:5000 正式条目/矿石走廊	通过	全部56条正式原文和未覆盖边界
校验报告.md:5001 正式条目/四通结点	通过	全部56条正式原文和未覆盖边界
校验报告.md:5002 正式条目/内带缺口	通过	全部56条正式原文和未覆盖边界
校验报告.md:5003 多料接口/全称目标	通过	结构、证据边界文字核对
报告/行数	通过	
报告/未识别行类别	通过	
报告/研磨进料/研磨	通过	31/32
报告/研磨进料/塑形	通过	5/6
报告/封装进料/封装机	通过	[5, 5, 5]
报告/封装进料/灌装机	通过	[4, 4, 4]
报告/灌装混线/结构	通过	前提不触发
报告/回路守恒/种子自给/荞花	通过	采种 11/2、种植 11
报告/回路守恒/种子自给/砂叶	通过	采种 21/2、种植 21
报告/成品汇入/通道下限/入库途径	通过	K=6；成品来源=6
报告/运输端口收支/可知投影	通过	S=315、R=315
报告/运输端口收支/派生运输下限	通过	315+E≥315
报告/箱体接口/已知计数投影	通过	H=2、η=5，S+R=630≥624
报告/矿石分流与专机/定义计数	通过	N矿=52
报告/矿石分流与专机/定义计数	通过	C矿=52
报告/箱体过站/已知流量投影	通过	⌈305.65+Q⌉=306
报告/满速独占/计划适用集合	通过	计划满速记录 300 条，其中矿石来源 52、非矿石 248
报告/回路转弯/占格条件投影	通过	制造占格=1378
报告/回路转弯/占格条件投影	通过	max(0,1378−1378)=0
覆盖表/0/1	通过	
覆盖表/0/2	通过	
覆盖表/0/3	通过	
覆盖表/0/4	通过	
覆盖表/0/5	通过	
覆盖表/0/6	通过	
覆盖表/0/7	通过	
覆盖表/0/8	通过	
覆盖表/0/9	通过	
覆盖表/0/10	通过	
覆盖表/0/11	通过	
覆盖表/0/12	通过	
覆盖表/0/13	通过	
覆盖表/0/14	通过	
覆盖表/0/15	通过	
覆盖表/0/16	通过	
覆盖表/0/17	通过	
覆盖表/0/18	通过	
覆盖表/0/19	通过	
覆盖表/0/20	通过	
覆盖表/0/21	通过	
覆盖表/0/22	通过	
覆盖表/0/23	通过	
覆盖表/0/24	通过	
覆盖表/0/25	通过	
覆盖表/0/26	通过	
覆盖表/0/27	通过	
覆盖表/0/28	通过	
覆盖表/0/29	通过	
覆盖表/0/30	通过	
覆盖表/0/31	通过	
覆盖表/0/32	通过	
覆盖表/0/33	通过	
覆盖表/0/34	通过	
覆盖表/0/35	通过	
覆盖表/0/36	通过	
覆盖表/0/37	通过	
覆盖表/0/38	通过	
覆盖表/0/39	通过	
覆盖表/0/40	通过	
覆盖表/0/41	通过	
覆盖表/0/42	通过	
覆盖表/0/43	通过	
覆盖表/0/44	通过	
覆盖表/0/45	通过	
覆盖表/0/46	通过	
覆盖表/0/47	通过	
覆盖表/0/48	通过	
覆盖表/0/49	通过	
覆盖表/0/50	通过	
覆盖表/0/51	通过	
覆盖表/0/52	通过	
覆盖表/0/53	通过	
覆盖表/0/54	通过	
覆盖表/0/55	通过	
覆盖表/0/56	通过	
覆盖表/0/57	通过	
覆盖表/0/58	通过	
覆盖表/0/59	通过	
覆盖表/0/60	通过	
覆盖表/0/61	通过	
覆盖表/0/62	通过	
覆盖表/0/63	通过	
覆盖表/0/64	通过	
覆盖表/0/65	通过	
覆盖表/0/66	通过	
覆盖表/0/67	通过	
覆盖表/0/68	通过	
覆盖表/0/69	通过	
覆盖表/0/70	通过	
覆盖表/0/71	通过	
覆盖表/0/72	通过	
覆盖表/0/73	通过	
覆盖表/0/74	通过	
覆盖表/0/75	通过	
覆盖表/0/76	通过	
覆盖表/0/77	通过	
覆盖表/0/78	通过	
覆盖表/0/79	通过	
覆盖表/0/80	通过	
覆盖表/0/81	通过	
覆盖表/0/82	通过	
覆盖表/0/83	通过	
覆盖表/0/84	通过	
覆盖表/0/85	通过	
覆盖表/0/86	通过	
覆盖表/0/87	通过	
覆盖表/0/88	通过	
覆盖表/0/89	通过	
覆盖表/0/90	通过	
覆盖表/0/91	通过	
覆盖表/0/92	通过	
覆盖表/0/93	通过	
覆盖表/0/94	通过	
覆盖表/0/95	通过	
覆盖表/0/96	通过	
覆盖表/0/97	通过	
覆盖表/0/98	通过	
覆盖表/0/99	通过	
覆盖表/0/100	通过	
覆盖表/0/101	通过	
覆盖表/0/102	通过	
覆盖表/0/103	通过	
覆盖表/0/104	通过	
覆盖表/0/105	通过	
覆盖表/0/106	通过	
覆盖表/0/107	通过	
覆盖表/0/108	通过	
覆盖表/0/109	通过	
覆盖表/0/110	通过	
覆盖表/0/111	通过	
覆盖表/0/112	通过	
覆盖表/0/113	通过	
覆盖表/0/114	通过	
覆盖表/1/1	通过	
覆盖表/1/2	通过	
覆盖表/1/3	通过	
覆盖表/1/4	通过	
覆盖表/1/5	通过	
覆盖表/1/6	通过	
覆盖表/1/7	通过	
覆盖表/1/8	通过	
覆盖表/1/9	通过	
覆盖表/1/10	通过	
覆盖表/1/11	通过	
覆盖表/1/12	通过	
覆盖表/1/13	通过	
覆盖表/1/14	通过	
覆盖表/1/15	通过	
覆盖表/114与15行	通过	
覆盖表/约束/接通先后	通过	
覆盖表/约束/分叉分支	通过	
覆盖表/约束/传输相位	通过	
覆盖表/约束/判定先后	通过	
覆盖表/约束/取货分级	通过	
覆盖表/约束/密集结点	通过	
覆盖表/约束/来源定序	通过	
覆盖表/约束/单位矿耗	通过	
覆盖表/约束/矿石需求	通过	
覆盖表/约束/种子自给	通过	
覆盖表/约束/端口对接	通过	
覆盖表/约束/端口速率	通过	
覆盖表/约束/出库上限	通过	
覆盖表/约束/取货口配置	通过	
覆盖表/约束/周期倍数	通过	
覆盖表/约束/种子起动	通过	
覆盖表/约束/入库途径	通过	
覆盖表/约束/物料流量	通过	
覆盖表/约束/机型下限	通过	
覆盖表/约束/通道下限	通过	
覆盖表/约束/满载配置	通过	
覆盖表/约束/研磨进料	通过	
覆盖表/约束/封装进料	通过	
覆盖表/约束/满速独占	通过	
覆盖表/约束/矿线专机	通过	
覆盖表/约束/灌装混线	通过	
覆盖表/约束/准入累计	通过	
覆盖表/约束/矿系不入库	通过	
覆盖表/约束/成品汇入	通过	
覆盖表/约束/回路守恒	通过	
覆盖表/约束/混做清空	通过	
覆盖表/约束/回路存量	通过	
覆盖表/约束/运输端口收支	通过	
覆盖表/约束/矿石分流与专机	通过	
覆盖表/约束/传输箱不满	通过	
覆盖表/约束/轮询均分	通过	
覆盖表/约束/箱体接口	通过	
覆盖表/约束/箱体预算	通过	
覆盖表/约束/箱体过站	通过	
覆盖表/约束/供电下限	通过	
覆盖表/约束/边带排布	通过	
覆盖表/约束/角区	通过	
覆盖表/约束/核心离带	通过	
覆盖表/约束/核心邻格	通过	
覆盖表/约束/核心取货边朝带	通过	
覆盖表/约束/运输下限	通过	
覆盖表/约束/运输降幅	通过	
覆盖表/约束/占地下界	通过	
覆盖表/约束/空矩形上界	通过	
覆盖表/约束/面积预算	通过	
覆盖表/约束/侧旁供电	通过	
覆盖表/约束/矩形离带	通过	
覆盖表/约束/回路转弯	通过	
覆盖表/约束/矿石走廊	通过	
覆盖表/约束/四通结点	通过	
覆盖表/约束/内带缺口	通过	
