ts,pid,tag,rss_kb,hwm_kb,swap_kb
14:30:45,764331,probe8,6356,6356,0
14:30:46,764331,probe8,6356,6356,0
14:30:47,764331,probe8,6356,6356,0
14:30:48,764331,probe8,6356,6356,0
14:30:49,764331,probe8,6356,6356,0
14:30:50,764331,probe8,6356,6356,0
14:30:51,764331,probe8,6356,6356,0
14:30:52,764331,probe8,6356,6356,0
ts,pid,tag,rss_kb,hwm_kb,swap_kb
14:45:30,823335,probe8,17780,19108,0
14:45:30,823335,probe8,153900,154576,0
14:45:31,823335,probe8,139804,154576,0
14:45:31,823335,probe8,139804,154576,0
14:45:32,823335,probe8,139804,154576,0
14:45:32,823335,probe8,139804,154576,0
14:45:33,823335,probe8,139804,154576,0
14:45:33,823335,probe8,139804,154576,0
14:45:34,823335,probe8,139804,154576,0
14:45:34,823335,probe8,139804,154576,0
14:45:35,823335,probe8,139804,154576,0
14:45:35,823335,probe8,139804,154576,0
14:45:36,823335,probe8,139804,154576,0
14:45:36,823335,probe8,139804,154576,0
14:45:37,823335,probe8,139804,154576,0
14:45:37,823335,probe8,139804,154576,0
14:45:38,823335,probe8,139804,154576,0
14:45:38,823335,probe8,139804,154576,0
14:45:39,823335,probe8,139804,154576,0
14:45:39,823335,probe8,139804,154576,0
14:45:40,823335,probe8,139804,154576,0
14:45:40,823335,probe8,139804,154576,0
14:45:41,823335,probe8,139804,154576,0
14:45:41,823335,probe8,139804,154576,0
14:45:42,823335,probe8,338120,338120,0
14:45:42,823335,probe8,487000,487000,0
14:45:43,823335,probe8,673728,674644,0
14:45:43,823335,probe8,862496,862792,0
14:45:44,823335,probe8,1014596,1014960,0
14:45:44,823335,probe8,1097416,1097652,0
14:45:45,823335,probe8,1226348,1226640,0
14:45:45,823335,probe8,1387280,1387640,0
14:45:46,823335,probe8,1501560,1501724,0
14:45:46,823335,probe8,1632572,1632968,0
14:45:47,823335,probe8,1715316,1715316,0
14:45:47,823335,probe8,1716476,1716476,0
14:45:48,823335,probe8,1716792,1716800,0
14:45:49,823335,probe8,1717916,1717916,0
14:45:49,823335,probe8,1719452,1719452,0
14:45:50,823335,probe8,1719452,1719452,0
14:45:50,823335,probe8,1725164,1725164,0
14:45:51,823335,probe8,1739256,1739256,0
14:45:51,823335,probe8,1746620,1746624,0
14:45:52,823335,probe8,1753676,1753700,0
14:45:52,823335,probe8,1759636,1759636,0
14:45:53,823335,probe8,1766340,1766352,0
14:45:53,823335,probe8,1772500,1772500,0
14:45:54,823335,probe8,1779244,1779348,0
14:45:54,823335,probe8,1785108,1785120,0
14:45:55,823335,probe8,1791800,1791796,0
14:45:55,823335,probe8,1797484,1797496,0
14:45:56,823335,probe8,1803868,1803868,0
14:45:56,823335,probe8,1809688,1809688,0
14:45:57,823335,probe8,1816168,1816168,0
14:45:57,823335,probe8,1822076,1822076,0
14:45:58,823335,probe8,1828528,1828528,0
14:45:58,823335,probe8,1834492,1834492,0
14:45:59,823335,probe8,1840844,1840844,0
14:45:59,823335,probe8,1846740,1846752,0
14:46:00,823335,probe8,1861600,1865212,0
14:46:00,823335,probe8,2066812,2198936,0
14:46:01,823335,probe8,2131052,2198936,0
14:46:01,823335,probe8,2131052,2198936,0
14:46:02,823335,probe8,2131052,2198936,0
14:46:02,823335,probe8,2131052,2198936,0
14:46:03,823335,probe8,2220472,2220984,0
14:46:03,823335,probe8,2468836,2469384,0
14:46:04,823335,probe8,2645712,2646204,0
14:46:04,823335,probe8,2783020,2783020,0
14:46:05,823335,probe8,2973120,2973468,0
14:46:05,823335,probe8,3093720,3094184,0
14:46:06,823335,probe8,3268000,3268276,0
14:46:06,823335,probe8,3403340,3403512,0
14:46:07,823335,probe8,3514688,3515152,0
14:46:07,823335,probe8,3629596,3629612,0
14:46:08,823335,probe8,3632244,3632244,0
14:46:08,823335,probe8,3632248,3632248,0
14:46:09,823335,probe8,3633692,3633692,0
14:46:09,823335,probe8,3635436,3635436,0
14:46:10,823335,probe8,3635444,3635444,0
14:46:10,823335,probe8,3637420,3637436,0
14:46:11,823335,probe8,3640368,3640368,0
14:46:11,823335,probe8,3971520,3993592,0
14:46:12,823335,probe8,4318048,4318060,0
14:46:12,823335,probe8,4390396,4390396,0
14:46:13,823335,probe8,4390396,4390396,0
14:46:13,823335,probe8,4390396,4390396,0
14:46:14,823335,probe8,4390396,4390396,0
14:46:14,823335,probe8,4390396,4390396,0
14:46:15,823335,probe8,4390396,4390396,0
14:46:15,823335,probe8,4390396,4390396,0
14:46:16,823335,probe8,4390396,4390396,0
14:46:16,823335,probe8,4390396,4390396,0
14:46:17,823335,probe8,4390396,4390396,0
14:46:17,823335,probe8,4390396,4390396,0
14:46:18,823335,probe8,4390396,4390396,0
14:46:19,823335,probe8,4390396,4390396,0
14:46:19,823335,probe8,4335788,4388204,0
14:46:20,823335,probe8,4577984,4582760,0
14:46:20,823335,probe8,4786620,4786620,0
14:46:21,823335,probe8,4787812,4787812,0
14:46:21,823335,probe8,4787956,4787956,0
14:46:22,823335,probe8,5334432,5334984,0
14:46:22,823335,probe8,6006788,6008228,0
14:46:23,823335,probe8,6580880,6582284,0
14:46:23,823335,probe8,7182720,7184324,0
14:46:24,823335,probe8,7671816,7797580,0
14:46:24,823335,probe8,8352228,8353752,0
14:46:25,823335,probe8,8946744,8948056,0
14:46:25,823335,probe8,9108632,9108632,0
14:46:26,823335,probe8,9108632,9108632,0
14:46:26,823335,probe8,9311644,9900492,0
14:46:27,823335,probe8,9208300,9900492,0
14:46:27,823335,probe8,9340276,9900492,0
14:46:28,823335,probe8,9575328,9900492,0
14:46:28,823335,probe8,9806852,9900492,0
14:46:29,823335,probe8,10428340,10434220,0
14:46:29,823335,probe8,10859912,10859912,0
14:46:30,823335,probe8,10859912,10859912,0
14:46:30,823335,probe8,10859912,10859912,0
14:46:31,823335,probe8,10859912,10859912,0
14:46:31,823335,probe8,10859912,10859912,0
14:46:32,823335,probe8,10903420,10903428,0
14:46:32,823335,probe8,10917888,10917888,0
14:46:33,823335,probe8,10931636,10987200,0
14:46:33,823335,probe8,10956452,10987200,0
14:46:34,823335,probe8,10975700,10987200,0
14:46:34,823335,probe8,11016444,11125340,0
14:46:35,823335,probe8,11036408,11125340,0
14:46:35,823335,probe8,11056536,11125340,0
14:46:36,823335,probe8,11071048,11125340,0
14:46:36,823335,probe8,11094588,11125340,0
14:46:37,823335,probe8,11109172,11125340,0
14:46:37,823335,probe8,11125488,11125496,0
14:46:38,823335,probe8,11139692,11139692,0
14:46:38,823335,probe8,11157520,11381684,0
14:46:39,823335,probe8,11175908,11381684,0
14:46:39,823335,probe8,11200052,11381684,0
14:46:40,823335,probe8,11228760,11381684,0
14:46:40,823335,probe8,11266104,11381684,0
14:46:41,823335,probe8,11332768,11381684,0
14:46:41,823335,probe8,10027348,11381684,0
14:46:42,823335,probe8,9634584,11381684,0
14:46:42,823335,probe8,10219432,11381684,0
14:46:43,823335,probe8,10357272,11381684,0
14:46:43,823335,probe8,11080364,11381684,0
14:46:44,823335,probe8,11304508,11381684,0
14:46:45,823335,probe8,11706836,11752380,0
14:46:45,823335,probe8,12110396,12111016,0
14:46:46,823335,probe8,12432264,12564940,0
14:46:46,823335,probe8,12770444,12771164,0
14:46:47,823335,probe8,13320456,13320508,0
14:46:47,823335,probe8,13572964,13573500,0
14:46:48,823335,probe8,13874864,13875508,0
14:46:48,823335,probe8,14176396,14265256,0
14:46:49,823335,probe8,14454020,14454352,0
14:46:49,823335,probe8,14540352,14540352,0
14:46:50,823335,probe8,14540352,14540352,0
14:46:50,823335,probe8,14511072,14538084,0
14:46:51,823335,probe8,14765940,14784628,0
14:46:51,823335,probe8,14796240,14829204,0
14:46:52,823335,probe8,14648784,14829204,0
14:46:52,823335,probe8,14765908,14829204,0
14:46:53,823335,probe8,14823032,14845980,0
14:46:53,823335,probe8,13042452,14845980,0
14:46:54,823335,probe8,11714500,14845980,0
14:46:54,823335,probe8,11714500,14845980,0
14:46:55,823335,probe8,11745420,14845980,0
14:46:55,823335,probe8,11745420,14845980,0
14:46:56,823335,probe8,11745420,14845980,0
14:46:56,823335,probe8,11749672,14845980,0
14:46:57,823335,probe8,11749672,14845980,0
14:46:57,823335,probe8,11749672,14845980,0
14:46:58,823335,probe8,11756088,14845980,0
14:46:58,823335,probe8,11756992,14845980,0
14:46:59,823335,probe8,11757988,14845980,0
14:46:59,823335,probe8,11758892,14845980,0
14:47:00,823335,probe8,11759836,14845980,0
14:47:00,823335,probe8,11760728,14845980,0
14:47:01,823335,probe8,11762672,14845980,0
14:47:01,823335,probe8,11831456,14845980,0
14:47:02,823335,probe8,11897544,14845980,0
14:47:02,823335,probe8,11951972,14845980,0
14:47:03,823335,probe8,11875176,14845980,0
14:47:03,823335,probe8,11939180,14845980,0
14:47:04,823335,probe8,12141120,14845980,0
14:47:04,823335,probe8,12235600,14845980,0
14:47:05,823335,probe8,12322624,14845980,0
14:47:05,823335,probe8,12388236,14845980,0
14:47:06,823335,probe8,12388236,14845980,0
14:47:06,823335,probe8,12388236,14845980,0
14:47:07,823335,probe8,12388236,14845980,0
14:47:07,823335,probe8,12388236,14845980,0
14:47:08,823335,probe8,12388236,14845980,0
14:47:08,823335,probe8,12388236,14845980,0
14:47:09,823335,probe8,12388236,14845980,0
14:47:09,823335,probe8,12388236,14845980,0
14:47:10,823335,probe8,12388236,14845980,0
14:47:10,823335,probe8,12388236,14845980,0
14:47:11,823335,probe8,12388236,14845980,0
14:47:11,823335,probe8,12388236,14845980,0
14:47:12,823335,probe8,12388236,14845980,0
14:47:12,823335,probe8,12476592,14845980,0
14:47:13,823335,probe8,12476592,14845980,0
14:47:14,823335,probe8,12594400,14845980,0
14:47:14,823335,probe8,12623752,14845980,0
14:47:15,823335,probe8,12447136,14845980,0
14:47:15,823335,probe8,12673248,14845980,0
14:47:16,823335,probe8,12673252,14845980,0
14:47:16,823335,probe8,12673252,14845980,0
14:47:17,823335,probe8,12378336,14845980,0
14:47:17,823335,probe8,12550632,14845980,0
14:47:18,823335,probe8,12805920,14845980,0
14:47:18,823335,probe8,13087096,14845980,0
14:47:19,823335,probe8,13226668,14845980,0
14:47:19,823335,probe8,13226668,14845980,0
14:47:20,823335,probe8,12895928,14845980,0
14:47:20,823335,probe8,13031096,14845980,0
14:47:21,823335,probe8,13031096,14845980,0
14:47:21,823335,probe8,13031096,14845980,0
14:47:22,823335,probe8,13031096,14845980,0
14:47:22,823335,probe8,13031096,14845980,0
14:47:23,823335,probe8,13031096,14845980,0
14:47:23,823335,probe8,13031096,14845980,0
14:47:24,823335,probe8,13031096,14845980,0
14:47:24,823335,probe8,13031096,14845980,0
14:47:25,823335,probe8,13031096,14845980,0
14:47:25,823335,probe8,13031096,14845980,0
14:47:26,823335,probe8,13031096,14845980,0
14:47:26,823335,probe8,13031096,14845980,0
14:47:27,823335,probe8,13031096,14845980,0
14:47:27,823335,probe8,13031096,14845980,0
14:47:28,823335,probe8,13031096,14845980,0
14:47:28,823335,probe8,13031096,14845980,0
14:47:29,823335,probe8,13031096,14845980,0
14:47:29,823335,probe8,13031096,14845980,0
14:47:30,823335,probe8,13031096,14845980,0
14:47:30,823335,probe8,13031096,14845980,0
14:47:31,823335,probe8,13031096,14845980,0
14:47:31,823335,probe8,13031096,14845980,0
14:47:32,823335,probe8,13031096,14845980,0
14:47:32,823335,probe8,13031096,14845980,0
14:47:33,823335,probe8,13031096,14845980,0
14:47:33,823335,probe8,13031096,14845980,0
14:47:34,823335,probe8,13031096,14845980,0
14:47:34,823335,probe8,13031096,14845980,0
14:47:35,823335,probe8,13031096,14845980,0
14:47:35,823335,probe8,13031096,14845980,0
14:47:36,823335,probe8,13031096,14845980,0
14:47:36,823335,probe8,13031096,14845980,0
14:47:37,823335,probe8,13031096,14845980,0
14:47:37,823335,probe8,13031096,14845980,0
14:47:38,823335,probe8,13031096,14845980,0
14:47:38,823335,probe8,13031096,14845980,0
14:47:39,823335,probe8,13031096,14845980,0
14:47:39,823335,probe8,13031096,14845980,0
14:47:40,823335,probe8,13031096,14845980,0
14:47:41,823335,probe8,13031096,14845980,0
14:47:41,823335,probe8,13031096,14845980,0
14:47:42,823335,probe8,13031096,14845980,0
14:47:42,823335,probe8,13031096,14845980,0
14:47:43,823335,probe8,13031096,14845980,0
14:47:43,823335,probe8,13031096,14845980,0
14:47:44,823335,probe8,13031096,14845980,0
14:47:44,823335,probe8,13031096,14845980,0
14:47:45,823335,probe8,13031096,14845980,0
14:47:45,823335,probe8,13031096,14845980,0
14:47:46,823335,probe8,13031096,14845980,0
14:47:46,823335,probe8,13031096,14845980,0
14:47:47,823335,probe8,13031096,14845980,0
14:47:47,823335,probe8,13031096,14845980,0
14:47:48,823335,probe8,13031096,14845980,0
14:47:48,823335,probe8,13031096,14845980,0
14:47:49,823335,probe8,13031096,14845980,0
14:47:49,823335,probe8,13031096,14845980,0
14:47:50,823335,probe8,13031096,14845980,0
14:47:50,823335,probe8,13031096,14845980,0
14:47:51,823335,probe8,13031096,14845980,0
14:47:51,823335,probe8,13031096,14845980,0
14:47:52,823335,probe8,13031096,14845980,0
14:47:52,823335,probe8,13031096,14845980,0
14:47:53,823335,probe8,13031096,14845980,0
14:47:53,823335,probe8,13031096,14845980,0
14:47:54,823335,probe8,13031096,14845980,0
14:47:54,823335,probe8,13031096,14845980,0
14:47:55,823335,probe8,13031096,14845980,0
14:47:55,823335,probe8,13031096,14845980,0
14:47:56,823335,probe8,13031096,14845980,0
14:47:56,823335,probe8,13031096,14845980,0
14:47:57,823335,probe8,13031096,14845980,0
14:47:57,823335,probe8,13031096,14845980,0
14:47:58,823335,probe8,13031096,14845980,0
14:47:58,823335,probe8,13031096,14845980,0
14:47:59,823335,probe8,13031096,14845980,0
14:47:59,823335,probe8,13031096,14845980,0
14:48:00,823335,probe8,13031096,14845980,0
14:48:00,823335,probe8,13031096,14845980,0
14:48:01,823335,probe8,13031096,14845980,0
14:48:01,823335,probe8,13031096,14845980,0
14:48:02,823335,probe8,13031096,14845980,0
14:48:02,823335,probe8,13031096,14845980,0
14:48:03,823335,probe8,13031096,14845980,0
14:48:03,823335,probe8,13031096,14845980,0
14:48:04,823335,probe8,13031096,14845980,0
14:48:04,823335,probe8,13031096,14845980,0
14:48:05,823335,probe8,13031096,14845980,0
14:48:05,823335,probe8,13031096,14845980,0
14:48:06,823335,probe8,13031096,14845980,0
14:48:06,823335,probe8,13031096,14845980,0
14:48:07,823335,probe8,13031096,14845980,0
14:48:07,823335,probe8,13031096,14845980,0
14:48:08,823335,probe8,13031096,14845980,0
14:48:08,823335,probe8,13031096,14845980,0
14:48:09,823335,probe8,13031096,14845980,0
14:48:09,823335,probe8,13031096,14845980,0
14:48:10,823335,probe8,13031096,14845980,0
14:48:10,823335,probe8,13031096,14845980,0
14:48:11,823335,probe8,13031096,14845980,0
14:48:11,823335,probe8,13031096,14845980,0
14:48:12,823335,probe8,13031096,14845980,0
14:48:13,823335,probe8,13031096,14845980,0
14:48:13,823335,probe8,13031096,14845980,0
14:48:14,823335,probe8,13031096,14845980,0
14:48:14,823335,probe8,13031096,14845980,0
14:48:15,823335,probe8,13031096,14845980,0
14:48:15,823335,probe8,13031096,14845980,0
14:48:16,823335,probe8,13031096,14845980,0
14:48:16,823335,probe8,13031096,14845980,0
14:48:17,823335,probe8,13031096,14845980,0
14:48:17,823335,probe8,13031096,14845980,0
14:48:18,823335,probe8,13031096,14845980,0
14:48:18,823335,probe8,13031096,14845980,0
14:48:19,823335,probe8,13031096,14845980,0
14:48:19,823335,probe8,13031096,14845980,0
14:48:20,823335,probe8,13031096,14845980,0
14:48:20,823335,probe8,13031096,14845980,0
14:48:21,823335,probe8,13031096,14845980,0
14:48:21,823335,probe8,13031096,14845980,0
14:48:22,823335,probe8,13031096,14845980,0
14:48:22,823335,probe8,13031096,14845980,0
14:48:23,823335,probe8,13031096,14845980,0
14:48:23,823335,probe8,13031096,14845980,0
14:48:24,823335,probe8,13031096,14845980,0
14:48:24,823335,probe8,13031096,14845980,0
14:48:25,823335,probe8,13031096,14845980,0
14:48:25,823335,probe8,13031096,14845980,0
14:48:26,823335,probe8,13031096,14845980,0
14:48:26,823335,probe8,13031096,14845980,0
14:48:27,823335,probe8,13031096,14845980,0
14:48:27,823335,probe8,13031096,14845980,0
14:48:28,823335,probe8,13031096,14845980,0
14:48:28,823335,probe8,13031096,14845980,0
14:48:29,823335,probe8,13031096,14845980,0
14:48:29,823335,probe8,13031096,14845980,0
14:48:30,823335,probe8,13031096,14845980,0
14:48:30,823335,probe8,13031096,14845980,0
14:48:31,823335,probe8,13031096,14845980,0
14:48:31,823335,probe8,13031096,14845980,0
14:48:32,823335,probe8,13031096,14845980,0
14:48:32,823335,probe8,13031096,14845980,0
14:48:33,823335,probe8,13031096,14845980,0
14:48:33,823335,probe8,13031096,14845980,0
14:48:34,823335,probe8,13031096,14845980,0
14:48:34,823335,probe8,13031096,14845980,0
14:48:35,823335,probe8,13031096,14845980,0
14:48:35,823335,probe8,13031096,14845980,0
14:48:36,823335,probe8,13031096,14845980,0
14:48:36,823335,probe8,13031096,14845980,0
14:48:37,823335,probe8,13031096,14845980,0
14:48:37,823335,probe8,13031096,14845980,0
14:48:38,823335,probe8,13031096,14845980,0
14:48:38,823335,probe8,13031096,14845980,0
14:48:39,823335,probe8,13031096,14845980,0
14:48:40,823335,probe8,13031096,14845980,0
14:48:40,823335,probe8,13031096,14845980,0
14:48:41,823335,probe8,13031096,14845980,0
14:48:41,823335,probe8,13031096,14845980,0
14:48:42,823335,probe8,13031096,14845980,0
14:48:42,823335,probe8,13031096,14845980,0
14:48:43,823335,probe8,13031096,14845980,0
14:48:43,823335,probe8,13031096,14845980,0
14:48:44,823335,probe8,12541472,14845980,0
14:48:44,823335,probe8,12541472,14845980,0
14:48:45,823335,probe8,12541472,14845980,0
14:48:45,823335,probe8,12541472,14845980,0
14:48:46,823335,probe8,12635336,14845980,0
14:48:46,823335,probe8,12976640,14845980,0
14:48:47,823335,probe8,13109436,14845980,0
14:48:47,823335,probe8,13122840,14845980,0
14:48:48,823335,probe8,13122840,14845980,0
14:48:48,823335,probe8,13122840,14845980,0
14:48:49,823335,probe8,13122840,14845980,0
14:48:49,823335,probe8,13122840,14845980,0
14:48:50,823335,probe8,13154744,14845980,0
14:48:50,823335,probe8,13154744,14845980,0
14:48:51,823335,probe8,13154744,14845980,0
14:48:51,823335,probe8,13154744,14845980,0
14:48:52,823335,probe8,13154744,14845980,0
14:48:52,823335,probe8,13154744,14845980,0
14:48:53,823335,probe8,13154744,14845980,0
14:48:53,823335,probe8,13154744,14845980,0
14:48:54,823335,probe8,13154744,14845980,0
14:48:54,823335,probe8,13154744,14845980,0
14:48:55,823335,probe8,13154744,14845980,0
14:48:55,823335,probe8,13154744,14845980,0
14:48:56,823335,probe8,13154744,14845980,0
14:48:56,823335,probe8,13261228,14845980,0
14:48:57,823335,probe8,13261228,14845980,0
14:48:57,823335,probe8,13379804,14845980,0
14:48:58,823335,probe8,13409588,14845980,0
14:48:58,823335,probe8,13350752,14845980,0
14:48:59,823335,probe8,13144752,14845980,0
14:48:59,823335,probe8,13144752,14845980,0
14:49:00,823335,probe8,13144752,14845980,0
14:49:00,823335,probe8,13144752,14845980,0
14:49:01,823335,probe8,13144752,14845980,0
14:49:01,823335,probe8,13155688,14845980,0
14:49:02,823335,probe8,13155688,14845980,0
14:49:02,823335,probe8,13155688,14845980,0
14:49:03,823335,probe8,13155688,14845980,0
14:49:03,823335,probe8,13155688,14845980,0
14:49:04,823335,probe8,13155688,14845980,0
14:49:04,823335,probe8,13155688,14845980,0
14:49:05,823335,probe8,13155688,14845980,0
14:49:05,823335,probe8,13155688,14845980,0
14:49:06,823335,probe8,13155688,14845980,0
14:49:06,823335,probe8,13155688,14845980,0
14:49:07,823335,probe8,13155688,14845980,0
14:49:07,823335,probe8,13155688,14845980,0
14:49:08,823335,probe8,13251892,14845980,0
14:49:08,823335,probe8,13251892,14845980,0
14:49:09,823335,probe8,13369700,14845980,0
14:49:09,823335,probe8,13399068,14845980,0
14:49:10,823335,probe8,13396828,14845980,0
14:49:11,823335,probe8,13332412,14845980,0
14:49:11,823335,probe8,13429128,14845980,0
14:49:12,823335,probe8,13134212,14845980,0
14:49:12,823335,probe8,13380244,14845980,0
14:49:13,823335,probe8,13531712,14845980,0
14:49:13,823335,probe8,13757840,14845980,0
14:49:14,823335,probe8,13872144,14845980,0
14:49:14,823335,probe8,14752248,14845980,0
14:49:15,823335,probe8,15083268,15106832,0
14:49:15,823335,probe8,15083268,15106832,0
14:49:16,823335,probe8,15083268,15106832,0
14:49:16,823335,probe8,15083268,15106832,0
14:49:17,823335,probe8,15125792,15125796,0
14:49:17,823335,probe8,15185836,15221268,0
14:49:18,823335,probe8,15265704,15369984,0
14:49:18,823335,probe8,15360268,15369984,0
14:49:19,823335,probe8,15432232,15640568,0
14:49:19,823335,probe8,15539348,15640568,0
14:49:20,823335,probe8,15590092,15640568,0
14:49:20,823335,probe8,13715328,15699100,0
14:49:21,823335,probe8,14058400,15699100,0
14:49:21,823335,probe8,14232592,15699100,0
14:49:22,823335,probe8,14615664,15699100,0
14:49:22,823335,probe8,14961104,15699100,0
14:49:23,823335,probe8,16010412,16010412,0
14:49:23,823335,probe8,16157508,16157508,0
14:49:24,823335,probe8,15412040,16155260,0
14:49:24,823335,probe8,15663804,16155260,0
14:49:25,823335,probe8,15749044,16155260,0
14:49:25,823335,probe8,16486752,16598008,0
14:49:26,823335,probe8,16748716,16759736,0
14:49:26,823335,probe8,17056484,17373576,0
14:49:27,823335,probe8,17348628,17373576,0
14:49:27,823335,probe8,17616804,17759268,0
14:49:28,823335,probe8,17836332,17836904,0
14:49:28,823335,probe8,18403140,18403140,0
14:49:29,823335,probe8,18416544,18417388,0
14:49:29,823335,probe8,18607796,18607796,0
14:49:30,823335,probe8,18607796,18607796,0
14:49:30,823335,probe8,18607796,18607796,0
14:49:31,823335,probe8,18792648,18793176,0
14:49:31,823335,probe8,18993956,18993956,0
14:49:32,823335,probe8,18699044,18991768,0
14:49:32,823335,probe8,18729204,18991768,0
14:49:33,823335,probe8,18826688,18991768,0
14:49:33,823335,probe8,15868080,18991768,0
14:49:34,823335,probe8,15868080,18991768,0
14:49:34,823335,probe8,15868080,18991768,0
14:49:35,823335,probe8,15868080,18991768,0
14:49:36,823335,probe8,15868080,18991768,0
14:49:36,823335,probe8,15868080,18991768,0
14:49:37,823335,probe8,15868140,18991768,0
14:49:37,823335,probe8,15868140,18991768,0
14:49:38,823335,probe8,15868140,18991768,0
14:49:38,823335,probe8,15868140,18991768,0
14:49:39,823335,probe8,15868140,18991768,0
14:49:39,823335,probe8,15868140,18991768,0
14:49:40,823335,probe8,15868140,18991768,0
14:49:40,823335,probe8,15868140,18991768,0
14:49:41,823335,probe8,15868140,18991768,0
14:49:41,823335,probe8,15868140,18991768,0
14:49:42,823335,probe8,15868140,18991768,0
14:49:42,823335,probe8,15868140,18991768,0
14:49:43,823335,probe8,15868140,18991768,0
14:49:43,823335,probe8,15868900,18991768,0
14:49:44,823335,probe8,15868900,18991768,0
14:49:44,823335,probe8,15868900,18991768,0
14:49:45,823335,probe8,15868900,18991768,0
14:49:45,823335,probe8,15868900,18991768,0
14:49:46,823335,probe8,15870236,18991768,0
14:49:46,823335,probe8,15870236,18991768,0
14:49:47,823335,probe8,15870236,18991768,0
14:49:47,823335,probe8,15870248,18991768,0
14:49:48,823335,probe8,15871072,18991768,0
14:49:48,823335,probe8,15871336,18991768,0
14:49:49,823335,probe8,15871336,18991768,0
14:49:49,823335,probe8,15887924,18991768,0
14:49:50,823335,probe8,15887924,18991768,0
14:49:50,823335,probe8,15887924,18991768,0
14:49:51,823335,probe8,15888012,18991768,0
14:49:51,823335,probe8,15888012,18991768,0
14:49:52,823335,probe8,15888012,18991768,0
14:49:52,823335,probe8,15888012,18991768,0
14:49:53,823335,probe8,15888012,18991768,0
14:49:53,823335,probe8,15888012,18991768,0
14:49:54,823335,probe8,15888012,18991768,0
14:49:54,823335,probe8,15888012,18991768,0
14:49:55,823335,probe8,15888012,18991768,0
14:49:55,823335,probe8,15888012,18991768,0
14:49:56,823335,probe8,15888012,18991768,0
14:49:56,823335,probe8,15888012,18991768,0
14:49:57,823335,probe8,15888012,18991768,0
14:49:57,823335,probe8,15888012,18991768,0
14:49:58,823335,probe8,15888012,18991768,0
14:49:58,823335,probe8,15888012,18991768,0
14:49:59,823335,probe8,15888012,18991768,0
14:49:59,823335,probe8,15888012,18991768,0
14:50:00,823335,probe8,15888012,18991768,0
14:50:00,823335,probe8,15888012,18991768,0
14:50:01,823335,probe8,15888012,18991768,0
14:50:01,823335,probe8,15888012,18991768,0
14:50:02,823335,probe8,15888012,18991768,0
14:50:02,823335,probe8,15888012,18991768,0
14:50:03,823335,probe8,15888012,18991768,0
14:50:03,823335,probe8,15888012,18991768,0
14:50:04,823335,probe8,15888012,18991768,0
14:50:04,823335,probe8,15888012,18991768,0
14:50:05,823335,probe8,15888012,18991768,0
14:50:05,823335,probe8,15888012,18991768,0
14:50:06,823335,probe8,15888012,18991768,0
14:50:06,823335,probe8,15888012,18991768,0
14:50:07,823335,probe8,15888012,18991768,0
14:50:08,823335,probe8,15888012,18991768,0
14:50:08,823335,probe8,15888012,18991768,0
14:50:09,823335,probe8,15888012,18991768,0
14:50:09,823335,probe8,15888012,18991768,0
14:50:10,823335,probe8,15888012,18991768,0
14:50:10,823335,probe8,15888012,18991768,0
14:50:11,823335,probe8,15888012,18991768,0
14:50:11,823335,probe8,15888012,18991768,0
14:50:12,823335,probe8,15888012,18991768,0
14:50:12,823335,probe8,15888012,18991768,0
14:50:13,823335,probe8,15888012,18991768,0
14:50:13,823335,probe8,15888012,18991768,0
14:50:14,823335,probe8,15888012,18991768,0
14:50:14,823335,probe8,15888012,18991768,0
14:50:15,823335,probe8,15888012,18991768,0
14:50:15,823335,probe8,15888012,18991768,0
14:50:16,823335,probe8,15888012,18991768,0
14:50:16,823335,probe8,15888012,18991768,0
14:50:17,823335,probe8,15888012,18991768,0
14:50:17,823335,probe8,15888012,18991768,0
14:50:18,823335,probe8,15888012,18991768,0
14:50:18,823335,probe8,15888012,18991768,0
14:50:19,823335,probe8,15888012,18991768,0
14:50:19,823335,probe8,15888012,18991768,0
14:50:20,823335,probe8,15888012,18991768,0
14:50:20,823335,probe8,15888012,18991768,0
14:50:21,823335,probe8,15888012,18991768,0
14:50:21,823335,probe8,15888012,18991768,0
14:50:22,823335,probe8,15888012,18991768,0
14:50:22,823335,probe8,15888012,18991768,0
14:50:23,823335,probe8,15888012,18991768,0
14:50:23,823335,probe8,15888012,18991768,0
14:50:24,823335,probe8,15888012,18991768,0
14:50:24,823335,probe8,15888012,18991768,0
14:50:25,823335,probe8,15888012,18991768,0
14:50:25,823335,probe8,15888012,18991768,0
14:50:26,823335,probe8,15888012,18991768,0
14:50:26,823335,probe8,15888012,18991768,0
14:50:27,823335,probe8,15888012,18991768,0
14:50:27,823335,probe8,15888012,18991768,0
14:50:28,823335,probe8,15888012,18991768,0
14:50:28,823335,probe8,15888012,18991768,0
14:50:29,823335,probe8,15888012,18991768,0
14:50:29,823335,probe8,15888012,18991768,0
14:50:30,823335,probe8,15888012,18991768,0
14:50:30,823335,probe8,15888012,18991768,0
14:50:31,823335,probe8,15888012,18991768,0
14:50:31,823335,probe8,15888012,18991768,0
14:50:32,823335,probe8,15888012,18991768,0
14:50:32,823335,probe8,15888012,18991768,0
14:50:33,823335,probe8,15888012,18991768,0
14:50:33,823335,probe8,15888012,18991768,0
14:50:34,823335,probe8,15888012,18991768,0
14:50:35,823335,probe8,15888012,18991768,0
14:50:35,823335,probe8,15888012,18991768,0
14:50:36,823335,probe8,15888012,18991768,0
14:50:36,823335,probe8,15888012,18991768,0
14:50:37,823335,probe8,15888012,18991768,0
14:50:37,823335,probe8,15888012,18991768,0
14:50:38,823335,probe8,15888012,18991768,0
14:50:38,823335,probe8,15888012,18991768,0
14:50:39,823335,probe8,15888012,18991768,0
14:50:39,823335,probe8,15888012,18991768,0
14:50:40,823335,probe8,15888012,18991768,0
14:50:40,823335,probe8,15888012,18991768,0
14:50:41,823335,probe8,15888012,18991768,0
14:50:41,823335,probe8,15888012,18991768,0
14:50:42,823335,probe8,15888012,18991768,0
14:50:42,823335,probe8,15888012,18991768,0
14:50:43,823335,probe8,15888012,18991768,0
14:50:43,823335,probe8,15888012,18991768,0
14:50:44,823335,probe8,15888012,18991768,0
14:50:44,823335,probe8,15888012,18991768,0
14:50:45,823335,probe8,15888012,18991768,0
14:50:45,823335,probe8,15888012,18991768,0
14:50:46,823335,probe8,15888012,18991768,0
14:50:46,823335,probe8,15888012,18991768,0
14:50:47,823335,probe8,15888012,18991768,0
14:50:47,823335,probe8,15888012,18991768,0
14:50:48,823335,probe8,15888012,18991768,0
14:50:48,823335,probe8,15888012,18991768,0
14:50:49,823335,probe8,15888012,18991768,0
14:50:49,823335,probe8,15888012,18991768,0
14:50:50,823335,probe8,15888012,18991768,0
14:50:50,823335,probe8,15888012,18991768,0
14:50:51,823335,probe8,15888012,18991768,0
14:50:51,823335,probe8,15888012,18991768,0
14:50:52,823335,probe8,15888012,18991768,0
14:50:52,823335,probe8,15888012,18991768,0
14:50:53,823335,probe8,15888012,18991768,0
14:50:53,823335,probe8,15888012,18991768,0
14:50:54,823335,probe8,15888012,18991768,0
14:50:54,823335,probe8,15888012,18991768,0
14:50:55,823335,probe8,15888012,18991768,0
14:50:55,823335,probe8,15888012,18991768,0
14:50:56,823335,probe8,15888012,18991768,0
14:50:56,823335,probe8,15888012,18991768,0
14:50:57,823335,probe8,15888012,18991768,0
14:50:57,823335,probe8,15888012,18991768,0
14:50:58,823335,probe8,15888012,18991768,0
14:50:58,823335,probe8,15888012,18991768,0
14:50:59,823335,probe8,15888012,18991768,0
14:50:59,823335,probe8,15888012,18991768,0
14:51:00,823335,probe8,15888012,18991768,0
14:51:00,823335,probe8,15888012,18991768,0
14:51:01,823335,probe8,15888012,18991768,0
14:51:01,823335,probe8,15888012,18991768,0
14:51:02,823335,probe8,15888012,18991768,0
14:51:02,823335,probe8,15888012,18991768,0
14:51:03,823335,probe8,15888012,18991768,0
14:51:03,823335,probe8,15888012,18991768,0
14:51:04,823335,probe8,15888012,18991768,0
14:51:04,823335,probe8,15888012,18991768,0
14:51:05,823335,probe8,15888012,18991768,0
14:51:05,823335,probe8,15888012,18991768,0
14:51:06,823335,probe8,15888012,18991768,0
14:51:06,823335,probe8,15888012,18991768,0
14:51:07,823335,probe8,15888012,18991768,0
14:51:07,823335,probe8,15888012,18991768,0
14:51:08,823335,probe8,15888012,18991768,0
14:51:09,823335,probe8,15888012,18991768,0
14:51:09,823335,probe8,15888012,18991768,0
14:51:10,823335,probe8,15888012,18991768,0
14:51:10,823335,probe8,15888012,18991768,0
14:51:11,823335,probe8,15888012,18991768,0
14:51:11,823335,probe8,15893740,18991768,0
14:51:12,823335,probe8,15893740,18991768,0
14:51:12,823335,probe8,15893740,18991768,0
14:51:13,823335,probe8,15893740,18991768,0
14:51:13,823335,probe8,15893916,18991768,0
14:51:14,823335,probe8,15893916,18991768,0
14:51:14,823335,probe8,16044324,18991768,0
14:51:15,823335,probe8,16050188,18991768,0
14:51:15,823335,probe8,16050188,18991768,0
14:51:16,823335,probe8,16050188,18991768,0
14:51:16,823335,probe8,16050188,18991768,0
14:51:17,823335,probe8,16050188,18991768,0
14:51:17,823335,probe8,16050188,18991768,0
14:51:18,823335,probe8,16050188,18991768,0
14:51:18,823335,probe8,16050188,18991768,0
14:51:19,823335,probe8,16050188,18991768,0
14:51:19,823335,probe8,16050188,18991768,0
14:51:20,823335,probe8,16050188,18991768,0
14:51:20,823335,probe8,16050188,18991768,0
14:51:21,823335,probe8,16050188,18991768,0
14:51:21,823335,probe8,16050188,18991768,0
14:51:22,823335,probe8,16050188,18991768,0
14:51:22,823335,probe8,16050188,18991768,0
14:51:23,823335,probe8,16050188,18991768,0
14:51:23,823335,probe8,16050188,18991768,0
14:51:24,823335,probe8,16050188,18991768,0
14:51:24,823335,probe8,16050188,18991768,0
14:51:25,823335,probe8,16050188,18991768,0
14:51:25,823335,probe8,16050188,18991768,0
14:51:26,823335,probe8,16050188,18991768,0
14:51:26,823335,probe8,16050188,18991768,0
14:51:27,823335,probe8,16050188,18991768,0
14:51:27,823335,probe8,16050188,18991768,0
14:51:28,823335,probe8,16050188,18991768,0
14:51:28,823335,probe8,16050188,18991768,0
14:51:29,823335,probe8,16050188,18991768,0
14:51:29,823335,probe8,16050188,18991768,0
14:51:30,823335,probe8,16050188,18991768,0
14:51:30,823335,probe8,16050188,18991768,0
14:51:31,823335,probe8,16050188,18991768,0
14:51:31,823335,probe8,16050188,18991768,0
14:51:32,823335,probe8,16050188,18991768,0
14:51:33,823335,probe8,16050188,18991768,0
14:51:33,823335,probe8,16050188,18991768,0
14:51:34,823335,probe8,16050188,18991768,0
14:51:34,823335,probe8,16050188,18991768,0
14:51:35,823335,probe8,16050188,18991768,0
14:51:35,823335,probe8,16050188,18991768,0
14:51:36,823335,probe8,16050188,18991768,0
14:51:36,823335,probe8,16050188,18991768,0
14:51:37,823335,probe8,16050188,18991768,0
14:51:37,823335,probe8,16050188,18991768,0
14:51:38,823335,probe8,16050188,18991768,0
14:51:38,823335,probe8,16050188,18991768,0
14:51:39,823335,probe8,16050188,18991768,0
14:51:39,823335,probe8,16050188,18991768,0
14:51:40,823335,probe8,16050188,18991768,0
14:51:40,823335,probe8,16050188,18991768,0
14:51:41,823335,probe8,16050188,18991768,0
14:51:41,823335,probe8,16427352,18991768,0
14:51:42,823335,probe8,16542248,18991768,0
14:51:42,823335,probe8,17191336,18991768,0
14:51:43,823335,probe8,17673576,18991768,0
14:51:43,823335,probe8,17673576,18991768,0
14:51:44,823335,probe8,17673576,18991768,0
14:51:44,823335,probe8,17673576,18991768,0
14:51:45,823335,probe8,17705132,18991768,0
14:51:45,823335,probe8,17745800,18991768,0
14:51:46,823335,probe8,17814120,18991768,0
14:51:46,823335,probe8,17874872,18991768,0
14:51:47,823335,probe8,17998500,18991768,0
14:51:47,823335,probe8,18082880,18991768,0
14:51:48,823335,probe8,18150272,18991768,0
14:51:48,823335,probe8,18218808,18991768,0
14:51:49,823335,probe8,16319192,18991768,0
14:51:49,823335,probe8,16449356,18991768,0
14:51:50,823335,probe8,16879252,18991768,0
14:51:50,823335,probe8,17013452,18991768,0
14:51:51,823335,probe8,17735568,18991768,0
14:51:51,823335,probe8,18063860,18991768,0
14:51:52,823335,probe8,17437472,18991768,0
14:51:52,823335,probe8,17593556,18991768,0
14:51:53,823335,probe8,17609264,18991768,0
14:51:53,823335,probe8,17929068,18991768,0
14:51:54,823335,probe8,18590356,18991768,0
14:51:54,823335,probe8,18796708,18991768,0
14:51:55,823335,probe8,19033004,19279220,0
14:51:55,823335,probe8,19393012,19393596,0
14:51:56,823335,probe8,19691568,19722264,0
14:51:56,823335,probe8,19959168,20019024,0
14:51:57,823335,probe8,20430708,20430708,0
14:51:57,823335,probe8,20465552,20465692,0
14:51:58,823335,probe8,20614020,20614020,0
14:51:58,823335,probe8,20614020,20614020,0
14:51:59,823335,probe8,20584740,20611808,0
14:51:59,823335,probe8,20815716,20821544,0
14:52:00,823335,probe8,21000184,21000184,0
14:52:00,823335,probe8,20705268,20997992,0
14:52:01,823335,probe8,20746592,20997992,0
14:52:01,823335,probe8,20849736,20997992,0
14:52:02,823335,probe8,19207024,21572804,0
14:52:02,823335,probe8,17933036,21572804,0
14:52:03,823335,probe8,17933036,21572804,0
14:52:03,823335,probe8,17933036,21572804,0
14:52:04,823335,probe8,17933036,21572804,0
14:52:05,823335,probe8,17933036,21572804,0
14:52:05,823335,probe8,17933036,21572804,0
14:52:06,823335,probe8,17933036,21572804,0
14:52:06,823335,probe8,17933036,21572804,0
14:52:07,823335,probe8,17933036,21572804,0
14:52:07,823335,probe8,17933036,21572804,0
14:52:08,823335,probe8,17933036,21572804,0
14:52:08,823335,probe8,17933036,21572804,0
14:52:09,823335,probe8,17933036,21572804,0
14:52:09,823335,probe8,17933036,21572804,0
14:52:10,823335,probe8,17933036,21572804,0
14:52:10,823335,probe8,17933036,21572804,0
14:52:11,823335,probe8,17933036,21572804,0
14:52:11,823335,probe8,17933036,21572804,0
14:52:12,823335,probe8,17933036,21572804,0
14:52:12,823335,probe8,17933036,21572804,0
14:52:13,823335,probe8,17933036,21572804,0
14:52:13,823335,probe8,17933680,21572804,0
14:52:14,823335,probe8,17933728,21572804,0
14:52:14,823335,probe8,17933728,21572804,0
14:52:15,823335,probe8,17933728,21572804,0
14:52:15,823335,probe8,17933728,21572804,0
14:52:16,823335,probe8,17933728,21572804,0
14:52:16,823335,probe8,17933728,21572804,0
14:52:17,823335,probe8,17933728,21572804,0
14:52:17,823335,probe8,17934956,21572804,0
14:52:18,823335,probe8,17938084,21572804,0
14:52:18,823335,probe8,17938580,21572804,0
14:52:19,823335,probe8,17938580,21572804,0
14:52:19,823335,probe8,17938580,21572804,0
14:52:20,823335,probe8,17938580,21572804,0
14:52:20,823335,probe8,17938580,21572804,0
14:52:21,823335,probe8,17938580,21572804,0
14:52:21,823335,probe8,17938580,21572804,0
14:52:22,823335,probe8,17938580,21572804,0
14:52:22,823335,probe8,17938580,21572804,0
14:52:23,823335,probe8,17938580,21572804,0
14:52:23,823335,probe8,17938580,21572804,0
14:52:24,823335,probe8,17938580,21572804,0
14:52:24,823335,probe8,17938580,21572804,0
14:52:25,823335,probe8,17938580,21572804,0
14:52:25,823335,probe8,17938580,21572804,0
14:52:26,823335,probe8,17938580,21572804,0
14:52:26,823335,probe8,17938580,21572804,0
14:52:27,823335,probe8,17938580,21572804,0
14:52:27,823335,probe8,17938580,21572804,0
14:52:28,823335,probe8,17938580,21572804,0
14:52:29,823335,probe8,17938580,21572804,0
14:52:29,823335,probe8,17938580,21572804,0
14:52:30,823335,probe8,17938580,21572804,0
14:52:30,823335,probe8,17938580,21572804,0
14:52:31,823335,probe8,17938580,21572804,0
14:52:31,823335,probe8,17938580,21572804,0
14:52:32,823335,probe8,17938580,21572804,0
14:52:32,823335,probe8,17938580,21572804,0
14:52:33,823335,probe8,17938580,21572804,0
14:52:33,823335,probe8,17938580,21572804,0
14:52:34,823335,probe8,17938580,21572804,0
14:52:34,823335,probe8,17938580,21572804,0
14:52:35,823335,probe8,17938580,21572804,0
14:52:35,823335,probe8,17938580,21572804,0
14:52:36,823335,probe8,17938580,21572804,0
14:52:36,823335,probe8,17938580,21572804,0
14:52:37,823335,probe8,17938580,21572804,0
14:52:37,823335,probe8,17938580,21572804,0
14:52:38,823335,probe8,17938580,21572804,0
14:52:38,823335,probe8,17938580,21572804,0
14:52:39,823335,probe8,17938580,21572804,0
14:52:39,823335,probe8,17938580,21572804,0
14:52:40,823335,probe8,17938580,21572804,0
14:52:40,823335,probe8,17938580,21572804,0
14:52:41,823335,probe8,17938580,21572804,0
14:52:41,823335,probe8,17938580,21572804,0
14:52:42,823335,probe8,17938580,21572804,0
14:52:42,823335,probe8,17938580,21572804,0
14:52:43,823335,probe8,17938580,21572804,0
14:52:43,823335,probe8,17938580,21572804,0
14:52:44,823335,probe8,17938580,21572804,0
14:52:44,823335,probe8,17938580,21572804,0
14:52:45,823335,probe8,17938580,21572804,0
14:52:45,823335,probe8,17938580,21572804,0
14:52:46,823335,probe8,17938580,21572804,0
14:52:46,823335,probe8,17938580,21572804,0
14:52:47,823335,probe8,17938580,21572804,0
14:52:47,823335,probe8,17938580,21572804,0
14:52:48,823335,probe8,17938580,21572804,0
14:52:48,823335,probe8,17938580,21572804,0
14:52:49,823335,probe8,17938580,21572804,0
14:52:49,823335,probe8,17938580,21572804,0
14:52:50,823335,probe8,17938580,21572804,0
14:52:50,823335,probe8,17938580,21572804,0
14:52:51,823335,probe8,17938580,21572804,0
14:52:51,823335,probe8,17938580,21572804,0
14:52:52,823335,probe8,17938580,21572804,0
14:52:52,823335,probe8,17938580,21572804,0
14:52:53,823335,probe8,17938580,21572804,0
14:52:53,823335,probe8,17938580,21572804,0
14:52:54,823335,probe8,17938580,21572804,0
14:52:54,823335,probe8,17938580,21572804,0
14:52:55,823335,probe8,17938580,21572804,0
14:52:55,823335,probe8,17938580,21572804,0
14:52:56,823335,probe8,17938580,21572804,0
14:52:56,823335,probe8,17938580,21572804,0
14:52:57,823335,probe8,17938580,21572804,0
14:52:57,823335,probe8,17938580,21572804,0
14:52:58,823335,probe8,17938580,21572804,0
14:52:58,823335,probe8,17938580,21572804,0
14:52:59,823335,probe8,17938580,21572804,0
14:52:59,823335,probe8,17938580,21572804,0
14:53:00,823335,probe8,17938580,21572804,0
14:53:00,823335,probe8,17938580,21572804,0
14:53:01,823335,probe8,17938580,21572804,0
14:53:01,823335,probe8,17938580,21572804,0
14:53:02,823335,probe8,17938580,21572804,0
14:53:02,823335,probe8,17938580,21572804,0
14:53:03,823335,probe8,17938580,21572804,0
14:53:04,823335,probe8,17938580,21572804,0
14:53:04,823335,probe8,17938580,21572804,0
14:53:05,823335,probe8,17938580,21572804,0
14:53:05,823335,probe8,17938580,21572804,0
14:53:06,823335,probe8,17938580,21572804,0
14:53:06,823335,probe8,17938580,21572804,0
14:53:07,823335,probe8,17938580,21572804,0
14:53:07,823335,probe8,17938580,21572804,0
14:53:08,823335,probe8,17938580,21572804,0
14:53:08,823335,probe8,17938580,21572804,0
14:53:09,823335,probe8,17938580,21572804,0
14:53:09,823335,probe8,17938580,21572804,0
14:53:10,823335,probe8,17938580,21572804,0
14:53:10,823335,probe8,17938580,21572804,0
14:53:11,823335,probe8,17938580,21572804,0
14:53:11,823335,probe8,17938580,21572804,0
14:53:12,823335,probe8,17938580,21572804,0
14:53:12,823335,probe8,17938580,21572804,0
14:53:13,823335,probe8,17938580,21572804,0
14:53:13,823335,probe8,17938580,21572804,0
14:53:14,823335,probe8,17938580,21572804,0
14:53:14,823335,probe8,17938580,21572804,0
14:53:15,823335,probe8,17938580,21572804,0
14:53:15,823335,probe8,17938580,21572804,0
14:53:16,823335,probe8,17938580,21572804,0
14:53:16,823335,probe8,17938580,21572804,0
14:53:17,823335,probe8,17938580,21572804,0
14:53:17,823335,probe8,17938580,21572804,0
14:53:18,823335,probe8,17938580,21572804,0
14:53:18,823335,probe8,17938580,21572804,0
14:53:19,823335,probe8,17938580,21572804,0
14:53:19,823335,probe8,17938580,21572804,0
14:53:20,823335,probe8,17938580,21572804,0
14:53:20,823335,probe8,17938580,21572804,0
14:53:21,823335,probe8,17938580,21572804,0
14:53:21,823335,probe8,17938580,21572804,0
14:53:22,823335,probe8,17938580,21572804,0
14:53:22,823335,probe8,17938580,21572804,0
14:53:23,823335,probe8,17938580,21572804,0
14:53:23,823335,probe8,17938580,21572804,0
14:53:24,823335,probe8,17938580,21572804,0
14:53:24,823335,probe8,17938580,21572804,0
14:53:25,823335,probe8,17938580,21572804,0
14:53:25,823335,probe8,17938580,21572804,0
14:53:26,823335,probe8,17938580,21572804,0
14:53:26,823335,probe8,17938580,21572804,0
14:53:27,823335,probe8,17938580,21572804,0
14:53:28,823335,probe8,17938580,21572804,0
14:53:28,823335,probe8,17938580,21572804,0
14:53:29,823335,probe8,17938580,21572804,0
14:53:29,823335,probe8,17938580,21572804,0
14:53:30,823335,probe8,17938580,21572804,0
14:53:30,823335,probe8,17938580,21572804,0
14:53:31,823335,probe8,17938580,21572804,0
14:53:31,823335,probe8,17938580,21572804,0
14:53:32,823335,probe8,17938580,21572804,0
14:53:32,823335,probe8,17938580,21572804,0
14:53:33,823335,probe8,17938580,21572804,0
14:53:33,823335,probe8,17938580,21572804,0
14:53:34,823335,probe8,17938580,21572804,0
14:53:34,823335,probe8,17938580,21572804,0
14:53:35,823335,probe8,17938580,21572804,0
14:53:35,823335,probe8,17938580,21572804,0
14:53:36,823335,probe8,17938580,21572804,0
14:53:36,823335,probe8,17938580,21572804,0
14:53:37,823335,probe8,17938580,21572804,0
14:53:37,823335,probe8,17938580,21572804,0
14:53:38,823335,probe8,17938580,21572804,0
14:53:38,823335,probe8,17938580,21572804,0
14:53:39,823335,probe8,17938580,21572804,0
14:53:39,823335,probe8,17940152,21572804,0
14:53:40,823335,probe8,17940152,21572804,0
14:53:40,823335,probe8,17940152,21572804,0
14:53:41,823335,probe8,17940152,21572804,0
14:53:41,823335,probe8,17940152,21572804,0
14:53:42,823335,probe8,17940152,21572804,0
14:53:42,823335,probe8,18261912,21572804,0
14:53:43,823335,probe8,18321700,21572804,0
14:53:43,823335,probe8,18091732,21572804,0
14:53:44,823335,probe8,18091732,21572804,0
14:53:44,823335,probe8,18091732,21572804,0
14:53:45,823335,probe8,18091732,21572804,0
14:53:45,823335,probe8,18091732,21572804,0
14:53:46,823335,probe8,18091732,21572804,0
14:53:46,823335,probe8,18091732,21572804,0
14:53:47,823335,probe8,18091732,21572804,0
14:53:47,823335,probe8,18091732,21572804,0
14:53:48,823335,probe8,18091732,21572804,0
14:53:48,823335,probe8,18091732,21572804,0
14:53:49,823335,probe8,18091732,21572804,0
14:53:49,823335,probe8,18091732,21572804,0
14:53:50,823335,probe8,18091732,21572804,0
14:53:50,823335,probe8,18091732,21572804,0
14:53:51,823335,probe8,18091732,21572804,0
14:53:51,823335,probe8,18091732,21572804,0
14:53:52,823335,probe8,18091732,21572804,0
14:53:52,823335,probe8,18091732,21572804,0
14:53:53,823335,probe8,18091732,21572804,0
14:53:53,823335,probe8,18091732,21572804,0
14:53:54,823335,probe8,18091856,21572804,0
14:53:54,823335,probe8,18091856,21572804,0
14:53:55,823335,probe8,18091856,21572804,0
14:53:55,823335,probe8,18091856,21572804,0
14:53:56,823335,probe8,20509912,21572804,0
14:53:56,823335,probe8,21995836,21996564,0
14:53:57,823335,probe8,22576168,22577260,0
14:53:57,823335,probe8,22589012,22888300,0
14:53:58,823335,probe8,18091876,23581304,0
14:53:58,823335,probe8,18091876,23581304,0
14:53:59,823335,probe8,18211264,23581304,0
14:53:59,823335,probe8,18091876,23581304,0
14:54:00,823335,probe8,17138376,23581304,0
14:54:00,823335,probe8,16333712,23581304,0
14:54:01,823335,probe8,16335732,23581304,0
14:54:01,823335,probe8,16336344,23581304,0
14:54:02,823335,probe8,16336344,23581304,0
14:54:03,823335,probe8,16487564,23581304,0
14:54:03,823335,probe8,17393236,23581304,0
14:54:04,823335,probe8,17393236,23581304,0
14:54:04,823335,probe8,17393236,23581304,0
14:54:05,823335,probe8,17393236,23581304,0
14:54:05,823335,probe8,17393236,23581304,0
14:54:06,823335,probe8,17394956,23581304,0
14:54:06,823335,probe8,17521452,23581304,0
14:54:07,823335,probe8,17569500,23581304,0
14:54:07,823335,probe8,17698084,23581304,0
14:54:08,823335,probe8,17777592,23581304,0
14:54:08,823335,probe8,17860668,23581304,0
14:54:09,823335,probe8,17925312,23581304,0
14:54:09,823335,probe8,16338336,23581304,0
14:54:10,823335,probe8,16339576,23581304,0
14:54:10,823335,probe8,17222936,23581304,0
14:54:11,823335,probe8,17539740,23581304,0
14:54:11,823335,probe8,17824960,23581304,0
14:54:12,823335,probe8,18023520,23581304,0
14:54:12,823335,probe8,18324724,23581304,0
14:54:13,823335,probe8,18412000,23581304,0
14:54:13,823335,probe8,23551384,23581304,0
14:54:14,823335,probe8,25437612,25519148,0
14:54:14,823335,probe8,27987180,27991892,0
14:54:15,823335,probe8,29741756,29874036,0
14:54:15,823335,probe8,31066048,31073820,0
14:54:16,823335,probe8,32864436,33422092,0
14:54:16,823335,probe8,34906072,34903604,0
14:54:17,823335,probe8,36252468,36324788,0
14:54:17,823335,probe8,38491188,38501624,0
14:54:18,823335,probe8,39721156,39736184,0
14:54:18,823335,probe8,41760384,41763476,0
14:54:19,823335,probe8,43212016,43223740,0
14:54:19,823335,probe8,44016116,44074436,0
14:54:20,823335,probe8,44796372,44829688,380020
14:54:20,823335,probe8,44628588,44829688,1423336
14:54:21,823335,probe8,44595972,44829688,1816060
14:54:22,823335,probe8,44459156,44829688,2444468
14:54:22,823335,probe8,44357000,44829688,2962928
14:54:23,823335,probe8,44307924,44829688,3887516
14:54:23,823335,probe8,44149996,44829688,4593284
14:54:24,823335,probe8,43734780,44829688,5902876
14:54:24,823335,probe8,43893136,44829688,6598960
14:54:25,823335,probe8,43671972,44829688,7073260
14:54:25,823335,probe8,43604980,44829688,7034456
14:54:26,823335,probe8,43804616,44829688,7026504
14:54:26,823335,probe8,43860540,44829688,7377848
14:54:27,823335,probe8,43747152,44829688,7830216
14:54:27,823335,probe8,43191764,44829688,7959416
14:54:28,823335,probe8,42846140,44829688,7959412
14:54:28,823335,probe8,42558168,44829688,7959400
14:54:29,823335,probe8,42733100,44829688,7668368
14:54:29,823335,probe8,43659176,44829688,7335604
14:54:30,823335,probe8,43636896,44829688,7138048
14:54:30,823335,probe8,43133480,44829688,7321140
14:54:31,823335,probe8,43767064,44829688,7992672
14:54:31,823335,probe8,43701844,44829688,8544436
14:54:32,823335,probe8,43596748,44829688,9368752
14:54:32,823335,probe8,43446256,44829688,9756248
14:54:33,823335,probe8,43389104,44829688,10653996
14:54:33,823335,probe8,43317372,44829688,11240196
14:54:34,823335,probe8,43263724,44829688,11955304
14:54:34,823335,probe8,43221480,44829688,12147832
14:54:35,823335,probe8,43096612,44829688,12476324
14:54:35,823335,probe8,43110768,44829688,12632360
14:54:36,823335,probe8,43045228,44829688,12933676
14:54:36,823335,probe8,43020204,44829688,13090772
14:54:37,823335,probe8,42938748,44829688,13447588
14:54:38,823335,probe8,42868836,44829688,13700432
14:54:38,823335,probe8,42522996,44829688,13742836
14:54:39,823335,probe8,42841636,44829688,13946748
14:54:39,823335,probe8,42658004,44829688,14311436
14:54:40,823335,probe8,42739108,44829688,14671060
14:54:40,823335,probe8,42577816,44829688,14727200
14:54:41,823335,probe8,42701200,44829688,14677916
14:54:41,823335,probe8,42666596,44829688,15010452
14:54:42,823335,probe8,42174092,44829688,15235168
14:54:42,823335,probe8,42413484,44829688,15216500
14:54:43,823335,probe8,42643904,44829688,15507820
14:54:43,823335,probe8,42320896,44829688,15727616
14:54:44,823335,probe8,42344676,44829688,15703860
14:54:44,823335,probe8,42549688,44829688,15669232
14:54:45,823335,probe8,42510792,44829688,15893720
14:54:45,823335,probe8,42035656,44829688,16044008
14:54:46,823335,probe8,42221068,44829688,16183768
14:54:46,823335,probe8,42460672,44829688,16229192
14:54:47,823335,probe8,42187528,44829688,16262640
14:54:47,823335,probe8,42073632,44829688,16243176
14:54:48,823335,probe8,42214840,44829688,16235432
14:54:48,823335,probe8,42223936,44829688,16226336
14:54:49,823335,probe8,42223964,44829688,16226308
14:54:49,823335,probe8,41907592,44829688,16223192
14:54:50,823335,probe8,42278752,44829688,16170176
14:54:50,823335,probe8,42312928,44829688,16137356
14:54:51,823335,probe8,42467132,44829688,15983176
14:54:51,823335,probe8,42153348,44829688,15977608
14:54:52,823335,probe8,42372184,44829688,16078124
14:54:52,823335,probe8,42377116,44829688,16072736
14:54:53,823335,probe8,42456356,44829688,15993840
14:54:53,823335,probe8,42141440,44829688,15988528
14:54:54,823335,probe8,42274460,44829688,16178060
14:54:54,823335,probe8,42258260,44829688,16192068
14:54:55,823335,probe8,42333420,44829688,16116912
14:54:55,823335,probe8,41949916,44829688,16074452
14:54:56,823335,probe8,42566784,44829688,16062968
14:54:56,823335,probe8,42252804,44829688,16197564
14:54:57,823335,probe8,42256932,44829688,16193436
14:54:57,823335,probe8,41888420,44829688,16189148
14:54:58,823335,probe8,42267744,44829688,16182628
14:54:58,823335,probe8,42271892,44829688,16178488
14:54:59,823335,probe8,42310476,44829688,16139912
14:55:00,823335,probe8,42319464,44829688,16129408
14:55:00,823335,probe8,42130180,44829688,16107568
14:55:01,823335,probe8,42343436,44829688,16107308
14:55:01,823335,probe8,42343740,44829688,16107012
14:55:02,823335,probe8,41973228,44829688,16105508
14:55:02,823335,probe8,42326076,44829688,16126384
14:55:03,823335,probe8,42186224,44829688,16265256
14:55:03,823335,probe8,42189708,44829688,16261796
14:55:04,823335,probe8,41770752,44829688,16254768
14:55:04,823335,probe8,42365464,44829688,16251568
14:55:05,823335,probe8,42200276,44829688,16251332
14:55:05,823335,probe8,42200376,44829688,16251232
14:55:06,823335,probe8,41881068,44829688,16251056
14:55:06,823335,probe8,42204296,44829688,16247360
14:55:07,823335,probe8,42205596,44829688,16246064
14:55:07,823335,probe8,42208068,44829688,16243600
14:55:08,823335,probe8,41988204,44829688,16240860
14:55:08,823335,probe8,42221840,44829688,16229860
14:55:09,823335,probe8,42313644,44829688,16138380
14:55:09,823335,probe8,42076004,44829688,16056852
14:55:10,823335,probe8,42380688,44829688,16072564
14:55:10,823335,probe8,42515128,44829688,16109180
14:55:11,823335,probe8,41873972,44829688,16195500
14:55:11,823335,probe8,42429444,44829688,16260476
14:55:12,823335,probe8,42364632,44829688,16439452
14:55:12,823335,probe8,42565644,44829688,16367332
14:55:13,823335,probe8,41994772,44829688,16564684
14:55:13,823335,probe8,42479428,44829688,16496752
14:55:14,823335,probe8,42512636,44829688,16548240
14:55:14,823335,probe8,42463920,44829688,16730940
14:55:15,823335,probe8,42191180,44829688,16562692
14:55:15,823335,probe8,42478508,44829688,17032092
14:55:16,823335,probe8,42319168,44829688,16926888
14:55:16,823335,probe8,42476640,44829688,17215732
14:55:17,823335,probe8,42067868,44829688,17018096
14:55:18,823335,probe8,42467264,44829688,17402320
14:55:18,823335,probe8,42418032,44829688,17185064
14:55:19,823335,probe8,42377272,44829688,17360504
14:55:19,823335,probe8,42226760,44829688,17437052
14:55:20,823335,probe8,42221748,44829688,17756868
14:55:20,823335,probe8,42312444,44829688,17798452
14:55:21,823335,probe8,42334380,44829688,18168680
14:55:21,823335,probe8,42326912,44829688,18391392
14:55:22,823335,probe8,42183712,44829688,18444776
14:55:22,823335,probe8,42089480,44829688,18342224
14:55:23,823335,probe8,41446300,44829688,18619560
14:55:23,823335,probe8,41476308,44829688,18521896
14:55:24,823335,probe8,41764192,44829688,18453412
14:55:24,823335,probe8,41810124,44829688,18410380
14:55:25,823335,probe8,41722712,44829688,18393344
14:55:25,823335,probe8,41974144,44829688,18462608
14:55:26,823335,probe8,42071724,44829688,18580464
14:55:26,823335,probe8,41685948,44829688,18663988
14:55:27,823335,probe8,42344640,44829688,18994536
14:55:27,823335,probe8,42217752,44829688,19045708
14:55:28,823335,probe8,41521416,44829688,19132788
14:55:28,823335,probe8,41231420,44829688,19102976
14:55:29,823335,probe8,41614244,44829688,19040360
14:55:29,823335,probe8,41626800,44829688,19028308
14:55:30,823335,probe8,41417380,44829688,19025696
14:55:30,823335,probe8,41630708,44829688,19025360
14:55:31,823335,probe8,41638224,44829688,19018684
14:55:31,823335,probe8,41319476,44829688,19017948
14:55:32,823335,probe8,41641856,44829688,19015132
14:55:32,823335,probe8,41643488,44829688,19013620
14:55:33,823335,probe8,41456972,44829688,18987256
14:55:33,823335,probe8,41749444,44829688,18987248
14:55:34,823335,probe8,41673216,44829688,18984156
14:55:34,823335,probe8,41300552,44829688,18984088
14:55:35,823335,probe8,41673956,44829688,18983440
14:55:35,823335,probe8,41674708,44829688,18982712
14:55:36,823335,probe8,41553188,44829688,18980076
14:55:36,823335,probe8,41541616,44829688,18978724
14:55:37,823335,probe8,41681540,44829688,18976116
14:55:37,823335,probe8,41257060,44829688,18974616
14:55:38,823335,probe8,42061672,44829688,18596864
14:55:38,823335,probe8,42096612,44829688,18564556
14:55:39,823335,probe8,39643828,44829688,17878248
14:55:39,823335,probe8,38161996,44829688,17460956
14:55:40,823335,probe8,36650052,44829688,16343156
14:55:40,823335,probe8,35241648,44829688,15852564
14:55:41,823335,probe8,33539100,44829688,14925360
14:55:41,823335,probe8,32135088,44829688,14417780
14:55:42,823335,probe8,28658460,44829688,13514608
14:55:42,823335,probe8,28358216,44829688,13230584
14:55:43,823335,probe8,27249104,44829688,12762248
14:55:43,823335,probe8,26408936,44829688,12391736
14:55:44,823335,probe8,24817044,44829688,11345148
14:55:44,823335,probe8,22875360,44829688,10441120
14:55:45,823335,probe8,17481116,44829688,9716832
14:55:45,823335,probe8,17767588,44829688,9429680
14:55:46,823335,probe8,16657864,44829688,8483708
14:55:46,823335,probe8,16853652,44829688,8289692
14:55:47,823335,probe8,17470352,44829688,7672488
14:55:47,823335,probe8,17736692,44829688,7406308
14:55:48,823335,probe8,18077540,44829688,7067508
14:55:48,823335,probe8,17888412,44829688,6953580
14:55:49,823335,probe8,17562640,44829688,6906484
14:55:49,823335,probe8,17562648,44829688,6906480
14:55:50,823335,probe8,17562656,44829688,6906480
14:55:50,823335,probe8,17562656,44829688,6906476
14:55:51,823335,probe8,17562656,44829688,6906476
14:55:51,823335,probe8,17563276,44829688,6905856
14:55:52,823335,probe8,17563344,44829688,6905856
14:55:52,823335,probe8,17563344,44829688,6905856
14:55:53,823335,probe8,17563344,44829688,6905856
14:55:54,823335,probe8,17563344,44829688,6905856
14:55:54,823335,probe8,17563352,44829688,6905848
14:55:55,823335,probe8,17563352,44829688,6905848
14:55:55,823335,probe8,17563352,44829688,6905848
14:55:56,823335,probe8,17563352,44829688,6905848
14:55:56,823335,probe8,17563352,44829688,6905848
14:55:57,823335,probe8,17563352,44829688,6905848
14:55:57,823335,probe8,17563352,44829688,6905848
14:55:58,823335,probe8,17563356,44829688,6905844
14:55:58,823335,probe8,17563356,44829688,6905844
14:55:59,823335,probe8,17563356,44829688,6905844
14:55:59,823335,probe8,17563356,44829688,6905844
14:56:00,823335,probe8,17563356,44829688,6905844
14:56:00,823335,probe8,17563380,44829688,6905820
14:56:01,823335,probe8,17563380,44829688,6905820
14:56:01,823335,probe8,17563380,44829688,6905820
14:56:02,823335,probe8,17563380,44829688,6905820
14:56:02,823335,probe8,17563388,44829688,6905812
14:56:03,823335,probe8,17563388,44829688,6905812
14:56:03,823335,probe8,17563388,44829688,6905812
14:56:04,823335,probe8,17563388,44829688,6905812
14:56:04,823335,probe8,17563388,44829688,6905812
14:56:05,823335,probe8,17563388,44829688,6905812
14:56:05,823335,probe8,17563392,44829688,6905808
14:56:06,823335,probe8,17563392,44829688,6905808
14:56:06,823335,probe8,17563392,44829688,6905808
14:56:07,823335,probe8,17563392,44829688,6905808
14:56:07,823335,probe8,17563392,44829688,6905808
14:56:08,823335,probe8,17563392,44829688,6905808
14:56:09,823335,probe8,17563392,44829688,6905808
14:56:09,823335,probe8,17563392,44829688,6905808
14:56:10,823335,probe8,17563392,44829688,6905808
14:56:10,823335,probe8,17563392,44829688,6905808
14:56:11,823335,probe8,17563396,44829688,6905804
14:56:11,823335,probe8,17563396,44829688,6905804
14:56:12,823335,probe8,17563396,44829688,6905804
14:56:12,823335,probe8,17563396,44829688,6905804
14:56:13,823335,probe8,17563396,44829688,6905804
14:56:13,823335,probe8,17563396,44829688,6905804
14:56:14,823335,probe8,17563396,44829688,6905804
14:56:14,823335,probe8,17563400,44829688,6905800
14:56:15,823335,probe8,17563404,44829688,6905796
14:56:15,823335,probe8,17563404,44829688,6905796
14:56:16,823335,probe8,17563404,44829688,6905796
14:56:16,823335,probe8,17563404,44829688,6905796
14:56:17,823335,probe8,17563404,44829688,6905796
14:56:17,823335,probe8,17565492,44829688,6903708
14:56:18,823335,probe8,17565516,44829688,6903684
14:56:18,823335,probe8,17565516,44829688,6903684
14:56:19,823335,probe8,17565656,44829688,6903544
14:56:19,823335,probe8,17565656,44829688,6903544
14:56:20,823335,probe8,17565748,44829688,6903452
14:56:20,823335,probe8,17565748,44829688,6903452
14:56:21,823335,probe8,17565748,44829688,6903452
14:56:21,823335,probe8,17565752,44829688,6903448
14:56:22,823335,probe8,17566392,44829688,6902808
14:56:22,823335,probe8,17566392,44829688,6902808
14:56:23,823335,probe8,17566392,44829688,6902808
14:56:23,823335,probe8,17566396,44829688,6902804
14:56:24,823335,probe8,17567032,44829688,6901524
14:56:24,823335,probe8,17567676,44829688,6901524
14:56:25,823335,probe8,17567680,44829688,6901520
14:56:25,823335,probe8,17567680,44829688,6901520
14:56:26,823335,probe8,17567680,44829688,6901520
14:56:26,823335,probe8,17567680,44829688,6901520
14:56:27,823335,probe8,17567680,44829688,6901520
14:56:27,823335,probe8,17567680,44829688,6901520
14:56:28,823335,probe8,17568328,44829688,6900872
14:56:28,823335,probe8,17568492,44829688,6900708
14:56:29,823335,probe8,17568492,44829688,6900708
14:56:29,823335,probe8,17568492,44829688,6900708
14:56:30,823335,probe8,17568492,44829688,6900708
14:56:30,823335,probe8,17569148,44829688,6900052
14:56:31,823335,probe8,17569148,44829688,6900052
14:56:31,823335,probe8,17569148,44829688,6900052
14:56:32,823335,probe8,17569152,44829688,6900048
14:56:32,823335,probe8,17569152,44829688,6900048
14:56:33,823335,probe8,17569544,44829688,6899656
14:56:33,823335,probe8,17569544,44829688,6899656
14:56:34,823335,probe8,17569544,44829688,6899656
14:56:34,823335,probe8,17569544,44829688,6899656
14:56:35,823335,probe8,17569544,44829688,6899656
14:56:35,823335,probe8,17569548,44829688,6899652
14:56:36,823335,probe8,17569548,44829688,6899652
14:56:36,823335,probe8,17569548,44829688,6899652
14:56:37,823335,probe8,17569548,44829688,6899652
14:56:37,823335,probe8,17569552,44829688,6899648
14:56:38,823335,probe8,17569552,44829688,6899648
14:56:38,823335,probe8,17569552,44829688,6899648
14:56:39,823335,probe8,17569556,44829688,6899644
14:56:39,823335,probe8,17569556,44829688,6899644
14:56:40,823335,probe8,17569556,44829688,6899644
14:56:40,823335,probe8,17569556,44829688,6899644
14:56:41,823335,probe8,17569560,44829688,6899640
14:56:41,823335,probe8,17569560,44829688,6899640
14:56:42,823335,probe8,17569560,44829688,6899640
14:56:42,823335,probe8,17569560,44829688,6899640
14:56:43,823335,probe8,17569560,44829688,6899640
14:56:43,823335,probe8,17569560,44829688,6899640
14:56:44,823335,probe8,17569560,44829688,6899640
14:56:44,823335,probe8,17569564,44829688,6899636
14:56:45,823335,probe8,17569564,44829688,6899636
14:56:45,823335,probe8,17569564,44829688,6899636
14:56:46,823335,probe8,17569564,44829688,6899636
14:56:46,823335,probe8,17569568,44829688,6899632
14:56:47,823335,probe8,17569568,44829688,6899632
14:56:47,823335,probe8,17569568,44829688,6899632
14:56:48,823335,probe8,17569588,44829688,6899612
14:56:48,823335,probe8,17569588,44829688,6899612
14:56:49,823335,probe8,17569592,44829688,6899608
14:56:50,823335,probe8,17569592,44829688,6899608
14:56:50,823335,probe8,17569596,44829688,6899604
14:56:51,823335,probe8,17569596,44829688,6899604
14:56:51,823335,probe8,17569600,44829688,6899600
14:56:52,823335,probe8,17569600,44829688,6899600
14:56:52,823335,probe8,17569604,44829688,6899596
14:56:53,823335,probe8,17569604,44829688,6899596
14:56:53,823335,probe8,17569604,44829688,6899596
14:56:54,823335,probe8,17569608,44829688,6899592
14:56:54,823335,probe8,17569608,44829688,6899592
14:56:55,823335,probe8,17569608,44829688,6899592
14:56:55,823335,probe8,17569612,44829688,6899588
14:56:56,823335,probe8,17569612,44829688,6899588
14:56:56,823335,probe8,17569612,44829688,6899588
14:56:57,823335,probe8,17569612,44829688,6899588
14:56:57,823335,probe8,17569616,44829688,6899584
14:56:58,823335,probe8,17569616,44829688,6899584
14:56:58,823335,probe8,17569616,44829688,6899584
14:56:59,823335,probe8,17569616,44829688,6899584
14:56:59,823335,probe8,17569620,44829688,6899580
14:57:00,823335,probe8,17569684,44829688,6899516
14:57:00,823335,probe8,17569684,44829688,6899516
14:57:01,823335,probe8,17569684,44829688,6899516
14:57:01,823335,probe8,17569696,44829688,6899504
14:57:02,823335,probe8,17569696,44829688,6899504
14:57:02,823335,probe8,17569712,44829688,6899488
14:57:03,823335,probe8,17569712,44829688,6899488
14:57:04,823335,probe8,17569712,44829688,6899488
14:57:04,823335,probe8,17569712,44829688,6899488
14:57:05,823335,probe8,17569912,44829688,6899320
14:57:05,823335,probe8,17569912,44829688,6899320
14:57:06,823335,probe8,17569916,44829688,6899316
14:57:06,823335,probe8,17569916,44829688,6899316
14:57:07,823335,probe8,17569920,44829688,6899312
14:57:07,823335,probe8,17569920,44829688,6899312
14:57:08,823335,probe8,17570312,44829688,6898920
14:57:08,823335,probe8,17570312,44829688,6898920
14:57:09,823335,probe8,17570316,44829688,6898916
14:57:09,823335,probe8,17570316,44829688,6898916
14:57:10,823335,probe8,17570316,44829688,6898916
14:57:10,823335,probe8,17570320,44829688,6898912
14:57:11,823335,probe8,17570320,44829688,6898912
14:57:11,823335,probe8,17570320,44829688,6898912
14:57:12,823335,probe8,17570320,44829688,6898912
14:57:12,823335,probe8,17570324,44829688,6898908
14:57:13,823335,probe8,17570324,44829688,6898908
14:57:13,823335,probe8,17570324,44829688,6898908
14:57:14,823335,probe8,17570324,44829688,6898908
14:57:14,823335,probe8,17570328,44829688,6898904
14:57:15,823335,probe8,17570328,44829688,6898904
14:57:15,823335,probe8,17570328,44829688,6898904
14:57:16,823335,probe8,17570332,44829688,6898900
14:57:16,823335,probe8,17570332,44829688,6898900
14:57:17,823335,probe8,17570332,44829688,6898900
14:57:17,823335,probe8,17570332,44829688,6898900
14:57:18,823335,probe8,17570336,44829688,6898896
14:57:18,823335,probe8,17570336,44829688,6898896
14:57:19,823335,probe8,17570336,44829688,6898896
14:57:19,823335,probe8,17570336,44829688,6898896
14:57:20,823335,probe8,17570340,44829688,6898892
14:57:20,823335,probe8,17570340,44829688,6898892
14:57:21,823335,probe8,17570340,44829688,6898892
14:57:21,823335,probe8,17570340,44829688,6898892
14:57:22,823335,probe8,17570344,44829688,6898888
14:57:22,823335,probe8,17570344,44829688,6898888
14:57:23,823335,probe8,17570348,44829688,6898884
14:57:23,823335,probe8,17570348,44829688,6898884
14:57:24,823335,probe8,17570348,44829688,6898884
14:57:24,823335,probe8,17570348,44829688,6898884
14:57:25,823335,probe8,17570352,44829688,6898880
14:57:25,823335,probe8,17570352,44829688,6898880
14:57:26,823335,probe8,17570352,44829688,6898880
14:57:26,823335,probe8,17570352,44829688,6898880
14:57:27,823335,probe8,17570356,44829688,6898876
14:57:27,823335,probe8,17570356,44829688,6898876
14:57:28,823335,probe8,17570356,44829688,6898876
14:57:28,823335,probe8,17570356,44829688,6898876
14:57:29,823335,probe8,17570360,44829688,6898872
14:57:29,823335,probe8,17570360,44829688,6898872
14:57:30,823335,probe8,17570360,44829688,6898872
14:57:30,823335,probe8,17570364,44829688,6898868
14:57:31,823335,probe8,17570364,44829688,6898868
14:57:31,823335,probe8,17570364,44829688,6898868
14:57:32,823335,probe8,17570736,44829688,6898492
14:57:32,823335,probe8,17570740,44829688,6898492
14:57:33,823335,probe8,17570740,44829688,6898492
14:57:33,823335,probe8,17570740,44829688,6898492
14:57:34,823335,probe8,17570744,44829688,6898488
14:57:34,823335,probe8,17570744,44829688,6898488
14:57:35,823335,probe8,17570744,44829688,6898488
14:57:35,823335,probe8,17570744,44829688,6898488
14:57:36,823335,probe8,17570744,44829688,6898488
14:57:36,823335,probe8,17570744,44829688,6898488
14:57:37,823335,probe8,17570744,44829688,6898488
14:57:37,823335,probe8,17570744,44829688,6898488
14:57:38,823335,probe8,17570972,44829688,6898260
14:57:38,823335,probe8,17570972,44829688,6898260
14:57:39,823335,probe8,17570972,44829688,6898260
14:57:39,823335,probe8,17570972,44829688,6898260
14:57:40,823335,probe8,17570976,44829688,6898256
14:57:40,823335,probe8,17570976,44829688,6898256
14:57:41,823335,probe8,17570976,44829688,6898256
14:57:41,823335,probe8,17570980,44829688,6898252
14:57:42,823335,probe8,17570980,44829688,6898252
14:57:42,823335,probe8,17570980,44829688,6898252
14:57:43,823335,probe8,17571736,44829688,6897496
14:57:43,823335,probe8,17571740,44829688,6897492
14:57:44,823335,probe8,17572540,44829688,6896692
14:57:44,823335,probe8,17572540,44829688,6896692
14:57:45,823335,probe8,17572544,44829688,6896688
14:57:46,823335,probe8,17572544,44829688,6896688
14:57:46,823335,probe8,17572544,44829688,6896688
14:57:47,823335,probe8,17572544,44829688,6896688
14:57:47,823335,probe8,17572548,44829688,6896684
14:57:48,823335,probe8,17572548,44829688,6896684
14:57:48,823335,probe8,17572548,44829688,6896684
14:57:49,823335,probe8,17572548,44829688,6896684
14:57:49,823335,probe8,17573360,44829688,6895872
14:57:50,823335,probe8,17573360,44829688,6895872
14:57:50,823335,probe8,17573360,44829688,6895872
14:57:51,823335,probe8,17573368,44829688,6895864
14:57:51,823335,probe8,17573368,44829688,6895864
14:57:52,823335,probe8,17573368,44829688,6895864
14:57:52,823335,probe8,17573372,44829688,6895860
14:57:53,823335,probe8,17573372,44829688,6895860
14:57:53,823335,probe8,17573372,44829688,6895860
14:57:54,823335,probe8,17573372,44829688,6895860
14:57:54,823335,probe8,17573416,44829688,6895816
14:57:55,823335,probe8,17573416,44829688,6895816
14:57:55,823335,probe8,17573544,44829688,6895688
14:57:56,823335,probe8,17573544,44829688,6895688
14:57:56,823335,probe8,17573632,44829688,6895600
14:57:57,823335,probe8,17573632,44829688,6895600
14:57:57,823335,probe8,17573820,44829688,6895412
14:57:58,823335,probe8,17573820,44829688,6895412
14:57:58,823335,probe8,17573824,44829688,6895408
14:57:59,823335,probe8,17573824,44829688,6895408
14:58:00,823335,probe8,17573824,44829688,6895408
14:58:00,823335,probe8,17573824,44829688,6895408
14:58:01,823335,probe8,17573828,44829688,6895404
14:58:01,823335,probe8,17573828,44829688,6895404
14:58:02,823335,probe8,17574108,44829688,6895124
14:58:02,823335,probe8,17574108,44829688,6895124
14:58:03,823335,probe8,17574112,44829688,6895120
14:58:03,823335,probe8,17574112,44829688,6895120
14:58:04,823335,probe8,17574116,44829688,6895116
14:58:04,823335,probe8,17574116,44829688,6895116
14:58:05,823335,probe8,17574120,44829688,6895112
14:58:05,823335,probe8,17574120,44829688,6895112
14:58:06,823335,probe8,17574124,44829688,6895108
14:58:06,823335,probe8,17574124,44829688,6895108
14:58:07,823335,probe8,17574824,44829688,6894408
14:58:07,823335,probe8,17574824,44829688,6894408
14:58:08,823335,probe8,17574828,44829688,6894404
14:58:08,823335,probe8,17574828,44829688,6894404
14:58:09,823335,probe8,17575556,44829688,6893676
14:58:09,823335,probe8,17575556,44829688,6893676
14:58:10,823335,probe8,17576344,44829688,6892888
14:58:10,823335,probe8,17576344,44829688,6892888
14:58:11,823335,probe8,17577992,44829688,6891240
14:58:11,823335,probe8,17577992,44829688,6891240
14:58:12,823335,probe8,17578000,44829688,6891232
14:58:12,823335,probe8,17578000,44829688,6891232
14:58:13,823335,probe8,17578000,44829688,6891232
14:58:13,823335,probe8,17578000,44829688,6891232
14:58:14,823335,probe8,17578004,44829688,6891228
14:58:14,823335,probe8,17578004,44829688,6891228
14:58:15,823335,probe8,17578004,44829688,6891228
14:58:15,823335,probe8,17578004,44829688,6891228
14:58:16,823335,probe8,17578848,44829688,6890384
14:58:16,823335,probe8,17578848,44829688,6890384
14:58:17,823335,probe8,17578848,44829688,6890384
14:58:17,823335,probe8,17578848,44829688,6890384
14:58:18,823335,probe8,17578860,44829688,6890372
14:58:18,823335,probe8,17578860,44829688,6890372
14:58:19,823335,probe8,17578860,44829688,6890372
14:58:19,823335,probe8,17578860,44829688,6890372
14:58:20,823335,probe8,17578864,44829688,6890368
14:58:20,823335,probe8,17578864,44829688,6890368
14:58:21,823335,probe8,17578864,44829688,6890368
14:58:21,823335,probe8,17578864,44829688,6890368
14:58:22,823335,probe8,17578864,44829688,6890368
14:58:22,823335,probe8,17578864,44829688,6890368
14:58:23,823335,probe8,17578868,44829688,6890364
14:58:23,823335,probe8,17578868,44829688,6890364
14:58:24,823335,probe8,17578868,44829688,6890364
14:58:24,823335,probe8,17578868,44829688,6890364
14:58:25,823335,probe8,17578900,44829688,6890332
14:58:25,823335,probe8,17578900,44829688,6890332
14:58:26,823335,probe8,17579784,44829688,6889448
14:58:26,823335,probe8,17579784,44829688,6889448
14:58:27,823335,probe8,17579792,44829688,6889440
14:58:27,823335,probe8,17579792,44829688,6889440
14:58:28,823335,probe8,17579796,44829688,6889436
14:58:28,823335,probe8,17579796,44829688,6889436
14:58:29,823335,probe8,17579820,44829688,6889412
14:58:29,823335,probe8,17579820,44829688,6889412
14:58:30,823335,probe8,17579820,44829688,6889412
14:58:30,823335,probe8,17579820,44829688,6889412
14:58:31,823335,probe8,17580396,44829688,6888884
14:58:31,823335,probe8,17580396,44829688,6888884
14:58:32,823335,probe8,17580396,44829688,6888884
14:58:32,823335,probe8,17580396,44829688,6888884
14:58:33,823335,probe8,17580400,44829688,6888880
14:58:33,823335,probe8,17580400,44829688,6888880
14:58:34,823335,probe8,17580404,44829688,6888876
14:58:34,823335,probe8,17580404,44829688,6888876
14:58:35,823335,probe8,17580420,44829688,6888860
14:58:35,823335,probe8,17580420,44829688,6888860
14:58:36,823335,probe8,17580424,44829688,6888856
14:58:36,823335,probe8,17580424,44829688,6888856
14:58:37,823335,probe8,17580424,44829688,6888856
14:58:37,823335,probe8,17580424,44829688,6888856
14:58:38,823335,probe8,17580428,44829688,6888852
14:58:38,823335,probe8,17580428,44829688,6888852
14:58:39,823335,probe8,17580428,44829688,6888852
14:58:39,823335,probe8,17580428,44829688,6888852
14:58:40,823335,probe8,17580428,44829688,6888852
14:58:40,823335,probe8,17580428,44829688,6888852
14:58:41,823335,probe8,17580428,44829688,6888852
14:58:42,823335,probe8,17581796,44829688,6887484
14:58:42,823335,probe8,17581804,44829688,6887476
14:58:43,823335,probe8,17581804,44829688,6887476
14:58:43,823335,probe8,17581808,44829688,6887472
14:58:44,823335,probe8,17581808,44829688,6887472
14:58:44,823335,probe8,17581812,44829688,6887468
14:58:45,823335,probe8,17581812,44829688,6887468
14:58:45,823335,probe8,17581816,44829688,6887464
14:58:46,823335,probe8,17581816,44829688,6887464
14:58:46,823335,probe8,17581820,44829688,6887460
14:58:47,823335,probe8,17581820,44829688,6887460
14:58:47,823335,probe8,17581820,44829688,6887460
14:58:48,823335,probe8,17581820,44829688,6887460
14:58:48,823335,probe8,17581824,44829688,6887456
14:58:49,823335,probe8,17581828,44829688,6887452
14:58:49,823335,probe8,17583012,44829688,6886268
14:58:50,823335,probe8,17583012,44829688,6886268
14:58:50,823335,probe8,17583072,44829688,6886208
14:58:51,823335,probe8,17583092,44829688,6886188
14:58:51,823335,probe8,17583092,44829688,6886188
14:58:52,823335,probe8,17583092,44829688,6886188
14:58:52,823335,probe8,17583092,44829688,6886188
14:58:53,823335,probe8,17583096,44829688,6886184
14:58:53,823335,probe8,17583096,44829688,6886184
14:58:54,823335,probe8,17583096,44829688,6886184
14:58:55,823335,probe8,17583096,44829688,6886184
14:58:55,823335,probe8,17583096,44829688,6886184
14:58:56,823335,probe8,17583396,44829688,6885884
14:58:56,823335,probe8,17583396,44829688,6885884
14:58:57,823335,probe8,17583400,44829688,6885880
14:58:57,823335,probe8,17583400,44829688,6885880
14:58:58,823335,probe8,17583400,44829688,6885880
14:58:58,823335,probe8,17583400,44829688,6885880
14:58:59,823335,probe8,17583404,44829688,6885876
14:58:59,823335,probe8,17583404,44829688,6885876
14:59:00,823335,probe8,17583408,44829688,6885872
14:59:00,823335,probe8,17583408,44829688,6885872
14:59:01,823335,probe8,17583408,44829688,6885872
14:59:01,823335,probe8,17583408,44829688,6885872
14:59:02,823335,probe8,17583408,44829688,6885872
14:59:02,823335,probe8,17583408,44829688,6885872
14:59:03,823335,probe8,17583412,44829688,6885868
14:59:03,823335,probe8,17583412,44829688,6885868
14:59:04,823335,probe8,17583416,44829688,6885864
14:59:04,823335,probe8,17583416,44829688,6885864
14:59:05,823335,probe8,17583416,44829688,6885864
14:59:05,823335,probe8,17583416,44829688,6885864
14:59:06,823335,probe8,17583420,44829688,6885860
14:59:06,823335,probe8,17583420,44829688,6885860
14:59:07,823335,probe8,17583420,44829688,6885860
14:59:07,823335,probe8,17583420,44829688,6885860
14:59:08,823335,probe8,17583424,44829688,6885856
14:59:08,823335,probe8,17583424,44829688,6885856
14:59:09,823335,probe8,17583424,44829688,6885856
14:59:09,823335,probe8,17583424,44829688,6885856
14:59:10,823335,probe8,17583428,44829688,6885852
14:59:10,823335,probe8,17583428,44829688,6885852
14:59:11,823335,probe8,17583428,44829688,6885852
14:59:11,823335,probe8,17583428,44829688,6885852
14:59:12,823335,probe8,17583432,44829688,6885848
14:59:12,823335,probe8,17583432,44829688,6885848
14:59:13,823335,probe8,17583432,44829688,6885848
14:59:13,823335,probe8,17583432,44829688,6885848
14:59:14,823335,probe8,17583436,44829688,6885844
14:59:14,823335,probe8,17583436,44829688,6885844
14:59:15,823335,probe8,17583436,44829688,6885844
14:59:15,823335,probe8,17583436,44829688,6885844
14:59:16,823335,probe8,17583440,44829688,6885840
14:59:16,823335,probe8,17583440,44829688,6885840
14:59:17,823335,probe8,17583440,44829688,6885840
14:59:17,823335,probe8,17583444,44829688,6885836
14:59:18,823335,probe8,17583444,44829688,6885836
14:59:18,823335,probe8,17583448,44829688,6885832
14:59:19,823335,probe8,17583448,44829688,6885832
14:59:19,823335,probe8,17583448,44829688,6885832
14:59:20,823335,probe8,17583448,44829688,6885832
14:59:20,823335,probe8,17583452,44829688,6885828
14:59:21,823335,probe8,17583452,44829688,6885828
14:59:21,823335,probe8,17583452,44829688,6885828
14:59:22,823335,probe8,17583464,44829688,6885816
14:59:22,823335,probe8,17583464,44829688,6885816
14:59:23,823335,probe8,17583464,44829688,6885816
14:59:23,823335,probe8,17583464,44829688,6885816
14:59:24,823335,probe8,17583464,44829688,6885816
14:59:24,823335,probe8,17583464,44829688,6885816
14:59:25,823335,probe8,17583464,44829688,6885816
14:59:25,823335,probe8,17583464,44829688,6885816
14:59:26,823335,probe8,17583468,44829688,6885812
14:59:26,823335,probe8,17583468,44829688,6885812
14:59:27,823335,probe8,17583468,44829688,6885812
14:59:27,823335,probe8,17583468,44829688,6885812
14:59:28,823335,probe8,17583468,44829688,6885812
14:59:28,823335,probe8,17583468,44829688,6885812
14:59:29,823335,probe8,17583472,44829688,6885808
14:59:29,823335,probe8,17583472,44829688,6885808
14:59:30,823335,probe8,17583472,44829688,6885808
14:59:30,823335,probe8,17583472,44829688,6885808
14:59:31,823335,probe8,17583472,44829688,6885808
14:59:31,823335,probe8,17583472,44829688,6885808
14:59:32,823335,probe8,17583476,44829688,6885804
14:59:32,823335,probe8,17583476,44829688,6885804
14:59:33,823335,probe8,17583476,44829688,6885804
14:59:33,823335,probe8,17583476,44829688,6885804
14:59:34,823335,probe8,17583476,44829688,6885804
14:59:34,823335,probe8,17583476,44829688,6885804
14:59:35,823335,probe8,17583476,44829688,6885804
14:59:35,823335,probe8,17583476,44829688,6885804
14:59:36,823335,probe8,17583500,44829688,6885780
14:59:36,823335,probe8,17583500,44829688,6885780
14:59:37,823335,probe8,17583504,44829688,6885776
14:59:37,823335,probe8,17583504,44829688,6885776
14:59:38,823335,probe8,17583504,44829688,6885776
14:59:39,823335,probe8,17583504,44829688,6885776
14:59:39,823335,probe8,17583504,44829688,6885776
14:59:40,823335,probe8,17583504,44829688,6885776
14:59:40,823335,probe8,17583508,44829688,6885772
14:59:41,823335,probe8,17583508,44829688,6885772
14:59:41,823335,probe8,17583508,44829688,6885772
14:59:42,823335,probe8,17583508,44829688,6885772
14:59:42,823335,probe8,17583516,44829688,6885764
14:59:43,823335,probe8,17583516,44829688,6885764
14:59:43,823335,probe8,17583516,44829688,6885764
14:59:44,823335,probe8,17583516,44829688,6885764
14:59:44,823335,probe8,17583516,44829688,6885764
14:59:45,823335,probe8,17583516,44829688,6885764
14:59:45,823335,probe8,17583520,44829688,6885760
14:59:46,823335,probe8,17583520,44829688,6885760
14:59:46,823335,probe8,17583520,44829688,6885760
14:59:47,823335,probe8,17583520,44829688,6885760
14:59:47,823335,probe8,17583524,44829688,6885756
14:59:48,823335,probe8,17583524,44829688,6885756
14:59:48,823335,probe8,17583524,44829688,6885756
14:59:49,823335,probe8,17583524,44829688,6885756
14:59:49,823335,probe8,17583528,44829688,6885752
14:59:50,823335,probe8,17583528,44829688,6885752
14:59:50,823335,probe8,17583528,44829688,6885752
14:59:51,823335,probe8,17583528,44829688,6885752
14:59:52,823335,probe8,17583532,44829688,6885748
14:59:52,823335,probe8,17583532,44829688,6885748
14:59:53,823335,probe8,17583532,44829688,6885748
14:59:53,823335,probe8,17583532,44829688,6885748
14:59:54,823335,probe8,17583536,44829688,6885744
14:59:54,823335,probe8,17583536,44829688,6885744
14:59:55,823335,probe8,17583540,44829688,6885740
14:59:55,823335,probe8,17583540,44829688,6885740
14:59:56,823335,probe8,17583540,44829688,6885740
14:59:56,823335,probe8,17583540,44829688,6885740
14:59:57,823335,probe8,17583540,44829688,6885740
14:59:57,823335,probe8,17583540,44829688,6885740
14:59:58,823335,probe8,17583544,44829688,6885736
14:59:58,823335,probe8,17583544,44829688,6885736
14:59:59,823335,probe8,17583548,44829688,6885732
14:59:59,823335,probe8,17583548,44829688,6885732
15:00:00,823335,probe8,17583916,44829688,6885364
15:00:00,823335,probe8,17583916,44829688,6885364
15:00:01,823335,probe8,17583920,44829688,6885360
15:00:01,823335,probe8,17583920,44829688,6885360
15:00:02,823335,probe8,17583920,44829688,6885360
15:00:02,823335,probe8,17583920,44829688,6885360
15:00:03,823335,probe8,17583924,44829688,6885356
15:00:03,823335,probe8,17583924,44829688,6885356
15:00:04,823335,probe8,17583924,44829688,6885356
15:00:04,823335,probe8,17583924,44829688,6885356
15:00:05,823335,probe8,17583928,44829688,6885352
15:00:05,823335,probe8,17583928,44829688,6885352
15:00:06,823335,probe8,17583928,44829688,6885352
15:00:06,823335,probe8,17583928,44829688,6885352
15:00:07,823335,probe8,17583932,44829688,6885348
15:00:07,823335,probe8,17583932,44829688,6885348
15:00:08,823335,probe8,17583932,44829688,6885348
15:00:08,823335,probe8,17583932,44829688,6885348
15:00:09,823335,probe8,17583932,44829688,6885348
15:00:09,823335,probe8,17583932,44829688,6885348
15:00:10,823335,probe8,17583944,44829688,6885336
15:00:10,823335,probe8,17583944,44829688,6885336
15:00:11,823335,probe8,17583944,44829688,6885336
15:00:11,823335,probe8,17583944,44829688,6885336
15:00:12,823335,probe8,17583944,44829688,6885336
15:00:12,823335,probe8,17583944,44829688,6885336
15:00:13,823335,probe8,17583944,44829688,6885336
15:00:13,823335,probe8,17583944,44829688,6885336
15:00:14,823335,probe8,17583944,44829688,6885336
15:00:14,823335,probe8,17583944,44829688,6885336
15:00:15,823335,probe8,17583944,44829688,6885336
15:00:15,823335,probe8,17583944,44829688,6885336
15:00:16,823335,probe8,17583944,44829688,6885336
15:00:16,823335,probe8,17583944,44829688,6885336
15:00:17,823335,probe8,17583944,44829688,6885336
15:00:17,823335,probe8,17583944,44829688,6885336
15:00:18,823335,probe8,17583948,44829688,6885332
15:00:18,823335,probe8,17583948,44829688,6885332
15:00:19,823335,probe8,17583948,44829688,6885332
15:00:19,823335,probe8,17583948,44829688,6885332
15:00:20,823335,probe8,17583948,44829688,6885332
15:00:20,823335,probe8,17583948,44829688,6885332
15:00:21,823335,probe8,17583948,44829688,6885332
15:00:21,823335,probe8,17583948,44829688,6885332
15:00:22,823335,probe8,17583948,44829688,6885332
15:00:22,823335,probe8,17583952,44829688,6885328
15:00:23,823335,probe8,17583952,44829688,6885328
15:00:23,823335,probe8,17583952,44829688,6885328
15:00:24,823335,probe8,17583952,44829688,6885328
15:00:24,823335,probe8,17583952,44829688,6885328
15:00:25,823335,probe8,17583952,44829688,6885328
15:00:25,823335,probe8,17583956,44829688,6885324
15:00:26,823335,probe8,17583956,44829688,6885324
15:00:26,823335,probe8,17583956,44829688,6885324
15:00:27,823335,probe8,17583956,44829688,6885324
15:00:27,823335,probe8,17583956,44829688,6885324
15:00:28,823335,probe8,17583956,44829688,6885324
15:00:28,823335,probe8,17584852,44829688,6884428
15:00:29,823335,probe8,17584852,44829688,6884428
15:00:29,823335,probe8,17584856,44829688,6884424
15:00:30,823335,probe8,17584856,44829688,6884424
15:00:30,823335,probe8,17584856,44829688,6884424
15:00:31,823335,probe8,17584856,44829688,6884424
15:00:31,823335,probe8,17584988,44829688,6884292
15:00:32,823335,probe8,17584988,44829688,6884292
15:00:32,823335,probe8,17586000,44829688,6883280
15:00:33,823335,probe8,17586000,44829688,6883280
15:00:33,823335,probe8,17586000,44829688,6883280
15:00:34,823335,probe8,17586004,44829688,6883276
15:00:34,823335,probe8,17586004,44829688,6883276
15:00:35,823335,probe8,17586004,44829688,6883276
15:00:36,823335,probe8,17586004,44829688,6883276
15:00:36,823335,probe8,17586012,44829688,6883268
15:00:37,823335,probe8,17586012,44829688,6883268
15:00:37,823335,probe8,17586012,44829688,6883268
15:00:38,823335,probe8,17586012,44829688,6883268
15:00:38,823335,probe8,17586016,44829688,6883264
15:00:39,823335,probe8,17586016,44829688,6883264
15:00:39,823335,probe8,17586624,44829688,6882656
15:00:40,823335,probe8,17586624,44829688,6882656
15:00:40,823335,probe8,17586628,44829688,6882652
15:00:41,823335,probe8,17586628,44829688,6882652
15:00:41,823335,probe8,17586632,44829688,6882648
15:00:42,823335,probe8,17586632,44829688,6882648
15:00:42,823335,probe8,17586632,44829688,6882648
15:00:43,823335,probe8,17586632,44829688,6882648
15:00:43,823335,probe8,17587476,44829688,6881804
15:00:44,823335,probe8,17587476,44829688,6881804
15:00:44,823335,probe8,17587476,44829688,6881804
15:00:45,823335,probe8,17587476,44829688,6881804
15:00:45,823335,probe8,17587480,44829688,6881800
15:00:46,823335,probe8,17587480,44829688,6881800
15:00:46,823335,probe8,17587480,44829688,6881800
15:00:47,823335,probe8,17587480,44829688,6881800
15:00:48,823335,probe8,17587484,44829688,6881796
15:00:48,823335,probe8,17587484,44829688,6881796
15:00:49,823335,probe8,17587488,44829688,6881792
15:00:49,823335,probe8,17587488,44829688,6881792
15:00:50,823335,probe8,17587492,44829688,6881788
15:00:50,823335,probe8,17587492,44829688,6881788
15:00:51,823335,probe8,17587492,44829688,6881788
15:00:51,823335,probe8,17587492,44829688,6881788
15:00:52,823335,probe8,17587496,44829688,6881784
15:00:52,823335,probe8,17587496,44829688,6881784
15:00:53,823335,probe8,17587544,44829688,6881736
15:00:53,823335,probe8,17587544,44829688,6881736
15:00:54,823335,probe8,17587548,44829688,6881732
15:00:54,823335,probe8,17587548,44829688,6881732
15:00:55,823335,probe8,17587548,44829688,6881732
15:00:55,823335,probe8,17587548,44829688,6881732
15:00:56,823335,probe8,17587552,44829688,6881728
15:00:56,823335,probe8,17587552,44829688,6881728
15:00:57,823335,probe8,17587556,44829688,6881724
15:00:57,823335,probe8,17587556,44829688,6881724
15:00:58,823335,probe8,17587556,44829688,6881724
15:00:58,823335,probe8,17587556,44829688,6881724
15:00:59,823335,probe8,17587560,44829688,6881720
15:00:59,823335,probe8,17587560,44829688,6881720
15:01:00,823335,probe8,17587560,44829688,6881720
15:01:00,823335,probe8,17587560,44829688,6881720
15:01:01,823335,probe8,17587564,44829688,6881716
15:01:01,823335,probe8,17587564,44829688,6881716
15:01:02,823335,probe8,17587564,44829688,6881716
15:01:02,823335,probe8,17587564,44829688,6881716
15:01:03,823335,probe8,17587564,44829688,6881716
15:01:03,823335,probe8,17587564,44829688,6881716
15:01:04,823335,probe8,17587564,44829688,6881716
15:01:04,823335,probe8,17587564,44829688,6881716
15:01:05,823335,probe8,17587568,44829688,6881712
15:01:05,823335,probe8,17587568,44829688,6881712
15:01:06,823335,probe8,17587568,44829688,6881712
15:01:06,823335,probe8,17587568,44829688,6881712
15:01:07,823335,probe8,17587568,44829688,6881712
15:01:07,823335,probe8,17587568,44829688,6881712
15:01:08,823335,probe8,17587592,44829688,6881712
15:01:08,823335,probe8,17587572,44829688,6881708
15:01:09,823335,probe8,17587572,44829688,6881708
15:01:09,823335,probe8,17587572,44829688,6881708
15:01:10,823335,probe8,17587572,44829688,6881708
15:01:10,823335,probe8,17587572,44829688,6881708
15:01:11,823335,probe8,17587572,44829688,6881708
15:01:11,823335,probe8,17587572,44829688,6881708
15:01:12,823335,probe8,17587572,44829688,6881708
15:01:12,823335,probe8,17587572,44829688,6881708
15:01:13,823335,probe8,17587576,44829688,6881704
15:01:13,823335,probe8,17587576,44829688,6881704
15:01:14,823335,probe8,17587576,44829688,6881704
15:01:14,823335,probe8,17587576,44829688,6881704
15:01:15,823335,probe8,17587852,44829688,6881428
15:01:15,823335,probe8,17587852,44829688,6881428
15:01:16,823335,probe8,17587896,44829688,6881384
15:01:16,823335,probe8,17587896,44829688,6881384
15:01:17,823335,probe8,17587896,44829688,6881384
15:01:17,823335,probe8,17587896,44829688,6881384
15:01:18,823335,probe8,17587896,44829688,6881384
15:01:18,823335,probe8,17587896,44829688,6881384
15:01:19,823335,probe8,17587900,44829688,6881380
15:01:19,823335,probe8,17587900,44829688,6881380
15:01:20,823335,probe8,17587900,44829688,6881380
15:01:20,823335,probe8,17587900,44829688,6881380
15:01:21,823335,probe8,17588212,44829688,6881068
15:01:21,823335,probe8,17588212,44829688,6881068
15:01:22,823335,probe8,17588212,44829688,6881068
15:01:22,823335,probe8,17588212,44829688,6881068
15:01:23,823335,probe8,17588216,44829688,6881064
15:01:23,823335,probe8,17588216,44829688,6881064
15:01:24,823335,probe8,17588220,44829688,6881060
15:01:24,823335,probe8,17588220,44829688,6881060
15:01:25,823335,probe8,17588220,44829688,6881060
15:01:25,823335,probe8,17588500,44829688,6880780
15:01:26,823335,probe8,17588500,44829688,6880780
15:01:26,823335,probe8,17588500,44829688,6880780
15:01:27,823335,probe8,17588504,44829688,6880776
15:01:27,823335,probe8,17588504,44829688,6880776
15:01:28,823335,probe8,17589132,44829688,6880148
15:01:28,823335,probe8,17589132,44829688,6880148
15:01:29,823335,probe8,17589132,44829688,6880148
15:01:29,823335,probe8,17589132,44829688,6880148
15:01:30,823335,probe8,17589136,44829688,6880144
15:01:30,823335,probe8,17589136,44829688,6880144
15:01:31,823335,probe8,17589136,44829688,6880144
15:01:31,823335,probe8,17589136,44829688,6880144
15:01:32,823335,probe8,17589140,44829688,6880140
15:01:32,823335,probe8,17589140,44829688,6880140
15:01:33,823335,probe8,17589140,44829688,6880140
15:01:34,823335,probe8,17589140,44829688,6880140
15:01:34,823335,probe8,17589140,44829688,6880140
15:01:35,823335,probe8,17589144,44829688,6880136
15:01:35,823335,probe8,17589144,44829688,6880136
15:01:36,823335,probe8,17589144,44829688,6880136
15:01:36,823335,probe8,17589144,44829688,6880136
15:01:37,823335,probe8,17589148,44829688,6880132
15:01:37,823335,probe8,17589148,44829688,6880132
15:01:38,823335,probe8,17589148,44829688,6880132
15:01:38,823335,probe8,17589148,44829688,6880132
15:01:39,823335,probe8,17589152,44829688,6880128
15:01:39,823335,probe8,17589152,44829688,6880128
15:01:40,823335,probe8,17589152,44829688,6880128
15:01:40,823335,probe8,17589156,44829688,6880124
15:01:41,823335,probe8,17589156,44829688,6880124
15:01:41,823335,probe8,17589156,44829688,6880124
15:01:42,823335,probe8,17589156,44829688,6880124
15:01:42,823335,probe8,17589156,44829688,6880124
15:01:43,823335,probe8,17589156,44829688,6880124
15:01:44,823335,probe8,17589160,44829688,6880120
15:01:44,823335,probe8,17589160,44829688,6880120
15:01:45,823335,probe8,17589164,44829688,6880116
15:01:45,823335,probe8,17589164,44829688,6880116
15:01:46,823335,probe8,17589164,44829688,6880116
15:01:46,823335,probe8,17589164,44829688,6880116
15:01:47,823335,probe8,17589596,44829688,6879684
15:01:47,823335,probe8,17589596,44829688,6879684
15:01:48,823335,probe8,17589596,44829688,6879684
15:01:48,823335,probe8,17589596,44829688,6879684
15:01:49,823335,probe8,17589596,44829688,6879684
15:01:49,823335,probe8,17589596,44829688,6879684
15:01:50,823335,probe8,17589596,44829688,6879684
15:01:50,823335,probe8,17589596,44829688,6879684
15:01:51,823335,probe8,17589596,44829688,6879684
15:01:51,823335,probe8,17589596,44829688,6879684
15:01:52,823335,probe8,17589760,44829688,6879520
15:01:52,823335,probe8,17589760,44829688,6879520
15:01:53,823335,probe8,17590784,44829688,6878496
15:01:53,823335,probe8,17590784,44829688,6878496
15:01:54,823335,probe8,17590784,44829688,6878496
15:01:54,823335,probe8,17590784,44829688,6878496
15:01:55,823335,probe8,17590784,44829688,6878496
15:01:55,823335,probe8,17590784,44829688,6878496
15:01:56,823335,probe8,17591852,44829688,6877428
15:01:56,823335,probe8,17591852,44829688,6877428
15:01:57,823335,probe8,17591852,44829688,6877428
15:01:57,823335,probe8,17591852,44829688,6877428
15:01:58,823335,probe8,17591912,44829688,6877368
15:01:58,823335,probe8,17591912,44829688,6877368
15:01:59,823335,probe8,17591916,44829688,6877364
15:01:59,823335,probe8,17591916,44829688,6877364
15:02:00,823335,probe8,17591920,44829688,6877360
15:02:00,823335,probe8,17591920,44829688,6877360
15:02:01,823335,probe8,17591920,44829688,6877360
15:02:01,823335,probe8,17591920,44829688,6877360
15:02:02,823335,probe8,17591920,44829688,6877360
15:02:02,823335,probe8,17591920,44829688,6877360
15:02:03,823335,probe8,17591920,44829688,6877360
15:02:03,823335,probe8,17591920,44829688,6877360
15:02:04,823335,probe8,17591920,44829688,6877360
15:02:04,823335,probe8,17591932,44829688,6877348
15:02:05,823335,probe8,17591932,44829688,6877348
15:02:05,823335,probe8,17591932,44829688,6877348
15:02:06,823335,probe8,17591932,44829688,6877348
15:02:06,823335,probe8,17591932,44829688,6877348
15:02:07,823335,probe8,17591936,44829688,6877344
15:02:07,823335,probe8,17591936,44829688,6877344
15:02:08,823335,probe8,17592004,44829688,6877276
15:02:08,823335,probe8,17592004,44829688,6877276
15:02:09,823335,probe8,17592008,44829688,6877272
15:02:09,823335,probe8,17592008,44829688,6877272
15:02:10,823335,probe8,17592008,44829688,6877272
15:02:10,823335,probe8,17592008,44829688,6877272
15:02:11,823335,probe8,17592012,44829688,6877268
15:02:11,823335,probe8,17592012,44829688,6877268
15:02:12,823335,probe8,17592016,44829688,6877264
15:02:12,823335,probe8,17592016,44829688,6877264
15:02:13,823335,probe8,17592020,44829688,6877260
15:02:13,823335,probe8,17592020,44829688,6877260
15:02:14,823335,probe8,17592024,44829688,6877256
15:02:14,823335,probe8,17592024,44829688,6877256
15:02:15,823335,probe8,17592024,44829688,6877256
15:02:15,823335,probe8,17592024,44829688,6877256
15:02:16,823335,probe8,17592028,44829688,6877252
15:02:16,823335,probe8,17592028,44829688,6877252
15:02:17,823335,probe8,17592028,44829688,6877252
15:02:17,823335,probe8,17592028,44829688,6877252
15:02:18,823335,probe8,17592032,44829688,6877248
15:02:18,823335,probe8,17592032,44829688,6877248
15:02:19,823335,probe8,17592032,44829688,6877248
15:02:19,823335,probe8,17592032,44829688,6877248
15:02:20,823335,probe8,17592036,44829688,6877244
15:02:20,823335,probe8,17592036,44829688,6877244
15:02:21,823335,probe8,17592036,44829688,6877244
15:02:21,823335,probe8,17592036,44829688,6877244
15:02:22,823335,probe8,17592040,44829688,6877240
15:02:22,823335,probe8,17592040,44829688,6877240
15:02:23,823335,probe8,17592044,44829688,6877236
15:02:23,823335,probe8,17592044,44829688,6877236
15:02:24,823335,probe8,17592048,44829688,6877232
15:02:24,823335,probe8,17592048,44829688,6877232
15:02:25,823335,probe8,17592048,44829688,6877232
15:02:25,823335,probe8,17592048,44829688,6877232
15:02:26,823335,probe8,17592048,44829688,6877232
15:02:26,823335,probe8,17592052,44829688,6877228
15:02:27,823335,probe8,17592052,44829688,6877228
15:02:27,823335,probe8,17592056,44829688,6877224
15:02:28,823335,probe8,17592056,44829688,6877224
15:02:28,823335,probe8,17592056,44829688,6877224
15:02:29,823335,probe8,17592060,44829688,6877220
15:02:29,823335,probe8,17592060,44829688,6877220
15:02:30,823335,probe8,17592064,44829688,6877216
15:02:31,823335,probe8,17592064,44829688,6877216
15:02:31,823335,probe8,17592064,44829688,6877216
15:02:32,823335,probe8,17592064,44829688,6877216
15:02:32,823335,probe8,17592072,44829688,6877208
15:02:33,823335,probe8,17592072,44829688,6877208
15:02:33,823335,probe8,17592076,44829688,6877204
15:02:34,823335,probe8,17592076,44829688,6877204
15:02:34,823335,probe8,17592076,44829688,6877204
15:02:35,823335,probe8,17592076,44829688,6877204
15:02:35,823335,probe8,17592076,44829688,6877204
15:02:36,823335,probe8,17592076,44829688,6877204
15:02:36,823335,probe8,17592080,44829688,6877200
15:02:37,823335,probe8,17592080,44829688,6877200
15:02:37,823335,probe8,17592080,44829688,6877200
15:02:38,823335,probe8,17592080,44829688,6877200
15:02:38,823335,probe8,17592080,44829688,6877200
15:02:39,823335,probe8,17592080,44829688,6877200
15:02:40,823335,probe8,17592084,44829688,6877196
15:02:40,823335,probe8,17592084,44829688,6877196
15:02:41,823335,probe8,17592084,44829688,6877196
15:02:41,823335,probe8,17592084,44829688,6877196
15:02:42,823335,probe8,17592384,44829688,6876896
15:02:42,823335,probe8,17592384,44829688,6876896
15:02:43,823335,probe8,17592384,44829688,6876896
15:02:43,823335,probe8,17592384,44829688,6876896
15:02:44,823335,probe8,17592384,44829688,6876896
15:02:44,823335,probe8,17592384,44829688,6876896
15:02:45,823335,probe8,17592388,44829688,6876892
15:02:45,823335,probe8,17592388,44829688,6876892
15:02:46,823335,probe8,17592392,44829688,6876888
15:02:46,823335,probe8,17592392,44829688,6876888
15:02:47,823335,probe8,17592392,44829688,6876888
15:02:47,823335,probe8,17592392,44829688,6876888
15:02:48,823335,probe8,17592392,44829688,6876888
15:02:48,823335,probe8,17592392,44829688,6876888
15:02:49,823335,probe8,17592396,44829688,6876884
15:02:49,823335,probe8,17592396,44829688,6876884
15:02:50,823335,probe8,17592400,44829688,6876880
15:02:50,823335,probe8,17592400,44829688,6876880
15:02:51,823335,probe8,17592400,44829688,6876880
15:02:51,823335,probe8,17592400,44829688,6876880
15:02:52,823335,probe8,17592400,44829688,6876880
15:02:52,823335,probe8,17592400,44829688,6876880
15:02:53,823335,probe8,17592400,44829688,6876880
15:02:53,823335,probe8,17592400,44829688,6876880
15:02:54,823335,probe8,17592404,44829688,6876876
15:02:54,823335,probe8,17592404,44829688,6876876
15:02:55,823335,probe8,17592408,44829688,6876872
15:02:55,823335,probe8,17592408,44829688,6876872
15:02:56,823335,probe8,17592412,44829688,6876868
15:02:56,823335,probe8,17592412,44829688,6876868
15:02:57,823335,probe8,17592416,44829688,6876864
15:02:57,823335,probe8,17592416,44829688,6876864
15:02:58,823335,probe8,17592416,44829688,6876864
15:02:58,823335,probe8,17592416,44829688,6876864
15:02:59,823335,probe8,17592420,44829688,6876860
15:02:59,823335,probe8,17592420,44829688,6876860
15:03:00,823335,probe8,17592424,44829688,6876856
15:03:00,823335,probe8,17592424,44829688,6876856
15:03:01,823335,probe8,17592424,44829688,6876856
15:03:01,823335,probe8,17592428,44829688,6876852
15:03:02,823335,probe8,17592428,44829688,6876852
15:03:02,823335,probe8,17592432,44829688,6876848
15:03:03,823335,probe8,17592432,44829688,6876848
15:03:03,823335,probe8,17592432,44829688,6876848
15:03:04,823335,probe8,17592432,44829688,6876848
15:03:04,823335,probe8,17592432,44829688,6876848
15:03:05,823335,probe8,17592436,44829688,6876844
15:03:05,823335,probe8,17592436,44829688,6876844
15:03:06,823335,probe8,17592436,44829688,6876844
15:03:06,823335,probe8,17592436,44829688,6876844
15:03:07,823335,probe8,17592440,44829688,6876840
15:03:07,823335,probe8,17592440,44829688,6876840
15:03:08,823335,probe8,17592440,44829688,6876840
15:03:08,823335,probe8,17592440,44829688,6876840
15:03:09,823335,probe8,17592444,44829688,6876836
15:03:09,823335,probe8,17592444,44829688,6876836
15:03:10,823335,probe8,17592444,44829688,6876836
15:03:10,823335,probe8,17592444,44829688,6876836
15:03:11,823335,probe8,17592472,44829688,6876808
15:03:11,823335,probe8,17592472,44829688,6876808
15:03:12,823335,probe8,17592476,44829688,6876804
15:03:12,823335,probe8,17592476,44829688,6876804
15:03:13,823335,probe8,17592476,44829688,6876804
15:03:13,823335,probe8,17592476,44829688,6876804
15:03:14,823335,probe8,17592484,44829688,6876796
15:03:14,823335,probe8,17592484,44829688,6876796
15:03:15,823335,probe8,17592484,44829688,6876796
15:03:15,823335,probe8,17592484,44829688,6876796
15:03:16,823335,probe8,17592488,44829688,6876792
15:03:16,823335,probe8,17592488,44829688,6876792
15:03:17,823335,probe8,17592488,44829688,6876792
15:03:17,823335,probe8,17592488,44829688,6876792
15:03:18,823335,probe8,17592492,44829688,6876788
15:03:18,823335,probe8,17592492,44829688,6876788
15:03:19,823335,probe8,17592492,44829688,6876788
15:03:19,823335,probe8,17592492,44829688,6876788
15:03:20,823335,probe8,17592492,44829688,6876788
15:03:20,823335,probe8,17592496,44829688,6876784
15:03:21,823335,probe8,17592496,44829688,6876784
15:03:21,823335,probe8,17592496,44829688,6876784
15:03:22,823335,probe8,17592496,44829688,6876784
15:03:22,823335,probe8,17592496,44829688,6876784
15:03:23,823335,probe8,17592736,44829688,6876544
15:03:23,823335,probe8,17592736,44829688,6876544
15:03:24,823335,probe8,17592736,44829688,6876544
15:03:24,823335,probe8,17592736,44829688,6876544
15:03:25,823335,probe8,17592736,44829688,6876544
15:03:25,823335,probe8,17592736,44829688,6876544
15:03:26,823335,probe8,17592740,44829688,6876540
15:03:26,823335,probe8,17592740,44829688,6876540
15:03:27,823335,probe8,17592740,44829688,6876540
15:03:27,823335,probe8,17592740,44829688,6876540
15:03:28,823335,probe8,17592744,44829688,6876536
15:03:29,823335,probe8,17592744,44829688,6876536
15:03:29,823335,probe8,17592752,44829688,6876528
15:03:30,823335,probe8,17592752,44829688,6876528
15:03:30,823335,probe8,17592752,44829688,6876528
15:03:31,823335,probe8,17592752,44829688,6876528
15:03:31,823335,probe8,17592752,44829688,6876528
15:03:32,823335,probe8,17592752,44829688,6876528
15:03:32,823335,probe8,17593620,44829688,6875660
15:03:33,823335,probe8,17593620,44829688,6875660
15:03:33,823335,probe8,17593620,44829688,6875660
15:03:34,823335,probe8,17593620,44829688,6875660
15:03:34,823335,probe8,17593624,44829688,6875656
15:03:35,823335,probe8,17593624,44829688,6875656
15:03:36,823335,probe8,17593624,44829688,6875656
15:03:36,823335,probe8,17593624,44829688,6875656
15:03:37,823335,probe8,17593624,44829688,6875656
15:03:37,823335,probe8,17593628,44829688,6875652
15:03:38,823335,probe8,17593652,44829688,6875652
15:03:38,823335,probe8,17593628,44829688,6875652
15:03:39,823335,probe8,17593628,44829688,6875652
15:03:39,823335,probe8,17593628,44829688,6875652
15:03:40,823335,probe8,17593628,44829688,6875652
15:03:40,823335,probe8,17593628,44829688,6875652
15:03:41,823335,probe8,17594604,44829688,6874676
15:03:41,823335,probe8,17594604,44829688,6874676
15:03:42,823335,probe8,17594608,44829688,6874672
15:03:42,823335,probe8,17594608,44829688,6874672
15:03:43,823335,probe8,17594608,44829688,6874672
15:03:43,823335,probe8,17594608,44829688,6874672
15:03:44,823335,probe8,17594608,44829688,6874672
15:03:44,823335,probe8,17594608,44829688,6874672
15:03:45,823335,probe8,17594616,44829688,6874664
15:03:45,823335,probe8,17594616,44829688,6874664
15:03:46,823335,probe8,17594616,44829688,6874664
15:03:46,823335,probe8,17594616,44829688,6874664
15:03:47,823335,probe8,17594620,44829688,6874660
15:03:47,823335,probe8,17594620,44829688,6874660
15:03:48,823335,probe8,17594620,44829688,6874660
15:03:48,823335,probe8,17594620,44829688,6874660
15:03:49,823335,probe8,17594624,44829688,6874656
15:03:49,823335,probe8,17594624,44829688,6874656
15:03:50,823335,probe8,17594624,44829688,6874656
15:03:50,823335,probe8,17594624,44829688,6874656
15:03:51,823335,probe8,17594628,44829688,6874652
15:03:51,823335,probe8,17594628,44829688,6874652
15:03:52,823335,probe8,17594628,44829688,6874652
15:03:52,823335,probe8,17594628,44829688,6874652
15:03:53,823335,probe8,17594628,44829688,6874652
15:03:53,823335,probe8,17594632,44829688,6874648
15:03:54,823335,probe8,17594632,44829688,6874648
15:03:54,823335,probe8,17594632,44829688,6874648
15:03:55,823335,probe8,17594632,44829688,6874648
15:03:55,823335,probe8,17594632,44829688,6874648
15:03:56,823335,probe8,17594636,44829688,6874644
15:03:56,823335,probe8,17594636,44829688,6874644
15:03:57,823335,probe8,17594636,44829688,6874644
15:03:57,823335,probe8,17594636,44829688,6874644
15:03:58,823335,probe8,17594636,44829688,6874644
15:03:58,823335,probe8,17594636,44829688,6874644
15:03:59,823335,probe8,17594656,44829688,6874624
15:03:59,823335,probe8,17594656,44829688,6874624
15:04:00,823335,probe8,17594660,44829688,6874620
15:04:00,823335,probe8,17594660,44829688,6874620
15:04:01,823335,probe8,17594664,44829688,6874616
15:04:01,823335,probe8,17594664,44829688,6874616
15:04:02,823335,probe8,17594664,44829688,6874616
15:04:02,823335,probe8,17594664,44829688,6874616
15:04:03,823335,probe8,17594668,44829688,6874612
15:04:03,823335,probe8,17594668,44829688,6874612
15:04:04,823335,probe8,17594668,44829688,6874612
15:04:04,823335,probe8,17594668,44829688,6874612
15:04:05,823335,probe8,17594672,44829688,6874608
15:04:05,823335,probe8,17594672,44829688,6874608
15:04:06,823335,probe8,17594672,44829688,6874608
15:04:06,823335,probe8,17594672,44829688,6874608
15:04:07,823335,probe8,17594676,44829688,6874604
15:04:07,823335,probe8,17594676,44829688,6874604
15:04:08,823335,probe8,17594676,44829688,6874604
15:04:08,823335,probe8,17594676,44829688,6874604
15:04:09,823335,probe8,17594676,44829688,6874604
15:04:09,823335,probe8,17594680,44829688,6874600
15:04:10,823335,probe8,17594680,44829688,6874600
15:04:10,823335,probe8,17594680,44829688,6874600
15:04:11,823335,probe8,17594680,44829688,6874600
15:04:11,823335,probe8,17594680,44829688,6874600
15:04:12,823335,probe8,17594684,44829688,6874596
15:04:12,823335,probe8,17594684,44829688,6874596
15:04:13,823335,probe8,17594688,44829688,6874592
15:04:13,823335,probe8,17594688,44829688,6874592
15:04:14,823335,probe8,17594688,44829688,6874592
15:04:14,823335,probe8,17594688,44829688,6874592
15:04:15,823335,probe8,17594688,44829688,6874592
15:04:15,823335,probe8,17594688,44829688,6874592
15:04:16,823335,probe8,17594688,44829688,6874592
15:04:16,823335,probe8,17594688,44829688,6874592
15:04:17,823335,probe8,17594692,44829688,6874588
15:04:17,823335,probe8,17594692,44829688,6874588
15:04:18,823335,probe8,17595600,44829688,6873680
15:04:18,823335,probe8,17595600,44829688,6873680
15:04:19,823335,probe8,17595600,44829688,6873680
15:04:19,823335,probe8,17595600,44829688,6873680
15:04:20,823335,probe8,17595600,44829688,6873680
15:04:20,823335,probe8,17595600,44829688,6873680
15:04:21,823335,probe8,17595608,44829688,6873672
15:04:21,823335,probe8,17595608,44829688,6873672
15:04:22,823335,probe8,17595608,44829688,6873672
15:04:22,823335,probe8,17595608,44829688,6873672
15:04:23,823335,probe8,17595892,44829688,6873388
15:04:23,823335,probe8,17595892,44829688,6873388
15:04:24,823335,probe8,17595892,44829688,6873388
15:04:24,823335,probe8,17595892,44829688,6873388
15:04:25,823335,probe8,17595892,44829688,6873388
15:04:25,823335,probe8,17595892,44829688,6873388
15:04:26,823335,probe8,17595900,44829688,6873380
15:04:27,823335,probe8,17595900,44829688,6873380
15:04:27,823335,probe8,17595900,44829688,6873380
15:04:28,823335,probe8,17595900,44829688,6873380
15:04:28,823335,probe8,17595900,44829688,6873380
15:04:29,823335,probe8,17595900,44829688,6873380
15:04:29,823335,probe8,17595904,44829688,6873376
15:04:30,823335,probe8,17595904,44829688,6873376
15:04:30,823335,probe8,17595904,44829688,6873376
15:04:31,823335,probe8,17595904,44829688,6873376
15:04:32,823335,probe8,17595908,44829688,6873372
15:04:32,823335,probe8,17595908,44829688,6873372
15:04:33,823335,probe8,17595908,44829688,6873372
15:04:33,823335,probe8,17595908,44829688,6873372
15:04:34,823335,probe8,17595912,44829688,6873368
15:04:34,823335,probe8,17595912,44829688,6873368
15:04:35,823335,probe8,17595912,44829688,6873368
15:04:35,823335,probe8,17595912,44829688,6873368
15:04:36,823335,probe8,17596064,44829688,6873216
15:04:36,823335,probe8,17596064,44829688,6873216
15:04:37,823335,probe8,17596064,44829688,6873216
15:04:37,823335,probe8,17596064,44829688,6873216
15:04:38,823335,probe8,17596064,44829688,6873216
15:04:38,823335,probe8,17596068,44829688,6873212
15:04:39,823335,probe8,17596068,44829688,6873212
15:04:39,823335,probe8,17596068,44829688,6873212
15:04:40,823335,probe8,17596068,44829688,6873212
15:04:40,823335,probe8,17596068,44829688,6873212
15:04:41,823335,probe8,17596292,44829688,6872988
15:04:41,823335,probe8,17596292,44829688,6872988
15:04:42,823335,probe8,17596292,44829688,6872988
15:04:42,823335,probe8,17596292,44829688,6872988
15:04:43,823335,probe8,17596296,44829688,6872984
15:04:43,823335,probe8,17596296,44829688,6872984
15:04:44,823335,probe8,17596296,44829688,6872984
15:04:44,823335,probe8,17596296,44829688,6872984
15:04:45,823335,probe8,17596300,44829688,6872980
15:04:45,823335,probe8,17596300,44829688,6872980
15:04:46,823335,probe8,17596304,44829688,6872976
15:04:46,823335,probe8,17596304,44829688,6872976
15:04:47,823335,probe8,17596304,44829688,6872976
15:04:47,823335,probe8,17596304,44829688,6872976
15:04:48,823335,probe8,17596320,44829688,6872960
15:04:48,823335,probe8,17596320,44829688,6872960
15:04:49,823335,probe8,17596320,44829688,6872960
15:04:49,823335,probe8,17596320,44829688,6872960
15:04:50,823335,probe8,17596324,44829688,6872956
15:04:50,823335,probe8,17596324,44829688,6872956
15:04:51,823335,probe8,17596324,44829688,6872956
15:04:51,823335,probe8,17596324,44829688,6872956
15:04:52,823335,probe8,17596324,44829688,6872956
15:04:52,823335,probe8,17596328,44829688,6872952
15:04:53,823335,probe8,17596328,44829688,6872952
15:04:53,823335,probe8,17596328,44829688,6872952
15:04:54,823335,probe8,17596328,44829688,6872952
15:04:54,823335,probe8,17596328,44829688,6872952
15:04:55,823335,probe8,17596332,44829688,6872948
15:04:55,823335,probe8,17596332,44829688,6872948
15:04:56,823335,probe8,17596332,44829688,6872948
15:04:56,823335,probe8,17596332,44829688,6872948
15:04:57,823335,probe8,17596336,44829688,6872944
15:04:57,823335,probe8,17596336,44829688,6872944
15:04:58,823335,probe8,17596340,44829688,6872940
15:04:58,823335,probe8,17596340,44829688,6872940
15:04:59,823335,probe8,17596500,44829688,6872780
15:04:59,823335,probe8,17596500,44829688,6872780
15:05:00,823335,probe8,17596500,44829688,6872780
15:05:00,823335,probe8,17596500,44829688,6872780
15:05:01,823335,probe8,17596512,44829688,6872768
15:05:01,823335,probe8,17596512,44829688,6872768
15:05:02,823335,probe8,17596512,44829688,6872768
15:05:02,823335,probe8,17596512,44829688,6872768
15:05:03,823335,probe8,17596516,44829688,6872764
15:05:03,823335,probe8,17596516,44829688,6872764
15:05:04,823335,probe8,17596516,44829688,6872764
15:05:04,823335,probe8,17596516,44829688,6872764
15:05:05,823335,probe8,17596516,44829688,6872764
15:05:05,823335,probe8,17596516,44829688,6872764
15:05:06,823335,probe8,17596516,44829688,6872764
15:05:06,823335,probe8,17596516,44829688,6872764
15:05:07,823335,probe8,17596520,44829688,6872760
15:05:07,823335,probe8,17596520,44829688,6872760
15:05:08,823335,probe8,17596520,44829688,6872760
15:05:08,823335,probe8,17596520,44829688,6872760
15:05:09,823335,probe8,17596520,44829688,6872760
15:05:09,823335,probe8,17596520,44829688,6872760
15:05:10,823335,probe8,17596524,44829688,6872756
15:05:10,823335,probe8,17596524,44829688,6872756
15:05:11,823335,probe8,17596524,44829688,6872756
15:05:11,823335,probe8,17596524,44829688,6872756
15:05:12,823335,probe8,17596524,44829688,6872756
15:05:12,823335,probe8,17596524,44829688,6872756
15:05:13,823335,probe8,17596524,44829688,6872756
15:05:13,823335,probe8,17596524,44829688,6872756
15:05:14,823335,probe8,17596524,44829688,6872756
15:05:14,823335,probe8,17596524,44829688,6872756
15:05:15,823335,probe8,17596524,44829688,6872756
15:05:15,823335,probe8,17596524,44829688,6872756
15:05:16,823335,probe8,17596528,44829688,6872752
15:05:16,823335,probe8,17596528,44829688,6872752
15:05:17,823335,probe8,17596580,44829688,6872700
15:05:17,823335,probe8,17596580,44829688,6872700
15:05:18,823335,probe8,17596580,44829688,6872700
15:05:18,823335,probe8,17596580,44829688,6872700
15:05:19,823335,probe8,17596580,44829688,6872700
15:05:19,823335,probe8,17596580,44829688,6872700
15:05:20,823335,probe8,17596580,44829688,6872700
15:05:20,823335,probe8,17596580,44829688,6872700
15:05:21,823335,probe8,17596584,44829688,6872696
15:05:21,823335,probe8,17596584,44829688,6872696
15:05:22,823335,probe8,17596584,44829688,6872696
15:05:22,823335,probe8,17596584,44829688,6872696
15:05:23,823335,probe8,17596836,44829688,6872444
15:05:23,823335,probe8,17596836,44829688,6872444
15:05:24,823335,probe8,17596960,44829688,6872320
15:05:25,823335,probe8,17596960,44829688,6872320
15:05:25,823335,probe8,17596960,44829688,6872320
15:05:26,823335,probe8,17596960,44829688,6872320
15:05:26,823335,probe8,17596964,44829688,6872316
15:05:27,823335,probe8,17596964,44829688,6872316
15:05:28,823335,probe8,17596964,44829688,6872316
15:05:28,823335,probe8,17596964,44829688,6872316
15:05:29,823335,probe8,17596964,44829688,6872316
15:05:29,823335,probe8,17596964,44829688,6872316
15:05:30,823335,probe8,17596964,44829688,6872316
15:05:30,823335,probe8,17596964,44829688,6872316
15:05:31,823335,probe8,17596964,44829688,6872316
15:05:31,823335,probe8,17596964,44829688,6872316
15:05:32,823335,probe8,17596964,44829688,6872316
15:05:32,823335,probe8,17596964,44829688,6872316
15:05:33,823335,probe8,17596964,44829688,6872316
15:05:33,823335,probe8,17596964,44829688,6872316
15:05:34,823335,probe8,17596968,44829688,6872312
15:05:34,823335,probe8,17596968,44829688,6872312
15:05:35,823335,probe8,17596968,44829688,6872312
15:05:35,823335,probe8,17596968,44829688,6872312
15:05:36,823335,probe8,17597088,44829688,6872192
15:05:36,823335,probe8,17597088,44829688,6872192
15:05:37,823335,probe8,17597088,44829688,6872192
15:05:37,823335,probe8,17597088,44829688,6872192
15:05:38,823335,probe8,17597088,44829688,6872192
15:05:38,823335,probe8,17597088,44829688,6872192
15:05:39,823335,probe8,17597088,44829688,6872192
15:05:39,823335,probe8,17597092,44829688,6872188
15:05:40,823335,probe8,17597092,44829688,6872188
15:05:40,823335,probe8,17597092,44829688,6872188
15:05:41,823335,probe8,17597092,44829688,6872188
15:05:41,823335,probe8,17597092,44829688,6872188
15:05:42,823335,probe8,17597096,44829688,6872184
15:05:42,823335,probe8,17597096,44829688,6872184
15:05:43,823335,probe8,17597100,44829688,6872180
15:05:43,823335,probe8,17597100,44829688,6872180
15:05:44,823335,probe8,17597100,44829688,6872180
15:05:44,823335,probe8,17597100,44829688,6872180
15:05:45,823335,probe8,17597100,44829688,6872180
15:05:45,823335,probe8,17597100,44829688,6872180
15:05:46,823335,probe8,17597112,44829688,6872168
15:05:46,823335,probe8,17597112,44829688,6872168
15:05:47,823335,probe8,17597112,44829688,6872168
15:05:47,823335,probe8,17597112,44829688,6872168
15:05:48,823335,probe8,17597116,44829688,6872164
15:05:48,823335,probe8,17597116,44829688,6872164
15:05:49,823335,probe8,17597228,44829688,6872052
15:05:49,823335,probe8,17597228,44829688,6872052
15:05:50,823335,probe8,17597228,44829688,6872052
15:05:50,823335,probe8,17597228,44829688,6872052
15:05:51,823335,probe8,17597228,44829688,6872052
15:05:51,823335,probe8,17597228,44829688,6872052
15:05:52,823335,probe8,17597232,44829688,6872048
15:05:52,823335,probe8,17597232,44829688,6872048
15:05:53,823335,probe8,17597232,44829688,6872048
15:05:53,823335,probe8,17597232,44829688,6872048
15:05:54,823335,probe8,17597232,44829688,6872048
15:05:54,823335,probe8,17597232,44829688,6872048
15:05:55,823335,probe8,17597236,44829688,6872044
15:05:55,823335,probe8,17597236,44829688,6872044
15:05:56,823335,probe8,17597236,44829688,6872044
15:05:56,823335,probe8,17597236,44829688,6872044
15:05:57,823335,probe8,17597236,44829688,6872044
15:05:57,823335,probe8,17597236,44829688,6872044
15:05:58,823335,probe8,17597240,44829688,6872040
15:05:58,823335,probe8,17597240,44829688,6872040
15:05:59,823335,probe8,17597356,44829688,6871924
15:05:59,823335,probe8,17597356,44829688,6871924
15:06:00,823335,probe8,17597360,44829688,6871920
15:06:00,823335,probe8,17597360,44829688,6871920
15:06:01,823335,probe8,17597400,44829688,6871880
15:06:01,823335,probe8,17597400,44829688,6871880
15:06:02,823335,probe8,17597624,44829688,6871656
15:06:02,823335,probe8,17597624,44829688,6871656
15:06:03,823335,probe8,17597624,44829688,6871656
15:06:03,823335,probe8,17597624,44829688,6871656
15:06:04,823335,probe8,17597628,44829688,6871652
15:06:04,823335,probe8,17597628,44829688,6871652
15:06:05,823335,probe8,17597632,44829688,6871648
15:06:05,823335,probe8,17597632,44829688,6871648
15:06:06,823335,probe8,17597632,44829688,6871648
15:06:06,823335,probe8,17597632,44829688,6871648
15:06:07,823335,probe8,17597636,44829688,6871644
15:06:07,823335,probe8,17597636,44829688,6871644
15:06:08,823335,probe8,17597640,44829688,6871640
15:06:08,823335,probe8,17597640,44829688,6871640
15:06:09,823335,probe8,17597640,44829688,6871640
15:06:09,823335,probe8,17597640,44829688,6871640
15:06:10,823335,probe8,17597640,44829688,6871640
15:06:10,823335,probe8,17597640,44829688,6871640
15:06:11,823335,probe8,17597640,44829688,6871640
15:06:11,823335,probe8,17597640,44829688,6871640
15:06:12,823335,probe8,17597644,44829688,6871636
15:06:12,823335,probe8,17597644,44829688,6871636
15:06:13,823335,probe8,17597644,44829688,6871636
15:06:13,823335,probe8,17597644,44829688,6871636
15:06:14,823335,probe8,17597644,44829688,6871636
15:06:14,823335,probe8,17597644,44829688,6871636
15:06:15,823335,probe8,17597648,44829688,6871632
15:06:15,823335,probe8,17597648,44829688,6871632
15:06:16,823335,probe8,17597648,44829688,6871632
15:06:16,823335,probe8,17597648,44829688,6871632
15:06:17,823335,probe8,17597648,44829688,6871632
15:06:17,823335,probe8,17597648,44829688,6871632
15:06:18,823335,probe8,17597652,44829688,6871628
15:06:18,823335,probe8,17597652,44829688,6871628
15:06:19,823335,probe8,17597652,44829688,6871628
15:06:19,823335,probe8,17597652,44829688,6871628
15:06:20,823335,probe8,17597692,44829688,6871588
15:06:20,823335,probe8,17597692,44829688,6871588
15:06:21,823335,probe8,17597692,44829688,6871588
15:06:21,823335,probe8,17597692,44829688,6871588
15:06:22,823335,probe8,17597692,44829688,6871588
15:06:22,823335,probe8,17597692,44829688,6871588
15:06:24,823335,probe8,17597692,44829688,6871588
15:06:24,823335,probe8,17597692,44829688,6871588
15:06:25,823335,probe8,17597696,44829688,6871584
15:06:25,823335,probe8,17597696,44829688,6871584
15:06:26,823335,probe8,17597696,44829688,6871584
15:06:26,823335,probe8,17597696,44829688,6871584
15:06:27,823335,probe8,17597696,44829688,6871584
15:06:27,823335,probe8,17597696,44829688,6871584
15:06:28,823335,probe8,17597696,44829688,6871584
15:06:28,823335,probe8,17597696,44829688,6871584
15:06:29,823335,probe8,17597696,44829688,6871584
15:06:29,823335,probe8,17597696,44829688,6871584
15:06:30,823335,probe8,17597700,44829688,6871580
15:06:30,823335,probe8,17597700,44829688,6871580
15:06:31,823335,probe8,17597700,44829688,6871580
15:06:31,823335,probe8,17597700,44829688,6871580
15:06:32,823335,probe8,17597700,44829688,6871580
15:06:32,823335,probe8,17597700,44829688,6871580
15:06:33,823335,probe8,17597700,44829688,6871580
15:06:33,823335,probe8,17597700,44829688,6871580
15:06:34,823335,probe8,17597700,44829688,6871580
15:06:34,823335,probe8,17597700,44829688,6871580
15:06:35,823335,probe8,17597700,44829688,6871580
15:06:35,823335,probe8,17597700,44829688,6871580
15:06:36,823335,probe8,17597700,44829688,6871580
15:06:36,823335,probe8,17597700,44829688,6871580
15:06:37,823335,probe8,17597700,44829688,6871580
15:06:37,823335,probe8,17597700,44829688,6871580
15:06:38,823335,probe8,17597700,44829688,6871580
15:06:38,823335,probe8,17597700,44829688,6871580
15:06:39,823335,probe8,17597716,44829688,6871564
15:06:39,823335,probe8,17597716,44829688,6871564
15:06:40,823335,probe8,17597716,44829688,6871564
15:06:40,823335,probe8,17597716,44829688,6871564
15:06:41,823335,probe8,17597716,44829688,6871564
15:06:41,823335,probe8,17597716,44829688,6871564
15:06:42,823335,probe8,17597720,44829688,6871560
15:06:42,823335,probe8,17597720,44829688,6871560
15:06:43,823335,probe8,17597720,44829688,6871560
15:06:43,823335,probe8,17597720,44829688,6871560
15:06:44,823335,probe8,17597720,44829688,6871560
15:06:44,823335,probe8,17597720,44829688,6871560
15:06:45,823335,probe8,17597720,44829688,6871560
15:06:45,823335,probe8,17597720,44829688,6871560
15:06:46,823335,probe8,17597720,44829688,6871560
15:06:46,823335,probe8,17597720,44829688,6871560
15:06:47,823335,probe8,17597724,44829688,6871556
15:06:47,823335,probe8,17597724,44829688,6871556
15:06:48,823335,probe8,17597724,44829688,6871556
15:06:48,823335,probe8,17597724,44829688,6871556
15:06:49,823335,probe8,17597724,44829688,6871556
15:06:49,823335,probe8,17597724,44829688,6871556
15:06:50,823335,probe8,17597836,44829688,6871444
15:06:50,823335,probe8,17597836,44829688,6871444
15:06:51,823335,probe8,17597836,44829688,6871444
15:06:51,823335,probe8,17597836,44829688,6871444
15:06:52,823335,probe8,17597840,44829688,6871440
15:06:52,823335,probe8,17597840,44829688,6871440
15:06:53,823335,probe8,17597840,44829688,6871440
15:06:53,823335,probe8,17597840,44829688,6871440
15:06:54,823335,probe8,17597844,44829688,6871436
15:06:54,823335,probe8,17597844,44829688,6871436
15:06:55,823335,probe8,17597844,44829688,6871436
15:06:55,823335,probe8,17597844,44829688,6871436
15:06:56,823335,probe8,17597844,44829688,6871436
15:06:56,823335,probe8,17597844,44829688,6871436
15:06:57,823335,probe8,17597848,44829688,6871432
15:06:57,823335,probe8,17597848,44829688,6871432
15:06:58,823335,probe8,17597848,44829688,6871432
15:06:58,823335,probe8,17597848,44829688,6871432
15:06:59,823335,probe8,17597848,44829688,6871432
15:06:59,823335,probe8,17597848,44829688,6871432
15:07:00,823335,probe8,17597852,44829688,6871428
15:07:00,823335,probe8,17597852,44829688,6871428
15:07:01,823335,probe8,17597852,44829688,6871428
15:07:01,823335,probe8,17597852,44829688,6871428
15:07:02,823335,probe8,17597864,44829688,6871416
15:07:02,823335,probe8,17597864,44829688,6871416
15:07:03,823335,probe8,17597868,44829688,6871412
15:07:03,823335,probe8,17597868,44829688,6871412
15:07:04,823335,probe8,17597868,44829688,6871412
15:07:04,823335,probe8,17597868,44829688,6871412
15:07:05,823335,probe8,17597868,44829688,6871412
15:07:05,823335,probe8,17597868,44829688,6871412
15:07:06,823335,probe8,17597872,44829688,6871408
15:07:06,823335,probe8,17597872,44829688,6871408
15:07:07,823335,probe8,17597872,44829688,6871408
15:07:07,823335,probe8,17597872,44829688,6871408
15:07:08,823335,probe8,17597912,44829688,6871368
15:07:08,823335,probe8,17597912,44829688,6871368
15:07:09,823335,probe8,17597916,44829688,6871364
15:07:09,823335,probe8,17597916,44829688,6871364
15:07:10,823335,probe8,17597920,44829688,6871360
15:07:10,823335,probe8,17597920,44829688,6871360
15:07:11,823335,probe8,17597960,44829688,6871320
15:07:11,823335,probe8,17597960,44829688,6871320
15:07:12,823335,probe8,17597960,44829688,6871320
15:07:12,823335,probe8,17597960,44829688,6871320
15:07:13,823335,probe8,17597972,44829688,6871308
15:07:13,823335,probe8,17597972,44829688,6871308
15:07:14,823335,probe8,17598012,44829688,6871268
15:07:14,823335,probe8,17598012,44829688,6871268
15:07:15,823335,probe8,17598016,44829688,6871264
15:07:15,823335,probe8,17598016,44829688,6871264
15:07:16,823335,probe8,17598020,44829688,6871260
15:07:16,823335,probe8,17598020,44829688,6871260
15:07:18,823335,probe8,17598020,44829688,6871260
15:07:18,823335,probe8,17598020,44829688,6871260
15:07:19,823335,probe8,17598020,44829688,6871260
15:07:19,823335,probe8,17598020,44829688,6871260
15:07:20,823335,probe8,17598024,44829688,6871256
15:07:20,823335,probe8,17598024,44829688,6871256
15:07:21,823335,probe8,17598040,44829688,6871240
15:07:21,823335,probe8,17598040,44829688,6871240
15:07:22,823335,probe8,17598040,44829688,6871240
15:07:22,823335,probe8,17598040,44829688,6871240
15:07:23,823335,probe8,17598040,44829688,6871240
15:07:23,823335,probe8,17598040,44829688,6871240
15:07:24,823335,probe8,17598040,44829688,6871240
15:07:24,823335,probe8,17598040,44829688,6871240
15:07:25,823335,probe8,17598040,44829688,6871240
15:07:25,823335,probe8,17598040,44829688,6871240
15:07:26,823335,probe8,17598044,44829688,6871236
15:07:26,823335,probe8,17598044,44829688,6871236
15:07:27,823335,probe8,17598044,44829688,6871236
15:07:27,823335,probe8,17598044,44829688,6871236
15:07:28,823335,probe8,17598056,44829688,6871224
15:07:28,823335,probe8,17598056,44829688,6871224
15:07:29,823335,probe8,17598060,44829688,6871220
15:07:29,823335,probe8,17598060,44829688,6871220
15:07:30,823335,probe8,17598592,44829688,6870688
15:07:30,823335,probe8,17598592,44829688,6870688
15:07:31,823335,probe8,17598592,44829688,6870688
15:07:31,823335,probe8,17598592,44829688,6870688
15:07:32,823335,probe8,17598592,44829688,6870688
15:07:32,823335,probe8,17598592,44829688,6870688
15:07:33,823335,probe8,17598596,44829688,6870684
15:07:33,823335,probe8,17598596,44829688,6870684
15:07:34,823335,probe8,17598848,44829688,6870432
15:07:34,823335,probe8,17598848,44829688,6870432
15:07:35,823335,probe8,17598848,44829688,6870432
15:07:35,823335,probe8,17598848,44829688,6870432
15:07:36,823335,probe8,17599284,44829688,6869996
15:07:36,823335,probe8,17599284,44829688,6869996
15:07:37,823335,probe8,17599284,44829688,6869996
15:07:37,823335,probe8,17599284,44829688,6869996
15:07:38,823335,probe8,17599284,44829688,6869996
15:07:38,823335,probe8,17599284,44829688,6869996
15:07:39,823335,probe8,17599288,44829688,6869992
15:07:39,823335,probe8,17599288,44829688,6869992
15:07:40,823335,probe8,17599288,44829688,6869992
15:07:40,823335,probe8,17599288,44829688,6869992
15:07:41,823335,probe8,17599288,44829688,6869992
15:07:41,823335,probe8,17599288,44829688,6869992
15:07:42,823335,probe8,17599292,44829688,6869988
15:07:42,823335,probe8,17599292,44829688,6869988
15:07:43,823335,probe8,17599292,44829688,6869988
15:07:43,823335,probe8,17599292,44829688,6869988
15:07:44,823335,probe8,17599292,44829688,6869988
15:07:44,823335,probe8,17599292,44829688,6869988
15:07:45,823335,probe8,17599296,44829688,6869984
15:07:45,823335,probe8,17599296,44829688,6869984
15:07:46,823335,probe8,17599296,44829688,6869984
15:07:46,823335,probe8,17599296,44829688,6869984
15:07:47,823335,probe8,17599300,44829688,6869980
15:07:47,823335,probe8,17599300,44829688,6869980
15:07:48,823335,probe8,17599300,44829688,6869980
15:07:48,823335,probe8,17599300,44829688,6869980
15:07:49,823335,probe8,17599300,44829688,6869980
15:07:49,823335,probe8,17599300,44829688,6869980
15:07:50,823335,probe8,17599300,44829688,6869980
15:07:50,823335,probe8,17599300,44829688,6869980
15:07:51,823335,probe8,17599304,44829688,6869976
15:07:51,823335,probe8,17599304,44829688,6869976
15:07:52,823335,probe8,17599304,44829688,6869976
15:07:52,823335,probe8,17599304,44829688,6869976
15:07:53,823335,probe8,17599304,44829688,6869976
15:07:53,823335,probe8,17599304,44829688,6869976
15:07:54,823335,probe8,17599304,44829688,6869976
15:07:54,823335,probe8,17599304,44829688,6869976
15:07:55,823335,probe8,17599308,44829688,6869972
15:07:55,823335,probe8,17599308,44829688,6869972
15:07:56,823335,probe8,17599308,44829688,6869972
15:07:56,823335,probe8,17599308,44829688,6869972
15:07:57,823335,probe8,17599308,44829688,6869972
15:07:57,823335,probe8,17599308,44829688,6869972
15:07:58,823335,probe8,17599308,44829688,6869972
15:07:58,823335,probe8,17599308,44829688,6869972
15:07:59,823335,probe8,17599308,44829688,6869972
15:07:59,823335,probe8,17599308,44829688,6869972
15:08:00,823335,probe8,17599308,44829688,6869972
15:08:00,823335,probe8,17599308,44829688,6869972
15:08:01,823335,probe8,17599312,44829688,6869968
15:08:01,823335,probe8,17599312,44829688,6869968
15:08:02,823335,probe8,17599312,44829688,6869968
15:08:02,823335,probe8,17599312,44829688,6869968
15:08:03,823335,probe8,17599312,44829688,6869968
15:08:03,823335,probe8,17599312,44829688,6869968
15:08:04,823335,probe8,17599320,44829688,6869960
15:08:04,823335,probe8,17599320,44829688,6869960
15:08:05,823335,probe8,17599320,44829688,6869960
15:08:05,823335,probe8,17599320,44829688,6869960
15:08:06,823335,probe8,17599320,44829688,6869960
15:08:06,823335,probe8,17599320,44829688,6869960
15:08:07,823335,probe8,17599320,44829688,6869960
15:08:07,823335,probe8,17599320,44829688,6869960
15:08:08,823335,probe8,17599320,44829688,6869960
15:08:08,823335,probe8,17599320,44829688,6869960
15:08:09,823335,probe8,17599324,44829688,6869956
15:08:09,823335,probe8,17599324,44829688,6869956
15:08:10,823335,probe8,17599324,44829688,6869956
15:08:10,823335,probe8,17599324,44829688,6869956
15:08:12,823335,probe8,17599324,44829688,6869956
15:08:12,823335,probe8,17599324,44829688,6869956
15:08:13,823335,probe8,17599328,44829688,6869952
15:08:13,823335,probe8,17599328,44829688,6869952
15:08:14,823335,probe8,17599328,44829688,6869952
15:08:14,823335,probe8,17599328,44829688,6869952
15:08:15,823335,probe8,17600252,44829688,6869028
15:08:15,823335,probe8,17600252,44829688,6869028
15:08:16,823335,probe8,17600256,44829688,6869024
15:08:16,823335,probe8,17600256,44829688,6869024
15:08:17,823335,probe8,17600256,44829688,6869024
15:08:17,823335,probe8,17600256,44829688,6869024
15:08:18,823335,probe8,17600260,44829688,6869020
15:08:18,823335,probe8,17600260,44829688,6869020
15:08:19,823335,probe8,17600260,44829688,6869020
15:08:19,823335,probe8,17600260,44829688,6869020
15:08:20,823335,probe8,17600264,44829688,6869016
15:08:20,823335,probe8,17600264,44829688,6869016
15:08:21,823335,probe8,17600264,44829688,6869016
15:08:21,823335,probe8,17600264,44829688,6869016
15:08:22,823335,probe8,17600268,44829688,6869012
15:08:22,823335,probe8,17600268,44829688,6869012
15:08:23,823335,probe8,17600268,44829688,6869012
15:08:23,823335,probe8,17600268,44829688,6869012
15:08:24,823335,probe8,17600268,44829688,6869012
15:08:24,823335,probe8,17600268,44829688,6869012
15:08:25,823335,probe8,17600268,44829688,6869012
15:08:25,823335,probe8,17600268,44829688,6869012
15:08:26,823335,probe8,17600272,44829688,6869008
15:08:26,823335,probe8,17600272,44829688,6869008
15:08:27,823335,probe8,17600272,44829688,6869008
15:08:27,823335,probe8,17600272,44829688,6869008
15:08:28,823335,probe8,17600272,44829688,6869008
15:08:28,823335,probe8,17600272,44829688,6869008
15:08:29,823335,probe8,17600276,44829688,6869004
15:08:29,823335,probe8,17600276,44829688,6869004
15:08:30,823335,probe8,17600276,44829688,6869004
15:08:30,823335,probe8,17600276,44829688,6869004
15:08:31,823335,probe8,17600448,44829688,6868832
15:08:31,823335,probe8,17600448,44829688,6868832
15:08:32,823335,probe8,17600448,44829688,6868832
15:08:32,823335,probe8,17600448,44829688,6868832
15:08:33,823335,probe8,17600448,44829688,6868832
15:08:33,823335,probe8,17600448,44829688,6868832
15:08:34,823335,probe8,17600452,44829688,6868828
15:08:34,823335,probe8,17600452,44829688,6868828
15:08:35,823335,probe8,17600904,44829688,6868376
15:08:35,823335,probe8,17600904,44829688,6868376
15:08:36,823335,probe8,17600904,44829688,6868376
15:08:36,823335,probe8,17600904,44829688,6868376
15:08:37,823335,probe8,17600908,44829688,6868372
15:08:37,823335,probe8,17600908,44829688,6868372
15:08:38,823335,probe8,17600908,44829688,6868372
15:08:38,823335,probe8,17600908,44829688,6868372
15:08:39,823335,probe8,17600912,44829688,6868368
15:08:39,823335,probe8,17600912,44829688,6868368
15:08:40,823335,probe8,17600912,44829688,6868368
15:08:40,823335,probe8,17600912,44829688,6868368
15:08:41,823335,probe8,17600912,44829688,6868368
15:08:41,823335,probe8,17600912,44829688,6868368
15:08:42,823335,probe8,17600912,44829688,6868368
15:08:42,823335,probe8,17600912,44829688,6868368
15:08:43,823335,probe8,17600932,44829688,6868348
15:08:43,823335,probe8,17600932,44829688,6868348
15:08:44,823335,probe8,17600932,44829688,6868348
15:08:44,823335,probe8,17600932,44829688,6868348
15:08:45,823335,probe8,17600932,44829688,6868348
15:08:45,823335,probe8,17600932,44829688,6868348
15:08:46,823335,probe8,17600932,44829688,6868348
15:08:46,823335,probe8,17600932,44829688,6868348
15:08:47,823335,probe8,17600932,44829688,6868348
15:08:47,823335,probe8,17600932,44829688,6868348
15:08:48,823335,probe8,17600932,44829688,6868348
15:08:48,823335,probe8,17600932,44829688,6868348
15:08:49,823335,probe8,17600932,44829688,6868348
15:08:49,823335,probe8,17600932,44829688,6868348
15:08:50,823335,probe8,17600932,44829688,6868348
15:08:50,823335,probe8,17600932,44829688,6868348
15:08:51,823335,probe8,17600932,44829688,6868348
15:08:51,823335,probe8,17600932,44829688,6868348
15:08:52,823335,probe8,17600932,44829688,6868348
15:08:52,823335,probe8,17600932,44829688,6868348
15:08:53,823335,probe8,17600936,44829688,6868344
15:08:53,823335,probe8,17600936,44829688,6868344
15:08:54,823335,probe8,17600936,44829688,6868344
15:08:54,823335,probe8,17600936,44829688,6868344
15:08:55,823335,probe8,17600936,44829688,6868344
15:08:55,823335,probe8,17600936,44829688,6868344
15:08:56,823335,probe8,17600936,44829688,6868344
15:08:56,823335,probe8,17600936,44829688,6868344
15:08:57,823335,probe8,17601440,44829688,6867840
15:08:57,823335,probe8,17601440,44829688,6867840
15:08:58,823335,probe8,17601440,44829688,6867840
15:08:58,823335,probe8,17601440,44829688,6867840
15:08:59,823335,probe8,17601444,44829688,6867836
15:08:59,823335,probe8,17601444,44829688,6867836
15:09:00,823335,probe8,17601444,44829688,6867836
15:09:00,823335,probe8,17601444,44829688,6867836
15:09:01,823335,probe8,17601444,44829688,6867836
15:09:01,823335,probe8,17601444,44829688,6867836
15:09:02,823335,probe8,17601444,44829688,6867836
15:09:02,823335,probe8,17601444,44829688,6867836
15:09:03,823335,probe8,17601444,44829688,6867836
15:09:03,823335,probe8,17601444,44829688,6867836
15:09:04,823335,probe8,17601444,44829688,6867836
15:09:04,823335,probe8,17601444,44829688,6867836
15:09:06,823335,probe8,17601448,44829688,6867832
15:09:06,823335,probe8,17601448,44829688,6867832
15:09:07,823335,probe8,17601448,44829688,6867832
15:09:07,823335,probe8,17601448,44829688,6867832
15:09:08,823335,probe8,17601448,44829688,6867832
15:09:08,823335,probe8,17601448,44829688,6867832
15:09:09,823335,probe8,17601448,44829688,6867832
15:09:09,823335,probe8,17601448,44829688,6867832
15:09:10,823335,probe8,17601452,44829688,6867828
15:09:10,823335,probe8,17601452,44829688,6867828
15:09:11,823335,probe8,17601452,44829688,6867828
15:09:11,823335,probe8,17601452,44829688,6867828
15:09:12,823335,probe8,17601452,44829688,6867828
15:09:12,823335,probe8,17601452,44829688,6867828
15:09:13,823335,probe8,17601456,44829688,6867824
15:09:13,823335,probe8,17601456,44829688,6867824
15:09:14,823335,probe8,17601456,44829688,6867824
15:09:14,823335,probe8,17601456,44829688,6867824
15:09:15,823335,probe8,17601456,44829688,6867824
15:09:15,823335,probe8,17601456,44829688,6867824
15:09:16,823335,probe8,17601460,44829688,6867820
15:09:16,823335,probe8,17601460,44829688,6867820
15:09:17,823335,probe8,17601460,44829688,6867820
15:09:17,823335,probe8,17601460,44829688,6867820
15:09:18,823335,probe8,17601464,44829688,6867816
15:09:18,823335,probe8,17601464,44829688,6867816
15:09:19,823335,probe8,17601464,44829688,6867816
15:09:19,823335,probe8,17601464,44829688,6867816
15:09:20,823335,probe8,17601464,44829688,6867816
15:09:20,823335,probe8,17601464,44829688,6867816
15:09:21,823335,probe8,17601464,44829688,6867816
15:09:21,823335,probe8,17601464,44829688,6867816
15:09:22,823335,probe8,17601464,44829688,6867816
15:09:22,823335,probe8,17601464,44829688,6867816
15:09:23,823335,probe8,17601468,44829688,6867812
15:09:23,823335,probe8,17601468,44829688,6867812
15:09:24,823335,probe8,17602708,44829688,6866572
15:09:24,823335,probe8,17602708,44829688,6866572
15:09:25,823335,probe8,17602712,44829688,6866568
15:09:25,823335,probe8,17602712,44829688,6866568
15:09:26,823335,probe8,17602712,44829688,6866568
15:09:26,823335,probe8,17602712,44829688,6866568
15:09:27,823335,probe8,17602712,44829688,6866568
15:09:27,823335,probe8,17602712,44829688,6866568
15:09:28,823335,probe8,17602716,44829688,6866564
15:09:28,823335,probe8,17602716,44829688,6866564
15:09:29,823335,probe8,17602716,44829688,6866564
15:09:29,823335,probe8,17602716,44829688,6866564
15:09:30,823335,probe8,17602716,44829688,6866564
15:09:30,823335,probe8,17602716,44829688,6866564
15:09:31,823335,probe8,17602720,44829688,6866560
15:09:31,823335,probe8,17602720,44829688,6866560
15:09:32,823335,probe8,17602720,44829688,6866560
15:09:32,823335,probe8,17602720,44829688,6866560
15:09:33,823335,probe8,17602720,44829688,6866560
15:09:33,823335,probe8,17602720,44829688,6866560
15:09:34,823335,probe8,17602720,44829688,6866560
15:09:34,823335,probe8,17602720,44829688,6866560
15:09:35,823335,probe8,17602724,44829688,6866556
15:09:35,823335,probe8,17602724,44829688,6866556
15:09:36,823335,probe8,17602724,44829688,6866556
15:09:36,823335,probe8,17602724,44829688,6866556
15:09:37,823335,probe8,17602724,44829688,6866556
15:09:37,823335,probe8,17602724,44829688,6866556
15:09:38,823335,probe8,17602724,44829688,6866556
15:09:38,823335,probe8,17602724,44829688,6866556
15:09:39,823335,probe8,17602724,44829688,6866556
15:09:39,823335,probe8,17602724,44829688,6866556
15:09:40,823335,probe8,17602724,44829688,6866556
15:09:40,823335,probe8,17602724,44829688,6866556
15:09:41,823335,probe8,17602728,44829688,6866552
15:09:41,823335,probe8,17602728,44829688,6866552
15:09:42,823335,probe8,17602728,44829688,6866552
15:09:42,823335,probe8,17602728,44829688,6866552
15:09:43,823335,probe8,17602732,44829688,6866548
15:09:43,823335,probe8,17602732,44829688,6866548
15:09:44,823335,probe8,17602732,44829688,6866548
15:09:44,823335,probe8,17602732,44829688,6866548
15:09:45,823335,probe8,17602732,44829688,6866548
15:09:45,823335,probe8,17602732,44829688,6866548
15:09:46,823335,probe8,17602732,44829688,6866548
15:09:46,823335,probe8,17602732,44829688,6866548
15:09:47,823335,probe8,17602732,44829688,6866548
15:09:47,823335,probe8,17602732,44829688,6866548
15:09:48,823335,probe8,17602736,44829688,6866544
15:09:48,823335,probe8,17602736,44829688,6866544
15:09:49,823335,probe8,17604000,44829688,6865280
15:09:49,823335,probe8,17604000,44829688,6865280
15:09:50,823335,probe8,17604004,44829688,6865276
15:09:50,823335,probe8,17604004,44829688,6865276
15:09:51,823335,probe8,17604016,44829688,6865264
15:09:51,823335,probe8,17604016,44829688,6865264
15:09:52,823335,probe8,17604016,44829688,6865264
15:09:52,823335,probe8,17604016,44829688,6865264
15:09:53,823335,probe8,17604016,44829688,6865264
15:09:53,823335,probe8,17604016,44829688,6865264
15:09:54,823335,probe8,17604016,44829688,6865264
15:09:54,823335,probe8,17604016,44829688,6865264
15:09:55,823335,probe8,17604016,44829688,6865264
15:09:55,823335,probe8,17604016,44829688,6865264
15:09:56,823335,probe8,17604020,44829688,6865260
15:09:56,823335,probe8,17604020,44829688,6865260
15:09:57,823335,probe8,17604020,44829688,6865260
15:09:57,823335,probe8,17604020,44829688,6865260
15:09:58,823335,probe8,17604124,44829688,6865156
15:09:58,823335,probe8,17604124,44829688,6865156
15:09:59,823335,probe8,17604124,44829688,6865156
15:09:59,823335,probe8,17604124,44829688,6865156
15:10:01,823335,probe8,17604124,44829688,6865156
15:10:01,823335,probe8,17604124,44829688,6865156
15:10:02,823335,probe8,17604124,44829688,6865156
15:10:02,823335,probe8,17604124,44829688,6865156
15:10:03,823335,probe8,17604124,44829688,6865156
15:10:03,823335,probe8,17604124,44829688,6865156
15:10:04,823335,probe8,17604128,44829688,6865152
15:10:04,823335,probe8,17604128,44829688,6865152
15:10:05,823335,probe8,17604128,44829688,6865152
15:10:05,823335,probe8,17604128,44829688,6865152
15:10:06,823335,probe8,17604864,44829688,6864416
15:10:06,823335,probe8,17604864,44829688,6864416
15:10:07,823335,probe8,17604868,44829688,6864412
15:10:07,823335,probe8,17604868,44829688,6864412
15:10:08,823335,probe8,17604868,44829688,6864412
15:10:08,823335,probe8,17604868,44829688,6864412
15:10:09,823335,probe8,17604872,44829688,6864408
15:10:09,823335,probe8,17604872,44829688,6864408
15:10:10,823335,probe8,17604876,44829688,6864404
15:10:10,823335,probe8,17604876,44829688,6864404
15:10:11,823335,probe8,17604876,44829688,6864404
15:10:11,823335,probe8,17604876,44829688,6864404
15:10:12,823335,probe8,17604876,44829688,6864404
15:10:12,823335,probe8,17604876,44829688,6864404
15:10:13,823335,probe8,17604876,44829688,6864404
15:10:13,823335,probe8,17604876,44829688,6864404
15:10:14,823335,probe8,17604880,44829688,6864400
15:10:14,823335,probe8,17604880,44829688,6864400
15:10:15,823335,probe8,17604884,44829688,6864396
15:10:15,823335,probe8,17604884,44829688,6864396
15:10:16,823335,probe8,17604884,44829688,6864396
15:10:16,823335,probe8,17604884,44829688,6864396
15:10:17,823335,probe8,17605516,44829688,6863764
15:10:17,823335,probe8,17605516,44829688,6863764
15:10:18,823335,probe8,17605516,44829688,6863764
15:10:18,823335,probe8,17605516,44829688,6863764
15:10:19,823335,probe8,17605520,44829688,6863760
15:10:19,823335,probe8,17605520,44829688,6863760
15:10:20,823335,probe8,17605520,44829688,6863760
15:10:20,823335,probe8,17605520,44829688,6863760
15:10:21,823335,probe8,17605520,44829688,6863760
15:10:21,823335,probe8,17605520,44829688,6863760
15:10:22,823335,probe8,17605524,44829688,6863756
15:10:22,823335,probe8,17605524,44829688,6863756
15:10:23,823335,probe8,17605524,44829688,6863756
15:10:23,823335,probe8,17605524,44829688,6863756
15:10:24,823335,probe8,17605524,44829688,6863756
15:10:24,823335,probe8,17605524,44829688,6863756
15:10:25,823335,probe8,17605528,44829688,6863752
15:10:25,823335,probe8,17605528,44829688,6863752
15:10:26,823335,probe8,17605528,44829688,6863752
15:10:26,823335,probe8,17605528,44829688,6863752
15:10:27,823335,probe8,17605532,44829688,6863748
15:10:27,823335,probe8,17605532,44829688,6863748
15:10:28,823335,probe8,17605532,44829688,6863748
15:10:28,823335,probe8,17605532,44829688,6863748
15:10:29,823335,probe8,17605532,44829688,6863748
15:10:29,823335,probe8,17605532,44829688,6863748
15:10:30,823335,probe8,17605532,44829688,6863748
15:10:30,823335,probe8,17605532,44829688,6863748
15:10:31,823335,probe8,17605532,44829688,6863748
15:10:31,823335,probe8,17605532,44829688,6863748
15:10:32,823335,probe8,17605536,44829688,6863744
15:10:32,823335,probe8,17605536,44829688,6863744
15:10:33,823335,probe8,17605536,44829688,6863744
15:10:33,823335,probe8,17605536,44829688,6863744
15:10:34,823335,probe8,17605540,44829688,6863740
15:10:34,823335,probe8,17605540,44829688,6863740
15:10:35,823335,probe8,17605540,44829688,6863740
15:10:35,823335,probe8,17605540,44829688,6863740
15:10:36,823335,probe8,17605540,44829688,6863740
15:10:36,823335,probe8,17605540,44829688,6863740
15:10:37,823335,probe8,17605544,44829688,6863736
15:10:37,823335,probe8,17605544,44829688,6863736
15:10:38,823335,probe8,17605544,44829688,6863736
15:10:38,823335,probe8,17605544,44829688,6863736
15:10:39,823335,probe8,17605544,44829688,6863736
15:10:39,823335,probe8,17605544,44829688,6863736
15:10:40,823335,probe8,17605556,44829688,6863724
15:10:40,823335,probe8,17605556,44829688,6863724
15:10:41,823335,probe8,17605556,44829688,6863724
15:10:41,823335,probe8,17605556,44829688,6863724
15:10:42,823335,probe8,17605556,44829688,6863724
15:10:42,823335,probe8,17605556,44829688,6863724
15:10:43,823335,probe8,17605556,44829688,6863724
15:10:43,823335,probe8,17605556,44829688,6863724
15:10:44,823335,probe8,17605560,44829688,6863720
15:10:44,823335,probe8,17605560,44829688,6863720
15:10:45,823335,probe8,17605560,44829688,6863720
15:10:45,823335,probe8,17605560,44829688,6863720
15:10:46,823335,probe8,17605560,44829688,6863720
15:10:46,823335,probe8,17605560,44829688,6863720
15:10:47,823335,probe8,17605564,44829688,6863716
15:10:47,823335,probe8,17605564,44829688,6863716
15:10:48,823335,probe8,17605564,44829688,6863716
15:10:48,823335,probe8,17605564,44829688,6863716
15:10:49,823335,probe8,17605564,44829688,6863716
15:10:49,823335,probe8,17605564,44829688,6863716
15:10:50,823335,probe8,17605568,44829688,6863712
15:10:50,823335,probe8,17605568,44829688,6863712
15:10:51,823335,probe8,17605568,44829688,6863712
15:10:51,823335,probe8,17605568,44829688,6863712
15:10:52,823335,probe8,17605576,44829688,6863704
15:10:52,823335,probe8,17605576,44829688,6863704
15:10:53,823335,probe8,17605576,44829688,6863704
15:10:53,823335,probe8,17605576,44829688,6863704
15:10:55,823335,probe8,17606528,44829688,6862752
15:10:55,823335,probe8,17606528,44829688,6862752
15:10:56,823335,probe8,17606536,44829688,6862744
15:10:56,823335,probe8,17606536,44829688,6862744
15:10:57,823335,probe8,17606536,44829688,6862744
15:10:57,823335,probe8,17606536,44829688,6862744
15:10:58,823335,probe8,17606540,44829688,6862740
15:10:58,823335,probe8,17606540,44829688,6862740
15:10:59,823335,probe8,17606540,44829688,6862740
15:10:59,823335,probe8,17606540,44829688,6862740
15:11:00,823335,probe8,17606544,44829688,6862736
15:11:00,823335,probe8,17606544,44829688,6862736
15:11:01,823335,probe8,17606552,44829688,6862728
15:11:01,823335,probe8,17606552,44829688,6862728
15:11:02,823335,probe8,17606576,44829688,6862704
15:11:02,823335,probe8,17606576,44829688,6862704
15:11:03,823335,probe8,17606676,44829688,6862604
15:11:03,823335,probe8,17606676,44829688,6862604
15:11:04,823335,probe8,17606776,44829688,6862504
15:11:04,823335,probe8,17606776,44829688,6862504
15:11:05,823335,probe8,17606776,44829688,6862504
15:11:05,823335,probe8,17606776,44829688,6862504
15:11:06,823335,probe8,17606872,44829688,6862408
15:11:06,823335,probe8,17606872,44829688,6862408
15:11:07,823335,probe8,17606876,44829688,6862404
15:11:07,823335,probe8,17606876,44829688,6862404
15:11:08,823335,probe8,17606876,44829688,6862404
15:11:08,823335,probe8,17606876,44829688,6862404
15:11:09,823335,probe8,17606880,44829688,6862400
15:11:09,823335,probe8,17606880,44829688,6862400
15:11:10,823335,probe8,17606880,44829688,6862400
15:11:10,823335,probe8,17606880,44829688,6862400
15:11:11,823335,probe8,17606936,44829688,6862344
15:11:11,823335,probe8,17606936,44829688,6862344
15:11:12,823335,probe8,17606936,44829688,6862344
15:11:12,823335,probe8,17606936,44829688,6862344
15:11:13,823335,probe8,17606940,44829688,6862340
15:11:13,823335,probe8,17606940,44829688,6862340
15:11:14,823335,probe8,17606940,44829688,6862340
15:11:14,823335,probe8,17606940,44829688,6862340
15:11:15,823335,probe8,17606940,44829688,6862340
15:11:15,823335,probe8,17606940,44829688,6862340
15:11:16,823335,probe8,17607444,44829688,6861836
15:11:16,823335,probe8,17607444,44829688,6861836
15:11:17,823335,probe8,17607444,44829688,6861836
15:11:17,823335,probe8,17607444,44829688,6861836
15:11:18,823335,probe8,17607444,44829688,6861836
15:11:18,823335,probe8,17607444,44829688,6861836
15:11:19,823335,probe8,17607444,44829688,6861836
15:11:19,823335,probe8,17607444,44829688,6861836
15:11:20,823335,probe8,17607444,44829688,6861836
15:11:20,823335,probe8,17607444,44829688,6861836
15:11:21,823335,probe8,17607444,44829688,6861836
15:11:21,823335,probe8,17607444,44829688,6861836
15:11:22,823335,probe8,17607444,44829688,6861836
15:11:22,823335,probe8,17607444,44829688,6861836
15:11:23,823335,probe8,17607444,44829688,6861836
15:11:23,823335,probe8,17607444,44829688,6861836
15:11:24,823335,probe8,17607444,44829688,6861836
15:11:24,823335,probe8,17607444,44829688,6861836
15:11:25,823335,probe8,17607448,44829688,6861832
15:11:25,823335,probe8,17607448,44829688,6861832
15:11:26,823335,probe8,17607448,44829688,6861832
15:11:26,823335,probe8,17607448,44829688,6861832
15:11:27,823335,probe8,17607448,44829688,6861832
15:11:27,823335,probe8,17607448,44829688,6861832
15:11:28,823335,probe8,17607448,44829688,6861832
15:11:28,823335,probe8,17607448,44829688,6861832
15:11:29,823335,probe8,17608036,44829688,6861244
15:11:29,823335,probe8,17608036,44829688,6861244
15:11:30,823335,probe8,17608036,44829688,6861244
15:11:30,823335,probe8,17608036,44829688,6861244
15:11:31,823335,probe8,17608036,44829688,6861244
15:11:31,823335,probe8,17608036,44829688,6861244
15:11:32,823335,probe8,17608040,44829688,6861240
15:11:32,823335,probe8,17608040,44829688,6861240
15:11:33,823335,probe8,17608040,44829688,6861240
15:11:33,823335,probe8,17608040,44829688,6861240
15:11:34,823335,probe8,17608040,44829688,6861240
15:11:34,823335,probe8,17608040,44829688,6861240
15:11:35,823335,probe8,17608040,44829688,6861240
15:11:35,823335,probe8,17608040,44829688,6861240
15:11:36,823335,probe8,17608040,44829688,6861240
15:11:36,823335,probe8,17608040,44829688,6861240
15:11:37,823335,probe8,17608040,44829688,6861240
15:11:37,823335,probe8,17608040,44829688,6861240
15:11:38,823335,probe8,17608044,44829688,6861236
15:11:38,823335,probe8,17608044,44829688,6861236
15:11:39,823335,probe8,17608292,44829688,6860988
15:11:39,823335,probe8,17608292,44829688,6860988
15:11:40,823335,probe8,17608292,44829688,6860988
15:11:40,823335,probe8,17608292,44829688,6860988
15:11:41,823335,probe8,17608292,44829688,6860988
15:11:41,823335,probe8,17608292,44829688,6860988
15:11:42,823335,probe8,17608292,44829688,6860988
15:11:42,823335,probe8,17608292,44829688,6860988
15:11:43,823335,probe8,17608296,44829688,6860984
15:11:43,823335,probe8,17608296,44829688,6860984
15:11:44,823335,probe8,17608296,44829688,6860984
15:11:44,823335,probe8,17608296,44829688,6860984
15:11:45,823335,probe8,17608296,44829688,6860984
15:11:45,823335,probe8,17608296,44829688,6860984
15:11:46,823335,probe8,17608296,44829688,6860984
15:11:46,823335,probe8,17608296,44829688,6860984
15:11:47,823335,probe8,17608296,44829688,6860984
15:11:47,823335,probe8,17608296,44829688,6860984
15:11:49,823335,probe8,17608296,44829688,6860984
15:11:49,823335,probe8,17608296,44829688,6860984
15:11:50,823335,probe8,17608296,44829688,6860984
15:11:50,823335,probe8,17608296,44829688,6860984
15:11:51,823335,probe8,17608300,44829688,6860980
15:11:51,823335,probe8,17608300,44829688,6860980
15:11:52,823335,probe8,17608300,44829688,6860980
15:11:52,823335,probe8,17608300,44829688,6860980
15:11:53,823335,probe8,17608300,44829688,6860980
15:11:53,823335,probe8,17608300,44829688,6860980
15:11:54,823335,probe8,17608348,44829688,6860932
15:11:54,823335,probe8,17608348,44829688,6860932
15:11:55,823335,probe8,17608348,44829688,6860932
15:11:55,823335,probe8,17608348,44829688,6860932
15:11:56,823335,probe8,17608348,44829688,6860932
15:11:56,823335,probe8,17608348,44829688,6860932
15:11:57,823335,probe8,17608348,44829688,6860932
15:11:57,823335,probe8,17608348,44829688,6860932
15:11:58,823335,probe8,17608352,44829688,6860928
15:11:58,823335,probe8,17608352,44829688,6860928
15:11:59,823335,probe8,17608352,44829688,6860928
15:11:59,823335,probe8,17608352,44829688,6860928
15:12:00,823335,probe8,17608352,44829688,6860928
15:12:00,823335,probe8,17608352,44829688,6860928
15:12:01,823335,probe8,17608360,44829688,6860920
15:12:01,823335,probe8,17608360,44829688,6860920
15:12:02,823335,probe8,17608612,44829688,6860668
15:12:02,823335,probe8,17608612,44829688,6860668
15:12:03,823335,probe8,17608612,44829688,6860668
15:12:03,823335,probe8,17608612,44829688,6860668
15:12:04,823335,probe8,17608612,44829688,6860668
15:12:04,823335,probe8,17608612,44829688,6860668
15:12:05,823335,probe8,17608616,44829688,6860664
15:12:05,823335,probe8,17608616,44829688,6860664
15:12:06,823335,probe8,17608616,44829688,6860664
15:12:06,823335,probe8,17608616,44829688,6860664
15:12:07,823335,probe8,17608840,44829688,6860440
15:12:07,823335,probe8,17608840,44829688,6860440
15:12:08,823335,probe8,17608844,44829688,6860436
15:12:08,823335,probe8,17608844,44829688,6860436
15:12:09,823335,probe8,17608844,44829688,6860436
15:12:09,823335,probe8,17608844,44829688,6860436
15:12:10,823335,probe8,17608844,44829688,6860436
15:12:10,823335,probe8,17608844,44829688,6860436
15:12:11,823335,probe8,17608844,44829688,6860436
15:12:11,823335,probe8,17608844,44829688,6860436
15:12:12,823335,probe8,17608844,44829688,6860436
15:12:12,823335,probe8,17608844,44829688,6860436
15:12:13,823335,probe8,17608848,44829688,6860432
15:12:13,823335,probe8,17608848,44829688,6860432
15:12:14,823335,probe8,17608848,44829688,6860432
15:12:14,823335,probe8,17608848,44829688,6860432
15:12:15,823335,probe8,17608848,44829688,6860432
15:12:15,823335,probe8,17608848,44829688,6860432
15:12:16,823335,probe8,17608852,44829688,6860428
15:12:16,823335,probe8,17608852,44829688,6860428
15:12:17,823335,probe8,17608852,44829688,6860428
15:12:17,823335,probe8,17608852,44829688,6860428
15:12:18,823335,probe8,17608852,44829688,6860428
15:12:18,823335,probe8,17608852,44829688,6860428
15:12:19,823335,probe8,17608852,44829688,6860428
15:12:19,823335,probe8,17608852,44829688,6860428
15:12:20,823335,probe8,17608856,44829688,6860424
15:12:20,823335,probe8,17608856,44829688,6860424
15:12:21,823335,probe8,17608856,44829688,6860424
15:12:21,823335,probe8,17608856,44829688,6860424
15:12:22,823335,probe8,17608856,44829688,6860424
15:12:22,823335,probe8,17608856,44829688,6860424
15:12:23,823335,probe8,17609364,44829688,6859916
15:12:23,823335,probe8,17609364,44829688,6859916
15:12:24,823335,probe8,17609364,44829688,6859916
15:12:24,823335,probe8,17609364,44829688,6859916
15:12:25,823335,probe8,17609364,44829688,6859916
15:12:25,823335,probe8,17609364,44829688,6859916
15:12:26,823335,probe8,17609364,44829688,6859916
15:12:26,823335,probe8,17609364,44829688,6859916
15:12:27,823335,probe8,17609368,44829688,6859912
15:12:27,823335,probe8,17609368,44829688,6859912
15:12:28,823335,probe8,17609372,44829688,6859908
15:12:28,823335,probe8,17609372,44829688,6859908
15:12:29,823335,probe8,17609372,44829688,6859908
15:12:29,823335,probe8,17609372,44829688,6859908
15:12:30,823335,probe8,17609376,44829688,6859904
15:12:30,823335,probe8,17609376,44829688,6859904
15:12:31,823335,probe8,17609376,44829688,6859904
15:12:31,823335,probe8,17609376,44829688,6859904
15:12:32,823335,probe8,17609376,44829688,6859904
15:12:32,823335,probe8,17609376,44829688,6859904
15:12:33,823335,probe8,17609376,44829688,6859904
15:12:33,823335,probe8,17609376,44829688,6859904
15:12:34,823335,probe8,17609380,44829688,6859900
15:12:34,823335,probe8,17609380,44829688,6859900
15:12:35,823335,probe8,17609384,44829688,6859896
15:12:35,823335,probe8,17609384,44829688,6859896
15:12:36,823335,probe8,17609384,44829688,6859896
15:12:36,823335,probe8,17609384,44829688,6859896
15:12:37,823335,probe8,17609384,44829688,6859896
15:12:37,823335,probe8,17609384,44829688,6859896
15:12:38,823335,probe8,17609396,44829688,6859884
15:12:38,823335,probe8,17609396,44829688,6859884
15:12:39,823335,probe8,17609396,44829688,6859884
15:12:39,823335,probe8,17609396,44829688,6859884
15:12:40,823335,probe8,17609396,44829688,6859884
15:12:40,823335,probe8,17609396,44829688,6859884
15:12:41,823335,probe8,17609396,44829688,6859884
15:12:41,823335,probe8,17609396,44829688,6859884
15:12:42,823335,probe8,17609400,44829688,6859880
15:12:42,823335,probe8,17609400,44829688,6859880
15:12:44,823335,probe8,17609400,44829688,6859880
15:12:44,823335,probe8,17609400,44829688,6859880
15:12:45,823335,probe8,17609400,44829688,6859880
15:12:45,823335,probe8,17609400,44829688,6859880
15:12:46,823335,probe8,17609400,44829688,6859880
15:12:46,823335,probe8,17609400,44829688,6859880
15:12:47,823335,probe8,17609412,44829688,6859868
15:12:47,823335,probe8,17609412,44829688,6859868
15:12:48,823335,probe8,17609412,44829688,6859868
15:12:48,823335,probe8,17609412,44829688,6859868
15:12:49,823335,probe8,17609412,44829688,6859868
15:12:49,823335,probe8,17609412,44829688,6859868
15:12:50,823335,probe8,17609416,44829688,6859864
15:12:50,823335,probe8,17609416,44829688,6859864
15:12:51,823335,probe8,17609416,44829688,6859864
15:12:51,823335,probe8,17609416,44829688,6859864
15:12:52,823335,probe8,17609416,44829688,6859864
15:12:52,823335,probe8,17609416,44829688,6859864
15:12:53,823335,probe8,17609416,44829688,6859864
15:12:53,823335,probe8,17609416,44829688,6859864
15:12:54,823335,probe8,17609416,44829688,6859864
15:12:54,823335,probe8,17609416,44829688,6859864
15:12:55,823335,probe8,17609420,44829688,6859860
15:12:55,823335,probe8,17609420,44829688,6859860
15:12:56,823335,probe8,17609420,44829688,6859860
15:12:56,823335,probe8,17609420,44829688,6859860
15:12:57,823335,probe8,17609420,44829688,6859860
15:12:57,823335,probe8,17609420,44829688,6859860
15:12:58,823335,probe8,17609420,44829688,6859860
15:12:58,823335,probe8,17609420,44829688,6859860
15:12:59,823335,probe8,17609420,44829688,6859860
15:12:59,823335,probe8,17609420,44829688,6859860
15:13:00,823335,probe8,17609420,44829688,6859860
15:13:00,823335,probe8,17609420,44829688,6859860
15:13:01,823335,probe8,18001148,44829688,6467124
15:13:01,823335,probe8,18001148,44829688,6467124
15:13:02,823335,probe8,17172372,44829688,6186912
15:13:02,823335,probe8,17172372,44829688,6186896
15:14:39,869168,probe8,6360,6360,0
15:14:40,869168,probe8,6360,6360,0
15:14:41,869168,probe8,6360,6360,0
15:14:42,869168,probe8,6360,6360,0
15:14:43,869168,probe8,6360,6360,0
15:14:44,869168,probe8,6360,6360,0
15:14:45,869168,probe8,6360,6360,0
15:14:46,869168,probe8,6360,6360,0
15:43:51,908873,probe8,6376,6376,0
15:43:52,908873,probe8,6376,6376,0
15:43:53,908873,probe8,6376,6376,0
15:43:54,908873,probe8,6376,6376,0
15:43:55,908873,probe8,6376,6376,0
15:43:56,908873,probe8,6376,6376,0
