1123938 execve("/home/zhuran24/zmd-research-fresh/\346\261\202\350\247\243\345\231\250/target/health0ab1115661/kernel", ["/home/zhuran24/zmd-research-fresh/\346\261\202\350\247\243\345\231\250/target/health0ab1115661/kernel", "run", "/tmp/kernel-health-20260923-_5s65pp9/\346\261\202\350\247\243\345\231\250/\346\225\260\346\215\256/\346\240\267\344\276\213/\347\224\237\344\272\247\345\276\252\347\216\257\347\216\257\345\270\246.json", "--config", "/tmp/kernel-health-20260923-_5s65pp9/\346\261\202\350\247\243\345\231\250/\350\247\204\346\240\274/\345\206\205\346\240\270\351\205\215\347\275\256-v1.json", "--ticks", "20", "--max-sweeps", "1", "--out", "/home/zhuran24/zmd-research-fresh/\346\261\202\350\247\243\345\231\250/target/health-capture/continuation-20260923-v2/cases/run-stopped/artifacts/run-stopped.json"], 0x7ffcfd301198 /* 135 vars */) = 0
1123938 openat(AT_FDCWD</tmp/kernel-health-20260923-_5s65pp9/\346\261\202\350\247\243\345\231\250>, "/etc/ld.so.cache", O_RDONLY|O_CLOEXEC) = 3</etc/ld.so.cache>
1123938 openat(AT_FDCWD</tmp/kernel-health-20260923-_5s65pp9/\346\261\202\350\247\243\345\231\250>, "/usr/lib/libgcc_s.so.1", O_RDONLY|O_CLOEXEC) = 3</usr/lib/libgcc_s.so.1>
1123938 openat(AT_FDCWD</tmp/kernel-health-20260923-_5s65pp9/\346\261\202\350\247\243\345\231\250>, "/usr/lib/libc.so.6", O_RDONLY|O_CLOEXEC) = 3</usr/lib/libc.so.6>
1123938 openat(AT_FDCWD</tmp/kernel-health-20260923-_5s65pp9/\346\261\202\350\247\243\345\231\250>, "/proc/self/maps", O_RDONLY|O_CLOEXEC) = 3</proc/1123938/maps>
1123938 openat(AT_FDCWD</tmp/kernel-health-20260923-_5s65pp9/\346\261\202\350\247\243\345\231\250>, "/tmp/kernel-health-20260923-_5s65pp9/\346\261\202\350\247\243\345\231\250/\350\247\204\346\240\274/\345\206\205\346\240\270\351\205\215\347\275\256-v1.json", O_RDONLY|O_CLOEXEC) = 3</tmp/kernel-health-20260923-_5s65pp9/\346\261\202\350\247\243\345\231\250/\350\247\204\346\240\274/\345\206\205\346\240\270\351\205\215\347\275\256-v1.json>
1123938 openat(AT_FDCWD</tmp/kernel-health-20260923-_5s65pp9/\346\261\202\350\247\243\345\231\250>, "/tmp/kernel-health-20260923-_5s65pp9/\346\261\202\350\247\243\345\231\250/\346\225\260\346\215\256/\346\240\267\344\276\213/\347\224\237\344\272\247\345\276\252\347\216\257\347\216\257\345\270\246.json", O_RDONLY|O_CLOEXEC) = 3</tmp/kernel-health-20260923-_5s65pp9/\346\261\202\350\247\243\345\231\250/\346\225\260\346\215\256/\346\240\267\344\276\213/\347\224\237\344\272\247\345\276\252\347\216\257\347\216\257\345\270\246.json>
1123938 openat(AT_FDCWD</tmp/kernel-health-20260923-_5s65pp9/\346\261\202\350\247\243\345\231\250>, "/dev/null", O_RDONLY|O_CLOEXEC) = 3</dev/null<char 1:3>>
1123939 execve("/home/zhuran24/.codex/tmp/arg0/codex-arg07mihkU/sha256sum", ["sha256sum", "--", "/tmp/kernel-health-20260923-_5s65pp9/\346\261\202\350\247\243\345\231\250/\346\225\260\346\215\256/\346\255\243\345\274\217\351\235\231\346\200\201\347\233\256\345\275\225.json"], 0x7ffef62f4cb8 /* 135 vars */) = -1 ENOENT (No such file or directory)
1123939 execve("/home/zhuran24/.cargo/bin/sha256sum", ["sha256sum", "--", "/tmp/kernel-health-20260923-_5s65pp9/\346\261\202\350\247\243\345\231\250/\346\225\260\346\215\256/\346\255\243\345\274\217\351\235\231\346\200\201\347\233\256\345\275\225.json"], 0x7ffef62f4cb8 /* 135 vars */) = -1 ENOENT (No such file or directory)
1123939 execve("/home/zhuran24/.local/bin/sha256sum", ["sha256sum", "--", "/tmp/kernel-health-20260923-_5s65pp9/\346\261\202\350\247\243\345\231\250/\346\225\260\346\215\256/\346\255\243\345\274\217\351\235\231\346\200\201\347\233\256\345\275\225.json"], 0x7ffef62f4cb8 /* 135 vars */) = -1 ENOENT (No such file or directory)
1123939 execve("/home/zhuran24/.opencode/bin/sha256sum", ["sha256sum", "--", "/tmp/kernel-health-20260923-_5s65pp9/\346\261\202\350\247\243\345\231\250/\346\225\260\346\215\256/\346\255\243\345\274\217\351\235\231\346\200\201\347\233\256\345\275\225.json"], 0x7ffef62f4cb8 /* 135 vars */) = -1 ENOENT (No such file or directory)
1123939 execve("/usr/local/bin/sha256sum", ["sha256sum", "--", "/tmp/kernel-health-20260923-_5s65pp9/\346\261\202\350\247\243\345\231\250/\346\225\260\346\215\256/\346\255\243\345\274\217\351\235\231\346\200\201\347\233\256\345\275\225.json"], 0x7ffef62f4cb8 /* 135 vars */) = -1 ENOENT (No such file or directory)
1123939 execve("/usr/bin/sha256sum", ["sha256sum", "--", "/tmp/kernel-health-20260923-_5s65pp9/\346\261\202\350\247\243\345\231\250/\346\225\260\346\215\256/\346\255\243\345\274\217\351\235\231\346\200\201\347\233\256\345\275\225.json"], 0x7ffef62f4cb8 /* 135 vars */) = 0
1123939 openat(AT_FDCWD</tmp/kernel-health-20260923-_5s65pp9/\346\261\202\350\247\243\345\231\250>, "/etc/ld.so.cache", O_RDONLY|O_CLOEXEC) = 3</etc/ld.so.cache>
1123939 openat(AT_FDCWD</tmp/kernel-health-20260923-_5s65pp9/\346\261\202\350\247\243\345\231\250>, "/usr/lib/libcrypto.so.3", O_RDONLY|O_CLOEXEC) = 3</usr/lib/libcrypto.so.3>
1123939 openat(AT_FDCWD</tmp/kernel-health-20260923-_5s65pp9/\346\261\202\350\247\243\345\231\250>, "/usr/lib/libc.so.6", O_RDONLY|O_CLOEXEC) = 3</usr/lib/libc.so.6>
1123939 openat(AT_FDCWD</tmp/kernel-health-20260923-_5s65pp9/\346\261\202\350\247\243\345\231\250>, "/usr/lib/libz.so.1", O_RDONLY|O_CLOEXEC) = 3</usr/lib/libz.so.1.3.1.zlib-ng>
1123939 openat(AT_FDCWD</tmp/kernel-health-20260923-_5s65pp9/\346\261\202\350\247\243\345\231\250>, "/usr/lib/libbrotlienc.so.1", O_RDONLY|O_CLOEXEC) = 3</usr/lib/libbrotlienc.so.1.2.0>
1123939 openat(AT_FDCWD</tmp/kernel-health-20260923-_5s65pp9/\346\261\202\350\247\243\345\231\250>, "/usr/lib/libbrotlidec.so.1", O_RDONLY|O_CLOEXEC) = 3</usr/lib/libbrotlidec.so.1.2.0>
1123939 openat(AT_FDCWD</tmp/kernel-health-20260923-_5s65pp9/\346\261\202\350\247\243\345\231\250>, "/usr/lib/libzstd.so.1", O_RDONLY|O_CLOEXEC) = 3</usr/lib/libzstd.so.1.5.7>
1123939 openat(AT_FDCWD</tmp/kernel-health-20260923-_5s65pp9/\346\261\202\350\247\243\345\231\250>, "/usr/lib/libm.so.6", O_RDONLY|O_CLOEXEC) = 3</usr/lib/libm.so.6>
1123939 openat(AT_FDCWD</tmp/kernel-health-20260923-_5s65pp9/\346\261\202\350\247\243\345\231\250>, "/usr/lib/libbrotlicommon.so.1", O_RDONLY|O_CLOEXEC) = 3</usr/lib/libbrotlicommon.so.1.2.0>
1123939 openat(AT_FDCWD</tmp/kernel-health-20260923-_5s65pp9/\346\261\202\350\247\243\345\231\250>, "/usr/lib/locale/locale-archive", O_RDONLY|O_CLOEXEC) = 3</usr/lib/locale/locale-archive>
1123939 openat(AT_FDCWD</tmp/kernel-health-20260923-_5s65pp9/\346\261\202\350\247\243\345\231\250>, "/usr/share/locale/locale.alias", O_RDONLY|O_CLOEXEC) = 3</usr/share/locale/locale.alias>
1123939 openat(AT_FDCWD</tmp/kernel-health-20260923-_5s65pp9/\346\261\202\350\247\243\345\231\250>, "/usr/lib/locale/C.UTF-8/LC_IDENTIFICATION", O_RDONLY|O_CLOEXEC) = -1 ENOENT (No such file or directory)
1123939 openat(AT_FDCWD</tmp/kernel-health-20260923-_5s65pp9/\346\261\202\350\247\243\345\231\250>, "/usr/lib/locale/C.utf8/LC_IDENTIFICATION", O_RDONLY|O_CLOEXEC) = 3</usr/lib/locale/C.utf8/LC_IDENTIFICATION>
1123939 openat(AT_FDCWD</tmp/kernel-health-20260923-_5s65pp9/\346\261\202\350\247\243\345\231\250>, "/usr/lib/gconv/gconv-modules.cache", O_RDONLY|O_CLOEXEC) = 3</usr/lib/gconv/gconv-modules.cache>
1123939 openat(AT_FDCWD</tmp/kernel-health-20260923-_5s65pp9/\346\261\202\350\247\243\345\231\250>, "/usr/lib/locale/C.UTF-8/LC_MEASUREMENT", O_RDONLY|O_CLOEXEC) = -1 ENOENT (No such file or directory)
1123939 openat(AT_FDCWD</tmp/kernel-health-20260923-_5s65pp9/\346\261\202\350\247\243\345\231\250>, "/usr/lib/locale/C.utf8/LC_MEASUREMENT", O_RDONLY|O_CLOEXEC) = 3</usr/lib/locale/C.utf8/LC_MEASUREMENT>
1123939 openat(AT_FDCWD</tmp/kernel-health-20260923-_5s65pp9/\346\261\202\350\247\243\345\231\250>, "/usr/lib/locale/C.UTF-8/LC_TELEPHONE", O_RDONLY|O_CLOEXEC) = -1 ENOENT (No such file or directory)
1123939 openat(AT_FDCWD</tmp/kernel-health-20260923-_5s65pp9/\346\261\202\350\247\243\345\231\250>, "/usr/lib/locale/C.utf8/LC_TELEPHONE", O_RDONLY|O_CLOEXEC) = 3</usr/lib/locale/C.utf8/LC_TELEPHONE>
1123939 openat(AT_FDCWD</tmp/kernel-health-20260923-_5s65pp9/\346\261\202\350\247\243\345\231\250>, "/usr/lib/locale/C.UTF-8/LC_ADDRESS", O_RDONLY|O_CLOEXEC) = -1 ENOENT (No such file or directory)
1123939 openat(AT_FDCWD</tmp/kernel-health-20260923-_5s65pp9/\346\261\202\350\247\243\345\231\250>, "/usr/lib/locale/C.utf8/LC_ADDRESS", O_RDONLY|O_CLOEXEC) = 3</usr/lib/locale/C.utf8/LC_ADDRESS>
1123939 openat(AT_FDCWD</tmp/kernel-health-20260923-_5s65pp9/\346\261\202\350\247\243\345\231\250>, "/usr/lib/locale/C.UTF-8/LC_NAME", O_RDONLY|O_CLOEXEC) = -1 ENOENT (No such file or directory)
1123939 openat(AT_FDCWD</tmp/kernel-health-20260923-_5s65pp9/\346\261\202\350\247\243\345\231\250>, "/usr/lib/locale/C.utf8/LC_NAME", O_RDONLY|O_CLOEXEC) = 3</usr/lib/locale/C.utf8/LC_NAME>
1123939 openat(AT_FDCWD</tmp/kernel-health-20260923-_5s65pp9/\346\261\202\350\247\243\345\231\250>, "/usr/lib/locale/C.UTF-8/LC_PAPER", O_RDONLY|O_CLOEXEC) = -1 ENOENT (No such file or directory)
1123939 openat(AT_FDCWD</tmp/kernel-health-20260923-_5s65pp9/\346\261\202\350\247\243\345\231\250>, "/usr/lib/locale/C.utf8/LC_PAPER", O_RDONLY|O_CLOEXEC) = 3</usr/lib/locale/C.utf8/LC_PAPER>
1123939 openat(AT_FDCWD</tmp/kernel-health-20260923-_5s65pp9/\346\261\202\350\247\243\345\231\250>, "/usr/lib/locale/C.UTF-8/LC_MESSAGES", O_RDONLY|O_CLOEXEC) = -1 ENOENT (No such file or directory)
1123939 openat(AT_FDCWD</tmp/kernel-health-20260923-_5s65pp9/\346\261\202\350\247\243\345\231\250>, "/usr/lib/locale/C.utf8/LC_MESSAGES", O_RDONLY|O_CLOEXEC) = 3</usr/lib/locale/C.utf8/LC_MESSAGES>
1123939 openat(AT_FDCWD</tmp/kernel-health-20260923-_5s65pp9/\346\261\202\350\247\243\345\231\250>, "/usr/lib/locale/C.utf8/LC_MESSAGES/SYS_LC_MESSAGES", O_RDONLY|O_CLOEXEC) = 3</usr/lib/locale/C.utf8/LC_MESSAGES/SYS_LC_MESSAGES>
1123939 openat(AT_FDCWD</tmp/kernel-health-20260923-_5s65pp9/\346\261\202\350\247\243\345\231\250>, "/usr/lib/locale/C.UTF-8/LC_MONETARY", O_RDONLY|O_CLOEXEC) = -1 ENOENT (No such file or directory)
1123939 openat(AT_FDCWD</tmp/kernel-health-20260923-_5s65pp9/\346\261\202\350\247\243\345\231\250>, "/usr/lib/locale/C.utf8/LC_MONETARY", O_RDONLY|O_CLOEXEC) = 3</usr/lib/locale/C.utf8/LC_MONETARY>
1123939 openat(AT_FDCWD</tmp/kernel-health-20260923-_5s65pp9/\346\261\202\350\247\243\345\231\250>, "/usr/lib/locale/C.UTF-8/LC_COLLATE", O_RDONLY|O_CLOEXEC) = -1 ENOENT (No such file or directory)
1123939 openat(AT_FDCWD</tmp/kernel-health-20260923-_5s65pp9/\346\261\202\350\247\243\345\231\250>, "/usr/lib/locale/C.utf8/LC_COLLATE", O_RDONLY|O_CLOEXEC) = 3</usr/lib/locale/C.utf8/LC_COLLATE>
1123939 openat(AT_FDCWD</tmp/kernel-health-20260923-_5s65pp9/\346\261\202\350\247\243\345\231\250>, "/usr/lib/locale/C.UTF-8/LC_TIME", O_RDONLY|O_CLOEXEC) = -1 ENOENT (No such file or directory)
1123939 openat(AT_FDCWD</tmp/kernel-health-20260923-_5s65pp9/\346\261\202\350\247\243\345\231\250>, "/usr/lib/locale/C.utf8/LC_TIME", O_RDONLY|O_CLOEXEC) = 3</usr/lib/locale/C.utf8/LC_TIME>
1123939 openat(AT_FDCWD</tmp/kernel-health-20260923-_5s65pp9/\346\261\202\350\247\243\345\231\250>, "/usr/lib/locale/C.UTF-8/LC_NUMERIC", O_RDONLY|O_CLOEXEC) = -1 ENOENT (No such file or directory)
1123939 openat(AT_FDCWD</tmp/kernel-health-20260923-_5s65pp9/\346\261\202\350\247\243\345\231\250>, "/usr/lib/locale/C.utf8/LC_NUMERIC", O_RDONLY|O_CLOEXEC) = 3</usr/lib/locale/C.utf8/LC_NUMERIC>
1123939 openat(AT_FDCWD</tmp/kernel-health-20260923-_5s65pp9/\346\261\202\350\247\243\345\231\250>, "/usr/lib/locale/C.UTF-8/LC_CTYPE", O_RDONLY|O_CLOEXEC) = -1 ENOENT (No such file or directory)
1123939 openat(AT_FDCWD</tmp/kernel-health-20260923-_5s65pp9/\346\261\202\350\247\243\345\231\250>, "/usr/lib/locale/C.utf8/LC_CTYPE", O_RDONLY|O_CLOEXEC) = 3</usr/lib/locale/C.utf8/LC_CTYPE>
1123939 openat(AT_FDCWD</tmp/kernel-health-20260923-_5s65pp9/\346\261\202\350\247\243\345\231\250>, "/tmp/kernel-health-20260923-_5s65pp9/\346\261\202\350\247\243\345\231\250/\346\225\260\346\215\256/\346\255\243\345\274\217\351\235\231\346\200\201\347\233\256\345\275\225.json", O_RDONLY) = 3</tmp/kernel-health-20260923-_5s65pp9/\346\261\202\350\247\243\345\231\250/\346\225\260\346\215\256/\346\255\243\345\274\217\351\235\231\346\200\201\347\233\256\345\275\225.json>
1123938 --- SIGCHLD {si_signo=SIGCHLD, si_code=CLD_EXITED, si_pid=1123939, si_uid=1000, si_status=0, si_utime=0, si_stime=0} ---
1123938 openat(AT_FDCWD</tmp/kernel-health-20260923-_5s65pp9/\346\261\202\350\247\243\345\231\250>, "/tmp/kernel-health-20260923-_5s65pp9/\346\261\202\350\247\243\345\231\250/\346\225\260\346\215\256/\346\255\243\345\274\217\351\235\231\346\200\201\347\233\256\345\275\225.json", O_RDONLY|O_CLOEXEC) = 3</tmp/kernel-health-20260923-_5s65pp9/\346\261\202\350\247\243\345\231\250/\346\225\260\346\215\256/\346\255\243\345\274\217\351\235\231\346\200\201\347\233\256\345\275\225.json>
1123938 openat(AT_FDCWD</tmp/kernel-health-20260923-_5s65pp9/\346\261\202\350\247\243\345\231\250>, "/dev/null", O_RDONLY|O_CLOEXEC) = 3</dev/null<char 1:3>>
1123940 execve("/home/zhuran24/.codex/tmp/arg0/codex-arg07mihkU/sha256sum", ["sha256sum", "--", "/tmp/kernel-health-20260923-_5s65pp9/\346\261\202\350\247\243\345\231\250/\346\225\260\346\215\256/\346\255\243\345\274\217\351\235\231\346\200\201\347\233\256\345\275\225.json"], 0x7ffef62f4cb8 /* 135 vars */) = -1 ENOENT (No such file or directory)
1123940 execve("/home/zhuran24/.cargo/bin/sha256sum", ["sha256sum", "--", "/tmp/kernel-health-20260923-_5s65pp9/\346\261\202\350\247\243\345\231\250/\346\225\260\346\215\256/\346\255\243\345\274\217\351\235\231\346\200\201\347\233\256\345\275\225.json"], 0x7ffef62f4cb8 /* 135 vars */) = -1 ENOENT (No such file or directory)
1123940 execve("/home/zhuran24/.local/bin/sha256sum", ["sha256sum", "--", "/tmp/kernel-health-20260923-_5s65pp9/\346\261\202\350\247\243\345\231\250/\346\225\260\346\215\256/\346\255\243\345\274\217\351\235\231\346\200\201\347\233\256\345\275\225.json"], 0x7ffef62f4cb8 /* 135 vars */) = -1 ENOENT (No such file or directory)
1123940 execve("/home/zhuran24/.opencode/bin/sha256sum", ["sha256sum", "--", "/tmp/kernel-health-20260923-_5s65pp9/\346\261\202\350\247\243\345\231\250/\346\225\260\346\215\256/\346\255\243\345\274\217\351\235\231\346\200\201\347\233\256\345\275\225.json"], 0x7ffef62f4cb8 /* 135 vars */) = -1 ENOENT (No such file or directory)
1123940 execve("/usr/local/bin/sha256sum", ["sha256sum", "--", "/tmp/kernel-health-20260923-_5s65pp9/\346\261\202\350\247\243\345\231\250/\346\225\260\346\215\256/\346\255\243\345\274\217\351\235\231\346\200\201\347\233\256\345\275\225.json"], 0x7ffef62f4cb8 /* 135 vars */) = -1 ENOENT (No such file or directory)
1123940 execve("/usr/bin/sha256sum", ["sha256sum", "--", "/tmp/kernel-health-20260923-_5s65pp9/\346\261\202\350\247\243\345\231\250/\346\225\260\346\215\256/\346\255\243\345\274\217\351\235\231\346\200\201\347\233\256\345\275\225.json"], 0x7ffef62f4cb8 /* 135 vars */) = 0
1123940 openat(AT_FDCWD</tmp/kernel-health-20260923-_5s65pp9/\346\261\202\350\247\243\345\231\250>, "/etc/ld.so.cache", O_RDONLY|O_CLOEXEC) = 3</etc/ld.so.cache>
1123940 openat(AT_FDCWD</tmp/kernel-health-20260923-_5s65pp9/\346\261\202\350\247\243\345\231\250>, "/usr/lib/libcrypto.so.3", O_RDONLY|O_CLOEXEC) = 3</usr/lib/libcrypto.so.3>
1123940 openat(AT_FDCWD</tmp/kernel-health-20260923-_5s65pp9/\346\261\202\350\247\243\345\231\250>, "/usr/lib/libc.so.6", O_RDONLY|O_CLOEXEC) = 3</usr/lib/libc.so.6>
1123940 openat(AT_FDCWD</tmp/kernel-health-20260923-_5s65pp9/\346\261\202\350\247\243\345\231\250>, "/usr/lib/libz.so.1", O_RDONLY|O_CLOEXEC) = 3</usr/lib/libz.so.1.3.1.zlib-ng>
1123940 openat(AT_FDCWD</tmp/kernel-health-20260923-_5s65pp9/\346\261\202\350\247\243\345\231\250>, "/usr/lib/libbrotlienc.so.1", O_RDONLY|O_CLOEXEC) = 3</usr/lib/libbrotlienc.so.1.2.0>
1123940 openat(AT_FDCWD</tmp/kernel-health-20260923-_5s65pp9/\346\261\202\350\247\243\345\231\250>, "/usr/lib/libbrotlidec.so.1", O_RDONLY|O_CLOEXEC) = 3</usr/lib/libbrotlidec.so.1.2.0>
1123940 openat(AT_FDCWD</tmp/kernel-health-20260923-_5s65pp9/\346\261\202\350\247\243\345\231\250>, "/usr/lib/libzstd.so.1", O_RDONLY|O_CLOEXEC) = 3</usr/lib/libzstd.so.1.5.7>
1123940 openat(AT_FDCWD</tmp/kernel-health-20260923-_5s65pp9/\346\261\202\350\247\243\345\231\250>, "/usr/lib/libm.so.6", O_RDONLY|O_CLOEXEC) = 3</usr/lib/libm.so.6>
1123940 openat(AT_FDCWD</tmp/kernel-health-20260923-_5s65pp9/\346\261\202\350\247\243\345\231\250>, "/usr/lib/libbrotlicommon.so.1", O_RDONLY|O_CLOEXEC) = 3</usr/lib/libbrotlicommon.so.1.2.0>
1123940 openat(AT_FDCWD</tmp/kernel-health-20260923-_5s65pp9/\346\261\202\350\247\243\345\231\250>, "/usr/lib/locale/locale-archive", O_RDONLY|O_CLOEXEC) = 3</usr/lib/locale/locale-archive>
1123940 openat(AT_FDCWD</tmp/kernel-health-20260923-_5s65pp9/\346\261\202\350\247\243\345\231\250>, "/usr/share/locale/locale.alias", O_RDONLY|O_CLOEXEC) = 3</usr/share/locale/locale.alias>
1123940 openat(AT_FDCWD</tmp/kernel-health-20260923-_5s65pp9/\346\261\202\350\247\243\345\231\250>, "/usr/lib/locale/C.UTF-8/LC_IDENTIFICATION", O_RDONLY|O_CLOEXEC) = -1 ENOENT (No such file or directory)
1123940 openat(AT_FDCWD</tmp/kernel-health-20260923-_5s65pp9/\346\261\202\350\247\243\345\231\250>, "/usr/lib/locale/C.utf8/LC_IDENTIFICATION", O_RDONLY|O_CLOEXEC) = 3</usr/lib/locale/C.utf8/LC_IDENTIFICATION>
1123940 openat(AT_FDCWD</tmp/kernel-health-20260923-_5s65pp9/\346\261\202\350\247\243\345\231\250>, "/usr/lib/gconv/gconv-modules.cache", O_RDONLY|O_CLOEXEC) = 3</usr/lib/gconv/gconv-modules.cache>
1123940 openat(AT_FDCWD</tmp/kernel-health-20260923-_5s65pp9/\346\261\202\350\247\243\345\231\250>, "/usr/lib/locale/C.UTF-8/LC_MEASUREMENT", O_RDONLY|O_CLOEXEC) = -1 ENOENT (No such file or directory)
1123940 openat(AT_FDCWD</tmp/kernel-health-20260923-_5s65pp9/\346\261\202\350\247\243\345\231\250>, "/usr/lib/locale/C.utf8/LC_MEASUREMENT", O_RDONLY|O_CLOEXEC) = 3</usr/lib/locale/C.utf8/LC_MEASUREMENT>
1123940 openat(AT_FDCWD</tmp/kernel-health-20260923-_5s65pp9/\346\261\202\350\247\243\345\231\250>, "/usr/lib/locale/C.UTF-8/LC_TELEPHONE", O_RDONLY|O_CLOEXEC) = -1 ENOENT (No such file or directory)
1123940 openat(AT_FDCWD</tmp/kernel-health-20260923-_5s65pp9/\346\261\202\350\247\243\345\231\250>, "/usr/lib/locale/C.utf8/LC_TELEPHONE", O_RDONLY|O_CLOEXEC) = 3</usr/lib/locale/C.utf8/LC_TELEPHONE>
1123940 openat(AT_FDCWD</tmp/kernel-health-20260923-_5s65pp9/\346\261\202\350\247\243\345\231\250>, "/usr/lib/locale/C.UTF-8/LC_ADDRESS", O_RDONLY|O_CLOEXEC) = -1 ENOENT (No such file or directory)
1123940 openat(AT_FDCWD</tmp/kernel-health-20260923-_5s65pp9/\346\261\202\350\247\243\345\231\250>, "/usr/lib/locale/C.utf8/LC_ADDRESS", O_RDONLY|O_CLOEXEC) = 3</usr/lib/locale/C.utf8/LC_ADDRESS>
1123940 openat(AT_FDCWD</tmp/kernel-health-20260923-_5s65pp9/\346\261\202\350\247\243\345\231\250>, "/usr/lib/locale/C.UTF-8/LC_NAME", O_RDONLY|O_CLOEXEC) = -1 ENOENT (No such file or directory)
1123940 openat(AT_FDCWD</tmp/kernel-health-20260923-_5s65pp9/\346\261\202\350\247\243\345\231\250>, "/usr/lib/locale/C.utf8/LC_NAME", O_RDONLY|O_CLOEXEC) = 3</usr/lib/locale/C.utf8/LC_NAME>
1123940 openat(AT_FDCWD</tmp/kernel-health-20260923-_5s65pp9/\346\261\202\350\247\243\345\231\250>, "/usr/lib/locale/C.UTF-8/LC_PAPER", O_RDONLY|O_CLOEXEC) = -1 ENOENT (No such file or directory)
1123940 openat(AT_FDCWD</tmp/kernel-health-20260923-_5s65pp9/\346\261\202\350\247\243\345\231\250>, "/usr/lib/locale/C.utf8/LC_PAPER", O_RDONLY|O_CLOEXEC) = 3</usr/lib/locale/C.utf8/LC_PAPER>
1123940 openat(AT_FDCWD</tmp/kernel-health-20260923-_5s65pp9/\346\261\202\350\247\243\345\231\250>, "/usr/lib/locale/C.UTF-8/LC_MESSAGES", O_RDONLY|O_CLOEXEC) = -1 ENOENT (No such file or directory)
1123940 openat(AT_FDCWD</tmp/kernel-health-20260923-_5s65pp9/\346\261\202\350\247\243\345\231\250>, "/usr/lib/locale/C.utf8/LC_MESSAGES", O_RDONLY|O_CLOEXEC) = 3</usr/lib/locale/C.utf8/LC_MESSAGES>
1123940 openat(AT_FDCWD</tmp/kernel-health-20260923-_5s65pp9/\346\261\202\350\247\243\345\231\250>, "/usr/lib/locale/C.utf8/LC_MESSAGES/SYS_LC_MESSAGES", O_RDONLY|O_CLOEXEC) = 3</usr/lib/locale/C.utf8/LC_MESSAGES/SYS_LC_MESSAGES>
1123940 openat(AT_FDCWD</tmp/kernel-health-20260923-_5s65pp9/\346\261\202\350\247\243\345\231\250>, "/usr/lib/locale/C.UTF-8/LC_MONETARY", O_RDONLY|O_CLOEXEC) = -1 ENOENT (No such file or directory)
1123940 openat(AT_FDCWD</tmp/kernel-health-20260923-_5s65pp9/\346\261\202\350\247\243\345\231\250>, "/usr/lib/locale/C.utf8/LC_MONETARY", O_RDONLY|O_CLOEXEC) = 3</usr/lib/locale/C.utf8/LC_MONETARY>
1123940 openat(AT_FDCWD</tmp/kernel-health-20260923-_5s65pp9/\346\261\202\350\247\243\345\231\250>, "/usr/lib/locale/C.UTF-8/LC_COLLATE", O_RDONLY|O_CLOEXEC) = -1 ENOENT (No such file or directory)
1123940 openat(AT_FDCWD</tmp/kernel-health-20260923-_5s65pp9/\346\261\202\350\247\243\345\231\250>, "/usr/lib/locale/C.utf8/LC_COLLATE", O_RDONLY|O_CLOEXEC) = 3</usr/lib/locale/C.utf8/LC_COLLATE>
1123940 openat(AT_FDCWD</tmp/kernel-health-20260923-_5s65pp9/\346\261\202\350\247\243\345\231\250>, "/usr/lib/locale/C.UTF-8/LC_TIME", O_RDONLY|O_CLOEXEC) = -1 ENOENT (No such file or directory)
1123940 openat(AT_FDCWD</tmp/kernel-health-20260923-_5s65pp9/\346\261\202\350\247\243\345\231\250>, "/usr/lib/locale/C.utf8/LC_TIME", O_RDONLY|O_CLOEXEC) = 3</usr/lib/locale/C.utf8/LC_TIME>
1123940 openat(AT_FDCWD</tmp/kernel-health-20260923-_5s65pp9/\346\261\202\350\247\243\345\231\250>, "/usr/lib/locale/C.UTF-8/LC_NUMERIC", O_RDONLY|O_CLOEXEC) = -1 ENOENT (No such file or directory)
1123940 openat(AT_FDCWD</tmp/kernel-health-20260923-_5s65pp9/\346\261\202\350\247\243\345\231\250>, "/usr/lib/locale/C.utf8/LC_NUMERIC", O_RDONLY|O_CLOEXEC) = 3</usr/lib/locale/C.utf8/LC_NUMERIC>
1123940 openat(AT_FDCWD</tmp/kernel-health-20260923-_5s65pp9/\346\261\202\350\247\243\345\231\250>, "/usr/lib/locale/C.UTF-8/LC_CTYPE", O_RDONLY|O_CLOEXEC) = -1 ENOENT (No such file or directory)
1123940 openat(AT_FDCWD</tmp/kernel-health-20260923-_5s65pp9/\346\261\202\350\247\243\345\231\250>, "/usr/lib/locale/C.utf8/LC_CTYPE", O_RDONLY|O_CLOEXEC) = 3</usr/lib/locale/C.utf8/LC_CTYPE>
1123940 openat(AT_FDCWD</tmp/kernel-health-20260923-_5s65pp9/\346\261\202\350\247\243\345\231\250>, "/tmp/kernel-health-20260923-_5s65pp9/\346\261\202\350\247\243\345\231\250/\346\225\260\346\215\256/\346\255\243\345\274\217\351\235\231\346\200\201\347\233\256\345\275\225.json", O_RDONLY) = 3</tmp/kernel-health-20260923-_5s65pp9/\346\261\202\350\247\243\345\231\250/\346\225\260\346\215\256/\346\255\243\345\274\217\351\235\231\346\200\201\347\233\256\345\275\225.json>
1123938 --- SIGCHLD {si_signo=SIGCHLD, si_code=CLD_EXITED, si_pid=1123940, si_uid=1000, si_status=0, si_utime=0, si_stime=0} ---
1123938 openat(AT_FDCWD</tmp/kernel-health-20260923-_5s65pp9/\346\261\202\350\247\243\345\231\250>, "/dev/null", O_RDONLY|O_CLOEXEC) = 3</dev/null<char 1:3>>
1123941 execve("/home/zhuran24/.codex/tmp/arg0/codex-arg07mihkU/sha256sum", ["sha256sum", "--", "/tmp/kernel-health-20260923-_5s65pp9/\343\200\212\346\230\216\346\227\245\346\226\271\350\210\237\357\274\232\347\273\210\346\234\253\345\234\260\343\200\213\346\270\270\346\210\217\350\247\204\345\210\231.txt"], 0x7ffef62f4cb8 /* 135 vars */) = -1 ENOENT (No such file or directory)
1123941 execve("/home/zhuran24/.cargo/bin/sha256sum", ["sha256sum", "--", "/tmp/kernel-health-20260923-_5s65pp9/\343\200\212\346\230\216\346\227\245\346\226\271\350\210\237\357\274\232\347\273\210\346\234\253\345\234\260\343\200\213\346\270\270\346\210\217\350\247\204\345\210\231.txt"], 0x7ffef62f4cb8 /* 135 vars */) = -1 ENOENT (No such file or directory)
1123941 execve("/home/zhuran24/.local/bin/sha256sum", ["sha256sum", "--", "/tmp/kernel-health-20260923-_5s65pp9/\343\200\212\346\230\216\346\227\245\346\226\271\350\210\237\357\274\232\347\273\210\346\234\253\345\234\260\343\200\213\346\270\270\346\210\217\350\247\204\345\210\231.txt"], 0x7ffef62f4cb8 /* 135 vars */) = -1 ENOENT (No such file or directory)
1123941 execve("/home/zhuran24/.opencode/bin/sha256sum", ["sha256sum", "--", "/tmp/kernel-health-20260923-_5s65pp9/\343\200\212\346\230\216\346\227\245\346\226\271\350\210\237\357\274\232\347\273\210\346\234\253\345\234\260\343\200\213\346\270\270\346\210\217\350\247\204\345\210\231.txt"], 0x7ffef62f4cb8 /* 135 vars */) = -1 ENOENT (No such file or directory)
1123941 execve("/usr/local/bin/sha256sum", ["sha256sum", "--", "/tmp/kernel-health-20260923-_5s65pp9/\343\200\212\346\230\216\346\227\245\346\226\271\350\210\237\357\274\232\347\273\210\346\234\253\345\234\260\343\200\213\346\270\270\346\210\217\350\247\204\345\210\231.txt"], 0x7ffef62f4cb8 /* 135 vars */) = -1 ENOENT (No such file or directory)
1123941 execve("/usr/bin/sha256sum", ["sha256sum", "--", "/tmp/kernel-health-20260923-_5s65pp9/\343\200\212\346\230\216\346\227\245\346\226\271\350\210\237\357\274\232\347\273\210\346\234\253\345\234\260\343\200\213\346\270\270\346\210\217\350\247\204\345\210\231.txt"], 0x7ffef62f4cb8 /* 135 vars */) = 0
1123941 openat(AT_FDCWD</tmp/kernel-health-20260923-_5s65pp9/\346\261\202\350\247\243\345\231\250>, "/etc/ld.so.cache", O_RDONLY|O_CLOEXEC) = 3</etc/ld.so.cache>
1123941 openat(AT_FDCWD</tmp/kernel-health-20260923-_5s65pp9/\346\261\202\350\247\243\345\231\250>, "/usr/lib/libcrypto.so.3", O_RDONLY|O_CLOEXEC) = 3</usr/lib/libcrypto.so.3>
1123941 openat(AT_FDCWD</tmp/kernel-health-20260923-_5s65pp9/\346\261\202\350\247\243\345\231\250>, "/usr/lib/libc.so.6", O_RDONLY|O_CLOEXEC) = 3</usr/lib/libc.so.6>
1123941 openat(AT_FDCWD</tmp/kernel-health-20260923-_5s65pp9/\346\261\202\350\247\243\345\231\250>, "/usr/lib/libz.so.1", O_RDONLY|O_CLOEXEC) = 3</usr/lib/libz.so.1.3.1.zlib-ng>
1123941 openat(AT_FDCWD</tmp/kernel-health-20260923-_5s65pp9/\346\261\202\350\247\243\345\231\250>, "/usr/lib/libbrotlienc.so.1", O_RDONLY|O_CLOEXEC) = 3</usr/lib/libbrotlienc.so.1.2.0>
1123941 openat(AT_FDCWD</tmp/kernel-health-20260923-_5s65pp9/\346\261\202\350\247\243\345\231\250>, "/usr/lib/libbrotlidec.so.1", O_RDONLY|O_CLOEXEC) = 3</usr/lib/libbrotlidec.so.1.2.0>
1123941 openat(AT_FDCWD</tmp/kernel-health-20260923-_5s65pp9/\346\261\202\350\247\243\345\231\250>, "/usr/lib/libzstd.so.1", O_RDONLY|O_CLOEXEC) = 3</usr/lib/libzstd.so.1.5.7>
1123941 openat(AT_FDCWD</tmp/kernel-health-20260923-_5s65pp9/\346\261\202\350\247\243\345\231\250>, "/usr/lib/libm.so.6", O_RDONLY|O_CLOEXEC) = 3</usr/lib/libm.so.6>
1123941 openat(AT_FDCWD</tmp/kernel-health-20260923-_5s65pp9/\346\261\202\350\247\243\345\231\250>, "/usr/lib/libbrotlicommon.so.1", O_RDONLY|O_CLOEXEC) = 3</usr/lib/libbrotlicommon.so.1.2.0>
1123941 openat(AT_FDCWD</tmp/kernel-health-20260923-_5s65pp9/\346\261\202\350\247\243\345\231\250>, "/usr/lib/locale/locale-archive", O_RDONLY|O_CLOEXEC) = 3</usr/lib/locale/locale-archive>
1123941 openat(AT_FDCWD</tmp/kernel-health-20260923-_5s65pp9/\346\261\202\350\247\243\345\231\250>, "/usr/share/locale/locale.alias", O_RDONLY|O_CLOEXEC) = 3</usr/share/locale/locale.alias>
1123941 openat(AT_FDCWD</tmp/kernel-health-20260923-_5s65pp9/\346\261\202\350\247\243\345\231\250>, "/usr/lib/locale/C.UTF-8/LC_IDENTIFICATION", O_RDONLY|O_CLOEXEC) = -1 ENOENT (No such file or directory)
1123941 openat(AT_FDCWD</tmp/kernel-health-20260923-_5s65pp9/\346\261\202\350\247\243\345\231\250>, "/usr/lib/locale/C.utf8/LC_IDENTIFICATION", O_RDONLY|O_CLOEXEC) = 3</usr/lib/locale/C.utf8/LC_IDENTIFICATION>
1123941 openat(AT_FDCWD</tmp/kernel-health-20260923-_5s65pp9/\346\261\202\350\247\243\345\231\250>, "/usr/lib/gconv/gconv-modules.cache", O_RDONLY|O_CLOEXEC) = 3</usr/lib/gconv/gconv-modules.cache>
1123941 openat(AT_FDCWD</tmp/kernel-health-20260923-_5s65pp9/\346\261\202\350\247\243\345\231\250>, "/usr/lib/locale/C.UTF-8/LC_MEASUREMENT", O_RDONLY|O_CLOEXEC) = -1 ENOENT (No such file or directory)
1123941 openat(AT_FDCWD</tmp/kernel-health-20260923-_5s65pp9/\346\261\202\350\247\243\345\231\250>, "/usr/lib/locale/C.utf8/LC_MEASUREMENT", O_RDONLY|O_CLOEXEC) = 3</usr/lib/locale/C.utf8/LC_MEASUREMENT>
1123941 openat(AT_FDCWD</tmp/kernel-health-20260923-_5s65pp9/\346\261\202\350\247\243\345\231\250>, "/usr/lib/locale/C.UTF-8/LC_TELEPHONE", O_RDONLY|O_CLOEXEC) = -1 ENOENT (No such file or directory)
1123941 openat(AT_FDCWD</tmp/kernel-health-20260923-_5s65pp9/\346\261\202\350\247\243\345\231\250>, "/usr/lib/locale/C.utf8/LC_TELEPHONE", O_RDONLY|O_CLOEXEC) = 3</usr/lib/locale/C.utf8/LC_TELEPHONE>
1123941 openat(AT_FDCWD</tmp/kernel-health-20260923-_5s65pp9/\346\261\202\350\247\243\345\231\250>, "/usr/lib/locale/C.UTF-8/LC_ADDRESS", O_RDONLY|O_CLOEXEC) = -1 ENOENT (No such file or directory)
1123941 openat(AT_FDCWD</tmp/kernel-health-20260923-_5s65pp9/\346\261\202\350\247\243\345\231\250>, "/usr/lib/locale/C.utf8/LC_ADDRESS", O_RDONLY|O_CLOEXEC) = 3</usr/lib/locale/C.utf8/LC_ADDRESS>
1123941 openat(AT_FDCWD</tmp/kernel-health-20260923-_5s65pp9/\346\261\202\350\247\243\345\231\250>, "/usr/lib/locale/C.UTF-8/LC_NAME", O_RDONLY|O_CLOEXEC) = -1 ENOENT (No such file or directory)
1123941 openat(AT_FDCWD</tmp/kernel-health-20260923-_5s65pp9/\346\261\202\350\247\243\345\231\250>, "/usr/lib/locale/C.utf8/LC_NAME", O_RDONLY|O_CLOEXEC) = 3</usr/lib/locale/C.utf8/LC_NAME>
1123941 openat(AT_FDCWD</tmp/kernel-health-20260923-_5s65pp9/\346\261\202\350\247\243\345\231\250>, "/usr/lib/locale/C.UTF-8/LC_PAPER", O_RDONLY|O_CLOEXEC) = -1 ENOENT (No such file or directory)
1123941 openat(AT_FDCWD</tmp/kernel-health-20260923-_5s65pp9/\346\261\202\350\247\243\345\231\250>, "/usr/lib/locale/C.utf8/LC_PAPER", O_RDONLY|O_CLOEXEC) = 3</usr/lib/locale/C.utf8/LC_PAPER>
1123941 openat(AT_FDCWD</tmp/kernel-health-20260923-_5s65pp9/\346\261\202\350\247\243\345\231\250>, "/usr/lib/locale/C.UTF-8/LC_MESSAGES", O_RDONLY|O_CLOEXEC) = -1 ENOENT (No such file or directory)
1123941 openat(AT_FDCWD</tmp/kernel-health-20260923-_5s65pp9/\346\261\202\350\247\243\345\231\250>, "/usr/lib/locale/C.utf8/LC_MESSAGES", O_RDONLY|O_CLOEXEC) = 3</usr/lib/locale/C.utf8/LC_MESSAGES>
1123941 openat(AT_FDCWD</tmp/kernel-health-20260923-_5s65pp9/\346\261\202\350\247\243\345\231\250>, "/usr/lib/locale/C.utf8/LC_MESSAGES/SYS_LC_MESSAGES", O_RDONLY|O_CLOEXEC) = 3</usr/lib/locale/C.utf8/LC_MESSAGES/SYS_LC_MESSAGES>
1123941 openat(AT_FDCWD</tmp/kernel-health-20260923-_5s65pp9/\346\261\202\350\247\243\345\231\250>, "/usr/lib/locale/C.UTF-8/LC_MONETARY", O_RDONLY|O_CLOEXEC) = -1 ENOENT (No such file or directory)
1123941 openat(AT_FDCWD</tmp/kernel-health-20260923-_5s65pp9/\346\261\202\350\247\243\345\231\250>, "/usr/lib/locale/C.utf8/LC_MONETARY", O_RDONLY|O_CLOEXEC) = 3</usr/lib/locale/C.utf8/LC_MONETARY>
1123941 openat(AT_FDCWD</tmp/kernel-health-20260923-_5s65pp9/\346\261\202\350\247\243\345\231\250>, "/usr/lib/locale/C.UTF-8/LC_COLLATE", O_RDONLY|O_CLOEXEC) = -1 ENOENT (No such file or directory)
1123941 openat(AT_FDCWD</tmp/kernel-health-20260923-_5s65pp9/\346\261\202\350\247\243\345\231\250>, "/usr/lib/locale/C.utf8/LC_COLLATE", O_RDONLY|O_CLOEXEC) = 3</usr/lib/locale/C.utf8/LC_COLLATE>
1123941 openat(AT_FDCWD</tmp/kernel-health-20260923-_5s65pp9/\346\261\202\350\247\243\345\231\250>, "/usr/lib/locale/C.UTF-8/LC_TIME", O_RDONLY|O_CLOEXEC) = -1 ENOENT (No such file or directory)
1123941 openat(AT_FDCWD</tmp/kernel-health-20260923-_5s65pp9/\346\261\202\350\247\243\345\231\250>, "/usr/lib/locale/C.utf8/LC_TIME", O_RDONLY|O_CLOEXEC) = 3</usr/lib/locale/C.utf8/LC_TIME>
1123941 openat(AT_FDCWD</tmp/kernel-health-20260923-_5s65pp9/\346\261\202\350\247\243\345\231\250>, "/usr/lib/locale/C.UTF-8/LC_NUMERIC", O_RDONLY|O_CLOEXEC) = -1 ENOENT (No such file or directory)
1123941 openat(AT_FDCWD</tmp/kernel-health-20260923-_5s65pp9/\346\261\202\350\247\243\345\231\250>, "/usr/lib/locale/C.utf8/LC_NUMERIC", O_RDONLY|O_CLOEXEC) = 3</usr/lib/locale/C.utf8/LC_NUMERIC>
1123941 openat(AT_FDCWD</tmp/kernel-health-20260923-_5s65pp9/\346\261\202\350\247\243\345\231\250>, "/usr/lib/locale/C.UTF-8/LC_CTYPE", O_RDONLY|O_CLOEXEC) = -1 ENOENT (No such file or directory)
1123941 openat(AT_FDCWD</tmp/kernel-health-20260923-_5s65pp9/\346\261\202\350\247\243\345\231\250>, "/usr/lib/locale/C.utf8/LC_CTYPE", O_RDONLY|O_CLOEXEC) = 3</usr/lib/locale/C.utf8/LC_CTYPE>
1123941 openat(AT_FDCWD</tmp/kernel-health-20260923-_5s65pp9/\346\261\202\350\247\243\345\231\250>, "/tmp/kernel-health-20260923-_5s65pp9/\343\200\212\346\230\216\346\227\245\346\226\271\350\210\237\357\274\232\347\273\210\346\234\253\345\234\260\343\200\213\346\270\270\346\210\217\350\247\204\345\210\231.txt", O_RDONLY) = 3</tmp/kernel-health-20260923-_5s65pp9/\343\200\212\346\230\216\346\227\245\346\226\271\350\210\237\357\274\232\347\273\210\346\234\253\345\234\260\343\200\213\346\270\270\346\210\217\350\247\204\345\210\231.txt>
1123938 --- SIGCHLD {si_signo=SIGCHLD, si_code=CLD_EXITED, si_pid=1123941, si_uid=1000, si_status=0, si_utime=0, si_stime=0} ---
1123938 openat(AT_FDCWD</tmp/kernel-health-20260923-_5s65pp9/\346\261\202\350\247\243\345\231\250>, "/dev/null", O_RDONLY|O_CLOEXEC) = 3</dev/null<char 1:3>>
1123942 execve("/home/zhuran24/.codex/tmp/arg0/codex-arg07mihkU/sha256sum", ["sha256sum", "--", "/tmp/kernel-health-20260923-_5s65pp9/\346\261\202\350\247\243\344\273\273\345\212\241.txt"], 0x7ffef62f4cb8 /* 135 vars */) = -1 ENOENT (No such file or directory)
1123942 execve("/home/zhuran24/.cargo/bin/sha256sum", ["sha256sum", "--", "/tmp/kernel-health-20260923-_5s65pp9/\346\261\202\350\247\243\344\273\273\345\212\241.txt"], 0x7ffef62f4cb8 /* 135 vars */) = -1 ENOENT (No such file or directory)
1123942 execve("/home/zhuran24/.local/bin/sha256sum", ["sha256sum", "--", "/tmp/kernel-health-20260923-_5s65pp9/\346\261\202\350\247\243\344\273\273\345\212\241.txt"], 0x7ffef62f4cb8 /* 135 vars */) = -1 ENOENT (No such file or directory)
1123942 execve("/home/zhuran24/.opencode/bin/sha256sum", ["sha256sum", "--", "/tmp/kernel-health-20260923-_5s65pp9/\346\261\202\350\247\243\344\273\273\345\212\241.txt"], 0x7ffef62f4cb8 /* 135 vars */) = -1 ENOENT (No such file or directory)
1123942 execve("/usr/local/bin/sha256sum", ["sha256sum", "--", "/tmp/kernel-health-20260923-_5s65pp9/\346\261\202\350\247\243\344\273\273\345\212\241.txt"], 0x7ffef62f4cb8 /* 135 vars */) = -1 ENOENT (No such file or directory)
1123942 execve("/usr/bin/sha256sum", ["sha256sum", "--", "/tmp/kernel-health-20260923-_5s65pp9/\346\261\202\350\247\243\344\273\273\345\212\241.txt"], 0x7ffef62f4cb8 /* 135 vars */) = 0
1123942 openat(AT_FDCWD</tmp/kernel-health-20260923-_5s65pp9/\346\261\202\350\247\243\345\231\250>, "/etc/ld.so.cache", O_RDONLY|O_CLOEXEC) = 3</etc/ld.so.cache>
1123942 openat(AT_FDCWD</tmp/kernel-health-20260923-_5s65pp9/\346\261\202\350\247\243\345\231\250>, "/usr/lib/libcrypto.so.3", O_RDONLY|O_CLOEXEC) = 3</usr/lib/libcrypto.so.3>
1123942 openat(AT_FDCWD</tmp/kernel-health-20260923-_5s65pp9/\346\261\202\350\247\243\345\231\250>, "/usr/lib/libc.so.6", O_RDONLY|O_CLOEXEC) = 3</usr/lib/libc.so.6>
1123942 openat(AT_FDCWD</tmp/kernel-health-20260923-_5s65pp9/\346\261\202\350\247\243\345\231\250>, "/usr/lib/libz.so.1", O_RDONLY|O_CLOEXEC) = 3</usr/lib/libz.so.1.3.1.zlib-ng>
1123942 openat(AT_FDCWD</tmp/kernel-health-20260923-_5s65pp9/\346\261\202\350\247\243\345\231\250>, "/usr/lib/libbrotlienc.so.1", O_RDONLY|O_CLOEXEC) = 3</usr/lib/libbrotlienc.so.1.2.0>
1123942 openat(AT_FDCWD</tmp/kernel-health-20260923-_5s65pp9/\346\261\202\350\247\243\345\231\250>, "/usr/lib/libbrotlidec.so.1", O_RDONLY|O_CLOEXEC) = 3</usr/lib/libbrotlidec.so.1.2.0>
1123942 openat(AT_FDCWD</tmp/kernel-health-20260923-_5s65pp9/\346\261\202\350\247\243\345\231\250>, "/usr/lib/libzstd.so.1", O_RDONLY|O_CLOEXEC) = 3</usr/lib/libzstd.so.1.5.7>
1123942 openat(AT_FDCWD</tmp/kernel-health-20260923-_5s65pp9/\346\261\202\350\247\243\345\231\250>, "/usr/lib/libm.so.6", O_RDONLY|O_CLOEXEC) = 3</usr/lib/libm.so.6>
1123942 openat(AT_FDCWD</tmp/kernel-health-20260923-_5s65pp9/\346\261\202\350\247\243\345\231\250>, "/usr/lib/libbrotlicommon.so.1", O_RDONLY|O_CLOEXEC) = 3</usr/lib/libbrotlicommon.so.1.2.0>
1123942 openat(AT_FDCWD</tmp/kernel-health-20260923-_5s65pp9/\346\261\202\350\247\243\345\231\250>, "/usr/lib/locale/locale-archive", O_RDONLY|O_CLOEXEC) = 3</usr/lib/locale/locale-archive>
1123942 openat(AT_FDCWD</tmp/kernel-health-20260923-_5s65pp9/\346\261\202\350\247\243\345\231\250>, "/usr/share/locale/locale.alias", O_RDONLY|O_CLOEXEC) = 3</usr/share/locale/locale.alias>
1123942 openat(AT_FDCWD</tmp/kernel-health-20260923-_5s65pp9/\346\261\202\350\247\243\345\231\250>, "/usr/lib/locale/C.UTF-8/LC_IDENTIFICATION", O_RDONLY|O_CLOEXEC) = -1 ENOENT (No such file or directory)
1123942 openat(AT_FDCWD</tmp/kernel-health-20260923-_5s65pp9/\346\261\202\350\247\243\345\231\250>, "/usr/lib/locale/C.utf8/LC_IDENTIFICATION", O_RDONLY|O_CLOEXEC) = 3</usr/lib/locale/C.utf8/LC_IDENTIFICATION>
1123942 openat(AT_FDCWD</tmp/kernel-health-20260923-_5s65pp9/\346\261\202\350\247\243\345\231\250>, "/usr/lib/gconv/gconv-modules.cache", O_RDONLY|O_CLOEXEC) = 3</usr/lib/gconv/gconv-modules.cache>
1123942 openat(AT_FDCWD</tmp/kernel-health-20260923-_5s65pp9/\346\261\202\350\247\243\345\231\250>, "/usr/lib/locale/C.UTF-8/LC_MEASUREMENT", O_RDONLY|O_CLOEXEC) = -1 ENOENT (No such file or directory)
1123942 openat(AT_FDCWD</tmp/kernel-health-20260923-_5s65pp9/\346\261\202\350\247\243\345\231\250>, "/usr/lib/locale/C.utf8/LC_MEASUREMENT", O_RDONLY|O_CLOEXEC) = 3</usr/lib/locale/C.utf8/LC_MEASUREMENT>
1123942 openat(AT_FDCWD</tmp/kernel-health-20260923-_5s65pp9/\346\261\202\350\247\243\345\231\250>, "/usr/lib/locale/C.UTF-8/LC_TELEPHONE", O_RDONLY|O_CLOEXEC) = -1 ENOENT (No such file or directory)
1123942 openat(AT_FDCWD</tmp/kernel-health-20260923-_5s65pp9/\346\261\202\350\247\243\345\231\250>, "/usr/lib/locale/C.utf8/LC_TELEPHONE", O_RDONLY|O_CLOEXEC) = 3</usr/lib/locale/C.utf8/LC_TELEPHONE>
1123942 openat(AT_FDCWD</tmp/kernel-health-20260923-_5s65pp9/\346\261\202\350\247\243\345\231\250>, "/usr/lib/locale/C.UTF-8/LC_ADDRESS", O_RDONLY|O_CLOEXEC) = -1 ENOENT (No such file or directory)
1123942 openat(AT_FDCWD</tmp/kernel-health-20260923-_5s65pp9/\346\261\202\350\247\243\345\231\250>, "/usr/lib/locale/C.utf8/LC_ADDRESS", O_RDONLY|O_CLOEXEC) = 3</usr/lib/locale/C.utf8/LC_ADDRESS>
1123942 openat(AT_FDCWD</tmp/kernel-health-20260923-_5s65pp9/\346\261\202\350\247\243\345\231\250>, "/usr/lib/locale/C.UTF-8/LC_NAME", O_RDONLY|O_CLOEXEC) = -1 ENOENT (No such file or directory)
1123942 openat(AT_FDCWD</tmp/kernel-health-20260923-_5s65pp9/\346\261\202\350\247\243\345\231\250>, "/usr/lib/locale/C.utf8/LC_NAME", O_RDONLY|O_CLOEXEC) = 3</usr/lib/locale/C.utf8/LC_NAME>
1123942 openat(AT_FDCWD</tmp/kernel-health-20260923-_5s65pp9/\346\261\202\350\247\243\345\231\250>, "/usr/lib/locale/C.UTF-8/LC_PAPER", O_RDONLY|O_CLOEXEC) = -1 ENOENT (No such file or directory)
1123942 openat(AT_FDCWD</tmp/kernel-health-20260923-_5s65pp9/\346\261\202\350\247\243\345\231\250>, "/usr/lib/locale/C.utf8/LC_PAPER", O_RDONLY|O_CLOEXEC) = 3</usr/lib/locale/C.utf8/LC_PAPER>
1123942 openat(AT_FDCWD</tmp/kernel-health-20260923-_5s65pp9/\346\261\202\350\247\243\345\231\250>, "/usr/lib/locale/C.UTF-8/LC_MESSAGES", O_RDONLY|O_CLOEXEC) = -1 ENOENT (No such file or directory)
1123942 openat(AT_FDCWD</tmp/kernel-health-20260923-_5s65pp9/\346\261\202\350\247\243\345\231\250>, "/usr/lib/locale/C.utf8/LC_MESSAGES", O_RDONLY|O_CLOEXEC) = 3</usr/lib/locale/C.utf8/LC_MESSAGES>
1123942 openat(AT_FDCWD</tmp/kernel-health-20260923-_5s65pp9/\346\261\202\350\247\243\345\231\250>, "/usr/lib/locale/C.utf8/LC_MESSAGES/SYS_LC_MESSAGES", O_RDONLY|O_CLOEXEC) = 3</usr/lib/locale/C.utf8/LC_MESSAGES/SYS_LC_MESSAGES>
1123942 openat(AT_FDCWD</tmp/kernel-health-20260923-_5s65pp9/\346\261\202\350\247\243\345\231\250>, "/usr/lib/locale/C.UTF-8/LC_MONETARY", O_RDONLY|O_CLOEXEC) = -1 ENOENT (No such file or directory)
1123942 openat(AT_FDCWD</tmp/kernel-health-20260923-_5s65pp9/\346\261\202\350\247\243\345\231\250>, "/usr/lib/locale/C.utf8/LC_MONETARY", O_RDONLY|O_CLOEXEC) = 3</usr/lib/locale/C.utf8/LC_MONETARY>
1123942 openat(AT_FDCWD</tmp/kernel-health-20260923-_5s65pp9/\346\261\202\350\247\243\345\231\250>, "/usr/lib/locale/C.UTF-8/LC_COLLATE", O_RDONLY|O_CLOEXEC) = -1 ENOENT (No such file or directory)
1123942 openat(AT_FDCWD</tmp/kernel-health-20260923-_5s65pp9/\346\261\202\350\247\243\345\231\250>, "/usr/lib/locale/C.utf8/LC_COLLATE", O_RDONLY|O_CLOEXEC) = 3</usr/lib/locale/C.utf8/LC_COLLATE>
1123942 openat(AT_FDCWD</tmp/kernel-health-20260923-_5s65pp9/\346\261\202\350\247\243\345\231\250>, "/usr/lib/locale/C.UTF-8/LC_TIME", O_RDONLY|O_CLOEXEC) = -1 ENOENT (No such file or directory)
1123942 openat(AT_FDCWD</tmp/kernel-health-20260923-_5s65pp9/\346\261\202\350\247\243\345\231\250>, "/usr/lib/locale/C.utf8/LC_TIME", O_RDONLY|O_CLOEXEC) = 3</usr/lib/locale/C.utf8/LC_TIME>
1123942 openat(AT_FDCWD</tmp/kernel-health-20260923-_5s65pp9/\346\261\202\350\247\243\345\231\250>, "/usr/lib/locale/C.UTF-8/LC_NUMERIC", O_RDONLY|O_CLOEXEC) = -1 ENOENT (No such file or directory)
1123942 openat(AT_FDCWD</tmp/kernel-health-20260923-_5s65pp9/\346\261\202\350\247\243\345\231\250>, "/usr/lib/locale/C.utf8/LC_NUMERIC", O_RDONLY|O_CLOEXEC) = 3</usr/lib/locale/C.utf8/LC_NUMERIC>
1123942 openat(AT_FDCWD</tmp/kernel-health-20260923-_5s65pp9/\346\261\202\350\247\243\345\231\250>, "/usr/lib/locale/C.UTF-8/LC_CTYPE", O_RDONLY|O_CLOEXEC) = -1 ENOENT (No such file or directory)
1123942 openat(AT_FDCWD</tmp/kernel-health-20260923-_5s65pp9/\346\261\202\350\247\243\345\231\250>, "/usr/lib/locale/C.utf8/LC_CTYPE", O_RDONLY|O_CLOEXEC) = 3</usr/lib/locale/C.utf8/LC_CTYPE>
1123942 openat(AT_FDCWD</tmp/kernel-health-20260923-_5s65pp9/\346\261\202\350\247\243\345\231\250>, "/tmp/kernel-health-20260923-_5s65pp9/\346\261\202\350\247\243\344\273\273\345\212\241.txt", O_RDONLY) = 3</tmp/kernel-health-20260923-_5s65pp9/\346\261\202\350\247\243\344\273\273\345\212\241.txt>
1123938 --- SIGCHLD {si_signo=SIGCHLD, si_code=CLD_EXITED, si_pid=1123942, si_uid=1000, si_status=0, si_utime=0, si_stime=0} ---
1123938 openat(AT_FDCWD</tmp/kernel-health-20260923-_5s65pp9/\346\261\202\350\247\243\345\231\250>, "/dev/null", O_RDONLY|O_CLOEXEC) = 3</dev/null<char 1:3>>
1123943 execve("/home/zhuran24/.codex/tmp/arg0/codex-arg07mihkU/sha256sum", ["sha256sum", "--", "/tmp/kernel-health-20260923-_5s65pp9/\346\261\202\350\247\243\347\272\246\346\235\237.txt"], 0x7ffef62f4cb8 /* 135 vars */) = -1 ENOENT (No such file or directory)
1123943 execve("/home/zhuran24/.cargo/bin/sha256sum", ["sha256sum", "--", "/tmp/kernel-health-20260923-_5s65pp9/\346\261\202\350\247\243\347\272\246\346\235\237.txt"], 0x7ffef62f4cb8 /* 135 vars */) = -1 ENOENT (No such file or directory)
1123943 execve("/home/zhuran24/.local/bin/sha256sum", ["sha256sum", "--", "/tmp/kernel-health-20260923-_5s65pp9/\346\261\202\350\247\243\347\272\246\346\235\237.txt"], 0x7ffef62f4cb8 /* 135 vars */) = -1 ENOENT (No such file or directory)
1123943 execve("/home/zhuran24/.opencode/bin/sha256sum", ["sha256sum", "--", "/tmp/kernel-health-20260923-_5s65pp9/\346\261\202\350\247\243\347\272\246\346\235\237.txt"], 0x7ffef62f4cb8 /* 135 vars */) = -1 ENOENT (No such file or directory)
1123943 execve("/usr/local/bin/sha256sum", ["sha256sum", "--", "/tmp/kernel-health-20260923-_5s65pp9/\346\261\202\350\247\243\347\272\246\346\235\237.txt"], 0x7ffef62f4cb8 /* 135 vars */) = -1 ENOENT (No such file or directory)
1123943 execve("/usr/bin/sha256sum", ["sha256sum", "--", "/tmp/kernel-health-20260923-_5s65pp9/\346\261\202\350\247\243\347\272\246\346\235\237.txt"], 0x7ffef62f4cb8 /* 135 vars */) = 0
1123943 openat(AT_FDCWD</tmp/kernel-health-20260923-_5s65pp9/\346\261\202\350\247\243\345\231\250>, "/etc/ld.so.cache", O_RDONLY|O_CLOEXEC) = 3</etc/ld.so.cache>
1123943 openat(AT_FDCWD</tmp/kernel-health-20260923-_5s65pp9/\346\261\202\350\247\243\345\231\250>, "/usr/lib/libcrypto.so.3", O_RDONLY|O_CLOEXEC) = 3</usr/lib/libcrypto.so.3>
1123943 openat(AT_FDCWD</tmp/kernel-health-20260923-_5s65pp9/\346\261\202\350\247\243\345\231\250>, "/usr/lib/libc.so.6", O_RDONLY|O_CLOEXEC) = 3</usr/lib/libc.so.6>
1123943 openat(AT_FDCWD</tmp/kernel-health-20260923-_5s65pp9/\346\261\202\350\247\243\345\231\250>, "/usr/lib/libz.so.1", O_RDONLY|O_CLOEXEC) = 3</usr/lib/libz.so.1.3.1.zlib-ng>
1123943 openat(AT_FDCWD</tmp/kernel-health-20260923-_5s65pp9/\346\261\202\350\247\243\345\231\250>, "/usr/lib/libbrotlienc.so.1", O_RDONLY|O_CLOEXEC) = 3</usr/lib/libbrotlienc.so.1.2.0>
1123943 openat(AT_FDCWD</tmp/kernel-health-20260923-_5s65pp9/\346\261\202\350\247\243\345\231\250>, "/usr/lib/libbrotlidec.so.1", O_RDONLY|O_CLOEXEC) = 3</usr/lib/libbrotlidec.so.1.2.0>
1123943 openat(AT_FDCWD</tmp/kernel-health-20260923-_5s65pp9/\346\261\202\350\247\243\345\231\250>, "/usr/lib/libzstd.so.1", O_RDONLY|O_CLOEXEC) = 3</usr/lib/libzstd.so.1.5.7>
1123943 openat(AT_FDCWD</tmp/kernel-health-20260923-_5s65pp9/\346\261\202\350\247\243\345\231\250>, "/usr/lib/libm.so.6", O_RDONLY|O_CLOEXEC) = 3</usr/lib/libm.so.6>
1123943 openat(AT_FDCWD</tmp/kernel-health-20260923-_5s65pp9/\346\261\202\350\247\243\345\231\250>, "/usr/lib/libbrotlicommon.so.1", O_RDONLY|O_CLOEXEC) = 3</usr/lib/libbrotlicommon.so.1.2.0>
1123943 openat(AT_FDCWD</tmp/kernel-health-20260923-_5s65pp9/\346\261\202\350\247\243\345\231\250>, "/usr/lib/locale/locale-archive", O_RDONLY|O_CLOEXEC) = 3</usr/lib/locale/locale-archive>
1123943 openat(AT_FDCWD</tmp/kernel-health-20260923-_5s65pp9/\346\261\202\350\247\243\345\231\250>, "/usr/share/locale/locale.alias", O_RDONLY|O_CLOEXEC) = 3</usr/share/locale/locale.alias>
1123943 openat(AT_FDCWD</tmp/kernel-health-20260923-_5s65pp9/\346\261\202\350\247\243\345\231\250>, "/usr/lib/locale/C.UTF-8/LC_IDENTIFICATION", O_RDONLY|O_CLOEXEC) = -1 ENOENT (No such file or directory)
1123943 openat(AT_FDCWD</tmp/kernel-health-20260923-_5s65pp9/\346\261\202\350\247\243\345\231\250>, "/usr/lib/locale/C.utf8/LC_IDENTIFICATION", O_RDONLY|O_CLOEXEC) = 3</usr/lib/locale/C.utf8/LC_IDENTIFICATION>
1123943 openat(AT_FDCWD</tmp/kernel-health-20260923-_5s65pp9/\346\261\202\350\247\243\345\231\250>, "/usr/lib/gconv/gconv-modules.cache", O_RDONLY|O_CLOEXEC) = 3</usr/lib/gconv/gconv-modules.cache>
1123943 openat(AT_FDCWD</tmp/kernel-health-20260923-_5s65pp9/\346\261\202\350\247\243\345\231\250>, "/usr/lib/locale/C.UTF-8/LC_MEASUREMENT", O_RDONLY|O_CLOEXEC) = -1 ENOENT (No such file or directory)
1123943 openat(AT_FDCWD</tmp/kernel-health-20260923-_5s65pp9/\346\261\202\350\247\243\345\231\250>, "/usr/lib/locale/C.utf8/LC_MEASUREMENT", O_RDONLY|O_CLOEXEC) = 3</usr/lib/locale/C.utf8/LC_MEASUREMENT>
1123943 openat(AT_FDCWD</tmp/kernel-health-20260923-_5s65pp9/\346\261\202\350\247\243\345\231\250>, "/usr/lib/locale/C.UTF-8/LC_TELEPHONE", O_RDONLY|O_CLOEXEC) = -1 ENOENT (No such file or directory)
1123943 openat(AT_FDCWD</tmp/kernel-health-20260923-_5s65pp9/\346\261\202\350\247\243\345\231\250>, "/usr/lib/locale/C.utf8/LC_TELEPHONE", O_RDONLY|O_CLOEXEC) = 3</usr/lib/locale/C.utf8/LC_TELEPHONE>
1123943 openat(AT_FDCWD</tmp/kernel-health-20260923-_5s65pp9/\346\261\202\350\247\243\345\231\250>, "/usr/lib/locale/C.UTF-8/LC_ADDRESS", O_RDONLY|O_CLOEXEC) = -1 ENOENT (No such file or directory)
1123943 openat(AT_FDCWD</tmp/kernel-health-20260923-_5s65pp9/\346\261\202\350\247\243\345\231\250>, "/usr/lib/locale/C.utf8/LC_ADDRESS", O_RDONLY|O_CLOEXEC) = 3</usr/lib/locale/C.utf8/LC_ADDRESS>
1123943 openat(AT_FDCWD</tmp/kernel-health-20260923-_5s65pp9/\346\261\202\350\247\243\345\231\250>, "/usr/lib/locale/C.UTF-8/LC_NAME", O_RDONLY|O_CLOEXEC) = -1 ENOENT (No such file or directory)
1123943 openat(AT_FDCWD</tmp/kernel-health-20260923-_5s65pp9/\346\261\202\350\247\243\345\231\250>, "/usr/lib/locale/C.utf8/LC_NAME", O_RDONLY|O_CLOEXEC) = 3</usr/lib/locale/C.utf8/LC_NAME>
1123943 openat(AT_FDCWD</tmp/kernel-health-20260923-_5s65pp9/\346\261\202\350\247\243\345\231\250>, "/usr/lib/locale/C.UTF-8/LC_PAPER", O_RDONLY|O_CLOEXEC) = -1 ENOENT (No such file or directory)
1123943 openat(AT_FDCWD</tmp/kernel-health-20260923-_5s65pp9/\346\261\202\350\247\243\345\231\250>, "/usr/lib/locale/C.utf8/LC_PAPER", O_RDONLY|O_CLOEXEC) = 3</usr/lib/locale/C.utf8/LC_PAPER>
1123943 openat(AT_FDCWD</tmp/kernel-health-20260923-_5s65pp9/\346\261\202\350\247\243\345\231\250>, "/usr/lib/locale/C.UTF-8/LC_MESSAGES", O_RDONLY|O_CLOEXEC) = -1 ENOENT (No such file or directory)
1123943 openat(AT_FDCWD</tmp/kernel-health-20260923-_5s65pp9/\346\261\202\350\247\243\345\231\250>, "/usr/lib/locale/C.utf8/LC_MESSAGES", O_RDONLY|O_CLOEXEC) = 3</usr/lib/locale/C.utf8/LC_MESSAGES>
1123943 openat(AT_FDCWD</tmp/kernel-health-20260923-_5s65pp9/\346\261\202\350\247\243\345\231\250>, "/usr/lib/locale/C.utf8/LC_MESSAGES/SYS_LC_MESSAGES", O_RDONLY|O_CLOEXEC) = 3</usr/lib/locale/C.utf8/LC_MESSAGES/SYS_LC_MESSAGES>
1123943 openat(AT_FDCWD</tmp/kernel-health-20260923-_5s65pp9/\346\261\202\350\247\243\345\231\250>, "/usr/lib/locale/C.UTF-8/LC_MONETARY", O_RDONLY|O_CLOEXEC) = -1 ENOENT (No such file or directory)
1123943 openat(AT_FDCWD</tmp/kernel-health-20260923-_5s65pp9/\346\261\202\350\247\243\345\231\250>, "/usr/lib/locale/C.utf8/LC_MONETARY", O_RDONLY|O_CLOEXEC) = 3</usr/lib/locale/C.utf8/LC_MONETARY>
1123943 openat(AT_FDCWD</tmp/kernel-health-20260923-_5s65pp9/\346\261\202\350\247\243\345\231\250>, "/usr/lib/locale/C.UTF-8/LC_COLLATE", O_RDONLY|O_CLOEXEC) = -1 ENOENT (No such file or directory)
1123943 openat(AT_FDCWD</tmp/kernel-health-20260923-_5s65pp9/\346\261\202\350\247\243\345\231\250>, "/usr/lib/locale/C.utf8/LC_COLLATE", O_RDONLY|O_CLOEXEC) = 3</usr/lib/locale/C.utf8/LC_COLLATE>
1123943 openat(AT_FDCWD</tmp/kernel-health-20260923-_5s65pp9/\346\261\202\350\247\243\345\231\250>, "/usr/lib/locale/C.UTF-8/LC_TIME", O_RDONLY|O_CLOEXEC) = -1 ENOENT (No such file or directory)
1123943 openat(AT_FDCWD</tmp/kernel-health-20260923-_5s65pp9/\346\261\202\350\247\243\345\231\250>, "/usr/lib/locale/C.utf8/LC_TIME", O_RDONLY|O_CLOEXEC) = 3</usr/lib/locale/C.utf8/LC_TIME>
1123943 openat(AT_FDCWD</tmp/kernel-health-20260923-_5s65pp9/\346\261\202\350\247\243\345\231\250>, "/usr/lib/locale/C.UTF-8/LC_NUMERIC", O_RDONLY|O_CLOEXEC) = -1 ENOENT (No such file or directory)
1123943 openat(AT_FDCWD</tmp/kernel-health-20260923-_5s65pp9/\346\261\202\350\247\243\345\231\250>, "/usr/lib/locale/C.utf8/LC_NUMERIC", O_RDONLY|O_CLOEXEC) = 3</usr/lib/locale/C.utf8/LC_NUMERIC>
1123943 openat(AT_FDCWD</tmp/kernel-health-20260923-_5s65pp9/\346\261\202\350\247\243\345\231\250>, "/usr/lib/locale/C.UTF-8/LC_CTYPE", O_RDONLY|O_CLOEXEC) = -1 ENOENT (No such file or directory)
1123943 openat(AT_FDCWD</tmp/kernel-health-20260923-_5s65pp9/\346\261\202\350\247\243\345\231\250>, "/usr/lib/locale/C.utf8/LC_CTYPE", O_RDONLY|O_CLOEXEC) = 3</usr/lib/locale/C.utf8/LC_CTYPE>
1123943 openat(AT_FDCWD</tmp/kernel-health-20260923-_5s65pp9/\346\261\202\350\247\243\345\231\250>, "/tmp/kernel-health-20260923-_5s65pp9/\346\261\202\350\247\243\347\272\246\346\235\237.txt", O_RDONLY) = 3</tmp/kernel-health-20260923-_5s65pp9/\346\261\202\350\247\243\347\272\246\346\235\237.txt>
1123938 --- SIGCHLD {si_signo=SIGCHLD, si_code=CLD_EXITED, si_pid=1123943, si_uid=1000, si_status=0, si_utime=0, si_stime=0} ---
1123938 openat(AT_FDCWD</tmp/kernel-health-20260923-_5s65pp9/\346\261\202\350\247\243\345\231\250>, "/dev/null", O_RDONLY|O_CLOEXEC) = 3</dev/null<char 1:3>>
1123944 execve("/home/zhuran24/.codex/tmp/arg0/codex-arg07mihkU/sha256sum", ["sha256sum", "--", "/tmp/kernel-health-20260923-_5s65pp9/\346\261\202\350\247\243\345\231\250/\350\247\204\346\240\274/\351\200\211\346\213\251\347\202\271\345\217\202\346\225\260\350\275\264.md"], 0x7ffef62f4cb8 /* 135 vars */) = -1 ENOENT (No such file or directory)
1123944 execve("/home/zhuran24/.cargo/bin/sha256sum", ["sha256sum", "--", "/tmp/kernel-health-20260923-_5s65pp9/\346\261\202\350\247\243\345\231\250/\350\247\204\346\240\274/\351\200\211\346\213\251\347\202\271\345\217\202\346\225\260\350\275\264.md"], 0x7ffef62f4cb8 /* 135 vars */) = -1 ENOENT (No such file or directory)
1123944 execve("/home/zhuran24/.local/bin/sha256sum", ["sha256sum", "--", "/tmp/kernel-health-20260923-_5s65pp9/\346\261\202\350\247\243\345\231\250/\350\247\204\346\240\274/\351\200\211\346\213\251\347\202\271\345\217\202\346\225\260\350\275\264.md"], 0x7ffef62f4cb8 /* 135 vars */) = -1 ENOENT (No such file or directory)
1123944 execve("/home/zhuran24/.opencode/bin/sha256sum", ["sha256sum", "--", "/tmp/kernel-health-20260923-_5s65pp9/\346\261\202\350\247\243\345\231\250/\350\247\204\346\240\274/\351\200\211\346\213\251\347\202\271\345\217\202\346\225\260\350\275\264.md"], 0x7ffef62f4cb8 /* 135 vars */) = -1 ENOENT (No such file or directory)
1123944 execve("/usr/local/bin/sha256sum", ["sha256sum", "--", "/tmp/kernel-health-20260923-_5s65pp9/\346\261\202\350\247\243\345\231\250/\350\247\204\346\240\274/\351\200\211\346\213\251\347\202\271\345\217\202\346\225\260\350\275\264.md"], 0x7ffef62f4cb8 /* 135 vars */) = -1 ENOENT (No such file or directory)
1123944 execve("/usr/bin/sha256sum", ["sha256sum", "--", "/tmp/kernel-health-20260923-_5s65pp9/\346\261\202\350\247\243\345\231\250/\350\247\204\346\240\274/\351\200\211\346\213\251\347\202\271\345\217\202\346\225\260\350\275\264.md"], 0x7ffef62f4cb8 /* 135 vars */) = 0
1123944 openat(AT_FDCWD</tmp/kernel-health-20260923-_5s65pp9/\346\261\202\350\247\243\345\231\250>, "/etc/ld.so.cache", O_RDONLY|O_CLOEXEC) = 3</etc/ld.so.cache>
1123944 openat(AT_FDCWD</tmp/kernel-health-20260923-_5s65pp9/\346\261\202\350\247\243\345\231\250>, "/usr/lib/libcrypto.so.3", O_RDONLY|O_CLOEXEC) = 3</usr/lib/libcrypto.so.3>
1123944 openat(AT_FDCWD</tmp/kernel-health-20260923-_5s65pp9/\346\261\202\350\247\243\345\231\250>, "/usr/lib/libc.so.6", O_RDONLY|O_CLOEXEC) = 3</usr/lib/libc.so.6>
1123944 openat(AT_FDCWD</tmp/kernel-health-20260923-_5s65pp9/\346\261\202\350\247\243\345\231\250>, "/usr/lib/libz.so.1", O_RDONLY|O_CLOEXEC) = 3</usr/lib/libz.so.1.3.1.zlib-ng>
1123944 openat(AT_FDCWD</tmp/kernel-health-20260923-_5s65pp9/\346\261\202\350\247\243\345\231\250>, "/usr/lib/libbrotlienc.so.1", O_RDONLY|O_CLOEXEC) = 3</usr/lib/libbrotlienc.so.1.2.0>
1123944 openat(AT_FDCWD</tmp/kernel-health-20260923-_5s65pp9/\346\261\202\350\247\243\345\231\250>, "/usr/lib/libbrotlidec.so.1", O_RDONLY|O_CLOEXEC) = 3</usr/lib/libbrotlidec.so.1.2.0>
1123944 openat(AT_FDCWD</tmp/kernel-health-20260923-_5s65pp9/\346\261\202\350\247\243\345\231\250>, "/usr/lib/libzstd.so.1", O_RDONLY|O_CLOEXEC) = 3</usr/lib/libzstd.so.1.5.7>
1123944 openat(AT_FDCWD</tmp/kernel-health-20260923-_5s65pp9/\346\261\202\350\247\243\345\231\250>, "/usr/lib/libm.so.6", O_RDONLY|O_CLOEXEC) = 3</usr/lib/libm.so.6>
1123944 openat(AT_FDCWD</tmp/kernel-health-20260923-_5s65pp9/\346\261\202\350\247\243\345\231\250>, "/usr/lib/libbrotlicommon.so.1", O_RDONLY|O_CLOEXEC) = 3</usr/lib/libbrotlicommon.so.1.2.0>
1123944 openat(AT_FDCWD</tmp/kernel-health-20260923-_5s65pp9/\346\261\202\350\247\243\345\231\250>, "/usr/lib/locale/locale-archive", O_RDONLY|O_CLOEXEC) = 3</usr/lib/locale/locale-archive>
1123944 openat(AT_FDCWD</tmp/kernel-health-20260923-_5s65pp9/\346\261\202\350\247\243\345\231\250>, "/usr/share/locale/locale.alias", O_RDONLY|O_CLOEXEC) = 3</usr/share/locale/locale.alias>
1123944 openat(AT_FDCWD</tmp/kernel-health-20260923-_5s65pp9/\346\261\202\350\247\243\345\231\250>, "/usr/lib/locale/C.UTF-8/LC_IDENTIFICATION", O_RDONLY|O_CLOEXEC) = -1 ENOENT (No such file or directory)
1123944 openat(AT_FDCWD</tmp/kernel-health-20260923-_5s65pp9/\346\261\202\350\247\243\345\231\250>, "/usr/lib/locale/C.utf8/LC_IDENTIFICATION", O_RDONLY|O_CLOEXEC) = 3</usr/lib/locale/C.utf8/LC_IDENTIFICATION>
1123944 openat(AT_FDCWD</tmp/kernel-health-20260923-_5s65pp9/\346\261\202\350\247\243\345\231\250>, "/usr/lib/gconv/gconv-modules.cache", O_RDONLY|O_CLOEXEC) = 3</usr/lib/gconv/gconv-modules.cache>
1123944 openat(AT_FDCWD</tmp/kernel-health-20260923-_5s65pp9/\346\261\202\350\247\243\345\231\250>, "/usr/lib/locale/C.UTF-8/LC_MEASUREMENT", O_RDONLY|O_CLOEXEC) = -1 ENOENT (No such file or directory)
1123944 openat(AT_FDCWD</tmp/kernel-health-20260923-_5s65pp9/\346\261\202\350\247\243\345\231\250>, "/usr/lib/locale/C.utf8/LC_MEASUREMENT", O_RDONLY|O_CLOEXEC) = 3</usr/lib/locale/C.utf8/LC_MEASUREMENT>
1123944 openat(AT_FDCWD</tmp/kernel-health-20260923-_5s65pp9/\346\261\202\350\247\243\345\231\250>, "/usr/lib/locale/C.UTF-8/LC_TELEPHONE", O_RDONLY|O_CLOEXEC) = -1 ENOENT (No such file or directory)
1123944 openat(AT_FDCWD</tmp/kernel-health-20260923-_5s65pp9/\346\261\202\350\247\243\345\231\250>, "/usr/lib/locale/C.utf8/LC_TELEPHONE", O_RDONLY|O_CLOEXEC) = 3</usr/lib/locale/C.utf8/LC_TELEPHONE>
1123944 openat(AT_FDCWD</tmp/kernel-health-20260923-_5s65pp9/\346\261\202\350\247\243\345\231\250>, "/usr/lib/locale/C.UTF-8/LC_ADDRESS", O_RDONLY|O_CLOEXEC) = -1 ENOENT (No such file or directory)
1123944 openat(AT_FDCWD</tmp/kernel-health-20260923-_5s65pp9/\346\261\202\350\247\243\345\231\250>, "/usr/lib/locale/C.utf8/LC_ADDRESS", O_RDONLY|O_CLOEXEC) = 3</usr/lib/locale/C.utf8/LC_ADDRESS>
1123944 openat(AT_FDCWD</tmp/kernel-health-20260923-_5s65pp9/\346\261\202\350\247\243\345\231\250>, "/usr/lib/locale/C.UTF-8/LC_NAME", O_RDONLY|O_CLOEXEC) = -1 ENOENT (No such file or directory)
1123944 openat(AT_FDCWD</tmp/kernel-health-20260923-_5s65pp9/\346\261\202\350\247\243\345\231\250>, "/usr/lib/locale/C.utf8/LC_NAME", O_RDONLY|O_CLOEXEC) = 3</usr/lib/locale/C.utf8/LC_NAME>
1123944 openat(AT_FDCWD</tmp/kernel-health-20260923-_5s65pp9/\346\261\202\350\247\243\345\231\250>, "/usr/lib/locale/C.UTF-8/LC_PAPER", O_RDONLY|O_CLOEXEC) = -1 ENOENT (No such file or directory)
1123944 openat(AT_FDCWD</tmp/kernel-health-20260923-_5s65pp9/\346\261\202\350\247\243\345\231\250>, "/usr/lib/locale/C.utf8/LC_PAPER", O_RDONLY|O_CLOEXEC) = 3</usr/lib/locale/C.utf8/LC_PAPER>
1123944 openat(AT_FDCWD</tmp/kernel-health-20260923-_5s65pp9/\346\261\202\350\247\243\345\231\250>, "/usr/lib/locale/C.UTF-8/LC_MESSAGES", O_RDONLY|O_CLOEXEC) = -1 ENOENT (No such file or directory)
1123944 openat(AT_FDCWD</tmp/kernel-health-20260923-_5s65pp9/\346\261\202\350\247\243\345\231\250>, "/usr/lib/locale/C.utf8/LC_MESSAGES", O_RDONLY|O_CLOEXEC) = 3</usr/lib/locale/C.utf8/LC_MESSAGES>
1123944 openat(AT_FDCWD</tmp/kernel-health-20260923-_5s65pp9/\346\261\202\350\247\243\345\231\250>, "/usr/lib/locale/C.utf8/LC_MESSAGES/SYS_LC_MESSAGES", O_RDONLY|O_CLOEXEC) = 3</usr/lib/locale/C.utf8/LC_MESSAGES/SYS_LC_MESSAGES>
1123944 openat(AT_FDCWD</tmp/kernel-health-20260923-_5s65pp9/\346\261\202\350\247\243\345\231\250>, "/usr/lib/locale/C.UTF-8/LC_MONETARY", O_RDONLY|O_CLOEXEC) = -1 ENOENT (No such file or directory)
1123944 openat(AT_FDCWD</tmp/kernel-health-20260923-_5s65pp9/\346\261\202\350\247\243\345\231\250>, "/usr/lib/locale/C.utf8/LC_MONETARY", O_RDONLY|O_CLOEXEC) = 3</usr/lib/locale/C.utf8/LC_MONETARY>
1123944 openat(AT_FDCWD</tmp/kernel-health-20260923-_5s65pp9/\346\261\202\350\247\243\345\231\250>, "/usr/lib/locale/C.UTF-8/LC_COLLATE", O_RDONLY|O_CLOEXEC) = -1 ENOENT (No such file or directory)
1123944 openat(AT_FDCWD</tmp/kernel-health-20260923-_5s65pp9/\346\261\202\350\247\243\345\231\250>, "/usr/lib/locale/C.utf8/LC_COLLATE", O_RDONLY|O_CLOEXEC) = 3</usr/lib/locale/C.utf8/LC_COLLATE>
1123944 openat(AT_FDCWD</tmp/kernel-health-20260923-_5s65pp9/\346\261\202\350\247\243\345\231\250>, "/usr/lib/locale/C.UTF-8/LC_TIME", O_RDONLY|O_CLOEXEC) = -1 ENOENT (No such file or directory)
1123944 openat(AT_FDCWD</tmp/kernel-health-20260923-_5s65pp9/\346\261\202\350\247\243\345\231\250>, "/usr/lib/locale/C.utf8/LC_TIME", O_RDONLY|O_CLOEXEC) = 3</usr/lib/locale/C.utf8/LC_TIME>
1123944 openat(AT_FDCWD</tmp/kernel-health-20260923-_5s65pp9/\346\261\202\350\247\243\345\231\250>, "/usr/lib/locale/C.UTF-8/LC_NUMERIC", O_RDONLY|O_CLOEXEC) = -1 ENOENT (No such file or directory)
1123944 openat(AT_FDCWD</tmp/kernel-health-20260923-_5s65pp9/\346\261\202\350\247\243\345\231\250>, "/usr/lib/locale/C.utf8/LC_NUMERIC", O_RDONLY|O_CLOEXEC) = 3</usr/lib/locale/C.utf8/LC_NUMERIC>
1123944 openat(AT_FDCWD</tmp/kernel-health-20260923-_5s65pp9/\346\261\202\350\247\243\345\231\250>, "/usr/lib/locale/C.UTF-8/LC_CTYPE", O_RDONLY|O_CLOEXEC) = -1 ENOENT (No such file or directory)
1123944 openat(AT_FDCWD</tmp/kernel-health-20260923-_5s65pp9/\346\261\202\350\247\243\345\231\250>, "/usr/lib/locale/C.utf8/LC_CTYPE", O_RDONLY|O_CLOEXEC) = 3</usr/lib/locale/C.utf8/LC_CTYPE>
1123944 openat(AT_FDCWD</tmp/kernel-health-20260923-_5s65pp9/\346\261\202\350\247\243\345\231\250>, "/tmp/kernel-health-20260923-_5s65pp9/\346\261\202\350\247\243\345\231\250/\350\247\204\346\240\274/\351\200\211\346\213\251\347\202\271\345\217\202\346\225\260\350\275\264.md", O_RDONLY) = 3</tmp/kernel-health-20260923-_5s65pp9/\346\261\202\350\247\243\345\231\250/\350\247\204\346\240\274/\351\200\211\346\213\251\347\202\271\345\217\202\346\225\260\350\275\264.md>
1123938 --- SIGCHLD {si_signo=SIGCHLD, si_code=CLD_EXITED, si_pid=1123944, si_uid=1000, si_status=0, si_utime=0, si_stime=0} ---
1123938 openat(AT_FDCWD</tmp/kernel-health-20260923-_5s65pp9/\346\261\202\350\247\243\345\231\250>, "/dev/null", O_RDONLY|O_CLOEXEC) = 3</dev/null<char 1:3>>
1123945 execve("/home/zhuran24/.codex/tmp/arg0/codex-arg07mihkU/sha256sum", ["sha256sum", "--", "/tmp/kernel-health-20260923-_5s65pp9/\346\261\202\350\247\243\345\231\250/\346\225\260\346\215\256/\346\240\267\344\276\213/\347\224\237\344\272\247\345\276\252\347\216\257\347\216\257\345\270\246.json"], 0x7ffef62f4cb8 /* 135 vars */) = -1 ENOENT (No such file or directory)
1123945 execve("/home/zhuran24/.cargo/bin/sha256sum", ["sha256sum", "--", "/tmp/kernel-health-20260923-_5s65pp9/\346\261\202\350\247\243\345\231\250/\346\225\260\346\215\256/\346\240\267\344\276\213/\347\224\237\344\272\247\345\276\252\347\216\257\347\216\257\345\270\246.json"], 0x7ffef62f4cb8 /* 135 vars */) = -1 ENOENT (No such file or directory)
1123945 execve("/home/zhuran24/.local/bin/sha256sum", ["sha256sum", "--", "/tmp/kernel-health-20260923-_5s65pp9/\346\261\202\350\247\243\345\231\250/\346\225\260\346\215\256/\346\240\267\344\276\213/\347\224\237\344\272\247\345\276\252\347\216\257\347\216\257\345\270\246.json"], 0x7ffef62f4cb8 /* 135 vars */) = -1 ENOENT (No such file or directory)
1123945 execve("/home/zhuran24/.opencode/bin/sha256sum", ["sha256sum", "--", "/tmp/kernel-health-20260923-_5s65pp9/\346\261\202\350\247\243\345\231\250/\346\225\260\346\215\256/\346\240\267\344\276\213/\347\224\237\344\272\247\345\276\252\347\216\257\347\216\257\345\270\246.json"], 0x7ffef62f4cb8 /* 135 vars */) = -1 ENOENT (No such file or directory)
1123945 execve("/usr/local/bin/sha256sum", ["sha256sum", "--", "/tmp/kernel-health-20260923-_5s65pp9/\346\261\202\350\247\243\345\231\250/\346\225\260\346\215\256/\346\240\267\344\276\213/\347\224\237\344\272\247\345\276\252\347\216\257\347\216\257\345\270\246.json"], 0x7ffef62f4cb8 /* 135 vars */) = -1 ENOENT (No such file or directory)
1123945 execve("/usr/bin/sha256sum", ["sha256sum", "--", "/tmp/kernel-health-20260923-_5s65pp9/\346\261\202\350\247\243\345\231\250/\346\225\260\346\215\256/\346\240\267\344\276\213/\347\224\237\344\272\247\345\276\252\347\216\257\347\216\257\345\270\246.json"], 0x7ffef62f4cb8 /* 135 vars */) = 0
1123945 openat(AT_FDCWD</tmp/kernel-health-20260923-_5s65pp9/\346\261\202\350\247\243\345\231\250>, "/etc/ld.so.cache", O_RDONLY|O_CLOEXEC) = 3</etc/ld.so.cache>
1123945 openat(AT_FDCWD</tmp/kernel-health-20260923-_5s65pp9/\346\261\202\350\247\243\345\231\250>, "/usr/lib/libcrypto.so.3", O_RDONLY|O_CLOEXEC) = 3</usr/lib/libcrypto.so.3>
1123945 openat(AT_FDCWD</tmp/kernel-health-20260923-_5s65pp9/\346\261\202\350\247\243\345\231\250>, "/usr/lib/libc.so.6", O_RDONLY|O_CLOEXEC) = 3</usr/lib/libc.so.6>
1123945 openat(AT_FDCWD</tmp/kernel-health-20260923-_5s65pp9/\346\261\202\350\247\243\345\231\250>, "/usr/lib/libz.so.1", O_RDONLY|O_CLOEXEC) = 3</usr/lib/libz.so.1.3.1.zlib-ng>
1123945 openat(AT_FDCWD</tmp/kernel-health-20260923-_5s65pp9/\346\261\202\350\247\243\345\231\250>, "/usr/lib/libbrotlienc.so.1", O_RDONLY|O_CLOEXEC) = 3</usr/lib/libbrotlienc.so.1.2.0>
1123945 openat(AT_FDCWD</tmp/kernel-health-20260923-_5s65pp9/\346\261\202\350\247\243\345\231\250>, "/usr/lib/libbrotlidec.so.1", O_RDONLY|O_CLOEXEC) = 3</usr/lib/libbrotlidec.so.1.2.0>
1123945 openat(AT_FDCWD</tmp/kernel-health-20260923-_5s65pp9/\346\261\202\350\247\243\345\231\250>, "/usr/lib/libzstd.so.1", O_RDONLY|O_CLOEXEC) = 3</usr/lib/libzstd.so.1.5.7>
1123945 openat(AT_FDCWD</tmp/kernel-health-20260923-_5s65pp9/\346\261\202\350\247\243\345\231\250>, "/usr/lib/libm.so.6", O_RDONLY|O_CLOEXEC) = 3</usr/lib/libm.so.6>
1123945 openat(AT_FDCWD</tmp/kernel-health-20260923-_5s65pp9/\346\261\202\350\247\243\345\231\250>, "/usr/lib/libbrotlicommon.so.1", O_RDONLY|O_CLOEXEC) = 3</usr/lib/libbrotlicommon.so.1.2.0>
1123945 openat(AT_FDCWD</tmp/kernel-health-20260923-_5s65pp9/\346\261\202\350\247\243\345\231\250>, "/usr/lib/locale/locale-archive", O_RDONLY|O_CLOEXEC) = 3</usr/lib/locale/locale-archive>
1123945 openat(AT_FDCWD</tmp/kernel-health-20260923-_5s65pp9/\346\261\202\350\247\243\345\231\250>, "/usr/share/locale/locale.alias", O_RDONLY|O_CLOEXEC) = 3</usr/share/locale/locale.alias>
1123945 openat(AT_FDCWD</tmp/kernel-health-20260923-_5s65pp9/\346\261\202\350\247\243\345\231\250>, "/usr/lib/locale/C.UTF-8/LC_IDENTIFICATION", O_RDONLY|O_CLOEXEC) = -1 ENOENT (No such file or directory)
1123945 openat(AT_FDCWD</tmp/kernel-health-20260923-_5s65pp9/\346\261\202\350\247\243\345\231\250>, "/usr/lib/locale/C.utf8/LC_IDENTIFICATION", O_RDONLY|O_CLOEXEC) = 3</usr/lib/locale/C.utf8/LC_IDENTIFICATION>
1123945 openat(AT_FDCWD</tmp/kernel-health-20260923-_5s65pp9/\346\261\202\350\247\243\345\231\250>, "/usr/lib/gconv/gconv-modules.cache", O_RDONLY|O_CLOEXEC) = 3</usr/lib/gconv/gconv-modules.cache>
1123945 openat(AT_FDCWD</tmp/kernel-health-20260923-_5s65pp9/\346\261\202\350\247\243\345\231\250>, "/usr/lib/locale/C.UTF-8/LC_MEASUREMENT", O_RDONLY|O_CLOEXEC) = -1 ENOENT (No such file or directory)
1123945 openat(AT_FDCWD</tmp/kernel-health-20260923-_5s65pp9/\346\261\202\350\247\243\345\231\250>, "/usr/lib/locale/C.utf8/LC_MEASUREMENT", O_RDONLY|O_CLOEXEC) = 3</usr/lib/locale/C.utf8/LC_MEASUREMENT>
1123945 openat(AT_FDCWD</tmp/kernel-health-20260923-_5s65pp9/\346\261\202\350\247\243\345\231\250>, "/usr/lib/locale/C.UTF-8/LC_TELEPHONE", O_RDONLY|O_CLOEXEC) = -1 ENOENT (No such file or directory)
1123945 openat(AT_FDCWD</tmp/kernel-health-20260923-_5s65pp9/\346\261\202\350\247\243\345\231\250>, "/usr/lib/locale/C.utf8/LC_TELEPHONE", O_RDONLY|O_CLOEXEC) = 3</usr/lib/locale/C.utf8/LC_TELEPHONE>
1123945 openat(AT_FDCWD</tmp/kernel-health-20260923-_5s65pp9/\346\261\202\350\247\243\345\231\250>, "/usr/lib/locale/C.UTF-8/LC_ADDRESS", O_RDONLY|O_CLOEXEC) = -1 ENOENT (No such file or directory)
1123945 openat(AT_FDCWD</tmp/kernel-health-20260923-_5s65pp9/\346\261\202\350\247\243\345\231\250>, "/usr/lib/locale/C.utf8/LC_ADDRESS", O_RDONLY|O_CLOEXEC) = 3</usr/lib/locale/C.utf8/LC_ADDRESS>
1123945 openat(AT_FDCWD</tmp/kernel-health-20260923-_5s65pp9/\346\261\202\350\247\243\345\231\250>, "/usr/lib/locale/C.UTF-8/LC_NAME", O_RDONLY|O_CLOEXEC) = -1 ENOENT (No such file or directory)
1123945 openat(AT_FDCWD</tmp/kernel-health-20260923-_5s65pp9/\346\261\202\350\247\243\345\231\250>, "/usr/lib/locale/C.utf8/LC_NAME", O_RDONLY|O_CLOEXEC) = 3</usr/lib/locale/C.utf8/LC_NAME>
1123945 openat(AT_FDCWD</tmp/kernel-health-20260923-_5s65pp9/\346\261\202\350\247\243\345\231\250>, "/usr/lib/locale/C.UTF-8/LC_PAPER", O_RDONLY|O_CLOEXEC) = -1 ENOENT (No such file or directory)
1123945 openat(AT_FDCWD</tmp/kernel-health-20260923-_5s65pp9/\346\261\202\350\247\243\345\231\250>, "/usr/lib/locale/C.utf8/LC_PAPER", O_RDONLY|O_CLOEXEC) = 3</usr/lib/locale/C.utf8/LC_PAPER>
1123945 openat(AT_FDCWD</tmp/kernel-health-20260923-_5s65pp9/\346\261\202\350\247\243\345\231\250>, "/usr/lib/locale/C.UTF-8/LC_MESSAGES", O_RDONLY|O_CLOEXEC) = -1 ENOENT (No such file or directory)
1123945 openat(AT_FDCWD</tmp/kernel-health-20260923-_5s65pp9/\346\261\202\350\247\243\345\231\250>, "/usr/lib/locale/C.utf8/LC_MESSAGES", O_RDONLY|O_CLOEXEC) = 3</usr/lib/locale/C.utf8/LC_MESSAGES>
1123945 openat(AT_FDCWD</tmp/kernel-health-20260923-_5s65pp9/\346\261\202\350\247\243\345\231\250>, "/usr/lib/locale/C.utf8/LC_MESSAGES/SYS_LC_MESSAGES", O_RDONLY|O_CLOEXEC) = 3</usr/lib/locale/C.utf8/LC_MESSAGES/SYS_LC_MESSAGES>
1123945 openat(AT_FDCWD</tmp/kernel-health-20260923-_5s65pp9/\346\261\202\350\247\243\345\231\250>, "/usr/lib/locale/C.UTF-8/LC_MONETARY", O_RDONLY|O_CLOEXEC) = -1 ENOENT (No such file or directory)
1123945 openat(AT_FDCWD</tmp/kernel-health-20260923-_5s65pp9/\346\261\202\350\247\243\345\231\250>, "/usr/lib/locale/C.utf8/LC_MONETARY", O_RDONLY|O_CLOEXEC) = 3</usr/lib/locale/C.utf8/LC_MONETARY>
1123945 openat(AT_FDCWD</tmp/kernel-health-20260923-_5s65pp9/\346\261\202\350\247\243\345\231\250>, "/usr/lib/locale/C.UTF-8/LC_COLLATE", O_RDONLY|O_CLOEXEC) = -1 ENOENT (No such file or directory)
1123945 openat(AT_FDCWD</tmp/kernel-health-20260923-_5s65pp9/\346\261\202\350\247\243\345\231\250>, "/usr/lib/locale/C.utf8/LC_COLLATE", O_RDONLY|O_CLOEXEC) = 3</usr/lib/locale/C.utf8/LC_COLLATE>
1123945 openat(AT_FDCWD</tmp/kernel-health-20260923-_5s65pp9/\346\261\202\350\247\243\345\231\250>, "/usr/lib/locale/C.UTF-8/LC_TIME", O_RDONLY|O_CLOEXEC) = -1 ENOENT (No such file or directory)
1123945 openat(AT_FDCWD</tmp/kernel-health-20260923-_5s65pp9/\346\261\202\350\247\243\345\231\250>, "/usr/lib/locale/C.utf8/LC_TIME", O_RDONLY|O_CLOEXEC) = 3</usr/lib/locale/C.utf8/LC_TIME>
1123945 openat(AT_FDCWD</tmp/kernel-health-20260923-_5s65pp9/\346\261\202\350\247\243\345\231\250>, "/usr/lib/locale/C.UTF-8/LC_NUMERIC", O_RDONLY|O_CLOEXEC) = -1 ENOENT (No such file or directory)
1123945 openat(AT_FDCWD</tmp/kernel-health-20260923-_5s65pp9/\346\261\202\350\247\243\345\231\250>, "/usr/lib/locale/C.utf8/LC_NUMERIC", O_RDONLY|O_CLOEXEC) = 3</usr/lib/locale/C.utf8/LC_NUMERIC>
1123945 openat(AT_FDCWD</tmp/kernel-health-20260923-_5s65pp9/\346\261\202\350\247\243\345\231\250>, "/usr/lib/locale/C.UTF-8/LC_CTYPE", O_RDONLY|O_CLOEXEC) = -1 ENOENT (No such file or directory)
1123945 openat(AT_FDCWD</tmp/kernel-health-20260923-_5s65pp9/\346\261\202\350\247\243\345\231\250>, "/usr/lib/locale/C.utf8/LC_CTYPE", O_RDONLY|O_CLOEXEC) = 3</usr/lib/locale/C.utf8/LC_CTYPE>
1123945 openat(AT_FDCWD</tmp/kernel-health-20260923-_5s65pp9/\346\261\202\350\247\243\345\231\250>, "/tmp/kernel-health-20260923-_5s65pp9/\346\261\202\350\247\243\345\231\250/\346\225\260\346\215\256/\346\240\267\344\276\213/\347\224\237\344\272\247\345\276\252\347\216\257\347\216\257\345\270\246.json", O_RDONLY) = 3</tmp/kernel-health-20260923-_5s65pp9/\346\261\202\350\247\243\345\231\250/\346\225\260\346\215\256/\346\240\267\344\276\213/\347\224\237\344\272\247\345\276\252\347\216\257\347\216\257\345\270\246.json>
1123938 --- SIGCHLD {si_signo=SIGCHLD, si_code=CLD_EXITED, si_pid=1123945, si_uid=1000, si_status=0, si_utime=0, si_stime=0} ---
1123938 openat(AT_FDCWD</tmp/kernel-health-20260923-_5s65pp9/\346\261\202\350\247\243\345\231\250>, "/dev/null", O_RDONLY|O_CLOEXEC) = 3</dev/null<char 1:3>>
1123946 execve("/home/zhuran24/.codex/tmp/arg0/codex-arg07mihkU/sha256sum", ["sha256sum", "--", "/tmp/kernel-health-20260923-_5s65pp9/\346\261\202\350\247\243\345\231\250/\350\247\204\346\240\274/\345\206\205\346\240\270\351\205\215\347\275\256-v1.json"], 0x7ffef62f4cb8 /* 135 vars */) = -1 ENOENT (No such file or directory)
1123946 execve("/home/zhuran24/.cargo/bin/sha256sum", ["sha256sum", "--", "/tmp/kernel-health-20260923-_5s65pp9/\346\261\202\350\247\243\345\231\250/\350\247\204\346\240\274/\345\206\205\346\240\270\351\205\215\347\275\256-v1.json"], 0x7ffef62f4cb8 /* 135 vars */) = -1 ENOENT (No such file or directory)
1123946 execve("/home/zhuran24/.local/bin/sha256sum", ["sha256sum", "--", "/tmp/kernel-health-20260923-_5s65pp9/\346\261\202\350\247\243\345\231\250/\350\247\204\346\240\274/\345\206\205\346\240\270\351\205\215\347\275\256-v1.json"], 0x7ffef62f4cb8 /* 135 vars */) = -1 ENOENT (No such file or directory)
1123946 execve("/home/zhuran24/.opencode/bin/sha256sum", ["sha256sum", "--", "/tmp/kernel-health-20260923-_5s65pp9/\346\261\202\350\247\243\345\231\250/\350\247\204\346\240\274/\345\206\205\346\240\270\351\205\215\347\275\256-v1.json"], 0x7ffef62f4cb8 /* 135 vars */) = -1 ENOENT (No such file or directory)
1123946 execve("/usr/local/bin/sha256sum", ["sha256sum", "--", "/tmp/kernel-health-20260923-_5s65pp9/\346\261\202\350\247\243\345\231\250/\350\247\204\346\240\274/\345\206\205\346\240\270\351\205\215\347\275\256-v1.json"], 0x7ffef62f4cb8 /* 135 vars */) = -1 ENOENT (No such file or directory)
1123946 execve("/usr/bin/sha256sum", ["sha256sum", "--", "/tmp/kernel-health-20260923-_5s65pp9/\346\261\202\350\247\243\345\231\250/\350\247\204\346\240\274/\345\206\205\346\240\270\351\205\215\347\275\256-v1.json"], 0x7ffef62f4cb8 /* 135 vars */) = 0
1123946 openat(AT_FDCWD</tmp/kernel-health-20260923-_5s65pp9/\346\261\202\350\247\243\345\231\250>, "/etc/ld.so.cache", O_RDONLY|O_CLOEXEC) = 3</etc/ld.so.cache>
1123946 openat(AT_FDCWD</tmp/kernel-health-20260923-_5s65pp9/\346\261\202\350\247\243\345\231\250>, "/usr/lib/libcrypto.so.3", O_RDONLY|O_CLOEXEC) = 3</usr/lib/libcrypto.so.3>
1123946 openat(AT_FDCWD</tmp/kernel-health-20260923-_5s65pp9/\346\261\202\350\247\243\345\231\250>, "/usr/lib/libc.so.6", O_RDONLY|O_CLOEXEC) = 3</usr/lib/libc.so.6>
1123946 openat(AT_FDCWD</tmp/kernel-health-20260923-_5s65pp9/\346\261\202\350\247\243\345\231\250>, "/usr/lib/libz.so.1", O_RDONLY|O_CLOEXEC) = 3</usr/lib/libz.so.1.3.1.zlib-ng>
1123946 openat(AT_FDCWD</tmp/kernel-health-20260923-_5s65pp9/\346\261\202\350\247\243\345\231\250>, "/usr/lib/libbrotlienc.so.1", O_RDONLY|O_CLOEXEC) = 3</usr/lib/libbrotlienc.so.1.2.0>
1123946 openat(AT_FDCWD</tmp/kernel-health-20260923-_5s65pp9/\346\261\202\350\247\243\345\231\250>, "/usr/lib/libbrotlidec.so.1", O_RDONLY|O_CLOEXEC) = 3</usr/lib/libbrotlidec.so.1.2.0>
1123946 openat(AT_FDCWD</tmp/kernel-health-20260923-_5s65pp9/\346\261\202\350\247\243\345\231\250>, "/usr/lib/libzstd.so.1", O_RDONLY|O_CLOEXEC) = 3</usr/lib/libzstd.so.1.5.7>
1123946 openat(AT_FDCWD</tmp/kernel-health-20260923-_5s65pp9/\346\261\202\350\247\243\345\231\250>, "/usr/lib/libm.so.6", O_RDONLY|O_CLOEXEC) = 3</usr/lib/libm.so.6>
1123946 openat(AT_FDCWD</tmp/kernel-health-20260923-_5s65pp9/\346\261\202\350\247\243\345\231\250>, "/usr/lib/libbrotlicommon.so.1", O_RDONLY|O_CLOEXEC) = 3</usr/lib/libbrotlicommon.so.1.2.0>
1123946 openat(AT_FDCWD</tmp/kernel-health-20260923-_5s65pp9/\346\261\202\350\247\243\345\231\250>, "/usr/lib/locale/locale-archive", O_RDONLY|O_CLOEXEC) = 3</usr/lib/locale/locale-archive>
1123946 openat(AT_FDCWD</tmp/kernel-health-20260923-_5s65pp9/\346\261\202\350\247\243\345\231\250>, "/usr/share/locale/locale.alias", O_RDONLY|O_CLOEXEC) = 3</usr/share/locale/locale.alias>
1123946 openat(AT_FDCWD</tmp/kernel-health-20260923-_5s65pp9/\346\261\202\350\247\243\345\231\250>, "/usr/lib/locale/C.UTF-8/LC_IDENTIFICATION", O_RDONLY|O_CLOEXEC) = -1 ENOENT (No such file or directory)
1123946 openat(AT_FDCWD</tmp/kernel-health-20260923-_5s65pp9/\346\261\202\350\247\243\345\231\250>, "/usr/lib/locale/C.utf8/LC_IDENTIFICATION", O_RDONLY|O_CLOEXEC) = 3</usr/lib/locale/C.utf8/LC_IDENTIFICATION>
1123946 openat(AT_FDCWD</tmp/kernel-health-20260923-_5s65pp9/\346\261\202\350\247\243\345\231\250>, "/usr/lib/gconv/gconv-modules.cache", O_RDONLY|O_CLOEXEC) = 3</usr/lib/gconv/gconv-modules.cache>
1123946 openat(AT_FDCWD</tmp/kernel-health-20260923-_5s65pp9/\346\261\202\350\247\243\345\231\250>, "/usr/lib/locale/C.UTF-8/LC_MEASUREMENT", O_RDONLY|O_CLOEXEC) = -1 ENOENT (No such file or directory)
1123946 openat(AT_FDCWD</tmp/kernel-health-20260923-_5s65pp9/\346\261\202\350\247\243\345\231\250>, "/usr/lib/locale/C.utf8/LC_MEASUREMENT", O_RDONLY|O_CLOEXEC) = 3</usr/lib/locale/C.utf8/LC_MEASUREMENT>
1123946 openat(AT_FDCWD</tmp/kernel-health-20260923-_5s65pp9/\346\261\202\350\247\243\345\231\250>, "/usr/lib/locale/C.UTF-8/LC_TELEPHONE", O_RDONLY|O_CLOEXEC) = -1 ENOENT (No such file or directory)
1123946 openat(AT_FDCWD</tmp/kernel-health-20260923-_5s65pp9/\346\261\202\350\247\243\345\231\250>, "/usr/lib/locale/C.utf8/LC_TELEPHONE", O_RDONLY|O_CLOEXEC) = 3</usr/lib/locale/C.utf8/LC_TELEPHONE>
1123946 openat(AT_FDCWD</tmp/kernel-health-20260923-_5s65pp9/\346\261\202\350\247\243\345\231\250>, "/usr/lib/locale/C.UTF-8/LC_ADDRESS", O_RDONLY|O_CLOEXEC) = -1 ENOENT (No such file or directory)
1123946 openat(AT_FDCWD</tmp/kernel-health-20260923-_5s65pp9/\346\261\202\350\247\243\345\231\250>, "/usr/lib/locale/C.utf8/LC_ADDRESS", O_RDONLY|O_CLOEXEC) = 3</usr/lib/locale/C.utf8/LC_ADDRESS>
1123946 openat(AT_FDCWD</tmp/kernel-health-20260923-_5s65pp9/\346\261\202\350\247\243\345\231\250>, "/usr/lib/locale/C.UTF-8/LC_NAME", O_RDONLY|O_CLOEXEC) = -1 ENOENT (No such file or directory)
1123946 openat(AT_FDCWD</tmp/kernel-health-20260923-_5s65pp9/\346\261\202\350\247\243\345\231\250>, "/usr/lib/locale/C.utf8/LC_NAME", O_RDONLY|O_CLOEXEC) = 3</usr/lib/locale/C.utf8/LC_NAME>
1123946 openat(AT_FDCWD</tmp/kernel-health-20260923-_5s65pp9/\346\261\202\350\247\243\345\231\250>, "/usr/lib/locale/C.UTF-8/LC_PAPER", O_RDONLY|O_CLOEXEC) = -1 ENOENT (No such file or directory)
1123946 openat(AT_FDCWD</tmp/kernel-health-20260923-_5s65pp9/\346\261\202\350\247\243\345\231\250>, "/usr/lib/locale/C.utf8/LC_PAPER", O_RDONLY|O_CLOEXEC) = 3</usr/lib/locale/C.utf8/LC_PAPER>
1123946 openat(AT_FDCWD</tmp/kernel-health-20260923-_5s65pp9/\346\261\202\350\247\243\345\231\250>, "/usr/lib/locale/C.UTF-8/LC_MESSAGES", O_RDONLY|O_CLOEXEC) = -1 ENOENT (No such file or directory)
1123946 openat(AT_FDCWD</tmp/kernel-health-20260923-_5s65pp9/\346\261\202\350\247\243\345\231\250>, "/usr/lib/locale/C.utf8/LC_MESSAGES", O_RDONLY|O_CLOEXEC) = 3</usr/lib/locale/C.utf8/LC_MESSAGES>
1123946 openat(AT_FDCWD</tmp/kernel-health-20260923-_5s65pp9/\346\261\202\350\247\243\345\231\250>, "/usr/lib/locale/C.utf8/LC_MESSAGES/SYS_LC_MESSAGES", O_RDONLY|O_CLOEXEC) = 3</usr/lib/locale/C.utf8/LC_MESSAGES/SYS_LC_MESSAGES>
1123946 openat(AT_FDCWD</tmp/kernel-health-20260923-_5s65pp9/\346\261\202\350\247\243\345\231\250>, "/usr/lib/locale/C.UTF-8/LC_MONETARY", O_RDONLY|O_CLOEXEC) = -1 ENOENT (No such file or directory)
1123946 openat(AT_FDCWD</tmp/kernel-health-20260923-_5s65pp9/\346\261\202\350\247\243\345\231\250>, "/usr/lib/locale/C.utf8/LC_MONETARY", O_RDONLY|O_CLOEXEC) = 3</usr/lib/locale/C.utf8/LC_MONETARY>
1123946 openat(AT_FDCWD</tmp/kernel-health-20260923-_5s65pp9/\346\261\202\350\247\243\345\231\250>, "/usr/lib/locale/C.UTF-8/LC_COLLATE", O_RDONLY|O_CLOEXEC) = -1 ENOENT (No such file or directory)
1123946 openat(AT_FDCWD</tmp/kernel-health-20260923-_5s65pp9/\346\261\202\350\247\243\345\231\250>, "/usr/lib/locale/C.utf8/LC_COLLATE", O_RDONLY|O_CLOEXEC) = 3</usr/lib/locale/C.utf8/LC_COLLATE>
1123946 openat(AT_FDCWD</tmp/kernel-health-20260923-_5s65pp9/\346\261\202\350\247\243\345\231\250>, "/usr/lib/locale/C.UTF-8/LC_TIME", O_RDONLY|O_CLOEXEC) = -1 ENOENT (No such file or directory)
1123946 openat(AT_FDCWD</tmp/kernel-health-20260923-_5s65pp9/\346\261\202\350\247\243\345\231\250>, "/usr/lib/locale/C.utf8/LC_TIME", O_RDONLY|O_CLOEXEC) = 3</usr/lib/locale/C.utf8/LC_TIME>
1123946 openat(AT_FDCWD</tmp/kernel-health-20260923-_5s65pp9/\346\261\202\350\247\243\345\231\250>, "/usr/lib/locale/C.UTF-8/LC_NUMERIC", O_RDONLY|O_CLOEXEC) = -1 ENOENT (No such file or directory)
1123946 openat(AT_FDCWD</tmp/kernel-health-20260923-_5s65pp9/\346\261\202\350\247\243\345\231\250>, "/usr/lib/locale/C.utf8/LC_NUMERIC", O_RDONLY|O_CLOEXEC) = 3</usr/lib/locale/C.utf8/LC_NUMERIC>
1123946 openat(AT_FDCWD</tmp/kernel-health-20260923-_5s65pp9/\346\261\202\350\247\243\345\231\250>, "/usr/lib/locale/C.UTF-8/LC_CTYPE", O_RDONLY|O_CLOEXEC) = -1 ENOENT (No such file or directory)
1123946 openat(AT_FDCWD</tmp/kernel-health-20260923-_5s65pp9/\346\261\202\350\247\243\345\231\250>, "/usr/lib/locale/C.utf8/LC_CTYPE", O_RDONLY|O_CLOEXEC) = 3</usr/lib/locale/C.utf8/LC_CTYPE>
1123946 openat(AT_FDCWD</tmp/kernel-health-20260923-_5s65pp9/\346\261\202\350\247\243\345\231\250>, "/tmp/kernel-health-20260923-_5s65pp9/\346\261\202\350\247\243\345\231\250/\350\247\204\346\240\274/\345\206\205\346\240\270\351\205\215\347\275\256-v1.json", O_RDONLY) = 3</tmp/kernel-health-20260923-_5s65pp9/\346\261\202\350\247\243\345\231\250/\350\247\204\346\240\274/\345\206\205\346\240\270\351\205\215\347\275\256-v1.json>
1123938 --- SIGCHLD {si_signo=SIGCHLD, si_code=CLD_EXITED, si_pid=1123946, si_uid=1000, si_status=0, si_utime=0, si_stime=0} ---
1123938 openat(AT_FDCWD</tmp/kernel-health-20260923-_5s65pp9/\346\261\202\350\247\243\345\231\250>, "/dev/null", O_RDONLY|O_CLOEXEC) = 3</dev/null<char 1:3>>
1123947 execve("/home/zhuran24/.codex/tmp/arg0/codex-arg07mihkU/sha256sum", ["sha256sum", "--", "/tmp/kernel-health-20260923-_5s65pp9/\346\261\202\350\247\243\345\231\250/\346\225\260\346\215\256/\346\255\243\345\274\217\351\235\231\346\200\201\347\233\256\345\275\225.json"], 0x7ffef62f4cb8 /* 135 vars */) = -1 ENOENT (No such file or directory)
1123947 execve("/home/zhuran24/.cargo/bin/sha256sum", ["sha256sum", "--", "/tmp/kernel-health-20260923-_5s65pp9/\346\261\202\350\247\243\345\231\250/\346\225\260\346\215\256/\346\255\243\345\274\217\351\235\231\346\200\201\347\233\256\345\275\225.json"], 0x7ffef62f4cb8 /* 135 vars */) = -1 ENOENT (No such file or directory)
1123947 execve("/home/zhuran24/.local/bin/sha256sum", ["sha256sum", "--", "/tmp/kernel-health-20260923-_5s65pp9/\346\261\202\350\247\243\345\231\250/\346\225\260\346\215\256/\346\255\243\345\274\217\351\235\231\346\200\201\347\233\256\345\275\225.json"], 0x7ffef62f4cb8 /* 135 vars */) = -1 ENOENT (No such file or directory)
1123947 execve("/home/zhuran24/.opencode/bin/sha256sum", ["sha256sum", "--", "/tmp/kernel-health-20260923-_5s65pp9/\346\261\202\350\247\243\345\231\250/\346\225\260\346\215\256/\346\255\243\345\274\217\351\235\231\346\200\201\347\233\256\345\275\225.json"], 0x7ffef62f4cb8 /* 135 vars */) = -1 ENOENT (No such file or directory)
1123947 execve("/usr/local/bin/sha256sum", ["sha256sum", "--", "/tmp/kernel-health-20260923-_5s65pp9/\346\261\202\350\247\243\345\231\250/\346\225\260\346\215\256/\346\255\243\345\274\217\351\235\231\346\200\201\347\233\256\345\275\225.json"], 0x7ffef62f4cb8 /* 135 vars */) = -1 ENOENT (No such file or directory)
1123947 execve("/usr/bin/sha256sum", ["sha256sum", "--", "/tmp/kernel-health-20260923-_5s65pp9/\346\261\202\350\247\243\345\231\250/\346\225\260\346\215\256/\346\255\243\345\274\217\351\235\231\346\200\201\347\233\256\345\275\225.json"], 0x7ffef62f4cb8 /* 135 vars */) = 0
1123947 openat(AT_FDCWD</tmp/kernel-health-20260923-_5s65pp9/\346\261\202\350\247\243\345\231\250>, "/etc/ld.so.cache", O_RDONLY|O_CLOEXEC) = 3</etc/ld.so.cache>
1123947 openat(AT_FDCWD</tmp/kernel-health-20260923-_5s65pp9/\346\261\202\350\247\243\345\231\250>, "/usr/lib/libcrypto.so.3", O_RDONLY|O_CLOEXEC) = 3</usr/lib/libcrypto.so.3>
1123947 openat(AT_FDCWD</tmp/kernel-health-20260923-_5s65pp9/\346\261\202\350\247\243\345\231\250>, "/usr/lib/libc.so.6", O_RDONLY|O_CLOEXEC) = 3</usr/lib/libc.so.6>
1123947 openat(AT_FDCWD</tmp/kernel-health-20260923-_5s65pp9/\346\261\202\350\247\243\345\231\250>, "/usr/lib/libz.so.1", O_RDONLY|O_CLOEXEC) = 3</usr/lib/libz.so.1.3.1.zlib-ng>
1123947 openat(AT_FDCWD</tmp/kernel-health-20260923-_5s65pp9/\346\261\202\350\247\243\345\231\250>, "/usr/lib/libbrotlienc.so.1", O_RDONLY|O_CLOEXEC) = 3</usr/lib/libbrotlienc.so.1.2.0>
1123947 openat(AT_FDCWD</tmp/kernel-health-20260923-_5s65pp9/\346\261\202\350\247\243\345\231\250>, "/usr/lib/libbrotlidec.so.1", O_RDONLY|O_CLOEXEC) = 3</usr/lib/libbrotlidec.so.1.2.0>
1123947 openat(AT_FDCWD</tmp/kernel-health-20260923-_5s65pp9/\346\261\202\350\247\243\345\231\250>, "/usr/lib/libzstd.so.1", O_RDONLY|O_CLOEXEC) = 3</usr/lib/libzstd.so.1.5.7>
1123947 openat(AT_FDCWD</tmp/kernel-health-20260923-_5s65pp9/\346\261\202\350\247\243\345\231\250>, "/usr/lib/libm.so.6", O_RDONLY|O_CLOEXEC) = 3</usr/lib/libm.so.6>
1123947 openat(AT_FDCWD</tmp/kernel-health-20260923-_5s65pp9/\346\261\202\350\247\243\345\231\250>, "/usr/lib/libbrotlicommon.so.1", O_RDONLY|O_CLOEXEC) = 3</usr/lib/libbrotlicommon.so.1.2.0>
1123947 openat(AT_FDCWD</tmp/kernel-health-20260923-_5s65pp9/\346\261\202\350\247\243\345\231\250>, "/usr/lib/locale/locale-archive", O_RDONLY|O_CLOEXEC) = 3</usr/lib/locale/locale-archive>
1123947 openat(AT_FDCWD</tmp/kernel-health-20260923-_5s65pp9/\346\261\202\350\247\243\345\231\250>, "/usr/share/locale/locale.alias", O_RDONLY|O_CLOEXEC) = 3</usr/share/locale/locale.alias>
1123947 openat(AT_FDCWD</tmp/kernel-health-20260923-_5s65pp9/\346\261\202\350\247\243\345\231\250>, "/usr/lib/locale/C.UTF-8/LC_IDENTIFICATION", O_RDONLY|O_CLOEXEC) = -1 ENOENT (No such file or directory)
1123947 openat(AT_FDCWD</tmp/kernel-health-20260923-_5s65pp9/\346\261\202\350\247\243\345\231\250>, "/usr/lib/locale/C.utf8/LC_IDENTIFICATION", O_RDONLY|O_CLOEXEC) = 3</usr/lib/locale/C.utf8/LC_IDENTIFICATION>
1123947 openat(AT_FDCWD</tmp/kernel-health-20260923-_5s65pp9/\346\261\202\350\247\243\345\231\250>, "/usr/lib/gconv/gconv-modules.cache", O_RDONLY|O_CLOEXEC) = 3</usr/lib/gconv/gconv-modules.cache>
1123947 openat(AT_FDCWD</tmp/kernel-health-20260923-_5s65pp9/\346\261\202\350\247\243\345\231\250>, "/usr/lib/locale/C.UTF-8/LC_MEASUREMENT", O_RDONLY|O_CLOEXEC) = -1 ENOENT (No such file or directory)
1123947 openat(AT_FDCWD</tmp/kernel-health-20260923-_5s65pp9/\346\261\202\350\247\243\345\231\250>, "/usr/lib/locale/C.utf8/LC_MEASUREMENT", O_RDONLY|O_CLOEXEC) = 3</usr/lib/locale/C.utf8/LC_MEASUREMENT>
1123947 openat(AT_FDCWD</tmp/kernel-health-20260923-_5s65pp9/\346\261\202\350\247\243\345\231\250>, "/usr/lib/locale/C.UTF-8/LC_TELEPHONE", O_RDONLY|O_CLOEXEC) = -1 ENOENT (No such file or directory)
1123947 openat(AT_FDCWD</tmp/kernel-health-20260923-_5s65pp9/\346\261\202\350\247\243\345\231\250>, "/usr/lib/locale/C.utf8/LC_TELEPHONE", O_RDONLY|O_CLOEXEC) = 3</usr/lib/locale/C.utf8/LC_TELEPHONE>
1123947 openat(AT_FDCWD</tmp/kernel-health-20260923-_5s65pp9/\346\261\202\350\247\243\345\231\250>, "/usr/lib/locale/C.UTF-8/LC_ADDRESS", O_RDONLY|O_CLOEXEC) = -1 ENOENT (No such file or directory)
1123947 openat(AT_FDCWD</tmp/kernel-health-20260923-_5s65pp9/\346\261\202\350\247\243\345\231\250>, "/usr/lib/locale/C.utf8/LC_ADDRESS", O_RDONLY|O_CLOEXEC) = 3</usr/lib/locale/C.utf8/LC_ADDRESS>
1123947 openat(AT_FDCWD</tmp/kernel-health-20260923-_5s65pp9/\346\261\202\350\247\243\345\231\250>, "/usr/lib/locale/C.UTF-8/LC_NAME", O_RDONLY|O_CLOEXEC) = -1 ENOENT (No such file or directory)
1123947 openat(AT_FDCWD</tmp/kernel-health-20260923-_5s65pp9/\346\261\202\350\247\243\345\231\250>, "/usr/lib/locale/C.utf8/LC_NAME", O_RDONLY|O_CLOEXEC) = 3</usr/lib/locale/C.utf8/LC_NAME>
1123947 openat(AT_FDCWD</tmp/kernel-health-20260923-_5s65pp9/\346\261\202\350\247\243\345\231\250>, "/usr/lib/locale/C.UTF-8/LC_PAPER", O_RDONLY|O_CLOEXEC) = -1 ENOENT (No such file or directory)
1123947 openat(AT_FDCWD</tmp/kernel-health-20260923-_5s65pp9/\346\261\202\350\247\243\345\231\250>, "/usr/lib/locale/C.utf8/LC_PAPER", O_RDONLY|O_CLOEXEC) = 3</usr/lib/locale/C.utf8/LC_PAPER>
1123947 openat(AT_FDCWD</tmp/kernel-health-20260923-_5s65pp9/\346\261\202\350\247\243\345\231\250>, "/usr/lib/locale/C.UTF-8/LC_MESSAGES", O_RDONLY|O_CLOEXEC) = -1 ENOENT (No such file or directory)
1123947 openat(AT_FDCWD</tmp/kernel-health-20260923-_5s65pp9/\346\261\202\350\247\243\345\231\250>, "/usr/lib/locale/C.utf8/LC_MESSAGES", O_RDONLY|O_CLOEXEC) = 3</usr/lib/locale/C.utf8/LC_MESSAGES>
1123947 openat(AT_FDCWD</tmp/kernel-health-20260923-_5s65pp9/\346\261\202\350\247\243\345\231\250>, "/usr/lib/locale/C.utf8/LC_MESSAGES/SYS_LC_MESSAGES", O_RDONLY|O_CLOEXEC) = 3</usr/lib/locale/C.utf8/LC_MESSAGES/SYS_LC_MESSAGES>
1123947 openat(AT_FDCWD</tmp/kernel-health-20260923-_5s65pp9/\346\261\202\350\247\243\345\231\250>, "/usr/lib/locale/C.UTF-8/LC_MONETARY", O_RDONLY|O_CLOEXEC) = -1 ENOENT (No such file or directory)
1123947 openat(AT_FDCWD</tmp/kernel-health-20260923-_5s65pp9/\346\261\202\350\247\243\345\231\250>, "/usr/lib/locale/C.utf8/LC_MONETARY", O_RDONLY|O_CLOEXEC) = 3</usr/lib/locale/C.utf8/LC_MONETARY>
1123947 openat(AT_FDCWD</tmp/kernel-health-20260923-_5s65pp9/\346\261\202\350\247\243\345\231\250>, "/usr/lib/locale/C.UTF-8/LC_COLLATE", O_RDONLY|O_CLOEXEC) = -1 ENOENT (No such file or directory)
1123947 openat(AT_FDCWD</tmp/kernel-health-20260923-_5s65pp9/\346\261\202\350\247\243\345\231\250>, "/usr/lib/locale/C.utf8/LC_COLLATE", O_RDONLY|O_CLOEXEC) = 3</usr/lib/locale/C.utf8/LC_COLLATE>
1123947 openat(AT_FDCWD</tmp/kernel-health-20260923-_5s65pp9/\346\261\202\350\247\243\345\231\250>, "/usr/lib/locale/C.UTF-8/LC_TIME", O_RDONLY|O_CLOEXEC) = -1 ENOENT (No such file or directory)
1123947 openat(AT_FDCWD</tmp/kernel-health-20260923-_5s65pp9/\346\261\202\350\247\243\345\231\250>, "/usr/lib/locale/C.utf8/LC_TIME", O_RDONLY|O_CLOEXEC) = 3</usr/lib/locale/C.utf8/LC_TIME>
1123947 openat(AT_FDCWD</tmp/kernel-health-20260923-_5s65pp9/\346\261\202\350\247\243\345\231\250>, "/usr/lib/locale/C.UTF-8/LC_NUMERIC", O_RDONLY|O_CLOEXEC) = -1 ENOENT (No such file or directory)
1123947 openat(AT_FDCWD</tmp/kernel-health-20260923-_5s65pp9/\346\261\202\350\247\243\345\231\250>, "/usr/lib/locale/C.utf8/LC_NUMERIC", O_RDONLY|O_CLOEXEC) = 3</usr/lib/locale/C.utf8/LC_NUMERIC>
1123947 openat(AT_FDCWD</tmp/kernel-health-20260923-_5s65pp9/\346\261\202\350\247\243\345\231\250>, "/usr/lib/locale/C.UTF-8/LC_CTYPE", O_RDONLY|O_CLOEXEC) = -1 ENOENT (No such file or directory)
1123947 openat(AT_FDCWD</tmp/kernel-health-20260923-_5s65pp9/\346\261\202\350\247\243\345\231\250>, "/usr/lib/locale/C.utf8/LC_CTYPE", O_RDONLY|O_CLOEXEC) = 3</usr/lib/locale/C.utf8/LC_CTYPE>
1123947 openat(AT_FDCWD</tmp/kernel-health-20260923-_5s65pp9/\346\261\202\350\247\243\345\231\250>, "/tmp/kernel-health-20260923-_5s65pp9/\346\261\202\350\247\243\345\231\250/\346\225\260\346\215\256/\346\255\243\345\274\217\351\235\231\346\200\201\347\233\256\345\275\225.json", O_RDONLY) = 3</tmp/kernel-health-20260923-_5s65pp9/\346\261\202\350\247\243\345\231\250/\346\225\260\346\215\256/\346\255\243\345\274\217\351\235\231\346\200\201\347\233\256\345\275\225.json>
1123938 --- SIGCHLD {si_signo=SIGCHLD, si_code=CLD_EXITED, si_pid=1123947, si_uid=1000, si_status=0, si_utime=0, si_stime=0} ---
1123938 openat(AT_FDCWD</tmp/kernel-health-20260923-_5s65pp9/\346\261\202\350\247\243\345\231\250>, "/dev/null", O_RDONLY|O_CLOEXEC) = 3</dev/null<char 1:3>>
1123948 execve("/home/zhuran24/.codex/tmp/arg0/codex-arg07mihkU/sha256sum", ["sha256sum", "--", "/tmp/kernel-health-20260923-_5s65pp9/\343\200\212\346\230\216\346\227\245\346\226\271\350\210\237\357\274\232\347\273\210\346\234\253\345\234\260\343\200\213\346\270\270\346\210\217\350\247\204\345\210\231.txt"], 0x7ffef62f4cb8 /* 135 vars */) = -1 ENOENT (No such file or directory)
1123948 execve("/home/zhuran24/.cargo/bin/sha256sum", ["sha256sum", "--", "/tmp/kernel-health-20260923-_5s65pp9/\343\200\212\346\230\216\346\227\245\346\226\271\350\210\237\357\274\232\347\273\210\346\234\253\345\234\260\343\200\213\346\270\270\346\210\217\350\247\204\345\210\231.txt"], 0x7ffef62f4cb8 /* 135 vars */) = -1 ENOENT (No such file or directory)
1123948 execve("/home/zhuran24/.local/bin/sha256sum", ["sha256sum", "--", "/tmp/kernel-health-20260923-_5s65pp9/\343\200\212\346\230\216\346\227\245\346\226\271\350\210\237\357\274\232\347\273\210\346\234\253\345\234\260\343\200\213\346\270\270\346\210\217\350\247\204\345\210\231.txt"], 0x7ffef62f4cb8 /* 135 vars */) = -1 ENOENT (No such file or directory)
1123948 execve("/home/zhuran24/.opencode/bin/sha256sum", ["sha256sum", "--", "/tmp/kernel-health-20260923-_5s65pp9/\343\200\212\346\230\216\346\227\245\346\226\271\350\210\237\357\274\232\347\273\210\346\234\253\345\234\260\343\200\213\346\270\270\346\210\217\350\247\204\345\210\231.txt"], 0x7ffef62f4cb8 /* 135 vars */) = -1 ENOENT (No such file or directory)
1123948 execve("/usr/local/bin/sha256sum", ["sha256sum", "--", "/tmp/kernel-health-20260923-_5s65pp9/\343\200\212\346\230\216\346\227\245\346\226\271\350\210\237\357\274\232\347\273\210\346\234\253\345\234\260\343\200\213\346\270\270\346\210\217\350\247\204\345\210\231.txt"], 0x7ffef62f4cb8 /* 135 vars */) = -1 ENOENT (No such file or directory)
1123948 execve("/usr/bin/sha256sum", ["sha256sum", "--", "/tmp/kernel-health-20260923-_5s65pp9/\343\200\212\346\230\216\346\227\245\346\226\271\350\210\237\357\274\232\347\273\210\346\234\253\345\234\260\343\200\213\346\270\270\346\210\217\350\247\204\345\210\231.txt"], 0x7ffef62f4cb8 /* 135 vars */) = 0
1123948 openat(AT_FDCWD</tmp/kernel-health-20260923-_5s65pp9/\346\261\202\350\247\243\345\231\250>, "/etc/ld.so.cache", O_RDONLY|O_CLOEXEC) = 3</etc/ld.so.cache>
1123948 openat(AT_FDCWD</tmp/kernel-health-20260923-_5s65pp9/\346\261\202\350\247\243\345\231\250>, "/usr/lib/libcrypto.so.3", O_RDONLY|O_CLOEXEC) = 3</usr/lib/libcrypto.so.3>
1123948 openat(AT_FDCWD</tmp/kernel-health-20260923-_5s65pp9/\346\261\202\350\247\243\345\231\250>, "/usr/lib/libc.so.6", O_RDONLY|O_CLOEXEC) = 3</usr/lib/libc.so.6>
1123948 openat(AT_FDCWD</tmp/kernel-health-20260923-_5s65pp9/\346\261\202\350\247\243\345\231\250>, "/usr/lib/libz.so.1", O_RDONLY|O_CLOEXEC) = 3</usr/lib/libz.so.1.3.1.zlib-ng>
1123948 openat(AT_FDCWD</tmp/kernel-health-20260923-_5s65pp9/\346\261\202\350\247\243\345\231\250>, "/usr/lib/libbrotlienc.so.1", O_RDONLY|O_CLOEXEC) = 3</usr/lib/libbrotlienc.so.1.2.0>
1123948 openat(AT_FDCWD</tmp/kernel-health-20260923-_5s65pp9/\346\261\202\350\247\243\345\231\250>, "/usr/lib/libbrotlidec.so.1", O_RDONLY|O_CLOEXEC) = 3</usr/lib/libbrotlidec.so.1.2.0>
1123948 openat(AT_FDCWD</tmp/kernel-health-20260923-_5s65pp9/\346\261\202\350\247\243\345\231\250>, "/usr/lib/libzstd.so.1", O_RDONLY|O_CLOEXEC) = 3</usr/lib/libzstd.so.1.5.7>
1123948 openat(AT_FDCWD</tmp/kernel-health-20260923-_5s65pp9/\346\261\202\350\247\243\345\231\250>, "/usr/lib/libm.so.6", O_RDONLY|O_CLOEXEC) = 3</usr/lib/libm.so.6>
1123948 openat(AT_FDCWD</tmp/kernel-health-20260923-_5s65pp9/\346\261\202\350\247\243\345\231\250>, "/usr/lib/libbrotlicommon.so.1", O_RDONLY|O_CLOEXEC) = 3</usr/lib/libbrotlicommon.so.1.2.0>
1123948 openat(AT_FDCWD</tmp/kernel-health-20260923-_5s65pp9/\346\261\202\350\247\243\345\231\250>, "/usr/lib/locale/locale-archive", O_RDONLY|O_CLOEXEC) = 3</usr/lib/locale/locale-archive>
1123948 openat(AT_FDCWD</tmp/kernel-health-20260923-_5s65pp9/\346\261\202\350\247\243\345\231\250>, "/usr/share/locale/locale.alias", O_RDONLY|O_CLOEXEC) = 3</usr/share/locale/locale.alias>
1123948 openat(AT_FDCWD</tmp/kernel-health-20260923-_5s65pp9/\346\261\202\350\247\243\345\231\250>, "/usr/lib/locale/C.UTF-8/LC_IDENTIFICATION", O_RDONLY|O_CLOEXEC) = -1 ENOENT (No such file or directory)
1123948 openat(AT_FDCWD</tmp/kernel-health-20260923-_5s65pp9/\346\261\202\350\247\243\345\231\250>, "/usr/lib/locale/C.utf8/LC_IDENTIFICATION", O_RDONLY|O_CLOEXEC) = 3</usr/lib/locale/C.utf8/LC_IDENTIFICATION>
1123948 openat(AT_FDCWD</tmp/kernel-health-20260923-_5s65pp9/\346\261\202\350\247\243\345\231\250>, "/usr/lib/gconv/gconv-modules.cache", O_RDONLY|O_CLOEXEC) = 3</usr/lib/gconv/gconv-modules.cache>
1123948 openat(AT_FDCWD</tmp/kernel-health-20260923-_5s65pp9/\346\261\202\350\247\243\345\231\250>, "/usr/lib/locale/C.UTF-8/LC_MEASUREMENT", O_RDONLY|O_CLOEXEC) = -1 ENOENT (No such file or directory)
1123948 openat(AT_FDCWD</tmp/kernel-health-20260923-_5s65pp9/\346\261\202\350\247\243\345\231\250>, "/usr/lib/locale/C.utf8/LC_MEASUREMENT", O_RDONLY|O_CLOEXEC) = 3</usr/lib/locale/C.utf8/LC_MEASUREMENT>
1123948 openat(AT_FDCWD</tmp/kernel-health-20260923-_5s65pp9/\346\261\202\350\247\243\345\231\250>, "/usr/lib/locale/C.UTF-8/LC_TELEPHONE", O_RDONLY|O_CLOEXEC) = -1 ENOENT (No such file or directory)
1123948 openat(AT_FDCWD</tmp/kernel-health-20260923-_5s65pp9/\346\261\202\350\247\243\345\231\250>, "/usr/lib/locale/C.utf8/LC_TELEPHONE", O_RDONLY|O_CLOEXEC) = 3</usr/lib/locale/C.utf8/LC_TELEPHONE>
1123948 openat(AT_FDCWD</tmp/kernel-health-20260923-_5s65pp9/\346\261\202\350\247\243\345\231\250>, "/usr/lib/locale/C.UTF-8/LC_ADDRESS", O_RDONLY|O_CLOEXEC) = -1 ENOENT (No such file or directory)
1123948 openat(AT_FDCWD</tmp/kernel-health-20260923-_5s65pp9/\346\261\202\350\247\243\345\231\250>, "/usr/lib/locale/C.utf8/LC_ADDRESS", O_RDONLY|O_CLOEXEC) = 3</usr/lib/locale/C.utf8/LC_ADDRESS>
1123948 openat(AT_FDCWD</tmp/kernel-health-20260923-_5s65pp9/\346\261\202\350\247\243\345\231\250>, "/usr/lib/locale/C.UTF-8/LC_NAME", O_RDONLY|O_CLOEXEC) = -1 ENOENT (No such file or directory)
1123948 openat(AT_FDCWD</tmp/kernel-health-20260923-_5s65pp9/\346\261\202\350\247\243\345\231\250>, "/usr/lib/locale/C.utf8/LC_NAME", O_RDONLY|O_CLOEXEC) = 3</usr/lib/locale/C.utf8/LC_NAME>
1123948 openat(AT_FDCWD</tmp/kernel-health-20260923-_5s65pp9/\346\261\202\350\247\243\345\231\250>, "/usr/lib/locale/C.UTF-8/LC_PAPER", O_RDONLY|O_CLOEXEC) = -1 ENOENT (No such file or directory)
1123948 openat(AT_FDCWD</tmp/kernel-health-20260923-_5s65pp9/\346\261\202\350\247\243\345\231\250>, "/usr/lib/locale/C.utf8/LC_PAPER", O_RDONLY|O_CLOEXEC) = 3</usr/lib/locale/C.utf8/LC_PAPER>
1123948 openat(AT_FDCWD</tmp/kernel-health-20260923-_5s65pp9/\346\261\202\350\247\243\345\231\250>, "/usr/lib/locale/C.UTF-8/LC_MESSAGES", O_RDONLY|O_CLOEXEC) = -1 ENOENT (No such file or directory)
1123948 openat(AT_FDCWD</tmp/kernel-health-20260923-_5s65pp9/\346\261\202\350\247\243\345\231\250>, "/usr/lib/locale/C.utf8/LC_MESSAGES", O_RDONLY|O_CLOEXEC) = 3</usr/lib/locale/C.utf8/LC_MESSAGES>
1123948 openat(AT_FDCWD</tmp/kernel-health-20260923-_5s65pp9/\346\261\202\350\247\243\345\231\250>, "/usr/lib/locale/C.utf8/LC_MESSAGES/SYS_LC_MESSAGES", O_RDONLY|O_CLOEXEC) = 3</usr/lib/locale/C.utf8/LC_MESSAGES/SYS_LC_MESSAGES>
1123948 openat(AT_FDCWD</tmp/kernel-health-20260923-_5s65pp9/\346\261\202\350\247\243\345\231\250>, "/usr/lib/locale/C.UTF-8/LC_MONETARY", O_RDONLY|O_CLOEXEC) = -1 ENOENT (No such file or directory)
1123948 openat(AT_FDCWD</tmp/kernel-health-20260923-_5s65pp9/\346\261\202\350\247\243\345\231\250>, "/usr/lib/locale/C.utf8/LC_MONETARY", O_RDONLY|O_CLOEXEC) = 3</usr/lib/locale/C.utf8/LC_MONETARY>
1123948 openat(AT_FDCWD</tmp/kernel-health-20260923-_5s65pp9/\346\261\202\350\247\243\345\231\250>, "/usr/lib/locale/C.UTF-8/LC_COLLATE", O_RDONLY|O_CLOEXEC) = -1 ENOENT (No such file or directory)
1123948 openat(AT_FDCWD</tmp/kernel-health-20260923-_5s65pp9/\346\261\202\350\247\243\345\231\250>, "/usr/lib/locale/C.utf8/LC_COLLATE", O_RDONLY|O_CLOEXEC) = 3</usr/lib/locale/C.utf8/LC_COLLATE>
1123948 openat(AT_FDCWD</tmp/kernel-health-20260923-_5s65pp9/\346\261\202\350\247\243\345\231\250>, "/usr/lib/locale/C.UTF-8/LC_TIME", O_RDONLY|O_CLOEXEC) = -1 ENOENT (No such file or directory)
1123948 openat(AT_FDCWD</tmp/kernel-health-20260923-_5s65pp9/\346\261\202\350\247\243\345\231\250>, "/usr/lib/locale/C.utf8/LC_TIME", O_RDONLY|O_CLOEXEC) = 3</usr/lib/locale/C.utf8/LC_TIME>
1123948 openat(AT_FDCWD</tmp/kernel-health-20260923-_5s65pp9/\346\261\202\350\247\243\345\231\250>, "/usr/lib/locale/C.UTF-8/LC_NUMERIC", O_RDONLY|O_CLOEXEC) = -1 ENOENT (No such file or directory)
1123948 openat(AT_FDCWD</tmp/kernel-health-20260923-_5s65pp9/\346\261\202\350\247\243\345\231\250>, "/usr/lib/locale/C.utf8/LC_NUMERIC", O_RDONLY|O_CLOEXEC) = 3</usr/lib/locale/C.utf8/LC_NUMERIC>
1123948 openat(AT_FDCWD</tmp/kernel-health-20260923-_5s65pp9/\346\261\202\350\247\243\345\231\250>, "/usr/lib/locale/C.UTF-8/LC_CTYPE", O_RDONLY|O_CLOEXEC) = -1 ENOENT (No such file or directory)
1123948 openat(AT_FDCWD</tmp/kernel-health-20260923-_5s65pp9/\346\261\202\350\247\243\345\231\250>, "/usr/lib/locale/C.utf8/LC_CTYPE", O_RDONLY|O_CLOEXEC) = 3</usr/lib/locale/C.utf8/LC_CTYPE>
1123948 openat(AT_FDCWD</tmp/kernel-health-20260923-_5s65pp9/\346\261\202\350\247\243\345\231\250>, "/tmp/kernel-health-20260923-_5s65pp9/\343\200\212\346\230\216\346\227\245\346\226\271\350\210\237\357\274\232\347\273\210\346\234\253\345\234\260\343\200\213\346\270\270\346\210\217\350\247\204\345\210\231.txt", O_RDONLY) = 3</tmp/kernel-health-20260923-_5s65pp9/\343\200\212\346\230\216\346\227\245\346\226\271\350\210\237\357\274\232\347\273\210\346\234\253\345\234\260\343\200\213\346\270\270\346\210\217\350\247\204\345\210\231.txt>
1123938 --- SIGCHLD {si_signo=SIGCHLD, si_code=CLD_EXITED, si_pid=1123948, si_uid=1000, si_status=0, si_utime=0, si_stime=0} ---
1123938 openat(AT_FDCWD</tmp/kernel-health-20260923-_5s65pp9/\346\261\202\350\247\243\345\231\250>, "/dev/null", O_RDONLY|O_CLOEXEC) = 3</dev/null<char 1:3>>
1123949 execve("/home/zhuran24/.codex/tmp/arg0/codex-arg07mihkU/sha256sum", ["sha256sum", "--", "/tmp/kernel-health-20260923-_5s65pp9/\346\261\202\350\247\243\344\273\273\345\212\241.txt"], 0x7ffef62f4cb8 /* 135 vars */) = -1 ENOENT (No such file or directory)
1123949 execve("/home/zhuran24/.cargo/bin/sha256sum", ["sha256sum", "--", "/tmp/kernel-health-20260923-_5s65pp9/\346\261\202\350\247\243\344\273\273\345\212\241.txt"], 0x7ffef62f4cb8 /* 135 vars */) = -1 ENOENT (No such file or directory)
1123949 execve("/home/zhuran24/.local/bin/sha256sum", ["sha256sum", "--", "/tmp/kernel-health-20260923-_5s65pp9/\346\261\202\350\247\243\344\273\273\345\212\241.txt"], 0x7ffef62f4cb8 /* 135 vars */) = -1 ENOENT (No such file or directory)
1123949 execve("/home/zhuran24/.opencode/bin/sha256sum", ["sha256sum", "--", "/tmp/kernel-health-20260923-_5s65pp9/\346\261\202\350\247\243\344\273\273\345\212\241.txt"], 0x7ffef62f4cb8 /* 135 vars */) = -1 ENOENT (No such file or directory)
1123949 execve("/usr/local/bin/sha256sum", ["sha256sum", "--", "/tmp/kernel-health-20260923-_5s65pp9/\346\261\202\350\247\243\344\273\273\345\212\241.txt"], 0x7ffef62f4cb8 /* 135 vars */) = -1 ENOENT (No such file or directory)
1123949 execve("/usr/bin/sha256sum", ["sha256sum", "--", "/tmp/kernel-health-20260923-_5s65pp9/\346\261\202\350\247\243\344\273\273\345\212\241.txt"], 0x7ffef62f4cb8 /* 135 vars */) = 0
1123949 openat(AT_FDCWD</tmp/kernel-health-20260923-_5s65pp9/\346\261\202\350\247\243\345\231\250>, "/etc/ld.so.cache", O_RDONLY|O_CLOEXEC) = 3</etc/ld.so.cache>
1123949 openat(AT_FDCWD</tmp/kernel-health-20260923-_5s65pp9/\346\261\202\350\247\243\345\231\250>, "/usr/lib/libcrypto.so.3", O_RDONLY|O_CLOEXEC) = 3</usr/lib/libcrypto.so.3>
1123949 openat(AT_FDCWD</tmp/kernel-health-20260923-_5s65pp9/\346\261\202\350\247\243\345\231\250>, "/usr/lib/libc.so.6", O_RDONLY|O_CLOEXEC) = 3</usr/lib/libc.so.6>
1123949 openat(AT_FDCWD</tmp/kernel-health-20260923-_5s65pp9/\346\261\202\350\247\243\345\231\250>, "/usr/lib/libz.so.1", O_RDONLY|O_CLOEXEC) = 3</usr/lib/libz.so.1.3.1.zlib-ng>
1123949 openat(AT_FDCWD</tmp/kernel-health-20260923-_5s65pp9/\346\261\202\350\247\243\345\231\250>, "/usr/lib/libbrotlienc.so.1", O_RDONLY|O_CLOEXEC) = 3</usr/lib/libbrotlienc.so.1.2.0>
1123949 openat(AT_FDCWD</tmp/kernel-health-20260923-_5s65pp9/\346\261\202\350\247\243\345\231\250>, "/usr/lib/libbrotlidec.so.1", O_RDONLY|O_CLOEXEC) = 3</usr/lib/libbrotlidec.so.1.2.0>
1123949 openat(AT_FDCWD</tmp/kernel-health-20260923-_5s65pp9/\346\261\202\350\247\243\345\231\250>, "/usr/lib/libzstd.so.1", O_RDONLY|O_CLOEXEC) = 3</usr/lib/libzstd.so.1.5.7>
1123949 openat(AT_FDCWD</tmp/kernel-health-20260923-_5s65pp9/\346\261\202\350\247\243\345\231\250>, "/usr/lib/libm.so.6", O_RDONLY|O_CLOEXEC) = 3</usr/lib/libm.so.6>
1123949 openat(AT_FDCWD</tmp/kernel-health-20260923-_5s65pp9/\346\261\202\350\247\243\345\231\250>, "/usr/lib/libbrotlicommon.so.1", O_RDONLY|O_CLOEXEC) = 3</usr/lib/libbrotlicommon.so.1.2.0>
1123949 openat(AT_FDCWD</tmp/kernel-health-20260923-_5s65pp9/\346\261\202\350\247\243\345\231\250>, "/usr/lib/locale/locale-archive", O_RDONLY|O_CLOEXEC) = 3</usr/lib/locale/locale-archive>
1123949 openat(AT_FDCWD</tmp/kernel-health-20260923-_5s65pp9/\346\261\202\350\247\243\345\231\250>, "/usr/share/locale/locale.alias", O_RDONLY|O_CLOEXEC) = 3</usr/share/locale/locale.alias>
1123949 openat(AT_FDCWD</tmp/kernel-health-20260923-_5s65pp9/\346\261\202\350\247\243\345\231\250>, "/usr/lib/locale/C.UTF-8/LC_IDENTIFICATION", O_RDONLY|O_CLOEXEC) = -1 ENOENT (No such file or directory)
1123949 openat(AT_FDCWD</tmp/kernel-health-20260923-_5s65pp9/\346\261\202\350\247\243\345\231\250>, "/usr/lib/locale/C.utf8/LC_IDENTIFICATION", O_RDONLY|O_CLOEXEC) = 3</usr/lib/locale/C.utf8/LC_IDENTIFICATION>
1123949 openat(AT_FDCWD</tmp/kernel-health-20260923-_5s65pp9/\346\261\202\350\247\243\345\231\250>, "/usr/lib/gconv/gconv-modules.cache", O_RDONLY|O_CLOEXEC) = 3</usr/lib/gconv/gconv-modules.cache>
1123949 openat(AT_FDCWD</tmp/kernel-health-20260923-_5s65pp9/\346\261\202\350\247\243\345\231\250>, "/usr/lib/locale/C.UTF-8/LC_MEASUREMENT", O_RDONLY|O_CLOEXEC) = -1 ENOENT (No such file or directory)
1123949 openat(AT_FDCWD</tmp/kernel-health-20260923-_5s65pp9/\346\261\202\350\247\243\345\231\250>, "/usr/lib/locale/C.utf8/LC_MEASUREMENT", O_RDONLY|O_CLOEXEC) = 3</usr/lib/locale/C.utf8/LC_MEASUREMENT>
1123949 openat(AT_FDCWD</tmp/kernel-health-20260923-_5s65pp9/\346\261\202\350\247\243\345\231\250>, "/usr/lib/locale/C.UTF-8/LC_TELEPHONE", O_RDONLY|O_CLOEXEC) = -1 ENOENT (No such file or directory)
1123949 openat(AT_FDCWD</tmp/kernel-health-20260923-_5s65pp9/\346\261\202\350\247\243\345\231\250>, "/usr/lib/locale/C.utf8/LC_TELEPHONE", O_RDONLY|O_CLOEXEC) = 3</usr/lib/locale/C.utf8/LC_TELEPHONE>
1123949 openat(AT_FDCWD</tmp/kernel-health-20260923-_5s65pp9/\346\261\202\350\247\243\345\231\250>, "/usr/lib/locale/C.UTF-8/LC_ADDRESS", O_RDONLY|O_CLOEXEC) = -1 ENOENT (No such file or directory)
1123949 openat(AT_FDCWD</tmp/kernel-health-20260923-_5s65pp9/\346\261\202\350\247\243\345\231\250>, "/usr/lib/locale/C.utf8/LC_ADDRESS", O_RDONLY|O_CLOEXEC) = 3</usr/lib/locale/C.utf8/LC_ADDRESS>
1123949 openat(AT_FDCWD</tmp/kernel-health-20260923-_5s65pp9/\346\261\202\350\247\243\345\231\250>, "/usr/lib/locale/C.UTF-8/LC_NAME", O_RDONLY|O_CLOEXEC) = -1 ENOENT (No such file or directory)
1123949 openat(AT_FDCWD</tmp/kernel-health-20260923-_5s65pp9/\346\261\202\350\247\243\345\231\250>, "/usr/lib/locale/C.utf8/LC_NAME", O_RDONLY|O_CLOEXEC) = 3</usr/lib/locale/C.utf8/LC_NAME>
1123949 openat(AT_FDCWD</tmp/kernel-health-20260923-_5s65pp9/\346\261\202\350\247\243\345\231\250>, "/usr/lib/locale/C.UTF-8/LC_PAPER", O_RDONLY|O_CLOEXEC) = -1 ENOENT (No such file or directory)
1123949 openat(AT_FDCWD</tmp/kernel-health-20260923-_5s65pp9/\346\261\202\350\247\243\345\231\250>, "/usr/lib/locale/C.utf8/LC_PAPER", O_RDONLY|O_CLOEXEC) = 3</usr/lib/locale/C.utf8/LC_PAPER>
1123949 openat(AT_FDCWD</tmp/kernel-health-20260923-_5s65pp9/\346\261\202\350\247\243\345\231\250>, "/usr/lib/locale/C.UTF-8/LC_MESSAGES", O_RDONLY|O_CLOEXEC) = -1 ENOENT (No such file or directory)
1123949 openat(AT_FDCWD</tmp/kernel-health-20260923-_5s65pp9/\346\261\202\350\247\243\345\231\250>, "/usr/lib/locale/C.utf8/LC_MESSAGES", O_RDONLY|O_CLOEXEC) = 3</usr/lib/locale/C.utf8/LC_MESSAGES>
1123949 openat(AT_FDCWD</tmp/kernel-health-20260923-_5s65pp9/\346\261\202\350\247\243\345\231\250>, "/usr/lib/locale/C.utf8/LC_MESSAGES/SYS_LC_MESSAGES", O_RDONLY|O_CLOEXEC) = 3</usr/lib/locale/C.utf8/LC_MESSAGES/SYS_LC_MESSAGES>
1123949 openat(AT_FDCWD</tmp/kernel-health-20260923-_5s65pp9/\346\261\202\350\247\243\345\231\250>, "/usr/lib/locale/C.UTF-8/LC_MONETARY", O_RDONLY|O_CLOEXEC) = -1 ENOENT (No such file or directory)
1123949 openat(AT_FDCWD</tmp/kernel-health-20260923-_5s65pp9/\346\261\202\350\247\243\345\231\250>, "/usr/lib/locale/C.utf8/LC_MONETARY", O_RDONLY|O_CLOEXEC) = 3</usr/lib/locale/C.utf8/LC_MONETARY>
1123949 openat(AT_FDCWD</tmp/kernel-health-20260923-_5s65pp9/\346\261\202\350\247\243\345\231\250>, "/usr/lib/locale/C.UTF-8/LC_COLLATE", O_RDONLY|O_CLOEXEC) = -1 ENOENT (No such file or directory)
1123949 openat(AT_FDCWD</tmp/kernel-health-20260923-_5s65pp9/\346\261\202\350\247\243\345\231\250>, "/usr/lib/locale/C.utf8/LC_COLLATE", O_RDONLY|O_CLOEXEC) = 3</usr/lib/locale/C.utf8/LC_COLLATE>
1123949 openat(AT_FDCWD</tmp/kernel-health-20260923-_5s65pp9/\346\261\202\350\247\243\345\231\250>, "/usr/lib/locale/C.UTF-8/LC_TIME", O_RDONLY|O_CLOEXEC) = -1 ENOENT (No such file or directory)
1123949 openat(AT_FDCWD</tmp/kernel-health-20260923-_5s65pp9/\346\261\202\350\247\243\345\231\250>, "/usr/lib/locale/C.utf8/LC_TIME", O_RDONLY|O_CLOEXEC) = 3</usr/lib/locale/C.utf8/LC_TIME>
1123949 openat(AT_FDCWD</tmp/kernel-health-20260923-_5s65pp9/\346\261\202\350\247\243\345\231\250>, "/usr/lib/locale/C.UTF-8/LC_NUMERIC", O_RDONLY|O_CLOEXEC) = -1 ENOENT (No such file or directory)
1123949 openat(AT_FDCWD</tmp/kernel-health-20260923-_5s65pp9/\346\261\202\350\247\243\345\231\250>, "/usr/lib/locale/C.utf8/LC_NUMERIC", O_RDONLY|O_CLOEXEC) = 3</usr/lib/locale/C.utf8/LC_NUMERIC>
1123949 openat(AT_FDCWD</tmp/kernel-health-20260923-_5s65pp9/\346\261\202\350\247\243\345\231\250>, "/usr/lib/locale/C.UTF-8/LC_CTYPE", O_RDONLY|O_CLOEXEC) = -1 ENOENT (No such file or directory)
1123949 openat(AT_FDCWD</tmp/kernel-health-20260923-_5s65pp9/\346\261\202\350\247\243\345\231\250>, "/usr/lib/locale/C.utf8/LC_CTYPE", O_RDONLY|O_CLOEXEC) = 3</usr/lib/locale/C.utf8/LC_CTYPE>
1123949 openat(AT_FDCWD</tmp/kernel-health-20260923-_5s65pp9/\346\261\202\350\247\243\345\231\250>, "/tmp/kernel-health-20260923-_5s65pp9/\346\261\202\350\247\243\344\273\273\345\212\241.txt", O_RDONLY) = 3</tmp/kernel-health-20260923-_5s65pp9/\346\261\202\350\247\243\344\273\273\345\212\241.txt>
1123938 --- SIGCHLD {si_signo=SIGCHLD, si_code=CLD_EXITED, si_pid=1123949, si_uid=1000, si_status=0, si_utime=0, si_stime=0} ---
1123938 openat(AT_FDCWD</tmp/kernel-health-20260923-_5s65pp9/\346\261\202\350\247\243\345\231\250>, "/dev/null", O_RDONLY|O_CLOEXEC) = 3</dev/null<char 1:3>>
1123950 execve("/home/zhuran24/.codex/tmp/arg0/codex-arg07mihkU/sha256sum", ["sha256sum", "--", "/tmp/kernel-health-20260923-_5s65pp9/\346\261\202\350\247\243\347\272\246\346\235\237.txt"], 0x7ffef62f4cb8 /* 135 vars */) = -1 ENOENT (No such file or directory)
1123950 execve("/home/zhuran24/.cargo/bin/sha256sum", ["sha256sum", "--", "/tmp/kernel-health-20260923-_5s65pp9/\346\261\202\350\247\243\347\272\246\346\235\237.txt"], 0x7ffef62f4cb8 /* 135 vars */) = -1 ENOENT (No such file or directory)
1123950 execve("/home/zhuran24/.local/bin/sha256sum", ["sha256sum", "--", "/tmp/kernel-health-20260923-_5s65pp9/\346\261\202\350\247\243\347\272\246\346\235\237.txt"], 0x7ffef62f4cb8 /* 135 vars */) = -1 ENOENT (No such file or directory)
1123950 execve("/home/zhuran24/.opencode/bin/sha256sum", ["sha256sum", "--", "/tmp/kernel-health-20260923-_5s65pp9/\346\261\202\350\247\243\347\272\246\346\235\237.txt"], 0x7ffef62f4cb8 /* 135 vars */) = -1 ENOENT (No such file or directory)
1123950 execve("/usr/local/bin/sha256sum", ["sha256sum", "--", "/tmp/kernel-health-20260923-_5s65pp9/\346\261\202\350\247\243\347\272\246\346\235\237.txt"], 0x7ffef62f4cb8 /* 135 vars */) = -1 ENOENT (No such file or directory)
1123950 execve("/usr/bin/sha256sum", ["sha256sum", "--", "/tmp/kernel-health-20260923-_5s65pp9/\346\261\202\350\247\243\347\272\246\346\235\237.txt"], 0x7ffef62f4cb8 /* 135 vars */) = 0
1123950 openat(AT_FDCWD</tmp/kernel-health-20260923-_5s65pp9/\346\261\202\350\247\243\345\231\250>, "/etc/ld.so.cache", O_RDONLY|O_CLOEXEC) = 3</etc/ld.so.cache>
1123950 openat(AT_FDCWD</tmp/kernel-health-20260923-_5s65pp9/\346\261\202\350\247\243\345\231\250>, "/usr/lib/libcrypto.so.3", O_RDONLY|O_CLOEXEC) = 3</usr/lib/libcrypto.so.3>
1123950 openat(AT_FDCWD</tmp/kernel-health-20260923-_5s65pp9/\346\261\202\350\247\243\345\231\250>, "/usr/lib/libc.so.6", O_RDONLY|O_CLOEXEC) = 3</usr/lib/libc.so.6>
1123950 openat(AT_FDCWD</tmp/kernel-health-20260923-_5s65pp9/\346\261\202\350\247\243\345\231\250>, "/usr/lib/libz.so.1", O_RDONLY|O_CLOEXEC) = 3</usr/lib/libz.so.1.3.1.zlib-ng>
1123950 openat(AT_FDCWD</tmp/kernel-health-20260923-_5s65pp9/\346\261\202\350\247\243\345\231\250>, "/usr/lib/libbrotlienc.so.1", O_RDONLY|O_CLOEXEC) = 3</usr/lib/libbrotlienc.so.1.2.0>
1123950 openat(AT_FDCWD</tmp/kernel-health-20260923-_5s65pp9/\346\261\202\350\247\243\345\231\250>, "/usr/lib/libbrotlidec.so.1", O_RDONLY|O_CLOEXEC) = 3</usr/lib/libbrotlidec.so.1.2.0>
1123950 openat(AT_FDCWD</tmp/kernel-health-20260923-_5s65pp9/\346\261\202\350\247\243\345\231\250>, "/usr/lib/libzstd.so.1", O_RDONLY|O_CLOEXEC) = 3</usr/lib/libzstd.so.1.5.7>
1123950 openat(AT_FDCWD</tmp/kernel-health-20260923-_5s65pp9/\346\261\202\350\247\243\345\231\250>, "/usr/lib/libm.so.6", O_RDONLY|O_CLOEXEC) = 3</usr/lib/libm.so.6>
1123950 openat(AT_FDCWD</tmp/kernel-health-20260923-_5s65pp9/\346\261\202\350\247\243\345\231\250>, "/usr/lib/libbrotlicommon.so.1", O_RDONLY|O_CLOEXEC) = 3</usr/lib/libbrotlicommon.so.1.2.0>
1123950 openat(AT_FDCWD</tmp/kernel-health-20260923-_5s65pp9/\346\261\202\350\247\243\345\231\250>, "/usr/lib/locale/locale-archive", O_RDONLY|O_CLOEXEC) = 3</usr/lib/locale/locale-archive>
1123950 openat(AT_FDCWD</tmp/kernel-health-20260923-_5s65pp9/\346\261\202\350\247\243\345\231\250>, "/usr/share/locale/locale.alias", O_RDONLY|O_CLOEXEC) = 3</usr/share/locale/locale.alias>
1123950 openat(AT_FDCWD</tmp/kernel-health-20260923-_5s65pp9/\346\261\202\350\247\243\345\231\250>, "/usr/lib/locale/C.UTF-8/LC_IDENTIFICATION", O_RDONLY|O_CLOEXEC) = -1 ENOENT (No such file or directory)
1123950 openat(AT_FDCWD</tmp/kernel-health-20260923-_5s65pp9/\346\261\202\350\247\243\345\231\250>, "/usr/lib/locale/C.utf8/LC_IDENTIFICATION", O_RDONLY|O_CLOEXEC) = 3</usr/lib/locale/C.utf8/LC_IDENTIFICATION>
1123950 openat(AT_FDCWD</tmp/kernel-health-20260923-_5s65pp9/\346\261\202\350\247\243\345\231\250>, "/usr/lib/gconv/gconv-modules.cache", O_RDONLY|O_CLOEXEC) = 3</usr/lib/gconv/gconv-modules.cache>
1123950 openat(AT_FDCWD</tmp/kernel-health-20260923-_5s65pp9/\346\261\202\350\247\243\345\231\250>, "/usr/lib/locale/C.UTF-8/LC_MEASUREMENT", O_RDONLY|O_CLOEXEC) = -1 ENOENT (No such file or directory)
1123950 openat(AT_FDCWD</tmp/kernel-health-20260923-_5s65pp9/\346\261\202\350\247\243\345\231\250>, "/usr/lib/locale/C.utf8/LC_MEASUREMENT", O_RDONLY|O_CLOEXEC) = 3</usr/lib/locale/C.utf8/LC_MEASUREMENT>
1123950 openat(AT_FDCWD</tmp/kernel-health-20260923-_5s65pp9/\346\261\202\350\247\243\345\231\250>, "/usr/lib/locale/C.UTF-8/LC_TELEPHONE", O_RDONLY|O_CLOEXEC) = -1 ENOENT (No such file or directory)
1123950 openat(AT_FDCWD</tmp/kernel-health-20260923-_5s65pp9/\346\261\202\350\247\243\345\231\250>, "/usr/lib/locale/C.utf8/LC_TELEPHONE", O_RDONLY|O_CLOEXEC) = 3</usr/lib/locale/C.utf8/LC_TELEPHONE>
1123950 openat(AT_FDCWD</tmp/kernel-health-20260923-_5s65pp9/\346\261\202\350\247\243\345\231\250>, "/usr/lib/locale/C.UTF-8/LC_ADDRESS", O_RDONLY|O_CLOEXEC) = -1 ENOENT (No such file or directory)
1123950 openat(AT_FDCWD</tmp/kernel-health-20260923-_5s65pp9/\346\261\202\350\247\243\345\231\250>, "/usr/lib/locale/C.utf8/LC_ADDRESS", O_RDONLY|O_CLOEXEC) = 3</usr/lib/locale/C.utf8/LC_ADDRESS>
1123950 openat(AT_FDCWD</tmp/kernel-health-20260923-_5s65pp9/\346\261\202\350\247\243\345\231\250>, "/usr/lib/locale/C.UTF-8/LC_NAME", O_RDONLY|O_CLOEXEC) = -1 ENOENT (No such file or directory)
1123950 openat(AT_FDCWD</tmp/kernel-health-20260923-_5s65pp9/\346\261\202\350\247\243\345\231\250>, "/usr/lib/locale/C.utf8/LC_NAME", O_RDONLY|O_CLOEXEC) = 3</usr/lib/locale/C.utf8/LC_NAME>
1123950 openat(AT_FDCWD</tmp/kernel-health-20260923-_5s65pp9/\346\261\202\350\247\243\345\231\250>, "/usr/lib/locale/C.UTF-8/LC_PAPER", O_RDONLY|O_CLOEXEC) = -1 ENOENT (No such file or directory)
1123950 openat(AT_FDCWD</tmp/kernel-health-20260923-_5s65pp9/\346\261\202\350\247\243\345\231\250>, "/usr/lib/locale/C.utf8/LC_PAPER", O_RDONLY|O_CLOEXEC) = 3</usr/lib/locale/C.utf8/LC_PAPER>
1123950 openat(AT_FDCWD</tmp/kernel-health-20260923-_5s65pp9/\346\261\202\350\247\243\345\231\250>, "/usr/lib/locale/C.UTF-8/LC_MESSAGES", O_RDONLY|O_CLOEXEC) = -1 ENOENT (No such file or directory)
1123950 openat(AT_FDCWD</tmp/kernel-health-20260923-_5s65pp9/\346\261\202\350\247\243\345\231\250>, "/usr/lib/locale/C.utf8/LC_MESSAGES", O_RDONLY|O_CLOEXEC) = 3</usr/lib/locale/C.utf8/LC_MESSAGES>
1123950 openat(AT_FDCWD</tmp/kernel-health-20260923-_5s65pp9/\346\261\202\350\247\243\345\231\250>, "/usr/lib/locale/C.utf8/LC_MESSAGES/SYS_LC_MESSAGES", O_RDONLY|O_CLOEXEC) = 3</usr/lib/locale/C.utf8/LC_MESSAGES/SYS_LC_MESSAGES>
1123950 openat(AT_FDCWD</tmp/kernel-health-20260923-_5s65pp9/\346\261\202\350\247\243\345\231\250>, "/usr/lib/locale/C.UTF-8/LC_MONETARY", O_RDONLY|O_CLOEXEC) = -1 ENOENT (No such file or directory)
1123950 openat(AT_FDCWD</tmp/kernel-health-20260923-_5s65pp9/\346\261\202\350\247\243\345\231\250>, "/usr/lib/locale/C.utf8/LC_MONETARY", O_RDONLY|O_CLOEXEC) = 3</usr/lib/locale/C.utf8/LC_MONETARY>
1123950 openat(AT_FDCWD</tmp/kernel-health-20260923-_5s65pp9/\346\261\202\350\247\243\345\231\250>, "/usr/lib/locale/C.UTF-8/LC_COLLATE", O_RDONLY|O_CLOEXEC) = -1 ENOENT (No such file or directory)
1123950 openat(AT_FDCWD</tmp/kernel-health-20260923-_5s65pp9/\346\261\202\350\247\243\345\231\250>, "/usr/lib/locale/C.utf8/LC_COLLATE", O_RDONLY|O_CLOEXEC) = 3</usr/lib/locale/C.utf8/LC_COLLATE>
1123950 openat(AT_FDCWD</tmp/kernel-health-20260923-_5s65pp9/\346\261\202\350\247\243\345\231\250>, "/usr/lib/locale/C.UTF-8/LC_TIME", O_RDONLY|O_CLOEXEC) = -1 ENOENT (No such file or directory)
1123950 openat(AT_FDCWD</tmp/kernel-health-20260923-_5s65pp9/\346\261\202\350\247\243\345\231\250>, "/usr/lib/locale/C.utf8/LC_TIME", O_RDONLY|O_CLOEXEC) = 3</usr/lib/locale/C.utf8/LC_TIME>
1123950 openat(AT_FDCWD</tmp/kernel-health-20260923-_5s65pp9/\346\261\202\350\247\243\345\231\250>, "/usr/lib/locale/C.UTF-8/LC_NUMERIC", O_RDONLY|O_CLOEXEC) = -1 ENOENT (No such file or directory)
1123950 openat(AT_FDCWD</tmp/kernel-health-20260923-_5s65pp9/\346\261\202\350\247\243\345\231\250>, "/usr/lib/locale/C.utf8/LC_NUMERIC", O_RDONLY|O_CLOEXEC) = 3</usr/lib/locale/C.utf8/LC_NUMERIC>
1123950 openat(AT_FDCWD</tmp/kernel-health-20260923-_5s65pp9/\346\261\202\350\247\243\345\231\250>, "/usr/lib/locale/C.UTF-8/LC_CTYPE", O_RDONLY|O_CLOEXEC) = -1 ENOENT (No such file or directory)
1123950 openat(AT_FDCWD</tmp/kernel-health-20260923-_5s65pp9/\346\261\202\350\247\243\345\231\250>, "/usr/lib/locale/C.utf8/LC_CTYPE", O_RDONLY|O_CLOEXEC) = 3</usr/lib/locale/C.utf8/LC_CTYPE>
1123950 openat(AT_FDCWD</tmp/kernel-health-20260923-_5s65pp9/\346\261\202\350\247\243\345\231\250>, "/tmp/kernel-health-20260923-_5s65pp9/\346\261\202\350\247\243\347\272\246\346\235\237.txt", O_RDONLY) = 3</tmp/kernel-health-20260923-_5s65pp9/\346\261\202\350\247\243\347\272\246\346\235\237.txt>
1123938 --- SIGCHLD {si_signo=SIGCHLD, si_code=CLD_EXITED, si_pid=1123950, si_uid=1000, si_status=0, si_utime=0, si_stime=0} ---
1123938 openat(AT_FDCWD</tmp/kernel-health-20260923-_5s65pp9/\346\261\202\350\247\243\345\231\250>, "/dev/null", O_RDONLY|O_CLOEXEC) = 3</dev/null<char 1:3>>
1123951 execve("/home/zhuran24/.codex/tmp/arg0/codex-arg07mihkU/sha256sum", ["sha256sum", "--", "/tmp/kernel-health-20260923-_5s65pp9/\346\261\202\350\247\243\345\231\250/\350\247\204\346\240\274/\351\200\211\346\213\251\347\202\271\345\217\202\346\225\260\350\275\264.md"], 0x7ffef62f4cb8 /* 135 vars */) = -1 ENOENT (No such file or directory)
1123951 execve("/home/zhuran24/.cargo/bin/sha256sum", ["sha256sum", "--", "/tmp/kernel-health-20260923-_5s65pp9/\346\261\202\350\247\243\345\231\250/\350\247\204\346\240\274/\351\200\211\346\213\251\347\202\271\345\217\202\346\225\260\350\275\264.md"], 0x7ffef62f4cb8 /* 135 vars */) = -1 ENOENT (No such file or directory)
1123951 execve("/home/zhuran24/.local/bin/sha256sum", ["sha256sum", "--", "/tmp/kernel-health-20260923-_5s65pp9/\346\261\202\350\247\243\345\231\250/\350\247\204\346\240\274/\351\200\211\346\213\251\347\202\271\345\217\202\346\225\260\350\275\264.md"], 0x7ffef62f4cb8 /* 135 vars */) = -1 ENOENT (No such file or directory)
1123951 execve("/home/zhuran24/.opencode/bin/sha256sum", ["sha256sum", "--", "/tmp/kernel-health-20260923-_5s65pp9/\346\261\202\350\247\243\345\231\250/\350\247\204\346\240\274/\351\200\211\346\213\251\347\202\271\345\217\202\346\225\260\350\275\264.md"], 0x7ffef62f4cb8 /* 135 vars */) = -1 ENOENT (No such file or directory)
1123951 execve("/usr/local/bin/sha256sum", ["sha256sum", "--", "/tmp/kernel-health-20260923-_5s65pp9/\346\261\202\350\247\243\345\231\250/\350\247\204\346\240\274/\351\200\211\346\213\251\347\202\271\345\217\202\346\225\260\350\275\264.md"], 0x7ffef62f4cb8 /* 135 vars */) = -1 ENOENT (No such file or directory)
1123951 execve("/usr/bin/sha256sum", ["sha256sum", "--", "/tmp/kernel-health-20260923-_5s65pp9/\346\261\202\350\247\243\345\231\250/\350\247\204\346\240\274/\351\200\211\346\213\251\347\202\271\345\217\202\346\225\260\350\275\264.md"], 0x7ffef62f4cb8 /* 135 vars */) = 0
1123951 openat(AT_FDCWD</tmp/kernel-health-20260923-_5s65pp9/\346\261\202\350\247\243\345\231\250>, "/etc/ld.so.cache", O_RDONLY|O_CLOEXEC) = 3</etc/ld.so.cache>
1123951 openat(AT_FDCWD</tmp/kernel-health-20260923-_5s65pp9/\346\261\202\350\247\243\345\231\250>, "/usr/lib/libcrypto.so.3", O_RDONLY|O_CLOEXEC) = 3</usr/lib/libcrypto.so.3>
1123951 openat(AT_FDCWD</tmp/kernel-health-20260923-_5s65pp9/\346\261\202\350\247\243\345\231\250>, "/usr/lib/libc.so.6", O_RDONLY|O_CLOEXEC) = 3</usr/lib/libc.so.6>
1123951 openat(AT_FDCWD</tmp/kernel-health-20260923-_5s65pp9/\346\261\202\350\247\243\345\231\250>, "/usr/lib/libz.so.1", O_RDONLY|O_CLOEXEC) = 3</usr/lib/libz.so.1.3.1.zlib-ng>
1123951 openat(AT_FDCWD</tmp/kernel-health-20260923-_5s65pp9/\346\261\202\350\247\243\345\231\250>, "/usr/lib/libbrotlienc.so.1", O_RDONLY|O_CLOEXEC) = 3</usr/lib/libbrotlienc.so.1.2.0>
1123951 openat(AT_FDCWD</tmp/kernel-health-20260923-_5s65pp9/\346\261\202\350\247\243\345\231\250>, "/usr/lib/libbrotlidec.so.1", O_RDONLY|O_CLOEXEC) = 3</usr/lib/libbrotlidec.so.1.2.0>
1123951 openat(AT_FDCWD</tmp/kernel-health-20260923-_5s65pp9/\346\261\202\350\247\243\345\231\250>, "/usr/lib/libzstd.so.1", O_RDONLY|O_CLOEXEC) = 3</usr/lib/libzstd.so.1.5.7>
1123951 openat(AT_FDCWD</tmp/kernel-health-20260923-_5s65pp9/\346\261\202\350\247\243\345\231\250>, "/usr/lib/libm.so.6", O_RDONLY|O_CLOEXEC) = 3</usr/lib/libm.so.6>
1123951 openat(AT_FDCWD</tmp/kernel-health-20260923-_5s65pp9/\346\261\202\350\247\243\345\231\250>, "/usr/lib/libbrotlicommon.so.1", O_RDONLY|O_CLOEXEC) = 3</usr/lib/libbrotlicommon.so.1.2.0>
1123951 openat(AT_FDCWD</tmp/kernel-health-20260923-_5s65pp9/\346\261\202\350\247\243\345\231\250>, "/usr/lib/locale/locale-archive", O_RDONLY|O_CLOEXEC) = 3</usr/lib/locale/locale-archive>
1123951 openat(AT_FDCWD</tmp/kernel-health-20260923-_5s65pp9/\346\261\202\350\247\243\345\231\250>, "/usr/share/locale/locale.alias", O_RDONLY|O_CLOEXEC) = 3</usr/share/locale/locale.alias>
1123951 openat(AT_FDCWD</tmp/kernel-health-20260923-_5s65pp9/\346\261\202\350\247\243\345\231\250>, "/usr/lib/locale/C.UTF-8/LC_IDENTIFICATION", O_RDONLY|O_CLOEXEC) = -1 ENOENT (No such file or directory)
1123951 openat(AT_FDCWD</tmp/kernel-health-20260923-_5s65pp9/\346\261\202\350\247\243\345\231\250>, "/usr/lib/locale/C.utf8/LC_IDENTIFICATION", O_RDONLY|O_CLOEXEC) = 3</usr/lib/locale/C.utf8/LC_IDENTIFICATION>
1123951 openat(AT_FDCWD</tmp/kernel-health-20260923-_5s65pp9/\346\261\202\350\247\243\345\231\250>, "/usr/lib/gconv/gconv-modules.cache", O_RDONLY|O_CLOEXEC) = 3</usr/lib/gconv/gconv-modules.cache>
1123951 openat(AT_FDCWD</tmp/kernel-health-20260923-_5s65pp9/\346\261\202\350\247\243\345\231\250>, "/usr/lib/locale/C.UTF-8/LC_MEASUREMENT", O_RDONLY|O_CLOEXEC) = -1 ENOENT (No such file or directory)
1123951 openat(AT_FDCWD</tmp/kernel-health-20260923-_5s65pp9/\346\261\202\350\247\243\345\231\250>, "/usr/lib/locale/C.utf8/LC_MEASUREMENT", O_RDONLY|O_CLOEXEC) = 3</usr/lib/locale/C.utf8/LC_MEASUREMENT>
1123951 openat(AT_FDCWD</tmp/kernel-health-20260923-_5s65pp9/\346\261\202\350\247\243\345\231\250>, "/usr/lib/locale/C.UTF-8/LC_TELEPHONE", O_RDONLY|O_CLOEXEC) = -1 ENOENT (No such file or directory)
1123951 openat(AT_FDCWD</tmp/kernel-health-20260923-_5s65pp9/\346\261\202\350\247\243\345\231\250>, "/usr/lib/locale/C.utf8/LC_TELEPHONE", O_RDONLY|O_CLOEXEC) = 3</usr/lib/locale/C.utf8/LC_TELEPHONE>
1123951 openat(AT_FDCWD</tmp/kernel-health-20260923-_5s65pp9/\346\261\202\350\247\243\345\231\250>, "/usr/lib/locale/C.UTF-8/LC_ADDRESS", O_RDONLY|O_CLOEXEC) = -1 ENOENT (No such file or directory)
1123951 openat(AT_FDCWD</tmp/kernel-health-20260923-_5s65pp9/\346\261\202\350\247\243\345\231\250>, "/usr/lib/locale/C.utf8/LC_ADDRESS", O_RDONLY|O_CLOEXEC) = 3</usr/lib/locale/C.utf8/LC_ADDRESS>
1123951 openat(AT_FDCWD</tmp/kernel-health-20260923-_5s65pp9/\346\261\202\350\247\243\345\231\250>, "/usr/lib/locale/C.UTF-8/LC_NAME", O_RDONLY|O_CLOEXEC) = -1 ENOENT (No such file or directory)
1123951 openat(AT_FDCWD</tmp/kernel-health-20260923-_5s65pp9/\346\261\202\350\247\243\345\231\250>, "/usr/lib/locale/C.utf8/LC_NAME", O_RDONLY|O_CLOEXEC) = 3</usr/lib/locale/C.utf8/LC_NAME>
1123951 openat(AT_FDCWD</tmp/kernel-health-20260923-_5s65pp9/\346\261\202\350\247\243\345\231\250>, "/usr/lib/locale/C.UTF-8/LC_PAPER", O_RDONLY|O_CLOEXEC) = -1 ENOENT (No such file or directory)
1123951 openat(AT_FDCWD</tmp/kernel-health-20260923-_5s65pp9/\346\261\202\350\247\243\345\231\250>, "/usr/lib/locale/C.utf8/LC_PAPER", O_RDONLY|O_CLOEXEC) = 3</usr/lib/locale/C.utf8/LC_PAPER>
1123951 openat(AT_FDCWD</tmp/kernel-health-20260923-_5s65pp9/\346\261\202\350\247\243\345\231\250>, "/usr/lib/locale/C.UTF-8/LC_MESSAGES", O_RDONLY|O_CLOEXEC) = -1 ENOENT (No such file or directory)
1123951 openat(AT_FDCWD</tmp/kernel-health-20260923-_5s65pp9/\346\261\202\350\247\243\345\231\250>, "/usr/lib/locale/C.utf8/LC_MESSAGES", O_RDONLY|O_CLOEXEC) = 3</usr/lib/locale/C.utf8/LC_MESSAGES>
1123951 openat(AT_FDCWD</tmp/kernel-health-20260923-_5s65pp9/\346\261\202\350\247\243\345\231\250>, "/usr/lib/locale/C.utf8/LC_MESSAGES/SYS_LC_MESSAGES", O_RDONLY|O_CLOEXEC) = 3</usr/lib/locale/C.utf8/LC_MESSAGES/SYS_LC_MESSAGES>
1123951 openat(AT_FDCWD</tmp/kernel-health-20260923-_5s65pp9/\346\261\202\350\247\243\345\231\250>, "/usr/lib/locale/C.UTF-8/LC_MONETARY", O_RDONLY|O_CLOEXEC) = -1 ENOENT (No such file or directory)
1123951 openat(AT_FDCWD</tmp/kernel-health-20260923-_5s65pp9/\346\261\202\350\247\243\345\231\250>, "/usr/lib/locale/C.utf8/LC_MONETARY", O_RDONLY|O_CLOEXEC) = 3</usr/lib/locale/C.utf8/LC_MONETARY>
1123951 openat(AT_FDCWD</tmp/kernel-health-20260923-_5s65pp9/\346\261\202\350\247\243\345\231\250>, "/usr/lib/locale/C.UTF-8/LC_COLLATE", O_RDONLY|O_CLOEXEC) = -1 ENOENT (No such file or directory)
1123951 openat(AT_FDCWD</tmp/kernel-health-20260923-_5s65pp9/\346\261\202\350\247\243\345\231\250>, "/usr/lib/locale/C.utf8/LC_COLLATE", O_RDONLY|O_CLOEXEC) = 3</usr/lib/locale/C.utf8/LC_COLLATE>
1123951 openat(AT_FDCWD</tmp/kernel-health-20260923-_5s65pp9/\346\261\202\350\247\243\345\231\250>, "/usr/lib/locale/C.UTF-8/LC_TIME", O_RDONLY|O_CLOEXEC) = -1 ENOENT (No such file or directory)
1123951 openat(AT_FDCWD</tmp/kernel-health-20260923-_5s65pp9/\346\261\202\350\247\243\345\231\250>, "/usr/lib/locale/C.utf8/LC_TIME", O_RDONLY|O_CLOEXEC) = 3</usr/lib/locale/C.utf8/LC_TIME>
1123951 openat(AT_FDCWD</tmp/kernel-health-20260923-_5s65pp9/\346\261\202\350\247\243\345\231\250>, "/usr/lib/locale/C.UTF-8/LC_NUMERIC", O_RDONLY|O_CLOEXEC) = -1 ENOENT (No such file or directory)
1123951 openat(AT_FDCWD</tmp/kernel-health-20260923-_5s65pp9/\346\261\202\350\247\243\345\231\250>, "/usr/lib/locale/C.utf8/LC_NUMERIC", O_RDONLY|O_CLOEXEC) = 3</usr/lib/locale/C.utf8/LC_NUMERIC>
1123951 openat(AT_FDCWD</tmp/kernel-health-20260923-_5s65pp9/\346\261\202\350\247\243\345\231\250>, "/usr/lib/locale/C.UTF-8/LC_CTYPE", O_RDONLY|O_CLOEXEC) = -1 ENOENT (No such file or directory)
1123951 openat(AT_FDCWD</tmp/kernel-health-20260923-_5s65pp9/\346\261\202\350\247\243\345\231\250>, "/usr/lib/locale/C.utf8/LC_CTYPE", O_RDONLY|O_CLOEXEC) = 3</usr/lib/locale/C.utf8/LC_CTYPE>
1123951 openat(AT_FDCWD</tmp/kernel-health-20260923-_5s65pp9/\346\261\202\350\247\243\345\231\250>, "/tmp/kernel-health-20260923-_5s65pp9/\346\261\202\350\247\243\345\231\250/\350\247\204\346\240\274/\351\200\211\346\213\251\347\202\271\345\217\202\346\225\260\350\275\264.md", O_RDONLY) = 3</tmp/kernel-health-20260923-_5s65pp9/\346\261\202\350\247\243\345\231\250/\350\247\204\346\240\274/\351\200\211\346\213\251\347\202\271\345\217\202\346\225\260\350\275\264.md>
1123938 --- SIGCHLD {si_signo=SIGCHLD, si_code=CLD_EXITED, si_pid=1123951, si_uid=1000, si_status=0, si_utime=0, si_stime=0} ---
1123938 openat(AT_FDCWD</tmp/kernel-health-20260923-_5s65pp9/\346\261\202\350\247\243\345\231\250>, "/dev/null", O_RDONLY|O_CLOEXEC) = 3</dev/null<char 1:3>>
1123952 execve("/home/zhuran24/.codex/tmp/arg0/codex-arg07mihkU/sha256sum", ["sha256sum", "--", "/tmp/kernel-health-20260923-_5s65pp9/\346\261\202\350\247\243\345\231\250/\350\247\204\346\240\274/\345\217\227\351\231\220\346\250\241\345\236\213\345\243\260\346\230\216.md"], 0x7ffef62f4cb8 /* 135 vars */) = -1 ENOENT (No such file or directory)
1123952 execve("/home/zhuran24/.cargo/bin/sha256sum", ["sha256sum", "--", "/tmp/kernel-health-20260923-_5s65pp9/\346\261\202\350\247\243\345\231\250/\350\247\204\346\240\274/\345\217\227\351\231\220\346\250\241\345\236\213\345\243\260\346\230\216.md"], 0x7ffef62f4cb8 /* 135 vars */) = -1 ENOENT (No such file or directory)
1123952 execve("/home/zhuran24/.local/bin/sha256sum", ["sha256sum", "--", "/tmp/kernel-health-20260923-_5s65pp9/\346\261\202\350\247\243\345\231\250/\350\247\204\346\240\274/\345\217\227\351\231\220\346\250\241\345\236\213\345\243\260\346\230\216.md"], 0x7ffef62f4cb8 /* 135 vars */) = -1 ENOENT (No such file or directory)
1123952 execve("/home/zhuran24/.opencode/bin/sha256sum", ["sha256sum", "--", "/tmp/kernel-health-20260923-_5s65pp9/\346\261\202\350\247\243\345\231\250/\350\247\204\346\240\274/\345\217\227\351\231\220\346\250\241\345\236\213\345\243\260\346\230\216.md"], 0x7ffef62f4cb8 /* 135 vars */) = -1 ENOENT (No such file or directory)
1123952 execve("/usr/local/bin/sha256sum", ["sha256sum", "--", "/tmp/kernel-health-20260923-_5s65pp9/\346\261\202\350\247\243\345\231\250/\350\247\204\346\240\274/\345\217\227\351\231\220\346\250\241\345\236\213\345\243\260\346\230\216.md"], 0x7ffef62f4cb8 /* 135 vars */) = -1 ENOENT (No such file or directory)
1123952 execve("/usr/bin/sha256sum", ["sha256sum", "--", "/tmp/kernel-health-20260923-_5s65pp9/\346\261\202\350\247\243\345\231\250/\350\247\204\346\240\274/\345\217\227\351\231\220\346\250\241\345\236\213\345\243\260\346\230\216.md"], 0x7ffef62f4cb8 /* 135 vars */) = 0
1123952 openat(AT_FDCWD</tmp/kernel-health-20260923-_5s65pp9/\346\261\202\350\247\243\345\231\250>, "/etc/ld.so.cache", O_RDONLY|O_CLOEXEC) = 3</etc/ld.so.cache>
1123952 openat(AT_FDCWD</tmp/kernel-health-20260923-_5s65pp9/\346\261\202\350\247\243\345\231\250>, "/usr/lib/libcrypto.so.3", O_RDONLY|O_CLOEXEC) = 3</usr/lib/libcrypto.so.3>
1123952 openat(AT_FDCWD</tmp/kernel-health-20260923-_5s65pp9/\346\261\202\350\247\243\345\231\250>, "/usr/lib/libc.so.6", O_RDONLY|O_CLOEXEC) = 3</usr/lib/libc.so.6>
1123952 openat(AT_FDCWD</tmp/kernel-health-20260923-_5s65pp9/\346\261\202\350\247\243\345\231\250>, "/usr/lib/libz.so.1", O_RDONLY|O_CLOEXEC) = 3</usr/lib/libz.so.1.3.1.zlib-ng>
1123952 openat(AT_FDCWD</tmp/kernel-health-20260923-_5s65pp9/\346\261\202\350\247\243\345\231\250>, "/usr/lib/libbrotlienc.so.1", O_RDONLY|O_CLOEXEC) = 3</usr/lib/libbrotlienc.so.1.2.0>
1123952 openat(AT_FDCWD</tmp/kernel-health-20260923-_5s65pp9/\346\261\202\350\247\243\345\231\250>, "/usr/lib/libbrotlidec.so.1", O_RDONLY|O_CLOEXEC) = 3</usr/lib/libbrotlidec.so.1.2.0>
1123952 openat(AT_FDCWD</tmp/kernel-health-20260923-_5s65pp9/\346\261\202\350\247\243\345\231\250>, "/usr/lib/libzstd.so.1", O_RDONLY|O_CLOEXEC) = 3</usr/lib/libzstd.so.1.5.7>
1123952 openat(AT_FDCWD</tmp/kernel-health-20260923-_5s65pp9/\346\261\202\350\247\243\345\231\250>, "/usr/lib/libm.so.6", O_RDONLY|O_CLOEXEC) = 3</usr/lib/libm.so.6>
1123952 openat(AT_FDCWD</tmp/kernel-health-20260923-_5s65pp9/\346\261\202\350\247\243\345\231\250>, "/usr/lib/libbrotlicommon.so.1", O_RDONLY|O_CLOEXEC) = 3</usr/lib/libbrotlicommon.so.1.2.0>
1123952 openat(AT_FDCWD</tmp/kernel-health-20260923-_5s65pp9/\346\261\202\350\247\243\345\231\250>, "/usr/lib/locale/locale-archive", O_RDONLY|O_CLOEXEC) = 3</usr/lib/locale/locale-archive>
1123952 openat(AT_FDCWD</tmp/kernel-health-20260923-_5s65pp9/\346\261\202\350\247\243\345\231\250>, "/usr/share/locale/locale.alias", O_RDONLY|O_CLOEXEC) = 3</usr/share/locale/locale.alias>
1123952 openat(AT_FDCWD</tmp/kernel-health-20260923-_5s65pp9/\346\261\202\350\247\243\345\231\250>, "/usr/lib/locale/C.UTF-8/LC_IDENTIFICATION", O_RDONLY|O_CLOEXEC) = -1 ENOENT (No such file or directory)
1123952 openat(AT_FDCWD</tmp/kernel-health-20260923-_5s65pp9/\346\261\202\350\247\243\345\231\250>, "/usr/lib/locale/C.utf8/LC_IDENTIFICATION", O_RDONLY|O_CLOEXEC) = 3</usr/lib/locale/C.utf8/LC_IDENTIFICATION>
1123952 openat(AT_FDCWD</tmp/kernel-health-20260923-_5s65pp9/\346\261\202\350\247\243\345\231\250>, "/usr/lib/gconv/gconv-modules.cache", O_RDONLY|O_CLOEXEC) = 3</usr/lib/gconv/gconv-modules.cache>
1123952 openat(AT_FDCWD</tmp/kernel-health-20260923-_5s65pp9/\346\261\202\350\247\243\345\231\250>, "/usr/lib/locale/C.UTF-8/LC_MEASUREMENT", O_RDONLY|O_CLOEXEC) = -1 ENOENT (No such file or directory)
1123952 openat(AT_FDCWD</tmp/kernel-health-20260923-_5s65pp9/\346\261\202\350\247\243\345\231\250>, "/usr/lib/locale/C.utf8/LC_MEASUREMENT", O_RDONLY|O_CLOEXEC) = 3</usr/lib/locale/C.utf8/LC_MEASUREMENT>
1123952 openat(AT_FDCWD</tmp/kernel-health-20260923-_5s65pp9/\346\261\202\350\247\243\345\231\250>, "/usr/lib/locale/C.UTF-8/LC_TELEPHONE", O_RDONLY|O_CLOEXEC) = -1 ENOENT (No such file or directory)
1123952 openat(AT_FDCWD</tmp/kernel-health-20260923-_5s65pp9/\346\261\202\350\247\243\345\231\250>, "/usr/lib/locale/C.utf8/LC_TELEPHONE", O_RDONLY|O_CLOEXEC) = 3</usr/lib/locale/C.utf8/LC_TELEPHONE>
1123952 openat(AT_FDCWD</tmp/kernel-health-20260923-_5s65pp9/\346\261\202\350\247\243\345\231\250>, "/usr/lib/locale/C.UTF-8/LC_ADDRESS", O_RDONLY|O_CLOEXEC) = -1 ENOENT (No such file or directory)
1123952 openat(AT_FDCWD</tmp/kernel-health-20260923-_5s65pp9/\346\261\202\350\247\243\345\231\250>, "/usr/lib/locale/C.utf8/LC_ADDRESS", O_RDONLY|O_CLOEXEC) = 3</usr/lib/locale/C.utf8/LC_ADDRESS>
1123952 openat(AT_FDCWD</tmp/kernel-health-20260923-_5s65pp9/\346\261\202\350\247\243\345\231\250>, "/usr/lib/locale/C.UTF-8/LC_NAME", O_RDONLY|O_CLOEXEC) = -1 ENOENT (No such file or directory)
1123952 openat(AT_FDCWD</tmp/kernel-health-20260923-_5s65pp9/\346\261\202\350\247\243\345\231\250>, "/usr/lib/locale/C.utf8/LC_NAME", O_RDONLY|O_CLOEXEC) = 3</usr/lib/locale/C.utf8/LC_NAME>
1123952 openat(AT_FDCWD</tmp/kernel-health-20260923-_5s65pp9/\346\261\202\350\247\243\345\231\250>, "/usr/lib/locale/C.UTF-8/LC_PAPER", O_RDONLY|O_CLOEXEC) = -1 ENOENT (No such file or directory)
1123952 openat(AT_FDCWD</tmp/kernel-health-20260923-_5s65pp9/\346\261\202\350\247\243\345\231\250>, "/usr/lib/locale/C.utf8/LC_PAPER", O_RDONLY|O_CLOEXEC) = 3</usr/lib/locale/C.utf8/LC_PAPER>
1123952 openat(AT_FDCWD</tmp/kernel-health-20260923-_5s65pp9/\346\261\202\350\247\243\345\231\250>, "/usr/lib/locale/C.UTF-8/LC_MESSAGES", O_RDONLY|O_CLOEXEC) = -1 ENOENT (No such file or directory)
1123952 openat(AT_FDCWD</tmp/kernel-health-20260923-_5s65pp9/\346\261\202\350\247\243\345\231\250>, "/usr/lib/locale/C.utf8/LC_MESSAGES", O_RDONLY|O_CLOEXEC) = 3</usr/lib/locale/C.utf8/LC_MESSAGES>
1123952 openat(AT_FDCWD</tmp/kernel-health-20260923-_5s65pp9/\346\261\202\350\247\243\345\231\250>, "/usr/lib/locale/C.utf8/LC_MESSAGES/SYS_LC_MESSAGES", O_RDONLY|O_CLOEXEC) = 3</usr/lib/locale/C.utf8/LC_MESSAGES/SYS_LC_MESSAGES>
1123952 openat(AT_FDCWD</tmp/kernel-health-20260923-_5s65pp9/\346\261\202\350\247\243\345\231\250>, "/usr/lib/locale/C.UTF-8/LC_MONETARY", O_RDONLY|O_CLOEXEC) = -1 ENOENT (No such file or directory)
1123952 openat(AT_FDCWD</tmp/kernel-health-20260923-_5s65pp9/\346\261\202\350\247\243\345\231\250>, "/usr/lib/locale/C.utf8/LC_MONETARY", O_RDONLY|O_CLOEXEC) = 3</usr/lib/locale/C.utf8/LC_MONETARY>
1123952 openat(AT_FDCWD</tmp/kernel-health-20260923-_5s65pp9/\346\261\202\350\247\243\345\231\250>, "/usr/lib/locale/C.UTF-8/LC_COLLATE", O_RDONLY|O_CLOEXEC) = -1 ENOENT (No such file or directory)
1123952 openat(AT_FDCWD</tmp/kernel-health-20260923-_5s65pp9/\346\261\202\350\247\243\345\231\250>, "/usr/lib/locale/C.utf8/LC_COLLATE", O_RDONLY|O_CLOEXEC) = 3</usr/lib/locale/C.utf8/LC_COLLATE>
1123952 openat(AT_FDCWD</tmp/kernel-health-20260923-_5s65pp9/\346\261\202\350\247\243\345\231\250>, "/usr/lib/locale/C.UTF-8/LC_TIME", O_RDONLY|O_CLOEXEC) = -1 ENOENT (No such file or directory)
1123952 openat(AT_FDCWD</tmp/kernel-health-20260923-_5s65pp9/\346\261\202\350\247\243\345\231\250>, "/usr/lib/locale/C.utf8/LC_TIME", O_RDONLY|O_CLOEXEC) = 3</usr/lib/locale/C.utf8/LC_TIME>
1123952 openat(AT_FDCWD</tmp/kernel-health-20260923-_5s65pp9/\346\261\202\350\247\243\345\231\250>, "/usr/lib/locale/C.UTF-8/LC_NUMERIC", O_RDONLY|O_CLOEXEC) = -1 ENOENT (No such file or directory)
1123952 openat(AT_FDCWD</tmp/kernel-health-20260923-_5s65pp9/\346\261\202\350\247\243\345\231\250>, "/usr/lib/locale/C.utf8/LC_NUMERIC", O_RDONLY|O_CLOEXEC) = 3</usr/lib/locale/C.utf8/LC_NUMERIC>
1123952 openat(AT_FDCWD</tmp/kernel-health-20260923-_5s65pp9/\346\261\202\350\247\243\345\231\250>, "/usr/lib/locale/C.UTF-8/LC_CTYPE", O_RDONLY|O_CLOEXEC) = -1 ENOENT (No such file or directory)
1123952 openat(AT_FDCWD</tmp/kernel-health-20260923-_5s65pp9/\346\261\202\350\247\243\345\231\250>, "/usr/lib/locale/C.utf8/LC_CTYPE", O_RDONLY|O_CLOEXEC) = 3</usr/lib/locale/C.utf8/LC_CTYPE>
1123952 openat(AT_FDCWD</tmp/kernel-health-20260923-_5s65pp9/\346\261\202\350\247\243\345\231\250>, "/tmp/kernel-health-20260923-_5s65pp9/\346\261\202\350\247\243\345\231\250/\350\247\204\346\240\274/\345\217\227\351\231\220\346\250\241\345\236\213\345\243\260\346\230\216.md", O_RDONLY) = 3</tmp/kernel-health-20260923-_5s65pp9/\346\261\202\350\247\243\345\231\250/\350\247\204\346\240\274/\345\217\227\351\231\220\346\250\241\345\236\213\345\243\260\346\230\216.md>
1123938 --- SIGCHLD {si_signo=SIGCHLD, si_code=CLD_EXITED, si_pid=1123952, si_uid=1000, si_status=0, si_utime=0, si_stime=0} ---
1123938 openat(AT_FDCWD</tmp/kernel-health-20260923-_5s65pp9/\346\261\202\350\247\243\345\231\250>, "/dev/null", O_RDONLY|O_CLOEXEC) = 3</dev/null<char 1:3>>
1123953 execve("/home/zhuran24/.codex/tmp/arg0/codex-arg07mihkU/sha256sum", ["sha256sum", "--", "/tmp/kernel-health-20260923-_5s65pp9/\346\261\202\350\247\243\345\231\250/\350\247\204\346\240\274/\345\217\227\351\231\220\350\275\254\347\247\273\345\256\232\344\271\211.md"], 0x7ffef62f4cb8 /* 135 vars */) = -1 ENOENT (No such file or directory)
1123953 execve("/home/zhuran24/.cargo/bin/sha256sum", ["sha256sum", "--", "/tmp/kernel-health-20260923-_5s65pp9/\346\261\202\350\247\243\345\231\250/\350\247\204\346\240\274/\345\217\227\351\231\220\350\275\254\347\247\273\345\256\232\344\271\211.md"], 0x7ffef62f4cb8 /* 135 vars */) = -1 ENOENT (No such file or directory)
1123953 execve("/home/zhuran24/.local/bin/sha256sum", ["sha256sum", "--", "/tmp/kernel-health-20260923-_5s65pp9/\346\261\202\350\247\243\345\231\250/\350\247\204\346\240\274/\345\217\227\351\231\220\350\275\254\347\247\273\345\256\232\344\271\211.md"], 0x7ffef62f4cb8 /* 135 vars */) = -1 ENOENT (No such file or directory)
1123953 execve("/home/zhuran24/.opencode/bin/sha256sum", ["sha256sum", "--", "/tmp/kernel-health-20260923-_5s65pp9/\346\261\202\350\247\243\345\231\250/\350\247\204\346\240\274/\345\217\227\351\231\220\350\275\254\347\247\273\345\256\232\344\271\211.md"], 0x7ffef62f4cb8 /* 135 vars */) = -1 ENOENT (No such file or directory)
1123953 execve("/usr/local/bin/sha256sum", ["sha256sum", "--", "/tmp/kernel-health-20260923-_5s65pp9/\346\261\202\350\247\243\345\231\250/\350\247\204\346\240\274/\345\217\227\351\231\220\350\275\254\347\247\273\345\256\232\344\271\211.md"], 0x7ffef62f4cb8 /* 135 vars */) = -1 ENOENT (No such file or directory)
1123953 execve("/usr/bin/sha256sum", ["sha256sum", "--", "/tmp/kernel-health-20260923-_5s65pp9/\346\261\202\350\247\243\345\231\250/\350\247\204\346\240\274/\345\217\227\351\231\220\350\275\254\347\247\273\345\256\232\344\271\211.md"], 0x7ffef62f4cb8 /* 135 vars */) = 0
1123953 openat(AT_FDCWD</tmp/kernel-health-20260923-_5s65pp9/\346\261\202\350\247\243\345\231\250>, "/etc/ld.so.cache", O_RDONLY|O_CLOEXEC) = 3</etc/ld.so.cache>
1123953 openat(AT_FDCWD</tmp/kernel-health-20260923-_5s65pp9/\346\261\202\350\247\243\345\231\250>, "/usr/lib/libcrypto.so.3", O_RDONLY|O_CLOEXEC) = 3</usr/lib/libcrypto.so.3>
1123953 openat(AT_FDCWD</tmp/kernel-health-20260923-_5s65pp9/\346\261\202\350\247\243\345\231\250>, "/usr/lib/libc.so.6", O_RDONLY|O_CLOEXEC) = 3</usr/lib/libc.so.6>
1123953 openat(AT_FDCWD</tmp/kernel-health-20260923-_5s65pp9/\346\261\202\350\247\243\345\231\250>, "/usr/lib/libz.so.1", O_RDONLY|O_CLOEXEC) = 3</usr/lib/libz.so.1.3.1.zlib-ng>
1123953 openat(AT_FDCWD</tmp/kernel-health-20260923-_5s65pp9/\346\261\202\350\247\243\345\231\250>, "/usr/lib/libbrotlienc.so.1", O_RDONLY|O_CLOEXEC) = 3</usr/lib/libbrotlienc.so.1.2.0>
1123953 openat(AT_FDCWD</tmp/kernel-health-20260923-_5s65pp9/\346\261\202\350\247\243\345\231\250>, "/usr/lib/libbrotlidec.so.1", O_RDONLY|O_CLOEXEC) = 3</usr/lib/libbrotlidec.so.1.2.0>
1123953 openat(AT_FDCWD</tmp/kernel-health-20260923-_5s65pp9/\346\261\202\350\247\243\345\231\250>, "/usr/lib/libzstd.so.1", O_RDONLY|O_CLOEXEC) = 3</usr/lib/libzstd.so.1.5.7>
1123953 openat(AT_FDCWD</tmp/kernel-health-20260923-_5s65pp9/\346\261\202\350\247\243\345\231\250>, "/usr/lib/libm.so.6", O_RDONLY|O_CLOEXEC) = 3</usr/lib/libm.so.6>
1123953 openat(AT_FDCWD</tmp/kernel-health-20260923-_5s65pp9/\346\261\202\350\247\243\345\231\250>, "/usr/lib/libbrotlicommon.so.1", O_RDONLY|O_CLOEXEC) = 3</usr/lib/libbrotlicommon.so.1.2.0>
1123953 openat(AT_FDCWD</tmp/kernel-health-20260923-_5s65pp9/\346\261\202\350\247\243\345\231\250>, "/usr/lib/locale/locale-archive", O_RDONLY|O_CLOEXEC) = 3</usr/lib/locale/locale-archive>
1123953 openat(AT_FDCWD</tmp/kernel-health-20260923-_5s65pp9/\346\261\202\350\247\243\345\231\250>, "/usr/share/locale/locale.alias", O_RDONLY|O_CLOEXEC) = 3</usr/share/locale/locale.alias>
1123953 openat(AT_FDCWD</tmp/kernel-health-20260923-_5s65pp9/\346\261\202\350\247\243\345\231\250>, "/usr/lib/locale/C.UTF-8/LC_IDENTIFICATION", O_RDONLY|O_CLOEXEC) = -1 ENOENT (No such file or directory)
1123953 openat(AT_FDCWD</tmp/kernel-health-20260923-_5s65pp9/\346\261\202\350\247\243\345\231\250>, "/usr/lib/locale/C.utf8/LC_IDENTIFICATION", O_RDONLY|O_CLOEXEC) = 3</usr/lib/locale/C.utf8/LC_IDENTIFICATION>
1123953 openat(AT_FDCWD</tmp/kernel-health-20260923-_5s65pp9/\346\261\202\350\247\243\345\231\250>, "/usr/lib/gconv/gconv-modules.cache", O_RDONLY|O_CLOEXEC) = 3</usr/lib/gconv/gconv-modules.cache>
1123953 openat(AT_FDCWD</tmp/kernel-health-20260923-_5s65pp9/\346\261\202\350\247\243\345\231\250>, "/usr/lib/locale/C.UTF-8/LC_MEASUREMENT", O_RDONLY|O_CLOEXEC) = -1 ENOENT (No such file or directory)
1123953 openat(AT_FDCWD</tmp/kernel-health-20260923-_5s65pp9/\346\261\202\350\247\243\345\231\250>, "/usr/lib/locale/C.utf8/LC_MEASUREMENT", O_RDONLY|O_CLOEXEC) = 3</usr/lib/locale/C.utf8/LC_MEASUREMENT>
1123953 openat(AT_FDCWD</tmp/kernel-health-20260923-_5s65pp9/\346\261\202\350\247\243\345\231\250>, "/usr/lib/locale/C.UTF-8/LC_TELEPHONE", O_RDONLY|O_CLOEXEC) = -1 ENOENT (No such file or directory)
1123953 openat(AT_FDCWD</tmp/kernel-health-20260923-_5s65pp9/\346\261\202\350\247\243\345\231\250>, "/usr/lib/locale/C.utf8/LC_TELEPHONE", O_RDONLY|O_CLOEXEC) = 3</usr/lib/locale/C.utf8/LC_TELEPHONE>
1123953 openat(AT_FDCWD</tmp/kernel-health-20260923-_5s65pp9/\346\261\202\350\247\243\345\231\250>, "/usr/lib/locale/C.UTF-8/LC_ADDRESS", O_RDONLY|O_CLOEXEC) = -1 ENOENT (No such file or directory)
1123953 openat(AT_FDCWD</tmp/kernel-health-20260923-_5s65pp9/\346\261\202\350\247\243\345\231\250>, "/usr/lib/locale/C.utf8/LC_ADDRESS", O_RDONLY|O_CLOEXEC) = 3</usr/lib/locale/C.utf8/LC_ADDRESS>
1123953 openat(AT_FDCWD</tmp/kernel-health-20260923-_5s65pp9/\346\261\202\350\247\243\345\231\250>, "/usr/lib/locale/C.UTF-8/LC_NAME", O_RDONLY|O_CLOEXEC) = -1 ENOENT (No such file or directory)
1123953 openat(AT_FDCWD</tmp/kernel-health-20260923-_5s65pp9/\346\261\202\350\247\243\345\231\250>, "/usr/lib/locale/C.utf8/LC_NAME", O_RDONLY|O_CLOEXEC) = 3</usr/lib/locale/C.utf8/LC_NAME>
1123953 openat(AT_FDCWD</tmp/kernel-health-20260923-_5s65pp9/\346\261\202\350\247\243\345\231\250>, "/usr/lib/locale/C.UTF-8/LC_PAPER", O_RDONLY|O_CLOEXEC) = -1 ENOENT (No such file or directory)
1123953 openat(AT_FDCWD</tmp/kernel-health-20260923-_5s65pp9/\346\261\202\350\247\243\345\231\250>, "/usr/lib/locale/C.utf8/LC_PAPER", O_RDONLY|O_CLOEXEC) = 3</usr/lib/locale/C.utf8/LC_PAPER>
1123953 openat(AT_FDCWD</tmp/kernel-health-20260923-_5s65pp9/\346\261\202\350\247\243\345\231\250>, "/usr/lib/locale/C.UTF-8/LC_MESSAGES", O_RDONLY|O_CLOEXEC) = -1 ENOENT (No such file or directory)
1123953 openat(AT_FDCWD</tmp/kernel-health-20260923-_5s65pp9/\346\261\202\350\247\243\345\231\250>, "/usr/lib/locale/C.utf8/LC_MESSAGES", O_RDONLY|O_CLOEXEC) = 3</usr/lib/locale/C.utf8/LC_MESSAGES>
1123953 openat(AT_FDCWD</tmp/kernel-health-20260923-_5s65pp9/\346\261\202\350\247\243\345\231\250>, "/usr/lib/locale/C.utf8/LC_MESSAGES/SYS_LC_MESSAGES", O_RDONLY|O_CLOEXEC) = 3</usr/lib/locale/C.utf8/LC_MESSAGES/SYS_LC_MESSAGES>
1123953 openat(AT_FDCWD</tmp/kernel-health-20260923-_5s65pp9/\346\261\202\350\247\243\345\231\250>, "/usr/lib/locale/C.UTF-8/LC_MONETARY", O_RDONLY|O_CLOEXEC) = -1 ENOENT (No such file or directory)
1123953 openat(AT_FDCWD</tmp/kernel-health-20260923-_5s65pp9/\346\261\202\350\247\243\345\231\250>, "/usr/lib/locale/C.utf8/LC_MONETARY", O_RDONLY|O_CLOEXEC) = 3</usr/lib/locale/C.utf8/LC_MONETARY>
1123953 openat(AT_FDCWD</tmp/kernel-health-20260923-_5s65pp9/\346\261\202\350\247\243\345\231\250>, "/usr/lib/locale/C.UTF-8/LC_COLLATE", O_RDONLY|O_CLOEXEC) = -1 ENOENT (No such file or directory)
1123953 openat(AT_FDCWD</tmp/kernel-health-20260923-_5s65pp9/\346\261\202\350\247\243\345\231\250>, "/usr/lib/locale/C.utf8/LC_COLLATE", O_RDONLY|O_CLOEXEC) = 3</usr/lib/locale/C.utf8/LC_COLLATE>
1123953 openat(AT_FDCWD</tmp/kernel-health-20260923-_5s65pp9/\346\261\202\350\247\243\345\231\250>, "/usr/lib/locale/C.UTF-8/LC_TIME", O_RDONLY|O_CLOEXEC) = -1 ENOENT (No such file or directory)
1123953 openat(AT_FDCWD</tmp/kernel-health-20260923-_5s65pp9/\346\261\202\350\247\243\345\231\250>, "/usr/lib/locale/C.utf8/LC_TIME", O_RDONLY|O_CLOEXEC) = 3</usr/lib/locale/C.utf8/LC_TIME>
1123953 openat(AT_FDCWD</tmp/kernel-health-20260923-_5s65pp9/\346\261\202\350\247\243\345\231\250>, "/usr/lib/locale/C.UTF-8/LC_NUMERIC", O_RDONLY|O_CLOEXEC) = -1 ENOENT (No such file or directory)
1123953 openat(AT_FDCWD</tmp/kernel-health-20260923-_5s65pp9/\346\261\202\350\247\243\345\231\250>, "/usr/lib/locale/C.utf8/LC_NUMERIC", O_RDONLY|O_CLOEXEC) = 3</usr/lib/locale/C.utf8/LC_NUMERIC>
1123953 openat(AT_FDCWD</tmp/kernel-health-20260923-_5s65pp9/\346\261\202\350\247\243\345\231\250>, "/usr/lib/locale/C.UTF-8/LC_CTYPE", O_RDONLY|O_CLOEXEC) = -1 ENOENT (No such file or directory)
1123953 openat(AT_FDCWD</tmp/kernel-health-20260923-_5s65pp9/\346\261\202\350\247\243\345\231\250>, "/usr/lib/locale/C.utf8/LC_CTYPE", O_RDONLY|O_CLOEXEC) = 3</usr/lib/locale/C.utf8/LC_CTYPE>
1123953 openat(AT_FDCWD</tmp/kernel-health-20260923-_5s65pp9/\346\261\202\350\247\243\345\231\250>, "/tmp/kernel-health-20260923-_5s65pp9/\346\261\202\350\247\243\345\231\250/\350\247\204\346\240\274/\345\217\227\351\231\220\350\275\254\347\247\273\345\256\232\344\271\211.md", O_RDONLY) = 3</tmp/kernel-health-20260923-_5s65pp9/\346\261\202\350\247\243\345\231\250/\350\247\204\346\240\274/\345\217\227\351\231\220\350\275\254\347\247\273\345\256\232\344\271\211.md>
1123938 --- SIGCHLD {si_signo=SIGCHLD, si_code=CLD_EXITED, si_pid=1123953, si_uid=1000, si_status=0, si_utime=0, si_stime=0} ---
1123938 openat(AT_FDCWD</tmp/kernel-health-20260923-_5s65pp9/\346\261\202\350\247\243\345\231\250>, "/dev/null", O_RDONLY|O_CLOEXEC) = 3</dev/null<char 1:3>>
1123954 execve("/home/zhuran24/.codex/tmp/arg0/codex-arg07mihkU/sha256sum", ["sha256sum", "--", "/tmp/kernel-health-20260923-_5s65pp9/\346\261\202\350\247\243\345\231\250/\350\247\204\346\240\274/\350\277\220\350\241\214\350\257\255\344\271\211.md"], 0x7ffef62f4cb8 /* 135 vars */) = -1 ENOENT (No such file or directory)
1123954 execve("/home/zhuran24/.cargo/bin/sha256sum", ["sha256sum", "--", "/tmp/kernel-health-20260923-_5s65pp9/\346\261\202\350\247\243\345\231\250/\350\247\204\346\240\274/\350\277\220\350\241\214\350\257\255\344\271\211.md"], 0x7ffef62f4cb8 /* 135 vars */) = -1 ENOENT (No such file or directory)
1123954 execve("/home/zhuran24/.local/bin/sha256sum", ["sha256sum", "--", "/tmp/kernel-health-20260923-_5s65pp9/\346\261\202\350\247\243\345\231\250/\350\247\204\346\240\274/\350\277\220\350\241\214\350\257\255\344\271\211.md"], 0x7ffef62f4cb8 /* 135 vars */) = -1 ENOENT (No such file or directory)
1123954 execve("/home/zhuran24/.opencode/bin/sha256sum", ["sha256sum", "--", "/tmp/kernel-health-20260923-_5s65pp9/\346\261\202\350\247\243\345\231\250/\350\247\204\346\240\274/\350\277\220\350\241\214\350\257\255\344\271\211.md"], 0x7ffef62f4cb8 /* 135 vars */) = -1 ENOENT (No such file or directory)
1123954 execve("/usr/local/bin/sha256sum", ["sha256sum", "--", "/tmp/kernel-health-20260923-_5s65pp9/\346\261\202\350\247\243\345\231\250/\350\247\204\346\240\274/\350\277\220\350\241\214\350\257\255\344\271\211.md"], 0x7ffef62f4cb8 /* 135 vars */) = -1 ENOENT (No such file or directory)
1123954 execve("/usr/bin/sha256sum", ["sha256sum", "--", "/tmp/kernel-health-20260923-_5s65pp9/\346\261\202\350\247\243\345\231\250/\350\247\204\346\240\274/\350\277\220\350\241\214\350\257\255\344\271\211.md"], 0x7ffef62f4cb8 /* 135 vars */) = 0
1123954 openat(AT_FDCWD</tmp/kernel-health-20260923-_5s65pp9/\346\261\202\350\247\243\345\231\250>, "/etc/ld.so.cache", O_RDONLY|O_CLOEXEC) = 3</etc/ld.so.cache>
1123954 openat(AT_FDCWD</tmp/kernel-health-20260923-_5s65pp9/\346\261\202\350\247\243\345\231\250>, "/usr/lib/libcrypto.so.3", O_RDONLY|O_CLOEXEC) = 3</usr/lib/libcrypto.so.3>
1123954 openat(AT_FDCWD</tmp/kernel-health-20260923-_5s65pp9/\346\261\202\350\247\243\345\231\250>, "/usr/lib/libc.so.6", O_RDONLY|O_CLOEXEC) = 3</usr/lib/libc.so.6>
1123954 openat(AT_FDCWD</tmp/kernel-health-20260923-_5s65pp9/\346\261\202\350\247\243\345\231\250>, "/usr/lib/libz.so.1", O_RDONLY|O_CLOEXEC) = 3</usr/lib/libz.so.1.3.1.zlib-ng>
1123954 openat(AT_FDCWD</tmp/kernel-health-20260923-_5s65pp9/\346\261\202\350\247\243\345\231\250>, "/usr/lib/libbrotlienc.so.1", O_RDONLY|O_CLOEXEC) = 3</usr/lib/libbrotlienc.so.1.2.0>
1123954 openat(AT_FDCWD</tmp/kernel-health-20260923-_5s65pp9/\346\261\202\350\247\243\345\231\250>, "/usr/lib/libbrotlidec.so.1", O_RDONLY|O_CLOEXEC) = 3</usr/lib/libbrotlidec.so.1.2.0>
1123954 openat(AT_FDCWD</tmp/kernel-health-20260923-_5s65pp9/\346\261\202\350\247\243\345\231\250>, "/usr/lib/libzstd.so.1", O_RDONLY|O_CLOEXEC) = 3</usr/lib/libzstd.so.1.5.7>
1123954 openat(AT_FDCWD</tmp/kernel-health-20260923-_5s65pp9/\346\261\202\350\247\243\345\231\250>, "/usr/lib/libm.so.6", O_RDONLY|O_CLOEXEC) = 3</usr/lib/libm.so.6>
1123954 openat(AT_FDCWD</tmp/kernel-health-20260923-_5s65pp9/\346\261\202\350\247\243\345\231\250>, "/usr/lib/libbrotlicommon.so.1", O_RDONLY|O_CLOEXEC) = 3</usr/lib/libbrotlicommon.so.1.2.0>
1123954 openat(AT_FDCWD</tmp/kernel-health-20260923-_5s65pp9/\346\261\202\350\247\243\345\231\250>, "/usr/lib/locale/locale-archive", O_RDONLY|O_CLOEXEC) = 3</usr/lib/locale/locale-archive>
1123954 openat(AT_FDCWD</tmp/kernel-health-20260923-_5s65pp9/\346\261\202\350\247\243\345\231\250>, "/usr/share/locale/locale.alias", O_RDONLY|O_CLOEXEC) = 3</usr/share/locale/locale.alias>
1123954 openat(AT_FDCWD</tmp/kernel-health-20260923-_5s65pp9/\346\261\202\350\247\243\345\231\250>, "/usr/lib/locale/C.UTF-8/LC_IDENTIFICATION", O_RDONLY|O_CLOEXEC) = -1 ENOENT (No such file or directory)
1123954 openat(AT_FDCWD</tmp/kernel-health-20260923-_5s65pp9/\346\261\202\350\247\243\345\231\250>, "/usr/lib/locale/C.utf8/LC_IDENTIFICATION", O_RDONLY|O_CLOEXEC) = 3</usr/lib/locale/C.utf8/LC_IDENTIFICATION>
1123954 openat(AT_FDCWD</tmp/kernel-health-20260923-_5s65pp9/\346\261\202\350\247\243\345\231\250>, "/usr/lib/gconv/gconv-modules.cache", O_RDONLY|O_CLOEXEC) = 3</usr/lib/gconv/gconv-modules.cache>
1123954 openat(AT_FDCWD</tmp/kernel-health-20260923-_5s65pp9/\346\261\202\350\247\243\345\231\250>, "/usr/lib/locale/C.UTF-8/LC_MEASUREMENT", O_RDONLY|O_CLOEXEC) = -1 ENOENT (No such file or directory)
1123954 openat(AT_FDCWD</tmp/kernel-health-20260923-_5s65pp9/\346\261\202\350\247\243\345\231\250>, "/usr/lib/locale/C.utf8/LC_MEASUREMENT", O_RDONLY|O_CLOEXEC) = 3</usr/lib/locale/C.utf8/LC_MEASUREMENT>
1123954 openat(AT_FDCWD</tmp/kernel-health-20260923-_5s65pp9/\346\261\202\350\247\243\345\231\250>, "/usr/lib/locale/C.UTF-8/LC_TELEPHONE", O_RDONLY|O_CLOEXEC) = -1 ENOENT (No such file or directory)
1123954 openat(AT_FDCWD</tmp/kernel-health-20260923-_5s65pp9/\346\261\202\350\247\243\345\231\250>, "/usr/lib/locale/C.utf8/LC_TELEPHONE", O_RDONLY|O_CLOEXEC) = 3</usr/lib/locale/C.utf8/LC_TELEPHONE>
1123954 openat(AT_FDCWD</tmp/kernel-health-20260923-_5s65pp9/\346\261\202\350\247\243\345\231\250>, "/usr/lib/locale/C.UTF-8/LC_ADDRESS", O_RDONLY|O_CLOEXEC) = -1 ENOENT (No such file or directory)
1123954 openat(AT_FDCWD</tmp/kernel-health-20260923-_5s65pp9/\346\261\202\350\247\243\345\231\250>, "/usr/lib/locale/C.utf8/LC_ADDRESS", O_RDONLY|O_CLOEXEC) = 3</usr/lib/locale/C.utf8/LC_ADDRESS>
1123954 openat(AT_FDCWD</tmp/kernel-health-20260923-_5s65pp9/\346\261\202\350\247\243\345\231\250>, "/usr/lib/locale/C.UTF-8/LC_NAME", O_RDONLY|O_CLOEXEC) = -1 ENOENT (No such file or directory)
1123954 openat(AT_FDCWD</tmp/kernel-health-20260923-_5s65pp9/\346\261\202\350\247\243\345\231\250>, "/usr/lib/locale/C.utf8/LC_NAME", O_RDONLY|O_CLOEXEC) = 3</usr/lib/locale/C.utf8/LC_NAME>
1123954 openat(AT_FDCWD</tmp/kernel-health-20260923-_5s65pp9/\346\261\202\350\247\243\345\231\250>, "/usr/lib/locale/C.UTF-8/LC_PAPER", O_RDONLY|O_CLOEXEC) = -1 ENOENT (No such file or directory)
1123954 openat(AT_FDCWD</tmp/kernel-health-20260923-_5s65pp9/\346\261\202\350\247\243\345\231\250>, "/usr/lib/locale/C.utf8/LC_PAPER", O_RDONLY|O_CLOEXEC) = 3</usr/lib/locale/C.utf8/LC_PAPER>
1123954 openat(AT_FDCWD</tmp/kernel-health-20260923-_5s65pp9/\346\261\202\350\247\243\345\231\250>, "/usr/lib/locale/C.UTF-8/LC_MESSAGES", O_RDONLY|O_CLOEXEC) = -1 ENOENT (No such file or directory)
1123954 openat(AT_FDCWD</tmp/kernel-health-20260923-_5s65pp9/\346\261\202\350\247\243\345\231\250>, "/usr/lib/locale/C.utf8/LC_MESSAGES", O_RDONLY|O_CLOEXEC) = 3</usr/lib/locale/C.utf8/LC_MESSAGES>
1123954 openat(AT_FDCWD</tmp/kernel-health-20260923-_5s65pp9/\346\261\202\350\247\243\345\231\250>, "/usr/lib/locale/C.utf8/LC_MESSAGES/SYS_LC_MESSAGES", O_RDONLY|O_CLOEXEC) = 3</usr/lib/locale/C.utf8/LC_MESSAGES/SYS_LC_MESSAGES>
1123954 openat(AT_FDCWD</tmp/kernel-health-20260923-_5s65pp9/\346\261\202\350\247\243\345\231\250>, "/usr/lib/locale/C.UTF-8/LC_MONETARY", O_RDONLY|O_CLOEXEC) = -1 ENOENT (No such file or directory)
1123954 openat(AT_FDCWD</tmp/kernel-health-20260923-_5s65pp9/\346\261\202\350\247\243\345\231\250>, "/usr/lib/locale/C.utf8/LC_MONETARY", O_RDONLY|O_CLOEXEC) = 3</usr/lib/locale/C.utf8/LC_MONETARY>
1123954 openat(AT_FDCWD</tmp/kernel-health-20260923-_5s65pp9/\346\261\202\350\247\243\345\231\250>, "/usr/lib/locale/C.UTF-8/LC_COLLATE", O_RDONLY|O_CLOEXEC) = -1 ENOENT (No such file or directory)
1123954 openat(AT_FDCWD</tmp/kernel-health-20260923-_5s65pp9/\346\261\202\350\247\243\345\231\250>, "/usr/lib/locale/C.utf8/LC_COLLATE", O_RDONLY|O_CLOEXEC) = 3</usr/lib/locale/C.utf8/LC_COLLATE>
1123954 openat(AT_FDCWD</tmp/kernel-health-20260923-_5s65pp9/\346\261\202\350\247\243\345\231\250>, "/usr/lib/locale/C.UTF-8/LC_TIME", O_RDONLY|O_CLOEXEC) = -1 ENOENT (No such file or directory)
1123954 openat(AT_FDCWD</tmp/kernel-health-20260923-_5s65pp9/\346\261\202\350\247\243\345\231\250>, "/usr/lib/locale/C.utf8/LC_TIME", O_RDONLY|O_CLOEXEC) = 3</usr/lib/locale/C.utf8/LC_TIME>
1123954 openat(AT_FDCWD</tmp/kernel-health-20260923-_5s65pp9/\346\261\202\350\247\243\345\231\250>, "/usr/lib/locale/C.UTF-8/LC_NUMERIC", O_RDONLY|O_CLOEXEC) = -1 ENOENT (No such file or directory)
1123954 openat(AT_FDCWD</tmp/kernel-health-20260923-_5s65pp9/\346\261\202\350\247\243\345\231\250>, "/usr/lib/locale/C.utf8/LC_NUMERIC", O_RDONLY|O_CLOEXEC) = 3</usr/lib/locale/C.utf8/LC_NUMERIC>
1123954 openat(AT_FDCWD</tmp/kernel-health-20260923-_5s65pp9/\346\261\202\350\247\243\345\231\250>, "/usr/lib/locale/C.UTF-8/LC_CTYPE", O_RDONLY|O_CLOEXEC) = -1 ENOENT (No such file or directory)
1123954 openat(AT_FDCWD</tmp/kernel-health-20260923-_5s65pp9/\346\261\202\350\247\243\345\231\250>, "/usr/lib/locale/C.utf8/LC_CTYPE", O_RDONLY|O_CLOEXEC) = 3</usr/lib/locale/C.utf8/LC_CTYPE>
1123954 openat(AT_FDCWD</tmp/kernel-health-20260923-_5s65pp9/\346\261\202\350\247\243\345\231\250>, "/tmp/kernel-health-20260923-_5s65pp9/\346\261\202\350\247\243\345\231\250/\350\247\204\346\240\274/\350\277\220\350\241\214\350\257\255\344\271\211.md", O_RDONLY) = 3</tmp/kernel-health-20260923-_5s65pp9/\346\261\202\350\247\243\345\231\250/\350\247\204\346\240\274/\350\277\220\350\241\214\350\257\255\344\271\211.md>
1123938 --- SIGCHLD {si_signo=SIGCHLD, si_code=CLD_EXITED, si_pid=1123954, si_uid=1000, si_status=0, si_utime=0, si_stime=0} ---
1123938 openat(AT_FDCWD</tmp/kernel-health-20260923-_5s65pp9/\346\261\202\350\247\243\345\231\250>, "/dev/null", O_RDONLY|O_CLOEXEC) = 3</dev/null<char 1:3>>
1123955 execve("/home/zhuran24/.codex/tmp/arg0/codex-arg07mihkU/sha256sum", ["sha256sum", "--", "/tmp/kernel-health-20260923-_5s65pp9/\346\261\202\350\247\243\345\231\250/\350\247\204\346\240\274/\345\206\205\346\240\270\350\276\223\345\205\245.md"], 0x7ffef62f4cb8 /* 135 vars */) = -1 ENOENT (No such file or directory)
1123955 execve("/home/zhuran24/.cargo/bin/sha256sum", ["sha256sum", "--", "/tmp/kernel-health-20260923-_5s65pp9/\346\261\202\350\247\243\345\231\250/\350\247\204\346\240\274/\345\206\205\346\240\270\350\276\223\345\205\245.md"], 0x7ffef62f4cb8 /* 135 vars */) = -1 ENOENT (No such file or directory)
1123955 execve("/home/zhuran24/.local/bin/sha256sum", ["sha256sum", "--", "/tmp/kernel-health-20260923-_5s65pp9/\346\261\202\350\247\243\345\231\250/\350\247\204\346\240\274/\345\206\205\346\240\270\350\276\223\345\205\245.md"], 0x7ffef62f4cb8 /* 135 vars */) = -1 ENOENT (No such file or directory)
1123955 execve("/home/zhuran24/.opencode/bin/sha256sum", ["sha256sum", "--", "/tmp/kernel-health-20260923-_5s65pp9/\346\261\202\350\247\243\345\231\250/\350\247\204\346\240\274/\345\206\205\346\240\270\350\276\223\345\205\245.md"], 0x7ffef62f4cb8 /* 135 vars */) = -1 ENOENT (No such file or directory)
1123955 execve("/usr/local/bin/sha256sum", ["sha256sum", "--", "/tmp/kernel-health-20260923-_5s65pp9/\346\261\202\350\247\243\345\231\250/\350\247\204\346\240\274/\345\206\205\346\240\270\350\276\223\345\205\245.md"], 0x7ffef62f4cb8 /* 135 vars */) = -1 ENOENT (No such file or directory)
1123955 execve("/usr/bin/sha256sum", ["sha256sum", "--", "/tmp/kernel-health-20260923-_5s65pp9/\346\261\202\350\247\243\345\231\250/\350\247\204\346\240\274/\345\206\205\346\240\270\350\276\223\345\205\245.md"], 0x7ffef62f4cb8 /* 135 vars */) = 0
1123955 openat(AT_FDCWD</tmp/kernel-health-20260923-_5s65pp9/\346\261\202\350\247\243\345\231\250>, "/etc/ld.so.cache", O_RDONLY|O_CLOEXEC) = 3</etc/ld.so.cache>
1123955 openat(AT_FDCWD</tmp/kernel-health-20260923-_5s65pp9/\346\261\202\350\247\243\345\231\250>, "/usr/lib/libcrypto.so.3", O_RDONLY|O_CLOEXEC) = 3</usr/lib/libcrypto.so.3>
1123955 openat(AT_FDCWD</tmp/kernel-health-20260923-_5s65pp9/\346\261\202\350\247\243\345\231\250>, "/usr/lib/libc.so.6", O_RDONLY|O_CLOEXEC) = 3</usr/lib/libc.so.6>
1123955 openat(AT_FDCWD</tmp/kernel-health-20260923-_5s65pp9/\346\261\202\350\247\243\345\231\250>, "/usr/lib/libz.so.1", O_RDONLY|O_CLOEXEC) = 3</usr/lib/libz.so.1.3.1.zlib-ng>
1123955 openat(AT_FDCWD</tmp/kernel-health-20260923-_5s65pp9/\346\261\202\350\247\243\345\231\250>, "/usr/lib/libbrotlienc.so.1", O_RDONLY|O_CLOEXEC) = 3</usr/lib/libbrotlienc.so.1.2.0>
1123955 openat(AT_FDCWD</tmp/kernel-health-20260923-_5s65pp9/\346\261\202\350\247\243\345\231\250>, "/usr/lib/libbrotlidec.so.1", O_RDONLY|O_CLOEXEC) = 3</usr/lib/libbrotlidec.so.1.2.0>
1123955 openat(AT_FDCWD</tmp/kernel-health-20260923-_5s65pp9/\346\261\202\350\247\243\345\231\250>, "/usr/lib/libzstd.so.1", O_RDONLY|O_CLOEXEC) = 3</usr/lib/libzstd.so.1.5.7>
1123955 openat(AT_FDCWD</tmp/kernel-health-20260923-_5s65pp9/\346\261\202\350\247\243\345\231\250>, "/usr/lib/libm.so.6", O_RDONLY|O_CLOEXEC) = 3</usr/lib/libm.so.6>
1123955 openat(AT_FDCWD</tmp/kernel-health-20260923-_5s65pp9/\346\261\202\350\247\243\345\231\250>, "/usr/lib/libbrotlicommon.so.1", O_RDONLY|O_CLOEXEC) = 3</usr/lib/libbrotlicommon.so.1.2.0>
1123955 openat(AT_FDCWD</tmp/kernel-health-20260923-_5s65pp9/\346\261\202\350\247\243\345\231\250>, "/usr/lib/locale/locale-archive", O_RDONLY|O_CLOEXEC) = 3</usr/lib/locale/locale-archive>
1123955 openat(AT_FDCWD</tmp/kernel-health-20260923-_5s65pp9/\346\261\202\350\247\243\345\231\250>, "/usr/share/locale/locale.alias", O_RDONLY|O_CLOEXEC) = 3</usr/share/locale/locale.alias>
1123955 openat(AT_FDCWD</tmp/kernel-health-20260923-_5s65pp9/\346\261\202\350\247\243\345\231\250>, "/usr/lib/locale/C.UTF-8/LC_IDENTIFICATION", O_RDONLY|O_CLOEXEC) = -1 ENOENT (No such file or directory)
1123955 openat(AT_FDCWD</tmp/kernel-health-20260923-_5s65pp9/\346\261\202\350\247\243\345\231\250>, "/usr/lib/locale/C.utf8/LC_IDENTIFICATION", O_RDONLY|O_CLOEXEC) = 3</usr/lib/locale/C.utf8/LC_IDENTIFICATION>
1123955 openat(AT_FDCWD</tmp/kernel-health-20260923-_5s65pp9/\346\261\202\350\247\243\345\231\250>, "/usr/lib/gconv/gconv-modules.cache", O_RDONLY|O_CLOEXEC) = 3</usr/lib/gconv/gconv-modules.cache>
1123955 openat(AT_FDCWD</tmp/kernel-health-20260923-_5s65pp9/\346\261\202\350\247\243\345\231\250>, "/usr/lib/locale/C.UTF-8/LC_MEASUREMENT", O_RDONLY|O_CLOEXEC) = -1 ENOENT (No such file or directory)
1123955 openat(AT_FDCWD</tmp/kernel-health-20260923-_5s65pp9/\346\261\202\350\247\243\345\231\250>, "/usr/lib/locale/C.utf8/LC_MEASUREMENT", O_RDONLY|O_CLOEXEC) = 3</usr/lib/locale/C.utf8/LC_MEASUREMENT>
1123955 openat(AT_FDCWD</tmp/kernel-health-20260923-_5s65pp9/\346\261\202\350\247\243\345\231\250>, "/usr/lib/locale/C.UTF-8/LC_TELEPHONE", O_RDONLY|O_CLOEXEC) = -1 ENOENT (No such file or directory)
1123955 openat(AT_FDCWD</tmp/kernel-health-20260923-_5s65pp9/\346\261\202\350\247\243\345\231\250>, "/usr/lib/locale/C.utf8/LC_TELEPHONE", O_RDONLY|O_CLOEXEC) = 3</usr/lib/locale/C.utf8/LC_TELEPHONE>
1123955 openat(AT_FDCWD</tmp/kernel-health-20260923-_5s65pp9/\346\261\202\350\247\243\345\231\250>, "/usr/lib/locale/C.UTF-8/LC_ADDRESS", O_RDONLY|O_CLOEXEC) = -1 ENOENT (No such file or directory)
1123955 openat(AT_FDCWD</tmp/kernel-health-20260923-_5s65pp9/\346\261\202\350\247\243\345\231\250>, "/usr/lib/locale/C.utf8/LC_ADDRESS", O_RDONLY|O_CLOEXEC) = 3</usr/lib/locale/C.utf8/LC_ADDRESS>
1123955 openat(AT_FDCWD</tmp/kernel-health-20260923-_5s65pp9/\346\261\202\350\247\243\345\231\250>, "/usr/lib/locale/C.UTF-8/LC_NAME", O_RDONLY|O_CLOEXEC) = -1 ENOENT (No such file or directory)
1123955 openat(AT_FDCWD</tmp/kernel-health-20260923-_5s65pp9/\346\261\202\350\247\243\345\231\250>, "/usr/lib/locale/C.utf8/LC_NAME", O_RDONLY|O_CLOEXEC) = 3</usr/lib/locale/C.utf8/LC_NAME>
1123955 openat(AT_FDCWD</tmp/kernel-health-20260923-_5s65pp9/\346\261\202\350\247\243\345\231\250>, "/usr/lib/locale/C.UTF-8/LC_PAPER", O_RDONLY|O_CLOEXEC) = -1 ENOENT (No such file or directory)
1123955 openat(AT_FDCWD</tmp/kernel-health-20260923-_5s65pp9/\346\261\202\350\247\243\345\231\250>, "/usr/lib/locale/C.utf8/LC_PAPER", O_RDONLY|O_CLOEXEC) = 3</usr/lib/locale/C.utf8/LC_PAPER>
1123955 openat(AT_FDCWD</tmp/kernel-health-20260923-_5s65pp9/\346\261\202\350\247\243\345\231\250>, "/usr/lib/locale/C.UTF-8/LC_MESSAGES", O_RDONLY|O_CLOEXEC) = -1 ENOENT (No such file or directory)
1123955 openat(AT_FDCWD</tmp/kernel-health-20260923-_5s65pp9/\346\261\202\350\247\243\345\231\250>, "/usr/lib/locale/C.utf8/LC_MESSAGES", O_RDONLY|O_CLOEXEC) = 3</usr/lib/locale/C.utf8/LC_MESSAGES>
1123955 openat(AT_FDCWD</tmp/kernel-health-20260923-_5s65pp9/\346\261\202\350\247\243\345\231\250>, "/usr/lib/locale/C.utf8/LC_MESSAGES/SYS_LC_MESSAGES", O_RDONLY|O_CLOEXEC) = 3</usr/lib/locale/C.utf8/LC_MESSAGES/SYS_LC_MESSAGES>
1123955 openat(AT_FDCWD</tmp/kernel-health-20260923-_5s65pp9/\346\261\202\350\247\243\345\231\250>, "/usr/lib/locale/C.UTF-8/LC_MONETARY", O_RDONLY|O_CLOEXEC) = -1 ENOENT (No such file or directory)
1123955 openat(AT_FDCWD</tmp/kernel-health-20260923-_5s65pp9/\346\261\202\350\247\243\345\231\250>, "/usr/lib/locale/C.utf8/LC_MONETARY", O_RDONLY|O_CLOEXEC) = 3</usr/lib/locale/C.utf8/LC_MONETARY>
1123955 openat(AT_FDCWD</tmp/kernel-health-20260923-_5s65pp9/\346\261\202\350\247\243\345\231\250>, "/usr/lib/locale/C.UTF-8/LC_COLLATE", O_RDONLY|O_CLOEXEC) = -1 ENOENT (No such file or directory)
1123955 openat(AT_FDCWD</tmp/kernel-health-20260923-_5s65pp9/\346\261\202\350\247\243\345\231\250>, "/usr/lib/locale/C.utf8/LC_COLLATE", O_RDONLY|O_CLOEXEC) = 3</usr/lib/locale/C.utf8/LC_COLLATE>
1123955 openat(AT_FDCWD</tmp/kernel-health-20260923-_5s65pp9/\346\261\202\350\247\243\345\231\250>, "/usr/lib/locale/C.UTF-8/LC_TIME", O_RDONLY|O_CLOEXEC) = -1 ENOENT (No such file or directory)
1123955 openat(AT_FDCWD</tmp/kernel-health-20260923-_5s65pp9/\346\261\202\350\247\243\345\231\250>, "/usr/lib/locale/C.utf8/LC_TIME", O_RDONLY|O_CLOEXEC) = 3</usr/lib/locale/C.utf8/LC_TIME>
1123955 openat(AT_FDCWD</tmp/kernel-health-20260923-_5s65pp9/\346\261\202\350\247\243\345\231\250>, "/usr/lib/locale/C.UTF-8/LC_NUMERIC", O_RDONLY|O_CLOEXEC) = -1 ENOENT (No such file or directory)
1123955 openat(AT_FDCWD</tmp/kernel-health-20260923-_5s65pp9/\346\261\202\350\247\243\345\231\250>, "/usr/lib/locale/C.utf8/LC_NUMERIC", O_RDONLY|O_CLOEXEC) = 3</usr/lib/locale/C.utf8/LC_NUMERIC>
1123955 openat(AT_FDCWD</tmp/kernel-health-20260923-_5s65pp9/\346\261\202\350\247\243\345\231\250>, "/usr/lib/locale/C.UTF-8/LC_CTYPE", O_RDONLY|O_CLOEXEC) = -1 ENOENT (No such file or directory)
1123955 openat(AT_FDCWD</tmp/kernel-health-20260923-_5s65pp9/\346\261\202\350\247\243\345\231\250>, "/usr/lib/locale/C.utf8/LC_CTYPE", O_RDONLY|O_CLOEXEC) = 3</usr/lib/locale/C.utf8/LC_CTYPE>
1123955 openat(AT_FDCWD</tmp/kernel-health-20260923-_5s65pp9/\346\261\202\350\247\243\345\231\250>, "/tmp/kernel-health-20260923-_5s65pp9/\346\261\202\350\247\243\345\231\250/\350\247\204\346\240\274/\345\206\205\346\240\270\350\276\223\345\205\245.md", O_RDONLY) = 3</tmp/kernel-health-20260923-_5s65pp9/\346\261\202\350\247\243\345\231\250/\350\247\204\346\240\274/\345\206\205\346\240\270\350\276\223\345\205\245.md>
1123938 --- SIGCHLD {si_signo=SIGCHLD, si_code=CLD_EXITED, si_pid=1123955, si_uid=1000, si_status=0, si_utime=0, si_stime=0} ---
1123938 openat(AT_FDCWD</tmp/kernel-health-20260923-_5s65pp9/\346\261\202\350\247\243\345\231\250>, "/dev/null", O_RDONLY|O_CLOEXEC) = 3</dev/null<char 1:3>>
1123956 execve("/home/zhuran24/.codex/tmp/arg0/codex-arg07mihkU/sha256sum", ["sha256sum", "--", "/tmp/kernel-health-20260923-_5s65pp9/\346\261\202\350\247\243\345\231\250/\350\247\204\346\240\274/\345\206\205\346\240\270\350\276\223\345\207\272.md"], 0x7ffef62f4cb8 /* 135 vars */) = -1 ENOENT (No such file or directory)
1123956 execve("/home/zhuran24/.cargo/bin/sha256sum", ["sha256sum", "--", "/tmp/kernel-health-20260923-_5s65pp9/\346\261\202\350\247\243\345\231\250/\350\247\204\346\240\274/\345\206\205\346\240\270\350\276\223\345\207\272.md"], 0x7ffef62f4cb8 /* 135 vars */) = -1 ENOENT (No such file or directory)
1123956 execve("/home/zhuran24/.local/bin/sha256sum", ["sha256sum", "--", "/tmp/kernel-health-20260923-_5s65pp9/\346\261\202\350\247\243\345\231\250/\350\247\204\346\240\274/\345\206\205\346\240\270\350\276\223\345\207\272.md"], 0x7ffef62f4cb8 /* 135 vars */) = -1 ENOENT (No such file or directory)
1123956 execve("/home/zhuran24/.opencode/bin/sha256sum", ["sha256sum", "--", "/tmp/kernel-health-20260923-_5s65pp9/\346\261\202\350\247\243\345\231\250/\350\247\204\346\240\274/\345\206\205\346\240\270\350\276\223\345\207\272.md"], 0x7ffef62f4cb8 /* 135 vars */) = -1 ENOENT (No such file or directory)
1123956 execve("/usr/local/bin/sha256sum", ["sha256sum", "--", "/tmp/kernel-health-20260923-_5s65pp9/\346\261\202\350\247\243\345\231\250/\350\247\204\346\240\274/\345\206\205\346\240\270\350\276\223\345\207\272.md"], 0x7ffef62f4cb8 /* 135 vars */) = -1 ENOENT (No such file or directory)
1123956 execve("/usr/bin/sha256sum", ["sha256sum", "--", "/tmp/kernel-health-20260923-_5s65pp9/\346\261\202\350\247\243\345\231\250/\350\247\204\346\240\274/\345\206\205\346\240\270\350\276\223\345\207\272.md"], 0x7ffef62f4cb8 /* 135 vars */) = 0
1123956 openat(AT_FDCWD</tmp/kernel-health-20260923-_5s65pp9/\346\261\202\350\247\243\345\231\250>, "/etc/ld.so.cache", O_RDONLY|O_CLOEXEC) = 3</etc/ld.so.cache>
1123956 openat(AT_FDCWD</tmp/kernel-health-20260923-_5s65pp9/\346\261\202\350\247\243\345\231\250>, "/usr/lib/libcrypto.so.3", O_RDONLY|O_CLOEXEC) = 3</usr/lib/libcrypto.so.3>
1123956 openat(AT_FDCWD</tmp/kernel-health-20260923-_5s65pp9/\346\261\202\350\247\243\345\231\250>, "/usr/lib/libc.so.6", O_RDONLY|O_CLOEXEC) = 3</usr/lib/libc.so.6>
1123956 openat(AT_FDCWD</tmp/kernel-health-20260923-_5s65pp9/\346\261\202\350\247\243\345\231\250>, "/usr/lib/libz.so.1", O_RDONLY|O_CLOEXEC) = 3</usr/lib/libz.so.1.3.1.zlib-ng>
1123956 openat(AT_FDCWD</tmp/kernel-health-20260923-_5s65pp9/\346\261\202\350\247\243\345\231\250>, "/usr/lib/libbrotlienc.so.1", O_RDONLY|O_CLOEXEC) = 3</usr/lib/libbrotlienc.so.1.2.0>
1123956 openat(AT_FDCWD</tmp/kernel-health-20260923-_5s65pp9/\346\261\202\350\247\243\345\231\250>, "/usr/lib/libbrotlidec.so.1", O_RDONLY|O_CLOEXEC) = 3</usr/lib/libbrotlidec.so.1.2.0>
1123956 openat(AT_FDCWD</tmp/kernel-health-20260923-_5s65pp9/\346\261\202\350\247\243\345\231\250>, "/usr/lib/libzstd.so.1", O_RDONLY|O_CLOEXEC) = 3</usr/lib/libzstd.so.1.5.7>
1123956 openat(AT_FDCWD</tmp/kernel-health-20260923-_5s65pp9/\346\261\202\350\247\243\345\231\250>, "/usr/lib/libm.so.6", O_RDONLY|O_CLOEXEC) = 3</usr/lib/libm.so.6>
1123956 openat(AT_FDCWD</tmp/kernel-health-20260923-_5s65pp9/\346\261\202\350\247\243\345\231\250>, "/usr/lib/libbrotlicommon.so.1", O_RDONLY|O_CLOEXEC) = 3</usr/lib/libbrotlicommon.so.1.2.0>
1123956 openat(AT_FDCWD</tmp/kernel-health-20260923-_5s65pp9/\346\261\202\350\247\243\345\231\250>, "/usr/lib/locale/locale-archive", O_RDONLY|O_CLOEXEC) = 3</usr/lib/locale/locale-archive>
1123956 openat(AT_FDCWD</tmp/kernel-health-20260923-_5s65pp9/\346\261\202\350\247\243\345\231\250>, "/usr/share/locale/locale.alias", O_RDONLY|O_CLOEXEC) = 3</usr/share/locale/locale.alias>
1123956 openat(AT_FDCWD</tmp/kernel-health-20260923-_5s65pp9/\346\261\202\350\247\243\345\231\250>, "/usr/lib/locale/C.UTF-8/LC_IDENTIFICATION", O_RDONLY|O_CLOEXEC) = -1 ENOENT (No such file or directory)
1123956 openat(AT_FDCWD</tmp/kernel-health-20260923-_5s65pp9/\346\261\202\350\247\243\345\231\250>, "/usr/lib/locale/C.utf8/LC_IDENTIFICATION", O_RDONLY|O_CLOEXEC) = 3</usr/lib/locale/C.utf8/LC_IDENTIFICATION>
1123956 openat(AT_FDCWD</tmp/kernel-health-20260923-_5s65pp9/\346\261\202\350\247\243\345\231\250>, "/usr/lib/gconv/gconv-modules.cache", O_RDONLY|O_CLOEXEC) = 3</usr/lib/gconv/gconv-modules.cache>
1123956 openat(AT_FDCWD</tmp/kernel-health-20260923-_5s65pp9/\346\261\202\350\247\243\345\231\250>, "/usr/lib/locale/C.UTF-8/LC_MEASUREMENT", O_RDONLY|O_CLOEXEC) = -1 ENOENT (No such file or directory)
1123956 openat(AT_FDCWD</tmp/kernel-health-20260923-_5s65pp9/\346\261\202\350\247\243\345\231\250>, "/usr/lib/locale/C.utf8/LC_MEASUREMENT", O_RDONLY|O_CLOEXEC) = 3</usr/lib/locale/C.utf8/LC_MEASUREMENT>
1123956 openat(AT_FDCWD</tmp/kernel-health-20260923-_5s65pp9/\346\261\202\350\247\243\345\231\250>, "/usr/lib/locale/C.UTF-8/LC_TELEPHONE", O_RDONLY|O_CLOEXEC) = -1 ENOENT (No such file or directory)
1123956 openat(AT_FDCWD</tmp/kernel-health-20260923-_5s65pp9/\346\261\202\350\247\243\345\231\250>, "/usr/lib/locale/C.utf8/LC_TELEPHONE", O_RDONLY|O_CLOEXEC) = 3</usr/lib/locale/C.utf8/LC_TELEPHONE>
1123956 openat(AT_FDCWD</tmp/kernel-health-20260923-_5s65pp9/\346\261\202\350\247\243\345\231\250>, "/usr/lib/locale/C.UTF-8/LC_ADDRESS", O_RDONLY|O_CLOEXEC) = -1 ENOENT (No such file or directory)
1123956 openat(AT_FDCWD</tmp/kernel-health-20260923-_5s65pp9/\346\261\202\350\247\243\345\231\250>, "/usr/lib/locale/C.utf8/LC_ADDRESS", O_RDONLY|O_CLOEXEC) = 3</usr/lib/locale/C.utf8/LC_ADDRESS>
1123956 openat(AT_FDCWD</tmp/kernel-health-20260923-_5s65pp9/\346\261\202\350\247\243\345\231\250>, "/usr/lib/locale/C.UTF-8/LC_NAME", O_RDONLY|O_CLOEXEC) = -1 ENOENT (No such file or directory)
1123956 openat(AT_FDCWD</tmp/kernel-health-20260923-_5s65pp9/\346\261\202\350\247\243\345\231\250>, "/usr/lib/locale/C.utf8/LC_NAME", O_RDONLY|O_CLOEXEC) = 3</usr/lib/locale/C.utf8/LC_NAME>
1123956 openat(AT_FDCWD</tmp/kernel-health-20260923-_5s65pp9/\346\261\202\350\247\243\345\231\250>, "/usr/lib/locale/C.UTF-8/LC_PAPER", O_RDONLY|O_CLOEXEC) = -1 ENOENT (No such file or directory)
1123956 openat(AT_FDCWD</tmp/kernel-health-20260923-_5s65pp9/\346\261\202\350\247\243\345\231\250>, "/usr/lib/locale/C.utf8/LC_PAPER", O_RDONLY|O_CLOEXEC) = 3</usr/lib/locale/C.utf8/LC_PAPER>
1123956 openat(AT_FDCWD</tmp/kernel-health-20260923-_5s65pp9/\346\261\202\350\247\243\345\231\250>, "/usr/lib/locale/C.UTF-8/LC_MESSAGES", O_RDONLY|O_CLOEXEC) = -1 ENOENT (No such file or directory)
1123956 openat(AT_FDCWD</tmp/kernel-health-20260923-_5s65pp9/\346\261\202\350\247\243\345\231\250>, "/usr/lib/locale/C.utf8/LC_MESSAGES", O_RDONLY|O_CLOEXEC) = 3</usr/lib/locale/C.utf8/LC_MESSAGES>
1123956 openat(AT_FDCWD</tmp/kernel-health-20260923-_5s65pp9/\346\261\202\350\247\243\345\231\250>, "/usr/lib/locale/C.utf8/LC_MESSAGES/SYS_LC_MESSAGES", O_RDONLY|O_CLOEXEC) = 3</usr/lib/locale/C.utf8/LC_MESSAGES/SYS_LC_MESSAGES>
1123956 openat(AT_FDCWD</tmp/kernel-health-20260923-_5s65pp9/\346\261\202\350\247\243\345\231\250>, "/usr/lib/locale/C.UTF-8/LC_MONETARY", O_RDONLY|O_CLOEXEC) = -1 ENOENT (No such file or directory)
1123956 openat(AT_FDCWD</tmp/kernel-health-20260923-_5s65pp9/\346\261\202\350\247\243\345\231\250>, "/usr/lib/locale/C.utf8/LC_MONETARY", O_RDONLY|O_CLOEXEC) = 3</usr/lib/locale/C.utf8/LC_MONETARY>
1123956 openat(AT_FDCWD</tmp/kernel-health-20260923-_5s65pp9/\346\261\202\350\247\243\345\231\250>, "/usr/lib/locale/C.UTF-8/LC_COLLATE", O_RDONLY|O_CLOEXEC) = -1 ENOENT (No such file or directory)
1123956 openat(AT_FDCWD</tmp/kernel-health-20260923-_5s65pp9/\346\261\202\350\247\243\345\231\250>, "/usr/lib/locale/C.utf8/LC_COLLATE", O_RDONLY|O_CLOEXEC) = 3</usr/lib/locale/C.utf8/LC_COLLATE>
1123956 openat(AT_FDCWD</tmp/kernel-health-20260923-_5s65pp9/\346\261\202\350\247\243\345\231\250>, "/usr/lib/locale/C.UTF-8/LC_TIME", O_RDONLY|O_CLOEXEC) = -1 ENOENT (No such file or directory)
1123956 openat(AT_FDCWD</tmp/kernel-health-20260923-_5s65pp9/\346\261\202\350\247\243\345\231\250>, "/usr/lib/locale/C.utf8/LC_TIME", O_RDONLY|O_CLOEXEC) = 3</usr/lib/locale/C.utf8/LC_TIME>
1123956 openat(AT_FDCWD</tmp/kernel-health-20260923-_5s65pp9/\346\261\202\350\247\243\345\231\250>, "/usr/lib/locale/C.UTF-8/LC_NUMERIC", O_RDONLY|O_CLOEXEC) = -1 ENOENT (No such file or directory)
1123956 openat(AT_FDCWD</tmp/kernel-health-20260923-_5s65pp9/\346\261\202\350\247\243\345\231\250>, "/usr/lib/locale/C.utf8/LC_NUMERIC", O_RDONLY|O_CLOEXEC) = 3</usr/lib/locale/C.utf8/LC_NUMERIC>
1123956 openat(AT_FDCWD</tmp/kernel-health-20260923-_5s65pp9/\346\261\202\350\247\243\345\231\250>, "/usr/lib/locale/C.UTF-8/LC_CTYPE", O_RDONLY|O_CLOEXEC) = -1 ENOENT (No such file or directory)
1123956 openat(AT_FDCWD</tmp/kernel-health-20260923-_5s65pp9/\346\261\202\350\247\243\345\231\250>, "/usr/lib/locale/C.utf8/LC_CTYPE", O_RDONLY|O_CLOEXEC) = 3</usr/lib/locale/C.utf8/LC_CTYPE>
1123956 openat(AT_FDCWD</tmp/kernel-health-20260923-_5s65pp9/\346\261\202\350\247\243\345\231\250>, "/tmp/kernel-health-20260923-_5s65pp9/\346\261\202\350\247\243\345\231\250/\350\247\204\346\240\274/\345\206\205\346\240\270\350\276\223\345\207\272.md", O_RDONLY) = 3</tmp/kernel-health-20260923-_5s65pp9/\346\261\202\350\247\243\345\231\250/\350\247\204\346\240\274/\345\206\205\346\240\270\350\276\223\345\207\272.md>
1123938 --- SIGCHLD {si_signo=SIGCHLD, si_code=CLD_EXITED, si_pid=1123956, si_uid=1000, si_status=0, si_utime=0, si_stime=0} ---
1123938 openat(AT_FDCWD</tmp/kernel-health-20260923-_5s65pp9/\346\261\202\350\247\243\345\231\250>, "/dev/null", O_RDONLY|O_CLOEXEC) = 3</dev/null<char 1:3>>
1123957 execve("/home/zhuran24/.codex/tmp/arg0/codex-arg07mihkU/sha256sum", ["sha256sum", "--", "/tmp/kernel-health-20260923-_5s65pp9/\346\261\202\350\247\243\345\231\250/\350\247\204\346\240\274/\345\206\205\346\240\270\350\276\223\345\207\272.schema.json"], 0x7ffef62f4cb8 /* 135 vars */) = -1 ENOENT (No such file or directory)
1123957 execve("/home/zhuran24/.cargo/bin/sha256sum", ["sha256sum", "--", "/tmp/kernel-health-20260923-_5s65pp9/\346\261\202\350\247\243\345\231\250/\350\247\204\346\240\274/\345\206\205\346\240\270\350\276\223\345\207\272.schema.json"], 0x7ffef62f4cb8 /* 135 vars */) = -1 ENOENT (No such file or directory)
1123957 execve("/home/zhuran24/.local/bin/sha256sum", ["sha256sum", "--", "/tmp/kernel-health-20260923-_5s65pp9/\346\261\202\350\247\243\345\231\250/\350\247\204\346\240\274/\345\206\205\346\240\270\350\276\223\345\207\272.schema.json"], 0x7ffef62f4cb8 /* 135 vars */) = -1 ENOENT (No such file or directory)
1123957 execve("/home/zhuran24/.opencode/bin/sha256sum", ["sha256sum", "--", "/tmp/kernel-health-20260923-_5s65pp9/\346\261\202\350\247\243\345\231\250/\350\247\204\346\240\274/\345\206\205\346\240\270\350\276\223\345\207\272.schema.json"], 0x7ffef62f4cb8 /* 135 vars */) = -1 ENOENT (No such file or directory)
1123957 execve("/usr/local/bin/sha256sum", ["sha256sum", "--", "/tmp/kernel-health-20260923-_5s65pp9/\346\261\202\350\247\243\345\231\250/\350\247\204\346\240\274/\345\206\205\346\240\270\350\276\223\345\207\272.schema.json"], 0x7ffef62f4cb8 /* 135 vars */) = -1 ENOENT (No such file or directory)
1123957 execve("/usr/bin/sha256sum", ["sha256sum", "--", "/tmp/kernel-health-20260923-_5s65pp9/\346\261\202\350\247\243\345\231\250/\350\247\204\346\240\274/\345\206\205\346\240\270\350\276\223\345\207\272.schema.json"], 0x7ffef62f4cb8 /* 135 vars */) = 0
1123957 openat(AT_FDCWD</tmp/kernel-health-20260923-_5s65pp9/\346\261\202\350\247\243\345\231\250>, "/etc/ld.so.cache", O_RDONLY|O_CLOEXEC) = 3</etc/ld.so.cache>
1123957 openat(AT_FDCWD</tmp/kernel-health-20260923-_5s65pp9/\346\261\202\350\247\243\345\231\250>, "/usr/lib/libcrypto.so.3", O_RDONLY|O_CLOEXEC) = 3</usr/lib/libcrypto.so.3>
1123957 openat(AT_FDCWD</tmp/kernel-health-20260923-_5s65pp9/\346\261\202\350\247\243\345\231\250>, "/usr/lib/libc.so.6", O_RDONLY|O_CLOEXEC) = 3</usr/lib/libc.so.6>
1123957 openat(AT_FDCWD</tmp/kernel-health-20260923-_5s65pp9/\346\261\202\350\247\243\345\231\250>, "/usr/lib/libz.so.1", O_RDONLY|O_CLOEXEC) = 3</usr/lib/libz.so.1.3.1.zlib-ng>
1123957 openat(AT_FDCWD</tmp/kernel-health-20260923-_5s65pp9/\346\261\202\350\247\243\345\231\250>, "/usr/lib/libbrotlienc.so.1", O_RDONLY|O_CLOEXEC) = 3</usr/lib/libbrotlienc.so.1.2.0>
1123957 openat(AT_FDCWD</tmp/kernel-health-20260923-_5s65pp9/\346\261\202\350\247\243\345\231\250>, "/usr/lib/libbrotlidec.so.1", O_RDONLY|O_CLOEXEC) = 3</usr/lib/libbrotlidec.so.1.2.0>
1123957 openat(AT_FDCWD</tmp/kernel-health-20260923-_5s65pp9/\346\261\202\350\247\243\345\231\250>, "/usr/lib/libzstd.so.1", O_RDONLY|O_CLOEXEC) = 3</usr/lib/libzstd.so.1.5.7>
1123957 openat(AT_FDCWD</tmp/kernel-health-20260923-_5s65pp9/\346\261\202\350\247\243\345\231\250>, "/usr/lib/libm.so.6", O_RDONLY|O_CLOEXEC) = 3</usr/lib/libm.so.6>
1123957 openat(AT_FDCWD</tmp/kernel-health-20260923-_5s65pp9/\346\261\202\350\247\243\345\231\250>, "/usr/lib/libbrotlicommon.so.1", O_RDONLY|O_CLOEXEC) = 3</usr/lib/libbrotlicommon.so.1.2.0>
1123957 openat(AT_FDCWD</tmp/kernel-health-20260923-_5s65pp9/\346\261\202\350\247\243\345\231\250>, "/usr/lib/locale/locale-archive", O_RDONLY|O_CLOEXEC) = 3</usr/lib/locale/locale-archive>
1123957 openat(AT_FDCWD</tmp/kernel-health-20260923-_5s65pp9/\346\261\202\350\247\243\345\231\250>, "/usr/share/locale/locale.alias", O_RDONLY|O_CLOEXEC) = 3</usr/share/locale/locale.alias>
1123957 openat(AT_FDCWD</tmp/kernel-health-20260923-_5s65pp9/\346\261\202\350\247\243\345\231\250>, "/usr/lib/locale/C.UTF-8/LC_IDENTIFICATION", O_RDONLY|O_CLOEXEC) = -1 ENOENT (No such file or directory)
1123957 openat(AT_FDCWD</tmp/kernel-health-20260923-_5s65pp9/\346\261\202\350\247\243\345\231\250>, "/usr/lib/locale/C.utf8/LC_IDENTIFICATION", O_RDONLY|O_CLOEXEC) = 3</usr/lib/locale/C.utf8/LC_IDENTIFICATION>
1123957 openat(AT_FDCWD</tmp/kernel-health-20260923-_5s65pp9/\346\261\202\350\247\243\345\231\250>, "/usr/lib/gconv/gconv-modules.cache", O_RDONLY|O_CLOEXEC) = 3</usr/lib/gconv/gconv-modules.cache>
1123957 openat(AT_FDCWD</tmp/kernel-health-20260923-_5s65pp9/\346\261\202\350\247\243\345\231\250>, "/usr/lib/locale/C.UTF-8/LC_MEASUREMENT", O_RDONLY|O_CLOEXEC) = -1 ENOENT (No such file or directory)
1123957 openat(AT_FDCWD</tmp/kernel-health-20260923-_5s65pp9/\346\261\202\350\247\243\345\231\250>, "/usr/lib/locale/C.utf8/LC_MEASUREMENT", O_RDONLY|O_CLOEXEC) = 3</usr/lib/locale/C.utf8/LC_MEASUREMENT>
1123957 openat(AT_FDCWD</tmp/kernel-health-20260923-_5s65pp9/\346\261\202\350\247\243\345\231\250>, "/usr/lib/locale/C.UTF-8/LC_TELEPHONE", O_RDONLY|O_CLOEXEC) = -1 ENOENT (No such file or directory)
1123957 openat(AT_FDCWD</tmp/kernel-health-20260923-_5s65pp9/\346\261\202\350\247\243\345\231\250>, "/usr/lib/locale/C.utf8/LC_TELEPHONE", O_RDONLY|O_CLOEXEC) = 3</usr/lib/locale/C.utf8/LC_TELEPHONE>
1123957 openat(AT_FDCWD</tmp/kernel-health-20260923-_5s65pp9/\346\261\202\350\247\243\345\231\250>, "/usr/lib/locale/C.UTF-8/LC_ADDRESS", O_RDONLY|O_CLOEXEC) = -1 ENOENT (No such file or directory)
1123957 openat(AT_FDCWD</tmp/kernel-health-20260923-_5s65pp9/\346\261\202\350\247\243\345\231\250>, "/usr/lib/locale/C.utf8/LC_ADDRESS", O_RDONLY|O_CLOEXEC) = 3</usr/lib/locale/C.utf8/LC_ADDRESS>
1123957 openat(AT_FDCWD</tmp/kernel-health-20260923-_5s65pp9/\346\261\202\350\247\243\345\231\250>, "/usr/lib/locale/C.UTF-8/LC_NAME", O_RDONLY|O_CLOEXEC) = -1 ENOENT (No such file or directory)
1123957 openat(AT_FDCWD</tmp/kernel-health-20260923-_5s65pp9/\346\261\202\350\247\243\345\231\250>, "/usr/lib/locale/C.utf8/LC_NAME", O_RDONLY|O_CLOEXEC) = 3</usr/lib/locale/C.utf8/LC_NAME>
1123957 openat(AT_FDCWD</tmp/kernel-health-20260923-_5s65pp9/\346\261\202\350\247\243\345\231\250>, "/usr/lib/locale/C.UTF-8/LC_PAPER", O_RDONLY|O_CLOEXEC) = -1 ENOENT (No such file or directory)
1123957 openat(AT_FDCWD</tmp/kernel-health-20260923-_5s65pp9/\346\261\202\350\247\243\345\231\250>, "/usr/lib/locale/C.utf8/LC_PAPER", O_RDONLY|O_CLOEXEC) = 3</usr/lib/locale/C.utf8/LC_PAPER>
1123957 openat(AT_FDCWD</tmp/kernel-health-20260923-_5s65pp9/\346\261\202\350\247\243\345\231\250>, "/usr/lib/locale/C.UTF-8/LC_MESSAGES", O_RDONLY|O_CLOEXEC) = -1 ENOENT (No such file or directory)
1123957 openat(AT_FDCWD</tmp/kernel-health-20260923-_5s65pp9/\346\261\202\350\247\243\345\231\250>, "/usr/lib/locale/C.utf8/LC_MESSAGES", O_RDONLY|O_CLOEXEC) = 3</usr/lib/locale/C.utf8/LC_MESSAGES>
1123957 openat(AT_FDCWD</tmp/kernel-health-20260923-_5s65pp9/\346\261\202\350\247\243\345\231\250>, "/usr/lib/locale/C.utf8/LC_MESSAGES/SYS_LC_MESSAGES", O_RDONLY|O_CLOEXEC) = 3</usr/lib/locale/C.utf8/LC_MESSAGES/SYS_LC_MESSAGES>
1123957 openat(AT_FDCWD</tmp/kernel-health-20260923-_5s65pp9/\346\261\202\350\247\243\345\231\250>, "/usr/lib/locale/C.UTF-8/LC_MONETARY", O_RDONLY|O_CLOEXEC) = -1 ENOENT (No such file or directory)
1123957 openat(AT_FDCWD</tmp/kernel-health-20260923-_5s65pp9/\346\261\202\350\247\243\345\231\250>, "/usr/lib/locale/C.utf8/LC_MONETARY", O_RDONLY|O_CLOEXEC) = 3</usr/lib/locale/C.utf8/LC_MONETARY>
1123957 openat(AT_FDCWD</tmp/kernel-health-20260923-_5s65pp9/\346\261\202\350\247\243\345\231\250>, "/usr/lib/locale/C.UTF-8/LC_COLLATE", O_RDONLY|O_CLOEXEC) = -1 ENOENT (No such file or directory)
1123957 openat(AT_FDCWD</tmp/kernel-health-20260923-_5s65pp9/\346\261\202\350\247\243\345\231\250>, "/usr/lib/locale/C.utf8/LC_COLLATE", O_RDONLY|O_CLOEXEC) = 3</usr/lib/locale/C.utf8/LC_COLLATE>
1123957 openat(AT_FDCWD</tmp/kernel-health-20260923-_5s65pp9/\346\261\202\350\247\243\345\231\250>, "/usr/lib/locale/C.UTF-8/LC_TIME", O_RDONLY|O_CLOEXEC) = -1 ENOENT (No such file or directory)
1123957 openat(AT_FDCWD</tmp/kernel-health-20260923-_5s65pp9/\346\261\202\350\247\243\345\231\250>, "/usr/lib/locale/C.utf8/LC_TIME", O_RDONLY|O_CLOEXEC) = 3</usr/lib/locale/C.utf8/LC_TIME>
1123957 openat(AT_FDCWD</tmp/kernel-health-20260923-_5s65pp9/\346\261\202\350\247\243\345\231\250>, "/usr/lib/locale/C.UTF-8/LC_NUMERIC", O_RDONLY|O_CLOEXEC) = -1 ENOENT (No such file or directory)
1123957 openat(AT_FDCWD</tmp/kernel-health-20260923-_5s65pp9/\346\261\202\350\247\243\345\231\250>, "/usr/lib/locale/C.utf8/LC_NUMERIC", O_RDONLY|O_CLOEXEC) = 3</usr/lib/locale/C.utf8/LC_NUMERIC>
1123957 openat(AT_FDCWD</tmp/kernel-health-20260923-_5s65pp9/\346\261\202\350\247\243\345\231\250>, "/usr/lib/locale/C.UTF-8/LC_CTYPE", O_RDONLY|O_CLOEXEC) = -1 ENOENT (No such file or directory)
1123957 openat(AT_FDCWD</tmp/kernel-health-20260923-_5s65pp9/\346\261\202\350\247\243\345\231\250>, "/usr/lib/locale/C.utf8/LC_CTYPE", O_RDONLY|O_CLOEXEC) = 3</usr/lib/locale/C.utf8/LC_CTYPE>
1123957 openat(AT_FDCWD</tmp/kernel-health-20260923-_5s65pp9/\346\261\202\350\247\243\345\231\250>, "/tmp/kernel-health-20260923-_5s65pp9/\346\261\202\350\247\243\345\231\250/\350\247\204\346\240\274/\345\206\205\346\240\270\350\276\223\345\207\272.schema.json", O_RDONLY) = 3</tmp/kernel-health-20260923-_5s65pp9/\346\261\202\350\247\243\345\231\250/\350\247\204\346\240\274/\345\206\205\346\240\270\350\276\223\345\207\272.schema.json>
1123938 --- SIGCHLD {si_signo=SIGCHLD, si_code=CLD_EXITED, si_pid=1123957, si_uid=1000, si_status=0, si_utime=0, si_stime=0} ---
1123938 openat(AT_FDCWD</tmp/kernel-health-20260923-_5s65pp9/\346\261\202\350\247\243\345\231\250>, "/dev/null", O_RDONLY|O_CLOEXEC) = 3</dev/null<char 1:3>>
1123958 execve("/home/zhuran24/.codex/tmp/arg0/codex-arg07mihkU/sha256sum", ["sha256sum", "--", "/tmp/kernel-health-20260923-_5s65pp9/\346\261\202\350\247\243\345\231\250/crates/kernel/\345\221\250\346\234\237\351\224\256\350\257\273\345\217\226\345\256\241\350\256\241.md"], 0x7ffef62f4cb8 /* 135 vars */) = -1 ENOENT (No such file or directory)
1123958 execve("/home/zhuran24/.cargo/bin/sha256sum", ["sha256sum", "--", "/tmp/kernel-health-20260923-_5s65pp9/\346\261\202\350\247\243\345\231\250/crates/kernel/\345\221\250\346\234\237\351\224\256\350\257\273\345\217\226\345\256\241\350\256\241.md"], 0x7ffef62f4cb8 /* 135 vars */) = -1 ENOENT (No such file or directory)
1123958 execve("/home/zhuran24/.local/bin/sha256sum", ["sha256sum", "--", "/tmp/kernel-health-20260923-_5s65pp9/\346\261\202\350\247\243\345\231\250/crates/kernel/\345\221\250\346\234\237\351\224\256\350\257\273\345\217\226\345\256\241\350\256\241.md"], 0x7ffef62f4cb8 /* 135 vars */) = -1 ENOENT (No such file or directory)
1123958 execve("/home/zhuran24/.opencode/bin/sha256sum", ["sha256sum", "--", "/tmp/kernel-health-20260923-_5s65pp9/\346\261\202\350\247\243\345\231\250/crates/kernel/\345\221\250\346\234\237\351\224\256\350\257\273\345\217\226\345\256\241\350\256\241.md"], 0x7ffef62f4cb8 /* 135 vars */) = -1 ENOENT (No such file or directory)
1123958 execve("/usr/local/bin/sha256sum", ["sha256sum", "--", "/tmp/kernel-health-20260923-_5s65pp9/\346\261\202\350\247\243\345\231\250/crates/kernel/\345\221\250\346\234\237\351\224\256\350\257\273\345\217\226\345\256\241\350\256\241.md"], 0x7ffef62f4cb8 /* 135 vars */) = -1 ENOENT (No such file or directory)
1123958 execve("/usr/bin/sha256sum", ["sha256sum", "--", "/tmp/kernel-health-20260923-_5s65pp9/\346\261\202\350\247\243\345\231\250/crates/kernel/\345\221\250\346\234\237\351\224\256\350\257\273\345\217\226\345\256\241\350\256\241.md"], 0x7ffef62f4cb8 /* 135 vars */) = 0
1123958 openat(AT_FDCWD</tmp/kernel-health-20260923-_5s65pp9/\346\261\202\350\247\243\345\231\250>, "/etc/ld.so.cache", O_RDONLY|O_CLOEXEC) = 3</etc/ld.so.cache>
1123958 openat(AT_FDCWD</tmp/kernel-health-20260923-_5s65pp9/\346\261\202\350\247\243\345\231\250>, "/usr/lib/libcrypto.so.3", O_RDONLY|O_CLOEXEC) = 3</usr/lib/libcrypto.so.3>
1123958 openat(AT_FDCWD</tmp/kernel-health-20260923-_5s65pp9/\346\261\202\350\247\243\345\231\250>, "/usr/lib/libc.so.6", O_RDONLY|O_CLOEXEC) = 3</usr/lib/libc.so.6>
1123958 openat(AT_FDCWD</tmp/kernel-health-20260923-_5s65pp9/\346\261\202\350\247\243\345\231\250>, "/usr/lib/libz.so.1", O_RDONLY|O_CLOEXEC) = 3</usr/lib/libz.so.1.3.1.zlib-ng>
1123958 openat(AT_FDCWD</tmp/kernel-health-20260923-_5s65pp9/\346\261\202\350\247\243\345\231\250>, "/usr/lib/libbrotlienc.so.1", O_RDONLY|O_CLOEXEC) = 3</usr/lib/libbrotlienc.so.1.2.0>
1123958 openat(AT_FDCWD</tmp/kernel-health-20260923-_5s65pp9/\346\261\202\350\247\243\345\231\250>, "/usr/lib/libbrotlidec.so.1", O_RDONLY|O_CLOEXEC) = 3</usr/lib/libbrotlidec.so.1.2.0>
1123958 openat(AT_FDCWD</tmp/kernel-health-20260923-_5s65pp9/\346\261\202\350\247\243\345\231\250>, "/usr/lib/libzstd.so.1", O_RDONLY|O_CLOEXEC) = 3</usr/lib/libzstd.so.1.5.7>
1123958 openat(AT_FDCWD</tmp/kernel-health-20260923-_5s65pp9/\346\261\202\350\247\243\345\231\250>, "/usr/lib/libm.so.6", O_RDONLY|O_CLOEXEC) = 3</usr/lib/libm.so.6>
1123958 openat(AT_FDCWD</tmp/kernel-health-20260923-_5s65pp9/\346\261\202\350\247\243\345\231\250>, "/usr/lib/libbrotlicommon.so.1", O_RDONLY|O_CLOEXEC) = 3</usr/lib/libbrotlicommon.so.1.2.0>
1123958 openat(AT_FDCWD</tmp/kernel-health-20260923-_5s65pp9/\346\261\202\350\247\243\345\231\250>, "/usr/lib/locale/locale-archive", O_RDONLY|O_CLOEXEC) = 3</usr/lib/locale/locale-archive>
1123958 openat(AT_FDCWD</tmp/kernel-health-20260923-_5s65pp9/\346\261\202\350\247\243\345\231\250>, "/usr/share/locale/locale.alias", O_RDONLY|O_CLOEXEC) = 3</usr/share/locale/locale.alias>
1123958 openat(AT_FDCWD</tmp/kernel-health-20260923-_5s65pp9/\346\261\202\350\247\243\345\231\250>, "/usr/lib/locale/C.UTF-8/LC_IDENTIFICATION", O_RDONLY|O_CLOEXEC) = -1 ENOENT (No such file or directory)
1123958 openat(AT_FDCWD</tmp/kernel-health-20260923-_5s65pp9/\346\261\202\350\247\243\345\231\250>, "/usr/lib/locale/C.utf8/LC_IDENTIFICATION", O_RDONLY|O_CLOEXEC) = 3</usr/lib/locale/C.utf8/LC_IDENTIFICATION>
1123958 openat(AT_FDCWD</tmp/kernel-health-20260923-_5s65pp9/\346\261\202\350\247\243\345\231\250>, "/usr/lib/gconv/gconv-modules.cache", O_RDONLY|O_CLOEXEC) = 3</usr/lib/gconv/gconv-modules.cache>
1123958 openat(AT_FDCWD</tmp/kernel-health-20260923-_5s65pp9/\346\261\202\350\247\243\345\231\250>, "/usr/lib/locale/C.UTF-8/LC_MEASUREMENT", O_RDONLY|O_CLOEXEC) = -1 ENOENT (No such file or directory)
1123958 openat(AT_FDCWD</tmp/kernel-health-20260923-_5s65pp9/\346\261\202\350\247\243\345\231\250>, "/usr/lib/locale/C.utf8/LC_MEASUREMENT", O_RDONLY|O_CLOEXEC) = 3</usr/lib/locale/C.utf8/LC_MEASUREMENT>
1123958 openat(AT_FDCWD</tmp/kernel-health-20260923-_5s65pp9/\346\261\202\350\247\243\345\231\250>, "/usr/lib/locale/C.UTF-8/LC_TELEPHONE", O_RDONLY|O_CLOEXEC) = -1 ENOENT (No such file or directory)
1123958 openat(AT_FDCWD</tmp/kernel-health-20260923-_5s65pp9/\346\261\202\350\247\243\345\231\250>, "/usr/lib/locale/C.utf8/LC_TELEPHONE", O_RDONLY|O_CLOEXEC) = 3</usr/lib/locale/C.utf8/LC_TELEPHONE>
1123958 openat(AT_FDCWD</tmp/kernel-health-20260923-_5s65pp9/\346\261\202\350\247\243\345\231\250>, "/usr/lib/locale/C.UTF-8/LC_ADDRESS", O_RDONLY|O_CLOEXEC) = -1 ENOENT (No such file or directory)
1123958 openat(AT_FDCWD</tmp/kernel-health-20260923-_5s65pp9/\346\261\202\350\247\243\345\231\250>, "/usr/lib/locale/C.utf8/LC_ADDRESS", O_RDONLY|O_CLOEXEC) = 3</usr/lib/locale/C.utf8/LC_ADDRESS>
1123958 openat(AT_FDCWD</tmp/kernel-health-20260923-_5s65pp9/\346\261\202\350\247\243\345\231\250>, "/usr/lib/locale/C.UTF-8/LC_NAME", O_RDONLY|O_CLOEXEC) = -1 ENOENT (No such file or directory)
1123958 openat(AT_FDCWD</tmp/kernel-health-20260923-_5s65pp9/\346\261\202\350\247\243\345\231\250>, "/usr/lib/locale/C.utf8/LC_NAME", O_RDONLY|O_CLOEXEC) = 3</usr/lib/locale/C.utf8/LC_NAME>
1123958 openat(AT_FDCWD</tmp/kernel-health-20260923-_5s65pp9/\346\261\202\350\247\243\345\231\250>, "/usr/lib/locale/C.UTF-8/LC_PAPER", O_RDONLY|O_CLOEXEC) = -1 ENOENT (No such file or directory)
1123958 openat(AT_FDCWD</tmp/kernel-health-20260923-_5s65pp9/\346\261\202\350\247\243\345\231\250>, "/usr/lib/locale/C.utf8/LC_PAPER", O_RDONLY|O_CLOEXEC) = 3</usr/lib/locale/C.utf8/LC_PAPER>
1123958 openat(AT_FDCWD</tmp/kernel-health-20260923-_5s65pp9/\346\261\202\350\247\243\345\231\250>, "/usr/lib/locale/C.UTF-8/LC_MESSAGES", O_RDONLY|O_CLOEXEC) = -1 ENOENT (No such file or directory)
1123958 openat(AT_FDCWD</tmp/kernel-health-20260923-_5s65pp9/\346\261\202\350\247\243\345\231\250>, "/usr/lib/locale/C.utf8/LC_MESSAGES", O_RDONLY|O_CLOEXEC) = 3</usr/lib/locale/C.utf8/LC_MESSAGES>
1123958 openat(AT_FDCWD</tmp/kernel-health-20260923-_5s65pp9/\346\261\202\350\247\243\345\231\250>, "/usr/lib/locale/C.utf8/LC_MESSAGES/SYS_LC_MESSAGES", O_RDONLY|O_CLOEXEC) = 3</usr/lib/locale/C.utf8/LC_MESSAGES/SYS_LC_MESSAGES>
1123958 openat(AT_FDCWD</tmp/kernel-health-20260923-_5s65pp9/\346\261\202\350\247\243\345\231\250>, "/usr/lib/locale/C.UTF-8/LC_MONETARY", O_RDONLY|O_CLOEXEC) = -1 ENOENT (No such file or directory)
1123958 openat(AT_FDCWD</tmp/kernel-health-20260923-_5s65pp9/\346\261\202\350\247\243\345\231\250>, "/usr/lib/locale/C.utf8/LC_MONETARY", O_RDONLY|O_CLOEXEC) = 3</usr/lib/locale/C.utf8/LC_MONETARY>
1123958 openat(AT_FDCWD</tmp/kernel-health-20260923-_5s65pp9/\346\261\202\350\247\243\345\231\250>, "/usr/lib/locale/C.UTF-8/LC_COLLATE", O_RDONLY|O_CLOEXEC) = -1 ENOENT (No such file or directory)
1123958 openat(AT_FDCWD</tmp/kernel-health-20260923-_5s65pp9/\346\261\202\350\247\243\345\231\250>, "/usr/lib/locale/C.utf8/LC_COLLATE", O_RDONLY|O_CLOEXEC) = 3</usr/lib/locale/C.utf8/LC_COLLATE>
1123958 openat(AT_FDCWD</tmp/kernel-health-20260923-_5s65pp9/\346\261\202\350\247\243\345\231\250>, "/usr/lib/locale/C.UTF-8/LC_TIME", O_RDONLY|O_CLOEXEC) = -1 ENOENT (No such file or directory)
1123958 openat(AT_FDCWD</tmp/kernel-health-20260923-_5s65pp9/\346\261\202\350\247\243\345\231\250>, "/usr/lib/locale/C.utf8/LC_TIME", O_RDONLY|O_CLOEXEC) = 3</usr/lib/locale/C.utf8/LC_TIME>
1123958 openat(AT_FDCWD</tmp/kernel-health-20260923-_5s65pp9/\346\261\202\350\247\243\345\231\250>, "/usr/lib/locale/C.UTF-8/LC_NUMERIC", O_RDONLY|O_CLOEXEC) = -1 ENOENT (No such file or directory)
1123958 openat(AT_FDCWD</tmp/kernel-health-20260923-_5s65pp9/\346\261\202\350\247\243\345\231\250>, "/usr/lib/locale/C.utf8/LC_NUMERIC", O_RDONLY|O_CLOEXEC) = 3</usr/lib/locale/C.utf8/LC_NUMERIC>
1123958 openat(AT_FDCWD</tmp/kernel-health-20260923-_5s65pp9/\346\261\202\350\247\243\345\231\250>, "/usr/lib/locale/C.UTF-8/LC_CTYPE", O_RDONLY|O_CLOEXEC) = -1 ENOENT (No such file or directory)
1123958 openat(AT_FDCWD</tmp/kernel-health-20260923-_5s65pp9/\346\261\202\350\247\243\345\231\250>, "/usr/lib/locale/C.utf8/LC_CTYPE", O_RDONLY|O_CLOEXEC) = 3</usr/lib/locale/C.utf8/LC_CTYPE>
1123958 openat(AT_FDCWD</tmp/kernel-health-20260923-_5s65pp9/\346\261\202\350\247\243\345\231\250>, "/tmp/kernel-health-20260923-_5s65pp9/\346\261\202\350\247\243\345\231\250/crates/kernel/\345\221\250\346\234\237\351\224\256\350\257\273\345\217\226\345\256\241\350\256\241.md", O_RDONLY) = 3</tmp/kernel-health-20260923-_5s65pp9/\346\261\202\350\247\243\345\231\250/crates/kernel/\345\221\250\346\234\237\351\224\256\350\257\273\345\217\226\345\256\241\350\256\241.md>
1123938 --- SIGCHLD {si_signo=SIGCHLD, si_code=CLD_EXITED, si_pid=1123958, si_uid=1000, si_status=0, si_utime=0, si_stime=0} ---
1123938 openat(AT_FDCWD</tmp/kernel-health-20260923-_5s65pp9/\346\261\202\350\247\243\345\231\250>, "/dev/null", O_RDONLY|O_CLOEXEC) = 3</dev/null<char 1:3>>
1123959 execve("/home/zhuran24/.codex/tmp/arg0/codex-arg07mihkU/sha256sum", ["sha256sum", "--", "/tmp/kernel-health-20260923-_5s65pp9/\346\261\202\350\247\243\345\231\250/crates/kernel/src/value.rs"], 0x7ffef62f4cb8 /* 135 vars */) = -1 ENOENT (No such file or directory)
1123959 execve("/home/zhuran24/.cargo/bin/sha256sum", ["sha256sum", "--", "/tmp/kernel-health-20260923-_5s65pp9/\346\261\202\350\247\243\345\231\250/crates/kernel/src/value.rs"], 0x7ffef62f4cb8 /* 135 vars */) = -1 ENOENT (No such file or directory)
1123959 execve("/home/zhuran24/.local/bin/sha256sum", ["sha256sum", "--", "/tmp/kernel-health-20260923-_5s65pp9/\346\261\202\350\247\243\345\231\250/crates/kernel/src/value.rs"], 0x7ffef62f4cb8 /* 135 vars */) = -1 ENOENT (No such file or directory)
1123959 execve("/home/zhuran24/.opencode/bin/sha256sum", ["sha256sum", "--", "/tmp/kernel-health-20260923-_5s65pp9/\346\261\202\350\247\243\345\231\250/crates/kernel/src/value.rs"], 0x7ffef62f4cb8 /* 135 vars */) = -1 ENOENT (No such file or directory)
1123959 execve("/usr/local/bin/sha256sum", ["sha256sum", "--", "/tmp/kernel-health-20260923-_5s65pp9/\346\261\202\350\247\243\345\231\250/crates/kernel/src/value.rs"], 0x7ffef62f4cb8 /* 135 vars */) = -1 ENOENT (No such file or directory)
1123959 execve("/usr/bin/sha256sum", ["sha256sum", "--", "/tmp/kernel-health-20260923-_5s65pp9/\346\261\202\350\247\243\345\231\250/crates/kernel/src/value.rs"], 0x7ffef62f4cb8 /* 135 vars */) = 0
1123959 openat(AT_FDCWD</tmp/kernel-health-20260923-_5s65pp9/\346\261\202\350\247\243\345\231\250>, "/etc/ld.so.cache", O_RDONLY|O_CLOEXEC) = 3</etc/ld.so.cache>
1123959 openat(AT_FDCWD</tmp/kernel-health-20260923-_5s65pp9/\346\261\202\350\247\243\345\231\250>, "/usr/lib/libcrypto.so.3", O_RDONLY|O_CLOEXEC) = 3</usr/lib/libcrypto.so.3>
1123959 openat(AT_FDCWD</tmp/kernel-health-20260923-_5s65pp9/\346\261\202\350\247\243\345\231\250>, "/usr/lib/libc.so.6", O_RDONLY|O_CLOEXEC) = 3</usr/lib/libc.so.6>
1123959 openat(AT_FDCWD</tmp/kernel-health-20260923-_5s65pp9/\346\261\202\350\247\243\345\231\250>, "/usr/lib/libz.so.1", O_RDONLY|O_CLOEXEC) = 3</usr/lib/libz.so.1.3.1.zlib-ng>
1123959 openat(AT_FDCWD</tmp/kernel-health-20260923-_5s65pp9/\346\261\202\350\247\243\345\231\250>, "/usr/lib/libbrotlienc.so.1", O_RDONLY|O_CLOEXEC) = 3</usr/lib/libbrotlienc.so.1.2.0>
1123959 openat(AT_FDCWD</tmp/kernel-health-20260923-_5s65pp9/\346\261\202\350\247\243\345\231\250>, "/usr/lib/libbrotlidec.so.1", O_RDONLY|O_CLOEXEC) = 3</usr/lib/libbrotlidec.so.1.2.0>
1123959 openat(AT_FDCWD</tmp/kernel-health-20260923-_5s65pp9/\346\261\202\350\247\243\345\231\250>, "/usr/lib/libzstd.so.1", O_RDONLY|O_CLOEXEC) = 3</usr/lib/libzstd.so.1.5.7>
1123959 openat(AT_FDCWD</tmp/kernel-health-20260923-_5s65pp9/\346\261\202\350\247\243\345\231\250>, "/usr/lib/libm.so.6", O_RDONLY|O_CLOEXEC) = 3</usr/lib/libm.so.6>
1123959 openat(AT_FDCWD</tmp/kernel-health-20260923-_5s65pp9/\346\261\202\350\247\243\345\231\250>, "/usr/lib/libbrotlicommon.so.1", O_RDONLY|O_CLOEXEC) = 3</usr/lib/libbrotlicommon.so.1.2.0>
1123959 openat(AT_FDCWD</tmp/kernel-health-20260923-_5s65pp9/\346\261\202\350\247\243\345\231\250>, "/usr/lib/locale/locale-archive", O_RDONLY|O_CLOEXEC) = 3</usr/lib/locale/locale-archive>
1123959 openat(AT_FDCWD</tmp/kernel-health-20260923-_5s65pp9/\346\261\202\350\247\243\345\231\250>, "/usr/share/locale/locale.alias", O_RDONLY|O_CLOEXEC) = 3</usr/share/locale/locale.alias>
1123959 openat(AT_FDCWD</tmp/kernel-health-20260923-_5s65pp9/\346\261\202\350\247\243\345\231\250>, "/usr/lib/locale/C.UTF-8/LC_IDENTIFICATION", O_RDONLY|O_CLOEXEC) = -1 ENOENT (No such file or directory)
1123959 openat(AT_FDCWD</tmp/kernel-health-20260923-_5s65pp9/\346\261\202\350\247\243\345\231\250>, "/usr/lib/locale/C.utf8/LC_IDENTIFICATION", O_RDONLY|O_CLOEXEC) = 3</usr/lib/locale/C.utf8/LC_IDENTIFICATION>
1123959 openat(AT_FDCWD</tmp/kernel-health-20260923-_5s65pp9/\346\261\202\350\247\243\345\231\250>, "/usr/lib/gconv/gconv-modules.cache", O_RDONLY|O_CLOEXEC) = 3</usr/lib/gconv/gconv-modules.cache>
1123959 openat(AT_FDCWD</tmp/kernel-health-20260923-_5s65pp9/\346\261\202\350\247\243\345\231\250>, "/usr/lib/locale/C.UTF-8/LC_MEASUREMENT", O_RDONLY|O_CLOEXEC) = -1 ENOENT (No such file or directory)
1123959 openat(AT_FDCWD</tmp/kernel-health-20260923-_5s65pp9/\346\261\202\350\247\243\345\231\250>, "/usr/lib/locale/C.utf8/LC_MEASUREMENT", O_RDONLY|O_CLOEXEC) = 3</usr/lib/locale/C.utf8/LC_MEASUREMENT>
1123959 openat(AT_FDCWD</tmp/kernel-health-20260923-_5s65pp9/\346\261\202\350\247\243\345\231\250>, "/usr/lib/locale/C.UTF-8/LC_TELEPHONE", O_RDONLY|O_CLOEXEC) = -1 ENOENT (No such file or directory)
1123959 openat(AT_FDCWD</tmp/kernel-health-20260923-_5s65pp9/\346\261\202\350\247\243\345\231\250>, "/usr/lib/locale/C.utf8/LC_TELEPHONE", O_RDONLY|O_CLOEXEC) = 3</usr/lib/locale/C.utf8/LC_TELEPHONE>
1123959 openat(AT_FDCWD</tmp/kernel-health-20260923-_5s65pp9/\346\261\202\350\247\243\345\231\250>, "/usr/lib/locale/C.UTF-8/LC_ADDRESS", O_RDONLY|O_CLOEXEC) = -1 ENOENT (No such file or directory)
1123959 openat(AT_FDCWD</tmp/kernel-health-20260923-_5s65pp9/\346\261\202\350\247\243\345\231\250>, "/usr/lib/locale/C.utf8/LC_ADDRESS", O_RDONLY|O_CLOEXEC) = 3</usr/lib/locale/C.utf8/LC_ADDRESS>
1123959 openat(AT_FDCWD</tmp/kernel-health-20260923-_5s65pp9/\346\261\202\350\247\243\345\231\250>, "/usr/lib/locale/C.UTF-8/LC_NAME", O_RDONLY|O_CLOEXEC) = -1 ENOENT (No such file or directory)
1123959 openat(AT_FDCWD</tmp/kernel-health-20260923-_5s65pp9/\346\261\202\350\247\243\345\231\250>, "/usr/lib/locale/C.utf8/LC_NAME", O_RDONLY|O_CLOEXEC) = 3</usr/lib/locale/C.utf8/LC_NAME>
1123959 openat(AT_FDCWD</tmp/kernel-health-20260923-_5s65pp9/\346\261\202\350\247\243\345\231\250>, "/usr/lib/locale/C.UTF-8/LC_PAPER", O_RDONLY|O_CLOEXEC) = -1 ENOENT (No such file or directory)
1123959 openat(AT_FDCWD</tmp/kernel-health-20260923-_5s65pp9/\346\261\202\350\247\243\345\231\250>, "/usr/lib/locale/C.utf8/LC_PAPER", O_RDONLY|O_CLOEXEC) = 3</usr/lib/locale/C.utf8/LC_PAPER>
1123959 openat(AT_FDCWD</tmp/kernel-health-20260923-_5s65pp9/\346\261\202\350\247\243\345\231\250>, "/usr/lib/locale/C.UTF-8/LC_MESSAGES", O_RDONLY|O_CLOEXEC) = -1 ENOENT (No such file or directory)
1123959 openat(AT_FDCWD</tmp/kernel-health-20260923-_5s65pp9/\346\261\202\350\247\243\345\231\250>, "/usr/lib/locale/C.utf8/LC_MESSAGES", O_RDONLY|O_CLOEXEC) = 3</usr/lib/locale/C.utf8/LC_MESSAGES>
1123959 openat(AT_FDCWD</tmp/kernel-health-20260923-_5s65pp9/\346\261\202\350\247\243\345\231\250>, "/usr/lib/locale/C.utf8/LC_MESSAGES/SYS_LC_MESSAGES", O_RDONLY|O_CLOEXEC) = 3</usr/lib/locale/C.utf8/LC_MESSAGES/SYS_LC_MESSAGES>
1123959 openat(AT_FDCWD</tmp/kernel-health-20260923-_5s65pp9/\346\261\202\350\247\243\345\231\250>, "/usr/lib/locale/C.UTF-8/LC_MONETARY", O_RDONLY|O_CLOEXEC) = -1 ENOENT (No such file or directory)
1123959 openat(AT_FDCWD</tmp/kernel-health-20260923-_5s65pp9/\346\261\202\350\247\243\345\231\250>, "/usr/lib/locale/C.utf8/LC_MONETARY", O_RDONLY|O_CLOEXEC) = 3</usr/lib/locale/C.utf8/LC_MONETARY>
1123959 openat(AT_FDCWD</tmp/kernel-health-20260923-_5s65pp9/\346\261\202\350\247\243\345\231\250>, "/usr/lib/locale/C.UTF-8/LC_COLLATE", O_RDONLY|O_CLOEXEC) = -1 ENOENT (No such file or directory)
1123959 openat(AT_FDCWD</tmp/kernel-health-20260923-_5s65pp9/\346\261\202\350\247\243\345\231\250>, "/usr/lib/locale/C.utf8/LC_COLLATE", O_RDONLY|O_CLOEXEC) = 3</usr/lib/locale/C.utf8/LC_COLLATE>
1123959 openat(AT_FDCWD</tmp/kernel-health-20260923-_5s65pp9/\346\261\202\350\247\243\345\231\250>, "/usr/lib/locale/C.UTF-8/LC_TIME", O_RDONLY|O_CLOEXEC) = -1 ENOENT (No such file or directory)
1123959 openat(AT_FDCWD</tmp/kernel-health-20260923-_5s65pp9/\346\261\202\350\247\243\345\231\250>, "/usr/lib/locale/C.utf8/LC_TIME", O_RDONLY|O_CLOEXEC) = 3</usr/lib/locale/C.utf8/LC_TIME>
1123959 openat(AT_FDCWD</tmp/kernel-health-20260923-_5s65pp9/\346\261\202\350\247\243\345\231\250>, "/usr/lib/locale/C.UTF-8/LC_NUMERIC", O_RDONLY|O_CLOEXEC) = -1 ENOENT (No such file or directory)
1123959 openat(AT_FDCWD</tmp/kernel-health-20260923-_5s65pp9/\346\261\202\350\247\243\345\231\250>, "/usr/lib/locale/C.utf8/LC_NUMERIC", O_RDONLY|O_CLOEXEC) = 3</usr/lib/locale/C.utf8/LC_NUMERIC>
1123959 openat(AT_FDCWD</tmp/kernel-health-20260923-_5s65pp9/\346\261\202\350\247\243\345\231\250>, "/usr/lib/locale/C.UTF-8/LC_CTYPE", O_RDONLY|O_CLOEXEC) = -1 ENOENT (No such file or directory)
1123959 openat(AT_FDCWD</tmp/kernel-health-20260923-_5s65pp9/\346\261\202\350\247\243\345\231\250>, "/usr/lib/locale/C.utf8/LC_CTYPE", O_RDONLY|O_CLOEXEC) = 3</usr/lib/locale/C.utf8/LC_CTYPE>
1123959 openat(AT_FDCWD</tmp/kernel-health-20260923-_5s65pp9/\346\261\202\350\247\243\345\231\250>, "/tmp/kernel-health-20260923-_5s65pp9/\346\261\202\350\247\243\345\231\250/crates/kernel/src/value.rs", O_RDONLY) = 3</tmp/kernel-health-20260923-_5s65pp9/\346\261\202\350\247\243\345\231\250/crates/kernel/src/value.rs>
1123938 --- SIGCHLD {si_signo=SIGCHLD, si_code=CLD_EXITED, si_pid=1123959, si_uid=1000, si_status=0, si_utime=0, si_stime=0} ---
1123938 openat(AT_FDCWD</tmp/kernel-health-20260923-_5s65pp9/\346\261\202\350\247\243\345\231\250>, "/dev/null", O_RDONLY|O_CLOEXEC) = 3</dev/null<char 1:3>>
1123960 execve("/home/zhuran24/.codex/tmp/arg0/codex-arg07mihkU/sha256sum", ["sha256sum", "--", "/tmp/kernel-health-20260923-_5s65pp9/\346\261\202\350\247\243\345\231\250/crates/kernel/src/config.rs"], 0x7ffef62f4cb8 /* 135 vars */) = -1 ENOENT (No such file or directory)
1123960 execve("/home/zhuran24/.cargo/bin/sha256sum", ["sha256sum", "--", "/tmp/kernel-health-20260923-_5s65pp9/\346\261\202\350\247\243\345\231\250/crates/kernel/src/config.rs"], 0x7ffef62f4cb8 /* 135 vars */) = -1 ENOENT (No such file or directory)
1123960 execve("/home/zhuran24/.local/bin/sha256sum", ["sha256sum", "--", "/tmp/kernel-health-20260923-_5s65pp9/\346\261\202\350\247\243\345\231\250/crates/kernel/src/config.rs"], 0x7ffef62f4cb8 /* 135 vars */) = -1 ENOENT (No such file or directory)
1123960 execve("/home/zhuran24/.opencode/bin/sha256sum", ["sha256sum", "--", "/tmp/kernel-health-20260923-_5s65pp9/\346\261\202\350\247\243\345\231\250/crates/kernel/src/config.rs"], 0x7ffef62f4cb8 /* 135 vars */) = -1 ENOENT (No such file or directory)
1123960 execve("/usr/local/bin/sha256sum", ["sha256sum", "--", "/tmp/kernel-health-20260923-_5s65pp9/\346\261\202\350\247\243\345\231\250/crates/kernel/src/config.rs"], 0x7ffef62f4cb8 /* 135 vars */) = -1 ENOENT (No such file or directory)
1123960 execve("/usr/bin/sha256sum", ["sha256sum", "--", "/tmp/kernel-health-20260923-_5s65pp9/\346\261\202\350\247\243\345\231\250/crates/kernel/src/config.rs"], 0x7ffef62f4cb8 /* 135 vars */) = 0
1123960 openat(AT_FDCWD</tmp/kernel-health-20260923-_5s65pp9/\346\261\202\350\247\243\345\231\250>, "/etc/ld.so.cache", O_RDONLY|O_CLOEXEC) = 3</etc/ld.so.cache>
1123960 openat(AT_FDCWD</tmp/kernel-health-20260923-_5s65pp9/\346\261\202\350\247\243\345\231\250>, "/usr/lib/libcrypto.so.3", O_RDONLY|O_CLOEXEC) = 3</usr/lib/libcrypto.so.3>
1123960 openat(AT_FDCWD</tmp/kernel-health-20260923-_5s65pp9/\346\261\202\350\247\243\345\231\250>, "/usr/lib/libc.so.6", O_RDONLY|O_CLOEXEC) = 3</usr/lib/libc.so.6>
1123960 openat(AT_FDCWD</tmp/kernel-health-20260923-_5s65pp9/\346\261\202\350\247\243\345\231\250>, "/usr/lib/libz.so.1", O_RDONLY|O_CLOEXEC) = 3</usr/lib/libz.so.1.3.1.zlib-ng>
1123960 openat(AT_FDCWD</tmp/kernel-health-20260923-_5s65pp9/\346\261\202\350\247\243\345\231\250>, "/usr/lib/libbrotlienc.so.1", O_RDONLY|O_CLOEXEC) = 3</usr/lib/libbrotlienc.so.1.2.0>
1123960 openat(AT_FDCWD</tmp/kernel-health-20260923-_5s65pp9/\346\261\202\350\247\243\345\231\250>, "/usr/lib/libbrotlidec.so.1", O_RDONLY|O_CLOEXEC) = 3</usr/lib/libbrotlidec.so.1.2.0>
1123960 openat(AT_FDCWD</tmp/kernel-health-20260923-_5s65pp9/\346\261\202\350\247\243\345\231\250>, "/usr/lib/libzstd.so.1", O_RDONLY|O_CLOEXEC) = 3</usr/lib/libzstd.so.1.5.7>
1123960 openat(AT_FDCWD</tmp/kernel-health-20260923-_5s65pp9/\346\261\202\350\247\243\345\231\250>, "/usr/lib/libm.so.6", O_RDONLY|O_CLOEXEC) = 3</usr/lib/libm.so.6>
1123960 openat(AT_FDCWD</tmp/kernel-health-20260923-_5s65pp9/\346\261\202\350\247\243\345\231\250>, "/usr/lib/libbrotlicommon.so.1", O_RDONLY|O_CLOEXEC) = 3</usr/lib/libbrotlicommon.so.1.2.0>
1123960 openat(AT_FDCWD</tmp/kernel-health-20260923-_5s65pp9/\346\261\202\350\247\243\345\231\250>, "/usr/lib/locale/locale-archive", O_RDONLY|O_CLOEXEC) = 3</usr/lib/locale/locale-archive>
1123960 openat(AT_FDCWD</tmp/kernel-health-20260923-_5s65pp9/\346\261\202\350\247\243\345\231\250>, "/usr/share/locale/locale.alias", O_RDONLY|O_CLOEXEC) = 3</usr/share/locale/locale.alias>
1123960 openat(AT_FDCWD</tmp/kernel-health-20260923-_5s65pp9/\346\261\202\350\247\243\345\231\250>, "/usr/lib/locale/C.UTF-8/LC_IDENTIFICATION", O_RDONLY|O_CLOEXEC) = -1 ENOENT (No such file or directory)
1123960 openat(AT_FDCWD</tmp/kernel-health-20260923-_5s65pp9/\346\261\202\350\247\243\345\231\250>, "/usr/lib/locale/C.utf8/LC_IDENTIFICATION", O_RDONLY|O_CLOEXEC) = 3</usr/lib/locale/C.utf8/LC_IDENTIFICATION>
1123960 openat(AT_FDCWD</tmp/kernel-health-20260923-_5s65pp9/\346\261\202\350\247\243\345\231\250>, "/usr/lib/gconv/gconv-modules.cache", O_RDONLY|O_CLOEXEC) = 3</usr/lib/gconv/gconv-modules.cache>
1123960 openat(AT_FDCWD</tmp/kernel-health-20260923-_5s65pp9/\346\261\202\350\247\243\345\231\250>, "/usr/lib/locale/C.UTF-8/LC_MEASUREMENT", O_RDONLY|O_CLOEXEC) = -1 ENOENT (No such file or directory)
1123960 openat(AT_FDCWD</tmp/kernel-health-20260923-_5s65pp9/\346\261\202\350\247\243\345\231\250>, "/usr/lib/locale/C.utf8/LC_MEASUREMENT", O_RDONLY|O_CLOEXEC) = 3</usr/lib/locale/C.utf8/LC_MEASUREMENT>
1123960 openat(AT_FDCWD</tmp/kernel-health-20260923-_5s65pp9/\346\261\202\350\247\243\345\231\250>, "/usr/lib/locale/C.UTF-8/LC_TELEPHONE", O_RDONLY|O_CLOEXEC) = -1 ENOENT (No such file or directory)
1123960 openat(AT_FDCWD</tmp/kernel-health-20260923-_5s65pp9/\346\261\202\350\247\243\345\231\250>, "/usr/lib/locale/C.utf8/LC_TELEPHONE", O_RDONLY|O_CLOEXEC) = 3</usr/lib/locale/C.utf8/LC_TELEPHONE>
1123960 openat(AT_FDCWD</tmp/kernel-health-20260923-_5s65pp9/\346\261\202\350\247\243\345\231\250>, "/usr/lib/locale/C.UTF-8/LC_ADDRESS", O_RDONLY|O_CLOEXEC) = -1 ENOENT (No such file or directory)
1123960 openat(AT_FDCWD</tmp/kernel-health-20260923-_5s65pp9/\346\261\202\350\247\243\345\231\250>, "/usr/lib/locale/C.utf8/LC_ADDRESS", O_RDONLY|O_CLOEXEC) = 3</usr/lib/locale/C.utf8/LC_ADDRESS>
1123960 openat(AT_FDCWD</tmp/kernel-health-20260923-_5s65pp9/\346\261\202\350\247\243\345\231\250>, "/usr/lib/locale/C.UTF-8/LC_NAME", O_RDONLY|O_CLOEXEC) = -1 ENOENT (No such file or directory)
1123960 openat(AT_FDCWD</tmp/kernel-health-20260923-_5s65pp9/\346\261\202\350\247\243\345\231\250>, "/usr/lib/locale/C.utf8/LC_NAME", O_RDONLY|O_CLOEXEC) = 3</usr/lib/locale/C.utf8/LC_NAME>
1123960 openat(AT_FDCWD</tmp/kernel-health-20260923-_5s65pp9/\346\261\202\350\247\243\345\231\250>, "/usr/lib/locale/C.UTF-8/LC_PAPER", O_RDONLY|O_CLOEXEC) = -1 ENOENT (No such file or directory)
1123960 openat(AT_FDCWD</tmp/kernel-health-20260923-_5s65pp9/\346\261\202\350\247\243\345\231\250>, "/usr/lib/locale/C.utf8/LC_PAPER", O_RDONLY|O_CLOEXEC) = 3</usr/lib/locale/C.utf8/LC_PAPER>
1123960 openat(AT_FDCWD</tmp/kernel-health-20260923-_5s65pp9/\346\261\202\350\247\243\345\231\250>, "/usr/lib/locale/C.UTF-8/LC_MESSAGES", O_RDONLY|O_CLOEXEC) = -1 ENOENT (No such file or directory)
1123960 openat(AT_FDCWD</tmp/kernel-health-20260923-_5s65pp9/\346\261\202\350\247\243\345\231\250>, "/usr/lib/locale/C.utf8/LC_MESSAGES", O_RDONLY|O_CLOEXEC) = 3</usr/lib/locale/C.utf8/LC_MESSAGES>
1123960 openat(AT_FDCWD</tmp/kernel-health-20260923-_5s65pp9/\346\261\202\350\247\243\345\231\250>, "/usr/lib/locale/C.utf8/LC_MESSAGES/SYS_LC_MESSAGES", O_RDONLY|O_CLOEXEC) = 3</usr/lib/locale/C.utf8/LC_MESSAGES/SYS_LC_MESSAGES>
1123960 openat(AT_FDCWD</tmp/kernel-health-20260923-_5s65pp9/\346\261\202\350\247\243\345\231\250>, "/usr/lib/locale/C.UTF-8/LC_MONETARY", O_RDONLY|O_CLOEXEC) = -1 ENOENT (No such file or directory)
1123960 openat(AT_FDCWD</tmp/kernel-health-20260923-_5s65pp9/\346\261\202\350\247\243\345\231\250>, "/usr/lib/locale/C.utf8/LC_MONETARY", O_RDONLY|O_CLOEXEC) = 3</usr/lib/locale/C.utf8/LC_MONETARY>
1123960 openat(AT_FDCWD</tmp/kernel-health-20260923-_5s65pp9/\346\261\202\350\247\243\345\231\250>, "/usr/lib/locale/C.UTF-8/LC_COLLATE", O_RDONLY|O_CLOEXEC) = -1 ENOENT (No such file or directory)
1123960 openat(AT_FDCWD</tmp/kernel-health-20260923-_5s65pp9/\346\261\202\350\247\243\345\231\250>, "/usr/lib/locale/C.utf8/LC_COLLATE", O_RDONLY|O_CLOEXEC) = 3</usr/lib/locale/C.utf8/LC_COLLATE>
1123960 openat(AT_FDCWD</tmp/kernel-health-20260923-_5s65pp9/\346\261\202\350\247\243\345\231\250>, "/usr/lib/locale/C.UTF-8/LC_TIME", O_RDONLY|O_CLOEXEC) = -1 ENOENT (No such file or directory)
1123960 openat(AT_FDCWD</tmp/kernel-health-20260923-_5s65pp9/\346\261\202\350\247\243\345\231\250>, "/usr/lib/locale/C.utf8/LC_TIME", O_RDONLY|O_CLOEXEC) = 3</usr/lib/locale/C.utf8/LC_TIME>
1123960 openat(AT_FDCWD</tmp/kernel-health-20260923-_5s65pp9/\346\261\202\350\247\243\345\231\250>, "/usr/lib/locale/C.UTF-8/LC_NUMERIC", O_RDONLY|O_CLOEXEC) = -1 ENOENT (No such file or directory)
1123960 openat(AT_FDCWD</tmp/kernel-health-20260923-_5s65pp9/\346\261\202\350\247\243\345\231\250>, "/usr/lib/locale/C.utf8/LC_NUMERIC", O_RDONLY|O_CLOEXEC) = 3</usr/lib/locale/C.utf8/LC_NUMERIC>
1123960 openat(AT_FDCWD</tmp/kernel-health-20260923-_5s65pp9/\346\261\202\350\247\243\345\231\250>, "/usr/lib/locale/C.UTF-8/LC_CTYPE", O_RDONLY|O_CLOEXEC) = -1 ENOENT (No such file or directory)
1123960 openat(AT_FDCWD</tmp/kernel-health-20260923-_5s65pp9/\346\261\202\350\247\243\345\231\250>, "/usr/lib/locale/C.utf8/LC_CTYPE", O_RDONLY|O_CLOEXEC) = 3</usr/lib/locale/C.utf8/LC_CTYPE>
1123960 openat(AT_FDCWD</tmp/kernel-health-20260923-_5s65pp9/\346\261\202\350\247\243\345\231\250>, "/tmp/kernel-health-20260923-_5s65pp9/\346\261\202\350\247\243\345\231\250/crates/kernel/src/config.rs", O_RDONLY) = 3</tmp/kernel-health-20260923-_5s65pp9/\346\261\202\350\247\243\345\231\250/crates/kernel/src/config.rs>
1123938 --- SIGCHLD {si_signo=SIGCHLD, si_code=CLD_EXITED, si_pid=1123960, si_uid=1000, si_status=0, si_utime=0, si_stime=0} ---
1123938 openat(AT_FDCWD</tmp/kernel-health-20260923-_5s65pp9/\346\261\202\350\247\243\345\231\250>, "/dev/null", O_RDONLY|O_CLOEXEC) = 3</dev/null<char 1:3>>
1123961 execve("/home/zhuran24/.codex/tmp/arg0/codex-arg07mihkU/sha256sum", ["sha256sum", "--", "/tmp/kernel-health-20260923-_5s65pp9/\346\261\202\350\247\243\345\231\250/crates/kernel/src/model.rs"], 0x7ffef62f4cb8 /* 135 vars */) = -1 ENOENT (No such file or directory)
1123961 execve("/home/zhuran24/.cargo/bin/sha256sum", ["sha256sum", "--", "/tmp/kernel-health-20260923-_5s65pp9/\346\261\202\350\247\243\345\231\250/crates/kernel/src/model.rs"], 0x7ffef62f4cb8 /* 135 vars */) = -1 ENOENT (No such file or directory)
1123961 execve("/home/zhuran24/.local/bin/sha256sum", ["sha256sum", "--", "/tmp/kernel-health-20260923-_5s65pp9/\346\261\202\350\247\243\345\231\250/crates/kernel/src/model.rs"], 0x7ffef62f4cb8 /* 135 vars */) = -1 ENOENT (No such file or directory)
1123961 execve("/home/zhuran24/.opencode/bin/sha256sum", ["sha256sum", "--", "/tmp/kernel-health-20260923-_5s65pp9/\346\261\202\350\247\243\345\231\250/crates/kernel/src/model.rs"], 0x7ffef62f4cb8 /* 135 vars */) = -1 ENOENT (No such file or directory)
1123961 execve("/usr/local/bin/sha256sum", ["sha256sum", "--", "/tmp/kernel-health-20260923-_5s65pp9/\346\261\202\350\247\243\345\231\250/crates/kernel/src/model.rs"], 0x7ffef62f4cb8 /* 135 vars */) = -1 ENOENT (No such file or directory)
1123961 execve("/usr/bin/sha256sum", ["sha256sum", "--", "/tmp/kernel-health-20260923-_5s65pp9/\346\261\202\350\247\243\345\231\250/crates/kernel/src/model.rs"], 0x7ffef62f4cb8 /* 135 vars */) = 0
1123961 openat(AT_FDCWD</tmp/kernel-health-20260923-_5s65pp9/\346\261\202\350\247\243\345\231\250>, "/etc/ld.so.cache", O_RDONLY|O_CLOEXEC) = 3</etc/ld.so.cache>
1123961 openat(AT_FDCWD</tmp/kernel-health-20260923-_5s65pp9/\346\261\202\350\247\243\345\231\250>, "/usr/lib/libcrypto.so.3", O_RDONLY|O_CLOEXEC) = 3</usr/lib/libcrypto.so.3>
1123961 openat(AT_FDCWD</tmp/kernel-health-20260923-_5s65pp9/\346\261\202\350\247\243\345\231\250>, "/usr/lib/libc.so.6", O_RDONLY|O_CLOEXEC) = 3</usr/lib/libc.so.6>
1123961 openat(AT_FDCWD</tmp/kernel-health-20260923-_5s65pp9/\346\261\202\350\247\243\345\231\250>, "/usr/lib/libz.so.1", O_RDONLY|O_CLOEXEC) = 3</usr/lib/libz.so.1.3.1.zlib-ng>
1123961 openat(AT_FDCWD</tmp/kernel-health-20260923-_5s65pp9/\346\261\202\350\247\243\345\231\250>, "/usr/lib/libbrotlienc.so.1", O_RDONLY|O_CLOEXEC) = 3</usr/lib/libbrotlienc.so.1.2.0>
1123961 openat(AT_FDCWD</tmp/kernel-health-20260923-_5s65pp9/\346\261\202\350\247\243\345\231\250>, "/usr/lib/libbrotlidec.so.1", O_RDONLY|O_CLOEXEC) = 3</usr/lib/libbrotlidec.so.1.2.0>
1123961 openat(AT_FDCWD</tmp/kernel-health-20260923-_5s65pp9/\346\261\202\350\247\243\345\231\250>, "/usr/lib/libzstd.so.1", O_RDONLY|O_CLOEXEC) = 3</usr/lib/libzstd.so.1.5.7>
1123961 openat(AT_FDCWD</tmp/kernel-health-20260923-_5s65pp9/\346\261\202\350\247\243\345\231\250>, "/usr/lib/libm.so.6", O_RDONLY|O_CLOEXEC) = 3</usr/lib/libm.so.6>
1123961 openat(AT_FDCWD</tmp/kernel-health-20260923-_5s65pp9/\346\261\202\350\247\243\345\231\250>, "/usr/lib/libbrotlicommon.so.1", O_RDONLY|O_CLOEXEC) = 3</usr/lib/libbrotlicommon.so.1.2.0>
1123961 openat(AT_FDCWD</tmp/kernel-health-20260923-_5s65pp9/\346\261\202\350\247\243\345\231\250>, "/usr/lib/locale/locale-archive", O_RDONLY|O_CLOEXEC) = 3</usr/lib/locale/locale-archive>
1123961 openat(AT_FDCWD</tmp/kernel-health-20260923-_5s65pp9/\346\261\202\350\247\243\345\231\250>, "/usr/share/locale/locale.alias", O_RDONLY|O_CLOEXEC) = 3</usr/share/locale/locale.alias>
1123961 openat(AT_FDCWD</tmp/kernel-health-20260923-_5s65pp9/\346\261\202\350\247\243\345\231\250>, "/usr/lib/locale/C.UTF-8/LC_IDENTIFICATION", O_RDONLY|O_CLOEXEC) = -1 ENOENT (No such file or directory)
1123961 openat(AT_FDCWD</tmp/kernel-health-20260923-_5s65pp9/\346\261\202\350\247\243\345\231\250>, "/usr/lib/locale/C.utf8/LC_IDENTIFICATION", O_RDONLY|O_CLOEXEC) = 3</usr/lib/locale/C.utf8/LC_IDENTIFICATION>
1123961 openat(AT_FDCWD</tmp/kernel-health-20260923-_5s65pp9/\346\261\202\350\247\243\345\231\250>, "/usr/lib/gconv/gconv-modules.cache", O_RDONLY|O_CLOEXEC) = 3</usr/lib/gconv/gconv-modules.cache>
1123961 openat(AT_FDCWD</tmp/kernel-health-20260923-_5s65pp9/\346\261\202\350\247\243\345\231\250>, "/usr/lib/locale/C.UTF-8/LC_MEASUREMENT", O_RDONLY|O_CLOEXEC) = -1 ENOENT (No such file or directory)
1123961 openat(AT_FDCWD</tmp/kernel-health-20260923-_5s65pp9/\346\261\202\350\247\243\345\231\250>, "/usr/lib/locale/C.utf8/LC_MEASUREMENT", O_RDONLY|O_CLOEXEC) = 3</usr/lib/locale/C.utf8/LC_MEASUREMENT>
1123961 openat(AT_FDCWD</tmp/kernel-health-20260923-_5s65pp9/\346\261\202\350\247\243\345\231\250>, "/usr/lib/locale/C.UTF-8/LC_TELEPHONE", O_RDONLY|O_CLOEXEC) = -1 ENOENT (No such file or directory)
1123961 openat(AT_FDCWD</tmp/kernel-health-20260923-_5s65pp9/\346\261\202\350\247\243\345\231\250>, "/usr/lib/locale/C.utf8/LC_TELEPHONE", O_RDONLY|O_CLOEXEC) = 3</usr/lib/locale/C.utf8/LC_TELEPHONE>
1123961 openat(AT_FDCWD</tmp/kernel-health-20260923-_5s65pp9/\346\261\202\350\247\243\345\231\250>, "/usr/lib/locale/C.UTF-8/LC_ADDRESS", O_RDONLY|O_CLOEXEC) = -1 ENOENT (No such file or directory)
1123961 openat(AT_FDCWD</tmp/kernel-health-20260923-_5s65pp9/\346\261\202\350\247\243\345\231\250>, "/usr/lib/locale/C.utf8/LC_ADDRESS", O_RDONLY|O_CLOEXEC) = 3</usr/lib/locale/C.utf8/LC_ADDRESS>
1123961 openat(AT_FDCWD</tmp/kernel-health-20260923-_5s65pp9/\346\261\202\350\247\243\345\231\250>, "/usr/lib/locale/C.UTF-8/LC_NAME", O_RDONLY|O_CLOEXEC) = -1 ENOENT (No such file or directory)
1123961 openat(AT_FDCWD</tmp/kernel-health-20260923-_5s65pp9/\346\261\202\350\247\243\345\231\250>, "/usr/lib/locale/C.utf8/LC_NAME", O_RDONLY|O_CLOEXEC) = 3</usr/lib/locale/C.utf8/LC_NAME>
1123961 openat(AT_FDCWD</tmp/kernel-health-20260923-_5s65pp9/\346\261\202\350\247\243\345\231\250>, "/usr/lib/locale/C.UTF-8/LC_PAPER", O_RDONLY|O_CLOEXEC) = -1 ENOENT (No such file or directory)
1123961 openat(AT_FDCWD</tmp/kernel-health-20260923-_5s65pp9/\346\261\202\350\247\243\345\231\250>, "/usr/lib/locale/C.utf8/LC_PAPER", O_RDONLY|O_CLOEXEC) = 3</usr/lib/locale/C.utf8/LC_PAPER>
1123961 openat(AT_FDCWD</tmp/kernel-health-20260923-_5s65pp9/\346\261\202\350\247\243\345\231\250>, "/usr/lib/locale/C.UTF-8/LC_MESSAGES", O_RDONLY|O_CLOEXEC) = -1 ENOENT (No such file or directory)
1123961 openat(AT_FDCWD</tmp/kernel-health-20260923-_5s65pp9/\346\261\202\350\247\243\345\231\250>, "/usr/lib/locale/C.utf8/LC_MESSAGES", O_RDONLY|O_CLOEXEC) = 3</usr/lib/locale/C.utf8/LC_MESSAGES>
1123961 openat(AT_FDCWD</tmp/kernel-health-20260923-_5s65pp9/\346\261\202\350\247\243\345\231\250>, "/usr/lib/locale/C.utf8/LC_MESSAGES/SYS_LC_MESSAGES", O_RDONLY|O_CLOEXEC) = 3</usr/lib/locale/C.utf8/LC_MESSAGES/SYS_LC_MESSAGES>
1123961 openat(AT_FDCWD</tmp/kernel-health-20260923-_5s65pp9/\346\261\202\350\247\243\345\231\250>, "/usr/lib/locale/C.UTF-8/LC_MONETARY", O_RDONLY|O_CLOEXEC) = -1 ENOENT (No such file or directory)
1123961 openat(AT_FDCWD</tmp/kernel-health-20260923-_5s65pp9/\346\261\202\350\247\243\345\231\250>, "/usr/lib/locale/C.utf8/LC_MONETARY", O_RDONLY|O_CLOEXEC) = 3</usr/lib/locale/C.utf8/LC_MONETARY>
1123961 openat(AT_FDCWD</tmp/kernel-health-20260923-_5s65pp9/\346\261\202\350\247\243\345\231\250>, "/usr/lib/locale/C.UTF-8/LC_COLLATE", O_RDONLY|O_CLOEXEC) = -1 ENOENT (No such file or directory)
1123961 openat(AT_FDCWD</tmp/kernel-health-20260923-_5s65pp9/\346\261\202\350\247\243\345\231\250>, "/usr/lib/locale/C.utf8/LC_COLLATE", O_RDONLY|O_CLOEXEC) = 3</usr/lib/locale/C.utf8/LC_COLLATE>
1123961 openat(AT_FDCWD</tmp/kernel-health-20260923-_5s65pp9/\346\261\202\350\247\243\345\231\250>, "/usr/lib/locale/C.UTF-8/LC_TIME", O_RDONLY|O_CLOEXEC) = -1 ENOENT (No such file or directory)
1123961 openat(AT_FDCWD</tmp/kernel-health-20260923-_5s65pp9/\346\261\202\350\247\243\345\231\250>, "/usr/lib/locale/C.utf8/LC_TIME", O_RDONLY|O_CLOEXEC) = 3</usr/lib/locale/C.utf8/LC_TIME>
1123961 openat(AT_FDCWD</tmp/kernel-health-20260923-_5s65pp9/\346\261\202\350\247\243\345\231\250>, "/usr/lib/locale/C.UTF-8/LC_NUMERIC", O_RDONLY|O_CLOEXEC) = -1 ENOENT (No such file or directory)
1123961 openat(AT_FDCWD</tmp/kernel-health-20260923-_5s65pp9/\346\261\202\350\247\243\345\231\250>, "/usr/lib/locale/C.utf8/LC_NUMERIC", O_RDONLY|O_CLOEXEC) = 3</usr/lib/locale/C.utf8/LC_NUMERIC>
1123961 openat(AT_FDCWD</tmp/kernel-health-20260923-_5s65pp9/\346\261\202\350\247\243\345\231\250>, "/usr/lib/locale/C.UTF-8/LC_CTYPE", O_RDONLY|O_CLOEXEC) = -1 ENOENT (No such file or directory)
1123961 openat(AT_FDCWD</tmp/kernel-health-20260923-_5s65pp9/\346\261\202\350\247\243\345\231\250>, "/usr/lib/locale/C.utf8/LC_CTYPE", O_RDONLY|O_CLOEXEC) = 3</usr/lib/locale/C.utf8/LC_CTYPE>
1123961 openat(AT_FDCWD</tmp/kernel-health-20260923-_5s65pp9/\346\261\202\350\247\243\345\231\250>, "/tmp/kernel-health-20260923-_5s65pp9/\346\261\202\350\247\243\345\231\250/crates/kernel/src/model.rs", O_RDONLY) = 3</tmp/kernel-health-20260923-_5s65pp9/\346\261\202\350\247\243\345\231\250/crates/kernel/src/model.rs>
1123938 --- SIGCHLD {si_signo=SIGCHLD, si_code=CLD_EXITED, si_pid=1123961, si_uid=1000, si_status=0, si_utime=0, si_stime=0} ---
1123938 openat(AT_FDCWD</tmp/kernel-health-20260923-_5s65pp9/\346\261\202\350\247\243\345\231\250>, "/dev/null", O_RDONLY|O_CLOEXEC) = 3</dev/null<char 1:3>>
1123962 execve("/home/zhuran24/.codex/tmp/arg0/codex-arg07mihkU/sha256sum", ["sha256sum", "--", "/tmp/kernel-health-20260923-_5s65pp9/\346\261\202\350\247\243\345\231\250/crates/kernel/src/catalog.rs"], 0x7ffef62f4cb8 /* 135 vars */) = -1 ENOENT (No such file or directory)
1123962 execve("/home/zhuran24/.cargo/bin/sha256sum", ["sha256sum", "--", "/tmp/kernel-health-20260923-_5s65pp9/\346\261\202\350\247\243\345\231\250/crates/kernel/src/catalog.rs"], 0x7ffef62f4cb8 /* 135 vars */) = -1 ENOENT (No such file or directory)
1123962 execve("/home/zhuran24/.local/bin/sha256sum", ["sha256sum", "--", "/tmp/kernel-health-20260923-_5s65pp9/\346\261\202\350\247\243\345\231\250/crates/kernel/src/catalog.rs"], 0x7ffef62f4cb8 /* 135 vars */) = -1 ENOENT (No such file or directory)
1123962 execve("/home/zhuran24/.opencode/bin/sha256sum", ["sha256sum", "--", "/tmp/kernel-health-20260923-_5s65pp9/\346\261\202\350\247\243\345\231\250/crates/kernel/src/catalog.rs"], 0x7ffef62f4cb8 /* 135 vars */) = -1 ENOENT (No such file or directory)
1123962 execve("/usr/local/bin/sha256sum", ["sha256sum", "--", "/tmp/kernel-health-20260923-_5s65pp9/\346\261\202\350\247\243\345\231\250/crates/kernel/src/catalog.rs"], 0x7ffef62f4cb8 /* 135 vars */) = -1 ENOENT (No such file or directory)
1123962 execve("/usr/bin/sha256sum", ["sha256sum", "--", "/tmp/kernel-health-20260923-_5s65pp9/\346\261\202\350\247\243\345\231\250/crates/kernel/src/catalog.rs"], 0x7ffef62f4cb8 /* 135 vars */) = 0
1123962 openat(AT_FDCWD</tmp/kernel-health-20260923-_5s65pp9/\346\261\202\350\247\243\345\231\250>, "/etc/ld.so.cache", O_RDONLY|O_CLOEXEC) = 3</etc/ld.so.cache>
1123962 openat(AT_FDCWD</tmp/kernel-health-20260923-_5s65pp9/\346\261\202\350\247\243\345\231\250>, "/usr/lib/libcrypto.so.3", O_RDONLY|O_CLOEXEC) = 3</usr/lib/libcrypto.so.3>
1123962 openat(AT_FDCWD</tmp/kernel-health-20260923-_5s65pp9/\346\261\202\350\247\243\345\231\250>, "/usr/lib/libc.so.6", O_RDONLY|O_CLOEXEC) = 3</usr/lib/libc.so.6>
1123962 openat(AT_FDCWD</tmp/kernel-health-20260923-_5s65pp9/\346\261\202\350\247\243\345\231\250>, "/usr/lib/libz.so.1", O_RDONLY|O_CLOEXEC) = 3</usr/lib/libz.so.1.3.1.zlib-ng>
1123962 openat(AT_FDCWD</tmp/kernel-health-20260923-_5s65pp9/\346\261\202\350\247\243\345\231\250>, "/usr/lib/libbrotlienc.so.1", O_RDONLY|O_CLOEXEC) = 3</usr/lib/libbrotlienc.so.1.2.0>
1123962 openat(AT_FDCWD</tmp/kernel-health-20260923-_5s65pp9/\346\261\202\350\247\243\345\231\250>, "/usr/lib/libbrotlidec.so.1", O_RDONLY|O_CLOEXEC) = 3</usr/lib/libbrotlidec.so.1.2.0>
1123962 openat(AT_FDCWD</tmp/kernel-health-20260923-_5s65pp9/\346\261\202\350\247\243\345\231\250>, "/usr/lib/libzstd.so.1", O_RDONLY|O_CLOEXEC) = 3</usr/lib/libzstd.so.1.5.7>
1123962 openat(AT_FDCWD</tmp/kernel-health-20260923-_5s65pp9/\346\261\202\350\247\243\345\231\250>, "/usr/lib/libm.so.6", O_RDONLY|O_CLOEXEC) = 3</usr/lib/libm.so.6>
1123962 openat(AT_FDCWD</tmp/kernel-health-20260923-_5s65pp9/\346\261\202\350\247\243\345\231\250>, "/usr/lib/libbrotlicommon.so.1", O_RDONLY|O_CLOEXEC) = 3</usr/lib/libbrotlicommon.so.1.2.0>
1123962 openat(AT_FDCWD</tmp/kernel-health-20260923-_5s65pp9/\346\261\202\350\247\243\345\231\250>, "/usr/lib/locale/locale-archive", O_RDONLY|O_CLOEXEC) = 3</usr/lib/locale/locale-archive>
1123962 openat(AT_FDCWD</tmp/kernel-health-20260923-_5s65pp9/\346\261\202\350\247\243\345\231\250>, "/usr/share/locale/locale.alias", O_RDONLY|O_CLOEXEC) = 3</usr/share/locale/locale.alias>
1123962 openat(AT_FDCWD</tmp/kernel-health-20260923-_5s65pp9/\346\261\202\350\247\243\345\231\250>, "/usr/lib/locale/C.UTF-8/LC_IDENTIFICATION", O_RDONLY|O_CLOEXEC) = -1 ENOENT (No such file or directory)
1123962 openat(AT_FDCWD</tmp/kernel-health-20260923-_5s65pp9/\346\261\202\350\247\243\345\231\250>, "/usr/lib/locale/C.utf8/LC_IDENTIFICATION", O_RDONLY|O_CLOEXEC) = 3</usr/lib/locale/C.utf8/LC_IDENTIFICATION>
1123962 openat(AT_FDCWD</tmp/kernel-health-20260923-_5s65pp9/\346\261\202\350\247\243\345\231\250>, "/usr/lib/gconv/gconv-modules.cache", O_RDONLY|O_CLOEXEC) = 3</usr/lib/gconv/gconv-modules.cache>
1123962 openat(AT_FDCWD</tmp/kernel-health-20260923-_5s65pp9/\346\261\202\350\247\243\345\231\250>, "/usr/lib/locale/C.UTF-8/LC_MEASUREMENT", O_RDONLY|O_CLOEXEC) = -1 ENOENT (No such file or directory)
1123962 openat(AT_FDCWD</tmp/kernel-health-20260923-_5s65pp9/\346\261\202\350\247\243\345\231\250>, "/usr/lib/locale/C.utf8/LC_MEASUREMENT", O_RDONLY|O_CLOEXEC) = 3</usr/lib/locale/C.utf8/LC_MEASUREMENT>
1123962 openat(AT_FDCWD</tmp/kernel-health-20260923-_5s65pp9/\346\261\202\350\247\243\345\231\250>, "/usr/lib/locale/C.UTF-8/LC_TELEPHONE", O_RDONLY|O_CLOEXEC) = -1 ENOENT (No such file or directory)
1123962 openat(AT_FDCWD</tmp/kernel-health-20260923-_5s65pp9/\346\261\202\350\247\243\345\231\250>, "/usr/lib/locale/C.utf8/LC_TELEPHONE", O_RDONLY|O_CLOEXEC) = 3</usr/lib/locale/C.utf8/LC_TELEPHONE>
1123962 openat(AT_FDCWD</tmp/kernel-health-20260923-_5s65pp9/\346\261\202\350\247\243\345\231\250>, "/usr/lib/locale/C.UTF-8/LC_ADDRESS", O_RDONLY|O_CLOEXEC) = -1 ENOENT (No such file or directory)
1123962 openat(AT_FDCWD</tmp/kernel-health-20260923-_5s65pp9/\346\261\202\350\247\243\345\231\250>, "/usr/lib/locale/C.utf8/LC_ADDRESS", O_RDONLY|O_CLOEXEC) = 3</usr/lib/locale/C.utf8/LC_ADDRESS>
1123962 openat(AT_FDCWD</tmp/kernel-health-20260923-_5s65pp9/\346\261\202\350\247\243\345\231\250>, "/usr/lib/locale/C.UTF-8/LC_NAME", O_RDONLY|O_CLOEXEC) = -1 ENOENT (No such file or directory)
1123962 openat(AT_FDCWD</tmp/kernel-health-20260923-_5s65pp9/\346\261\202\350\247\243\345\231\250>, "/usr/lib/locale/C.utf8/LC_NAME", O_RDONLY|O_CLOEXEC) = 3</usr/lib/locale/C.utf8/LC_NAME>
1123962 openat(AT_FDCWD</tmp/kernel-health-20260923-_5s65pp9/\346\261\202\350\247\243\345\231\250>, "/usr/lib/locale/C.UTF-8/LC_PAPER", O_RDONLY|O_CLOEXEC) = -1 ENOENT (No such file or directory)
1123962 openat(AT_FDCWD</tmp/kernel-health-20260923-_5s65pp9/\346\261\202\350\247\243\345\231\250>, "/usr/lib/locale/C.utf8/LC_PAPER", O_RDONLY|O_CLOEXEC) = 3</usr/lib/locale/C.utf8/LC_PAPER>
1123962 openat(AT_FDCWD</tmp/kernel-health-20260923-_5s65pp9/\346\261\202\350\247\243\345\231\250>, "/usr/lib/locale/C.UTF-8/LC_MESSAGES", O_RDONLY|O_CLOEXEC) = -1 ENOENT (No such file or directory)
1123962 openat(AT_FDCWD</tmp/kernel-health-20260923-_5s65pp9/\346\261\202\350\247\243\345\231\250>, "/usr/lib/locale/C.utf8/LC_MESSAGES", O_RDONLY|O_CLOEXEC) = 3</usr/lib/locale/C.utf8/LC_MESSAGES>
1123962 openat(AT_FDCWD</tmp/kernel-health-20260923-_5s65pp9/\346\261\202\350\247\243\345\231\250>, "/usr/lib/locale/C.utf8/LC_MESSAGES/SYS_LC_MESSAGES", O_RDONLY|O_CLOEXEC) = 3</usr/lib/locale/C.utf8/LC_MESSAGES/SYS_LC_MESSAGES>
1123962 openat(AT_FDCWD</tmp/kernel-health-20260923-_5s65pp9/\346\261\202\350\247\243\345\231\250>, "/usr/lib/locale/C.UTF-8/LC_MONETARY", O_RDONLY|O_CLOEXEC) = -1 ENOENT (No such file or directory)
1123962 openat(AT_FDCWD</tmp/kernel-health-20260923-_5s65pp9/\346\261\202\350\247\243\345\231\250>, "/usr/lib/locale/C.utf8/LC_MONETARY", O_RDONLY|O_CLOEXEC) = 3</usr/lib/locale/C.utf8/LC_MONETARY>
1123962 openat(AT_FDCWD</tmp/kernel-health-20260923-_5s65pp9/\346\261\202\350\247\243\345\231\250>, "/usr/lib/locale/C.UTF-8/LC_COLLATE", O_RDONLY|O_CLOEXEC) = -1 ENOENT (No such file or directory)
1123962 openat(AT_FDCWD</tmp/kernel-health-20260923-_5s65pp9/\346\261\202\350\247\243\345\231\250>, "/usr/lib/locale/C.utf8/LC_COLLATE", O_RDONLY|O_CLOEXEC) = 3</usr/lib/locale/C.utf8/LC_COLLATE>
1123962 openat(AT_FDCWD</tmp/kernel-health-20260923-_5s65pp9/\346\261\202\350\247\243\345\231\250>, "/usr/lib/locale/C.UTF-8/LC_TIME", O_RDONLY|O_CLOEXEC) = -1 ENOENT (No such file or directory)
1123962 openat(AT_FDCWD</tmp/kernel-health-20260923-_5s65pp9/\346\261\202\350\247\243\345\231\250>, "/usr/lib/locale/C.utf8/LC_TIME", O_RDONLY|O_CLOEXEC) = 3</usr/lib/locale/C.utf8/LC_TIME>
1123962 openat(AT_FDCWD</tmp/kernel-health-20260923-_5s65pp9/\346\261\202\350\247\243\345\231\250>, "/usr/lib/locale/C.UTF-8/LC_NUMERIC", O_RDONLY|O_CLOEXEC) = -1 ENOENT (No such file or directory)
1123962 openat(AT_FDCWD</tmp/kernel-health-20260923-_5s65pp9/\346\261\202\350\247\243\345\231\250>, "/usr/lib/locale/C.utf8/LC_NUMERIC", O_RDONLY|O_CLOEXEC) = 3</usr/lib/locale/C.utf8/LC_NUMERIC>
1123962 openat(AT_FDCWD</tmp/kernel-health-20260923-_5s65pp9/\346\261\202\350\247\243\345\231\250>, "/usr/lib/locale/C.UTF-8/LC_CTYPE", O_RDONLY|O_CLOEXEC) = -1 ENOENT (No such file or directory)
1123962 openat(AT_FDCWD</tmp/kernel-health-20260923-_5s65pp9/\346\261\202\350\247\243\345\231\250>, "/usr/lib/locale/C.utf8/LC_CTYPE", O_RDONLY|O_CLOEXEC) = 3</usr/lib/locale/C.utf8/LC_CTYPE>
1123962 openat(AT_FDCWD</tmp/kernel-health-20260923-_5s65pp9/\346\261\202\350\247\243\345\231\250>, "/tmp/kernel-health-20260923-_5s65pp9/\346\261\202\350\247\243\345\231\250/crates/kernel/src/catalog.rs", O_RDONLY) = 3</tmp/kernel-health-20260923-_5s65pp9/\346\261\202\350\247\243\345\231\250/crates/kernel/src/catalog.rs>
1123938 --- SIGCHLD {si_signo=SIGCHLD, si_code=CLD_EXITED, si_pid=1123962, si_uid=1000, si_status=0, si_utime=0, si_stime=0} ---
1123938 openat(AT_FDCWD</tmp/kernel-health-20260923-_5s65pp9/\346\261\202\350\247\243\345\231\250>, "/dev/null", O_RDONLY|O_CLOEXEC) = 3</dev/null<char 1:3>>
1123963 execve("/home/zhuran24/.codex/tmp/arg0/codex-arg07mihkU/sha256sum", ["sha256sum", "--", "/tmp/kernel-health-20260923-_5s65pp9/\346\261\202\350\247\243\345\231\250/crates/kernel/src/input.rs"], 0x7ffef62f4cb8 /* 135 vars */) = -1 ENOENT (No such file or directory)
1123963 execve("/home/zhuran24/.cargo/bin/sha256sum", ["sha256sum", "--", "/tmp/kernel-health-20260923-_5s65pp9/\346\261\202\350\247\243\345\231\250/crates/kernel/src/input.rs"], 0x7ffef62f4cb8 /* 135 vars */) = -1 ENOENT (No such file or directory)
1123963 execve("/home/zhuran24/.local/bin/sha256sum", ["sha256sum", "--", "/tmp/kernel-health-20260923-_5s65pp9/\346\261\202\350\247\243\345\231\250/crates/kernel/src/input.rs"], 0x7ffef62f4cb8 /* 135 vars */) = -1 ENOENT (No such file or directory)
1123963 execve("/home/zhuran24/.opencode/bin/sha256sum", ["sha256sum", "--", "/tmp/kernel-health-20260923-_5s65pp9/\346\261\202\350\247\243\345\231\250/crates/kernel/src/input.rs"], 0x7ffef62f4cb8 /* 135 vars */) = -1 ENOENT (No such file or directory)
1123963 execve("/usr/local/bin/sha256sum", ["sha256sum", "--", "/tmp/kernel-health-20260923-_5s65pp9/\346\261\202\350\247\243\345\231\250/crates/kernel/src/input.rs"], 0x7ffef62f4cb8 /* 135 vars */) = -1 ENOENT (No such file or directory)
1123963 execve("/usr/bin/sha256sum", ["sha256sum", "--", "/tmp/kernel-health-20260923-_5s65pp9/\346\261\202\350\247\243\345\231\250/crates/kernel/src/input.rs"], 0x7ffef62f4cb8 /* 135 vars */) = 0
1123963 openat(AT_FDCWD</tmp/kernel-health-20260923-_5s65pp9/\346\261\202\350\247\243\345\231\250>, "/etc/ld.so.cache", O_RDONLY|O_CLOEXEC) = 3</etc/ld.so.cache>
1123963 openat(AT_FDCWD</tmp/kernel-health-20260923-_5s65pp9/\346\261\202\350\247\243\345\231\250>, "/usr/lib/libcrypto.so.3", O_RDONLY|O_CLOEXEC) = 3</usr/lib/libcrypto.so.3>
1123963 openat(AT_FDCWD</tmp/kernel-health-20260923-_5s65pp9/\346\261\202\350\247\243\345\231\250>, "/usr/lib/libc.so.6", O_RDONLY|O_CLOEXEC) = 3</usr/lib/libc.so.6>
1123963 openat(AT_FDCWD</tmp/kernel-health-20260923-_5s65pp9/\346\261\202\350\247\243\345\231\250>, "/usr/lib/libz.so.1", O_RDONLY|O_CLOEXEC) = 3</usr/lib/libz.so.1.3.1.zlib-ng>
1123963 openat(AT_FDCWD</tmp/kernel-health-20260923-_5s65pp9/\346\261\202\350\247\243\345\231\250>, "/usr/lib/libbrotlienc.so.1", O_RDONLY|O_CLOEXEC) = 3</usr/lib/libbrotlienc.so.1.2.0>
1123963 openat(AT_FDCWD</tmp/kernel-health-20260923-_5s65pp9/\346\261\202\350\247\243\345\231\250>, "/usr/lib/libbrotlidec.so.1", O_RDONLY|O_CLOEXEC) = 3</usr/lib/libbrotlidec.so.1.2.0>
1123963 openat(AT_FDCWD</tmp/kernel-health-20260923-_5s65pp9/\346\261\202\350\247\243\345\231\250>, "/usr/lib/libzstd.so.1", O_RDONLY|O_CLOEXEC) = 3</usr/lib/libzstd.so.1.5.7>
1123963 openat(AT_FDCWD</tmp/kernel-health-20260923-_5s65pp9/\346\261\202\350\247\243\345\231\250>, "/usr/lib/libm.so.6", O_RDONLY|O_CLOEXEC) = 3</usr/lib/libm.so.6>
1123963 openat(AT_FDCWD</tmp/kernel-health-20260923-_5s65pp9/\346\261\202\350\247\243\345\231\250>, "/usr/lib/libbrotlicommon.so.1", O_RDONLY|O_CLOEXEC) = 3</usr/lib/libbrotlicommon.so.1.2.0>
1123963 openat(AT_FDCWD</tmp/kernel-health-20260923-_5s65pp9/\346\261\202\350\247\243\345\231\250>, "/usr/lib/locale/locale-archive", O_RDONLY|O_CLOEXEC) = 3</usr/lib/locale/locale-archive>
1123963 openat(AT_FDCWD</tmp/kernel-health-20260923-_5s65pp9/\346\261\202\350\247\243\345\231\250>, "/usr/share/locale/locale.alias", O_RDONLY|O_CLOEXEC) = 3</usr/share/locale/locale.alias>
1123963 openat(AT_FDCWD</tmp/kernel-health-20260923-_5s65pp9/\346\261\202\350\247\243\345\231\250>, "/usr/lib/locale/C.UTF-8/LC_IDENTIFICATION", O_RDONLY|O_CLOEXEC) = -1 ENOENT (No such file or directory)
1123963 openat(AT_FDCWD</tmp/kernel-health-20260923-_5s65pp9/\346\261\202\350\247\243\345\231\250>, "/usr/lib/locale/C.utf8/LC_IDENTIFICATION", O_RDONLY|O_CLOEXEC) = 3</usr/lib/locale/C.utf8/LC_IDENTIFICATION>
1123963 openat(AT_FDCWD</tmp/kernel-health-20260923-_5s65pp9/\346\261\202\350\247\243\345\231\250>, "/usr/lib/gconv/gconv-modules.cache", O_RDONLY|O_CLOEXEC) = 3</usr/lib/gconv/gconv-modules.cache>
1123963 openat(AT_FDCWD</tmp/kernel-health-20260923-_5s65pp9/\346\261\202\350\247\243\345\231\250>, "/usr/lib/locale/C.UTF-8/LC_MEASUREMENT", O_RDONLY|O_CLOEXEC) = -1 ENOENT (No such file or directory)
1123963 openat(AT_FDCWD</tmp/kernel-health-20260923-_5s65pp9/\346\261\202\350\247\243\345\231\250>, "/usr/lib/locale/C.utf8/LC_MEASUREMENT", O_RDONLY|O_CLOEXEC) = 3</usr/lib/locale/C.utf8/LC_MEASUREMENT>
1123963 openat(AT_FDCWD</tmp/kernel-health-20260923-_5s65pp9/\346\261\202\350\247\243\345\231\250>, "/usr/lib/locale/C.UTF-8/LC_TELEPHONE", O_RDONLY|O_CLOEXEC) = -1 ENOENT (No such file or directory)
1123963 openat(AT_FDCWD</tmp/kernel-health-20260923-_5s65pp9/\346\261\202\350\247\243\345\231\250>, "/usr/lib/locale/C.utf8/LC_TELEPHONE", O_RDONLY|O_CLOEXEC) = 3</usr/lib/locale/C.utf8/LC_TELEPHONE>
1123963 openat(AT_FDCWD</tmp/kernel-health-20260923-_5s65pp9/\346\261\202\350\247\243\345\231\250>, "/usr/lib/locale/C.UTF-8/LC_ADDRESS", O_RDONLY|O_CLOEXEC) = -1 ENOENT (No such file or directory)
1123963 openat(AT_FDCWD</tmp/kernel-health-20260923-_5s65pp9/\346\261\202\350\247\243\345\231\250>, "/usr/lib/locale/C.utf8/LC_ADDRESS", O_RDONLY|O_CLOEXEC) = 3</usr/lib/locale/C.utf8/LC_ADDRESS>
1123963 openat(AT_FDCWD</tmp/kernel-health-20260923-_5s65pp9/\346\261\202\350\247\243\345\231\250>, "/usr/lib/locale/C.UTF-8/LC_NAME", O_RDONLY|O_CLOEXEC) = -1 ENOENT (No such file or directory)
1123963 openat(AT_FDCWD</tmp/kernel-health-20260923-_5s65pp9/\346\261\202\350\247\243\345\231\250>, "/usr/lib/locale/C.utf8/LC_NAME", O_RDONLY|O_CLOEXEC) = 3</usr/lib/locale/C.utf8/LC_NAME>
1123963 openat(AT_FDCWD</tmp/kernel-health-20260923-_5s65pp9/\346\261\202\350\247\243\345\231\250>, "/usr/lib/locale/C.UTF-8/LC_PAPER", O_RDONLY|O_CLOEXEC) = -1 ENOENT (No such file or directory)
1123963 openat(AT_FDCWD</tmp/kernel-health-20260923-_5s65pp9/\346\261\202\350\247\243\345\231\250>, "/usr/lib/locale/C.utf8/LC_PAPER", O_RDONLY|O_CLOEXEC) = 3</usr/lib/locale/C.utf8/LC_PAPER>
1123963 openat(AT_FDCWD</tmp/kernel-health-20260923-_5s65pp9/\346\261\202\350\247\243\345\231\250>, "/usr/lib/locale/C.UTF-8/LC_MESSAGES", O_RDONLY|O_CLOEXEC) = -1 ENOENT (No such file or directory)
1123963 openat(AT_FDCWD</tmp/kernel-health-20260923-_5s65pp9/\346\261\202\350\247\243\345\231\250>, "/usr/lib/locale/C.utf8/LC_MESSAGES", O_RDONLY|O_CLOEXEC) = 3</usr/lib/locale/C.utf8/LC_MESSAGES>
1123963 openat(AT_FDCWD</tmp/kernel-health-20260923-_5s65pp9/\346\261\202\350\247\243\345\231\250>, "/usr/lib/locale/C.utf8/LC_MESSAGES/SYS_LC_MESSAGES", O_RDONLY|O_CLOEXEC) = 3</usr/lib/locale/C.utf8/LC_MESSAGES/SYS_LC_MESSAGES>
1123963 openat(AT_FDCWD</tmp/kernel-health-20260923-_5s65pp9/\346\261\202\350\247\243\345\231\250>, "/usr/lib/locale/C.UTF-8/LC_MONETARY", O_RDONLY|O_CLOEXEC) = -1 ENOENT (No such file or directory)
1123963 openat(AT_FDCWD</tmp/kernel-health-20260923-_5s65pp9/\346\261\202\350\247\243\345\231\250>, "/usr/lib/locale/C.utf8/LC_MONETARY", O_RDONLY|O_CLOEXEC) = 3</usr/lib/locale/C.utf8/LC_MONETARY>
1123963 openat(AT_FDCWD</tmp/kernel-health-20260923-_5s65pp9/\346\261\202\350\247\243\345\231\250>, "/usr/lib/locale/C.UTF-8/LC_COLLATE", O_RDONLY|O_CLOEXEC) = -1 ENOENT (No such file or directory)
1123963 openat(AT_FDCWD</tmp/kernel-health-20260923-_5s65pp9/\346\261\202\350\247\243\345\231\250>, "/usr/lib/locale/C.utf8/LC_COLLATE", O_RDONLY|O_CLOEXEC) = 3</usr/lib/locale/C.utf8/LC_COLLATE>
1123963 openat(AT_FDCWD</tmp/kernel-health-20260923-_5s65pp9/\346\261\202\350\247\243\345\231\250>, "/usr/lib/locale/C.UTF-8/LC_TIME", O_RDONLY|O_CLOEXEC) = -1 ENOENT (No such file or directory)
1123963 openat(AT_FDCWD</tmp/kernel-health-20260923-_5s65pp9/\346\261\202\350\247\243\345\231\250>, "/usr/lib/locale/C.utf8/LC_TIME", O_RDONLY|O_CLOEXEC) = 3</usr/lib/locale/C.utf8/LC_TIME>
1123963 openat(AT_FDCWD</tmp/kernel-health-20260923-_5s65pp9/\346\261\202\350\247\243\345\231\250>, "/usr/lib/locale/C.UTF-8/LC_NUMERIC", O_RDONLY|O_CLOEXEC) = -1 ENOENT (No such file or directory)
1123963 openat(AT_FDCWD</tmp/kernel-health-20260923-_5s65pp9/\346\261\202\350\247\243\345\231\250>, "/usr/lib/locale/C.utf8/LC_NUMERIC", O_RDONLY|O_CLOEXEC) = 3</usr/lib/locale/C.utf8/LC_NUMERIC>
1123963 openat(AT_FDCWD</tmp/kernel-health-20260923-_5s65pp9/\346\261\202\350\247\243\345\231\250>, "/usr/lib/locale/C.UTF-8/LC_CTYPE", O_RDONLY|O_CLOEXEC) = -1 ENOENT (No such file or directory)
1123963 openat(AT_FDCWD</tmp/kernel-health-20260923-_5s65pp9/\346\261\202\350\247\243\345\231\250>, "/usr/lib/locale/C.utf8/LC_CTYPE", O_RDONLY|O_CLOEXEC) = 3</usr/lib/locale/C.utf8/LC_CTYPE>
1123963 openat(AT_FDCWD</tmp/kernel-health-20260923-_5s65pp9/\346\261\202\350\247\243\345\231\250>, "/tmp/kernel-health-20260923-_5s65pp9/\346\261\202\350\247\243\345\231\250/crates/kernel/src/input.rs", O_RDONLY) = 3</tmp/kernel-health-20260923-_5s65pp9/\346\261\202\350\247\243\345\231\250/crates/kernel/src/input.rs>
1123938 --- SIGCHLD {si_signo=SIGCHLD, si_code=CLD_EXITED, si_pid=1123963, si_uid=1000, si_status=0, si_utime=0, si_stime=0} ---
1123938 openat(AT_FDCWD</tmp/kernel-health-20260923-_5s65pp9/\346\261\202\350\247\243\345\231\250>, "/dev/null", O_RDONLY|O_CLOEXEC) = 3</dev/null<char 1:3>>
1123964 execve("/home/zhuran24/.codex/tmp/arg0/codex-arg07mihkU/sha256sum", ["sha256sum", "--", "/tmp/kernel-health-20260923-_5s65pp9/\346\261\202\350\247\243\345\231\250/crates/kernel/src/interfaces.rs"], 0x7ffef62f4cb8 /* 135 vars */) = -1 ENOENT (No such file or directory)
1123964 execve("/home/zhuran24/.cargo/bin/sha256sum", ["sha256sum", "--", "/tmp/kernel-health-20260923-_5s65pp9/\346\261\202\350\247\243\345\231\250/crates/kernel/src/interfaces.rs"], 0x7ffef62f4cb8 /* 135 vars */) = -1 ENOENT (No such file or directory)
1123964 execve("/home/zhuran24/.local/bin/sha256sum", ["sha256sum", "--", "/tmp/kernel-health-20260923-_5s65pp9/\346\261\202\350\247\243\345\231\250/crates/kernel/src/interfaces.rs"], 0x7ffef62f4cb8 /* 135 vars */) = -1 ENOENT (No such file or directory)
1123964 execve("/home/zhuran24/.opencode/bin/sha256sum", ["sha256sum", "--", "/tmp/kernel-health-20260923-_5s65pp9/\346\261\202\350\247\243\345\231\250/crates/kernel/src/interfaces.rs"], 0x7ffef62f4cb8 /* 135 vars */) = -1 ENOENT (No such file or directory)
1123964 execve("/usr/local/bin/sha256sum", ["sha256sum", "--", "/tmp/kernel-health-20260923-_5s65pp9/\346\261\202\350\247\243\345\231\250/crates/kernel/src/interfaces.rs"], 0x7ffef62f4cb8 /* 135 vars */) = -1 ENOENT (No such file or directory)
1123964 execve("/usr/bin/sha256sum", ["sha256sum", "--", "/tmp/kernel-health-20260923-_5s65pp9/\346\261\202\350\247\243\345\231\250/crates/kernel/src/interfaces.rs"], 0x7ffef62f4cb8 /* 135 vars */) = 0
1123964 openat(AT_FDCWD</tmp/kernel-health-20260923-_5s65pp9/\346\261\202\350\247\243\345\231\250>, "/etc/ld.so.cache", O_RDONLY|O_CLOEXEC) = 3</etc/ld.so.cache>
1123964 openat(AT_FDCWD</tmp/kernel-health-20260923-_5s65pp9/\346\261\202\350\247\243\345\231\250>, "/usr/lib/libcrypto.so.3", O_RDONLY|O_CLOEXEC) = 3</usr/lib/libcrypto.so.3>
1123964 openat(AT_FDCWD</tmp/kernel-health-20260923-_5s65pp9/\346\261\202\350\247\243\345\231\250>, "/usr/lib/libc.so.6", O_RDONLY|O_CLOEXEC) = 3</usr/lib/libc.so.6>
1123964 openat(AT_FDCWD</tmp/kernel-health-20260923-_5s65pp9/\346\261\202\350\247\243\345\231\250>, "/usr/lib/libz.so.1", O_RDONLY|O_CLOEXEC) = 3</usr/lib/libz.so.1.3.1.zlib-ng>
1123964 openat(AT_FDCWD</tmp/kernel-health-20260923-_5s65pp9/\346\261\202\350\247\243\345\231\250>, "/usr/lib/libbrotlienc.so.1", O_RDONLY|O_CLOEXEC) = 3</usr/lib/libbrotlienc.so.1.2.0>
1123964 openat(AT_FDCWD</tmp/kernel-health-20260923-_5s65pp9/\346\261\202\350\247\243\345\231\250>, "/usr/lib/libbrotlidec.so.1", O_RDONLY|O_CLOEXEC) = 3</usr/lib/libbrotlidec.so.1.2.0>
1123964 openat(AT_FDCWD</tmp/kernel-health-20260923-_5s65pp9/\346\261\202\350\247\243\345\231\250>, "/usr/lib/libzstd.so.1", O_RDONLY|O_CLOEXEC) = 3</usr/lib/libzstd.so.1.5.7>
1123964 openat(AT_FDCWD</tmp/kernel-health-20260923-_5s65pp9/\346\261\202\350\247\243\345\231\250>, "/usr/lib/libm.so.6", O_RDONLY|O_CLOEXEC) = 3</usr/lib/libm.so.6>
1123964 openat(AT_FDCWD</tmp/kernel-health-20260923-_5s65pp9/\346\261\202\350\247\243\345\231\250>, "/usr/lib/libbrotlicommon.so.1", O_RDONLY|O_CLOEXEC) = 3</usr/lib/libbrotlicommon.so.1.2.0>
1123964 openat(AT_FDCWD</tmp/kernel-health-20260923-_5s65pp9/\346\261\202\350\247\243\345\231\250>, "/usr/lib/locale/locale-archive", O_RDONLY|O_CLOEXEC) = 3</usr/lib/locale/locale-archive>
1123964 openat(AT_FDCWD</tmp/kernel-health-20260923-_5s65pp9/\346\261\202\350\247\243\345\231\250>, "/usr/share/locale/locale.alias", O_RDONLY|O_CLOEXEC) = 3</usr/share/locale/locale.alias>
1123964 openat(AT_FDCWD</tmp/kernel-health-20260923-_5s65pp9/\346\261\202\350\247\243\345\231\250>, "/usr/lib/locale/C.UTF-8/LC_IDENTIFICATION", O_RDONLY|O_CLOEXEC) = -1 ENOENT (No such file or directory)
1123964 openat(AT_FDCWD</tmp/kernel-health-20260923-_5s65pp9/\346\261\202\350\247\243\345\231\250>, "/usr/lib/locale/C.utf8/LC_IDENTIFICATION", O_RDONLY|O_CLOEXEC) = 3</usr/lib/locale/C.utf8/LC_IDENTIFICATION>
1123964 openat(AT_FDCWD</tmp/kernel-health-20260923-_5s65pp9/\346\261\202\350\247\243\345\231\250>, "/usr/lib/gconv/gconv-modules.cache", O_RDONLY|O_CLOEXEC) = 3</usr/lib/gconv/gconv-modules.cache>
1123964 openat(AT_FDCWD</tmp/kernel-health-20260923-_5s65pp9/\346\261\202\350\247\243\345\231\250>, "/usr/lib/locale/C.UTF-8/LC_MEASUREMENT", O_RDONLY|O_CLOEXEC) = -1 ENOENT (No such file or directory)
1123964 openat(AT_FDCWD</tmp/kernel-health-20260923-_5s65pp9/\346\261\202\350\247\243\345\231\250>, "/usr/lib/locale/C.utf8/LC_MEASUREMENT", O_RDONLY|O_CLOEXEC) = 3</usr/lib/locale/C.utf8/LC_MEASUREMENT>
1123964 openat(AT_FDCWD</tmp/kernel-health-20260923-_5s65pp9/\346\261\202\350\247\243\345\231\250>, "/usr/lib/locale/C.UTF-8/LC_TELEPHONE", O_RDONLY|O_CLOEXEC) = -1 ENOENT (No such file or directory)
1123964 openat(AT_FDCWD</tmp/kernel-health-20260923-_5s65pp9/\346\261\202\350\247\243\345\231\250>, "/usr/lib/locale/C.utf8/LC_TELEPHONE", O_RDONLY|O_CLOEXEC) = 3</usr/lib/locale/C.utf8/LC_TELEPHONE>
1123964 openat(AT_FDCWD</tmp/kernel-health-20260923-_5s65pp9/\346\261\202\350\247\243\345\231\250>, "/usr/lib/locale/C.UTF-8/LC_ADDRESS", O_RDONLY|O_CLOEXEC) = -1 ENOENT (No such file or directory)
1123964 openat(AT_FDCWD</tmp/kernel-health-20260923-_5s65pp9/\346\261\202\350\247\243\345\231\250>, "/usr/lib/locale/C.utf8/LC_ADDRESS", O_RDONLY|O_CLOEXEC) = 3</usr/lib/locale/C.utf8/LC_ADDRESS>
1123964 openat(AT_FDCWD</tmp/kernel-health-20260923-_5s65pp9/\346\261\202\350\247\243\345\231\250>, "/usr/lib/locale/C.UTF-8/LC_NAME", O_RDONLY|O_CLOEXEC) = -1 ENOENT (No such file or directory)
1123964 openat(AT_FDCWD</tmp/kernel-health-20260923-_5s65pp9/\346\261\202\350\247\243\345\231\250>, "/usr/lib/locale/C.utf8/LC_NAME", O_RDONLY|O_CLOEXEC) = 3</usr/lib/locale/C.utf8/LC_NAME>
1123964 openat(AT_FDCWD</tmp/kernel-health-20260923-_5s65pp9/\346\261\202\350\247\243\345\231\250>, "/usr/lib/locale/C.UTF-8/LC_PAPER", O_RDONLY|O_CLOEXEC) = -1 ENOENT (No such file or directory)
1123964 openat(AT_FDCWD</tmp/kernel-health-20260923-_5s65pp9/\346\261\202\350\247\243\345\231\250>, "/usr/lib/locale/C.utf8/LC_PAPER", O_RDONLY|O_CLOEXEC) = 3</usr/lib/locale/C.utf8/LC_PAPER>
1123964 openat(AT_FDCWD</tmp/kernel-health-20260923-_5s65pp9/\346\261\202\350\247\243\345\231\250>, "/usr/lib/locale/C.UTF-8/LC_MESSAGES", O_RDONLY|O_CLOEXEC) = -1 ENOENT (No such file or directory)
1123964 openat(AT_FDCWD</tmp/kernel-health-20260923-_5s65pp9/\346\261\202\350\247\243\345\231\250>, "/usr/lib/locale/C.utf8/LC_MESSAGES", O_RDONLY|O_CLOEXEC) = 3</usr/lib/locale/C.utf8/LC_MESSAGES>
1123964 openat(AT_FDCWD</tmp/kernel-health-20260923-_5s65pp9/\346\261\202\350\247\243\345\231\250>, "/usr/lib/locale/C.utf8/LC_MESSAGES/SYS_LC_MESSAGES", O_RDONLY|O_CLOEXEC) = 3</usr/lib/locale/C.utf8/LC_MESSAGES/SYS_LC_MESSAGES>
1123964 openat(AT_FDCWD</tmp/kernel-health-20260923-_5s65pp9/\346\261\202\350\247\243\345\231\250>, "/usr/lib/locale/C.UTF-8/LC_MONETARY", O_RDONLY|O_CLOEXEC) = -1 ENOENT (No such file or directory)
1123964 openat(AT_FDCWD</tmp/kernel-health-20260923-_5s65pp9/\346\261\202\350\247\243\345\231\250>, "/usr/lib/locale/C.utf8/LC_MONETARY", O_RDONLY|O_CLOEXEC) = 3</usr/lib/locale/C.utf8/LC_MONETARY>
1123964 openat(AT_FDCWD</tmp/kernel-health-20260923-_5s65pp9/\346\261\202\350\247\243\345\231\250>, "/usr/lib/locale/C.UTF-8/LC_COLLATE", O_RDONLY|O_CLOEXEC) = -1 ENOENT (No such file or directory)
1123964 openat(AT_FDCWD</tmp/kernel-health-20260923-_5s65pp9/\346\261\202\350\247\243\345\231\250>, "/usr/lib/locale/C.utf8/LC_COLLATE", O_RDONLY|O_CLOEXEC) = 3</usr/lib/locale/C.utf8/LC_COLLATE>
1123964 openat(AT_FDCWD</tmp/kernel-health-20260923-_5s65pp9/\346\261\202\350\247\243\345\231\250>, "/usr/lib/locale/C.UTF-8/LC_TIME", O_RDONLY|O_CLOEXEC) = -1 ENOENT (No such file or directory)
1123964 openat(AT_FDCWD</tmp/kernel-health-20260923-_5s65pp9/\346\261\202\350\247\243\345\231\250>, "/usr/lib/locale/C.utf8/LC_TIME", O_RDONLY|O_CLOEXEC) = 3</usr/lib/locale/C.utf8/LC_TIME>
1123964 openat(AT_FDCWD</tmp/kernel-health-20260923-_5s65pp9/\346\261\202\350\247\243\345\231\250>, "/usr/lib/locale/C.UTF-8/LC_NUMERIC", O_RDONLY|O_CLOEXEC) = -1 ENOENT (No such file or directory)
1123964 openat(AT_FDCWD</tmp/kernel-health-20260923-_5s65pp9/\346\261\202\350\247\243\345\231\250>, "/usr/lib/locale/C.utf8/LC_NUMERIC", O_RDONLY|O_CLOEXEC) = 3</usr/lib/locale/C.utf8/LC_NUMERIC>
1123964 openat(AT_FDCWD</tmp/kernel-health-20260923-_5s65pp9/\346\261\202\350\247\243\345\231\250>, "/usr/lib/locale/C.UTF-8/LC_CTYPE", O_RDONLY|O_CLOEXEC) = -1 ENOENT (No such file or directory)
1123964 openat(AT_FDCWD</tmp/kernel-health-20260923-_5s65pp9/\346\261\202\350\247\243\345\231\250>, "/usr/lib/locale/C.utf8/LC_CTYPE", O_RDONLY|O_CLOEXEC) = 3</usr/lib/locale/C.utf8/LC_CTYPE>
1123964 openat(AT_FDCWD</tmp/kernel-health-20260923-_5s65pp9/\346\261\202\350\247\243\345\231\250>, "/tmp/kernel-health-20260923-_5s65pp9/\346\261\202\350\247\243\345\231\250/crates/kernel/src/interfaces.rs", O_RDONLY) = 3</tmp/kernel-health-20260923-_5s65pp9/\346\261\202\350\247\243\345\231\250/crates/kernel/src/interfaces.rs>
1123938 --- SIGCHLD {si_signo=SIGCHLD, si_code=CLD_EXITED, si_pid=1123964, si_uid=1000, si_status=0, si_utime=0, si_stime=0} ---
1123938 openat(AT_FDCWD</tmp/kernel-health-20260923-_5s65pp9/\346\261\202\350\247\243\345\231\250>, "/dev/null", O_RDONLY|O_CLOEXEC) = 3</dev/null<char 1:3>>
1123965 execve("/home/zhuran24/.codex/tmp/arg0/codex-arg07mihkU/sha256sum", ["sha256sum", "--", "/tmp/kernel-health-20260923-_5s65pp9/\346\261\202\350\247\243\345\231\250/crates/kernel/src/engine.rs"], 0x7ffef62f4cb8 /* 135 vars */) = -1 ENOENT (No such file or directory)
1123965 execve("/home/zhuran24/.cargo/bin/sha256sum", ["sha256sum", "--", "/tmp/kernel-health-20260923-_5s65pp9/\346\261\202\350\247\243\345\231\250/crates/kernel/src/engine.rs"], 0x7ffef62f4cb8 /* 135 vars */) = -1 ENOENT (No such file or directory)
1123965 execve("/home/zhuran24/.local/bin/sha256sum", ["sha256sum", "--", "/tmp/kernel-health-20260923-_5s65pp9/\346\261\202\350\247\243\345\231\250/crates/kernel/src/engine.rs"], 0x7ffef62f4cb8 /* 135 vars */) = -1 ENOENT (No such file or directory)
1123965 execve("/home/zhuran24/.opencode/bin/sha256sum", ["sha256sum", "--", "/tmp/kernel-health-20260923-_5s65pp9/\346\261\202\350\247\243\345\231\250/crates/kernel/src/engine.rs"], 0x7ffef62f4cb8 /* 135 vars */) = -1 ENOENT (No such file or directory)
1123965 execve("/usr/local/bin/sha256sum", ["sha256sum", "--", "/tmp/kernel-health-20260923-_5s65pp9/\346\261\202\350\247\243\345\231\250/crates/kernel/src/engine.rs"], 0x7ffef62f4cb8 /* 135 vars */) = -1 ENOENT (No such file or directory)
1123965 execve("/usr/bin/sha256sum", ["sha256sum", "--", "/tmp/kernel-health-20260923-_5s65pp9/\346\261\202\350\247\243\345\231\250/crates/kernel/src/engine.rs"], 0x7ffef62f4cb8 /* 135 vars */) = 0
1123965 openat(AT_FDCWD</tmp/kernel-health-20260923-_5s65pp9/\346\261\202\350\247\243\345\231\250>, "/etc/ld.so.cache", O_RDONLY|O_CLOEXEC) = 3</etc/ld.so.cache>
1123965 openat(AT_FDCWD</tmp/kernel-health-20260923-_5s65pp9/\346\261\202\350\247\243\345\231\250>, "/usr/lib/libcrypto.so.3", O_RDONLY|O_CLOEXEC) = 3</usr/lib/libcrypto.so.3>
1123965 openat(AT_FDCWD</tmp/kernel-health-20260923-_5s65pp9/\346\261\202\350\247\243\345\231\250>, "/usr/lib/libc.so.6", O_RDONLY|O_CLOEXEC) = 3</usr/lib/libc.so.6>
1123965 openat(AT_FDCWD</tmp/kernel-health-20260923-_5s65pp9/\346\261\202\350\247\243\345\231\250>, "/usr/lib/libz.so.1", O_RDONLY|O_CLOEXEC) = 3</usr/lib/libz.so.1.3.1.zlib-ng>
1123965 openat(AT_FDCWD</tmp/kernel-health-20260923-_5s65pp9/\346\261\202\350\247\243\345\231\250>, "/usr/lib/libbrotlienc.so.1", O_RDONLY|O_CLOEXEC) = 3</usr/lib/libbrotlienc.so.1.2.0>
1123965 openat(AT_FDCWD</tmp/kernel-health-20260923-_5s65pp9/\346\261\202\350\247\243\345\231\250>, "/usr/lib/libbrotlidec.so.1", O_RDONLY|O_CLOEXEC) = 3</usr/lib/libbrotlidec.so.1.2.0>
1123965 openat(AT_FDCWD</tmp/kernel-health-20260923-_5s65pp9/\346\261\202\350\247\243\345\231\250>, "/usr/lib/libzstd.so.1", O_RDONLY|O_CLOEXEC) = 3</usr/lib/libzstd.so.1.5.7>
1123965 openat(AT_FDCWD</tmp/kernel-health-20260923-_5s65pp9/\346\261\202\350\247\243\345\231\250>, "/usr/lib/libm.so.6", O_RDONLY|O_CLOEXEC) = 3</usr/lib/libm.so.6>
1123965 openat(AT_FDCWD</tmp/kernel-health-20260923-_5s65pp9/\346\261\202\350\247\243\345\231\250>, "/usr/lib/libbrotlicommon.so.1", O_RDONLY|O_CLOEXEC) = 3</usr/lib/libbrotlicommon.so.1.2.0>
1123965 openat(AT_FDCWD</tmp/kernel-health-20260923-_5s65pp9/\346\261\202\350\247\243\345\231\250>, "/usr/lib/locale/locale-archive", O_RDONLY|O_CLOEXEC) = 3</usr/lib/locale/locale-archive>
1123965 openat(AT_FDCWD</tmp/kernel-health-20260923-_5s65pp9/\346\261\202\350\247\243\345\231\250>, "/usr/share/locale/locale.alias", O_RDONLY|O_CLOEXEC) = 3</usr/share/locale/locale.alias>
1123965 openat(AT_FDCWD</tmp/kernel-health-20260923-_5s65pp9/\346\261\202\350\247\243\345\231\250>, "/usr/lib/locale/C.UTF-8/LC_IDENTIFICATION", O_RDONLY|O_CLOEXEC) = -1 ENOENT (No such file or directory)
1123965 openat(AT_FDCWD</tmp/kernel-health-20260923-_5s65pp9/\346\261\202\350\247\243\345\231\250>, "/usr/lib/locale/C.utf8/LC_IDENTIFICATION", O_RDONLY|O_CLOEXEC) = 3</usr/lib/locale/C.utf8/LC_IDENTIFICATION>
1123965 openat(AT_FDCWD</tmp/kernel-health-20260923-_5s65pp9/\346\261\202\350\247\243\345\231\250>, "/usr/lib/gconv/gconv-modules.cache", O_RDONLY|O_CLOEXEC) = 3</usr/lib/gconv/gconv-modules.cache>
1123965 openat(AT_FDCWD</tmp/kernel-health-20260923-_5s65pp9/\346\261\202\350\247\243\345\231\250>, "/usr/lib/locale/C.UTF-8/LC_MEASUREMENT", O_RDONLY|O_CLOEXEC) = -1 ENOENT (No such file or directory)
1123965 openat(AT_FDCWD</tmp/kernel-health-20260923-_5s65pp9/\346\261\202\350\247\243\345\231\250>, "/usr/lib/locale/C.utf8/LC_MEASUREMENT", O_RDONLY|O_CLOEXEC) = 3</usr/lib/locale/C.utf8/LC_MEASUREMENT>
1123965 openat(AT_FDCWD</tmp/kernel-health-20260923-_5s65pp9/\346\261\202\350\247\243\345\231\250>, "/usr/lib/locale/C.UTF-8/LC_TELEPHONE", O_RDONLY|O_CLOEXEC) = -1 ENOENT (No such file or directory)
1123965 openat(AT_FDCWD</tmp/kernel-health-20260923-_5s65pp9/\346\261\202\350\247\243\345\231\250>, "/usr/lib/locale/C.utf8/LC_TELEPHONE", O_RDONLY|O_CLOEXEC) = 3</usr/lib/locale/C.utf8/LC_TELEPHONE>
1123965 openat(AT_FDCWD</tmp/kernel-health-20260923-_5s65pp9/\346\261\202\350\247\243\345\231\250>, "/usr/lib/locale/C.UTF-8/LC_ADDRESS", O_RDONLY|O_CLOEXEC) = -1 ENOENT (No such file or directory)
1123965 openat(AT_FDCWD</tmp/kernel-health-20260923-_5s65pp9/\346\261\202\350\247\243\345\231\250>, "/usr/lib/locale/C.utf8/LC_ADDRESS", O_RDONLY|O_CLOEXEC) = 3</usr/lib/locale/C.utf8/LC_ADDRESS>
1123965 openat(AT_FDCWD</tmp/kernel-health-20260923-_5s65pp9/\346\261\202\350\247\243\345\231\250>, "/usr/lib/locale/C.UTF-8/LC_NAME", O_RDONLY|O_CLOEXEC) = -1 ENOENT (No such file or directory)
1123965 openat(AT_FDCWD</tmp/kernel-health-20260923-_5s65pp9/\346\261\202\350\247\243\345\231\250>, "/usr/lib/locale/C.utf8/LC_NAME", O_RDONLY|O_CLOEXEC) = 3</usr/lib/locale/C.utf8/LC_NAME>
1123965 openat(AT_FDCWD</tmp/kernel-health-20260923-_5s65pp9/\346\261\202\350\247\243\345\231\250>, "/usr/lib/locale/C.UTF-8/LC_PAPER", O_RDONLY|O_CLOEXEC) = -1 ENOENT (No such file or directory)
1123965 openat(AT_FDCWD</tmp/kernel-health-20260923-_5s65pp9/\346\261\202\350\247\243\345\231\250>, "/usr/lib/locale/C.utf8/LC_PAPER", O_RDONLY|O_CLOEXEC) = 3</usr/lib/locale/C.utf8/LC_PAPER>
1123965 openat(AT_FDCWD</tmp/kernel-health-20260923-_5s65pp9/\346\261\202\350\247\243\345\231\250>, "/usr/lib/locale/C.UTF-8/LC_MESSAGES", O_RDONLY|O_CLOEXEC) = -1 ENOENT (No such file or directory)
1123965 openat(AT_FDCWD</tmp/kernel-health-20260923-_5s65pp9/\346\261\202\350\247\243\345\231\250>, "/usr/lib/locale/C.utf8/LC_MESSAGES", O_RDONLY|O_CLOEXEC) = 3</usr/lib/locale/C.utf8/LC_MESSAGES>
1123965 openat(AT_FDCWD</tmp/kernel-health-20260923-_5s65pp9/\346\261\202\350\247\243\345\231\250>, "/usr/lib/locale/C.utf8/LC_MESSAGES/SYS_LC_MESSAGES", O_RDONLY|O_CLOEXEC) = 3</usr/lib/locale/C.utf8/LC_MESSAGES/SYS_LC_MESSAGES>
1123965 openat(AT_FDCWD</tmp/kernel-health-20260923-_5s65pp9/\346\261\202\350\247\243\345\231\250>, "/usr/lib/locale/C.UTF-8/LC_MONETARY", O_RDONLY|O_CLOEXEC) = -1 ENOENT (No such file or directory)
1123965 openat(AT_FDCWD</tmp/kernel-health-20260923-_5s65pp9/\346\261\202\350\247\243\345\231\250>, "/usr/lib/locale/C.utf8/LC_MONETARY", O_RDONLY|O_CLOEXEC) = 3</usr/lib/locale/C.utf8/LC_MONETARY>
1123965 openat(AT_FDCWD</tmp/kernel-health-20260923-_5s65pp9/\346\261\202\350\247\243\345\231\250>, "/usr/lib/locale/C.UTF-8/LC_COLLATE", O_RDONLY|O_CLOEXEC) = -1 ENOENT (No such file or directory)
1123965 openat(AT_FDCWD</tmp/kernel-health-20260923-_5s65pp9/\346\261\202\350\247\243\345\231\250>, "/usr/lib/locale/C.utf8/LC_COLLATE", O_RDONLY|O_CLOEXEC) = 3</usr/lib/locale/C.utf8/LC_COLLATE>
1123965 openat(AT_FDCWD</tmp/kernel-health-20260923-_5s65pp9/\346\261\202\350\247\243\345\231\250>, "/usr/lib/locale/C.UTF-8/LC_TIME", O_RDONLY|O_CLOEXEC) = -1 ENOENT (No such file or directory)
1123965 openat(AT_FDCWD</tmp/kernel-health-20260923-_5s65pp9/\346\261\202\350\247\243\345\231\250>, "/usr/lib/locale/C.utf8/LC_TIME", O_RDONLY|O_CLOEXEC) = 3</usr/lib/locale/C.utf8/LC_TIME>
1123965 openat(AT_FDCWD</tmp/kernel-health-20260923-_5s65pp9/\346\261\202\350\247\243\345\231\250>, "/usr/lib/locale/C.UTF-8/LC_NUMERIC", O_RDONLY|O_CLOEXEC) = -1 ENOENT (No such file or directory)
1123965 openat(AT_FDCWD</tmp/kernel-health-20260923-_5s65pp9/\346\261\202\350\247\243\345\231\250>, "/usr/lib/locale/C.utf8/LC_NUMERIC", O_RDONLY|O_CLOEXEC) = 3</usr/lib/locale/C.utf8/LC_NUMERIC>
1123965 openat(AT_FDCWD</tmp/kernel-health-20260923-_5s65pp9/\346\261\202\350\247\243\345\231\250>, "/usr/lib/locale/C.UTF-8/LC_CTYPE", O_RDONLY|O_CLOEXEC) = -1 ENOENT (No such file or directory)
1123965 openat(AT_FDCWD</tmp/kernel-health-20260923-_5s65pp9/\346\261\202\350\247\243\345\231\250>, "/usr/lib/locale/C.utf8/LC_CTYPE", O_RDONLY|O_CLOEXEC) = 3</usr/lib/locale/C.utf8/LC_CTYPE>
1123965 openat(AT_FDCWD</tmp/kernel-health-20260923-_5s65pp9/\346\261\202\350\247\243\345\231\250>, "/tmp/kernel-health-20260923-_5s65pp9/\346\261\202\350\247\243\345\231\250/crates/kernel/src/engine.rs", O_RDONLY) = 3</tmp/kernel-health-20260923-_5s65pp9/\346\261\202\350\247\243\345\231\250/crates/kernel/src/engine.rs>
1123938 --- SIGCHLD {si_signo=SIGCHLD, si_code=CLD_EXITED, si_pid=1123965, si_uid=1000, si_status=0, si_utime=0, si_stime=0} ---
1123938 openat(AT_FDCWD</tmp/kernel-health-20260923-_5s65pp9/\346\261\202\350\247\243\345\231\250>, "/dev/null", O_RDONLY|O_CLOEXEC) = 3</dev/null<char 1:3>>
1123966 execve("/home/zhuran24/.codex/tmp/arg0/codex-arg07mihkU/sha256sum", ["sha256sum", "--", "/tmp/kernel-health-20260923-_5s65pp9/\346\261\202\350\247\243\345\231\250/crates/kernel/src/event_identity.rs"], 0x7ffef62f4cb8 /* 135 vars */) = -1 ENOENT (No such file or directory)
1123966 execve("/home/zhuran24/.cargo/bin/sha256sum", ["sha256sum", "--", "/tmp/kernel-health-20260923-_5s65pp9/\346\261\202\350\247\243\345\231\250/crates/kernel/src/event_identity.rs"], 0x7ffef62f4cb8 /* 135 vars */) = -1 ENOENT (No such file or directory)
1123966 execve("/home/zhuran24/.local/bin/sha256sum", ["sha256sum", "--", "/tmp/kernel-health-20260923-_5s65pp9/\346\261\202\350\247\243\345\231\250/crates/kernel/src/event_identity.rs"], 0x7ffef62f4cb8 /* 135 vars */) = -1 ENOENT (No such file or directory)
1123966 execve("/home/zhuran24/.opencode/bin/sha256sum", ["sha256sum", "--", "/tmp/kernel-health-20260923-_5s65pp9/\346\261\202\350\247\243\345\231\250/crates/kernel/src/event_identity.rs"], 0x7ffef62f4cb8 /* 135 vars */) = -1 ENOENT (No such file or directory)
1123966 execve("/usr/local/bin/sha256sum", ["sha256sum", "--", "/tmp/kernel-health-20260923-_5s65pp9/\346\261\202\350\247\243\345\231\250/crates/kernel/src/event_identity.rs"], 0x7ffef62f4cb8 /* 135 vars */) = -1 ENOENT (No such file or directory)
1123966 execve("/usr/bin/sha256sum", ["sha256sum", "--", "/tmp/kernel-health-20260923-_5s65pp9/\346\261\202\350\247\243\345\231\250/crates/kernel/src/event_identity.rs"], 0x7ffef62f4cb8 /* 135 vars */) = 0
1123966 openat(AT_FDCWD</tmp/kernel-health-20260923-_5s65pp9/\346\261\202\350\247\243\345\231\250>, "/etc/ld.so.cache", O_RDONLY|O_CLOEXEC) = 3</etc/ld.so.cache>
1123966 openat(AT_FDCWD</tmp/kernel-health-20260923-_5s65pp9/\346\261\202\350\247\243\345\231\250>, "/usr/lib/libcrypto.so.3", O_RDONLY|O_CLOEXEC) = 3</usr/lib/libcrypto.so.3>
1123966 openat(AT_FDCWD</tmp/kernel-health-20260923-_5s65pp9/\346\261\202\350\247\243\345\231\250>, "/usr/lib/libc.so.6", O_RDONLY|O_CLOEXEC) = 3</usr/lib/libc.so.6>
1123966 openat(AT_FDCWD</tmp/kernel-health-20260923-_5s65pp9/\346\261\202\350\247\243\345\231\250>, "/usr/lib/libz.so.1", O_RDONLY|O_CLOEXEC) = 3</usr/lib/libz.so.1.3.1.zlib-ng>
1123966 openat(AT_FDCWD</tmp/kernel-health-20260923-_5s65pp9/\346\261\202\350\247\243\345\231\250>, "/usr/lib/libbrotlienc.so.1", O_RDONLY|O_CLOEXEC) = 3</usr/lib/libbrotlienc.so.1.2.0>
1123966 openat(AT_FDCWD</tmp/kernel-health-20260923-_5s65pp9/\346\261\202\350\247\243\345\231\250>, "/usr/lib/libbrotlidec.so.1", O_RDONLY|O_CLOEXEC) = 3</usr/lib/libbrotlidec.so.1.2.0>
1123966 openat(AT_FDCWD</tmp/kernel-health-20260923-_5s65pp9/\346\261\202\350\247\243\345\231\250>, "/usr/lib/libzstd.so.1", O_RDONLY|O_CLOEXEC) = 3</usr/lib/libzstd.so.1.5.7>
1123966 openat(AT_FDCWD</tmp/kernel-health-20260923-_5s65pp9/\346\261\202\350\247\243\345\231\250>, "/usr/lib/libm.so.6", O_RDONLY|O_CLOEXEC) = 3</usr/lib/libm.so.6>
1123966 openat(AT_FDCWD</tmp/kernel-health-20260923-_5s65pp9/\346\261\202\350\247\243\345\231\250>, "/usr/lib/libbrotlicommon.so.1", O_RDONLY|O_CLOEXEC) = 3</usr/lib/libbrotlicommon.so.1.2.0>
1123966 openat(AT_FDCWD</tmp/kernel-health-20260923-_5s65pp9/\346\261\202\350\247\243\345\231\250>, "/usr/lib/locale/locale-archive", O_RDONLY|O_CLOEXEC) = 3</usr/lib/locale/locale-archive>
1123966 openat(AT_FDCWD</tmp/kernel-health-20260923-_5s65pp9/\346\261\202\350\247\243\345\231\250>, "/usr/share/locale/locale.alias", O_RDONLY|O_CLOEXEC) = 3</usr/share/locale/locale.alias>
1123966 openat(AT_FDCWD</tmp/kernel-health-20260923-_5s65pp9/\346\261\202\350\247\243\345\231\250>, "/usr/lib/locale/C.UTF-8/LC_IDENTIFICATION", O_RDONLY|O_CLOEXEC) = -1 ENOENT (No such file or directory)
1123966 openat(AT_FDCWD</tmp/kernel-health-20260923-_5s65pp9/\346\261\202\350\247\243\345\231\250>, "/usr/lib/locale/C.utf8/LC_IDENTIFICATION", O_RDONLY|O_CLOEXEC) = 3</usr/lib/locale/C.utf8/LC_IDENTIFICATION>
1123966 openat(AT_FDCWD</tmp/kernel-health-20260923-_5s65pp9/\346\261\202\350\247\243\345\231\250>, "/usr/lib/gconv/gconv-modules.cache", O_RDONLY|O_CLOEXEC) = 3</usr/lib/gconv/gconv-modules.cache>
1123966 openat(AT_FDCWD</tmp/kernel-health-20260923-_5s65pp9/\346\261\202\350\247\243\345\231\250>, "/usr/lib/locale/C.UTF-8/LC_MEASUREMENT", O_RDONLY|O_CLOEXEC) = -1 ENOENT (No such file or directory)
1123966 openat(AT_FDCWD</tmp/kernel-health-20260923-_5s65pp9/\346\261\202\350\247\243\345\231\250>, "/usr/lib/locale/C.utf8/LC_MEASUREMENT", O_RDONLY|O_CLOEXEC) = 3</usr/lib/locale/C.utf8/LC_MEASUREMENT>
1123966 openat(AT_FDCWD</tmp/kernel-health-20260923-_5s65pp9/\346\261\202\350\247\243\345\231\250>, "/usr/lib/locale/C.UTF-8/LC_TELEPHONE", O_RDONLY|O_CLOEXEC) = -1 ENOENT (No such file or directory)
1123966 openat(AT_FDCWD</tmp/kernel-health-20260923-_5s65pp9/\346\261\202\350\247\243\345\231\250>, "/usr/lib/locale/C.utf8/LC_TELEPHONE", O_RDONLY|O_CLOEXEC) = 3</usr/lib/locale/C.utf8/LC_TELEPHONE>
1123966 openat(AT_FDCWD</tmp/kernel-health-20260923-_5s65pp9/\346\261\202\350\247\243\345\231\250>, "/usr/lib/locale/C.UTF-8/LC_ADDRESS", O_RDONLY|O_CLOEXEC) = -1 ENOENT (No such file or directory)
1123966 openat(AT_FDCWD</tmp/kernel-health-20260923-_5s65pp9/\346\261\202\350\247\243\345\231\250>, "/usr/lib/locale/C.utf8/LC_ADDRESS", O_RDONLY|O_CLOEXEC) = 3</usr/lib/locale/C.utf8/LC_ADDRESS>
1123966 openat(AT_FDCWD</tmp/kernel-health-20260923-_5s65pp9/\346\261\202\350\247\243\345\231\250>, "/usr/lib/locale/C.UTF-8/LC_NAME", O_RDONLY|O_CLOEXEC) = -1 ENOENT (No such file or directory)
1123966 openat(AT_FDCWD</tmp/kernel-health-20260923-_5s65pp9/\346\261\202\350\247\243\345\231\250>, "/usr/lib/locale/C.utf8/LC_NAME", O_RDONLY|O_CLOEXEC) = 3</usr/lib/locale/C.utf8/LC_NAME>
1123966 openat(AT_FDCWD</tmp/kernel-health-20260923-_5s65pp9/\346\261\202\350\247\243\345\231\250>, "/usr/lib/locale/C.UTF-8/LC_PAPER", O_RDONLY|O_CLOEXEC) = -1 ENOENT (No such file or directory)
1123966 openat(AT_FDCWD</tmp/kernel-health-20260923-_5s65pp9/\346\261\202\350\247\243\345\231\250>, "/usr/lib/locale/C.utf8/LC_PAPER", O_RDONLY|O_CLOEXEC) = 3</usr/lib/locale/C.utf8/LC_PAPER>
1123966 openat(AT_FDCWD</tmp/kernel-health-20260923-_5s65pp9/\346\261\202\350\247\243\345\231\250>, "/usr/lib/locale/C.UTF-8/LC_MESSAGES", O_RDONLY|O_CLOEXEC) = -1 ENOENT (No such file or directory)
1123966 openat(AT_FDCWD</tmp/kernel-health-20260923-_5s65pp9/\346\261\202\350\247\243\345\231\250>, "/usr/lib/locale/C.utf8/LC_MESSAGES", O_RDONLY|O_CLOEXEC) = 3</usr/lib/locale/C.utf8/LC_MESSAGES>
1123966 openat(AT_FDCWD</tmp/kernel-health-20260923-_5s65pp9/\346\261\202\350\247\243\345\231\250>, "/usr/lib/locale/C.utf8/LC_MESSAGES/SYS_LC_MESSAGES", O_RDONLY|O_CLOEXEC) = 3</usr/lib/locale/C.utf8/LC_MESSAGES/SYS_LC_MESSAGES>
1123966 openat(AT_FDCWD</tmp/kernel-health-20260923-_5s65pp9/\346\261\202\350\247\243\345\231\250>, "/usr/lib/locale/C.UTF-8/LC_MONETARY", O_RDONLY|O_CLOEXEC) = -1 ENOENT (No such file or directory)
1123966 openat(AT_FDCWD</tmp/kernel-health-20260923-_5s65pp9/\346\261\202\350\247\243\345\231\250>, "/usr/lib/locale/C.utf8/LC_MONETARY", O_RDONLY|O_CLOEXEC) = 3</usr/lib/locale/C.utf8/LC_MONETARY>
1123966 openat(AT_FDCWD</tmp/kernel-health-20260923-_5s65pp9/\346\261\202\350\247\243\345\231\250>, "/usr/lib/locale/C.UTF-8/LC_COLLATE", O_RDONLY|O_CLOEXEC) = -1 ENOENT (No such file or directory)
1123966 openat(AT_FDCWD</tmp/kernel-health-20260923-_5s65pp9/\346\261\202\350\247\243\345\231\250>, "/usr/lib/locale/C.utf8/LC_COLLATE", O_RDONLY|O_CLOEXEC) = 3</usr/lib/locale/C.utf8/LC_COLLATE>
1123966 openat(AT_FDCWD</tmp/kernel-health-20260923-_5s65pp9/\346\261\202\350\247\243\345\231\250>, "/usr/lib/locale/C.UTF-8/LC_TIME", O_RDONLY|O_CLOEXEC) = -1 ENOENT (No such file or directory)
1123966 openat(AT_FDCWD</tmp/kernel-health-20260923-_5s65pp9/\346\261\202\350\247\243\345\231\250>, "/usr/lib/locale/C.utf8/LC_TIME", O_RDONLY|O_CLOEXEC) = 3</usr/lib/locale/C.utf8/LC_TIME>
1123966 openat(AT_FDCWD</tmp/kernel-health-20260923-_5s65pp9/\346\261\202\350\247\243\345\231\250>, "/usr/lib/locale/C.UTF-8/LC_NUMERIC", O_RDONLY|O_CLOEXEC) = -1 ENOENT (No such file or directory)
1123966 openat(AT_FDCWD</tmp/kernel-health-20260923-_5s65pp9/\346\261\202\350\247\243\345\231\250>, "/usr/lib/locale/C.utf8/LC_NUMERIC", O_RDONLY|O_CLOEXEC) = 3</usr/lib/locale/C.utf8/LC_NUMERIC>
1123966 openat(AT_FDCWD</tmp/kernel-health-20260923-_5s65pp9/\346\261\202\350\247\243\345\231\250>, "/usr/lib/locale/C.UTF-8/LC_CTYPE", O_RDONLY|O_CLOEXEC) = -1 ENOENT (No such file or directory)
1123966 openat(AT_FDCWD</tmp/kernel-health-20260923-_5s65pp9/\346\261\202\350\247\243\345\231\250>, "/usr/lib/locale/C.utf8/LC_CTYPE", O_RDONLY|O_CLOEXEC) = 3</usr/lib/locale/C.utf8/LC_CTYPE>
1123966 openat(AT_FDCWD</tmp/kernel-health-20260923-_5s65pp9/\346\261\202\350\247\243\345\231\250>, "/tmp/kernel-health-20260923-_5s65pp9/\346\261\202\350\247\243\345\231\250/crates/kernel/src/event_identity.rs", O_RDONLY) = 3</tmp/kernel-health-20260923-_5s65pp9/\346\261\202\350\247\243\345\231\250/crates/kernel/src/event_identity.rs>
1123938 --- SIGCHLD {si_signo=SIGCHLD, si_code=CLD_EXITED, si_pid=1123966, si_uid=1000, si_status=0, si_utime=0, si_stime=0} ---
1123938 openat(AT_FDCWD</tmp/kernel-health-20260923-_5s65pp9/\346\261\202\350\247\243\345\231\250>, "/dev/null", O_RDONLY|O_CLOEXEC) = 3</dev/null<char 1:3>>
1123967 execve("/home/zhuran24/.codex/tmp/arg0/codex-arg07mihkU/sha256sum", ["sha256sum", "--", "/tmp/kernel-health-20260923-_5s65pp9/\346\261\202\350\247\243\345\231\250/crates/kernel/src/warehouse.rs"], 0x7ffef62f4cb8 /* 135 vars */) = -1 ENOENT (No such file or directory)
1123967 execve("/home/zhuran24/.cargo/bin/sha256sum", ["sha256sum", "--", "/tmp/kernel-health-20260923-_5s65pp9/\346\261\202\350\247\243\345\231\250/crates/kernel/src/warehouse.rs"], 0x7ffef62f4cb8 /* 135 vars */) = -1 ENOENT (No such file or directory)
1123967 execve("/home/zhuran24/.local/bin/sha256sum", ["sha256sum", "--", "/tmp/kernel-health-20260923-_5s65pp9/\346\261\202\350\247\243\345\231\250/crates/kernel/src/warehouse.rs"], 0x7ffef62f4cb8 /* 135 vars */) = -1 ENOENT (No such file or directory)
1123967 execve("/home/zhuran24/.opencode/bin/sha256sum", ["sha256sum", "--", "/tmp/kernel-health-20260923-_5s65pp9/\346\261\202\350\247\243\345\231\250/crates/kernel/src/warehouse.rs"], 0x7ffef62f4cb8 /* 135 vars */) = -1 ENOENT (No such file or directory)
1123967 execve("/usr/local/bin/sha256sum", ["sha256sum", "--", "/tmp/kernel-health-20260923-_5s65pp9/\346\261\202\350\247\243\345\231\250/crates/kernel/src/warehouse.rs"], 0x7ffef62f4cb8 /* 135 vars */) = -1 ENOENT (No such file or directory)
1123967 execve("/usr/bin/sha256sum", ["sha256sum", "--", "/tmp/kernel-health-20260923-_5s65pp9/\346\261\202\350\247\243\345\231\250/crates/kernel/src/warehouse.rs"], 0x7ffef62f4cb8 /* 135 vars */) = 0
1123967 openat(AT_FDCWD</tmp/kernel-health-20260923-_5s65pp9/\346\261\202\350\247\243\345\231\250>, "/etc/ld.so.cache", O_RDONLY|O_CLOEXEC) = 3</etc/ld.so.cache>
1123967 openat(AT_FDCWD</tmp/kernel-health-20260923-_5s65pp9/\346\261\202\350\247\243\345\231\250>, "/usr/lib/libcrypto.so.3", O_RDONLY|O_CLOEXEC) = 3</usr/lib/libcrypto.so.3>
1123967 openat(AT_FDCWD</tmp/kernel-health-20260923-_5s65pp9/\346\261\202\350\247\243\345\231\250>, "/usr/lib/libc.so.6", O_RDONLY|O_CLOEXEC) = 3</usr/lib/libc.so.6>
1123967 openat(AT_FDCWD</tmp/kernel-health-20260923-_5s65pp9/\346\261\202\350\247\243\345\231\250>, "/usr/lib/libz.so.1", O_RDONLY|O_CLOEXEC) = 3</usr/lib/libz.so.1.3.1.zlib-ng>
1123967 openat(AT_FDCWD</tmp/kernel-health-20260923-_5s65pp9/\346\261\202\350\247\243\345\231\250>, "/usr/lib/libbrotlienc.so.1", O_RDONLY|O_CLOEXEC) = 3</usr/lib/libbrotlienc.so.1.2.0>
1123967 openat(AT_FDCWD</tmp/kernel-health-20260923-_5s65pp9/\346\261\202\350\247\243\345\231\250>, "/usr/lib/libbrotlidec.so.1", O_RDONLY|O_CLOEXEC) = 3</usr/lib/libbrotlidec.so.1.2.0>
1123967 openat(AT_FDCWD</tmp/kernel-health-20260923-_5s65pp9/\346\261\202\350\247\243\345\231\250>, "/usr/lib/libzstd.so.1", O_RDONLY|O_CLOEXEC) = 3</usr/lib/libzstd.so.1.5.7>
1123967 openat(AT_FDCWD</tmp/kernel-health-20260923-_5s65pp9/\346\261\202\350\247\243\345\231\250>, "/usr/lib/libm.so.6", O_RDONLY|O_CLOEXEC) = 3</usr/lib/libm.so.6>
1123967 openat(AT_FDCWD</tmp/kernel-health-20260923-_5s65pp9/\346\261\202\350\247\243\345\231\250>, "/usr/lib/libbrotlicommon.so.1", O_RDONLY|O_CLOEXEC) = 3</usr/lib/libbrotlicommon.so.1.2.0>
1123967 openat(AT_FDCWD</tmp/kernel-health-20260923-_5s65pp9/\346\261\202\350\247\243\345\231\250>, "/usr/lib/locale/locale-archive", O_RDONLY|O_CLOEXEC) = 3</usr/lib/locale/locale-archive>
1123967 openat(AT_FDCWD</tmp/kernel-health-20260923-_5s65pp9/\346\261\202\350\247\243\345\231\250>, "/usr/share/locale/locale.alias", O_RDONLY|O_CLOEXEC) = 3</usr/share/locale/locale.alias>
1123967 openat(AT_FDCWD</tmp/kernel-health-20260923-_5s65pp9/\346\261\202\350\247\243\345\231\250>, "/usr/lib/locale/C.UTF-8/LC_IDENTIFICATION", O_RDONLY|O_CLOEXEC) = -1 ENOENT (No such file or directory)
1123967 openat(AT_FDCWD</tmp/kernel-health-20260923-_5s65pp9/\346\261\202\350\247\243\345\231\250>, "/usr/lib/locale/C.utf8/LC_IDENTIFICATION", O_RDONLY|O_CLOEXEC) = 3</usr/lib/locale/C.utf8/LC_IDENTIFICATION>
1123967 openat(AT_FDCWD</tmp/kernel-health-20260923-_5s65pp9/\346\261\202\350\247\243\345\231\250>, "/usr/lib/gconv/gconv-modules.cache", O_RDONLY|O_CLOEXEC) = 3</usr/lib/gconv/gconv-modules.cache>
1123967 openat(AT_FDCWD</tmp/kernel-health-20260923-_5s65pp9/\346\261\202\350\247\243\345\231\250>, "/usr/lib/locale/C.UTF-8/LC_MEASUREMENT", O_RDONLY|O_CLOEXEC) = -1 ENOENT (No such file or directory)
1123967 openat(AT_FDCWD</tmp/kernel-health-20260923-_5s65pp9/\346\261\202\350\247\243\345\231\250>, "/usr/lib/locale/C.utf8/LC_MEASUREMENT", O_RDONLY|O_CLOEXEC) = 3</usr/lib/locale/C.utf8/LC_MEASUREMENT>
1123967 openat(AT_FDCWD</tmp/kernel-health-20260923-_5s65pp9/\346\261\202\350\247\243\345\231\250>, "/usr/lib/locale/C.UTF-8/LC_TELEPHONE", O_RDONLY|O_CLOEXEC) = -1 ENOENT (No such file or directory)
1123967 openat(AT_FDCWD</tmp/kernel-health-20260923-_5s65pp9/\346\261\202\350\247\243\345\231\250>, "/usr/lib/locale/C.utf8/LC_TELEPHONE", O_RDONLY|O_CLOEXEC) = 3</usr/lib/locale/C.utf8/LC_TELEPHONE>
1123967 openat(AT_FDCWD</tmp/kernel-health-20260923-_5s65pp9/\346\261\202\350\247\243\345\231\250>, "/usr/lib/locale/C.UTF-8/LC_ADDRESS", O_RDONLY|O_CLOEXEC) = -1 ENOENT (No such file or directory)
1123967 openat(AT_FDCWD</tmp/kernel-health-20260923-_5s65pp9/\346\261\202\350\247\243\345\231\250>, "/usr/lib/locale/C.utf8/LC_ADDRESS", O_RDONLY|O_CLOEXEC) = 3</usr/lib/locale/C.utf8/LC_ADDRESS>
1123967 openat(AT_FDCWD</tmp/kernel-health-20260923-_5s65pp9/\346\261\202\350\247\243\345\231\250>, "/usr/lib/locale/C.UTF-8/LC_NAME", O_RDONLY|O_CLOEXEC) = -1 ENOENT (No such file or directory)
1123967 openat(AT_FDCWD</tmp/kernel-health-20260923-_5s65pp9/\346\261\202\350\247\243\345\231\250>, "/usr/lib/locale/C.utf8/LC_NAME", O_RDONLY|O_CLOEXEC) = 3</usr/lib/locale/C.utf8/LC_NAME>
1123967 openat(AT_FDCWD</tmp/kernel-health-20260923-_5s65pp9/\346\261\202\350\247\243\345\231\250>, "/usr/lib/locale/C.UTF-8/LC_PAPER", O_RDONLY|O_CLOEXEC) = -1 ENOENT (No such file or directory)
1123967 openat(AT_FDCWD</tmp/kernel-health-20260923-_5s65pp9/\346\261\202\350\247\243\345\231\250>, "/usr/lib/locale/C.utf8/LC_PAPER", O_RDONLY|O_CLOEXEC) = 3</usr/lib/locale/C.utf8/LC_PAPER>
1123967 openat(AT_FDCWD</tmp/kernel-health-20260923-_5s65pp9/\346\261\202\350\247\243\345\231\250>, "/usr/lib/locale/C.UTF-8/LC_MESSAGES", O_RDONLY|O_CLOEXEC) = -1 ENOENT (No such file or directory)
1123967 openat(AT_FDCWD</tmp/kernel-health-20260923-_5s65pp9/\346\261\202\350\247\243\345\231\250>, "/usr/lib/locale/C.utf8/LC_MESSAGES", O_RDONLY|O_CLOEXEC) = 3</usr/lib/locale/C.utf8/LC_MESSAGES>
1123967 openat(AT_FDCWD</tmp/kernel-health-20260923-_5s65pp9/\346\261\202\350\247\243\345\231\250>, "/usr/lib/locale/C.utf8/LC_MESSAGES/SYS_LC_MESSAGES", O_RDONLY|O_CLOEXEC) = 3</usr/lib/locale/C.utf8/LC_MESSAGES/SYS_LC_MESSAGES>
1123967 openat(AT_FDCWD</tmp/kernel-health-20260923-_5s65pp9/\346\261\202\350\247\243\345\231\250>, "/usr/lib/locale/C.UTF-8/LC_MONETARY", O_RDONLY|O_CLOEXEC) = -1 ENOENT (No such file or directory)
1123967 openat(AT_FDCWD</tmp/kernel-health-20260923-_5s65pp9/\346\261\202\350\247\243\345\231\250>, "/usr/lib/locale/C.utf8/LC_MONETARY", O_RDONLY|O_CLOEXEC) = 3</usr/lib/locale/C.utf8/LC_MONETARY>
1123967 openat(AT_FDCWD</tmp/kernel-health-20260923-_5s65pp9/\346\261\202\350\247\243\345\231\250>, "/usr/lib/locale/C.UTF-8/LC_COLLATE", O_RDONLY|O_CLOEXEC) = -1 ENOENT (No such file or directory)
1123967 openat(AT_FDCWD</tmp/kernel-health-20260923-_5s65pp9/\346\261\202\350\247\243\345\231\250>, "/usr/lib/locale/C.utf8/LC_COLLATE", O_RDONLY|O_CLOEXEC) = 3</usr/lib/locale/C.utf8/LC_COLLATE>
1123967 openat(AT_FDCWD</tmp/kernel-health-20260923-_5s65pp9/\346\261\202\350\247\243\345\231\250>, "/usr/lib/locale/C.UTF-8/LC_TIME", O_RDONLY|O_CLOEXEC) = -1 ENOENT (No such file or directory)
1123967 openat(AT_FDCWD</tmp/kernel-health-20260923-_5s65pp9/\346\261\202\350\247\243\345\231\250>, "/usr/lib/locale/C.utf8/LC_TIME", O_RDONLY|O_CLOEXEC) = 3</usr/lib/locale/C.utf8/LC_TIME>
1123967 openat(AT_FDCWD</tmp/kernel-health-20260923-_5s65pp9/\346\261\202\350\247\243\345\231\250>, "/usr/lib/locale/C.UTF-8/LC_NUMERIC", O_RDONLY|O_CLOEXEC) = -1 ENOENT (No such file or directory)
1123967 openat(AT_FDCWD</tmp/kernel-health-20260923-_5s65pp9/\346\261\202\350\247\243\345\231\250>, "/usr/lib/locale/C.utf8/LC_NUMERIC", O_RDONLY|O_CLOEXEC) = 3</usr/lib/locale/C.utf8/LC_NUMERIC>
1123967 openat(AT_FDCWD</tmp/kernel-health-20260923-_5s65pp9/\346\261\202\350\247\243\345\231\250>, "/usr/lib/locale/C.UTF-8/LC_CTYPE", O_RDONLY|O_CLOEXEC) = -1 ENOENT (No such file or directory)
1123967 openat(AT_FDCWD</tmp/kernel-health-20260923-_5s65pp9/\346\261\202\350\247\243\345\231\250>, "/usr/lib/locale/C.utf8/LC_CTYPE", O_RDONLY|O_CLOEXEC) = 3</usr/lib/locale/C.utf8/LC_CTYPE>
1123967 openat(AT_FDCWD</tmp/kernel-health-20260923-_5s65pp9/\346\261\202\350\247\243\345\231\250>, "/tmp/kernel-health-20260923-_5s65pp9/\346\261\202\350\247\243\345\231\250/crates/kernel/src/warehouse.rs", O_RDONLY) = 3</tmp/kernel-health-20260923-_5s65pp9/\346\261\202\350\247\243\345\231\250/crates/kernel/src/warehouse.rs>
1123938 --- SIGCHLD {si_signo=SIGCHLD, si_code=CLD_EXITED, si_pid=1123967, si_uid=1000, si_status=0, si_utime=0, si_stime=0} ---
1123938 openat(AT_FDCWD</tmp/kernel-health-20260923-_5s65pp9/\346\261\202\350\247\243\345\231\250>, "/dev/null", O_RDONLY|O_CLOEXEC) = 3</dev/null<char 1:3>>
1123968 execve("/home/zhuran24/.codex/tmp/arg0/codex-arg07mihkU/sha256sum", ["sha256sum", "--", "/tmp/kernel-health-20260923-_5s65pp9/\346\261\202\350\247\243\345\231\250/crates/kernel/src/polling.rs"], 0x7ffef62f4cb8 /* 135 vars */) = -1 ENOENT (No such file or directory)
1123968 execve("/home/zhuran24/.cargo/bin/sha256sum", ["sha256sum", "--", "/tmp/kernel-health-20260923-_5s65pp9/\346\261\202\350\247\243\345\231\250/crates/kernel/src/polling.rs"], 0x7ffef62f4cb8 /* 135 vars */) = -1 ENOENT (No such file or directory)
1123968 execve("/home/zhuran24/.local/bin/sha256sum", ["sha256sum", "--", "/tmp/kernel-health-20260923-_5s65pp9/\346\261\202\350\247\243\345\231\250/crates/kernel/src/polling.rs"], 0x7ffef62f4cb8 /* 135 vars */) = -1 ENOENT (No such file or directory)
1123968 execve("/home/zhuran24/.opencode/bin/sha256sum", ["sha256sum", "--", "/tmp/kernel-health-20260923-_5s65pp9/\346\261\202\350\247\243\345\231\250/crates/kernel/src/polling.rs"], 0x7ffef62f4cb8 /* 135 vars */) = -1 ENOENT (No such file or directory)
1123968 execve("/usr/local/bin/sha256sum", ["sha256sum", "--", "/tmp/kernel-health-20260923-_5s65pp9/\346\261\202\350\247\243\345\231\250/crates/kernel/src/polling.rs"], 0x7ffef62f4cb8 /* 135 vars */) = -1 ENOENT (No such file or directory)
1123968 execve("/usr/bin/sha256sum", ["sha256sum", "--", "/tmp/kernel-health-20260923-_5s65pp9/\346\261\202\350\247\243\345\231\250/crates/kernel/src/polling.rs"], 0x7ffef62f4cb8 /* 135 vars */) = 0
1123968 openat(AT_FDCWD</tmp/kernel-health-20260923-_5s65pp9/\346\261\202\350\247\243\345\231\250>, "/etc/ld.so.cache", O_RDONLY|O_CLOEXEC) = 3</etc/ld.so.cache>
1123968 openat(AT_FDCWD</tmp/kernel-health-20260923-_5s65pp9/\346\261\202\350\247\243\345\231\250>, "/usr/lib/libcrypto.so.3", O_RDONLY|O_CLOEXEC) = 3</usr/lib/libcrypto.so.3>
1123968 openat(AT_FDCWD</tmp/kernel-health-20260923-_5s65pp9/\346\261\202\350\247\243\345\231\250>, "/usr/lib/libc.so.6", O_RDONLY|O_CLOEXEC) = 3</usr/lib/libc.so.6>
1123968 openat(AT_FDCWD</tmp/kernel-health-20260923-_5s65pp9/\346\261\202\350\247\243\345\231\250>, "/usr/lib/libz.so.1", O_RDONLY|O_CLOEXEC) = 3</usr/lib/libz.so.1.3.1.zlib-ng>
1123968 openat(AT_FDCWD</tmp/kernel-health-20260923-_5s65pp9/\346\261\202\350\247\243\345\231\250>, "/usr/lib/libbrotlienc.so.1", O_RDONLY|O_CLOEXEC) = 3</usr/lib/libbrotlienc.so.1.2.0>
1123968 openat(AT_FDCWD</tmp/kernel-health-20260923-_5s65pp9/\346\261\202\350\247\243\345\231\250>, "/usr/lib/libbrotlidec.so.1", O_RDONLY|O_CLOEXEC) = 3</usr/lib/libbrotlidec.so.1.2.0>
1123968 openat(AT_FDCWD</tmp/kernel-health-20260923-_5s65pp9/\346\261\202\350\247\243\345\231\250>, "/usr/lib/libzstd.so.1", O_RDONLY|O_CLOEXEC) = 3</usr/lib/libzstd.so.1.5.7>
1123968 openat(AT_FDCWD</tmp/kernel-health-20260923-_5s65pp9/\346\261\202\350\247\243\345\231\250>, "/usr/lib/libm.so.6", O_RDONLY|O_CLOEXEC) = 3</usr/lib/libm.so.6>
1123968 openat(AT_FDCWD</tmp/kernel-health-20260923-_5s65pp9/\346\261\202\350\247\243\345\231\250>, "/usr/lib/libbrotlicommon.so.1", O_RDONLY|O_CLOEXEC) = 3</usr/lib/libbrotlicommon.so.1.2.0>
1123968 openat(AT_FDCWD</tmp/kernel-health-20260923-_5s65pp9/\346\261\202\350\247\243\345\231\250>, "/usr/lib/locale/locale-archive", O_RDONLY|O_CLOEXEC) = 3</usr/lib/locale/locale-archive>
1123968 openat(AT_FDCWD</tmp/kernel-health-20260923-_5s65pp9/\346\261\202\350\247\243\345\231\250>, "/usr/share/locale/locale.alias", O_RDONLY|O_CLOEXEC) = 3</usr/share/locale/locale.alias>
1123968 openat(AT_FDCWD</tmp/kernel-health-20260923-_5s65pp9/\346\261\202\350\247\243\345\231\250>, "/usr/lib/locale/C.UTF-8/LC_IDENTIFICATION", O_RDONLY|O_CLOEXEC) = -1 ENOENT (No such file or directory)
1123968 openat(AT_FDCWD</tmp/kernel-health-20260923-_5s65pp9/\346\261\202\350\247\243\345\231\250>, "/usr/lib/locale/C.utf8/LC_IDENTIFICATION", O_RDONLY|O_CLOEXEC) = 3</usr/lib/locale/C.utf8/LC_IDENTIFICATION>
1123968 openat(AT_FDCWD</tmp/kernel-health-20260923-_5s65pp9/\346\261\202\350\247\243\345\231\250>, "/usr/lib/gconv/gconv-modules.cache", O_RDONLY|O_CLOEXEC) = 3</usr/lib/gconv/gconv-modules.cache>
1123968 openat(AT_FDCWD</tmp/kernel-health-20260923-_5s65pp9/\346\261\202\350\247\243\345\231\250>, "/usr/lib/locale/C.UTF-8/LC_MEASUREMENT", O_RDONLY|O_CLOEXEC) = -1 ENOENT (No such file or directory)
1123968 openat(AT_FDCWD</tmp/kernel-health-20260923-_5s65pp9/\346\261\202\350\247\243\345\231\250>, "/usr/lib/locale/C.utf8/LC_MEASUREMENT", O_RDONLY|O_CLOEXEC) = 3</usr/lib/locale/C.utf8/LC_MEASUREMENT>
1123968 openat(AT_FDCWD</tmp/kernel-health-20260923-_5s65pp9/\346\261\202\350\247\243\345\231\250>, "/usr/lib/locale/C.UTF-8/LC_TELEPHONE", O_RDONLY|O_CLOEXEC) = -1 ENOENT (No such file or directory)
1123968 openat(AT_FDCWD</tmp/kernel-health-20260923-_5s65pp9/\346\261\202\350\247\243\345\231\250>, "/usr/lib/locale/C.utf8/LC_TELEPHONE", O_RDONLY|O_CLOEXEC) = 3</usr/lib/locale/C.utf8/LC_TELEPHONE>
1123968 openat(AT_FDCWD</tmp/kernel-health-20260923-_5s65pp9/\346\261\202\350\247\243\345\231\250>, "/usr/lib/locale/C.UTF-8/LC_ADDRESS", O_RDONLY|O_CLOEXEC) = -1 ENOENT (No such file or directory)
1123968 openat(AT_FDCWD</tmp/kernel-health-20260923-_5s65pp9/\346\261\202\350\247\243\345\231\250>, "/usr/lib/locale/C.utf8/LC_ADDRESS", O_RDONLY|O_CLOEXEC) = 3</usr/lib/locale/C.utf8/LC_ADDRESS>
1123968 openat(AT_FDCWD</tmp/kernel-health-20260923-_5s65pp9/\346\261\202\350\247\243\345\231\250>, "/usr/lib/locale/C.UTF-8/LC_NAME", O_RDONLY|O_CLOEXEC) = -1 ENOENT (No such file or directory)
1123968 openat(AT_FDCWD</tmp/kernel-health-20260923-_5s65pp9/\346\261\202\350\247\243\345\231\250>, "/usr/lib/locale/C.utf8/LC_NAME", O_RDONLY|O_CLOEXEC) = 3</usr/lib/locale/C.utf8/LC_NAME>
1123968 openat(AT_FDCWD</tmp/kernel-health-20260923-_5s65pp9/\346\261\202\350\247\243\345\231\250>, "/usr/lib/locale/C.UTF-8/LC_PAPER", O_RDONLY|O_CLOEXEC) = -1 ENOENT (No such file or directory)
1123968 openat(AT_FDCWD</tmp/kernel-health-20260923-_5s65pp9/\346\261\202\350\247\243\345\231\250>, "/usr/lib/locale/C.utf8/LC_PAPER", O_RDONLY|O_CLOEXEC) = 3</usr/lib/locale/C.utf8/LC_PAPER>
1123968 openat(AT_FDCWD</tmp/kernel-health-20260923-_5s65pp9/\346\261\202\350\247\243\345\231\250>, "/usr/lib/locale/C.UTF-8/LC_MESSAGES", O_RDONLY|O_CLOEXEC) = -1 ENOENT (No such file or directory)
1123968 openat(AT_FDCWD</tmp/kernel-health-20260923-_5s65pp9/\346\261\202\350\247\243\345\231\250>, "/usr/lib/locale/C.utf8/LC_MESSAGES", O_RDONLY|O_CLOEXEC) = 3</usr/lib/locale/C.utf8/LC_MESSAGES>
1123968 openat(AT_FDCWD</tmp/kernel-health-20260923-_5s65pp9/\346\261\202\350\247\243\345\231\250>, "/usr/lib/locale/C.utf8/LC_MESSAGES/SYS_LC_MESSAGES", O_RDONLY|O_CLOEXEC) = 3</usr/lib/locale/C.utf8/LC_MESSAGES/SYS_LC_MESSAGES>
1123968 openat(AT_FDCWD</tmp/kernel-health-20260923-_5s65pp9/\346\261\202\350\247\243\345\231\250>, "/usr/lib/locale/C.UTF-8/LC_MONETARY", O_RDONLY|O_CLOEXEC) = -1 ENOENT (No such file or directory)
1123968 openat(AT_FDCWD</tmp/kernel-health-20260923-_5s65pp9/\346\261\202\350\247\243\345\231\250>, "/usr/lib/locale/C.utf8/LC_MONETARY", O_RDONLY|O_CLOEXEC) = 3</usr/lib/locale/C.utf8/LC_MONETARY>
1123968 openat(AT_FDCWD</tmp/kernel-health-20260923-_5s65pp9/\346\261\202\350\247\243\345\231\250>, "/usr/lib/locale/C.UTF-8/LC_COLLATE", O_RDONLY|O_CLOEXEC) = -1 ENOENT (No such file or directory)
1123968 openat(AT_FDCWD</tmp/kernel-health-20260923-_5s65pp9/\346\261\202\350\247\243\345\231\250>, "/usr/lib/locale/C.utf8/LC_COLLATE", O_RDONLY|O_CLOEXEC) = 3</usr/lib/locale/C.utf8/LC_COLLATE>
1123968 openat(AT_FDCWD</tmp/kernel-health-20260923-_5s65pp9/\346\261\202\350\247\243\345\231\250>, "/usr/lib/locale/C.UTF-8/LC_TIME", O_RDONLY|O_CLOEXEC) = -1 ENOENT (No such file or directory)
1123968 openat(AT_FDCWD</tmp/kernel-health-20260923-_5s65pp9/\346\261\202\350\247\243\345\231\250>, "/usr/lib/locale/C.utf8/LC_TIME", O_RDONLY|O_CLOEXEC) = 3</usr/lib/locale/C.utf8/LC_TIME>
1123968 openat(AT_FDCWD</tmp/kernel-health-20260923-_5s65pp9/\346\261\202\350\247\243\345\231\250>, "/usr/lib/locale/C.UTF-8/LC_NUMERIC", O_RDONLY|O_CLOEXEC) = -1 ENOENT (No such file or directory)
1123968 openat(AT_FDCWD</tmp/kernel-health-20260923-_5s65pp9/\346\261\202\350\247\243\345\231\250>, "/usr/lib/locale/C.utf8/LC_NUMERIC", O_RDONLY|O_CLOEXEC) = 3</usr/lib/locale/C.utf8/LC_NUMERIC>
1123968 openat(AT_FDCWD</tmp/kernel-health-20260923-_5s65pp9/\346\261\202\350\247\243\345\231\250>, "/usr/lib/locale/C.UTF-8/LC_CTYPE", O_RDONLY|O_CLOEXEC) = -1 ENOENT (No such file or directory)
1123968 openat(AT_FDCWD</tmp/kernel-health-20260923-_5s65pp9/\346\261\202\350\247\243\345\231\250>, "/usr/lib/locale/C.utf8/LC_CTYPE", O_RDONLY|O_CLOEXEC) = 3</usr/lib/locale/C.utf8/LC_CTYPE>
1123968 openat(AT_FDCWD</tmp/kernel-health-20260923-_5s65pp9/\346\261\202\350\247\243\345\231\250>, "/tmp/kernel-health-20260923-_5s65pp9/\346\261\202\350\247\243\345\231\250/crates/kernel/src/polling.rs", O_RDONLY) = 3</tmp/kernel-health-20260923-_5s65pp9/\346\261\202\350\247\243\345\231\250/crates/kernel/src/polling.rs>
1123938 --- SIGCHLD {si_signo=SIGCHLD, si_code=CLD_EXITED, si_pid=1123968, si_uid=1000, si_status=0, si_utime=0, si_stime=0} ---
1123938 openat(AT_FDCWD</tmp/kernel-health-20260923-_5s65pp9/\346\261\202\350\247\243\345\231\250>, "/dev/null", O_RDONLY|O_CLOEXEC) = 3</dev/null<char 1:3>>
1123969 execve("/home/zhuran24/.codex/tmp/arg0/codex-arg07mihkU/sha256sum", ["sha256sum", "--", "/tmp/kernel-health-20260923-_5s65pp9/\346\261\202\350\247\243\345\231\250/crates/kernel/src/transition.rs"], 0x7ffef62f4cb8 /* 135 vars */) = -1 ENOENT (No such file or directory)
1123969 execve("/home/zhuran24/.cargo/bin/sha256sum", ["sha256sum", "--", "/tmp/kernel-health-20260923-_5s65pp9/\346\261\202\350\247\243\345\231\250/crates/kernel/src/transition.rs"], 0x7ffef62f4cb8 /* 135 vars */) = -1 ENOENT (No such file or directory)
1123969 execve("/home/zhuran24/.local/bin/sha256sum", ["sha256sum", "--", "/tmp/kernel-health-20260923-_5s65pp9/\346\261\202\350\247\243\345\231\250/crates/kernel/src/transition.rs"], 0x7ffef62f4cb8 /* 135 vars */) = -1 ENOENT (No such file or directory)
1123969 execve("/home/zhuran24/.opencode/bin/sha256sum", ["sha256sum", "--", "/tmp/kernel-health-20260923-_5s65pp9/\346\261\202\350\247\243\345\231\250/crates/kernel/src/transition.rs"], 0x7ffef62f4cb8 /* 135 vars */) = -1 ENOENT (No such file or directory)
1123969 execve("/usr/local/bin/sha256sum", ["sha256sum", "--", "/tmp/kernel-health-20260923-_5s65pp9/\346\261\202\350\247\243\345\231\250/crates/kernel/src/transition.rs"], 0x7ffef62f4cb8 /* 135 vars */) = -1 ENOENT (No such file or directory)
1123969 execve("/usr/bin/sha256sum", ["sha256sum", "--", "/tmp/kernel-health-20260923-_5s65pp9/\346\261\202\350\247\243\345\231\250/crates/kernel/src/transition.rs"], 0x7ffef62f4cb8 /* 135 vars */) = 0
1123969 openat(AT_FDCWD</tmp/kernel-health-20260923-_5s65pp9/\346\261\202\350\247\243\345\231\250>, "/etc/ld.so.cache", O_RDONLY|O_CLOEXEC) = 3</etc/ld.so.cache>
1123969 openat(AT_FDCWD</tmp/kernel-health-20260923-_5s65pp9/\346\261\202\350\247\243\345\231\250>, "/usr/lib/libcrypto.so.3", O_RDONLY|O_CLOEXEC) = 3</usr/lib/libcrypto.so.3>
1123969 openat(AT_FDCWD</tmp/kernel-health-20260923-_5s65pp9/\346\261\202\350\247\243\345\231\250>, "/usr/lib/libc.so.6", O_RDONLY|O_CLOEXEC) = 3</usr/lib/libc.so.6>
1123969 openat(AT_FDCWD</tmp/kernel-health-20260923-_5s65pp9/\346\261\202\350\247\243\345\231\250>, "/usr/lib/libz.so.1", O_RDONLY|O_CLOEXEC) = 3</usr/lib/libz.so.1.3.1.zlib-ng>
1123969 openat(AT_FDCWD</tmp/kernel-health-20260923-_5s65pp9/\346\261\202\350\247\243\345\231\250>, "/usr/lib/libbrotlienc.so.1", O_RDONLY|O_CLOEXEC) = 3</usr/lib/libbrotlienc.so.1.2.0>
1123969 openat(AT_FDCWD</tmp/kernel-health-20260923-_5s65pp9/\346\261\202\350\247\243\345\231\250>, "/usr/lib/libbrotlidec.so.1", O_RDONLY|O_CLOEXEC) = 3</usr/lib/libbrotlidec.so.1.2.0>
1123969 openat(AT_FDCWD</tmp/kernel-health-20260923-_5s65pp9/\346\261\202\350\247\243\345\231\250>, "/usr/lib/libzstd.so.1", O_RDONLY|O_CLOEXEC) = 3</usr/lib/libzstd.so.1.5.7>
1123969 openat(AT_FDCWD</tmp/kernel-health-20260923-_5s65pp9/\346\261\202\350\247\243\345\231\250>, "/usr/lib/libm.so.6", O_RDONLY|O_CLOEXEC) = 3</usr/lib/libm.so.6>
1123969 openat(AT_FDCWD</tmp/kernel-health-20260923-_5s65pp9/\346\261\202\350\247\243\345\231\250>, "/usr/lib/libbrotlicommon.so.1", O_RDONLY|O_CLOEXEC) = 3</usr/lib/libbrotlicommon.so.1.2.0>
1123969 openat(AT_FDCWD</tmp/kernel-health-20260923-_5s65pp9/\346\261\202\350\247\243\345\231\250>, "/usr/lib/locale/locale-archive", O_RDONLY|O_CLOEXEC) = 3</usr/lib/locale/locale-archive>
1123969 openat(AT_FDCWD</tmp/kernel-health-20260923-_5s65pp9/\346\261\202\350\247\243\345\231\250>, "/usr/share/locale/locale.alias", O_RDONLY|O_CLOEXEC) = 3</usr/share/locale/locale.alias>
1123969 openat(AT_FDCWD</tmp/kernel-health-20260923-_5s65pp9/\346\261\202\350\247\243\345\231\250>, "/usr/lib/locale/C.UTF-8/LC_IDENTIFICATION", O_RDONLY|O_CLOEXEC) = -1 ENOENT (No such file or directory)
1123969 openat(AT_FDCWD</tmp/kernel-health-20260923-_5s65pp9/\346\261\202\350\247\243\345\231\250>, "/usr/lib/locale/C.utf8/LC_IDENTIFICATION", O_RDONLY|O_CLOEXEC) = 3</usr/lib/locale/C.utf8/LC_IDENTIFICATION>
1123969 openat(AT_FDCWD</tmp/kernel-health-20260923-_5s65pp9/\346\261\202\350\247\243\345\231\250>, "/usr/lib/gconv/gconv-modules.cache", O_RDONLY|O_CLOEXEC) = 3</usr/lib/gconv/gconv-modules.cache>
1123969 openat(AT_FDCWD</tmp/kernel-health-20260923-_5s65pp9/\346\261\202\350\247\243\345\231\250>, "/usr/lib/locale/C.UTF-8/LC_MEASUREMENT", O_RDONLY|O_CLOEXEC) = -1 ENOENT (No such file or directory)
1123969 openat(AT_FDCWD</tmp/kernel-health-20260923-_5s65pp9/\346\261\202\350\247\243\345\231\250>, "/usr/lib/locale/C.utf8/LC_MEASUREMENT", O_RDONLY|O_CLOEXEC) = 3</usr/lib/locale/C.utf8/LC_MEASUREMENT>
1123969 openat(AT_FDCWD</tmp/kernel-health-20260923-_5s65pp9/\346\261\202\350\247\243\345\231\250>, "/usr/lib/locale/C.UTF-8/LC_TELEPHONE", O_RDONLY|O_CLOEXEC) = -1 ENOENT (No such file or directory)
1123969 openat(AT_FDCWD</tmp/kernel-health-20260923-_5s65pp9/\346\261\202\350\247\243\345\231\250>, "/usr/lib/locale/C.utf8/LC_TELEPHONE", O_RDONLY|O_CLOEXEC) = 3</usr/lib/locale/C.utf8/LC_TELEPHONE>
1123969 openat(AT_FDCWD</tmp/kernel-health-20260923-_5s65pp9/\346\261\202\350\247\243\345\231\250>, "/usr/lib/locale/C.UTF-8/LC_ADDRESS", O_RDONLY|O_CLOEXEC) = -1 ENOENT (No such file or directory)
1123969 openat(AT_FDCWD</tmp/kernel-health-20260923-_5s65pp9/\346\261\202\350\247\243\345\231\250>, "/usr/lib/locale/C.utf8/LC_ADDRESS", O_RDONLY|O_CLOEXEC) = 3</usr/lib/locale/C.utf8/LC_ADDRESS>
1123969 openat(AT_FDCWD</tmp/kernel-health-20260923-_5s65pp9/\346\261\202\350\247\243\345\231\250>, "/usr/lib/locale/C.UTF-8/LC_NAME", O_RDONLY|O_CLOEXEC) = -1 ENOENT (No such file or directory)
1123969 openat(AT_FDCWD</tmp/kernel-health-20260923-_5s65pp9/\346\261\202\350\247\243\345\231\250>, "/usr/lib/locale/C.utf8/LC_NAME", O_RDONLY|O_CLOEXEC) = 3</usr/lib/locale/C.utf8/LC_NAME>
1123969 openat(AT_FDCWD</tmp/kernel-health-20260923-_5s65pp9/\346\261\202\350\247\243\345\231\250>, "/usr/lib/locale/C.UTF-8/LC_PAPER", O_RDONLY|O_CLOEXEC) = -1 ENOENT (No such file or directory)
1123969 openat(AT_FDCWD</tmp/kernel-health-20260923-_5s65pp9/\346\261\202\350\247\243\345\231\250>, "/usr/lib/locale/C.utf8/LC_PAPER", O_RDONLY|O_CLOEXEC) = 3</usr/lib/locale/C.utf8/LC_PAPER>
1123969 openat(AT_FDCWD</tmp/kernel-health-20260923-_5s65pp9/\346\261\202\350\247\243\345\231\250>, "/usr/lib/locale/C.UTF-8/LC_MESSAGES", O_RDONLY|O_CLOEXEC) = -1 ENOENT (No such file or directory)
1123969 openat(AT_FDCWD</tmp/kernel-health-20260923-_5s65pp9/\346\261\202\350\247\243\345\231\250>, "/usr/lib/locale/C.utf8/LC_MESSAGES", O_RDONLY|O_CLOEXEC) = 3</usr/lib/locale/C.utf8/LC_MESSAGES>
1123969 openat(AT_FDCWD</tmp/kernel-health-20260923-_5s65pp9/\346\261\202\350\247\243\345\231\250>, "/usr/lib/locale/C.utf8/LC_MESSAGES/SYS_LC_MESSAGES", O_RDONLY|O_CLOEXEC) = 3</usr/lib/locale/C.utf8/LC_MESSAGES/SYS_LC_MESSAGES>
1123969 openat(AT_FDCWD</tmp/kernel-health-20260923-_5s65pp9/\346\261\202\350\247\243\345\231\250>, "/usr/lib/locale/C.UTF-8/LC_MONETARY", O_RDONLY|O_CLOEXEC) = -1 ENOENT (No such file or directory)
1123969 openat(AT_FDCWD</tmp/kernel-health-20260923-_5s65pp9/\346\261\202\350\247\243\345\231\250>, "/usr/lib/locale/C.utf8/LC_MONETARY", O_RDONLY|O_CLOEXEC) = 3</usr/lib/locale/C.utf8/LC_MONETARY>
1123969 openat(AT_FDCWD</tmp/kernel-health-20260923-_5s65pp9/\346\261\202\350\247\243\345\231\250>, "/usr/lib/locale/C.UTF-8/LC_COLLATE", O_RDONLY|O_CLOEXEC) = -1 ENOENT (No such file or directory)
1123969 openat(AT_FDCWD</tmp/kernel-health-20260923-_5s65pp9/\346\261\202\350\247\243\345\231\250>, "/usr/lib/locale/C.utf8/LC_COLLATE", O_RDONLY|O_CLOEXEC) = 3</usr/lib/locale/C.utf8/LC_COLLATE>
1123969 openat(AT_FDCWD</tmp/kernel-health-20260923-_5s65pp9/\346\261\202\350\247\243\345\231\250>, "/usr/lib/locale/C.UTF-8/LC_TIME", O_RDONLY|O_CLOEXEC) = -1 ENOENT (No such file or directory)
1123969 openat(AT_FDCWD</tmp/kernel-health-20260923-_5s65pp9/\346\261\202\350\247\243\345\231\250>, "/usr/lib/locale/C.utf8/LC_TIME", O_RDONLY|O_CLOEXEC) = 3</usr/lib/locale/C.utf8/LC_TIME>
1123969 openat(AT_FDCWD</tmp/kernel-health-20260923-_5s65pp9/\346\261\202\350\247\243\345\231\250>, "/usr/lib/locale/C.UTF-8/LC_NUMERIC", O_RDONLY|O_CLOEXEC) = -1 ENOENT (No such file or directory)
1123969 openat(AT_FDCWD</tmp/kernel-health-20260923-_5s65pp9/\346\261\202\350\247\243\345\231\250>, "/usr/lib/locale/C.utf8/LC_NUMERIC", O_RDONLY|O_CLOEXEC) = 3</usr/lib/locale/C.utf8/LC_NUMERIC>
1123969 openat(AT_FDCWD</tmp/kernel-health-20260923-_5s65pp9/\346\261\202\350\247\243\345\231\250>, "/usr/lib/locale/C.UTF-8/LC_CTYPE", O_RDONLY|O_CLOEXEC) = -1 ENOENT (No such file or directory)
1123969 openat(AT_FDCWD</tmp/kernel-health-20260923-_5s65pp9/\346\261\202\350\247\243\345\231\250>, "/usr/lib/locale/C.utf8/LC_CTYPE", O_RDONLY|O_CLOEXEC) = 3</usr/lib/locale/C.utf8/LC_CTYPE>
1123969 openat(AT_FDCWD</tmp/kernel-health-20260923-_5s65pp9/\346\261\202\350\247\243\345\231\250>, "/tmp/kernel-health-20260923-_5s65pp9/\346\261\202\350\247\243\345\231\250/crates/kernel/src/transition.rs", O_RDONLY) = 3</tmp/kernel-health-20260923-_5s65pp9/\346\261\202\350\247\243\345\231\250/crates/kernel/src/transition.rs>
1123938 --- SIGCHLD {si_signo=SIGCHLD, si_code=CLD_EXITED, si_pid=1123969, si_uid=1000, si_status=0, si_utime=0, si_stime=0} ---
1123938 openat(AT_FDCWD</tmp/kernel-health-20260923-_5s65pp9/\346\261\202\350\247\243\345\231\250>, "/dev/null", O_RDONLY|O_CLOEXEC) = 3</dev/null<char 1:3>>
1123970 execve("/home/zhuran24/.codex/tmp/arg0/codex-arg07mihkU/sha256sum", ["sha256sum", "--", "/tmp/kernel-health-20260923-_5s65pp9/\346\261\202\350\247\243\345\231\250/crates/kernel/src/output.rs"], 0x7ffef62f4cb8 /* 135 vars */) = -1 ENOENT (No such file or directory)
1123970 execve("/home/zhuran24/.cargo/bin/sha256sum", ["sha256sum", "--", "/tmp/kernel-health-20260923-_5s65pp9/\346\261\202\350\247\243\345\231\250/crates/kernel/src/output.rs"], 0x7ffef62f4cb8 /* 135 vars */) = -1 ENOENT (No such file or directory)
1123970 execve("/home/zhuran24/.local/bin/sha256sum", ["sha256sum", "--", "/tmp/kernel-health-20260923-_5s65pp9/\346\261\202\350\247\243\345\231\250/crates/kernel/src/output.rs"], 0x7ffef62f4cb8 /* 135 vars */) = -1 ENOENT (No such file or directory)
1123970 execve("/home/zhuran24/.opencode/bin/sha256sum", ["sha256sum", "--", "/tmp/kernel-health-20260923-_5s65pp9/\346\261\202\350\247\243\345\231\250/crates/kernel/src/output.rs"], 0x7ffef62f4cb8 /* 135 vars */) = -1 ENOENT (No such file or directory)
1123970 execve("/usr/local/bin/sha256sum", ["sha256sum", "--", "/tmp/kernel-health-20260923-_5s65pp9/\346\261\202\350\247\243\345\231\250/crates/kernel/src/output.rs"], 0x7ffef62f4cb8 /* 135 vars */) = -1 ENOENT (No such file or directory)
1123970 execve("/usr/bin/sha256sum", ["sha256sum", "--", "/tmp/kernel-health-20260923-_5s65pp9/\346\261\202\350\247\243\345\231\250/crates/kernel/src/output.rs"], 0x7ffef62f4cb8 /* 135 vars */) = 0
1123970 openat(AT_FDCWD</tmp/kernel-health-20260923-_5s65pp9/\346\261\202\350\247\243\345\231\250>, "/etc/ld.so.cache", O_RDONLY|O_CLOEXEC) = 3</etc/ld.so.cache>
1123970 openat(AT_FDCWD</tmp/kernel-health-20260923-_5s65pp9/\346\261\202\350\247\243\345\231\250>, "/usr/lib/libcrypto.so.3", O_RDONLY|O_CLOEXEC) = 3</usr/lib/libcrypto.so.3>
1123970 openat(AT_FDCWD</tmp/kernel-health-20260923-_5s65pp9/\346\261\202\350\247\243\345\231\250>, "/usr/lib/libc.so.6", O_RDONLY|O_CLOEXEC) = 3</usr/lib/libc.so.6>
1123970 openat(AT_FDCWD</tmp/kernel-health-20260923-_5s65pp9/\346\261\202\350\247\243\345\231\250>, "/usr/lib/libz.so.1", O_RDONLY|O_CLOEXEC) = 3</usr/lib/libz.so.1.3.1.zlib-ng>
1123970 openat(AT_FDCWD</tmp/kernel-health-20260923-_5s65pp9/\346\261\202\350\247\243\345\231\250>, "/usr/lib/libbrotlienc.so.1", O_RDONLY|O_CLOEXEC) = 3</usr/lib/libbrotlienc.so.1.2.0>
1123970 openat(AT_FDCWD</tmp/kernel-health-20260923-_5s65pp9/\346\261\202\350\247\243\345\231\250>, "/usr/lib/libbrotlidec.so.1", O_RDONLY|O_CLOEXEC) = 3</usr/lib/libbrotlidec.so.1.2.0>
1123970 openat(AT_FDCWD</tmp/kernel-health-20260923-_5s65pp9/\346\261\202\350\247\243\345\231\250>, "/usr/lib/libzstd.so.1", O_RDONLY|O_CLOEXEC) = 3</usr/lib/libzstd.so.1.5.7>
1123970 openat(AT_FDCWD</tmp/kernel-health-20260923-_5s65pp9/\346\261\202\350\247\243\345\231\250>, "/usr/lib/libm.so.6", O_RDONLY|O_CLOEXEC) = 3</usr/lib/libm.so.6>
1123970 openat(AT_FDCWD</tmp/kernel-health-20260923-_5s65pp9/\346\261\202\350\247\243\345\231\250>, "/usr/lib/libbrotlicommon.so.1", O_RDONLY|O_CLOEXEC) = 3</usr/lib/libbrotlicommon.so.1.2.0>
1123970 openat(AT_FDCWD</tmp/kernel-health-20260923-_5s65pp9/\346\261\202\350\247\243\345\231\250>, "/usr/lib/locale/locale-archive", O_RDONLY|O_CLOEXEC) = 3</usr/lib/locale/locale-archive>
1123970 openat(AT_FDCWD</tmp/kernel-health-20260923-_5s65pp9/\346\261\202\350\247\243\345\231\250>, "/usr/share/locale/locale.alias", O_RDONLY|O_CLOEXEC) = 3</usr/share/locale/locale.alias>
1123970 openat(AT_FDCWD</tmp/kernel-health-20260923-_5s65pp9/\346\261\202\350\247\243\345\231\250>, "/usr/lib/locale/C.UTF-8/LC_IDENTIFICATION", O_RDONLY|O_CLOEXEC) = -1 ENOENT (No such file or directory)
1123970 openat(AT_FDCWD</tmp/kernel-health-20260923-_5s65pp9/\346\261\202\350\247\243\345\231\250>, "/usr/lib/locale/C.utf8/LC_IDENTIFICATION", O_RDONLY|O_CLOEXEC) = 3</usr/lib/locale/C.utf8/LC_IDENTIFICATION>
1123970 openat(AT_FDCWD</tmp/kernel-health-20260923-_5s65pp9/\346\261\202\350\247\243\345\231\250>, "/usr/lib/gconv/gconv-modules.cache", O_RDONLY|O_CLOEXEC) = 3</usr/lib/gconv/gconv-modules.cache>
1123970 openat(AT_FDCWD</tmp/kernel-health-20260923-_5s65pp9/\346\261\202\350\247\243\345\231\250>, "/usr/lib/locale/C.UTF-8/LC_MEASUREMENT", O_RDONLY|O_CLOEXEC) = -1 ENOENT (No such file or directory)
1123970 openat(AT_FDCWD</tmp/kernel-health-20260923-_5s65pp9/\346\261\202\350\247\243\345\231\250>, "/usr/lib/locale/C.utf8/LC_MEASUREMENT", O_RDONLY|O_CLOEXEC) = 3</usr/lib/locale/C.utf8/LC_MEASUREMENT>
1123970 openat(AT_FDCWD</tmp/kernel-health-20260923-_5s65pp9/\346\261\202\350\247\243\345\231\250>, "/usr/lib/locale/C.UTF-8/LC_TELEPHONE", O_RDONLY|O_CLOEXEC) = -1 ENOENT (No such file or directory)
1123970 openat(AT_FDCWD</tmp/kernel-health-20260923-_5s65pp9/\346\261\202\350\247\243\345\231\250>, "/usr/lib/locale/C.utf8/LC_TELEPHONE", O_RDONLY|O_CLOEXEC) = 3</usr/lib/locale/C.utf8/LC_TELEPHONE>
1123970 openat(AT_FDCWD</tmp/kernel-health-20260923-_5s65pp9/\346\261\202\350\247\243\345\231\250>, "/usr/lib/locale/C.UTF-8/LC_ADDRESS", O_RDONLY|O_CLOEXEC) = -1 ENOENT (No such file or directory)
1123970 openat(AT_FDCWD</tmp/kernel-health-20260923-_5s65pp9/\346\261\202\350\247\243\345\231\250>, "/usr/lib/locale/C.utf8/LC_ADDRESS", O_RDONLY|O_CLOEXEC) = 3</usr/lib/locale/C.utf8/LC_ADDRESS>
1123970 openat(AT_FDCWD</tmp/kernel-health-20260923-_5s65pp9/\346\261\202\350\247\243\345\231\250>, "/usr/lib/locale/C.UTF-8/LC_NAME", O_RDONLY|O_CLOEXEC) = -1 ENOENT (No such file or directory)
1123970 openat(AT_FDCWD</tmp/kernel-health-20260923-_5s65pp9/\346\261\202\350\247\243\345\231\250>, "/usr/lib/locale/C.utf8/LC_NAME", O_RDONLY|O_CLOEXEC) = 3</usr/lib/locale/C.utf8/LC_NAME>
1123970 openat(AT_FDCWD</tmp/kernel-health-20260923-_5s65pp9/\346\261\202\350\247\243\345\231\250>, "/usr/lib/locale/C.UTF-8/LC_PAPER", O_RDONLY|O_CLOEXEC) = -1 ENOENT (No such file or directory)
1123970 openat(AT_FDCWD</tmp/kernel-health-20260923-_5s65pp9/\346\261\202\350\247\243\345\231\250>, "/usr/lib/locale/C.utf8/LC_PAPER", O_RDONLY|O_CLOEXEC) = 3</usr/lib/locale/C.utf8/LC_PAPER>
1123970 openat(AT_FDCWD</tmp/kernel-health-20260923-_5s65pp9/\346\261\202\350\247\243\345\231\250>, "/usr/lib/locale/C.UTF-8/LC_MESSAGES", O_RDONLY|O_CLOEXEC) = -1 ENOENT (No such file or directory)
1123970 openat(AT_FDCWD</tmp/kernel-health-20260923-_5s65pp9/\346\261\202\350\247\243\345\231\250>, "/usr/lib/locale/C.utf8/LC_MESSAGES", O_RDONLY|O_CLOEXEC) = 3</usr/lib/locale/C.utf8/LC_MESSAGES>
1123970 openat(AT_FDCWD</tmp/kernel-health-20260923-_5s65pp9/\346\261\202\350\247\243\345\231\250>, "/usr/lib/locale/C.utf8/LC_MESSAGES/SYS_LC_MESSAGES", O_RDONLY|O_CLOEXEC) = 3</usr/lib/locale/C.utf8/LC_MESSAGES/SYS_LC_MESSAGES>
1123970 openat(AT_FDCWD</tmp/kernel-health-20260923-_5s65pp9/\346\261\202\350\247\243\345\231\250>, "/usr/lib/locale/C.UTF-8/LC_MONETARY", O_RDONLY|O_CLOEXEC) = -1 ENOENT (No such file or directory)
1123970 openat(AT_FDCWD</tmp/kernel-health-20260923-_5s65pp9/\346\261\202\350\247\243\345\231\250>, "/usr/lib/locale/C.utf8/LC_MONETARY", O_RDONLY|O_CLOEXEC) = 3</usr/lib/locale/C.utf8/LC_MONETARY>
1123970 openat(AT_FDCWD</tmp/kernel-health-20260923-_5s65pp9/\346\261\202\350\247\243\345\231\250>, "/usr/lib/locale/C.UTF-8/LC_COLLATE", O_RDONLY|O_CLOEXEC) = -1 ENOENT (No such file or directory)
1123970 openat(AT_FDCWD</tmp/kernel-health-20260923-_5s65pp9/\346\261\202\350\247\243\345\231\250>, "/usr/lib/locale/C.utf8/LC_COLLATE", O_RDONLY|O_CLOEXEC) = 3</usr/lib/locale/C.utf8/LC_COLLATE>
1123970 openat(AT_FDCWD</tmp/kernel-health-20260923-_5s65pp9/\346\261\202\350\247\243\345\231\250>, "/usr/lib/locale/C.UTF-8/LC_TIME", O_RDONLY|O_CLOEXEC) = -1 ENOENT (No such file or directory)
1123970 openat(AT_FDCWD</tmp/kernel-health-20260923-_5s65pp9/\346\261\202\350\247\243\345\231\250>, "/usr/lib/locale/C.utf8/LC_TIME", O_RDONLY|O_CLOEXEC) = 3</usr/lib/locale/C.utf8/LC_TIME>
1123970 openat(AT_FDCWD</tmp/kernel-health-20260923-_5s65pp9/\346\261\202\350\247\243\345\231\250>, "/usr/lib/locale/C.UTF-8/LC_NUMERIC", O_RDONLY|O_CLOEXEC) = -1 ENOENT (No such file or directory)
1123970 openat(AT_FDCWD</tmp/kernel-health-20260923-_5s65pp9/\346\261\202\350\247\243\345\231\250>, "/usr/lib/locale/C.utf8/LC_NUMERIC", O_RDONLY|O_CLOEXEC) = 3</usr/lib/locale/C.utf8/LC_NUMERIC>
1123970 openat(AT_FDCWD</tmp/kernel-health-20260923-_5s65pp9/\346\261\202\350\247\243\345\231\250>, "/usr/lib/locale/C.UTF-8/LC_CTYPE", O_RDONLY|O_CLOEXEC) = -1 ENOENT (No such file or directory)
1123970 openat(AT_FDCWD</tmp/kernel-health-20260923-_5s65pp9/\346\261\202\350\247\243\345\231\250>, "/usr/lib/locale/C.utf8/LC_CTYPE", O_RDONLY|O_CLOEXEC) = 3</usr/lib/locale/C.utf8/LC_CTYPE>
1123970 openat(AT_FDCWD</tmp/kernel-health-20260923-_5s65pp9/\346\261\202\350\247\243\345\231\250>, "/tmp/kernel-health-20260923-_5s65pp9/\346\261\202\350\247\243\345\231\250/crates/kernel/src/output.rs", O_RDONLY) = 3</tmp/kernel-health-20260923-_5s65pp9/\346\261\202\350\247\243\345\231\250/crates/kernel/src/output.rs>
1123938 --- SIGCHLD {si_signo=SIGCHLD, si_code=CLD_EXITED, si_pid=1123970, si_uid=1000, si_status=0, si_utime=0, si_stime=0} ---
1123938 openat(AT_FDCWD</tmp/kernel-health-20260923-_5s65pp9/\346\261\202\350\247\243\345\231\250>, "/dev/null", O_RDONLY|O_CLOEXEC) = 3</dev/null<char 1:3>>
1123971 execve("/home/zhuran24/.codex/tmp/arg0/codex-arg07mihkU/sha256sum", ["sha256sum", "--", "/tmp/kernel-health-20260923-_5s65pp9/\346\261\202\350\247\243\345\231\250/crates/kernel/src/ledger.rs"], 0x7ffef62f4cb8 /* 135 vars */) = -1 ENOENT (No such file or directory)
1123971 execve("/home/zhuran24/.cargo/bin/sha256sum", ["sha256sum", "--", "/tmp/kernel-health-20260923-_5s65pp9/\346\261\202\350\247\243\345\231\250/crates/kernel/src/ledger.rs"], 0x7ffef62f4cb8 /* 135 vars */) = -1 ENOENT (No such file or directory)
1123971 execve("/home/zhuran24/.local/bin/sha256sum", ["sha256sum", "--", "/tmp/kernel-health-20260923-_5s65pp9/\346\261\202\350\247\243\345\231\250/crates/kernel/src/ledger.rs"], 0x7ffef62f4cb8 /* 135 vars */) = -1 ENOENT (No such file or directory)
1123971 execve("/home/zhuran24/.opencode/bin/sha256sum", ["sha256sum", "--", "/tmp/kernel-health-20260923-_5s65pp9/\346\261\202\350\247\243\345\231\250/crates/kernel/src/ledger.rs"], 0x7ffef62f4cb8 /* 135 vars */) = -1 ENOENT (No such file or directory)
1123971 execve("/usr/local/bin/sha256sum", ["sha256sum", "--", "/tmp/kernel-health-20260923-_5s65pp9/\346\261\202\350\247\243\345\231\250/crates/kernel/src/ledger.rs"], 0x7ffef62f4cb8 /* 135 vars */) = -1 ENOENT (No such file or directory)
1123971 execve("/usr/bin/sha256sum", ["sha256sum", "--", "/tmp/kernel-health-20260923-_5s65pp9/\346\261\202\350\247\243\345\231\250/crates/kernel/src/ledger.rs"], 0x7ffef62f4cb8 /* 135 vars */) = 0
1123971 openat(AT_FDCWD</tmp/kernel-health-20260923-_5s65pp9/\346\261\202\350\247\243\345\231\250>, "/etc/ld.so.cache", O_RDONLY|O_CLOEXEC) = 3</etc/ld.so.cache>
1123971 openat(AT_FDCWD</tmp/kernel-health-20260923-_5s65pp9/\346\261\202\350\247\243\345\231\250>, "/usr/lib/libcrypto.so.3", O_RDONLY|O_CLOEXEC) = 3</usr/lib/libcrypto.so.3>
1123971 openat(AT_FDCWD</tmp/kernel-health-20260923-_5s65pp9/\346\261\202\350\247\243\345\231\250>, "/usr/lib/libc.so.6", O_RDONLY|O_CLOEXEC) = 3</usr/lib/libc.so.6>
1123971 openat(AT_FDCWD</tmp/kernel-health-20260923-_5s65pp9/\346\261\202\350\247\243\345\231\250>, "/usr/lib/libz.so.1", O_RDONLY|O_CLOEXEC) = 3</usr/lib/libz.so.1.3.1.zlib-ng>
1123971 openat(AT_FDCWD</tmp/kernel-health-20260923-_5s65pp9/\346\261\202\350\247\243\345\231\250>, "/usr/lib/libbrotlienc.so.1", O_RDONLY|O_CLOEXEC) = 3</usr/lib/libbrotlienc.so.1.2.0>
1123971 openat(AT_FDCWD</tmp/kernel-health-20260923-_5s65pp9/\346\261\202\350\247\243\345\231\250>, "/usr/lib/libbrotlidec.so.1", O_RDONLY|O_CLOEXEC) = 3</usr/lib/libbrotlidec.so.1.2.0>
1123971 openat(AT_FDCWD</tmp/kernel-health-20260923-_5s65pp9/\346\261\202\350\247\243\345\231\250>, "/usr/lib/libzstd.so.1", O_RDONLY|O_CLOEXEC) = 3</usr/lib/libzstd.so.1.5.7>
1123971 openat(AT_FDCWD</tmp/kernel-health-20260923-_5s65pp9/\346\261\202\350\247\243\345\231\250>, "/usr/lib/libm.so.6", O_RDONLY|O_CLOEXEC) = 3</usr/lib/libm.so.6>
1123971 openat(AT_FDCWD</tmp/kernel-health-20260923-_5s65pp9/\346\261\202\350\247\243\345\231\250>, "/usr/lib/libbrotlicommon.so.1", O_RDONLY|O_CLOEXEC) = 3</usr/lib/libbrotlicommon.so.1.2.0>
1123971 openat(AT_FDCWD</tmp/kernel-health-20260923-_5s65pp9/\346\261\202\350\247\243\345\231\250>, "/usr/lib/locale/locale-archive", O_RDONLY|O_CLOEXEC) = 3</usr/lib/locale/locale-archive>
1123971 openat(AT_FDCWD</tmp/kernel-health-20260923-_5s65pp9/\346\261\202\350\247\243\345\231\250>, "/usr/share/locale/locale.alias", O_RDONLY|O_CLOEXEC) = 3</usr/share/locale/locale.alias>
1123971 openat(AT_FDCWD</tmp/kernel-health-20260923-_5s65pp9/\346\261\202\350\247\243\345\231\250>, "/usr/lib/locale/C.UTF-8/LC_IDENTIFICATION", O_RDONLY|O_CLOEXEC) = -1 ENOENT (No such file or directory)
1123971 openat(AT_FDCWD</tmp/kernel-health-20260923-_5s65pp9/\346\261\202\350\247\243\345\231\250>, "/usr/lib/locale/C.utf8/LC_IDENTIFICATION", O_RDONLY|O_CLOEXEC) = 3</usr/lib/locale/C.utf8/LC_IDENTIFICATION>
1123971 openat(AT_FDCWD</tmp/kernel-health-20260923-_5s65pp9/\346\261\202\350\247\243\345\231\250>, "/usr/lib/gconv/gconv-modules.cache", O_RDONLY|O_CLOEXEC) = 3</usr/lib/gconv/gconv-modules.cache>
1123971 openat(AT_FDCWD</tmp/kernel-health-20260923-_5s65pp9/\346\261\202\350\247\243\345\231\250>, "/usr/lib/locale/C.UTF-8/LC_MEASUREMENT", O_RDONLY|O_CLOEXEC) = -1 ENOENT (No such file or directory)
1123971 openat(AT_FDCWD</tmp/kernel-health-20260923-_5s65pp9/\346\261\202\350\247\243\345\231\250>, "/usr/lib/locale/C.utf8/LC_MEASUREMENT", O_RDONLY|O_CLOEXEC) = 3</usr/lib/locale/C.utf8/LC_MEASUREMENT>
1123971 openat(AT_FDCWD</tmp/kernel-health-20260923-_5s65pp9/\346\261\202\350\247\243\345\231\250>, "/usr/lib/locale/C.UTF-8/LC_TELEPHONE", O_RDONLY|O_CLOEXEC) = -1 ENOENT (No such file or directory)
1123971 openat(AT_FDCWD</tmp/kernel-health-20260923-_5s65pp9/\346\261\202\350\247\243\345\231\250>, "/usr/lib/locale/C.utf8/LC_TELEPHONE", O_RDONLY|O_CLOEXEC) = 3</usr/lib/locale/C.utf8/LC_TELEPHONE>
1123971 openat(AT_FDCWD</tmp/kernel-health-20260923-_5s65pp9/\346\261\202\350\247\243\345\231\250>, "/usr/lib/locale/C.UTF-8/LC_ADDRESS", O_RDONLY|O_CLOEXEC) = -1 ENOENT (No such file or directory)
1123971 openat(AT_FDCWD</tmp/kernel-health-20260923-_5s65pp9/\346\261\202\350\247\243\345\231\250>, "/usr/lib/locale/C.utf8/LC_ADDRESS", O_RDONLY|O_CLOEXEC) = 3</usr/lib/locale/C.utf8/LC_ADDRESS>
1123971 openat(AT_FDCWD</tmp/kernel-health-20260923-_5s65pp9/\346\261\202\350\247\243\345\231\250>, "/usr/lib/locale/C.UTF-8/LC_NAME", O_RDONLY|O_CLOEXEC) = -1 ENOENT (No such file or directory)
1123971 openat(AT_FDCWD</tmp/kernel-health-20260923-_5s65pp9/\346\261\202\350\247\243\345\231\250>, "/usr/lib/locale/C.utf8/LC_NAME", O_RDONLY|O_CLOEXEC) = 3</usr/lib/locale/C.utf8/LC_NAME>
1123971 openat(AT_FDCWD</tmp/kernel-health-20260923-_5s65pp9/\346\261\202\350\247\243\345\231\250>, "/usr/lib/locale/C.UTF-8/LC_PAPER", O_RDONLY|O_CLOEXEC) = -1 ENOENT (No such file or directory)
1123971 openat(AT_FDCWD</tmp/kernel-health-20260923-_5s65pp9/\346\261\202\350\247\243\345\231\250>, "/usr/lib/locale/C.utf8/LC_PAPER", O_RDONLY|O_CLOEXEC) = 3</usr/lib/locale/C.utf8/LC_PAPER>
1123971 openat(AT_FDCWD</tmp/kernel-health-20260923-_5s65pp9/\346\261\202\350\247\243\345\231\250>, "/usr/lib/locale/C.UTF-8/LC_MESSAGES", O_RDONLY|O_CLOEXEC) = -1 ENOENT (No such file or directory)
1123971 openat(AT_FDCWD</tmp/kernel-health-20260923-_5s65pp9/\346\261\202\350\247\243\345\231\250>, "/usr/lib/locale/C.utf8/LC_MESSAGES", O_RDONLY|O_CLOEXEC) = 3</usr/lib/locale/C.utf8/LC_MESSAGES>
1123971 openat(AT_FDCWD</tmp/kernel-health-20260923-_5s65pp9/\346\261\202\350\247\243\345\231\250>, "/usr/lib/locale/C.utf8/LC_MESSAGES/SYS_LC_MESSAGES", O_RDONLY|O_CLOEXEC) = 3</usr/lib/locale/C.utf8/LC_MESSAGES/SYS_LC_MESSAGES>
1123971 openat(AT_FDCWD</tmp/kernel-health-20260923-_5s65pp9/\346\261\202\350\247\243\345\231\250>, "/usr/lib/locale/C.UTF-8/LC_MONETARY", O_RDONLY|O_CLOEXEC) = -1 ENOENT (No such file or directory)
1123971 openat(AT_FDCWD</tmp/kernel-health-20260923-_5s65pp9/\346\261\202\350\247\243\345\231\250>, "/usr/lib/locale/C.utf8/LC_MONETARY", O_RDONLY|O_CLOEXEC) = 3</usr/lib/locale/C.utf8/LC_MONETARY>
1123971 openat(AT_FDCWD</tmp/kernel-health-20260923-_5s65pp9/\346\261\202\350\247\243\345\231\250>, "/usr/lib/locale/C.UTF-8/LC_COLLATE", O_RDONLY|O_CLOEXEC) = -1 ENOENT (No such file or directory)
1123971 openat(AT_FDCWD</tmp/kernel-health-20260923-_5s65pp9/\346\261\202\350\247\243\345\231\250>, "/usr/lib/locale/C.utf8/LC_COLLATE", O_RDONLY|O_CLOEXEC) = 3</usr/lib/locale/C.utf8/LC_COLLATE>
1123971 openat(AT_FDCWD</tmp/kernel-health-20260923-_5s65pp9/\346\261\202\350\247\243\345\231\250>, "/usr/lib/locale/C.UTF-8/LC_TIME", O_RDONLY|O_CLOEXEC) = -1 ENOENT (No such file or directory)
1123971 openat(AT_FDCWD</tmp/kernel-health-20260923-_5s65pp9/\346\261\202\350\247\243\345\231\250>, "/usr/lib/locale/C.utf8/LC_TIME", O_RDONLY|O_CLOEXEC) = 3</usr/lib/locale/C.utf8/LC_TIME>
1123971 openat(AT_FDCWD</tmp/kernel-health-20260923-_5s65pp9/\346\261\202\350\247\243\345\231\250>, "/usr/lib/locale/C.UTF-8/LC_NUMERIC", O_RDONLY|O_CLOEXEC) = -1 ENOENT (No such file or directory)
1123971 openat(AT_FDCWD</tmp/kernel-health-20260923-_5s65pp9/\346\261\202\350\247\243\345\231\250>, "/usr/lib/locale/C.utf8/LC_NUMERIC", O_RDONLY|O_CLOEXEC) = 3</usr/lib/locale/C.utf8/LC_NUMERIC>
1123971 openat(AT_FDCWD</tmp/kernel-health-20260923-_5s65pp9/\346\261\202\350\247\243\345\231\250>, "/usr/lib/locale/C.UTF-8/LC_CTYPE", O_RDONLY|O_CLOEXEC) = -1 ENOENT (No such file or directory)
1123971 openat(AT_FDCWD</tmp/kernel-health-20260923-_5s65pp9/\346\261\202\350\247\243\345\231\250>, "/usr/lib/locale/C.utf8/LC_CTYPE", O_RDONLY|O_CLOEXEC) = 3</usr/lib/locale/C.utf8/LC_CTYPE>
1123971 openat(AT_FDCWD</tmp/kernel-health-20260923-_5s65pp9/\346\261\202\350\247\243\345\231\250>, "/tmp/kernel-health-20260923-_5s65pp9/\346\261\202\350\247\243\345\231\250/crates/kernel/src/ledger.rs", O_RDONLY) = 3</tmp/kernel-health-20260923-_5s65pp9/\346\261\202\350\247\243\345\231\250/crates/kernel/src/ledger.rs>
1123938 --- SIGCHLD {si_signo=SIGCHLD, si_code=CLD_EXITED, si_pid=1123971, si_uid=1000, si_status=0, si_utime=0, si_stime=0} ---
1123938 openat(AT_FDCWD</tmp/kernel-health-20260923-_5s65pp9/\346\261\202\350\247\243\345\231\250>, "/dev/null", O_RDONLY|O_CLOEXEC) = 3</dev/null<char 1:3>>
1123972 execve("/home/zhuran24/.codex/tmp/arg0/codex-arg07mihkU/sha256sum", ["sha256sum", "--", "/tmp/kernel-health-20260923-_5s65pp9/\346\261\202\350\247\243\345\231\250/crates/kernel/src/cycle.rs"], 0x7ffef62f4cb8 /* 135 vars */) = -1 ENOENT (No such file or directory)
1123972 execve("/home/zhuran24/.cargo/bin/sha256sum", ["sha256sum", "--", "/tmp/kernel-health-20260923-_5s65pp9/\346\261\202\350\247\243\345\231\250/crates/kernel/src/cycle.rs"], 0x7ffef62f4cb8 /* 135 vars */) = -1 ENOENT (No such file or directory)
1123972 execve("/home/zhuran24/.local/bin/sha256sum", ["sha256sum", "--", "/tmp/kernel-health-20260923-_5s65pp9/\346\261\202\350\247\243\345\231\250/crates/kernel/src/cycle.rs"], 0x7ffef62f4cb8 /* 135 vars */) = -1 ENOENT (No such file or directory)
1123972 execve("/home/zhuran24/.opencode/bin/sha256sum", ["sha256sum", "--", "/tmp/kernel-health-20260923-_5s65pp9/\346\261\202\350\247\243\345\231\250/crates/kernel/src/cycle.rs"], 0x7ffef62f4cb8 /* 135 vars */) = -1 ENOENT (No such file or directory)
1123972 execve("/usr/local/bin/sha256sum", ["sha256sum", "--", "/tmp/kernel-health-20260923-_5s65pp9/\346\261\202\350\247\243\345\231\250/crates/kernel/src/cycle.rs"], 0x7ffef62f4cb8 /* 135 vars */) = -1 ENOENT (No such file or directory)
1123972 execve("/usr/bin/sha256sum", ["sha256sum", "--", "/tmp/kernel-health-20260923-_5s65pp9/\346\261\202\350\247\243\345\231\250/crates/kernel/src/cycle.rs"], 0x7ffef62f4cb8 /* 135 vars */) = 0
1123972 openat(AT_FDCWD</tmp/kernel-health-20260923-_5s65pp9/\346\261\202\350\247\243\345\231\250>, "/etc/ld.so.cache", O_RDONLY|O_CLOEXEC) = 3</etc/ld.so.cache>
1123972 openat(AT_FDCWD</tmp/kernel-health-20260923-_5s65pp9/\346\261\202\350\247\243\345\231\250>, "/usr/lib/libcrypto.so.3", O_RDONLY|O_CLOEXEC) = 3</usr/lib/libcrypto.so.3>
1123972 openat(AT_FDCWD</tmp/kernel-health-20260923-_5s65pp9/\346\261\202\350\247\243\345\231\250>, "/usr/lib/libc.so.6", O_RDONLY|O_CLOEXEC) = 3</usr/lib/libc.so.6>
1123972 openat(AT_FDCWD</tmp/kernel-health-20260923-_5s65pp9/\346\261\202\350\247\243\345\231\250>, "/usr/lib/libz.so.1", O_RDONLY|O_CLOEXEC) = 3</usr/lib/libz.so.1.3.1.zlib-ng>
1123972 openat(AT_FDCWD</tmp/kernel-health-20260923-_5s65pp9/\346\261\202\350\247\243\345\231\250>, "/usr/lib/libbrotlienc.so.1", O_RDONLY|O_CLOEXEC) = 3</usr/lib/libbrotlienc.so.1.2.0>
1123972 openat(AT_FDCWD</tmp/kernel-health-20260923-_5s65pp9/\346\261\202\350\247\243\345\231\250>, "/usr/lib/libbrotlidec.so.1", O_RDONLY|O_CLOEXEC) = 3</usr/lib/libbrotlidec.so.1.2.0>
1123972 openat(AT_FDCWD</tmp/kernel-health-20260923-_5s65pp9/\346\261\202\350\247\243\345\231\250>, "/usr/lib/libzstd.so.1", O_RDONLY|O_CLOEXEC) = 3</usr/lib/libzstd.so.1.5.7>
1123972 openat(AT_FDCWD</tmp/kernel-health-20260923-_5s65pp9/\346\261\202\350\247\243\345\231\250>, "/usr/lib/libm.so.6", O_RDONLY|O_CLOEXEC) = 3</usr/lib/libm.so.6>
1123972 openat(AT_FDCWD</tmp/kernel-health-20260923-_5s65pp9/\346\261\202\350\247\243\345\231\250>, "/usr/lib/libbrotlicommon.so.1", O_RDONLY|O_CLOEXEC) = 3</usr/lib/libbrotlicommon.so.1.2.0>
1123972 openat(AT_FDCWD</tmp/kernel-health-20260923-_5s65pp9/\346\261\202\350\247\243\345\231\250>, "/usr/lib/locale/locale-archive", O_RDONLY|O_CLOEXEC) = 3</usr/lib/locale/locale-archive>
1123972 openat(AT_FDCWD</tmp/kernel-health-20260923-_5s65pp9/\346\261\202\350\247\243\345\231\250>, "/usr/share/locale/locale.alias", O_RDONLY|O_CLOEXEC) = 3</usr/share/locale/locale.alias>
1123972 openat(AT_FDCWD</tmp/kernel-health-20260923-_5s65pp9/\346\261\202\350\247\243\345\231\250>, "/usr/lib/locale/C.UTF-8/LC_IDENTIFICATION", O_RDONLY|O_CLOEXEC) = -1 ENOENT (No such file or directory)
1123972 openat(AT_FDCWD</tmp/kernel-health-20260923-_5s65pp9/\346\261\202\350\247\243\345\231\250>, "/usr/lib/locale/C.utf8/LC_IDENTIFICATION", O_RDONLY|O_CLOEXEC) = 3</usr/lib/locale/C.utf8/LC_IDENTIFICATION>
1123972 openat(AT_FDCWD</tmp/kernel-health-20260923-_5s65pp9/\346\261\202\350\247\243\345\231\250>, "/usr/lib/gconv/gconv-modules.cache", O_RDONLY|O_CLOEXEC) = 3</usr/lib/gconv/gconv-modules.cache>
1123972 openat(AT_FDCWD</tmp/kernel-health-20260923-_5s65pp9/\346\261\202\350\247\243\345\231\250>, "/usr/lib/locale/C.UTF-8/LC_MEASUREMENT", O_RDONLY|O_CLOEXEC) = -1 ENOENT (No such file or directory)
1123972 openat(AT_FDCWD</tmp/kernel-health-20260923-_5s65pp9/\346\261\202\350\247\243\345\231\250>, "/usr/lib/locale/C.utf8/LC_MEASUREMENT", O_RDONLY|O_CLOEXEC) = 3</usr/lib/locale/C.utf8/LC_MEASUREMENT>
1123972 openat(AT_FDCWD</tmp/kernel-health-20260923-_5s65pp9/\346\261\202\350\247\243\345\231\250>, "/usr/lib/locale/C.UTF-8/LC_TELEPHONE", O_RDONLY|O_CLOEXEC) = -1 ENOENT (No such file or directory)
1123972 openat(AT_FDCWD</tmp/kernel-health-20260923-_5s65pp9/\346\261\202\350\247\243\345\231\250>, "/usr/lib/locale/C.utf8/LC_TELEPHONE", O_RDONLY|O_CLOEXEC) = 3</usr/lib/locale/C.utf8/LC_TELEPHONE>
1123972 openat(AT_FDCWD</tmp/kernel-health-20260923-_5s65pp9/\346\261\202\350\247\243\345\231\250>, "/usr/lib/locale/C.UTF-8/LC_ADDRESS", O_RDONLY|O_CLOEXEC) = -1 ENOENT (No such file or directory)
1123972 openat(AT_FDCWD</tmp/kernel-health-20260923-_5s65pp9/\346\261\202\350\247\243\345\231\250>, "/usr/lib/locale/C.utf8/LC_ADDRESS", O_RDONLY|O_CLOEXEC) = 3</usr/lib/locale/C.utf8/LC_ADDRESS>
1123972 openat(AT_FDCWD</tmp/kernel-health-20260923-_5s65pp9/\346\261\202\350\247\243\345\231\250>, "/usr/lib/locale/C.UTF-8/LC_NAME", O_RDONLY|O_CLOEXEC) = -1 ENOENT (No such file or directory)
1123972 openat(AT_FDCWD</tmp/kernel-health-20260923-_5s65pp9/\346\261\202\350\247\243\345\231\250>, "/usr/lib/locale/C.utf8/LC_NAME", O_RDONLY|O_CLOEXEC) = 3</usr/lib/locale/C.utf8/LC_NAME>
1123972 openat(AT_FDCWD</tmp/kernel-health-20260923-_5s65pp9/\346\261\202\350\247\243\345\231\250>, "/usr/lib/locale/C.UTF-8/LC_PAPER", O_RDONLY|O_CLOEXEC) = -1 ENOENT (No such file or directory)
1123972 openat(AT_FDCWD</tmp/kernel-health-20260923-_5s65pp9/\346\261\202\350\247\243\345\231\250>, "/usr/lib/locale/C.utf8/LC_PAPER", O_RDONLY|O_CLOEXEC) = 3</usr/lib/locale/C.utf8/LC_PAPER>
1123972 openat(AT_FDCWD</tmp/kernel-health-20260923-_5s65pp9/\346\261\202\350\247\243\345\231\250>, "/usr/lib/locale/C.UTF-8/LC_MESSAGES", O_RDONLY|O_CLOEXEC) = -1 ENOENT (No such file or directory)
1123972 openat(AT_FDCWD</tmp/kernel-health-20260923-_5s65pp9/\346\261\202\350\247\243\345\231\250>, "/usr/lib/locale/C.utf8/LC_MESSAGES", O_RDONLY|O_CLOEXEC) = 3</usr/lib/locale/C.utf8/LC_MESSAGES>
1123972 openat(AT_FDCWD</tmp/kernel-health-20260923-_5s65pp9/\346\261\202\350\247\243\345\231\250>, "/usr/lib/locale/C.utf8/LC_MESSAGES/SYS_LC_MESSAGES", O_RDONLY|O_CLOEXEC) = 3</usr/lib/locale/C.utf8/LC_MESSAGES/SYS_LC_MESSAGES>
1123972 openat(AT_FDCWD</tmp/kernel-health-20260923-_5s65pp9/\346\261\202\350\247\243\345\231\250>, "/usr/lib/locale/C.UTF-8/LC_MONETARY", O_RDONLY|O_CLOEXEC) = -1 ENOENT (No such file or directory)
1123972 openat(AT_FDCWD</tmp/kernel-health-20260923-_5s65pp9/\346\261\202\350\247\243\345\231\250>, "/usr/lib/locale/C.utf8/LC_MONETARY", O_RDONLY|O_CLOEXEC) = 3</usr/lib/locale/C.utf8/LC_MONETARY>
1123972 openat(AT_FDCWD</tmp/kernel-health-20260923-_5s65pp9/\346\261\202\350\247\243\345\231\250>, "/usr/lib/locale/C.UTF-8/LC_COLLATE", O_RDONLY|O_CLOEXEC) = -1 ENOENT (No such file or directory)
1123972 openat(AT_FDCWD</tmp/kernel-health-20260923-_5s65pp9/\346\261\202\350\247\243\345\231\250>, "/usr/lib/locale/C.utf8/LC_COLLATE", O_RDONLY|O_CLOEXEC) = 3</usr/lib/locale/C.utf8/LC_COLLATE>
1123972 openat(AT_FDCWD</tmp/kernel-health-20260923-_5s65pp9/\346\261\202\350\247\243\345\231\250>, "/usr/lib/locale/C.UTF-8/LC_TIME", O_RDONLY|O_CLOEXEC) = -1 ENOENT (No such file or directory)
1123972 openat(AT_FDCWD</tmp/kernel-health-20260923-_5s65pp9/\346\261\202\350\247\243\345\231\250>, "/usr/lib/locale/C.utf8/LC_TIME", O_RDONLY|O_CLOEXEC) = 3</usr/lib/locale/C.utf8/LC_TIME>
1123972 openat(AT_FDCWD</tmp/kernel-health-20260923-_5s65pp9/\346\261\202\350\247\243\345\231\250>, "/usr/lib/locale/C.UTF-8/LC_NUMERIC", O_RDONLY|O_CLOEXEC) = -1 ENOENT (No such file or directory)
1123972 openat(AT_FDCWD</tmp/kernel-health-20260923-_5s65pp9/\346\261\202\350\247\243\345\231\250>, "/usr/lib/locale/C.utf8/LC_NUMERIC", O_RDONLY|O_CLOEXEC) = 3</usr/lib/locale/C.utf8/LC_NUMERIC>
1123972 openat(AT_FDCWD</tmp/kernel-health-20260923-_5s65pp9/\346\261\202\350\247\243\345\231\250>, "/usr/lib/locale/C.UTF-8/LC_CTYPE", O_RDONLY|O_CLOEXEC) = -1 ENOENT (No such file or directory)
1123972 openat(AT_FDCWD</tmp/kernel-health-20260923-_5s65pp9/\346\261\202\350\247\243\345\231\250>, "/usr/lib/locale/C.utf8/LC_CTYPE", O_RDONLY|O_CLOEXEC) = 3</usr/lib/locale/C.utf8/LC_CTYPE>
1123972 openat(AT_FDCWD</tmp/kernel-health-20260923-_5s65pp9/\346\261\202\350\247\243\345\231\250>, "/tmp/kernel-health-20260923-_5s65pp9/\346\261\202\350\247\243\345\231\250/crates/kernel/src/cycle.rs", O_RDONLY) = 3</tmp/kernel-health-20260923-_5s65pp9/\346\261\202\350\247\243\345\231\250/crates/kernel/src/cycle.rs>
1123938 --- SIGCHLD {si_signo=SIGCHLD, si_code=CLD_EXITED, si_pid=1123972, si_uid=1000, si_status=0, si_utime=0, si_stime=0} ---
1123938 openat(AT_FDCWD</tmp/kernel-health-20260923-_5s65pp9/\346\261\202\350\247\243\345\231\250>, "/dev/null", O_RDONLY|O_CLOEXEC) = 3</dev/null<char 1:3>>
1123973 execve("/home/zhuran24/.codex/tmp/arg0/codex-arg07mihkU/sha256sum", ["sha256sum", "--", "/tmp/kernel-health-20260923-_5s65pp9/\346\261\202\350\247\243\345\231\250/crates/kernel/src/cycle_io.rs"], 0x7ffef62f4cb8 /* 135 vars */) = -1 ENOENT (No such file or directory)
1123973 execve("/home/zhuran24/.cargo/bin/sha256sum", ["sha256sum", "--", "/tmp/kernel-health-20260923-_5s65pp9/\346\261\202\350\247\243\345\231\250/crates/kernel/src/cycle_io.rs"], 0x7ffef62f4cb8 /* 135 vars */) = -1 ENOENT (No such file or directory)
1123973 execve("/home/zhuran24/.local/bin/sha256sum", ["sha256sum", "--", "/tmp/kernel-health-20260923-_5s65pp9/\346\261\202\350\247\243\345\231\250/crates/kernel/src/cycle_io.rs"], 0x7ffef62f4cb8 /* 135 vars */) = -1 ENOENT (No such file or directory)
1123973 execve("/home/zhuran24/.opencode/bin/sha256sum", ["sha256sum", "--", "/tmp/kernel-health-20260923-_5s65pp9/\346\261\202\350\247\243\345\231\250/crates/kernel/src/cycle_io.rs"], 0x7ffef62f4cb8 /* 135 vars */) = -1 ENOENT (No such file or directory)
1123973 execve("/usr/local/bin/sha256sum", ["sha256sum", "--", "/tmp/kernel-health-20260923-_5s65pp9/\346\261\202\350\247\243\345\231\250/crates/kernel/src/cycle_io.rs"], 0x7ffef62f4cb8 /* 135 vars */) = -1 ENOENT (No such file or directory)
1123973 execve("/usr/bin/sha256sum", ["sha256sum", "--", "/tmp/kernel-health-20260923-_5s65pp9/\346\261\202\350\247\243\345\231\250/crates/kernel/src/cycle_io.rs"], 0x7ffef62f4cb8 /* 135 vars */) = 0
1123973 openat(AT_FDCWD</tmp/kernel-health-20260923-_5s65pp9/\346\261\202\350\247\243\345\231\250>, "/etc/ld.so.cache", O_RDONLY|O_CLOEXEC) = 3</etc/ld.so.cache>
1123973 openat(AT_FDCWD</tmp/kernel-health-20260923-_5s65pp9/\346\261\202\350\247\243\345\231\250>, "/usr/lib/libcrypto.so.3", O_RDONLY|O_CLOEXEC) = 3</usr/lib/libcrypto.so.3>
1123973 openat(AT_FDCWD</tmp/kernel-health-20260923-_5s65pp9/\346\261\202\350\247\243\345\231\250>, "/usr/lib/libc.so.6", O_RDONLY|O_CLOEXEC) = 3</usr/lib/libc.so.6>
1123973 openat(AT_FDCWD</tmp/kernel-health-20260923-_5s65pp9/\346\261\202\350\247\243\345\231\250>, "/usr/lib/libz.so.1", O_RDONLY|O_CLOEXEC) = 3</usr/lib/libz.so.1.3.1.zlib-ng>
1123973 openat(AT_FDCWD</tmp/kernel-health-20260923-_5s65pp9/\346\261\202\350\247\243\345\231\250>, "/usr/lib/libbrotlienc.so.1", O_RDONLY|O_CLOEXEC) = 3</usr/lib/libbrotlienc.so.1.2.0>
1123973 openat(AT_FDCWD</tmp/kernel-health-20260923-_5s65pp9/\346\261\202\350\247\243\345\231\250>, "/usr/lib/libbrotlidec.so.1", O_RDONLY|O_CLOEXEC) = 3</usr/lib/libbrotlidec.so.1.2.0>
1123973 openat(AT_FDCWD</tmp/kernel-health-20260923-_5s65pp9/\346\261\202\350\247\243\345\231\250>, "/usr/lib/libzstd.so.1", O_RDONLY|O_CLOEXEC) = 3</usr/lib/libzstd.so.1.5.7>
1123973 openat(AT_FDCWD</tmp/kernel-health-20260923-_5s65pp9/\346\261\202\350\247\243\345\231\250>, "/usr/lib/libm.so.6", O_RDONLY|O_CLOEXEC) = 3</usr/lib/libm.so.6>
1123973 openat(AT_FDCWD</tmp/kernel-health-20260923-_5s65pp9/\346\261\202\350\247\243\345\231\250>, "/usr/lib/libbrotlicommon.so.1", O_RDONLY|O_CLOEXEC) = 3</usr/lib/libbrotlicommon.so.1.2.0>
1123973 openat(AT_FDCWD</tmp/kernel-health-20260923-_5s65pp9/\346\261\202\350\247\243\345\231\250>, "/usr/lib/locale/locale-archive", O_RDONLY|O_CLOEXEC) = 3</usr/lib/locale/locale-archive>
1123973 openat(AT_FDCWD</tmp/kernel-health-20260923-_5s65pp9/\346\261\202\350\247\243\345\231\250>, "/usr/share/locale/locale.alias", O_RDONLY|O_CLOEXEC) = 3</usr/share/locale/locale.alias>
1123973 openat(AT_FDCWD</tmp/kernel-health-20260923-_5s65pp9/\346\261\202\350\247\243\345\231\250>, "/usr/lib/locale/C.UTF-8/LC_IDENTIFICATION", O_RDONLY|O_CLOEXEC) = -1 ENOENT (No such file or directory)
1123973 openat(AT_FDCWD</tmp/kernel-health-20260923-_5s65pp9/\346\261\202\350\247\243\345\231\250>, "/usr/lib/locale/C.utf8/LC_IDENTIFICATION", O_RDONLY|O_CLOEXEC) = 3</usr/lib/locale/C.utf8/LC_IDENTIFICATION>
1123973 openat(AT_FDCWD</tmp/kernel-health-20260923-_5s65pp9/\346\261\202\350\247\243\345\231\250>, "/usr/lib/gconv/gconv-modules.cache", O_RDONLY|O_CLOEXEC) = 3</usr/lib/gconv/gconv-modules.cache>
1123973 openat(AT_FDCWD</tmp/kernel-health-20260923-_5s65pp9/\346\261\202\350\247\243\345\231\250>, "/usr/lib/locale/C.UTF-8/LC_MEASUREMENT", O_RDONLY|O_CLOEXEC) = -1 ENOENT (No such file or directory)
1123973 openat(AT_FDCWD</tmp/kernel-health-20260923-_5s65pp9/\346\261\202\350\247\243\345\231\250>, "/usr/lib/locale/C.utf8/LC_MEASUREMENT", O_RDONLY|O_CLOEXEC) = 3</usr/lib/locale/C.utf8/LC_MEASUREMENT>
1123973 openat(AT_FDCWD</tmp/kernel-health-20260923-_5s65pp9/\346\261\202\350\247\243\345\231\250>, "/usr/lib/locale/C.UTF-8/LC_TELEPHONE", O_RDONLY|O_CLOEXEC) = -1 ENOENT (No such file or directory)
1123973 openat(AT_FDCWD</tmp/kernel-health-20260923-_5s65pp9/\346\261\202\350\247\243\345\231\250>, "/usr/lib/locale/C.utf8/LC_TELEPHONE", O_RDONLY|O_CLOEXEC) = 3</usr/lib/locale/C.utf8/LC_TELEPHONE>
1123973 openat(AT_FDCWD</tmp/kernel-health-20260923-_5s65pp9/\346\261\202\350\247\243\345\231\250>, "/usr/lib/locale/C.UTF-8/LC_ADDRESS", O_RDONLY|O_CLOEXEC) = -1 ENOENT (No such file or directory)
1123973 openat(AT_FDCWD</tmp/kernel-health-20260923-_5s65pp9/\346\261\202\350\247\243\345\231\250>, "/usr/lib/locale/C.utf8/LC_ADDRESS", O_RDONLY|O_CLOEXEC) = 3</usr/lib/locale/C.utf8/LC_ADDRESS>
1123973 openat(AT_FDCWD</tmp/kernel-health-20260923-_5s65pp9/\346\261\202\350\247\243\345\231\250>, "/usr/lib/locale/C.UTF-8/LC_NAME", O_RDONLY|O_CLOEXEC) = -1 ENOENT (No such file or directory)
1123973 openat(AT_FDCWD</tmp/kernel-health-20260923-_5s65pp9/\346\261\202\350\247\243\345\231\250>, "/usr/lib/locale/C.utf8/LC_NAME", O_RDONLY|O_CLOEXEC) = 3</usr/lib/locale/C.utf8/LC_NAME>
1123973 openat(AT_FDCWD</tmp/kernel-health-20260923-_5s65pp9/\346\261\202\350\247\243\345\231\250>, "/usr/lib/locale/C.UTF-8/LC_PAPER", O_RDONLY|O_CLOEXEC) = -1 ENOENT (No such file or directory)
1123973 openat(AT_FDCWD</tmp/kernel-health-20260923-_5s65pp9/\346\261\202\350\247\243\345\231\250>, "/usr/lib/locale/C.utf8/LC_PAPER", O_RDONLY|O_CLOEXEC) = 3</usr/lib/locale/C.utf8/LC_PAPER>
1123973 openat(AT_FDCWD</tmp/kernel-health-20260923-_5s65pp9/\346\261\202\350\247\243\345\231\250>, "/usr/lib/locale/C.UTF-8/LC_MESSAGES", O_RDONLY|O_CLOEXEC) = -1 ENOENT (No such file or directory)
1123973 openat(AT_FDCWD</tmp/kernel-health-20260923-_5s65pp9/\346\261\202\350\247\243\345\231\250>, "/usr/lib/locale/C.utf8/LC_MESSAGES", O_RDONLY|O_CLOEXEC) = 3</usr/lib/locale/C.utf8/LC_MESSAGES>
1123973 openat(AT_FDCWD</tmp/kernel-health-20260923-_5s65pp9/\346\261\202\350\247\243\345\231\250>, "/usr/lib/locale/C.utf8/LC_MESSAGES/SYS_LC_MESSAGES", O_RDONLY|O_CLOEXEC) = 3</usr/lib/locale/C.utf8/LC_MESSAGES/SYS_LC_MESSAGES>
1123973 openat(AT_FDCWD</tmp/kernel-health-20260923-_5s65pp9/\346\261\202\350\247\243\345\231\250>, "/usr/lib/locale/C.UTF-8/LC_MONETARY", O_RDONLY|O_CLOEXEC) = -1 ENOENT (No such file or directory)
1123973 openat(AT_FDCWD</tmp/kernel-health-20260923-_5s65pp9/\346\261\202\350\247\243\345\231\250>, "/usr/lib/locale/C.utf8/LC_MONETARY", O_RDONLY|O_CLOEXEC) = 3</usr/lib/locale/C.utf8/LC_MONETARY>
1123973 openat(AT_FDCWD</tmp/kernel-health-20260923-_5s65pp9/\346\261\202\350\247\243\345\231\250>, "/usr/lib/locale/C.UTF-8/LC_COLLATE", O_RDONLY|O_CLOEXEC) = -1 ENOENT (No such file or directory)
1123973 openat(AT_FDCWD</tmp/kernel-health-20260923-_5s65pp9/\346\261\202\350\247\243\345\231\250>, "/usr/lib/locale/C.utf8/LC_COLLATE", O_RDONLY|O_CLOEXEC) = 3</usr/lib/locale/C.utf8/LC_COLLATE>
1123973 openat(AT_FDCWD</tmp/kernel-health-20260923-_5s65pp9/\346\261\202\350\247\243\345\231\250>, "/usr/lib/locale/C.UTF-8/LC_TIME", O_RDONLY|O_CLOEXEC) = -1 ENOENT (No such file or directory)
1123973 openat(AT_FDCWD</tmp/kernel-health-20260923-_5s65pp9/\346\261\202\350\247\243\345\231\250>, "/usr/lib/locale/C.utf8/LC_TIME", O_RDONLY|O_CLOEXEC) = 3</usr/lib/locale/C.utf8/LC_TIME>
1123973 openat(AT_FDCWD</tmp/kernel-health-20260923-_5s65pp9/\346\261\202\350\247\243\345\231\250>, "/usr/lib/locale/C.UTF-8/LC_NUMERIC", O_RDONLY|O_CLOEXEC) = -1 ENOENT (No such file or directory)
1123973 openat(AT_FDCWD</tmp/kernel-health-20260923-_5s65pp9/\346\261\202\350\247\243\345\231\250>, "/usr/lib/locale/C.utf8/LC_NUMERIC", O_RDONLY|O_CLOEXEC) = 3</usr/lib/locale/C.utf8/LC_NUMERIC>
1123973 openat(AT_FDCWD</tmp/kernel-health-20260923-_5s65pp9/\346\261\202\350\247\243\345\231\250>, "/usr/lib/locale/C.UTF-8/LC_CTYPE", O_RDONLY|O_CLOEXEC) = -1 ENOENT (No such file or directory)
1123973 openat(AT_FDCWD</tmp/kernel-health-20260923-_5s65pp9/\346\261\202\350\247\243\345\231\250>, "/usr/lib/locale/C.utf8/LC_CTYPE", O_RDONLY|O_CLOEXEC) = 3</usr/lib/locale/C.utf8/LC_CTYPE>
1123973 openat(AT_FDCWD</tmp/kernel-health-20260923-_5s65pp9/\346\261\202\350\247\243\345\231\250>, "/tmp/kernel-health-20260923-_5s65pp9/\346\261\202\350\247\243\345\231\250/crates/kernel/src/cycle_io.rs", O_RDONLY) = 3</tmp/kernel-health-20260923-_5s65pp9/\346\261\202\350\247\243\345\231\250/crates/kernel/src/cycle_io.rs>
1123938 --- SIGCHLD {si_signo=SIGCHLD, si_code=CLD_EXITED, si_pid=1123973, si_uid=1000, si_status=0, si_utime=0, si_stime=0} ---
1123938 openat(AT_FDCWD</tmp/kernel-health-20260923-_5s65pp9/\346\261\202\350\247\243\345\231\250>, "/dev/null", O_RDONLY|O_CLOEXEC) = 3</dev/null<char 1:3>>
1123974 execve("/home/zhuran24/.codex/tmp/arg0/codex-arg07mihkU/sha256sum", ["sha256sum", "--", "/tmp/kernel-health-20260923-_5s65pp9/\346\261\202\350\247\243\345\231\250/crates/kernel/src/digest.rs"], 0x7ffef62f4cb8 /* 135 vars */) = -1 ENOENT (No such file or directory)
1123974 execve("/home/zhuran24/.cargo/bin/sha256sum", ["sha256sum", "--", "/tmp/kernel-health-20260923-_5s65pp9/\346\261\202\350\247\243\345\231\250/crates/kernel/src/digest.rs"], 0x7ffef62f4cb8 /* 135 vars */) = -1 ENOENT (No such file or directory)
1123974 execve("/home/zhuran24/.local/bin/sha256sum", ["sha256sum", "--", "/tmp/kernel-health-20260923-_5s65pp9/\346\261\202\350\247\243\345\231\250/crates/kernel/src/digest.rs"], 0x7ffef62f4cb8 /* 135 vars */) = -1 ENOENT (No such file or directory)
1123974 execve("/home/zhuran24/.opencode/bin/sha256sum", ["sha256sum", "--", "/tmp/kernel-health-20260923-_5s65pp9/\346\261\202\350\247\243\345\231\250/crates/kernel/src/digest.rs"], 0x7ffef62f4cb8 /* 135 vars */) = -1 ENOENT (No such file or directory)
1123974 execve("/usr/local/bin/sha256sum", ["sha256sum", "--", "/tmp/kernel-health-20260923-_5s65pp9/\346\261\202\350\247\243\345\231\250/crates/kernel/src/digest.rs"], 0x7ffef62f4cb8 /* 135 vars */) = -1 ENOENT (No such file or directory)
1123974 execve("/usr/bin/sha256sum", ["sha256sum", "--", "/tmp/kernel-health-20260923-_5s65pp9/\346\261\202\350\247\243\345\231\250/crates/kernel/src/digest.rs"], 0x7ffef62f4cb8 /* 135 vars */) = 0
1123974 openat(AT_FDCWD</tmp/kernel-health-20260923-_5s65pp9/\346\261\202\350\247\243\345\231\250>, "/etc/ld.so.cache", O_RDONLY|O_CLOEXEC) = 3</etc/ld.so.cache>
1123974 openat(AT_FDCWD</tmp/kernel-health-20260923-_5s65pp9/\346\261\202\350\247\243\345\231\250>, "/usr/lib/libcrypto.so.3", O_RDONLY|O_CLOEXEC) = 3</usr/lib/libcrypto.so.3>
1123974 openat(AT_FDCWD</tmp/kernel-health-20260923-_5s65pp9/\346\261\202\350\247\243\345\231\250>, "/usr/lib/libc.so.6", O_RDONLY|O_CLOEXEC) = 3</usr/lib/libc.so.6>
1123974 openat(AT_FDCWD</tmp/kernel-health-20260923-_5s65pp9/\346\261\202\350\247\243\345\231\250>, "/usr/lib/libz.so.1", O_RDONLY|O_CLOEXEC) = 3</usr/lib/libz.so.1.3.1.zlib-ng>
1123974 openat(AT_FDCWD</tmp/kernel-health-20260923-_5s65pp9/\346\261\202\350\247\243\345\231\250>, "/usr/lib/libbrotlienc.so.1", O_RDONLY|O_CLOEXEC) = 3</usr/lib/libbrotlienc.so.1.2.0>
1123974 openat(AT_FDCWD</tmp/kernel-health-20260923-_5s65pp9/\346\261\202\350\247\243\345\231\250>, "/usr/lib/libbrotlidec.so.1", O_RDONLY|O_CLOEXEC) = 3</usr/lib/libbrotlidec.so.1.2.0>
1123974 openat(AT_FDCWD</tmp/kernel-health-20260923-_5s65pp9/\346\261\202\350\247\243\345\231\250>, "/usr/lib/libzstd.so.1", O_RDONLY|O_CLOEXEC) = 3</usr/lib/libzstd.so.1.5.7>
1123974 openat(AT_FDCWD</tmp/kernel-health-20260923-_5s65pp9/\346\261\202\350\247\243\345\231\250>, "/usr/lib/libm.so.6", O_RDONLY|O_CLOEXEC) = 3</usr/lib/libm.so.6>
1123974 openat(AT_FDCWD</tmp/kernel-health-20260923-_5s65pp9/\346\261\202\350\247\243\345\231\250>, "/usr/lib/libbrotlicommon.so.1", O_RDONLY|O_CLOEXEC) = 3</usr/lib/libbrotlicommon.so.1.2.0>
1123974 openat(AT_FDCWD</tmp/kernel-health-20260923-_5s65pp9/\346\261\202\350\247\243\345\231\250>, "/usr/lib/locale/locale-archive", O_RDONLY|O_CLOEXEC) = 3</usr/lib/locale/locale-archive>
1123974 openat(AT_FDCWD</tmp/kernel-health-20260923-_5s65pp9/\346\261\202\350\247\243\345\231\250>, "/usr/share/locale/locale.alias", O_RDONLY|O_CLOEXEC) = 3</usr/share/locale/locale.alias>
1123974 openat(AT_FDCWD</tmp/kernel-health-20260923-_5s65pp9/\346\261\202\350\247\243\345\231\250>, "/usr/lib/locale/C.UTF-8/LC_IDENTIFICATION", O_RDONLY|O_CLOEXEC) = -1 ENOENT (No such file or directory)
1123974 openat(AT_FDCWD</tmp/kernel-health-20260923-_5s65pp9/\346\261\202\350\247\243\345\231\250>, "/usr/lib/locale/C.utf8/LC_IDENTIFICATION", O_RDONLY|O_CLOEXEC) = 3</usr/lib/locale/C.utf8/LC_IDENTIFICATION>
1123974 openat(AT_FDCWD</tmp/kernel-health-20260923-_5s65pp9/\346\261\202\350\247\243\345\231\250>, "/usr/lib/gconv/gconv-modules.cache", O_RDONLY|O_CLOEXEC) = 3</usr/lib/gconv/gconv-modules.cache>
1123974 openat(AT_FDCWD</tmp/kernel-health-20260923-_5s65pp9/\346\261\202\350\247\243\345\231\250>, "/usr/lib/locale/C.UTF-8/LC_MEASUREMENT", O_RDONLY|O_CLOEXEC) = -1 ENOENT (No such file or directory)
1123974 openat(AT_FDCWD</tmp/kernel-health-20260923-_5s65pp9/\346\261\202\350\247\243\345\231\250>, "/usr/lib/locale/C.utf8/LC_MEASUREMENT", O_RDONLY|O_CLOEXEC) = 3</usr/lib/locale/C.utf8/LC_MEASUREMENT>
1123974 openat(AT_FDCWD</tmp/kernel-health-20260923-_5s65pp9/\346\261\202\350\247\243\345\231\250>, "/usr/lib/locale/C.UTF-8/LC_TELEPHONE", O_RDONLY|O_CLOEXEC) = -1 ENOENT (No such file or directory)
1123974 openat(AT_FDCWD</tmp/kernel-health-20260923-_5s65pp9/\346\261\202\350\247\243\345\231\250>, "/usr/lib/locale/C.utf8/LC_TELEPHONE", O_RDONLY|O_CLOEXEC) = 3</usr/lib/locale/C.utf8/LC_TELEPHONE>
1123974 openat(AT_FDCWD</tmp/kernel-health-20260923-_5s65pp9/\346\261\202\350\247\243\345\231\250>, "/usr/lib/locale/C.UTF-8/LC_ADDRESS", O_RDONLY|O_CLOEXEC) = -1 ENOENT (No such file or directory)
1123974 openat(AT_FDCWD</tmp/kernel-health-20260923-_5s65pp9/\346\261\202\350\247\243\345\231\250>, "/usr/lib/locale/C.utf8/LC_ADDRESS", O_RDONLY|O_CLOEXEC) = 3</usr/lib/locale/C.utf8/LC_ADDRESS>
1123974 openat(AT_FDCWD</tmp/kernel-health-20260923-_5s65pp9/\346\261\202\350\247\243\345\231\250>, "/usr/lib/locale/C.UTF-8/LC_NAME", O_RDONLY|O_CLOEXEC) = -1 ENOENT (No such file or directory)
1123974 openat(AT_FDCWD</tmp/kernel-health-20260923-_5s65pp9/\346\261\202\350\247\243\345\231\250>, "/usr/lib/locale/C.utf8/LC_NAME", O_RDONLY|O_CLOEXEC) = 3</usr/lib/locale/C.utf8/LC_NAME>
1123974 openat(AT_FDCWD</tmp/kernel-health-20260923-_5s65pp9/\346\261\202\350\247\243\345\231\250>, "/usr/lib/locale/C.UTF-8/LC_PAPER", O_RDONLY|O_CLOEXEC) = -1 ENOENT (No such file or directory)
1123974 openat(AT_FDCWD</tmp/kernel-health-20260923-_5s65pp9/\346\261\202\350\247\243\345\231\250>, "/usr/lib/locale/C.utf8/LC_PAPER", O_RDONLY|O_CLOEXEC) = 3</usr/lib/locale/C.utf8/LC_PAPER>
1123974 openat(AT_FDCWD</tmp/kernel-health-20260923-_5s65pp9/\346\261\202\350\247\243\345\231\250>, "/usr/lib/locale/C.UTF-8/LC_MESSAGES", O_RDONLY|O_CLOEXEC) = -1 ENOENT (No such file or directory)
1123974 openat(AT_FDCWD</tmp/kernel-health-20260923-_5s65pp9/\346\261\202\350\247\243\345\231\250>, "/usr/lib/locale/C.utf8/LC_MESSAGES", O_RDONLY|O_CLOEXEC) = 3</usr/lib/locale/C.utf8/LC_MESSAGES>
1123974 openat(AT_FDCWD</tmp/kernel-health-20260923-_5s65pp9/\346\261\202\350\247\243\345\231\250>, "/usr/lib/locale/C.utf8/LC_MESSAGES/SYS_LC_MESSAGES", O_RDONLY|O_CLOEXEC) = 3</usr/lib/locale/C.utf8/LC_MESSAGES/SYS_LC_MESSAGES>
1123974 openat(AT_FDCWD</tmp/kernel-health-20260923-_5s65pp9/\346\261\202\350\247\243\345\231\250>, "/usr/lib/locale/C.UTF-8/LC_MONETARY", O_RDONLY|O_CLOEXEC) = -1 ENOENT (No such file or directory)
1123974 openat(AT_FDCWD</tmp/kernel-health-20260923-_5s65pp9/\346\261\202\350\247\243\345\231\250>, "/usr/lib/locale/C.utf8/LC_MONETARY", O_RDONLY|O_CLOEXEC) = 3</usr/lib/locale/C.utf8/LC_MONETARY>
1123974 openat(AT_FDCWD</tmp/kernel-health-20260923-_5s65pp9/\346\261\202\350\247\243\345\231\250>, "/usr/lib/locale/C.UTF-8/LC_COLLATE", O_RDONLY|O_CLOEXEC) = -1 ENOENT (No such file or directory)
1123974 openat(AT_FDCWD</tmp/kernel-health-20260923-_5s65pp9/\346\261\202\350\247\243\345\231\250>, "/usr/lib/locale/C.utf8/LC_COLLATE", O_RDONLY|O_CLOEXEC) = 3</usr/lib/locale/C.utf8/LC_COLLATE>
1123974 openat(AT_FDCWD</tmp/kernel-health-20260923-_5s65pp9/\346\261\202\350\247\243\345\231\250>, "/usr/lib/locale/C.UTF-8/LC_TIME", O_RDONLY|O_CLOEXEC) = -1 ENOENT (No such file or directory)
1123974 openat(AT_FDCWD</tmp/kernel-health-20260923-_5s65pp9/\346\261\202\350\247\243\345\231\250>, "/usr/lib/locale/C.utf8/LC_TIME", O_RDONLY|O_CLOEXEC) = 3</usr/lib/locale/C.utf8/LC_TIME>
1123974 openat(AT_FDCWD</tmp/kernel-health-20260923-_5s65pp9/\346\261\202\350\247\243\345\231\250>, "/usr/lib/locale/C.UTF-8/LC_NUMERIC", O_RDONLY|O_CLOEXEC) = -1 ENOENT (No such file or directory)
1123974 openat(AT_FDCWD</tmp/kernel-health-20260923-_5s65pp9/\346\261\202\350\247\243\345\231\250>, "/usr/lib/locale/C.utf8/LC_NUMERIC", O_RDONLY|O_CLOEXEC) = 3</usr/lib/locale/C.utf8/LC_NUMERIC>
1123974 openat(AT_FDCWD</tmp/kernel-health-20260923-_5s65pp9/\346\261\202\350\247\243\345\231\250>, "/usr/lib/locale/C.UTF-8/LC_CTYPE", O_RDONLY|O_CLOEXEC) = -1 ENOENT (No such file or directory)
1123974 openat(AT_FDCWD</tmp/kernel-health-20260923-_5s65pp9/\346\261\202\350\247\243\345\231\250>, "/usr/lib/locale/C.utf8/LC_CTYPE", O_RDONLY|O_CLOEXEC) = 3</usr/lib/locale/C.utf8/LC_CTYPE>
1123974 openat(AT_FDCWD</tmp/kernel-health-20260923-_5s65pp9/\346\261\202\350\247\243\345\231\250>, "/tmp/kernel-health-20260923-_5s65pp9/\346\261\202\350\247\243\345\231\250/crates/kernel/src/digest.rs", O_RDONLY) = 3</tmp/kernel-health-20260923-_5s65pp9/\346\261\202\350\247\243\345\231\250/crates/kernel/src/digest.rs>
1123938 --- SIGCHLD {si_signo=SIGCHLD, si_code=CLD_EXITED, si_pid=1123974, si_uid=1000, si_status=0, si_utime=0, si_stime=0} ---
1123938 openat(AT_FDCWD</tmp/kernel-health-20260923-_5s65pp9/\346\261\202\350\247\243\345\231\250>, "/dev/null", O_RDONLY|O_CLOEXEC) = 3</dev/null<char 1:3>>
1123975 execve("/home/zhuran24/.codex/tmp/arg0/codex-arg07mihkU/sha256sum", ["sha256sum", "--", "/tmp/kernel-health-20260923-_5s65pp9/\346\261\202\350\247\243\345\231\250/crates/kernel/src/seed.rs"], 0x7ffef62f4cb8 /* 135 vars */) = -1 ENOENT (No such file or directory)
1123975 execve("/home/zhuran24/.cargo/bin/sha256sum", ["sha256sum", "--", "/tmp/kernel-health-20260923-_5s65pp9/\346\261\202\350\247\243\345\231\250/crates/kernel/src/seed.rs"], 0x7ffef62f4cb8 /* 135 vars */) = -1 ENOENT (No such file or directory)
1123975 execve("/home/zhuran24/.local/bin/sha256sum", ["sha256sum", "--", "/tmp/kernel-health-20260923-_5s65pp9/\346\261\202\350\247\243\345\231\250/crates/kernel/src/seed.rs"], 0x7ffef62f4cb8 /* 135 vars */) = -1 ENOENT (No such file or directory)
1123975 execve("/home/zhuran24/.opencode/bin/sha256sum", ["sha256sum", "--", "/tmp/kernel-health-20260923-_5s65pp9/\346\261\202\350\247\243\345\231\250/crates/kernel/src/seed.rs"], 0x7ffef62f4cb8 /* 135 vars */) = -1 ENOENT (No such file or directory)
1123975 execve("/usr/local/bin/sha256sum", ["sha256sum", "--", "/tmp/kernel-health-20260923-_5s65pp9/\346\261\202\350\247\243\345\231\250/crates/kernel/src/seed.rs"], 0x7ffef62f4cb8 /* 135 vars */) = -1 ENOENT (No such file or directory)
1123975 execve("/usr/bin/sha256sum", ["sha256sum", "--", "/tmp/kernel-health-20260923-_5s65pp9/\346\261\202\350\247\243\345\231\250/crates/kernel/src/seed.rs"], 0x7ffef62f4cb8 /* 135 vars */) = 0
1123975 openat(AT_FDCWD</tmp/kernel-health-20260923-_5s65pp9/\346\261\202\350\247\243\345\231\250>, "/etc/ld.so.cache", O_RDONLY|O_CLOEXEC) = 3</etc/ld.so.cache>
1123975 openat(AT_FDCWD</tmp/kernel-health-20260923-_5s65pp9/\346\261\202\350\247\243\345\231\250>, "/usr/lib/libcrypto.so.3", O_RDONLY|O_CLOEXEC) = 3</usr/lib/libcrypto.so.3>
1123975 openat(AT_FDCWD</tmp/kernel-health-20260923-_5s65pp9/\346\261\202\350\247\243\345\231\250>, "/usr/lib/libc.so.6", O_RDONLY|O_CLOEXEC) = 3</usr/lib/libc.so.6>
1123975 openat(AT_FDCWD</tmp/kernel-health-20260923-_5s65pp9/\346\261\202\350\247\243\345\231\250>, "/usr/lib/libz.so.1", O_RDONLY|O_CLOEXEC) = 3</usr/lib/libz.so.1.3.1.zlib-ng>
1123975 openat(AT_FDCWD</tmp/kernel-health-20260923-_5s65pp9/\346\261\202\350\247\243\345\231\250>, "/usr/lib/libbrotlienc.so.1", O_RDONLY|O_CLOEXEC) = 3</usr/lib/libbrotlienc.so.1.2.0>
1123975 openat(AT_FDCWD</tmp/kernel-health-20260923-_5s65pp9/\346\261\202\350\247\243\345\231\250>, "/usr/lib/libbrotlidec.so.1", O_RDONLY|O_CLOEXEC) = 3</usr/lib/libbrotlidec.so.1.2.0>
1123975 openat(AT_FDCWD</tmp/kernel-health-20260923-_5s65pp9/\346\261\202\350\247\243\345\231\250>, "/usr/lib/libzstd.so.1", O_RDONLY|O_CLOEXEC) = 3</usr/lib/libzstd.so.1.5.7>
1123975 openat(AT_FDCWD</tmp/kernel-health-20260923-_5s65pp9/\346\261\202\350\247\243\345\231\250>, "/usr/lib/libm.so.6", O_RDONLY|O_CLOEXEC) = 3</usr/lib/libm.so.6>
1123975 openat(AT_FDCWD</tmp/kernel-health-20260923-_5s65pp9/\346\261\202\350\247\243\345\231\250>, "/usr/lib/libbrotlicommon.so.1", O_RDONLY|O_CLOEXEC) = 3</usr/lib/libbrotlicommon.so.1.2.0>
1123975 openat(AT_FDCWD</tmp/kernel-health-20260923-_5s65pp9/\346\261\202\350\247\243\345\231\250>, "/usr/lib/locale/locale-archive", O_RDONLY|O_CLOEXEC) = 3</usr/lib/locale/locale-archive>
1123975 openat(AT_FDCWD</tmp/kernel-health-20260923-_5s65pp9/\346\261\202\350\247\243\345\231\250>, "/usr/share/locale/locale.alias", O_RDONLY|O_CLOEXEC) = 3</usr/share/locale/locale.alias>
1123975 openat(AT_FDCWD</tmp/kernel-health-20260923-_5s65pp9/\346\261\202\350\247\243\345\231\250>, "/usr/lib/locale/C.UTF-8/LC_IDENTIFICATION", O_RDONLY|O_CLOEXEC) = -1 ENOENT (No such file or directory)
1123975 openat(AT_FDCWD</tmp/kernel-health-20260923-_5s65pp9/\346\261\202\350\247\243\345\231\250>, "/usr/lib/locale/C.utf8/LC_IDENTIFICATION", O_RDONLY|O_CLOEXEC) = 3</usr/lib/locale/C.utf8/LC_IDENTIFICATION>
1123975 openat(AT_FDCWD</tmp/kernel-health-20260923-_5s65pp9/\346\261\202\350\247\243\345\231\250>, "/usr/lib/gconv/gconv-modules.cache", O_RDONLY|O_CLOEXEC) = 3</usr/lib/gconv/gconv-modules.cache>
1123975 openat(AT_FDCWD</tmp/kernel-health-20260923-_5s65pp9/\346\261\202\350\247\243\345\231\250>, "/usr/lib/locale/C.UTF-8/LC_MEASUREMENT", O_RDONLY|O_CLOEXEC) = -1 ENOENT (No such file or directory)
1123975 openat(AT_FDCWD</tmp/kernel-health-20260923-_5s65pp9/\346\261\202\350\247\243\345\231\250>, "/usr/lib/locale/C.utf8/LC_MEASUREMENT", O_RDONLY|O_CLOEXEC) = 3</usr/lib/locale/C.utf8/LC_MEASUREMENT>
1123975 openat(AT_FDCWD</tmp/kernel-health-20260923-_5s65pp9/\346\261\202\350\247\243\345\231\250>, "/usr/lib/locale/C.UTF-8/LC_TELEPHONE", O_RDONLY|O_CLOEXEC) = -1 ENOENT (No such file or directory)
1123975 openat(AT_FDCWD</tmp/kernel-health-20260923-_5s65pp9/\346\261\202\350\247\243\345\231\250>, "/usr/lib/locale/C.utf8/LC_TELEPHONE", O_RDONLY|O_CLOEXEC) = 3</usr/lib/locale/C.utf8/LC_TELEPHONE>
1123975 openat(AT_FDCWD</tmp/kernel-health-20260923-_5s65pp9/\346\261\202\350\247\243\345\231\250>, "/usr/lib/locale/C.UTF-8/LC_ADDRESS", O_RDONLY|O_CLOEXEC) = -1 ENOENT (No such file or directory)
1123975 openat(AT_FDCWD</tmp/kernel-health-20260923-_5s65pp9/\346\261\202\350\247\243\345\231\250>, "/usr/lib/locale/C.utf8/LC_ADDRESS", O_RDONLY|O_CLOEXEC) = 3</usr/lib/locale/C.utf8/LC_ADDRESS>
1123975 openat(AT_FDCWD</tmp/kernel-health-20260923-_5s65pp9/\346\261\202\350\247\243\345\231\250>, "/usr/lib/locale/C.UTF-8/LC_NAME", O_RDONLY|O_CLOEXEC) = -1 ENOENT (No such file or directory)
1123975 openat(AT_FDCWD</tmp/kernel-health-20260923-_5s65pp9/\346\261\202\350\247\243\345\231\250>, "/usr/lib/locale/C.utf8/LC_NAME", O_RDONLY|O_CLOEXEC) = 3</usr/lib/locale/C.utf8/LC_NAME>
1123975 openat(AT_FDCWD</tmp/kernel-health-20260923-_5s65pp9/\346\261\202\350\247\243\345\231\250>, "/usr/lib/locale/C.UTF-8/LC_PAPER", O_RDONLY|O_CLOEXEC) = -1 ENOENT (No such file or directory)
1123975 openat(AT_FDCWD</tmp/kernel-health-20260923-_5s65pp9/\346\261\202\350\247\243\345\231\250>, "/usr/lib/locale/C.utf8/LC_PAPER", O_RDONLY|O_CLOEXEC) = 3</usr/lib/locale/C.utf8/LC_PAPER>
1123975 openat(AT_FDCWD</tmp/kernel-health-20260923-_5s65pp9/\346\261\202\350\247\243\345\231\250>, "/usr/lib/locale/C.UTF-8/LC_MESSAGES", O_RDONLY|O_CLOEXEC) = -1 ENOENT (No such file or directory)
1123975 openat(AT_FDCWD</tmp/kernel-health-20260923-_5s65pp9/\346\261\202\350\247\243\345\231\250>, "/usr/lib/locale/C.utf8/LC_MESSAGES", O_RDONLY|O_CLOEXEC) = 3</usr/lib/locale/C.utf8/LC_MESSAGES>
1123975 openat(AT_FDCWD</tmp/kernel-health-20260923-_5s65pp9/\346\261\202\350\247\243\345\231\250>, "/usr/lib/locale/C.utf8/LC_MESSAGES/SYS_LC_MESSAGES", O_RDONLY|O_CLOEXEC) = 3</usr/lib/locale/C.utf8/LC_MESSAGES/SYS_LC_MESSAGES>
1123975 openat(AT_FDCWD</tmp/kernel-health-20260923-_5s65pp9/\346\261\202\350\247\243\345\231\250>, "/usr/lib/locale/C.UTF-8/LC_MONETARY", O_RDONLY|O_CLOEXEC) = -1 ENOENT (No such file or directory)
1123975 openat(AT_FDCWD</tmp/kernel-health-20260923-_5s65pp9/\346\261\202\350\247\243\345\231\250>, "/usr/lib/locale/C.utf8/LC_MONETARY", O_RDONLY|O_CLOEXEC) = 3</usr/lib/locale/C.utf8/LC_MONETARY>
1123975 openat(AT_FDCWD</tmp/kernel-health-20260923-_5s65pp9/\346\261\202\350\247\243\345\231\250>, "/usr/lib/locale/C.UTF-8/LC_COLLATE", O_RDONLY|O_CLOEXEC) = -1 ENOENT (No such file or directory)
1123975 openat(AT_FDCWD</tmp/kernel-health-20260923-_5s65pp9/\346\261\202\350\247\243\345\231\250>, "/usr/lib/locale/C.utf8/LC_COLLATE", O_RDONLY|O_CLOEXEC) = 3</usr/lib/locale/C.utf8/LC_COLLATE>
1123975 openat(AT_FDCWD</tmp/kernel-health-20260923-_5s65pp9/\346\261\202\350\247\243\345\231\250>, "/usr/lib/locale/C.UTF-8/LC_TIME", O_RDONLY|O_CLOEXEC) = -1 ENOENT (No such file or directory)
1123975 openat(AT_FDCWD</tmp/kernel-health-20260923-_5s65pp9/\346\261\202\350\247\243\345\231\250>, "/usr/lib/locale/C.utf8/LC_TIME", O_RDONLY|O_CLOEXEC) = 3</usr/lib/locale/C.utf8/LC_TIME>
1123975 openat(AT_FDCWD</tmp/kernel-health-20260923-_5s65pp9/\346\261\202\350\247\243\345\231\250>, "/usr/lib/locale/C.UTF-8/LC_NUMERIC", O_RDONLY|O_CLOEXEC) = -1 ENOENT (No such file or directory)
1123975 openat(AT_FDCWD</tmp/kernel-health-20260923-_5s65pp9/\346\261\202\350\247\243\345\231\250>, "/usr/lib/locale/C.utf8/LC_NUMERIC", O_RDONLY|O_CLOEXEC) = 3</usr/lib/locale/C.utf8/LC_NUMERIC>
1123975 openat(AT_FDCWD</tmp/kernel-health-20260923-_5s65pp9/\346\261\202\350\247\243\345\231\250>, "/usr/lib/locale/C.UTF-8/LC_CTYPE", O_RDONLY|O_CLOEXEC) = -1 ENOENT (No such file or directory)
1123975 openat(AT_FDCWD</tmp/kernel-health-20260923-_5s65pp9/\346\261\202\350\247\243\345\231\250>, "/usr/lib/locale/C.utf8/LC_CTYPE", O_RDONLY|O_CLOEXEC) = 3</usr/lib/locale/C.utf8/LC_CTYPE>
1123975 openat(AT_FDCWD</tmp/kernel-health-20260923-_5s65pp9/\346\261\202\350\247\243\345\231\250>, "/tmp/kernel-health-20260923-_5s65pp9/\346\261\202\350\247\243\345\231\250/crates/kernel/src/seed.rs", O_RDONLY) = 3</tmp/kernel-health-20260923-_5s65pp9/\346\261\202\350\247\243\345\231\250/crates/kernel/src/seed.rs>
1123938 --- SIGCHLD {si_signo=SIGCHLD, si_code=CLD_EXITED, si_pid=1123975, si_uid=1000, si_status=0, si_utime=0, si_stime=0} ---
1123938 openat(AT_FDCWD</tmp/kernel-health-20260923-_5s65pp9/\346\261\202\350\247\243\345\231\250>, "/dev/null", O_RDONLY|O_CLOEXEC) = 3</dev/null<char 1:3>>
1123976 execve("/home/zhuran24/.codex/tmp/arg0/codex-arg07mihkU/sha256sum", ["sha256sum", "--", "/tmp/kernel-health-20260923-_5s65pp9/\346\261\202\350\247\243\345\231\250/crates/kernel/src/cache.rs"], 0x7ffef62f4cb8 /* 135 vars */) = -1 ENOENT (No such file or directory)
1123976 execve("/home/zhuran24/.cargo/bin/sha256sum", ["sha256sum", "--", "/tmp/kernel-health-20260923-_5s65pp9/\346\261\202\350\247\243\345\231\250/crates/kernel/src/cache.rs"], 0x7ffef62f4cb8 /* 135 vars */) = -1 ENOENT (No such file or directory)
1123976 execve("/home/zhuran24/.local/bin/sha256sum", ["sha256sum", "--", "/tmp/kernel-health-20260923-_5s65pp9/\346\261\202\350\247\243\345\231\250/crates/kernel/src/cache.rs"], 0x7ffef62f4cb8 /* 135 vars */) = -1 ENOENT (No such file or directory)
1123976 execve("/home/zhuran24/.opencode/bin/sha256sum", ["sha256sum", "--", "/tmp/kernel-health-20260923-_5s65pp9/\346\261\202\350\247\243\345\231\250/crates/kernel/src/cache.rs"], 0x7ffef62f4cb8 /* 135 vars */) = -1 ENOENT (No such file or directory)
1123976 execve("/usr/local/bin/sha256sum", ["sha256sum", "--", "/tmp/kernel-health-20260923-_5s65pp9/\346\261\202\350\247\243\345\231\250/crates/kernel/src/cache.rs"], 0x7ffef62f4cb8 /* 135 vars */) = -1 ENOENT (No such file or directory)
1123976 execve("/usr/bin/sha256sum", ["sha256sum", "--", "/tmp/kernel-health-20260923-_5s65pp9/\346\261\202\350\247\243\345\231\250/crates/kernel/src/cache.rs"], 0x7ffef62f4cb8 /* 135 vars */) = 0
1123976 openat(AT_FDCWD</tmp/kernel-health-20260923-_5s65pp9/\346\261\202\350\247\243\345\231\250>, "/etc/ld.so.cache", O_RDONLY|O_CLOEXEC) = 3</etc/ld.so.cache>
1123976 openat(AT_FDCWD</tmp/kernel-health-20260923-_5s65pp9/\346\261\202\350\247\243\345\231\250>, "/usr/lib/libcrypto.so.3", O_RDONLY|O_CLOEXEC) = 3</usr/lib/libcrypto.so.3>
1123976 openat(AT_FDCWD</tmp/kernel-health-20260923-_5s65pp9/\346\261\202\350\247\243\345\231\250>, "/usr/lib/libc.so.6", O_RDONLY|O_CLOEXEC) = 3</usr/lib/libc.so.6>
1123976 openat(AT_FDCWD</tmp/kernel-health-20260923-_5s65pp9/\346\261\202\350\247\243\345\231\250>, "/usr/lib/libz.so.1", O_RDONLY|O_CLOEXEC) = 3</usr/lib/libz.so.1.3.1.zlib-ng>
1123976 openat(AT_FDCWD</tmp/kernel-health-20260923-_5s65pp9/\346\261\202\350\247\243\345\231\250>, "/usr/lib/libbrotlienc.so.1", O_RDONLY|O_CLOEXEC) = 3</usr/lib/libbrotlienc.so.1.2.0>
1123976 openat(AT_FDCWD</tmp/kernel-health-20260923-_5s65pp9/\346\261\202\350\247\243\345\231\250>, "/usr/lib/libbrotlidec.so.1", O_RDONLY|O_CLOEXEC) = 3</usr/lib/libbrotlidec.so.1.2.0>
1123976 openat(AT_FDCWD</tmp/kernel-health-20260923-_5s65pp9/\346\261\202\350\247\243\345\231\250>, "/usr/lib/libzstd.so.1", O_RDONLY|O_CLOEXEC) = 3</usr/lib/libzstd.so.1.5.7>
1123976 openat(AT_FDCWD</tmp/kernel-health-20260923-_5s65pp9/\346\261\202\350\247\243\345\231\250>, "/usr/lib/libm.so.6", O_RDONLY|O_CLOEXEC) = 3</usr/lib/libm.so.6>
1123976 openat(AT_FDCWD</tmp/kernel-health-20260923-_5s65pp9/\346\261\202\350\247\243\345\231\250>, "/usr/lib/libbrotlicommon.so.1", O_RDONLY|O_CLOEXEC) = 3</usr/lib/libbrotlicommon.so.1.2.0>
1123976 openat(AT_FDCWD</tmp/kernel-health-20260923-_5s65pp9/\346\261\202\350\247\243\345\231\250>, "/usr/lib/locale/locale-archive", O_RDONLY|O_CLOEXEC) = 3</usr/lib/locale/locale-archive>
1123976 openat(AT_FDCWD</tmp/kernel-health-20260923-_5s65pp9/\346\261\202\350\247\243\345\231\250>, "/usr/share/locale/locale.alias", O_RDONLY|O_CLOEXEC) = 3</usr/share/locale/locale.alias>
1123976 openat(AT_FDCWD</tmp/kernel-health-20260923-_5s65pp9/\346\261\202\350\247\243\345\231\250>, "/usr/lib/locale/C.UTF-8/LC_IDENTIFICATION", O_RDONLY|O_CLOEXEC) = -1 ENOENT (No such file or directory)
1123976 openat(AT_FDCWD</tmp/kernel-health-20260923-_5s65pp9/\346\261\202\350\247\243\345\231\250>, "/usr/lib/locale/C.utf8/LC_IDENTIFICATION", O_RDONLY|O_CLOEXEC) = 3</usr/lib/locale/C.utf8/LC_IDENTIFICATION>
1123976 openat(AT_FDCWD</tmp/kernel-health-20260923-_5s65pp9/\346\261\202\350\247\243\345\231\250>, "/usr/lib/gconv/gconv-modules.cache", O_RDONLY|O_CLOEXEC) = 3</usr/lib/gconv/gconv-modules.cache>
1123976 openat(AT_FDCWD</tmp/kernel-health-20260923-_5s65pp9/\346\261\202\350\247\243\345\231\250>, "/usr/lib/locale/C.UTF-8/LC_MEASUREMENT", O_RDONLY|O_CLOEXEC) = -1 ENOENT (No such file or directory)
1123976 openat(AT_FDCWD</tmp/kernel-health-20260923-_5s65pp9/\346\261\202\350\247\243\345\231\250>, "/usr/lib/locale/C.utf8/LC_MEASUREMENT", O_RDONLY|O_CLOEXEC) = 3</usr/lib/locale/C.utf8/LC_MEASUREMENT>
1123976 openat(AT_FDCWD</tmp/kernel-health-20260923-_5s65pp9/\346\261\202\350\247\243\345\231\250>, "/usr/lib/locale/C.UTF-8/LC_TELEPHONE", O_RDONLY|O_CLOEXEC) = -1 ENOENT (No such file or directory)
1123976 openat(AT_FDCWD</tmp/kernel-health-20260923-_5s65pp9/\346\261\202\350\247\243\345\231\250>, "/usr/lib/locale/C.utf8/LC_TELEPHONE", O_RDONLY|O_CLOEXEC) = 3</usr/lib/locale/C.utf8/LC_TELEPHONE>
1123976 openat(AT_FDCWD</tmp/kernel-health-20260923-_5s65pp9/\346\261\202\350\247\243\345\231\250>, "/usr/lib/locale/C.UTF-8/LC_ADDRESS", O_RDONLY|O_CLOEXEC) = -1 ENOENT (No such file or directory)
1123976 openat(AT_FDCWD</tmp/kernel-health-20260923-_5s65pp9/\346\261\202\350\247\243\345\231\250>, "/usr/lib/locale/C.utf8/LC_ADDRESS", O_RDONLY|O_CLOEXEC) = 3</usr/lib/locale/C.utf8/LC_ADDRESS>
1123976 openat(AT_FDCWD</tmp/kernel-health-20260923-_5s65pp9/\346\261\202\350\247\243\345\231\250>, "/usr/lib/locale/C.UTF-8/LC_NAME", O_RDONLY|O_CLOEXEC) = -1 ENOENT (No such file or directory)
1123976 openat(AT_FDCWD</tmp/kernel-health-20260923-_5s65pp9/\346\261\202\350\247\243\345\231\250>, "/usr/lib/locale/C.utf8/LC_NAME", O_RDONLY|O_CLOEXEC) = 3</usr/lib/locale/C.utf8/LC_NAME>
1123976 openat(AT_FDCWD</tmp/kernel-health-20260923-_5s65pp9/\346\261\202\350\247\243\345\231\250>, "/usr/lib/locale/C.UTF-8/LC_PAPER", O_RDONLY|O_CLOEXEC) = -1 ENOENT (No such file or directory)
1123976 openat(AT_FDCWD</tmp/kernel-health-20260923-_5s65pp9/\346\261\202\350\247\243\345\231\250>, "/usr/lib/locale/C.utf8/LC_PAPER", O_RDONLY|O_CLOEXEC) = 3</usr/lib/locale/C.utf8/LC_PAPER>
1123976 openat(AT_FDCWD</tmp/kernel-health-20260923-_5s65pp9/\346\261\202\350\247\243\345\231\250>, "/usr/lib/locale/C.UTF-8/LC_MESSAGES", O_RDONLY|O_CLOEXEC) = -1 ENOENT (No such file or directory)
1123976 openat(AT_FDCWD</tmp/kernel-health-20260923-_5s65pp9/\346\261\202\350\247\243\345\231\250>, "/usr/lib/locale/C.utf8/LC_MESSAGES", O_RDONLY|O_CLOEXEC) = 3</usr/lib/locale/C.utf8/LC_MESSAGES>
1123976 openat(AT_FDCWD</tmp/kernel-health-20260923-_5s65pp9/\346\261\202\350\247\243\345\231\250>, "/usr/lib/locale/C.utf8/LC_MESSAGES/SYS_LC_MESSAGES", O_RDONLY|O_CLOEXEC) = 3</usr/lib/locale/C.utf8/LC_MESSAGES/SYS_LC_MESSAGES>
1123976 openat(AT_FDCWD</tmp/kernel-health-20260923-_5s65pp9/\346\261\202\350\247\243\345\231\250>, "/usr/lib/locale/C.UTF-8/LC_MONETARY", O_RDONLY|O_CLOEXEC) = -1 ENOENT (No such file or directory)
1123976 openat(AT_FDCWD</tmp/kernel-health-20260923-_5s65pp9/\346\261\202\350\247\243\345\231\250>, "/usr/lib/locale/C.utf8/LC_MONETARY", O_RDONLY|O_CLOEXEC) = 3</usr/lib/locale/C.utf8/LC_MONETARY>
1123976 openat(AT_FDCWD</tmp/kernel-health-20260923-_5s65pp9/\346\261\202\350\247\243\345\231\250>, "/usr/lib/locale/C.UTF-8/LC_COLLATE", O_RDONLY|O_CLOEXEC) = -1 ENOENT (No such file or directory)
1123976 openat(AT_FDCWD</tmp/kernel-health-20260923-_5s65pp9/\346\261\202\350\247\243\345\231\250>, "/usr/lib/locale/C.utf8/LC_COLLATE", O_RDONLY|O_CLOEXEC) = 3</usr/lib/locale/C.utf8/LC_COLLATE>
1123976 openat(AT_FDCWD</tmp/kernel-health-20260923-_5s65pp9/\346\261\202\350\247\243\345\231\250>, "/usr/lib/locale/C.UTF-8/LC_TIME", O_RDONLY|O_CLOEXEC) = -1 ENOENT (No such file or directory)
1123976 openat(AT_FDCWD</tmp/kernel-health-20260923-_5s65pp9/\346\261\202\350\247\243\345\231\250>, "/usr/lib/locale/C.utf8/LC_TIME", O_RDONLY|O_CLOEXEC) = 3</usr/lib/locale/C.utf8/LC_TIME>
1123976 openat(AT_FDCWD</tmp/kernel-health-20260923-_5s65pp9/\346\261\202\350\247\243\345\231\250>, "/usr/lib/locale/C.UTF-8/LC_NUMERIC", O_RDONLY|O_CLOEXEC) = -1 ENOENT (No such file or directory)
1123976 openat(AT_FDCWD</tmp/kernel-health-20260923-_5s65pp9/\346\261\202\350\247\243\345\231\250>, "/usr/lib/locale/C.utf8/LC_NUMERIC", O_RDONLY|O_CLOEXEC) = 3</usr/lib/locale/C.utf8/LC_NUMERIC>
1123976 openat(AT_FDCWD</tmp/kernel-health-20260923-_5s65pp9/\346\261\202\350\247\243\345\231\250>, "/usr/lib/locale/C.UTF-8/LC_CTYPE", O_RDONLY|O_CLOEXEC) = -1 ENOENT (No such file or directory)
1123976 openat(AT_FDCWD</tmp/kernel-health-20260923-_5s65pp9/\346\261\202\350\247\243\345\231\250>, "/usr/lib/locale/C.utf8/LC_CTYPE", O_RDONLY|O_CLOEXEC) = 3</usr/lib/locale/C.utf8/LC_CTYPE>
1123976 openat(AT_FDCWD</tmp/kernel-health-20260923-_5s65pp9/\346\261\202\350\247\243\345\231\250>, "/tmp/kernel-health-20260923-_5s65pp9/\346\261\202\350\247\243\345\231\250/crates/kernel/src/cache.rs", O_RDONLY) = 3</tmp/kernel-health-20260923-_5s65pp9/\346\261\202\350\247\243\345\231\250/crates/kernel/src/cache.rs>
1123938 --- SIGCHLD {si_signo=SIGCHLD, si_code=CLD_EXITED, si_pid=1123976, si_uid=1000, si_status=0, si_utime=0, si_stime=0} ---
1123938 openat(AT_FDCWD</tmp/kernel-health-20260923-_5s65pp9/\346\261\202\350\247\243\345\231\250>, "/dev/null", O_RDONLY|O_CLOEXEC) = 3</dev/null<char 1:3>>
1123977 execve("/home/zhuran24/.codex/tmp/arg0/codex-arg07mihkU/sha256sum", ["sha256sum", "--", "/tmp/kernel-health-20260923-_5s65pp9/\346\261\202\350\247\243\345\231\250/crates/kernel/src/lib.rs"], 0x7ffef62f4cb8 /* 135 vars */) = -1 ENOENT (No such file or directory)
1123977 execve("/home/zhuran24/.cargo/bin/sha256sum", ["sha256sum", "--", "/tmp/kernel-health-20260923-_5s65pp9/\346\261\202\350\247\243\345\231\250/crates/kernel/src/lib.rs"], 0x7ffef62f4cb8 /* 135 vars */) = -1 ENOENT (No such file or directory)
1123977 execve("/home/zhuran24/.local/bin/sha256sum", ["sha256sum", "--", "/tmp/kernel-health-20260923-_5s65pp9/\346\261\202\350\247\243\345\231\250/crates/kernel/src/lib.rs"], 0x7ffef62f4cb8 /* 135 vars */) = -1 ENOENT (No such file or directory)
1123977 execve("/home/zhuran24/.opencode/bin/sha256sum", ["sha256sum", "--", "/tmp/kernel-health-20260923-_5s65pp9/\346\261\202\350\247\243\345\231\250/crates/kernel/src/lib.rs"], 0x7ffef62f4cb8 /* 135 vars */) = -1 ENOENT (No such file or directory)
1123977 execve("/usr/local/bin/sha256sum", ["sha256sum", "--", "/tmp/kernel-health-20260923-_5s65pp9/\346\261\202\350\247\243\345\231\250/crates/kernel/src/lib.rs"], 0x7ffef62f4cb8 /* 135 vars */) = -1 ENOENT (No such file or directory)
1123977 execve("/usr/bin/sha256sum", ["sha256sum", "--", "/tmp/kernel-health-20260923-_5s65pp9/\346\261\202\350\247\243\345\231\250/crates/kernel/src/lib.rs"], 0x7ffef62f4cb8 /* 135 vars */) = 0
1123977 openat(AT_FDCWD</tmp/kernel-health-20260923-_5s65pp9/\346\261\202\350\247\243\345\231\250>, "/etc/ld.so.cache", O_RDONLY|O_CLOEXEC) = 3</etc/ld.so.cache>
1123977 openat(AT_FDCWD</tmp/kernel-health-20260923-_5s65pp9/\346\261\202\350\247\243\345\231\250>, "/usr/lib/libcrypto.so.3", O_RDONLY|O_CLOEXEC) = 3</usr/lib/libcrypto.so.3>
1123977 openat(AT_FDCWD</tmp/kernel-health-20260923-_5s65pp9/\346\261\202\350\247\243\345\231\250>, "/usr/lib/libc.so.6", O_RDONLY|O_CLOEXEC) = 3</usr/lib/libc.so.6>
1123977 openat(AT_FDCWD</tmp/kernel-health-20260923-_5s65pp9/\346\261\202\350\247\243\345\231\250>, "/usr/lib/libz.so.1", O_RDONLY|O_CLOEXEC) = 3</usr/lib/libz.so.1.3.1.zlib-ng>
1123977 openat(AT_FDCWD</tmp/kernel-health-20260923-_5s65pp9/\346\261\202\350\247\243\345\231\250>, "/usr/lib/libbrotlienc.so.1", O_RDONLY|O_CLOEXEC) = 3</usr/lib/libbrotlienc.so.1.2.0>
1123977 openat(AT_FDCWD</tmp/kernel-health-20260923-_5s65pp9/\346\261\202\350\247\243\345\231\250>, "/usr/lib/libbrotlidec.so.1", O_RDONLY|O_CLOEXEC) = 3</usr/lib/libbrotlidec.so.1.2.0>
1123977 openat(AT_FDCWD</tmp/kernel-health-20260923-_5s65pp9/\346\261\202\350\247\243\345\231\250>, "/usr/lib/libzstd.so.1", O_RDONLY|O_CLOEXEC) = 3</usr/lib/libzstd.so.1.5.7>
1123977 openat(AT_FDCWD</tmp/kernel-health-20260923-_5s65pp9/\346\261\202\350\247\243\345\231\250>, "/usr/lib/libm.so.6", O_RDONLY|O_CLOEXEC) = 3</usr/lib/libm.so.6>
1123977 openat(AT_FDCWD</tmp/kernel-health-20260923-_5s65pp9/\346\261\202\350\247\243\345\231\250>, "/usr/lib/libbrotlicommon.so.1", O_RDONLY|O_CLOEXEC) = 3</usr/lib/libbrotlicommon.so.1.2.0>
1123977 openat(AT_FDCWD</tmp/kernel-health-20260923-_5s65pp9/\346\261\202\350\247\243\345\231\250>, "/usr/lib/locale/locale-archive", O_RDONLY|O_CLOEXEC) = 3</usr/lib/locale/locale-archive>
1123977 openat(AT_FDCWD</tmp/kernel-health-20260923-_5s65pp9/\346\261\202\350\247\243\345\231\250>, "/usr/share/locale/locale.alias", O_RDONLY|O_CLOEXEC) = 3</usr/share/locale/locale.alias>
1123977 openat(AT_FDCWD</tmp/kernel-health-20260923-_5s65pp9/\346\261\202\350\247\243\345\231\250>, "/usr/lib/locale/C.UTF-8/LC_IDENTIFICATION", O_RDONLY|O_CLOEXEC) = -1 ENOENT (No such file or directory)
1123977 openat(AT_FDCWD</tmp/kernel-health-20260923-_5s65pp9/\346\261\202\350\247\243\345\231\250>, "/usr/lib/locale/C.utf8/LC_IDENTIFICATION", O_RDONLY|O_CLOEXEC) = 3</usr/lib/locale/C.utf8/LC_IDENTIFICATION>
1123977 openat(AT_FDCWD</tmp/kernel-health-20260923-_5s65pp9/\346\261\202\350\247\243\345\231\250>, "/usr/lib/gconv/gconv-modules.cache", O_RDONLY|O_CLOEXEC) = 3</usr/lib/gconv/gconv-modules.cache>
1123977 openat(AT_FDCWD</tmp/kernel-health-20260923-_5s65pp9/\346\261\202\350\247\243\345\231\250>, "/usr/lib/locale/C.UTF-8/LC_MEASUREMENT", O_RDONLY|O_CLOEXEC) = -1 ENOENT (No such file or directory)
1123977 openat(AT_FDCWD</tmp/kernel-health-20260923-_5s65pp9/\346\261\202\350\247\243\345\231\250>, "/usr/lib/locale/C.utf8/LC_MEASUREMENT", O_RDONLY|O_CLOEXEC) = 3</usr/lib/locale/C.utf8/LC_MEASUREMENT>
1123977 openat(AT_FDCWD</tmp/kernel-health-20260923-_5s65pp9/\346\261\202\350\247\243\345\231\250>, "/usr/lib/locale/C.UTF-8/LC_TELEPHONE", O_RDONLY|O_CLOEXEC) = -1 ENOENT (No such file or directory)
1123977 openat(AT_FDCWD</tmp/kernel-health-20260923-_5s65pp9/\346\261\202\350\247\243\345\231\250>, "/usr/lib/locale/C.utf8/LC_TELEPHONE", O_RDONLY|O_CLOEXEC) = 3</usr/lib/locale/C.utf8/LC_TELEPHONE>
1123977 openat(AT_FDCWD</tmp/kernel-health-20260923-_5s65pp9/\346\261\202\350\247\243\345\231\250>, "/usr/lib/locale/C.UTF-8/LC_ADDRESS", O_RDONLY|O_CLOEXEC) = -1 ENOENT (No such file or directory)
1123977 openat(AT_FDCWD</tmp/kernel-health-20260923-_5s65pp9/\346\261\202\350\247\243\345\231\250>, "/usr/lib/locale/C.utf8/LC_ADDRESS", O_RDONLY|O_CLOEXEC) = 3</usr/lib/locale/C.utf8/LC_ADDRESS>
1123977 openat(AT_FDCWD</tmp/kernel-health-20260923-_5s65pp9/\346\261\202\350\247\243\345\231\250>, "/usr/lib/locale/C.UTF-8/LC_NAME", O_RDONLY|O_CLOEXEC) = -1 ENOENT (No such file or directory)
1123977 openat(AT_FDCWD</tmp/kernel-health-20260923-_5s65pp9/\346\261\202\350\247\243\345\231\250>, "/usr/lib/locale/C.utf8/LC_NAME", O_RDONLY|O_CLOEXEC) = 3</usr/lib/locale/C.utf8/LC_NAME>
1123977 openat(AT_FDCWD</tmp/kernel-health-20260923-_5s65pp9/\346\261\202\350\247\243\345\231\250>, "/usr/lib/locale/C.UTF-8/LC_PAPER", O_RDONLY|O_CLOEXEC) = -1 ENOENT (No such file or directory)
1123977 openat(AT_FDCWD</tmp/kernel-health-20260923-_5s65pp9/\346\261\202\350\247\243\345\231\250>, "/usr/lib/locale/C.utf8/LC_PAPER", O_RDONLY|O_CLOEXEC) = 3</usr/lib/locale/C.utf8/LC_PAPER>
1123977 openat(AT_FDCWD</tmp/kernel-health-20260923-_5s65pp9/\346\261\202\350\247\243\345\231\250>, "/usr/lib/locale/C.UTF-8/LC_MESSAGES", O_RDONLY|O_CLOEXEC) = -1 ENOENT (No such file or directory)
1123977 openat(AT_FDCWD</tmp/kernel-health-20260923-_5s65pp9/\346\261\202\350\247\243\345\231\250>, "/usr/lib/locale/C.utf8/LC_MESSAGES", O_RDONLY|O_CLOEXEC) = 3</usr/lib/locale/C.utf8/LC_MESSAGES>
1123977 openat(AT_FDCWD</tmp/kernel-health-20260923-_5s65pp9/\346\261\202\350\247\243\345\231\250>, "/usr/lib/locale/C.utf8/LC_MESSAGES/SYS_LC_MESSAGES", O_RDONLY|O_CLOEXEC) = 3</usr/lib/locale/C.utf8/LC_MESSAGES/SYS_LC_MESSAGES>
1123977 openat(AT_FDCWD</tmp/kernel-health-20260923-_5s65pp9/\346\261\202\350\247\243\345\231\250>, "/usr/lib/locale/C.UTF-8/LC_MONETARY", O_RDONLY|O_CLOEXEC) = -1 ENOENT (No such file or directory)
1123977 openat(AT_FDCWD</tmp/kernel-health-20260923-_5s65pp9/\346\261\202\350\247\243\345\231\250>, "/usr/lib/locale/C.utf8/LC_MONETARY", O_RDONLY|O_CLOEXEC) = 3</usr/lib/locale/C.utf8/LC_MONETARY>
1123977 openat(AT_FDCWD</tmp/kernel-health-20260923-_5s65pp9/\346\261\202\350\247\243\345\231\250>, "/usr/lib/locale/C.UTF-8/LC_COLLATE", O_RDONLY|O_CLOEXEC) = -1 ENOENT (No such file or directory)
1123977 openat(AT_FDCWD</tmp/kernel-health-20260923-_5s65pp9/\346\261\202\350\247\243\345\231\250>, "/usr/lib/locale/C.utf8/LC_COLLATE", O_RDONLY|O_CLOEXEC) = 3</usr/lib/locale/C.utf8/LC_COLLATE>
1123977 openat(AT_FDCWD</tmp/kernel-health-20260923-_5s65pp9/\346\261\202\350\247\243\345\231\250>, "/usr/lib/locale/C.UTF-8/LC_TIME", O_RDONLY|O_CLOEXEC) = -1 ENOENT (No such file or directory)
1123977 openat(AT_FDCWD</tmp/kernel-health-20260923-_5s65pp9/\346\261\202\350\247\243\345\231\250>, "/usr/lib/locale/C.utf8/LC_TIME", O_RDONLY|O_CLOEXEC) = 3</usr/lib/locale/C.utf8/LC_TIME>
1123977 openat(AT_FDCWD</tmp/kernel-health-20260923-_5s65pp9/\346\261\202\350\247\243\345\231\250>, "/usr/lib/locale/C.UTF-8/LC_NUMERIC", O_RDONLY|O_CLOEXEC) = -1 ENOENT (No such file or directory)
1123977 openat(AT_FDCWD</tmp/kernel-health-20260923-_5s65pp9/\346\261\202\350\247\243\345\231\250>, "/usr/lib/locale/C.utf8/LC_NUMERIC", O_RDONLY|O_CLOEXEC) = 3</usr/lib/locale/C.utf8/LC_NUMERIC>
1123977 openat(AT_FDCWD</tmp/kernel-health-20260923-_5s65pp9/\346\261\202\350\247\243\345\231\250>, "/usr/lib/locale/C.UTF-8/LC_CTYPE", O_RDONLY|O_CLOEXEC) = -1 ENOENT (No such file or directory)
1123977 openat(AT_FDCWD</tmp/kernel-health-20260923-_5s65pp9/\346\261\202\350\247\243\345\231\250>, "/usr/lib/locale/C.utf8/LC_CTYPE", O_RDONLY|O_CLOEXEC) = 3</usr/lib/locale/C.utf8/LC_CTYPE>
1123977 openat(AT_FDCWD</tmp/kernel-health-20260923-_5s65pp9/\346\261\202\350\247\243\345\231\250>, "/tmp/kernel-health-20260923-_5s65pp9/\346\261\202\350\247\243\345\231\250/crates/kernel/src/lib.rs", O_RDONLY) = 3</tmp/kernel-health-20260923-_5s65pp9/\346\261\202\350\247\243\345\231\250/crates/kernel/src/lib.rs>
1123938 --- SIGCHLD {si_signo=SIGCHLD, si_code=CLD_EXITED, si_pid=1123977, si_uid=1000, si_status=0, si_utime=0, si_stime=0} ---
1123938 openat(AT_FDCWD</tmp/kernel-health-20260923-_5s65pp9/\346\261\202\350\247\243\345\231\250>, "/dev/null", O_RDONLY|O_CLOEXEC) = 3</dev/null<char 1:3>>
1123978 execve("/home/zhuran24/.codex/tmp/arg0/codex-arg07mihkU/sha256sum", ["sha256sum", "--", "/tmp/kernel-health-20260923-_5s65pp9/\346\261\202\350\247\243\345\231\250/crates/kernel/src/main.rs"], 0x7ffef62f4cb8 /* 135 vars */) = -1 ENOENT (No such file or directory)
1123978 execve("/home/zhuran24/.cargo/bin/sha256sum", ["sha256sum", "--", "/tmp/kernel-health-20260923-_5s65pp9/\346\261\202\350\247\243\345\231\250/crates/kernel/src/main.rs"], 0x7ffef62f4cb8 /* 135 vars */) = -1 ENOENT (No such file or directory)
1123978 execve("/home/zhuran24/.local/bin/sha256sum", ["sha256sum", "--", "/tmp/kernel-health-20260923-_5s65pp9/\346\261\202\350\247\243\345\231\250/crates/kernel/src/main.rs"], 0x7ffef62f4cb8 /* 135 vars */) = -1 ENOENT (No such file or directory)
1123978 execve("/home/zhuran24/.opencode/bin/sha256sum", ["sha256sum", "--", "/tmp/kernel-health-20260923-_5s65pp9/\346\261\202\350\247\243\345\231\250/crates/kernel/src/main.rs"], 0x7ffef62f4cb8 /* 135 vars */) = -1 ENOENT (No such file or directory)
1123978 execve("/usr/local/bin/sha256sum", ["sha256sum", "--", "/tmp/kernel-health-20260923-_5s65pp9/\346\261\202\350\247\243\345\231\250/crates/kernel/src/main.rs"], 0x7ffef62f4cb8 /* 135 vars */) = -1 ENOENT (No such file or directory)
1123978 execve("/usr/bin/sha256sum", ["sha256sum", "--", "/tmp/kernel-health-20260923-_5s65pp9/\346\261\202\350\247\243\345\231\250/crates/kernel/src/main.rs"], 0x7ffef62f4cb8 /* 135 vars */) = 0
1123978 openat(AT_FDCWD</tmp/kernel-health-20260923-_5s65pp9/\346\261\202\350\247\243\345\231\250>, "/etc/ld.so.cache", O_RDONLY|O_CLOEXEC) = 3</etc/ld.so.cache>
1123978 openat(AT_FDCWD</tmp/kernel-health-20260923-_5s65pp9/\346\261\202\350\247\243\345\231\250>, "/usr/lib/libcrypto.so.3", O_RDONLY|O_CLOEXEC) = 3</usr/lib/libcrypto.so.3>
1123978 openat(AT_FDCWD</tmp/kernel-health-20260923-_5s65pp9/\346\261\202\350\247\243\345\231\250>, "/usr/lib/libc.so.6", O_RDONLY|O_CLOEXEC) = 3</usr/lib/libc.so.6>
1123978 openat(AT_FDCWD</tmp/kernel-health-20260923-_5s65pp9/\346\261\202\350\247\243\345\231\250>, "/usr/lib/libz.so.1", O_RDONLY|O_CLOEXEC) = 3</usr/lib/libz.so.1.3.1.zlib-ng>
1123978 openat(AT_FDCWD</tmp/kernel-health-20260923-_5s65pp9/\346\261\202\350\247\243\345\231\250>, "/usr/lib/libbrotlienc.so.1", O_RDONLY|O_CLOEXEC) = 3</usr/lib/libbrotlienc.so.1.2.0>
1123978 openat(AT_FDCWD</tmp/kernel-health-20260923-_5s65pp9/\346\261\202\350\247\243\345\231\250>, "/usr/lib/libbrotlidec.so.1", O_RDONLY|O_CLOEXEC) = 3</usr/lib/libbrotlidec.so.1.2.0>
1123978 openat(AT_FDCWD</tmp/kernel-health-20260923-_5s65pp9/\346\261\202\350\247\243\345\231\250>, "/usr/lib/libzstd.so.1", O_RDONLY|O_CLOEXEC) = 3</usr/lib/libzstd.so.1.5.7>
1123978 openat(AT_FDCWD</tmp/kernel-health-20260923-_5s65pp9/\346\261\202\350\247\243\345\231\250>, "/usr/lib/libm.so.6", O_RDONLY|O_CLOEXEC) = 3</usr/lib/libm.so.6>
1123978 openat(AT_FDCWD</tmp/kernel-health-20260923-_5s65pp9/\346\261\202\350\247\243\345\231\250>, "/usr/lib/libbrotlicommon.so.1", O_RDONLY|O_CLOEXEC) = 3</usr/lib/libbrotlicommon.so.1.2.0>
1123978 openat(AT_FDCWD</tmp/kernel-health-20260923-_5s65pp9/\346\261\202\350\247\243\345\231\250>, "/usr/lib/locale/locale-archive", O_RDONLY|O_CLOEXEC) = 3</usr/lib/locale/locale-archive>
1123978 openat(AT_FDCWD</tmp/kernel-health-20260923-_5s65pp9/\346\261\202\350\247\243\345\231\250>, "/usr/share/locale/locale.alias", O_RDONLY|O_CLOEXEC) = 3</usr/share/locale/locale.alias>
1123978 openat(AT_FDCWD</tmp/kernel-health-20260923-_5s65pp9/\346\261\202\350\247\243\345\231\250>, "/usr/lib/locale/C.UTF-8/LC_IDENTIFICATION", O_RDONLY|O_CLOEXEC) = -1 ENOENT (No such file or directory)
1123978 openat(AT_FDCWD</tmp/kernel-health-20260923-_5s65pp9/\346\261\202\350\247\243\345\231\250>, "/usr/lib/locale/C.utf8/LC_IDENTIFICATION", O_RDONLY|O_CLOEXEC) = 3</usr/lib/locale/C.utf8/LC_IDENTIFICATION>
1123978 openat(AT_FDCWD</tmp/kernel-health-20260923-_5s65pp9/\346\261\202\350\247\243\345\231\250>, "/usr/lib/gconv/gconv-modules.cache", O_RDONLY|O_CLOEXEC) = 3</usr/lib/gconv/gconv-modules.cache>
1123978 openat(AT_FDCWD</tmp/kernel-health-20260923-_5s65pp9/\346\261\202\350\247\243\345\231\250>, "/usr/lib/locale/C.UTF-8/LC_MEASUREMENT", O_RDONLY|O_CLOEXEC) = -1 ENOENT (No such file or directory)
1123978 openat(AT_FDCWD</tmp/kernel-health-20260923-_5s65pp9/\346\261\202\350\247\243\345\231\250>, "/usr/lib/locale/C.utf8/LC_MEASUREMENT", O_RDONLY|O_CLOEXEC) = 3</usr/lib/locale/C.utf8/LC_MEASUREMENT>
1123978 openat(AT_FDCWD</tmp/kernel-health-20260923-_5s65pp9/\346\261\202\350\247\243\345\231\250>, "/usr/lib/locale/C.UTF-8/LC_TELEPHONE", O_RDONLY|O_CLOEXEC) = -1 ENOENT (No such file or directory)
1123978 openat(AT_FDCWD</tmp/kernel-health-20260923-_5s65pp9/\346\261\202\350\247\243\345\231\250>, "/usr/lib/locale/C.utf8/LC_TELEPHONE", O_RDONLY|O_CLOEXEC) = 3</usr/lib/locale/C.utf8/LC_TELEPHONE>
1123978 openat(AT_FDCWD</tmp/kernel-health-20260923-_5s65pp9/\346\261\202\350\247\243\345\231\250>, "/usr/lib/locale/C.UTF-8/LC_ADDRESS", O_RDONLY|O_CLOEXEC) = -1 ENOENT (No such file or directory)
1123978 openat(AT_FDCWD</tmp/kernel-health-20260923-_5s65pp9/\346\261\202\350\247\243\345\231\250>, "/usr/lib/locale/C.utf8/LC_ADDRESS", O_RDONLY|O_CLOEXEC) = 3</usr/lib/locale/C.utf8/LC_ADDRESS>
1123978 openat(AT_FDCWD</tmp/kernel-health-20260923-_5s65pp9/\346\261\202\350\247\243\345\231\250>, "/usr/lib/locale/C.UTF-8/LC_NAME", O_RDONLY|O_CLOEXEC) = -1 ENOENT (No such file or directory)
1123978 openat(AT_FDCWD</tmp/kernel-health-20260923-_5s65pp9/\346\261\202\350\247\243\345\231\250>, "/usr/lib/locale/C.utf8/LC_NAME", O_RDONLY|O_CLOEXEC) = 3</usr/lib/locale/C.utf8/LC_NAME>
1123978 openat(AT_FDCWD</tmp/kernel-health-20260923-_5s65pp9/\346\261\202\350\247\243\345\231\250>, "/usr/lib/locale/C.UTF-8/LC_PAPER", O_RDONLY|O_CLOEXEC) = -1 ENOENT (No such file or directory)
1123978 openat(AT_FDCWD</tmp/kernel-health-20260923-_5s65pp9/\346\261\202\350\247\243\345\231\250>, "/usr/lib/locale/C.utf8/LC_PAPER", O_RDONLY|O_CLOEXEC) = 3</usr/lib/locale/C.utf8/LC_PAPER>
1123978 openat(AT_FDCWD</tmp/kernel-health-20260923-_5s65pp9/\346\261\202\350\247\243\345\231\250>, "/usr/lib/locale/C.UTF-8/LC_MESSAGES", O_RDONLY|O_CLOEXEC) = -1 ENOENT (No such file or directory)
1123978 openat(AT_FDCWD</tmp/kernel-health-20260923-_5s65pp9/\346\261\202\350\247\243\345\231\250>, "/usr/lib/locale/C.utf8/LC_MESSAGES", O_RDONLY|O_CLOEXEC) = 3</usr/lib/locale/C.utf8/LC_MESSAGES>
1123978 openat(AT_FDCWD</tmp/kernel-health-20260923-_5s65pp9/\346\261\202\350\247\243\345\231\250>, "/usr/lib/locale/C.utf8/LC_MESSAGES/SYS_LC_MESSAGES", O_RDONLY|O_CLOEXEC) = 3</usr/lib/locale/C.utf8/LC_MESSAGES/SYS_LC_MESSAGES>
1123978 openat(AT_FDCWD</tmp/kernel-health-20260923-_5s65pp9/\346\261\202\350\247\243\345\231\250>, "/usr/lib/locale/C.UTF-8/LC_MONETARY", O_RDONLY|O_CLOEXEC) = -1 ENOENT (No such file or directory)
1123978 openat(AT_FDCWD</tmp/kernel-health-20260923-_5s65pp9/\346\261\202\350\247\243\345\231\250>, "/usr/lib/locale/C.utf8/LC_MONETARY", O_RDONLY|O_CLOEXEC) = 3</usr/lib/locale/C.utf8/LC_MONETARY>
1123978 openat(AT_FDCWD</tmp/kernel-health-20260923-_5s65pp9/\346\261\202\350\247\243\345\231\250>, "/usr/lib/locale/C.UTF-8/LC_COLLATE", O_RDONLY|O_CLOEXEC) = -1 ENOENT (No such file or directory)
1123978 openat(AT_FDCWD</tmp/kernel-health-20260923-_5s65pp9/\346\261\202\350\247\243\345\231\250>, "/usr/lib/locale/C.utf8/LC_COLLATE", O_RDONLY|O_CLOEXEC) = 3</usr/lib/locale/C.utf8/LC_COLLATE>
1123978 openat(AT_FDCWD</tmp/kernel-health-20260923-_5s65pp9/\346\261\202\350\247\243\345\231\250>, "/usr/lib/locale/C.UTF-8/LC_TIME", O_RDONLY|O_CLOEXEC) = -1 ENOENT (No such file or directory)
1123978 openat(AT_FDCWD</tmp/kernel-health-20260923-_5s65pp9/\346\261\202\350\247\243\345\231\250>, "/usr/lib/locale/C.utf8/LC_TIME", O_RDONLY|O_CLOEXEC) = 3</usr/lib/locale/C.utf8/LC_TIME>
1123978 openat(AT_FDCWD</tmp/kernel-health-20260923-_5s65pp9/\346\261\202\350\247\243\345\231\250>, "/usr/lib/locale/C.UTF-8/LC_NUMERIC", O_RDONLY|O_CLOEXEC) = -1 ENOENT (No such file or directory)
1123978 openat(AT_FDCWD</tmp/kernel-health-20260923-_5s65pp9/\346\261\202\350\247\243\345\231\250>, "/usr/lib/locale/C.utf8/LC_NUMERIC", O_RDONLY|O_CLOEXEC) = 3</usr/lib/locale/C.utf8/LC_NUMERIC>
1123978 openat(AT_FDCWD</tmp/kernel-health-20260923-_5s65pp9/\346\261\202\350\247\243\345\231\250>, "/usr/lib/locale/C.UTF-8/LC_CTYPE", O_RDONLY|O_CLOEXEC) = -1 ENOENT (No such file or directory)
1123978 openat(AT_FDCWD</tmp/kernel-health-20260923-_5s65pp9/\346\261\202\350\247\243\345\231\250>, "/usr/lib/locale/C.utf8/LC_CTYPE", O_RDONLY|O_CLOEXEC) = 3</usr/lib/locale/C.utf8/LC_CTYPE>
1123978 openat(AT_FDCWD</tmp/kernel-health-20260923-_5s65pp9/\346\261\202\350\247\243\345\231\250>, "/tmp/kernel-health-20260923-_5s65pp9/\346\261\202\350\247\243\345\231\250/crates/kernel/src/main.rs", O_RDONLY) = 3</tmp/kernel-health-20260923-_5s65pp9/\346\261\202\350\247\243\345\231\250/crates/kernel/src/main.rs>
1123938 --- SIGCHLD {si_signo=SIGCHLD, si_code=CLD_EXITED, si_pid=1123978, si_uid=1000, si_status=0, si_utime=0, si_stime=0} ---
1123938 openat(AT_FDCWD</tmp/kernel-health-20260923-_5s65pp9/\346\261\202\350\247\243\345\231\250>, "/dev/null", O_RDONLY|O_CLOEXEC) = 3</dev/null<char 1:3>>
1123979 execve("/home/zhuran24/.codex/tmp/arg0/codex-arg07mihkU/sha256sum", ["sha256sum", "--", "/tmp/kernel-health-20260923-_5s65pp9/\346\261\202\350\247\243\345\231\250/Cargo.toml"], 0x7ffef62f4cb8 /* 135 vars */) = -1 ENOENT (No such file or directory)
1123979 execve("/home/zhuran24/.cargo/bin/sha256sum", ["sha256sum", "--", "/tmp/kernel-health-20260923-_5s65pp9/\346\261\202\350\247\243\345\231\250/Cargo.toml"], 0x7ffef62f4cb8 /* 135 vars */) = -1 ENOENT (No such file or directory)
1123979 execve("/home/zhuran24/.local/bin/sha256sum", ["sha256sum", "--", "/tmp/kernel-health-20260923-_5s65pp9/\346\261\202\350\247\243\345\231\250/Cargo.toml"], 0x7ffef62f4cb8 /* 135 vars */) = -1 ENOENT (No such file or directory)
1123979 execve("/home/zhuran24/.opencode/bin/sha256sum", ["sha256sum", "--", "/tmp/kernel-health-20260923-_5s65pp9/\346\261\202\350\247\243\345\231\250/Cargo.toml"], 0x7ffef62f4cb8 /* 135 vars */) = -1 ENOENT (No such file or directory)
1123979 execve("/usr/local/bin/sha256sum", ["sha256sum", "--", "/tmp/kernel-health-20260923-_5s65pp9/\346\261\202\350\247\243\345\231\250/Cargo.toml"], 0x7ffef62f4cb8 /* 135 vars */) = -1 ENOENT (No such file or directory)
1123979 execve("/usr/bin/sha256sum", ["sha256sum", "--", "/tmp/kernel-health-20260923-_5s65pp9/\346\261\202\350\247\243\345\231\250/Cargo.toml"], 0x7ffef62f4cb8 /* 135 vars */) = 0
1123979 openat(AT_FDCWD</tmp/kernel-health-20260923-_5s65pp9/\346\261\202\350\247\243\345\231\250>, "/etc/ld.so.cache", O_RDONLY|O_CLOEXEC) = 3</etc/ld.so.cache>
1123979 openat(AT_FDCWD</tmp/kernel-health-20260923-_5s65pp9/\346\261\202\350\247\243\345\231\250>, "/usr/lib/libcrypto.so.3", O_RDONLY|O_CLOEXEC) = 3</usr/lib/libcrypto.so.3>
1123979 openat(AT_FDCWD</tmp/kernel-health-20260923-_5s65pp9/\346\261\202\350\247\243\345\231\250>, "/usr/lib/libc.so.6", O_RDONLY|O_CLOEXEC) = 3</usr/lib/libc.so.6>
1123979 openat(AT_FDCWD</tmp/kernel-health-20260923-_5s65pp9/\346\261\202\350\247\243\345\231\250>, "/usr/lib/libz.so.1", O_RDONLY|O_CLOEXEC) = 3</usr/lib/libz.so.1.3.1.zlib-ng>
1123979 openat(AT_FDCWD</tmp/kernel-health-20260923-_5s65pp9/\346\261\202\350\247\243\345\231\250>, "/usr/lib/libbrotlienc.so.1", O_RDONLY|O_CLOEXEC) = 3</usr/lib/libbrotlienc.so.1.2.0>
1123979 openat(AT_FDCWD</tmp/kernel-health-20260923-_5s65pp9/\346\261\202\350\247\243\345\231\250>, "/usr/lib/libbrotlidec.so.1", O_RDONLY|O_CLOEXEC) = 3</usr/lib/libbrotlidec.so.1.2.0>
1123979 openat(AT_FDCWD</tmp/kernel-health-20260923-_5s65pp9/\346\261\202\350\247\243\345\231\250>, "/usr/lib/libzstd.so.1", O_RDONLY|O_CLOEXEC) = 3</usr/lib/libzstd.so.1.5.7>
1123979 openat(AT_FDCWD</tmp/kernel-health-20260923-_5s65pp9/\346\261\202\350\247\243\345\231\250>, "/usr/lib/libm.so.6", O_RDONLY|O_CLOEXEC) = 3</usr/lib/libm.so.6>
1123979 openat(AT_FDCWD</tmp/kernel-health-20260923-_5s65pp9/\346\261\202\350\247\243\345\231\250>, "/usr/lib/libbrotlicommon.so.1", O_RDONLY|O_CLOEXEC) = 3</usr/lib/libbrotlicommon.so.1.2.0>
1123979 openat(AT_FDCWD</tmp/kernel-health-20260923-_5s65pp9/\346\261\202\350\247\243\345\231\250>, "/usr/lib/locale/locale-archive", O_RDONLY|O_CLOEXEC) = 3</usr/lib/locale/locale-archive>
1123979 openat(AT_FDCWD</tmp/kernel-health-20260923-_5s65pp9/\346\261\202\350\247\243\345\231\250>, "/usr/share/locale/locale.alias", O_RDONLY|O_CLOEXEC) = 3</usr/share/locale/locale.alias>
1123979 openat(AT_FDCWD</tmp/kernel-health-20260923-_5s65pp9/\346\261\202\350\247\243\345\231\250>, "/usr/lib/locale/C.UTF-8/LC_IDENTIFICATION", O_RDONLY|O_CLOEXEC) = -1 ENOENT (No such file or directory)
1123979 openat(AT_FDCWD</tmp/kernel-health-20260923-_5s65pp9/\346\261\202\350\247\243\345\231\250>, "/usr/lib/locale/C.utf8/LC_IDENTIFICATION", O_RDONLY|O_CLOEXEC) = 3</usr/lib/locale/C.utf8/LC_IDENTIFICATION>
1123979 openat(AT_FDCWD</tmp/kernel-health-20260923-_5s65pp9/\346\261\202\350\247\243\345\231\250>, "/usr/lib/gconv/gconv-modules.cache", O_RDONLY|O_CLOEXEC) = 3</usr/lib/gconv/gconv-modules.cache>
1123979 openat(AT_FDCWD</tmp/kernel-health-20260923-_5s65pp9/\346\261\202\350\247\243\345\231\250>, "/usr/lib/locale/C.UTF-8/LC_MEASUREMENT", O_RDONLY|O_CLOEXEC) = -1 ENOENT (No such file or directory)
1123979 openat(AT_FDCWD</tmp/kernel-health-20260923-_5s65pp9/\346\261\202\350\247\243\345\231\250>, "/usr/lib/locale/C.utf8/LC_MEASUREMENT", O_RDONLY|O_CLOEXEC) = 3</usr/lib/locale/C.utf8/LC_MEASUREMENT>
1123979 openat(AT_FDCWD</tmp/kernel-health-20260923-_5s65pp9/\346\261\202\350\247\243\345\231\250>, "/usr/lib/locale/C.UTF-8/LC_TELEPHONE", O_RDONLY|O_CLOEXEC) = -1 ENOENT (No such file or directory)
1123979 openat(AT_FDCWD</tmp/kernel-health-20260923-_5s65pp9/\346\261\202\350\247\243\345\231\250>, "/usr/lib/locale/C.utf8/LC_TELEPHONE", O_RDONLY|O_CLOEXEC) = 3</usr/lib/locale/C.utf8/LC_TELEPHONE>
1123979 openat(AT_FDCWD</tmp/kernel-health-20260923-_5s65pp9/\346\261\202\350\247\243\345\231\250>, "/usr/lib/locale/C.UTF-8/LC_ADDRESS", O_RDONLY|O_CLOEXEC) = -1 ENOENT (No such file or directory)
1123979 openat(AT_FDCWD</tmp/kernel-health-20260923-_5s65pp9/\346\261\202\350\247\243\345\231\250>, "/usr/lib/locale/C.utf8/LC_ADDRESS", O_RDONLY|O_CLOEXEC) = 3</usr/lib/locale/C.utf8/LC_ADDRESS>
1123979 openat(AT_FDCWD</tmp/kernel-health-20260923-_5s65pp9/\346\261\202\350\247\243\345\231\250>, "/usr/lib/locale/C.UTF-8/LC_NAME", O_RDONLY|O_CLOEXEC) = -1 ENOENT (No such file or directory)
1123979 openat(AT_FDCWD</tmp/kernel-health-20260923-_5s65pp9/\346\261\202\350\247\243\345\231\250>, "/usr/lib/locale/C.utf8/LC_NAME", O_RDONLY|O_CLOEXEC) = 3</usr/lib/locale/C.utf8/LC_NAME>
1123979 openat(AT_FDCWD</tmp/kernel-health-20260923-_5s65pp9/\346\261\202\350\247\243\345\231\250>, "/usr/lib/locale/C.UTF-8/LC_PAPER", O_RDONLY|O_CLOEXEC) = -1 ENOENT (No such file or directory)
1123979 openat(AT_FDCWD</tmp/kernel-health-20260923-_5s65pp9/\346\261\202\350\247\243\345\231\250>, "/usr/lib/locale/C.utf8/LC_PAPER", O_RDONLY|O_CLOEXEC) = 3</usr/lib/locale/C.utf8/LC_PAPER>
1123979 openat(AT_FDCWD</tmp/kernel-health-20260923-_5s65pp9/\346\261\202\350\247\243\345\231\250>, "/usr/lib/locale/C.UTF-8/LC_MESSAGES", O_RDONLY|O_CLOEXEC) = -1 ENOENT (No such file or directory)
1123979 openat(AT_FDCWD</tmp/kernel-health-20260923-_5s65pp9/\346\261\202\350\247\243\345\231\250>, "/usr/lib/locale/C.utf8/LC_MESSAGES", O_RDONLY|O_CLOEXEC) = 3</usr/lib/locale/C.utf8/LC_MESSAGES>
1123979 openat(AT_FDCWD</tmp/kernel-health-20260923-_5s65pp9/\346\261\202\350\247\243\345\231\250>, "/usr/lib/locale/C.utf8/LC_MESSAGES/SYS_LC_MESSAGES", O_RDONLY|O_CLOEXEC) = 3</usr/lib/locale/C.utf8/LC_MESSAGES/SYS_LC_MESSAGES>
1123979 openat(AT_FDCWD</tmp/kernel-health-20260923-_5s65pp9/\346\261\202\350\247\243\345\231\250>, "/usr/lib/locale/C.UTF-8/LC_MONETARY", O_RDONLY|O_CLOEXEC) = -1 ENOENT (No such file or directory)
1123979 openat(AT_FDCWD</tmp/kernel-health-20260923-_5s65pp9/\346\261\202\350\247\243\345\231\250>, "/usr/lib/locale/C.utf8/LC_MONETARY", O_RDONLY|O_CLOEXEC) = 3</usr/lib/locale/C.utf8/LC_MONETARY>
1123979 openat(AT_FDCWD</tmp/kernel-health-20260923-_5s65pp9/\346\261\202\350\247\243\345\231\250>, "/usr/lib/locale/C.UTF-8/LC_COLLATE", O_RDONLY|O_CLOEXEC) = -1 ENOENT (No such file or directory)
1123979 openat(AT_FDCWD</tmp/kernel-health-20260923-_5s65pp9/\346\261\202\350\247\243\345\231\250>, "/usr/lib/locale/C.utf8/LC_COLLATE", O_RDONLY|O_CLOEXEC) = 3</usr/lib/locale/C.utf8/LC_COLLATE>
1123979 openat(AT_FDCWD</tmp/kernel-health-20260923-_5s65pp9/\346\261\202\350\247\243\345\231\250>, "/usr/lib/locale/C.UTF-8/LC_TIME", O_RDONLY|O_CLOEXEC) = -1 ENOENT (No such file or directory)
1123979 openat(AT_FDCWD</tmp/kernel-health-20260923-_5s65pp9/\346\261\202\350\247\243\345\231\250>, "/usr/lib/locale/C.utf8/LC_TIME", O_RDONLY|O_CLOEXEC) = 3</usr/lib/locale/C.utf8/LC_TIME>
1123979 openat(AT_FDCWD</tmp/kernel-health-20260923-_5s65pp9/\346\261\202\350\247\243\345\231\250>, "/usr/lib/locale/C.UTF-8/LC_NUMERIC", O_RDONLY|O_CLOEXEC) = -1 ENOENT (No such file or directory)
1123979 openat(AT_FDCWD</tmp/kernel-health-20260923-_5s65pp9/\346\261\202\350\247\243\345\231\250>, "/usr/lib/locale/C.utf8/LC_NUMERIC", O_RDONLY|O_CLOEXEC) = 3</usr/lib/locale/C.utf8/LC_NUMERIC>
1123979 openat(AT_FDCWD</tmp/kernel-health-20260923-_5s65pp9/\346\261\202\350\247\243\345\231\250>, "/usr/lib/locale/C.UTF-8/LC_CTYPE", O_RDONLY|O_CLOEXEC) = -1 ENOENT (No such file or directory)
1123979 openat(AT_FDCWD</tmp/kernel-health-20260923-_5s65pp9/\346\261\202\350\247\243\345\231\250>, "/usr/lib/locale/C.utf8/LC_CTYPE", O_RDONLY|O_CLOEXEC) = 3</usr/lib/locale/C.utf8/LC_CTYPE>
1123979 openat(AT_FDCWD</tmp/kernel-health-20260923-_5s65pp9/\346\261\202\350\247\243\345\231\250>, "/tmp/kernel-health-20260923-_5s65pp9/\346\261\202\350\247\243\345\231\250/Cargo.toml", O_RDONLY) = 3</tmp/kernel-health-20260923-_5s65pp9/\346\261\202\350\247\243\345\231\250/Cargo.toml>
1123938 --- SIGCHLD {si_signo=SIGCHLD, si_code=CLD_EXITED, si_pid=1123979, si_uid=1000, si_status=0, si_utime=0, si_stime=0} ---
1123938 openat(AT_FDCWD</tmp/kernel-health-20260923-_5s65pp9/\346\261\202\350\247\243\345\231\250>, "/dev/null", O_RDONLY|O_CLOEXEC) = 3</dev/null<char 1:3>>
1123980 execve("/home/zhuran24/.codex/tmp/arg0/codex-arg07mihkU/sha256sum", ["sha256sum", "--", "/tmp/kernel-health-20260923-_5s65pp9/\346\261\202\350\247\243\345\231\250/Cargo.lock"], 0x7ffef62f4cb8 /* 135 vars */) = -1 ENOENT (No such file or directory)
1123980 execve("/home/zhuran24/.cargo/bin/sha256sum", ["sha256sum", "--", "/tmp/kernel-health-20260923-_5s65pp9/\346\261\202\350\247\243\345\231\250/Cargo.lock"], 0x7ffef62f4cb8 /* 135 vars */) = -1 ENOENT (No such file or directory)
1123980 execve("/home/zhuran24/.local/bin/sha256sum", ["sha256sum", "--", "/tmp/kernel-health-20260923-_5s65pp9/\346\261\202\350\247\243\345\231\250/Cargo.lock"], 0x7ffef62f4cb8 /* 135 vars */) = -1 ENOENT (No such file or directory)
1123980 execve("/home/zhuran24/.opencode/bin/sha256sum", ["sha256sum", "--", "/tmp/kernel-health-20260923-_5s65pp9/\346\261\202\350\247\243\345\231\250/Cargo.lock"], 0x7ffef62f4cb8 /* 135 vars */) = -1 ENOENT (No such file or directory)
1123980 execve("/usr/local/bin/sha256sum", ["sha256sum", "--", "/tmp/kernel-health-20260923-_5s65pp9/\346\261\202\350\247\243\345\231\250/Cargo.lock"], 0x7ffef62f4cb8 /* 135 vars */) = -1 ENOENT (No such file or directory)
1123980 execve("/usr/bin/sha256sum", ["sha256sum", "--", "/tmp/kernel-health-20260923-_5s65pp9/\346\261\202\350\247\243\345\231\250/Cargo.lock"], 0x7ffef62f4cb8 /* 135 vars */) = 0
1123980 openat(AT_FDCWD</tmp/kernel-health-20260923-_5s65pp9/\346\261\202\350\247\243\345\231\250>, "/etc/ld.so.cache", O_RDONLY|O_CLOEXEC) = 3</etc/ld.so.cache>
1123980 openat(AT_FDCWD</tmp/kernel-health-20260923-_5s65pp9/\346\261\202\350\247\243\345\231\250>, "/usr/lib/libcrypto.so.3", O_RDONLY|O_CLOEXEC) = 3</usr/lib/libcrypto.so.3>
1123980 openat(AT_FDCWD</tmp/kernel-health-20260923-_5s65pp9/\346\261\202\350\247\243\345\231\250>, "/usr/lib/libc.so.6", O_RDONLY|O_CLOEXEC) = 3</usr/lib/libc.so.6>
1123980 openat(AT_FDCWD</tmp/kernel-health-20260923-_5s65pp9/\346\261\202\350\247\243\345\231\250>, "/usr/lib/libz.so.1", O_RDONLY|O_CLOEXEC) = 3</usr/lib/libz.so.1.3.1.zlib-ng>
1123980 openat(AT_FDCWD</tmp/kernel-health-20260923-_5s65pp9/\346\261\202\350\247\243\345\231\250>, "/usr/lib/libbrotlienc.so.1", O_RDONLY|O_CLOEXEC) = 3</usr/lib/libbrotlienc.so.1.2.0>
1123980 openat(AT_FDCWD</tmp/kernel-health-20260923-_5s65pp9/\346\261\202\350\247\243\345\231\250>, "/usr/lib/libbrotlidec.so.1", O_RDONLY|O_CLOEXEC) = 3</usr/lib/libbrotlidec.so.1.2.0>
1123980 openat(AT_FDCWD</tmp/kernel-health-20260923-_5s65pp9/\346\261\202\350\247\243\345\231\250>, "/usr/lib/libzstd.so.1", O_RDONLY|O_CLOEXEC) = 3</usr/lib/libzstd.so.1.5.7>
1123980 openat(AT_FDCWD</tmp/kernel-health-20260923-_5s65pp9/\346\261\202\350\247\243\345\231\250>, "/usr/lib/libm.so.6", O_RDONLY|O_CLOEXEC) = 3</usr/lib/libm.so.6>
1123980 openat(AT_FDCWD</tmp/kernel-health-20260923-_5s65pp9/\346\261\202\350\247\243\345\231\250>, "/usr/lib/libbrotlicommon.so.1", O_RDONLY|O_CLOEXEC) = 3</usr/lib/libbrotlicommon.so.1.2.0>
1123980 openat(AT_FDCWD</tmp/kernel-health-20260923-_5s65pp9/\346\261\202\350\247\243\345\231\250>, "/usr/lib/locale/locale-archive", O_RDONLY|O_CLOEXEC) = 3</usr/lib/locale/locale-archive>
1123980 openat(AT_FDCWD</tmp/kernel-health-20260923-_5s65pp9/\346\261\202\350\247\243\345\231\250>, "/usr/share/locale/locale.alias", O_RDONLY|O_CLOEXEC) = 3</usr/share/locale/locale.alias>
1123980 openat(AT_FDCWD</tmp/kernel-health-20260923-_5s65pp9/\346\261\202\350\247\243\345\231\250>, "/usr/lib/locale/C.UTF-8/LC_IDENTIFICATION", O_RDONLY|O_CLOEXEC) = -1 ENOENT (No such file or directory)
1123980 openat(AT_FDCWD</tmp/kernel-health-20260923-_5s65pp9/\346\261\202\350\247\243\345\231\250>, "/usr/lib/locale/C.utf8/LC_IDENTIFICATION", O_RDONLY|O_CLOEXEC) = 3</usr/lib/locale/C.utf8/LC_IDENTIFICATION>
1123980 openat(AT_FDCWD</tmp/kernel-health-20260923-_5s65pp9/\346\261\202\350\247\243\345\231\250>, "/usr/lib/gconv/gconv-modules.cache", O_RDONLY|O_CLOEXEC) = 3</usr/lib/gconv/gconv-modules.cache>
1123980 openat(AT_FDCWD</tmp/kernel-health-20260923-_5s65pp9/\346\261\202\350\247\243\345\231\250>, "/usr/lib/locale/C.UTF-8/LC_MEASUREMENT", O_RDONLY|O_CLOEXEC) = -1 ENOENT (No such file or directory)
1123980 openat(AT_FDCWD</tmp/kernel-health-20260923-_5s65pp9/\346\261\202\350\247\243\345\231\250>, "/usr/lib/locale/C.utf8/LC_MEASUREMENT", O_RDONLY|O_CLOEXEC) = 3</usr/lib/locale/C.utf8/LC_MEASUREMENT>
1123980 openat(AT_FDCWD</tmp/kernel-health-20260923-_5s65pp9/\346\261\202\350\247\243\345\231\250>, "/usr/lib/locale/C.UTF-8/LC_TELEPHONE", O_RDONLY|O_CLOEXEC) = -1 ENOENT (No such file or directory)
1123980 openat(AT_FDCWD</tmp/kernel-health-20260923-_5s65pp9/\346\261\202\350\247\243\345\231\250>, "/usr/lib/locale/C.utf8/LC_TELEPHONE", O_RDONLY|O_CLOEXEC) = 3</usr/lib/locale/C.utf8/LC_TELEPHONE>
1123980 openat(AT_FDCWD</tmp/kernel-health-20260923-_5s65pp9/\346\261\202\350\247\243\345\231\250>, "/usr/lib/locale/C.UTF-8/LC_ADDRESS", O_RDONLY|O_CLOEXEC) = -1 ENOENT (No such file or directory)
1123980 openat(AT_FDCWD</tmp/kernel-health-20260923-_5s65pp9/\346\261\202\350\247\243\345\231\250>, "/usr/lib/locale/C.utf8/LC_ADDRESS", O_RDONLY|O_CLOEXEC) = 3</usr/lib/locale/C.utf8/LC_ADDRESS>
1123980 openat(AT_FDCWD</tmp/kernel-health-20260923-_5s65pp9/\346\261\202\350\247\243\345\231\250>, "/usr/lib/locale/C.UTF-8/LC_NAME", O_RDONLY|O_CLOEXEC) = -1 ENOENT (No such file or directory)
1123980 openat(AT_FDCWD</tmp/kernel-health-20260923-_5s65pp9/\346\261\202\350\247\243\345\231\250>, "/usr/lib/locale/C.utf8/LC_NAME", O_RDONLY|O_CLOEXEC) = 3</usr/lib/locale/C.utf8/LC_NAME>
1123980 openat(AT_FDCWD</tmp/kernel-health-20260923-_5s65pp9/\346\261\202\350\247\243\345\231\250>, "/usr/lib/locale/C.UTF-8/LC_PAPER", O_RDONLY|O_CLOEXEC) = -1 ENOENT (No such file or directory)
1123980 openat(AT_FDCWD</tmp/kernel-health-20260923-_5s65pp9/\346\261\202\350\247\243\345\231\250>, "/usr/lib/locale/C.utf8/LC_PAPER", O_RDONLY|O_CLOEXEC) = 3</usr/lib/locale/C.utf8/LC_PAPER>
1123980 openat(AT_FDCWD</tmp/kernel-health-20260923-_5s65pp9/\346\261\202\350\247\243\345\231\250>, "/usr/lib/locale/C.UTF-8/LC_MESSAGES", O_RDONLY|O_CLOEXEC) = -1 ENOENT (No such file or directory)
1123980 openat(AT_FDCWD</tmp/kernel-health-20260923-_5s65pp9/\346\261\202\350\247\243\345\231\250>, "/usr/lib/locale/C.utf8/LC_MESSAGES", O_RDONLY|O_CLOEXEC) = 3</usr/lib/locale/C.utf8/LC_MESSAGES>
1123980 openat(AT_FDCWD</tmp/kernel-health-20260923-_5s65pp9/\346\261\202\350\247\243\345\231\250>, "/usr/lib/locale/C.utf8/LC_MESSAGES/SYS_LC_MESSAGES", O_RDONLY|O_CLOEXEC) = 3</usr/lib/locale/C.utf8/LC_MESSAGES/SYS_LC_MESSAGES>
1123980 openat(AT_FDCWD</tmp/kernel-health-20260923-_5s65pp9/\346\261\202\350\247\243\345\231\250>, "/usr/lib/locale/C.UTF-8/LC_MONETARY", O_RDONLY|O_CLOEXEC) = -1 ENOENT (No such file or directory)
1123980 openat(AT_FDCWD</tmp/kernel-health-20260923-_5s65pp9/\346\261\202\350\247\243\345\231\250>, "/usr/lib/locale/C.utf8/LC_MONETARY", O_RDONLY|O_CLOEXEC) = 3</usr/lib/locale/C.utf8/LC_MONETARY>
1123980 openat(AT_FDCWD</tmp/kernel-health-20260923-_5s65pp9/\346\261\202\350\247\243\345\231\250>, "/usr/lib/locale/C.UTF-8/LC_COLLATE", O_RDONLY|O_CLOEXEC) = -1 ENOENT (No such file or directory)
1123980 openat(AT_FDCWD</tmp/kernel-health-20260923-_5s65pp9/\346\261\202\350\247\243\345\231\250>, "/usr/lib/locale/C.utf8/LC_COLLATE", O_RDONLY|O_CLOEXEC) = 3</usr/lib/locale/C.utf8/LC_COLLATE>
1123980 openat(AT_FDCWD</tmp/kernel-health-20260923-_5s65pp9/\346\261\202\350\247\243\345\231\250>, "/usr/lib/locale/C.UTF-8/LC_TIME", O_RDONLY|O_CLOEXEC) = -1 ENOENT (No such file or directory)
1123980 openat(AT_FDCWD</tmp/kernel-health-20260923-_5s65pp9/\346\261\202\350\247\243\345\231\250>, "/usr/lib/locale/C.utf8/LC_TIME", O_RDONLY|O_CLOEXEC) = 3</usr/lib/locale/C.utf8/LC_TIME>
1123980 openat(AT_FDCWD</tmp/kernel-health-20260923-_5s65pp9/\346\261\202\350\247\243\345\231\250>, "/usr/lib/locale/C.UTF-8/LC_NUMERIC", O_RDONLY|O_CLOEXEC) = -1 ENOENT (No such file or directory)
1123980 openat(AT_FDCWD</tmp/kernel-health-20260923-_5s65pp9/\346\261\202\350\247\243\345\231\250>, "/usr/lib/locale/C.utf8/LC_NUMERIC", O_RDONLY|O_CLOEXEC) = 3</usr/lib/locale/C.utf8/LC_NUMERIC>
1123980 openat(AT_FDCWD</tmp/kernel-health-20260923-_5s65pp9/\346\261\202\350\247\243\345\231\250>, "/usr/lib/locale/C.UTF-8/LC_CTYPE", O_RDONLY|O_CLOEXEC) = -1 ENOENT (No such file or directory)
1123980 openat(AT_FDCWD</tmp/kernel-health-20260923-_5s65pp9/\346\261\202\350\247\243\345\231\250>, "/usr/lib/locale/C.utf8/LC_CTYPE", O_RDONLY|O_CLOEXEC) = 3</usr/lib/locale/C.utf8/LC_CTYPE>
1123980 openat(AT_FDCWD</tmp/kernel-health-20260923-_5s65pp9/\346\261\202\350\247\243\345\231\250>, "/tmp/kernel-health-20260923-_5s65pp9/\346\261\202\350\247\243\345\231\250/Cargo.lock", O_RDONLY) = 3</tmp/kernel-health-20260923-_5s65pp9/\346\261\202\350\247\243\345\231\250/Cargo.lock>
1123938 --- SIGCHLD {si_signo=SIGCHLD, si_code=CLD_EXITED, si_pid=1123980, si_uid=1000, si_status=0, si_utime=0, si_stime=0} ---
1123938 openat(AT_FDCWD</tmp/kernel-health-20260923-_5s65pp9/\346\261\202\350\247\243\345\231\250>, "/dev/null", O_RDONLY|O_CLOEXEC) = 3</dev/null<char 1:3>>
1123981 execve("/home/zhuran24/.codex/tmp/arg0/codex-arg07mihkU/sha256sum", ["sha256sum", "--", "/tmp/kernel-health-20260923-_5s65pp9/\346\261\202\350\247\243\345\231\250/crates/kernel/Cargo.toml"], 0x7ffef62f4cb8 /* 135 vars */) = -1 ENOENT (No such file or directory)
1123981 execve("/home/zhuran24/.cargo/bin/sha256sum", ["sha256sum", "--", "/tmp/kernel-health-20260923-_5s65pp9/\346\261\202\350\247\243\345\231\250/crates/kernel/Cargo.toml"], 0x7ffef62f4cb8 /* 135 vars */) = -1 ENOENT (No such file or directory)
1123981 execve("/home/zhuran24/.local/bin/sha256sum", ["sha256sum", "--", "/tmp/kernel-health-20260923-_5s65pp9/\346\261\202\350\247\243\345\231\250/crates/kernel/Cargo.toml"], 0x7ffef62f4cb8 /* 135 vars */) = -1 ENOENT (No such file or directory)
1123981 execve("/home/zhuran24/.opencode/bin/sha256sum", ["sha256sum", "--", "/tmp/kernel-health-20260923-_5s65pp9/\346\261\202\350\247\243\345\231\250/crates/kernel/Cargo.toml"], 0x7ffef62f4cb8 /* 135 vars */) = -1 ENOENT (No such file or directory)
1123981 execve("/usr/local/bin/sha256sum", ["sha256sum", "--", "/tmp/kernel-health-20260923-_5s65pp9/\346\261\202\350\247\243\345\231\250/crates/kernel/Cargo.toml"], 0x7ffef62f4cb8 /* 135 vars */) = -1 ENOENT (No such file or directory)
1123981 execve("/usr/bin/sha256sum", ["sha256sum", "--", "/tmp/kernel-health-20260923-_5s65pp9/\346\261\202\350\247\243\345\231\250/crates/kernel/Cargo.toml"], 0x7ffef62f4cb8 /* 135 vars */) = 0
1123981 openat(AT_FDCWD</tmp/kernel-health-20260923-_5s65pp9/\346\261\202\350\247\243\345\231\250>, "/etc/ld.so.cache", O_RDONLY|O_CLOEXEC) = 3</etc/ld.so.cache>
1123981 openat(AT_FDCWD</tmp/kernel-health-20260923-_5s65pp9/\346\261\202\350\247\243\345\231\250>, "/usr/lib/libcrypto.so.3", O_RDONLY|O_CLOEXEC) = 3</usr/lib/libcrypto.so.3>
1123981 openat(AT_FDCWD</tmp/kernel-health-20260923-_5s65pp9/\346\261\202\350\247\243\345\231\250>, "/usr/lib/libc.so.6", O_RDONLY|O_CLOEXEC) = 3</usr/lib/libc.so.6>
1123981 openat(AT_FDCWD</tmp/kernel-health-20260923-_5s65pp9/\346\261\202\350\247\243\345\231\250>, "/usr/lib/libz.so.1", O_RDONLY|O_CLOEXEC) = 3</usr/lib/libz.so.1.3.1.zlib-ng>
1123981 openat(AT_FDCWD</tmp/kernel-health-20260923-_5s65pp9/\346\261\202\350\247\243\345\231\250>, "/usr/lib/libbrotlienc.so.1", O_RDONLY|O_CLOEXEC) = 3</usr/lib/libbrotlienc.so.1.2.0>
1123981 openat(AT_FDCWD</tmp/kernel-health-20260923-_5s65pp9/\346\261\202\350\247\243\345\231\250>, "/usr/lib/libbrotlidec.so.1", O_RDONLY|O_CLOEXEC) = 3</usr/lib/libbrotlidec.so.1.2.0>
1123981 openat(AT_FDCWD</tmp/kernel-health-20260923-_5s65pp9/\346\261\202\350\247\243\345\231\250>, "/usr/lib/libzstd.so.1", O_RDONLY|O_CLOEXEC) = 3</usr/lib/libzstd.so.1.5.7>
1123981 openat(AT_FDCWD</tmp/kernel-health-20260923-_5s65pp9/\346\261\202\350\247\243\345\231\250>, "/usr/lib/libm.so.6", O_RDONLY|O_CLOEXEC) = 3</usr/lib/libm.so.6>
1123981 openat(AT_FDCWD</tmp/kernel-health-20260923-_5s65pp9/\346\261\202\350\247\243\345\231\250>, "/usr/lib/libbrotlicommon.so.1", O_RDONLY|O_CLOEXEC) = 3</usr/lib/libbrotlicommon.so.1.2.0>
1123981 openat(AT_FDCWD</tmp/kernel-health-20260923-_5s65pp9/\346\261\202\350\247\243\345\231\250>, "/usr/lib/locale/locale-archive", O_RDONLY|O_CLOEXEC) = 3</usr/lib/locale/locale-archive>
1123981 openat(AT_FDCWD</tmp/kernel-health-20260923-_5s65pp9/\346\261\202\350\247\243\345\231\250>, "/usr/share/locale/locale.alias", O_RDONLY|O_CLOEXEC) = 3</usr/share/locale/locale.alias>
1123981 openat(AT_FDCWD</tmp/kernel-health-20260923-_5s65pp9/\346\261\202\350\247\243\345\231\250>, "/usr/lib/locale/C.UTF-8/LC_IDENTIFICATION", O_RDONLY|O_CLOEXEC) = -1 ENOENT (No such file or directory)
1123981 openat(AT_FDCWD</tmp/kernel-health-20260923-_5s65pp9/\346\261\202\350\247\243\345\231\250>, "/usr/lib/locale/C.utf8/LC_IDENTIFICATION", O_RDONLY|O_CLOEXEC) = 3</usr/lib/locale/C.utf8/LC_IDENTIFICATION>
1123981 openat(AT_FDCWD</tmp/kernel-health-20260923-_5s65pp9/\346\261\202\350\247\243\345\231\250>, "/usr/lib/gconv/gconv-modules.cache", O_RDONLY|O_CLOEXEC) = 3</usr/lib/gconv/gconv-modules.cache>
1123981 openat(AT_FDCWD</tmp/kernel-health-20260923-_5s65pp9/\346\261\202\350\247\243\345\231\250>, "/usr/lib/locale/C.UTF-8/LC_MEASUREMENT", O_RDONLY|O_CLOEXEC) = -1 ENOENT (No such file or directory)
1123981 openat(AT_FDCWD</tmp/kernel-health-20260923-_5s65pp9/\346\261\202\350\247\243\345\231\250>, "/usr/lib/locale/C.utf8/LC_MEASUREMENT", O_RDONLY|O_CLOEXEC) = 3</usr/lib/locale/C.utf8/LC_MEASUREMENT>
1123981 openat(AT_FDCWD</tmp/kernel-health-20260923-_5s65pp9/\346\261\202\350\247\243\345\231\250>, "/usr/lib/locale/C.UTF-8/LC_TELEPHONE", O_RDONLY|O_CLOEXEC) = -1 ENOENT (No such file or directory)
1123981 openat(AT_FDCWD</tmp/kernel-health-20260923-_5s65pp9/\346\261\202\350\247\243\345\231\250>, "/usr/lib/locale/C.utf8/LC_TELEPHONE", O_RDONLY|O_CLOEXEC) = 3</usr/lib/locale/C.utf8/LC_TELEPHONE>
1123981 openat(AT_FDCWD</tmp/kernel-health-20260923-_5s65pp9/\346\261\202\350\247\243\345\231\250>, "/usr/lib/locale/C.UTF-8/LC_ADDRESS", O_RDONLY|O_CLOEXEC) = -1 ENOENT (No such file or directory)
1123981 openat(AT_FDCWD</tmp/kernel-health-20260923-_5s65pp9/\346\261\202\350\247\243\345\231\250>, "/usr/lib/locale/C.utf8/LC_ADDRESS", O_RDONLY|O_CLOEXEC) = 3</usr/lib/locale/C.utf8/LC_ADDRESS>
1123981 openat(AT_FDCWD</tmp/kernel-health-20260923-_5s65pp9/\346\261\202\350\247\243\345\231\250>, "/usr/lib/locale/C.UTF-8/LC_NAME", O_RDONLY|O_CLOEXEC) = -1 ENOENT (No such file or directory)
1123981 openat(AT_FDCWD</tmp/kernel-health-20260923-_5s65pp9/\346\261\202\350\247\243\345\231\250>, "/usr/lib/locale/C.utf8/LC_NAME", O_RDONLY|O_CLOEXEC) = 3</usr/lib/locale/C.utf8/LC_NAME>
1123981 openat(AT_FDCWD</tmp/kernel-health-20260923-_5s65pp9/\346\261\202\350\247\243\345\231\250>, "/usr/lib/locale/C.UTF-8/LC_PAPER", O_RDONLY|O_CLOEXEC) = -1 ENOENT (No such file or directory)
1123981 openat(AT_FDCWD</tmp/kernel-health-20260923-_5s65pp9/\346\261\202\350\247\243\345\231\250>, "/usr/lib/locale/C.utf8/LC_PAPER", O_RDONLY|O_CLOEXEC) = 3</usr/lib/locale/C.utf8/LC_PAPER>
1123981 openat(AT_FDCWD</tmp/kernel-health-20260923-_5s65pp9/\346\261\202\350\247\243\345\231\250>, "/usr/lib/locale/C.UTF-8/LC_MESSAGES", O_RDONLY|O_CLOEXEC) = -1 ENOENT (No such file or directory)
1123981 openat(AT_FDCWD</tmp/kernel-health-20260923-_5s65pp9/\346\261\202\350\247\243\345\231\250>, "/usr/lib/locale/C.utf8/LC_MESSAGES", O_RDONLY|O_CLOEXEC) = 3</usr/lib/locale/C.utf8/LC_MESSAGES>
1123981 openat(AT_FDCWD</tmp/kernel-health-20260923-_5s65pp9/\346\261\202\350\247\243\345\231\250>, "/usr/lib/locale/C.utf8/LC_MESSAGES/SYS_LC_MESSAGES", O_RDONLY|O_CLOEXEC) = 3</usr/lib/locale/C.utf8/LC_MESSAGES/SYS_LC_MESSAGES>
1123981 openat(AT_FDCWD</tmp/kernel-health-20260923-_5s65pp9/\346\261\202\350\247\243\345\231\250>, "/usr/lib/locale/C.UTF-8/LC_MONETARY", O_RDONLY|O_CLOEXEC) = -1 ENOENT (No such file or directory)
1123981 openat(AT_FDCWD</tmp/kernel-health-20260923-_5s65pp9/\346\261\202\350\247\243\345\231\250>, "/usr/lib/locale/C.utf8/LC_MONETARY", O_RDONLY|O_CLOEXEC) = 3</usr/lib/locale/C.utf8/LC_MONETARY>
1123981 openat(AT_FDCWD</tmp/kernel-health-20260923-_5s65pp9/\346\261\202\350\247\243\345\231\250>, "/usr/lib/locale/C.UTF-8/LC_COLLATE", O_RDONLY|O_CLOEXEC) = -1 ENOENT (No such file or directory)
1123981 openat(AT_FDCWD</tmp/kernel-health-20260923-_5s65pp9/\346\261\202\350\247\243\345\231\250>, "/usr/lib/locale/C.utf8/LC_COLLATE", O_RDONLY|O_CLOEXEC) = 3</usr/lib/locale/C.utf8/LC_COLLATE>
1123981 openat(AT_FDCWD</tmp/kernel-health-20260923-_5s65pp9/\346\261\202\350\247\243\345\231\250>, "/usr/lib/locale/C.UTF-8/LC_TIME", O_RDONLY|O_CLOEXEC) = -1 ENOENT (No such file or directory)
1123981 openat(AT_FDCWD</tmp/kernel-health-20260923-_5s65pp9/\346\261\202\350\247\243\345\231\250>, "/usr/lib/locale/C.utf8/LC_TIME", O_RDONLY|O_CLOEXEC) = 3</usr/lib/locale/C.utf8/LC_TIME>
1123981 openat(AT_FDCWD</tmp/kernel-health-20260923-_5s65pp9/\346\261\202\350\247\243\345\231\250>, "/usr/lib/locale/C.UTF-8/LC_NUMERIC", O_RDONLY|O_CLOEXEC) = -1 ENOENT (No such file or directory)
1123981 openat(AT_FDCWD</tmp/kernel-health-20260923-_5s65pp9/\346\261\202\350\247\243\345\231\250>, "/usr/lib/locale/C.utf8/LC_NUMERIC", O_RDONLY|O_CLOEXEC) = 3</usr/lib/locale/C.utf8/LC_NUMERIC>
1123981 openat(AT_FDCWD</tmp/kernel-health-20260923-_5s65pp9/\346\261\202\350\247\243\345\231\250>, "/usr/lib/locale/C.UTF-8/LC_CTYPE", O_RDONLY|O_CLOEXEC) = -1 ENOENT (No such file or directory)
1123981 openat(AT_FDCWD</tmp/kernel-health-20260923-_5s65pp9/\346\261\202\350\247\243\345\231\250>, "/usr/lib/locale/C.utf8/LC_CTYPE", O_RDONLY|O_CLOEXEC) = 3</usr/lib/locale/C.utf8/LC_CTYPE>
1123981 openat(AT_FDCWD</tmp/kernel-health-20260923-_5s65pp9/\346\261\202\350\247\243\345\231\250>, "/tmp/kernel-health-20260923-_5s65pp9/\346\261\202\350\247\243\345\231\250/crates/kernel/Cargo.toml", O_RDONLY) = 3</tmp/kernel-health-20260923-_5s65pp9/\346\261\202\350\247\243\345\231\250/crates/kernel/Cargo.toml>
1123938 --- SIGCHLD {si_signo=SIGCHLD, si_code=CLD_EXITED, si_pid=1123981, si_uid=1000, si_status=0, si_utime=0, si_stime=0} ---
1123938 openat(AT_FDCWD</tmp/kernel-health-20260923-_5s65pp9/\346\261\202\350\247\243\345\231\250>, "/home/zhuran24/zmd-research-fresh/\346\261\202\350\247\243\345\231\250/target/health-capture/continuation-20260923-v2/cases/run-stopped/artifacts/run-stopped.json", O_WRONLY|O_CREAT|O_TRUNC|O_CLOEXEC, 0666) = 3</home/zhuran24/zmd-research-fresh/\346\261\202\350\247\243\345\231\250/target/health-capture/continuation-20260923-v2/cases/run-stopped/artifacts/run-stopped.json>
