time,pid,tag,rss_kb,hwm_kb,swap_kb
07:23:13,237425,batch_c_probe_3_
batch_c_probe_3_,6356,6356,0
07:23:14,237425,batch_c_probe_3_
batch_c_probe_3_,6356,6356,0
07:23:15,237425,batch_c_probe_3_
batch_c_probe_3_,6356,6356,0
07:23:16,237435,batch_c_probe_3_,139048,153408,0
07:23:17,237435,batch_c_probe_3_,139048,153408,0
07:23:18,237435,batch_c_probe_3_,139048,153408,0
07:23:19,237435,batch_c_probe_3_,139048,153408,0
07:23:20,237435,batch_c_probe_3_,139048,153408,0
07:23:21,237435,batch_c_probe_3_,139048,153408,0
07:23:22,237435,batch_c_probe_3_,139048,153408,0
07:23:23,237435,batch_c_probe_3_,139048,153408,0
07:23:24,237435,batch_c_probe_3_,139048,153408,0
07:23:25,237435,batch_c_probe_3_,337340,337340,0
07:23:26,237435,batch_c_probe_3_,683856,683856,0
07:23:27,237435,batch_c_probe_3_,1020796,1020796,0
07:23:28,237435,batch_c_probe_3_,1233612,1233612,0
07:23:29,237435,batch_c_probe_3_,1501308,1501308,0
07:23:30,237435,batch_c_probe_3_,1714528,1714528,0
07:23:31,237435,batch_c_probe_3_,1716168,1716168,0
07:23:32,237435,batch_c_probe_3_,1718672,1718672,0
07:23:33,237435,batch_c_probe_3_,1724384,1724384,0
07:23:34,237435,batch_c_probe_3_,1745560,1745560,0
07:23:35,237435,batch_c_probe_3_,1758604,1758604,0
07:23:36,237435,batch_c_probe_3_,1771660,1771660,0
07:23:37,237435,batch_c_probe_3_,1784348,1784348,0
07:23:38,237435,batch_c_probe_3_,1796648,1796648,0
07:23:39,237435,batch_c_probe_3_,1808768,1808768,0
07:23:40,237435,batch_c_probe_3_,1821124,1821124,0
07:23:41,237435,batch_c_probe_3_,1833440,1833440,0
07:23:42,237435,batch_c_probe_3_,1845732,1845732,0
07:23:43,237435,batch_c_probe_3_,2067004,2198592,0
07:23:44,237435,batch_c_probe_3_,2130816,2198592,0
07:23:45,237435,batch_c_probe_3_,2130816,2198592,0
07:23:46,237435,batch_c_probe_3_,2471944,2471944,0
07:23:47,237435,batch_c_probe_3_,2782764,2782764,0
07:23:48,237435,batch_c_probe_3_,3093832,3093832,0
07:23:49,237435,batch_c_probe_3_,3402984,3402984,0
07:23:50,237435,batch_c_probe_3_,3629304,3629304,0
07:23:51,237435,batch_c_probe_3_,3632032,3632032,0
07:23:52,237435,batch_c_probe_3_,3635252,3635252,0
07:23:53,237435,batch_c_probe_3_,3636928,3636928,0
07:23:54,237435,batch_c_probe_3_,3905624,3992892,0
07:23:55,237435,batch_c_probe_3_,4390104,4390104,0
07:23:56,237435,batch_c_probe_3_,4390136,4390136,0
07:23:57,237435,batch_c_probe_3_,4390136,4390136,0
07:23:58,237435,batch_c_probe_3_,4390136,4390136,0
07:23:59,237435,batch_c_probe_3_,4390136,4390136,0
07:24:00,237435,batch_c_probe_3_,4390136,4390136,0
07:24:01,237435,batch_c_probe_3_,4390136,4390136,0
07:24:02,237435,batch_c_probe_3_,4593500,4593500,0
07:24:03,237435,batch_c_probe_3_,4787480,4787480,0
07:24:04,237435,batch_c_probe_3_,5347532,5347532,0
07:24:05,237435,batch_c_probe_3_,6601172,6601172,0
07:24:07,237435,batch_c_probe_3_,7693676,7796924,0
07:24:08,237435,batch_c_probe_3_,8983752,8983752,0
07:24:09,237435,batch_c_probe_3_,9139276,9139276,0
07:24:10,237435,batch_c_probe_3_,9207956,9899828,0
07:24:11,237435,batch_c_probe_3_,9581012,9899828,0
07:24:12,237435,batch_c_probe_3_,10489816,10489816,0
07:24:13,237435,batch_c_probe_3_,10859524,10859524,0
07:24:14,237435,batch_c_probe_3_,10859524,10859524,0
07:24:15,237435,batch_c_probe_3_,10905324,10905324,0
07:24:16,237435,batch_c_probe_3_,10933392,10986536,0
07:24:17,237435,batch_c_probe_3_,10975472,10986536,0
07:24:18,237435,batch_c_probe_3_,11039284,11124696,0
07:24:19,237435,batch_c_probe_3_,11078148,11124696,0
07:24:20,237435,batch_c_probe_3_,11110940,11124696,0
07:24:21,237435,batch_c_probe_3_,11144964,11144964,0
07:24:22,237435,batch_c_probe_3_,11181280,11381040,0
07:24:23,237435,batch_c_probe_3_,11235896,11381040,0
07:24:24,237435,batch_c_probe_3_,9459768,11381040,0
07:24:25,237435,batch_c_probe_3_,9826164,11381040,0
07:24:26,237435,batch_c_probe_3_,10406312,11381040,0
07:24:27,237435,batch_c_probe_3_,11423680,11423680,0
07:24:28,237435,batch_c_probe_3_,12217520,12217520,0
07:24:29,237435,batch_c_probe_3_,13004264,13062784,0
07:24:30,237435,batch_c_probe_3_,13692660,13725252,0
07:24:31,237435,batch_c_probe_3_,14241060,14264424,0
07:24:32,237435,batch_c_probe_3_,14539792,14539792,0
07:24:33,237435,batch_c_probe_3_,14605808,14605808,0
07:24:34,237435,batch_c_probe_3_,14795688,14828496,0
07:24:35,237435,batch_c_probe_3_,14765340,14828496,0
07:24:36,237435,batch_c_probe_3_,13041896,14845292,0
07:24:37,237435,batch_c_probe_3_,11713944,14845292,0
07:24:38,237435,batch_c_probe_3_,11744896,14845292,0
07:24:39,237435,batch_c_probe_3_,11749232,14845292,0
07:24:40,237435,batch_c_probe_3_,11749232,14845292,0
07:24:41,237435,batch_c_probe_3_,11756956,14845292,0
07:24:42,237435,batch_c_probe_3_,11758876,14845292,0
07:24:43,237435,batch_c_probe_3_,11761036,14845292,0
07:24:44,237435,batch_c_probe_3_,11862928,14845292,0
07:24:45,237435,batch_c_probe_3_,11978852,14845292,0
07:24:46,237435,batch_c_probe_3_,11973880,14845292,0
07:24:47,237435,batch_c_probe_3_,12253140,14845292,0
07:24:48,237435,batch_c_probe_3_,12387860,14845292,0
07:24:49,237435,batch_c_probe_3_,12387860,14845292,0
07:24:50,237435,batch_c_probe_3_,12387860,14845292,0
07:24:51,237435,batch_c_probe_3_,12387860,14845292,0
07:24:52,237435,batch_c_probe_3_,12387860,14845292,0
07:24:53,237435,batch_c_probe_3_,12387860,14845292,0
07:24:54,237435,batch_c_probe_3_,12387860,14845292,0
07:24:55,237435,batch_c_probe_3_,12476216,14845292,0
07:24:56,237435,batch_c_probe_3_,12614324,14845292,0
07:24:57,237435,batch_c_probe_3_,12498520,14845292,0
07:24:58,237435,batch_c_probe_3_,12741676,14845292,0
07:24:59,237435,batch_c_probe_3_,12447100,14845292,0
07:25:00,237435,batch_c_probe_3_,12845280,14845292,0
07:25:02,237435,batch_c_probe_3_,13226292,14845292,0
07:25:03,237435,batch_c_probe_3_,13030716,14845292,0
07:25:04,237435,batch_c_probe_3_,13030716,14845292,0
07:25:05,237435,batch_c_probe_3_,13030716,14845292,0
07:25:06,237435,batch_c_probe_3_,13030716,14845292,0
07:25:07,237435,batch_c_probe_3_,13030716,14845292,0
07:25:08,237435,batch_c_probe_3_,13030716,14845292,0
07:25:09,237435,batch_c_probe_3_,13030716,14845292,0
07:25:10,237435,batch_c_probe_3_,13030716,14845292,0
07:25:11,237435,batch_c_probe_3_,13030716,14845292,0
07:25:12,237435,batch_c_probe_3_,13030716,14845292,0
07:25:13,237435,batch_c_probe_3_,13030716,14845292,0
07:25:14,237435,batch_c_probe_3_,13030716,14845292,0
07:25:15,237435,batch_c_probe_3_,13030716,14845292,0
07:25:16,237435,batch_c_probe_3_,13030716,14845292,0
07:25:17,237435,batch_c_probe_3_,13030716,14845292,0
07:25:18,237435,batch_c_probe_3_,13030716,14845292,0
07:25:19,237435,batch_c_probe_3_,13030716,14845292,0
07:25:20,237435,batch_c_probe_3_,13030716,14845292,0
07:25:21,237435,batch_c_probe_3_,13030716,14845292,0
07:25:22,237435,batch_c_probe_3_,13030716,14845292,0
07:25:23,237435,batch_c_probe_3_,13030716,14845292,0
07:25:24,237435,batch_c_probe_3_,13030716,14845292,0
07:25:25,237435,batch_c_probe_3_,13030716,14845292,0
07:25:26,237435,batch_c_probe_3_,13030716,14845292,0
07:25:27,237435,batch_c_probe_3_,13030716,14845292,0
07:25:28,237435,batch_c_probe_3_,13030716,14845292,0
07:25:29,237435,batch_c_probe_3_,13030716,14845292,0
07:25:30,237435,batch_c_probe_3_,13030716,14845292,0
07:25:31,237435,batch_c_probe_3_,13030716,14845292,0
07:25:32,237435,batch_c_probe_3_,13030716,14845292,0
07:25:33,237435,batch_c_probe_3_,13030716,14845292,0
07:25:34,237435,batch_c_probe_3_,13030716,14845292,0
07:25:35,237435,batch_c_probe_3_,13030716,14845292,0
07:25:36,237435,batch_c_probe_3_,13030716,14845292,0
07:25:37,237435,batch_c_probe_3_,13030716,14845292,0
07:25:38,237435,batch_c_probe_3_,13030716,14845292,0
07:25:39,237435,batch_c_probe_3_,13030716,14845292,0
07:25:40,237435,batch_c_probe_3_,13030716,14845292,0
07:25:41,237435,batch_c_probe_3_,13030716,14845292,0
07:25:42,237435,batch_c_probe_3_,13030716,14845292,0
07:25:43,237435,batch_c_probe_3_,13030716,14845292,0
07:25:44,237435,batch_c_probe_3_,13030716,14845292,0
07:25:45,237435,batch_c_probe_3_,13030716,14845292,0
07:25:46,237435,batch_c_probe_3_,13030716,14845292,0
07:25:47,237435,batch_c_probe_3_,13030716,14845292,0
07:25:48,237435,batch_c_probe_3_,13030716,14845292,0
07:25:49,237435,batch_c_probe_3_,13030716,14845292,0
07:25:50,237435,batch_c_probe_3_,13030716,14845292,0
07:25:51,237435,batch_c_probe_3_,13030716,14845292,0
07:25:52,237435,batch_c_probe_3_,13030716,14845292,0
07:25:53,237435,batch_c_probe_3_,13030716,14845292,0
07:25:54,237435,batch_c_probe_3_,13030716,14845292,0
07:25:55,237435,batch_c_probe_3_,13030716,14845292,0
07:25:56,237435,batch_c_probe_3_,13030716,14845292,0
07:25:57,237435,batch_c_probe_3_,13030716,14845292,0
07:25:59,237435,batch_c_probe_3_,13030716,14845292,0
07:26:00,237435,batch_c_probe_3_,13030716,14845292,0
07:26:01,237435,batch_c_probe_3_,13030716,14845292,0
07:26:02,237435,batch_c_probe_3_,13030716,14845292,0
07:26:03,237435,batch_c_probe_3_,13030716,14845292,0
07:26:04,237435,batch_c_probe_3_,13030716,14845292,0
07:26:05,237435,batch_c_probe_3_,13030716,14845292,0
07:26:06,237435,batch_c_probe_3_,13030716,14845292,0
07:26:07,237435,batch_c_probe_3_,13030716,14845292,0
07:26:08,237435,batch_c_probe_3_,13030716,14845292,0
07:26:09,237435,batch_c_probe_3_,13030716,14845292,0
07:26:10,237435,batch_c_probe_3_,13030716,14845292,0
07:26:11,237435,batch_c_probe_3_,13030716,14845292,0
07:26:12,237435,batch_c_probe_3_,13030716,14845292,0
07:26:13,237435,batch_c_probe_3_,13030716,14845292,0
07:26:14,237435,batch_c_probe_3_,13030716,14845292,0
07:26:15,237435,batch_c_probe_3_,13030716,14845292,0
07:26:16,237435,batch_c_probe_3_,13030716,14845292,0
07:26:17,237435,batch_c_probe_3_,13030716,14845292,0
07:26:18,237435,batch_c_probe_3_,13030716,14845292,0
07:26:19,237435,batch_c_probe_3_,13030716,14845292,0
07:26:20,237435,batch_c_probe_3_,13030716,14845292,0
07:26:21,237435,batch_c_probe_3_,13030716,14845292,0
07:26:22,237435,batch_c_probe_3_,13030716,14845292,0
07:26:23,237435,batch_c_probe_3_,13030716,14845292,0
07:26:24,237435,batch_c_probe_3_,13030716,14845292,0
07:26:25,237435,batch_c_probe_3_,13030716,14845292,0
07:26:26,237435,batch_c_probe_3_,13030716,14845292,0
07:26:27,237435,batch_c_probe_3_,13030716,14845292,0
07:26:28,237435,batch_c_probe_3_,12760380,14845292,0
07:26:29,237435,batch_c_probe_3_,12444300,14845292,0
07:26:30,237435,batch_c_probe_3_,12988636,14845292,0
07:26:31,237435,batch_c_probe_3_,13122464,14845292,0
07:26:32,237435,batch_c_probe_3_,13122464,14845292,0
07:26:33,237435,batch_c_probe_3_,13122464,14845292,0
07:26:34,237435,batch_c_probe_3_,13153952,14845292,0
07:26:35,237435,batch_c_probe_3_,13153952,14845292,0
07:26:36,237435,batch_c_probe_3_,13153952,14845292,0
07:26:37,237435,batch_c_probe_3_,13153952,14845292,0
07:26:38,237435,batch_c_probe_3_,13153952,14845292,0
07:26:39,237435,batch_c_probe_3_,13153952,14845292,0
07:26:40,237435,batch_c_probe_3_,13250308,14845292,0
07:26:41,237435,batch_c_probe_3_,13368516,14845292,0
07:26:42,237435,batch_c_probe_3_,13398724,14845292,0
07:26:43,237435,batch_c_probe_3_,13133836,14845292,0
07:26:44,237435,batch_c_probe_3_,13133836,14845292,0
07:26:45,237435,batch_c_probe_3_,13155212,14845292,0
07:26:46,237435,batch_c_probe_3_,13155212,14845292,0
07:26:47,237435,batch_c_probe_3_,13155212,14845292,0
07:26:48,237435,batch_c_probe_3_,13155212,14845292,0
07:26:49,237435,batch_c_probe_3_,13155212,14845292,0
07:26:50,237435,batch_c_probe_3_,13155212,14845292,0
07:26:51,237435,batch_c_probe_3_,13155212,14845292,0
07:26:52,237435,batch_c_probe_3_,13251512,14845292,0
07:26:53,237435,batch_c_probe_3_,13394936,14845292,0
07:26:55,237435,batch_c_probe_3_,13276452,14845292,0
07:26:56,237435,batch_c_probe_3_,13133832,14845292,0
07:26:57,237435,batch_c_probe_3_,13516076,14845292,0
07:26:58,237435,batch_c_probe_3_,13856268,14845292,0
07:26:59,237435,batch_c_probe_3_,15084648,15108060,0
07:27:00,237435,batch_c_probe_3_,15084648,15108060,0
07:27:01,237435,batch_c_probe_3_,15124004,15124004,0
07:27:02,237435,batch_c_probe_3_,15259244,15371212,0
07:27:03,237435,batch_c_probe_3_,15427032,15641796,0
07:27:04,237435,batch_c_probe_3_,15587280,15641796,0
07:27:05,237435,batch_c_probe_3_,14037452,15700328,0
07:27:06,237435,batch_c_probe_3_,14605280,15700328,0
07:27:07,237435,batch_c_probe_3_,15905700,15905700,0
07:27:08,237435,batch_c_probe_3_,15221996,16154692,0
07:27:09,237435,batch_c_probe_3_,15745836,16154692,0
07:27:10,237435,batch_c_probe_3_,16713260,16744436,0
07:27:11,237435,batch_c_probe_3_,17333048,17377760,0
07:27:12,237435,batch_c_probe_3_,17812120,17812120,0
07:27:13,237435,batch_c_probe_3_,18444808,18444808,0
07:27:14,237435,batch_c_probe_3_,18620076,18620076,0
07:27:15,237435,batch_c_probe_3_,18768600,18781608,0
07:27:16,237435,batch_c_probe_3_,18711620,19004192,0
07:27:17,237435,batch_c_probe_3_,18845264,19004192,0
07:27:18,237435,batch_c_probe_3_,15821784,19004192,0
07:27:19,237435,batch_c_probe_3_,15821784,19004192,0
07:27:20,237435,batch_c_probe_3_,15821784,19004192,0
07:27:21,237435,batch_c_probe_3_,15821880,19004192,0
07:27:22,237435,batch_c_probe_3_,15821880,19004192,0
07:27:23,237435,batch_c_probe_3_,15821880,19004192,0
07:27:24,237435,batch_c_probe_3_,15821880,19004192,0
07:27:25,237435,batch_c_probe_3_,15821880,19004192,0
07:27:26,237435,batch_c_probe_3_,15821880,19004192,0
07:27:27,237435,batch_c_probe_3_,15821880,19004192,0
07:27:28,237435,batch_c_probe_3_,15822620,19004192,0
07:27:29,237435,batch_c_probe_3_,15822940,19004192,0
07:27:30,237435,batch_c_probe_3_,15822940,19004192,0
07:27:31,237435,batch_c_probe_3_,15822940,19004192,0
07:27:32,237435,batch_c_probe_3_,15823804,19004192,0
07:27:33,237435,batch_c_probe_3_,15828112,19004192,0
07:27:34,237435,batch_c_probe_3_,15839784,19004192,0
07:27:35,237435,batch_c_probe_3_,15839792,19004192,0
07:27:36,237435,batch_c_probe_3_,15839792,19004192,0
07:27:37,237435,batch_c_probe_3_,15839792,19004192,0
07:27:38,237435,batch_c_probe_3_,15839792,19004192,0
07:27:39,237435,batch_c_probe_3_,15839792,19004192,0
07:27:40,237435,batch_c_probe_3_,15839792,19004192,0
07:27:41,237435,batch_c_probe_3_,15839792,19004192,0
07:27:42,237435,batch_c_probe_3_,15839792,19004192,0
07:27:43,237435,batch_c_probe_3_,15839792,19004192,0
07:27:44,237435,batch_c_probe_3_,15839792,19004192,0
07:27:45,237435,batch_c_probe_3_,15839792,19004192,0
07:27:46,237435,batch_c_probe_3_,15839792,19004192,0
07:27:47,237435,batch_c_probe_3_,15839792,19004192,0
07:27:48,237435,batch_c_probe_3_,15839792,19004192,0
07:27:50,237435,batch_c_probe_3_,15839792,19004192,0
07:27:51,237435,batch_c_probe_3_,15839792,19004192,0
07:27:52,237435,batch_c_probe_3_,15839792,19004192,0
07:27:53,237435,batch_c_probe_3_,15839792,19004192,0
07:27:54,237435,batch_c_probe_3_,15839792,19004192,0
07:27:55,237435,batch_c_probe_3_,15839792,19004192,0
07:27:56,237435,batch_c_probe_3_,15839792,19004192,0
07:27:57,237435,batch_c_probe_3_,15839792,19004192,0
07:27:58,237435,batch_c_probe_3_,15839792,19004192,0
07:27:59,237435,batch_c_probe_3_,15839792,19004192,0
07:28:00,237435,batch_c_probe_3_,15839792,19004192,0
07:28:01,237435,batch_c_probe_3_,15839792,19004192,0
07:28:02,237435,batch_c_probe_3_,15839792,19004192,0
07:28:03,237435,batch_c_probe_3_,15839792,19004192,0
07:28:04,237435,batch_c_probe_3_,15839792,19004192,0
07:28:05,237435,batch_c_probe_3_,15839792,19004192,0
07:28:06,237435,batch_c_probe_3_,15839792,19004192,0
07:28:07,237435,batch_c_probe_3_,15839792,19004192,0
07:28:08,237435,batch_c_probe_3_,15839792,19004192,0
07:28:09,237435,batch_c_probe_3_,15839792,19004192,0
07:28:10,237435,batch_c_probe_3_,15839792,19004192,0
07:28:11,237435,batch_c_probe_3_,15839792,19004192,0
07:28:12,237435,batch_c_probe_3_,15839792,19004192,0
07:28:13,237435,batch_c_probe_3_,15839792,19004192,0
07:28:14,237435,batch_c_probe_3_,15839792,19004192,0
07:28:15,237435,batch_c_probe_3_,15839792,19004192,0
07:28:16,237435,batch_c_probe_3_,15839792,19004192,0
07:28:17,237435,batch_c_probe_3_,15839792,19004192,0
07:28:18,237435,batch_c_probe_3_,15839792,19004192,0
07:28:19,237435,batch_c_probe_3_,15839792,19004192,0
07:28:20,237435,batch_c_probe_3_,15839792,19004192,0
07:28:21,237435,batch_c_probe_3_,15839792,19004192,0
07:28:22,237435,batch_c_probe_3_,15839792,19004192,0
07:28:23,237435,batch_c_probe_3_,15839792,19004192,0
07:28:24,237435,batch_c_probe_3_,15839792,19004192,0
07:28:25,237435,batch_c_probe_3_,15839792,19004192,0
07:28:26,237435,batch_c_probe_3_,15839792,19004192,0
07:28:27,237435,batch_c_probe_3_,15839792,19004192,0
07:28:28,237435,batch_c_probe_3_,15839792,19004192,0
07:28:29,237435,batch_c_probe_3_,15839792,19004192,0
07:28:30,237435,batch_c_probe_3_,15839792,19004192,0
07:28:31,237435,batch_c_probe_3_,15839792,19004192,0
07:28:32,237435,batch_c_probe_3_,15839792,19004192,0
07:28:33,237435,batch_c_probe_3_,15839792,19004192,0
07:28:34,237435,batch_c_probe_3_,15839792,19004192,0
07:28:35,237435,batch_c_probe_3_,15839792,19004192,0
07:28:36,237435,batch_c_probe_3_,15839792,19004192,0
07:28:37,237435,batch_c_probe_3_,15839792,19004192,0
07:28:38,237435,batch_c_probe_3_,15839792,19004192,0
07:28:39,237435,batch_c_probe_3_,15839792,19004192,0
07:28:40,237435,batch_c_probe_3_,15839792,19004192,0
07:28:41,237435,batch_c_probe_3_,15839792,19004192,0
07:28:42,237435,batch_c_probe_3_,15839792,19004192,0
07:28:43,237435,batch_c_probe_3_,15839792,19004192,0
07:28:45,237435,batch_c_probe_3_,15839792,19004192,0
07:28:46,237435,batch_c_probe_3_,15839792,19004192,0
07:28:47,237435,batch_c_probe_3_,15839792,19004192,0
07:28:48,237435,batch_c_probe_3_,15839792,19004192,0
07:28:49,237435,batch_c_probe_3_,15839792,19004192,0
07:28:50,237435,batch_c_probe_3_,15839792,19004192,0
07:28:51,237435,batch_c_probe_3_,15839792,19004192,0
07:28:52,237435,batch_c_probe_3_,15839792,19004192,0
07:28:53,237435,batch_c_probe_3_,15839792,19004192,0
07:28:54,237435,batch_c_probe_3_,15839792,19004192,0
07:28:55,237435,batch_c_probe_3_,15839792,19004192,0
07:28:56,237435,batch_c_probe_3_,15839792,19004192,0
07:28:57,237435,batch_c_probe_3_,15839792,19004192,0
07:28:58,237435,batch_c_probe_3_,15839840,19004192,0
07:28:59,237435,batch_c_probe_3_,15839840,19004192,0
07:29:00,237435,batch_c_probe_3_,15839840,19004192,0
07:29:01,237435,batch_c_probe_3_,15990248,19004192,0
07:29:02,237435,batch_c_probe_3_,16031852,19004192,0
07:29:03,237435,batch_c_probe_3_,16031852,19004192,0
07:29:04,237435,batch_c_probe_3_,16031852,19004192,0
07:29:05,237435,batch_c_probe_3_,16031852,19004192,0
07:29:06,237435,batch_c_probe_3_,16031852,19004192,0
07:29:07,237435,batch_c_probe_3_,16031852,19004192,0
07:29:08,237435,batch_c_probe_3_,16031852,19004192,0
07:29:09,237435,batch_c_probe_3_,16031852,19004192,0
07:29:10,237435,batch_c_probe_3_,16031852,19004192,0
07:29:11,237435,batch_c_probe_3_,16031852,19004192,0
07:29:12,237435,batch_c_probe_3_,16031852,19004192,0
07:29:13,237435,batch_c_probe_3_,16031852,19004192,0
07:29:14,237435,batch_c_probe_3_,16031852,19004192,0
07:29:15,237435,batch_c_probe_3_,16031852,19004192,0
07:29:16,237435,batch_c_probe_3_,16031852,19004192,0
07:29:17,237435,batch_c_probe_3_,16031852,19004192,0
07:29:18,237435,batch_c_probe_3_,16031852,19004192,0
07:29:19,237435,batch_c_probe_3_,16031852,19004192,0
07:29:20,237435,batch_c_probe_3_,16031852,19004192,0
07:29:21,237435,batch_c_probe_3_,16031852,19004192,0
07:29:22,237435,batch_c_probe_3_,16031852,19004192,0
07:29:23,237435,batch_c_probe_3_,16031852,19004192,0
07:29:24,237435,batch_c_probe_3_,16031852,19004192,0
07:29:25,237435,batch_c_probe_3_,16031852,19004192,0
07:29:26,237435,batch_c_probe_3_,16031852,19004192,0
07:29:27,237435,batch_c_probe_3_,16134252,19004192,0
07:29:28,237435,batch_c_probe_3_,16429536,19004192,0
07:29:29,237435,batch_c_probe_3_,17571368,19004192,0
07:29:30,237435,batch_c_probe_3_,17571368,19004192,0
07:29:31,237435,batch_c_probe_3_,17571368,19004192,0
07:29:32,237435,batch_c_probe_3_,17684612,19004192,0
07:29:33,237435,batch_c_probe_3_,17875984,19004192,0
07:29:34,237435,batch_c_probe_3_,18024656,19004192,0
07:29:35,237435,batch_c_probe_3_,16295868,19004192,0
07:29:36,237435,batch_c_probe_3_,16774584,19004192,0
07:29:37,237435,batch_c_probe_3_,17124056,19004192,0
07:29:38,237435,batch_c_probe_3_,17897176,19004192,0
07:29:39,237435,batch_c_probe_3_,17598952,19004192,0
07:29:41,237435,batch_c_probe_3_,18509904,19004192,0
07:29:42,237435,batch_c_probe_3_,18938200,19278584,0
07:29:43,237435,batch_c_probe_3_,19523640,19721980,0
07:29:44,237435,batch_c_probe_3_,20401504,20401504,0
07:29:45,237435,batch_c_probe_3_,20560064,20560064,0
07:29:46,237435,batch_c_probe_3_,20625052,20625052,0
07:29:47,237435,batch_c_probe_3_,21010700,21010700,0
07:29:48,237435,batch_c_probe_3_,20715788,21008248,0
07:29:49,237435,batch_c_probe_3_,21014412,21583452,0
07:29:50,237435,batch_c_probe_3_,17987800,21583452,0
07:29:51,237435,batch_c_probe_3_,17987800,21583452,0
07:29:52,237435,batch_c_probe_3_,17987800,21583452,0
07:29:53,237435,batch_c_probe_3_,17987800,21583452,0
07:29:54,237435,batch_c_probe_3_,17987800,21583452,0
07:29:55,237435,batch_c_probe_3_,17987800,21583452,0
07:29:56,237435,batch_c_probe_3_,17987800,21583452,0
07:29:57,237435,batch_c_probe_3_,17987800,21583452,0
07:29:58,237435,batch_c_probe_3_,17987800,21583452,0
07:29:59,237435,batch_c_probe_3_,17987800,21583452,0
07:30:00,237435,batch_c_probe_3_,17988540,21583452,0
07:30:01,237435,batch_c_probe_3_,17988540,21583452,0
07:30:02,237435,batch_c_probe_3_,17988540,21583452,0
07:30:03,237435,batch_c_probe_3_,17988540,21583452,0
07:30:04,237435,batch_c_probe_3_,17996636,21583452,0
07:30:05,237435,batch_c_probe_3_,18177656,21583452,0
07:30:06,237435,batch_c_probe_3_,18003112,21583452,0
07:30:07,237435,batch_c_probe_3_,18003112,21583452,0
07:30:08,237435,batch_c_probe_3_,18003112,21583452,0
07:30:09,237435,batch_c_probe_3_,18003112,21583452,0
07:30:10,237435,batch_c_probe_3_,18003112,21583452,0
07:30:11,237435,batch_c_probe_3_,18003112,21583452,0
07:30:12,237435,batch_c_probe_3_,18003112,21583452,0
07:30:13,237435,batch_c_probe_3_,18003112,21583452,0
07:30:14,237435,batch_c_probe_3_,18003112,21583452,0
07:30:15,237435,batch_c_probe_3_,18003112,21583452,0
07:30:16,237435,batch_c_probe_3_,18003112,21583452,0
07:30:17,237435,batch_c_probe_3_,18003112,21583452,0
07:30:18,237435,batch_c_probe_3_,18003112,21583452,0
07:30:19,237435,batch_c_probe_3_,18003112,21583452,0
07:30:20,237435,batch_c_probe_3_,18003112,21583452,0
07:30:21,237435,batch_c_probe_3_,18003112,21583452,0
07:30:22,237435,batch_c_probe_3_,18003112,21583452,0
07:30:23,237435,batch_c_probe_3_,18003112,21583452,0
07:30:24,237435,batch_c_probe_3_,18003112,21583452,0
07:30:25,237435,batch_c_probe_3_,18003112,21583452,0
07:30:26,237435,batch_c_probe_3_,18003112,21583452,0
07:30:27,237435,batch_c_probe_3_,18003112,21583452,0
07:30:28,237435,batch_c_probe_3_,18003112,21583452,0
07:30:29,237435,batch_c_probe_3_,18003112,21583452,0
07:30:30,237435,batch_c_probe_3_,18003112,21583452,0
07:30:31,237435,batch_c_probe_3_,18003112,21583452,0
07:30:32,237435,batch_c_probe_3_,18003112,21583452,0
07:30:33,237435,batch_c_probe_3_,18003112,21583452,0
07:30:35,237435,batch_c_probe_3_,18003112,21583452,0
07:30:36,237435,batch_c_probe_3_,18003112,21583452,0
07:30:37,237435,batch_c_probe_3_,18003112,21583452,0
07:30:38,237435,batch_c_probe_3_,18003112,21583452,0
07:30:39,237435,batch_c_probe_3_,18003112,21583452,0
07:30:40,237435,batch_c_probe_3_,18003112,21583452,0
07:30:41,237435,batch_c_probe_3_,18003112,21583452,0
07:30:42,237435,batch_c_probe_3_,18003112,21583452,0
07:30:43,237435,batch_c_probe_3_,18003112,21583452,0
07:30:44,237435,batch_c_probe_3_,18003112,21583452,0
07:30:45,237435,batch_c_probe_3_,18003112,21583452,0
07:30:46,237435,batch_c_probe_3_,18003112,21583452,0
07:30:47,237435,batch_c_probe_3_,18003112,21583452,0
07:30:48,237435,batch_c_probe_3_,18003112,21583452,0
07:30:49,237435,batch_c_probe_3_,18003112,21583452,0
07:30:50,237435,batch_c_probe_3_,18003112,21583452,0
07:30:51,237435,batch_c_probe_3_,18003112,21583452,0
07:30:52,237435,batch_c_probe_3_,18003112,21583452,0
07:30:53,237435,batch_c_probe_3_,18003112,21583452,0
07:30:54,237435,batch_c_probe_3_,18003112,21583452,0
07:30:55,237435,batch_c_probe_3_,18003112,21583452,0
07:30:56,237435,batch_c_probe_3_,18003112,21583452,0
07:30:57,237435,batch_c_probe_3_,18003112,21583452,0
07:30:58,237435,batch_c_probe_3_,18003112,21583452,0
07:30:59,237435,batch_c_probe_3_,18003112,21583452,0
07:31:00,237435,batch_c_probe_3_,18003112,21583452,0
07:31:01,237435,batch_c_probe_3_,18003112,21583452,0
07:31:02,237435,batch_c_probe_3_,18003112,21583452,0
07:31:03,237435,batch_c_probe_3_,18003112,21583452,0
07:31:04,237435,batch_c_probe_3_,18003112,21583452,0
07:31:05,237435,batch_c_probe_3_,18003112,21583452,0
07:31:06,237435,batch_c_probe_3_,18003112,21583452,0
07:31:07,237435,batch_c_probe_3_,18003112,21583452,0
07:31:08,237435,batch_c_probe_3_,18003112,21583452,0
07:31:09,237435,batch_c_probe_3_,18003112,21583452,0
07:31:10,237435,batch_c_probe_3_,18003112,21583452,0
07:31:11,237435,batch_c_probe_3_,18003112,21583452,0
07:31:12,237435,batch_c_probe_3_,18003112,21583452,0
07:31:13,237435,batch_c_probe_3_,18003112,21583452,0
07:31:14,237435,batch_c_probe_3_,18003112,21583452,0
07:31:15,237435,batch_c_probe_3_,18003112,21583452,0
07:31:16,237435,batch_c_probe_3_,18003112,21583452,0
07:31:17,237435,batch_c_probe_3_,18003112,21583452,0
07:31:18,237435,batch_c_probe_3_,18003112,21583452,0
07:31:19,237435,batch_c_probe_3_,18003112,21583452,0
07:31:20,237435,batch_c_probe_3_,18003112,21583452,0
07:31:21,237435,batch_c_probe_3_,18003112,21583452,0
07:31:22,237435,batch_c_probe_3_,18003112,21583452,0
07:31:23,237435,batch_c_probe_3_,18003112,21583452,0
07:31:24,237435,batch_c_probe_3_,18003112,21583452,0
07:31:25,237435,batch_c_probe_3_,18003112,21583452,0
07:31:26,237435,batch_c_probe_3_,18003688,21583452,0
07:31:27,237435,batch_c_probe_3_,18003688,21583452,0
07:31:28,237435,batch_c_probe_3_,18003688,21583452,0
07:31:29,237435,batch_c_probe_3_,18154476,21583452,0
07:31:30,237435,batch_c_probe_3_,18157036,21583452,0
07:31:32,237435,batch_c_probe_3_,18157036,21583452,0
07:31:33,237435,batch_c_probe_3_,18157036,21583452,0
07:31:34,237435,batch_c_probe_3_,18157036,21583452,0
07:31:35,237435,batch_c_probe_3_,18157036,21583452,0
07:31:36,237435,batch_c_probe_3_,18157036,21583452,0
07:31:37,237435,batch_c_probe_3_,18157036,21583452,0
07:31:38,237435,batch_c_probe_3_,18157036,21583452,0
07:31:39,237435,batch_c_probe_3_,18157036,21583452,0
07:31:40,237435,batch_c_probe_3_,18157036,21583452,0
07:31:41,237435,batch_c_probe_3_,18157036,21583452,0
07:31:42,237435,batch_c_probe_3_,18157036,21583452,0
07:31:43,237435,batch_c_probe_3_,18890600,21583452,0
07:31:44,237435,batch_c_probe_3_,22298152,22298152,0
07:31:45,237435,batch_c_probe_3_,20902892,23526812,0
07:31:46,237435,batch_c_probe_3_,18157036,23526812,0
07:31:47,237435,batch_c_probe_3_,18157036,23526812,0
07:31:48,237435,batch_c_probe_3_,16399076,23526812,0
07:31:49,237435,batch_c_probe_3_,16404000,23526812,0
07:31:50,237435,batch_c_probe_3_,17209408,23526812,0
07:31:51,237435,batch_c_probe_3_,17249100,23526812,0
07:31:52,237435,batch_c_probe_3_,17249100,23526812,0
07:31:53,237435,batch_c_probe_3_,17340312,23526812,0
07:31:54,237435,batch_c_probe_3_,17516412,23526812,0
07:31:55,237435,batch_c_probe_3_,17690564,23526812,0
07:31:56,237435,batch_c_probe_3_,16404000,23526812,0
07:31:57,237435,batch_c_probe_3_,16712452,23526812,0
07:31:58,237435,batch_c_probe_3_,17795472,23526812,0
07:31:59,237435,batch_c_probe_3_,18129216,23526812,0
07:32:00,237435,batch_c_probe_3_,23032608,23526812,0
07:32:01,237435,batch_c_probe_3_,27147112,27147112,0
07:32:02,237435,batch_c_probe_3_,30528764,30528764,0
07:32:03,237435,batch_c_probe_3_,34128196,34725168,0
07:32:04,237435,batch_c_probe_3_,37495484,37594216,0
07:32:05,237435,batch_c_probe_3_,40978692,40978692,0
07:32:06,237435,batch_c_probe_3_,44161380,44161380,0
07:32:07,237435,batch_c_probe_3_,44709760,44711184,728500
07:32:08,237435,batch_c_probe_3_,44669632,44727504,1917804
07:32:09,237435,batch_c_probe_3_,44519372,44727504,3159988
07:32:10,237435,batch_c_probe_3_,44138376,44727504,4941716
07:32:12,237435,batch_c_probe_3_,43848396,44727504,6890248
07:32:13,237435,batch_c_probe_3_,43519848,44727504,7221712
07:32:14,237435,batch_c_probe_3_,43883700,44727504,7642520
07:32:15,237435,batch_c_probe_3_,43268704,44727504,7992076
07:32:16,237435,batch_c_probe_3_,42742712,44727504,7991868
07:32:17,237435,batch_c_probe_3_,43416112,44727504,7385764
07:32:18,237435,batch_c_probe_3_,43598792,44727504,6949648
07:32:19,237435,batch_c_probe_3_,43896180,44727504,8031684
07:32:20,237435,batch_c_probe_3_,43745452,44727504,9262356
07:32:21,237435,batch_c_probe_3_,43518792,44727504,10750436
07:32:22,237435,batch_c_probe_3_,43382972,44727504,12192584
07:32:23,237435,batch_c_probe_3_,43232244,44727504,12635980
07:32:24,237435,batch_c_probe_3_,43151068,44727504,13023728
07:32:25,237435,batch_c_probe_3_,42978300,44727504,13655344
07:32:26,237435,batch_c_probe_3_,42938912,44727504,13835532
07:32:27,237435,batch_c_probe_3_,42848728,44727504,14461996
07:32:28,237435,batch_c_probe_3_,42734484,44727504,14708408
07:32:29,237435,batch_c_probe_3_,42191356,44727504,15253804
07:32:30,237435,batch_c_probe_3_,42507228,44727504,15399872
07:32:31,237435,batch_c_probe_3_,42314436,44727504,15800532
07:32:32,237435,batch_c_probe_3_,42680940,44727504,15778300
07:32:33,237435,batch_c_probe_3_,42366236,44727504,16093008
07:32:34,237435,batch_c_probe_3_,42263628,44727504,16246724
07:32:35,237435,batch_c_probe_3_,42277848,44727504,16232508
07:32:36,237435,batch_c_probe_3_,42216940,44727504,16293416
07:32:37,237435,batch_c_probe_3_,42127464,44727504,16382892
07:32:38,237435,batch_c_probe_3_,42302152,44727504,16208236
07:32:39,237435,batch_c_probe_3_,42268228,44727504,16242168
07:32:40,237435,batch_c_probe_3_,42383760,44727504,16126644
07:32:41,237435,batch_c_probe_3_,42352996,44727504,16157420
07:32:42,237435,batch_c_probe_3_,42436836,44727504,16073596
07:32:43,237435,batch_c_probe_3_,42496156,44727504,16014308
07:32:45,237435,batch_c_probe_3_,42358008,44727504,16152456
07:32:46,237435,batch_c_probe_3_,42375344,44727504,16135120
07:32:47,237435,batch_c_probe_3_,42448256,44727504,16062220
07:32:48,237435,batch_c_probe_3_,42245208,44727504,16052280
07:32:49,237435,batch_c_probe_3_,42296340,44727504,16214144
07:32:50,237435,batch_c_probe_3_,42499176,44727504,16204792
07:32:51,237435,batch_c_probe_3_,42305756,44727504,16204736
07:32:52,237435,batch_c_probe_3_,42349580,44727504,16204076
07:32:53,237435,batch_c_probe_3_,42306664,44727504,16203832
07:32:54,237435,batch_c_probe_3_,42310324,44727504,16200172
07:32:55,237435,batch_c_probe_3_,42315812,44727504,16194688
07:32:56,237435,batch_c_probe_3_,42325644,44727504,16184876
07:32:57,237435,batch_c_probe_3_,42177048,44727504,16014656
07:32:58,237435,batch_c_probe_3_,42333172,44727504,16178036
07:32:59,237435,batch_c_probe_3_,42395992,44727504,16153508
07:33:00,237435,batch_c_probe_3_,42527488,44727504,16335520
07:33:01,237435,batch_c_probe_3_,42627960,44727504,16437520
07:33:02,237435,batch_c_probe_3_,42290344,44727504,16833284
07:33:03,237435,batch_c_probe_3_,42428716,44727504,16867744
07:33:04,237435,batch_c_probe_3_,42354744,44727504,17105528
07:33:05,237435,batch_c_probe_3_,42571680,44727504,17200644
07:33:06,237435,batch_c_probe_3_,42470008,44727504,17293736
07:33:07,237435,batch_c_probe_3_,42478268,44727504,17765496
07:33:08,237435,batch_c_probe_3_,42375596,44727504,18090488
07:33:09,237435,batch_c_probe_3_,42437616,44727504,18784764
07:33:10,237435,batch_c_probe_3_,41464660,44727504,18770588
07:33:11,237435,batch_c_probe_3_,41623496,44727504,18619148
07:33:12,237435,batch_c_probe_3_,41516468,44727504,18580460
07:33:13,237435,batch_c_probe_3_,42095320,44727504,18652528
07:33:14,237435,batch_c_probe_3_,41659560,44727504,18876292
07:33:15,237435,batch_c_probe_3_,41615292,44727504,19063448
07:33:16,237435,batch_c_probe_3_,41491492,44727504,18974928
07:33:17,237435,batch_c_probe_3_,41734440,44727504,18946356
07:33:18,237435,batch_c_probe_3_,41738748,44727504,18943084
07:33:19,237435,batch_c_probe_3_,41530752,44727504,18938260
07:33:20,237435,batch_c_probe_3_,41747436,44727504,18934820
07:33:21,237435,batch_c_probe_3_,41750108,44727504,18932156
07:33:22,237435,batch_c_probe_3_,41540416,44727504,18928984
07:33:23,237435,batch_c_probe_3_,41755644,44727504,18926892
07:33:24,237435,batch_c_probe_3_,41758376,44727504,18924164
07:33:25,237435,batch_c_probe_3_,41737364,44727504,18404716
07:33:26,237435,batch_c_probe_3_,38499748,44727504,17150652
07:33:27,237435,batch_c_probe_3_,35656036,44727504,15465608
07:33:28,237435,batch_c_probe_3_,33101280,44727504,13997364
07:33:30,237435,batch_c_probe_3_,28662568,44727504,12952612
07:33:31,237435,batch_c_probe_3_,26622756,44727504,12205420
07:33:32,237435,batch_c_probe_3_,22937328,44727504,10406060
07:33:33,237435,batch_c_probe_3_,17863072,44727504,9416640
07:33:34,237435,batch_c_probe_3_,17799936,44727504,8287336
07:33:35,237435,batch_c_probe_3_,18672168,44727504,7415352
07:33:36,237435,batch_c_probe_3_,18601808,44727504,7008928
07:33:37,237435,batch_c_probe_3_,18536148,44727504,6988076
07:33:38,237435,batch_c_probe_3_,18536244,44727504,6987980
07:33:39,237435,batch_c_probe_3_,18536264,44727504,6987960
07:33:40,237435,batch_c_probe_3_,18536264,44727504,6987960
07:33:41,237435,batch_c_probe_3_,18536268,44727504,6987956
07:33:42,237435,batch_c_probe_3_,18536268,44727504,6987956
07:33:43,237435,batch_c_probe_3_,18536292,44727504,6987956
07:33:44,237435,batch_c_probe_3_,18536268,44727504,6987956
07:33:45,237435,batch_c_probe_3_,18536268,44727504,6987956
07:33:46,237435,batch_c_probe_3_,18536292,44727504,6987956
07:33:47,237435,batch_c_probe_3_,18536272,44727504,6987952
07:33:48,237435,batch_c_probe_3_,18536272,44727504,6987952
07:33:49,237435,batch_c_probe_3_,18536272,44727504,6987952
07:33:50,237435,batch_c_probe_3_,18536276,44727504,6987948
07:33:51,237435,batch_c_probe_3_,18536280,44727504,6987944
07:33:52,237435,batch_c_probe_3_,18536284,44727504,6987940
07:33:53,237435,batch_c_probe_3_,18536284,44727504,6987940
07:33:54,237435,batch_c_probe_3_,18536308,44727504,6987940
07:33:55,237435,batch_c_probe_3_,18536284,44727504,6987940
07:33:56,237435,batch_c_probe_3_,18536292,44727504,6987932
07:33:57,237435,batch_c_probe_3_,18536296,44727504,6987928
07:33:58,237435,batch_c_probe_3_,18536296,44727504,6987928
07:33:59,237435,batch_c_probe_3_,18536308,44727504,6987916
07:34:00,237435,batch_c_probe_3_,18536308,44727504,6987916
07:34:01,237435,batch_c_probe_3_,18536308,44727504,6987916
07:34:02,237435,batch_c_probe_3_,18536312,44727504,6987912
07:34:03,237435,batch_c_probe_3_,18536312,44727504,6987912
07:34:04,237435,batch_c_probe_3_,18539060,44727504,6985164
07:34:05,237435,batch_c_probe_3_,18539060,44727504,6985164
07:34:06,237435,batch_c_probe_3_,18539624,44727504,6984600
07:34:07,237435,batch_c_probe_3_,18539624,44727504,6984600
07:34:08,237435,batch_c_probe_3_,18539624,44727504,6984600
07:34:09,237435,batch_c_probe_3_,18539624,44727504,6984600
07:34:10,237435,batch_c_probe_3_,18540268,44727504,6983956
07:34:11,237435,batch_c_probe_3_,18540268,44727504,6983956
07:34:12,237435,batch_c_probe_3_,18540268,44727504,6983956
07:34:13,237435,batch_c_probe_3_,18540268,44727504,6983956
07:34:14,237435,batch_c_probe_3_,18540268,44727504,6983956
07:34:15,237435,batch_c_probe_3_,18540268,44727504,6983956
07:34:16,237435,batch_c_probe_3_,18540268,44727504,6983956
07:34:17,237435,batch_c_probe_3_,18540268,44727504,6983956
07:34:18,237435,batch_c_probe_3_,18540268,44727504,6983956
07:34:19,237435,batch_c_probe_3_,18540268,44727504,6983956
07:34:20,237435,batch_c_probe_3_,18540272,44727504,6983952
07:34:21,237435,batch_c_probe_3_,18540288,44727504,6983936
07:34:22,237435,batch_c_probe_3_,18540288,44727504,6983936
07:34:23,237435,batch_c_probe_3_,18540288,44727504,6983936
07:34:25,237435,batch_c_probe_3_,18540928,44727504,6983296
07:34:26,237435,batch_c_probe_3_,18540932,44727504,6983292
07:34:27,237435,batch_c_probe_3_,18540932,44727504,6983292
07:34:28,237435,batch_c_probe_3_,18540932,44727504,6983292
07:34:29,237435,batch_c_probe_3_,18540936,44727504,6983288
07:34:30,237435,batch_c_probe_3_,18540936,44727504,6983288
07:34:31,237435,batch_c_probe_3_,18540936,44727504,6983288
07:34:32,237435,batch_c_probe_3_,18540936,44727504,6983288
07:34:33,237435,batch_c_probe_3_,18540936,44727504,6983288
07:34:34,237435,batch_c_probe_3_,18540940,44727504,6983284
07:34:35,237435,batch_c_probe_3_,18540940,44727504,6983284
07:34:36,237435,batch_c_probe_3_,18540944,44727504,6983280
07:34:37,237435,batch_c_probe_3_,18540944,44727504,6983280
07:34:38,237435,batch_c_probe_3_,18540944,44727504,6983280
07:34:39,237435,batch_c_probe_3_,18540944,44727504,6983280
07:34:40,237435,batch_c_probe_3_,18540944,44727504,6983280
07:34:41,237435,batch_c_probe_3_,18540944,44727504,6983280
07:34:42,237435,batch_c_probe_3_,18540944,44727504,6983280
07:34:43,237435,batch_c_probe_3_,18540944,44727504,6983280
07:34:44,237435,batch_c_probe_3_,18540944,44727504,6983280
07:34:45,237435,batch_c_probe_3_,18540944,44727504,6983280
07:34:46,237435,batch_c_probe_3_,18540944,44727504,6983280
07:34:47,237435,batch_c_probe_3_,18540944,44727504,6983280
07:34:48,237435,batch_c_probe_3_,18540948,44727504,6983276
07:34:49,237435,batch_c_probe_3_,18540952,44727504,6983272
07:34:50,237435,batch_c_probe_3_,18540952,44727504,6983272
07:34:51,237435,batch_c_probe_3_,18541168,44727504,6983088
07:34:52,237435,batch_c_probe_3_,18541476,44727504,6982780
07:34:53,237435,batch_c_probe_3_,18541896,44727504,6982360
07:34:54,237435,batch_c_probe_3_,18541896,44727504,6982360
07:34:55,237435,batch_c_probe_3_,18541896,44727504,6982360
07:34:56,237435,batch_c_probe_3_,18541896,44727504,6982360
07:34:57,237435,batch_c_probe_3_,18541896,44727504,6982360
07:34:58,237435,batch_c_probe_3_,18541896,44727504,6982360
07:34:59,237435,batch_c_probe_3_,18541896,44727504,6982360
07:35:00,237435,batch_c_probe_3_,18541896,44727504,6982360
07:35:01,237435,batch_c_probe_3_,18541896,44727504,6982360
07:35:02,237435,batch_c_probe_3_,18541896,44727504,6982360
07:35:03,237435,batch_c_probe_3_,18541896,44727504,6982360
07:35:04,237435,batch_c_probe_3_,18541896,44727504,6982360
07:35:05,237435,batch_c_probe_3_,18541896,44727504,6982360
07:35:06,237435,batch_c_probe_3_,18541896,44727504,6982360
07:35:07,237435,batch_c_probe_3_,18541896,44727504,6982360
07:35:08,237435,batch_c_probe_3_,18541896,44727504,6982360
07:35:09,237435,batch_c_probe_3_,18541896,44727504,6982360
07:35:10,237435,batch_c_probe_3_,18541896,44727504,6982360
07:35:11,237435,batch_c_probe_3_,18541896,44727504,6982360
07:35:12,237435,batch_c_probe_3_,18541896,44727504,6982360
07:35:13,237435,batch_c_probe_3_,18541924,44727504,6982332
07:35:14,237435,batch_c_probe_3_,18541924,44727504,6982332
07:35:15,237435,batch_c_probe_3_,18542372,44727504,6981884
07:35:16,237435,batch_c_probe_3_,18542372,44727504,6981884
07:35:17,237435,batch_c_probe_3_,18542372,44727504,6981884
07:35:18,237435,batch_c_probe_3_,18542384,44727504,6981872
07:35:20,237435,batch_c_probe_3_,18542384,44727504,6981872
07:35:21,237435,batch_c_probe_3_,18542384,44727504,6981872
07:35:22,237435,batch_c_probe_3_,18542384,44727504,6981872
07:35:23,237435,batch_c_probe_3_,18542384,44727504,6981872
07:35:24,237435,batch_c_probe_3_,18543084,44727504,6981172
07:35:25,237435,batch_c_probe_3_,18543456,44727504,6980800
07:35:26,237435,batch_c_probe_3_,18543472,44727504,6980784
07:35:27,237435,batch_c_probe_3_,18543472,44727504,6980784
07:35:28,237435,batch_c_probe_3_,18543472,44727504,6980784
07:35:29,237435,batch_c_probe_3_,18543496,44727504,6980760
07:35:30,237435,batch_c_probe_3_,18543496,44727504,6980760
07:35:31,237435,batch_c_probe_3_,18543496,44727504,6980760
07:35:32,237435,batch_c_probe_3_,18543500,44727504,6980756
07:35:33,237435,batch_c_probe_3_,18543500,44727504,6980756
07:35:34,237435,batch_c_probe_3_,18543500,44727504,6980756
07:35:35,237435,batch_c_probe_3_,18543500,44727504,6980756
07:35:36,237435,batch_c_probe_3_,18543500,44727504,6980756
07:35:37,237435,batch_c_probe_3_,18543720,44727504,6980536
07:35:38,237435,batch_c_probe_3_,18543720,44727504,6980536
07:35:39,237435,batch_c_probe_3_,18543724,44727504,6980532
07:35:40,237435,batch_c_probe_3_,18543724,44727504,6980532
07:35:41,237435,batch_c_probe_3_,18543724,44727504,6980532
07:35:42,237435,batch_c_probe_3_,18543724,44727504,6980532
07:35:43,237435,batch_c_probe_3_,18543764,44727504,6980492
07:35:44,237435,batch_c_probe_3_,18543844,44727504,6980412
07:35:45,237435,batch_c_probe_3_,18544320,44727504,6979936
07:35:46,237435,batch_c_probe_3_,18544324,44727504,6979932
07:35:47,237435,batch_c_probe_3_,18544324,44727504,6979932
07:35:48,237435,batch_c_probe_3_,18544332,44727504,6979924
07:35:49,237435,batch_c_probe_3_,18544332,44727504,6979924
07:35:50,237435,batch_c_probe_3_,18544332,44727504,6979924
07:35:51,237435,batch_c_probe_3_,18545032,44727504,6979224
07:35:52,237435,batch_c_probe_3_,18545032,44727504,6979224
07:35:53,237435,batch_c_probe_3_,18545032,44727504,6979224
07:35:54,237435,batch_c_probe_3_,18545032,44727504,6979224
07:35:55,237435,batch_c_probe_3_,18545760,44727504,6978496
07:35:56,237435,batch_c_probe_3_,18545760,44727504,6978496
07:35:57,237435,batch_c_probe_3_,18547008,44727504,6977248
07:35:58,237435,batch_c_probe_3_,18547020,44727504,6977236
07:35:59,237435,batch_c_probe_3_,18547020,44727504,6977236
07:36:00,237435,batch_c_probe_3_,18547024,44727504,6977232
07:36:01,237435,batch_c_probe_3_,18547028,44727504,6977228
07:36:02,237435,batch_c_probe_3_,18547028,44727504,6977228
07:36:03,237435,batch_c_probe_3_,18547028,44727504,6977228
07:36:04,237435,batch_c_probe_3_,18547448,44727504,6976808
07:36:05,237435,batch_c_probe_3_,18547448,44727504,6976808
07:36:06,237435,batch_c_probe_3_,18547448,44727504,6976808
07:36:07,237435,batch_c_probe_3_,18547452,44727504,6976804
07:36:08,237435,batch_c_probe_3_,18547460,44727504,6976796
07:36:09,237435,batch_c_probe_3_,18547460,44727504,6976796
07:36:10,237435,batch_c_probe_3_,18547460,44727504,6976796
07:36:11,237435,batch_c_probe_3_,18547460,44727504,6976796
07:36:12,237435,batch_c_probe_3_,18547488,44727504,6976768
07:36:13,237435,batch_c_probe_3_,18547932,44727504,6976324
07:36:15,237435,batch_c_probe_3_,18547932,44727504,6976324
07:36:16,237435,batch_c_probe_3_,18547936,44727504,6976320
07:36:17,237435,batch_c_probe_3_,18547936,44727504,6976320
07:36:18,237435,batch_c_probe_3_,18547936,44727504,6976320
07:36:19,237435,batch_c_probe_3_,18547936,44727504,6976320
07:36:20,237435,batch_c_probe_3_,18548012,44727504,6976244
07:36:21,237435,batch_c_probe_3_,18548012,44727504,6976244
07:36:22,237435,batch_c_probe_3_,18548012,44727504,6976244
07:36:23,237435,batch_c_probe_3_,18548012,44727504,6976244
07:36:24,237435,batch_c_probe_3_,18548012,44727504,6976244
07:36:25,237435,batch_c_probe_3_,18548012,44727504,6976244
07:36:26,237435,batch_c_probe_3_,18548012,44727504,6976244
07:36:27,237435,batch_c_probe_3_,18548132,44727504,6976124
07:36:28,237435,batch_c_probe_3_,18548140,44727504,6976116
07:36:29,237435,batch_c_probe_3_,18548476,44727504,6975780
07:36:30,237435,batch_c_probe_3_,18548476,44727504,6975780
07:36:31,237435,batch_c_probe_3_,18548476,44727504,6975780
07:36:32,237435,batch_c_probe_3_,18548476,44727504,6975780
07:36:33,237435,batch_c_probe_3_,18548476,44727504,6975780
07:36:34,237435,batch_c_probe_3_,18548476,44727504,6975780
07:36:35,237435,batch_c_probe_3_,18548480,44727504,6975776
07:36:36,237435,batch_c_probe_3_,18548480,44727504,6975776
07:36:37,237435,batch_c_probe_3_,18549580,44727504,6974676
07:36:38,237435,batch_c_probe_3_,18549588,44727504,6974668
07:36:39,237435,batch_c_probe_3_,18549588,44727504,6974668
07:36:40,237435,batch_c_probe_3_,18549588,44727504,6974668
07:36:41,237435,batch_c_probe_3_,18549868,44727504,6974388
07:36:42,237435,batch_c_probe_3_,18549868,44727504,6974388
07:36:43,237435,batch_c_probe_3_,18550064,44727504,6974192
07:36:44,237435,batch_c_probe_3_,18550064,44727504,6974192
07:36:45,237435,batch_c_probe_3_,18550064,44727504,6974192
07:36:46,237435,batch_c_probe_3_,18550076,44727504,6974180
07:36:47,237435,batch_c_probe_3_,18550076,44727504,6974180
07:36:48,237435,batch_c_probe_3_,18550076,44727504,6974180
07:36:49,237435,batch_c_probe_3_,18550076,44727504,6974180
07:36:50,237435,batch_c_probe_3_,18550076,44727504,6974180
07:36:51,237435,batch_c_probe_3_,18550076,44727504,6974180
07:36:52,237435,batch_c_probe_3_,18550076,44727504,6974180
07:36:53,237435,batch_c_probe_3_,18550080,44727504,6974176
07:36:54,237435,batch_c_probe_3_,18550080,44727504,6974176
07:36:55,237435,batch_c_probe_3_,18550080,44727504,6974176
07:36:56,237435,batch_c_probe_3_,18550080,44727504,6974176
07:36:57,237435,batch_c_probe_3_,18550080,44727504,6974176
07:36:58,237435,batch_c_probe_3_,18550080,44727504,6974176
07:36:59,237435,batch_c_probe_3_,18550080,44727504,6974176
07:37:00,237435,batch_c_probe_3_,18550080,44727504,6974176
07:37:01,237435,batch_c_probe_3_,18550080,44727504,6974176
07:37:02,237435,batch_c_probe_3_,18550116,44727504,6974140
07:37:03,237435,batch_c_probe_3_,18550136,44727504,6974120
07:37:04,237435,batch_c_probe_3_,18550136,44727504,6974120
07:37:05,237435,batch_c_probe_3_,18550136,44727504,6974120
07:37:06,237435,batch_c_probe_3_,18550136,44727504,6974120
07:37:07,237435,batch_c_probe_3_,18550136,44727504,6974120
07:37:08,237435,batch_c_probe_3_,18550136,44727504,6974120
07:37:09,237435,batch_c_probe_3_,18550136,44727504,6974120
07:37:11,237435,batch_c_probe_3_,18550136,44727504,6974120
07:37:12,237435,batch_c_probe_3_,18550140,44727504,6974116
07:37:13,237435,batch_c_probe_3_,18550140,44727504,6974116
07:37:14,237435,batch_c_probe_3_,18550140,44727504,6974116
07:37:15,237435,batch_c_probe_3_,18550140,44727504,6974116
07:37:16,237435,batch_c_probe_3_,18550144,44727504,6974112
07:37:17,237435,batch_c_probe_3_,18550144,44727504,6974112
07:37:18,237435,batch_c_probe_3_,18550144,44727504,6974112
07:37:19,237435,batch_c_probe_3_,18550148,44727504,6974108
07:37:20,237435,batch_c_probe_3_,18550148,44727504,6974108
07:37:21,237435,batch_c_probe_3_,18550148,44727504,6974108
07:37:22,237435,batch_c_probe_3_,18550152,44727504,6974104
07:37:23,237435,batch_c_probe_3_,18550152,44727504,6974104
07:37:24,237435,batch_c_probe_3_,18550152,44727504,6974104
07:37:25,237435,batch_c_probe_3_,18550152,44727504,6974104
07:37:26,237435,batch_c_probe_3_,18550156,44727504,6974100
07:37:27,237435,batch_c_probe_3_,18550160,44727504,6974096
07:37:28,237435,batch_c_probe_3_,18550160,44727504,6974096
07:37:29,237435,batch_c_probe_3_,18550160,44727504,6974096
07:37:30,237435,batch_c_probe_3_,18550164,44727504,6974092
07:37:31,237435,batch_c_probe_3_,18550164,44727504,6974092
07:37:32,237435,batch_c_probe_3_,18550168,44727504,6974088
07:37:33,237435,batch_c_probe_3_,18550172,44727504,6974084
07:37:34,237435,batch_c_probe_3_,18550172,44727504,6974084
07:37:35,237435,batch_c_probe_3_,18550172,44727504,6974084
07:37:36,237435,batch_c_probe_3_,18550172,44727504,6974084
07:37:37,237435,batch_c_probe_3_,18550172,44727504,6974084
07:37:38,237435,batch_c_probe_3_,18550172,44727504,6974084
07:37:39,237435,batch_c_probe_3_,18550172,44727504,6974084
07:37:40,237435,batch_c_probe_3_,18550172,44727504,6974084
07:37:41,237435,batch_c_probe_3_,18550172,44727504,6974084
07:37:42,237435,batch_c_probe_3_,18550172,44727504,6974084
07:37:43,237435,batch_c_probe_3_,18550172,44727504,6974084
07:37:44,237435,batch_c_probe_3_,18550612,44727504,6973644
07:37:45,237435,batch_c_probe_3_,18550612,44727504,6973644
07:37:46,237435,batch_c_probe_3_,18550620,44727504,6973636
07:37:47,237435,batch_c_probe_3_,18550620,44727504,6973636
07:37:48,237435,batch_c_probe_3_,18550644,44727504,6973612
07:37:49,237435,batch_c_probe_3_,18550644,44727504,6973612
07:37:50,237435,batch_c_probe_3_,18550644,44727504,6973612
07:37:51,237435,batch_c_probe_3_,18550644,44727504,6973612
07:37:52,237435,batch_c_probe_3_,18550644,44727504,6973612
07:37:53,237435,batch_c_probe_3_,18550644,44727504,6973612
07:37:54,237435,batch_c_probe_3_,18550644,44727504,6973612
07:37:55,237435,batch_c_probe_3_,18551228,44727504,6973028
07:37:56,237435,batch_c_probe_3_,18551228,44727504,6973028
07:37:57,237435,batch_c_probe_3_,18551228,44727504,6973028
07:37:58,237435,batch_c_probe_3_,18551228,44727504,6973028
07:37:59,237435,batch_c_probe_3_,18551232,44727504,6973024
07:38:00,237435,batch_c_probe_3_,18551232,44727504,6973024
07:38:01,237435,batch_c_probe_3_,18551232,44727504,6973024
07:38:02,237435,batch_c_probe_3_,18551232,44727504,6973024
07:38:03,237435,batch_c_probe_3_,18551232,44727504,6973024
07:38:04,237435,batch_c_probe_3_,18551232,44727504,6973024
07:38:06,237435,batch_c_probe_3_,18551788,44727504,6972468
07:38:07,237435,batch_c_probe_3_,18551788,44727504,6972468
07:38:08,237435,batch_c_probe_3_,18551796,44727504,6972460
07:38:09,237435,batch_c_probe_3_,18551796,44727504,6972460
07:38:10,237435,batch_c_probe_3_,18551796,44727504,6972460
07:38:11,237435,batch_c_probe_3_,18551796,44727504,6972460
07:38:12,237435,batch_c_probe_3_,18551796,44727504,6972460
07:38:13,237435,batch_c_probe_3_,18552412,44727504,6971844
07:38:14,237435,batch_c_probe_3_,18552412,44727504,6971844
07:38:15,237435,batch_c_probe_3_,18552412,44727504,6971844
07:38:16,237435,batch_c_probe_3_,18552412,44727504,6971844
07:38:17,237435,batch_c_probe_3_,18553308,44727504,6970948
07:38:18,237435,batch_c_probe_3_,18553308,44727504,6970948
07:38:19,237435,batch_c_probe_3_,18553308,44727504,6970948
07:38:20,237435,batch_c_probe_3_,18554288,44727504,6969968
07:38:21,237435,batch_c_probe_3_,18554288,44727504,6969968
07:38:22,237435,batch_c_probe_3_,18554288,44727504,6969968
07:38:23,237435,batch_c_probe_3_,18554860,44727504,6969396
07:38:24,237435,batch_c_probe_3_,18554864,44727504,6969392
07:38:25,237435,batch_c_probe_3_,18554864,44727504,6969392
07:38:26,237435,batch_c_probe_3_,18554864,44727504,6969392
07:38:27,237435,batch_c_probe_3_,18554864,44727504,6969392
07:38:28,237435,batch_c_probe_3_,18554868,44727504,6969388
07:38:29,237435,batch_c_probe_3_,18554868,44727504,6969388
07:38:30,237435,batch_c_probe_3_,18554868,44727504,6969388
07:38:31,237435,batch_c_probe_3_,18554868,44727504,6969388
07:38:32,237435,batch_c_probe_3_,18554992,44727504,6969264
07:38:33,237435,batch_c_probe_3_,18554992,44727504,6969264
07:38:34,237435,batch_c_probe_3_,18554992,44727504,6969264
07:38:35,237435,batch_c_probe_3_,18555292,44727504,6968964
07:38:36,237435,batch_c_probe_3_,18555300,44727504,6968956
07:38:37,237435,batch_c_probe_3_,18555300,44727504,6968956
07:38:38,237435,batch_c_probe_3_,18555300,44727504,6968956
07:38:39,237435,batch_c_probe_3_,18555324,44727504,6968956
07:38:40,237435,batch_c_probe_3_,18555300,44727504,6968956
07:38:41,237435,batch_c_probe_3_,18555300,44727504,6968956
07:38:42,237435,batch_c_probe_3_,18555300,44727504,6968956
07:38:43,237435,batch_c_probe_3_,18555300,44727504,6968956
07:38:44,237435,batch_c_probe_3_,18555300,44727504,6968956
07:38:45,237435,batch_c_probe_3_,18555300,44727504,6968956
07:38:46,237435,batch_c_probe_3_,18555304,44727504,6968952
07:38:47,237435,batch_c_probe_3_,18555308,44727504,6968948
07:38:48,237435,batch_c_probe_3_,18555308,44727504,6968948
07:38:49,237435,batch_c_probe_3_,18555308,44727504,6968948
07:38:50,237435,batch_c_probe_3_,18555308,44727504,6968948
07:38:51,237435,batch_c_probe_3_,18555312,44727504,6968944
07:38:52,237435,batch_c_probe_3_,18555312,44727504,6968944
07:38:53,237435,batch_c_probe_3_,18555312,44727504,6968944
07:38:54,237435,batch_c_probe_3_,18555312,44727504,6968944
07:38:55,237435,batch_c_probe_3_,18555484,44727504,6968772
07:38:56,237435,batch_c_probe_3_,18555484,44727504,6968772
07:38:57,237435,batch_c_probe_3_,18555484,44727504,6968772
07:38:58,237435,batch_c_probe_3_,18556440,44727504,6967816
07:38:59,237435,batch_c_probe_3_,18556444,44727504,6967812
07:39:00,237435,batch_c_probe_3_,18556444,44727504,6967812
07:39:02,237435,batch_c_probe_3_,18556444,44727504,6967812
07:39:03,237435,batch_c_probe_3_,18556448,44727504,6967808
07:39:04,237435,batch_c_probe_3_,18556448,44727504,6967808
07:39:05,237435,batch_c_probe_3_,18556448,44727504,6967808
07:39:06,237435,batch_c_probe_3_,18556560,44727504,6967696
07:39:07,237435,batch_c_probe_3_,18556560,44727504,6967696
07:39:08,237435,batch_c_probe_3_,18556564,44727504,6967692
07:39:09,237435,batch_c_probe_3_,18556564,44727504,6967692
07:39:10,237435,batch_c_probe_3_,18556564,44727504,6967692
07:39:11,237435,batch_c_probe_3_,18556564,44727504,6967692
07:39:12,237435,batch_c_probe_3_,18556568,44727504,6967688
07:39:13,237435,batch_c_probe_3_,18556916,44727504,6967340
07:39:14,237435,batch_c_probe_3_,18556916,44727504,6967340
07:39:15,237435,batch_c_probe_3_,18557196,44727504,6967060
07:39:16,237435,batch_c_probe_3_,18557236,44727504,6967020
07:39:17,237435,batch_c_probe_3_,18557236,44727504,6967020
07:39:18,237435,batch_c_probe_3_,18557236,44727504,6967020
07:39:19,237435,batch_c_probe_3_,18557236,44727504,6967020
07:39:20,237435,batch_c_probe_3_,18557236,44727504,6967020
07:39:21,237435,batch_c_probe_3_,18557236,44727504,6967020
07:39:22,237435,batch_c_probe_3_,18557236,44727504,6967020
07:39:23,237435,batch_c_probe_3_,18557236,44727504,6967020
07:39:24,237435,batch_c_probe_3_,18557236,44727504,6967020
07:39:25,237435,batch_c_probe_3_,18557236,44727504,6967020
07:39:26,237435,batch_c_probe_3_,18557236,44727504,6967020
07:39:27,237435,batch_c_probe_3_,18557236,44727504,6967020
07:39:28,237435,batch_c_probe_3_,18557236,44727504,6967020
07:39:29,237435,batch_c_probe_3_,18557684,44727504,6966572
07:39:30,237435,batch_c_probe_3_,18557684,44727504,6966572
07:39:31,237435,batch_c_probe_3_,18557684,44727504,6966572
07:39:32,237435,batch_c_probe_3_,18558704,44727504,6965552
07:39:33,237435,batch_c_probe_3_,18558716,44727504,6965540
07:39:34,237435,batch_c_probe_3_,18558716,44727504,6965540
07:39:35,237435,batch_c_probe_3_,18558716,44727504,6965540
07:39:36,237435,batch_c_probe_3_,18558716,44727504,6965540
07:39:37,237435,batch_c_probe_3_,18558716,44727504,6965540
07:39:38,237435,batch_c_probe_3_,18558840,44727504,6965416
07:39:39,237435,batch_c_probe_3_,18558840,44727504,6965416
07:39:40,237435,batch_c_probe_3_,18558840,44727504,6965416
07:39:41,237435,batch_c_probe_3_,18558840,44727504,6965416
07:39:42,237435,batch_c_probe_3_,18558840,44727504,6965416
07:39:43,237435,batch_c_probe_3_,18558840,44727504,6965416
07:39:44,237435,batch_c_probe_3_,18558840,44727504,6965416
07:39:45,237435,batch_c_probe_3_,18558840,44727504,6965416
07:39:46,237435,batch_c_probe_3_,18558840,44727504,6965416
07:39:47,237435,batch_c_probe_3_,18558840,44727504,6965416
07:39:48,237435,batch_c_probe_3_,18558840,44727504,6965416
07:39:49,237435,batch_c_probe_3_,18558844,44727504,6965412
07:39:50,237435,batch_c_probe_3_,18559544,44727504,6964712
07:39:51,237435,batch_c_probe_3_,18559552,44727504,6964704
07:39:52,237435,batch_c_probe_3_,18559552,44727504,6964704
07:39:53,237435,batch_c_probe_3_,18559552,44727504,6964704
07:39:54,237435,batch_c_probe_3_,18559552,44727504,6964704
07:39:55,237435,batch_c_probe_3_,18559552,44727504,6964704
07:39:56,237435,batch_c_probe_3_,18560000,44727504,6964256
07:39:58,237435,batch_c_probe_3_,18560000,44727504,6964256
07:39:59,237435,batch_c_probe_3_,18560000,44727504,6964256
07:40:00,237435,batch_c_probe_3_,18560000,44727504,6964256
07:40:01,237435,batch_c_probe_3_,18560000,44727504,6964256
07:40:02,237435,batch_c_probe_3_,18560000,44727504,6964256
07:40:03,237435,batch_c_probe_3_,18560000,44727504,6964256
07:40:04,237435,batch_c_probe_3_,18560000,44727504,6964256
07:40:05,237435,batch_c_probe_3_,18560000,44727504,6964256
07:40:06,237435,batch_c_probe_3_,18560000,44727504,6964256
07:40:07,237435,batch_c_probe_3_,18560000,44727504,6964256
07:40:08,237435,batch_c_probe_3_,18560000,44727504,6964256
07:40:09,237435,batch_c_probe_3_,18560000,44727504,6964256
07:40:10,237435,batch_c_probe_3_,18560000,44727504,6964256
07:40:11,237435,batch_c_probe_3_,18560004,44727504,6964252
07:40:12,237435,batch_c_probe_3_,18560004,44727504,6964252
07:40:13,237435,batch_c_probe_3_,18560452,44727504,6963804
07:40:14,237435,batch_c_probe_3_,18560452,44727504,6963804
07:40:15,237435,batch_c_probe_3_,18560676,44727504,6963580
07:40:16,237435,batch_c_probe_3_,18560680,44727504,6963576
07:40:17,237435,batch_c_probe_3_,18560692,44727504,6963564
07:40:18,237435,batch_c_probe_3_,18560692,44727504,6963564
07:40:19,237435,batch_c_probe_3_,18560696,44727504,6963560
07:40:20,237435,batch_c_probe_3_,18560696,44727504,6963560
07:40:21,237435,batch_c_probe_3_,18560696,44727504,6963560
07:40:22,237435,batch_c_probe_3_,18560696,44727504,6963560
07:40:23,237435,batch_c_probe_3_,18560700,44727504,6963556
07:40:24,237435,batch_c_probe_3_,18560700,44727504,6963556
07:40:25,237435,batch_c_probe_3_,18560700,44727504,6963556
07:40:26,237435,batch_c_probe_3_,18560700,44727504,6963556
07:40:27,237435,batch_c_probe_3_,18560704,44727504,6963552
07:40:28,237435,batch_c_probe_3_,18560704,44727504,6963552
07:40:29,237435,batch_c_probe_3_,18560704,44727504,6963552
07:40:30,237435,batch_c_probe_3_,18560704,44727504,6963552
07:40:31,237435,batch_c_probe_3_,18560708,44727504,6963548
07:40:32,237435,batch_c_probe_3_,18560708,44727504,6963548
07:40:33,237435,batch_c_probe_3_,18560708,44727504,6963548
07:40:34,237435,batch_c_probe_3_,18560708,44727504,6963548
07:40:35,237435,batch_c_probe_3_,18560712,44727504,6963544
07:40:36,237435,batch_c_probe_3_,18560712,44727504,6963544
07:40:37,237435,batch_c_probe_3_,18560712,44727504,6963544
07:40:38,237435,batch_c_probe_3_,18560712,44727504,6963544
07:40:39,237435,batch_c_probe_3_,18560712,44727504,6963544
07:40:40,237435,batch_c_probe_3_,18560712,44727504,6963544
07:40:41,237435,batch_c_probe_3_,18560712,44727504,6963544
07:40:42,237435,batch_c_probe_3_,18560712,44727504,6963544
07:40:43,237435,batch_c_probe_3_,18560712,44727504,6963544
07:40:44,237435,batch_c_probe_3_,18560712,44727504,6963544
07:40:45,237435,batch_c_probe_3_,18560712,44727504,6963544
07:40:46,237435,batch_c_probe_3_,18560712,44727504,6963544
07:40:47,237435,batch_c_probe_3_,18560712,44727504,6963544
07:40:48,237435,batch_c_probe_3_,18560712,44727504,6963544
07:40:49,237435,batch_c_probe_3_,18560712,44727504,6963544
07:40:50,237435,batch_c_probe_3_,18560712,44727504,6963544
07:40:51,237435,batch_c_probe_3_,18560712,44727504,6963544
07:40:52,237435,batch_c_probe_3_,18560712,44727504,6963544
07:40:54,237435,batch_c_probe_3_,18560904,44727504,6963352
07:40:55,237435,batch_c_probe_3_,18560908,44727504,6963348
07:40:56,237435,batch_c_probe_3_,18560908,44727504,6963348
07:40:57,237435,batch_c_probe_3_,18560908,44727504,6963348
07:40:58,237435,batch_c_probe_3_,18561932,44727504,6962324
07:40:59,237435,batch_c_probe_3_,18561932,44727504,6962324
07:41:00,237435,batch_c_probe_3_,18561932,44727504,6962324
07:41:01,237435,batch_c_probe_3_,18561932,44727504,6962324
07:41:02,237435,batch_c_probe_3_,18561932,44727504,6962324
07:41:03,237435,batch_c_probe_3_,18561932,44727504,6962324
07:41:04,237435,batch_c_probe_3_,18561932,44727504,6962324
07:41:05,237435,batch_c_probe_3_,18561932,44727504,6962324
07:41:06,237435,batch_c_probe_3_,18561932,44727504,6962324
07:41:07,237435,batch_c_probe_3_,18561932,44727504,6962324
07:41:08,237435,batch_c_probe_3_,18561932,44727504,6962324
07:41:09,237435,batch_c_probe_3_,18561932,44727504,6962324
07:41:10,237435,batch_c_probe_3_,18561932,44727504,6962324
07:41:11,237435,batch_c_probe_3_,18561932,44727504,6962324
07:41:12,237435,batch_c_probe_3_,18561932,44727504,6962324
07:41:13,237435,batch_c_probe_3_,18561932,44727504,6962324
07:41:14,237435,batch_c_probe_3_,18561932,44727504,6962324
07:41:15,237435,batch_c_probe_3_,18561932,44727504,6962324
07:41:16,237435,batch_c_probe_3_,18562072,44727504,6962184
07:41:17,237435,batch_c_probe_3_,18562072,44727504,6962184
07:41:18,237435,batch_c_probe_3_,18562072,44727504,6962184
07:41:19,237435,batch_c_probe_3_,18562072,44727504,6962184
07:41:20,237435,batch_c_probe_3_,18562072,44727504,6962184
07:41:21,237435,batch_c_probe_3_,18562072,44727504,6962184
07:41:22,237435,batch_c_probe_3_,18562072,44727504,6962184
07:41:23,237435,batch_c_probe_3_,18562072,44727504,6962184
07:41:24,237435,batch_c_probe_3_,18562072,44727504,6962184
07:41:25,237435,batch_c_probe_3_,18562072,44727504,6962184
07:41:26,237435,batch_c_probe_3_,18562072,44727504,6962184
07:41:27,237435,batch_c_probe_3_,18562072,44727504,6962184
07:41:28,237435,batch_c_probe_3_,18562072,44727504,6962184
07:41:29,237435,batch_c_probe_3_,18562072,44727504,6962184
07:41:30,237435,batch_c_probe_3_,18562708,44727504,6961548
07:41:31,237435,batch_c_probe_3_,18562708,44727504,6961548
07:41:32,237435,batch_c_probe_3_,18562712,44727504,6961544
07:41:33,237435,batch_c_probe_3_,18562712,44727504,6961544
07:41:34,237435,batch_c_probe_3_,18562716,44727504,6961540
07:41:35,237435,batch_c_probe_3_,18562724,44727504,6961532
07:41:36,237435,batch_c_probe_3_,18562724,44727504,6961532
07:41:37,237435,batch_c_probe_3_,18562724,44727504,6961532
07:41:38,237435,batch_c_probe_3_,18562724,44727504,6961532
07:41:39,237435,batch_c_probe_3_,18562724,44727504,6961532
07:41:40,237435,batch_c_probe_3_,18562728,44727504,6961528
07:41:41,237435,batch_c_probe_3_,18562728,44727504,6961528
07:41:42,237435,batch_c_probe_3_,18562728,44727504,6961528
07:41:43,237435,batch_c_probe_3_,18563464,44727504,6960792
07:41:44,237435,batch_c_probe_3_,18563468,44727504,6960788
07:41:45,237435,batch_c_probe_3_,18563468,44727504,6960788
07:41:46,237435,batch_c_probe_3_,18563468,44727504,6960788
07:41:47,237435,batch_c_probe_3_,18563468,44727504,6960788
07:41:49,237435,batch_c_probe_3_,18563584,44727504,6960672
07:41:50,237435,batch_c_probe_3_,18563584,44727504,6960672
07:41:51,237435,batch_c_probe_3_,18563584,44727504,6960672
07:41:52,237435,batch_c_probe_3_,18563584,44727504,6960672
07:41:53,237435,batch_c_probe_3_,18563588,44727504,6960668
07:41:54,237435,batch_c_probe_3_,18563588,44727504,6960668
07:41:55,237435,batch_c_probe_3_,18563628,44727504,6960628
07:41:56,237435,batch_c_probe_3_,18563752,44727504,6960504
07:41:57,237435,batch_c_probe_3_,18563756,44727504,6960500
07:41:58,237435,batch_c_probe_3_,18563756,44727504,6960500
07:41:59,237435,batch_c_probe_3_,18563756,44727504,6960500
07:42:00,237435,batch_c_probe_3_,18563756,44727504,6960500
07:42:01,237435,batch_c_probe_3_,18563756,44727504,6960500
07:42:02,237435,batch_c_probe_3_,18563756,44727504,6960500
07:42:03,237435,batch_c_probe_3_,18563768,44727504,6960488
07:42:04,237435,batch_c_probe_3_,18563768,44727504,6960488
07:42:05,237435,batch_c_probe_3_,18563768,44727504,6960488
07:42:06,237435,batch_c_probe_3_,18563768,44727504,6960488
07:42:07,237435,batch_c_probe_3_,18563768,44727504,6960488
07:42:08,237435,batch_c_probe_3_,18563768,44727504,6960488
07:42:09,237435,batch_c_probe_3_,18563768,44727504,6960488
07:42:10,237435,batch_c_probe_3_,18563768,44727504,6960488
07:42:11,237435,batch_c_probe_3_,18563768,44727504,6960488
07:42:12,237435,batch_c_probe_3_,18563768,44727504,6960488
07:42:13,237435,batch_c_probe_3_,18563768,44727504,6960488
07:42:14,237435,batch_c_probe_3_,18563768,44727504,6960488
07:42:15,237435,batch_c_probe_3_,18563768,44727504,6960488
07:42:16,237435,batch_c_probe_3_,18563768,44727504,6960488
07:42:17,237435,batch_c_probe_3_,18563768,44727504,6960488
07:42:18,237435,batch_c_probe_3_,18563768,44727504,6960488
07:42:19,237435,batch_c_probe_3_,18563768,44727504,6960488
07:42:20,237435,batch_c_probe_3_,18563768,44727504,6960488
07:42:21,237435,batch_c_probe_3_,18563768,44727504,6960488
07:42:22,237435,batch_c_probe_3_,18563768,44727504,6960488
07:42:23,237435,batch_c_probe_3_,18563768,44727504,6960488
07:42:24,237435,batch_c_probe_3_,18563768,44727504,6960488
07:42:25,237435,batch_c_probe_3_,18563768,44727504,6960488
07:42:26,237435,batch_c_probe_3_,18563768,44727504,6960488
07:42:27,237435,batch_c_probe_3_,18563772,44727504,6960484
07:42:28,237435,batch_c_probe_3_,18563772,44727504,6960484
07:42:29,237435,batch_c_probe_3_,18563772,44727504,6960484
07:42:30,237435,batch_c_probe_3_,18564348,44727504,6959908
07:42:31,237435,batch_c_probe_3_,18564348,44727504,6959908
07:42:32,237435,batch_c_probe_3_,18564348,44727504,6959908
07:42:33,237435,batch_c_probe_3_,18564348,44727504,6959908
07:42:34,237435,batch_c_probe_3_,18564348,44727504,6959908
07:42:35,237435,batch_c_probe_3_,18564348,44727504,6959908
07:42:36,237435,batch_c_probe_3_,18564348,44727504,6959908
07:42:37,237435,batch_c_probe_3_,18564348,44727504,6959908
07:42:38,237435,batch_c_probe_3_,18564348,44727504,6959908
07:42:39,237435,batch_c_probe_3_,18564348,44727504,6959908
07:42:40,237435,batch_c_probe_3_,18564352,44727504,6959904
07:42:41,237435,batch_c_probe_3_,18565164,44727504,6959092
07:42:42,237435,batch_c_probe_3_,18565164,44727504,6959092
07:42:44,237435,batch_c_probe_3_,18565164,44727504,6959092
07:42:45,237435,batch_c_probe_3_,18565168,44727504,6959088
07:42:46,237435,batch_c_probe_3_,18565168,44727504,6959088
07:42:47,237435,batch_c_probe_3_,18565172,44727504,6959084
07:42:48,237435,batch_c_probe_3_,18565172,44727504,6959084
07:42:49,237435,batch_c_probe_3_,18566584,44727504,6957672
07:42:50,237435,batch_c_probe_3_,18566584,44727504,6957672
07:42:51,237435,batch_c_probe_3_,18566584,44727504,6957672
07:42:52,237435,batch_c_probe_3_,18566584,44727504,6957672
07:42:53,237435,batch_c_probe_3_,18566584,44727504,6957672
07:42:54,237435,batch_c_probe_3_,18566588,44727504,6957668
07:42:55,237435,batch_c_probe_3_,18566592,44727504,6957664
07:42:56,237435,batch_c_probe_3_,18566816,44727504,6957440
07:42:57,237435,batch_c_probe_3_,18566816,44727504,6957440
07:42:58,237435,batch_c_probe_3_,18567000,44727504,6957256
07:42:59,237435,batch_c_probe_3_,18567000,44727504,6957256
07:43:00,237435,batch_c_probe_3_,18567008,44727504,6957248
07:43:01,237435,batch_c_probe_3_,18567008,44727504,6957248
07:43:02,237435,batch_c_probe_3_,18567012,44727504,6957244
07:43:03,237435,batch_c_probe_3_,18567012,44727504,6957244
07:43:04,237435,batch_c_probe_3_,18567012,44727504,6957244
07:43:05,237435,batch_c_probe_3_,18567012,44727504,6957244
07:43:06,237435,batch_c_probe_3_,18567020,44727504,6957236
07:43:07,237435,batch_c_probe_3_,18567020,44727504,6957236
07:43:08,237435,batch_c_probe_3_,18567020,44727504,6957236
07:43:09,237435,batch_c_probe_3_,18567020,44727504,6957236
07:43:10,237435,batch_c_probe_3_,18567020,44727504,6957236
07:43:11,237435,batch_c_probe_3_,18567020,44727504,6957236
07:43:12,237435,batch_c_probe_3_,18567024,44727504,6957232
07:43:13,237435,batch_c_probe_3_,18567024,44727504,6957232
07:43:14,237435,batch_c_probe_3_,18567296,44727504,6956960
07:43:15,237435,batch_c_probe_3_,18567300,44727504,6956956
07:43:16,237435,batch_c_probe_3_,18567300,44727504,6956956
07:43:17,237435,batch_c_probe_3_,18567300,44727504,6956956
07:43:18,237435,batch_c_probe_3_,18567300,44727504,6956956
07:43:19,237435,batch_c_probe_3_,18567300,44727504,6956956
07:43:20,237435,batch_c_probe_3_,18567300,44727504,6956956
07:43:21,237435,batch_c_probe_3_,18567300,44727504,6956956
07:43:22,237435,batch_c_probe_3_,18567308,44727504,6956948
07:43:23,237435,batch_c_probe_3_,18567308,44727504,6956948
07:43:24,237435,batch_c_probe_3_,18568396,44727504,6955860
07:43:25,237435,batch_c_probe_3_,18568404,44727504,6955852
07:43:26,237435,batch_c_probe_3_,18568404,44727504,6955852
07:43:27,237435,batch_c_probe_3_,18568408,44727504,6955848
07:43:28,237435,batch_c_probe_3_,18568408,44727504,6955848
07:43:29,237435,batch_c_probe_3_,18568408,44727504,6955848
07:43:30,237435,batch_c_probe_3_,18568412,44727504,6955844
07:43:31,237435,batch_c_probe_3_,18568412,44727504,6955844
07:43:32,237435,batch_c_probe_3_,18568412,44727504,6955844
07:43:33,237435,batch_c_probe_3_,18568536,44727504,6955720
07:43:34,237435,batch_c_probe_3_,18568536,44727504,6955720
07:43:35,237435,batch_c_probe_3_,18568536,44727504,6955720
07:43:36,237435,batch_c_probe_3_,18569368,44727504,6954888
07:43:37,237435,batch_c_probe_3_,18569368,44727504,6954888
07:43:38,237435,batch_c_probe_3_,18569368,44727504,6954888
07:43:40,237435,batch_c_probe_3_,18569864,44727504,6954392
07:43:41,237435,batch_c_probe_3_,18569868,44727504,6954388
07:43:42,237435,batch_c_probe_3_,18569872,44727504,6954384
07:43:43,237435,batch_c_probe_3_,18569908,44727504,6954348
07:43:44,237435,batch_c_probe_3_,18569908,44727504,6954348
07:43:45,237435,batch_c_probe_3_,18569908,44727504,6954348
07:43:46,237435,batch_c_probe_3_,18569908,44727504,6954348
07:43:47,237435,batch_c_probe_3_,18569908,44727504,6954348
07:43:48,237435,batch_c_probe_3_,18569908,44727504,6954348
07:43:49,237435,batch_c_probe_3_,18569908,44727504,6954348
07:43:50,237435,batch_c_probe_3_,18569908,44727504,6954348
07:43:51,237435,batch_c_probe_3_,18569908,44727504,6954348
07:43:52,237435,batch_c_probe_3_,18570460,44727504,6953796
07:43:53,237435,batch_c_probe_3_,18570460,44727504,6953796
07:43:54,237435,batch_c_probe_3_,18570460,44727504,6953796
07:43:55,237435,batch_c_probe_3_,18570460,44727504,6953796
07:43:56,237435,batch_c_probe_3_,18570460,44727504,6953796
07:43:57,237435,batch_c_probe_3_,18570460,44727504,6953796
07:43:58,237435,batch_c_probe_3_,18570460,44727504,6953796
07:43:59,237435,batch_c_probe_3_,18570460,44727504,6953796
07:44:00,237435,batch_c_probe_3_,18570460,44727504,6953796
07:44:01,237435,batch_c_probe_3_,18570460,44727504,6953796
07:44:02,237435,batch_c_probe_3_,18570756,44727504,6953500
07:44:03,237435,batch_c_probe_3_,18570760,44727504,6953496
07:44:04,237435,batch_c_probe_3_,18570760,44727504,6953496
07:44:05,237435,batch_c_probe_3_,18570760,44727504,6953496
07:44:06,237435,batch_c_probe_3_,18570760,44727504,6953496
07:44:07,237435,batch_c_probe_3_,18570760,44727504,6953496
07:44:08,237435,batch_c_probe_3_,18570760,44727504,6953496
07:44:09,237435,batch_c_probe_3_,18570764,44727504,6953492
07:44:10,237435,batch_c_probe_3_,18570764,44727504,6953492
07:44:11,237435,batch_c_probe_3_,18570768,44727504,6953488
07:44:12,237435,batch_c_probe_3_,18570772,44727504,6953484
07:44:13,237435,batch_c_probe_3_,18570772,44727504,6953484
07:44:14,237435,batch_c_probe_3_,18570772,44727504,6953484
07:44:15,237435,batch_c_probe_3_,18570772,44727504,6953484
07:44:16,237435,batch_c_probe_3_,18570772,44727504,6953484
07:44:17,237435,batch_c_probe_3_,18570776,44727504,6953480
07:44:18,237435,batch_c_probe_3_,18570776,44727504,6953480
07:44:19,237435,batch_c_probe_3_,18570776,44727504,6953480
07:44:20,237435,batch_c_probe_3_,18570776,44727504,6953480
07:44:21,237435,batch_c_probe_3_,18570776,44727504,6953480
07:44:22,237435,batch_c_probe_3_,18570776,44727504,6953480
07:44:23,237435,batch_c_probe_3_,18570776,44727504,6953480
07:44:24,237435,batch_c_probe_3_,18570800,44727504,6953456
07:44:25,237435,batch_c_probe_3_,18570800,44727504,6953456
07:44:26,237435,batch_c_probe_3_,18570800,44727504,6953456
07:44:27,237435,batch_c_probe_3_,18570800,44727504,6953456
07:44:28,237435,batch_c_probe_3_,18570804,44727504,6953452
07:44:29,237435,batch_c_probe_3_,18570804,44727504,6953452
07:44:30,237435,batch_c_probe_3_,18570804,44727504,6953452
07:44:31,237435,batch_c_probe_3_,18570804,44727504,6953452
07:44:32,237435,batch_c_probe_3_,18570804,44727504,6953452
07:44:33,237435,batch_c_probe_3_,18570804,44727504,6953452
07:44:34,237435,batch_c_probe_3_,18570804,44727504,6953452
07:44:36,237435,batch_c_probe_3_,18570808,44727504,6953448
07:44:37,237435,batch_c_probe_3_,18570808,44727504,6953448
07:44:38,237435,batch_c_probe_3_,18570808,44727504,6953448
07:44:39,237435,batch_c_probe_3_,18570808,44727504,6953448
07:44:40,237435,batch_c_probe_3_,18570808,44727504,6953448
07:44:41,237435,batch_c_probe_3_,18570808,44727504,6953448
07:44:42,237435,batch_c_probe_3_,18570812,44727504,6953444
07:44:43,237435,batch_c_probe_3_,18570812,44727504,6953444
07:44:44,237435,batch_c_probe_3_,18570816,44727504,6953440
07:44:45,237435,batch_c_probe_3_,18570816,44727504,6953440
07:44:46,237435,batch_c_probe_3_,18570816,44727504,6953440
07:44:47,237435,batch_c_probe_3_,18570820,44727504,6953436
07:44:48,237435,batch_c_probe_3_,18570820,44727504,6953436
07:44:49,237435,batch_c_probe_3_,18570820,44727504,6953436
07:44:50,237435,batch_c_probe_3_,18570820,44727504,6953436
07:44:51,237435,batch_c_probe_3_,18570820,44727504,6953436
07:44:52,237435,batch_c_probe_3_,18570860,44727504,6953396
07:44:53,237435,batch_c_probe_3_,18570860,44727504,6953396
07:44:54,237435,batch_c_probe_3_,18570860,44727504,6953396
07:44:55,237435,batch_c_probe_3_,18570860,44727504,6953396
07:44:56,237435,batch_c_probe_3_,18570860,44727504,6953396
07:44:57,237435,batch_c_probe_3_,18570860,44727504,6953396
07:44:58,237435,batch_c_probe_3_,18570860,44727504,6953396
07:44:59,237435,batch_c_probe_3_,18570860,44727504,6953396
07:45:00,237435,batch_c_probe_3_,18570860,44727504,6953396
07:45:01,237435,batch_c_probe_3_,18570860,44727504,6953396
07:45:02,237435,batch_c_probe_3_,18570860,44727504,6953396
07:45:03,237435,batch_c_probe_3_,18570900,44727504,6953356
07:45:04,237435,batch_c_probe_3_,18570900,44727504,6953356
07:45:05,237435,batch_c_probe_3_,18570940,44727504,6953316
07:45:06,237435,batch_c_probe_3_,18571016,44727504,6953240
07:45:07,237435,batch_c_probe_3_,18571016,44727504,6953240
07:45:08,237435,batch_c_probe_3_,18571016,44727504,6953240
07:45:09,237435,batch_c_probe_3_,18571016,44727504,6953240
07:45:10,237435,batch_c_probe_3_,18571016,44727504,6953240
07:45:11,237435,batch_c_probe_3_,18571056,44727504,6953200
07:45:12,237435,batch_c_probe_3_,18571056,44727504,6953200
07:45:13,237435,batch_c_probe_3_,18571056,44727504,6953200
07:45:14,237435,batch_c_probe_3_,18571056,44727504,6953200
07:45:15,237435,batch_c_probe_3_,18571056,44727504,6953200
07:45:16,237435,batch_c_probe_3_,18571056,44727504,6953200
07:45:17,237435,batch_c_probe_3_,18571056,44727504,6953200
07:45:18,237435,batch_c_probe_3_,18571056,44727504,6953200
07:45:19,237435,batch_c_probe_3_,18571056,44727504,6953200
07:45:20,237435,batch_c_probe_3_,18571064,44727504,6953192
07:45:21,237435,batch_c_probe_3_,18571064,44727504,6953192
07:45:22,237435,batch_c_probe_3_,18571068,44727504,6953188
07:45:23,237435,batch_c_probe_3_,18571072,44727504,6953184
07:45:24,237435,batch_c_probe_3_,18571072,44727504,6953184
07:45:25,237435,batch_c_probe_3_,18571072,44727504,6953184
07:45:26,237435,batch_c_probe_3_,18571512,44727504,6952744
07:45:27,237435,batch_c_probe_3_,18571512,44727504,6952744
07:45:28,237435,batch_c_probe_3_,18571512,44727504,6952744
07:45:29,237435,batch_c_probe_3_,18571512,44727504,6952744
07:45:30,237435,batch_c_probe_3_,18571512,44727504,6952744
07:45:32,237435,batch_c_probe_3_,18571512,44727504,6952744
07:45:33,237435,batch_c_probe_3_,18571516,44727504,6952740
07:45:34,237435,batch_c_probe_3_,18571516,44727504,6952740
07:45:35,237435,batch_c_probe_3_,18571516,44727504,6952740
07:45:36,237435,batch_c_probe_3_,18571516,44727504,6952740
07:45:37,237435,batch_c_probe_3_,18571516,44727504,6952740
07:45:38,237435,batch_c_probe_3_,18571516,44727504,6952740
07:45:39,237435,batch_c_probe_3_,18571516,44727504,6952740
07:45:40,237435,batch_c_probe_3_,18571516,44727504,6952740
07:45:41,237435,batch_c_probe_3_,18571516,44727504,6952740
07:45:42,237435,batch_c_probe_3_,18571516,44727504,6952740
07:45:43,237435,batch_c_probe_3_,18571516,44727504,6952740
07:45:44,237435,batch_c_probe_3_,18571516,44727504,6952740
07:45:45,237435,batch_c_probe_3_,18571516,44727504,6952740
07:45:46,237435,batch_c_probe_3_,18571516,44727504,6952740
07:45:47,237435,batch_c_probe_3_,18571516,44727504,6952740
07:45:48,237435,batch_c_probe_3_,18571516,44727504,6952740
07:45:49,237435,batch_c_probe_3_,18571516,44727504,6952740
07:45:50,237435,batch_c_probe_3_,18571532,44727504,6952724
07:45:51,237435,batch_c_probe_3_,18571532,44727504,6952724
07:45:52,237435,batch_c_probe_3_,18571532,44727504,6952724
07:45:53,237435,batch_c_probe_3_,18571532,44727504,6952724
07:45:54,237435,batch_c_probe_3_,18571536,44727504,6952720
07:45:55,237435,batch_c_probe_3_,18571536,44727504,6952720
07:45:56,237435,batch_c_probe_3_,18571536,44727504,6952720
07:45:57,237435,batch_c_probe_3_,18571536,44727504,6952720
07:45:58,237435,batch_c_probe_3_,18572180,44727504,6952076
07:45:59,237435,batch_c_probe_3_,18573076,44727504,6951180
07:46:00,237435,batch_c_probe_3_,18573076,44727504,6951180
07:46:01,237435,batch_c_probe_3_,18573076,44727504,6951180
07:46:02,237435,batch_c_probe_3_,18573076,44727504,6951180
07:46:03,237435,batch_c_probe_3_,18573076,44727504,6951180
07:46:04,237435,batch_c_probe_3_,18573972,44727504,6950284
07:46:05,237435,batch_c_probe_3_,18573972,44727504,6950284
07:46:06,237435,batch_c_probe_3_,18573972,44727504,6950284
07:46:07,237435,batch_c_probe_3_,18573972,44727504,6950284
07:46:08,237435,batch_c_probe_3_,18573976,44727504,6950280
07:46:09,237435,batch_c_probe_3_,18573976,44727504,6950280
07:46:10,237435,batch_c_probe_3_,18573976,44727504,6950280
07:46:11,237435,batch_c_probe_3_,18573976,44727504,6950280
07:46:12,237435,batch_c_probe_3_,18573976,44727504,6950280
07:46:13,237435,batch_c_probe_3_,18573976,44727504,6950280
07:46:14,237435,batch_c_probe_3_,18573976,44727504,6950280
07:46:15,237435,batch_c_probe_3_,18573976,44727504,6950280
07:46:16,237435,batch_c_probe_3_,18573976,44727504,6950280
07:46:17,237435,batch_c_probe_3_,18573976,44727504,6950280
07:46:18,237435,batch_c_probe_3_,18573976,44727504,6950280
07:46:19,237435,batch_c_probe_3_,18573976,44727504,6950280
07:46:20,237435,batch_c_probe_3_,18573976,44727504,6950280
07:46:21,237435,batch_c_probe_3_,18573976,44727504,6950280
07:46:22,237435,batch_c_probe_3_,18575308,44727504,6948948
07:46:23,237435,batch_c_probe_3_,18575308,44727504,6948948
07:46:24,237435,batch_c_probe_3_,18575312,44727504,6948944
07:46:25,237435,batch_c_probe_3_,18575312,44727504,6948944
07:46:26,237435,batch_c_probe_3_,18575312,44727504,6948944
07:46:28,237435,batch_c_probe_3_,18575312,44727504,6948944
07:46:29,237435,batch_c_probe_3_,18575312,44727504,6948944
07:46:30,237435,batch_c_probe_3_,18575316,44727504,6948940
07:46:31,237435,batch_c_probe_3_,18575316,44727504,6948940
07:46:32,237435,batch_c_probe_3_,18575316,44727504,6948940
07:46:33,237435,batch_c_probe_3_,18575316,44727504,6948940
07:46:34,237435,batch_c_probe_3_,18575316,44727504,6948940
07:46:35,237435,batch_c_probe_3_,18575320,44727504,6948936
07:46:36,237435,batch_c_probe_3_,18575320,44727504,6948936
07:46:37,237435,batch_c_probe_3_,18575320,44727504,6948936
07:46:38,237435,batch_c_probe_3_,18575320,44727504,6948936
07:46:39,237435,batch_c_probe_3_,18575320,44727504,6948936
07:46:40,237435,batch_c_probe_3_,18575324,44727504,6948932
07:46:41,237435,batch_c_probe_3_,18575324,44727504,6948932
07:46:42,237435,batch_c_probe_3_,18575324,44727504,6948932
07:46:43,237435,batch_c_probe_3_,18575324,44727504,6948932
07:46:44,237435,batch_c_probe_3_,18575324,44727504,6948932
07:46:45,237435,batch_c_probe_3_,18575328,44727504,6948928
07:46:46,237435,batch_c_probe_3_,18575328,44727504,6948928
07:46:47,237435,batch_c_probe_3_,18575552,44727504,6948704
07:46:48,237435,batch_c_probe_3_,18575556,44727504,6948700
07:46:49,237435,batch_c_probe_3_,18575556,44727504,6948700
07:46:50,237435,batch_c_probe_3_,18575556,44727504,6948700
07:46:51,237435,batch_c_probe_3_,18575556,44727504,6948700
07:46:52,237435,batch_c_probe_3_,18575556,44727504,6948700
07:46:53,237435,batch_c_probe_3_,18575560,44727504,6948696
07:46:54,237435,batch_c_probe_3_,18575560,44727504,6948696
07:46:55,237435,batch_c_probe_3_,18575560,44727504,6948696
07:46:56,237435,batch_c_probe_3_,18576220,44727504,6948036
07:46:57,237435,batch_c_probe_3_,18576220,44727504,6948036
07:46:58,237435,batch_c_probe_3_,18576220,44727504,6948036
07:46:59,237435,batch_c_probe_3_,18576228,44727504,6948028
07:47:00,237435,batch_c_probe_3_,18576228,44727504,6948028
07:47:01,237435,batch_c_probe_3_,18576232,44727504,6948024
07:47:02,237435,batch_c_probe_3_,18576232,44727504,6948024
07:47:03,237435,batch_c_probe_3_,18576232,44727504,6948024
07:47:04,237435,batch_c_probe_3_,18576232,44727504,6948024
07:47:05,237435,batch_c_probe_3_,18576232,44727504,6948024
07:47:06,237435,batch_c_probe_3_,18576236,44727504,6948020
07:47:07,237435,batch_c_probe_3_,18576236,44727504,6948020
07:47:08,237435,batch_c_probe_3_,18576236,44727504,6948020
07:47:09,237435,batch_c_probe_3_,18576236,44727504,6948020
07:47:10,237435,batch_c_probe_3_,18576236,44727504,6948020
07:47:11,237435,batch_c_probe_3_,18576236,44727504,6948020
07:47:12,237435,batch_c_probe_3_,18576236,44727504,6948020
07:47:13,237435,batch_c_probe_3_,18576240,44727504,6948016
07:47:14,237435,batch_c_probe_3_,18576248,44727504,6948008
07:47:15,237435,batch_c_probe_3_,18576248,44727504,6948008
07:47:16,237435,batch_c_probe_3_,18576248,44727504,6948008
07:47:17,237435,batch_c_probe_3_,18576248,44727504,6948008
07:47:18,237435,batch_c_probe_3_,18576252,44727504,6948004
07:47:19,237435,batch_c_probe_3_,18576252,44727504,6948004
07:47:20,237435,batch_c_probe_3_,18576252,44727504,6948004
07:47:21,237435,batch_c_probe_3_,18576252,44727504,6948004
07:47:22,237435,batch_c_probe_3_,18576252,44727504,6948004
07:47:24,237435,batch_c_probe_3_,18576252,44727504,6948004
07:47:25,237435,batch_c_probe_3_,18576256,44727504,6948000
07:47:26,237435,batch_c_probe_3_,18576256,44727504,6948000
07:47:27,237435,batch_c_probe_3_,18576256,44727504,6948000
07:47:28,237435,batch_c_probe_3_,18576256,44727504,6948000
07:47:29,237435,batch_c_probe_3_,18576256,44727504,6948000
07:47:30,237435,batch_c_probe_3_,18576256,44727504,6948000
07:47:31,237435,batch_c_probe_3_,18576256,44727504,6948000
07:47:32,237435,batch_c_probe_3_,18576256,44727504,6948000
07:47:33,237435,batch_c_probe_3_,18576256,44727504,6948000
07:47:34,237435,batch_c_probe_3_,18576256,44727504,6948000
07:47:35,237435,batch_c_probe_3_,18576256,44727504,6948000
07:47:36,237435,batch_c_probe_3_,18576256,44727504,6948000
07:47:37,237435,batch_c_probe_3_,18576256,44727504,6948000
07:47:38,237435,batch_c_probe_3_,18576256,44727504,6948000
07:47:39,237435,batch_c_probe_3_,18576256,44727504,6948000
07:47:40,237435,batch_c_probe_3_,18577516,44727504,6946740
07:47:41,237435,batch_c_probe_3_,18577516,44727504,6946740
07:47:42,237435,batch_c_probe_3_,18577516,44727504,6946740
07:47:43,237435,batch_c_probe_3_,18577516,44727504,6946740
07:47:44,237435,batch_c_probe_3_,18577516,44727504,6946740
07:47:45,237435,batch_c_probe_3_,18577936,44727504,6946320
07:47:46,237435,batch_c_probe_3_,18577936,44727504,6946320
07:47:47,237435,batch_c_probe_3_,18577936,44727504,6946320
07:47:48,237435,batch_c_probe_3_,18577936,44727504,6946320
07:47:49,237435,batch_c_probe_3_,18577936,44727504,6946320
07:47:50,237435,batch_c_probe_3_,18577936,44727504,6946320
07:47:51,237435,batch_c_probe_3_,18577936,44727504,6946320
07:47:52,237435,batch_c_probe_3_,18577936,44727504,6946320
07:47:53,237435,batch_c_probe_3_,18577936,44727504,6946320
07:47:54,237435,batch_c_probe_3_,18577936,44727504,6946320
07:47:55,237435,batch_c_probe_3_,18577936,44727504,6946320
07:47:56,237435,batch_c_probe_3_,18577936,44727504,6946320
07:47:57,237435,batch_c_probe_3_,18577936,44727504,6946320
07:47:58,237435,batch_c_probe_3_,18577936,44727504,6946320
07:47:59,237435,batch_c_probe_3_,18577936,44727504,6946320
07:48:00,237435,batch_c_probe_3_,18577936,44727504,6946320
07:48:01,237435,batch_c_probe_3_,18577936,44727504,6946320
07:48:02,237435,batch_c_probe_3_,18577936,44727504,6946320
07:48:03,237435,batch_c_probe_3_,18577936,44727504,6946320
07:48:04,237435,batch_c_probe_3_,18577936,44727504,6946320
07:48:05,237435,batch_c_probe_3_,18577936,44727504,6946320
07:48:06,237435,batch_c_probe_3_,18577936,44727504,6946320
07:48:07,237435,batch_c_probe_3_,18577936,44727504,6946320
07:48:08,237435,batch_c_probe_3_,18578172,44727504,6946084
07:48:09,237435,batch_c_probe_3_,18578172,44727504,6946084
07:48:10,237435,batch_c_probe_3_,18578172,44727504,6946084
07:48:11,237435,batch_c_probe_3_,18578172,44727504,6946084
07:48:12,237435,batch_c_probe_3_,18578172,44727504,6946084
07:48:13,237435,batch_c_probe_3_,18578172,44727504,6946084
07:48:14,237435,batch_c_probe_3_,18578172,44727504,6946084
07:48:15,237435,batch_c_probe_3_,18578172,44727504,6946084
07:48:16,237435,batch_c_probe_3_,18578172,44727504,6946084
07:48:17,237435,batch_c_probe_3_,18578172,44727504,6946084
07:48:19,237435,batch_c_probe_3_,18578172,44727504,6946084
07:48:20,237435,batch_c_probe_3_,18578172,44727504,6946084
07:48:21,237435,batch_c_probe_3_,18578172,44727504,6946084
07:48:22,237435,batch_c_probe_3_,18578172,44727504,6946084
07:48:23,237435,batch_c_probe_3_,18578172,44727504,6946084
07:48:24,237435,batch_c_probe_3_,18578172,44727504,6946084
07:48:25,237435,batch_c_probe_3_,18578172,44727504,6946084
07:48:26,237435,batch_c_probe_3_,18578172,44727504,6946084
07:48:27,237435,batch_c_probe_3_,18578172,44727504,6946084
07:48:28,237435,batch_c_probe_3_,18578172,44727504,6946084
07:48:29,237435,batch_c_probe_3_,18578172,44727504,6946084
07:48:30,237435,batch_c_probe_3_,18578172,44727504,6946084
07:48:31,237435,batch_c_probe_3_,18578172,44727504,6946084
07:48:32,237435,batch_c_probe_3_,18578172,44727504,6946084
07:48:33,237435,batch_c_probe_3_,18578172,44727504,6946084
07:48:34,237435,batch_c_probe_3_,18578172,44727504,6946084
07:48:35,237435,batch_c_probe_3_,18578172,44727504,6946084
07:48:36,237435,batch_c_probe_3_,18578784,44727504,6945472
07:48:37,237435,batch_c_probe_3_,18578784,44727504,6945472
07:48:38,237435,batch_c_probe_3_,18578784,44727504,6945472
07:48:39,237435,batch_c_probe_3_,18578784,44727504,6945472
07:48:40,237435,batch_c_probe_3_,18578784,44727504,6945472
07:48:41,237435,batch_c_probe_3_,18578784,44727504,6945472
07:48:42,237435,batch_c_probe_3_,18578784,44727504,6945472
07:48:43,237435,batch_c_probe_3_,18578784,44727504,6945472
07:48:44,237435,batch_c_probe_3_,18578784,44727504,6945472
07:48:45,237435,batch_c_probe_3_,18580196,44727504,6944060
07:48:46,237435,batch_c_probe_3_,18580756,44727504,6943500
07:48:47,237435,batch_c_probe_3_,18580756,44727504,6943500
07:48:48,237435,batch_c_probe_3_,18580756,44727504,6943500
07:48:49,237435,batch_c_probe_3_,18580756,44727504,6943500
07:48:50,237435,batch_c_probe_3_,18580760,44727504,6943496
07:48:51,237435,batch_c_probe_3_,18580772,44727504,6943484
07:48:52,237435,batch_c_probe_3_,18580772,44727504,6943484
07:48:53,237435,batch_c_probe_3_,18580772,44727504,6943484
07:48:54,237435,batch_c_probe_3_,18580772,44727504,6943484
07:48:55,237435,batch_c_probe_3_,18580772,44727504,6943484
07:48:56,237435,batch_c_probe_3_,18580788,44727504,6943468
07:48:57,237435,batch_c_probe_3_,18580788,44727504,6943468
07:48:58,237435,batch_c_probe_3_,18580788,44727504,6943468
07:48:59,237435,batch_c_probe_3_,18580788,44727504,6943468
07:49:00,237435,batch_c_probe_3_,18580788,44727504,6943468
07:49:01,237435,batch_c_probe_3_,18580788,44727504,6943468
07:49:02,237435,batch_c_probe_3_,18580788,44727504,6943468
07:49:03,237435,batch_c_probe_3_,18580792,44727504,6943464
07:49:04,237435,batch_c_probe_3_,18580796,44727504,6943460
07:49:05,237435,batch_c_probe_3_,18580796,44727504,6943460
07:49:06,237435,batch_c_probe_3_,18580796,44727504,6943460
07:49:07,237435,batch_c_probe_3_,18580796,44727504,6943460
07:49:08,237435,batch_c_probe_3_,18580796,44727504,6943460
07:49:09,237435,batch_c_probe_3_,18581272,44727504,6942984
07:49:10,237435,batch_c_probe_3_,18581272,44727504,6942984
07:49:11,237435,batch_c_probe_3_,18581272,44727504,6942984
07:49:12,237435,batch_c_probe_3_,18581272,44727504,6942984
07:49:13,237435,batch_c_probe_3_,18581272,44727504,6942984
07:49:15,237435,batch_c_probe_3_,18581460,44727504,6942796
07:49:16,237435,batch_c_probe_3_,18581460,44727504,6942796
07:49:17,237435,batch_c_probe_3_,18582236,44727504,6942020
07:49:18,237435,batch_c_probe_3_,18582236,44727504,6942020
07:49:19,237435,batch_c_probe_3_,18582240,44727504,6942016
07:49:20,237435,batch_c_probe_3_,18582240,44727504,6942016
07:49:21,237435,batch_c_probe_3_,18582240,44727504,6942016
07:49:22,237435,batch_c_probe_3_,18582240,44727504,6942016
07:49:23,237435,batch_c_probe_3_,18582244,44727504,6942012
07:49:24,237435,batch_c_probe_3_,18582244,44727504,6942012
07:49:25,237435,batch_c_probe_3_,18582244,44727504,6942012
07:49:26,237435,batch_c_probe_3_,18582248,44727504,6942008
07:49:27,237435,batch_c_probe_3_,18582280,44727504,6941976
07:49:28,237435,batch_c_probe_3_,18582280,44727504,6941976
07:49:29,237435,batch_c_probe_3_,18582280,44727504,6941976
07:49:30,237435,batch_c_probe_3_,18582280,44727504,6941976
07:49:31,237435,batch_c_probe_3_,18582280,44727504,6941976
07:49:32,237435,batch_c_probe_3_,18582284,44727504,6941972
07:49:33,237435,batch_c_probe_3_,18582284,44727504,6941972
07:49:34,237435,batch_c_probe_3_,18582284,44727504,6941972
07:49:35,237435,batch_c_probe_3_,18582284,44727504,6941972
07:49:36,237435,batch_c_probe_3_,18582284,44727504,6941972
07:49:37,237435,batch_c_probe_3_,18582284,44727504,6941972
07:49:38,237435,batch_c_probe_3_,18582284,44727504,6941972
07:49:39,237435,batch_c_probe_3_,18582288,44727504,6941968
07:49:40,237435,batch_c_probe_3_,18582380,44727504,6941876
07:49:41,237435,batch_c_probe_3_,18582380,44727504,6941876
07:49:42,237435,batch_c_probe_3_,18582380,44727504,6941876
07:49:43,237435,batch_c_probe_3_,18582380,44727504,6941876
07:49:44,237435,batch_c_probe_3_,18582384,44727504,6941872
07:49:45,237435,batch_c_probe_3_,18582384,44727504,6941872
07:49:46,237435,batch_c_probe_3_,18582384,44727504,6941872
07:49:47,237435,batch_c_probe_3_,18582384,44727504,6941872
07:49:48,237435,batch_c_probe_3_,18582384,44727504,6941872
07:49:49,237435,batch_c_probe_3_,18582384,44727504,6941872
07:49:50,237435,batch_c_probe_3_,18582384,44727504,6941872
07:49:51,237435,batch_c_probe_3_,18582388,44727504,6941868
07:49:52,237435,batch_c_probe_3_,18582640,44727504,6941616
07:49:53,237435,batch_c_probe_3_,18582640,44727504,6941616
07:49:54,237435,batch_c_probe_3_,18582640,44727504,6941616
07:49:55,237435,batch_c_probe_3_,18582640,44727504,6941616
07:49:56,237435,batch_c_probe_3_,18582640,44727504,6941616
07:49:57,237435,batch_c_probe_3_,18582864,44727504,6941392
07:49:58,237435,batch_c_probe_3_,18582868,44727504,6941388
07:49:59,237435,batch_c_probe_3_,18582868,44727504,6941388
07:50:00,237435,batch_c_probe_3_,18582868,44727504,6941388
07:50:01,237435,batch_c_probe_3_,18582868,44727504,6941388
07:50:02,237435,batch_c_probe_3_,18583256,44727504,6941000
07:50:03,237435,batch_c_probe_3_,18583256,44727504,6941000
07:50:04,237435,batch_c_probe_3_,18583256,44727504,6941000
07:50:05,237435,batch_c_probe_3_,18583256,44727504,6941000
07:50:06,237435,batch_c_probe_3_,18583676,44727504,6940580
07:50:07,237435,batch_c_probe_3_,18583676,44727504,6940580
07:50:08,237435,batch_c_probe_3_,18583984,44727504,6940272
07:50:09,237435,batch_c_probe_3_,18583984,44727504,6940272
07:50:11,237435,batch_c_probe_3_,18583984,44727504,6940272
07:50:12,237435,batch_c_probe_3_,18583984,44727504,6940272
07:50:13,237435,batch_c_probe_3_,18583984,44727504,6940272
07:50:14,237435,batch_c_probe_3_,18583984,44727504,6940272
07:50:15,237435,batch_c_probe_3_,18583984,44727504,6940272
07:50:16,237435,batch_c_probe_3_,18583984,44727504,6940272
07:50:17,237435,batch_c_probe_3_,18584592,44727504,6939816
07:50:18,237435,batch_c_probe_3_,18584592,44727504,6939816
07:50:19,237435,batch_c_probe_3_,18584592,44727504,6939816
07:50:20,237435,batch_c_probe_3_,18584592,44727504,6939816
07:50:21,237435,batch_c_probe_3_,18584592,44727504,6939816
07:50:22,237435,batch_c_probe_3_,18584592,44727504,6939816
07:50:23,237435,batch_c_probe_3_,18584592,44727504,6939816
07:50:24,237435,batch_c_probe_3_,18584592,44727504,6939816
07:50:25,237435,batch_c_probe_3_,18584592,44727504,6939816
07:50:26,237435,batch_c_probe_3_,18584592,44727504,6939816
07:50:27,237435,batch_c_probe_3_,18584592,44727504,6939816
07:50:28,237435,batch_c_probe_3_,18584592,44727504,6939816
07:50:29,237435,batch_c_probe_3_,18584592,44727504,6939816
07:50:30,237435,batch_c_probe_3_,18584592,44727504,6939816
07:50:31,237435,batch_c_probe_3_,18584592,44727504,6939816
07:50:32,237435,batch_c_probe_3_,18584592,44727504,6939816
07:50:33,237435,batch_c_probe_3_,18585588,44727504,6938820
07:50:34,237435,batch_c_probe_3_,18586120,44727504,6938288
07:50:35,237435,batch_c_probe_3_,18586124,44727504,6938284
07:50:36,237435,batch_c_probe_3_,18586124,44727504,6938284
07:50:37,237435,batch_c_probe_3_,18586124,44727504,6938284
07:50:38,237435,batch_c_probe_3_,18586124,44727504,6938284
07:50:39,237435,batch_c_probe_3_,18586124,44727504,6938284
07:50:40,237435,batch_c_probe_3_,18586124,44727504,6938284
07:50:41,237435,batch_c_probe_3_,18586124,44727504,6938284
07:50:42,237435,batch_c_probe_3_,18586128,44727504,6938280
07:50:43,237435,batch_c_probe_3_,18586132,44727504,6938276
07:50:44,237435,batch_c_probe_3_,18586132,44727504,6938276
07:50:45,237435,batch_c_probe_3_,18586132,44727504,6938276
07:50:46,237435,batch_c_probe_3_,18586132,44727504,6938276
07:50:47,237435,batch_c_probe_3_,18586132,44727504,6938276
07:50:48,237435,batch_c_probe_3_,18586132,44727504,6938276
07:50:49,237435,batch_c_probe_3_,18586132,44727504,6938276
07:50:50,237435,batch_c_probe_3_,18586132,44727504,6938276
07:50:51,237435,batch_c_probe_3_,18586196,44727504,6938212
07:50:52,237435,batch_c_probe_3_,18586196,44727504,6938212
07:50:53,237435,batch_c_probe_3_,18586196,44727504,6938212
07:50:54,237435,batch_c_probe_3_,18586200,44727504,6938208
07:50:55,237435,batch_c_probe_3_,18587208,44727504,6937200
07:50:56,237435,batch_c_probe_3_,18587208,44727504,6937200
07:50:57,237435,batch_c_probe_3_,18588216,44727504,6936192
07:50:58,237435,batch_c_probe_3_,18589224,44727504,6935184
07:50:59,237435,batch_c_probe_3_,18589228,44727504,6935180
07:51:00,237435,batch_c_probe_3_,18590236,44727504,6934172
07:51:01,237435,batch_c_probe_3_,18590236,44727504,6934172
07:51:02,237435,batch_c_probe_3_,18590236,44727504,6934172
07:51:03,237435,batch_c_probe_3_,18590236,44727504,6934172
07:51:04,237435,batch_c_probe_3_,18591244,44727504,6933164
07:51:05,237435,batch_c_probe_3_,18591244,44727504,6933164
07:51:07,237435,batch_c_probe_3_,18591248,44727504,6933160
07:51:08,237435,batch_c_probe_3_,18592256,44727504,6932152
07:51:09,237435,batch_c_probe_3_,18592256,44727504,6932152
07:51:10,237435,batch_c_probe_3_,18592256,44727504,6932152
07:51:11,237435,batch_c_probe_3_,18592256,44727504,6932152
07:51:12,237435,batch_c_probe_3_,18592256,44727504,6932152
07:51:13,237435,batch_c_probe_3_,18592256,44727504,6932152
07:51:14,237435,batch_c_probe_3_,18592260,44727504,6932148
07:51:15,237435,batch_c_probe_3_,18592260,44727504,6932148
07:51:16,237435,batch_c_probe_3_,18593264,44727504,6931144
07:51:17,237435,batch_c_probe_3_,18593264,44727504,6931144
07:51:18,237435,batch_c_probe_3_,18593264,44727504,6931144
07:51:19,237435,batch_c_probe_3_,18593264,44727504,6931144
07:51:20,237435,batch_c_probe_3_,18605508,44727504,6919704
07:51:21,237435,batch_c_probe_3_,18605516,44727504,6919696
07:51:22,237435,batch_c_probe_3_,18605520,44727504,6919692
07:51:23,237435,batch_c_probe_3_,18605524,44727504,6919688
07:51:24,237435,batch_c_probe_3_,18605524,44727504,6919688
07:51:25,237435,batch_c_probe_3_,18605528,44727504,6919684
07:51:26,237435,batch_c_probe_3_,18606536,44727504,6918676
07:51:27,237435,batch_c_probe_3_,18607504,44727504,6917708
07:51:28,237435,batch_c_probe_3_,18607512,44727504,6917700
07:51:29,237435,batch_c_probe_3_,18607552,44727504,6917660
07:51:30,237435,batch_c_probe_3_,18607552,44727504,6917660
07:51:31,237435,batch_c_probe_3_,18607552,44727504,6917660
07:51:32,237435,batch_c_probe_3_,18607556,44727504,6917656
07:51:33,237435,batch_c_probe_3_,18607556,44727504,6917656
07:51:34,237435,batch_c_probe_3_,18607556,44727504,6917656
07:51:35,237435,batch_c_probe_3_,18607556,44727504,6917656
07:51:36,237435,batch_c_probe_3_,18607556,44727504,6917656
07:51:37,237435,batch_c_probe_3_,18607556,44727504,6917656
07:51:38,237435,batch_c_probe_3_,18607556,44727504,6917656
07:51:39,237435,batch_c_probe_3_,18607556,44727504,6917656
07:51:40,237435,batch_c_probe_3_,18607556,44727504,6917656
07:51:41,237435,batch_c_probe_3_,18607556,44727504,6917656
07:51:42,237435,batch_c_probe_3_,18607556,44727504,6917656
07:51:43,237435,batch_c_probe_3_,18607556,44727504,6917656
07:51:44,237435,batch_c_probe_3_,18607556,44727504,6917656
07:51:45,237435,batch_c_probe_3_,18607556,44727504,6917656
07:51:46,237435,batch_c_probe_3_,18607556,44727504,6917656
07:51:47,237435,batch_c_probe_3_,18607556,44727504,6917656
07:51:48,237435,batch_c_probe_3_,18607556,44727504,6917656
07:51:49,237435,batch_c_probe_3_,18607556,44727504,6917656
07:51:50,237435,batch_c_probe_3_,18607556,44727504,6917656
07:51:51,237435,batch_c_probe_3_,18607556,44727504,6917656
07:51:52,237435,batch_c_probe_3_,18607556,44727504,6917656
07:51:53,237435,batch_c_probe_3_,18608564,44727504,6916648
07:51:54,237435,batch_c_probe_3_,18608564,44727504,6916648
07:51:55,237435,batch_c_probe_3_,18608564,44727504,6916648
07:51:56,237435,batch_c_probe_3_,18608564,44727504,6916648
07:51:57,237435,batch_c_probe_3_,18608568,44727504,6916644
07:51:58,237435,batch_c_probe_3_,18608568,44727504,6916644
07:51:59,237435,batch_c_probe_3_,18608568,44727504,6916644
07:52:00,237435,batch_c_probe_3_,18608568,44727504,6916644
07:52:01,237435,batch_c_probe_3_,18608568,44727504,6916644
07:52:02,237435,batch_c_probe_3_,18608568,44727504,6916644
07:52:04,237435,batch_c_probe_3_,18608568,44727504,6916644
07:52:05,237435,batch_c_probe_3_,18608568,44727504,6916644
07:52:06,237435,batch_c_probe_3_,18608568,44727504,6916644
07:52:07,237435,batch_c_probe_3_,18608568,44727504,6916644
07:52:08,237435,batch_c_probe_3_,18608568,44727504,6916644
07:52:09,237435,batch_c_probe_3_,18608568,44727504,6916644
07:52:10,237435,batch_c_probe_3_,18608588,44727504,6916624
07:52:11,237435,batch_c_probe_3_,18608588,44727504,6916624
07:52:12,237435,batch_c_probe_3_,18608588,44727504,6916624
07:52:13,237435,batch_c_probe_3_,18608588,44727504,6916624
07:52:14,237435,batch_c_probe_3_,18608588,44727504,6916624
07:52:15,237435,batch_c_probe_3_,18608588,44727504,6916624
07:52:16,237435,batch_c_probe_3_,18608588,44727504,6916624
07:52:17,237435,batch_c_probe_3_,18608600,44727504,6916612
07:52:18,237435,batch_c_probe_3_,18608724,44727504,6916488
07:52:19,237435,batch_c_probe_3_,18608724,44727504,6916488
07:52:20,237435,batch_c_probe_3_,18608824,44727504,6916388
07:52:21,237435,batch_c_probe_3_,18609052,44727504,6916160
07:52:22,237435,batch_c_probe_3_,18609052,44727504,6916160
07:52:23,237435,batch_c_probe_3_,18609052,44727504,6916160
07:52:24,237435,batch_c_probe_3_,18610648,44727504,6914564
07:52:25,237435,batch_c_probe_3_,18611796,44727504,6913416
07:52:26,237435,batch_c_probe_3_,18611928,44727504,6913284
07:52:27,237435,batch_c_probe_3_,18612116,44727504,6913096
07:52:28,237435,batch_c_probe_3_,18612172,44727504,6913040
07:52:29,237435,batch_c_probe_3_,18612180,44727504,6913032
07:52:30,237435,batch_c_probe_3_,18612388,44727504,6912824
07:52:31,237435,batch_c_probe_3_,18612392,44727504,6912820
07:52:32,237435,batch_c_probe_3_,18612392,44727504,6912820
07:52:33,237435,batch_c_probe_3_,18612400,44727504,6912812
07:52:34,237435,batch_c_probe_3_,18612400,44727504,6912812
07:52:35,237435,batch_c_probe_3_,18612440,44727504,6912772
07:52:36,237435,batch_c_probe_3_,18612444,44727504,6912768
07:52:37,237435,batch_c_probe_3_,18612444,44727504,6912768
07:52:38,237435,batch_c_probe_3_,18612628,44727504,6912584
07:52:39,237435,batch_c_probe_3_,18612628,44727504,6912584
07:52:40,237435,batch_c_probe_3_,18612628,44727504,6912584
07:52:41,237435,batch_c_probe_3_,18612628,44727504,6912584
07:52:42,237435,batch_c_probe_3_,18612740,44727504,6912472
07:52:43,237435,batch_c_probe_3_,18612740,44727504,6912472
07:52:44,237435,batch_c_probe_3_,18612740,44727504,6912472
07:52:45,237435,batch_c_probe_3_,18612908,44727504,6912304
07:52:46,237435,batch_c_probe_3_,18612908,44727504,6912304
07:52:47,237435,batch_c_probe_3_,18612908,44727504,6912304
07:52:48,237435,batch_c_probe_3_,18612908,44727504,6912304
07:52:49,237435,batch_c_probe_3_,18612908,44727504,6912304
07:52:50,237435,batch_c_probe_3_,18614612,44727504,6910600
07:52:51,237435,batch_c_probe_3_,18614612,44727504,6910600
07:52:52,237435,batch_c_probe_3_,18614612,44727504,6910600
07:52:53,237435,batch_c_probe_3_,18614612,44727504,6910600
07:52:54,237435,batch_c_probe_3_,18616292,44727504,6908920
07:52:55,237435,batch_c_probe_3_,18616292,44727504,6908920
07:52:56,237435,batch_c_probe_3_,18616304,44727504,6908908
07:52:57,237435,batch_c_probe_3_,18616304,44727504,6908908
07:52:58,237435,batch_c_probe_3_,18616304,44727504,6908908
07:53:00,237435,batch_c_probe_3_,18616304,44727504,6908908
07:53:01,237435,batch_c_probe_3_,18616304,44727504,6908908
07:53:02,237435,batch_c_probe_3_,18616304,44727504,6908908
07:53:03,237435,batch_c_probe_3_,18616364,44727504,6908848
07:53:04,237435,batch_c_probe_3_,18616364,44727504,6908848
07:53:05,237435,batch_c_probe_3_,18616364,44727504,6908848
07:53:06,237435,batch_c_probe_3_,18616364,44727504,6908848
07:53:07,237435,batch_c_probe_3_,18616388,44727504,6908824
07:53:08,237435,batch_c_probe_3_,18616392,44727504,6908820
07:53:09,237435,batch_c_probe_3_,18616392,44727504,6908820
07:53:10,237435,batch_c_probe_3_,18616392,44727504,6908820
07:53:11,237435,batch_c_probe_3_,18616392,44727504,6908820
07:53:12,237435,batch_c_probe_3_,18616392,44727504,6908820
07:53:13,237435,batch_c_probe_3_,18616424,44727504,6908788
07:53:14,237435,batch_c_probe_3_,18616428,44727504,6908784
07:53:15,237435,batch_c_probe_3_,18616428,44727504,6908784
07:53:16,237435,batch_c_probe_3_,18616428,44727504,6908784
07:53:17,237435,batch_c_probe_3_,18616428,44727504,6908784
07:53:18,237435,batch_c_probe_3_,18616432,44727504,6908780
07:53:19,237435,batch_c_probe_3_,18616432,44727504,6908780
07:53:20,237435,batch_c_probe_3_,18618140,44727504,6907072
07:53:21,237435,batch_c_probe_3_,18618140,44727504,6907072
07:53:22,237435,batch_c_probe_3_,18618144,44727504,6907068
07:53:23,237435,batch_c_probe_3_,18618144,44727504,6907068
07:53:24,237435,batch_c_probe_3_,18618144,44727504,6907068
07:53:25,237435,batch_c_probe_3_,18618144,44727504,6907068
07:53:26,237435,batch_c_probe_3_,18618148,44727504,6907064
07:53:27,237435,batch_c_probe_3_,18618148,44727504,6907064
07:53:28,237435,batch_c_probe_3_,18618152,44727504,6907060
07:53:29,237435,batch_c_probe_3_,18618152,44727504,6907060
07:53:30,237435,batch_c_probe_3_,18618156,44727504,6907056
07:53:31,237435,batch_c_probe_3_,18618156,44727504,6907056
07:53:32,237435,batch_c_probe_3_,18618160,44727504,6907052
07:53:33,237435,batch_c_probe_3_,18618160,44727504,6907052
07:53:34,237435,batch_c_probe_3_,18618164,44727504,6907048
07:53:35,237435,batch_c_probe_3_,18618164,44727504,6907048
07:53:36,237435,batch_c_probe_3_,18553276,44727504,6907048
07:53:37,237435,batch_c_probe_3_,18553280,44727504,6907044
07:53:38,237435,batch_c_probe_3_,18553284,44727504,6907040
07:53:39,237435,batch_c_probe_3_,18553284,44727504,6907040
07:53:40,237435,batch_c_probe_3_,18553284,44727504,6907040
07:53:41,237435,batch_c_probe_3_,18553288,44727504,6907036
07:53:42,237435,batch_c_probe_3_,18553288,44727504,6907036
07:53:43,237435,batch_c_probe_3_,18553288,44727504,6907036
07:53:44,237435,batch_c_probe_3_,18553292,44727504,6907032
07:53:45,237435,batch_c_probe_3_,18553292,44727504,6907032
07:53:46,237435,batch_c_probe_3_,18553292,44727504,6907032
07:53:47,237435,batch_c_probe_3_,18553292,44727504,6907032
07:53:48,237435,batch_c_probe_3_,18553292,44727504,6907032
07:53:49,237435,batch_c_probe_3_,18553296,44727504,6907028
07:53:50,237435,batch_c_probe_3_,18553296,44727504,6907028
07:53:51,237435,batch_c_probe_3_,18553296,44727504,6907028
07:53:52,237435,batch_c_probe_3_,18553296,44727504,6907028
07:53:53,237435,batch_c_probe_3_,18553300,44727504,6907024
07:53:54,237435,batch_c_probe_3_,18553300,44727504,6907024
07:53:56,237435,batch_c_probe_3_,18553300,44727504,6907024
07:53:57,237435,batch_c_probe_3_,18553300,44727504,6907024
07:53:58,237435,batch_c_probe_3_,18553832,44727504,6906492
07:53:59,237435,batch_c_probe_3_,18553836,44727504,6906488
07:54:00,237435,batch_c_probe_3_,18553836,44727504,6906488
07:54:01,237435,batch_c_probe_3_,18553836,44727504,6906488
07:54:02,237435,batch_c_probe_3_,18553840,44727504,6906484
07:54:03,237435,batch_c_probe_3_,18553840,44727504,6906484
07:54:04,237435,batch_c_probe_3_,18553840,44727504,6906484
07:54:05,237435,batch_c_probe_3_,18553840,44727504,6906484
07:54:06,237435,batch_c_probe_3_,18553844,44727504,6906480
07:54:07,237435,batch_c_probe_3_,18553844,44727504,6906480
07:54:08,237435,batch_c_probe_3_,18553844,44727504,6906480
07:54:09,237435,batch_c_probe_3_,18553844,44727504,6906480
07:54:10,237435,batch_c_probe_3_,18553844,44727504,6906480
07:54:11,237435,batch_c_probe_3_,18553848,44727504,6906476
07:54:12,237435,batch_c_probe_3_,18553848,44727504,6906476
07:54:13,237435,batch_c_probe_3_,18553848,44727504,6906476
07:54:14,237435,batch_c_probe_3_,18553852,44727504,6906472
07:54:15,237435,batch_c_probe_3_,18553852,44727504,6906472
07:54:16,237435,batch_c_probe_3_,18553852,44727504,6906472
07:54:17,237435,batch_c_probe_3_,18553852,44727504,6906472
07:54:18,237435,batch_c_probe_3_,18553852,44727504,6906472
07:54:19,237435,batch_c_probe_3_,18553852,44727504,6906472
07:54:20,237435,batch_c_probe_3_,18553912,44727504,6906412
07:54:21,237435,batch_c_probe_3_,18553912,44727504,6906412
07:54:22,237435,batch_c_probe_3_,18553912,44727504,6906412
07:54:23,237435,batch_c_probe_3_,18553912,44727504,6906412
07:54:24,237435,batch_c_probe_3_,18553912,44727504,6906412
07:54:25,237435,batch_c_probe_3_,18553912,44727504,6906412
07:54:26,237435,batch_c_probe_3_,18553912,44727504,6906412
07:54:27,237435,batch_c_probe_3_,18553912,44727504,6906412
07:54:28,237435,batch_c_probe_3_,18553912,44727504,6906412
07:54:29,237435,batch_c_probe_3_,18555060,44727504,6905264
07:54:30,237435,batch_c_probe_3_,18555060,44727504,6905264
07:54:31,237435,batch_c_probe_3_,18555060,44727504,6905264
07:54:32,237435,batch_c_probe_3_,18555060,44727504,6905264
07:54:33,237435,batch_c_probe_3_,18555060,44727504,6905264
07:54:34,237435,batch_c_probe_3_,18555060,44727504,6905264
07:54:35,237435,batch_c_probe_3_,18555060,44727504,6905264
07:54:36,237435,batch_c_probe_3_,18555060,44727504,6905264
07:54:37,237435,batch_c_probe_3_,18555060,44727504,6905264
07:54:38,237435,batch_c_probe_3_,18555060,44727504,6905264
07:54:39,237435,batch_c_probe_3_,18555060,44727504,6905264
07:54:40,237435,batch_c_probe_3_,18555064,44727504,6905260
07:54:41,237435,batch_c_probe_3_,18555064,44727504,6905260
07:54:42,237435,batch_c_probe_3_,18555064,44727504,6905260
07:54:43,237435,batch_c_probe_3_,18555064,44727504,6905260
07:54:44,237435,batch_c_probe_3_,18555064,44727504,6905260
07:54:45,237435,batch_c_probe_3_,18555064,44727504,6905260
07:54:46,237435,batch_c_probe_3_,18555068,44727504,6905256
07:54:47,237435,batch_c_probe_3_,18555068,44727504,6905256
07:54:48,237435,batch_c_probe_3_,18555068,44727504,6905256
07:54:49,237435,batch_c_probe_3_,18555068,44727504,6905256
07:54:51,237435,batch_c_probe_3_,18555068,44727504,6905256
07:54:52,237435,batch_c_probe_3_,18555072,44727504,6905252
07:54:53,237435,batch_c_probe_3_,18555072,44727504,6905252
07:54:54,237435,batch_c_probe_3_,18555072,44727504,6905252
07:54:55,237435,batch_c_probe_3_,18555088,44727504,6905236
07:54:56,237435,batch_c_probe_3_,18555092,44727504,6905232
07:54:57,237435,batch_c_probe_3_,18555092,44727504,6905232
07:54:58,237435,batch_c_probe_3_,18555092,44727504,6905232
07:54:59,237435,batch_c_probe_3_,18555092,44727504,6905232
07:55:00,237435,batch_c_probe_3_,18555092,44727504,6905232
07:55:01,237435,batch_c_probe_3_,18555092,44727504,6905232
07:55:02,237435,batch_c_probe_3_,18558712,44727504,6901612
07:55:03,237435,batch_c_probe_3_,18558712,44727504,6901612
07:55:04,237435,batch_c_probe_3_,18558720,44727504,6901604
07:55:05,237435,batch_c_probe_3_,18558720,44727504,6901604
07:55:06,237435,batch_c_probe_3_,18558720,44727504,6901604
07:55:07,237435,batch_c_probe_3_,18558724,44727504,6901600
07:55:08,237435,batch_c_probe_3_,18558724,44727504,6901600
07:55:09,237435,batch_c_probe_3_,18558732,44727504,6901592
07:55:10,237435,batch_c_probe_3_,18558736,44727504,6901588
07:55:11,237435,batch_c_probe_3_,18558736,44727504,6901588
07:55:12,237435,batch_c_probe_3_,18558736,44727504,6901588
07:55:13,237435,batch_c_probe_3_,18558744,44727504,6901580
07:55:14,237435,batch_c_probe_3_,18558744,44727504,6901580
07:55:15,237435,batch_c_probe_3_,18558748,44727504,6901576
07:55:16,237435,batch_c_probe_3_,18558752,44727504,6901572
07:55:17,237435,batch_c_probe_3_,18558752,44727504,6901572
07:55:18,237435,batch_c_probe_3_,18558756,44727504,6901568
07:55:19,237435,batch_c_probe_3_,18558760,44727504,6901564
07:55:20,237435,batch_c_probe_3_,18558760,44727504,6901564
07:55:21,237435,batch_c_probe_3_,18558764,44727504,6901560
07:55:22,237435,batch_c_probe_3_,18558764,44727504,6901560
07:55:23,237435,batch_c_probe_3_,18558764,44727504,6901560
07:55:24,237435,batch_c_probe_3_,18558792,44727504,6901532
07:55:25,237435,batch_c_probe_3_,18558792,44727504,6901532
07:55:26,237435,batch_c_probe_3_,18558796,44727504,6901528
07:55:27,237435,batch_c_probe_3_,18558800,44727504,6901524
07:55:28,237435,batch_c_probe_3_,18558800,44727504,6901524
07:55:29,237435,batch_c_probe_3_,18558800,44727504,6901524
07:55:30,237435,batch_c_probe_3_,18558800,44727504,6901524
07:55:31,237435,batch_c_probe_3_,18558804,44727504,6901520
07:55:32,237435,batch_c_probe_3_,18558808,44727504,6901516
07:55:33,237435,batch_c_probe_3_,18558808,44727504,6901516
07:55:34,237435,batch_c_probe_3_,18558812,44727504,6901512
07:55:35,237435,batch_c_probe_3_,18559932,44727504,6900392
07:55:36,237435,batch_c_probe_3_,18559932,44727504,6900392
07:55:37,237435,batch_c_probe_3_,18559936,44727504,6900388
07:55:38,237435,batch_c_probe_3_,18559936,44727504,6900388
07:55:39,237435,batch_c_probe_3_,18559940,44727504,6900384
07:55:40,237435,batch_c_probe_3_,18559940,44727504,6900384
07:55:41,237435,batch_c_probe_3_,18559940,44727504,6900384
07:55:42,237435,batch_c_probe_3_,18559940,44727504,6900384
07:55:43,237435,batch_c_probe_3_,18559940,44727504,6900384
07:55:44,237435,batch_c_probe_3_,18559940,44727504,6900384
07:55:45,237435,batch_c_probe_3_,18559956,44727504,6900368
07:55:47,237435,batch_c_probe_3_,18559956,44727504,6900368
07:55:48,237435,batch_c_probe_3_,18559956,44727504,6900368
07:55:49,237435,batch_c_probe_3_,18559960,44727504,6900364
07:55:50,237435,batch_c_probe_3_,18559964,44727504,6900360
07:55:51,237435,batch_c_probe_3_,18559964,44727504,6900360
07:55:52,237435,batch_c_probe_3_,18559964,44727504,6900360
07:55:53,237435,batch_c_probe_3_,18560160,44727504,6900164
07:55:54,237435,batch_c_probe_3_,18560172,44727504,6900152
07:55:55,237435,batch_c_probe_3_,18560324,44727504,6900000
07:55:56,237435,batch_c_probe_3_,18560328,44727504,6899996
07:55:57,237435,batch_c_probe_3_,18560328,44727504,6899996
07:55:58,237435,batch_c_probe_3_,18560328,44727504,6899996
07:55:59,237435,batch_c_probe_3_,18560332,44727504,6899992
07:56:00,237435,batch_c_probe_3_,18560332,44727504,6899992
07:56:01,237435,batch_c_probe_3_,18560332,44727504,6899992
07:56:02,237435,batch_c_probe_3_,18560332,44727504,6899992
07:56:03,237435,batch_c_probe_3_,18560336,44727504,6899988
07:56:04,237435,batch_c_probe_3_,18560336,44727504,6899988
07:56:05,237435,batch_c_probe_3_,18560336,44727504,6899988
07:56:06,237435,batch_c_probe_3_,18560340,44727504,6899984
07:56:07,237435,batch_c_probe_3_,18560340,44727504,6899984
07:56:08,237435,batch_c_probe_3_,18560340,44727504,6899984
07:56:09,237435,batch_c_probe_3_,18560340,44727504,6899984
07:56:10,237435,batch_c_probe_3_,18560340,44727504,6899984
07:56:11,237435,batch_c_probe_3_,18560340,44727504,6899984
07:56:12,237435,batch_c_probe_3_,18560340,44727504,6899984
07:56:13,237435,batch_c_probe_3_,18562192,44727504,6898132
07:56:14,237435,batch_c_probe_3_,18562192,44727504,6898132
07:56:15,237435,batch_c_probe_3_,18562192,44727504,6898132
07:56:16,237435,batch_c_probe_3_,18562196,44727504,6898128
07:56:17,237435,batch_c_probe_3_,18562196,44727504,6898128
07:56:18,237435,batch_c_probe_3_,18562196,44727504,6898128
07:56:19,237435,batch_c_probe_3_,18562196,44727504,6898128
07:56:20,237435,batch_c_probe_3_,18562200,44727504,6898124
07:56:21,237435,batch_c_probe_3_,18562224,44727504,6898100
07:56:22,237435,batch_c_probe_3_,18562224,44727504,6898100
07:56:23,237435,batch_c_probe_3_,18562228,44727504,6898096
07:56:24,237435,batch_c_probe_3_,18562228,44727504,6898096
07:56:25,237435,batch_c_probe_3_,18562228,44727504,6898096
07:56:26,237435,batch_c_probe_3_,18562232,44727504,6898092
07:56:27,237435,batch_c_probe_3_,18562232,44727504,6898092
07:56:28,237435,batch_c_probe_3_,18562232,44727504,6898092
07:56:29,237435,batch_c_probe_3_,18562236,44727504,6898088
07:56:30,237435,batch_c_probe_3_,18562240,44727504,6898084
07:56:31,237435,batch_c_probe_3_,18562240,44727504,6898084
07:56:32,237435,batch_c_probe_3_,18562240,44727504,6898084
07:56:33,237435,batch_c_probe_3_,18562240,44727504,6898084
07:56:34,237435,batch_c_probe_3_,18562240,44727504,6898084
07:56:35,237435,batch_c_probe_3_,18562244,44727504,6898080
07:56:36,237435,batch_c_probe_3_,18562244,44727504,6898080
07:56:37,237435,batch_c_probe_3_,18562248,44727504,6898076
07:56:38,237435,batch_c_probe_3_,18562248,44727504,6898076
07:56:39,237435,batch_c_probe_3_,18562472,44727504,6897852
07:56:40,237435,batch_c_probe_3_,18562476,44727504,6897848
07:56:41,237435,batch_c_probe_3_,18562476,44727504,6897848
07:56:43,237435,batch_c_probe_3_,18562476,44727504,6897848
07:56:44,237435,batch_c_probe_3_,18562480,44727504,6897844
07:56:45,237435,batch_c_probe_3_,18562480,44727504,6897844
07:56:46,237435,batch_c_probe_3_,18562480,44727504,6897844
07:56:47,237435,batch_c_probe_3_,18562484,44727504,6897840
07:56:48,237435,batch_c_probe_3_,18562484,44727504,6897840
07:56:49,237435,batch_c_probe_3_,18562488,44727504,6897836
07:56:50,237435,batch_c_probe_3_,18562488,44727504,6897836
07:56:51,237435,batch_c_probe_3_,18562488,44727504,6897836
07:56:52,237435,batch_c_probe_3_,18562488,44727504,6897836
07:56:53,237435,batch_c_probe_3_,18562492,44727504,6897832
07:56:54,237435,batch_c_probe_3_,18562492,44727504,6897832
07:56:55,237435,batch_c_probe_3_,18562496,44727504,6897828
07:56:56,237435,batch_c_probe_3_,18562496,44727504,6897828
07:56:57,237435,batch_c_probe_3_,18562496,44727504,6897828
07:56:58,237435,batch_c_probe_3_,18562496,44727504,6897828
07:56:59,237435,batch_c_probe_3_,18562496,44727504,6897828
07:57:00,237435,batch_c_probe_3_,18564344,44727504,6895980
07:57:01,237435,batch_c_probe_3_,18564348,44727504,6895976
07:57:02,237435,batch_c_probe_3_,18564348,44727504,6895976
07:57:03,237435,batch_c_probe_3_,18564348,44727504,6895976
07:57:04,237435,batch_c_probe_3_,18564348,44727504,6895976
07:57:05,237435,batch_c_probe_3_,18564348,44727504,6895976
07:57:06,237435,batch_c_probe_3_,18564348,44727504,6895976
07:57:07,237435,batch_c_probe_3_,18564348,44727504,6895976
07:57:08,237435,batch_c_probe_3_,18564348,44727504,6895976
07:57:09,237435,batch_c_probe_3_,18564348,44727504,6895976
07:57:10,237435,batch_c_probe_3_,18564348,44727504,6895976
07:57:11,237435,batch_c_probe_3_,18564352,44727504,6895972
07:57:12,237435,batch_c_probe_3_,18564356,44727504,6895968
07:57:13,237435,batch_c_probe_3_,18564356,44727504,6895968
07:57:14,237435,batch_c_probe_3_,18564404,44727504,6895920
07:57:15,237435,batch_c_probe_3_,18564404,44727504,6895920
07:57:16,237435,batch_c_probe_3_,18564404,44727504,6895920
07:57:17,237435,batch_c_probe_3_,18564408,44727504,6895916
07:57:18,237435,batch_c_probe_3_,18564408,44727504,6895916
07:57:19,237435,batch_c_probe_3_,18564412,44727504,6895912
07:57:20,237435,batch_c_probe_3_,18564412,44727504,6895912
07:57:21,237435,batch_c_probe_3_,18564412,44727504,6895912
07:57:22,237435,batch_c_probe_3_,18564416,44727504,6895908
07:57:23,237435,batch_c_probe_3_,18564416,44727504,6895908
07:57:24,237435,batch_c_probe_3_,18564416,44727504,6895908
07:57:25,237435,batch_c_probe_3_,18564420,44727504,6895904
07:57:26,237435,batch_c_probe_3_,18564420,44727504,6895904
07:57:27,237435,batch_c_probe_3_,18564420,44727504,6895904
07:57:28,237435,batch_c_probe_3_,18564424,44727504,6895900
07:57:29,237435,batch_c_probe_3_,18564424,44727504,6895900
07:57:30,237435,batch_c_probe_3_,18564424,44727504,6895900
07:57:31,237435,batch_c_probe_3_,18564428,44727504,6895896
07:57:32,237435,batch_c_probe_3_,18564428,44727504,6895896
07:57:33,237435,batch_c_probe_3_,18564428,44727504,6895896
07:57:34,237435,batch_c_probe_3_,18564428,44727504,6895896
07:57:35,237435,batch_c_probe_3_,18564428,44727504,6895896
07:57:36,237435,batch_c_probe_3_,18564428,44727504,6895896
07:57:37,237435,batch_c_probe_3_,18564428,44727504,6895896
07:57:39,237435,batch_c_probe_3_,18564428,44727504,6895896
07:57:40,237435,batch_c_probe_3_,18564428,44727504,6895896
07:57:41,237435,batch_c_probe_3_,18564428,44727504,6895896
07:57:42,237435,batch_c_probe_3_,18564432,44727504,6895892
07:57:43,237435,batch_c_probe_3_,18564436,44727504,6895888
07:57:44,237435,batch_c_probe_3_,18564436,44727504,6895888
07:57:45,237435,batch_c_probe_3_,18564436,44727504,6895888
07:57:46,237435,batch_c_probe_3_,18564440,44727504,6895884
07:57:47,237435,batch_c_probe_3_,18564440,44727504,6895884
07:57:48,237435,batch_c_probe_3_,18564440,44727504,6895884
07:57:49,237435,batch_c_probe_3_,18564444,44727504,6895880
07:57:50,237435,batch_c_probe_3_,18564444,44727504,6895880
07:57:51,237435,batch_c_probe_3_,18564444,44727504,6895880
07:57:52,237435,batch_c_probe_3_,18564444,44727504,6895880
07:57:53,237435,batch_c_probe_3_,18564444,44727504,6895880
07:57:54,237435,batch_c_probe_3_,18564444,44727504,6895880
07:57:55,237435,batch_c_probe_3_,18564444,44727504,6895880
07:57:56,237435,batch_c_probe_3_,18564444,44727504,6895880
07:57:57,237435,batch_c_probe_3_,18564444,44727504,6895880
07:57:58,237435,batch_c_probe_3_,18564444,44727504,6895880
07:57:59,237435,batch_c_probe_3_,18564448,44727504,6895876
07:58:00,237435,batch_c_probe_3_,18564452,44727504,6895872
07:58:01,237435,batch_c_probe_3_,18564452,44727504,6895872
07:58:02,237435,batch_c_probe_3_,18564452,44727504,6895872
07:58:03,237435,batch_c_probe_3_,18564452,44727504,6895872
07:58:04,237435,batch_c_probe_3_,18564452,44727504,6895872
07:58:05,237435,batch_c_probe_3_,18564456,44727504,6895868
07:58:06,237435,batch_c_probe_3_,18564456,44727504,6895868
07:58:07,237435,batch_c_probe_3_,18564460,44727504,6895864
07:58:08,237435,batch_c_probe_3_,18564460,44727504,6895864
07:58:09,237435,batch_c_probe_3_,18564460,44727504,6895864
07:58:10,237435,batch_c_probe_3_,18564464,44727504,6895860
07:58:11,237435,batch_c_probe_3_,18564464,44727504,6895860
07:58:12,237435,batch_c_probe_3_,18564464,44727504,6895860
07:58:13,237435,batch_c_probe_3_,18564468,44727504,6895856
07:58:14,237435,batch_c_probe_3_,18564468,44727504,6895856
07:58:15,237435,batch_c_probe_3_,18564468,44727504,6895856
07:58:16,237435,batch_c_probe_3_,18564472,44727504,6895852
07:58:17,237435,batch_c_probe_3_,18564472,44727504,6895852
07:58:18,237435,batch_c_probe_3_,18564472,44727504,6895852
07:58:19,237435,batch_c_probe_3_,18564476,44727504,6895848
07:58:20,237435,batch_c_probe_3_,18564476,44727504,6895848
07:58:21,237435,batch_c_probe_3_,18564476,44727504,6895848
07:58:22,237435,batch_c_probe_3_,18564476,44727504,6895848
07:58:23,237435,batch_c_probe_3_,18564476,44727504,6895848
07:58:24,237435,batch_c_probe_3_,18564476,44727504,6895848
07:58:25,237435,batch_c_probe_3_,18564476,44727504,6895848
07:58:26,237435,batch_c_probe_3_,18564476,44727504,6895848
07:58:27,237435,batch_c_probe_3_,18564476,44727504,6895848
07:58:28,237435,batch_c_probe_3_,18564500,44727504,6895824
07:58:29,237435,batch_c_probe_3_,18564504,44727504,6895820
07:58:30,237435,batch_c_probe_3_,18564508,44727504,6895816
07:58:31,237435,batch_c_probe_3_,18564508,44727504,6895816
07:58:32,237435,batch_c_probe_3_,18565100,44727504,6895224
07:58:33,237435,batch_c_probe_3_,18565104,44727504,6895220
07:58:35,237435,batch_c_probe_3_,18565104,44727504,6895220
07:58:36,237435,batch_c_probe_3_,18565104,44727504,6895220
07:58:37,237435,batch_c_probe_3_,18565104,44727504,6895220
07:58:38,237435,batch_c_probe_3_,18565108,44727504,6895216
07:58:39,237435,batch_c_probe_3_,18565108,44727504,6895216
07:58:40,237435,batch_c_probe_3_,18565108,44727504,6895216
07:58:41,237435,batch_c_probe_3_,18565112,44727504,6895212
07:58:42,237435,batch_c_probe_3_,18565112,44727504,6895212
07:58:43,237435,batch_c_probe_3_,18565112,44727504,6895212
07:58:44,237435,batch_c_probe_3_,18565116,44727504,6895208
07:58:45,237435,batch_c_probe_3_,18565116,44727504,6895208
07:58:46,237435,batch_c_probe_3_,18565116,44727504,6895208
07:58:47,237435,batch_c_probe_3_,18565120,44727504,6895204
07:58:48,237435,batch_c_probe_3_,18565120,44727504,6895204
07:58:49,237435,batch_c_probe_3_,18565124,44727504,6895200
07:58:50,237435,batch_c_probe_3_,18565124,44727504,6895200
07:58:51,237435,batch_c_probe_3_,18565124,44727504,6895200
07:58:52,237435,batch_c_probe_3_,18566296,44727504,6894028
07:58:53,237435,batch_c_probe_3_,18566296,44727504,6894028
07:58:54,237435,batch_c_probe_3_,18566300,44727504,6894024
07:58:55,237435,batch_c_probe_3_,18566304,44727504,6894020
07:58:56,237435,batch_c_probe_3_,18566304,44727504,6894020
07:58:57,237435,batch_c_probe_3_,18566304,44727504,6894020
07:58:58,237435,batch_c_probe_3_,18566308,44727504,6894016
07:58:59,237435,batch_c_probe_3_,18566308,44727504,6894016
07:59:00,237435,batch_c_probe_3_,18566308,44727504,6894016
07:59:01,237435,batch_c_probe_3_,18566308,44727504,6894016
07:59:02,237435,batch_c_probe_3_,18566312,44727504,6894012
07:59:03,237435,batch_c_probe_3_,18566312,44727504,6894012
07:59:04,237435,batch_c_probe_3_,18566312,44727504,6894012
07:59:05,237435,batch_c_probe_3_,18567016,44727504,6893308
07:59:06,237435,batch_c_probe_3_,18567020,44727504,6893304
07:59:07,237435,batch_c_probe_3_,18567020,44727504,6893304
07:59:08,237435,batch_c_probe_3_,18567020,44727504,6893304
07:59:09,237435,batch_c_probe_3_,18567020,44727504,6893304
07:59:10,237435,batch_c_probe_3_,18567020,44727504,6893304
07:59:11,237435,batch_c_probe_3_,18567024,44727504,6893300
07:59:12,237435,batch_c_probe_3_,18567024,44727504,6893300
07:59:13,237435,batch_c_probe_3_,18567028,44727504,6893296
07:59:14,237435,batch_c_probe_3_,18567028,44727504,6893296
07:59:15,237435,batch_c_probe_3_,18567028,44727504,6893296
07:59:16,237435,batch_c_probe_3_,18567032,44727504,6893292
07:59:17,237435,batch_c_probe_3_,18567032,44727504,6893292
07:59:18,237435,batch_c_probe_3_,18567032,44727504,6893292
07:59:19,237435,batch_c_probe_3_,18567036,44727504,6893288
07:59:20,237435,batch_c_probe_3_,18567036,44727504,6893288
07:59:21,237435,batch_c_probe_3_,18567036,44727504,6893288
07:59:22,237435,batch_c_probe_3_,18567040,44727504,6893284
07:59:23,237435,batch_c_probe_3_,18567040,44727504,6893284
07:59:24,237435,batch_c_probe_3_,18567040,44727504,6893284
07:59:25,237435,batch_c_probe_3_,18567044,44727504,6893280
07:59:26,237435,batch_c_probe_3_,18567044,44727504,6893280
07:59:27,237435,batch_c_probe_3_,18567044,44727504,6893280
07:59:28,237435,batch_c_probe_3_,18567048,44727504,6893276
07:59:30,237435,batch_c_probe_3_,18567048,44727504,6893276
07:59:31,237435,batch_c_probe_3_,18567052,44727504,6893272
07:59:32,237435,batch_c_probe_3_,18567052,44727504,6893272
07:59:33,237435,batch_c_probe_3_,18572344,44727504,6888016
07:59:34,237435,batch_c_probe_3_,18572344,44727504,6888016
07:59:35,237435,batch_c_probe_3_,18572348,44727504,6888012
07:59:36,237435,batch_c_probe_3_,18572348,44727504,6888012
07:59:37,237435,batch_c_probe_3_,18572420,44727504,6887940
07:59:38,237435,batch_c_probe_3_,18572420,44727504,6887940
07:59:39,237435,batch_c_probe_3_,18572664,44727504,6887696
07:59:40,237435,batch_c_probe_3_,18588236,44727504,6872160
07:59:41,237435,batch_c_probe_3_,18605012,44727504,6856548
07:59:42,237435,batch_c_probe_3_,18605016,44727504,6856544
07:59:43,237435,batch_c_probe_3_,18605020,44727504,6856540
07:59:44,237435,batch_c_probe_3_,18605020,44727504,6856540
07:59:45,237435,batch_c_probe_3_,18616388,44727504,6845172
07:59:46,237435,batch_c_probe_3_,18617856,44727504,6843728
07:59:47,237435,batch_c_probe_3_,18621556,44727504,6840380
07:59:48,237435,batch_c_probe_3_,18622728,44727504,6839500
07:59:49,237435,batch_c_probe_3_,18622728,44727504,6839500
07:59:50,237435,batch_c_probe_3_,18624364,44727504,6837864
07:59:51,237435,batch_c_probe_3_,18629768,44727504,6832460
07:59:52,237435,batch_c_probe_3_,18629768,44727504,6832460
07:59:53,237435,batch_c_probe_3_,18630312,44727504,6831916
07:59:54,237435,batch_c_probe_3_,18632192,44727504,6830060
07:59:55,237435,batch_c_probe_3_,18632168,44727504,6830060
07:59:56,237435,batch_c_probe_3_,18635028,44727504,6827600
07:59:57,237435,batch_c_probe_3_,18635028,44727504,6827600
07:59:58,237435,batch_c_probe_3_,18635120,44727504,6827508
07:59:59,237435,batch_c_probe_3_,18636048,44727504,6826796
08:00:00,237435,batch_c_probe_3_,18636048,44727504,6826796
08:00:01,237435,batch_c_probe_3_,18639160,44727504,6823684
08:00:02,237435,batch_c_probe_3_,18639184,44727504,6823684
08:00:03,237435,batch_c_probe_3_,18639308,44727504,6823536
08:00:04,237435,batch_c_probe_3_,18639324,44727504,6823520
08:00:05,237435,batch_c_probe_3_,18639324,44727504,6823520
08:00:06,237435,batch_c_probe_3_,18639348,44727504,6823496
08:00:07,237435,batch_c_probe_3_,18639348,44727504,6823496
08:00:08,237435,batch_c_probe_3_,18639348,44727504,6823496
08:00:09,237435,batch_c_probe_3_,18639352,44727504,6823492
08:00:10,237435,batch_c_probe_3_,18639372,44727504,6823472
08:00:11,237435,batch_c_probe_3_,18641252,44727504,6821592
08:00:12,237435,batch_c_probe_3_,18641680,44727504,6821164
08:00:13,237435,batch_c_probe_3_,18641680,44727504,6821164
08:00:14,237435,batch_c_probe_3_,18648796,44727504,6814928
08:00:15,237435,batch_c_probe_3_,18649832,44727504,6813892
08:00:16,237435,batch_c_probe_3_,18649836,44727504,6813888
08:00:17,237435,batch_c_probe_3_,18650096,44727504,6813628
08:00:18,237435,batch_c_probe_3_,18650096,44727504,6813628
08:00:19,237435,batch_c_probe_3_,18650108,44727504,6813616
08:00:20,237435,batch_c_probe_3_,18650464,44727504,6813260
08:00:21,237435,batch_c_probe_3_,18650464,44727504,6813260
08:00:22,237435,batch_c_probe_3_,18650632,44727504,6813092
08:00:23,237435,batch_c_probe_3_,18650640,44727504,6813084
08:00:24,237435,batch_c_probe_3_,18650644,44727504,6813080
08:00:26,237435,batch_c_probe_3_,18650972,44727504,6812752
08:00:27,237435,batch_c_probe_3_,18650972,44727504,6812752
08:00:28,237435,batch_c_probe_3_,18651144,44727504,6812580
08:00:29,237435,batch_c_probe_3_,18651228,44727504,6812496
08:00:30,237435,batch_c_probe_3_,18651228,44727504,6812496
08:00:31,237435,batch_c_probe_3_,18651228,44727504,6812496
08:00:32,237435,batch_c_probe_3_,18651236,44727504,6812488
08:00:33,237435,batch_c_probe_3_,18651236,44727504,6812488
08:00:34,237435,batch_c_probe_3_,18651248,44727504,6812476
08:00:35,237435,batch_c_probe_3_,18651248,44727504,6812476
08:00:36,237435,batch_c_probe_3_,18651304,44727504,6812420
08:00:37,237435,batch_c_probe_3_,18651312,44727504,6812412
08:00:38,237435,batch_c_probe_3_,18651312,44727504,6812412
08:00:39,237435,batch_c_probe_3_,18651396,44727504,6812328
08:00:40,237435,batch_c_probe_3_,18651400,44727504,6812324
08:00:41,237435,batch_c_probe_3_,18651404,44727504,6812320
08:00:42,237435,batch_c_probe_3_,18651544,44727504,6812180
08:00:43,237435,batch_c_probe_3_,18651544,44727504,6812180
08:00:44,237435,batch_c_probe_3_,18651544,44727504,6812180
08:00:45,237435,batch_c_probe_3_,18651548,44727504,6812176
08:00:46,237435,batch_c_probe_3_,18651548,44727504,6812176
08:00:47,237435,batch_c_probe_3_,18651624,44727504,6812100
08:00:48,237435,batch_c_probe_3_,18651648,44727504,6812100
08:00:49,237435,batch_c_probe_3_,18651664,44727504,6812060
08:00:50,237435,batch_c_probe_3_,18651664,44727504,6812060
08:00:51,237435,batch_c_probe_3_,18651664,44727504,6812060
08:00:52,237435,batch_c_probe_3_,18651672,44727504,6812052
08:00:53,237435,batch_c_probe_3_,18651676,44727504,6812048
08:00:54,237435,batch_c_probe_3_,18651676,44727504,6812048
08:00:55,237435,batch_c_probe_3_,18651752,44727504,6811972
08:00:56,237435,batch_c_probe_3_,18651752,44727504,6811972
08:00:57,237435,batch_c_probe_3_,18653004,44727504,6810720
08:00:58,237435,batch_c_probe_3_,18653004,44727504,6810720
08:00:59,237435,batch_c_probe_3_,18653004,44727504,6810720
08:01:00,237435,batch_c_probe_3_,18653288,44727504,6810436
08:01:01,237435,batch_c_probe_3_,18653292,44727504,6810432
08:01:02,237435,batch_c_probe_3_,18653296,44727504,6810428
08:01:03,237435,batch_c_probe_3_,18653644,44727504,6810080
08:01:04,237435,batch_c_probe_3_,18653644,44727504,6810080
08:01:05,237435,batch_c_probe_3_,18653696,44727504,6810028
08:01:06,237435,batch_c_probe_3_,18653780,44727504,6809944
08:01:07,237435,batch_c_probe_3_,18653780,44727504,6809944
08:01:08,237435,batch_c_probe_3_,18653944,44727504,6809780
08:01:09,237435,batch_c_probe_3_,18653944,44727504,6809780
08:01:10,237435,batch_c_probe_3_,18653948,44727504,6809776
08:01:11,237435,batch_c_probe_3_,18653948,44727504,6809776
08:01:12,237435,batch_c_probe_3_,18653948,44727504,6809776
08:01:13,237435,batch_c_probe_3_,18653952,44727504,6809772
08:01:14,237435,batch_c_probe_3_,18653952,44727504,6809772
08:01:15,237435,batch_c_probe_3_,18653952,44727504,6809772
08:01:16,237435,batch_c_probe_3_,18653984,44727504,6809740
08:01:17,237435,batch_c_probe_3_,18654176,44727504,6809548
08:01:18,237435,batch_c_probe_3_,18654176,44727504,6809548
08:01:19,237435,batch_c_probe_3_,18654176,44727504,6809548
08:01:20,237435,batch_c_probe_3_,18654176,44727504,6809548
08:01:22,237435,batch_c_probe_3_,18654224,44727504,6809500
08:01:23,237435,batch_c_probe_3_,18654228,44727504,6809496
08:01:24,237435,batch_c_probe_3_,18654228,44727504,6809496
08:01:25,237435,batch_c_probe_3_,18654228,44727504,6809496
08:01:26,237435,batch_c_probe_3_,18654252,44727504,6809496
08:01:27,237435,batch_c_probe_3_,18654228,44727504,6809496
08:01:28,237435,batch_c_probe_3_,18655288,44727504,6808436
08:01:29,237435,batch_c_probe_3_,18655288,44727504,6808436
08:01:30,237435,batch_c_probe_3_,18655664,44727504,6808060
08:01:31,237435,batch_c_probe_3_,18655664,44727504,6808060
08:01:32,237435,batch_c_probe_3_,18655664,44727504,6808060
08:01:33,237435,batch_c_probe_3_,18655664,44727504,6808060
08:01:34,237435,batch_c_probe_3_,18655664,44727504,6808060
08:01:35,237435,batch_c_probe_3_,18655668,44727504,6808056
08:01:36,237435,batch_c_probe_3_,18655668,44727504,6808056
08:01:37,237435,batch_c_probe_3_,18655668,44727504,6808056
08:01:38,237435,batch_c_probe_3_,18656360,44727504,6807364
08:01:39,237435,batch_c_probe_3_,18656360,44727504,6807364
08:01:40,237435,batch_c_probe_3_,18656364,44727504,6807360
08:01:41,237435,batch_c_probe_3_,18656368,44727504,6807356
08:01:42,237435,batch_c_probe_3_,18656368,44727504,6807356
08:01:43,237435,batch_c_probe_3_,18656460,44727504,6807264
08:01:44,237435,batch_c_probe_3_,18656900,44727504,6807084
08:01:45,237435,batch_c_probe_3_,18656900,44727504,6807084
08:01:46,237435,batch_c_probe_3_,18657068,44727504,6806916
08:01:47,237435,batch_c_probe_3_,18657092,44727504,6806916
08:01:48,237435,batch_c_probe_3_,18657072,44727504,6806912
08:01:49,237435,batch_c_probe_3_,18657076,44727504,6806912
08:01:50,237435,batch_c_probe_3_,18657076,44727504,6806912
08:01:51,237435,batch_c_probe_3_,18657076,44727504,6806912
08:01:52,237435,batch_c_probe_3_,18657076,44727504,6806912
08:01:53,237435,batch_c_probe_3_,18657080,44727504,6806908
08:01:54,237435,batch_c_probe_3_,18657080,44727504,6806908
08:01:55,237435,batch_c_probe_3_,18657080,44727504,6806908
08:01:56,237435,batch_c_probe_3_,18657080,44727504,6806908
08:01:57,237435,batch_c_probe_3_,18657080,44727504,6806908
08:01:58,237435,batch_c_probe_3_,18657080,44727504,6806908
08:01:59,237435,batch_c_probe_3_,18657084,44727504,6806904
08:02:00,237435,batch_c_probe_3_,18657084,44727504,6806904
08:02:01,237435,batch_c_probe_3_,18657084,44727504,6806904
08:02:02,237435,batch_c_probe_3_,18657272,44727504,6806716
08:02:03,237435,batch_c_probe_3_,18657272,44727504,6806716
08:02:04,237435,batch_c_probe_3_,18657272,44727504,6806716
08:02:05,237435,batch_c_probe_3_,18657304,44727504,6806684
08:02:06,237435,batch_c_probe_3_,18657304,44727504,6806684
08:02:07,237435,batch_c_probe_3_,18657304,44727504,6806684
08:02:08,237435,batch_c_probe_3_,18657304,44727504,6806684
08:02:09,237435,batch_c_probe_3_,18657308,44727504,6806680
08:02:10,237435,batch_c_probe_3_,18657308,44727504,6806680
08:02:11,237435,batch_c_probe_3_,18657308,44727504,6806680
08:02:12,237435,batch_c_probe_3_,18657316,44727504,6806672
08:02:13,237435,batch_c_probe_3_,18657444,44727504,6806544
08:02:14,237435,batch_c_probe_3_,18657444,44727504,6806544
08:02:15,237435,batch_c_probe_3_,18657448,44727504,6806540
08:02:17,237435,batch_c_probe_3_,18657448,44727504,6806540
08:02:18,237435,batch_c_probe_3_,18657452,44727504,6806536
08:02:19,237435,batch_c_probe_3_,18657452,44727504,6806536
08:02:20,237435,batch_c_probe_3_,18657452,44727504,6806536
08:02:21,237435,batch_c_probe_3_,18657468,44727504,6806520
08:02:22,237435,batch_c_probe_3_,18657468,44727504,6806520
08:02:23,237435,batch_c_probe_3_,18657472,44727504,6806516
08:02:24,237435,batch_c_probe_3_,18657476,44727504,6806512
08:02:25,237435,batch_c_probe_3_,18657476,44727504,6806512
08:02:26,237435,batch_c_probe_3_,18657516,44727504,6806472
08:02:27,237435,batch_c_probe_3_,18657868,44727504,6806120
08:02:28,237435,batch_c_probe_3_,18657868,44727504,6806120
08:02:29,237435,batch_c_probe_3_,18657872,44727504,6806120
08:02:30,237435,batch_c_probe_3_,18657872,44727504,6806120
08:02:31,237435,batch_c_probe_3_,18657876,44727504,6806116
08:02:32,237435,batch_c_probe_3_,18657876,44727504,6806116
08:02:33,237435,batch_c_probe_3_,18657876,44727504,6806116
08:02:34,237435,batch_c_probe_3_,18657904,44727504,6806088
08:02:35,237435,batch_c_probe_3_,18657904,44727504,6806088
08:02:36,237435,batch_c_probe_3_,18658428,44727504,6805564
08:02:37,237435,batch_c_probe_3_,18658432,44727504,6805564
08:02:38,237435,batch_c_probe_3_,18658432,44727504,6805564
08:02:39,237435,batch_c_probe_3_,18658432,44727504,6805564
08:02:40,237435,batch_c_probe_3_,18658648,44727504,6805348
08:02:41,237435,batch_c_probe_3_,18658648,44727504,6805348
08:02:42,237435,batch_c_probe_3_,18658704,44727504,6805292
08:02:43,237435,batch_c_probe_3_,18658704,44727504,6805292
08:02:44,237435,batch_c_probe_3_,18658708,44727504,6805288
08:02:45,237435,batch_c_probe_3_,18658708,44727504,6805288
08:02:46,237435,batch_c_probe_3_,18658708,44727504,6805288
08:02:47,237435,batch_c_probe_3_,18658716,44727504,6805280
08:02:48,237435,batch_c_probe_3_,18658740,44727504,6805280
08:02:49,237435,batch_c_probe_3_,18658728,44727504,6805268
08:02:50,237435,batch_c_probe_3_,18658728,44727504,6805268
08:02:51,237435,batch_c_probe_3_,18658728,44727504,6805268
08:02:52,237435,batch_c_probe_3_,18658728,44727504,6805268
08:02:53,237435,batch_c_probe_3_,18658728,44727504,6805268
08:02:54,237435,batch_c_probe_3_,18658728,44727504,6805268
08:02:55,237435,batch_c_probe_3_,18658736,44727504,6805260
08:02:56,237435,batch_c_probe_3_,18658736,44727504,6805260
08:02:57,237435,batch_c_probe_3_,18658740,44727504,6805256
08:02:58,237435,batch_c_probe_3_,18658956,44727504,6805040
08:02:59,237435,batch_c_probe_3_,18658956,44727504,6805040
08:03:00,237435,batch_c_probe_3_,18659072,44727504,6804924
08:03:01,237435,batch_c_probe_3_,18659096,44727504,6804924
08:03:02,237435,batch_c_probe_3_,18659076,44727504,6804920
08:03:03,237435,batch_c_probe_3_,18659076,44727504,6804920
08:03:04,237435,batch_c_probe_3_,18659076,44727504,6804920
08:03:05,237435,batch_c_probe_3_,18659100,44727504,6804896
08:03:06,237435,batch_c_probe_3_,18659100,44727504,6804896
08:03:07,237435,batch_c_probe_3_,18659100,44727504,6804896
08:03:08,237435,batch_c_probe_3_,18659132,44727504,6804864
08:03:09,237435,batch_c_probe_3_,18659132,44727504,6804864
08:03:10,237435,batch_c_probe_3_,18659156,44727504,6804864
08:03:12,237435,batch_c_probe_3_,18659156,44727504,6804864
08:03:13,237435,batch_c_probe_3_,18659156,44727504,6804864
08:03:14,237435,batch_c_probe_3_,18660020,44727504,6804000
08:03:15,237435,batch_c_probe_3_,18660044,44727504,6804000
08:03:16,237435,batch_c_probe_3_,18660032,44727504,6803988
08:03:17,237435,batch_c_probe_3_,18660036,44727504,6803984
08:03:18,237435,batch_c_probe_3_,18660036,44727504,6803984
08:03:19,237435,batch_c_probe_3_,18660524,44727504,6803496
08:03:20,237435,batch_c_probe_3_,18660776,44727504,6803244
08:03:21,237435,batch_c_probe_3_,18660780,44727504,6803240
08:03:22,237435,batch_c_probe_3_,18660944,44727504,6803076
08:03:23,237435,batch_c_probe_3_,18660944,44727504,6803076
08:03:24,237435,batch_c_probe_3_,18661096,44727504,6802924
08:03:25,237435,batch_c_probe_3_,18661212,44727504,6802808
08:03:26,237435,batch_c_probe_3_,18661212,44727504,6802808
08:03:27,237435,batch_c_probe_3_,18661212,44727504,6802808
08:03:28,237435,batch_c_probe_3_,18661236,44727504,6802808
08:03:29,237435,batch_c_probe_3_,18661212,44727504,6802808
08:03:30,237435,batch_c_probe_3_,18661316,44727504,6802704
08:03:31,237435,batch_c_probe_3_,18661316,44727504,6802704
08:03:32,237435,batch_c_probe_3_,18661328,44727504,6802692
08:03:33,237435,batch_c_probe_3_,18661404,44727504,6802616
08:03:34,237435,batch_c_probe_3_,18661404,44727504,6802616
08:03:35,237435,batch_c_probe_3_,18661468,44727504,6802552
08:03:36,237435,batch_c_probe_3_,18661468,44727504,6802552
08:03:37,237435,batch_c_probe_3_,18661472,44727504,6802548
08:03:38,237435,batch_c_probe_3_,18661548,44727504,6802472
08:03:39,237435,batch_c_probe_3_,18661548,44727504,6802472
08:03:40,237435,batch_c_probe_3_,18662016,44727504,6802004
08:03:41,237435,batch_c_probe_3_,18662016,44727504,6802004
08:03:42,237435,batch_c_probe_3_,18662016,44727504,6802004
08:03:43,237435,batch_c_probe_3_,18662020,44727504,6802000
08:03:44,237435,batch_c_probe_3_,18662020,44727504,6802000
08:03:45,237435,batch_c_probe_3_,18662048,44727504,6801972
08:03:46,237435,batch_c_probe_3_,18662048,44727504,6801972
08:03:47,237435,batch_c_probe_3_,18662048,44727504,6801972
08:03:48,237435,batch_c_probe_3_,18662048,44727504,6801972
08:03:49,237435,batch_c_probe_3_,18662048,44727504,6801972
08:03:50,237435,batch_c_probe_3_,18662052,44727504,6801968
08:03:51,237435,batch_c_probe_3_,18662052,44727504,6801968
08:03:52,237435,batch_c_probe_3_,18662052,44727504,6801968
08:03:53,237435,batch_c_probe_3_,18662052,44727504,6801968
08:03:54,237435,batch_c_probe_3_,18662052,44727504,6801968
08:03:55,237435,batch_c_probe_3_,18662052,44727504,6801968
08:03:56,237435,batch_c_probe_3_,18662056,44727504,6801964
08:03:57,237435,batch_c_probe_3_,18662056,44727504,6801964
08:03:58,237435,batch_c_probe_3_,18662056,44727504,6801964
08:03:59,237435,batch_c_probe_3_,18662080,44727504,6801964
08:04:00,237435,batch_c_probe_3_,18662056,44727504,6801964
08:04:01,237435,batch_c_probe_3_,18662056,44727504,6801964
08:04:02,237435,batch_c_probe_3_,18662056,44727504,6801964
08:04:03,237435,batch_c_probe_3_,18662072,44727504,6801948
08:04:04,237435,batch_c_probe_3_,18662176,44727504,6801844
08:04:05,237435,batch_c_probe_3_,18662176,44727504,6801844
08:04:07,237435,batch_c_probe_3_,18662204,44727504,6801816
08:04:08,237435,batch_c_probe_3_,18662204,44727504,6801816
08:04:09,237435,batch_c_probe_3_,18662204,44727504,6801816
08:04:10,237435,batch_c_probe_3_,18662212,44727504,6801808
08:04:11,237435,batch_c_probe_3_,18662212,44727504,6801808
08:04:12,237435,batch_c_probe_3_,18662212,44727504,6801808
08:04:13,237435,batch_c_probe_3_,18662212,44727504,6801808
08:04:14,237435,batch_c_probe_3_,18662212,44727504,6801808
08:04:15,237435,batch_c_probe_3_,18662216,44727504,6801804
08:04:16,237435,batch_c_probe_3_,18662216,44727504,6801804
08:04:17,237435,batch_c_probe_3_,18662352,44727504,6801668
08:04:18,237435,batch_c_probe_3_,18662352,44727504,6801668
08:04:19,237435,batch_c_probe_3_,18662352,44727504,6801668
08:04:20,237435,batch_c_probe_3_,18664460,44727504,6799560
08:04:21,237435,batch_c_probe_3_,18664460,44727504,6799560
08:04:22,237435,batch_c_probe_3_,18664476,44727504,6799544
08:04:23,237435,batch_c_probe_3_,18664596,44727504,6799424
08:04:24,237435,batch_c_probe_3_,18664600,44727504,6799420
08:04:25,237435,batch_c_probe_3_,18664604,44727504,6799416
08:04:26,237435,batch_c_probe_3_,18664680,44727504,6799340
08:04:27,237435,batch_c_probe_3_,18664680,44727504,6799340
08:04:28,237435,batch_c_probe_3_,18664696,44727504,6799324
08:04:29,237435,batch_c_probe_3_,18664696,44727504,6799324
08:04:30,237435,batch_c_probe_3_,18664696,44727504,6799324
08:04:31,237435,batch_c_probe_3_,18664720,44727504,6799324
08:04:32,237435,batch_c_probe_3_,18664696,44727504,6799324
08:04:33,237435,batch_c_probe_3_,18664780,44727504,6799240
08:04:34,237435,batch_c_probe_3_,18664780,44727504,6799240
08:04:35,237435,batch_c_probe_3_,18664788,44727504,6799232
08:04:36,237435,batch_c_probe_3_,18664800,44727504,6799220
08:04:37,237435,batch_c_probe_3_,18664800,44727504,6799220
08:04:38,237435,batch_c_probe_3_,18664800,44727504,6799220
08:04:39,237435,batch_c_probe_3_,18664800,44727504,6799220
08:04:40,237435,batch_c_probe_3_,18664804,44727504,6799216
08:04:41,237435,batch_c_probe_3_,18664888,44727504,6799132
08:04:42,237435,batch_c_probe_3_,18664888,44727504,6799132
08:04:43,237435,batch_c_probe_3_,18664904,44727504,6799116
08:04:44,237435,batch_c_probe_3_,18664904,44727504,6799116
08:04:45,237435,batch_c_probe_3_,18664904,44727504,6799116
08:04:46,237435,batch_c_probe_3_,18664904,44727504,6799116
08:04:47,237435,batch_c_probe_3_,18664904,44727504,6799116
08:04:48,237435,batch_c_probe_3_,18664904,44727504,6799116
08:04:49,237435,batch_c_probe_3_,18664904,44727504,6799116
08:04:50,237435,batch_c_probe_3_,18664904,44727504,6799116
08:04:51,237435,batch_c_probe_3_,18664904,44727504,6799116
08:04:52,237435,batch_c_probe_3_,18664904,44727504,6799116
08:04:53,237435,batch_c_probe_3_,18664908,44727504,6799112
08:04:54,237435,batch_c_probe_3_,18664908,44727504,6799112
08:04:55,237435,batch_c_probe_3_,18664908,44727504,6799112
08:04:56,237435,batch_c_probe_3_,18665644,44727504,6798376
08:04:57,237435,batch_c_probe_3_,18665644,44727504,6798376
08:04:58,237435,batch_c_probe_3_,18665644,44727504,6798376
08:04:59,237435,batch_c_probe_3_,18665664,44727504,6798356
08:05:00,237435,batch_c_probe_3_,18665664,44727504,6798356
08:05:01,237435,batch_c_probe_3_,18665804,44727504,6798356
08:05:03,237435,batch_c_probe_3_,18665804,44727504,6798356
08:05:04,237435,batch_c_probe_3_,18665804,44727504,6798356
08:05:05,237435,batch_c_probe_3_,18665808,44727504,6798352
08:05:06,237435,batch_c_probe_3_,18665808,44727504,6798352
08:05:07,237435,batch_c_probe_3_,18665808,44727504,6798352
08:05:08,237435,batch_c_probe_3_,18665808,44727504,6798352
08:05:09,237435,batch_c_probe_3_,18665808,44727504,6798352
08:05:10,237435,batch_c_probe_3_,18665808,44727504,6798352
08:05:11,237435,batch_c_probe_3_,18665808,44727504,6798352
08:05:12,237435,batch_c_probe_3_,18665824,44727504,6798336
08:05:13,237435,batch_c_probe_3_,18665824,44727504,6798336
08:05:14,237435,batch_c_probe_3_,18665824,44727504,6798336
08:05:15,237435,batch_c_probe_3_,18665824,44727504,6798336
08:05:16,237435,batch_c_probe_3_,18665824,44727504,6798336
08:05:17,237435,batch_c_probe_3_,18665824,44727504,6798336
08:05:18,237435,batch_c_probe_3_,18665824,44727504,6798336
08:05:19,237435,batch_c_probe_3_,18665824,44727504,6798336
08:05:20,237435,batch_c_probe_3_,18665872,44727504,6798288
08:05:21,237435,batch_c_probe_3_,18665896,44727504,6798288
08:05:22,237435,batch_c_probe_3_,18665872,44727504,6798288
08:05:23,237435,batch_c_probe_3_,18665880,44727504,6798280
08:05:24,237435,batch_c_probe_3_,18665880,44727504,6798280
08:05:25,237435,batch_c_probe_3_,18665956,44727504,6798204
08:05:26,237435,batch_c_probe_3_,18665956,44727504,6798204
08:05:27,237435,batch_c_probe_3_,18665956,44727504,6798204
08:05:28,237435,batch_c_probe_3_,18665956,44727504,6798204
08:05:29,237435,batch_c_probe_3_,18665956,44727504,6798204
08:05:30,237435,batch_c_probe_3_,18665960,44727504,6798200
08:05:31,237435,batch_c_probe_3_,18666016,44727504,6798144
08:05:32,237435,batch_c_probe_3_,18666016,44727504,6798144
08:05:33,237435,batch_c_probe_3_,18666020,44727504,6798140
08:05:34,237435,batch_c_probe_3_,18666020,44727504,6798140
08:05:35,237435,batch_c_probe_3_,18666024,44727504,6798136
08:05:36,237435,batch_c_probe_3_,18666028,44727504,6798132
08:05:37,237435,batch_c_probe_3_,18666028,44727504,6798132
08:05:38,237435,batch_c_probe_3_,18666028,44727504,6798132
08:05:39,237435,batch_c_probe_3_,18666052,44727504,6798132
08:05:40,237435,batch_c_probe_3_,18666028,44727504,6798132
08:05:41,237435,batch_c_probe_3_,18666028,44727504,6798132
08:05:42,237435,batch_c_probe_3_,18666028,44727504,6798132
08:05:43,237435,batch_c_probe_3_,18666036,44727504,6798124
08:05:44,237435,batch_c_probe_3_,18666036,44727504,6798124
08:05:45,237435,batch_c_probe_3_,18666076,44727504,6798084
08:05:46,237435,batch_c_probe_3_,18666076,44727504,6798084
08:05:47,237435,batch_c_probe_3_,18666076,44727504,6798084
08:05:48,237435,batch_c_probe_3_,18666080,44727504,6798080
08:05:49,237435,batch_c_probe_3_,18666080,44727504,6798080
08:05:50,237435,batch_c_probe_3_,18666080,44727504,6798080
08:05:51,237435,batch_c_probe_3_,18666088,44727504,6798072
08:05:52,237435,batch_c_probe_3_,18666088,44727504,6798072
08:05:53,237435,batch_c_probe_3_,18666088,44727504,6798072
08:05:54,237435,batch_c_probe_3_,18666088,44727504,6798072
08:05:55,237435,batch_c_probe_3_,18666092,44727504,6798068
08:05:56,237435,batch_c_probe_3_,18666092,44727504,6798068
08:05:58,237435,batch_c_probe_3_,18666092,44727504,6798068
08:05:59,237435,batch_c_probe_3_,18666108,44727504,6798052
08:06:00,237435,batch_c_probe_3_,18666108,44727504,6798052
08:06:01,237435,batch_c_probe_3_,18666108,44727504,6798052
08:06:02,237435,batch_c_probe_3_,18666140,44727504,6798020
08:06:03,237435,batch_c_probe_3_,18666140,44727504,6798020
08:06:04,237435,batch_c_probe_3_,18666140,44727504,6798020
08:06:05,237435,batch_c_probe_3_,18666140,44727504,6798020
08:06:06,237435,batch_c_probe_3_,18666140,44727504,6798020
08:06:07,237435,batch_c_probe_3_,18666140,44727504,6798020
08:06:08,237435,batch_c_probe_3_,18666140,44727504,6798020
08:06:09,237435,batch_c_probe_3_,18666144,44727504,6798016
08:06:10,237435,batch_c_probe_3_,18666144,44727504,6798016
08:06:11,237435,batch_c_probe_3_,18666144,44727504,6798016
08:06:12,237435,batch_c_probe_3_,18666144,44727504,6798016
08:06:13,237435,batch_c_probe_3_,18666144,44727504,6798016
08:06:14,237435,batch_c_probe_3_,18666148,44727504,6798012
08:06:15,237435,batch_c_probe_3_,18666148,44727504,6798012
08:06:16,237435,batch_c_probe_3_,18666148,44727504,6798012
08:06:17,237435,batch_c_probe_3_,18666148,44727504,6798012
08:06:18,237435,batch_c_probe_3_,18666188,44727504,6797972
08:06:19,237435,batch_c_probe_3_,18666188,44727504,6797972
08:06:20,237435,batch_c_probe_3_,18666192,44727504,6797968
08:06:21,237435,batch_c_probe_3_,18666192,44727504,6797968
08:06:22,237435,batch_c_probe_3_,18666192,44727504,6797968
08:06:23,237435,batch_c_probe_3_,18666512,44727504,6797648
08:06:24,237435,batch_c_probe_3_,18666512,44727504,6797648
08:06:25,237435,batch_c_probe_3_,18666512,44727504,6797648
08:06:26,237435,batch_c_probe_3_,18666512,44727504,6797648
08:06:27,237435,batch_c_probe_3_,18666552,44727504,6797608
08:06:28,237435,batch_c_probe_3_,18666552,44727504,6797608
08:06:29,237435,batch_c_probe_3_,18666552,44727504,6797608
08:06:30,237435,batch_c_probe_3_,18666556,44727504,6797604
08:06:31,237435,batch_c_probe_3_,18666556,44727504,6797604
08:06:32,237435,batch_c_probe_3_,18666556,44727504,6797604
08:06:33,237435,batch_c_probe_3_,18666560,44727504,6797600
08:06:34,237435,batch_c_probe_3_,18667044,44727504,6797116
08:06:35,237435,batch_c_probe_3_,18667052,44727504,6797108
08:06:36,237435,batch_c_probe_3_,18667076,44727504,6797108
08:06:37,237435,batch_c_probe_3_,18667052,44727504,6797108
08:06:38,237435,batch_c_probe_3_,18667056,44727504,6797104
08:06:39,237435,batch_c_probe_3_,18667056,44727504,6797104
08:06:40,237435,batch_c_probe_3_,18667060,44727504,6797100
08:06:41,237435,batch_c_probe_3_,18667064,44727504,6797096
08:06:42,237435,batch_c_probe_3_,18667064,44727504,6797096
08:06:43,237435,batch_c_probe_3_,18667068,44727504,6797092
08:06:44,237435,batch_c_probe_3_,18667068,44727504,6797092
08:06:45,237435,batch_c_probe_3_,18667072,44727504,6797088
08:06:46,237435,batch_c_probe_3_,18667072,44727504,6797088
08:06:47,237435,batch_c_probe_3_,18667072,44727504,6797088
08:06:48,237435,batch_c_probe_3_,18667072,44727504,6797088
08:06:49,237435,batch_c_probe_3_,18667072,44727504,6797088
08:06:50,237435,batch_c_probe_3_,18667724,44727504,6796436
08:06:51,237435,batch_c_probe_3_,18667728,44727504,6796432
08:06:52,237435,batch_c_probe_3_,18667728,44727504,6796432
08:06:54,237435,batch_c_probe_3_,18667732,44727504,6796428
08:06:55,237435,batch_c_probe_3_,18667732,44727504,6796428
08:06:56,237435,batch_c_probe_3_,18667740,44727504,6796420
08:06:57,237435,batch_c_probe_3_,18667740,44727504,6796420
08:06:58,237435,batch_c_probe_3_,18667740,44727504,6796420
08:06:59,237435,batch_c_probe_3_,18667744,44727504,6796416
08:07:00,237435,batch_c_probe_3_,18667768,44727504,6796416
08:07:01,237435,batch_c_probe_3_,18668800,44727504,6795360
08:07:02,237435,batch_c_probe_3_,18668800,44727504,6795360
08:07:03,237435,batch_c_probe_3_,18668800,44727504,6795360
08:07:04,237435,batch_c_probe_3_,18669888,44727504,6794272
08:07:05,237435,batch_c_probe_3_,18669888,44727504,6794272
08:07:06,237435,batch_c_probe_3_,18670896,44727504,6793264
08:07:07,237435,batch_c_probe_3_,18670900,44727504,6793260
08:07:08,237435,batch_c_probe_3_,18671908,44727504,6792252
08:07:09,237435,batch_c_probe_3_,18671908,44727504,6792252
08:07:10,237435,batch_c_probe_3_,18671908,44727504,6792252
08:07:11,237435,batch_c_probe_3_,18671912,44727504,6792248
08:07:12,237435,batch_c_probe_3_,18671916,44727504,6792244
08:07:13,237435,batch_c_probe_3_,18671916,44727504,6792244
08:07:14,237435,batch_c_probe_3_,18672220,44727504,6791940
08:07:15,237435,batch_c_probe_3_,18672752,44727504,6791408
08:07:16,237435,batch_c_probe_3_,18672752,44727504,6791408
08:07:17,237435,batch_c_probe_3_,18672756,44727504,6791404
08:07:18,237435,batch_c_probe_3_,18672756,44727504,6791404
08:07:19,237435,batch_c_probe_3_,18672784,44727504,6791376
08:07:20,237435,batch_c_probe_3_,18672784,44727504,6791376
08:07:21,237435,batch_c_probe_3_,18672784,44727504,6791376
08:07:22,237435,batch_c_probe_3_,18672792,44727504,6791368
08:07:23,237435,batch_c_probe_3_,18672792,44727504,6791368
08:07:24,237435,batch_c_probe_3_,18672832,44727504,6791328
08:07:25,237435,batch_c_probe_3_,18672832,44727504,6791328
08:07:26,237435,batch_c_probe_3_,18672832,44727504,6791328
08:07:27,237435,batch_c_probe_3_,18672832,44727504,6791328
08:07:28,237435,batch_c_probe_3_,18672856,44727504,6791328
08:07:29,237435,batch_c_probe_3_,18672852,44727504,6791308
08:07:30,237435,batch_c_probe_3_,18672852,44727504,6791308
08:07:31,237435,batch_c_probe_3_,18672852,44727504,6791308
08:07:32,237435,batch_c_probe_3_,18672852,44727504,6791308
08:07:33,237435,batch_c_probe_3_,18672852,44727504,6791308
08:07:34,237435,batch_c_probe_3_,18672852,44727504,6791308
08:07:35,237435,batch_c_probe_3_,18672856,44727504,6791304
08:07:36,237435,batch_c_probe_3_,18672856,44727504,6791304
08:07:37,237435,batch_c_probe_3_,18672856,44727504,6791304
08:07:38,237435,batch_c_probe_3_,18672856,44727504,6791304
08:07:39,237435,batch_c_probe_3_,18672856,44727504,6791304
08:07:40,237435,batch_c_probe_3_,18672868,44727504,6791292
08:07:41,237435,batch_c_probe_3_,18672868,44727504,6791292
08:07:42,237435,batch_c_probe_3_,18672872,44727504,6791288
08:07:43,237435,batch_c_probe_3_,18672872,44727504,6791288
08:07:44,237435,batch_c_probe_3_,18672872,44727504,6791288
08:07:45,237435,batch_c_probe_3_,18672872,44727504,6791288
08:07:46,237435,batch_c_probe_3_,18672872,44727504,6791288
08:07:47,237435,batch_c_probe_3_,18672876,44727504,6791284
08:07:48,237435,batch_c_probe_3_,18672876,44727504,6791284
08:07:50,237435,batch_c_probe_3_,18672876,44727504,6791284
08:07:51,237435,batch_c_probe_3_,18672884,44727504,6791276
08:07:52,237435,batch_c_probe_3_,18672884,44727504,6791276
08:07:53,237435,batch_c_probe_3_,18672884,44727504,6791276
08:07:54,237435,batch_c_probe_3_,18672900,44727504,6791260
08:07:55,237435,batch_c_probe_3_,18672900,44727504,6791260
08:07:56,237435,batch_c_probe_3_,18672900,44727504,6791260
08:07:57,237435,batch_c_probe_3_,18672900,44727504,6791260
08:07:58,237435,batch_c_probe_3_,18672904,44727504,6791256
08:07:59,237435,batch_c_probe_3_,18672904,44727504,6791256
08:08:00,237435,batch_c_probe_3_,18672904,44727504,6791256
08:08:01,237435,batch_c_probe_3_,18672936,44727504,6791224
08:08:02,237435,batch_c_probe_3_,18672936,44727504,6791224
08:08:03,237435,batch_c_probe_3_,18673092,44727504,6791068
08:08:04,237435,batch_c_probe_3_,18673140,44727504,6791020
08:08:05,237435,batch_c_probe_3_,18673140,44727504,6791020
08:08:06,237435,batch_c_probe_3_,18673140,44727504,6791020
08:08:07,237435,batch_c_probe_3_,18673164,44727504,6791020
08:08:08,237435,batch_c_probe_3_,18673156,44727504,6791004
08:08:09,237435,batch_c_probe_3_,18673172,44727504,6790988
08:08:10,237435,batch_c_probe_3_,18673172,44727504,6790988
08:08:11,237435,batch_c_probe_3_,18673176,44727504,6790984
08:08:12,237435,batch_c_probe_3_,18673200,44727504,6790984
08:08:13,237435,batch_c_probe_3_,18673180,44727504,6790980
08:08:14,237435,batch_c_probe_3_,18673180,44727504,6790980
08:08:15,237435,batch_c_probe_3_,18673180,44727504,6790980
08:08:16,237435,batch_c_probe_3_,18673188,44727504,6790972
08:08:17,237435,batch_c_probe_3_,18673188,44727504,6790972
08:08:18,237435,batch_c_probe_3_,18673188,44727504,6790972
08:08:19,237435,batch_c_probe_3_,18673192,44727504,6790968
08:08:20,237435,batch_c_probe_3_,18673192,44727504,6790968
08:08:21,237435,batch_c_probe_3_,18673192,44727504,6790968
08:08:22,237435,batch_c_probe_3_,18673192,44727504,6790968
08:08:23,237435,batch_c_probe_3_,18673192,44727504,6790968
08:08:24,237435,batch_c_probe_3_,18673760,44727504,6790400
08:08:25,237435,batch_c_probe_3_,18673760,44727504,6790400
08:08:26,237435,batch_c_probe_3_,18673768,44727504,6790392
08:08:27,237435,batch_c_probe_3_,18673768,44727504,6790392
08:08:28,237435,batch_c_probe_3_,18673768,44727504,6790392
08:08:29,237435,batch_c_probe_3_,18673768,44727504,6790392
08:08:30,237435,batch_c_probe_3_,18673768,44727504,6790392
08:08:31,237435,batch_c_probe_3_,18673768,44727504,6790392
08:08:32,237435,batch_c_probe_3_,18673768,44727504,6790392
08:08:33,237435,batch_c_probe_3_,18673772,44727504,6790388
08:08:34,237435,batch_c_probe_3_,18673776,44727504,6790384
08:08:35,237435,batch_c_probe_3_,18673776,44727504,6790384
08:08:36,237435,batch_c_probe_3_,18673796,44727504,6790364
08:08:37,237435,batch_c_probe_3_,18673800,44727504,6790360
08:08:38,237435,batch_c_probe_3_,18673800,44727504,6790360
08:08:39,237435,batch_c_probe_3_,18673928,44727504,6790232
08:08:40,237435,batch_c_probe_3_,18673928,44727504,6790232
08:08:41,237435,batch_c_probe_3_,18673928,44727504,6790232
08:08:42,237435,batch_c_probe_3_,18673928,44727504,6790232
08:08:43,237435,batch_c_probe_3_,18673928,44727504,6790232
08:08:44,237435,batch_c_probe_3_,18674232,44727504,6789928
08:08:46,237435,batch_c_probe_3_,18674232,44727504,6789928
08:08:47,237435,batch_c_probe_3_,18674280,44727504,6789880
08:08:48,237435,batch_c_probe_3_,18674280,44727504,6789880
08:08:49,237435,batch_c_probe_3_,18674280,44727504,6789880
08:08:50,237435,batch_c_probe_3_,18674284,44727504,6789876
08:08:51,237435,batch_c_probe_3_,18674284,44727504,6789876
08:08:52,237435,batch_c_probe_3_,18674288,44727504,6789872
08:08:53,237435,batch_c_probe_3_,18674728,44727504,6789432
08:08:54,237435,batch_c_probe_3_,18674728,44727504,6789432
08:08:55,237435,batch_c_probe_3_,18674780,44727504,6789380
08:08:56,237435,batch_c_probe_3_,18674780,44727504,6789380
08:08:57,237435,batch_c_probe_3_,18674800,44727504,6789360
08:08:58,237435,batch_c_probe_3_,18674804,44727504,6789356
08:08:59,237435,batch_c_probe_3_,18674804,44727504,6789356
08:09:00,237435,batch_c_probe_3_,18674880,44727504,6789280
08:09:01,237435,batch_c_probe_3_,18674880,44727504,6789280
08:09:02,237435,batch_c_probe_3_,18674884,44727504,6789276
08:09:03,237435,batch_c_probe_3_,18674892,44727504,6789268
08:09:04,237435,batch_c_probe_3_,18674892,44727504,6789268
08:09:05,237435,batch_c_probe_3_,18675020,44727504,6789140
08:09:06,237435,batch_c_probe_3_,18675020,44727504,6789140
08:09:07,237435,batch_c_probe_3_,18675020,44727504,6789140
08:09:08,237435,batch_c_probe_3_,18675020,44727504,6789140
08:09:09,237435,batch_c_probe_3_,18675020,44727504,6789140
08:09:10,237435,batch_c_probe_3_,18675032,44727504,6789128
08:09:11,237435,batch_c_probe_3_,18675032,44727504,6789128
08:09:12,237435,batch_c_probe_3_,18675032,44727504,6789128
08:09:13,237435,batch_c_probe_3_,18675040,44727504,6789120
08:09:14,237435,batch_c_probe_3_,18675040,44727504,6789120
08:09:15,237435,batch_c_probe_3_,18675040,44727504,6789120
08:09:16,237435,batch_c_probe_3_,18675040,44727504,6789120
08:09:17,237435,batch_c_probe_3_,18675048,44727504,6789112
08:09:18,237435,batch_c_probe_3_,18675048,44727504,6789112
08:09:19,237435,batch_c_probe_3_,18675048,44727504,6789112
08:09:20,237435,batch_c_probe_3_,18675048,44727504,6789112
08:09:21,237435,batch_c_probe_3_,18675048,44727504,6789112
08:09:22,237435,batch_c_probe_3_,18675068,44727504,6789092
08:09:23,237435,batch_c_probe_3_,18675352,44727504,6788808
08:09:24,237435,batch_c_probe_3_,18675352,44727504,6788808
08:09:25,237435,batch_c_probe_3_,18675368,44727504,6788792
08:09:26,237435,batch_c_probe_3_,18675368,44727504,6788792
08:09:27,237435,batch_c_probe_3_,18675368,44727504,6788792
08:09:28,237435,batch_c_probe_3_,18675368,44727504,6788792
08:09:29,237435,batch_c_probe_3_,18675368,44727504,6788792
08:09:30,237435,batch_c_probe_3_,18675368,44727504,6788792
08:09:31,237435,batch_c_probe_3_,18675368,44727504,6788792
08:09:32,237435,batch_c_probe_3_,18675376,44727504,6788784
08:09:33,237435,batch_c_probe_3_,18675376,44727504,6788784
08:09:34,237435,batch_c_probe_3_,18675376,44727504,6788784
08:09:35,237435,batch_c_probe_3_,18677704,44727504,6786456
08:09:36,237435,batch_c_probe_3_,18677704,44727504,6786456
08:09:37,237435,batch_c_probe_3_,18677704,44727504,6786456
08:09:38,237435,batch_c_probe_3_,18677708,44727504,6786452
08:09:39,237435,batch_c_probe_3_,18677708,44727504,6786452
08:09:41,237435,batch_c_probe_3_,18677708,44727504,6786452
08:09:42,237435,batch_c_probe_3_,18677708,44727504,6786452
08:09:43,237435,batch_c_probe_3_,18678084,44727504,6786076
08:09:44,237435,batch_c_probe_3_,18678084,44727504,6786076
08:09:45,237435,batch_c_probe_3_,18678084,44727504,6786076
08:09:46,237435,batch_c_probe_3_,18678088,44727504,6786072
08:09:47,237435,batch_c_probe_3_,18678088,44727504,6786072
08:09:48,237435,batch_c_probe_3_,18678092,44727504,6786068
08:09:49,237435,batch_c_probe_3_,18678104,44727504,6786056
08:09:50,237435,batch_c_probe_3_,18678104,44727504,6786056
08:09:51,237435,batch_c_probe_3_,18678104,44727504,6786056
08:09:52,237435,batch_c_probe_3_,18678104,44727504,6786056
08:09:53,237435,batch_c_probe_3_,18678104,44727504,6786056
08:09:54,237435,batch_c_probe_3_,18678104,44727504,6786056
08:09:55,237435,batch_c_probe_3_,18678104,44727504,6786056
08:09:56,237435,batch_c_probe_3_,18678104,44727504,6786056
08:09:57,237435,batch_c_probe_3_,18678104,44727504,6786056
08:09:58,237435,batch_c_probe_3_,18678104,44727504,6786056
08:09:59,237435,batch_c_probe_3_,18678104,44727504,6786056
08:10:00,237435,batch_c_probe_3_,18678104,44727504,6786056
08:10:01,237435,batch_c_probe_3_,18678136,44727504,6786024
08:10:02,237435,batch_c_probe_3_,18678136,44727504,6786024
08:10:03,237435,batch_c_probe_3_,18678136,44727504,6786024
08:10:04,237435,batch_c_probe_3_,18678136,44727504,6786024
08:10:05,237435,batch_c_probe_3_,18678136,44727504,6786024
08:10:06,237435,batch_c_probe_3_,18679272,44727504,6784888
08:10:07,237435,batch_c_probe_3_,18679272,44727504,6784888
08:10:08,237435,batch_c_probe_3_,18679276,44727504,6784884
08:10:09,237435,batch_c_probe_3_,18679276,44727504,6784884
08:10:10,237435,batch_c_probe_3_,18679276,44727504,6784884
08:10:11,237435,batch_c_probe_3_,18679276,44727504,6784884
08:10:12,237435,batch_c_probe_3_,18679276,44727504,6784884
08:10:13,237435,batch_c_probe_3_,18679280,44727504,6784880
08:10:14,237435,batch_c_probe_3_,18679280,44727504,6784880
08:10:15,237435,batch_c_probe_3_,18679280,44727504,6784880
08:10:16,237435,batch_c_probe_3_,18679280,44727504,6784880
08:10:17,237435,batch_c_probe_3_,18679280,44727504,6784880
08:10:18,237435,batch_c_probe_3_,18679280,44727504,6784880
08:10:19,237435,batch_c_probe_3_,18679280,44727504,6784880
08:10:20,237435,batch_c_probe_3_,18679284,44727504,6784876
08:10:21,237435,batch_c_probe_3_,18679284,44727504,6784876
08:10:22,237435,batch_c_probe_3_,18679284,44727504,6784876
08:10:23,237435,batch_c_probe_3_,18679312,44727504,6784848
08:10:24,237435,batch_c_probe_3_,18679316,44727504,6784844
08:10:25,237435,batch_c_probe_3_,18679316,44727504,6784844
08:10:26,237435,batch_c_probe_3_,18679316,44727504,6784844
08:10:27,237435,batch_c_probe_3_,18679316,44727504,6784844
08:10:28,237435,batch_c_probe_3_,18679316,44727504,6784844
08:10:29,237435,batch_c_probe_3_,18679316,44727504,6784844
08:10:30,237435,batch_c_probe_3_,18679316,44727504,6784844
08:10:31,237435,batch_c_probe_3_,18679316,44727504,6784844
08:10:32,237435,batch_c_probe_3_,18679316,44727504,6784844
08:10:33,237435,batch_c_probe_3_,18679320,44727504,6784840
08:10:34,237435,batch_c_probe_3_,18679344,44727504,6784840
08:10:35,237435,batch_c_probe_3_,18679320,44727504,6784840
08:10:36,237435,batch_c_probe_3_,18679320,44727504,6784840
08:10:38,237435,batch_c_probe_3_,18679320,44727504,6784840
08:10:39,237435,batch_c_probe_3_,18679324,44727504,6784836
08:10:40,237435,batch_c_probe_3_,18679348,44727504,6784836
08:10:41,237435,batch_c_probe_3_,18679384,44727504,6784776
08:10:42,237435,batch_c_probe_3_,18680232,44727504,6783928
08:10:43,237435,batch_c_probe_3_,18680232,44727504,6783928
08:10:44,237435,batch_c_probe_3_,18680252,44727504,6783908
08:10:45,237435,batch_c_probe_3_,18680252,44727504,6783908
08:10:46,237435,batch_c_probe_3_,18680256,44727504,6783904
08:10:47,237435,batch_c_probe_3_,18680260,44727504,6783900
08:10:48,237435,batch_c_probe_3_,18680260,44727504,6783900
08:10:49,237435,batch_c_probe_3_,18680260,44727504,6783900
08:10:50,237435,batch_c_probe_3_,18680260,44727504,6783900
08:10:51,237435,batch_c_probe_3_,18680268,44727504,6783892
08:10:52,237435,batch_c_probe_3_,18680284,44727504,6783876
08:10:53,237435,batch_c_probe_3_,18680284,44727504,6783876
08:10:54,237435,batch_c_probe_3_,18680284,44727504,6783876
08:10:55,237435,batch_c_probe_3_,18680284,44727504,6783876
08:10:56,237435,batch_c_probe_3_,18680856,44727504,6783304
08:10:57,237435,batch_c_probe_3_,18682396,44727504,6781764
08:10:58,237435,batch_c_probe_3_,18682396,44727504,6781764
08:10:59,237435,batch_c_probe_3_,18682400,44727504,6781760
08:11:00,237435,batch_c_probe_3_,18682400,44727504,6781760
08:11:01,237435,batch_c_probe_3_,18682412,44727504,6781748
08:11:02,237435,batch_c_probe_3_,18682424,44727504,6781736
08:11:03,237435,batch_c_probe_3_,18682424,44727504,6781736
08:11:04,237435,batch_c_probe_3_,18682428,44727504,6781732
08:11:05,237435,batch_c_probe_3_,18682428,44727504,6781732
08:11:06,237435,batch_c_probe_3_,18682428,44727504,6781732
08:11:07,237435,batch_c_probe_3_,18682436,44727504,6781724
08:11:08,237435,batch_c_probe_3_,18682436,44727504,6781724
08:11:09,237435,batch_c_probe_3_,18682436,44727504,6781724
08:11:10,237435,batch_c_probe_3_,18682436,44727504,6781724
08:11:11,237435,batch_c_probe_3_,18682444,44727504,6781716
08:11:12,237435,batch_c_probe_3_,18682460,44727504,6781700
08:11:13,237435,batch_c_probe_3_,18682460,44727504,6781700
08:11:14,237435,batch_c_probe_3_,18682476,44727504,6781684
08:11:15,237435,batch_c_probe_3_,18682476,44727504,6781684
08:11:16,237435,batch_c_probe_3_,18684856,44727504,6779304
08:11:17,237435,batch_c_probe_3_,18684856,44727504,6779304
08:11:18,237435,batch_c_probe_3_,18684868,44727504,6779292
08:11:19,237435,batch_c_probe_3_,18684872,44727504,6779288
08:11:20,237435,batch_c_probe_3_,18684872,44727504,6779288
08:11:21,237435,batch_c_probe_3_,18684888,44727504,6779272
08:11:22,237435,batch_c_probe_3_,18684888,44727504,6779272
08:11:23,237435,batch_c_probe_3_,18684896,44727504,6779264
08:11:24,237435,batch_c_probe_3_,18685016,44727504,6779144
08:11:25,237435,batch_c_probe_3_,18685016,44727504,6779144
08:11:26,237435,batch_c_probe_3_,18685024,44727504,6779136
08:11:27,237435,batch_c_probe_3_,18685024,44727504,6779136
08:11:28,237435,batch_c_probe_3_,18685036,44727504,6779124
08:11:29,237435,batch_c_probe_3_,18685044,44727504,6779116
08:11:30,237435,batch_c_probe_3_,18685044,44727504,6779116
08:11:31,237435,batch_c_probe_3_,18685044,44727504,6779116
08:11:32,237435,batch_c_probe_3_,18685044,44727504,6779116
08:11:34,237435,batch_c_probe_3_,18685048,44727504,6779112
08:11:35,237435,batch_c_probe_3_,18686056,44727504,6778104
08:11:36,237435,batch_c_probe_3_,18686056,44727504,6778104
08:11:37,237435,batch_c_probe_3_,18687092,44727504,6777068
08:11:38,237435,batch_c_probe_3_,18688100,44727504,6776060
08:11:39,237435,batch_c_probe_3_,18689108,44727504,6775052
08:11:40,237435,batch_c_probe_3_,18690116,44727504,6774044
08:11:41,237435,batch_c_probe_3_,18690116,44727504,6774044
08:11:42,237435,batch_c_probe_3_,18692340,44727504,6771820
08:11:43,237435,batch_c_probe_3_,18693348,44727504,6770812
08:11:44,237435,batch_c_probe_3_,18693352,44727504,6770808
08:11:45,237435,batch_c_probe_3_,18693376,44727504,6770808
08:11:46,237435,batch_c_probe_3_,18693356,44727504,6770804
08:11:47,237435,batch_c_probe_3_,18693360,44727504,6770800
08:11:48,237435,batch_c_probe_3_,18693360,44727504,6770800
08:11:49,237435,batch_c_probe_3_,18693364,44727504,6770796
08:11:50,237435,batch_c_probe_3_,18693364,44727504,6770796
08:11:51,237435,batch_c_probe_3_,18693396,44727504,6770764
08:11:52,237435,batch_c_probe_3_,18693400,44727504,6770760
08:11:53,237435,batch_c_probe_3_,18693400,44727504,6770760
08:11:54,237435,batch_c_probe_3_,18693400,44727504,6770760
08:11:55,237435,batch_c_probe_3_,18693400,44727504,6770760
08:11:56,237435,batch_c_probe_3_,18693404,44727504,6770756
08:11:57,237435,batch_c_probe_3_,18693416,44727504,6770744
08:11:58,237435,batch_c_probe_3_,18693416,44727504,6770744
08:11:59,237435,batch_c_probe_3_,18693420,44727504,6770740
08:12:00,237435,batch_c_probe_3_,18693420,44727504,6770740
08:12:01,237435,batch_c_probe_3_,18693428,44727504,6770732
08:12:02,237435,batch_c_probe_3_,18693428,44727504,6770732
08:12:03,237435,batch_c_probe_3_,18693432,44727504,6770728
08:12:04,237435,batch_c_probe_3_,18693432,44727504,6770728
08:12:05,237435,batch_c_probe_3_,18693432,44727504,6770728
08:12:06,237435,batch_c_probe_3_,18693432,44727504,6770728
08:12:07,237435,batch_c_probe_3_,18693444,44727504,6770716
08:12:08,237435,batch_c_probe_3_,18693444,44727504,6770716
08:12:09,237435,batch_c_probe_3_,18693448,44727504,6770712
08:12:10,237435,batch_c_probe_3_,18693448,44727504,6770712
08:12:11,237435,batch_c_probe_3_,18693448,44727504,6770712
08:12:12,237435,batch_c_probe_3_,18693472,44727504,6770712
08:12:13,237435,batch_c_probe_3_,18693448,44727504,6770712
08:12:14,237435,batch_c_probe_3_,18693452,44727504,6770708
08:12:15,237435,batch_c_probe_3_,18693452,44727504,6770708
08:12:16,237435,batch_c_probe_3_,18693468,44727504,6770692
08:12:17,237435,batch_c_probe_3_,18693468,44727504,6770692
08:12:18,237435,batch_c_probe_3_,18693468,44727504,6770692
08:12:19,237435,batch_c_probe_3_,18693472,44727504,6770688
08:12:20,237435,batch_c_probe_3_,18693472,44727504,6770688
08:12:21,237435,batch_c_probe_3_,18693476,44727504,6770684
08:12:22,237435,batch_c_probe_3_,18693476,44727504,6770684
08:12:23,237435,batch_c_probe_3_,18693928,44727504,6770232
08:12:24,237435,batch_c_probe_3_,18693928,44727504,6770232
08:12:25,237435,batch_c_probe_3_,18693928,44727504,6770232
08:12:26,237435,batch_c_probe_3_,18693928,44727504,6770232
08:12:27,237435,batch_c_probe_3_,18693928,44727504,6770232
08:12:28,237435,batch_c_probe_3_,18693940,44727504,6770220
08:12:30,237435,batch_c_probe_3_,18693940,44727504,6770220
08:12:31,237435,batch_c_probe_3_,18693940,44727504,6770220
08:12:32,237435,batch_c_probe_3_,18693944,44727504,6770216
08:12:33,237435,batch_c_probe_3_,18693944,44727504,6770216
08:12:34,237435,batch_c_probe_3_,18694000,44727504,6770160
08:12:35,237435,batch_c_probe_3_,18694024,44727504,6770160
08:12:36,237435,batch_c_probe_3_,18694004,44727504,6770156
08:12:37,237435,batch_c_probe_3_,18694004,44727504,6770156
08:12:38,237435,batch_c_probe_3_,18694004,44727504,6770156
08:12:39,237435,batch_c_probe_3_,18694004,44727504,6770156
08:12:40,237435,batch_c_probe_3_,18694004,44727504,6770156
08:12:41,237435,batch_c_probe_3_,18694008,44727504,6770152
08:12:42,237435,batch_c_probe_3_,18694008,44727504,6770152
08:12:43,237435,batch_c_probe_3_,18694008,44727504,6770152
08:12:44,237435,batch_c_probe_3_,18694008,44727504,6770152
08:12:45,237435,batch_c_probe_3_,18694008,44727504,6770152
08:12:46,237435,batch_c_probe_3_,18694008,44727504,6770152
08:12:47,237435,batch_c_probe_3_,18694008,44727504,6770152
08:12:48,237435,batch_c_probe_3_,18694012,44727504,6770148
08:12:49,237435,batch_c_probe_3_,18694012,44727504,6770148
08:12:50,237435,batch_c_probe_3_,18694012,44727504,6770148
08:12:51,237435,batch_c_probe_3_,18694012,44727504,6770148
08:12:52,237435,batch_c_probe_3_,18694012,44727504,6770148
08:12:53,237435,batch_c_probe_3_,18694012,44727504,6770148
08:12:54,237435,batch_c_probe_3_,18694016,44727504,6770144
08:12:55,237435,batch_c_probe_3_,18695252,44727504,6768908
08:12:56,237435,batch_c_probe_3_,18695252,44727504,6768908
08:12:57,237435,batch_c_probe_3_,18695252,44727504,6768908
08:12:58,237435,batch_c_probe_3_,18695252,44727504,6768908
08:12:59,237435,batch_c_probe_3_,18695256,44727504,6768904
08:13:00,237435,batch_c_probe_3_,18695256,44727504,6768904
08:13:01,237435,batch_c_probe_3_,18695260,44727504,6768900
08:13:02,237435,batch_c_probe_3_,18695260,44727504,6768900
08:13:03,237435,batch_c_probe_3_,18695260,44727504,6768900
08:13:04,237435,batch_c_probe_3_,18696816,44727504,6767344
08:13:05,237435,batch_c_probe_3_,18696816,44727504,6767344
08:13:06,237435,batch_c_probe_3_,18696820,44727504,6767340
08:13:07,237435,batch_c_probe_3_,18696820,44727504,6767340
08:13:08,237435,batch_c_probe_3_,18696824,44727504,6767336
08:13:09,237435,batch_c_probe_3_,18696824,44727504,6767336
08:13:10,237435,batch_c_probe_3_,18696824,44727504,6767336
08:13:11,237435,batch_c_probe_3_,18696832,44727504,6767328
08:13:12,237435,batch_c_probe_3_,18696832,44727504,6767328
08:13:13,237435,batch_c_probe_3_,18696884,44727504,6767276
08:13:14,237435,batch_c_probe_3_,18696908,44727504,6767276
08:13:15,237435,batch_c_probe_3_,18696884,44727504,6767276
08:13:16,237435,batch_c_probe_3_,18696884,44727504,6767276
08:13:17,237435,batch_c_probe_3_,18696884,44727504,6767276
08:13:18,237435,batch_c_probe_3_,18696884,44727504,6767276
08:13:19,237435,batch_c_probe_3_,18696884,44727504,6767276
08:13:20,237435,batch_c_probe_3_,18696896,44727504,6767264
08:13:21,237435,batch_c_probe_3_,18696896,44727504,6767264
08:13:22,237435,batch_c_probe_3_,18696896,44727504,6767264
08:13:23,237435,batch_c_probe_3_,18696896,44727504,6767264
08:13:25,237435,batch_c_probe_3_,18696896,44727504,6767264
08:13:26,237435,batch_c_probe_3_,18696904,44727504,6767256
08:13:27,237435,batch_c_probe_3_,18696904,44727504,6767256
08:13:28,237435,batch_c_probe_3_,18696908,44727504,6767252
08:13:29,237435,batch_c_probe_3_,18696908,44727504,6767252
08:13:30,237435,batch_c_probe_3_,18696908,44727504,6767252
08:13:31,237435,batch_c_probe_3_,18696908,44727504,6767252
08:13:32,237435,batch_c_probe_3_,18696908,44727504,6767252
08:13:33,237435,batch_c_probe_3_,18696912,44727504,6767248
08:13:34,237435,batch_c_probe_3_,18697376,44727504,6766784
08:13:35,237435,batch_c_probe_3_,18697380,44727504,6766780
08:13:36,237435,batch_c_probe_3_,18697384,44727504,6766776
08:13:37,237435,batch_c_probe_3_,18697384,44727504,6766776
08:13:38,237435,batch_c_probe_3_,18697384,44727504,6766776
08:13:39,237435,batch_c_probe_3_,18697388,44727504,6766772
08:13:40,237435,batch_c_probe_3_,18697388,44727504,6766772
08:13:41,237435,batch_c_probe_3_,18697408,44727504,6766752
08:13:42,237435,batch_c_probe_3_,18697412,44727504,6766748
08:13:43,237435,batch_c_probe_3_,18697416,44727504,6766744
08:13:44,237435,batch_c_probe_3_,18697416,44727504,6766744
08:13:45,237435,batch_c_probe_3_,18697416,44727504,6766744
08:13:46,237435,batch_c_probe_3_,18697420,44727504,6766740
08:13:47,237435,batch_c_probe_3_,18697424,44727504,6766736
08:13:48,237435,batch_c_probe_3_,18697424,44727504,6766736
08:13:49,237435,batch_c_probe_3_,18697428,44727504,6766732
08:13:50,237435,batch_c_probe_3_,18697428,44727504,6766732
08:13:51,237435,batch_c_probe_3_,18697444,44727504,6766716
08:13:52,237435,batch_c_probe_3_,18697444,44727504,6766716
08:13:53,237435,batch_c_probe_3_,18697700,44727504,6766460
08:13:54,237435,batch_c_probe_3_,18697704,44727504,6766456
08:13:55,237435,batch_c_probe_3_,18697704,44727504,6766456
08:13:56,237435,batch_c_probe_3_,18697716,44727504,6766444
08:13:57,237435,batch_c_probe_3_,18697716,44727504,6766444
08:13:58,237435,batch_c_probe_3_,18697720,44727504,6766440
08:13:59,237435,batch_c_probe_3_,18697720,44727504,6766440
08:14:00,237435,batch_c_probe_3_,18697720,44727504,6766440
08:14:01,237435,batch_c_probe_3_,18697724,44727504,6766436
08:14:02,237435,batch_c_probe_3_,18697724,44727504,6766436
08:14:03,237435,batch_c_probe_3_,18697740,44727504,6766420
08:14:04,237435,batch_c_probe_3_,18697740,44727504,6766420
08:14:05,237435,batch_c_probe_3_,18697740,44727504,6766420
08:14:06,237435,batch_c_probe_3_,18697764,44727504,6766420
08:14:07,237435,batch_c_probe_3_,18697756,44727504,6766404
08:14:08,237435,batch_c_probe_3_,18697768,44727504,6766392
08:14:09,237435,batch_c_probe_3_,18697768,44727504,6766392
08:14:10,237435,batch_c_probe_3_,18697772,44727504,6766388
08:14:11,237435,batch_c_probe_3_,18697772,44727504,6766388
08:14:12,237435,batch_c_probe_3_,18697780,44727504,6766380
08:14:13,237435,batch_c_probe_3_,18697784,44727504,6766376
08:14:14,237435,batch_c_probe_3_,18697784,44727504,6766376
08:14:15,237435,batch_c_probe_3_,18697784,44727504,6766376
08:14:16,237435,batch_c_probe_3_,18697784,44727504,6766376
08:14:17,237435,batch_c_probe_3_,18697792,44727504,6766368
08:14:18,237435,batch_c_probe_3_,18697792,44727504,6766368
08:14:19,237435,batch_c_probe_3_,18697792,44727504,6766368
08:14:21,237435,batch_c_probe_3_,18697792,44727504,6766368
08:14:22,237435,batch_c_probe_3_,18697792,44727504,6766368
08:14:23,237435,batch_c_probe_3_,18697796,44727504,6766364
08:14:24,237435,batch_c_probe_3_,18697820,44727504,6766364
08:14:25,237435,batch_c_probe_3_,18697800,44727504,6766360
08:14:26,237435,batch_c_probe_3_,18697812,44727504,6766348
08:14:27,237435,batch_c_probe_3_,18697812,44727504,6766348
08:14:28,237435,batch_c_probe_3_,18698288,44727504,6765872
08:14:29,237435,batch_c_probe_3_,18698288,44727504,6765872
08:14:30,237435,batch_c_probe_3_,18698304,44727504,6765856
08:14:31,237435,batch_c_probe_3_,18698304,44727504,6765856
08:14:32,237435,batch_c_probe_3_,18698304,44727504,6765856
08:14:33,237435,batch_c_probe_3_,18698308,44727504,6765852
08:14:34,237435,batch_c_probe_3_,18698308,44727504,6765852
08:14:35,237435,batch_c_probe_3_,18698680,44727504,6765480
08:14:36,237435,batch_c_probe_3_,18698680,44727504,6765480
08:14:37,237435,batch_c_probe_3_,18698680,44727504,6765480
08:14:38,237435,batch_c_probe_3_,18698688,44727504,6765472
08:14:39,237435,batch_c_probe_3_,18698688,44727504,6765472
08:14:40,237435,batch_c_probe_3_,18699100,44727504,6765060
08:14:41,237435,batch_c_probe_3_,18699100,44727504,6765060
08:14:42,237435,batch_c_probe_3_,18699100,44727504,6765060
08:14:43,237435,batch_c_probe_3_,18701564,44727504,6762596
08:14:44,237435,batch_c_probe_3_,18701564,44727504,6762596
08:14:45,237435,batch_c_probe_3_,18701564,44727504,6762596
08:14:46,237435,batch_c_probe_3_,18701568,44727504,6762592
08:14:47,237435,batch_c_probe_3_,18701572,44727504,6762588
08:14:48,237435,batch_c_probe_3_,18701572,44727504,6762588
08:14:49,237435,batch_c_probe_3_,18701572,44727504,6762588
08:14:50,237435,batch_c_probe_3_,18701580,44727504,6762580
08:14:51,237435,batch_c_probe_3_,18701580,44727504,6762580
08:14:52,237435,batch_c_probe_3_,18701608,44727504,6762552
08:14:53,237435,batch_c_probe_3_,18701612,44727504,6762548
08:14:54,237435,batch_c_probe_3_,18701652,44727504,6762508
08:14:55,237435,batch_c_probe_3_,18701652,44727504,6762508
08:14:56,237435,batch_c_probe_3_,18701652,44727504,6762508
08:14:57,237435,batch_c_probe_3_,18701656,44727504,6762504
08:14:58,237435,batch_c_probe_3_,18701660,44727504,6762500
08:14:59,237435,batch_c_probe_3_,18701660,44727504,6762500
08:15:00,237435,batch_c_probe_3_,18701668,44727504,6762492
08:15:01,237435,batch_c_probe_3_,18701668,44727504,6762492
08:15:02,237435,batch_c_probe_3_,18701668,44727504,6762492
08:15:03,237435,batch_c_probe_3_,18701668,44727504,6762492
08:15:04,237435,batch_c_probe_3_,18701676,44727504,6762484
08:15:05,237435,batch_c_probe_3_,18701680,44727504,6762480
08:15:06,237435,batch_c_probe_3_,18701696,44727504,6762464
08:15:07,237435,batch_c_probe_3_,18701696,44727504,6762464
08:15:08,237435,batch_c_probe_3_,18701696,44727504,6762464
08:15:09,237435,batch_c_probe_3_,18701732,44727504,6762428
08:15:10,237435,batch_c_probe_3_,18701732,44727504,6762428
08:15:11,237435,batch_c_probe_3_,18701760,44727504,6762400
08:15:12,237435,batch_c_probe_3_,18701768,44727504,6762392
08:15:13,237435,batch_c_probe_3_,18701768,44727504,6762392
08:15:14,237435,batch_c_probe_3_,18701768,44727504,6762392
08:15:16,237435,batch_c_probe_3_,18701768,44727504,6762392
08:15:17,237435,batch_c_probe_3_,18701808,44727504,6762352
08:15:18,237435,batch_c_probe_3_,18701808,44727504,6762352
08:15:19,237435,batch_c_probe_3_,18701812,44727504,6762348
08:15:20,237435,batch_c_probe_3_,18701816,44727504,6762344
08:15:21,237435,batch_c_probe_3_,18701816,44727504,6762344
08:15:22,237435,batch_c_probe_3_,18701816,44727504,6762344
08:15:23,237435,batch_c_probe_3_,18701816,44727504,6762344
08:15:24,237435,batch_c_probe_3_,18701820,44727504,6762340
08:15:25,237435,batch_c_probe_3_,18701828,44727504,6762332
08:15:26,237435,batch_c_probe_3_,18701828,44727504,6762332
08:15:27,237435,batch_c_probe_3_,18701828,44727504,6762332
08:15:28,237435,batch_c_probe_3_,18701828,44727504,6762332
08:15:29,237435,batch_c_probe_3_,18701860,44727504,6762300
08:15:30,237435,batch_c_probe_3_,18701860,44727504,6762300
08:15:31,237435,batch_c_probe_3_,18701984,44727504,6762176
08:15:32,237435,batch_c_probe_3_,18701984,44727504,6762176
08:15:33,237435,batch_c_probe_3_,18701984,44727504,6762176
08:15:34,237435,batch_c_probe_3_,18701984,44727504,6762176
08:15:35,237435,batch_c_probe_3_,18701984,44727504,6762176
08:15:36,237435,batch_c_probe_3_,18701984,44727504,6762176
08:15:37,237435,batch_c_probe_3_,18701984,44727504,6762176
08:15:38,237435,batch_c_probe_3_,18701984,44727504,6762176
08:15:39,237435,batch_c_probe_3_,18701992,44727504,6762168
08:15:40,237435,batch_c_probe_3_,18701992,44727504,6762168
08:15:41,237435,batch_c_probe_3_,18701992,44727504,6762168
08:15:42,237435,batch_c_probe_3_,18701992,44727504,6762168
08:15:43,237435,batch_c_probe_3_,18701996,44727504,6762164
08:15:44,237435,batch_c_probe_3_,18702000,44727504,6762160
08:15:45,237435,batch_c_probe_3_,18702000,44727504,6762160
08:15:46,237435,batch_c_probe_3_,18702000,44727504,6762160
08:15:47,237435,batch_c_probe_3_,18702000,44727504,6762160
08:15:48,237435,batch_c_probe_3_,18702004,44727504,6762156
08:15:49,237435,batch_c_probe_3_,18702004,44727504,6762156
08:15:50,237435,batch_c_probe_3_,18702008,44727504,6762152
08:15:51,237435,batch_c_probe_3_,18702012,44727504,6762148
08:15:52,237435,batch_c_probe_3_,18702012,44727504,6762148
08:15:53,237435,batch_c_probe_3_,18702012,44727504,6762148
08:15:54,237435,batch_c_probe_3_,18702012,44727504,6762148
08:15:55,237435,batch_c_probe_3_,18702016,44727504,6762144
08:15:56,237435,batch_c_probe_3_,18702016,44727504,6762144
08:15:57,237435,batch_c_probe_3_,18702016,44727504,6762144
08:15:58,237435,batch_c_probe_3_,18702016,44727504,6762144
08:15:59,237435,batch_c_probe_3_,18702016,44727504,6762144
08:16:00,237435,batch_c_probe_3_,18702016,44727504,6762144
08:16:01,237435,batch_c_probe_3_,18702040,44727504,6762144
08:16:02,237435,batch_c_probe_3_,18702020,44727504,6762140
08:16:03,237435,batch_c_probe_3_,18702020,44727504,6762140
08:16:04,237435,batch_c_probe_3_,18702024,44727504,6762136
08:16:05,237435,batch_c_probe_3_,18702024,44727504,6762136
08:16:06,237435,batch_c_probe_3_,18702024,44727504,6762136
08:16:07,237435,batch_c_probe_3_,18702024,44727504,6762136
08:16:08,237435,batch_c_probe_3_,18702024,44727504,6762136
08:16:09,237435,batch_c_probe_3_,18702024,44727504,6762136
08:16:10,237435,batch_c_probe_3_,18702028,44727504,6762132
08:16:12,237435,batch_c_probe_3_,18702032,44727504,6762128
08:16:13,237435,batch_c_probe_3_,18702052,44727504,6762108
08:16:14,237435,batch_c_probe_3_,18702076,44727504,6762108
08:16:15,237435,batch_c_probe_3_,18702052,44727504,6762108
08:16:16,237435,batch_c_probe_3_,18702056,44727504,6762104
08:16:17,237435,batch_c_probe_3_,18702060,44727504,6762100
08:16:18,237435,batch_c_probe_3_,18702064,44727504,6762096
08:16:19,237435,batch_c_probe_3_,18702064,44727504,6762096
08:16:20,237435,batch_c_probe_3_,18702068,44727504,6762092
08:16:21,237435,batch_c_probe_3_,18702068,44727504,6762092
08:16:22,237435,batch_c_probe_3_,18702084,44727504,6762076
08:16:23,237435,batch_c_probe_3_,18702084,44727504,6762076
08:16:24,237435,batch_c_probe_3_,18702088,44727504,6762072
08:16:25,237435,batch_c_probe_3_,18702088,44727504,6762072
08:16:26,237435,batch_c_probe_3_,18702088,44727504,6762072
08:16:27,237435,batch_c_probe_3_,18702088,44727504,6762072
08:16:28,237435,batch_c_probe_3_,18702088,44727504,6762072
08:16:29,237435,batch_c_probe_3_,18702088,44727504,6762072
08:16:30,237435,batch_c_probe_3_,18702088,44727504,6762072
08:16:31,237435,batch_c_probe_3_,18702092,44727504,6762068
08:16:32,237435,batch_c_probe_3_,18702096,44727504,6762064
08:16:33,237435,batch_c_probe_3_,18702096,44727504,6762064
08:16:34,237435,batch_c_probe_3_,18702096,44727504,6762064
08:16:35,237435,batch_c_probe_3_,18702100,44727504,6762060
08:16:36,237435,batch_c_probe_3_,18702100,44727504,6762060
08:16:37,237435,batch_c_probe_3_,18702100,44727504,6762060
08:16:38,237435,batch_c_probe_3_,18702104,44727504,6762056
08:16:39,237435,batch_c_probe_3_,18702104,44727504,6762056
08:16:40,237435,batch_c_probe_3_,18702104,44727504,6762056
08:16:41,237435,batch_c_probe_3_,18702108,44727504,6762052
08:16:42,237435,batch_c_probe_3_,18702112,44727504,6762048
08:16:43,237435,batch_c_probe_3_,18702116,44727504,6762044
08:16:44,237435,batch_c_probe_3_,18702396,44727504,6761764
08:16:45,237435,batch_c_probe_3_,18702396,44727504,6761764
08:16:46,237435,batch_c_probe_3_,18702408,44727504,6761752
08:16:47,237435,batch_c_probe_3_,18702420,44727504,6761740
08:16:48,237435,batch_c_probe_3_,18702420,44727504,6761740
08:16:49,237435,batch_c_probe_3_,18702424,44727504,6761736
08:16:50,237435,batch_c_probe_3_,18702424,44727504,6761736
08:16:51,237435,batch_c_probe_3_,18702424,44727504,6761736
08:16:52,237435,batch_c_probe_3_,18702424,44727504,6761736
08:16:53,237435,batch_c_probe_3_,18702424,44727504,6761736
08:16:54,237435,batch_c_probe_3_,18702428,44727504,6761732
08:16:55,237435,batch_c_probe_3_,18702428,44727504,6761732
08:16:56,237435,batch_c_probe_3_,18702428,44727504,6761732
08:16:57,237435,batch_c_probe_3_,18702428,44727504,6761732
08:16:58,237435,batch_c_probe_3_,18702428,44727504,6761732
08:16:59,237435,batch_c_probe_3_,18702428,44727504,6761732
08:17:00,237435,batch_c_probe_3_,18702428,44727504,6761732
08:17:01,237435,batch_c_probe_3_,18702428,44727504,6761732
08:17:02,237435,batch_c_probe_3_,18702428,44727504,6761732
08:17:03,237435,batch_c_probe_3_,18702428,44727504,6761732
08:17:04,237435,batch_c_probe_3_,18702428,44727504,6761732
08:17:05,237435,batch_c_probe_3_,18702428,44727504,6761732
08:17:07,237435,batch_c_probe_3_,18702428,44727504,6761732
08:17:08,237435,batch_c_probe_3_,18702428,44727504,6761732
08:17:09,237435,batch_c_probe_3_,18702432,44727504,6761728
08:17:10,237435,batch_c_probe_3_,18702432,44727504,6761728
08:17:11,237435,batch_c_probe_3_,18702560,44727504,6761600
08:17:12,237435,batch_c_probe_3_,18702560,44727504,6761600
08:17:13,237435,batch_c_probe_3_,18702560,44727504,6761600
08:17:14,237435,batch_c_probe_3_,18702908,44727504,6761252
08:17:15,237435,batch_c_probe_3_,18702908,44727504,6761252
08:17:16,237435,batch_c_probe_3_,18702912,44727504,6761248
08:17:17,237435,batch_c_probe_3_,18702916,44727504,6761244
08:17:18,237435,batch_c_probe_3_,18702916,44727504,6761244
08:17:19,237435,batch_c_probe_3_,18702916,44727504,6761244
08:17:20,237435,batch_c_probe_3_,18702916,44727504,6761244
08:17:21,237435,batch_c_probe_3_,18702920,44727504,6761240
08:17:22,237435,batch_c_probe_3_,18702920,44727504,6761240
08:17:23,237435,batch_c_probe_3_,18702920,44727504,6761240
08:17:24,237435,batch_c_probe_3_,18702924,44727504,6761236
08:17:25,237435,batch_c_probe_3_,18702924,44727504,6761236
08:17:26,237435,batch_c_probe_3_,18702924,44727504,6761236
08:17:27,237435,batch_c_probe_3_,18702924,44727504,6761236
08:17:28,237435,batch_c_probe_3_,18702928,44727504,6761232
08:17:29,237435,batch_c_probe_3_,18702932,44727504,6761228
08:17:30,237435,batch_c_probe_3_,18702932,44727504,6761228
08:17:31,237435,batch_c_probe_3_,18702956,44727504,6761228
08:17:32,237435,batch_c_probe_3_,18702932,44727504,6761228
08:17:33,237435,batch_c_probe_3_,18703664,44727504,6760496
08:17:34,237435,batch_c_probe_3_,18703664,44727504,6760496
08:17:35,237435,batch_c_probe_3_,18703676,44727504,6760484
08:17:36,237435,batch_c_probe_3_,18703680,44727504,6760480
08:17:37,237435,batch_c_probe_3_,18703684,44727504,6760476
08:17:38,237435,batch_c_probe_3_,18703684,44727504,6760476
08:17:39,237435,batch_c_probe_3_,18703684,44727504,6760476
08:17:40,237435,batch_c_probe_3_,18703684,44727504,6760476
08:17:41,237435,batch_c_probe_3_,18703684,44727504,6760476
08:17:42,237435,batch_c_probe_3_,18703684,44727504,6760476
08:17:43,237435,batch_c_probe_3_,18703688,44727504,6760472
08:17:44,237435,batch_c_probe_3_,18703688,44727504,6760472
08:17:45,237435,batch_c_probe_3_,18703688,44727504,6760472
08:17:46,237435,batch_c_probe_3_,18703688,44727504,6760472
08:17:47,237435,batch_c_probe_3_,18704076,44727504,6760084
08:17:48,237435,batch_c_probe_3_,18704076,44727504,6760084
08:17:49,237435,batch_c_probe_3_,18704080,44727504,6760080
08:17:50,237435,batch_c_probe_3_,18704108,44727504,6760076
08:17:51,237435,batch_c_probe_3_,18704088,44727504,6760072
08:17:52,237435,batch_c_probe_3_,18704088,44727504,6760072
08:17:53,237435,batch_c_probe_3_,18704088,44727504,6760072
08:17:54,237435,batch_c_probe_3_,18704088,44727504,6760072
08:17:55,237435,batch_c_probe_3_,18704092,44727504,6760068
08:17:56,237435,batch_c_probe_3_,18704172,44727504,6759988
08:17:57,237435,batch_c_probe_3_,18704176,44727504,6759984
08:17:58,237435,batch_c_probe_3_,18704176,44727504,6759984
08:17:59,237435,batch_c_probe_3_,18704268,44727504,6759892
08:18:00,237435,batch_c_probe_3_,18704268,44727504,6759892
08:18:02,237435,batch_c_probe_3_,18704268,44727504,6759892
08:18:03,237435,batch_c_probe_3_,18704268,44727504,6759892
08:18:04,237435,batch_c_probe_3_,18704688,44727504,6759472
08:18:05,237435,batch_c_probe_3_,18704688,44727504,6759472
08:18:06,237435,batch_c_probe_3_,18704688,44727504,6759472
08:18:07,237435,batch_c_probe_3_,18704688,44727504,6759472
08:18:08,237435,batch_c_probe_3_,18704688,44727504,6759472
08:18:09,237435,batch_c_probe_3_,18704688,44727504,6759472
08:18:10,237435,batch_c_probe_3_,18704688,44727504,6759472
08:18:11,237435,batch_c_probe_3_,18704744,44727504,6759416
08:18:12,237435,batch_c_probe_3_,18704744,44727504,6759416
08:18:13,237435,batch_c_probe_3_,18704744,44727504,6759416
08:18:14,237435,batch_c_probe_3_,18704744,44727504,6759416
08:18:15,237435,batch_c_probe_3_,18704744,44727504,6759416
08:18:16,237435,batch_c_probe_3_,18704744,44727504,6759416
08:18:17,237435,batch_c_probe_3_,18704744,44727504,6759416
08:18:18,237435,batch_c_probe_3_,18704764,44727504,6759396
08:18:19,237435,batch_c_probe_3_,18705348,44727504,6758812
08:18:20,237435,batch_c_probe_3_,18705348,44727504,6758812
08:18:21,237435,batch_c_probe_3_,18705348,44727504,6758812
08:18:22,237435,batch_c_probe_3_,18705348,44727504,6758812
08:18:23,237435,batch_c_probe_3_,18705352,44727504,6758808
08:18:24,237435,batch_c_probe_3_,18705384,44727504,6758800
08:18:25,237435,batch_c_probe_3_,18705368,44727504,6758792
08:18:26,237435,batch_c_probe_3_,18705372,44727504,6758788
08:18:27,237435,batch_c_probe_3_,18705372,44727504,6758788
08:18:28,237435,batch_c_probe_3_,18705376,44727504,6758784
08:18:29,237435,batch_c_probe_3_,18705376,44727504,6758784
08:18:30,237435,batch_c_probe_3_,18705380,44727504,6758780
08:18:31,237435,batch_c_probe_3_,18705456,44727504,6758704
08:18:32,237435,batch_c_probe_3_,18705456,44727504,6758704
08:18:33,237435,batch_c_probe_3_,18705460,44727504,6758700
08:18:34,237435,batch_c_probe_3_,18705460,44727504,6758700
08:18:35,237435,batch_c_probe_3_,18705460,44727504,6758700
08:18:36,237435,batch_c_probe_3_,18705464,44727504,6758696
08:18:37,237435,batch_c_probe_3_,18706048,44727504,6758112
08:18:38,237435,batch_c_probe_3_,18706048,44727504,6758112
08:18:39,237435,batch_c_probe_3_,18706048,44727504,6758112
08:18:40,237435,batch_c_probe_3_,18706092,44727504,6758068
08:18:41,237435,batch_c_probe_3_,18706092,44727504,6758068
08:18:42,237435,batch_c_probe_3_,18706092,44727504,6758068
08:18:43,237435,batch_c_probe_3_,18706096,44727504,6758064
08:18:44,237435,batch_c_probe_3_,18706100,44727504,6758060
08:18:45,237435,batch_c_probe_3_,18706100,44727504,6758060
08:18:46,237435,batch_c_probe_3_,18706100,44727504,6758060
08:18:47,237435,batch_c_probe_3_,18706728,44727504,6757432
08:18:48,237435,batch_c_probe_3_,18706732,44727504,6757428
08:18:49,237435,batch_c_probe_3_,18706732,44727504,6757428
08:18:50,237435,batch_c_probe_3_,18706732,44727504,6757428
08:18:51,237435,batch_c_probe_3_,18706732,44727504,6757428
08:18:52,237435,batch_c_probe_3_,18706732,44727504,6757428
08:18:53,237435,batch_c_probe_3_,18706732,44727504,6757428
08:18:54,237435,batch_c_probe_3_,18706732,44727504,6757428
08:18:55,237435,batch_c_probe_3_,18706736,44727504,6757424
08:18:56,237435,batch_c_probe_3_,18706736,44727504,6757424
08:18:58,237435,batch_c_probe_3_,18706760,44727504,6757424
08:18:59,237435,batch_c_probe_3_,18706740,44727504,6757420
08:19:00,237435,batch_c_probe_3_,18706816,44727504,6757344
08:19:01,237435,batch_c_probe_3_,18706816,44727504,6757344
08:19:02,237435,batch_c_probe_3_,18706816,44727504,6757344
08:19:03,237435,batch_c_probe_3_,18706820,44727504,6757340
08:19:04,237435,batch_c_probe_3_,18706820,44727504,6757340
08:19:05,237435,batch_c_probe_3_,18706820,44727504,6757340
08:19:06,237435,batch_c_probe_3_,18706820,44727504,6757340
08:19:07,237435,batch_c_probe_3_,18706896,44727504,6757264
08:19:08,237435,batch_c_probe_3_,18706900,44727504,6757260
08:19:09,237435,batch_c_probe_3_,18706904,44727504,6757256
08:19:10,237435,batch_c_probe_3_,18706904,44727504,6757256
08:19:11,237435,batch_c_probe_3_,18706904,44727504,6757256
08:19:12,237435,batch_c_probe_3_,18706928,44727504,6757256
08:19:13,237435,batch_c_probe_3_,18707920,44727504,6756240
08:19:14,237435,batch_c_probe_3_,18707924,44727504,6756236
08:19:15,237435,batch_c_probe_3_,18707928,44727504,6756232
08:19:16,237435,batch_c_probe_3_,18707928,44727504,6756232
08:19:17,237435,batch_c_probe_3_,18707928,44727504,6756232
08:19:18,237435,batch_c_probe_3_,18707928,44727504,6756232
08:19:19,237435,batch_c_probe_3_,18707952,44727504,6756232
08:19:20,237435,batch_c_probe_3_,18707928,44727504,6756232
08:19:21,237435,batch_c_probe_3_,18707956,44727504,6756204
08:19:22,237435,batch_c_probe_3_,18707956,44727504,6756204
08:19:23,237435,batch_c_probe_3_,18708388,44727504,6755772
08:19:24,237435,batch_c_probe_3_,18708388,44727504,6755772
08:19:25,237435,batch_c_probe_3_,18708388,44727504,6755772
08:19:26,237435,batch_c_probe_3_,18708412,44727504,6755772
08:19:27,237435,batch_c_probe_3_,18708388,44727504,6755772
08:19:28,237435,batch_c_probe_3_,18708404,44727504,6755756
08:19:29,237435,batch_c_probe_3_,18708404,44727504,6755756
08:19:30,237435,batch_c_probe_3_,18708404,44727504,6755756
08:19:31,237435,batch_c_probe_3_,18708404,44727504,6755756
08:19:32,237435,batch_c_probe_3_,18708404,44727504,6755756
08:19:33,237435,batch_c_probe_3_,18708404,44727504,6755756
08:19:34,237435,batch_c_probe_3_,18708404,44727504,6755756
08:19:35,237435,batch_c_probe_3_,18708408,44727504,6755752
08:19:36,237435,batch_c_probe_3_,18708408,44727504,6755752
08:19:37,237435,batch_c_probe_3_,18708408,44727504,6755752
08:19:38,237435,batch_c_probe_3_,18708408,44727504,6755752
08:19:39,237435,batch_c_probe_3_,18708408,44727504,6755752
08:19:40,237435,batch_c_probe_3_,18708408,44727504,6755752
08:19:41,237435,batch_c_probe_3_,18708408,44727504,6755752
08:19:42,237435,batch_c_probe_3_,18708408,44727504,6755752
08:19:43,237435,batch_c_probe_3_,18708408,44727504,6755752
08:19:44,237435,batch_c_probe_3_,18708408,44727504,6755752
08:19:45,237435,batch_c_probe_3_,18708408,44727504,6755752
08:19:46,237435,batch_c_probe_3_,18708412,44727504,6755748
08:19:47,237435,batch_c_probe_3_,18708412,44727504,6755748
08:19:48,237435,batch_c_probe_3_,18708412,44727504,6755748
08:19:49,237435,batch_c_probe_3_,18708412,44727504,6755748
08:19:50,237435,batch_c_probe_3_,18708412,44727504,6755748
08:19:51,237435,batch_c_probe_3_,18708840,44727504,6755320
08:19:53,237435,batch_c_probe_3_,18708840,44727504,6755320
08:19:54,237435,batch_c_probe_3_,18708840,44727504,6755320
08:19:55,237435,batch_c_probe_3_,18708840,44727504,6755320
08:19:56,237435,batch_c_probe_3_,18708844,44727504,6755316
08:19:57,237435,batch_c_probe_3_,18708844,44727504,6755316
08:19:58,237435,batch_c_probe_3_,18708844,44727504,6755316
08:19:59,237435,batch_c_probe_3_,18708844,44727504,6755316
08:20:00,237435,batch_c_probe_3_,18708844,44727504,6755316
08:20:01,237435,batch_c_probe_3_,18708848,44727504,6755312
08:20:02,237435,batch_c_probe_3_,18709188,44727504,6754972
08:20:03,237435,batch_c_probe_3_,18709188,44727504,6754972
08:20:04,237435,batch_c_probe_3_,18709188,44727504,6754972
08:20:05,237435,batch_c_probe_3_,18709188,44727504,6754972
08:20:06,237435,batch_c_probe_3_,18709188,44727504,6754972
08:20:07,237435,batch_c_probe_3_,18709188,44727504,6754972
08:20:08,237435,batch_c_probe_3_,18709188,44727504,6754972
08:20:09,237435,batch_c_probe_3_,18709192,44727504,6754968
08:20:10,237435,batch_c_probe_3_,18709192,44727504,6754968
08:20:11,237435,batch_c_probe_3_,18709192,44727504,6754968
08:20:12,237435,batch_c_probe_3_,18709192,44727504,6754968
08:20:13,237435,batch_c_probe_3_,18709200,44727504,6754960
08:20:14,237435,batch_c_probe_3_,18709200,44727504,6754960
08:20:15,237435,batch_c_probe_3_,18709200,44727504,6754960
08:20:16,237435,batch_c_probe_3_,18709204,44727504,6754956
08:20:17,237435,batch_c_probe_3_,18709204,44727504,6754956
08:20:18,237435,batch_c_probe_3_,18709204,44727504,6754956
08:20:19,237435,batch_c_probe_3_,18709204,44727504,6754956
08:20:20,237435,batch_c_probe_3_,18709980,44727504,6754180
08:20:21,237435,batch_c_probe_3_,18709980,44727504,6754180
08:20:22,237435,batch_c_probe_3_,18709996,44727504,6754164
08:20:23,237435,batch_c_probe_3_,18710000,44727504,6754160
08:20:24,237435,batch_c_probe_3_,18710000,44727504,6754160
08:20:25,237435,batch_c_probe_3_,18710000,44727504,6754160
08:20:26,237435,batch_c_probe_3_,18710000,44727504,6754160
08:20:27,237435,batch_c_probe_3_,18710124,44727504,6754036
08:20:28,237435,batch_c_probe_3_,18710128,44727504,6754032
08:20:29,237435,batch_c_probe_3_,18710132,44727504,6754028
08:20:30,237435,batch_c_probe_3_,18710140,44727504,6754020
08:20:31,237435,batch_c_probe_3_,18710140,44727504,6754020
08:20:32,237435,batch_c_probe_3_,18710152,44727504,6754008
08:20:33,237435,batch_c_probe_3_,18710152,44727504,6754008
08:20:34,237435,batch_c_probe_3_,18710152,44727504,6754008
08:20:35,237435,batch_c_probe_3_,18710156,44727504,6754004
08:20:36,237435,batch_c_probe_3_,18710160,44727504,6754000
08:20:37,237435,batch_c_probe_3_,18710160,44727504,6754000
08:20:38,237435,batch_c_probe_3_,18710160,44727504,6754000
08:20:39,237435,batch_c_probe_3_,18710712,44727504,6753448
08:20:40,237435,batch_c_probe_3_,18710712,44727504,6753448
08:20:41,237435,batch_c_probe_3_,18710712,44727504,6753448
08:20:42,237435,batch_c_probe_3_,18710712,44727504,6753448
08:20:43,237435,batch_c_probe_3_,18710712,44727504,6753448
08:20:44,237435,batch_c_probe_3_,18710716,44727504,6753444
08:20:45,237435,batch_c_probe_3_,18710716,44727504,6753444
08:20:46,237435,batch_c_probe_3_,18710716,44727504,6753444
08:20:47,237435,batch_c_probe_3_,18710716,44727504,6753444
08:20:49,237435,batch_c_probe_3_,18710720,44727504,6753440
08:20:50,237435,batch_c_probe_3_,18710720,44727504,6753440
08:20:51,237435,batch_c_probe_3_,18710760,44727504,6753400
08:20:52,237435,batch_c_probe_3_,18710820,44727504,6753364
08:20:53,237435,batch_c_probe_3_,18710796,44727504,6753364
08:20:54,237435,batch_c_probe_3_,18710796,44727504,6753364
08:20:55,237435,batch_c_probe_3_,18710796,44727504,6753364
08:20:56,237435,batch_c_probe_3_,18710800,44727504,6753360
08:20:57,237435,batch_c_probe_3_,18710800,44727504,6753360
08:20:58,237435,batch_c_probe_3_,18710800,44727504,6753360
08:20:59,237435,batch_c_probe_3_,18710824,44727504,6753360
08:21:00,237435,batch_c_probe_3_,18710800,44727504,6753360
08:21:01,237435,batch_c_probe_3_,18710800,44727504,6753360
08:21:02,237435,batch_c_probe_3_,18710800,44727504,6753360
08:21:03,237435,batch_c_probe_3_,18710800,44727504,6753360
08:21:04,237435,batch_c_probe_3_,18710800,44727504,6753360
08:21:05,237435,batch_c_probe_3_,18710800,44727504,6753360
08:21:06,237435,batch_c_probe_3_,18710824,44727504,6753360
08:21:07,237435,batch_c_probe_3_,18710956,44727504,6753204
08:21:08,237435,batch_c_probe_3_,18710956,44727504,6753204
08:21:09,237435,batch_c_probe_3_,18710956,44727504,6753204
08:21:10,237435,batch_c_probe_3_,18710960,44727504,6753200
08:21:11,237435,batch_c_probe_3_,18710960,44727504,6753200
08:21:12,237435,batch_c_probe_3_,18710960,44727504,6753200
08:21:13,237435,batch_c_probe_3_,18710960,44727504,6753200
08:21:14,237435,batch_c_probe_3_,18710980,44727504,6753180
08:21:15,237435,batch_c_probe_3_,18710984,44727504,6753176
08:21:16,237435,batch_c_probe_3_,18710984,44727504,6753176
08:21:17,237435,batch_c_probe_3_,18710984,44727504,6753176
08:21:18,237435,batch_c_probe_3_,18710984,44727504,6753176
08:21:19,237435,batch_c_probe_3_,18711048,44727504,6753112
08:21:20,237435,batch_c_probe_3_,18711048,44727504,6753112
08:21:21,237435,batch_c_probe_3_,18711048,44727504,6753112
08:21:22,237435,batch_c_probe_3_,18711052,44727504,6753108
08:21:23,237435,batch_c_probe_3_,18711060,44727504,6753100
08:21:24,237435,batch_c_probe_3_,18711060,44727504,6753100
08:21:25,237435,batch_c_probe_3_,18711060,44727504,6753100
08:21:26,237435,batch_c_probe_3_,18711060,44727504,6753100
08:21:27,237435,batch_c_probe_3_,18711060,44727504,6753100
08:21:28,237435,batch_c_probe_3_,18711060,44727504,6753100
08:21:29,237435,batch_c_probe_3_,18711084,44727504,6753076
08:21:30,237435,batch_c_probe_3_,18711084,44727504,6753076
08:21:31,237435,batch_c_probe_3_,18711112,44727504,6753048
08:21:32,237435,batch_c_probe_3_,18711112,44727504,6753048
08:21:33,237435,batch_c_probe_3_,18711176,44727504,6752984
08:21:34,237435,batch_c_probe_3_,18711176,44727504,6752984
08:21:35,237435,batch_c_probe_3_,18711176,44727504,6752984
08:21:36,237435,batch_c_probe_3_,18711180,44727504,6752980
08:21:37,237435,batch_c_probe_3_,18711180,44727504,6752980
08:21:38,237435,batch_c_probe_3_,18711180,44727504,6752980
08:21:39,237435,batch_c_probe_3_,18711180,44727504,6752980
08:21:40,237435,batch_c_probe_3_,18711712,44727504,6752448
08:21:41,237435,batch_c_probe_3_,18711716,44727504,6752444
08:21:42,237435,batch_c_probe_3_,18711728,44727504,6752432
08:21:43,237435,batch_c_probe_3_,18711728,44727504,6752432
08:21:45,237435,batch_c_probe_3_,18711728,44727504,6752432
08:21:46,237435,batch_c_probe_3_,18711728,44727504,6752432
08:21:47,237435,batch_c_probe_3_,18711728,44727504,6752432
08:21:48,237435,batch_c_probe_3_,18711736,44727504,6752424
08:21:49,237435,batch_c_probe_3_,18711740,44727504,6752420
08:21:50,237435,batch_c_probe_3_,18711816,44727504,6752344
08:21:51,237435,batch_c_probe_3_,18711840,44727504,6752344
08:21:52,237435,batch_c_probe_3_,18711828,44727504,6752332
08:21:53,237435,batch_c_probe_3_,18711828,44727504,6752332
08:21:54,237435,batch_c_probe_3_,18711828,44727504,6752332
08:21:55,237435,batch_c_probe_3_,18711836,44727504,6752324
08:21:56,237435,batch_c_probe_3_,18711840,44727504,6752320
08:21:57,237435,batch_c_probe_3_,18711848,44727504,6752312
08:21:58,237435,batch_c_probe_3_,18711848,44727504,6752312
08:21:59,237435,batch_c_probe_3_,18711876,44727504,6752284
08:22:00,237435,batch_c_probe_3_,18711876,44727504,6752284
08:22:01,237435,batch_c_probe_3_,18711876,44727504,6752284
08:22:02,237435,batch_c_probe_3_,18711876,44727504,6752284
08:22:03,237435,batch_c_probe_3_,18711876,44727504,6752284
08:22:04,237435,batch_c_probe_3_,18711876,44727504,6752284
08:22:05,237435,batch_c_probe_3_,18711876,44727504,6752284
08:22:06,237435,batch_c_probe_3_,18711876,44727504,6752284
08:22:07,237435,batch_c_probe_3_,18711876,44727504,6752284
08:22:08,237435,batch_c_probe_3_,18711876,44727504,6752284
08:22:09,237435,batch_c_probe_3_,18711920,44727504,6752252
08:22:10,237435,batch_c_probe_3_,18711952,44727504,6752220
08:22:11,237435,batch_c_probe_3_,18711968,44727504,6752204
08:22:12,237435,batch_c_probe_3_,18711968,44727504,6752204
08:22:13,237435,batch_c_probe_3_,18712024,44727504,6752148
08:22:14,237435,batch_c_probe_3_,18712024,44727504,6752148
08:22:15,237435,batch_c_probe_3_,18712028,44727504,6752144
08:22:16,237435,batch_c_probe_3_,18712052,44727504,6752144
08:22:17,237435,batch_c_probe_3_,18712028,44727504,6752144
08:22:18,237435,batch_c_probe_3_,18712036,44727504,6752136
08:22:19,237435,batch_c_probe_3_,18712036,44727504,6752136
08:22:20,237435,batch_c_probe_3_,18712036,44727504,6752136
08:22:21,237435,batch_c_probe_3_,18712036,44727504,6752136
08:22:22,237435,batch_c_probe_3_,18712040,44727504,6752132
08:22:23,237435,batch_c_probe_3_,18712040,44727504,6752132
08:22:24,237435,batch_c_probe_3_,18712040,44727504,6752132
08:22:25,237435,batch_c_probe_3_,18712040,44727504,6752132
08:22:26,237435,batch_c_probe_3_,18712040,44727504,6752132
08:22:27,237435,batch_c_probe_3_,18712044,44727504,6752128
08:22:28,237435,batch_c_probe_3_,18712044,44727504,6752128
08:22:29,237435,batch_c_probe_3_,18712044,44727504,6752128
08:22:30,237435,batch_c_probe_3_,18712044,44727504,6752128
08:22:31,237435,batch_c_probe_3_,18712048,44727504,6752124
08:22:32,237435,batch_c_probe_3_,18714148,44727504,6750024
08:22:33,237435,batch_c_probe_3_,18714148,44727504,6750024
08:22:34,237435,batch_c_probe_3_,18714152,44727504,6750020
08:22:35,237435,batch_c_probe_3_,18714156,44727504,6750016
08:22:36,237435,batch_c_probe_3_,18714156,44727504,6750016
08:22:37,237435,batch_c_probe_3_,18714156,44727504,6750016
08:22:38,237435,batch_c_probe_3_,18714156,44727504,6750016
08:22:40,237435,batch_c_probe_3_,18715548,44727504,6748624
08:22:41,237435,batch_c_probe_3_,18715548,44727504,6748624
08:22:42,237435,batch_c_probe_3_,18715648,44727504,6748524
08:22:43,237435,batch_c_probe_3_,18715652,44727504,6748520
08:22:44,237435,batch_c_probe_3_,18715980,44727504,6748192
08:22:45,237435,batch_c_probe_3_,18715980,44727504,6748192
08:22:46,237435,batch_c_probe_3_,18718352,44727504,6745820
08:22:47,237435,batch_c_probe_3_,18718352,44727504,6745820
08:22:48,237435,batch_c_probe_3_,18720180,44727504,6743992
08:22:49,237435,batch_c_probe_3_,18720180,44727504,6743992
08:22:50,237435,batch_c_probe_3_,18720184,44727504,6743988
08:22:51,237435,batch_c_probe_3_,18720188,44727504,6743984
08:22:52,237435,batch_c_probe_3_,18720188,44727504,6743984
08:22:53,237435,batch_c_probe_3_,18720692,44727504,6743480
08:22:54,237435,batch_c_probe_3_,18720692,44727504,6743480
08:22:55,237435,batch_c_probe_3_,18720692,44727504,6743480
08:22:56,237435,batch_c_probe_3_,18720700,44727504,6743472
08:22:57,237435,batch_c_probe_3_,18720704,44727504,6743468
08:22:58,237435,batch_c_probe_3_,18720704,44727504,6743468
08:22:59,237435,batch_c_probe_3_,18720704,44727504,6743468
08:23:00,237435,batch_c_probe_3_,18720708,44727504,6743464
08:23:01,237435,batch_c_probe_3_,18720708,44727504,6743464
08:23:02,237435,batch_c_probe_3_,18721240,44727504,6742980
08:23:03,237435,batch_c_probe_3_,18721268,44727504,6742976
08:23:04,237435,batch_c_probe_3_,18721244,44727504,6742976
08:23:05,237435,batch_c_probe_3_,18721244,44727504,6742976
08:23:06,237435,batch_c_probe_3_,18721244,44727504,6742976
08:23:07,237435,batch_c_probe_3_,18721244,44727504,6742976
08:23:08,237435,batch_c_probe_3_,18721244,44727504,6742976
08:23:09,237435,batch_c_probe_3_,18723296,44727504,6740924
08:23:10,237435,batch_c_probe_3_,18723300,44727504,6740920
08:23:11,237435,batch_c_probe_3_,18723312,44727504,6740908
08:23:12,237435,batch_c_probe_3_,18723312,44727504,6740908
08:23:13,237435,batch_c_probe_3_,18723312,44727504,6740908
08:23:14,237435,batch_c_probe_3_,18724788,44727504,6739432
08:23:15,237435,batch_c_probe_3_,18724788,44727504,6739432
08:23:16,237435,batch_c_probe_3_,18724788,44727504,6739432
08:23:17,237435,batch_c_probe_3_,18724792,44727504,6739428
08:23:18,237435,batch_c_probe_3_,18724792,44727504,6739428
08:23:19,237435,batch_c_probe_3_,18725424,44727504,6738796
08:23:20,237435,batch_c_probe_3_,18725424,44727504,6738796
08:23:21,237435,batch_c_probe_3_,18725424,44727504,6738796
08:23:22,237435,batch_c_probe_3_,18725424,44727504,6738796
08:23:23,237435,batch_c_probe_3_,18725424,44727504,6738796
08:23:24,237435,batch_c_probe_3_,18725424,44727504,6738796
08:23:25,237435,batch_c_probe_3_,18725424,44727504,6738796
08:23:26,237435,batch_c_probe_3_,18725424,44727504,6738796
08:23:27,237435,batch_c_probe_3_,18725424,44727504,6738796
08:23:28,237435,batch_c_probe_3_,18725424,44727504,6738796
08:23:29,237435,batch_c_probe_3_,18725424,44727504,6738796
08:23:30,237435,batch_c_probe_3_,18725424,44727504,6738796
08:23:31,237435,batch_c_probe_3_,18725424,44727504,6738796
08:23:32,237435,batch_c_probe_3_,18725424,44727504,6738796
08:23:33,237435,batch_c_probe_3_,18725424,44727504,6738796
08:23:35,237435,batch_c_probe_3_,18725516,44727504,6738704
08:23:36,237435,batch_c_probe_3_,18725528,44727504,6738692
08:23:37,237435,batch_c_probe_3_,18725540,44727504,6738680
08:23:38,237435,batch_c_probe_3_,18725540,44727504,6738680
08:23:39,237435,batch_c_probe_3_,18725540,44727504,6738680
08:23:40,237435,batch_c_probe_3_,18725540,44727504,6738680
08:23:41,237435,batch_c_probe_3_,18725540,44727504,6738680
08:23:42,237435,batch_c_probe_3_,18725540,44727504,6738680
08:23:43,237435,batch_c_probe_3_,18725564,44727504,6738680
08:23:44,237435,batch_c_probe_3_,18725540,44727504,6738680
08:23:45,237435,batch_c_probe_3_,18725540,44727504,6738680
08:23:46,237435,batch_c_probe_3_,18725540,44727504,6738680
08:23:47,237435,batch_c_probe_3_,18725540,44727504,6738680
08:23:48,237435,batch_c_probe_3_,18725540,44727504,6738680
08:23:49,237435,batch_c_probe_3_,18725556,44727504,6738664
08:23:50,237435,batch_c_probe_3_,18725556,44727504,6738664
08:23:51,237435,batch_c_probe_3_,18725556,44727504,6738664
08:23:52,237435,batch_c_probe_3_,18725556,44727504,6738664
08:23:53,237435,batch_c_probe_3_,18725556,44727504,6738664
08:23:54,237435,batch_c_probe_3_,18725584,44727504,6738636
08:23:55,237435,batch_c_probe_3_,18725584,44727504,6738636
08:23:56,237435,batch_c_probe_3_,18725588,44727504,6738632
08:23:57,237435,batch_c_probe_3_,18725592,44727504,6738628
08:23:58,237435,batch_c_probe_3_,18725592,44727504,6738628
08:23:59,237435,batch_c_probe_3_,18725592,44727504,6738628
08:24:00,237435,batch_c_probe_3_,18725592,44727504,6738628
08:24:01,237435,batch_c_probe_3_,18725592,44727504,6738628
08:24:02,237435,batch_c_probe_3_,18725592,44727504,6738628
08:24:03,237435,batch_c_probe_3_,18725592,44727504,6738628
08:24:04,237435,batch_c_probe_3_,18725596,44727504,6738624
08:24:05,237435,batch_c_probe_3_,18725596,44727504,6738624
08:24:06,237435,batch_c_probe_3_,18725596,44727504,6738624
08:24:07,237435,batch_c_probe_3_,18725596,44727504,6738624
08:24:08,237435,batch_c_probe_3_,18725596,44727504,6738624
08:24:09,237435,batch_c_probe_3_,18725596,44727504,6738624
08:24:10,237435,batch_c_probe_3_,18725596,44727504,6738624
08:24:11,237435,batch_c_probe_3_,18725600,44727504,6738620
08:24:12,237435,batch_c_probe_3_,18725600,44727504,6738620
08:24:13,237435,batch_c_probe_3_,18725600,44727504,6738620
08:24:14,237435,batch_c_probe_3_,18725600,44727504,6738620
08:24:15,237435,batch_c_probe_3_,18725600,44727504,6738620
08:24:16,237435,batch_c_probe_3_,18725600,44727504,6738620
08:24:17,237435,batch_c_probe_3_,18725880,44727504,6738340
08:24:18,237435,batch_c_probe_3_,18725880,44727504,6738340
08:24:19,237435,batch_c_probe_3_,18725880,44727504,6738340
08:24:20,237435,batch_c_probe_3_,18725880,44727504,6738340
08:24:21,237435,batch_c_probe_3_,18725880,44727504,6738340
08:24:22,237435,batch_c_probe_3_,18725880,44727504,6738340
08:24:23,237435,batch_c_probe_3_,18725880,44727504,6738340
08:24:24,237435,batch_c_probe_3_,18725908,44727504,6738336
08:24:25,237435,batch_c_probe_3_,18725884,44727504,6738336
08:24:26,237435,batch_c_probe_3_,18725900,44727504,6738320
08:24:27,237435,batch_c_probe_3_,18725900,44727504,6738320
08:24:28,237435,batch_c_probe_3_,18725900,44727504,6738320
08:24:30,237435,batch_c_probe_3_,18725900,44727504,6738320
08:24:31,237435,batch_c_probe_3_,18725900,44727504,6738320
08:24:32,237435,batch_c_probe_3_,18725904,44727504,6738316
08:24:33,237435,batch_c_probe_3_,18725904,44727504,6738316
08:24:34,237435,batch_c_probe_3_,18725904,44727504,6738316
08:24:35,237435,batch_c_probe_3_,18725932,44727504,6738288
08:24:36,237435,batch_c_probe_3_,18725960,44727504,6738260
08:24:37,237435,batch_c_probe_3_,18725960,44727504,6738260
08:24:38,237435,batch_c_probe_3_,18725960,44727504,6738260
08:24:39,237435,batch_c_probe_3_,18725964,44727504,6738256
08:24:40,237435,batch_c_probe_3_,18725964,44727504,6738256
08:24:41,237435,batch_c_probe_3_,18725964,44727504,6738256
08:24:42,237435,batch_c_probe_3_,18725964,44727504,6738256
08:24:43,237435,batch_c_probe_3_,18725996,44727504,6738224
08:24:44,237435,batch_c_probe_3_,18725996,44727504,6738224
08:24:45,237435,batch_c_probe_3_,18725996,44727504,6738224
08:24:46,237435,batch_c_probe_3_,18725996,44727504,6738224
08:24:47,237435,batch_c_probe_3_,18726016,44727504,6738204
08:24:48,237435,batch_c_probe_3_,18726016,44727504,6738204
08:24:49,237435,batch_c_probe_3_,18726016,44727504,6738204
08:24:50,237435,batch_c_probe_3_,18726040,44727504,6738204
08:24:51,237435,batch_c_probe_3_,18726016,44727504,6738204
08:24:52,237435,batch_c_probe_3_,18726016,44727504,6738204
08:24:53,237435,batch_c_probe_3_,18726016,44727504,6738204
08:24:54,237435,batch_c_probe_3_,18726044,44727504,6738176
08:24:55,237435,batch_c_probe_3_,18726044,44727504,6738176
08:24:56,237435,batch_c_probe_3_,18726064,44727504,6738156
08:24:57,237435,batch_c_probe_3_,18726064,44727504,6738156
08:24:58,237435,batch_c_probe_3_,18726064,44727504,6738156
08:24:59,237435,batch_c_probe_3_,18726064,44727504,6738156
08:25:00,237435,batch_c_probe_3_,18726064,44727504,6738156
08:25:01,237435,batch_c_probe_3_,18726236,44727504,6737984
08:25:02,237435,batch_c_probe_3_,18726236,44727504,6737984
08:25:03,237435,batch_c_probe_3_,18726236,44727504,6737984
08:25:04,237435,batch_c_probe_3_,18726236,44727504,6737984
08:25:05,237435,batch_c_probe_3_,18726236,44727504,6737984
08:25:06,237435,batch_c_probe_3_,18726236,44727504,6737984
08:25:07,237435,batch_c_probe_3_,18726236,44727504,6737984
08:25:08,237435,batch_c_probe_3_,18726236,44727504,6737984
08:25:09,237435,batch_c_probe_3_,18726236,44727504,6737984
08:25:10,237435,batch_c_probe_3_,18726256,44727504,6737964
08:25:11,237435,batch_c_probe_3_,18726256,44727504,6737964
08:25:12,237435,batch_c_probe_3_,18726260,44727504,6737960
08:25:13,237435,batch_c_probe_3_,18726260,44727504,6737960
08:25:14,237435,batch_c_probe_3_,18726260,44727504,6737960
08:25:15,237435,batch_c_probe_3_,18726260,44727504,6737960
08:25:16,237435,batch_c_probe_3_,18728992,44727504,6735228
08:25:17,237435,batch_c_probe_3_,18729248,44727504,6734972
08:25:18,237435,batch_c_probe_3_,18729248,44727504,6734972
08:25:19,237435,batch_c_probe_3_,18729252,44727504,6734968
08:25:20,237435,batch_c_probe_3_,18729252,44727504,6734968
08:25:21,237435,batch_c_probe_3_,18729252,44727504,6734968
08:25:22,237435,batch_c_probe_3_,18729252,44727504,6734968
08:25:23,237435,batch_c_probe_3_,18729252,44727504,6734968
08:25:24,237435,batch_c_probe_3_,18729252,44727504,6734968
08:25:26,237435,batch_c_probe_3_,18729252,44727504,6734968
08:25:27,237435,batch_c_probe_3_,18729256,44727504,6734964
08:25:28,237435,batch_c_probe_3_,18732048,44727504,6732172
08:25:29,237435,batch_c_probe_3_,18732048,44727504,6732172
08:25:30,237435,batch_c_probe_3_,18732048,44727504,6732172
08:25:31,237435,batch_c_probe_3_,18732048,44727504,6732172
08:25:32,237435,batch_c_probe_3_,18732052,44727504,6732168
08:25:33,237435,batch_c_probe_3_,18732052,44727504,6732168
08:25:34,237435,batch_c_probe_3_,18732052,44727504,6732168
08:25:35,237435,batch_c_probe_3_,18732052,44727504,6732168
08:25:36,237435,batch_c_probe_3_,18732052,44727504,6732168
08:25:37,237435,batch_c_probe_3_,18732052,44727504,6732168
08:25:38,237435,batch_c_probe_3_,18732052,44727504,6732168
08:25:39,237435,batch_c_probe_3_,18732056,44727504,6732164
08:25:40,237435,batch_c_probe_3_,18732056,44727504,6732164
08:25:41,237435,batch_c_probe_3_,18732056,44727504,6732164
08:25:42,237435,batch_c_probe_3_,18732056,44727504,6732164
08:25:43,237435,batch_c_probe_3_,18732056,44727504,6732164
08:25:44,237435,batch_c_probe_3_,18732068,44727504,6732152
08:25:45,237435,batch_c_probe_3_,18732068,44727504,6732152
08:25:46,237435,batch_c_probe_3_,18732072,44727504,6732148
08:25:47,237435,batch_c_probe_3_,18732072,44727504,6732148
08:25:48,237435,batch_c_probe_3_,18732072,44727504,6732148
08:25:49,237435,batch_c_probe_3_,18732072,44727504,6732148
08:25:50,237435,batch_c_probe_3_,18732072,44727504,6732148
08:25:51,237435,batch_c_probe_3_,18732072,44727504,6732148
08:25:52,237435,batch_c_probe_3_,18732072,44727504,6732148
08:25:53,237435,batch_c_probe_3_,18732072,44727504,6732148
08:25:54,237435,batch_c_probe_3_,18732076,44727504,6732144
08:25:55,237435,batch_c_probe_3_,18732076,44727504,6732144
08:25:56,237435,batch_c_probe_3_,18732076,44727504,6732144
08:25:57,237435,batch_c_probe_3_,18732076,44727504,6732144
08:25:58,237435,batch_c_probe_3_,18732076,44727504,6732144
08:25:59,237435,batch_c_probe_3_,18732080,44727504,6732140
08:26:00,237435,batch_c_probe_3_,18732080,44727504,6732140
08:26:01,237435,batch_c_probe_3_,18732104,44727504,6732140
08:26:02,237435,batch_c_probe_3_,18732080,44727504,6732140
08:26:03,237435,batch_c_probe_3_,18732080,44727504,6732140
08:26:04,237435,batch_c_probe_3_,18732080,44727504,6732140
08:26:05,237435,batch_c_probe_3_,18732108,44727504,6732112
08:26:06,237435,batch_c_probe_3_,18732108,44727504,6732112
08:26:07,237435,batch_c_probe_3_,18732108,44727504,6732112
08:26:08,237435,batch_c_probe_3_,18732108,44727504,6732112
08:26:09,237435,batch_c_probe_3_,18733184,44727504,6732104
08:26:10,237435,batch_c_probe_3_,18733208,44727504,6732104
08:26:11,237435,batch_c_probe_3_,18732552,44727504,6731668
08:26:12,237435,batch_c_probe_3_,18732556,44727504,6731664
08:26:13,237435,batch_c_probe_3_,18732556,44727504,6731664
08:26:14,237435,batch_c_probe_3_,18732556,44727504,6731664
08:26:15,237435,batch_c_probe_3_,18732556,44727504,6731664
08:26:16,237435,batch_c_probe_3_,18732556,44727504,6731664
08:26:17,237435,batch_c_probe_3_,18732556,44727504,6731664
08:26:18,237435,batch_c_probe_3_,18732556,44727504,6731664
08:26:19,237435,batch_c_probe_3_,18732580,44727504,6731664
08:26:20,237435,batch_c_probe_3_,18732556,44727504,6731664
08:26:22,237435,batch_c_probe_3_,18732556,44727504,6731664
08:26:23,237435,batch_c_probe_3_,18732556,44727504,6731664
08:26:24,237435,batch_c_probe_3_,18732556,44727504,6731664
08:26:25,237435,batch_c_probe_3_,18732556,44727504,6731664
08:26:26,237435,batch_c_probe_3_,18732556,44727504,6731664
08:26:27,237435,batch_c_probe_3_,18732556,44727504,6731664
08:26:28,237435,batch_c_probe_3_,18732556,44727504,6731664
08:26:29,237435,batch_c_probe_3_,18732596,44727504,6731648
08:26:30,237435,batch_c_probe_3_,18732572,44727504,6731648
08:26:31,237435,batch_c_probe_3_,18732572,44727504,6731648
08:26:32,237435,batch_c_probe_3_,18732572,44727504,6731648
08:26:33,237435,batch_c_probe_3_,18732572,44727504,6731648
08:26:34,237435,batch_c_probe_3_,18732576,44727504,6731644
08:26:35,237435,batch_c_probe_3_,18732576,44727504,6731644
08:26:36,237435,batch_c_probe_3_,18732576,44727504,6731644
08:26:37,237435,batch_c_probe_3_,18732576,44727504,6731644
08:26:38,237435,batch_c_probe_3_,18732712,44727504,6731532
08:26:39,237435,batch_c_probe_3_,18732688,44727504,6731532
08:26:40,237435,batch_c_probe_3_,18732688,44727504,6731532
08:26:41,237435,batch_c_probe_3_,18732692,44727504,6731528
08:26:42,237435,batch_c_probe_3_,18732692,44727504,6731528
08:26:43,237435,batch_c_probe_3_,18732692,44727504,6731528
08:26:44,237435,batch_c_probe_3_,18732692,44727504,6731528
08:26:45,237435,batch_c_probe_3_,18732692,44727504,6731528
08:26:46,237435,batch_c_probe_3_,18732692,44727504,6731528
08:26:47,237435,batch_c_probe_3_,18732692,44727504,6731528
08:26:48,237435,batch_c_probe_3_,18732692,44727504,6731528
08:26:49,237435,batch_c_probe_3_,18732696,44727504,6731524
08:26:50,237435,batch_c_probe_3_,18732696,44727504,6731524
08:26:51,237435,batch_c_probe_3_,18732704,44727504,6731516
08:26:52,237435,batch_c_probe_3_,18732704,44727504,6731516
08:26:53,237435,batch_c_probe_3_,18732704,44727504,6731516
08:26:54,237435,batch_c_probe_3_,18732708,44727504,6731512
08:26:55,237435,batch_c_probe_3_,18732712,44727504,6731508
08:26:56,237435,batch_c_probe_3_,18732736,44727504,6731508
08:26:57,237435,batch_c_probe_3_,18732716,44727504,6731504
08:26:58,237435,batch_c_probe_3_,18732716,44727504,6731504
08:26:59,237435,batch_c_probe_3_,18732716,44727504,6731504
08:27:00,237435,batch_c_probe_3_,18734000,44727504,6731500
08:27:01,237435,batch_c_probe_3_,18734004,44727504,6731496
08:27:02,237435,batch_c_probe_3_,18732724,44727504,6731496
08:27:03,237435,batch_c_probe_3_,18732724,44727504,6731496
08:27:04,237435,batch_c_probe_3_,18732724,44727504,6731496
08:27:05,237435,batch_c_probe_3_,18732748,44727504,6731496
08:27:06,237435,batch_c_probe_3_,18732724,44727504,6731496
08:27:07,237435,batch_c_probe_3_,18732724,44727504,6731496
08:27:08,237435,batch_c_probe_3_,18732728,44727504,6731492
08:27:09,237435,batch_c_probe_3_,18732728,44727504,6731492
08:27:10,237435,batch_c_probe_3_,18732728,44727504,6731492
08:27:11,237435,batch_c_probe_3_,18732728,44727504,6731492
08:27:12,237435,batch_c_probe_3_,18732728,44727504,6731492
08:27:13,237435,batch_c_probe_3_,18733508,44727504,6730712
08:27:14,237435,batch_c_probe_3_,18733532,44727504,6730712
08:27:15,237435,batch_c_probe_3_,18733520,44727504,6730700
08:27:17,237435,batch_c_probe_3_,18733524,44727504,6730696
08:27:18,237435,batch_c_probe_3_,18733524,44727504,6730696
08:27:19,237435,batch_c_probe_3_,18733524,44727504,6730696
08:27:20,237435,batch_c_probe_3_,18733524,44727504,6730696
08:27:21,237435,batch_c_probe_3_,18733544,44727504,6730676
08:27:22,237435,batch_c_probe_3_,18733544,44727504,6730676
08:27:23,237435,batch_c_probe_3_,18733544,44727504,6730676
08:27:24,237435,batch_c_probe_3_,18733568,44727504,6730676
08:27:25,237435,batch_c_probe_3_,18733544,44727504,6730676
08:27:26,237435,batch_c_probe_3_,18733544,44727504,6730676
08:27:27,237435,batch_c_probe_3_,18733544,44727504,6730676
08:27:28,237435,batch_c_probe_3_,18733544,44727504,6730676
08:27:29,237435,batch_c_probe_3_,18733544,44727504,6730676
08:27:30,237435,batch_c_probe_3_,18733688,44727504,6730532
08:27:31,237435,batch_c_probe_3_,18733688,44727504,6730532
08:27:32,237435,batch_c_probe_3_,18733688,44727504,6730532
08:27:33,237435,batch_c_probe_3_,18733688,44727504,6730532
08:27:34,237435,batch_c_probe_3_,18733692,44727504,6730528
08:27:35,237435,batch_c_probe_3_,18733692,44727504,6730528
08:27:36,237435,batch_c_probe_3_,18733692,44727504,6730528
08:27:37,237435,batch_c_probe_3_,18733692,44727504,6730528
08:27:38,237435,batch_c_probe_3_,18733692,44727504,6730528
08:27:39,237435,batch_c_probe_3_,18733692,44727504,6730528
08:27:40,237435,batch_c_probe_3_,18733692,44727504,6730528
08:27:41,237435,batch_c_probe_3_,18733692,44727504,6730528
08:27:42,237435,batch_c_probe_3_,18733692,44727504,6730528
08:27:43,237435,batch_c_probe_3_,18733700,44727504,6730520
08:27:44,237435,batch_c_probe_3_,18733704,44727504,6730516
08:27:45,237435,batch_c_probe_3_,18733704,44727504,6730516
08:27:46,237435,batch_c_probe_3_,18733704,44727504,6730516
08:27:47,237435,batch_c_probe_3_,18733704,44727504,6730516
08:27:48,237435,batch_c_probe_3_,18733708,44727504,6730512
08:27:49,237435,batch_c_probe_3_,18733708,44727504,6730512
08:27:50,237435,batch_c_probe_3_,18733708,44727504,6730512
08:27:51,237435,batch_c_probe_3_,18733708,44727504,6730512
08:27:52,237435,batch_c_probe_3_,18733712,44727504,6730508
08:27:53,237435,batch_c_probe_3_,18733712,44727504,6730508
08:27:54,237435,batch_c_probe_3_,18736176,44727504,6728044
08:27:55,237435,batch_c_probe_3_,18736176,44727504,6728044
08:27:56,237435,batch_c_probe_3_,18736180,44727504,6728040
08:27:57,237435,batch_c_probe_3_,18736184,44727504,6728036
08:27:58,237435,batch_c_probe_3_,18736184,44727504,6728036
08:27:59,237435,batch_c_probe_3_,18736408,44727504,6727812
08:28:00,237435,batch_c_probe_3_,18736408,44727504,6727812
08:28:01,237435,batch_c_probe_3_,18736596,44727504,6727624
08:28:02,237435,batch_c_probe_3_,18736596,44727504,6727624
08:28:03,237435,batch_c_probe_3_,18736596,44727504,6727624
08:28:04,237435,batch_c_probe_3_,18736600,44727504,6727620
08:28:05,237435,batch_c_probe_3_,18736600,44727504,6727620
08:28:06,237435,batch_c_probe_3_,18736604,44727504,6727616
08:28:07,237435,batch_c_probe_3_,18736604,44727504,6727616
08:28:08,237435,batch_c_probe_3_,18736604,44727504,6727616
08:28:09,237435,batch_c_probe_3_,18736608,44727504,6727612
08:28:10,237435,batch_c_probe_3_,18736608,44727504,6727612
08:28:12,237435,batch_c_probe_3_,18736608,44727504,6727612
08:28:13,237435,batch_c_probe_3_,18736608,44727504,6727612
08:28:14,237435,batch_c_probe_3_,18736632,44727504,6727612
08:28:15,237435,batch_c_probe_3_,18737596,44727504,6726624
08:28:16,237435,batch_c_probe_3_,18737596,44727504,6726624
08:28:17,237435,batch_c_probe_3_,18737628,44727504,6726592
08:28:18,237435,batch_c_probe_3_,18737628,44727504,6726592
08:28:19,237435,batch_c_probe_3_,18737628,44727504,6726592
08:28:20,237435,batch_c_probe_3_,18737628,44727504,6726592
08:28:21,237435,batch_c_probe_3_,18737628,44727504,6726592
08:28:22,237435,batch_c_probe_3_,18737636,44727504,6726584
08:28:23,237435,batch_c_probe_3_,18737636,44727504,6726584
08:28:24,237435,batch_c_probe_3_,18737652,44727504,6726568
08:28:25,237435,batch_c_probe_3_,18737656,44727504,6726564
08:28:26,237435,batch_c_probe_3_,18737656,44727504,6726564
08:28:27,237435,batch_c_probe_3_,18737960,44727504,6726260
08:28:28,237435,batch_c_probe_3_,18737960,44727504,6726260
08:28:29,237435,batch_c_probe_3_,18737960,44727504,6726260
08:28:30,237435,batch_c_probe_3_,18737960,44727504,6726260
08:28:31,237435,batch_c_probe_3_,18737960,44727504,6726260
08:28:32,237435,batch_c_probe_3_,18737964,44727504,6726256
08:28:33,237435,batch_c_probe_3_,18737988,44727504,6726232
08:28:34,237435,batch_c_probe_3_,18738012,44727504,6726232
08:28:35,237435,batch_c_probe_3_,18737988,44727504,6726232
08:28:36,237435,batch_c_probe_3_,18737988,44727504,6726232
08:28:37,237435,batch_c_probe_3_,18737992,44727504,6726228
08:28:38,237435,batch_c_probe_3_,18737992,44727504,6726228
08:28:39,237435,batch_c_probe_3_,18737992,44727504,6726228
08:28:40,237435,batch_c_probe_3_,18738004,44727504,6726216
08:28:41,237435,batch_c_probe_3_,18738004,44727504,6726216
08:28:42,237435,batch_c_probe_3_,18738004,44727504,6726216
08:28:43,237435,batch_c_probe_3_,18738004,44727504,6726216
08:28:44,237435,batch_c_probe_3_,18738008,44727504,6726212
08:28:45,237435,batch_c_probe_3_,18738008,44727504,6726212
08:28:46,237435,batch_c_probe_3_,18738008,44727504,6726212
08:28:47,237435,batch_c_probe_3_,18738012,44727504,6726208
08:28:48,237435,batch_c_probe_3_,18738012,44727504,6726208
08:28:49,237435,batch_c_probe_3_,18738012,44727504,6726208
08:28:50,237435,batch_c_probe_3_,18738012,44727504,6726208
08:28:51,237435,batch_c_probe_3_,18738012,44727504,6726208
08:28:52,237435,batch_c_probe_3_,18738012,44727504,6726208
08:28:53,237435,batch_c_probe_3_,18738012,44727504,6726208
08:28:54,237435,batch_c_probe_3_,18738036,44727504,6726208
08:28:55,237435,batch_c_probe_3_,18738012,44727504,6726208
08:28:56,237435,batch_c_probe_3_,18738012,44727504,6726208
08:28:57,237435,batch_c_probe_3_,18738012,44727504,6726208
08:28:58,237435,batch_c_probe_3_,18738012,44727504,6726208
08:28:59,237435,batch_c_probe_3_,18738012,44727504,6726208
08:29:00,237435,batch_c_probe_3_,18738012,44727504,6726208
08:29:01,237435,batch_c_probe_3_,18738012,44727504,6726208
08:29:02,237435,batch_c_probe_3_,18738012,44727504,6726208
08:29:03,237435,batch_c_probe_3_,18738012,44727504,6726208
08:29:04,237435,batch_c_probe_3_,18738028,44727504,6726192
08:29:05,237435,batch_c_probe_3_,18738028,44727504,6726192
08:29:06,237435,batch_c_probe_3_,18738028,44727504,6726192
08:29:08,237435,batch_c_probe_3_,18738028,44727504,6726192
08:29:09,237435,batch_c_probe_3_,18738028,44727504,6726192
08:29:10,237435,batch_c_probe_3_,18738036,44727504,6726184
08:29:11,237435,batch_c_probe_3_,18738036,44727504,6726184
08:29:12,237435,batch_c_probe_3_,18738036,44727504,6726184
08:29:13,237435,batch_c_probe_3_,18738036,44727504,6726184
08:29:14,237435,batch_c_probe_3_,18738036,44727504,6726184
08:29:15,237435,batch_c_probe_3_,18738036,44727504,6726184
08:29:16,237435,batch_c_probe_3_,18738052,44727504,6726168
08:29:17,237435,batch_c_probe_3_,18738052,44727504,6726168
08:29:18,237435,batch_c_probe_3_,18738052,44727504,6726168
08:29:19,237435,batch_c_probe_3_,18738052,44727504,6726168
08:29:20,237435,batch_c_probe_3_,18738056,44727504,6726164
08:29:21,237435,batch_c_probe_3_,18738068,44727504,6726152
08:29:22,237435,batch_c_probe_3_,18738068,44727504,6726152
08:29:23,237435,batch_c_probe_3_,18741012,44727504,6723208
08:29:24,237435,batch_c_probe_3_,18741012,44727504,6723208
08:29:25,237435,batch_c_probe_3_,18741016,44727504,6723204
08:29:26,237435,batch_c_probe_3_,18741016,44727504,6723204
08:29:27,237435,batch_c_probe_3_,18741020,44727504,6723200
08:29:28,237435,batch_c_probe_3_,18741024,44727504,6723196
08:29:29,237435,batch_c_probe_3_,18741024,44727504,6723196
08:29:30,237435,batch_c_probe_3_,18741024,44727504,6723196
08:29:31,237435,batch_c_probe_3_,18741024,44727504,6723196
08:29:32,237435,batch_c_probe_3_,18741028,44727504,6723192
08:29:33,237435,batch_c_probe_3_,18741032,44727504,6723188
08:29:34,237435,batch_c_probe_3_,18741080,44727504,6723140
08:29:35,237435,batch_c_probe_3_,18741080,44727504,6723140
08:29:36,237435,batch_c_probe_3_,18741080,44727504,6723140
08:29:37,237435,batch_c_probe_3_,18741104,44727504,6723140
08:29:38,237435,batch_c_probe_3_,18741104,44727504,6723116
08:29:39,237435,batch_c_probe_3_,18741104,44727504,6723116
08:29:40,237435,batch_c_probe_3_,18741112,44727504,6723108
08:29:41,237435,batch_c_probe_3_,18741112,44727504,6723108
08:29:42,237435,batch_c_probe_3_,18741112,44727504,6723108
08:29:43,237435,batch_c_probe_3_,18741112,44727504,6723108
08:29:44,237435,batch_c_probe_3_,18741112,44727504,6723108
08:29:45,237435,batch_c_probe_3_,18741112,44727504,6723108
08:29:46,237435,batch_c_probe_3_,18741112,44727504,6723108
08:29:47,237435,batch_c_probe_3_,18741112,44727504,6723108
08:29:48,237435,batch_c_probe_3_,18741136,44727504,6723084
08:29:49,237435,batch_c_probe_3_,18741136,44727504,6723084
08:29:50,237435,batch_c_probe_3_,18741144,44727504,6723076
08:29:51,237435,batch_c_probe_3_,18741144,44727504,6723076
08:29:52,237435,batch_c_probe_3_,18741144,44727504,6723076
08:29:53,237435,batch_c_probe_3_,18741148,44727504,6723072
08:29:54,237435,batch_c_probe_3_,18741164,44727504,6723056
08:29:55,237435,batch_c_probe_3_,18741164,44727504,6723056
08:29:56,237435,batch_c_probe_3_,18741288,44727504,6722932
08:29:57,237435,batch_c_probe_3_,18741288,44727504,6722932
08:29:58,237435,batch_c_probe_3_,18741296,44727504,6722924
08:29:59,237435,batch_c_probe_3_,18741296,44727504,6722924
08:30:00,237435,batch_c_probe_3_,18741296,44727504,6722924
08:30:02,237435,batch_c_probe_3_,18741308,44727504,6722912
08:30:03,237435,batch_c_probe_3_,18741308,44727504,6722912
08:30:04,237435,batch_c_probe_3_,18741308,44727504,6722912
08:30:05,237435,batch_c_probe_3_,18741308,44727504,6722912
08:30:06,237435,batch_c_probe_3_,18741308,44727504,6722912
08:30:07,237435,batch_c_probe_3_,18741308,44727504,6722912
08:30:08,237435,batch_c_probe_3_,18741308,44727504,6722912
08:30:09,237435,batch_c_probe_3_,18741308,44727504,6722912
08:30:10,237435,batch_c_probe_3_,18741308,44727504,6722912
08:30:11,237435,batch_c_probe_3_,18741308,44727504,6722912
08:30:12,237435,batch_c_probe_3_,18741308,44727504,6722912
08:30:13,237435,batch_c_probe_3_,18741312,44727504,6722908
08:30:14,237435,batch_c_probe_3_,18741312,44727504,6722908
08:30:15,237435,batch_c_probe_3_,18741312,44727504,6722908
08:30:16,237435,batch_c_probe_3_,18741312,44727504,6722908
08:30:17,237435,batch_c_probe_3_,18741312,44727504,6722908
08:30:18,237435,batch_c_probe_3_,18741312,44727504,6722908
08:30:19,237435,batch_c_probe_3_,18741312,44727504,6722908
08:30:20,237435,batch_c_probe_3_,18741336,44727504,6722908
08:30:21,237435,batch_c_probe_3_,18741312,44727504,6722908
08:30:22,237435,batch_c_probe_3_,18741312,44727504,6722908
08:30:23,237435,batch_c_probe_3_,18741312,44727504,6722908
08:30:24,237435,batch_c_probe_3_,18741312,44727504,6722908
08:30:25,237435,batch_c_probe_3_,18741312,44727504,6722908
08:30:26,237435,batch_c_probe_3_,18741312,44727504,6722908
08:30:27,237435,batch_c_probe_3_,18741312,44727504,6722908
08:30:28,237435,batch_c_probe_3_,18741328,44727504,6722892
08:30:29,237435,batch_c_probe_3_,18741328,44727504,6722892
08:30:30,237435,batch_c_probe_3_,18741336,44727504,6722884
08:30:31,237435,batch_c_probe_3_,18741336,44727504,6722884
08:30:32,237435,batch_c_probe_3_,18741336,44727504,6722884
08:30:33,237435,batch_c_probe_3_,18741336,44727504,6722884
08:30:34,237435,batch_c_probe_3_,18741336,44727504,6722884
08:30:35,237435,batch_c_probe_3_,18741352,44727504,6722868
08:30:36,237435,batch_c_probe_3_,18741352,44727504,6722868
08:30:37,237435,batch_c_probe_3_,18638148,44727504,6826072
08:30:38,237435,batch_c_probe_3_,18334456,44727504,7129764
08:30:39,237435,batch_c_probe_3_,18157940,44727504,7306120
08:30:40,237435,batch_c_probe_3_,18157940,44727504,7306120
08:30:41,237435,batch_c_probe_3_,18157940,44727504,7306120
08:30:42,237435,batch_c_probe_3_,18157940,44727504,7306120
08:30:43,237435,batch_c_probe_3_,18157956,44727504,7306104
08:30:44,237435,batch_c_probe_3_,18157960,44727504,7306100
08:30:45,237435,batch_c_probe_3_,18160904,44727504,7303156
08:30:46,237435,batch_c_probe_3_,18160928,44727504,7303156
08:30:47,237435,batch_c_probe_3_,18160920,44727504,7303140
08:30:48,237435,batch_c_probe_3_,18160924,44727504,7303136
08:30:49,237435,batch_c_probe_3_,18160928,44727504,7303132
08:30:50,237435,batch_c_probe_3_,18160928,44727504,7303132
08:30:51,237435,batch_c_probe_3_,18160928,44727504,7303132
08:30:52,237435,batch_c_probe_3_,18160928,44727504,7303132
08:30:53,237435,batch_c_probe_3_,18160928,44727504,7303132
08:30:54,237435,batch_c_probe_3_,18160928,44727504,7303132
08:30:56,237435,batch_c_probe_3_,18160928,44727504,7303132
08:30:57,237435,batch_c_probe_3_,18160928,44727504,7303132
08:30:58,237435,batch_c_probe_3_,18160956,44727504,7303128
08:30:59,237435,batch_c_probe_3_,18160932,44727504,7303128
08:31:00,237435,batch_c_probe_3_,18160932,44727504,7303128
08:31:01,237435,batch_c_probe_3_,18160932,44727504,7303128
08:31:02,237435,batch_c_probe_3_,18160932,44727504,7303128
08:31:03,237435,batch_c_probe_3_,18160932,44727504,7303128
08:31:04,237435,batch_c_probe_3_,18160932,44727504,7303128
08:31:05,237435,batch_c_probe_3_,18160936,44727504,7303124
08:31:06,237435,batch_c_probe_3_,18160936,44727504,7303124
08:31:07,237435,batch_c_probe_3_,18160936,44727504,7303124
08:31:08,237435,batch_c_probe_3_,18160936,44727504,7303124
08:31:09,237435,batch_c_probe_3_,18160936,44727504,7303124
08:31:10,237435,batch_c_probe_3_,18160936,44727504,7303124
08:31:11,237435,batch_c_probe_3_,18160936,44727504,7303124
08:31:12,237435,batch_c_probe_3_,18160936,44727504,7303124
08:31:13,237435,batch_c_probe_3_,18160940,44727504,7303120
08:31:14,237435,batch_c_probe_3_,18160940,44727504,7303120
08:31:15,237435,batch_c_probe_3_,18160968,44727504,7303092
08:31:16,237435,batch_c_probe_3_,18160968,44727504,7303092
08:31:17,237435,batch_c_probe_3_,18160968,44727504,7303092
08:31:18,237435,batch_c_probe_3_,18160972,44727504,7303088
08:31:19,237435,batch_c_probe_3_,18160972,44727504,7303088
08:31:20,237435,batch_c_probe_3_,18160972,44727504,7303088
08:31:21,237435,batch_c_probe_3_,18160980,44727504,7303080
08:31:22,237435,batch_c_probe_3_,18161004,44727504,7303080
08:31:23,237435,batch_c_probe_3_,18160980,44727504,7303080
08:31:24,237435,batch_c_probe_3_,18160980,44727504,7303080
08:31:25,237435,batch_c_probe_3_,18160984,44727504,7303076
08:31:26,237435,batch_c_probe_3_,18160984,44727504,7303076
08:31:27,237435,batch_c_probe_3_,18160984,44727504,7303076
08:31:28,237435,batch_c_probe_3_,18161412,44727504,7302648
08:31:29,237435,batch_c_probe_3_,18161412,44727504,7302648
08:31:30,237435,batch_c_probe_3_,18161412,44727504,7302648
08:31:31,237435,batch_c_probe_3_,18161412,44727504,7302648
08:31:32,237435,batch_c_probe_3_,18161416,44727504,7302644
08:31:33,237435,batch_c_probe_3_,18161440,44727504,7302644
08:31:34,237435,batch_c_probe_3_,18161416,44727504,7302644
08:31:35,237435,batch_c_probe_3_,18161416,44727504,7302644
08:31:36,237435,batch_c_probe_3_,18161416,44727504,7302644
08:31:37,237435,batch_c_probe_3_,18161440,44727504,7302620
08:31:38,237435,batch_c_probe_3_,18161440,44727504,7302620
08:31:39,237435,batch_c_probe_3_,18161440,44727504,7302620
08:31:40,237435,batch_c_probe_3_,18161440,44727504,7302620
08:31:41,237435,batch_c_probe_3_,18161440,44727504,7302620
08:31:42,237435,batch_c_probe_3_,18161440,44727504,7302620
08:31:43,237435,batch_c_probe_3_,18161440,44727504,7302620
08:31:44,237435,batch_c_probe_3_,18161440,44727504,7302620
08:31:45,237435,batch_c_probe_3_,18161440,44727504,7302620
08:31:46,237435,batch_c_probe_3_,18161440,44727504,7302620
08:31:47,237435,batch_c_probe_3_,18161440,44727504,7302620
08:31:48,237435,batch_c_probe_3_,18161444,44727504,7302616
08:31:50,237435,batch_c_probe_3_,18161444,44727504,7302616
08:31:51,237435,batch_c_probe_3_,18161444,44727504,7302616
08:31:52,237435,batch_c_probe_3_,18161444,44727504,7302616
08:31:53,237435,batch_c_probe_3_,18161452,44727504,7302608
08:31:54,237435,batch_c_probe_3_,18161452,44727504,7302608
08:31:55,237435,batch_c_probe_3_,18161456,44727504,7302604
08:31:56,237435,batch_c_probe_3_,18161456,44727504,7302604
08:31:57,237435,batch_c_probe_3_,18161456,44727504,7302604
08:31:58,237435,batch_c_probe_3_,18161800,44727504,7302592
08:31:59,237435,batch_c_probe_3_,18161800,44727504,7302592
08:32:00,237435,batch_c_probe_3_,18161468,44727504,7302592
08:32:01,237435,batch_c_probe_3_,18161468,44727504,7302592
08:32:02,237435,batch_c_probe_3_,18161468,44727504,7302592
08:32:03,237435,batch_c_probe_3_,18161468,44727504,7302592
08:32:04,237435,batch_c_probe_3_,18161468,44727504,7302592
08:32:05,237435,batch_c_probe_3_,18161468,44727504,7302592
08:32:06,237435,batch_c_probe_3_,18161468,44727504,7302592
08:32:07,237435,batch_c_probe_3_,18161468,44727504,7302592
08:32:08,237435,batch_c_probe_3_,18161468,44727504,7302592
08:32:09,237435,batch_c_probe_3_,18161496,44727504,7302588
08:32:10,237435,batch_c_probe_3_,18161476,44727504,7302584
08:32:11,237435,batch_c_probe_3_,18161476,44727504,7302584
08:32:12,237435,batch_c_probe_3_,18161476,44727504,7302584
08:32:13,237435,batch_c_probe_3_,18161476,44727504,7302584
08:32:14,237435,batch_c_probe_3_,18161480,44727504,7302580
08:32:15,237435,batch_c_probe_3_,18161480,44727504,7302580
08:32:16,237435,batch_c_probe_3_,18161480,44727504,7302580
08:32:17,237435,batch_c_probe_3_,18161520,44727504,7302540
08:32:18,237435,batch_c_probe_3_,18161520,44727504,7302540
08:32:19,237435,batch_c_probe_3_,18161520,44727504,7302540
08:32:20,237435,batch_c_probe_3_,18161520,44727504,7302540
08:32:21,237435,batch_c_probe_3_,18161520,44727504,7302540
08:32:22,237435,batch_c_probe_3_,18161524,44727504,7302536
08:32:23,237435,batch_c_probe_3_,18161524,44727504,7302536
08:32:24,237435,batch_c_probe_3_,18161524,44727504,7302536
08:32:25,237435,batch_c_probe_3_,18161524,44727504,7302536
08:32:26,237435,batch_c_probe_3_,18161524,44727504,7302536
08:32:27,237435,batch_c_probe_3_,18161524,44727504,7302536
08:32:28,237435,batch_c_probe_3_,18161524,44727504,7302536
08:32:29,237435,batch_c_probe_3_,18161528,44727504,7302532
08:32:30,237435,batch_c_probe_3_,18161528,44727504,7302532
08:32:31,237435,batch_c_probe_3_,18161528,44727504,7302532
08:32:32,237435,batch_c_probe_3_,18161528,44727504,7302532
08:32:33,237435,batch_c_probe_3_,18161552,44727504,7302532
08:32:34,237435,batch_c_probe_3_,18161528,44727504,7302532
08:32:35,237435,batch_c_probe_3_,18161552,44727504,7302508
08:32:36,237435,batch_c_probe_3_,18161552,44727504,7302508
08:32:37,237435,batch_c_probe_3_,18161552,44727504,7302508
08:32:38,237435,batch_c_probe_3_,18161552,44727504,7302508
08:32:39,237435,batch_c_probe_3_,18161552,44727504,7302508
08:32:40,237435,batch_c_probe_3_,18161552,44727504,7302508
08:32:41,237435,batch_c_probe_3_,18161552,44727504,7302508
08:32:42,237435,batch_c_probe_3_,18161556,44727504,7302504
08:32:44,237435,batch_c_probe_3_,18161556,44727504,7302504
08:32:45,237435,batch_c_probe_3_,18161556,44727504,7302504
08:32:46,237435,batch_c_probe_3_,18161556,44727504,7302504
08:32:47,237435,batch_c_probe_3_,18161580,44727504,7302504
08:32:48,237435,batch_c_probe_3_,18161556,44727504,7302504
08:32:49,237435,batch_c_probe_3_,18161556,44727504,7302504
08:32:50,237435,batch_c_probe_3_,18161560,44727504,7302500
08:32:51,237435,batch_c_probe_3_,18161560,44727504,7302500
08:32:52,237435,batch_c_probe_3_,18161560,44727504,7302500
08:32:53,237435,batch_c_probe_3_,18161620,44727504,7302440
08:32:54,237435,batch_c_probe_3_,18161620,44727504,7302440
08:32:55,237435,batch_c_probe_3_,18161620,44727504,7302440
08:32:56,237435,batch_c_probe_3_,18161620,44727504,7302440
08:32:57,237435,batch_c_probe_3_,18161620,44727504,7302440
08:32:58,237435,batch_c_probe_3_,18161620,44727504,7302440
08:32:59,237435,batch_c_probe_3_,18161620,44727504,7302440
08:33:00,237435,batch_c_probe_3_,18161620,44727504,7302440
08:33:01,237435,batch_c_probe_3_,18163596,44727504,7300464
08:33:02,237435,batch_c_probe_3_,18163596,44727504,7300464
08:33:03,237435,batch_c_probe_3_,18163596,44727504,7300464
08:33:04,237435,batch_c_probe_3_,18163600,44727504,7300460
08:33:05,237435,batch_c_probe_3_,18163600,44727504,7300460
08:33:06,237435,batch_c_probe_3_,18163600,44727504,7300460
08:33:07,237435,batch_c_probe_3_,18163600,44727504,7300460
08:33:08,237435,batch_c_probe_3_,18164068,44727504,7300456
08:33:09,237435,batch_c_probe_3_,18164068,44727504,7300456
08:33:10,237435,batch_c_probe_3_,18163612,44727504,7300448
08:33:11,237435,batch_c_probe_3_,18163636,44727504,7300448
08:33:12,237435,batch_c_probe_3_,18163612,44727504,7300448
08:33:13,237435,batch_c_probe_3_,18163612,44727504,7300448
08:33:14,237435,batch_c_probe_3_,18163612,44727504,7300448
08:33:15,237435,batch_c_probe_3_,18163612,44727504,7300448
08:33:16,237435,batch_c_probe_3_,18163612,44727504,7300448
08:33:17,237435,batch_c_probe_3_,18163612,44727504,7300448
08:33:18,237435,batch_c_probe_3_,18163612,44727504,7300448
08:33:19,237435,batch_c_probe_3_,18163628,44727504,7300432
08:33:20,237435,batch_c_probe_3_,18163628,44727504,7300432
08:33:21,237435,batch_c_probe_3_,18163628,44727504,7300432
08:33:22,237435,batch_c_probe_3_,18163628,44727504,7300432
08:33:23,237435,batch_c_probe_3_,18163628,44727504,7300432
08:33:24,237435,batch_c_probe_3_,18163628,44727504,7300432
08:33:25,237435,batch_c_probe_3_,18163628,44727504,7300432
08:33:26,237435,batch_c_probe_3_,18163628,44727504,7300432
08:33:27,237435,batch_c_probe_3_,18163628,44727504,7300432
08:33:28,237435,batch_c_probe_3_,18163652,44727504,7300408
08:33:29,237435,batch_c_probe_3_,18163652,44727504,7300408
08:33:30,237435,batch_c_probe_3_,18165640,44727504,7298420
08:33:31,237435,batch_c_probe_3_,18165644,44727504,7298416
08:33:32,237435,batch_c_probe_3_,18167660,44727504,7296400
08:33:33,237435,batch_c_probe_3_,18167660,44727504,7296400
08:33:34,237435,batch_c_probe_3_,18169648,44727504,7294412
08:33:35,237435,batch_c_probe_3_,18169648,44727504,7294412
08:33:36,237435,batch_c_probe_3_,18171636,44727504,7292424
08:33:38,237435,batch_c_probe_3_,18171636,44727504,7292424
08:33:39,237435,batch_c_probe_3_,18173652,44727504,7290408
08:33:40,237435,batch_c_probe_3_,18173656,44727504,7290404
08:33:41,237435,batch_c_probe_3_,18175644,44727504,7288416
08:33:42,237435,batch_c_probe_3_,18177632,44727504,7286428
08:33:43,237435,batch_c_probe_3_,18177632,44727504,7286428
08:33:44,237435,batch_c_probe_3_,18177652,44727504,7286408
08:33:45,237435,batch_c_probe_3_,18177652,44727504,7286408
08:33:46,237435,batch_c_probe_3_,18177652,44727504,7286408
08:33:47,237435,batch_c_probe_3_,18177656,44727504,7286404
08:33:48,237435,batch_c_probe_3_,18177656,44727504,7286404
08:33:49,237435,batch_c_probe_3_,18177656,44727504,7286404
08:33:50,237435,batch_c_probe_3_,18177656,44727504,7286404
08:33:51,237435,batch_c_probe_3_,18177656,44727504,7286404
08:33:52,237435,batch_c_probe_3_,18180716,44727504,7283344
08:33:53,237435,batch_c_probe_3_,18180716,44727504,7283344
08:33:54,237435,batch_c_probe_3_,18180720,44727504,7283340
08:33:55,237435,batch_c_probe_3_,18180720,44727504,7283340
08:33:56,237435,batch_c_probe_3_,18180720,44727504,7283340
08:33:57,237435,batch_c_probe_3_,18180724,44727504,7283336
08:33:58,237435,batch_c_probe_3_,18180724,44727504,7283336
08:33:59,237435,batch_c_probe_3_,18180944,44727504,7283116
08:34:00,237435,batch_c_probe_3_,18180948,44727504,7283112
08:34:01,237435,batch_c_probe_3_,18180948,44727504,7283112
08:34:02,237435,batch_c_probe_3_,18180948,44727504,7283112
08:34:03,237435,batch_c_probe_3_,18180948,44727504,7283112
08:34:04,237435,batch_c_probe_3_,18180948,44727504,7283112
08:34:05,237435,batch_c_probe_3_,18180960,44727504,7283100
08:34:06,237435,batch_c_probe_3_,18180960,44727504,7283100
08:34:07,237435,batch_c_probe_3_,18180964,44727504,7283096
08:34:08,237435,batch_c_probe_3_,18180964,44727504,7283096
08:34:09,237435,batch_c_probe_3_,18180964,44727504,7283096
08:34:10,237435,batch_c_probe_3_,18180964,44727504,7283096
08:34:11,237435,batch_c_probe_3_,18180964,44727504,7283096
08:34:12,237435,batch_c_probe_3_,18181032,44727504,7283028
08:34:13,237435,batch_c_probe_3_,18181032,44727504,7283028
08:34:14,237435,batch_c_probe_3_,18181040,44727504,7283020
08:34:15,237435,batch_c_probe_3_,18181044,44727504,7283016
08:34:16,237435,batch_c_probe_3_,18181044,44727504,7283016
08:34:17,237435,batch_c_probe_3_,18181044,44727504,7283016
08:34:18,237435,batch_c_probe_3_,18181044,44727504,7283016
08:34:19,237435,batch_c_probe_3_,18181052,44727504,7283008
08:34:20,237435,batch_c_probe_3_,18181052,44727504,7283008
08:34:21,237435,batch_c_probe_3_,18181060,44727504,7283000
08:34:22,237435,batch_c_probe_3_,18181060,44727504,7283000
08:34:23,237435,batch_c_probe_3_,18181060,44727504,7283000
08:34:24,237435,batch_c_probe_3_,18181060,44727504,7283000
08:34:25,237435,batch_c_probe_3_,18182020,44727504,7282040
08:34:26,237435,batch_c_probe_3_,18182020,44727504,7282040
08:34:27,237435,batch_c_probe_3_,18182020,44727504,7282040
08:34:28,237435,batch_c_probe_3_,18182020,44727504,7282040
08:34:29,237435,batch_c_probe_3_,18182020,44727504,7282040
08:34:31,237435,batch_c_probe_3_,18182044,44727504,7282040
08:34:32,237435,batch_c_probe_3_,18182020,44727504,7282040
08:34:33,237435,batch_c_probe_3_,18182020,44727504,7282040
08:34:34,237435,batch_c_probe_3_,18182020,44727504,7282040
08:34:35,237435,batch_c_probe_3_,18182020,44727504,7282040
08:34:36,237435,batch_c_probe_3_,18182020,44727504,7282040
08:34:37,237435,batch_c_probe_3_,18182020,44727504,7282040
08:34:38,237435,batch_c_probe_3_,18182020,44727504,7282040
08:34:39,237435,batch_c_probe_3_,18182020,44727504,7282040
08:34:40,237435,batch_c_probe_3_,18182020,44727504,7282040
08:34:41,237435,batch_c_probe_3_,18182024,44727504,7282036
08:34:42,237435,batch_c_probe_3_,18182024,44727504,7282036
08:34:43,237435,batch_c_probe_3_,18182024,44727504,7282036
08:34:44,237435,batch_c_probe_3_,18182048,44727504,7282036
08:34:45,237435,batch_c_probe_3_,18183312,44727504,7280748
08:34:46,237435,batch_c_probe_3_,18183316,44727504,7280744
08:34:47,237435,batch_c_probe_3_,18183316,44727504,7280744
08:34:48,237435,batch_c_probe_3_,18183316,44727504,7280744
08:34:49,237435,batch_c_probe_3_,18183316,44727504,7280744
08:34:50,237435,batch_c_probe_3_,18183348,44727504,7280712
08:34:51,237435,batch_c_probe_3_,18183348,44727504,7280712
08:34:52,237435,batch_c_probe_3_,18183352,44727504,7280708
08:34:53,237435,batch_c_probe_3_,18183352,44727504,7280708
08:34:54,237435,batch_c_probe_3_,18183352,44727504,7280708
08:34:55,237435,batch_c_probe_3_,18183352,44727504,7280708
08:34:56,237435,batch_c_probe_3_,18186432,44727504,7277628
08:34:57,237435,batch_c_probe_3_,18186436,44727504,7277624
08:34:58,237435,batch_c_probe_3_,18186436,44727504,7277624
08:34:59,237435,batch_c_probe_3_,18186436,44727504,7277624
08:35:00,237435,batch_c_probe_3_,18186436,44727504,7277624
08:35:01,237435,batch_c_probe_3_,18186436,44727504,7277624
08:35:02,237435,batch_c_probe_3_,18186436,44727504,7277624
08:35:03,237435,batch_c_probe_3_,18186436,44727504,7277624
08:35:04,237435,batch_c_probe_3_,18186440,44727504,7277620
08:35:05,237435,batch_c_probe_3_,18186440,44727504,7277620
08:35:06,237435,batch_c_probe_3_,18186440,44727504,7277620
08:35:07,237435,batch_c_probe_3_,18186440,44727504,7277620
08:35:08,237435,batch_c_probe_3_,18186440,44727504,7277620
08:35:09,237435,batch_c_probe_3_,18186440,44727504,7277620
08:35:10,237435,batch_c_probe_3_,18186440,44727504,7277620
08:35:11,237435,batch_c_probe_3_,18186440,44727504,7277620
08:35:12,237435,batch_c_probe_3_,18186468,44727504,7277616
08:35:13,237435,batch_c_probe_3_,18186444,44727504,7277616
08:35:14,237435,batch_c_probe_3_,18186444,44727504,7277616
08:35:15,237435,batch_c_probe_3_,18186444,44727504,7277616
08:35:16,237435,batch_c_probe_3_,18186444,44727504,7277616
08:35:17,237435,batch_c_probe_3_,18186448,44727504,7277612
08:35:18,237435,batch_c_probe_3_,18186448,44727504,7277612
08:35:19,237435,batch_c_probe_3_,18186448,44727504,7277612
08:35:20,237435,batch_c_probe_3_,18186448,44727504,7277612
08:35:21,237435,batch_c_probe_3_,18186448,44727504,7277612
08:35:22,237435,batch_c_probe_3_,18186448,44727504,7277612
08:35:23,237435,batch_c_probe_3_,18186448,44727504,7277612
08:35:25,237435,batch_c_probe_3_,18186448,44727504,7277612
08:35:26,237435,batch_c_probe_3_,18186476,44727504,7277608
08:35:27,237435,batch_c_probe_3_,18186480,44727504,7277580
08:35:28,237435,batch_c_probe_3_,18186480,44727504,7277580
08:35:29,237435,batch_c_probe_3_,18186480,44727504,7277580
08:35:30,237435,batch_c_probe_3_,18186484,44727504,7277576
08:35:31,237435,batch_c_probe_3_,18186484,44727504,7277576
08:35:32,237435,batch_c_probe_3_,18186484,44727504,7277576
08:35:33,237435,batch_c_probe_3_,18186488,44727504,7277572
08:35:34,237435,batch_c_probe_3_,18186488,44727504,7277572
08:35:35,237435,batch_c_probe_3_,18186488,44727504,7277572
08:35:36,237435,batch_c_probe_3_,18186492,44727504,7277568
08:35:37,237435,batch_c_probe_3_,18186492,44727504,7277568
08:35:38,237435,batch_c_probe_3_,18186492,44727504,7277568
08:35:39,237435,batch_c_probe_3_,18038848,44727504,7425212
08:35:40,237435,batch_c_probe_3_,17587888,44727504,7876172
08:35:41,237435,batch_c_probe_3_,17280144,44727504,8183916
08:35:42,237435,batch_c_probe_3_,17028332,44727504,8435728
08:35:43,237435,batch_c_probe_3_,16675488,44727504,8788572
08:35:44,237435,batch_c_probe_3_,16678596,44727504,8785464
08:35:45,237435,batch_c_probe_3_,16678596,44727504,8785464
08:35:46,237435,batch_c_probe_3_,16678608,44727504,8785452
08:35:47,237435,batch_c_probe_3_,16678636,44727504,8785448
08:35:48,237435,batch_c_probe_3_,16678616,44727504,8785444
08:35:49,237435,batch_c_probe_3_,16678860,44727504,8785200
08:35:50,237435,batch_c_probe_3_,16678860,44727504,8785200
08:35:51,237435,batch_c_probe_3_,16678860,44727504,8785200
08:35:52,237435,batch_c_probe_3_,16678860,44727504,8785200
08:35:53,237435,batch_c_probe_3_,16687276,44727504,8776784
08:35:54,237435,batch_c_probe_3_,16687276,44727504,8776784
08:35:55,237435,batch_c_probe_3_,16687280,44727504,8776780
08:35:56,237435,batch_c_probe_3_,16687284,44727504,8776776
08:35:57,237435,batch_c_probe_3_,16687288,44727504,8776772
08:35:58,237435,batch_c_probe_3_,16687288,44727504,8776772
08:35:59,237435,batch_c_probe_3_,16687288,44727504,8776772
08:36:00,237435,batch_c_probe_3_,16687288,44727504,8776772
08:36:01,237435,batch_c_probe_3_,16690260,44727504,8773800
08:36:02,237435,batch_c_probe_3_,16690268,44727504,8773792
08:36:03,237435,batch_c_probe_3_,16690272,44727504,8773788
08:36:04,237435,batch_c_probe_3_,16690280,44727504,8773780
08:36:05,237435,batch_c_probe_3_,16690280,44727504,8773780
08:36:06,237435,batch_c_probe_3_,16690284,44727504,8773776
08:36:07,237435,batch_c_probe_3_,16690284,44727504,8773776
08:36:08,237435,batch_c_probe_3_,16690284,44727504,8773776
08:36:09,237435,batch_c_probe_3_,16690284,44727504,8773776
08:36:10,237435,batch_c_probe_3_,16690292,44727504,8773768
08:36:11,237435,batch_c_probe_3_,16690296,44727504,8773764
08:36:12,237435,batch_c_probe_3_,16690296,44727504,8773764
08:36:13,237435,batch_c_probe_3_,16690296,44727504,8773764
08:36:14,237435,batch_c_probe_3_,16690324,44727504,8773736
08:36:15,237435,batch_c_probe_3_,16690328,44727504,8773732
08:36:16,237435,batch_c_probe_3_,16690332,44727504,8773728
08:36:18,237435,batch_c_probe_3_,16690332,44727504,8773728
08:36:19,237435,batch_c_probe_3_,16690340,44727504,8773720
08:36:20,237435,batch_c_probe_3_,16690348,44727504,8773712
08:36:21,237435,batch_c_probe_3_,16690348,44727504,8773712
08:36:22,237435,batch_c_probe_3_,16690348,44727504,8773712
08:36:23,237435,batch_c_probe_3_,16690352,44727504,8773708
08:36:24,237435,batch_c_probe_3_,16690368,44727504,8773692
08:36:25,237435,batch_c_probe_3_,16690372,44727504,8773688
08:36:26,237435,batch_c_probe_3_,16690372,44727504,8773688
08:36:27,237435,batch_c_probe_3_,16690372,44727504,8773688
08:36:28,237435,batch_c_probe_3_,16690372,44727504,8773688
08:36:29,237435,batch_c_probe_3_,16690372,44727504,8773688
08:36:30,237435,batch_c_probe_3_,16690384,44727504,8773676
08:36:31,237435,batch_c_probe_3_,16690388,44727504,8773672
08:36:32,237435,batch_c_probe_3_,16690392,44727504,8773668
08:36:33,237435,batch_c_probe_3_,16690400,44727504,8773660
08:36:34,237435,batch_c_probe_3_,16690400,44727504,8773660
08:36:35,237435,batch_c_probe_3_,16691144,44727504,8772916
08:36:36,237435,batch_c_probe_3_,16691144,44727504,8772916
08:36:37,237435,batch_c_probe_3_,16691144,44727504,8772916
08:36:38,237435,batch_c_probe_3_,16691148,44727504,8772912
08:36:39,237435,batch_c_probe_3_,16691148,44727504,8772912
08:36:40,237435,batch_c_probe_3_,16691152,44727504,8772908
08:36:41,237435,batch_c_probe_3_,16693168,44727504,8770892
08:36:42,237435,batch_c_probe_3_,16693168,44727504,8770892
08:36:43,237435,batch_c_probe_3_,16693624,44727504,8770436
08:36:44,237435,batch_c_probe_3_,16693628,44727504,8770432
08:36:45,237435,batch_c_probe_3_,16693632,44727504,8770428
08:36:46,237435,batch_c_probe_3_,16693632,44727504,8770428
08:36:47,237435,batch_c_probe_3_,16693648,44727504,8770412
08:36:48,237435,batch_c_probe_3_,16693648,44727504,8770412
08:36:49,237435,batch_c_probe_3_,16693648,44727504,8770412
08:36:50,237435,batch_c_probe_3_,16693664,44727504,8770396
08:36:51,237435,batch_c_probe_3_,16693668,44727504,8770392
08:36:52,237435,batch_c_probe_3_,16693676,44727504,8770384
08:36:53,237435,batch_c_probe_3_,16693680,44727504,8770380
08:36:54,237435,batch_c_probe_3_,16693680,44727504,8770380
08:36:55,237435,batch_c_probe_3_,16693680,44727504,8770380
08:36:56,237435,batch_c_probe_3_,16693680,44727504,8770380
08:36:57,237435,batch_c_probe_3_,16693680,44727504,8770380
08:36:58,237435,batch_c_probe_3_,16696200,44727504,8767860
08:36:59,237435,batch_c_probe_3_,16696204,44727504,8767856
08:37:00,237435,batch_c_probe_3_,16696208,44727504,8767852
08:37:01,237435,batch_c_probe_3_,16696208,44727504,8767852
08:37:02,237435,batch_c_probe_3_,16696208,44727504,8767852
08:37:03,237435,batch_c_probe_3_,16696216,44727504,8767844
08:37:04,237435,batch_c_probe_3_,16696216,44727504,8767844
08:37:05,237435,batch_c_probe_3_,16696216,44727504,8767844
08:37:06,237435,batch_c_probe_3_,16698232,44727504,8765828
08:37:07,237435,batch_c_probe_3_,16698232,44727504,8765828
08:37:08,237435,batch_c_probe_3_,16698236,44727504,8765824
08:37:09,237435,batch_c_probe_3_,16698268,44727504,8765792
08:37:10,237435,batch_c_probe_3_,16698268,44727504,8765792
08:37:11,237435,batch_c_probe_3_,16698268,44727504,8765792
08:37:13,237435,batch_c_probe_3_,16698268,44727504,8765792
08:37:14,237435,batch_c_probe_3_,16698280,44727504,8765780
08:37:15,237435,batch_c_probe_3_,16698280,44727504,8765780
08:37:16,237435,batch_c_probe_3_,16698280,44727504,8765780
08:37:17,237435,batch_c_probe_3_,16698280,44727504,8765780
08:37:18,237435,batch_c_probe_3_,16698284,44727504,8765776
08:37:19,237435,batch_c_probe_3_,16698284,44727504,8765776
08:37:20,237435,batch_c_probe_3_,16698284,44727504,8765776
08:37:21,237435,batch_c_probe_3_,16698284,44727504,8765776
08:37:22,237435,batch_c_probe_3_,16698288,44727504,8765772
08:37:23,237435,batch_c_probe_3_,16698288,44727504,8765772
08:37:24,237435,batch_c_probe_3_,16698288,44727504,8765772
08:37:25,237435,batch_c_probe_3_,16701400,44727504,8762660
08:37:26,237435,batch_c_probe_3_,16701400,44727504,8762660
08:37:27,237435,batch_c_probe_3_,16701408,44727504,8762652
08:37:28,237435,batch_c_probe_3_,16701408,44727504,8762652
08:37:29,237435,batch_c_probe_3_,16701416,44727504,8762644
08:37:30,237435,batch_c_probe_3_,16701416,44727504,8762644
08:37:31,237435,batch_c_probe_3_,16701428,44727504,8762632
08:37:32,237435,batch_c_probe_3_,16701428,44727504,8762632
08:37:33,237435,batch_c_probe_3_,16701432,44727504,8762628
08:37:34,237435,batch_c_probe_3_,16701432,44727504,8762628
08:37:35,237435,batch_c_probe_3_,16701432,44727504,8762628
08:37:36,237435,batch_c_probe_3_,16701436,44727504,8762624
08:37:37,237435,batch_c_probe_3_,16701444,44727504,8762616
08:37:38,237435,batch_c_probe_3_,16701460,44727504,8762600
08:37:39,237435,batch_c_probe_3_,16701460,44727504,8762600
08:37:40,237435,batch_c_probe_3_,16701460,44727504,8762600
08:37:41,237435,batch_c_probe_3_,16701464,44727504,8762596
08:37:42,237435,batch_c_probe_3_,16701472,44727504,8762588
08:37:43,237435,batch_c_probe_3_,16701476,44727504,8762584
08:37:44,237435,batch_c_probe_3_,16701488,44727504,8762572
08:37:45,237435,batch_c_probe_3_,16701488,44727504,8762572
08:37:46,237435,batch_c_probe_3_,16701488,44727504,8762572
08:37:47,237435,batch_c_probe_3_,16701488,44727504,8762572
08:37:48,237435,batch_c_probe_3_,16701496,44727504,8762564
08:37:49,237435,batch_c_probe_3_,16701500,44727504,8762560
08:37:50,237435,batch_c_probe_3_,16701512,44727504,8762548
08:37:51,237435,batch_c_probe_3_,16701516,44727504,8762544
08:37:52,237435,batch_c_probe_3_,16701520,44727504,8762540
08:37:53,237435,batch_c_probe_3_,16701520,44727504,8762540
08:37:54,237435,batch_c_probe_3_,16701520,44727504,8762540
08:37:55,237435,batch_c_probe_3_,16701520,44727504,8762540
08:37:56,237435,batch_c_probe_3_,16701524,44727504,8762536
08:37:57,237435,batch_c_probe_3_,16701528,44727504,8762532
08:37:58,237435,batch_c_probe_3_,16701532,44727504,8762528
08:37:59,237435,batch_c_probe_3_,16701788,44727504,8762272
08:38:00,237435,batch_c_probe_3_,16701788,44727504,8762272
08:38:01,237435,batch_c_probe_3_,16701800,44727504,8762260
08:38:02,237435,batch_c_probe_3_,16701804,44727504,8762256
08:38:03,237435,batch_c_probe_3_,16701808,44727504,8762252
08:38:04,237435,batch_c_probe_3_,16701808,44727504,8762252
08:38:05,237435,batch_c_probe_3_,16701812,44727504,8762248
08:38:07,237435,batch_c_probe_3_,16701836,44727504,8762248
08:38:08,237435,batch_c_probe_3_,16701812,44727504,8762248
08:38:09,237435,batch_c_probe_3_,16701812,44727504,8762248
08:38:10,237435,batch_c_probe_3_,16701812,44727504,8762248
08:38:11,237435,batch_c_probe_3_,16701816,44727504,8762244
08:38:12,237435,batch_c_probe_3_,16701820,44727504,8762240
08:38:13,237435,batch_c_probe_3_,16701820,44727504,8762240
08:38:14,237435,batch_c_probe_3_,16701820,44727504,8762240
08:38:15,237435,batch_c_probe_3_,16701832,44727504,8762228
08:38:16,237435,batch_c_probe_3_,16701832,44727504,8762228
08:38:17,237435,batch_c_probe_3_,16701832,44727504,8762228
08:38:18,237435,batch_c_probe_3_,16701836,44727504,8762224
08:38:19,237435,batch_c_probe_3_,16701840,44727504,8762220
08:38:20,237435,batch_c_probe_3_,16701840,44727504,8762220
08:38:21,237435,batch_c_probe_3_,16701844,44727504,8762216
08:38:22,237435,batch_c_probe_3_,16701844,44727504,8762216
08:38:23,237435,batch_c_probe_3_,16701848,44727504,8762212
08:38:24,237435,batch_c_probe_3_,16701848,44727504,8762212
08:38:25,237435,batch_c_probe_3_,16701848,44727504,8762212
08:38:26,237435,batch_c_probe_3_,16701852,44727504,8762208
08:38:27,237435,batch_c_probe_3_,16701856,44727504,8762204
08:38:28,237435,batch_c_probe_3_,16701856,44727504,8762204
08:38:29,237435,batch_c_probe_3_,16701856,44727504,8762204
08:38:30,237435,batch_c_probe_3_,16701856,44727504,8762204
08:38:31,237435,batch_c_probe_3_,16701856,44727504,8762204
08:38:32,237435,batch_c_probe_3_,16701856,44727504,8762204
08:38:33,237435,batch_c_probe_3_,16701860,44727504,8762200
08:38:34,237435,batch_c_probe_3_,16701872,44727504,8762188
08:38:35,237435,batch_c_probe_3_,16701872,44727504,8762188
08:38:36,237435,batch_c_probe_3_,16701936,44727504,8762124
08:38:37,237435,batch_c_probe_3_,16701936,44727504,8762124
08:38:38,237435,batch_c_probe_3_,16701940,44727504,8762120
08:38:39,237435,batch_c_probe_3_,16701940,44727504,8762120
08:38:40,237435,batch_c_probe_3_,16701948,44727504,8762112
08:38:41,237435,batch_c_probe_3_,16701948,44727504,8762112
08:38:42,237435,batch_c_probe_3_,16701948,44727504,8762112
08:38:43,237435,batch_c_probe_3_,16701948,44727504,8762112
08:38:44,237435,batch_c_probe_3_,16701948,44727504,8762112
08:38:45,237435,batch_c_probe_3_,16701948,44727504,8762112
08:38:46,237435,batch_c_probe_3_,16701948,44727504,8762112
08:38:47,237435,batch_c_probe_3_,16701948,44727504,8762112
08:38:48,237435,batch_c_probe_3_,16701952,44727504,8762108
08:38:49,237435,batch_c_probe_3_,16701952,44727504,8762108
08:38:50,237435,batch_c_probe_3_,16701952,44727504,8762108
08:38:51,237435,batch_c_probe_3_,16701952,44727504,8762108
08:38:52,237435,batch_c_probe_3_,16701952,44727504,8762108
08:38:53,237435,batch_c_probe_3_,16701952,44727504,8762108
08:38:54,237435,batch_c_probe_3_,16701952,44727504,8762108
08:38:55,237435,batch_c_probe_3_,16701976,44727504,8762084
08:38:56,237435,batch_c_probe_3_,16701976,44727504,8762084
08:38:57,237435,batch_c_probe_3_,16701976,44727504,8762084
08:38:58,237435,batch_c_probe_3_,16701976,44727504,8762084
08:38:59,237435,batch_c_probe_3_,16701976,44727504,8762084
08:39:01,237435,batch_c_probe_3_,16701976,44727504,8762084
08:39:02,237435,batch_c_probe_3_,16701980,44727504,8762080
08:39:03,237435,batch_c_probe_3_,16701980,44727504,8762080
08:39:04,237435,batch_c_probe_3_,16701980,44727504,8762080
08:39:05,237435,batch_c_probe_3_,16701980,44727504,8762080
08:39:06,237435,batch_c_probe_3_,16701980,44727504,8762080
08:39:07,237435,batch_c_probe_3_,16701980,44727504,8762080
08:39:08,237435,batch_c_probe_3_,16701984,44727504,8762076
08:39:09,237435,batch_c_probe_3_,16702012,44727504,8762048
08:39:10,237435,batch_c_probe_3_,16702016,44727504,8762044
08:39:11,237435,batch_c_probe_3_,16702884,44727504,8761176
08:39:12,237435,batch_c_probe_3_,16703868,44727504,8760192
08:39:13,237435,batch_c_probe_3_,16703868,44727504,8760192
08:39:14,237435,batch_c_probe_3_,16703868,44727504,8760192
08:39:15,237435,batch_c_probe_3_,16703868,44727504,8760192
08:39:16,237435,batch_c_probe_3_,16703896,44727504,8760188
08:39:17,237435,batch_c_probe_3_,16703876,44727504,8760184
08:39:18,237435,batch_c_probe_3_,16703916,44727504,8760144
08:39:19,237435,batch_c_probe_3_,16703916,44727504,8760144
08:39:20,237435,batch_c_probe_3_,16703916,44727504,8760144
08:39:21,237435,batch_c_probe_3_,16703920,44727504,8760140
08:39:22,237435,batch_c_probe_3_,16703920,44727504,8760140
08:39:23,237435,batch_c_probe_3_,16703920,44727504,8760140
08:39:24,237435,batch_c_probe_3_,16703928,44727504,8760132
08:39:25,237435,batch_c_probe_3_,16703932,44727504,8760128
08:39:26,237435,batch_c_probe_3_,16704260,44727504,8759848
08:39:27,237435,batch_c_probe_3_,16704260,44727504,8759848
08:39:28,237435,batch_c_probe_3_,16704260,44727504,8759848
08:39:29,237435,batch_c_probe_3_,16704264,44727504,8759844
08:39:30,237435,batch_c_probe_3_,16704740,44727504,8759368
08:39:31,237435,batch_c_probe_3_,16704740,44727504,8759368
08:39:32,237435,batch_c_probe_3_,16705628,44727504,8758480
08:39:33,237435,batch_c_probe_3_,16705628,44727504,8758480
08:39:34,237435,batch_c_probe_3_,16706508,44727504,8757600
08:39:35,237435,batch_c_probe_3_,16706508,44727504,8757600
08:39:36,237435,batch_c_probe_3_,16706508,44727504,8757600
08:39:37,237435,batch_c_probe_3_,16706512,44727504,8757596
08:39:38,237435,batch_c_probe_3_,16706524,44727504,8757584
08:39:39,237435,batch_c_probe_3_,16706524,44727504,8757584
08:39:40,237435,batch_c_probe_3_,16706524,44727504,8757584
08:39:41,237435,batch_c_probe_3_,16706548,44727504,8757584
08:39:42,237435,batch_c_probe_3_,16706524,44727504,8757584
08:39:43,237435,batch_c_probe_3_,16706524,44727504,8757584
08:39:44,237435,batch_c_probe_3_,16706524,44727504,8757584
08:39:45,237435,batch_c_probe_3_,16706528,44727504,8757580
08:39:46,237435,batch_c_probe_3_,16707392,44727504,8756716
08:39:47,237435,batch_c_probe_3_,16707392,44727504,8756716
08:39:48,237435,batch_c_probe_3_,16707392,44727504,8756716
08:39:49,237435,batch_c_probe_3_,16707392,44727504,8756716
08:39:50,237435,batch_c_probe_3_,16707396,44727504,8756712
08:39:51,237435,batch_c_probe_3_,16707396,44727504,8756712
08:39:52,237435,batch_c_probe_3_,16707396,44727504,8756712
08:39:53,237435,batch_c_probe_3_,16707428,44727504,8756680
08:39:55,237435,batch_c_probe_3_,16707428,44727504,8756680
08:39:56,237435,batch_c_probe_3_,16710304,44727504,8753804
08:39:57,237435,batch_c_probe_3_,16710304,44727504,8753804
08:39:58,237435,batch_c_probe_3_,16710304,44727504,8753804
08:39:59,237435,batch_c_probe_3_,16710304,44727504,8753804
08:40:00,237435,batch_c_probe_3_,16710308,44727504,8753800
08:40:01,237435,batch_c_probe_3_,16710332,44727504,8753800
08:40:02,237435,batch_c_probe_3_,16710308,44727504,8753800
08:40:03,237435,batch_c_probe_3_,16710308,44727504,8753800
08:40:04,237435,batch_c_probe_3_,16710308,44727504,8753800
08:40:05,237435,batch_c_probe_3_,16711128,44727504,8752980
08:40:06,237435,batch_c_probe_3_,16711128,44727504,8752980
08:40:07,237435,batch_c_probe_3_,16711128,44727504,8752980
08:40:08,237435,batch_c_probe_3_,16711132,44727504,8752976
08:40:09,237435,batch_c_probe_3_,16711132,44727504,8752976
08:40:10,237435,batch_c_probe_3_,16711132,44727504,8752976
08:40:11,237435,batch_c_probe_3_,16711168,44727504,8752940
08:40:12,237435,batch_c_probe_3_,16711168,44727504,8752940
08:40:13,237435,batch_c_probe_3_,16711168,44727504,8752940
08:40:14,237435,batch_c_probe_3_,16711168,44727504,8752940
08:40:15,237435,batch_c_probe_3_,16711176,44727504,8752932
08:40:16,237435,batch_c_probe_3_,16711176,44727504,8752932
08:40:17,237435,batch_c_probe_3_,16711680,44727504,8752428
08:40:18,237435,batch_c_probe_3_,16711680,44727504,8752428
08:40:19,237435,batch_c_probe_3_,16711680,44727504,8752428
08:40:20,237435,batch_c_probe_3_,16711684,44727504,8752424
08:40:21,237435,batch_c_probe_3_,16711688,44727504,8752420
08:40:22,237435,batch_c_probe_3_,16711688,44727504,8752420
08:40:23,237435,batch_c_probe_3_,16711688,44727504,8752420
08:40:24,237435,batch_c_probe_3_,16711688,44727504,8752420
08:40:25,237435,batch_c_probe_3_,16711688,44727504,8752420
08:40:26,237435,batch_c_probe_3_,16712208,44727504,8751900
08:40:27,237435,batch_c_probe_3_,16712208,44727504,8751900
08:40:28,237435,batch_c_probe_3_,16712208,44727504,8751900
08:40:29,237435,batch_c_probe_3_,16712212,44727504,8751896
08:40:30,237435,batch_c_probe_3_,16713128,44727504,8750980
08:40:31,237435,batch_c_probe_3_,16713128,44727504,8750980
08:40:32,237435,batch_c_probe_3_,16716388,44727504,8747720
08:40:33,237435,batch_c_probe_3_,16716388,44727504,8747720
08:40:34,237435,batch_c_probe_3_,16716388,44727504,8747720
08:40:35,237435,batch_c_probe_3_,16717032,44727504,8747076
08:40:36,237435,batch_c_probe_3_,16717048,44727504,8747060
08:40:37,237435,batch_c_probe_3_,16717688,44727504,8746420
08:40:38,237435,batch_c_probe_3_,16717688,44727504,8746420
08:40:39,237435,batch_c_probe_3_,16717712,44727504,8746420
08:40:40,237435,batch_c_probe_3_,16717688,44727504,8746420
08:40:41,237435,batch_c_probe_3_,16717696,44727504,8746412
08:40:42,237435,batch_c_probe_3_,16717696,44727504,8746412
08:40:43,237435,batch_c_probe_3_,16717700,44727504,8746408
08:40:44,237435,batch_c_probe_3_,16717704,44727504,8746404
08:40:45,237435,batch_c_probe_3_,16717704,44727504,8746404
08:40:46,237435,batch_c_probe_3_,16717704,44727504,8746404
08:40:47,237435,batch_c_probe_3_,16717720,44727504,8746388
08:40:49,237435,batch_c_probe_3_,16717724,44727504,8746384
08:40:50,237435,batch_c_probe_3_,16717724,44727504,8746384
08:40:51,237435,batch_c_probe_3_,16717728,44727504,8746380
08:40:52,237435,batch_c_probe_3_,16717728,44727504,8746380
08:40:53,237435,batch_c_probe_3_,16717728,44727504,8746380
08:40:54,237435,batch_c_probe_3_,16717728,44727504,8746380
08:40:55,237435,batch_c_probe_3_,16717728,44727504,8746380
08:40:56,237435,batch_c_probe_3_,16718564,44727504,8745544
08:40:57,237435,batch_c_probe_3_,16718568,44727504,8745540
08:40:58,237435,batch_c_probe_3_,16718572,44727504,8745536
08:40:59,237435,batch_c_probe_3_,16718596,44727504,8745536
08:41:00,237435,batch_c_probe_3_,16718572,44727504,8745536
08:41:01,237435,batch_c_probe_3_,16718572,44727504,8745536
08:41:02,237435,batch_c_probe_3_,16718572,44727504,8745536
08:41:03,237435,batch_c_probe_3_,16718572,44727504,8745536
08:41:04,237435,batch_c_probe_3_,16718576,44727504,8745532
08:41:05,237435,batch_c_probe_3_,16721848,44727504,8742260
08:41:06,237435,batch_c_probe_3_,16721852,44727504,8742256
08:41:07,237435,batch_c_probe_3_,16721852,44727504,8742256
08:41:08,237435,batch_c_probe_3_,16721852,44727504,8742256
08:41:09,237435,batch_c_probe_3_,16721852,44727504,8742256
08:41:10,237435,batch_c_probe_3_,16721852,44727504,8742256
08:41:11,237435,batch_c_probe_3_,16725124,44727504,8738984
08:41:12,237435,batch_c_probe_3_,16725128,44727504,8738980
08:41:13,237435,batch_c_probe_3_,16725132,44727504,8738976
08:41:14,237435,batch_c_probe_3_,16725132,44727504,8738976
08:41:15,237435,batch_c_probe_3_,16725132,44727504,8738976
08:41:16,237435,batch_c_probe_3_,16725132,44727504,8738976
08:41:17,237435,batch_c_probe_3_,16725164,44727504,8738944
08:41:18,237435,batch_c_probe_3_,16725168,44727504,8738940
08:41:19,237435,batch_c_probe_3_,16725168,44727504,8738940
08:41:20,237435,batch_c_probe_3_,16725192,44727504,8738940
08:41:21,237435,batch_c_probe_3_,16725168,44727504,8738940
08:41:22,237435,batch_c_probe_3_,16725168,44727504,8738940
08:41:23,237435,batch_c_probe_3_,16725168,44727504,8738940
08:41:24,237435,batch_c_probe_3_,16725168,44727504,8738940
08:41:25,237435,batch_c_probe_3_,16725168,44727504,8738940
08:41:26,237435,batch_c_probe_3_,16725196,44727504,8738912
08:41:27,237435,batch_c_probe_3_,16725196,44727504,8738912
08:41:28,237435,batch_c_probe_3_,16725196,44727504,8738912
08:41:29,237435,batch_c_probe_3_,16725196,44727504,8738912
08:41:30,237435,batch_c_probe_3_,16727820,44727504,8736288
08:41:31,237435,batch_c_probe_3_,16727820,44727504,8736288
08:41:32,237435,batch_c_probe_3_,16727820,44727504,8736288
08:41:33,237435,batch_c_probe_3_,16727820,44727504,8736288
08:41:34,237435,batch_c_probe_3_,16727820,44727504,8736288
08:41:35,237435,batch_c_probe_3_,16727820,44727504,8736288
08:41:36,237435,batch_c_probe_3_,16727824,44727504,8736284
08:41:37,237435,batch_c_probe_3_,16727824,44727504,8736284
08:41:38,237435,batch_c_probe_3_,16727824,44727504,8736284
08:41:39,237435,batch_c_probe_3_,16727824,44727504,8736284
08:41:40,237435,batch_c_probe_3_,16727824,44727504,8736284
08:41:41,237435,batch_c_probe_3_,16727848,44727504,8736284
08:41:43,237435,batch_c_probe_3_,16727828,44727504,8736280
08:41:44,237435,batch_c_probe_3_,16727828,44727504,8736280
08:41:45,237435,batch_c_probe_3_,16727828,44727504,8736280
08:41:46,237435,batch_c_probe_3_,16727852,44727504,8736256
08:41:47,237435,batch_c_probe_3_,16727852,44727504,8736256
08:41:48,237435,batch_c_probe_3_,16727852,44727504,8736256
08:41:49,237435,batch_c_probe_3_,16727852,44727504,8736256
08:41:50,237435,batch_c_probe_3_,16727856,44727504,8736252
08:41:51,237435,batch_c_probe_3_,16727856,44727504,8736252
08:41:52,237435,batch_c_probe_3_,16727864,44727504,8736244
08:41:53,237435,batch_c_probe_3_,16727864,44727504,8736244
08:41:54,237435,batch_c_probe_3_,16727864,44727504,8736244
08:41:55,237435,batch_c_probe_3_,16727864,44727504,8736244
08:41:56,237435,batch_c_probe_3_,16727864,44727504,8736244
08:41:57,237435,batch_c_probe_3_,16727864,44727504,8736244
08:41:58,237435,batch_c_probe_3_,16727868,44727504,8736240
08:41:59,237435,batch_c_probe_3_,16727868,44727504,8736240
08:42:00,237435,batch_c_probe_3_,16727868,44727504,8736240
08:42:01,237435,batch_c_probe_3_,16727868,44727504,8736240
08:42:02,237435,batch_c_probe_3_,16727936,44727504,8736172
08:42:03,237435,batch_c_probe_3_,16727940,44727504,8736168
08:42:04,237435,batch_c_probe_3_,16727952,44727504,8736156
08:42:05,237435,batch_c_probe_3_,16727976,44727504,8736156
08:42:06,237435,batch_c_probe_3_,16727964,44727504,8736144
08:42:07,237435,batch_c_probe_3_,16728044,44727504,8736064
08:42:08,237435,batch_c_probe_3_,16728116,44727504,8735992
08:42:09,237435,batch_c_probe_3_,16728128,44727504,8735980
08:42:10,237435,batch_c_probe_3_,16728128,44727504,8735980
08:42:11,237435,batch_c_probe_3_,16728132,44727504,8735976
08:42:12,237435,batch_c_probe_3_,16728136,44727504,8735972
08:42:13,237435,batch_c_probe_3_,16728184,44727504,8735924
08:42:14,237435,batch_c_probe_3_,16728184,44727504,8735924
08:42:15,237435,batch_c_probe_3_,16728184,44727504,8735924
08:42:16,237435,batch_c_probe_3_,16728184,44727504,8735924
08:42:17,237435,batch_c_probe_3_,16728192,44727504,8735916
08:42:18,237435,batch_c_probe_3_,16728192,44727504,8735916
08:42:19,237435,batch_c_probe_3_,16728196,44727504,8735912
08:42:20,237435,batch_c_probe_3_,16728200,44727504,8735908
08:42:21,237435,batch_c_probe_3_,16728200,44727504,8735908
08:42:22,237435,batch_c_probe_3_,16728200,44727504,8735908
08:42:23,237435,batch_c_probe_3_,16728252,44727504,8735856
08:42:24,237435,batch_c_probe_3_,16728252,44727504,8735856
08:42:25,237435,batch_c_probe_3_,16728252,44727504,8735856
08:42:26,237435,batch_c_probe_3_,16728276,44727504,8735856
08:42:27,237435,batch_c_probe_3_,16728280,44727504,8735828
08:42:28,237435,batch_c_probe_3_,16729092,44727504,8735016
08:42:29,237435,batch_c_probe_3_,16729092,44727504,8735016
08:42:30,237435,batch_c_probe_3_,16729092,44727504,8735016
08:42:31,237435,batch_c_probe_3_,16729092,44727504,8735016
08:42:32,237435,batch_c_probe_3_,16729092,44727504,8735016
08:42:33,237435,batch_c_probe_3_,16729096,44727504,8735012
08:42:34,237435,batch_c_probe_3_,16729108,44727504,8735000
08:42:35,237435,batch_c_probe_3_,16729108,44727504,8735000
08:42:37,237435,batch_c_probe_3_,16729108,44727504,8735000
08:42:38,237435,batch_c_probe_3_,16729108,44727504,8735000
08:42:39,237435,batch_c_probe_3_,16729108,44727504,8735000
08:42:40,237435,batch_c_probe_3_,16729108,44727504,8735000
08:42:41,237435,batch_c_probe_3_,16729112,44727504,8734996
08:42:42,237435,batch_c_probe_3_,16729116,44727504,8734992
08:42:43,237435,batch_c_probe_3_,16729116,44727504,8734992
08:42:44,237435,batch_c_probe_3_,16729116,44727504,8734992
08:42:45,237435,batch_c_probe_3_,16729124,44727504,8734984
08:42:46,237435,batch_c_probe_3_,16729124,44727504,8734984
08:42:47,237435,batch_c_probe_3_,16729128,44727504,8734980
08:42:48,237435,batch_c_probe_3_,16729128,44727504,8734980
08:42:49,237435,batch_c_probe_3_,16729132,44727504,8734976
08:42:50,237435,batch_c_probe_3_,16729156,44727504,8734976
08:42:51,237435,batch_c_probe_3_,16729132,44727504,8734976
08:42:52,237435,batch_c_probe_3_,16729132,44727504,8734976
08:42:53,237435,batch_c_probe_3_,16729132,44727504,8734976
08:42:54,237435,batch_c_probe_3_,16729132,44727504,8734976
08:42:55,237435,batch_c_probe_3_,16729132,44727504,8734976
08:42:56,237435,batch_c_probe_3_,16729144,44727504,8734964
08:42:57,237435,batch_c_probe_3_,16729148,44727504,8734960
08:42:58,237435,batch_c_probe_3_,16729148,44727504,8734960
08:42:59,237435,batch_c_probe_3_,16729148,44727504,8734960
08:43:00,237435,batch_c_probe_3_,16729148,44727504,8734960
08:43:01,237435,batch_c_probe_3_,16729148,44727504,8734960
08:43:02,237435,batch_c_probe_3_,16729148,44727504,8734960
08:43:03,237435,batch_c_probe_3_,16729148,44727504,8734960
08:43:04,237435,batch_c_probe_3_,16729152,44727504,8734956
08:43:05,237435,batch_c_probe_3_,16729152,44727504,8734956
08:43:06,237435,batch_c_probe_3_,16729184,44727504,8734924
08:43:07,237435,batch_c_probe_3_,16729184,44727504,8734924
08:43:08,237435,batch_c_probe_3_,16729184,44727504,8734924
08:43:09,237435,batch_c_probe_3_,16729184,44727504,8734924
08:43:10,237435,batch_c_probe_3_,16729184,44727504,8734924
08:43:11,237435,batch_c_probe_3_,16729184,44727504,8734924
08:43:12,237435,batch_c_probe_3_,16729184,44727504,8734924
08:43:13,237435,batch_c_probe_3_,16729184,44727504,8734924
08:43:14,237435,batch_c_probe_3_,16729440,44727504,8734668
08:43:15,237435,batch_c_probe_3_,16729464,44727504,8734668
08:43:16,237435,batch_c_probe_3_,16729524,44727504,8734584
08:43:17,237435,batch_c_probe_3_,16729524,44727504,8734584
08:43:18,237435,batch_c_probe_3_,16729524,44727504,8734584
08:43:19,237435,batch_c_probe_3_,16729524,44727504,8734584
08:43:20,237435,batch_c_probe_3_,16729524,44727504,8734584
08:43:21,237435,batch_c_probe_3_,16729536,44727504,8734572
08:43:22,237435,batch_c_probe_3_,16729536,44727504,8734572
08:43:23,237435,batch_c_probe_3_,16729948,44727504,8734160
08:43:24,237435,batch_c_probe_3_,16729952,44727504,8734156
08:43:25,237435,batch_c_probe_3_,16729952,44727504,8734156
08:43:26,237435,batch_c_probe_3_,16729956,44727504,8734152
08:43:27,237435,batch_c_probe_3_,16729956,44727504,8734152
08:43:28,237435,batch_c_probe_3_,16729956,44727504,8734152
08:43:29,237435,batch_c_probe_3_,16729956,44727504,8734152
08:43:31,237435,batch_c_probe_3_,16729956,44727504,8734152
08:43:32,237435,batch_c_probe_3_,16729972,44727504,8734136
08:43:33,237435,batch_c_probe_3_,16729980,44727504,8734128
08:43:34,237435,batch_c_probe_3_,16730060,44727504,8734048
08:43:35,237435,batch_c_probe_3_,16730060,44727504,8734048
08:43:36,237435,batch_c_probe_3_,16730064,44727504,8734044
08:43:37,237435,batch_c_probe_3_,16730064,44727504,8734044
08:43:38,237435,batch_c_probe_3_,16730064,44727504,8734044
08:43:39,237435,batch_c_probe_3_,16730064,44727504,8734044
08:43:40,237435,batch_c_probe_3_,16730068,44727504,8734040
08:43:41,237435,batch_c_probe_3_,16730096,44727504,8734036
08:43:42,237435,batch_c_probe_3_,16730072,44727504,8734036
08:43:43,237435,batch_c_probe_3_,16730072,44727504,8734036
08:43:44,237435,batch_c_probe_3_,16730072,44727504,8734036
08:43:45,237435,batch_c_probe_3_,16730072,44727504,8734036
08:43:46,237435,batch_c_probe_3_,16730072,44727504,8734036
08:43:47,237435,batch_c_probe_3_,16730376,44727504,8733732
08:43:48,237435,batch_c_probe_3_,16730380,44727504,8733728
08:43:49,237435,batch_c_probe_3_,16730380,44727504,8733728
08:43:50,237435,batch_c_probe_3_,16730380,44727504,8733728
08:43:51,237435,batch_c_probe_3_,16730380,44727504,8733728
08:43:52,237435,batch_c_probe_3_,16730380,44727504,8733728
08:43:53,237435,batch_c_probe_3_,16730380,44727504,8733728
08:43:54,237435,batch_c_probe_3_,16730384,44727504,8733724
08:43:55,237435,batch_c_probe_3_,16730384,44727504,8733724
08:43:56,237435,batch_c_probe_3_,16730384,44727504,8733724
08:43:57,237435,batch_c_probe_3_,16730388,44727504,8733720
08:43:58,237435,batch_c_probe_3_,16730388,44727504,8733720
08:43:59,237435,batch_c_probe_3_,16730388,44727504,8733720
08:44:00,237435,batch_c_probe_3_,16730656,44727504,8733452
08:44:01,237435,batch_c_probe_3_,16730656,44727504,8733452
08:44:02,237435,batch_c_probe_3_,16730660,44727504,8733448
08:44:03,237435,batch_c_probe_3_,16730660,44727504,8733448
08:44:04,237435,batch_c_probe_3_,16730660,44727504,8733448
08:44:05,237435,batch_c_probe_3_,16730660,44727504,8733448
08:44:06,237435,batch_c_probe_3_,16730660,44727504,8733448
08:44:07,237435,batch_c_probe_3_,16730660,44727504,8733448
08:44:08,237435,batch_c_probe_3_,16730684,44727504,8733448
08:44:09,237435,batch_c_probe_3_,16730828,44727504,8733280
08:44:10,237435,batch_c_probe_3_,16730844,44727504,8733264
08:44:11,237435,batch_c_probe_3_,16730844,44727504,8733264
08:44:12,237435,batch_c_probe_3_,16730844,44727504,8733264
08:44:13,237435,batch_c_probe_3_,16730844,44727504,8733264
08:44:14,237435,batch_c_probe_3_,16730872,44727504,8733236
08:44:15,237435,batch_c_probe_3_,16730872,44727504,8733236
08:44:16,237435,batch_c_probe_3_,16730872,44727504,8733236
08:44:17,237435,batch_c_probe_3_,16730872,44727504,8733236
08:44:18,237435,batch_c_probe_3_,16733684,44727504,8730424
08:44:19,237435,batch_c_probe_3_,16733684,44727504,8730424
08:44:20,237435,batch_c_probe_3_,16733688,44727504,8730420
08:44:21,237435,batch_c_probe_3_,16304884,44727504,9159224
08:44:22,237435,batch_c_probe_3_,15884656,44727504,9579452
08:44:23,237435,batch_c_probe_3_,15426628,44727504,10037480
08:44:25,237435,batch_c_probe_3_,15162656,44727504,10301452
08:44:26,237435,batch_c_probe_3_,14981128,44727504,10482948
08:44:27,237435,batch_c_probe_3_,14528436,44727504,10935640
08:44:28,237435,batch_c_probe_3_,14047552,44727504,11416524
08:44:29,237435,batch_c_probe_3_,13616048,44727504,11848052
08:44:30,237435,batch_c_probe_3_,13235732,44727504,12228924
08:44:31,237435,batch_c_probe_3_,13235756,44727504,12228900
08:44:32,237435,batch_c_probe_3_,13235488,44727504,12228588
08:44:33,237435,batch_c_probe_3_,13235512,44727504,12228588
08:44:34,237435,batch_c_probe_3_,13235628,44727504,12228448
08:44:35,237435,batch_c_probe_3_,13235716,44727504,12228360
08:44:36,237435,batch_c_probe_3_,13235720,44727504,12228356
08:44:37,237435,batch_c_probe_3_,13235864,44727504,12228212
08:44:38,237435,batch_c_probe_3_,13235864,44727504,12228212
08:44:39,237435,batch_c_probe_3_,13235956,44727504,12228120
08:44:40,237435,batch_c_probe_3_,13235956,44727504,12228120
08:44:41,237435,batch_c_probe_3_,13235980,44727504,12228096
08:44:42,237435,batch_c_probe_3_,13235980,44727504,12228096
08:44:43,237435,batch_c_probe_3_,13235996,44727504,12228080
08:44:44,237435,batch_c_probe_3_,13235996,44727504,12228080
08:44:45,237435,batch_c_probe_3_,13240072,44727504,12224004
08:44:46,237435,batch_c_probe_3_,13240072,44727504,12224004
08:44:47,237435,batch_c_probe_3_,13257692,44727504,12206384
08:44:48,237435,batch_c_probe_3_,13257692,44727504,12206384
08:44:49,237435,batch_c_probe_3_,13257700,44727504,12206376
08:44:50,237435,batch_c_probe_3_,13257700,44727504,12206376
08:44:51,237435,batch_c_probe_3_,13257712,44727504,12206364
08:44:52,237435,batch_c_probe_3_,13257712,44727504,12206364
08:44:53,237435,batch_c_probe_3_,13257820,44727504,12206256
08:44:54,237435,batch_c_probe_3_,13257824,44727504,12206252
08:44:55,237435,batch_c_probe_3_,13257992,44727504,12206084
08:44:56,237435,batch_c_probe_3_,13257992,44727504,12206084
08:44:57,237435,batch_c_probe_3_,13258008,44727504,12206068
08:44:58,237435,batch_c_probe_3_,13258008,44727504,12206068
08:44:59,237435,batch_c_probe_3_,13258032,44727504,12206044
08:45:00,237435,batch_c_probe_3_,13258032,44727504,12206044
08:45:01,237435,batch_c_probe_3_,13258060,44727504,12206016
08:45:02,237435,batch_c_probe_3_,13258088,44727504,12206012
08:45:03,237435,batch_c_probe_3_,13258084,44727504,12205992
08:45:04,237435,batch_c_probe_3_,13258196,44727504,12205904
08:45:05,237435,batch_c_probe_3_,13258188,44727504,12205888
08:45:06,237435,batch_c_probe_3_,13258192,44727504,12205884
08:45:07,237435,batch_c_probe_3_,13258192,44727504,12205884
08:45:08,237435,batch_c_probe_3_,13258208,44727504,12205868
08:45:09,237435,batch_c_probe_3_,13258208,44727504,12205868
08:45:10,237435,batch_c_probe_3_,13258784,44727504,12205840
08:45:11,237435,batch_c_probe_3_,13258784,44727504,12205840
08:45:12,237435,batch_c_probe_3_,13258244,44727504,12205832
08:45:13,237435,batch_c_probe_3_,13258244,44727504,12205832
08:45:14,237435,batch_c_probe_3_,13258256,44727504,12205820
08:45:15,237435,batch_c_probe_3_,13258256,44727504,12205820
08:45:16,237435,batch_c_probe_3_,13258260,44727504,12205816
08:45:18,237435,batch_c_probe_3_,13258264,44727504,12205812
08:45:19,237435,batch_c_probe_3_,13258268,44727504,12205808
08:45:20,237435,batch_c_probe_3_,13258268,44727504,12205808
08:45:21,237435,batch_c_probe_3_,13258280,44727504,12205796
08:45:22,237435,batch_c_probe_3_,13258280,44727504,12205796
08:45:23,237435,batch_c_probe_3_,13258280,44727504,12205796
08:45:24,237435,batch_c_probe_3_,13258284,44727504,12205792
08:45:25,237435,batch_c_probe_3_,13258352,44727504,12205724
08:45:26,237435,batch_c_probe_3_,13258352,44727504,12205724
08:45:27,237435,batch_c_probe_3_,13258360,44727504,12205716
08:45:28,237435,batch_c_probe_3_,13258360,44727504,12205716
08:45:29,237435,batch_c_probe_3_,13258368,44727504,12205708
08:45:30,237435,batch_c_probe_3_,13258368,44727504,12205708
08:45:31,237435,batch_c_probe_3_,13258368,44727504,12205708
08:45:32,237435,batch_c_probe_3_,13258372,44727504,12205704
08:45:33,237435,batch_c_probe_3_,13258376,44727504,12205700
08:45:34,237435,batch_c_probe_3_,13258376,44727504,12205700
08:45:35,237435,batch_c_probe_3_,13259008,44727504,12205068
08:45:36,237435,batch_c_probe_3_,13259032,44727504,12205068
08:45:37,237435,batch_c_probe_3_,13259020,44727504,12205056
08:45:38,237435,batch_c_probe_3_,13259076,44727504,12205000
08:45:39,237435,batch_c_probe_3_,13259116,44727504,12204960
08:45:40,237435,batch_c_probe_3_,13259148,44727504,12204928
08:45:41,237435,batch_c_probe_3_,13259180,44727504,12204896
08:45:42,237435,batch_c_probe_3_,13259192,44727504,12204884
08:45:43,237435,batch_c_probe_3_,13259196,44727504,12204880
08:45:44,237435,batch_c_probe_3_,13259200,44727504,12204876
08:45:45,237435,batch_c_probe_3_,13259200,44727504,12204876
08:45:46,237435,batch_c_probe_3_,13262932,44727504,12201144
08:45:47,237435,batch_c_probe_3_,13262936,44727504,12201140
08:45:48,237435,batch_c_probe_3_,13262996,44727504,12201080
08:45:49,237435,batch_c_probe_3_,13262996,44727504,12201080
08:45:50,237435,batch_c_probe_3_,13263008,44727504,12201068
08:45:51,237435,batch_c_probe_3_,13263008,44727504,12201068
08:45:52,237435,batch_c_probe_3_,13263056,44727504,12201020
08:45:53,237435,batch_c_probe_3_,13263060,44727504,12201016
08:45:54,237435,batch_c_probe_3_,13263060,44727504,12201016
08:45:55,237435,batch_c_probe_3_,13263060,44727504,12201016
08:45:56,237435,batch_c_probe_3_,13263108,44727504,12200968
08:45:57,237435,batch_c_probe_3_,13263108,44727504,12200968
08:45:58,237435,batch_c_probe_3_,13263120,44727504,12200956
08:45:59,237435,batch_c_probe_3_,13263120,44727504,12200956
08:46:00,237435,batch_c_probe_3_,13263120,44727504,12200956
08:46:01,237435,batch_c_probe_3_,13263124,44727504,12200952
08:46:02,237435,batch_c_probe_3_,13266276,44727504,12197800
08:46:03,237435,batch_c_probe_3_,13266276,44727504,12197800
08:46:04,237435,batch_c_probe_3_,13266276,44727504,12197800
08:46:05,237435,batch_c_probe_3_,13266276,44727504,12197800
08:46:06,237435,batch_c_probe_3_,13267164,44727504,12197788
08:46:07,237435,batch_c_probe_3_,13267164,44727504,12197788
08:46:08,237435,batch_c_probe_3_,13266288,44727504,12197788
08:46:09,237435,batch_c_probe_3_,13266316,44727504,12197784
08:46:10,237435,batch_c_probe_3_,13266300,44727504,12197776
08:46:12,237435,batch_c_probe_3_,13267216,44727504,12197772
08:46:13,237435,batch_c_probe_3_,13267224,44727504,12197764
08:46:14,237435,batch_c_probe_3_,13266316,44727504,12197760
08:46:15,237435,batch_c_probe_3_,13266316,44727504,12197760
08:46:16,237435,batch_c_probe_3_,13266336,44727504,12197740
08:46:17,237435,batch_c_probe_3_,13266336,44727504,12197740
08:46:18,237435,batch_c_probe_3_,13266388,44727504,12197688
08:46:19,237435,batch_c_probe_3_,13266388,44727504,12197688
08:46:20,237435,batch_c_probe_3_,13266408,44727504,12197668
08:46:21,237435,batch_c_probe_3_,13266408,44727504,12197668
08:46:22,237435,batch_c_probe_3_,13266420,44727504,12197656
08:46:23,237435,batch_c_probe_3_,13266424,44727504,12197652
08:46:24,237435,batch_c_probe_3_,13272204,44727504,12191872
08:46:25,237435,batch_c_probe_3_,13272204,44727504,12191872
08:46:26,237435,batch_c_probe_3_,13272204,44727504,12191872
08:46:27,237435,batch_c_probe_3_,13272204,44727504,12191872
08:46:28,237435,batch_c_probe_3_,13272236,44727504,12191840
08:46:29,237435,batch_c_probe_3_,13272236,44727504,12191840
08:46:30,237435,batch_c_probe_3_,13272244,44727504,12191832
08:46:31,237435,batch_c_probe_3_,13272248,44727504,12191828
08:46:32,237435,batch_c_probe_3_,13272288,44727504,12191788
08:46:33,237435,batch_c_probe_3_,13272288,44727504,12191788
08:46:34,237435,batch_c_probe_3_,13272288,44727504,12191788
08:46:35,237435,batch_c_probe_3_,13272288,44727504,12191788
08:46:36,237435,batch_c_probe_3_,13272300,44727504,12191776
08:46:37,237435,batch_c_probe_3_,13272300,44727504,12191776
08:46:38,237435,batch_c_probe_3_,13272300,44727504,12191776
08:46:39,237435,batch_c_probe_3_,13272304,44727504,12191772
08:46:40,237435,batch_c_probe_3_,13272476,44727504,12191600
08:46:41,237435,batch_c_probe_3_,13272476,44727504,12191600
08:46:42,237435,batch_c_probe_3_,13272500,44727504,12191576
08:46:43,237435,batch_c_probe_3_,13272500,44727504,12191576
08:46:44,237435,batch_c_probe_3_,13272528,44727504,12191548
08:46:45,237435,batch_c_probe_3_,13272532,44727504,12191544
08:46:46,237435,batch_c_probe_3_,13272624,44727504,12191452
08:46:47,237435,batch_c_probe_3_,13272648,44727504,12191452
08:46:48,237435,batch_c_probe_3_,13273172,44727504,12190932
08:46:49,237435,batch_c_probe_3_,13273176,44727504,12190928
08:46:50,237435,batch_c_probe_3_,13273176,44727504,12190928
08:46:51,237435,batch_c_probe_3_,13273192,44727504,12190912
08:46:52,237435,batch_c_probe_3_,13273192,44727504,12190912
08:46:53,237435,batch_c_probe_3_,13273200,44727504,12190904
08:46:54,237435,batch_c_probe_3_,13276940,44727504,12187164
08:46:55,237435,batch_c_probe_3_,13276940,44727504,12187164
08:46:56,237435,batch_c_probe_3_,13276940,44727504,12187164
08:46:57,237435,batch_c_probe_3_,13276940,44727504,12187164
08:46:58,237435,batch_c_probe_3_,13276940,44727504,12187164
08:46:59,237435,batch_c_probe_3_,13277212,44727504,12186892
08:47:00,237435,batch_c_probe_3_,13277216,44727504,12186888
08:47:01,237435,batch_c_probe_3_,13277240,44727504,12186864
08:47:02,237435,batch_c_probe_3_,13277240,44727504,12186864
08:47:03,237435,batch_c_probe_3_,13277256,44727504,12186848
08:47:04,237435,batch_c_probe_3_,13277256,44727504,12186848
08:47:06,237435,batch_c_probe_3_,13279532,44727504,12184572
08:47:07,237435,batch_c_probe_3_,13279532,44727504,12184572
08:47:08,237435,batch_c_probe_3_,13279540,44727504,12184564
08:47:09,237435,batch_c_probe_3_,13279544,44727504,12184560
08:47:10,237435,batch_c_probe_3_,13279544,44727504,12184560
08:47:11,237435,batch_c_probe_3_,13279544,44727504,12184560
08:47:12,237435,batch_c_probe_3_,13279624,44727504,12184480
08:47:13,237435,batch_c_probe_3_,13279624,44727504,12184480
08:47:14,237435,batch_c_probe_3_,13279628,44727504,12184476
08:47:15,237435,batch_c_probe_3_,13279632,44727504,12184472
08:47:16,237435,batch_c_probe_3_,13279664,44727504,12184440
08:47:17,237435,batch_c_probe_3_,13279664,44727504,12184440
08:47:18,237435,batch_c_probe_3_,13279672,44727504,12184432
08:47:19,237435,batch_c_probe_3_,13279672,44727504,12184432
08:47:20,237435,batch_c_probe_3_,13279672,44727504,12184432
08:47:21,237435,batch_c_probe_3_,13279672,44727504,12184432
08:47:22,237435,batch_c_probe_3_,13279680,44727504,12184424
08:47:23,237435,batch_c_probe_3_,13279684,44727504,12184420
08:47:24,237435,batch_c_probe_3_,13279708,44727504,12184396
08:47:25,237435,batch_c_probe_3_,13279708,44727504,12184396
08:47:26,237435,batch_c_probe_3_,13279732,44727504,12184372
08:47:27,237435,batch_c_probe_3_,13279732,44727504,12184372
08:47:28,237435,batch_c_probe_3_,13279732,44727504,12184372
08:47:29,237435,batch_c_probe_3_,13279732,44727504,12184372
08:47:30,237435,batch_c_probe_3_,13279732,44727504,12184372
08:47:31,237435,batch_c_probe_3_,13279760,44727504,12184368
08:47:32,237435,batch_c_probe_3_,13279736,44727504,12184368
08:47:33,237435,batch_c_probe_3_,13279764,44727504,12184364
08:47:34,237435,batch_c_probe_3_,13279792,44727504,12184312
08:47:35,237435,batch_c_probe_3_,13279816,44727504,12184312
08:47:36,237435,batch_c_probe_3_,13279816,44727504,12184288
08:47:37,237435,batch_c_probe_3_,13279824,44727504,12184280
08:47:38,237435,batch_c_probe_3_,13279824,44727504,12184280
08:47:39,237435,batch_c_probe_3_,13279832,44727504,12184272
08:47:40,237435,batch_c_probe_3_,13282040,44727504,12182064
08:47:41,237435,batch_c_probe_3_,13282636,44727504,12181468
08:47:42,237435,batch_c_probe_3_,13282636,44727504,12181468
08:47:43,237435,batch_c_probe_3_,13282648,44727504,12181456
08:47:44,237435,batch_c_probe_3_,13282648,44727504,12181456
08:47:45,237435,batch_c_probe_3_,13282656,44727504,12181448
08:47:46,237435,batch_c_probe_3_,13282656,44727504,12181448
08:47:47,237435,batch_c_probe_3_,13282668,44727504,12181436
08:47:48,237435,batch_c_probe_3_,13282668,44727504,12181436
08:47:49,237435,batch_c_probe_3_,13282700,44727504,12181404
08:47:50,237435,batch_c_probe_3_,13282700,44727504,12181404
08:47:51,237435,batch_c_probe_3_,13282704,44727504,12181400
08:47:52,237435,batch_c_probe_3_,13282708,44727504,12181396
08:47:53,237435,batch_c_probe_3_,13282708,44727504,12181396
08:47:54,237435,batch_c_probe_3_,13282708,44727504,12181396
08:47:55,237435,batch_c_probe_3_,13282712,44727504,12181392
08:47:56,237435,batch_c_probe_3_,13282712,44727504,12181392
08:47:57,237435,batch_c_probe_3_,13282712,44727504,12181392
08:47:59,237435,batch_c_probe_3_,13282712,44727504,12181392
08:48:00,237435,batch_c_probe_3_,13282712,44727504,12181392
08:48:01,237435,batch_c_probe_3_,13282716,44727504,12181388
08:48:02,237435,batch_c_probe_3_,13282760,44727504,12181344
08:48:03,237435,batch_c_probe_3_,13282760,44727504,12181344
08:48:04,237435,batch_c_probe_3_,13282780,44727504,12181340
08:48:05,237435,batch_c_probe_3_,13282780,44727504,12181340
08:48:06,237435,batch_c_probe_3_,13282780,44727504,12181340
08:48:07,237435,batch_c_probe_3_,13282780,44727504,12181340
08:48:08,237435,batch_c_probe_3_,13282780,44727504,12181340
08:48:09,237435,batch_c_probe_3_,13282784,44727504,12181336
08:48:10,237435,batch_c_probe_3_,13282784,44727504,12181336
08:48:11,237435,batch_c_probe_3_,13282784,44727504,12181336
08:48:12,237435,batch_c_probe_3_,13282784,44727504,12181336
08:48:13,237435,batch_c_probe_3_,13282784,44727504,12181336
08:48:14,237435,batch_c_probe_3_,13282784,44727504,12181336
08:48:15,237435,batch_c_probe_3_,13282812,44727504,12181332
08:48:16,237435,batch_c_probe_3_,13282796,44727504,12181324
08:48:17,237435,batch_c_probe_3_,13282820,44727504,12181324
08:48:18,237435,batch_c_probe_3_,13282908,44727504,12181212
08:48:19,237435,batch_c_probe_3_,13282908,44727504,12181212
08:48:20,237435,batch_c_probe_3_,13282912,44727504,12181208
08:48:21,237435,batch_c_probe_3_,13282916,44727504,12181204
08:48:22,237435,batch_c_probe_3_,13282916,44727504,12181204
08:48:23,237435,batch_c_probe_3_,13283124,44727504,12180996
08:48:24,237435,batch_c_probe_3_,13283124,44727504,12180996
08:48:25,237435,batch_c_probe_3_,13283216,44727504,12180904
08:48:26,237435,batch_c_probe_3_,13283216,44727504,12180904
08:48:27,237435,batch_c_probe_3_,13283220,44727504,12180900
08:48:28,237435,batch_c_probe_3_,13283220,44727504,12180900
08:48:29,237435,batch_c_probe_3_,13283232,44727504,12180888
08:48:30,237435,batch_c_probe_3_,13283260,44727504,12180860
08:48:31,237435,batch_c_probe_3_,13283276,44727504,12180844
08:48:32,237435,batch_c_probe_3_,13283276,44727504,12180844
08:48:33,237435,batch_c_probe_3_,13283324,44727504,12180796
08:48:34,237435,batch_c_probe_3_,13283324,44727504,12180796
08:48:35,237435,batch_c_probe_3_,13283324,44727504,12180796
08:48:36,237435,batch_c_probe_3_,13283328,44727504,12180792
08:48:37,237435,batch_c_probe_3_,13283344,44727504,12180776
08:48:38,237435,batch_c_probe_3_,13283344,44727504,12180776
08:48:39,237435,batch_c_probe_3_,13285908,44727504,12178212
08:48:40,237435,batch_c_probe_3_,13285908,44727504,12178212
08:48:41,237435,batch_c_probe_3_,13285928,44727504,12178192
08:48:42,237435,batch_c_probe_3_,13285928,44727504,12178192
08:48:43,237435,batch_c_probe_3_,13285936,44727504,12178184
08:48:44,237435,batch_c_probe_3_,13285936,44727504,12178184
08:48:45,237435,batch_c_probe_3_,13285952,44727504,12178168
08:48:46,237435,batch_c_probe_3_,13285952,44727504,12178168
08:48:47,237435,batch_c_probe_3_,13285952,44727504,12178168
08:48:48,237435,batch_c_probe_3_,13285952,44727504,12178168
08:48:49,237435,batch_c_probe_3_,13285960,44727504,12178160
08:48:50,237435,batch_c_probe_3_,13285960,44727504,12178160
08:48:51,237435,batch_c_probe_3_,13285976,44727504,12178144
08:48:52,237435,batch_c_probe_3_,13285980,44727504,12178140
08:48:54,237435,batch_c_probe_3_,13285988,44727504,12178132
08:48:55,237435,batch_c_probe_3_,13285988,44727504,12178132
08:48:56,237435,batch_c_probe_3_,13285988,44727504,12178132
08:48:57,237435,batch_c_probe_3_,13286012,44727504,12178108
08:48:58,237435,batch_c_probe_3_,13286024,44727504,12178096
08:48:59,237435,batch_c_probe_3_,13286024,44727504,12178096
08:49:00,237435,batch_c_probe_3_,13286028,44727504,12178092
08:49:01,237435,batch_c_probe_3_,13286724,44727504,12177396
08:49:02,237435,batch_c_probe_3_,13286724,44727504,12177396
08:49:03,237435,batch_c_probe_3_,13286724,44727504,12177396
08:49:04,237435,batch_c_probe_3_,13286744,44727504,12177376
08:49:05,237435,batch_c_probe_3_,13286744,44727504,12177376
08:49:06,237435,batch_c_probe_3_,13286752,44727504,12177368
08:49:07,237435,batch_c_probe_3_,13286756,44727504,12177364
08:49:08,237435,batch_c_probe_3_,13286904,44727504,12177216
08:49:09,237435,batch_c_probe_3_,13286904,44727504,12177216
08:49:10,237435,batch_c_probe_3_,13286904,44727504,12177216
08:49:11,237435,batch_c_probe_3_,13286956,44727504,12177188
08:49:12,237435,batch_c_probe_3_,13286984,44727504,12177136
08:49:13,237435,batch_c_probe_3_,13287008,44727504,12177136
08:49:14,237435,batch_c_probe_3_,13286992,44727504,12177128
08:49:15,237435,batch_c_probe_3_,13286996,44727504,12177124
08:49:16,237435,batch_c_probe_3_,13287000,44727504,12177120
08:49:17,237435,batch_c_probe_3_,13287004,44727504,12177116
08:49:18,237435,batch_c_probe_3_,13287004,44727504,12177116
08:49:19,237435,batch_c_probe_3_,13287008,44727504,12177112
08:49:20,237435,batch_c_probe_3_,13287008,44727504,12177112
08:49:21,237435,batch_c_probe_3_,13287040,44727504,12177080
08:49:22,237435,batch_c_probe_3_,13287040,44727504,12177080
08:49:23,237435,batch_c_probe_3_,13287044,44727504,12177076
08:49:24,237435,batch_c_probe_3_,13287044,44727504,12177076
08:49:25,237435,batch_c_probe_3_,13287064,44727504,12177056
08:49:26,237435,batch_c_probe_3_,13287064,44727504,12177056
08:49:27,237435,batch_c_probe_3_,13287068,44727504,12177052
08:49:28,237435,batch_c_probe_3_,13287068,44727504,12177052
08:49:29,237435,batch_c_probe_3_,13287088,44727504,12177032
08:49:30,237435,batch_c_probe_3_,13287092,44727504,12177028
08:49:31,237435,batch_c_probe_3_,13287096,44727504,12177024
08:49:32,237435,batch_c_probe_3_,13287096,44727504,12177024
08:49:33,237435,batch_c_probe_3_,13287100,44727504,12177020
08:49:34,237435,batch_c_probe_3_,13287100,44727504,12177020
08:49:35,237435,batch_c_probe_3_,13287100,44727504,12177020
08:49:36,237435,batch_c_probe_3_,13287104,44727504,12177016
08:49:37,237435,batch_c_probe_3_,13287108,44727504,12177012
08:49:38,237435,batch_c_probe_3_,13287108,44727504,12177012
08:49:39,237435,batch_c_probe_3_,13287116,44727504,12177004
08:49:40,237435,batch_c_probe_3_,13287116,44727504,12177004
08:49:41,237435,batch_c_probe_3_,13287136,44727504,12176984
08:49:42,237435,batch_c_probe_3_,13287136,44727504,12176984
08:49:43,237435,batch_c_probe_3_,13287144,44727504,12176976
08:49:44,237435,batch_c_probe_3_,13287148,44727504,12176972
08:49:45,237435,batch_c_probe_3_,13287148,44727504,12176972
08:49:46,237435,batch_c_probe_3_,13287148,44727504,12176972
08:49:47,237435,batch_c_probe_3_,13287156,44727504,12176964
08:49:48,237435,batch_c_probe_3_,13287156,44727504,12176964
08:49:49,237435,batch_c_probe_3_,13287176,44727504,12176944
08:49:50,237435,batch_c_probe_3_,13287176,44727504,12176944
08:49:51,237435,batch_c_probe_3_,13287176,44727504,12176944
08:49:53,237435,batch_c_probe_3_,13287180,44727504,12176940
08:49:54,237435,batch_c_probe_3_,13287196,44727504,12176924
08:49:55,237435,batch_c_probe_3_,13287196,44727504,12176924
08:49:56,237435,batch_c_probe_3_,13287200,44727504,12176920
08:49:57,237435,batch_c_probe_3_,13287200,44727504,12176920
08:49:58,237435,batch_c_probe_3_,13287204,44727504,12176916
08:49:59,237435,batch_c_probe_3_,13287204,44727504,12176916
08:50:00,237435,batch_c_probe_3_,13287220,44727504,12176900
08:50:01,237435,batch_c_probe_3_,13287224,44727504,12176896
08:50:02,237435,batch_c_probe_3_,13287240,44727504,12176880
08:50:03,237435,batch_c_probe_3_,13287240,44727504,12176880
08:50:04,237435,batch_c_probe_3_,13287248,44727504,12176872
08:50:05,237435,batch_c_probe_3_,13287248,44727504,12176872
08:50:06,237435,batch_c_probe_3_,13287248,44727504,12176872
08:50:07,237435,batch_c_probe_3_,13287252,44727504,12176868
08:50:08,237435,batch_c_probe_3_,13287256,44727504,12176864
08:50:09,237435,batch_c_probe_3_,13287256,44727504,12176864
08:50:10,237435,batch_c_probe_3_,13287264,44727504,12176856
08:50:11,237435,batch_c_probe_3_,13287264,44727504,12176856
08:50:12,237435,batch_c_probe_3_,13287272,44727504,12176848
08:50:13,237435,batch_c_probe_3_,13287296,44727504,12176848
08:50:14,237435,batch_c_probe_3_,13287276,44727504,12176844
08:50:15,237435,batch_c_probe_3_,13287304,44727504,12176840
08:50:16,237435,batch_c_probe_3_,13287280,44727504,12176840
08:50:17,237435,batch_c_probe_3_,13287304,44727504,12176840
08:50:18,237435,batch_c_probe_3_,13287284,44727504,12176836
08:50:19,237435,batch_c_probe_3_,13287312,44727504,12176808
08:50:20,237435,batch_c_probe_3_,13287312,44727504,12176808
08:50:21,237435,batch_c_probe_3_,13287312,44727504,12176808
08:50:22,237435,batch_c_probe_3_,13287312,44727504,12176808
08:50:23,237435,batch_c_probe_3_,13287400,44727504,12176720
08:50:24,237435,batch_c_probe_3_,13287400,44727504,12176720
08:50:25,237435,batch_c_probe_3_,13287400,44727504,12176720
08:50:26,237435,batch_c_probe_3_,13287400,44727504,12176720
08:50:27,237435,batch_c_probe_3_,13287404,44727504,12176716
08:50:28,237435,batch_c_probe_3_,13287404,44727504,12176716
08:50:29,237435,batch_c_probe_3_,13287404,44727504,12176716
08:50:30,237435,batch_c_probe_3_,13288644,44727504,12175476
08:50:31,237435,batch_c_probe_3_,13288668,44727504,12175452
08:50:32,237435,batch_c_probe_3_,13288668,44727504,12175452
08:50:33,237435,batch_c_probe_3_,13288672,44727504,12175448
08:50:34,237435,batch_c_probe_3_,13288672,44727504,12175448
08:50:35,237435,batch_c_probe_3_,13288676,44727504,12175444
08:50:36,237435,batch_c_probe_3_,13288680,44727504,12175440
08:50:37,237435,batch_c_probe_3_,13288724,44727504,12175396
08:50:38,237435,batch_c_probe_3_,13288724,44727504,12175396
08:50:39,237435,batch_c_probe_3_,13288776,44727504,12175344
08:50:40,237435,batch_c_probe_3_,13288776,44727504,12175344
08:50:41,237435,batch_c_probe_3_,13288780,44727504,12175340
08:50:42,237435,batch_c_probe_3_,13288780,44727504,12175340
08:50:43,237435,batch_c_probe_3_,13288788,44727504,12175332
08:50:44,237435,batch_c_probe_3_,13288792,44727504,12175328
08:50:45,237435,batch_c_probe_3_,13288812,44727504,12175308
08:50:46,237435,batch_c_probe_3_,13288812,44727504,12175308
08:50:47,237435,batch_c_probe_3_,13288820,44727504,12175300
08:50:48,237435,batch_c_probe_3_,13288820,44727504,12175300
08:50:49,237435,batch_c_probe_3_,13288820,44727504,12175300
08:50:51,237435,batch_c_probe_3_,13288820,44727504,12175300
08:50:52,237435,batch_c_probe_3_,13288820,44727504,12175300
08:50:53,237435,batch_c_probe_3_,13288824,44727504,12175296
08:50:54,237435,batch_c_probe_3_,13288956,44727504,12175164
08:50:55,237435,batch_c_probe_3_,13288956,44727504,12175164
08:50:56,237435,batch_c_probe_3_,13288964,44727504,12175156
08:50:57,237435,batch_c_probe_3_,13288964,44727504,12175156
08:50:58,237435,batch_c_probe_3_,13289288,44727504,12174832
08:50:59,237435,batch_c_probe_3_,13289288,44727504,12174832
08:51:00,237435,batch_c_probe_3_,13289316,44727504,12174804
08:51:01,237435,batch_c_probe_3_,13289320,44727504,12174800
08:51:02,237435,batch_c_probe_3_,13289324,44727504,12174796
08:51:03,237435,batch_c_probe_3_,13289324,44727504,12174796
08:51:04,237435,batch_c_probe_3_,13289388,44727504,12174732
08:51:05,237435,batch_c_probe_3_,13289388,44727504,12174732
08:51:06,237435,batch_c_probe_3_,13289388,44727504,12174732
08:51:07,237435,batch_c_probe_3_,13289392,44727504,12174728
08:51:08,237435,batch_c_probe_3_,13289408,44727504,12174712
08:51:09,237435,batch_c_probe_3_,13289408,44727504,12174712
08:51:10,237435,batch_c_probe_3_,13289416,44727504,12174704
08:51:11,237435,batch_c_probe_3_,13289416,44727504,12174704
08:51:12,237435,batch_c_probe_3_,13289432,44727504,12174688
08:51:13,237435,batch_c_probe_3_,13289432,44727504,12174688
08:51:14,237435,batch_c_probe_3_,13289432,44727504,12174688
08:51:15,237435,batch_c_probe_3_,13289436,44727504,12174684
08:51:16,237435,batch_c_probe_3_,13291156,44727504,12172964
08:51:17,237435,batch_c_probe_3_,13291156,44727504,12172964
08:51:18,237435,batch_c_probe_3_,13291184,44727504,12172936
08:51:19,237435,batch_c_probe_3_,13291184,44727504,12172936
08:51:20,237435,batch_c_probe_3_,13291192,44727504,12172928
08:51:21,237435,batch_c_probe_3_,13291192,44727504,12172928
08:51:22,237435,batch_c_probe_3_,13291244,44727504,12172876
08:51:23,237435,batch_c_probe_3_,13291248,44727504,12172872
08:51:24,237435,batch_c_probe_3_,13291252,44727504,12172868
08:51:25,237435,batch_c_probe_3_,13291252,44727504,12172868
08:51:26,237435,batch_c_probe_3_,13291256,44727504,12172864
08:51:27,237435,batch_c_probe_3_,13291256,44727504,12172864
08:51:28,237435,batch_c_probe_3_,13291304,44727504,12172816
08:51:29,237435,batch_c_probe_3_,13291308,44727504,12172812
08:51:30,237435,batch_c_probe_3_,13291308,44727504,12172812
08:51:31,237435,batch_c_probe_3_,13291308,44727504,12172812
08:51:32,237435,batch_c_probe_3_,13291312,44727504,12172808
08:51:33,237435,batch_c_probe_3_,13291312,44727504,12172808
08:51:34,237435,batch_c_probe_3_,13291348,44727504,12172772
08:51:35,237435,batch_c_probe_3_,13291348,44727504,12172772
08:51:36,237435,batch_c_probe_3_,13291348,44727504,12172772
08:51:37,237435,batch_c_probe_3_,13291376,44727504,12172768
08:51:38,237435,batch_c_probe_3_,13291356,44727504,12172764
08:51:39,237435,batch_c_probe_3_,13291380,44727504,12172764
08:51:40,237435,batch_c_probe_3_,13291372,44727504,12172748
08:51:41,237435,batch_c_probe_3_,13291396,44727504,12172748
08:51:42,237435,batch_c_probe_3_,13291380,44727504,12172740
08:51:43,237435,batch_c_probe_3_,13291404,44727504,12172740
08:51:44,237435,batch_c_probe_3_,13291380,44727504,12172740
08:51:45,237435,batch_c_probe_3_,13291412,44727504,12172708
08:51:46,237435,batch_c_probe_3_,13291420,44727504,12172700
08:51:47,237435,batch_c_probe_3_,13291504,44727504,12172616
08:51:48,237435,batch_c_probe_3_,13291504,44727504,12172616
08:51:50,237435,batch_c_probe_3_,13291504,44727504,12172616
08:51:51,237435,batch_c_probe_3_,13291504,44727504,12172616
08:51:52,237435,batch_c_probe_3_,13291516,44727504,12172604
08:51:53,237435,batch_c_probe_3_,13291516,44727504,12172604
08:51:54,237435,batch_c_probe_3_,13291524,44727504,12172596
08:51:55,237435,batch_c_probe_3_,13291524,44727504,12172596
08:51:56,237435,batch_c_probe_3_,13291524,44727504,12172596
08:51:57,237435,batch_c_probe_3_,13291524,44727504,12172596
08:51:58,237435,batch_c_probe_3_,13291524,44727504,12172596
08:51:59,237435,batch_c_probe_3_,13291524,44727504,12172596
08:52:00,237435,batch_c_probe_3_,13291544,44727504,12172576
08:52:01,237435,batch_c_probe_3_,13291544,44727504,12172576
08:52:02,237435,batch_c_probe_3_,13291552,44727504,12172568
08:52:03,237435,batch_c_probe_3_,13291552,44727504,12172568
08:52:04,237435,batch_c_probe_3_,13291556,44727504,12172564
08:52:05,237435,batch_c_probe_3_,13291556,44727504,12172564
08:52:06,237435,batch_c_probe_3_,13291568,44727504,12172552
08:52:07,237435,batch_c_probe_3_,13291572,44727504,12172548
08:52:08,237435,batch_c_probe_3_,13291604,44727504,12172516
08:52:09,237435,batch_c_probe_3_,13291604,44727504,12172516
08:52:10,237435,batch_c_probe_3_,13291680,44727504,12172440
08:52:11,237435,batch_c_probe_3_,13293436,44727504,12170684
08:52:12,237435,batch_c_probe_3_,13293440,44727504,12170680
08:52:13,237435,batch_c_probe_3_,13293440,44727504,12170680
08:52:14,237435,batch_c_probe_3_,13293444,44727504,12170676
08:52:15,237435,batch_c_probe_3_,13293448,44727504,12170672
08:52:16,237435,batch_c_probe_3_,13293448,44727504,12170672
08:52:17,237435,batch_c_probe_3_,13293448,44727504,12170672
08:52:18,237435,batch_c_probe_3_,13293456,44727504,12170664
08:52:19,237435,batch_c_probe_3_,13293456,44727504,12170664
08:52:20,237435,batch_c_probe_3_,13293480,44727504,12170640
08:52:21,237435,batch_c_probe_3_,13293480,44727504,12170640
08:52:22,237435,batch_c_probe_3_,13293500,44727504,12170620
08:52:23,237435,batch_c_probe_3_,13293504,44727504,12170616
08:52:24,237435,batch_c_probe_3_,13293552,44727504,12170568
08:52:25,237435,batch_c_probe_3_,13293552,44727504,12170568
08:52:26,237435,batch_c_probe_3_,13293568,44727504,12170552
08:52:27,237435,batch_c_probe_3_,13293568,44727504,12170552
08:52:28,237435,batch_c_probe_3_,13293576,44727504,12170544
08:52:29,237435,batch_c_probe_3_,13293580,44727504,12170540
08:52:30,237435,batch_c_probe_3_,13293584,44727504,12170536
08:52:31,237435,batch_c_probe_3_,13293584,44727504,12170536
08:52:32,237435,batch_c_probe_3_,13293640,44727504,12170480
08:52:33,237435,batch_c_probe_3_,13293640,44727504,12170480
08:52:34,237435,batch_c_probe_3_,13293640,44727504,12170480
08:52:35,237435,batch_c_probe_3_,13293640,44727504,12170480
08:52:36,237435,batch_c_probe_3_,13293640,44727504,12170480
08:52:37,237435,batch_c_probe_3_,13293644,44727504,12170476
08:52:38,237435,batch_c_probe_3_,13293676,44727504,12170444
08:52:39,237435,batch_c_probe_3_,13293676,44727504,12170444
08:52:40,237435,batch_c_probe_3_,13293680,44727504,12170440
08:52:41,237435,batch_c_probe_3_,13293680,44727504,12170440
08:52:42,237435,batch_c_probe_3_,13293688,44727504,12170432
08:52:43,237435,batch_c_probe_3_,13293688,44727504,12170432
08:52:44,237435,batch_c_probe_3_,13293736,44727504,12170384
08:52:45,237435,batch_c_probe_3_,13293740,44727504,12170380
08:52:46,237435,batch_c_probe_3_,13293744,44727504,12170376
08:52:48,237435,batch_c_probe_3_,13293744,44727504,12170376
08:52:49,237435,batch_c_probe_3_,13293744,44727504,12170376
08:52:50,237435,batch_c_probe_3_,13293744,44727504,12170376
08:52:51,237435,batch_c_probe_3_,13293916,44727504,12170204
08:52:52,237435,batch_c_probe_3_,13293916,44727504,12170204
08:52:53,237435,batch_c_probe_3_,13293916,44727504,12170204
08:52:54,237435,batch_c_probe_3_,13293916,44727504,12170204
08:52:55,237435,batch_c_probe_3_,13293916,44727504,12170204
08:52:56,237435,batch_c_probe_3_,13293916,44727504,12170204
08:52:57,237435,batch_c_probe_3_,13293984,44727504,12170136
08:52:58,237435,batch_c_probe_3_,13294404,44727504,12169716
08:52:59,237435,batch_c_probe_3_,13294432,44727504,12169688
08:53:00,237435,batch_c_probe_3_,13294432,44727504,12169688
08:53:01,237435,batch_c_probe_3_,13294448,44727504,12169672
08:53:02,237435,batch_c_probe_3_,13294448,44727504,12169672
08:53:03,237435,batch_c_probe_3_,13294460,44727504,12169660
08:53:04,237435,batch_c_probe_3_,13294460,44727504,12169660
08:53:05,237435,batch_c_probe_3_,13294484,44727504,12169636
08:53:06,237435,batch_c_probe_3_,13294484,44727504,12169636
08:53:07,237435,batch_c_probe_3_,13294488,44727504,12169632
08:53:08,237435,batch_c_probe_3_,13294488,44727504,12169632
08:53:09,237435,batch_c_probe_3_,13294492,44727504,12169628
08:53:10,237435,batch_c_probe_3_,13294492,44727504,12169628
08:53:11,237435,batch_c_probe_3_,13294492,44727504,12169628
08:53:12,237435,batch_c_probe_3_,13294492,44727504,12169628
08:53:13,237435,batch_c_probe_3_,13294492,44727504,12169628
08:53:14,237435,batch_c_probe_3_,13294492,44727504,12169628
08:53:15,237435,batch_c_probe_3_,13298500,44727504,12165620
08:53:16,237435,batch_c_probe_3_,13298500,44727504,12165620
08:53:17,237435,batch_c_probe_3_,13298524,44727504,12165596
08:53:18,237435,batch_c_probe_3_,13298524,44727504,12165596
08:53:19,237435,batch_c_probe_3_,13301696,44727504,12165560
08:53:20,237435,batch_c_probe_3_,13301696,44727504,12165560
08:53:21,237435,batch_c_probe_3_,13298564,44727504,12165556
08:53:22,237435,batch_c_probe_3_,13298564,44727504,12165556
08:53:23,237435,batch_c_probe_3_,13298564,44727504,12165556
08:53:24,237435,batch_c_probe_3_,13298564,44727504,12165556
08:53:25,237435,batch_c_probe_3_,13301728,44727504,12165544
08:53:26,237435,batch_c_probe_3_,13301728,44727504,12165544
08:53:27,237435,batch_c_probe_3_,13298596,44727504,12165524
08:53:28,237435,batch_c_probe_3_,13298596,44727504,12165524
08:53:29,237435,batch_c_probe_3_,13298596,44727504,12165524
08:53:30,237435,batch_c_probe_3_,13298600,44727504,12165520
08:53:31,237435,batch_c_probe_3_,13298612,44727504,12165508
08:53:32,237435,batch_c_probe_3_,13298612,44727504,12165508
08:53:33,237435,batch_c_probe_3_,13300604,44727504,12163516
08:53:34,237435,batch_c_probe_3_,13300604,44727504,12163516
08:53:35,237435,batch_c_probe_3_,13300612,44727504,12163508
08:53:36,237435,batch_c_probe_3_,13300612,44727504,12163508
08:53:37,237435,batch_c_probe_3_,13302928,44727504,12161192
08:53:38,237435,batch_c_probe_3_,13302932,44727504,12161188
08:53:39,237435,batch_c_probe_3_,13302956,44727504,12161164
08:53:40,237435,batch_c_probe_3_,13302956,44727504,12161164
08:53:41,237435,batch_c_probe_3_,13302964,44727504,12161156
08:53:42,237435,batch_c_probe_3_,13302964,44727504,12161156
08:53:43,237435,batch_c_probe_3_,13302968,44727504,12161152
08:53:44,237435,batch_c_probe_3_,13302968,44727504,12161152
08:53:45,237435,batch_c_probe_3_,13302976,44727504,12161144
08:53:47,237435,batch_c_probe_3_,13302980,44727504,12161140
08:53:48,237435,batch_c_probe_3_,13302988,44727504,12161132
08:53:49,237435,batch_c_probe_3_,13302988,44727504,12161132
08:53:50,237435,batch_c_probe_3_,13303000,44727504,12161120
08:53:51,237435,batch_c_probe_3_,13303000,44727504,12161120
08:53:52,237435,batch_c_probe_3_,13303008,44727504,12161112
08:53:53,237435,batch_c_probe_3_,13303012,44727504,12161108
08:53:54,237435,batch_c_probe_3_,13303024,44727504,12161096
08:53:55,237435,batch_c_probe_3_,13303024,44727504,12161096
08:53:56,237435,batch_c_probe_3_,13303036,44727504,12161084
08:53:57,237435,batch_c_probe_3_,13303036,44727504,12161084
08:53:58,237435,batch_c_probe_3_,13303056,44727504,12161064
08:53:59,237435,batch_c_probe_3_,13303056,44727504,12161064
08:54:00,237435,batch_c_probe_3_,13303088,44727504,12161032
08:54:01,237435,batch_c_probe_3_,13303092,44727504,12161028
08:54:02,237435,batch_c_probe_3_,13303096,44727504,12161024
08:54:03,237435,batch_c_probe_3_,13303096,44727504,12161024
08:54:04,237435,batch_c_probe_3_,13303116,44727504,12161004
08:54:05,237435,batch_c_probe_3_,13303116,44727504,12161004
08:54:06,237435,batch_c_probe_3_,13303116,44727504,12161004
08:54:07,237435,batch_c_probe_3_,13303116,44727504,12161004
08:54:08,237435,batch_c_probe_3_,13303120,44727504,12161000
08:54:09,237435,batch_c_probe_3_,13303124,44727504,12160996
08:54:10,237435,batch_c_probe_3_,13303140,44727504,12160980
08:54:11,237435,batch_c_probe_3_,13303140,44727504,12160980
08:54:12,237435,batch_c_probe_3_,13303140,44727504,12160980
08:54:13,237435,batch_c_probe_3_,13303140,44727504,12160980
08:54:14,237435,batch_c_probe_3_,13303148,44727504,12160972
08:54:15,237435,batch_c_probe_3_,13303148,44727504,12160972
08:54:16,237435,batch_c_probe_3_,13303152,44727504,12160968
08:54:17,237435,batch_c_probe_3_,13303156,44727504,12160964
08:54:18,237435,batch_c_probe_3_,13303188,44727504,12160932
08:54:19,237435,batch_c_probe_3_,13303188,44727504,12160932
08:54:20,237435,batch_c_probe_3_,13303192,44727504,12160928
08:54:21,237435,batch_c_probe_3_,13303192,44727504,12160928
08:54:22,237435,batch_c_probe_3_,13306512,44727504,12160892
08:54:23,237435,batch_c_probe_3_,13306540,44727504,12160864
08:54:24,237435,batch_c_probe_3_,13303260,44727504,12160860
08:54:25,237435,batch_c_probe_3_,13303260,44727504,12160860
08:54:26,237435,batch_c_probe_3_,13303260,44727504,12160860
08:54:27,237435,batch_c_probe_3_,13303260,44727504,12160860
08:54:28,237435,batch_c_probe_3_,13303268,44727504,12160852
08:54:29,237435,batch_c_probe_3_,13303268,44727504,12160852
08:54:30,237435,batch_c_probe_3_,13303288,44727504,12160832
08:54:31,237435,batch_c_probe_3_,13303288,44727504,12160832
08:54:32,237435,batch_c_probe_3_,13303288,44727504,12160832
08:54:33,237435,batch_c_probe_3_,13303288,44727504,12160832
08:54:34,237435,batch_c_probe_3_,13303316,44727504,12160804
08:54:35,237435,batch_c_probe_3_,13303316,44727504,12160804
08:54:36,237435,batch_c_probe_3_,13303320,44727504,12160800
08:54:37,237435,batch_c_probe_3_,13303320,44727504,12160800
08:54:38,237435,batch_c_probe_3_,13303320,44727504,12160800
08:54:39,237435,batch_c_probe_3_,13303320,44727504,12160800
08:54:40,237435,batch_c_probe_3_,13303348,44727504,12160772
08:54:41,237435,batch_c_probe_3_,13303348,44727504,12160772
08:54:42,237435,batch_c_probe_3_,13303356,44727504,12160764
08:54:43,237435,batch_c_probe_3_,13303356,44727504,12160764
08:54:44,237435,batch_c_probe_3_,13303376,44727504,12160744
08:54:45,237435,batch_c_probe_3_,13303376,44727504,12160744
08:54:47,237435,batch_c_probe_3_,13303376,44727504,12160744
08:54:48,237435,batch_c_probe_3_,13303376,44727504,12160744
08:54:49,237435,batch_c_probe_3_,13303400,44727504,12160720
08:54:50,237435,batch_c_probe_3_,13303400,44727504,12160720
08:54:51,237435,batch_c_probe_3_,13303408,44727504,12160712
08:54:52,237435,batch_c_probe_3_,13303408,44727504,12160712
08:54:53,237435,batch_c_probe_3_,13303408,44727504,12160712
08:54:54,237435,batch_c_probe_3_,13303408,44727504,12160712
08:54:55,237435,batch_c_probe_3_,13303420,44727504,12160700
08:54:56,237435,batch_c_probe_3_,13303432,44727504,12160688
08:54:57,237435,batch_c_probe_3_,13303432,44727504,12160688
08:54:58,237435,batch_c_probe_3_,13303432,44727504,12160688
08:54:59,237435,batch_c_probe_3_,13303452,44727504,12160668
08:55:00,237435,batch_c_probe_3_,13303452,44727504,12160668
08:55:01,237435,batch_c_probe_3_,13303456,44727504,12160664
08:55:02,237435,batch_c_probe_3_,13303460,44727504,12160660
08:55:03,237435,batch_c_probe_3_,13303484,44727504,12160636
08:55:04,237435,batch_c_probe_3_,13303484,44727504,12160636
08:55:05,237435,batch_c_probe_3_,13303516,44727504,12160604
08:55:06,237435,batch_c_probe_3_,13303516,44727504,12160604
08:55:07,237435,batch_c_probe_3_,13303520,44727504,12160600
08:55:08,237435,batch_c_probe_3_,13303520,44727504,12160600
08:55:09,237435,batch_c_probe_3_,13303532,44727504,12160588
08:55:10,237435,batch_c_probe_3_,13303536,44727504,12160584
08:55:11,237435,batch_c_probe_3_,13303536,44727504,12160584
08:55:12,237435,batch_c_probe_3_,13303536,44727504,12160584
08:55:13,237435,batch_c_probe_3_,13303540,44727504,12160580
08:55:14,237435,batch_c_probe_3_,13303540,44727504,12160580
08:55:15,237435,batch_c_probe_3_,13303540,44727504,12160580
08:55:16,237435,batch_c_probe_3_,13303540,44727504,12160580
08:55:17,237435,batch_c_probe_3_,13303556,44727504,12160564
08:55:18,237435,batch_c_probe_3_,13303560,44727504,12160560
08:55:19,237435,batch_c_probe_3_,13303572,44727504,12160548
08:55:20,237435,batch_c_probe_3_,13303572,44727504,12160548
08:55:21,237435,batch_c_probe_3_,13303588,44727504,12160532
08:55:22,237435,batch_c_probe_3_,13303588,44727504,12160532
08:55:23,237435,batch_c_probe_3_,13303592,44727504,12160528
08:55:24,237435,batch_c_probe_3_,13303596,44727504,12160524
08:55:25,237435,batch_c_probe_3_,13303648,44727504,12160472
08:55:26,237435,batch_c_probe_3_,13303648,44727504,12160472
08:55:27,237435,batch_c_probe_3_,13303656,44727504,12160464
08:55:28,237435,batch_c_probe_3_,13303656,44727504,12160464
08:55:29,237435,batch_c_probe_3_,13303668,44727504,12160452
08:55:30,237435,batch_c_probe_3_,13303668,44727504,12160452
08:55:31,237435,batch_c_probe_3_,13303680,44727504,12160440
08:55:32,237435,batch_c_probe_3_,13303684,44727504,12160436
08:55:33,237435,batch_c_probe_3_,13303684,44727504,12160436
08:55:34,237435,batch_c_probe_3_,13303684,44727504,12160436
08:55:35,237435,batch_c_probe_3_,13303700,44727504,12160420
08:55:36,237435,batch_c_probe_3_,13303700,44727504,12160420
08:55:37,237435,batch_c_probe_3_,13303704,44727504,12160416
08:55:38,237435,batch_c_probe_3_,13303704,44727504,12160416
08:55:39,237435,batch_c_probe_3_,13303708,44727504,12160412
08:55:40,237435,batch_c_probe_3_,13303712,44727504,12160408
08:55:41,237435,batch_c_probe_3_,13303732,44727504,12160388
08:55:42,237435,batch_c_probe_3_,13303732,44727504,12160388
08:55:43,237435,batch_c_probe_3_,13303732,44727504,12160388
08:55:44,237435,batch_c_probe_3_,13303732,44727504,12160388
08:55:46,237435,batch_c_probe_3_,13303744,44727504,12160376
08:55:47,237435,batch_c_probe_3_,13303744,44727504,12160376
08:55:48,237435,batch_c_probe_3_,13303752,44727504,12160368
08:55:49,237435,batch_c_probe_3_,13307560,44727504,12156560
08:55:50,237435,batch_c_probe_3_,13307572,44727504,12156548
08:55:51,237435,batch_c_probe_3_,13307572,44727504,12156548
08:55:52,237435,batch_c_probe_3_,13307576,44727504,12156544
08:55:53,237435,batch_c_probe_3_,13307576,44727504,12156544
08:55:54,237435,batch_c_probe_3_,13307576,44727504,12156544
08:55:55,237435,batch_c_probe_3_,13307580,44727504,12156540
08:55:56,237435,batch_c_probe_3_,13307588,44727504,12156532
08:55:57,237435,batch_c_probe_3_,13307592,44727504,12156528
08:55:58,237435,batch_c_probe_3_,13307620,44727504,12156500
08:55:59,237435,batch_c_probe_3_,13307620,44727504,12156500
08:56:00,237435,batch_c_probe_3_,13307620,44727504,12156500
08:56:01,237435,batch_c_probe_3_,13307620,44727504,12156500
08:56:02,237435,batch_c_probe_3_,13307620,44727504,12156500
08:56:03,237435,batch_c_probe_3_,13307628,44727504,12156492
08:56:04,237435,batch_c_probe_3_,13307700,44727504,12156420
08:56:05,237435,batch_c_probe_3_,13307700,44727504,12156420
08:56:06,237435,batch_c_probe_3_,13307708,44727504,12156412
08:56:07,237435,batch_c_probe_3_,13307708,44727504,12156412
08:56:08,237435,batch_c_probe_3_,13307708,44727504,12156412
08:56:09,237435,batch_c_probe_3_,13307708,44727504,12156412
08:56:10,237435,batch_c_probe_3_,13307716,44727504,12156404
08:56:11,237435,batch_c_probe_3_,13307720,44727504,12156400
08:56:12,237435,batch_c_probe_3_,13307732,44727504,12156388
08:56:13,237435,batch_c_probe_3_,13307732,44727504,12156388
08:56:14,237435,batch_c_probe_3_,13307764,44727504,12156356
08:56:15,237435,batch_c_probe_3_,13307764,44727504,12156356
08:56:16,237435,batch_c_probe_3_,13307792,44727504,12156328
08:56:17,237435,batch_c_probe_3_,13307796,44727504,12156324
08:56:18,237435,batch_c_probe_3_,13307800,44727504,12156320
08:56:19,237435,batch_c_probe_3_,13307804,44727504,12156316
08:56:20,237435,batch_c_probe_3_,13307828,44727504,12156292
08:56:21,237435,batch_c_probe_3_,13307828,44727504,12156292
08:56:22,237435,batch_c_probe_3_,13307836,44727504,12156284
08:56:23,237435,batch_c_probe_3_,13307836,44727504,12156284
08:56:24,237435,batch_c_probe_3_,13307836,44727504,12156284
08:56:25,237435,batch_c_probe_3_,13307840,44727504,12156280
08:56:26,237435,batch_c_probe_3_,13307848,44727504,12156272
08:56:27,237435,batch_c_probe_3_,13307852,44727504,12156268
08:56:28,237435,batch_c_probe_3_,13307860,44727504,12156260
08:56:29,237435,batch_c_probe_3_,13307860,44727504,12156260
08:56:30,237435,batch_c_probe_3_,13307860,44727504,12156260
08:56:31,237435,batch_c_probe_3_,13307860,44727504,12156260
08:56:32,237435,batch_c_probe_3_,13307864,44727504,12156256
08:56:33,237435,batch_c_probe_3_,13307872,44727504,12156248
08:56:34,237435,batch_c_probe_3_,13307884,44727504,12156236
08:56:35,237435,batch_c_probe_3_,13307884,44727504,12156236
08:56:36,237435,batch_c_probe_3_,13307924,44727504,12156196
08:56:37,237435,batch_c_probe_3_,13307924,44727504,12156196
08:56:38,237435,batch_c_probe_3_,13307928,44727504,12156192
08:56:39,237435,batch_c_probe_3_,13307928,44727504,12156192
08:56:40,237435,batch_c_probe_3_,13307956,44727504,12156164
08:56:41,237435,batch_c_probe_3_,13307964,44727504,12156156
08:56:42,237435,batch_c_probe_3_,13307972,44727504,12156148
08:56:43,237435,batch_c_probe_3_,13307972,44727504,12156148
08:56:45,237435,batch_c_probe_3_,13307988,44727504,12156132
08:56:46,237435,batch_c_probe_3_,13307988,44727504,12156132
08:56:47,237435,batch_c_probe_3_,13307988,44727504,12156132
08:56:48,237435,batch_c_probe_3_,13307988,44727504,12156132
08:56:49,237435,batch_c_probe_3_,13307992,44727504,12156128
08:56:50,237435,batch_c_probe_3_,13307996,44727504,12156124
08:56:51,237435,batch_c_probe_3_,13308012,44727504,12156108
08:56:52,237435,batch_c_probe_3_,13308012,44727504,12156108
08:56:53,237435,batch_c_probe_3_,13308012,44727504,12156108
08:56:54,237435,batch_c_probe_3_,13308012,44727504,12156108
08:56:55,237435,batch_c_probe_3_,13308024,44727504,12156096
08:56:56,237435,batch_c_probe_3_,13308028,44727504,12156092
08:56:57,237435,batch_c_probe_3_,13308032,44727504,12156088
08:56:58,237435,batch_c_probe_3_,13308036,44727504,12156084
08:56:59,237435,batch_c_probe_3_,13308080,44727504,12156040
08:57:00,237435,batch_c_probe_3_,13308080,44727504,12156040
08:57:01,237435,batch_c_probe_3_,13308092,44727504,12156028
08:57:02,237435,batch_c_probe_3_,13308092,44727504,12156028
08:57:03,237435,batch_c_probe_3_,13308100,44727504,12156020
08:57:04,237435,batch_c_probe_3_,13308104,44727504,12156016
08:57:05,237435,batch_c_probe_3_,13308148,44727504,12155972
08:57:06,237435,batch_c_probe_3_,13308152,44727504,12155968
08:57:07,237435,batch_c_probe_3_,13308152,44727504,12155968
08:57:08,237435,batch_c_probe_3_,13308152,44727504,12155968
08:57:09,237435,batch_c_probe_3_,13308176,44727504,12155968
08:57:10,237435,batch_c_probe_3_,13308152,44727504,12155968
08:57:11,237435,batch_c_probe_3_,13308176,44727504,12155968
08:57:12,237435,batch_c_probe_3_,13308152,44727504,12155968
08:57:13,237435,batch_c_probe_3_,13308180,44727504,12155964
08:57:14,237435,batch_c_probe_3_,13308168,44727504,12155952
08:57:15,237435,batch_c_probe_3_,13308192,44727504,12155952
08:57:16,237435,batch_c_probe_3_,13308172,44727504,12155948
08:57:17,237435,batch_c_probe_3_,13308172,44727504,12155948
08:57:18,237435,batch_c_probe_3_,13308172,44727504,12155948
08:57:19,237435,batch_c_probe_3_,13308176,44727504,12155944
08:57:20,237435,batch_c_probe_3_,13308200,44727504,12155920
08:57:21,237435,batch_c_probe_3_,13308200,44727504,12155920
08:57:22,237435,batch_c_probe_3_,13309092,44727504,12155028
08:57:23,237435,batch_c_probe_3_,13309092,44727504,12155028
08:57:24,237435,batch_c_probe_3_,13309092,44727504,12155028
08:57:25,237435,batch_c_probe_3_,13309092,44727504,12155028
08:57:26,237435,batch_c_probe_3_,13309104,44727504,12155016
08:57:27,237435,batch_c_probe_3_,13309104,44727504,12155016
08:57:28,237435,batch_c_probe_3_,13309108,44727504,12155012
08:57:29,237435,batch_c_probe_3_,13309108,44727504,12155012
08:57:30,237435,batch_c_probe_3_,13309108,44727504,12155012
08:57:31,237435,batch_c_probe_3_,13309108,44727504,12155012
08:57:32,237435,batch_c_probe_3_,13309172,44727504,12154948
08:57:33,237435,batch_c_probe_3_,13309172,44727504,12154948
08:57:34,237435,batch_c_probe_3_,13309216,44727504,12154904
08:57:35,237435,batch_c_probe_3_,13309216,44727504,12154904
08:57:36,237435,batch_c_probe_3_,13309228,44727504,12154892
08:57:37,237435,batch_c_probe_3_,13309228,44727504,12154892
08:57:38,237435,batch_c_probe_3_,13309228,44727504,12154892
08:57:39,237435,batch_c_probe_3_,13309228,44727504,12154892
08:57:40,237435,batch_c_probe_3_,13309228,44727504,12154892
08:57:41,237435,batch_c_probe_3_,13309228,44727504,12154892
08:57:42,237435,batch_c_probe_3_,13309244,44727504,12154876
08:57:44,237435,batch_c_probe_3_,13309244,44727504,12154876
08:57:45,237435,batch_c_probe_3_,13309244,44727504,12154876
08:57:46,237435,batch_c_probe_3_,13309244,44727504,12154876
08:57:47,237435,batch_c_probe_3_,13309384,44727504,12154736
08:57:48,237435,batch_c_probe_3_,13309384,44727504,12154736
08:57:49,237435,batch_c_probe_3_,13309384,44727504,12154736
08:57:50,237435,batch_c_probe_3_,13309384,44727504,12154736
08:57:51,237435,batch_c_probe_3_,13309408,44727504,12154712
08:57:52,237435,batch_c_probe_3_,13309412,44727504,12154708
08:57:53,237435,batch_c_probe_3_,13309424,44727504,12154696
08:57:54,237435,batch_c_probe_3_,13309424,44727504,12154696
08:57:55,237435,batch_c_probe_3_,13309464,44727504,12154656
08:57:56,237435,batch_c_probe_3_,13309824,44727504,12154296
08:57:57,237435,batch_c_probe_3_,13313612,44727504,12150508
08:57:58,237435,batch_c_probe_3_,13314688,44727504,12149432
08:57:59,237435,batch_c_probe_3_,13314688,44727504,12149432
08:58:00,237435,batch_c_probe_3_,13315220,44727504,12148900
08:58:01,237435,batch_c_probe_3_,13315236,44727504,12148884
08:58:02,237435,batch_c_probe_3_,13316252,44727504,12147868
08:58:03,237435,batch_c_probe_3_,13316264,44727504,12147856
08:58:04,237435,batch_c_probe_3_,13316904,44727504,12147216
08:58:05,237435,batch_c_probe_3_,13316908,44727504,12147212
08:58:06,237435,batch_c_probe_3_,13317848,44727504,12146272
08:58:07,237435,batch_c_probe_3_,13320036,44727504,12144084
08:58:08,237435,batch_c_probe_3_,13321052,44727504,12143068
08:58:09,237435,batch_c_probe_3_,13321064,44727504,12143056
08:58:10,237435,batch_c_probe_3_,13321064,44727504,12143056
08:58:11,237435,batch_c_probe_3_,13321064,44727504,12143056
08:58:12,237435,batch_c_probe_3_,13321064,44727504,12143056
08:58:13,237435,batch_c_probe_3_,13321068,44727504,12143052
08:58:14,237435,batch_c_probe_3_,13321076,44727504,12143044
08:58:15,237435,batch_c_probe_3_,13321180,44727504,12142940
08:58:16,237435,batch_c_probe_3_,13321180,44727504,12142940
08:58:17,237435,batch_c_probe_3_,13321212,44727504,12142908
08:58:18,237435,batch_c_probe_3_,13321212,44727504,12142908
08:58:19,237435,batch_c_probe_3_,13367684,44727504,12096436
08:58:20,237435,batch_c_probe_3_,13368448,44727504,12095672
08:58:21,237435,batch_c_probe_3_,13368452,44727504,12095668
08:58:22,237435,batch_c_probe_3_,13368456,44727504,12095664
08:58:23,237435,batch_c_probe_3_,13368456,44727504,12095664
08:58:24,237435,batch_c_probe_3_,13368456,44727504,12095664
08:58:25,237435,batch_c_probe_3_,13368456,44727504,12095664
08:58:26,237435,batch_c_probe_3_,13368456,44727504,12095664
08:58:27,237435,batch_c_probe_3_,13368456,44727504,12095664
08:58:28,237435,batch_c_probe_3_,13368464,44727504,12095656
08:58:29,237435,batch_c_probe_3_,13368468,44727504,12095652
08:58:30,237435,batch_c_probe_3_,13368472,44727504,12095648
08:58:31,237435,batch_c_probe_3_,13368472,44727504,12095648
08:58:32,237435,batch_c_probe_3_,13368472,44727504,12095648
08:58:33,237435,batch_c_probe_3_,13368472,44727504,12095648
08:58:34,237435,batch_c_probe_3_,13368492,44727504,12095628
08:58:35,237435,batch_c_probe_3_,13368492,44727504,12095628
08:58:36,237435,batch_c_probe_3_,13368496,44727504,12095624
08:58:37,237435,batch_c_probe_3_,13368504,44727504,12095616
08:58:38,237435,batch_c_probe_3_,13368504,44727504,12095616
08:58:39,237435,batch_c_probe_3_,13368504,44727504,12095616
08:58:40,237435,batch_c_probe_3_,13368508,44727504,12095612
08:58:41,237435,batch_c_probe_3_,13368508,44727504,12095612
08:58:43,237435,batch_c_probe_3_,13368564,44727504,12095556
08:58:44,237435,batch_c_probe_3_,13368568,44727504,12095552
08:58:45,237435,batch_c_probe_3_,13368568,44727504,12095552
08:58:46,237435,batch_c_probe_3_,13368572,44727504,12095548
08:58:47,237435,batch_c_probe_3_,13368572,44727504,12095548
08:58:48,237435,batch_c_probe_3_,13368572,44727504,12095548
08:58:49,237435,batch_c_probe_3_,13368572,44727504,12095548
08:58:50,237435,batch_c_probe_3_,13368572,44727504,12095548
08:58:51,237435,batch_c_probe_3_,13368572,44727504,12095548
08:58:52,237435,batch_c_probe_3_,13368576,44727504,12095544
08:58:53,237435,batch_c_probe_3_,13368576,44727504,12095544
08:58:54,237435,batch_c_probe_3_,13368580,44727504,12095540
08:58:55,237435,batch_c_probe_3_,13368580,44727504,12095540
08:58:56,237435,batch_c_probe_3_,13368580,44727504,12095540
08:58:57,237435,batch_c_probe_3_,13369116,44727504,12095004
08:58:58,237435,batch_c_probe_3_,13369116,44727504,12095004
08:58:59,237435,batch_c_probe_3_,13369132,44727504,12094988
08:59:00,237435,batch_c_probe_3_,13369136,44727504,12094984
08:59:01,237435,batch_c_probe_3_,13369136,44727504,12094984
08:59:02,237435,batch_c_probe_3_,13369136,44727504,12094984
08:59:03,237435,batch_c_probe_3_,13369136,44727504,12094984
08:59:04,237435,batch_c_probe_3_,13369136,44727504,12094984
08:59:05,237435,batch_c_probe_3_,13369168,44727504,12094952
08:59:06,237435,batch_c_probe_3_,13369168,44727504,12094952
08:59:07,237435,batch_c_probe_3_,13369192,44727504,12094928
08:59:08,237435,batch_c_probe_3_,13369196,44727504,12094924
08:59:09,237435,batch_c_probe_3_,13369212,44727504,12094908
08:59:10,237435,batch_c_probe_3_,13369216,44727504,12094904
08:59:11,237435,batch_c_probe_3_,13369216,44727504,12094904
08:59:12,237435,batch_c_probe_3_,13369216,44727504,12094904
08:59:13,237435,batch_c_probe_3_,13369256,44727504,12094864
08:59:14,237435,batch_c_probe_3_,13369256,44727504,12094864
08:59:15,237435,batch_c_probe_3_,13369264,44727504,12094856
08:59:16,237435,batch_c_probe_3_,13370988,44727504,12093132
08:59:17,237435,batch_c_probe_3_,13371104,44727504,12093040
08:59:18,237435,batch_c_probe_3_,13371132,44727504,12092988
08:59:19,237435,batch_c_probe_3_,13371156,44727504,12092988
08:59:20,237435,batch_c_probe_3_,13371144,44727504,12092976
08:59:21,237435,batch_c_probe_3_,13371168,44727504,12092976
08:59:22,237435,batch_c_probe_3_,13371152,44727504,12092968
08:59:23,237435,batch_c_probe_3_,13371152,44727504,12092968
08:59:24,237435,batch_c_probe_3_,13371156,44727504,12092964
08:59:25,237435,batch_c_probe_3_,13371156,44727504,12092964
08:59:26,237435,batch_c_probe_3_,13371168,44727504,12092952
08:59:27,237435,batch_c_probe_3_,13371168,44727504,12092952
08:59:28,237435,batch_c_probe_3_,13371168,44727504,12092952
08:59:29,237435,batch_c_probe_3_,13371168,44727504,12092952
08:59:30,237435,batch_c_probe_3_,13371192,44727504,12092928
08:59:31,237435,batch_c_probe_3_,13371192,44727504,12092928
08:59:32,237435,batch_c_probe_3_,13371196,44727504,12092924
08:59:33,237435,batch_c_probe_3_,13371196,44727504,12092924
08:59:34,237435,batch_c_probe_3_,13371216,44727504,12092904
08:59:35,237435,batch_c_probe_3_,13371216,44727504,12092904
08:59:36,237435,batch_c_probe_3_,13371220,44727504,12092900
08:59:37,237435,batch_c_probe_3_,13371220,44727504,12092900
08:59:38,237435,batch_c_probe_3_,13371304,44727504,12092816
08:59:39,237435,batch_c_probe_3_,13371304,44727504,12092816
08:59:41,237435,batch_c_probe_3_,13371316,44727504,12092804
08:59:42,237435,batch_c_probe_3_,13371316,44727504,12092804
08:59:43,237435,batch_c_probe_3_,13371316,44727504,12092804
08:59:44,237435,batch_c_probe_3_,13371316,44727504,12092804
08:59:45,237435,batch_c_probe_3_,13372772,44727504,12092744
08:59:46,237435,batch_c_probe_3_,13372772,44727504,12092744
08:59:47,237435,batch_c_probe_3_,13371376,44727504,12092744
08:59:48,237435,batch_c_probe_3_,13371380,44727504,12092740
08:59:49,237435,batch_c_probe_3_,13371392,44727504,12092728
08:59:50,237435,batch_c_probe_3_,13371392,44727504,12092728
08:59:51,237435,batch_c_probe_3_,13371420,44727504,12092700
08:59:52,237435,batch_c_probe_3_,13371420,44727504,12092700
08:59:53,237435,batch_c_probe_3_,13371424,44727504,12092696
08:59:54,237435,batch_c_probe_3_,13371424,44727504,12092696
08:59:55,237435,batch_c_probe_3_,13371428,44727504,12092692
08:59:56,237435,batch_c_probe_3_,13371432,44727504,12092688
08:59:57,237435,batch_c_probe_3_,13371488,44727504,12092632
08:59:58,237435,batch_c_probe_3_,13371488,44727504,12092632
08:59:59,237435,batch_c_probe_3_,13371488,44727504,12092632
09:00:00,237435,batch_c_probe_3_,13371488,44727504,12092632
09:00:01,237435,batch_c_probe_3_,13371500,44727504,12092620
09:00:02,237435,batch_c_probe_3_,13371504,44727504,12092616
09:00:03,237435,batch_c_probe_3_,13371504,44727504,12092616
09:00:04,237435,batch_c_probe_3_,13371504,44727504,12092616
09:00:05,237435,batch_c_probe_3_,13371508,44727504,12092612
09:00:06,237435,batch_c_probe_3_,13371508,44727504,12092612
09:00:07,237435,batch_c_probe_3_,13371508,44727504,12092612
09:00:08,237435,batch_c_probe_3_,13371508,44727504,12092612
09:00:09,237435,batch_c_probe_3_,13371524,44727504,12092596
09:00:10,237435,batch_c_probe_3_,13371528,44727504,12092592
09:00:11,237435,batch_c_probe_3_,13371528,44727504,12092592
09:00:12,237435,batch_c_probe_3_,13371528,44727504,12092592
09:00:13,237435,batch_c_probe_3_,13371552,44727504,12092592
09:00:14,237435,batch_c_probe_3_,13371532,44727504,12092588
09:00:15,237435,batch_c_probe_3_,13371556,44727504,12092588
09:00:16,237435,batch_c_probe_3_,13371532,44727504,12092588
09:00:17,237435,batch_c_probe_3_,13371532,44727504,12092588
09:00:18,237435,batch_c_probe_3_,13371536,44727504,12092584
09:00:19,237435,batch_c_probe_3_,13371536,44727504,12092584
09:00:20,237435,batch_c_probe_3_,13371576,44727504,12092544
09:00:21,237435,batch_c_probe_3_,13371576,44727504,12092544
09:00:22,237435,batch_c_probe_3_,13371576,44727504,12092544
09:00:23,237435,batch_c_probe_3_,13374572,44727504,12089548
09:00:24,237435,batch_c_probe_3_,13374616,44727504,12089504
09:00:25,237435,batch_c_probe_3_,13374616,44727504,12089504
09:00:26,237435,batch_c_probe_3_,13374624,44727504,12089496
09:00:27,237435,batch_c_probe_3_,13374624,44727504,12089496
09:00:28,237435,batch_c_probe_3_,13377620,44727504,12086500
09:00:29,237435,batch_c_probe_3_,13377620,44727504,12086500
09:00:30,237435,batch_c_probe_3_,13379196,44727504,12086468
09:00:31,237435,batch_c_probe_3_,13379196,44727504,12086468
09:00:32,237435,batch_c_probe_3_,13377656,44727504,12086464
09:00:33,237435,batch_c_probe_3_,13377656,44727504,12086464
09:00:34,237435,batch_c_probe_3_,13377660,44727504,12086460
09:00:35,237435,batch_c_probe_3_,13377660,44727504,12086460
09:00:36,237435,batch_c_probe_3_,13377660,44727504,12086460
09:00:37,237435,batch_c_probe_3_,13377660,44727504,12086460
09:00:38,237435,batch_c_probe_3_,13377668,44727504,12086452
09:00:40,237435,batch_c_probe_3_,13377668,44727504,12086452
09:00:41,237435,batch_c_probe_3_,13377696,44727504,12086424
09:00:42,237435,batch_c_probe_3_,13377700,44727504,12086420
09:00:43,237435,batch_c_probe_3_,13377708,44727504,12086412
09:00:44,237435,batch_c_probe_3_,13377708,44727504,12086412
09:00:45,237435,batch_c_probe_3_,13377716,44727504,12086404
09:00:46,237435,batch_c_probe_3_,13377716,44727504,12086404
09:00:47,237435,batch_c_probe_3_,13377720,44727504,12086400
09:00:48,237435,batch_c_probe_3_,13377720,44727504,12086400
09:00:49,237435,batch_c_probe_3_,13377720,44727504,12086400
09:00:50,237435,batch_c_probe_3_,13377724,44727504,12086396
09:00:51,237435,batch_c_probe_3_,13377728,44727504,12086392
09:00:52,237435,batch_c_probe_3_,13377728,44727504,12086392
09:00:53,237435,batch_c_probe_3_,13377884,44727504,12086236
09:00:54,237435,batch_c_probe_3_,13377884,44727504,12086236
09:00:55,237435,batch_c_probe_3_,13377884,44727504,12086236
09:00:56,237435,batch_c_probe_3_,13377884,44727504,12086236
09:00:57,237435,batch_c_probe_3_,13377924,44727504,12086196
09:00:58,237435,batch_c_probe_3_,13377928,44727504,12086192
09:00:59,237435,batch_c_probe_3_,13377928,44727504,12086192
09:01:00,237435,batch_c_probe_3_,13377928,44727504,12086192
09:01:01,237435,batch_c_probe_3_,13377952,44727504,12086168
09:01:02,237435,batch_c_probe_3_,13377952,44727504,12086168
09:01:03,237435,batch_c_probe_3_,13377976,44727504,12086168
09:01:04,237435,batch_c_probe_3_,13377960,44727504,12086160
09:01:05,237435,batch_c_probe_3_,13377984,44727504,12086160
09:01:06,237435,batch_c_probe_3_,13377996,44727504,12086124
09:01:07,237435,batch_c_probe_3_,13377996,44727504,12086124
09:01:08,237435,batch_c_probe_3_,13377996,44727504,12086124
09:01:09,237435,batch_c_probe_3_,13377996,44727504,12086124
09:01:10,237435,batch_c_probe_3_,13378004,44727504,12086116
09:01:11,237435,batch_c_probe_3_,13378004,44727504,12086116
09:01:12,237435,batch_c_probe_3_,13378012,44727504,12086108
09:01:13,237435,batch_c_probe_3_,13378012,44727504,12086108
09:01:14,237435,batch_c_probe_3_,13378016,44727504,12086104
09:01:15,237435,batch_c_probe_3_,13378016,44727504,12086104
09:01:16,237435,batch_c_probe_3_,13378032,44727504,12086088
09:01:17,237435,batch_c_probe_3_,13378032,44727504,12086088
09:01:18,237435,batch_c_probe_3_,13378060,44727504,12086060
09:01:19,237435,batch_c_probe_3_,13378060,44727504,12086060
09:01:20,237435,batch_c_probe_3_,13378072,44727504,12086048
09:01:21,237435,batch_c_probe_3_,13378072,44727504,12086048
09:01:22,237435,batch_c_probe_3_,13378208,44727504,12085912
09:01:23,237435,batch_c_probe_3_,13379100,44727504,12085020
09:01:24,237435,batch_c_probe_3_,13379100,44727504,12085020
09:01:25,237435,batch_c_probe_3_,13379100,44727504,12085020
09:01:26,237435,batch_c_probe_3_,13379120,44727504,12085000
09:01:27,237435,batch_c_probe_3_,13379124,44727504,12084996
09:01:28,237435,batch_c_probe_3_,13379196,44727504,12084924
09:01:29,237435,batch_c_probe_3_,13379196,44727504,12084924
09:01:30,237435,batch_c_probe_3_,13379216,44727504,12084904
09:01:31,237435,batch_c_probe_3_,13379216,44727504,12084904
09:01:32,237435,batch_c_probe_3_,13379216,44727504,12084904
09:01:33,237435,batch_c_probe_3_,13379216,44727504,12084904
09:01:34,237435,batch_c_probe_3_,13379232,44727504,12084888
09:01:35,237435,batch_c_probe_3_,13379444,44727504,12084676
09:01:36,237435,batch_c_probe_3_,13379456,44727504,12084664
09:01:37,237435,batch_c_probe_3_,13379456,44727504,12084664
09:01:39,237435,batch_c_probe_3_,13379460,44727504,12084660
09:01:40,237435,batch_c_probe_3_,13379460,44727504,12084660
09:01:41,237435,batch_c_probe_3_,13379468,44727504,12084652
09:01:42,237435,batch_c_probe_3_,13380564,44727504,12083556
09:01:43,237435,batch_c_probe_3_,13380564,44727504,12083556
09:01:44,237435,batch_c_probe_3_,13380568,44727504,12083552
09:01:45,237435,batch_c_probe_3_,13380572,44727504,12083548
09:01:46,237435,batch_c_probe_3_,13380572,44727504,12083548
09:01:47,237435,batch_c_probe_3_,13380572,44727504,12083548
09:01:48,237435,batch_c_probe_3_,13380572,44727504,12083548
09:01:49,237435,batch_c_probe_3_,13380584,44727504,12083536
09:01:50,237435,batch_c_probe_3_,13380608,44727504,12083512
09:01:51,237435,batch_c_probe_3_,13380632,44727504,12083512
09:01:52,237435,batch_c_probe_3_,13380612,44727504,12083508
09:01:53,237435,batch_c_probe_3_,13380612,44727504,12083508
09:01:54,237435,batch_c_probe_3_,13380624,44727504,12083496
09:01:55,237435,batch_c_probe_3_,13380624,44727504,12083496
09:01:56,237435,batch_c_probe_3_,13380632,44727504,12083488
09:01:57,237435,batch_c_probe_3_,13380632,44727504,12083488
09:01:58,237435,batch_c_probe_3_,13380636,44727504,12083484
09:01:59,237435,batch_c_probe_3_,13380636,44727504,12083484
09:02:00,237435,batch_c_probe_3_,13380636,44727504,12083484
09:02:01,237435,batch_c_probe_3_,13380636,44727504,12083484
09:02:02,237435,batch_c_probe_3_,13380636,44727504,12083484
09:02:03,237435,batch_c_probe_3_,13380636,44727504,12083484
09:02:04,237435,batch_c_probe_3_,13380636,44727504,12083484
09:02:05,237435,batch_c_probe_3_,13380636,44727504,12083484
09:02:06,237435,batch_c_probe_3_,13380648,44727504,12083472
09:02:07,237435,batch_c_probe_3_,13380652,44727504,12083468
09:02:08,237435,batch_c_probe_3_,13380652,44727504,12083468
09:02:09,237435,batch_c_probe_3_,13380652,44727504,12083468
09:02:10,237435,batch_c_probe_3_,13380668,44727504,12083452
09:02:11,237435,batch_c_probe_3_,13380668,44727504,12083452
09:02:12,237435,batch_c_probe_3_,13380668,44727504,12083452
09:02:13,237435,batch_c_probe_3_,13380668,44727504,12083452
09:02:14,237435,batch_c_probe_3_,13380676,44727504,12083444
09:02:15,237435,batch_c_probe_3_,13380680,44727504,12083440
09:02:16,237435,batch_c_probe_3_,13380688,44727504,12083432
09:02:17,237435,batch_c_probe_3_,13380688,44727504,12083432
09:02:18,237435,batch_c_probe_3_,13380688,44727504,12083432
09:02:19,237435,batch_c_probe_3_,13380688,44727504,12083432
09:02:20,237435,batch_c_probe_3_,13380724,44727504,12083396
09:02:21,237435,batch_c_probe_3_,13380724,44727504,12083396
09:02:22,237435,batch_c_probe_3_,13380836,44727504,12083284
09:02:23,237435,batch_c_probe_3_,13380840,44727504,12083280
09:02:24,237435,batch_c_probe_3_,13380840,44727504,12083280
09:02:25,237435,batch_c_probe_3_,13380840,44727504,12083280
09:02:26,237435,batch_c_probe_3_,13380840,44727504,12083280
09:02:27,237435,batch_c_probe_3_,13380840,44727504,12083280
09:02:28,237435,batch_c_probe_3_,13380852,44727504,12083268
09:02:29,237435,batch_c_probe_3_,13380856,44727504,12083264
09:02:30,237435,batch_c_probe_3_,13380880,44727504,12083264
09:02:31,237435,batch_c_probe_3_,13380868,44727504,12083252
09:02:32,237435,batch_c_probe_3_,13380892,44727504,12083252
09:02:33,237435,batch_c_probe_3_,13380880,44727504,12083240
09:02:34,237435,batch_c_probe_3_,13380880,44727504,12083240
09:02:35,237435,batch_c_probe_3_,13380884,44727504,12083236
09:02:37,237435,batch_c_probe_3_,13380884,44727504,12083236
09:02:38,237435,batch_c_probe_3_,13380888,44727504,12083232
09:02:39,237435,batch_c_probe_3_,13380888,44727504,12083232
09:02:40,237435,batch_c_probe_3_,13380904,44727504,12083216
09:02:41,237435,batch_c_probe_3_,13380904,44727504,12083216
09:02:42,237435,batch_c_probe_3_,13380912,44727504,12083208
09:02:43,237435,batch_c_probe_3_,13380912,44727504,12083208
09:02:44,237435,batch_c_probe_3_,13380912,44727504,12083208
09:02:45,237435,batch_c_probe_3_,13380912,44727504,12083208
09:02:46,237435,batch_c_probe_3_,13380984,44727504,12083136
09:02:47,237435,batch_c_probe_3_,13380984,44727504,12083136
09:02:48,237435,batch_c_probe_3_,13380984,44727504,12083136
09:02:49,237435,batch_c_probe_3_,13380984,44727504,12083136
09:02:50,237435,batch_c_probe_3_,13381040,44727504,12083080
09:02:51,237435,batch_c_probe_3_,13381040,44727504,12083080
09:02:52,237435,batch_c_probe_3_,13381040,44727504,12083080
09:02:53,237435,batch_c_probe_3_,13381040,44727504,12083080
09:02:54,237435,batch_c_probe_3_,13381056,44727504,12083064
09:02:55,237435,batch_c_probe_3_,13381060,44727504,12083060
09:02:56,237435,batch_c_probe_3_,13382052,44727504,12082068
09:02:57,237435,batch_c_probe_3_,13382052,44727504,12082068
09:02:58,237435,batch_c_probe_3_,13382068,44727504,12082052
09:02:59,237435,batch_c_probe_3_,13382068,44727504,12082052
09:03:00,237435,batch_c_probe_3_,13382076,44727504,12082044
09:03:01,237435,batch_c_probe_3_,13382080,44727504,12082040
09:03:02,237435,batch_c_probe_3_,13382080,44727504,12082040
09:03:03,237435,batch_c_probe_3_,13382080,44727504,12082040
09:03:04,237435,batch_c_probe_3_,13382088,44727504,12082032
09:03:05,237435,batch_c_probe_3_,13382088,44727504,12082032
09:03:06,237435,batch_c_probe_3_,13382108,44727504,12082012
09:03:07,237435,batch_c_probe_3_,13382112,44727504,12082008
09:03:08,237435,batch_c_probe_3_,13382120,44727504,12082000
09:03:09,237435,batch_c_probe_3_,13382124,44727504,12081996
09:03:10,237435,batch_c_probe_3_,13382148,44727504,12081996
09:03:11,237435,batch_c_probe_3_,13382148,44727504,12081972
09:03:12,237435,batch_c_probe_3_,13382148,44727504,12081972
09:03:13,237435,batch_c_probe_3_,13382148,44727504,12081972
09:03:14,237435,batch_c_probe_3_,13382148,44727504,12081972
09:03:15,237435,batch_c_probe_3_,13382148,44727504,12081972
09:03:16,237435,batch_c_probe_3_,13382148,44727504,12081972
09:03:17,237435,batch_c_probe_3_,13382160,44727504,12081960
09:03:18,237435,batch_c_probe_3_,13382160,44727504,12081960
09:03:19,237435,batch_c_probe_3_,13382164,44727504,12081956
09:03:20,237435,batch_c_probe_3_,13382164,44727504,12081956
09:03:21,237435,batch_c_probe_3_,13382168,44727504,12081952
09:03:22,237435,batch_c_probe_3_,13382168,44727504,12081952
09:03:23,237435,batch_c_probe_3_,13382204,44727504,12081916
09:03:24,237435,batch_c_probe_3_,13382204,44727504,12081916
09:03:25,237435,batch_c_probe_3_,13382204,44727504,12081916
09:03:26,237435,batch_c_probe_3_,13382208,44727504,12081912
09:03:27,237435,batch_c_probe_3_,13382216,44727504,12081904
09:03:28,237435,batch_c_probe_3_,13382216,44727504,12081904
09:03:29,237435,batch_c_probe_3_,13382220,44727504,12081900
09:03:30,237435,batch_c_probe_3_,13382220,44727504,12081900
09:03:31,237435,batch_c_probe_3_,13382224,44727504,12081896
09:03:32,237435,batch_c_probe_3_,13382228,44727504,12081892
09:03:33,237435,batch_c_probe_3_,13385168,44727504,12078952
09:03:34,237435,batch_c_probe_3_,13385168,44727504,12078952
09:03:36,237435,batch_c_probe_3_,13388256,44727504,12075864
09:03:37,237435,batch_c_probe_3_,13388256,44727504,12075864
09:03:38,237435,batch_c_probe_3_,13390284,44727504,12073836
09:03:39,237435,batch_c_probe_3_,13390284,44727504,12073836
09:03:40,237435,batch_c_probe_3_,13390288,44727504,12073832
09:03:41,237435,batch_c_probe_3_,13390292,44727504,12073828
09:03:42,237435,batch_c_probe_3_,13393308,44727504,12070812
09:03:43,237435,batch_c_probe_3_,13397176,44727504,12066944
09:03:44,237435,batch_c_probe_3_,13397200,44727504,12066944
09:03:45,237435,batch_c_probe_3_,13397180,44727504,12066940
09:03:46,237435,batch_c_probe_3_,13397180,44727504,12066940
09:03:47,237435,batch_c_probe_3_,13397184,44727504,12066936
09:03:48,237435,batch_c_probe_3_,13397184,44727504,12066936
09:03:49,237435,batch_c_probe_3_,13397212,44727504,12066908
09:03:50,237435,batch_c_probe_3_,13397212,44727504,12066908
09:03:51,237435,batch_c_probe_3_,13397212,44727504,12066908
09:03:52,237435,batch_c_probe_3_,13397212,44727504,12066908
09:03:53,237435,batch_c_probe_3_,13397236,44727504,12066884
09:03:54,237435,batch_c_probe_3_,13397236,44727504,12066884
09:03:55,237435,batch_c_probe_3_,13397248,44727504,12066872
09:03:56,237435,batch_c_probe_3_,13397248,44727504,12066872
09:03:57,237435,batch_c_probe_3_,13397296,44727504,12066824
09:03:58,237435,batch_c_probe_3_,13397296,44727504,12066824
09:03:59,237435,batch_c_probe_3_,13397296,44727504,12066824
09:04:00,237435,batch_c_probe_3_,13397296,44727504,12066824
09:04:01,237435,batch_c_probe_3_,13437836,44727504,12066824
09:04:02,237435,batch_c_probe_3_,13437836,44727504,12066824
09:04:03,237435,batch_c_probe_3_,13397304,44727504,12066816
09:04:04,237435,batch_c_probe_3_,13397308,44727504,12066812
09:04:05,237435,batch_c_probe_3_,13397316,44727504,12066804
09:04:06,237435,batch_c_probe_3_,13397316,44727504,12066804
09:04:07,237435,batch_c_probe_3_,13397320,44727504,12066800
09:04:08,237435,batch_c_probe_3_,13397320,44727504,12066800
09:04:09,237435,batch_c_probe_3_,13397320,44727504,12066800
09:04:10,237435,batch_c_probe_3_,13397320,44727504,12066800
09:04:11,237435,batch_c_probe_3_,13397324,44727504,12066796
09:04:12,237435,batch_c_probe_3_,13397332,44727504,12066788
09:04:13,237435,batch_c_probe_3_,13397332,44727504,12066788
09:04:14,237435,batch_c_probe_3_,13397332,44727504,12066788
09:04:15,237435,batch_c_probe_3_,13397356,44727504,12066788
09:04:16,237435,batch_c_probe_3_,13397332,44727504,12066788
09:04:17,237435,batch_c_probe_3_,13397332,44727504,12066788
09:04:18,237435,batch_c_probe_3_,13397336,44727504,12066784
09:04:19,237435,batch_c_probe_3_,13397336,44727504,12066784
09:04:20,237435,batch_c_probe_3_,13397360,44727504,12066760
09:04:21,237435,batch_c_probe_3_,13397360,44727504,12066760
09:04:22,237435,batch_c_probe_3_,13397360,44727504,12066760
09:04:23,237435,batch_c_probe_3_,13397360,44727504,12066760
09:04:24,237435,batch_c_probe_3_,13397544,44727504,12066576
09:04:25,237435,batch_c_probe_3_,13397544,44727504,12066576
09:04:26,237435,batch_c_probe_3_,13397548,44727504,12066572
09:04:27,237435,batch_c_probe_3_,13397552,44727504,12066568
09:04:28,237435,batch_c_probe_3_,13397584,44727504,12066536
09:04:29,237435,batch_c_probe_3_,13397584,44727504,12066536
09:04:30,237435,batch_c_probe_3_,13397588,44727504,12066532
09:04:31,237435,batch_c_probe_3_,13397588,44727504,12066532
09:04:32,237435,batch_c_probe_3_,13397588,44727504,12066532
09:04:33,237435,batch_c_probe_3_,13397588,44727504,12066532
09:04:35,237435,batch_c_probe_3_,13397596,44727504,12066524
09:04:36,237435,batch_c_probe_3_,13397600,44727504,12066520
09:04:37,237435,batch_c_probe_3_,13397628,44727504,12066492
09:04:38,237435,batch_c_probe_3_,13397628,44727504,12066492
09:04:39,237435,batch_c_probe_3_,13397632,44727504,12066488
09:04:40,237435,batch_c_probe_3_,13397632,44727504,12066488
09:04:41,237435,batch_c_probe_3_,13397636,44727504,12066484
09:04:42,237435,batch_c_probe_3_,13397636,44727504,12066484
09:04:43,237435,batch_c_probe_3_,13397636,44727504,12066484
09:04:44,237435,batch_c_probe_3_,13397640,44727504,12066480
09:04:45,237435,batch_c_probe_3_,13397664,44727504,12066480
09:04:46,237435,batch_c_probe_3_,13397648,44727504,12066472
09:04:47,237435,batch_c_probe_3_,13397648,44727504,12066472
09:04:48,237435,batch_c_probe_3_,13397652,44727504,12066468
09:04:49,237435,batch_c_probe_3_,13397652,44727504,12066468
09:04:50,237435,batch_c_probe_3_,13397652,44727504,12066468
09:04:51,237435,batch_c_probe_3_,13397652,44727504,12066468
09:04:52,237435,batch_c_probe_3_,13397660,44727504,12066460
09:04:53,237435,batch_c_probe_3_,13397660,44727504,12066460
09:04:54,237435,batch_c_probe_3_,13397668,44727504,12066452
09:04:55,237435,batch_c_probe_3_,13397668,44727504,12066452
09:04:56,237435,batch_c_probe_3_,13397684,44727504,12066436
09:04:57,237435,batch_c_probe_3_,13397684,44727504,12066436
09:04:58,237435,batch_c_probe_3_,13397684,44727504,12066436
09:04:59,237435,batch_c_probe_3_,13397688,44727504,12066432
09:05:00,237435,batch_c_probe_3_,13397688,44727504,12066432
09:05:01,237435,batch_c_probe_3_,13397688,44727504,12066432
09:05:02,237435,batch_c_probe_3_,13397696,44727504,12066424
09:05:03,237435,batch_c_probe_3_,13397696,44727504,12066424
09:05:04,237435,batch_c_probe_3_,13397696,44727504,12066424
09:05:05,237435,batch_c_probe_3_,13397696,44727504,12066424
09:05:06,237435,batch_c_probe_3_,13397736,44727504,12066384
09:05:07,237435,batch_c_probe_3_,13397740,44727504,12066380
09:05:08,237435,batch_c_probe_3_,13397756,44727504,12066364
09:05:09,237435,batch_c_probe_3_,13397756,44727504,12066364
09:05:10,237435,batch_c_probe_3_,13397760,44727504,12066360
09:05:11,237435,batch_c_probe_3_,13397760,44727504,12066360
09:05:12,237435,batch_c_probe_3_,13397768,44727504,12066352
09:05:13,237435,batch_c_probe_3_,13397768,44727504,12066352
09:05:14,237435,batch_c_probe_3_,13397792,44727504,12066352
09:05:15,237435,batch_c_probe_3_,13397772,44727504,12066348
09:05:16,237435,batch_c_probe_3_,13397772,44727504,12066348
09:05:17,237435,batch_c_probe_3_,13397772,44727504,12066348
09:05:18,237435,batch_c_probe_3_,13397772,44727504,12066348
09:05:19,237435,batch_c_probe_3_,13397780,44727504,12066340
09:05:20,237435,batch_c_probe_3_,13397780,44727504,12066340
09:05:21,237435,batch_c_probe_3_,13397796,44727504,12066324
09:05:22,237435,batch_c_probe_3_,13397796,44727504,12066324
09:05:23,237435,batch_c_probe_3_,13397800,44727504,12066320
09:05:24,237435,batch_c_probe_3_,13397800,44727504,12066320
09:05:25,237435,batch_c_probe_3_,13397808,44727504,12066312
09:05:26,237435,batch_c_probe_3_,13397808,44727504,12066312
09:05:27,237435,batch_c_probe_3_,13397816,44727504,12066304
09:05:28,237435,batch_c_probe_3_,13397816,44727504,12066304
09:05:29,237435,batch_c_probe_3_,13397824,44727504,12066296
09:05:30,237435,batch_c_probe_3_,13397828,44727504,12066292
09:05:31,237435,batch_c_probe_3_,13397840,44727504,12066280
09:05:32,237435,batch_c_probe_3_,13397840,44727504,12066280
09:05:34,237435,batch_c_probe_3_,13397840,44727504,12066280
09:05:35,237435,batch_c_probe_3_,13397844,44727504,12066276
09:05:36,237435,batch_c_probe_3_,13397852,44727504,12066268
09:05:37,237435,batch_c_probe_3_,13397852,44727504,12066268
09:05:38,237435,batch_c_probe_3_,13397856,44727504,12066264
09:05:39,237435,batch_c_probe_3_,13397860,44727504,12066260
09:05:40,237435,batch_c_probe_3_,13397864,44727504,12066256
09:05:41,237435,batch_c_probe_3_,13397864,44727504,12066256
09:05:42,237435,batch_c_probe_3_,13397888,44727504,12066256
09:05:43,237435,batch_c_probe_3_,13397880,44727504,12066240
09:05:44,237435,batch_c_probe_3_,13397880,44727504,12066240
09:05:45,237435,batch_c_probe_3_,13397888,44727504,12066232
09:05:46,237435,batch_c_probe_3_,13397888,44727504,12066232
09:05:47,237435,batch_c_probe_3_,13397916,44727504,12066204
09:05:48,237435,batch_c_probe_3_,13397916,44727504,12066204
09:05:49,237435,batch_c_probe_3_,13397916,44727504,12066204
09:05:50,237435,batch_c_probe_3_,13397916,44727504,12066204
09:05:51,237435,batch_c_probe_3_,13397928,44727504,12066192
09:05:52,237435,batch_c_probe_3_,13397928,44727504,12066192
09:05:53,237435,batch_c_probe_3_,13397936,44727504,12066184
09:05:54,237435,batch_c_probe_3_,13397936,44727504,12066184
09:05:55,237435,batch_c_probe_3_,13397936,44727504,12066184
09:05:56,237435,batch_c_probe_3_,13397940,44727504,12066180
09:05:57,237435,batch_c_probe_3_,13397952,44727504,12066168
09:05:58,237435,batch_c_probe_3_,13397952,44727504,12066168
09:05:59,237435,batch_c_probe_3_,13397960,44727504,12066160
09:06:00,237435,batch_c_probe_3_,13397960,44727504,12066160
09:06:01,237435,batch_c_probe_3_,13397960,44727504,12066160
09:06:02,237435,batch_c_probe_3_,13397964,44727504,12066156
09:06:03,237435,batch_c_probe_3_,13397984,44727504,12066136
09:06:04,237435,batch_c_probe_3_,13397984,44727504,12066136
09:06:05,237435,batch_c_probe_3_,13398008,44727504,12066112
09:06:06,237435,batch_c_probe_3_,13398008,44727504,12066112
09:06:07,237435,batch_c_probe_3_,13398032,44727504,12066112
09:06:08,237435,batch_c_probe_3_,13398024,44727504,12066096
09:06:09,237435,batch_c_probe_3_,13398048,44727504,12066096
09:06:10,237435,batch_c_probe_3_,13398036,44727504,12066084
09:06:11,237435,batch_c_probe_3_,13398036,44727504,12066084
09:06:12,237435,batch_c_probe_3_,13398044,44727504,12066076
09:06:13,237435,batch_c_probe_3_,13398044,44727504,12066076
09:06:14,237435,batch_c_probe_3_,13398044,44727504,12066076
09:06:15,237435,batch_c_probe_3_,13398044,44727504,12066076
09:06:16,237435,batch_c_probe_3_,13398052,44727504,12066068
09:06:17,237435,batch_c_probe_3_,13398052,44727504,12066068
09:06:18,237435,batch_c_probe_3_,13398060,44727504,12066060
09:06:19,237435,batch_c_probe_3_,13398064,44727504,12066056
09:06:20,237435,batch_c_probe_3_,13398072,44727504,12066048
09:06:21,237435,batch_c_probe_3_,13398072,44727504,12066048
09:06:22,237435,batch_c_probe_3_,13398072,44727504,12066048
09:06:23,237435,batch_c_probe_3_,13398072,44727504,12066048
09:06:24,237435,batch_c_probe_3_,13398140,44727504,12065980
09:06:25,237435,batch_c_probe_3_,13398144,44727504,12065976
09:06:26,237435,batch_c_probe_3_,13398144,44727504,12065976
09:06:27,237435,batch_c_probe_3_,13398144,44727504,12065976
09:06:28,237435,batch_c_probe_3_,13398144,44727504,12065976
09:06:29,237435,batch_c_probe_3_,13398144,44727504,12065976
09:06:30,237435,batch_c_probe_3_,13398160,44727504,12065960
09:06:32,237435,batch_c_probe_3_,13398160,44727504,12065960
09:06:33,237435,batch_c_probe_3_,13398164,44727504,12065956
09:06:34,237435,batch_c_probe_3_,13398172,44727504,12065948
09:06:35,237435,batch_c_probe_3_,13398196,44727504,12065948
09:06:36,237435,batch_c_probe_3_,13398172,44727504,12065948
09:06:37,237435,batch_c_probe_3_,13398172,44727504,12065948
09:06:38,237435,batch_c_probe_3_,13398172,44727504,12065948
09:06:39,237435,batch_c_probe_3_,13398172,44727504,12065948
09:06:40,237435,batch_c_probe_3_,13398192,44727504,12065928
09:06:41,237435,batch_c_probe_3_,13398192,44727504,12065928
09:06:42,237435,batch_c_probe_3_,13398200,44727504,12065920
09:06:43,237435,batch_c_probe_3_,13398200,44727504,12065920
09:06:44,237435,batch_c_probe_3_,13398212,44727504,12065908
09:06:45,237435,batch_c_probe_3_,13398212,44727504,12065908
09:06:46,237435,batch_c_probe_3_,13398216,44727504,12065904
09:06:47,237435,batch_c_probe_3_,13398216,44727504,12065904
09:06:48,237435,batch_c_probe_3_,13398240,44727504,12065880
09:06:49,237435,batch_c_probe_3_,13398240,44727504,12065880
09:06:50,237435,batch_c_probe_3_,13398240,44727504,12065880
09:06:51,237435,batch_c_probe_3_,13398244,44727504,12065876
09:06:52,237435,batch_c_probe_3_,13398280,44727504,12065840
09:06:53,237435,batch_c_probe_3_,13398280,44727504,12065840
09:06:54,237435,batch_c_probe_3_,13398280,44727504,12065840
09:06:55,237435,batch_c_probe_3_,13398280,44727504,12065840
09:06:56,237435,batch_c_probe_3_,13398284,44727504,12065836
09:06:57,237435,batch_c_probe_3_,13398288,44727504,12065832
09:06:58,237435,batch_c_probe_3_,13398312,44727504,12065832
09:06:59,237435,batch_c_probe_3_,13398296,44727504,12065824
09:07:00,237435,batch_c_probe_3_,13398296,44727504,12065824
09:07:01,237435,batch_c_probe_3_,13398296,44727504,12065824
09:07:02,237435,batch_c_probe_3_,13398296,44727504,12065824
09:07:03,237435,batch_c_probe_3_,13398300,44727504,12065820
09:07:04,237435,batch_c_probe_3_,13398300,44727504,12065820
09:07:05,237435,batch_c_probe_3_,13398304,44727504,12065816
09:07:06,237435,batch_c_probe_3_,13398304,44727504,12065816
09:07:07,237435,batch_c_probe_3_,13398304,44727504,12065816
09:07:08,237435,batch_c_probe_3_,13398304,44727504,12065816
09:07:09,237435,batch_c_probe_3_,13398324,44727504,12065796
09:07:10,237435,batch_c_probe_3_,13398324,44727504,12065796
09:07:11,237435,batch_c_probe_3_,13398324,44727504,12065796
09:07:12,237435,batch_c_probe_3_,13398324,44727504,12065796
09:07:13,237435,batch_c_probe_3_,13398324,44727504,12065796
09:07:14,237435,batch_c_probe_3_,13398328,44727504,12065792
09:07:15,237435,batch_c_probe_3_,13398332,44727504,12065788
09:07:16,237435,batch_c_probe_3_,13398332,44727504,12065788
09:07:17,237435,batch_c_probe_3_,13398332,44727504,12065788
09:07:18,237435,batch_c_probe_3_,13398332,44727504,12065788
09:07:19,237435,batch_c_probe_3_,13398332,44727504,12065788
09:07:20,237435,batch_c_probe_3_,13398332,44727504,12065788
09:07:21,237435,batch_c_probe_3_,13398332,44727504,12065788
09:07:22,237435,batch_c_probe_3_,13398336,44727504,12065784
09:07:23,237435,batch_c_probe_3_,13398360,44727504,12065784
09:07:24,237435,batch_c_probe_3_,13398336,44727504,12065784
09:07:25,237435,batch_c_probe_3_,13398336,44727504,12065784
09:07:26,237435,batch_c_probe_3_,13398336,44727504,12065784
09:07:27,237435,batch_c_probe_3_,13398336,44727504,12065784
09:07:28,237435,batch_c_probe_3_,13398340,44727504,12065780
09:07:29,237435,batch_c_probe_3_,13398340,44727504,12065780
09:07:31,237435,batch_c_probe_3_,13398340,44727504,12065780
09:07:32,237435,batch_c_probe_3_,13398340,44727504,12065780
09:07:33,237435,batch_c_probe_3_,13398340,44727504,12065780
09:07:34,237435,batch_c_probe_3_,13398340,44727504,12065780
09:07:35,237435,batch_c_probe_3_,13398360,44727504,12065760
09:07:36,237435,batch_c_probe_3_,13398360,44727504,12065760
09:07:37,237435,batch_c_probe_3_,13398360,44727504,12065760
09:07:38,237435,batch_c_probe_3_,13398364,44727504,12065756
09:07:39,237435,batch_c_probe_3_,13398364,44727504,12065756
09:07:40,237435,batch_c_probe_3_,13398364,44727504,12065756
09:07:41,237435,batch_c_probe_3_,13398364,44727504,12065756
09:07:42,237435,batch_c_probe_3_,13398364,44727504,12065756
09:07:43,237435,batch_c_probe_3_,13398408,44727504,12065712
09:07:44,237435,batch_c_probe_3_,13398408,44727504,12065712
09:07:45,237435,batch_c_probe_3_,13398416,44727504,12065704
09:07:46,237435,batch_c_probe_3_,13398420,44727504,12065700
09:07:47,237435,batch_c_probe_3_,13398444,44727504,12065700
09:07:48,237435,batch_c_probe_3_,13398420,44727504,12065700
09:07:49,237435,batch_c_probe_3_,13398420,44727504,12065700
09:07:50,237435,batch_c_probe_3_,13398420,44727504,12065700
09:07:51,237435,batch_c_probe_3_,13398420,44727504,12065700
09:07:52,237435,batch_c_probe_3_,13398420,44727504,12065700
09:07:53,237435,batch_c_probe_3_,13398420,44727504,12065700
09:07:54,237435,batch_c_probe_3_,13398424,44727504,12065696
09:07:55,237435,batch_c_probe_3_,13398424,44727504,12065696
09:07:56,237435,batch_c_probe_3_,13398436,44727504,12065684
09:07:57,237435,batch_c_probe_3_,13398436,44727504,12065684
09:07:58,237435,batch_c_probe_3_,13398504,44727504,12065616
09:07:59,237435,batch_c_probe_3_,13398504,44727504,12065616
09:08:00,237435,batch_c_probe_3_,13398880,44727504,12065240
09:08:01,237435,batch_c_probe_3_,13398884,44727504,12065236
09:08:02,237435,batch_c_probe_3_,13398884,44727504,12065236
09:08:03,237435,batch_c_probe_3_,13398884,44727504,12065236
09:08:04,237435,batch_c_probe_3_,13398884,44727504,12065236
09:08:05,237435,batch_c_probe_3_,13398884,44727504,12065236
09:08:06,237435,batch_c_probe_3_,13398884,44727504,12065236
09:08:07,237435,batch_c_probe_3_,13398884,44727504,12065236
09:08:08,237435,batch_c_probe_3_,13398884,44727504,12065236
09:08:09,237435,batch_c_probe_3_,13398888,44727504,12065232
09:08:10,237435,batch_c_probe_3_,13398912,44727504,12065232
09:08:11,237435,batch_c_probe_3_,13398900,44727504,12065220
09:08:12,237435,batch_c_probe_3_,13398900,44727504,12065220
09:08:13,237435,batch_c_probe_3_,13398900,44727504,12065220
09:08:14,237435,batch_c_probe_3_,13398900,44727504,12065220
09:08:15,237435,batch_c_probe_3_,13398900,44727504,12065220
09:08:16,237435,batch_c_probe_3_,13398900,44727504,12065220
09:08:17,237435,batch_c_probe_3_,13398924,44727504,12065196
09:08:18,237435,batch_c_probe_3_,13398924,44727504,12065196
09:08:19,237435,batch_c_probe_3_,13398924,44727504,12065196
09:08:20,237435,batch_c_probe_3_,13398924,44727504,12065196
09:08:21,237435,batch_c_probe_3_,13398948,44727504,12065172
09:08:22,237435,batch_c_probe_3_,13398948,44727504,12065172
09:08:23,237435,batch_c_probe_3_,13398948,44727504,12065172
09:08:24,237435,batch_c_probe_3_,13398948,44727504,12065172
09:08:25,237435,batch_c_probe_3_,13398964,44727504,12065156
09:08:26,237435,batch_c_probe_3_,13398968,44727504,12065152
09:08:27,237435,batch_c_probe_3_,13398968,44727504,12065152
09:08:28,237435,batch_c_probe_3_,13398968,44727504,12065152
09:08:30,237435,batch_c_probe_3_,13398968,44727504,12065152
09:08:31,237435,batch_c_probe_3_,13398968,44727504,12065152
09:08:32,237435,batch_c_probe_3_,13398976,44727504,12065144
09:08:33,237435,batch_c_probe_3_,13398980,44727504,12065140
09:08:34,237435,batch_c_probe_3_,13398980,44727504,12065140
09:08:35,237435,batch_c_probe_3_,13398980,44727504,12065140
09:08:36,237435,batch_c_probe_3_,13398980,44727504,12065140
09:08:37,237435,batch_c_probe_3_,13398980,44727504,12065140
09:08:38,237435,batch_c_probe_3_,13398980,44727504,12065140
09:08:39,237435,batch_c_probe_3_,13398984,44727504,12065136
09:08:40,237435,batch_c_probe_3_,13398984,44727504,12065136
09:08:41,237435,batch_c_probe_3_,13398984,44727504,12065136
09:08:42,237435,batch_c_probe_3_,13398988,44727504,12065132
09:08:43,237435,batch_c_probe_3_,13398988,44727504,12065132
09:08:44,237435,batch_c_probe_3_,13398988,44727504,12065132
09:08:45,237435,batch_c_probe_3_,13398996,44727504,12065124
09:08:46,237435,batch_c_probe_3_,13398996,44727504,12065124
09:08:47,237435,batch_c_probe_3_,13398996,44727504,12065124
09:08:48,237435,batch_c_probe_3_,13398996,44727504,12065124
09:08:49,237435,batch_c_probe_3_,13399028,44727504,12065092
09:08:50,237435,batch_c_probe_3_,13399032,44727504,12065088
09:08:51,237435,batch_c_probe_3_,13399040,44727504,12065080
09:08:52,237435,batch_c_probe_3_,13399040,44727504,12065080
09:08:53,237435,batch_c_probe_3_,13399040,44727504,12065080
09:08:54,237435,batch_c_probe_3_,13399040,44727504,12065080
09:08:55,237435,batch_c_probe_3_,13399064,44727504,12065080
09:08:56,237435,batch_c_probe_3_,13399048,44727504,12065072
09:08:57,237435,batch_c_probe_3_,13399048,44727504,12065072
09:08:58,237435,batch_c_probe_3_,13399060,44727504,12065060
09:08:59,237435,batch_c_probe_3_,13399060,44727504,12065060
09:09:00,237435,batch_c_probe_3_,13399072,44727504,12065048
09:09:01,237435,batch_c_probe_3_,13399072,44727504,12065048
09:09:02,237435,batch_c_probe_3_,13399076,44727504,12065044
09:09:03,237435,batch_c_probe_3_,13399076,44727504,12065044
09:09:04,237435,batch_c_probe_3_,13399088,44727504,12065032
09:09:05,237435,batch_c_probe_3_,13399092,44727504,12065028
09:09:06,237435,batch_c_probe_3_,13399092,44727504,12065028
09:09:07,237435,batch_c_probe_3_,13399092,44727504,12065028
09:09:08,237435,batch_c_probe_3_,13399100,44727504,12065020
09:09:09,237435,batch_c_probe_3_,13399100,44727504,12065020
09:09:10,237435,batch_c_probe_3_,13399108,44727504,12065012
09:09:11,237435,batch_c_probe_3_,13399108,44727504,12065012
09:09:12,237435,batch_c_probe_3_,13399112,44727504,12065008
09:09:13,237435,batch_c_probe_3_,13399116,44727504,12065004
09:09:14,237435,batch_c_probe_3_,13399124,44727504,12064996
09:09:15,237435,batch_c_probe_3_,13399124,44727504,12064996
09:09:16,237435,batch_c_probe_3_,13399148,44727504,12064996
09:09:17,237435,batch_c_probe_3_,13399132,44727504,12064988
09:09:18,237435,batch_c_probe_3_,13399132,44727504,12064988
09:09:19,237435,batch_c_probe_3_,13399144,44727504,12064976
09:09:20,237435,batch_c_probe_3_,13399144,44727504,12064976
09:09:21,237435,batch_c_probe_3_,13399148,44727504,12064972
09:09:22,237435,batch_c_probe_3_,13399148,44727504,12064972
09:09:23,237435,batch_c_probe_3_,13399148,44727504,12064972
09:09:24,237435,batch_c_probe_3_,13399148,44727504,12064972
09:09:25,237435,batch_c_probe_3_,13399160,44727504,12064960
09:09:26,237435,batch_c_probe_3_,13399160,44727504,12064960
09:09:27,237435,batch_c_probe_3_,13399160,44727504,12064960
09:09:29,237435,batch_c_probe_3_,13399164,44727504,12064956
09:09:30,237435,batch_c_probe_3_,13399172,44727504,12064948
09:09:31,237435,batch_c_probe_3_,13399172,44727504,12064948
09:09:32,237435,batch_c_probe_3_,13399180,44727504,12064940
09:09:33,237435,batch_c_probe_3_,13399180,44727504,12064940
09:09:34,237435,batch_c_probe_3_,13399204,44727504,12064916
09:09:35,237435,batch_c_probe_3_,13399204,44727504,12064916
09:09:36,237435,batch_c_probe_3_,13399204,44727504,12064916
09:09:37,237435,batch_c_probe_3_,13399208,44727504,12064912
09:09:38,237435,batch_c_probe_3_,13399232,44727504,12064912
09:09:39,237435,batch_c_probe_3_,13399212,44727504,12064908
09:09:40,237435,batch_c_probe_3_,13399212,44727504,12064908
09:09:41,237435,batch_c_probe_3_,13399224,44727504,12064896
09:09:42,237435,batch_c_probe_3_,13399224,44727504,12064896
09:09:43,237435,batch_c_probe_3_,13399224,44727504,12064896
09:09:44,237435,batch_c_probe_3_,13399224,44727504,12064896
09:09:45,237435,batch_c_probe_3_,13403256,44727504,12060864
09:09:46,237435,batch_c_probe_3_,13403256,44727504,12060864
09:09:47,237435,batch_c_probe_3_,13403268,44727504,12060852
09:09:48,237435,batch_c_probe_3_,13403268,44727504,12060852
09:09:49,237435,batch_c_probe_3_,13403276,44727504,12060844
09:09:50,237435,batch_c_probe_3_,13403276,44727504,12060844
09:09:51,237435,batch_c_probe_3_,13403284,44727504,12060836
09:09:52,237435,batch_c_probe_3_,13403284,44727504,12060836
09:09:53,237435,batch_c_probe_3_,13403304,44727504,12060816
09:09:54,237435,batch_c_probe_3_,13403308,44727504,12060812
09:09:55,237435,batch_c_probe_3_,13403312,44727504,12060808
09:09:56,237435,batch_c_probe_3_,13403312,44727504,12060808
09:09:57,237435,batch_c_probe_3_,13403336,44727504,12060808
09:09:58,237435,batch_c_probe_3_,13403320,44727504,12060800
09:09:59,237435,batch_c_probe_3_,13403320,44727504,12060800
09:10:00,237435,batch_c_probe_3_,13403328,44727504,12060792
09:10:01,237435,batch_c_probe_3_,13403328,44727504,12060792
09:10:02,237435,batch_c_probe_3_,13403332,44727504,12060788
09:10:03,237435,batch_c_probe_3_,13403332,44727504,12060788
09:10:04,237435,batch_c_probe_3_,13403340,44727504,12060780
09:10:05,237435,batch_c_probe_3_,13403340,44727504,12060780
09:10:06,237435,batch_c_probe_3_,13403348,44727504,12060772
09:10:07,237435,batch_c_probe_3_,13403348,44727504,12060772
09:10:08,237435,batch_c_probe_3_,13403352,44727504,12060768
09:10:09,237435,batch_c_probe_3_,13403356,44727504,12060764
09:10:10,237435,batch_c_probe_3_,13403384,44727504,12060736
09:10:11,237435,batch_c_probe_3_,13403384,44727504,12060736
09:10:12,237435,batch_c_probe_3_,13403404,44727504,12060716
09:10:13,237435,batch_c_probe_3_,13403404,44727504,12060716
09:10:14,237435,batch_c_probe_3_,13403412,44727504,12060708
09:10:15,237435,batch_c_probe_3_,13403416,44727504,12060704
09:10:16,237435,batch_c_probe_3_,13403444,44727504,12060676
09:10:17,237435,batch_c_probe_3_,13403448,44727504,12060672
09:10:18,237435,batch_c_probe_3_,13403472,44727504,12060672
09:10:19,237435,batch_c_probe_3_,13403464,44727504,12060656
09:10:20,237435,batch_c_probe_3_,13403464,44727504,12060656
09:10:21,237435,batch_c_probe_3_,13403472,44727504,12060648
09:10:22,237435,batch_c_probe_3_,13403472,44727504,12060648
09:10:23,237435,batch_c_probe_3_,13403484,44727504,12060636
09:10:24,237435,batch_c_probe_3_,13403484,44727504,12060636
09:10:25,237435,batch_c_probe_3_,13403500,44727504,12060620
09:10:26,237435,batch_c_probe_3_,13403504,44727504,12060616
09:10:28,237435,batch_c_probe_3_,13403580,44727504,12060540
09:10:29,237435,batch_c_probe_3_,13403580,44727504,12060540
09:10:30,237435,batch_c_probe_3_,13403588,44727504,12060532
09:10:31,237435,batch_c_probe_3_,13403588,44727504,12060532
09:10:32,237435,batch_c_probe_3_,13403592,44727504,12060528
09:10:33,237435,batch_c_probe_3_,13403596,44727504,12060524
09:10:34,237435,batch_c_probe_3_,13403608,44727504,12060512
09:10:35,237435,batch_c_probe_3_,13403608,44727504,12060512
09:10:36,237435,batch_c_probe_3_,13403632,44727504,12060488
09:10:37,237435,batch_c_probe_3_,13403632,44727504,12060488
09:10:38,237435,batch_c_probe_3_,13403660,44727504,12060484
09:10:39,237435,batch_c_probe_3_,13403644,44727504,12060476
09:10:40,237435,batch_c_probe_3_,13403644,44727504,12060476
09:10:41,237435,batch_c_probe_3_,13403664,44727504,12060456
09:10:42,237435,batch_c_probe_3_,13403664,44727504,12060456
09:10:43,237435,batch_c_probe_3_,13403672,44727504,12060448
09:10:44,237435,batch_c_probe_3_,13403672,44727504,12060448
09:10:45,237435,batch_c_probe_3_,13403676,44727504,12060444
09:10:46,237435,batch_c_probe_3_,13403676,44727504,12060444
09:10:47,237435,batch_c_probe_3_,13403684,44727504,12060436
09:10:48,237435,batch_c_probe_3_,13403684,44727504,12060436
09:10:49,237435,batch_c_probe_3_,13403704,44727504,12060416
09:10:50,237435,batch_c_probe_3_,13403708,44727504,12060412
09:10:51,237435,batch_c_probe_3_,13403712,44727504,12060408
09:10:52,237435,batch_c_probe_3_,13403712,44727504,12060408
09:10:53,237435,batch_c_probe_3_,13403712,44727504,12060408
09:10:54,237435,batch_c_probe_3_,13403712,44727504,12060408
09:10:55,237435,batch_c_probe_3_,13403728,44727504,12060392
09:10:56,237435,batch_c_probe_3_,13403728,44727504,12060392
09:10:57,237435,batch_c_probe_3_,13403752,44727504,12060392
09:10:58,237435,batch_c_probe_3_,13403744,44727504,12060376
09:10:59,237435,batch_c_probe_3_,13403744,44727504,12060376
09:11:00,237435,batch_c_probe_3_,13403788,44727504,12060332
09:11:01,237435,batch_c_probe_3_,13403788,44727504,12060332
09:11:02,237435,batch_c_probe_3_,13403788,44727504,12060332
09:11:03,237435,batch_c_probe_3_,13403788,44727504,12060332
09:11:04,237435,batch_c_probe_3_,13403828,44727504,12060292
09:11:05,237435,batch_c_probe_3_,13403832,44727504,12060288
09:11:06,237435,batch_c_probe_3_,13403844,44727504,12060276
09:11:07,237435,batch_c_probe_3_,13403844,44727504,12060276
09:11:08,237435,batch_c_probe_3_,13403844,44727504,12060276
09:11:09,237435,batch_c_probe_3_,13403844,44727504,12060276
09:11:10,237435,batch_c_probe_3_,13403844,44727504,12060276
09:11:11,237435,batch_c_probe_3_,13403844,44727504,12060276
09:11:12,237435,batch_c_probe_3_,13403904,44727504,12060216
09:11:13,237435,batch_c_probe_3_,13403908,44727504,12060212
09:11:14,237435,batch_c_probe_3_,13403908,44727504,12060212
09:11:15,237435,batch_c_probe_3_,13403908,44727504,12060212
09:11:16,237435,batch_c_probe_3_,13403908,44727504,12060212
09:11:17,237435,batch_c_probe_3_,13403928,44727504,12060192
09:11:18,237435,batch_c_probe_3_,13403928,44727504,12060192
09:11:19,237435,batch_c_probe_3_,13403932,44727504,12060188
09:11:20,237435,batch_c_probe_3_,13403932,44727504,12060188
09:11:21,237435,batch_c_probe_3_,13403936,44727504,12060184
09:11:22,237435,batch_c_probe_3_,13403936,44727504,12060184
09:11:23,237435,batch_c_probe_3_,13403972,44727504,12060148
09:11:24,237435,batch_c_probe_3_,13403972,44727504,12060148
09:11:25,237435,batch_c_probe_3_,13403984,44727504,12060136
09:11:27,237435,batch_c_probe_3_,13403984,44727504,12060136
09:11:28,237435,batch_c_probe_3_,13403984,44727504,12060136
09:11:29,237435,batch_c_probe_3_,13403988,44727504,12060132
09:11:30,237435,batch_c_probe_3_,13403992,44727504,12060128
09:11:31,237435,batch_c_probe_3_,13403992,44727504,12060128
09:11:32,237435,batch_c_probe_3_,13403996,44727504,12060124
09:11:33,237435,batch_c_probe_3_,13403996,44727504,12060124
09:11:34,237435,batch_c_probe_3_,13404020,44727504,12060124
09:11:35,237435,batch_c_probe_3_,13404004,44727504,12060116
09:11:36,237435,batch_c_probe_3_,13404004,44727504,12060116
09:11:37,237435,batch_c_probe_3_,13404032,44727504,12060088
09:11:38,237435,batch_c_probe_3_,13404032,44727504,12060088
09:11:39,237435,batch_c_probe_3_,13404036,44727504,12060084
09:11:40,237435,batch_c_probe_3_,13404036,44727504,12060084
09:11:41,237435,batch_c_probe_3_,13404044,44727504,12060076
09:11:42,237435,batch_c_probe_3_,13404044,44727504,12060076
09:11:43,237435,batch_c_probe_3_,13404044,44727504,12060076
09:11:44,237435,batch_c_probe_3_,13404044,44727504,12060076
09:11:45,237435,batch_c_probe_3_,13404044,44727504,12060076
09:11:46,237435,batch_c_probe_3_,13404048,44727504,12060072
09:11:47,237435,batch_c_probe_3_,13404048,44727504,12060072
09:11:48,237435,batch_c_probe_3_,13404048,44727504,12060072
09:11:49,237435,batch_c_probe_3_,13404052,44727504,12060068
09:11:50,237435,batch_c_probe_3_,13404052,44727504,12060068
09:11:51,237435,batch_c_probe_3_,13404076,44727504,12060068
09:11:52,237435,batch_c_probe_3_,13404104,44727504,12060016
09:11:53,237435,batch_c_probe_3_,13404104,44727504,12060016
09:11:54,237435,batch_c_probe_3_,13404116,44727504,12060004
09:11:55,237435,batch_c_probe_3_,13404116,44727504,12060004
09:11:56,237435,batch_c_probe_3_,13404136,44727504,12059984
09:11:57,237435,batch_c_probe_3_,13404136,44727504,12059984
09:11:58,237435,batch_c_probe_3_,13404152,44727504,12059968
09:11:59,237435,batch_c_probe_3_,13404152,44727504,12059968
09:12:00,237435,batch_c_probe_3_,13404156,44727504,12059964
09:12:01,237435,batch_c_probe_3_,13404160,44727504,12059960
09:12:02,237435,batch_c_probe_3_,13404160,44727504,12059960
09:12:03,237435,batch_c_probe_3_,13404160,44727504,12059960
09:12:04,237435,batch_c_probe_3_,13404164,44727504,12059956
09:12:05,237435,batch_c_probe_3_,13404164,44727504,12059956
09:12:06,237435,batch_c_probe_3_,13404168,44727504,12059952
09:12:07,237435,batch_c_probe_3_,13404168,44727504,12059952
09:12:08,237435,batch_c_probe_3_,13404192,44727504,12059952
09:12:09,237435,batch_c_probe_3_,13404176,44727504,12059944
09:12:10,237435,batch_c_probe_3_,13404176,44727504,12059944
09:12:11,237435,batch_c_probe_3_,13404176,44727504,12059944
09:12:12,237435,batch_c_probe_3_,13404176,44727504,12059944
09:12:13,237435,batch_c_probe_3_,13404184,44727504,12059936
09:12:14,237435,batch_c_probe_3_,13404184,44727504,12059936
09:12:15,237435,batch_c_probe_3_,13404188,44727504,12059932
09:12:16,237435,batch_c_probe_3_,13404188,44727504,12059932
09:12:17,237435,batch_c_probe_3_,13404200,44727504,12059920
09:12:18,237435,batch_c_probe_3_,13404204,44727504,12059916
09:12:19,237435,batch_c_probe_3_,13408892,44727504,12055228
09:12:20,237435,batch_c_probe_3_,13408892,44727504,12055228
09:12:21,237435,batch_c_probe_3_,13408896,44727504,12055224
09:12:22,237435,batch_c_probe_3_,13408896,44727504,12055224
09:12:23,237435,batch_c_probe_3_,13408920,44727504,12055200
09:12:24,237435,batch_c_probe_3_,13408920,44727504,12055200
09:12:26,237435,batch_c_probe_3_,13408944,44727504,12055200
09:12:27,237435,batch_c_probe_3_,13408924,44727504,12055196
09:12:28,237435,batch_c_probe_3_,13408924,44727504,12055196
09:12:29,237435,batch_c_probe_3_,13408956,44727504,12055164
09:12:30,237435,batch_c_probe_3_,13408956,44727504,12055164
09:12:31,237435,batch_c_probe_3_,13408964,44727504,12055156
09:12:32,237435,batch_c_probe_3_,13408964,44727504,12055156
09:12:33,237435,batch_c_probe_3_,13408964,44727504,12055156
09:12:34,237435,batch_c_probe_3_,13408968,44727504,12055152
09:12:35,237435,batch_c_probe_3_,13408984,44727504,12055136
09:12:36,237435,batch_c_probe_3_,13408984,44727504,12055136
09:12:37,237435,batch_c_probe_3_,13408992,44727504,12055128
09:12:38,237435,batch_c_probe_3_,13408992,44727504,12055128
09:12:39,237435,batch_c_probe_3_,13409016,44727504,12055104
09:12:40,237435,batch_c_probe_3_,13409020,44727504,12055100
09:12:41,237435,batch_c_probe_3_,13409020,44727504,12055100
09:12:42,237435,batch_c_probe_3_,13409024,44727504,12055096
09:12:43,237435,batch_c_probe_3_,13409052,44727504,12055092
09:12:44,237435,batch_c_probe_3_,13409028,44727504,12055092
09:12:45,237435,batch_c_probe_3_,13409028,44727504,12055092
09:12:46,237435,batch_c_probe_3_,13409028,44727504,12055092
09:12:47,237435,batch_c_probe_3_,13409028,44727504,12055092
09:12:48,237435,batch_c_probe_3_,13409028,44727504,12055092
09:12:49,237435,batch_c_probe_3_,13409028,44727504,12055092
09:12:50,237435,batch_c_probe_3_,13409040,44727504,12055080
09:12:51,237435,batch_c_probe_3_,13409044,44727504,12055076
09:12:52,237435,batch_c_probe_3_,13409044,44727504,12055076
09:12:53,237435,batch_c_probe_3_,13409044,44727504,12055076
09:12:54,237435,batch_c_probe_3_,13409056,44727504,12055064
09:12:55,237435,batch_c_probe_3_,13409056,44727504,12055064
09:12:56,237435,batch_c_probe_3_,13409084,44727504,12055036
09:12:57,237435,batch_c_probe_3_,13409084,44727504,12055036
09:12:58,237435,batch_c_probe_3_,13409088,44727504,12055032
09:12:59,237435,batch_c_probe_3_,13409092,44727504,12055028
09:13:00,237435,batch_c_probe_3_,13409116,44727504,12055028
09:13:01,237435,batch_c_probe_3_,13413312,44727504,12050808
09:13:02,237435,batch_c_probe_3_,13413312,44727504,12050808
09:13:03,237435,batch_c_probe_3_,13413324,44727504,12050796
09:13:04,237435,batch_c_probe_3_,13413324,44727504,12050796
09:13:05,237435,batch_c_probe_3_,13413328,44727504,12050792
09:13:06,237435,batch_c_probe_3_,13413328,44727504,12050792
09:13:07,237435,batch_c_probe_3_,13413336,44727504,12050784
09:13:08,237435,batch_c_probe_3_,13413336,44727504,12050784
09:13:09,237435,batch_c_probe_3_,13413336,44727504,12050784
09:13:10,237435,batch_c_probe_3_,13413336,44727504,12050784
09:13:11,237435,batch_c_probe_3_,13413348,44727504,12050772
09:13:12,237435,batch_c_probe_3_,13413348,44727504,12050772
09:13:13,237435,batch_c_probe_3_,13413348,44727504,12050772
09:13:14,237435,batch_c_probe_3_,13413352,44727504,12050768
09:13:15,237435,batch_c_probe_3_,13413356,44727504,12050764
09:13:16,237435,batch_c_probe_3_,13413356,44727504,12050764
09:13:17,237435,batch_c_probe_3_,13413380,44727504,12050764
09:13:18,237435,batch_c_probe_3_,13413356,44727504,12050764
09:13:19,237435,batch_c_probe_3_,13413356,44727504,12050764
09:13:20,237435,batch_c_probe_3_,13413360,44727504,12050760
09:13:21,237435,batch_c_probe_3_,13413360,44727504,12050760
09:13:22,237435,batch_c_probe_3_,13413380,44727504,12050740
09:13:23,237435,batch_c_probe_3_,13413380,44727504,12050740
09:13:25,237435,batch_c_probe_3_,13413380,44727504,12050740
09:13:26,237435,batch_c_probe_3_,13413380,44727504,12050740
09:13:27,237435,batch_c_probe_3_,13413380,44727504,12050740
09:13:28,237435,batch_c_probe_3_,13413380,44727504,12050740
09:13:29,237435,batch_c_probe_3_,13413384,44727504,12050736
09:13:30,237435,batch_c_probe_3_,13413384,44727504,12050736
09:13:31,237435,batch_c_probe_3_,13413424,44727504,12050696
09:13:32,237435,batch_c_probe_3_,13413428,44727504,12050692
09:13:33,237435,batch_c_probe_3_,13413432,44727504,12050688
09:13:34,237435,batch_c_probe_3_,13413432,44727504,12050688
09:13:35,237435,batch_c_probe_3_,13413456,44727504,12050688
09:13:36,237435,batch_c_probe_3_,13413432,44727504,12050688
09:13:37,237435,batch_c_probe_3_,13413432,44727504,12050688
09:13:38,237435,batch_c_probe_3_,13413436,44727504,12050684
09:13:39,237435,batch_c_probe_3_,13413436,44727504,12050684
09:13:40,237435,batch_c_probe_3_,13413460,44727504,12050660
09:13:41,237435,batch_c_probe_3_,13413460,44727504,12050660
09:13:42,237435,batch_c_probe_3_,13413460,44727504,12050660
09:13:43,237435,batch_c_probe_3_,13413460,44727504,12050660
09:13:44,237435,batch_c_probe_3_,13413464,44727504,12050656
09:13:45,237435,batch_c_probe_3_,13413464,44727504,12050656
09:13:46,237435,batch_c_probe_3_,13413472,44727504,12050648
09:13:47,237435,batch_c_probe_3_,13413476,44727504,12050644
09:13:48,237435,batch_c_probe_3_,13413524,44727504,12050596
09:13:49,237435,batch_c_probe_3_,13413524,44727504,12050596
09:13:50,237435,batch_c_probe_3_,13413548,44727504,12050596
09:13:51,237435,batch_c_probe_3_,13413528,44727504,12050592
09:13:52,237435,batch_c_probe_3_,13413528,44727504,12050592
09:13:53,237435,batch_c_probe_3_,13413532,44727504,12050588
09:13:54,237435,batch_c_probe_3_,13413532,44727504,12050588
09:13:55,237435,batch_c_probe_3_,13413540,44727504,12050580
09:13:56,237435,batch_c_probe_3_,13413540,44727504,12050580
09:13:57,237435,batch_c_probe_3_,13413540,44727504,12050580
09:13:58,237435,batch_c_probe_3_,13413540,44727504,12050580
09:13:59,237435,batch_c_probe_3_,13413560,44727504,12050560
09:14:00,237435,batch_c_probe_3_,13413560,44727504,12050560
09:14:01,237435,batch_c_probe_3_,13413564,44727504,12050556
09:14:02,237435,batch_c_probe_3_,13413568,44727504,12050552
09:14:03,237435,batch_c_probe_3_,13413572,44727504,12050548
09:14:04,237435,batch_c_probe_3_,13413572,44727504,12050548
09:14:05,237435,batch_c_probe_3_,13413572,44727504,12050548
09:14:06,237435,batch_c_probe_3_,13413576,44727504,12050544
09:14:07,237435,batch_c_probe_3_,13413576,44727504,12050544
09:14:08,237435,batch_c_probe_3_,13413576,44727504,12050544
09:14:09,237435,batch_c_probe_3_,13413576,44727504,12050544
09:14:10,237435,batch_c_probe_3_,13413588,44727504,12050532
09:14:11,237435,batch_c_probe_3_,13413588,44727504,12050532
09:14:12,237435,batch_c_probe_3_,13413644,44727504,12050476
09:14:13,237435,batch_c_probe_3_,13413644,44727504,12050476
09:14:14,237435,batch_c_probe_3_,13413668,44727504,12050452
09:14:15,237435,batch_c_probe_3_,13413668,44727504,12050452
09:14:16,237435,batch_c_probe_3_,13413676,44727504,12050444
09:14:17,237435,batch_c_probe_3_,13413676,44727504,12050444
09:14:18,237435,batch_c_probe_3_,13413696,44727504,12050424
09:14:19,237435,batch_c_probe_3_,13413700,44727504,12050420
09:14:20,237435,batch_c_probe_3_,13413720,44727504,12050400
09:14:21,237435,batch_c_probe_3_,13413720,44727504,12050400
09:14:22,237435,batch_c_probe_3_,13413720,44727504,12050400
09:14:24,237435,batch_c_probe_3_,13413728,44727504,12050392
09:14:25,237435,batch_c_probe_3_,13413728,44727504,12050392
09:14:26,237435,batch_c_probe_3_,13413728,44727504,12050392
09:14:27,237435,batch_c_probe_3_,13413728,44727504,12050392
09:14:28,237435,batch_c_probe_3_,13413740,44727504,12050380
09:14:29,237435,batch_c_probe_3_,13413740,44727504,12050380
09:14:30,237435,batch_c_probe_3_,13413744,44727504,12050376
09:14:31,237435,batch_c_probe_3_,13413744,44727504,12050376
09:14:32,237435,batch_c_probe_3_,13413780,44727504,12050340
09:14:33,237435,batch_c_probe_3_,13413780,44727504,12050340
09:14:34,237435,batch_c_probe_3_,13413780,44727504,12050340
09:14:35,237435,batch_c_probe_3_,13413784,44727504,12050336
09:14:36,237435,batch_c_probe_3_,13413804,44727504,12050316
09:14:37,237435,batch_c_probe_3_,13413804,44727504,12050316
09:14:38,237435,batch_c_probe_3_,13413804,44727504,12050316
09:14:39,237435,batch_c_probe_3_,13413808,44727504,12050312
09:14:40,237435,batch_c_probe_3_,13413808,44727504,12050312
09:14:41,237435,batch_c_probe_3_,13413808,44727504,12050312
09:14:42,237435,batch_c_probe_3_,13413808,44727504,12050312
09:14:43,237435,batch_c_probe_3_,13413808,44727504,12050312
09:14:44,237435,batch_c_probe_3_,13413812,44727504,12050308
09:14:45,237435,batch_c_probe_3_,13413832,44727504,12050288
09:14:46,237435,batch_c_probe_3_,13413832,44727504,12050288
09:14:47,237435,batch_c_probe_3_,13413832,44727504,12050288
09:14:48,237435,batch_c_probe_3_,13413832,44727504,12050288
09:14:49,237435,batch_c_probe_3_,13413856,44727504,12050264
09:14:50,237435,batch_c_probe_3_,13413856,44727504,12050264
09:14:51,237435,batch_c_probe_3_,13413900,44727504,12050220
09:14:52,237435,batch_c_probe_3_,13413904,44727504,12050216
09:14:53,237435,batch_c_probe_3_,13413928,44727504,12050216
09:14:54,237435,batch_c_probe_3_,13413908,44727504,12050212
09:14:55,237435,batch_c_probe_3_,13413908,44727504,12050212
09:14:56,237435,batch_c_probe_3_,13413916,44727504,12050204
09:14:57,237435,batch_c_probe_3_,13413916,44727504,12050204
09:14:58,237435,batch_c_probe_3_,13413916,44727504,12050204
09:14:59,237435,batch_c_probe_3_,13413916,44727504,12050204
09:15:00,237435,batch_c_probe_3_,13413936,44727504,12050184
09:15:01,237435,batch_c_probe_3_,13413940,44727504,12050180
09:15:02,237435,batch_c_probe_3_,13413940,44727504,12050180
09:15:03,237435,batch_c_probe_3_,13413940,44727504,12050180
09:15:04,237435,batch_c_probe_3_,13413940,44727504,12050180
09:15:05,237435,batch_c_probe_3_,13413940,44727504,12050180
09:15:06,237435,batch_c_probe_3_,13413940,44727504,12050180
09:15:07,237435,batch_c_probe_3_,13413944,44727504,12050176
09:15:08,237435,batch_c_probe_3_,13413968,44727504,12050176
09:15:09,237435,batch_c_probe_3_,13413976,44727504,12050144
09:15:10,237435,batch_c_probe_3_,13413976,44727504,12050144
09:15:11,237435,batch_c_probe_3_,13413988,44727504,12050132
09:15:12,237435,batch_c_probe_3_,13413988,44727504,12050132
09:15:13,237435,batch_c_probe_3_,13413988,44727504,12050132
09:15:14,237435,batch_c_probe_3_,13413988,44727504,12050132
09:15:15,237435,batch_c_probe_3_,13414008,44727504,12050112
09:15:16,237435,batch_c_probe_3_,13414012,44727504,12050108
09:15:17,237435,batch_c_probe_3_,13414012,44727504,12050108
09:15:18,237435,batch_c_probe_3_,13414012,44727504,12050108
09:15:19,237435,batch_c_probe_3_,13414012,44727504,12050108
09:15:20,237435,batch_c_probe_3_,13414012,44727504,12050108
09:15:22,237435,batch_c_probe_3_,13414012,44727504,12050108
09:15:23,237435,batch_c_probe_3_,13414012,44727504,12050108
09:15:24,237435,batch_c_probe_3_,13414036,44727504,12050108
09:15:25,237435,batch_c_probe_3_,13414028,44727504,12050092
09:15:26,237435,batch_c_probe_3_,13414028,44727504,12050092
09:15:27,237435,batch_c_probe_3_,13414028,44727504,12050092
09:15:28,237435,batch_c_probe_3_,13414028,44727504,12050092
09:15:29,237435,batch_c_probe_3_,13414032,44727504,12050088
09:15:30,237435,batch_c_probe_3_,13414032,44727504,12050088
09:15:31,237435,batch_c_probe_3_,13414036,44727504,12050084
09:15:32,237435,batch_c_probe_3_,13414036,44727504,12050084
09:15:33,237435,batch_c_probe_3_,13414080,44727504,12050040
09:15:34,237435,batch_c_probe_3_,13414080,44727504,12050040
09:15:35,237435,batch_c_probe_3_,13414080,44727504,12050040
09:15:36,237435,batch_c_probe_3_,13414080,44727504,12050040
09:15:37,237435,batch_c_probe_3_,13414100,44727504,12050020
09:15:38,237435,batch_c_probe_3_,13414100,44727504,12050020
09:15:39,237435,batch_c_probe_3_,13414128,44727504,12050016
09:15:40,237435,batch_c_probe_3_,13414160,44727504,12049960
09:15:41,237435,batch_c_probe_3_,13414160,44727504,12049960
09:15:42,237435,batch_c_probe_3_,13414164,44727504,12049956
09:15:43,237435,batch_c_probe_3_,13414164,44727504,12049956
09:15:44,237435,batch_c_probe_3_,13414176,44727504,12049944
09:15:45,237435,batch_c_probe_3_,13414176,44727504,12049944
09:15:46,237435,batch_c_probe_3_,13414176,44727504,12049944
09:15:47,237435,batch_c_probe_3_,13414176,44727504,12049944
09:15:48,237435,batch_c_probe_3_,13414192,44727504,12049928
09:15:49,237435,batch_c_probe_3_,13414196,44727504,12049924
09:15:50,237435,batch_c_probe_3_,13414200,44727504,12049920
09:15:51,237435,batch_c_probe_3_,13414200,44727504,12049920
09:15:52,237435,batch_c_probe_3_,13414228,44727504,12049892
09:15:53,237435,batch_c_probe_3_,13414228,44727504,12049892
09:15:54,237435,batch_c_probe_3_,13414252,44727504,12049892
09:15:55,237435,batch_c_probe_3_,13414248,44727504,12049872
09:15:56,237435,batch_c_probe_3_,13414248,44727504,12049872
09:15:57,237435,batch_c_probe_3_,13414276,44727504,12049844
09:15:58,237435,batch_c_probe_3_,13414276,44727504,12049844
09:15:59,237435,batch_c_probe_3_,13414280,44727504,12049840
09:16:00,237435,batch_c_probe_3_,13414280,44727504,12049840
09:16:01,237435,batch_c_probe_3_,13414292,44727504,12049828
09:16:02,237435,batch_c_probe_3_,13414292,44727504,12049828
09:16:03,237435,batch_c_probe_3_,13414308,44727504,12049812
09:16:04,237435,batch_c_probe_3_,13414308,44727504,12049812
09:16:05,237435,batch_c_probe_3_,13414316,44727504,12049804
09:16:06,237435,batch_c_probe_3_,13418556,44727504,12045564
09:16:07,237435,batch_c_probe_3_,13418572,44727504,12045548
09:16:08,237435,batch_c_probe_3_,13418572,44727504,12045548
09:16:09,237435,batch_c_probe_3_,13418596,44727504,12045548
09:16:10,237435,batch_c_probe_3_,13418576,44727504,12045544
09:16:11,237435,batch_c_probe_3_,13418576,44727504,12045544
09:16:12,237435,batch_c_probe_3_,13418588,44727504,12045532
09:16:13,237435,batch_c_probe_3_,13418588,44727504,12045532
09:16:14,237435,batch_c_probe_3_,13418724,44727504,12045396
09:16:15,237435,batch_c_probe_3_,13418724,44727504,12045396
09:16:16,237435,batch_c_probe_3_,13418748,44727504,12045372
09:16:17,237435,batch_c_probe_3_,13418748,44727504,12045372
09:16:18,237435,batch_c_probe_3_,13418752,44727504,12045368
09:16:19,237435,batch_c_probe_3_,13418752,44727504,12045368
09:16:21,237435,batch_c_probe_3_,13418764,44727504,12045356
09:16:22,237435,batch_c_probe_3_,13418768,44727504,12045352
09:16:23,237435,batch_c_probe_3_,13418780,44727504,12045340
09:16:24,237435,batch_c_probe_3_,13418780,44727504,12045340
09:16:25,237435,batch_c_probe_3_,13418780,44727504,12045340
09:16:26,237435,batch_c_probe_3_,13418796,44727504,12045324
09:16:27,237435,batch_c_probe_3_,13418796,44727504,12045324
09:16:28,237435,batch_c_probe_3_,13418796,44727504,12045324
09:16:29,237435,batch_c_probe_3_,13418796,44727504,12045324
09:16:30,237435,batch_c_probe_3_,13418804,44727504,12045316
09:16:31,237435,batch_c_probe_3_,13418808,44727504,12045312
09:16:32,237435,batch_c_probe_3_,13418840,44727504,12045280
09:16:33,237435,batch_c_probe_3_,13418840,44727504,12045280
09:16:34,237435,batch_c_probe_3_,13418848,44727504,12045272
09:16:35,237435,batch_c_probe_3_,13418848,44727504,12045272
09:16:36,237435,batch_c_probe_3_,13418848,44727504,12045272
09:16:37,237435,batch_c_probe_3_,13418848,44727504,12045272
09:16:38,237435,batch_c_probe_3_,13418872,44727504,12045272
09:16:39,237435,batch_c_probe_3_,13418864,44727504,12045256
09:16:40,237435,batch_c_probe_3_,13418864,44727504,12045256
09:16:41,237435,batch_c_probe_3_,13418864,44727504,12045256
09:16:42,237435,batch_c_probe_3_,13418864,44727504,12045256
09:16:43,237435,batch_c_probe_3_,13418872,44727504,12045248
09:16:44,237435,batch_c_probe_3_,13418872,44727504,12045248
09:16:45,237435,batch_c_probe_3_,13418872,44727504,12045248
09:16:46,237435,batch_c_probe_3_,13418876,44727504,12045244
09:16:47,237435,batch_c_probe_3_,13418884,44727504,12045236
09:16:48,237435,batch_c_probe_3_,13418884,44727504,12045236
09:16:49,237435,batch_c_probe_3_,13418884,44727504,12045236
09:16:50,237435,batch_c_probe_3_,13418884,44727504,12045236
09:16:51,237435,batch_c_probe_3_,13418904,44727504,12045216
09:16:52,237435,batch_c_probe_3_,13418904,44727504,12045216
09:16:53,237435,batch_c_probe_3_,13418928,44727504,12045216
09:16:54,237435,batch_c_probe_3_,13418908,44727504,12045212
09:16:55,237435,batch_c_probe_3_,13418908,44727504,12045212
09:16:56,237435,batch_c_probe_3_,13418908,44727504,12045212
09:16:57,237435,batch_c_probe_3_,13418908,44727504,12045212
09:16:58,237435,batch_c_probe_3_,13418908,44727504,12045212
09:16:59,237435,batch_c_probe_3_,13418908,44727504,12045212
09:17:00,237435,batch_c_probe_3_,13418912,44727504,12045208
09:17:01,237435,batch_c_probe_3_,13418912,44727504,12045208
09:17:02,237435,batch_c_probe_3_,13418912,44727504,12045208
09:17:03,237435,batch_c_probe_3_,13418916,44727504,12045204
09:17:04,237435,batch_c_probe_3_,13418920,44727504,12045200
09:17:05,237435,batch_c_probe_3_,13418920,44727504,12045200
09:17:06,237435,batch_c_probe_3_,13418944,44727504,12045200
09:17:07,237435,batch_c_probe_3_,13418940,44727504,12045180
09:17:08,237435,batch_c_probe_3_,13418940,44727504,12045180
09:17:09,237435,batch_c_probe_3_,13418972,44727504,12045148
09:17:10,237435,batch_c_probe_3_,13418972,44727504,12045148
09:17:11,237435,batch_c_probe_3_,13418972,44727504,12045148
09:17:12,237435,batch_c_probe_3_,13418972,44727504,12045148
09:17:13,237435,batch_c_probe_3_,13418980,44727504,12045140
09:17:14,237435,batch_c_probe_3_,13418980,44727504,12045140
09:17:15,237435,batch_c_probe_3_,13418980,44727504,12045140
09:17:16,237435,batch_c_probe_3_,13418980,44727504,12045140
09:17:17,237435,batch_c_probe_3_,13419008,44727504,12045112
09:17:18,237435,batch_c_probe_3_,13419012,44727504,12045108
09:17:20,237435,batch_c_probe_3_,13419020,44727504,12045100
09:17:21,237435,batch_c_probe_3_,13419020,44727504,12045100
09:17:22,237435,batch_c_probe_3_,13419020,44727504,12045100
09:17:23,237435,batch_c_probe_3_,13419032,44727504,12045088
09:17:24,237435,batch_c_probe_3_,13419032,44727504,12045088
09:17:25,237435,batch_c_probe_3_,13419032,44727504,12045088
09:17:26,237435,batch_c_probe_3_,13419032,44727504,12045088
09:17:27,237435,batch_c_probe_3_,13419060,44727504,12045060
09:17:28,237435,batch_c_probe_3_,13419064,44727504,12045056
09:17:29,237435,batch_c_probe_3_,13419064,44727504,12045056
09:17:30,237435,batch_c_probe_3_,13419064,44727504,12045056
09:17:31,237435,batch_c_probe_3_,13419072,44727504,12045048
09:17:32,237435,batch_c_probe_3_,13419072,44727504,12045048
09:17:33,237435,batch_c_probe_3_,13424360,44727504,12039760
09:17:34,237435,batch_c_probe_3_,13424360,44727504,12039760
09:17:35,237435,batch_c_probe_3_,13424396,44727504,12039748
09:17:36,237435,batch_c_probe_3_,13424460,44727504,12039660
09:17:37,237435,batch_c_probe_3_,13424460,44727504,12039660
09:17:38,237435,batch_c_probe_3_,13424460,44727504,12039660
09:17:39,237435,batch_c_probe_3_,13424460,44727504,12039660
09:17:40,237435,batch_c_probe_3_,13424460,44727504,12039660
09:17:41,237435,batch_c_probe_3_,13424460,44727504,12039660
09:17:42,237435,batch_c_probe_3_,13424464,44727504,12039656
09:17:43,237435,batch_c_probe_3_,13424468,44727504,12039652
09:17:44,237435,batch_c_probe_3_,13424488,44727504,12039632
09:17:45,237435,batch_c_probe_3_,13424488,44727504,12039632
09:17:46,237435,batch_c_probe_3_,13424488,44727504,12039632
09:17:47,237435,batch_c_probe_3_,13424488,44727504,12039632
09:17:48,237435,batch_c_probe_3_,13424488,44727504,12039632
09:17:49,237435,batch_c_probe_3_,13424488,44727504,12039632
09:17:50,237435,batch_c_probe_3_,13424488,44727504,12039632
09:17:51,237435,batch_c_probe_3_,13424492,44727504,12039628
09:17:52,237435,batch_c_probe_3_,13424492,44727504,12039628
09:17:53,237435,batch_c_probe_3_,13424492,44727504,12039628
09:17:54,237435,batch_c_probe_3_,13424492,44727504,12039628
09:17:55,237435,batch_c_probe_3_,13424492,44727504,12039628
09:17:56,237435,batch_c_probe_3_,13424492,44727504,12039628
09:17:57,237435,batch_c_probe_3_,13424520,44727504,12039600
09:17:58,237435,batch_c_probe_3_,13424520,44727504,12039600
09:17:59,237435,batch_c_probe_3_,13424520,44727504,12039600
09:18:00,237435,batch_c_probe_3_,13424548,44727504,12039572
09:18:01,237435,batch_c_probe_3_,13424816,44727504,12039304
09:18:02,237435,batch_c_probe_3_,13424816,44727504,12039304
09:18:03,237435,batch_c_probe_3_,13424816,44727504,12039304
09:18:04,237435,batch_c_probe_3_,13424840,44727504,12039280
09:18:05,237435,batch_c_probe_3_,13424840,44727504,12039280
09:18:06,237435,batch_c_probe_3_,13424840,44727504,12039280
09:18:07,237435,batch_c_probe_3_,13424840,44727504,12039280
09:18:08,237435,batch_c_probe_3_,13424844,44727504,12039276
09:18:09,237435,batch_c_probe_3_,13424848,44727504,12039272
09:18:10,237435,batch_c_probe_3_,13424860,44727504,12039260
09:18:11,237435,batch_c_probe_3_,13424860,44727504,12039260
09:18:12,237435,batch_c_probe_3_,13424860,44727504,12039260
09:18:13,237435,batch_c_probe_3_,13424860,44727504,12039260
09:18:14,237435,batch_c_probe_3_,13424864,44727504,12039256
09:18:15,237435,batch_c_probe_3_,13424868,44727504,12039252
09:18:16,237435,batch_c_probe_3_,13424868,44727504,12039252
09:18:17,237435,batch_c_probe_3_,13424868,44727504,12039252
09:18:19,237435,batch_c_probe_3_,13424868,44727504,12039252
09:18:20,237435,batch_c_probe_3_,13424872,44727504,12039248
09:18:21,237435,batch_c_probe_3_,13424872,44727504,12039248
09:18:22,237435,batch_c_probe_3_,13424872,44727504,12039248
09:18:23,237435,batch_c_probe_3_,13424872,44727504,12039248
09:18:24,237435,batch_c_probe_3_,13424872,44727504,12039248
09:18:25,237435,batch_c_probe_3_,13424876,44727504,12039244
09:18:26,237435,batch_c_probe_3_,13424900,44727504,12039244
09:18:27,237435,batch_c_probe_3_,13424876,44727504,12039244
09:18:28,237435,batch_c_probe_3_,13424876,44727504,12039244
09:18:29,237435,batch_c_probe_3_,13424876,44727504,12039244
09:18:30,237435,batch_c_probe_3_,13428732,44727504,12035388
09:18:31,237435,batch_c_probe_3_,13428736,44727504,12035384
09:18:32,237435,batch_c_probe_3_,13428736,44727504,12035384
09:18:33,237435,batch_c_probe_3_,13428736,44727504,12035384
09:18:34,237435,batch_c_probe_3_,13428740,44727504,12035380
09:18:35,237435,batch_c_probe_3_,13432864,44727504,12031256
09:18:36,237435,batch_c_probe_3_,13432864,44727504,12031256
09:18:37,237435,batch_c_probe_3_,13432864,44727504,12031256
09:18:38,237435,batch_c_probe_3_,13432864,44727504,12031256
09:18:39,237435,batch_c_probe_3_,13432888,44727504,12031256
09:18:40,237435,batch_c_probe_3_,13432868,44727504,12031252
09:18:41,237435,batch_c_probe_3_,13432868,44727504,12031252
09:18:42,237435,batch_c_probe_3_,13432872,44727504,12031248
09:18:43,237435,batch_c_probe_3_,13432872,44727504,12031248
09:18:44,237435,batch_c_probe_3_,13432876,44727504,12031244
09:18:45,237435,batch_c_probe_3_,13432876,44727504,12031244
09:18:46,237435,batch_c_probe_3_,13432888,44727504,12031232
09:18:47,237435,batch_c_probe_3_,13432888,44727504,12031232
09:18:48,237435,batch_c_probe_3_,13432888,44727504,12031232
09:18:49,237435,batch_c_probe_3_,13432892,44727504,12031228
09:18:50,237435,batch_c_probe_3_,13432892,44727504,12031228
09:18:51,237435,batch_c_probe_3_,13432892,44727504,12031228
09:18:52,237435,batch_c_probe_3_,13433988,44727504,12030156
09:18:53,237435,batch_c_probe_3_,13433964,44727504,12030156
09:18:54,237435,batch_c_probe_3_,13433964,44727504,12030156
09:18:55,237435,batch_c_probe_3_,13433968,44727504,12030152
09:18:56,237435,batch_c_probe_3_,13433968,44727504,12030152
09:18:57,237435,batch_c_probe_3_,13433968,44727504,12030152
09:18:58,237435,batch_c_probe_3_,13433972,44727504,12030148
09:18:59,237435,batch_c_probe_3_,13433972,44727504,12030148
09:19:00,237435,batch_c_probe_3_,13433972,44727504,12030148
09:19:01,237435,batch_c_probe_3_,13433972,44727504,12030148
09:19:02,237435,batch_c_probe_3_,13433972,44727504,12030148
09:19:03,237435,batch_c_probe_3_,13433972,44727504,12030148
09:19:04,237435,batch_c_probe_3_,13433972,44727504,12030148
09:19:05,237435,batch_c_probe_3_,13433996,44727504,12030148
09:19:06,237435,batch_c_probe_3_,13433976,44727504,12030144
09:19:07,237435,batch_c_probe_3_,13433976,44727504,12030144
09:19:08,237435,batch_c_probe_3_,13433976,44727504,12030144
09:19:09,237435,batch_c_probe_3_,13433976,44727504,12030144
09:19:10,237435,batch_c_probe_3_,13433980,44727504,12030140
09:19:11,237435,batch_c_probe_3_,13433980,44727504,12030140
09:19:12,237435,batch_c_probe_3_,13433984,44727504,12030136
09:19:13,237435,batch_c_probe_3_,13433984,44727504,12030136
09:19:14,237435,batch_c_probe_3_,13433984,44727504,12030136
09:19:15,237435,batch_c_probe_3_,13433988,44727504,12030132
09:19:16,237435,batch_c_probe_3_,13433988,44727504,12030132
09:19:18,237435,batch_c_probe_3_,13433988,44727504,12030132
09:19:19,237435,batch_c_probe_3_,13434012,44727504,12030132
09:19:20,237435,batch_c_probe_3_,13434020,44727504,12030100
09:19:21,237435,batch_c_probe_3_,13434020,44727504,12030100
09:19:22,237435,batch_c_probe_3_,13434024,44727504,12030096
09:19:23,237435,batch_c_probe_3_,13434024,44727504,12030096
09:19:24,237435,batch_c_probe_3_,13481652,44727504,12030096
09:19:25,237435,batch_c_probe_3_,13481652,44727504,12030096
09:19:26,237435,batch_c_probe_3_,13434032,44727504,12030088
09:19:27,237435,batch_c_probe_3_,13434032,44727504,12030088
09:19:28,237435,batch_c_probe_3_,13434032,44727504,12030088
09:19:29,237435,batch_c_probe_3_,13434032,44727504,12030088
09:19:30,237435,batch_c_probe_3_,13434032,44727504,12030088
09:19:31,237435,batch_c_probe_3_,13434036,44727504,12030084
09:19:32,237435,batch_c_probe_3_,13434036,44727504,12030084
09:19:33,237435,batch_c_probe_3_,13434036,44727504,12030084
09:19:34,237435,batch_c_probe_3_,13434036,44727504,12030084
09:19:35,237435,batch_c_probe_3_,13434036,44727504,12030084
09:19:36,237435,batch_c_probe_3_,13434036,44727504,12030084
09:19:37,237435,batch_c_probe_3_,13434048,44727504,12030072
09:19:38,237435,batch_c_probe_3_,13434048,44727504,12030072
09:19:39,237435,batch_c_probe_3_,13434048,44727504,12030072
09:19:40,237435,batch_c_probe_3_,13434052,44727504,12030068
09:19:41,237435,batch_c_probe_3_,13434052,44727504,12030068
09:19:42,237435,batch_c_probe_3_,13434052,44727504,12030068
09:19:43,237435,batch_c_probe_3_,13434052,44727504,12030068
09:19:44,237435,batch_c_probe_3_,13434056,44727504,12030064
09:19:45,237435,batch_c_probe_3_,13434056,44727504,12030064
09:19:46,237435,batch_c_probe_3_,13434060,44727504,12030060
09:19:47,237435,batch_c_probe_3_,13434060,44727504,12030060
09:19:48,237435,batch_c_probe_3_,13434068,44727504,12030052
09:19:49,237435,batch_c_probe_3_,13434068,44727504,12030052
09:19:50,237435,batch_c_probe_3_,13434068,44727504,12030052
09:19:51,237435,batch_c_probe_3_,13434068,44727504,12030052
09:19:52,237435,batch_c_probe_3_,13434068,44727504,12030052
09:19:53,237435,batch_c_probe_3_,13434068,44727504,12030052
09:19:54,237435,batch_c_probe_3_,13434068,44727504,12030052
09:19:55,237435,batch_c_probe_3_,13434072,44727504,12030048
09:19:56,237435,batch_c_probe_3_,13434096,44727504,12030048
09:19:57,237435,batch_c_probe_3_,13434112,44727504,12030008
09:19:58,237435,batch_c_probe_3_,13434112,44727504,12030008
09:19:59,237435,batch_c_probe_3_,13434112,44727504,12030008
09:20:00,237435,batch_c_probe_3_,13434112,44727504,12030008
09:20:01,237435,batch_c_probe_3_,13434116,44727504,12030004
09:20:02,237435,batch_c_probe_3_,13434116,44727504,12030004
09:20:03,237435,batch_c_probe_3_,13434116,44727504,12030004
09:20:04,237435,batch_c_probe_3_,13434120,44727504,12030000
09:20:05,237435,batch_c_probe_3_,13434120,44727504,12030000
09:20:06,237435,batch_c_probe_3_,13434120,44727504,12030000
09:20:07,237435,batch_c_probe_3_,13434128,44727504,12029992
09:20:08,237435,batch_c_probe_3_,13434128,44727504,12029992
09:20:09,237435,batch_c_probe_3_,13434152,44727504,12029992
09:20:10,237435,batch_c_probe_3_,13434132,44727504,12029988
09:20:11,237435,batch_c_probe_3_,13434132,44727504,12029988
09:20:12,237435,batch_c_probe_3_,13434140,44727504,12029980
09:20:13,237435,batch_c_probe_3_,13434140,44727504,12029980
09:20:14,237435,batch_c_probe_3_,13434140,44727504,12029980
09:20:15,237435,batch_c_probe_3_,13434140,44727504,12029980
09:20:17,237435,batch_c_probe_3_,13434168,44727504,12029952
09:20:18,237435,batch_c_probe_3_,13434168,44727504,12029952
09:20:19,237435,batch_c_probe_3_,13434168,44727504,12029952
09:20:20,237435,batch_c_probe_3_,13434172,44727504,12029948
09:20:21,237435,batch_c_probe_3_,13434172,44727504,12029948
09:20:22,237435,batch_c_probe_3_,13434172,44727504,12029948
09:20:23,237435,batch_c_probe_3_,13434172,44727504,12029948
09:20:24,237435,batch_c_probe_3_,13434172,44727504,12029948
09:20:25,237435,batch_c_probe_3_,13434172,44727504,12029948
09:20:26,237435,batch_c_probe_3_,13434172,44727504,12029948
09:20:27,237435,batch_c_probe_3_,13434172,44727504,12029948
09:20:28,237435,batch_c_probe_3_,13434892,44727504,12029228
09:20:29,237435,batch_c_probe_3_,13434896,44727504,12029224
09:20:30,237435,batch_c_probe_3_,13434900,44727504,12029220
09:20:31,237435,batch_c_probe_3_,13434900,44727504,12029220
09:20:32,237435,batch_c_probe_3_,13434900,44727504,12029220
09:20:33,237435,batch_c_probe_3_,13434900,44727504,12029220
09:20:34,237435,batch_c_probe_3_,13434924,44727504,12029220
09:20:35,237435,batch_c_probe_3_,13434900,44727504,12029220
09:20:36,237435,batch_c_probe_3_,13434900,44727504,12029220
09:20:37,237435,batch_c_probe_3_,13434904,44727504,12029216
09:20:38,237435,batch_c_probe_3_,13434904,44727504,12029216
09:20:39,237435,batch_c_probe_3_,13434904,44727504,12029216
09:20:40,237435,batch_c_probe_3_,13434904,44727504,12029216
09:20:41,237435,batch_c_probe_3_,13434904,44727504,12029216
09:20:42,237435,batch_c_probe_3_,13434904,44727504,12029216
09:20:43,237435,batch_c_probe_3_,13434904,44727504,12029216
09:20:44,237435,batch_c_probe_3_,13434904,44727504,12029216
09:20:45,237435,batch_c_probe_3_,13434904,44727504,12029216
09:20:46,237435,batch_c_probe_3_,13434908,44727504,12029212
09:20:47,237435,batch_c_probe_3_,13434932,44727504,12029212
09:20:48,237435,batch_c_probe_3_,13434960,44727504,12029160
09:20:49,237435,batch_c_probe_3_,13434960,44727504,12029160
09:20:50,237435,batch_c_probe_3_,13434964,44727504,12029156
09:20:51,237435,batch_c_probe_3_,13434964,44727504,12029156
09:20:52,237435,batch_c_probe_3_,13434964,44727504,12029156
09:20:53,237435,batch_c_probe_3_,13434968,44727504,12029152
09:20:54,237435,batch_c_probe_3_,13434976,44727504,12029144
09:20:55,237435,batch_c_probe_3_,13434976,44727504,12029144
09:20:56,237435,batch_c_probe_3_,13434976,44727504,12029144
09:20:57,237435,batch_c_probe_3_,13434976,44727504,12029144
09:20:58,237435,batch_c_probe_3_,13434984,44727504,12029136
09:20:59,237435,batch_c_probe_3_,13434984,44727504,12029136
09:21:00,237435,batch_c_probe_3_,13434984,44727504,12029136
09:21:01,237435,batch_c_probe_3_,13434988,44727504,12029132
09:21:02,237435,batch_c_probe_3_,13434988,44727504,12029132
09:21:03,237435,batch_c_probe_3_,13434996,44727504,12029124
09:21:04,237435,batch_c_probe_3_,13434996,44727504,12029124
09:21:05,237435,batch_c_probe_3_,13434996,44727504,12029124
09:21:06,237435,batch_c_probe_3_,13434996,44727504,12029124
09:21:07,237435,batch_c_probe_3_,13434996,44727504,12029124
09:21:08,237435,batch_c_probe_3_,13434996,44727504,12029124
09:21:09,237435,batch_c_probe_3_,13434996,44727504,12029124
09:21:10,237435,batch_c_probe_3_,13435000,44727504,12029120
09:21:11,237435,batch_c_probe_3_,13435024,44727504,12029120
09:21:12,237435,batch_c_probe_3_,13435000,44727504,12029120
09:21:13,237435,batch_c_probe_3_,13435000,44727504,12029120
09:21:15,237435,batch_c_probe_3_,13435000,44727504,12029120
09:21:16,237435,batch_c_probe_3_,13435000,44727504,12029120
09:21:17,237435,batch_c_probe_3_,13435004,44727504,12029116
09:21:18,237435,batch_c_probe_3_,13435004,44727504,12029116
09:21:19,237435,batch_c_probe_3_,13435032,44727504,12029088
09:21:20,237435,batch_c_probe_3_,13435036,44727504,12029084
09:21:21,237435,batch_c_probe_3_,13435036,44727504,12029084
09:21:22,237435,batch_c_probe_3_,13435036,44727504,12029084
09:21:23,237435,batch_c_probe_3_,13435040,44727504,12029080
09:21:24,237435,batch_c_probe_3_,13435040,44727504,12029080
09:21:25,237435,batch_c_probe_3_,13435064,44727504,12029080
09:21:26,237435,batch_c_probe_3_,13435048,44727504,12029072
09:21:27,237435,batch_c_probe_3_,13435048,44727504,12029072
09:21:28,237435,batch_c_probe_3_,13435048,44727504,12029072
09:21:29,237435,batch_c_probe_3_,13435048,44727504,12029072
09:21:30,237435,batch_c_probe_3_,13435048,44727504,12029072
09:21:31,237435,batch_c_probe_3_,13435048,44727504,12029072
09:21:32,237435,batch_c_probe_3_,13435052,44727504,12029068
09:21:33,237435,batch_c_probe_3_,13435052,44727504,12029068
09:21:34,237435,batch_c_probe_3_,13435052,44727504,12029068
09:21:35,237435,batch_c_probe_3_,13435056,44727504,12029064
09:21:36,237435,batch_c_probe_3_,13435080,44727504,12029064
09:21:37,237435,batch_c_probe_3_,13435060,44727504,12029060
09:21:38,237435,batch_c_probe_3_,13435060,44727504,12029060
09:21:39,237435,batch_c_probe_3_,13435060,44727504,12029060
09:21:40,237435,batch_c_probe_3_,13435060,44727504,12029060
09:21:41,237435,batch_c_probe_3_,13435064,44727504,12029056
09:21:42,237435,batch_c_probe_3_,13435068,44727504,12029052
09:21:43,237435,batch_c_probe_3_,13435068,44727504,12029052
09:21:44,237435,batch_c_probe_3_,13435072,44727504,12029048
09:21:45,237435,batch_c_probe_3_,13435072,44727504,12029048
09:21:46,237435,batch_c_probe_3_,13435072,44727504,12029048
09:21:47,237435,batch_c_probe_3_,13435072,44727504,12029048
09:21:48,237435,batch_c_probe_3_,13439248,44727504,12024872
09:21:49,237435,batch_c_probe_3_,13439248,44727504,12024872
09:21:50,237435,batch_c_probe_3_,13439252,44727504,12024868
09:21:51,237435,batch_c_probe_3_,13439252,44727504,12024868
09:21:52,237435,batch_c_probe_3_,13439260,44727504,12024860
09:21:53,237435,batch_c_probe_3_,13439260,44727504,12024860
09:21:54,237435,batch_c_probe_3_,13439260,44727504,12024860
09:21:55,237435,batch_c_probe_3_,13439260,44727504,12024860
09:21:56,237435,batch_c_probe_3_,13439264,44727504,12024856
09:21:57,237435,batch_c_probe_3_,13439264,44727504,12024856
09:21:58,237435,batch_c_probe_3_,13439264,44727504,12024856
09:21:59,237435,batch_c_probe_3_,13439268,44727504,12024852
09:22:00,237435,batch_c_probe_3_,13439292,44727504,12024852
09:22:01,237435,batch_c_probe_3_,13439280,44727504,12024840
09:22:02,237435,batch_c_probe_3_,13439280,44727504,12024840
09:22:03,237435,batch_c_probe_3_,13439284,44727504,12024836
09:22:04,237435,batch_c_probe_3_,13439284,44727504,12024836
09:22:05,237435,batch_c_probe_3_,13439284,44727504,12024836
09:22:06,237435,batch_c_probe_3_,13439284,44727504,12024836
09:22:07,237435,batch_c_probe_3_,13439284,44727504,12024836
09:22:08,237435,batch_c_probe_3_,13439288,44727504,12024832
09:22:09,237435,batch_c_probe_3_,13492576,44727504,12024832
09:22:10,237435,batch_c_probe_3_,13492576,44727504,12024832
09:22:11,237435,batch_c_probe_3_,13492600,44727504,12024832
09:22:12,237435,batch_c_probe_3_,13439288,44727504,12024832
09:22:14,237435,batch_c_probe_3_,13439288,44727504,12024832
09:22:15,237435,batch_c_probe_3_,13439292,44727504,12024828
09:22:16,237435,batch_c_probe_3_,13439292,44727504,12024828
09:22:17,237435,batch_c_probe_3_,13439292,44727504,12024828
09:22:18,237435,batch_c_probe_3_,13439296,44727504,12024824
09:22:19,237435,batch_c_probe_3_,13439296,44727504,12024824
09:22:20,237435,batch_c_probe_3_,13439296,44727504,12024824
09:22:21,237435,batch_c_probe_3_,13439296,44727504,12024824
09:22:22,237435,batch_c_probe_3_,13439296,44727504,12024824
09:22:23,237435,batch_c_probe_3_,13439296,44727504,12024824
09:22:24,237435,batch_c_probe_3_,13439300,44727504,12024820
09:22:25,237435,batch_c_probe_3_,13439300,44727504,12024820
09:22:26,237435,batch_c_probe_3_,13439300,44727504,12024820
09:22:27,237435,batch_c_probe_3_,13439300,44727504,12024820
09:22:28,237435,batch_c_probe_3_,13439300,44727504,12024820
09:22:29,237435,batch_c_probe_3_,13439300,44727504,12024820
09:22:30,237435,batch_c_probe_3_,13439300,44727504,12024820
09:22:31,237435,batch_c_probe_3_,13439300,44727504,12024820
09:22:32,237435,batch_c_probe_3_,13439300,44727504,12024820
09:22:33,237435,batch_c_probe_3_,13439304,44727504,12024816
09:22:34,237435,batch_c_probe_3_,13439304,44727504,12024816
09:22:35,237435,batch_c_probe_3_,13439304,44727504,12024816
09:22:36,237435,batch_c_probe_3_,13439328,44727504,12024816
09:22:37,237435,batch_c_probe_3_,13439304,44727504,12024816
09:22:38,237435,batch_c_probe_3_,13439304,44727504,12024816
09:22:39,237435,batch_c_probe_3_,13439304,44727504,12024816
09:22:40,237435,batch_c_probe_3_,13439304,44727504,12024816
09:22:41,237435,batch_c_probe_3_,13439304,44727504,12024816
09:22:42,237435,batch_c_probe_3_,13439308,44727504,12024812
09:22:43,237435,batch_c_probe_3_,13439308,44727504,12024812
09:22:44,237435,batch_c_probe_3_,13439308,44727504,12024812
09:22:45,237435,batch_c_probe_3_,13439316,44727504,12024804
09:22:46,237435,batch_c_probe_3_,13439316,44727504,12024804
09:22:47,237435,batch_c_probe_3_,13439340,44727504,12024804
09:22:48,237435,batch_c_probe_3_,13439316,44727504,12024804
09:22:49,237435,batch_c_probe_3_,13439316,44727504,12024804
09:22:50,237435,batch_c_probe_3_,13439336,44727504,12024784
09:22:51,237435,batch_c_probe_3_,13439336,44727504,12024784
09:22:52,237435,batch_c_probe_3_,13439336,44727504,12024784
09:22:53,237435,batch_c_probe_3_,13439336,44727504,12024784
09:22:54,237435,batch_c_probe_3_,13439340,44727504,12024780
09:22:55,237435,batch_c_probe_3_,13439340,44727504,12024780
09:22:56,237435,batch_c_probe_3_,13439436,44727504,12024684
09:22:57,237435,batch_c_probe_3_,13439440,44727504,12024680
09:22:58,237435,batch_c_probe_3_,13439464,44727504,12024680
09:22:59,237435,batch_c_probe_3_,13439440,44727504,12024680
09:23:00,237435,batch_c_probe_3_,13439440,44727504,12024680
09:23:01,237435,batch_c_probe_3_,13439444,44727504,12024676
09:23:02,237435,batch_c_probe_3_,13439444,44727504,12024676
09:23:03,237435,batch_c_probe_3_,13439448,44727504,12024672
09:23:04,237435,batch_c_probe_3_,13439448,44727504,12024672
09:23:05,237435,batch_c_probe_3_,13439452,44727504,12024668
09:23:06,237435,batch_c_probe_3_,13439456,44727504,12024664
09:23:07,237435,batch_c_probe_3_,13439460,44727504,12024660
09:23:08,237435,batch_c_probe_3_,13439460,44727504,12024660
09:23:09,237435,batch_c_probe_3_,13439460,44727504,12024660
09:23:10,237435,batch_c_probe_3_,13439460,44727504,12024660
09:23:11,237435,batch_c_probe_3_,13439460,44727504,12024660
09:23:13,237435,batch_c_probe_3_,13439460,44727504,12024660
