1427354 execve("/home/zhuran24/zmd-research-fresh/\346\261\202\350\247\243\345\231\250/target/healthaudit2prod1422118/kernel", ["/home/zhuran24/zmd-research-fresh/\346\261\202\350\247\243\345\231\250/target/healthaudit2prod1422118/kernel", "cycle", "/tmp/kernel-audit2-v3r63b5w/\346\261\202\350\247\243\345\231\250/\346\225\260\346\215\256/\346\240\267\344\276\213/\347\224\237\344\272\247\345\276\252\347\216\257\347\216\257\345\270\246.json", "--max-ticks", "20", "--search-checkpoint-interval", "3", "--out", "/home/zhuran24/zmd-research-fresh/\346\261\202\350\247\243\345\231\250/target/health-capture/audit2-1422118/cases/verify-batch/batch/cycle.json", "--config", "/tmp/kernel-audit2-v3r63b5w/\346\261\202\350\247\243\345\231\250/\350\247\204\346\240\274/\345\206\205\346\240\270\351\205\215\347\275\256-v1.json"], 0x7ffcd734d318 /* 135 vars */) = 0
1427354 openat(AT_FDCWD</tmp/kernel-audit2-v3r63b5w/\346\261\202\350\247\243\345\231\250>, "/etc/ld.so.cache", O_RDONLY|O_CLOEXEC) = 3</etc/ld.so.cache>
1427354 openat(AT_FDCWD</tmp/kernel-audit2-v3r63b5w/\346\261\202\350\247\243\345\231\250>, "/usr/lib/libgcc_s.so.1", O_RDONLY|O_CLOEXEC) = 3</usr/lib/libgcc_s.so.1>
1427354 openat(AT_FDCWD</tmp/kernel-audit2-v3r63b5w/\346\261\202\350\247\243\345\231\250>, "/usr/lib/libc.so.6", O_RDONLY|O_CLOEXEC) = 3</usr/lib/libc.so.6>
1427354 openat(AT_FDCWD</tmp/kernel-audit2-v3r63b5w/\346\261\202\350\247\243\345\231\250>, "/proc/self/maps", O_RDONLY|O_CLOEXEC) = 3</proc/1427354/maps>
1427354 openat(AT_FDCWD</tmp/kernel-audit2-v3r63b5w/\346\261\202\350\247\243\345\231\250>, "/tmp/kernel-audit2-v3r63b5w/\346\261\202\350\247\243\345\231\250/\350\247\204\346\240\274/\345\206\205\346\240\270\351\205\215\347\275\256-v1.json", O_RDONLY|O_CLOEXEC) = 3</tmp/kernel-audit2-v3r63b5w/\346\261\202\350\247\243\345\231\250/\350\247\204\346\240\274/\345\206\205\346\240\270\351\205\215\347\275\256-v1.json>
1427354 openat(AT_FDCWD</tmp/kernel-audit2-v3r63b5w/\346\261\202\350\247\243\345\231\250>, "/tmp/kernel-audit2-v3r63b5w/\346\261\202\350\247\243\345\231\250/\346\225\260\346\215\256/\346\240\267\344\276\213/\347\224\237\344\272\247\345\276\252\347\216\257\347\216\257\345\270\246.json", O_RDONLY|O_CLOEXEC) = 3</tmp/kernel-audit2-v3r63b5w/\346\261\202\350\247\243\345\231\250/\346\225\260\346\215\256/\346\240\267\344\276\213/\347\224\237\344\272\247\345\276\252\347\216\257\347\216\257\345\270\246.json>
1427354 openat(AT_FDCWD</tmp/kernel-audit2-v3r63b5w/\346\261\202\350\247\243\345\231\250>, "/dev/null", O_RDONLY|O_CLOEXEC) = 3</dev/null<char 1:3>>
1427355 execve("/home/zhuran24/.codex/tmp/arg0/codex-arg0DuAZRy/sha256sum", ["sha256sum", "--", "/tmp/kernel-audit2-v3r63b5w/\346\261\202\350\247\243\345\231\250/\346\225\260\346\215\256/\346\255\243\345\274\217\351\235\231\346\200\201\347\233\256\345\275\225.json"], 0x7ffde62c4578 /* 135 vars */) = -1 ENOENT (No such file or directory)
1427355 execve("/home/zhuran24/.cargo/bin/sha256sum", ["sha256sum", "--", "/tmp/kernel-audit2-v3r63b5w/\346\261\202\350\247\243\345\231\250/\346\225\260\346\215\256/\346\255\243\345\274\217\351\235\231\346\200\201\347\233\256\345\275\225.json"], 0x7ffde62c4578 /* 135 vars */) = -1 ENOENT (No such file or directory)
1427355 execve("/home/zhuran24/.local/bin/sha256sum", ["sha256sum", "--", "/tmp/kernel-audit2-v3r63b5w/\346\261\202\350\247\243\345\231\250/\346\225\260\346\215\256/\346\255\243\345\274\217\351\235\231\346\200\201\347\233\256\345\275\225.json"], 0x7ffde62c4578 /* 135 vars */) = -1 ENOENT (No such file or directory)
1427355 execve("/home/zhuran24/.opencode/bin/sha256sum", ["sha256sum", "--", "/tmp/kernel-audit2-v3r63b5w/\346\261\202\350\247\243\345\231\250/\346\225\260\346\215\256/\346\255\243\345\274\217\351\235\231\346\200\201\347\233\256\345\275\225.json"], 0x7ffde62c4578 /* 135 vars */) = -1 ENOENT (No such file or directory)
1427355 execve("/usr/local/bin/sha256sum", ["sha256sum", "--", "/tmp/kernel-audit2-v3r63b5w/\346\261\202\350\247\243\345\231\250/\346\225\260\346\215\256/\346\255\243\345\274\217\351\235\231\346\200\201\347\233\256\345\275\225.json"], 0x7ffde62c4578 /* 135 vars */) = -1 ENOENT (No such file or directory)
1427355 execve("/usr/bin/sha256sum", ["sha256sum", "--", "/tmp/kernel-audit2-v3r63b5w/\346\261\202\350\247\243\345\231\250/\346\225\260\346\215\256/\346\255\243\345\274\217\351\235\231\346\200\201\347\233\256\345\275\225.json"], 0x7ffde62c4578 /* 135 vars */) = 0
1427355 openat(AT_FDCWD</tmp/kernel-audit2-v3r63b5w/\346\261\202\350\247\243\345\231\250>, "/etc/ld.so.cache", O_RDONLY|O_CLOEXEC) = 3</etc/ld.so.cache>
1427355 openat(AT_FDCWD</tmp/kernel-audit2-v3r63b5w/\346\261\202\350\247\243\345\231\250>, "/usr/lib/libcrypto.so.3", O_RDONLY|O_CLOEXEC) = 3</usr/lib/libcrypto.so.3>
1427355 openat(AT_FDCWD</tmp/kernel-audit2-v3r63b5w/\346\261\202\350\247\243\345\231\250>, "/usr/lib/libc.so.6", O_RDONLY|O_CLOEXEC) = 3</usr/lib/libc.so.6>
1427355 openat(AT_FDCWD</tmp/kernel-audit2-v3r63b5w/\346\261\202\350\247\243\345\231\250>, "/usr/lib/libz.so.1", O_RDONLY|O_CLOEXEC) = 3</usr/lib/libz.so.1.3.1.zlib-ng>
1427355 openat(AT_FDCWD</tmp/kernel-audit2-v3r63b5w/\346\261\202\350\247\243\345\231\250>, "/usr/lib/libbrotlienc.so.1", O_RDONLY|O_CLOEXEC) = 3</usr/lib/libbrotlienc.so.1.2.0>
1427355 openat(AT_FDCWD</tmp/kernel-audit2-v3r63b5w/\346\261\202\350\247\243\345\231\250>, "/usr/lib/libbrotlidec.so.1", O_RDONLY|O_CLOEXEC) = 3</usr/lib/libbrotlidec.so.1.2.0>
1427355 openat(AT_FDCWD</tmp/kernel-audit2-v3r63b5w/\346\261\202\350\247\243\345\231\250>, "/usr/lib/libzstd.so.1", O_RDONLY|O_CLOEXEC) = 3</usr/lib/libzstd.so.1.5.7>
1427355 openat(AT_FDCWD</tmp/kernel-audit2-v3r63b5w/\346\261\202\350\247\243\345\231\250>, "/usr/lib/libm.so.6", O_RDONLY|O_CLOEXEC) = 3</usr/lib/libm.so.6>
1427355 openat(AT_FDCWD</tmp/kernel-audit2-v3r63b5w/\346\261\202\350\247\243\345\231\250>, "/usr/lib/libbrotlicommon.so.1", O_RDONLY|O_CLOEXEC) = 3</usr/lib/libbrotlicommon.so.1.2.0>
1427355 openat(AT_FDCWD</tmp/kernel-audit2-v3r63b5w/\346\261\202\350\247\243\345\231\250>, "/usr/lib/locale/locale-archive", O_RDONLY|O_CLOEXEC) = 3</usr/lib/locale/locale-archive>
1427355 openat(AT_FDCWD</tmp/kernel-audit2-v3r63b5w/\346\261\202\350\247\243\345\231\250>, "/usr/share/locale/locale.alias", O_RDONLY|O_CLOEXEC) = 3</usr/share/locale/locale.alias>
1427355 openat(AT_FDCWD</tmp/kernel-audit2-v3r63b5w/\346\261\202\350\247\243\345\231\250>, "/usr/lib/locale/C.UTF-8/LC_IDENTIFICATION", O_RDONLY|O_CLOEXEC) = -1 ENOENT (No such file or directory)
1427355 openat(AT_FDCWD</tmp/kernel-audit2-v3r63b5w/\346\261\202\350\247\243\345\231\250>, "/usr/lib/locale/C.utf8/LC_IDENTIFICATION", O_RDONLY|O_CLOEXEC) = 3</usr/lib/locale/C.utf8/LC_IDENTIFICATION>
1427355 openat(AT_FDCWD</tmp/kernel-audit2-v3r63b5w/\346\261\202\350\247\243\345\231\250>, "/usr/lib/gconv/gconv-modules.cache", O_RDONLY|O_CLOEXEC) = 3</usr/lib/gconv/gconv-modules.cache>
1427355 openat(AT_FDCWD</tmp/kernel-audit2-v3r63b5w/\346\261\202\350\247\243\345\231\250>, "/usr/lib/locale/C.UTF-8/LC_MEASUREMENT", O_RDONLY|O_CLOEXEC) = -1 ENOENT (No such file or directory)
1427355 openat(AT_FDCWD</tmp/kernel-audit2-v3r63b5w/\346\261\202\350\247\243\345\231\250>, "/usr/lib/locale/C.utf8/LC_MEASUREMENT", O_RDONLY|O_CLOEXEC) = 3</usr/lib/locale/C.utf8/LC_MEASUREMENT>
1427355 openat(AT_FDCWD</tmp/kernel-audit2-v3r63b5w/\346\261\202\350\247\243\345\231\250>, "/usr/lib/locale/C.UTF-8/LC_TELEPHONE", O_RDONLY|O_CLOEXEC) = -1 ENOENT (No such file or directory)
1427355 openat(AT_FDCWD</tmp/kernel-audit2-v3r63b5w/\346\261\202\350\247\243\345\231\250>, "/usr/lib/locale/C.utf8/LC_TELEPHONE", O_RDONLY|O_CLOEXEC) = 3</usr/lib/locale/C.utf8/LC_TELEPHONE>
1427355 openat(AT_FDCWD</tmp/kernel-audit2-v3r63b5w/\346\261\202\350\247\243\345\231\250>, "/usr/lib/locale/C.UTF-8/LC_ADDRESS", O_RDONLY|O_CLOEXEC) = -1 ENOENT (No such file or directory)
1427355 openat(AT_FDCWD</tmp/kernel-audit2-v3r63b5w/\346\261\202\350\247\243\345\231\250>, "/usr/lib/locale/C.utf8/LC_ADDRESS", O_RDONLY|O_CLOEXEC) = 3</usr/lib/locale/C.utf8/LC_ADDRESS>
1427355 openat(AT_FDCWD</tmp/kernel-audit2-v3r63b5w/\346\261\202\350\247\243\345\231\250>, "/usr/lib/locale/C.UTF-8/LC_NAME", O_RDONLY|O_CLOEXEC) = -1 ENOENT (No such file or directory)
1427355 openat(AT_FDCWD</tmp/kernel-audit2-v3r63b5w/\346\261\202\350\247\243\345\231\250>, "/usr/lib/locale/C.utf8/LC_NAME", O_RDONLY|O_CLOEXEC) = 3</usr/lib/locale/C.utf8/LC_NAME>
1427355 openat(AT_FDCWD</tmp/kernel-audit2-v3r63b5w/\346\261\202\350\247\243\345\231\250>, "/usr/lib/locale/C.UTF-8/LC_PAPER", O_RDONLY|O_CLOEXEC) = -1 ENOENT (No such file or directory)
1427355 openat(AT_FDCWD</tmp/kernel-audit2-v3r63b5w/\346\261\202\350\247\243\345\231\250>, "/usr/lib/locale/C.utf8/LC_PAPER", O_RDONLY|O_CLOEXEC) = 3</usr/lib/locale/C.utf8/LC_PAPER>
1427355 openat(AT_FDCWD</tmp/kernel-audit2-v3r63b5w/\346\261\202\350\247\243\345\231\250>, "/usr/lib/locale/C.UTF-8/LC_MESSAGES", O_RDONLY|O_CLOEXEC) = -1 ENOENT (No such file or directory)
1427355 openat(AT_FDCWD</tmp/kernel-audit2-v3r63b5w/\346\261\202\350\247\243\345\231\250>, "/usr/lib/locale/C.utf8/LC_MESSAGES", O_RDONLY|O_CLOEXEC) = 3</usr/lib/locale/C.utf8/LC_MESSAGES>
1427355 openat(AT_FDCWD</tmp/kernel-audit2-v3r63b5w/\346\261\202\350\247\243\345\231\250>, "/usr/lib/locale/C.utf8/LC_MESSAGES/SYS_LC_MESSAGES", O_RDONLY|O_CLOEXEC) = 3</usr/lib/locale/C.utf8/LC_MESSAGES/SYS_LC_MESSAGES>
1427355 openat(AT_FDCWD</tmp/kernel-audit2-v3r63b5w/\346\261\202\350\247\243\345\231\250>, "/usr/lib/locale/C.UTF-8/LC_MONETARY", O_RDONLY|O_CLOEXEC) = -1 ENOENT (No such file or directory)
1427355 openat(AT_FDCWD</tmp/kernel-audit2-v3r63b5w/\346\261\202\350\247\243\345\231\250>, "/usr/lib/locale/C.utf8/LC_MONETARY", O_RDONLY|O_CLOEXEC) = 3</usr/lib/locale/C.utf8/LC_MONETARY>
1427355 openat(AT_FDCWD</tmp/kernel-audit2-v3r63b5w/\346\261\202\350\247\243\345\231\250>, "/usr/lib/locale/C.UTF-8/LC_COLLATE", O_RDONLY|O_CLOEXEC) = -1 ENOENT (No such file or directory)
1427355 openat(AT_FDCWD</tmp/kernel-audit2-v3r63b5w/\346\261\202\350\247\243\345\231\250>, "/usr/lib/locale/C.utf8/LC_COLLATE", O_RDONLY|O_CLOEXEC) = 3</usr/lib/locale/C.utf8/LC_COLLATE>
1427355 openat(AT_FDCWD</tmp/kernel-audit2-v3r63b5w/\346\261\202\350\247\243\345\231\250>, "/usr/lib/locale/C.UTF-8/LC_TIME", O_RDONLY|O_CLOEXEC) = -1 ENOENT (No such file or directory)
1427355 openat(AT_FDCWD</tmp/kernel-audit2-v3r63b5w/\346\261\202\350\247\243\345\231\250>, "/usr/lib/locale/C.utf8/LC_TIME", O_RDONLY|O_CLOEXEC) = 3</usr/lib/locale/C.utf8/LC_TIME>
1427355 openat(AT_FDCWD</tmp/kernel-audit2-v3r63b5w/\346\261\202\350\247\243\345\231\250>, "/usr/lib/locale/C.UTF-8/LC_NUMERIC", O_RDONLY|O_CLOEXEC) = -1 ENOENT (No such file or directory)
1427355 openat(AT_FDCWD</tmp/kernel-audit2-v3r63b5w/\346\261\202\350\247\243\345\231\250>, "/usr/lib/locale/C.utf8/LC_NUMERIC", O_RDONLY|O_CLOEXEC) = 3</usr/lib/locale/C.utf8/LC_NUMERIC>
1427355 openat(AT_FDCWD</tmp/kernel-audit2-v3r63b5w/\346\261\202\350\247\243\345\231\250>, "/usr/lib/locale/C.UTF-8/LC_CTYPE", O_RDONLY|O_CLOEXEC) = -1 ENOENT (No such file or directory)
1427355 openat(AT_FDCWD</tmp/kernel-audit2-v3r63b5w/\346\261\202\350\247\243\345\231\250>, "/usr/lib/locale/C.utf8/LC_CTYPE", O_RDONLY|O_CLOEXEC) = 3</usr/lib/locale/C.utf8/LC_CTYPE>
1427355 openat(AT_FDCWD</tmp/kernel-audit2-v3r63b5w/\346\261\202\350\247\243\345\231\250>, "/tmp/kernel-audit2-v3r63b5w/\346\261\202\350\247\243\345\231\250/\346\225\260\346\215\256/\346\255\243\345\274\217\351\235\231\346\200\201\347\233\256\345\275\225.json", O_RDONLY) = 3</tmp/kernel-audit2-v3r63b5w/\346\261\202\350\247\243\345\231\250/\346\225\260\346\215\256/\346\255\243\345\274\217\351\235\231\346\200\201\347\233\256\345\275\225.json>
1427354 --- SIGCHLD {si_signo=SIGCHLD, si_code=CLD_EXITED, si_pid=1427355, si_uid=1000, si_status=0, si_utime=0, si_stime=0} ---
1427354 openat(AT_FDCWD</tmp/kernel-audit2-v3r63b5w/\346\261\202\350\247\243\345\231\250>, "/tmp/kernel-audit2-v3r63b5w/\346\261\202\350\247\243\345\231\250/\346\225\260\346\215\256/\346\255\243\345\274\217\351\235\231\346\200\201\347\233\256\345\275\225.json", O_RDONLY|O_CLOEXEC) = 3</tmp/kernel-audit2-v3r63b5w/\346\261\202\350\247\243\345\231\250/\346\225\260\346\215\256/\346\255\243\345\274\217\351\235\231\346\200\201\347\233\256\345\275\225.json>
1427354 openat(AT_FDCWD</tmp/kernel-audit2-v3r63b5w/\346\261\202\350\247\243\345\231\250>, "/dev/null", O_RDONLY|O_CLOEXEC) = 3</dev/null<char 1:3>>
1427356 execve("/home/zhuran24/.codex/tmp/arg0/codex-arg0DuAZRy/sha256sum", ["sha256sum", "--", "/tmp/kernel-audit2-v3r63b5w/\346\261\202\350\247\243\345\231\250/\346\225\260\346\215\256/\346\255\243\345\274\217\351\235\231\346\200\201\347\233\256\345\275\225.json"], 0x7ffde62c4578 /* 135 vars */) = -1 ENOENT (No such file or directory)
1427356 execve("/home/zhuran24/.cargo/bin/sha256sum", ["sha256sum", "--", "/tmp/kernel-audit2-v3r63b5w/\346\261\202\350\247\243\345\231\250/\346\225\260\346\215\256/\346\255\243\345\274\217\351\235\231\346\200\201\347\233\256\345\275\225.json"], 0x7ffde62c4578 /* 135 vars */) = -1 ENOENT (No such file or directory)
1427356 execve("/home/zhuran24/.local/bin/sha256sum", ["sha256sum", "--", "/tmp/kernel-audit2-v3r63b5w/\346\261\202\350\247\243\345\231\250/\346\225\260\346\215\256/\346\255\243\345\274\217\351\235\231\346\200\201\347\233\256\345\275\225.json"], 0x7ffde62c4578 /* 135 vars */) = -1 ENOENT (No such file or directory)
1427356 execve("/home/zhuran24/.opencode/bin/sha256sum", ["sha256sum", "--", "/tmp/kernel-audit2-v3r63b5w/\346\261\202\350\247\243\345\231\250/\346\225\260\346\215\256/\346\255\243\345\274\217\351\235\231\346\200\201\347\233\256\345\275\225.json"], 0x7ffde62c4578 /* 135 vars */) = -1 ENOENT (No such file or directory)
1427356 execve("/usr/local/bin/sha256sum", ["sha256sum", "--", "/tmp/kernel-audit2-v3r63b5w/\346\261\202\350\247\243\345\231\250/\346\225\260\346\215\256/\346\255\243\345\274\217\351\235\231\346\200\201\347\233\256\345\275\225.json"], 0x7ffde62c4578 /* 135 vars */) = -1 ENOENT (No such file or directory)
1427356 execve("/usr/bin/sha256sum", ["sha256sum", "--", "/tmp/kernel-audit2-v3r63b5w/\346\261\202\350\247\243\345\231\250/\346\225\260\346\215\256/\346\255\243\345\274\217\351\235\231\346\200\201\347\233\256\345\275\225.json"], 0x7ffde62c4578 /* 135 vars */) = 0
1427356 openat(AT_FDCWD</tmp/kernel-audit2-v3r63b5w/\346\261\202\350\247\243\345\231\250>, "/etc/ld.so.cache", O_RDONLY|O_CLOEXEC) = 3</etc/ld.so.cache>
1427356 openat(AT_FDCWD</tmp/kernel-audit2-v3r63b5w/\346\261\202\350\247\243\345\231\250>, "/usr/lib/libcrypto.so.3", O_RDONLY|O_CLOEXEC) = 3</usr/lib/libcrypto.so.3>
1427356 openat(AT_FDCWD</tmp/kernel-audit2-v3r63b5w/\346\261\202\350\247\243\345\231\250>, "/usr/lib/libc.so.6", O_RDONLY|O_CLOEXEC) = 3</usr/lib/libc.so.6>
1427356 openat(AT_FDCWD</tmp/kernel-audit2-v3r63b5w/\346\261\202\350\247\243\345\231\250>, "/usr/lib/libz.so.1", O_RDONLY|O_CLOEXEC) = 3</usr/lib/libz.so.1.3.1.zlib-ng>
1427356 openat(AT_FDCWD</tmp/kernel-audit2-v3r63b5w/\346\261\202\350\247\243\345\231\250>, "/usr/lib/libbrotlienc.so.1", O_RDONLY|O_CLOEXEC) = 3</usr/lib/libbrotlienc.so.1.2.0>
1427356 openat(AT_FDCWD</tmp/kernel-audit2-v3r63b5w/\346\261\202\350\247\243\345\231\250>, "/usr/lib/libbrotlidec.so.1", O_RDONLY|O_CLOEXEC) = 3</usr/lib/libbrotlidec.so.1.2.0>
1427356 openat(AT_FDCWD</tmp/kernel-audit2-v3r63b5w/\346\261\202\350\247\243\345\231\250>, "/usr/lib/libzstd.so.1", O_RDONLY|O_CLOEXEC) = 3</usr/lib/libzstd.so.1.5.7>
1427356 openat(AT_FDCWD</tmp/kernel-audit2-v3r63b5w/\346\261\202\350\247\243\345\231\250>, "/usr/lib/libm.so.6", O_RDONLY|O_CLOEXEC) = 3</usr/lib/libm.so.6>
1427356 openat(AT_FDCWD</tmp/kernel-audit2-v3r63b5w/\346\261\202\350\247\243\345\231\250>, "/usr/lib/libbrotlicommon.so.1", O_RDONLY|O_CLOEXEC) = 3</usr/lib/libbrotlicommon.so.1.2.0>
1427356 openat(AT_FDCWD</tmp/kernel-audit2-v3r63b5w/\346\261\202\350\247\243\345\231\250>, "/usr/lib/locale/locale-archive", O_RDONLY|O_CLOEXEC) = 3</usr/lib/locale/locale-archive>
1427356 openat(AT_FDCWD</tmp/kernel-audit2-v3r63b5w/\346\261\202\350\247\243\345\231\250>, "/usr/share/locale/locale.alias", O_RDONLY|O_CLOEXEC) = 3</usr/share/locale/locale.alias>
1427356 openat(AT_FDCWD</tmp/kernel-audit2-v3r63b5w/\346\261\202\350\247\243\345\231\250>, "/usr/lib/locale/C.UTF-8/LC_IDENTIFICATION", O_RDONLY|O_CLOEXEC) = -1 ENOENT (No such file or directory)
1427356 openat(AT_FDCWD</tmp/kernel-audit2-v3r63b5w/\346\261\202\350\247\243\345\231\250>, "/usr/lib/locale/C.utf8/LC_IDENTIFICATION", O_RDONLY|O_CLOEXEC) = 3</usr/lib/locale/C.utf8/LC_IDENTIFICATION>
1427356 openat(AT_FDCWD</tmp/kernel-audit2-v3r63b5w/\346\261\202\350\247\243\345\231\250>, "/usr/lib/gconv/gconv-modules.cache", O_RDONLY|O_CLOEXEC) = 3</usr/lib/gconv/gconv-modules.cache>
1427356 openat(AT_FDCWD</tmp/kernel-audit2-v3r63b5w/\346\261\202\350\247\243\345\231\250>, "/usr/lib/locale/C.UTF-8/LC_MEASUREMENT", O_RDONLY|O_CLOEXEC) = -1 ENOENT (No such file or directory)
1427356 openat(AT_FDCWD</tmp/kernel-audit2-v3r63b5w/\346\261\202\350\247\243\345\231\250>, "/usr/lib/locale/C.utf8/LC_MEASUREMENT", O_RDONLY|O_CLOEXEC) = 3</usr/lib/locale/C.utf8/LC_MEASUREMENT>
1427356 openat(AT_FDCWD</tmp/kernel-audit2-v3r63b5w/\346\261\202\350\247\243\345\231\250>, "/usr/lib/locale/C.UTF-8/LC_TELEPHONE", O_RDONLY|O_CLOEXEC) = -1 ENOENT (No such file or directory)
1427356 openat(AT_FDCWD</tmp/kernel-audit2-v3r63b5w/\346\261\202\350\247\243\345\231\250>, "/usr/lib/locale/C.utf8/LC_TELEPHONE", O_RDONLY|O_CLOEXEC) = 3</usr/lib/locale/C.utf8/LC_TELEPHONE>
1427356 openat(AT_FDCWD</tmp/kernel-audit2-v3r63b5w/\346\261\202\350\247\243\345\231\250>, "/usr/lib/locale/C.UTF-8/LC_ADDRESS", O_RDONLY|O_CLOEXEC) = -1 ENOENT (No such file or directory)
1427356 openat(AT_FDCWD</tmp/kernel-audit2-v3r63b5w/\346\261\202\350\247\243\345\231\250>, "/usr/lib/locale/C.utf8/LC_ADDRESS", O_RDONLY|O_CLOEXEC) = 3</usr/lib/locale/C.utf8/LC_ADDRESS>
1427356 openat(AT_FDCWD</tmp/kernel-audit2-v3r63b5w/\346\261\202\350\247\243\345\231\250>, "/usr/lib/locale/C.UTF-8/LC_NAME", O_RDONLY|O_CLOEXEC) = -1 ENOENT (No such file or directory)
1427356 openat(AT_FDCWD</tmp/kernel-audit2-v3r63b5w/\346\261\202\350\247\243\345\231\250>, "/usr/lib/locale/C.utf8/LC_NAME", O_RDONLY|O_CLOEXEC) = 3</usr/lib/locale/C.utf8/LC_NAME>
1427356 openat(AT_FDCWD</tmp/kernel-audit2-v3r63b5w/\346\261\202\350\247\243\345\231\250>, "/usr/lib/locale/C.UTF-8/LC_PAPER", O_RDONLY|O_CLOEXEC) = -1 ENOENT (No such file or directory)
1427356 openat(AT_FDCWD</tmp/kernel-audit2-v3r63b5w/\346\261\202\350\247\243\345\231\250>, "/usr/lib/locale/C.utf8/LC_PAPER", O_RDONLY|O_CLOEXEC) = 3</usr/lib/locale/C.utf8/LC_PAPER>
1427356 openat(AT_FDCWD</tmp/kernel-audit2-v3r63b5w/\346\261\202\350\247\243\345\231\250>, "/usr/lib/locale/C.UTF-8/LC_MESSAGES", O_RDONLY|O_CLOEXEC) = -1 ENOENT (No such file or directory)
1427356 openat(AT_FDCWD</tmp/kernel-audit2-v3r63b5w/\346\261\202\350\247\243\345\231\250>, "/usr/lib/locale/C.utf8/LC_MESSAGES", O_RDONLY|O_CLOEXEC) = 3</usr/lib/locale/C.utf8/LC_MESSAGES>
1427356 openat(AT_FDCWD</tmp/kernel-audit2-v3r63b5w/\346\261\202\350\247\243\345\231\250>, "/usr/lib/locale/C.utf8/LC_MESSAGES/SYS_LC_MESSAGES", O_RDONLY|O_CLOEXEC) = 3</usr/lib/locale/C.utf8/LC_MESSAGES/SYS_LC_MESSAGES>
1427356 openat(AT_FDCWD</tmp/kernel-audit2-v3r63b5w/\346\261\202\350\247\243\345\231\250>, "/usr/lib/locale/C.UTF-8/LC_MONETARY", O_RDONLY|O_CLOEXEC) = -1 ENOENT (No such file or directory)
1427356 openat(AT_FDCWD</tmp/kernel-audit2-v3r63b5w/\346\261\202\350\247\243\345\231\250>, "/usr/lib/locale/C.utf8/LC_MONETARY", O_RDONLY|O_CLOEXEC) = 3</usr/lib/locale/C.utf8/LC_MONETARY>
1427356 openat(AT_FDCWD</tmp/kernel-audit2-v3r63b5w/\346\261\202\350\247\243\345\231\250>, "/usr/lib/locale/C.UTF-8/LC_COLLATE", O_RDONLY|O_CLOEXEC) = -1 ENOENT (No such file or directory)
1427356 openat(AT_FDCWD</tmp/kernel-audit2-v3r63b5w/\346\261\202\350\247\243\345\231\250>, "/usr/lib/locale/C.utf8/LC_COLLATE", O_RDONLY|O_CLOEXEC) = 3</usr/lib/locale/C.utf8/LC_COLLATE>
1427356 openat(AT_FDCWD</tmp/kernel-audit2-v3r63b5w/\346\261\202\350\247\243\345\231\250>, "/usr/lib/locale/C.UTF-8/LC_TIME", O_RDONLY|O_CLOEXEC) = -1 ENOENT (No such file or directory)
1427356 openat(AT_FDCWD</tmp/kernel-audit2-v3r63b5w/\346\261\202\350\247\243\345\231\250>, "/usr/lib/locale/C.utf8/LC_TIME", O_RDONLY|O_CLOEXEC) = 3</usr/lib/locale/C.utf8/LC_TIME>
1427356 openat(AT_FDCWD</tmp/kernel-audit2-v3r63b5w/\346\261\202\350\247\243\345\231\250>, "/usr/lib/locale/C.UTF-8/LC_NUMERIC", O_RDONLY|O_CLOEXEC) = -1 ENOENT (No such file or directory)
1427356 openat(AT_FDCWD</tmp/kernel-audit2-v3r63b5w/\346\261\202\350\247\243\345\231\250>, "/usr/lib/locale/C.utf8/LC_NUMERIC", O_RDONLY|O_CLOEXEC) = 3</usr/lib/locale/C.utf8/LC_NUMERIC>
1427356 openat(AT_FDCWD</tmp/kernel-audit2-v3r63b5w/\346\261\202\350\247\243\345\231\250>, "/usr/lib/locale/C.UTF-8/LC_CTYPE", O_RDONLY|O_CLOEXEC) = -1 ENOENT (No such file or directory)
1427356 openat(AT_FDCWD</tmp/kernel-audit2-v3r63b5w/\346\261\202\350\247\243\345\231\250>, "/usr/lib/locale/C.utf8/LC_CTYPE", O_RDONLY|O_CLOEXEC) = 3</usr/lib/locale/C.utf8/LC_CTYPE>
1427356 openat(AT_FDCWD</tmp/kernel-audit2-v3r63b5w/\346\261\202\350\247\243\345\231\250>, "/tmp/kernel-audit2-v3r63b5w/\346\261\202\350\247\243\345\231\250/\346\225\260\346\215\256/\346\255\243\345\274\217\351\235\231\346\200\201\347\233\256\345\275\225.json", O_RDONLY) = 3</tmp/kernel-audit2-v3r63b5w/\346\261\202\350\247\243\345\231\250/\346\225\260\346\215\256/\346\255\243\345\274\217\351\235\231\346\200\201\347\233\256\345\275\225.json>
1427354 --- SIGCHLD {si_signo=SIGCHLD, si_code=CLD_EXITED, si_pid=1427356, si_uid=1000, si_status=0, si_utime=0, si_stime=0} ---
1427354 openat(AT_FDCWD</tmp/kernel-audit2-v3r63b5w/\346\261\202\350\247\243\345\231\250>, "/dev/null", O_RDONLY|O_CLOEXEC) = 3</dev/null<char 1:3>>
1427357 execve("/home/zhuran24/.codex/tmp/arg0/codex-arg0DuAZRy/sha256sum", ["sha256sum", "--", "/tmp/kernel-audit2-v3r63b5w/\343\200\212\346\230\216\346\227\245\346\226\271\350\210\237\357\274\232\347\273\210\346\234\253\345\234\260\343\200\213\346\270\270\346\210\217\350\247\204\345\210\231.txt"], 0x7ffde62c4578 /* 135 vars */) = -1 ENOENT (No such file or directory)
1427357 execve("/home/zhuran24/.cargo/bin/sha256sum", ["sha256sum", "--", "/tmp/kernel-audit2-v3r63b5w/\343\200\212\346\230\216\346\227\245\346\226\271\350\210\237\357\274\232\347\273\210\346\234\253\345\234\260\343\200\213\346\270\270\346\210\217\350\247\204\345\210\231.txt"], 0x7ffde62c4578 /* 135 vars */) = -1 ENOENT (No such file or directory)
1427357 execve("/home/zhuran24/.local/bin/sha256sum", ["sha256sum", "--", "/tmp/kernel-audit2-v3r63b5w/\343\200\212\346\230\216\346\227\245\346\226\271\350\210\237\357\274\232\347\273\210\346\234\253\345\234\260\343\200\213\346\270\270\346\210\217\350\247\204\345\210\231.txt"], 0x7ffde62c4578 /* 135 vars */) = -1 ENOENT (No such file or directory)
1427357 execve("/home/zhuran24/.opencode/bin/sha256sum", ["sha256sum", "--", "/tmp/kernel-audit2-v3r63b5w/\343\200\212\346\230\216\346\227\245\346\226\271\350\210\237\357\274\232\347\273\210\346\234\253\345\234\260\343\200\213\346\270\270\346\210\217\350\247\204\345\210\231.txt"], 0x7ffde62c4578 /* 135 vars */) = -1 ENOENT (No such file or directory)
1427357 execve("/usr/local/bin/sha256sum", ["sha256sum", "--", "/tmp/kernel-audit2-v3r63b5w/\343\200\212\346\230\216\346\227\245\346\226\271\350\210\237\357\274\232\347\273\210\346\234\253\345\234\260\343\200\213\346\270\270\346\210\217\350\247\204\345\210\231.txt"], 0x7ffde62c4578 /* 135 vars */) = -1 ENOENT (No such file or directory)
1427357 execve("/usr/bin/sha256sum", ["sha256sum", "--", "/tmp/kernel-audit2-v3r63b5w/\343\200\212\346\230\216\346\227\245\346\226\271\350\210\237\357\274\232\347\273\210\346\234\253\345\234\260\343\200\213\346\270\270\346\210\217\350\247\204\345\210\231.txt"], 0x7ffde62c4578 /* 135 vars */) = 0
1427357 openat(AT_FDCWD</tmp/kernel-audit2-v3r63b5w/\346\261\202\350\247\243\345\231\250>, "/etc/ld.so.cache", O_RDONLY|O_CLOEXEC) = 3</etc/ld.so.cache>
1427357 openat(AT_FDCWD</tmp/kernel-audit2-v3r63b5w/\346\261\202\350\247\243\345\231\250>, "/usr/lib/libcrypto.so.3", O_RDONLY|O_CLOEXEC) = 3</usr/lib/libcrypto.so.3>
1427357 openat(AT_FDCWD</tmp/kernel-audit2-v3r63b5w/\346\261\202\350\247\243\345\231\250>, "/usr/lib/libc.so.6", O_RDONLY|O_CLOEXEC) = 3</usr/lib/libc.so.6>
1427357 openat(AT_FDCWD</tmp/kernel-audit2-v3r63b5w/\346\261\202\350\247\243\345\231\250>, "/usr/lib/libz.so.1", O_RDONLY|O_CLOEXEC) = 3</usr/lib/libz.so.1.3.1.zlib-ng>
1427357 openat(AT_FDCWD</tmp/kernel-audit2-v3r63b5w/\346\261\202\350\247\243\345\231\250>, "/usr/lib/libbrotlienc.so.1", O_RDONLY|O_CLOEXEC) = 3</usr/lib/libbrotlienc.so.1.2.0>
1427357 openat(AT_FDCWD</tmp/kernel-audit2-v3r63b5w/\346\261\202\350\247\243\345\231\250>, "/usr/lib/libbrotlidec.so.1", O_RDONLY|O_CLOEXEC) = 3</usr/lib/libbrotlidec.so.1.2.0>
1427357 openat(AT_FDCWD</tmp/kernel-audit2-v3r63b5w/\346\261\202\350\247\243\345\231\250>, "/usr/lib/libzstd.so.1", O_RDONLY|O_CLOEXEC) = 3</usr/lib/libzstd.so.1.5.7>
1427357 openat(AT_FDCWD</tmp/kernel-audit2-v3r63b5w/\346\261\202\350\247\243\345\231\250>, "/usr/lib/libm.so.6", O_RDONLY|O_CLOEXEC) = 3</usr/lib/libm.so.6>
1427357 openat(AT_FDCWD</tmp/kernel-audit2-v3r63b5w/\346\261\202\350\247\243\345\231\250>, "/usr/lib/libbrotlicommon.so.1", O_RDONLY|O_CLOEXEC) = 3</usr/lib/libbrotlicommon.so.1.2.0>
1427357 openat(AT_FDCWD</tmp/kernel-audit2-v3r63b5w/\346\261\202\350\247\243\345\231\250>, "/usr/lib/locale/locale-archive", O_RDONLY|O_CLOEXEC) = 3</usr/lib/locale/locale-archive>
1427357 openat(AT_FDCWD</tmp/kernel-audit2-v3r63b5w/\346\261\202\350\247\243\345\231\250>, "/usr/share/locale/locale.alias", O_RDONLY|O_CLOEXEC) = 3</usr/share/locale/locale.alias>
1427357 openat(AT_FDCWD</tmp/kernel-audit2-v3r63b5w/\346\261\202\350\247\243\345\231\250>, "/usr/lib/locale/C.UTF-8/LC_IDENTIFICATION", O_RDONLY|O_CLOEXEC) = -1 ENOENT (No such file or directory)
1427357 openat(AT_FDCWD</tmp/kernel-audit2-v3r63b5w/\346\261\202\350\247\243\345\231\250>, "/usr/lib/locale/C.utf8/LC_IDENTIFICATION", O_RDONLY|O_CLOEXEC) = 3</usr/lib/locale/C.utf8/LC_IDENTIFICATION>
1427357 openat(AT_FDCWD</tmp/kernel-audit2-v3r63b5w/\346\261\202\350\247\243\345\231\250>, "/usr/lib/gconv/gconv-modules.cache", O_RDONLY|O_CLOEXEC) = 3</usr/lib/gconv/gconv-modules.cache>
1427357 openat(AT_FDCWD</tmp/kernel-audit2-v3r63b5w/\346\261\202\350\247\243\345\231\250>, "/usr/lib/locale/C.UTF-8/LC_MEASUREMENT", O_RDONLY|O_CLOEXEC) = -1 ENOENT (No such file or directory)
1427357 openat(AT_FDCWD</tmp/kernel-audit2-v3r63b5w/\346\261\202\350\247\243\345\231\250>, "/usr/lib/locale/C.utf8/LC_MEASUREMENT", O_RDONLY|O_CLOEXEC) = 3</usr/lib/locale/C.utf8/LC_MEASUREMENT>
1427357 openat(AT_FDCWD</tmp/kernel-audit2-v3r63b5w/\346\261\202\350\247\243\345\231\250>, "/usr/lib/locale/C.UTF-8/LC_TELEPHONE", O_RDONLY|O_CLOEXEC) = -1 ENOENT (No such file or directory)
1427357 openat(AT_FDCWD</tmp/kernel-audit2-v3r63b5w/\346\261\202\350\247\243\345\231\250>, "/usr/lib/locale/C.utf8/LC_TELEPHONE", O_RDONLY|O_CLOEXEC) = 3</usr/lib/locale/C.utf8/LC_TELEPHONE>
1427357 openat(AT_FDCWD</tmp/kernel-audit2-v3r63b5w/\346\261\202\350\247\243\345\231\250>, "/usr/lib/locale/C.UTF-8/LC_ADDRESS", O_RDONLY|O_CLOEXEC) = -1 ENOENT (No such file or directory)
1427357 openat(AT_FDCWD</tmp/kernel-audit2-v3r63b5w/\346\261\202\350\247\243\345\231\250>, "/usr/lib/locale/C.utf8/LC_ADDRESS", O_RDONLY|O_CLOEXEC) = 3</usr/lib/locale/C.utf8/LC_ADDRESS>
1427357 openat(AT_FDCWD</tmp/kernel-audit2-v3r63b5w/\346\261\202\350\247\243\345\231\250>, "/usr/lib/locale/C.UTF-8/LC_NAME", O_RDONLY|O_CLOEXEC) = -1 ENOENT (No such file or directory)
1427357 openat(AT_FDCWD</tmp/kernel-audit2-v3r63b5w/\346\261\202\350\247\243\345\231\250>, "/usr/lib/locale/C.utf8/LC_NAME", O_RDONLY|O_CLOEXEC) = 3</usr/lib/locale/C.utf8/LC_NAME>
1427357 openat(AT_FDCWD</tmp/kernel-audit2-v3r63b5w/\346\261\202\350\247\243\345\231\250>, "/usr/lib/locale/C.UTF-8/LC_PAPER", O_RDONLY|O_CLOEXEC) = -1 ENOENT (No such file or directory)
1427357 openat(AT_FDCWD</tmp/kernel-audit2-v3r63b5w/\346\261\202\350\247\243\345\231\250>, "/usr/lib/locale/C.utf8/LC_PAPER", O_RDONLY|O_CLOEXEC) = 3</usr/lib/locale/C.utf8/LC_PAPER>
1427357 openat(AT_FDCWD</tmp/kernel-audit2-v3r63b5w/\346\261\202\350\247\243\345\231\250>, "/usr/lib/locale/C.UTF-8/LC_MESSAGES", O_RDONLY|O_CLOEXEC) = -1 ENOENT (No such file or directory)
1427357 openat(AT_FDCWD</tmp/kernel-audit2-v3r63b5w/\346\261\202\350\247\243\345\231\250>, "/usr/lib/locale/C.utf8/LC_MESSAGES", O_RDONLY|O_CLOEXEC) = 3</usr/lib/locale/C.utf8/LC_MESSAGES>
1427357 openat(AT_FDCWD</tmp/kernel-audit2-v3r63b5w/\346\261\202\350\247\243\345\231\250>, "/usr/lib/locale/C.utf8/LC_MESSAGES/SYS_LC_MESSAGES", O_RDONLY|O_CLOEXEC) = 3</usr/lib/locale/C.utf8/LC_MESSAGES/SYS_LC_MESSAGES>
1427357 openat(AT_FDCWD</tmp/kernel-audit2-v3r63b5w/\346\261\202\350\247\243\345\231\250>, "/usr/lib/locale/C.UTF-8/LC_MONETARY", O_RDONLY|O_CLOEXEC) = -1 ENOENT (No such file or directory)
1427357 openat(AT_FDCWD</tmp/kernel-audit2-v3r63b5w/\346\261\202\350\247\243\345\231\250>, "/usr/lib/locale/C.utf8/LC_MONETARY", O_RDONLY|O_CLOEXEC) = 3</usr/lib/locale/C.utf8/LC_MONETARY>
1427357 openat(AT_FDCWD</tmp/kernel-audit2-v3r63b5w/\346\261\202\350\247\243\345\231\250>, "/usr/lib/locale/C.UTF-8/LC_COLLATE", O_RDONLY|O_CLOEXEC) = -1 ENOENT (No such file or directory)
1427357 openat(AT_FDCWD</tmp/kernel-audit2-v3r63b5w/\346\261\202\350\247\243\345\231\250>, "/usr/lib/locale/C.utf8/LC_COLLATE", O_RDONLY|O_CLOEXEC) = 3</usr/lib/locale/C.utf8/LC_COLLATE>
1427357 openat(AT_FDCWD</tmp/kernel-audit2-v3r63b5w/\346\261\202\350\247\243\345\231\250>, "/usr/lib/locale/C.UTF-8/LC_TIME", O_RDONLY|O_CLOEXEC) = -1 ENOENT (No such file or directory)
1427357 openat(AT_FDCWD</tmp/kernel-audit2-v3r63b5w/\346\261\202\350\247\243\345\231\250>, "/usr/lib/locale/C.utf8/LC_TIME", O_RDONLY|O_CLOEXEC) = 3</usr/lib/locale/C.utf8/LC_TIME>
1427357 openat(AT_FDCWD</tmp/kernel-audit2-v3r63b5w/\346\261\202\350\247\243\345\231\250>, "/usr/lib/locale/C.UTF-8/LC_NUMERIC", O_RDONLY|O_CLOEXEC) = -1 ENOENT (No such file or directory)
1427357 openat(AT_FDCWD</tmp/kernel-audit2-v3r63b5w/\346\261\202\350\247\243\345\231\250>, "/usr/lib/locale/C.utf8/LC_NUMERIC", O_RDONLY|O_CLOEXEC) = 3</usr/lib/locale/C.utf8/LC_NUMERIC>
1427357 openat(AT_FDCWD</tmp/kernel-audit2-v3r63b5w/\346\261\202\350\247\243\345\231\250>, "/usr/lib/locale/C.UTF-8/LC_CTYPE", O_RDONLY|O_CLOEXEC) = -1 ENOENT (No such file or directory)
1427357 openat(AT_FDCWD</tmp/kernel-audit2-v3r63b5w/\346\261\202\350\247\243\345\231\250>, "/usr/lib/locale/C.utf8/LC_CTYPE", O_RDONLY|O_CLOEXEC) = 3</usr/lib/locale/C.utf8/LC_CTYPE>
1427357 openat(AT_FDCWD</tmp/kernel-audit2-v3r63b5w/\346\261\202\350\247\243\345\231\250>, "/tmp/kernel-audit2-v3r63b5w/\343\200\212\346\230\216\346\227\245\346\226\271\350\210\237\357\274\232\347\273\210\346\234\253\345\234\260\343\200\213\346\270\270\346\210\217\350\247\204\345\210\231.txt", O_RDONLY) = 3</tmp/kernel-audit2-v3r63b5w/\343\200\212\346\230\216\346\227\245\346\226\271\350\210\237\357\274\232\347\273\210\346\234\253\345\234\260\343\200\213\346\270\270\346\210\217\350\247\204\345\210\231.txt>
1427354 --- SIGCHLD {si_signo=SIGCHLD, si_code=CLD_EXITED, si_pid=1427357, si_uid=1000, si_status=0, si_utime=0, si_stime=0} ---
1427354 openat(AT_FDCWD</tmp/kernel-audit2-v3r63b5w/\346\261\202\350\247\243\345\231\250>, "/dev/null", O_RDONLY|O_CLOEXEC) = 3</dev/null<char 1:3>>
1427358 execve("/home/zhuran24/.codex/tmp/arg0/codex-arg0DuAZRy/sha256sum", ["sha256sum", "--", "/tmp/kernel-audit2-v3r63b5w/\346\261\202\350\247\243\344\273\273\345\212\241.txt"], 0x7ffde62c4578 /* 135 vars */) = -1 ENOENT (No such file or directory)
1427358 execve("/home/zhuran24/.cargo/bin/sha256sum", ["sha256sum", "--", "/tmp/kernel-audit2-v3r63b5w/\346\261\202\350\247\243\344\273\273\345\212\241.txt"], 0x7ffde62c4578 /* 135 vars */) = -1 ENOENT (No such file or directory)
1427358 execve("/home/zhuran24/.local/bin/sha256sum", ["sha256sum", "--", "/tmp/kernel-audit2-v3r63b5w/\346\261\202\350\247\243\344\273\273\345\212\241.txt"], 0x7ffde62c4578 /* 135 vars */) = -1 ENOENT (No such file or directory)
1427358 execve("/home/zhuran24/.opencode/bin/sha256sum", ["sha256sum", "--", "/tmp/kernel-audit2-v3r63b5w/\346\261\202\350\247\243\344\273\273\345\212\241.txt"], 0x7ffde62c4578 /* 135 vars */) = -1 ENOENT (No such file or directory)
1427358 execve("/usr/local/bin/sha256sum", ["sha256sum", "--", "/tmp/kernel-audit2-v3r63b5w/\346\261\202\350\247\243\344\273\273\345\212\241.txt"], 0x7ffde62c4578 /* 135 vars */) = -1 ENOENT (No such file or directory)
1427358 execve("/usr/bin/sha256sum", ["sha256sum", "--", "/tmp/kernel-audit2-v3r63b5w/\346\261\202\350\247\243\344\273\273\345\212\241.txt"], 0x7ffde62c4578 /* 135 vars */) = 0
1427358 openat(AT_FDCWD</tmp/kernel-audit2-v3r63b5w/\346\261\202\350\247\243\345\231\250>, "/etc/ld.so.cache", O_RDONLY|O_CLOEXEC) = 3</etc/ld.so.cache>
1427358 openat(AT_FDCWD</tmp/kernel-audit2-v3r63b5w/\346\261\202\350\247\243\345\231\250>, "/usr/lib/libcrypto.so.3", O_RDONLY|O_CLOEXEC) = 3</usr/lib/libcrypto.so.3>
1427358 openat(AT_FDCWD</tmp/kernel-audit2-v3r63b5w/\346\261\202\350\247\243\345\231\250>, "/usr/lib/libc.so.6", O_RDONLY|O_CLOEXEC) = 3</usr/lib/libc.so.6>
1427358 openat(AT_FDCWD</tmp/kernel-audit2-v3r63b5w/\346\261\202\350\247\243\345\231\250>, "/usr/lib/libz.so.1", O_RDONLY|O_CLOEXEC) = 3</usr/lib/libz.so.1.3.1.zlib-ng>
1427358 openat(AT_FDCWD</tmp/kernel-audit2-v3r63b5w/\346\261\202\350\247\243\345\231\250>, "/usr/lib/libbrotlienc.so.1", O_RDONLY|O_CLOEXEC) = 3</usr/lib/libbrotlienc.so.1.2.0>
1427358 openat(AT_FDCWD</tmp/kernel-audit2-v3r63b5w/\346\261\202\350\247\243\345\231\250>, "/usr/lib/libbrotlidec.so.1", O_RDONLY|O_CLOEXEC) = 3</usr/lib/libbrotlidec.so.1.2.0>
1427358 openat(AT_FDCWD</tmp/kernel-audit2-v3r63b5w/\346\261\202\350\247\243\345\231\250>, "/usr/lib/libzstd.so.1", O_RDONLY|O_CLOEXEC) = 3</usr/lib/libzstd.so.1.5.7>
1427358 openat(AT_FDCWD</tmp/kernel-audit2-v3r63b5w/\346\261\202\350\247\243\345\231\250>, "/usr/lib/libm.so.6", O_RDONLY|O_CLOEXEC) = 3</usr/lib/libm.so.6>
1427358 openat(AT_FDCWD</tmp/kernel-audit2-v3r63b5w/\346\261\202\350\247\243\345\231\250>, "/usr/lib/libbrotlicommon.so.1", O_RDONLY|O_CLOEXEC) = 3</usr/lib/libbrotlicommon.so.1.2.0>
1427358 openat(AT_FDCWD</tmp/kernel-audit2-v3r63b5w/\346\261\202\350\247\243\345\231\250>, "/usr/lib/locale/locale-archive", O_RDONLY|O_CLOEXEC) = 3</usr/lib/locale/locale-archive>
1427358 openat(AT_FDCWD</tmp/kernel-audit2-v3r63b5w/\346\261\202\350\247\243\345\231\250>, "/usr/share/locale/locale.alias", O_RDONLY|O_CLOEXEC) = 3</usr/share/locale/locale.alias>
1427358 openat(AT_FDCWD</tmp/kernel-audit2-v3r63b5w/\346\261\202\350\247\243\345\231\250>, "/usr/lib/locale/C.UTF-8/LC_IDENTIFICATION", O_RDONLY|O_CLOEXEC) = -1 ENOENT (No such file or directory)
1427358 openat(AT_FDCWD</tmp/kernel-audit2-v3r63b5w/\346\261\202\350\247\243\345\231\250>, "/usr/lib/locale/C.utf8/LC_IDENTIFICATION", O_RDONLY|O_CLOEXEC) = 3</usr/lib/locale/C.utf8/LC_IDENTIFICATION>
1427358 openat(AT_FDCWD</tmp/kernel-audit2-v3r63b5w/\346\261\202\350\247\243\345\231\250>, "/usr/lib/gconv/gconv-modules.cache", O_RDONLY|O_CLOEXEC) = 3</usr/lib/gconv/gconv-modules.cache>
1427358 openat(AT_FDCWD</tmp/kernel-audit2-v3r63b5w/\346\261\202\350\247\243\345\231\250>, "/usr/lib/locale/C.UTF-8/LC_MEASUREMENT", O_RDONLY|O_CLOEXEC) = -1 ENOENT (No such file or directory)
1427358 openat(AT_FDCWD</tmp/kernel-audit2-v3r63b5w/\346\261\202\350\247\243\345\231\250>, "/usr/lib/locale/C.utf8/LC_MEASUREMENT", O_RDONLY|O_CLOEXEC) = 3</usr/lib/locale/C.utf8/LC_MEASUREMENT>
1427358 openat(AT_FDCWD</tmp/kernel-audit2-v3r63b5w/\346\261\202\350\247\243\345\231\250>, "/usr/lib/locale/C.UTF-8/LC_TELEPHONE", O_RDONLY|O_CLOEXEC) = -1 ENOENT (No such file or directory)
1427358 openat(AT_FDCWD</tmp/kernel-audit2-v3r63b5w/\346\261\202\350\247\243\345\231\250>, "/usr/lib/locale/C.utf8/LC_TELEPHONE", O_RDONLY|O_CLOEXEC) = 3</usr/lib/locale/C.utf8/LC_TELEPHONE>
1427358 openat(AT_FDCWD</tmp/kernel-audit2-v3r63b5w/\346\261\202\350\247\243\345\231\250>, "/usr/lib/locale/C.UTF-8/LC_ADDRESS", O_RDONLY|O_CLOEXEC) = -1 ENOENT (No such file or directory)
1427358 openat(AT_FDCWD</tmp/kernel-audit2-v3r63b5w/\346\261\202\350\247\243\345\231\250>, "/usr/lib/locale/C.utf8/LC_ADDRESS", O_RDONLY|O_CLOEXEC) = 3</usr/lib/locale/C.utf8/LC_ADDRESS>
1427358 openat(AT_FDCWD</tmp/kernel-audit2-v3r63b5w/\346\261\202\350\247\243\345\231\250>, "/usr/lib/locale/C.UTF-8/LC_NAME", O_RDONLY|O_CLOEXEC) = -1 ENOENT (No such file or directory)
1427358 openat(AT_FDCWD</tmp/kernel-audit2-v3r63b5w/\346\261\202\350\247\243\345\231\250>, "/usr/lib/locale/C.utf8/LC_NAME", O_RDONLY|O_CLOEXEC) = 3</usr/lib/locale/C.utf8/LC_NAME>
1427358 openat(AT_FDCWD</tmp/kernel-audit2-v3r63b5w/\346\261\202\350\247\243\345\231\250>, "/usr/lib/locale/C.UTF-8/LC_PAPER", O_RDONLY|O_CLOEXEC) = -1 ENOENT (No such file or directory)
1427358 openat(AT_FDCWD</tmp/kernel-audit2-v3r63b5w/\346\261\202\350\247\243\345\231\250>, "/usr/lib/locale/C.utf8/LC_PAPER", O_RDONLY|O_CLOEXEC) = 3</usr/lib/locale/C.utf8/LC_PAPER>
1427358 openat(AT_FDCWD</tmp/kernel-audit2-v3r63b5w/\346\261\202\350\247\243\345\231\250>, "/usr/lib/locale/C.UTF-8/LC_MESSAGES", O_RDONLY|O_CLOEXEC) = -1 ENOENT (No such file or directory)
1427358 openat(AT_FDCWD</tmp/kernel-audit2-v3r63b5w/\346\261\202\350\247\243\345\231\250>, "/usr/lib/locale/C.utf8/LC_MESSAGES", O_RDONLY|O_CLOEXEC) = 3</usr/lib/locale/C.utf8/LC_MESSAGES>
1427358 openat(AT_FDCWD</tmp/kernel-audit2-v3r63b5w/\346\261\202\350\247\243\345\231\250>, "/usr/lib/locale/C.utf8/LC_MESSAGES/SYS_LC_MESSAGES", O_RDONLY|O_CLOEXEC) = 3</usr/lib/locale/C.utf8/LC_MESSAGES/SYS_LC_MESSAGES>
1427358 openat(AT_FDCWD</tmp/kernel-audit2-v3r63b5w/\346\261\202\350\247\243\345\231\250>, "/usr/lib/locale/C.UTF-8/LC_MONETARY", O_RDONLY|O_CLOEXEC) = -1 ENOENT (No such file or directory)
1427358 openat(AT_FDCWD</tmp/kernel-audit2-v3r63b5w/\346\261\202\350\247\243\345\231\250>, "/usr/lib/locale/C.utf8/LC_MONETARY", O_RDONLY|O_CLOEXEC) = 3</usr/lib/locale/C.utf8/LC_MONETARY>
1427358 openat(AT_FDCWD</tmp/kernel-audit2-v3r63b5w/\346\261\202\350\247\243\345\231\250>, "/usr/lib/locale/C.UTF-8/LC_COLLATE", O_RDONLY|O_CLOEXEC) = -1 ENOENT (No such file or directory)
1427358 openat(AT_FDCWD</tmp/kernel-audit2-v3r63b5w/\346\261\202\350\247\243\345\231\250>, "/usr/lib/locale/C.utf8/LC_COLLATE", O_RDONLY|O_CLOEXEC) = 3</usr/lib/locale/C.utf8/LC_COLLATE>
1427358 openat(AT_FDCWD</tmp/kernel-audit2-v3r63b5w/\346\261\202\350\247\243\345\231\250>, "/usr/lib/locale/C.UTF-8/LC_TIME", O_RDONLY|O_CLOEXEC) = -1 ENOENT (No such file or directory)
1427358 openat(AT_FDCWD</tmp/kernel-audit2-v3r63b5w/\346\261\202\350\247\243\345\231\250>, "/usr/lib/locale/C.utf8/LC_TIME", O_RDONLY|O_CLOEXEC) = 3</usr/lib/locale/C.utf8/LC_TIME>
1427358 openat(AT_FDCWD</tmp/kernel-audit2-v3r63b5w/\346\261\202\350\247\243\345\231\250>, "/usr/lib/locale/C.UTF-8/LC_NUMERIC", O_RDONLY|O_CLOEXEC) = -1 ENOENT (No such file or directory)
1427358 openat(AT_FDCWD</tmp/kernel-audit2-v3r63b5w/\346\261\202\350\247\243\345\231\250>, "/usr/lib/locale/C.utf8/LC_NUMERIC", O_RDONLY|O_CLOEXEC) = 3</usr/lib/locale/C.utf8/LC_NUMERIC>
1427358 openat(AT_FDCWD</tmp/kernel-audit2-v3r63b5w/\346\261\202\350\247\243\345\231\250>, "/usr/lib/locale/C.UTF-8/LC_CTYPE", O_RDONLY|O_CLOEXEC) = -1 ENOENT (No such file or directory)
1427358 openat(AT_FDCWD</tmp/kernel-audit2-v3r63b5w/\346\261\202\350\247\243\345\231\250>, "/usr/lib/locale/C.utf8/LC_CTYPE", O_RDONLY|O_CLOEXEC) = 3</usr/lib/locale/C.utf8/LC_CTYPE>
1427358 openat(AT_FDCWD</tmp/kernel-audit2-v3r63b5w/\346\261\202\350\247\243\345\231\250>, "/tmp/kernel-audit2-v3r63b5w/\346\261\202\350\247\243\344\273\273\345\212\241.txt", O_RDONLY) = 3</tmp/kernel-audit2-v3r63b5w/\346\261\202\350\247\243\344\273\273\345\212\241.txt>
1427354 --- SIGCHLD {si_signo=SIGCHLD, si_code=CLD_EXITED, si_pid=1427358, si_uid=1000, si_status=0, si_utime=0, si_stime=0} ---
1427354 openat(AT_FDCWD</tmp/kernel-audit2-v3r63b5w/\346\261\202\350\247\243\345\231\250>, "/dev/null", O_RDONLY|O_CLOEXEC) = 3</dev/null<char 1:3>>
1427359 execve("/home/zhuran24/.codex/tmp/arg0/codex-arg0DuAZRy/sha256sum", ["sha256sum", "--", "/tmp/kernel-audit2-v3r63b5w/\346\261\202\350\247\243\347\272\246\346\235\237.txt"], 0x7ffde62c4578 /* 135 vars */) = -1 ENOENT (No such file or directory)
1427359 execve("/home/zhuran24/.cargo/bin/sha256sum", ["sha256sum", "--", "/tmp/kernel-audit2-v3r63b5w/\346\261\202\350\247\243\347\272\246\346\235\237.txt"], 0x7ffde62c4578 /* 135 vars */) = -1 ENOENT (No such file or directory)
1427359 execve("/home/zhuran24/.local/bin/sha256sum", ["sha256sum", "--", "/tmp/kernel-audit2-v3r63b5w/\346\261\202\350\247\243\347\272\246\346\235\237.txt"], 0x7ffde62c4578 /* 135 vars */) = -1 ENOENT (No such file or directory)
1427359 execve("/home/zhuran24/.opencode/bin/sha256sum", ["sha256sum", "--", "/tmp/kernel-audit2-v3r63b5w/\346\261\202\350\247\243\347\272\246\346\235\237.txt"], 0x7ffde62c4578 /* 135 vars */) = -1 ENOENT (No such file or directory)
1427359 execve("/usr/local/bin/sha256sum", ["sha256sum", "--", "/tmp/kernel-audit2-v3r63b5w/\346\261\202\350\247\243\347\272\246\346\235\237.txt"], 0x7ffde62c4578 /* 135 vars */) = -1 ENOENT (No such file or directory)
1427359 execve("/usr/bin/sha256sum", ["sha256sum", "--", "/tmp/kernel-audit2-v3r63b5w/\346\261\202\350\247\243\347\272\246\346\235\237.txt"], 0x7ffde62c4578 /* 135 vars */) = 0
1427359 openat(AT_FDCWD</tmp/kernel-audit2-v3r63b5w/\346\261\202\350\247\243\345\231\250>, "/etc/ld.so.cache", O_RDONLY|O_CLOEXEC) = 3</etc/ld.so.cache>
1427359 openat(AT_FDCWD</tmp/kernel-audit2-v3r63b5w/\346\261\202\350\247\243\345\231\250>, "/usr/lib/libcrypto.so.3", O_RDONLY|O_CLOEXEC) = 3</usr/lib/libcrypto.so.3>
1427359 openat(AT_FDCWD</tmp/kernel-audit2-v3r63b5w/\346\261\202\350\247\243\345\231\250>, "/usr/lib/libc.so.6", O_RDONLY|O_CLOEXEC) = 3</usr/lib/libc.so.6>
1427359 openat(AT_FDCWD</tmp/kernel-audit2-v3r63b5w/\346\261\202\350\247\243\345\231\250>, "/usr/lib/libz.so.1", O_RDONLY|O_CLOEXEC) = 3</usr/lib/libz.so.1.3.1.zlib-ng>
1427359 openat(AT_FDCWD</tmp/kernel-audit2-v3r63b5w/\346\261\202\350\247\243\345\231\250>, "/usr/lib/libbrotlienc.so.1", O_RDONLY|O_CLOEXEC) = 3</usr/lib/libbrotlienc.so.1.2.0>
1427359 openat(AT_FDCWD</tmp/kernel-audit2-v3r63b5w/\346\261\202\350\247\243\345\231\250>, "/usr/lib/libbrotlidec.so.1", O_RDONLY|O_CLOEXEC) = 3</usr/lib/libbrotlidec.so.1.2.0>
1427359 openat(AT_FDCWD</tmp/kernel-audit2-v3r63b5w/\346\261\202\350\247\243\345\231\250>, "/usr/lib/libzstd.so.1", O_RDONLY|O_CLOEXEC) = 3</usr/lib/libzstd.so.1.5.7>
1427359 openat(AT_FDCWD</tmp/kernel-audit2-v3r63b5w/\346\261\202\350\247\243\345\231\250>, "/usr/lib/libm.so.6", O_RDONLY|O_CLOEXEC) = 3</usr/lib/libm.so.6>
1427359 openat(AT_FDCWD</tmp/kernel-audit2-v3r63b5w/\346\261\202\350\247\243\345\231\250>, "/usr/lib/libbrotlicommon.so.1", O_RDONLY|O_CLOEXEC) = 3</usr/lib/libbrotlicommon.so.1.2.0>
1427359 openat(AT_FDCWD</tmp/kernel-audit2-v3r63b5w/\346\261\202\350\247\243\345\231\250>, "/usr/lib/locale/locale-archive", O_RDONLY|O_CLOEXEC) = 3</usr/lib/locale/locale-archive>
1427359 openat(AT_FDCWD</tmp/kernel-audit2-v3r63b5w/\346\261\202\350\247\243\345\231\250>, "/usr/share/locale/locale.alias", O_RDONLY|O_CLOEXEC) = 3</usr/share/locale/locale.alias>
1427359 openat(AT_FDCWD</tmp/kernel-audit2-v3r63b5w/\346\261\202\350\247\243\345\231\250>, "/usr/lib/locale/C.UTF-8/LC_IDENTIFICATION", O_RDONLY|O_CLOEXEC) = -1 ENOENT (No such file or directory)
1427359 openat(AT_FDCWD</tmp/kernel-audit2-v3r63b5w/\346\261\202\350\247\243\345\231\250>, "/usr/lib/locale/C.utf8/LC_IDENTIFICATION", O_RDONLY|O_CLOEXEC) = 3</usr/lib/locale/C.utf8/LC_IDENTIFICATION>
1427359 openat(AT_FDCWD</tmp/kernel-audit2-v3r63b5w/\346\261\202\350\247\243\345\231\250>, "/usr/lib/gconv/gconv-modules.cache", O_RDONLY|O_CLOEXEC) = 3</usr/lib/gconv/gconv-modules.cache>
1427359 openat(AT_FDCWD</tmp/kernel-audit2-v3r63b5w/\346\261\202\350\247\243\345\231\250>, "/usr/lib/locale/C.UTF-8/LC_MEASUREMENT", O_RDONLY|O_CLOEXEC) = -1 ENOENT (No such file or directory)
1427359 openat(AT_FDCWD</tmp/kernel-audit2-v3r63b5w/\346\261\202\350\247\243\345\231\250>, "/usr/lib/locale/C.utf8/LC_MEASUREMENT", O_RDONLY|O_CLOEXEC) = 3</usr/lib/locale/C.utf8/LC_MEASUREMENT>
1427359 openat(AT_FDCWD</tmp/kernel-audit2-v3r63b5w/\346\261\202\350\247\243\345\231\250>, "/usr/lib/locale/C.UTF-8/LC_TELEPHONE", O_RDONLY|O_CLOEXEC) = -1 ENOENT (No such file or directory)
1427359 openat(AT_FDCWD</tmp/kernel-audit2-v3r63b5w/\346\261\202\350\247\243\345\231\250>, "/usr/lib/locale/C.utf8/LC_TELEPHONE", O_RDONLY|O_CLOEXEC) = 3</usr/lib/locale/C.utf8/LC_TELEPHONE>
1427359 openat(AT_FDCWD</tmp/kernel-audit2-v3r63b5w/\346\261\202\350\247\243\345\231\250>, "/usr/lib/locale/C.UTF-8/LC_ADDRESS", O_RDONLY|O_CLOEXEC) = -1 ENOENT (No such file or directory)
1427359 openat(AT_FDCWD</tmp/kernel-audit2-v3r63b5w/\346\261\202\350\247\243\345\231\250>, "/usr/lib/locale/C.utf8/LC_ADDRESS", O_RDONLY|O_CLOEXEC) = 3</usr/lib/locale/C.utf8/LC_ADDRESS>
1427359 openat(AT_FDCWD</tmp/kernel-audit2-v3r63b5w/\346\261\202\350\247\243\345\231\250>, "/usr/lib/locale/C.UTF-8/LC_NAME", O_RDONLY|O_CLOEXEC) = -1 ENOENT (No such file or directory)
1427359 openat(AT_FDCWD</tmp/kernel-audit2-v3r63b5w/\346\261\202\350\247\243\345\231\250>, "/usr/lib/locale/C.utf8/LC_NAME", O_RDONLY|O_CLOEXEC) = 3</usr/lib/locale/C.utf8/LC_NAME>
1427359 openat(AT_FDCWD</tmp/kernel-audit2-v3r63b5w/\346\261\202\350\247\243\345\231\250>, "/usr/lib/locale/C.UTF-8/LC_PAPER", O_RDONLY|O_CLOEXEC) = -1 ENOENT (No such file or directory)
1427359 openat(AT_FDCWD</tmp/kernel-audit2-v3r63b5w/\346\261\202\350\247\243\345\231\250>, "/usr/lib/locale/C.utf8/LC_PAPER", O_RDONLY|O_CLOEXEC) = 3</usr/lib/locale/C.utf8/LC_PAPER>
1427359 openat(AT_FDCWD</tmp/kernel-audit2-v3r63b5w/\346\261\202\350\247\243\345\231\250>, "/usr/lib/locale/C.UTF-8/LC_MESSAGES", O_RDONLY|O_CLOEXEC) = -1 ENOENT (No such file or directory)
1427359 openat(AT_FDCWD</tmp/kernel-audit2-v3r63b5w/\346\261\202\350\247\243\345\231\250>, "/usr/lib/locale/C.utf8/LC_MESSAGES", O_RDONLY|O_CLOEXEC) = 3</usr/lib/locale/C.utf8/LC_MESSAGES>
1427359 openat(AT_FDCWD</tmp/kernel-audit2-v3r63b5w/\346\261\202\350\247\243\345\231\250>, "/usr/lib/locale/C.utf8/LC_MESSAGES/SYS_LC_MESSAGES", O_RDONLY|O_CLOEXEC) = 3</usr/lib/locale/C.utf8/LC_MESSAGES/SYS_LC_MESSAGES>
1427359 openat(AT_FDCWD</tmp/kernel-audit2-v3r63b5w/\346\261\202\350\247\243\345\231\250>, "/usr/lib/locale/C.UTF-8/LC_MONETARY", O_RDONLY|O_CLOEXEC) = -1 ENOENT (No such file or directory)
1427359 openat(AT_FDCWD</tmp/kernel-audit2-v3r63b5w/\346\261\202\350\247\243\345\231\250>, "/usr/lib/locale/C.utf8/LC_MONETARY", O_RDONLY|O_CLOEXEC) = 3</usr/lib/locale/C.utf8/LC_MONETARY>
1427359 openat(AT_FDCWD</tmp/kernel-audit2-v3r63b5w/\346\261\202\350\247\243\345\231\250>, "/usr/lib/locale/C.UTF-8/LC_COLLATE", O_RDONLY|O_CLOEXEC) = -1 ENOENT (No such file or directory)
1427359 openat(AT_FDCWD</tmp/kernel-audit2-v3r63b5w/\346\261\202\350\247\243\345\231\250>, "/usr/lib/locale/C.utf8/LC_COLLATE", O_RDONLY|O_CLOEXEC) = 3</usr/lib/locale/C.utf8/LC_COLLATE>
1427359 openat(AT_FDCWD</tmp/kernel-audit2-v3r63b5w/\346\261\202\350\247\243\345\231\250>, "/usr/lib/locale/C.UTF-8/LC_TIME", O_RDONLY|O_CLOEXEC) = -1 ENOENT (No such file or directory)
1427359 openat(AT_FDCWD</tmp/kernel-audit2-v3r63b5w/\346\261\202\350\247\243\345\231\250>, "/usr/lib/locale/C.utf8/LC_TIME", O_RDONLY|O_CLOEXEC) = 3</usr/lib/locale/C.utf8/LC_TIME>
1427359 openat(AT_FDCWD</tmp/kernel-audit2-v3r63b5w/\346\261\202\350\247\243\345\231\250>, "/usr/lib/locale/C.UTF-8/LC_NUMERIC", O_RDONLY|O_CLOEXEC) = -1 ENOENT (No such file or directory)
1427359 openat(AT_FDCWD</tmp/kernel-audit2-v3r63b5w/\346\261\202\350\247\243\345\231\250>, "/usr/lib/locale/C.utf8/LC_NUMERIC", O_RDONLY|O_CLOEXEC) = 3</usr/lib/locale/C.utf8/LC_NUMERIC>
1427359 openat(AT_FDCWD</tmp/kernel-audit2-v3r63b5w/\346\261\202\350\247\243\345\231\250>, "/usr/lib/locale/C.UTF-8/LC_CTYPE", O_RDONLY|O_CLOEXEC) = -1 ENOENT (No such file or directory)
1427359 openat(AT_FDCWD</tmp/kernel-audit2-v3r63b5w/\346\261\202\350\247\243\345\231\250>, "/usr/lib/locale/C.utf8/LC_CTYPE", O_RDONLY|O_CLOEXEC) = 3</usr/lib/locale/C.utf8/LC_CTYPE>
1427359 openat(AT_FDCWD</tmp/kernel-audit2-v3r63b5w/\346\261\202\350\247\243\345\231\250>, "/tmp/kernel-audit2-v3r63b5w/\346\261\202\350\247\243\347\272\246\346\235\237.txt", O_RDONLY) = 3</tmp/kernel-audit2-v3r63b5w/\346\261\202\350\247\243\347\272\246\346\235\237.txt>
1427354 --- SIGCHLD {si_signo=SIGCHLD, si_code=CLD_EXITED, si_pid=1427359, si_uid=1000, si_status=0, si_utime=0, si_stime=0} ---
1427354 openat(AT_FDCWD</tmp/kernel-audit2-v3r63b5w/\346\261\202\350\247\243\345\231\250>, "/dev/null", O_RDONLY|O_CLOEXEC) = 3</dev/null<char 1:3>>
1427360 execve("/home/zhuran24/.codex/tmp/arg0/codex-arg0DuAZRy/sha256sum", ["sha256sum", "--", "/tmp/kernel-audit2-v3r63b5w/\346\261\202\350\247\243\345\231\250/\350\247\204\346\240\274/\351\200\211\346\213\251\347\202\271\345\217\202\346\225\260\350\275\264.md"], 0x7ffde62c4578 /* 135 vars */) = -1 ENOENT (No such file or directory)
1427360 execve("/home/zhuran24/.cargo/bin/sha256sum", ["sha256sum", "--", "/tmp/kernel-audit2-v3r63b5w/\346\261\202\350\247\243\345\231\250/\350\247\204\346\240\274/\351\200\211\346\213\251\347\202\271\345\217\202\346\225\260\350\275\264.md"], 0x7ffde62c4578 /* 135 vars */) = -1 ENOENT (No such file or directory)
1427360 execve("/home/zhuran24/.local/bin/sha256sum", ["sha256sum", "--", "/tmp/kernel-audit2-v3r63b5w/\346\261\202\350\247\243\345\231\250/\350\247\204\346\240\274/\351\200\211\346\213\251\347\202\271\345\217\202\346\225\260\350\275\264.md"], 0x7ffde62c4578 /* 135 vars */) = -1 ENOENT (No such file or directory)
1427360 execve("/home/zhuran24/.opencode/bin/sha256sum", ["sha256sum", "--", "/tmp/kernel-audit2-v3r63b5w/\346\261\202\350\247\243\345\231\250/\350\247\204\346\240\274/\351\200\211\346\213\251\347\202\271\345\217\202\346\225\260\350\275\264.md"], 0x7ffde62c4578 /* 135 vars */) = -1 ENOENT (No such file or directory)
1427360 execve("/usr/local/bin/sha256sum", ["sha256sum", "--", "/tmp/kernel-audit2-v3r63b5w/\346\261\202\350\247\243\345\231\250/\350\247\204\346\240\274/\351\200\211\346\213\251\347\202\271\345\217\202\346\225\260\350\275\264.md"], 0x7ffde62c4578 /* 135 vars */) = -1 ENOENT (No such file or directory)
1427360 execve("/usr/bin/sha256sum", ["sha256sum", "--", "/tmp/kernel-audit2-v3r63b5w/\346\261\202\350\247\243\345\231\250/\350\247\204\346\240\274/\351\200\211\346\213\251\347\202\271\345\217\202\346\225\260\350\275\264.md"], 0x7ffde62c4578 /* 135 vars */) = 0
1427360 openat(AT_FDCWD</tmp/kernel-audit2-v3r63b5w/\346\261\202\350\247\243\345\231\250>, "/etc/ld.so.cache", O_RDONLY|O_CLOEXEC) = 3</etc/ld.so.cache>
1427360 openat(AT_FDCWD</tmp/kernel-audit2-v3r63b5w/\346\261\202\350\247\243\345\231\250>, "/usr/lib/libcrypto.so.3", O_RDONLY|O_CLOEXEC) = 3</usr/lib/libcrypto.so.3>
1427360 openat(AT_FDCWD</tmp/kernel-audit2-v3r63b5w/\346\261\202\350\247\243\345\231\250>, "/usr/lib/libc.so.6", O_RDONLY|O_CLOEXEC) = 3</usr/lib/libc.so.6>
1427360 openat(AT_FDCWD</tmp/kernel-audit2-v3r63b5w/\346\261\202\350\247\243\345\231\250>, "/usr/lib/libz.so.1", O_RDONLY|O_CLOEXEC) = 3</usr/lib/libz.so.1.3.1.zlib-ng>
1427360 openat(AT_FDCWD</tmp/kernel-audit2-v3r63b5w/\346\261\202\350\247\243\345\231\250>, "/usr/lib/libbrotlienc.so.1", O_RDONLY|O_CLOEXEC) = 3</usr/lib/libbrotlienc.so.1.2.0>
1427360 openat(AT_FDCWD</tmp/kernel-audit2-v3r63b5w/\346\261\202\350\247\243\345\231\250>, "/usr/lib/libbrotlidec.so.1", O_RDONLY|O_CLOEXEC) = 3</usr/lib/libbrotlidec.so.1.2.0>
1427360 openat(AT_FDCWD</tmp/kernel-audit2-v3r63b5w/\346\261\202\350\247\243\345\231\250>, "/usr/lib/libzstd.so.1", O_RDONLY|O_CLOEXEC) = 3</usr/lib/libzstd.so.1.5.7>
1427360 openat(AT_FDCWD</tmp/kernel-audit2-v3r63b5w/\346\261\202\350\247\243\345\231\250>, "/usr/lib/libm.so.6", O_RDONLY|O_CLOEXEC) = 3</usr/lib/libm.so.6>
1427360 openat(AT_FDCWD</tmp/kernel-audit2-v3r63b5w/\346\261\202\350\247\243\345\231\250>, "/usr/lib/libbrotlicommon.so.1", O_RDONLY|O_CLOEXEC) = 3</usr/lib/libbrotlicommon.so.1.2.0>
1427360 openat(AT_FDCWD</tmp/kernel-audit2-v3r63b5w/\346\261\202\350\247\243\345\231\250>, "/usr/lib/locale/locale-archive", O_RDONLY|O_CLOEXEC) = 3</usr/lib/locale/locale-archive>
1427360 openat(AT_FDCWD</tmp/kernel-audit2-v3r63b5w/\346\261\202\350\247\243\345\231\250>, "/usr/share/locale/locale.alias", O_RDONLY|O_CLOEXEC) = 3</usr/share/locale/locale.alias>
1427360 openat(AT_FDCWD</tmp/kernel-audit2-v3r63b5w/\346\261\202\350\247\243\345\231\250>, "/usr/lib/locale/C.UTF-8/LC_IDENTIFICATION", O_RDONLY|O_CLOEXEC) = -1 ENOENT (No such file or directory)
1427360 openat(AT_FDCWD</tmp/kernel-audit2-v3r63b5w/\346\261\202\350\247\243\345\231\250>, "/usr/lib/locale/C.utf8/LC_IDENTIFICATION", O_RDONLY|O_CLOEXEC) = 3</usr/lib/locale/C.utf8/LC_IDENTIFICATION>
1427360 openat(AT_FDCWD</tmp/kernel-audit2-v3r63b5w/\346\261\202\350\247\243\345\231\250>, "/usr/lib/gconv/gconv-modules.cache", O_RDONLY|O_CLOEXEC) = 3</usr/lib/gconv/gconv-modules.cache>
1427360 openat(AT_FDCWD</tmp/kernel-audit2-v3r63b5w/\346\261\202\350\247\243\345\231\250>, "/usr/lib/locale/C.UTF-8/LC_MEASUREMENT", O_RDONLY|O_CLOEXEC) = -1 ENOENT (No such file or directory)
1427360 openat(AT_FDCWD</tmp/kernel-audit2-v3r63b5w/\346\261\202\350\247\243\345\231\250>, "/usr/lib/locale/C.utf8/LC_MEASUREMENT", O_RDONLY|O_CLOEXEC) = 3</usr/lib/locale/C.utf8/LC_MEASUREMENT>
1427360 openat(AT_FDCWD</tmp/kernel-audit2-v3r63b5w/\346\261\202\350\247\243\345\231\250>, "/usr/lib/locale/C.UTF-8/LC_TELEPHONE", O_RDONLY|O_CLOEXEC) = -1 ENOENT (No such file or directory)
1427360 openat(AT_FDCWD</tmp/kernel-audit2-v3r63b5w/\346\261\202\350\247\243\345\231\250>, "/usr/lib/locale/C.utf8/LC_TELEPHONE", O_RDONLY|O_CLOEXEC) = 3</usr/lib/locale/C.utf8/LC_TELEPHONE>
1427360 openat(AT_FDCWD</tmp/kernel-audit2-v3r63b5w/\346\261\202\350\247\243\345\231\250>, "/usr/lib/locale/C.UTF-8/LC_ADDRESS", O_RDONLY|O_CLOEXEC) = -1 ENOENT (No such file or directory)
1427360 openat(AT_FDCWD</tmp/kernel-audit2-v3r63b5w/\346\261\202\350\247\243\345\231\250>, "/usr/lib/locale/C.utf8/LC_ADDRESS", O_RDONLY|O_CLOEXEC) = 3</usr/lib/locale/C.utf8/LC_ADDRESS>
1427360 openat(AT_FDCWD</tmp/kernel-audit2-v3r63b5w/\346\261\202\350\247\243\345\231\250>, "/usr/lib/locale/C.UTF-8/LC_NAME", O_RDONLY|O_CLOEXEC) = -1 ENOENT (No such file or directory)
1427360 openat(AT_FDCWD</tmp/kernel-audit2-v3r63b5w/\346\261\202\350\247\243\345\231\250>, "/usr/lib/locale/C.utf8/LC_NAME", O_RDONLY|O_CLOEXEC) = 3</usr/lib/locale/C.utf8/LC_NAME>
1427360 openat(AT_FDCWD</tmp/kernel-audit2-v3r63b5w/\346\261\202\350\247\243\345\231\250>, "/usr/lib/locale/C.UTF-8/LC_PAPER", O_RDONLY|O_CLOEXEC) = -1 ENOENT (No such file or directory)
1427360 openat(AT_FDCWD</tmp/kernel-audit2-v3r63b5w/\346\261\202\350\247\243\345\231\250>, "/usr/lib/locale/C.utf8/LC_PAPER", O_RDONLY|O_CLOEXEC) = 3</usr/lib/locale/C.utf8/LC_PAPER>
1427360 openat(AT_FDCWD</tmp/kernel-audit2-v3r63b5w/\346\261\202\350\247\243\345\231\250>, "/usr/lib/locale/C.UTF-8/LC_MESSAGES", O_RDONLY|O_CLOEXEC) = -1 ENOENT (No such file or directory)
1427360 openat(AT_FDCWD</tmp/kernel-audit2-v3r63b5w/\346\261\202\350\247\243\345\231\250>, "/usr/lib/locale/C.utf8/LC_MESSAGES", O_RDONLY|O_CLOEXEC) = 3</usr/lib/locale/C.utf8/LC_MESSAGES>
1427360 openat(AT_FDCWD</tmp/kernel-audit2-v3r63b5w/\346\261\202\350\247\243\345\231\250>, "/usr/lib/locale/C.utf8/LC_MESSAGES/SYS_LC_MESSAGES", O_RDONLY|O_CLOEXEC) = 3</usr/lib/locale/C.utf8/LC_MESSAGES/SYS_LC_MESSAGES>
1427360 openat(AT_FDCWD</tmp/kernel-audit2-v3r63b5w/\346\261\202\350\247\243\345\231\250>, "/usr/lib/locale/C.UTF-8/LC_MONETARY", O_RDONLY|O_CLOEXEC) = -1 ENOENT (No such file or directory)
1427360 openat(AT_FDCWD</tmp/kernel-audit2-v3r63b5w/\346\261\202\350\247\243\345\231\250>, "/usr/lib/locale/C.utf8/LC_MONETARY", O_RDONLY|O_CLOEXEC) = 3</usr/lib/locale/C.utf8/LC_MONETARY>
1427360 openat(AT_FDCWD</tmp/kernel-audit2-v3r63b5w/\346\261\202\350\247\243\345\231\250>, "/usr/lib/locale/C.UTF-8/LC_COLLATE", O_RDONLY|O_CLOEXEC) = -1 ENOENT (No such file or directory)
1427360 openat(AT_FDCWD</tmp/kernel-audit2-v3r63b5w/\346\261\202\350\247\243\345\231\250>, "/usr/lib/locale/C.utf8/LC_COLLATE", O_RDONLY|O_CLOEXEC) = 3</usr/lib/locale/C.utf8/LC_COLLATE>
1427360 openat(AT_FDCWD</tmp/kernel-audit2-v3r63b5w/\346\261\202\350\247\243\345\231\250>, "/usr/lib/locale/C.UTF-8/LC_TIME", O_RDONLY|O_CLOEXEC) = -1 ENOENT (No such file or directory)
1427360 openat(AT_FDCWD</tmp/kernel-audit2-v3r63b5w/\346\261\202\350\247\243\345\231\250>, "/usr/lib/locale/C.utf8/LC_TIME", O_RDONLY|O_CLOEXEC) = 3</usr/lib/locale/C.utf8/LC_TIME>
1427360 openat(AT_FDCWD</tmp/kernel-audit2-v3r63b5w/\346\261\202\350\247\243\345\231\250>, "/usr/lib/locale/C.UTF-8/LC_NUMERIC", O_RDONLY|O_CLOEXEC) = -1 ENOENT (No such file or directory)
1427360 openat(AT_FDCWD</tmp/kernel-audit2-v3r63b5w/\346\261\202\350\247\243\345\231\250>, "/usr/lib/locale/C.utf8/LC_NUMERIC", O_RDONLY|O_CLOEXEC) = 3</usr/lib/locale/C.utf8/LC_NUMERIC>
1427360 openat(AT_FDCWD</tmp/kernel-audit2-v3r63b5w/\346\261\202\350\247\243\345\231\250>, "/usr/lib/locale/C.UTF-8/LC_CTYPE", O_RDONLY|O_CLOEXEC) = -1 ENOENT (No such file or directory)
1427360 openat(AT_FDCWD</tmp/kernel-audit2-v3r63b5w/\346\261\202\350\247\243\345\231\250>, "/usr/lib/locale/C.utf8/LC_CTYPE", O_RDONLY|O_CLOEXEC) = 3</usr/lib/locale/C.utf8/LC_CTYPE>
1427360 openat(AT_FDCWD</tmp/kernel-audit2-v3r63b5w/\346\261\202\350\247\243\345\231\250>, "/tmp/kernel-audit2-v3r63b5w/\346\261\202\350\247\243\345\231\250/\350\247\204\346\240\274/\351\200\211\346\213\251\347\202\271\345\217\202\346\225\260\350\275\264.md", O_RDONLY) = 3</tmp/kernel-audit2-v3r63b5w/\346\261\202\350\247\243\345\231\250/\350\247\204\346\240\274/\351\200\211\346\213\251\347\202\271\345\217\202\346\225\260\350\275\264.md>
1427354 --- SIGCHLD {si_signo=SIGCHLD, si_code=CLD_EXITED, si_pid=1427360, si_uid=1000, si_status=0, si_utime=0, si_stime=0} ---
1427354 openat(AT_FDCWD</tmp/kernel-audit2-v3r63b5w/\346\261\202\350\247\243\345\231\250>, "/tmp/kernel-audit2-v3r63b5w/\346\261\202\350\247\243\345\231\250/\346\225\260\346\215\256/\346\240\267\344\276\213/\347\224\237\344\272\247\345\276\252\347\216\257\347\216\257\345\270\246.json", O_RDONLY|O_CLOEXEC) = 3</tmp/kernel-audit2-v3r63b5w/\346\261\202\350\247\243\345\231\250/\346\225\260\346\215\256/\346\240\267\344\276\213/\347\224\237\344\272\247\345\276\252\347\216\257\347\216\257\345\270\246.json>
1427354 openat(AT_FDCWD</tmp/kernel-audit2-v3r63b5w/\346\261\202\350\247\243\345\231\250>, "/dev/null", O_RDONLY|O_CLOEXEC) = 3</dev/null<char 1:3>>
1427361 execve("/home/zhuran24/.codex/tmp/arg0/codex-arg0DuAZRy/sha256sum", ["sha256sum", "--", "/tmp/kernel-audit2-v3r63b5w/\346\261\202\350\247\243\345\231\250/\346\225\260\346\215\256/\346\240\267\344\276\213/\347\224\237\344\272\247\345\276\252\347\216\257\347\216\257\345\270\246.json"], 0x7ffde62c4578 /* 135 vars */) = -1 ENOENT (No such file or directory)
1427361 execve("/home/zhuran24/.cargo/bin/sha256sum", ["sha256sum", "--", "/tmp/kernel-audit2-v3r63b5w/\346\261\202\350\247\243\345\231\250/\346\225\260\346\215\256/\346\240\267\344\276\213/\347\224\237\344\272\247\345\276\252\347\216\257\347\216\257\345\270\246.json"], 0x7ffde62c4578 /* 135 vars */) = -1 ENOENT (No such file or directory)
1427361 execve("/home/zhuran24/.local/bin/sha256sum", ["sha256sum", "--", "/tmp/kernel-audit2-v3r63b5w/\346\261\202\350\247\243\345\231\250/\346\225\260\346\215\256/\346\240\267\344\276\213/\347\224\237\344\272\247\345\276\252\347\216\257\347\216\257\345\270\246.json"], 0x7ffde62c4578 /* 135 vars */) = -1 ENOENT (No such file or directory)
1427361 execve("/home/zhuran24/.opencode/bin/sha256sum", ["sha256sum", "--", "/tmp/kernel-audit2-v3r63b5w/\346\261\202\350\247\243\345\231\250/\346\225\260\346\215\256/\346\240\267\344\276\213/\347\224\237\344\272\247\345\276\252\347\216\257\347\216\257\345\270\246.json"], 0x7ffde62c4578 /* 135 vars */) = -1 ENOENT (No such file or directory)
1427361 execve("/usr/local/bin/sha256sum", ["sha256sum", "--", "/tmp/kernel-audit2-v3r63b5w/\346\261\202\350\247\243\345\231\250/\346\225\260\346\215\256/\346\240\267\344\276\213/\347\224\237\344\272\247\345\276\252\347\216\257\347\216\257\345\270\246.json"], 0x7ffde62c4578 /* 135 vars */) = -1 ENOENT (No such file or directory)
1427361 execve("/usr/bin/sha256sum", ["sha256sum", "--", "/tmp/kernel-audit2-v3r63b5w/\346\261\202\350\247\243\345\231\250/\346\225\260\346\215\256/\346\240\267\344\276\213/\347\224\237\344\272\247\345\276\252\347\216\257\347\216\257\345\270\246.json"], 0x7ffde62c4578 /* 135 vars */) = 0
1427361 openat(AT_FDCWD</tmp/kernel-audit2-v3r63b5w/\346\261\202\350\247\243\345\231\250>, "/etc/ld.so.cache", O_RDONLY|O_CLOEXEC) = 3</etc/ld.so.cache>
1427361 openat(AT_FDCWD</tmp/kernel-audit2-v3r63b5w/\346\261\202\350\247\243\345\231\250>, "/usr/lib/libcrypto.so.3", O_RDONLY|O_CLOEXEC) = 3</usr/lib/libcrypto.so.3>
1427361 openat(AT_FDCWD</tmp/kernel-audit2-v3r63b5w/\346\261\202\350\247\243\345\231\250>, "/usr/lib/libc.so.6", O_RDONLY|O_CLOEXEC) = 3</usr/lib/libc.so.6>
1427361 openat(AT_FDCWD</tmp/kernel-audit2-v3r63b5w/\346\261\202\350\247\243\345\231\250>, "/usr/lib/libz.so.1", O_RDONLY|O_CLOEXEC) = 3</usr/lib/libz.so.1.3.1.zlib-ng>
1427361 openat(AT_FDCWD</tmp/kernel-audit2-v3r63b5w/\346\261\202\350\247\243\345\231\250>, "/usr/lib/libbrotlienc.so.1", O_RDONLY|O_CLOEXEC) = 3</usr/lib/libbrotlienc.so.1.2.0>
1427361 openat(AT_FDCWD</tmp/kernel-audit2-v3r63b5w/\346\261\202\350\247\243\345\231\250>, "/usr/lib/libbrotlidec.so.1", O_RDONLY|O_CLOEXEC) = 3</usr/lib/libbrotlidec.so.1.2.0>
1427361 openat(AT_FDCWD</tmp/kernel-audit2-v3r63b5w/\346\261\202\350\247\243\345\231\250>, "/usr/lib/libzstd.so.1", O_RDONLY|O_CLOEXEC) = 3</usr/lib/libzstd.so.1.5.7>
1427361 openat(AT_FDCWD</tmp/kernel-audit2-v3r63b5w/\346\261\202\350\247\243\345\231\250>, "/usr/lib/libm.so.6", O_RDONLY|O_CLOEXEC) = 3</usr/lib/libm.so.6>
1427361 openat(AT_FDCWD</tmp/kernel-audit2-v3r63b5w/\346\261\202\350\247\243\345\231\250>, "/usr/lib/libbrotlicommon.so.1", O_RDONLY|O_CLOEXEC) = 3</usr/lib/libbrotlicommon.so.1.2.0>
1427361 openat(AT_FDCWD</tmp/kernel-audit2-v3r63b5w/\346\261\202\350\247\243\345\231\250>, "/usr/lib/locale/locale-archive", O_RDONLY|O_CLOEXEC) = 3</usr/lib/locale/locale-archive>
1427361 openat(AT_FDCWD</tmp/kernel-audit2-v3r63b5w/\346\261\202\350\247\243\345\231\250>, "/usr/share/locale/locale.alias", O_RDONLY|O_CLOEXEC) = 3</usr/share/locale/locale.alias>
1427361 openat(AT_FDCWD</tmp/kernel-audit2-v3r63b5w/\346\261\202\350\247\243\345\231\250>, "/usr/lib/locale/C.UTF-8/LC_IDENTIFICATION", O_RDONLY|O_CLOEXEC) = -1 ENOENT (No such file or directory)
1427361 openat(AT_FDCWD</tmp/kernel-audit2-v3r63b5w/\346\261\202\350\247\243\345\231\250>, "/usr/lib/locale/C.utf8/LC_IDENTIFICATION", O_RDONLY|O_CLOEXEC) = 3</usr/lib/locale/C.utf8/LC_IDENTIFICATION>
1427361 openat(AT_FDCWD</tmp/kernel-audit2-v3r63b5w/\346\261\202\350\247\243\345\231\250>, "/usr/lib/gconv/gconv-modules.cache", O_RDONLY|O_CLOEXEC) = 3</usr/lib/gconv/gconv-modules.cache>
1427361 openat(AT_FDCWD</tmp/kernel-audit2-v3r63b5w/\346\261\202\350\247\243\345\231\250>, "/usr/lib/locale/C.UTF-8/LC_MEASUREMENT", O_RDONLY|O_CLOEXEC) = -1 ENOENT (No such file or directory)
1427361 openat(AT_FDCWD</tmp/kernel-audit2-v3r63b5w/\346\261\202\350\247\243\345\231\250>, "/usr/lib/locale/C.utf8/LC_MEASUREMENT", O_RDONLY|O_CLOEXEC) = 3</usr/lib/locale/C.utf8/LC_MEASUREMENT>
1427361 openat(AT_FDCWD</tmp/kernel-audit2-v3r63b5w/\346\261\202\350\247\243\345\231\250>, "/usr/lib/locale/C.UTF-8/LC_TELEPHONE", O_RDONLY|O_CLOEXEC) = -1 ENOENT (No such file or directory)
1427361 openat(AT_FDCWD</tmp/kernel-audit2-v3r63b5w/\346\261\202\350\247\243\345\231\250>, "/usr/lib/locale/C.utf8/LC_TELEPHONE", O_RDONLY|O_CLOEXEC) = 3</usr/lib/locale/C.utf8/LC_TELEPHONE>
1427361 openat(AT_FDCWD</tmp/kernel-audit2-v3r63b5w/\346\261\202\350\247\243\345\231\250>, "/usr/lib/locale/C.UTF-8/LC_ADDRESS", O_RDONLY|O_CLOEXEC) = -1 ENOENT (No such file or directory)
1427361 openat(AT_FDCWD</tmp/kernel-audit2-v3r63b5w/\346\261\202\350\247\243\345\231\250>, "/usr/lib/locale/C.utf8/LC_ADDRESS", O_RDONLY|O_CLOEXEC) = 3</usr/lib/locale/C.utf8/LC_ADDRESS>
1427361 openat(AT_FDCWD</tmp/kernel-audit2-v3r63b5w/\346\261\202\350\247\243\345\231\250>, "/usr/lib/locale/C.UTF-8/LC_NAME", O_RDONLY|O_CLOEXEC) = -1 ENOENT (No such file or directory)
1427361 openat(AT_FDCWD</tmp/kernel-audit2-v3r63b5w/\346\261\202\350\247\243\345\231\250>, "/usr/lib/locale/C.utf8/LC_NAME", O_RDONLY|O_CLOEXEC) = 3</usr/lib/locale/C.utf8/LC_NAME>
1427361 openat(AT_FDCWD</tmp/kernel-audit2-v3r63b5w/\346\261\202\350\247\243\345\231\250>, "/usr/lib/locale/C.UTF-8/LC_PAPER", O_RDONLY|O_CLOEXEC) = -1 ENOENT (No such file or directory)
1427361 openat(AT_FDCWD</tmp/kernel-audit2-v3r63b5w/\346\261\202\350\247\243\345\231\250>, "/usr/lib/locale/C.utf8/LC_PAPER", O_RDONLY|O_CLOEXEC) = 3</usr/lib/locale/C.utf8/LC_PAPER>
1427361 openat(AT_FDCWD</tmp/kernel-audit2-v3r63b5w/\346\261\202\350\247\243\345\231\250>, "/usr/lib/locale/C.UTF-8/LC_MESSAGES", O_RDONLY|O_CLOEXEC) = -1 ENOENT (No such file or directory)
1427361 openat(AT_FDCWD</tmp/kernel-audit2-v3r63b5w/\346\261\202\350\247\243\345\231\250>, "/usr/lib/locale/C.utf8/LC_MESSAGES", O_RDONLY|O_CLOEXEC) = 3</usr/lib/locale/C.utf8/LC_MESSAGES>
1427361 openat(AT_FDCWD</tmp/kernel-audit2-v3r63b5w/\346\261\202\350\247\243\345\231\250>, "/usr/lib/locale/C.utf8/LC_MESSAGES/SYS_LC_MESSAGES", O_RDONLY|O_CLOEXEC) = 3</usr/lib/locale/C.utf8/LC_MESSAGES/SYS_LC_MESSAGES>
1427361 openat(AT_FDCWD</tmp/kernel-audit2-v3r63b5w/\346\261\202\350\247\243\345\231\250>, "/usr/lib/locale/C.UTF-8/LC_MONETARY", O_RDONLY|O_CLOEXEC) = -1 ENOENT (No such file or directory)
1427361 openat(AT_FDCWD</tmp/kernel-audit2-v3r63b5w/\346\261\202\350\247\243\345\231\250>, "/usr/lib/locale/C.utf8/LC_MONETARY", O_RDONLY|O_CLOEXEC) = 3</usr/lib/locale/C.utf8/LC_MONETARY>
1427361 openat(AT_FDCWD</tmp/kernel-audit2-v3r63b5w/\346\261\202\350\247\243\345\231\250>, "/usr/lib/locale/C.UTF-8/LC_COLLATE", O_RDONLY|O_CLOEXEC) = -1 ENOENT (No such file or directory)
1427361 openat(AT_FDCWD</tmp/kernel-audit2-v3r63b5w/\346\261\202\350\247\243\345\231\250>, "/usr/lib/locale/C.utf8/LC_COLLATE", O_RDONLY|O_CLOEXEC) = 3</usr/lib/locale/C.utf8/LC_COLLATE>
1427361 openat(AT_FDCWD</tmp/kernel-audit2-v3r63b5w/\346\261\202\350\247\243\345\231\250>, "/usr/lib/locale/C.UTF-8/LC_TIME", O_RDONLY|O_CLOEXEC) = -1 ENOENT (No such file or directory)
1427361 openat(AT_FDCWD</tmp/kernel-audit2-v3r63b5w/\346\261\202\350\247\243\345\231\250>, "/usr/lib/locale/C.utf8/LC_TIME", O_RDONLY|O_CLOEXEC) = 3</usr/lib/locale/C.utf8/LC_TIME>
1427361 openat(AT_FDCWD</tmp/kernel-audit2-v3r63b5w/\346\261\202\350\247\243\345\231\250>, "/usr/lib/locale/C.UTF-8/LC_NUMERIC", O_RDONLY|O_CLOEXEC) = -1 ENOENT (No such file or directory)
1427361 openat(AT_FDCWD</tmp/kernel-audit2-v3r63b5w/\346\261\202\350\247\243\345\231\250>, "/usr/lib/locale/C.utf8/LC_NUMERIC", O_RDONLY|O_CLOEXEC) = 3</usr/lib/locale/C.utf8/LC_NUMERIC>
1427361 openat(AT_FDCWD</tmp/kernel-audit2-v3r63b5w/\346\261\202\350\247\243\345\231\250>, "/usr/lib/locale/C.UTF-8/LC_CTYPE", O_RDONLY|O_CLOEXEC) = -1 ENOENT (No such file or directory)
1427361 openat(AT_FDCWD</tmp/kernel-audit2-v3r63b5w/\346\261\202\350\247\243\345\231\250>, "/usr/lib/locale/C.utf8/LC_CTYPE", O_RDONLY|O_CLOEXEC) = 3</usr/lib/locale/C.utf8/LC_CTYPE>
1427361 openat(AT_FDCWD</tmp/kernel-audit2-v3r63b5w/\346\261\202\350\247\243\345\231\250>, "/tmp/kernel-audit2-v3r63b5w/\346\261\202\350\247\243\345\231\250/\346\225\260\346\215\256/\346\240\267\344\276\213/\347\224\237\344\272\247\345\276\252\347\216\257\347\216\257\345\270\246.json", O_RDONLY) = 3</tmp/kernel-audit2-v3r63b5w/\346\261\202\350\247\243\345\231\250/\346\225\260\346\215\256/\346\240\267\344\276\213/\347\224\237\344\272\247\345\276\252\347\216\257\347\216\257\345\270\246.json>
1427354 --- SIGCHLD {si_signo=SIGCHLD, si_code=CLD_EXITED, si_pid=1427361, si_uid=1000, si_status=0, si_utime=0, si_stime=0} ---
1427354 openat(AT_FDCWD</tmp/kernel-audit2-v3r63b5w/\346\261\202\350\247\243\345\231\250>, "/dev/null", O_RDONLY|O_CLOEXEC) = 3</dev/null<char 1:3>>
1427362 execve("/home/zhuran24/.codex/tmp/arg0/codex-arg0DuAZRy/sha256sum", ["sha256sum", "--", "/tmp/kernel-audit2-v3r63b5w/\346\261\202\350\247\243\345\231\250/\350\247\204\346\240\274/\345\206\205\346\240\270\351\205\215\347\275\256-v1.json"], 0x7ffde62c4578 /* 135 vars */) = -1 ENOENT (No such file or directory)
1427362 execve("/home/zhuran24/.cargo/bin/sha256sum", ["sha256sum", "--", "/tmp/kernel-audit2-v3r63b5w/\346\261\202\350\247\243\345\231\250/\350\247\204\346\240\274/\345\206\205\346\240\270\351\205\215\347\275\256-v1.json"], 0x7ffde62c4578 /* 135 vars */) = -1 ENOENT (No such file or directory)
1427362 execve("/home/zhuran24/.local/bin/sha256sum", ["sha256sum", "--", "/tmp/kernel-audit2-v3r63b5w/\346\261\202\350\247\243\345\231\250/\350\247\204\346\240\274/\345\206\205\346\240\270\351\205\215\347\275\256-v1.json"], 0x7ffde62c4578 /* 135 vars */) = -1 ENOENT (No such file or directory)
1427362 execve("/home/zhuran24/.opencode/bin/sha256sum", ["sha256sum", "--", "/tmp/kernel-audit2-v3r63b5w/\346\261\202\350\247\243\345\231\250/\350\247\204\346\240\274/\345\206\205\346\240\270\351\205\215\347\275\256-v1.json"], 0x7ffde62c4578 /* 135 vars */) = -1 ENOENT (No such file or directory)
1427362 execve("/usr/local/bin/sha256sum", ["sha256sum", "--", "/tmp/kernel-audit2-v3r63b5w/\346\261\202\350\247\243\345\231\250/\350\247\204\346\240\274/\345\206\205\346\240\270\351\205\215\347\275\256-v1.json"], 0x7ffde62c4578 /* 135 vars */) = -1 ENOENT (No such file or directory)
1427362 execve("/usr/bin/sha256sum", ["sha256sum", "--", "/tmp/kernel-audit2-v3r63b5w/\346\261\202\350\247\243\345\231\250/\350\247\204\346\240\274/\345\206\205\346\240\270\351\205\215\347\275\256-v1.json"], 0x7ffde62c4578 /* 135 vars */) = 0
1427362 openat(AT_FDCWD</tmp/kernel-audit2-v3r63b5w/\346\261\202\350\247\243\345\231\250>, "/etc/ld.so.cache", O_RDONLY|O_CLOEXEC) = 3</etc/ld.so.cache>
1427362 openat(AT_FDCWD</tmp/kernel-audit2-v3r63b5w/\346\261\202\350\247\243\345\231\250>, "/usr/lib/libcrypto.so.3", O_RDONLY|O_CLOEXEC) = 3</usr/lib/libcrypto.so.3>
1427362 openat(AT_FDCWD</tmp/kernel-audit2-v3r63b5w/\346\261\202\350\247\243\345\231\250>, "/usr/lib/libc.so.6", O_RDONLY|O_CLOEXEC) = 3</usr/lib/libc.so.6>
1427362 openat(AT_FDCWD</tmp/kernel-audit2-v3r63b5w/\346\261\202\350\247\243\345\231\250>, "/usr/lib/libz.so.1", O_RDONLY|O_CLOEXEC) = 3</usr/lib/libz.so.1.3.1.zlib-ng>
1427362 openat(AT_FDCWD</tmp/kernel-audit2-v3r63b5w/\346\261\202\350\247\243\345\231\250>, "/usr/lib/libbrotlienc.so.1", O_RDONLY|O_CLOEXEC) = 3</usr/lib/libbrotlienc.so.1.2.0>
1427362 openat(AT_FDCWD</tmp/kernel-audit2-v3r63b5w/\346\261\202\350\247\243\345\231\250>, "/usr/lib/libbrotlidec.so.1", O_RDONLY|O_CLOEXEC) = 3</usr/lib/libbrotlidec.so.1.2.0>
1427362 openat(AT_FDCWD</tmp/kernel-audit2-v3r63b5w/\346\261\202\350\247\243\345\231\250>, "/usr/lib/libzstd.so.1", O_RDONLY|O_CLOEXEC) = 3</usr/lib/libzstd.so.1.5.7>
1427362 openat(AT_FDCWD</tmp/kernel-audit2-v3r63b5w/\346\261\202\350\247\243\345\231\250>, "/usr/lib/libm.so.6", O_RDONLY|O_CLOEXEC) = 3</usr/lib/libm.so.6>
1427362 openat(AT_FDCWD</tmp/kernel-audit2-v3r63b5w/\346\261\202\350\247\243\345\231\250>, "/usr/lib/libbrotlicommon.so.1", O_RDONLY|O_CLOEXEC) = 3</usr/lib/libbrotlicommon.so.1.2.0>
1427362 openat(AT_FDCWD</tmp/kernel-audit2-v3r63b5w/\346\261\202\350\247\243\345\231\250>, "/usr/lib/locale/locale-archive", O_RDONLY|O_CLOEXEC) = 3</usr/lib/locale/locale-archive>
1427362 openat(AT_FDCWD</tmp/kernel-audit2-v3r63b5w/\346\261\202\350\247\243\345\231\250>, "/usr/share/locale/locale.alias", O_RDONLY|O_CLOEXEC) = 3</usr/share/locale/locale.alias>
1427362 openat(AT_FDCWD</tmp/kernel-audit2-v3r63b5w/\346\261\202\350\247\243\345\231\250>, "/usr/lib/locale/C.UTF-8/LC_IDENTIFICATION", O_RDONLY|O_CLOEXEC) = -1 ENOENT (No such file or directory)
1427362 openat(AT_FDCWD</tmp/kernel-audit2-v3r63b5w/\346\261\202\350\247\243\345\231\250>, "/usr/lib/locale/C.utf8/LC_IDENTIFICATION", O_RDONLY|O_CLOEXEC) = 3</usr/lib/locale/C.utf8/LC_IDENTIFICATION>
1427362 openat(AT_FDCWD</tmp/kernel-audit2-v3r63b5w/\346\261\202\350\247\243\345\231\250>, "/usr/lib/gconv/gconv-modules.cache", O_RDONLY|O_CLOEXEC) = 3</usr/lib/gconv/gconv-modules.cache>
1427362 openat(AT_FDCWD</tmp/kernel-audit2-v3r63b5w/\346\261\202\350\247\243\345\231\250>, "/usr/lib/locale/C.UTF-8/LC_MEASUREMENT", O_RDONLY|O_CLOEXEC) = -1 ENOENT (No such file or directory)
1427362 openat(AT_FDCWD</tmp/kernel-audit2-v3r63b5w/\346\261\202\350\247\243\345\231\250>, "/usr/lib/locale/C.utf8/LC_MEASUREMENT", O_RDONLY|O_CLOEXEC) = 3</usr/lib/locale/C.utf8/LC_MEASUREMENT>
1427362 openat(AT_FDCWD</tmp/kernel-audit2-v3r63b5w/\346\261\202\350\247\243\345\231\250>, "/usr/lib/locale/C.UTF-8/LC_TELEPHONE", O_RDONLY|O_CLOEXEC) = -1 ENOENT (No such file or directory)
1427362 openat(AT_FDCWD</tmp/kernel-audit2-v3r63b5w/\346\261\202\350\247\243\345\231\250>, "/usr/lib/locale/C.utf8/LC_TELEPHONE", O_RDONLY|O_CLOEXEC) = 3</usr/lib/locale/C.utf8/LC_TELEPHONE>
1427362 openat(AT_FDCWD</tmp/kernel-audit2-v3r63b5w/\346\261\202\350\247\243\345\231\250>, "/usr/lib/locale/C.UTF-8/LC_ADDRESS", O_RDONLY|O_CLOEXEC) = -1 ENOENT (No such file or directory)
1427362 openat(AT_FDCWD</tmp/kernel-audit2-v3r63b5w/\346\261\202\350\247\243\345\231\250>, "/usr/lib/locale/C.utf8/LC_ADDRESS", O_RDONLY|O_CLOEXEC) = 3</usr/lib/locale/C.utf8/LC_ADDRESS>
1427362 openat(AT_FDCWD</tmp/kernel-audit2-v3r63b5w/\346\261\202\350\247\243\345\231\250>, "/usr/lib/locale/C.UTF-8/LC_NAME", O_RDONLY|O_CLOEXEC) = -1 ENOENT (No such file or directory)
1427362 openat(AT_FDCWD</tmp/kernel-audit2-v3r63b5w/\346\261\202\350\247\243\345\231\250>, "/usr/lib/locale/C.utf8/LC_NAME", O_RDONLY|O_CLOEXEC) = 3</usr/lib/locale/C.utf8/LC_NAME>
1427362 openat(AT_FDCWD</tmp/kernel-audit2-v3r63b5w/\346\261\202\350\247\243\345\231\250>, "/usr/lib/locale/C.UTF-8/LC_PAPER", O_RDONLY|O_CLOEXEC) = -1 ENOENT (No such file or directory)
1427362 openat(AT_FDCWD</tmp/kernel-audit2-v3r63b5w/\346\261\202\350\247\243\345\231\250>, "/usr/lib/locale/C.utf8/LC_PAPER", O_RDONLY|O_CLOEXEC) = 3</usr/lib/locale/C.utf8/LC_PAPER>
1427362 openat(AT_FDCWD</tmp/kernel-audit2-v3r63b5w/\346\261\202\350\247\243\345\231\250>, "/usr/lib/locale/C.UTF-8/LC_MESSAGES", O_RDONLY|O_CLOEXEC) = -1 ENOENT (No such file or directory)
1427362 openat(AT_FDCWD</tmp/kernel-audit2-v3r63b5w/\346\261\202\350\247\243\345\231\250>, "/usr/lib/locale/C.utf8/LC_MESSAGES", O_RDONLY|O_CLOEXEC) = 3</usr/lib/locale/C.utf8/LC_MESSAGES>
1427362 openat(AT_FDCWD</tmp/kernel-audit2-v3r63b5w/\346\261\202\350\247\243\345\231\250>, "/usr/lib/locale/C.utf8/LC_MESSAGES/SYS_LC_MESSAGES", O_RDONLY|O_CLOEXEC) = 3</usr/lib/locale/C.utf8/LC_MESSAGES/SYS_LC_MESSAGES>
1427362 openat(AT_FDCWD</tmp/kernel-audit2-v3r63b5w/\346\261\202\350\247\243\345\231\250>, "/usr/lib/locale/C.UTF-8/LC_MONETARY", O_RDONLY|O_CLOEXEC) = -1 ENOENT (No such file or directory)
1427362 openat(AT_FDCWD</tmp/kernel-audit2-v3r63b5w/\346\261\202\350\247\243\345\231\250>, "/usr/lib/locale/C.utf8/LC_MONETARY", O_RDONLY|O_CLOEXEC) = 3</usr/lib/locale/C.utf8/LC_MONETARY>
1427362 openat(AT_FDCWD</tmp/kernel-audit2-v3r63b5w/\346\261\202\350\247\243\345\231\250>, "/usr/lib/locale/C.UTF-8/LC_COLLATE", O_RDONLY|O_CLOEXEC) = -1 ENOENT (No such file or directory)
1427362 openat(AT_FDCWD</tmp/kernel-audit2-v3r63b5w/\346\261\202\350\247\243\345\231\250>, "/usr/lib/locale/C.utf8/LC_COLLATE", O_RDONLY|O_CLOEXEC) = 3</usr/lib/locale/C.utf8/LC_COLLATE>
1427362 openat(AT_FDCWD</tmp/kernel-audit2-v3r63b5w/\346\261\202\350\247\243\345\231\250>, "/usr/lib/locale/C.UTF-8/LC_TIME", O_RDONLY|O_CLOEXEC) = -1 ENOENT (No such file or directory)
1427362 openat(AT_FDCWD</tmp/kernel-audit2-v3r63b5w/\346\261\202\350\247\243\345\231\250>, "/usr/lib/locale/C.utf8/LC_TIME", O_RDONLY|O_CLOEXEC) = 3</usr/lib/locale/C.utf8/LC_TIME>
1427362 openat(AT_FDCWD</tmp/kernel-audit2-v3r63b5w/\346\261\202\350\247\243\345\231\250>, "/usr/lib/locale/C.UTF-8/LC_NUMERIC", O_RDONLY|O_CLOEXEC) = -1 ENOENT (No such file or directory)
1427362 openat(AT_FDCWD</tmp/kernel-audit2-v3r63b5w/\346\261\202\350\247\243\345\231\250>, "/usr/lib/locale/C.utf8/LC_NUMERIC", O_RDONLY|O_CLOEXEC) = 3</usr/lib/locale/C.utf8/LC_NUMERIC>
1427362 openat(AT_FDCWD</tmp/kernel-audit2-v3r63b5w/\346\261\202\350\247\243\345\231\250>, "/usr/lib/locale/C.UTF-8/LC_CTYPE", O_RDONLY|O_CLOEXEC) = -1 ENOENT (No such file or directory)
1427362 openat(AT_FDCWD</tmp/kernel-audit2-v3r63b5w/\346\261\202\350\247\243\345\231\250>, "/usr/lib/locale/C.utf8/LC_CTYPE", O_RDONLY|O_CLOEXEC) = 3</usr/lib/locale/C.utf8/LC_CTYPE>
1427362 openat(AT_FDCWD</tmp/kernel-audit2-v3r63b5w/\346\261\202\350\247\243\345\231\250>, "/tmp/kernel-audit2-v3r63b5w/\346\261\202\350\247\243\345\231\250/\350\247\204\346\240\274/\345\206\205\346\240\270\351\205\215\347\275\256-v1.json", O_RDONLY) = 3</tmp/kernel-audit2-v3r63b5w/\346\261\202\350\247\243\345\231\250/\350\247\204\346\240\274/\345\206\205\346\240\270\351\205\215\347\275\256-v1.json>
1427354 --- SIGCHLD {si_signo=SIGCHLD, si_code=CLD_EXITED, si_pid=1427362, si_uid=1000, si_status=0, si_utime=0, si_stime=0} ---
1427354 openat(AT_FDCWD</tmp/kernel-audit2-v3r63b5w/\346\261\202\350\247\243\345\231\250>, "/dev/null", O_RDONLY|O_CLOEXEC) = 3</dev/null<char 1:3>>
1427363 execve("/home/zhuran24/.codex/tmp/arg0/codex-arg0DuAZRy/sha256sum", ["sha256sum", "--", "/tmp/kernel-audit2-v3r63b5w/\346\261\202\350\247\243\345\231\250/\346\225\260\346\215\256/\346\255\243\345\274\217\351\235\231\346\200\201\347\233\256\345\275\225.json"], 0x7ffde62c4578 /* 135 vars */) = -1 ENOENT (No such file or directory)
1427363 execve("/home/zhuran24/.cargo/bin/sha256sum", ["sha256sum", "--", "/tmp/kernel-audit2-v3r63b5w/\346\261\202\350\247\243\345\231\250/\346\225\260\346\215\256/\346\255\243\345\274\217\351\235\231\346\200\201\347\233\256\345\275\225.json"], 0x7ffde62c4578 /* 135 vars */) = -1 ENOENT (No such file or directory)
1427363 execve("/home/zhuran24/.local/bin/sha256sum", ["sha256sum", "--", "/tmp/kernel-audit2-v3r63b5w/\346\261\202\350\247\243\345\231\250/\346\225\260\346\215\256/\346\255\243\345\274\217\351\235\231\346\200\201\347\233\256\345\275\225.json"], 0x7ffde62c4578 /* 135 vars */) = -1 ENOENT (No such file or directory)
1427363 execve("/home/zhuran24/.opencode/bin/sha256sum", ["sha256sum", "--", "/tmp/kernel-audit2-v3r63b5w/\346\261\202\350\247\243\345\231\250/\346\225\260\346\215\256/\346\255\243\345\274\217\351\235\231\346\200\201\347\233\256\345\275\225.json"], 0x7ffde62c4578 /* 135 vars */) = -1 ENOENT (No such file or directory)
1427363 execve("/usr/local/bin/sha256sum", ["sha256sum", "--", "/tmp/kernel-audit2-v3r63b5w/\346\261\202\350\247\243\345\231\250/\346\225\260\346\215\256/\346\255\243\345\274\217\351\235\231\346\200\201\347\233\256\345\275\225.json"], 0x7ffde62c4578 /* 135 vars */) = -1 ENOENT (No such file or directory)
1427363 execve("/usr/bin/sha256sum", ["sha256sum", "--", "/tmp/kernel-audit2-v3r63b5w/\346\261\202\350\247\243\345\231\250/\346\225\260\346\215\256/\346\255\243\345\274\217\351\235\231\346\200\201\347\233\256\345\275\225.json"], 0x7ffde62c4578 /* 135 vars */) = 0
1427363 openat(AT_FDCWD</tmp/kernel-audit2-v3r63b5w/\346\261\202\350\247\243\345\231\250>, "/etc/ld.so.cache", O_RDONLY|O_CLOEXEC) = 3</etc/ld.so.cache>
1427363 openat(AT_FDCWD</tmp/kernel-audit2-v3r63b5w/\346\261\202\350\247\243\345\231\250>, "/usr/lib/libcrypto.so.3", O_RDONLY|O_CLOEXEC) = 3</usr/lib/libcrypto.so.3>
1427363 openat(AT_FDCWD</tmp/kernel-audit2-v3r63b5w/\346\261\202\350\247\243\345\231\250>, "/usr/lib/libc.so.6", O_RDONLY|O_CLOEXEC) = 3</usr/lib/libc.so.6>
1427363 openat(AT_FDCWD</tmp/kernel-audit2-v3r63b5w/\346\261\202\350\247\243\345\231\250>, "/usr/lib/libz.so.1", O_RDONLY|O_CLOEXEC) = 3</usr/lib/libz.so.1.3.1.zlib-ng>
1427363 openat(AT_FDCWD</tmp/kernel-audit2-v3r63b5w/\346\261\202\350\247\243\345\231\250>, "/usr/lib/libbrotlienc.so.1", O_RDONLY|O_CLOEXEC) = 3</usr/lib/libbrotlienc.so.1.2.0>
1427363 openat(AT_FDCWD</tmp/kernel-audit2-v3r63b5w/\346\261\202\350\247\243\345\231\250>, "/usr/lib/libbrotlidec.so.1", O_RDONLY|O_CLOEXEC) = 3</usr/lib/libbrotlidec.so.1.2.0>
1427363 openat(AT_FDCWD</tmp/kernel-audit2-v3r63b5w/\346\261\202\350\247\243\345\231\250>, "/usr/lib/libzstd.so.1", O_RDONLY|O_CLOEXEC) = 3</usr/lib/libzstd.so.1.5.7>
1427363 openat(AT_FDCWD</tmp/kernel-audit2-v3r63b5w/\346\261\202\350\247\243\345\231\250>, "/usr/lib/libm.so.6", O_RDONLY|O_CLOEXEC) = 3</usr/lib/libm.so.6>
1427363 openat(AT_FDCWD</tmp/kernel-audit2-v3r63b5w/\346\261\202\350\247\243\345\231\250>, "/usr/lib/libbrotlicommon.so.1", O_RDONLY|O_CLOEXEC) = 3</usr/lib/libbrotlicommon.so.1.2.0>
1427363 openat(AT_FDCWD</tmp/kernel-audit2-v3r63b5w/\346\261\202\350\247\243\345\231\250>, "/usr/lib/locale/locale-archive", O_RDONLY|O_CLOEXEC) = 3</usr/lib/locale/locale-archive>
1427363 openat(AT_FDCWD</tmp/kernel-audit2-v3r63b5w/\346\261\202\350\247\243\345\231\250>, "/usr/share/locale/locale.alias", O_RDONLY|O_CLOEXEC) = 3</usr/share/locale/locale.alias>
1427363 openat(AT_FDCWD</tmp/kernel-audit2-v3r63b5w/\346\261\202\350\247\243\345\231\250>, "/usr/lib/locale/C.UTF-8/LC_IDENTIFICATION", O_RDONLY|O_CLOEXEC) = -1 ENOENT (No such file or directory)
1427363 openat(AT_FDCWD</tmp/kernel-audit2-v3r63b5w/\346\261\202\350\247\243\345\231\250>, "/usr/lib/locale/C.utf8/LC_IDENTIFICATION", O_RDONLY|O_CLOEXEC) = 3</usr/lib/locale/C.utf8/LC_IDENTIFICATION>
1427363 openat(AT_FDCWD</tmp/kernel-audit2-v3r63b5w/\346\261\202\350\247\243\345\231\250>, "/usr/lib/gconv/gconv-modules.cache", O_RDONLY|O_CLOEXEC) = 3</usr/lib/gconv/gconv-modules.cache>
1427363 openat(AT_FDCWD</tmp/kernel-audit2-v3r63b5w/\346\261\202\350\247\243\345\231\250>, "/usr/lib/locale/C.UTF-8/LC_MEASUREMENT", O_RDONLY|O_CLOEXEC) = -1 ENOENT (No such file or directory)
1427363 openat(AT_FDCWD</tmp/kernel-audit2-v3r63b5w/\346\261\202\350\247\243\345\231\250>, "/usr/lib/locale/C.utf8/LC_MEASUREMENT", O_RDONLY|O_CLOEXEC) = 3</usr/lib/locale/C.utf8/LC_MEASUREMENT>
1427363 openat(AT_FDCWD</tmp/kernel-audit2-v3r63b5w/\346\261\202\350\247\243\345\231\250>, "/usr/lib/locale/C.UTF-8/LC_TELEPHONE", O_RDONLY|O_CLOEXEC) = -1 ENOENT (No such file or directory)
1427363 openat(AT_FDCWD</tmp/kernel-audit2-v3r63b5w/\346\261\202\350\247\243\345\231\250>, "/usr/lib/locale/C.utf8/LC_TELEPHONE", O_RDONLY|O_CLOEXEC) = 3</usr/lib/locale/C.utf8/LC_TELEPHONE>
1427363 openat(AT_FDCWD</tmp/kernel-audit2-v3r63b5w/\346\261\202\350\247\243\345\231\250>, "/usr/lib/locale/C.UTF-8/LC_ADDRESS", O_RDONLY|O_CLOEXEC) = -1 ENOENT (No such file or directory)
1427363 openat(AT_FDCWD</tmp/kernel-audit2-v3r63b5w/\346\261\202\350\247\243\345\231\250>, "/usr/lib/locale/C.utf8/LC_ADDRESS", O_RDONLY|O_CLOEXEC) = 3</usr/lib/locale/C.utf8/LC_ADDRESS>
1427363 openat(AT_FDCWD</tmp/kernel-audit2-v3r63b5w/\346\261\202\350\247\243\345\231\250>, "/usr/lib/locale/C.UTF-8/LC_NAME", O_RDONLY|O_CLOEXEC) = -1 ENOENT (No such file or directory)
1427363 openat(AT_FDCWD</tmp/kernel-audit2-v3r63b5w/\346\261\202\350\247\243\345\231\250>, "/usr/lib/locale/C.utf8/LC_NAME", O_RDONLY|O_CLOEXEC) = 3</usr/lib/locale/C.utf8/LC_NAME>
1427363 openat(AT_FDCWD</tmp/kernel-audit2-v3r63b5w/\346\261\202\350\247\243\345\231\250>, "/usr/lib/locale/C.UTF-8/LC_PAPER", O_RDONLY|O_CLOEXEC) = -1 ENOENT (No such file or directory)
1427363 openat(AT_FDCWD</tmp/kernel-audit2-v3r63b5w/\346\261\202\350\247\243\345\231\250>, "/usr/lib/locale/C.utf8/LC_PAPER", O_RDONLY|O_CLOEXEC) = 3</usr/lib/locale/C.utf8/LC_PAPER>
1427363 openat(AT_FDCWD</tmp/kernel-audit2-v3r63b5w/\346\261\202\350\247\243\345\231\250>, "/usr/lib/locale/C.UTF-8/LC_MESSAGES", O_RDONLY|O_CLOEXEC) = -1 ENOENT (No such file or directory)
1427363 openat(AT_FDCWD</tmp/kernel-audit2-v3r63b5w/\346\261\202\350\247\243\345\231\250>, "/usr/lib/locale/C.utf8/LC_MESSAGES", O_RDONLY|O_CLOEXEC) = 3</usr/lib/locale/C.utf8/LC_MESSAGES>
1427363 openat(AT_FDCWD</tmp/kernel-audit2-v3r63b5w/\346\261\202\350\247\243\345\231\250>, "/usr/lib/locale/C.utf8/LC_MESSAGES/SYS_LC_MESSAGES", O_RDONLY|O_CLOEXEC) = 3</usr/lib/locale/C.utf8/LC_MESSAGES/SYS_LC_MESSAGES>
1427363 openat(AT_FDCWD</tmp/kernel-audit2-v3r63b5w/\346\261\202\350\247\243\345\231\250>, "/usr/lib/locale/C.UTF-8/LC_MONETARY", O_RDONLY|O_CLOEXEC) = -1 ENOENT (No such file or directory)
1427363 openat(AT_FDCWD</tmp/kernel-audit2-v3r63b5w/\346\261\202\350\247\243\345\231\250>, "/usr/lib/locale/C.utf8/LC_MONETARY", O_RDONLY|O_CLOEXEC) = 3</usr/lib/locale/C.utf8/LC_MONETARY>
1427363 openat(AT_FDCWD</tmp/kernel-audit2-v3r63b5w/\346\261\202\350\247\243\345\231\250>, "/usr/lib/locale/C.UTF-8/LC_COLLATE", O_RDONLY|O_CLOEXEC) = -1 ENOENT (No such file or directory)
1427363 openat(AT_FDCWD</tmp/kernel-audit2-v3r63b5w/\346\261\202\350\247\243\345\231\250>, "/usr/lib/locale/C.utf8/LC_COLLATE", O_RDONLY|O_CLOEXEC) = 3</usr/lib/locale/C.utf8/LC_COLLATE>
1427363 openat(AT_FDCWD</tmp/kernel-audit2-v3r63b5w/\346\261\202\350\247\243\345\231\250>, "/usr/lib/locale/C.UTF-8/LC_TIME", O_RDONLY|O_CLOEXEC) = -1 ENOENT (No such file or directory)
1427363 openat(AT_FDCWD</tmp/kernel-audit2-v3r63b5w/\346\261\202\350\247\243\345\231\250>, "/usr/lib/locale/C.utf8/LC_TIME", O_RDONLY|O_CLOEXEC) = 3</usr/lib/locale/C.utf8/LC_TIME>
1427363 openat(AT_FDCWD</tmp/kernel-audit2-v3r63b5w/\346\261\202\350\247\243\345\231\250>, "/usr/lib/locale/C.UTF-8/LC_NUMERIC", O_RDONLY|O_CLOEXEC) = -1 ENOENT (No such file or directory)
1427363 openat(AT_FDCWD</tmp/kernel-audit2-v3r63b5w/\346\261\202\350\247\243\345\231\250>, "/usr/lib/locale/C.utf8/LC_NUMERIC", O_RDONLY|O_CLOEXEC) = 3</usr/lib/locale/C.utf8/LC_NUMERIC>
1427363 openat(AT_FDCWD</tmp/kernel-audit2-v3r63b5w/\346\261\202\350\247\243\345\231\250>, "/usr/lib/locale/C.UTF-8/LC_CTYPE", O_RDONLY|O_CLOEXEC) = -1 ENOENT (No such file or directory)
1427363 openat(AT_FDCWD</tmp/kernel-audit2-v3r63b5w/\346\261\202\350\247\243\345\231\250>, "/usr/lib/locale/C.utf8/LC_CTYPE", O_RDONLY|O_CLOEXEC) = 3</usr/lib/locale/C.utf8/LC_CTYPE>
1427363 openat(AT_FDCWD</tmp/kernel-audit2-v3r63b5w/\346\261\202\350\247\243\345\231\250>, "/tmp/kernel-audit2-v3r63b5w/\346\261\202\350\247\243\345\231\250/\346\225\260\346\215\256/\346\255\243\345\274\217\351\235\231\346\200\201\347\233\256\345\275\225.json", O_RDONLY) = 3</tmp/kernel-audit2-v3r63b5w/\346\261\202\350\247\243\345\231\250/\346\225\260\346\215\256/\346\255\243\345\274\217\351\235\231\346\200\201\347\233\256\345\275\225.json>
1427354 --- SIGCHLD {si_signo=SIGCHLD, si_code=CLD_EXITED, si_pid=1427363, si_uid=1000, si_status=0, si_utime=0, si_stime=0} ---
1427354 openat(AT_FDCWD</tmp/kernel-audit2-v3r63b5w/\346\261\202\350\247\243\345\231\250>, "/dev/null", O_RDONLY|O_CLOEXEC) = 3</dev/null<char 1:3>>
1427364 execve("/home/zhuran24/.codex/tmp/arg0/codex-arg0DuAZRy/sha256sum", ["sha256sum", "--", "/tmp/kernel-audit2-v3r63b5w/\343\200\212\346\230\216\346\227\245\346\226\271\350\210\237\357\274\232\347\273\210\346\234\253\345\234\260\343\200\213\346\270\270\346\210\217\350\247\204\345\210\231.txt"], 0x7ffde62c4578 /* 135 vars */) = -1 ENOENT (No such file or directory)
1427364 execve("/home/zhuran24/.cargo/bin/sha256sum", ["sha256sum", "--", "/tmp/kernel-audit2-v3r63b5w/\343\200\212\346\230\216\346\227\245\346\226\271\350\210\237\357\274\232\347\273\210\346\234\253\345\234\260\343\200\213\346\270\270\346\210\217\350\247\204\345\210\231.txt"], 0x7ffde62c4578 /* 135 vars */) = -1 ENOENT (No such file or directory)
1427364 execve("/home/zhuran24/.local/bin/sha256sum", ["sha256sum", "--", "/tmp/kernel-audit2-v3r63b5w/\343\200\212\346\230\216\346\227\245\346\226\271\350\210\237\357\274\232\347\273\210\346\234\253\345\234\260\343\200\213\346\270\270\346\210\217\350\247\204\345\210\231.txt"], 0x7ffde62c4578 /* 135 vars */) = -1 ENOENT (No such file or directory)
1427364 execve("/home/zhuran24/.opencode/bin/sha256sum", ["sha256sum", "--", "/tmp/kernel-audit2-v3r63b5w/\343\200\212\346\230\216\346\227\245\346\226\271\350\210\237\357\274\232\347\273\210\346\234\253\345\234\260\343\200\213\346\270\270\346\210\217\350\247\204\345\210\231.txt"], 0x7ffde62c4578 /* 135 vars */) = -1 ENOENT (No such file or directory)
1427364 execve("/usr/local/bin/sha256sum", ["sha256sum", "--", "/tmp/kernel-audit2-v3r63b5w/\343\200\212\346\230\216\346\227\245\346\226\271\350\210\237\357\274\232\347\273\210\346\234\253\345\234\260\343\200\213\346\270\270\346\210\217\350\247\204\345\210\231.txt"], 0x7ffde62c4578 /* 135 vars */) = -1 ENOENT (No such file or directory)
1427364 execve("/usr/bin/sha256sum", ["sha256sum", "--", "/tmp/kernel-audit2-v3r63b5w/\343\200\212\346\230\216\346\227\245\346\226\271\350\210\237\357\274\232\347\273\210\346\234\253\345\234\260\343\200\213\346\270\270\346\210\217\350\247\204\345\210\231.txt"], 0x7ffde62c4578 /* 135 vars */) = 0
1427364 openat(AT_FDCWD</tmp/kernel-audit2-v3r63b5w/\346\261\202\350\247\243\345\231\250>, "/etc/ld.so.cache", O_RDONLY|O_CLOEXEC) = 3</etc/ld.so.cache>
1427364 openat(AT_FDCWD</tmp/kernel-audit2-v3r63b5w/\346\261\202\350\247\243\345\231\250>, "/usr/lib/libcrypto.so.3", O_RDONLY|O_CLOEXEC) = 3</usr/lib/libcrypto.so.3>
1427364 openat(AT_FDCWD</tmp/kernel-audit2-v3r63b5w/\346\261\202\350\247\243\345\231\250>, "/usr/lib/libc.so.6", O_RDONLY|O_CLOEXEC) = 3</usr/lib/libc.so.6>
1427364 openat(AT_FDCWD</tmp/kernel-audit2-v3r63b5w/\346\261\202\350\247\243\345\231\250>, "/usr/lib/libz.so.1", O_RDONLY|O_CLOEXEC) = 3</usr/lib/libz.so.1.3.1.zlib-ng>
1427364 openat(AT_FDCWD</tmp/kernel-audit2-v3r63b5w/\346\261\202\350\247\243\345\231\250>, "/usr/lib/libbrotlienc.so.1", O_RDONLY|O_CLOEXEC) = 3</usr/lib/libbrotlienc.so.1.2.0>
1427364 openat(AT_FDCWD</tmp/kernel-audit2-v3r63b5w/\346\261\202\350\247\243\345\231\250>, "/usr/lib/libbrotlidec.so.1", O_RDONLY|O_CLOEXEC) = 3</usr/lib/libbrotlidec.so.1.2.0>
1427364 openat(AT_FDCWD</tmp/kernel-audit2-v3r63b5w/\346\261\202\350\247\243\345\231\250>, "/usr/lib/libzstd.so.1", O_RDONLY|O_CLOEXEC) = 3</usr/lib/libzstd.so.1.5.7>
1427364 openat(AT_FDCWD</tmp/kernel-audit2-v3r63b5w/\346\261\202\350\247\243\345\231\250>, "/usr/lib/libm.so.6", O_RDONLY|O_CLOEXEC) = 3</usr/lib/libm.so.6>
1427364 openat(AT_FDCWD</tmp/kernel-audit2-v3r63b5w/\346\261\202\350\247\243\345\231\250>, "/usr/lib/libbrotlicommon.so.1", O_RDONLY|O_CLOEXEC) = 3</usr/lib/libbrotlicommon.so.1.2.0>
1427364 openat(AT_FDCWD</tmp/kernel-audit2-v3r63b5w/\346\261\202\350\247\243\345\231\250>, "/usr/lib/locale/locale-archive", O_RDONLY|O_CLOEXEC) = 3</usr/lib/locale/locale-archive>
1427364 openat(AT_FDCWD</tmp/kernel-audit2-v3r63b5w/\346\261\202\350\247\243\345\231\250>, "/usr/share/locale/locale.alias", O_RDONLY|O_CLOEXEC) = 3</usr/share/locale/locale.alias>
1427364 openat(AT_FDCWD</tmp/kernel-audit2-v3r63b5w/\346\261\202\350\247\243\345\231\250>, "/usr/lib/locale/C.UTF-8/LC_IDENTIFICATION", O_RDONLY|O_CLOEXEC) = -1 ENOENT (No such file or directory)
1427364 openat(AT_FDCWD</tmp/kernel-audit2-v3r63b5w/\346\261\202\350\247\243\345\231\250>, "/usr/lib/locale/C.utf8/LC_IDENTIFICATION", O_RDONLY|O_CLOEXEC) = 3</usr/lib/locale/C.utf8/LC_IDENTIFICATION>
1427364 openat(AT_FDCWD</tmp/kernel-audit2-v3r63b5w/\346\261\202\350\247\243\345\231\250>, "/usr/lib/gconv/gconv-modules.cache", O_RDONLY|O_CLOEXEC) = 3</usr/lib/gconv/gconv-modules.cache>
1427364 openat(AT_FDCWD</tmp/kernel-audit2-v3r63b5w/\346\261\202\350\247\243\345\231\250>, "/usr/lib/locale/C.UTF-8/LC_MEASUREMENT", O_RDONLY|O_CLOEXEC) = -1 ENOENT (No such file or directory)
1427364 openat(AT_FDCWD</tmp/kernel-audit2-v3r63b5w/\346\261\202\350\247\243\345\231\250>, "/usr/lib/locale/C.utf8/LC_MEASUREMENT", O_RDONLY|O_CLOEXEC) = 3</usr/lib/locale/C.utf8/LC_MEASUREMENT>
1427364 openat(AT_FDCWD</tmp/kernel-audit2-v3r63b5w/\346\261\202\350\247\243\345\231\250>, "/usr/lib/locale/C.UTF-8/LC_TELEPHONE", O_RDONLY|O_CLOEXEC) = -1 ENOENT (No such file or directory)
1427364 openat(AT_FDCWD</tmp/kernel-audit2-v3r63b5w/\346\261\202\350\247\243\345\231\250>, "/usr/lib/locale/C.utf8/LC_TELEPHONE", O_RDONLY|O_CLOEXEC) = 3</usr/lib/locale/C.utf8/LC_TELEPHONE>
1427364 openat(AT_FDCWD</tmp/kernel-audit2-v3r63b5w/\346\261\202\350\247\243\345\231\250>, "/usr/lib/locale/C.UTF-8/LC_ADDRESS", O_RDONLY|O_CLOEXEC) = -1 ENOENT (No such file or directory)
1427364 openat(AT_FDCWD</tmp/kernel-audit2-v3r63b5w/\346\261\202\350\247\243\345\231\250>, "/usr/lib/locale/C.utf8/LC_ADDRESS", O_RDONLY|O_CLOEXEC) = 3</usr/lib/locale/C.utf8/LC_ADDRESS>
1427364 openat(AT_FDCWD</tmp/kernel-audit2-v3r63b5w/\346\261\202\350\247\243\345\231\250>, "/usr/lib/locale/C.UTF-8/LC_NAME", O_RDONLY|O_CLOEXEC) = -1 ENOENT (No such file or directory)
1427364 openat(AT_FDCWD</tmp/kernel-audit2-v3r63b5w/\346\261\202\350\247\243\345\231\250>, "/usr/lib/locale/C.utf8/LC_NAME", O_RDONLY|O_CLOEXEC) = 3</usr/lib/locale/C.utf8/LC_NAME>
1427364 openat(AT_FDCWD</tmp/kernel-audit2-v3r63b5w/\346\261\202\350\247\243\345\231\250>, "/usr/lib/locale/C.UTF-8/LC_PAPER", O_RDONLY|O_CLOEXEC) = -1 ENOENT (No such file or directory)
1427364 openat(AT_FDCWD</tmp/kernel-audit2-v3r63b5w/\346\261\202\350\247\243\345\231\250>, "/usr/lib/locale/C.utf8/LC_PAPER", O_RDONLY|O_CLOEXEC) = 3</usr/lib/locale/C.utf8/LC_PAPER>
1427364 openat(AT_FDCWD</tmp/kernel-audit2-v3r63b5w/\346\261\202\350\247\243\345\231\250>, "/usr/lib/locale/C.UTF-8/LC_MESSAGES", O_RDONLY|O_CLOEXEC) = -1 ENOENT (No such file or directory)
1427364 openat(AT_FDCWD</tmp/kernel-audit2-v3r63b5w/\346\261\202\350\247\243\345\231\250>, "/usr/lib/locale/C.utf8/LC_MESSAGES", O_RDONLY|O_CLOEXEC) = 3</usr/lib/locale/C.utf8/LC_MESSAGES>
1427364 openat(AT_FDCWD</tmp/kernel-audit2-v3r63b5w/\346\261\202\350\247\243\345\231\250>, "/usr/lib/locale/C.utf8/LC_MESSAGES/SYS_LC_MESSAGES", O_RDONLY|O_CLOEXEC) = 3</usr/lib/locale/C.utf8/LC_MESSAGES/SYS_LC_MESSAGES>
1427364 openat(AT_FDCWD</tmp/kernel-audit2-v3r63b5w/\346\261\202\350\247\243\345\231\250>, "/usr/lib/locale/C.UTF-8/LC_MONETARY", O_RDONLY|O_CLOEXEC) = -1 ENOENT (No such file or directory)
1427364 openat(AT_FDCWD</tmp/kernel-audit2-v3r63b5w/\346\261\202\350\247\243\345\231\250>, "/usr/lib/locale/C.utf8/LC_MONETARY", O_RDONLY|O_CLOEXEC) = 3</usr/lib/locale/C.utf8/LC_MONETARY>
1427364 openat(AT_FDCWD</tmp/kernel-audit2-v3r63b5w/\346\261\202\350\247\243\345\231\250>, "/usr/lib/locale/C.UTF-8/LC_COLLATE", O_RDONLY|O_CLOEXEC) = -1 ENOENT (No such file or directory)
1427364 openat(AT_FDCWD</tmp/kernel-audit2-v3r63b5w/\346\261\202\350\247\243\345\231\250>, "/usr/lib/locale/C.utf8/LC_COLLATE", O_RDONLY|O_CLOEXEC) = 3</usr/lib/locale/C.utf8/LC_COLLATE>
1427364 openat(AT_FDCWD</tmp/kernel-audit2-v3r63b5w/\346\261\202\350\247\243\345\231\250>, "/usr/lib/locale/C.UTF-8/LC_TIME", O_RDONLY|O_CLOEXEC) = -1 ENOENT (No such file or directory)
1427364 openat(AT_FDCWD</tmp/kernel-audit2-v3r63b5w/\346\261\202\350\247\243\345\231\250>, "/usr/lib/locale/C.utf8/LC_TIME", O_RDONLY|O_CLOEXEC) = 3</usr/lib/locale/C.utf8/LC_TIME>
1427364 openat(AT_FDCWD</tmp/kernel-audit2-v3r63b5w/\346\261\202\350\247\243\345\231\250>, "/usr/lib/locale/C.UTF-8/LC_NUMERIC", O_RDONLY|O_CLOEXEC) = -1 ENOENT (No such file or directory)
1427364 openat(AT_FDCWD</tmp/kernel-audit2-v3r63b5w/\346\261\202\350\247\243\345\231\250>, "/usr/lib/locale/C.utf8/LC_NUMERIC", O_RDONLY|O_CLOEXEC) = 3</usr/lib/locale/C.utf8/LC_NUMERIC>
1427364 openat(AT_FDCWD</tmp/kernel-audit2-v3r63b5w/\346\261\202\350\247\243\345\231\250>, "/usr/lib/locale/C.UTF-8/LC_CTYPE", O_RDONLY|O_CLOEXEC) = -1 ENOENT (No such file or directory)
1427364 openat(AT_FDCWD</tmp/kernel-audit2-v3r63b5w/\346\261\202\350\247\243\345\231\250>, "/usr/lib/locale/C.utf8/LC_CTYPE", O_RDONLY|O_CLOEXEC) = 3</usr/lib/locale/C.utf8/LC_CTYPE>
1427364 openat(AT_FDCWD</tmp/kernel-audit2-v3r63b5w/\346\261\202\350\247\243\345\231\250>, "/tmp/kernel-audit2-v3r63b5w/\343\200\212\346\230\216\346\227\245\346\226\271\350\210\237\357\274\232\347\273\210\346\234\253\345\234\260\343\200\213\346\270\270\346\210\217\350\247\204\345\210\231.txt", O_RDONLY) = 3</tmp/kernel-audit2-v3r63b5w/\343\200\212\346\230\216\346\227\245\346\226\271\350\210\237\357\274\232\347\273\210\346\234\253\345\234\260\343\200\213\346\270\270\346\210\217\350\247\204\345\210\231.txt>
1427354 --- SIGCHLD {si_signo=SIGCHLD, si_code=CLD_EXITED, si_pid=1427364, si_uid=1000, si_status=0, si_utime=0, si_stime=0} ---
1427354 openat(AT_FDCWD</tmp/kernel-audit2-v3r63b5w/\346\261\202\350\247\243\345\231\250>, "/dev/null", O_RDONLY|O_CLOEXEC) = 3</dev/null<char 1:3>>
1427365 execve("/home/zhuran24/.codex/tmp/arg0/codex-arg0DuAZRy/sha256sum", ["sha256sum", "--", "/tmp/kernel-audit2-v3r63b5w/\346\261\202\350\247\243\344\273\273\345\212\241.txt"], 0x7ffde62c4578 /* 135 vars */) = -1 ENOENT (No such file or directory)
1427365 execve("/home/zhuran24/.cargo/bin/sha256sum", ["sha256sum", "--", "/tmp/kernel-audit2-v3r63b5w/\346\261\202\350\247\243\344\273\273\345\212\241.txt"], 0x7ffde62c4578 /* 135 vars */) = -1 ENOENT (No such file or directory)
1427365 execve("/home/zhuran24/.local/bin/sha256sum", ["sha256sum", "--", "/tmp/kernel-audit2-v3r63b5w/\346\261\202\350\247\243\344\273\273\345\212\241.txt"], 0x7ffde62c4578 /* 135 vars */) = -1 ENOENT (No such file or directory)
1427365 execve("/home/zhuran24/.opencode/bin/sha256sum", ["sha256sum", "--", "/tmp/kernel-audit2-v3r63b5w/\346\261\202\350\247\243\344\273\273\345\212\241.txt"], 0x7ffde62c4578 /* 135 vars */) = -1 ENOENT (No such file or directory)
1427365 execve("/usr/local/bin/sha256sum", ["sha256sum", "--", "/tmp/kernel-audit2-v3r63b5w/\346\261\202\350\247\243\344\273\273\345\212\241.txt"], 0x7ffde62c4578 /* 135 vars */) = -1 ENOENT (No such file or directory)
1427365 execve("/usr/bin/sha256sum", ["sha256sum", "--", "/tmp/kernel-audit2-v3r63b5w/\346\261\202\350\247\243\344\273\273\345\212\241.txt"], 0x7ffde62c4578 /* 135 vars */) = 0
1427365 openat(AT_FDCWD</tmp/kernel-audit2-v3r63b5w/\346\261\202\350\247\243\345\231\250>, "/etc/ld.so.cache", O_RDONLY|O_CLOEXEC) = 3</etc/ld.so.cache>
1427365 openat(AT_FDCWD</tmp/kernel-audit2-v3r63b5w/\346\261\202\350\247\243\345\231\250>, "/usr/lib/libcrypto.so.3", O_RDONLY|O_CLOEXEC) = 3</usr/lib/libcrypto.so.3>
1427365 openat(AT_FDCWD</tmp/kernel-audit2-v3r63b5w/\346\261\202\350\247\243\345\231\250>, "/usr/lib/libc.so.6", O_RDONLY|O_CLOEXEC) = 3</usr/lib/libc.so.6>
1427365 openat(AT_FDCWD</tmp/kernel-audit2-v3r63b5w/\346\261\202\350\247\243\345\231\250>, "/usr/lib/libz.so.1", O_RDONLY|O_CLOEXEC) = 3</usr/lib/libz.so.1.3.1.zlib-ng>
1427365 openat(AT_FDCWD</tmp/kernel-audit2-v3r63b5w/\346\261\202\350\247\243\345\231\250>, "/usr/lib/libbrotlienc.so.1", O_RDONLY|O_CLOEXEC) = 3</usr/lib/libbrotlienc.so.1.2.0>
1427365 openat(AT_FDCWD</tmp/kernel-audit2-v3r63b5w/\346\261\202\350\247\243\345\231\250>, "/usr/lib/libbrotlidec.so.1", O_RDONLY|O_CLOEXEC) = 3</usr/lib/libbrotlidec.so.1.2.0>
1427365 openat(AT_FDCWD</tmp/kernel-audit2-v3r63b5w/\346\261\202\350\247\243\345\231\250>, "/usr/lib/libzstd.so.1", O_RDONLY|O_CLOEXEC) = 3</usr/lib/libzstd.so.1.5.7>
1427365 openat(AT_FDCWD</tmp/kernel-audit2-v3r63b5w/\346\261\202\350\247\243\345\231\250>, "/usr/lib/libm.so.6", O_RDONLY|O_CLOEXEC) = 3</usr/lib/libm.so.6>
1427365 openat(AT_FDCWD</tmp/kernel-audit2-v3r63b5w/\346\261\202\350\247\243\345\231\250>, "/usr/lib/libbrotlicommon.so.1", O_RDONLY|O_CLOEXEC) = 3</usr/lib/libbrotlicommon.so.1.2.0>
1427365 openat(AT_FDCWD</tmp/kernel-audit2-v3r63b5w/\346\261\202\350\247\243\345\231\250>, "/usr/lib/locale/locale-archive", O_RDONLY|O_CLOEXEC) = 3</usr/lib/locale/locale-archive>
1427365 openat(AT_FDCWD</tmp/kernel-audit2-v3r63b5w/\346\261\202\350\247\243\345\231\250>, "/usr/share/locale/locale.alias", O_RDONLY|O_CLOEXEC) = 3</usr/share/locale/locale.alias>
1427365 openat(AT_FDCWD</tmp/kernel-audit2-v3r63b5w/\346\261\202\350\247\243\345\231\250>, "/usr/lib/locale/C.UTF-8/LC_IDENTIFICATION", O_RDONLY|O_CLOEXEC) = -1 ENOENT (No such file or directory)
1427365 openat(AT_FDCWD</tmp/kernel-audit2-v3r63b5w/\346\261\202\350\247\243\345\231\250>, "/usr/lib/locale/C.utf8/LC_IDENTIFICATION", O_RDONLY|O_CLOEXEC) = 3</usr/lib/locale/C.utf8/LC_IDENTIFICATION>
1427365 openat(AT_FDCWD</tmp/kernel-audit2-v3r63b5w/\346\261\202\350\247\243\345\231\250>, "/usr/lib/gconv/gconv-modules.cache", O_RDONLY|O_CLOEXEC) = 3</usr/lib/gconv/gconv-modules.cache>
1427365 openat(AT_FDCWD</tmp/kernel-audit2-v3r63b5w/\346\261\202\350\247\243\345\231\250>, "/usr/lib/locale/C.UTF-8/LC_MEASUREMENT", O_RDONLY|O_CLOEXEC) = -1 ENOENT (No such file or directory)
1427365 openat(AT_FDCWD</tmp/kernel-audit2-v3r63b5w/\346\261\202\350\247\243\345\231\250>, "/usr/lib/locale/C.utf8/LC_MEASUREMENT", O_RDONLY|O_CLOEXEC) = 3</usr/lib/locale/C.utf8/LC_MEASUREMENT>
1427365 openat(AT_FDCWD</tmp/kernel-audit2-v3r63b5w/\346\261\202\350\247\243\345\231\250>, "/usr/lib/locale/C.UTF-8/LC_TELEPHONE", O_RDONLY|O_CLOEXEC) = -1 ENOENT (No such file or directory)
1427365 openat(AT_FDCWD</tmp/kernel-audit2-v3r63b5w/\346\261\202\350\247\243\345\231\250>, "/usr/lib/locale/C.utf8/LC_TELEPHONE", O_RDONLY|O_CLOEXEC) = 3</usr/lib/locale/C.utf8/LC_TELEPHONE>
1427365 openat(AT_FDCWD</tmp/kernel-audit2-v3r63b5w/\346\261\202\350\247\243\345\231\250>, "/usr/lib/locale/C.UTF-8/LC_ADDRESS", O_RDONLY|O_CLOEXEC) = -1 ENOENT (No such file or directory)
1427365 openat(AT_FDCWD</tmp/kernel-audit2-v3r63b5w/\346\261\202\350\247\243\345\231\250>, "/usr/lib/locale/C.utf8/LC_ADDRESS", O_RDONLY|O_CLOEXEC) = 3</usr/lib/locale/C.utf8/LC_ADDRESS>
1427365 openat(AT_FDCWD</tmp/kernel-audit2-v3r63b5w/\346\261\202\350\247\243\345\231\250>, "/usr/lib/locale/C.UTF-8/LC_NAME", O_RDONLY|O_CLOEXEC) = -1 ENOENT (No such file or directory)
1427365 openat(AT_FDCWD</tmp/kernel-audit2-v3r63b5w/\346\261\202\350\247\243\345\231\250>, "/usr/lib/locale/C.utf8/LC_NAME", O_RDONLY|O_CLOEXEC) = 3</usr/lib/locale/C.utf8/LC_NAME>
1427365 openat(AT_FDCWD</tmp/kernel-audit2-v3r63b5w/\346\261\202\350\247\243\345\231\250>, "/usr/lib/locale/C.UTF-8/LC_PAPER", O_RDONLY|O_CLOEXEC) = -1 ENOENT (No such file or directory)
1427365 openat(AT_FDCWD</tmp/kernel-audit2-v3r63b5w/\346\261\202\350\247\243\345\231\250>, "/usr/lib/locale/C.utf8/LC_PAPER", O_RDONLY|O_CLOEXEC) = 3</usr/lib/locale/C.utf8/LC_PAPER>
1427365 openat(AT_FDCWD</tmp/kernel-audit2-v3r63b5w/\346\261\202\350\247\243\345\231\250>, "/usr/lib/locale/C.UTF-8/LC_MESSAGES", O_RDONLY|O_CLOEXEC) = -1 ENOENT (No such file or directory)
1427365 openat(AT_FDCWD</tmp/kernel-audit2-v3r63b5w/\346\261\202\350\247\243\345\231\250>, "/usr/lib/locale/C.utf8/LC_MESSAGES", O_RDONLY|O_CLOEXEC) = 3</usr/lib/locale/C.utf8/LC_MESSAGES>
1427365 openat(AT_FDCWD</tmp/kernel-audit2-v3r63b5w/\346\261\202\350\247\243\345\231\250>, "/usr/lib/locale/C.utf8/LC_MESSAGES/SYS_LC_MESSAGES", O_RDONLY|O_CLOEXEC) = 3</usr/lib/locale/C.utf8/LC_MESSAGES/SYS_LC_MESSAGES>
1427365 openat(AT_FDCWD</tmp/kernel-audit2-v3r63b5w/\346\261\202\350\247\243\345\231\250>, "/usr/lib/locale/C.UTF-8/LC_MONETARY", O_RDONLY|O_CLOEXEC) = -1 ENOENT (No such file or directory)
1427365 openat(AT_FDCWD</tmp/kernel-audit2-v3r63b5w/\346\261\202\350\247\243\345\231\250>, "/usr/lib/locale/C.utf8/LC_MONETARY", O_RDONLY|O_CLOEXEC) = 3</usr/lib/locale/C.utf8/LC_MONETARY>
1427365 openat(AT_FDCWD</tmp/kernel-audit2-v3r63b5w/\346\261\202\350\247\243\345\231\250>, "/usr/lib/locale/C.UTF-8/LC_COLLATE", O_RDONLY|O_CLOEXEC) = -1 ENOENT (No such file or directory)
1427365 openat(AT_FDCWD</tmp/kernel-audit2-v3r63b5w/\346\261\202\350\247\243\345\231\250>, "/usr/lib/locale/C.utf8/LC_COLLATE", O_RDONLY|O_CLOEXEC) = 3</usr/lib/locale/C.utf8/LC_COLLATE>
1427365 openat(AT_FDCWD</tmp/kernel-audit2-v3r63b5w/\346\261\202\350\247\243\345\231\250>, "/usr/lib/locale/C.UTF-8/LC_TIME", O_RDONLY|O_CLOEXEC) = -1 ENOENT (No such file or directory)
1427365 openat(AT_FDCWD</tmp/kernel-audit2-v3r63b5w/\346\261\202\350\247\243\345\231\250>, "/usr/lib/locale/C.utf8/LC_TIME", O_RDONLY|O_CLOEXEC) = 3</usr/lib/locale/C.utf8/LC_TIME>
1427365 openat(AT_FDCWD</tmp/kernel-audit2-v3r63b5w/\346\261\202\350\247\243\345\231\250>, "/usr/lib/locale/C.UTF-8/LC_NUMERIC", O_RDONLY|O_CLOEXEC) = -1 ENOENT (No such file or directory)
1427365 openat(AT_FDCWD</tmp/kernel-audit2-v3r63b5w/\346\261\202\350\247\243\345\231\250>, "/usr/lib/locale/C.utf8/LC_NUMERIC", O_RDONLY|O_CLOEXEC) = 3</usr/lib/locale/C.utf8/LC_NUMERIC>
1427365 openat(AT_FDCWD</tmp/kernel-audit2-v3r63b5w/\346\261\202\350\247\243\345\231\250>, "/usr/lib/locale/C.UTF-8/LC_CTYPE", O_RDONLY|O_CLOEXEC) = -1 ENOENT (No such file or directory)
1427365 openat(AT_FDCWD</tmp/kernel-audit2-v3r63b5w/\346\261\202\350\247\243\345\231\250>, "/usr/lib/locale/C.utf8/LC_CTYPE", O_RDONLY|O_CLOEXEC) = 3</usr/lib/locale/C.utf8/LC_CTYPE>
1427365 openat(AT_FDCWD</tmp/kernel-audit2-v3r63b5w/\346\261\202\350\247\243\345\231\250>, "/tmp/kernel-audit2-v3r63b5w/\346\261\202\350\247\243\344\273\273\345\212\241.txt", O_RDONLY) = 3</tmp/kernel-audit2-v3r63b5w/\346\261\202\350\247\243\344\273\273\345\212\241.txt>
1427354 --- SIGCHLD {si_signo=SIGCHLD, si_code=CLD_EXITED, si_pid=1427365, si_uid=1000, si_status=0, si_utime=0, si_stime=0} ---
1427354 openat(AT_FDCWD</tmp/kernel-audit2-v3r63b5w/\346\261\202\350\247\243\345\231\250>, "/dev/null", O_RDONLY|O_CLOEXEC) = 3</dev/null<char 1:3>>
1427366 execve("/home/zhuran24/.codex/tmp/arg0/codex-arg0DuAZRy/sha256sum", ["sha256sum", "--", "/tmp/kernel-audit2-v3r63b5w/\346\261\202\350\247\243\347\272\246\346\235\237.txt"], 0x7ffde62c4578 /* 135 vars */) = -1 ENOENT (No such file or directory)
1427366 execve("/home/zhuran24/.cargo/bin/sha256sum", ["sha256sum", "--", "/tmp/kernel-audit2-v3r63b5w/\346\261\202\350\247\243\347\272\246\346\235\237.txt"], 0x7ffde62c4578 /* 135 vars */) = -1 ENOENT (No such file or directory)
1427366 execve("/home/zhuran24/.local/bin/sha256sum", ["sha256sum", "--", "/tmp/kernel-audit2-v3r63b5w/\346\261\202\350\247\243\347\272\246\346\235\237.txt"], 0x7ffde62c4578 /* 135 vars */) = -1 ENOENT (No such file or directory)
1427366 execve("/home/zhuran24/.opencode/bin/sha256sum", ["sha256sum", "--", "/tmp/kernel-audit2-v3r63b5w/\346\261\202\350\247\243\347\272\246\346\235\237.txt"], 0x7ffde62c4578 /* 135 vars */) = -1 ENOENT (No such file or directory)
1427366 execve("/usr/local/bin/sha256sum", ["sha256sum", "--", "/tmp/kernel-audit2-v3r63b5w/\346\261\202\350\247\243\347\272\246\346\235\237.txt"], 0x7ffde62c4578 /* 135 vars */) = -1 ENOENT (No such file or directory)
1427366 execve("/usr/bin/sha256sum", ["sha256sum", "--", "/tmp/kernel-audit2-v3r63b5w/\346\261\202\350\247\243\347\272\246\346\235\237.txt"], 0x7ffde62c4578 /* 135 vars */) = 0
1427366 openat(AT_FDCWD</tmp/kernel-audit2-v3r63b5w/\346\261\202\350\247\243\345\231\250>, "/etc/ld.so.cache", O_RDONLY|O_CLOEXEC) = 3</etc/ld.so.cache>
1427366 openat(AT_FDCWD</tmp/kernel-audit2-v3r63b5w/\346\261\202\350\247\243\345\231\250>, "/usr/lib/libcrypto.so.3", O_RDONLY|O_CLOEXEC) = 3</usr/lib/libcrypto.so.3>
1427366 openat(AT_FDCWD</tmp/kernel-audit2-v3r63b5w/\346\261\202\350\247\243\345\231\250>, "/usr/lib/libc.so.6", O_RDONLY|O_CLOEXEC) = 3</usr/lib/libc.so.6>
1427366 openat(AT_FDCWD</tmp/kernel-audit2-v3r63b5w/\346\261\202\350\247\243\345\231\250>, "/usr/lib/libz.so.1", O_RDONLY|O_CLOEXEC) = 3</usr/lib/libz.so.1.3.1.zlib-ng>
1427366 openat(AT_FDCWD</tmp/kernel-audit2-v3r63b5w/\346\261\202\350\247\243\345\231\250>, "/usr/lib/libbrotlienc.so.1", O_RDONLY|O_CLOEXEC) = 3</usr/lib/libbrotlienc.so.1.2.0>
1427366 openat(AT_FDCWD</tmp/kernel-audit2-v3r63b5w/\346\261\202\350\247\243\345\231\250>, "/usr/lib/libbrotlidec.so.1", O_RDONLY|O_CLOEXEC) = 3</usr/lib/libbrotlidec.so.1.2.0>
1427366 openat(AT_FDCWD</tmp/kernel-audit2-v3r63b5w/\346\261\202\350\247\243\345\231\250>, "/usr/lib/libzstd.so.1", O_RDONLY|O_CLOEXEC) = 3</usr/lib/libzstd.so.1.5.7>
1427366 openat(AT_FDCWD</tmp/kernel-audit2-v3r63b5w/\346\261\202\350\247\243\345\231\250>, "/usr/lib/libm.so.6", O_RDONLY|O_CLOEXEC) = 3</usr/lib/libm.so.6>
1427366 openat(AT_FDCWD</tmp/kernel-audit2-v3r63b5w/\346\261\202\350\247\243\345\231\250>, "/usr/lib/libbrotlicommon.so.1", O_RDONLY|O_CLOEXEC) = 3</usr/lib/libbrotlicommon.so.1.2.0>
1427366 openat(AT_FDCWD</tmp/kernel-audit2-v3r63b5w/\346\261\202\350\247\243\345\231\250>, "/usr/lib/locale/locale-archive", O_RDONLY|O_CLOEXEC) = 3</usr/lib/locale/locale-archive>
1427366 openat(AT_FDCWD</tmp/kernel-audit2-v3r63b5w/\346\261\202\350\247\243\345\231\250>, "/usr/share/locale/locale.alias", O_RDONLY|O_CLOEXEC) = 3</usr/share/locale/locale.alias>
1427366 openat(AT_FDCWD</tmp/kernel-audit2-v3r63b5w/\346\261\202\350\247\243\345\231\250>, "/usr/lib/locale/C.UTF-8/LC_IDENTIFICATION", O_RDONLY|O_CLOEXEC) = -1 ENOENT (No such file or directory)
1427366 openat(AT_FDCWD</tmp/kernel-audit2-v3r63b5w/\346\261\202\350\247\243\345\231\250>, "/usr/lib/locale/C.utf8/LC_IDENTIFICATION", O_RDONLY|O_CLOEXEC) = 3</usr/lib/locale/C.utf8/LC_IDENTIFICATION>
1427366 openat(AT_FDCWD</tmp/kernel-audit2-v3r63b5w/\346\261\202\350\247\243\345\231\250>, "/usr/lib/gconv/gconv-modules.cache", O_RDONLY|O_CLOEXEC) = 3</usr/lib/gconv/gconv-modules.cache>
1427366 openat(AT_FDCWD</tmp/kernel-audit2-v3r63b5w/\346\261\202\350\247\243\345\231\250>, "/usr/lib/locale/C.UTF-8/LC_MEASUREMENT", O_RDONLY|O_CLOEXEC) = -1 ENOENT (No such file or directory)
1427366 openat(AT_FDCWD</tmp/kernel-audit2-v3r63b5w/\346\261\202\350\247\243\345\231\250>, "/usr/lib/locale/C.utf8/LC_MEASUREMENT", O_RDONLY|O_CLOEXEC) = 3</usr/lib/locale/C.utf8/LC_MEASUREMENT>
1427366 openat(AT_FDCWD</tmp/kernel-audit2-v3r63b5w/\346\261\202\350\247\243\345\231\250>, "/usr/lib/locale/C.UTF-8/LC_TELEPHONE", O_RDONLY|O_CLOEXEC) = -1 ENOENT (No such file or directory)
1427366 openat(AT_FDCWD</tmp/kernel-audit2-v3r63b5w/\346\261\202\350\247\243\345\231\250>, "/usr/lib/locale/C.utf8/LC_TELEPHONE", O_RDONLY|O_CLOEXEC) = 3</usr/lib/locale/C.utf8/LC_TELEPHONE>
1427366 openat(AT_FDCWD</tmp/kernel-audit2-v3r63b5w/\346\261\202\350\247\243\345\231\250>, "/usr/lib/locale/C.UTF-8/LC_ADDRESS", O_RDONLY|O_CLOEXEC) = -1 ENOENT (No such file or directory)
1427366 openat(AT_FDCWD</tmp/kernel-audit2-v3r63b5w/\346\261\202\350\247\243\345\231\250>, "/usr/lib/locale/C.utf8/LC_ADDRESS", O_RDONLY|O_CLOEXEC) = 3</usr/lib/locale/C.utf8/LC_ADDRESS>
1427366 openat(AT_FDCWD</tmp/kernel-audit2-v3r63b5w/\346\261\202\350\247\243\345\231\250>, "/usr/lib/locale/C.UTF-8/LC_NAME", O_RDONLY|O_CLOEXEC) = -1 ENOENT (No such file or directory)
1427366 openat(AT_FDCWD</tmp/kernel-audit2-v3r63b5w/\346\261\202\350\247\243\345\231\250>, "/usr/lib/locale/C.utf8/LC_NAME", O_RDONLY|O_CLOEXEC) = 3</usr/lib/locale/C.utf8/LC_NAME>
1427366 openat(AT_FDCWD</tmp/kernel-audit2-v3r63b5w/\346\261\202\350\247\243\345\231\250>, "/usr/lib/locale/C.UTF-8/LC_PAPER", O_RDONLY|O_CLOEXEC) = -1 ENOENT (No such file or directory)
1427366 openat(AT_FDCWD</tmp/kernel-audit2-v3r63b5w/\346\261\202\350\247\243\345\231\250>, "/usr/lib/locale/C.utf8/LC_PAPER", O_RDONLY|O_CLOEXEC) = 3</usr/lib/locale/C.utf8/LC_PAPER>
1427366 openat(AT_FDCWD</tmp/kernel-audit2-v3r63b5w/\346\261\202\350\247\243\345\231\250>, "/usr/lib/locale/C.UTF-8/LC_MESSAGES", O_RDONLY|O_CLOEXEC) = -1 ENOENT (No such file or directory)
1427366 openat(AT_FDCWD</tmp/kernel-audit2-v3r63b5w/\346\261\202\350\247\243\345\231\250>, "/usr/lib/locale/C.utf8/LC_MESSAGES", O_RDONLY|O_CLOEXEC) = 3</usr/lib/locale/C.utf8/LC_MESSAGES>
1427366 openat(AT_FDCWD</tmp/kernel-audit2-v3r63b5w/\346\261\202\350\247\243\345\231\250>, "/usr/lib/locale/C.utf8/LC_MESSAGES/SYS_LC_MESSAGES", O_RDONLY|O_CLOEXEC) = 3</usr/lib/locale/C.utf8/LC_MESSAGES/SYS_LC_MESSAGES>
1427366 openat(AT_FDCWD</tmp/kernel-audit2-v3r63b5w/\346\261\202\350\247\243\345\231\250>, "/usr/lib/locale/C.UTF-8/LC_MONETARY", O_RDONLY|O_CLOEXEC) = -1 ENOENT (No such file or directory)
1427366 openat(AT_FDCWD</tmp/kernel-audit2-v3r63b5w/\346\261\202\350\247\243\345\231\250>, "/usr/lib/locale/C.utf8/LC_MONETARY", O_RDONLY|O_CLOEXEC) = 3</usr/lib/locale/C.utf8/LC_MONETARY>
1427366 openat(AT_FDCWD</tmp/kernel-audit2-v3r63b5w/\346\261\202\350\247\243\345\231\250>, "/usr/lib/locale/C.UTF-8/LC_COLLATE", O_RDONLY|O_CLOEXEC) = -1 ENOENT (No such file or directory)
1427366 openat(AT_FDCWD</tmp/kernel-audit2-v3r63b5w/\346\261\202\350\247\243\345\231\250>, "/usr/lib/locale/C.utf8/LC_COLLATE", O_RDONLY|O_CLOEXEC) = 3</usr/lib/locale/C.utf8/LC_COLLATE>
1427366 openat(AT_FDCWD</tmp/kernel-audit2-v3r63b5w/\346\261\202\350\247\243\345\231\250>, "/usr/lib/locale/C.UTF-8/LC_TIME", O_RDONLY|O_CLOEXEC) = -1 ENOENT (No such file or directory)
1427366 openat(AT_FDCWD</tmp/kernel-audit2-v3r63b5w/\346\261\202\350\247\243\345\231\250>, "/usr/lib/locale/C.utf8/LC_TIME", O_RDONLY|O_CLOEXEC) = 3</usr/lib/locale/C.utf8/LC_TIME>
1427366 openat(AT_FDCWD</tmp/kernel-audit2-v3r63b5w/\346\261\202\350\247\243\345\231\250>, "/usr/lib/locale/C.UTF-8/LC_NUMERIC", O_RDONLY|O_CLOEXEC) = -1 ENOENT (No such file or directory)
1427366 openat(AT_FDCWD</tmp/kernel-audit2-v3r63b5w/\346\261\202\350\247\243\345\231\250>, "/usr/lib/locale/C.utf8/LC_NUMERIC", O_RDONLY|O_CLOEXEC) = 3</usr/lib/locale/C.utf8/LC_NUMERIC>
1427366 openat(AT_FDCWD</tmp/kernel-audit2-v3r63b5w/\346\261\202\350\247\243\345\231\250>, "/usr/lib/locale/C.UTF-8/LC_CTYPE", O_RDONLY|O_CLOEXEC) = -1 ENOENT (No such file or directory)
1427366 openat(AT_FDCWD</tmp/kernel-audit2-v3r63b5w/\346\261\202\350\247\243\345\231\250>, "/usr/lib/locale/C.utf8/LC_CTYPE", O_RDONLY|O_CLOEXEC) = 3</usr/lib/locale/C.utf8/LC_CTYPE>
1427366 openat(AT_FDCWD</tmp/kernel-audit2-v3r63b5w/\346\261\202\350\247\243\345\231\250>, "/tmp/kernel-audit2-v3r63b5w/\346\261\202\350\247\243\347\272\246\346\235\237.txt", O_RDONLY) = 3</tmp/kernel-audit2-v3r63b5w/\346\261\202\350\247\243\347\272\246\346\235\237.txt>
1427354 --- SIGCHLD {si_signo=SIGCHLD, si_code=CLD_EXITED, si_pid=1427366, si_uid=1000, si_status=0, si_utime=0, si_stime=0} ---
1427354 openat(AT_FDCWD</tmp/kernel-audit2-v3r63b5w/\346\261\202\350\247\243\345\231\250>, "/dev/null", O_RDONLY|O_CLOEXEC) = 3</dev/null<char 1:3>>
1427367 execve("/home/zhuran24/.codex/tmp/arg0/codex-arg0DuAZRy/sha256sum", ["sha256sum", "--", "/tmp/kernel-audit2-v3r63b5w/\346\261\202\350\247\243\345\231\250/\350\247\204\346\240\274/\351\200\211\346\213\251\347\202\271\345\217\202\346\225\260\350\275\264.md"], 0x7ffde62c4578 /* 135 vars */) = -1 ENOENT (No such file or directory)
1427367 execve("/home/zhuran24/.cargo/bin/sha256sum", ["sha256sum", "--", "/tmp/kernel-audit2-v3r63b5w/\346\261\202\350\247\243\345\231\250/\350\247\204\346\240\274/\351\200\211\346\213\251\347\202\271\345\217\202\346\225\260\350\275\264.md"], 0x7ffde62c4578 /* 135 vars */) = -1 ENOENT (No such file or directory)
1427367 execve("/home/zhuran24/.local/bin/sha256sum", ["sha256sum", "--", "/tmp/kernel-audit2-v3r63b5w/\346\261\202\350\247\243\345\231\250/\350\247\204\346\240\274/\351\200\211\346\213\251\347\202\271\345\217\202\346\225\260\350\275\264.md"], 0x7ffde62c4578 /* 135 vars */) = -1 ENOENT (No such file or directory)
1427367 execve("/home/zhuran24/.opencode/bin/sha256sum", ["sha256sum", "--", "/tmp/kernel-audit2-v3r63b5w/\346\261\202\350\247\243\345\231\250/\350\247\204\346\240\274/\351\200\211\346\213\251\347\202\271\345\217\202\346\225\260\350\275\264.md"], 0x7ffde62c4578 /* 135 vars */) = -1 ENOENT (No such file or directory)
1427367 execve("/usr/local/bin/sha256sum", ["sha256sum", "--", "/tmp/kernel-audit2-v3r63b5w/\346\261\202\350\247\243\345\231\250/\350\247\204\346\240\274/\351\200\211\346\213\251\347\202\271\345\217\202\346\225\260\350\275\264.md"], 0x7ffde62c4578 /* 135 vars */) = -1 ENOENT (No such file or directory)
1427367 execve("/usr/bin/sha256sum", ["sha256sum", "--", "/tmp/kernel-audit2-v3r63b5w/\346\261\202\350\247\243\345\231\250/\350\247\204\346\240\274/\351\200\211\346\213\251\347\202\271\345\217\202\346\225\260\350\275\264.md"], 0x7ffde62c4578 /* 135 vars */) = 0
1427367 openat(AT_FDCWD</tmp/kernel-audit2-v3r63b5w/\346\261\202\350\247\243\345\231\250>, "/etc/ld.so.cache", O_RDONLY|O_CLOEXEC) = 3</etc/ld.so.cache>
1427367 openat(AT_FDCWD</tmp/kernel-audit2-v3r63b5w/\346\261\202\350\247\243\345\231\250>, "/usr/lib/libcrypto.so.3", O_RDONLY|O_CLOEXEC) = 3</usr/lib/libcrypto.so.3>
1427367 openat(AT_FDCWD</tmp/kernel-audit2-v3r63b5w/\346\261\202\350\247\243\345\231\250>, "/usr/lib/libc.so.6", O_RDONLY|O_CLOEXEC) = 3</usr/lib/libc.so.6>
1427367 openat(AT_FDCWD</tmp/kernel-audit2-v3r63b5w/\346\261\202\350\247\243\345\231\250>, "/usr/lib/libz.so.1", O_RDONLY|O_CLOEXEC) = 3</usr/lib/libz.so.1.3.1.zlib-ng>
1427367 openat(AT_FDCWD</tmp/kernel-audit2-v3r63b5w/\346\261\202\350\247\243\345\231\250>, "/usr/lib/libbrotlienc.so.1", O_RDONLY|O_CLOEXEC) = 3</usr/lib/libbrotlienc.so.1.2.0>
1427367 openat(AT_FDCWD</tmp/kernel-audit2-v3r63b5w/\346\261\202\350\247\243\345\231\250>, "/usr/lib/libbrotlidec.so.1", O_RDONLY|O_CLOEXEC) = 3</usr/lib/libbrotlidec.so.1.2.0>
1427367 openat(AT_FDCWD</tmp/kernel-audit2-v3r63b5w/\346\261\202\350\247\243\345\231\250>, "/usr/lib/libzstd.so.1", O_RDONLY|O_CLOEXEC) = 3</usr/lib/libzstd.so.1.5.7>
1427367 openat(AT_FDCWD</tmp/kernel-audit2-v3r63b5w/\346\261\202\350\247\243\345\231\250>, "/usr/lib/libm.so.6", O_RDONLY|O_CLOEXEC) = 3</usr/lib/libm.so.6>
1427367 openat(AT_FDCWD</tmp/kernel-audit2-v3r63b5w/\346\261\202\350\247\243\345\231\250>, "/usr/lib/libbrotlicommon.so.1", O_RDONLY|O_CLOEXEC) = 3</usr/lib/libbrotlicommon.so.1.2.0>
1427367 openat(AT_FDCWD</tmp/kernel-audit2-v3r63b5w/\346\261\202\350\247\243\345\231\250>, "/usr/lib/locale/locale-archive", O_RDONLY|O_CLOEXEC) = 3</usr/lib/locale/locale-archive>
1427367 openat(AT_FDCWD</tmp/kernel-audit2-v3r63b5w/\346\261\202\350\247\243\345\231\250>, "/usr/share/locale/locale.alias", O_RDONLY|O_CLOEXEC) = 3</usr/share/locale/locale.alias>
1427367 openat(AT_FDCWD</tmp/kernel-audit2-v3r63b5w/\346\261\202\350\247\243\345\231\250>, "/usr/lib/locale/C.UTF-8/LC_IDENTIFICATION", O_RDONLY|O_CLOEXEC) = -1 ENOENT (No such file or directory)
1427367 openat(AT_FDCWD</tmp/kernel-audit2-v3r63b5w/\346\261\202\350\247\243\345\231\250>, "/usr/lib/locale/C.utf8/LC_IDENTIFICATION", O_RDONLY|O_CLOEXEC) = 3</usr/lib/locale/C.utf8/LC_IDENTIFICATION>
1427367 openat(AT_FDCWD</tmp/kernel-audit2-v3r63b5w/\346\261\202\350\247\243\345\231\250>, "/usr/lib/gconv/gconv-modules.cache", O_RDONLY|O_CLOEXEC) = 3</usr/lib/gconv/gconv-modules.cache>
1427367 openat(AT_FDCWD</tmp/kernel-audit2-v3r63b5w/\346\261\202\350\247\243\345\231\250>, "/usr/lib/locale/C.UTF-8/LC_MEASUREMENT", O_RDONLY|O_CLOEXEC) = -1 ENOENT (No such file or directory)
1427367 openat(AT_FDCWD</tmp/kernel-audit2-v3r63b5w/\346\261\202\350\247\243\345\231\250>, "/usr/lib/locale/C.utf8/LC_MEASUREMENT", O_RDONLY|O_CLOEXEC) = 3</usr/lib/locale/C.utf8/LC_MEASUREMENT>
1427367 openat(AT_FDCWD</tmp/kernel-audit2-v3r63b5w/\346\261\202\350\247\243\345\231\250>, "/usr/lib/locale/C.UTF-8/LC_TELEPHONE", O_RDONLY|O_CLOEXEC) = -1 ENOENT (No such file or directory)
1427367 openat(AT_FDCWD</tmp/kernel-audit2-v3r63b5w/\346\261\202\350\247\243\345\231\250>, "/usr/lib/locale/C.utf8/LC_TELEPHONE", O_RDONLY|O_CLOEXEC) = 3</usr/lib/locale/C.utf8/LC_TELEPHONE>
1427367 openat(AT_FDCWD</tmp/kernel-audit2-v3r63b5w/\346\261\202\350\247\243\345\231\250>, "/usr/lib/locale/C.UTF-8/LC_ADDRESS", O_RDONLY|O_CLOEXEC) = -1 ENOENT (No such file or directory)
1427367 openat(AT_FDCWD</tmp/kernel-audit2-v3r63b5w/\346\261\202\350\247\243\345\231\250>, "/usr/lib/locale/C.utf8/LC_ADDRESS", O_RDONLY|O_CLOEXEC) = 3</usr/lib/locale/C.utf8/LC_ADDRESS>
1427367 openat(AT_FDCWD</tmp/kernel-audit2-v3r63b5w/\346\261\202\350\247\243\345\231\250>, "/usr/lib/locale/C.UTF-8/LC_NAME", O_RDONLY|O_CLOEXEC) = -1 ENOENT (No such file or directory)
1427367 openat(AT_FDCWD</tmp/kernel-audit2-v3r63b5w/\346\261\202\350\247\243\345\231\250>, "/usr/lib/locale/C.utf8/LC_NAME", O_RDONLY|O_CLOEXEC) = 3</usr/lib/locale/C.utf8/LC_NAME>
1427367 openat(AT_FDCWD</tmp/kernel-audit2-v3r63b5w/\346\261\202\350\247\243\345\231\250>, "/usr/lib/locale/C.UTF-8/LC_PAPER", O_RDONLY|O_CLOEXEC) = -1 ENOENT (No such file or directory)
1427367 openat(AT_FDCWD</tmp/kernel-audit2-v3r63b5w/\346\261\202\350\247\243\345\231\250>, "/usr/lib/locale/C.utf8/LC_PAPER", O_RDONLY|O_CLOEXEC) = 3</usr/lib/locale/C.utf8/LC_PAPER>
1427367 openat(AT_FDCWD</tmp/kernel-audit2-v3r63b5w/\346\261\202\350\247\243\345\231\250>, "/usr/lib/locale/C.UTF-8/LC_MESSAGES", O_RDONLY|O_CLOEXEC) = -1 ENOENT (No such file or directory)
1427367 openat(AT_FDCWD</tmp/kernel-audit2-v3r63b5w/\346\261\202\350\247\243\345\231\250>, "/usr/lib/locale/C.utf8/LC_MESSAGES", O_RDONLY|O_CLOEXEC) = 3</usr/lib/locale/C.utf8/LC_MESSAGES>
1427367 openat(AT_FDCWD</tmp/kernel-audit2-v3r63b5w/\346\261\202\350\247\243\345\231\250>, "/usr/lib/locale/C.utf8/LC_MESSAGES/SYS_LC_MESSAGES", O_RDONLY|O_CLOEXEC) = 3</usr/lib/locale/C.utf8/LC_MESSAGES/SYS_LC_MESSAGES>
1427367 openat(AT_FDCWD</tmp/kernel-audit2-v3r63b5w/\346\261\202\350\247\243\345\231\250>, "/usr/lib/locale/C.UTF-8/LC_MONETARY", O_RDONLY|O_CLOEXEC) = -1 ENOENT (No such file or directory)
1427367 openat(AT_FDCWD</tmp/kernel-audit2-v3r63b5w/\346\261\202\350\247\243\345\231\250>, "/usr/lib/locale/C.utf8/LC_MONETARY", O_RDONLY|O_CLOEXEC) = 3</usr/lib/locale/C.utf8/LC_MONETARY>
1427367 openat(AT_FDCWD</tmp/kernel-audit2-v3r63b5w/\346\261\202\350\247\243\345\231\250>, "/usr/lib/locale/C.UTF-8/LC_COLLATE", O_RDONLY|O_CLOEXEC) = -1 ENOENT (No such file or directory)
1427367 openat(AT_FDCWD</tmp/kernel-audit2-v3r63b5w/\346\261\202\350\247\243\345\231\250>, "/usr/lib/locale/C.utf8/LC_COLLATE", O_RDONLY|O_CLOEXEC) = 3</usr/lib/locale/C.utf8/LC_COLLATE>
1427367 openat(AT_FDCWD</tmp/kernel-audit2-v3r63b5w/\346\261\202\350\247\243\345\231\250>, "/usr/lib/locale/C.UTF-8/LC_TIME", O_RDONLY|O_CLOEXEC) = -1 ENOENT (No such file or directory)
1427367 openat(AT_FDCWD</tmp/kernel-audit2-v3r63b5w/\346\261\202\350\247\243\345\231\250>, "/usr/lib/locale/C.utf8/LC_TIME", O_RDONLY|O_CLOEXEC) = 3</usr/lib/locale/C.utf8/LC_TIME>
1427367 openat(AT_FDCWD</tmp/kernel-audit2-v3r63b5w/\346\261\202\350\247\243\345\231\250>, "/usr/lib/locale/C.UTF-8/LC_NUMERIC", O_RDONLY|O_CLOEXEC) = -1 ENOENT (No such file or directory)
1427367 openat(AT_FDCWD</tmp/kernel-audit2-v3r63b5w/\346\261\202\350\247\243\345\231\250>, "/usr/lib/locale/C.utf8/LC_NUMERIC", O_RDONLY|O_CLOEXEC) = 3</usr/lib/locale/C.utf8/LC_NUMERIC>
1427367 openat(AT_FDCWD</tmp/kernel-audit2-v3r63b5w/\346\261\202\350\247\243\345\231\250>, "/usr/lib/locale/C.UTF-8/LC_CTYPE", O_RDONLY|O_CLOEXEC) = -1 ENOENT (No such file or directory)
1427367 openat(AT_FDCWD</tmp/kernel-audit2-v3r63b5w/\346\261\202\350\247\243\345\231\250>, "/usr/lib/locale/C.utf8/LC_CTYPE", O_RDONLY|O_CLOEXEC) = 3</usr/lib/locale/C.utf8/LC_CTYPE>
1427367 openat(AT_FDCWD</tmp/kernel-audit2-v3r63b5w/\346\261\202\350\247\243\345\231\250>, "/tmp/kernel-audit2-v3r63b5w/\346\261\202\350\247\243\345\231\250/\350\247\204\346\240\274/\351\200\211\346\213\251\347\202\271\345\217\202\346\225\260\350\275\264.md", O_RDONLY) = 3</tmp/kernel-audit2-v3r63b5w/\346\261\202\350\247\243\345\231\250/\350\247\204\346\240\274/\351\200\211\346\213\251\347\202\271\345\217\202\346\225\260\350\275\264.md>
1427354 --- SIGCHLD {si_signo=SIGCHLD, si_code=CLD_EXITED, si_pid=1427367, si_uid=1000, si_status=0, si_utime=0, si_stime=0} ---
1427354 openat(AT_FDCWD</tmp/kernel-audit2-v3r63b5w/\346\261\202\350\247\243\345\231\250>, "/dev/null", O_RDONLY|O_CLOEXEC) = 3</dev/null<char 1:3>>
1427368 execve("/home/zhuran24/.codex/tmp/arg0/codex-arg0DuAZRy/sha256sum", ["sha256sum", "--", "/tmp/kernel-audit2-v3r63b5w/\346\261\202\350\247\243\345\231\250/\350\247\204\346\240\274/\345\217\227\351\231\220\346\250\241\345\236\213\345\243\260\346\230\216.md"], 0x7ffde62c4578 /* 135 vars */) = -1 ENOENT (No such file or directory)
1427368 execve("/home/zhuran24/.cargo/bin/sha256sum", ["sha256sum", "--", "/tmp/kernel-audit2-v3r63b5w/\346\261\202\350\247\243\345\231\250/\350\247\204\346\240\274/\345\217\227\351\231\220\346\250\241\345\236\213\345\243\260\346\230\216.md"], 0x7ffde62c4578 /* 135 vars */) = -1 ENOENT (No such file or directory)
1427368 execve("/home/zhuran24/.local/bin/sha256sum", ["sha256sum", "--", "/tmp/kernel-audit2-v3r63b5w/\346\261\202\350\247\243\345\231\250/\350\247\204\346\240\274/\345\217\227\351\231\220\346\250\241\345\236\213\345\243\260\346\230\216.md"], 0x7ffde62c4578 /* 135 vars */) = -1 ENOENT (No such file or directory)
1427368 execve("/home/zhuran24/.opencode/bin/sha256sum", ["sha256sum", "--", "/tmp/kernel-audit2-v3r63b5w/\346\261\202\350\247\243\345\231\250/\350\247\204\346\240\274/\345\217\227\351\231\220\346\250\241\345\236\213\345\243\260\346\230\216.md"], 0x7ffde62c4578 /* 135 vars */) = -1 ENOENT (No such file or directory)
1427368 execve("/usr/local/bin/sha256sum", ["sha256sum", "--", "/tmp/kernel-audit2-v3r63b5w/\346\261\202\350\247\243\345\231\250/\350\247\204\346\240\274/\345\217\227\351\231\220\346\250\241\345\236\213\345\243\260\346\230\216.md"], 0x7ffde62c4578 /* 135 vars */) = -1 ENOENT (No such file or directory)
1427368 execve("/usr/bin/sha256sum", ["sha256sum", "--", "/tmp/kernel-audit2-v3r63b5w/\346\261\202\350\247\243\345\231\250/\350\247\204\346\240\274/\345\217\227\351\231\220\346\250\241\345\236\213\345\243\260\346\230\216.md"], 0x7ffde62c4578 /* 135 vars */) = 0
1427368 openat(AT_FDCWD</tmp/kernel-audit2-v3r63b5w/\346\261\202\350\247\243\345\231\250>, "/etc/ld.so.cache", O_RDONLY|O_CLOEXEC) = 3</etc/ld.so.cache>
1427368 openat(AT_FDCWD</tmp/kernel-audit2-v3r63b5w/\346\261\202\350\247\243\345\231\250>, "/usr/lib/libcrypto.so.3", O_RDONLY|O_CLOEXEC) = 3</usr/lib/libcrypto.so.3>
1427368 openat(AT_FDCWD</tmp/kernel-audit2-v3r63b5w/\346\261\202\350\247\243\345\231\250>, "/usr/lib/libc.so.6", O_RDONLY|O_CLOEXEC) = 3</usr/lib/libc.so.6>
1427368 openat(AT_FDCWD</tmp/kernel-audit2-v3r63b5w/\346\261\202\350\247\243\345\231\250>, "/usr/lib/libz.so.1", O_RDONLY|O_CLOEXEC) = 3</usr/lib/libz.so.1.3.1.zlib-ng>
1427368 openat(AT_FDCWD</tmp/kernel-audit2-v3r63b5w/\346\261\202\350\247\243\345\231\250>, "/usr/lib/libbrotlienc.so.1", O_RDONLY|O_CLOEXEC) = 3</usr/lib/libbrotlienc.so.1.2.0>
1427368 openat(AT_FDCWD</tmp/kernel-audit2-v3r63b5w/\346\261\202\350\247\243\345\231\250>, "/usr/lib/libbrotlidec.so.1", O_RDONLY|O_CLOEXEC) = 3</usr/lib/libbrotlidec.so.1.2.0>
1427368 openat(AT_FDCWD</tmp/kernel-audit2-v3r63b5w/\346\261\202\350\247\243\345\231\250>, "/usr/lib/libzstd.so.1", O_RDONLY|O_CLOEXEC) = 3</usr/lib/libzstd.so.1.5.7>
1427368 openat(AT_FDCWD</tmp/kernel-audit2-v3r63b5w/\346\261\202\350\247\243\345\231\250>, "/usr/lib/libm.so.6", O_RDONLY|O_CLOEXEC) = 3</usr/lib/libm.so.6>
1427368 openat(AT_FDCWD</tmp/kernel-audit2-v3r63b5w/\346\261\202\350\247\243\345\231\250>, "/usr/lib/libbrotlicommon.so.1", O_RDONLY|O_CLOEXEC) = 3</usr/lib/libbrotlicommon.so.1.2.0>
1427368 openat(AT_FDCWD</tmp/kernel-audit2-v3r63b5w/\346\261\202\350\247\243\345\231\250>, "/usr/lib/locale/locale-archive", O_RDONLY|O_CLOEXEC) = 3</usr/lib/locale/locale-archive>
1427368 openat(AT_FDCWD</tmp/kernel-audit2-v3r63b5w/\346\261\202\350\247\243\345\231\250>, "/usr/share/locale/locale.alias", O_RDONLY|O_CLOEXEC) = 3</usr/share/locale/locale.alias>
1427368 openat(AT_FDCWD</tmp/kernel-audit2-v3r63b5w/\346\261\202\350\247\243\345\231\250>, "/usr/lib/locale/C.UTF-8/LC_IDENTIFICATION", O_RDONLY|O_CLOEXEC) = -1 ENOENT (No such file or directory)
1427368 openat(AT_FDCWD</tmp/kernel-audit2-v3r63b5w/\346\261\202\350\247\243\345\231\250>, "/usr/lib/locale/C.utf8/LC_IDENTIFICATION", O_RDONLY|O_CLOEXEC) = 3</usr/lib/locale/C.utf8/LC_IDENTIFICATION>
1427368 openat(AT_FDCWD</tmp/kernel-audit2-v3r63b5w/\346\261\202\350\247\243\345\231\250>, "/usr/lib/gconv/gconv-modules.cache", O_RDONLY|O_CLOEXEC) = 3</usr/lib/gconv/gconv-modules.cache>
1427368 openat(AT_FDCWD</tmp/kernel-audit2-v3r63b5w/\346\261\202\350\247\243\345\231\250>, "/usr/lib/locale/C.UTF-8/LC_MEASUREMENT", O_RDONLY|O_CLOEXEC) = -1 ENOENT (No such file or directory)
1427368 openat(AT_FDCWD</tmp/kernel-audit2-v3r63b5w/\346\261\202\350\247\243\345\231\250>, "/usr/lib/locale/C.utf8/LC_MEASUREMENT", O_RDONLY|O_CLOEXEC) = 3</usr/lib/locale/C.utf8/LC_MEASUREMENT>
1427368 openat(AT_FDCWD</tmp/kernel-audit2-v3r63b5w/\346\261\202\350\247\243\345\231\250>, "/usr/lib/locale/C.UTF-8/LC_TELEPHONE", O_RDONLY|O_CLOEXEC) = -1 ENOENT (No such file or directory)
1427368 openat(AT_FDCWD</tmp/kernel-audit2-v3r63b5w/\346\261\202\350\247\243\345\231\250>, "/usr/lib/locale/C.utf8/LC_TELEPHONE", O_RDONLY|O_CLOEXEC) = 3</usr/lib/locale/C.utf8/LC_TELEPHONE>
1427368 openat(AT_FDCWD</tmp/kernel-audit2-v3r63b5w/\346\261\202\350\247\243\345\231\250>, "/usr/lib/locale/C.UTF-8/LC_ADDRESS", O_RDONLY|O_CLOEXEC) = -1 ENOENT (No such file or directory)
1427368 openat(AT_FDCWD</tmp/kernel-audit2-v3r63b5w/\346\261\202\350\247\243\345\231\250>, "/usr/lib/locale/C.utf8/LC_ADDRESS", O_RDONLY|O_CLOEXEC) = 3</usr/lib/locale/C.utf8/LC_ADDRESS>
1427368 openat(AT_FDCWD</tmp/kernel-audit2-v3r63b5w/\346\261\202\350\247\243\345\231\250>, "/usr/lib/locale/C.UTF-8/LC_NAME", O_RDONLY|O_CLOEXEC) = -1 ENOENT (No such file or directory)
1427368 openat(AT_FDCWD</tmp/kernel-audit2-v3r63b5w/\346\261\202\350\247\243\345\231\250>, "/usr/lib/locale/C.utf8/LC_NAME", O_RDONLY|O_CLOEXEC) = 3</usr/lib/locale/C.utf8/LC_NAME>
1427368 openat(AT_FDCWD</tmp/kernel-audit2-v3r63b5w/\346\261\202\350\247\243\345\231\250>, "/usr/lib/locale/C.UTF-8/LC_PAPER", O_RDONLY|O_CLOEXEC) = -1 ENOENT (No such file or directory)
1427368 openat(AT_FDCWD</tmp/kernel-audit2-v3r63b5w/\346\261\202\350\247\243\345\231\250>, "/usr/lib/locale/C.utf8/LC_PAPER", O_RDONLY|O_CLOEXEC) = 3</usr/lib/locale/C.utf8/LC_PAPER>
1427368 openat(AT_FDCWD</tmp/kernel-audit2-v3r63b5w/\346\261\202\350\247\243\345\231\250>, "/usr/lib/locale/C.UTF-8/LC_MESSAGES", O_RDONLY|O_CLOEXEC) = -1 ENOENT (No such file or directory)
1427368 openat(AT_FDCWD</tmp/kernel-audit2-v3r63b5w/\346\261\202\350\247\243\345\231\250>, "/usr/lib/locale/C.utf8/LC_MESSAGES", O_RDONLY|O_CLOEXEC) = 3</usr/lib/locale/C.utf8/LC_MESSAGES>
1427368 openat(AT_FDCWD</tmp/kernel-audit2-v3r63b5w/\346\261\202\350\247\243\345\231\250>, "/usr/lib/locale/C.utf8/LC_MESSAGES/SYS_LC_MESSAGES", O_RDONLY|O_CLOEXEC) = 3</usr/lib/locale/C.utf8/LC_MESSAGES/SYS_LC_MESSAGES>
1427368 openat(AT_FDCWD</tmp/kernel-audit2-v3r63b5w/\346\261\202\350\247\243\345\231\250>, "/usr/lib/locale/C.UTF-8/LC_MONETARY", O_RDONLY|O_CLOEXEC) = -1 ENOENT (No such file or directory)
1427368 openat(AT_FDCWD</tmp/kernel-audit2-v3r63b5w/\346\261\202\350\247\243\345\231\250>, "/usr/lib/locale/C.utf8/LC_MONETARY", O_RDONLY|O_CLOEXEC) = 3</usr/lib/locale/C.utf8/LC_MONETARY>
1427368 openat(AT_FDCWD</tmp/kernel-audit2-v3r63b5w/\346\261\202\350\247\243\345\231\250>, "/usr/lib/locale/C.UTF-8/LC_COLLATE", O_RDONLY|O_CLOEXEC) = -1 ENOENT (No such file or directory)
1427368 openat(AT_FDCWD</tmp/kernel-audit2-v3r63b5w/\346\261\202\350\247\243\345\231\250>, "/usr/lib/locale/C.utf8/LC_COLLATE", O_RDONLY|O_CLOEXEC) = 3</usr/lib/locale/C.utf8/LC_COLLATE>
1427368 openat(AT_FDCWD</tmp/kernel-audit2-v3r63b5w/\346\261\202\350\247\243\345\231\250>, "/usr/lib/locale/C.UTF-8/LC_TIME", O_RDONLY|O_CLOEXEC) = -1 ENOENT (No such file or directory)
1427368 openat(AT_FDCWD</tmp/kernel-audit2-v3r63b5w/\346\261\202\350\247\243\345\231\250>, "/usr/lib/locale/C.utf8/LC_TIME", O_RDONLY|O_CLOEXEC) = 3</usr/lib/locale/C.utf8/LC_TIME>
1427368 openat(AT_FDCWD</tmp/kernel-audit2-v3r63b5w/\346\261\202\350\247\243\345\231\250>, "/usr/lib/locale/C.UTF-8/LC_NUMERIC", O_RDONLY|O_CLOEXEC) = -1 ENOENT (No such file or directory)
1427368 openat(AT_FDCWD</tmp/kernel-audit2-v3r63b5w/\346\261\202\350\247\243\345\231\250>, "/usr/lib/locale/C.utf8/LC_NUMERIC", O_RDONLY|O_CLOEXEC) = 3</usr/lib/locale/C.utf8/LC_NUMERIC>
1427368 openat(AT_FDCWD</tmp/kernel-audit2-v3r63b5w/\346\261\202\350\247\243\345\231\250>, "/usr/lib/locale/C.UTF-8/LC_CTYPE", O_RDONLY|O_CLOEXEC) = -1 ENOENT (No such file or directory)
1427368 openat(AT_FDCWD</tmp/kernel-audit2-v3r63b5w/\346\261\202\350\247\243\345\231\250>, "/usr/lib/locale/C.utf8/LC_CTYPE", O_RDONLY|O_CLOEXEC) = 3</usr/lib/locale/C.utf8/LC_CTYPE>
1427368 openat(AT_FDCWD</tmp/kernel-audit2-v3r63b5w/\346\261\202\350\247\243\345\231\250>, "/tmp/kernel-audit2-v3r63b5w/\346\261\202\350\247\243\345\231\250/\350\247\204\346\240\274/\345\217\227\351\231\220\346\250\241\345\236\213\345\243\260\346\230\216.md", O_RDONLY) = 3</tmp/kernel-audit2-v3r63b5w/\346\261\202\350\247\243\345\231\250/\350\247\204\346\240\274/\345\217\227\351\231\220\346\250\241\345\236\213\345\243\260\346\230\216.md>
1427354 --- SIGCHLD {si_signo=SIGCHLD, si_code=CLD_EXITED, si_pid=1427368, si_uid=1000, si_status=0, si_utime=0, si_stime=0} ---
1427354 openat(AT_FDCWD</tmp/kernel-audit2-v3r63b5w/\346\261\202\350\247\243\345\231\250>, "/dev/null", O_RDONLY|O_CLOEXEC) = 3</dev/null<char 1:3>>
1427369 execve("/home/zhuran24/.codex/tmp/arg0/codex-arg0DuAZRy/sha256sum", ["sha256sum", "--", "/tmp/kernel-audit2-v3r63b5w/\346\261\202\350\247\243\345\231\250/\350\247\204\346\240\274/\345\217\227\351\231\220\350\275\254\347\247\273\345\256\232\344\271\211.md"], 0x7ffde62c4578 /* 135 vars */) = -1 ENOENT (No such file or directory)
1427369 execve("/home/zhuran24/.cargo/bin/sha256sum", ["sha256sum", "--", "/tmp/kernel-audit2-v3r63b5w/\346\261\202\350\247\243\345\231\250/\350\247\204\346\240\274/\345\217\227\351\231\220\350\275\254\347\247\273\345\256\232\344\271\211.md"], 0x7ffde62c4578 /* 135 vars */) = -1 ENOENT (No such file or directory)
1427369 execve("/home/zhuran24/.local/bin/sha256sum", ["sha256sum", "--", "/tmp/kernel-audit2-v3r63b5w/\346\261\202\350\247\243\345\231\250/\350\247\204\346\240\274/\345\217\227\351\231\220\350\275\254\347\247\273\345\256\232\344\271\211.md"], 0x7ffde62c4578 /* 135 vars */) = -1 ENOENT (No such file or directory)
1427369 execve("/home/zhuran24/.opencode/bin/sha256sum", ["sha256sum", "--", "/tmp/kernel-audit2-v3r63b5w/\346\261\202\350\247\243\345\231\250/\350\247\204\346\240\274/\345\217\227\351\231\220\350\275\254\347\247\273\345\256\232\344\271\211.md"], 0x7ffde62c4578 /* 135 vars */) = -1 ENOENT (No such file or directory)
1427369 execve("/usr/local/bin/sha256sum", ["sha256sum", "--", "/tmp/kernel-audit2-v3r63b5w/\346\261\202\350\247\243\345\231\250/\350\247\204\346\240\274/\345\217\227\351\231\220\350\275\254\347\247\273\345\256\232\344\271\211.md"], 0x7ffde62c4578 /* 135 vars */) = -1 ENOENT (No such file or directory)
1427369 execve("/usr/bin/sha256sum", ["sha256sum", "--", "/tmp/kernel-audit2-v3r63b5w/\346\261\202\350\247\243\345\231\250/\350\247\204\346\240\274/\345\217\227\351\231\220\350\275\254\347\247\273\345\256\232\344\271\211.md"], 0x7ffde62c4578 /* 135 vars */) = 0
1427369 openat(AT_FDCWD</tmp/kernel-audit2-v3r63b5w/\346\261\202\350\247\243\345\231\250>, "/etc/ld.so.cache", O_RDONLY|O_CLOEXEC) = 3</etc/ld.so.cache>
1427369 openat(AT_FDCWD</tmp/kernel-audit2-v3r63b5w/\346\261\202\350\247\243\345\231\250>, "/usr/lib/libcrypto.so.3", O_RDONLY|O_CLOEXEC) = 3</usr/lib/libcrypto.so.3>
1427369 openat(AT_FDCWD</tmp/kernel-audit2-v3r63b5w/\346\261\202\350\247\243\345\231\250>, "/usr/lib/libc.so.6", O_RDONLY|O_CLOEXEC) = 3</usr/lib/libc.so.6>
1427369 openat(AT_FDCWD</tmp/kernel-audit2-v3r63b5w/\346\261\202\350\247\243\345\231\250>, "/usr/lib/libz.so.1", O_RDONLY|O_CLOEXEC) = 3</usr/lib/libz.so.1.3.1.zlib-ng>
1427369 openat(AT_FDCWD</tmp/kernel-audit2-v3r63b5w/\346\261\202\350\247\243\345\231\250>, "/usr/lib/libbrotlienc.so.1", O_RDONLY|O_CLOEXEC) = 3</usr/lib/libbrotlienc.so.1.2.0>
1427369 openat(AT_FDCWD</tmp/kernel-audit2-v3r63b5w/\346\261\202\350\247\243\345\231\250>, "/usr/lib/libbrotlidec.so.1", O_RDONLY|O_CLOEXEC) = 3</usr/lib/libbrotlidec.so.1.2.0>
1427369 openat(AT_FDCWD</tmp/kernel-audit2-v3r63b5w/\346\261\202\350\247\243\345\231\250>, "/usr/lib/libzstd.so.1", O_RDONLY|O_CLOEXEC) = 3</usr/lib/libzstd.so.1.5.7>
1427369 openat(AT_FDCWD</tmp/kernel-audit2-v3r63b5w/\346\261\202\350\247\243\345\231\250>, "/usr/lib/libm.so.6", O_RDONLY|O_CLOEXEC) = 3</usr/lib/libm.so.6>
1427369 openat(AT_FDCWD</tmp/kernel-audit2-v3r63b5w/\346\261\202\350\247\243\345\231\250>, "/usr/lib/libbrotlicommon.so.1", O_RDONLY|O_CLOEXEC) = 3</usr/lib/libbrotlicommon.so.1.2.0>
1427369 openat(AT_FDCWD</tmp/kernel-audit2-v3r63b5w/\346\261\202\350\247\243\345\231\250>, "/usr/lib/locale/locale-archive", O_RDONLY|O_CLOEXEC) = 3</usr/lib/locale/locale-archive>
1427369 openat(AT_FDCWD</tmp/kernel-audit2-v3r63b5w/\346\261\202\350\247\243\345\231\250>, "/usr/share/locale/locale.alias", O_RDONLY|O_CLOEXEC) = 3</usr/share/locale/locale.alias>
1427369 openat(AT_FDCWD</tmp/kernel-audit2-v3r63b5w/\346\261\202\350\247\243\345\231\250>, "/usr/lib/locale/C.UTF-8/LC_IDENTIFICATION", O_RDONLY|O_CLOEXEC) = -1 ENOENT (No such file or directory)
1427369 openat(AT_FDCWD</tmp/kernel-audit2-v3r63b5w/\346\261\202\350\247\243\345\231\250>, "/usr/lib/locale/C.utf8/LC_IDENTIFICATION", O_RDONLY|O_CLOEXEC) = 3</usr/lib/locale/C.utf8/LC_IDENTIFICATION>
1427369 openat(AT_FDCWD</tmp/kernel-audit2-v3r63b5w/\346\261\202\350\247\243\345\231\250>, "/usr/lib/gconv/gconv-modules.cache", O_RDONLY|O_CLOEXEC) = 3</usr/lib/gconv/gconv-modules.cache>
1427369 openat(AT_FDCWD</tmp/kernel-audit2-v3r63b5w/\346\261\202\350\247\243\345\231\250>, "/usr/lib/locale/C.UTF-8/LC_MEASUREMENT", O_RDONLY|O_CLOEXEC) = -1 ENOENT (No such file or directory)
1427369 openat(AT_FDCWD</tmp/kernel-audit2-v3r63b5w/\346\261\202\350\247\243\345\231\250>, "/usr/lib/locale/C.utf8/LC_MEASUREMENT", O_RDONLY|O_CLOEXEC) = 3</usr/lib/locale/C.utf8/LC_MEASUREMENT>
1427369 openat(AT_FDCWD</tmp/kernel-audit2-v3r63b5w/\346\261\202\350\247\243\345\231\250>, "/usr/lib/locale/C.UTF-8/LC_TELEPHONE", O_RDONLY|O_CLOEXEC) = -1 ENOENT (No such file or directory)
1427369 openat(AT_FDCWD</tmp/kernel-audit2-v3r63b5w/\346\261\202\350\247\243\345\231\250>, "/usr/lib/locale/C.utf8/LC_TELEPHONE", O_RDONLY|O_CLOEXEC) = 3</usr/lib/locale/C.utf8/LC_TELEPHONE>
1427369 openat(AT_FDCWD</tmp/kernel-audit2-v3r63b5w/\346\261\202\350\247\243\345\231\250>, "/usr/lib/locale/C.UTF-8/LC_ADDRESS", O_RDONLY|O_CLOEXEC) = -1 ENOENT (No such file or directory)
1427369 openat(AT_FDCWD</tmp/kernel-audit2-v3r63b5w/\346\261\202\350\247\243\345\231\250>, "/usr/lib/locale/C.utf8/LC_ADDRESS", O_RDONLY|O_CLOEXEC) = 3</usr/lib/locale/C.utf8/LC_ADDRESS>
1427369 openat(AT_FDCWD</tmp/kernel-audit2-v3r63b5w/\346\261\202\350\247\243\345\231\250>, "/usr/lib/locale/C.UTF-8/LC_NAME", O_RDONLY|O_CLOEXEC) = -1 ENOENT (No such file or directory)
1427369 openat(AT_FDCWD</tmp/kernel-audit2-v3r63b5w/\346\261\202\350\247\243\345\231\250>, "/usr/lib/locale/C.utf8/LC_NAME", O_RDONLY|O_CLOEXEC) = 3</usr/lib/locale/C.utf8/LC_NAME>
1427369 openat(AT_FDCWD</tmp/kernel-audit2-v3r63b5w/\346\261\202\350\247\243\345\231\250>, "/usr/lib/locale/C.UTF-8/LC_PAPER", O_RDONLY|O_CLOEXEC) = -1 ENOENT (No such file or directory)
1427369 openat(AT_FDCWD</tmp/kernel-audit2-v3r63b5w/\346\261\202\350\247\243\345\231\250>, "/usr/lib/locale/C.utf8/LC_PAPER", O_RDONLY|O_CLOEXEC) = 3</usr/lib/locale/C.utf8/LC_PAPER>
1427369 openat(AT_FDCWD</tmp/kernel-audit2-v3r63b5w/\346\261\202\350\247\243\345\231\250>, "/usr/lib/locale/C.UTF-8/LC_MESSAGES", O_RDONLY|O_CLOEXEC) = -1 ENOENT (No such file or directory)
1427369 openat(AT_FDCWD</tmp/kernel-audit2-v3r63b5w/\346\261\202\350\247\243\345\231\250>, "/usr/lib/locale/C.utf8/LC_MESSAGES", O_RDONLY|O_CLOEXEC) = 3</usr/lib/locale/C.utf8/LC_MESSAGES>
1427369 openat(AT_FDCWD</tmp/kernel-audit2-v3r63b5w/\346\261\202\350\247\243\345\231\250>, "/usr/lib/locale/C.utf8/LC_MESSAGES/SYS_LC_MESSAGES", O_RDONLY|O_CLOEXEC) = 3</usr/lib/locale/C.utf8/LC_MESSAGES/SYS_LC_MESSAGES>
1427369 openat(AT_FDCWD</tmp/kernel-audit2-v3r63b5w/\346\261\202\350\247\243\345\231\250>, "/usr/lib/locale/C.UTF-8/LC_MONETARY", O_RDONLY|O_CLOEXEC) = -1 ENOENT (No such file or directory)
1427369 openat(AT_FDCWD</tmp/kernel-audit2-v3r63b5w/\346\261\202\350\247\243\345\231\250>, "/usr/lib/locale/C.utf8/LC_MONETARY", O_RDONLY|O_CLOEXEC) = 3</usr/lib/locale/C.utf8/LC_MONETARY>
1427369 openat(AT_FDCWD</tmp/kernel-audit2-v3r63b5w/\346\261\202\350\247\243\345\231\250>, "/usr/lib/locale/C.UTF-8/LC_COLLATE", O_RDONLY|O_CLOEXEC) = -1 ENOENT (No such file or directory)
1427369 openat(AT_FDCWD</tmp/kernel-audit2-v3r63b5w/\346\261\202\350\247\243\345\231\250>, "/usr/lib/locale/C.utf8/LC_COLLATE", O_RDONLY|O_CLOEXEC) = 3</usr/lib/locale/C.utf8/LC_COLLATE>
1427369 openat(AT_FDCWD</tmp/kernel-audit2-v3r63b5w/\346\261\202\350\247\243\345\231\250>, "/usr/lib/locale/C.UTF-8/LC_TIME", O_RDONLY|O_CLOEXEC) = -1 ENOENT (No such file or directory)
1427369 openat(AT_FDCWD</tmp/kernel-audit2-v3r63b5w/\346\261\202\350\247\243\345\231\250>, "/usr/lib/locale/C.utf8/LC_TIME", O_RDONLY|O_CLOEXEC) = 3</usr/lib/locale/C.utf8/LC_TIME>
1427369 openat(AT_FDCWD</tmp/kernel-audit2-v3r63b5w/\346\261\202\350\247\243\345\231\250>, "/usr/lib/locale/C.UTF-8/LC_NUMERIC", O_RDONLY|O_CLOEXEC) = -1 ENOENT (No such file or directory)
1427369 openat(AT_FDCWD</tmp/kernel-audit2-v3r63b5w/\346\261\202\350\247\243\345\231\250>, "/usr/lib/locale/C.utf8/LC_NUMERIC", O_RDONLY|O_CLOEXEC) = 3</usr/lib/locale/C.utf8/LC_NUMERIC>
1427369 openat(AT_FDCWD</tmp/kernel-audit2-v3r63b5w/\346\261\202\350\247\243\345\231\250>, "/usr/lib/locale/C.UTF-8/LC_CTYPE", O_RDONLY|O_CLOEXEC) = -1 ENOENT (No such file or directory)
1427369 openat(AT_FDCWD</tmp/kernel-audit2-v3r63b5w/\346\261\202\350\247\243\345\231\250>, "/usr/lib/locale/C.utf8/LC_CTYPE", O_RDONLY|O_CLOEXEC) = 3</usr/lib/locale/C.utf8/LC_CTYPE>
1427369 openat(AT_FDCWD</tmp/kernel-audit2-v3r63b5w/\346\261\202\350\247\243\345\231\250>, "/tmp/kernel-audit2-v3r63b5w/\346\261\202\350\247\243\345\231\250/\350\247\204\346\240\274/\345\217\227\351\231\220\350\275\254\347\247\273\345\256\232\344\271\211.md", O_RDONLY) = 3</tmp/kernel-audit2-v3r63b5w/\346\261\202\350\247\243\345\231\250/\350\247\204\346\240\274/\345\217\227\351\231\220\350\275\254\347\247\273\345\256\232\344\271\211.md>
1427354 --- SIGCHLD {si_signo=SIGCHLD, si_code=CLD_EXITED, si_pid=1427369, si_uid=1000, si_status=0, si_utime=0, si_stime=0} ---
1427354 openat(AT_FDCWD</tmp/kernel-audit2-v3r63b5w/\346\261\202\350\247\243\345\231\250>, "/dev/null", O_RDONLY|O_CLOEXEC) = 3</dev/null<char 1:3>>
1427370 execve("/home/zhuran24/.codex/tmp/arg0/codex-arg0DuAZRy/sha256sum", ["sha256sum", "--", "/tmp/kernel-audit2-v3r63b5w/\346\261\202\350\247\243\345\231\250/\350\247\204\346\240\274/\350\277\220\350\241\214\350\257\255\344\271\211.md"], 0x7ffde62c4578 /* 135 vars */) = -1 ENOENT (No such file or directory)
1427370 execve("/home/zhuran24/.cargo/bin/sha256sum", ["sha256sum", "--", "/tmp/kernel-audit2-v3r63b5w/\346\261\202\350\247\243\345\231\250/\350\247\204\346\240\274/\350\277\220\350\241\214\350\257\255\344\271\211.md"], 0x7ffde62c4578 /* 135 vars */) = -1 ENOENT (No such file or directory)
1427370 execve("/home/zhuran24/.local/bin/sha256sum", ["sha256sum", "--", "/tmp/kernel-audit2-v3r63b5w/\346\261\202\350\247\243\345\231\250/\350\247\204\346\240\274/\350\277\220\350\241\214\350\257\255\344\271\211.md"], 0x7ffde62c4578 /* 135 vars */) = -1 ENOENT (No such file or directory)
1427370 execve("/home/zhuran24/.opencode/bin/sha256sum", ["sha256sum", "--", "/tmp/kernel-audit2-v3r63b5w/\346\261\202\350\247\243\345\231\250/\350\247\204\346\240\274/\350\277\220\350\241\214\350\257\255\344\271\211.md"], 0x7ffde62c4578 /* 135 vars */) = -1 ENOENT (No such file or directory)
1427370 execve("/usr/local/bin/sha256sum", ["sha256sum", "--", "/tmp/kernel-audit2-v3r63b5w/\346\261\202\350\247\243\345\231\250/\350\247\204\346\240\274/\350\277\220\350\241\214\350\257\255\344\271\211.md"], 0x7ffde62c4578 /* 135 vars */) = -1 ENOENT (No such file or directory)
1427370 execve("/usr/bin/sha256sum", ["sha256sum", "--", "/tmp/kernel-audit2-v3r63b5w/\346\261\202\350\247\243\345\231\250/\350\247\204\346\240\274/\350\277\220\350\241\214\350\257\255\344\271\211.md"], 0x7ffde62c4578 /* 135 vars */) = 0
1427370 openat(AT_FDCWD</tmp/kernel-audit2-v3r63b5w/\346\261\202\350\247\243\345\231\250>, "/etc/ld.so.cache", O_RDONLY|O_CLOEXEC) = 3</etc/ld.so.cache>
1427370 openat(AT_FDCWD</tmp/kernel-audit2-v3r63b5w/\346\261\202\350\247\243\345\231\250>, "/usr/lib/libcrypto.so.3", O_RDONLY|O_CLOEXEC) = 3</usr/lib/libcrypto.so.3>
1427370 openat(AT_FDCWD</tmp/kernel-audit2-v3r63b5w/\346\261\202\350\247\243\345\231\250>, "/usr/lib/libc.so.6", O_RDONLY|O_CLOEXEC) = 3</usr/lib/libc.so.6>
1427370 openat(AT_FDCWD</tmp/kernel-audit2-v3r63b5w/\346\261\202\350\247\243\345\231\250>, "/usr/lib/libz.so.1", O_RDONLY|O_CLOEXEC) = 3</usr/lib/libz.so.1.3.1.zlib-ng>
1427370 openat(AT_FDCWD</tmp/kernel-audit2-v3r63b5w/\346\261\202\350\247\243\345\231\250>, "/usr/lib/libbrotlienc.so.1", O_RDONLY|O_CLOEXEC) = 3</usr/lib/libbrotlienc.so.1.2.0>
1427370 openat(AT_FDCWD</tmp/kernel-audit2-v3r63b5w/\346\261\202\350\247\243\345\231\250>, "/usr/lib/libbrotlidec.so.1", O_RDONLY|O_CLOEXEC) = 3</usr/lib/libbrotlidec.so.1.2.0>
1427370 openat(AT_FDCWD</tmp/kernel-audit2-v3r63b5w/\346\261\202\350\247\243\345\231\250>, "/usr/lib/libzstd.so.1", O_RDONLY|O_CLOEXEC) = 3</usr/lib/libzstd.so.1.5.7>
1427370 openat(AT_FDCWD</tmp/kernel-audit2-v3r63b5w/\346\261\202\350\247\243\345\231\250>, "/usr/lib/libm.so.6", O_RDONLY|O_CLOEXEC) = 3</usr/lib/libm.so.6>
1427370 openat(AT_FDCWD</tmp/kernel-audit2-v3r63b5w/\346\261\202\350\247\243\345\231\250>, "/usr/lib/libbrotlicommon.so.1", O_RDONLY|O_CLOEXEC) = 3</usr/lib/libbrotlicommon.so.1.2.0>
1427370 openat(AT_FDCWD</tmp/kernel-audit2-v3r63b5w/\346\261\202\350\247\243\345\231\250>, "/usr/lib/locale/locale-archive", O_RDONLY|O_CLOEXEC) = 3</usr/lib/locale/locale-archive>
1427370 openat(AT_FDCWD</tmp/kernel-audit2-v3r63b5w/\346\261\202\350\247\243\345\231\250>, "/usr/share/locale/locale.alias", O_RDONLY|O_CLOEXEC) = 3</usr/share/locale/locale.alias>
1427370 openat(AT_FDCWD</tmp/kernel-audit2-v3r63b5w/\346\261\202\350\247\243\345\231\250>, "/usr/lib/locale/C.UTF-8/LC_IDENTIFICATION", O_RDONLY|O_CLOEXEC) = -1 ENOENT (No such file or directory)
1427370 openat(AT_FDCWD</tmp/kernel-audit2-v3r63b5w/\346\261\202\350\247\243\345\231\250>, "/usr/lib/locale/C.utf8/LC_IDENTIFICATION", O_RDONLY|O_CLOEXEC) = 3</usr/lib/locale/C.utf8/LC_IDENTIFICATION>
1427370 openat(AT_FDCWD</tmp/kernel-audit2-v3r63b5w/\346\261\202\350\247\243\345\231\250>, "/usr/lib/gconv/gconv-modules.cache", O_RDONLY|O_CLOEXEC) = 3</usr/lib/gconv/gconv-modules.cache>
1427370 openat(AT_FDCWD</tmp/kernel-audit2-v3r63b5w/\346\261\202\350\247\243\345\231\250>, "/usr/lib/locale/C.UTF-8/LC_MEASUREMENT", O_RDONLY|O_CLOEXEC) = -1 ENOENT (No such file or directory)
1427370 openat(AT_FDCWD</tmp/kernel-audit2-v3r63b5w/\346\261\202\350\247\243\345\231\250>, "/usr/lib/locale/C.utf8/LC_MEASUREMENT", O_RDONLY|O_CLOEXEC) = 3</usr/lib/locale/C.utf8/LC_MEASUREMENT>
1427370 openat(AT_FDCWD</tmp/kernel-audit2-v3r63b5w/\346\261\202\350\247\243\345\231\250>, "/usr/lib/locale/C.UTF-8/LC_TELEPHONE", O_RDONLY|O_CLOEXEC) = -1 ENOENT (No such file or directory)
1427370 openat(AT_FDCWD</tmp/kernel-audit2-v3r63b5w/\346\261\202\350\247\243\345\231\250>, "/usr/lib/locale/C.utf8/LC_TELEPHONE", O_RDONLY|O_CLOEXEC) = 3</usr/lib/locale/C.utf8/LC_TELEPHONE>
1427370 openat(AT_FDCWD</tmp/kernel-audit2-v3r63b5w/\346\261\202\350\247\243\345\231\250>, "/usr/lib/locale/C.UTF-8/LC_ADDRESS", O_RDONLY|O_CLOEXEC) = -1 ENOENT (No such file or directory)
1427370 openat(AT_FDCWD</tmp/kernel-audit2-v3r63b5w/\346\261\202\350\247\243\345\231\250>, "/usr/lib/locale/C.utf8/LC_ADDRESS", O_RDONLY|O_CLOEXEC) = 3</usr/lib/locale/C.utf8/LC_ADDRESS>
1427370 openat(AT_FDCWD</tmp/kernel-audit2-v3r63b5w/\346\261\202\350\247\243\345\231\250>, "/usr/lib/locale/C.UTF-8/LC_NAME", O_RDONLY|O_CLOEXEC) = -1 ENOENT (No such file or directory)
1427370 openat(AT_FDCWD</tmp/kernel-audit2-v3r63b5w/\346\261\202\350\247\243\345\231\250>, "/usr/lib/locale/C.utf8/LC_NAME", O_RDONLY|O_CLOEXEC) = 3</usr/lib/locale/C.utf8/LC_NAME>
1427370 openat(AT_FDCWD</tmp/kernel-audit2-v3r63b5w/\346\261\202\350\247\243\345\231\250>, "/usr/lib/locale/C.UTF-8/LC_PAPER", O_RDONLY|O_CLOEXEC) = -1 ENOENT (No such file or directory)
1427370 openat(AT_FDCWD</tmp/kernel-audit2-v3r63b5w/\346\261\202\350\247\243\345\231\250>, "/usr/lib/locale/C.utf8/LC_PAPER", O_RDONLY|O_CLOEXEC) = 3</usr/lib/locale/C.utf8/LC_PAPER>
1427370 openat(AT_FDCWD</tmp/kernel-audit2-v3r63b5w/\346\261\202\350\247\243\345\231\250>, "/usr/lib/locale/C.UTF-8/LC_MESSAGES", O_RDONLY|O_CLOEXEC) = -1 ENOENT (No such file or directory)
1427370 openat(AT_FDCWD</tmp/kernel-audit2-v3r63b5w/\346\261\202\350\247\243\345\231\250>, "/usr/lib/locale/C.utf8/LC_MESSAGES", O_RDONLY|O_CLOEXEC) = 3</usr/lib/locale/C.utf8/LC_MESSAGES>
1427370 openat(AT_FDCWD</tmp/kernel-audit2-v3r63b5w/\346\261\202\350\247\243\345\231\250>, "/usr/lib/locale/C.utf8/LC_MESSAGES/SYS_LC_MESSAGES", O_RDONLY|O_CLOEXEC) = 3</usr/lib/locale/C.utf8/LC_MESSAGES/SYS_LC_MESSAGES>
1427370 openat(AT_FDCWD</tmp/kernel-audit2-v3r63b5w/\346\261\202\350\247\243\345\231\250>, "/usr/lib/locale/C.UTF-8/LC_MONETARY", O_RDONLY|O_CLOEXEC) = -1 ENOENT (No such file or directory)
1427370 openat(AT_FDCWD</tmp/kernel-audit2-v3r63b5w/\346\261\202\350\247\243\345\231\250>, "/usr/lib/locale/C.utf8/LC_MONETARY", O_RDONLY|O_CLOEXEC) = 3</usr/lib/locale/C.utf8/LC_MONETARY>
1427370 openat(AT_FDCWD</tmp/kernel-audit2-v3r63b5w/\346\261\202\350\247\243\345\231\250>, "/usr/lib/locale/C.UTF-8/LC_COLLATE", O_RDONLY|O_CLOEXEC) = -1 ENOENT (No such file or directory)
1427370 openat(AT_FDCWD</tmp/kernel-audit2-v3r63b5w/\346\261\202\350\247\243\345\231\250>, "/usr/lib/locale/C.utf8/LC_COLLATE", O_RDONLY|O_CLOEXEC) = 3</usr/lib/locale/C.utf8/LC_COLLATE>
1427370 openat(AT_FDCWD</tmp/kernel-audit2-v3r63b5w/\346\261\202\350\247\243\345\231\250>, "/usr/lib/locale/C.UTF-8/LC_TIME", O_RDONLY|O_CLOEXEC) = -1 ENOENT (No such file or directory)
1427370 openat(AT_FDCWD</tmp/kernel-audit2-v3r63b5w/\346\261\202\350\247\243\345\231\250>, "/usr/lib/locale/C.utf8/LC_TIME", O_RDONLY|O_CLOEXEC) = 3</usr/lib/locale/C.utf8/LC_TIME>
1427370 openat(AT_FDCWD</tmp/kernel-audit2-v3r63b5w/\346\261\202\350\247\243\345\231\250>, "/usr/lib/locale/C.UTF-8/LC_NUMERIC", O_RDONLY|O_CLOEXEC) = -1 ENOENT (No such file or directory)
1427370 openat(AT_FDCWD</tmp/kernel-audit2-v3r63b5w/\346\261\202\350\247\243\345\231\250>, "/usr/lib/locale/C.utf8/LC_NUMERIC", O_RDONLY|O_CLOEXEC) = 3</usr/lib/locale/C.utf8/LC_NUMERIC>
1427370 openat(AT_FDCWD</tmp/kernel-audit2-v3r63b5w/\346\261\202\350\247\243\345\231\250>, "/usr/lib/locale/C.UTF-8/LC_CTYPE", O_RDONLY|O_CLOEXEC) = -1 ENOENT (No such file or directory)
1427370 openat(AT_FDCWD</tmp/kernel-audit2-v3r63b5w/\346\261\202\350\247\243\345\231\250>, "/usr/lib/locale/C.utf8/LC_CTYPE", O_RDONLY|O_CLOEXEC) = 3</usr/lib/locale/C.utf8/LC_CTYPE>
1427370 openat(AT_FDCWD</tmp/kernel-audit2-v3r63b5w/\346\261\202\350\247\243\345\231\250>, "/tmp/kernel-audit2-v3r63b5w/\346\261\202\350\247\243\345\231\250/\350\247\204\346\240\274/\350\277\220\350\241\214\350\257\255\344\271\211.md", O_RDONLY) = 3</tmp/kernel-audit2-v3r63b5w/\346\261\202\350\247\243\345\231\250/\350\247\204\346\240\274/\350\277\220\350\241\214\350\257\255\344\271\211.md>
1427354 --- SIGCHLD {si_signo=SIGCHLD, si_code=CLD_EXITED, si_pid=1427370, si_uid=1000, si_status=0, si_utime=0, si_stime=0} ---
1427354 openat(AT_FDCWD</tmp/kernel-audit2-v3r63b5w/\346\261\202\350\247\243\345\231\250>, "/dev/null", O_RDONLY|O_CLOEXEC) = 3</dev/null<char 1:3>>
1427371 execve("/home/zhuran24/.codex/tmp/arg0/codex-arg0DuAZRy/sha256sum", ["sha256sum", "--", "/tmp/kernel-audit2-v3r63b5w/\346\261\202\350\247\243\345\231\250/\350\247\204\346\240\274/\345\206\205\346\240\270\350\276\223\345\205\245.md"], 0x7ffde62c4578 /* 135 vars */) = -1 ENOENT (No such file or directory)
1427371 execve("/home/zhuran24/.cargo/bin/sha256sum", ["sha256sum", "--", "/tmp/kernel-audit2-v3r63b5w/\346\261\202\350\247\243\345\231\250/\350\247\204\346\240\274/\345\206\205\346\240\270\350\276\223\345\205\245.md"], 0x7ffde62c4578 /* 135 vars */) = -1 ENOENT (No such file or directory)
1427371 execve("/home/zhuran24/.local/bin/sha256sum", ["sha256sum", "--", "/tmp/kernel-audit2-v3r63b5w/\346\261\202\350\247\243\345\231\250/\350\247\204\346\240\274/\345\206\205\346\240\270\350\276\223\345\205\245.md"], 0x7ffde62c4578 /* 135 vars */) = -1 ENOENT (No such file or directory)
1427371 execve("/home/zhuran24/.opencode/bin/sha256sum", ["sha256sum", "--", "/tmp/kernel-audit2-v3r63b5w/\346\261\202\350\247\243\345\231\250/\350\247\204\346\240\274/\345\206\205\346\240\270\350\276\223\345\205\245.md"], 0x7ffde62c4578 /* 135 vars */) = -1 ENOENT (No such file or directory)
1427371 execve("/usr/local/bin/sha256sum", ["sha256sum", "--", "/tmp/kernel-audit2-v3r63b5w/\346\261\202\350\247\243\345\231\250/\350\247\204\346\240\274/\345\206\205\346\240\270\350\276\223\345\205\245.md"], 0x7ffde62c4578 /* 135 vars */) = -1 ENOENT (No such file or directory)
1427371 execve("/usr/bin/sha256sum", ["sha256sum", "--", "/tmp/kernel-audit2-v3r63b5w/\346\261\202\350\247\243\345\231\250/\350\247\204\346\240\274/\345\206\205\346\240\270\350\276\223\345\205\245.md"], 0x7ffde62c4578 /* 135 vars */) = 0
1427371 openat(AT_FDCWD</tmp/kernel-audit2-v3r63b5w/\346\261\202\350\247\243\345\231\250>, "/etc/ld.so.cache", O_RDONLY|O_CLOEXEC) = 3</etc/ld.so.cache>
1427371 openat(AT_FDCWD</tmp/kernel-audit2-v3r63b5w/\346\261\202\350\247\243\345\231\250>, "/usr/lib/libcrypto.so.3", O_RDONLY|O_CLOEXEC) = 3</usr/lib/libcrypto.so.3>
1427371 openat(AT_FDCWD</tmp/kernel-audit2-v3r63b5w/\346\261\202\350\247\243\345\231\250>, "/usr/lib/libc.so.6", O_RDONLY|O_CLOEXEC) = 3</usr/lib/libc.so.6>
1427371 openat(AT_FDCWD</tmp/kernel-audit2-v3r63b5w/\346\261\202\350\247\243\345\231\250>, "/usr/lib/libz.so.1", O_RDONLY|O_CLOEXEC) = 3</usr/lib/libz.so.1.3.1.zlib-ng>
1427371 openat(AT_FDCWD</tmp/kernel-audit2-v3r63b5w/\346\261\202\350\247\243\345\231\250>, "/usr/lib/libbrotlienc.so.1", O_RDONLY|O_CLOEXEC) = 3</usr/lib/libbrotlienc.so.1.2.0>
1427371 openat(AT_FDCWD</tmp/kernel-audit2-v3r63b5w/\346\261\202\350\247\243\345\231\250>, "/usr/lib/libbrotlidec.so.1", O_RDONLY|O_CLOEXEC) = 3</usr/lib/libbrotlidec.so.1.2.0>
1427371 openat(AT_FDCWD</tmp/kernel-audit2-v3r63b5w/\346\261\202\350\247\243\345\231\250>, "/usr/lib/libzstd.so.1", O_RDONLY|O_CLOEXEC) = 3</usr/lib/libzstd.so.1.5.7>
1427371 openat(AT_FDCWD</tmp/kernel-audit2-v3r63b5w/\346\261\202\350\247\243\345\231\250>, "/usr/lib/libm.so.6", O_RDONLY|O_CLOEXEC) = 3</usr/lib/libm.so.6>
1427371 openat(AT_FDCWD</tmp/kernel-audit2-v3r63b5w/\346\261\202\350\247\243\345\231\250>, "/usr/lib/libbrotlicommon.so.1", O_RDONLY|O_CLOEXEC) = 3</usr/lib/libbrotlicommon.so.1.2.0>
1427371 openat(AT_FDCWD</tmp/kernel-audit2-v3r63b5w/\346\261\202\350\247\243\345\231\250>, "/usr/lib/locale/locale-archive", O_RDONLY|O_CLOEXEC) = 3</usr/lib/locale/locale-archive>
1427371 openat(AT_FDCWD</tmp/kernel-audit2-v3r63b5w/\346\261\202\350\247\243\345\231\250>, "/usr/share/locale/locale.alias", O_RDONLY|O_CLOEXEC) = 3</usr/share/locale/locale.alias>
1427371 openat(AT_FDCWD</tmp/kernel-audit2-v3r63b5w/\346\261\202\350\247\243\345\231\250>, "/usr/lib/locale/C.UTF-8/LC_IDENTIFICATION", O_RDONLY|O_CLOEXEC) = -1 ENOENT (No such file or directory)
1427371 openat(AT_FDCWD</tmp/kernel-audit2-v3r63b5w/\346\261\202\350\247\243\345\231\250>, "/usr/lib/locale/C.utf8/LC_IDENTIFICATION", O_RDONLY|O_CLOEXEC) = 3</usr/lib/locale/C.utf8/LC_IDENTIFICATION>
1427371 openat(AT_FDCWD</tmp/kernel-audit2-v3r63b5w/\346\261\202\350\247\243\345\231\250>, "/usr/lib/gconv/gconv-modules.cache", O_RDONLY|O_CLOEXEC) = 3</usr/lib/gconv/gconv-modules.cache>
1427371 openat(AT_FDCWD</tmp/kernel-audit2-v3r63b5w/\346\261\202\350\247\243\345\231\250>, "/usr/lib/locale/C.UTF-8/LC_MEASUREMENT", O_RDONLY|O_CLOEXEC) = -1 ENOENT (No such file or directory)
1427371 openat(AT_FDCWD</tmp/kernel-audit2-v3r63b5w/\346\261\202\350\247\243\345\231\250>, "/usr/lib/locale/C.utf8/LC_MEASUREMENT", O_RDONLY|O_CLOEXEC) = 3</usr/lib/locale/C.utf8/LC_MEASUREMENT>
1427371 openat(AT_FDCWD</tmp/kernel-audit2-v3r63b5w/\346\261\202\350\247\243\345\231\250>, "/usr/lib/locale/C.UTF-8/LC_TELEPHONE", O_RDONLY|O_CLOEXEC) = -1 ENOENT (No such file or directory)
1427371 openat(AT_FDCWD</tmp/kernel-audit2-v3r63b5w/\346\261\202\350\247\243\345\231\250>, "/usr/lib/locale/C.utf8/LC_TELEPHONE", O_RDONLY|O_CLOEXEC) = 3</usr/lib/locale/C.utf8/LC_TELEPHONE>
1427371 openat(AT_FDCWD</tmp/kernel-audit2-v3r63b5w/\346\261\202\350\247\243\345\231\250>, "/usr/lib/locale/C.UTF-8/LC_ADDRESS", O_RDONLY|O_CLOEXEC) = -1 ENOENT (No such file or directory)
1427371 openat(AT_FDCWD</tmp/kernel-audit2-v3r63b5w/\346\261\202\350\247\243\345\231\250>, "/usr/lib/locale/C.utf8/LC_ADDRESS", O_RDONLY|O_CLOEXEC) = 3</usr/lib/locale/C.utf8/LC_ADDRESS>
1427371 openat(AT_FDCWD</tmp/kernel-audit2-v3r63b5w/\346\261\202\350\247\243\345\231\250>, "/usr/lib/locale/C.UTF-8/LC_NAME", O_RDONLY|O_CLOEXEC) = -1 ENOENT (No such file or directory)
1427371 openat(AT_FDCWD</tmp/kernel-audit2-v3r63b5w/\346\261\202\350\247\243\345\231\250>, "/usr/lib/locale/C.utf8/LC_NAME", O_RDONLY|O_CLOEXEC) = 3</usr/lib/locale/C.utf8/LC_NAME>
1427371 openat(AT_FDCWD</tmp/kernel-audit2-v3r63b5w/\346\261\202\350\247\243\345\231\250>, "/usr/lib/locale/C.UTF-8/LC_PAPER", O_RDONLY|O_CLOEXEC) = -1 ENOENT (No such file or directory)
1427371 openat(AT_FDCWD</tmp/kernel-audit2-v3r63b5w/\346\261\202\350\247\243\345\231\250>, "/usr/lib/locale/C.utf8/LC_PAPER", O_RDONLY|O_CLOEXEC) = 3</usr/lib/locale/C.utf8/LC_PAPER>
1427371 openat(AT_FDCWD</tmp/kernel-audit2-v3r63b5w/\346\261\202\350\247\243\345\231\250>, "/usr/lib/locale/C.UTF-8/LC_MESSAGES", O_RDONLY|O_CLOEXEC) = -1 ENOENT (No such file or directory)
1427371 openat(AT_FDCWD</tmp/kernel-audit2-v3r63b5w/\346\261\202\350\247\243\345\231\250>, "/usr/lib/locale/C.utf8/LC_MESSAGES", O_RDONLY|O_CLOEXEC) = 3</usr/lib/locale/C.utf8/LC_MESSAGES>
1427371 openat(AT_FDCWD</tmp/kernel-audit2-v3r63b5w/\346\261\202\350\247\243\345\231\250>, "/usr/lib/locale/C.utf8/LC_MESSAGES/SYS_LC_MESSAGES", O_RDONLY|O_CLOEXEC) = 3</usr/lib/locale/C.utf8/LC_MESSAGES/SYS_LC_MESSAGES>
1427371 openat(AT_FDCWD</tmp/kernel-audit2-v3r63b5w/\346\261\202\350\247\243\345\231\250>, "/usr/lib/locale/C.UTF-8/LC_MONETARY", O_RDONLY|O_CLOEXEC) = -1 ENOENT (No such file or directory)
1427371 openat(AT_FDCWD</tmp/kernel-audit2-v3r63b5w/\346\261\202\350\247\243\345\231\250>, "/usr/lib/locale/C.utf8/LC_MONETARY", O_RDONLY|O_CLOEXEC) = 3</usr/lib/locale/C.utf8/LC_MONETARY>
1427371 openat(AT_FDCWD</tmp/kernel-audit2-v3r63b5w/\346\261\202\350\247\243\345\231\250>, "/usr/lib/locale/C.UTF-8/LC_COLLATE", O_RDONLY|O_CLOEXEC) = -1 ENOENT (No such file or directory)
1427371 openat(AT_FDCWD</tmp/kernel-audit2-v3r63b5w/\346\261\202\350\247\243\345\231\250>, "/usr/lib/locale/C.utf8/LC_COLLATE", O_RDONLY|O_CLOEXEC) = 3</usr/lib/locale/C.utf8/LC_COLLATE>
1427371 openat(AT_FDCWD</tmp/kernel-audit2-v3r63b5w/\346\261\202\350\247\243\345\231\250>, "/usr/lib/locale/C.UTF-8/LC_TIME", O_RDONLY|O_CLOEXEC) = -1 ENOENT (No such file or directory)
1427371 openat(AT_FDCWD</tmp/kernel-audit2-v3r63b5w/\346\261\202\350\247\243\345\231\250>, "/usr/lib/locale/C.utf8/LC_TIME", O_RDONLY|O_CLOEXEC) = 3</usr/lib/locale/C.utf8/LC_TIME>
1427371 openat(AT_FDCWD</tmp/kernel-audit2-v3r63b5w/\346\261\202\350\247\243\345\231\250>, "/usr/lib/locale/C.UTF-8/LC_NUMERIC", O_RDONLY|O_CLOEXEC) = -1 ENOENT (No such file or directory)
1427371 openat(AT_FDCWD</tmp/kernel-audit2-v3r63b5w/\346\261\202\350\247\243\345\231\250>, "/usr/lib/locale/C.utf8/LC_NUMERIC", O_RDONLY|O_CLOEXEC) = 3</usr/lib/locale/C.utf8/LC_NUMERIC>
1427371 openat(AT_FDCWD</tmp/kernel-audit2-v3r63b5w/\346\261\202\350\247\243\345\231\250>, "/usr/lib/locale/C.UTF-8/LC_CTYPE", O_RDONLY|O_CLOEXEC) = -1 ENOENT (No such file or directory)
1427371 openat(AT_FDCWD</tmp/kernel-audit2-v3r63b5w/\346\261\202\350\247\243\345\231\250>, "/usr/lib/locale/C.utf8/LC_CTYPE", O_RDONLY|O_CLOEXEC) = 3</usr/lib/locale/C.utf8/LC_CTYPE>
1427371 openat(AT_FDCWD</tmp/kernel-audit2-v3r63b5w/\346\261\202\350\247\243\345\231\250>, "/tmp/kernel-audit2-v3r63b5w/\346\261\202\350\247\243\345\231\250/\350\247\204\346\240\274/\345\206\205\346\240\270\350\276\223\345\205\245.md", O_RDONLY) = 3</tmp/kernel-audit2-v3r63b5w/\346\261\202\350\247\243\345\231\250/\350\247\204\346\240\274/\345\206\205\346\240\270\350\276\223\345\205\245.md>
1427354 --- SIGCHLD {si_signo=SIGCHLD, si_code=CLD_EXITED, si_pid=1427371, si_uid=1000, si_status=0, si_utime=0, si_stime=0} ---
1427354 openat(AT_FDCWD</tmp/kernel-audit2-v3r63b5w/\346\261\202\350\247\243\345\231\250>, "/dev/null", O_RDONLY|O_CLOEXEC) = 3</dev/null<char 1:3>>
1427372 execve("/home/zhuran24/.codex/tmp/arg0/codex-arg0DuAZRy/sha256sum", ["sha256sum", "--", "/tmp/kernel-audit2-v3r63b5w/\346\261\202\350\247\243\345\231\250/\350\247\204\346\240\274/\345\206\205\346\240\270\350\276\223\345\207\272.md"], 0x7ffde62c4578 /* 135 vars */) = -1 ENOENT (No such file or directory)
1427372 execve("/home/zhuran24/.cargo/bin/sha256sum", ["sha256sum", "--", "/tmp/kernel-audit2-v3r63b5w/\346\261\202\350\247\243\345\231\250/\350\247\204\346\240\274/\345\206\205\346\240\270\350\276\223\345\207\272.md"], 0x7ffde62c4578 /* 135 vars */) = -1 ENOENT (No such file or directory)
1427372 execve("/home/zhuran24/.local/bin/sha256sum", ["sha256sum", "--", "/tmp/kernel-audit2-v3r63b5w/\346\261\202\350\247\243\345\231\250/\350\247\204\346\240\274/\345\206\205\346\240\270\350\276\223\345\207\272.md"], 0x7ffde62c4578 /* 135 vars */) = -1 ENOENT (No such file or directory)
1427372 execve("/home/zhuran24/.opencode/bin/sha256sum", ["sha256sum", "--", "/tmp/kernel-audit2-v3r63b5w/\346\261\202\350\247\243\345\231\250/\350\247\204\346\240\274/\345\206\205\346\240\270\350\276\223\345\207\272.md"], 0x7ffde62c4578 /* 135 vars */) = -1 ENOENT (No such file or directory)
1427372 execve("/usr/local/bin/sha256sum", ["sha256sum", "--", "/tmp/kernel-audit2-v3r63b5w/\346\261\202\350\247\243\345\231\250/\350\247\204\346\240\274/\345\206\205\346\240\270\350\276\223\345\207\272.md"], 0x7ffde62c4578 /* 135 vars */) = -1 ENOENT (No such file or directory)
1427372 execve("/usr/bin/sha256sum", ["sha256sum", "--", "/tmp/kernel-audit2-v3r63b5w/\346\261\202\350\247\243\345\231\250/\350\247\204\346\240\274/\345\206\205\346\240\270\350\276\223\345\207\272.md"], 0x7ffde62c4578 /* 135 vars */) = 0
1427372 openat(AT_FDCWD</tmp/kernel-audit2-v3r63b5w/\346\261\202\350\247\243\345\231\250>, "/etc/ld.so.cache", O_RDONLY|O_CLOEXEC) = 3</etc/ld.so.cache>
1427372 openat(AT_FDCWD</tmp/kernel-audit2-v3r63b5w/\346\261\202\350\247\243\345\231\250>, "/usr/lib/libcrypto.so.3", O_RDONLY|O_CLOEXEC) = 3</usr/lib/libcrypto.so.3>
1427372 openat(AT_FDCWD</tmp/kernel-audit2-v3r63b5w/\346\261\202\350\247\243\345\231\250>, "/usr/lib/libc.so.6", O_RDONLY|O_CLOEXEC) = 3</usr/lib/libc.so.6>
1427372 openat(AT_FDCWD</tmp/kernel-audit2-v3r63b5w/\346\261\202\350\247\243\345\231\250>, "/usr/lib/libz.so.1", O_RDONLY|O_CLOEXEC) = 3</usr/lib/libz.so.1.3.1.zlib-ng>
1427372 openat(AT_FDCWD</tmp/kernel-audit2-v3r63b5w/\346\261\202\350\247\243\345\231\250>, "/usr/lib/libbrotlienc.so.1", O_RDONLY|O_CLOEXEC) = 3</usr/lib/libbrotlienc.so.1.2.0>
1427372 openat(AT_FDCWD</tmp/kernel-audit2-v3r63b5w/\346\261\202\350\247\243\345\231\250>, "/usr/lib/libbrotlidec.so.1", O_RDONLY|O_CLOEXEC) = 3</usr/lib/libbrotlidec.so.1.2.0>
1427372 openat(AT_FDCWD</tmp/kernel-audit2-v3r63b5w/\346\261\202\350\247\243\345\231\250>, "/usr/lib/libzstd.so.1", O_RDONLY|O_CLOEXEC) = 3</usr/lib/libzstd.so.1.5.7>
1427372 openat(AT_FDCWD</tmp/kernel-audit2-v3r63b5w/\346\261\202\350\247\243\345\231\250>, "/usr/lib/libm.so.6", O_RDONLY|O_CLOEXEC) = 3</usr/lib/libm.so.6>
1427372 openat(AT_FDCWD</tmp/kernel-audit2-v3r63b5w/\346\261\202\350\247\243\345\231\250>, "/usr/lib/libbrotlicommon.so.1", O_RDONLY|O_CLOEXEC) = 3</usr/lib/libbrotlicommon.so.1.2.0>
1427372 openat(AT_FDCWD</tmp/kernel-audit2-v3r63b5w/\346\261\202\350\247\243\345\231\250>, "/usr/lib/locale/locale-archive", O_RDONLY|O_CLOEXEC) = 3</usr/lib/locale/locale-archive>
1427372 openat(AT_FDCWD</tmp/kernel-audit2-v3r63b5w/\346\261\202\350\247\243\345\231\250>, "/usr/share/locale/locale.alias", O_RDONLY|O_CLOEXEC) = 3</usr/share/locale/locale.alias>
1427372 openat(AT_FDCWD</tmp/kernel-audit2-v3r63b5w/\346\261\202\350\247\243\345\231\250>, "/usr/lib/locale/C.UTF-8/LC_IDENTIFICATION", O_RDONLY|O_CLOEXEC) = -1 ENOENT (No such file or directory)
1427372 openat(AT_FDCWD</tmp/kernel-audit2-v3r63b5w/\346\261\202\350\247\243\345\231\250>, "/usr/lib/locale/C.utf8/LC_IDENTIFICATION", O_RDONLY|O_CLOEXEC) = 3</usr/lib/locale/C.utf8/LC_IDENTIFICATION>
1427372 openat(AT_FDCWD</tmp/kernel-audit2-v3r63b5w/\346\261\202\350\247\243\345\231\250>, "/usr/lib/gconv/gconv-modules.cache", O_RDONLY|O_CLOEXEC) = 3</usr/lib/gconv/gconv-modules.cache>
1427372 openat(AT_FDCWD</tmp/kernel-audit2-v3r63b5w/\346\261\202\350\247\243\345\231\250>, "/usr/lib/locale/C.UTF-8/LC_MEASUREMENT", O_RDONLY|O_CLOEXEC) = -1 ENOENT (No such file or directory)
1427372 openat(AT_FDCWD</tmp/kernel-audit2-v3r63b5w/\346\261\202\350\247\243\345\231\250>, "/usr/lib/locale/C.utf8/LC_MEASUREMENT", O_RDONLY|O_CLOEXEC) = 3</usr/lib/locale/C.utf8/LC_MEASUREMENT>
1427372 openat(AT_FDCWD</tmp/kernel-audit2-v3r63b5w/\346\261\202\350\247\243\345\231\250>, "/usr/lib/locale/C.UTF-8/LC_TELEPHONE", O_RDONLY|O_CLOEXEC) = -1 ENOENT (No such file or directory)
1427372 openat(AT_FDCWD</tmp/kernel-audit2-v3r63b5w/\346\261\202\350\247\243\345\231\250>, "/usr/lib/locale/C.utf8/LC_TELEPHONE", O_RDONLY|O_CLOEXEC) = 3</usr/lib/locale/C.utf8/LC_TELEPHONE>
1427372 openat(AT_FDCWD</tmp/kernel-audit2-v3r63b5w/\346\261\202\350\247\243\345\231\250>, "/usr/lib/locale/C.UTF-8/LC_ADDRESS", O_RDONLY|O_CLOEXEC) = -1 ENOENT (No such file or directory)
1427372 openat(AT_FDCWD</tmp/kernel-audit2-v3r63b5w/\346\261\202\350\247\243\345\231\250>, "/usr/lib/locale/C.utf8/LC_ADDRESS", O_RDONLY|O_CLOEXEC) = 3</usr/lib/locale/C.utf8/LC_ADDRESS>
1427372 openat(AT_FDCWD</tmp/kernel-audit2-v3r63b5w/\346\261\202\350\247\243\345\231\250>, "/usr/lib/locale/C.UTF-8/LC_NAME", O_RDONLY|O_CLOEXEC) = -1 ENOENT (No such file or directory)
1427372 openat(AT_FDCWD</tmp/kernel-audit2-v3r63b5w/\346\261\202\350\247\243\345\231\250>, "/usr/lib/locale/C.utf8/LC_NAME", O_RDONLY|O_CLOEXEC) = 3</usr/lib/locale/C.utf8/LC_NAME>
1427372 openat(AT_FDCWD</tmp/kernel-audit2-v3r63b5w/\346\261\202\350\247\243\345\231\250>, "/usr/lib/locale/C.UTF-8/LC_PAPER", O_RDONLY|O_CLOEXEC) = -1 ENOENT (No such file or directory)
1427372 openat(AT_FDCWD</tmp/kernel-audit2-v3r63b5w/\346\261\202\350\247\243\345\231\250>, "/usr/lib/locale/C.utf8/LC_PAPER", O_RDONLY|O_CLOEXEC) = 3</usr/lib/locale/C.utf8/LC_PAPER>
1427372 openat(AT_FDCWD</tmp/kernel-audit2-v3r63b5w/\346\261\202\350\247\243\345\231\250>, "/usr/lib/locale/C.UTF-8/LC_MESSAGES", O_RDONLY|O_CLOEXEC) = -1 ENOENT (No such file or directory)
1427372 openat(AT_FDCWD</tmp/kernel-audit2-v3r63b5w/\346\261\202\350\247\243\345\231\250>, "/usr/lib/locale/C.utf8/LC_MESSAGES", O_RDONLY|O_CLOEXEC) = 3</usr/lib/locale/C.utf8/LC_MESSAGES>
1427372 openat(AT_FDCWD</tmp/kernel-audit2-v3r63b5w/\346\261\202\350\247\243\345\231\250>, "/usr/lib/locale/C.utf8/LC_MESSAGES/SYS_LC_MESSAGES", O_RDONLY|O_CLOEXEC) = 3</usr/lib/locale/C.utf8/LC_MESSAGES/SYS_LC_MESSAGES>
1427372 openat(AT_FDCWD</tmp/kernel-audit2-v3r63b5w/\346\261\202\350\247\243\345\231\250>, "/usr/lib/locale/C.UTF-8/LC_MONETARY", O_RDONLY|O_CLOEXEC) = -1 ENOENT (No such file or directory)
1427372 openat(AT_FDCWD</tmp/kernel-audit2-v3r63b5w/\346\261\202\350\247\243\345\231\250>, "/usr/lib/locale/C.utf8/LC_MONETARY", O_RDONLY|O_CLOEXEC) = 3</usr/lib/locale/C.utf8/LC_MONETARY>
1427372 openat(AT_FDCWD</tmp/kernel-audit2-v3r63b5w/\346\261\202\350\247\243\345\231\250>, "/usr/lib/locale/C.UTF-8/LC_COLLATE", O_RDONLY|O_CLOEXEC) = -1 ENOENT (No such file or directory)
1427372 openat(AT_FDCWD</tmp/kernel-audit2-v3r63b5w/\346\261\202\350\247\243\345\231\250>, "/usr/lib/locale/C.utf8/LC_COLLATE", O_RDONLY|O_CLOEXEC) = 3</usr/lib/locale/C.utf8/LC_COLLATE>
1427372 openat(AT_FDCWD</tmp/kernel-audit2-v3r63b5w/\346\261\202\350\247\243\345\231\250>, "/usr/lib/locale/C.UTF-8/LC_TIME", O_RDONLY|O_CLOEXEC) = -1 ENOENT (No such file or directory)
1427372 openat(AT_FDCWD</tmp/kernel-audit2-v3r63b5w/\346\261\202\350\247\243\345\231\250>, "/usr/lib/locale/C.utf8/LC_TIME", O_RDONLY|O_CLOEXEC) = 3</usr/lib/locale/C.utf8/LC_TIME>
1427372 openat(AT_FDCWD</tmp/kernel-audit2-v3r63b5w/\346\261\202\350\247\243\345\231\250>, "/usr/lib/locale/C.UTF-8/LC_NUMERIC", O_RDONLY|O_CLOEXEC) = -1 ENOENT (No such file or directory)
1427372 openat(AT_FDCWD</tmp/kernel-audit2-v3r63b5w/\346\261\202\350\247\243\345\231\250>, "/usr/lib/locale/C.utf8/LC_NUMERIC", O_RDONLY|O_CLOEXEC) = 3</usr/lib/locale/C.utf8/LC_NUMERIC>
1427372 openat(AT_FDCWD</tmp/kernel-audit2-v3r63b5w/\346\261\202\350\247\243\345\231\250>, "/usr/lib/locale/C.UTF-8/LC_CTYPE", O_RDONLY|O_CLOEXEC) = -1 ENOENT (No such file or directory)
1427372 openat(AT_FDCWD</tmp/kernel-audit2-v3r63b5w/\346\261\202\350\247\243\345\231\250>, "/usr/lib/locale/C.utf8/LC_CTYPE", O_RDONLY|O_CLOEXEC) = 3</usr/lib/locale/C.utf8/LC_CTYPE>
1427372 openat(AT_FDCWD</tmp/kernel-audit2-v3r63b5w/\346\261\202\350\247\243\345\231\250>, "/tmp/kernel-audit2-v3r63b5w/\346\261\202\350\247\243\345\231\250/\350\247\204\346\240\274/\345\206\205\346\240\270\350\276\223\345\207\272.md", O_RDONLY) = 3</tmp/kernel-audit2-v3r63b5w/\346\261\202\350\247\243\345\231\250/\350\247\204\346\240\274/\345\206\205\346\240\270\350\276\223\345\207\272.md>
1427354 --- SIGCHLD {si_signo=SIGCHLD, si_code=CLD_EXITED, si_pid=1427372, si_uid=1000, si_status=0, si_utime=0, si_stime=0} ---
1427354 openat(AT_FDCWD</tmp/kernel-audit2-v3r63b5w/\346\261\202\350\247\243\345\231\250>, "/dev/null", O_RDONLY|O_CLOEXEC) = 3</dev/null<char 1:3>>
1427373 execve("/home/zhuran24/.codex/tmp/arg0/codex-arg0DuAZRy/sha256sum", ["sha256sum", "--", "/tmp/kernel-audit2-v3r63b5w/\346\261\202\350\247\243\345\231\250/\350\247\204\346\240\274/\345\206\205\346\240\270\350\276\223\345\207\272.schema.json"], 0x7ffde62c4578 /* 135 vars */) = -1 ENOENT (No such file or directory)
1427373 execve("/home/zhuran24/.cargo/bin/sha256sum", ["sha256sum", "--", "/tmp/kernel-audit2-v3r63b5w/\346\261\202\350\247\243\345\231\250/\350\247\204\346\240\274/\345\206\205\346\240\270\350\276\223\345\207\272.schema.json"], 0x7ffde62c4578 /* 135 vars */) = -1 ENOENT (No such file or directory)
1427373 execve("/home/zhuran24/.local/bin/sha256sum", ["sha256sum", "--", "/tmp/kernel-audit2-v3r63b5w/\346\261\202\350\247\243\345\231\250/\350\247\204\346\240\274/\345\206\205\346\240\270\350\276\223\345\207\272.schema.json"], 0x7ffde62c4578 /* 135 vars */) = -1 ENOENT (No such file or directory)
1427373 execve("/home/zhuran24/.opencode/bin/sha256sum", ["sha256sum", "--", "/tmp/kernel-audit2-v3r63b5w/\346\261\202\350\247\243\345\231\250/\350\247\204\346\240\274/\345\206\205\346\240\270\350\276\223\345\207\272.schema.json"], 0x7ffde62c4578 /* 135 vars */) = -1 ENOENT (No such file or directory)
1427373 execve("/usr/local/bin/sha256sum", ["sha256sum", "--", "/tmp/kernel-audit2-v3r63b5w/\346\261\202\350\247\243\345\231\250/\350\247\204\346\240\274/\345\206\205\346\240\270\350\276\223\345\207\272.schema.json"], 0x7ffde62c4578 /* 135 vars */) = -1 ENOENT (No such file or directory)
1427373 execve("/usr/bin/sha256sum", ["sha256sum", "--", "/tmp/kernel-audit2-v3r63b5w/\346\261\202\350\247\243\345\231\250/\350\247\204\346\240\274/\345\206\205\346\240\270\350\276\223\345\207\272.schema.json"], 0x7ffde62c4578 /* 135 vars */) = 0
1427373 openat(AT_FDCWD</tmp/kernel-audit2-v3r63b5w/\346\261\202\350\247\243\345\231\250>, "/etc/ld.so.cache", O_RDONLY|O_CLOEXEC) = 3</etc/ld.so.cache>
1427373 openat(AT_FDCWD</tmp/kernel-audit2-v3r63b5w/\346\261\202\350\247\243\345\231\250>, "/usr/lib/libcrypto.so.3", O_RDONLY|O_CLOEXEC) = 3</usr/lib/libcrypto.so.3>
1427373 openat(AT_FDCWD</tmp/kernel-audit2-v3r63b5w/\346\261\202\350\247\243\345\231\250>, "/usr/lib/libc.so.6", O_RDONLY|O_CLOEXEC) = 3</usr/lib/libc.so.6>
1427373 openat(AT_FDCWD</tmp/kernel-audit2-v3r63b5w/\346\261\202\350\247\243\345\231\250>, "/usr/lib/libz.so.1", O_RDONLY|O_CLOEXEC) = 3</usr/lib/libz.so.1.3.1.zlib-ng>
1427373 openat(AT_FDCWD</tmp/kernel-audit2-v3r63b5w/\346\261\202\350\247\243\345\231\250>, "/usr/lib/libbrotlienc.so.1", O_RDONLY|O_CLOEXEC) = 3</usr/lib/libbrotlienc.so.1.2.0>
1427373 openat(AT_FDCWD</tmp/kernel-audit2-v3r63b5w/\346\261\202\350\247\243\345\231\250>, "/usr/lib/libbrotlidec.so.1", O_RDONLY|O_CLOEXEC) = 3</usr/lib/libbrotlidec.so.1.2.0>
1427373 openat(AT_FDCWD</tmp/kernel-audit2-v3r63b5w/\346\261\202\350\247\243\345\231\250>, "/usr/lib/libzstd.so.1", O_RDONLY|O_CLOEXEC) = 3</usr/lib/libzstd.so.1.5.7>
1427373 openat(AT_FDCWD</tmp/kernel-audit2-v3r63b5w/\346\261\202\350\247\243\345\231\250>, "/usr/lib/libm.so.6", O_RDONLY|O_CLOEXEC) = 3</usr/lib/libm.so.6>
1427373 openat(AT_FDCWD</tmp/kernel-audit2-v3r63b5w/\346\261\202\350\247\243\345\231\250>, "/usr/lib/libbrotlicommon.so.1", O_RDONLY|O_CLOEXEC) = 3</usr/lib/libbrotlicommon.so.1.2.0>
1427373 openat(AT_FDCWD</tmp/kernel-audit2-v3r63b5w/\346\261\202\350\247\243\345\231\250>, "/usr/lib/locale/locale-archive", O_RDONLY|O_CLOEXEC) = 3</usr/lib/locale/locale-archive>
1427373 openat(AT_FDCWD</tmp/kernel-audit2-v3r63b5w/\346\261\202\350\247\243\345\231\250>, "/usr/share/locale/locale.alias", O_RDONLY|O_CLOEXEC) = 3</usr/share/locale/locale.alias>
1427373 openat(AT_FDCWD</tmp/kernel-audit2-v3r63b5w/\346\261\202\350\247\243\345\231\250>, "/usr/lib/locale/C.UTF-8/LC_IDENTIFICATION", O_RDONLY|O_CLOEXEC) = -1 ENOENT (No such file or directory)
1427373 openat(AT_FDCWD</tmp/kernel-audit2-v3r63b5w/\346\261\202\350\247\243\345\231\250>, "/usr/lib/locale/C.utf8/LC_IDENTIFICATION", O_RDONLY|O_CLOEXEC) = 3</usr/lib/locale/C.utf8/LC_IDENTIFICATION>
1427373 openat(AT_FDCWD</tmp/kernel-audit2-v3r63b5w/\346\261\202\350\247\243\345\231\250>, "/usr/lib/gconv/gconv-modules.cache", O_RDONLY|O_CLOEXEC) = 3</usr/lib/gconv/gconv-modules.cache>
1427373 openat(AT_FDCWD</tmp/kernel-audit2-v3r63b5w/\346\261\202\350\247\243\345\231\250>, "/usr/lib/locale/C.UTF-8/LC_MEASUREMENT", O_RDONLY|O_CLOEXEC) = -1 ENOENT (No such file or directory)
1427373 openat(AT_FDCWD</tmp/kernel-audit2-v3r63b5w/\346\261\202\350\247\243\345\231\250>, "/usr/lib/locale/C.utf8/LC_MEASUREMENT", O_RDONLY|O_CLOEXEC) = 3</usr/lib/locale/C.utf8/LC_MEASUREMENT>
1427373 openat(AT_FDCWD</tmp/kernel-audit2-v3r63b5w/\346\261\202\350\247\243\345\231\250>, "/usr/lib/locale/C.UTF-8/LC_TELEPHONE", O_RDONLY|O_CLOEXEC) = -1 ENOENT (No such file or directory)
1427373 openat(AT_FDCWD</tmp/kernel-audit2-v3r63b5w/\346\261\202\350\247\243\345\231\250>, "/usr/lib/locale/C.utf8/LC_TELEPHONE", O_RDONLY|O_CLOEXEC) = 3</usr/lib/locale/C.utf8/LC_TELEPHONE>
1427373 openat(AT_FDCWD</tmp/kernel-audit2-v3r63b5w/\346\261\202\350\247\243\345\231\250>, "/usr/lib/locale/C.UTF-8/LC_ADDRESS", O_RDONLY|O_CLOEXEC) = -1 ENOENT (No such file or directory)
1427373 openat(AT_FDCWD</tmp/kernel-audit2-v3r63b5w/\346\261\202\350\247\243\345\231\250>, "/usr/lib/locale/C.utf8/LC_ADDRESS", O_RDONLY|O_CLOEXEC) = 3</usr/lib/locale/C.utf8/LC_ADDRESS>
1427373 openat(AT_FDCWD</tmp/kernel-audit2-v3r63b5w/\346\261\202\350\247\243\345\231\250>, "/usr/lib/locale/C.UTF-8/LC_NAME", O_RDONLY|O_CLOEXEC) = -1 ENOENT (No such file or directory)
1427373 openat(AT_FDCWD</tmp/kernel-audit2-v3r63b5w/\346\261\202\350\247\243\345\231\250>, "/usr/lib/locale/C.utf8/LC_NAME", O_RDONLY|O_CLOEXEC) = 3</usr/lib/locale/C.utf8/LC_NAME>
1427373 openat(AT_FDCWD</tmp/kernel-audit2-v3r63b5w/\346\261\202\350\247\243\345\231\250>, "/usr/lib/locale/C.UTF-8/LC_PAPER", O_RDONLY|O_CLOEXEC) = -1 ENOENT (No such file or directory)
1427373 openat(AT_FDCWD</tmp/kernel-audit2-v3r63b5w/\346\261\202\350\247\243\345\231\250>, "/usr/lib/locale/C.utf8/LC_PAPER", O_RDONLY|O_CLOEXEC) = 3</usr/lib/locale/C.utf8/LC_PAPER>
1427373 openat(AT_FDCWD</tmp/kernel-audit2-v3r63b5w/\346\261\202\350\247\243\345\231\250>, "/usr/lib/locale/C.UTF-8/LC_MESSAGES", O_RDONLY|O_CLOEXEC) = -1 ENOENT (No such file or directory)
1427373 openat(AT_FDCWD</tmp/kernel-audit2-v3r63b5w/\346\261\202\350\247\243\345\231\250>, "/usr/lib/locale/C.utf8/LC_MESSAGES", O_RDONLY|O_CLOEXEC) = 3</usr/lib/locale/C.utf8/LC_MESSAGES>
1427373 openat(AT_FDCWD</tmp/kernel-audit2-v3r63b5w/\346\261\202\350\247\243\345\231\250>, "/usr/lib/locale/C.utf8/LC_MESSAGES/SYS_LC_MESSAGES", O_RDONLY|O_CLOEXEC) = 3</usr/lib/locale/C.utf8/LC_MESSAGES/SYS_LC_MESSAGES>
1427373 openat(AT_FDCWD</tmp/kernel-audit2-v3r63b5w/\346\261\202\350\247\243\345\231\250>, "/usr/lib/locale/C.UTF-8/LC_MONETARY", O_RDONLY|O_CLOEXEC) = -1 ENOENT (No such file or directory)
1427373 openat(AT_FDCWD</tmp/kernel-audit2-v3r63b5w/\346\261\202\350\247\243\345\231\250>, "/usr/lib/locale/C.utf8/LC_MONETARY", O_RDONLY|O_CLOEXEC) = 3</usr/lib/locale/C.utf8/LC_MONETARY>
1427373 openat(AT_FDCWD</tmp/kernel-audit2-v3r63b5w/\346\261\202\350\247\243\345\231\250>, "/usr/lib/locale/C.UTF-8/LC_COLLATE", O_RDONLY|O_CLOEXEC) = -1 ENOENT (No such file or directory)
1427373 openat(AT_FDCWD</tmp/kernel-audit2-v3r63b5w/\346\261\202\350\247\243\345\231\250>, "/usr/lib/locale/C.utf8/LC_COLLATE", O_RDONLY|O_CLOEXEC) = 3</usr/lib/locale/C.utf8/LC_COLLATE>
1427373 openat(AT_FDCWD</tmp/kernel-audit2-v3r63b5w/\346\261\202\350\247\243\345\231\250>, "/usr/lib/locale/C.UTF-8/LC_TIME", O_RDONLY|O_CLOEXEC) = -1 ENOENT (No such file or directory)
1427373 openat(AT_FDCWD</tmp/kernel-audit2-v3r63b5w/\346\261\202\350\247\243\345\231\250>, "/usr/lib/locale/C.utf8/LC_TIME", O_RDONLY|O_CLOEXEC) = 3</usr/lib/locale/C.utf8/LC_TIME>
1427373 openat(AT_FDCWD</tmp/kernel-audit2-v3r63b5w/\346\261\202\350\247\243\345\231\250>, "/usr/lib/locale/C.UTF-8/LC_NUMERIC", O_RDONLY|O_CLOEXEC) = -1 ENOENT (No such file or directory)
1427373 openat(AT_FDCWD</tmp/kernel-audit2-v3r63b5w/\346\261\202\350\247\243\345\231\250>, "/usr/lib/locale/C.utf8/LC_NUMERIC", O_RDONLY|O_CLOEXEC) = 3</usr/lib/locale/C.utf8/LC_NUMERIC>
1427373 openat(AT_FDCWD</tmp/kernel-audit2-v3r63b5w/\346\261\202\350\247\243\345\231\250>, "/usr/lib/locale/C.UTF-8/LC_CTYPE", O_RDONLY|O_CLOEXEC) = -1 ENOENT (No such file or directory)
1427373 openat(AT_FDCWD</tmp/kernel-audit2-v3r63b5w/\346\261\202\350\247\243\345\231\250>, "/usr/lib/locale/C.utf8/LC_CTYPE", O_RDONLY|O_CLOEXEC) = 3</usr/lib/locale/C.utf8/LC_CTYPE>
1427373 openat(AT_FDCWD</tmp/kernel-audit2-v3r63b5w/\346\261\202\350\247\243\345\231\250>, "/tmp/kernel-audit2-v3r63b5w/\346\261\202\350\247\243\345\231\250/\350\247\204\346\240\274/\345\206\205\346\240\270\350\276\223\345\207\272.schema.json", O_RDONLY) = 3</tmp/kernel-audit2-v3r63b5w/\346\261\202\350\247\243\345\231\250/\350\247\204\346\240\274/\345\206\205\346\240\270\350\276\223\345\207\272.schema.json>
1427354 --- SIGCHLD {si_signo=SIGCHLD, si_code=CLD_EXITED, si_pid=1427373, si_uid=1000, si_status=0, si_utime=0, si_stime=0} ---
1427354 openat(AT_FDCWD</tmp/kernel-audit2-v3r63b5w/\346\261\202\350\247\243\345\231\250>, "/dev/null", O_RDONLY|O_CLOEXEC) = 3</dev/null<char 1:3>>
1427374 execve("/home/zhuran24/.codex/tmp/arg0/codex-arg0DuAZRy/sha256sum", ["sha256sum", "--", "/tmp/kernel-audit2-v3r63b5w/\346\261\202\350\247\243\345\231\250/crates/kernel/\345\221\250\346\234\237\351\224\256\350\257\273\345\217\226\345\256\241\350\256\241.md"], 0x7ffde62c4578 /* 135 vars */) = -1 ENOENT (No such file or directory)
1427374 execve("/home/zhuran24/.cargo/bin/sha256sum", ["sha256sum", "--", "/tmp/kernel-audit2-v3r63b5w/\346\261\202\350\247\243\345\231\250/crates/kernel/\345\221\250\346\234\237\351\224\256\350\257\273\345\217\226\345\256\241\350\256\241.md"], 0x7ffde62c4578 /* 135 vars */) = -1 ENOENT (No such file or directory)
1427374 execve("/home/zhuran24/.local/bin/sha256sum", ["sha256sum", "--", "/tmp/kernel-audit2-v3r63b5w/\346\261\202\350\247\243\345\231\250/crates/kernel/\345\221\250\346\234\237\351\224\256\350\257\273\345\217\226\345\256\241\350\256\241.md"], 0x7ffde62c4578 /* 135 vars */) = -1 ENOENT (No such file or directory)
1427374 execve("/home/zhuran24/.opencode/bin/sha256sum", ["sha256sum", "--", "/tmp/kernel-audit2-v3r63b5w/\346\261\202\350\247\243\345\231\250/crates/kernel/\345\221\250\346\234\237\351\224\256\350\257\273\345\217\226\345\256\241\350\256\241.md"], 0x7ffde62c4578 /* 135 vars */) = -1 ENOENT (No such file or directory)
1427374 execve("/usr/local/bin/sha256sum", ["sha256sum", "--", "/tmp/kernel-audit2-v3r63b5w/\346\261\202\350\247\243\345\231\250/crates/kernel/\345\221\250\346\234\237\351\224\256\350\257\273\345\217\226\345\256\241\350\256\241.md"], 0x7ffde62c4578 /* 135 vars */) = -1 ENOENT (No such file or directory)
1427374 execve("/usr/bin/sha256sum", ["sha256sum", "--", "/tmp/kernel-audit2-v3r63b5w/\346\261\202\350\247\243\345\231\250/crates/kernel/\345\221\250\346\234\237\351\224\256\350\257\273\345\217\226\345\256\241\350\256\241.md"], 0x7ffde62c4578 /* 135 vars */) = 0
1427374 openat(AT_FDCWD</tmp/kernel-audit2-v3r63b5w/\346\261\202\350\247\243\345\231\250>, "/etc/ld.so.cache", O_RDONLY|O_CLOEXEC) = 3</etc/ld.so.cache>
1427374 openat(AT_FDCWD</tmp/kernel-audit2-v3r63b5w/\346\261\202\350\247\243\345\231\250>, "/usr/lib/libcrypto.so.3", O_RDONLY|O_CLOEXEC) = 3</usr/lib/libcrypto.so.3>
1427374 openat(AT_FDCWD</tmp/kernel-audit2-v3r63b5w/\346\261\202\350\247\243\345\231\250>, "/usr/lib/libc.so.6", O_RDONLY|O_CLOEXEC) = 3</usr/lib/libc.so.6>
1427374 openat(AT_FDCWD</tmp/kernel-audit2-v3r63b5w/\346\261\202\350\247\243\345\231\250>, "/usr/lib/libz.so.1", O_RDONLY|O_CLOEXEC) = 3</usr/lib/libz.so.1.3.1.zlib-ng>
1427374 openat(AT_FDCWD</tmp/kernel-audit2-v3r63b5w/\346\261\202\350\247\243\345\231\250>, "/usr/lib/libbrotlienc.so.1", O_RDONLY|O_CLOEXEC) = 3</usr/lib/libbrotlienc.so.1.2.0>
1427374 openat(AT_FDCWD</tmp/kernel-audit2-v3r63b5w/\346\261\202\350\247\243\345\231\250>, "/usr/lib/libbrotlidec.so.1", O_RDONLY|O_CLOEXEC) = 3</usr/lib/libbrotlidec.so.1.2.0>
1427374 openat(AT_FDCWD</tmp/kernel-audit2-v3r63b5w/\346\261\202\350\247\243\345\231\250>, "/usr/lib/libzstd.so.1", O_RDONLY|O_CLOEXEC) = 3</usr/lib/libzstd.so.1.5.7>
1427374 openat(AT_FDCWD</tmp/kernel-audit2-v3r63b5w/\346\261\202\350\247\243\345\231\250>, "/usr/lib/libm.so.6", O_RDONLY|O_CLOEXEC) = 3</usr/lib/libm.so.6>
1427374 openat(AT_FDCWD</tmp/kernel-audit2-v3r63b5w/\346\261\202\350\247\243\345\231\250>, "/usr/lib/libbrotlicommon.so.1", O_RDONLY|O_CLOEXEC) = 3</usr/lib/libbrotlicommon.so.1.2.0>
1427374 openat(AT_FDCWD</tmp/kernel-audit2-v3r63b5w/\346\261\202\350\247\243\345\231\250>, "/usr/lib/locale/locale-archive", O_RDONLY|O_CLOEXEC) = 3</usr/lib/locale/locale-archive>
1427374 openat(AT_FDCWD</tmp/kernel-audit2-v3r63b5w/\346\261\202\350\247\243\345\231\250>, "/usr/share/locale/locale.alias", O_RDONLY|O_CLOEXEC) = 3</usr/share/locale/locale.alias>
1427374 openat(AT_FDCWD</tmp/kernel-audit2-v3r63b5w/\346\261\202\350\247\243\345\231\250>, "/usr/lib/locale/C.UTF-8/LC_IDENTIFICATION", O_RDONLY|O_CLOEXEC) = -1 ENOENT (No such file or directory)
1427374 openat(AT_FDCWD</tmp/kernel-audit2-v3r63b5w/\346\261\202\350\247\243\345\231\250>, "/usr/lib/locale/C.utf8/LC_IDENTIFICATION", O_RDONLY|O_CLOEXEC) = 3</usr/lib/locale/C.utf8/LC_IDENTIFICATION>
1427374 openat(AT_FDCWD</tmp/kernel-audit2-v3r63b5w/\346\261\202\350\247\243\345\231\250>, "/usr/lib/gconv/gconv-modules.cache", O_RDONLY|O_CLOEXEC) = 3</usr/lib/gconv/gconv-modules.cache>
1427374 openat(AT_FDCWD</tmp/kernel-audit2-v3r63b5w/\346\261\202\350\247\243\345\231\250>, "/usr/lib/locale/C.UTF-8/LC_MEASUREMENT", O_RDONLY|O_CLOEXEC) = -1 ENOENT (No such file or directory)
1427374 openat(AT_FDCWD</tmp/kernel-audit2-v3r63b5w/\346\261\202\350\247\243\345\231\250>, "/usr/lib/locale/C.utf8/LC_MEASUREMENT", O_RDONLY|O_CLOEXEC) = 3</usr/lib/locale/C.utf8/LC_MEASUREMENT>
1427374 openat(AT_FDCWD</tmp/kernel-audit2-v3r63b5w/\346\261\202\350\247\243\345\231\250>, "/usr/lib/locale/C.UTF-8/LC_TELEPHONE", O_RDONLY|O_CLOEXEC) = -1 ENOENT (No such file or directory)
1427374 openat(AT_FDCWD</tmp/kernel-audit2-v3r63b5w/\346\261\202\350\247\243\345\231\250>, "/usr/lib/locale/C.utf8/LC_TELEPHONE", O_RDONLY|O_CLOEXEC) = 3</usr/lib/locale/C.utf8/LC_TELEPHONE>
1427374 openat(AT_FDCWD</tmp/kernel-audit2-v3r63b5w/\346\261\202\350\247\243\345\231\250>, "/usr/lib/locale/C.UTF-8/LC_ADDRESS", O_RDONLY|O_CLOEXEC) = -1 ENOENT (No such file or directory)
1427374 openat(AT_FDCWD</tmp/kernel-audit2-v3r63b5w/\346\261\202\350\247\243\345\231\250>, "/usr/lib/locale/C.utf8/LC_ADDRESS", O_RDONLY|O_CLOEXEC) = 3</usr/lib/locale/C.utf8/LC_ADDRESS>
1427374 openat(AT_FDCWD</tmp/kernel-audit2-v3r63b5w/\346\261\202\350\247\243\345\231\250>, "/usr/lib/locale/C.UTF-8/LC_NAME", O_RDONLY|O_CLOEXEC) = -1 ENOENT (No such file or directory)
1427374 openat(AT_FDCWD</tmp/kernel-audit2-v3r63b5w/\346\261\202\350\247\243\345\231\250>, "/usr/lib/locale/C.utf8/LC_NAME", O_RDONLY|O_CLOEXEC) = 3</usr/lib/locale/C.utf8/LC_NAME>
1427374 openat(AT_FDCWD</tmp/kernel-audit2-v3r63b5w/\346\261\202\350\247\243\345\231\250>, "/usr/lib/locale/C.UTF-8/LC_PAPER", O_RDONLY|O_CLOEXEC) = -1 ENOENT (No such file or directory)
1427374 openat(AT_FDCWD</tmp/kernel-audit2-v3r63b5w/\346\261\202\350\247\243\345\231\250>, "/usr/lib/locale/C.utf8/LC_PAPER", O_RDONLY|O_CLOEXEC) = 3</usr/lib/locale/C.utf8/LC_PAPER>
1427374 openat(AT_FDCWD</tmp/kernel-audit2-v3r63b5w/\346\261\202\350\247\243\345\231\250>, "/usr/lib/locale/C.UTF-8/LC_MESSAGES", O_RDONLY|O_CLOEXEC) = -1 ENOENT (No such file or directory)
1427374 openat(AT_FDCWD</tmp/kernel-audit2-v3r63b5w/\346\261\202\350\247\243\345\231\250>, "/usr/lib/locale/C.utf8/LC_MESSAGES", O_RDONLY|O_CLOEXEC) = 3</usr/lib/locale/C.utf8/LC_MESSAGES>
1427374 openat(AT_FDCWD</tmp/kernel-audit2-v3r63b5w/\346\261\202\350\247\243\345\231\250>, "/usr/lib/locale/C.utf8/LC_MESSAGES/SYS_LC_MESSAGES", O_RDONLY|O_CLOEXEC) = 3</usr/lib/locale/C.utf8/LC_MESSAGES/SYS_LC_MESSAGES>
1427374 openat(AT_FDCWD</tmp/kernel-audit2-v3r63b5w/\346\261\202\350\247\243\345\231\250>, "/usr/lib/locale/C.UTF-8/LC_MONETARY", O_RDONLY|O_CLOEXEC) = -1 ENOENT (No such file or directory)
1427374 openat(AT_FDCWD</tmp/kernel-audit2-v3r63b5w/\346\261\202\350\247\243\345\231\250>, "/usr/lib/locale/C.utf8/LC_MONETARY", O_RDONLY|O_CLOEXEC) = 3</usr/lib/locale/C.utf8/LC_MONETARY>
1427374 openat(AT_FDCWD</tmp/kernel-audit2-v3r63b5w/\346\261\202\350\247\243\345\231\250>, "/usr/lib/locale/C.UTF-8/LC_COLLATE", O_RDONLY|O_CLOEXEC) = -1 ENOENT (No such file or directory)
1427374 openat(AT_FDCWD</tmp/kernel-audit2-v3r63b5w/\346\261\202\350\247\243\345\231\250>, "/usr/lib/locale/C.utf8/LC_COLLATE", O_RDONLY|O_CLOEXEC) = 3</usr/lib/locale/C.utf8/LC_COLLATE>
1427374 openat(AT_FDCWD</tmp/kernel-audit2-v3r63b5w/\346\261\202\350\247\243\345\231\250>, "/usr/lib/locale/C.UTF-8/LC_TIME", O_RDONLY|O_CLOEXEC) = -1 ENOENT (No such file or directory)
1427374 openat(AT_FDCWD</tmp/kernel-audit2-v3r63b5w/\346\261\202\350\247\243\345\231\250>, "/usr/lib/locale/C.utf8/LC_TIME", O_RDONLY|O_CLOEXEC) = 3</usr/lib/locale/C.utf8/LC_TIME>
1427374 openat(AT_FDCWD</tmp/kernel-audit2-v3r63b5w/\346\261\202\350\247\243\345\231\250>, "/usr/lib/locale/C.UTF-8/LC_NUMERIC", O_RDONLY|O_CLOEXEC) = -1 ENOENT (No such file or directory)
1427374 openat(AT_FDCWD</tmp/kernel-audit2-v3r63b5w/\346\261\202\350\247\243\345\231\250>, "/usr/lib/locale/C.utf8/LC_NUMERIC", O_RDONLY|O_CLOEXEC) = 3</usr/lib/locale/C.utf8/LC_NUMERIC>
1427374 openat(AT_FDCWD</tmp/kernel-audit2-v3r63b5w/\346\261\202\350\247\243\345\231\250>, "/usr/lib/locale/C.UTF-8/LC_CTYPE", O_RDONLY|O_CLOEXEC) = -1 ENOENT (No such file or directory)
1427374 openat(AT_FDCWD</tmp/kernel-audit2-v3r63b5w/\346\261\202\350\247\243\345\231\250>, "/usr/lib/locale/C.utf8/LC_CTYPE", O_RDONLY|O_CLOEXEC) = 3</usr/lib/locale/C.utf8/LC_CTYPE>
1427374 openat(AT_FDCWD</tmp/kernel-audit2-v3r63b5w/\346\261\202\350\247\243\345\231\250>, "/tmp/kernel-audit2-v3r63b5w/\346\261\202\350\247\243\345\231\250/crates/kernel/\345\221\250\346\234\237\351\224\256\350\257\273\345\217\226\345\256\241\350\256\241.md", O_RDONLY) = 3</tmp/kernel-audit2-v3r63b5w/\346\261\202\350\247\243\345\231\250/crates/kernel/\345\221\250\346\234\237\351\224\256\350\257\273\345\217\226\345\256\241\350\256\241.md>
1427354 --- SIGCHLD {si_signo=SIGCHLD, si_code=CLD_EXITED, si_pid=1427374, si_uid=1000, si_status=0, si_utime=0, si_stime=0} ---
1427354 openat(AT_FDCWD</tmp/kernel-audit2-v3r63b5w/\346\261\202\350\247\243\345\231\250>, "/dev/null", O_RDONLY|O_CLOEXEC) = 3</dev/null<char 1:3>>
1427375 execve("/home/zhuran24/.codex/tmp/arg0/codex-arg0DuAZRy/sha256sum", ["sha256sum", "--", "/tmp/kernel-audit2-v3r63b5w/\346\261\202\350\247\243\345\231\250/crates/kernel/src/value.rs"], 0x7ffde62c4578 /* 135 vars */) = -1 ENOENT (No such file or directory)
1427375 execve("/home/zhuran24/.cargo/bin/sha256sum", ["sha256sum", "--", "/tmp/kernel-audit2-v3r63b5w/\346\261\202\350\247\243\345\231\250/crates/kernel/src/value.rs"], 0x7ffde62c4578 /* 135 vars */) = -1 ENOENT (No such file or directory)
1427375 execve("/home/zhuran24/.local/bin/sha256sum", ["sha256sum", "--", "/tmp/kernel-audit2-v3r63b5w/\346\261\202\350\247\243\345\231\250/crates/kernel/src/value.rs"], 0x7ffde62c4578 /* 135 vars */) = -1 ENOENT (No such file or directory)
1427375 execve("/home/zhuran24/.opencode/bin/sha256sum", ["sha256sum", "--", "/tmp/kernel-audit2-v3r63b5w/\346\261\202\350\247\243\345\231\250/crates/kernel/src/value.rs"], 0x7ffde62c4578 /* 135 vars */) = -1 ENOENT (No such file or directory)
1427375 execve("/usr/local/bin/sha256sum", ["sha256sum", "--", "/tmp/kernel-audit2-v3r63b5w/\346\261\202\350\247\243\345\231\250/crates/kernel/src/value.rs"], 0x7ffde62c4578 /* 135 vars */) = -1 ENOENT (No such file or directory)
1427375 execve("/usr/bin/sha256sum", ["sha256sum", "--", "/tmp/kernel-audit2-v3r63b5w/\346\261\202\350\247\243\345\231\250/crates/kernel/src/value.rs"], 0x7ffde62c4578 /* 135 vars */) = 0
1427375 openat(AT_FDCWD</tmp/kernel-audit2-v3r63b5w/\346\261\202\350\247\243\345\231\250>, "/etc/ld.so.cache", O_RDONLY|O_CLOEXEC) = 3</etc/ld.so.cache>
1427375 openat(AT_FDCWD</tmp/kernel-audit2-v3r63b5w/\346\261\202\350\247\243\345\231\250>, "/usr/lib/libcrypto.so.3", O_RDONLY|O_CLOEXEC) = 3</usr/lib/libcrypto.so.3>
1427375 openat(AT_FDCWD</tmp/kernel-audit2-v3r63b5w/\346\261\202\350\247\243\345\231\250>, "/usr/lib/libc.so.6", O_RDONLY|O_CLOEXEC) = 3</usr/lib/libc.so.6>
1427375 openat(AT_FDCWD</tmp/kernel-audit2-v3r63b5w/\346\261\202\350\247\243\345\231\250>, "/usr/lib/libz.so.1", O_RDONLY|O_CLOEXEC) = 3</usr/lib/libz.so.1.3.1.zlib-ng>
1427375 openat(AT_FDCWD</tmp/kernel-audit2-v3r63b5w/\346\261\202\350\247\243\345\231\250>, "/usr/lib/libbrotlienc.so.1", O_RDONLY|O_CLOEXEC) = 3</usr/lib/libbrotlienc.so.1.2.0>
1427375 openat(AT_FDCWD</tmp/kernel-audit2-v3r63b5w/\346\261\202\350\247\243\345\231\250>, "/usr/lib/libbrotlidec.so.1", O_RDONLY|O_CLOEXEC) = 3</usr/lib/libbrotlidec.so.1.2.0>
1427375 openat(AT_FDCWD</tmp/kernel-audit2-v3r63b5w/\346\261\202\350\247\243\345\231\250>, "/usr/lib/libzstd.so.1", O_RDONLY|O_CLOEXEC) = 3</usr/lib/libzstd.so.1.5.7>
1427375 openat(AT_FDCWD</tmp/kernel-audit2-v3r63b5w/\346\261\202\350\247\243\345\231\250>, "/usr/lib/libm.so.6", O_RDONLY|O_CLOEXEC) = 3</usr/lib/libm.so.6>
1427375 openat(AT_FDCWD</tmp/kernel-audit2-v3r63b5w/\346\261\202\350\247\243\345\231\250>, "/usr/lib/libbrotlicommon.so.1", O_RDONLY|O_CLOEXEC) = 3</usr/lib/libbrotlicommon.so.1.2.0>
1427375 openat(AT_FDCWD</tmp/kernel-audit2-v3r63b5w/\346\261\202\350\247\243\345\231\250>, "/usr/lib/locale/locale-archive", O_RDONLY|O_CLOEXEC) = 3</usr/lib/locale/locale-archive>
1427375 openat(AT_FDCWD</tmp/kernel-audit2-v3r63b5w/\346\261\202\350\247\243\345\231\250>, "/usr/share/locale/locale.alias", O_RDONLY|O_CLOEXEC) = 3</usr/share/locale/locale.alias>
1427375 openat(AT_FDCWD</tmp/kernel-audit2-v3r63b5w/\346\261\202\350\247\243\345\231\250>, "/usr/lib/locale/C.UTF-8/LC_IDENTIFICATION", O_RDONLY|O_CLOEXEC) = -1 ENOENT (No such file or directory)
1427375 openat(AT_FDCWD</tmp/kernel-audit2-v3r63b5w/\346\261\202\350\247\243\345\231\250>, "/usr/lib/locale/C.utf8/LC_IDENTIFICATION", O_RDONLY|O_CLOEXEC) = 3</usr/lib/locale/C.utf8/LC_IDENTIFICATION>
1427375 openat(AT_FDCWD</tmp/kernel-audit2-v3r63b5w/\346\261\202\350\247\243\345\231\250>, "/usr/lib/gconv/gconv-modules.cache", O_RDONLY|O_CLOEXEC) = 3</usr/lib/gconv/gconv-modules.cache>
1427375 openat(AT_FDCWD</tmp/kernel-audit2-v3r63b5w/\346\261\202\350\247\243\345\231\250>, "/usr/lib/locale/C.UTF-8/LC_MEASUREMENT", O_RDONLY|O_CLOEXEC) = -1 ENOENT (No such file or directory)
1427375 openat(AT_FDCWD</tmp/kernel-audit2-v3r63b5w/\346\261\202\350\247\243\345\231\250>, "/usr/lib/locale/C.utf8/LC_MEASUREMENT", O_RDONLY|O_CLOEXEC) = 3</usr/lib/locale/C.utf8/LC_MEASUREMENT>
1427375 openat(AT_FDCWD</tmp/kernel-audit2-v3r63b5w/\346\261\202\350\247\243\345\231\250>, "/usr/lib/locale/C.UTF-8/LC_TELEPHONE", O_RDONLY|O_CLOEXEC) = -1 ENOENT (No such file or directory)
1427375 openat(AT_FDCWD</tmp/kernel-audit2-v3r63b5w/\346\261\202\350\247\243\345\231\250>, "/usr/lib/locale/C.utf8/LC_TELEPHONE", O_RDONLY|O_CLOEXEC) = 3</usr/lib/locale/C.utf8/LC_TELEPHONE>
1427375 openat(AT_FDCWD</tmp/kernel-audit2-v3r63b5w/\346\261\202\350\247\243\345\231\250>, "/usr/lib/locale/C.UTF-8/LC_ADDRESS", O_RDONLY|O_CLOEXEC) = -1 ENOENT (No such file or directory)
1427375 openat(AT_FDCWD</tmp/kernel-audit2-v3r63b5w/\346\261\202\350\247\243\345\231\250>, "/usr/lib/locale/C.utf8/LC_ADDRESS", O_RDONLY|O_CLOEXEC) = 3</usr/lib/locale/C.utf8/LC_ADDRESS>
1427375 openat(AT_FDCWD</tmp/kernel-audit2-v3r63b5w/\346\261\202\350\247\243\345\231\250>, "/usr/lib/locale/C.UTF-8/LC_NAME", O_RDONLY|O_CLOEXEC) = -1 ENOENT (No such file or directory)
1427375 openat(AT_FDCWD</tmp/kernel-audit2-v3r63b5w/\346\261\202\350\247\243\345\231\250>, "/usr/lib/locale/C.utf8/LC_NAME", O_RDONLY|O_CLOEXEC) = 3</usr/lib/locale/C.utf8/LC_NAME>
1427375 openat(AT_FDCWD</tmp/kernel-audit2-v3r63b5w/\346\261\202\350\247\243\345\231\250>, "/usr/lib/locale/C.UTF-8/LC_PAPER", O_RDONLY|O_CLOEXEC) = -1 ENOENT (No such file or directory)
1427375 openat(AT_FDCWD</tmp/kernel-audit2-v3r63b5w/\346\261\202\350\247\243\345\231\250>, "/usr/lib/locale/C.utf8/LC_PAPER", O_RDONLY|O_CLOEXEC) = 3</usr/lib/locale/C.utf8/LC_PAPER>
1427375 openat(AT_FDCWD</tmp/kernel-audit2-v3r63b5w/\346\261\202\350\247\243\345\231\250>, "/usr/lib/locale/C.UTF-8/LC_MESSAGES", O_RDONLY|O_CLOEXEC) = -1 ENOENT (No such file or directory)
1427375 openat(AT_FDCWD</tmp/kernel-audit2-v3r63b5w/\346\261\202\350\247\243\345\231\250>, "/usr/lib/locale/C.utf8/LC_MESSAGES", O_RDONLY|O_CLOEXEC) = 3</usr/lib/locale/C.utf8/LC_MESSAGES>
1427375 openat(AT_FDCWD</tmp/kernel-audit2-v3r63b5w/\346\261\202\350\247\243\345\231\250>, "/usr/lib/locale/C.utf8/LC_MESSAGES/SYS_LC_MESSAGES", O_RDONLY|O_CLOEXEC) = 3</usr/lib/locale/C.utf8/LC_MESSAGES/SYS_LC_MESSAGES>
1427375 openat(AT_FDCWD</tmp/kernel-audit2-v3r63b5w/\346\261\202\350\247\243\345\231\250>, "/usr/lib/locale/C.UTF-8/LC_MONETARY", O_RDONLY|O_CLOEXEC) = -1 ENOENT (No such file or directory)
1427375 openat(AT_FDCWD</tmp/kernel-audit2-v3r63b5w/\346\261\202\350\247\243\345\231\250>, "/usr/lib/locale/C.utf8/LC_MONETARY", O_RDONLY|O_CLOEXEC) = 3</usr/lib/locale/C.utf8/LC_MONETARY>
1427375 openat(AT_FDCWD</tmp/kernel-audit2-v3r63b5w/\346\261\202\350\247\243\345\231\250>, "/usr/lib/locale/C.UTF-8/LC_COLLATE", O_RDONLY|O_CLOEXEC) = -1 ENOENT (No such file or directory)
1427375 openat(AT_FDCWD</tmp/kernel-audit2-v3r63b5w/\346\261\202\350\247\243\345\231\250>, "/usr/lib/locale/C.utf8/LC_COLLATE", O_RDONLY|O_CLOEXEC) = 3</usr/lib/locale/C.utf8/LC_COLLATE>
1427375 openat(AT_FDCWD</tmp/kernel-audit2-v3r63b5w/\346\261\202\350\247\243\345\231\250>, "/usr/lib/locale/C.UTF-8/LC_TIME", O_RDONLY|O_CLOEXEC) = -1 ENOENT (No such file or directory)
1427375 openat(AT_FDCWD</tmp/kernel-audit2-v3r63b5w/\346\261\202\350\247\243\345\231\250>, "/usr/lib/locale/C.utf8/LC_TIME", O_RDONLY|O_CLOEXEC) = 3</usr/lib/locale/C.utf8/LC_TIME>
1427375 openat(AT_FDCWD</tmp/kernel-audit2-v3r63b5w/\346\261\202\350\247\243\345\231\250>, "/usr/lib/locale/C.UTF-8/LC_NUMERIC", O_RDONLY|O_CLOEXEC) = -1 ENOENT (No such file or directory)
1427375 openat(AT_FDCWD</tmp/kernel-audit2-v3r63b5w/\346\261\202\350\247\243\345\231\250>, "/usr/lib/locale/C.utf8/LC_NUMERIC", O_RDONLY|O_CLOEXEC) = 3</usr/lib/locale/C.utf8/LC_NUMERIC>
1427375 openat(AT_FDCWD</tmp/kernel-audit2-v3r63b5w/\346\261\202\350\247\243\345\231\250>, "/usr/lib/locale/C.UTF-8/LC_CTYPE", O_RDONLY|O_CLOEXEC) = -1 ENOENT (No such file or directory)
1427375 openat(AT_FDCWD</tmp/kernel-audit2-v3r63b5w/\346\261\202\350\247\243\345\231\250>, "/usr/lib/locale/C.utf8/LC_CTYPE", O_RDONLY|O_CLOEXEC) = 3</usr/lib/locale/C.utf8/LC_CTYPE>
1427375 openat(AT_FDCWD</tmp/kernel-audit2-v3r63b5w/\346\261\202\350\247\243\345\231\250>, "/tmp/kernel-audit2-v3r63b5w/\346\261\202\350\247\243\345\231\250/crates/kernel/src/value.rs", O_RDONLY) = 3</tmp/kernel-audit2-v3r63b5w/\346\261\202\350\247\243\345\231\250/crates/kernel/src/value.rs>
1427354 --- SIGCHLD {si_signo=SIGCHLD, si_code=CLD_EXITED, si_pid=1427375, si_uid=1000, si_status=0, si_utime=0, si_stime=0} ---
1427354 openat(AT_FDCWD</tmp/kernel-audit2-v3r63b5w/\346\261\202\350\247\243\345\231\250>, "/dev/null", O_RDONLY|O_CLOEXEC) = 3</dev/null<char 1:3>>
1427376 execve("/home/zhuran24/.codex/tmp/arg0/codex-arg0DuAZRy/sha256sum", ["sha256sum", "--", "/tmp/kernel-audit2-v3r63b5w/\346\261\202\350\247\243\345\231\250/crates/kernel/src/config.rs"], 0x7ffde62c4578 /* 135 vars */) = -1 ENOENT (No such file or directory)
1427376 execve("/home/zhuran24/.cargo/bin/sha256sum", ["sha256sum", "--", "/tmp/kernel-audit2-v3r63b5w/\346\261\202\350\247\243\345\231\250/crates/kernel/src/config.rs"], 0x7ffde62c4578 /* 135 vars */) = -1 ENOENT (No such file or directory)
1427376 execve("/home/zhuran24/.local/bin/sha256sum", ["sha256sum", "--", "/tmp/kernel-audit2-v3r63b5w/\346\261\202\350\247\243\345\231\250/crates/kernel/src/config.rs"], 0x7ffde62c4578 /* 135 vars */) = -1 ENOENT (No such file or directory)
1427376 execve("/home/zhuran24/.opencode/bin/sha256sum", ["sha256sum", "--", "/tmp/kernel-audit2-v3r63b5w/\346\261\202\350\247\243\345\231\250/crates/kernel/src/config.rs"], 0x7ffde62c4578 /* 135 vars */) = -1 ENOENT (No such file or directory)
1427376 execve("/usr/local/bin/sha256sum", ["sha256sum", "--", "/tmp/kernel-audit2-v3r63b5w/\346\261\202\350\247\243\345\231\250/crates/kernel/src/config.rs"], 0x7ffde62c4578 /* 135 vars */) = -1 ENOENT (No such file or directory)
1427376 execve("/usr/bin/sha256sum", ["sha256sum", "--", "/tmp/kernel-audit2-v3r63b5w/\346\261\202\350\247\243\345\231\250/crates/kernel/src/config.rs"], 0x7ffde62c4578 /* 135 vars */) = 0
1427376 openat(AT_FDCWD</tmp/kernel-audit2-v3r63b5w/\346\261\202\350\247\243\345\231\250>, "/etc/ld.so.cache", O_RDONLY|O_CLOEXEC) = 3</etc/ld.so.cache>
1427376 openat(AT_FDCWD</tmp/kernel-audit2-v3r63b5w/\346\261\202\350\247\243\345\231\250>, "/usr/lib/libcrypto.so.3", O_RDONLY|O_CLOEXEC) = 3</usr/lib/libcrypto.so.3>
1427376 openat(AT_FDCWD</tmp/kernel-audit2-v3r63b5w/\346\261\202\350\247\243\345\231\250>, "/usr/lib/libc.so.6", O_RDONLY|O_CLOEXEC) = 3</usr/lib/libc.so.6>
1427376 openat(AT_FDCWD</tmp/kernel-audit2-v3r63b5w/\346\261\202\350\247\243\345\231\250>, "/usr/lib/libz.so.1", O_RDONLY|O_CLOEXEC) = 3</usr/lib/libz.so.1.3.1.zlib-ng>
1427376 openat(AT_FDCWD</tmp/kernel-audit2-v3r63b5w/\346\261\202\350\247\243\345\231\250>, "/usr/lib/libbrotlienc.so.1", O_RDONLY|O_CLOEXEC) = 3</usr/lib/libbrotlienc.so.1.2.0>
1427376 openat(AT_FDCWD</tmp/kernel-audit2-v3r63b5w/\346\261\202\350\247\243\345\231\250>, "/usr/lib/libbrotlidec.so.1", O_RDONLY|O_CLOEXEC) = 3</usr/lib/libbrotlidec.so.1.2.0>
1427376 openat(AT_FDCWD</tmp/kernel-audit2-v3r63b5w/\346\261\202\350\247\243\345\231\250>, "/usr/lib/libzstd.so.1", O_RDONLY|O_CLOEXEC) = 3</usr/lib/libzstd.so.1.5.7>
1427376 openat(AT_FDCWD</tmp/kernel-audit2-v3r63b5w/\346\261\202\350\247\243\345\231\250>, "/usr/lib/libm.so.6", O_RDONLY|O_CLOEXEC) = 3</usr/lib/libm.so.6>
1427376 openat(AT_FDCWD</tmp/kernel-audit2-v3r63b5w/\346\261\202\350\247\243\345\231\250>, "/usr/lib/libbrotlicommon.so.1", O_RDONLY|O_CLOEXEC) = 3</usr/lib/libbrotlicommon.so.1.2.0>
1427376 openat(AT_FDCWD</tmp/kernel-audit2-v3r63b5w/\346\261\202\350\247\243\345\231\250>, "/usr/lib/locale/locale-archive", O_RDONLY|O_CLOEXEC) = 3</usr/lib/locale/locale-archive>
1427376 openat(AT_FDCWD</tmp/kernel-audit2-v3r63b5w/\346\261\202\350\247\243\345\231\250>, "/usr/share/locale/locale.alias", O_RDONLY|O_CLOEXEC) = 3</usr/share/locale/locale.alias>
1427376 openat(AT_FDCWD</tmp/kernel-audit2-v3r63b5w/\346\261\202\350\247\243\345\231\250>, "/usr/lib/locale/C.UTF-8/LC_IDENTIFICATION", O_RDONLY|O_CLOEXEC) = -1 ENOENT (No such file or directory)
1427376 openat(AT_FDCWD</tmp/kernel-audit2-v3r63b5w/\346\261\202\350\247\243\345\231\250>, "/usr/lib/locale/C.utf8/LC_IDENTIFICATION", O_RDONLY|O_CLOEXEC) = 3</usr/lib/locale/C.utf8/LC_IDENTIFICATION>
1427376 openat(AT_FDCWD</tmp/kernel-audit2-v3r63b5w/\346\261\202\350\247\243\345\231\250>, "/usr/lib/gconv/gconv-modules.cache", O_RDONLY|O_CLOEXEC) = 3</usr/lib/gconv/gconv-modules.cache>
1427376 openat(AT_FDCWD</tmp/kernel-audit2-v3r63b5w/\346\261\202\350\247\243\345\231\250>, "/usr/lib/locale/C.UTF-8/LC_MEASUREMENT", O_RDONLY|O_CLOEXEC) = -1 ENOENT (No such file or directory)
1427376 openat(AT_FDCWD</tmp/kernel-audit2-v3r63b5w/\346\261\202\350\247\243\345\231\250>, "/usr/lib/locale/C.utf8/LC_MEASUREMENT", O_RDONLY|O_CLOEXEC) = 3</usr/lib/locale/C.utf8/LC_MEASUREMENT>
1427376 openat(AT_FDCWD</tmp/kernel-audit2-v3r63b5w/\346\261\202\350\247\243\345\231\250>, "/usr/lib/locale/C.UTF-8/LC_TELEPHONE", O_RDONLY|O_CLOEXEC) = -1 ENOENT (No such file or directory)
1427376 openat(AT_FDCWD</tmp/kernel-audit2-v3r63b5w/\346\261\202\350\247\243\345\231\250>, "/usr/lib/locale/C.utf8/LC_TELEPHONE", O_RDONLY|O_CLOEXEC) = 3</usr/lib/locale/C.utf8/LC_TELEPHONE>
1427376 openat(AT_FDCWD</tmp/kernel-audit2-v3r63b5w/\346\261\202\350\247\243\345\231\250>, "/usr/lib/locale/C.UTF-8/LC_ADDRESS", O_RDONLY|O_CLOEXEC) = -1 ENOENT (No such file or directory)
1427376 openat(AT_FDCWD</tmp/kernel-audit2-v3r63b5w/\346\261\202\350\247\243\345\231\250>, "/usr/lib/locale/C.utf8/LC_ADDRESS", O_RDONLY|O_CLOEXEC) = 3</usr/lib/locale/C.utf8/LC_ADDRESS>
1427376 openat(AT_FDCWD</tmp/kernel-audit2-v3r63b5w/\346\261\202\350\247\243\345\231\250>, "/usr/lib/locale/C.UTF-8/LC_NAME", O_RDONLY|O_CLOEXEC) = -1 ENOENT (No such file or directory)
1427376 openat(AT_FDCWD</tmp/kernel-audit2-v3r63b5w/\346\261\202\350\247\243\345\231\250>, "/usr/lib/locale/C.utf8/LC_NAME", O_RDONLY|O_CLOEXEC) = 3</usr/lib/locale/C.utf8/LC_NAME>
1427376 openat(AT_FDCWD</tmp/kernel-audit2-v3r63b5w/\346\261\202\350\247\243\345\231\250>, "/usr/lib/locale/C.UTF-8/LC_PAPER", O_RDONLY|O_CLOEXEC) = -1 ENOENT (No such file or directory)
1427376 openat(AT_FDCWD</tmp/kernel-audit2-v3r63b5w/\346\261\202\350\247\243\345\231\250>, "/usr/lib/locale/C.utf8/LC_PAPER", O_RDONLY|O_CLOEXEC) = 3</usr/lib/locale/C.utf8/LC_PAPER>
1427376 openat(AT_FDCWD</tmp/kernel-audit2-v3r63b5w/\346\261\202\350\247\243\345\231\250>, "/usr/lib/locale/C.UTF-8/LC_MESSAGES", O_RDONLY|O_CLOEXEC) = -1 ENOENT (No such file or directory)
1427376 openat(AT_FDCWD</tmp/kernel-audit2-v3r63b5w/\346\261\202\350\247\243\345\231\250>, "/usr/lib/locale/C.utf8/LC_MESSAGES", O_RDONLY|O_CLOEXEC) = 3</usr/lib/locale/C.utf8/LC_MESSAGES>
1427376 openat(AT_FDCWD</tmp/kernel-audit2-v3r63b5w/\346\261\202\350\247\243\345\231\250>, "/usr/lib/locale/C.utf8/LC_MESSAGES/SYS_LC_MESSAGES", O_RDONLY|O_CLOEXEC) = 3</usr/lib/locale/C.utf8/LC_MESSAGES/SYS_LC_MESSAGES>
1427376 openat(AT_FDCWD</tmp/kernel-audit2-v3r63b5w/\346\261\202\350\247\243\345\231\250>, "/usr/lib/locale/C.UTF-8/LC_MONETARY", O_RDONLY|O_CLOEXEC) = -1 ENOENT (No such file or directory)
1427376 openat(AT_FDCWD</tmp/kernel-audit2-v3r63b5w/\346\261\202\350\247\243\345\231\250>, "/usr/lib/locale/C.utf8/LC_MONETARY", O_RDONLY|O_CLOEXEC) = 3</usr/lib/locale/C.utf8/LC_MONETARY>
1427376 openat(AT_FDCWD</tmp/kernel-audit2-v3r63b5w/\346\261\202\350\247\243\345\231\250>, "/usr/lib/locale/C.UTF-8/LC_COLLATE", O_RDONLY|O_CLOEXEC) = -1 ENOENT (No such file or directory)
1427376 openat(AT_FDCWD</tmp/kernel-audit2-v3r63b5w/\346\261\202\350\247\243\345\231\250>, "/usr/lib/locale/C.utf8/LC_COLLATE", O_RDONLY|O_CLOEXEC) = 3</usr/lib/locale/C.utf8/LC_COLLATE>
1427376 openat(AT_FDCWD</tmp/kernel-audit2-v3r63b5w/\346\261\202\350\247\243\345\231\250>, "/usr/lib/locale/C.UTF-8/LC_TIME", O_RDONLY|O_CLOEXEC) = -1 ENOENT (No such file or directory)
1427376 openat(AT_FDCWD</tmp/kernel-audit2-v3r63b5w/\346\261\202\350\247\243\345\231\250>, "/usr/lib/locale/C.utf8/LC_TIME", O_RDONLY|O_CLOEXEC) = 3</usr/lib/locale/C.utf8/LC_TIME>
1427376 openat(AT_FDCWD</tmp/kernel-audit2-v3r63b5w/\346\261\202\350\247\243\345\231\250>, "/usr/lib/locale/C.UTF-8/LC_NUMERIC", O_RDONLY|O_CLOEXEC) = -1 ENOENT (No such file or directory)
1427376 openat(AT_FDCWD</tmp/kernel-audit2-v3r63b5w/\346\261\202\350\247\243\345\231\250>, "/usr/lib/locale/C.utf8/LC_NUMERIC", O_RDONLY|O_CLOEXEC) = 3</usr/lib/locale/C.utf8/LC_NUMERIC>
1427376 openat(AT_FDCWD</tmp/kernel-audit2-v3r63b5w/\346\261\202\350\247\243\345\231\250>, "/usr/lib/locale/C.UTF-8/LC_CTYPE", O_RDONLY|O_CLOEXEC) = -1 ENOENT (No such file or directory)
1427376 openat(AT_FDCWD</tmp/kernel-audit2-v3r63b5w/\346\261\202\350\247\243\345\231\250>, "/usr/lib/locale/C.utf8/LC_CTYPE", O_RDONLY|O_CLOEXEC) = 3</usr/lib/locale/C.utf8/LC_CTYPE>
1427376 openat(AT_FDCWD</tmp/kernel-audit2-v3r63b5w/\346\261\202\350\247\243\345\231\250>, "/tmp/kernel-audit2-v3r63b5w/\346\261\202\350\247\243\345\231\250/crates/kernel/src/config.rs", O_RDONLY) = 3</tmp/kernel-audit2-v3r63b5w/\346\261\202\350\247\243\345\231\250/crates/kernel/src/config.rs>
1427354 --- SIGCHLD {si_signo=SIGCHLD, si_code=CLD_EXITED, si_pid=1427376, si_uid=1000, si_status=0, si_utime=0, si_stime=0} ---
1427354 openat(AT_FDCWD</tmp/kernel-audit2-v3r63b5w/\346\261\202\350\247\243\345\231\250>, "/dev/null", O_RDONLY|O_CLOEXEC) = 3</dev/null<char 1:3>>
1427377 execve("/home/zhuran24/.codex/tmp/arg0/codex-arg0DuAZRy/sha256sum", ["sha256sum", "--", "/tmp/kernel-audit2-v3r63b5w/\346\261\202\350\247\243\345\231\250/crates/kernel/src/model.rs"], 0x7ffde62c4578 /* 135 vars */) = -1 ENOENT (No such file or directory)
1427377 execve("/home/zhuran24/.cargo/bin/sha256sum", ["sha256sum", "--", "/tmp/kernel-audit2-v3r63b5w/\346\261\202\350\247\243\345\231\250/crates/kernel/src/model.rs"], 0x7ffde62c4578 /* 135 vars */) = -1 ENOENT (No such file or directory)
1427377 execve("/home/zhuran24/.local/bin/sha256sum", ["sha256sum", "--", "/tmp/kernel-audit2-v3r63b5w/\346\261\202\350\247\243\345\231\250/crates/kernel/src/model.rs"], 0x7ffde62c4578 /* 135 vars */) = -1 ENOENT (No such file or directory)
1427377 execve("/home/zhuran24/.opencode/bin/sha256sum", ["sha256sum", "--", "/tmp/kernel-audit2-v3r63b5w/\346\261\202\350\247\243\345\231\250/crates/kernel/src/model.rs"], 0x7ffde62c4578 /* 135 vars */) = -1 ENOENT (No such file or directory)
1427377 execve("/usr/local/bin/sha256sum", ["sha256sum", "--", "/tmp/kernel-audit2-v3r63b5w/\346\261\202\350\247\243\345\231\250/crates/kernel/src/model.rs"], 0x7ffde62c4578 /* 135 vars */) = -1 ENOENT (No such file or directory)
1427377 execve("/usr/bin/sha256sum", ["sha256sum", "--", "/tmp/kernel-audit2-v3r63b5w/\346\261\202\350\247\243\345\231\250/crates/kernel/src/model.rs"], 0x7ffde62c4578 /* 135 vars */) = 0
1427377 openat(AT_FDCWD</tmp/kernel-audit2-v3r63b5w/\346\261\202\350\247\243\345\231\250>, "/etc/ld.so.cache", O_RDONLY|O_CLOEXEC) = 3</etc/ld.so.cache>
1427377 openat(AT_FDCWD</tmp/kernel-audit2-v3r63b5w/\346\261\202\350\247\243\345\231\250>, "/usr/lib/libcrypto.so.3", O_RDONLY|O_CLOEXEC) = 3</usr/lib/libcrypto.so.3>
1427377 openat(AT_FDCWD</tmp/kernel-audit2-v3r63b5w/\346\261\202\350\247\243\345\231\250>, "/usr/lib/libc.so.6", O_RDONLY|O_CLOEXEC) = 3</usr/lib/libc.so.6>
1427377 openat(AT_FDCWD</tmp/kernel-audit2-v3r63b5w/\346\261\202\350\247\243\345\231\250>, "/usr/lib/libz.so.1", O_RDONLY|O_CLOEXEC) = 3</usr/lib/libz.so.1.3.1.zlib-ng>
1427377 openat(AT_FDCWD</tmp/kernel-audit2-v3r63b5w/\346\261\202\350\247\243\345\231\250>, "/usr/lib/libbrotlienc.so.1", O_RDONLY|O_CLOEXEC) = 3</usr/lib/libbrotlienc.so.1.2.0>
1427377 openat(AT_FDCWD</tmp/kernel-audit2-v3r63b5w/\346\261\202\350\247\243\345\231\250>, "/usr/lib/libbrotlidec.so.1", O_RDONLY|O_CLOEXEC) = 3</usr/lib/libbrotlidec.so.1.2.0>
1427377 openat(AT_FDCWD</tmp/kernel-audit2-v3r63b5w/\346\261\202\350\247\243\345\231\250>, "/usr/lib/libzstd.so.1", O_RDONLY|O_CLOEXEC) = 3</usr/lib/libzstd.so.1.5.7>
1427377 openat(AT_FDCWD</tmp/kernel-audit2-v3r63b5w/\346\261\202\350\247\243\345\231\250>, "/usr/lib/libm.so.6", O_RDONLY|O_CLOEXEC) = 3</usr/lib/libm.so.6>
1427377 openat(AT_FDCWD</tmp/kernel-audit2-v3r63b5w/\346\261\202\350\247\243\345\231\250>, "/usr/lib/libbrotlicommon.so.1", O_RDONLY|O_CLOEXEC) = 3</usr/lib/libbrotlicommon.so.1.2.0>
1427377 openat(AT_FDCWD</tmp/kernel-audit2-v3r63b5w/\346\261\202\350\247\243\345\231\250>, "/usr/lib/locale/locale-archive", O_RDONLY|O_CLOEXEC) = 3</usr/lib/locale/locale-archive>
1427377 openat(AT_FDCWD</tmp/kernel-audit2-v3r63b5w/\346\261\202\350\247\243\345\231\250>, "/usr/share/locale/locale.alias", O_RDONLY|O_CLOEXEC) = 3</usr/share/locale/locale.alias>
1427377 openat(AT_FDCWD</tmp/kernel-audit2-v3r63b5w/\346\261\202\350\247\243\345\231\250>, "/usr/lib/locale/C.UTF-8/LC_IDENTIFICATION", O_RDONLY|O_CLOEXEC) = -1 ENOENT (No such file or directory)
1427377 openat(AT_FDCWD</tmp/kernel-audit2-v3r63b5w/\346\261\202\350\247\243\345\231\250>, "/usr/lib/locale/C.utf8/LC_IDENTIFICATION", O_RDONLY|O_CLOEXEC) = 3</usr/lib/locale/C.utf8/LC_IDENTIFICATION>
1427377 openat(AT_FDCWD</tmp/kernel-audit2-v3r63b5w/\346\261\202\350\247\243\345\231\250>, "/usr/lib/gconv/gconv-modules.cache", O_RDONLY|O_CLOEXEC) = 3</usr/lib/gconv/gconv-modules.cache>
1427377 openat(AT_FDCWD</tmp/kernel-audit2-v3r63b5w/\346\261\202\350\247\243\345\231\250>, "/usr/lib/locale/C.UTF-8/LC_MEASUREMENT", O_RDONLY|O_CLOEXEC) = -1 ENOENT (No such file or directory)
1427377 openat(AT_FDCWD</tmp/kernel-audit2-v3r63b5w/\346\261\202\350\247\243\345\231\250>, "/usr/lib/locale/C.utf8/LC_MEASUREMENT", O_RDONLY|O_CLOEXEC) = 3</usr/lib/locale/C.utf8/LC_MEASUREMENT>
1427377 openat(AT_FDCWD</tmp/kernel-audit2-v3r63b5w/\346\261\202\350\247\243\345\231\250>, "/usr/lib/locale/C.UTF-8/LC_TELEPHONE", O_RDONLY|O_CLOEXEC) = -1 ENOENT (No such file or directory)
1427377 openat(AT_FDCWD</tmp/kernel-audit2-v3r63b5w/\346\261\202\350\247\243\345\231\250>, "/usr/lib/locale/C.utf8/LC_TELEPHONE", O_RDONLY|O_CLOEXEC) = 3</usr/lib/locale/C.utf8/LC_TELEPHONE>
1427377 openat(AT_FDCWD</tmp/kernel-audit2-v3r63b5w/\346\261\202\350\247\243\345\231\250>, "/usr/lib/locale/C.UTF-8/LC_ADDRESS", O_RDONLY|O_CLOEXEC) = -1 ENOENT (No such file or directory)
1427377 openat(AT_FDCWD</tmp/kernel-audit2-v3r63b5w/\346\261\202\350\247\243\345\231\250>, "/usr/lib/locale/C.utf8/LC_ADDRESS", O_RDONLY|O_CLOEXEC) = 3</usr/lib/locale/C.utf8/LC_ADDRESS>
1427377 openat(AT_FDCWD</tmp/kernel-audit2-v3r63b5w/\346\261\202\350\247\243\345\231\250>, "/usr/lib/locale/C.UTF-8/LC_NAME", O_RDONLY|O_CLOEXEC) = -1 ENOENT (No such file or directory)
1427377 openat(AT_FDCWD</tmp/kernel-audit2-v3r63b5w/\346\261\202\350\247\243\345\231\250>, "/usr/lib/locale/C.utf8/LC_NAME", O_RDONLY|O_CLOEXEC) = 3</usr/lib/locale/C.utf8/LC_NAME>
1427377 openat(AT_FDCWD</tmp/kernel-audit2-v3r63b5w/\346\261\202\350\247\243\345\231\250>, "/usr/lib/locale/C.UTF-8/LC_PAPER", O_RDONLY|O_CLOEXEC) = -1 ENOENT (No such file or directory)
1427377 openat(AT_FDCWD</tmp/kernel-audit2-v3r63b5w/\346\261\202\350\247\243\345\231\250>, "/usr/lib/locale/C.utf8/LC_PAPER", O_RDONLY|O_CLOEXEC) = 3</usr/lib/locale/C.utf8/LC_PAPER>
1427377 openat(AT_FDCWD</tmp/kernel-audit2-v3r63b5w/\346\261\202\350\247\243\345\231\250>, "/usr/lib/locale/C.UTF-8/LC_MESSAGES", O_RDONLY|O_CLOEXEC) = -1 ENOENT (No such file or directory)
1427377 openat(AT_FDCWD</tmp/kernel-audit2-v3r63b5w/\346\261\202\350\247\243\345\231\250>, "/usr/lib/locale/C.utf8/LC_MESSAGES", O_RDONLY|O_CLOEXEC) = 3</usr/lib/locale/C.utf8/LC_MESSAGES>
1427377 openat(AT_FDCWD</tmp/kernel-audit2-v3r63b5w/\346\261\202\350\247\243\345\231\250>, "/usr/lib/locale/C.utf8/LC_MESSAGES/SYS_LC_MESSAGES", O_RDONLY|O_CLOEXEC) = 3</usr/lib/locale/C.utf8/LC_MESSAGES/SYS_LC_MESSAGES>
1427377 openat(AT_FDCWD</tmp/kernel-audit2-v3r63b5w/\346\261\202\350\247\243\345\231\250>, "/usr/lib/locale/C.UTF-8/LC_MONETARY", O_RDONLY|O_CLOEXEC) = -1 ENOENT (No such file or directory)
1427377 openat(AT_FDCWD</tmp/kernel-audit2-v3r63b5w/\346\261\202\350\247\243\345\231\250>, "/usr/lib/locale/C.utf8/LC_MONETARY", O_RDONLY|O_CLOEXEC) = 3</usr/lib/locale/C.utf8/LC_MONETARY>
1427377 openat(AT_FDCWD</tmp/kernel-audit2-v3r63b5w/\346\261\202\350\247\243\345\231\250>, "/usr/lib/locale/C.UTF-8/LC_COLLATE", O_RDONLY|O_CLOEXEC) = -1 ENOENT (No such file or directory)
1427377 openat(AT_FDCWD</tmp/kernel-audit2-v3r63b5w/\346\261\202\350\247\243\345\231\250>, "/usr/lib/locale/C.utf8/LC_COLLATE", O_RDONLY|O_CLOEXEC) = 3</usr/lib/locale/C.utf8/LC_COLLATE>
1427377 openat(AT_FDCWD</tmp/kernel-audit2-v3r63b5w/\346\261\202\350\247\243\345\231\250>, "/usr/lib/locale/C.UTF-8/LC_TIME", O_RDONLY|O_CLOEXEC) = -1 ENOENT (No such file or directory)
1427377 openat(AT_FDCWD</tmp/kernel-audit2-v3r63b5w/\346\261\202\350\247\243\345\231\250>, "/usr/lib/locale/C.utf8/LC_TIME", O_RDONLY|O_CLOEXEC) = 3</usr/lib/locale/C.utf8/LC_TIME>
1427377 openat(AT_FDCWD</tmp/kernel-audit2-v3r63b5w/\346\261\202\350\247\243\345\231\250>, "/usr/lib/locale/C.UTF-8/LC_NUMERIC", O_RDONLY|O_CLOEXEC) = -1 ENOENT (No such file or directory)
1427377 openat(AT_FDCWD</tmp/kernel-audit2-v3r63b5w/\346\261\202\350\247\243\345\231\250>, "/usr/lib/locale/C.utf8/LC_NUMERIC", O_RDONLY|O_CLOEXEC) = 3</usr/lib/locale/C.utf8/LC_NUMERIC>
1427377 openat(AT_FDCWD</tmp/kernel-audit2-v3r63b5w/\346\261\202\350\247\243\345\231\250>, "/usr/lib/locale/C.UTF-8/LC_CTYPE", O_RDONLY|O_CLOEXEC) = -1 ENOENT (No such file or directory)
1427377 openat(AT_FDCWD</tmp/kernel-audit2-v3r63b5w/\346\261\202\350\247\243\345\231\250>, "/usr/lib/locale/C.utf8/LC_CTYPE", O_RDONLY|O_CLOEXEC) = 3</usr/lib/locale/C.utf8/LC_CTYPE>
1427377 openat(AT_FDCWD</tmp/kernel-audit2-v3r63b5w/\346\261\202\350\247\243\345\231\250>, "/tmp/kernel-audit2-v3r63b5w/\346\261\202\350\247\243\345\231\250/crates/kernel/src/model.rs", O_RDONLY) = 3</tmp/kernel-audit2-v3r63b5w/\346\261\202\350\247\243\345\231\250/crates/kernel/src/model.rs>
1427354 --- SIGCHLD {si_signo=SIGCHLD, si_code=CLD_EXITED, si_pid=1427377, si_uid=1000, si_status=0, si_utime=0, si_stime=0} ---
1427354 openat(AT_FDCWD</tmp/kernel-audit2-v3r63b5w/\346\261\202\350\247\243\345\231\250>, "/dev/null", O_RDONLY|O_CLOEXEC) = 3</dev/null<char 1:3>>
1427378 execve("/home/zhuran24/.codex/tmp/arg0/codex-arg0DuAZRy/sha256sum", ["sha256sum", "--", "/tmp/kernel-audit2-v3r63b5w/\346\261\202\350\247\243\345\231\250/crates/kernel/src/catalog.rs"], 0x7ffde62c4578 /* 135 vars */) = -1 ENOENT (No such file or directory)
1427378 execve("/home/zhuran24/.cargo/bin/sha256sum", ["sha256sum", "--", "/tmp/kernel-audit2-v3r63b5w/\346\261\202\350\247\243\345\231\250/crates/kernel/src/catalog.rs"], 0x7ffde62c4578 /* 135 vars */) = -1 ENOENT (No such file or directory)
1427378 execve("/home/zhuran24/.local/bin/sha256sum", ["sha256sum", "--", "/tmp/kernel-audit2-v3r63b5w/\346\261\202\350\247\243\345\231\250/crates/kernel/src/catalog.rs"], 0x7ffde62c4578 /* 135 vars */) = -1 ENOENT (No such file or directory)
1427378 execve("/home/zhuran24/.opencode/bin/sha256sum", ["sha256sum", "--", "/tmp/kernel-audit2-v3r63b5w/\346\261\202\350\247\243\345\231\250/crates/kernel/src/catalog.rs"], 0x7ffde62c4578 /* 135 vars */) = -1 ENOENT (No such file or directory)
1427378 execve("/usr/local/bin/sha256sum", ["sha256sum", "--", "/tmp/kernel-audit2-v3r63b5w/\346\261\202\350\247\243\345\231\250/crates/kernel/src/catalog.rs"], 0x7ffde62c4578 /* 135 vars */) = -1 ENOENT (No such file or directory)
1427378 execve("/usr/bin/sha256sum", ["sha256sum", "--", "/tmp/kernel-audit2-v3r63b5w/\346\261\202\350\247\243\345\231\250/crates/kernel/src/catalog.rs"], 0x7ffde62c4578 /* 135 vars */) = 0
1427378 openat(AT_FDCWD</tmp/kernel-audit2-v3r63b5w/\346\261\202\350\247\243\345\231\250>, "/etc/ld.so.cache", O_RDONLY|O_CLOEXEC) = 3</etc/ld.so.cache>
1427378 openat(AT_FDCWD</tmp/kernel-audit2-v3r63b5w/\346\261\202\350\247\243\345\231\250>, "/usr/lib/libcrypto.so.3", O_RDONLY|O_CLOEXEC) = 3</usr/lib/libcrypto.so.3>
1427378 openat(AT_FDCWD</tmp/kernel-audit2-v3r63b5w/\346\261\202\350\247\243\345\231\250>, "/usr/lib/libc.so.6", O_RDONLY|O_CLOEXEC) = 3</usr/lib/libc.so.6>
1427378 openat(AT_FDCWD</tmp/kernel-audit2-v3r63b5w/\346\261\202\350\247\243\345\231\250>, "/usr/lib/libz.so.1", O_RDONLY|O_CLOEXEC) = 3</usr/lib/libz.so.1.3.1.zlib-ng>
1427378 openat(AT_FDCWD</tmp/kernel-audit2-v3r63b5w/\346\261\202\350\247\243\345\231\250>, "/usr/lib/libbrotlienc.so.1", O_RDONLY|O_CLOEXEC) = 3</usr/lib/libbrotlienc.so.1.2.0>
1427378 openat(AT_FDCWD</tmp/kernel-audit2-v3r63b5w/\346\261\202\350\247\243\345\231\250>, "/usr/lib/libbrotlidec.so.1", O_RDONLY|O_CLOEXEC) = 3</usr/lib/libbrotlidec.so.1.2.0>
1427378 openat(AT_FDCWD</tmp/kernel-audit2-v3r63b5w/\346\261\202\350\247\243\345\231\250>, "/usr/lib/libzstd.so.1", O_RDONLY|O_CLOEXEC) = 3</usr/lib/libzstd.so.1.5.7>
1427378 openat(AT_FDCWD</tmp/kernel-audit2-v3r63b5w/\346\261\202\350\247\243\345\231\250>, "/usr/lib/libm.so.6", O_RDONLY|O_CLOEXEC) = 3</usr/lib/libm.so.6>
1427378 openat(AT_FDCWD</tmp/kernel-audit2-v3r63b5w/\346\261\202\350\247\243\345\231\250>, "/usr/lib/libbrotlicommon.so.1", O_RDONLY|O_CLOEXEC) = 3</usr/lib/libbrotlicommon.so.1.2.0>
1427378 openat(AT_FDCWD</tmp/kernel-audit2-v3r63b5w/\346\261\202\350\247\243\345\231\250>, "/usr/lib/locale/locale-archive", O_RDONLY|O_CLOEXEC) = 3</usr/lib/locale/locale-archive>
1427378 openat(AT_FDCWD</tmp/kernel-audit2-v3r63b5w/\346\261\202\350\247\243\345\231\250>, "/usr/share/locale/locale.alias", O_RDONLY|O_CLOEXEC) = 3</usr/share/locale/locale.alias>
1427378 openat(AT_FDCWD</tmp/kernel-audit2-v3r63b5w/\346\261\202\350\247\243\345\231\250>, "/usr/lib/locale/C.UTF-8/LC_IDENTIFICATION", O_RDONLY|O_CLOEXEC) = -1 ENOENT (No such file or directory)
1427378 openat(AT_FDCWD</tmp/kernel-audit2-v3r63b5w/\346\261\202\350\247\243\345\231\250>, "/usr/lib/locale/C.utf8/LC_IDENTIFICATION", O_RDONLY|O_CLOEXEC) = 3</usr/lib/locale/C.utf8/LC_IDENTIFICATION>
1427378 openat(AT_FDCWD</tmp/kernel-audit2-v3r63b5w/\346\261\202\350\247\243\345\231\250>, "/usr/lib/gconv/gconv-modules.cache", O_RDONLY|O_CLOEXEC) = 3</usr/lib/gconv/gconv-modules.cache>
1427378 openat(AT_FDCWD</tmp/kernel-audit2-v3r63b5w/\346\261\202\350\247\243\345\231\250>, "/usr/lib/locale/C.UTF-8/LC_MEASUREMENT", O_RDONLY|O_CLOEXEC) = -1 ENOENT (No such file or directory)
1427378 openat(AT_FDCWD</tmp/kernel-audit2-v3r63b5w/\346\261\202\350\247\243\345\231\250>, "/usr/lib/locale/C.utf8/LC_MEASUREMENT", O_RDONLY|O_CLOEXEC) = 3</usr/lib/locale/C.utf8/LC_MEASUREMENT>
1427378 openat(AT_FDCWD</tmp/kernel-audit2-v3r63b5w/\346\261\202\350\247\243\345\231\250>, "/usr/lib/locale/C.UTF-8/LC_TELEPHONE", O_RDONLY|O_CLOEXEC) = -1 ENOENT (No such file or directory)
1427378 openat(AT_FDCWD</tmp/kernel-audit2-v3r63b5w/\346\261\202\350\247\243\345\231\250>, "/usr/lib/locale/C.utf8/LC_TELEPHONE", O_RDONLY|O_CLOEXEC) = 3</usr/lib/locale/C.utf8/LC_TELEPHONE>
1427378 openat(AT_FDCWD</tmp/kernel-audit2-v3r63b5w/\346\261\202\350\247\243\345\231\250>, "/usr/lib/locale/C.UTF-8/LC_ADDRESS", O_RDONLY|O_CLOEXEC) = -1 ENOENT (No such file or directory)
1427378 openat(AT_FDCWD</tmp/kernel-audit2-v3r63b5w/\346\261\202\350\247\243\345\231\250>, "/usr/lib/locale/C.utf8/LC_ADDRESS", O_RDONLY|O_CLOEXEC) = 3</usr/lib/locale/C.utf8/LC_ADDRESS>
1427378 openat(AT_FDCWD</tmp/kernel-audit2-v3r63b5w/\346\261\202\350\247\243\345\231\250>, "/usr/lib/locale/C.UTF-8/LC_NAME", O_RDONLY|O_CLOEXEC) = -1 ENOENT (No such file or directory)
1427378 openat(AT_FDCWD</tmp/kernel-audit2-v3r63b5w/\346\261\202\350\247\243\345\231\250>, "/usr/lib/locale/C.utf8/LC_NAME", O_RDONLY|O_CLOEXEC) = 3</usr/lib/locale/C.utf8/LC_NAME>
1427378 openat(AT_FDCWD</tmp/kernel-audit2-v3r63b5w/\346\261\202\350\247\243\345\231\250>, "/usr/lib/locale/C.UTF-8/LC_PAPER", O_RDONLY|O_CLOEXEC) = -1 ENOENT (No such file or directory)
1427378 openat(AT_FDCWD</tmp/kernel-audit2-v3r63b5w/\346\261\202\350\247\243\345\231\250>, "/usr/lib/locale/C.utf8/LC_PAPER", O_RDONLY|O_CLOEXEC) = 3</usr/lib/locale/C.utf8/LC_PAPER>
1427378 openat(AT_FDCWD</tmp/kernel-audit2-v3r63b5w/\346\261\202\350\247\243\345\231\250>, "/usr/lib/locale/C.UTF-8/LC_MESSAGES", O_RDONLY|O_CLOEXEC) = -1 ENOENT (No such file or directory)
1427378 openat(AT_FDCWD</tmp/kernel-audit2-v3r63b5w/\346\261\202\350\247\243\345\231\250>, "/usr/lib/locale/C.utf8/LC_MESSAGES", O_RDONLY|O_CLOEXEC) = 3</usr/lib/locale/C.utf8/LC_MESSAGES>
1427378 openat(AT_FDCWD</tmp/kernel-audit2-v3r63b5w/\346\261\202\350\247\243\345\231\250>, "/usr/lib/locale/C.utf8/LC_MESSAGES/SYS_LC_MESSAGES", O_RDONLY|O_CLOEXEC) = 3</usr/lib/locale/C.utf8/LC_MESSAGES/SYS_LC_MESSAGES>
1427378 openat(AT_FDCWD</tmp/kernel-audit2-v3r63b5w/\346\261\202\350\247\243\345\231\250>, "/usr/lib/locale/C.UTF-8/LC_MONETARY", O_RDONLY|O_CLOEXEC) = -1 ENOENT (No such file or directory)
1427378 openat(AT_FDCWD</tmp/kernel-audit2-v3r63b5w/\346\261\202\350\247\243\345\231\250>, "/usr/lib/locale/C.utf8/LC_MONETARY", O_RDONLY|O_CLOEXEC) = 3</usr/lib/locale/C.utf8/LC_MONETARY>
1427378 openat(AT_FDCWD</tmp/kernel-audit2-v3r63b5w/\346\261\202\350\247\243\345\231\250>, "/usr/lib/locale/C.UTF-8/LC_COLLATE", O_RDONLY|O_CLOEXEC) = -1 ENOENT (No such file or directory)
1427378 openat(AT_FDCWD</tmp/kernel-audit2-v3r63b5w/\346\261\202\350\247\243\345\231\250>, "/usr/lib/locale/C.utf8/LC_COLLATE", O_RDONLY|O_CLOEXEC) = 3</usr/lib/locale/C.utf8/LC_COLLATE>
1427378 openat(AT_FDCWD</tmp/kernel-audit2-v3r63b5w/\346\261\202\350\247\243\345\231\250>, "/usr/lib/locale/C.UTF-8/LC_TIME", O_RDONLY|O_CLOEXEC) = -1 ENOENT (No such file or directory)
1427378 openat(AT_FDCWD</tmp/kernel-audit2-v3r63b5w/\346\261\202\350\247\243\345\231\250>, "/usr/lib/locale/C.utf8/LC_TIME", O_RDONLY|O_CLOEXEC) = 3</usr/lib/locale/C.utf8/LC_TIME>
1427378 openat(AT_FDCWD</tmp/kernel-audit2-v3r63b5w/\346\261\202\350\247\243\345\231\250>, "/usr/lib/locale/C.UTF-8/LC_NUMERIC", O_RDONLY|O_CLOEXEC) = -1 ENOENT (No such file or directory)
1427378 openat(AT_FDCWD</tmp/kernel-audit2-v3r63b5w/\346\261\202\350\247\243\345\231\250>, "/usr/lib/locale/C.utf8/LC_NUMERIC", O_RDONLY|O_CLOEXEC) = 3</usr/lib/locale/C.utf8/LC_NUMERIC>
1427378 openat(AT_FDCWD</tmp/kernel-audit2-v3r63b5w/\346\261\202\350\247\243\345\231\250>, "/usr/lib/locale/C.UTF-8/LC_CTYPE", O_RDONLY|O_CLOEXEC) = -1 ENOENT (No such file or directory)
1427378 openat(AT_FDCWD</tmp/kernel-audit2-v3r63b5w/\346\261\202\350\247\243\345\231\250>, "/usr/lib/locale/C.utf8/LC_CTYPE", O_RDONLY|O_CLOEXEC) = 3</usr/lib/locale/C.utf8/LC_CTYPE>
1427378 openat(AT_FDCWD</tmp/kernel-audit2-v3r63b5w/\346\261\202\350\247\243\345\231\250>, "/tmp/kernel-audit2-v3r63b5w/\346\261\202\350\247\243\345\231\250/crates/kernel/src/catalog.rs", O_RDONLY) = 3</tmp/kernel-audit2-v3r63b5w/\346\261\202\350\247\243\345\231\250/crates/kernel/src/catalog.rs>
1427354 --- SIGCHLD {si_signo=SIGCHLD, si_code=CLD_EXITED, si_pid=1427378, si_uid=1000, si_status=0, si_utime=0, si_stime=0} ---
1427354 openat(AT_FDCWD</tmp/kernel-audit2-v3r63b5w/\346\261\202\350\247\243\345\231\250>, "/dev/null", O_RDONLY|O_CLOEXEC) = 3</dev/null<char 1:3>>
1427379 execve("/home/zhuran24/.codex/tmp/arg0/codex-arg0DuAZRy/sha256sum", ["sha256sum", "--", "/tmp/kernel-audit2-v3r63b5w/\346\261\202\350\247\243\345\231\250/crates/kernel/src/input.rs"], 0x7ffde62c4578 /* 135 vars */) = -1 ENOENT (No such file or directory)
1427379 execve("/home/zhuran24/.cargo/bin/sha256sum", ["sha256sum", "--", "/tmp/kernel-audit2-v3r63b5w/\346\261\202\350\247\243\345\231\250/crates/kernel/src/input.rs"], 0x7ffde62c4578 /* 135 vars */) = -1 ENOENT (No such file or directory)
1427379 execve("/home/zhuran24/.local/bin/sha256sum", ["sha256sum", "--", "/tmp/kernel-audit2-v3r63b5w/\346\261\202\350\247\243\345\231\250/crates/kernel/src/input.rs"], 0x7ffde62c4578 /* 135 vars */) = -1 ENOENT (No such file or directory)
1427379 execve("/home/zhuran24/.opencode/bin/sha256sum", ["sha256sum", "--", "/tmp/kernel-audit2-v3r63b5w/\346\261\202\350\247\243\345\231\250/crates/kernel/src/input.rs"], 0x7ffde62c4578 /* 135 vars */) = -1 ENOENT (No such file or directory)
1427379 execve("/usr/local/bin/sha256sum", ["sha256sum", "--", "/tmp/kernel-audit2-v3r63b5w/\346\261\202\350\247\243\345\231\250/crates/kernel/src/input.rs"], 0x7ffde62c4578 /* 135 vars */) = -1 ENOENT (No such file or directory)
1427379 execve("/usr/bin/sha256sum", ["sha256sum", "--", "/tmp/kernel-audit2-v3r63b5w/\346\261\202\350\247\243\345\231\250/crates/kernel/src/input.rs"], 0x7ffde62c4578 /* 135 vars */) = 0
1427379 openat(AT_FDCWD</tmp/kernel-audit2-v3r63b5w/\346\261\202\350\247\243\345\231\250>, "/etc/ld.so.cache", O_RDONLY|O_CLOEXEC) = 3</etc/ld.so.cache>
1427379 openat(AT_FDCWD</tmp/kernel-audit2-v3r63b5w/\346\261\202\350\247\243\345\231\250>, "/usr/lib/libcrypto.so.3", O_RDONLY|O_CLOEXEC) = 3</usr/lib/libcrypto.so.3>
1427379 openat(AT_FDCWD</tmp/kernel-audit2-v3r63b5w/\346\261\202\350\247\243\345\231\250>, "/usr/lib/libc.so.6", O_RDONLY|O_CLOEXEC) = 3</usr/lib/libc.so.6>
1427379 openat(AT_FDCWD</tmp/kernel-audit2-v3r63b5w/\346\261\202\350\247\243\345\231\250>, "/usr/lib/libz.so.1", O_RDONLY|O_CLOEXEC) = 3</usr/lib/libz.so.1.3.1.zlib-ng>
1427379 openat(AT_FDCWD</tmp/kernel-audit2-v3r63b5w/\346\261\202\350\247\243\345\231\250>, "/usr/lib/libbrotlienc.so.1", O_RDONLY|O_CLOEXEC) = 3</usr/lib/libbrotlienc.so.1.2.0>
1427379 openat(AT_FDCWD</tmp/kernel-audit2-v3r63b5w/\346\261\202\350\247\243\345\231\250>, "/usr/lib/libbrotlidec.so.1", O_RDONLY|O_CLOEXEC) = 3</usr/lib/libbrotlidec.so.1.2.0>
1427379 openat(AT_FDCWD</tmp/kernel-audit2-v3r63b5w/\346\261\202\350\247\243\345\231\250>, "/usr/lib/libzstd.so.1", O_RDONLY|O_CLOEXEC) = 3</usr/lib/libzstd.so.1.5.7>
1427379 openat(AT_FDCWD</tmp/kernel-audit2-v3r63b5w/\346\261\202\350\247\243\345\231\250>, "/usr/lib/libm.so.6", O_RDONLY|O_CLOEXEC) = 3</usr/lib/libm.so.6>
1427379 openat(AT_FDCWD</tmp/kernel-audit2-v3r63b5w/\346\261\202\350\247\243\345\231\250>, "/usr/lib/libbrotlicommon.so.1", O_RDONLY|O_CLOEXEC) = 3</usr/lib/libbrotlicommon.so.1.2.0>
1427379 openat(AT_FDCWD</tmp/kernel-audit2-v3r63b5w/\346\261\202\350\247\243\345\231\250>, "/usr/lib/locale/locale-archive", O_RDONLY|O_CLOEXEC) = 3</usr/lib/locale/locale-archive>
1427379 openat(AT_FDCWD</tmp/kernel-audit2-v3r63b5w/\346\261\202\350\247\243\345\231\250>, "/usr/share/locale/locale.alias", O_RDONLY|O_CLOEXEC) = 3</usr/share/locale/locale.alias>
1427379 openat(AT_FDCWD</tmp/kernel-audit2-v3r63b5w/\346\261\202\350\247\243\345\231\250>, "/usr/lib/locale/C.UTF-8/LC_IDENTIFICATION", O_RDONLY|O_CLOEXEC) = -1 ENOENT (No such file or directory)
1427379 openat(AT_FDCWD</tmp/kernel-audit2-v3r63b5w/\346\261\202\350\247\243\345\231\250>, "/usr/lib/locale/C.utf8/LC_IDENTIFICATION", O_RDONLY|O_CLOEXEC) = 3</usr/lib/locale/C.utf8/LC_IDENTIFICATION>
1427379 openat(AT_FDCWD</tmp/kernel-audit2-v3r63b5w/\346\261\202\350\247\243\345\231\250>, "/usr/lib/gconv/gconv-modules.cache", O_RDONLY|O_CLOEXEC) = 3</usr/lib/gconv/gconv-modules.cache>
1427379 openat(AT_FDCWD</tmp/kernel-audit2-v3r63b5w/\346\261\202\350\247\243\345\231\250>, "/usr/lib/locale/C.UTF-8/LC_MEASUREMENT", O_RDONLY|O_CLOEXEC) = -1 ENOENT (No such file or directory)
1427379 openat(AT_FDCWD</tmp/kernel-audit2-v3r63b5w/\346\261\202\350\247\243\345\231\250>, "/usr/lib/locale/C.utf8/LC_MEASUREMENT", O_RDONLY|O_CLOEXEC) = 3</usr/lib/locale/C.utf8/LC_MEASUREMENT>
1427379 openat(AT_FDCWD</tmp/kernel-audit2-v3r63b5w/\346\261\202\350\247\243\345\231\250>, "/usr/lib/locale/C.UTF-8/LC_TELEPHONE", O_RDONLY|O_CLOEXEC) = -1 ENOENT (No such file or directory)
1427379 openat(AT_FDCWD</tmp/kernel-audit2-v3r63b5w/\346\261\202\350\247\243\345\231\250>, "/usr/lib/locale/C.utf8/LC_TELEPHONE", O_RDONLY|O_CLOEXEC) = 3</usr/lib/locale/C.utf8/LC_TELEPHONE>
1427379 openat(AT_FDCWD</tmp/kernel-audit2-v3r63b5w/\346\261\202\350\247\243\345\231\250>, "/usr/lib/locale/C.UTF-8/LC_ADDRESS", O_RDONLY|O_CLOEXEC) = -1 ENOENT (No such file or directory)
1427379 openat(AT_FDCWD</tmp/kernel-audit2-v3r63b5w/\346\261\202\350\247\243\345\231\250>, "/usr/lib/locale/C.utf8/LC_ADDRESS", O_RDONLY|O_CLOEXEC) = 3</usr/lib/locale/C.utf8/LC_ADDRESS>
1427379 openat(AT_FDCWD</tmp/kernel-audit2-v3r63b5w/\346\261\202\350\247\243\345\231\250>, "/usr/lib/locale/C.UTF-8/LC_NAME", O_RDONLY|O_CLOEXEC) = -1 ENOENT (No such file or directory)
1427379 openat(AT_FDCWD</tmp/kernel-audit2-v3r63b5w/\346\261\202\350\247\243\345\231\250>, "/usr/lib/locale/C.utf8/LC_NAME", O_RDONLY|O_CLOEXEC) = 3</usr/lib/locale/C.utf8/LC_NAME>
1427379 openat(AT_FDCWD</tmp/kernel-audit2-v3r63b5w/\346\261\202\350\247\243\345\231\250>, "/usr/lib/locale/C.UTF-8/LC_PAPER", O_RDONLY|O_CLOEXEC) = -1 ENOENT (No such file or directory)
1427379 openat(AT_FDCWD</tmp/kernel-audit2-v3r63b5w/\346\261\202\350\247\243\345\231\250>, "/usr/lib/locale/C.utf8/LC_PAPER", O_RDONLY|O_CLOEXEC) = 3</usr/lib/locale/C.utf8/LC_PAPER>
1427379 openat(AT_FDCWD</tmp/kernel-audit2-v3r63b5w/\346\261\202\350\247\243\345\231\250>, "/usr/lib/locale/C.UTF-8/LC_MESSAGES", O_RDONLY|O_CLOEXEC) = -1 ENOENT (No such file or directory)
1427379 openat(AT_FDCWD</tmp/kernel-audit2-v3r63b5w/\346\261\202\350\247\243\345\231\250>, "/usr/lib/locale/C.utf8/LC_MESSAGES", O_RDONLY|O_CLOEXEC) = 3</usr/lib/locale/C.utf8/LC_MESSAGES>
1427379 openat(AT_FDCWD</tmp/kernel-audit2-v3r63b5w/\346\261\202\350\247\243\345\231\250>, "/usr/lib/locale/C.utf8/LC_MESSAGES/SYS_LC_MESSAGES", O_RDONLY|O_CLOEXEC) = 3</usr/lib/locale/C.utf8/LC_MESSAGES/SYS_LC_MESSAGES>
1427379 openat(AT_FDCWD</tmp/kernel-audit2-v3r63b5w/\346\261\202\350\247\243\345\231\250>, "/usr/lib/locale/C.UTF-8/LC_MONETARY", O_RDONLY|O_CLOEXEC) = -1 ENOENT (No such file or directory)
1427379 openat(AT_FDCWD</tmp/kernel-audit2-v3r63b5w/\346\261\202\350\247\243\345\231\250>, "/usr/lib/locale/C.utf8/LC_MONETARY", O_RDONLY|O_CLOEXEC) = 3</usr/lib/locale/C.utf8/LC_MONETARY>
1427379 openat(AT_FDCWD</tmp/kernel-audit2-v3r63b5w/\346\261\202\350\247\243\345\231\250>, "/usr/lib/locale/C.UTF-8/LC_COLLATE", O_RDONLY|O_CLOEXEC) = -1 ENOENT (No such file or directory)
1427379 openat(AT_FDCWD</tmp/kernel-audit2-v3r63b5w/\346\261\202\350\247\243\345\231\250>, "/usr/lib/locale/C.utf8/LC_COLLATE", O_RDONLY|O_CLOEXEC) = 3</usr/lib/locale/C.utf8/LC_COLLATE>
1427379 openat(AT_FDCWD</tmp/kernel-audit2-v3r63b5w/\346\261\202\350\247\243\345\231\250>, "/usr/lib/locale/C.UTF-8/LC_TIME", O_RDONLY|O_CLOEXEC) = -1 ENOENT (No such file or directory)
1427379 openat(AT_FDCWD</tmp/kernel-audit2-v3r63b5w/\346\261\202\350\247\243\345\231\250>, "/usr/lib/locale/C.utf8/LC_TIME", O_RDONLY|O_CLOEXEC) = 3</usr/lib/locale/C.utf8/LC_TIME>
1427379 openat(AT_FDCWD</tmp/kernel-audit2-v3r63b5w/\346\261\202\350\247\243\345\231\250>, "/usr/lib/locale/C.UTF-8/LC_NUMERIC", O_RDONLY|O_CLOEXEC) = -1 ENOENT (No such file or directory)
1427379 openat(AT_FDCWD</tmp/kernel-audit2-v3r63b5w/\346\261\202\350\247\243\345\231\250>, "/usr/lib/locale/C.utf8/LC_NUMERIC", O_RDONLY|O_CLOEXEC) = 3</usr/lib/locale/C.utf8/LC_NUMERIC>
1427379 openat(AT_FDCWD</tmp/kernel-audit2-v3r63b5w/\346\261\202\350\247\243\345\231\250>, "/usr/lib/locale/C.UTF-8/LC_CTYPE", O_RDONLY|O_CLOEXEC) = -1 ENOENT (No such file or directory)
1427379 openat(AT_FDCWD</tmp/kernel-audit2-v3r63b5w/\346\261\202\350\247\243\345\231\250>, "/usr/lib/locale/C.utf8/LC_CTYPE", O_RDONLY|O_CLOEXEC) = 3</usr/lib/locale/C.utf8/LC_CTYPE>
1427379 openat(AT_FDCWD</tmp/kernel-audit2-v3r63b5w/\346\261\202\350\247\243\345\231\250>, "/tmp/kernel-audit2-v3r63b5w/\346\261\202\350\247\243\345\231\250/crates/kernel/src/input.rs", O_RDONLY) = 3</tmp/kernel-audit2-v3r63b5w/\346\261\202\350\247\243\345\231\250/crates/kernel/src/input.rs>
1427354 --- SIGCHLD {si_signo=SIGCHLD, si_code=CLD_EXITED, si_pid=1427379, si_uid=1000, si_status=0, si_utime=0, si_stime=0} ---
1427354 openat(AT_FDCWD</tmp/kernel-audit2-v3r63b5w/\346\261\202\350\247\243\345\231\250>, "/dev/null", O_RDONLY|O_CLOEXEC) = 3</dev/null<char 1:3>>
1427380 execve("/home/zhuran24/.codex/tmp/arg0/codex-arg0DuAZRy/sha256sum", ["sha256sum", "--", "/tmp/kernel-audit2-v3r63b5w/\346\261\202\350\247\243\345\231\250/crates/kernel/src/interfaces.rs"], 0x7ffde62c4578 /* 135 vars */) = -1 ENOENT (No such file or directory)
1427380 execve("/home/zhuran24/.cargo/bin/sha256sum", ["sha256sum", "--", "/tmp/kernel-audit2-v3r63b5w/\346\261\202\350\247\243\345\231\250/crates/kernel/src/interfaces.rs"], 0x7ffde62c4578 /* 135 vars */) = -1 ENOENT (No such file or directory)
1427380 execve("/home/zhuran24/.local/bin/sha256sum", ["sha256sum", "--", "/tmp/kernel-audit2-v3r63b5w/\346\261\202\350\247\243\345\231\250/crates/kernel/src/interfaces.rs"], 0x7ffde62c4578 /* 135 vars */) = -1 ENOENT (No such file or directory)
1427380 execve("/home/zhuran24/.opencode/bin/sha256sum", ["sha256sum", "--", "/tmp/kernel-audit2-v3r63b5w/\346\261\202\350\247\243\345\231\250/crates/kernel/src/interfaces.rs"], 0x7ffde62c4578 /* 135 vars */) = -1 ENOENT (No such file or directory)
1427380 execve("/usr/local/bin/sha256sum", ["sha256sum", "--", "/tmp/kernel-audit2-v3r63b5w/\346\261\202\350\247\243\345\231\250/crates/kernel/src/interfaces.rs"], 0x7ffde62c4578 /* 135 vars */) = -1 ENOENT (No such file or directory)
1427380 execve("/usr/bin/sha256sum", ["sha256sum", "--", "/tmp/kernel-audit2-v3r63b5w/\346\261\202\350\247\243\345\231\250/crates/kernel/src/interfaces.rs"], 0x7ffde62c4578 /* 135 vars */) = 0
1427380 openat(AT_FDCWD</tmp/kernel-audit2-v3r63b5w/\346\261\202\350\247\243\345\231\250>, "/etc/ld.so.cache", O_RDONLY|O_CLOEXEC) = 3</etc/ld.so.cache>
1427380 openat(AT_FDCWD</tmp/kernel-audit2-v3r63b5w/\346\261\202\350\247\243\345\231\250>, "/usr/lib/libcrypto.so.3", O_RDONLY|O_CLOEXEC) = 3</usr/lib/libcrypto.so.3>
1427380 openat(AT_FDCWD</tmp/kernel-audit2-v3r63b5w/\346\261\202\350\247\243\345\231\250>, "/usr/lib/libc.so.6", O_RDONLY|O_CLOEXEC) = 3</usr/lib/libc.so.6>
1427380 openat(AT_FDCWD</tmp/kernel-audit2-v3r63b5w/\346\261\202\350\247\243\345\231\250>, "/usr/lib/libz.so.1", O_RDONLY|O_CLOEXEC) = 3</usr/lib/libz.so.1.3.1.zlib-ng>
1427380 openat(AT_FDCWD</tmp/kernel-audit2-v3r63b5w/\346\261\202\350\247\243\345\231\250>, "/usr/lib/libbrotlienc.so.1", O_RDONLY|O_CLOEXEC) = 3</usr/lib/libbrotlienc.so.1.2.0>
1427380 openat(AT_FDCWD</tmp/kernel-audit2-v3r63b5w/\346\261\202\350\247\243\345\231\250>, "/usr/lib/libbrotlidec.so.1", O_RDONLY|O_CLOEXEC) = 3</usr/lib/libbrotlidec.so.1.2.0>
1427380 openat(AT_FDCWD</tmp/kernel-audit2-v3r63b5w/\346\261\202\350\247\243\345\231\250>, "/usr/lib/libzstd.so.1", O_RDONLY|O_CLOEXEC) = 3</usr/lib/libzstd.so.1.5.7>
1427380 openat(AT_FDCWD</tmp/kernel-audit2-v3r63b5w/\346\261\202\350\247\243\345\231\250>, "/usr/lib/libm.so.6", O_RDONLY|O_CLOEXEC) = 3</usr/lib/libm.so.6>
1427380 openat(AT_FDCWD</tmp/kernel-audit2-v3r63b5w/\346\261\202\350\247\243\345\231\250>, "/usr/lib/libbrotlicommon.so.1", O_RDONLY|O_CLOEXEC) = 3</usr/lib/libbrotlicommon.so.1.2.0>
1427380 openat(AT_FDCWD</tmp/kernel-audit2-v3r63b5w/\346\261\202\350\247\243\345\231\250>, "/usr/lib/locale/locale-archive", O_RDONLY|O_CLOEXEC) = 3</usr/lib/locale/locale-archive>
1427380 openat(AT_FDCWD</tmp/kernel-audit2-v3r63b5w/\346\261\202\350\247\243\345\231\250>, "/usr/share/locale/locale.alias", O_RDONLY|O_CLOEXEC) = 3</usr/share/locale/locale.alias>
1427380 openat(AT_FDCWD</tmp/kernel-audit2-v3r63b5w/\346\261\202\350\247\243\345\231\250>, "/usr/lib/locale/C.UTF-8/LC_IDENTIFICATION", O_RDONLY|O_CLOEXEC) = -1 ENOENT (No such file or directory)
1427380 openat(AT_FDCWD</tmp/kernel-audit2-v3r63b5w/\346\261\202\350\247\243\345\231\250>, "/usr/lib/locale/C.utf8/LC_IDENTIFICATION", O_RDONLY|O_CLOEXEC) = 3</usr/lib/locale/C.utf8/LC_IDENTIFICATION>
1427380 openat(AT_FDCWD</tmp/kernel-audit2-v3r63b5w/\346\261\202\350\247\243\345\231\250>, "/usr/lib/gconv/gconv-modules.cache", O_RDONLY|O_CLOEXEC) = 3</usr/lib/gconv/gconv-modules.cache>
1427380 openat(AT_FDCWD</tmp/kernel-audit2-v3r63b5w/\346\261\202\350\247\243\345\231\250>, "/usr/lib/locale/C.UTF-8/LC_MEASUREMENT", O_RDONLY|O_CLOEXEC) = -1 ENOENT (No such file or directory)
1427380 openat(AT_FDCWD</tmp/kernel-audit2-v3r63b5w/\346\261\202\350\247\243\345\231\250>, "/usr/lib/locale/C.utf8/LC_MEASUREMENT", O_RDONLY|O_CLOEXEC) = 3</usr/lib/locale/C.utf8/LC_MEASUREMENT>
1427380 openat(AT_FDCWD</tmp/kernel-audit2-v3r63b5w/\346\261\202\350\247\243\345\231\250>, "/usr/lib/locale/C.UTF-8/LC_TELEPHONE", O_RDONLY|O_CLOEXEC) = -1 ENOENT (No such file or directory)
1427380 openat(AT_FDCWD</tmp/kernel-audit2-v3r63b5w/\346\261\202\350\247\243\345\231\250>, "/usr/lib/locale/C.utf8/LC_TELEPHONE", O_RDONLY|O_CLOEXEC) = 3</usr/lib/locale/C.utf8/LC_TELEPHONE>
1427380 openat(AT_FDCWD</tmp/kernel-audit2-v3r63b5w/\346\261\202\350\247\243\345\231\250>, "/usr/lib/locale/C.UTF-8/LC_ADDRESS", O_RDONLY|O_CLOEXEC) = -1 ENOENT (No such file or directory)
1427380 openat(AT_FDCWD</tmp/kernel-audit2-v3r63b5w/\346\261\202\350\247\243\345\231\250>, "/usr/lib/locale/C.utf8/LC_ADDRESS", O_RDONLY|O_CLOEXEC) = 3</usr/lib/locale/C.utf8/LC_ADDRESS>
1427380 openat(AT_FDCWD</tmp/kernel-audit2-v3r63b5w/\346\261\202\350\247\243\345\231\250>, "/usr/lib/locale/C.UTF-8/LC_NAME", O_RDONLY|O_CLOEXEC) = -1 ENOENT (No such file or directory)
1427380 openat(AT_FDCWD</tmp/kernel-audit2-v3r63b5w/\346\261\202\350\247\243\345\231\250>, "/usr/lib/locale/C.utf8/LC_NAME", O_RDONLY|O_CLOEXEC) = 3</usr/lib/locale/C.utf8/LC_NAME>
1427380 openat(AT_FDCWD</tmp/kernel-audit2-v3r63b5w/\346\261\202\350\247\243\345\231\250>, "/usr/lib/locale/C.UTF-8/LC_PAPER", O_RDONLY|O_CLOEXEC) = -1 ENOENT (No such file or directory)
1427380 openat(AT_FDCWD</tmp/kernel-audit2-v3r63b5w/\346\261\202\350\247\243\345\231\250>, "/usr/lib/locale/C.utf8/LC_PAPER", O_RDONLY|O_CLOEXEC) = 3</usr/lib/locale/C.utf8/LC_PAPER>
1427380 openat(AT_FDCWD</tmp/kernel-audit2-v3r63b5w/\346\261\202\350\247\243\345\231\250>, "/usr/lib/locale/C.UTF-8/LC_MESSAGES", O_RDONLY|O_CLOEXEC) = -1 ENOENT (No such file or directory)
1427380 openat(AT_FDCWD</tmp/kernel-audit2-v3r63b5w/\346\261\202\350\247\243\345\231\250>, "/usr/lib/locale/C.utf8/LC_MESSAGES", O_RDONLY|O_CLOEXEC) = 3</usr/lib/locale/C.utf8/LC_MESSAGES>
1427380 openat(AT_FDCWD</tmp/kernel-audit2-v3r63b5w/\346\261\202\350\247\243\345\231\250>, "/usr/lib/locale/C.utf8/LC_MESSAGES/SYS_LC_MESSAGES", O_RDONLY|O_CLOEXEC) = 3</usr/lib/locale/C.utf8/LC_MESSAGES/SYS_LC_MESSAGES>
1427380 openat(AT_FDCWD</tmp/kernel-audit2-v3r63b5w/\346\261\202\350\247\243\345\231\250>, "/usr/lib/locale/C.UTF-8/LC_MONETARY", O_RDONLY|O_CLOEXEC) = -1 ENOENT (No such file or directory)
1427380 openat(AT_FDCWD</tmp/kernel-audit2-v3r63b5w/\346\261\202\350\247\243\345\231\250>, "/usr/lib/locale/C.utf8/LC_MONETARY", O_RDONLY|O_CLOEXEC) = 3</usr/lib/locale/C.utf8/LC_MONETARY>
1427380 openat(AT_FDCWD</tmp/kernel-audit2-v3r63b5w/\346\261\202\350\247\243\345\231\250>, "/usr/lib/locale/C.UTF-8/LC_COLLATE", O_RDONLY|O_CLOEXEC) = -1 ENOENT (No such file or directory)
1427380 openat(AT_FDCWD</tmp/kernel-audit2-v3r63b5w/\346\261\202\350\247\243\345\231\250>, "/usr/lib/locale/C.utf8/LC_COLLATE", O_RDONLY|O_CLOEXEC) = 3</usr/lib/locale/C.utf8/LC_COLLATE>
1427380 openat(AT_FDCWD</tmp/kernel-audit2-v3r63b5w/\346\261\202\350\247\243\345\231\250>, "/usr/lib/locale/C.UTF-8/LC_TIME", O_RDONLY|O_CLOEXEC) = -1 ENOENT (No such file or directory)
1427380 openat(AT_FDCWD</tmp/kernel-audit2-v3r63b5w/\346\261\202\350\247\243\345\231\250>, "/usr/lib/locale/C.utf8/LC_TIME", O_RDONLY|O_CLOEXEC) = 3</usr/lib/locale/C.utf8/LC_TIME>
1427380 openat(AT_FDCWD</tmp/kernel-audit2-v3r63b5w/\346\261\202\350\247\243\345\231\250>, "/usr/lib/locale/C.UTF-8/LC_NUMERIC", O_RDONLY|O_CLOEXEC) = -1 ENOENT (No such file or directory)
1427380 openat(AT_FDCWD</tmp/kernel-audit2-v3r63b5w/\346\261\202\350\247\243\345\231\250>, "/usr/lib/locale/C.utf8/LC_NUMERIC", O_RDONLY|O_CLOEXEC) = 3</usr/lib/locale/C.utf8/LC_NUMERIC>
1427380 openat(AT_FDCWD</tmp/kernel-audit2-v3r63b5w/\346\261\202\350\247\243\345\231\250>, "/usr/lib/locale/C.UTF-8/LC_CTYPE", O_RDONLY|O_CLOEXEC) = -1 ENOENT (No such file or directory)
1427380 openat(AT_FDCWD</tmp/kernel-audit2-v3r63b5w/\346\261\202\350\247\243\345\231\250>, "/usr/lib/locale/C.utf8/LC_CTYPE", O_RDONLY|O_CLOEXEC) = 3</usr/lib/locale/C.utf8/LC_CTYPE>
1427380 openat(AT_FDCWD</tmp/kernel-audit2-v3r63b5w/\346\261\202\350\247\243\345\231\250>, "/tmp/kernel-audit2-v3r63b5w/\346\261\202\350\247\243\345\231\250/crates/kernel/src/interfaces.rs", O_RDONLY) = 3</tmp/kernel-audit2-v3r63b5w/\346\261\202\350\247\243\345\231\250/crates/kernel/src/interfaces.rs>
1427354 --- SIGCHLD {si_signo=SIGCHLD, si_code=CLD_EXITED, si_pid=1427380, si_uid=1000, si_status=0, si_utime=0, si_stime=0} ---
1427354 openat(AT_FDCWD</tmp/kernel-audit2-v3r63b5w/\346\261\202\350\247\243\345\231\250>, "/dev/null", O_RDONLY|O_CLOEXEC) = 3</dev/null<char 1:3>>
1427381 execve("/home/zhuran24/.codex/tmp/arg0/codex-arg0DuAZRy/sha256sum", ["sha256sum", "--", "/tmp/kernel-audit2-v3r63b5w/\346\261\202\350\247\243\345\231\250/crates/kernel/src/engine.rs"], 0x7ffde62c4578 /* 135 vars */) = -1 ENOENT (No such file or directory)
1427381 execve("/home/zhuran24/.cargo/bin/sha256sum", ["sha256sum", "--", "/tmp/kernel-audit2-v3r63b5w/\346\261\202\350\247\243\345\231\250/crates/kernel/src/engine.rs"], 0x7ffde62c4578 /* 135 vars */) = -1 ENOENT (No such file or directory)
1427381 execve("/home/zhuran24/.local/bin/sha256sum", ["sha256sum", "--", "/tmp/kernel-audit2-v3r63b5w/\346\261\202\350\247\243\345\231\250/crates/kernel/src/engine.rs"], 0x7ffde62c4578 /* 135 vars */) = -1 ENOENT (No such file or directory)
1427381 execve("/home/zhuran24/.opencode/bin/sha256sum", ["sha256sum", "--", "/tmp/kernel-audit2-v3r63b5w/\346\261\202\350\247\243\345\231\250/crates/kernel/src/engine.rs"], 0x7ffde62c4578 /* 135 vars */) = -1 ENOENT (No such file or directory)
1427381 execve("/usr/local/bin/sha256sum", ["sha256sum", "--", "/tmp/kernel-audit2-v3r63b5w/\346\261\202\350\247\243\345\231\250/crates/kernel/src/engine.rs"], 0x7ffde62c4578 /* 135 vars */) = -1 ENOENT (No such file or directory)
1427381 execve("/usr/bin/sha256sum", ["sha256sum", "--", "/tmp/kernel-audit2-v3r63b5w/\346\261\202\350\247\243\345\231\250/crates/kernel/src/engine.rs"], 0x7ffde62c4578 /* 135 vars */) = 0
1427381 openat(AT_FDCWD</tmp/kernel-audit2-v3r63b5w/\346\261\202\350\247\243\345\231\250>, "/etc/ld.so.cache", O_RDONLY|O_CLOEXEC) = 3</etc/ld.so.cache>
1427381 openat(AT_FDCWD</tmp/kernel-audit2-v3r63b5w/\346\261\202\350\247\243\345\231\250>, "/usr/lib/libcrypto.so.3", O_RDONLY|O_CLOEXEC) = 3</usr/lib/libcrypto.so.3>
1427381 openat(AT_FDCWD</tmp/kernel-audit2-v3r63b5w/\346\261\202\350\247\243\345\231\250>, "/usr/lib/libc.so.6", O_RDONLY|O_CLOEXEC) = 3</usr/lib/libc.so.6>
1427381 openat(AT_FDCWD</tmp/kernel-audit2-v3r63b5w/\346\261\202\350\247\243\345\231\250>, "/usr/lib/libz.so.1", O_RDONLY|O_CLOEXEC) = 3</usr/lib/libz.so.1.3.1.zlib-ng>
1427381 openat(AT_FDCWD</tmp/kernel-audit2-v3r63b5w/\346\261\202\350\247\243\345\231\250>, "/usr/lib/libbrotlienc.so.1", O_RDONLY|O_CLOEXEC) = 3</usr/lib/libbrotlienc.so.1.2.0>
1427381 openat(AT_FDCWD</tmp/kernel-audit2-v3r63b5w/\346\261\202\350\247\243\345\231\250>, "/usr/lib/libbrotlidec.so.1", O_RDONLY|O_CLOEXEC) = 3</usr/lib/libbrotlidec.so.1.2.0>
1427381 openat(AT_FDCWD</tmp/kernel-audit2-v3r63b5w/\346\261\202\350\247\243\345\231\250>, "/usr/lib/libzstd.so.1", O_RDONLY|O_CLOEXEC) = 3</usr/lib/libzstd.so.1.5.7>
1427381 openat(AT_FDCWD</tmp/kernel-audit2-v3r63b5w/\346\261\202\350\247\243\345\231\250>, "/usr/lib/libm.so.6", O_RDONLY|O_CLOEXEC) = 3</usr/lib/libm.so.6>
1427381 openat(AT_FDCWD</tmp/kernel-audit2-v3r63b5w/\346\261\202\350\247\243\345\231\250>, "/usr/lib/libbrotlicommon.so.1", O_RDONLY|O_CLOEXEC) = 3</usr/lib/libbrotlicommon.so.1.2.0>
1427381 openat(AT_FDCWD</tmp/kernel-audit2-v3r63b5w/\346\261\202\350\247\243\345\231\250>, "/usr/lib/locale/locale-archive", O_RDONLY|O_CLOEXEC) = 3</usr/lib/locale/locale-archive>
1427381 openat(AT_FDCWD</tmp/kernel-audit2-v3r63b5w/\346\261\202\350\247\243\345\231\250>, "/usr/share/locale/locale.alias", O_RDONLY|O_CLOEXEC) = 3</usr/share/locale/locale.alias>
1427381 openat(AT_FDCWD</tmp/kernel-audit2-v3r63b5w/\346\261\202\350\247\243\345\231\250>, "/usr/lib/locale/C.UTF-8/LC_IDENTIFICATION", O_RDONLY|O_CLOEXEC) = -1 ENOENT (No such file or directory)
1427381 openat(AT_FDCWD</tmp/kernel-audit2-v3r63b5w/\346\261\202\350\247\243\345\231\250>, "/usr/lib/locale/C.utf8/LC_IDENTIFICATION", O_RDONLY|O_CLOEXEC) = 3</usr/lib/locale/C.utf8/LC_IDENTIFICATION>
1427381 openat(AT_FDCWD</tmp/kernel-audit2-v3r63b5w/\346\261\202\350\247\243\345\231\250>, "/usr/lib/gconv/gconv-modules.cache", O_RDONLY|O_CLOEXEC) = 3</usr/lib/gconv/gconv-modules.cache>
1427381 openat(AT_FDCWD</tmp/kernel-audit2-v3r63b5w/\346\261\202\350\247\243\345\231\250>, "/usr/lib/locale/C.UTF-8/LC_MEASUREMENT", O_RDONLY|O_CLOEXEC) = -1 ENOENT (No such file or directory)
1427381 openat(AT_FDCWD</tmp/kernel-audit2-v3r63b5w/\346\261\202\350\247\243\345\231\250>, "/usr/lib/locale/C.utf8/LC_MEASUREMENT", O_RDONLY|O_CLOEXEC) = 3</usr/lib/locale/C.utf8/LC_MEASUREMENT>
1427381 openat(AT_FDCWD</tmp/kernel-audit2-v3r63b5w/\346\261\202\350\247\243\345\231\250>, "/usr/lib/locale/C.UTF-8/LC_TELEPHONE", O_RDONLY|O_CLOEXEC) = -1 ENOENT (No such file or directory)
1427381 openat(AT_FDCWD</tmp/kernel-audit2-v3r63b5w/\346\261\202\350\247\243\345\231\250>, "/usr/lib/locale/C.utf8/LC_TELEPHONE", O_RDONLY|O_CLOEXEC) = 3</usr/lib/locale/C.utf8/LC_TELEPHONE>
1427381 openat(AT_FDCWD</tmp/kernel-audit2-v3r63b5w/\346\261\202\350\247\243\345\231\250>, "/usr/lib/locale/C.UTF-8/LC_ADDRESS", O_RDONLY|O_CLOEXEC) = -1 ENOENT (No such file or directory)
1427381 openat(AT_FDCWD</tmp/kernel-audit2-v3r63b5w/\346\261\202\350\247\243\345\231\250>, "/usr/lib/locale/C.utf8/LC_ADDRESS", O_RDONLY|O_CLOEXEC) = 3</usr/lib/locale/C.utf8/LC_ADDRESS>
1427381 openat(AT_FDCWD</tmp/kernel-audit2-v3r63b5w/\346\261\202\350\247\243\345\231\250>, "/usr/lib/locale/C.UTF-8/LC_NAME", O_RDONLY|O_CLOEXEC) = -1 ENOENT (No such file or directory)
1427381 openat(AT_FDCWD</tmp/kernel-audit2-v3r63b5w/\346\261\202\350\247\243\345\231\250>, "/usr/lib/locale/C.utf8/LC_NAME", O_RDONLY|O_CLOEXEC) = 3</usr/lib/locale/C.utf8/LC_NAME>
1427381 openat(AT_FDCWD</tmp/kernel-audit2-v3r63b5w/\346\261\202\350\247\243\345\231\250>, "/usr/lib/locale/C.UTF-8/LC_PAPER", O_RDONLY|O_CLOEXEC) = -1 ENOENT (No such file or directory)
1427381 openat(AT_FDCWD</tmp/kernel-audit2-v3r63b5w/\346\261\202\350\247\243\345\231\250>, "/usr/lib/locale/C.utf8/LC_PAPER", O_RDONLY|O_CLOEXEC) = 3</usr/lib/locale/C.utf8/LC_PAPER>
1427381 openat(AT_FDCWD</tmp/kernel-audit2-v3r63b5w/\346\261\202\350\247\243\345\231\250>, "/usr/lib/locale/C.UTF-8/LC_MESSAGES", O_RDONLY|O_CLOEXEC) = -1 ENOENT (No such file or directory)
1427381 openat(AT_FDCWD</tmp/kernel-audit2-v3r63b5w/\346\261\202\350\247\243\345\231\250>, "/usr/lib/locale/C.utf8/LC_MESSAGES", O_RDONLY|O_CLOEXEC) = 3</usr/lib/locale/C.utf8/LC_MESSAGES>
1427381 openat(AT_FDCWD</tmp/kernel-audit2-v3r63b5w/\346\261\202\350\247\243\345\231\250>, "/usr/lib/locale/C.utf8/LC_MESSAGES/SYS_LC_MESSAGES", O_RDONLY|O_CLOEXEC) = 3</usr/lib/locale/C.utf8/LC_MESSAGES/SYS_LC_MESSAGES>
1427381 openat(AT_FDCWD</tmp/kernel-audit2-v3r63b5w/\346\261\202\350\247\243\345\231\250>, "/usr/lib/locale/C.UTF-8/LC_MONETARY", O_RDONLY|O_CLOEXEC) = -1 ENOENT (No such file or directory)
1427381 openat(AT_FDCWD</tmp/kernel-audit2-v3r63b5w/\346\261\202\350\247\243\345\231\250>, "/usr/lib/locale/C.utf8/LC_MONETARY", O_RDONLY|O_CLOEXEC) = 3</usr/lib/locale/C.utf8/LC_MONETARY>
1427381 openat(AT_FDCWD</tmp/kernel-audit2-v3r63b5w/\346\261\202\350\247\243\345\231\250>, "/usr/lib/locale/C.UTF-8/LC_COLLATE", O_RDONLY|O_CLOEXEC) = -1 ENOENT (No such file or directory)
1427381 openat(AT_FDCWD</tmp/kernel-audit2-v3r63b5w/\346\261\202\350\247\243\345\231\250>, "/usr/lib/locale/C.utf8/LC_COLLATE", O_RDONLY|O_CLOEXEC) = 3</usr/lib/locale/C.utf8/LC_COLLATE>
1427381 openat(AT_FDCWD</tmp/kernel-audit2-v3r63b5w/\346\261\202\350\247\243\345\231\250>, "/usr/lib/locale/C.UTF-8/LC_TIME", O_RDONLY|O_CLOEXEC) = -1 ENOENT (No such file or directory)
1427381 openat(AT_FDCWD</tmp/kernel-audit2-v3r63b5w/\346\261\202\350\247\243\345\231\250>, "/usr/lib/locale/C.utf8/LC_TIME", O_RDONLY|O_CLOEXEC) = 3</usr/lib/locale/C.utf8/LC_TIME>
1427381 openat(AT_FDCWD</tmp/kernel-audit2-v3r63b5w/\346\261\202\350\247\243\345\231\250>, "/usr/lib/locale/C.UTF-8/LC_NUMERIC", O_RDONLY|O_CLOEXEC) = -1 ENOENT (No such file or directory)
1427381 openat(AT_FDCWD</tmp/kernel-audit2-v3r63b5w/\346\261\202\350\247\243\345\231\250>, "/usr/lib/locale/C.utf8/LC_NUMERIC", O_RDONLY|O_CLOEXEC) = 3</usr/lib/locale/C.utf8/LC_NUMERIC>
1427381 openat(AT_FDCWD</tmp/kernel-audit2-v3r63b5w/\346\261\202\350\247\243\345\231\250>, "/usr/lib/locale/C.UTF-8/LC_CTYPE", O_RDONLY|O_CLOEXEC) = -1 ENOENT (No such file or directory)
1427381 openat(AT_FDCWD</tmp/kernel-audit2-v3r63b5w/\346\261\202\350\247\243\345\231\250>, "/usr/lib/locale/C.utf8/LC_CTYPE", O_RDONLY|O_CLOEXEC) = 3</usr/lib/locale/C.utf8/LC_CTYPE>
1427381 openat(AT_FDCWD</tmp/kernel-audit2-v3r63b5w/\346\261\202\350\247\243\345\231\250>, "/tmp/kernel-audit2-v3r63b5w/\346\261\202\350\247\243\345\231\250/crates/kernel/src/engine.rs", O_RDONLY) = 3</tmp/kernel-audit2-v3r63b5w/\346\261\202\350\247\243\345\231\250/crates/kernel/src/engine.rs>
1427354 --- SIGCHLD {si_signo=SIGCHLD, si_code=CLD_EXITED, si_pid=1427381, si_uid=1000, si_status=0, si_utime=0, si_stime=0} ---
1427354 openat(AT_FDCWD</tmp/kernel-audit2-v3r63b5w/\346\261\202\350\247\243\345\231\250>, "/dev/null", O_RDONLY|O_CLOEXEC) = 3</dev/null<char 1:3>>
1427382 execve("/home/zhuran24/.codex/tmp/arg0/codex-arg0DuAZRy/sha256sum", ["sha256sum", "--", "/tmp/kernel-audit2-v3r63b5w/\346\261\202\350\247\243\345\231\250/crates/kernel/src/event_identity.rs"], 0x7ffde62c4578 /* 135 vars */) = -1 ENOENT (No such file or directory)
1427382 execve("/home/zhuran24/.cargo/bin/sha256sum", ["sha256sum", "--", "/tmp/kernel-audit2-v3r63b5w/\346\261\202\350\247\243\345\231\250/crates/kernel/src/event_identity.rs"], 0x7ffde62c4578 /* 135 vars */) = -1 ENOENT (No such file or directory)
1427382 execve("/home/zhuran24/.local/bin/sha256sum", ["sha256sum", "--", "/tmp/kernel-audit2-v3r63b5w/\346\261\202\350\247\243\345\231\250/crates/kernel/src/event_identity.rs"], 0x7ffde62c4578 /* 135 vars */) = -1 ENOENT (No such file or directory)
1427382 execve("/home/zhuran24/.opencode/bin/sha256sum", ["sha256sum", "--", "/tmp/kernel-audit2-v3r63b5w/\346\261\202\350\247\243\345\231\250/crates/kernel/src/event_identity.rs"], 0x7ffde62c4578 /* 135 vars */) = -1 ENOENT (No such file or directory)
1427382 execve("/usr/local/bin/sha256sum", ["sha256sum", "--", "/tmp/kernel-audit2-v3r63b5w/\346\261\202\350\247\243\345\231\250/crates/kernel/src/event_identity.rs"], 0x7ffde62c4578 /* 135 vars */) = -1 ENOENT (No such file or directory)
1427382 execve("/usr/bin/sha256sum", ["sha256sum", "--", "/tmp/kernel-audit2-v3r63b5w/\346\261\202\350\247\243\345\231\250/crates/kernel/src/event_identity.rs"], 0x7ffde62c4578 /* 135 vars */) = 0
1427382 openat(AT_FDCWD</tmp/kernel-audit2-v3r63b5w/\346\261\202\350\247\243\345\231\250>, "/etc/ld.so.cache", O_RDONLY|O_CLOEXEC) = 3</etc/ld.so.cache>
1427382 openat(AT_FDCWD</tmp/kernel-audit2-v3r63b5w/\346\261\202\350\247\243\345\231\250>, "/usr/lib/libcrypto.so.3", O_RDONLY|O_CLOEXEC) = 3</usr/lib/libcrypto.so.3>
1427382 openat(AT_FDCWD</tmp/kernel-audit2-v3r63b5w/\346\261\202\350\247\243\345\231\250>, "/usr/lib/libc.so.6", O_RDONLY|O_CLOEXEC) = 3</usr/lib/libc.so.6>
1427382 openat(AT_FDCWD</tmp/kernel-audit2-v3r63b5w/\346\261\202\350\247\243\345\231\250>, "/usr/lib/libz.so.1", O_RDONLY|O_CLOEXEC) = 3</usr/lib/libz.so.1.3.1.zlib-ng>
1427382 openat(AT_FDCWD</tmp/kernel-audit2-v3r63b5w/\346\261\202\350\247\243\345\231\250>, "/usr/lib/libbrotlienc.so.1", O_RDONLY|O_CLOEXEC) = 3</usr/lib/libbrotlienc.so.1.2.0>
1427382 openat(AT_FDCWD</tmp/kernel-audit2-v3r63b5w/\346\261\202\350\247\243\345\231\250>, "/usr/lib/libbrotlidec.so.1", O_RDONLY|O_CLOEXEC) = 3</usr/lib/libbrotlidec.so.1.2.0>
1427382 openat(AT_FDCWD</tmp/kernel-audit2-v3r63b5w/\346\261\202\350\247\243\345\231\250>, "/usr/lib/libzstd.so.1", O_RDONLY|O_CLOEXEC) = 3</usr/lib/libzstd.so.1.5.7>
1427382 openat(AT_FDCWD</tmp/kernel-audit2-v3r63b5w/\346\261\202\350\247\243\345\231\250>, "/usr/lib/libm.so.6", O_RDONLY|O_CLOEXEC) = 3</usr/lib/libm.so.6>
1427382 openat(AT_FDCWD</tmp/kernel-audit2-v3r63b5w/\346\261\202\350\247\243\345\231\250>, "/usr/lib/libbrotlicommon.so.1", O_RDONLY|O_CLOEXEC) = 3</usr/lib/libbrotlicommon.so.1.2.0>
1427382 openat(AT_FDCWD</tmp/kernel-audit2-v3r63b5w/\346\261\202\350\247\243\345\231\250>, "/usr/lib/locale/locale-archive", O_RDONLY|O_CLOEXEC) = 3</usr/lib/locale/locale-archive>
1427382 openat(AT_FDCWD</tmp/kernel-audit2-v3r63b5w/\346\261\202\350\247\243\345\231\250>, "/usr/share/locale/locale.alias", O_RDONLY|O_CLOEXEC) = 3</usr/share/locale/locale.alias>
1427382 openat(AT_FDCWD</tmp/kernel-audit2-v3r63b5w/\346\261\202\350\247\243\345\231\250>, "/usr/lib/locale/C.UTF-8/LC_IDENTIFICATION", O_RDONLY|O_CLOEXEC) = -1 ENOENT (No such file or directory)
1427382 openat(AT_FDCWD</tmp/kernel-audit2-v3r63b5w/\346\261\202\350\247\243\345\231\250>, "/usr/lib/locale/C.utf8/LC_IDENTIFICATION", O_RDONLY|O_CLOEXEC) = 3</usr/lib/locale/C.utf8/LC_IDENTIFICATION>
1427382 openat(AT_FDCWD</tmp/kernel-audit2-v3r63b5w/\346\261\202\350\247\243\345\231\250>, "/usr/lib/gconv/gconv-modules.cache", O_RDONLY|O_CLOEXEC) = 3</usr/lib/gconv/gconv-modules.cache>
1427382 openat(AT_FDCWD</tmp/kernel-audit2-v3r63b5w/\346\261\202\350\247\243\345\231\250>, "/usr/lib/locale/C.UTF-8/LC_MEASUREMENT", O_RDONLY|O_CLOEXEC) = -1 ENOENT (No such file or directory)
1427382 openat(AT_FDCWD</tmp/kernel-audit2-v3r63b5w/\346\261\202\350\247\243\345\231\250>, "/usr/lib/locale/C.utf8/LC_MEASUREMENT", O_RDONLY|O_CLOEXEC) = 3</usr/lib/locale/C.utf8/LC_MEASUREMENT>
1427382 openat(AT_FDCWD</tmp/kernel-audit2-v3r63b5w/\346\261\202\350\247\243\345\231\250>, "/usr/lib/locale/C.UTF-8/LC_TELEPHONE", O_RDONLY|O_CLOEXEC) = -1 ENOENT (No such file or directory)
1427382 openat(AT_FDCWD</tmp/kernel-audit2-v3r63b5w/\346\261\202\350\247\243\345\231\250>, "/usr/lib/locale/C.utf8/LC_TELEPHONE", O_RDONLY|O_CLOEXEC) = 3</usr/lib/locale/C.utf8/LC_TELEPHONE>
1427382 openat(AT_FDCWD</tmp/kernel-audit2-v3r63b5w/\346\261\202\350\247\243\345\231\250>, "/usr/lib/locale/C.UTF-8/LC_ADDRESS", O_RDONLY|O_CLOEXEC) = -1 ENOENT (No such file or directory)
1427382 openat(AT_FDCWD</tmp/kernel-audit2-v3r63b5w/\346\261\202\350\247\243\345\231\250>, "/usr/lib/locale/C.utf8/LC_ADDRESS", O_RDONLY|O_CLOEXEC) = 3</usr/lib/locale/C.utf8/LC_ADDRESS>
1427382 openat(AT_FDCWD</tmp/kernel-audit2-v3r63b5w/\346\261\202\350\247\243\345\231\250>, "/usr/lib/locale/C.UTF-8/LC_NAME", O_RDONLY|O_CLOEXEC) = -1 ENOENT (No such file or directory)
1427382 openat(AT_FDCWD</tmp/kernel-audit2-v3r63b5w/\346\261\202\350\247\243\345\231\250>, "/usr/lib/locale/C.utf8/LC_NAME", O_RDONLY|O_CLOEXEC) = 3</usr/lib/locale/C.utf8/LC_NAME>
1427382 openat(AT_FDCWD</tmp/kernel-audit2-v3r63b5w/\346\261\202\350\247\243\345\231\250>, "/usr/lib/locale/C.UTF-8/LC_PAPER", O_RDONLY|O_CLOEXEC) = -1 ENOENT (No such file or directory)
1427382 openat(AT_FDCWD</tmp/kernel-audit2-v3r63b5w/\346\261\202\350\247\243\345\231\250>, "/usr/lib/locale/C.utf8/LC_PAPER", O_RDONLY|O_CLOEXEC) = 3</usr/lib/locale/C.utf8/LC_PAPER>
1427382 openat(AT_FDCWD</tmp/kernel-audit2-v3r63b5w/\346\261\202\350\247\243\345\231\250>, "/usr/lib/locale/C.UTF-8/LC_MESSAGES", O_RDONLY|O_CLOEXEC) = -1 ENOENT (No such file or directory)
1427382 openat(AT_FDCWD</tmp/kernel-audit2-v3r63b5w/\346\261\202\350\247\243\345\231\250>, "/usr/lib/locale/C.utf8/LC_MESSAGES", O_RDONLY|O_CLOEXEC) = 3</usr/lib/locale/C.utf8/LC_MESSAGES>
1427382 openat(AT_FDCWD</tmp/kernel-audit2-v3r63b5w/\346\261\202\350\247\243\345\231\250>, "/usr/lib/locale/C.utf8/LC_MESSAGES/SYS_LC_MESSAGES", O_RDONLY|O_CLOEXEC) = 3</usr/lib/locale/C.utf8/LC_MESSAGES/SYS_LC_MESSAGES>
1427382 openat(AT_FDCWD</tmp/kernel-audit2-v3r63b5w/\346\261\202\350\247\243\345\231\250>, "/usr/lib/locale/C.UTF-8/LC_MONETARY", O_RDONLY|O_CLOEXEC) = -1 ENOENT (No such file or directory)
1427382 openat(AT_FDCWD</tmp/kernel-audit2-v3r63b5w/\346\261\202\350\247\243\345\231\250>, "/usr/lib/locale/C.utf8/LC_MONETARY", O_RDONLY|O_CLOEXEC) = 3</usr/lib/locale/C.utf8/LC_MONETARY>
1427382 openat(AT_FDCWD</tmp/kernel-audit2-v3r63b5w/\346\261\202\350\247\243\345\231\250>, "/usr/lib/locale/C.UTF-8/LC_COLLATE", O_RDONLY|O_CLOEXEC) = -1 ENOENT (No such file or directory)
1427382 openat(AT_FDCWD</tmp/kernel-audit2-v3r63b5w/\346\261\202\350\247\243\345\231\250>, "/usr/lib/locale/C.utf8/LC_COLLATE", O_RDONLY|O_CLOEXEC) = 3</usr/lib/locale/C.utf8/LC_COLLATE>
1427382 openat(AT_FDCWD</tmp/kernel-audit2-v3r63b5w/\346\261\202\350\247\243\345\231\250>, "/usr/lib/locale/C.UTF-8/LC_TIME", O_RDONLY|O_CLOEXEC) = -1 ENOENT (No such file or directory)
1427382 openat(AT_FDCWD</tmp/kernel-audit2-v3r63b5w/\346\261\202\350\247\243\345\231\250>, "/usr/lib/locale/C.utf8/LC_TIME", O_RDONLY|O_CLOEXEC) = 3</usr/lib/locale/C.utf8/LC_TIME>
1427382 openat(AT_FDCWD</tmp/kernel-audit2-v3r63b5w/\346\261\202\350\247\243\345\231\250>, "/usr/lib/locale/C.UTF-8/LC_NUMERIC", O_RDONLY|O_CLOEXEC) = -1 ENOENT (No such file or directory)
1427382 openat(AT_FDCWD</tmp/kernel-audit2-v3r63b5w/\346\261\202\350\247\243\345\231\250>, "/usr/lib/locale/C.utf8/LC_NUMERIC", O_RDONLY|O_CLOEXEC) = 3</usr/lib/locale/C.utf8/LC_NUMERIC>
1427382 openat(AT_FDCWD</tmp/kernel-audit2-v3r63b5w/\346\261\202\350\247\243\345\231\250>, "/usr/lib/locale/C.UTF-8/LC_CTYPE", O_RDONLY|O_CLOEXEC) = -1 ENOENT (No such file or directory)
1427382 openat(AT_FDCWD</tmp/kernel-audit2-v3r63b5w/\346\261\202\350\247\243\345\231\250>, "/usr/lib/locale/C.utf8/LC_CTYPE", O_RDONLY|O_CLOEXEC) = 3</usr/lib/locale/C.utf8/LC_CTYPE>
1427382 openat(AT_FDCWD</tmp/kernel-audit2-v3r63b5w/\346\261\202\350\247\243\345\231\250>, "/tmp/kernel-audit2-v3r63b5w/\346\261\202\350\247\243\345\231\250/crates/kernel/src/event_identity.rs", O_RDONLY) = 3</tmp/kernel-audit2-v3r63b5w/\346\261\202\350\247\243\345\231\250/crates/kernel/src/event_identity.rs>
1427354 --- SIGCHLD {si_signo=SIGCHLD, si_code=CLD_EXITED, si_pid=1427382, si_uid=1000, si_status=0, si_utime=0, si_stime=0} ---
1427354 openat(AT_FDCWD</tmp/kernel-audit2-v3r63b5w/\346\261\202\350\247\243\345\231\250>, "/dev/null", O_RDONLY|O_CLOEXEC) = 3</dev/null<char 1:3>>
1427383 execve("/home/zhuran24/.codex/tmp/arg0/codex-arg0DuAZRy/sha256sum", ["sha256sum", "--", "/tmp/kernel-audit2-v3r63b5w/\346\261\202\350\247\243\345\231\250/crates/kernel/src/warehouse.rs"], 0x7ffde62c4578 /* 135 vars */) = -1 ENOENT (No such file or directory)
1427383 execve("/home/zhuran24/.cargo/bin/sha256sum", ["sha256sum", "--", "/tmp/kernel-audit2-v3r63b5w/\346\261\202\350\247\243\345\231\250/crates/kernel/src/warehouse.rs"], 0x7ffde62c4578 /* 135 vars */) = -1 ENOENT (No such file or directory)
1427383 execve("/home/zhuran24/.local/bin/sha256sum", ["sha256sum", "--", "/tmp/kernel-audit2-v3r63b5w/\346\261\202\350\247\243\345\231\250/crates/kernel/src/warehouse.rs"], 0x7ffde62c4578 /* 135 vars */) = -1 ENOENT (No such file or directory)
1427383 execve("/home/zhuran24/.opencode/bin/sha256sum", ["sha256sum", "--", "/tmp/kernel-audit2-v3r63b5w/\346\261\202\350\247\243\345\231\250/crates/kernel/src/warehouse.rs"], 0x7ffde62c4578 /* 135 vars */) = -1 ENOENT (No such file or directory)
1427383 execve("/usr/local/bin/sha256sum", ["sha256sum", "--", "/tmp/kernel-audit2-v3r63b5w/\346\261\202\350\247\243\345\231\250/crates/kernel/src/warehouse.rs"], 0x7ffde62c4578 /* 135 vars */) = -1 ENOENT (No such file or directory)
1427383 execve("/usr/bin/sha256sum", ["sha256sum", "--", "/tmp/kernel-audit2-v3r63b5w/\346\261\202\350\247\243\345\231\250/crates/kernel/src/warehouse.rs"], 0x7ffde62c4578 /* 135 vars */) = 0
1427383 openat(AT_FDCWD</tmp/kernel-audit2-v3r63b5w/\346\261\202\350\247\243\345\231\250>, "/etc/ld.so.cache", O_RDONLY|O_CLOEXEC) = 3</etc/ld.so.cache>
1427383 openat(AT_FDCWD</tmp/kernel-audit2-v3r63b5w/\346\261\202\350\247\243\345\231\250>, "/usr/lib/libcrypto.so.3", O_RDONLY|O_CLOEXEC) = 3</usr/lib/libcrypto.so.3>
1427383 openat(AT_FDCWD</tmp/kernel-audit2-v3r63b5w/\346\261\202\350\247\243\345\231\250>, "/usr/lib/libc.so.6", O_RDONLY|O_CLOEXEC) = 3</usr/lib/libc.so.6>
1427383 openat(AT_FDCWD</tmp/kernel-audit2-v3r63b5w/\346\261\202\350\247\243\345\231\250>, "/usr/lib/libz.so.1", O_RDONLY|O_CLOEXEC) = 3</usr/lib/libz.so.1.3.1.zlib-ng>
1427383 openat(AT_FDCWD</tmp/kernel-audit2-v3r63b5w/\346\261\202\350\247\243\345\231\250>, "/usr/lib/libbrotlienc.so.1", O_RDONLY|O_CLOEXEC) = 3</usr/lib/libbrotlienc.so.1.2.0>
1427383 openat(AT_FDCWD</tmp/kernel-audit2-v3r63b5w/\346\261\202\350\247\243\345\231\250>, "/usr/lib/libbrotlidec.so.1", O_RDONLY|O_CLOEXEC) = 3</usr/lib/libbrotlidec.so.1.2.0>
1427383 openat(AT_FDCWD</tmp/kernel-audit2-v3r63b5w/\346\261\202\350\247\243\345\231\250>, "/usr/lib/libzstd.so.1", O_RDONLY|O_CLOEXEC) = 3</usr/lib/libzstd.so.1.5.7>
1427383 openat(AT_FDCWD</tmp/kernel-audit2-v3r63b5w/\346\261\202\350\247\243\345\231\250>, "/usr/lib/libm.so.6", O_RDONLY|O_CLOEXEC) = 3</usr/lib/libm.so.6>
1427383 openat(AT_FDCWD</tmp/kernel-audit2-v3r63b5w/\346\261\202\350\247\243\345\231\250>, "/usr/lib/libbrotlicommon.so.1", O_RDONLY|O_CLOEXEC) = 3</usr/lib/libbrotlicommon.so.1.2.0>
1427383 openat(AT_FDCWD</tmp/kernel-audit2-v3r63b5w/\346\261\202\350\247\243\345\231\250>, "/usr/lib/locale/locale-archive", O_RDONLY|O_CLOEXEC) = 3</usr/lib/locale/locale-archive>
1427383 openat(AT_FDCWD</tmp/kernel-audit2-v3r63b5w/\346\261\202\350\247\243\345\231\250>, "/usr/share/locale/locale.alias", O_RDONLY|O_CLOEXEC) = 3</usr/share/locale/locale.alias>
1427383 openat(AT_FDCWD</tmp/kernel-audit2-v3r63b5w/\346\261\202\350\247\243\345\231\250>, "/usr/lib/locale/C.UTF-8/LC_IDENTIFICATION", O_RDONLY|O_CLOEXEC) = -1 ENOENT (No such file or directory)
1427383 openat(AT_FDCWD</tmp/kernel-audit2-v3r63b5w/\346\261\202\350\247\243\345\231\250>, "/usr/lib/locale/C.utf8/LC_IDENTIFICATION", O_RDONLY|O_CLOEXEC) = 3</usr/lib/locale/C.utf8/LC_IDENTIFICATION>
1427383 openat(AT_FDCWD</tmp/kernel-audit2-v3r63b5w/\346\261\202\350\247\243\345\231\250>, "/usr/lib/gconv/gconv-modules.cache", O_RDONLY|O_CLOEXEC) = 3</usr/lib/gconv/gconv-modules.cache>
1427383 openat(AT_FDCWD</tmp/kernel-audit2-v3r63b5w/\346\261\202\350\247\243\345\231\250>, "/usr/lib/locale/C.UTF-8/LC_MEASUREMENT", O_RDONLY|O_CLOEXEC) = -1 ENOENT (No such file or directory)
1427383 openat(AT_FDCWD</tmp/kernel-audit2-v3r63b5w/\346\261\202\350\247\243\345\231\250>, "/usr/lib/locale/C.utf8/LC_MEASUREMENT", O_RDONLY|O_CLOEXEC) = 3</usr/lib/locale/C.utf8/LC_MEASUREMENT>
1427383 openat(AT_FDCWD</tmp/kernel-audit2-v3r63b5w/\346\261\202\350\247\243\345\231\250>, "/usr/lib/locale/C.UTF-8/LC_TELEPHONE", O_RDONLY|O_CLOEXEC) = -1 ENOENT (No such file or directory)
1427383 openat(AT_FDCWD</tmp/kernel-audit2-v3r63b5w/\346\261\202\350\247\243\345\231\250>, "/usr/lib/locale/C.utf8/LC_TELEPHONE", O_RDONLY|O_CLOEXEC) = 3</usr/lib/locale/C.utf8/LC_TELEPHONE>
1427383 openat(AT_FDCWD</tmp/kernel-audit2-v3r63b5w/\346\261\202\350\247\243\345\231\250>, "/usr/lib/locale/C.UTF-8/LC_ADDRESS", O_RDONLY|O_CLOEXEC) = -1 ENOENT (No such file or directory)
1427383 openat(AT_FDCWD</tmp/kernel-audit2-v3r63b5w/\346\261\202\350\247\243\345\231\250>, "/usr/lib/locale/C.utf8/LC_ADDRESS", O_RDONLY|O_CLOEXEC) = 3</usr/lib/locale/C.utf8/LC_ADDRESS>
1427383 openat(AT_FDCWD</tmp/kernel-audit2-v3r63b5w/\346\261\202\350\247\243\345\231\250>, "/usr/lib/locale/C.UTF-8/LC_NAME", O_RDONLY|O_CLOEXEC) = -1 ENOENT (No such file or directory)
1427383 openat(AT_FDCWD</tmp/kernel-audit2-v3r63b5w/\346\261\202\350\247\243\345\231\250>, "/usr/lib/locale/C.utf8/LC_NAME", O_RDONLY|O_CLOEXEC) = 3</usr/lib/locale/C.utf8/LC_NAME>
1427383 openat(AT_FDCWD</tmp/kernel-audit2-v3r63b5w/\346\261\202\350\247\243\345\231\250>, "/usr/lib/locale/C.UTF-8/LC_PAPER", O_RDONLY|O_CLOEXEC) = -1 ENOENT (No such file or directory)
1427383 openat(AT_FDCWD</tmp/kernel-audit2-v3r63b5w/\346\261\202\350\247\243\345\231\250>, "/usr/lib/locale/C.utf8/LC_PAPER", O_RDONLY|O_CLOEXEC) = 3</usr/lib/locale/C.utf8/LC_PAPER>
1427383 openat(AT_FDCWD</tmp/kernel-audit2-v3r63b5w/\346\261\202\350\247\243\345\231\250>, "/usr/lib/locale/C.UTF-8/LC_MESSAGES", O_RDONLY|O_CLOEXEC) = -1 ENOENT (No such file or directory)
1427383 openat(AT_FDCWD</tmp/kernel-audit2-v3r63b5w/\346\261\202\350\247\243\345\231\250>, "/usr/lib/locale/C.utf8/LC_MESSAGES", O_RDONLY|O_CLOEXEC) = 3</usr/lib/locale/C.utf8/LC_MESSAGES>
1427383 openat(AT_FDCWD</tmp/kernel-audit2-v3r63b5w/\346\261\202\350\247\243\345\231\250>, "/usr/lib/locale/C.utf8/LC_MESSAGES/SYS_LC_MESSAGES", O_RDONLY|O_CLOEXEC) = 3</usr/lib/locale/C.utf8/LC_MESSAGES/SYS_LC_MESSAGES>
1427383 openat(AT_FDCWD</tmp/kernel-audit2-v3r63b5w/\346\261\202\350\247\243\345\231\250>, "/usr/lib/locale/C.UTF-8/LC_MONETARY", O_RDONLY|O_CLOEXEC) = -1 ENOENT (No such file or directory)
1427383 openat(AT_FDCWD</tmp/kernel-audit2-v3r63b5w/\346\261\202\350\247\243\345\231\250>, "/usr/lib/locale/C.utf8/LC_MONETARY", O_RDONLY|O_CLOEXEC) = 3</usr/lib/locale/C.utf8/LC_MONETARY>
1427383 openat(AT_FDCWD</tmp/kernel-audit2-v3r63b5w/\346\261\202\350\247\243\345\231\250>, "/usr/lib/locale/C.UTF-8/LC_COLLATE", O_RDONLY|O_CLOEXEC) = -1 ENOENT (No such file or directory)
1427383 openat(AT_FDCWD</tmp/kernel-audit2-v3r63b5w/\346\261\202\350\247\243\345\231\250>, "/usr/lib/locale/C.utf8/LC_COLLATE", O_RDONLY|O_CLOEXEC) = 3</usr/lib/locale/C.utf8/LC_COLLATE>
1427383 openat(AT_FDCWD</tmp/kernel-audit2-v3r63b5w/\346\261\202\350\247\243\345\231\250>, "/usr/lib/locale/C.UTF-8/LC_TIME", O_RDONLY|O_CLOEXEC) = -1 ENOENT (No such file or directory)
1427383 openat(AT_FDCWD</tmp/kernel-audit2-v3r63b5w/\346\261\202\350\247\243\345\231\250>, "/usr/lib/locale/C.utf8/LC_TIME", O_RDONLY|O_CLOEXEC) = 3</usr/lib/locale/C.utf8/LC_TIME>
1427383 openat(AT_FDCWD</tmp/kernel-audit2-v3r63b5w/\346\261\202\350\247\243\345\231\250>, "/usr/lib/locale/C.UTF-8/LC_NUMERIC", O_RDONLY|O_CLOEXEC) = -1 ENOENT (No such file or directory)
1427383 openat(AT_FDCWD</tmp/kernel-audit2-v3r63b5w/\346\261\202\350\247\243\345\231\250>, "/usr/lib/locale/C.utf8/LC_NUMERIC", O_RDONLY|O_CLOEXEC) = 3</usr/lib/locale/C.utf8/LC_NUMERIC>
1427383 openat(AT_FDCWD</tmp/kernel-audit2-v3r63b5w/\346\261\202\350\247\243\345\231\250>, "/usr/lib/locale/C.UTF-8/LC_CTYPE", O_RDONLY|O_CLOEXEC) = -1 ENOENT (No such file or directory)
1427383 openat(AT_FDCWD</tmp/kernel-audit2-v3r63b5w/\346\261\202\350\247\243\345\231\250>, "/usr/lib/locale/C.utf8/LC_CTYPE", O_RDONLY|O_CLOEXEC) = 3</usr/lib/locale/C.utf8/LC_CTYPE>
1427383 openat(AT_FDCWD</tmp/kernel-audit2-v3r63b5w/\346\261\202\350\247\243\345\231\250>, "/tmp/kernel-audit2-v3r63b5w/\346\261\202\350\247\243\345\231\250/crates/kernel/src/warehouse.rs", O_RDONLY) = 3</tmp/kernel-audit2-v3r63b5w/\346\261\202\350\247\243\345\231\250/crates/kernel/src/warehouse.rs>
1427354 --- SIGCHLD {si_signo=SIGCHLD, si_code=CLD_EXITED, si_pid=1427383, si_uid=1000, si_status=0, si_utime=0, si_stime=0} ---
1427354 openat(AT_FDCWD</tmp/kernel-audit2-v3r63b5w/\346\261\202\350\247\243\345\231\250>, "/dev/null", O_RDONLY|O_CLOEXEC) = 3</dev/null<char 1:3>>
1427384 execve("/home/zhuran24/.codex/tmp/arg0/codex-arg0DuAZRy/sha256sum", ["sha256sum", "--", "/tmp/kernel-audit2-v3r63b5w/\346\261\202\350\247\243\345\231\250/crates/kernel/src/polling.rs"], 0x7ffde62c4578 /* 135 vars */) = -1 ENOENT (No such file or directory)
1427384 execve("/home/zhuran24/.cargo/bin/sha256sum", ["sha256sum", "--", "/tmp/kernel-audit2-v3r63b5w/\346\261\202\350\247\243\345\231\250/crates/kernel/src/polling.rs"], 0x7ffde62c4578 /* 135 vars */) = -1 ENOENT (No such file or directory)
1427384 execve("/home/zhuran24/.local/bin/sha256sum", ["sha256sum", "--", "/tmp/kernel-audit2-v3r63b5w/\346\261\202\350\247\243\345\231\250/crates/kernel/src/polling.rs"], 0x7ffde62c4578 /* 135 vars */) = -1 ENOENT (No such file or directory)
1427384 execve("/home/zhuran24/.opencode/bin/sha256sum", ["sha256sum", "--", "/tmp/kernel-audit2-v3r63b5w/\346\261\202\350\247\243\345\231\250/crates/kernel/src/polling.rs"], 0x7ffde62c4578 /* 135 vars */) = -1 ENOENT (No such file or directory)
1427384 execve("/usr/local/bin/sha256sum", ["sha256sum", "--", "/tmp/kernel-audit2-v3r63b5w/\346\261\202\350\247\243\345\231\250/crates/kernel/src/polling.rs"], 0x7ffde62c4578 /* 135 vars */) = -1 ENOENT (No such file or directory)
1427384 execve("/usr/bin/sha256sum", ["sha256sum", "--", "/tmp/kernel-audit2-v3r63b5w/\346\261\202\350\247\243\345\231\250/crates/kernel/src/polling.rs"], 0x7ffde62c4578 /* 135 vars */) = 0
1427384 openat(AT_FDCWD</tmp/kernel-audit2-v3r63b5w/\346\261\202\350\247\243\345\231\250>, "/etc/ld.so.cache", O_RDONLY|O_CLOEXEC) = 3</etc/ld.so.cache>
1427384 openat(AT_FDCWD</tmp/kernel-audit2-v3r63b5w/\346\261\202\350\247\243\345\231\250>, "/usr/lib/libcrypto.so.3", O_RDONLY|O_CLOEXEC) = 3</usr/lib/libcrypto.so.3>
1427384 openat(AT_FDCWD</tmp/kernel-audit2-v3r63b5w/\346\261\202\350\247\243\345\231\250>, "/usr/lib/libc.so.6", O_RDONLY|O_CLOEXEC) = 3</usr/lib/libc.so.6>
1427384 openat(AT_FDCWD</tmp/kernel-audit2-v3r63b5w/\346\261\202\350\247\243\345\231\250>, "/usr/lib/libz.so.1", O_RDONLY|O_CLOEXEC) = 3</usr/lib/libz.so.1.3.1.zlib-ng>
1427384 openat(AT_FDCWD</tmp/kernel-audit2-v3r63b5w/\346\261\202\350\247\243\345\231\250>, "/usr/lib/libbrotlienc.so.1", O_RDONLY|O_CLOEXEC) = 3</usr/lib/libbrotlienc.so.1.2.0>
1427384 openat(AT_FDCWD</tmp/kernel-audit2-v3r63b5w/\346\261\202\350\247\243\345\231\250>, "/usr/lib/libbrotlidec.so.1", O_RDONLY|O_CLOEXEC) = 3</usr/lib/libbrotlidec.so.1.2.0>
1427384 openat(AT_FDCWD</tmp/kernel-audit2-v3r63b5w/\346\261\202\350\247\243\345\231\250>, "/usr/lib/libzstd.so.1", O_RDONLY|O_CLOEXEC) = 3</usr/lib/libzstd.so.1.5.7>
1427384 openat(AT_FDCWD</tmp/kernel-audit2-v3r63b5w/\346\261\202\350\247\243\345\231\250>, "/usr/lib/libm.so.6", O_RDONLY|O_CLOEXEC) = 3</usr/lib/libm.so.6>
1427384 openat(AT_FDCWD</tmp/kernel-audit2-v3r63b5w/\346\261\202\350\247\243\345\231\250>, "/usr/lib/libbrotlicommon.so.1", O_RDONLY|O_CLOEXEC) = 3</usr/lib/libbrotlicommon.so.1.2.0>
1427384 openat(AT_FDCWD</tmp/kernel-audit2-v3r63b5w/\346\261\202\350\247\243\345\231\250>, "/usr/lib/locale/locale-archive", O_RDONLY|O_CLOEXEC) = 3</usr/lib/locale/locale-archive>
1427384 openat(AT_FDCWD</tmp/kernel-audit2-v3r63b5w/\346\261\202\350\247\243\345\231\250>, "/usr/share/locale/locale.alias", O_RDONLY|O_CLOEXEC) = 3</usr/share/locale/locale.alias>
1427384 openat(AT_FDCWD</tmp/kernel-audit2-v3r63b5w/\346\261\202\350\247\243\345\231\250>, "/usr/lib/locale/C.UTF-8/LC_IDENTIFICATION", O_RDONLY|O_CLOEXEC) = -1 ENOENT (No such file or directory)
1427384 openat(AT_FDCWD</tmp/kernel-audit2-v3r63b5w/\346\261\202\350\247\243\345\231\250>, "/usr/lib/locale/C.utf8/LC_IDENTIFICATION", O_RDONLY|O_CLOEXEC) = 3</usr/lib/locale/C.utf8/LC_IDENTIFICATION>
1427384 openat(AT_FDCWD</tmp/kernel-audit2-v3r63b5w/\346\261\202\350\247\243\345\231\250>, "/usr/lib/gconv/gconv-modules.cache", O_RDONLY|O_CLOEXEC) = 3</usr/lib/gconv/gconv-modules.cache>
1427384 openat(AT_FDCWD</tmp/kernel-audit2-v3r63b5w/\346\261\202\350\247\243\345\231\250>, "/usr/lib/locale/C.UTF-8/LC_MEASUREMENT", O_RDONLY|O_CLOEXEC) = -1 ENOENT (No such file or directory)
1427384 openat(AT_FDCWD</tmp/kernel-audit2-v3r63b5w/\346\261\202\350\247\243\345\231\250>, "/usr/lib/locale/C.utf8/LC_MEASUREMENT", O_RDONLY|O_CLOEXEC) = 3</usr/lib/locale/C.utf8/LC_MEASUREMENT>
1427384 openat(AT_FDCWD</tmp/kernel-audit2-v3r63b5w/\346\261\202\350\247\243\345\231\250>, "/usr/lib/locale/C.UTF-8/LC_TELEPHONE", O_RDONLY|O_CLOEXEC) = -1 ENOENT (No such file or directory)
1427384 openat(AT_FDCWD</tmp/kernel-audit2-v3r63b5w/\346\261\202\350\247\243\345\231\250>, "/usr/lib/locale/C.utf8/LC_TELEPHONE", O_RDONLY|O_CLOEXEC) = 3</usr/lib/locale/C.utf8/LC_TELEPHONE>
1427384 openat(AT_FDCWD</tmp/kernel-audit2-v3r63b5w/\346\261\202\350\247\243\345\231\250>, "/usr/lib/locale/C.UTF-8/LC_ADDRESS", O_RDONLY|O_CLOEXEC) = -1 ENOENT (No such file or directory)
1427384 openat(AT_FDCWD</tmp/kernel-audit2-v3r63b5w/\346\261\202\350\247\243\345\231\250>, "/usr/lib/locale/C.utf8/LC_ADDRESS", O_RDONLY|O_CLOEXEC) = 3</usr/lib/locale/C.utf8/LC_ADDRESS>
1427384 openat(AT_FDCWD</tmp/kernel-audit2-v3r63b5w/\346\261\202\350\247\243\345\231\250>, "/usr/lib/locale/C.UTF-8/LC_NAME", O_RDONLY|O_CLOEXEC) = -1 ENOENT (No such file or directory)
1427384 openat(AT_FDCWD</tmp/kernel-audit2-v3r63b5w/\346\261\202\350\247\243\345\231\250>, "/usr/lib/locale/C.utf8/LC_NAME", O_RDONLY|O_CLOEXEC) = 3</usr/lib/locale/C.utf8/LC_NAME>
1427384 openat(AT_FDCWD</tmp/kernel-audit2-v3r63b5w/\346\261\202\350\247\243\345\231\250>, "/usr/lib/locale/C.UTF-8/LC_PAPER", O_RDONLY|O_CLOEXEC) = -1 ENOENT (No such file or directory)
1427384 openat(AT_FDCWD</tmp/kernel-audit2-v3r63b5w/\346\261\202\350\247\243\345\231\250>, "/usr/lib/locale/C.utf8/LC_PAPER", O_RDONLY|O_CLOEXEC) = 3</usr/lib/locale/C.utf8/LC_PAPER>
1427384 openat(AT_FDCWD</tmp/kernel-audit2-v3r63b5w/\346\261\202\350\247\243\345\231\250>, "/usr/lib/locale/C.UTF-8/LC_MESSAGES", O_RDONLY|O_CLOEXEC) = -1 ENOENT (No such file or directory)
1427384 openat(AT_FDCWD</tmp/kernel-audit2-v3r63b5w/\346\261\202\350\247\243\345\231\250>, "/usr/lib/locale/C.utf8/LC_MESSAGES", O_RDONLY|O_CLOEXEC) = 3</usr/lib/locale/C.utf8/LC_MESSAGES>
1427384 openat(AT_FDCWD</tmp/kernel-audit2-v3r63b5w/\346\261\202\350\247\243\345\231\250>, "/usr/lib/locale/C.utf8/LC_MESSAGES/SYS_LC_MESSAGES", O_RDONLY|O_CLOEXEC) = 3</usr/lib/locale/C.utf8/LC_MESSAGES/SYS_LC_MESSAGES>
1427384 openat(AT_FDCWD</tmp/kernel-audit2-v3r63b5w/\346\261\202\350\247\243\345\231\250>, "/usr/lib/locale/C.UTF-8/LC_MONETARY", O_RDONLY|O_CLOEXEC) = -1 ENOENT (No such file or directory)
1427384 openat(AT_FDCWD</tmp/kernel-audit2-v3r63b5w/\346\261\202\350\247\243\345\231\250>, "/usr/lib/locale/C.utf8/LC_MONETARY", O_RDONLY|O_CLOEXEC) = 3</usr/lib/locale/C.utf8/LC_MONETARY>
1427384 openat(AT_FDCWD</tmp/kernel-audit2-v3r63b5w/\346\261\202\350\247\243\345\231\250>, "/usr/lib/locale/C.UTF-8/LC_COLLATE", O_RDONLY|O_CLOEXEC) = -1 ENOENT (No such file or directory)
1427384 openat(AT_FDCWD</tmp/kernel-audit2-v3r63b5w/\346\261\202\350\247\243\345\231\250>, "/usr/lib/locale/C.utf8/LC_COLLATE", O_RDONLY|O_CLOEXEC) = 3</usr/lib/locale/C.utf8/LC_COLLATE>
1427384 openat(AT_FDCWD</tmp/kernel-audit2-v3r63b5w/\346\261\202\350\247\243\345\231\250>, "/usr/lib/locale/C.UTF-8/LC_TIME", O_RDONLY|O_CLOEXEC) = -1 ENOENT (No such file or directory)
1427384 openat(AT_FDCWD</tmp/kernel-audit2-v3r63b5w/\346\261\202\350\247\243\345\231\250>, "/usr/lib/locale/C.utf8/LC_TIME", O_RDONLY|O_CLOEXEC) = 3</usr/lib/locale/C.utf8/LC_TIME>
1427384 openat(AT_FDCWD</tmp/kernel-audit2-v3r63b5w/\346\261\202\350\247\243\345\231\250>, "/usr/lib/locale/C.UTF-8/LC_NUMERIC", O_RDONLY|O_CLOEXEC) = -1 ENOENT (No such file or directory)
1427384 openat(AT_FDCWD</tmp/kernel-audit2-v3r63b5w/\346\261\202\350\247\243\345\231\250>, "/usr/lib/locale/C.utf8/LC_NUMERIC", O_RDONLY|O_CLOEXEC) = 3</usr/lib/locale/C.utf8/LC_NUMERIC>
1427384 openat(AT_FDCWD</tmp/kernel-audit2-v3r63b5w/\346\261\202\350\247\243\345\231\250>, "/usr/lib/locale/C.UTF-8/LC_CTYPE", O_RDONLY|O_CLOEXEC) = -1 ENOENT (No such file or directory)
1427384 openat(AT_FDCWD</tmp/kernel-audit2-v3r63b5w/\346\261\202\350\247\243\345\231\250>, "/usr/lib/locale/C.utf8/LC_CTYPE", O_RDONLY|O_CLOEXEC) = 3</usr/lib/locale/C.utf8/LC_CTYPE>
1427384 openat(AT_FDCWD</tmp/kernel-audit2-v3r63b5w/\346\261\202\350\247\243\345\231\250>, "/tmp/kernel-audit2-v3r63b5w/\346\261\202\350\247\243\345\231\250/crates/kernel/src/polling.rs", O_RDONLY) = 3</tmp/kernel-audit2-v3r63b5w/\346\261\202\350\247\243\345\231\250/crates/kernel/src/polling.rs>
1427354 --- SIGCHLD {si_signo=SIGCHLD, si_code=CLD_EXITED, si_pid=1427384, si_uid=1000, si_status=0, si_utime=0, si_stime=0} ---
1427354 openat(AT_FDCWD</tmp/kernel-audit2-v3r63b5w/\346\261\202\350\247\243\345\231\250>, "/dev/null", O_RDONLY|O_CLOEXEC) = 3</dev/null<char 1:3>>
1427385 execve("/home/zhuran24/.codex/tmp/arg0/codex-arg0DuAZRy/sha256sum", ["sha256sum", "--", "/tmp/kernel-audit2-v3r63b5w/\346\261\202\350\247\243\345\231\250/crates/kernel/src/transition.rs"], 0x7ffde62c4578 /* 135 vars */) = -1 ENOENT (No such file or directory)
1427385 execve("/home/zhuran24/.cargo/bin/sha256sum", ["sha256sum", "--", "/tmp/kernel-audit2-v3r63b5w/\346\261\202\350\247\243\345\231\250/crates/kernel/src/transition.rs"], 0x7ffde62c4578 /* 135 vars */) = -1 ENOENT (No such file or directory)
1427385 execve("/home/zhuran24/.local/bin/sha256sum", ["sha256sum", "--", "/tmp/kernel-audit2-v3r63b5w/\346\261\202\350\247\243\345\231\250/crates/kernel/src/transition.rs"], 0x7ffde62c4578 /* 135 vars */) = -1 ENOENT (No such file or directory)
1427385 execve("/home/zhuran24/.opencode/bin/sha256sum", ["sha256sum", "--", "/tmp/kernel-audit2-v3r63b5w/\346\261\202\350\247\243\345\231\250/crates/kernel/src/transition.rs"], 0x7ffde62c4578 /* 135 vars */) = -1 ENOENT (No such file or directory)
1427385 execve("/usr/local/bin/sha256sum", ["sha256sum", "--", "/tmp/kernel-audit2-v3r63b5w/\346\261\202\350\247\243\345\231\250/crates/kernel/src/transition.rs"], 0x7ffde62c4578 /* 135 vars */) = -1 ENOENT (No such file or directory)
1427385 execve("/usr/bin/sha256sum", ["sha256sum", "--", "/tmp/kernel-audit2-v3r63b5w/\346\261\202\350\247\243\345\231\250/crates/kernel/src/transition.rs"], 0x7ffde62c4578 /* 135 vars */) = 0
1427385 openat(AT_FDCWD</tmp/kernel-audit2-v3r63b5w/\346\261\202\350\247\243\345\231\250>, "/etc/ld.so.cache", O_RDONLY|O_CLOEXEC) = 3</etc/ld.so.cache>
1427385 openat(AT_FDCWD</tmp/kernel-audit2-v3r63b5w/\346\261\202\350\247\243\345\231\250>, "/usr/lib/libcrypto.so.3", O_RDONLY|O_CLOEXEC) = 3</usr/lib/libcrypto.so.3>
1427385 openat(AT_FDCWD</tmp/kernel-audit2-v3r63b5w/\346\261\202\350\247\243\345\231\250>, "/usr/lib/libc.so.6", O_RDONLY|O_CLOEXEC) = 3</usr/lib/libc.so.6>
1427385 openat(AT_FDCWD</tmp/kernel-audit2-v3r63b5w/\346\261\202\350\247\243\345\231\250>, "/usr/lib/libz.so.1", O_RDONLY|O_CLOEXEC) = 3</usr/lib/libz.so.1.3.1.zlib-ng>
1427385 openat(AT_FDCWD</tmp/kernel-audit2-v3r63b5w/\346\261\202\350\247\243\345\231\250>, "/usr/lib/libbrotlienc.so.1", O_RDONLY|O_CLOEXEC) = 3</usr/lib/libbrotlienc.so.1.2.0>
1427385 openat(AT_FDCWD</tmp/kernel-audit2-v3r63b5w/\346\261\202\350\247\243\345\231\250>, "/usr/lib/libbrotlidec.so.1", O_RDONLY|O_CLOEXEC) = 3</usr/lib/libbrotlidec.so.1.2.0>
1427385 openat(AT_FDCWD</tmp/kernel-audit2-v3r63b5w/\346\261\202\350\247\243\345\231\250>, "/usr/lib/libzstd.so.1", O_RDONLY|O_CLOEXEC) = 3</usr/lib/libzstd.so.1.5.7>
1427385 openat(AT_FDCWD</tmp/kernel-audit2-v3r63b5w/\346\261\202\350\247\243\345\231\250>, "/usr/lib/libm.so.6", O_RDONLY|O_CLOEXEC) = 3</usr/lib/libm.so.6>
1427385 openat(AT_FDCWD</tmp/kernel-audit2-v3r63b5w/\346\261\202\350\247\243\345\231\250>, "/usr/lib/libbrotlicommon.so.1", O_RDONLY|O_CLOEXEC) = 3</usr/lib/libbrotlicommon.so.1.2.0>
1427385 openat(AT_FDCWD</tmp/kernel-audit2-v3r63b5w/\346\261\202\350\247\243\345\231\250>, "/usr/lib/locale/locale-archive", O_RDONLY|O_CLOEXEC) = 3</usr/lib/locale/locale-archive>
1427385 openat(AT_FDCWD</tmp/kernel-audit2-v3r63b5w/\346\261\202\350\247\243\345\231\250>, "/usr/share/locale/locale.alias", O_RDONLY|O_CLOEXEC) = 3</usr/share/locale/locale.alias>
1427385 openat(AT_FDCWD</tmp/kernel-audit2-v3r63b5w/\346\261\202\350\247\243\345\231\250>, "/usr/lib/locale/C.UTF-8/LC_IDENTIFICATION", O_RDONLY|O_CLOEXEC) = -1 ENOENT (No such file or directory)
1427385 openat(AT_FDCWD</tmp/kernel-audit2-v3r63b5w/\346\261\202\350\247\243\345\231\250>, "/usr/lib/locale/C.utf8/LC_IDENTIFICATION", O_RDONLY|O_CLOEXEC) = 3</usr/lib/locale/C.utf8/LC_IDENTIFICATION>
1427385 openat(AT_FDCWD</tmp/kernel-audit2-v3r63b5w/\346\261\202\350\247\243\345\231\250>, "/usr/lib/gconv/gconv-modules.cache", O_RDONLY|O_CLOEXEC) = 3</usr/lib/gconv/gconv-modules.cache>
1427385 openat(AT_FDCWD</tmp/kernel-audit2-v3r63b5w/\346\261\202\350\247\243\345\231\250>, "/usr/lib/locale/C.UTF-8/LC_MEASUREMENT", O_RDONLY|O_CLOEXEC) = -1 ENOENT (No such file or directory)
1427385 openat(AT_FDCWD</tmp/kernel-audit2-v3r63b5w/\346\261\202\350\247\243\345\231\250>, "/usr/lib/locale/C.utf8/LC_MEASUREMENT", O_RDONLY|O_CLOEXEC) = 3</usr/lib/locale/C.utf8/LC_MEASUREMENT>
1427385 openat(AT_FDCWD</tmp/kernel-audit2-v3r63b5w/\346\261\202\350\247\243\345\231\250>, "/usr/lib/locale/C.UTF-8/LC_TELEPHONE", O_RDONLY|O_CLOEXEC) = -1 ENOENT (No such file or directory)
1427385 openat(AT_FDCWD</tmp/kernel-audit2-v3r63b5w/\346\261\202\350\247\243\345\231\250>, "/usr/lib/locale/C.utf8/LC_TELEPHONE", O_RDONLY|O_CLOEXEC) = 3</usr/lib/locale/C.utf8/LC_TELEPHONE>
1427385 openat(AT_FDCWD</tmp/kernel-audit2-v3r63b5w/\346\261\202\350\247\243\345\231\250>, "/usr/lib/locale/C.UTF-8/LC_ADDRESS", O_RDONLY|O_CLOEXEC) = -1 ENOENT (No such file or directory)
1427385 openat(AT_FDCWD</tmp/kernel-audit2-v3r63b5w/\346\261\202\350\247\243\345\231\250>, "/usr/lib/locale/C.utf8/LC_ADDRESS", O_RDONLY|O_CLOEXEC) = 3</usr/lib/locale/C.utf8/LC_ADDRESS>
1427385 openat(AT_FDCWD</tmp/kernel-audit2-v3r63b5w/\346\261\202\350\247\243\345\231\250>, "/usr/lib/locale/C.UTF-8/LC_NAME", O_RDONLY|O_CLOEXEC) = -1 ENOENT (No such file or directory)
1427385 openat(AT_FDCWD</tmp/kernel-audit2-v3r63b5w/\346\261\202\350\247\243\345\231\250>, "/usr/lib/locale/C.utf8/LC_NAME", O_RDONLY|O_CLOEXEC) = 3</usr/lib/locale/C.utf8/LC_NAME>
1427385 openat(AT_FDCWD</tmp/kernel-audit2-v3r63b5w/\346\261\202\350\247\243\345\231\250>, "/usr/lib/locale/C.UTF-8/LC_PAPER", O_RDONLY|O_CLOEXEC) = -1 ENOENT (No such file or directory)
1427385 openat(AT_FDCWD</tmp/kernel-audit2-v3r63b5w/\346\261\202\350\247\243\345\231\250>, "/usr/lib/locale/C.utf8/LC_PAPER", O_RDONLY|O_CLOEXEC) = 3</usr/lib/locale/C.utf8/LC_PAPER>
1427385 openat(AT_FDCWD</tmp/kernel-audit2-v3r63b5w/\346\261\202\350\247\243\345\231\250>, "/usr/lib/locale/C.UTF-8/LC_MESSAGES", O_RDONLY|O_CLOEXEC) = -1 ENOENT (No such file or directory)
1427385 openat(AT_FDCWD</tmp/kernel-audit2-v3r63b5w/\346\261\202\350\247\243\345\231\250>, "/usr/lib/locale/C.utf8/LC_MESSAGES", O_RDONLY|O_CLOEXEC) = 3</usr/lib/locale/C.utf8/LC_MESSAGES>
1427385 openat(AT_FDCWD</tmp/kernel-audit2-v3r63b5w/\346\261\202\350\247\243\345\231\250>, "/usr/lib/locale/C.utf8/LC_MESSAGES/SYS_LC_MESSAGES", O_RDONLY|O_CLOEXEC) = 3</usr/lib/locale/C.utf8/LC_MESSAGES/SYS_LC_MESSAGES>
1427385 openat(AT_FDCWD</tmp/kernel-audit2-v3r63b5w/\346\261\202\350\247\243\345\231\250>, "/usr/lib/locale/C.UTF-8/LC_MONETARY", O_RDONLY|O_CLOEXEC) = -1 ENOENT (No such file or directory)
1427385 openat(AT_FDCWD</tmp/kernel-audit2-v3r63b5w/\346\261\202\350\247\243\345\231\250>, "/usr/lib/locale/C.utf8/LC_MONETARY", O_RDONLY|O_CLOEXEC) = 3</usr/lib/locale/C.utf8/LC_MONETARY>
1427385 openat(AT_FDCWD</tmp/kernel-audit2-v3r63b5w/\346\261\202\350\247\243\345\231\250>, "/usr/lib/locale/C.UTF-8/LC_COLLATE", O_RDONLY|O_CLOEXEC) = -1 ENOENT (No such file or directory)
1427385 openat(AT_FDCWD</tmp/kernel-audit2-v3r63b5w/\346\261\202\350\247\243\345\231\250>, "/usr/lib/locale/C.utf8/LC_COLLATE", O_RDONLY|O_CLOEXEC) = 3</usr/lib/locale/C.utf8/LC_COLLATE>
1427385 openat(AT_FDCWD</tmp/kernel-audit2-v3r63b5w/\346\261\202\350\247\243\345\231\250>, "/usr/lib/locale/C.UTF-8/LC_TIME", O_RDONLY|O_CLOEXEC) = -1 ENOENT (No such file or directory)
1427385 openat(AT_FDCWD</tmp/kernel-audit2-v3r63b5w/\346\261\202\350\247\243\345\231\250>, "/usr/lib/locale/C.utf8/LC_TIME", O_RDONLY|O_CLOEXEC) = 3</usr/lib/locale/C.utf8/LC_TIME>
1427385 openat(AT_FDCWD</tmp/kernel-audit2-v3r63b5w/\346\261\202\350\247\243\345\231\250>, "/usr/lib/locale/C.UTF-8/LC_NUMERIC", O_RDONLY|O_CLOEXEC) = -1 ENOENT (No such file or directory)
1427385 openat(AT_FDCWD</tmp/kernel-audit2-v3r63b5w/\346\261\202\350\247\243\345\231\250>, "/usr/lib/locale/C.utf8/LC_NUMERIC", O_RDONLY|O_CLOEXEC) = 3</usr/lib/locale/C.utf8/LC_NUMERIC>
1427385 openat(AT_FDCWD</tmp/kernel-audit2-v3r63b5w/\346\261\202\350\247\243\345\231\250>, "/usr/lib/locale/C.UTF-8/LC_CTYPE", O_RDONLY|O_CLOEXEC) = -1 ENOENT (No such file or directory)
1427385 openat(AT_FDCWD</tmp/kernel-audit2-v3r63b5w/\346\261\202\350\247\243\345\231\250>, "/usr/lib/locale/C.utf8/LC_CTYPE", O_RDONLY|O_CLOEXEC) = 3</usr/lib/locale/C.utf8/LC_CTYPE>
1427385 openat(AT_FDCWD</tmp/kernel-audit2-v3r63b5w/\346\261\202\350\247\243\345\231\250>, "/tmp/kernel-audit2-v3r63b5w/\346\261\202\350\247\243\345\231\250/crates/kernel/src/transition.rs", O_RDONLY) = 3</tmp/kernel-audit2-v3r63b5w/\346\261\202\350\247\243\345\231\250/crates/kernel/src/transition.rs>
1427354 --- SIGCHLD {si_signo=SIGCHLD, si_code=CLD_EXITED, si_pid=1427385, si_uid=1000, si_status=0, si_utime=0, si_stime=0} ---
1427354 openat(AT_FDCWD</tmp/kernel-audit2-v3r63b5w/\346\261\202\350\247\243\345\231\250>, "/dev/null", O_RDONLY|O_CLOEXEC) = 3</dev/null<char 1:3>>
1427386 execve("/home/zhuran24/.codex/tmp/arg0/codex-arg0DuAZRy/sha256sum", ["sha256sum", "--", "/tmp/kernel-audit2-v3r63b5w/\346\261\202\350\247\243\345\231\250/crates/kernel/src/output.rs"], 0x7ffde62c4578 /* 135 vars */) = -1 ENOENT (No such file or directory)
1427386 execve("/home/zhuran24/.cargo/bin/sha256sum", ["sha256sum", "--", "/tmp/kernel-audit2-v3r63b5w/\346\261\202\350\247\243\345\231\250/crates/kernel/src/output.rs"], 0x7ffde62c4578 /* 135 vars */) = -1 ENOENT (No such file or directory)
1427386 execve("/home/zhuran24/.local/bin/sha256sum", ["sha256sum", "--", "/tmp/kernel-audit2-v3r63b5w/\346\261\202\350\247\243\345\231\250/crates/kernel/src/output.rs"], 0x7ffde62c4578 /* 135 vars */) = -1 ENOENT (No such file or directory)
1427386 execve("/home/zhuran24/.opencode/bin/sha256sum", ["sha256sum", "--", "/tmp/kernel-audit2-v3r63b5w/\346\261\202\350\247\243\345\231\250/crates/kernel/src/output.rs"], 0x7ffde62c4578 /* 135 vars */) = -1 ENOENT (No such file or directory)
1427386 execve("/usr/local/bin/sha256sum", ["sha256sum", "--", "/tmp/kernel-audit2-v3r63b5w/\346\261\202\350\247\243\345\231\250/crates/kernel/src/output.rs"], 0x7ffde62c4578 /* 135 vars */) = -1 ENOENT (No such file or directory)
1427386 execve("/usr/bin/sha256sum", ["sha256sum", "--", "/tmp/kernel-audit2-v3r63b5w/\346\261\202\350\247\243\345\231\250/crates/kernel/src/output.rs"], 0x7ffde62c4578 /* 135 vars */) = 0
1427386 openat(AT_FDCWD</tmp/kernel-audit2-v3r63b5w/\346\261\202\350\247\243\345\231\250>, "/etc/ld.so.cache", O_RDONLY|O_CLOEXEC) = 3</etc/ld.so.cache>
1427386 openat(AT_FDCWD</tmp/kernel-audit2-v3r63b5w/\346\261\202\350\247\243\345\231\250>, "/usr/lib/libcrypto.so.3", O_RDONLY|O_CLOEXEC) = 3</usr/lib/libcrypto.so.3>
1427386 openat(AT_FDCWD</tmp/kernel-audit2-v3r63b5w/\346\261\202\350\247\243\345\231\250>, "/usr/lib/libc.so.6", O_RDONLY|O_CLOEXEC) = 3</usr/lib/libc.so.6>
1427386 openat(AT_FDCWD</tmp/kernel-audit2-v3r63b5w/\346\261\202\350\247\243\345\231\250>, "/usr/lib/libz.so.1", O_RDONLY|O_CLOEXEC) = 3</usr/lib/libz.so.1.3.1.zlib-ng>
1427386 openat(AT_FDCWD</tmp/kernel-audit2-v3r63b5w/\346\261\202\350\247\243\345\231\250>, "/usr/lib/libbrotlienc.so.1", O_RDONLY|O_CLOEXEC) = 3</usr/lib/libbrotlienc.so.1.2.0>
1427386 openat(AT_FDCWD</tmp/kernel-audit2-v3r63b5w/\346\261\202\350\247\243\345\231\250>, "/usr/lib/libbrotlidec.so.1", O_RDONLY|O_CLOEXEC) = 3</usr/lib/libbrotlidec.so.1.2.0>
1427386 openat(AT_FDCWD</tmp/kernel-audit2-v3r63b5w/\346\261\202\350\247\243\345\231\250>, "/usr/lib/libzstd.so.1", O_RDONLY|O_CLOEXEC) = 3</usr/lib/libzstd.so.1.5.7>
1427386 openat(AT_FDCWD</tmp/kernel-audit2-v3r63b5w/\346\261\202\350\247\243\345\231\250>, "/usr/lib/libm.so.6", O_RDONLY|O_CLOEXEC) = 3</usr/lib/libm.so.6>
1427386 openat(AT_FDCWD</tmp/kernel-audit2-v3r63b5w/\346\261\202\350\247\243\345\231\250>, "/usr/lib/libbrotlicommon.so.1", O_RDONLY|O_CLOEXEC) = 3</usr/lib/libbrotlicommon.so.1.2.0>
1427386 openat(AT_FDCWD</tmp/kernel-audit2-v3r63b5w/\346\261\202\350\247\243\345\231\250>, "/usr/lib/locale/locale-archive", O_RDONLY|O_CLOEXEC) = 3</usr/lib/locale/locale-archive>
1427386 openat(AT_FDCWD</tmp/kernel-audit2-v3r63b5w/\346\261\202\350\247\243\345\231\250>, "/usr/share/locale/locale.alias", O_RDONLY|O_CLOEXEC) = 3</usr/share/locale/locale.alias>
1427386 openat(AT_FDCWD</tmp/kernel-audit2-v3r63b5w/\346\261\202\350\247\243\345\231\250>, "/usr/lib/locale/C.UTF-8/LC_IDENTIFICATION", O_RDONLY|O_CLOEXEC) = -1 ENOENT (No such file or directory)
1427386 openat(AT_FDCWD</tmp/kernel-audit2-v3r63b5w/\346\261\202\350\247\243\345\231\250>, "/usr/lib/locale/C.utf8/LC_IDENTIFICATION", O_RDONLY|O_CLOEXEC) = 3</usr/lib/locale/C.utf8/LC_IDENTIFICATION>
1427386 openat(AT_FDCWD</tmp/kernel-audit2-v3r63b5w/\346\261\202\350\247\243\345\231\250>, "/usr/lib/gconv/gconv-modules.cache", O_RDONLY|O_CLOEXEC) = 3</usr/lib/gconv/gconv-modules.cache>
1427386 openat(AT_FDCWD</tmp/kernel-audit2-v3r63b5w/\346\261\202\350\247\243\345\231\250>, "/usr/lib/locale/C.UTF-8/LC_MEASUREMENT", O_RDONLY|O_CLOEXEC) = -1 ENOENT (No such file or directory)
1427386 openat(AT_FDCWD</tmp/kernel-audit2-v3r63b5w/\346\261\202\350\247\243\345\231\250>, "/usr/lib/locale/C.utf8/LC_MEASUREMENT", O_RDONLY|O_CLOEXEC) = 3</usr/lib/locale/C.utf8/LC_MEASUREMENT>
1427386 openat(AT_FDCWD</tmp/kernel-audit2-v3r63b5w/\346\261\202\350\247\243\345\231\250>, "/usr/lib/locale/C.UTF-8/LC_TELEPHONE", O_RDONLY|O_CLOEXEC) = -1 ENOENT (No such file or directory)
1427386 openat(AT_FDCWD</tmp/kernel-audit2-v3r63b5w/\346\261\202\350\247\243\345\231\250>, "/usr/lib/locale/C.utf8/LC_TELEPHONE", O_RDONLY|O_CLOEXEC) = 3</usr/lib/locale/C.utf8/LC_TELEPHONE>
1427386 openat(AT_FDCWD</tmp/kernel-audit2-v3r63b5w/\346\261\202\350\247\243\345\231\250>, "/usr/lib/locale/C.UTF-8/LC_ADDRESS", O_RDONLY|O_CLOEXEC) = -1 ENOENT (No such file or directory)
1427386 openat(AT_FDCWD</tmp/kernel-audit2-v3r63b5w/\346\261\202\350\247\243\345\231\250>, "/usr/lib/locale/C.utf8/LC_ADDRESS", O_RDONLY|O_CLOEXEC) = 3</usr/lib/locale/C.utf8/LC_ADDRESS>
1427386 openat(AT_FDCWD</tmp/kernel-audit2-v3r63b5w/\346\261\202\350\247\243\345\231\250>, "/usr/lib/locale/C.UTF-8/LC_NAME", O_RDONLY|O_CLOEXEC) = -1 ENOENT (No such file or directory)
1427386 openat(AT_FDCWD</tmp/kernel-audit2-v3r63b5w/\346\261\202\350\247\243\345\231\250>, "/usr/lib/locale/C.utf8/LC_NAME", O_RDONLY|O_CLOEXEC) = 3</usr/lib/locale/C.utf8/LC_NAME>
1427386 openat(AT_FDCWD</tmp/kernel-audit2-v3r63b5w/\346\261\202\350\247\243\345\231\250>, "/usr/lib/locale/C.UTF-8/LC_PAPER", O_RDONLY|O_CLOEXEC) = -1 ENOENT (No such file or directory)
1427386 openat(AT_FDCWD</tmp/kernel-audit2-v3r63b5w/\346\261\202\350\247\243\345\231\250>, "/usr/lib/locale/C.utf8/LC_PAPER", O_RDONLY|O_CLOEXEC) = 3</usr/lib/locale/C.utf8/LC_PAPER>
1427386 openat(AT_FDCWD</tmp/kernel-audit2-v3r63b5w/\346\261\202\350\247\243\345\231\250>, "/usr/lib/locale/C.UTF-8/LC_MESSAGES", O_RDONLY|O_CLOEXEC) = -1 ENOENT (No such file or directory)
1427386 openat(AT_FDCWD</tmp/kernel-audit2-v3r63b5w/\346\261\202\350\247\243\345\231\250>, "/usr/lib/locale/C.utf8/LC_MESSAGES", O_RDONLY|O_CLOEXEC) = 3</usr/lib/locale/C.utf8/LC_MESSAGES>
1427386 openat(AT_FDCWD</tmp/kernel-audit2-v3r63b5w/\346\261\202\350\247\243\345\231\250>, "/usr/lib/locale/C.utf8/LC_MESSAGES/SYS_LC_MESSAGES", O_RDONLY|O_CLOEXEC) = 3</usr/lib/locale/C.utf8/LC_MESSAGES/SYS_LC_MESSAGES>
1427386 openat(AT_FDCWD</tmp/kernel-audit2-v3r63b5w/\346\261\202\350\247\243\345\231\250>, "/usr/lib/locale/C.UTF-8/LC_MONETARY", O_RDONLY|O_CLOEXEC) = -1 ENOENT (No such file or directory)
1427386 openat(AT_FDCWD</tmp/kernel-audit2-v3r63b5w/\346\261\202\350\247\243\345\231\250>, "/usr/lib/locale/C.utf8/LC_MONETARY", O_RDONLY|O_CLOEXEC) = 3</usr/lib/locale/C.utf8/LC_MONETARY>
1427386 openat(AT_FDCWD</tmp/kernel-audit2-v3r63b5w/\346\261\202\350\247\243\345\231\250>, "/usr/lib/locale/C.UTF-8/LC_COLLATE", O_RDONLY|O_CLOEXEC) = -1 ENOENT (No such file or directory)
1427386 openat(AT_FDCWD</tmp/kernel-audit2-v3r63b5w/\346\261\202\350\247\243\345\231\250>, "/usr/lib/locale/C.utf8/LC_COLLATE", O_RDONLY|O_CLOEXEC) = 3</usr/lib/locale/C.utf8/LC_COLLATE>
1427386 openat(AT_FDCWD</tmp/kernel-audit2-v3r63b5w/\346\261\202\350\247\243\345\231\250>, "/usr/lib/locale/C.UTF-8/LC_TIME", O_RDONLY|O_CLOEXEC) = -1 ENOENT (No such file or directory)
1427386 openat(AT_FDCWD</tmp/kernel-audit2-v3r63b5w/\346\261\202\350\247\243\345\231\250>, "/usr/lib/locale/C.utf8/LC_TIME", O_RDONLY|O_CLOEXEC) = 3</usr/lib/locale/C.utf8/LC_TIME>
1427386 openat(AT_FDCWD</tmp/kernel-audit2-v3r63b5w/\346\261\202\350\247\243\345\231\250>, "/usr/lib/locale/C.UTF-8/LC_NUMERIC", O_RDONLY|O_CLOEXEC) = -1 ENOENT (No such file or directory)
1427386 openat(AT_FDCWD</tmp/kernel-audit2-v3r63b5w/\346\261\202\350\247\243\345\231\250>, "/usr/lib/locale/C.utf8/LC_NUMERIC", O_RDONLY|O_CLOEXEC) = 3</usr/lib/locale/C.utf8/LC_NUMERIC>
1427386 openat(AT_FDCWD</tmp/kernel-audit2-v3r63b5w/\346\261\202\350\247\243\345\231\250>, "/usr/lib/locale/C.UTF-8/LC_CTYPE", O_RDONLY|O_CLOEXEC) = -1 ENOENT (No such file or directory)
1427386 openat(AT_FDCWD</tmp/kernel-audit2-v3r63b5w/\346\261\202\350\247\243\345\231\250>, "/usr/lib/locale/C.utf8/LC_CTYPE", O_RDONLY|O_CLOEXEC) = 3</usr/lib/locale/C.utf8/LC_CTYPE>
1427386 openat(AT_FDCWD</tmp/kernel-audit2-v3r63b5w/\346\261\202\350\247\243\345\231\250>, "/tmp/kernel-audit2-v3r63b5w/\346\261\202\350\247\243\345\231\250/crates/kernel/src/output.rs", O_RDONLY) = 3</tmp/kernel-audit2-v3r63b5w/\346\261\202\350\247\243\345\231\250/crates/kernel/src/output.rs>
1427354 --- SIGCHLD {si_signo=SIGCHLD, si_code=CLD_EXITED, si_pid=1427386, si_uid=1000, si_status=0, si_utime=0, si_stime=0} ---
1427354 openat(AT_FDCWD</tmp/kernel-audit2-v3r63b5w/\346\261\202\350\247\243\345\231\250>, "/dev/null", O_RDONLY|O_CLOEXEC) = 3</dev/null<char 1:3>>
1427387 execve("/home/zhuran24/.codex/tmp/arg0/codex-arg0DuAZRy/sha256sum", ["sha256sum", "--", "/tmp/kernel-audit2-v3r63b5w/\346\261\202\350\247\243\345\231\250/crates/kernel/src/ledger.rs"], 0x7ffde62c4578 /* 135 vars */) = -1 ENOENT (No such file or directory)
1427387 execve("/home/zhuran24/.cargo/bin/sha256sum", ["sha256sum", "--", "/tmp/kernel-audit2-v3r63b5w/\346\261\202\350\247\243\345\231\250/crates/kernel/src/ledger.rs"], 0x7ffde62c4578 /* 135 vars */) = -1 ENOENT (No such file or directory)
1427387 execve("/home/zhuran24/.local/bin/sha256sum", ["sha256sum", "--", "/tmp/kernel-audit2-v3r63b5w/\346\261\202\350\247\243\345\231\250/crates/kernel/src/ledger.rs"], 0x7ffde62c4578 /* 135 vars */) = -1 ENOENT (No such file or directory)
1427387 execve("/home/zhuran24/.opencode/bin/sha256sum", ["sha256sum", "--", "/tmp/kernel-audit2-v3r63b5w/\346\261\202\350\247\243\345\231\250/crates/kernel/src/ledger.rs"], 0x7ffde62c4578 /* 135 vars */) = -1 ENOENT (No such file or directory)
1427387 execve("/usr/local/bin/sha256sum", ["sha256sum", "--", "/tmp/kernel-audit2-v3r63b5w/\346\261\202\350\247\243\345\231\250/crates/kernel/src/ledger.rs"], 0x7ffde62c4578 /* 135 vars */) = -1 ENOENT (No such file or directory)
1427387 execve("/usr/bin/sha256sum", ["sha256sum", "--", "/tmp/kernel-audit2-v3r63b5w/\346\261\202\350\247\243\345\231\250/crates/kernel/src/ledger.rs"], 0x7ffde62c4578 /* 135 vars */) = 0
1427387 openat(AT_FDCWD</tmp/kernel-audit2-v3r63b5w/\346\261\202\350\247\243\345\231\250>, "/etc/ld.so.cache", O_RDONLY|O_CLOEXEC) = 3</etc/ld.so.cache>
1427387 openat(AT_FDCWD</tmp/kernel-audit2-v3r63b5w/\346\261\202\350\247\243\345\231\250>, "/usr/lib/libcrypto.so.3", O_RDONLY|O_CLOEXEC) = 3</usr/lib/libcrypto.so.3>
1427387 openat(AT_FDCWD</tmp/kernel-audit2-v3r63b5w/\346\261\202\350\247\243\345\231\250>, "/usr/lib/libc.so.6", O_RDONLY|O_CLOEXEC) = 3</usr/lib/libc.so.6>
1427387 openat(AT_FDCWD</tmp/kernel-audit2-v3r63b5w/\346\261\202\350\247\243\345\231\250>, "/usr/lib/libz.so.1", O_RDONLY|O_CLOEXEC) = 3</usr/lib/libz.so.1.3.1.zlib-ng>
1427387 openat(AT_FDCWD</tmp/kernel-audit2-v3r63b5w/\346\261\202\350\247\243\345\231\250>, "/usr/lib/libbrotlienc.so.1", O_RDONLY|O_CLOEXEC) = 3</usr/lib/libbrotlienc.so.1.2.0>
1427387 openat(AT_FDCWD</tmp/kernel-audit2-v3r63b5w/\346\261\202\350\247\243\345\231\250>, "/usr/lib/libbrotlidec.so.1", O_RDONLY|O_CLOEXEC) = 3</usr/lib/libbrotlidec.so.1.2.0>
1427387 openat(AT_FDCWD</tmp/kernel-audit2-v3r63b5w/\346\261\202\350\247\243\345\231\250>, "/usr/lib/libzstd.so.1", O_RDONLY|O_CLOEXEC) = 3</usr/lib/libzstd.so.1.5.7>
1427387 openat(AT_FDCWD</tmp/kernel-audit2-v3r63b5w/\346\261\202\350\247\243\345\231\250>, "/usr/lib/libm.so.6", O_RDONLY|O_CLOEXEC) = 3</usr/lib/libm.so.6>
1427387 openat(AT_FDCWD</tmp/kernel-audit2-v3r63b5w/\346\261\202\350\247\243\345\231\250>, "/usr/lib/libbrotlicommon.so.1", O_RDONLY|O_CLOEXEC) = 3</usr/lib/libbrotlicommon.so.1.2.0>
1427387 openat(AT_FDCWD</tmp/kernel-audit2-v3r63b5w/\346\261\202\350\247\243\345\231\250>, "/usr/lib/locale/locale-archive", O_RDONLY|O_CLOEXEC) = 3</usr/lib/locale/locale-archive>
1427387 openat(AT_FDCWD</tmp/kernel-audit2-v3r63b5w/\346\261\202\350\247\243\345\231\250>, "/usr/share/locale/locale.alias", O_RDONLY|O_CLOEXEC) = 3</usr/share/locale/locale.alias>
1427387 openat(AT_FDCWD</tmp/kernel-audit2-v3r63b5w/\346\261\202\350\247\243\345\231\250>, "/usr/lib/locale/C.UTF-8/LC_IDENTIFICATION", O_RDONLY|O_CLOEXEC) = -1 ENOENT (No such file or directory)
1427387 openat(AT_FDCWD</tmp/kernel-audit2-v3r63b5w/\346\261\202\350\247\243\345\231\250>, "/usr/lib/locale/C.utf8/LC_IDENTIFICATION", O_RDONLY|O_CLOEXEC) = 3</usr/lib/locale/C.utf8/LC_IDENTIFICATION>
1427387 openat(AT_FDCWD</tmp/kernel-audit2-v3r63b5w/\346\261\202\350\247\243\345\231\250>, "/usr/lib/gconv/gconv-modules.cache", O_RDONLY|O_CLOEXEC) = 3</usr/lib/gconv/gconv-modules.cache>
1427387 openat(AT_FDCWD</tmp/kernel-audit2-v3r63b5w/\346\261\202\350\247\243\345\231\250>, "/usr/lib/locale/C.UTF-8/LC_MEASUREMENT", O_RDONLY|O_CLOEXEC) = -1 ENOENT (No such file or directory)
1427387 openat(AT_FDCWD</tmp/kernel-audit2-v3r63b5w/\346\261\202\350\247\243\345\231\250>, "/usr/lib/locale/C.utf8/LC_MEASUREMENT", O_RDONLY|O_CLOEXEC) = 3</usr/lib/locale/C.utf8/LC_MEASUREMENT>
1427387 openat(AT_FDCWD</tmp/kernel-audit2-v3r63b5w/\346\261\202\350\247\243\345\231\250>, "/usr/lib/locale/C.UTF-8/LC_TELEPHONE", O_RDONLY|O_CLOEXEC) = -1 ENOENT (No such file or directory)
1427387 openat(AT_FDCWD</tmp/kernel-audit2-v3r63b5w/\346\261\202\350\247\243\345\231\250>, "/usr/lib/locale/C.utf8/LC_TELEPHONE", O_RDONLY|O_CLOEXEC) = 3</usr/lib/locale/C.utf8/LC_TELEPHONE>
1427387 openat(AT_FDCWD</tmp/kernel-audit2-v3r63b5w/\346\261\202\350\247\243\345\231\250>, "/usr/lib/locale/C.UTF-8/LC_ADDRESS", O_RDONLY|O_CLOEXEC) = -1 ENOENT (No such file or directory)
1427387 openat(AT_FDCWD</tmp/kernel-audit2-v3r63b5w/\346\261\202\350\247\243\345\231\250>, "/usr/lib/locale/C.utf8/LC_ADDRESS", O_RDONLY|O_CLOEXEC) = 3</usr/lib/locale/C.utf8/LC_ADDRESS>
1427387 openat(AT_FDCWD</tmp/kernel-audit2-v3r63b5w/\346\261\202\350\247\243\345\231\250>, "/usr/lib/locale/C.UTF-8/LC_NAME", O_RDONLY|O_CLOEXEC) = -1 ENOENT (No such file or directory)
1427387 openat(AT_FDCWD</tmp/kernel-audit2-v3r63b5w/\346\261\202\350\247\243\345\231\250>, "/usr/lib/locale/C.utf8/LC_NAME", O_RDONLY|O_CLOEXEC) = 3</usr/lib/locale/C.utf8/LC_NAME>
1427387 openat(AT_FDCWD</tmp/kernel-audit2-v3r63b5w/\346\261\202\350\247\243\345\231\250>, "/usr/lib/locale/C.UTF-8/LC_PAPER", O_RDONLY|O_CLOEXEC) = -1 ENOENT (No such file or directory)
1427387 openat(AT_FDCWD</tmp/kernel-audit2-v3r63b5w/\346\261\202\350\247\243\345\231\250>, "/usr/lib/locale/C.utf8/LC_PAPER", O_RDONLY|O_CLOEXEC) = 3</usr/lib/locale/C.utf8/LC_PAPER>
1427387 openat(AT_FDCWD</tmp/kernel-audit2-v3r63b5w/\346\261\202\350\247\243\345\231\250>, "/usr/lib/locale/C.UTF-8/LC_MESSAGES", O_RDONLY|O_CLOEXEC) = -1 ENOENT (No such file or directory)
1427387 openat(AT_FDCWD</tmp/kernel-audit2-v3r63b5w/\346\261\202\350\247\243\345\231\250>, "/usr/lib/locale/C.utf8/LC_MESSAGES", O_RDONLY|O_CLOEXEC) = 3</usr/lib/locale/C.utf8/LC_MESSAGES>
1427387 openat(AT_FDCWD</tmp/kernel-audit2-v3r63b5w/\346\261\202\350\247\243\345\231\250>, "/usr/lib/locale/C.utf8/LC_MESSAGES/SYS_LC_MESSAGES", O_RDONLY|O_CLOEXEC) = 3</usr/lib/locale/C.utf8/LC_MESSAGES/SYS_LC_MESSAGES>
1427387 openat(AT_FDCWD</tmp/kernel-audit2-v3r63b5w/\346\261\202\350\247\243\345\231\250>, "/usr/lib/locale/C.UTF-8/LC_MONETARY", O_RDONLY|O_CLOEXEC) = -1 ENOENT (No such file or directory)
1427387 openat(AT_FDCWD</tmp/kernel-audit2-v3r63b5w/\346\261\202\350\247\243\345\231\250>, "/usr/lib/locale/C.utf8/LC_MONETARY", O_RDONLY|O_CLOEXEC) = 3</usr/lib/locale/C.utf8/LC_MONETARY>
1427387 openat(AT_FDCWD</tmp/kernel-audit2-v3r63b5w/\346\261\202\350\247\243\345\231\250>, "/usr/lib/locale/C.UTF-8/LC_COLLATE", O_RDONLY|O_CLOEXEC) = -1 ENOENT (No such file or directory)
1427387 openat(AT_FDCWD</tmp/kernel-audit2-v3r63b5w/\346\261\202\350\247\243\345\231\250>, "/usr/lib/locale/C.utf8/LC_COLLATE", O_RDONLY|O_CLOEXEC) = 3</usr/lib/locale/C.utf8/LC_COLLATE>
1427387 openat(AT_FDCWD</tmp/kernel-audit2-v3r63b5w/\346\261\202\350\247\243\345\231\250>, "/usr/lib/locale/C.UTF-8/LC_TIME", O_RDONLY|O_CLOEXEC) = -1 ENOENT (No such file or directory)
1427387 openat(AT_FDCWD</tmp/kernel-audit2-v3r63b5w/\346\261\202\350\247\243\345\231\250>, "/usr/lib/locale/C.utf8/LC_TIME", O_RDONLY|O_CLOEXEC) = 3</usr/lib/locale/C.utf8/LC_TIME>
1427387 openat(AT_FDCWD</tmp/kernel-audit2-v3r63b5w/\346\261\202\350\247\243\345\231\250>, "/usr/lib/locale/C.UTF-8/LC_NUMERIC", O_RDONLY|O_CLOEXEC) = -1 ENOENT (No such file or directory)
1427387 openat(AT_FDCWD</tmp/kernel-audit2-v3r63b5w/\346\261\202\350\247\243\345\231\250>, "/usr/lib/locale/C.utf8/LC_NUMERIC", O_RDONLY|O_CLOEXEC) = 3</usr/lib/locale/C.utf8/LC_NUMERIC>
1427387 openat(AT_FDCWD</tmp/kernel-audit2-v3r63b5w/\346\261\202\350\247\243\345\231\250>, "/usr/lib/locale/C.UTF-8/LC_CTYPE", O_RDONLY|O_CLOEXEC) = -1 ENOENT (No such file or directory)
1427387 openat(AT_FDCWD</tmp/kernel-audit2-v3r63b5w/\346\261\202\350\247\243\345\231\250>, "/usr/lib/locale/C.utf8/LC_CTYPE", O_RDONLY|O_CLOEXEC) = 3</usr/lib/locale/C.utf8/LC_CTYPE>
1427387 openat(AT_FDCWD</tmp/kernel-audit2-v3r63b5w/\346\261\202\350\247\243\345\231\250>, "/tmp/kernel-audit2-v3r63b5w/\346\261\202\350\247\243\345\231\250/crates/kernel/src/ledger.rs", O_RDONLY) = 3</tmp/kernel-audit2-v3r63b5w/\346\261\202\350\247\243\345\231\250/crates/kernel/src/ledger.rs>
1427354 --- SIGCHLD {si_signo=SIGCHLD, si_code=CLD_EXITED, si_pid=1427387, si_uid=1000, si_status=0, si_utime=0, si_stime=0} ---
1427354 openat(AT_FDCWD</tmp/kernel-audit2-v3r63b5w/\346\261\202\350\247\243\345\231\250>, "/dev/null", O_RDONLY|O_CLOEXEC) = 3</dev/null<char 1:3>>
1427388 execve("/home/zhuran24/.codex/tmp/arg0/codex-arg0DuAZRy/sha256sum", ["sha256sum", "--", "/tmp/kernel-audit2-v3r63b5w/\346\261\202\350\247\243\345\231\250/crates/kernel/src/cycle.rs"], 0x7ffde62c4578 /* 135 vars */) = -1 ENOENT (No such file or directory)
1427388 execve("/home/zhuran24/.cargo/bin/sha256sum", ["sha256sum", "--", "/tmp/kernel-audit2-v3r63b5w/\346\261\202\350\247\243\345\231\250/crates/kernel/src/cycle.rs"], 0x7ffde62c4578 /* 135 vars */) = -1 ENOENT (No such file or directory)
1427388 execve("/home/zhuran24/.local/bin/sha256sum", ["sha256sum", "--", "/tmp/kernel-audit2-v3r63b5w/\346\261\202\350\247\243\345\231\250/crates/kernel/src/cycle.rs"], 0x7ffde62c4578 /* 135 vars */) = -1 ENOENT (No such file or directory)
1427388 execve("/home/zhuran24/.opencode/bin/sha256sum", ["sha256sum", "--", "/tmp/kernel-audit2-v3r63b5w/\346\261\202\350\247\243\345\231\250/crates/kernel/src/cycle.rs"], 0x7ffde62c4578 /* 135 vars */) = -1 ENOENT (No such file or directory)
1427388 execve("/usr/local/bin/sha256sum", ["sha256sum", "--", "/tmp/kernel-audit2-v3r63b5w/\346\261\202\350\247\243\345\231\250/crates/kernel/src/cycle.rs"], 0x7ffde62c4578 /* 135 vars */) = -1 ENOENT (No such file or directory)
1427388 execve("/usr/bin/sha256sum", ["sha256sum", "--", "/tmp/kernel-audit2-v3r63b5w/\346\261\202\350\247\243\345\231\250/crates/kernel/src/cycle.rs"], 0x7ffde62c4578 /* 135 vars */) = 0
1427388 openat(AT_FDCWD</tmp/kernel-audit2-v3r63b5w/\346\261\202\350\247\243\345\231\250>, "/etc/ld.so.cache", O_RDONLY|O_CLOEXEC) = 3</etc/ld.so.cache>
1427388 openat(AT_FDCWD</tmp/kernel-audit2-v3r63b5w/\346\261\202\350\247\243\345\231\250>, "/usr/lib/libcrypto.so.3", O_RDONLY|O_CLOEXEC) = 3</usr/lib/libcrypto.so.3>
1427388 openat(AT_FDCWD</tmp/kernel-audit2-v3r63b5w/\346\261\202\350\247\243\345\231\250>, "/usr/lib/libc.so.6", O_RDONLY|O_CLOEXEC) = 3</usr/lib/libc.so.6>
1427388 openat(AT_FDCWD</tmp/kernel-audit2-v3r63b5w/\346\261\202\350\247\243\345\231\250>, "/usr/lib/libz.so.1", O_RDONLY|O_CLOEXEC) = 3</usr/lib/libz.so.1.3.1.zlib-ng>
1427388 openat(AT_FDCWD</tmp/kernel-audit2-v3r63b5w/\346\261\202\350\247\243\345\231\250>, "/usr/lib/libbrotlienc.so.1", O_RDONLY|O_CLOEXEC) = 3</usr/lib/libbrotlienc.so.1.2.0>
1427388 openat(AT_FDCWD</tmp/kernel-audit2-v3r63b5w/\346\261\202\350\247\243\345\231\250>, "/usr/lib/libbrotlidec.so.1", O_RDONLY|O_CLOEXEC) = 3</usr/lib/libbrotlidec.so.1.2.0>
1427388 openat(AT_FDCWD</tmp/kernel-audit2-v3r63b5w/\346\261\202\350\247\243\345\231\250>, "/usr/lib/libzstd.so.1", O_RDONLY|O_CLOEXEC) = 3</usr/lib/libzstd.so.1.5.7>
1427388 openat(AT_FDCWD</tmp/kernel-audit2-v3r63b5w/\346\261\202\350\247\243\345\231\250>, "/usr/lib/libm.so.6", O_RDONLY|O_CLOEXEC) = 3</usr/lib/libm.so.6>
1427388 openat(AT_FDCWD</tmp/kernel-audit2-v3r63b5w/\346\261\202\350\247\243\345\231\250>, "/usr/lib/libbrotlicommon.so.1", O_RDONLY|O_CLOEXEC) = 3</usr/lib/libbrotlicommon.so.1.2.0>
1427388 openat(AT_FDCWD</tmp/kernel-audit2-v3r63b5w/\346\261\202\350\247\243\345\231\250>, "/usr/lib/locale/locale-archive", O_RDONLY|O_CLOEXEC) = 3</usr/lib/locale/locale-archive>
1427388 openat(AT_FDCWD</tmp/kernel-audit2-v3r63b5w/\346\261\202\350\247\243\345\231\250>, "/usr/share/locale/locale.alias", O_RDONLY|O_CLOEXEC) = 3</usr/share/locale/locale.alias>
1427388 openat(AT_FDCWD</tmp/kernel-audit2-v3r63b5w/\346\261\202\350\247\243\345\231\250>, "/usr/lib/locale/C.UTF-8/LC_IDENTIFICATION", O_RDONLY|O_CLOEXEC) = -1 ENOENT (No such file or directory)
1427388 openat(AT_FDCWD</tmp/kernel-audit2-v3r63b5w/\346\261\202\350\247\243\345\231\250>, "/usr/lib/locale/C.utf8/LC_IDENTIFICATION", O_RDONLY|O_CLOEXEC) = 3</usr/lib/locale/C.utf8/LC_IDENTIFICATION>
1427388 openat(AT_FDCWD</tmp/kernel-audit2-v3r63b5w/\346\261\202\350\247\243\345\231\250>, "/usr/lib/gconv/gconv-modules.cache", O_RDONLY|O_CLOEXEC) = 3</usr/lib/gconv/gconv-modules.cache>
1427388 openat(AT_FDCWD</tmp/kernel-audit2-v3r63b5w/\346\261\202\350\247\243\345\231\250>, "/usr/lib/locale/C.UTF-8/LC_MEASUREMENT", O_RDONLY|O_CLOEXEC) = -1 ENOENT (No such file or directory)
1427388 openat(AT_FDCWD</tmp/kernel-audit2-v3r63b5w/\346\261\202\350\247\243\345\231\250>, "/usr/lib/locale/C.utf8/LC_MEASUREMENT", O_RDONLY|O_CLOEXEC) = 3</usr/lib/locale/C.utf8/LC_MEASUREMENT>
1427388 openat(AT_FDCWD</tmp/kernel-audit2-v3r63b5w/\346\261\202\350\247\243\345\231\250>, "/usr/lib/locale/C.UTF-8/LC_TELEPHONE", O_RDONLY|O_CLOEXEC) = -1 ENOENT (No such file or directory)
1427388 openat(AT_FDCWD</tmp/kernel-audit2-v3r63b5w/\346\261\202\350\247\243\345\231\250>, "/usr/lib/locale/C.utf8/LC_TELEPHONE", O_RDONLY|O_CLOEXEC) = 3</usr/lib/locale/C.utf8/LC_TELEPHONE>
1427388 openat(AT_FDCWD</tmp/kernel-audit2-v3r63b5w/\346\261\202\350\247\243\345\231\250>, "/usr/lib/locale/C.UTF-8/LC_ADDRESS", O_RDONLY|O_CLOEXEC) = -1 ENOENT (No such file or directory)
1427388 openat(AT_FDCWD</tmp/kernel-audit2-v3r63b5w/\346\261\202\350\247\243\345\231\250>, "/usr/lib/locale/C.utf8/LC_ADDRESS", O_RDONLY|O_CLOEXEC) = 3</usr/lib/locale/C.utf8/LC_ADDRESS>
1427388 openat(AT_FDCWD</tmp/kernel-audit2-v3r63b5w/\346\261\202\350\247\243\345\231\250>, "/usr/lib/locale/C.UTF-8/LC_NAME", O_RDONLY|O_CLOEXEC) = -1 ENOENT (No such file or directory)
1427388 openat(AT_FDCWD</tmp/kernel-audit2-v3r63b5w/\346\261\202\350\247\243\345\231\250>, "/usr/lib/locale/C.utf8/LC_NAME", O_RDONLY|O_CLOEXEC) = 3</usr/lib/locale/C.utf8/LC_NAME>
1427388 openat(AT_FDCWD</tmp/kernel-audit2-v3r63b5w/\346\261\202\350\247\243\345\231\250>, "/usr/lib/locale/C.UTF-8/LC_PAPER", O_RDONLY|O_CLOEXEC) = -1 ENOENT (No such file or directory)
1427388 openat(AT_FDCWD</tmp/kernel-audit2-v3r63b5w/\346\261\202\350\247\243\345\231\250>, "/usr/lib/locale/C.utf8/LC_PAPER", O_RDONLY|O_CLOEXEC) = 3</usr/lib/locale/C.utf8/LC_PAPER>
1427388 openat(AT_FDCWD</tmp/kernel-audit2-v3r63b5w/\346\261\202\350\247\243\345\231\250>, "/usr/lib/locale/C.UTF-8/LC_MESSAGES", O_RDONLY|O_CLOEXEC) = -1 ENOENT (No such file or directory)
1427388 openat(AT_FDCWD</tmp/kernel-audit2-v3r63b5w/\346\261\202\350\247\243\345\231\250>, "/usr/lib/locale/C.utf8/LC_MESSAGES", O_RDONLY|O_CLOEXEC) = 3</usr/lib/locale/C.utf8/LC_MESSAGES>
1427388 openat(AT_FDCWD</tmp/kernel-audit2-v3r63b5w/\346\261\202\350\247\243\345\231\250>, "/usr/lib/locale/C.utf8/LC_MESSAGES/SYS_LC_MESSAGES", O_RDONLY|O_CLOEXEC) = 3</usr/lib/locale/C.utf8/LC_MESSAGES/SYS_LC_MESSAGES>
1427388 openat(AT_FDCWD</tmp/kernel-audit2-v3r63b5w/\346\261\202\350\247\243\345\231\250>, "/usr/lib/locale/C.UTF-8/LC_MONETARY", O_RDONLY|O_CLOEXEC) = -1 ENOENT (No such file or directory)
1427388 openat(AT_FDCWD</tmp/kernel-audit2-v3r63b5w/\346\261\202\350\247\243\345\231\250>, "/usr/lib/locale/C.utf8/LC_MONETARY", O_RDONLY|O_CLOEXEC) = 3</usr/lib/locale/C.utf8/LC_MONETARY>
1427388 openat(AT_FDCWD</tmp/kernel-audit2-v3r63b5w/\346\261\202\350\247\243\345\231\250>, "/usr/lib/locale/C.UTF-8/LC_COLLATE", O_RDONLY|O_CLOEXEC) = -1 ENOENT (No such file or directory)
1427388 openat(AT_FDCWD</tmp/kernel-audit2-v3r63b5w/\346\261\202\350\247\243\345\231\250>, "/usr/lib/locale/C.utf8/LC_COLLATE", O_RDONLY|O_CLOEXEC) = 3</usr/lib/locale/C.utf8/LC_COLLATE>
1427388 openat(AT_FDCWD</tmp/kernel-audit2-v3r63b5w/\346\261\202\350\247\243\345\231\250>, "/usr/lib/locale/C.UTF-8/LC_TIME", O_RDONLY|O_CLOEXEC) = -1 ENOENT (No such file or directory)
1427388 openat(AT_FDCWD</tmp/kernel-audit2-v3r63b5w/\346\261\202\350\247\243\345\231\250>, "/usr/lib/locale/C.utf8/LC_TIME", O_RDONLY|O_CLOEXEC) = 3</usr/lib/locale/C.utf8/LC_TIME>
1427388 openat(AT_FDCWD</tmp/kernel-audit2-v3r63b5w/\346\261\202\350\247\243\345\231\250>, "/usr/lib/locale/C.UTF-8/LC_NUMERIC", O_RDONLY|O_CLOEXEC) = -1 ENOENT (No such file or directory)
1427388 openat(AT_FDCWD</tmp/kernel-audit2-v3r63b5w/\346\261\202\350\247\243\345\231\250>, "/usr/lib/locale/C.utf8/LC_NUMERIC", O_RDONLY|O_CLOEXEC) = 3</usr/lib/locale/C.utf8/LC_NUMERIC>
1427388 openat(AT_FDCWD</tmp/kernel-audit2-v3r63b5w/\346\261\202\350\247\243\345\231\250>, "/usr/lib/locale/C.UTF-8/LC_CTYPE", O_RDONLY|O_CLOEXEC) = -1 ENOENT (No such file or directory)
1427388 openat(AT_FDCWD</tmp/kernel-audit2-v3r63b5w/\346\261\202\350\247\243\345\231\250>, "/usr/lib/locale/C.utf8/LC_CTYPE", O_RDONLY|O_CLOEXEC) = 3</usr/lib/locale/C.utf8/LC_CTYPE>
1427388 openat(AT_FDCWD</tmp/kernel-audit2-v3r63b5w/\346\261\202\350\247\243\345\231\250>, "/tmp/kernel-audit2-v3r63b5w/\346\261\202\350\247\243\345\231\250/crates/kernel/src/cycle.rs", O_RDONLY) = 3</tmp/kernel-audit2-v3r63b5w/\346\261\202\350\247\243\345\231\250/crates/kernel/src/cycle.rs>
1427354 --- SIGCHLD {si_signo=SIGCHLD, si_code=CLD_EXITED, si_pid=1427388, si_uid=1000, si_status=0, si_utime=0, si_stime=0} ---
1427354 openat(AT_FDCWD</tmp/kernel-audit2-v3r63b5w/\346\261\202\350\247\243\345\231\250>, "/dev/null", O_RDONLY|O_CLOEXEC) = 3</dev/null<char 1:3>>
1427389 execve("/home/zhuran24/.codex/tmp/arg0/codex-arg0DuAZRy/sha256sum", ["sha256sum", "--", "/tmp/kernel-audit2-v3r63b5w/\346\261\202\350\247\243\345\231\250/crates/kernel/src/cycle_io.rs"], 0x7ffde62c4578 /* 135 vars */) = -1 ENOENT (No such file or directory)
1427389 execve("/home/zhuran24/.cargo/bin/sha256sum", ["sha256sum", "--", "/tmp/kernel-audit2-v3r63b5w/\346\261\202\350\247\243\345\231\250/crates/kernel/src/cycle_io.rs"], 0x7ffde62c4578 /* 135 vars */) = -1 ENOENT (No such file or directory)
1427389 execve("/home/zhuran24/.local/bin/sha256sum", ["sha256sum", "--", "/tmp/kernel-audit2-v3r63b5w/\346\261\202\350\247\243\345\231\250/crates/kernel/src/cycle_io.rs"], 0x7ffde62c4578 /* 135 vars */) = -1 ENOENT (No such file or directory)
1427389 execve("/home/zhuran24/.opencode/bin/sha256sum", ["sha256sum", "--", "/tmp/kernel-audit2-v3r63b5w/\346\261\202\350\247\243\345\231\250/crates/kernel/src/cycle_io.rs"], 0x7ffde62c4578 /* 135 vars */) = -1 ENOENT (No such file or directory)
1427389 execve("/usr/local/bin/sha256sum", ["sha256sum", "--", "/tmp/kernel-audit2-v3r63b5w/\346\261\202\350\247\243\345\231\250/crates/kernel/src/cycle_io.rs"], 0x7ffde62c4578 /* 135 vars */) = -1 ENOENT (No such file or directory)
1427389 execve("/usr/bin/sha256sum", ["sha256sum", "--", "/tmp/kernel-audit2-v3r63b5w/\346\261\202\350\247\243\345\231\250/crates/kernel/src/cycle_io.rs"], 0x7ffde62c4578 /* 135 vars */) = 0
1427389 openat(AT_FDCWD</tmp/kernel-audit2-v3r63b5w/\346\261\202\350\247\243\345\231\250>, "/etc/ld.so.cache", O_RDONLY|O_CLOEXEC) = 3</etc/ld.so.cache>
1427389 openat(AT_FDCWD</tmp/kernel-audit2-v3r63b5w/\346\261\202\350\247\243\345\231\250>, "/usr/lib/libcrypto.so.3", O_RDONLY|O_CLOEXEC) = 3</usr/lib/libcrypto.so.3>
1427389 openat(AT_FDCWD</tmp/kernel-audit2-v3r63b5w/\346\261\202\350\247\243\345\231\250>, "/usr/lib/libc.so.6", O_RDONLY|O_CLOEXEC) = 3</usr/lib/libc.so.6>
1427389 openat(AT_FDCWD</tmp/kernel-audit2-v3r63b5w/\346\261\202\350\247\243\345\231\250>, "/usr/lib/libz.so.1", O_RDONLY|O_CLOEXEC) = 3</usr/lib/libz.so.1.3.1.zlib-ng>
1427389 openat(AT_FDCWD</tmp/kernel-audit2-v3r63b5w/\346\261\202\350\247\243\345\231\250>, "/usr/lib/libbrotlienc.so.1", O_RDONLY|O_CLOEXEC) = 3</usr/lib/libbrotlienc.so.1.2.0>
1427389 openat(AT_FDCWD</tmp/kernel-audit2-v3r63b5w/\346\261\202\350\247\243\345\231\250>, "/usr/lib/libbrotlidec.so.1", O_RDONLY|O_CLOEXEC) = 3</usr/lib/libbrotlidec.so.1.2.0>
1427389 openat(AT_FDCWD</tmp/kernel-audit2-v3r63b5w/\346\261\202\350\247\243\345\231\250>, "/usr/lib/libzstd.so.1", O_RDONLY|O_CLOEXEC) = 3</usr/lib/libzstd.so.1.5.7>
1427389 openat(AT_FDCWD</tmp/kernel-audit2-v3r63b5w/\346\261\202\350\247\243\345\231\250>, "/usr/lib/libm.so.6", O_RDONLY|O_CLOEXEC) = 3</usr/lib/libm.so.6>
1427389 openat(AT_FDCWD</tmp/kernel-audit2-v3r63b5w/\346\261\202\350\247\243\345\231\250>, "/usr/lib/libbrotlicommon.so.1", O_RDONLY|O_CLOEXEC) = 3</usr/lib/libbrotlicommon.so.1.2.0>
1427389 openat(AT_FDCWD</tmp/kernel-audit2-v3r63b5w/\346\261\202\350\247\243\345\231\250>, "/usr/lib/locale/locale-archive", O_RDONLY|O_CLOEXEC) = 3</usr/lib/locale/locale-archive>
1427389 openat(AT_FDCWD</tmp/kernel-audit2-v3r63b5w/\346\261\202\350\247\243\345\231\250>, "/usr/share/locale/locale.alias", O_RDONLY|O_CLOEXEC) = 3</usr/share/locale/locale.alias>
1427389 openat(AT_FDCWD</tmp/kernel-audit2-v3r63b5w/\346\261\202\350\247\243\345\231\250>, "/usr/lib/locale/C.UTF-8/LC_IDENTIFICATION", O_RDONLY|O_CLOEXEC) = -1 ENOENT (No such file or directory)
1427389 openat(AT_FDCWD</tmp/kernel-audit2-v3r63b5w/\346\261\202\350\247\243\345\231\250>, "/usr/lib/locale/C.utf8/LC_IDENTIFICATION", O_RDONLY|O_CLOEXEC) = 3</usr/lib/locale/C.utf8/LC_IDENTIFICATION>
1427389 openat(AT_FDCWD</tmp/kernel-audit2-v3r63b5w/\346\261\202\350\247\243\345\231\250>, "/usr/lib/gconv/gconv-modules.cache", O_RDONLY|O_CLOEXEC) = 3</usr/lib/gconv/gconv-modules.cache>
1427389 openat(AT_FDCWD</tmp/kernel-audit2-v3r63b5w/\346\261\202\350\247\243\345\231\250>, "/usr/lib/locale/C.UTF-8/LC_MEASUREMENT", O_RDONLY|O_CLOEXEC) = -1 ENOENT (No such file or directory)
1427389 openat(AT_FDCWD</tmp/kernel-audit2-v3r63b5w/\346\261\202\350\247\243\345\231\250>, "/usr/lib/locale/C.utf8/LC_MEASUREMENT", O_RDONLY|O_CLOEXEC) = 3</usr/lib/locale/C.utf8/LC_MEASUREMENT>
1427389 openat(AT_FDCWD</tmp/kernel-audit2-v3r63b5w/\346\261\202\350\247\243\345\231\250>, "/usr/lib/locale/C.UTF-8/LC_TELEPHONE", O_RDONLY|O_CLOEXEC) = -1 ENOENT (No such file or directory)
1427389 openat(AT_FDCWD</tmp/kernel-audit2-v3r63b5w/\346\261\202\350\247\243\345\231\250>, "/usr/lib/locale/C.utf8/LC_TELEPHONE", O_RDONLY|O_CLOEXEC) = 3</usr/lib/locale/C.utf8/LC_TELEPHONE>
1427389 openat(AT_FDCWD</tmp/kernel-audit2-v3r63b5w/\346\261\202\350\247\243\345\231\250>, "/usr/lib/locale/C.UTF-8/LC_ADDRESS", O_RDONLY|O_CLOEXEC) = -1 ENOENT (No such file or directory)
1427389 openat(AT_FDCWD</tmp/kernel-audit2-v3r63b5w/\346\261\202\350\247\243\345\231\250>, "/usr/lib/locale/C.utf8/LC_ADDRESS", O_RDONLY|O_CLOEXEC) = 3</usr/lib/locale/C.utf8/LC_ADDRESS>
1427389 openat(AT_FDCWD</tmp/kernel-audit2-v3r63b5w/\346\261\202\350\247\243\345\231\250>, "/usr/lib/locale/C.UTF-8/LC_NAME", O_RDONLY|O_CLOEXEC) = -1 ENOENT (No such file or directory)
1427389 openat(AT_FDCWD</tmp/kernel-audit2-v3r63b5w/\346\261\202\350\247\243\345\231\250>, "/usr/lib/locale/C.utf8/LC_NAME", O_RDONLY|O_CLOEXEC) = 3</usr/lib/locale/C.utf8/LC_NAME>
1427389 openat(AT_FDCWD</tmp/kernel-audit2-v3r63b5w/\346\261\202\350\247\243\345\231\250>, "/usr/lib/locale/C.UTF-8/LC_PAPER", O_RDONLY|O_CLOEXEC) = -1 ENOENT (No such file or directory)
1427389 openat(AT_FDCWD</tmp/kernel-audit2-v3r63b5w/\346\261\202\350\247\243\345\231\250>, "/usr/lib/locale/C.utf8/LC_PAPER", O_RDONLY|O_CLOEXEC) = 3</usr/lib/locale/C.utf8/LC_PAPER>
1427389 openat(AT_FDCWD</tmp/kernel-audit2-v3r63b5w/\346\261\202\350\247\243\345\231\250>, "/usr/lib/locale/C.UTF-8/LC_MESSAGES", O_RDONLY|O_CLOEXEC) = -1 ENOENT (No such file or directory)
1427389 openat(AT_FDCWD</tmp/kernel-audit2-v3r63b5w/\346\261\202\350\247\243\345\231\250>, "/usr/lib/locale/C.utf8/LC_MESSAGES", O_RDONLY|O_CLOEXEC) = 3</usr/lib/locale/C.utf8/LC_MESSAGES>
1427389 openat(AT_FDCWD</tmp/kernel-audit2-v3r63b5w/\346\261\202\350\247\243\345\231\250>, "/usr/lib/locale/C.utf8/LC_MESSAGES/SYS_LC_MESSAGES", O_RDONLY|O_CLOEXEC) = 3</usr/lib/locale/C.utf8/LC_MESSAGES/SYS_LC_MESSAGES>
1427389 openat(AT_FDCWD</tmp/kernel-audit2-v3r63b5w/\346\261\202\350\247\243\345\231\250>, "/usr/lib/locale/C.UTF-8/LC_MONETARY", O_RDONLY|O_CLOEXEC) = -1 ENOENT (No such file or directory)
1427389 openat(AT_FDCWD</tmp/kernel-audit2-v3r63b5w/\346\261\202\350\247\243\345\231\250>, "/usr/lib/locale/C.utf8/LC_MONETARY", O_RDONLY|O_CLOEXEC) = 3</usr/lib/locale/C.utf8/LC_MONETARY>
1427389 openat(AT_FDCWD</tmp/kernel-audit2-v3r63b5w/\346\261\202\350\247\243\345\231\250>, "/usr/lib/locale/C.UTF-8/LC_COLLATE", O_RDONLY|O_CLOEXEC) = -1 ENOENT (No such file or directory)
1427389 openat(AT_FDCWD</tmp/kernel-audit2-v3r63b5w/\346\261\202\350\247\243\345\231\250>, "/usr/lib/locale/C.utf8/LC_COLLATE", O_RDONLY|O_CLOEXEC) = 3</usr/lib/locale/C.utf8/LC_COLLATE>
1427389 openat(AT_FDCWD</tmp/kernel-audit2-v3r63b5w/\346\261\202\350\247\243\345\231\250>, "/usr/lib/locale/C.UTF-8/LC_TIME", O_RDONLY|O_CLOEXEC) = -1 ENOENT (No such file or directory)
1427389 openat(AT_FDCWD</tmp/kernel-audit2-v3r63b5w/\346\261\202\350\247\243\345\231\250>, "/usr/lib/locale/C.utf8/LC_TIME", O_RDONLY|O_CLOEXEC) = 3</usr/lib/locale/C.utf8/LC_TIME>
1427389 openat(AT_FDCWD</tmp/kernel-audit2-v3r63b5w/\346\261\202\350\247\243\345\231\250>, "/usr/lib/locale/C.UTF-8/LC_NUMERIC", O_RDONLY|O_CLOEXEC) = -1 ENOENT (No such file or directory)
1427389 openat(AT_FDCWD</tmp/kernel-audit2-v3r63b5w/\346\261\202\350\247\243\345\231\250>, "/usr/lib/locale/C.utf8/LC_NUMERIC", O_RDONLY|O_CLOEXEC) = 3</usr/lib/locale/C.utf8/LC_NUMERIC>
1427389 openat(AT_FDCWD</tmp/kernel-audit2-v3r63b5w/\346\261\202\350\247\243\345\231\250>, "/usr/lib/locale/C.UTF-8/LC_CTYPE", O_RDONLY|O_CLOEXEC) = -1 ENOENT (No such file or directory)
1427389 openat(AT_FDCWD</tmp/kernel-audit2-v3r63b5w/\346\261\202\350\247\243\345\231\250>, "/usr/lib/locale/C.utf8/LC_CTYPE", O_RDONLY|O_CLOEXEC) = 3</usr/lib/locale/C.utf8/LC_CTYPE>
1427389 openat(AT_FDCWD</tmp/kernel-audit2-v3r63b5w/\346\261\202\350\247\243\345\231\250>, "/tmp/kernel-audit2-v3r63b5w/\346\261\202\350\247\243\345\231\250/crates/kernel/src/cycle_io.rs", O_RDONLY) = 3</tmp/kernel-audit2-v3r63b5w/\346\261\202\350\247\243\345\231\250/crates/kernel/src/cycle_io.rs>
1427354 --- SIGCHLD {si_signo=SIGCHLD, si_code=CLD_EXITED, si_pid=1427389, si_uid=1000, si_status=0, si_utime=0, si_stime=0} ---
1427354 openat(AT_FDCWD</tmp/kernel-audit2-v3r63b5w/\346\261\202\350\247\243\345\231\250>, "/dev/null", O_RDONLY|O_CLOEXEC) = 3</dev/null<char 1:3>>
1427390 execve("/home/zhuran24/.codex/tmp/arg0/codex-arg0DuAZRy/sha256sum", ["sha256sum", "--", "/tmp/kernel-audit2-v3r63b5w/\346\261\202\350\247\243\345\231\250/crates/kernel/src/digest.rs"], 0x7ffde62c4578 /* 135 vars */) = -1 ENOENT (No such file or directory)
1427390 execve("/home/zhuran24/.cargo/bin/sha256sum", ["sha256sum", "--", "/tmp/kernel-audit2-v3r63b5w/\346\261\202\350\247\243\345\231\250/crates/kernel/src/digest.rs"], 0x7ffde62c4578 /* 135 vars */) = -1 ENOENT (No such file or directory)
1427390 execve("/home/zhuran24/.local/bin/sha256sum", ["sha256sum", "--", "/tmp/kernel-audit2-v3r63b5w/\346\261\202\350\247\243\345\231\250/crates/kernel/src/digest.rs"], 0x7ffde62c4578 /* 135 vars */) = -1 ENOENT (No such file or directory)
1427390 execve("/home/zhuran24/.opencode/bin/sha256sum", ["sha256sum", "--", "/tmp/kernel-audit2-v3r63b5w/\346\261\202\350\247\243\345\231\250/crates/kernel/src/digest.rs"], 0x7ffde62c4578 /* 135 vars */) = -1 ENOENT (No such file or directory)
1427390 execve("/usr/local/bin/sha256sum", ["sha256sum", "--", "/tmp/kernel-audit2-v3r63b5w/\346\261\202\350\247\243\345\231\250/crates/kernel/src/digest.rs"], 0x7ffde62c4578 /* 135 vars */) = -1 ENOENT (No such file or directory)
1427390 execve("/usr/bin/sha256sum", ["sha256sum", "--", "/tmp/kernel-audit2-v3r63b5w/\346\261\202\350\247\243\345\231\250/crates/kernel/src/digest.rs"], 0x7ffde62c4578 /* 135 vars */) = 0
1427390 openat(AT_FDCWD</tmp/kernel-audit2-v3r63b5w/\346\261\202\350\247\243\345\231\250>, "/etc/ld.so.cache", O_RDONLY|O_CLOEXEC) = 3</etc/ld.so.cache>
1427390 openat(AT_FDCWD</tmp/kernel-audit2-v3r63b5w/\346\261\202\350\247\243\345\231\250>, "/usr/lib/libcrypto.so.3", O_RDONLY|O_CLOEXEC) = 3</usr/lib/libcrypto.so.3>
1427390 openat(AT_FDCWD</tmp/kernel-audit2-v3r63b5w/\346\261\202\350\247\243\345\231\250>, "/usr/lib/libc.so.6", O_RDONLY|O_CLOEXEC) = 3</usr/lib/libc.so.6>
1427390 openat(AT_FDCWD</tmp/kernel-audit2-v3r63b5w/\346\261\202\350\247\243\345\231\250>, "/usr/lib/libz.so.1", O_RDONLY|O_CLOEXEC) = 3</usr/lib/libz.so.1.3.1.zlib-ng>
1427390 openat(AT_FDCWD</tmp/kernel-audit2-v3r63b5w/\346\261\202\350\247\243\345\231\250>, "/usr/lib/libbrotlienc.so.1", O_RDONLY|O_CLOEXEC) = 3</usr/lib/libbrotlienc.so.1.2.0>
1427390 openat(AT_FDCWD</tmp/kernel-audit2-v3r63b5w/\346\261\202\350\247\243\345\231\250>, "/usr/lib/libbrotlidec.so.1", O_RDONLY|O_CLOEXEC) = 3</usr/lib/libbrotlidec.so.1.2.0>
1427390 openat(AT_FDCWD</tmp/kernel-audit2-v3r63b5w/\346\261\202\350\247\243\345\231\250>, "/usr/lib/libzstd.so.1", O_RDONLY|O_CLOEXEC) = 3</usr/lib/libzstd.so.1.5.7>
1427390 openat(AT_FDCWD</tmp/kernel-audit2-v3r63b5w/\346\261\202\350\247\243\345\231\250>, "/usr/lib/libm.so.6", O_RDONLY|O_CLOEXEC) = 3</usr/lib/libm.so.6>
1427390 openat(AT_FDCWD</tmp/kernel-audit2-v3r63b5w/\346\261\202\350\247\243\345\231\250>, "/usr/lib/libbrotlicommon.so.1", O_RDONLY|O_CLOEXEC) = 3</usr/lib/libbrotlicommon.so.1.2.0>
1427390 openat(AT_FDCWD</tmp/kernel-audit2-v3r63b5w/\346\261\202\350\247\243\345\231\250>, "/usr/lib/locale/locale-archive", O_RDONLY|O_CLOEXEC) = 3</usr/lib/locale/locale-archive>
1427390 openat(AT_FDCWD</tmp/kernel-audit2-v3r63b5w/\346\261\202\350\247\243\345\231\250>, "/usr/share/locale/locale.alias", O_RDONLY|O_CLOEXEC) = 3</usr/share/locale/locale.alias>
1427390 openat(AT_FDCWD</tmp/kernel-audit2-v3r63b5w/\346\261\202\350\247\243\345\231\250>, "/usr/lib/locale/C.UTF-8/LC_IDENTIFICATION", O_RDONLY|O_CLOEXEC) = -1 ENOENT (No such file or directory)
1427390 openat(AT_FDCWD</tmp/kernel-audit2-v3r63b5w/\346\261\202\350\247\243\345\231\250>, "/usr/lib/locale/C.utf8/LC_IDENTIFICATION", O_RDONLY|O_CLOEXEC) = 3</usr/lib/locale/C.utf8/LC_IDENTIFICATION>
1427390 openat(AT_FDCWD</tmp/kernel-audit2-v3r63b5w/\346\261\202\350\247\243\345\231\250>, "/usr/lib/gconv/gconv-modules.cache", O_RDONLY|O_CLOEXEC) = 3</usr/lib/gconv/gconv-modules.cache>
1427390 openat(AT_FDCWD</tmp/kernel-audit2-v3r63b5w/\346\261\202\350\247\243\345\231\250>, "/usr/lib/locale/C.UTF-8/LC_MEASUREMENT", O_RDONLY|O_CLOEXEC) = -1 ENOENT (No such file or directory)
1427390 openat(AT_FDCWD</tmp/kernel-audit2-v3r63b5w/\346\261\202\350\247\243\345\231\250>, "/usr/lib/locale/C.utf8/LC_MEASUREMENT", O_RDONLY|O_CLOEXEC) = 3</usr/lib/locale/C.utf8/LC_MEASUREMENT>
1427390 openat(AT_FDCWD</tmp/kernel-audit2-v3r63b5w/\346\261\202\350\247\243\345\231\250>, "/usr/lib/locale/C.UTF-8/LC_TELEPHONE", O_RDONLY|O_CLOEXEC) = -1 ENOENT (No such file or directory)
1427390 openat(AT_FDCWD</tmp/kernel-audit2-v3r63b5w/\346\261\202\350\247\243\345\231\250>, "/usr/lib/locale/C.utf8/LC_TELEPHONE", O_RDONLY|O_CLOEXEC) = 3</usr/lib/locale/C.utf8/LC_TELEPHONE>
1427390 openat(AT_FDCWD</tmp/kernel-audit2-v3r63b5w/\346\261\202\350\247\243\345\231\250>, "/usr/lib/locale/C.UTF-8/LC_ADDRESS", O_RDONLY|O_CLOEXEC) = -1 ENOENT (No such file or directory)
1427390 openat(AT_FDCWD</tmp/kernel-audit2-v3r63b5w/\346\261\202\350\247\243\345\231\250>, "/usr/lib/locale/C.utf8/LC_ADDRESS", O_RDONLY|O_CLOEXEC) = 3</usr/lib/locale/C.utf8/LC_ADDRESS>
1427390 openat(AT_FDCWD</tmp/kernel-audit2-v3r63b5w/\346\261\202\350\247\243\345\231\250>, "/usr/lib/locale/C.UTF-8/LC_NAME", O_RDONLY|O_CLOEXEC) = -1 ENOENT (No such file or directory)
1427390 openat(AT_FDCWD</tmp/kernel-audit2-v3r63b5w/\346\261\202\350\247\243\345\231\250>, "/usr/lib/locale/C.utf8/LC_NAME", O_RDONLY|O_CLOEXEC) = 3</usr/lib/locale/C.utf8/LC_NAME>
1427390 openat(AT_FDCWD</tmp/kernel-audit2-v3r63b5w/\346\261\202\350\247\243\345\231\250>, "/usr/lib/locale/C.UTF-8/LC_PAPER", O_RDONLY|O_CLOEXEC) = -1 ENOENT (No such file or directory)
1427390 openat(AT_FDCWD</tmp/kernel-audit2-v3r63b5w/\346\261\202\350\247\243\345\231\250>, "/usr/lib/locale/C.utf8/LC_PAPER", O_RDONLY|O_CLOEXEC) = 3</usr/lib/locale/C.utf8/LC_PAPER>
1427390 openat(AT_FDCWD</tmp/kernel-audit2-v3r63b5w/\346\261\202\350\247\243\345\231\250>, "/usr/lib/locale/C.UTF-8/LC_MESSAGES", O_RDONLY|O_CLOEXEC) = -1 ENOENT (No such file or directory)
1427390 openat(AT_FDCWD</tmp/kernel-audit2-v3r63b5w/\346\261\202\350\247\243\345\231\250>, "/usr/lib/locale/C.utf8/LC_MESSAGES", O_RDONLY|O_CLOEXEC) = 3</usr/lib/locale/C.utf8/LC_MESSAGES>
1427390 openat(AT_FDCWD</tmp/kernel-audit2-v3r63b5w/\346\261\202\350\247\243\345\231\250>, "/usr/lib/locale/C.utf8/LC_MESSAGES/SYS_LC_MESSAGES", O_RDONLY|O_CLOEXEC) = 3</usr/lib/locale/C.utf8/LC_MESSAGES/SYS_LC_MESSAGES>
1427390 openat(AT_FDCWD</tmp/kernel-audit2-v3r63b5w/\346\261\202\350\247\243\345\231\250>, "/usr/lib/locale/C.UTF-8/LC_MONETARY", O_RDONLY|O_CLOEXEC) = -1 ENOENT (No such file or directory)
1427390 openat(AT_FDCWD</tmp/kernel-audit2-v3r63b5w/\346\261\202\350\247\243\345\231\250>, "/usr/lib/locale/C.utf8/LC_MONETARY", O_RDONLY|O_CLOEXEC) = 3</usr/lib/locale/C.utf8/LC_MONETARY>
1427390 openat(AT_FDCWD</tmp/kernel-audit2-v3r63b5w/\346\261\202\350\247\243\345\231\250>, "/usr/lib/locale/C.UTF-8/LC_COLLATE", O_RDONLY|O_CLOEXEC) = -1 ENOENT (No such file or directory)
1427390 openat(AT_FDCWD</tmp/kernel-audit2-v3r63b5w/\346\261\202\350\247\243\345\231\250>, "/usr/lib/locale/C.utf8/LC_COLLATE", O_RDONLY|O_CLOEXEC) = 3</usr/lib/locale/C.utf8/LC_COLLATE>
1427390 openat(AT_FDCWD</tmp/kernel-audit2-v3r63b5w/\346\261\202\350\247\243\345\231\250>, "/usr/lib/locale/C.UTF-8/LC_TIME", O_RDONLY|O_CLOEXEC) = -1 ENOENT (No such file or directory)
1427390 openat(AT_FDCWD</tmp/kernel-audit2-v3r63b5w/\346\261\202\350\247\243\345\231\250>, "/usr/lib/locale/C.utf8/LC_TIME", O_RDONLY|O_CLOEXEC) = 3</usr/lib/locale/C.utf8/LC_TIME>
1427390 openat(AT_FDCWD</tmp/kernel-audit2-v3r63b5w/\346\261\202\350\247\243\345\231\250>, "/usr/lib/locale/C.UTF-8/LC_NUMERIC", O_RDONLY|O_CLOEXEC) = -1 ENOENT (No such file or directory)
1427390 openat(AT_FDCWD</tmp/kernel-audit2-v3r63b5w/\346\261\202\350\247\243\345\231\250>, "/usr/lib/locale/C.utf8/LC_NUMERIC", O_RDONLY|O_CLOEXEC) = 3</usr/lib/locale/C.utf8/LC_NUMERIC>
1427390 openat(AT_FDCWD</tmp/kernel-audit2-v3r63b5w/\346\261\202\350\247\243\345\231\250>, "/usr/lib/locale/C.UTF-8/LC_CTYPE", O_RDONLY|O_CLOEXEC) = -1 ENOENT (No such file or directory)
1427390 openat(AT_FDCWD</tmp/kernel-audit2-v3r63b5w/\346\261\202\350\247\243\345\231\250>, "/usr/lib/locale/C.utf8/LC_CTYPE", O_RDONLY|O_CLOEXEC) = 3</usr/lib/locale/C.utf8/LC_CTYPE>
1427390 openat(AT_FDCWD</tmp/kernel-audit2-v3r63b5w/\346\261\202\350\247\243\345\231\250>, "/tmp/kernel-audit2-v3r63b5w/\346\261\202\350\247\243\345\231\250/crates/kernel/src/digest.rs", O_RDONLY) = 3</tmp/kernel-audit2-v3r63b5w/\346\261\202\350\247\243\345\231\250/crates/kernel/src/digest.rs>
1427354 --- SIGCHLD {si_signo=SIGCHLD, si_code=CLD_EXITED, si_pid=1427390, si_uid=1000, si_status=0, si_utime=0, si_stime=0} ---
1427354 openat(AT_FDCWD</tmp/kernel-audit2-v3r63b5w/\346\261\202\350\247\243\345\231\250>, "/dev/null", O_RDONLY|O_CLOEXEC) = 3</dev/null<char 1:3>>
1427391 execve("/home/zhuran24/.codex/tmp/arg0/codex-arg0DuAZRy/sha256sum", ["sha256sum", "--", "/tmp/kernel-audit2-v3r63b5w/\346\261\202\350\247\243\345\231\250/crates/kernel/src/seed.rs"], 0x7ffde62c4578 /* 135 vars */) = -1 ENOENT (No such file or directory)
1427391 execve("/home/zhuran24/.cargo/bin/sha256sum", ["sha256sum", "--", "/tmp/kernel-audit2-v3r63b5w/\346\261\202\350\247\243\345\231\250/crates/kernel/src/seed.rs"], 0x7ffde62c4578 /* 135 vars */) = -1 ENOENT (No such file or directory)
1427391 execve("/home/zhuran24/.local/bin/sha256sum", ["sha256sum", "--", "/tmp/kernel-audit2-v3r63b5w/\346\261\202\350\247\243\345\231\250/crates/kernel/src/seed.rs"], 0x7ffde62c4578 /* 135 vars */) = -1 ENOENT (No such file or directory)
1427391 execve("/home/zhuran24/.opencode/bin/sha256sum", ["sha256sum", "--", "/tmp/kernel-audit2-v3r63b5w/\346\261\202\350\247\243\345\231\250/crates/kernel/src/seed.rs"], 0x7ffde62c4578 /* 135 vars */) = -1 ENOENT (No such file or directory)
1427391 execve("/usr/local/bin/sha256sum", ["sha256sum", "--", "/tmp/kernel-audit2-v3r63b5w/\346\261\202\350\247\243\345\231\250/crates/kernel/src/seed.rs"], 0x7ffde62c4578 /* 135 vars */) = -1 ENOENT (No such file or directory)
1427391 execve("/usr/bin/sha256sum", ["sha256sum", "--", "/tmp/kernel-audit2-v3r63b5w/\346\261\202\350\247\243\345\231\250/crates/kernel/src/seed.rs"], 0x7ffde62c4578 /* 135 vars */) = 0
1427391 openat(AT_FDCWD</tmp/kernel-audit2-v3r63b5w/\346\261\202\350\247\243\345\231\250>, "/etc/ld.so.cache", O_RDONLY|O_CLOEXEC) = 3</etc/ld.so.cache>
1427391 openat(AT_FDCWD</tmp/kernel-audit2-v3r63b5w/\346\261\202\350\247\243\345\231\250>, "/usr/lib/libcrypto.so.3", O_RDONLY|O_CLOEXEC) = 3</usr/lib/libcrypto.so.3>
1427391 openat(AT_FDCWD</tmp/kernel-audit2-v3r63b5w/\346\261\202\350\247\243\345\231\250>, "/usr/lib/libc.so.6", O_RDONLY|O_CLOEXEC) = 3</usr/lib/libc.so.6>
1427391 openat(AT_FDCWD</tmp/kernel-audit2-v3r63b5w/\346\261\202\350\247\243\345\231\250>, "/usr/lib/libz.so.1", O_RDONLY|O_CLOEXEC) = 3</usr/lib/libz.so.1.3.1.zlib-ng>
1427391 openat(AT_FDCWD</tmp/kernel-audit2-v3r63b5w/\346\261\202\350\247\243\345\231\250>, "/usr/lib/libbrotlienc.so.1", O_RDONLY|O_CLOEXEC) = 3</usr/lib/libbrotlienc.so.1.2.0>
1427391 openat(AT_FDCWD</tmp/kernel-audit2-v3r63b5w/\346\261\202\350\247\243\345\231\250>, "/usr/lib/libbrotlidec.so.1", O_RDONLY|O_CLOEXEC) = 3</usr/lib/libbrotlidec.so.1.2.0>
1427391 openat(AT_FDCWD</tmp/kernel-audit2-v3r63b5w/\346\261\202\350\247\243\345\231\250>, "/usr/lib/libzstd.so.1", O_RDONLY|O_CLOEXEC) = 3</usr/lib/libzstd.so.1.5.7>
1427391 openat(AT_FDCWD</tmp/kernel-audit2-v3r63b5w/\346\261\202\350\247\243\345\231\250>, "/usr/lib/libm.so.6", O_RDONLY|O_CLOEXEC) = 3</usr/lib/libm.so.6>
1427391 openat(AT_FDCWD</tmp/kernel-audit2-v3r63b5w/\346\261\202\350\247\243\345\231\250>, "/usr/lib/libbrotlicommon.so.1", O_RDONLY|O_CLOEXEC) = 3</usr/lib/libbrotlicommon.so.1.2.0>
1427391 openat(AT_FDCWD</tmp/kernel-audit2-v3r63b5w/\346\261\202\350\247\243\345\231\250>, "/usr/lib/locale/locale-archive", O_RDONLY|O_CLOEXEC) = 3</usr/lib/locale/locale-archive>
1427391 openat(AT_FDCWD</tmp/kernel-audit2-v3r63b5w/\346\261\202\350\247\243\345\231\250>, "/usr/share/locale/locale.alias", O_RDONLY|O_CLOEXEC) = 3</usr/share/locale/locale.alias>
1427391 openat(AT_FDCWD</tmp/kernel-audit2-v3r63b5w/\346\261\202\350\247\243\345\231\250>, "/usr/lib/locale/C.UTF-8/LC_IDENTIFICATION", O_RDONLY|O_CLOEXEC) = -1 ENOENT (No such file or directory)
1427391 openat(AT_FDCWD</tmp/kernel-audit2-v3r63b5w/\346\261\202\350\247\243\345\231\250>, "/usr/lib/locale/C.utf8/LC_IDENTIFICATION", O_RDONLY|O_CLOEXEC) = 3</usr/lib/locale/C.utf8/LC_IDENTIFICATION>
1427391 openat(AT_FDCWD</tmp/kernel-audit2-v3r63b5w/\346\261\202\350\247\243\345\231\250>, "/usr/lib/gconv/gconv-modules.cache", O_RDONLY|O_CLOEXEC) = 3</usr/lib/gconv/gconv-modules.cache>
1427391 openat(AT_FDCWD</tmp/kernel-audit2-v3r63b5w/\346\261\202\350\247\243\345\231\250>, "/usr/lib/locale/C.UTF-8/LC_MEASUREMENT", O_RDONLY|O_CLOEXEC) = -1 ENOENT (No such file or directory)
1427391 openat(AT_FDCWD</tmp/kernel-audit2-v3r63b5w/\346\261\202\350\247\243\345\231\250>, "/usr/lib/locale/C.utf8/LC_MEASUREMENT", O_RDONLY|O_CLOEXEC) = 3</usr/lib/locale/C.utf8/LC_MEASUREMENT>
1427391 openat(AT_FDCWD</tmp/kernel-audit2-v3r63b5w/\346\261\202\350\247\243\345\231\250>, "/usr/lib/locale/C.UTF-8/LC_TELEPHONE", O_RDONLY|O_CLOEXEC) = -1 ENOENT (No such file or directory)
1427391 openat(AT_FDCWD</tmp/kernel-audit2-v3r63b5w/\346\261\202\350\247\243\345\231\250>, "/usr/lib/locale/C.utf8/LC_TELEPHONE", O_RDONLY|O_CLOEXEC) = 3</usr/lib/locale/C.utf8/LC_TELEPHONE>
1427391 openat(AT_FDCWD</tmp/kernel-audit2-v3r63b5w/\346\261\202\350\247\243\345\231\250>, "/usr/lib/locale/C.UTF-8/LC_ADDRESS", O_RDONLY|O_CLOEXEC) = -1 ENOENT (No such file or directory)
1427391 openat(AT_FDCWD</tmp/kernel-audit2-v3r63b5w/\346\261\202\350\247\243\345\231\250>, "/usr/lib/locale/C.utf8/LC_ADDRESS", O_RDONLY|O_CLOEXEC) = 3</usr/lib/locale/C.utf8/LC_ADDRESS>
1427391 openat(AT_FDCWD</tmp/kernel-audit2-v3r63b5w/\346\261\202\350\247\243\345\231\250>, "/usr/lib/locale/C.UTF-8/LC_NAME", O_RDONLY|O_CLOEXEC) = -1 ENOENT (No such file or directory)
1427391 openat(AT_FDCWD</tmp/kernel-audit2-v3r63b5w/\346\261\202\350\247\243\345\231\250>, "/usr/lib/locale/C.utf8/LC_NAME", O_RDONLY|O_CLOEXEC) = 3</usr/lib/locale/C.utf8/LC_NAME>
1427391 openat(AT_FDCWD</tmp/kernel-audit2-v3r63b5w/\346\261\202\350\247\243\345\231\250>, "/usr/lib/locale/C.UTF-8/LC_PAPER", O_RDONLY|O_CLOEXEC) = -1 ENOENT (No such file or directory)
1427391 openat(AT_FDCWD</tmp/kernel-audit2-v3r63b5w/\346\261\202\350\247\243\345\231\250>, "/usr/lib/locale/C.utf8/LC_PAPER", O_RDONLY|O_CLOEXEC) = 3</usr/lib/locale/C.utf8/LC_PAPER>
1427391 openat(AT_FDCWD</tmp/kernel-audit2-v3r63b5w/\346\261\202\350\247\243\345\231\250>, "/usr/lib/locale/C.UTF-8/LC_MESSAGES", O_RDONLY|O_CLOEXEC) = -1 ENOENT (No such file or directory)
1427391 openat(AT_FDCWD</tmp/kernel-audit2-v3r63b5w/\346\261\202\350\247\243\345\231\250>, "/usr/lib/locale/C.utf8/LC_MESSAGES", O_RDONLY|O_CLOEXEC) = 3</usr/lib/locale/C.utf8/LC_MESSAGES>
1427391 openat(AT_FDCWD</tmp/kernel-audit2-v3r63b5w/\346\261\202\350\247\243\345\231\250>, "/usr/lib/locale/C.utf8/LC_MESSAGES/SYS_LC_MESSAGES", O_RDONLY|O_CLOEXEC) = 3</usr/lib/locale/C.utf8/LC_MESSAGES/SYS_LC_MESSAGES>
1427391 openat(AT_FDCWD</tmp/kernel-audit2-v3r63b5w/\346\261\202\350\247\243\345\231\250>, "/usr/lib/locale/C.UTF-8/LC_MONETARY", O_RDONLY|O_CLOEXEC) = -1 ENOENT (No such file or directory)
1427391 openat(AT_FDCWD</tmp/kernel-audit2-v3r63b5w/\346\261\202\350\247\243\345\231\250>, "/usr/lib/locale/C.utf8/LC_MONETARY", O_RDONLY|O_CLOEXEC) = 3</usr/lib/locale/C.utf8/LC_MONETARY>
1427391 openat(AT_FDCWD</tmp/kernel-audit2-v3r63b5w/\346\261\202\350\247\243\345\231\250>, "/usr/lib/locale/C.UTF-8/LC_COLLATE", O_RDONLY|O_CLOEXEC) = -1 ENOENT (No such file or directory)
1427391 openat(AT_FDCWD</tmp/kernel-audit2-v3r63b5w/\346\261\202\350\247\243\345\231\250>, "/usr/lib/locale/C.utf8/LC_COLLATE", O_RDONLY|O_CLOEXEC) = 3</usr/lib/locale/C.utf8/LC_COLLATE>
1427391 openat(AT_FDCWD</tmp/kernel-audit2-v3r63b5w/\346\261\202\350\247\243\345\231\250>, "/usr/lib/locale/C.UTF-8/LC_TIME", O_RDONLY|O_CLOEXEC) = -1 ENOENT (No such file or directory)
1427391 openat(AT_FDCWD</tmp/kernel-audit2-v3r63b5w/\346\261\202\350\247\243\345\231\250>, "/usr/lib/locale/C.utf8/LC_TIME", O_RDONLY|O_CLOEXEC) = 3</usr/lib/locale/C.utf8/LC_TIME>
1427391 openat(AT_FDCWD</tmp/kernel-audit2-v3r63b5w/\346\261\202\350\247\243\345\231\250>, "/usr/lib/locale/C.UTF-8/LC_NUMERIC", O_RDONLY|O_CLOEXEC) = -1 ENOENT (No such file or directory)
1427391 openat(AT_FDCWD</tmp/kernel-audit2-v3r63b5w/\346\261\202\350\247\243\345\231\250>, "/usr/lib/locale/C.utf8/LC_NUMERIC", O_RDONLY|O_CLOEXEC) = 3</usr/lib/locale/C.utf8/LC_NUMERIC>
1427391 openat(AT_FDCWD</tmp/kernel-audit2-v3r63b5w/\346\261\202\350\247\243\345\231\250>, "/usr/lib/locale/C.UTF-8/LC_CTYPE", O_RDONLY|O_CLOEXEC) = -1 ENOENT (No such file or directory)
1427391 openat(AT_FDCWD</tmp/kernel-audit2-v3r63b5w/\346\261\202\350\247\243\345\231\250>, "/usr/lib/locale/C.utf8/LC_CTYPE", O_RDONLY|O_CLOEXEC) = 3</usr/lib/locale/C.utf8/LC_CTYPE>
1427391 openat(AT_FDCWD</tmp/kernel-audit2-v3r63b5w/\346\261\202\350\247\243\345\231\250>, "/tmp/kernel-audit2-v3r63b5w/\346\261\202\350\247\243\345\231\250/crates/kernel/src/seed.rs", O_RDONLY) = 3</tmp/kernel-audit2-v3r63b5w/\346\261\202\350\247\243\345\231\250/crates/kernel/src/seed.rs>
1427354 --- SIGCHLD {si_signo=SIGCHLD, si_code=CLD_EXITED, si_pid=1427391, si_uid=1000, si_status=0, si_utime=0, si_stime=0} ---
1427354 openat(AT_FDCWD</tmp/kernel-audit2-v3r63b5w/\346\261\202\350\247\243\345\231\250>, "/dev/null", O_RDONLY|O_CLOEXEC) = 3</dev/null<char 1:3>>
1427392 execve("/home/zhuran24/.codex/tmp/arg0/codex-arg0DuAZRy/sha256sum", ["sha256sum", "--", "/tmp/kernel-audit2-v3r63b5w/\346\261\202\350\247\243\345\231\250/crates/kernel/src/cache.rs"], 0x7ffde62c4578 /* 135 vars */) = -1 ENOENT (No such file or directory)
1427392 execve("/home/zhuran24/.cargo/bin/sha256sum", ["sha256sum", "--", "/tmp/kernel-audit2-v3r63b5w/\346\261\202\350\247\243\345\231\250/crates/kernel/src/cache.rs"], 0x7ffde62c4578 /* 135 vars */) = -1 ENOENT (No such file or directory)
1427392 execve("/home/zhuran24/.local/bin/sha256sum", ["sha256sum", "--", "/tmp/kernel-audit2-v3r63b5w/\346\261\202\350\247\243\345\231\250/crates/kernel/src/cache.rs"], 0x7ffde62c4578 /* 135 vars */) = -1 ENOENT (No such file or directory)
1427392 execve("/home/zhuran24/.opencode/bin/sha256sum", ["sha256sum", "--", "/tmp/kernel-audit2-v3r63b5w/\346\261\202\350\247\243\345\231\250/crates/kernel/src/cache.rs"], 0x7ffde62c4578 /* 135 vars */) = -1 ENOENT (No such file or directory)
1427392 execve("/usr/local/bin/sha256sum", ["sha256sum", "--", "/tmp/kernel-audit2-v3r63b5w/\346\261\202\350\247\243\345\231\250/crates/kernel/src/cache.rs"], 0x7ffde62c4578 /* 135 vars */) = -1 ENOENT (No such file or directory)
1427392 execve("/usr/bin/sha256sum", ["sha256sum", "--", "/tmp/kernel-audit2-v3r63b5w/\346\261\202\350\247\243\345\231\250/crates/kernel/src/cache.rs"], 0x7ffde62c4578 /* 135 vars */) = 0
1427392 openat(AT_FDCWD</tmp/kernel-audit2-v3r63b5w/\346\261\202\350\247\243\345\231\250>, "/etc/ld.so.cache", O_RDONLY|O_CLOEXEC) = 3</etc/ld.so.cache>
1427392 openat(AT_FDCWD</tmp/kernel-audit2-v3r63b5w/\346\261\202\350\247\243\345\231\250>, "/usr/lib/libcrypto.so.3", O_RDONLY|O_CLOEXEC) = 3</usr/lib/libcrypto.so.3>
1427392 openat(AT_FDCWD</tmp/kernel-audit2-v3r63b5w/\346\261\202\350\247\243\345\231\250>, "/usr/lib/libc.so.6", O_RDONLY|O_CLOEXEC) = 3</usr/lib/libc.so.6>
1427392 openat(AT_FDCWD</tmp/kernel-audit2-v3r63b5w/\346\261\202\350\247\243\345\231\250>, "/usr/lib/libz.so.1", O_RDONLY|O_CLOEXEC) = 3</usr/lib/libz.so.1.3.1.zlib-ng>
1427392 openat(AT_FDCWD</tmp/kernel-audit2-v3r63b5w/\346\261\202\350\247\243\345\231\250>, "/usr/lib/libbrotlienc.so.1", O_RDONLY|O_CLOEXEC) = 3</usr/lib/libbrotlienc.so.1.2.0>
1427392 openat(AT_FDCWD</tmp/kernel-audit2-v3r63b5w/\346\261\202\350\247\243\345\231\250>, "/usr/lib/libbrotlidec.so.1", O_RDONLY|O_CLOEXEC) = 3</usr/lib/libbrotlidec.so.1.2.0>
1427392 openat(AT_FDCWD</tmp/kernel-audit2-v3r63b5w/\346\261\202\350\247\243\345\231\250>, "/usr/lib/libzstd.so.1", O_RDONLY|O_CLOEXEC) = 3</usr/lib/libzstd.so.1.5.7>
1427392 openat(AT_FDCWD</tmp/kernel-audit2-v3r63b5w/\346\261\202\350\247\243\345\231\250>, "/usr/lib/libm.so.6", O_RDONLY|O_CLOEXEC) = 3</usr/lib/libm.so.6>
1427392 openat(AT_FDCWD</tmp/kernel-audit2-v3r63b5w/\346\261\202\350\247\243\345\231\250>, "/usr/lib/libbrotlicommon.so.1", O_RDONLY|O_CLOEXEC) = 3</usr/lib/libbrotlicommon.so.1.2.0>
1427392 openat(AT_FDCWD</tmp/kernel-audit2-v3r63b5w/\346\261\202\350\247\243\345\231\250>, "/usr/lib/locale/locale-archive", O_RDONLY|O_CLOEXEC) = 3</usr/lib/locale/locale-archive>
1427392 openat(AT_FDCWD</tmp/kernel-audit2-v3r63b5w/\346\261\202\350\247\243\345\231\250>, "/usr/share/locale/locale.alias", O_RDONLY|O_CLOEXEC) = 3</usr/share/locale/locale.alias>
1427392 openat(AT_FDCWD</tmp/kernel-audit2-v3r63b5w/\346\261\202\350\247\243\345\231\250>, "/usr/lib/locale/C.UTF-8/LC_IDENTIFICATION", O_RDONLY|O_CLOEXEC) = -1 ENOENT (No such file or directory)
1427392 openat(AT_FDCWD</tmp/kernel-audit2-v3r63b5w/\346\261\202\350\247\243\345\231\250>, "/usr/lib/locale/C.utf8/LC_IDENTIFICATION", O_RDONLY|O_CLOEXEC) = 3</usr/lib/locale/C.utf8/LC_IDENTIFICATION>
1427392 openat(AT_FDCWD</tmp/kernel-audit2-v3r63b5w/\346\261\202\350\247\243\345\231\250>, "/usr/lib/gconv/gconv-modules.cache", O_RDONLY|O_CLOEXEC) = 3</usr/lib/gconv/gconv-modules.cache>
1427392 openat(AT_FDCWD</tmp/kernel-audit2-v3r63b5w/\346\261\202\350\247\243\345\231\250>, "/usr/lib/locale/C.UTF-8/LC_MEASUREMENT", O_RDONLY|O_CLOEXEC) = -1 ENOENT (No such file or directory)
1427392 openat(AT_FDCWD</tmp/kernel-audit2-v3r63b5w/\346\261\202\350\247\243\345\231\250>, "/usr/lib/locale/C.utf8/LC_MEASUREMENT", O_RDONLY|O_CLOEXEC) = 3</usr/lib/locale/C.utf8/LC_MEASUREMENT>
1427392 openat(AT_FDCWD</tmp/kernel-audit2-v3r63b5w/\346\261\202\350\247\243\345\231\250>, "/usr/lib/locale/C.UTF-8/LC_TELEPHONE", O_RDONLY|O_CLOEXEC) = -1 ENOENT (No such file or directory)
1427392 openat(AT_FDCWD</tmp/kernel-audit2-v3r63b5w/\346\261\202\350\247\243\345\231\250>, "/usr/lib/locale/C.utf8/LC_TELEPHONE", O_RDONLY|O_CLOEXEC) = 3</usr/lib/locale/C.utf8/LC_TELEPHONE>
1427392 openat(AT_FDCWD</tmp/kernel-audit2-v3r63b5w/\346\261\202\350\247\243\345\231\250>, "/usr/lib/locale/C.UTF-8/LC_ADDRESS", O_RDONLY|O_CLOEXEC) = -1 ENOENT (No such file or directory)
1427392 openat(AT_FDCWD</tmp/kernel-audit2-v3r63b5w/\346\261\202\350\247\243\345\231\250>, "/usr/lib/locale/C.utf8/LC_ADDRESS", O_RDONLY|O_CLOEXEC) = 3</usr/lib/locale/C.utf8/LC_ADDRESS>
1427392 openat(AT_FDCWD</tmp/kernel-audit2-v3r63b5w/\346\261\202\350\247\243\345\231\250>, "/usr/lib/locale/C.UTF-8/LC_NAME", O_RDONLY|O_CLOEXEC) = -1 ENOENT (No such file or directory)
1427392 openat(AT_FDCWD</tmp/kernel-audit2-v3r63b5w/\346\261\202\350\247\243\345\231\250>, "/usr/lib/locale/C.utf8/LC_NAME", O_RDONLY|O_CLOEXEC) = 3</usr/lib/locale/C.utf8/LC_NAME>
1427392 openat(AT_FDCWD</tmp/kernel-audit2-v3r63b5w/\346\261\202\350\247\243\345\231\250>, "/usr/lib/locale/C.UTF-8/LC_PAPER", O_RDONLY|O_CLOEXEC) = -1 ENOENT (No such file or directory)
1427392 openat(AT_FDCWD</tmp/kernel-audit2-v3r63b5w/\346\261\202\350\247\243\345\231\250>, "/usr/lib/locale/C.utf8/LC_PAPER", O_RDONLY|O_CLOEXEC) = 3</usr/lib/locale/C.utf8/LC_PAPER>
1427392 openat(AT_FDCWD</tmp/kernel-audit2-v3r63b5w/\346\261\202\350\247\243\345\231\250>, "/usr/lib/locale/C.UTF-8/LC_MESSAGES", O_RDONLY|O_CLOEXEC) = -1 ENOENT (No such file or directory)
1427392 openat(AT_FDCWD</tmp/kernel-audit2-v3r63b5w/\346\261\202\350\247\243\345\231\250>, "/usr/lib/locale/C.utf8/LC_MESSAGES", O_RDONLY|O_CLOEXEC) = 3</usr/lib/locale/C.utf8/LC_MESSAGES>
1427392 openat(AT_FDCWD</tmp/kernel-audit2-v3r63b5w/\346\261\202\350\247\243\345\231\250>, "/usr/lib/locale/C.utf8/LC_MESSAGES/SYS_LC_MESSAGES", O_RDONLY|O_CLOEXEC) = 3</usr/lib/locale/C.utf8/LC_MESSAGES/SYS_LC_MESSAGES>
1427392 openat(AT_FDCWD</tmp/kernel-audit2-v3r63b5w/\346\261\202\350\247\243\345\231\250>, "/usr/lib/locale/C.UTF-8/LC_MONETARY", O_RDONLY|O_CLOEXEC) = -1 ENOENT (No such file or directory)
1427392 openat(AT_FDCWD</tmp/kernel-audit2-v3r63b5w/\346\261\202\350\247\243\345\231\250>, "/usr/lib/locale/C.utf8/LC_MONETARY", O_RDONLY|O_CLOEXEC) = 3</usr/lib/locale/C.utf8/LC_MONETARY>
1427392 openat(AT_FDCWD</tmp/kernel-audit2-v3r63b5w/\346\261\202\350\247\243\345\231\250>, "/usr/lib/locale/C.UTF-8/LC_COLLATE", O_RDONLY|O_CLOEXEC) = -1 ENOENT (No such file or directory)
1427392 openat(AT_FDCWD</tmp/kernel-audit2-v3r63b5w/\346\261\202\350\247\243\345\231\250>, "/usr/lib/locale/C.utf8/LC_COLLATE", O_RDONLY|O_CLOEXEC) = 3</usr/lib/locale/C.utf8/LC_COLLATE>
1427392 openat(AT_FDCWD</tmp/kernel-audit2-v3r63b5w/\346\261\202\350\247\243\345\231\250>, "/usr/lib/locale/C.UTF-8/LC_TIME", O_RDONLY|O_CLOEXEC) = -1 ENOENT (No such file or directory)
1427392 openat(AT_FDCWD</tmp/kernel-audit2-v3r63b5w/\346\261\202\350\247\243\345\231\250>, "/usr/lib/locale/C.utf8/LC_TIME", O_RDONLY|O_CLOEXEC) = 3</usr/lib/locale/C.utf8/LC_TIME>
1427392 openat(AT_FDCWD</tmp/kernel-audit2-v3r63b5w/\346\261\202\350\247\243\345\231\250>, "/usr/lib/locale/C.UTF-8/LC_NUMERIC", O_RDONLY|O_CLOEXEC) = -1 ENOENT (No such file or directory)
1427392 openat(AT_FDCWD</tmp/kernel-audit2-v3r63b5w/\346\261\202\350\247\243\345\231\250>, "/usr/lib/locale/C.utf8/LC_NUMERIC", O_RDONLY|O_CLOEXEC) = 3</usr/lib/locale/C.utf8/LC_NUMERIC>
1427392 openat(AT_FDCWD</tmp/kernel-audit2-v3r63b5w/\346\261\202\350\247\243\345\231\250>, "/usr/lib/locale/C.UTF-8/LC_CTYPE", O_RDONLY|O_CLOEXEC) = -1 ENOENT (No such file or directory)
1427392 openat(AT_FDCWD</tmp/kernel-audit2-v3r63b5w/\346\261\202\350\247\243\345\231\250>, "/usr/lib/locale/C.utf8/LC_CTYPE", O_RDONLY|O_CLOEXEC) = 3</usr/lib/locale/C.utf8/LC_CTYPE>
1427392 openat(AT_FDCWD</tmp/kernel-audit2-v3r63b5w/\346\261\202\350\247\243\345\231\250>, "/tmp/kernel-audit2-v3r63b5w/\346\261\202\350\247\243\345\231\250/crates/kernel/src/cache.rs", O_RDONLY) = 3</tmp/kernel-audit2-v3r63b5w/\346\261\202\350\247\243\345\231\250/crates/kernel/src/cache.rs>
1427354 --- SIGCHLD {si_signo=SIGCHLD, si_code=CLD_EXITED, si_pid=1427392, si_uid=1000, si_status=0, si_utime=0, si_stime=0} ---
1427354 openat(AT_FDCWD</tmp/kernel-audit2-v3r63b5w/\346\261\202\350\247\243\345\231\250>, "/dev/null", O_RDONLY|O_CLOEXEC) = 3</dev/null<char 1:3>>
1427393 execve("/home/zhuran24/.codex/tmp/arg0/codex-arg0DuAZRy/sha256sum", ["sha256sum", "--", "/tmp/kernel-audit2-v3r63b5w/\346\261\202\350\247\243\345\231\250/crates/kernel/src/lib.rs"], 0x7ffde62c4578 /* 135 vars */) = -1 ENOENT (No such file or directory)
1427393 execve("/home/zhuran24/.cargo/bin/sha256sum", ["sha256sum", "--", "/tmp/kernel-audit2-v3r63b5w/\346\261\202\350\247\243\345\231\250/crates/kernel/src/lib.rs"], 0x7ffde62c4578 /* 135 vars */) = -1 ENOENT (No such file or directory)
1427393 execve("/home/zhuran24/.local/bin/sha256sum", ["sha256sum", "--", "/tmp/kernel-audit2-v3r63b5w/\346\261\202\350\247\243\345\231\250/crates/kernel/src/lib.rs"], 0x7ffde62c4578 /* 135 vars */) = -1 ENOENT (No such file or directory)
1427393 execve("/home/zhuran24/.opencode/bin/sha256sum", ["sha256sum", "--", "/tmp/kernel-audit2-v3r63b5w/\346\261\202\350\247\243\345\231\250/crates/kernel/src/lib.rs"], 0x7ffde62c4578 /* 135 vars */) = -1 ENOENT (No such file or directory)
1427393 execve("/usr/local/bin/sha256sum", ["sha256sum", "--", "/tmp/kernel-audit2-v3r63b5w/\346\261\202\350\247\243\345\231\250/crates/kernel/src/lib.rs"], 0x7ffde62c4578 /* 135 vars */) = -1 ENOENT (No such file or directory)
1427393 execve("/usr/bin/sha256sum", ["sha256sum", "--", "/tmp/kernel-audit2-v3r63b5w/\346\261\202\350\247\243\345\231\250/crates/kernel/src/lib.rs"], 0x7ffde62c4578 /* 135 vars */) = 0
1427393 openat(AT_FDCWD</tmp/kernel-audit2-v3r63b5w/\346\261\202\350\247\243\345\231\250>, "/etc/ld.so.cache", O_RDONLY|O_CLOEXEC) = 3</etc/ld.so.cache>
1427393 openat(AT_FDCWD</tmp/kernel-audit2-v3r63b5w/\346\261\202\350\247\243\345\231\250>, "/usr/lib/libcrypto.so.3", O_RDONLY|O_CLOEXEC) = 3</usr/lib/libcrypto.so.3>
1427393 openat(AT_FDCWD</tmp/kernel-audit2-v3r63b5w/\346\261\202\350\247\243\345\231\250>, "/usr/lib/libc.so.6", O_RDONLY|O_CLOEXEC) = 3</usr/lib/libc.so.6>
1427393 openat(AT_FDCWD</tmp/kernel-audit2-v3r63b5w/\346\261\202\350\247\243\345\231\250>, "/usr/lib/libz.so.1", O_RDONLY|O_CLOEXEC) = 3</usr/lib/libz.so.1.3.1.zlib-ng>
1427393 openat(AT_FDCWD</tmp/kernel-audit2-v3r63b5w/\346\261\202\350\247\243\345\231\250>, "/usr/lib/libbrotlienc.so.1", O_RDONLY|O_CLOEXEC) = 3</usr/lib/libbrotlienc.so.1.2.0>
1427393 openat(AT_FDCWD</tmp/kernel-audit2-v3r63b5w/\346\261\202\350\247\243\345\231\250>, "/usr/lib/libbrotlidec.so.1", O_RDONLY|O_CLOEXEC) = 3</usr/lib/libbrotlidec.so.1.2.0>
1427393 openat(AT_FDCWD</tmp/kernel-audit2-v3r63b5w/\346\261\202\350\247\243\345\231\250>, "/usr/lib/libzstd.so.1", O_RDONLY|O_CLOEXEC) = 3</usr/lib/libzstd.so.1.5.7>
1427393 openat(AT_FDCWD</tmp/kernel-audit2-v3r63b5w/\346\261\202\350\247\243\345\231\250>, "/usr/lib/libm.so.6", O_RDONLY|O_CLOEXEC) = 3</usr/lib/libm.so.6>
1427393 openat(AT_FDCWD</tmp/kernel-audit2-v3r63b5w/\346\261\202\350\247\243\345\231\250>, "/usr/lib/libbrotlicommon.so.1", O_RDONLY|O_CLOEXEC) = 3</usr/lib/libbrotlicommon.so.1.2.0>
1427393 openat(AT_FDCWD</tmp/kernel-audit2-v3r63b5w/\346\261\202\350\247\243\345\231\250>, "/usr/lib/locale/locale-archive", O_RDONLY|O_CLOEXEC) = 3</usr/lib/locale/locale-archive>
1427393 openat(AT_FDCWD</tmp/kernel-audit2-v3r63b5w/\346\261\202\350\247\243\345\231\250>, "/usr/share/locale/locale.alias", O_RDONLY|O_CLOEXEC) = 3</usr/share/locale/locale.alias>
1427393 openat(AT_FDCWD</tmp/kernel-audit2-v3r63b5w/\346\261\202\350\247\243\345\231\250>, "/usr/lib/locale/C.UTF-8/LC_IDENTIFICATION", O_RDONLY|O_CLOEXEC) = -1 ENOENT (No such file or directory)
1427393 openat(AT_FDCWD</tmp/kernel-audit2-v3r63b5w/\346\261\202\350\247\243\345\231\250>, "/usr/lib/locale/C.utf8/LC_IDENTIFICATION", O_RDONLY|O_CLOEXEC) = 3</usr/lib/locale/C.utf8/LC_IDENTIFICATION>
1427393 openat(AT_FDCWD</tmp/kernel-audit2-v3r63b5w/\346\261\202\350\247\243\345\231\250>, "/usr/lib/gconv/gconv-modules.cache", O_RDONLY|O_CLOEXEC) = 3</usr/lib/gconv/gconv-modules.cache>
1427393 openat(AT_FDCWD</tmp/kernel-audit2-v3r63b5w/\346\261\202\350\247\243\345\231\250>, "/usr/lib/locale/C.UTF-8/LC_MEASUREMENT", O_RDONLY|O_CLOEXEC) = -1 ENOENT (No such file or directory)
1427393 openat(AT_FDCWD</tmp/kernel-audit2-v3r63b5w/\346\261\202\350\247\243\345\231\250>, "/usr/lib/locale/C.utf8/LC_MEASUREMENT", O_RDONLY|O_CLOEXEC) = 3</usr/lib/locale/C.utf8/LC_MEASUREMENT>
1427393 openat(AT_FDCWD</tmp/kernel-audit2-v3r63b5w/\346\261\202\350\247\243\345\231\250>, "/usr/lib/locale/C.UTF-8/LC_TELEPHONE", O_RDONLY|O_CLOEXEC) = -1 ENOENT (No such file or directory)
1427393 openat(AT_FDCWD</tmp/kernel-audit2-v3r63b5w/\346\261\202\350\247\243\345\231\250>, "/usr/lib/locale/C.utf8/LC_TELEPHONE", O_RDONLY|O_CLOEXEC) = 3</usr/lib/locale/C.utf8/LC_TELEPHONE>
1427393 openat(AT_FDCWD</tmp/kernel-audit2-v3r63b5w/\346\261\202\350\247\243\345\231\250>, "/usr/lib/locale/C.UTF-8/LC_ADDRESS", O_RDONLY|O_CLOEXEC) = -1 ENOENT (No such file or directory)
1427393 openat(AT_FDCWD</tmp/kernel-audit2-v3r63b5w/\346\261\202\350\247\243\345\231\250>, "/usr/lib/locale/C.utf8/LC_ADDRESS", O_RDONLY|O_CLOEXEC) = 3</usr/lib/locale/C.utf8/LC_ADDRESS>
1427393 openat(AT_FDCWD</tmp/kernel-audit2-v3r63b5w/\346\261\202\350\247\243\345\231\250>, "/usr/lib/locale/C.UTF-8/LC_NAME", O_RDONLY|O_CLOEXEC) = -1 ENOENT (No such file or directory)
1427393 openat(AT_FDCWD</tmp/kernel-audit2-v3r63b5w/\346\261\202\350\247\243\345\231\250>, "/usr/lib/locale/C.utf8/LC_NAME", O_RDONLY|O_CLOEXEC) = 3</usr/lib/locale/C.utf8/LC_NAME>
1427393 openat(AT_FDCWD</tmp/kernel-audit2-v3r63b5w/\346\261\202\350\247\243\345\231\250>, "/usr/lib/locale/C.UTF-8/LC_PAPER", O_RDONLY|O_CLOEXEC) = -1 ENOENT (No such file or directory)
1427393 openat(AT_FDCWD</tmp/kernel-audit2-v3r63b5w/\346\261\202\350\247\243\345\231\250>, "/usr/lib/locale/C.utf8/LC_PAPER", O_RDONLY|O_CLOEXEC) = 3</usr/lib/locale/C.utf8/LC_PAPER>
1427393 openat(AT_FDCWD</tmp/kernel-audit2-v3r63b5w/\346\261\202\350\247\243\345\231\250>, "/usr/lib/locale/C.UTF-8/LC_MESSAGES", O_RDONLY|O_CLOEXEC) = -1 ENOENT (No such file or directory)
1427393 openat(AT_FDCWD</tmp/kernel-audit2-v3r63b5w/\346\261\202\350\247\243\345\231\250>, "/usr/lib/locale/C.utf8/LC_MESSAGES", O_RDONLY|O_CLOEXEC) = 3</usr/lib/locale/C.utf8/LC_MESSAGES>
1427393 openat(AT_FDCWD</tmp/kernel-audit2-v3r63b5w/\346\261\202\350\247\243\345\231\250>, "/usr/lib/locale/C.utf8/LC_MESSAGES/SYS_LC_MESSAGES", O_RDONLY|O_CLOEXEC) = 3</usr/lib/locale/C.utf8/LC_MESSAGES/SYS_LC_MESSAGES>
1427393 openat(AT_FDCWD</tmp/kernel-audit2-v3r63b5w/\346\261\202\350\247\243\345\231\250>, "/usr/lib/locale/C.UTF-8/LC_MONETARY", O_RDONLY|O_CLOEXEC) = -1 ENOENT (No such file or directory)
1427393 openat(AT_FDCWD</tmp/kernel-audit2-v3r63b5w/\346\261\202\350\247\243\345\231\250>, "/usr/lib/locale/C.utf8/LC_MONETARY", O_RDONLY|O_CLOEXEC) = 3</usr/lib/locale/C.utf8/LC_MONETARY>
1427393 openat(AT_FDCWD</tmp/kernel-audit2-v3r63b5w/\346\261\202\350\247\243\345\231\250>, "/usr/lib/locale/C.UTF-8/LC_COLLATE", O_RDONLY|O_CLOEXEC) = -1 ENOENT (No such file or directory)
1427393 openat(AT_FDCWD</tmp/kernel-audit2-v3r63b5w/\346\261\202\350\247\243\345\231\250>, "/usr/lib/locale/C.utf8/LC_COLLATE", O_RDONLY|O_CLOEXEC) = 3</usr/lib/locale/C.utf8/LC_COLLATE>
1427393 openat(AT_FDCWD</tmp/kernel-audit2-v3r63b5w/\346\261\202\350\247\243\345\231\250>, "/usr/lib/locale/C.UTF-8/LC_TIME", O_RDONLY|O_CLOEXEC) = -1 ENOENT (No such file or directory)
1427393 openat(AT_FDCWD</tmp/kernel-audit2-v3r63b5w/\346\261\202\350\247\243\345\231\250>, "/usr/lib/locale/C.utf8/LC_TIME", O_RDONLY|O_CLOEXEC) = 3</usr/lib/locale/C.utf8/LC_TIME>
1427393 openat(AT_FDCWD</tmp/kernel-audit2-v3r63b5w/\346\261\202\350\247\243\345\231\250>, "/usr/lib/locale/C.UTF-8/LC_NUMERIC", O_RDONLY|O_CLOEXEC) = -1 ENOENT (No such file or directory)
1427393 openat(AT_FDCWD</tmp/kernel-audit2-v3r63b5w/\346\261\202\350\247\243\345\231\250>, "/usr/lib/locale/C.utf8/LC_NUMERIC", O_RDONLY|O_CLOEXEC) = 3</usr/lib/locale/C.utf8/LC_NUMERIC>
1427393 openat(AT_FDCWD</tmp/kernel-audit2-v3r63b5w/\346\261\202\350\247\243\345\231\250>, "/usr/lib/locale/C.UTF-8/LC_CTYPE", O_RDONLY|O_CLOEXEC) = -1 ENOENT (No such file or directory)
1427393 openat(AT_FDCWD</tmp/kernel-audit2-v3r63b5w/\346\261\202\350\247\243\345\231\250>, "/usr/lib/locale/C.utf8/LC_CTYPE", O_RDONLY|O_CLOEXEC) = 3</usr/lib/locale/C.utf8/LC_CTYPE>
1427393 openat(AT_FDCWD</tmp/kernel-audit2-v3r63b5w/\346\261\202\350\247\243\345\231\250>, "/tmp/kernel-audit2-v3r63b5w/\346\261\202\350\247\243\345\231\250/crates/kernel/src/lib.rs", O_RDONLY) = 3</tmp/kernel-audit2-v3r63b5w/\346\261\202\350\247\243\345\231\250/crates/kernel/src/lib.rs>
1427354 --- SIGCHLD {si_signo=SIGCHLD, si_code=CLD_EXITED, si_pid=1427393, si_uid=1000, si_status=0, si_utime=0, si_stime=0} ---
1427354 openat(AT_FDCWD</tmp/kernel-audit2-v3r63b5w/\346\261\202\350\247\243\345\231\250>, "/dev/null", O_RDONLY|O_CLOEXEC) = 3</dev/null<char 1:3>>
1427394 execve("/home/zhuran24/.codex/tmp/arg0/codex-arg0DuAZRy/sha256sum", ["sha256sum", "--", "/tmp/kernel-audit2-v3r63b5w/\346\261\202\350\247\243\345\231\250/crates/kernel/src/main.rs"], 0x7ffde62c4578 /* 135 vars */) = -1 ENOENT (No such file or directory)
1427394 execve("/home/zhuran24/.cargo/bin/sha256sum", ["sha256sum", "--", "/tmp/kernel-audit2-v3r63b5w/\346\261\202\350\247\243\345\231\250/crates/kernel/src/main.rs"], 0x7ffde62c4578 /* 135 vars */) = -1 ENOENT (No such file or directory)
1427394 execve("/home/zhuran24/.local/bin/sha256sum", ["sha256sum", "--", "/tmp/kernel-audit2-v3r63b5w/\346\261\202\350\247\243\345\231\250/crates/kernel/src/main.rs"], 0x7ffde62c4578 /* 135 vars */) = -1 ENOENT (No such file or directory)
1427394 execve("/home/zhuran24/.opencode/bin/sha256sum", ["sha256sum", "--", "/tmp/kernel-audit2-v3r63b5w/\346\261\202\350\247\243\345\231\250/crates/kernel/src/main.rs"], 0x7ffde62c4578 /* 135 vars */) = -1 ENOENT (No such file or directory)
1427394 execve("/usr/local/bin/sha256sum", ["sha256sum", "--", "/tmp/kernel-audit2-v3r63b5w/\346\261\202\350\247\243\345\231\250/crates/kernel/src/main.rs"], 0x7ffde62c4578 /* 135 vars */) = -1 ENOENT (No such file or directory)
1427394 execve("/usr/bin/sha256sum", ["sha256sum", "--", "/tmp/kernel-audit2-v3r63b5w/\346\261\202\350\247\243\345\231\250/crates/kernel/src/main.rs"], 0x7ffde62c4578 /* 135 vars */) = 0
1427394 openat(AT_FDCWD</tmp/kernel-audit2-v3r63b5w/\346\261\202\350\247\243\345\231\250>, "/etc/ld.so.cache", O_RDONLY|O_CLOEXEC) = 3</etc/ld.so.cache>
1427394 openat(AT_FDCWD</tmp/kernel-audit2-v3r63b5w/\346\261\202\350\247\243\345\231\250>, "/usr/lib/libcrypto.so.3", O_RDONLY|O_CLOEXEC) = 3</usr/lib/libcrypto.so.3>
1427394 openat(AT_FDCWD</tmp/kernel-audit2-v3r63b5w/\346\261\202\350\247\243\345\231\250>, "/usr/lib/libc.so.6", O_RDONLY|O_CLOEXEC) = 3</usr/lib/libc.so.6>
1427394 openat(AT_FDCWD</tmp/kernel-audit2-v3r63b5w/\346\261\202\350\247\243\345\231\250>, "/usr/lib/libz.so.1", O_RDONLY|O_CLOEXEC) = 3</usr/lib/libz.so.1.3.1.zlib-ng>
1427394 openat(AT_FDCWD</tmp/kernel-audit2-v3r63b5w/\346\261\202\350\247\243\345\231\250>, "/usr/lib/libbrotlienc.so.1", O_RDONLY|O_CLOEXEC) = 3</usr/lib/libbrotlienc.so.1.2.0>
1427394 openat(AT_FDCWD</tmp/kernel-audit2-v3r63b5w/\346\261\202\350\247\243\345\231\250>, "/usr/lib/libbrotlidec.so.1", O_RDONLY|O_CLOEXEC) = 3</usr/lib/libbrotlidec.so.1.2.0>
1427394 openat(AT_FDCWD</tmp/kernel-audit2-v3r63b5w/\346\261\202\350\247\243\345\231\250>, "/usr/lib/libzstd.so.1", O_RDONLY|O_CLOEXEC) = 3</usr/lib/libzstd.so.1.5.7>
1427394 openat(AT_FDCWD</tmp/kernel-audit2-v3r63b5w/\346\261\202\350\247\243\345\231\250>, "/usr/lib/libm.so.6", O_RDONLY|O_CLOEXEC) = 3</usr/lib/libm.so.6>
1427394 openat(AT_FDCWD</tmp/kernel-audit2-v3r63b5w/\346\261\202\350\247\243\345\231\250>, "/usr/lib/libbrotlicommon.so.1", O_RDONLY|O_CLOEXEC) = 3</usr/lib/libbrotlicommon.so.1.2.0>
1427394 openat(AT_FDCWD</tmp/kernel-audit2-v3r63b5w/\346\261\202\350\247\243\345\231\250>, "/usr/lib/locale/locale-archive", O_RDONLY|O_CLOEXEC) = 3</usr/lib/locale/locale-archive>
1427394 openat(AT_FDCWD</tmp/kernel-audit2-v3r63b5w/\346\261\202\350\247\243\345\231\250>, "/usr/share/locale/locale.alias", O_RDONLY|O_CLOEXEC) = 3</usr/share/locale/locale.alias>
1427394 openat(AT_FDCWD</tmp/kernel-audit2-v3r63b5w/\346\261\202\350\247\243\345\231\250>, "/usr/lib/locale/C.UTF-8/LC_IDENTIFICATION", O_RDONLY|O_CLOEXEC) = -1 ENOENT (No such file or directory)
1427394 openat(AT_FDCWD</tmp/kernel-audit2-v3r63b5w/\346\261\202\350\247\243\345\231\250>, "/usr/lib/locale/C.utf8/LC_IDENTIFICATION", O_RDONLY|O_CLOEXEC) = 3</usr/lib/locale/C.utf8/LC_IDENTIFICATION>
1427394 openat(AT_FDCWD</tmp/kernel-audit2-v3r63b5w/\346\261\202\350\247\243\345\231\250>, "/usr/lib/gconv/gconv-modules.cache", O_RDONLY|O_CLOEXEC) = 3</usr/lib/gconv/gconv-modules.cache>
1427394 openat(AT_FDCWD</tmp/kernel-audit2-v3r63b5w/\346\261\202\350\247\243\345\231\250>, "/usr/lib/locale/C.UTF-8/LC_MEASUREMENT", O_RDONLY|O_CLOEXEC) = -1 ENOENT (No such file or directory)
1427394 openat(AT_FDCWD</tmp/kernel-audit2-v3r63b5w/\346\261\202\350\247\243\345\231\250>, "/usr/lib/locale/C.utf8/LC_MEASUREMENT", O_RDONLY|O_CLOEXEC) = 3</usr/lib/locale/C.utf8/LC_MEASUREMENT>
1427394 openat(AT_FDCWD</tmp/kernel-audit2-v3r63b5w/\346\261\202\350\247\243\345\231\250>, "/usr/lib/locale/C.UTF-8/LC_TELEPHONE", O_RDONLY|O_CLOEXEC) = -1 ENOENT (No such file or directory)
1427394 openat(AT_FDCWD</tmp/kernel-audit2-v3r63b5w/\346\261\202\350\247\243\345\231\250>, "/usr/lib/locale/C.utf8/LC_TELEPHONE", O_RDONLY|O_CLOEXEC) = 3</usr/lib/locale/C.utf8/LC_TELEPHONE>
1427394 openat(AT_FDCWD</tmp/kernel-audit2-v3r63b5w/\346\261\202\350\247\243\345\231\250>, "/usr/lib/locale/C.UTF-8/LC_ADDRESS", O_RDONLY|O_CLOEXEC) = -1 ENOENT (No such file or directory)
1427394 openat(AT_FDCWD</tmp/kernel-audit2-v3r63b5w/\346\261\202\350\247\243\345\231\250>, "/usr/lib/locale/C.utf8/LC_ADDRESS", O_RDONLY|O_CLOEXEC) = 3</usr/lib/locale/C.utf8/LC_ADDRESS>
1427394 openat(AT_FDCWD</tmp/kernel-audit2-v3r63b5w/\346\261\202\350\247\243\345\231\250>, "/usr/lib/locale/C.UTF-8/LC_NAME", O_RDONLY|O_CLOEXEC) = -1 ENOENT (No such file or directory)
1427394 openat(AT_FDCWD</tmp/kernel-audit2-v3r63b5w/\346\261\202\350\247\243\345\231\250>, "/usr/lib/locale/C.utf8/LC_NAME", O_RDONLY|O_CLOEXEC) = 3</usr/lib/locale/C.utf8/LC_NAME>
1427394 openat(AT_FDCWD</tmp/kernel-audit2-v3r63b5w/\346\261\202\350\247\243\345\231\250>, "/usr/lib/locale/C.UTF-8/LC_PAPER", O_RDONLY|O_CLOEXEC) = -1 ENOENT (No such file or directory)
1427394 openat(AT_FDCWD</tmp/kernel-audit2-v3r63b5w/\346\261\202\350\247\243\345\231\250>, "/usr/lib/locale/C.utf8/LC_PAPER", O_RDONLY|O_CLOEXEC) = 3</usr/lib/locale/C.utf8/LC_PAPER>
1427394 openat(AT_FDCWD</tmp/kernel-audit2-v3r63b5w/\346\261\202\350\247\243\345\231\250>, "/usr/lib/locale/C.UTF-8/LC_MESSAGES", O_RDONLY|O_CLOEXEC) = -1 ENOENT (No such file or directory)
1427394 openat(AT_FDCWD</tmp/kernel-audit2-v3r63b5w/\346\261\202\350\247\243\345\231\250>, "/usr/lib/locale/C.utf8/LC_MESSAGES", O_RDONLY|O_CLOEXEC) = 3</usr/lib/locale/C.utf8/LC_MESSAGES>
1427394 openat(AT_FDCWD</tmp/kernel-audit2-v3r63b5w/\346\261\202\350\247\243\345\231\250>, "/usr/lib/locale/C.utf8/LC_MESSAGES/SYS_LC_MESSAGES", O_RDONLY|O_CLOEXEC) = 3</usr/lib/locale/C.utf8/LC_MESSAGES/SYS_LC_MESSAGES>
1427394 openat(AT_FDCWD</tmp/kernel-audit2-v3r63b5w/\346\261\202\350\247\243\345\231\250>, "/usr/lib/locale/C.UTF-8/LC_MONETARY", O_RDONLY|O_CLOEXEC) = -1 ENOENT (No such file or directory)
1427394 openat(AT_FDCWD</tmp/kernel-audit2-v3r63b5w/\346\261\202\350\247\243\345\231\250>, "/usr/lib/locale/C.utf8/LC_MONETARY", O_RDONLY|O_CLOEXEC) = 3</usr/lib/locale/C.utf8/LC_MONETARY>
1427394 openat(AT_FDCWD</tmp/kernel-audit2-v3r63b5w/\346\261\202\350\247\243\345\231\250>, "/usr/lib/locale/C.UTF-8/LC_COLLATE", O_RDONLY|O_CLOEXEC) = -1 ENOENT (No such file or directory)
1427394 openat(AT_FDCWD</tmp/kernel-audit2-v3r63b5w/\346\261\202\350\247\243\345\231\250>, "/usr/lib/locale/C.utf8/LC_COLLATE", O_RDONLY|O_CLOEXEC) = 3</usr/lib/locale/C.utf8/LC_COLLATE>
1427394 openat(AT_FDCWD</tmp/kernel-audit2-v3r63b5w/\346\261\202\350\247\243\345\231\250>, "/usr/lib/locale/C.UTF-8/LC_TIME", O_RDONLY|O_CLOEXEC) = -1 ENOENT (No such file or directory)
1427394 openat(AT_FDCWD</tmp/kernel-audit2-v3r63b5w/\346\261\202\350\247\243\345\231\250>, "/usr/lib/locale/C.utf8/LC_TIME", O_RDONLY|O_CLOEXEC) = 3</usr/lib/locale/C.utf8/LC_TIME>
1427394 openat(AT_FDCWD</tmp/kernel-audit2-v3r63b5w/\346\261\202\350\247\243\345\231\250>, "/usr/lib/locale/C.UTF-8/LC_NUMERIC", O_RDONLY|O_CLOEXEC) = -1 ENOENT (No such file or directory)
1427394 openat(AT_FDCWD</tmp/kernel-audit2-v3r63b5w/\346\261\202\350\247\243\345\231\250>, "/usr/lib/locale/C.utf8/LC_NUMERIC", O_RDONLY|O_CLOEXEC) = 3</usr/lib/locale/C.utf8/LC_NUMERIC>
1427394 openat(AT_FDCWD</tmp/kernel-audit2-v3r63b5w/\346\261\202\350\247\243\345\231\250>, "/usr/lib/locale/C.UTF-8/LC_CTYPE", O_RDONLY|O_CLOEXEC) = -1 ENOENT (No such file or directory)
1427394 openat(AT_FDCWD</tmp/kernel-audit2-v3r63b5w/\346\261\202\350\247\243\345\231\250>, "/usr/lib/locale/C.utf8/LC_CTYPE", O_RDONLY|O_CLOEXEC) = 3</usr/lib/locale/C.utf8/LC_CTYPE>
1427394 openat(AT_FDCWD</tmp/kernel-audit2-v3r63b5w/\346\261\202\350\247\243\345\231\250>, "/tmp/kernel-audit2-v3r63b5w/\346\261\202\350\247\243\345\231\250/crates/kernel/src/main.rs", O_RDONLY) = 3</tmp/kernel-audit2-v3r63b5w/\346\261\202\350\247\243\345\231\250/crates/kernel/src/main.rs>
1427354 --- SIGCHLD {si_signo=SIGCHLD, si_code=CLD_EXITED, si_pid=1427394, si_uid=1000, si_status=0, si_utime=0, si_stime=0} ---
1427354 openat(AT_FDCWD</tmp/kernel-audit2-v3r63b5w/\346\261\202\350\247\243\345\231\250>, "/dev/null", O_RDONLY|O_CLOEXEC) = 3</dev/null<char 1:3>>
1427395 execve("/home/zhuran24/.codex/tmp/arg0/codex-arg0DuAZRy/sha256sum", ["sha256sum", "--", "/tmp/kernel-audit2-v3r63b5w/\346\261\202\350\247\243\345\231\250/Cargo.toml"], 0x7ffde62c4578 /* 135 vars */) = -1 ENOENT (No such file or directory)
1427395 execve("/home/zhuran24/.cargo/bin/sha256sum", ["sha256sum", "--", "/tmp/kernel-audit2-v3r63b5w/\346\261\202\350\247\243\345\231\250/Cargo.toml"], 0x7ffde62c4578 /* 135 vars */) = -1 ENOENT (No such file or directory)
1427395 execve("/home/zhuran24/.local/bin/sha256sum", ["sha256sum", "--", "/tmp/kernel-audit2-v3r63b5w/\346\261\202\350\247\243\345\231\250/Cargo.toml"], 0x7ffde62c4578 /* 135 vars */) = -1 ENOENT (No such file or directory)
1427395 execve("/home/zhuran24/.opencode/bin/sha256sum", ["sha256sum", "--", "/tmp/kernel-audit2-v3r63b5w/\346\261\202\350\247\243\345\231\250/Cargo.toml"], 0x7ffde62c4578 /* 135 vars */) = -1 ENOENT (No such file or directory)
1427395 execve("/usr/local/bin/sha256sum", ["sha256sum", "--", "/tmp/kernel-audit2-v3r63b5w/\346\261\202\350\247\243\345\231\250/Cargo.toml"], 0x7ffde62c4578 /* 135 vars */) = -1 ENOENT (No such file or directory)
1427395 execve("/usr/bin/sha256sum", ["sha256sum", "--", "/tmp/kernel-audit2-v3r63b5w/\346\261\202\350\247\243\345\231\250/Cargo.toml"], 0x7ffde62c4578 /* 135 vars */) = 0
1427395 openat(AT_FDCWD</tmp/kernel-audit2-v3r63b5w/\346\261\202\350\247\243\345\231\250>, "/etc/ld.so.cache", O_RDONLY|O_CLOEXEC) = 3</etc/ld.so.cache>
1427395 openat(AT_FDCWD</tmp/kernel-audit2-v3r63b5w/\346\261\202\350\247\243\345\231\250>, "/usr/lib/libcrypto.so.3", O_RDONLY|O_CLOEXEC) = 3</usr/lib/libcrypto.so.3>
1427395 openat(AT_FDCWD</tmp/kernel-audit2-v3r63b5w/\346\261\202\350\247\243\345\231\250>, "/usr/lib/libc.so.6", O_RDONLY|O_CLOEXEC) = 3</usr/lib/libc.so.6>
1427395 openat(AT_FDCWD</tmp/kernel-audit2-v3r63b5w/\346\261\202\350\247\243\345\231\250>, "/usr/lib/libz.so.1", O_RDONLY|O_CLOEXEC) = 3</usr/lib/libz.so.1.3.1.zlib-ng>
1427395 openat(AT_FDCWD</tmp/kernel-audit2-v3r63b5w/\346\261\202\350\247\243\345\231\250>, "/usr/lib/libbrotlienc.so.1", O_RDONLY|O_CLOEXEC) = 3</usr/lib/libbrotlienc.so.1.2.0>
1427395 openat(AT_FDCWD</tmp/kernel-audit2-v3r63b5w/\346\261\202\350\247\243\345\231\250>, "/usr/lib/libbrotlidec.so.1", O_RDONLY|O_CLOEXEC) = 3</usr/lib/libbrotlidec.so.1.2.0>
1427395 openat(AT_FDCWD</tmp/kernel-audit2-v3r63b5w/\346\261\202\350\247\243\345\231\250>, "/usr/lib/libzstd.so.1", O_RDONLY|O_CLOEXEC) = 3</usr/lib/libzstd.so.1.5.7>
1427395 openat(AT_FDCWD</tmp/kernel-audit2-v3r63b5w/\346\261\202\350\247\243\345\231\250>, "/usr/lib/libm.so.6", O_RDONLY|O_CLOEXEC) = 3</usr/lib/libm.so.6>
1427395 openat(AT_FDCWD</tmp/kernel-audit2-v3r63b5w/\346\261\202\350\247\243\345\231\250>, "/usr/lib/libbrotlicommon.so.1", O_RDONLY|O_CLOEXEC) = 3</usr/lib/libbrotlicommon.so.1.2.0>
1427395 openat(AT_FDCWD</tmp/kernel-audit2-v3r63b5w/\346\261\202\350\247\243\345\231\250>, "/usr/lib/locale/locale-archive", O_RDONLY|O_CLOEXEC) = 3</usr/lib/locale/locale-archive>
1427395 openat(AT_FDCWD</tmp/kernel-audit2-v3r63b5w/\346\261\202\350\247\243\345\231\250>, "/usr/share/locale/locale.alias", O_RDONLY|O_CLOEXEC) = 3</usr/share/locale/locale.alias>
1427395 openat(AT_FDCWD</tmp/kernel-audit2-v3r63b5w/\346\261\202\350\247\243\345\231\250>, "/usr/lib/locale/C.UTF-8/LC_IDENTIFICATION", O_RDONLY|O_CLOEXEC) = -1 ENOENT (No such file or directory)
1427395 openat(AT_FDCWD</tmp/kernel-audit2-v3r63b5w/\346\261\202\350\247\243\345\231\250>, "/usr/lib/locale/C.utf8/LC_IDENTIFICATION", O_RDONLY|O_CLOEXEC) = 3</usr/lib/locale/C.utf8/LC_IDENTIFICATION>
1427395 openat(AT_FDCWD</tmp/kernel-audit2-v3r63b5w/\346\261\202\350\247\243\345\231\250>, "/usr/lib/gconv/gconv-modules.cache", O_RDONLY|O_CLOEXEC) = 3</usr/lib/gconv/gconv-modules.cache>
1427395 openat(AT_FDCWD</tmp/kernel-audit2-v3r63b5w/\346\261\202\350\247\243\345\231\250>, "/usr/lib/locale/C.UTF-8/LC_MEASUREMENT", O_RDONLY|O_CLOEXEC) = -1 ENOENT (No such file or directory)
1427395 openat(AT_FDCWD</tmp/kernel-audit2-v3r63b5w/\346\261\202\350\247\243\345\231\250>, "/usr/lib/locale/C.utf8/LC_MEASUREMENT", O_RDONLY|O_CLOEXEC) = 3</usr/lib/locale/C.utf8/LC_MEASUREMENT>
1427395 openat(AT_FDCWD</tmp/kernel-audit2-v3r63b5w/\346\261\202\350\247\243\345\231\250>, "/usr/lib/locale/C.UTF-8/LC_TELEPHONE", O_RDONLY|O_CLOEXEC) = -1 ENOENT (No such file or directory)
1427395 openat(AT_FDCWD</tmp/kernel-audit2-v3r63b5w/\346\261\202\350\247\243\345\231\250>, "/usr/lib/locale/C.utf8/LC_TELEPHONE", O_RDONLY|O_CLOEXEC) = 3</usr/lib/locale/C.utf8/LC_TELEPHONE>
1427395 openat(AT_FDCWD</tmp/kernel-audit2-v3r63b5w/\346\261\202\350\247\243\345\231\250>, "/usr/lib/locale/C.UTF-8/LC_ADDRESS", O_RDONLY|O_CLOEXEC) = -1 ENOENT (No such file or directory)
1427395 openat(AT_FDCWD</tmp/kernel-audit2-v3r63b5w/\346\261\202\350\247\243\345\231\250>, "/usr/lib/locale/C.utf8/LC_ADDRESS", O_RDONLY|O_CLOEXEC) = 3</usr/lib/locale/C.utf8/LC_ADDRESS>
1427395 openat(AT_FDCWD</tmp/kernel-audit2-v3r63b5w/\346\261\202\350\247\243\345\231\250>, "/usr/lib/locale/C.UTF-8/LC_NAME", O_RDONLY|O_CLOEXEC) = -1 ENOENT (No such file or directory)
1427395 openat(AT_FDCWD</tmp/kernel-audit2-v3r63b5w/\346\261\202\350\247\243\345\231\250>, "/usr/lib/locale/C.utf8/LC_NAME", O_RDONLY|O_CLOEXEC) = 3</usr/lib/locale/C.utf8/LC_NAME>
1427395 openat(AT_FDCWD</tmp/kernel-audit2-v3r63b5w/\346\261\202\350\247\243\345\231\250>, "/usr/lib/locale/C.UTF-8/LC_PAPER", O_RDONLY|O_CLOEXEC) = -1 ENOENT (No such file or directory)
1427395 openat(AT_FDCWD</tmp/kernel-audit2-v3r63b5w/\346\261\202\350\247\243\345\231\250>, "/usr/lib/locale/C.utf8/LC_PAPER", O_RDONLY|O_CLOEXEC) = 3</usr/lib/locale/C.utf8/LC_PAPER>
1427395 openat(AT_FDCWD</tmp/kernel-audit2-v3r63b5w/\346\261\202\350\247\243\345\231\250>, "/usr/lib/locale/C.UTF-8/LC_MESSAGES", O_RDONLY|O_CLOEXEC) = -1 ENOENT (No such file or directory)
1427395 openat(AT_FDCWD</tmp/kernel-audit2-v3r63b5w/\346\261\202\350\247\243\345\231\250>, "/usr/lib/locale/C.utf8/LC_MESSAGES", O_RDONLY|O_CLOEXEC) = 3</usr/lib/locale/C.utf8/LC_MESSAGES>
1427395 openat(AT_FDCWD</tmp/kernel-audit2-v3r63b5w/\346\261\202\350\247\243\345\231\250>, "/usr/lib/locale/C.utf8/LC_MESSAGES/SYS_LC_MESSAGES", O_RDONLY|O_CLOEXEC) = 3</usr/lib/locale/C.utf8/LC_MESSAGES/SYS_LC_MESSAGES>
1427395 openat(AT_FDCWD</tmp/kernel-audit2-v3r63b5w/\346\261\202\350\247\243\345\231\250>, "/usr/lib/locale/C.UTF-8/LC_MONETARY", O_RDONLY|O_CLOEXEC) = -1 ENOENT (No such file or directory)
1427395 openat(AT_FDCWD</tmp/kernel-audit2-v3r63b5w/\346\261\202\350\247\243\345\231\250>, "/usr/lib/locale/C.utf8/LC_MONETARY", O_RDONLY|O_CLOEXEC) = 3</usr/lib/locale/C.utf8/LC_MONETARY>
1427395 openat(AT_FDCWD</tmp/kernel-audit2-v3r63b5w/\346\261\202\350\247\243\345\231\250>, "/usr/lib/locale/C.UTF-8/LC_COLLATE", O_RDONLY|O_CLOEXEC) = -1 ENOENT (No such file or directory)
1427395 openat(AT_FDCWD</tmp/kernel-audit2-v3r63b5w/\346\261\202\350\247\243\345\231\250>, "/usr/lib/locale/C.utf8/LC_COLLATE", O_RDONLY|O_CLOEXEC) = 3</usr/lib/locale/C.utf8/LC_COLLATE>
1427395 openat(AT_FDCWD</tmp/kernel-audit2-v3r63b5w/\346\261\202\350\247\243\345\231\250>, "/usr/lib/locale/C.UTF-8/LC_TIME", O_RDONLY|O_CLOEXEC) = -1 ENOENT (No such file or directory)
1427395 openat(AT_FDCWD</tmp/kernel-audit2-v3r63b5w/\346\261\202\350\247\243\345\231\250>, "/usr/lib/locale/C.utf8/LC_TIME", O_RDONLY|O_CLOEXEC) = 3</usr/lib/locale/C.utf8/LC_TIME>
1427395 openat(AT_FDCWD</tmp/kernel-audit2-v3r63b5w/\346\261\202\350\247\243\345\231\250>, "/usr/lib/locale/C.UTF-8/LC_NUMERIC", O_RDONLY|O_CLOEXEC) = -1 ENOENT (No such file or directory)
1427395 openat(AT_FDCWD</tmp/kernel-audit2-v3r63b5w/\346\261\202\350\247\243\345\231\250>, "/usr/lib/locale/C.utf8/LC_NUMERIC", O_RDONLY|O_CLOEXEC) = 3</usr/lib/locale/C.utf8/LC_NUMERIC>
1427395 openat(AT_FDCWD</tmp/kernel-audit2-v3r63b5w/\346\261\202\350\247\243\345\231\250>, "/usr/lib/locale/C.UTF-8/LC_CTYPE", O_RDONLY|O_CLOEXEC) = -1 ENOENT (No such file or directory)
1427395 openat(AT_FDCWD</tmp/kernel-audit2-v3r63b5w/\346\261\202\350\247\243\345\231\250>, "/usr/lib/locale/C.utf8/LC_CTYPE", O_RDONLY|O_CLOEXEC) = 3</usr/lib/locale/C.utf8/LC_CTYPE>
1427395 openat(AT_FDCWD</tmp/kernel-audit2-v3r63b5w/\346\261\202\350\247\243\345\231\250>, "/tmp/kernel-audit2-v3r63b5w/\346\261\202\350\247\243\345\231\250/Cargo.toml", O_RDONLY) = 3</tmp/kernel-audit2-v3r63b5w/\346\261\202\350\247\243\345\231\250/Cargo.toml>
1427354 --- SIGCHLD {si_signo=SIGCHLD, si_code=CLD_EXITED, si_pid=1427395, si_uid=1000, si_status=0, si_utime=0, si_stime=0} ---
1427354 openat(AT_FDCWD</tmp/kernel-audit2-v3r63b5w/\346\261\202\350\247\243\345\231\250>, "/dev/null", O_RDONLY|O_CLOEXEC) = 3</dev/null<char 1:3>>
1427396 execve("/home/zhuran24/.codex/tmp/arg0/codex-arg0DuAZRy/sha256sum", ["sha256sum", "--", "/tmp/kernel-audit2-v3r63b5w/\346\261\202\350\247\243\345\231\250/Cargo.lock"], 0x7ffde62c4578 /* 135 vars */) = -1 ENOENT (No such file or directory)
1427396 execve("/home/zhuran24/.cargo/bin/sha256sum", ["sha256sum", "--", "/tmp/kernel-audit2-v3r63b5w/\346\261\202\350\247\243\345\231\250/Cargo.lock"], 0x7ffde62c4578 /* 135 vars */) = -1 ENOENT (No such file or directory)
1427396 execve("/home/zhuran24/.local/bin/sha256sum", ["sha256sum", "--", "/tmp/kernel-audit2-v3r63b5w/\346\261\202\350\247\243\345\231\250/Cargo.lock"], 0x7ffde62c4578 /* 135 vars */) = -1 ENOENT (No such file or directory)
1427396 execve("/home/zhuran24/.opencode/bin/sha256sum", ["sha256sum", "--", "/tmp/kernel-audit2-v3r63b5w/\346\261\202\350\247\243\345\231\250/Cargo.lock"], 0x7ffde62c4578 /* 135 vars */) = -1 ENOENT (No such file or directory)
1427396 execve("/usr/local/bin/sha256sum", ["sha256sum", "--", "/tmp/kernel-audit2-v3r63b5w/\346\261\202\350\247\243\345\231\250/Cargo.lock"], 0x7ffde62c4578 /* 135 vars */) = -1 ENOENT (No such file or directory)
1427396 execve("/usr/bin/sha256sum", ["sha256sum", "--", "/tmp/kernel-audit2-v3r63b5w/\346\261\202\350\247\243\345\231\250/Cargo.lock"], 0x7ffde62c4578 /* 135 vars */) = 0
1427396 openat(AT_FDCWD</tmp/kernel-audit2-v3r63b5w/\346\261\202\350\247\243\345\231\250>, "/etc/ld.so.cache", O_RDONLY|O_CLOEXEC) = 3</etc/ld.so.cache>
1427396 openat(AT_FDCWD</tmp/kernel-audit2-v3r63b5w/\346\261\202\350\247\243\345\231\250>, "/usr/lib/libcrypto.so.3", O_RDONLY|O_CLOEXEC) = 3</usr/lib/libcrypto.so.3>
1427396 openat(AT_FDCWD</tmp/kernel-audit2-v3r63b5w/\346\261\202\350\247\243\345\231\250>, "/usr/lib/libc.so.6", O_RDONLY|O_CLOEXEC) = 3</usr/lib/libc.so.6>
1427396 openat(AT_FDCWD</tmp/kernel-audit2-v3r63b5w/\346\261\202\350\247\243\345\231\250>, "/usr/lib/libz.so.1", O_RDONLY|O_CLOEXEC) = 3</usr/lib/libz.so.1.3.1.zlib-ng>
1427396 openat(AT_FDCWD</tmp/kernel-audit2-v3r63b5w/\346\261\202\350\247\243\345\231\250>, "/usr/lib/libbrotlienc.so.1", O_RDONLY|O_CLOEXEC) = 3</usr/lib/libbrotlienc.so.1.2.0>
1427396 openat(AT_FDCWD</tmp/kernel-audit2-v3r63b5w/\346\261\202\350\247\243\345\231\250>, "/usr/lib/libbrotlidec.so.1", O_RDONLY|O_CLOEXEC) = 3</usr/lib/libbrotlidec.so.1.2.0>
1427396 openat(AT_FDCWD</tmp/kernel-audit2-v3r63b5w/\346\261\202\350\247\243\345\231\250>, "/usr/lib/libzstd.so.1", O_RDONLY|O_CLOEXEC) = 3</usr/lib/libzstd.so.1.5.7>
1427396 openat(AT_FDCWD</tmp/kernel-audit2-v3r63b5w/\346\261\202\350\247\243\345\231\250>, "/usr/lib/libm.so.6", O_RDONLY|O_CLOEXEC) = 3</usr/lib/libm.so.6>
1427396 openat(AT_FDCWD</tmp/kernel-audit2-v3r63b5w/\346\261\202\350\247\243\345\231\250>, "/usr/lib/libbrotlicommon.so.1", O_RDONLY|O_CLOEXEC) = 3</usr/lib/libbrotlicommon.so.1.2.0>
1427396 openat(AT_FDCWD</tmp/kernel-audit2-v3r63b5w/\346\261\202\350\247\243\345\231\250>, "/usr/lib/locale/locale-archive", O_RDONLY|O_CLOEXEC) = 3</usr/lib/locale/locale-archive>
1427396 openat(AT_FDCWD</tmp/kernel-audit2-v3r63b5w/\346\261\202\350\247\243\345\231\250>, "/usr/share/locale/locale.alias", O_RDONLY|O_CLOEXEC) = 3</usr/share/locale/locale.alias>
1427396 openat(AT_FDCWD</tmp/kernel-audit2-v3r63b5w/\346\261\202\350\247\243\345\231\250>, "/usr/lib/locale/C.UTF-8/LC_IDENTIFICATION", O_RDONLY|O_CLOEXEC) = -1 ENOENT (No such file or directory)
1427396 openat(AT_FDCWD</tmp/kernel-audit2-v3r63b5w/\346\261\202\350\247\243\345\231\250>, "/usr/lib/locale/C.utf8/LC_IDENTIFICATION", O_RDONLY|O_CLOEXEC) = 3</usr/lib/locale/C.utf8/LC_IDENTIFICATION>
1427396 openat(AT_FDCWD</tmp/kernel-audit2-v3r63b5w/\346\261\202\350\247\243\345\231\250>, "/usr/lib/gconv/gconv-modules.cache", O_RDONLY|O_CLOEXEC) = 3</usr/lib/gconv/gconv-modules.cache>
1427396 openat(AT_FDCWD</tmp/kernel-audit2-v3r63b5w/\346\261\202\350\247\243\345\231\250>, "/usr/lib/locale/C.UTF-8/LC_MEASUREMENT", O_RDONLY|O_CLOEXEC) = -1 ENOENT (No such file or directory)
1427396 openat(AT_FDCWD</tmp/kernel-audit2-v3r63b5w/\346\261\202\350\247\243\345\231\250>, "/usr/lib/locale/C.utf8/LC_MEASUREMENT", O_RDONLY|O_CLOEXEC) = 3</usr/lib/locale/C.utf8/LC_MEASUREMENT>
1427396 openat(AT_FDCWD</tmp/kernel-audit2-v3r63b5w/\346\261\202\350\247\243\345\231\250>, "/usr/lib/locale/C.UTF-8/LC_TELEPHONE", O_RDONLY|O_CLOEXEC) = -1 ENOENT (No such file or directory)
1427396 openat(AT_FDCWD</tmp/kernel-audit2-v3r63b5w/\346\261\202\350\247\243\345\231\250>, "/usr/lib/locale/C.utf8/LC_TELEPHONE", O_RDONLY|O_CLOEXEC) = 3</usr/lib/locale/C.utf8/LC_TELEPHONE>
1427396 openat(AT_FDCWD</tmp/kernel-audit2-v3r63b5w/\346\261\202\350\247\243\345\231\250>, "/usr/lib/locale/C.UTF-8/LC_ADDRESS", O_RDONLY|O_CLOEXEC) = -1 ENOENT (No such file or directory)
1427396 openat(AT_FDCWD</tmp/kernel-audit2-v3r63b5w/\346\261\202\350\247\243\345\231\250>, "/usr/lib/locale/C.utf8/LC_ADDRESS", O_RDONLY|O_CLOEXEC) = 3</usr/lib/locale/C.utf8/LC_ADDRESS>
1427396 openat(AT_FDCWD</tmp/kernel-audit2-v3r63b5w/\346\261\202\350\247\243\345\231\250>, "/usr/lib/locale/C.UTF-8/LC_NAME", O_RDONLY|O_CLOEXEC) = -1 ENOENT (No such file or directory)
1427396 openat(AT_FDCWD</tmp/kernel-audit2-v3r63b5w/\346\261\202\350\247\243\345\231\250>, "/usr/lib/locale/C.utf8/LC_NAME", O_RDONLY|O_CLOEXEC) = 3</usr/lib/locale/C.utf8/LC_NAME>
1427396 openat(AT_FDCWD</tmp/kernel-audit2-v3r63b5w/\346\261\202\350\247\243\345\231\250>, "/usr/lib/locale/C.UTF-8/LC_PAPER", O_RDONLY|O_CLOEXEC) = -1 ENOENT (No such file or directory)
1427396 openat(AT_FDCWD</tmp/kernel-audit2-v3r63b5w/\346\261\202\350\247\243\345\231\250>, "/usr/lib/locale/C.utf8/LC_PAPER", O_RDONLY|O_CLOEXEC) = 3</usr/lib/locale/C.utf8/LC_PAPER>
1427396 openat(AT_FDCWD</tmp/kernel-audit2-v3r63b5w/\346\261\202\350\247\243\345\231\250>, "/usr/lib/locale/C.UTF-8/LC_MESSAGES", O_RDONLY|O_CLOEXEC) = -1 ENOENT (No such file or directory)
1427396 openat(AT_FDCWD</tmp/kernel-audit2-v3r63b5w/\346\261\202\350\247\243\345\231\250>, "/usr/lib/locale/C.utf8/LC_MESSAGES", O_RDONLY|O_CLOEXEC) = 3</usr/lib/locale/C.utf8/LC_MESSAGES>
1427396 openat(AT_FDCWD</tmp/kernel-audit2-v3r63b5w/\346\261\202\350\247\243\345\231\250>, "/usr/lib/locale/C.utf8/LC_MESSAGES/SYS_LC_MESSAGES", O_RDONLY|O_CLOEXEC) = 3</usr/lib/locale/C.utf8/LC_MESSAGES/SYS_LC_MESSAGES>
1427396 openat(AT_FDCWD</tmp/kernel-audit2-v3r63b5w/\346\261\202\350\247\243\345\231\250>, "/usr/lib/locale/C.UTF-8/LC_MONETARY", O_RDONLY|O_CLOEXEC) = -1 ENOENT (No such file or directory)
1427396 openat(AT_FDCWD</tmp/kernel-audit2-v3r63b5w/\346\261\202\350\247\243\345\231\250>, "/usr/lib/locale/C.utf8/LC_MONETARY", O_RDONLY|O_CLOEXEC) = 3</usr/lib/locale/C.utf8/LC_MONETARY>
1427396 openat(AT_FDCWD</tmp/kernel-audit2-v3r63b5w/\346\261\202\350\247\243\345\231\250>, "/usr/lib/locale/C.UTF-8/LC_COLLATE", O_RDONLY|O_CLOEXEC) = -1 ENOENT (No such file or directory)
1427396 openat(AT_FDCWD</tmp/kernel-audit2-v3r63b5w/\346\261\202\350\247\243\345\231\250>, "/usr/lib/locale/C.utf8/LC_COLLATE", O_RDONLY|O_CLOEXEC) = 3</usr/lib/locale/C.utf8/LC_COLLATE>
1427396 openat(AT_FDCWD</tmp/kernel-audit2-v3r63b5w/\346\261\202\350\247\243\345\231\250>, "/usr/lib/locale/C.UTF-8/LC_TIME", O_RDONLY|O_CLOEXEC) = -1 ENOENT (No such file or directory)
1427396 openat(AT_FDCWD</tmp/kernel-audit2-v3r63b5w/\346\261\202\350\247\243\345\231\250>, "/usr/lib/locale/C.utf8/LC_TIME", O_RDONLY|O_CLOEXEC) = 3</usr/lib/locale/C.utf8/LC_TIME>
1427396 openat(AT_FDCWD</tmp/kernel-audit2-v3r63b5w/\346\261\202\350\247\243\345\231\250>, "/usr/lib/locale/C.UTF-8/LC_NUMERIC", O_RDONLY|O_CLOEXEC) = -1 ENOENT (No such file or directory)
1427396 openat(AT_FDCWD</tmp/kernel-audit2-v3r63b5w/\346\261\202\350\247\243\345\231\250>, "/usr/lib/locale/C.utf8/LC_NUMERIC", O_RDONLY|O_CLOEXEC) = 3</usr/lib/locale/C.utf8/LC_NUMERIC>
1427396 openat(AT_FDCWD</tmp/kernel-audit2-v3r63b5w/\346\261\202\350\247\243\345\231\250>, "/usr/lib/locale/C.UTF-8/LC_CTYPE", O_RDONLY|O_CLOEXEC) = -1 ENOENT (No such file or directory)
1427396 openat(AT_FDCWD</tmp/kernel-audit2-v3r63b5w/\346\261\202\350\247\243\345\231\250>, "/usr/lib/locale/C.utf8/LC_CTYPE", O_RDONLY|O_CLOEXEC) = 3</usr/lib/locale/C.utf8/LC_CTYPE>
1427396 openat(AT_FDCWD</tmp/kernel-audit2-v3r63b5w/\346\261\202\350\247\243\345\231\250>, "/tmp/kernel-audit2-v3r63b5w/\346\261\202\350\247\243\345\231\250/Cargo.lock", O_RDONLY) = 3</tmp/kernel-audit2-v3r63b5w/\346\261\202\350\247\243\345\231\250/Cargo.lock>
1427354 --- SIGCHLD {si_signo=SIGCHLD, si_code=CLD_EXITED, si_pid=1427396, si_uid=1000, si_status=0, si_utime=0, si_stime=0} ---
1427354 openat(AT_FDCWD</tmp/kernel-audit2-v3r63b5w/\346\261\202\350\247\243\345\231\250>, "/dev/null", O_RDONLY|O_CLOEXEC) = 3</dev/null<char 1:3>>
1427397 execve("/home/zhuran24/.codex/tmp/arg0/codex-arg0DuAZRy/sha256sum", ["sha256sum", "--", "/tmp/kernel-audit2-v3r63b5w/\346\261\202\350\247\243\345\231\250/crates/kernel/Cargo.toml"], 0x7ffde62c4578 /* 135 vars */) = -1 ENOENT (No such file or directory)
1427397 execve("/home/zhuran24/.cargo/bin/sha256sum", ["sha256sum", "--", "/tmp/kernel-audit2-v3r63b5w/\346\261\202\350\247\243\345\231\250/crates/kernel/Cargo.toml"], 0x7ffde62c4578 /* 135 vars */) = -1 ENOENT (No such file or directory)
1427397 execve("/home/zhuran24/.local/bin/sha256sum", ["sha256sum", "--", "/tmp/kernel-audit2-v3r63b5w/\346\261\202\350\247\243\345\231\250/crates/kernel/Cargo.toml"], 0x7ffde62c4578 /* 135 vars */) = -1 ENOENT (No such file or directory)
1427397 execve("/home/zhuran24/.opencode/bin/sha256sum", ["sha256sum", "--", "/tmp/kernel-audit2-v3r63b5w/\346\261\202\350\247\243\345\231\250/crates/kernel/Cargo.toml"], 0x7ffde62c4578 /* 135 vars */) = -1 ENOENT (No such file or directory)
1427397 execve("/usr/local/bin/sha256sum", ["sha256sum", "--", "/tmp/kernel-audit2-v3r63b5w/\346\261\202\350\247\243\345\231\250/crates/kernel/Cargo.toml"], 0x7ffde62c4578 /* 135 vars */) = -1 ENOENT (No such file or directory)
1427397 execve("/usr/bin/sha256sum", ["sha256sum", "--", "/tmp/kernel-audit2-v3r63b5w/\346\261\202\350\247\243\345\231\250/crates/kernel/Cargo.toml"], 0x7ffde62c4578 /* 135 vars */) = 0
1427397 openat(AT_FDCWD</tmp/kernel-audit2-v3r63b5w/\346\261\202\350\247\243\345\231\250>, "/etc/ld.so.cache", O_RDONLY|O_CLOEXEC) = 3</etc/ld.so.cache>
1427397 openat(AT_FDCWD</tmp/kernel-audit2-v3r63b5w/\346\261\202\350\247\243\345\231\250>, "/usr/lib/libcrypto.so.3", O_RDONLY|O_CLOEXEC) = 3</usr/lib/libcrypto.so.3>
1427397 openat(AT_FDCWD</tmp/kernel-audit2-v3r63b5w/\346\261\202\350\247\243\345\231\250>, "/usr/lib/libc.so.6", O_RDONLY|O_CLOEXEC) = 3</usr/lib/libc.so.6>
1427397 openat(AT_FDCWD</tmp/kernel-audit2-v3r63b5w/\346\261\202\350\247\243\345\231\250>, "/usr/lib/libz.so.1", O_RDONLY|O_CLOEXEC) = 3</usr/lib/libz.so.1.3.1.zlib-ng>
1427397 openat(AT_FDCWD</tmp/kernel-audit2-v3r63b5w/\346\261\202\350\247\243\345\231\250>, "/usr/lib/libbrotlienc.so.1", O_RDONLY|O_CLOEXEC) = 3</usr/lib/libbrotlienc.so.1.2.0>
1427397 openat(AT_FDCWD</tmp/kernel-audit2-v3r63b5w/\346\261\202\350\247\243\345\231\250>, "/usr/lib/libbrotlidec.so.1", O_RDONLY|O_CLOEXEC) = 3</usr/lib/libbrotlidec.so.1.2.0>
1427397 openat(AT_FDCWD</tmp/kernel-audit2-v3r63b5w/\346\261\202\350\247\243\345\231\250>, "/usr/lib/libzstd.so.1", O_RDONLY|O_CLOEXEC) = 3</usr/lib/libzstd.so.1.5.7>
1427397 openat(AT_FDCWD</tmp/kernel-audit2-v3r63b5w/\346\261\202\350\247\243\345\231\250>, "/usr/lib/libm.so.6", O_RDONLY|O_CLOEXEC) = 3</usr/lib/libm.so.6>
1427397 openat(AT_FDCWD</tmp/kernel-audit2-v3r63b5w/\346\261\202\350\247\243\345\231\250>, "/usr/lib/libbrotlicommon.so.1", O_RDONLY|O_CLOEXEC) = 3</usr/lib/libbrotlicommon.so.1.2.0>
1427397 openat(AT_FDCWD</tmp/kernel-audit2-v3r63b5w/\346\261\202\350\247\243\345\231\250>, "/usr/lib/locale/locale-archive", O_RDONLY|O_CLOEXEC) = 3</usr/lib/locale/locale-archive>
1427397 openat(AT_FDCWD</tmp/kernel-audit2-v3r63b5w/\346\261\202\350\247\243\345\231\250>, "/usr/share/locale/locale.alias", O_RDONLY|O_CLOEXEC) = 3</usr/share/locale/locale.alias>
1427397 openat(AT_FDCWD</tmp/kernel-audit2-v3r63b5w/\346\261\202\350\247\243\345\231\250>, "/usr/lib/locale/C.UTF-8/LC_IDENTIFICATION", O_RDONLY|O_CLOEXEC) = -1 ENOENT (No such file or directory)
1427397 openat(AT_FDCWD</tmp/kernel-audit2-v3r63b5w/\346\261\202\350\247\243\345\231\250>, "/usr/lib/locale/C.utf8/LC_IDENTIFICATION", O_RDONLY|O_CLOEXEC) = 3</usr/lib/locale/C.utf8/LC_IDENTIFICATION>
1427397 openat(AT_FDCWD</tmp/kernel-audit2-v3r63b5w/\346\261\202\350\247\243\345\231\250>, "/usr/lib/gconv/gconv-modules.cache", O_RDONLY|O_CLOEXEC) = 3</usr/lib/gconv/gconv-modules.cache>
1427397 openat(AT_FDCWD</tmp/kernel-audit2-v3r63b5w/\346\261\202\350\247\243\345\231\250>, "/usr/lib/locale/C.UTF-8/LC_MEASUREMENT", O_RDONLY|O_CLOEXEC) = -1 ENOENT (No such file or directory)
1427397 openat(AT_FDCWD</tmp/kernel-audit2-v3r63b5w/\346\261\202\350\247\243\345\231\250>, "/usr/lib/locale/C.utf8/LC_MEASUREMENT", O_RDONLY|O_CLOEXEC) = 3</usr/lib/locale/C.utf8/LC_MEASUREMENT>
1427397 openat(AT_FDCWD</tmp/kernel-audit2-v3r63b5w/\346\261\202\350\247\243\345\231\250>, "/usr/lib/locale/C.UTF-8/LC_TELEPHONE", O_RDONLY|O_CLOEXEC) = -1 ENOENT (No such file or directory)
1427397 openat(AT_FDCWD</tmp/kernel-audit2-v3r63b5w/\346\261\202\350\247\243\345\231\250>, "/usr/lib/locale/C.utf8/LC_TELEPHONE", O_RDONLY|O_CLOEXEC) = 3</usr/lib/locale/C.utf8/LC_TELEPHONE>
1427397 openat(AT_FDCWD</tmp/kernel-audit2-v3r63b5w/\346\261\202\350\247\243\345\231\250>, "/usr/lib/locale/C.UTF-8/LC_ADDRESS", O_RDONLY|O_CLOEXEC) = -1 ENOENT (No such file or directory)
1427397 openat(AT_FDCWD</tmp/kernel-audit2-v3r63b5w/\346\261\202\350\247\243\345\231\250>, "/usr/lib/locale/C.utf8/LC_ADDRESS", O_RDONLY|O_CLOEXEC) = 3</usr/lib/locale/C.utf8/LC_ADDRESS>
1427397 openat(AT_FDCWD</tmp/kernel-audit2-v3r63b5w/\346\261\202\350\247\243\345\231\250>, "/usr/lib/locale/C.UTF-8/LC_NAME", O_RDONLY|O_CLOEXEC) = -1 ENOENT (No such file or directory)
1427397 openat(AT_FDCWD</tmp/kernel-audit2-v3r63b5w/\346\261\202\350\247\243\345\231\250>, "/usr/lib/locale/C.utf8/LC_NAME", O_RDONLY|O_CLOEXEC) = 3</usr/lib/locale/C.utf8/LC_NAME>
1427397 openat(AT_FDCWD</tmp/kernel-audit2-v3r63b5w/\346\261\202\350\247\243\345\231\250>, "/usr/lib/locale/C.UTF-8/LC_PAPER", O_RDONLY|O_CLOEXEC) = -1 ENOENT (No such file or directory)
1427397 openat(AT_FDCWD</tmp/kernel-audit2-v3r63b5w/\346\261\202\350\247\243\345\231\250>, "/usr/lib/locale/C.utf8/LC_PAPER", O_RDONLY|O_CLOEXEC) = 3</usr/lib/locale/C.utf8/LC_PAPER>
1427397 openat(AT_FDCWD</tmp/kernel-audit2-v3r63b5w/\346\261\202\350\247\243\345\231\250>, "/usr/lib/locale/C.UTF-8/LC_MESSAGES", O_RDONLY|O_CLOEXEC) = -1 ENOENT (No such file or directory)
1427397 openat(AT_FDCWD</tmp/kernel-audit2-v3r63b5w/\346\261\202\350\247\243\345\231\250>, "/usr/lib/locale/C.utf8/LC_MESSAGES", O_RDONLY|O_CLOEXEC) = 3</usr/lib/locale/C.utf8/LC_MESSAGES>
1427397 openat(AT_FDCWD</tmp/kernel-audit2-v3r63b5w/\346\261\202\350\247\243\345\231\250>, "/usr/lib/locale/C.utf8/LC_MESSAGES/SYS_LC_MESSAGES", O_RDONLY|O_CLOEXEC) = 3</usr/lib/locale/C.utf8/LC_MESSAGES/SYS_LC_MESSAGES>
1427397 openat(AT_FDCWD</tmp/kernel-audit2-v3r63b5w/\346\261\202\350\247\243\345\231\250>, "/usr/lib/locale/C.UTF-8/LC_MONETARY", O_RDONLY|O_CLOEXEC) = -1 ENOENT (No such file or directory)
1427397 openat(AT_FDCWD</tmp/kernel-audit2-v3r63b5w/\346\261\202\350\247\243\345\231\250>, "/usr/lib/locale/C.utf8/LC_MONETARY", O_RDONLY|O_CLOEXEC) = 3</usr/lib/locale/C.utf8/LC_MONETARY>
1427397 openat(AT_FDCWD</tmp/kernel-audit2-v3r63b5w/\346\261\202\350\247\243\345\231\250>, "/usr/lib/locale/C.UTF-8/LC_COLLATE", O_RDONLY|O_CLOEXEC) = -1 ENOENT (No such file or directory)
1427397 openat(AT_FDCWD</tmp/kernel-audit2-v3r63b5w/\346\261\202\350\247\243\345\231\250>, "/usr/lib/locale/C.utf8/LC_COLLATE", O_RDONLY|O_CLOEXEC) = 3</usr/lib/locale/C.utf8/LC_COLLATE>
1427397 openat(AT_FDCWD</tmp/kernel-audit2-v3r63b5w/\346\261\202\350\247\243\345\231\250>, "/usr/lib/locale/C.UTF-8/LC_TIME", O_RDONLY|O_CLOEXEC) = -1 ENOENT (No such file or directory)
1427397 openat(AT_FDCWD</tmp/kernel-audit2-v3r63b5w/\346\261\202\350\247\243\345\231\250>, "/usr/lib/locale/C.utf8/LC_TIME", O_RDONLY|O_CLOEXEC) = 3</usr/lib/locale/C.utf8/LC_TIME>
1427397 openat(AT_FDCWD</tmp/kernel-audit2-v3r63b5w/\346\261\202\350\247\243\345\231\250>, "/usr/lib/locale/C.UTF-8/LC_NUMERIC", O_RDONLY|O_CLOEXEC) = -1 ENOENT (No such file or directory)
1427397 openat(AT_FDCWD</tmp/kernel-audit2-v3r63b5w/\346\261\202\350\247\243\345\231\250>, "/usr/lib/locale/C.utf8/LC_NUMERIC", O_RDONLY|O_CLOEXEC) = 3</usr/lib/locale/C.utf8/LC_NUMERIC>
1427397 openat(AT_FDCWD</tmp/kernel-audit2-v3r63b5w/\346\261\202\350\247\243\345\231\250>, "/usr/lib/locale/C.UTF-8/LC_CTYPE", O_RDONLY|O_CLOEXEC) = -1 ENOENT (No such file or directory)
1427397 openat(AT_FDCWD</tmp/kernel-audit2-v3r63b5w/\346\261\202\350\247\243\345\231\250>, "/usr/lib/locale/C.utf8/LC_CTYPE", O_RDONLY|O_CLOEXEC) = 3</usr/lib/locale/C.utf8/LC_CTYPE>
1427397 openat(AT_FDCWD</tmp/kernel-audit2-v3r63b5w/\346\261\202\350\247\243\345\231\250>, "/tmp/kernel-audit2-v3r63b5w/\346\261\202\350\247\243\345\231\250/crates/kernel/Cargo.toml", O_RDONLY) = 3</tmp/kernel-audit2-v3r63b5w/\346\261\202\350\247\243\345\231\250/crates/kernel/Cargo.toml>
1427354 --- SIGCHLD {si_signo=SIGCHLD, si_code=CLD_EXITED, si_pid=1427397, si_uid=1000, si_status=0, si_utime=0, si_stime=0} ---
1427354 openat(AT_FDCWD</tmp/kernel-audit2-v3r63b5w/\346\261\202\350\247\243\345\231\250>, "/dev/null", O_RDONLY|O_CLOEXEC) = 3</dev/null<char 1:3>>
1427398 execve("/home/zhuran24/.codex/tmp/arg0/codex-arg0DuAZRy/sha256sum", ["sha256sum", "--", "/tmp/kernel-audit2-v3r63b5w/\346\261\202\350\247\243\345\231\250/\346\225\260\346\215\256/\346\240\267\344\276\213/\347\224\237\344\272\247\345\276\252\347\216\257\347\216\257\345\270\246.json"], 0x7ffde62c4578 /* 135 vars */) = -1 ENOENT (No such file or directory)
1427398 execve("/home/zhuran24/.cargo/bin/sha256sum", ["sha256sum", "--", "/tmp/kernel-audit2-v3r63b5w/\346\261\202\350\247\243\345\231\250/\346\225\260\346\215\256/\346\240\267\344\276\213/\347\224\237\344\272\247\345\276\252\347\216\257\347\216\257\345\270\246.json"], 0x7ffde62c4578 /* 135 vars */) = -1 ENOENT (No such file or directory)
1427398 execve("/home/zhuran24/.local/bin/sha256sum", ["sha256sum", "--", "/tmp/kernel-audit2-v3r63b5w/\346\261\202\350\247\243\345\231\250/\346\225\260\346\215\256/\346\240\267\344\276\213/\347\224\237\344\272\247\345\276\252\347\216\257\347\216\257\345\270\246.json"], 0x7ffde62c4578 /* 135 vars */) = -1 ENOENT (No such file or directory)
1427398 execve("/home/zhuran24/.opencode/bin/sha256sum", ["sha256sum", "--", "/tmp/kernel-audit2-v3r63b5w/\346\261\202\350\247\243\345\231\250/\346\225\260\346\215\256/\346\240\267\344\276\213/\347\224\237\344\272\247\345\276\252\347\216\257\347\216\257\345\270\246.json"], 0x7ffde62c4578 /* 135 vars */) = -1 ENOENT (No such file or directory)
1427398 execve("/usr/local/bin/sha256sum", ["sha256sum", "--", "/tmp/kernel-audit2-v3r63b5w/\346\261\202\350\247\243\345\231\250/\346\225\260\346\215\256/\346\240\267\344\276\213/\347\224\237\344\272\247\345\276\252\347\216\257\347\216\257\345\270\246.json"], 0x7ffde62c4578 /* 135 vars */) = -1 ENOENT (No such file or directory)
1427398 execve("/usr/bin/sha256sum", ["sha256sum", "--", "/tmp/kernel-audit2-v3r63b5w/\346\261\202\350\247\243\345\231\250/\346\225\260\346\215\256/\346\240\267\344\276\213/\347\224\237\344\272\247\345\276\252\347\216\257\347\216\257\345\270\246.json"], 0x7ffde62c4578 /* 135 vars */) = 0
1427398 openat(AT_FDCWD</tmp/kernel-audit2-v3r63b5w/\346\261\202\350\247\243\345\231\250>, "/etc/ld.so.cache", O_RDONLY|O_CLOEXEC) = 3</etc/ld.so.cache>
1427398 openat(AT_FDCWD</tmp/kernel-audit2-v3r63b5w/\346\261\202\350\247\243\345\231\250>, "/usr/lib/libcrypto.so.3", O_RDONLY|O_CLOEXEC) = 3</usr/lib/libcrypto.so.3>
1427398 openat(AT_FDCWD</tmp/kernel-audit2-v3r63b5w/\346\261\202\350\247\243\345\231\250>, "/usr/lib/libc.so.6", O_RDONLY|O_CLOEXEC) = 3</usr/lib/libc.so.6>
1427398 openat(AT_FDCWD</tmp/kernel-audit2-v3r63b5w/\346\261\202\350\247\243\345\231\250>, "/usr/lib/libz.so.1", O_RDONLY|O_CLOEXEC) = 3</usr/lib/libz.so.1.3.1.zlib-ng>
1427398 openat(AT_FDCWD</tmp/kernel-audit2-v3r63b5w/\346\261\202\350\247\243\345\231\250>, "/usr/lib/libbrotlienc.so.1", O_RDONLY|O_CLOEXEC) = 3</usr/lib/libbrotlienc.so.1.2.0>
1427398 openat(AT_FDCWD</tmp/kernel-audit2-v3r63b5w/\346\261\202\350\247\243\345\231\250>, "/usr/lib/libbrotlidec.so.1", O_RDONLY|O_CLOEXEC) = 3</usr/lib/libbrotlidec.so.1.2.0>
1427398 openat(AT_FDCWD</tmp/kernel-audit2-v3r63b5w/\346\261\202\350\247\243\345\231\250>, "/usr/lib/libzstd.so.1", O_RDONLY|O_CLOEXEC) = 3</usr/lib/libzstd.so.1.5.7>
1427398 openat(AT_FDCWD</tmp/kernel-audit2-v3r63b5w/\346\261\202\350\247\243\345\231\250>, "/usr/lib/libm.so.6", O_RDONLY|O_CLOEXEC) = 3</usr/lib/libm.so.6>
1427398 openat(AT_FDCWD</tmp/kernel-audit2-v3r63b5w/\346\261\202\350\247\243\345\231\250>, "/usr/lib/libbrotlicommon.so.1", O_RDONLY|O_CLOEXEC) = 3</usr/lib/libbrotlicommon.so.1.2.0>
1427398 openat(AT_FDCWD</tmp/kernel-audit2-v3r63b5w/\346\261\202\350\247\243\345\231\250>, "/usr/lib/locale/locale-archive", O_RDONLY|O_CLOEXEC) = 3</usr/lib/locale/locale-archive>
1427398 openat(AT_FDCWD</tmp/kernel-audit2-v3r63b5w/\346\261\202\350\247\243\345\231\250>, "/usr/share/locale/locale.alias", O_RDONLY|O_CLOEXEC) = 3</usr/share/locale/locale.alias>
1427398 openat(AT_FDCWD</tmp/kernel-audit2-v3r63b5w/\346\261\202\350\247\243\345\231\250>, "/usr/lib/locale/C.UTF-8/LC_IDENTIFICATION", O_RDONLY|O_CLOEXEC) = -1 ENOENT (No such file or directory)
1427398 openat(AT_FDCWD</tmp/kernel-audit2-v3r63b5w/\346\261\202\350\247\243\345\231\250>, "/usr/lib/locale/C.utf8/LC_IDENTIFICATION", O_RDONLY|O_CLOEXEC) = 3</usr/lib/locale/C.utf8/LC_IDENTIFICATION>
1427398 openat(AT_FDCWD</tmp/kernel-audit2-v3r63b5w/\346\261\202\350\247\243\345\231\250>, "/usr/lib/gconv/gconv-modules.cache", O_RDONLY|O_CLOEXEC) = 3</usr/lib/gconv/gconv-modules.cache>
1427398 openat(AT_FDCWD</tmp/kernel-audit2-v3r63b5w/\346\261\202\350\247\243\345\231\250>, "/usr/lib/locale/C.UTF-8/LC_MEASUREMENT", O_RDONLY|O_CLOEXEC) = -1 ENOENT (No such file or directory)
1427398 openat(AT_FDCWD</tmp/kernel-audit2-v3r63b5w/\346\261\202\350\247\243\345\231\250>, "/usr/lib/locale/C.utf8/LC_MEASUREMENT", O_RDONLY|O_CLOEXEC) = 3</usr/lib/locale/C.utf8/LC_MEASUREMENT>
1427398 openat(AT_FDCWD</tmp/kernel-audit2-v3r63b5w/\346\261\202\350\247\243\345\231\250>, "/usr/lib/locale/C.UTF-8/LC_TELEPHONE", O_RDONLY|O_CLOEXEC) = -1 ENOENT (No such file or directory)
1427398 openat(AT_FDCWD</tmp/kernel-audit2-v3r63b5w/\346\261\202\350\247\243\345\231\250>, "/usr/lib/locale/C.utf8/LC_TELEPHONE", O_RDONLY|O_CLOEXEC) = 3</usr/lib/locale/C.utf8/LC_TELEPHONE>
1427398 openat(AT_FDCWD</tmp/kernel-audit2-v3r63b5w/\346\261\202\350\247\243\345\231\250>, "/usr/lib/locale/C.UTF-8/LC_ADDRESS", O_RDONLY|O_CLOEXEC) = -1 ENOENT (No such file or directory)
1427398 openat(AT_FDCWD</tmp/kernel-audit2-v3r63b5w/\346\261\202\350\247\243\345\231\250>, "/usr/lib/locale/C.utf8/LC_ADDRESS", O_RDONLY|O_CLOEXEC) = 3</usr/lib/locale/C.utf8/LC_ADDRESS>
1427398 openat(AT_FDCWD</tmp/kernel-audit2-v3r63b5w/\346\261\202\350\247\243\345\231\250>, "/usr/lib/locale/C.UTF-8/LC_NAME", O_RDONLY|O_CLOEXEC) = -1 ENOENT (No such file or directory)
1427398 openat(AT_FDCWD</tmp/kernel-audit2-v3r63b5w/\346\261\202\350\247\243\345\231\250>, "/usr/lib/locale/C.utf8/LC_NAME", O_RDONLY|O_CLOEXEC) = 3</usr/lib/locale/C.utf8/LC_NAME>
1427398 openat(AT_FDCWD</tmp/kernel-audit2-v3r63b5w/\346\261\202\350\247\243\345\231\250>, "/usr/lib/locale/C.UTF-8/LC_PAPER", O_RDONLY|O_CLOEXEC) = -1 ENOENT (No such file or directory)
1427398 openat(AT_FDCWD</tmp/kernel-audit2-v3r63b5w/\346\261\202\350\247\243\345\231\250>, "/usr/lib/locale/C.utf8/LC_PAPER", O_RDONLY|O_CLOEXEC) = 3</usr/lib/locale/C.utf8/LC_PAPER>
1427398 openat(AT_FDCWD</tmp/kernel-audit2-v3r63b5w/\346\261\202\350\247\243\345\231\250>, "/usr/lib/locale/C.UTF-8/LC_MESSAGES", O_RDONLY|O_CLOEXEC) = -1 ENOENT (No such file or directory)
1427398 openat(AT_FDCWD</tmp/kernel-audit2-v3r63b5w/\346\261\202\350\247\243\345\231\250>, "/usr/lib/locale/C.utf8/LC_MESSAGES", O_RDONLY|O_CLOEXEC) = 3</usr/lib/locale/C.utf8/LC_MESSAGES>
1427398 openat(AT_FDCWD</tmp/kernel-audit2-v3r63b5w/\346\261\202\350\247\243\345\231\250>, "/usr/lib/locale/C.utf8/LC_MESSAGES/SYS_LC_MESSAGES", O_RDONLY|O_CLOEXEC) = 3</usr/lib/locale/C.utf8/LC_MESSAGES/SYS_LC_MESSAGES>
1427398 openat(AT_FDCWD</tmp/kernel-audit2-v3r63b5w/\346\261\202\350\247\243\345\231\250>, "/usr/lib/locale/C.UTF-8/LC_MONETARY", O_RDONLY|O_CLOEXEC) = -1 ENOENT (No such file or directory)
1427398 openat(AT_FDCWD</tmp/kernel-audit2-v3r63b5w/\346\261\202\350\247\243\345\231\250>, "/usr/lib/locale/C.utf8/LC_MONETARY", O_RDONLY|O_CLOEXEC) = 3</usr/lib/locale/C.utf8/LC_MONETARY>
1427398 openat(AT_FDCWD</tmp/kernel-audit2-v3r63b5w/\346\261\202\350\247\243\345\231\250>, "/usr/lib/locale/C.UTF-8/LC_COLLATE", O_RDONLY|O_CLOEXEC) = -1 ENOENT (No such file or directory)
1427398 openat(AT_FDCWD</tmp/kernel-audit2-v3r63b5w/\346\261\202\350\247\243\345\231\250>, "/usr/lib/locale/C.utf8/LC_COLLATE", O_RDONLY|O_CLOEXEC) = 3</usr/lib/locale/C.utf8/LC_COLLATE>
1427398 openat(AT_FDCWD</tmp/kernel-audit2-v3r63b5w/\346\261\202\350\247\243\345\231\250>, "/usr/lib/locale/C.UTF-8/LC_TIME", O_RDONLY|O_CLOEXEC) = -1 ENOENT (No such file or directory)
1427398 openat(AT_FDCWD</tmp/kernel-audit2-v3r63b5w/\346\261\202\350\247\243\345\231\250>, "/usr/lib/locale/C.utf8/LC_TIME", O_RDONLY|O_CLOEXEC) = 3</usr/lib/locale/C.utf8/LC_TIME>
1427398 openat(AT_FDCWD</tmp/kernel-audit2-v3r63b5w/\346\261\202\350\247\243\345\231\250>, "/usr/lib/locale/C.UTF-8/LC_NUMERIC", O_RDONLY|O_CLOEXEC) = -1 ENOENT (No such file or directory)
1427398 openat(AT_FDCWD</tmp/kernel-audit2-v3r63b5w/\346\261\202\350\247\243\345\231\250>, "/usr/lib/locale/C.utf8/LC_NUMERIC", O_RDONLY|O_CLOEXEC) = 3</usr/lib/locale/C.utf8/LC_NUMERIC>
1427398 openat(AT_FDCWD</tmp/kernel-audit2-v3r63b5w/\346\261\202\350\247\243\345\231\250>, "/usr/lib/locale/C.UTF-8/LC_CTYPE", O_RDONLY|O_CLOEXEC) = -1 ENOENT (No such file or directory)
1427398 openat(AT_FDCWD</tmp/kernel-audit2-v3r63b5w/\346\261\202\350\247\243\345\231\250>, "/usr/lib/locale/C.utf8/LC_CTYPE", O_RDONLY|O_CLOEXEC) = 3</usr/lib/locale/C.utf8/LC_CTYPE>
1427398 openat(AT_FDCWD</tmp/kernel-audit2-v3r63b5w/\346\261\202\350\247\243\345\231\250>, "/tmp/kernel-audit2-v3r63b5w/\346\261\202\350\247\243\345\231\250/\346\225\260\346\215\256/\346\240\267\344\276\213/\347\224\237\344\272\247\345\276\252\347\216\257\347\216\257\345\270\246.json", O_RDONLY) = 3</tmp/kernel-audit2-v3r63b5w/\346\261\202\350\247\243\345\231\250/\346\225\260\346\215\256/\346\240\267\344\276\213/\347\224\237\344\272\247\345\276\252\347\216\257\347\216\257\345\270\246.json>
1427354 --- SIGCHLD {si_signo=SIGCHLD, si_code=CLD_EXITED, si_pid=1427398, si_uid=1000, si_status=0, si_utime=0, si_stime=0} ---
1427354 openat(AT_FDCWD</tmp/kernel-audit2-v3r63b5w/\346\261\202\350\247\243\345\231\250>, "/dev/null", O_RDONLY|O_CLOEXEC) = 3</dev/null<char 1:3>>
1427399 execve("/home/zhuran24/.codex/tmp/arg0/codex-arg0DuAZRy/sha256sum", ["sha256sum", "--", "/tmp/kernel-audit2-v3r63b5w/\346\261\202\350\247\243\345\231\250/\346\225\260\346\215\256/\346\240\267\344\276\213/\347\224\237\344\272\247\345\276\252\347\216\257\347\216\257\345\270\246.json"], 0x7ffde62c4578 /* 135 vars */) = -1 ENOENT (No such file or directory)
1427399 execve("/home/zhuran24/.cargo/bin/sha256sum", ["sha256sum", "--", "/tmp/kernel-audit2-v3r63b5w/\346\261\202\350\247\243\345\231\250/\346\225\260\346\215\256/\346\240\267\344\276\213/\347\224\237\344\272\247\345\276\252\347\216\257\347\216\257\345\270\246.json"], 0x7ffde62c4578 /* 135 vars */) = -1 ENOENT (No such file or directory)
1427399 execve("/home/zhuran24/.local/bin/sha256sum", ["sha256sum", "--", "/tmp/kernel-audit2-v3r63b5w/\346\261\202\350\247\243\345\231\250/\346\225\260\346\215\256/\346\240\267\344\276\213/\347\224\237\344\272\247\345\276\252\347\216\257\347\216\257\345\270\246.json"], 0x7ffde62c4578 /* 135 vars */) = -1 ENOENT (No such file or directory)
1427399 execve("/home/zhuran24/.opencode/bin/sha256sum", ["sha256sum", "--", "/tmp/kernel-audit2-v3r63b5w/\346\261\202\350\247\243\345\231\250/\346\225\260\346\215\256/\346\240\267\344\276\213/\347\224\237\344\272\247\345\276\252\347\216\257\347\216\257\345\270\246.json"], 0x7ffde62c4578 /* 135 vars */) = -1 ENOENT (No such file or directory)
1427399 execve("/usr/local/bin/sha256sum", ["sha256sum", "--", "/tmp/kernel-audit2-v3r63b5w/\346\261\202\350\247\243\345\231\250/\346\225\260\346\215\256/\346\240\267\344\276\213/\347\224\237\344\272\247\345\276\252\347\216\257\347\216\257\345\270\246.json"], 0x7ffde62c4578 /* 135 vars */) = -1 ENOENT (No such file or directory)
1427399 execve("/usr/bin/sha256sum", ["sha256sum", "--", "/tmp/kernel-audit2-v3r63b5w/\346\261\202\350\247\243\345\231\250/\346\225\260\346\215\256/\346\240\267\344\276\213/\347\224\237\344\272\247\345\276\252\347\216\257\347\216\257\345\270\246.json"], 0x7ffde62c4578 /* 135 vars */) = 0
1427399 openat(AT_FDCWD</tmp/kernel-audit2-v3r63b5w/\346\261\202\350\247\243\345\231\250>, "/etc/ld.so.cache", O_RDONLY|O_CLOEXEC) = 3</etc/ld.so.cache>
1427399 openat(AT_FDCWD</tmp/kernel-audit2-v3r63b5w/\346\261\202\350\247\243\345\231\250>, "/usr/lib/libcrypto.so.3", O_RDONLY|O_CLOEXEC) = 3</usr/lib/libcrypto.so.3>
1427399 openat(AT_FDCWD</tmp/kernel-audit2-v3r63b5w/\346\261\202\350\247\243\345\231\250>, "/usr/lib/libc.so.6", O_RDONLY|O_CLOEXEC) = 3</usr/lib/libc.so.6>
1427399 openat(AT_FDCWD</tmp/kernel-audit2-v3r63b5w/\346\261\202\350\247\243\345\231\250>, "/usr/lib/libz.so.1", O_RDONLY|O_CLOEXEC) = 3</usr/lib/libz.so.1.3.1.zlib-ng>
1427399 openat(AT_FDCWD</tmp/kernel-audit2-v3r63b5w/\346\261\202\350\247\243\345\231\250>, "/usr/lib/libbrotlienc.so.1", O_RDONLY|O_CLOEXEC) = 3</usr/lib/libbrotlienc.so.1.2.0>
1427399 openat(AT_FDCWD</tmp/kernel-audit2-v3r63b5w/\346\261\202\350\247\243\345\231\250>, "/usr/lib/libbrotlidec.so.1", O_RDONLY|O_CLOEXEC) = 3</usr/lib/libbrotlidec.so.1.2.0>
1427399 openat(AT_FDCWD</tmp/kernel-audit2-v3r63b5w/\346\261\202\350\247\243\345\231\250>, "/usr/lib/libzstd.so.1", O_RDONLY|O_CLOEXEC) = 3</usr/lib/libzstd.so.1.5.7>
1427399 openat(AT_FDCWD</tmp/kernel-audit2-v3r63b5w/\346\261\202\350\247\243\345\231\250>, "/usr/lib/libm.so.6", O_RDONLY|O_CLOEXEC) = 3</usr/lib/libm.so.6>
1427399 openat(AT_FDCWD</tmp/kernel-audit2-v3r63b5w/\346\261\202\350\247\243\345\231\250>, "/usr/lib/libbrotlicommon.so.1", O_RDONLY|O_CLOEXEC) = 3</usr/lib/libbrotlicommon.so.1.2.0>
1427399 openat(AT_FDCWD</tmp/kernel-audit2-v3r63b5w/\346\261\202\350\247\243\345\231\250>, "/usr/lib/locale/locale-archive", O_RDONLY|O_CLOEXEC) = 3</usr/lib/locale/locale-archive>
1427399 openat(AT_FDCWD</tmp/kernel-audit2-v3r63b5w/\346\261\202\350\247\243\345\231\250>, "/usr/share/locale/locale.alias", O_RDONLY|O_CLOEXEC) = 3</usr/share/locale/locale.alias>
1427399 openat(AT_FDCWD</tmp/kernel-audit2-v3r63b5w/\346\261\202\350\247\243\345\231\250>, "/usr/lib/locale/C.UTF-8/LC_IDENTIFICATION", O_RDONLY|O_CLOEXEC) = -1 ENOENT (No such file or directory)
1427399 openat(AT_FDCWD</tmp/kernel-audit2-v3r63b5w/\346\261\202\350\247\243\345\231\250>, "/usr/lib/locale/C.utf8/LC_IDENTIFICATION", O_RDONLY|O_CLOEXEC) = 3</usr/lib/locale/C.utf8/LC_IDENTIFICATION>
1427399 openat(AT_FDCWD</tmp/kernel-audit2-v3r63b5w/\346\261\202\350\247\243\345\231\250>, "/usr/lib/gconv/gconv-modules.cache", O_RDONLY|O_CLOEXEC) = 3</usr/lib/gconv/gconv-modules.cache>
1427399 openat(AT_FDCWD</tmp/kernel-audit2-v3r63b5w/\346\261\202\350\247\243\345\231\250>, "/usr/lib/locale/C.UTF-8/LC_MEASUREMENT", O_RDONLY|O_CLOEXEC) = -1 ENOENT (No such file or directory)
1427399 openat(AT_FDCWD</tmp/kernel-audit2-v3r63b5w/\346\261\202\350\247\243\345\231\250>, "/usr/lib/locale/C.utf8/LC_MEASUREMENT", O_RDONLY|O_CLOEXEC) = 3</usr/lib/locale/C.utf8/LC_MEASUREMENT>
1427399 openat(AT_FDCWD</tmp/kernel-audit2-v3r63b5w/\346\261\202\350\247\243\345\231\250>, "/usr/lib/locale/C.UTF-8/LC_TELEPHONE", O_RDONLY|O_CLOEXEC) = -1 ENOENT (No such file or directory)
1427399 openat(AT_FDCWD</tmp/kernel-audit2-v3r63b5w/\346\261\202\350\247\243\345\231\250>, "/usr/lib/locale/C.utf8/LC_TELEPHONE", O_RDONLY|O_CLOEXEC) = 3</usr/lib/locale/C.utf8/LC_TELEPHONE>
1427399 openat(AT_FDCWD</tmp/kernel-audit2-v3r63b5w/\346\261\202\350\247\243\345\231\250>, "/usr/lib/locale/C.UTF-8/LC_ADDRESS", O_RDONLY|O_CLOEXEC) = -1 ENOENT (No such file or directory)
1427399 openat(AT_FDCWD</tmp/kernel-audit2-v3r63b5w/\346\261\202\350\247\243\345\231\250>, "/usr/lib/locale/C.utf8/LC_ADDRESS", O_RDONLY|O_CLOEXEC) = 3</usr/lib/locale/C.utf8/LC_ADDRESS>
1427399 openat(AT_FDCWD</tmp/kernel-audit2-v3r63b5w/\346\261\202\350\247\243\345\231\250>, "/usr/lib/locale/C.UTF-8/LC_NAME", O_RDONLY|O_CLOEXEC) = -1 ENOENT (No such file or directory)
1427399 openat(AT_FDCWD</tmp/kernel-audit2-v3r63b5w/\346\261\202\350\247\243\345\231\250>, "/usr/lib/locale/C.utf8/LC_NAME", O_RDONLY|O_CLOEXEC) = 3</usr/lib/locale/C.utf8/LC_NAME>
1427399 openat(AT_FDCWD</tmp/kernel-audit2-v3r63b5w/\346\261\202\350\247\243\345\231\250>, "/usr/lib/locale/C.UTF-8/LC_PAPER", O_RDONLY|O_CLOEXEC) = -1 ENOENT (No such file or directory)
1427399 openat(AT_FDCWD</tmp/kernel-audit2-v3r63b5w/\346\261\202\350\247\243\345\231\250>, "/usr/lib/locale/C.utf8/LC_PAPER", O_RDONLY|O_CLOEXEC) = 3</usr/lib/locale/C.utf8/LC_PAPER>
1427399 openat(AT_FDCWD</tmp/kernel-audit2-v3r63b5w/\346\261\202\350\247\243\345\231\250>, "/usr/lib/locale/C.UTF-8/LC_MESSAGES", O_RDONLY|O_CLOEXEC) = -1 ENOENT (No such file or directory)
1427399 openat(AT_FDCWD</tmp/kernel-audit2-v3r63b5w/\346\261\202\350\247\243\345\231\250>, "/usr/lib/locale/C.utf8/LC_MESSAGES", O_RDONLY|O_CLOEXEC) = 3</usr/lib/locale/C.utf8/LC_MESSAGES>
1427399 openat(AT_FDCWD</tmp/kernel-audit2-v3r63b5w/\346\261\202\350\247\243\345\231\250>, "/usr/lib/locale/C.utf8/LC_MESSAGES/SYS_LC_MESSAGES", O_RDONLY|O_CLOEXEC) = 3</usr/lib/locale/C.utf8/LC_MESSAGES/SYS_LC_MESSAGES>
1427399 openat(AT_FDCWD</tmp/kernel-audit2-v3r63b5w/\346\261\202\350\247\243\345\231\250>, "/usr/lib/locale/C.UTF-8/LC_MONETARY", O_RDONLY|O_CLOEXEC) = -1 ENOENT (No such file or directory)
1427399 openat(AT_FDCWD</tmp/kernel-audit2-v3r63b5w/\346\261\202\350\247\243\345\231\250>, "/usr/lib/locale/C.utf8/LC_MONETARY", O_RDONLY|O_CLOEXEC) = 3</usr/lib/locale/C.utf8/LC_MONETARY>
1427399 openat(AT_FDCWD</tmp/kernel-audit2-v3r63b5w/\346\261\202\350\247\243\345\231\250>, "/usr/lib/locale/C.UTF-8/LC_COLLATE", O_RDONLY|O_CLOEXEC) = -1 ENOENT (No such file or directory)
1427399 openat(AT_FDCWD</tmp/kernel-audit2-v3r63b5w/\346\261\202\350\247\243\345\231\250>, "/usr/lib/locale/C.utf8/LC_COLLATE", O_RDONLY|O_CLOEXEC) = 3</usr/lib/locale/C.utf8/LC_COLLATE>
1427399 openat(AT_FDCWD</tmp/kernel-audit2-v3r63b5w/\346\261\202\350\247\243\345\231\250>, "/usr/lib/locale/C.UTF-8/LC_TIME", O_RDONLY|O_CLOEXEC) = -1 ENOENT (No such file or directory)
1427399 openat(AT_FDCWD</tmp/kernel-audit2-v3r63b5w/\346\261\202\350\247\243\345\231\250>, "/usr/lib/locale/C.utf8/LC_TIME", O_RDONLY|O_CLOEXEC) = 3</usr/lib/locale/C.utf8/LC_TIME>
1427399 openat(AT_FDCWD</tmp/kernel-audit2-v3r63b5w/\346\261\202\350\247\243\345\231\250>, "/usr/lib/locale/C.UTF-8/LC_NUMERIC", O_RDONLY|O_CLOEXEC) = -1 ENOENT (No such file or directory)
1427399 openat(AT_FDCWD</tmp/kernel-audit2-v3r63b5w/\346\261\202\350\247\243\345\231\250>, "/usr/lib/locale/C.utf8/LC_NUMERIC", O_RDONLY|O_CLOEXEC) = 3</usr/lib/locale/C.utf8/LC_NUMERIC>
1427399 openat(AT_FDCWD</tmp/kernel-audit2-v3r63b5w/\346\261\202\350\247\243\345\231\250>, "/usr/lib/locale/C.UTF-8/LC_CTYPE", O_RDONLY|O_CLOEXEC) = -1 ENOENT (No such file or directory)
1427399 openat(AT_FDCWD</tmp/kernel-audit2-v3r63b5w/\346\261\202\350\247\243\345\231\250>, "/usr/lib/locale/C.utf8/LC_CTYPE", O_RDONLY|O_CLOEXEC) = 3</usr/lib/locale/C.utf8/LC_CTYPE>
1427399 openat(AT_FDCWD</tmp/kernel-audit2-v3r63b5w/\346\261\202\350\247\243\345\231\250>, "/tmp/kernel-audit2-v3r63b5w/\346\261\202\350\247\243\345\231\250/\346\225\260\346\215\256/\346\240\267\344\276\213/\347\224\237\344\272\247\345\276\252\347\216\257\347\216\257\345\270\246.json", O_RDONLY) = 3</tmp/kernel-audit2-v3r63b5w/\346\261\202\350\247\243\345\231\250/\346\225\260\346\215\256/\346\240\267\344\276\213/\347\224\237\344\272\247\345\276\252\347\216\257\347\216\257\345\270\246.json>
1427354 --- SIGCHLD {si_signo=SIGCHLD, si_code=CLD_EXITED, si_pid=1427399, si_uid=1000, si_status=0, si_utime=0, si_stime=0} ---
1427354 openat(AT_FDCWD</tmp/kernel-audit2-v3r63b5w/\346\261\202\350\247\243\345\231\250>, "/dev/null", O_RDONLY|O_CLOEXEC) = 3</dev/null<char 1:3>>
1427400 execve("/home/zhuran24/.codex/tmp/arg0/codex-arg0DuAZRy/sha256sum", ["sha256sum", "--", "/tmp/kernel-audit2-v3r63b5w/\346\261\202\350\247\243\345\231\250/\350\247\204\346\240\274/\345\206\205\346\240\270\351\205\215\347\275\256-v1.json"], 0x7ffde62c4578 /* 135 vars */) = -1 ENOENT (No such file or directory)
1427400 execve("/home/zhuran24/.cargo/bin/sha256sum", ["sha256sum", "--", "/tmp/kernel-audit2-v3r63b5w/\346\261\202\350\247\243\345\231\250/\350\247\204\346\240\274/\345\206\205\346\240\270\351\205\215\347\275\256-v1.json"], 0x7ffde62c4578 /* 135 vars */) = -1 ENOENT (No such file or directory)
1427400 execve("/home/zhuran24/.local/bin/sha256sum", ["sha256sum", "--", "/tmp/kernel-audit2-v3r63b5w/\346\261\202\350\247\243\345\231\250/\350\247\204\346\240\274/\345\206\205\346\240\270\351\205\215\347\275\256-v1.json"], 0x7ffde62c4578 /* 135 vars */) = -1 ENOENT (No such file or directory)
1427400 execve("/home/zhuran24/.opencode/bin/sha256sum", ["sha256sum", "--", "/tmp/kernel-audit2-v3r63b5w/\346\261\202\350\247\243\345\231\250/\350\247\204\346\240\274/\345\206\205\346\240\270\351\205\215\347\275\256-v1.json"], 0x7ffde62c4578 /* 135 vars */) = -1 ENOENT (No such file or directory)
1427400 execve("/usr/local/bin/sha256sum", ["sha256sum", "--", "/tmp/kernel-audit2-v3r63b5w/\346\261\202\350\247\243\345\231\250/\350\247\204\346\240\274/\345\206\205\346\240\270\351\205\215\347\275\256-v1.json"], 0x7ffde62c4578 /* 135 vars */) = -1 ENOENT (No such file or directory)
1427400 execve("/usr/bin/sha256sum", ["sha256sum", "--", "/tmp/kernel-audit2-v3r63b5w/\346\261\202\350\247\243\345\231\250/\350\247\204\346\240\274/\345\206\205\346\240\270\351\205\215\347\275\256-v1.json"], 0x7ffde62c4578 /* 135 vars */) = 0
1427400 openat(AT_FDCWD</tmp/kernel-audit2-v3r63b5w/\346\261\202\350\247\243\345\231\250>, "/etc/ld.so.cache", O_RDONLY|O_CLOEXEC) = 3</etc/ld.so.cache>
1427400 openat(AT_FDCWD</tmp/kernel-audit2-v3r63b5w/\346\261\202\350\247\243\345\231\250>, "/usr/lib/libcrypto.so.3", O_RDONLY|O_CLOEXEC) = 3</usr/lib/libcrypto.so.3>
1427400 openat(AT_FDCWD</tmp/kernel-audit2-v3r63b5w/\346\261\202\350\247\243\345\231\250>, "/usr/lib/libc.so.6", O_RDONLY|O_CLOEXEC) = 3</usr/lib/libc.so.6>
1427400 openat(AT_FDCWD</tmp/kernel-audit2-v3r63b5w/\346\261\202\350\247\243\345\231\250>, "/usr/lib/libz.so.1", O_RDONLY|O_CLOEXEC) = 3</usr/lib/libz.so.1.3.1.zlib-ng>
1427400 openat(AT_FDCWD</tmp/kernel-audit2-v3r63b5w/\346\261\202\350\247\243\345\231\250>, "/usr/lib/libbrotlienc.so.1", O_RDONLY|O_CLOEXEC) = 3</usr/lib/libbrotlienc.so.1.2.0>
1427400 openat(AT_FDCWD</tmp/kernel-audit2-v3r63b5w/\346\261\202\350\247\243\345\231\250>, "/usr/lib/libbrotlidec.so.1", O_RDONLY|O_CLOEXEC) = 3</usr/lib/libbrotlidec.so.1.2.0>
1427400 openat(AT_FDCWD</tmp/kernel-audit2-v3r63b5w/\346\261\202\350\247\243\345\231\250>, "/usr/lib/libzstd.so.1", O_RDONLY|O_CLOEXEC) = 3</usr/lib/libzstd.so.1.5.7>
1427400 openat(AT_FDCWD</tmp/kernel-audit2-v3r63b5w/\346\261\202\350\247\243\345\231\250>, "/usr/lib/libm.so.6", O_RDONLY|O_CLOEXEC) = 3</usr/lib/libm.so.6>
1427400 openat(AT_FDCWD</tmp/kernel-audit2-v3r63b5w/\346\261\202\350\247\243\345\231\250>, "/usr/lib/libbrotlicommon.so.1", O_RDONLY|O_CLOEXEC) = 3</usr/lib/libbrotlicommon.so.1.2.0>
1427400 openat(AT_FDCWD</tmp/kernel-audit2-v3r63b5w/\346\261\202\350\247\243\345\231\250>, "/usr/lib/locale/locale-archive", O_RDONLY|O_CLOEXEC) = 3</usr/lib/locale/locale-archive>
1427400 openat(AT_FDCWD</tmp/kernel-audit2-v3r63b5w/\346\261\202\350\247\243\345\231\250>, "/usr/share/locale/locale.alias", O_RDONLY|O_CLOEXEC) = 3</usr/share/locale/locale.alias>
1427400 openat(AT_FDCWD</tmp/kernel-audit2-v3r63b5w/\346\261\202\350\247\243\345\231\250>, "/usr/lib/locale/C.UTF-8/LC_IDENTIFICATION", O_RDONLY|O_CLOEXEC) = -1 ENOENT (No such file or directory)
1427400 openat(AT_FDCWD</tmp/kernel-audit2-v3r63b5w/\346\261\202\350\247\243\345\231\250>, "/usr/lib/locale/C.utf8/LC_IDENTIFICATION", O_RDONLY|O_CLOEXEC) = 3</usr/lib/locale/C.utf8/LC_IDENTIFICATION>
1427400 openat(AT_FDCWD</tmp/kernel-audit2-v3r63b5w/\346\261\202\350\247\243\345\231\250>, "/usr/lib/gconv/gconv-modules.cache", O_RDONLY|O_CLOEXEC) = 3</usr/lib/gconv/gconv-modules.cache>
1427400 openat(AT_FDCWD</tmp/kernel-audit2-v3r63b5w/\346\261\202\350\247\243\345\231\250>, "/usr/lib/locale/C.UTF-8/LC_MEASUREMENT", O_RDONLY|O_CLOEXEC) = -1 ENOENT (No such file or directory)
1427400 openat(AT_FDCWD</tmp/kernel-audit2-v3r63b5w/\346\261\202\350\247\243\345\231\250>, "/usr/lib/locale/C.utf8/LC_MEASUREMENT", O_RDONLY|O_CLOEXEC) = 3</usr/lib/locale/C.utf8/LC_MEASUREMENT>
1427400 openat(AT_FDCWD</tmp/kernel-audit2-v3r63b5w/\346\261\202\350\247\243\345\231\250>, "/usr/lib/locale/C.UTF-8/LC_TELEPHONE", O_RDONLY|O_CLOEXEC) = -1 ENOENT (No such file or directory)
1427400 openat(AT_FDCWD</tmp/kernel-audit2-v3r63b5w/\346\261\202\350\247\243\345\231\250>, "/usr/lib/locale/C.utf8/LC_TELEPHONE", O_RDONLY|O_CLOEXEC) = 3</usr/lib/locale/C.utf8/LC_TELEPHONE>
1427400 openat(AT_FDCWD</tmp/kernel-audit2-v3r63b5w/\346\261\202\350\247\243\345\231\250>, "/usr/lib/locale/C.UTF-8/LC_ADDRESS", O_RDONLY|O_CLOEXEC) = -1 ENOENT (No such file or directory)
1427400 openat(AT_FDCWD</tmp/kernel-audit2-v3r63b5w/\346\261\202\350\247\243\345\231\250>, "/usr/lib/locale/C.utf8/LC_ADDRESS", O_RDONLY|O_CLOEXEC) = 3</usr/lib/locale/C.utf8/LC_ADDRESS>
1427400 openat(AT_FDCWD</tmp/kernel-audit2-v3r63b5w/\346\261\202\350\247\243\345\231\250>, "/usr/lib/locale/C.UTF-8/LC_NAME", O_RDONLY|O_CLOEXEC) = -1 ENOENT (No such file or directory)
1427400 openat(AT_FDCWD</tmp/kernel-audit2-v3r63b5w/\346\261\202\350\247\243\345\231\250>, "/usr/lib/locale/C.utf8/LC_NAME", O_RDONLY|O_CLOEXEC) = 3</usr/lib/locale/C.utf8/LC_NAME>
1427400 openat(AT_FDCWD</tmp/kernel-audit2-v3r63b5w/\346\261\202\350\247\243\345\231\250>, "/usr/lib/locale/C.UTF-8/LC_PAPER", O_RDONLY|O_CLOEXEC) = -1 ENOENT (No such file or directory)
1427400 openat(AT_FDCWD</tmp/kernel-audit2-v3r63b5w/\346\261\202\350\247\243\345\231\250>, "/usr/lib/locale/C.utf8/LC_PAPER", O_RDONLY|O_CLOEXEC) = 3</usr/lib/locale/C.utf8/LC_PAPER>
1427400 openat(AT_FDCWD</tmp/kernel-audit2-v3r63b5w/\346\261\202\350\247\243\345\231\250>, "/usr/lib/locale/C.UTF-8/LC_MESSAGES", O_RDONLY|O_CLOEXEC) = -1 ENOENT (No such file or directory)
1427400 openat(AT_FDCWD</tmp/kernel-audit2-v3r63b5w/\346\261\202\350\247\243\345\231\250>, "/usr/lib/locale/C.utf8/LC_MESSAGES", O_RDONLY|O_CLOEXEC) = 3</usr/lib/locale/C.utf8/LC_MESSAGES>
1427400 openat(AT_FDCWD</tmp/kernel-audit2-v3r63b5w/\346\261\202\350\247\243\345\231\250>, "/usr/lib/locale/C.utf8/LC_MESSAGES/SYS_LC_MESSAGES", O_RDONLY|O_CLOEXEC) = 3</usr/lib/locale/C.utf8/LC_MESSAGES/SYS_LC_MESSAGES>
1427400 openat(AT_FDCWD</tmp/kernel-audit2-v3r63b5w/\346\261\202\350\247\243\345\231\250>, "/usr/lib/locale/C.UTF-8/LC_MONETARY", O_RDONLY|O_CLOEXEC) = -1 ENOENT (No such file or directory)
1427400 openat(AT_FDCWD</tmp/kernel-audit2-v3r63b5w/\346\261\202\350\247\243\345\231\250>, "/usr/lib/locale/C.utf8/LC_MONETARY", O_RDONLY|O_CLOEXEC) = 3</usr/lib/locale/C.utf8/LC_MONETARY>
1427400 openat(AT_FDCWD</tmp/kernel-audit2-v3r63b5w/\346\261\202\350\247\243\345\231\250>, "/usr/lib/locale/C.UTF-8/LC_COLLATE", O_RDONLY|O_CLOEXEC) = -1 ENOENT (No such file or directory)
1427400 openat(AT_FDCWD</tmp/kernel-audit2-v3r63b5w/\346\261\202\350\247\243\345\231\250>, "/usr/lib/locale/C.utf8/LC_COLLATE", O_RDONLY|O_CLOEXEC) = 3</usr/lib/locale/C.utf8/LC_COLLATE>
1427400 openat(AT_FDCWD</tmp/kernel-audit2-v3r63b5w/\346\261\202\350\247\243\345\231\250>, "/usr/lib/locale/C.UTF-8/LC_TIME", O_RDONLY|O_CLOEXEC) = -1 ENOENT (No such file or directory)
1427400 openat(AT_FDCWD</tmp/kernel-audit2-v3r63b5w/\346\261\202\350\247\243\345\231\250>, "/usr/lib/locale/C.utf8/LC_TIME", O_RDONLY|O_CLOEXEC) = 3</usr/lib/locale/C.utf8/LC_TIME>
1427400 openat(AT_FDCWD</tmp/kernel-audit2-v3r63b5w/\346\261\202\350\247\243\345\231\250>, "/usr/lib/locale/C.UTF-8/LC_NUMERIC", O_RDONLY|O_CLOEXEC) = -1 ENOENT (No such file or directory)
1427400 openat(AT_FDCWD</tmp/kernel-audit2-v3r63b5w/\346\261\202\350\247\243\345\231\250>, "/usr/lib/locale/C.utf8/LC_NUMERIC", O_RDONLY|O_CLOEXEC) = 3</usr/lib/locale/C.utf8/LC_NUMERIC>
1427400 openat(AT_FDCWD</tmp/kernel-audit2-v3r63b5w/\346\261\202\350\247\243\345\231\250>, "/usr/lib/locale/C.UTF-8/LC_CTYPE", O_RDONLY|O_CLOEXEC) = -1 ENOENT (No such file or directory)
1427400 openat(AT_FDCWD</tmp/kernel-audit2-v3r63b5w/\346\261\202\350\247\243\345\231\250>, "/usr/lib/locale/C.utf8/LC_CTYPE", O_RDONLY|O_CLOEXEC) = 3</usr/lib/locale/C.utf8/LC_CTYPE>
1427400 openat(AT_FDCWD</tmp/kernel-audit2-v3r63b5w/\346\261\202\350\247\243\345\231\250>, "/tmp/kernel-audit2-v3r63b5w/\346\261\202\350\247\243\345\231\250/\350\247\204\346\240\274/\345\206\205\346\240\270\351\205\215\347\275\256-v1.json", O_RDONLY) = 3</tmp/kernel-audit2-v3r63b5w/\346\261\202\350\247\243\345\231\250/\350\247\204\346\240\274/\345\206\205\346\240\270\351\205\215\347\275\256-v1.json>
1427354 --- SIGCHLD {si_signo=SIGCHLD, si_code=CLD_EXITED, si_pid=1427400, si_uid=1000, si_status=0, si_utime=0, si_stime=0} ---
1427354 openat(AT_FDCWD</tmp/kernel-audit2-v3r63b5w/\346\261\202\350\247\243\345\231\250>, "/dev/null", O_RDONLY|O_CLOEXEC) = 3</dev/null<char 1:3>>
1427401 execve("/home/zhuran24/.codex/tmp/arg0/codex-arg0DuAZRy/sha256sum", ["sha256sum", "--", "/tmp/kernel-audit2-v3r63b5w/\346\261\202\350\247\243\345\231\250/\346\225\260\346\215\256/\346\255\243\345\274\217\351\235\231\346\200\201\347\233\256\345\275\225.json"], 0x7ffde62c4578 /* 135 vars */) = -1 ENOENT (No such file or directory)
1427401 execve("/home/zhuran24/.cargo/bin/sha256sum", ["sha256sum", "--", "/tmp/kernel-audit2-v3r63b5w/\346\261\202\350\247\243\345\231\250/\346\225\260\346\215\256/\346\255\243\345\274\217\351\235\231\346\200\201\347\233\256\345\275\225.json"], 0x7ffde62c4578 /* 135 vars */) = -1 ENOENT (No such file or directory)
1427401 execve("/home/zhuran24/.local/bin/sha256sum", ["sha256sum", "--", "/tmp/kernel-audit2-v3r63b5w/\346\261\202\350\247\243\345\231\250/\346\225\260\346\215\256/\346\255\243\345\274\217\351\235\231\346\200\201\347\233\256\345\275\225.json"], 0x7ffde62c4578 /* 135 vars */) = -1 ENOENT (No such file or directory)
1427401 execve("/home/zhuran24/.opencode/bin/sha256sum", ["sha256sum", "--", "/tmp/kernel-audit2-v3r63b5w/\346\261\202\350\247\243\345\231\250/\346\225\260\346\215\256/\346\255\243\345\274\217\351\235\231\346\200\201\347\233\256\345\275\225.json"], 0x7ffde62c4578 /* 135 vars */) = -1 ENOENT (No such file or directory)
1427401 execve("/usr/local/bin/sha256sum", ["sha256sum", "--", "/tmp/kernel-audit2-v3r63b5w/\346\261\202\350\247\243\345\231\250/\346\225\260\346\215\256/\346\255\243\345\274\217\351\235\231\346\200\201\347\233\256\345\275\225.json"], 0x7ffde62c4578 /* 135 vars */) = -1 ENOENT (No such file or directory)
1427401 execve("/usr/bin/sha256sum", ["sha256sum", "--", "/tmp/kernel-audit2-v3r63b5w/\346\261\202\350\247\243\345\231\250/\346\225\260\346\215\256/\346\255\243\345\274\217\351\235\231\346\200\201\347\233\256\345\275\225.json"], 0x7ffde62c4578 /* 135 vars */) = 0
1427401 openat(AT_FDCWD</tmp/kernel-audit2-v3r63b5w/\346\261\202\350\247\243\345\231\250>, "/etc/ld.so.cache", O_RDONLY|O_CLOEXEC) = 3</etc/ld.so.cache>
1427401 openat(AT_FDCWD</tmp/kernel-audit2-v3r63b5w/\346\261\202\350\247\243\345\231\250>, "/usr/lib/libcrypto.so.3", O_RDONLY|O_CLOEXEC) = 3</usr/lib/libcrypto.so.3>
1427401 openat(AT_FDCWD</tmp/kernel-audit2-v3r63b5w/\346\261\202\350\247\243\345\231\250>, "/usr/lib/libc.so.6", O_RDONLY|O_CLOEXEC) = 3</usr/lib/libc.so.6>
1427401 openat(AT_FDCWD</tmp/kernel-audit2-v3r63b5w/\346\261\202\350\247\243\345\231\250>, "/usr/lib/libz.so.1", O_RDONLY|O_CLOEXEC) = 3</usr/lib/libz.so.1.3.1.zlib-ng>
1427401 openat(AT_FDCWD</tmp/kernel-audit2-v3r63b5w/\346\261\202\350\247\243\345\231\250>, "/usr/lib/libbrotlienc.so.1", O_RDONLY|O_CLOEXEC) = 3</usr/lib/libbrotlienc.so.1.2.0>
1427401 openat(AT_FDCWD</tmp/kernel-audit2-v3r63b5w/\346\261\202\350\247\243\345\231\250>, "/usr/lib/libbrotlidec.so.1", O_RDONLY|O_CLOEXEC) = 3</usr/lib/libbrotlidec.so.1.2.0>
1427401 openat(AT_FDCWD</tmp/kernel-audit2-v3r63b5w/\346\261\202\350\247\243\345\231\250>, "/usr/lib/libzstd.so.1", O_RDONLY|O_CLOEXEC) = 3</usr/lib/libzstd.so.1.5.7>
1427401 openat(AT_FDCWD</tmp/kernel-audit2-v3r63b5w/\346\261\202\350\247\243\345\231\250>, "/usr/lib/libm.so.6", O_RDONLY|O_CLOEXEC) = 3</usr/lib/libm.so.6>
1427401 openat(AT_FDCWD</tmp/kernel-audit2-v3r63b5w/\346\261\202\350\247\243\345\231\250>, "/usr/lib/libbrotlicommon.so.1", O_RDONLY|O_CLOEXEC) = 3</usr/lib/libbrotlicommon.so.1.2.0>
1427401 openat(AT_FDCWD</tmp/kernel-audit2-v3r63b5w/\346\261\202\350\247\243\345\231\250>, "/usr/lib/locale/locale-archive", O_RDONLY|O_CLOEXEC) = 3</usr/lib/locale/locale-archive>
1427401 openat(AT_FDCWD</tmp/kernel-audit2-v3r63b5w/\346\261\202\350\247\243\345\231\250>, "/usr/share/locale/locale.alias", O_RDONLY|O_CLOEXEC) = 3</usr/share/locale/locale.alias>
1427401 openat(AT_FDCWD</tmp/kernel-audit2-v3r63b5w/\346\261\202\350\247\243\345\231\250>, "/usr/lib/locale/C.UTF-8/LC_IDENTIFICATION", O_RDONLY|O_CLOEXEC) = -1 ENOENT (No such file or directory)
1427401 openat(AT_FDCWD</tmp/kernel-audit2-v3r63b5w/\346\261\202\350\247\243\345\231\250>, "/usr/lib/locale/C.utf8/LC_IDENTIFICATION", O_RDONLY|O_CLOEXEC) = 3</usr/lib/locale/C.utf8/LC_IDENTIFICATION>
1427401 openat(AT_FDCWD</tmp/kernel-audit2-v3r63b5w/\346\261\202\350\247\243\345\231\250>, "/usr/lib/gconv/gconv-modules.cache", O_RDONLY|O_CLOEXEC) = 3</usr/lib/gconv/gconv-modules.cache>
1427401 openat(AT_FDCWD</tmp/kernel-audit2-v3r63b5w/\346\261\202\350\247\243\345\231\250>, "/usr/lib/locale/C.UTF-8/LC_MEASUREMENT", O_RDONLY|O_CLOEXEC) = -1 ENOENT (No such file or directory)
1427401 openat(AT_FDCWD</tmp/kernel-audit2-v3r63b5w/\346\261\202\350\247\243\345\231\250>, "/usr/lib/locale/C.utf8/LC_MEASUREMENT", O_RDONLY|O_CLOEXEC) = 3</usr/lib/locale/C.utf8/LC_MEASUREMENT>
1427401 openat(AT_FDCWD</tmp/kernel-audit2-v3r63b5w/\346\261\202\350\247\243\345\231\250>, "/usr/lib/locale/C.UTF-8/LC_TELEPHONE", O_RDONLY|O_CLOEXEC) = -1 ENOENT (No such file or directory)
1427401 openat(AT_FDCWD</tmp/kernel-audit2-v3r63b5w/\346\261\202\350\247\243\345\231\250>, "/usr/lib/locale/C.utf8/LC_TELEPHONE", O_RDONLY|O_CLOEXEC) = 3</usr/lib/locale/C.utf8/LC_TELEPHONE>
1427401 openat(AT_FDCWD</tmp/kernel-audit2-v3r63b5w/\346\261\202\350\247\243\345\231\250>, "/usr/lib/locale/C.UTF-8/LC_ADDRESS", O_RDONLY|O_CLOEXEC) = -1 ENOENT (No such file or directory)
1427401 openat(AT_FDCWD</tmp/kernel-audit2-v3r63b5w/\346\261\202\350\247\243\345\231\250>, "/usr/lib/locale/C.utf8/LC_ADDRESS", O_RDONLY|O_CLOEXEC) = 3</usr/lib/locale/C.utf8/LC_ADDRESS>
1427401 openat(AT_FDCWD</tmp/kernel-audit2-v3r63b5w/\346\261\202\350\247\243\345\231\250>, "/usr/lib/locale/C.UTF-8/LC_NAME", O_RDONLY|O_CLOEXEC) = -1 ENOENT (No such file or directory)
1427401 openat(AT_FDCWD</tmp/kernel-audit2-v3r63b5w/\346\261\202\350\247\243\345\231\250>, "/usr/lib/locale/C.utf8/LC_NAME", O_RDONLY|O_CLOEXEC) = 3</usr/lib/locale/C.utf8/LC_NAME>
1427401 openat(AT_FDCWD</tmp/kernel-audit2-v3r63b5w/\346\261\202\350\247\243\345\231\250>, "/usr/lib/locale/C.UTF-8/LC_PAPER", O_RDONLY|O_CLOEXEC) = -1 ENOENT (No such file or directory)
1427401 openat(AT_FDCWD</tmp/kernel-audit2-v3r63b5w/\346\261\202\350\247\243\345\231\250>, "/usr/lib/locale/C.utf8/LC_PAPER", O_RDONLY|O_CLOEXEC) = 3</usr/lib/locale/C.utf8/LC_PAPER>
1427401 openat(AT_FDCWD</tmp/kernel-audit2-v3r63b5w/\346\261\202\350\247\243\345\231\250>, "/usr/lib/locale/C.UTF-8/LC_MESSAGES", O_RDONLY|O_CLOEXEC) = -1 ENOENT (No such file or directory)
1427401 openat(AT_FDCWD</tmp/kernel-audit2-v3r63b5w/\346\261\202\350\247\243\345\231\250>, "/usr/lib/locale/C.utf8/LC_MESSAGES", O_RDONLY|O_CLOEXEC) = 3</usr/lib/locale/C.utf8/LC_MESSAGES>
1427401 openat(AT_FDCWD</tmp/kernel-audit2-v3r63b5w/\346\261\202\350\247\243\345\231\250>, "/usr/lib/locale/C.utf8/LC_MESSAGES/SYS_LC_MESSAGES", O_RDONLY|O_CLOEXEC) = 3</usr/lib/locale/C.utf8/LC_MESSAGES/SYS_LC_MESSAGES>
1427401 openat(AT_FDCWD</tmp/kernel-audit2-v3r63b5w/\346\261\202\350\247\243\345\231\250>, "/usr/lib/locale/C.UTF-8/LC_MONETARY", O_RDONLY|O_CLOEXEC) = -1 ENOENT (No such file or directory)
1427401 openat(AT_FDCWD</tmp/kernel-audit2-v3r63b5w/\346\261\202\350\247\243\345\231\250>, "/usr/lib/locale/C.utf8/LC_MONETARY", O_RDONLY|O_CLOEXEC) = 3</usr/lib/locale/C.utf8/LC_MONETARY>
1427401 openat(AT_FDCWD</tmp/kernel-audit2-v3r63b5w/\346\261\202\350\247\243\345\231\250>, "/usr/lib/locale/C.UTF-8/LC_COLLATE", O_RDONLY|O_CLOEXEC) = -1 ENOENT (No such file or directory)
1427401 openat(AT_FDCWD</tmp/kernel-audit2-v3r63b5w/\346\261\202\350\247\243\345\231\250>, "/usr/lib/locale/C.utf8/LC_COLLATE", O_RDONLY|O_CLOEXEC) = 3</usr/lib/locale/C.utf8/LC_COLLATE>
1427401 openat(AT_FDCWD</tmp/kernel-audit2-v3r63b5w/\346\261\202\350\247\243\345\231\250>, "/usr/lib/locale/C.UTF-8/LC_TIME", O_RDONLY|O_CLOEXEC) = -1 ENOENT (No such file or directory)
1427401 openat(AT_FDCWD</tmp/kernel-audit2-v3r63b5w/\346\261\202\350\247\243\345\231\250>, "/usr/lib/locale/C.utf8/LC_TIME", O_RDONLY|O_CLOEXEC) = 3</usr/lib/locale/C.utf8/LC_TIME>
1427401 openat(AT_FDCWD</tmp/kernel-audit2-v3r63b5w/\346\261\202\350\247\243\345\231\250>, "/usr/lib/locale/C.UTF-8/LC_NUMERIC", O_RDONLY|O_CLOEXEC) = -1 ENOENT (No such file or directory)
1427401 openat(AT_FDCWD</tmp/kernel-audit2-v3r63b5w/\346\261\202\350\247\243\345\231\250>, "/usr/lib/locale/C.utf8/LC_NUMERIC", O_RDONLY|O_CLOEXEC) = 3</usr/lib/locale/C.utf8/LC_NUMERIC>
1427401 openat(AT_FDCWD</tmp/kernel-audit2-v3r63b5w/\346\261\202\350\247\243\345\231\250>, "/usr/lib/locale/C.UTF-8/LC_CTYPE", O_RDONLY|O_CLOEXEC) = -1 ENOENT (No such file or directory)
1427401 openat(AT_FDCWD</tmp/kernel-audit2-v3r63b5w/\346\261\202\350\247\243\345\231\250>, "/usr/lib/locale/C.utf8/LC_CTYPE", O_RDONLY|O_CLOEXEC) = 3</usr/lib/locale/C.utf8/LC_CTYPE>
1427401 openat(AT_FDCWD</tmp/kernel-audit2-v3r63b5w/\346\261\202\350\247\243\345\231\250>, "/tmp/kernel-audit2-v3r63b5w/\346\261\202\350\247\243\345\231\250/\346\225\260\346\215\256/\346\255\243\345\274\217\351\235\231\346\200\201\347\233\256\345\275\225.json", O_RDONLY) = 3</tmp/kernel-audit2-v3r63b5w/\346\261\202\350\247\243\345\231\250/\346\225\260\346\215\256/\346\255\243\345\274\217\351\235\231\346\200\201\347\233\256\345\275\225.json>
1427354 --- SIGCHLD {si_signo=SIGCHLD, si_code=CLD_EXITED, si_pid=1427401, si_uid=1000, si_status=0, si_utime=0, si_stime=0} ---
1427354 openat(AT_FDCWD</tmp/kernel-audit2-v3r63b5w/\346\261\202\350\247\243\345\231\250>, "/dev/null", O_RDONLY|O_CLOEXEC) = 3</dev/null<char 1:3>>
1427402 execve("/home/zhuran24/.codex/tmp/arg0/codex-arg0DuAZRy/sha256sum", ["sha256sum", "--", "/tmp/kernel-audit2-v3r63b5w/\343\200\212\346\230\216\346\227\245\346\226\271\350\210\237\357\274\232\347\273\210\346\234\253\345\234\260\343\200\213\346\270\270\346\210\217\350\247\204\345\210\231.txt"], 0x7ffde62c4578 /* 135 vars */) = -1 ENOENT (No such file or directory)
1427402 execve("/home/zhuran24/.cargo/bin/sha256sum", ["sha256sum", "--", "/tmp/kernel-audit2-v3r63b5w/\343\200\212\346\230\216\346\227\245\346\226\271\350\210\237\357\274\232\347\273\210\346\234\253\345\234\260\343\200\213\346\270\270\346\210\217\350\247\204\345\210\231.txt"], 0x7ffde62c4578 /* 135 vars */) = -1 ENOENT (No such file or directory)
1427402 execve("/home/zhuran24/.local/bin/sha256sum", ["sha256sum", "--", "/tmp/kernel-audit2-v3r63b5w/\343\200\212\346\230\216\346\227\245\346\226\271\350\210\237\357\274\232\347\273\210\346\234\253\345\234\260\343\200\213\346\270\270\346\210\217\350\247\204\345\210\231.txt"], 0x7ffde62c4578 /* 135 vars */) = -1 ENOENT (No such file or directory)
1427402 execve("/home/zhuran24/.opencode/bin/sha256sum", ["sha256sum", "--", "/tmp/kernel-audit2-v3r63b5w/\343\200\212\346\230\216\346\227\245\346\226\271\350\210\237\357\274\232\347\273\210\346\234\253\345\234\260\343\200\213\346\270\270\346\210\217\350\247\204\345\210\231.txt"], 0x7ffde62c4578 /* 135 vars */) = -1 ENOENT (No such file or directory)
1427402 execve("/usr/local/bin/sha256sum", ["sha256sum", "--", "/tmp/kernel-audit2-v3r63b5w/\343\200\212\346\230\216\346\227\245\346\226\271\350\210\237\357\274\232\347\273\210\346\234\253\345\234\260\343\200\213\346\270\270\346\210\217\350\247\204\345\210\231.txt"], 0x7ffde62c4578 /* 135 vars */) = -1 ENOENT (No such file or directory)
1427402 execve("/usr/bin/sha256sum", ["sha256sum", "--", "/tmp/kernel-audit2-v3r63b5w/\343\200\212\346\230\216\346\227\245\346\226\271\350\210\237\357\274\232\347\273\210\346\234\253\345\234\260\343\200\213\346\270\270\346\210\217\350\247\204\345\210\231.txt"], 0x7ffde62c4578 /* 135 vars */) = 0
1427402 openat(AT_FDCWD</tmp/kernel-audit2-v3r63b5w/\346\261\202\350\247\243\345\231\250>, "/etc/ld.so.cache", O_RDONLY|O_CLOEXEC) = 3</etc/ld.so.cache>
1427402 openat(AT_FDCWD</tmp/kernel-audit2-v3r63b5w/\346\261\202\350\247\243\345\231\250>, "/usr/lib/libcrypto.so.3", O_RDONLY|O_CLOEXEC) = 3</usr/lib/libcrypto.so.3>
1427402 openat(AT_FDCWD</tmp/kernel-audit2-v3r63b5w/\346\261\202\350\247\243\345\231\250>, "/usr/lib/libc.so.6", O_RDONLY|O_CLOEXEC) = 3</usr/lib/libc.so.6>
1427402 openat(AT_FDCWD</tmp/kernel-audit2-v3r63b5w/\346\261\202\350\247\243\345\231\250>, "/usr/lib/libz.so.1", O_RDONLY|O_CLOEXEC) = 3</usr/lib/libz.so.1.3.1.zlib-ng>
1427402 openat(AT_FDCWD</tmp/kernel-audit2-v3r63b5w/\346\261\202\350\247\243\345\231\250>, "/usr/lib/libbrotlienc.so.1", O_RDONLY|O_CLOEXEC) = 3</usr/lib/libbrotlienc.so.1.2.0>
1427402 openat(AT_FDCWD</tmp/kernel-audit2-v3r63b5w/\346\261\202\350\247\243\345\231\250>, "/usr/lib/libbrotlidec.so.1", O_RDONLY|O_CLOEXEC) = 3</usr/lib/libbrotlidec.so.1.2.0>
1427402 openat(AT_FDCWD</tmp/kernel-audit2-v3r63b5w/\346\261\202\350\247\243\345\231\250>, "/usr/lib/libzstd.so.1", O_RDONLY|O_CLOEXEC) = 3</usr/lib/libzstd.so.1.5.7>
1427402 openat(AT_FDCWD</tmp/kernel-audit2-v3r63b5w/\346\261\202\350\247\243\345\231\250>, "/usr/lib/libm.so.6", O_RDONLY|O_CLOEXEC) = 3</usr/lib/libm.so.6>
1427402 openat(AT_FDCWD</tmp/kernel-audit2-v3r63b5w/\346\261\202\350\247\243\345\231\250>, "/usr/lib/libbrotlicommon.so.1", O_RDONLY|O_CLOEXEC) = 3</usr/lib/libbrotlicommon.so.1.2.0>
1427402 openat(AT_FDCWD</tmp/kernel-audit2-v3r63b5w/\346\261\202\350\247\243\345\231\250>, "/usr/lib/locale/locale-archive", O_RDONLY|O_CLOEXEC) = 3</usr/lib/locale/locale-archive>
1427402 openat(AT_FDCWD</tmp/kernel-audit2-v3r63b5w/\346\261\202\350\247\243\345\231\250>, "/usr/share/locale/locale.alias", O_RDONLY|O_CLOEXEC) = 3</usr/share/locale/locale.alias>
1427402 openat(AT_FDCWD</tmp/kernel-audit2-v3r63b5w/\346\261\202\350\247\243\345\231\250>, "/usr/lib/locale/C.UTF-8/LC_IDENTIFICATION", O_RDONLY|O_CLOEXEC) = -1 ENOENT (No such file or directory)
1427402 openat(AT_FDCWD</tmp/kernel-audit2-v3r63b5w/\346\261\202\350\247\243\345\231\250>, "/usr/lib/locale/C.utf8/LC_IDENTIFICATION", O_RDONLY|O_CLOEXEC) = 3</usr/lib/locale/C.utf8/LC_IDENTIFICATION>
1427402 openat(AT_FDCWD</tmp/kernel-audit2-v3r63b5w/\346\261\202\350\247\243\345\231\250>, "/usr/lib/gconv/gconv-modules.cache", O_RDONLY|O_CLOEXEC) = 3</usr/lib/gconv/gconv-modules.cache>
1427402 openat(AT_FDCWD</tmp/kernel-audit2-v3r63b5w/\346\261\202\350\247\243\345\231\250>, "/usr/lib/locale/C.UTF-8/LC_MEASUREMENT", O_RDONLY|O_CLOEXEC) = -1 ENOENT (No such file or directory)
1427402 openat(AT_FDCWD</tmp/kernel-audit2-v3r63b5w/\346\261\202\350\247\243\345\231\250>, "/usr/lib/locale/C.utf8/LC_MEASUREMENT", O_RDONLY|O_CLOEXEC) = 3</usr/lib/locale/C.utf8/LC_MEASUREMENT>
1427402 openat(AT_FDCWD</tmp/kernel-audit2-v3r63b5w/\346\261\202\350\247\243\345\231\250>, "/usr/lib/locale/C.UTF-8/LC_TELEPHONE", O_RDONLY|O_CLOEXEC) = -1 ENOENT (No such file or directory)
1427402 openat(AT_FDCWD</tmp/kernel-audit2-v3r63b5w/\346\261\202\350\247\243\345\231\250>, "/usr/lib/locale/C.utf8/LC_TELEPHONE", O_RDONLY|O_CLOEXEC) = 3</usr/lib/locale/C.utf8/LC_TELEPHONE>
1427402 openat(AT_FDCWD</tmp/kernel-audit2-v3r63b5w/\346\261\202\350\247\243\345\231\250>, "/usr/lib/locale/C.UTF-8/LC_ADDRESS", O_RDONLY|O_CLOEXEC) = -1 ENOENT (No such file or directory)
1427402 openat(AT_FDCWD</tmp/kernel-audit2-v3r63b5w/\346\261\202\350\247\243\345\231\250>, "/usr/lib/locale/C.utf8/LC_ADDRESS", O_RDONLY|O_CLOEXEC) = 3</usr/lib/locale/C.utf8/LC_ADDRESS>
1427402 openat(AT_FDCWD</tmp/kernel-audit2-v3r63b5w/\346\261\202\350\247\243\345\231\250>, "/usr/lib/locale/C.UTF-8/LC_NAME", O_RDONLY|O_CLOEXEC) = -1 ENOENT (No such file or directory)
1427402 openat(AT_FDCWD</tmp/kernel-audit2-v3r63b5w/\346\261\202\350\247\243\345\231\250>, "/usr/lib/locale/C.utf8/LC_NAME", O_RDONLY|O_CLOEXEC) = 3</usr/lib/locale/C.utf8/LC_NAME>
1427402 openat(AT_FDCWD</tmp/kernel-audit2-v3r63b5w/\346\261\202\350\247\243\345\231\250>, "/usr/lib/locale/C.UTF-8/LC_PAPER", O_RDONLY|O_CLOEXEC) = -1 ENOENT (No such file or directory)
1427402 openat(AT_FDCWD</tmp/kernel-audit2-v3r63b5w/\346\261\202\350\247\243\345\231\250>, "/usr/lib/locale/C.utf8/LC_PAPER", O_RDONLY|O_CLOEXEC) = 3</usr/lib/locale/C.utf8/LC_PAPER>
1427402 openat(AT_FDCWD</tmp/kernel-audit2-v3r63b5w/\346\261\202\350\247\243\345\231\250>, "/usr/lib/locale/C.UTF-8/LC_MESSAGES", O_RDONLY|O_CLOEXEC) = -1 ENOENT (No such file or directory)
1427402 openat(AT_FDCWD</tmp/kernel-audit2-v3r63b5w/\346\261\202\350\247\243\345\231\250>, "/usr/lib/locale/C.utf8/LC_MESSAGES", O_RDONLY|O_CLOEXEC) = 3</usr/lib/locale/C.utf8/LC_MESSAGES>
1427402 openat(AT_FDCWD</tmp/kernel-audit2-v3r63b5w/\346\261\202\350\247\243\345\231\250>, "/usr/lib/locale/C.utf8/LC_MESSAGES/SYS_LC_MESSAGES", O_RDONLY|O_CLOEXEC) = 3</usr/lib/locale/C.utf8/LC_MESSAGES/SYS_LC_MESSAGES>
1427402 openat(AT_FDCWD</tmp/kernel-audit2-v3r63b5w/\346\261\202\350\247\243\345\231\250>, "/usr/lib/locale/C.UTF-8/LC_MONETARY", O_RDONLY|O_CLOEXEC) = -1 ENOENT (No such file or directory)
1427402 openat(AT_FDCWD</tmp/kernel-audit2-v3r63b5w/\346\261\202\350\247\243\345\231\250>, "/usr/lib/locale/C.utf8/LC_MONETARY", O_RDONLY|O_CLOEXEC) = 3</usr/lib/locale/C.utf8/LC_MONETARY>
1427402 openat(AT_FDCWD</tmp/kernel-audit2-v3r63b5w/\346\261\202\350\247\243\345\231\250>, "/usr/lib/locale/C.UTF-8/LC_COLLATE", O_RDONLY|O_CLOEXEC) = -1 ENOENT (No such file or directory)
1427402 openat(AT_FDCWD</tmp/kernel-audit2-v3r63b5w/\346\261\202\350\247\243\345\231\250>, "/usr/lib/locale/C.utf8/LC_COLLATE", O_RDONLY|O_CLOEXEC) = 3</usr/lib/locale/C.utf8/LC_COLLATE>
1427402 openat(AT_FDCWD</tmp/kernel-audit2-v3r63b5w/\346\261\202\350\247\243\345\231\250>, "/usr/lib/locale/C.UTF-8/LC_TIME", O_RDONLY|O_CLOEXEC) = -1 ENOENT (No such file or directory)
1427402 openat(AT_FDCWD</tmp/kernel-audit2-v3r63b5w/\346\261\202\350\247\243\345\231\250>, "/usr/lib/locale/C.utf8/LC_TIME", O_RDONLY|O_CLOEXEC) = 3</usr/lib/locale/C.utf8/LC_TIME>
1427402 openat(AT_FDCWD</tmp/kernel-audit2-v3r63b5w/\346\261\202\350\247\243\345\231\250>, "/usr/lib/locale/C.UTF-8/LC_NUMERIC", O_RDONLY|O_CLOEXEC) = -1 ENOENT (No such file or directory)
1427402 openat(AT_FDCWD</tmp/kernel-audit2-v3r63b5w/\346\261\202\350\247\243\345\231\250>, "/usr/lib/locale/C.utf8/LC_NUMERIC", O_RDONLY|O_CLOEXEC) = 3</usr/lib/locale/C.utf8/LC_NUMERIC>
1427402 openat(AT_FDCWD</tmp/kernel-audit2-v3r63b5w/\346\261\202\350\247\243\345\231\250>, "/usr/lib/locale/C.UTF-8/LC_CTYPE", O_RDONLY|O_CLOEXEC) = -1 ENOENT (No such file or directory)
1427402 openat(AT_FDCWD</tmp/kernel-audit2-v3r63b5w/\346\261\202\350\247\243\345\231\250>, "/usr/lib/locale/C.utf8/LC_CTYPE", O_RDONLY|O_CLOEXEC) = 3</usr/lib/locale/C.utf8/LC_CTYPE>
1427402 openat(AT_FDCWD</tmp/kernel-audit2-v3r63b5w/\346\261\202\350\247\243\345\231\250>, "/tmp/kernel-audit2-v3r63b5w/\343\200\212\346\230\216\346\227\245\346\226\271\350\210\237\357\274\232\347\273\210\346\234\253\345\234\260\343\200\213\346\270\270\346\210\217\350\247\204\345\210\231.txt", O_RDONLY) = 3</tmp/kernel-audit2-v3r63b5w/\343\200\212\346\230\216\346\227\245\346\226\271\350\210\237\357\274\232\347\273\210\346\234\253\345\234\260\343\200\213\346\270\270\346\210\217\350\247\204\345\210\231.txt>
1427354 --- SIGCHLD {si_signo=SIGCHLD, si_code=CLD_EXITED, si_pid=1427402, si_uid=1000, si_status=0, si_utime=0, si_stime=0} ---
1427354 openat(AT_FDCWD</tmp/kernel-audit2-v3r63b5w/\346\261\202\350\247\243\345\231\250>, "/dev/null", O_RDONLY|O_CLOEXEC) = 3</dev/null<char 1:3>>
1427403 execve("/home/zhuran24/.codex/tmp/arg0/codex-arg0DuAZRy/sha256sum", ["sha256sum", "--", "/tmp/kernel-audit2-v3r63b5w/\346\261\202\350\247\243\344\273\273\345\212\241.txt"], 0x7ffde62c4578 /* 135 vars */) = -1 ENOENT (No such file or directory)
1427403 execve("/home/zhuran24/.cargo/bin/sha256sum", ["sha256sum", "--", "/tmp/kernel-audit2-v3r63b5w/\346\261\202\350\247\243\344\273\273\345\212\241.txt"], 0x7ffde62c4578 /* 135 vars */) = -1 ENOENT (No such file or directory)
1427403 execve("/home/zhuran24/.local/bin/sha256sum", ["sha256sum", "--", "/tmp/kernel-audit2-v3r63b5w/\346\261\202\350\247\243\344\273\273\345\212\241.txt"], 0x7ffde62c4578 /* 135 vars */) = -1 ENOENT (No such file or directory)
1427403 execve("/home/zhuran24/.opencode/bin/sha256sum", ["sha256sum", "--", "/tmp/kernel-audit2-v3r63b5w/\346\261\202\350\247\243\344\273\273\345\212\241.txt"], 0x7ffde62c4578 /* 135 vars */) = -1 ENOENT (No such file or directory)
1427403 execve("/usr/local/bin/sha256sum", ["sha256sum", "--", "/tmp/kernel-audit2-v3r63b5w/\346\261\202\350\247\243\344\273\273\345\212\241.txt"], 0x7ffde62c4578 /* 135 vars */) = -1 ENOENT (No such file or directory)
1427403 execve("/usr/bin/sha256sum", ["sha256sum", "--", "/tmp/kernel-audit2-v3r63b5w/\346\261\202\350\247\243\344\273\273\345\212\241.txt"], 0x7ffde62c4578 /* 135 vars */) = 0
1427403 openat(AT_FDCWD</tmp/kernel-audit2-v3r63b5w/\346\261\202\350\247\243\345\231\250>, "/etc/ld.so.cache", O_RDONLY|O_CLOEXEC) = 3</etc/ld.so.cache>
1427403 openat(AT_FDCWD</tmp/kernel-audit2-v3r63b5w/\346\261\202\350\247\243\345\231\250>, "/usr/lib/libcrypto.so.3", O_RDONLY|O_CLOEXEC) = 3</usr/lib/libcrypto.so.3>
1427403 openat(AT_FDCWD</tmp/kernel-audit2-v3r63b5w/\346\261\202\350\247\243\345\231\250>, "/usr/lib/libc.so.6", O_RDONLY|O_CLOEXEC) = 3</usr/lib/libc.so.6>
1427403 openat(AT_FDCWD</tmp/kernel-audit2-v3r63b5w/\346\261\202\350\247\243\345\231\250>, "/usr/lib/libz.so.1", O_RDONLY|O_CLOEXEC) = 3</usr/lib/libz.so.1.3.1.zlib-ng>
1427403 openat(AT_FDCWD</tmp/kernel-audit2-v3r63b5w/\346\261\202\350\247\243\345\231\250>, "/usr/lib/libbrotlienc.so.1", O_RDONLY|O_CLOEXEC) = 3</usr/lib/libbrotlienc.so.1.2.0>
1427403 openat(AT_FDCWD</tmp/kernel-audit2-v3r63b5w/\346\261\202\350\247\243\345\231\250>, "/usr/lib/libbrotlidec.so.1", O_RDONLY|O_CLOEXEC) = 3</usr/lib/libbrotlidec.so.1.2.0>
1427403 openat(AT_FDCWD</tmp/kernel-audit2-v3r63b5w/\346\261\202\350\247\243\345\231\250>, "/usr/lib/libzstd.so.1", O_RDONLY|O_CLOEXEC) = 3</usr/lib/libzstd.so.1.5.7>
1427403 openat(AT_FDCWD</tmp/kernel-audit2-v3r63b5w/\346\261\202\350\247\243\345\231\250>, "/usr/lib/libm.so.6", O_RDONLY|O_CLOEXEC) = 3</usr/lib/libm.so.6>
1427403 openat(AT_FDCWD</tmp/kernel-audit2-v3r63b5w/\346\261\202\350\247\243\345\231\250>, "/usr/lib/libbrotlicommon.so.1", O_RDONLY|O_CLOEXEC) = 3</usr/lib/libbrotlicommon.so.1.2.0>
1427403 openat(AT_FDCWD</tmp/kernel-audit2-v3r63b5w/\346\261\202\350\247\243\345\231\250>, "/usr/lib/locale/locale-archive", O_RDONLY|O_CLOEXEC) = 3</usr/lib/locale/locale-archive>
1427403 openat(AT_FDCWD</tmp/kernel-audit2-v3r63b5w/\346\261\202\350\247\243\345\231\250>, "/usr/share/locale/locale.alias", O_RDONLY|O_CLOEXEC) = 3</usr/share/locale/locale.alias>
1427403 openat(AT_FDCWD</tmp/kernel-audit2-v3r63b5w/\346\261\202\350\247\243\345\231\250>, "/usr/lib/locale/C.UTF-8/LC_IDENTIFICATION", O_RDONLY|O_CLOEXEC) = -1 ENOENT (No such file or directory)
1427403 openat(AT_FDCWD</tmp/kernel-audit2-v3r63b5w/\346\261\202\350\247\243\345\231\250>, "/usr/lib/locale/C.utf8/LC_IDENTIFICATION", O_RDONLY|O_CLOEXEC) = 3</usr/lib/locale/C.utf8/LC_IDENTIFICATION>
1427403 openat(AT_FDCWD</tmp/kernel-audit2-v3r63b5w/\346\261\202\350\247\243\345\231\250>, "/usr/lib/gconv/gconv-modules.cache", O_RDONLY|O_CLOEXEC) = 3</usr/lib/gconv/gconv-modules.cache>
1427403 openat(AT_FDCWD</tmp/kernel-audit2-v3r63b5w/\346\261\202\350\247\243\345\231\250>, "/usr/lib/locale/C.UTF-8/LC_MEASUREMENT", O_RDONLY|O_CLOEXEC) = -1 ENOENT (No such file or directory)
1427403 openat(AT_FDCWD</tmp/kernel-audit2-v3r63b5w/\346\261\202\350\247\243\345\231\250>, "/usr/lib/locale/C.utf8/LC_MEASUREMENT", O_RDONLY|O_CLOEXEC) = 3</usr/lib/locale/C.utf8/LC_MEASUREMENT>
1427403 openat(AT_FDCWD</tmp/kernel-audit2-v3r63b5w/\346\261\202\350\247\243\345\231\250>, "/usr/lib/locale/C.UTF-8/LC_TELEPHONE", O_RDONLY|O_CLOEXEC) = -1 ENOENT (No such file or directory)
1427403 openat(AT_FDCWD</tmp/kernel-audit2-v3r63b5w/\346\261\202\350\247\243\345\231\250>, "/usr/lib/locale/C.utf8/LC_TELEPHONE", O_RDONLY|O_CLOEXEC) = 3</usr/lib/locale/C.utf8/LC_TELEPHONE>
1427403 openat(AT_FDCWD</tmp/kernel-audit2-v3r63b5w/\346\261\202\350\247\243\345\231\250>, "/usr/lib/locale/C.UTF-8/LC_ADDRESS", O_RDONLY|O_CLOEXEC) = -1 ENOENT (No such file or directory)
1427403 openat(AT_FDCWD</tmp/kernel-audit2-v3r63b5w/\346\261\202\350\247\243\345\231\250>, "/usr/lib/locale/C.utf8/LC_ADDRESS", O_RDONLY|O_CLOEXEC) = 3</usr/lib/locale/C.utf8/LC_ADDRESS>
1427403 openat(AT_FDCWD</tmp/kernel-audit2-v3r63b5w/\346\261\202\350\247\243\345\231\250>, "/usr/lib/locale/C.UTF-8/LC_NAME", O_RDONLY|O_CLOEXEC) = -1 ENOENT (No such file or directory)
1427403 openat(AT_FDCWD</tmp/kernel-audit2-v3r63b5w/\346\261\202\350\247\243\345\231\250>, "/usr/lib/locale/C.utf8/LC_NAME", O_RDONLY|O_CLOEXEC) = 3</usr/lib/locale/C.utf8/LC_NAME>
1427403 openat(AT_FDCWD</tmp/kernel-audit2-v3r63b5w/\346\261\202\350\247\243\345\231\250>, "/usr/lib/locale/C.UTF-8/LC_PAPER", O_RDONLY|O_CLOEXEC) = -1 ENOENT (No such file or directory)
1427403 openat(AT_FDCWD</tmp/kernel-audit2-v3r63b5w/\346\261\202\350\247\243\345\231\250>, "/usr/lib/locale/C.utf8/LC_PAPER", O_RDONLY|O_CLOEXEC) = 3</usr/lib/locale/C.utf8/LC_PAPER>
1427403 openat(AT_FDCWD</tmp/kernel-audit2-v3r63b5w/\346\261\202\350\247\243\345\231\250>, "/usr/lib/locale/C.UTF-8/LC_MESSAGES", O_RDONLY|O_CLOEXEC) = -1 ENOENT (No such file or directory)
1427403 openat(AT_FDCWD</tmp/kernel-audit2-v3r63b5w/\346\261\202\350\247\243\345\231\250>, "/usr/lib/locale/C.utf8/LC_MESSAGES", O_RDONLY|O_CLOEXEC) = 3</usr/lib/locale/C.utf8/LC_MESSAGES>
1427403 openat(AT_FDCWD</tmp/kernel-audit2-v3r63b5w/\346\261\202\350\247\243\345\231\250>, "/usr/lib/locale/C.utf8/LC_MESSAGES/SYS_LC_MESSAGES", O_RDONLY|O_CLOEXEC) = 3</usr/lib/locale/C.utf8/LC_MESSAGES/SYS_LC_MESSAGES>
1427403 openat(AT_FDCWD</tmp/kernel-audit2-v3r63b5w/\346\261\202\350\247\243\345\231\250>, "/usr/lib/locale/C.UTF-8/LC_MONETARY", O_RDONLY|O_CLOEXEC) = -1 ENOENT (No such file or directory)
1427403 openat(AT_FDCWD</tmp/kernel-audit2-v3r63b5w/\346\261\202\350\247\243\345\231\250>, "/usr/lib/locale/C.utf8/LC_MONETARY", O_RDONLY|O_CLOEXEC) = 3</usr/lib/locale/C.utf8/LC_MONETARY>
1427403 openat(AT_FDCWD</tmp/kernel-audit2-v3r63b5w/\346\261\202\350\247\243\345\231\250>, "/usr/lib/locale/C.UTF-8/LC_COLLATE", O_RDONLY|O_CLOEXEC) = -1 ENOENT (No such file or directory)
1427403 openat(AT_FDCWD</tmp/kernel-audit2-v3r63b5w/\346\261\202\350\247\243\345\231\250>, "/usr/lib/locale/C.utf8/LC_COLLATE", O_RDONLY|O_CLOEXEC) = 3</usr/lib/locale/C.utf8/LC_COLLATE>
1427403 openat(AT_FDCWD</tmp/kernel-audit2-v3r63b5w/\346\261\202\350\247\243\345\231\250>, "/usr/lib/locale/C.UTF-8/LC_TIME", O_RDONLY|O_CLOEXEC) = -1 ENOENT (No such file or directory)
1427403 openat(AT_FDCWD</tmp/kernel-audit2-v3r63b5w/\346\261\202\350\247\243\345\231\250>, "/usr/lib/locale/C.utf8/LC_TIME", O_RDONLY|O_CLOEXEC) = 3</usr/lib/locale/C.utf8/LC_TIME>
1427403 openat(AT_FDCWD</tmp/kernel-audit2-v3r63b5w/\346\261\202\350\247\243\345\231\250>, "/usr/lib/locale/C.UTF-8/LC_NUMERIC", O_RDONLY|O_CLOEXEC) = -1 ENOENT (No such file or directory)
1427403 openat(AT_FDCWD</tmp/kernel-audit2-v3r63b5w/\346\261\202\350\247\243\345\231\250>, "/usr/lib/locale/C.utf8/LC_NUMERIC", O_RDONLY|O_CLOEXEC) = 3</usr/lib/locale/C.utf8/LC_NUMERIC>
1427403 openat(AT_FDCWD</tmp/kernel-audit2-v3r63b5w/\346\261\202\350\247\243\345\231\250>, "/usr/lib/locale/C.UTF-8/LC_CTYPE", O_RDONLY|O_CLOEXEC) = -1 ENOENT (No such file or directory)
1427403 openat(AT_FDCWD</tmp/kernel-audit2-v3r63b5w/\346\261\202\350\247\243\345\231\250>, "/usr/lib/locale/C.utf8/LC_CTYPE", O_RDONLY|O_CLOEXEC) = 3</usr/lib/locale/C.utf8/LC_CTYPE>
1427403 openat(AT_FDCWD</tmp/kernel-audit2-v3r63b5w/\346\261\202\350\247\243\345\231\250>, "/tmp/kernel-audit2-v3r63b5w/\346\261\202\350\247\243\344\273\273\345\212\241.txt", O_RDONLY) = 3</tmp/kernel-audit2-v3r63b5w/\346\261\202\350\247\243\344\273\273\345\212\241.txt>
1427354 --- SIGCHLD {si_signo=SIGCHLD, si_code=CLD_EXITED, si_pid=1427403, si_uid=1000, si_status=0, si_utime=0, si_stime=0} ---
1427354 openat(AT_FDCWD</tmp/kernel-audit2-v3r63b5w/\346\261\202\350\247\243\345\231\250>, "/dev/null", O_RDONLY|O_CLOEXEC) = 3</dev/null<char 1:3>>
1427404 execve("/home/zhuran24/.codex/tmp/arg0/codex-arg0DuAZRy/sha256sum", ["sha256sum", "--", "/tmp/kernel-audit2-v3r63b5w/\346\261\202\350\247\243\347\272\246\346\235\237.txt"], 0x7ffde62c4578 /* 135 vars */) = -1 ENOENT (No such file or directory)
1427404 execve("/home/zhuran24/.cargo/bin/sha256sum", ["sha256sum", "--", "/tmp/kernel-audit2-v3r63b5w/\346\261\202\350\247\243\347\272\246\346\235\237.txt"], 0x7ffde62c4578 /* 135 vars */) = -1 ENOENT (No such file or directory)
1427404 execve("/home/zhuran24/.local/bin/sha256sum", ["sha256sum", "--", "/tmp/kernel-audit2-v3r63b5w/\346\261\202\350\247\243\347\272\246\346\235\237.txt"], 0x7ffde62c4578 /* 135 vars */) = -1 ENOENT (No such file or directory)
1427404 execve("/home/zhuran24/.opencode/bin/sha256sum", ["sha256sum", "--", "/tmp/kernel-audit2-v3r63b5w/\346\261\202\350\247\243\347\272\246\346\235\237.txt"], 0x7ffde62c4578 /* 135 vars */) = -1 ENOENT (No such file or directory)
1427404 execve("/usr/local/bin/sha256sum", ["sha256sum", "--", "/tmp/kernel-audit2-v3r63b5w/\346\261\202\350\247\243\347\272\246\346\235\237.txt"], 0x7ffde62c4578 /* 135 vars */) = -1 ENOENT (No such file or directory)
1427404 execve("/usr/bin/sha256sum", ["sha256sum", "--", "/tmp/kernel-audit2-v3r63b5w/\346\261\202\350\247\243\347\272\246\346\235\237.txt"], 0x7ffde62c4578 /* 135 vars */) = 0
1427404 openat(AT_FDCWD</tmp/kernel-audit2-v3r63b5w/\346\261\202\350\247\243\345\231\250>, "/etc/ld.so.cache", O_RDONLY|O_CLOEXEC) = 3</etc/ld.so.cache>
1427404 openat(AT_FDCWD</tmp/kernel-audit2-v3r63b5w/\346\261\202\350\247\243\345\231\250>, "/usr/lib/libcrypto.so.3", O_RDONLY|O_CLOEXEC) = 3</usr/lib/libcrypto.so.3>
1427404 openat(AT_FDCWD</tmp/kernel-audit2-v3r63b5w/\346\261\202\350\247\243\345\231\250>, "/usr/lib/libc.so.6", O_RDONLY|O_CLOEXEC) = 3</usr/lib/libc.so.6>
1427404 openat(AT_FDCWD</tmp/kernel-audit2-v3r63b5w/\346\261\202\350\247\243\345\231\250>, "/usr/lib/libz.so.1", O_RDONLY|O_CLOEXEC) = 3</usr/lib/libz.so.1.3.1.zlib-ng>
1427404 openat(AT_FDCWD</tmp/kernel-audit2-v3r63b5w/\346\261\202\350\247\243\345\231\250>, "/usr/lib/libbrotlienc.so.1", O_RDONLY|O_CLOEXEC) = 3</usr/lib/libbrotlienc.so.1.2.0>
1427404 openat(AT_FDCWD</tmp/kernel-audit2-v3r63b5w/\346\261\202\350\247\243\345\231\250>, "/usr/lib/libbrotlidec.so.1", O_RDONLY|O_CLOEXEC) = 3</usr/lib/libbrotlidec.so.1.2.0>
1427404 openat(AT_FDCWD</tmp/kernel-audit2-v3r63b5w/\346\261\202\350\247\243\345\231\250>, "/usr/lib/libzstd.so.1", O_RDONLY|O_CLOEXEC) = 3</usr/lib/libzstd.so.1.5.7>
1427404 openat(AT_FDCWD</tmp/kernel-audit2-v3r63b5w/\346\261\202\350\247\243\345\231\250>, "/usr/lib/libm.so.6", O_RDONLY|O_CLOEXEC) = 3</usr/lib/libm.so.6>
1427404 openat(AT_FDCWD</tmp/kernel-audit2-v3r63b5w/\346\261\202\350\247\243\345\231\250>, "/usr/lib/libbrotlicommon.so.1", O_RDONLY|O_CLOEXEC) = 3</usr/lib/libbrotlicommon.so.1.2.0>
1427404 openat(AT_FDCWD</tmp/kernel-audit2-v3r63b5w/\346\261\202\350\247\243\345\231\250>, "/usr/lib/locale/locale-archive", O_RDONLY|O_CLOEXEC) = 3</usr/lib/locale/locale-archive>
1427404 openat(AT_FDCWD</tmp/kernel-audit2-v3r63b5w/\346\261\202\350\247\243\345\231\250>, "/usr/share/locale/locale.alias", O_RDONLY|O_CLOEXEC) = 3</usr/share/locale/locale.alias>
1427404 openat(AT_FDCWD</tmp/kernel-audit2-v3r63b5w/\346\261\202\350\247\243\345\231\250>, "/usr/lib/locale/C.UTF-8/LC_IDENTIFICATION", O_RDONLY|O_CLOEXEC) = -1 ENOENT (No such file or directory)
1427404 openat(AT_FDCWD</tmp/kernel-audit2-v3r63b5w/\346\261\202\350\247\243\345\231\250>, "/usr/lib/locale/C.utf8/LC_IDENTIFICATION", O_RDONLY|O_CLOEXEC) = 3</usr/lib/locale/C.utf8/LC_IDENTIFICATION>
1427404 openat(AT_FDCWD</tmp/kernel-audit2-v3r63b5w/\346\261\202\350\247\243\345\231\250>, "/usr/lib/gconv/gconv-modules.cache", O_RDONLY|O_CLOEXEC) = 3</usr/lib/gconv/gconv-modules.cache>
1427404 openat(AT_FDCWD</tmp/kernel-audit2-v3r63b5w/\346\261\202\350\247\243\345\231\250>, "/usr/lib/locale/C.UTF-8/LC_MEASUREMENT", O_RDONLY|O_CLOEXEC) = -1 ENOENT (No such file or directory)
1427404 openat(AT_FDCWD</tmp/kernel-audit2-v3r63b5w/\346\261\202\350\247\243\345\231\250>, "/usr/lib/locale/C.utf8/LC_MEASUREMENT", O_RDONLY|O_CLOEXEC) = 3</usr/lib/locale/C.utf8/LC_MEASUREMENT>
1427404 openat(AT_FDCWD</tmp/kernel-audit2-v3r63b5w/\346\261\202\350\247\243\345\231\250>, "/usr/lib/locale/C.UTF-8/LC_TELEPHONE", O_RDONLY|O_CLOEXEC) = -1 ENOENT (No such file or directory)
1427404 openat(AT_FDCWD</tmp/kernel-audit2-v3r63b5w/\346\261\202\350\247\243\345\231\250>, "/usr/lib/locale/C.utf8/LC_TELEPHONE", O_RDONLY|O_CLOEXEC) = 3</usr/lib/locale/C.utf8/LC_TELEPHONE>
1427404 openat(AT_FDCWD</tmp/kernel-audit2-v3r63b5w/\346\261\202\350\247\243\345\231\250>, "/usr/lib/locale/C.UTF-8/LC_ADDRESS", O_RDONLY|O_CLOEXEC) = -1 ENOENT (No such file or directory)
1427404 openat(AT_FDCWD</tmp/kernel-audit2-v3r63b5w/\346\261\202\350\247\243\345\231\250>, "/usr/lib/locale/C.utf8/LC_ADDRESS", O_RDONLY|O_CLOEXEC) = 3</usr/lib/locale/C.utf8/LC_ADDRESS>
1427404 openat(AT_FDCWD</tmp/kernel-audit2-v3r63b5w/\346\261\202\350\247\243\345\231\250>, "/usr/lib/locale/C.UTF-8/LC_NAME", O_RDONLY|O_CLOEXEC) = -1 ENOENT (No such file or directory)
1427404 openat(AT_FDCWD</tmp/kernel-audit2-v3r63b5w/\346\261\202\350\247\243\345\231\250>, "/usr/lib/locale/C.utf8/LC_NAME", O_RDONLY|O_CLOEXEC) = 3</usr/lib/locale/C.utf8/LC_NAME>
1427404 openat(AT_FDCWD</tmp/kernel-audit2-v3r63b5w/\346\261\202\350\247\243\345\231\250>, "/usr/lib/locale/C.UTF-8/LC_PAPER", O_RDONLY|O_CLOEXEC) = -1 ENOENT (No such file or directory)
1427404 openat(AT_FDCWD</tmp/kernel-audit2-v3r63b5w/\346\261\202\350\247\243\345\231\250>, "/usr/lib/locale/C.utf8/LC_PAPER", O_RDONLY|O_CLOEXEC) = 3</usr/lib/locale/C.utf8/LC_PAPER>
1427404 openat(AT_FDCWD</tmp/kernel-audit2-v3r63b5w/\346\261\202\350\247\243\345\231\250>, "/usr/lib/locale/C.UTF-8/LC_MESSAGES", O_RDONLY|O_CLOEXEC) = -1 ENOENT (No such file or directory)
1427404 openat(AT_FDCWD</tmp/kernel-audit2-v3r63b5w/\346\261\202\350\247\243\345\231\250>, "/usr/lib/locale/C.utf8/LC_MESSAGES", O_RDONLY|O_CLOEXEC) = 3</usr/lib/locale/C.utf8/LC_MESSAGES>
1427404 openat(AT_FDCWD</tmp/kernel-audit2-v3r63b5w/\346\261\202\350\247\243\345\231\250>, "/usr/lib/locale/C.utf8/LC_MESSAGES/SYS_LC_MESSAGES", O_RDONLY|O_CLOEXEC) = 3</usr/lib/locale/C.utf8/LC_MESSAGES/SYS_LC_MESSAGES>
1427404 openat(AT_FDCWD</tmp/kernel-audit2-v3r63b5w/\346\261\202\350\247\243\345\231\250>, "/usr/lib/locale/C.UTF-8/LC_MONETARY", O_RDONLY|O_CLOEXEC) = -1 ENOENT (No such file or directory)
1427404 openat(AT_FDCWD</tmp/kernel-audit2-v3r63b5w/\346\261\202\350\247\243\345\231\250>, "/usr/lib/locale/C.utf8/LC_MONETARY", O_RDONLY|O_CLOEXEC) = 3</usr/lib/locale/C.utf8/LC_MONETARY>
1427404 openat(AT_FDCWD</tmp/kernel-audit2-v3r63b5w/\346\261\202\350\247\243\345\231\250>, "/usr/lib/locale/C.UTF-8/LC_COLLATE", O_RDONLY|O_CLOEXEC) = -1 ENOENT (No such file or directory)
1427404 openat(AT_FDCWD</tmp/kernel-audit2-v3r63b5w/\346\261\202\350\247\243\345\231\250>, "/usr/lib/locale/C.utf8/LC_COLLATE", O_RDONLY|O_CLOEXEC) = 3</usr/lib/locale/C.utf8/LC_COLLATE>
1427404 openat(AT_FDCWD</tmp/kernel-audit2-v3r63b5w/\346\261\202\350\247\243\345\231\250>, "/usr/lib/locale/C.UTF-8/LC_TIME", O_RDONLY|O_CLOEXEC) = -1 ENOENT (No such file or directory)
1427404 openat(AT_FDCWD</tmp/kernel-audit2-v3r63b5w/\346\261\202\350\247\243\345\231\250>, "/usr/lib/locale/C.utf8/LC_TIME", O_RDONLY|O_CLOEXEC) = 3</usr/lib/locale/C.utf8/LC_TIME>
1427404 openat(AT_FDCWD</tmp/kernel-audit2-v3r63b5w/\346\261\202\350\247\243\345\231\250>, "/usr/lib/locale/C.UTF-8/LC_NUMERIC", O_RDONLY|O_CLOEXEC) = -1 ENOENT (No such file or directory)
1427404 openat(AT_FDCWD</tmp/kernel-audit2-v3r63b5w/\346\261\202\350\247\243\345\231\250>, "/usr/lib/locale/C.utf8/LC_NUMERIC", O_RDONLY|O_CLOEXEC) = 3</usr/lib/locale/C.utf8/LC_NUMERIC>
1427404 openat(AT_FDCWD</tmp/kernel-audit2-v3r63b5w/\346\261\202\350\247\243\345\231\250>, "/usr/lib/locale/C.UTF-8/LC_CTYPE", O_RDONLY|O_CLOEXEC) = -1 ENOENT (No such file or directory)
1427404 openat(AT_FDCWD</tmp/kernel-audit2-v3r63b5w/\346\261\202\350\247\243\345\231\250>, "/usr/lib/locale/C.utf8/LC_CTYPE", O_RDONLY|O_CLOEXEC) = 3</usr/lib/locale/C.utf8/LC_CTYPE>
1427404 openat(AT_FDCWD</tmp/kernel-audit2-v3r63b5w/\346\261\202\350\247\243\345\231\250>, "/tmp/kernel-audit2-v3r63b5w/\346\261\202\350\247\243\347\272\246\346\235\237.txt", O_RDONLY) = 3</tmp/kernel-audit2-v3r63b5w/\346\261\202\350\247\243\347\272\246\346\235\237.txt>
1427354 --- SIGCHLD {si_signo=SIGCHLD, si_code=CLD_EXITED, si_pid=1427404, si_uid=1000, si_status=0, si_utime=0, si_stime=0} ---
1427354 openat(AT_FDCWD</tmp/kernel-audit2-v3r63b5w/\346\261\202\350\247\243\345\231\250>, "/dev/null", O_RDONLY|O_CLOEXEC) = 3</dev/null<char 1:3>>
1427405 execve("/home/zhuran24/.codex/tmp/arg0/codex-arg0DuAZRy/sha256sum", ["sha256sum", "--", "/tmp/kernel-audit2-v3r63b5w/\346\261\202\350\247\243\345\231\250/\350\247\204\346\240\274/\351\200\211\346\213\251\347\202\271\345\217\202\346\225\260\350\275\264.md"], 0x7ffde62c4578 /* 135 vars */) = -1 ENOENT (No such file or directory)
1427405 execve("/home/zhuran24/.cargo/bin/sha256sum", ["sha256sum", "--", "/tmp/kernel-audit2-v3r63b5w/\346\261\202\350\247\243\345\231\250/\350\247\204\346\240\274/\351\200\211\346\213\251\347\202\271\345\217\202\346\225\260\350\275\264.md"], 0x7ffde62c4578 /* 135 vars */) = -1 ENOENT (No such file or directory)
1427405 execve("/home/zhuran24/.local/bin/sha256sum", ["sha256sum", "--", "/tmp/kernel-audit2-v3r63b5w/\346\261\202\350\247\243\345\231\250/\350\247\204\346\240\274/\351\200\211\346\213\251\347\202\271\345\217\202\346\225\260\350\275\264.md"], 0x7ffde62c4578 /* 135 vars */) = -1 ENOENT (No such file or directory)
1427405 execve("/home/zhuran24/.opencode/bin/sha256sum", ["sha256sum", "--", "/tmp/kernel-audit2-v3r63b5w/\346\261\202\350\247\243\345\231\250/\350\247\204\346\240\274/\351\200\211\346\213\251\347\202\271\345\217\202\346\225\260\350\275\264.md"], 0x7ffde62c4578 /* 135 vars */) = -1 ENOENT (No such file or directory)
1427405 execve("/usr/local/bin/sha256sum", ["sha256sum", "--", "/tmp/kernel-audit2-v3r63b5w/\346\261\202\350\247\243\345\231\250/\350\247\204\346\240\274/\351\200\211\346\213\251\347\202\271\345\217\202\346\225\260\350\275\264.md"], 0x7ffde62c4578 /* 135 vars */) = -1 ENOENT (No such file or directory)
1427405 execve("/usr/bin/sha256sum", ["sha256sum", "--", "/tmp/kernel-audit2-v3r63b5w/\346\261\202\350\247\243\345\231\250/\350\247\204\346\240\274/\351\200\211\346\213\251\347\202\271\345\217\202\346\225\260\350\275\264.md"], 0x7ffde62c4578 /* 135 vars */) = 0
1427405 openat(AT_FDCWD</tmp/kernel-audit2-v3r63b5w/\346\261\202\350\247\243\345\231\250>, "/etc/ld.so.cache", O_RDONLY|O_CLOEXEC) = 3</etc/ld.so.cache>
1427405 openat(AT_FDCWD</tmp/kernel-audit2-v3r63b5w/\346\261\202\350\247\243\345\231\250>, "/usr/lib/libcrypto.so.3", O_RDONLY|O_CLOEXEC) = 3</usr/lib/libcrypto.so.3>
1427405 openat(AT_FDCWD</tmp/kernel-audit2-v3r63b5w/\346\261\202\350\247\243\345\231\250>, "/usr/lib/libc.so.6", O_RDONLY|O_CLOEXEC) = 3</usr/lib/libc.so.6>
1427405 openat(AT_FDCWD</tmp/kernel-audit2-v3r63b5w/\346\261\202\350\247\243\345\231\250>, "/usr/lib/libz.so.1", O_RDONLY|O_CLOEXEC) = 3</usr/lib/libz.so.1.3.1.zlib-ng>
1427405 openat(AT_FDCWD</tmp/kernel-audit2-v3r63b5w/\346\261\202\350\247\243\345\231\250>, "/usr/lib/libbrotlienc.so.1", O_RDONLY|O_CLOEXEC) = 3</usr/lib/libbrotlienc.so.1.2.0>
1427405 openat(AT_FDCWD</tmp/kernel-audit2-v3r63b5w/\346\261\202\350\247\243\345\231\250>, "/usr/lib/libbrotlidec.so.1", O_RDONLY|O_CLOEXEC) = 3</usr/lib/libbrotlidec.so.1.2.0>
1427405 openat(AT_FDCWD</tmp/kernel-audit2-v3r63b5w/\346\261\202\350\247\243\345\231\250>, "/usr/lib/libzstd.so.1", O_RDONLY|O_CLOEXEC) = 3</usr/lib/libzstd.so.1.5.7>
1427405 openat(AT_FDCWD</tmp/kernel-audit2-v3r63b5w/\346\261\202\350\247\243\345\231\250>, "/usr/lib/libm.so.6", O_RDONLY|O_CLOEXEC) = 3</usr/lib/libm.so.6>
1427405 openat(AT_FDCWD</tmp/kernel-audit2-v3r63b5w/\346\261\202\350\247\243\345\231\250>, "/usr/lib/libbrotlicommon.so.1", O_RDONLY|O_CLOEXEC) = 3</usr/lib/libbrotlicommon.so.1.2.0>
1427405 openat(AT_FDCWD</tmp/kernel-audit2-v3r63b5w/\346\261\202\350\247\243\345\231\250>, "/usr/lib/locale/locale-archive", O_RDONLY|O_CLOEXEC) = 3</usr/lib/locale/locale-archive>
1427405 openat(AT_FDCWD</tmp/kernel-audit2-v3r63b5w/\346\261\202\350\247\243\345\231\250>, "/usr/share/locale/locale.alias", O_RDONLY|O_CLOEXEC) = 3</usr/share/locale/locale.alias>
1427405 openat(AT_FDCWD</tmp/kernel-audit2-v3r63b5w/\346\261\202\350\247\243\345\231\250>, "/usr/lib/locale/C.UTF-8/LC_IDENTIFICATION", O_RDONLY|O_CLOEXEC) = -1 ENOENT (No such file or directory)
1427405 openat(AT_FDCWD</tmp/kernel-audit2-v3r63b5w/\346\261\202\350\247\243\345\231\250>, "/usr/lib/locale/C.utf8/LC_IDENTIFICATION", O_RDONLY|O_CLOEXEC) = 3</usr/lib/locale/C.utf8/LC_IDENTIFICATION>
1427405 openat(AT_FDCWD</tmp/kernel-audit2-v3r63b5w/\346\261\202\350\247\243\345\231\250>, "/usr/lib/gconv/gconv-modules.cache", O_RDONLY|O_CLOEXEC) = 3</usr/lib/gconv/gconv-modules.cache>
1427405 openat(AT_FDCWD</tmp/kernel-audit2-v3r63b5w/\346\261\202\350\247\243\345\231\250>, "/usr/lib/locale/C.UTF-8/LC_MEASUREMENT", O_RDONLY|O_CLOEXEC) = -1 ENOENT (No such file or directory)
1427405 openat(AT_FDCWD</tmp/kernel-audit2-v3r63b5w/\346\261\202\350\247\243\345\231\250>, "/usr/lib/locale/C.utf8/LC_MEASUREMENT", O_RDONLY|O_CLOEXEC) = 3</usr/lib/locale/C.utf8/LC_MEASUREMENT>
1427405 openat(AT_FDCWD</tmp/kernel-audit2-v3r63b5w/\346\261\202\350\247\243\345\231\250>, "/usr/lib/locale/C.UTF-8/LC_TELEPHONE", O_RDONLY|O_CLOEXEC) = -1 ENOENT (No such file or directory)
1427405 openat(AT_FDCWD</tmp/kernel-audit2-v3r63b5w/\346\261\202\350\247\243\345\231\250>, "/usr/lib/locale/C.utf8/LC_TELEPHONE", O_RDONLY|O_CLOEXEC) = 3</usr/lib/locale/C.utf8/LC_TELEPHONE>
1427405 openat(AT_FDCWD</tmp/kernel-audit2-v3r63b5w/\346\261\202\350\247\243\345\231\250>, "/usr/lib/locale/C.UTF-8/LC_ADDRESS", O_RDONLY|O_CLOEXEC) = -1 ENOENT (No such file or directory)
1427405 openat(AT_FDCWD</tmp/kernel-audit2-v3r63b5w/\346\261\202\350\247\243\345\231\250>, "/usr/lib/locale/C.utf8/LC_ADDRESS", O_RDONLY|O_CLOEXEC) = 3</usr/lib/locale/C.utf8/LC_ADDRESS>
1427405 openat(AT_FDCWD</tmp/kernel-audit2-v3r63b5w/\346\261\202\350\247\243\345\231\250>, "/usr/lib/locale/C.UTF-8/LC_NAME", O_RDONLY|O_CLOEXEC) = -1 ENOENT (No such file or directory)
1427405 openat(AT_FDCWD</tmp/kernel-audit2-v3r63b5w/\346\261\202\350\247\243\345\231\250>, "/usr/lib/locale/C.utf8/LC_NAME", O_RDONLY|O_CLOEXEC) = 3</usr/lib/locale/C.utf8/LC_NAME>
1427405 openat(AT_FDCWD</tmp/kernel-audit2-v3r63b5w/\346\261\202\350\247\243\345\231\250>, "/usr/lib/locale/C.UTF-8/LC_PAPER", O_RDONLY|O_CLOEXEC) = -1 ENOENT (No such file or directory)
1427405 openat(AT_FDCWD</tmp/kernel-audit2-v3r63b5w/\346\261\202\350\247\243\345\231\250>, "/usr/lib/locale/C.utf8/LC_PAPER", O_RDONLY|O_CLOEXEC) = 3</usr/lib/locale/C.utf8/LC_PAPER>
1427405 openat(AT_FDCWD</tmp/kernel-audit2-v3r63b5w/\346\261\202\350\247\243\345\231\250>, "/usr/lib/locale/C.UTF-8/LC_MESSAGES", O_RDONLY|O_CLOEXEC) = -1 ENOENT (No such file or directory)
1427405 openat(AT_FDCWD</tmp/kernel-audit2-v3r63b5w/\346\261\202\350\247\243\345\231\250>, "/usr/lib/locale/C.utf8/LC_MESSAGES", O_RDONLY|O_CLOEXEC) = 3</usr/lib/locale/C.utf8/LC_MESSAGES>
1427405 openat(AT_FDCWD</tmp/kernel-audit2-v3r63b5w/\346\261\202\350\247\243\345\231\250>, "/usr/lib/locale/C.utf8/LC_MESSAGES/SYS_LC_MESSAGES", O_RDONLY|O_CLOEXEC) = 3</usr/lib/locale/C.utf8/LC_MESSAGES/SYS_LC_MESSAGES>
1427405 openat(AT_FDCWD</tmp/kernel-audit2-v3r63b5w/\346\261\202\350\247\243\345\231\250>, "/usr/lib/locale/C.UTF-8/LC_MONETARY", O_RDONLY|O_CLOEXEC) = -1 ENOENT (No such file or directory)
1427405 openat(AT_FDCWD</tmp/kernel-audit2-v3r63b5w/\346\261\202\350\247\243\345\231\250>, "/usr/lib/locale/C.utf8/LC_MONETARY", O_RDONLY|O_CLOEXEC) = 3</usr/lib/locale/C.utf8/LC_MONETARY>
1427405 openat(AT_FDCWD</tmp/kernel-audit2-v3r63b5w/\346\261\202\350\247\243\345\231\250>, "/usr/lib/locale/C.UTF-8/LC_COLLATE", O_RDONLY|O_CLOEXEC) = -1 ENOENT (No such file or directory)
1427405 openat(AT_FDCWD</tmp/kernel-audit2-v3r63b5w/\346\261\202\350\247\243\345\231\250>, "/usr/lib/locale/C.utf8/LC_COLLATE", O_RDONLY|O_CLOEXEC) = 3</usr/lib/locale/C.utf8/LC_COLLATE>
1427405 openat(AT_FDCWD</tmp/kernel-audit2-v3r63b5w/\346\261\202\350\247\243\345\231\250>, "/usr/lib/locale/C.UTF-8/LC_TIME", O_RDONLY|O_CLOEXEC) = -1 ENOENT (No such file or directory)
1427405 openat(AT_FDCWD</tmp/kernel-audit2-v3r63b5w/\346\261\202\350\247\243\345\231\250>, "/usr/lib/locale/C.utf8/LC_TIME", O_RDONLY|O_CLOEXEC) = 3</usr/lib/locale/C.utf8/LC_TIME>
1427405 openat(AT_FDCWD</tmp/kernel-audit2-v3r63b5w/\346\261\202\350\247\243\345\231\250>, "/usr/lib/locale/C.UTF-8/LC_NUMERIC", O_RDONLY|O_CLOEXEC) = -1 ENOENT (No such file or directory)
1427405 openat(AT_FDCWD</tmp/kernel-audit2-v3r63b5w/\346\261\202\350\247\243\345\231\250>, "/usr/lib/locale/C.utf8/LC_NUMERIC", O_RDONLY|O_CLOEXEC) = 3</usr/lib/locale/C.utf8/LC_NUMERIC>
1427405 openat(AT_FDCWD</tmp/kernel-audit2-v3r63b5w/\346\261\202\350\247\243\345\231\250>, "/usr/lib/locale/C.UTF-8/LC_CTYPE", O_RDONLY|O_CLOEXEC) = -1 ENOENT (No such file or directory)
1427405 openat(AT_FDCWD</tmp/kernel-audit2-v3r63b5w/\346\261\202\350\247\243\345\231\250>, "/usr/lib/locale/C.utf8/LC_CTYPE", O_RDONLY|O_CLOEXEC) = 3</usr/lib/locale/C.utf8/LC_CTYPE>
1427405 openat(AT_FDCWD</tmp/kernel-audit2-v3r63b5w/\346\261\202\350\247\243\345\231\250>, "/tmp/kernel-audit2-v3r63b5w/\346\261\202\350\247\243\345\231\250/\350\247\204\346\240\274/\351\200\211\346\213\251\347\202\271\345\217\202\346\225\260\350\275\264.md", O_RDONLY) = 3</tmp/kernel-audit2-v3r63b5w/\346\261\202\350\247\243\345\231\250/\350\247\204\346\240\274/\351\200\211\346\213\251\347\202\271\345\217\202\346\225\260\350\275\264.md>
1427354 --- SIGCHLD {si_signo=SIGCHLD, si_code=CLD_EXITED, si_pid=1427405, si_uid=1000, si_status=0, si_utime=0, si_stime=0} ---
1427354 openat(AT_FDCWD</tmp/kernel-audit2-v3r63b5w/\346\261\202\350\247\243\345\231\250>, "/dev/null", O_RDONLY|O_CLOEXEC) = 3</dev/null<char 1:3>>
1427406 execve("/home/zhuran24/.codex/tmp/arg0/codex-arg0DuAZRy/sha256sum", ["sha256sum", "--", "/tmp/kernel-audit2-v3r63b5w/\346\261\202\350\247\243\345\231\250/\350\247\204\346\240\274/\345\217\227\351\231\220\346\250\241\345\236\213\345\243\260\346\230\216.md"], 0x7ffde62c4578 /* 135 vars */) = -1 ENOENT (No such file or directory)
1427406 execve("/home/zhuran24/.cargo/bin/sha256sum", ["sha256sum", "--", "/tmp/kernel-audit2-v3r63b5w/\346\261\202\350\247\243\345\231\250/\350\247\204\346\240\274/\345\217\227\351\231\220\346\250\241\345\236\213\345\243\260\346\230\216.md"], 0x7ffde62c4578 /* 135 vars */) = -1 ENOENT (No such file or directory)
1427406 execve("/home/zhuran24/.local/bin/sha256sum", ["sha256sum", "--", "/tmp/kernel-audit2-v3r63b5w/\346\261\202\350\247\243\345\231\250/\350\247\204\346\240\274/\345\217\227\351\231\220\346\250\241\345\236\213\345\243\260\346\230\216.md"], 0x7ffde62c4578 /* 135 vars */) = -1 ENOENT (No such file or directory)
1427406 execve("/home/zhuran24/.opencode/bin/sha256sum", ["sha256sum", "--", "/tmp/kernel-audit2-v3r63b5w/\346\261\202\350\247\243\345\231\250/\350\247\204\346\240\274/\345\217\227\351\231\220\346\250\241\345\236\213\345\243\260\346\230\216.md"], 0x7ffde62c4578 /* 135 vars */) = -1 ENOENT (No such file or directory)
1427406 execve("/usr/local/bin/sha256sum", ["sha256sum", "--", "/tmp/kernel-audit2-v3r63b5w/\346\261\202\350\247\243\345\231\250/\350\247\204\346\240\274/\345\217\227\351\231\220\346\250\241\345\236\213\345\243\260\346\230\216.md"], 0x7ffde62c4578 /* 135 vars */) = -1 ENOENT (No such file or directory)
1427406 execve("/usr/bin/sha256sum", ["sha256sum", "--", "/tmp/kernel-audit2-v3r63b5w/\346\261\202\350\247\243\345\231\250/\350\247\204\346\240\274/\345\217\227\351\231\220\346\250\241\345\236\213\345\243\260\346\230\216.md"], 0x7ffde62c4578 /* 135 vars */) = 0
1427406 openat(AT_FDCWD</tmp/kernel-audit2-v3r63b5w/\346\261\202\350\247\243\345\231\250>, "/etc/ld.so.cache", O_RDONLY|O_CLOEXEC) = 3</etc/ld.so.cache>
1427406 openat(AT_FDCWD</tmp/kernel-audit2-v3r63b5w/\346\261\202\350\247\243\345\231\250>, "/usr/lib/libcrypto.so.3", O_RDONLY|O_CLOEXEC) = 3</usr/lib/libcrypto.so.3>
1427406 openat(AT_FDCWD</tmp/kernel-audit2-v3r63b5w/\346\261\202\350\247\243\345\231\250>, "/usr/lib/libc.so.6", O_RDONLY|O_CLOEXEC) = 3</usr/lib/libc.so.6>
1427406 openat(AT_FDCWD</tmp/kernel-audit2-v3r63b5w/\346\261\202\350\247\243\345\231\250>, "/usr/lib/libz.so.1", O_RDONLY|O_CLOEXEC) = 3</usr/lib/libz.so.1.3.1.zlib-ng>
1427406 openat(AT_FDCWD</tmp/kernel-audit2-v3r63b5w/\346\261\202\350\247\243\345\231\250>, "/usr/lib/libbrotlienc.so.1", O_RDONLY|O_CLOEXEC) = 3</usr/lib/libbrotlienc.so.1.2.0>
1427406 openat(AT_FDCWD</tmp/kernel-audit2-v3r63b5w/\346\261\202\350\247\243\345\231\250>, "/usr/lib/libbrotlidec.so.1", O_RDONLY|O_CLOEXEC) = 3</usr/lib/libbrotlidec.so.1.2.0>
1427406 openat(AT_FDCWD</tmp/kernel-audit2-v3r63b5w/\346\261\202\350\247\243\345\231\250>, "/usr/lib/libzstd.so.1", O_RDONLY|O_CLOEXEC) = 3</usr/lib/libzstd.so.1.5.7>
1427406 openat(AT_FDCWD</tmp/kernel-audit2-v3r63b5w/\346\261\202\350\247\243\345\231\250>, "/usr/lib/libm.so.6", O_RDONLY|O_CLOEXEC) = 3</usr/lib/libm.so.6>
1427406 openat(AT_FDCWD</tmp/kernel-audit2-v3r63b5w/\346\261\202\350\247\243\345\231\250>, "/usr/lib/libbrotlicommon.so.1", O_RDONLY|O_CLOEXEC) = 3</usr/lib/libbrotlicommon.so.1.2.0>
1427406 openat(AT_FDCWD</tmp/kernel-audit2-v3r63b5w/\346\261\202\350\247\243\345\231\250>, "/usr/lib/locale/locale-archive", O_RDONLY|O_CLOEXEC) = 3</usr/lib/locale/locale-archive>
1427406 openat(AT_FDCWD</tmp/kernel-audit2-v3r63b5w/\346\261\202\350\247\243\345\231\250>, "/usr/share/locale/locale.alias", O_RDONLY|O_CLOEXEC) = 3</usr/share/locale/locale.alias>
1427406 openat(AT_FDCWD</tmp/kernel-audit2-v3r63b5w/\346\261\202\350\247\243\345\231\250>, "/usr/lib/locale/C.UTF-8/LC_IDENTIFICATION", O_RDONLY|O_CLOEXEC) = -1 ENOENT (No such file or directory)
1427406 openat(AT_FDCWD</tmp/kernel-audit2-v3r63b5w/\346\261\202\350\247\243\345\231\250>, "/usr/lib/locale/C.utf8/LC_IDENTIFICATION", O_RDONLY|O_CLOEXEC) = 3</usr/lib/locale/C.utf8/LC_IDENTIFICATION>
1427406 openat(AT_FDCWD</tmp/kernel-audit2-v3r63b5w/\346\261\202\350\247\243\345\231\250>, "/usr/lib/gconv/gconv-modules.cache", O_RDONLY|O_CLOEXEC) = 3</usr/lib/gconv/gconv-modules.cache>
1427406 openat(AT_FDCWD</tmp/kernel-audit2-v3r63b5w/\346\261\202\350\247\243\345\231\250>, "/usr/lib/locale/C.UTF-8/LC_MEASUREMENT", O_RDONLY|O_CLOEXEC) = -1 ENOENT (No such file or directory)
1427406 openat(AT_FDCWD</tmp/kernel-audit2-v3r63b5w/\346\261\202\350\247\243\345\231\250>, "/usr/lib/locale/C.utf8/LC_MEASUREMENT", O_RDONLY|O_CLOEXEC) = 3</usr/lib/locale/C.utf8/LC_MEASUREMENT>
1427406 openat(AT_FDCWD</tmp/kernel-audit2-v3r63b5w/\346\261\202\350\247\243\345\231\250>, "/usr/lib/locale/C.UTF-8/LC_TELEPHONE", O_RDONLY|O_CLOEXEC) = -1 ENOENT (No such file or directory)
1427406 openat(AT_FDCWD</tmp/kernel-audit2-v3r63b5w/\346\261\202\350\247\243\345\231\250>, "/usr/lib/locale/C.utf8/LC_TELEPHONE", O_RDONLY|O_CLOEXEC) = 3</usr/lib/locale/C.utf8/LC_TELEPHONE>
1427406 openat(AT_FDCWD</tmp/kernel-audit2-v3r63b5w/\346\261\202\350\247\243\345\231\250>, "/usr/lib/locale/C.UTF-8/LC_ADDRESS", O_RDONLY|O_CLOEXEC) = -1 ENOENT (No such file or directory)
1427406 openat(AT_FDCWD</tmp/kernel-audit2-v3r63b5w/\346\261\202\350\247\243\345\231\250>, "/usr/lib/locale/C.utf8/LC_ADDRESS", O_RDONLY|O_CLOEXEC) = 3</usr/lib/locale/C.utf8/LC_ADDRESS>
1427406 openat(AT_FDCWD</tmp/kernel-audit2-v3r63b5w/\346\261\202\350\247\243\345\231\250>, "/usr/lib/locale/C.UTF-8/LC_NAME", O_RDONLY|O_CLOEXEC) = -1 ENOENT (No such file or directory)
1427406 openat(AT_FDCWD</tmp/kernel-audit2-v3r63b5w/\346\261\202\350\247\243\345\231\250>, "/usr/lib/locale/C.utf8/LC_NAME", O_RDONLY|O_CLOEXEC) = 3</usr/lib/locale/C.utf8/LC_NAME>
1427406 openat(AT_FDCWD</tmp/kernel-audit2-v3r63b5w/\346\261\202\350\247\243\345\231\250>, "/usr/lib/locale/C.UTF-8/LC_PAPER", O_RDONLY|O_CLOEXEC) = -1 ENOENT (No such file or directory)
1427406 openat(AT_FDCWD</tmp/kernel-audit2-v3r63b5w/\346\261\202\350\247\243\345\231\250>, "/usr/lib/locale/C.utf8/LC_PAPER", O_RDONLY|O_CLOEXEC) = 3</usr/lib/locale/C.utf8/LC_PAPER>
1427406 openat(AT_FDCWD</tmp/kernel-audit2-v3r63b5w/\346\261\202\350\247\243\345\231\250>, "/usr/lib/locale/C.UTF-8/LC_MESSAGES", O_RDONLY|O_CLOEXEC) = -1 ENOENT (No such file or directory)
1427406 openat(AT_FDCWD</tmp/kernel-audit2-v3r63b5w/\346\261\202\350\247\243\345\231\250>, "/usr/lib/locale/C.utf8/LC_MESSAGES", O_RDONLY|O_CLOEXEC) = 3</usr/lib/locale/C.utf8/LC_MESSAGES>
1427406 openat(AT_FDCWD</tmp/kernel-audit2-v3r63b5w/\346\261\202\350\247\243\345\231\250>, "/usr/lib/locale/C.utf8/LC_MESSAGES/SYS_LC_MESSAGES", O_RDONLY|O_CLOEXEC) = 3</usr/lib/locale/C.utf8/LC_MESSAGES/SYS_LC_MESSAGES>
1427406 openat(AT_FDCWD</tmp/kernel-audit2-v3r63b5w/\346\261\202\350\247\243\345\231\250>, "/usr/lib/locale/C.UTF-8/LC_MONETARY", O_RDONLY|O_CLOEXEC) = -1 ENOENT (No such file or directory)
1427406 openat(AT_FDCWD</tmp/kernel-audit2-v3r63b5w/\346\261\202\350\247\243\345\231\250>, "/usr/lib/locale/C.utf8/LC_MONETARY", O_RDONLY|O_CLOEXEC) = 3</usr/lib/locale/C.utf8/LC_MONETARY>
1427406 openat(AT_FDCWD</tmp/kernel-audit2-v3r63b5w/\346\261\202\350\247\243\345\231\250>, "/usr/lib/locale/C.UTF-8/LC_COLLATE", O_RDONLY|O_CLOEXEC) = -1 ENOENT (No such file or directory)
1427406 openat(AT_FDCWD</tmp/kernel-audit2-v3r63b5w/\346\261\202\350\247\243\345\231\250>, "/usr/lib/locale/C.utf8/LC_COLLATE", O_RDONLY|O_CLOEXEC) = 3</usr/lib/locale/C.utf8/LC_COLLATE>
1427406 openat(AT_FDCWD</tmp/kernel-audit2-v3r63b5w/\346\261\202\350\247\243\345\231\250>, "/usr/lib/locale/C.UTF-8/LC_TIME", O_RDONLY|O_CLOEXEC) = -1 ENOENT (No such file or directory)
1427406 openat(AT_FDCWD</tmp/kernel-audit2-v3r63b5w/\346\261\202\350\247\243\345\231\250>, "/usr/lib/locale/C.utf8/LC_TIME", O_RDONLY|O_CLOEXEC) = 3</usr/lib/locale/C.utf8/LC_TIME>
1427406 openat(AT_FDCWD</tmp/kernel-audit2-v3r63b5w/\346\261\202\350\247\243\345\231\250>, "/usr/lib/locale/C.UTF-8/LC_NUMERIC", O_RDONLY|O_CLOEXEC) = -1 ENOENT (No such file or directory)
1427406 openat(AT_FDCWD</tmp/kernel-audit2-v3r63b5w/\346\261\202\350\247\243\345\231\250>, "/usr/lib/locale/C.utf8/LC_NUMERIC", O_RDONLY|O_CLOEXEC) = 3</usr/lib/locale/C.utf8/LC_NUMERIC>
1427406 openat(AT_FDCWD</tmp/kernel-audit2-v3r63b5w/\346\261\202\350\247\243\345\231\250>, "/usr/lib/locale/C.UTF-8/LC_CTYPE", O_RDONLY|O_CLOEXEC) = -1 ENOENT (No such file or directory)
1427406 openat(AT_FDCWD</tmp/kernel-audit2-v3r63b5w/\346\261\202\350\247\243\345\231\250>, "/usr/lib/locale/C.utf8/LC_CTYPE", O_RDONLY|O_CLOEXEC) = 3</usr/lib/locale/C.utf8/LC_CTYPE>
1427406 openat(AT_FDCWD</tmp/kernel-audit2-v3r63b5w/\346\261\202\350\247\243\345\231\250>, "/tmp/kernel-audit2-v3r63b5w/\346\261\202\350\247\243\345\231\250/\350\247\204\346\240\274/\345\217\227\351\231\220\346\250\241\345\236\213\345\243\260\346\230\216.md", O_RDONLY) = 3</tmp/kernel-audit2-v3r63b5w/\346\261\202\350\247\243\345\231\250/\350\247\204\346\240\274/\345\217\227\351\231\220\346\250\241\345\236\213\345\243\260\346\230\216.md>
1427354 --- SIGCHLD {si_signo=SIGCHLD, si_code=CLD_EXITED, si_pid=1427406, si_uid=1000, si_status=0, si_utime=0, si_stime=0} ---
1427354 openat(AT_FDCWD</tmp/kernel-audit2-v3r63b5w/\346\261\202\350\247\243\345\231\250>, "/dev/null", O_RDONLY|O_CLOEXEC) = 3</dev/null<char 1:3>>
1427407 execve("/home/zhuran24/.codex/tmp/arg0/codex-arg0DuAZRy/sha256sum", ["sha256sum", "--", "/tmp/kernel-audit2-v3r63b5w/\346\261\202\350\247\243\345\231\250/\350\247\204\346\240\274/\345\217\227\351\231\220\350\275\254\347\247\273\345\256\232\344\271\211.md"], 0x7ffde62c4578 /* 135 vars */) = -1 ENOENT (No such file or directory)
1427407 execve("/home/zhuran24/.cargo/bin/sha256sum", ["sha256sum", "--", "/tmp/kernel-audit2-v3r63b5w/\346\261\202\350\247\243\345\231\250/\350\247\204\346\240\274/\345\217\227\351\231\220\350\275\254\347\247\273\345\256\232\344\271\211.md"], 0x7ffde62c4578 /* 135 vars */) = -1 ENOENT (No such file or directory)
1427407 execve("/home/zhuran24/.local/bin/sha256sum", ["sha256sum", "--", "/tmp/kernel-audit2-v3r63b5w/\346\261\202\350\247\243\345\231\250/\350\247\204\346\240\274/\345\217\227\351\231\220\350\275\254\347\247\273\345\256\232\344\271\211.md"], 0x7ffde62c4578 /* 135 vars */) = -1 ENOENT (No such file or directory)
1427407 execve("/home/zhuran24/.opencode/bin/sha256sum", ["sha256sum", "--", "/tmp/kernel-audit2-v3r63b5w/\346\261\202\350\247\243\345\231\250/\350\247\204\346\240\274/\345\217\227\351\231\220\350\275\254\347\247\273\345\256\232\344\271\211.md"], 0x7ffde62c4578 /* 135 vars */) = -1 ENOENT (No such file or directory)
1427407 execve("/usr/local/bin/sha256sum", ["sha256sum", "--", "/tmp/kernel-audit2-v3r63b5w/\346\261\202\350\247\243\345\231\250/\350\247\204\346\240\274/\345\217\227\351\231\220\350\275\254\347\247\273\345\256\232\344\271\211.md"], 0x7ffde62c4578 /* 135 vars */) = -1 ENOENT (No such file or directory)
1427407 execve("/usr/bin/sha256sum", ["sha256sum", "--", "/tmp/kernel-audit2-v3r63b5w/\346\261\202\350\247\243\345\231\250/\350\247\204\346\240\274/\345\217\227\351\231\220\350\275\254\347\247\273\345\256\232\344\271\211.md"], 0x7ffde62c4578 /* 135 vars */) = 0
1427407 openat(AT_FDCWD</tmp/kernel-audit2-v3r63b5w/\346\261\202\350\247\243\345\231\250>, "/etc/ld.so.cache", O_RDONLY|O_CLOEXEC) = 3</etc/ld.so.cache>
1427407 openat(AT_FDCWD</tmp/kernel-audit2-v3r63b5w/\346\261\202\350\247\243\345\231\250>, "/usr/lib/libcrypto.so.3", O_RDONLY|O_CLOEXEC) = 3</usr/lib/libcrypto.so.3>
1427407 openat(AT_FDCWD</tmp/kernel-audit2-v3r63b5w/\346\261\202\350\247\243\345\231\250>, "/usr/lib/libc.so.6", O_RDONLY|O_CLOEXEC) = 3</usr/lib/libc.so.6>
1427407 openat(AT_FDCWD</tmp/kernel-audit2-v3r63b5w/\346\261\202\350\247\243\345\231\250>, "/usr/lib/libz.so.1", O_RDONLY|O_CLOEXEC) = 3</usr/lib/libz.so.1.3.1.zlib-ng>
1427407 openat(AT_FDCWD</tmp/kernel-audit2-v3r63b5w/\346\261\202\350\247\243\345\231\250>, "/usr/lib/libbrotlienc.so.1", O_RDONLY|O_CLOEXEC) = 3</usr/lib/libbrotlienc.so.1.2.0>
1427407 openat(AT_FDCWD</tmp/kernel-audit2-v3r63b5w/\346\261\202\350\247\243\345\231\250>, "/usr/lib/libbrotlidec.so.1", O_RDONLY|O_CLOEXEC) = 3</usr/lib/libbrotlidec.so.1.2.0>
1427407 openat(AT_FDCWD</tmp/kernel-audit2-v3r63b5w/\346\261\202\350\247\243\345\231\250>, "/usr/lib/libzstd.so.1", O_RDONLY|O_CLOEXEC) = 3</usr/lib/libzstd.so.1.5.7>
1427407 openat(AT_FDCWD</tmp/kernel-audit2-v3r63b5w/\346\261\202\350\247\243\345\231\250>, "/usr/lib/libm.so.6", O_RDONLY|O_CLOEXEC) = 3</usr/lib/libm.so.6>
1427407 openat(AT_FDCWD</tmp/kernel-audit2-v3r63b5w/\346\261\202\350\247\243\345\231\250>, "/usr/lib/libbrotlicommon.so.1", O_RDONLY|O_CLOEXEC) = 3</usr/lib/libbrotlicommon.so.1.2.0>
1427407 openat(AT_FDCWD</tmp/kernel-audit2-v3r63b5w/\346\261\202\350\247\243\345\231\250>, "/usr/lib/locale/locale-archive", O_RDONLY|O_CLOEXEC) = 3</usr/lib/locale/locale-archive>
1427407 openat(AT_FDCWD</tmp/kernel-audit2-v3r63b5w/\346\261\202\350\247\243\345\231\250>, "/usr/share/locale/locale.alias", O_RDONLY|O_CLOEXEC) = 3</usr/share/locale/locale.alias>
1427407 openat(AT_FDCWD</tmp/kernel-audit2-v3r63b5w/\346\261\202\350\247\243\345\231\250>, "/usr/lib/locale/C.UTF-8/LC_IDENTIFICATION", O_RDONLY|O_CLOEXEC) = -1 ENOENT (No such file or directory)
1427407 openat(AT_FDCWD</tmp/kernel-audit2-v3r63b5w/\346\261\202\350\247\243\345\231\250>, "/usr/lib/locale/C.utf8/LC_IDENTIFICATION", O_RDONLY|O_CLOEXEC) = 3</usr/lib/locale/C.utf8/LC_IDENTIFICATION>
1427407 openat(AT_FDCWD</tmp/kernel-audit2-v3r63b5w/\346\261\202\350\247\243\345\231\250>, "/usr/lib/gconv/gconv-modules.cache", O_RDONLY|O_CLOEXEC) = 3</usr/lib/gconv/gconv-modules.cache>
1427407 openat(AT_FDCWD</tmp/kernel-audit2-v3r63b5w/\346\261\202\350\247\243\345\231\250>, "/usr/lib/locale/C.UTF-8/LC_MEASUREMENT", O_RDONLY|O_CLOEXEC) = -1 ENOENT (No such file or directory)
1427407 openat(AT_FDCWD</tmp/kernel-audit2-v3r63b5w/\346\261\202\350\247\243\345\231\250>, "/usr/lib/locale/C.utf8/LC_MEASUREMENT", O_RDONLY|O_CLOEXEC) = 3</usr/lib/locale/C.utf8/LC_MEASUREMENT>
1427407 openat(AT_FDCWD</tmp/kernel-audit2-v3r63b5w/\346\261\202\350\247\243\345\231\250>, "/usr/lib/locale/C.UTF-8/LC_TELEPHONE", O_RDONLY|O_CLOEXEC) = -1 ENOENT (No such file or directory)
1427407 openat(AT_FDCWD</tmp/kernel-audit2-v3r63b5w/\346\261\202\350\247\243\345\231\250>, "/usr/lib/locale/C.utf8/LC_TELEPHONE", O_RDONLY|O_CLOEXEC) = 3</usr/lib/locale/C.utf8/LC_TELEPHONE>
1427407 openat(AT_FDCWD</tmp/kernel-audit2-v3r63b5w/\346\261\202\350\247\243\345\231\250>, "/usr/lib/locale/C.UTF-8/LC_ADDRESS", O_RDONLY|O_CLOEXEC) = -1 ENOENT (No such file or directory)
1427407 openat(AT_FDCWD</tmp/kernel-audit2-v3r63b5w/\346\261\202\350\247\243\345\231\250>, "/usr/lib/locale/C.utf8/LC_ADDRESS", O_RDONLY|O_CLOEXEC) = 3</usr/lib/locale/C.utf8/LC_ADDRESS>
1427407 openat(AT_FDCWD</tmp/kernel-audit2-v3r63b5w/\346\261\202\350\247\243\345\231\250>, "/usr/lib/locale/C.UTF-8/LC_NAME", O_RDONLY|O_CLOEXEC) = -1 ENOENT (No such file or directory)
1427407 openat(AT_FDCWD</tmp/kernel-audit2-v3r63b5w/\346\261\202\350\247\243\345\231\250>, "/usr/lib/locale/C.utf8/LC_NAME", O_RDONLY|O_CLOEXEC) = 3</usr/lib/locale/C.utf8/LC_NAME>
1427407 openat(AT_FDCWD</tmp/kernel-audit2-v3r63b5w/\346\261\202\350\247\243\345\231\250>, "/usr/lib/locale/C.UTF-8/LC_PAPER", O_RDONLY|O_CLOEXEC) = -1 ENOENT (No such file or directory)
1427407 openat(AT_FDCWD</tmp/kernel-audit2-v3r63b5w/\346\261\202\350\247\243\345\231\250>, "/usr/lib/locale/C.utf8/LC_PAPER", O_RDONLY|O_CLOEXEC) = 3</usr/lib/locale/C.utf8/LC_PAPER>
1427407 openat(AT_FDCWD</tmp/kernel-audit2-v3r63b5w/\346\261\202\350\247\243\345\231\250>, "/usr/lib/locale/C.UTF-8/LC_MESSAGES", O_RDONLY|O_CLOEXEC) = -1 ENOENT (No such file or directory)
1427407 openat(AT_FDCWD</tmp/kernel-audit2-v3r63b5w/\346\261\202\350\247\243\345\231\250>, "/usr/lib/locale/C.utf8/LC_MESSAGES", O_RDONLY|O_CLOEXEC) = 3</usr/lib/locale/C.utf8/LC_MESSAGES>
1427407 openat(AT_FDCWD</tmp/kernel-audit2-v3r63b5w/\346\261\202\350\247\243\345\231\250>, "/usr/lib/locale/C.utf8/LC_MESSAGES/SYS_LC_MESSAGES", O_RDONLY|O_CLOEXEC) = 3</usr/lib/locale/C.utf8/LC_MESSAGES/SYS_LC_MESSAGES>
1427407 openat(AT_FDCWD</tmp/kernel-audit2-v3r63b5w/\346\261\202\350\247\243\345\231\250>, "/usr/lib/locale/C.UTF-8/LC_MONETARY", O_RDONLY|O_CLOEXEC) = -1 ENOENT (No such file or directory)
1427407 openat(AT_FDCWD</tmp/kernel-audit2-v3r63b5w/\346\261\202\350\247\243\345\231\250>, "/usr/lib/locale/C.utf8/LC_MONETARY", O_RDONLY|O_CLOEXEC) = 3</usr/lib/locale/C.utf8/LC_MONETARY>
1427407 openat(AT_FDCWD</tmp/kernel-audit2-v3r63b5w/\346\261\202\350\247\243\345\231\250>, "/usr/lib/locale/C.UTF-8/LC_COLLATE", O_RDONLY|O_CLOEXEC) = -1 ENOENT (No such file or directory)
1427407 openat(AT_FDCWD</tmp/kernel-audit2-v3r63b5w/\346\261\202\350\247\243\345\231\250>, "/usr/lib/locale/C.utf8/LC_COLLATE", O_RDONLY|O_CLOEXEC) = 3</usr/lib/locale/C.utf8/LC_COLLATE>
1427407 openat(AT_FDCWD</tmp/kernel-audit2-v3r63b5w/\346\261\202\350\247\243\345\231\250>, "/usr/lib/locale/C.UTF-8/LC_TIME", O_RDONLY|O_CLOEXEC) = -1 ENOENT (No such file or directory)
1427407 openat(AT_FDCWD</tmp/kernel-audit2-v3r63b5w/\346\261\202\350\247\243\345\231\250>, "/usr/lib/locale/C.utf8/LC_TIME", O_RDONLY|O_CLOEXEC) = 3</usr/lib/locale/C.utf8/LC_TIME>
1427407 openat(AT_FDCWD</tmp/kernel-audit2-v3r63b5w/\346\261\202\350\247\243\345\231\250>, "/usr/lib/locale/C.UTF-8/LC_NUMERIC", O_RDONLY|O_CLOEXEC) = -1 ENOENT (No such file or directory)
1427407 openat(AT_FDCWD</tmp/kernel-audit2-v3r63b5w/\346\261\202\350\247\243\345\231\250>, "/usr/lib/locale/C.utf8/LC_NUMERIC", O_RDONLY|O_CLOEXEC) = 3</usr/lib/locale/C.utf8/LC_NUMERIC>
1427407 openat(AT_FDCWD</tmp/kernel-audit2-v3r63b5w/\346\261\202\350\247\243\345\231\250>, "/usr/lib/locale/C.UTF-8/LC_CTYPE", O_RDONLY|O_CLOEXEC) = -1 ENOENT (No such file or directory)
1427407 openat(AT_FDCWD</tmp/kernel-audit2-v3r63b5w/\346\261\202\350\247\243\345\231\250>, "/usr/lib/locale/C.utf8/LC_CTYPE", O_RDONLY|O_CLOEXEC) = 3</usr/lib/locale/C.utf8/LC_CTYPE>
1427407 openat(AT_FDCWD</tmp/kernel-audit2-v3r63b5w/\346\261\202\350\247\243\345\231\250>, "/tmp/kernel-audit2-v3r63b5w/\346\261\202\350\247\243\345\231\250/\350\247\204\346\240\274/\345\217\227\351\231\220\350\275\254\347\247\273\345\256\232\344\271\211.md", O_RDONLY) = 3</tmp/kernel-audit2-v3r63b5w/\346\261\202\350\247\243\345\231\250/\350\247\204\346\240\274/\345\217\227\351\231\220\350\275\254\347\247\273\345\256\232\344\271\211.md>
1427354 --- SIGCHLD {si_signo=SIGCHLD, si_code=CLD_EXITED, si_pid=1427407, si_uid=1000, si_status=0, si_utime=0, si_stime=0} ---
1427354 openat(AT_FDCWD</tmp/kernel-audit2-v3r63b5w/\346\261\202\350\247\243\345\231\250>, "/dev/null", O_RDONLY|O_CLOEXEC) = 3</dev/null<char 1:3>>
1427408 execve("/home/zhuran24/.codex/tmp/arg0/codex-arg0DuAZRy/sha256sum", ["sha256sum", "--", "/tmp/kernel-audit2-v3r63b5w/\346\261\202\350\247\243\345\231\250/\350\247\204\346\240\274/\350\277\220\350\241\214\350\257\255\344\271\211.md"], 0x7ffde62c4578 /* 135 vars */) = -1 ENOENT (No such file or directory)
1427408 execve("/home/zhuran24/.cargo/bin/sha256sum", ["sha256sum", "--", "/tmp/kernel-audit2-v3r63b5w/\346\261\202\350\247\243\345\231\250/\350\247\204\346\240\274/\350\277\220\350\241\214\350\257\255\344\271\211.md"], 0x7ffde62c4578 /* 135 vars */) = -1 ENOENT (No such file or directory)
1427408 execve("/home/zhuran24/.local/bin/sha256sum", ["sha256sum", "--", "/tmp/kernel-audit2-v3r63b5w/\346\261\202\350\247\243\345\231\250/\350\247\204\346\240\274/\350\277\220\350\241\214\350\257\255\344\271\211.md"], 0x7ffde62c4578 /* 135 vars */) = -1 ENOENT (No such file or directory)
1427408 execve("/home/zhuran24/.opencode/bin/sha256sum", ["sha256sum", "--", "/tmp/kernel-audit2-v3r63b5w/\346\261\202\350\247\243\345\231\250/\350\247\204\346\240\274/\350\277\220\350\241\214\350\257\255\344\271\211.md"], 0x7ffde62c4578 /* 135 vars */) = -1 ENOENT (No such file or directory)
1427408 execve("/usr/local/bin/sha256sum", ["sha256sum", "--", "/tmp/kernel-audit2-v3r63b5w/\346\261\202\350\247\243\345\231\250/\350\247\204\346\240\274/\350\277\220\350\241\214\350\257\255\344\271\211.md"], 0x7ffde62c4578 /* 135 vars */) = -1 ENOENT (No such file or directory)
1427408 execve("/usr/bin/sha256sum", ["sha256sum", "--", "/tmp/kernel-audit2-v3r63b5w/\346\261\202\350\247\243\345\231\250/\350\247\204\346\240\274/\350\277\220\350\241\214\350\257\255\344\271\211.md"], 0x7ffde62c4578 /* 135 vars */) = 0
1427408 openat(AT_FDCWD</tmp/kernel-audit2-v3r63b5w/\346\261\202\350\247\243\345\231\250>, "/etc/ld.so.cache", O_RDONLY|O_CLOEXEC) = 3</etc/ld.so.cache>
1427408 openat(AT_FDCWD</tmp/kernel-audit2-v3r63b5w/\346\261\202\350\247\243\345\231\250>, "/usr/lib/libcrypto.so.3", O_RDONLY|O_CLOEXEC) = 3</usr/lib/libcrypto.so.3>
1427408 openat(AT_FDCWD</tmp/kernel-audit2-v3r63b5w/\346\261\202\350\247\243\345\231\250>, "/usr/lib/libc.so.6", O_RDONLY|O_CLOEXEC) = 3</usr/lib/libc.so.6>
1427408 openat(AT_FDCWD</tmp/kernel-audit2-v3r63b5w/\346\261\202\350\247\243\345\231\250>, "/usr/lib/libz.so.1", O_RDONLY|O_CLOEXEC) = 3</usr/lib/libz.so.1.3.1.zlib-ng>
1427408 openat(AT_FDCWD</tmp/kernel-audit2-v3r63b5w/\346\261\202\350\247\243\345\231\250>, "/usr/lib/libbrotlienc.so.1", O_RDONLY|O_CLOEXEC) = 3</usr/lib/libbrotlienc.so.1.2.0>
1427408 openat(AT_FDCWD</tmp/kernel-audit2-v3r63b5w/\346\261\202\350\247\243\345\231\250>, "/usr/lib/libbrotlidec.so.1", O_RDONLY|O_CLOEXEC) = 3</usr/lib/libbrotlidec.so.1.2.0>
1427408 openat(AT_FDCWD</tmp/kernel-audit2-v3r63b5w/\346\261\202\350\247\243\345\231\250>, "/usr/lib/libzstd.so.1", O_RDONLY|O_CLOEXEC) = 3</usr/lib/libzstd.so.1.5.7>
1427408 openat(AT_FDCWD</tmp/kernel-audit2-v3r63b5w/\346\261\202\350\247\243\345\231\250>, "/usr/lib/libm.so.6", O_RDONLY|O_CLOEXEC) = 3</usr/lib/libm.so.6>
1427408 openat(AT_FDCWD</tmp/kernel-audit2-v3r63b5w/\346\261\202\350\247\243\345\231\250>, "/usr/lib/libbrotlicommon.so.1", O_RDONLY|O_CLOEXEC) = 3</usr/lib/libbrotlicommon.so.1.2.0>
1427408 openat(AT_FDCWD</tmp/kernel-audit2-v3r63b5w/\346\261\202\350\247\243\345\231\250>, "/usr/lib/locale/locale-archive", O_RDONLY|O_CLOEXEC) = 3</usr/lib/locale/locale-archive>
1427408 openat(AT_FDCWD</tmp/kernel-audit2-v3r63b5w/\346\261\202\350\247\243\345\231\250>, "/usr/share/locale/locale.alias", O_RDONLY|O_CLOEXEC) = 3</usr/share/locale/locale.alias>
1427408 openat(AT_FDCWD</tmp/kernel-audit2-v3r63b5w/\346\261\202\350\247\243\345\231\250>, "/usr/lib/locale/C.UTF-8/LC_IDENTIFICATION", O_RDONLY|O_CLOEXEC) = -1 ENOENT (No such file or directory)
1427408 openat(AT_FDCWD</tmp/kernel-audit2-v3r63b5w/\346\261\202\350\247\243\345\231\250>, "/usr/lib/locale/C.utf8/LC_IDENTIFICATION", O_RDONLY|O_CLOEXEC) = 3</usr/lib/locale/C.utf8/LC_IDENTIFICATION>
1427408 openat(AT_FDCWD</tmp/kernel-audit2-v3r63b5w/\346\261\202\350\247\243\345\231\250>, "/usr/lib/gconv/gconv-modules.cache", O_RDONLY|O_CLOEXEC) = 3</usr/lib/gconv/gconv-modules.cache>
1427408 openat(AT_FDCWD</tmp/kernel-audit2-v3r63b5w/\346\261\202\350\247\243\345\231\250>, "/usr/lib/locale/C.UTF-8/LC_MEASUREMENT", O_RDONLY|O_CLOEXEC) = -1 ENOENT (No such file or directory)
1427408 openat(AT_FDCWD</tmp/kernel-audit2-v3r63b5w/\346\261\202\350\247\243\345\231\250>, "/usr/lib/locale/C.utf8/LC_MEASUREMENT", O_RDONLY|O_CLOEXEC) = 3</usr/lib/locale/C.utf8/LC_MEASUREMENT>
1427408 openat(AT_FDCWD</tmp/kernel-audit2-v3r63b5w/\346\261\202\350\247\243\345\231\250>, "/usr/lib/locale/C.UTF-8/LC_TELEPHONE", O_RDONLY|O_CLOEXEC) = -1 ENOENT (No such file or directory)
1427408 openat(AT_FDCWD</tmp/kernel-audit2-v3r63b5w/\346\261\202\350\247\243\345\231\250>, "/usr/lib/locale/C.utf8/LC_TELEPHONE", O_RDONLY|O_CLOEXEC) = 3</usr/lib/locale/C.utf8/LC_TELEPHONE>
1427408 openat(AT_FDCWD</tmp/kernel-audit2-v3r63b5w/\346\261\202\350\247\243\345\231\250>, "/usr/lib/locale/C.UTF-8/LC_ADDRESS", O_RDONLY|O_CLOEXEC) = -1 ENOENT (No such file or directory)
1427408 openat(AT_FDCWD</tmp/kernel-audit2-v3r63b5w/\346\261\202\350\247\243\345\231\250>, "/usr/lib/locale/C.utf8/LC_ADDRESS", O_RDONLY|O_CLOEXEC) = 3</usr/lib/locale/C.utf8/LC_ADDRESS>
1427408 openat(AT_FDCWD</tmp/kernel-audit2-v3r63b5w/\346\261\202\350\247\243\345\231\250>, "/usr/lib/locale/C.UTF-8/LC_NAME", O_RDONLY|O_CLOEXEC) = -1 ENOENT (No such file or directory)
1427408 openat(AT_FDCWD</tmp/kernel-audit2-v3r63b5w/\346\261\202\350\247\243\345\231\250>, "/usr/lib/locale/C.utf8/LC_NAME", O_RDONLY|O_CLOEXEC) = 3</usr/lib/locale/C.utf8/LC_NAME>
1427408 openat(AT_FDCWD</tmp/kernel-audit2-v3r63b5w/\346\261\202\350\247\243\345\231\250>, "/usr/lib/locale/C.UTF-8/LC_PAPER", O_RDONLY|O_CLOEXEC) = -1 ENOENT (No such file or directory)
1427408 openat(AT_FDCWD</tmp/kernel-audit2-v3r63b5w/\346\261\202\350\247\243\345\231\250>, "/usr/lib/locale/C.utf8/LC_PAPER", O_RDONLY|O_CLOEXEC) = 3</usr/lib/locale/C.utf8/LC_PAPER>
1427408 openat(AT_FDCWD</tmp/kernel-audit2-v3r63b5w/\346\261\202\350\247\243\345\231\250>, "/usr/lib/locale/C.UTF-8/LC_MESSAGES", O_RDONLY|O_CLOEXEC) = -1 ENOENT (No such file or directory)
1427408 openat(AT_FDCWD</tmp/kernel-audit2-v3r63b5w/\346\261\202\350\247\243\345\231\250>, "/usr/lib/locale/C.utf8/LC_MESSAGES", O_RDONLY|O_CLOEXEC) = 3</usr/lib/locale/C.utf8/LC_MESSAGES>
1427408 openat(AT_FDCWD</tmp/kernel-audit2-v3r63b5w/\346\261\202\350\247\243\345\231\250>, "/usr/lib/locale/C.utf8/LC_MESSAGES/SYS_LC_MESSAGES", O_RDONLY|O_CLOEXEC) = 3</usr/lib/locale/C.utf8/LC_MESSAGES/SYS_LC_MESSAGES>
1427408 openat(AT_FDCWD</tmp/kernel-audit2-v3r63b5w/\346\261\202\350\247\243\345\231\250>, "/usr/lib/locale/C.UTF-8/LC_MONETARY", O_RDONLY|O_CLOEXEC) = -1 ENOENT (No such file or directory)
1427408 openat(AT_FDCWD</tmp/kernel-audit2-v3r63b5w/\346\261\202\350\247\243\345\231\250>, "/usr/lib/locale/C.utf8/LC_MONETARY", O_RDONLY|O_CLOEXEC) = 3</usr/lib/locale/C.utf8/LC_MONETARY>
1427408 openat(AT_FDCWD</tmp/kernel-audit2-v3r63b5w/\346\261\202\350\247\243\345\231\250>, "/usr/lib/locale/C.UTF-8/LC_COLLATE", O_RDONLY|O_CLOEXEC) = -1 ENOENT (No such file or directory)
1427408 openat(AT_FDCWD</tmp/kernel-audit2-v3r63b5w/\346\261\202\350\247\243\345\231\250>, "/usr/lib/locale/C.utf8/LC_COLLATE", O_RDONLY|O_CLOEXEC) = 3</usr/lib/locale/C.utf8/LC_COLLATE>
1427408 openat(AT_FDCWD</tmp/kernel-audit2-v3r63b5w/\346\261\202\350\247\243\345\231\250>, "/usr/lib/locale/C.UTF-8/LC_TIME", O_RDONLY|O_CLOEXEC) = -1 ENOENT (No such file or directory)
1427408 openat(AT_FDCWD</tmp/kernel-audit2-v3r63b5w/\346\261\202\350\247\243\345\231\250>, "/usr/lib/locale/C.utf8/LC_TIME", O_RDONLY|O_CLOEXEC) = 3</usr/lib/locale/C.utf8/LC_TIME>
1427408 openat(AT_FDCWD</tmp/kernel-audit2-v3r63b5w/\346\261\202\350\247\243\345\231\250>, "/usr/lib/locale/C.UTF-8/LC_NUMERIC", O_RDONLY|O_CLOEXEC) = -1 ENOENT (No such file or directory)
1427408 openat(AT_FDCWD</tmp/kernel-audit2-v3r63b5w/\346\261\202\350\247\243\345\231\250>, "/usr/lib/locale/C.utf8/LC_NUMERIC", O_RDONLY|O_CLOEXEC) = 3</usr/lib/locale/C.utf8/LC_NUMERIC>
1427408 openat(AT_FDCWD</tmp/kernel-audit2-v3r63b5w/\346\261\202\350\247\243\345\231\250>, "/usr/lib/locale/C.UTF-8/LC_CTYPE", O_RDONLY|O_CLOEXEC) = -1 ENOENT (No such file or directory)
1427408 openat(AT_FDCWD</tmp/kernel-audit2-v3r63b5w/\346\261\202\350\247\243\345\231\250>, "/usr/lib/locale/C.utf8/LC_CTYPE", O_RDONLY|O_CLOEXEC) = 3</usr/lib/locale/C.utf8/LC_CTYPE>
1427408 openat(AT_FDCWD</tmp/kernel-audit2-v3r63b5w/\346\261\202\350\247\243\345\231\250>, "/tmp/kernel-audit2-v3r63b5w/\346\261\202\350\247\243\345\231\250/\350\247\204\346\240\274/\350\277\220\350\241\214\350\257\255\344\271\211.md", O_RDONLY) = 3</tmp/kernel-audit2-v3r63b5w/\346\261\202\350\247\243\345\231\250/\350\247\204\346\240\274/\350\277\220\350\241\214\350\257\255\344\271\211.md>
1427354 --- SIGCHLD {si_signo=SIGCHLD, si_code=CLD_EXITED, si_pid=1427408, si_uid=1000, si_status=0, si_utime=0, si_stime=0} ---
1427354 openat(AT_FDCWD</tmp/kernel-audit2-v3r63b5w/\346\261\202\350\247\243\345\231\250>, "/dev/null", O_RDONLY|O_CLOEXEC) = 3</dev/null<char 1:3>>
1427409 execve("/home/zhuran24/.codex/tmp/arg0/codex-arg0DuAZRy/sha256sum", ["sha256sum", "--", "/tmp/kernel-audit2-v3r63b5w/\346\261\202\350\247\243\345\231\250/\350\247\204\346\240\274/\345\206\205\346\240\270\350\276\223\345\205\245.md"], 0x7ffde62c4578 /* 135 vars */) = -1 ENOENT (No such file or directory)
1427409 execve("/home/zhuran24/.cargo/bin/sha256sum", ["sha256sum", "--", "/tmp/kernel-audit2-v3r63b5w/\346\261\202\350\247\243\345\231\250/\350\247\204\346\240\274/\345\206\205\346\240\270\350\276\223\345\205\245.md"], 0x7ffde62c4578 /* 135 vars */) = -1 ENOENT (No such file or directory)
1427409 execve("/home/zhuran24/.local/bin/sha256sum", ["sha256sum", "--", "/tmp/kernel-audit2-v3r63b5w/\346\261\202\350\247\243\345\231\250/\350\247\204\346\240\274/\345\206\205\346\240\270\350\276\223\345\205\245.md"], 0x7ffde62c4578 /* 135 vars */) = -1 ENOENT (No such file or directory)
1427409 execve("/home/zhuran24/.opencode/bin/sha256sum", ["sha256sum", "--", "/tmp/kernel-audit2-v3r63b5w/\346\261\202\350\247\243\345\231\250/\350\247\204\346\240\274/\345\206\205\346\240\270\350\276\223\345\205\245.md"], 0x7ffde62c4578 /* 135 vars */) = -1 ENOENT (No such file or directory)
1427409 execve("/usr/local/bin/sha256sum", ["sha256sum", "--", "/tmp/kernel-audit2-v3r63b5w/\346\261\202\350\247\243\345\231\250/\350\247\204\346\240\274/\345\206\205\346\240\270\350\276\223\345\205\245.md"], 0x7ffde62c4578 /* 135 vars */) = -1 ENOENT (No such file or directory)
1427409 execve("/usr/bin/sha256sum", ["sha256sum", "--", "/tmp/kernel-audit2-v3r63b5w/\346\261\202\350\247\243\345\231\250/\350\247\204\346\240\274/\345\206\205\346\240\270\350\276\223\345\205\245.md"], 0x7ffde62c4578 /* 135 vars */) = 0
1427409 openat(AT_FDCWD</tmp/kernel-audit2-v3r63b5w/\346\261\202\350\247\243\345\231\250>, "/etc/ld.so.cache", O_RDONLY|O_CLOEXEC) = 3</etc/ld.so.cache>
1427409 openat(AT_FDCWD</tmp/kernel-audit2-v3r63b5w/\346\261\202\350\247\243\345\231\250>, "/usr/lib/libcrypto.so.3", O_RDONLY|O_CLOEXEC) = 3</usr/lib/libcrypto.so.3>
1427409 openat(AT_FDCWD</tmp/kernel-audit2-v3r63b5w/\346\261\202\350\247\243\345\231\250>, "/usr/lib/libc.so.6", O_RDONLY|O_CLOEXEC) = 3</usr/lib/libc.so.6>
1427409 openat(AT_FDCWD</tmp/kernel-audit2-v3r63b5w/\346\261\202\350\247\243\345\231\250>, "/usr/lib/libz.so.1", O_RDONLY|O_CLOEXEC) = 3</usr/lib/libz.so.1.3.1.zlib-ng>
1427409 openat(AT_FDCWD</tmp/kernel-audit2-v3r63b5w/\346\261\202\350\247\243\345\231\250>, "/usr/lib/libbrotlienc.so.1", O_RDONLY|O_CLOEXEC) = 3</usr/lib/libbrotlienc.so.1.2.0>
1427409 openat(AT_FDCWD</tmp/kernel-audit2-v3r63b5w/\346\261\202\350\247\243\345\231\250>, "/usr/lib/libbrotlidec.so.1", O_RDONLY|O_CLOEXEC) = 3</usr/lib/libbrotlidec.so.1.2.0>
1427409 openat(AT_FDCWD</tmp/kernel-audit2-v3r63b5w/\346\261\202\350\247\243\345\231\250>, "/usr/lib/libzstd.so.1", O_RDONLY|O_CLOEXEC) = 3</usr/lib/libzstd.so.1.5.7>
1427409 openat(AT_FDCWD</tmp/kernel-audit2-v3r63b5w/\346\261\202\350\247\243\345\231\250>, "/usr/lib/libm.so.6", O_RDONLY|O_CLOEXEC) = 3</usr/lib/libm.so.6>
1427409 openat(AT_FDCWD</tmp/kernel-audit2-v3r63b5w/\346\261\202\350\247\243\345\231\250>, "/usr/lib/libbrotlicommon.so.1", O_RDONLY|O_CLOEXEC) = 3</usr/lib/libbrotlicommon.so.1.2.0>
1427409 openat(AT_FDCWD</tmp/kernel-audit2-v3r63b5w/\346\261\202\350\247\243\345\231\250>, "/usr/lib/locale/locale-archive", O_RDONLY|O_CLOEXEC) = 3</usr/lib/locale/locale-archive>
1427409 openat(AT_FDCWD</tmp/kernel-audit2-v3r63b5w/\346\261\202\350\247\243\345\231\250>, "/usr/share/locale/locale.alias", O_RDONLY|O_CLOEXEC) = 3</usr/share/locale/locale.alias>
1427409 openat(AT_FDCWD</tmp/kernel-audit2-v3r63b5w/\346\261\202\350\247\243\345\231\250>, "/usr/lib/locale/C.UTF-8/LC_IDENTIFICATION", O_RDONLY|O_CLOEXEC) = -1 ENOENT (No such file or directory)
1427409 openat(AT_FDCWD</tmp/kernel-audit2-v3r63b5w/\346\261\202\350\247\243\345\231\250>, "/usr/lib/locale/C.utf8/LC_IDENTIFICATION", O_RDONLY|O_CLOEXEC) = 3</usr/lib/locale/C.utf8/LC_IDENTIFICATION>
1427409 openat(AT_FDCWD</tmp/kernel-audit2-v3r63b5w/\346\261\202\350\247\243\345\231\250>, "/usr/lib/gconv/gconv-modules.cache", O_RDONLY|O_CLOEXEC) = 3</usr/lib/gconv/gconv-modules.cache>
1427409 openat(AT_FDCWD</tmp/kernel-audit2-v3r63b5w/\346\261\202\350\247\243\345\231\250>, "/usr/lib/locale/C.UTF-8/LC_MEASUREMENT", O_RDONLY|O_CLOEXEC) = -1 ENOENT (No such file or directory)
1427409 openat(AT_FDCWD</tmp/kernel-audit2-v3r63b5w/\346\261\202\350\247\243\345\231\250>, "/usr/lib/locale/C.utf8/LC_MEASUREMENT", O_RDONLY|O_CLOEXEC) = 3</usr/lib/locale/C.utf8/LC_MEASUREMENT>
1427409 openat(AT_FDCWD</tmp/kernel-audit2-v3r63b5w/\346\261\202\350\247\243\345\231\250>, "/usr/lib/locale/C.UTF-8/LC_TELEPHONE", O_RDONLY|O_CLOEXEC) = -1 ENOENT (No such file or directory)
1427409 openat(AT_FDCWD</tmp/kernel-audit2-v3r63b5w/\346\261\202\350\247\243\345\231\250>, "/usr/lib/locale/C.utf8/LC_TELEPHONE", O_RDONLY|O_CLOEXEC) = 3</usr/lib/locale/C.utf8/LC_TELEPHONE>
1427409 openat(AT_FDCWD</tmp/kernel-audit2-v3r63b5w/\346\261\202\350\247\243\345\231\250>, "/usr/lib/locale/C.UTF-8/LC_ADDRESS", O_RDONLY|O_CLOEXEC) = -1 ENOENT (No such file or directory)
1427409 openat(AT_FDCWD</tmp/kernel-audit2-v3r63b5w/\346\261\202\350\247\243\345\231\250>, "/usr/lib/locale/C.utf8/LC_ADDRESS", O_RDONLY|O_CLOEXEC) = 3</usr/lib/locale/C.utf8/LC_ADDRESS>
1427409 openat(AT_FDCWD</tmp/kernel-audit2-v3r63b5w/\346\261\202\350\247\243\345\231\250>, "/usr/lib/locale/C.UTF-8/LC_NAME", O_RDONLY|O_CLOEXEC) = -1 ENOENT (No such file or directory)
1427409 openat(AT_FDCWD</tmp/kernel-audit2-v3r63b5w/\346\261\202\350\247\243\345\231\250>, "/usr/lib/locale/C.utf8/LC_NAME", O_RDONLY|O_CLOEXEC) = 3</usr/lib/locale/C.utf8/LC_NAME>
1427409 openat(AT_FDCWD</tmp/kernel-audit2-v3r63b5w/\346\261\202\350\247\243\345\231\250>, "/usr/lib/locale/C.UTF-8/LC_PAPER", O_RDONLY|O_CLOEXEC) = -1 ENOENT (No such file or directory)
1427409 openat(AT_FDCWD</tmp/kernel-audit2-v3r63b5w/\346\261\202\350\247\243\345\231\250>, "/usr/lib/locale/C.utf8/LC_PAPER", O_RDONLY|O_CLOEXEC) = 3</usr/lib/locale/C.utf8/LC_PAPER>
1427409 openat(AT_FDCWD</tmp/kernel-audit2-v3r63b5w/\346\261\202\350\247\243\345\231\250>, "/usr/lib/locale/C.UTF-8/LC_MESSAGES", O_RDONLY|O_CLOEXEC) = -1 ENOENT (No such file or directory)
1427409 openat(AT_FDCWD</tmp/kernel-audit2-v3r63b5w/\346\261\202\350\247\243\345\231\250>, "/usr/lib/locale/C.utf8/LC_MESSAGES", O_RDONLY|O_CLOEXEC) = 3</usr/lib/locale/C.utf8/LC_MESSAGES>
1427409 openat(AT_FDCWD</tmp/kernel-audit2-v3r63b5w/\346\261\202\350\247\243\345\231\250>, "/usr/lib/locale/C.utf8/LC_MESSAGES/SYS_LC_MESSAGES", O_RDONLY|O_CLOEXEC) = 3</usr/lib/locale/C.utf8/LC_MESSAGES/SYS_LC_MESSAGES>
1427409 openat(AT_FDCWD</tmp/kernel-audit2-v3r63b5w/\346\261\202\350\247\243\345\231\250>, "/usr/lib/locale/C.UTF-8/LC_MONETARY", O_RDONLY|O_CLOEXEC) = -1 ENOENT (No such file or directory)
1427409 openat(AT_FDCWD</tmp/kernel-audit2-v3r63b5w/\346\261\202\350\247\243\345\231\250>, "/usr/lib/locale/C.utf8/LC_MONETARY", O_RDONLY|O_CLOEXEC) = 3</usr/lib/locale/C.utf8/LC_MONETARY>
1427409 openat(AT_FDCWD</tmp/kernel-audit2-v3r63b5w/\346\261\202\350\247\243\345\231\250>, "/usr/lib/locale/C.UTF-8/LC_COLLATE", O_RDONLY|O_CLOEXEC) = -1 ENOENT (No such file or directory)
1427409 openat(AT_FDCWD</tmp/kernel-audit2-v3r63b5w/\346\261\202\350\247\243\345\231\250>, "/usr/lib/locale/C.utf8/LC_COLLATE", O_RDONLY|O_CLOEXEC) = 3</usr/lib/locale/C.utf8/LC_COLLATE>
1427409 openat(AT_FDCWD</tmp/kernel-audit2-v3r63b5w/\346\261\202\350\247\243\345\231\250>, "/usr/lib/locale/C.UTF-8/LC_TIME", O_RDONLY|O_CLOEXEC) = -1 ENOENT (No such file or directory)
1427409 openat(AT_FDCWD</tmp/kernel-audit2-v3r63b5w/\346\261\202\350\247\243\345\231\250>, "/usr/lib/locale/C.utf8/LC_TIME", O_RDONLY|O_CLOEXEC) = 3</usr/lib/locale/C.utf8/LC_TIME>
1427409 openat(AT_FDCWD</tmp/kernel-audit2-v3r63b5w/\346\261\202\350\247\243\345\231\250>, "/usr/lib/locale/C.UTF-8/LC_NUMERIC", O_RDONLY|O_CLOEXEC) = -1 ENOENT (No such file or directory)
1427409 openat(AT_FDCWD</tmp/kernel-audit2-v3r63b5w/\346\261\202\350\247\243\345\231\250>, "/usr/lib/locale/C.utf8/LC_NUMERIC", O_RDONLY|O_CLOEXEC) = 3</usr/lib/locale/C.utf8/LC_NUMERIC>
1427409 openat(AT_FDCWD</tmp/kernel-audit2-v3r63b5w/\346\261\202\350\247\243\345\231\250>, "/usr/lib/locale/C.UTF-8/LC_CTYPE", O_RDONLY|O_CLOEXEC) = -1 ENOENT (No such file or directory)
1427409 openat(AT_FDCWD</tmp/kernel-audit2-v3r63b5w/\346\261\202\350\247\243\345\231\250>, "/usr/lib/locale/C.utf8/LC_CTYPE", O_RDONLY|O_CLOEXEC) = 3</usr/lib/locale/C.utf8/LC_CTYPE>
1427409 openat(AT_FDCWD</tmp/kernel-audit2-v3r63b5w/\346\261\202\350\247\243\345\231\250>, "/tmp/kernel-audit2-v3r63b5w/\346\261\202\350\247\243\345\231\250/\350\247\204\346\240\274/\345\206\205\346\240\270\350\276\223\345\205\245.md", O_RDONLY) = 3</tmp/kernel-audit2-v3r63b5w/\346\261\202\350\247\243\345\231\250/\350\247\204\346\240\274/\345\206\205\346\240\270\350\276\223\345\205\245.md>
1427354 --- SIGCHLD {si_signo=SIGCHLD, si_code=CLD_EXITED, si_pid=1427409, si_uid=1000, si_status=0, si_utime=0, si_stime=0} ---
1427354 openat(AT_FDCWD</tmp/kernel-audit2-v3r63b5w/\346\261\202\350\247\243\345\231\250>, "/dev/null", O_RDONLY|O_CLOEXEC) = 3</dev/null<char 1:3>>
1427410 execve("/home/zhuran24/.codex/tmp/arg0/codex-arg0DuAZRy/sha256sum", ["sha256sum", "--", "/tmp/kernel-audit2-v3r63b5w/\346\261\202\350\247\243\345\231\250/\350\247\204\346\240\274/\345\206\205\346\240\270\350\276\223\345\207\272.md"], 0x7ffde62c4578 /* 135 vars */) = -1 ENOENT (No such file or directory)
1427410 execve("/home/zhuran24/.cargo/bin/sha256sum", ["sha256sum", "--", "/tmp/kernel-audit2-v3r63b5w/\346\261\202\350\247\243\345\231\250/\350\247\204\346\240\274/\345\206\205\346\240\270\350\276\223\345\207\272.md"], 0x7ffde62c4578 /* 135 vars */) = -1 ENOENT (No such file or directory)
1427410 execve("/home/zhuran24/.local/bin/sha256sum", ["sha256sum", "--", "/tmp/kernel-audit2-v3r63b5w/\346\261\202\350\247\243\345\231\250/\350\247\204\346\240\274/\345\206\205\346\240\270\350\276\223\345\207\272.md"], 0x7ffde62c4578 /* 135 vars */) = -1 ENOENT (No such file or directory)
1427410 execve("/home/zhuran24/.opencode/bin/sha256sum", ["sha256sum", "--", "/tmp/kernel-audit2-v3r63b5w/\346\261\202\350\247\243\345\231\250/\350\247\204\346\240\274/\345\206\205\346\240\270\350\276\223\345\207\272.md"], 0x7ffde62c4578 /* 135 vars */) = -1 ENOENT (No such file or directory)
1427410 execve("/usr/local/bin/sha256sum", ["sha256sum", "--", "/tmp/kernel-audit2-v3r63b5w/\346\261\202\350\247\243\345\231\250/\350\247\204\346\240\274/\345\206\205\346\240\270\350\276\223\345\207\272.md"], 0x7ffde62c4578 /* 135 vars */) = -1 ENOENT (No such file or directory)
1427410 execve("/usr/bin/sha256sum", ["sha256sum", "--", "/tmp/kernel-audit2-v3r63b5w/\346\261\202\350\247\243\345\231\250/\350\247\204\346\240\274/\345\206\205\346\240\270\350\276\223\345\207\272.md"], 0x7ffde62c4578 /* 135 vars */) = 0
1427410 openat(AT_FDCWD</tmp/kernel-audit2-v3r63b5w/\346\261\202\350\247\243\345\231\250>, "/etc/ld.so.cache", O_RDONLY|O_CLOEXEC) = 3</etc/ld.so.cache>
1427410 openat(AT_FDCWD</tmp/kernel-audit2-v3r63b5w/\346\261\202\350\247\243\345\231\250>, "/usr/lib/libcrypto.so.3", O_RDONLY|O_CLOEXEC) = 3</usr/lib/libcrypto.so.3>
1427410 openat(AT_FDCWD</tmp/kernel-audit2-v3r63b5w/\346\261\202\350\247\243\345\231\250>, "/usr/lib/libc.so.6", O_RDONLY|O_CLOEXEC) = 3</usr/lib/libc.so.6>
1427410 openat(AT_FDCWD</tmp/kernel-audit2-v3r63b5w/\346\261\202\350\247\243\345\231\250>, "/usr/lib/libz.so.1", O_RDONLY|O_CLOEXEC) = 3</usr/lib/libz.so.1.3.1.zlib-ng>
1427410 openat(AT_FDCWD</tmp/kernel-audit2-v3r63b5w/\346\261\202\350\247\243\345\231\250>, "/usr/lib/libbrotlienc.so.1", O_RDONLY|O_CLOEXEC) = 3</usr/lib/libbrotlienc.so.1.2.0>
1427410 openat(AT_FDCWD</tmp/kernel-audit2-v3r63b5w/\346\261\202\350\247\243\345\231\250>, "/usr/lib/libbrotlidec.so.1", O_RDONLY|O_CLOEXEC) = 3</usr/lib/libbrotlidec.so.1.2.0>
1427410 openat(AT_FDCWD</tmp/kernel-audit2-v3r63b5w/\346\261\202\350\247\243\345\231\250>, "/usr/lib/libzstd.so.1", O_RDONLY|O_CLOEXEC) = 3</usr/lib/libzstd.so.1.5.7>
1427410 openat(AT_FDCWD</tmp/kernel-audit2-v3r63b5w/\346\261\202\350\247\243\345\231\250>, "/usr/lib/libm.so.6", O_RDONLY|O_CLOEXEC) = 3</usr/lib/libm.so.6>
1427410 openat(AT_FDCWD</tmp/kernel-audit2-v3r63b5w/\346\261\202\350\247\243\345\231\250>, "/usr/lib/libbrotlicommon.so.1", O_RDONLY|O_CLOEXEC) = 3</usr/lib/libbrotlicommon.so.1.2.0>
1427410 openat(AT_FDCWD</tmp/kernel-audit2-v3r63b5w/\346\261\202\350\247\243\345\231\250>, "/usr/lib/locale/locale-archive", O_RDONLY|O_CLOEXEC) = 3</usr/lib/locale/locale-archive>
1427410 openat(AT_FDCWD</tmp/kernel-audit2-v3r63b5w/\346\261\202\350\247\243\345\231\250>, "/usr/share/locale/locale.alias", O_RDONLY|O_CLOEXEC) = 3</usr/share/locale/locale.alias>
1427410 openat(AT_FDCWD</tmp/kernel-audit2-v3r63b5w/\346\261\202\350\247\243\345\231\250>, "/usr/lib/locale/C.UTF-8/LC_IDENTIFICATION", O_RDONLY|O_CLOEXEC) = -1 ENOENT (No such file or directory)
1427410 openat(AT_FDCWD</tmp/kernel-audit2-v3r63b5w/\346\261\202\350\247\243\345\231\250>, "/usr/lib/locale/C.utf8/LC_IDENTIFICATION", O_RDONLY|O_CLOEXEC) = 3</usr/lib/locale/C.utf8/LC_IDENTIFICATION>
1427410 openat(AT_FDCWD</tmp/kernel-audit2-v3r63b5w/\346\261\202\350\247\243\345\231\250>, "/usr/lib/gconv/gconv-modules.cache", O_RDONLY|O_CLOEXEC) = 3</usr/lib/gconv/gconv-modules.cache>
1427410 openat(AT_FDCWD</tmp/kernel-audit2-v3r63b5w/\346\261\202\350\247\243\345\231\250>, "/usr/lib/locale/C.UTF-8/LC_MEASUREMENT", O_RDONLY|O_CLOEXEC) = -1 ENOENT (No such file or directory)
1427410 openat(AT_FDCWD</tmp/kernel-audit2-v3r63b5w/\346\261\202\350\247\243\345\231\250>, "/usr/lib/locale/C.utf8/LC_MEASUREMENT", O_RDONLY|O_CLOEXEC) = 3</usr/lib/locale/C.utf8/LC_MEASUREMENT>
1427410 openat(AT_FDCWD</tmp/kernel-audit2-v3r63b5w/\346\261\202\350\247\243\345\231\250>, "/usr/lib/locale/C.UTF-8/LC_TELEPHONE", O_RDONLY|O_CLOEXEC) = -1 ENOENT (No such file or directory)
1427410 openat(AT_FDCWD</tmp/kernel-audit2-v3r63b5w/\346\261\202\350\247\243\345\231\250>, "/usr/lib/locale/C.utf8/LC_TELEPHONE", O_RDONLY|O_CLOEXEC) = 3</usr/lib/locale/C.utf8/LC_TELEPHONE>
1427410 openat(AT_FDCWD</tmp/kernel-audit2-v3r63b5w/\346\261\202\350\247\243\345\231\250>, "/usr/lib/locale/C.UTF-8/LC_ADDRESS", O_RDONLY|O_CLOEXEC) = -1 ENOENT (No such file or directory)
1427410 openat(AT_FDCWD</tmp/kernel-audit2-v3r63b5w/\346\261\202\350\247\243\345\231\250>, "/usr/lib/locale/C.utf8/LC_ADDRESS", O_RDONLY|O_CLOEXEC) = 3</usr/lib/locale/C.utf8/LC_ADDRESS>
1427410 openat(AT_FDCWD</tmp/kernel-audit2-v3r63b5w/\346\261\202\350\247\243\345\231\250>, "/usr/lib/locale/C.UTF-8/LC_NAME", O_RDONLY|O_CLOEXEC) = -1 ENOENT (No such file or directory)
1427410 openat(AT_FDCWD</tmp/kernel-audit2-v3r63b5w/\346\261\202\350\247\243\345\231\250>, "/usr/lib/locale/C.utf8/LC_NAME", O_RDONLY|O_CLOEXEC) = 3</usr/lib/locale/C.utf8/LC_NAME>
1427410 openat(AT_FDCWD</tmp/kernel-audit2-v3r63b5w/\346\261\202\350\247\243\345\231\250>, "/usr/lib/locale/C.UTF-8/LC_PAPER", O_RDONLY|O_CLOEXEC) = -1 ENOENT (No such file or directory)
1427410 openat(AT_FDCWD</tmp/kernel-audit2-v3r63b5w/\346\261\202\350\247\243\345\231\250>, "/usr/lib/locale/C.utf8/LC_PAPER", O_RDONLY|O_CLOEXEC) = 3</usr/lib/locale/C.utf8/LC_PAPER>
1427410 openat(AT_FDCWD</tmp/kernel-audit2-v3r63b5w/\346\261\202\350\247\243\345\231\250>, "/usr/lib/locale/C.UTF-8/LC_MESSAGES", O_RDONLY|O_CLOEXEC) = -1 ENOENT (No such file or directory)
1427410 openat(AT_FDCWD</tmp/kernel-audit2-v3r63b5w/\346\261\202\350\247\243\345\231\250>, "/usr/lib/locale/C.utf8/LC_MESSAGES", O_RDONLY|O_CLOEXEC) = 3</usr/lib/locale/C.utf8/LC_MESSAGES>
1427410 openat(AT_FDCWD</tmp/kernel-audit2-v3r63b5w/\346\261\202\350\247\243\345\231\250>, "/usr/lib/locale/C.utf8/LC_MESSAGES/SYS_LC_MESSAGES", O_RDONLY|O_CLOEXEC) = 3</usr/lib/locale/C.utf8/LC_MESSAGES/SYS_LC_MESSAGES>
1427410 openat(AT_FDCWD</tmp/kernel-audit2-v3r63b5w/\346\261\202\350\247\243\345\231\250>, "/usr/lib/locale/C.UTF-8/LC_MONETARY", O_RDONLY|O_CLOEXEC) = -1 ENOENT (No such file or directory)
1427410 openat(AT_FDCWD</tmp/kernel-audit2-v3r63b5w/\346\261\202\350\247\243\345\231\250>, "/usr/lib/locale/C.utf8/LC_MONETARY", O_RDONLY|O_CLOEXEC) = 3</usr/lib/locale/C.utf8/LC_MONETARY>
1427410 openat(AT_FDCWD</tmp/kernel-audit2-v3r63b5w/\346\261\202\350\247\243\345\231\250>, "/usr/lib/locale/C.UTF-8/LC_COLLATE", O_RDONLY|O_CLOEXEC) = -1 ENOENT (No such file or directory)
1427410 openat(AT_FDCWD</tmp/kernel-audit2-v3r63b5w/\346\261\202\350\247\243\345\231\250>, "/usr/lib/locale/C.utf8/LC_COLLATE", O_RDONLY|O_CLOEXEC) = 3</usr/lib/locale/C.utf8/LC_COLLATE>
1427410 openat(AT_FDCWD</tmp/kernel-audit2-v3r63b5w/\346\261\202\350\247\243\345\231\250>, "/usr/lib/locale/C.UTF-8/LC_TIME", O_RDONLY|O_CLOEXEC) = -1 ENOENT (No such file or directory)
1427410 openat(AT_FDCWD</tmp/kernel-audit2-v3r63b5w/\346\261\202\350\247\243\345\231\250>, "/usr/lib/locale/C.utf8/LC_TIME", O_RDONLY|O_CLOEXEC) = 3</usr/lib/locale/C.utf8/LC_TIME>
1427410 openat(AT_FDCWD</tmp/kernel-audit2-v3r63b5w/\346\261\202\350\247\243\345\231\250>, "/usr/lib/locale/C.UTF-8/LC_NUMERIC", O_RDONLY|O_CLOEXEC) = -1 ENOENT (No such file or directory)
1427410 openat(AT_FDCWD</tmp/kernel-audit2-v3r63b5w/\346\261\202\350\247\243\345\231\250>, "/usr/lib/locale/C.utf8/LC_NUMERIC", O_RDONLY|O_CLOEXEC) = 3</usr/lib/locale/C.utf8/LC_NUMERIC>
1427410 openat(AT_FDCWD</tmp/kernel-audit2-v3r63b5w/\346\261\202\350\247\243\345\231\250>, "/usr/lib/locale/C.UTF-8/LC_CTYPE", O_RDONLY|O_CLOEXEC) = -1 ENOENT (No such file or directory)
1427410 openat(AT_FDCWD</tmp/kernel-audit2-v3r63b5w/\346\261\202\350\247\243\345\231\250>, "/usr/lib/locale/C.utf8/LC_CTYPE", O_RDONLY|O_CLOEXEC) = 3</usr/lib/locale/C.utf8/LC_CTYPE>
1427410 openat(AT_FDCWD</tmp/kernel-audit2-v3r63b5w/\346\261\202\350\247\243\345\231\250>, "/tmp/kernel-audit2-v3r63b5w/\346\261\202\350\247\243\345\231\250/\350\247\204\346\240\274/\345\206\205\346\240\270\350\276\223\345\207\272.md", O_RDONLY) = 3</tmp/kernel-audit2-v3r63b5w/\346\261\202\350\247\243\345\231\250/\350\247\204\346\240\274/\345\206\205\346\240\270\350\276\223\345\207\272.md>
1427354 --- SIGCHLD {si_signo=SIGCHLD, si_code=CLD_EXITED, si_pid=1427410, si_uid=1000, si_status=0, si_utime=0, si_stime=0} ---
1427354 openat(AT_FDCWD</tmp/kernel-audit2-v3r63b5w/\346\261\202\350\247\243\345\231\250>, "/dev/null", O_RDONLY|O_CLOEXEC) = 3</dev/null<char 1:3>>
1427411 execve("/home/zhuran24/.codex/tmp/arg0/codex-arg0DuAZRy/sha256sum", ["sha256sum", "--", "/tmp/kernel-audit2-v3r63b5w/\346\261\202\350\247\243\345\231\250/\350\247\204\346\240\274/\345\206\205\346\240\270\350\276\223\345\207\272.schema.json"], 0x7ffde62c4578 /* 135 vars */) = -1 ENOENT (No such file or directory)
1427411 execve("/home/zhuran24/.cargo/bin/sha256sum", ["sha256sum", "--", "/tmp/kernel-audit2-v3r63b5w/\346\261\202\350\247\243\345\231\250/\350\247\204\346\240\274/\345\206\205\346\240\270\350\276\223\345\207\272.schema.json"], 0x7ffde62c4578 /* 135 vars */) = -1 ENOENT (No such file or directory)
1427411 execve("/home/zhuran24/.local/bin/sha256sum", ["sha256sum", "--", "/tmp/kernel-audit2-v3r63b5w/\346\261\202\350\247\243\345\231\250/\350\247\204\346\240\274/\345\206\205\346\240\270\350\276\223\345\207\272.schema.json"], 0x7ffde62c4578 /* 135 vars */) = -1 ENOENT (No such file or directory)
1427411 execve("/home/zhuran24/.opencode/bin/sha256sum", ["sha256sum", "--", "/tmp/kernel-audit2-v3r63b5w/\346\261\202\350\247\243\345\231\250/\350\247\204\346\240\274/\345\206\205\346\240\270\350\276\223\345\207\272.schema.json"], 0x7ffde62c4578 /* 135 vars */) = -1 ENOENT (No such file or directory)
1427411 execve("/usr/local/bin/sha256sum", ["sha256sum", "--", "/tmp/kernel-audit2-v3r63b5w/\346\261\202\350\247\243\345\231\250/\350\247\204\346\240\274/\345\206\205\346\240\270\350\276\223\345\207\272.schema.json"], 0x7ffde62c4578 /* 135 vars */) = -1 ENOENT (No such file or directory)
1427411 execve("/usr/bin/sha256sum", ["sha256sum", "--", "/tmp/kernel-audit2-v3r63b5w/\346\261\202\350\247\243\345\231\250/\350\247\204\346\240\274/\345\206\205\346\240\270\350\276\223\345\207\272.schema.json"], 0x7ffde62c4578 /* 135 vars */) = 0
1427411 openat(AT_FDCWD</tmp/kernel-audit2-v3r63b5w/\346\261\202\350\247\243\345\231\250>, "/etc/ld.so.cache", O_RDONLY|O_CLOEXEC) = 3</etc/ld.so.cache>
1427411 openat(AT_FDCWD</tmp/kernel-audit2-v3r63b5w/\346\261\202\350\247\243\345\231\250>, "/usr/lib/libcrypto.so.3", O_RDONLY|O_CLOEXEC) = 3</usr/lib/libcrypto.so.3>
1427411 openat(AT_FDCWD</tmp/kernel-audit2-v3r63b5w/\346\261\202\350\247\243\345\231\250>, "/usr/lib/libc.so.6", O_RDONLY|O_CLOEXEC) = 3</usr/lib/libc.so.6>
1427411 openat(AT_FDCWD</tmp/kernel-audit2-v3r63b5w/\346\261\202\350\247\243\345\231\250>, "/usr/lib/libz.so.1", O_RDONLY|O_CLOEXEC) = 3</usr/lib/libz.so.1.3.1.zlib-ng>
1427411 openat(AT_FDCWD</tmp/kernel-audit2-v3r63b5w/\346\261\202\350\247\243\345\231\250>, "/usr/lib/libbrotlienc.so.1", O_RDONLY|O_CLOEXEC) = 3</usr/lib/libbrotlienc.so.1.2.0>
1427411 openat(AT_FDCWD</tmp/kernel-audit2-v3r63b5w/\346\261\202\350\247\243\345\231\250>, "/usr/lib/libbrotlidec.so.1", O_RDONLY|O_CLOEXEC) = 3</usr/lib/libbrotlidec.so.1.2.0>
1427411 openat(AT_FDCWD</tmp/kernel-audit2-v3r63b5w/\346\261\202\350\247\243\345\231\250>, "/usr/lib/libzstd.so.1", O_RDONLY|O_CLOEXEC) = 3</usr/lib/libzstd.so.1.5.7>
1427411 openat(AT_FDCWD</tmp/kernel-audit2-v3r63b5w/\346\261\202\350\247\243\345\231\250>, "/usr/lib/libm.so.6", O_RDONLY|O_CLOEXEC) = 3</usr/lib/libm.so.6>
1427411 openat(AT_FDCWD</tmp/kernel-audit2-v3r63b5w/\346\261\202\350\247\243\345\231\250>, "/usr/lib/libbrotlicommon.so.1", O_RDONLY|O_CLOEXEC) = 3</usr/lib/libbrotlicommon.so.1.2.0>
1427411 openat(AT_FDCWD</tmp/kernel-audit2-v3r63b5w/\346\261\202\350\247\243\345\231\250>, "/usr/lib/locale/locale-archive", O_RDONLY|O_CLOEXEC) = 3</usr/lib/locale/locale-archive>
1427411 openat(AT_FDCWD</tmp/kernel-audit2-v3r63b5w/\346\261\202\350\247\243\345\231\250>, "/usr/share/locale/locale.alias", O_RDONLY|O_CLOEXEC) = 3</usr/share/locale/locale.alias>
1427411 openat(AT_FDCWD</tmp/kernel-audit2-v3r63b5w/\346\261\202\350\247\243\345\231\250>, "/usr/lib/locale/C.UTF-8/LC_IDENTIFICATION", O_RDONLY|O_CLOEXEC) = -1 ENOENT (No such file or directory)
1427411 openat(AT_FDCWD</tmp/kernel-audit2-v3r63b5w/\346\261\202\350\247\243\345\231\250>, "/usr/lib/locale/C.utf8/LC_IDENTIFICATION", O_RDONLY|O_CLOEXEC) = 3</usr/lib/locale/C.utf8/LC_IDENTIFICATION>
1427411 openat(AT_FDCWD</tmp/kernel-audit2-v3r63b5w/\346\261\202\350\247\243\345\231\250>, "/usr/lib/gconv/gconv-modules.cache", O_RDONLY|O_CLOEXEC) = 3</usr/lib/gconv/gconv-modules.cache>
1427411 openat(AT_FDCWD</tmp/kernel-audit2-v3r63b5w/\346\261\202\350\247\243\345\231\250>, "/usr/lib/locale/C.UTF-8/LC_MEASUREMENT", O_RDONLY|O_CLOEXEC) = -1 ENOENT (No such file or directory)
1427411 openat(AT_FDCWD</tmp/kernel-audit2-v3r63b5w/\346\261\202\350\247\243\345\231\250>, "/usr/lib/locale/C.utf8/LC_MEASUREMENT", O_RDONLY|O_CLOEXEC) = 3</usr/lib/locale/C.utf8/LC_MEASUREMENT>
1427411 openat(AT_FDCWD</tmp/kernel-audit2-v3r63b5w/\346\261\202\350\247\243\345\231\250>, "/usr/lib/locale/C.UTF-8/LC_TELEPHONE", O_RDONLY|O_CLOEXEC) = -1 ENOENT (No such file or directory)
1427411 openat(AT_FDCWD</tmp/kernel-audit2-v3r63b5w/\346\261\202\350\247\243\345\231\250>, "/usr/lib/locale/C.utf8/LC_TELEPHONE", O_RDONLY|O_CLOEXEC) = 3</usr/lib/locale/C.utf8/LC_TELEPHONE>
1427411 openat(AT_FDCWD</tmp/kernel-audit2-v3r63b5w/\346\261\202\350\247\243\345\231\250>, "/usr/lib/locale/C.UTF-8/LC_ADDRESS", O_RDONLY|O_CLOEXEC) = -1 ENOENT (No such file or directory)
1427411 openat(AT_FDCWD</tmp/kernel-audit2-v3r63b5w/\346\261\202\350\247\243\345\231\250>, "/usr/lib/locale/C.utf8/LC_ADDRESS", O_RDONLY|O_CLOEXEC) = 3</usr/lib/locale/C.utf8/LC_ADDRESS>
1427411 openat(AT_FDCWD</tmp/kernel-audit2-v3r63b5w/\346\261\202\350\247\243\345\231\250>, "/usr/lib/locale/C.UTF-8/LC_NAME", O_RDONLY|O_CLOEXEC) = -1 ENOENT (No such file or directory)
1427411 openat(AT_FDCWD</tmp/kernel-audit2-v3r63b5w/\346\261\202\350\247\243\345\231\250>, "/usr/lib/locale/C.utf8/LC_NAME", O_RDONLY|O_CLOEXEC) = 3</usr/lib/locale/C.utf8/LC_NAME>
1427411 openat(AT_FDCWD</tmp/kernel-audit2-v3r63b5w/\346\261\202\350\247\243\345\231\250>, "/usr/lib/locale/C.UTF-8/LC_PAPER", O_RDONLY|O_CLOEXEC) = -1 ENOENT (No such file or directory)
1427411 openat(AT_FDCWD</tmp/kernel-audit2-v3r63b5w/\346\261\202\350\247\243\345\231\250>, "/usr/lib/locale/C.utf8/LC_PAPER", O_RDONLY|O_CLOEXEC) = 3</usr/lib/locale/C.utf8/LC_PAPER>
1427411 openat(AT_FDCWD</tmp/kernel-audit2-v3r63b5w/\346\261\202\350\247\243\345\231\250>, "/usr/lib/locale/C.UTF-8/LC_MESSAGES", O_RDONLY|O_CLOEXEC) = -1 ENOENT (No such file or directory)
1427411 openat(AT_FDCWD</tmp/kernel-audit2-v3r63b5w/\346\261\202\350\247\243\345\231\250>, "/usr/lib/locale/C.utf8/LC_MESSAGES", O_RDONLY|O_CLOEXEC) = 3</usr/lib/locale/C.utf8/LC_MESSAGES>
1427411 openat(AT_FDCWD</tmp/kernel-audit2-v3r63b5w/\346\261\202\350\247\243\345\231\250>, "/usr/lib/locale/C.utf8/LC_MESSAGES/SYS_LC_MESSAGES", O_RDONLY|O_CLOEXEC) = 3</usr/lib/locale/C.utf8/LC_MESSAGES/SYS_LC_MESSAGES>
1427411 openat(AT_FDCWD</tmp/kernel-audit2-v3r63b5w/\346\261\202\350\247\243\345\231\250>, "/usr/lib/locale/C.UTF-8/LC_MONETARY", O_RDONLY|O_CLOEXEC) = -1 ENOENT (No such file or directory)
1427411 openat(AT_FDCWD</tmp/kernel-audit2-v3r63b5w/\346\261\202\350\247\243\345\231\250>, "/usr/lib/locale/C.utf8/LC_MONETARY", O_RDONLY|O_CLOEXEC) = 3</usr/lib/locale/C.utf8/LC_MONETARY>
1427411 openat(AT_FDCWD</tmp/kernel-audit2-v3r63b5w/\346\261\202\350\247\243\345\231\250>, "/usr/lib/locale/C.UTF-8/LC_COLLATE", O_RDONLY|O_CLOEXEC) = -1 ENOENT (No such file or directory)
1427411 openat(AT_FDCWD</tmp/kernel-audit2-v3r63b5w/\346\261\202\350\247\243\345\231\250>, "/usr/lib/locale/C.utf8/LC_COLLATE", O_RDONLY|O_CLOEXEC) = 3</usr/lib/locale/C.utf8/LC_COLLATE>
1427411 openat(AT_FDCWD</tmp/kernel-audit2-v3r63b5w/\346\261\202\350\247\243\345\231\250>, "/usr/lib/locale/C.UTF-8/LC_TIME", O_RDONLY|O_CLOEXEC) = -1 ENOENT (No such file or directory)
1427411 openat(AT_FDCWD</tmp/kernel-audit2-v3r63b5w/\346\261\202\350\247\243\345\231\250>, "/usr/lib/locale/C.utf8/LC_TIME", O_RDONLY|O_CLOEXEC) = 3</usr/lib/locale/C.utf8/LC_TIME>
1427411 openat(AT_FDCWD</tmp/kernel-audit2-v3r63b5w/\346\261\202\350\247\243\345\231\250>, "/usr/lib/locale/C.UTF-8/LC_NUMERIC", O_RDONLY|O_CLOEXEC) = -1 ENOENT (No such file or directory)
1427411 openat(AT_FDCWD</tmp/kernel-audit2-v3r63b5w/\346\261\202\350\247\243\345\231\250>, "/usr/lib/locale/C.utf8/LC_NUMERIC", O_RDONLY|O_CLOEXEC) = 3</usr/lib/locale/C.utf8/LC_NUMERIC>
1427411 openat(AT_FDCWD</tmp/kernel-audit2-v3r63b5w/\346\261\202\350\247\243\345\231\250>, "/usr/lib/locale/C.UTF-8/LC_CTYPE", O_RDONLY|O_CLOEXEC) = -1 ENOENT (No such file or directory)
1427411 openat(AT_FDCWD</tmp/kernel-audit2-v3r63b5w/\346\261\202\350\247\243\345\231\250>, "/usr/lib/locale/C.utf8/LC_CTYPE", O_RDONLY|O_CLOEXEC) = 3</usr/lib/locale/C.utf8/LC_CTYPE>
1427411 openat(AT_FDCWD</tmp/kernel-audit2-v3r63b5w/\346\261\202\350\247\243\345\231\250>, "/tmp/kernel-audit2-v3r63b5w/\346\261\202\350\247\243\345\231\250/\350\247\204\346\240\274/\345\206\205\346\240\270\350\276\223\345\207\272.schema.json", O_RDONLY) = 3</tmp/kernel-audit2-v3r63b5w/\346\261\202\350\247\243\345\231\250/\350\247\204\346\240\274/\345\206\205\346\240\270\350\276\223\345\207\272.schema.json>
1427354 --- SIGCHLD {si_signo=SIGCHLD, si_code=CLD_EXITED, si_pid=1427411, si_uid=1000, si_status=0, si_utime=0, si_stime=0} ---
1427354 openat(AT_FDCWD</tmp/kernel-audit2-v3r63b5w/\346\261\202\350\247\243\345\231\250>, "/dev/null", O_RDONLY|O_CLOEXEC) = 3</dev/null<char 1:3>>
1427412 execve("/home/zhuran24/.codex/tmp/arg0/codex-arg0DuAZRy/sha256sum", ["sha256sum", "--", "/tmp/kernel-audit2-v3r63b5w/\346\261\202\350\247\243\345\231\250/crates/kernel/\345\221\250\346\234\237\351\224\256\350\257\273\345\217\226\345\256\241\350\256\241.md"], 0x7ffde62c4578 /* 135 vars */) = -1 ENOENT (No such file or directory)
1427412 execve("/home/zhuran24/.cargo/bin/sha256sum", ["sha256sum", "--", "/tmp/kernel-audit2-v3r63b5w/\346\261\202\350\247\243\345\231\250/crates/kernel/\345\221\250\346\234\237\351\224\256\350\257\273\345\217\226\345\256\241\350\256\241.md"], 0x7ffde62c4578 /* 135 vars */) = -1 ENOENT (No such file or directory)
1427412 execve("/home/zhuran24/.local/bin/sha256sum", ["sha256sum", "--", "/tmp/kernel-audit2-v3r63b5w/\346\261\202\350\247\243\345\231\250/crates/kernel/\345\221\250\346\234\237\351\224\256\350\257\273\345\217\226\345\256\241\350\256\241.md"], 0x7ffde62c4578 /* 135 vars */) = -1 ENOENT (No such file or directory)
1427412 execve("/home/zhuran24/.opencode/bin/sha256sum", ["sha256sum", "--", "/tmp/kernel-audit2-v3r63b5w/\346\261\202\350\247\243\345\231\250/crates/kernel/\345\221\250\346\234\237\351\224\256\350\257\273\345\217\226\345\256\241\350\256\241.md"], 0x7ffde62c4578 /* 135 vars */) = -1 ENOENT (No such file or directory)
1427412 execve("/usr/local/bin/sha256sum", ["sha256sum", "--", "/tmp/kernel-audit2-v3r63b5w/\346\261\202\350\247\243\345\231\250/crates/kernel/\345\221\250\346\234\237\351\224\256\350\257\273\345\217\226\345\256\241\350\256\241.md"], 0x7ffde62c4578 /* 135 vars */) = -1 ENOENT (No such file or directory)
1427412 execve("/usr/bin/sha256sum", ["sha256sum", "--", "/tmp/kernel-audit2-v3r63b5w/\346\261\202\350\247\243\345\231\250/crates/kernel/\345\221\250\346\234\237\351\224\256\350\257\273\345\217\226\345\256\241\350\256\241.md"], 0x7ffde62c4578 /* 135 vars */) = 0
1427412 openat(AT_FDCWD</tmp/kernel-audit2-v3r63b5w/\346\261\202\350\247\243\345\231\250>, "/etc/ld.so.cache", O_RDONLY|O_CLOEXEC) = 3</etc/ld.so.cache>
1427412 openat(AT_FDCWD</tmp/kernel-audit2-v3r63b5w/\346\261\202\350\247\243\345\231\250>, "/usr/lib/libcrypto.so.3", O_RDONLY|O_CLOEXEC) = 3</usr/lib/libcrypto.so.3>
1427412 openat(AT_FDCWD</tmp/kernel-audit2-v3r63b5w/\346\261\202\350\247\243\345\231\250>, "/usr/lib/libc.so.6", O_RDONLY|O_CLOEXEC) = 3</usr/lib/libc.so.6>
1427412 openat(AT_FDCWD</tmp/kernel-audit2-v3r63b5w/\346\261\202\350\247\243\345\231\250>, "/usr/lib/libz.so.1", O_RDONLY|O_CLOEXEC) = 3</usr/lib/libz.so.1.3.1.zlib-ng>
1427412 openat(AT_FDCWD</tmp/kernel-audit2-v3r63b5w/\346\261\202\350\247\243\345\231\250>, "/usr/lib/libbrotlienc.so.1", O_RDONLY|O_CLOEXEC) = 3</usr/lib/libbrotlienc.so.1.2.0>
1427412 openat(AT_FDCWD</tmp/kernel-audit2-v3r63b5w/\346\261\202\350\247\243\345\231\250>, "/usr/lib/libbrotlidec.so.1", O_RDONLY|O_CLOEXEC) = 3</usr/lib/libbrotlidec.so.1.2.0>
1427412 openat(AT_FDCWD</tmp/kernel-audit2-v3r63b5w/\346\261\202\350\247\243\345\231\250>, "/usr/lib/libzstd.so.1", O_RDONLY|O_CLOEXEC) = 3</usr/lib/libzstd.so.1.5.7>
1427412 openat(AT_FDCWD</tmp/kernel-audit2-v3r63b5w/\346\261\202\350\247\243\345\231\250>, "/usr/lib/libm.so.6", O_RDONLY|O_CLOEXEC) = 3</usr/lib/libm.so.6>
1427412 openat(AT_FDCWD</tmp/kernel-audit2-v3r63b5w/\346\261\202\350\247\243\345\231\250>, "/usr/lib/libbrotlicommon.so.1", O_RDONLY|O_CLOEXEC) = 3</usr/lib/libbrotlicommon.so.1.2.0>
1427412 openat(AT_FDCWD</tmp/kernel-audit2-v3r63b5w/\346\261\202\350\247\243\345\231\250>, "/usr/lib/locale/locale-archive", O_RDONLY|O_CLOEXEC) = 3</usr/lib/locale/locale-archive>
1427412 openat(AT_FDCWD</tmp/kernel-audit2-v3r63b5w/\346\261\202\350\247\243\345\231\250>, "/usr/share/locale/locale.alias", O_RDONLY|O_CLOEXEC) = 3</usr/share/locale/locale.alias>
1427412 openat(AT_FDCWD</tmp/kernel-audit2-v3r63b5w/\346\261\202\350\247\243\345\231\250>, "/usr/lib/locale/C.UTF-8/LC_IDENTIFICATION", O_RDONLY|O_CLOEXEC) = -1 ENOENT (No such file or directory)
1427412 openat(AT_FDCWD</tmp/kernel-audit2-v3r63b5w/\346\261\202\350\247\243\345\231\250>, "/usr/lib/locale/C.utf8/LC_IDENTIFICATION", O_RDONLY|O_CLOEXEC) = 3</usr/lib/locale/C.utf8/LC_IDENTIFICATION>
1427412 openat(AT_FDCWD</tmp/kernel-audit2-v3r63b5w/\346\261\202\350\247\243\345\231\250>, "/usr/lib/gconv/gconv-modules.cache", O_RDONLY|O_CLOEXEC) = 3</usr/lib/gconv/gconv-modules.cache>
1427412 openat(AT_FDCWD</tmp/kernel-audit2-v3r63b5w/\346\261\202\350\247\243\345\231\250>, "/usr/lib/locale/C.UTF-8/LC_MEASUREMENT", O_RDONLY|O_CLOEXEC) = -1 ENOENT (No such file or directory)
1427412 openat(AT_FDCWD</tmp/kernel-audit2-v3r63b5w/\346\261\202\350\247\243\345\231\250>, "/usr/lib/locale/C.utf8/LC_MEASUREMENT", O_RDONLY|O_CLOEXEC) = 3</usr/lib/locale/C.utf8/LC_MEASUREMENT>
1427412 openat(AT_FDCWD</tmp/kernel-audit2-v3r63b5w/\346\261\202\350\247\243\345\231\250>, "/usr/lib/locale/C.UTF-8/LC_TELEPHONE", O_RDONLY|O_CLOEXEC) = -1 ENOENT (No such file or directory)
1427412 openat(AT_FDCWD</tmp/kernel-audit2-v3r63b5w/\346\261\202\350\247\243\345\231\250>, "/usr/lib/locale/C.utf8/LC_TELEPHONE", O_RDONLY|O_CLOEXEC) = 3</usr/lib/locale/C.utf8/LC_TELEPHONE>
1427412 openat(AT_FDCWD</tmp/kernel-audit2-v3r63b5w/\346\261\202\350\247\243\345\231\250>, "/usr/lib/locale/C.UTF-8/LC_ADDRESS", O_RDONLY|O_CLOEXEC) = -1 ENOENT (No such file or directory)
1427412 openat(AT_FDCWD</tmp/kernel-audit2-v3r63b5w/\346\261\202\350\247\243\345\231\250>, "/usr/lib/locale/C.utf8/LC_ADDRESS", O_RDONLY|O_CLOEXEC) = 3</usr/lib/locale/C.utf8/LC_ADDRESS>
1427412 openat(AT_FDCWD</tmp/kernel-audit2-v3r63b5w/\346\261\202\350\247\243\345\231\250>, "/usr/lib/locale/C.UTF-8/LC_NAME", O_RDONLY|O_CLOEXEC) = -1 ENOENT (No such file or directory)
1427412 openat(AT_FDCWD</tmp/kernel-audit2-v3r63b5w/\346\261\202\350\247\243\345\231\250>, "/usr/lib/locale/C.utf8/LC_NAME", O_RDONLY|O_CLOEXEC) = 3</usr/lib/locale/C.utf8/LC_NAME>
1427412 openat(AT_FDCWD</tmp/kernel-audit2-v3r63b5w/\346\261\202\350\247\243\345\231\250>, "/usr/lib/locale/C.UTF-8/LC_PAPER", O_RDONLY|O_CLOEXEC) = -1 ENOENT (No such file or directory)
1427412 openat(AT_FDCWD</tmp/kernel-audit2-v3r63b5w/\346\261\202\350\247\243\345\231\250>, "/usr/lib/locale/C.utf8/LC_PAPER", O_RDONLY|O_CLOEXEC) = 3</usr/lib/locale/C.utf8/LC_PAPER>
1427412 openat(AT_FDCWD</tmp/kernel-audit2-v3r63b5w/\346\261\202\350\247\243\345\231\250>, "/usr/lib/locale/C.UTF-8/LC_MESSAGES", O_RDONLY|O_CLOEXEC) = -1 ENOENT (No such file or directory)
1427412 openat(AT_FDCWD</tmp/kernel-audit2-v3r63b5w/\346\261\202\350\247\243\345\231\250>, "/usr/lib/locale/C.utf8/LC_MESSAGES", O_RDONLY|O_CLOEXEC) = 3</usr/lib/locale/C.utf8/LC_MESSAGES>
1427412 openat(AT_FDCWD</tmp/kernel-audit2-v3r63b5w/\346\261\202\350\247\243\345\231\250>, "/usr/lib/locale/C.utf8/LC_MESSAGES/SYS_LC_MESSAGES", O_RDONLY|O_CLOEXEC) = 3</usr/lib/locale/C.utf8/LC_MESSAGES/SYS_LC_MESSAGES>
1427412 openat(AT_FDCWD</tmp/kernel-audit2-v3r63b5w/\346\261\202\350\247\243\345\231\250>, "/usr/lib/locale/C.UTF-8/LC_MONETARY", O_RDONLY|O_CLOEXEC) = -1 ENOENT (No such file or directory)
1427412 openat(AT_FDCWD</tmp/kernel-audit2-v3r63b5w/\346\261\202\350\247\243\345\231\250>, "/usr/lib/locale/C.utf8/LC_MONETARY", O_RDONLY|O_CLOEXEC) = 3</usr/lib/locale/C.utf8/LC_MONETARY>
1427412 openat(AT_FDCWD</tmp/kernel-audit2-v3r63b5w/\346\261\202\350\247\243\345\231\250>, "/usr/lib/locale/C.UTF-8/LC_COLLATE", O_RDONLY|O_CLOEXEC) = -1 ENOENT (No such file or directory)
1427412 openat(AT_FDCWD</tmp/kernel-audit2-v3r63b5w/\346\261\202\350\247\243\345\231\250>, "/usr/lib/locale/C.utf8/LC_COLLATE", O_RDONLY|O_CLOEXEC) = 3</usr/lib/locale/C.utf8/LC_COLLATE>
1427412 openat(AT_FDCWD</tmp/kernel-audit2-v3r63b5w/\346\261\202\350\247\243\345\231\250>, "/usr/lib/locale/C.UTF-8/LC_TIME", O_RDONLY|O_CLOEXEC) = -1 ENOENT (No such file or directory)
1427412 openat(AT_FDCWD</tmp/kernel-audit2-v3r63b5w/\346\261\202\350\247\243\345\231\250>, "/usr/lib/locale/C.utf8/LC_TIME", O_RDONLY|O_CLOEXEC) = 3</usr/lib/locale/C.utf8/LC_TIME>
1427412 openat(AT_FDCWD</tmp/kernel-audit2-v3r63b5w/\346\261\202\350\247\243\345\231\250>, "/usr/lib/locale/C.UTF-8/LC_NUMERIC", O_RDONLY|O_CLOEXEC) = -1 ENOENT (No such file or directory)
1427412 openat(AT_FDCWD</tmp/kernel-audit2-v3r63b5w/\346\261\202\350\247\243\345\231\250>, "/usr/lib/locale/C.utf8/LC_NUMERIC", O_RDONLY|O_CLOEXEC) = 3</usr/lib/locale/C.utf8/LC_NUMERIC>
1427412 openat(AT_FDCWD</tmp/kernel-audit2-v3r63b5w/\346\261\202\350\247\243\345\231\250>, "/usr/lib/locale/C.UTF-8/LC_CTYPE", O_RDONLY|O_CLOEXEC) = -1 ENOENT (No such file or directory)
1427412 openat(AT_FDCWD</tmp/kernel-audit2-v3r63b5w/\346\261\202\350\247\243\345\231\250>, "/usr/lib/locale/C.utf8/LC_CTYPE", O_RDONLY|O_CLOEXEC) = 3</usr/lib/locale/C.utf8/LC_CTYPE>
1427412 openat(AT_FDCWD</tmp/kernel-audit2-v3r63b5w/\346\261\202\350\247\243\345\231\250>, "/tmp/kernel-audit2-v3r63b5w/\346\261\202\350\247\243\345\231\250/crates/kernel/\345\221\250\346\234\237\351\224\256\350\257\273\345\217\226\345\256\241\350\256\241.md", O_RDONLY) = 3</tmp/kernel-audit2-v3r63b5w/\346\261\202\350\247\243\345\231\250/crates/kernel/\345\221\250\346\234\237\351\224\256\350\257\273\345\217\226\345\256\241\350\256\241.md>
1427354 --- SIGCHLD {si_signo=SIGCHLD, si_code=CLD_EXITED, si_pid=1427412, si_uid=1000, si_status=0, si_utime=0, si_stime=0} ---
1427354 openat(AT_FDCWD</tmp/kernel-audit2-v3r63b5w/\346\261\202\350\247\243\345\231\250>, "/dev/null", O_RDONLY|O_CLOEXEC) = 3</dev/null<char 1:3>>
1427413 execve("/home/zhuran24/.codex/tmp/arg0/codex-arg0DuAZRy/sha256sum", ["sha256sum", "--", "/tmp/kernel-audit2-v3r63b5w/\346\261\202\350\247\243\345\231\250/crates/kernel/src/value.rs"], 0x7ffde62c4578 /* 135 vars */) = -1 ENOENT (No such file or directory)
1427413 execve("/home/zhuran24/.cargo/bin/sha256sum", ["sha256sum", "--", "/tmp/kernel-audit2-v3r63b5w/\346\261\202\350\247\243\345\231\250/crates/kernel/src/value.rs"], 0x7ffde62c4578 /* 135 vars */) = -1 ENOENT (No such file or directory)
1427413 execve("/home/zhuran24/.local/bin/sha256sum", ["sha256sum", "--", "/tmp/kernel-audit2-v3r63b5w/\346\261\202\350\247\243\345\231\250/crates/kernel/src/value.rs"], 0x7ffde62c4578 /* 135 vars */) = -1 ENOENT (No such file or directory)
1427413 execve("/home/zhuran24/.opencode/bin/sha256sum", ["sha256sum", "--", "/tmp/kernel-audit2-v3r63b5w/\346\261\202\350\247\243\345\231\250/crates/kernel/src/value.rs"], 0x7ffde62c4578 /* 135 vars */) = -1 ENOENT (No such file or directory)
1427413 execve("/usr/local/bin/sha256sum", ["sha256sum", "--", "/tmp/kernel-audit2-v3r63b5w/\346\261\202\350\247\243\345\231\250/crates/kernel/src/value.rs"], 0x7ffde62c4578 /* 135 vars */) = -1 ENOENT (No such file or directory)
1427413 execve("/usr/bin/sha256sum", ["sha256sum", "--", "/tmp/kernel-audit2-v3r63b5w/\346\261\202\350\247\243\345\231\250/crates/kernel/src/value.rs"], 0x7ffde62c4578 /* 135 vars */) = 0
1427413 openat(AT_FDCWD</tmp/kernel-audit2-v3r63b5w/\346\261\202\350\247\243\345\231\250>, "/etc/ld.so.cache", O_RDONLY|O_CLOEXEC) = 3</etc/ld.so.cache>
1427413 openat(AT_FDCWD</tmp/kernel-audit2-v3r63b5w/\346\261\202\350\247\243\345\231\250>, "/usr/lib/libcrypto.so.3", O_RDONLY|O_CLOEXEC) = 3</usr/lib/libcrypto.so.3>
1427413 openat(AT_FDCWD</tmp/kernel-audit2-v3r63b5w/\346\261\202\350\247\243\345\231\250>, "/usr/lib/libc.so.6", O_RDONLY|O_CLOEXEC) = 3</usr/lib/libc.so.6>
1427413 openat(AT_FDCWD</tmp/kernel-audit2-v3r63b5w/\346\261\202\350\247\243\345\231\250>, "/usr/lib/libz.so.1", O_RDONLY|O_CLOEXEC) = 3</usr/lib/libz.so.1.3.1.zlib-ng>
1427413 openat(AT_FDCWD</tmp/kernel-audit2-v3r63b5w/\346\261\202\350\247\243\345\231\250>, "/usr/lib/libbrotlienc.so.1", O_RDONLY|O_CLOEXEC) = 3</usr/lib/libbrotlienc.so.1.2.0>
1427413 openat(AT_FDCWD</tmp/kernel-audit2-v3r63b5w/\346\261\202\350\247\243\345\231\250>, "/usr/lib/libbrotlidec.so.1", O_RDONLY|O_CLOEXEC) = 3</usr/lib/libbrotlidec.so.1.2.0>
1427413 openat(AT_FDCWD</tmp/kernel-audit2-v3r63b5w/\346\261\202\350\247\243\345\231\250>, "/usr/lib/libzstd.so.1", O_RDONLY|O_CLOEXEC) = 3</usr/lib/libzstd.so.1.5.7>
1427413 openat(AT_FDCWD</tmp/kernel-audit2-v3r63b5w/\346\261\202\350\247\243\345\231\250>, "/usr/lib/libm.so.6", O_RDONLY|O_CLOEXEC) = 3</usr/lib/libm.so.6>
1427413 openat(AT_FDCWD</tmp/kernel-audit2-v3r63b5w/\346\261\202\350\247\243\345\231\250>, "/usr/lib/libbrotlicommon.so.1", O_RDONLY|O_CLOEXEC) = 3</usr/lib/libbrotlicommon.so.1.2.0>
1427413 openat(AT_FDCWD</tmp/kernel-audit2-v3r63b5w/\346\261\202\350\247\243\345\231\250>, "/usr/lib/locale/locale-archive", O_RDONLY|O_CLOEXEC) = 3</usr/lib/locale/locale-archive>
1427413 openat(AT_FDCWD</tmp/kernel-audit2-v3r63b5w/\346\261\202\350\247\243\345\231\250>, "/usr/share/locale/locale.alias", O_RDONLY|O_CLOEXEC) = 3</usr/share/locale/locale.alias>
1427413 openat(AT_FDCWD</tmp/kernel-audit2-v3r63b5w/\346\261\202\350\247\243\345\231\250>, "/usr/lib/locale/C.UTF-8/LC_IDENTIFICATION", O_RDONLY|O_CLOEXEC) = -1 ENOENT (No such file or directory)
1427413 openat(AT_FDCWD</tmp/kernel-audit2-v3r63b5w/\346\261\202\350\247\243\345\231\250>, "/usr/lib/locale/C.utf8/LC_IDENTIFICATION", O_RDONLY|O_CLOEXEC) = 3</usr/lib/locale/C.utf8/LC_IDENTIFICATION>
1427413 openat(AT_FDCWD</tmp/kernel-audit2-v3r63b5w/\346\261\202\350\247\243\345\231\250>, "/usr/lib/gconv/gconv-modules.cache", O_RDONLY|O_CLOEXEC) = 3</usr/lib/gconv/gconv-modules.cache>
1427413 openat(AT_FDCWD</tmp/kernel-audit2-v3r63b5w/\346\261\202\350\247\243\345\231\250>, "/usr/lib/locale/C.UTF-8/LC_MEASUREMENT", O_RDONLY|O_CLOEXEC) = -1 ENOENT (No such file or directory)
1427413 openat(AT_FDCWD</tmp/kernel-audit2-v3r63b5w/\346\261\202\350\247\243\345\231\250>, "/usr/lib/locale/C.utf8/LC_MEASUREMENT", O_RDONLY|O_CLOEXEC) = 3</usr/lib/locale/C.utf8/LC_MEASUREMENT>
1427413 openat(AT_FDCWD</tmp/kernel-audit2-v3r63b5w/\346\261\202\350\247\243\345\231\250>, "/usr/lib/locale/C.UTF-8/LC_TELEPHONE", O_RDONLY|O_CLOEXEC) = -1 ENOENT (No such file or directory)
1427413 openat(AT_FDCWD</tmp/kernel-audit2-v3r63b5w/\346\261\202\350\247\243\345\231\250>, "/usr/lib/locale/C.utf8/LC_TELEPHONE", O_RDONLY|O_CLOEXEC) = 3</usr/lib/locale/C.utf8/LC_TELEPHONE>
1427413 openat(AT_FDCWD</tmp/kernel-audit2-v3r63b5w/\346\261\202\350\247\243\345\231\250>, "/usr/lib/locale/C.UTF-8/LC_ADDRESS", O_RDONLY|O_CLOEXEC) = -1 ENOENT (No such file or directory)
1427413 openat(AT_FDCWD</tmp/kernel-audit2-v3r63b5w/\346\261\202\350\247\243\345\231\250>, "/usr/lib/locale/C.utf8/LC_ADDRESS", O_RDONLY|O_CLOEXEC) = 3</usr/lib/locale/C.utf8/LC_ADDRESS>
1427413 openat(AT_FDCWD</tmp/kernel-audit2-v3r63b5w/\346\261\202\350\247\243\345\231\250>, "/usr/lib/locale/C.UTF-8/LC_NAME", O_RDONLY|O_CLOEXEC) = -1 ENOENT (No such file or directory)
1427413 openat(AT_FDCWD</tmp/kernel-audit2-v3r63b5w/\346\261\202\350\247\243\345\231\250>, "/usr/lib/locale/C.utf8/LC_NAME", O_RDONLY|O_CLOEXEC) = 3</usr/lib/locale/C.utf8/LC_NAME>
1427413 openat(AT_FDCWD</tmp/kernel-audit2-v3r63b5w/\346\261\202\350\247\243\345\231\250>, "/usr/lib/locale/C.UTF-8/LC_PAPER", O_RDONLY|O_CLOEXEC) = -1 ENOENT (No such file or directory)
1427413 openat(AT_FDCWD</tmp/kernel-audit2-v3r63b5w/\346\261\202\350\247\243\345\231\250>, "/usr/lib/locale/C.utf8/LC_PAPER", O_RDONLY|O_CLOEXEC) = 3</usr/lib/locale/C.utf8/LC_PAPER>
1427413 openat(AT_FDCWD</tmp/kernel-audit2-v3r63b5w/\346\261\202\350\247\243\345\231\250>, "/usr/lib/locale/C.UTF-8/LC_MESSAGES", O_RDONLY|O_CLOEXEC) = -1 ENOENT (No such file or directory)
1427413 openat(AT_FDCWD</tmp/kernel-audit2-v3r63b5w/\346\261\202\350\247\243\345\231\250>, "/usr/lib/locale/C.utf8/LC_MESSAGES", O_RDONLY|O_CLOEXEC) = 3</usr/lib/locale/C.utf8/LC_MESSAGES>
1427413 openat(AT_FDCWD</tmp/kernel-audit2-v3r63b5w/\346\261\202\350\247\243\345\231\250>, "/usr/lib/locale/C.utf8/LC_MESSAGES/SYS_LC_MESSAGES", O_RDONLY|O_CLOEXEC) = 3</usr/lib/locale/C.utf8/LC_MESSAGES/SYS_LC_MESSAGES>
1427413 openat(AT_FDCWD</tmp/kernel-audit2-v3r63b5w/\346\261\202\350\247\243\345\231\250>, "/usr/lib/locale/C.UTF-8/LC_MONETARY", O_RDONLY|O_CLOEXEC) = -1 ENOENT (No such file or directory)
1427413 openat(AT_FDCWD</tmp/kernel-audit2-v3r63b5w/\346\261\202\350\247\243\345\231\250>, "/usr/lib/locale/C.utf8/LC_MONETARY", O_RDONLY|O_CLOEXEC) = 3</usr/lib/locale/C.utf8/LC_MONETARY>
1427413 openat(AT_FDCWD</tmp/kernel-audit2-v3r63b5w/\346\261\202\350\247\243\345\231\250>, "/usr/lib/locale/C.UTF-8/LC_COLLATE", O_RDONLY|O_CLOEXEC) = -1 ENOENT (No such file or directory)
1427413 openat(AT_FDCWD</tmp/kernel-audit2-v3r63b5w/\346\261\202\350\247\243\345\231\250>, "/usr/lib/locale/C.utf8/LC_COLLATE", O_RDONLY|O_CLOEXEC) = 3</usr/lib/locale/C.utf8/LC_COLLATE>
1427413 openat(AT_FDCWD</tmp/kernel-audit2-v3r63b5w/\346\261\202\350\247\243\345\231\250>, "/usr/lib/locale/C.UTF-8/LC_TIME", O_RDONLY|O_CLOEXEC) = -1 ENOENT (No such file or directory)
1427413 openat(AT_FDCWD</tmp/kernel-audit2-v3r63b5w/\346\261\202\350\247\243\345\231\250>, "/usr/lib/locale/C.utf8/LC_TIME", O_RDONLY|O_CLOEXEC) = 3</usr/lib/locale/C.utf8/LC_TIME>
1427413 openat(AT_FDCWD</tmp/kernel-audit2-v3r63b5w/\346\261\202\350\247\243\345\231\250>, "/usr/lib/locale/C.UTF-8/LC_NUMERIC", O_RDONLY|O_CLOEXEC) = -1 ENOENT (No such file or directory)
1427413 openat(AT_FDCWD</tmp/kernel-audit2-v3r63b5w/\346\261\202\350\247\243\345\231\250>, "/usr/lib/locale/C.utf8/LC_NUMERIC", O_RDONLY|O_CLOEXEC) = 3</usr/lib/locale/C.utf8/LC_NUMERIC>
1427413 openat(AT_FDCWD</tmp/kernel-audit2-v3r63b5w/\346\261\202\350\247\243\345\231\250>, "/usr/lib/locale/C.UTF-8/LC_CTYPE", O_RDONLY|O_CLOEXEC) = -1 ENOENT (No such file or directory)
1427413 openat(AT_FDCWD</tmp/kernel-audit2-v3r63b5w/\346\261\202\350\247\243\345\231\250>, "/usr/lib/locale/C.utf8/LC_CTYPE", O_RDONLY|O_CLOEXEC) = 3</usr/lib/locale/C.utf8/LC_CTYPE>
1427413 openat(AT_FDCWD</tmp/kernel-audit2-v3r63b5w/\346\261\202\350\247\243\345\231\250>, "/tmp/kernel-audit2-v3r63b5w/\346\261\202\350\247\243\345\231\250/crates/kernel/src/value.rs", O_RDONLY) = 3</tmp/kernel-audit2-v3r63b5w/\346\261\202\350\247\243\345\231\250/crates/kernel/src/value.rs>
1427354 --- SIGCHLD {si_signo=SIGCHLD, si_code=CLD_EXITED, si_pid=1427413, si_uid=1000, si_status=0, si_utime=0, si_stime=0} ---
1427354 openat(AT_FDCWD</tmp/kernel-audit2-v3r63b5w/\346\261\202\350\247\243\345\231\250>, "/dev/null", O_RDONLY|O_CLOEXEC) = 3</dev/null<char 1:3>>
1427414 execve("/home/zhuran24/.codex/tmp/arg0/codex-arg0DuAZRy/sha256sum", ["sha256sum", "--", "/tmp/kernel-audit2-v3r63b5w/\346\261\202\350\247\243\345\231\250/crates/kernel/src/config.rs"], 0x7ffde62c4578 /* 135 vars */) = -1 ENOENT (No such file or directory)
1427414 execve("/home/zhuran24/.cargo/bin/sha256sum", ["sha256sum", "--", "/tmp/kernel-audit2-v3r63b5w/\346\261\202\350\247\243\345\231\250/crates/kernel/src/config.rs"], 0x7ffde62c4578 /* 135 vars */) = -1 ENOENT (No such file or directory)
1427414 execve("/home/zhuran24/.local/bin/sha256sum", ["sha256sum", "--", "/tmp/kernel-audit2-v3r63b5w/\346\261\202\350\247\243\345\231\250/crates/kernel/src/config.rs"], 0x7ffde62c4578 /* 135 vars */) = -1 ENOENT (No such file or directory)
1427414 execve("/home/zhuran24/.opencode/bin/sha256sum", ["sha256sum", "--", "/tmp/kernel-audit2-v3r63b5w/\346\261\202\350\247\243\345\231\250/crates/kernel/src/config.rs"], 0x7ffde62c4578 /* 135 vars */) = -1 ENOENT (No such file or directory)
1427414 execve("/usr/local/bin/sha256sum", ["sha256sum", "--", "/tmp/kernel-audit2-v3r63b5w/\346\261\202\350\247\243\345\231\250/crates/kernel/src/config.rs"], 0x7ffde62c4578 /* 135 vars */) = -1 ENOENT (No such file or directory)
1427414 execve("/usr/bin/sha256sum", ["sha256sum", "--", "/tmp/kernel-audit2-v3r63b5w/\346\261\202\350\247\243\345\231\250/crates/kernel/src/config.rs"], 0x7ffde62c4578 /* 135 vars */) = 0
1427414 openat(AT_FDCWD</tmp/kernel-audit2-v3r63b5w/\346\261\202\350\247\243\345\231\250>, "/etc/ld.so.cache", O_RDONLY|O_CLOEXEC) = 3</etc/ld.so.cache>
1427414 openat(AT_FDCWD</tmp/kernel-audit2-v3r63b5w/\346\261\202\350\247\243\345\231\250>, "/usr/lib/libcrypto.so.3", O_RDONLY|O_CLOEXEC) = 3</usr/lib/libcrypto.so.3>
1427414 openat(AT_FDCWD</tmp/kernel-audit2-v3r63b5w/\346\261\202\350\247\243\345\231\250>, "/usr/lib/libc.so.6", O_RDONLY|O_CLOEXEC) = 3</usr/lib/libc.so.6>
1427414 openat(AT_FDCWD</tmp/kernel-audit2-v3r63b5w/\346\261\202\350\247\243\345\231\250>, "/usr/lib/libz.so.1", O_RDONLY|O_CLOEXEC) = 3</usr/lib/libz.so.1.3.1.zlib-ng>
1427414 openat(AT_FDCWD</tmp/kernel-audit2-v3r63b5w/\346\261\202\350\247\243\345\231\250>, "/usr/lib/libbrotlienc.so.1", O_RDONLY|O_CLOEXEC) = 3</usr/lib/libbrotlienc.so.1.2.0>
1427414 openat(AT_FDCWD</tmp/kernel-audit2-v3r63b5w/\346\261\202\350\247\243\345\231\250>, "/usr/lib/libbrotlidec.so.1", O_RDONLY|O_CLOEXEC) = 3</usr/lib/libbrotlidec.so.1.2.0>
1427414 openat(AT_FDCWD</tmp/kernel-audit2-v3r63b5w/\346\261\202\350\247\243\345\231\250>, "/usr/lib/libzstd.so.1", O_RDONLY|O_CLOEXEC) = 3</usr/lib/libzstd.so.1.5.7>
1427414 openat(AT_FDCWD</tmp/kernel-audit2-v3r63b5w/\346\261\202\350\247\243\345\231\250>, "/usr/lib/libm.so.6", O_RDONLY|O_CLOEXEC) = 3</usr/lib/libm.so.6>
1427414 openat(AT_FDCWD</tmp/kernel-audit2-v3r63b5w/\346\261\202\350\247\243\345\231\250>, "/usr/lib/libbrotlicommon.so.1", O_RDONLY|O_CLOEXEC) = 3</usr/lib/libbrotlicommon.so.1.2.0>
1427414 openat(AT_FDCWD</tmp/kernel-audit2-v3r63b5w/\346\261\202\350\247\243\345\231\250>, "/usr/lib/locale/locale-archive", O_RDONLY|O_CLOEXEC) = 3</usr/lib/locale/locale-archive>
1427414 openat(AT_FDCWD</tmp/kernel-audit2-v3r63b5w/\346\261\202\350\247\243\345\231\250>, "/usr/share/locale/locale.alias", O_RDONLY|O_CLOEXEC) = 3</usr/share/locale/locale.alias>
1427414 openat(AT_FDCWD</tmp/kernel-audit2-v3r63b5w/\346\261\202\350\247\243\345\231\250>, "/usr/lib/locale/C.UTF-8/LC_IDENTIFICATION", O_RDONLY|O_CLOEXEC) = -1 ENOENT (No such file or directory)
1427414 openat(AT_FDCWD</tmp/kernel-audit2-v3r63b5w/\346\261\202\350\247\243\345\231\250>, "/usr/lib/locale/C.utf8/LC_IDENTIFICATION", O_RDONLY|O_CLOEXEC) = 3</usr/lib/locale/C.utf8/LC_IDENTIFICATION>
1427414 openat(AT_FDCWD</tmp/kernel-audit2-v3r63b5w/\346\261\202\350\247\243\345\231\250>, "/usr/lib/gconv/gconv-modules.cache", O_RDONLY|O_CLOEXEC) = 3</usr/lib/gconv/gconv-modules.cache>
1427414 openat(AT_FDCWD</tmp/kernel-audit2-v3r63b5w/\346\261\202\350\247\243\345\231\250>, "/usr/lib/locale/C.UTF-8/LC_MEASUREMENT", O_RDONLY|O_CLOEXEC) = -1 ENOENT (No such file or directory)
1427414 openat(AT_FDCWD</tmp/kernel-audit2-v3r63b5w/\346\261\202\350\247\243\345\231\250>, "/usr/lib/locale/C.utf8/LC_MEASUREMENT", O_RDONLY|O_CLOEXEC) = 3</usr/lib/locale/C.utf8/LC_MEASUREMENT>
1427414 openat(AT_FDCWD</tmp/kernel-audit2-v3r63b5w/\346\261\202\350\247\243\345\231\250>, "/usr/lib/locale/C.UTF-8/LC_TELEPHONE", O_RDONLY|O_CLOEXEC) = -1 ENOENT (No such file or directory)
1427414 openat(AT_FDCWD</tmp/kernel-audit2-v3r63b5w/\346\261\202\350\247\243\345\231\250>, "/usr/lib/locale/C.utf8/LC_TELEPHONE", O_RDONLY|O_CLOEXEC) = 3</usr/lib/locale/C.utf8/LC_TELEPHONE>
1427414 openat(AT_FDCWD</tmp/kernel-audit2-v3r63b5w/\346\261\202\350\247\243\345\231\250>, "/usr/lib/locale/C.UTF-8/LC_ADDRESS", O_RDONLY|O_CLOEXEC) = -1 ENOENT (No such file or directory)
1427414 openat(AT_FDCWD</tmp/kernel-audit2-v3r63b5w/\346\261\202\350\247\243\345\231\250>, "/usr/lib/locale/C.utf8/LC_ADDRESS", O_RDONLY|O_CLOEXEC) = 3</usr/lib/locale/C.utf8/LC_ADDRESS>
1427414 openat(AT_FDCWD</tmp/kernel-audit2-v3r63b5w/\346\261\202\350\247\243\345\231\250>, "/usr/lib/locale/C.UTF-8/LC_NAME", O_RDONLY|O_CLOEXEC) = -1 ENOENT (No such file or directory)
1427414 openat(AT_FDCWD</tmp/kernel-audit2-v3r63b5w/\346\261\202\350\247\243\345\231\250>, "/usr/lib/locale/C.utf8/LC_NAME", O_RDONLY|O_CLOEXEC) = 3</usr/lib/locale/C.utf8/LC_NAME>
1427414 openat(AT_FDCWD</tmp/kernel-audit2-v3r63b5w/\346\261\202\350\247\243\345\231\250>, "/usr/lib/locale/C.UTF-8/LC_PAPER", O_RDONLY|O_CLOEXEC) = -1 ENOENT (No such file or directory)
1427414 openat(AT_FDCWD</tmp/kernel-audit2-v3r63b5w/\346\261\202\350\247\243\345\231\250>, "/usr/lib/locale/C.utf8/LC_PAPER", O_RDONLY|O_CLOEXEC) = 3</usr/lib/locale/C.utf8/LC_PAPER>
1427414 openat(AT_FDCWD</tmp/kernel-audit2-v3r63b5w/\346\261\202\350\247\243\345\231\250>, "/usr/lib/locale/C.UTF-8/LC_MESSAGES", O_RDONLY|O_CLOEXEC) = -1 ENOENT (No such file or directory)
1427414 openat(AT_FDCWD</tmp/kernel-audit2-v3r63b5w/\346\261\202\350\247\243\345\231\250>, "/usr/lib/locale/C.utf8/LC_MESSAGES", O_RDONLY|O_CLOEXEC) = 3</usr/lib/locale/C.utf8/LC_MESSAGES>
1427414 openat(AT_FDCWD</tmp/kernel-audit2-v3r63b5w/\346\261\202\350\247\243\345\231\250>, "/usr/lib/locale/C.utf8/LC_MESSAGES/SYS_LC_MESSAGES", O_RDONLY|O_CLOEXEC) = 3</usr/lib/locale/C.utf8/LC_MESSAGES/SYS_LC_MESSAGES>
1427414 openat(AT_FDCWD</tmp/kernel-audit2-v3r63b5w/\346\261\202\350\247\243\345\231\250>, "/usr/lib/locale/C.UTF-8/LC_MONETARY", O_RDONLY|O_CLOEXEC) = -1 ENOENT (No such file or directory)
1427414 openat(AT_FDCWD</tmp/kernel-audit2-v3r63b5w/\346\261\202\350\247\243\345\231\250>, "/usr/lib/locale/C.utf8/LC_MONETARY", O_RDONLY|O_CLOEXEC) = 3</usr/lib/locale/C.utf8/LC_MONETARY>
1427414 openat(AT_FDCWD</tmp/kernel-audit2-v3r63b5w/\346\261\202\350\247\243\345\231\250>, "/usr/lib/locale/C.UTF-8/LC_COLLATE", O_RDONLY|O_CLOEXEC) = -1 ENOENT (No such file or directory)
1427414 openat(AT_FDCWD</tmp/kernel-audit2-v3r63b5w/\346\261\202\350\247\243\345\231\250>, "/usr/lib/locale/C.utf8/LC_COLLATE", O_RDONLY|O_CLOEXEC) = 3</usr/lib/locale/C.utf8/LC_COLLATE>
1427414 openat(AT_FDCWD</tmp/kernel-audit2-v3r63b5w/\346\261\202\350\247\243\345\231\250>, "/usr/lib/locale/C.UTF-8/LC_TIME", O_RDONLY|O_CLOEXEC) = -1 ENOENT (No such file or directory)
1427414 openat(AT_FDCWD</tmp/kernel-audit2-v3r63b5w/\346\261\202\350\247\243\345\231\250>, "/usr/lib/locale/C.utf8/LC_TIME", O_RDONLY|O_CLOEXEC) = 3</usr/lib/locale/C.utf8/LC_TIME>
1427414 openat(AT_FDCWD</tmp/kernel-audit2-v3r63b5w/\346\261\202\350\247\243\345\231\250>, "/usr/lib/locale/C.UTF-8/LC_NUMERIC", O_RDONLY|O_CLOEXEC) = -1 ENOENT (No such file or directory)
1427414 openat(AT_FDCWD</tmp/kernel-audit2-v3r63b5w/\346\261\202\350\247\243\345\231\250>, "/usr/lib/locale/C.utf8/LC_NUMERIC", O_RDONLY|O_CLOEXEC) = 3</usr/lib/locale/C.utf8/LC_NUMERIC>
1427414 openat(AT_FDCWD</tmp/kernel-audit2-v3r63b5w/\346\261\202\350\247\243\345\231\250>, "/usr/lib/locale/C.UTF-8/LC_CTYPE", O_RDONLY|O_CLOEXEC) = -1 ENOENT (No such file or directory)
1427414 openat(AT_FDCWD</tmp/kernel-audit2-v3r63b5w/\346\261\202\350\247\243\345\231\250>, "/usr/lib/locale/C.utf8/LC_CTYPE", O_RDONLY|O_CLOEXEC) = 3</usr/lib/locale/C.utf8/LC_CTYPE>
1427414 openat(AT_FDCWD</tmp/kernel-audit2-v3r63b5w/\346\261\202\350\247\243\345\231\250>, "/tmp/kernel-audit2-v3r63b5w/\346\261\202\350\247\243\345\231\250/crates/kernel/src/config.rs", O_RDONLY) = 3</tmp/kernel-audit2-v3r63b5w/\346\261\202\350\247\243\345\231\250/crates/kernel/src/config.rs>
1427354 --- SIGCHLD {si_signo=SIGCHLD, si_code=CLD_EXITED, si_pid=1427414, si_uid=1000, si_status=0, si_utime=0, si_stime=0} ---
1427354 openat(AT_FDCWD</tmp/kernel-audit2-v3r63b5w/\346\261\202\350\247\243\345\231\250>, "/dev/null", O_RDONLY|O_CLOEXEC) = 3</dev/null<char 1:3>>
1427415 execve("/home/zhuran24/.codex/tmp/arg0/codex-arg0DuAZRy/sha256sum", ["sha256sum", "--", "/tmp/kernel-audit2-v3r63b5w/\346\261\202\350\247\243\345\231\250/crates/kernel/src/model.rs"], 0x7ffde62c4578 /* 135 vars */) = -1 ENOENT (No such file or directory)
1427415 execve("/home/zhuran24/.cargo/bin/sha256sum", ["sha256sum", "--", "/tmp/kernel-audit2-v3r63b5w/\346\261\202\350\247\243\345\231\250/crates/kernel/src/model.rs"], 0x7ffde62c4578 /* 135 vars */) = -1 ENOENT (No such file or directory)
1427415 execve("/home/zhuran24/.local/bin/sha256sum", ["sha256sum", "--", "/tmp/kernel-audit2-v3r63b5w/\346\261\202\350\247\243\345\231\250/crates/kernel/src/model.rs"], 0x7ffde62c4578 /* 135 vars */) = -1 ENOENT (No such file or directory)
1427415 execve("/home/zhuran24/.opencode/bin/sha256sum", ["sha256sum", "--", "/tmp/kernel-audit2-v3r63b5w/\346\261\202\350\247\243\345\231\250/crates/kernel/src/model.rs"], 0x7ffde62c4578 /* 135 vars */) = -1 ENOENT (No such file or directory)
1427415 execve("/usr/local/bin/sha256sum", ["sha256sum", "--", "/tmp/kernel-audit2-v3r63b5w/\346\261\202\350\247\243\345\231\250/crates/kernel/src/model.rs"], 0x7ffde62c4578 /* 135 vars */) = -1 ENOENT (No such file or directory)
1427415 execve("/usr/bin/sha256sum", ["sha256sum", "--", "/tmp/kernel-audit2-v3r63b5w/\346\261\202\350\247\243\345\231\250/crates/kernel/src/model.rs"], 0x7ffde62c4578 /* 135 vars */) = 0
1427415 openat(AT_FDCWD</tmp/kernel-audit2-v3r63b5w/\346\261\202\350\247\243\345\231\250>, "/etc/ld.so.cache", O_RDONLY|O_CLOEXEC) = 3</etc/ld.so.cache>
1427415 openat(AT_FDCWD</tmp/kernel-audit2-v3r63b5w/\346\261\202\350\247\243\345\231\250>, "/usr/lib/libcrypto.so.3", O_RDONLY|O_CLOEXEC) = 3</usr/lib/libcrypto.so.3>
1427415 openat(AT_FDCWD</tmp/kernel-audit2-v3r63b5w/\346\261\202\350\247\243\345\231\250>, "/usr/lib/libc.so.6", O_RDONLY|O_CLOEXEC) = 3</usr/lib/libc.so.6>
1427415 openat(AT_FDCWD</tmp/kernel-audit2-v3r63b5w/\346\261\202\350\247\243\345\231\250>, "/usr/lib/libz.so.1", O_RDONLY|O_CLOEXEC) = 3</usr/lib/libz.so.1.3.1.zlib-ng>
1427415 openat(AT_FDCWD</tmp/kernel-audit2-v3r63b5w/\346\261\202\350\247\243\345\231\250>, "/usr/lib/libbrotlienc.so.1", O_RDONLY|O_CLOEXEC) = 3</usr/lib/libbrotlienc.so.1.2.0>
1427415 openat(AT_FDCWD</tmp/kernel-audit2-v3r63b5w/\346\261\202\350\247\243\345\231\250>, "/usr/lib/libbrotlidec.so.1", O_RDONLY|O_CLOEXEC) = 3</usr/lib/libbrotlidec.so.1.2.0>
1427415 openat(AT_FDCWD</tmp/kernel-audit2-v3r63b5w/\346\261\202\350\247\243\345\231\250>, "/usr/lib/libzstd.so.1", O_RDONLY|O_CLOEXEC) = 3</usr/lib/libzstd.so.1.5.7>
1427415 openat(AT_FDCWD</tmp/kernel-audit2-v3r63b5w/\346\261\202\350\247\243\345\231\250>, "/usr/lib/libm.so.6", O_RDONLY|O_CLOEXEC) = 3</usr/lib/libm.so.6>
1427415 openat(AT_FDCWD</tmp/kernel-audit2-v3r63b5w/\346\261\202\350\247\243\345\231\250>, "/usr/lib/libbrotlicommon.so.1", O_RDONLY|O_CLOEXEC) = 3</usr/lib/libbrotlicommon.so.1.2.0>
1427415 openat(AT_FDCWD</tmp/kernel-audit2-v3r63b5w/\346\261\202\350\247\243\345\231\250>, "/usr/lib/locale/locale-archive", O_RDONLY|O_CLOEXEC) = 3</usr/lib/locale/locale-archive>
1427415 openat(AT_FDCWD</tmp/kernel-audit2-v3r63b5w/\346\261\202\350\247\243\345\231\250>, "/usr/share/locale/locale.alias", O_RDONLY|O_CLOEXEC) = 3</usr/share/locale/locale.alias>
1427415 openat(AT_FDCWD</tmp/kernel-audit2-v3r63b5w/\346\261\202\350\247\243\345\231\250>, "/usr/lib/locale/C.UTF-8/LC_IDENTIFICATION", O_RDONLY|O_CLOEXEC) = -1 ENOENT (No such file or directory)
1427415 openat(AT_FDCWD</tmp/kernel-audit2-v3r63b5w/\346\261\202\350\247\243\345\231\250>, "/usr/lib/locale/C.utf8/LC_IDENTIFICATION", O_RDONLY|O_CLOEXEC) = 3</usr/lib/locale/C.utf8/LC_IDENTIFICATION>
1427415 openat(AT_FDCWD</tmp/kernel-audit2-v3r63b5w/\346\261\202\350\247\243\345\231\250>, "/usr/lib/gconv/gconv-modules.cache", O_RDONLY|O_CLOEXEC) = 3</usr/lib/gconv/gconv-modules.cache>
1427415 openat(AT_FDCWD</tmp/kernel-audit2-v3r63b5w/\346\261\202\350\247\243\345\231\250>, "/usr/lib/locale/C.UTF-8/LC_MEASUREMENT", O_RDONLY|O_CLOEXEC) = -1 ENOENT (No such file or directory)
1427415 openat(AT_FDCWD</tmp/kernel-audit2-v3r63b5w/\346\261\202\350\247\243\345\231\250>, "/usr/lib/locale/C.utf8/LC_MEASUREMENT", O_RDONLY|O_CLOEXEC) = 3</usr/lib/locale/C.utf8/LC_MEASUREMENT>
1427415 openat(AT_FDCWD</tmp/kernel-audit2-v3r63b5w/\346\261\202\350\247\243\345\231\250>, "/usr/lib/locale/C.UTF-8/LC_TELEPHONE", O_RDONLY|O_CLOEXEC) = -1 ENOENT (No such file or directory)
1427415 openat(AT_FDCWD</tmp/kernel-audit2-v3r63b5w/\346\261\202\350\247\243\345\231\250>, "/usr/lib/locale/C.utf8/LC_TELEPHONE", O_RDONLY|O_CLOEXEC) = 3</usr/lib/locale/C.utf8/LC_TELEPHONE>
1427415 openat(AT_FDCWD</tmp/kernel-audit2-v3r63b5w/\346\261\202\350\247\243\345\231\250>, "/usr/lib/locale/C.UTF-8/LC_ADDRESS", O_RDONLY|O_CLOEXEC) = -1 ENOENT (No such file or directory)
1427415 openat(AT_FDCWD</tmp/kernel-audit2-v3r63b5w/\346\261\202\350\247\243\345\231\250>, "/usr/lib/locale/C.utf8/LC_ADDRESS", O_RDONLY|O_CLOEXEC) = 3</usr/lib/locale/C.utf8/LC_ADDRESS>
1427415 openat(AT_FDCWD</tmp/kernel-audit2-v3r63b5w/\346\261\202\350\247\243\345\231\250>, "/usr/lib/locale/C.UTF-8/LC_NAME", O_RDONLY|O_CLOEXEC) = -1 ENOENT (No such file or directory)
1427415 openat(AT_FDCWD</tmp/kernel-audit2-v3r63b5w/\346\261\202\350\247\243\345\231\250>, "/usr/lib/locale/C.utf8/LC_NAME", O_RDONLY|O_CLOEXEC) = 3</usr/lib/locale/C.utf8/LC_NAME>
1427415 openat(AT_FDCWD</tmp/kernel-audit2-v3r63b5w/\346\261\202\350\247\243\345\231\250>, "/usr/lib/locale/C.UTF-8/LC_PAPER", O_RDONLY|O_CLOEXEC) = -1 ENOENT (No such file or directory)
1427415 openat(AT_FDCWD</tmp/kernel-audit2-v3r63b5w/\346\261\202\350\247\243\345\231\250>, "/usr/lib/locale/C.utf8/LC_PAPER", O_RDONLY|O_CLOEXEC) = 3</usr/lib/locale/C.utf8/LC_PAPER>
1427415 openat(AT_FDCWD</tmp/kernel-audit2-v3r63b5w/\346\261\202\350\247\243\345\231\250>, "/usr/lib/locale/C.UTF-8/LC_MESSAGES", O_RDONLY|O_CLOEXEC) = -1 ENOENT (No such file or directory)
1427415 openat(AT_FDCWD</tmp/kernel-audit2-v3r63b5w/\346\261\202\350\247\243\345\231\250>, "/usr/lib/locale/C.utf8/LC_MESSAGES", O_RDONLY|O_CLOEXEC) = 3</usr/lib/locale/C.utf8/LC_MESSAGES>
1427415 openat(AT_FDCWD</tmp/kernel-audit2-v3r63b5w/\346\261\202\350\247\243\345\231\250>, "/usr/lib/locale/C.utf8/LC_MESSAGES/SYS_LC_MESSAGES", O_RDONLY|O_CLOEXEC) = 3</usr/lib/locale/C.utf8/LC_MESSAGES/SYS_LC_MESSAGES>
1427415 openat(AT_FDCWD</tmp/kernel-audit2-v3r63b5w/\346\261\202\350\247\243\345\231\250>, "/usr/lib/locale/C.UTF-8/LC_MONETARY", O_RDONLY|O_CLOEXEC) = -1 ENOENT (No such file or directory)
1427415 openat(AT_FDCWD</tmp/kernel-audit2-v3r63b5w/\346\261\202\350\247\243\345\231\250>, "/usr/lib/locale/C.utf8/LC_MONETARY", O_RDONLY|O_CLOEXEC) = 3</usr/lib/locale/C.utf8/LC_MONETARY>
1427415 openat(AT_FDCWD</tmp/kernel-audit2-v3r63b5w/\346\261\202\350\247\243\345\231\250>, "/usr/lib/locale/C.UTF-8/LC_COLLATE", O_RDONLY|O_CLOEXEC) = -1 ENOENT (No such file or directory)
1427415 openat(AT_FDCWD</tmp/kernel-audit2-v3r63b5w/\346\261\202\350\247\243\345\231\250>, "/usr/lib/locale/C.utf8/LC_COLLATE", O_RDONLY|O_CLOEXEC) = 3</usr/lib/locale/C.utf8/LC_COLLATE>
1427415 openat(AT_FDCWD</tmp/kernel-audit2-v3r63b5w/\346\261\202\350\247\243\345\231\250>, "/usr/lib/locale/C.UTF-8/LC_TIME", O_RDONLY|O_CLOEXEC) = -1 ENOENT (No such file or directory)
1427415 openat(AT_FDCWD</tmp/kernel-audit2-v3r63b5w/\346\261\202\350\247\243\345\231\250>, "/usr/lib/locale/C.utf8/LC_TIME", O_RDONLY|O_CLOEXEC) = 3</usr/lib/locale/C.utf8/LC_TIME>
1427415 openat(AT_FDCWD</tmp/kernel-audit2-v3r63b5w/\346\261\202\350\247\243\345\231\250>, "/usr/lib/locale/C.UTF-8/LC_NUMERIC", O_RDONLY|O_CLOEXEC) = -1 ENOENT (No such file or directory)
1427415 openat(AT_FDCWD</tmp/kernel-audit2-v3r63b5w/\346\261\202\350\247\243\345\231\250>, "/usr/lib/locale/C.utf8/LC_NUMERIC", O_RDONLY|O_CLOEXEC) = 3</usr/lib/locale/C.utf8/LC_NUMERIC>
1427415 openat(AT_FDCWD</tmp/kernel-audit2-v3r63b5w/\346\261\202\350\247\243\345\231\250>, "/usr/lib/locale/C.UTF-8/LC_CTYPE", O_RDONLY|O_CLOEXEC) = -1 ENOENT (No such file or directory)
1427415 openat(AT_FDCWD</tmp/kernel-audit2-v3r63b5w/\346\261\202\350\247\243\345\231\250>, "/usr/lib/locale/C.utf8/LC_CTYPE", O_RDONLY|O_CLOEXEC) = 3</usr/lib/locale/C.utf8/LC_CTYPE>
1427415 openat(AT_FDCWD</tmp/kernel-audit2-v3r63b5w/\346\261\202\350\247\243\345\231\250>, "/tmp/kernel-audit2-v3r63b5w/\346\261\202\350\247\243\345\231\250/crates/kernel/src/model.rs", O_RDONLY) = 3</tmp/kernel-audit2-v3r63b5w/\346\261\202\350\247\243\345\231\250/crates/kernel/src/model.rs>
1427354 --- SIGCHLD {si_signo=SIGCHLD, si_code=CLD_EXITED, si_pid=1427415, si_uid=1000, si_status=0, si_utime=0, si_stime=0} ---
1427354 openat(AT_FDCWD</tmp/kernel-audit2-v3r63b5w/\346\261\202\350\247\243\345\231\250>, "/dev/null", O_RDONLY|O_CLOEXEC) = 3</dev/null<char 1:3>>
1427416 execve("/home/zhuran24/.codex/tmp/arg0/codex-arg0DuAZRy/sha256sum", ["sha256sum", "--", "/tmp/kernel-audit2-v3r63b5w/\346\261\202\350\247\243\345\231\250/crates/kernel/src/catalog.rs"], 0x7ffde62c4578 /* 135 vars */) = -1 ENOENT (No such file or directory)
1427416 execve("/home/zhuran24/.cargo/bin/sha256sum", ["sha256sum", "--", "/tmp/kernel-audit2-v3r63b5w/\346\261\202\350\247\243\345\231\250/crates/kernel/src/catalog.rs"], 0x7ffde62c4578 /* 135 vars */) = -1 ENOENT (No such file or directory)
1427416 execve("/home/zhuran24/.local/bin/sha256sum", ["sha256sum", "--", "/tmp/kernel-audit2-v3r63b5w/\346\261\202\350\247\243\345\231\250/crates/kernel/src/catalog.rs"], 0x7ffde62c4578 /* 135 vars */) = -1 ENOENT (No such file or directory)
1427416 execve("/home/zhuran24/.opencode/bin/sha256sum", ["sha256sum", "--", "/tmp/kernel-audit2-v3r63b5w/\346\261\202\350\247\243\345\231\250/crates/kernel/src/catalog.rs"], 0x7ffde62c4578 /* 135 vars */) = -1 ENOENT (No such file or directory)
1427416 execve("/usr/local/bin/sha256sum", ["sha256sum", "--", "/tmp/kernel-audit2-v3r63b5w/\346\261\202\350\247\243\345\231\250/crates/kernel/src/catalog.rs"], 0x7ffde62c4578 /* 135 vars */) = -1 ENOENT (No such file or directory)
1427416 execve("/usr/bin/sha256sum", ["sha256sum", "--", "/tmp/kernel-audit2-v3r63b5w/\346\261\202\350\247\243\345\231\250/crates/kernel/src/catalog.rs"], 0x7ffde62c4578 /* 135 vars */) = 0
1427416 openat(AT_FDCWD</tmp/kernel-audit2-v3r63b5w/\346\261\202\350\247\243\345\231\250>, "/etc/ld.so.cache", O_RDONLY|O_CLOEXEC) = 3</etc/ld.so.cache>
1427416 openat(AT_FDCWD</tmp/kernel-audit2-v3r63b5w/\346\261\202\350\247\243\345\231\250>, "/usr/lib/libcrypto.so.3", O_RDONLY|O_CLOEXEC) = 3</usr/lib/libcrypto.so.3>
1427416 openat(AT_FDCWD</tmp/kernel-audit2-v3r63b5w/\346\261\202\350\247\243\345\231\250>, "/usr/lib/libc.so.6", O_RDONLY|O_CLOEXEC) = 3</usr/lib/libc.so.6>
1427416 openat(AT_FDCWD</tmp/kernel-audit2-v3r63b5w/\346\261\202\350\247\243\345\231\250>, "/usr/lib/libz.so.1", O_RDONLY|O_CLOEXEC) = 3</usr/lib/libz.so.1.3.1.zlib-ng>
1427416 openat(AT_FDCWD</tmp/kernel-audit2-v3r63b5w/\346\261\202\350\247\243\345\231\250>, "/usr/lib/libbrotlienc.so.1", O_RDONLY|O_CLOEXEC) = 3</usr/lib/libbrotlienc.so.1.2.0>
1427416 openat(AT_FDCWD</tmp/kernel-audit2-v3r63b5w/\346\261\202\350\247\243\345\231\250>, "/usr/lib/libbrotlidec.so.1", O_RDONLY|O_CLOEXEC) = 3</usr/lib/libbrotlidec.so.1.2.0>
1427416 openat(AT_FDCWD</tmp/kernel-audit2-v3r63b5w/\346\261\202\350\247\243\345\231\250>, "/usr/lib/libzstd.so.1", O_RDONLY|O_CLOEXEC) = 3</usr/lib/libzstd.so.1.5.7>
1427416 openat(AT_FDCWD</tmp/kernel-audit2-v3r63b5w/\346\261\202\350\247\243\345\231\250>, "/usr/lib/libm.so.6", O_RDONLY|O_CLOEXEC) = 3</usr/lib/libm.so.6>
1427416 openat(AT_FDCWD</tmp/kernel-audit2-v3r63b5w/\346\261\202\350\247\243\345\231\250>, "/usr/lib/libbrotlicommon.so.1", O_RDONLY|O_CLOEXEC) = 3</usr/lib/libbrotlicommon.so.1.2.0>
1427416 openat(AT_FDCWD</tmp/kernel-audit2-v3r63b5w/\346\261\202\350\247\243\345\231\250>, "/usr/lib/locale/locale-archive", O_RDONLY|O_CLOEXEC) = 3</usr/lib/locale/locale-archive>
1427416 openat(AT_FDCWD</tmp/kernel-audit2-v3r63b5w/\346\261\202\350\247\243\345\231\250>, "/usr/share/locale/locale.alias", O_RDONLY|O_CLOEXEC) = 3</usr/share/locale/locale.alias>
1427416 openat(AT_FDCWD</tmp/kernel-audit2-v3r63b5w/\346\261\202\350\247\243\345\231\250>, "/usr/lib/locale/C.UTF-8/LC_IDENTIFICATION", O_RDONLY|O_CLOEXEC) = -1 ENOENT (No such file or directory)
1427416 openat(AT_FDCWD</tmp/kernel-audit2-v3r63b5w/\346\261\202\350\247\243\345\231\250>, "/usr/lib/locale/C.utf8/LC_IDENTIFICATION", O_RDONLY|O_CLOEXEC) = 3</usr/lib/locale/C.utf8/LC_IDENTIFICATION>
1427416 openat(AT_FDCWD</tmp/kernel-audit2-v3r63b5w/\346\261\202\350\247\243\345\231\250>, "/usr/lib/gconv/gconv-modules.cache", O_RDONLY|O_CLOEXEC) = 3</usr/lib/gconv/gconv-modules.cache>
1427416 openat(AT_FDCWD</tmp/kernel-audit2-v3r63b5w/\346\261\202\350\247\243\345\231\250>, "/usr/lib/locale/C.UTF-8/LC_MEASUREMENT", O_RDONLY|O_CLOEXEC) = -1 ENOENT (No such file or directory)
1427416 openat(AT_FDCWD</tmp/kernel-audit2-v3r63b5w/\346\261\202\350\247\243\345\231\250>, "/usr/lib/locale/C.utf8/LC_MEASUREMENT", O_RDONLY|O_CLOEXEC) = 3</usr/lib/locale/C.utf8/LC_MEASUREMENT>
1427416 openat(AT_FDCWD</tmp/kernel-audit2-v3r63b5w/\346\261\202\350\247\243\345\231\250>, "/usr/lib/locale/C.UTF-8/LC_TELEPHONE", O_RDONLY|O_CLOEXEC) = -1 ENOENT (No such file or directory)
1427416 openat(AT_FDCWD</tmp/kernel-audit2-v3r63b5w/\346\261\202\350\247\243\345\231\250>, "/usr/lib/locale/C.utf8/LC_TELEPHONE", O_RDONLY|O_CLOEXEC) = 3</usr/lib/locale/C.utf8/LC_TELEPHONE>
1427416 openat(AT_FDCWD</tmp/kernel-audit2-v3r63b5w/\346\261\202\350\247\243\345\231\250>, "/usr/lib/locale/C.UTF-8/LC_ADDRESS", O_RDONLY|O_CLOEXEC) = -1 ENOENT (No such file or directory)
1427416 openat(AT_FDCWD</tmp/kernel-audit2-v3r63b5w/\346\261\202\350\247\243\345\231\250>, "/usr/lib/locale/C.utf8/LC_ADDRESS", O_RDONLY|O_CLOEXEC) = 3</usr/lib/locale/C.utf8/LC_ADDRESS>
1427416 openat(AT_FDCWD</tmp/kernel-audit2-v3r63b5w/\346\261\202\350\247\243\345\231\250>, "/usr/lib/locale/C.UTF-8/LC_NAME", O_RDONLY|O_CLOEXEC) = -1 ENOENT (No such file or directory)
1427416 openat(AT_FDCWD</tmp/kernel-audit2-v3r63b5w/\346\261\202\350\247\243\345\231\250>, "/usr/lib/locale/C.utf8/LC_NAME", O_RDONLY|O_CLOEXEC) = 3</usr/lib/locale/C.utf8/LC_NAME>
1427416 openat(AT_FDCWD</tmp/kernel-audit2-v3r63b5w/\346\261\202\350\247\243\345\231\250>, "/usr/lib/locale/C.UTF-8/LC_PAPER", O_RDONLY|O_CLOEXEC) = -1 ENOENT (No such file or directory)
1427416 openat(AT_FDCWD</tmp/kernel-audit2-v3r63b5w/\346\261\202\350\247\243\345\231\250>, "/usr/lib/locale/C.utf8/LC_PAPER", O_RDONLY|O_CLOEXEC) = 3</usr/lib/locale/C.utf8/LC_PAPER>
1427416 openat(AT_FDCWD</tmp/kernel-audit2-v3r63b5w/\346\261\202\350\247\243\345\231\250>, "/usr/lib/locale/C.UTF-8/LC_MESSAGES", O_RDONLY|O_CLOEXEC) = -1 ENOENT (No such file or directory)
1427416 openat(AT_FDCWD</tmp/kernel-audit2-v3r63b5w/\346\261\202\350\247\243\345\231\250>, "/usr/lib/locale/C.utf8/LC_MESSAGES", O_RDONLY|O_CLOEXEC) = 3</usr/lib/locale/C.utf8/LC_MESSAGES>
1427416 openat(AT_FDCWD</tmp/kernel-audit2-v3r63b5w/\346\261\202\350\247\243\345\231\250>, "/usr/lib/locale/C.utf8/LC_MESSAGES/SYS_LC_MESSAGES", O_RDONLY|O_CLOEXEC) = 3</usr/lib/locale/C.utf8/LC_MESSAGES/SYS_LC_MESSAGES>
1427416 openat(AT_FDCWD</tmp/kernel-audit2-v3r63b5w/\346\261\202\350\247\243\345\231\250>, "/usr/lib/locale/C.UTF-8/LC_MONETARY", O_RDONLY|O_CLOEXEC) = -1 ENOENT (No such file or directory)
1427416 openat(AT_FDCWD</tmp/kernel-audit2-v3r63b5w/\346\261\202\350\247\243\345\231\250>, "/usr/lib/locale/C.utf8/LC_MONETARY", O_RDONLY|O_CLOEXEC) = 3</usr/lib/locale/C.utf8/LC_MONETARY>
1427416 openat(AT_FDCWD</tmp/kernel-audit2-v3r63b5w/\346\261\202\350\247\243\345\231\250>, "/usr/lib/locale/C.UTF-8/LC_COLLATE", O_RDONLY|O_CLOEXEC) = -1 ENOENT (No such file or directory)
1427416 openat(AT_FDCWD</tmp/kernel-audit2-v3r63b5w/\346\261\202\350\247\243\345\231\250>, "/usr/lib/locale/C.utf8/LC_COLLATE", O_RDONLY|O_CLOEXEC) = 3</usr/lib/locale/C.utf8/LC_COLLATE>
1427416 openat(AT_FDCWD</tmp/kernel-audit2-v3r63b5w/\346\261\202\350\247\243\345\231\250>, "/usr/lib/locale/C.UTF-8/LC_TIME", O_RDONLY|O_CLOEXEC) = -1 ENOENT (No such file or directory)
1427416 openat(AT_FDCWD</tmp/kernel-audit2-v3r63b5w/\346\261\202\350\247\243\345\231\250>, "/usr/lib/locale/C.utf8/LC_TIME", O_RDONLY|O_CLOEXEC) = 3</usr/lib/locale/C.utf8/LC_TIME>
1427416 openat(AT_FDCWD</tmp/kernel-audit2-v3r63b5w/\346\261\202\350\247\243\345\231\250>, "/usr/lib/locale/C.UTF-8/LC_NUMERIC", O_RDONLY|O_CLOEXEC) = -1 ENOENT (No such file or directory)
1427416 openat(AT_FDCWD</tmp/kernel-audit2-v3r63b5w/\346\261\202\350\247\243\345\231\250>, "/usr/lib/locale/C.utf8/LC_NUMERIC", O_RDONLY|O_CLOEXEC) = 3</usr/lib/locale/C.utf8/LC_NUMERIC>
1427416 openat(AT_FDCWD</tmp/kernel-audit2-v3r63b5w/\346\261\202\350\247\243\345\231\250>, "/usr/lib/locale/C.UTF-8/LC_CTYPE", O_RDONLY|O_CLOEXEC) = -1 ENOENT (No such file or directory)
1427416 openat(AT_FDCWD</tmp/kernel-audit2-v3r63b5w/\346\261\202\350\247\243\345\231\250>, "/usr/lib/locale/C.utf8/LC_CTYPE", O_RDONLY|O_CLOEXEC) = 3</usr/lib/locale/C.utf8/LC_CTYPE>
1427416 openat(AT_FDCWD</tmp/kernel-audit2-v3r63b5w/\346\261\202\350\247\243\345\231\250>, "/tmp/kernel-audit2-v3r63b5w/\346\261\202\350\247\243\345\231\250/crates/kernel/src/catalog.rs", O_RDONLY) = 3</tmp/kernel-audit2-v3r63b5w/\346\261\202\350\247\243\345\231\250/crates/kernel/src/catalog.rs>
1427354 --- SIGCHLD {si_signo=SIGCHLD, si_code=CLD_EXITED, si_pid=1427416, si_uid=1000, si_status=0, si_utime=0, si_stime=0} ---
1427354 openat(AT_FDCWD</tmp/kernel-audit2-v3r63b5w/\346\261\202\350\247\243\345\231\250>, "/dev/null", O_RDONLY|O_CLOEXEC) = 3</dev/null<char 1:3>>
1427417 execve("/home/zhuran24/.codex/tmp/arg0/codex-arg0DuAZRy/sha256sum", ["sha256sum", "--", "/tmp/kernel-audit2-v3r63b5w/\346\261\202\350\247\243\345\231\250/crates/kernel/src/input.rs"], 0x7ffde62c4578 /* 135 vars */) = -1 ENOENT (No such file or directory)
1427417 execve("/home/zhuran24/.cargo/bin/sha256sum", ["sha256sum", "--", "/tmp/kernel-audit2-v3r63b5w/\346\261\202\350\247\243\345\231\250/crates/kernel/src/input.rs"], 0x7ffde62c4578 /* 135 vars */) = -1 ENOENT (No such file or directory)
1427417 execve("/home/zhuran24/.local/bin/sha256sum", ["sha256sum", "--", "/tmp/kernel-audit2-v3r63b5w/\346\261\202\350\247\243\345\231\250/crates/kernel/src/input.rs"], 0x7ffde62c4578 /* 135 vars */) = -1 ENOENT (No such file or directory)
1427417 execve("/home/zhuran24/.opencode/bin/sha256sum", ["sha256sum", "--", "/tmp/kernel-audit2-v3r63b5w/\346\261\202\350\247\243\345\231\250/crates/kernel/src/input.rs"], 0x7ffde62c4578 /* 135 vars */) = -1 ENOENT (No such file or directory)
1427417 execve("/usr/local/bin/sha256sum", ["sha256sum", "--", "/tmp/kernel-audit2-v3r63b5w/\346\261\202\350\247\243\345\231\250/crates/kernel/src/input.rs"], 0x7ffde62c4578 /* 135 vars */) = -1 ENOENT (No such file or directory)
1427417 execve("/usr/bin/sha256sum", ["sha256sum", "--", "/tmp/kernel-audit2-v3r63b5w/\346\261\202\350\247\243\345\231\250/crates/kernel/src/input.rs"], 0x7ffde62c4578 /* 135 vars */) = 0
1427417 openat(AT_FDCWD</tmp/kernel-audit2-v3r63b5w/\346\261\202\350\247\243\345\231\250>, "/etc/ld.so.cache", O_RDONLY|O_CLOEXEC) = 3</etc/ld.so.cache>
1427417 openat(AT_FDCWD</tmp/kernel-audit2-v3r63b5w/\346\261\202\350\247\243\345\231\250>, "/usr/lib/libcrypto.so.3", O_RDONLY|O_CLOEXEC) = 3</usr/lib/libcrypto.so.3>
1427417 openat(AT_FDCWD</tmp/kernel-audit2-v3r63b5w/\346\261\202\350\247\243\345\231\250>, "/usr/lib/libc.so.6", O_RDONLY|O_CLOEXEC) = 3</usr/lib/libc.so.6>
1427417 openat(AT_FDCWD</tmp/kernel-audit2-v3r63b5w/\346\261\202\350\247\243\345\231\250>, "/usr/lib/libz.so.1", O_RDONLY|O_CLOEXEC) = 3</usr/lib/libz.so.1.3.1.zlib-ng>
1427417 openat(AT_FDCWD</tmp/kernel-audit2-v3r63b5w/\346\261\202\350\247\243\345\231\250>, "/usr/lib/libbrotlienc.so.1", O_RDONLY|O_CLOEXEC) = 3</usr/lib/libbrotlienc.so.1.2.0>
1427417 openat(AT_FDCWD</tmp/kernel-audit2-v3r63b5w/\346\261\202\350\247\243\345\231\250>, "/usr/lib/libbrotlidec.so.1", O_RDONLY|O_CLOEXEC) = 3</usr/lib/libbrotlidec.so.1.2.0>
1427417 openat(AT_FDCWD</tmp/kernel-audit2-v3r63b5w/\346\261\202\350\247\243\345\231\250>, "/usr/lib/libzstd.so.1", O_RDONLY|O_CLOEXEC) = 3</usr/lib/libzstd.so.1.5.7>
1427417 openat(AT_FDCWD</tmp/kernel-audit2-v3r63b5w/\346\261\202\350\247\243\345\231\250>, "/usr/lib/libm.so.6", O_RDONLY|O_CLOEXEC) = 3</usr/lib/libm.so.6>
1427417 openat(AT_FDCWD</tmp/kernel-audit2-v3r63b5w/\346\261\202\350\247\243\345\231\250>, "/usr/lib/libbrotlicommon.so.1", O_RDONLY|O_CLOEXEC) = 3</usr/lib/libbrotlicommon.so.1.2.0>
1427417 openat(AT_FDCWD</tmp/kernel-audit2-v3r63b5w/\346\261\202\350\247\243\345\231\250>, "/usr/lib/locale/locale-archive", O_RDONLY|O_CLOEXEC) = 3</usr/lib/locale/locale-archive>
1427417 openat(AT_FDCWD</tmp/kernel-audit2-v3r63b5w/\346\261\202\350\247\243\345\231\250>, "/usr/share/locale/locale.alias", O_RDONLY|O_CLOEXEC) = 3</usr/share/locale/locale.alias>
1427417 openat(AT_FDCWD</tmp/kernel-audit2-v3r63b5w/\346\261\202\350\247\243\345\231\250>, "/usr/lib/locale/C.UTF-8/LC_IDENTIFICATION", O_RDONLY|O_CLOEXEC) = -1 ENOENT (No such file or directory)
1427417 openat(AT_FDCWD</tmp/kernel-audit2-v3r63b5w/\346\261\202\350\247\243\345\231\250>, "/usr/lib/locale/C.utf8/LC_IDENTIFICATION", O_RDONLY|O_CLOEXEC) = 3</usr/lib/locale/C.utf8/LC_IDENTIFICATION>
1427417 openat(AT_FDCWD</tmp/kernel-audit2-v3r63b5w/\346\261\202\350\247\243\345\231\250>, "/usr/lib/gconv/gconv-modules.cache", O_RDONLY|O_CLOEXEC) = 3</usr/lib/gconv/gconv-modules.cache>
1427417 openat(AT_FDCWD</tmp/kernel-audit2-v3r63b5w/\346\261\202\350\247\243\345\231\250>, "/usr/lib/locale/C.UTF-8/LC_MEASUREMENT", O_RDONLY|O_CLOEXEC) = -1 ENOENT (No such file or directory)
1427417 openat(AT_FDCWD</tmp/kernel-audit2-v3r63b5w/\346\261\202\350\247\243\345\231\250>, "/usr/lib/locale/C.utf8/LC_MEASUREMENT", O_RDONLY|O_CLOEXEC) = 3</usr/lib/locale/C.utf8/LC_MEASUREMENT>
1427417 openat(AT_FDCWD</tmp/kernel-audit2-v3r63b5w/\346\261\202\350\247\243\345\231\250>, "/usr/lib/locale/C.UTF-8/LC_TELEPHONE", O_RDONLY|O_CLOEXEC) = -1 ENOENT (No such file or directory)
1427417 openat(AT_FDCWD</tmp/kernel-audit2-v3r63b5w/\346\261\202\350\247\243\345\231\250>, "/usr/lib/locale/C.utf8/LC_TELEPHONE", O_RDONLY|O_CLOEXEC) = 3</usr/lib/locale/C.utf8/LC_TELEPHONE>
1427417 openat(AT_FDCWD</tmp/kernel-audit2-v3r63b5w/\346\261\202\350\247\243\345\231\250>, "/usr/lib/locale/C.UTF-8/LC_ADDRESS", O_RDONLY|O_CLOEXEC) = -1 ENOENT (No such file or directory)
1427417 openat(AT_FDCWD</tmp/kernel-audit2-v3r63b5w/\346\261\202\350\247\243\345\231\250>, "/usr/lib/locale/C.utf8/LC_ADDRESS", O_RDONLY|O_CLOEXEC) = 3</usr/lib/locale/C.utf8/LC_ADDRESS>
1427417 openat(AT_FDCWD</tmp/kernel-audit2-v3r63b5w/\346\261\202\350\247\243\345\231\250>, "/usr/lib/locale/C.UTF-8/LC_NAME", O_RDONLY|O_CLOEXEC) = -1 ENOENT (No such file or directory)
1427417 openat(AT_FDCWD</tmp/kernel-audit2-v3r63b5w/\346\261\202\350\247\243\345\231\250>, "/usr/lib/locale/C.utf8/LC_NAME", O_RDONLY|O_CLOEXEC) = 3</usr/lib/locale/C.utf8/LC_NAME>
1427417 openat(AT_FDCWD</tmp/kernel-audit2-v3r63b5w/\346\261\202\350\247\243\345\231\250>, "/usr/lib/locale/C.UTF-8/LC_PAPER", O_RDONLY|O_CLOEXEC) = -1 ENOENT (No such file or directory)
1427417 openat(AT_FDCWD</tmp/kernel-audit2-v3r63b5w/\346\261\202\350\247\243\345\231\250>, "/usr/lib/locale/C.utf8/LC_PAPER", O_RDONLY|O_CLOEXEC) = 3</usr/lib/locale/C.utf8/LC_PAPER>
1427417 openat(AT_FDCWD</tmp/kernel-audit2-v3r63b5w/\346\261\202\350\247\243\345\231\250>, "/usr/lib/locale/C.UTF-8/LC_MESSAGES", O_RDONLY|O_CLOEXEC) = -1 ENOENT (No such file or directory)
1427417 openat(AT_FDCWD</tmp/kernel-audit2-v3r63b5w/\346\261\202\350\247\243\345\231\250>, "/usr/lib/locale/C.utf8/LC_MESSAGES", O_RDONLY|O_CLOEXEC) = 3</usr/lib/locale/C.utf8/LC_MESSAGES>
1427417 openat(AT_FDCWD</tmp/kernel-audit2-v3r63b5w/\346\261\202\350\247\243\345\231\250>, "/usr/lib/locale/C.utf8/LC_MESSAGES/SYS_LC_MESSAGES", O_RDONLY|O_CLOEXEC) = 3</usr/lib/locale/C.utf8/LC_MESSAGES/SYS_LC_MESSAGES>
1427417 openat(AT_FDCWD</tmp/kernel-audit2-v3r63b5w/\346\261\202\350\247\243\345\231\250>, "/usr/lib/locale/C.UTF-8/LC_MONETARY", O_RDONLY|O_CLOEXEC) = -1 ENOENT (No such file or directory)
1427417 openat(AT_FDCWD</tmp/kernel-audit2-v3r63b5w/\346\261\202\350\247\243\345\231\250>, "/usr/lib/locale/C.utf8/LC_MONETARY", O_RDONLY|O_CLOEXEC) = 3</usr/lib/locale/C.utf8/LC_MONETARY>
1427417 openat(AT_FDCWD</tmp/kernel-audit2-v3r63b5w/\346\261\202\350\247\243\345\231\250>, "/usr/lib/locale/C.UTF-8/LC_COLLATE", O_RDONLY|O_CLOEXEC) = -1 ENOENT (No such file or directory)
1427417 openat(AT_FDCWD</tmp/kernel-audit2-v3r63b5w/\346\261\202\350\247\243\345\231\250>, "/usr/lib/locale/C.utf8/LC_COLLATE", O_RDONLY|O_CLOEXEC) = 3</usr/lib/locale/C.utf8/LC_COLLATE>
1427417 openat(AT_FDCWD</tmp/kernel-audit2-v3r63b5w/\346\261\202\350\247\243\345\231\250>, "/usr/lib/locale/C.UTF-8/LC_TIME", O_RDONLY|O_CLOEXEC) = -1 ENOENT (No such file or directory)
1427417 openat(AT_FDCWD</tmp/kernel-audit2-v3r63b5w/\346\261\202\350\247\243\345\231\250>, "/usr/lib/locale/C.utf8/LC_TIME", O_RDONLY|O_CLOEXEC) = 3</usr/lib/locale/C.utf8/LC_TIME>
1427417 openat(AT_FDCWD</tmp/kernel-audit2-v3r63b5w/\346\261\202\350\247\243\345\231\250>, "/usr/lib/locale/C.UTF-8/LC_NUMERIC", O_RDONLY|O_CLOEXEC) = -1 ENOENT (No such file or directory)
1427417 openat(AT_FDCWD</tmp/kernel-audit2-v3r63b5w/\346\261\202\350\247\243\345\231\250>, "/usr/lib/locale/C.utf8/LC_NUMERIC", O_RDONLY|O_CLOEXEC) = 3</usr/lib/locale/C.utf8/LC_NUMERIC>
1427417 openat(AT_FDCWD</tmp/kernel-audit2-v3r63b5w/\346\261\202\350\247\243\345\231\250>, "/usr/lib/locale/C.UTF-8/LC_CTYPE", O_RDONLY|O_CLOEXEC) = -1 ENOENT (No such file or directory)
1427417 openat(AT_FDCWD</tmp/kernel-audit2-v3r63b5w/\346\261\202\350\247\243\345\231\250>, "/usr/lib/locale/C.utf8/LC_CTYPE", O_RDONLY|O_CLOEXEC) = 3</usr/lib/locale/C.utf8/LC_CTYPE>
1427417 openat(AT_FDCWD</tmp/kernel-audit2-v3r63b5w/\346\261\202\350\247\243\345\231\250>, "/tmp/kernel-audit2-v3r63b5w/\346\261\202\350\247\243\345\231\250/crates/kernel/src/input.rs", O_RDONLY) = 3</tmp/kernel-audit2-v3r63b5w/\346\261\202\350\247\243\345\231\250/crates/kernel/src/input.rs>
1427354 --- SIGCHLD {si_signo=SIGCHLD, si_code=CLD_EXITED, si_pid=1427417, si_uid=1000, si_status=0, si_utime=0, si_stime=0} ---
1427354 openat(AT_FDCWD</tmp/kernel-audit2-v3r63b5w/\346\261\202\350\247\243\345\231\250>, "/dev/null", O_RDONLY|O_CLOEXEC) = 3</dev/null<char 1:3>>
1427418 execve("/home/zhuran24/.codex/tmp/arg0/codex-arg0DuAZRy/sha256sum", ["sha256sum", "--", "/tmp/kernel-audit2-v3r63b5w/\346\261\202\350\247\243\345\231\250/crates/kernel/src/interfaces.rs"], 0x7ffde62c4578 /* 135 vars */) = -1 ENOENT (No such file or directory)
1427418 execve("/home/zhuran24/.cargo/bin/sha256sum", ["sha256sum", "--", "/tmp/kernel-audit2-v3r63b5w/\346\261\202\350\247\243\345\231\250/crates/kernel/src/interfaces.rs"], 0x7ffde62c4578 /* 135 vars */) = -1 ENOENT (No such file or directory)
1427418 execve("/home/zhuran24/.local/bin/sha256sum", ["sha256sum", "--", "/tmp/kernel-audit2-v3r63b5w/\346\261\202\350\247\243\345\231\250/crates/kernel/src/interfaces.rs"], 0x7ffde62c4578 /* 135 vars */) = -1 ENOENT (No such file or directory)
1427418 execve("/home/zhuran24/.opencode/bin/sha256sum", ["sha256sum", "--", "/tmp/kernel-audit2-v3r63b5w/\346\261\202\350\247\243\345\231\250/crates/kernel/src/interfaces.rs"], 0x7ffde62c4578 /* 135 vars */) = -1 ENOENT (No such file or directory)
1427418 execve("/usr/local/bin/sha256sum", ["sha256sum", "--", "/tmp/kernel-audit2-v3r63b5w/\346\261\202\350\247\243\345\231\250/crates/kernel/src/interfaces.rs"], 0x7ffde62c4578 /* 135 vars */) = -1 ENOENT (No such file or directory)
1427418 execve("/usr/bin/sha256sum", ["sha256sum", "--", "/tmp/kernel-audit2-v3r63b5w/\346\261\202\350\247\243\345\231\250/crates/kernel/src/interfaces.rs"], 0x7ffde62c4578 /* 135 vars */) = 0
1427418 openat(AT_FDCWD</tmp/kernel-audit2-v3r63b5w/\346\261\202\350\247\243\345\231\250>, "/etc/ld.so.cache", O_RDONLY|O_CLOEXEC) = 3</etc/ld.so.cache>
1427418 openat(AT_FDCWD</tmp/kernel-audit2-v3r63b5w/\346\261\202\350\247\243\345\231\250>, "/usr/lib/libcrypto.so.3", O_RDONLY|O_CLOEXEC) = 3</usr/lib/libcrypto.so.3>
1427418 openat(AT_FDCWD</tmp/kernel-audit2-v3r63b5w/\346\261\202\350\247\243\345\231\250>, "/usr/lib/libc.so.6", O_RDONLY|O_CLOEXEC) = 3</usr/lib/libc.so.6>
1427418 openat(AT_FDCWD</tmp/kernel-audit2-v3r63b5w/\346\261\202\350\247\243\345\231\250>, "/usr/lib/libz.so.1", O_RDONLY|O_CLOEXEC) = 3</usr/lib/libz.so.1.3.1.zlib-ng>
1427418 openat(AT_FDCWD</tmp/kernel-audit2-v3r63b5w/\346\261\202\350\247\243\345\231\250>, "/usr/lib/libbrotlienc.so.1", O_RDONLY|O_CLOEXEC) = 3</usr/lib/libbrotlienc.so.1.2.0>
1427418 openat(AT_FDCWD</tmp/kernel-audit2-v3r63b5w/\346\261\202\350\247\243\345\231\250>, "/usr/lib/libbrotlidec.so.1", O_RDONLY|O_CLOEXEC) = 3</usr/lib/libbrotlidec.so.1.2.0>
1427418 openat(AT_FDCWD</tmp/kernel-audit2-v3r63b5w/\346\261\202\350\247\243\345\231\250>, "/usr/lib/libzstd.so.1", O_RDONLY|O_CLOEXEC) = 3</usr/lib/libzstd.so.1.5.7>
1427418 openat(AT_FDCWD</tmp/kernel-audit2-v3r63b5w/\346\261\202\350\247\243\345\231\250>, "/usr/lib/libm.so.6", O_RDONLY|O_CLOEXEC) = 3</usr/lib/libm.so.6>
1427418 openat(AT_FDCWD</tmp/kernel-audit2-v3r63b5w/\346\261\202\350\247\243\345\231\250>, "/usr/lib/libbrotlicommon.so.1", O_RDONLY|O_CLOEXEC) = 3</usr/lib/libbrotlicommon.so.1.2.0>
1427418 openat(AT_FDCWD</tmp/kernel-audit2-v3r63b5w/\346\261\202\350\247\243\345\231\250>, "/usr/lib/locale/locale-archive", O_RDONLY|O_CLOEXEC) = 3</usr/lib/locale/locale-archive>
1427418 openat(AT_FDCWD</tmp/kernel-audit2-v3r63b5w/\346\261\202\350\247\243\345\231\250>, "/usr/share/locale/locale.alias", O_RDONLY|O_CLOEXEC) = 3</usr/share/locale/locale.alias>
1427418 openat(AT_FDCWD</tmp/kernel-audit2-v3r63b5w/\346\261\202\350\247\243\345\231\250>, "/usr/lib/locale/C.UTF-8/LC_IDENTIFICATION", O_RDONLY|O_CLOEXEC) = -1 ENOENT (No such file or directory)
1427418 openat(AT_FDCWD</tmp/kernel-audit2-v3r63b5w/\346\261\202\350\247\243\345\231\250>, "/usr/lib/locale/C.utf8/LC_IDENTIFICATION", O_RDONLY|O_CLOEXEC) = 3</usr/lib/locale/C.utf8/LC_IDENTIFICATION>
1427418 openat(AT_FDCWD</tmp/kernel-audit2-v3r63b5w/\346\261\202\350\247\243\345\231\250>, "/usr/lib/gconv/gconv-modules.cache", O_RDONLY|O_CLOEXEC) = 3</usr/lib/gconv/gconv-modules.cache>
1427418 openat(AT_FDCWD</tmp/kernel-audit2-v3r63b5w/\346\261\202\350\247\243\345\231\250>, "/usr/lib/locale/C.UTF-8/LC_MEASUREMENT", O_RDONLY|O_CLOEXEC) = -1 ENOENT (No such file or directory)
1427418 openat(AT_FDCWD</tmp/kernel-audit2-v3r63b5w/\346\261\202\350\247\243\345\231\250>, "/usr/lib/locale/C.utf8/LC_MEASUREMENT", O_RDONLY|O_CLOEXEC) = 3</usr/lib/locale/C.utf8/LC_MEASUREMENT>
1427418 openat(AT_FDCWD</tmp/kernel-audit2-v3r63b5w/\346\261\202\350\247\243\345\231\250>, "/usr/lib/locale/C.UTF-8/LC_TELEPHONE", O_RDONLY|O_CLOEXEC) = -1 ENOENT (No such file or directory)
1427418 openat(AT_FDCWD</tmp/kernel-audit2-v3r63b5w/\346\261\202\350\247\243\345\231\250>, "/usr/lib/locale/C.utf8/LC_TELEPHONE", O_RDONLY|O_CLOEXEC) = 3</usr/lib/locale/C.utf8/LC_TELEPHONE>
1427418 openat(AT_FDCWD</tmp/kernel-audit2-v3r63b5w/\346\261\202\350\247\243\345\231\250>, "/usr/lib/locale/C.UTF-8/LC_ADDRESS", O_RDONLY|O_CLOEXEC) = -1 ENOENT (No such file or directory)
1427418 openat(AT_FDCWD</tmp/kernel-audit2-v3r63b5w/\346\261\202\350\247\243\345\231\250>, "/usr/lib/locale/C.utf8/LC_ADDRESS", O_RDONLY|O_CLOEXEC) = 3</usr/lib/locale/C.utf8/LC_ADDRESS>
1427418 openat(AT_FDCWD</tmp/kernel-audit2-v3r63b5w/\346\261\202\350\247\243\345\231\250>, "/usr/lib/locale/C.UTF-8/LC_NAME", O_RDONLY|O_CLOEXEC) = -1 ENOENT (No such file or directory)
1427418 openat(AT_FDCWD</tmp/kernel-audit2-v3r63b5w/\346\261\202\350\247\243\345\231\250>, "/usr/lib/locale/C.utf8/LC_NAME", O_RDONLY|O_CLOEXEC) = 3</usr/lib/locale/C.utf8/LC_NAME>
1427418 openat(AT_FDCWD</tmp/kernel-audit2-v3r63b5w/\346\261\202\350\247\243\345\231\250>, "/usr/lib/locale/C.UTF-8/LC_PAPER", O_RDONLY|O_CLOEXEC) = -1 ENOENT (No such file or directory)
1427418 openat(AT_FDCWD</tmp/kernel-audit2-v3r63b5w/\346\261\202\350\247\243\345\231\250>, "/usr/lib/locale/C.utf8/LC_PAPER", O_RDONLY|O_CLOEXEC) = 3</usr/lib/locale/C.utf8/LC_PAPER>
1427418 openat(AT_FDCWD</tmp/kernel-audit2-v3r63b5w/\346\261\202\350\247\243\345\231\250>, "/usr/lib/locale/C.UTF-8/LC_MESSAGES", O_RDONLY|O_CLOEXEC) = -1 ENOENT (No such file or directory)
1427418 openat(AT_FDCWD</tmp/kernel-audit2-v3r63b5w/\346\261\202\350\247\243\345\231\250>, "/usr/lib/locale/C.utf8/LC_MESSAGES", O_RDONLY|O_CLOEXEC) = 3</usr/lib/locale/C.utf8/LC_MESSAGES>
1427418 openat(AT_FDCWD</tmp/kernel-audit2-v3r63b5w/\346\261\202\350\247\243\345\231\250>, "/usr/lib/locale/C.utf8/LC_MESSAGES/SYS_LC_MESSAGES", O_RDONLY|O_CLOEXEC) = 3</usr/lib/locale/C.utf8/LC_MESSAGES/SYS_LC_MESSAGES>
1427418 openat(AT_FDCWD</tmp/kernel-audit2-v3r63b5w/\346\261\202\350\247\243\345\231\250>, "/usr/lib/locale/C.UTF-8/LC_MONETARY", O_RDONLY|O_CLOEXEC) = -1 ENOENT (No such file or directory)
1427418 openat(AT_FDCWD</tmp/kernel-audit2-v3r63b5w/\346\261\202\350\247\243\345\231\250>, "/usr/lib/locale/C.utf8/LC_MONETARY", O_RDONLY|O_CLOEXEC) = 3</usr/lib/locale/C.utf8/LC_MONETARY>
1427418 openat(AT_FDCWD</tmp/kernel-audit2-v3r63b5w/\346\261\202\350\247\243\345\231\250>, "/usr/lib/locale/C.UTF-8/LC_COLLATE", O_RDONLY|O_CLOEXEC) = -1 ENOENT (No such file or directory)
1427418 openat(AT_FDCWD</tmp/kernel-audit2-v3r63b5w/\346\261\202\350\247\243\345\231\250>, "/usr/lib/locale/C.utf8/LC_COLLATE", O_RDONLY|O_CLOEXEC) = 3</usr/lib/locale/C.utf8/LC_COLLATE>
1427418 openat(AT_FDCWD</tmp/kernel-audit2-v3r63b5w/\346\261\202\350\247\243\345\231\250>, "/usr/lib/locale/C.UTF-8/LC_TIME", O_RDONLY|O_CLOEXEC) = -1 ENOENT (No such file or directory)
1427418 openat(AT_FDCWD</tmp/kernel-audit2-v3r63b5w/\346\261\202\350\247\243\345\231\250>, "/usr/lib/locale/C.utf8/LC_TIME", O_RDONLY|O_CLOEXEC) = 3</usr/lib/locale/C.utf8/LC_TIME>
1427418 openat(AT_FDCWD</tmp/kernel-audit2-v3r63b5w/\346\261\202\350\247\243\345\231\250>, "/usr/lib/locale/C.UTF-8/LC_NUMERIC", O_RDONLY|O_CLOEXEC) = -1 ENOENT (No such file or directory)
1427418 openat(AT_FDCWD</tmp/kernel-audit2-v3r63b5w/\346\261\202\350\247\243\345\231\250>, "/usr/lib/locale/C.utf8/LC_NUMERIC", O_RDONLY|O_CLOEXEC) = 3</usr/lib/locale/C.utf8/LC_NUMERIC>
1427418 openat(AT_FDCWD</tmp/kernel-audit2-v3r63b5w/\346\261\202\350\247\243\345\231\250>, "/usr/lib/locale/C.UTF-8/LC_CTYPE", O_RDONLY|O_CLOEXEC) = -1 ENOENT (No such file or directory)
1427418 openat(AT_FDCWD</tmp/kernel-audit2-v3r63b5w/\346\261\202\350\247\243\345\231\250>, "/usr/lib/locale/C.utf8/LC_CTYPE", O_RDONLY|O_CLOEXEC) = 3</usr/lib/locale/C.utf8/LC_CTYPE>
1427418 openat(AT_FDCWD</tmp/kernel-audit2-v3r63b5w/\346\261\202\350\247\243\345\231\250>, "/tmp/kernel-audit2-v3r63b5w/\346\261\202\350\247\243\345\231\250/crates/kernel/src/interfaces.rs", O_RDONLY) = 3</tmp/kernel-audit2-v3r63b5w/\346\261\202\350\247\243\345\231\250/crates/kernel/src/interfaces.rs>
1427354 --- SIGCHLD {si_signo=SIGCHLD, si_code=CLD_EXITED, si_pid=1427418, si_uid=1000, si_status=0, si_utime=0, si_stime=0} ---
1427354 openat(AT_FDCWD</tmp/kernel-audit2-v3r63b5w/\346\261\202\350\247\243\345\231\250>, "/dev/null", O_RDONLY|O_CLOEXEC) = 3</dev/null<char 1:3>>
1427419 execve("/home/zhuran24/.codex/tmp/arg0/codex-arg0DuAZRy/sha256sum", ["sha256sum", "--", "/tmp/kernel-audit2-v3r63b5w/\346\261\202\350\247\243\345\231\250/crates/kernel/src/engine.rs"], 0x7ffde62c4578 /* 135 vars */) = -1 ENOENT (No such file or directory)
1427419 execve("/home/zhuran24/.cargo/bin/sha256sum", ["sha256sum", "--", "/tmp/kernel-audit2-v3r63b5w/\346\261\202\350\247\243\345\231\250/crates/kernel/src/engine.rs"], 0x7ffde62c4578 /* 135 vars */) = -1 ENOENT (No such file or directory)
1427419 execve("/home/zhuran24/.local/bin/sha256sum", ["sha256sum", "--", "/tmp/kernel-audit2-v3r63b5w/\346\261\202\350\247\243\345\231\250/crates/kernel/src/engine.rs"], 0x7ffde62c4578 /* 135 vars */) = -1 ENOENT (No such file or directory)
1427419 execve("/home/zhuran24/.opencode/bin/sha256sum", ["sha256sum", "--", "/tmp/kernel-audit2-v3r63b5w/\346\261\202\350\247\243\345\231\250/crates/kernel/src/engine.rs"], 0x7ffde62c4578 /* 135 vars */) = -1 ENOENT (No such file or directory)
1427419 execve("/usr/local/bin/sha256sum", ["sha256sum", "--", "/tmp/kernel-audit2-v3r63b5w/\346\261\202\350\247\243\345\231\250/crates/kernel/src/engine.rs"], 0x7ffde62c4578 /* 135 vars */) = -1 ENOENT (No such file or directory)
1427419 execve("/usr/bin/sha256sum", ["sha256sum", "--", "/tmp/kernel-audit2-v3r63b5w/\346\261\202\350\247\243\345\231\250/crates/kernel/src/engine.rs"], 0x7ffde62c4578 /* 135 vars */) = 0
1427419 openat(AT_FDCWD</tmp/kernel-audit2-v3r63b5w/\346\261\202\350\247\243\345\231\250>, "/etc/ld.so.cache", O_RDONLY|O_CLOEXEC) = 3</etc/ld.so.cache>
1427419 openat(AT_FDCWD</tmp/kernel-audit2-v3r63b5w/\346\261\202\350\247\243\345\231\250>, "/usr/lib/libcrypto.so.3", O_RDONLY|O_CLOEXEC) = 3</usr/lib/libcrypto.so.3>
1427419 openat(AT_FDCWD</tmp/kernel-audit2-v3r63b5w/\346\261\202\350\247\243\345\231\250>, "/usr/lib/libc.so.6", O_RDONLY|O_CLOEXEC) = 3</usr/lib/libc.so.6>
1427419 openat(AT_FDCWD</tmp/kernel-audit2-v3r63b5w/\346\261\202\350\247\243\345\231\250>, "/usr/lib/libz.so.1", O_RDONLY|O_CLOEXEC) = 3</usr/lib/libz.so.1.3.1.zlib-ng>
1427419 openat(AT_FDCWD</tmp/kernel-audit2-v3r63b5w/\346\261\202\350\247\243\345\231\250>, "/usr/lib/libbrotlienc.so.1", O_RDONLY|O_CLOEXEC) = 3</usr/lib/libbrotlienc.so.1.2.0>
1427419 openat(AT_FDCWD</tmp/kernel-audit2-v3r63b5w/\346\261\202\350\247\243\345\231\250>, "/usr/lib/libbrotlidec.so.1", O_RDONLY|O_CLOEXEC) = 3</usr/lib/libbrotlidec.so.1.2.0>
1427419 openat(AT_FDCWD</tmp/kernel-audit2-v3r63b5w/\346\261\202\350\247\243\345\231\250>, "/usr/lib/libzstd.so.1", O_RDONLY|O_CLOEXEC) = 3</usr/lib/libzstd.so.1.5.7>
1427419 openat(AT_FDCWD</tmp/kernel-audit2-v3r63b5w/\346\261\202\350\247\243\345\231\250>, "/usr/lib/libm.so.6", O_RDONLY|O_CLOEXEC) = 3</usr/lib/libm.so.6>
1427419 openat(AT_FDCWD</tmp/kernel-audit2-v3r63b5w/\346\261\202\350\247\243\345\231\250>, "/usr/lib/libbrotlicommon.so.1", O_RDONLY|O_CLOEXEC) = 3</usr/lib/libbrotlicommon.so.1.2.0>
1427419 openat(AT_FDCWD</tmp/kernel-audit2-v3r63b5w/\346\261\202\350\247\243\345\231\250>, "/usr/lib/locale/locale-archive", O_RDONLY|O_CLOEXEC) = 3</usr/lib/locale/locale-archive>
1427419 openat(AT_FDCWD</tmp/kernel-audit2-v3r63b5w/\346\261\202\350\247\243\345\231\250>, "/usr/share/locale/locale.alias", O_RDONLY|O_CLOEXEC) = 3</usr/share/locale/locale.alias>
1427419 openat(AT_FDCWD</tmp/kernel-audit2-v3r63b5w/\346\261\202\350\247\243\345\231\250>, "/usr/lib/locale/C.UTF-8/LC_IDENTIFICATION", O_RDONLY|O_CLOEXEC) = -1 ENOENT (No such file or directory)
1427419 openat(AT_FDCWD</tmp/kernel-audit2-v3r63b5w/\346\261\202\350\247\243\345\231\250>, "/usr/lib/locale/C.utf8/LC_IDENTIFICATION", O_RDONLY|O_CLOEXEC) = 3</usr/lib/locale/C.utf8/LC_IDENTIFICATION>
1427419 openat(AT_FDCWD</tmp/kernel-audit2-v3r63b5w/\346\261\202\350\247\243\345\231\250>, "/usr/lib/gconv/gconv-modules.cache", O_RDONLY|O_CLOEXEC) = 3</usr/lib/gconv/gconv-modules.cache>
1427419 openat(AT_FDCWD</tmp/kernel-audit2-v3r63b5w/\346\261\202\350\247\243\345\231\250>, "/usr/lib/locale/C.UTF-8/LC_MEASUREMENT", O_RDONLY|O_CLOEXEC) = -1 ENOENT (No such file or directory)
1427419 openat(AT_FDCWD</tmp/kernel-audit2-v3r63b5w/\346\261\202\350\247\243\345\231\250>, "/usr/lib/locale/C.utf8/LC_MEASUREMENT", O_RDONLY|O_CLOEXEC) = 3</usr/lib/locale/C.utf8/LC_MEASUREMENT>
1427419 openat(AT_FDCWD</tmp/kernel-audit2-v3r63b5w/\346\261\202\350\247\243\345\231\250>, "/usr/lib/locale/C.UTF-8/LC_TELEPHONE", O_RDONLY|O_CLOEXEC) = -1 ENOENT (No such file or directory)
1427419 openat(AT_FDCWD</tmp/kernel-audit2-v3r63b5w/\346\261\202\350\247\243\345\231\250>, "/usr/lib/locale/C.utf8/LC_TELEPHONE", O_RDONLY|O_CLOEXEC) = 3</usr/lib/locale/C.utf8/LC_TELEPHONE>
1427419 openat(AT_FDCWD</tmp/kernel-audit2-v3r63b5w/\346\261\202\350\247\243\345\231\250>, "/usr/lib/locale/C.UTF-8/LC_ADDRESS", O_RDONLY|O_CLOEXEC) = -1 ENOENT (No such file or directory)
1427419 openat(AT_FDCWD</tmp/kernel-audit2-v3r63b5w/\346\261\202\350\247\243\345\231\250>, "/usr/lib/locale/C.utf8/LC_ADDRESS", O_RDONLY|O_CLOEXEC) = 3</usr/lib/locale/C.utf8/LC_ADDRESS>
1427419 openat(AT_FDCWD</tmp/kernel-audit2-v3r63b5w/\346\261\202\350\247\243\345\231\250>, "/usr/lib/locale/C.UTF-8/LC_NAME", O_RDONLY|O_CLOEXEC) = -1 ENOENT (No such file or directory)
1427419 openat(AT_FDCWD</tmp/kernel-audit2-v3r63b5w/\346\261\202\350\247\243\345\231\250>, "/usr/lib/locale/C.utf8/LC_NAME", O_RDONLY|O_CLOEXEC) = 3</usr/lib/locale/C.utf8/LC_NAME>
1427419 openat(AT_FDCWD</tmp/kernel-audit2-v3r63b5w/\346\261\202\350\247\243\345\231\250>, "/usr/lib/locale/C.UTF-8/LC_PAPER", O_RDONLY|O_CLOEXEC) = -1 ENOENT (No such file or directory)
1427419 openat(AT_FDCWD</tmp/kernel-audit2-v3r63b5w/\346\261\202\350\247\243\345\231\250>, "/usr/lib/locale/C.utf8/LC_PAPER", O_RDONLY|O_CLOEXEC) = 3</usr/lib/locale/C.utf8/LC_PAPER>
1427419 openat(AT_FDCWD</tmp/kernel-audit2-v3r63b5w/\346\261\202\350\247\243\345\231\250>, "/usr/lib/locale/C.UTF-8/LC_MESSAGES", O_RDONLY|O_CLOEXEC) = -1 ENOENT (No such file or directory)
1427419 openat(AT_FDCWD</tmp/kernel-audit2-v3r63b5w/\346\261\202\350\247\243\345\231\250>, "/usr/lib/locale/C.utf8/LC_MESSAGES", O_RDONLY|O_CLOEXEC) = 3</usr/lib/locale/C.utf8/LC_MESSAGES>
1427419 openat(AT_FDCWD</tmp/kernel-audit2-v3r63b5w/\346\261\202\350\247\243\345\231\250>, "/usr/lib/locale/C.utf8/LC_MESSAGES/SYS_LC_MESSAGES", O_RDONLY|O_CLOEXEC) = 3</usr/lib/locale/C.utf8/LC_MESSAGES/SYS_LC_MESSAGES>
1427419 openat(AT_FDCWD</tmp/kernel-audit2-v3r63b5w/\346\261\202\350\247\243\345\231\250>, "/usr/lib/locale/C.UTF-8/LC_MONETARY", O_RDONLY|O_CLOEXEC) = -1 ENOENT (No such file or directory)
1427419 openat(AT_FDCWD</tmp/kernel-audit2-v3r63b5w/\346\261\202\350\247\243\345\231\250>, "/usr/lib/locale/C.utf8/LC_MONETARY", O_RDONLY|O_CLOEXEC) = 3</usr/lib/locale/C.utf8/LC_MONETARY>
1427419 openat(AT_FDCWD</tmp/kernel-audit2-v3r63b5w/\346\261\202\350\247\243\345\231\250>, "/usr/lib/locale/C.UTF-8/LC_COLLATE", O_RDONLY|O_CLOEXEC) = -1 ENOENT (No such file or directory)
1427419 openat(AT_FDCWD</tmp/kernel-audit2-v3r63b5w/\346\261\202\350\247\243\345\231\250>, "/usr/lib/locale/C.utf8/LC_COLLATE", O_RDONLY|O_CLOEXEC) = 3</usr/lib/locale/C.utf8/LC_COLLATE>
1427419 openat(AT_FDCWD</tmp/kernel-audit2-v3r63b5w/\346\261\202\350\247\243\345\231\250>, "/usr/lib/locale/C.UTF-8/LC_TIME", O_RDONLY|O_CLOEXEC) = -1 ENOENT (No such file or directory)
1427419 openat(AT_FDCWD</tmp/kernel-audit2-v3r63b5w/\346\261\202\350\247\243\345\231\250>, "/usr/lib/locale/C.utf8/LC_TIME", O_RDONLY|O_CLOEXEC) = 3</usr/lib/locale/C.utf8/LC_TIME>
1427419 openat(AT_FDCWD</tmp/kernel-audit2-v3r63b5w/\346\261\202\350\247\243\345\231\250>, "/usr/lib/locale/C.UTF-8/LC_NUMERIC", O_RDONLY|O_CLOEXEC) = -1 ENOENT (No such file or directory)
1427419 openat(AT_FDCWD</tmp/kernel-audit2-v3r63b5w/\346\261\202\350\247\243\345\231\250>, "/usr/lib/locale/C.utf8/LC_NUMERIC", O_RDONLY|O_CLOEXEC) = 3</usr/lib/locale/C.utf8/LC_NUMERIC>
1427419 openat(AT_FDCWD</tmp/kernel-audit2-v3r63b5w/\346\261\202\350\247\243\345\231\250>, "/usr/lib/locale/C.UTF-8/LC_CTYPE", O_RDONLY|O_CLOEXEC) = -1 ENOENT (No such file or directory)
1427419 openat(AT_FDCWD</tmp/kernel-audit2-v3r63b5w/\346\261\202\350\247\243\345\231\250>, "/usr/lib/locale/C.utf8/LC_CTYPE", O_RDONLY|O_CLOEXEC) = 3</usr/lib/locale/C.utf8/LC_CTYPE>
1427419 openat(AT_FDCWD</tmp/kernel-audit2-v3r63b5w/\346\261\202\350\247\243\345\231\250>, "/tmp/kernel-audit2-v3r63b5w/\346\261\202\350\247\243\345\231\250/crates/kernel/src/engine.rs", O_RDONLY) = 3</tmp/kernel-audit2-v3r63b5w/\346\261\202\350\247\243\345\231\250/crates/kernel/src/engine.rs>
1427354 --- SIGCHLD {si_signo=SIGCHLD, si_code=CLD_EXITED, si_pid=1427419, si_uid=1000, si_status=0, si_utime=0, si_stime=0} ---
1427354 openat(AT_FDCWD</tmp/kernel-audit2-v3r63b5w/\346\261\202\350\247\243\345\231\250>, "/dev/null", O_RDONLY|O_CLOEXEC) = 3</dev/null<char 1:3>>
1427420 execve("/home/zhuran24/.codex/tmp/arg0/codex-arg0DuAZRy/sha256sum", ["sha256sum", "--", "/tmp/kernel-audit2-v3r63b5w/\346\261\202\350\247\243\345\231\250/crates/kernel/src/event_identity.rs"], 0x7ffde62c4578 /* 135 vars */) = -1 ENOENT (No such file or directory)
1427420 execve("/home/zhuran24/.cargo/bin/sha256sum", ["sha256sum", "--", "/tmp/kernel-audit2-v3r63b5w/\346\261\202\350\247\243\345\231\250/crates/kernel/src/event_identity.rs"], 0x7ffde62c4578 /* 135 vars */) = -1 ENOENT (No such file or directory)
1427420 execve("/home/zhuran24/.local/bin/sha256sum", ["sha256sum", "--", "/tmp/kernel-audit2-v3r63b5w/\346\261\202\350\247\243\345\231\250/crates/kernel/src/event_identity.rs"], 0x7ffde62c4578 /* 135 vars */) = -1 ENOENT (No such file or directory)
1427420 execve("/home/zhuran24/.opencode/bin/sha256sum", ["sha256sum", "--", "/tmp/kernel-audit2-v3r63b5w/\346\261\202\350\247\243\345\231\250/crates/kernel/src/event_identity.rs"], 0x7ffde62c4578 /* 135 vars */) = -1 ENOENT (No such file or directory)
1427420 execve("/usr/local/bin/sha256sum", ["sha256sum", "--", "/tmp/kernel-audit2-v3r63b5w/\346\261\202\350\247\243\345\231\250/crates/kernel/src/event_identity.rs"], 0x7ffde62c4578 /* 135 vars */) = -1 ENOENT (No such file or directory)
1427420 execve("/usr/bin/sha256sum", ["sha256sum", "--", "/tmp/kernel-audit2-v3r63b5w/\346\261\202\350\247\243\345\231\250/crates/kernel/src/event_identity.rs"], 0x7ffde62c4578 /* 135 vars */) = 0
1427420 openat(AT_FDCWD</tmp/kernel-audit2-v3r63b5w/\346\261\202\350\247\243\345\231\250>, "/etc/ld.so.cache", O_RDONLY|O_CLOEXEC) = 3</etc/ld.so.cache>
1427420 openat(AT_FDCWD</tmp/kernel-audit2-v3r63b5w/\346\261\202\350\247\243\345\231\250>, "/usr/lib/libcrypto.so.3", O_RDONLY|O_CLOEXEC) = 3</usr/lib/libcrypto.so.3>
1427420 openat(AT_FDCWD</tmp/kernel-audit2-v3r63b5w/\346\261\202\350\247\243\345\231\250>, "/usr/lib/libc.so.6", O_RDONLY|O_CLOEXEC) = 3</usr/lib/libc.so.6>
1427420 openat(AT_FDCWD</tmp/kernel-audit2-v3r63b5w/\346\261\202\350\247\243\345\231\250>, "/usr/lib/libz.so.1", O_RDONLY|O_CLOEXEC) = 3</usr/lib/libz.so.1.3.1.zlib-ng>
1427420 openat(AT_FDCWD</tmp/kernel-audit2-v3r63b5w/\346\261\202\350\247\243\345\231\250>, "/usr/lib/libbrotlienc.so.1", O_RDONLY|O_CLOEXEC) = 3</usr/lib/libbrotlienc.so.1.2.0>
1427420 openat(AT_FDCWD</tmp/kernel-audit2-v3r63b5w/\346\261\202\350\247\243\345\231\250>, "/usr/lib/libbrotlidec.so.1", O_RDONLY|O_CLOEXEC) = 3</usr/lib/libbrotlidec.so.1.2.0>
1427420 openat(AT_FDCWD</tmp/kernel-audit2-v3r63b5w/\346\261\202\350\247\243\345\231\250>, "/usr/lib/libzstd.so.1", O_RDONLY|O_CLOEXEC) = 3</usr/lib/libzstd.so.1.5.7>
1427420 openat(AT_FDCWD</tmp/kernel-audit2-v3r63b5w/\346\261\202\350\247\243\345\231\250>, "/usr/lib/libm.so.6", O_RDONLY|O_CLOEXEC) = 3</usr/lib/libm.so.6>
1427420 openat(AT_FDCWD</tmp/kernel-audit2-v3r63b5w/\346\261\202\350\247\243\345\231\250>, "/usr/lib/libbrotlicommon.so.1", O_RDONLY|O_CLOEXEC) = 3</usr/lib/libbrotlicommon.so.1.2.0>
1427420 openat(AT_FDCWD</tmp/kernel-audit2-v3r63b5w/\346\261\202\350\247\243\345\231\250>, "/usr/lib/locale/locale-archive", O_RDONLY|O_CLOEXEC) = 3</usr/lib/locale/locale-archive>
1427420 openat(AT_FDCWD</tmp/kernel-audit2-v3r63b5w/\346\261\202\350\247\243\345\231\250>, "/usr/share/locale/locale.alias", O_RDONLY|O_CLOEXEC) = 3</usr/share/locale/locale.alias>
1427420 openat(AT_FDCWD</tmp/kernel-audit2-v3r63b5w/\346\261\202\350\247\243\345\231\250>, "/usr/lib/locale/C.UTF-8/LC_IDENTIFICATION", O_RDONLY|O_CLOEXEC) = -1 ENOENT (No such file or directory)
1427420 openat(AT_FDCWD</tmp/kernel-audit2-v3r63b5w/\346\261\202\350\247\243\345\231\250>, "/usr/lib/locale/C.utf8/LC_IDENTIFICATION", O_RDONLY|O_CLOEXEC) = 3</usr/lib/locale/C.utf8/LC_IDENTIFICATION>
1427420 openat(AT_FDCWD</tmp/kernel-audit2-v3r63b5w/\346\261\202\350\247\243\345\231\250>, "/usr/lib/gconv/gconv-modules.cache", O_RDONLY|O_CLOEXEC) = 3</usr/lib/gconv/gconv-modules.cache>
1427420 openat(AT_FDCWD</tmp/kernel-audit2-v3r63b5w/\346\261\202\350\247\243\345\231\250>, "/usr/lib/locale/C.UTF-8/LC_MEASUREMENT", O_RDONLY|O_CLOEXEC) = -1 ENOENT (No such file or directory)
1427420 openat(AT_FDCWD</tmp/kernel-audit2-v3r63b5w/\346\261\202\350\247\243\345\231\250>, "/usr/lib/locale/C.utf8/LC_MEASUREMENT", O_RDONLY|O_CLOEXEC) = 3</usr/lib/locale/C.utf8/LC_MEASUREMENT>
1427420 openat(AT_FDCWD</tmp/kernel-audit2-v3r63b5w/\346\261\202\350\247\243\345\231\250>, "/usr/lib/locale/C.UTF-8/LC_TELEPHONE", O_RDONLY|O_CLOEXEC) = -1 ENOENT (No such file or directory)
1427420 openat(AT_FDCWD</tmp/kernel-audit2-v3r63b5w/\346\261\202\350\247\243\345\231\250>, "/usr/lib/locale/C.utf8/LC_TELEPHONE", O_RDONLY|O_CLOEXEC) = 3</usr/lib/locale/C.utf8/LC_TELEPHONE>
1427420 openat(AT_FDCWD</tmp/kernel-audit2-v3r63b5w/\346\261\202\350\247\243\345\231\250>, "/usr/lib/locale/C.UTF-8/LC_ADDRESS", O_RDONLY|O_CLOEXEC) = -1 ENOENT (No such file or directory)
1427420 openat(AT_FDCWD</tmp/kernel-audit2-v3r63b5w/\346\261\202\350\247\243\345\231\250>, "/usr/lib/locale/C.utf8/LC_ADDRESS", O_RDONLY|O_CLOEXEC) = 3</usr/lib/locale/C.utf8/LC_ADDRESS>
1427420 openat(AT_FDCWD</tmp/kernel-audit2-v3r63b5w/\346\261\202\350\247\243\345\231\250>, "/usr/lib/locale/C.UTF-8/LC_NAME", O_RDONLY|O_CLOEXEC) = -1 ENOENT (No such file or directory)
1427420 openat(AT_FDCWD</tmp/kernel-audit2-v3r63b5w/\346\261\202\350\247\243\345\231\250>, "/usr/lib/locale/C.utf8/LC_NAME", O_RDONLY|O_CLOEXEC) = 3</usr/lib/locale/C.utf8/LC_NAME>
1427420 openat(AT_FDCWD</tmp/kernel-audit2-v3r63b5w/\346\261\202\350\247\243\345\231\250>, "/usr/lib/locale/C.UTF-8/LC_PAPER", O_RDONLY|O_CLOEXEC) = -1 ENOENT (No such file or directory)
1427420 openat(AT_FDCWD</tmp/kernel-audit2-v3r63b5w/\346\261\202\350\247\243\345\231\250>, "/usr/lib/locale/C.utf8/LC_PAPER", O_RDONLY|O_CLOEXEC) = 3</usr/lib/locale/C.utf8/LC_PAPER>
1427420 openat(AT_FDCWD</tmp/kernel-audit2-v3r63b5w/\346\261\202\350\247\243\345\231\250>, "/usr/lib/locale/C.UTF-8/LC_MESSAGES", O_RDONLY|O_CLOEXEC) = -1 ENOENT (No such file or directory)
1427420 openat(AT_FDCWD</tmp/kernel-audit2-v3r63b5w/\346\261\202\350\247\243\345\231\250>, "/usr/lib/locale/C.utf8/LC_MESSAGES", O_RDONLY|O_CLOEXEC) = 3</usr/lib/locale/C.utf8/LC_MESSAGES>
1427420 openat(AT_FDCWD</tmp/kernel-audit2-v3r63b5w/\346\261\202\350\247\243\345\231\250>, "/usr/lib/locale/C.utf8/LC_MESSAGES/SYS_LC_MESSAGES", O_RDONLY|O_CLOEXEC) = 3</usr/lib/locale/C.utf8/LC_MESSAGES/SYS_LC_MESSAGES>
1427420 openat(AT_FDCWD</tmp/kernel-audit2-v3r63b5w/\346\261\202\350\247\243\345\231\250>, "/usr/lib/locale/C.UTF-8/LC_MONETARY", O_RDONLY|O_CLOEXEC) = -1 ENOENT (No such file or directory)
1427420 openat(AT_FDCWD</tmp/kernel-audit2-v3r63b5w/\346\261\202\350\247\243\345\231\250>, "/usr/lib/locale/C.utf8/LC_MONETARY", O_RDONLY|O_CLOEXEC) = 3</usr/lib/locale/C.utf8/LC_MONETARY>
1427420 openat(AT_FDCWD</tmp/kernel-audit2-v3r63b5w/\346\261\202\350\247\243\345\231\250>, "/usr/lib/locale/C.UTF-8/LC_COLLATE", O_RDONLY|O_CLOEXEC) = -1 ENOENT (No such file or directory)
1427420 openat(AT_FDCWD</tmp/kernel-audit2-v3r63b5w/\346\261\202\350\247\243\345\231\250>, "/usr/lib/locale/C.utf8/LC_COLLATE", O_RDONLY|O_CLOEXEC) = 3</usr/lib/locale/C.utf8/LC_COLLATE>
1427420 openat(AT_FDCWD</tmp/kernel-audit2-v3r63b5w/\346\261\202\350\247\243\345\231\250>, "/usr/lib/locale/C.UTF-8/LC_TIME", O_RDONLY|O_CLOEXEC) = -1 ENOENT (No such file or directory)
1427420 openat(AT_FDCWD</tmp/kernel-audit2-v3r63b5w/\346\261\202\350\247\243\345\231\250>, "/usr/lib/locale/C.utf8/LC_TIME", O_RDONLY|O_CLOEXEC) = 3</usr/lib/locale/C.utf8/LC_TIME>
1427420 openat(AT_FDCWD</tmp/kernel-audit2-v3r63b5w/\346\261\202\350\247\243\345\231\250>, "/usr/lib/locale/C.UTF-8/LC_NUMERIC", O_RDONLY|O_CLOEXEC) = -1 ENOENT (No such file or directory)
1427420 openat(AT_FDCWD</tmp/kernel-audit2-v3r63b5w/\346\261\202\350\247\243\345\231\250>, "/usr/lib/locale/C.utf8/LC_NUMERIC", O_RDONLY|O_CLOEXEC) = 3</usr/lib/locale/C.utf8/LC_NUMERIC>
1427420 openat(AT_FDCWD</tmp/kernel-audit2-v3r63b5w/\346\261\202\350\247\243\345\231\250>, "/usr/lib/locale/C.UTF-8/LC_CTYPE", O_RDONLY|O_CLOEXEC) = -1 ENOENT (No such file or directory)
1427420 openat(AT_FDCWD</tmp/kernel-audit2-v3r63b5w/\346\261\202\350\247\243\345\231\250>, "/usr/lib/locale/C.utf8/LC_CTYPE", O_RDONLY|O_CLOEXEC) = 3</usr/lib/locale/C.utf8/LC_CTYPE>
1427420 openat(AT_FDCWD</tmp/kernel-audit2-v3r63b5w/\346\261\202\350\247\243\345\231\250>, "/tmp/kernel-audit2-v3r63b5w/\346\261\202\350\247\243\345\231\250/crates/kernel/src/event_identity.rs", O_RDONLY) = 3</tmp/kernel-audit2-v3r63b5w/\346\261\202\350\247\243\345\231\250/crates/kernel/src/event_identity.rs>
1427354 --- SIGCHLD {si_signo=SIGCHLD, si_code=CLD_EXITED, si_pid=1427420, si_uid=1000, si_status=0, si_utime=0, si_stime=0} ---
1427354 openat(AT_FDCWD</tmp/kernel-audit2-v3r63b5w/\346\261\202\350\247\243\345\231\250>, "/dev/null", O_RDONLY|O_CLOEXEC) = 3</dev/null<char 1:3>>
1427421 execve("/home/zhuran24/.codex/tmp/arg0/codex-arg0DuAZRy/sha256sum", ["sha256sum", "--", "/tmp/kernel-audit2-v3r63b5w/\346\261\202\350\247\243\345\231\250/crates/kernel/src/warehouse.rs"], 0x7ffde62c4578 /* 135 vars */) = -1 ENOENT (No such file or directory)
1427421 execve("/home/zhuran24/.cargo/bin/sha256sum", ["sha256sum", "--", "/tmp/kernel-audit2-v3r63b5w/\346\261\202\350\247\243\345\231\250/crates/kernel/src/warehouse.rs"], 0x7ffde62c4578 /* 135 vars */) = -1 ENOENT (No such file or directory)
1427421 execve("/home/zhuran24/.local/bin/sha256sum", ["sha256sum", "--", "/tmp/kernel-audit2-v3r63b5w/\346\261\202\350\247\243\345\231\250/crates/kernel/src/warehouse.rs"], 0x7ffde62c4578 /* 135 vars */) = -1 ENOENT (No such file or directory)
1427421 execve("/home/zhuran24/.opencode/bin/sha256sum", ["sha256sum", "--", "/tmp/kernel-audit2-v3r63b5w/\346\261\202\350\247\243\345\231\250/crates/kernel/src/warehouse.rs"], 0x7ffde62c4578 /* 135 vars */) = -1 ENOENT (No such file or directory)
1427421 execve("/usr/local/bin/sha256sum", ["sha256sum", "--", "/tmp/kernel-audit2-v3r63b5w/\346\261\202\350\247\243\345\231\250/crates/kernel/src/warehouse.rs"], 0x7ffde62c4578 /* 135 vars */) = -1 ENOENT (No such file or directory)
1427421 execve("/usr/bin/sha256sum", ["sha256sum", "--", "/tmp/kernel-audit2-v3r63b5w/\346\261\202\350\247\243\345\231\250/crates/kernel/src/warehouse.rs"], 0x7ffde62c4578 /* 135 vars */) = 0
1427421 openat(AT_FDCWD</tmp/kernel-audit2-v3r63b5w/\346\261\202\350\247\243\345\231\250>, "/etc/ld.so.cache", O_RDONLY|O_CLOEXEC) = 3</etc/ld.so.cache>
1427421 openat(AT_FDCWD</tmp/kernel-audit2-v3r63b5w/\346\261\202\350\247\243\345\231\250>, "/usr/lib/libcrypto.so.3", O_RDONLY|O_CLOEXEC) = 3</usr/lib/libcrypto.so.3>
1427421 openat(AT_FDCWD</tmp/kernel-audit2-v3r63b5w/\346\261\202\350\247\243\345\231\250>, "/usr/lib/libc.so.6", O_RDONLY|O_CLOEXEC) = 3</usr/lib/libc.so.6>
1427421 openat(AT_FDCWD</tmp/kernel-audit2-v3r63b5w/\346\261\202\350\247\243\345\231\250>, "/usr/lib/libz.so.1", O_RDONLY|O_CLOEXEC) = 3</usr/lib/libz.so.1.3.1.zlib-ng>
1427421 openat(AT_FDCWD</tmp/kernel-audit2-v3r63b5w/\346\261\202\350\247\243\345\231\250>, "/usr/lib/libbrotlienc.so.1", O_RDONLY|O_CLOEXEC) = 3</usr/lib/libbrotlienc.so.1.2.0>
1427421 openat(AT_FDCWD</tmp/kernel-audit2-v3r63b5w/\346\261\202\350\247\243\345\231\250>, "/usr/lib/libbrotlidec.so.1", O_RDONLY|O_CLOEXEC) = 3</usr/lib/libbrotlidec.so.1.2.0>
1427421 openat(AT_FDCWD</tmp/kernel-audit2-v3r63b5w/\346\261\202\350\247\243\345\231\250>, "/usr/lib/libzstd.so.1", O_RDONLY|O_CLOEXEC) = 3</usr/lib/libzstd.so.1.5.7>
1427421 openat(AT_FDCWD</tmp/kernel-audit2-v3r63b5w/\346\261\202\350\247\243\345\231\250>, "/usr/lib/libm.so.6", O_RDONLY|O_CLOEXEC) = 3</usr/lib/libm.so.6>
1427421 openat(AT_FDCWD</tmp/kernel-audit2-v3r63b5w/\346\261\202\350\247\243\345\231\250>, "/usr/lib/libbrotlicommon.so.1", O_RDONLY|O_CLOEXEC) = 3</usr/lib/libbrotlicommon.so.1.2.0>
1427421 openat(AT_FDCWD</tmp/kernel-audit2-v3r63b5w/\346\261\202\350\247\243\345\231\250>, "/usr/lib/locale/locale-archive", O_RDONLY|O_CLOEXEC) = 3</usr/lib/locale/locale-archive>
1427421 openat(AT_FDCWD</tmp/kernel-audit2-v3r63b5w/\346\261\202\350\247\243\345\231\250>, "/usr/share/locale/locale.alias", O_RDONLY|O_CLOEXEC) = 3</usr/share/locale/locale.alias>
1427421 openat(AT_FDCWD</tmp/kernel-audit2-v3r63b5w/\346\261\202\350\247\243\345\231\250>, "/usr/lib/locale/C.UTF-8/LC_IDENTIFICATION", O_RDONLY|O_CLOEXEC) = -1 ENOENT (No such file or directory)
1427421 openat(AT_FDCWD</tmp/kernel-audit2-v3r63b5w/\346\261\202\350\247\243\345\231\250>, "/usr/lib/locale/C.utf8/LC_IDENTIFICATION", O_RDONLY|O_CLOEXEC) = 3</usr/lib/locale/C.utf8/LC_IDENTIFICATION>
1427421 openat(AT_FDCWD</tmp/kernel-audit2-v3r63b5w/\346\261\202\350\247\243\345\231\250>, "/usr/lib/gconv/gconv-modules.cache", O_RDONLY|O_CLOEXEC) = 3</usr/lib/gconv/gconv-modules.cache>
1427421 openat(AT_FDCWD</tmp/kernel-audit2-v3r63b5w/\346\261\202\350\247\243\345\231\250>, "/usr/lib/locale/C.UTF-8/LC_MEASUREMENT", O_RDONLY|O_CLOEXEC) = -1 ENOENT (No such file or directory)
1427421 openat(AT_FDCWD</tmp/kernel-audit2-v3r63b5w/\346\261\202\350\247\243\345\231\250>, "/usr/lib/locale/C.utf8/LC_MEASUREMENT", O_RDONLY|O_CLOEXEC) = 3</usr/lib/locale/C.utf8/LC_MEASUREMENT>
1427421 openat(AT_FDCWD</tmp/kernel-audit2-v3r63b5w/\346\261\202\350\247\243\345\231\250>, "/usr/lib/locale/C.UTF-8/LC_TELEPHONE", O_RDONLY|O_CLOEXEC) = -1 ENOENT (No such file or directory)
1427421 openat(AT_FDCWD</tmp/kernel-audit2-v3r63b5w/\346\261\202\350\247\243\345\231\250>, "/usr/lib/locale/C.utf8/LC_TELEPHONE", O_RDONLY|O_CLOEXEC) = 3</usr/lib/locale/C.utf8/LC_TELEPHONE>
1427421 openat(AT_FDCWD</tmp/kernel-audit2-v3r63b5w/\346\261\202\350\247\243\345\231\250>, "/usr/lib/locale/C.UTF-8/LC_ADDRESS", O_RDONLY|O_CLOEXEC) = -1 ENOENT (No such file or directory)
1427421 openat(AT_FDCWD</tmp/kernel-audit2-v3r63b5w/\346\261\202\350\247\243\345\231\250>, "/usr/lib/locale/C.utf8/LC_ADDRESS", O_RDONLY|O_CLOEXEC) = 3</usr/lib/locale/C.utf8/LC_ADDRESS>
1427421 openat(AT_FDCWD</tmp/kernel-audit2-v3r63b5w/\346\261\202\350\247\243\345\231\250>, "/usr/lib/locale/C.UTF-8/LC_NAME", O_RDONLY|O_CLOEXEC) = -1 ENOENT (No such file or directory)
1427421 openat(AT_FDCWD</tmp/kernel-audit2-v3r63b5w/\346\261\202\350\247\243\345\231\250>, "/usr/lib/locale/C.utf8/LC_NAME", O_RDONLY|O_CLOEXEC) = 3</usr/lib/locale/C.utf8/LC_NAME>
1427421 openat(AT_FDCWD</tmp/kernel-audit2-v3r63b5w/\346\261\202\350\247\243\345\231\250>, "/usr/lib/locale/C.UTF-8/LC_PAPER", O_RDONLY|O_CLOEXEC) = -1 ENOENT (No such file or directory)
1427421 openat(AT_FDCWD</tmp/kernel-audit2-v3r63b5w/\346\261\202\350\247\243\345\231\250>, "/usr/lib/locale/C.utf8/LC_PAPER", O_RDONLY|O_CLOEXEC) = 3</usr/lib/locale/C.utf8/LC_PAPER>
1427421 openat(AT_FDCWD</tmp/kernel-audit2-v3r63b5w/\346\261\202\350\247\243\345\231\250>, "/usr/lib/locale/C.UTF-8/LC_MESSAGES", O_RDONLY|O_CLOEXEC) = -1 ENOENT (No such file or directory)
1427421 openat(AT_FDCWD</tmp/kernel-audit2-v3r63b5w/\346\261\202\350\247\243\345\231\250>, "/usr/lib/locale/C.utf8/LC_MESSAGES", O_RDONLY|O_CLOEXEC) = 3</usr/lib/locale/C.utf8/LC_MESSAGES>
1427421 openat(AT_FDCWD</tmp/kernel-audit2-v3r63b5w/\346\261\202\350\247\243\345\231\250>, "/usr/lib/locale/C.utf8/LC_MESSAGES/SYS_LC_MESSAGES", O_RDONLY|O_CLOEXEC) = 3</usr/lib/locale/C.utf8/LC_MESSAGES/SYS_LC_MESSAGES>
1427421 openat(AT_FDCWD</tmp/kernel-audit2-v3r63b5w/\346\261\202\350\247\243\345\231\250>, "/usr/lib/locale/C.UTF-8/LC_MONETARY", O_RDONLY|O_CLOEXEC) = -1 ENOENT (No such file or directory)
1427421 openat(AT_FDCWD</tmp/kernel-audit2-v3r63b5w/\346\261\202\350\247\243\345\231\250>, "/usr/lib/locale/C.utf8/LC_MONETARY", O_RDONLY|O_CLOEXEC) = 3</usr/lib/locale/C.utf8/LC_MONETARY>
1427421 openat(AT_FDCWD</tmp/kernel-audit2-v3r63b5w/\346\261\202\350\247\243\345\231\250>, "/usr/lib/locale/C.UTF-8/LC_COLLATE", O_RDONLY|O_CLOEXEC) = -1 ENOENT (No such file or directory)
1427421 openat(AT_FDCWD</tmp/kernel-audit2-v3r63b5w/\346\261\202\350\247\243\345\231\250>, "/usr/lib/locale/C.utf8/LC_COLLATE", O_RDONLY|O_CLOEXEC) = 3</usr/lib/locale/C.utf8/LC_COLLATE>
1427421 openat(AT_FDCWD</tmp/kernel-audit2-v3r63b5w/\346\261\202\350\247\243\345\231\250>, "/usr/lib/locale/C.UTF-8/LC_TIME", O_RDONLY|O_CLOEXEC) = -1 ENOENT (No such file or directory)
1427421 openat(AT_FDCWD</tmp/kernel-audit2-v3r63b5w/\346\261\202\350\247\243\345\231\250>, "/usr/lib/locale/C.utf8/LC_TIME", O_RDONLY|O_CLOEXEC) = 3</usr/lib/locale/C.utf8/LC_TIME>
1427421 openat(AT_FDCWD</tmp/kernel-audit2-v3r63b5w/\346\261\202\350\247\243\345\231\250>, "/usr/lib/locale/C.UTF-8/LC_NUMERIC", O_RDONLY|O_CLOEXEC) = -1 ENOENT (No such file or directory)
1427421 openat(AT_FDCWD</tmp/kernel-audit2-v3r63b5w/\346\261\202\350\247\243\345\231\250>, "/usr/lib/locale/C.utf8/LC_NUMERIC", O_RDONLY|O_CLOEXEC) = 3</usr/lib/locale/C.utf8/LC_NUMERIC>
1427421 openat(AT_FDCWD</tmp/kernel-audit2-v3r63b5w/\346\261\202\350\247\243\345\231\250>, "/usr/lib/locale/C.UTF-8/LC_CTYPE", O_RDONLY|O_CLOEXEC) = -1 ENOENT (No such file or directory)
1427421 openat(AT_FDCWD</tmp/kernel-audit2-v3r63b5w/\346\261\202\350\247\243\345\231\250>, "/usr/lib/locale/C.utf8/LC_CTYPE", O_RDONLY|O_CLOEXEC) = 3</usr/lib/locale/C.utf8/LC_CTYPE>
1427421 openat(AT_FDCWD</tmp/kernel-audit2-v3r63b5w/\346\261\202\350\247\243\345\231\250>, "/tmp/kernel-audit2-v3r63b5w/\346\261\202\350\247\243\345\231\250/crates/kernel/src/warehouse.rs", O_RDONLY) = 3</tmp/kernel-audit2-v3r63b5w/\346\261\202\350\247\243\345\231\250/crates/kernel/src/warehouse.rs>
1427354 --- SIGCHLD {si_signo=SIGCHLD, si_code=CLD_EXITED, si_pid=1427421, si_uid=1000, si_status=0, si_utime=0, si_stime=0} ---
1427354 openat(AT_FDCWD</tmp/kernel-audit2-v3r63b5w/\346\261\202\350\247\243\345\231\250>, "/dev/null", O_RDONLY|O_CLOEXEC) = 3</dev/null<char 1:3>>
1427422 execve("/home/zhuran24/.codex/tmp/arg0/codex-arg0DuAZRy/sha256sum", ["sha256sum", "--", "/tmp/kernel-audit2-v3r63b5w/\346\261\202\350\247\243\345\231\250/crates/kernel/src/polling.rs"], 0x7ffde62c4578 /* 135 vars */) = -1 ENOENT (No such file or directory)
1427422 execve("/home/zhuran24/.cargo/bin/sha256sum", ["sha256sum", "--", "/tmp/kernel-audit2-v3r63b5w/\346\261\202\350\247\243\345\231\250/crates/kernel/src/polling.rs"], 0x7ffde62c4578 /* 135 vars */) = -1 ENOENT (No such file or directory)
1427422 execve("/home/zhuran24/.local/bin/sha256sum", ["sha256sum", "--", "/tmp/kernel-audit2-v3r63b5w/\346\261\202\350\247\243\345\231\250/crates/kernel/src/polling.rs"], 0x7ffde62c4578 /* 135 vars */) = -1 ENOENT (No such file or directory)
1427422 execve("/home/zhuran24/.opencode/bin/sha256sum", ["sha256sum", "--", "/tmp/kernel-audit2-v3r63b5w/\346\261\202\350\247\243\345\231\250/crates/kernel/src/polling.rs"], 0x7ffde62c4578 /* 135 vars */) = -1 ENOENT (No such file or directory)
1427422 execve("/usr/local/bin/sha256sum", ["sha256sum", "--", "/tmp/kernel-audit2-v3r63b5w/\346\261\202\350\247\243\345\231\250/crates/kernel/src/polling.rs"], 0x7ffde62c4578 /* 135 vars */) = -1 ENOENT (No such file or directory)
1427422 execve("/usr/bin/sha256sum", ["sha256sum", "--", "/tmp/kernel-audit2-v3r63b5w/\346\261\202\350\247\243\345\231\250/crates/kernel/src/polling.rs"], 0x7ffde62c4578 /* 135 vars */) = 0
1427422 openat(AT_FDCWD</tmp/kernel-audit2-v3r63b5w/\346\261\202\350\247\243\345\231\250>, "/etc/ld.so.cache", O_RDONLY|O_CLOEXEC) = 3</etc/ld.so.cache>
1427422 openat(AT_FDCWD</tmp/kernel-audit2-v3r63b5w/\346\261\202\350\247\243\345\231\250>, "/usr/lib/libcrypto.so.3", O_RDONLY|O_CLOEXEC) = 3</usr/lib/libcrypto.so.3>
1427422 openat(AT_FDCWD</tmp/kernel-audit2-v3r63b5w/\346\261\202\350\247\243\345\231\250>, "/usr/lib/libc.so.6", O_RDONLY|O_CLOEXEC) = 3</usr/lib/libc.so.6>
1427422 openat(AT_FDCWD</tmp/kernel-audit2-v3r63b5w/\346\261\202\350\247\243\345\231\250>, "/usr/lib/libz.so.1", O_RDONLY|O_CLOEXEC) = 3</usr/lib/libz.so.1.3.1.zlib-ng>
1427422 openat(AT_FDCWD</tmp/kernel-audit2-v3r63b5w/\346\261\202\350\247\243\345\231\250>, "/usr/lib/libbrotlienc.so.1", O_RDONLY|O_CLOEXEC) = 3</usr/lib/libbrotlienc.so.1.2.0>
1427422 openat(AT_FDCWD</tmp/kernel-audit2-v3r63b5w/\346\261\202\350\247\243\345\231\250>, "/usr/lib/libbrotlidec.so.1", O_RDONLY|O_CLOEXEC) = 3</usr/lib/libbrotlidec.so.1.2.0>
1427422 openat(AT_FDCWD</tmp/kernel-audit2-v3r63b5w/\346\261\202\350\247\243\345\231\250>, "/usr/lib/libzstd.so.1", O_RDONLY|O_CLOEXEC) = 3</usr/lib/libzstd.so.1.5.7>
1427422 openat(AT_FDCWD</tmp/kernel-audit2-v3r63b5w/\346\261\202\350\247\243\345\231\250>, "/usr/lib/libm.so.6", O_RDONLY|O_CLOEXEC) = 3</usr/lib/libm.so.6>
1427422 openat(AT_FDCWD</tmp/kernel-audit2-v3r63b5w/\346\261\202\350\247\243\345\231\250>, "/usr/lib/libbrotlicommon.so.1", O_RDONLY|O_CLOEXEC) = 3</usr/lib/libbrotlicommon.so.1.2.0>
1427422 openat(AT_FDCWD</tmp/kernel-audit2-v3r63b5w/\346\261\202\350\247\243\345\231\250>, "/usr/lib/locale/locale-archive", O_RDONLY|O_CLOEXEC) = 3</usr/lib/locale/locale-archive>
1427422 openat(AT_FDCWD</tmp/kernel-audit2-v3r63b5w/\346\261\202\350\247\243\345\231\250>, "/usr/share/locale/locale.alias", O_RDONLY|O_CLOEXEC) = 3</usr/share/locale/locale.alias>
1427422 openat(AT_FDCWD</tmp/kernel-audit2-v3r63b5w/\346\261\202\350\247\243\345\231\250>, "/usr/lib/locale/C.UTF-8/LC_IDENTIFICATION", O_RDONLY|O_CLOEXEC) = -1 ENOENT (No such file or directory)
1427422 openat(AT_FDCWD</tmp/kernel-audit2-v3r63b5w/\346\261\202\350\247\243\345\231\250>, "/usr/lib/locale/C.utf8/LC_IDENTIFICATION", O_RDONLY|O_CLOEXEC) = 3</usr/lib/locale/C.utf8/LC_IDENTIFICATION>
1427422 openat(AT_FDCWD</tmp/kernel-audit2-v3r63b5w/\346\261\202\350\247\243\345\231\250>, "/usr/lib/gconv/gconv-modules.cache", O_RDONLY|O_CLOEXEC) = 3</usr/lib/gconv/gconv-modules.cache>
1427422 openat(AT_FDCWD</tmp/kernel-audit2-v3r63b5w/\346\261\202\350\247\243\345\231\250>, "/usr/lib/locale/C.UTF-8/LC_MEASUREMENT", O_RDONLY|O_CLOEXEC) = -1 ENOENT (No such file or directory)
1427422 openat(AT_FDCWD</tmp/kernel-audit2-v3r63b5w/\346\261\202\350\247\243\345\231\250>, "/usr/lib/locale/C.utf8/LC_MEASUREMENT", O_RDONLY|O_CLOEXEC) = 3</usr/lib/locale/C.utf8/LC_MEASUREMENT>
1427422 openat(AT_FDCWD</tmp/kernel-audit2-v3r63b5w/\346\261\202\350\247\243\345\231\250>, "/usr/lib/locale/C.UTF-8/LC_TELEPHONE", O_RDONLY|O_CLOEXEC) = -1 ENOENT (No such file or directory)
1427422 openat(AT_FDCWD</tmp/kernel-audit2-v3r63b5w/\346\261\202\350\247\243\345\231\250>, "/usr/lib/locale/C.utf8/LC_TELEPHONE", O_RDONLY|O_CLOEXEC) = 3</usr/lib/locale/C.utf8/LC_TELEPHONE>
1427422 openat(AT_FDCWD</tmp/kernel-audit2-v3r63b5w/\346\261\202\350\247\243\345\231\250>, "/usr/lib/locale/C.UTF-8/LC_ADDRESS", O_RDONLY|O_CLOEXEC) = -1 ENOENT (No such file or directory)
1427422 openat(AT_FDCWD</tmp/kernel-audit2-v3r63b5w/\346\261\202\350\247\243\345\231\250>, "/usr/lib/locale/C.utf8/LC_ADDRESS", O_RDONLY|O_CLOEXEC) = 3</usr/lib/locale/C.utf8/LC_ADDRESS>
1427422 openat(AT_FDCWD</tmp/kernel-audit2-v3r63b5w/\346\261\202\350\247\243\345\231\250>, "/usr/lib/locale/C.UTF-8/LC_NAME", O_RDONLY|O_CLOEXEC) = -1 ENOENT (No such file or directory)
1427422 openat(AT_FDCWD</tmp/kernel-audit2-v3r63b5w/\346\261\202\350\247\243\345\231\250>, "/usr/lib/locale/C.utf8/LC_NAME", O_RDONLY|O_CLOEXEC) = 3</usr/lib/locale/C.utf8/LC_NAME>
1427422 openat(AT_FDCWD</tmp/kernel-audit2-v3r63b5w/\346\261\202\350\247\243\345\231\250>, "/usr/lib/locale/C.UTF-8/LC_PAPER", O_RDONLY|O_CLOEXEC) = -1 ENOENT (No such file or directory)
1427422 openat(AT_FDCWD</tmp/kernel-audit2-v3r63b5w/\346\261\202\350\247\243\345\231\250>, "/usr/lib/locale/C.utf8/LC_PAPER", O_RDONLY|O_CLOEXEC) = 3</usr/lib/locale/C.utf8/LC_PAPER>
1427422 openat(AT_FDCWD</tmp/kernel-audit2-v3r63b5w/\346\261\202\350\247\243\345\231\250>, "/usr/lib/locale/C.UTF-8/LC_MESSAGES", O_RDONLY|O_CLOEXEC) = -1 ENOENT (No such file or directory)
1427422 openat(AT_FDCWD</tmp/kernel-audit2-v3r63b5w/\346\261\202\350\247\243\345\231\250>, "/usr/lib/locale/C.utf8/LC_MESSAGES", O_RDONLY|O_CLOEXEC) = 3</usr/lib/locale/C.utf8/LC_MESSAGES>
1427422 openat(AT_FDCWD</tmp/kernel-audit2-v3r63b5w/\346\261\202\350\247\243\345\231\250>, "/usr/lib/locale/C.utf8/LC_MESSAGES/SYS_LC_MESSAGES", O_RDONLY|O_CLOEXEC) = 3</usr/lib/locale/C.utf8/LC_MESSAGES/SYS_LC_MESSAGES>
1427422 openat(AT_FDCWD</tmp/kernel-audit2-v3r63b5w/\346\261\202\350\247\243\345\231\250>, "/usr/lib/locale/C.UTF-8/LC_MONETARY", O_RDONLY|O_CLOEXEC) = -1 ENOENT (No such file or directory)
1427422 openat(AT_FDCWD</tmp/kernel-audit2-v3r63b5w/\346\261\202\350\247\243\345\231\250>, "/usr/lib/locale/C.utf8/LC_MONETARY", O_RDONLY|O_CLOEXEC) = 3</usr/lib/locale/C.utf8/LC_MONETARY>
1427422 openat(AT_FDCWD</tmp/kernel-audit2-v3r63b5w/\346\261\202\350\247\243\345\231\250>, "/usr/lib/locale/C.UTF-8/LC_COLLATE", O_RDONLY|O_CLOEXEC) = -1 ENOENT (No such file or directory)
1427422 openat(AT_FDCWD</tmp/kernel-audit2-v3r63b5w/\346\261\202\350\247\243\345\231\250>, "/usr/lib/locale/C.utf8/LC_COLLATE", O_RDONLY|O_CLOEXEC) = 3</usr/lib/locale/C.utf8/LC_COLLATE>
1427422 openat(AT_FDCWD</tmp/kernel-audit2-v3r63b5w/\346\261\202\350\247\243\345\231\250>, "/usr/lib/locale/C.UTF-8/LC_TIME", O_RDONLY|O_CLOEXEC) = -1 ENOENT (No such file or directory)
1427422 openat(AT_FDCWD</tmp/kernel-audit2-v3r63b5w/\346\261\202\350\247\243\345\231\250>, "/usr/lib/locale/C.utf8/LC_TIME", O_RDONLY|O_CLOEXEC) = 3</usr/lib/locale/C.utf8/LC_TIME>
1427422 openat(AT_FDCWD</tmp/kernel-audit2-v3r63b5w/\346\261\202\350\247\243\345\231\250>, "/usr/lib/locale/C.UTF-8/LC_NUMERIC", O_RDONLY|O_CLOEXEC) = -1 ENOENT (No such file or directory)
1427422 openat(AT_FDCWD</tmp/kernel-audit2-v3r63b5w/\346\261\202\350\247\243\345\231\250>, "/usr/lib/locale/C.utf8/LC_NUMERIC", O_RDONLY|O_CLOEXEC) = 3</usr/lib/locale/C.utf8/LC_NUMERIC>
1427422 openat(AT_FDCWD</tmp/kernel-audit2-v3r63b5w/\346\261\202\350\247\243\345\231\250>, "/usr/lib/locale/C.UTF-8/LC_CTYPE", O_RDONLY|O_CLOEXEC) = -1 ENOENT (No such file or directory)
1427422 openat(AT_FDCWD</tmp/kernel-audit2-v3r63b5w/\346\261\202\350\247\243\345\231\250>, "/usr/lib/locale/C.utf8/LC_CTYPE", O_RDONLY|O_CLOEXEC) = 3</usr/lib/locale/C.utf8/LC_CTYPE>
1427422 openat(AT_FDCWD</tmp/kernel-audit2-v3r63b5w/\346\261\202\350\247\243\345\231\250>, "/tmp/kernel-audit2-v3r63b5w/\346\261\202\350\247\243\345\231\250/crates/kernel/src/polling.rs", O_RDONLY) = 3</tmp/kernel-audit2-v3r63b5w/\346\261\202\350\247\243\345\231\250/crates/kernel/src/polling.rs>
1427354 --- SIGCHLD {si_signo=SIGCHLD, si_code=CLD_EXITED, si_pid=1427422, si_uid=1000, si_status=0, si_utime=0, si_stime=0} ---
1427354 openat(AT_FDCWD</tmp/kernel-audit2-v3r63b5w/\346\261\202\350\247\243\345\231\250>, "/dev/null", O_RDONLY|O_CLOEXEC) = 3</dev/null<char 1:3>>
1427423 execve("/home/zhuran24/.codex/tmp/arg0/codex-arg0DuAZRy/sha256sum", ["sha256sum", "--", "/tmp/kernel-audit2-v3r63b5w/\346\261\202\350\247\243\345\231\250/crates/kernel/src/transition.rs"], 0x7ffde62c4578 /* 135 vars */) = -1 ENOENT (No such file or directory)
1427423 execve("/home/zhuran24/.cargo/bin/sha256sum", ["sha256sum", "--", "/tmp/kernel-audit2-v3r63b5w/\346\261\202\350\247\243\345\231\250/crates/kernel/src/transition.rs"], 0x7ffde62c4578 /* 135 vars */) = -1 ENOENT (No such file or directory)
1427423 execve("/home/zhuran24/.local/bin/sha256sum", ["sha256sum", "--", "/tmp/kernel-audit2-v3r63b5w/\346\261\202\350\247\243\345\231\250/crates/kernel/src/transition.rs"], 0x7ffde62c4578 /* 135 vars */) = -1 ENOENT (No such file or directory)
1427423 execve("/home/zhuran24/.opencode/bin/sha256sum", ["sha256sum", "--", "/tmp/kernel-audit2-v3r63b5w/\346\261\202\350\247\243\345\231\250/crates/kernel/src/transition.rs"], 0x7ffde62c4578 /* 135 vars */) = -1 ENOENT (No such file or directory)
1427423 execve("/usr/local/bin/sha256sum", ["sha256sum", "--", "/tmp/kernel-audit2-v3r63b5w/\346\261\202\350\247\243\345\231\250/crates/kernel/src/transition.rs"], 0x7ffde62c4578 /* 135 vars */) = -1 ENOENT (No such file or directory)
1427423 execve("/usr/bin/sha256sum", ["sha256sum", "--", "/tmp/kernel-audit2-v3r63b5w/\346\261\202\350\247\243\345\231\250/crates/kernel/src/transition.rs"], 0x7ffde62c4578 /* 135 vars */) = 0
1427423 openat(AT_FDCWD</tmp/kernel-audit2-v3r63b5w/\346\261\202\350\247\243\345\231\250>, "/etc/ld.so.cache", O_RDONLY|O_CLOEXEC) = 3</etc/ld.so.cache>
1427423 openat(AT_FDCWD</tmp/kernel-audit2-v3r63b5w/\346\261\202\350\247\243\345\231\250>, "/usr/lib/libcrypto.so.3", O_RDONLY|O_CLOEXEC) = 3</usr/lib/libcrypto.so.3>
1427423 openat(AT_FDCWD</tmp/kernel-audit2-v3r63b5w/\346\261\202\350\247\243\345\231\250>, "/usr/lib/libc.so.6", O_RDONLY|O_CLOEXEC) = 3</usr/lib/libc.so.6>
1427423 openat(AT_FDCWD</tmp/kernel-audit2-v3r63b5w/\346\261\202\350\247\243\345\231\250>, "/usr/lib/libz.so.1", O_RDONLY|O_CLOEXEC) = 3</usr/lib/libz.so.1.3.1.zlib-ng>
1427423 openat(AT_FDCWD</tmp/kernel-audit2-v3r63b5w/\346\261\202\350\247\243\345\231\250>, "/usr/lib/libbrotlienc.so.1", O_RDONLY|O_CLOEXEC) = 3</usr/lib/libbrotlienc.so.1.2.0>
1427423 openat(AT_FDCWD</tmp/kernel-audit2-v3r63b5w/\346\261\202\350\247\243\345\231\250>, "/usr/lib/libbrotlidec.so.1", O_RDONLY|O_CLOEXEC) = 3</usr/lib/libbrotlidec.so.1.2.0>
1427423 openat(AT_FDCWD</tmp/kernel-audit2-v3r63b5w/\346\261\202\350\247\243\345\231\250>, "/usr/lib/libzstd.so.1", O_RDONLY|O_CLOEXEC) = 3</usr/lib/libzstd.so.1.5.7>
1427423 openat(AT_FDCWD</tmp/kernel-audit2-v3r63b5w/\346\261\202\350\247\243\345\231\250>, "/usr/lib/libm.so.6", O_RDONLY|O_CLOEXEC) = 3</usr/lib/libm.so.6>
1427423 openat(AT_FDCWD</tmp/kernel-audit2-v3r63b5w/\346\261\202\350\247\243\345\231\250>, "/usr/lib/libbrotlicommon.so.1", O_RDONLY|O_CLOEXEC) = 3</usr/lib/libbrotlicommon.so.1.2.0>
1427423 openat(AT_FDCWD</tmp/kernel-audit2-v3r63b5w/\346\261\202\350\247\243\345\231\250>, "/usr/lib/locale/locale-archive", O_RDONLY|O_CLOEXEC) = 3</usr/lib/locale/locale-archive>
1427423 openat(AT_FDCWD</tmp/kernel-audit2-v3r63b5w/\346\261\202\350\247\243\345\231\250>, "/usr/share/locale/locale.alias", O_RDONLY|O_CLOEXEC) = 3</usr/share/locale/locale.alias>
1427423 openat(AT_FDCWD</tmp/kernel-audit2-v3r63b5w/\346\261\202\350\247\243\345\231\250>, "/usr/lib/locale/C.UTF-8/LC_IDENTIFICATION", O_RDONLY|O_CLOEXEC) = -1 ENOENT (No such file or directory)
1427423 openat(AT_FDCWD</tmp/kernel-audit2-v3r63b5w/\346\261\202\350\247\243\345\231\250>, "/usr/lib/locale/C.utf8/LC_IDENTIFICATION", O_RDONLY|O_CLOEXEC) = 3</usr/lib/locale/C.utf8/LC_IDENTIFICATION>
1427423 openat(AT_FDCWD</tmp/kernel-audit2-v3r63b5w/\346\261\202\350\247\243\345\231\250>, "/usr/lib/gconv/gconv-modules.cache", O_RDONLY|O_CLOEXEC) = 3</usr/lib/gconv/gconv-modules.cache>
1427423 openat(AT_FDCWD</tmp/kernel-audit2-v3r63b5w/\346\261\202\350\247\243\345\231\250>, "/usr/lib/locale/C.UTF-8/LC_MEASUREMENT", O_RDONLY|O_CLOEXEC) = -1 ENOENT (No such file or directory)
1427423 openat(AT_FDCWD</tmp/kernel-audit2-v3r63b5w/\346\261\202\350\247\243\345\231\250>, "/usr/lib/locale/C.utf8/LC_MEASUREMENT", O_RDONLY|O_CLOEXEC) = 3</usr/lib/locale/C.utf8/LC_MEASUREMENT>
1427423 openat(AT_FDCWD</tmp/kernel-audit2-v3r63b5w/\346\261\202\350\247\243\345\231\250>, "/usr/lib/locale/C.UTF-8/LC_TELEPHONE", O_RDONLY|O_CLOEXEC) = -1 ENOENT (No such file or directory)
1427423 openat(AT_FDCWD</tmp/kernel-audit2-v3r63b5w/\346\261\202\350\247\243\345\231\250>, "/usr/lib/locale/C.utf8/LC_TELEPHONE", O_RDONLY|O_CLOEXEC) = 3</usr/lib/locale/C.utf8/LC_TELEPHONE>
1427423 openat(AT_FDCWD</tmp/kernel-audit2-v3r63b5w/\346\261\202\350\247\243\345\231\250>, "/usr/lib/locale/C.UTF-8/LC_ADDRESS", O_RDONLY|O_CLOEXEC) = -1 ENOENT (No such file or directory)
1427423 openat(AT_FDCWD</tmp/kernel-audit2-v3r63b5w/\346\261\202\350\247\243\345\231\250>, "/usr/lib/locale/C.utf8/LC_ADDRESS", O_RDONLY|O_CLOEXEC) = 3</usr/lib/locale/C.utf8/LC_ADDRESS>
1427423 openat(AT_FDCWD</tmp/kernel-audit2-v3r63b5w/\346\261\202\350\247\243\345\231\250>, "/usr/lib/locale/C.UTF-8/LC_NAME", O_RDONLY|O_CLOEXEC) = -1 ENOENT (No such file or directory)
1427423 openat(AT_FDCWD</tmp/kernel-audit2-v3r63b5w/\346\261\202\350\247\243\345\231\250>, "/usr/lib/locale/C.utf8/LC_NAME", O_RDONLY|O_CLOEXEC) = 3</usr/lib/locale/C.utf8/LC_NAME>
1427423 openat(AT_FDCWD</tmp/kernel-audit2-v3r63b5w/\346\261\202\350\247\243\345\231\250>, "/usr/lib/locale/C.UTF-8/LC_PAPER", O_RDONLY|O_CLOEXEC) = -1 ENOENT (No such file or directory)
1427423 openat(AT_FDCWD</tmp/kernel-audit2-v3r63b5w/\346\261\202\350\247\243\345\231\250>, "/usr/lib/locale/C.utf8/LC_PAPER", O_RDONLY|O_CLOEXEC) = 3</usr/lib/locale/C.utf8/LC_PAPER>
1427423 openat(AT_FDCWD</tmp/kernel-audit2-v3r63b5w/\346\261\202\350\247\243\345\231\250>, "/usr/lib/locale/C.UTF-8/LC_MESSAGES", O_RDONLY|O_CLOEXEC) = -1 ENOENT (No such file or directory)
1427423 openat(AT_FDCWD</tmp/kernel-audit2-v3r63b5w/\346\261\202\350\247\243\345\231\250>, "/usr/lib/locale/C.utf8/LC_MESSAGES", O_RDONLY|O_CLOEXEC) = 3</usr/lib/locale/C.utf8/LC_MESSAGES>
1427423 openat(AT_FDCWD</tmp/kernel-audit2-v3r63b5w/\346\261\202\350\247\243\345\231\250>, "/usr/lib/locale/C.utf8/LC_MESSAGES/SYS_LC_MESSAGES", O_RDONLY|O_CLOEXEC) = 3</usr/lib/locale/C.utf8/LC_MESSAGES/SYS_LC_MESSAGES>
1427423 openat(AT_FDCWD</tmp/kernel-audit2-v3r63b5w/\346\261\202\350\247\243\345\231\250>, "/usr/lib/locale/C.UTF-8/LC_MONETARY", O_RDONLY|O_CLOEXEC) = -1 ENOENT (No such file or directory)
1427423 openat(AT_FDCWD</tmp/kernel-audit2-v3r63b5w/\346\261\202\350\247\243\345\231\250>, "/usr/lib/locale/C.utf8/LC_MONETARY", O_RDONLY|O_CLOEXEC) = 3</usr/lib/locale/C.utf8/LC_MONETARY>
1427423 openat(AT_FDCWD</tmp/kernel-audit2-v3r63b5w/\346\261\202\350\247\243\345\231\250>, "/usr/lib/locale/C.UTF-8/LC_COLLATE", O_RDONLY|O_CLOEXEC) = -1 ENOENT (No such file or directory)
1427423 openat(AT_FDCWD</tmp/kernel-audit2-v3r63b5w/\346\261\202\350\247\243\345\231\250>, "/usr/lib/locale/C.utf8/LC_COLLATE", O_RDONLY|O_CLOEXEC) = 3</usr/lib/locale/C.utf8/LC_COLLATE>
1427423 openat(AT_FDCWD</tmp/kernel-audit2-v3r63b5w/\346\261\202\350\247\243\345\231\250>, "/usr/lib/locale/C.UTF-8/LC_TIME", O_RDONLY|O_CLOEXEC) = -1 ENOENT (No such file or directory)
1427423 openat(AT_FDCWD</tmp/kernel-audit2-v3r63b5w/\346\261\202\350\247\243\345\231\250>, "/usr/lib/locale/C.utf8/LC_TIME", O_RDONLY|O_CLOEXEC) = 3</usr/lib/locale/C.utf8/LC_TIME>
1427423 openat(AT_FDCWD</tmp/kernel-audit2-v3r63b5w/\346\261\202\350\247\243\345\231\250>, "/usr/lib/locale/C.UTF-8/LC_NUMERIC", O_RDONLY|O_CLOEXEC) = -1 ENOENT (No such file or directory)
1427423 openat(AT_FDCWD</tmp/kernel-audit2-v3r63b5w/\346\261\202\350\247\243\345\231\250>, "/usr/lib/locale/C.utf8/LC_NUMERIC", O_RDONLY|O_CLOEXEC) = 3</usr/lib/locale/C.utf8/LC_NUMERIC>
1427423 openat(AT_FDCWD</tmp/kernel-audit2-v3r63b5w/\346\261\202\350\247\243\345\231\250>, "/usr/lib/locale/C.UTF-8/LC_CTYPE", O_RDONLY|O_CLOEXEC) = -1 ENOENT (No such file or directory)
1427423 openat(AT_FDCWD</tmp/kernel-audit2-v3r63b5w/\346\261\202\350\247\243\345\231\250>, "/usr/lib/locale/C.utf8/LC_CTYPE", O_RDONLY|O_CLOEXEC) = 3</usr/lib/locale/C.utf8/LC_CTYPE>
1427423 openat(AT_FDCWD</tmp/kernel-audit2-v3r63b5w/\346\261\202\350\247\243\345\231\250>, "/tmp/kernel-audit2-v3r63b5w/\346\261\202\350\247\243\345\231\250/crates/kernel/src/transition.rs", O_RDONLY) = 3</tmp/kernel-audit2-v3r63b5w/\346\261\202\350\247\243\345\231\250/crates/kernel/src/transition.rs>
1427354 --- SIGCHLD {si_signo=SIGCHLD, si_code=CLD_EXITED, si_pid=1427423, si_uid=1000, si_status=0, si_utime=0, si_stime=0} ---
1427354 openat(AT_FDCWD</tmp/kernel-audit2-v3r63b5w/\346\261\202\350\247\243\345\231\250>, "/dev/null", O_RDONLY|O_CLOEXEC) = 3</dev/null<char 1:3>>
1427424 execve("/home/zhuran24/.codex/tmp/arg0/codex-arg0DuAZRy/sha256sum", ["sha256sum", "--", "/tmp/kernel-audit2-v3r63b5w/\346\261\202\350\247\243\345\231\250/crates/kernel/src/output.rs"], 0x7ffde62c4578 /* 135 vars */) = -1 ENOENT (No such file or directory)
1427424 execve("/home/zhuran24/.cargo/bin/sha256sum", ["sha256sum", "--", "/tmp/kernel-audit2-v3r63b5w/\346\261\202\350\247\243\345\231\250/crates/kernel/src/output.rs"], 0x7ffde62c4578 /* 135 vars */) = -1 ENOENT (No such file or directory)
1427424 execve("/home/zhuran24/.local/bin/sha256sum", ["sha256sum", "--", "/tmp/kernel-audit2-v3r63b5w/\346\261\202\350\247\243\345\231\250/crates/kernel/src/output.rs"], 0x7ffde62c4578 /* 135 vars */) = -1 ENOENT (No such file or directory)
1427424 execve("/home/zhuran24/.opencode/bin/sha256sum", ["sha256sum", "--", "/tmp/kernel-audit2-v3r63b5w/\346\261\202\350\247\243\345\231\250/crates/kernel/src/output.rs"], 0x7ffde62c4578 /* 135 vars */) = -1 ENOENT (No such file or directory)
1427424 execve("/usr/local/bin/sha256sum", ["sha256sum", "--", "/tmp/kernel-audit2-v3r63b5w/\346\261\202\350\247\243\345\231\250/crates/kernel/src/output.rs"], 0x7ffde62c4578 /* 135 vars */) = -1 ENOENT (No such file or directory)
1427424 execve("/usr/bin/sha256sum", ["sha256sum", "--", "/tmp/kernel-audit2-v3r63b5w/\346\261\202\350\247\243\345\231\250/crates/kernel/src/output.rs"], 0x7ffde62c4578 /* 135 vars */) = 0
1427424 openat(AT_FDCWD</tmp/kernel-audit2-v3r63b5w/\346\261\202\350\247\243\345\231\250>, "/etc/ld.so.cache", O_RDONLY|O_CLOEXEC) = 3</etc/ld.so.cache>
1427424 openat(AT_FDCWD</tmp/kernel-audit2-v3r63b5w/\346\261\202\350\247\243\345\231\250>, "/usr/lib/libcrypto.so.3", O_RDONLY|O_CLOEXEC) = 3</usr/lib/libcrypto.so.3>
1427424 openat(AT_FDCWD</tmp/kernel-audit2-v3r63b5w/\346\261\202\350\247\243\345\231\250>, "/usr/lib/libc.so.6", O_RDONLY|O_CLOEXEC) = 3</usr/lib/libc.so.6>
1427424 openat(AT_FDCWD</tmp/kernel-audit2-v3r63b5w/\346\261\202\350\247\243\345\231\250>, "/usr/lib/libz.so.1", O_RDONLY|O_CLOEXEC) = 3</usr/lib/libz.so.1.3.1.zlib-ng>
1427424 openat(AT_FDCWD</tmp/kernel-audit2-v3r63b5w/\346\261\202\350\247\243\345\231\250>, "/usr/lib/libbrotlienc.so.1", O_RDONLY|O_CLOEXEC) = 3</usr/lib/libbrotlienc.so.1.2.0>
1427424 openat(AT_FDCWD</tmp/kernel-audit2-v3r63b5w/\346\261\202\350\247\243\345\231\250>, "/usr/lib/libbrotlidec.so.1", O_RDONLY|O_CLOEXEC) = 3</usr/lib/libbrotlidec.so.1.2.0>
1427424 openat(AT_FDCWD</tmp/kernel-audit2-v3r63b5w/\346\261\202\350\247\243\345\231\250>, "/usr/lib/libzstd.so.1", O_RDONLY|O_CLOEXEC) = 3</usr/lib/libzstd.so.1.5.7>
1427424 openat(AT_FDCWD</tmp/kernel-audit2-v3r63b5w/\346\261\202\350\247\243\345\231\250>, "/usr/lib/libm.so.6", O_RDONLY|O_CLOEXEC) = 3</usr/lib/libm.so.6>
1427424 openat(AT_FDCWD</tmp/kernel-audit2-v3r63b5w/\346\261\202\350\247\243\345\231\250>, "/usr/lib/libbrotlicommon.so.1", O_RDONLY|O_CLOEXEC) = 3</usr/lib/libbrotlicommon.so.1.2.0>
1427424 openat(AT_FDCWD</tmp/kernel-audit2-v3r63b5w/\346\261\202\350\247\243\345\231\250>, "/usr/lib/locale/locale-archive", O_RDONLY|O_CLOEXEC) = 3</usr/lib/locale/locale-archive>
1427424 openat(AT_FDCWD</tmp/kernel-audit2-v3r63b5w/\346\261\202\350\247\243\345\231\250>, "/usr/share/locale/locale.alias", O_RDONLY|O_CLOEXEC) = 3</usr/share/locale/locale.alias>
1427424 openat(AT_FDCWD</tmp/kernel-audit2-v3r63b5w/\346\261\202\350\247\243\345\231\250>, "/usr/lib/locale/C.UTF-8/LC_IDENTIFICATION", O_RDONLY|O_CLOEXEC) = -1 ENOENT (No such file or directory)
1427424 openat(AT_FDCWD</tmp/kernel-audit2-v3r63b5w/\346\261\202\350\247\243\345\231\250>, "/usr/lib/locale/C.utf8/LC_IDENTIFICATION", O_RDONLY|O_CLOEXEC) = 3</usr/lib/locale/C.utf8/LC_IDENTIFICATION>
1427424 openat(AT_FDCWD</tmp/kernel-audit2-v3r63b5w/\346\261\202\350\247\243\345\231\250>, "/usr/lib/gconv/gconv-modules.cache", O_RDONLY|O_CLOEXEC) = 3</usr/lib/gconv/gconv-modules.cache>
1427424 openat(AT_FDCWD</tmp/kernel-audit2-v3r63b5w/\346\261\202\350\247\243\345\231\250>, "/usr/lib/locale/C.UTF-8/LC_MEASUREMENT", O_RDONLY|O_CLOEXEC) = -1 ENOENT (No such file or directory)
1427424 openat(AT_FDCWD</tmp/kernel-audit2-v3r63b5w/\346\261\202\350\247\243\345\231\250>, "/usr/lib/locale/C.utf8/LC_MEASUREMENT", O_RDONLY|O_CLOEXEC) = 3</usr/lib/locale/C.utf8/LC_MEASUREMENT>
1427424 openat(AT_FDCWD</tmp/kernel-audit2-v3r63b5w/\346\261\202\350\247\243\345\231\250>, "/usr/lib/locale/C.UTF-8/LC_TELEPHONE", O_RDONLY|O_CLOEXEC) = -1 ENOENT (No such file or directory)
1427424 openat(AT_FDCWD</tmp/kernel-audit2-v3r63b5w/\346\261\202\350\247\243\345\231\250>, "/usr/lib/locale/C.utf8/LC_TELEPHONE", O_RDONLY|O_CLOEXEC) = 3</usr/lib/locale/C.utf8/LC_TELEPHONE>
1427424 openat(AT_FDCWD</tmp/kernel-audit2-v3r63b5w/\346\261\202\350\247\243\345\231\250>, "/usr/lib/locale/C.UTF-8/LC_ADDRESS", O_RDONLY|O_CLOEXEC) = -1 ENOENT (No such file or directory)
1427424 openat(AT_FDCWD</tmp/kernel-audit2-v3r63b5w/\346\261\202\350\247\243\345\231\250>, "/usr/lib/locale/C.utf8/LC_ADDRESS", O_RDONLY|O_CLOEXEC) = 3</usr/lib/locale/C.utf8/LC_ADDRESS>
1427424 openat(AT_FDCWD</tmp/kernel-audit2-v3r63b5w/\346\261\202\350\247\243\345\231\250>, "/usr/lib/locale/C.UTF-8/LC_NAME", O_RDONLY|O_CLOEXEC) = -1 ENOENT (No such file or directory)
1427424 openat(AT_FDCWD</tmp/kernel-audit2-v3r63b5w/\346\261\202\350\247\243\345\231\250>, "/usr/lib/locale/C.utf8/LC_NAME", O_RDONLY|O_CLOEXEC) = 3</usr/lib/locale/C.utf8/LC_NAME>
1427424 openat(AT_FDCWD</tmp/kernel-audit2-v3r63b5w/\346\261\202\350\247\243\345\231\250>, "/usr/lib/locale/C.UTF-8/LC_PAPER", O_RDONLY|O_CLOEXEC) = -1 ENOENT (No such file or directory)
1427424 openat(AT_FDCWD</tmp/kernel-audit2-v3r63b5w/\346\261\202\350\247\243\345\231\250>, "/usr/lib/locale/C.utf8/LC_PAPER", O_RDONLY|O_CLOEXEC) = 3</usr/lib/locale/C.utf8/LC_PAPER>
1427424 openat(AT_FDCWD</tmp/kernel-audit2-v3r63b5w/\346\261\202\350\247\243\345\231\250>, "/usr/lib/locale/C.UTF-8/LC_MESSAGES", O_RDONLY|O_CLOEXEC) = -1 ENOENT (No such file or directory)
1427424 openat(AT_FDCWD</tmp/kernel-audit2-v3r63b5w/\346\261\202\350\247\243\345\231\250>, "/usr/lib/locale/C.utf8/LC_MESSAGES", O_RDONLY|O_CLOEXEC) = 3</usr/lib/locale/C.utf8/LC_MESSAGES>
1427424 openat(AT_FDCWD</tmp/kernel-audit2-v3r63b5w/\346\261\202\350\247\243\345\231\250>, "/usr/lib/locale/C.utf8/LC_MESSAGES/SYS_LC_MESSAGES", O_RDONLY|O_CLOEXEC) = 3</usr/lib/locale/C.utf8/LC_MESSAGES/SYS_LC_MESSAGES>
1427424 openat(AT_FDCWD</tmp/kernel-audit2-v3r63b5w/\346\261\202\350\247\243\345\231\250>, "/usr/lib/locale/C.UTF-8/LC_MONETARY", O_RDONLY|O_CLOEXEC) = -1 ENOENT (No such file or directory)
1427424 openat(AT_FDCWD</tmp/kernel-audit2-v3r63b5w/\346\261\202\350\247\243\345\231\250>, "/usr/lib/locale/C.utf8/LC_MONETARY", O_RDONLY|O_CLOEXEC) = 3</usr/lib/locale/C.utf8/LC_MONETARY>
1427424 openat(AT_FDCWD</tmp/kernel-audit2-v3r63b5w/\346\261\202\350\247\243\345\231\250>, "/usr/lib/locale/C.UTF-8/LC_COLLATE", O_RDONLY|O_CLOEXEC) = -1 ENOENT (No such file or directory)
1427424 openat(AT_FDCWD</tmp/kernel-audit2-v3r63b5w/\346\261\202\350\247\243\345\231\250>, "/usr/lib/locale/C.utf8/LC_COLLATE", O_RDONLY|O_CLOEXEC) = 3</usr/lib/locale/C.utf8/LC_COLLATE>
1427424 openat(AT_FDCWD</tmp/kernel-audit2-v3r63b5w/\346\261\202\350\247\243\345\231\250>, "/usr/lib/locale/C.UTF-8/LC_TIME", O_RDONLY|O_CLOEXEC) = -1 ENOENT (No such file or directory)
1427424 openat(AT_FDCWD</tmp/kernel-audit2-v3r63b5w/\346\261\202\350\247\243\345\231\250>, "/usr/lib/locale/C.utf8/LC_TIME", O_RDONLY|O_CLOEXEC) = 3</usr/lib/locale/C.utf8/LC_TIME>
1427424 openat(AT_FDCWD</tmp/kernel-audit2-v3r63b5w/\346\261\202\350\247\243\345\231\250>, "/usr/lib/locale/C.UTF-8/LC_NUMERIC", O_RDONLY|O_CLOEXEC) = -1 ENOENT (No such file or directory)
1427424 openat(AT_FDCWD</tmp/kernel-audit2-v3r63b5w/\346\261\202\350\247\243\345\231\250>, "/usr/lib/locale/C.utf8/LC_NUMERIC", O_RDONLY|O_CLOEXEC) = 3</usr/lib/locale/C.utf8/LC_NUMERIC>
1427424 openat(AT_FDCWD</tmp/kernel-audit2-v3r63b5w/\346\261\202\350\247\243\345\231\250>, "/usr/lib/locale/C.UTF-8/LC_CTYPE", O_RDONLY|O_CLOEXEC) = -1 ENOENT (No such file or directory)
1427424 openat(AT_FDCWD</tmp/kernel-audit2-v3r63b5w/\346\261\202\350\247\243\345\231\250>, "/usr/lib/locale/C.utf8/LC_CTYPE", O_RDONLY|O_CLOEXEC) = 3</usr/lib/locale/C.utf8/LC_CTYPE>
1427424 openat(AT_FDCWD</tmp/kernel-audit2-v3r63b5w/\346\261\202\350\247\243\345\231\250>, "/tmp/kernel-audit2-v3r63b5w/\346\261\202\350\247\243\345\231\250/crates/kernel/src/output.rs", O_RDONLY) = 3</tmp/kernel-audit2-v3r63b5w/\346\261\202\350\247\243\345\231\250/crates/kernel/src/output.rs>
1427354 --- SIGCHLD {si_signo=SIGCHLD, si_code=CLD_EXITED, si_pid=1427424, si_uid=1000, si_status=0, si_utime=0, si_stime=0} ---
1427354 openat(AT_FDCWD</tmp/kernel-audit2-v3r63b5w/\346\261\202\350\247\243\345\231\250>, "/dev/null", O_RDONLY|O_CLOEXEC) = 3</dev/null<char 1:3>>
1427425 execve("/home/zhuran24/.codex/tmp/arg0/codex-arg0DuAZRy/sha256sum", ["sha256sum", "--", "/tmp/kernel-audit2-v3r63b5w/\346\261\202\350\247\243\345\231\250/crates/kernel/src/ledger.rs"], 0x7ffde62c4578 /* 135 vars */) = -1 ENOENT (No such file or directory)
1427425 execve("/home/zhuran24/.cargo/bin/sha256sum", ["sha256sum", "--", "/tmp/kernel-audit2-v3r63b5w/\346\261\202\350\247\243\345\231\250/crates/kernel/src/ledger.rs"], 0x7ffde62c4578 /* 135 vars */) = -1 ENOENT (No such file or directory)
1427425 execve("/home/zhuran24/.local/bin/sha256sum", ["sha256sum", "--", "/tmp/kernel-audit2-v3r63b5w/\346\261\202\350\247\243\345\231\250/crates/kernel/src/ledger.rs"], 0x7ffde62c4578 /* 135 vars */) = -1 ENOENT (No such file or directory)
1427425 execve("/home/zhuran24/.opencode/bin/sha256sum", ["sha256sum", "--", "/tmp/kernel-audit2-v3r63b5w/\346\261\202\350\247\243\345\231\250/crates/kernel/src/ledger.rs"], 0x7ffde62c4578 /* 135 vars */) = -1 ENOENT (No such file or directory)
1427425 execve("/usr/local/bin/sha256sum", ["sha256sum", "--", "/tmp/kernel-audit2-v3r63b5w/\346\261\202\350\247\243\345\231\250/crates/kernel/src/ledger.rs"], 0x7ffde62c4578 /* 135 vars */) = -1 ENOENT (No such file or directory)
1427425 execve("/usr/bin/sha256sum", ["sha256sum", "--", "/tmp/kernel-audit2-v3r63b5w/\346\261\202\350\247\243\345\231\250/crates/kernel/src/ledger.rs"], 0x7ffde62c4578 /* 135 vars */) = 0
1427425 openat(AT_FDCWD</tmp/kernel-audit2-v3r63b5w/\346\261\202\350\247\243\345\231\250>, "/etc/ld.so.cache", O_RDONLY|O_CLOEXEC) = 3</etc/ld.so.cache>
1427425 openat(AT_FDCWD</tmp/kernel-audit2-v3r63b5w/\346\261\202\350\247\243\345\231\250>, "/usr/lib/libcrypto.so.3", O_RDONLY|O_CLOEXEC) = 3</usr/lib/libcrypto.so.3>
1427425 openat(AT_FDCWD</tmp/kernel-audit2-v3r63b5w/\346\261\202\350\247\243\345\231\250>, "/usr/lib/libc.so.6", O_RDONLY|O_CLOEXEC) = 3</usr/lib/libc.so.6>
1427425 openat(AT_FDCWD</tmp/kernel-audit2-v3r63b5w/\346\261\202\350\247\243\345\231\250>, "/usr/lib/libz.so.1", O_RDONLY|O_CLOEXEC) = 3</usr/lib/libz.so.1.3.1.zlib-ng>
1427425 openat(AT_FDCWD</tmp/kernel-audit2-v3r63b5w/\346\261\202\350\247\243\345\231\250>, "/usr/lib/libbrotlienc.so.1", O_RDONLY|O_CLOEXEC) = 3</usr/lib/libbrotlienc.so.1.2.0>
1427425 openat(AT_FDCWD</tmp/kernel-audit2-v3r63b5w/\346\261\202\350\247\243\345\231\250>, "/usr/lib/libbrotlidec.so.1", O_RDONLY|O_CLOEXEC) = 3</usr/lib/libbrotlidec.so.1.2.0>
1427425 openat(AT_FDCWD</tmp/kernel-audit2-v3r63b5w/\346\261\202\350\247\243\345\231\250>, "/usr/lib/libzstd.so.1", O_RDONLY|O_CLOEXEC) = 3</usr/lib/libzstd.so.1.5.7>
1427425 openat(AT_FDCWD</tmp/kernel-audit2-v3r63b5w/\346\261\202\350\247\243\345\231\250>, "/usr/lib/libm.so.6", O_RDONLY|O_CLOEXEC) = 3</usr/lib/libm.so.6>
1427425 openat(AT_FDCWD</tmp/kernel-audit2-v3r63b5w/\346\261\202\350\247\243\345\231\250>, "/usr/lib/libbrotlicommon.so.1", O_RDONLY|O_CLOEXEC) = 3</usr/lib/libbrotlicommon.so.1.2.0>
1427425 openat(AT_FDCWD</tmp/kernel-audit2-v3r63b5w/\346\261\202\350\247\243\345\231\250>, "/usr/lib/locale/locale-archive", O_RDONLY|O_CLOEXEC) = 3</usr/lib/locale/locale-archive>
1427425 openat(AT_FDCWD</tmp/kernel-audit2-v3r63b5w/\346\261\202\350\247\243\345\231\250>, "/usr/share/locale/locale.alias", O_RDONLY|O_CLOEXEC) = 3</usr/share/locale/locale.alias>
1427425 openat(AT_FDCWD</tmp/kernel-audit2-v3r63b5w/\346\261\202\350\247\243\345\231\250>, "/usr/lib/locale/C.UTF-8/LC_IDENTIFICATION", O_RDONLY|O_CLOEXEC) = -1 ENOENT (No such file or directory)
1427425 openat(AT_FDCWD</tmp/kernel-audit2-v3r63b5w/\346\261\202\350\247\243\345\231\250>, "/usr/lib/locale/C.utf8/LC_IDENTIFICATION", O_RDONLY|O_CLOEXEC) = 3</usr/lib/locale/C.utf8/LC_IDENTIFICATION>
1427425 openat(AT_FDCWD</tmp/kernel-audit2-v3r63b5w/\346\261\202\350\247\243\345\231\250>, "/usr/lib/gconv/gconv-modules.cache", O_RDONLY|O_CLOEXEC) = 3</usr/lib/gconv/gconv-modules.cache>
1427425 openat(AT_FDCWD</tmp/kernel-audit2-v3r63b5w/\346\261\202\350\247\243\345\231\250>, "/usr/lib/locale/C.UTF-8/LC_MEASUREMENT", O_RDONLY|O_CLOEXEC) = -1 ENOENT (No such file or directory)
1427425 openat(AT_FDCWD</tmp/kernel-audit2-v3r63b5w/\346\261\202\350\247\243\345\231\250>, "/usr/lib/locale/C.utf8/LC_MEASUREMENT", O_RDONLY|O_CLOEXEC) = 3</usr/lib/locale/C.utf8/LC_MEASUREMENT>
1427425 openat(AT_FDCWD</tmp/kernel-audit2-v3r63b5w/\346\261\202\350\247\243\345\231\250>, "/usr/lib/locale/C.UTF-8/LC_TELEPHONE", O_RDONLY|O_CLOEXEC) = -1 ENOENT (No such file or directory)
1427425 openat(AT_FDCWD</tmp/kernel-audit2-v3r63b5w/\346\261\202\350\247\243\345\231\250>, "/usr/lib/locale/C.utf8/LC_TELEPHONE", O_RDONLY|O_CLOEXEC) = 3</usr/lib/locale/C.utf8/LC_TELEPHONE>
1427425 openat(AT_FDCWD</tmp/kernel-audit2-v3r63b5w/\346\261\202\350\247\243\345\231\250>, "/usr/lib/locale/C.UTF-8/LC_ADDRESS", O_RDONLY|O_CLOEXEC) = -1 ENOENT (No such file or directory)
1427425 openat(AT_FDCWD</tmp/kernel-audit2-v3r63b5w/\346\261\202\350\247\243\345\231\250>, "/usr/lib/locale/C.utf8/LC_ADDRESS", O_RDONLY|O_CLOEXEC) = 3</usr/lib/locale/C.utf8/LC_ADDRESS>
1427425 openat(AT_FDCWD</tmp/kernel-audit2-v3r63b5w/\346\261\202\350\247\243\345\231\250>, "/usr/lib/locale/C.UTF-8/LC_NAME", O_RDONLY|O_CLOEXEC) = -1 ENOENT (No such file or directory)
1427425 openat(AT_FDCWD</tmp/kernel-audit2-v3r63b5w/\346\261\202\350\247\243\345\231\250>, "/usr/lib/locale/C.utf8/LC_NAME", O_RDONLY|O_CLOEXEC) = 3</usr/lib/locale/C.utf8/LC_NAME>
1427425 openat(AT_FDCWD</tmp/kernel-audit2-v3r63b5w/\346\261\202\350\247\243\345\231\250>, "/usr/lib/locale/C.UTF-8/LC_PAPER", O_RDONLY|O_CLOEXEC) = -1 ENOENT (No such file or directory)
1427425 openat(AT_FDCWD</tmp/kernel-audit2-v3r63b5w/\346\261\202\350\247\243\345\231\250>, "/usr/lib/locale/C.utf8/LC_PAPER", O_RDONLY|O_CLOEXEC) = 3</usr/lib/locale/C.utf8/LC_PAPER>
1427425 openat(AT_FDCWD</tmp/kernel-audit2-v3r63b5w/\346\261\202\350\247\243\345\231\250>, "/usr/lib/locale/C.UTF-8/LC_MESSAGES", O_RDONLY|O_CLOEXEC) = -1 ENOENT (No such file or directory)
1427425 openat(AT_FDCWD</tmp/kernel-audit2-v3r63b5w/\346\261\202\350\247\243\345\231\250>, "/usr/lib/locale/C.utf8/LC_MESSAGES", O_RDONLY|O_CLOEXEC) = 3</usr/lib/locale/C.utf8/LC_MESSAGES>
1427425 openat(AT_FDCWD</tmp/kernel-audit2-v3r63b5w/\346\261\202\350\247\243\345\231\250>, "/usr/lib/locale/C.utf8/LC_MESSAGES/SYS_LC_MESSAGES", O_RDONLY|O_CLOEXEC) = 3</usr/lib/locale/C.utf8/LC_MESSAGES/SYS_LC_MESSAGES>
1427425 openat(AT_FDCWD</tmp/kernel-audit2-v3r63b5w/\346\261\202\350\247\243\345\231\250>, "/usr/lib/locale/C.UTF-8/LC_MONETARY", O_RDONLY|O_CLOEXEC) = -1 ENOENT (No such file or directory)
1427425 openat(AT_FDCWD</tmp/kernel-audit2-v3r63b5w/\346\261\202\350\247\243\345\231\250>, "/usr/lib/locale/C.utf8/LC_MONETARY", O_RDONLY|O_CLOEXEC) = 3</usr/lib/locale/C.utf8/LC_MONETARY>
1427425 openat(AT_FDCWD</tmp/kernel-audit2-v3r63b5w/\346\261\202\350\247\243\345\231\250>, "/usr/lib/locale/C.UTF-8/LC_COLLATE", O_RDONLY|O_CLOEXEC) = -1 ENOENT (No such file or directory)
1427425 openat(AT_FDCWD</tmp/kernel-audit2-v3r63b5w/\346\261\202\350\247\243\345\231\250>, "/usr/lib/locale/C.utf8/LC_COLLATE", O_RDONLY|O_CLOEXEC) = 3</usr/lib/locale/C.utf8/LC_COLLATE>
1427425 openat(AT_FDCWD</tmp/kernel-audit2-v3r63b5w/\346\261\202\350\247\243\345\231\250>, "/usr/lib/locale/C.UTF-8/LC_TIME", O_RDONLY|O_CLOEXEC) = -1 ENOENT (No such file or directory)
1427425 openat(AT_FDCWD</tmp/kernel-audit2-v3r63b5w/\346\261\202\350\247\243\345\231\250>, "/usr/lib/locale/C.utf8/LC_TIME", O_RDONLY|O_CLOEXEC) = 3</usr/lib/locale/C.utf8/LC_TIME>
1427425 openat(AT_FDCWD</tmp/kernel-audit2-v3r63b5w/\346\261\202\350\247\243\345\231\250>, "/usr/lib/locale/C.UTF-8/LC_NUMERIC", O_RDONLY|O_CLOEXEC) = -1 ENOENT (No such file or directory)
1427425 openat(AT_FDCWD</tmp/kernel-audit2-v3r63b5w/\346\261\202\350\247\243\345\231\250>, "/usr/lib/locale/C.utf8/LC_NUMERIC", O_RDONLY|O_CLOEXEC) = 3</usr/lib/locale/C.utf8/LC_NUMERIC>
1427425 openat(AT_FDCWD</tmp/kernel-audit2-v3r63b5w/\346\261\202\350\247\243\345\231\250>, "/usr/lib/locale/C.UTF-8/LC_CTYPE", O_RDONLY|O_CLOEXEC) = -1 ENOENT (No such file or directory)
1427425 openat(AT_FDCWD</tmp/kernel-audit2-v3r63b5w/\346\261\202\350\247\243\345\231\250>, "/usr/lib/locale/C.utf8/LC_CTYPE", O_RDONLY|O_CLOEXEC) = 3</usr/lib/locale/C.utf8/LC_CTYPE>
1427425 openat(AT_FDCWD</tmp/kernel-audit2-v3r63b5w/\346\261\202\350\247\243\345\231\250>, "/tmp/kernel-audit2-v3r63b5w/\346\261\202\350\247\243\345\231\250/crates/kernel/src/ledger.rs", O_RDONLY) = 3</tmp/kernel-audit2-v3r63b5w/\346\261\202\350\247\243\345\231\250/crates/kernel/src/ledger.rs>
1427354 --- SIGCHLD {si_signo=SIGCHLD, si_code=CLD_EXITED, si_pid=1427425, si_uid=1000, si_status=0, si_utime=0, si_stime=0} ---
1427354 openat(AT_FDCWD</tmp/kernel-audit2-v3r63b5w/\346\261\202\350\247\243\345\231\250>, "/dev/null", O_RDONLY|O_CLOEXEC) = 3</dev/null<char 1:3>>
1427426 execve("/home/zhuran24/.codex/tmp/arg0/codex-arg0DuAZRy/sha256sum", ["sha256sum", "--", "/tmp/kernel-audit2-v3r63b5w/\346\261\202\350\247\243\345\231\250/crates/kernel/src/cycle.rs"], 0x7ffde62c4578 /* 135 vars */) = -1 ENOENT (No such file or directory)
1427426 execve("/home/zhuran24/.cargo/bin/sha256sum", ["sha256sum", "--", "/tmp/kernel-audit2-v3r63b5w/\346\261\202\350\247\243\345\231\250/crates/kernel/src/cycle.rs"], 0x7ffde62c4578 /* 135 vars */) = -1 ENOENT (No such file or directory)
1427426 execve("/home/zhuran24/.local/bin/sha256sum", ["sha256sum", "--", "/tmp/kernel-audit2-v3r63b5w/\346\261\202\350\247\243\345\231\250/crates/kernel/src/cycle.rs"], 0x7ffde62c4578 /* 135 vars */) = -1 ENOENT (No such file or directory)
1427426 execve("/home/zhuran24/.opencode/bin/sha256sum", ["sha256sum", "--", "/tmp/kernel-audit2-v3r63b5w/\346\261\202\350\247\243\345\231\250/crates/kernel/src/cycle.rs"], 0x7ffde62c4578 /* 135 vars */) = -1 ENOENT (No such file or directory)
1427426 execve("/usr/local/bin/sha256sum", ["sha256sum", "--", "/tmp/kernel-audit2-v3r63b5w/\346\261\202\350\247\243\345\231\250/crates/kernel/src/cycle.rs"], 0x7ffde62c4578 /* 135 vars */) = -1 ENOENT (No such file or directory)
1427426 execve("/usr/bin/sha256sum", ["sha256sum", "--", "/tmp/kernel-audit2-v3r63b5w/\346\261\202\350\247\243\345\231\250/crates/kernel/src/cycle.rs"], 0x7ffde62c4578 /* 135 vars */) = 0
1427426 openat(AT_FDCWD</tmp/kernel-audit2-v3r63b5w/\346\261\202\350\247\243\345\231\250>, "/etc/ld.so.cache", O_RDONLY|O_CLOEXEC) = 3</etc/ld.so.cache>
1427426 openat(AT_FDCWD</tmp/kernel-audit2-v3r63b5w/\346\261\202\350\247\243\345\231\250>, "/usr/lib/libcrypto.so.3", O_RDONLY|O_CLOEXEC) = 3</usr/lib/libcrypto.so.3>
1427426 openat(AT_FDCWD</tmp/kernel-audit2-v3r63b5w/\346\261\202\350\247\243\345\231\250>, "/usr/lib/libc.so.6", O_RDONLY|O_CLOEXEC) = 3</usr/lib/libc.so.6>
1427426 openat(AT_FDCWD</tmp/kernel-audit2-v3r63b5w/\346\261\202\350\247\243\345\231\250>, "/usr/lib/libz.so.1", O_RDONLY|O_CLOEXEC) = 3</usr/lib/libz.so.1.3.1.zlib-ng>
1427426 openat(AT_FDCWD</tmp/kernel-audit2-v3r63b5w/\346\261\202\350\247\243\345\231\250>, "/usr/lib/libbrotlienc.so.1", O_RDONLY|O_CLOEXEC) = 3</usr/lib/libbrotlienc.so.1.2.0>
1427426 openat(AT_FDCWD</tmp/kernel-audit2-v3r63b5w/\346\261\202\350\247\243\345\231\250>, "/usr/lib/libbrotlidec.so.1", O_RDONLY|O_CLOEXEC) = 3</usr/lib/libbrotlidec.so.1.2.0>
1427426 openat(AT_FDCWD</tmp/kernel-audit2-v3r63b5w/\346\261\202\350\247\243\345\231\250>, "/usr/lib/libzstd.so.1", O_RDONLY|O_CLOEXEC) = 3</usr/lib/libzstd.so.1.5.7>
1427426 openat(AT_FDCWD</tmp/kernel-audit2-v3r63b5w/\346\261\202\350\247\243\345\231\250>, "/usr/lib/libm.so.6", O_RDONLY|O_CLOEXEC) = 3</usr/lib/libm.so.6>
1427426 openat(AT_FDCWD</tmp/kernel-audit2-v3r63b5w/\346\261\202\350\247\243\345\231\250>, "/usr/lib/libbrotlicommon.so.1", O_RDONLY|O_CLOEXEC) = 3</usr/lib/libbrotlicommon.so.1.2.0>
1427426 openat(AT_FDCWD</tmp/kernel-audit2-v3r63b5w/\346\261\202\350\247\243\345\231\250>, "/usr/lib/locale/locale-archive", O_RDONLY|O_CLOEXEC) = 3</usr/lib/locale/locale-archive>
1427426 openat(AT_FDCWD</tmp/kernel-audit2-v3r63b5w/\346\261\202\350\247\243\345\231\250>, "/usr/share/locale/locale.alias", O_RDONLY|O_CLOEXEC) = 3</usr/share/locale/locale.alias>
1427426 openat(AT_FDCWD</tmp/kernel-audit2-v3r63b5w/\346\261\202\350\247\243\345\231\250>, "/usr/lib/locale/C.UTF-8/LC_IDENTIFICATION", O_RDONLY|O_CLOEXEC) = -1 ENOENT (No such file or directory)
1427426 openat(AT_FDCWD</tmp/kernel-audit2-v3r63b5w/\346\261\202\350\247\243\345\231\250>, "/usr/lib/locale/C.utf8/LC_IDENTIFICATION", O_RDONLY|O_CLOEXEC) = 3</usr/lib/locale/C.utf8/LC_IDENTIFICATION>
1427426 openat(AT_FDCWD</tmp/kernel-audit2-v3r63b5w/\346\261\202\350\247\243\345\231\250>, "/usr/lib/gconv/gconv-modules.cache", O_RDONLY|O_CLOEXEC) = 3</usr/lib/gconv/gconv-modules.cache>
1427426 openat(AT_FDCWD</tmp/kernel-audit2-v3r63b5w/\346\261\202\350\247\243\345\231\250>, "/usr/lib/locale/C.UTF-8/LC_MEASUREMENT", O_RDONLY|O_CLOEXEC) = -1 ENOENT (No such file or directory)
1427426 openat(AT_FDCWD</tmp/kernel-audit2-v3r63b5w/\346\261\202\350\247\243\345\231\250>, "/usr/lib/locale/C.utf8/LC_MEASUREMENT", O_RDONLY|O_CLOEXEC) = 3</usr/lib/locale/C.utf8/LC_MEASUREMENT>
1427426 openat(AT_FDCWD</tmp/kernel-audit2-v3r63b5w/\346\261\202\350\247\243\345\231\250>, "/usr/lib/locale/C.UTF-8/LC_TELEPHONE", O_RDONLY|O_CLOEXEC) = -1 ENOENT (No such file or directory)
1427426 openat(AT_FDCWD</tmp/kernel-audit2-v3r63b5w/\346\261\202\350\247\243\345\231\250>, "/usr/lib/locale/C.utf8/LC_TELEPHONE", O_RDONLY|O_CLOEXEC) = 3</usr/lib/locale/C.utf8/LC_TELEPHONE>
1427426 openat(AT_FDCWD</tmp/kernel-audit2-v3r63b5w/\346\261\202\350\247\243\345\231\250>, "/usr/lib/locale/C.UTF-8/LC_ADDRESS", O_RDONLY|O_CLOEXEC) = -1 ENOENT (No such file or directory)
1427426 openat(AT_FDCWD</tmp/kernel-audit2-v3r63b5w/\346\261\202\350\247\243\345\231\250>, "/usr/lib/locale/C.utf8/LC_ADDRESS", O_RDONLY|O_CLOEXEC) = 3</usr/lib/locale/C.utf8/LC_ADDRESS>
1427426 openat(AT_FDCWD</tmp/kernel-audit2-v3r63b5w/\346\261\202\350\247\243\345\231\250>, "/usr/lib/locale/C.UTF-8/LC_NAME", O_RDONLY|O_CLOEXEC) = -1 ENOENT (No such file or directory)
1427426 openat(AT_FDCWD</tmp/kernel-audit2-v3r63b5w/\346\261\202\350\247\243\345\231\250>, "/usr/lib/locale/C.utf8/LC_NAME", O_RDONLY|O_CLOEXEC) = 3</usr/lib/locale/C.utf8/LC_NAME>
1427426 openat(AT_FDCWD</tmp/kernel-audit2-v3r63b5w/\346\261\202\350\247\243\345\231\250>, "/usr/lib/locale/C.UTF-8/LC_PAPER", O_RDONLY|O_CLOEXEC) = -1 ENOENT (No such file or directory)
1427426 openat(AT_FDCWD</tmp/kernel-audit2-v3r63b5w/\346\261\202\350\247\243\345\231\250>, "/usr/lib/locale/C.utf8/LC_PAPER", O_RDONLY|O_CLOEXEC) = 3</usr/lib/locale/C.utf8/LC_PAPER>
1427426 openat(AT_FDCWD</tmp/kernel-audit2-v3r63b5w/\346\261\202\350\247\243\345\231\250>, "/usr/lib/locale/C.UTF-8/LC_MESSAGES", O_RDONLY|O_CLOEXEC) = -1 ENOENT (No such file or directory)
1427426 openat(AT_FDCWD</tmp/kernel-audit2-v3r63b5w/\346\261\202\350\247\243\345\231\250>, "/usr/lib/locale/C.utf8/LC_MESSAGES", O_RDONLY|O_CLOEXEC) = 3</usr/lib/locale/C.utf8/LC_MESSAGES>
1427426 openat(AT_FDCWD</tmp/kernel-audit2-v3r63b5w/\346\261\202\350\247\243\345\231\250>, "/usr/lib/locale/C.utf8/LC_MESSAGES/SYS_LC_MESSAGES", O_RDONLY|O_CLOEXEC) = 3</usr/lib/locale/C.utf8/LC_MESSAGES/SYS_LC_MESSAGES>
1427426 openat(AT_FDCWD</tmp/kernel-audit2-v3r63b5w/\346\261\202\350\247\243\345\231\250>, "/usr/lib/locale/C.UTF-8/LC_MONETARY", O_RDONLY|O_CLOEXEC) = -1 ENOENT (No such file or directory)
1427426 openat(AT_FDCWD</tmp/kernel-audit2-v3r63b5w/\346\261\202\350\247\243\345\231\250>, "/usr/lib/locale/C.utf8/LC_MONETARY", O_RDONLY|O_CLOEXEC) = 3</usr/lib/locale/C.utf8/LC_MONETARY>
1427426 openat(AT_FDCWD</tmp/kernel-audit2-v3r63b5w/\346\261\202\350\247\243\345\231\250>, "/usr/lib/locale/C.UTF-8/LC_COLLATE", O_RDONLY|O_CLOEXEC) = -1 ENOENT (No such file or directory)
1427426 openat(AT_FDCWD</tmp/kernel-audit2-v3r63b5w/\346\261\202\350\247\243\345\231\250>, "/usr/lib/locale/C.utf8/LC_COLLATE", O_RDONLY|O_CLOEXEC) = 3</usr/lib/locale/C.utf8/LC_COLLATE>
1427426 openat(AT_FDCWD</tmp/kernel-audit2-v3r63b5w/\346\261\202\350\247\243\345\231\250>, "/usr/lib/locale/C.UTF-8/LC_TIME", O_RDONLY|O_CLOEXEC) = -1 ENOENT (No such file or directory)
1427426 openat(AT_FDCWD</tmp/kernel-audit2-v3r63b5w/\346\261\202\350\247\243\345\231\250>, "/usr/lib/locale/C.utf8/LC_TIME", O_RDONLY|O_CLOEXEC) = 3</usr/lib/locale/C.utf8/LC_TIME>
1427426 openat(AT_FDCWD</tmp/kernel-audit2-v3r63b5w/\346\261\202\350\247\243\345\231\250>, "/usr/lib/locale/C.UTF-8/LC_NUMERIC", O_RDONLY|O_CLOEXEC) = -1 ENOENT (No such file or directory)
1427426 openat(AT_FDCWD</tmp/kernel-audit2-v3r63b5w/\346\261\202\350\247\243\345\231\250>, "/usr/lib/locale/C.utf8/LC_NUMERIC", O_RDONLY|O_CLOEXEC) = 3</usr/lib/locale/C.utf8/LC_NUMERIC>
1427426 openat(AT_FDCWD</tmp/kernel-audit2-v3r63b5w/\346\261\202\350\247\243\345\231\250>, "/usr/lib/locale/C.UTF-8/LC_CTYPE", O_RDONLY|O_CLOEXEC) = -1 ENOENT (No such file or directory)
1427426 openat(AT_FDCWD</tmp/kernel-audit2-v3r63b5w/\346\261\202\350\247\243\345\231\250>, "/usr/lib/locale/C.utf8/LC_CTYPE", O_RDONLY|O_CLOEXEC) = 3</usr/lib/locale/C.utf8/LC_CTYPE>
1427426 openat(AT_FDCWD</tmp/kernel-audit2-v3r63b5w/\346\261\202\350\247\243\345\231\250>, "/tmp/kernel-audit2-v3r63b5w/\346\261\202\350\247\243\345\231\250/crates/kernel/src/cycle.rs", O_RDONLY) = 3</tmp/kernel-audit2-v3r63b5w/\346\261\202\350\247\243\345\231\250/crates/kernel/src/cycle.rs>
1427354 --- SIGCHLD {si_signo=SIGCHLD, si_code=CLD_EXITED, si_pid=1427426, si_uid=1000, si_status=0, si_utime=0, si_stime=0} ---
1427354 openat(AT_FDCWD</tmp/kernel-audit2-v3r63b5w/\346\261\202\350\247\243\345\231\250>, "/dev/null", O_RDONLY|O_CLOEXEC) = 3</dev/null<char 1:3>>
1427427 execve("/home/zhuran24/.codex/tmp/arg0/codex-arg0DuAZRy/sha256sum", ["sha256sum", "--", "/tmp/kernel-audit2-v3r63b5w/\346\261\202\350\247\243\345\231\250/crates/kernel/src/cycle_io.rs"], 0x7ffde62c4578 /* 135 vars */) = -1 ENOENT (No such file or directory)
1427427 execve("/home/zhuran24/.cargo/bin/sha256sum", ["sha256sum", "--", "/tmp/kernel-audit2-v3r63b5w/\346\261\202\350\247\243\345\231\250/crates/kernel/src/cycle_io.rs"], 0x7ffde62c4578 /* 135 vars */) = -1 ENOENT (No such file or directory)
1427427 execve("/home/zhuran24/.local/bin/sha256sum", ["sha256sum", "--", "/tmp/kernel-audit2-v3r63b5w/\346\261\202\350\247\243\345\231\250/crates/kernel/src/cycle_io.rs"], 0x7ffde62c4578 /* 135 vars */) = -1 ENOENT (No such file or directory)
1427427 execve("/home/zhuran24/.opencode/bin/sha256sum", ["sha256sum", "--", "/tmp/kernel-audit2-v3r63b5w/\346\261\202\350\247\243\345\231\250/crates/kernel/src/cycle_io.rs"], 0x7ffde62c4578 /* 135 vars */) = -1 ENOENT (No such file or directory)
1427427 execve("/usr/local/bin/sha256sum", ["sha256sum", "--", "/tmp/kernel-audit2-v3r63b5w/\346\261\202\350\247\243\345\231\250/crates/kernel/src/cycle_io.rs"], 0x7ffde62c4578 /* 135 vars */) = -1 ENOENT (No such file or directory)
1427427 execve("/usr/bin/sha256sum", ["sha256sum", "--", "/tmp/kernel-audit2-v3r63b5w/\346\261\202\350\247\243\345\231\250/crates/kernel/src/cycle_io.rs"], 0x7ffde62c4578 /* 135 vars */) = 0
1427427 openat(AT_FDCWD</tmp/kernel-audit2-v3r63b5w/\346\261\202\350\247\243\345\231\250>, "/etc/ld.so.cache", O_RDONLY|O_CLOEXEC) = 3</etc/ld.so.cache>
1427427 openat(AT_FDCWD</tmp/kernel-audit2-v3r63b5w/\346\261\202\350\247\243\345\231\250>, "/usr/lib/libcrypto.so.3", O_RDONLY|O_CLOEXEC) = 3</usr/lib/libcrypto.so.3>
1427427 openat(AT_FDCWD</tmp/kernel-audit2-v3r63b5w/\346\261\202\350\247\243\345\231\250>, "/usr/lib/libc.so.6", O_RDONLY|O_CLOEXEC) = 3</usr/lib/libc.so.6>
1427427 openat(AT_FDCWD</tmp/kernel-audit2-v3r63b5w/\346\261\202\350\247\243\345\231\250>, "/usr/lib/libz.so.1", O_RDONLY|O_CLOEXEC) = 3</usr/lib/libz.so.1.3.1.zlib-ng>
1427427 openat(AT_FDCWD</tmp/kernel-audit2-v3r63b5w/\346\261\202\350\247\243\345\231\250>, "/usr/lib/libbrotlienc.so.1", O_RDONLY|O_CLOEXEC) = 3</usr/lib/libbrotlienc.so.1.2.0>
1427427 openat(AT_FDCWD</tmp/kernel-audit2-v3r63b5w/\346\261\202\350\247\243\345\231\250>, "/usr/lib/libbrotlidec.so.1", O_RDONLY|O_CLOEXEC) = 3</usr/lib/libbrotlidec.so.1.2.0>
1427427 openat(AT_FDCWD</tmp/kernel-audit2-v3r63b5w/\346\261\202\350\247\243\345\231\250>, "/usr/lib/libzstd.so.1", O_RDONLY|O_CLOEXEC) = 3</usr/lib/libzstd.so.1.5.7>
1427427 openat(AT_FDCWD</tmp/kernel-audit2-v3r63b5w/\346\261\202\350\247\243\345\231\250>, "/usr/lib/libm.so.6", O_RDONLY|O_CLOEXEC) = 3</usr/lib/libm.so.6>
1427427 openat(AT_FDCWD</tmp/kernel-audit2-v3r63b5w/\346\261\202\350\247\243\345\231\250>, "/usr/lib/libbrotlicommon.so.1", O_RDONLY|O_CLOEXEC) = 3</usr/lib/libbrotlicommon.so.1.2.0>
1427427 openat(AT_FDCWD</tmp/kernel-audit2-v3r63b5w/\346\261\202\350\247\243\345\231\250>, "/usr/lib/locale/locale-archive", O_RDONLY|O_CLOEXEC) = 3</usr/lib/locale/locale-archive>
1427427 openat(AT_FDCWD</tmp/kernel-audit2-v3r63b5w/\346\261\202\350\247\243\345\231\250>, "/usr/share/locale/locale.alias", O_RDONLY|O_CLOEXEC) = 3</usr/share/locale/locale.alias>
1427427 openat(AT_FDCWD</tmp/kernel-audit2-v3r63b5w/\346\261\202\350\247\243\345\231\250>, "/usr/lib/locale/C.UTF-8/LC_IDENTIFICATION", O_RDONLY|O_CLOEXEC) = -1 ENOENT (No such file or directory)
1427427 openat(AT_FDCWD</tmp/kernel-audit2-v3r63b5w/\346\261\202\350\247\243\345\231\250>, "/usr/lib/locale/C.utf8/LC_IDENTIFICATION", O_RDONLY|O_CLOEXEC) = 3</usr/lib/locale/C.utf8/LC_IDENTIFICATION>
1427427 openat(AT_FDCWD</tmp/kernel-audit2-v3r63b5w/\346\261\202\350\247\243\345\231\250>, "/usr/lib/gconv/gconv-modules.cache", O_RDONLY|O_CLOEXEC) = 3</usr/lib/gconv/gconv-modules.cache>
1427427 openat(AT_FDCWD</tmp/kernel-audit2-v3r63b5w/\346\261\202\350\247\243\345\231\250>, "/usr/lib/locale/C.UTF-8/LC_MEASUREMENT", O_RDONLY|O_CLOEXEC) = -1 ENOENT (No such file or directory)
1427427 openat(AT_FDCWD</tmp/kernel-audit2-v3r63b5w/\346\261\202\350\247\243\345\231\250>, "/usr/lib/locale/C.utf8/LC_MEASUREMENT", O_RDONLY|O_CLOEXEC) = 3</usr/lib/locale/C.utf8/LC_MEASUREMENT>
1427427 openat(AT_FDCWD</tmp/kernel-audit2-v3r63b5w/\346\261\202\350\247\243\345\231\250>, "/usr/lib/locale/C.UTF-8/LC_TELEPHONE", O_RDONLY|O_CLOEXEC) = -1 ENOENT (No such file or directory)
1427427 openat(AT_FDCWD</tmp/kernel-audit2-v3r63b5w/\346\261\202\350\247\243\345\231\250>, "/usr/lib/locale/C.utf8/LC_TELEPHONE", O_RDONLY|O_CLOEXEC) = 3</usr/lib/locale/C.utf8/LC_TELEPHONE>
1427427 openat(AT_FDCWD</tmp/kernel-audit2-v3r63b5w/\346\261\202\350\247\243\345\231\250>, "/usr/lib/locale/C.UTF-8/LC_ADDRESS", O_RDONLY|O_CLOEXEC) = -1 ENOENT (No such file or directory)
1427427 openat(AT_FDCWD</tmp/kernel-audit2-v3r63b5w/\346\261\202\350\247\243\345\231\250>, "/usr/lib/locale/C.utf8/LC_ADDRESS", O_RDONLY|O_CLOEXEC) = 3</usr/lib/locale/C.utf8/LC_ADDRESS>
1427427 openat(AT_FDCWD</tmp/kernel-audit2-v3r63b5w/\346\261\202\350\247\243\345\231\250>, "/usr/lib/locale/C.UTF-8/LC_NAME", O_RDONLY|O_CLOEXEC) = -1 ENOENT (No such file or directory)
1427427 openat(AT_FDCWD</tmp/kernel-audit2-v3r63b5w/\346\261\202\350\247\243\345\231\250>, "/usr/lib/locale/C.utf8/LC_NAME", O_RDONLY|O_CLOEXEC) = 3</usr/lib/locale/C.utf8/LC_NAME>
1427427 openat(AT_FDCWD</tmp/kernel-audit2-v3r63b5w/\346\261\202\350\247\243\345\231\250>, "/usr/lib/locale/C.UTF-8/LC_PAPER", O_RDONLY|O_CLOEXEC) = -1 ENOENT (No such file or directory)
1427427 openat(AT_FDCWD</tmp/kernel-audit2-v3r63b5w/\346\261\202\350\247\243\345\231\250>, "/usr/lib/locale/C.utf8/LC_PAPER", O_RDONLY|O_CLOEXEC) = 3</usr/lib/locale/C.utf8/LC_PAPER>
1427427 openat(AT_FDCWD</tmp/kernel-audit2-v3r63b5w/\346\261\202\350\247\243\345\231\250>, "/usr/lib/locale/C.UTF-8/LC_MESSAGES", O_RDONLY|O_CLOEXEC) = -1 ENOENT (No such file or directory)
1427427 openat(AT_FDCWD</tmp/kernel-audit2-v3r63b5w/\346\261\202\350\247\243\345\231\250>, "/usr/lib/locale/C.utf8/LC_MESSAGES", O_RDONLY|O_CLOEXEC) = 3</usr/lib/locale/C.utf8/LC_MESSAGES>
1427427 openat(AT_FDCWD</tmp/kernel-audit2-v3r63b5w/\346\261\202\350\247\243\345\231\250>, "/usr/lib/locale/C.utf8/LC_MESSAGES/SYS_LC_MESSAGES", O_RDONLY|O_CLOEXEC) = 3</usr/lib/locale/C.utf8/LC_MESSAGES/SYS_LC_MESSAGES>
1427427 openat(AT_FDCWD</tmp/kernel-audit2-v3r63b5w/\346\261\202\350\247\243\345\231\250>, "/usr/lib/locale/C.UTF-8/LC_MONETARY", O_RDONLY|O_CLOEXEC) = -1 ENOENT (No such file or directory)
1427427 openat(AT_FDCWD</tmp/kernel-audit2-v3r63b5w/\346\261\202\350\247\243\345\231\250>, "/usr/lib/locale/C.utf8/LC_MONETARY", O_RDONLY|O_CLOEXEC) = 3</usr/lib/locale/C.utf8/LC_MONETARY>
1427427 openat(AT_FDCWD</tmp/kernel-audit2-v3r63b5w/\346\261\202\350\247\243\345\231\250>, "/usr/lib/locale/C.UTF-8/LC_COLLATE", O_RDONLY|O_CLOEXEC) = -1 ENOENT (No such file or directory)
1427427 openat(AT_FDCWD</tmp/kernel-audit2-v3r63b5w/\346\261\202\350\247\243\345\231\250>, "/usr/lib/locale/C.utf8/LC_COLLATE", O_RDONLY|O_CLOEXEC) = 3</usr/lib/locale/C.utf8/LC_COLLATE>
1427427 openat(AT_FDCWD</tmp/kernel-audit2-v3r63b5w/\346\261\202\350\247\243\345\231\250>, "/usr/lib/locale/C.UTF-8/LC_TIME", O_RDONLY|O_CLOEXEC) = -1 ENOENT (No such file or directory)
1427427 openat(AT_FDCWD</tmp/kernel-audit2-v3r63b5w/\346\261\202\350\247\243\345\231\250>, "/usr/lib/locale/C.utf8/LC_TIME", O_RDONLY|O_CLOEXEC) = 3</usr/lib/locale/C.utf8/LC_TIME>
1427427 openat(AT_FDCWD</tmp/kernel-audit2-v3r63b5w/\346\261\202\350\247\243\345\231\250>, "/usr/lib/locale/C.UTF-8/LC_NUMERIC", O_RDONLY|O_CLOEXEC) = -1 ENOENT (No such file or directory)
1427427 openat(AT_FDCWD</tmp/kernel-audit2-v3r63b5w/\346\261\202\350\247\243\345\231\250>, "/usr/lib/locale/C.utf8/LC_NUMERIC", O_RDONLY|O_CLOEXEC) = 3</usr/lib/locale/C.utf8/LC_NUMERIC>
1427427 openat(AT_FDCWD</tmp/kernel-audit2-v3r63b5w/\346\261\202\350\247\243\345\231\250>, "/usr/lib/locale/C.UTF-8/LC_CTYPE", O_RDONLY|O_CLOEXEC) = -1 ENOENT (No such file or directory)
1427427 openat(AT_FDCWD</tmp/kernel-audit2-v3r63b5w/\346\261\202\350\247\243\345\231\250>, "/usr/lib/locale/C.utf8/LC_CTYPE", O_RDONLY|O_CLOEXEC) = 3</usr/lib/locale/C.utf8/LC_CTYPE>
1427427 openat(AT_FDCWD</tmp/kernel-audit2-v3r63b5w/\346\261\202\350\247\243\345\231\250>, "/tmp/kernel-audit2-v3r63b5w/\346\261\202\350\247\243\345\231\250/crates/kernel/src/cycle_io.rs", O_RDONLY) = 3</tmp/kernel-audit2-v3r63b5w/\346\261\202\350\247\243\345\231\250/crates/kernel/src/cycle_io.rs>
1427354 --- SIGCHLD {si_signo=SIGCHLD, si_code=CLD_EXITED, si_pid=1427427, si_uid=1000, si_status=0, si_utime=0, si_stime=0} ---
1427354 openat(AT_FDCWD</tmp/kernel-audit2-v3r63b5w/\346\261\202\350\247\243\345\231\250>, "/dev/null", O_RDONLY|O_CLOEXEC) = 3</dev/null<char 1:3>>
1427428 execve("/home/zhuran24/.codex/tmp/arg0/codex-arg0DuAZRy/sha256sum", ["sha256sum", "--", "/tmp/kernel-audit2-v3r63b5w/\346\261\202\350\247\243\345\231\250/crates/kernel/src/digest.rs"], 0x7ffde62c4578 /* 135 vars */) = -1 ENOENT (No such file or directory)
1427428 execve("/home/zhuran24/.cargo/bin/sha256sum", ["sha256sum", "--", "/tmp/kernel-audit2-v3r63b5w/\346\261\202\350\247\243\345\231\250/crates/kernel/src/digest.rs"], 0x7ffde62c4578 /* 135 vars */) = -1 ENOENT (No such file or directory)
1427428 execve("/home/zhuran24/.local/bin/sha256sum", ["sha256sum", "--", "/tmp/kernel-audit2-v3r63b5w/\346\261\202\350\247\243\345\231\250/crates/kernel/src/digest.rs"], 0x7ffde62c4578 /* 135 vars */) = -1 ENOENT (No such file or directory)
1427428 execve("/home/zhuran24/.opencode/bin/sha256sum", ["sha256sum", "--", "/tmp/kernel-audit2-v3r63b5w/\346\261\202\350\247\243\345\231\250/crates/kernel/src/digest.rs"], 0x7ffde62c4578 /* 135 vars */) = -1 ENOENT (No such file or directory)
1427428 execve("/usr/local/bin/sha256sum", ["sha256sum", "--", "/tmp/kernel-audit2-v3r63b5w/\346\261\202\350\247\243\345\231\250/crates/kernel/src/digest.rs"], 0x7ffde62c4578 /* 135 vars */) = -1 ENOENT (No such file or directory)
1427428 execve("/usr/bin/sha256sum", ["sha256sum", "--", "/tmp/kernel-audit2-v3r63b5w/\346\261\202\350\247\243\345\231\250/crates/kernel/src/digest.rs"], 0x7ffde62c4578 /* 135 vars */) = 0
1427428 openat(AT_FDCWD</tmp/kernel-audit2-v3r63b5w/\346\261\202\350\247\243\345\231\250>, "/etc/ld.so.cache", O_RDONLY|O_CLOEXEC) = 3</etc/ld.so.cache>
1427428 openat(AT_FDCWD</tmp/kernel-audit2-v3r63b5w/\346\261\202\350\247\243\345\231\250>, "/usr/lib/libcrypto.so.3", O_RDONLY|O_CLOEXEC) = 3</usr/lib/libcrypto.so.3>
1427428 openat(AT_FDCWD</tmp/kernel-audit2-v3r63b5w/\346\261\202\350\247\243\345\231\250>, "/usr/lib/libc.so.6", O_RDONLY|O_CLOEXEC) = 3</usr/lib/libc.so.6>
1427428 openat(AT_FDCWD</tmp/kernel-audit2-v3r63b5w/\346\261\202\350\247\243\345\231\250>, "/usr/lib/libz.so.1", O_RDONLY|O_CLOEXEC) = 3</usr/lib/libz.so.1.3.1.zlib-ng>
1427428 openat(AT_FDCWD</tmp/kernel-audit2-v3r63b5w/\346\261\202\350\247\243\345\231\250>, "/usr/lib/libbrotlienc.so.1", O_RDONLY|O_CLOEXEC) = 3</usr/lib/libbrotlienc.so.1.2.0>
1427428 openat(AT_FDCWD</tmp/kernel-audit2-v3r63b5w/\346\261\202\350\247\243\345\231\250>, "/usr/lib/libbrotlidec.so.1", O_RDONLY|O_CLOEXEC) = 3</usr/lib/libbrotlidec.so.1.2.0>
1427428 openat(AT_FDCWD</tmp/kernel-audit2-v3r63b5w/\346\261\202\350\247\243\345\231\250>, "/usr/lib/libzstd.so.1", O_RDONLY|O_CLOEXEC) = 3</usr/lib/libzstd.so.1.5.7>
1427428 openat(AT_FDCWD</tmp/kernel-audit2-v3r63b5w/\346\261\202\350\247\243\345\231\250>, "/usr/lib/libm.so.6", O_RDONLY|O_CLOEXEC) = 3</usr/lib/libm.so.6>
1427428 openat(AT_FDCWD</tmp/kernel-audit2-v3r63b5w/\346\261\202\350\247\243\345\231\250>, "/usr/lib/libbrotlicommon.so.1", O_RDONLY|O_CLOEXEC) = 3</usr/lib/libbrotlicommon.so.1.2.0>
1427428 openat(AT_FDCWD</tmp/kernel-audit2-v3r63b5w/\346\261\202\350\247\243\345\231\250>, "/usr/lib/locale/locale-archive", O_RDONLY|O_CLOEXEC) = 3</usr/lib/locale/locale-archive>
1427428 openat(AT_FDCWD</tmp/kernel-audit2-v3r63b5w/\346\261\202\350\247\243\345\231\250>, "/usr/share/locale/locale.alias", O_RDONLY|O_CLOEXEC) = 3</usr/share/locale/locale.alias>
1427428 openat(AT_FDCWD</tmp/kernel-audit2-v3r63b5w/\346\261\202\350\247\243\345\231\250>, "/usr/lib/locale/C.UTF-8/LC_IDENTIFICATION", O_RDONLY|O_CLOEXEC) = -1 ENOENT (No such file or directory)
1427428 openat(AT_FDCWD</tmp/kernel-audit2-v3r63b5w/\346\261\202\350\247\243\345\231\250>, "/usr/lib/locale/C.utf8/LC_IDENTIFICATION", O_RDONLY|O_CLOEXEC) = 3</usr/lib/locale/C.utf8/LC_IDENTIFICATION>
1427428 openat(AT_FDCWD</tmp/kernel-audit2-v3r63b5w/\346\261\202\350\247\243\345\231\250>, "/usr/lib/gconv/gconv-modules.cache", O_RDONLY|O_CLOEXEC) = 3</usr/lib/gconv/gconv-modules.cache>
1427428 openat(AT_FDCWD</tmp/kernel-audit2-v3r63b5w/\346\261\202\350\247\243\345\231\250>, "/usr/lib/locale/C.UTF-8/LC_MEASUREMENT", O_RDONLY|O_CLOEXEC) = -1 ENOENT (No such file or directory)
1427428 openat(AT_FDCWD</tmp/kernel-audit2-v3r63b5w/\346\261\202\350\247\243\345\231\250>, "/usr/lib/locale/C.utf8/LC_MEASUREMENT", O_RDONLY|O_CLOEXEC) = 3</usr/lib/locale/C.utf8/LC_MEASUREMENT>
1427428 openat(AT_FDCWD</tmp/kernel-audit2-v3r63b5w/\346\261\202\350\247\243\345\231\250>, "/usr/lib/locale/C.UTF-8/LC_TELEPHONE", O_RDONLY|O_CLOEXEC) = -1 ENOENT (No such file or directory)
1427428 openat(AT_FDCWD</tmp/kernel-audit2-v3r63b5w/\346\261\202\350\247\243\345\231\250>, "/usr/lib/locale/C.utf8/LC_TELEPHONE", O_RDONLY|O_CLOEXEC) = 3</usr/lib/locale/C.utf8/LC_TELEPHONE>
1427428 openat(AT_FDCWD</tmp/kernel-audit2-v3r63b5w/\346\261\202\350\247\243\345\231\250>, "/usr/lib/locale/C.UTF-8/LC_ADDRESS", O_RDONLY|O_CLOEXEC) = -1 ENOENT (No such file or directory)
1427428 openat(AT_FDCWD</tmp/kernel-audit2-v3r63b5w/\346\261\202\350\247\243\345\231\250>, "/usr/lib/locale/C.utf8/LC_ADDRESS", O_RDONLY|O_CLOEXEC) = 3</usr/lib/locale/C.utf8/LC_ADDRESS>
1427428 openat(AT_FDCWD</tmp/kernel-audit2-v3r63b5w/\346\261\202\350\247\243\345\231\250>, "/usr/lib/locale/C.UTF-8/LC_NAME", O_RDONLY|O_CLOEXEC) = -1 ENOENT (No such file or directory)
1427428 openat(AT_FDCWD</tmp/kernel-audit2-v3r63b5w/\346\261\202\350\247\243\345\231\250>, "/usr/lib/locale/C.utf8/LC_NAME", O_RDONLY|O_CLOEXEC) = 3</usr/lib/locale/C.utf8/LC_NAME>
1427428 openat(AT_FDCWD</tmp/kernel-audit2-v3r63b5w/\346\261\202\350\247\243\345\231\250>, "/usr/lib/locale/C.UTF-8/LC_PAPER", O_RDONLY|O_CLOEXEC) = -1 ENOENT (No such file or directory)
1427428 openat(AT_FDCWD</tmp/kernel-audit2-v3r63b5w/\346\261\202\350\247\243\345\231\250>, "/usr/lib/locale/C.utf8/LC_PAPER", O_RDONLY|O_CLOEXEC) = 3</usr/lib/locale/C.utf8/LC_PAPER>
1427428 openat(AT_FDCWD</tmp/kernel-audit2-v3r63b5w/\346\261\202\350\247\243\345\231\250>, "/usr/lib/locale/C.UTF-8/LC_MESSAGES", O_RDONLY|O_CLOEXEC) = -1 ENOENT (No such file or directory)
1427428 openat(AT_FDCWD</tmp/kernel-audit2-v3r63b5w/\346\261\202\350\247\243\345\231\250>, "/usr/lib/locale/C.utf8/LC_MESSAGES", O_RDONLY|O_CLOEXEC) = 3</usr/lib/locale/C.utf8/LC_MESSAGES>
1427428 openat(AT_FDCWD</tmp/kernel-audit2-v3r63b5w/\346\261\202\350\247\243\345\231\250>, "/usr/lib/locale/C.utf8/LC_MESSAGES/SYS_LC_MESSAGES", O_RDONLY|O_CLOEXEC) = 3</usr/lib/locale/C.utf8/LC_MESSAGES/SYS_LC_MESSAGES>
1427428 openat(AT_FDCWD</tmp/kernel-audit2-v3r63b5w/\346\261\202\350\247\243\345\231\250>, "/usr/lib/locale/C.UTF-8/LC_MONETARY", O_RDONLY|O_CLOEXEC) = -1 ENOENT (No such file or directory)
1427428 openat(AT_FDCWD</tmp/kernel-audit2-v3r63b5w/\346\261\202\350\247\243\345\231\250>, "/usr/lib/locale/C.utf8/LC_MONETARY", O_RDONLY|O_CLOEXEC) = 3</usr/lib/locale/C.utf8/LC_MONETARY>
1427428 openat(AT_FDCWD</tmp/kernel-audit2-v3r63b5w/\346\261\202\350\247\243\345\231\250>, "/usr/lib/locale/C.UTF-8/LC_COLLATE", O_RDONLY|O_CLOEXEC) = -1 ENOENT (No such file or directory)
1427428 openat(AT_FDCWD</tmp/kernel-audit2-v3r63b5w/\346\261\202\350\247\243\345\231\250>, "/usr/lib/locale/C.utf8/LC_COLLATE", O_RDONLY|O_CLOEXEC) = 3</usr/lib/locale/C.utf8/LC_COLLATE>
1427428 openat(AT_FDCWD</tmp/kernel-audit2-v3r63b5w/\346\261\202\350\247\243\345\231\250>, "/usr/lib/locale/C.UTF-8/LC_TIME", O_RDONLY|O_CLOEXEC) = -1 ENOENT (No such file or directory)
1427428 openat(AT_FDCWD</tmp/kernel-audit2-v3r63b5w/\346\261\202\350\247\243\345\231\250>, "/usr/lib/locale/C.utf8/LC_TIME", O_RDONLY|O_CLOEXEC) = 3</usr/lib/locale/C.utf8/LC_TIME>
1427428 openat(AT_FDCWD</tmp/kernel-audit2-v3r63b5w/\346\261\202\350\247\243\345\231\250>, "/usr/lib/locale/C.UTF-8/LC_NUMERIC", O_RDONLY|O_CLOEXEC) = -1 ENOENT (No such file or directory)
1427428 openat(AT_FDCWD</tmp/kernel-audit2-v3r63b5w/\346\261\202\350\247\243\345\231\250>, "/usr/lib/locale/C.utf8/LC_NUMERIC", O_RDONLY|O_CLOEXEC) = 3</usr/lib/locale/C.utf8/LC_NUMERIC>
1427428 openat(AT_FDCWD</tmp/kernel-audit2-v3r63b5w/\346\261\202\350\247\243\345\231\250>, "/usr/lib/locale/C.UTF-8/LC_CTYPE", O_RDONLY|O_CLOEXEC) = -1 ENOENT (No such file or directory)
1427428 openat(AT_FDCWD</tmp/kernel-audit2-v3r63b5w/\346\261\202\350\247\243\345\231\250>, "/usr/lib/locale/C.utf8/LC_CTYPE", O_RDONLY|O_CLOEXEC) = 3</usr/lib/locale/C.utf8/LC_CTYPE>
1427428 openat(AT_FDCWD</tmp/kernel-audit2-v3r63b5w/\346\261\202\350\247\243\345\231\250>, "/tmp/kernel-audit2-v3r63b5w/\346\261\202\350\247\243\345\231\250/crates/kernel/src/digest.rs", O_RDONLY) = 3</tmp/kernel-audit2-v3r63b5w/\346\261\202\350\247\243\345\231\250/crates/kernel/src/digest.rs>
1427354 --- SIGCHLD {si_signo=SIGCHLD, si_code=CLD_EXITED, si_pid=1427428, si_uid=1000, si_status=0, si_utime=0, si_stime=0} ---
1427354 openat(AT_FDCWD</tmp/kernel-audit2-v3r63b5w/\346\261\202\350\247\243\345\231\250>, "/dev/null", O_RDONLY|O_CLOEXEC) = 3</dev/null<char 1:3>>
1427429 execve("/home/zhuran24/.codex/tmp/arg0/codex-arg0DuAZRy/sha256sum", ["sha256sum", "--", "/tmp/kernel-audit2-v3r63b5w/\346\261\202\350\247\243\345\231\250/crates/kernel/src/seed.rs"], 0x7ffde62c4578 /* 135 vars */) = -1 ENOENT (No such file or directory)
1427429 execve("/home/zhuran24/.cargo/bin/sha256sum", ["sha256sum", "--", "/tmp/kernel-audit2-v3r63b5w/\346\261\202\350\247\243\345\231\250/crates/kernel/src/seed.rs"], 0x7ffde62c4578 /* 135 vars */) = -1 ENOENT (No such file or directory)
1427429 execve("/home/zhuran24/.local/bin/sha256sum", ["sha256sum", "--", "/tmp/kernel-audit2-v3r63b5w/\346\261\202\350\247\243\345\231\250/crates/kernel/src/seed.rs"], 0x7ffde62c4578 /* 135 vars */) = -1 ENOENT (No such file or directory)
1427429 execve("/home/zhuran24/.opencode/bin/sha256sum", ["sha256sum", "--", "/tmp/kernel-audit2-v3r63b5w/\346\261\202\350\247\243\345\231\250/crates/kernel/src/seed.rs"], 0x7ffde62c4578 /* 135 vars */) = -1 ENOENT (No such file or directory)
1427429 execve("/usr/local/bin/sha256sum", ["sha256sum", "--", "/tmp/kernel-audit2-v3r63b5w/\346\261\202\350\247\243\345\231\250/crates/kernel/src/seed.rs"], 0x7ffde62c4578 /* 135 vars */) = -1 ENOENT (No such file or directory)
1427429 execve("/usr/bin/sha256sum", ["sha256sum", "--", "/tmp/kernel-audit2-v3r63b5w/\346\261\202\350\247\243\345\231\250/crates/kernel/src/seed.rs"], 0x7ffde62c4578 /* 135 vars */) = 0
1427429 openat(AT_FDCWD</tmp/kernel-audit2-v3r63b5w/\346\261\202\350\247\243\345\231\250>, "/etc/ld.so.cache", O_RDONLY|O_CLOEXEC) = 3</etc/ld.so.cache>
1427429 openat(AT_FDCWD</tmp/kernel-audit2-v3r63b5w/\346\261\202\350\247\243\345\231\250>, "/usr/lib/libcrypto.so.3", O_RDONLY|O_CLOEXEC) = 3</usr/lib/libcrypto.so.3>
1427429 openat(AT_FDCWD</tmp/kernel-audit2-v3r63b5w/\346\261\202\350\247\243\345\231\250>, "/usr/lib/libc.so.6", O_RDONLY|O_CLOEXEC) = 3</usr/lib/libc.so.6>
1427429 openat(AT_FDCWD</tmp/kernel-audit2-v3r63b5w/\346\261\202\350\247\243\345\231\250>, "/usr/lib/libz.so.1", O_RDONLY|O_CLOEXEC) = 3</usr/lib/libz.so.1.3.1.zlib-ng>
1427429 openat(AT_FDCWD</tmp/kernel-audit2-v3r63b5w/\346\261\202\350\247\243\345\231\250>, "/usr/lib/libbrotlienc.so.1", O_RDONLY|O_CLOEXEC) = 3</usr/lib/libbrotlienc.so.1.2.0>
1427429 openat(AT_FDCWD</tmp/kernel-audit2-v3r63b5w/\346\261\202\350\247\243\345\231\250>, "/usr/lib/libbrotlidec.so.1", O_RDONLY|O_CLOEXEC) = 3</usr/lib/libbrotlidec.so.1.2.0>
1427429 openat(AT_FDCWD</tmp/kernel-audit2-v3r63b5w/\346\261\202\350\247\243\345\231\250>, "/usr/lib/libzstd.so.1", O_RDONLY|O_CLOEXEC) = 3</usr/lib/libzstd.so.1.5.7>
1427429 openat(AT_FDCWD</tmp/kernel-audit2-v3r63b5w/\346\261\202\350\247\243\345\231\250>, "/usr/lib/libm.so.6", O_RDONLY|O_CLOEXEC) = 3</usr/lib/libm.so.6>
1427429 openat(AT_FDCWD</tmp/kernel-audit2-v3r63b5w/\346\261\202\350\247\243\345\231\250>, "/usr/lib/libbrotlicommon.so.1", O_RDONLY|O_CLOEXEC) = 3</usr/lib/libbrotlicommon.so.1.2.0>
1427429 openat(AT_FDCWD</tmp/kernel-audit2-v3r63b5w/\346\261\202\350\247\243\345\231\250>, "/usr/lib/locale/locale-archive", O_RDONLY|O_CLOEXEC) = 3</usr/lib/locale/locale-archive>
1427429 openat(AT_FDCWD</tmp/kernel-audit2-v3r63b5w/\346\261\202\350\247\243\345\231\250>, "/usr/share/locale/locale.alias", O_RDONLY|O_CLOEXEC) = 3</usr/share/locale/locale.alias>
1427429 openat(AT_FDCWD</tmp/kernel-audit2-v3r63b5w/\346\261\202\350\247\243\345\231\250>, "/usr/lib/locale/C.UTF-8/LC_IDENTIFICATION", O_RDONLY|O_CLOEXEC) = -1 ENOENT (No such file or directory)
1427429 openat(AT_FDCWD</tmp/kernel-audit2-v3r63b5w/\346\261\202\350\247\243\345\231\250>, "/usr/lib/locale/C.utf8/LC_IDENTIFICATION", O_RDONLY|O_CLOEXEC) = 3</usr/lib/locale/C.utf8/LC_IDENTIFICATION>
1427429 openat(AT_FDCWD</tmp/kernel-audit2-v3r63b5w/\346\261\202\350\247\243\345\231\250>, "/usr/lib/gconv/gconv-modules.cache", O_RDONLY|O_CLOEXEC) = 3</usr/lib/gconv/gconv-modules.cache>
1427429 openat(AT_FDCWD</tmp/kernel-audit2-v3r63b5w/\346\261\202\350\247\243\345\231\250>, "/usr/lib/locale/C.UTF-8/LC_MEASUREMENT", O_RDONLY|O_CLOEXEC) = -1 ENOENT (No such file or directory)
1427429 openat(AT_FDCWD</tmp/kernel-audit2-v3r63b5w/\346\261\202\350\247\243\345\231\250>, "/usr/lib/locale/C.utf8/LC_MEASUREMENT", O_RDONLY|O_CLOEXEC) = 3</usr/lib/locale/C.utf8/LC_MEASUREMENT>
1427429 openat(AT_FDCWD</tmp/kernel-audit2-v3r63b5w/\346\261\202\350\247\243\345\231\250>, "/usr/lib/locale/C.UTF-8/LC_TELEPHONE", O_RDONLY|O_CLOEXEC) = -1 ENOENT (No such file or directory)
1427429 openat(AT_FDCWD</tmp/kernel-audit2-v3r63b5w/\346\261\202\350\247\243\345\231\250>, "/usr/lib/locale/C.utf8/LC_TELEPHONE", O_RDONLY|O_CLOEXEC) = 3</usr/lib/locale/C.utf8/LC_TELEPHONE>
1427429 openat(AT_FDCWD</tmp/kernel-audit2-v3r63b5w/\346\261\202\350\247\243\345\231\250>, "/usr/lib/locale/C.UTF-8/LC_ADDRESS", O_RDONLY|O_CLOEXEC) = -1 ENOENT (No such file or directory)
1427429 openat(AT_FDCWD</tmp/kernel-audit2-v3r63b5w/\346\261\202\350\247\243\345\231\250>, "/usr/lib/locale/C.utf8/LC_ADDRESS", O_RDONLY|O_CLOEXEC) = 3</usr/lib/locale/C.utf8/LC_ADDRESS>
1427429 openat(AT_FDCWD</tmp/kernel-audit2-v3r63b5w/\346\261\202\350\247\243\345\231\250>, "/usr/lib/locale/C.UTF-8/LC_NAME", O_RDONLY|O_CLOEXEC) = -1 ENOENT (No such file or directory)
1427429 openat(AT_FDCWD</tmp/kernel-audit2-v3r63b5w/\346\261\202\350\247\243\345\231\250>, "/usr/lib/locale/C.utf8/LC_NAME", O_RDONLY|O_CLOEXEC) = 3</usr/lib/locale/C.utf8/LC_NAME>
1427429 openat(AT_FDCWD</tmp/kernel-audit2-v3r63b5w/\346\261\202\350\247\243\345\231\250>, "/usr/lib/locale/C.UTF-8/LC_PAPER", O_RDONLY|O_CLOEXEC) = -1 ENOENT (No such file or directory)
1427429 openat(AT_FDCWD</tmp/kernel-audit2-v3r63b5w/\346\261\202\350\247\243\345\231\250>, "/usr/lib/locale/C.utf8/LC_PAPER", O_RDONLY|O_CLOEXEC) = 3</usr/lib/locale/C.utf8/LC_PAPER>
1427429 openat(AT_FDCWD</tmp/kernel-audit2-v3r63b5w/\346\261\202\350\247\243\345\231\250>, "/usr/lib/locale/C.UTF-8/LC_MESSAGES", O_RDONLY|O_CLOEXEC) = -1 ENOENT (No such file or directory)
1427429 openat(AT_FDCWD</tmp/kernel-audit2-v3r63b5w/\346\261\202\350\247\243\345\231\250>, "/usr/lib/locale/C.utf8/LC_MESSAGES", O_RDONLY|O_CLOEXEC) = 3</usr/lib/locale/C.utf8/LC_MESSAGES>
1427429 openat(AT_FDCWD</tmp/kernel-audit2-v3r63b5w/\346\261\202\350\247\243\345\231\250>, "/usr/lib/locale/C.utf8/LC_MESSAGES/SYS_LC_MESSAGES", O_RDONLY|O_CLOEXEC) = 3</usr/lib/locale/C.utf8/LC_MESSAGES/SYS_LC_MESSAGES>
1427429 openat(AT_FDCWD</tmp/kernel-audit2-v3r63b5w/\346\261\202\350\247\243\345\231\250>, "/usr/lib/locale/C.UTF-8/LC_MONETARY", O_RDONLY|O_CLOEXEC) = -1 ENOENT (No such file or directory)
1427429 openat(AT_FDCWD</tmp/kernel-audit2-v3r63b5w/\346\261\202\350\247\243\345\231\250>, "/usr/lib/locale/C.utf8/LC_MONETARY", O_RDONLY|O_CLOEXEC) = 3</usr/lib/locale/C.utf8/LC_MONETARY>
1427429 openat(AT_FDCWD</tmp/kernel-audit2-v3r63b5w/\346\261\202\350\247\243\345\231\250>, "/usr/lib/locale/C.UTF-8/LC_COLLATE", O_RDONLY|O_CLOEXEC) = -1 ENOENT (No such file or directory)
1427429 openat(AT_FDCWD</tmp/kernel-audit2-v3r63b5w/\346\261\202\350\247\243\345\231\250>, "/usr/lib/locale/C.utf8/LC_COLLATE", O_RDONLY|O_CLOEXEC) = 3</usr/lib/locale/C.utf8/LC_COLLATE>
1427429 openat(AT_FDCWD</tmp/kernel-audit2-v3r63b5w/\346\261\202\350\247\243\345\231\250>, "/usr/lib/locale/C.UTF-8/LC_TIME", O_RDONLY|O_CLOEXEC) = -1 ENOENT (No such file or directory)
1427429 openat(AT_FDCWD</tmp/kernel-audit2-v3r63b5w/\346\261\202\350\247\243\345\231\250>, "/usr/lib/locale/C.utf8/LC_TIME", O_RDONLY|O_CLOEXEC) = 3</usr/lib/locale/C.utf8/LC_TIME>
1427429 openat(AT_FDCWD</tmp/kernel-audit2-v3r63b5w/\346\261\202\350\247\243\345\231\250>, "/usr/lib/locale/C.UTF-8/LC_NUMERIC", O_RDONLY|O_CLOEXEC) = -1 ENOENT (No such file or directory)
1427429 openat(AT_FDCWD</tmp/kernel-audit2-v3r63b5w/\346\261\202\350\247\243\345\231\250>, "/usr/lib/locale/C.utf8/LC_NUMERIC", O_RDONLY|O_CLOEXEC) = 3</usr/lib/locale/C.utf8/LC_NUMERIC>
1427429 openat(AT_FDCWD</tmp/kernel-audit2-v3r63b5w/\346\261\202\350\247\243\345\231\250>, "/usr/lib/locale/C.UTF-8/LC_CTYPE", O_RDONLY|O_CLOEXEC) = -1 ENOENT (No such file or directory)
1427429 openat(AT_FDCWD</tmp/kernel-audit2-v3r63b5w/\346\261\202\350\247\243\345\231\250>, "/usr/lib/locale/C.utf8/LC_CTYPE", O_RDONLY|O_CLOEXEC) = 3</usr/lib/locale/C.utf8/LC_CTYPE>
1427429 openat(AT_FDCWD</tmp/kernel-audit2-v3r63b5w/\346\261\202\350\247\243\345\231\250>, "/tmp/kernel-audit2-v3r63b5w/\346\261\202\350\247\243\345\231\250/crates/kernel/src/seed.rs", O_RDONLY) = 3</tmp/kernel-audit2-v3r63b5w/\346\261\202\350\247\243\345\231\250/crates/kernel/src/seed.rs>
1427354 --- SIGCHLD {si_signo=SIGCHLD, si_code=CLD_EXITED, si_pid=1427429, si_uid=1000, si_status=0, si_utime=0, si_stime=0} ---
1427354 openat(AT_FDCWD</tmp/kernel-audit2-v3r63b5w/\346\261\202\350\247\243\345\231\250>, "/dev/null", O_RDONLY|O_CLOEXEC) = 3</dev/null<char 1:3>>
1427430 execve("/home/zhuran24/.codex/tmp/arg0/codex-arg0DuAZRy/sha256sum", ["sha256sum", "--", "/tmp/kernel-audit2-v3r63b5w/\346\261\202\350\247\243\345\231\250/crates/kernel/src/cache.rs"], 0x7ffde62c4578 /* 135 vars */) = -1 ENOENT (No such file or directory)
1427430 execve("/home/zhuran24/.cargo/bin/sha256sum", ["sha256sum", "--", "/tmp/kernel-audit2-v3r63b5w/\346\261\202\350\247\243\345\231\250/crates/kernel/src/cache.rs"], 0x7ffde62c4578 /* 135 vars */) = -1 ENOENT (No such file or directory)
1427430 execve("/home/zhuran24/.local/bin/sha256sum", ["sha256sum", "--", "/tmp/kernel-audit2-v3r63b5w/\346\261\202\350\247\243\345\231\250/crates/kernel/src/cache.rs"], 0x7ffde62c4578 /* 135 vars */) = -1 ENOENT (No such file or directory)
1427430 execve("/home/zhuran24/.opencode/bin/sha256sum", ["sha256sum", "--", "/tmp/kernel-audit2-v3r63b5w/\346\261\202\350\247\243\345\231\250/crates/kernel/src/cache.rs"], 0x7ffde62c4578 /* 135 vars */) = -1 ENOENT (No such file or directory)
1427430 execve("/usr/local/bin/sha256sum", ["sha256sum", "--", "/tmp/kernel-audit2-v3r63b5w/\346\261\202\350\247\243\345\231\250/crates/kernel/src/cache.rs"], 0x7ffde62c4578 /* 135 vars */) = -1 ENOENT (No such file or directory)
1427430 execve("/usr/bin/sha256sum", ["sha256sum", "--", "/tmp/kernel-audit2-v3r63b5w/\346\261\202\350\247\243\345\231\250/crates/kernel/src/cache.rs"], 0x7ffde62c4578 /* 135 vars */) = 0
1427430 openat(AT_FDCWD</tmp/kernel-audit2-v3r63b5w/\346\261\202\350\247\243\345\231\250>, "/etc/ld.so.cache", O_RDONLY|O_CLOEXEC) = 3</etc/ld.so.cache>
1427430 openat(AT_FDCWD</tmp/kernel-audit2-v3r63b5w/\346\261\202\350\247\243\345\231\250>, "/usr/lib/libcrypto.so.3", O_RDONLY|O_CLOEXEC) = 3</usr/lib/libcrypto.so.3>
1427430 openat(AT_FDCWD</tmp/kernel-audit2-v3r63b5w/\346\261\202\350\247\243\345\231\250>, "/usr/lib/libc.so.6", O_RDONLY|O_CLOEXEC) = 3</usr/lib/libc.so.6>
1427430 openat(AT_FDCWD</tmp/kernel-audit2-v3r63b5w/\346\261\202\350\247\243\345\231\250>, "/usr/lib/libz.so.1", O_RDONLY|O_CLOEXEC) = 3</usr/lib/libz.so.1.3.1.zlib-ng>
1427430 openat(AT_FDCWD</tmp/kernel-audit2-v3r63b5w/\346\261\202\350\247\243\345\231\250>, "/usr/lib/libbrotlienc.so.1", O_RDONLY|O_CLOEXEC) = 3</usr/lib/libbrotlienc.so.1.2.0>
1427430 openat(AT_FDCWD</tmp/kernel-audit2-v3r63b5w/\346\261\202\350\247\243\345\231\250>, "/usr/lib/libbrotlidec.so.1", O_RDONLY|O_CLOEXEC) = 3</usr/lib/libbrotlidec.so.1.2.0>
1427430 openat(AT_FDCWD</tmp/kernel-audit2-v3r63b5w/\346\261\202\350\247\243\345\231\250>, "/usr/lib/libzstd.so.1", O_RDONLY|O_CLOEXEC) = 3</usr/lib/libzstd.so.1.5.7>
1427430 openat(AT_FDCWD</tmp/kernel-audit2-v3r63b5w/\346\261\202\350\247\243\345\231\250>, "/usr/lib/libm.so.6", O_RDONLY|O_CLOEXEC) = 3</usr/lib/libm.so.6>
1427430 openat(AT_FDCWD</tmp/kernel-audit2-v3r63b5w/\346\261\202\350\247\243\345\231\250>, "/usr/lib/libbrotlicommon.so.1", O_RDONLY|O_CLOEXEC) = 3</usr/lib/libbrotlicommon.so.1.2.0>
1427430 openat(AT_FDCWD</tmp/kernel-audit2-v3r63b5w/\346\261\202\350\247\243\345\231\250>, "/usr/lib/locale/locale-archive", O_RDONLY|O_CLOEXEC) = 3</usr/lib/locale/locale-archive>
1427430 openat(AT_FDCWD</tmp/kernel-audit2-v3r63b5w/\346\261\202\350\247\243\345\231\250>, "/usr/share/locale/locale.alias", O_RDONLY|O_CLOEXEC) = 3</usr/share/locale/locale.alias>
1427430 openat(AT_FDCWD</tmp/kernel-audit2-v3r63b5w/\346\261\202\350\247\243\345\231\250>, "/usr/lib/locale/C.UTF-8/LC_IDENTIFICATION", O_RDONLY|O_CLOEXEC) = -1 ENOENT (No such file or directory)
1427430 openat(AT_FDCWD</tmp/kernel-audit2-v3r63b5w/\346\261\202\350\247\243\345\231\250>, "/usr/lib/locale/C.utf8/LC_IDENTIFICATION", O_RDONLY|O_CLOEXEC) = 3</usr/lib/locale/C.utf8/LC_IDENTIFICATION>
1427430 openat(AT_FDCWD</tmp/kernel-audit2-v3r63b5w/\346\261\202\350\247\243\345\231\250>, "/usr/lib/gconv/gconv-modules.cache", O_RDONLY|O_CLOEXEC) = 3</usr/lib/gconv/gconv-modules.cache>
1427430 openat(AT_FDCWD</tmp/kernel-audit2-v3r63b5w/\346\261\202\350\247\243\345\231\250>, "/usr/lib/locale/C.UTF-8/LC_MEASUREMENT", O_RDONLY|O_CLOEXEC) = -1 ENOENT (No such file or directory)
1427430 openat(AT_FDCWD</tmp/kernel-audit2-v3r63b5w/\346\261\202\350\247\243\345\231\250>, "/usr/lib/locale/C.utf8/LC_MEASUREMENT", O_RDONLY|O_CLOEXEC) = 3</usr/lib/locale/C.utf8/LC_MEASUREMENT>
1427430 openat(AT_FDCWD</tmp/kernel-audit2-v3r63b5w/\346\261\202\350\247\243\345\231\250>, "/usr/lib/locale/C.UTF-8/LC_TELEPHONE", O_RDONLY|O_CLOEXEC) = -1 ENOENT (No such file or directory)
1427430 openat(AT_FDCWD</tmp/kernel-audit2-v3r63b5w/\346\261\202\350\247\243\345\231\250>, "/usr/lib/locale/C.utf8/LC_TELEPHONE", O_RDONLY|O_CLOEXEC) = 3</usr/lib/locale/C.utf8/LC_TELEPHONE>
1427430 openat(AT_FDCWD</tmp/kernel-audit2-v3r63b5w/\346\261\202\350\247\243\345\231\250>, "/usr/lib/locale/C.UTF-8/LC_ADDRESS", O_RDONLY|O_CLOEXEC) = -1 ENOENT (No such file or directory)
1427430 openat(AT_FDCWD</tmp/kernel-audit2-v3r63b5w/\346\261\202\350\247\243\345\231\250>, "/usr/lib/locale/C.utf8/LC_ADDRESS", O_RDONLY|O_CLOEXEC) = 3</usr/lib/locale/C.utf8/LC_ADDRESS>
1427430 openat(AT_FDCWD</tmp/kernel-audit2-v3r63b5w/\346\261\202\350\247\243\345\231\250>, "/usr/lib/locale/C.UTF-8/LC_NAME", O_RDONLY|O_CLOEXEC) = -1 ENOENT (No such file or directory)
1427430 openat(AT_FDCWD</tmp/kernel-audit2-v3r63b5w/\346\261\202\350\247\243\345\231\250>, "/usr/lib/locale/C.utf8/LC_NAME", O_RDONLY|O_CLOEXEC) = 3</usr/lib/locale/C.utf8/LC_NAME>
1427430 openat(AT_FDCWD</tmp/kernel-audit2-v3r63b5w/\346\261\202\350\247\243\345\231\250>, "/usr/lib/locale/C.UTF-8/LC_PAPER", O_RDONLY|O_CLOEXEC) = -1 ENOENT (No such file or directory)
1427430 openat(AT_FDCWD</tmp/kernel-audit2-v3r63b5w/\346\261\202\350\247\243\345\231\250>, "/usr/lib/locale/C.utf8/LC_PAPER", O_RDONLY|O_CLOEXEC) = 3</usr/lib/locale/C.utf8/LC_PAPER>
1427430 openat(AT_FDCWD</tmp/kernel-audit2-v3r63b5w/\346\261\202\350\247\243\345\231\250>, "/usr/lib/locale/C.UTF-8/LC_MESSAGES", O_RDONLY|O_CLOEXEC) = -1 ENOENT (No such file or directory)
1427430 openat(AT_FDCWD</tmp/kernel-audit2-v3r63b5w/\346\261\202\350\247\243\345\231\250>, "/usr/lib/locale/C.utf8/LC_MESSAGES", O_RDONLY|O_CLOEXEC) = 3</usr/lib/locale/C.utf8/LC_MESSAGES>
1427430 openat(AT_FDCWD</tmp/kernel-audit2-v3r63b5w/\346\261\202\350\247\243\345\231\250>, "/usr/lib/locale/C.utf8/LC_MESSAGES/SYS_LC_MESSAGES", O_RDONLY|O_CLOEXEC) = 3</usr/lib/locale/C.utf8/LC_MESSAGES/SYS_LC_MESSAGES>
1427430 openat(AT_FDCWD</tmp/kernel-audit2-v3r63b5w/\346\261\202\350\247\243\345\231\250>, "/usr/lib/locale/C.UTF-8/LC_MONETARY", O_RDONLY|O_CLOEXEC) = -1 ENOENT (No such file or directory)
1427430 openat(AT_FDCWD</tmp/kernel-audit2-v3r63b5w/\346\261\202\350\247\243\345\231\250>, "/usr/lib/locale/C.utf8/LC_MONETARY", O_RDONLY|O_CLOEXEC) = 3</usr/lib/locale/C.utf8/LC_MONETARY>
1427430 openat(AT_FDCWD</tmp/kernel-audit2-v3r63b5w/\346\261\202\350\247\243\345\231\250>, "/usr/lib/locale/C.UTF-8/LC_COLLATE", O_RDONLY|O_CLOEXEC) = -1 ENOENT (No such file or directory)
1427430 openat(AT_FDCWD</tmp/kernel-audit2-v3r63b5w/\346\261\202\350\247\243\345\231\250>, "/usr/lib/locale/C.utf8/LC_COLLATE", O_RDONLY|O_CLOEXEC) = 3</usr/lib/locale/C.utf8/LC_COLLATE>
1427430 openat(AT_FDCWD</tmp/kernel-audit2-v3r63b5w/\346\261\202\350\247\243\345\231\250>, "/usr/lib/locale/C.UTF-8/LC_TIME", O_RDONLY|O_CLOEXEC) = -1 ENOENT (No such file or directory)
1427430 openat(AT_FDCWD</tmp/kernel-audit2-v3r63b5w/\346\261\202\350\247\243\345\231\250>, "/usr/lib/locale/C.utf8/LC_TIME", O_RDONLY|O_CLOEXEC) = 3</usr/lib/locale/C.utf8/LC_TIME>
1427430 openat(AT_FDCWD</tmp/kernel-audit2-v3r63b5w/\346\261\202\350\247\243\345\231\250>, "/usr/lib/locale/C.UTF-8/LC_NUMERIC", O_RDONLY|O_CLOEXEC) = -1 ENOENT (No such file or directory)
1427430 openat(AT_FDCWD</tmp/kernel-audit2-v3r63b5w/\346\261\202\350\247\243\345\231\250>, "/usr/lib/locale/C.utf8/LC_NUMERIC", O_RDONLY|O_CLOEXEC) = 3</usr/lib/locale/C.utf8/LC_NUMERIC>
1427430 openat(AT_FDCWD</tmp/kernel-audit2-v3r63b5w/\346\261\202\350\247\243\345\231\250>, "/usr/lib/locale/C.UTF-8/LC_CTYPE", O_RDONLY|O_CLOEXEC) = -1 ENOENT (No such file or directory)
1427430 openat(AT_FDCWD</tmp/kernel-audit2-v3r63b5w/\346\261\202\350\247\243\345\231\250>, "/usr/lib/locale/C.utf8/LC_CTYPE", O_RDONLY|O_CLOEXEC) = 3</usr/lib/locale/C.utf8/LC_CTYPE>
1427430 openat(AT_FDCWD</tmp/kernel-audit2-v3r63b5w/\346\261\202\350\247\243\345\231\250>, "/tmp/kernel-audit2-v3r63b5w/\346\261\202\350\247\243\345\231\250/crates/kernel/src/cache.rs", O_RDONLY) = 3</tmp/kernel-audit2-v3r63b5w/\346\261\202\350\247\243\345\231\250/crates/kernel/src/cache.rs>
1427354 --- SIGCHLD {si_signo=SIGCHLD, si_code=CLD_EXITED, si_pid=1427430, si_uid=1000, si_status=0, si_utime=0, si_stime=0} ---
1427354 openat(AT_FDCWD</tmp/kernel-audit2-v3r63b5w/\346\261\202\350\247\243\345\231\250>, "/dev/null", O_RDONLY|O_CLOEXEC) = 3</dev/null<char 1:3>>
1427431 execve("/home/zhuran24/.codex/tmp/arg0/codex-arg0DuAZRy/sha256sum", ["sha256sum", "--", "/tmp/kernel-audit2-v3r63b5w/\346\261\202\350\247\243\345\231\250/crates/kernel/src/lib.rs"], 0x7ffde62c4578 /* 135 vars */) = -1 ENOENT (No such file or directory)
1427431 execve("/home/zhuran24/.cargo/bin/sha256sum", ["sha256sum", "--", "/tmp/kernel-audit2-v3r63b5w/\346\261\202\350\247\243\345\231\250/crates/kernel/src/lib.rs"], 0x7ffde62c4578 /* 135 vars */) = -1 ENOENT (No such file or directory)
1427431 execve("/home/zhuran24/.local/bin/sha256sum", ["sha256sum", "--", "/tmp/kernel-audit2-v3r63b5w/\346\261\202\350\247\243\345\231\250/crates/kernel/src/lib.rs"], 0x7ffde62c4578 /* 135 vars */) = -1 ENOENT (No such file or directory)
1427431 execve("/home/zhuran24/.opencode/bin/sha256sum", ["sha256sum", "--", "/tmp/kernel-audit2-v3r63b5w/\346\261\202\350\247\243\345\231\250/crates/kernel/src/lib.rs"], 0x7ffde62c4578 /* 135 vars */) = -1 ENOENT (No such file or directory)
1427431 execve("/usr/local/bin/sha256sum", ["sha256sum", "--", "/tmp/kernel-audit2-v3r63b5w/\346\261\202\350\247\243\345\231\250/crates/kernel/src/lib.rs"], 0x7ffde62c4578 /* 135 vars */) = -1 ENOENT (No such file or directory)
1427431 execve("/usr/bin/sha256sum", ["sha256sum", "--", "/tmp/kernel-audit2-v3r63b5w/\346\261\202\350\247\243\345\231\250/crates/kernel/src/lib.rs"], 0x7ffde62c4578 /* 135 vars */) = 0
1427431 openat(AT_FDCWD</tmp/kernel-audit2-v3r63b5w/\346\261\202\350\247\243\345\231\250>, "/etc/ld.so.cache", O_RDONLY|O_CLOEXEC) = 3</etc/ld.so.cache>
1427431 openat(AT_FDCWD</tmp/kernel-audit2-v3r63b5w/\346\261\202\350\247\243\345\231\250>, "/usr/lib/libcrypto.so.3", O_RDONLY|O_CLOEXEC) = 3</usr/lib/libcrypto.so.3>
1427431 openat(AT_FDCWD</tmp/kernel-audit2-v3r63b5w/\346\261\202\350\247\243\345\231\250>, "/usr/lib/libc.so.6", O_RDONLY|O_CLOEXEC) = 3</usr/lib/libc.so.6>
1427431 openat(AT_FDCWD</tmp/kernel-audit2-v3r63b5w/\346\261\202\350\247\243\345\231\250>, "/usr/lib/libz.so.1", O_RDONLY|O_CLOEXEC) = 3</usr/lib/libz.so.1.3.1.zlib-ng>
1427431 openat(AT_FDCWD</tmp/kernel-audit2-v3r63b5w/\346\261\202\350\247\243\345\231\250>, "/usr/lib/libbrotlienc.so.1", O_RDONLY|O_CLOEXEC) = 3</usr/lib/libbrotlienc.so.1.2.0>
1427431 openat(AT_FDCWD</tmp/kernel-audit2-v3r63b5w/\346\261\202\350\247\243\345\231\250>, "/usr/lib/libbrotlidec.so.1", O_RDONLY|O_CLOEXEC) = 3</usr/lib/libbrotlidec.so.1.2.0>
1427431 openat(AT_FDCWD</tmp/kernel-audit2-v3r63b5w/\346\261\202\350\247\243\345\231\250>, "/usr/lib/libzstd.so.1", O_RDONLY|O_CLOEXEC) = 3</usr/lib/libzstd.so.1.5.7>
1427431 openat(AT_FDCWD</tmp/kernel-audit2-v3r63b5w/\346\261\202\350\247\243\345\231\250>, "/usr/lib/libm.so.6", O_RDONLY|O_CLOEXEC) = 3</usr/lib/libm.so.6>
1427431 openat(AT_FDCWD</tmp/kernel-audit2-v3r63b5w/\346\261\202\350\247\243\345\231\250>, "/usr/lib/libbrotlicommon.so.1", O_RDONLY|O_CLOEXEC) = 3</usr/lib/libbrotlicommon.so.1.2.0>
1427431 openat(AT_FDCWD</tmp/kernel-audit2-v3r63b5w/\346\261\202\350\247\243\345\231\250>, "/usr/lib/locale/locale-archive", O_RDONLY|O_CLOEXEC) = 3</usr/lib/locale/locale-archive>
1427431 openat(AT_FDCWD</tmp/kernel-audit2-v3r63b5w/\346\261\202\350\247\243\345\231\250>, "/usr/share/locale/locale.alias", O_RDONLY|O_CLOEXEC) = 3</usr/share/locale/locale.alias>
1427431 openat(AT_FDCWD</tmp/kernel-audit2-v3r63b5w/\346\261\202\350\247\243\345\231\250>, "/usr/lib/locale/C.UTF-8/LC_IDENTIFICATION", O_RDONLY|O_CLOEXEC) = -1 ENOENT (No such file or directory)
1427431 openat(AT_FDCWD</tmp/kernel-audit2-v3r63b5w/\346\261\202\350\247\243\345\231\250>, "/usr/lib/locale/C.utf8/LC_IDENTIFICATION", O_RDONLY|O_CLOEXEC) = 3</usr/lib/locale/C.utf8/LC_IDENTIFICATION>
1427431 openat(AT_FDCWD</tmp/kernel-audit2-v3r63b5w/\346\261\202\350\247\243\345\231\250>, "/usr/lib/gconv/gconv-modules.cache", O_RDONLY|O_CLOEXEC) = 3</usr/lib/gconv/gconv-modules.cache>
1427431 openat(AT_FDCWD</tmp/kernel-audit2-v3r63b5w/\346\261\202\350\247\243\345\231\250>, "/usr/lib/locale/C.UTF-8/LC_MEASUREMENT", O_RDONLY|O_CLOEXEC) = -1 ENOENT (No such file or directory)
1427431 openat(AT_FDCWD</tmp/kernel-audit2-v3r63b5w/\346\261\202\350\247\243\345\231\250>, "/usr/lib/locale/C.utf8/LC_MEASUREMENT", O_RDONLY|O_CLOEXEC) = 3</usr/lib/locale/C.utf8/LC_MEASUREMENT>
1427431 openat(AT_FDCWD</tmp/kernel-audit2-v3r63b5w/\346\261\202\350\247\243\345\231\250>, "/usr/lib/locale/C.UTF-8/LC_TELEPHONE", O_RDONLY|O_CLOEXEC) = -1 ENOENT (No such file or directory)
1427431 openat(AT_FDCWD</tmp/kernel-audit2-v3r63b5w/\346\261\202\350\247\243\345\231\250>, "/usr/lib/locale/C.utf8/LC_TELEPHONE", O_RDONLY|O_CLOEXEC) = 3</usr/lib/locale/C.utf8/LC_TELEPHONE>
1427431 openat(AT_FDCWD</tmp/kernel-audit2-v3r63b5w/\346\261\202\350\247\243\345\231\250>, "/usr/lib/locale/C.UTF-8/LC_ADDRESS", O_RDONLY|O_CLOEXEC) = -1 ENOENT (No such file or directory)
1427431 openat(AT_FDCWD</tmp/kernel-audit2-v3r63b5w/\346\261\202\350\247\243\345\231\250>, "/usr/lib/locale/C.utf8/LC_ADDRESS", O_RDONLY|O_CLOEXEC) = 3</usr/lib/locale/C.utf8/LC_ADDRESS>
1427431 openat(AT_FDCWD</tmp/kernel-audit2-v3r63b5w/\346\261\202\350\247\243\345\231\250>, "/usr/lib/locale/C.UTF-8/LC_NAME", O_RDONLY|O_CLOEXEC) = -1 ENOENT (No such file or directory)
1427431 openat(AT_FDCWD</tmp/kernel-audit2-v3r63b5w/\346\261\202\350\247\243\345\231\250>, "/usr/lib/locale/C.utf8/LC_NAME", O_RDONLY|O_CLOEXEC) = 3</usr/lib/locale/C.utf8/LC_NAME>
1427431 openat(AT_FDCWD</tmp/kernel-audit2-v3r63b5w/\346\261\202\350\247\243\345\231\250>, "/usr/lib/locale/C.UTF-8/LC_PAPER", O_RDONLY|O_CLOEXEC) = -1 ENOENT (No such file or directory)
1427431 openat(AT_FDCWD</tmp/kernel-audit2-v3r63b5w/\346\261\202\350\247\243\345\231\250>, "/usr/lib/locale/C.utf8/LC_PAPER", O_RDONLY|O_CLOEXEC) = 3</usr/lib/locale/C.utf8/LC_PAPER>
1427431 openat(AT_FDCWD</tmp/kernel-audit2-v3r63b5w/\346\261\202\350\247\243\345\231\250>, "/usr/lib/locale/C.UTF-8/LC_MESSAGES", O_RDONLY|O_CLOEXEC) = -1 ENOENT (No such file or directory)
1427431 openat(AT_FDCWD</tmp/kernel-audit2-v3r63b5w/\346\261\202\350\247\243\345\231\250>, "/usr/lib/locale/C.utf8/LC_MESSAGES", O_RDONLY|O_CLOEXEC) = 3</usr/lib/locale/C.utf8/LC_MESSAGES>
1427431 openat(AT_FDCWD</tmp/kernel-audit2-v3r63b5w/\346\261\202\350\247\243\345\231\250>, "/usr/lib/locale/C.utf8/LC_MESSAGES/SYS_LC_MESSAGES", O_RDONLY|O_CLOEXEC) = 3</usr/lib/locale/C.utf8/LC_MESSAGES/SYS_LC_MESSAGES>
1427431 openat(AT_FDCWD</tmp/kernel-audit2-v3r63b5w/\346\261\202\350\247\243\345\231\250>, "/usr/lib/locale/C.UTF-8/LC_MONETARY", O_RDONLY|O_CLOEXEC) = -1 ENOENT (No such file or directory)
1427431 openat(AT_FDCWD</tmp/kernel-audit2-v3r63b5w/\346\261\202\350\247\243\345\231\250>, "/usr/lib/locale/C.utf8/LC_MONETARY", O_RDONLY|O_CLOEXEC) = 3</usr/lib/locale/C.utf8/LC_MONETARY>
1427431 openat(AT_FDCWD</tmp/kernel-audit2-v3r63b5w/\346\261\202\350\247\243\345\231\250>, "/usr/lib/locale/C.UTF-8/LC_COLLATE", O_RDONLY|O_CLOEXEC) = -1 ENOENT (No such file or directory)
1427431 openat(AT_FDCWD</tmp/kernel-audit2-v3r63b5w/\346\261\202\350\247\243\345\231\250>, "/usr/lib/locale/C.utf8/LC_COLLATE", O_RDONLY|O_CLOEXEC) = 3</usr/lib/locale/C.utf8/LC_COLLATE>
1427431 openat(AT_FDCWD</tmp/kernel-audit2-v3r63b5w/\346\261\202\350\247\243\345\231\250>, "/usr/lib/locale/C.UTF-8/LC_TIME", O_RDONLY|O_CLOEXEC) = -1 ENOENT (No such file or directory)
1427431 openat(AT_FDCWD</tmp/kernel-audit2-v3r63b5w/\346\261\202\350\247\243\345\231\250>, "/usr/lib/locale/C.utf8/LC_TIME", O_RDONLY|O_CLOEXEC) = 3</usr/lib/locale/C.utf8/LC_TIME>
1427431 openat(AT_FDCWD</tmp/kernel-audit2-v3r63b5w/\346\261\202\350\247\243\345\231\250>, "/usr/lib/locale/C.UTF-8/LC_NUMERIC", O_RDONLY|O_CLOEXEC) = -1 ENOENT (No such file or directory)
1427431 openat(AT_FDCWD</tmp/kernel-audit2-v3r63b5w/\346\261\202\350\247\243\345\231\250>, "/usr/lib/locale/C.utf8/LC_NUMERIC", O_RDONLY|O_CLOEXEC) = 3</usr/lib/locale/C.utf8/LC_NUMERIC>
1427431 openat(AT_FDCWD</tmp/kernel-audit2-v3r63b5w/\346\261\202\350\247\243\345\231\250>, "/usr/lib/locale/C.UTF-8/LC_CTYPE", O_RDONLY|O_CLOEXEC) = -1 ENOENT (No such file or directory)
1427431 openat(AT_FDCWD</tmp/kernel-audit2-v3r63b5w/\346\261\202\350\247\243\345\231\250>, "/usr/lib/locale/C.utf8/LC_CTYPE", O_RDONLY|O_CLOEXEC) = 3</usr/lib/locale/C.utf8/LC_CTYPE>
1427431 openat(AT_FDCWD</tmp/kernel-audit2-v3r63b5w/\346\261\202\350\247\243\345\231\250>, "/tmp/kernel-audit2-v3r63b5w/\346\261\202\350\247\243\345\231\250/crates/kernel/src/lib.rs", O_RDONLY) = 3</tmp/kernel-audit2-v3r63b5w/\346\261\202\350\247\243\345\231\250/crates/kernel/src/lib.rs>
1427354 --- SIGCHLD {si_signo=SIGCHLD, si_code=CLD_EXITED, si_pid=1427431, si_uid=1000, si_status=0, si_utime=0, si_stime=0} ---
1427354 openat(AT_FDCWD</tmp/kernel-audit2-v3r63b5w/\346\261\202\350\247\243\345\231\250>, "/dev/null", O_RDONLY|O_CLOEXEC) = 3</dev/null<char 1:3>>
1427432 execve("/home/zhuran24/.codex/tmp/arg0/codex-arg0DuAZRy/sha256sum", ["sha256sum", "--", "/tmp/kernel-audit2-v3r63b5w/\346\261\202\350\247\243\345\231\250/crates/kernel/src/main.rs"], 0x7ffde62c4578 /* 135 vars */) = -1 ENOENT (No such file or directory)
1427432 execve("/home/zhuran24/.cargo/bin/sha256sum", ["sha256sum", "--", "/tmp/kernel-audit2-v3r63b5w/\346\261\202\350\247\243\345\231\250/crates/kernel/src/main.rs"], 0x7ffde62c4578 /* 135 vars */) = -1 ENOENT (No such file or directory)
1427432 execve("/home/zhuran24/.local/bin/sha256sum", ["sha256sum", "--", "/tmp/kernel-audit2-v3r63b5w/\346\261\202\350\247\243\345\231\250/crates/kernel/src/main.rs"], 0x7ffde62c4578 /* 135 vars */) = -1 ENOENT (No such file or directory)
1427432 execve("/home/zhuran24/.opencode/bin/sha256sum", ["sha256sum", "--", "/tmp/kernel-audit2-v3r63b5w/\346\261\202\350\247\243\345\231\250/crates/kernel/src/main.rs"], 0x7ffde62c4578 /* 135 vars */) = -1 ENOENT (No such file or directory)
1427432 execve("/usr/local/bin/sha256sum", ["sha256sum", "--", "/tmp/kernel-audit2-v3r63b5w/\346\261\202\350\247\243\345\231\250/crates/kernel/src/main.rs"], 0x7ffde62c4578 /* 135 vars */) = -1 ENOENT (No such file or directory)
1427432 execve("/usr/bin/sha256sum", ["sha256sum", "--", "/tmp/kernel-audit2-v3r63b5w/\346\261\202\350\247\243\345\231\250/crates/kernel/src/main.rs"], 0x7ffde62c4578 /* 135 vars */) = 0
1427432 openat(AT_FDCWD</tmp/kernel-audit2-v3r63b5w/\346\261\202\350\247\243\345\231\250>, "/etc/ld.so.cache", O_RDONLY|O_CLOEXEC) = 3</etc/ld.so.cache>
1427432 openat(AT_FDCWD</tmp/kernel-audit2-v3r63b5w/\346\261\202\350\247\243\345\231\250>, "/usr/lib/libcrypto.so.3", O_RDONLY|O_CLOEXEC) = 3</usr/lib/libcrypto.so.3>
1427432 openat(AT_FDCWD</tmp/kernel-audit2-v3r63b5w/\346\261\202\350\247\243\345\231\250>, "/usr/lib/libc.so.6", O_RDONLY|O_CLOEXEC) = 3</usr/lib/libc.so.6>
1427432 openat(AT_FDCWD</tmp/kernel-audit2-v3r63b5w/\346\261\202\350\247\243\345\231\250>, "/usr/lib/libz.so.1", O_RDONLY|O_CLOEXEC) = 3</usr/lib/libz.so.1.3.1.zlib-ng>
1427432 openat(AT_FDCWD</tmp/kernel-audit2-v3r63b5w/\346\261\202\350\247\243\345\231\250>, "/usr/lib/libbrotlienc.so.1", O_RDONLY|O_CLOEXEC) = 3</usr/lib/libbrotlienc.so.1.2.0>
1427432 openat(AT_FDCWD</tmp/kernel-audit2-v3r63b5w/\346\261\202\350\247\243\345\231\250>, "/usr/lib/libbrotlidec.so.1", O_RDONLY|O_CLOEXEC) = 3</usr/lib/libbrotlidec.so.1.2.0>
1427432 openat(AT_FDCWD</tmp/kernel-audit2-v3r63b5w/\346\261\202\350\247\243\345\231\250>, "/usr/lib/libzstd.so.1", O_RDONLY|O_CLOEXEC) = 3</usr/lib/libzstd.so.1.5.7>
1427432 openat(AT_FDCWD</tmp/kernel-audit2-v3r63b5w/\346\261\202\350\247\243\345\231\250>, "/usr/lib/libm.so.6", O_RDONLY|O_CLOEXEC) = 3</usr/lib/libm.so.6>
1427432 openat(AT_FDCWD</tmp/kernel-audit2-v3r63b5w/\346\261\202\350\247\243\345\231\250>, "/usr/lib/libbrotlicommon.so.1", O_RDONLY|O_CLOEXEC) = 3</usr/lib/libbrotlicommon.so.1.2.0>
1427432 openat(AT_FDCWD</tmp/kernel-audit2-v3r63b5w/\346\261\202\350\247\243\345\231\250>, "/usr/lib/locale/locale-archive", O_RDONLY|O_CLOEXEC) = 3</usr/lib/locale/locale-archive>
1427432 openat(AT_FDCWD</tmp/kernel-audit2-v3r63b5w/\346\261\202\350\247\243\345\231\250>, "/usr/share/locale/locale.alias", O_RDONLY|O_CLOEXEC) = 3</usr/share/locale/locale.alias>
1427432 openat(AT_FDCWD</tmp/kernel-audit2-v3r63b5w/\346\261\202\350\247\243\345\231\250>, "/usr/lib/locale/C.UTF-8/LC_IDENTIFICATION", O_RDONLY|O_CLOEXEC) = -1 ENOENT (No such file or directory)
1427432 openat(AT_FDCWD</tmp/kernel-audit2-v3r63b5w/\346\261\202\350\247\243\345\231\250>, "/usr/lib/locale/C.utf8/LC_IDENTIFICATION", O_RDONLY|O_CLOEXEC) = 3</usr/lib/locale/C.utf8/LC_IDENTIFICATION>
1427432 openat(AT_FDCWD</tmp/kernel-audit2-v3r63b5w/\346\261\202\350\247\243\345\231\250>, "/usr/lib/gconv/gconv-modules.cache", O_RDONLY|O_CLOEXEC) = 3</usr/lib/gconv/gconv-modules.cache>
1427432 openat(AT_FDCWD</tmp/kernel-audit2-v3r63b5w/\346\261\202\350\247\243\345\231\250>, "/usr/lib/locale/C.UTF-8/LC_MEASUREMENT", O_RDONLY|O_CLOEXEC) = -1 ENOENT (No such file or directory)
1427432 openat(AT_FDCWD</tmp/kernel-audit2-v3r63b5w/\346\261\202\350\247\243\345\231\250>, "/usr/lib/locale/C.utf8/LC_MEASUREMENT", O_RDONLY|O_CLOEXEC) = 3</usr/lib/locale/C.utf8/LC_MEASUREMENT>
1427432 openat(AT_FDCWD</tmp/kernel-audit2-v3r63b5w/\346\261\202\350\247\243\345\231\250>, "/usr/lib/locale/C.UTF-8/LC_TELEPHONE", O_RDONLY|O_CLOEXEC) = -1 ENOENT (No such file or directory)
1427432 openat(AT_FDCWD</tmp/kernel-audit2-v3r63b5w/\346\261\202\350\247\243\345\231\250>, "/usr/lib/locale/C.utf8/LC_TELEPHONE", O_RDONLY|O_CLOEXEC) = 3</usr/lib/locale/C.utf8/LC_TELEPHONE>
1427432 openat(AT_FDCWD</tmp/kernel-audit2-v3r63b5w/\346\261\202\350\247\243\345\231\250>, "/usr/lib/locale/C.UTF-8/LC_ADDRESS", O_RDONLY|O_CLOEXEC) = -1 ENOENT (No such file or directory)
1427432 openat(AT_FDCWD</tmp/kernel-audit2-v3r63b5w/\346\261\202\350\247\243\345\231\250>, "/usr/lib/locale/C.utf8/LC_ADDRESS", O_RDONLY|O_CLOEXEC) = 3</usr/lib/locale/C.utf8/LC_ADDRESS>
1427432 openat(AT_FDCWD</tmp/kernel-audit2-v3r63b5w/\346\261\202\350\247\243\345\231\250>, "/usr/lib/locale/C.UTF-8/LC_NAME", O_RDONLY|O_CLOEXEC) = -1 ENOENT (No such file or directory)
1427432 openat(AT_FDCWD</tmp/kernel-audit2-v3r63b5w/\346\261\202\350\247\243\345\231\250>, "/usr/lib/locale/C.utf8/LC_NAME", O_RDONLY|O_CLOEXEC) = 3</usr/lib/locale/C.utf8/LC_NAME>
1427432 openat(AT_FDCWD</tmp/kernel-audit2-v3r63b5w/\346\261\202\350\247\243\345\231\250>, "/usr/lib/locale/C.UTF-8/LC_PAPER", O_RDONLY|O_CLOEXEC) = -1 ENOENT (No such file or directory)
1427432 openat(AT_FDCWD</tmp/kernel-audit2-v3r63b5w/\346\261\202\350\247\243\345\231\250>, "/usr/lib/locale/C.utf8/LC_PAPER", O_RDONLY|O_CLOEXEC) = 3</usr/lib/locale/C.utf8/LC_PAPER>
1427432 openat(AT_FDCWD</tmp/kernel-audit2-v3r63b5w/\346\261\202\350\247\243\345\231\250>, "/usr/lib/locale/C.UTF-8/LC_MESSAGES", O_RDONLY|O_CLOEXEC) = -1 ENOENT (No such file or directory)
1427432 openat(AT_FDCWD</tmp/kernel-audit2-v3r63b5w/\346\261\202\350\247\243\345\231\250>, "/usr/lib/locale/C.utf8/LC_MESSAGES", O_RDONLY|O_CLOEXEC) = 3</usr/lib/locale/C.utf8/LC_MESSAGES>
1427432 openat(AT_FDCWD</tmp/kernel-audit2-v3r63b5w/\346\261\202\350\247\243\345\231\250>, "/usr/lib/locale/C.utf8/LC_MESSAGES/SYS_LC_MESSAGES", O_RDONLY|O_CLOEXEC) = 3</usr/lib/locale/C.utf8/LC_MESSAGES/SYS_LC_MESSAGES>
1427432 openat(AT_FDCWD</tmp/kernel-audit2-v3r63b5w/\346\261\202\350\247\243\345\231\250>, "/usr/lib/locale/C.UTF-8/LC_MONETARY", O_RDONLY|O_CLOEXEC) = -1 ENOENT (No such file or directory)
1427432 openat(AT_FDCWD</tmp/kernel-audit2-v3r63b5w/\346\261\202\350\247\243\345\231\250>, "/usr/lib/locale/C.utf8/LC_MONETARY", O_RDONLY|O_CLOEXEC) = 3</usr/lib/locale/C.utf8/LC_MONETARY>
1427432 openat(AT_FDCWD</tmp/kernel-audit2-v3r63b5w/\346\261\202\350\247\243\345\231\250>, "/usr/lib/locale/C.UTF-8/LC_COLLATE", O_RDONLY|O_CLOEXEC) = -1 ENOENT (No such file or directory)
1427432 openat(AT_FDCWD</tmp/kernel-audit2-v3r63b5w/\346\261\202\350\247\243\345\231\250>, "/usr/lib/locale/C.utf8/LC_COLLATE", O_RDONLY|O_CLOEXEC) = 3</usr/lib/locale/C.utf8/LC_COLLATE>
1427432 openat(AT_FDCWD</tmp/kernel-audit2-v3r63b5w/\346\261\202\350\247\243\345\231\250>, "/usr/lib/locale/C.UTF-8/LC_TIME", O_RDONLY|O_CLOEXEC) = -1 ENOENT (No such file or directory)
1427432 openat(AT_FDCWD</tmp/kernel-audit2-v3r63b5w/\346\261\202\350\247\243\345\231\250>, "/usr/lib/locale/C.utf8/LC_TIME", O_RDONLY|O_CLOEXEC) = 3</usr/lib/locale/C.utf8/LC_TIME>
1427432 openat(AT_FDCWD</tmp/kernel-audit2-v3r63b5w/\346\261\202\350\247\243\345\231\250>, "/usr/lib/locale/C.UTF-8/LC_NUMERIC", O_RDONLY|O_CLOEXEC) = -1 ENOENT (No such file or directory)
1427432 openat(AT_FDCWD</tmp/kernel-audit2-v3r63b5w/\346\261\202\350\247\243\345\231\250>, "/usr/lib/locale/C.utf8/LC_NUMERIC", O_RDONLY|O_CLOEXEC) = 3</usr/lib/locale/C.utf8/LC_NUMERIC>
1427432 openat(AT_FDCWD</tmp/kernel-audit2-v3r63b5w/\346\261\202\350\247\243\345\231\250>, "/usr/lib/locale/C.UTF-8/LC_CTYPE", O_RDONLY|O_CLOEXEC) = -1 ENOENT (No such file or directory)
1427432 openat(AT_FDCWD</tmp/kernel-audit2-v3r63b5w/\346\261\202\350\247\243\345\231\250>, "/usr/lib/locale/C.utf8/LC_CTYPE", O_RDONLY|O_CLOEXEC) = 3</usr/lib/locale/C.utf8/LC_CTYPE>
1427432 openat(AT_FDCWD</tmp/kernel-audit2-v3r63b5w/\346\261\202\350\247\243\345\231\250>, "/tmp/kernel-audit2-v3r63b5w/\346\261\202\350\247\243\345\231\250/crates/kernel/src/main.rs", O_RDONLY) = 3</tmp/kernel-audit2-v3r63b5w/\346\261\202\350\247\243\345\231\250/crates/kernel/src/main.rs>
1427354 --- SIGCHLD {si_signo=SIGCHLD, si_code=CLD_EXITED, si_pid=1427432, si_uid=1000, si_status=0, si_utime=0, si_stime=0} ---
1427354 openat(AT_FDCWD</tmp/kernel-audit2-v3r63b5w/\346\261\202\350\247\243\345\231\250>, "/dev/null", O_RDONLY|O_CLOEXEC) = 3</dev/null<char 1:3>>
1427433 execve("/home/zhuran24/.codex/tmp/arg0/codex-arg0DuAZRy/sha256sum", ["sha256sum", "--", "/tmp/kernel-audit2-v3r63b5w/\346\261\202\350\247\243\345\231\250/Cargo.toml"], 0x7ffde62c4578 /* 135 vars */) = -1 ENOENT (No such file or directory)
1427433 execve("/home/zhuran24/.cargo/bin/sha256sum", ["sha256sum", "--", "/tmp/kernel-audit2-v3r63b5w/\346\261\202\350\247\243\345\231\250/Cargo.toml"], 0x7ffde62c4578 /* 135 vars */) = -1 ENOENT (No such file or directory)
1427433 execve("/home/zhuran24/.local/bin/sha256sum", ["sha256sum", "--", "/tmp/kernel-audit2-v3r63b5w/\346\261\202\350\247\243\345\231\250/Cargo.toml"], 0x7ffde62c4578 /* 135 vars */) = -1 ENOENT (No such file or directory)
1427433 execve("/home/zhuran24/.opencode/bin/sha256sum", ["sha256sum", "--", "/tmp/kernel-audit2-v3r63b5w/\346\261\202\350\247\243\345\231\250/Cargo.toml"], 0x7ffde62c4578 /* 135 vars */) = -1 ENOENT (No such file or directory)
1427433 execve("/usr/local/bin/sha256sum", ["sha256sum", "--", "/tmp/kernel-audit2-v3r63b5w/\346\261\202\350\247\243\345\231\250/Cargo.toml"], 0x7ffde62c4578 /* 135 vars */) = -1 ENOENT (No such file or directory)
1427433 execve("/usr/bin/sha256sum", ["sha256sum", "--", "/tmp/kernel-audit2-v3r63b5w/\346\261\202\350\247\243\345\231\250/Cargo.toml"], 0x7ffde62c4578 /* 135 vars */) = 0
1427433 openat(AT_FDCWD</tmp/kernel-audit2-v3r63b5w/\346\261\202\350\247\243\345\231\250>, "/etc/ld.so.cache", O_RDONLY|O_CLOEXEC) = 3</etc/ld.so.cache>
1427433 openat(AT_FDCWD</tmp/kernel-audit2-v3r63b5w/\346\261\202\350\247\243\345\231\250>, "/usr/lib/libcrypto.so.3", O_RDONLY|O_CLOEXEC) = 3</usr/lib/libcrypto.so.3>
1427433 openat(AT_FDCWD</tmp/kernel-audit2-v3r63b5w/\346\261\202\350\247\243\345\231\250>, "/usr/lib/libc.so.6", O_RDONLY|O_CLOEXEC) = 3</usr/lib/libc.so.6>
1427433 openat(AT_FDCWD</tmp/kernel-audit2-v3r63b5w/\346\261\202\350\247\243\345\231\250>, "/usr/lib/libz.so.1", O_RDONLY|O_CLOEXEC) = 3</usr/lib/libz.so.1.3.1.zlib-ng>
1427433 openat(AT_FDCWD</tmp/kernel-audit2-v3r63b5w/\346\261\202\350\247\243\345\231\250>, "/usr/lib/libbrotlienc.so.1", O_RDONLY|O_CLOEXEC) = 3</usr/lib/libbrotlienc.so.1.2.0>
1427433 openat(AT_FDCWD</tmp/kernel-audit2-v3r63b5w/\346\261\202\350\247\243\345\231\250>, "/usr/lib/libbrotlidec.so.1", O_RDONLY|O_CLOEXEC) = 3</usr/lib/libbrotlidec.so.1.2.0>
1427433 openat(AT_FDCWD</tmp/kernel-audit2-v3r63b5w/\346\261\202\350\247\243\345\231\250>, "/usr/lib/libzstd.so.1", O_RDONLY|O_CLOEXEC) = 3</usr/lib/libzstd.so.1.5.7>
1427433 openat(AT_FDCWD</tmp/kernel-audit2-v3r63b5w/\346\261\202\350\247\243\345\231\250>, "/usr/lib/libm.so.6", O_RDONLY|O_CLOEXEC) = 3</usr/lib/libm.so.6>
1427433 openat(AT_FDCWD</tmp/kernel-audit2-v3r63b5w/\346\261\202\350\247\243\345\231\250>, "/usr/lib/libbrotlicommon.so.1", O_RDONLY|O_CLOEXEC) = 3</usr/lib/libbrotlicommon.so.1.2.0>
1427433 openat(AT_FDCWD</tmp/kernel-audit2-v3r63b5w/\346\261\202\350\247\243\345\231\250>, "/usr/lib/locale/locale-archive", O_RDONLY|O_CLOEXEC) = 3</usr/lib/locale/locale-archive>
1427433 openat(AT_FDCWD</tmp/kernel-audit2-v3r63b5w/\346\261\202\350\247\243\345\231\250>, "/usr/share/locale/locale.alias", O_RDONLY|O_CLOEXEC) = 3</usr/share/locale/locale.alias>
1427433 openat(AT_FDCWD</tmp/kernel-audit2-v3r63b5w/\346\261\202\350\247\243\345\231\250>, "/usr/lib/locale/C.UTF-8/LC_IDENTIFICATION", O_RDONLY|O_CLOEXEC) = -1 ENOENT (No such file or directory)
1427433 openat(AT_FDCWD</tmp/kernel-audit2-v3r63b5w/\346\261\202\350\247\243\345\231\250>, "/usr/lib/locale/C.utf8/LC_IDENTIFICATION", O_RDONLY|O_CLOEXEC) = 3</usr/lib/locale/C.utf8/LC_IDENTIFICATION>
1427433 openat(AT_FDCWD</tmp/kernel-audit2-v3r63b5w/\346\261\202\350\247\243\345\231\250>, "/usr/lib/gconv/gconv-modules.cache", O_RDONLY|O_CLOEXEC) = 3</usr/lib/gconv/gconv-modules.cache>
1427433 openat(AT_FDCWD</tmp/kernel-audit2-v3r63b5w/\346\261\202\350\247\243\345\231\250>, "/usr/lib/locale/C.UTF-8/LC_MEASUREMENT", O_RDONLY|O_CLOEXEC) = -1 ENOENT (No such file or directory)
1427433 openat(AT_FDCWD</tmp/kernel-audit2-v3r63b5w/\346\261\202\350\247\243\345\231\250>, "/usr/lib/locale/C.utf8/LC_MEASUREMENT", O_RDONLY|O_CLOEXEC) = 3</usr/lib/locale/C.utf8/LC_MEASUREMENT>
1427433 openat(AT_FDCWD</tmp/kernel-audit2-v3r63b5w/\346\261\202\350\247\243\345\231\250>, "/usr/lib/locale/C.UTF-8/LC_TELEPHONE", O_RDONLY|O_CLOEXEC) = -1 ENOENT (No such file or directory)
1427433 openat(AT_FDCWD</tmp/kernel-audit2-v3r63b5w/\346\261\202\350\247\243\345\231\250>, "/usr/lib/locale/C.utf8/LC_TELEPHONE", O_RDONLY|O_CLOEXEC) = 3</usr/lib/locale/C.utf8/LC_TELEPHONE>
1427433 openat(AT_FDCWD</tmp/kernel-audit2-v3r63b5w/\346\261\202\350\247\243\345\231\250>, "/usr/lib/locale/C.UTF-8/LC_ADDRESS", O_RDONLY|O_CLOEXEC) = -1 ENOENT (No such file or directory)
1427433 openat(AT_FDCWD</tmp/kernel-audit2-v3r63b5w/\346\261\202\350\247\243\345\231\250>, "/usr/lib/locale/C.utf8/LC_ADDRESS", O_RDONLY|O_CLOEXEC) = 3</usr/lib/locale/C.utf8/LC_ADDRESS>
1427433 openat(AT_FDCWD</tmp/kernel-audit2-v3r63b5w/\346\261\202\350\247\243\345\231\250>, "/usr/lib/locale/C.UTF-8/LC_NAME", O_RDONLY|O_CLOEXEC) = -1 ENOENT (No such file or directory)
1427433 openat(AT_FDCWD</tmp/kernel-audit2-v3r63b5w/\346\261\202\350\247\243\345\231\250>, "/usr/lib/locale/C.utf8/LC_NAME", O_RDONLY|O_CLOEXEC) = 3</usr/lib/locale/C.utf8/LC_NAME>
1427433 openat(AT_FDCWD</tmp/kernel-audit2-v3r63b5w/\346\261\202\350\247\243\345\231\250>, "/usr/lib/locale/C.UTF-8/LC_PAPER", O_RDONLY|O_CLOEXEC) = -1 ENOENT (No such file or directory)
1427433 openat(AT_FDCWD</tmp/kernel-audit2-v3r63b5w/\346\261\202\350\247\243\345\231\250>, "/usr/lib/locale/C.utf8/LC_PAPER", O_RDONLY|O_CLOEXEC) = 3</usr/lib/locale/C.utf8/LC_PAPER>
1427433 openat(AT_FDCWD</tmp/kernel-audit2-v3r63b5w/\346\261\202\350\247\243\345\231\250>, "/usr/lib/locale/C.UTF-8/LC_MESSAGES", O_RDONLY|O_CLOEXEC) = -1 ENOENT (No such file or directory)
1427433 openat(AT_FDCWD</tmp/kernel-audit2-v3r63b5w/\346\261\202\350\247\243\345\231\250>, "/usr/lib/locale/C.utf8/LC_MESSAGES", O_RDONLY|O_CLOEXEC) = 3</usr/lib/locale/C.utf8/LC_MESSAGES>
1427433 openat(AT_FDCWD</tmp/kernel-audit2-v3r63b5w/\346\261\202\350\247\243\345\231\250>, "/usr/lib/locale/C.utf8/LC_MESSAGES/SYS_LC_MESSAGES", O_RDONLY|O_CLOEXEC) = 3</usr/lib/locale/C.utf8/LC_MESSAGES/SYS_LC_MESSAGES>
1427433 openat(AT_FDCWD</tmp/kernel-audit2-v3r63b5w/\346\261\202\350\247\243\345\231\250>, "/usr/lib/locale/C.UTF-8/LC_MONETARY", O_RDONLY|O_CLOEXEC) = -1 ENOENT (No such file or directory)
1427433 openat(AT_FDCWD</tmp/kernel-audit2-v3r63b5w/\346\261\202\350\247\243\345\231\250>, "/usr/lib/locale/C.utf8/LC_MONETARY", O_RDONLY|O_CLOEXEC) = 3</usr/lib/locale/C.utf8/LC_MONETARY>
1427433 openat(AT_FDCWD</tmp/kernel-audit2-v3r63b5w/\346\261\202\350\247\243\345\231\250>, "/usr/lib/locale/C.UTF-8/LC_COLLATE", O_RDONLY|O_CLOEXEC) = -1 ENOENT (No such file or directory)
1427433 openat(AT_FDCWD</tmp/kernel-audit2-v3r63b5w/\346\261\202\350\247\243\345\231\250>, "/usr/lib/locale/C.utf8/LC_COLLATE", O_RDONLY|O_CLOEXEC) = 3</usr/lib/locale/C.utf8/LC_COLLATE>
1427433 openat(AT_FDCWD</tmp/kernel-audit2-v3r63b5w/\346\261\202\350\247\243\345\231\250>, "/usr/lib/locale/C.UTF-8/LC_TIME", O_RDONLY|O_CLOEXEC) = -1 ENOENT (No such file or directory)
1427433 openat(AT_FDCWD</tmp/kernel-audit2-v3r63b5w/\346\261\202\350\247\243\345\231\250>, "/usr/lib/locale/C.utf8/LC_TIME", O_RDONLY|O_CLOEXEC) = 3</usr/lib/locale/C.utf8/LC_TIME>
1427433 openat(AT_FDCWD</tmp/kernel-audit2-v3r63b5w/\346\261\202\350\247\243\345\231\250>, "/usr/lib/locale/C.UTF-8/LC_NUMERIC", O_RDONLY|O_CLOEXEC) = -1 ENOENT (No such file or directory)
1427433 openat(AT_FDCWD</tmp/kernel-audit2-v3r63b5w/\346\261\202\350\247\243\345\231\250>, "/usr/lib/locale/C.utf8/LC_NUMERIC", O_RDONLY|O_CLOEXEC) = 3</usr/lib/locale/C.utf8/LC_NUMERIC>
1427433 openat(AT_FDCWD</tmp/kernel-audit2-v3r63b5w/\346\261\202\350\247\243\345\231\250>, "/usr/lib/locale/C.UTF-8/LC_CTYPE", O_RDONLY|O_CLOEXEC) = -1 ENOENT (No such file or directory)
1427433 openat(AT_FDCWD</tmp/kernel-audit2-v3r63b5w/\346\261\202\350\247\243\345\231\250>, "/usr/lib/locale/C.utf8/LC_CTYPE", O_RDONLY|O_CLOEXEC) = 3</usr/lib/locale/C.utf8/LC_CTYPE>
1427433 openat(AT_FDCWD</tmp/kernel-audit2-v3r63b5w/\346\261\202\350\247\243\345\231\250>, "/tmp/kernel-audit2-v3r63b5w/\346\261\202\350\247\243\345\231\250/Cargo.toml", O_RDONLY) = 3</tmp/kernel-audit2-v3r63b5w/\346\261\202\350\247\243\345\231\250/Cargo.toml>
1427354 --- SIGCHLD {si_signo=SIGCHLD, si_code=CLD_EXITED, si_pid=1427433, si_uid=1000, si_status=0, si_utime=0, si_stime=0} ---
1427354 openat(AT_FDCWD</tmp/kernel-audit2-v3r63b5w/\346\261\202\350\247\243\345\231\250>, "/dev/null", O_RDONLY|O_CLOEXEC) = 3</dev/null<char 1:3>>
1427434 execve("/home/zhuran24/.codex/tmp/arg0/codex-arg0DuAZRy/sha256sum", ["sha256sum", "--", "/tmp/kernel-audit2-v3r63b5w/\346\261\202\350\247\243\345\231\250/Cargo.lock"], 0x7ffde62c4578 /* 135 vars */) = -1 ENOENT (No such file or directory)
1427434 execve("/home/zhuran24/.cargo/bin/sha256sum", ["sha256sum", "--", "/tmp/kernel-audit2-v3r63b5w/\346\261\202\350\247\243\345\231\250/Cargo.lock"], 0x7ffde62c4578 /* 135 vars */) = -1 ENOENT (No such file or directory)
1427434 execve("/home/zhuran24/.local/bin/sha256sum", ["sha256sum", "--", "/tmp/kernel-audit2-v3r63b5w/\346\261\202\350\247\243\345\231\250/Cargo.lock"], 0x7ffde62c4578 /* 135 vars */) = -1 ENOENT (No such file or directory)
1427434 execve("/home/zhuran24/.opencode/bin/sha256sum", ["sha256sum", "--", "/tmp/kernel-audit2-v3r63b5w/\346\261\202\350\247\243\345\231\250/Cargo.lock"], 0x7ffde62c4578 /* 135 vars */) = -1 ENOENT (No such file or directory)
1427434 execve("/usr/local/bin/sha256sum", ["sha256sum", "--", "/tmp/kernel-audit2-v3r63b5w/\346\261\202\350\247\243\345\231\250/Cargo.lock"], 0x7ffde62c4578 /* 135 vars */) = -1 ENOENT (No such file or directory)
1427434 execve("/usr/bin/sha256sum", ["sha256sum", "--", "/tmp/kernel-audit2-v3r63b5w/\346\261\202\350\247\243\345\231\250/Cargo.lock"], 0x7ffde62c4578 /* 135 vars */) = 0
1427434 openat(AT_FDCWD</tmp/kernel-audit2-v3r63b5w/\346\261\202\350\247\243\345\231\250>, "/etc/ld.so.cache", O_RDONLY|O_CLOEXEC) = 3</etc/ld.so.cache>
1427434 openat(AT_FDCWD</tmp/kernel-audit2-v3r63b5w/\346\261\202\350\247\243\345\231\250>, "/usr/lib/libcrypto.so.3", O_RDONLY|O_CLOEXEC) = 3</usr/lib/libcrypto.so.3>
1427434 openat(AT_FDCWD</tmp/kernel-audit2-v3r63b5w/\346\261\202\350\247\243\345\231\250>, "/usr/lib/libc.so.6", O_RDONLY|O_CLOEXEC) = 3</usr/lib/libc.so.6>
1427434 openat(AT_FDCWD</tmp/kernel-audit2-v3r63b5w/\346\261\202\350\247\243\345\231\250>, "/usr/lib/libz.so.1", O_RDONLY|O_CLOEXEC) = 3</usr/lib/libz.so.1.3.1.zlib-ng>
1427434 openat(AT_FDCWD</tmp/kernel-audit2-v3r63b5w/\346\261\202\350\247\243\345\231\250>, "/usr/lib/libbrotlienc.so.1", O_RDONLY|O_CLOEXEC) = 3</usr/lib/libbrotlienc.so.1.2.0>
1427434 openat(AT_FDCWD</tmp/kernel-audit2-v3r63b5w/\346\261\202\350\247\243\345\231\250>, "/usr/lib/libbrotlidec.so.1", O_RDONLY|O_CLOEXEC) = 3</usr/lib/libbrotlidec.so.1.2.0>
1427434 openat(AT_FDCWD</tmp/kernel-audit2-v3r63b5w/\346\261\202\350\247\243\345\231\250>, "/usr/lib/libzstd.so.1", O_RDONLY|O_CLOEXEC) = 3</usr/lib/libzstd.so.1.5.7>
1427434 openat(AT_FDCWD</tmp/kernel-audit2-v3r63b5w/\346\261\202\350\247\243\345\231\250>, "/usr/lib/libm.so.6", O_RDONLY|O_CLOEXEC) = 3</usr/lib/libm.so.6>
1427434 openat(AT_FDCWD</tmp/kernel-audit2-v3r63b5w/\346\261\202\350\247\243\345\231\250>, "/usr/lib/libbrotlicommon.so.1", O_RDONLY|O_CLOEXEC) = 3</usr/lib/libbrotlicommon.so.1.2.0>
1427434 openat(AT_FDCWD</tmp/kernel-audit2-v3r63b5w/\346\261\202\350\247\243\345\231\250>, "/usr/lib/locale/locale-archive", O_RDONLY|O_CLOEXEC) = 3</usr/lib/locale/locale-archive>
1427434 openat(AT_FDCWD</tmp/kernel-audit2-v3r63b5w/\346\261\202\350\247\243\345\231\250>, "/usr/share/locale/locale.alias", O_RDONLY|O_CLOEXEC) = 3</usr/share/locale/locale.alias>
1427434 openat(AT_FDCWD</tmp/kernel-audit2-v3r63b5w/\346\261\202\350\247\243\345\231\250>, "/usr/lib/locale/C.UTF-8/LC_IDENTIFICATION", O_RDONLY|O_CLOEXEC) = -1 ENOENT (No such file or directory)
1427434 openat(AT_FDCWD</tmp/kernel-audit2-v3r63b5w/\346\261\202\350\247\243\345\231\250>, "/usr/lib/locale/C.utf8/LC_IDENTIFICATION", O_RDONLY|O_CLOEXEC) = 3</usr/lib/locale/C.utf8/LC_IDENTIFICATION>
1427434 openat(AT_FDCWD</tmp/kernel-audit2-v3r63b5w/\346\261\202\350\247\243\345\231\250>, "/usr/lib/gconv/gconv-modules.cache", O_RDONLY|O_CLOEXEC) = 3</usr/lib/gconv/gconv-modules.cache>
1427434 openat(AT_FDCWD</tmp/kernel-audit2-v3r63b5w/\346\261\202\350\247\243\345\231\250>, "/usr/lib/locale/C.UTF-8/LC_MEASUREMENT", O_RDONLY|O_CLOEXEC) = -1 ENOENT (No such file or directory)
1427434 openat(AT_FDCWD</tmp/kernel-audit2-v3r63b5w/\346\261\202\350\247\243\345\231\250>, "/usr/lib/locale/C.utf8/LC_MEASUREMENT", O_RDONLY|O_CLOEXEC) = 3</usr/lib/locale/C.utf8/LC_MEASUREMENT>
1427434 openat(AT_FDCWD</tmp/kernel-audit2-v3r63b5w/\346\261\202\350\247\243\345\231\250>, "/usr/lib/locale/C.UTF-8/LC_TELEPHONE", O_RDONLY|O_CLOEXEC) = -1 ENOENT (No such file or directory)
1427434 openat(AT_FDCWD</tmp/kernel-audit2-v3r63b5w/\346\261\202\350\247\243\345\231\250>, "/usr/lib/locale/C.utf8/LC_TELEPHONE", O_RDONLY|O_CLOEXEC) = 3</usr/lib/locale/C.utf8/LC_TELEPHONE>
1427434 openat(AT_FDCWD</tmp/kernel-audit2-v3r63b5w/\346\261\202\350\247\243\345\231\250>, "/usr/lib/locale/C.UTF-8/LC_ADDRESS", O_RDONLY|O_CLOEXEC) = -1 ENOENT (No such file or directory)
1427434 openat(AT_FDCWD</tmp/kernel-audit2-v3r63b5w/\346\261\202\350\247\243\345\231\250>, "/usr/lib/locale/C.utf8/LC_ADDRESS", O_RDONLY|O_CLOEXEC) = 3</usr/lib/locale/C.utf8/LC_ADDRESS>
1427434 openat(AT_FDCWD</tmp/kernel-audit2-v3r63b5w/\346\261\202\350\247\243\345\231\250>, "/usr/lib/locale/C.UTF-8/LC_NAME", O_RDONLY|O_CLOEXEC) = -1 ENOENT (No such file or directory)
1427434 openat(AT_FDCWD</tmp/kernel-audit2-v3r63b5w/\346\261\202\350\247\243\345\231\250>, "/usr/lib/locale/C.utf8/LC_NAME", O_RDONLY|O_CLOEXEC) = 3</usr/lib/locale/C.utf8/LC_NAME>
1427434 openat(AT_FDCWD</tmp/kernel-audit2-v3r63b5w/\346\261\202\350\247\243\345\231\250>, "/usr/lib/locale/C.UTF-8/LC_PAPER", O_RDONLY|O_CLOEXEC) = -1 ENOENT (No such file or directory)
1427434 openat(AT_FDCWD</tmp/kernel-audit2-v3r63b5w/\346\261\202\350\247\243\345\231\250>, "/usr/lib/locale/C.utf8/LC_PAPER", O_RDONLY|O_CLOEXEC) = 3</usr/lib/locale/C.utf8/LC_PAPER>
1427434 openat(AT_FDCWD</tmp/kernel-audit2-v3r63b5w/\346\261\202\350\247\243\345\231\250>, "/usr/lib/locale/C.UTF-8/LC_MESSAGES", O_RDONLY|O_CLOEXEC) = -1 ENOENT (No such file or directory)
1427434 openat(AT_FDCWD</tmp/kernel-audit2-v3r63b5w/\346\261\202\350\247\243\345\231\250>, "/usr/lib/locale/C.utf8/LC_MESSAGES", O_RDONLY|O_CLOEXEC) = 3</usr/lib/locale/C.utf8/LC_MESSAGES>
1427434 openat(AT_FDCWD</tmp/kernel-audit2-v3r63b5w/\346\261\202\350\247\243\345\231\250>, "/usr/lib/locale/C.utf8/LC_MESSAGES/SYS_LC_MESSAGES", O_RDONLY|O_CLOEXEC) = 3</usr/lib/locale/C.utf8/LC_MESSAGES/SYS_LC_MESSAGES>
1427434 openat(AT_FDCWD</tmp/kernel-audit2-v3r63b5w/\346\261\202\350\247\243\345\231\250>, "/usr/lib/locale/C.UTF-8/LC_MONETARY", O_RDONLY|O_CLOEXEC) = -1 ENOENT (No such file or directory)
1427434 openat(AT_FDCWD</tmp/kernel-audit2-v3r63b5w/\346\261\202\350\247\243\345\231\250>, "/usr/lib/locale/C.utf8/LC_MONETARY", O_RDONLY|O_CLOEXEC) = 3</usr/lib/locale/C.utf8/LC_MONETARY>
1427434 openat(AT_FDCWD</tmp/kernel-audit2-v3r63b5w/\346\261\202\350\247\243\345\231\250>, "/usr/lib/locale/C.UTF-8/LC_COLLATE", O_RDONLY|O_CLOEXEC) = -1 ENOENT (No such file or directory)
1427434 openat(AT_FDCWD</tmp/kernel-audit2-v3r63b5w/\346\261\202\350\247\243\345\231\250>, "/usr/lib/locale/C.utf8/LC_COLLATE", O_RDONLY|O_CLOEXEC) = 3</usr/lib/locale/C.utf8/LC_COLLATE>
1427434 openat(AT_FDCWD</tmp/kernel-audit2-v3r63b5w/\346\261\202\350\247\243\345\231\250>, "/usr/lib/locale/C.UTF-8/LC_TIME", O_RDONLY|O_CLOEXEC) = -1 ENOENT (No such file or directory)
1427434 openat(AT_FDCWD</tmp/kernel-audit2-v3r63b5w/\346\261\202\350\247\243\345\231\250>, "/usr/lib/locale/C.utf8/LC_TIME", O_RDONLY|O_CLOEXEC) = 3</usr/lib/locale/C.utf8/LC_TIME>
1427434 openat(AT_FDCWD</tmp/kernel-audit2-v3r63b5w/\346\261\202\350\247\243\345\231\250>, "/usr/lib/locale/C.UTF-8/LC_NUMERIC", O_RDONLY|O_CLOEXEC) = -1 ENOENT (No such file or directory)
1427434 openat(AT_FDCWD</tmp/kernel-audit2-v3r63b5w/\346\261\202\350\247\243\345\231\250>, "/usr/lib/locale/C.utf8/LC_NUMERIC", O_RDONLY|O_CLOEXEC) = 3</usr/lib/locale/C.utf8/LC_NUMERIC>
1427434 openat(AT_FDCWD</tmp/kernel-audit2-v3r63b5w/\346\261\202\350\247\243\345\231\250>, "/usr/lib/locale/C.UTF-8/LC_CTYPE", O_RDONLY|O_CLOEXEC) = -1 ENOENT (No such file or directory)
1427434 openat(AT_FDCWD</tmp/kernel-audit2-v3r63b5w/\346\261\202\350\247\243\345\231\250>, "/usr/lib/locale/C.utf8/LC_CTYPE", O_RDONLY|O_CLOEXEC) = 3</usr/lib/locale/C.utf8/LC_CTYPE>
1427434 openat(AT_FDCWD</tmp/kernel-audit2-v3r63b5w/\346\261\202\350\247\243\345\231\250>, "/tmp/kernel-audit2-v3r63b5w/\346\261\202\350\247\243\345\231\250/Cargo.lock", O_RDONLY) = 3</tmp/kernel-audit2-v3r63b5w/\346\261\202\350\247\243\345\231\250/Cargo.lock>
1427354 --- SIGCHLD {si_signo=SIGCHLD, si_code=CLD_EXITED, si_pid=1427434, si_uid=1000, si_status=0, si_utime=0, si_stime=0} ---
1427354 openat(AT_FDCWD</tmp/kernel-audit2-v3r63b5w/\346\261\202\350\247\243\345\231\250>, "/dev/null", O_RDONLY|O_CLOEXEC) = 3</dev/null<char 1:3>>
1427435 execve("/home/zhuran24/.codex/tmp/arg0/codex-arg0DuAZRy/sha256sum", ["sha256sum", "--", "/tmp/kernel-audit2-v3r63b5w/\346\261\202\350\247\243\345\231\250/crates/kernel/Cargo.toml"], 0x7ffde62c4578 /* 135 vars */) = -1 ENOENT (No such file or directory)
1427435 execve("/home/zhuran24/.cargo/bin/sha256sum", ["sha256sum", "--", "/tmp/kernel-audit2-v3r63b5w/\346\261\202\350\247\243\345\231\250/crates/kernel/Cargo.toml"], 0x7ffde62c4578 /* 135 vars */) = -1 ENOENT (No such file or directory)
1427435 execve("/home/zhuran24/.local/bin/sha256sum", ["sha256sum", "--", "/tmp/kernel-audit2-v3r63b5w/\346\261\202\350\247\243\345\231\250/crates/kernel/Cargo.toml"], 0x7ffde62c4578 /* 135 vars */) = -1 ENOENT (No such file or directory)
1427435 execve("/home/zhuran24/.opencode/bin/sha256sum", ["sha256sum", "--", "/tmp/kernel-audit2-v3r63b5w/\346\261\202\350\247\243\345\231\250/crates/kernel/Cargo.toml"], 0x7ffde62c4578 /* 135 vars */) = -1 ENOENT (No such file or directory)
1427435 execve("/usr/local/bin/sha256sum", ["sha256sum", "--", "/tmp/kernel-audit2-v3r63b5w/\346\261\202\350\247\243\345\231\250/crates/kernel/Cargo.toml"], 0x7ffde62c4578 /* 135 vars */) = -1 ENOENT (No such file or directory)
1427435 execve("/usr/bin/sha256sum", ["sha256sum", "--", "/tmp/kernel-audit2-v3r63b5w/\346\261\202\350\247\243\345\231\250/crates/kernel/Cargo.toml"], 0x7ffde62c4578 /* 135 vars */) = 0
1427435 openat(AT_FDCWD</tmp/kernel-audit2-v3r63b5w/\346\261\202\350\247\243\345\231\250>, "/etc/ld.so.cache", O_RDONLY|O_CLOEXEC) = 3</etc/ld.so.cache>
1427435 openat(AT_FDCWD</tmp/kernel-audit2-v3r63b5w/\346\261\202\350\247\243\345\231\250>, "/usr/lib/libcrypto.so.3", O_RDONLY|O_CLOEXEC) = 3</usr/lib/libcrypto.so.3>
1427435 openat(AT_FDCWD</tmp/kernel-audit2-v3r63b5w/\346\261\202\350\247\243\345\231\250>, "/usr/lib/libc.so.6", O_RDONLY|O_CLOEXEC) = 3</usr/lib/libc.so.6>
1427435 openat(AT_FDCWD</tmp/kernel-audit2-v3r63b5w/\346\261\202\350\247\243\345\231\250>, "/usr/lib/libz.so.1", O_RDONLY|O_CLOEXEC) = 3</usr/lib/libz.so.1.3.1.zlib-ng>
1427435 openat(AT_FDCWD</tmp/kernel-audit2-v3r63b5w/\346\261\202\350\247\243\345\231\250>, "/usr/lib/libbrotlienc.so.1", O_RDONLY|O_CLOEXEC) = 3</usr/lib/libbrotlienc.so.1.2.0>
1427435 openat(AT_FDCWD</tmp/kernel-audit2-v3r63b5w/\346\261\202\350\247\243\345\231\250>, "/usr/lib/libbrotlidec.so.1", O_RDONLY|O_CLOEXEC) = 3</usr/lib/libbrotlidec.so.1.2.0>
1427435 openat(AT_FDCWD</tmp/kernel-audit2-v3r63b5w/\346\261\202\350\247\243\345\231\250>, "/usr/lib/libzstd.so.1", O_RDONLY|O_CLOEXEC) = 3</usr/lib/libzstd.so.1.5.7>
1427435 openat(AT_FDCWD</tmp/kernel-audit2-v3r63b5w/\346\261\202\350\247\243\345\231\250>, "/usr/lib/libm.so.6", O_RDONLY|O_CLOEXEC) = 3</usr/lib/libm.so.6>
1427435 openat(AT_FDCWD</tmp/kernel-audit2-v3r63b5w/\346\261\202\350\247\243\345\231\250>, "/usr/lib/libbrotlicommon.so.1", O_RDONLY|O_CLOEXEC) = 3</usr/lib/libbrotlicommon.so.1.2.0>
1427435 openat(AT_FDCWD</tmp/kernel-audit2-v3r63b5w/\346\261\202\350\247\243\345\231\250>, "/usr/lib/locale/locale-archive", O_RDONLY|O_CLOEXEC) = 3</usr/lib/locale/locale-archive>
1427435 openat(AT_FDCWD</tmp/kernel-audit2-v3r63b5w/\346\261\202\350\247\243\345\231\250>, "/usr/share/locale/locale.alias", O_RDONLY|O_CLOEXEC) = 3</usr/share/locale/locale.alias>
1427435 openat(AT_FDCWD</tmp/kernel-audit2-v3r63b5w/\346\261\202\350\247\243\345\231\250>, "/usr/lib/locale/C.UTF-8/LC_IDENTIFICATION", O_RDONLY|O_CLOEXEC) = -1 ENOENT (No such file or directory)
1427435 openat(AT_FDCWD</tmp/kernel-audit2-v3r63b5w/\346\261\202\350\247\243\345\231\250>, "/usr/lib/locale/C.utf8/LC_IDENTIFICATION", O_RDONLY|O_CLOEXEC) = 3</usr/lib/locale/C.utf8/LC_IDENTIFICATION>
1427435 openat(AT_FDCWD</tmp/kernel-audit2-v3r63b5w/\346\261\202\350\247\243\345\231\250>, "/usr/lib/gconv/gconv-modules.cache", O_RDONLY|O_CLOEXEC) = 3</usr/lib/gconv/gconv-modules.cache>
1427435 openat(AT_FDCWD</tmp/kernel-audit2-v3r63b5w/\346\261\202\350\247\243\345\231\250>, "/usr/lib/locale/C.UTF-8/LC_MEASUREMENT", O_RDONLY|O_CLOEXEC) = -1 ENOENT (No such file or directory)
1427435 openat(AT_FDCWD</tmp/kernel-audit2-v3r63b5w/\346\261\202\350\247\243\345\231\250>, "/usr/lib/locale/C.utf8/LC_MEASUREMENT", O_RDONLY|O_CLOEXEC) = 3</usr/lib/locale/C.utf8/LC_MEASUREMENT>
1427435 openat(AT_FDCWD</tmp/kernel-audit2-v3r63b5w/\346\261\202\350\247\243\345\231\250>, "/usr/lib/locale/C.UTF-8/LC_TELEPHONE", O_RDONLY|O_CLOEXEC) = -1 ENOENT (No such file or directory)
1427435 openat(AT_FDCWD</tmp/kernel-audit2-v3r63b5w/\346\261\202\350\247\243\345\231\250>, "/usr/lib/locale/C.utf8/LC_TELEPHONE", O_RDONLY|O_CLOEXEC) = 3</usr/lib/locale/C.utf8/LC_TELEPHONE>
1427435 openat(AT_FDCWD</tmp/kernel-audit2-v3r63b5w/\346\261\202\350\247\243\345\231\250>, "/usr/lib/locale/C.UTF-8/LC_ADDRESS", O_RDONLY|O_CLOEXEC) = -1 ENOENT (No such file or directory)
1427435 openat(AT_FDCWD</tmp/kernel-audit2-v3r63b5w/\346\261\202\350\247\243\345\231\250>, "/usr/lib/locale/C.utf8/LC_ADDRESS", O_RDONLY|O_CLOEXEC) = 3</usr/lib/locale/C.utf8/LC_ADDRESS>
1427435 openat(AT_FDCWD</tmp/kernel-audit2-v3r63b5w/\346\261\202\350\247\243\345\231\250>, "/usr/lib/locale/C.UTF-8/LC_NAME", O_RDONLY|O_CLOEXEC) = -1 ENOENT (No such file or directory)
1427435 openat(AT_FDCWD</tmp/kernel-audit2-v3r63b5w/\346\261\202\350\247\243\345\231\250>, "/usr/lib/locale/C.utf8/LC_NAME", O_RDONLY|O_CLOEXEC) = 3</usr/lib/locale/C.utf8/LC_NAME>
1427435 openat(AT_FDCWD</tmp/kernel-audit2-v3r63b5w/\346\261\202\350\247\243\345\231\250>, "/usr/lib/locale/C.UTF-8/LC_PAPER", O_RDONLY|O_CLOEXEC) = -1 ENOENT (No such file or directory)
1427435 openat(AT_FDCWD</tmp/kernel-audit2-v3r63b5w/\346\261\202\350\247\243\345\231\250>, "/usr/lib/locale/C.utf8/LC_PAPER", O_RDONLY|O_CLOEXEC) = 3</usr/lib/locale/C.utf8/LC_PAPER>
1427435 openat(AT_FDCWD</tmp/kernel-audit2-v3r63b5w/\346\261\202\350\247\243\345\231\250>, "/usr/lib/locale/C.UTF-8/LC_MESSAGES", O_RDONLY|O_CLOEXEC) = -1 ENOENT (No such file or directory)
1427435 openat(AT_FDCWD</tmp/kernel-audit2-v3r63b5w/\346\261\202\350\247\243\345\231\250>, "/usr/lib/locale/C.utf8/LC_MESSAGES", O_RDONLY|O_CLOEXEC) = 3</usr/lib/locale/C.utf8/LC_MESSAGES>
1427435 openat(AT_FDCWD</tmp/kernel-audit2-v3r63b5w/\346\261\202\350\247\243\345\231\250>, "/usr/lib/locale/C.utf8/LC_MESSAGES/SYS_LC_MESSAGES", O_RDONLY|O_CLOEXEC) = 3</usr/lib/locale/C.utf8/LC_MESSAGES/SYS_LC_MESSAGES>
1427435 openat(AT_FDCWD</tmp/kernel-audit2-v3r63b5w/\346\261\202\350\247\243\345\231\250>, "/usr/lib/locale/C.UTF-8/LC_MONETARY", O_RDONLY|O_CLOEXEC) = -1 ENOENT (No such file or directory)
1427435 openat(AT_FDCWD</tmp/kernel-audit2-v3r63b5w/\346\261\202\350\247\243\345\231\250>, "/usr/lib/locale/C.utf8/LC_MONETARY", O_RDONLY|O_CLOEXEC) = 3</usr/lib/locale/C.utf8/LC_MONETARY>
1427435 openat(AT_FDCWD</tmp/kernel-audit2-v3r63b5w/\346\261\202\350\247\243\345\231\250>, "/usr/lib/locale/C.UTF-8/LC_COLLATE", O_RDONLY|O_CLOEXEC) = -1 ENOENT (No such file or directory)
1427435 openat(AT_FDCWD</tmp/kernel-audit2-v3r63b5w/\346\261\202\350\247\243\345\231\250>, "/usr/lib/locale/C.utf8/LC_COLLATE", O_RDONLY|O_CLOEXEC) = 3</usr/lib/locale/C.utf8/LC_COLLATE>
1427435 openat(AT_FDCWD</tmp/kernel-audit2-v3r63b5w/\346\261\202\350\247\243\345\231\250>, "/usr/lib/locale/C.UTF-8/LC_TIME", O_RDONLY|O_CLOEXEC) = -1 ENOENT (No such file or directory)
1427435 openat(AT_FDCWD</tmp/kernel-audit2-v3r63b5w/\346\261\202\350\247\243\345\231\250>, "/usr/lib/locale/C.utf8/LC_TIME", O_RDONLY|O_CLOEXEC) = 3</usr/lib/locale/C.utf8/LC_TIME>
1427435 openat(AT_FDCWD</tmp/kernel-audit2-v3r63b5w/\346\261\202\350\247\243\345\231\250>, "/usr/lib/locale/C.UTF-8/LC_NUMERIC", O_RDONLY|O_CLOEXEC) = -1 ENOENT (No such file or directory)
1427435 openat(AT_FDCWD</tmp/kernel-audit2-v3r63b5w/\346\261\202\350\247\243\345\231\250>, "/usr/lib/locale/C.utf8/LC_NUMERIC", O_RDONLY|O_CLOEXEC) = 3</usr/lib/locale/C.utf8/LC_NUMERIC>
1427435 openat(AT_FDCWD</tmp/kernel-audit2-v3r63b5w/\346\261\202\350\247\243\345\231\250>, "/usr/lib/locale/C.UTF-8/LC_CTYPE", O_RDONLY|O_CLOEXEC) = -1 ENOENT (No such file or directory)
1427435 openat(AT_FDCWD</tmp/kernel-audit2-v3r63b5w/\346\261\202\350\247\243\345\231\250>, "/usr/lib/locale/C.utf8/LC_CTYPE", O_RDONLY|O_CLOEXEC) = 3</usr/lib/locale/C.utf8/LC_CTYPE>
1427435 openat(AT_FDCWD</tmp/kernel-audit2-v3r63b5w/\346\261\202\350\247\243\345\231\250>, "/tmp/kernel-audit2-v3r63b5w/\346\261\202\350\247\243\345\231\250/crates/kernel/Cargo.toml", O_RDONLY) = 3</tmp/kernel-audit2-v3r63b5w/\346\261\202\350\247\243\345\231\250/crates/kernel/Cargo.toml>
1427354 --- SIGCHLD {si_signo=SIGCHLD, si_code=CLD_EXITED, si_pid=1427435, si_uid=1000, si_status=0, si_utime=0, si_stime=0} ---
1427354 openat(AT_FDCWD</tmp/kernel-audit2-v3r63b5w/\346\261\202\350\247\243\345\231\250>, "/home/zhuran24/zmd-research-fresh/\346\261\202\350\247\243\345\231\250/target/health-capture/audit2-1422118/cases/verify-batch/batch/cycle.record.json", O_WRONLY|O_CREAT|O_TRUNC|O_CLOEXEC, 0666) = 3</home/zhuran24/zmd-research-fresh/\346\261\202\350\247\243\345\231\250/target/health-capture/audit2-1422118/cases/verify-batch/batch/cycle.record.json>
1427354 openat(AT_FDCWD</tmp/kernel-audit2-v3r63b5w/\346\261\202\350\247\243\345\231\250>, "/dev/null", O_RDONLY|O_CLOEXEC) = 3</dev/null<char 1:3>>
1427436 execve("/home/zhuran24/.codex/tmp/arg0/codex-arg0DuAZRy/sha256sum", ["sha256sum", "--", "/home/zhuran24/zmd-research-fresh/\346\261\202\350\247\243\345\231\250/target/health-capture/audit2-1422118/cases/verify-batch/batch/cycle.record.json"], 0x7ffde62c4578 /* 135 vars */) = -1 ENOENT (No such file or directory)
1427436 execve("/home/zhuran24/.cargo/bin/sha256sum", ["sha256sum", "--", "/home/zhuran24/zmd-research-fresh/\346\261\202\350\247\243\345\231\250/target/health-capture/audit2-1422118/cases/verify-batch/batch/cycle.record.json"], 0x7ffde62c4578 /* 135 vars */) = -1 ENOENT (No such file or directory)
1427436 execve("/home/zhuran24/.local/bin/sha256sum", ["sha256sum", "--", "/home/zhuran24/zmd-research-fresh/\346\261\202\350\247\243\345\231\250/target/health-capture/audit2-1422118/cases/verify-batch/batch/cycle.record.json"], 0x7ffde62c4578 /* 135 vars */) = -1 ENOENT (No such file or directory)
1427436 execve("/home/zhuran24/.opencode/bin/sha256sum", ["sha256sum", "--", "/home/zhuran24/zmd-research-fresh/\346\261\202\350\247\243\345\231\250/target/health-capture/audit2-1422118/cases/verify-batch/batch/cycle.record.json"], 0x7ffde62c4578 /* 135 vars */) = -1 ENOENT (No such file or directory)
1427436 execve("/usr/local/bin/sha256sum", ["sha256sum", "--", "/home/zhuran24/zmd-research-fresh/\346\261\202\350\247\243\345\231\250/target/health-capture/audit2-1422118/cases/verify-batch/batch/cycle.record.json"], 0x7ffde62c4578 /* 135 vars */) = -1 ENOENT (No such file or directory)
1427436 execve("/usr/bin/sha256sum", ["sha256sum", "--", "/home/zhuran24/zmd-research-fresh/\346\261\202\350\247\243\345\231\250/target/health-capture/audit2-1422118/cases/verify-batch/batch/cycle.record.json"], 0x7ffde62c4578 /* 135 vars */) = 0
1427436 openat(AT_FDCWD</tmp/kernel-audit2-v3r63b5w/\346\261\202\350\247\243\345\231\250>, "/etc/ld.so.cache", O_RDONLY|O_CLOEXEC) = 3</etc/ld.so.cache>
1427436 openat(AT_FDCWD</tmp/kernel-audit2-v3r63b5w/\346\261\202\350\247\243\345\231\250>, "/usr/lib/libcrypto.so.3", O_RDONLY|O_CLOEXEC) = 3</usr/lib/libcrypto.so.3>
1427436 openat(AT_FDCWD</tmp/kernel-audit2-v3r63b5w/\346\261\202\350\247\243\345\231\250>, "/usr/lib/libc.so.6", O_RDONLY|O_CLOEXEC) = 3</usr/lib/libc.so.6>
1427436 openat(AT_FDCWD</tmp/kernel-audit2-v3r63b5w/\346\261\202\350\247\243\345\231\250>, "/usr/lib/libz.so.1", O_RDONLY|O_CLOEXEC) = 3</usr/lib/libz.so.1.3.1.zlib-ng>
1427436 openat(AT_FDCWD</tmp/kernel-audit2-v3r63b5w/\346\261\202\350\247\243\345\231\250>, "/usr/lib/libbrotlienc.so.1", O_RDONLY|O_CLOEXEC) = 3</usr/lib/libbrotlienc.so.1.2.0>
1427436 openat(AT_FDCWD</tmp/kernel-audit2-v3r63b5w/\346\261\202\350\247\243\345\231\250>, "/usr/lib/libbrotlidec.so.1", O_RDONLY|O_CLOEXEC) = 3</usr/lib/libbrotlidec.so.1.2.0>
1427436 openat(AT_FDCWD</tmp/kernel-audit2-v3r63b5w/\346\261\202\350\247\243\345\231\250>, "/usr/lib/libzstd.so.1", O_RDONLY|O_CLOEXEC) = 3</usr/lib/libzstd.so.1.5.7>
1427436 openat(AT_FDCWD</tmp/kernel-audit2-v3r63b5w/\346\261\202\350\247\243\345\231\250>, "/usr/lib/libm.so.6", O_RDONLY|O_CLOEXEC) = 3</usr/lib/libm.so.6>
1427436 openat(AT_FDCWD</tmp/kernel-audit2-v3r63b5w/\346\261\202\350\247\243\345\231\250>, "/usr/lib/libbrotlicommon.so.1", O_RDONLY|O_CLOEXEC) = 3</usr/lib/libbrotlicommon.so.1.2.0>
1427436 openat(AT_FDCWD</tmp/kernel-audit2-v3r63b5w/\346\261\202\350\247\243\345\231\250>, "/usr/lib/locale/locale-archive", O_RDONLY|O_CLOEXEC) = 3</usr/lib/locale/locale-archive>
1427436 openat(AT_FDCWD</tmp/kernel-audit2-v3r63b5w/\346\261\202\350\247\243\345\231\250>, "/usr/share/locale/locale.alias", O_RDONLY|O_CLOEXEC) = 3</usr/share/locale/locale.alias>
1427436 openat(AT_FDCWD</tmp/kernel-audit2-v3r63b5w/\346\261\202\350\247\243\345\231\250>, "/usr/lib/locale/C.UTF-8/LC_IDENTIFICATION", O_RDONLY|O_CLOEXEC) = -1 ENOENT (No such file or directory)
1427436 openat(AT_FDCWD</tmp/kernel-audit2-v3r63b5w/\346\261\202\350\247\243\345\231\250>, "/usr/lib/locale/C.utf8/LC_IDENTIFICATION", O_RDONLY|O_CLOEXEC) = 3</usr/lib/locale/C.utf8/LC_IDENTIFICATION>
1427436 openat(AT_FDCWD</tmp/kernel-audit2-v3r63b5w/\346\261\202\350\247\243\345\231\250>, "/usr/lib/gconv/gconv-modules.cache", O_RDONLY|O_CLOEXEC) = 3</usr/lib/gconv/gconv-modules.cache>
1427436 openat(AT_FDCWD</tmp/kernel-audit2-v3r63b5w/\346\261\202\350\247\243\345\231\250>, "/usr/lib/locale/C.UTF-8/LC_MEASUREMENT", O_RDONLY|O_CLOEXEC) = -1 ENOENT (No such file or directory)
1427436 openat(AT_FDCWD</tmp/kernel-audit2-v3r63b5w/\346\261\202\350\247\243\345\231\250>, "/usr/lib/locale/C.utf8/LC_MEASUREMENT", O_RDONLY|O_CLOEXEC) = 3</usr/lib/locale/C.utf8/LC_MEASUREMENT>
1427436 openat(AT_FDCWD</tmp/kernel-audit2-v3r63b5w/\346\261\202\350\247\243\345\231\250>, "/usr/lib/locale/C.UTF-8/LC_TELEPHONE", O_RDONLY|O_CLOEXEC) = -1 ENOENT (No such file or directory)
1427436 openat(AT_FDCWD</tmp/kernel-audit2-v3r63b5w/\346\261\202\350\247\243\345\231\250>, "/usr/lib/locale/C.utf8/LC_TELEPHONE", O_RDONLY|O_CLOEXEC) = 3</usr/lib/locale/C.utf8/LC_TELEPHONE>
1427436 openat(AT_FDCWD</tmp/kernel-audit2-v3r63b5w/\346\261\202\350\247\243\345\231\250>, "/usr/lib/locale/C.UTF-8/LC_ADDRESS", O_RDONLY|O_CLOEXEC) = -1 ENOENT (No such file or directory)
1427436 openat(AT_FDCWD</tmp/kernel-audit2-v3r63b5w/\346\261\202\350\247\243\345\231\250>, "/usr/lib/locale/C.utf8/LC_ADDRESS", O_RDONLY|O_CLOEXEC) = 3</usr/lib/locale/C.utf8/LC_ADDRESS>
1427436 openat(AT_FDCWD</tmp/kernel-audit2-v3r63b5w/\346\261\202\350\247\243\345\231\250>, "/usr/lib/locale/C.UTF-8/LC_NAME", O_RDONLY|O_CLOEXEC) = -1 ENOENT (No such file or directory)
1427436 openat(AT_FDCWD</tmp/kernel-audit2-v3r63b5w/\346\261\202\350\247\243\345\231\250>, "/usr/lib/locale/C.utf8/LC_NAME", O_RDONLY|O_CLOEXEC) = 3</usr/lib/locale/C.utf8/LC_NAME>
1427436 openat(AT_FDCWD</tmp/kernel-audit2-v3r63b5w/\346\261\202\350\247\243\345\231\250>, "/usr/lib/locale/C.UTF-8/LC_PAPER", O_RDONLY|O_CLOEXEC) = -1 ENOENT (No such file or directory)
1427436 openat(AT_FDCWD</tmp/kernel-audit2-v3r63b5w/\346\261\202\350\247\243\345\231\250>, "/usr/lib/locale/C.utf8/LC_PAPER", O_RDONLY|O_CLOEXEC) = 3</usr/lib/locale/C.utf8/LC_PAPER>
1427436 openat(AT_FDCWD</tmp/kernel-audit2-v3r63b5w/\346\261\202\350\247\243\345\231\250>, "/usr/lib/locale/C.UTF-8/LC_MESSAGES", O_RDONLY|O_CLOEXEC) = -1 ENOENT (No such file or directory)
1427436 openat(AT_FDCWD</tmp/kernel-audit2-v3r63b5w/\346\261\202\350\247\243\345\231\250>, "/usr/lib/locale/C.utf8/LC_MESSAGES", O_RDONLY|O_CLOEXEC) = 3</usr/lib/locale/C.utf8/LC_MESSAGES>
1427436 openat(AT_FDCWD</tmp/kernel-audit2-v3r63b5w/\346\261\202\350\247\243\345\231\250>, "/usr/lib/locale/C.utf8/LC_MESSAGES/SYS_LC_MESSAGES", O_RDONLY|O_CLOEXEC) = 3</usr/lib/locale/C.utf8/LC_MESSAGES/SYS_LC_MESSAGES>
1427436 openat(AT_FDCWD</tmp/kernel-audit2-v3r63b5w/\346\261\202\350\247\243\345\231\250>, "/usr/lib/locale/C.UTF-8/LC_MONETARY", O_RDONLY|O_CLOEXEC) = -1 ENOENT (No such file or directory)
1427436 openat(AT_FDCWD</tmp/kernel-audit2-v3r63b5w/\346\261\202\350\247\243\345\231\250>, "/usr/lib/locale/C.utf8/LC_MONETARY", O_RDONLY|O_CLOEXEC) = 3</usr/lib/locale/C.utf8/LC_MONETARY>
1427436 openat(AT_FDCWD</tmp/kernel-audit2-v3r63b5w/\346\261\202\350\247\243\345\231\250>, "/usr/lib/locale/C.UTF-8/LC_COLLATE", O_RDONLY|O_CLOEXEC) = -1 ENOENT (No such file or directory)
1427436 openat(AT_FDCWD</tmp/kernel-audit2-v3r63b5w/\346\261\202\350\247\243\345\231\250>, "/usr/lib/locale/C.utf8/LC_COLLATE", O_RDONLY|O_CLOEXEC) = 3</usr/lib/locale/C.utf8/LC_COLLATE>
1427436 openat(AT_FDCWD</tmp/kernel-audit2-v3r63b5w/\346\261\202\350\247\243\345\231\250>, "/usr/lib/locale/C.UTF-8/LC_TIME", O_RDONLY|O_CLOEXEC) = -1 ENOENT (No such file or directory)
1427436 openat(AT_FDCWD</tmp/kernel-audit2-v3r63b5w/\346\261\202\350\247\243\345\231\250>, "/usr/lib/locale/C.utf8/LC_TIME", O_RDONLY|O_CLOEXEC) = 3</usr/lib/locale/C.utf8/LC_TIME>
1427436 openat(AT_FDCWD</tmp/kernel-audit2-v3r63b5w/\346\261\202\350\247\243\345\231\250>, "/usr/lib/locale/C.UTF-8/LC_NUMERIC", O_RDONLY|O_CLOEXEC) = -1 ENOENT (No such file or directory)
1427436 openat(AT_FDCWD</tmp/kernel-audit2-v3r63b5w/\346\261\202\350\247\243\345\231\250>, "/usr/lib/locale/C.utf8/LC_NUMERIC", O_RDONLY|O_CLOEXEC) = 3</usr/lib/locale/C.utf8/LC_NUMERIC>
1427436 openat(AT_FDCWD</tmp/kernel-audit2-v3r63b5w/\346\261\202\350\247\243\345\231\250>, "/usr/lib/locale/C.UTF-8/LC_CTYPE", O_RDONLY|O_CLOEXEC) = -1 ENOENT (No such file or directory)
1427436 openat(AT_FDCWD</tmp/kernel-audit2-v3r63b5w/\346\261\202\350\247\243\345\231\250>, "/usr/lib/locale/C.utf8/LC_CTYPE", O_RDONLY|O_CLOEXEC) = 3</usr/lib/locale/C.utf8/LC_CTYPE>
1427436 openat(AT_FDCWD</tmp/kernel-audit2-v3r63b5w/\346\261\202\350\247\243\345\231\250>, "/home/zhuran24/zmd-research-fresh/\346\261\202\350\247\243\345\231\250/target/health-capture/audit2-1422118/cases/verify-batch/batch/cycle.record.json", O_RDONLY) = 3</home/zhuran24/zmd-research-fresh/\346\261\202\350\247\243\345\231\250/target/health-capture/audit2-1422118/cases/verify-batch/batch/cycle.record.json>
1427354 --- SIGCHLD {si_signo=SIGCHLD, si_code=CLD_EXITED, si_pid=1427436, si_uid=1000, si_status=0, si_utime=0, si_stime=0} ---
1427354 openat(AT_FDCWD</tmp/kernel-audit2-v3r63b5w/\346\261\202\350\247\243\345\231\250>, "/home/zhuran24/zmd-research-fresh/\346\261\202\350\247\243\345\231\250/target/health-capture/audit2-1422118/cases/verify-batch/batch/cycle.json", O_WRONLY|O_CREAT|O_TRUNC|O_CLOEXEC, 0666) = 3</home/zhuran24/zmd-research-fresh/\346\261\202\350\247\243\345\231\250/target/health-capture/audit2-1422118/cases/verify-batch/batch/cycle.json>
