1426283 execve("/home/zhuran24/zmd-research-fresh/\346\261\202\350\247\243\345\231\250/target/healthaudit2prod1422118/kernel", ["/home/zhuran24/zmd-research-fresh/\346\261\202\350\247\243\345\231\250/target/healthaudit2prod1422118/kernel", "cycle", "/tmp/kernel-audit2-v3r63b5w/\346\261\202\350\247\243\345\231\250/\346\225\260\346\215\256/\346\240\267\344\276\213/\347\224\237\344\272\247\345\276\252\347\216\257\347\216\257\345\270\246.json", "--max-ticks", "20", "--search-checkpoint-interval", "3", "--out", "/home/zhuran24/zmd-research-fresh/\346\261\202\350\247\243\345\231\250/target/health-capture/audit2-1422118/cases/checkpoint-cycle/batch/cycle.json", "--config", "/tmp/kernel-audit2-v3r63b5w/\346\261\202\350\247\243\345\231\250/\350\247\204\346\240\274/\345\206\205\346\240\270\351\205\215\347\275\256-v1.json"], 0x7ffdae0292c8 /* 135 vars */) = 0
1426283 openat(AT_FDCWD</tmp/kernel-audit2-v3r63b5w/\346\261\202\350\247\243\345\231\250>, "/etc/ld.so.cache", O_RDONLY|O_CLOEXEC) = 3</etc/ld.so.cache>
1426283 openat(AT_FDCWD</tmp/kernel-audit2-v3r63b5w/\346\261\202\350\247\243\345\231\250>, "/usr/lib/libgcc_s.so.1", O_RDONLY|O_CLOEXEC) = 3</usr/lib/libgcc_s.so.1>
1426283 openat(AT_FDCWD</tmp/kernel-audit2-v3r63b5w/\346\261\202\350\247\243\345\231\250>, "/usr/lib/libc.so.6", O_RDONLY|O_CLOEXEC) = 3</usr/lib/libc.so.6>
1426283 openat(AT_FDCWD</tmp/kernel-audit2-v3r63b5w/\346\261\202\350\247\243\345\231\250>, "/proc/self/maps", O_RDONLY|O_CLOEXEC) = 3</proc/1426283/maps>
1426283 openat(AT_FDCWD</tmp/kernel-audit2-v3r63b5w/\346\261\202\350\247\243\345\231\250>, "/tmp/kernel-audit2-v3r63b5w/\346\261\202\350\247\243\345\231\250/\350\247\204\346\240\274/\345\206\205\346\240\270\351\205\215\347\275\256-v1.json", O_RDONLY|O_CLOEXEC) = 3</tmp/kernel-audit2-v3r63b5w/\346\261\202\350\247\243\345\231\250/\350\247\204\346\240\274/\345\206\205\346\240\270\351\205\215\347\275\256-v1.json>
1426283 openat(AT_FDCWD</tmp/kernel-audit2-v3r63b5w/\346\261\202\350\247\243\345\231\250>, "/tmp/kernel-audit2-v3r63b5w/\346\261\202\350\247\243\345\231\250/\346\225\260\346\215\256/\346\240\267\344\276\213/\347\224\237\344\272\247\345\276\252\347\216\257\347\216\257\345\270\246.json", O_RDONLY|O_CLOEXEC) = 3</tmp/kernel-audit2-v3r63b5w/\346\261\202\350\247\243\345\231\250/\346\225\260\346\215\256/\346\240\267\344\276\213/\347\224\237\344\272\247\345\276\252\347\216\257\347\216\257\345\270\246.json>
1426283 openat(AT_FDCWD</tmp/kernel-audit2-v3r63b5w/\346\261\202\350\247\243\345\231\250>, "/dev/null", O_RDONLY|O_CLOEXEC) = 3</dev/null<char 1:3>>
1426284 execve("/home/zhuran24/.codex/tmp/arg0/codex-arg0DuAZRy/sha256sum", ["sha256sum", "--", "/tmp/kernel-audit2-v3r63b5w/\346\261\202\350\247\243\345\231\250/\346\225\260\346\215\256/\346\255\243\345\274\217\351\235\231\346\200\201\347\233\256\345\275\225.json"], 0x7ffdc1bb9fc8 /* 135 vars */) = -1 ENOENT (No such file or directory)
1426284 execve("/home/zhuran24/.cargo/bin/sha256sum", ["sha256sum", "--", "/tmp/kernel-audit2-v3r63b5w/\346\261\202\350\247\243\345\231\250/\346\225\260\346\215\256/\346\255\243\345\274\217\351\235\231\346\200\201\347\233\256\345\275\225.json"], 0x7ffdc1bb9fc8 /* 135 vars */) = -1 ENOENT (No such file or directory)
1426284 execve("/home/zhuran24/.local/bin/sha256sum", ["sha256sum", "--", "/tmp/kernel-audit2-v3r63b5w/\346\261\202\350\247\243\345\231\250/\346\225\260\346\215\256/\346\255\243\345\274\217\351\235\231\346\200\201\347\233\256\345\275\225.json"], 0x7ffdc1bb9fc8 /* 135 vars */) = -1 ENOENT (No such file or directory)
1426284 execve("/home/zhuran24/.opencode/bin/sha256sum", ["sha256sum", "--", "/tmp/kernel-audit2-v3r63b5w/\346\261\202\350\247\243\345\231\250/\346\225\260\346\215\256/\346\255\243\345\274\217\351\235\231\346\200\201\347\233\256\345\275\225.json"], 0x7ffdc1bb9fc8 /* 135 vars */) = -1 ENOENT (No such file or directory)
1426284 execve("/usr/local/bin/sha256sum", ["sha256sum", "--", "/tmp/kernel-audit2-v3r63b5w/\346\261\202\350\247\243\345\231\250/\346\225\260\346\215\256/\346\255\243\345\274\217\351\235\231\346\200\201\347\233\256\345\275\225.json"], 0x7ffdc1bb9fc8 /* 135 vars */) = -1 ENOENT (No such file or directory)
1426284 execve("/usr/bin/sha256sum", ["sha256sum", "--", "/tmp/kernel-audit2-v3r63b5w/\346\261\202\350\247\243\345\231\250/\346\225\260\346\215\256/\346\255\243\345\274\217\351\235\231\346\200\201\347\233\256\345\275\225.json"], 0x7ffdc1bb9fc8 /* 135 vars */) = 0
1426284 openat(AT_FDCWD</tmp/kernel-audit2-v3r63b5w/\346\261\202\350\247\243\345\231\250>, "/etc/ld.so.cache", O_RDONLY|O_CLOEXEC) = 3</etc/ld.so.cache>
1426284 openat(AT_FDCWD</tmp/kernel-audit2-v3r63b5w/\346\261\202\350\247\243\345\231\250>, "/usr/lib/libcrypto.so.3", O_RDONLY|O_CLOEXEC) = 3</usr/lib/libcrypto.so.3>
1426284 openat(AT_FDCWD</tmp/kernel-audit2-v3r63b5w/\346\261\202\350\247\243\345\231\250>, "/usr/lib/libc.so.6", O_RDONLY|O_CLOEXEC) = 3</usr/lib/libc.so.6>
1426284 openat(AT_FDCWD</tmp/kernel-audit2-v3r63b5w/\346\261\202\350\247\243\345\231\250>, "/usr/lib/libz.so.1", O_RDONLY|O_CLOEXEC) = 3</usr/lib/libz.so.1.3.1.zlib-ng>
1426284 openat(AT_FDCWD</tmp/kernel-audit2-v3r63b5w/\346\261\202\350\247\243\345\231\250>, "/usr/lib/libbrotlienc.so.1", O_RDONLY|O_CLOEXEC) = 3</usr/lib/libbrotlienc.so.1.2.0>
1426284 openat(AT_FDCWD</tmp/kernel-audit2-v3r63b5w/\346\261\202\350\247\243\345\231\250>, "/usr/lib/libbrotlidec.so.1", O_RDONLY|O_CLOEXEC) = 3</usr/lib/libbrotlidec.so.1.2.0>
1426284 openat(AT_FDCWD</tmp/kernel-audit2-v3r63b5w/\346\261\202\350\247\243\345\231\250>, "/usr/lib/libzstd.so.1", O_RDONLY|O_CLOEXEC) = 3</usr/lib/libzstd.so.1.5.7>
1426284 openat(AT_FDCWD</tmp/kernel-audit2-v3r63b5w/\346\261\202\350\247\243\345\231\250>, "/usr/lib/libm.so.6", O_RDONLY|O_CLOEXEC) = 3</usr/lib/libm.so.6>
1426284 openat(AT_FDCWD</tmp/kernel-audit2-v3r63b5w/\346\261\202\350\247\243\345\231\250>, "/usr/lib/libbrotlicommon.so.1", O_RDONLY|O_CLOEXEC) = 3</usr/lib/libbrotlicommon.so.1.2.0>
1426284 openat(AT_FDCWD</tmp/kernel-audit2-v3r63b5w/\346\261\202\350\247\243\345\231\250>, "/usr/lib/locale/locale-archive", O_RDONLY|O_CLOEXEC) = 3</usr/lib/locale/locale-archive>
1426284 openat(AT_FDCWD</tmp/kernel-audit2-v3r63b5w/\346\261\202\350\247\243\345\231\250>, "/usr/share/locale/locale.alias", O_RDONLY|O_CLOEXEC) = 3</usr/share/locale/locale.alias>
1426284 openat(AT_FDCWD</tmp/kernel-audit2-v3r63b5w/\346\261\202\350\247\243\345\231\250>, "/usr/lib/locale/C.UTF-8/LC_IDENTIFICATION", O_RDONLY|O_CLOEXEC) = -1 ENOENT (No such file or directory)
1426284 openat(AT_FDCWD</tmp/kernel-audit2-v3r63b5w/\346\261\202\350\247\243\345\231\250>, "/usr/lib/locale/C.utf8/LC_IDENTIFICATION", O_RDONLY|O_CLOEXEC) = 3</usr/lib/locale/C.utf8/LC_IDENTIFICATION>
1426284 openat(AT_FDCWD</tmp/kernel-audit2-v3r63b5w/\346\261\202\350\247\243\345\231\250>, "/usr/lib/gconv/gconv-modules.cache", O_RDONLY|O_CLOEXEC) = 3</usr/lib/gconv/gconv-modules.cache>
1426284 openat(AT_FDCWD</tmp/kernel-audit2-v3r63b5w/\346\261\202\350\247\243\345\231\250>, "/usr/lib/locale/C.UTF-8/LC_MEASUREMENT", O_RDONLY|O_CLOEXEC) = -1 ENOENT (No such file or directory)
1426284 openat(AT_FDCWD</tmp/kernel-audit2-v3r63b5w/\346\261\202\350\247\243\345\231\250>, "/usr/lib/locale/C.utf8/LC_MEASUREMENT", O_RDONLY|O_CLOEXEC) = 3</usr/lib/locale/C.utf8/LC_MEASUREMENT>
1426284 openat(AT_FDCWD</tmp/kernel-audit2-v3r63b5w/\346\261\202\350\247\243\345\231\250>, "/usr/lib/locale/C.UTF-8/LC_TELEPHONE", O_RDONLY|O_CLOEXEC) = -1 ENOENT (No such file or directory)
1426284 openat(AT_FDCWD</tmp/kernel-audit2-v3r63b5w/\346\261\202\350\247\243\345\231\250>, "/usr/lib/locale/C.utf8/LC_TELEPHONE", O_RDONLY|O_CLOEXEC) = 3</usr/lib/locale/C.utf8/LC_TELEPHONE>
1426284 openat(AT_FDCWD</tmp/kernel-audit2-v3r63b5w/\346\261\202\350\247\243\345\231\250>, "/usr/lib/locale/C.UTF-8/LC_ADDRESS", O_RDONLY|O_CLOEXEC) = -1 ENOENT (No such file or directory)
1426284 openat(AT_FDCWD</tmp/kernel-audit2-v3r63b5w/\346\261\202\350\247\243\345\231\250>, "/usr/lib/locale/C.utf8/LC_ADDRESS", O_RDONLY|O_CLOEXEC) = 3</usr/lib/locale/C.utf8/LC_ADDRESS>
1426284 openat(AT_FDCWD</tmp/kernel-audit2-v3r63b5w/\346\261\202\350\247\243\345\231\250>, "/usr/lib/locale/C.UTF-8/LC_NAME", O_RDONLY|O_CLOEXEC) = -1 ENOENT (No such file or directory)
1426284 openat(AT_FDCWD</tmp/kernel-audit2-v3r63b5w/\346\261\202\350\247\243\345\231\250>, "/usr/lib/locale/C.utf8/LC_NAME", O_RDONLY|O_CLOEXEC) = 3</usr/lib/locale/C.utf8/LC_NAME>
1426284 openat(AT_FDCWD</tmp/kernel-audit2-v3r63b5w/\346\261\202\350\247\243\345\231\250>, "/usr/lib/locale/C.UTF-8/LC_PAPER", O_RDONLY|O_CLOEXEC) = -1 ENOENT (No such file or directory)
1426284 openat(AT_FDCWD</tmp/kernel-audit2-v3r63b5w/\346\261\202\350\247\243\345\231\250>, "/usr/lib/locale/C.utf8/LC_PAPER", O_RDONLY|O_CLOEXEC) = 3</usr/lib/locale/C.utf8/LC_PAPER>
1426284 openat(AT_FDCWD</tmp/kernel-audit2-v3r63b5w/\346\261\202\350\247\243\345\231\250>, "/usr/lib/locale/C.UTF-8/LC_MESSAGES", O_RDONLY|O_CLOEXEC) = -1 ENOENT (No such file or directory)
1426284 openat(AT_FDCWD</tmp/kernel-audit2-v3r63b5w/\346\261\202\350\247\243\345\231\250>, "/usr/lib/locale/C.utf8/LC_MESSAGES", O_RDONLY|O_CLOEXEC) = 3</usr/lib/locale/C.utf8/LC_MESSAGES>
1426284 openat(AT_FDCWD</tmp/kernel-audit2-v3r63b5w/\346\261\202\350\247\243\345\231\250>, "/usr/lib/locale/C.utf8/LC_MESSAGES/SYS_LC_MESSAGES", O_RDONLY|O_CLOEXEC) = 3</usr/lib/locale/C.utf8/LC_MESSAGES/SYS_LC_MESSAGES>
1426284 openat(AT_FDCWD</tmp/kernel-audit2-v3r63b5w/\346\261\202\350\247\243\345\231\250>, "/usr/lib/locale/C.UTF-8/LC_MONETARY", O_RDONLY|O_CLOEXEC) = -1 ENOENT (No such file or directory)
1426284 openat(AT_FDCWD</tmp/kernel-audit2-v3r63b5w/\346\261\202\350\247\243\345\231\250>, "/usr/lib/locale/C.utf8/LC_MONETARY", O_RDONLY|O_CLOEXEC) = 3</usr/lib/locale/C.utf8/LC_MONETARY>
1426284 openat(AT_FDCWD</tmp/kernel-audit2-v3r63b5w/\346\261\202\350\247\243\345\231\250>, "/usr/lib/locale/C.UTF-8/LC_COLLATE", O_RDONLY|O_CLOEXEC) = -1 ENOENT (No such file or directory)
1426284 openat(AT_FDCWD</tmp/kernel-audit2-v3r63b5w/\346\261\202\350\247\243\345\231\250>, "/usr/lib/locale/C.utf8/LC_COLLATE", O_RDONLY|O_CLOEXEC) = 3</usr/lib/locale/C.utf8/LC_COLLATE>
1426284 openat(AT_FDCWD</tmp/kernel-audit2-v3r63b5w/\346\261\202\350\247\243\345\231\250>, "/usr/lib/locale/C.UTF-8/LC_TIME", O_RDONLY|O_CLOEXEC) = -1 ENOENT (No such file or directory)
1426284 openat(AT_FDCWD</tmp/kernel-audit2-v3r63b5w/\346\261\202\350\247\243\345\231\250>, "/usr/lib/locale/C.utf8/LC_TIME", O_RDONLY|O_CLOEXEC) = 3</usr/lib/locale/C.utf8/LC_TIME>
1426284 openat(AT_FDCWD</tmp/kernel-audit2-v3r63b5w/\346\261\202\350\247\243\345\231\250>, "/usr/lib/locale/C.UTF-8/LC_NUMERIC", O_RDONLY|O_CLOEXEC) = -1 ENOENT (No such file or directory)
1426284 openat(AT_FDCWD</tmp/kernel-audit2-v3r63b5w/\346\261\202\350\247\243\345\231\250>, "/usr/lib/locale/C.utf8/LC_NUMERIC", O_RDONLY|O_CLOEXEC) = 3</usr/lib/locale/C.utf8/LC_NUMERIC>
1426284 openat(AT_FDCWD</tmp/kernel-audit2-v3r63b5w/\346\261\202\350\247\243\345\231\250>, "/usr/lib/locale/C.UTF-8/LC_CTYPE", O_RDONLY|O_CLOEXEC) = -1 ENOENT (No such file or directory)
1426284 openat(AT_FDCWD</tmp/kernel-audit2-v3r63b5w/\346\261\202\350\247\243\345\231\250>, "/usr/lib/locale/C.utf8/LC_CTYPE", O_RDONLY|O_CLOEXEC) = 3</usr/lib/locale/C.utf8/LC_CTYPE>
1426284 openat(AT_FDCWD</tmp/kernel-audit2-v3r63b5w/\346\261\202\350\247\243\345\231\250>, "/tmp/kernel-audit2-v3r63b5w/\346\261\202\350\247\243\345\231\250/\346\225\260\346\215\256/\346\255\243\345\274\217\351\235\231\346\200\201\347\233\256\345\275\225.json", O_RDONLY) = 3</tmp/kernel-audit2-v3r63b5w/\346\261\202\350\247\243\345\231\250/\346\225\260\346\215\256/\346\255\243\345\274\217\351\235\231\346\200\201\347\233\256\345\275\225.json>
1426283 --- SIGCHLD {si_signo=SIGCHLD, si_code=CLD_EXITED, si_pid=1426284, si_uid=1000, si_status=0, si_utime=0, si_stime=0} ---
1426283 openat(AT_FDCWD</tmp/kernel-audit2-v3r63b5w/\346\261\202\350\247\243\345\231\250>, "/tmp/kernel-audit2-v3r63b5w/\346\261\202\350\247\243\345\231\250/\346\225\260\346\215\256/\346\255\243\345\274\217\351\235\231\346\200\201\347\233\256\345\275\225.json", O_RDONLY|O_CLOEXEC) = 3</tmp/kernel-audit2-v3r63b5w/\346\261\202\350\247\243\345\231\250/\346\225\260\346\215\256/\346\255\243\345\274\217\351\235\231\346\200\201\347\233\256\345\275\225.json>
1426283 openat(AT_FDCWD</tmp/kernel-audit2-v3r63b5w/\346\261\202\350\247\243\345\231\250>, "/dev/null", O_RDONLY|O_CLOEXEC) = 3</dev/null<char 1:3>>
1426285 execve("/home/zhuran24/.codex/tmp/arg0/codex-arg0DuAZRy/sha256sum", ["sha256sum", "--", "/tmp/kernel-audit2-v3r63b5w/\346\261\202\350\247\243\345\231\250/\346\225\260\346\215\256/\346\255\243\345\274\217\351\235\231\346\200\201\347\233\256\345\275\225.json"], 0x7ffdc1bb9fc8 /* 135 vars */) = -1 ENOENT (No such file or directory)
1426285 execve("/home/zhuran24/.cargo/bin/sha256sum", ["sha256sum", "--", "/tmp/kernel-audit2-v3r63b5w/\346\261\202\350\247\243\345\231\250/\346\225\260\346\215\256/\346\255\243\345\274\217\351\235\231\346\200\201\347\233\256\345\275\225.json"], 0x7ffdc1bb9fc8 /* 135 vars */) = -1 ENOENT (No such file or directory)
1426285 execve("/home/zhuran24/.local/bin/sha256sum", ["sha256sum", "--", "/tmp/kernel-audit2-v3r63b5w/\346\261\202\350\247\243\345\231\250/\346\225\260\346\215\256/\346\255\243\345\274\217\351\235\231\346\200\201\347\233\256\345\275\225.json"], 0x7ffdc1bb9fc8 /* 135 vars */) = -1 ENOENT (No such file or directory)
1426285 execve("/home/zhuran24/.opencode/bin/sha256sum", ["sha256sum", "--", "/tmp/kernel-audit2-v3r63b5w/\346\261\202\350\247\243\345\231\250/\346\225\260\346\215\256/\346\255\243\345\274\217\351\235\231\346\200\201\347\233\256\345\275\225.json"], 0x7ffdc1bb9fc8 /* 135 vars */) = -1 ENOENT (No such file or directory)
1426285 execve("/usr/local/bin/sha256sum", ["sha256sum", "--", "/tmp/kernel-audit2-v3r63b5w/\346\261\202\350\247\243\345\231\250/\346\225\260\346\215\256/\346\255\243\345\274\217\351\235\231\346\200\201\347\233\256\345\275\225.json"], 0x7ffdc1bb9fc8 /* 135 vars */) = -1 ENOENT (No such file or directory)
1426285 execve("/usr/bin/sha256sum", ["sha256sum", "--", "/tmp/kernel-audit2-v3r63b5w/\346\261\202\350\247\243\345\231\250/\346\225\260\346\215\256/\346\255\243\345\274\217\351\235\231\346\200\201\347\233\256\345\275\225.json"], 0x7ffdc1bb9fc8 /* 135 vars */) = 0
1426285 openat(AT_FDCWD</tmp/kernel-audit2-v3r63b5w/\346\261\202\350\247\243\345\231\250>, "/etc/ld.so.cache", O_RDONLY|O_CLOEXEC) = 3</etc/ld.so.cache>
1426285 openat(AT_FDCWD</tmp/kernel-audit2-v3r63b5w/\346\261\202\350\247\243\345\231\250>, "/usr/lib/libcrypto.so.3", O_RDONLY|O_CLOEXEC) = 3</usr/lib/libcrypto.so.3>
1426285 openat(AT_FDCWD</tmp/kernel-audit2-v3r63b5w/\346\261\202\350\247\243\345\231\250>, "/usr/lib/libc.so.6", O_RDONLY|O_CLOEXEC) = 3</usr/lib/libc.so.6>
1426285 openat(AT_FDCWD</tmp/kernel-audit2-v3r63b5w/\346\261\202\350\247\243\345\231\250>, "/usr/lib/libz.so.1", O_RDONLY|O_CLOEXEC) = 3</usr/lib/libz.so.1.3.1.zlib-ng>
1426285 openat(AT_FDCWD</tmp/kernel-audit2-v3r63b5w/\346\261\202\350\247\243\345\231\250>, "/usr/lib/libbrotlienc.so.1", O_RDONLY|O_CLOEXEC) = 3</usr/lib/libbrotlienc.so.1.2.0>
1426285 openat(AT_FDCWD</tmp/kernel-audit2-v3r63b5w/\346\261\202\350\247\243\345\231\250>, "/usr/lib/libbrotlidec.so.1", O_RDONLY|O_CLOEXEC) = 3</usr/lib/libbrotlidec.so.1.2.0>
1426285 openat(AT_FDCWD</tmp/kernel-audit2-v3r63b5w/\346\261\202\350\247\243\345\231\250>, "/usr/lib/libzstd.so.1", O_RDONLY|O_CLOEXEC) = 3</usr/lib/libzstd.so.1.5.7>
1426285 openat(AT_FDCWD</tmp/kernel-audit2-v3r63b5w/\346\261\202\350\247\243\345\231\250>, "/usr/lib/libm.so.6", O_RDONLY|O_CLOEXEC) = 3</usr/lib/libm.so.6>
1426285 openat(AT_FDCWD</tmp/kernel-audit2-v3r63b5w/\346\261\202\350\247\243\345\231\250>, "/usr/lib/libbrotlicommon.so.1", O_RDONLY|O_CLOEXEC) = 3</usr/lib/libbrotlicommon.so.1.2.0>
1426285 openat(AT_FDCWD</tmp/kernel-audit2-v3r63b5w/\346\261\202\350\247\243\345\231\250>, "/usr/lib/locale/locale-archive", O_RDONLY|O_CLOEXEC) = 3</usr/lib/locale/locale-archive>
1426285 openat(AT_FDCWD</tmp/kernel-audit2-v3r63b5w/\346\261\202\350\247\243\345\231\250>, "/usr/share/locale/locale.alias", O_RDONLY|O_CLOEXEC) = 3</usr/share/locale/locale.alias>
1426285 openat(AT_FDCWD</tmp/kernel-audit2-v3r63b5w/\346\261\202\350\247\243\345\231\250>, "/usr/lib/locale/C.UTF-8/LC_IDENTIFICATION", O_RDONLY|O_CLOEXEC) = -1 ENOENT (No such file or directory)
1426285 openat(AT_FDCWD</tmp/kernel-audit2-v3r63b5w/\346\261\202\350\247\243\345\231\250>, "/usr/lib/locale/C.utf8/LC_IDENTIFICATION", O_RDONLY|O_CLOEXEC) = 3</usr/lib/locale/C.utf8/LC_IDENTIFICATION>
1426285 openat(AT_FDCWD</tmp/kernel-audit2-v3r63b5w/\346\261\202\350\247\243\345\231\250>, "/usr/lib/gconv/gconv-modules.cache", O_RDONLY|O_CLOEXEC) = 3</usr/lib/gconv/gconv-modules.cache>
1426285 openat(AT_FDCWD</tmp/kernel-audit2-v3r63b5w/\346\261\202\350\247\243\345\231\250>, "/usr/lib/locale/C.UTF-8/LC_MEASUREMENT", O_RDONLY|O_CLOEXEC) = -1 ENOENT (No such file or directory)
1426285 openat(AT_FDCWD</tmp/kernel-audit2-v3r63b5w/\346\261\202\350\247\243\345\231\250>, "/usr/lib/locale/C.utf8/LC_MEASUREMENT", O_RDONLY|O_CLOEXEC) = 3</usr/lib/locale/C.utf8/LC_MEASUREMENT>
1426285 openat(AT_FDCWD</tmp/kernel-audit2-v3r63b5w/\346\261\202\350\247\243\345\231\250>, "/usr/lib/locale/C.UTF-8/LC_TELEPHONE", O_RDONLY|O_CLOEXEC) = -1 ENOENT (No such file or directory)
1426285 openat(AT_FDCWD</tmp/kernel-audit2-v3r63b5w/\346\261\202\350\247\243\345\231\250>, "/usr/lib/locale/C.utf8/LC_TELEPHONE", O_RDONLY|O_CLOEXEC) = 3</usr/lib/locale/C.utf8/LC_TELEPHONE>
1426285 openat(AT_FDCWD</tmp/kernel-audit2-v3r63b5w/\346\261\202\350\247\243\345\231\250>, "/usr/lib/locale/C.UTF-8/LC_ADDRESS", O_RDONLY|O_CLOEXEC) = -1 ENOENT (No such file or directory)
1426285 openat(AT_FDCWD</tmp/kernel-audit2-v3r63b5w/\346\261\202\350\247\243\345\231\250>, "/usr/lib/locale/C.utf8/LC_ADDRESS", O_RDONLY|O_CLOEXEC) = 3</usr/lib/locale/C.utf8/LC_ADDRESS>
1426285 openat(AT_FDCWD</tmp/kernel-audit2-v3r63b5w/\346\261\202\350\247\243\345\231\250>, "/usr/lib/locale/C.UTF-8/LC_NAME", O_RDONLY|O_CLOEXEC) = -1 ENOENT (No such file or directory)
1426285 openat(AT_FDCWD</tmp/kernel-audit2-v3r63b5w/\346\261\202\350\247\243\345\231\250>, "/usr/lib/locale/C.utf8/LC_NAME", O_RDONLY|O_CLOEXEC) = 3</usr/lib/locale/C.utf8/LC_NAME>
1426285 openat(AT_FDCWD</tmp/kernel-audit2-v3r63b5w/\346\261\202\350\247\243\345\231\250>, "/usr/lib/locale/C.UTF-8/LC_PAPER", O_RDONLY|O_CLOEXEC) = -1 ENOENT (No such file or directory)
1426285 openat(AT_FDCWD</tmp/kernel-audit2-v3r63b5w/\346\261\202\350\247\243\345\231\250>, "/usr/lib/locale/C.utf8/LC_PAPER", O_RDONLY|O_CLOEXEC) = 3</usr/lib/locale/C.utf8/LC_PAPER>
1426285 openat(AT_FDCWD</tmp/kernel-audit2-v3r63b5w/\346\261\202\350\247\243\345\231\250>, "/usr/lib/locale/C.UTF-8/LC_MESSAGES", O_RDONLY|O_CLOEXEC) = -1 ENOENT (No such file or directory)
1426285 openat(AT_FDCWD</tmp/kernel-audit2-v3r63b5w/\346\261\202\350\247\243\345\231\250>, "/usr/lib/locale/C.utf8/LC_MESSAGES", O_RDONLY|O_CLOEXEC) = 3</usr/lib/locale/C.utf8/LC_MESSAGES>
1426285 openat(AT_FDCWD</tmp/kernel-audit2-v3r63b5w/\346\261\202\350\247\243\345\231\250>, "/usr/lib/locale/C.utf8/LC_MESSAGES/SYS_LC_MESSAGES", O_RDONLY|O_CLOEXEC) = 3</usr/lib/locale/C.utf8/LC_MESSAGES/SYS_LC_MESSAGES>
1426285 openat(AT_FDCWD</tmp/kernel-audit2-v3r63b5w/\346\261\202\350\247\243\345\231\250>, "/usr/lib/locale/C.UTF-8/LC_MONETARY", O_RDONLY|O_CLOEXEC) = -1 ENOENT (No such file or directory)
1426285 openat(AT_FDCWD</tmp/kernel-audit2-v3r63b5w/\346\261\202\350\247\243\345\231\250>, "/usr/lib/locale/C.utf8/LC_MONETARY", O_RDONLY|O_CLOEXEC) = 3</usr/lib/locale/C.utf8/LC_MONETARY>
1426285 openat(AT_FDCWD</tmp/kernel-audit2-v3r63b5w/\346\261\202\350\247\243\345\231\250>, "/usr/lib/locale/C.UTF-8/LC_COLLATE", O_RDONLY|O_CLOEXEC) = -1 ENOENT (No such file or directory)
1426285 openat(AT_FDCWD</tmp/kernel-audit2-v3r63b5w/\346\261\202\350\247\243\345\231\250>, "/usr/lib/locale/C.utf8/LC_COLLATE", O_RDONLY|O_CLOEXEC) = 3</usr/lib/locale/C.utf8/LC_COLLATE>
1426285 openat(AT_FDCWD</tmp/kernel-audit2-v3r63b5w/\346\261\202\350\247\243\345\231\250>, "/usr/lib/locale/C.UTF-8/LC_TIME", O_RDONLY|O_CLOEXEC) = -1 ENOENT (No such file or directory)
1426285 openat(AT_FDCWD</tmp/kernel-audit2-v3r63b5w/\346\261\202\350\247\243\345\231\250>, "/usr/lib/locale/C.utf8/LC_TIME", O_RDONLY|O_CLOEXEC) = 3</usr/lib/locale/C.utf8/LC_TIME>
1426285 openat(AT_FDCWD</tmp/kernel-audit2-v3r63b5w/\346\261\202\350\247\243\345\231\250>, "/usr/lib/locale/C.UTF-8/LC_NUMERIC", O_RDONLY|O_CLOEXEC) = -1 ENOENT (No such file or directory)
1426285 openat(AT_FDCWD</tmp/kernel-audit2-v3r63b5w/\346\261\202\350\247\243\345\231\250>, "/usr/lib/locale/C.utf8/LC_NUMERIC", O_RDONLY|O_CLOEXEC) = 3</usr/lib/locale/C.utf8/LC_NUMERIC>
1426285 openat(AT_FDCWD</tmp/kernel-audit2-v3r63b5w/\346\261\202\350\247\243\345\231\250>, "/usr/lib/locale/C.UTF-8/LC_CTYPE", O_RDONLY|O_CLOEXEC) = -1 ENOENT (No such file or directory)
1426285 openat(AT_FDCWD</tmp/kernel-audit2-v3r63b5w/\346\261\202\350\247\243\345\231\250>, "/usr/lib/locale/C.utf8/LC_CTYPE", O_RDONLY|O_CLOEXEC) = 3</usr/lib/locale/C.utf8/LC_CTYPE>
1426285 openat(AT_FDCWD</tmp/kernel-audit2-v3r63b5w/\346\261\202\350\247\243\345\231\250>, "/tmp/kernel-audit2-v3r63b5w/\346\261\202\350\247\243\345\231\250/\346\225\260\346\215\256/\346\255\243\345\274\217\351\235\231\346\200\201\347\233\256\345\275\225.json", O_RDONLY) = 3</tmp/kernel-audit2-v3r63b5w/\346\261\202\350\247\243\345\231\250/\346\225\260\346\215\256/\346\255\243\345\274\217\351\235\231\346\200\201\347\233\256\345\275\225.json>
1426283 --- SIGCHLD {si_signo=SIGCHLD, si_code=CLD_EXITED, si_pid=1426285, si_uid=1000, si_status=0, si_utime=0, si_stime=0} ---
1426283 openat(AT_FDCWD</tmp/kernel-audit2-v3r63b5w/\346\261\202\350\247\243\345\231\250>, "/dev/null", O_RDONLY|O_CLOEXEC) = 3</dev/null<char 1:3>>
1426286 execve("/home/zhuran24/.codex/tmp/arg0/codex-arg0DuAZRy/sha256sum", ["sha256sum", "--", "/tmp/kernel-audit2-v3r63b5w/\343\200\212\346\230\216\346\227\245\346\226\271\350\210\237\357\274\232\347\273\210\346\234\253\345\234\260\343\200\213\346\270\270\346\210\217\350\247\204\345\210\231.txt"], 0x7ffdc1bb9fc8 /* 135 vars */) = -1 ENOENT (No such file or directory)
1426286 execve("/home/zhuran24/.cargo/bin/sha256sum", ["sha256sum", "--", "/tmp/kernel-audit2-v3r63b5w/\343\200\212\346\230\216\346\227\245\346\226\271\350\210\237\357\274\232\347\273\210\346\234\253\345\234\260\343\200\213\346\270\270\346\210\217\350\247\204\345\210\231.txt"], 0x7ffdc1bb9fc8 /* 135 vars */) = -1 ENOENT (No such file or directory)
1426286 execve("/home/zhuran24/.local/bin/sha256sum", ["sha256sum", "--", "/tmp/kernel-audit2-v3r63b5w/\343\200\212\346\230\216\346\227\245\346\226\271\350\210\237\357\274\232\347\273\210\346\234\253\345\234\260\343\200\213\346\270\270\346\210\217\350\247\204\345\210\231.txt"], 0x7ffdc1bb9fc8 /* 135 vars */) = -1 ENOENT (No such file or directory)
1426286 execve("/home/zhuran24/.opencode/bin/sha256sum", ["sha256sum", "--", "/tmp/kernel-audit2-v3r63b5w/\343\200\212\346\230\216\346\227\245\346\226\271\350\210\237\357\274\232\347\273\210\346\234\253\345\234\260\343\200\213\346\270\270\346\210\217\350\247\204\345\210\231.txt"], 0x7ffdc1bb9fc8 /* 135 vars */) = -1 ENOENT (No such file or directory)
1426286 execve("/usr/local/bin/sha256sum", ["sha256sum", "--", "/tmp/kernel-audit2-v3r63b5w/\343\200\212\346\230\216\346\227\245\346\226\271\350\210\237\357\274\232\347\273\210\346\234\253\345\234\260\343\200\213\346\270\270\346\210\217\350\247\204\345\210\231.txt"], 0x7ffdc1bb9fc8 /* 135 vars */) = -1 ENOENT (No such file or directory)
1426286 execve("/usr/bin/sha256sum", ["sha256sum", "--", "/tmp/kernel-audit2-v3r63b5w/\343\200\212\346\230\216\346\227\245\346\226\271\350\210\237\357\274\232\347\273\210\346\234\253\345\234\260\343\200\213\346\270\270\346\210\217\350\247\204\345\210\231.txt"], 0x7ffdc1bb9fc8 /* 135 vars */) = 0
1426286 openat(AT_FDCWD</tmp/kernel-audit2-v3r63b5w/\346\261\202\350\247\243\345\231\250>, "/etc/ld.so.cache", O_RDONLY|O_CLOEXEC) = 3</etc/ld.so.cache>
1426286 openat(AT_FDCWD</tmp/kernel-audit2-v3r63b5w/\346\261\202\350\247\243\345\231\250>, "/usr/lib/libcrypto.so.3", O_RDONLY|O_CLOEXEC) = 3</usr/lib/libcrypto.so.3>
1426286 openat(AT_FDCWD</tmp/kernel-audit2-v3r63b5w/\346\261\202\350\247\243\345\231\250>, "/usr/lib/libc.so.6", O_RDONLY|O_CLOEXEC) = 3</usr/lib/libc.so.6>
1426286 openat(AT_FDCWD</tmp/kernel-audit2-v3r63b5w/\346\261\202\350\247\243\345\231\250>, "/usr/lib/libz.so.1", O_RDONLY|O_CLOEXEC) = 3</usr/lib/libz.so.1.3.1.zlib-ng>
1426286 openat(AT_FDCWD</tmp/kernel-audit2-v3r63b5w/\346\261\202\350\247\243\345\231\250>, "/usr/lib/libbrotlienc.so.1", O_RDONLY|O_CLOEXEC) = 3</usr/lib/libbrotlienc.so.1.2.0>
1426286 openat(AT_FDCWD</tmp/kernel-audit2-v3r63b5w/\346\261\202\350\247\243\345\231\250>, "/usr/lib/libbrotlidec.so.1", O_RDONLY|O_CLOEXEC) = 3</usr/lib/libbrotlidec.so.1.2.0>
1426286 openat(AT_FDCWD</tmp/kernel-audit2-v3r63b5w/\346\261\202\350\247\243\345\231\250>, "/usr/lib/libzstd.so.1", O_RDONLY|O_CLOEXEC) = 3</usr/lib/libzstd.so.1.5.7>
1426286 openat(AT_FDCWD</tmp/kernel-audit2-v3r63b5w/\346\261\202\350\247\243\345\231\250>, "/usr/lib/libm.so.6", O_RDONLY|O_CLOEXEC) = 3</usr/lib/libm.so.6>
1426286 openat(AT_FDCWD</tmp/kernel-audit2-v3r63b5w/\346\261\202\350\247\243\345\231\250>, "/usr/lib/libbrotlicommon.so.1", O_RDONLY|O_CLOEXEC) = 3</usr/lib/libbrotlicommon.so.1.2.0>
1426286 openat(AT_FDCWD</tmp/kernel-audit2-v3r63b5w/\346\261\202\350\247\243\345\231\250>, "/usr/lib/locale/locale-archive", O_RDONLY|O_CLOEXEC) = 3</usr/lib/locale/locale-archive>
1426286 openat(AT_FDCWD</tmp/kernel-audit2-v3r63b5w/\346\261\202\350\247\243\345\231\250>, "/usr/share/locale/locale.alias", O_RDONLY|O_CLOEXEC) = 3</usr/share/locale/locale.alias>
1426286 openat(AT_FDCWD</tmp/kernel-audit2-v3r63b5w/\346\261\202\350\247\243\345\231\250>, "/usr/lib/locale/C.UTF-8/LC_IDENTIFICATION", O_RDONLY|O_CLOEXEC) = -1 ENOENT (No such file or directory)
1426286 openat(AT_FDCWD</tmp/kernel-audit2-v3r63b5w/\346\261\202\350\247\243\345\231\250>, "/usr/lib/locale/C.utf8/LC_IDENTIFICATION", O_RDONLY|O_CLOEXEC) = 3</usr/lib/locale/C.utf8/LC_IDENTIFICATION>
1426286 openat(AT_FDCWD</tmp/kernel-audit2-v3r63b5w/\346\261\202\350\247\243\345\231\250>, "/usr/lib/gconv/gconv-modules.cache", O_RDONLY|O_CLOEXEC) = 3</usr/lib/gconv/gconv-modules.cache>
1426286 openat(AT_FDCWD</tmp/kernel-audit2-v3r63b5w/\346\261\202\350\247\243\345\231\250>, "/usr/lib/locale/C.UTF-8/LC_MEASUREMENT", O_RDONLY|O_CLOEXEC) = -1 ENOENT (No such file or directory)
1426286 openat(AT_FDCWD</tmp/kernel-audit2-v3r63b5w/\346\261\202\350\247\243\345\231\250>, "/usr/lib/locale/C.utf8/LC_MEASUREMENT", O_RDONLY|O_CLOEXEC) = 3</usr/lib/locale/C.utf8/LC_MEASUREMENT>
1426286 openat(AT_FDCWD</tmp/kernel-audit2-v3r63b5w/\346\261\202\350\247\243\345\231\250>, "/usr/lib/locale/C.UTF-8/LC_TELEPHONE", O_RDONLY|O_CLOEXEC) = -1 ENOENT (No such file or directory)
1426286 openat(AT_FDCWD</tmp/kernel-audit2-v3r63b5w/\346\261\202\350\247\243\345\231\250>, "/usr/lib/locale/C.utf8/LC_TELEPHONE", O_RDONLY|O_CLOEXEC) = 3</usr/lib/locale/C.utf8/LC_TELEPHONE>
1426286 openat(AT_FDCWD</tmp/kernel-audit2-v3r63b5w/\346\261\202\350\247\243\345\231\250>, "/usr/lib/locale/C.UTF-8/LC_ADDRESS", O_RDONLY|O_CLOEXEC) = -1 ENOENT (No such file or directory)
1426286 openat(AT_FDCWD</tmp/kernel-audit2-v3r63b5w/\346\261\202\350\247\243\345\231\250>, "/usr/lib/locale/C.utf8/LC_ADDRESS", O_RDONLY|O_CLOEXEC) = 3</usr/lib/locale/C.utf8/LC_ADDRESS>
1426286 openat(AT_FDCWD</tmp/kernel-audit2-v3r63b5w/\346\261\202\350\247\243\345\231\250>, "/usr/lib/locale/C.UTF-8/LC_NAME", O_RDONLY|O_CLOEXEC) = -1 ENOENT (No such file or directory)
1426286 openat(AT_FDCWD</tmp/kernel-audit2-v3r63b5w/\346\261\202\350\247\243\345\231\250>, "/usr/lib/locale/C.utf8/LC_NAME", O_RDONLY|O_CLOEXEC) = 3</usr/lib/locale/C.utf8/LC_NAME>
1426286 openat(AT_FDCWD</tmp/kernel-audit2-v3r63b5w/\346\261\202\350\247\243\345\231\250>, "/usr/lib/locale/C.UTF-8/LC_PAPER", O_RDONLY|O_CLOEXEC) = -1 ENOENT (No such file or directory)
1426286 openat(AT_FDCWD</tmp/kernel-audit2-v3r63b5w/\346\261\202\350\247\243\345\231\250>, "/usr/lib/locale/C.utf8/LC_PAPER", O_RDONLY|O_CLOEXEC) = 3</usr/lib/locale/C.utf8/LC_PAPER>
1426286 openat(AT_FDCWD</tmp/kernel-audit2-v3r63b5w/\346\261\202\350\247\243\345\231\250>, "/usr/lib/locale/C.UTF-8/LC_MESSAGES", O_RDONLY|O_CLOEXEC) = -1 ENOENT (No such file or directory)
1426286 openat(AT_FDCWD</tmp/kernel-audit2-v3r63b5w/\346\261\202\350\247\243\345\231\250>, "/usr/lib/locale/C.utf8/LC_MESSAGES", O_RDONLY|O_CLOEXEC) = 3</usr/lib/locale/C.utf8/LC_MESSAGES>
1426286 openat(AT_FDCWD</tmp/kernel-audit2-v3r63b5w/\346\261\202\350\247\243\345\231\250>, "/usr/lib/locale/C.utf8/LC_MESSAGES/SYS_LC_MESSAGES", O_RDONLY|O_CLOEXEC) = 3</usr/lib/locale/C.utf8/LC_MESSAGES/SYS_LC_MESSAGES>
1426286 openat(AT_FDCWD</tmp/kernel-audit2-v3r63b5w/\346\261\202\350\247\243\345\231\250>, "/usr/lib/locale/C.UTF-8/LC_MONETARY", O_RDONLY|O_CLOEXEC) = -1 ENOENT (No such file or directory)
1426286 openat(AT_FDCWD</tmp/kernel-audit2-v3r63b5w/\346\261\202\350\247\243\345\231\250>, "/usr/lib/locale/C.utf8/LC_MONETARY", O_RDONLY|O_CLOEXEC) = 3</usr/lib/locale/C.utf8/LC_MONETARY>
1426286 openat(AT_FDCWD</tmp/kernel-audit2-v3r63b5w/\346\261\202\350\247\243\345\231\250>, "/usr/lib/locale/C.UTF-8/LC_COLLATE", O_RDONLY|O_CLOEXEC) = -1 ENOENT (No such file or directory)
1426286 openat(AT_FDCWD</tmp/kernel-audit2-v3r63b5w/\346\261\202\350\247\243\345\231\250>, "/usr/lib/locale/C.utf8/LC_COLLATE", O_RDONLY|O_CLOEXEC) = 3</usr/lib/locale/C.utf8/LC_COLLATE>
1426286 openat(AT_FDCWD</tmp/kernel-audit2-v3r63b5w/\346\261\202\350\247\243\345\231\250>, "/usr/lib/locale/C.UTF-8/LC_TIME", O_RDONLY|O_CLOEXEC) = -1 ENOENT (No such file or directory)
1426286 openat(AT_FDCWD</tmp/kernel-audit2-v3r63b5w/\346\261\202\350\247\243\345\231\250>, "/usr/lib/locale/C.utf8/LC_TIME", O_RDONLY|O_CLOEXEC) = 3</usr/lib/locale/C.utf8/LC_TIME>
1426286 openat(AT_FDCWD</tmp/kernel-audit2-v3r63b5w/\346\261\202\350\247\243\345\231\250>, "/usr/lib/locale/C.UTF-8/LC_NUMERIC", O_RDONLY|O_CLOEXEC) = -1 ENOENT (No such file or directory)
1426286 openat(AT_FDCWD</tmp/kernel-audit2-v3r63b5w/\346\261\202\350\247\243\345\231\250>, "/usr/lib/locale/C.utf8/LC_NUMERIC", O_RDONLY|O_CLOEXEC) = 3</usr/lib/locale/C.utf8/LC_NUMERIC>
1426286 openat(AT_FDCWD</tmp/kernel-audit2-v3r63b5w/\346\261\202\350\247\243\345\231\250>, "/usr/lib/locale/C.UTF-8/LC_CTYPE", O_RDONLY|O_CLOEXEC) = -1 ENOENT (No such file or directory)
1426286 openat(AT_FDCWD</tmp/kernel-audit2-v3r63b5w/\346\261\202\350\247\243\345\231\250>, "/usr/lib/locale/C.utf8/LC_CTYPE", O_RDONLY|O_CLOEXEC) = 3</usr/lib/locale/C.utf8/LC_CTYPE>
1426286 openat(AT_FDCWD</tmp/kernel-audit2-v3r63b5w/\346\261\202\350\247\243\345\231\250>, "/tmp/kernel-audit2-v3r63b5w/\343\200\212\346\230\216\346\227\245\346\226\271\350\210\237\357\274\232\347\273\210\346\234\253\345\234\260\343\200\213\346\270\270\346\210\217\350\247\204\345\210\231.txt", O_RDONLY) = 3</tmp/kernel-audit2-v3r63b5w/\343\200\212\346\230\216\346\227\245\346\226\271\350\210\237\357\274\232\347\273\210\346\234\253\345\234\260\343\200\213\346\270\270\346\210\217\350\247\204\345\210\231.txt>
1426283 --- SIGCHLD {si_signo=SIGCHLD, si_code=CLD_EXITED, si_pid=1426286, si_uid=1000, si_status=0, si_utime=0, si_stime=0} ---
1426283 openat(AT_FDCWD</tmp/kernel-audit2-v3r63b5w/\346\261\202\350\247\243\345\231\250>, "/dev/null", O_RDONLY|O_CLOEXEC) = 3</dev/null<char 1:3>>
1426287 execve("/home/zhuran24/.codex/tmp/arg0/codex-arg0DuAZRy/sha256sum", ["sha256sum", "--", "/tmp/kernel-audit2-v3r63b5w/\346\261\202\350\247\243\344\273\273\345\212\241.txt"], 0x7ffdc1bb9fc8 /* 135 vars */) = -1 ENOENT (No such file or directory)
1426287 execve("/home/zhuran24/.cargo/bin/sha256sum", ["sha256sum", "--", "/tmp/kernel-audit2-v3r63b5w/\346\261\202\350\247\243\344\273\273\345\212\241.txt"], 0x7ffdc1bb9fc8 /* 135 vars */) = -1 ENOENT (No such file or directory)
1426287 execve("/home/zhuran24/.local/bin/sha256sum", ["sha256sum", "--", "/tmp/kernel-audit2-v3r63b5w/\346\261\202\350\247\243\344\273\273\345\212\241.txt"], 0x7ffdc1bb9fc8 /* 135 vars */) = -1 ENOENT (No such file or directory)
1426287 execve("/home/zhuran24/.opencode/bin/sha256sum", ["sha256sum", "--", "/tmp/kernel-audit2-v3r63b5w/\346\261\202\350\247\243\344\273\273\345\212\241.txt"], 0x7ffdc1bb9fc8 /* 135 vars */) = -1 ENOENT (No such file or directory)
1426287 execve("/usr/local/bin/sha256sum", ["sha256sum", "--", "/tmp/kernel-audit2-v3r63b5w/\346\261\202\350\247\243\344\273\273\345\212\241.txt"], 0x7ffdc1bb9fc8 /* 135 vars */) = -1 ENOENT (No such file or directory)
1426287 execve("/usr/bin/sha256sum", ["sha256sum", "--", "/tmp/kernel-audit2-v3r63b5w/\346\261\202\350\247\243\344\273\273\345\212\241.txt"], 0x7ffdc1bb9fc8 /* 135 vars */) = 0
1426287 openat(AT_FDCWD</tmp/kernel-audit2-v3r63b5w/\346\261\202\350\247\243\345\231\250>, "/etc/ld.so.cache", O_RDONLY|O_CLOEXEC) = 3</etc/ld.so.cache>
1426287 openat(AT_FDCWD</tmp/kernel-audit2-v3r63b5w/\346\261\202\350\247\243\345\231\250>, "/usr/lib/libcrypto.so.3", O_RDONLY|O_CLOEXEC) = 3</usr/lib/libcrypto.so.3>
1426287 openat(AT_FDCWD</tmp/kernel-audit2-v3r63b5w/\346\261\202\350\247\243\345\231\250>, "/usr/lib/libc.so.6", O_RDONLY|O_CLOEXEC) = 3</usr/lib/libc.so.6>
1426287 openat(AT_FDCWD</tmp/kernel-audit2-v3r63b5w/\346\261\202\350\247\243\345\231\250>, "/usr/lib/libz.so.1", O_RDONLY|O_CLOEXEC) = 3</usr/lib/libz.so.1.3.1.zlib-ng>
1426287 openat(AT_FDCWD</tmp/kernel-audit2-v3r63b5w/\346\261\202\350\247\243\345\231\250>, "/usr/lib/libbrotlienc.so.1", O_RDONLY|O_CLOEXEC) = 3</usr/lib/libbrotlienc.so.1.2.0>
1426287 openat(AT_FDCWD</tmp/kernel-audit2-v3r63b5w/\346\261\202\350\247\243\345\231\250>, "/usr/lib/libbrotlidec.so.1", O_RDONLY|O_CLOEXEC) = 3</usr/lib/libbrotlidec.so.1.2.0>
1426287 openat(AT_FDCWD</tmp/kernel-audit2-v3r63b5w/\346\261\202\350\247\243\345\231\250>, "/usr/lib/libzstd.so.1", O_RDONLY|O_CLOEXEC) = 3</usr/lib/libzstd.so.1.5.7>
1426287 openat(AT_FDCWD</tmp/kernel-audit2-v3r63b5w/\346\261\202\350\247\243\345\231\250>, "/usr/lib/libm.so.6", O_RDONLY|O_CLOEXEC) = 3</usr/lib/libm.so.6>
1426287 openat(AT_FDCWD</tmp/kernel-audit2-v3r63b5w/\346\261\202\350\247\243\345\231\250>, "/usr/lib/libbrotlicommon.so.1", O_RDONLY|O_CLOEXEC) = 3</usr/lib/libbrotlicommon.so.1.2.0>
1426287 openat(AT_FDCWD</tmp/kernel-audit2-v3r63b5w/\346\261\202\350\247\243\345\231\250>, "/usr/lib/locale/locale-archive", O_RDONLY|O_CLOEXEC) = 3</usr/lib/locale/locale-archive>
1426287 openat(AT_FDCWD</tmp/kernel-audit2-v3r63b5w/\346\261\202\350\247\243\345\231\250>, "/usr/share/locale/locale.alias", O_RDONLY|O_CLOEXEC) = 3</usr/share/locale/locale.alias>
1426287 openat(AT_FDCWD</tmp/kernel-audit2-v3r63b5w/\346\261\202\350\247\243\345\231\250>, "/usr/lib/locale/C.UTF-8/LC_IDENTIFICATION", O_RDONLY|O_CLOEXEC) = -1 ENOENT (No such file or directory)
1426287 openat(AT_FDCWD</tmp/kernel-audit2-v3r63b5w/\346\261\202\350\247\243\345\231\250>, "/usr/lib/locale/C.utf8/LC_IDENTIFICATION", O_RDONLY|O_CLOEXEC) = 3</usr/lib/locale/C.utf8/LC_IDENTIFICATION>
1426287 openat(AT_FDCWD</tmp/kernel-audit2-v3r63b5w/\346\261\202\350\247\243\345\231\250>, "/usr/lib/gconv/gconv-modules.cache", O_RDONLY|O_CLOEXEC) = 3</usr/lib/gconv/gconv-modules.cache>
1426287 openat(AT_FDCWD</tmp/kernel-audit2-v3r63b5w/\346\261\202\350\247\243\345\231\250>, "/usr/lib/locale/C.UTF-8/LC_MEASUREMENT", O_RDONLY|O_CLOEXEC) = -1 ENOENT (No such file or directory)
1426287 openat(AT_FDCWD</tmp/kernel-audit2-v3r63b5w/\346\261\202\350\247\243\345\231\250>, "/usr/lib/locale/C.utf8/LC_MEASUREMENT", O_RDONLY|O_CLOEXEC) = 3</usr/lib/locale/C.utf8/LC_MEASUREMENT>
1426287 openat(AT_FDCWD</tmp/kernel-audit2-v3r63b5w/\346\261\202\350\247\243\345\231\250>, "/usr/lib/locale/C.UTF-8/LC_TELEPHONE", O_RDONLY|O_CLOEXEC) = -1 ENOENT (No such file or directory)
1426287 openat(AT_FDCWD</tmp/kernel-audit2-v3r63b5w/\346\261\202\350\247\243\345\231\250>, "/usr/lib/locale/C.utf8/LC_TELEPHONE", O_RDONLY|O_CLOEXEC) = 3</usr/lib/locale/C.utf8/LC_TELEPHONE>
1426287 openat(AT_FDCWD</tmp/kernel-audit2-v3r63b5w/\346\261\202\350\247\243\345\231\250>, "/usr/lib/locale/C.UTF-8/LC_ADDRESS", O_RDONLY|O_CLOEXEC) = -1 ENOENT (No such file or directory)
1426287 openat(AT_FDCWD</tmp/kernel-audit2-v3r63b5w/\346\261\202\350\247\243\345\231\250>, "/usr/lib/locale/C.utf8/LC_ADDRESS", O_RDONLY|O_CLOEXEC) = 3</usr/lib/locale/C.utf8/LC_ADDRESS>
1426287 openat(AT_FDCWD</tmp/kernel-audit2-v3r63b5w/\346\261\202\350\247\243\345\231\250>, "/usr/lib/locale/C.UTF-8/LC_NAME", O_RDONLY|O_CLOEXEC) = -1 ENOENT (No such file or directory)
1426287 openat(AT_FDCWD</tmp/kernel-audit2-v3r63b5w/\346\261\202\350\247\243\345\231\250>, "/usr/lib/locale/C.utf8/LC_NAME", O_RDONLY|O_CLOEXEC) = 3</usr/lib/locale/C.utf8/LC_NAME>
1426287 openat(AT_FDCWD</tmp/kernel-audit2-v3r63b5w/\346\261\202\350\247\243\345\231\250>, "/usr/lib/locale/C.UTF-8/LC_PAPER", O_RDONLY|O_CLOEXEC) = -1 ENOENT (No such file or directory)
1426287 openat(AT_FDCWD</tmp/kernel-audit2-v3r63b5w/\346\261\202\350\247\243\345\231\250>, "/usr/lib/locale/C.utf8/LC_PAPER", O_RDONLY|O_CLOEXEC) = 3</usr/lib/locale/C.utf8/LC_PAPER>
1426287 openat(AT_FDCWD</tmp/kernel-audit2-v3r63b5w/\346\261\202\350\247\243\345\231\250>, "/usr/lib/locale/C.UTF-8/LC_MESSAGES", O_RDONLY|O_CLOEXEC) = -1 ENOENT (No such file or directory)
1426287 openat(AT_FDCWD</tmp/kernel-audit2-v3r63b5w/\346\261\202\350\247\243\345\231\250>, "/usr/lib/locale/C.utf8/LC_MESSAGES", O_RDONLY|O_CLOEXEC) = 3</usr/lib/locale/C.utf8/LC_MESSAGES>
1426287 openat(AT_FDCWD</tmp/kernel-audit2-v3r63b5w/\346\261\202\350\247\243\345\231\250>, "/usr/lib/locale/C.utf8/LC_MESSAGES/SYS_LC_MESSAGES", O_RDONLY|O_CLOEXEC) = 3</usr/lib/locale/C.utf8/LC_MESSAGES/SYS_LC_MESSAGES>
1426287 openat(AT_FDCWD</tmp/kernel-audit2-v3r63b5w/\346\261\202\350\247\243\345\231\250>, "/usr/lib/locale/C.UTF-8/LC_MONETARY", O_RDONLY|O_CLOEXEC) = -1 ENOENT (No such file or directory)
1426287 openat(AT_FDCWD</tmp/kernel-audit2-v3r63b5w/\346\261\202\350\247\243\345\231\250>, "/usr/lib/locale/C.utf8/LC_MONETARY", O_RDONLY|O_CLOEXEC) = 3</usr/lib/locale/C.utf8/LC_MONETARY>
1426287 openat(AT_FDCWD</tmp/kernel-audit2-v3r63b5w/\346\261\202\350\247\243\345\231\250>, "/usr/lib/locale/C.UTF-8/LC_COLLATE", O_RDONLY|O_CLOEXEC) = -1 ENOENT (No such file or directory)
1426287 openat(AT_FDCWD</tmp/kernel-audit2-v3r63b5w/\346\261\202\350\247\243\345\231\250>, "/usr/lib/locale/C.utf8/LC_COLLATE", O_RDONLY|O_CLOEXEC) = 3</usr/lib/locale/C.utf8/LC_COLLATE>
1426287 openat(AT_FDCWD</tmp/kernel-audit2-v3r63b5w/\346\261\202\350\247\243\345\231\250>, "/usr/lib/locale/C.UTF-8/LC_TIME", O_RDONLY|O_CLOEXEC) = -1 ENOENT (No such file or directory)
1426287 openat(AT_FDCWD</tmp/kernel-audit2-v3r63b5w/\346\261\202\350\247\243\345\231\250>, "/usr/lib/locale/C.utf8/LC_TIME", O_RDONLY|O_CLOEXEC) = 3</usr/lib/locale/C.utf8/LC_TIME>
1426287 openat(AT_FDCWD</tmp/kernel-audit2-v3r63b5w/\346\261\202\350\247\243\345\231\250>, "/usr/lib/locale/C.UTF-8/LC_NUMERIC", O_RDONLY|O_CLOEXEC) = -1 ENOENT (No such file or directory)
1426287 openat(AT_FDCWD</tmp/kernel-audit2-v3r63b5w/\346\261\202\350\247\243\345\231\250>, "/usr/lib/locale/C.utf8/LC_NUMERIC", O_RDONLY|O_CLOEXEC) = 3</usr/lib/locale/C.utf8/LC_NUMERIC>
1426287 openat(AT_FDCWD</tmp/kernel-audit2-v3r63b5w/\346\261\202\350\247\243\345\231\250>, "/usr/lib/locale/C.UTF-8/LC_CTYPE", O_RDONLY|O_CLOEXEC) = -1 ENOENT (No such file or directory)
1426287 openat(AT_FDCWD</tmp/kernel-audit2-v3r63b5w/\346\261\202\350\247\243\345\231\250>, "/usr/lib/locale/C.utf8/LC_CTYPE", O_RDONLY|O_CLOEXEC) = 3</usr/lib/locale/C.utf8/LC_CTYPE>
1426287 openat(AT_FDCWD</tmp/kernel-audit2-v3r63b5w/\346\261\202\350\247\243\345\231\250>, "/tmp/kernel-audit2-v3r63b5w/\346\261\202\350\247\243\344\273\273\345\212\241.txt", O_RDONLY) = 3</tmp/kernel-audit2-v3r63b5w/\346\261\202\350\247\243\344\273\273\345\212\241.txt>
1426283 --- SIGCHLD {si_signo=SIGCHLD, si_code=CLD_EXITED, si_pid=1426287, si_uid=1000, si_status=0, si_utime=0, si_stime=0} ---
1426283 openat(AT_FDCWD</tmp/kernel-audit2-v3r63b5w/\346\261\202\350\247\243\345\231\250>, "/dev/null", O_RDONLY|O_CLOEXEC) = 3</dev/null<char 1:3>>
1426288 execve("/home/zhuran24/.codex/tmp/arg0/codex-arg0DuAZRy/sha256sum", ["sha256sum", "--", "/tmp/kernel-audit2-v3r63b5w/\346\261\202\350\247\243\347\272\246\346\235\237.txt"], 0x7ffdc1bb9fc8 /* 135 vars */) = -1 ENOENT (No such file or directory)
1426288 execve("/home/zhuran24/.cargo/bin/sha256sum", ["sha256sum", "--", "/tmp/kernel-audit2-v3r63b5w/\346\261\202\350\247\243\347\272\246\346\235\237.txt"], 0x7ffdc1bb9fc8 /* 135 vars */) = -1 ENOENT (No such file or directory)
1426288 execve("/home/zhuran24/.local/bin/sha256sum", ["sha256sum", "--", "/tmp/kernel-audit2-v3r63b5w/\346\261\202\350\247\243\347\272\246\346\235\237.txt"], 0x7ffdc1bb9fc8 /* 135 vars */) = -1 ENOENT (No such file or directory)
1426288 execve("/home/zhuran24/.opencode/bin/sha256sum", ["sha256sum", "--", "/tmp/kernel-audit2-v3r63b5w/\346\261\202\350\247\243\347\272\246\346\235\237.txt"], 0x7ffdc1bb9fc8 /* 135 vars */) = -1 ENOENT (No such file or directory)
1426288 execve("/usr/local/bin/sha256sum", ["sha256sum", "--", "/tmp/kernel-audit2-v3r63b5w/\346\261\202\350\247\243\347\272\246\346\235\237.txt"], 0x7ffdc1bb9fc8 /* 135 vars */) = -1 ENOENT (No such file or directory)
1426288 execve("/usr/bin/sha256sum", ["sha256sum", "--", "/tmp/kernel-audit2-v3r63b5w/\346\261\202\350\247\243\347\272\246\346\235\237.txt"], 0x7ffdc1bb9fc8 /* 135 vars */) = 0
1426288 openat(AT_FDCWD</tmp/kernel-audit2-v3r63b5w/\346\261\202\350\247\243\345\231\250>, "/etc/ld.so.cache", O_RDONLY|O_CLOEXEC) = 3</etc/ld.so.cache>
1426288 openat(AT_FDCWD</tmp/kernel-audit2-v3r63b5w/\346\261\202\350\247\243\345\231\250>, "/usr/lib/libcrypto.so.3", O_RDONLY|O_CLOEXEC) = 3</usr/lib/libcrypto.so.3>
1426288 openat(AT_FDCWD</tmp/kernel-audit2-v3r63b5w/\346\261\202\350\247\243\345\231\250>, "/usr/lib/libc.so.6", O_RDONLY|O_CLOEXEC) = 3</usr/lib/libc.so.6>
1426288 openat(AT_FDCWD</tmp/kernel-audit2-v3r63b5w/\346\261\202\350\247\243\345\231\250>, "/usr/lib/libz.so.1", O_RDONLY|O_CLOEXEC) = 3</usr/lib/libz.so.1.3.1.zlib-ng>
1426288 openat(AT_FDCWD</tmp/kernel-audit2-v3r63b5w/\346\261\202\350\247\243\345\231\250>, "/usr/lib/libbrotlienc.so.1", O_RDONLY|O_CLOEXEC) = 3</usr/lib/libbrotlienc.so.1.2.0>
1426288 openat(AT_FDCWD</tmp/kernel-audit2-v3r63b5w/\346\261\202\350\247\243\345\231\250>, "/usr/lib/libbrotlidec.so.1", O_RDONLY|O_CLOEXEC) = 3</usr/lib/libbrotlidec.so.1.2.0>
1426288 openat(AT_FDCWD</tmp/kernel-audit2-v3r63b5w/\346\261\202\350\247\243\345\231\250>, "/usr/lib/libzstd.so.1", O_RDONLY|O_CLOEXEC) = 3</usr/lib/libzstd.so.1.5.7>
1426288 openat(AT_FDCWD</tmp/kernel-audit2-v3r63b5w/\346\261\202\350\247\243\345\231\250>, "/usr/lib/libm.so.6", O_RDONLY|O_CLOEXEC) = 3</usr/lib/libm.so.6>
1426288 openat(AT_FDCWD</tmp/kernel-audit2-v3r63b5w/\346\261\202\350\247\243\345\231\250>, "/usr/lib/libbrotlicommon.so.1", O_RDONLY|O_CLOEXEC) = 3</usr/lib/libbrotlicommon.so.1.2.0>
1426288 openat(AT_FDCWD</tmp/kernel-audit2-v3r63b5w/\346\261\202\350\247\243\345\231\250>, "/usr/lib/locale/locale-archive", O_RDONLY|O_CLOEXEC) = 3</usr/lib/locale/locale-archive>
1426288 openat(AT_FDCWD</tmp/kernel-audit2-v3r63b5w/\346\261\202\350\247\243\345\231\250>, "/usr/share/locale/locale.alias", O_RDONLY|O_CLOEXEC) = 3</usr/share/locale/locale.alias>
1426288 openat(AT_FDCWD</tmp/kernel-audit2-v3r63b5w/\346\261\202\350\247\243\345\231\250>, "/usr/lib/locale/C.UTF-8/LC_IDENTIFICATION", O_RDONLY|O_CLOEXEC) = -1 ENOENT (No such file or directory)
1426288 openat(AT_FDCWD</tmp/kernel-audit2-v3r63b5w/\346\261\202\350\247\243\345\231\250>, "/usr/lib/locale/C.utf8/LC_IDENTIFICATION", O_RDONLY|O_CLOEXEC) = 3</usr/lib/locale/C.utf8/LC_IDENTIFICATION>
1426288 openat(AT_FDCWD</tmp/kernel-audit2-v3r63b5w/\346\261\202\350\247\243\345\231\250>, "/usr/lib/gconv/gconv-modules.cache", O_RDONLY|O_CLOEXEC) = 3</usr/lib/gconv/gconv-modules.cache>
1426288 openat(AT_FDCWD</tmp/kernel-audit2-v3r63b5w/\346\261\202\350\247\243\345\231\250>, "/usr/lib/locale/C.UTF-8/LC_MEASUREMENT", O_RDONLY|O_CLOEXEC) = -1 ENOENT (No such file or directory)
1426288 openat(AT_FDCWD</tmp/kernel-audit2-v3r63b5w/\346\261\202\350\247\243\345\231\250>, "/usr/lib/locale/C.utf8/LC_MEASUREMENT", O_RDONLY|O_CLOEXEC) = 3</usr/lib/locale/C.utf8/LC_MEASUREMENT>
1426288 openat(AT_FDCWD</tmp/kernel-audit2-v3r63b5w/\346\261\202\350\247\243\345\231\250>, "/usr/lib/locale/C.UTF-8/LC_TELEPHONE", O_RDONLY|O_CLOEXEC) = -1 ENOENT (No such file or directory)
1426288 openat(AT_FDCWD</tmp/kernel-audit2-v3r63b5w/\346\261\202\350\247\243\345\231\250>, "/usr/lib/locale/C.utf8/LC_TELEPHONE", O_RDONLY|O_CLOEXEC) = 3</usr/lib/locale/C.utf8/LC_TELEPHONE>
1426288 openat(AT_FDCWD</tmp/kernel-audit2-v3r63b5w/\346\261\202\350\247\243\345\231\250>, "/usr/lib/locale/C.UTF-8/LC_ADDRESS", O_RDONLY|O_CLOEXEC) = -1 ENOENT (No such file or directory)
1426288 openat(AT_FDCWD</tmp/kernel-audit2-v3r63b5w/\346\261\202\350\247\243\345\231\250>, "/usr/lib/locale/C.utf8/LC_ADDRESS", O_RDONLY|O_CLOEXEC) = 3</usr/lib/locale/C.utf8/LC_ADDRESS>
1426288 openat(AT_FDCWD</tmp/kernel-audit2-v3r63b5w/\346\261\202\350\247\243\345\231\250>, "/usr/lib/locale/C.UTF-8/LC_NAME", O_RDONLY|O_CLOEXEC) = -1 ENOENT (No such file or directory)
1426288 openat(AT_FDCWD</tmp/kernel-audit2-v3r63b5w/\346\261\202\350\247\243\345\231\250>, "/usr/lib/locale/C.utf8/LC_NAME", O_RDONLY|O_CLOEXEC) = 3</usr/lib/locale/C.utf8/LC_NAME>
1426288 openat(AT_FDCWD</tmp/kernel-audit2-v3r63b5w/\346\261\202\350\247\243\345\231\250>, "/usr/lib/locale/C.UTF-8/LC_PAPER", O_RDONLY|O_CLOEXEC) = -1 ENOENT (No such file or directory)
1426288 openat(AT_FDCWD</tmp/kernel-audit2-v3r63b5w/\346\261\202\350\247\243\345\231\250>, "/usr/lib/locale/C.utf8/LC_PAPER", O_RDONLY|O_CLOEXEC) = 3</usr/lib/locale/C.utf8/LC_PAPER>
1426288 openat(AT_FDCWD</tmp/kernel-audit2-v3r63b5w/\346\261\202\350\247\243\345\231\250>, "/usr/lib/locale/C.UTF-8/LC_MESSAGES", O_RDONLY|O_CLOEXEC) = -1 ENOENT (No such file or directory)
1426288 openat(AT_FDCWD</tmp/kernel-audit2-v3r63b5w/\346\261\202\350\247\243\345\231\250>, "/usr/lib/locale/C.utf8/LC_MESSAGES", O_RDONLY|O_CLOEXEC) = 3</usr/lib/locale/C.utf8/LC_MESSAGES>
1426288 openat(AT_FDCWD</tmp/kernel-audit2-v3r63b5w/\346\261\202\350\247\243\345\231\250>, "/usr/lib/locale/C.utf8/LC_MESSAGES/SYS_LC_MESSAGES", O_RDONLY|O_CLOEXEC) = 3</usr/lib/locale/C.utf8/LC_MESSAGES/SYS_LC_MESSAGES>
1426288 openat(AT_FDCWD</tmp/kernel-audit2-v3r63b5w/\346\261\202\350\247\243\345\231\250>, "/usr/lib/locale/C.UTF-8/LC_MONETARY", O_RDONLY|O_CLOEXEC) = -1 ENOENT (No such file or directory)
1426288 openat(AT_FDCWD</tmp/kernel-audit2-v3r63b5w/\346\261\202\350\247\243\345\231\250>, "/usr/lib/locale/C.utf8/LC_MONETARY", O_RDONLY|O_CLOEXEC) = 3</usr/lib/locale/C.utf8/LC_MONETARY>
1426288 openat(AT_FDCWD</tmp/kernel-audit2-v3r63b5w/\346\261\202\350\247\243\345\231\250>, "/usr/lib/locale/C.UTF-8/LC_COLLATE", O_RDONLY|O_CLOEXEC) = -1 ENOENT (No such file or directory)
1426288 openat(AT_FDCWD</tmp/kernel-audit2-v3r63b5w/\346\261\202\350\247\243\345\231\250>, "/usr/lib/locale/C.utf8/LC_COLLATE", O_RDONLY|O_CLOEXEC) = 3</usr/lib/locale/C.utf8/LC_COLLATE>
1426288 openat(AT_FDCWD</tmp/kernel-audit2-v3r63b5w/\346\261\202\350\247\243\345\231\250>, "/usr/lib/locale/C.UTF-8/LC_TIME", O_RDONLY|O_CLOEXEC) = -1 ENOENT (No such file or directory)
1426288 openat(AT_FDCWD</tmp/kernel-audit2-v3r63b5w/\346\261\202\350\247\243\345\231\250>, "/usr/lib/locale/C.utf8/LC_TIME", O_RDONLY|O_CLOEXEC) = 3</usr/lib/locale/C.utf8/LC_TIME>
1426288 openat(AT_FDCWD</tmp/kernel-audit2-v3r63b5w/\346\261\202\350\247\243\345\231\250>, "/usr/lib/locale/C.UTF-8/LC_NUMERIC", O_RDONLY|O_CLOEXEC) = -1 ENOENT (No such file or directory)
1426288 openat(AT_FDCWD</tmp/kernel-audit2-v3r63b5w/\346\261\202\350\247\243\345\231\250>, "/usr/lib/locale/C.utf8/LC_NUMERIC", O_RDONLY|O_CLOEXEC) = 3</usr/lib/locale/C.utf8/LC_NUMERIC>
1426288 openat(AT_FDCWD</tmp/kernel-audit2-v3r63b5w/\346\261\202\350\247\243\345\231\250>, "/usr/lib/locale/C.UTF-8/LC_CTYPE", O_RDONLY|O_CLOEXEC) = -1 ENOENT (No such file or directory)
1426288 openat(AT_FDCWD</tmp/kernel-audit2-v3r63b5w/\346\261\202\350\247\243\345\231\250>, "/usr/lib/locale/C.utf8/LC_CTYPE", O_RDONLY|O_CLOEXEC) = 3</usr/lib/locale/C.utf8/LC_CTYPE>
1426288 openat(AT_FDCWD</tmp/kernel-audit2-v3r63b5w/\346\261\202\350\247\243\345\231\250>, "/tmp/kernel-audit2-v3r63b5w/\346\261\202\350\247\243\347\272\246\346\235\237.txt", O_RDONLY) = 3</tmp/kernel-audit2-v3r63b5w/\346\261\202\350\247\243\347\272\246\346\235\237.txt>
1426283 --- SIGCHLD {si_signo=SIGCHLD, si_code=CLD_EXITED, si_pid=1426288, si_uid=1000, si_status=0, si_utime=0, si_stime=0} ---
1426283 openat(AT_FDCWD</tmp/kernel-audit2-v3r63b5w/\346\261\202\350\247\243\345\231\250>, "/dev/null", O_RDONLY|O_CLOEXEC) = 3</dev/null<char 1:3>>
1426289 execve("/home/zhuran24/.codex/tmp/arg0/codex-arg0DuAZRy/sha256sum", ["sha256sum", "--", "/tmp/kernel-audit2-v3r63b5w/\346\261\202\350\247\243\345\231\250/\350\247\204\346\240\274/\351\200\211\346\213\251\347\202\271\345\217\202\346\225\260\350\275\264.md"], 0x7ffdc1bb9fc8 /* 135 vars */) = -1 ENOENT (No such file or directory)
1426289 execve("/home/zhuran24/.cargo/bin/sha256sum", ["sha256sum", "--", "/tmp/kernel-audit2-v3r63b5w/\346\261\202\350\247\243\345\231\250/\350\247\204\346\240\274/\351\200\211\346\213\251\347\202\271\345\217\202\346\225\260\350\275\264.md"], 0x7ffdc1bb9fc8 /* 135 vars */) = -1 ENOENT (No such file or directory)
1426289 execve("/home/zhuran24/.local/bin/sha256sum", ["sha256sum", "--", "/tmp/kernel-audit2-v3r63b5w/\346\261\202\350\247\243\345\231\250/\350\247\204\346\240\274/\351\200\211\346\213\251\347\202\271\345\217\202\346\225\260\350\275\264.md"], 0x7ffdc1bb9fc8 /* 135 vars */) = -1 ENOENT (No such file or directory)
1426289 execve("/home/zhuran24/.opencode/bin/sha256sum", ["sha256sum", "--", "/tmp/kernel-audit2-v3r63b5w/\346\261\202\350\247\243\345\231\250/\350\247\204\346\240\274/\351\200\211\346\213\251\347\202\271\345\217\202\346\225\260\350\275\264.md"], 0x7ffdc1bb9fc8 /* 135 vars */) = -1 ENOENT (No such file or directory)
1426289 execve("/usr/local/bin/sha256sum", ["sha256sum", "--", "/tmp/kernel-audit2-v3r63b5w/\346\261\202\350\247\243\345\231\250/\350\247\204\346\240\274/\351\200\211\346\213\251\347\202\271\345\217\202\346\225\260\350\275\264.md"], 0x7ffdc1bb9fc8 /* 135 vars */) = -1 ENOENT (No such file or directory)
1426289 execve("/usr/bin/sha256sum", ["sha256sum", "--", "/tmp/kernel-audit2-v3r63b5w/\346\261\202\350\247\243\345\231\250/\350\247\204\346\240\274/\351\200\211\346\213\251\347\202\271\345\217\202\346\225\260\350\275\264.md"], 0x7ffdc1bb9fc8 /* 135 vars */) = 0
1426289 openat(AT_FDCWD</tmp/kernel-audit2-v3r63b5w/\346\261\202\350\247\243\345\231\250>, "/etc/ld.so.cache", O_RDONLY|O_CLOEXEC) = 3</etc/ld.so.cache>
1426289 openat(AT_FDCWD</tmp/kernel-audit2-v3r63b5w/\346\261\202\350\247\243\345\231\250>, "/usr/lib/libcrypto.so.3", O_RDONLY|O_CLOEXEC) = 3</usr/lib/libcrypto.so.3>
1426289 openat(AT_FDCWD</tmp/kernel-audit2-v3r63b5w/\346\261\202\350\247\243\345\231\250>, "/usr/lib/libc.so.6", O_RDONLY|O_CLOEXEC) = 3</usr/lib/libc.so.6>
1426289 openat(AT_FDCWD</tmp/kernel-audit2-v3r63b5w/\346\261\202\350\247\243\345\231\250>, "/usr/lib/libz.so.1", O_RDONLY|O_CLOEXEC) = 3</usr/lib/libz.so.1.3.1.zlib-ng>
1426289 openat(AT_FDCWD</tmp/kernel-audit2-v3r63b5w/\346\261\202\350\247\243\345\231\250>, "/usr/lib/libbrotlienc.so.1", O_RDONLY|O_CLOEXEC) = 3</usr/lib/libbrotlienc.so.1.2.0>
1426289 openat(AT_FDCWD</tmp/kernel-audit2-v3r63b5w/\346\261\202\350\247\243\345\231\250>, "/usr/lib/libbrotlidec.so.1", O_RDONLY|O_CLOEXEC) = 3</usr/lib/libbrotlidec.so.1.2.0>
1426289 openat(AT_FDCWD</tmp/kernel-audit2-v3r63b5w/\346\261\202\350\247\243\345\231\250>, "/usr/lib/libzstd.so.1", O_RDONLY|O_CLOEXEC) = 3</usr/lib/libzstd.so.1.5.7>
1426289 openat(AT_FDCWD</tmp/kernel-audit2-v3r63b5w/\346\261\202\350\247\243\345\231\250>, "/usr/lib/libm.so.6", O_RDONLY|O_CLOEXEC) = 3</usr/lib/libm.so.6>
1426289 openat(AT_FDCWD</tmp/kernel-audit2-v3r63b5w/\346\261\202\350\247\243\345\231\250>, "/usr/lib/libbrotlicommon.so.1", O_RDONLY|O_CLOEXEC) = 3</usr/lib/libbrotlicommon.so.1.2.0>
1426289 openat(AT_FDCWD</tmp/kernel-audit2-v3r63b5w/\346\261\202\350\247\243\345\231\250>, "/usr/lib/locale/locale-archive", O_RDONLY|O_CLOEXEC) = 3</usr/lib/locale/locale-archive>
1426289 openat(AT_FDCWD</tmp/kernel-audit2-v3r63b5w/\346\261\202\350\247\243\345\231\250>, "/usr/share/locale/locale.alias", O_RDONLY|O_CLOEXEC) = 3</usr/share/locale/locale.alias>
1426289 openat(AT_FDCWD</tmp/kernel-audit2-v3r63b5w/\346\261\202\350\247\243\345\231\250>, "/usr/lib/locale/C.UTF-8/LC_IDENTIFICATION", O_RDONLY|O_CLOEXEC) = -1 ENOENT (No such file or directory)
1426289 openat(AT_FDCWD</tmp/kernel-audit2-v3r63b5w/\346\261\202\350\247\243\345\231\250>, "/usr/lib/locale/C.utf8/LC_IDENTIFICATION", O_RDONLY|O_CLOEXEC) = 3</usr/lib/locale/C.utf8/LC_IDENTIFICATION>
1426289 openat(AT_FDCWD</tmp/kernel-audit2-v3r63b5w/\346\261\202\350\247\243\345\231\250>, "/usr/lib/gconv/gconv-modules.cache", O_RDONLY|O_CLOEXEC) = 3</usr/lib/gconv/gconv-modules.cache>
1426289 openat(AT_FDCWD</tmp/kernel-audit2-v3r63b5w/\346\261\202\350\247\243\345\231\250>, "/usr/lib/locale/C.UTF-8/LC_MEASUREMENT", O_RDONLY|O_CLOEXEC) = -1 ENOENT (No such file or directory)
1426289 openat(AT_FDCWD</tmp/kernel-audit2-v3r63b5w/\346\261\202\350\247\243\345\231\250>, "/usr/lib/locale/C.utf8/LC_MEASUREMENT", O_RDONLY|O_CLOEXEC) = 3</usr/lib/locale/C.utf8/LC_MEASUREMENT>
1426289 openat(AT_FDCWD</tmp/kernel-audit2-v3r63b5w/\346\261\202\350\247\243\345\231\250>, "/usr/lib/locale/C.UTF-8/LC_TELEPHONE", O_RDONLY|O_CLOEXEC) = -1 ENOENT (No such file or directory)
1426289 openat(AT_FDCWD</tmp/kernel-audit2-v3r63b5w/\346\261\202\350\247\243\345\231\250>, "/usr/lib/locale/C.utf8/LC_TELEPHONE", O_RDONLY|O_CLOEXEC) = 3</usr/lib/locale/C.utf8/LC_TELEPHONE>
1426289 openat(AT_FDCWD</tmp/kernel-audit2-v3r63b5w/\346\261\202\350\247\243\345\231\250>, "/usr/lib/locale/C.UTF-8/LC_ADDRESS", O_RDONLY|O_CLOEXEC) = -1 ENOENT (No such file or directory)
1426289 openat(AT_FDCWD</tmp/kernel-audit2-v3r63b5w/\346\261\202\350\247\243\345\231\250>, "/usr/lib/locale/C.utf8/LC_ADDRESS", O_RDONLY|O_CLOEXEC) = 3</usr/lib/locale/C.utf8/LC_ADDRESS>
1426289 openat(AT_FDCWD</tmp/kernel-audit2-v3r63b5w/\346\261\202\350\247\243\345\231\250>, "/usr/lib/locale/C.UTF-8/LC_NAME", O_RDONLY|O_CLOEXEC) = -1 ENOENT (No such file or directory)
1426289 openat(AT_FDCWD</tmp/kernel-audit2-v3r63b5w/\346\261\202\350\247\243\345\231\250>, "/usr/lib/locale/C.utf8/LC_NAME", O_RDONLY|O_CLOEXEC) = 3</usr/lib/locale/C.utf8/LC_NAME>
1426289 openat(AT_FDCWD</tmp/kernel-audit2-v3r63b5w/\346\261\202\350\247\243\345\231\250>, "/usr/lib/locale/C.UTF-8/LC_PAPER", O_RDONLY|O_CLOEXEC) = -1 ENOENT (No such file or directory)
1426289 openat(AT_FDCWD</tmp/kernel-audit2-v3r63b5w/\346\261\202\350\247\243\345\231\250>, "/usr/lib/locale/C.utf8/LC_PAPER", O_RDONLY|O_CLOEXEC) = 3</usr/lib/locale/C.utf8/LC_PAPER>
1426289 openat(AT_FDCWD</tmp/kernel-audit2-v3r63b5w/\346\261\202\350\247\243\345\231\250>, "/usr/lib/locale/C.UTF-8/LC_MESSAGES", O_RDONLY|O_CLOEXEC) = -1 ENOENT (No such file or directory)
1426289 openat(AT_FDCWD</tmp/kernel-audit2-v3r63b5w/\346\261\202\350\247\243\345\231\250>, "/usr/lib/locale/C.utf8/LC_MESSAGES", O_RDONLY|O_CLOEXEC) = 3</usr/lib/locale/C.utf8/LC_MESSAGES>
1426289 openat(AT_FDCWD</tmp/kernel-audit2-v3r63b5w/\346\261\202\350\247\243\345\231\250>, "/usr/lib/locale/C.utf8/LC_MESSAGES/SYS_LC_MESSAGES", O_RDONLY|O_CLOEXEC) = 3</usr/lib/locale/C.utf8/LC_MESSAGES/SYS_LC_MESSAGES>
1426289 openat(AT_FDCWD</tmp/kernel-audit2-v3r63b5w/\346\261\202\350\247\243\345\231\250>, "/usr/lib/locale/C.UTF-8/LC_MONETARY", O_RDONLY|O_CLOEXEC) = -1 ENOENT (No such file or directory)
1426289 openat(AT_FDCWD</tmp/kernel-audit2-v3r63b5w/\346\261\202\350\247\243\345\231\250>, "/usr/lib/locale/C.utf8/LC_MONETARY", O_RDONLY|O_CLOEXEC) = 3</usr/lib/locale/C.utf8/LC_MONETARY>
1426289 openat(AT_FDCWD</tmp/kernel-audit2-v3r63b5w/\346\261\202\350\247\243\345\231\250>, "/usr/lib/locale/C.UTF-8/LC_COLLATE", O_RDONLY|O_CLOEXEC) = -1 ENOENT (No such file or directory)
1426289 openat(AT_FDCWD</tmp/kernel-audit2-v3r63b5w/\346\261\202\350\247\243\345\231\250>, "/usr/lib/locale/C.utf8/LC_COLLATE", O_RDONLY|O_CLOEXEC) = 3</usr/lib/locale/C.utf8/LC_COLLATE>
1426289 openat(AT_FDCWD</tmp/kernel-audit2-v3r63b5w/\346\261\202\350\247\243\345\231\250>, "/usr/lib/locale/C.UTF-8/LC_TIME", O_RDONLY|O_CLOEXEC) = -1 ENOENT (No such file or directory)
1426289 openat(AT_FDCWD</tmp/kernel-audit2-v3r63b5w/\346\261\202\350\247\243\345\231\250>, "/usr/lib/locale/C.utf8/LC_TIME", O_RDONLY|O_CLOEXEC) = 3</usr/lib/locale/C.utf8/LC_TIME>
1426289 openat(AT_FDCWD</tmp/kernel-audit2-v3r63b5w/\346\261\202\350\247\243\345\231\250>, "/usr/lib/locale/C.UTF-8/LC_NUMERIC", O_RDONLY|O_CLOEXEC) = -1 ENOENT (No such file or directory)
1426289 openat(AT_FDCWD</tmp/kernel-audit2-v3r63b5w/\346\261\202\350\247\243\345\231\250>, "/usr/lib/locale/C.utf8/LC_NUMERIC", O_RDONLY|O_CLOEXEC) = 3</usr/lib/locale/C.utf8/LC_NUMERIC>
1426289 openat(AT_FDCWD</tmp/kernel-audit2-v3r63b5w/\346\261\202\350\247\243\345\231\250>, "/usr/lib/locale/C.UTF-8/LC_CTYPE", O_RDONLY|O_CLOEXEC) = -1 ENOENT (No such file or directory)
1426289 openat(AT_FDCWD</tmp/kernel-audit2-v3r63b5w/\346\261\202\350\247\243\345\231\250>, "/usr/lib/locale/C.utf8/LC_CTYPE", O_RDONLY|O_CLOEXEC) = 3</usr/lib/locale/C.utf8/LC_CTYPE>
1426289 openat(AT_FDCWD</tmp/kernel-audit2-v3r63b5w/\346\261\202\350\247\243\345\231\250>, "/tmp/kernel-audit2-v3r63b5w/\346\261\202\350\247\243\345\231\250/\350\247\204\346\240\274/\351\200\211\346\213\251\347\202\271\345\217\202\346\225\260\350\275\264.md", O_RDONLY) = 3</tmp/kernel-audit2-v3r63b5w/\346\261\202\350\247\243\345\231\250/\350\247\204\346\240\274/\351\200\211\346\213\251\347\202\271\345\217\202\346\225\260\350\275\264.md>
1426283 --- SIGCHLD {si_signo=SIGCHLD, si_code=CLD_EXITED, si_pid=1426289, si_uid=1000, si_status=0, si_utime=0, si_stime=0} ---
1426283 openat(AT_FDCWD</tmp/kernel-audit2-v3r63b5w/\346\261\202\350\247\243\345\231\250>, "/tmp/kernel-audit2-v3r63b5w/\346\261\202\350\247\243\345\231\250/\346\225\260\346\215\256/\346\240\267\344\276\213/\347\224\237\344\272\247\345\276\252\347\216\257\347\216\257\345\270\246.json", O_RDONLY|O_CLOEXEC) = 3</tmp/kernel-audit2-v3r63b5w/\346\261\202\350\247\243\345\231\250/\346\225\260\346\215\256/\346\240\267\344\276\213/\347\224\237\344\272\247\345\276\252\347\216\257\347\216\257\345\270\246.json>
1426283 openat(AT_FDCWD</tmp/kernel-audit2-v3r63b5w/\346\261\202\350\247\243\345\231\250>, "/dev/null", O_RDONLY|O_CLOEXEC) = 3</dev/null<char 1:3>>
1426290 execve("/home/zhuran24/.codex/tmp/arg0/codex-arg0DuAZRy/sha256sum", ["sha256sum", "--", "/tmp/kernel-audit2-v3r63b5w/\346\261\202\350\247\243\345\231\250/\346\225\260\346\215\256/\346\240\267\344\276\213/\347\224\237\344\272\247\345\276\252\347\216\257\347\216\257\345\270\246.json"], 0x7ffdc1bb9fc8 /* 135 vars */) = -1 ENOENT (No such file or directory)
1426290 execve("/home/zhuran24/.cargo/bin/sha256sum", ["sha256sum", "--", "/tmp/kernel-audit2-v3r63b5w/\346\261\202\350\247\243\345\231\250/\346\225\260\346\215\256/\346\240\267\344\276\213/\347\224\237\344\272\247\345\276\252\347\216\257\347\216\257\345\270\246.json"], 0x7ffdc1bb9fc8 /* 135 vars */) = -1 ENOENT (No such file or directory)
1426290 execve("/home/zhuran24/.local/bin/sha256sum", ["sha256sum", "--", "/tmp/kernel-audit2-v3r63b5w/\346\261\202\350\247\243\345\231\250/\346\225\260\346\215\256/\346\240\267\344\276\213/\347\224\237\344\272\247\345\276\252\347\216\257\347\216\257\345\270\246.json"], 0x7ffdc1bb9fc8 /* 135 vars */) = -1 ENOENT (No such file or directory)
1426290 execve("/home/zhuran24/.opencode/bin/sha256sum", ["sha256sum", "--", "/tmp/kernel-audit2-v3r63b5w/\346\261\202\350\247\243\345\231\250/\346\225\260\346\215\256/\346\240\267\344\276\213/\347\224\237\344\272\247\345\276\252\347\216\257\347\216\257\345\270\246.json"], 0x7ffdc1bb9fc8 /* 135 vars */) = -1 ENOENT (No such file or directory)
1426290 execve("/usr/local/bin/sha256sum", ["sha256sum", "--", "/tmp/kernel-audit2-v3r63b5w/\346\261\202\350\247\243\345\231\250/\346\225\260\346\215\256/\346\240\267\344\276\213/\347\224\237\344\272\247\345\276\252\347\216\257\347\216\257\345\270\246.json"], 0x7ffdc1bb9fc8 /* 135 vars */) = -1 ENOENT (No such file or directory)
1426290 execve("/usr/bin/sha256sum", ["sha256sum", "--", "/tmp/kernel-audit2-v3r63b5w/\346\261\202\350\247\243\345\231\250/\346\225\260\346\215\256/\346\240\267\344\276\213/\347\224\237\344\272\247\345\276\252\347\216\257\347\216\257\345\270\246.json"], 0x7ffdc1bb9fc8 /* 135 vars */) = 0
1426290 openat(AT_FDCWD</tmp/kernel-audit2-v3r63b5w/\346\261\202\350\247\243\345\231\250>, "/etc/ld.so.cache", O_RDONLY|O_CLOEXEC) = 3</etc/ld.so.cache>
1426290 openat(AT_FDCWD</tmp/kernel-audit2-v3r63b5w/\346\261\202\350\247\243\345\231\250>, "/usr/lib/libcrypto.so.3", O_RDONLY|O_CLOEXEC) = 3</usr/lib/libcrypto.so.3>
1426290 openat(AT_FDCWD</tmp/kernel-audit2-v3r63b5w/\346\261\202\350\247\243\345\231\250>, "/usr/lib/libc.so.6", O_RDONLY|O_CLOEXEC) = 3</usr/lib/libc.so.6>
1426290 openat(AT_FDCWD</tmp/kernel-audit2-v3r63b5w/\346\261\202\350\247\243\345\231\250>, "/usr/lib/libz.so.1", O_RDONLY|O_CLOEXEC) = 3</usr/lib/libz.so.1.3.1.zlib-ng>
1426290 openat(AT_FDCWD</tmp/kernel-audit2-v3r63b5w/\346\261\202\350\247\243\345\231\250>, "/usr/lib/libbrotlienc.so.1", O_RDONLY|O_CLOEXEC) = 3</usr/lib/libbrotlienc.so.1.2.0>
1426290 openat(AT_FDCWD</tmp/kernel-audit2-v3r63b5w/\346\261\202\350\247\243\345\231\250>, "/usr/lib/libbrotlidec.so.1", O_RDONLY|O_CLOEXEC) = 3</usr/lib/libbrotlidec.so.1.2.0>
1426290 openat(AT_FDCWD</tmp/kernel-audit2-v3r63b5w/\346\261\202\350\247\243\345\231\250>, "/usr/lib/libzstd.so.1", O_RDONLY|O_CLOEXEC) = 3</usr/lib/libzstd.so.1.5.7>
1426290 openat(AT_FDCWD</tmp/kernel-audit2-v3r63b5w/\346\261\202\350\247\243\345\231\250>, "/usr/lib/libm.so.6", O_RDONLY|O_CLOEXEC) = 3</usr/lib/libm.so.6>
1426290 openat(AT_FDCWD</tmp/kernel-audit2-v3r63b5w/\346\261\202\350\247\243\345\231\250>, "/usr/lib/libbrotlicommon.so.1", O_RDONLY|O_CLOEXEC) = 3</usr/lib/libbrotlicommon.so.1.2.0>
1426290 openat(AT_FDCWD</tmp/kernel-audit2-v3r63b5w/\346\261\202\350\247\243\345\231\250>, "/usr/lib/locale/locale-archive", O_RDONLY|O_CLOEXEC) = 3</usr/lib/locale/locale-archive>
1426290 openat(AT_FDCWD</tmp/kernel-audit2-v3r63b5w/\346\261\202\350\247\243\345\231\250>, "/usr/share/locale/locale.alias", O_RDONLY|O_CLOEXEC) = 3</usr/share/locale/locale.alias>
1426290 openat(AT_FDCWD</tmp/kernel-audit2-v3r63b5w/\346\261\202\350\247\243\345\231\250>, "/usr/lib/locale/C.UTF-8/LC_IDENTIFICATION", O_RDONLY|O_CLOEXEC) = -1 ENOENT (No such file or directory)
1426290 openat(AT_FDCWD</tmp/kernel-audit2-v3r63b5w/\346\261\202\350\247\243\345\231\250>, "/usr/lib/locale/C.utf8/LC_IDENTIFICATION", O_RDONLY|O_CLOEXEC) = 3</usr/lib/locale/C.utf8/LC_IDENTIFICATION>
1426290 openat(AT_FDCWD</tmp/kernel-audit2-v3r63b5w/\346\261\202\350\247\243\345\231\250>, "/usr/lib/gconv/gconv-modules.cache", O_RDONLY|O_CLOEXEC) = 3</usr/lib/gconv/gconv-modules.cache>
1426290 openat(AT_FDCWD</tmp/kernel-audit2-v3r63b5w/\346\261\202\350\247\243\345\231\250>, "/usr/lib/locale/C.UTF-8/LC_MEASUREMENT", O_RDONLY|O_CLOEXEC) = -1 ENOENT (No such file or directory)
1426290 openat(AT_FDCWD</tmp/kernel-audit2-v3r63b5w/\346\261\202\350\247\243\345\231\250>, "/usr/lib/locale/C.utf8/LC_MEASUREMENT", O_RDONLY|O_CLOEXEC) = 3</usr/lib/locale/C.utf8/LC_MEASUREMENT>
1426290 openat(AT_FDCWD</tmp/kernel-audit2-v3r63b5w/\346\261\202\350\247\243\345\231\250>, "/usr/lib/locale/C.UTF-8/LC_TELEPHONE", O_RDONLY|O_CLOEXEC) = -1 ENOENT (No such file or directory)
1426290 openat(AT_FDCWD</tmp/kernel-audit2-v3r63b5w/\346\261\202\350\247\243\345\231\250>, "/usr/lib/locale/C.utf8/LC_TELEPHONE", O_RDONLY|O_CLOEXEC) = 3</usr/lib/locale/C.utf8/LC_TELEPHONE>
1426290 openat(AT_FDCWD</tmp/kernel-audit2-v3r63b5w/\346\261\202\350\247\243\345\231\250>, "/usr/lib/locale/C.UTF-8/LC_ADDRESS", O_RDONLY|O_CLOEXEC) = -1 ENOENT (No such file or directory)
1426290 openat(AT_FDCWD</tmp/kernel-audit2-v3r63b5w/\346\261\202\350\247\243\345\231\250>, "/usr/lib/locale/C.utf8/LC_ADDRESS", O_RDONLY|O_CLOEXEC) = 3</usr/lib/locale/C.utf8/LC_ADDRESS>
1426290 openat(AT_FDCWD</tmp/kernel-audit2-v3r63b5w/\346\261\202\350\247\243\345\231\250>, "/usr/lib/locale/C.UTF-8/LC_NAME", O_RDONLY|O_CLOEXEC) = -1 ENOENT (No such file or directory)
1426290 openat(AT_FDCWD</tmp/kernel-audit2-v3r63b5w/\346\261\202\350\247\243\345\231\250>, "/usr/lib/locale/C.utf8/LC_NAME", O_RDONLY|O_CLOEXEC) = 3</usr/lib/locale/C.utf8/LC_NAME>
1426290 openat(AT_FDCWD</tmp/kernel-audit2-v3r63b5w/\346\261\202\350\247\243\345\231\250>, "/usr/lib/locale/C.UTF-8/LC_PAPER", O_RDONLY|O_CLOEXEC) = -1 ENOENT (No such file or directory)
1426290 openat(AT_FDCWD</tmp/kernel-audit2-v3r63b5w/\346\261\202\350\247\243\345\231\250>, "/usr/lib/locale/C.utf8/LC_PAPER", O_RDONLY|O_CLOEXEC) = 3</usr/lib/locale/C.utf8/LC_PAPER>
1426290 openat(AT_FDCWD</tmp/kernel-audit2-v3r63b5w/\346\261\202\350\247\243\345\231\250>, "/usr/lib/locale/C.UTF-8/LC_MESSAGES", O_RDONLY|O_CLOEXEC) = -1 ENOENT (No such file or directory)
1426290 openat(AT_FDCWD</tmp/kernel-audit2-v3r63b5w/\346\261\202\350\247\243\345\231\250>, "/usr/lib/locale/C.utf8/LC_MESSAGES", O_RDONLY|O_CLOEXEC) = 3</usr/lib/locale/C.utf8/LC_MESSAGES>
1426290 openat(AT_FDCWD</tmp/kernel-audit2-v3r63b5w/\346\261\202\350\247\243\345\231\250>, "/usr/lib/locale/C.utf8/LC_MESSAGES/SYS_LC_MESSAGES", O_RDONLY|O_CLOEXEC) = 3</usr/lib/locale/C.utf8/LC_MESSAGES/SYS_LC_MESSAGES>
1426290 openat(AT_FDCWD</tmp/kernel-audit2-v3r63b5w/\346\261\202\350\247\243\345\231\250>, "/usr/lib/locale/C.UTF-8/LC_MONETARY", O_RDONLY|O_CLOEXEC) = -1 ENOENT (No such file or directory)
1426290 openat(AT_FDCWD</tmp/kernel-audit2-v3r63b5w/\346\261\202\350\247\243\345\231\250>, "/usr/lib/locale/C.utf8/LC_MONETARY", O_RDONLY|O_CLOEXEC) = 3</usr/lib/locale/C.utf8/LC_MONETARY>
1426290 openat(AT_FDCWD</tmp/kernel-audit2-v3r63b5w/\346\261\202\350\247\243\345\231\250>, "/usr/lib/locale/C.UTF-8/LC_COLLATE", O_RDONLY|O_CLOEXEC) = -1 ENOENT (No such file or directory)
1426290 openat(AT_FDCWD</tmp/kernel-audit2-v3r63b5w/\346\261\202\350\247\243\345\231\250>, "/usr/lib/locale/C.utf8/LC_COLLATE", O_RDONLY|O_CLOEXEC) = 3</usr/lib/locale/C.utf8/LC_COLLATE>
1426290 openat(AT_FDCWD</tmp/kernel-audit2-v3r63b5w/\346\261\202\350\247\243\345\231\250>, "/usr/lib/locale/C.UTF-8/LC_TIME", O_RDONLY|O_CLOEXEC) = -1 ENOENT (No such file or directory)
1426290 openat(AT_FDCWD</tmp/kernel-audit2-v3r63b5w/\346\261\202\350\247\243\345\231\250>, "/usr/lib/locale/C.utf8/LC_TIME", O_RDONLY|O_CLOEXEC) = 3</usr/lib/locale/C.utf8/LC_TIME>
1426290 openat(AT_FDCWD</tmp/kernel-audit2-v3r63b5w/\346\261\202\350\247\243\345\231\250>, "/usr/lib/locale/C.UTF-8/LC_NUMERIC", O_RDONLY|O_CLOEXEC) = -1 ENOENT (No such file or directory)
1426290 openat(AT_FDCWD</tmp/kernel-audit2-v3r63b5w/\346\261\202\350\247\243\345\231\250>, "/usr/lib/locale/C.utf8/LC_NUMERIC", O_RDONLY|O_CLOEXEC) = 3</usr/lib/locale/C.utf8/LC_NUMERIC>
1426290 openat(AT_FDCWD</tmp/kernel-audit2-v3r63b5w/\346\261\202\350\247\243\345\231\250>, "/usr/lib/locale/C.UTF-8/LC_CTYPE", O_RDONLY|O_CLOEXEC) = -1 ENOENT (No such file or directory)
1426290 openat(AT_FDCWD</tmp/kernel-audit2-v3r63b5w/\346\261\202\350\247\243\345\231\250>, "/usr/lib/locale/C.utf8/LC_CTYPE", O_RDONLY|O_CLOEXEC) = 3</usr/lib/locale/C.utf8/LC_CTYPE>
1426290 openat(AT_FDCWD</tmp/kernel-audit2-v3r63b5w/\346\261\202\350\247\243\345\231\250>, "/tmp/kernel-audit2-v3r63b5w/\346\261\202\350\247\243\345\231\250/\346\225\260\346\215\256/\346\240\267\344\276\213/\347\224\237\344\272\247\345\276\252\347\216\257\347\216\257\345\270\246.json", O_RDONLY) = 3</tmp/kernel-audit2-v3r63b5w/\346\261\202\350\247\243\345\231\250/\346\225\260\346\215\256/\346\240\267\344\276\213/\347\224\237\344\272\247\345\276\252\347\216\257\347\216\257\345\270\246.json>
1426283 --- SIGCHLD {si_signo=SIGCHLD, si_code=CLD_EXITED, si_pid=1426290, si_uid=1000, si_status=0, si_utime=0, si_stime=0} ---
1426283 openat(AT_FDCWD</tmp/kernel-audit2-v3r63b5w/\346\261\202\350\247\243\345\231\250>, "/dev/null", O_RDONLY|O_CLOEXEC) = 3</dev/null<char 1:3>>
1426291 execve("/home/zhuran24/.codex/tmp/arg0/codex-arg0DuAZRy/sha256sum", ["sha256sum", "--", "/tmp/kernel-audit2-v3r63b5w/\346\261\202\350\247\243\345\231\250/\350\247\204\346\240\274/\345\206\205\346\240\270\351\205\215\347\275\256-v1.json"], 0x7ffdc1bb9fc8 /* 135 vars */) = -1 ENOENT (No such file or directory)
1426291 execve("/home/zhuran24/.cargo/bin/sha256sum", ["sha256sum", "--", "/tmp/kernel-audit2-v3r63b5w/\346\261\202\350\247\243\345\231\250/\350\247\204\346\240\274/\345\206\205\346\240\270\351\205\215\347\275\256-v1.json"], 0x7ffdc1bb9fc8 /* 135 vars */) = -1 ENOENT (No such file or directory)
1426291 execve("/home/zhuran24/.local/bin/sha256sum", ["sha256sum", "--", "/tmp/kernel-audit2-v3r63b5w/\346\261\202\350\247\243\345\231\250/\350\247\204\346\240\274/\345\206\205\346\240\270\351\205\215\347\275\256-v1.json"], 0x7ffdc1bb9fc8 /* 135 vars */) = -1 ENOENT (No such file or directory)
1426291 execve("/home/zhuran24/.opencode/bin/sha256sum", ["sha256sum", "--", "/tmp/kernel-audit2-v3r63b5w/\346\261\202\350\247\243\345\231\250/\350\247\204\346\240\274/\345\206\205\346\240\270\351\205\215\347\275\256-v1.json"], 0x7ffdc1bb9fc8 /* 135 vars */) = -1 ENOENT (No such file or directory)
1426291 execve("/usr/local/bin/sha256sum", ["sha256sum", "--", "/tmp/kernel-audit2-v3r63b5w/\346\261\202\350\247\243\345\231\250/\350\247\204\346\240\274/\345\206\205\346\240\270\351\205\215\347\275\256-v1.json"], 0x7ffdc1bb9fc8 /* 135 vars */) = -1 ENOENT (No such file or directory)
1426291 execve("/usr/bin/sha256sum", ["sha256sum", "--", "/tmp/kernel-audit2-v3r63b5w/\346\261\202\350\247\243\345\231\250/\350\247\204\346\240\274/\345\206\205\346\240\270\351\205\215\347\275\256-v1.json"], 0x7ffdc1bb9fc8 /* 135 vars */) = 0
1426291 openat(AT_FDCWD</tmp/kernel-audit2-v3r63b5w/\346\261\202\350\247\243\345\231\250>, "/etc/ld.so.cache", O_RDONLY|O_CLOEXEC) = 3</etc/ld.so.cache>
1426291 openat(AT_FDCWD</tmp/kernel-audit2-v3r63b5w/\346\261\202\350\247\243\345\231\250>, "/usr/lib/libcrypto.so.3", O_RDONLY|O_CLOEXEC) = 3</usr/lib/libcrypto.so.3>
1426291 openat(AT_FDCWD</tmp/kernel-audit2-v3r63b5w/\346\261\202\350\247\243\345\231\250>, "/usr/lib/libc.so.6", O_RDONLY|O_CLOEXEC) = 3</usr/lib/libc.so.6>
1426291 openat(AT_FDCWD</tmp/kernel-audit2-v3r63b5w/\346\261\202\350\247\243\345\231\250>, "/usr/lib/libz.so.1", O_RDONLY|O_CLOEXEC) = 3</usr/lib/libz.so.1.3.1.zlib-ng>
1426291 openat(AT_FDCWD</tmp/kernel-audit2-v3r63b5w/\346\261\202\350\247\243\345\231\250>, "/usr/lib/libbrotlienc.so.1", O_RDONLY|O_CLOEXEC) = 3</usr/lib/libbrotlienc.so.1.2.0>
1426291 openat(AT_FDCWD</tmp/kernel-audit2-v3r63b5w/\346\261\202\350\247\243\345\231\250>, "/usr/lib/libbrotlidec.so.1", O_RDONLY|O_CLOEXEC) = 3</usr/lib/libbrotlidec.so.1.2.0>
1426291 openat(AT_FDCWD</tmp/kernel-audit2-v3r63b5w/\346\261\202\350\247\243\345\231\250>, "/usr/lib/libzstd.so.1", O_RDONLY|O_CLOEXEC) = 3</usr/lib/libzstd.so.1.5.7>
1426291 openat(AT_FDCWD</tmp/kernel-audit2-v3r63b5w/\346\261\202\350\247\243\345\231\250>, "/usr/lib/libm.so.6", O_RDONLY|O_CLOEXEC) = 3</usr/lib/libm.so.6>
1426291 openat(AT_FDCWD</tmp/kernel-audit2-v3r63b5w/\346\261\202\350\247\243\345\231\250>, "/usr/lib/libbrotlicommon.so.1", O_RDONLY|O_CLOEXEC) = 3</usr/lib/libbrotlicommon.so.1.2.0>
1426291 openat(AT_FDCWD</tmp/kernel-audit2-v3r63b5w/\346\261\202\350\247\243\345\231\250>, "/usr/lib/locale/locale-archive", O_RDONLY|O_CLOEXEC) = 3</usr/lib/locale/locale-archive>
1426291 openat(AT_FDCWD</tmp/kernel-audit2-v3r63b5w/\346\261\202\350\247\243\345\231\250>, "/usr/share/locale/locale.alias", O_RDONLY|O_CLOEXEC) = 3</usr/share/locale/locale.alias>
1426291 openat(AT_FDCWD</tmp/kernel-audit2-v3r63b5w/\346\261\202\350\247\243\345\231\250>, "/usr/lib/locale/C.UTF-8/LC_IDENTIFICATION", O_RDONLY|O_CLOEXEC) = -1 ENOENT (No such file or directory)
1426291 openat(AT_FDCWD</tmp/kernel-audit2-v3r63b5w/\346\261\202\350\247\243\345\231\250>, "/usr/lib/locale/C.utf8/LC_IDENTIFICATION", O_RDONLY|O_CLOEXEC) = 3</usr/lib/locale/C.utf8/LC_IDENTIFICATION>
1426291 openat(AT_FDCWD</tmp/kernel-audit2-v3r63b5w/\346\261\202\350\247\243\345\231\250>, "/usr/lib/gconv/gconv-modules.cache", O_RDONLY|O_CLOEXEC) = 3</usr/lib/gconv/gconv-modules.cache>
1426291 openat(AT_FDCWD</tmp/kernel-audit2-v3r63b5w/\346\261\202\350\247\243\345\231\250>, "/usr/lib/locale/C.UTF-8/LC_MEASUREMENT", O_RDONLY|O_CLOEXEC) = -1 ENOENT (No such file or directory)
1426291 openat(AT_FDCWD</tmp/kernel-audit2-v3r63b5w/\346\261\202\350\247\243\345\231\250>, "/usr/lib/locale/C.utf8/LC_MEASUREMENT", O_RDONLY|O_CLOEXEC) = 3</usr/lib/locale/C.utf8/LC_MEASUREMENT>
1426291 openat(AT_FDCWD</tmp/kernel-audit2-v3r63b5w/\346\261\202\350\247\243\345\231\250>, "/usr/lib/locale/C.UTF-8/LC_TELEPHONE", O_RDONLY|O_CLOEXEC) = -1 ENOENT (No such file or directory)
1426291 openat(AT_FDCWD</tmp/kernel-audit2-v3r63b5w/\346\261\202\350\247\243\345\231\250>, "/usr/lib/locale/C.utf8/LC_TELEPHONE", O_RDONLY|O_CLOEXEC) = 3</usr/lib/locale/C.utf8/LC_TELEPHONE>
1426291 openat(AT_FDCWD</tmp/kernel-audit2-v3r63b5w/\346\261\202\350\247\243\345\231\250>, "/usr/lib/locale/C.UTF-8/LC_ADDRESS", O_RDONLY|O_CLOEXEC) = -1 ENOENT (No such file or directory)
1426291 openat(AT_FDCWD</tmp/kernel-audit2-v3r63b5w/\346\261\202\350\247\243\345\231\250>, "/usr/lib/locale/C.utf8/LC_ADDRESS", O_RDONLY|O_CLOEXEC) = 3</usr/lib/locale/C.utf8/LC_ADDRESS>
1426291 openat(AT_FDCWD</tmp/kernel-audit2-v3r63b5w/\346\261\202\350\247\243\345\231\250>, "/usr/lib/locale/C.UTF-8/LC_NAME", O_RDONLY|O_CLOEXEC) = -1 ENOENT (No such file or directory)
1426291 openat(AT_FDCWD</tmp/kernel-audit2-v3r63b5w/\346\261\202\350\247\243\345\231\250>, "/usr/lib/locale/C.utf8/LC_NAME", O_RDONLY|O_CLOEXEC) = 3</usr/lib/locale/C.utf8/LC_NAME>
1426291 openat(AT_FDCWD</tmp/kernel-audit2-v3r63b5w/\346\261\202\350\247\243\345\231\250>, "/usr/lib/locale/C.UTF-8/LC_PAPER", O_RDONLY|O_CLOEXEC) = -1 ENOENT (No such file or directory)
1426291 openat(AT_FDCWD</tmp/kernel-audit2-v3r63b5w/\346\261\202\350\247\243\345\231\250>, "/usr/lib/locale/C.utf8/LC_PAPER", O_RDONLY|O_CLOEXEC) = 3</usr/lib/locale/C.utf8/LC_PAPER>
1426291 openat(AT_FDCWD</tmp/kernel-audit2-v3r63b5w/\346\261\202\350\247\243\345\231\250>, "/usr/lib/locale/C.UTF-8/LC_MESSAGES", O_RDONLY|O_CLOEXEC) = -1 ENOENT (No such file or directory)
1426291 openat(AT_FDCWD</tmp/kernel-audit2-v3r63b5w/\346\261\202\350\247\243\345\231\250>, "/usr/lib/locale/C.utf8/LC_MESSAGES", O_RDONLY|O_CLOEXEC) = 3</usr/lib/locale/C.utf8/LC_MESSAGES>
1426291 openat(AT_FDCWD</tmp/kernel-audit2-v3r63b5w/\346\261\202\350\247\243\345\231\250>, "/usr/lib/locale/C.utf8/LC_MESSAGES/SYS_LC_MESSAGES", O_RDONLY|O_CLOEXEC) = 3</usr/lib/locale/C.utf8/LC_MESSAGES/SYS_LC_MESSAGES>
1426291 openat(AT_FDCWD</tmp/kernel-audit2-v3r63b5w/\346\261\202\350\247\243\345\231\250>, "/usr/lib/locale/C.UTF-8/LC_MONETARY", O_RDONLY|O_CLOEXEC) = -1 ENOENT (No such file or directory)
1426291 openat(AT_FDCWD</tmp/kernel-audit2-v3r63b5w/\346\261\202\350\247\243\345\231\250>, "/usr/lib/locale/C.utf8/LC_MONETARY", O_RDONLY|O_CLOEXEC) = 3</usr/lib/locale/C.utf8/LC_MONETARY>
1426291 openat(AT_FDCWD</tmp/kernel-audit2-v3r63b5w/\346\261\202\350\247\243\345\231\250>, "/usr/lib/locale/C.UTF-8/LC_COLLATE", O_RDONLY|O_CLOEXEC) = -1 ENOENT (No such file or directory)
1426291 openat(AT_FDCWD</tmp/kernel-audit2-v3r63b5w/\346\261\202\350\247\243\345\231\250>, "/usr/lib/locale/C.utf8/LC_COLLATE", O_RDONLY|O_CLOEXEC) = 3</usr/lib/locale/C.utf8/LC_COLLATE>
1426291 openat(AT_FDCWD</tmp/kernel-audit2-v3r63b5w/\346\261\202\350\247\243\345\231\250>, "/usr/lib/locale/C.UTF-8/LC_TIME", O_RDONLY|O_CLOEXEC) = -1 ENOENT (No such file or directory)
1426291 openat(AT_FDCWD</tmp/kernel-audit2-v3r63b5w/\346\261\202\350\247\243\345\231\250>, "/usr/lib/locale/C.utf8/LC_TIME", O_RDONLY|O_CLOEXEC) = 3</usr/lib/locale/C.utf8/LC_TIME>
1426291 openat(AT_FDCWD</tmp/kernel-audit2-v3r63b5w/\346\261\202\350\247\243\345\231\250>, "/usr/lib/locale/C.UTF-8/LC_NUMERIC", O_RDONLY|O_CLOEXEC) = -1 ENOENT (No such file or directory)
1426291 openat(AT_FDCWD</tmp/kernel-audit2-v3r63b5w/\346\261\202\350\247\243\345\231\250>, "/usr/lib/locale/C.utf8/LC_NUMERIC", O_RDONLY|O_CLOEXEC) = 3</usr/lib/locale/C.utf8/LC_NUMERIC>
1426291 openat(AT_FDCWD</tmp/kernel-audit2-v3r63b5w/\346\261\202\350\247\243\345\231\250>, "/usr/lib/locale/C.UTF-8/LC_CTYPE", O_RDONLY|O_CLOEXEC) = -1 ENOENT (No such file or directory)
1426291 openat(AT_FDCWD</tmp/kernel-audit2-v3r63b5w/\346\261\202\350\247\243\345\231\250>, "/usr/lib/locale/C.utf8/LC_CTYPE", O_RDONLY|O_CLOEXEC) = 3</usr/lib/locale/C.utf8/LC_CTYPE>
1426291 openat(AT_FDCWD</tmp/kernel-audit2-v3r63b5w/\346\261\202\350\247\243\345\231\250>, "/tmp/kernel-audit2-v3r63b5w/\346\261\202\350\247\243\345\231\250/\350\247\204\346\240\274/\345\206\205\346\240\270\351\205\215\347\275\256-v1.json", O_RDONLY) = 3</tmp/kernel-audit2-v3r63b5w/\346\261\202\350\247\243\345\231\250/\350\247\204\346\240\274/\345\206\205\346\240\270\351\205\215\347\275\256-v1.json>
1426283 --- SIGCHLD {si_signo=SIGCHLD, si_code=CLD_EXITED, si_pid=1426291, si_uid=1000, si_status=0, si_utime=0, si_stime=0} ---
1426283 openat(AT_FDCWD</tmp/kernel-audit2-v3r63b5w/\346\261\202\350\247\243\345\231\250>, "/dev/null", O_RDONLY|O_CLOEXEC) = 3</dev/null<char 1:3>>
1426292 execve("/home/zhuran24/.codex/tmp/arg0/codex-arg0DuAZRy/sha256sum", ["sha256sum", "--", "/tmp/kernel-audit2-v3r63b5w/\346\261\202\350\247\243\345\231\250/\346\225\260\346\215\256/\346\255\243\345\274\217\351\235\231\346\200\201\347\233\256\345\275\225.json"], 0x7ffdc1bb9fc8 /* 135 vars */) = -1 ENOENT (No such file or directory)
1426292 execve("/home/zhuran24/.cargo/bin/sha256sum", ["sha256sum", "--", "/tmp/kernel-audit2-v3r63b5w/\346\261\202\350\247\243\345\231\250/\346\225\260\346\215\256/\346\255\243\345\274\217\351\235\231\346\200\201\347\233\256\345\275\225.json"], 0x7ffdc1bb9fc8 /* 135 vars */) = -1 ENOENT (No such file or directory)
1426292 execve("/home/zhuran24/.local/bin/sha256sum", ["sha256sum", "--", "/tmp/kernel-audit2-v3r63b5w/\346\261\202\350\247\243\345\231\250/\346\225\260\346\215\256/\346\255\243\345\274\217\351\235\231\346\200\201\347\233\256\345\275\225.json"], 0x7ffdc1bb9fc8 /* 135 vars */) = -1 ENOENT (No such file or directory)
1426292 execve("/home/zhuran24/.opencode/bin/sha256sum", ["sha256sum", "--", "/tmp/kernel-audit2-v3r63b5w/\346\261\202\350\247\243\345\231\250/\346\225\260\346\215\256/\346\255\243\345\274\217\351\235\231\346\200\201\347\233\256\345\275\225.json"], 0x7ffdc1bb9fc8 /* 135 vars */) = -1 ENOENT (No such file or directory)
1426292 execve("/usr/local/bin/sha256sum", ["sha256sum", "--", "/tmp/kernel-audit2-v3r63b5w/\346\261\202\350\247\243\345\231\250/\346\225\260\346\215\256/\346\255\243\345\274\217\351\235\231\346\200\201\347\233\256\345\275\225.json"], 0x7ffdc1bb9fc8 /* 135 vars */) = -1 ENOENT (No such file or directory)
1426292 execve("/usr/bin/sha256sum", ["sha256sum", "--", "/tmp/kernel-audit2-v3r63b5w/\346\261\202\350\247\243\345\231\250/\346\225\260\346\215\256/\346\255\243\345\274\217\351\235\231\346\200\201\347\233\256\345\275\225.json"], 0x7ffdc1bb9fc8 /* 135 vars */) = 0
1426292 openat(AT_FDCWD</tmp/kernel-audit2-v3r63b5w/\346\261\202\350\247\243\345\231\250>, "/etc/ld.so.cache", O_RDONLY|O_CLOEXEC) = 3</etc/ld.so.cache>
1426292 openat(AT_FDCWD</tmp/kernel-audit2-v3r63b5w/\346\261\202\350\247\243\345\231\250>, "/usr/lib/libcrypto.so.3", O_RDONLY|O_CLOEXEC) = 3</usr/lib/libcrypto.so.3>
1426292 openat(AT_FDCWD</tmp/kernel-audit2-v3r63b5w/\346\261\202\350\247\243\345\231\250>, "/usr/lib/libc.so.6", O_RDONLY|O_CLOEXEC) = 3</usr/lib/libc.so.6>
1426292 openat(AT_FDCWD</tmp/kernel-audit2-v3r63b5w/\346\261\202\350\247\243\345\231\250>, "/usr/lib/libz.so.1", O_RDONLY|O_CLOEXEC) = 3</usr/lib/libz.so.1.3.1.zlib-ng>
1426292 openat(AT_FDCWD</tmp/kernel-audit2-v3r63b5w/\346\261\202\350\247\243\345\231\250>, "/usr/lib/libbrotlienc.so.1", O_RDONLY|O_CLOEXEC) = 3</usr/lib/libbrotlienc.so.1.2.0>
1426292 openat(AT_FDCWD</tmp/kernel-audit2-v3r63b5w/\346\261\202\350\247\243\345\231\250>, "/usr/lib/libbrotlidec.so.1", O_RDONLY|O_CLOEXEC) = 3</usr/lib/libbrotlidec.so.1.2.0>
1426292 openat(AT_FDCWD</tmp/kernel-audit2-v3r63b5w/\346\261\202\350\247\243\345\231\250>, "/usr/lib/libzstd.so.1", O_RDONLY|O_CLOEXEC) = 3</usr/lib/libzstd.so.1.5.7>
1426292 openat(AT_FDCWD</tmp/kernel-audit2-v3r63b5w/\346\261\202\350\247\243\345\231\250>, "/usr/lib/libm.so.6", O_RDONLY|O_CLOEXEC) = 3</usr/lib/libm.so.6>
1426292 openat(AT_FDCWD</tmp/kernel-audit2-v3r63b5w/\346\261\202\350\247\243\345\231\250>, "/usr/lib/libbrotlicommon.so.1", O_RDONLY|O_CLOEXEC) = 3</usr/lib/libbrotlicommon.so.1.2.0>
1426292 openat(AT_FDCWD</tmp/kernel-audit2-v3r63b5w/\346\261\202\350\247\243\345\231\250>, "/usr/lib/locale/locale-archive", O_RDONLY|O_CLOEXEC) = 3</usr/lib/locale/locale-archive>
1426292 openat(AT_FDCWD</tmp/kernel-audit2-v3r63b5w/\346\261\202\350\247\243\345\231\250>, "/usr/share/locale/locale.alias", O_RDONLY|O_CLOEXEC) = 3</usr/share/locale/locale.alias>
1426292 openat(AT_FDCWD</tmp/kernel-audit2-v3r63b5w/\346\261\202\350\247\243\345\231\250>, "/usr/lib/locale/C.UTF-8/LC_IDENTIFICATION", O_RDONLY|O_CLOEXEC) = -1 ENOENT (No such file or directory)
1426292 openat(AT_FDCWD</tmp/kernel-audit2-v3r63b5w/\346\261\202\350\247\243\345\231\250>, "/usr/lib/locale/C.utf8/LC_IDENTIFICATION", O_RDONLY|O_CLOEXEC) = 3</usr/lib/locale/C.utf8/LC_IDENTIFICATION>
1426292 openat(AT_FDCWD</tmp/kernel-audit2-v3r63b5w/\346\261\202\350\247\243\345\231\250>, "/usr/lib/gconv/gconv-modules.cache", O_RDONLY|O_CLOEXEC) = 3</usr/lib/gconv/gconv-modules.cache>
1426292 openat(AT_FDCWD</tmp/kernel-audit2-v3r63b5w/\346\261\202\350\247\243\345\231\250>, "/usr/lib/locale/C.UTF-8/LC_MEASUREMENT", O_RDONLY|O_CLOEXEC) = -1 ENOENT (No such file or directory)
1426292 openat(AT_FDCWD</tmp/kernel-audit2-v3r63b5w/\346\261\202\350\247\243\345\231\250>, "/usr/lib/locale/C.utf8/LC_MEASUREMENT", O_RDONLY|O_CLOEXEC) = 3</usr/lib/locale/C.utf8/LC_MEASUREMENT>
1426292 openat(AT_FDCWD</tmp/kernel-audit2-v3r63b5w/\346\261\202\350\247\243\345\231\250>, "/usr/lib/locale/C.UTF-8/LC_TELEPHONE", O_RDONLY|O_CLOEXEC) = -1 ENOENT (No such file or directory)
1426292 openat(AT_FDCWD</tmp/kernel-audit2-v3r63b5w/\346\261\202\350\247\243\345\231\250>, "/usr/lib/locale/C.utf8/LC_TELEPHONE", O_RDONLY|O_CLOEXEC) = 3</usr/lib/locale/C.utf8/LC_TELEPHONE>
1426292 openat(AT_FDCWD</tmp/kernel-audit2-v3r63b5w/\346\261\202\350\247\243\345\231\250>, "/usr/lib/locale/C.UTF-8/LC_ADDRESS", O_RDONLY|O_CLOEXEC) = -1 ENOENT (No such file or directory)
1426292 openat(AT_FDCWD</tmp/kernel-audit2-v3r63b5w/\346\261\202\350\247\243\345\231\250>, "/usr/lib/locale/C.utf8/LC_ADDRESS", O_RDONLY|O_CLOEXEC) = 3</usr/lib/locale/C.utf8/LC_ADDRESS>
1426292 openat(AT_FDCWD</tmp/kernel-audit2-v3r63b5w/\346\261\202\350\247\243\345\231\250>, "/usr/lib/locale/C.UTF-8/LC_NAME", O_RDONLY|O_CLOEXEC) = -1 ENOENT (No such file or directory)
1426292 openat(AT_FDCWD</tmp/kernel-audit2-v3r63b5w/\346\261\202\350\247\243\345\231\250>, "/usr/lib/locale/C.utf8/LC_NAME", O_RDONLY|O_CLOEXEC) = 3</usr/lib/locale/C.utf8/LC_NAME>
1426292 openat(AT_FDCWD</tmp/kernel-audit2-v3r63b5w/\346\261\202\350\247\243\345\231\250>, "/usr/lib/locale/C.UTF-8/LC_PAPER", O_RDONLY|O_CLOEXEC) = -1 ENOENT (No such file or directory)
1426292 openat(AT_FDCWD</tmp/kernel-audit2-v3r63b5w/\346\261\202\350\247\243\345\231\250>, "/usr/lib/locale/C.utf8/LC_PAPER", O_RDONLY|O_CLOEXEC) = 3</usr/lib/locale/C.utf8/LC_PAPER>
1426292 openat(AT_FDCWD</tmp/kernel-audit2-v3r63b5w/\346\261\202\350\247\243\345\231\250>, "/usr/lib/locale/C.UTF-8/LC_MESSAGES", O_RDONLY|O_CLOEXEC) = -1 ENOENT (No such file or directory)
1426292 openat(AT_FDCWD</tmp/kernel-audit2-v3r63b5w/\346\261\202\350\247\243\345\231\250>, "/usr/lib/locale/C.utf8/LC_MESSAGES", O_RDONLY|O_CLOEXEC) = 3</usr/lib/locale/C.utf8/LC_MESSAGES>
1426292 openat(AT_FDCWD</tmp/kernel-audit2-v3r63b5w/\346\261\202\350\247\243\345\231\250>, "/usr/lib/locale/C.utf8/LC_MESSAGES/SYS_LC_MESSAGES", O_RDONLY|O_CLOEXEC) = 3</usr/lib/locale/C.utf8/LC_MESSAGES/SYS_LC_MESSAGES>
1426292 openat(AT_FDCWD</tmp/kernel-audit2-v3r63b5w/\346\261\202\350\247\243\345\231\250>, "/usr/lib/locale/C.UTF-8/LC_MONETARY", O_RDONLY|O_CLOEXEC) = -1 ENOENT (No such file or directory)
1426292 openat(AT_FDCWD</tmp/kernel-audit2-v3r63b5w/\346\261\202\350\247\243\345\231\250>, "/usr/lib/locale/C.utf8/LC_MONETARY", O_RDONLY|O_CLOEXEC) = 3</usr/lib/locale/C.utf8/LC_MONETARY>
1426292 openat(AT_FDCWD</tmp/kernel-audit2-v3r63b5w/\346\261\202\350\247\243\345\231\250>, "/usr/lib/locale/C.UTF-8/LC_COLLATE", O_RDONLY|O_CLOEXEC) = -1 ENOENT (No such file or directory)
1426292 openat(AT_FDCWD</tmp/kernel-audit2-v3r63b5w/\346\261\202\350\247\243\345\231\250>, "/usr/lib/locale/C.utf8/LC_COLLATE", O_RDONLY|O_CLOEXEC) = 3</usr/lib/locale/C.utf8/LC_COLLATE>
1426292 openat(AT_FDCWD</tmp/kernel-audit2-v3r63b5w/\346\261\202\350\247\243\345\231\250>, "/usr/lib/locale/C.UTF-8/LC_TIME", O_RDONLY|O_CLOEXEC) = -1 ENOENT (No such file or directory)
1426292 openat(AT_FDCWD</tmp/kernel-audit2-v3r63b5w/\346\261\202\350\247\243\345\231\250>, "/usr/lib/locale/C.utf8/LC_TIME", O_RDONLY|O_CLOEXEC) = 3</usr/lib/locale/C.utf8/LC_TIME>
1426292 openat(AT_FDCWD</tmp/kernel-audit2-v3r63b5w/\346\261\202\350\247\243\345\231\250>, "/usr/lib/locale/C.UTF-8/LC_NUMERIC", O_RDONLY|O_CLOEXEC) = -1 ENOENT (No such file or directory)
1426292 openat(AT_FDCWD</tmp/kernel-audit2-v3r63b5w/\346\261\202\350\247\243\345\231\250>, "/usr/lib/locale/C.utf8/LC_NUMERIC", O_RDONLY|O_CLOEXEC) = 3</usr/lib/locale/C.utf8/LC_NUMERIC>
1426292 openat(AT_FDCWD</tmp/kernel-audit2-v3r63b5w/\346\261\202\350\247\243\345\231\250>, "/usr/lib/locale/C.UTF-8/LC_CTYPE", O_RDONLY|O_CLOEXEC) = -1 ENOENT (No such file or directory)
1426292 openat(AT_FDCWD</tmp/kernel-audit2-v3r63b5w/\346\261\202\350\247\243\345\231\250>, "/usr/lib/locale/C.utf8/LC_CTYPE", O_RDONLY|O_CLOEXEC) = 3</usr/lib/locale/C.utf8/LC_CTYPE>
1426292 openat(AT_FDCWD</tmp/kernel-audit2-v3r63b5w/\346\261\202\350\247\243\345\231\250>, "/tmp/kernel-audit2-v3r63b5w/\346\261\202\350\247\243\345\231\250/\346\225\260\346\215\256/\346\255\243\345\274\217\351\235\231\346\200\201\347\233\256\345\275\225.json", O_RDONLY) = 3</tmp/kernel-audit2-v3r63b5w/\346\261\202\350\247\243\345\231\250/\346\225\260\346\215\256/\346\255\243\345\274\217\351\235\231\346\200\201\347\233\256\345\275\225.json>
1426283 --- SIGCHLD {si_signo=SIGCHLD, si_code=CLD_EXITED, si_pid=1426292, si_uid=1000, si_status=0, si_utime=0, si_stime=0} ---
1426283 openat(AT_FDCWD</tmp/kernel-audit2-v3r63b5w/\346\261\202\350\247\243\345\231\250>, "/dev/null", O_RDONLY|O_CLOEXEC) = 3</dev/null<char 1:3>>
1426293 execve("/home/zhuran24/.codex/tmp/arg0/codex-arg0DuAZRy/sha256sum", ["sha256sum", "--", "/tmp/kernel-audit2-v3r63b5w/\343\200\212\346\230\216\346\227\245\346\226\271\350\210\237\357\274\232\347\273\210\346\234\253\345\234\260\343\200\213\346\270\270\346\210\217\350\247\204\345\210\231.txt"], 0x7ffdc1bb9fc8 /* 135 vars */) = -1 ENOENT (No such file or directory)
1426293 execve("/home/zhuran24/.cargo/bin/sha256sum", ["sha256sum", "--", "/tmp/kernel-audit2-v3r63b5w/\343\200\212\346\230\216\346\227\245\346\226\271\350\210\237\357\274\232\347\273\210\346\234\253\345\234\260\343\200\213\346\270\270\346\210\217\350\247\204\345\210\231.txt"], 0x7ffdc1bb9fc8 /* 135 vars */) = -1 ENOENT (No such file or directory)
1426293 execve("/home/zhuran24/.local/bin/sha256sum", ["sha256sum", "--", "/tmp/kernel-audit2-v3r63b5w/\343\200\212\346\230\216\346\227\245\346\226\271\350\210\237\357\274\232\347\273\210\346\234\253\345\234\260\343\200\213\346\270\270\346\210\217\350\247\204\345\210\231.txt"], 0x7ffdc1bb9fc8 /* 135 vars */) = -1 ENOENT (No such file or directory)
1426293 execve("/home/zhuran24/.opencode/bin/sha256sum", ["sha256sum", "--", "/tmp/kernel-audit2-v3r63b5w/\343\200\212\346\230\216\346\227\245\346\226\271\350\210\237\357\274\232\347\273\210\346\234\253\345\234\260\343\200\213\346\270\270\346\210\217\350\247\204\345\210\231.txt"], 0x7ffdc1bb9fc8 /* 135 vars */) = -1 ENOENT (No such file or directory)
1426293 execve("/usr/local/bin/sha256sum", ["sha256sum", "--", "/tmp/kernel-audit2-v3r63b5w/\343\200\212\346\230\216\346\227\245\346\226\271\350\210\237\357\274\232\347\273\210\346\234\253\345\234\260\343\200\213\346\270\270\346\210\217\350\247\204\345\210\231.txt"], 0x7ffdc1bb9fc8 /* 135 vars */) = -1 ENOENT (No such file or directory)
1426293 execve("/usr/bin/sha256sum", ["sha256sum", "--", "/tmp/kernel-audit2-v3r63b5w/\343\200\212\346\230\216\346\227\245\346\226\271\350\210\237\357\274\232\347\273\210\346\234\253\345\234\260\343\200\213\346\270\270\346\210\217\350\247\204\345\210\231.txt"], 0x7ffdc1bb9fc8 /* 135 vars */) = 0
1426293 openat(AT_FDCWD</tmp/kernel-audit2-v3r63b5w/\346\261\202\350\247\243\345\231\250>, "/etc/ld.so.cache", O_RDONLY|O_CLOEXEC) = 3</etc/ld.so.cache>
1426293 openat(AT_FDCWD</tmp/kernel-audit2-v3r63b5w/\346\261\202\350\247\243\345\231\250>, "/usr/lib/libcrypto.so.3", O_RDONLY|O_CLOEXEC) = 3</usr/lib/libcrypto.so.3>
1426293 openat(AT_FDCWD</tmp/kernel-audit2-v3r63b5w/\346\261\202\350\247\243\345\231\250>, "/usr/lib/libc.so.6", O_RDONLY|O_CLOEXEC) = 3</usr/lib/libc.so.6>
1426293 openat(AT_FDCWD</tmp/kernel-audit2-v3r63b5w/\346\261\202\350\247\243\345\231\250>, "/usr/lib/libz.so.1", O_RDONLY|O_CLOEXEC) = 3</usr/lib/libz.so.1.3.1.zlib-ng>
1426293 openat(AT_FDCWD</tmp/kernel-audit2-v3r63b5w/\346\261\202\350\247\243\345\231\250>, "/usr/lib/libbrotlienc.so.1", O_RDONLY|O_CLOEXEC) = 3</usr/lib/libbrotlienc.so.1.2.0>
1426293 openat(AT_FDCWD</tmp/kernel-audit2-v3r63b5w/\346\261\202\350\247\243\345\231\250>, "/usr/lib/libbrotlidec.so.1", O_RDONLY|O_CLOEXEC) = 3</usr/lib/libbrotlidec.so.1.2.0>
1426293 openat(AT_FDCWD</tmp/kernel-audit2-v3r63b5w/\346\261\202\350\247\243\345\231\250>, "/usr/lib/libzstd.so.1", O_RDONLY|O_CLOEXEC) = 3</usr/lib/libzstd.so.1.5.7>
1426293 openat(AT_FDCWD</tmp/kernel-audit2-v3r63b5w/\346\261\202\350\247\243\345\231\250>, "/usr/lib/libm.so.6", O_RDONLY|O_CLOEXEC) = 3</usr/lib/libm.so.6>
1426293 openat(AT_FDCWD</tmp/kernel-audit2-v3r63b5w/\346\261\202\350\247\243\345\231\250>, "/usr/lib/libbrotlicommon.so.1", O_RDONLY|O_CLOEXEC) = 3</usr/lib/libbrotlicommon.so.1.2.0>
1426293 openat(AT_FDCWD</tmp/kernel-audit2-v3r63b5w/\346\261\202\350\247\243\345\231\250>, "/usr/lib/locale/locale-archive", O_RDONLY|O_CLOEXEC) = 3</usr/lib/locale/locale-archive>
1426293 openat(AT_FDCWD</tmp/kernel-audit2-v3r63b5w/\346\261\202\350\247\243\345\231\250>, "/usr/share/locale/locale.alias", O_RDONLY|O_CLOEXEC) = 3</usr/share/locale/locale.alias>
1426293 openat(AT_FDCWD</tmp/kernel-audit2-v3r63b5w/\346\261\202\350\247\243\345\231\250>, "/usr/lib/locale/C.UTF-8/LC_IDENTIFICATION", O_RDONLY|O_CLOEXEC) = -1 ENOENT (No such file or directory)
1426293 openat(AT_FDCWD</tmp/kernel-audit2-v3r63b5w/\346\261\202\350\247\243\345\231\250>, "/usr/lib/locale/C.utf8/LC_IDENTIFICATION", O_RDONLY|O_CLOEXEC) = 3</usr/lib/locale/C.utf8/LC_IDENTIFICATION>
1426293 openat(AT_FDCWD</tmp/kernel-audit2-v3r63b5w/\346\261\202\350\247\243\345\231\250>, "/usr/lib/gconv/gconv-modules.cache", O_RDONLY|O_CLOEXEC) = 3</usr/lib/gconv/gconv-modules.cache>
1426293 openat(AT_FDCWD</tmp/kernel-audit2-v3r63b5w/\346\261\202\350\247\243\345\231\250>, "/usr/lib/locale/C.UTF-8/LC_MEASUREMENT", O_RDONLY|O_CLOEXEC) = -1 ENOENT (No such file or directory)
1426293 openat(AT_FDCWD</tmp/kernel-audit2-v3r63b5w/\346\261\202\350\247\243\345\231\250>, "/usr/lib/locale/C.utf8/LC_MEASUREMENT", O_RDONLY|O_CLOEXEC) = 3</usr/lib/locale/C.utf8/LC_MEASUREMENT>
1426293 openat(AT_FDCWD</tmp/kernel-audit2-v3r63b5w/\346\261\202\350\247\243\345\231\250>, "/usr/lib/locale/C.UTF-8/LC_TELEPHONE", O_RDONLY|O_CLOEXEC) = -1 ENOENT (No such file or directory)
1426293 openat(AT_FDCWD</tmp/kernel-audit2-v3r63b5w/\346\261\202\350\247\243\345\231\250>, "/usr/lib/locale/C.utf8/LC_TELEPHONE", O_RDONLY|O_CLOEXEC) = 3</usr/lib/locale/C.utf8/LC_TELEPHONE>
1426293 openat(AT_FDCWD</tmp/kernel-audit2-v3r63b5w/\346\261\202\350\247\243\345\231\250>, "/usr/lib/locale/C.UTF-8/LC_ADDRESS", O_RDONLY|O_CLOEXEC) = -1 ENOENT (No such file or directory)
1426293 openat(AT_FDCWD</tmp/kernel-audit2-v3r63b5w/\346\261\202\350\247\243\345\231\250>, "/usr/lib/locale/C.utf8/LC_ADDRESS", O_RDONLY|O_CLOEXEC) = 3</usr/lib/locale/C.utf8/LC_ADDRESS>
1426293 openat(AT_FDCWD</tmp/kernel-audit2-v3r63b5w/\346\261\202\350\247\243\345\231\250>, "/usr/lib/locale/C.UTF-8/LC_NAME", O_RDONLY|O_CLOEXEC) = -1 ENOENT (No such file or directory)
1426293 openat(AT_FDCWD</tmp/kernel-audit2-v3r63b5w/\346\261\202\350\247\243\345\231\250>, "/usr/lib/locale/C.utf8/LC_NAME", O_RDONLY|O_CLOEXEC) = 3</usr/lib/locale/C.utf8/LC_NAME>
1426293 openat(AT_FDCWD</tmp/kernel-audit2-v3r63b5w/\346\261\202\350\247\243\345\231\250>, "/usr/lib/locale/C.UTF-8/LC_PAPER", O_RDONLY|O_CLOEXEC) = -1 ENOENT (No such file or directory)
1426293 openat(AT_FDCWD</tmp/kernel-audit2-v3r63b5w/\346\261\202\350\247\243\345\231\250>, "/usr/lib/locale/C.utf8/LC_PAPER", O_RDONLY|O_CLOEXEC) = 3</usr/lib/locale/C.utf8/LC_PAPER>
1426293 openat(AT_FDCWD</tmp/kernel-audit2-v3r63b5w/\346\261\202\350\247\243\345\231\250>, "/usr/lib/locale/C.UTF-8/LC_MESSAGES", O_RDONLY|O_CLOEXEC) = -1 ENOENT (No such file or directory)
1426293 openat(AT_FDCWD</tmp/kernel-audit2-v3r63b5w/\346\261\202\350\247\243\345\231\250>, "/usr/lib/locale/C.utf8/LC_MESSAGES", O_RDONLY|O_CLOEXEC) = 3</usr/lib/locale/C.utf8/LC_MESSAGES>
1426293 openat(AT_FDCWD</tmp/kernel-audit2-v3r63b5w/\346\261\202\350\247\243\345\231\250>, "/usr/lib/locale/C.utf8/LC_MESSAGES/SYS_LC_MESSAGES", O_RDONLY|O_CLOEXEC) = 3</usr/lib/locale/C.utf8/LC_MESSAGES/SYS_LC_MESSAGES>
1426293 openat(AT_FDCWD</tmp/kernel-audit2-v3r63b5w/\346\261\202\350\247\243\345\231\250>, "/usr/lib/locale/C.UTF-8/LC_MONETARY", O_RDONLY|O_CLOEXEC) = -1 ENOENT (No such file or directory)
1426293 openat(AT_FDCWD</tmp/kernel-audit2-v3r63b5w/\346\261\202\350\247\243\345\231\250>, "/usr/lib/locale/C.utf8/LC_MONETARY", O_RDONLY|O_CLOEXEC) = 3</usr/lib/locale/C.utf8/LC_MONETARY>
1426293 openat(AT_FDCWD</tmp/kernel-audit2-v3r63b5w/\346\261\202\350\247\243\345\231\250>, "/usr/lib/locale/C.UTF-8/LC_COLLATE", O_RDONLY|O_CLOEXEC) = -1 ENOENT (No such file or directory)
1426293 openat(AT_FDCWD</tmp/kernel-audit2-v3r63b5w/\346\261\202\350\247\243\345\231\250>, "/usr/lib/locale/C.utf8/LC_COLLATE", O_RDONLY|O_CLOEXEC) = 3</usr/lib/locale/C.utf8/LC_COLLATE>
1426293 openat(AT_FDCWD</tmp/kernel-audit2-v3r63b5w/\346\261\202\350\247\243\345\231\250>, "/usr/lib/locale/C.UTF-8/LC_TIME", O_RDONLY|O_CLOEXEC) = -1 ENOENT (No such file or directory)
1426293 openat(AT_FDCWD</tmp/kernel-audit2-v3r63b5w/\346\261\202\350\247\243\345\231\250>, "/usr/lib/locale/C.utf8/LC_TIME", O_RDONLY|O_CLOEXEC) = 3</usr/lib/locale/C.utf8/LC_TIME>
1426293 openat(AT_FDCWD</tmp/kernel-audit2-v3r63b5w/\346\261\202\350\247\243\345\231\250>, "/usr/lib/locale/C.UTF-8/LC_NUMERIC", O_RDONLY|O_CLOEXEC) = -1 ENOENT (No such file or directory)
1426293 openat(AT_FDCWD</tmp/kernel-audit2-v3r63b5w/\346\261\202\350\247\243\345\231\250>, "/usr/lib/locale/C.utf8/LC_NUMERIC", O_RDONLY|O_CLOEXEC) = 3</usr/lib/locale/C.utf8/LC_NUMERIC>
1426293 openat(AT_FDCWD</tmp/kernel-audit2-v3r63b5w/\346\261\202\350\247\243\345\231\250>, "/usr/lib/locale/C.UTF-8/LC_CTYPE", O_RDONLY|O_CLOEXEC) = -1 ENOENT (No such file or directory)
1426293 openat(AT_FDCWD</tmp/kernel-audit2-v3r63b5w/\346\261\202\350\247\243\345\231\250>, "/usr/lib/locale/C.utf8/LC_CTYPE", O_RDONLY|O_CLOEXEC) = 3</usr/lib/locale/C.utf8/LC_CTYPE>
1426293 openat(AT_FDCWD</tmp/kernel-audit2-v3r63b5w/\346\261\202\350\247\243\345\231\250>, "/tmp/kernel-audit2-v3r63b5w/\343\200\212\346\230\216\346\227\245\346\226\271\350\210\237\357\274\232\347\273\210\346\234\253\345\234\260\343\200\213\346\270\270\346\210\217\350\247\204\345\210\231.txt", O_RDONLY) = 3</tmp/kernel-audit2-v3r63b5w/\343\200\212\346\230\216\346\227\245\346\226\271\350\210\237\357\274\232\347\273\210\346\234\253\345\234\260\343\200\213\346\270\270\346\210\217\350\247\204\345\210\231.txt>
1426283 --- SIGCHLD {si_signo=SIGCHLD, si_code=CLD_EXITED, si_pid=1426293, si_uid=1000, si_status=0, si_utime=0, si_stime=0} ---
1426283 openat(AT_FDCWD</tmp/kernel-audit2-v3r63b5w/\346\261\202\350\247\243\345\231\250>, "/dev/null", O_RDONLY|O_CLOEXEC) = 3</dev/null<char 1:3>>
1426294 execve("/home/zhuran24/.codex/tmp/arg0/codex-arg0DuAZRy/sha256sum", ["sha256sum", "--", "/tmp/kernel-audit2-v3r63b5w/\346\261\202\350\247\243\344\273\273\345\212\241.txt"], 0x7ffdc1bb9fc8 /* 135 vars */) = -1 ENOENT (No such file or directory)
1426294 execve("/home/zhuran24/.cargo/bin/sha256sum", ["sha256sum", "--", "/tmp/kernel-audit2-v3r63b5w/\346\261\202\350\247\243\344\273\273\345\212\241.txt"], 0x7ffdc1bb9fc8 /* 135 vars */) = -1 ENOENT (No such file or directory)
1426294 execve("/home/zhuran24/.local/bin/sha256sum", ["sha256sum", "--", "/tmp/kernel-audit2-v3r63b5w/\346\261\202\350\247\243\344\273\273\345\212\241.txt"], 0x7ffdc1bb9fc8 /* 135 vars */) = -1 ENOENT (No such file or directory)
1426294 execve("/home/zhuran24/.opencode/bin/sha256sum", ["sha256sum", "--", "/tmp/kernel-audit2-v3r63b5w/\346\261\202\350\247\243\344\273\273\345\212\241.txt"], 0x7ffdc1bb9fc8 /* 135 vars */) = -1 ENOENT (No such file or directory)
1426294 execve("/usr/local/bin/sha256sum", ["sha256sum", "--", "/tmp/kernel-audit2-v3r63b5w/\346\261\202\350\247\243\344\273\273\345\212\241.txt"], 0x7ffdc1bb9fc8 /* 135 vars */) = -1 ENOENT (No such file or directory)
1426294 execve("/usr/bin/sha256sum", ["sha256sum", "--", "/tmp/kernel-audit2-v3r63b5w/\346\261\202\350\247\243\344\273\273\345\212\241.txt"], 0x7ffdc1bb9fc8 /* 135 vars */) = 0
1426294 openat(AT_FDCWD</tmp/kernel-audit2-v3r63b5w/\346\261\202\350\247\243\345\231\250>, "/etc/ld.so.cache", O_RDONLY|O_CLOEXEC) = 3</etc/ld.so.cache>
1426294 openat(AT_FDCWD</tmp/kernel-audit2-v3r63b5w/\346\261\202\350\247\243\345\231\250>, "/usr/lib/libcrypto.so.3", O_RDONLY|O_CLOEXEC) = 3</usr/lib/libcrypto.so.3>
1426294 openat(AT_FDCWD</tmp/kernel-audit2-v3r63b5w/\346\261\202\350\247\243\345\231\250>, "/usr/lib/libc.so.6", O_RDONLY|O_CLOEXEC) = 3</usr/lib/libc.so.6>
1426294 openat(AT_FDCWD</tmp/kernel-audit2-v3r63b5w/\346\261\202\350\247\243\345\231\250>, "/usr/lib/libz.so.1", O_RDONLY|O_CLOEXEC) = 3</usr/lib/libz.so.1.3.1.zlib-ng>
1426294 openat(AT_FDCWD</tmp/kernel-audit2-v3r63b5w/\346\261\202\350\247\243\345\231\250>, "/usr/lib/libbrotlienc.so.1", O_RDONLY|O_CLOEXEC) = 3</usr/lib/libbrotlienc.so.1.2.0>
1426294 openat(AT_FDCWD</tmp/kernel-audit2-v3r63b5w/\346\261\202\350\247\243\345\231\250>, "/usr/lib/libbrotlidec.so.1", O_RDONLY|O_CLOEXEC) = 3</usr/lib/libbrotlidec.so.1.2.0>
1426294 openat(AT_FDCWD</tmp/kernel-audit2-v3r63b5w/\346\261\202\350\247\243\345\231\250>, "/usr/lib/libzstd.so.1", O_RDONLY|O_CLOEXEC) = 3</usr/lib/libzstd.so.1.5.7>
1426294 openat(AT_FDCWD</tmp/kernel-audit2-v3r63b5w/\346\261\202\350\247\243\345\231\250>, "/usr/lib/libm.so.6", O_RDONLY|O_CLOEXEC) = 3</usr/lib/libm.so.6>
1426294 openat(AT_FDCWD</tmp/kernel-audit2-v3r63b5w/\346\261\202\350\247\243\345\231\250>, "/usr/lib/libbrotlicommon.so.1", O_RDONLY|O_CLOEXEC) = 3</usr/lib/libbrotlicommon.so.1.2.0>
1426294 openat(AT_FDCWD</tmp/kernel-audit2-v3r63b5w/\346\261\202\350\247\243\345\231\250>, "/usr/lib/locale/locale-archive", O_RDONLY|O_CLOEXEC) = 3</usr/lib/locale/locale-archive>
1426294 openat(AT_FDCWD</tmp/kernel-audit2-v3r63b5w/\346\261\202\350\247\243\345\231\250>, "/usr/share/locale/locale.alias", O_RDONLY|O_CLOEXEC) = 3</usr/share/locale/locale.alias>
1426294 openat(AT_FDCWD</tmp/kernel-audit2-v3r63b5w/\346\261\202\350\247\243\345\231\250>, "/usr/lib/locale/C.UTF-8/LC_IDENTIFICATION", O_RDONLY|O_CLOEXEC) = -1 ENOENT (No such file or directory)
1426294 openat(AT_FDCWD</tmp/kernel-audit2-v3r63b5w/\346\261\202\350\247\243\345\231\250>, "/usr/lib/locale/C.utf8/LC_IDENTIFICATION", O_RDONLY|O_CLOEXEC) = 3</usr/lib/locale/C.utf8/LC_IDENTIFICATION>
1426294 openat(AT_FDCWD</tmp/kernel-audit2-v3r63b5w/\346\261\202\350\247\243\345\231\250>, "/usr/lib/gconv/gconv-modules.cache", O_RDONLY|O_CLOEXEC) = 3</usr/lib/gconv/gconv-modules.cache>
1426294 openat(AT_FDCWD</tmp/kernel-audit2-v3r63b5w/\346\261\202\350\247\243\345\231\250>, "/usr/lib/locale/C.UTF-8/LC_MEASUREMENT", O_RDONLY|O_CLOEXEC) = -1 ENOENT (No such file or directory)
1426294 openat(AT_FDCWD</tmp/kernel-audit2-v3r63b5w/\346\261\202\350\247\243\345\231\250>, "/usr/lib/locale/C.utf8/LC_MEASUREMENT", O_RDONLY|O_CLOEXEC) = 3</usr/lib/locale/C.utf8/LC_MEASUREMENT>
1426294 openat(AT_FDCWD</tmp/kernel-audit2-v3r63b5w/\346\261\202\350\247\243\345\231\250>, "/usr/lib/locale/C.UTF-8/LC_TELEPHONE", O_RDONLY|O_CLOEXEC) = -1 ENOENT (No such file or directory)
1426294 openat(AT_FDCWD</tmp/kernel-audit2-v3r63b5w/\346\261\202\350\247\243\345\231\250>, "/usr/lib/locale/C.utf8/LC_TELEPHONE", O_RDONLY|O_CLOEXEC) = 3</usr/lib/locale/C.utf8/LC_TELEPHONE>
1426294 openat(AT_FDCWD</tmp/kernel-audit2-v3r63b5w/\346\261\202\350\247\243\345\231\250>, "/usr/lib/locale/C.UTF-8/LC_ADDRESS", O_RDONLY|O_CLOEXEC) = -1 ENOENT (No such file or directory)
1426294 openat(AT_FDCWD</tmp/kernel-audit2-v3r63b5w/\346\261\202\350\247\243\345\231\250>, "/usr/lib/locale/C.utf8/LC_ADDRESS", O_RDONLY|O_CLOEXEC) = 3</usr/lib/locale/C.utf8/LC_ADDRESS>
1426294 openat(AT_FDCWD</tmp/kernel-audit2-v3r63b5w/\346\261\202\350\247\243\345\231\250>, "/usr/lib/locale/C.UTF-8/LC_NAME", O_RDONLY|O_CLOEXEC) = -1 ENOENT (No such file or directory)
1426294 openat(AT_FDCWD</tmp/kernel-audit2-v3r63b5w/\346\261\202\350\247\243\345\231\250>, "/usr/lib/locale/C.utf8/LC_NAME", O_RDONLY|O_CLOEXEC) = 3</usr/lib/locale/C.utf8/LC_NAME>
1426294 openat(AT_FDCWD</tmp/kernel-audit2-v3r63b5w/\346\261\202\350\247\243\345\231\250>, "/usr/lib/locale/C.UTF-8/LC_PAPER", O_RDONLY|O_CLOEXEC) = -1 ENOENT (No such file or directory)
1426294 openat(AT_FDCWD</tmp/kernel-audit2-v3r63b5w/\346\261\202\350\247\243\345\231\250>, "/usr/lib/locale/C.utf8/LC_PAPER", O_RDONLY|O_CLOEXEC) = 3</usr/lib/locale/C.utf8/LC_PAPER>
1426294 openat(AT_FDCWD</tmp/kernel-audit2-v3r63b5w/\346\261\202\350\247\243\345\231\250>, "/usr/lib/locale/C.UTF-8/LC_MESSAGES", O_RDONLY|O_CLOEXEC) = -1 ENOENT (No such file or directory)
1426294 openat(AT_FDCWD</tmp/kernel-audit2-v3r63b5w/\346\261\202\350\247\243\345\231\250>, "/usr/lib/locale/C.utf8/LC_MESSAGES", O_RDONLY|O_CLOEXEC) = 3</usr/lib/locale/C.utf8/LC_MESSAGES>
1426294 openat(AT_FDCWD</tmp/kernel-audit2-v3r63b5w/\346\261\202\350\247\243\345\231\250>, "/usr/lib/locale/C.utf8/LC_MESSAGES/SYS_LC_MESSAGES", O_RDONLY|O_CLOEXEC) = 3</usr/lib/locale/C.utf8/LC_MESSAGES/SYS_LC_MESSAGES>
1426294 openat(AT_FDCWD</tmp/kernel-audit2-v3r63b5w/\346\261\202\350\247\243\345\231\250>, "/usr/lib/locale/C.UTF-8/LC_MONETARY", O_RDONLY|O_CLOEXEC) = -1 ENOENT (No such file or directory)
1426294 openat(AT_FDCWD</tmp/kernel-audit2-v3r63b5w/\346\261\202\350\247\243\345\231\250>, "/usr/lib/locale/C.utf8/LC_MONETARY", O_RDONLY|O_CLOEXEC) = 3</usr/lib/locale/C.utf8/LC_MONETARY>
1426294 openat(AT_FDCWD</tmp/kernel-audit2-v3r63b5w/\346\261\202\350\247\243\345\231\250>, "/usr/lib/locale/C.UTF-8/LC_COLLATE", O_RDONLY|O_CLOEXEC) = -1 ENOENT (No such file or directory)
1426294 openat(AT_FDCWD</tmp/kernel-audit2-v3r63b5w/\346\261\202\350\247\243\345\231\250>, "/usr/lib/locale/C.utf8/LC_COLLATE", O_RDONLY|O_CLOEXEC) = 3</usr/lib/locale/C.utf8/LC_COLLATE>
1426294 openat(AT_FDCWD</tmp/kernel-audit2-v3r63b5w/\346\261\202\350\247\243\345\231\250>, "/usr/lib/locale/C.UTF-8/LC_TIME", O_RDONLY|O_CLOEXEC) = -1 ENOENT (No such file or directory)
1426294 openat(AT_FDCWD</tmp/kernel-audit2-v3r63b5w/\346\261\202\350\247\243\345\231\250>, "/usr/lib/locale/C.utf8/LC_TIME", O_RDONLY|O_CLOEXEC) = 3</usr/lib/locale/C.utf8/LC_TIME>
1426294 openat(AT_FDCWD</tmp/kernel-audit2-v3r63b5w/\346\261\202\350\247\243\345\231\250>, "/usr/lib/locale/C.UTF-8/LC_NUMERIC", O_RDONLY|O_CLOEXEC) = -1 ENOENT (No such file or directory)
1426294 openat(AT_FDCWD</tmp/kernel-audit2-v3r63b5w/\346\261\202\350\247\243\345\231\250>, "/usr/lib/locale/C.utf8/LC_NUMERIC", O_RDONLY|O_CLOEXEC) = 3</usr/lib/locale/C.utf8/LC_NUMERIC>
1426294 openat(AT_FDCWD</tmp/kernel-audit2-v3r63b5w/\346\261\202\350\247\243\345\231\250>, "/usr/lib/locale/C.UTF-8/LC_CTYPE", O_RDONLY|O_CLOEXEC) = -1 ENOENT (No such file or directory)
1426294 openat(AT_FDCWD</tmp/kernel-audit2-v3r63b5w/\346\261\202\350\247\243\345\231\250>, "/usr/lib/locale/C.utf8/LC_CTYPE", O_RDONLY|O_CLOEXEC) = 3</usr/lib/locale/C.utf8/LC_CTYPE>
1426294 openat(AT_FDCWD</tmp/kernel-audit2-v3r63b5w/\346\261\202\350\247\243\345\231\250>, "/tmp/kernel-audit2-v3r63b5w/\346\261\202\350\247\243\344\273\273\345\212\241.txt", O_RDONLY) = 3</tmp/kernel-audit2-v3r63b5w/\346\261\202\350\247\243\344\273\273\345\212\241.txt>
1426283 --- SIGCHLD {si_signo=SIGCHLD, si_code=CLD_EXITED, si_pid=1426294, si_uid=1000, si_status=0, si_utime=0, si_stime=0} ---
1426283 openat(AT_FDCWD</tmp/kernel-audit2-v3r63b5w/\346\261\202\350\247\243\345\231\250>, "/dev/null", O_RDONLY|O_CLOEXEC) = 3</dev/null<char 1:3>>
1426295 execve("/home/zhuran24/.codex/tmp/arg0/codex-arg0DuAZRy/sha256sum", ["sha256sum", "--", "/tmp/kernel-audit2-v3r63b5w/\346\261\202\350\247\243\347\272\246\346\235\237.txt"], 0x7ffdc1bb9fc8 /* 135 vars */) = -1 ENOENT (No such file or directory)
1426295 execve("/home/zhuran24/.cargo/bin/sha256sum", ["sha256sum", "--", "/tmp/kernel-audit2-v3r63b5w/\346\261\202\350\247\243\347\272\246\346\235\237.txt"], 0x7ffdc1bb9fc8 /* 135 vars */) = -1 ENOENT (No such file or directory)
1426295 execve("/home/zhuran24/.local/bin/sha256sum", ["sha256sum", "--", "/tmp/kernel-audit2-v3r63b5w/\346\261\202\350\247\243\347\272\246\346\235\237.txt"], 0x7ffdc1bb9fc8 /* 135 vars */) = -1 ENOENT (No such file or directory)
1426295 execve("/home/zhuran24/.opencode/bin/sha256sum", ["sha256sum", "--", "/tmp/kernel-audit2-v3r63b5w/\346\261\202\350\247\243\347\272\246\346\235\237.txt"], 0x7ffdc1bb9fc8 /* 135 vars */) = -1 ENOENT (No such file or directory)
1426295 execve("/usr/local/bin/sha256sum", ["sha256sum", "--", "/tmp/kernel-audit2-v3r63b5w/\346\261\202\350\247\243\347\272\246\346\235\237.txt"], 0x7ffdc1bb9fc8 /* 135 vars */) = -1 ENOENT (No such file or directory)
1426295 execve("/usr/bin/sha256sum", ["sha256sum", "--", "/tmp/kernel-audit2-v3r63b5w/\346\261\202\350\247\243\347\272\246\346\235\237.txt"], 0x7ffdc1bb9fc8 /* 135 vars */) = 0
1426295 openat(AT_FDCWD</tmp/kernel-audit2-v3r63b5w/\346\261\202\350\247\243\345\231\250>, "/etc/ld.so.cache", O_RDONLY|O_CLOEXEC) = 3</etc/ld.so.cache>
1426295 openat(AT_FDCWD</tmp/kernel-audit2-v3r63b5w/\346\261\202\350\247\243\345\231\250>, "/usr/lib/libcrypto.so.3", O_RDONLY|O_CLOEXEC) = 3</usr/lib/libcrypto.so.3>
1426295 openat(AT_FDCWD</tmp/kernel-audit2-v3r63b5w/\346\261\202\350\247\243\345\231\250>, "/usr/lib/libc.so.6", O_RDONLY|O_CLOEXEC) = 3</usr/lib/libc.so.6>
1426295 openat(AT_FDCWD</tmp/kernel-audit2-v3r63b5w/\346\261\202\350\247\243\345\231\250>, "/usr/lib/libz.so.1", O_RDONLY|O_CLOEXEC) = 3</usr/lib/libz.so.1.3.1.zlib-ng>
1426295 openat(AT_FDCWD</tmp/kernel-audit2-v3r63b5w/\346\261\202\350\247\243\345\231\250>, "/usr/lib/libbrotlienc.so.1", O_RDONLY|O_CLOEXEC) = 3</usr/lib/libbrotlienc.so.1.2.0>
1426295 openat(AT_FDCWD</tmp/kernel-audit2-v3r63b5w/\346\261\202\350\247\243\345\231\250>, "/usr/lib/libbrotlidec.so.1", O_RDONLY|O_CLOEXEC) = 3</usr/lib/libbrotlidec.so.1.2.0>
1426295 openat(AT_FDCWD</tmp/kernel-audit2-v3r63b5w/\346\261\202\350\247\243\345\231\250>, "/usr/lib/libzstd.so.1", O_RDONLY|O_CLOEXEC) = 3</usr/lib/libzstd.so.1.5.7>
1426295 openat(AT_FDCWD</tmp/kernel-audit2-v3r63b5w/\346\261\202\350\247\243\345\231\250>, "/usr/lib/libm.so.6", O_RDONLY|O_CLOEXEC) = 3</usr/lib/libm.so.6>
1426295 openat(AT_FDCWD</tmp/kernel-audit2-v3r63b5w/\346\261\202\350\247\243\345\231\250>, "/usr/lib/libbrotlicommon.so.1", O_RDONLY|O_CLOEXEC) = 3</usr/lib/libbrotlicommon.so.1.2.0>
1426295 openat(AT_FDCWD</tmp/kernel-audit2-v3r63b5w/\346\261\202\350\247\243\345\231\250>, "/usr/lib/locale/locale-archive", O_RDONLY|O_CLOEXEC) = 3</usr/lib/locale/locale-archive>
1426295 openat(AT_FDCWD</tmp/kernel-audit2-v3r63b5w/\346\261\202\350\247\243\345\231\250>, "/usr/share/locale/locale.alias", O_RDONLY|O_CLOEXEC) = 3</usr/share/locale/locale.alias>
1426295 openat(AT_FDCWD</tmp/kernel-audit2-v3r63b5w/\346\261\202\350\247\243\345\231\250>, "/usr/lib/locale/C.UTF-8/LC_IDENTIFICATION", O_RDONLY|O_CLOEXEC) = -1 ENOENT (No such file or directory)
1426295 openat(AT_FDCWD</tmp/kernel-audit2-v3r63b5w/\346\261\202\350\247\243\345\231\250>, "/usr/lib/locale/C.utf8/LC_IDENTIFICATION", O_RDONLY|O_CLOEXEC) = 3</usr/lib/locale/C.utf8/LC_IDENTIFICATION>
1426295 openat(AT_FDCWD</tmp/kernel-audit2-v3r63b5w/\346\261\202\350\247\243\345\231\250>, "/usr/lib/gconv/gconv-modules.cache", O_RDONLY|O_CLOEXEC) = 3</usr/lib/gconv/gconv-modules.cache>
1426295 openat(AT_FDCWD</tmp/kernel-audit2-v3r63b5w/\346\261\202\350\247\243\345\231\250>, "/usr/lib/locale/C.UTF-8/LC_MEASUREMENT", O_RDONLY|O_CLOEXEC) = -1 ENOENT (No such file or directory)
1426295 openat(AT_FDCWD</tmp/kernel-audit2-v3r63b5w/\346\261\202\350\247\243\345\231\250>, "/usr/lib/locale/C.utf8/LC_MEASUREMENT", O_RDONLY|O_CLOEXEC) = 3</usr/lib/locale/C.utf8/LC_MEASUREMENT>
1426295 openat(AT_FDCWD</tmp/kernel-audit2-v3r63b5w/\346\261\202\350\247\243\345\231\250>, "/usr/lib/locale/C.UTF-8/LC_TELEPHONE", O_RDONLY|O_CLOEXEC) = -1 ENOENT (No such file or directory)
1426295 openat(AT_FDCWD</tmp/kernel-audit2-v3r63b5w/\346\261\202\350\247\243\345\231\250>, "/usr/lib/locale/C.utf8/LC_TELEPHONE", O_RDONLY|O_CLOEXEC) = 3</usr/lib/locale/C.utf8/LC_TELEPHONE>
1426295 openat(AT_FDCWD</tmp/kernel-audit2-v3r63b5w/\346\261\202\350\247\243\345\231\250>, "/usr/lib/locale/C.UTF-8/LC_ADDRESS", O_RDONLY|O_CLOEXEC) = -1 ENOENT (No such file or directory)
1426295 openat(AT_FDCWD</tmp/kernel-audit2-v3r63b5w/\346\261\202\350\247\243\345\231\250>, "/usr/lib/locale/C.utf8/LC_ADDRESS", O_RDONLY|O_CLOEXEC) = 3</usr/lib/locale/C.utf8/LC_ADDRESS>
1426295 openat(AT_FDCWD</tmp/kernel-audit2-v3r63b5w/\346\261\202\350\247\243\345\231\250>, "/usr/lib/locale/C.UTF-8/LC_NAME", O_RDONLY|O_CLOEXEC) = -1 ENOENT (No such file or directory)
1426295 openat(AT_FDCWD</tmp/kernel-audit2-v3r63b5w/\346\261\202\350\247\243\345\231\250>, "/usr/lib/locale/C.utf8/LC_NAME", O_RDONLY|O_CLOEXEC) = 3</usr/lib/locale/C.utf8/LC_NAME>
1426295 openat(AT_FDCWD</tmp/kernel-audit2-v3r63b5w/\346\261\202\350\247\243\345\231\250>, "/usr/lib/locale/C.UTF-8/LC_PAPER", O_RDONLY|O_CLOEXEC) = -1 ENOENT (No such file or directory)
1426295 openat(AT_FDCWD</tmp/kernel-audit2-v3r63b5w/\346\261\202\350\247\243\345\231\250>, "/usr/lib/locale/C.utf8/LC_PAPER", O_RDONLY|O_CLOEXEC) = 3</usr/lib/locale/C.utf8/LC_PAPER>
1426295 openat(AT_FDCWD</tmp/kernel-audit2-v3r63b5w/\346\261\202\350\247\243\345\231\250>, "/usr/lib/locale/C.UTF-8/LC_MESSAGES", O_RDONLY|O_CLOEXEC) = -1 ENOENT (No such file or directory)
1426295 openat(AT_FDCWD</tmp/kernel-audit2-v3r63b5w/\346\261\202\350\247\243\345\231\250>, "/usr/lib/locale/C.utf8/LC_MESSAGES", O_RDONLY|O_CLOEXEC) = 3</usr/lib/locale/C.utf8/LC_MESSAGES>
1426295 openat(AT_FDCWD</tmp/kernel-audit2-v3r63b5w/\346\261\202\350\247\243\345\231\250>, "/usr/lib/locale/C.utf8/LC_MESSAGES/SYS_LC_MESSAGES", O_RDONLY|O_CLOEXEC) = 3</usr/lib/locale/C.utf8/LC_MESSAGES/SYS_LC_MESSAGES>
1426295 openat(AT_FDCWD</tmp/kernel-audit2-v3r63b5w/\346\261\202\350\247\243\345\231\250>, "/usr/lib/locale/C.UTF-8/LC_MONETARY", O_RDONLY|O_CLOEXEC) = -1 ENOENT (No such file or directory)
1426295 openat(AT_FDCWD</tmp/kernel-audit2-v3r63b5w/\346\261\202\350\247\243\345\231\250>, "/usr/lib/locale/C.utf8/LC_MONETARY", O_RDONLY|O_CLOEXEC) = 3</usr/lib/locale/C.utf8/LC_MONETARY>
1426295 openat(AT_FDCWD</tmp/kernel-audit2-v3r63b5w/\346\261\202\350\247\243\345\231\250>, "/usr/lib/locale/C.UTF-8/LC_COLLATE", O_RDONLY|O_CLOEXEC) = -1 ENOENT (No such file or directory)
1426295 openat(AT_FDCWD</tmp/kernel-audit2-v3r63b5w/\346\261\202\350\247\243\345\231\250>, "/usr/lib/locale/C.utf8/LC_COLLATE", O_RDONLY|O_CLOEXEC) = 3</usr/lib/locale/C.utf8/LC_COLLATE>
1426295 openat(AT_FDCWD</tmp/kernel-audit2-v3r63b5w/\346\261\202\350\247\243\345\231\250>, "/usr/lib/locale/C.UTF-8/LC_TIME", O_RDONLY|O_CLOEXEC) = -1 ENOENT (No such file or directory)
1426295 openat(AT_FDCWD</tmp/kernel-audit2-v3r63b5w/\346\261\202\350\247\243\345\231\250>, "/usr/lib/locale/C.utf8/LC_TIME", O_RDONLY|O_CLOEXEC) = 3</usr/lib/locale/C.utf8/LC_TIME>
1426295 openat(AT_FDCWD</tmp/kernel-audit2-v3r63b5w/\346\261\202\350\247\243\345\231\250>, "/usr/lib/locale/C.UTF-8/LC_NUMERIC", O_RDONLY|O_CLOEXEC) = -1 ENOENT (No such file or directory)
1426295 openat(AT_FDCWD</tmp/kernel-audit2-v3r63b5w/\346\261\202\350\247\243\345\231\250>, "/usr/lib/locale/C.utf8/LC_NUMERIC", O_RDONLY|O_CLOEXEC) = 3</usr/lib/locale/C.utf8/LC_NUMERIC>
1426295 openat(AT_FDCWD</tmp/kernel-audit2-v3r63b5w/\346\261\202\350\247\243\345\231\250>, "/usr/lib/locale/C.UTF-8/LC_CTYPE", O_RDONLY|O_CLOEXEC) = -1 ENOENT (No such file or directory)
1426295 openat(AT_FDCWD</tmp/kernel-audit2-v3r63b5w/\346\261\202\350\247\243\345\231\250>, "/usr/lib/locale/C.utf8/LC_CTYPE", O_RDONLY|O_CLOEXEC) = 3</usr/lib/locale/C.utf8/LC_CTYPE>
1426295 openat(AT_FDCWD</tmp/kernel-audit2-v3r63b5w/\346\261\202\350\247\243\345\231\250>, "/tmp/kernel-audit2-v3r63b5w/\346\261\202\350\247\243\347\272\246\346\235\237.txt", O_RDONLY) = 3</tmp/kernel-audit2-v3r63b5w/\346\261\202\350\247\243\347\272\246\346\235\237.txt>
1426283 --- SIGCHLD {si_signo=SIGCHLD, si_code=CLD_EXITED, si_pid=1426295, si_uid=1000, si_status=0, si_utime=0, si_stime=0} ---
1426283 openat(AT_FDCWD</tmp/kernel-audit2-v3r63b5w/\346\261\202\350\247\243\345\231\250>, "/dev/null", O_RDONLY|O_CLOEXEC) = 3</dev/null<char 1:3>>
1426296 execve("/home/zhuran24/.codex/tmp/arg0/codex-arg0DuAZRy/sha256sum", ["sha256sum", "--", "/tmp/kernel-audit2-v3r63b5w/\346\261\202\350\247\243\345\231\250/\350\247\204\346\240\274/\351\200\211\346\213\251\347\202\271\345\217\202\346\225\260\350\275\264.md"], 0x7ffdc1bb9fc8 /* 135 vars */) = -1 ENOENT (No such file or directory)
1426296 execve("/home/zhuran24/.cargo/bin/sha256sum", ["sha256sum", "--", "/tmp/kernel-audit2-v3r63b5w/\346\261\202\350\247\243\345\231\250/\350\247\204\346\240\274/\351\200\211\346\213\251\347\202\271\345\217\202\346\225\260\350\275\264.md"], 0x7ffdc1bb9fc8 /* 135 vars */) = -1 ENOENT (No such file or directory)
1426296 execve("/home/zhuran24/.local/bin/sha256sum", ["sha256sum", "--", "/tmp/kernel-audit2-v3r63b5w/\346\261\202\350\247\243\345\231\250/\350\247\204\346\240\274/\351\200\211\346\213\251\347\202\271\345\217\202\346\225\260\350\275\264.md"], 0x7ffdc1bb9fc8 /* 135 vars */) = -1 ENOENT (No such file or directory)
1426296 execve("/home/zhuran24/.opencode/bin/sha256sum", ["sha256sum", "--", "/tmp/kernel-audit2-v3r63b5w/\346\261\202\350\247\243\345\231\250/\350\247\204\346\240\274/\351\200\211\346\213\251\347\202\271\345\217\202\346\225\260\350\275\264.md"], 0x7ffdc1bb9fc8 /* 135 vars */) = -1 ENOENT (No such file or directory)
1426296 execve("/usr/local/bin/sha256sum", ["sha256sum", "--", "/tmp/kernel-audit2-v3r63b5w/\346\261\202\350\247\243\345\231\250/\350\247\204\346\240\274/\351\200\211\346\213\251\347\202\271\345\217\202\346\225\260\350\275\264.md"], 0x7ffdc1bb9fc8 /* 135 vars */) = -1 ENOENT (No such file or directory)
1426296 execve("/usr/bin/sha256sum", ["sha256sum", "--", "/tmp/kernel-audit2-v3r63b5w/\346\261\202\350\247\243\345\231\250/\350\247\204\346\240\274/\351\200\211\346\213\251\347\202\271\345\217\202\346\225\260\350\275\264.md"], 0x7ffdc1bb9fc8 /* 135 vars */) = 0
1426296 openat(AT_FDCWD</tmp/kernel-audit2-v3r63b5w/\346\261\202\350\247\243\345\231\250>, "/etc/ld.so.cache", O_RDONLY|O_CLOEXEC) = 3</etc/ld.so.cache>
1426296 openat(AT_FDCWD</tmp/kernel-audit2-v3r63b5w/\346\261\202\350\247\243\345\231\250>, "/usr/lib/libcrypto.so.3", O_RDONLY|O_CLOEXEC) = 3</usr/lib/libcrypto.so.3>
1426296 openat(AT_FDCWD</tmp/kernel-audit2-v3r63b5w/\346\261\202\350\247\243\345\231\250>, "/usr/lib/libc.so.6", O_RDONLY|O_CLOEXEC) = 3</usr/lib/libc.so.6>
1426296 openat(AT_FDCWD</tmp/kernel-audit2-v3r63b5w/\346\261\202\350\247\243\345\231\250>, "/usr/lib/libz.so.1", O_RDONLY|O_CLOEXEC) = 3</usr/lib/libz.so.1.3.1.zlib-ng>
1426296 openat(AT_FDCWD</tmp/kernel-audit2-v3r63b5w/\346\261\202\350\247\243\345\231\250>, "/usr/lib/libbrotlienc.so.1", O_RDONLY|O_CLOEXEC) = 3</usr/lib/libbrotlienc.so.1.2.0>
1426296 openat(AT_FDCWD</tmp/kernel-audit2-v3r63b5w/\346\261\202\350\247\243\345\231\250>, "/usr/lib/libbrotlidec.so.1", O_RDONLY|O_CLOEXEC) = 3</usr/lib/libbrotlidec.so.1.2.0>
1426296 openat(AT_FDCWD</tmp/kernel-audit2-v3r63b5w/\346\261\202\350\247\243\345\231\250>, "/usr/lib/libzstd.so.1", O_RDONLY|O_CLOEXEC) = 3</usr/lib/libzstd.so.1.5.7>
1426296 openat(AT_FDCWD</tmp/kernel-audit2-v3r63b5w/\346\261\202\350\247\243\345\231\250>, "/usr/lib/libm.so.6", O_RDONLY|O_CLOEXEC) = 3</usr/lib/libm.so.6>
1426296 openat(AT_FDCWD</tmp/kernel-audit2-v3r63b5w/\346\261\202\350\247\243\345\231\250>, "/usr/lib/libbrotlicommon.so.1", O_RDONLY|O_CLOEXEC) = 3</usr/lib/libbrotlicommon.so.1.2.0>
1426296 openat(AT_FDCWD</tmp/kernel-audit2-v3r63b5w/\346\261\202\350\247\243\345\231\250>, "/usr/lib/locale/locale-archive", O_RDONLY|O_CLOEXEC) = 3</usr/lib/locale/locale-archive>
1426296 openat(AT_FDCWD</tmp/kernel-audit2-v3r63b5w/\346\261\202\350\247\243\345\231\250>, "/usr/share/locale/locale.alias", O_RDONLY|O_CLOEXEC) = 3</usr/share/locale/locale.alias>
1426296 openat(AT_FDCWD</tmp/kernel-audit2-v3r63b5w/\346\261\202\350\247\243\345\231\250>, "/usr/lib/locale/C.UTF-8/LC_IDENTIFICATION", O_RDONLY|O_CLOEXEC) = -1 ENOENT (No such file or directory)
1426296 openat(AT_FDCWD</tmp/kernel-audit2-v3r63b5w/\346\261\202\350\247\243\345\231\250>, "/usr/lib/locale/C.utf8/LC_IDENTIFICATION", O_RDONLY|O_CLOEXEC) = 3</usr/lib/locale/C.utf8/LC_IDENTIFICATION>
1426296 openat(AT_FDCWD</tmp/kernel-audit2-v3r63b5w/\346\261\202\350\247\243\345\231\250>, "/usr/lib/gconv/gconv-modules.cache", O_RDONLY|O_CLOEXEC) = 3</usr/lib/gconv/gconv-modules.cache>
1426296 openat(AT_FDCWD</tmp/kernel-audit2-v3r63b5w/\346\261\202\350\247\243\345\231\250>, "/usr/lib/locale/C.UTF-8/LC_MEASUREMENT", O_RDONLY|O_CLOEXEC) = -1 ENOENT (No such file or directory)
1426296 openat(AT_FDCWD</tmp/kernel-audit2-v3r63b5w/\346\261\202\350\247\243\345\231\250>, "/usr/lib/locale/C.utf8/LC_MEASUREMENT", O_RDONLY|O_CLOEXEC) = 3</usr/lib/locale/C.utf8/LC_MEASUREMENT>
1426296 openat(AT_FDCWD</tmp/kernel-audit2-v3r63b5w/\346\261\202\350\247\243\345\231\250>, "/usr/lib/locale/C.UTF-8/LC_TELEPHONE", O_RDONLY|O_CLOEXEC) = -1 ENOENT (No such file or directory)
1426296 openat(AT_FDCWD</tmp/kernel-audit2-v3r63b5w/\346\261\202\350\247\243\345\231\250>, "/usr/lib/locale/C.utf8/LC_TELEPHONE", O_RDONLY|O_CLOEXEC) = 3</usr/lib/locale/C.utf8/LC_TELEPHONE>
1426296 openat(AT_FDCWD</tmp/kernel-audit2-v3r63b5w/\346\261\202\350\247\243\345\231\250>, "/usr/lib/locale/C.UTF-8/LC_ADDRESS", O_RDONLY|O_CLOEXEC) = -1 ENOENT (No such file or directory)
1426296 openat(AT_FDCWD</tmp/kernel-audit2-v3r63b5w/\346\261\202\350\247\243\345\231\250>, "/usr/lib/locale/C.utf8/LC_ADDRESS", O_RDONLY|O_CLOEXEC) = 3</usr/lib/locale/C.utf8/LC_ADDRESS>
1426296 openat(AT_FDCWD</tmp/kernel-audit2-v3r63b5w/\346\261\202\350\247\243\345\231\250>, "/usr/lib/locale/C.UTF-8/LC_NAME", O_RDONLY|O_CLOEXEC) = -1 ENOENT (No such file or directory)
1426296 openat(AT_FDCWD</tmp/kernel-audit2-v3r63b5w/\346\261\202\350\247\243\345\231\250>, "/usr/lib/locale/C.utf8/LC_NAME", O_RDONLY|O_CLOEXEC) = 3</usr/lib/locale/C.utf8/LC_NAME>
1426296 openat(AT_FDCWD</tmp/kernel-audit2-v3r63b5w/\346\261\202\350\247\243\345\231\250>, "/usr/lib/locale/C.UTF-8/LC_PAPER", O_RDONLY|O_CLOEXEC) = -1 ENOENT (No such file or directory)
1426296 openat(AT_FDCWD</tmp/kernel-audit2-v3r63b5w/\346\261\202\350\247\243\345\231\250>, "/usr/lib/locale/C.utf8/LC_PAPER", O_RDONLY|O_CLOEXEC) = 3</usr/lib/locale/C.utf8/LC_PAPER>
1426296 openat(AT_FDCWD</tmp/kernel-audit2-v3r63b5w/\346\261\202\350\247\243\345\231\250>, "/usr/lib/locale/C.UTF-8/LC_MESSAGES", O_RDONLY|O_CLOEXEC) = -1 ENOENT (No such file or directory)
1426296 openat(AT_FDCWD</tmp/kernel-audit2-v3r63b5w/\346\261\202\350\247\243\345\231\250>, "/usr/lib/locale/C.utf8/LC_MESSAGES", O_RDONLY|O_CLOEXEC) = 3</usr/lib/locale/C.utf8/LC_MESSAGES>
1426296 openat(AT_FDCWD</tmp/kernel-audit2-v3r63b5w/\346\261\202\350\247\243\345\231\250>, "/usr/lib/locale/C.utf8/LC_MESSAGES/SYS_LC_MESSAGES", O_RDONLY|O_CLOEXEC) = 3</usr/lib/locale/C.utf8/LC_MESSAGES/SYS_LC_MESSAGES>
1426296 openat(AT_FDCWD</tmp/kernel-audit2-v3r63b5w/\346\261\202\350\247\243\345\231\250>, "/usr/lib/locale/C.UTF-8/LC_MONETARY", O_RDONLY|O_CLOEXEC) = -1 ENOENT (No such file or directory)
1426296 openat(AT_FDCWD</tmp/kernel-audit2-v3r63b5w/\346\261\202\350\247\243\345\231\250>, "/usr/lib/locale/C.utf8/LC_MONETARY", O_RDONLY|O_CLOEXEC) = 3</usr/lib/locale/C.utf8/LC_MONETARY>
1426296 openat(AT_FDCWD</tmp/kernel-audit2-v3r63b5w/\346\261\202\350\247\243\345\231\250>, "/usr/lib/locale/C.UTF-8/LC_COLLATE", O_RDONLY|O_CLOEXEC) = -1 ENOENT (No such file or directory)
1426296 openat(AT_FDCWD</tmp/kernel-audit2-v3r63b5w/\346\261\202\350\247\243\345\231\250>, "/usr/lib/locale/C.utf8/LC_COLLATE", O_RDONLY|O_CLOEXEC) = 3</usr/lib/locale/C.utf8/LC_COLLATE>
1426296 openat(AT_FDCWD</tmp/kernel-audit2-v3r63b5w/\346\261\202\350\247\243\345\231\250>, "/usr/lib/locale/C.UTF-8/LC_TIME", O_RDONLY|O_CLOEXEC) = -1 ENOENT (No such file or directory)
1426296 openat(AT_FDCWD</tmp/kernel-audit2-v3r63b5w/\346\261\202\350\247\243\345\231\250>, "/usr/lib/locale/C.utf8/LC_TIME", O_RDONLY|O_CLOEXEC) = 3</usr/lib/locale/C.utf8/LC_TIME>
1426296 openat(AT_FDCWD</tmp/kernel-audit2-v3r63b5w/\346\261\202\350\247\243\345\231\250>, "/usr/lib/locale/C.UTF-8/LC_NUMERIC", O_RDONLY|O_CLOEXEC) = -1 ENOENT (No such file or directory)
1426296 openat(AT_FDCWD</tmp/kernel-audit2-v3r63b5w/\346\261\202\350\247\243\345\231\250>, "/usr/lib/locale/C.utf8/LC_NUMERIC", O_RDONLY|O_CLOEXEC) = 3</usr/lib/locale/C.utf8/LC_NUMERIC>
1426296 openat(AT_FDCWD</tmp/kernel-audit2-v3r63b5w/\346\261\202\350\247\243\345\231\250>, "/usr/lib/locale/C.UTF-8/LC_CTYPE", O_RDONLY|O_CLOEXEC) = -1 ENOENT (No such file or directory)
1426296 openat(AT_FDCWD</tmp/kernel-audit2-v3r63b5w/\346\261\202\350\247\243\345\231\250>, "/usr/lib/locale/C.utf8/LC_CTYPE", O_RDONLY|O_CLOEXEC) = 3</usr/lib/locale/C.utf8/LC_CTYPE>
1426296 openat(AT_FDCWD</tmp/kernel-audit2-v3r63b5w/\346\261\202\350\247\243\345\231\250>, "/tmp/kernel-audit2-v3r63b5w/\346\261\202\350\247\243\345\231\250/\350\247\204\346\240\274/\351\200\211\346\213\251\347\202\271\345\217\202\346\225\260\350\275\264.md", O_RDONLY) = 3</tmp/kernel-audit2-v3r63b5w/\346\261\202\350\247\243\345\231\250/\350\247\204\346\240\274/\351\200\211\346\213\251\347\202\271\345\217\202\346\225\260\350\275\264.md>
1426283 --- SIGCHLD {si_signo=SIGCHLD, si_code=CLD_EXITED, si_pid=1426296, si_uid=1000, si_status=0, si_utime=0, si_stime=0} ---
1426283 openat(AT_FDCWD</tmp/kernel-audit2-v3r63b5w/\346\261\202\350\247\243\345\231\250>, "/dev/null", O_RDONLY|O_CLOEXEC) = 3</dev/null<char 1:3>>
1426297 execve("/home/zhuran24/.codex/tmp/arg0/codex-arg0DuAZRy/sha256sum", ["sha256sum", "--", "/tmp/kernel-audit2-v3r63b5w/\346\261\202\350\247\243\345\231\250/\350\247\204\346\240\274/\345\217\227\351\231\220\346\250\241\345\236\213\345\243\260\346\230\216.md"], 0x7ffdc1bb9fc8 /* 135 vars */) = -1 ENOENT (No such file or directory)
1426297 execve("/home/zhuran24/.cargo/bin/sha256sum", ["sha256sum", "--", "/tmp/kernel-audit2-v3r63b5w/\346\261\202\350\247\243\345\231\250/\350\247\204\346\240\274/\345\217\227\351\231\220\346\250\241\345\236\213\345\243\260\346\230\216.md"], 0x7ffdc1bb9fc8 /* 135 vars */) = -1 ENOENT (No such file or directory)
1426297 execve("/home/zhuran24/.local/bin/sha256sum", ["sha256sum", "--", "/tmp/kernel-audit2-v3r63b5w/\346\261\202\350\247\243\345\231\250/\350\247\204\346\240\274/\345\217\227\351\231\220\346\250\241\345\236\213\345\243\260\346\230\216.md"], 0x7ffdc1bb9fc8 /* 135 vars */) = -1 ENOENT (No such file or directory)
1426297 execve("/home/zhuran24/.opencode/bin/sha256sum", ["sha256sum", "--", "/tmp/kernel-audit2-v3r63b5w/\346\261\202\350\247\243\345\231\250/\350\247\204\346\240\274/\345\217\227\351\231\220\346\250\241\345\236\213\345\243\260\346\230\216.md"], 0x7ffdc1bb9fc8 /* 135 vars */) = -1 ENOENT (No such file or directory)
1426297 execve("/usr/local/bin/sha256sum", ["sha256sum", "--", "/tmp/kernel-audit2-v3r63b5w/\346\261\202\350\247\243\345\231\250/\350\247\204\346\240\274/\345\217\227\351\231\220\346\250\241\345\236\213\345\243\260\346\230\216.md"], 0x7ffdc1bb9fc8 /* 135 vars */) = -1 ENOENT (No such file or directory)
1426297 execve("/usr/bin/sha256sum", ["sha256sum", "--", "/tmp/kernel-audit2-v3r63b5w/\346\261\202\350\247\243\345\231\250/\350\247\204\346\240\274/\345\217\227\351\231\220\346\250\241\345\236\213\345\243\260\346\230\216.md"], 0x7ffdc1bb9fc8 /* 135 vars */) = 0
1426297 openat(AT_FDCWD</tmp/kernel-audit2-v3r63b5w/\346\261\202\350\247\243\345\231\250>, "/etc/ld.so.cache", O_RDONLY|O_CLOEXEC) = 3</etc/ld.so.cache>
1426297 openat(AT_FDCWD</tmp/kernel-audit2-v3r63b5w/\346\261\202\350\247\243\345\231\250>, "/usr/lib/libcrypto.so.3", O_RDONLY|O_CLOEXEC) = 3</usr/lib/libcrypto.so.3>
1426297 openat(AT_FDCWD</tmp/kernel-audit2-v3r63b5w/\346\261\202\350\247\243\345\231\250>, "/usr/lib/libc.so.6", O_RDONLY|O_CLOEXEC) = 3</usr/lib/libc.so.6>
1426297 openat(AT_FDCWD</tmp/kernel-audit2-v3r63b5w/\346\261\202\350\247\243\345\231\250>, "/usr/lib/libz.so.1", O_RDONLY|O_CLOEXEC) = 3</usr/lib/libz.so.1.3.1.zlib-ng>
1426297 openat(AT_FDCWD</tmp/kernel-audit2-v3r63b5w/\346\261\202\350\247\243\345\231\250>, "/usr/lib/libbrotlienc.so.1", O_RDONLY|O_CLOEXEC) = 3</usr/lib/libbrotlienc.so.1.2.0>
1426297 openat(AT_FDCWD</tmp/kernel-audit2-v3r63b5w/\346\261\202\350\247\243\345\231\250>, "/usr/lib/libbrotlidec.so.1", O_RDONLY|O_CLOEXEC) = 3</usr/lib/libbrotlidec.so.1.2.0>
1426297 openat(AT_FDCWD</tmp/kernel-audit2-v3r63b5w/\346\261\202\350\247\243\345\231\250>, "/usr/lib/libzstd.so.1", O_RDONLY|O_CLOEXEC) = 3</usr/lib/libzstd.so.1.5.7>
1426297 openat(AT_FDCWD</tmp/kernel-audit2-v3r63b5w/\346\261\202\350\247\243\345\231\250>, "/usr/lib/libm.so.6", O_RDONLY|O_CLOEXEC) = 3</usr/lib/libm.so.6>
1426297 openat(AT_FDCWD</tmp/kernel-audit2-v3r63b5w/\346\261\202\350\247\243\345\231\250>, "/usr/lib/libbrotlicommon.so.1", O_RDONLY|O_CLOEXEC) = 3</usr/lib/libbrotlicommon.so.1.2.0>
1426297 openat(AT_FDCWD</tmp/kernel-audit2-v3r63b5w/\346\261\202\350\247\243\345\231\250>, "/usr/lib/locale/locale-archive", O_RDONLY|O_CLOEXEC) = 3</usr/lib/locale/locale-archive>
1426297 openat(AT_FDCWD</tmp/kernel-audit2-v3r63b5w/\346\261\202\350\247\243\345\231\250>, "/usr/share/locale/locale.alias", O_RDONLY|O_CLOEXEC) = 3</usr/share/locale/locale.alias>
1426297 openat(AT_FDCWD</tmp/kernel-audit2-v3r63b5w/\346\261\202\350\247\243\345\231\250>, "/usr/lib/locale/C.UTF-8/LC_IDENTIFICATION", O_RDONLY|O_CLOEXEC) = -1 ENOENT (No such file or directory)
1426297 openat(AT_FDCWD</tmp/kernel-audit2-v3r63b5w/\346\261\202\350\247\243\345\231\250>, "/usr/lib/locale/C.utf8/LC_IDENTIFICATION", O_RDONLY|O_CLOEXEC) = 3</usr/lib/locale/C.utf8/LC_IDENTIFICATION>
1426297 openat(AT_FDCWD</tmp/kernel-audit2-v3r63b5w/\346\261\202\350\247\243\345\231\250>, "/usr/lib/gconv/gconv-modules.cache", O_RDONLY|O_CLOEXEC) = 3</usr/lib/gconv/gconv-modules.cache>
1426297 openat(AT_FDCWD</tmp/kernel-audit2-v3r63b5w/\346\261\202\350\247\243\345\231\250>, "/usr/lib/locale/C.UTF-8/LC_MEASUREMENT", O_RDONLY|O_CLOEXEC) = -1 ENOENT (No such file or directory)
1426297 openat(AT_FDCWD</tmp/kernel-audit2-v3r63b5w/\346\261\202\350\247\243\345\231\250>, "/usr/lib/locale/C.utf8/LC_MEASUREMENT", O_RDONLY|O_CLOEXEC) = 3</usr/lib/locale/C.utf8/LC_MEASUREMENT>
1426297 openat(AT_FDCWD</tmp/kernel-audit2-v3r63b5w/\346\261\202\350\247\243\345\231\250>, "/usr/lib/locale/C.UTF-8/LC_TELEPHONE", O_RDONLY|O_CLOEXEC) = -1 ENOENT (No such file or directory)
1426297 openat(AT_FDCWD</tmp/kernel-audit2-v3r63b5w/\346\261\202\350\247\243\345\231\250>, "/usr/lib/locale/C.utf8/LC_TELEPHONE", O_RDONLY|O_CLOEXEC) = 3</usr/lib/locale/C.utf8/LC_TELEPHONE>
1426297 openat(AT_FDCWD</tmp/kernel-audit2-v3r63b5w/\346\261\202\350\247\243\345\231\250>, "/usr/lib/locale/C.UTF-8/LC_ADDRESS", O_RDONLY|O_CLOEXEC) = -1 ENOENT (No such file or directory)
1426297 openat(AT_FDCWD</tmp/kernel-audit2-v3r63b5w/\346\261\202\350\247\243\345\231\250>, "/usr/lib/locale/C.utf8/LC_ADDRESS", O_RDONLY|O_CLOEXEC) = 3</usr/lib/locale/C.utf8/LC_ADDRESS>
1426297 openat(AT_FDCWD</tmp/kernel-audit2-v3r63b5w/\346\261\202\350\247\243\345\231\250>, "/usr/lib/locale/C.UTF-8/LC_NAME", O_RDONLY|O_CLOEXEC) = -1 ENOENT (No such file or directory)
1426297 openat(AT_FDCWD</tmp/kernel-audit2-v3r63b5w/\346\261\202\350\247\243\345\231\250>, "/usr/lib/locale/C.utf8/LC_NAME", O_RDONLY|O_CLOEXEC) = 3</usr/lib/locale/C.utf8/LC_NAME>
1426297 openat(AT_FDCWD</tmp/kernel-audit2-v3r63b5w/\346\261\202\350\247\243\345\231\250>, "/usr/lib/locale/C.UTF-8/LC_PAPER", O_RDONLY|O_CLOEXEC) = -1 ENOENT (No such file or directory)
1426297 openat(AT_FDCWD</tmp/kernel-audit2-v3r63b5w/\346\261\202\350\247\243\345\231\250>, "/usr/lib/locale/C.utf8/LC_PAPER", O_RDONLY|O_CLOEXEC) = 3</usr/lib/locale/C.utf8/LC_PAPER>
1426297 openat(AT_FDCWD</tmp/kernel-audit2-v3r63b5w/\346\261\202\350\247\243\345\231\250>, "/usr/lib/locale/C.UTF-8/LC_MESSAGES", O_RDONLY|O_CLOEXEC) = -1 ENOENT (No such file or directory)
1426297 openat(AT_FDCWD</tmp/kernel-audit2-v3r63b5w/\346\261\202\350\247\243\345\231\250>, "/usr/lib/locale/C.utf8/LC_MESSAGES", O_RDONLY|O_CLOEXEC) = 3</usr/lib/locale/C.utf8/LC_MESSAGES>
1426297 openat(AT_FDCWD</tmp/kernel-audit2-v3r63b5w/\346\261\202\350\247\243\345\231\250>, "/usr/lib/locale/C.utf8/LC_MESSAGES/SYS_LC_MESSAGES", O_RDONLY|O_CLOEXEC) = 3</usr/lib/locale/C.utf8/LC_MESSAGES/SYS_LC_MESSAGES>
1426297 openat(AT_FDCWD</tmp/kernel-audit2-v3r63b5w/\346\261\202\350\247\243\345\231\250>, "/usr/lib/locale/C.UTF-8/LC_MONETARY", O_RDONLY|O_CLOEXEC) = -1 ENOENT (No such file or directory)
1426297 openat(AT_FDCWD</tmp/kernel-audit2-v3r63b5w/\346\261\202\350\247\243\345\231\250>, "/usr/lib/locale/C.utf8/LC_MONETARY", O_RDONLY|O_CLOEXEC) = 3</usr/lib/locale/C.utf8/LC_MONETARY>
1426297 openat(AT_FDCWD</tmp/kernel-audit2-v3r63b5w/\346\261\202\350\247\243\345\231\250>, "/usr/lib/locale/C.UTF-8/LC_COLLATE", O_RDONLY|O_CLOEXEC) = -1 ENOENT (No such file or directory)
1426297 openat(AT_FDCWD</tmp/kernel-audit2-v3r63b5w/\346\261\202\350\247\243\345\231\250>, "/usr/lib/locale/C.utf8/LC_COLLATE", O_RDONLY|O_CLOEXEC) = 3</usr/lib/locale/C.utf8/LC_COLLATE>
1426297 openat(AT_FDCWD</tmp/kernel-audit2-v3r63b5w/\346\261\202\350\247\243\345\231\250>, "/usr/lib/locale/C.UTF-8/LC_TIME", O_RDONLY|O_CLOEXEC) = -1 ENOENT (No such file or directory)
1426297 openat(AT_FDCWD</tmp/kernel-audit2-v3r63b5w/\346\261\202\350\247\243\345\231\250>, "/usr/lib/locale/C.utf8/LC_TIME", O_RDONLY|O_CLOEXEC) = 3</usr/lib/locale/C.utf8/LC_TIME>
1426297 openat(AT_FDCWD</tmp/kernel-audit2-v3r63b5w/\346\261\202\350\247\243\345\231\250>, "/usr/lib/locale/C.UTF-8/LC_NUMERIC", O_RDONLY|O_CLOEXEC) = -1 ENOENT (No such file or directory)
1426297 openat(AT_FDCWD</tmp/kernel-audit2-v3r63b5w/\346\261\202\350\247\243\345\231\250>, "/usr/lib/locale/C.utf8/LC_NUMERIC", O_RDONLY|O_CLOEXEC) = 3</usr/lib/locale/C.utf8/LC_NUMERIC>
1426297 openat(AT_FDCWD</tmp/kernel-audit2-v3r63b5w/\346\261\202\350\247\243\345\231\250>, "/usr/lib/locale/C.UTF-8/LC_CTYPE", O_RDONLY|O_CLOEXEC) = -1 ENOENT (No such file or directory)
1426297 openat(AT_FDCWD</tmp/kernel-audit2-v3r63b5w/\346\261\202\350\247\243\345\231\250>, "/usr/lib/locale/C.utf8/LC_CTYPE", O_RDONLY|O_CLOEXEC) = 3</usr/lib/locale/C.utf8/LC_CTYPE>
1426297 openat(AT_FDCWD</tmp/kernel-audit2-v3r63b5w/\346\261\202\350\247\243\345\231\250>, "/tmp/kernel-audit2-v3r63b5w/\346\261\202\350\247\243\345\231\250/\350\247\204\346\240\274/\345\217\227\351\231\220\346\250\241\345\236\213\345\243\260\346\230\216.md", O_RDONLY) = 3</tmp/kernel-audit2-v3r63b5w/\346\261\202\350\247\243\345\231\250/\350\247\204\346\240\274/\345\217\227\351\231\220\346\250\241\345\236\213\345\243\260\346\230\216.md>
1426283 --- SIGCHLD {si_signo=SIGCHLD, si_code=CLD_EXITED, si_pid=1426297, si_uid=1000, si_status=0, si_utime=0, si_stime=0} ---
1426283 openat(AT_FDCWD</tmp/kernel-audit2-v3r63b5w/\346\261\202\350\247\243\345\231\250>, "/dev/null", O_RDONLY|O_CLOEXEC) = 3</dev/null<char 1:3>>
1426298 execve("/home/zhuran24/.codex/tmp/arg0/codex-arg0DuAZRy/sha256sum", ["sha256sum", "--", "/tmp/kernel-audit2-v3r63b5w/\346\261\202\350\247\243\345\231\250/\350\247\204\346\240\274/\345\217\227\351\231\220\350\275\254\347\247\273\345\256\232\344\271\211.md"], 0x7ffdc1bb9fc8 /* 135 vars */) = -1 ENOENT (No such file or directory)
1426298 execve("/home/zhuran24/.cargo/bin/sha256sum", ["sha256sum", "--", "/tmp/kernel-audit2-v3r63b5w/\346\261\202\350\247\243\345\231\250/\350\247\204\346\240\274/\345\217\227\351\231\220\350\275\254\347\247\273\345\256\232\344\271\211.md"], 0x7ffdc1bb9fc8 /* 135 vars */) = -1 ENOENT (No such file or directory)
1426298 execve("/home/zhuran24/.local/bin/sha256sum", ["sha256sum", "--", "/tmp/kernel-audit2-v3r63b5w/\346\261\202\350\247\243\345\231\250/\350\247\204\346\240\274/\345\217\227\351\231\220\350\275\254\347\247\273\345\256\232\344\271\211.md"], 0x7ffdc1bb9fc8 /* 135 vars */) = -1 ENOENT (No such file or directory)
1426298 execve("/home/zhuran24/.opencode/bin/sha256sum", ["sha256sum", "--", "/tmp/kernel-audit2-v3r63b5w/\346\261\202\350\247\243\345\231\250/\350\247\204\346\240\274/\345\217\227\351\231\220\350\275\254\347\247\273\345\256\232\344\271\211.md"], 0x7ffdc1bb9fc8 /* 135 vars */) = -1 ENOENT (No such file or directory)
1426298 execve("/usr/local/bin/sha256sum", ["sha256sum", "--", "/tmp/kernel-audit2-v3r63b5w/\346\261\202\350\247\243\345\231\250/\350\247\204\346\240\274/\345\217\227\351\231\220\350\275\254\347\247\273\345\256\232\344\271\211.md"], 0x7ffdc1bb9fc8 /* 135 vars */) = -1 ENOENT (No such file or directory)
1426298 execve("/usr/bin/sha256sum", ["sha256sum", "--", "/tmp/kernel-audit2-v3r63b5w/\346\261\202\350\247\243\345\231\250/\350\247\204\346\240\274/\345\217\227\351\231\220\350\275\254\347\247\273\345\256\232\344\271\211.md"], 0x7ffdc1bb9fc8 /* 135 vars */) = 0
1426298 openat(AT_FDCWD</tmp/kernel-audit2-v3r63b5w/\346\261\202\350\247\243\345\231\250>, "/etc/ld.so.cache", O_RDONLY|O_CLOEXEC) = 3</etc/ld.so.cache>
1426298 openat(AT_FDCWD</tmp/kernel-audit2-v3r63b5w/\346\261\202\350\247\243\345\231\250>, "/usr/lib/libcrypto.so.3", O_RDONLY|O_CLOEXEC) = 3</usr/lib/libcrypto.so.3>
1426298 openat(AT_FDCWD</tmp/kernel-audit2-v3r63b5w/\346\261\202\350\247\243\345\231\250>, "/usr/lib/libc.so.6", O_RDONLY|O_CLOEXEC) = 3</usr/lib/libc.so.6>
1426298 openat(AT_FDCWD</tmp/kernel-audit2-v3r63b5w/\346\261\202\350\247\243\345\231\250>, "/usr/lib/libz.so.1", O_RDONLY|O_CLOEXEC) = 3</usr/lib/libz.so.1.3.1.zlib-ng>
1426298 openat(AT_FDCWD</tmp/kernel-audit2-v3r63b5w/\346\261\202\350\247\243\345\231\250>, "/usr/lib/libbrotlienc.so.1", O_RDONLY|O_CLOEXEC) = 3</usr/lib/libbrotlienc.so.1.2.0>
1426298 openat(AT_FDCWD</tmp/kernel-audit2-v3r63b5w/\346\261\202\350\247\243\345\231\250>, "/usr/lib/libbrotlidec.so.1", O_RDONLY|O_CLOEXEC) = 3</usr/lib/libbrotlidec.so.1.2.0>
1426298 openat(AT_FDCWD</tmp/kernel-audit2-v3r63b5w/\346\261\202\350\247\243\345\231\250>, "/usr/lib/libzstd.so.1", O_RDONLY|O_CLOEXEC) = 3</usr/lib/libzstd.so.1.5.7>
1426298 openat(AT_FDCWD</tmp/kernel-audit2-v3r63b5w/\346\261\202\350\247\243\345\231\250>, "/usr/lib/libm.so.6", O_RDONLY|O_CLOEXEC) = 3</usr/lib/libm.so.6>
1426298 openat(AT_FDCWD</tmp/kernel-audit2-v3r63b5w/\346\261\202\350\247\243\345\231\250>, "/usr/lib/libbrotlicommon.so.1", O_RDONLY|O_CLOEXEC) = 3</usr/lib/libbrotlicommon.so.1.2.0>
1426298 openat(AT_FDCWD</tmp/kernel-audit2-v3r63b5w/\346\261\202\350\247\243\345\231\250>, "/usr/lib/locale/locale-archive", O_RDONLY|O_CLOEXEC) = 3</usr/lib/locale/locale-archive>
1426298 openat(AT_FDCWD</tmp/kernel-audit2-v3r63b5w/\346\261\202\350\247\243\345\231\250>, "/usr/share/locale/locale.alias", O_RDONLY|O_CLOEXEC) = 3</usr/share/locale/locale.alias>
1426298 openat(AT_FDCWD</tmp/kernel-audit2-v3r63b5w/\346\261\202\350\247\243\345\231\250>, "/usr/lib/locale/C.UTF-8/LC_IDENTIFICATION", O_RDONLY|O_CLOEXEC) = -1 ENOENT (No such file or directory)
1426298 openat(AT_FDCWD</tmp/kernel-audit2-v3r63b5w/\346\261\202\350\247\243\345\231\250>, "/usr/lib/locale/C.utf8/LC_IDENTIFICATION", O_RDONLY|O_CLOEXEC) = 3</usr/lib/locale/C.utf8/LC_IDENTIFICATION>
1426298 openat(AT_FDCWD</tmp/kernel-audit2-v3r63b5w/\346\261\202\350\247\243\345\231\250>, "/usr/lib/gconv/gconv-modules.cache", O_RDONLY|O_CLOEXEC) = 3</usr/lib/gconv/gconv-modules.cache>
1426298 openat(AT_FDCWD</tmp/kernel-audit2-v3r63b5w/\346\261\202\350\247\243\345\231\250>, "/usr/lib/locale/C.UTF-8/LC_MEASUREMENT", O_RDONLY|O_CLOEXEC) = -1 ENOENT (No such file or directory)
1426298 openat(AT_FDCWD</tmp/kernel-audit2-v3r63b5w/\346\261\202\350\247\243\345\231\250>, "/usr/lib/locale/C.utf8/LC_MEASUREMENT", O_RDONLY|O_CLOEXEC) = 3</usr/lib/locale/C.utf8/LC_MEASUREMENT>
1426298 openat(AT_FDCWD</tmp/kernel-audit2-v3r63b5w/\346\261\202\350\247\243\345\231\250>, "/usr/lib/locale/C.UTF-8/LC_TELEPHONE", O_RDONLY|O_CLOEXEC) = -1 ENOENT (No such file or directory)
1426298 openat(AT_FDCWD</tmp/kernel-audit2-v3r63b5w/\346\261\202\350\247\243\345\231\250>, "/usr/lib/locale/C.utf8/LC_TELEPHONE", O_RDONLY|O_CLOEXEC) = 3</usr/lib/locale/C.utf8/LC_TELEPHONE>
1426298 openat(AT_FDCWD</tmp/kernel-audit2-v3r63b5w/\346\261\202\350\247\243\345\231\250>, "/usr/lib/locale/C.UTF-8/LC_ADDRESS", O_RDONLY|O_CLOEXEC) = -1 ENOENT (No such file or directory)
1426298 openat(AT_FDCWD</tmp/kernel-audit2-v3r63b5w/\346\261\202\350\247\243\345\231\250>, "/usr/lib/locale/C.utf8/LC_ADDRESS", O_RDONLY|O_CLOEXEC) = 3</usr/lib/locale/C.utf8/LC_ADDRESS>
1426298 openat(AT_FDCWD</tmp/kernel-audit2-v3r63b5w/\346\261\202\350\247\243\345\231\250>, "/usr/lib/locale/C.UTF-8/LC_NAME", O_RDONLY|O_CLOEXEC) = -1 ENOENT (No such file or directory)
1426298 openat(AT_FDCWD</tmp/kernel-audit2-v3r63b5w/\346\261\202\350\247\243\345\231\250>, "/usr/lib/locale/C.utf8/LC_NAME", O_RDONLY|O_CLOEXEC) = 3</usr/lib/locale/C.utf8/LC_NAME>
1426298 openat(AT_FDCWD</tmp/kernel-audit2-v3r63b5w/\346\261\202\350\247\243\345\231\250>, "/usr/lib/locale/C.UTF-8/LC_PAPER", O_RDONLY|O_CLOEXEC) = -1 ENOENT (No such file or directory)
1426298 openat(AT_FDCWD</tmp/kernel-audit2-v3r63b5w/\346\261\202\350\247\243\345\231\250>, "/usr/lib/locale/C.utf8/LC_PAPER", O_RDONLY|O_CLOEXEC) = 3</usr/lib/locale/C.utf8/LC_PAPER>
1426298 openat(AT_FDCWD</tmp/kernel-audit2-v3r63b5w/\346\261\202\350\247\243\345\231\250>, "/usr/lib/locale/C.UTF-8/LC_MESSAGES", O_RDONLY|O_CLOEXEC) = -1 ENOENT (No such file or directory)
1426298 openat(AT_FDCWD</tmp/kernel-audit2-v3r63b5w/\346\261\202\350\247\243\345\231\250>, "/usr/lib/locale/C.utf8/LC_MESSAGES", O_RDONLY|O_CLOEXEC) = 3</usr/lib/locale/C.utf8/LC_MESSAGES>
1426298 openat(AT_FDCWD</tmp/kernel-audit2-v3r63b5w/\346\261\202\350\247\243\345\231\250>, "/usr/lib/locale/C.utf8/LC_MESSAGES/SYS_LC_MESSAGES", O_RDONLY|O_CLOEXEC) = 3</usr/lib/locale/C.utf8/LC_MESSAGES/SYS_LC_MESSAGES>
1426298 openat(AT_FDCWD</tmp/kernel-audit2-v3r63b5w/\346\261\202\350\247\243\345\231\250>, "/usr/lib/locale/C.UTF-8/LC_MONETARY", O_RDONLY|O_CLOEXEC) = -1 ENOENT (No such file or directory)
1426298 openat(AT_FDCWD</tmp/kernel-audit2-v3r63b5w/\346\261\202\350\247\243\345\231\250>, "/usr/lib/locale/C.utf8/LC_MONETARY", O_RDONLY|O_CLOEXEC) = 3</usr/lib/locale/C.utf8/LC_MONETARY>
1426298 openat(AT_FDCWD</tmp/kernel-audit2-v3r63b5w/\346\261\202\350\247\243\345\231\250>, "/usr/lib/locale/C.UTF-8/LC_COLLATE", O_RDONLY|O_CLOEXEC) = -1 ENOENT (No such file or directory)
1426298 openat(AT_FDCWD</tmp/kernel-audit2-v3r63b5w/\346\261\202\350\247\243\345\231\250>, "/usr/lib/locale/C.utf8/LC_COLLATE", O_RDONLY|O_CLOEXEC) = 3</usr/lib/locale/C.utf8/LC_COLLATE>
1426298 openat(AT_FDCWD</tmp/kernel-audit2-v3r63b5w/\346\261\202\350\247\243\345\231\250>, "/usr/lib/locale/C.UTF-8/LC_TIME", O_RDONLY|O_CLOEXEC) = -1 ENOENT (No such file or directory)
1426298 openat(AT_FDCWD</tmp/kernel-audit2-v3r63b5w/\346\261\202\350\247\243\345\231\250>, "/usr/lib/locale/C.utf8/LC_TIME", O_RDONLY|O_CLOEXEC) = 3</usr/lib/locale/C.utf8/LC_TIME>
1426298 openat(AT_FDCWD</tmp/kernel-audit2-v3r63b5w/\346\261\202\350\247\243\345\231\250>, "/usr/lib/locale/C.UTF-8/LC_NUMERIC", O_RDONLY|O_CLOEXEC) = -1 ENOENT (No such file or directory)
1426298 openat(AT_FDCWD</tmp/kernel-audit2-v3r63b5w/\346\261\202\350\247\243\345\231\250>, "/usr/lib/locale/C.utf8/LC_NUMERIC", O_RDONLY|O_CLOEXEC) = 3</usr/lib/locale/C.utf8/LC_NUMERIC>
1426298 openat(AT_FDCWD</tmp/kernel-audit2-v3r63b5w/\346\261\202\350\247\243\345\231\250>, "/usr/lib/locale/C.UTF-8/LC_CTYPE", O_RDONLY|O_CLOEXEC) = -1 ENOENT (No such file or directory)
1426298 openat(AT_FDCWD</tmp/kernel-audit2-v3r63b5w/\346\261\202\350\247\243\345\231\250>, "/usr/lib/locale/C.utf8/LC_CTYPE", O_RDONLY|O_CLOEXEC) = 3</usr/lib/locale/C.utf8/LC_CTYPE>
1426298 openat(AT_FDCWD</tmp/kernel-audit2-v3r63b5w/\346\261\202\350\247\243\345\231\250>, "/tmp/kernel-audit2-v3r63b5w/\346\261\202\350\247\243\345\231\250/\350\247\204\346\240\274/\345\217\227\351\231\220\350\275\254\347\247\273\345\256\232\344\271\211.md", O_RDONLY) = 3</tmp/kernel-audit2-v3r63b5w/\346\261\202\350\247\243\345\231\250/\350\247\204\346\240\274/\345\217\227\351\231\220\350\275\254\347\247\273\345\256\232\344\271\211.md>
1426283 --- SIGCHLD {si_signo=SIGCHLD, si_code=CLD_EXITED, si_pid=1426298, si_uid=1000, si_status=0, si_utime=0, si_stime=0} ---
1426283 openat(AT_FDCWD</tmp/kernel-audit2-v3r63b5w/\346\261\202\350\247\243\345\231\250>, "/dev/null", O_RDONLY|O_CLOEXEC) = 3</dev/null<char 1:3>>
1426299 execve("/home/zhuran24/.codex/tmp/arg0/codex-arg0DuAZRy/sha256sum", ["sha256sum", "--", "/tmp/kernel-audit2-v3r63b5w/\346\261\202\350\247\243\345\231\250/\350\247\204\346\240\274/\350\277\220\350\241\214\350\257\255\344\271\211.md"], 0x7ffdc1bb9fc8 /* 135 vars */) = -1 ENOENT (No such file or directory)
1426299 execve("/home/zhuran24/.cargo/bin/sha256sum", ["sha256sum", "--", "/tmp/kernel-audit2-v3r63b5w/\346\261\202\350\247\243\345\231\250/\350\247\204\346\240\274/\350\277\220\350\241\214\350\257\255\344\271\211.md"], 0x7ffdc1bb9fc8 /* 135 vars */) = -1 ENOENT (No such file or directory)
1426299 execve("/home/zhuran24/.local/bin/sha256sum", ["sha256sum", "--", "/tmp/kernel-audit2-v3r63b5w/\346\261\202\350\247\243\345\231\250/\350\247\204\346\240\274/\350\277\220\350\241\214\350\257\255\344\271\211.md"], 0x7ffdc1bb9fc8 /* 135 vars */) = -1 ENOENT (No such file or directory)
1426299 execve("/home/zhuran24/.opencode/bin/sha256sum", ["sha256sum", "--", "/tmp/kernel-audit2-v3r63b5w/\346\261\202\350\247\243\345\231\250/\350\247\204\346\240\274/\350\277\220\350\241\214\350\257\255\344\271\211.md"], 0x7ffdc1bb9fc8 /* 135 vars */) = -1 ENOENT (No such file or directory)
1426299 execve("/usr/local/bin/sha256sum", ["sha256sum", "--", "/tmp/kernel-audit2-v3r63b5w/\346\261\202\350\247\243\345\231\250/\350\247\204\346\240\274/\350\277\220\350\241\214\350\257\255\344\271\211.md"], 0x7ffdc1bb9fc8 /* 135 vars */) = -1 ENOENT (No such file or directory)
1426299 execve("/usr/bin/sha256sum", ["sha256sum", "--", "/tmp/kernel-audit2-v3r63b5w/\346\261\202\350\247\243\345\231\250/\350\247\204\346\240\274/\350\277\220\350\241\214\350\257\255\344\271\211.md"], 0x7ffdc1bb9fc8 /* 135 vars */) = 0
1426299 openat(AT_FDCWD</tmp/kernel-audit2-v3r63b5w/\346\261\202\350\247\243\345\231\250>, "/etc/ld.so.cache", O_RDONLY|O_CLOEXEC) = 3</etc/ld.so.cache>
1426299 openat(AT_FDCWD</tmp/kernel-audit2-v3r63b5w/\346\261\202\350\247\243\345\231\250>, "/usr/lib/libcrypto.so.3", O_RDONLY|O_CLOEXEC) = 3</usr/lib/libcrypto.so.3>
1426299 openat(AT_FDCWD</tmp/kernel-audit2-v3r63b5w/\346\261\202\350\247\243\345\231\250>, "/usr/lib/libc.so.6", O_RDONLY|O_CLOEXEC) = 3</usr/lib/libc.so.6>
1426299 openat(AT_FDCWD</tmp/kernel-audit2-v3r63b5w/\346\261\202\350\247\243\345\231\250>, "/usr/lib/libz.so.1", O_RDONLY|O_CLOEXEC) = 3</usr/lib/libz.so.1.3.1.zlib-ng>
1426299 openat(AT_FDCWD</tmp/kernel-audit2-v3r63b5w/\346\261\202\350\247\243\345\231\250>, "/usr/lib/libbrotlienc.so.1", O_RDONLY|O_CLOEXEC) = 3</usr/lib/libbrotlienc.so.1.2.0>
1426299 openat(AT_FDCWD</tmp/kernel-audit2-v3r63b5w/\346\261\202\350\247\243\345\231\250>, "/usr/lib/libbrotlidec.so.1", O_RDONLY|O_CLOEXEC) = 3</usr/lib/libbrotlidec.so.1.2.0>
1426299 openat(AT_FDCWD</tmp/kernel-audit2-v3r63b5w/\346\261\202\350\247\243\345\231\250>, "/usr/lib/libzstd.so.1", O_RDONLY|O_CLOEXEC) = 3</usr/lib/libzstd.so.1.5.7>
1426299 openat(AT_FDCWD</tmp/kernel-audit2-v3r63b5w/\346\261\202\350\247\243\345\231\250>, "/usr/lib/libm.so.6", O_RDONLY|O_CLOEXEC) = 3</usr/lib/libm.so.6>
1426299 openat(AT_FDCWD</tmp/kernel-audit2-v3r63b5w/\346\261\202\350\247\243\345\231\250>, "/usr/lib/libbrotlicommon.so.1", O_RDONLY|O_CLOEXEC) = 3</usr/lib/libbrotlicommon.so.1.2.0>
1426299 openat(AT_FDCWD</tmp/kernel-audit2-v3r63b5w/\346\261\202\350\247\243\345\231\250>, "/usr/lib/locale/locale-archive", O_RDONLY|O_CLOEXEC) = 3</usr/lib/locale/locale-archive>
1426299 openat(AT_FDCWD</tmp/kernel-audit2-v3r63b5w/\346\261\202\350\247\243\345\231\250>, "/usr/share/locale/locale.alias", O_RDONLY|O_CLOEXEC) = 3</usr/share/locale/locale.alias>
1426299 openat(AT_FDCWD</tmp/kernel-audit2-v3r63b5w/\346\261\202\350\247\243\345\231\250>, "/usr/lib/locale/C.UTF-8/LC_IDENTIFICATION", O_RDONLY|O_CLOEXEC) = -1 ENOENT (No such file or directory)
1426299 openat(AT_FDCWD</tmp/kernel-audit2-v3r63b5w/\346\261\202\350\247\243\345\231\250>, "/usr/lib/locale/C.utf8/LC_IDENTIFICATION", O_RDONLY|O_CLOEXEC) = 3</usr/lib/locale/C.utf8/LC_IDENTIFICATION>
1426299 openat(AT_FDCWD</tmp/kernel-audit2-v3r63b5w/\346\261\202\350\247\243\345\231\250>, "/usr/lib/gconv/gconv-modules.cache", O_RDONLY|O_CLOEXEC) = 3</usr/lib/gconv/gconv-modules.cache>
1426299 openat(AT_FDCWD</tmp/kernel-audit2-v3r63b5w/\346\261\202\350\247\243\345\231\250>, "/usr/lib/locale/C.UTF-8/LC_MEASUREMENT", O_RDONLY|O_CLOEXEC) = -1 ENOENT (No such file or directory)
1426299 openat(AT_FDCWD</tmp/kernel-audit2-v3r63b5w/\346\261\202\350\247\243\345\231\250>, "/usr/lib/locale/C.utf8/LC_MEASUREMENT", O_RDONLY|O_CLOEXEC) = 3</usr/lib/locale/C.utf8/LC_MEASUREMENT>
1426299 openat(AT_FDCWD</tmp/kernel-audit2-v3r63b5w/\346\261\202\350\247\243\345\231\250>, "/usr/lib/locale/C.UTF-8/LC_TELEPHONE", O_RDONLY|O_CLOEXEC) = -1 ENOENT (No such file or directory)
1426299 openat(AT_FDCWD</tmp/kernel-audit2-v3r63b5w/\346\261\202\350\247\243\345\231\250>, "/usr/lib/locale/C.utf8/LC_TELEPHONE", O_RDONLY|O_CLOEXEC) = 3</usr/lib/locale/C.utf8/LC_TELEPHONE>
1426299 openat(AT_FDCWD</tmp/kernel-audit2-v3r63b5w/\346\261\202\350\247\243\345\231\250>, "/usr/lib/locale/C.UTF-8/LC_ADDRESS", O_RDONLY|O_CLOEXEC) = -1 ENOENT (No such file or directory)
1426299 openat(AT_FDCWD</tmp/kernel-audit2-v3r63b5w/\346\261\202\350\247\243\345\231\250>, "/usr/lib/locale/C.utf8/LC_ADDRESS", O_RDONLY|O_CLOEXEC) = 3</usr/lib/locale/C.utf8/LC_ADDRESS>
1426299 openat(AT_FDCWD</tmp/kernel-audit2-v3r63b5w/\346\261\202\350\247\243\345\231\250>, "/usr/lib/locale/C.UTF-8/LC_NAME", O_RDONLY|O_CLOEXEC) = -1 ENOENT (No such file or directory)
1426299 openat(AT_FDCWD</tmp/kernel-audit2-v3r63b5w/\346\261\202\350\247\243\345\231\250>, "/usr/lib/locale/C.utf8/LC_NAME", O_RDONLY|O_CLOEXEC) = 3</usr/lib/locale/C.utf8/LC_NAME>
1426299 openat(AT_FDCWD</tmp/kernel-audit2-v3r63b5w/\346\261\202\350\247\243\345\231\250>, "/usr/lib/locale/C.UTF-8/LC_PAPER", O_RDONLY|O_CLOEXEC) = -1 ENOENT (No such file or directory)
1426299 openat(AT_FDCWD</tmp/kernel-audit2-v3r63b5w/\346\261\202\350\247\243\345\231\250>, "/usr/lib/locale/C.utf8/LC_PAPER", O_RDONLY|O_CLOEXEC) = 3</usr/lib/locale/C.utf8/LC_PAPER>
1426299 openat(AT_FDCWD</tmp/kernel-audit2-v3r63b5w/\346\261\202\350\247\243\345\231\250>, "/usr/lib/locale/C.UTF-8/LC_MESSAGES", O_RDONLY|O_CLOEXEC) = -1 ENOENT (No such file or directory)
1426299 openat(AT_FDCWD</tmp/kernel-audit2-v3r63b5w/\346\261\202\350\247\243\345\231\250>, "/usr/lib/locale/C.utf8/LC_MESSAGES", O_RDONLY|O_CLOEXEC) = 3</usr/lib/locale/C.utf8/LC_MESSAGES>
1426299 openat(AT_FDCWD</tmp/kernel-audit2-v3r63b5w/\346\261\202\350\247\243\345\231\250>, "/usr/lib/locale/C.utf8/LC_MESSAGES/SYS_LC_MESSAGES", O_RDONLY|O_CLOEXEC) = 3</usr/lib/locale/C.utf8/LC_MESSAGES/SYS_LC_MESSAGES>
1426299 openat(AT_FDCWD</tmp/kernel-audit2-v3r63b5w/\346\261\202\350\247\243\345\231\250>, "/usr/lib/locale/C.UTF-8/LC_MONETARY", O_RDONLY|O_CLOEXEC) = -1 ENOENT (No such file or directory)
1426299 openat(AT_FDCWD</tmp/kernel-audit2-v3r63b5w/\346\261\202\350\247\243\345\231\250>, "/usr/lib/locale/C.utf8/LC_MONETARY", O_RDONLY|O_CLOEXEC) = 3</usr/lib/locale/C.utf8/LC_MONETARY>
1426299 openat(AT_FDCWD</tmp/kernel-audit2-v3r63b5w/\346\261\202\350\247\243\345\231\250>, "/usr/lib/locale/C.UTF-8/LC_COLLATE", O_RDONLY|O_CLOEXEC) = -1 ENOENT (No such file or directory)
1426299 openat(AT_FDCWD</tmp/kernel-audit2-v3r63b5w/\346\261\202\350\247\243\345\231\250>, "/usr/lib/locale/C.utf8/LC_COLLATE", O_RDONLY|O_CLOEXEC) = 3</usr/lib/locale/C.utf8/LC_COLLATE>
1426299 openat(AT_FDCWD</tmp/kernel-audit2-v3r63b5w/\346\261\202\350\247\243\345\231\250>, "/usr/lib/locale/C.UTF-8/LC_TIME", O_RDONLY|O_CLOEXEC) = -1 ENOENT (No such file or directory)
1426299 openat(AT_FDCWD</tmp/kernel-audit2-v3r63b5w/\346\261\202\350\247\243\345\231\250>, "/usr/lib/locale/C.utf8/LC_TIME", O_RDONLY|O_CLOEXEC) = 3</usr/lib/locale/C.utf8/LC_TIME>
1426299 openat(AT_FDCWD</tmp/kernel-audit2-v3r63b5w/\346\261\202\350\247\243\345\231\250>, "/usr/lib/locale/C.UTF-8/LC_NUMERIC", O_RDONLY|O_CLOEXEC) = -1 ENOENT (No such file or directory)
1426299 openat(AT_FDCWD</tmp/kernel-audit2-v3r63b5w/\346\261\202\350\247\243\345\231\250>, "/usr/lib/locale/C.utf8/LC_NUMERIC", O_RDONLY|O_CLOEXEC) = 3</usr/lib/locale/C.utf8/LC_NUMERIC>
1426299 openat(AT_FDCWD</tmp/kernel-audit2-v3r63b5w/\346\261\202\350\247\243\345\231\250>, "/usr/lib/locale/C.UTF-8/LC_CTYPE", O_RDONLY|O_CLOEXEC) = -1 ENOENT (No such file or directory)
1426299 openat(AT_FDCWD</tmp/kernel-audit2-v3r63b5w/\346\261\202\350\247\243\345\231\250>, "/usr/lib/locale/C.utf8/LC_CTYPE", O_RDONLY|O_CLOEXEC) = 3</usr/lib/locale/C.utf8/LC_CTYPE>
1426299 openat(AT_FDCWD</tmp/kernel-audit2-v3r63b5w/\346\261\202\350\247\243\345\231\250>, "/tmp/kernel-audit2-v3r63b5w/\346\261\202\350\247\243\345\231\250/\350\247\204\346\240\274/\350\277\220\350\241\214\350\257\255\344\271\211.md", O_RDONLY) = 3</tmp/kernel-audit2-v3r63b5w/\346\261\202\350\247\243\345\231\250/\350\247\204\346\240\274/\350\277\220\350\241\214\350\257\255\344\271\211.md>
1426283 --- SIGCHLD {si_signo=SIGCHLD, si_code=CLD_EXITED, si_pid=1426299, si_uid=1000, si_status=0, si_utime=0, si_stime=0} ---
1426283 openat(AT_FDCWD</tmp/kernel-audit2-v3r63b5w/\346\261\202\350\247\243\345\231\250>, "/dev/null", O_RDONLY|O_CLOEXEC) = 3</dev/null<char 1:3>>
1426300 execve("/home/zhuran24/.codex/tmp/arg0/codex-arg0DuAZRy/sha256sum", ["sha256sum", "--", "/tmp/kernel-audit2-v3r63b5w/\346\261\202\350\247\243\345\231\250/\350\247\204\346\240\274/\345\206\205\346\240\270\350\276\223\345\205\245.md"], 0x7ffdc1bb9fc8 /* 135 vars */) = -1 ENOENT (No such file or directory)
1426300 execve("/home/zhuran24/.cargo/bin/sha256sum", ["sha256sum", "--", "/tmp/kernel-audit2-v3r63b5w/\346\261\202\350\247\243\345\231\250/\350\247\204\346\240\274/\345\206\205\346\240\270\350\276\223\345\205\245.md"], 0x7ffdc1bb9fc8 /* 135 vars */) = -1 ENOENT (No such file or directory)
1426300 execve("/home/zhuran24/.local/bin/sha256sum", ["sha256sum", "--", "/tmp/kernel-audit2-v3r63b5w/\346\261\202\350\247\243\345\231\250/\350\247\204\346\240\274/\345\206\205\346\240\270\350\276\223\345\205\245.md"], 0x7ffdc1bb9fc8 /* 135 vars */) = -1 ENOENT (No such file or directory)
1426300 execve("/home/zhuran24/.opencode/bin/sha256sum", ["sha256sum", "--", "/tmp/kernel-audit2-v3r63b5w/\346\261\202\350\247\243\345\231\250/\350\247\204\346\240\274/\345\206\205\346\240\270\350\276\223\345\205\245.md"], 0x7ffdc1bb9fc8 /* 135 vars */) = -1 ENOENT (No such file or directory)
1426300 execve("/usr/local/bin/sha256sum", ["sha256sum", "--", "/tmp/kernel-audit2-v3r63b5w/\346\261\202\350\247\243\345\231\250/\350\247\204\346\240\274/\345\206\205\346\240\270\350\276\223\345\205\245.md"], 0x7ffdc1bb9fc8 /* 135 vars */) = -1 ENOENT (No such file or directory)
1426300 execve("/usr/bin/sha256sum", ["sha256sum", "--", "/tmp/kernel-audit2-v3r63b5w/\346\261\202\350\247\243\345\231\250/\350\247\204\346\240\274/\345\206\205\346\240\270\350\276\223\345\205\245.md"], 0x7ffdc1bb9fc8 /* 135 vars */) = 0
1426300 openat(AT_FDCWD</tmp/kernel-audit2-v3r63b5w/\346\261\202\350\247\243\345\231\250>, "/etc/ld.so.cache", O_RDONLY|O_CLOEXEC) = 3</etc/ld.so.cache>
1426300 openat(AT_FDCWD</tmp/kernel-audit2-v3r63b5w/\346\261\202\350\247\243\345\231\250>, "/usr/lib/libcrypto.so.3", O_RDONLY|O_CLOEXEC) = 3</usr/lib/libcrypto.so.3>
1426300 openat(AT_FDCWD</tmp/kernel-audit2-v3r63b5w/\346\261\202\350\247\243\345\231\250>, "/usr/lib/libc.so.6", O_RDONLY|O_CLOEXEC) = 3</usr/lib/libc.so.6>
1426300 openat(AT_FDCWD</tmp/kernel-audit2-v3r63b5w/\346\261\202\350\247\243\345\231\250>, "/usr/lib/libz.so.1", O_RDONLY|O_CLOEXEC) = 3</usr/lib/libz.so.1.3.1.zlib-ng>
1426300 openat(AT_FDCWD</tmp/kernel-audit2-v3r63b5w/\346\261\202\350\247\243\345\231\250>, "/usr/lib/libbrotlienc.so.1", O_RDONLY|O_CLOEXEC) = 3</usr/lib/libbrotlienc.so.1.2.0>
1426300 openat(AT_FDCWD</tmp/kernel-audit2-v3r63b5w/\346\261\202\350\247\243\345\231\250>, "/usr/lib/libbrotlidec.so.1", O_RDONLY|O_CLOEXEC) = 3</usr/lib/libbrotlidec.so.1.2.0>
1426300 openat(AT_FDCWD</tmp/kernel-audit2-v3r63b5w/\346\261\202\350\247\243\345\231\250>, "/usr/lib/libzstd.so.1", O_RDONLY|O_CLOEXEC) = 3</usr/lib/libzstd.so.1.5.7>
1426300 openat(AT_FDCWD</tmp/kernel-audit2-v3r63b5w/\346\261\202\350\247\243\345\231\250>, "/usr/lib/libm.so.6", O_RDONLY|O_CLOEXEC) = 3</usr/lib/libm.so.6>
1426300 openat(AT_FDCWD</tmp/kernel-audit2-v3r63b5w/\346\261\202\350\247\243\345\231\250>, "/usr/lib/libbrotlicommon.so.1", O_RDONLY|O_CLOEXEC) = 3</usr/lib/libbrotlicommon.so.1.2.0>
1426300 openat(AT_FDCWD</tmp/kernel-audit2-v3r63b5w/\346\261\202\350\247\243\345\231\250>, "/usr/lib/locale/locale-archive", O_RDONLY|O_CLOEXEC) = 3</usr/lib/locale/locale-archive>
1426300 openat(AT_FDCWD</tmp/kernel-audit2-v3r63b5w/\346\261\202\350\247\243\345\231\250>, "/usr/share/locale/locale.alias", O_RDONLY|O_CLOEXEC) = 3</usr/share/locale/locale.alias>
1426300 openat(AT_FDCWD</tmp/kernel-audit2-v3r63b5w/\346\261\202\350\247\243\345\231\250>, "/usr/lib/locale/C.UTF-8/LC_IDENTIFICATION", O_RDONLY|O_CLOEXEC) = -1 ENOENT (No such file or directory)
1426300 openat(AT_FDCWD</tmp/kernel-audit2-v3r63b5w/\346\261\202\350\247\243\345\231\250>, "/usr/lib/locale/C.utf8/LC_IDENTIFICATION", O_RDONLY|O_CLOEXEC) = 3</usr/lib/locale/C.utf8/LC_IDENTIFICATION>
1426300 openat(AT_FDCWD</tmp/kernel-audit2-v3r63b5w/\346\261\202\350\247\243\345\231\250>, "/usr/lib/gconv/gconv-modules.cache", O_RDONLY|O_CLOEXEC) = 3</usr/lib/gconv/gconv-modules.cache>
1426300 openat(AT_FDCWD</tmp/kernel-audit2-v3r63b5w/\346\261\202\350\247\243\345\231\250>, "/usr/lib/locale/C.UTF-8/LC_MEASUREMENT", O_RDONLY|O_CLOEXEC) = -1 ENOENT (No such file or directory)
1426300 openat(AT_FDCWD</tmp/kernel-audit2-v3r63b5w/\346\261\202\350\247\243\345\231\250>, "/usr/lib/locale/C.utf8/LC_MEASUREMENT", O_RDONLY|O_CLOEXEC) = 3</usr/lib/locale/C.utf8/LC_MEASUREMENT>
1426300 openat(AT_FDCWD</tmp/kernel-audit2-v3r63b5w/\346\261\202\350\247\243\345\231\250>, "/usr/lib/locale/C.UTF-8/LC_TELEPHONE", O_RDONLY|O_CLOEXEC) = -1 ENOENT (No such file or directory)
1426300 openat(AT_FDCWD</tmp/kernel-audit2-v3r63b5w/\346\261\202\350\247\243\345\231\250>, "/usr/lib/locale/C.utf8/LC_TELEPHONE", O_RDONLY|O_CLOEXEC) = 3</usr/lib/locale/C.utf8/LC_TELEPHONE>
1426300 openat(AT_FDCWD</tmp/kernel-audit2-v3r63b5w/\346\261\202\350\247\243\345\231\250>, "/usr/lib/locale/C.UTF-8/LC_ADDRESS", O_RDONLY|O_CLOEXEC) = -1 ENOENT (No such file or directory)
1426300 openat(AT_FDCWD</tmp/kernel-audit2-v3r63b5w/\346\261\202\350\247\243\345\231\250>, "/usr/lib/locale/C.utf8/LC_ADDRESS", O_RDONLY|O_CLOEXEC) = 3</usr/lib/locale/C.utf8/LC_ADDRESS>
1426300 openat(AT_FDCWD</tmp/kernel-audit2-v3r63b5w/\346\261\202\350\247\243\345\231\250>, "/usr/lib/locale/C.UTF-8/LC_NAME", O_RDONLY|O_CLOEXEC) = -1 ENOENT (No such file or directory)
1426300 openat(AT_FDCWD</tmp/kernel-audit2-v3r63b5w/\346\261\202\350\247\243\345\231\250>, "/usr/lib/locale/C.utf8/LC_NAME", O_RDONLY|O_CLOEXEC) = 3</usr/lib/locale/C.utf8/LC_NAME>
1426300 openat(AT_FDCWD</tmp/kernel-audit2-v3r63b5w/\346\261\202\350\247\243\345\231\250>, "/usr/lib/locale/C.UTF-8/LC_PAPER", O_RDONLY|O_CLOEXEC) = -1 ENOENT (No such file or directory)
1426300 openat(AT_FDCWD</tmp/kernel-audit2-v3r63b5w/\346\261\202\350\247\243\345\231\250>, "/usr/lib/locale/C.utf8/LC_PAPER", O_RDONLY|O_CLOEXEC) = 3</usr/lib/locale/C.utf8/LC_PAPER>
1426300 openat(AT_FDCWD</tmp/kernel-audit2-v3r63b5w/\346\261\202\350\247\243\345\231\250>, "/usr/lib/locale/C.UTF-8/LC_MESSAGES", O_RDONLY|O_CLOEXEC) = -1 ENOENT (No such file or directory)
1426300 openat(AT_FDCWD</tmp/kernel-audit2-v3r63b5w/\346\261\202\350\247\243\345\231\250>, "/usr/lib/locale/C.utf8/LC_MESSAGES", O_RDONLY|O_CLOEXEC) = 3</usr/lib/locale/C.utf8/LC_MESSAGES>
1426300 openat(AT_FDCWD</tmp/kernel-audit2-v3r63b5w/\346\261\202\350\247\243\345\231\250>, "/usr/lib/locale/C.utf8/LC_MESSAGES/SYS_LC_MESSAGES", O_RDONLY|O_CLOEXEC) = 3</usr/lib/locale/C.utf8/LC_MESSAGES/SYS_LC_MESSAGES>
1426300 openat(AT_FDCWD</tmp/kernel-audit2-v3r63b5w/\346\261\202\350\247\243\345\231\250>, "/usr/lib/locale/C.UTF-8/LC_MONETARY", O_RDONLY|O_CLOEXEC) = -1 ENOENT (No such file or directory)
1426300 openat(AT_FDCWD</tmp/kernel-audit2-v3r63b5w/\346\261\202\350\247\243\345\231\250>, "/usr/lib/locale/C.utf8/LC_MONETARY", O_RDONLY|O_CLOEXEC) = 3</usr/lib/locale/C.utf8/LC_MONETARY>
1426300 openat(AT_FDCWD</tmp/kernel-audit2-v3r63b5w/\346\261\202\350\247\243\345\231\250>, "/usr/lib/locale/C.UTF-8/LC_COLLATE", O_RDONLY|O_CLOEXEC) = -1 ENOENT (No such file or directory)
1426300 openat(AT_FDCWD</tmp/kernel-audit2-v3r63b5w/\346\261\202\350\247\243\345\231\250>, "/usr/lib/locale/C.utf8/LC_COLLATE", O_RDONLY|O_CLOEXEC) = 3</usr/lib/locale/C.utf8/LC_COLLATE>
1426300 openat(AT_FDCWD</tmp/kernel-audit2-v3r63b5w/\346\261\202\350\247\243\345\231\250>, "/usr/lib/locale/C.UTF-8/LC_TIME", O_RDONLY|O_CLOEXEC) = -1 ENOENT (No such file or directory)
1426300 openat(AT_FDCWD</tmp/kernel-audit2-v3r63b5w/\346\261\202\350\247\243\345\231\250>, "/usr/lib/locale/C.utf8/LC_TIME", O_RDONLY|O_CLOEXEC) = 3</usr/lib/locale/C.utf8/LC_TIME>
1426300 openat(AT_FDCWD</tmp/kernel-audit2-v3r63b5w/\346\261\202\350\247\243\345\231\250>, "/usr/lib/locale/C.UTF-8/LC_NUMERIC", O_RDONLY|O_CLOEXEC) = -1 ENOENT (No such file or directory)
1426300 openat(AT_FDCWD</tmp/kernel-audit2-v3r63b5w/\346\261\202\350\247\243\345\231\250>, "/usr/lib/locale/C.utf8/LC_NUMERIC", O_RDONLY|O_CLOEXEC) = 3</usr/lib/locale/C.utf8/LC_NUMERIC>
1426300 openat(AT_FDCWD</tmp/kernel-audit2-v3r63b5w/\346\261\202\350\247\243\345\231\250>, "/usr/lib/locale/C.UTF-8/LC_CTYPE", O_RDONLY|O_CLOEXEC) = -1 ENOENT (No such file or directory)
1426300 openat(AT_FDCWD</tmp/kernel-audit2-v3r63b5w/\346\261\202\350\247\243\345\231\250>, "/usr/lib/locale/C.utf8/LC_CTYPE", O_RDONLY|O_CLOEXEC) = 3</usr/lib/locale/C.utf8/LC_CTYPE>
1426300 openat(AT_FDCWD</tmp/kernel-audit2-v3r63b5w/\346\261\202\350\247\243\345\231\250>, "/tmp/kernel-audit2-v3r63b5w/\346\261\202\350\247\243\345\231\250/\350\247\204\346\240\274/\345\206\205\346\240\270\350\276\223\345\205\245.md", O_RDONLY) = 3</tmp/kernel-audit2-v3r63b5w/\346\261\202\350\247\243\345\231\250/\350\247\204\346\240\274/\345\206\205\346\240\270\350\276\223\345\205\245.md>
1426283 --- SIGCHLD {si_signo=SIGCHLD, si_code=CLD_EXITED, si_pid=1426300, si_uid=1000, si_status=0, si_utime=0, si_stime=0} ---
1426283 openat(AT_FDCWD</tmp/kernel-audit2-v3r63b5w/\346\261\202\350\247\243\345\231\250>, "/dev/null", O_RDONLY|O_CLOEXEC) = 3</dev/null<char 1:3>>
1426301 execve("/home/zhuran24/.codex/tmp/arg0/codex-arg0DuAZRy/sha256sum", ["sha256sum", "--", "/tmp/kernel-audit2-v3r63b5w/\346\261\202\350\247\243\345\231\250/\350\247\204\346\240\274/\345\206\205\346\240\270\350\276\223\345\207\272.md"], 0x7ffdc1bb9fc8 /* 135 vars */) = -1 ENOENT (No such file or directory)
1426301 execve("/home/zhuran24/.cargo/bin/sha256sum", ["sha256sum", "--", "/tmp/kernel-audit2-v3r63b5w/\346\261\202\350\247\243\345\231\250/\350\247\204\346\240\274/\345\206\205\346\240\270\350\276\223\345\207\272.md"], 0x7ffdc1bb9fc8 /* 135 vars */) = -1 ENOENT (No such file or directory)
1426301 execve("/home/zhuran24/.local/bin/sha256sum", ["sha256sum", "--", "/tmp/kernel-audit2-v3r63b5w/\346\261\202\350\247\243\345\231\250/\350\247\204\346\240\274/\345\206\205\346\240\270\350\276\223\345\207\272.md"], 0x7ffdc1bb9fc8 /* 135 vars */) = -1 ENOENT (No such file or directory)
1426301 execve("/home/zhuran24/.opencode/bin/sha256sum", ["sha256sum", "--", "/tmp/kernel-audit2-v3r63b5w/\346\261\202\350\247\243\345\231\250/\350\247\204\346\240\274/\345\206\205\346\240\270\350\276\223\345\207\272.md"], 0x7ffdc1bb9fc8 /* 135 vars */) = -1 ENOENT (No such file or directory)
1426301 execve("/usr/local/bin/sha256sum", ["sha256sum", "--", "/tmp/kernel-audit2-v3r63b5w/\346\261\202\350\247\243\345\231\250/\350\247\204\346\240\274/\345\206\205\346\240\270\350\276\223\345\207\272.md"], 0x7ffdc1bb9fc8 /* 135 vars */) = -1 ENOENT (No such file or directory)
1426301 execve("/usr/bin/sha256sum", ["sha256sum", "--", "/tmp/kernel-audit2-v3r63b5w/\346\261\202\350\247\243\345\231\250/\350\247\204\346\240\274/\345\206\205\346\240\270\350\276\223\345\207\272.md"], 0x7ffdc1bb9fc8 /* 135 vars */) = 0
1426301 openat(AT_FDCWD</tmp/kernel-audit2-v3r63b5w/\346\261\202\350\247\243\345\231\250>, "/etc/ld.so.cache", O_RDONLY|O_CLOEXEC) = 3</etc/ld.so.cache>
1426301 openat(AT_FDCWD</tmp/kernel-audit2-v3r63b5w/\346\261\202\350\247\243\345\231\250>, "/usr/lib/libcrypto.so.3", O_RDONLY|O_CLOEXEC) = 3</usr/lib/libcrypto.so.3>
1426301 openat(AT_FDCWD</tmp/kernel-audit2-v3r63b5w/\346\261\202\350\247\243\345\231\250>, "/usr/lib/libc.so.6", O_RDONLY|O_CLOEXEC) = 3</usr/lib/libc.so.6>
1426301 openat(AT_FDCWD</tmp/kernel-audit2-v3r63b5w/\346\261\202\350\247\243\345\231\250>, "/usr/lib/libz.so.1", O_RDONLY|O_CLOEXEC) = 3</usr/lib/libz.so.1.3.1.zlib-ng>
1426301 openat(AT_FDCWD</tmp/kernel-audit2-v3r63b5w/\346\261\202\350\247\243\345\231\250>, "/usr/lib/libbrotlienc.so.1", O_RDONLY|O_CLOEXEC) = 3</usr/lib/libbrotlienc.so.1.2.0>
1426301 openat(AT_FDCWD</tmp/kernel-audit2-v3r63b5w/\346\261\202\350\247\243\345\231\250>, "/usr/lib/libbrotlidec.so.1", O_RDONLY|O_CLOEXEC) = 3</usr/lib/libbrotlidec.so.1.2.0>
1426301 openat(AT_FDCWD</tmp/kernel-audit2-v3r63b5w/\346\261\202\350\247\243\345\231\250>, "/usr/lib/libzstd.so.1", O_RDONLY|O_CLOEXEC) = 3</usr/lib/libzstd.so.1.5.7>
1426301 openat(AT_FDCWD</tmp/kernel-audit2-v3r63b5w/\346\261\202\350\247\243\345\231\250>, "/usr/lib/libm.so.6", O_RDONLY|O_CLOEXEC) = 3</usr/lib/libm.so.6>
1426301 openat(AT_FDCWD</tmp/kernel-audit2-v3r63b5w/\346\261\202\350\247\243\345\231\250>, "/usr/lib/libbrotlicommon.so.1", O_RDONLY|O_CLOEXEC) = 3</usr/lib/libbrotlicommon.so.1.2.0>
1426301 openat(AT_FDCWD</tmp/kernel-audit2-v3r63b5w/\346\261\202\350\247\243\345\231\250>, "/usr/lib/locale/locale-archive", O_RDONLY|O_CLOEXEC) = 3</usr/lib/locale/locale-archive>
1426301 openat(AT_FDCWD</tmp/kernel-audit2-v3r63b5w/\346\261\202\350\247\243\345\231\250>, "/usr/share/locale/locale.alias", O_RDONLY|O_CLOEXEC) = 3</usr/share/locale/locale.alias>
1426301 openat(AT_FDCWD</tmp/kernel-audit2-v3r63b5w/\346\261\202\350\247\243\345\231\250>, "/usr/lib/locale/C.UTF-8/LC_IDENTIFICATION", O_RDONLY|O_CLOEXEC) = -1 ENOENT (No such file or directory)
1426301 openat(AT_FDCWD</tmp/kernel-audit2-v3r63b5w/\346\261\202\350\247\243\345\231\250>, "/usr/lib/locale/C.utf8/LC_IDENTIFICATION", O_RDONLY|O_CLOEXEC) = 3</usr/lib/locale/C.utf8/LC_IDENTIFICATION>
1426301 openat(AT_FDCWD</tmp/kernel-audit2-v3r63b5w/\346\261\202\350\247\243\345\231\250>, "/usr/lib/gconv/gconv-modules.cache", O_RDONLY|O_CLOEXEC) = 3</usr/lib/gconv/gconv-modules.cache>
1426301 openat(AT_FDCWD</tmp/kernel-audit2-v3r63b5w/\346\261\202\350\247\243\345\231\250>, "/usr/lib/locale/C.UTF-8/LC_MEASUREMENT", O_RDONLY|O_CLOEXEC) = -1 ENOENT (No such file or directory)
1426301 openat(AT_FDCWD</tmp/kernel-audit2-v3r63b5w/\346\261\202\350\247\243\345\231\250>, "/usr/lib/locale/C.utf8/LC_MEASUREMENT", O_RDONLY|O_CLOEXEC) = 3</usr/lib/locale/C.utf8/LC_MEASUREMENT>
1426301 openat(AT_FDCWD</tmp/kernel-audit2-v3r63b5w/\346\261\202\350\247\243\345\231\250>, "/usr/lib/locale/C.UTF-8/LC_TELEPHONE", O_RDONLY|O_CLOEXEC) = -1 ENOENT (No such file or directory)
1426301 openat(AT_FDCWD</tmp/kernel-audit2-v3r63b5w/\346\261\202\350\247\243\345\231\250>, "/usr/lib/locale/C.utf8/LC_TELEPHONE", O_RDONLY|O_CLOEXEC) = 3</usr/lib/locale/C.utf8/LC_TELEPHONE>
1426301 openat(AT_FDCWD</tmp/kernel-audit2-v3r63b5w/\346\261\202\350\247\243\345\231\250>, "/usr/lib/locale/C.UTF-8/LC_ADDRESS", O_RDONLY|O_CLOEXEC) = -1 ENOENT (No such file or directory)
1426301 openat(AT_FDCWD</tmp/kernel-audit2-v3r63b5w/\346\261\202\350\247\243\345\231\250>, "/usr/lib/locale/C.utf8/LC_ADDRESS", O_RDONLY|O_CLOEXEC) = 3</usr/lib/locale/C.utf8/LC_ADDRESS>
1426301 openat(AT_FDCWD</tmp/kernel-audit2-v3r63b5w/\346\261\202\350\247\243\345\231\250>, "/usr/lib/locale/C.UTF-8/LC_NAME", O_RDONLY|O_CLOEXEC) = -1 ENOENT (No such file or directory)
1426301 openat(AT_FDCWD</tmp/kernel-audit2-v3r63b5w/\346\261\202\350\247\243\345\231\250>, "/usr/lib/locale/C.utf8/LC_NAME", O_RDONLY|O_CLOEXEC) = 3</usr/lib/locale/C.utf8/LC_NAME>
1426301 openat(AT_FDCWD</tmp/kernel-audit2-v3r63b5w/\346\261\202\350\247\243\345\231\250>, "/usr/lib/locale/C.UTF-8/LC_PAPER", O_RDONLY|O_CLOEXEC) = -1 ENOENT (No such file or directory)
1426301 openat(AT_FDCWD</tmp/kernel-audit2-v3r63b5w/\346\261\202\350\247\243\345\231\250>, "/usr/lib/locale/C.utf8/LC_PAPER", O_RDONLY|O_CLOEXEC) = 3</usr/lib/locale/C.utf8/LC_PAPER>
1426301 openat(AT_FDCWD</tmp/kernel-audit2-v3r63b5w/\346\261\202\350\247\243\345\231\250>, "/usr/lib/locale/C.UTF-8/LC_MESSAGES", O_RDONLY|O_CLOEXEC) = -1 ENOENT (No such file or directory)
1426301 openat(AT_FDCWD</tmp/kernel-audit2-v3r63b5w/\346\261\202\350\247\243\345\231\250>, "/usr/lib/locale/C.utf8/LC_MESSAGES", O_RDONLY|O_CLOEXEC) = 3</usr/lib/locale/C.utf8/LC_MESSAGES>
1426301 openat(AT_FDCWD</tmp/kernel-audit2-v3r63b5w/\346\261\202\350\247\243\345\231\250>, "/usr/lib/locale/C.utf8/LC_MESSAGES/SYS_LC_MESSAGES", O_RDONLY|O_CLOEXEC) = 3</usr/lib/locale/C.utf8/LC_MESSAGES/SYS_LC_MESSAGES>
1426301 openat(AT_FDCWD</tmp/kernel-audit2-v3r63b5w/\346\261\202\350\247\243\345\231\250>, "/usr/lib/locale/C.UTF-8/LC_MONETARY", O_RDONLY|O_CLOEXEC) = -1 ENOENT (No such file or directory)
1426301 openat(AT_FDCWD</tmp/kernel-audit2-v3r63b5w/\346\261\202\350\247\243\345\231\250>, "/usr/lib/locale/C.utf8/LC_MONETARY", O_RDONLY|O_CLOEXEC) = 3</usr/lib/locale/C.utf8/LC_MONETARY>
1426301 openat(AT_FDCWD</tmp/kernel-audit2-v3r63b5w/\346\261\202\350\247\243\345\231\250>, "/usr/lib/locale/C.UTF-8/LC_COLLATE", O_RDONLY|O_CLOEXEC) = -1 ENOENT (No such file or directory)
1426301 openat(AT_FDCWD</tmp/kernel-audit2-v3r63b5w/\346\261\202\350\247\243\345\231\250>, "/usr/lib/locale/C.utf8/LC_COLLATE", O_RDONLY|O_CLOEXEC) = 3</usr/lib/locale/C.utf8/LC_COLLATE>
1426301 openat(AT_FDCWD</tmp/kernel-audit2-v3r63b5w/\346\261\202\350\247\243\345\231\250>, "/usr/lib/locale/C.UTF-8/LC_TIME", O_RDONLY|O_CLOEXEC) = -1 ENOENT (No such file or directory)
1426301 openat(AT_FDCWD</tmp/kernel-audit2-v3r63b5w/\346\261\202\350\247\243\345\231\250>, "/usr/lib/locale/C.utf8/LC_TIME", O_RDONLY|O_CLOEXEC) = 3</usr/lib/locale/C.utf8/LC_TIME>
1426301 openat(AT_FDCWD</tmp/kernel-audit2-v3r63b5w/\346\261\202\350\247\243\345\231\250>, "/usr/lib/locale/C.UTF-8/LC_NUMERIC", O_RDONLY|O_CLOEXEC) = -1 ENOENT (No such file or directory)
1426301 openat(AT_FDCWD</tmp/kernel-audit2-v3r63b5w/\346\261\202\350\247\243\345\231\250>, "/usr/lib/locale/C.utf8/LC_NUMERIC", O_RDONLY|O_CLOEXEC) = 3</usr/lib/locale/C.utf8/LC_NUMERIC>
1426301 openat(AT_FDCWD</tmp/kernel-audit2-v3r63b5w/\346\261\202\350\247\243\345\231\250>, "/usr/lib/locale/C.UTF-8/LC_CTYPE", O_RDONLY|O_CLOEXEC) = -1 ENOENT (No such file or directory)
1426301 openat(AT_FDCWD</tmp/kernel-audit2-v3r63b5w/\346\261\202\350\247\243\345\231\250>, "/usr/lib/locale/C.utf8/LC_CTYPE", O_RDONLY|O_CLOEXEC) = 3</usr/lib/locale/C.utf8/LC_CTYPE>
1426301 openat(AT_FDCWD</tmp/kernel-audit2-v3r63b5w/\346\261\202\350\247\243\345\231\250>, "/tmp/kernel-audit2-v3r63b5w/\346\261\202\350\247\243\345\231\250/\350\247\204\346\240\274/\345\206\205\346\240\270\350\276\223\345\207\272.md", O_RDONLY) = 3</tmp/kernel-audit2-v3r63b5w/\346\261\202\350\247\243\345\231\250/\350\247\204\346\240\274/\345\206\205\346\240\270\350\276\223\345\207\272.md>
1426283 --- SIGCHLD {si_signo=SIGCHLD, si_code=CLD_EXITED, si_pid=1426301, si_uid=1000, si_status=0, si_utime=0, si_stime=0} ---
1426283 openat(AT_FDCWD</tmp/kernel-audit2-v3r63b5w/\346\261\202\350\247\243\345\231\250>, "/dev/null", O_RDONLY|O_CLOEXEC) = 3</dev/null<char 1:3>>
1426302 execve("/home/zhuran24/.codex/tmp/arg0/codex-arg0DuAZRy/sha256sum", ["sha256sum", "--", "/tmp/kernel-audit2-v3r63b5w/\346\261\202\350\247\243\345\231\250/\350\247\204\346\240\274/\345\206\205\346\240\270\350\276\223\345\207\272.schema.json"], 0x7ffdc1bb9fc8 /* 135 vars */) = -1 ENOENT (No such file or directory)
1426302 execve("/home/zhuran24/.cargo/bin/sha256sum", ["sha256sum", "--", "/tmp/kernel-audit2-v3r63b5w/\346\261\202\350\247\243\345\231\250/\350\247\204\346\240\274/\345\206\205\346\240\270\350\276\223\345\207\272.schema.json"], 0x7ffdc1bb9fc8 /* 135 vars */) = -1 ENOENT (No such file or directory)
1426302 execve("/home/zhuran24/.local/bin/sha256sum", ["sha256sum", "--", "/tmp/kernel-audit2-v3r63b5w/\346\261\202\350\247\243\345\231\250/\350\247\204\346\240\274/\345\206\205\346\240\270\350\276\223\345\207\272.schema.json"], 0x7ffdc1bb9fc8 /* 135 vars */) = -1 ENOENT (No such file or directory)
1426302 execve("/home/zhuran24/.opencode/bin/sha256sum", ["sha256sum", "--", "/tmp/kernel-audit2-v3r63b5w/\346\261\202\350\247\243\345\231\250/\350\247\204\346\240\274/\345\206\205\346\240\270\350\276\223\345\207\272.schema.json"], 0x7ffdc1bb9fc8 /* 135 vars */) = -1 ENOENT (No such file or directory)
1426302 execve("/usr/local/bin/sha256sum", ["sha256sum", "--", "/tmp/kernel-audit2-v3r63b5w/\346\261\202\350\247\243\345\231\250/\350\247\204\346\240\274/\345\206\205\346\240\270\350\276\223\345\207\272.schema.json"], 0x7ffdc1bb9fc8 /* 135 vars */) = -1 ENOENT (No such file or directory)
1426302 execve("/usr/bin/sha256sum", ["sha256sum", "--", "/tmp/kernel-audit2-v3r63b5w/\346\261\202\350\247\243\345\231\250/\350\247\204\346\240\274/\345\206\205\346\240\270\350\276\223\345\207\272.schema.json"], 0x7ffdc1bb9fc8 /* 135 vars */) = 0
1426302 openat(AT_FDCWD</tmp/kernel-audit2-v3r63b5w/\346\261\202\350\247\243\345\231\250>, "/etc/ld.so.cache", O_RDONLY|O_CLOEXEC) = 3</etc/ld.so.cache>
1426302 openat(AT_FDCWD</tmp/kernel-audit2-v3r63b5w/\346\261\202\350\247\243\345\231\250>, "/usr/lib/libcrypto.so.3", O_RDONLY|O_CLOEXEC) = 3</usr/lib/libcrypto.so.3>
1426302 openat(AT_FDCWD</tmp/kernel-audit2-v3r63b5w/\346\261\202\350\247\243\345\231\250>, "/usr/lib/libc.so.6", O_RDONLY|O_CLOEXEC) = 3</usr/lib/libc.so.6>
1426302 openat(AT_FDCWD</tmp/kernel-audit2-v3r63b5w/\346\261\202\350\247\243\345\231\250>, "/usr/lib/libz.so.1", O_RDONLY|O_CLOEXEC) = 3</usr/lib/libz.so.1.3.1.zlib-ng>
1426302 openat(AT_FDCWD</tmp/kernel-audit2-v3r63b5w/\346\261\202\350\247\243\345\231\250>, "/usr/lib/libbrotlienc.so.1", O_RDONLY|O_CLOEXEC) = 3</usr/lib/libbrotlienc.so.1.2.0>
1426302 openat(AT_FDCWD</tmp/kernel-audit2-v3r63b5w/\346\261\202\350\247\243\345\231\250>, "/usr/lib/libbrotlidec.so.1", O_RDONLY|O_CLOEXEC) = 3</usr/lib/libbrotlidec.so.1.2.0>
1426302 openat(AT_FDCWD</tmp/kernel-audit2-v3r63b5w/\346\261\202\350\247\243\345\231\250>, "/usr/lib/libzstd.so.1", O_RDONLY|O_CLOEXEC) = 3</usr/lib/libzstd.so.1.5.7>
1426302 openat(AT_FDCWD</tmp/kernel-audit2-v3r63b5w/\346\261\202\350\247\243\345\231\250>, "/usr/lib/libm.so.6", O_RDONLY|O_CLOEXEC) = 3</usr/lib/libm.so.6>
1426302 openat(AT_FDCWD</tmp/kernel-audit2-v3r63b5w/\346\261\202\350\247\243\345\231\250>, "/usr/lib/libbrotlicommon.so.1", O_RDONLY|O_CLOEXEC) = 3</usr/lib/libbrotlicommon.so.1.2.0>
1426302 openat(AT_FDCWD</tmp/kernel-audit2-v3r63b5w/\346\261\202\350\247\243\345\231\250>, "/usr/lib/locale/locale-archive", O_RDONLY|O_CLOEXEC) = 3</usr/lib/locale/locale-archive>
1426302 openat(AT_FDCWD</tmp/kernel-audit2-v3r63b5w/\346\261\202\350\247\243\345\231\250>, "/usr/share/locale/locale.alias", O_RDONLY|O_CLOEXEC) = 3</usr/share/locale/locale.alias>
1426302 openat(AT_FDCWD</tmp/kernel-audit2-v3r63b5w/\346\261\202\350\247\243\345\231\250>, "/usr/lib/locale/C.UTF-8/LC_IDENTIFICATION", O_RDONLY|O_CLOEXEC) = -1 ENOENT (No such file or directory)
1426302 openat(AT_FDCWD</tmp/kernel-audit2-v3r63b5w/\346\261\202\350\247\243\345\231\250>, "/usr/lib/locale/C.utf8/LC_IDENTIFICATION", O_RDONLY|O_CLOEXEC) = 3</usr/lib/locale/C.utf8/LC_IDENTIFICATION>
1426302 openat(AT_FDCWD</tmp/kernel-audit2-v3r63b5w/\346\261\202\350\247\243\345\231\250>, "/usr/lib/gconv/gconv-modules.cache", O_RDONLY|O_CLOEXEC) = 3</usr/lib/gconv/gconv-modules.cache>
1426302 openat(AT_FDCWD</tmp/kernel-audit2-v3r63b5w/\346\261\202\350\247\243\345\231\250>, "/usr/lib/locale/C.UTF-8/LC_MEASUREMENT", O_RDONLY|O_CLOEXEC) = -1 ENOENT (No such file or directory)
1426302 openat(AT_FDCWD</tmp/kernel-audit2-v3r63b5w/\346\261\202\350\247\243\345\231\250>, "/usr/lib/locale/C.utf8/LC_MEASUREMENT", O_RDONLY|O_CLOEXEC) = 3</usr/lib/locale/C.utf8/LC_MEASUREMENT>
1426302 openat(AT_FDCWD</tmp/kernel-audit2-v3r63b5w/\346\261\202\350\247\243\345\231\250>, "/usr/lib/locale/C.UTF-8/LC_TELEPHONE", O_RDONLY|O_CLOEXEC) = -1 ENOENT (No such file or directory)
1426302 openat(AT_FDCWD</tmp/kernel-audit2-v3r63b5w/\346\261\202\350\247\243\345\231\250>, "/usr/lib/locale/C.utf8/LC_TELEPHONE", O_RDONLY|O_CLOEXEC) = 3</usr/lib/locale/C.utf8/LC_TELEPHONE>
1426302 openat(AT_FDCWD</tmp/kernel-audit2-v3r63b5w/\346\261\202\350\247\243\345\231\250>, "/usr/lib/locale/C.UTF-8/LC_ADDRESS", O_RDONLY|O_CLOEXEC) = -1 ENOENT (No such file or directory)
1426302 openat(AT_FDCWD</tmp/kernel-audit2-v3r63b5w/\346\261\202\350\247\243\345\231\250>, "/usr/lib/locale/C.utf8/LC_ADDRESS", O_RDONLY|O_CLOEXEC) = 3</usr/lib/locale/C.utf8/LC_ADDRESS>
1426302 openat(AT_FDCWD</tmp/kernel-audit2-v3r63b5w/\346\261\202\350\247\243\345\231\250>, "/usr/lib/locale/C.UTF-8/LC_NAME", O_RDONLY|O_CLOEXEC) = -1 ENOENT (No such file or directory)
1426302 openat(AT_FDCWD</tmp/kernel-audit2-v3r63b5w/\346\261\202\350\247\243\345\231\250>, "/usr/lib/locale/C.utf8/LC_NAME", O_RDONLY|O_CLOEXEC) = 3</usr/lib/locale/C.utf8/LC_NAME>
1426302 openat(AT_FDCWD</tmp/kernel-audit2-v3r63b5w/\346\261\202\350\247\243\345\231\250>, "/usr/lib/locale/C.UTF-8/LC_PAPER", O_RDONLY|O_CLOEXEC) = -1 ENOENT (No such file or directory)
1426302 openat(AT_FDCWD</tmp/kernel-audit2-v3r63b5w/\346\261\202\350\247\243\345\231\250>, "/usr/lib/locale/C.utf8/LC_PAPER", O_RDONLY|O_CLOEXEC) = 3</usr/lib/locale/C.utf8/LC_PAPER>
1426302 openat(AT_FDCWD</tmp/kernel-audit2-v3r63b5w/\346\261\202\350\247\243\345\231\250>, "/usr/lib/locale/C.UTF-8/LC_MESSAGES", O_RDONLY|O_CLOEXEC) = -1 ENOENT (No such file or directory)
1426302 openat(AT_FDCWD</tmp/kernel-audit2-v3r63b5w/\346\261\202\350\247\243\345\231\250>, "/usr/lib/locale/C.utf8/LC_MESSAGES", O_RDONLY|O_CLOEXEC) = 3</usr/lib/locale/C.utf8/LC_MESSAGES>
1426302 openat(AT_FDCWD</tmp/kernel-audit2-v3r63b5w/\346\261\202\350\247\243\345\231\250>, "/usr/lib/locale/C.utf8/LC_MESSAGES/SYS_LC_MESSAGES", O_RDONLY|O_CLOEXEC) = 3</usr/lib/locale/C.utf8/LC_MESSAGES/SYS_LC_MESSAGES>
1426302 openat(AT_FDCWD</tmp/kernel-audit2-v3r63b5w/\346\261\202\350\247\243\345\231\250>, "/usr/lib/locale/C.UTF-8/LC_MONETARY", O_RDONLY|O_CLOEXEC) = -1 ENOENT (No such file or directory)
1426302 openat(AT_FDCWD</tmp/kernel-audit2-v3r63b5w/\346\261\202\350\247\243\345\231\250>, "/usr/lib/locale/C.utf8/LC_MONETARY", O_RDONLY|O_CLOEXEC) = 3</usr/lib/locale/C.utf8/LC_MONETARY>
1426302 openat(AT_FDCWD</tmp/kernel-audit2-v3r63b5w/\346\261\202\350\247\243\345\231\250>, "/usr/lib/locale/C.UTF-8/LC_COLLATE", O_RDONLY|O_CLOEXEC) = -1 ENOENT (No such file or directory)
1426302 openat(AT_FDCWD</tmp/kernel-audit2-v3r63b5w/\346\261\202\350\247\243\345\231\250>, "/usr/lib/locale/C.utf8/LC_COLLATE", O_RDONLY|O_CLOEXEC) = 3</usr/lib/locale/C.utf8/LC_COLLATE>
1426302 openat(AT_FDCWD</tmp/kernel-audit2-v3r63b5w/\346\261\202\350\247\243\345\231\250>, "/usr/lib/locale/C.UTF-8/LC_TIME", O_RDONLY|O_CLOEXEC) = -1 ENOENT (No such file or directory)
1426302 openat(AT_FDCWD</tmp/kernel-audit2-v3r63b5w/\346\261\202\350\247\243\345\231\250>, "/usr/lib/locale/C.utf8/LC_TIME", O_RDONLY|O_CLOEXEC) = 3</usr/lib/locale/C.utf8/LC_TIME>
1426302 openat(AT_FDCWD</tmp/kernel-audit2-v3r63b5w/\346\261\202\350\247\243\345\231\250>, "/usr/lib/locale/C.UTF-8/LC_NUMERIC", O_RDONLY|O_CLOEXEC) = -1 ENOENT (No such file or directory)
1426302 openat(AT_FDCWD</tmp/kernel-audit2-v3r63b5w/\346\261\202\350\247\243\345\231\250>, "/usr/lib/locale/C.utf8/LC_NUMERIC", O_RDONLY|O_CLOEXEC) = 3</usr/lib/locale/C.utf8/LC_NUMERIC>
1426302 openat(AT_FDCWD</tmp/kernel-audit2-v3r63b5w/\346\261\202\350\247\243\345\231\250>, "/usr/lib/locale/C.UTF-8/LC_CTYPE", O_RDONLY|O_CLOEXEC) = -1 ENOENT (No such file or directory)
1426302 openat(AT_FDCWD</tmp/kernel-audit2-v3r63b5w/\346\261\202\350\247\243\345\231\250>, "/usr/lib/locale/C.utf8/LC_CTYPE", O_RDONLY|O_CLOEXEC) = 3</usr/lib/locale/C.utf8/LC_CTYPE>
1426302 openat(AT_FDCWD</tmp/kernel-audit2-v3r63b5w/\346\261\202\350\247\243\345\231\250>, "/tmp/kernel-audit2-v3r63b5w/\346\261\202\350\247\243\345\231\250/\350\247\204\346\240\274/\345\206\205\346\240\270\350\276\223\345\207\272.schema.json", O_RDONLY) = 3</tmp/kernel-audit2-v3r63b5w/\346\261\202\350\247\243\345\231\250/\350\247\204\346\240\274/\345\206\205\346\240\270\350\276\223\345\207\272.schema.json>
1426283 --- SIGCHLD {si_signo=SIGCHLD, si_code=CLD_EXITED, si_pid=1426302, si_uid=1000, si_status=0, si_utime=0, si_stime=0} ---
1426283 openat(AT_FDCWD</tmp/kernel-audit2-v3r63b5w/\346\261\202\350\247\243\345\231\250>, "/dev/null", O_RDONLY|O_CLOEXEC) = 3</dev/null<char 1:3>>
1426303 execve("/home/zhuran24/.codex/tmp/arg0/codex-arg0DuAZRy/sha256sum", ["sha256sum", "--", "/tmp/kernel-audit2-v3r63b5w/\346\261\202\350\247\243\345\231\250/crates/kernel/\345\221\250\346\234\237\351\224\256\350\257\273\345\217\226\345\256\241\350\256\241.md"], 0x7ffdc1bb9fc8 /* 135 vars */) = -1 ENOENT (No such file or directory)
1426303 execve("/home/zhuran24/.cargo/bin/sha256sum", ["sha256sum", "--", "/tmp/kernel-audit2-v3r63b5w/\346\261\202\350\247\243\345\231\250/crates/kernel/\345\221\250\346\234\237\351\224\256\350\257\273\345\217\226\345\256\241\350\256\241.md"], 0x7ffdc1bb9fc8 /* 135 vars */) = -1 ENOENT (No such file or directory)
1426303 execve("/home/zhuran24/.local/bin/sha256sum", ["sha256sum", "--", "/tmp/kernel-audit2-v3r63b5w/\346\261\202\350\247\243\345\231\250/crates/kernel/\345\221\250\346\234\237\351\224\256\350\257\273\345\217\226\345\256\241\350\256\241.md"], 0x7ffdc1bb9fc8 /* 135 vars */) = -1 ENOENT (No such file or directory)
1426303 execve("/home/zhuran24/.opencode/bin/sha256sum", ["sha256sum", "--", "/tmp/kernel-audit2-v3r63b5w/\346\261\202\350\247\243\345\231\250/crates/kernel/\345\221\250\346\234\237\351\224\256\350\257\273\345\217\226\345\256\241\350\256\241.md"], 0x7ffdc1bb9fc8 /* 135 vars */) = -1 ENOENT (No such file or directory)
1426303 execve("/usr/local/bin/sha256sum", ["sha256sum", "--", "/tmp/kernel-audit2-v3r63b5w/\346\261\202\350\247\243\345\231\250/crates/kernel/\345\221\250\346\234\237\351\224\256\350\257\273\345\217\226\345\256\241\350\256\241.md"], 0x7ffdc1bb9fc8 /* 135 vars */) = -1 ENOENT (No such file or directory)
1426303 execve("/usr/bin/sha256sum", ["sha256sum", "--", "/tmp/kernel-audit2-v3r63b5w/\346\261\202\350\247\243\345\231\250/crates/kernel/\345\221\250\346\234\237\351\224\256\350\257\273\345\217\226\345\256\241\350\256\241.md"], 0x7ffdc1bb9fc8 /* 135 vars */) = 0
1426303 openat(AT_FDCWD</tmp/kernel-audit2-v3r63b5w/\346\261\202\350\247\243\345\231\250>, "/etc/ld.so.cache", O_RDONLY|O_CLOEXEC) = 3</etc/ld.so.cache>
1426303 openat(AT_FDCWD</tmp/kernel-audit2-v3r63b5w/\346\261\202\350\247\243\345\231\250>, "/usr/lib/libcrypto.so.3", O_RDONLY|O_CLOEXEC) = 3</usr/lib/libcrypto.so.3>
1426303 openat(AT_FDCWD</tmp/kernel-audit2-v3r63b5w/\346\261\202\350\247\243\345\231\250>, "/usr/lib/libc.so.6", O_RDONLY|O_CLOEXEC) = 3</usr/lib/libc.so.6>
1426303 openat(AT_FDCWD</tmp/kernel-audit2-v3r63b5w/\346\261\202\350\247\243\345\231\250>, "/usr/lib/libz.so.1", O_RDONLY|O_CLOEXEC) = 3</usr/lib/libz.so.1.3.1.zlib-ng>
1426303 openat(AT_FDCWD</tmp/kernel-audit2-v3r63b5w/\346\261\202\350\247\243\345\231\250>, "/usr/lib/libbrotlienc.so.1", O_RDONLY|O_CLOEXEC) = 3</usr/lib/libbrotlienc.so.1.2.0>
1426303 openat(AT_FDCWD</tmp/kernel-audit2-v3r63b5w/\346\261\202\350\247\243\345\231\250>, "/usr/lib/libbrotlidec.so.1", O_RDONLY|O_CLOEXEC) = 3</usr/lib/libbrotlidec.so.1.2.0>
1426303 openat(AT_FDCWD</tmp/kernel-audit2-v3r63b5w/\346\261\202\350\247\243\345\231\250>, "/usr/lib/libzstd.so.1", O_RDONLY|O_CLOEXEC) = 3</usr/lib/libzstd.so.1.5.7>
1426303 openat(AT_FDCWD</tmp/kernel-audit2-v3r63b5w/\346\261\202\350\247\243\345\231\250>, "/usr/lib/libm.so.6", O_RDONLY|O_CLOEXEC) = 3</usr/lib/libm.so.6>
1426303 openat(AT_FDCWD</tmp/kernel-audit2-v3r63b5w/\346\261\202\350\247\243\345\231\250>, "/usr/lib/libbrotlicommon.so.1", O_RDONLY|O_CLOEXEC) = 3</usr/lib/libbrotlicommon.so.1.2.0>
1426303 openat(AT_FDCWD</tmp/kernel-audit2-v3r63b5w/\346\261\202\350\247\243\345\231\250>, "/usr/lib/locale/locale-archive", O_RDONLY|O_CLOEXEC) = 3</usr/lib/locale/locale-archive>
1426303 openat(AT_FDCWD</tmp/kernel-audit2-v3r63b5w/\346\261\202\350\247\243\345\231\250>, "/usr/share/locale/locale.alias", O_RDONLY|O_CLOEXEC) = 3</usr/share/locale/locale.alias>
1426303 openat(AT_FDCWD</tmp/kernel-audit2-v3r63b5w/\346\261\202\350\247\243\345\231\250>, "/usr/lib/locale/C.UTF-8/LC_IDENTIFICATION", O_RDONLY|O_CLOEXEC) = -1 ENOENT (No such file or directory)
1426303 openat(AT_FDCWD</tmp/kernel-audit2-v3r63b5w/\346\261\202\350\247\243\345\231\250>, "/usr/lib/locale/C.utf8/LC_IDENTIFICATION", O_RDONLY|O_CLOEXEC) = 3</usr/lib/locale/C.utf8/LC_IDENTIFICATION>
1426303 openat(AT_FDCWD</tmp/kernel-audit2-v3r63b5w/\346\261\202\350\247\243\345\231\250>, "/usr/lib/gconv/gconv-modules.cache", O_RDONLY|O_CLOEXEC) = 3</usr/lib/gconv/gconv-modules.cache>
1426303 openat(AT_FDCWD</tmp/kernel-audit2-v3r63b5w/\346\261\202\350\247\243\345\231\250>, "/usr/lib/locale/C.UTF-8/LC_MEASUREMENT", O_RDONLY|O_CLOEXEC) = -1 ENOENT (No such file or directory)
1426303 openat(AT_FDCWD</tmp/kernel-audit2-v3r63b5w/\346\261\202\350\247\243\345\231\250>, "/usr/lib/locale/C.utf8/LC_MEASUREMENT", O_RDONLY|O_CLOEXEC) = 3</usr/lib/locale/C.utf8/LC_MEASUREMENT>
1426303 openat(AT_FDCWD</tmp/kernel-audit2-v3r63b5w/\346\261\202\350\247\243\345\231\250>, "/usr/lib/locale/C.UTF-8/LC_TELEPHONE", O_RDONLY|O_CLOEXEC) = -1 ENOENT (No such file or directory)
1426303 openat(AT_FDCWD</tmp/kernel-audit2-v3r63b5w/\346\261\202\350\247\243\345\231\250>, "/usr/lib/locale/C.utf8/LC_TELEPHONE", O_RDONLY|O_CLOEXEC) = 3</usr/lib/locale/C.utf8/LC_TELEPHONE>
1426303 openat(AT_FDCWD</tmp/kernel-audit2-v3r63b5w/\346\261\202\350\247\243\345\231\250>, "/usr/lib/locale/C.UTF-8/LC_ADDRESS", O_RDONLY|O_CLOEXEC) = -1 ENOENT (No such file or directory)
1426303 openat(AT_FDCWD</tmp/kernel-audit2-v3r63b5w/\346\261\202\350\247\243\345\231\250>, "/usr/lib/locale/C.utf8/LC_ADDRESS", O_RDONLY|O_CLOEXEC) = 3</usr/lib/locale/C.utf8/LC_ADDRESS>
1426303 openat(AT_FDCWD</tmp/kernel-audit2-v3r63b5w/\346\261\202\350\247\243\345\231\250>, "/usr/lib/locale/C.UTF-8/LC_NAME", O_RDONLY|O_CLOEXEC) = -1 ENOENT (No such file or directory)
1426303 openat(AT_FDCWD</tmp/kernel-audit2-v3r63b5w/\346\261\202\350\247\243\345\231\250>, "/usr/lib/locale/C.utf8/LC_NAME", O_RDONLY|O_CLOEXEC) = 3</usr/lib/locale/C.utf8/LC_NAME>
1426303 openat(AT_FDCWD</tmp/kernel-audit2-v3r63b5w/\346\261\202\350\247\243\345\231\250>, "/usr/lib/locale/C.UTF-8/LC_PAPER", O_RDONLY|O_CLOEXEC) = -1 ENOENT (No such file or directory)
1426303 openat(AT_FDCWD</tmp/kernel-audit2-v3r63b5w/\346\261\202\350\247\243\345\231\250>, "/usr/lib/locale/C.utf8/LC_PAPER", O_RDONLY|O_CLOEXEC) = 3</usr/lib/locale/C.utf8/LC_PAPER>
1426303 openat(AT_FDCWD</tmp/kernel-audit2-v3r63b5w/\346\261\202\350\247\243\345\231\250>, "/usr/lib/locale/C.UTF-8/LC_MESSAGES", O_RDONLY|O_CLOEXEC) = -1 ENOENT (No such file or directory)
1426303 openat(AT_FDCWD</tmp/kernel-audit2-v3r63b5w/\346\261\202\350\247\243\345\231\250>, "/usr/lib/locale/C.utf8/LC_MESSAGES", O_RDONLY|O_CLOEXEC) = 3</usr/lib/locale/C.utf8/LC_MESSAGES>
1426303 openat(AT_FDCWD</tmp/kernel-audit2-v3r63b5w/\346\261\202\350\247\243\345\231\250>, "/usr/lib/locale/C.utf8/LC_MESSAGES/SYS_LC_MESSAGES", O_RDONLY|O_CLOEXEC) = 3</usr/lib/locale/C.utf8/LC_MESSAGES/SYS_LC_MESSAGES>
1426303 openat(AT_FDCWD</tmp/kernel-audit2-v3r63b5w/\346\261\202\350\247\243\345\231\250>, "/usr/lib/locale/C.UTF-8/LC_MONETARY", O_RDONLY|O_CLOEXEC) = -1 ENOENT (No such file or directory)
1426303 openat(AT_FDCWD</tmp/kernel-audit2-v3r63b5w/\346\261\202\350\247\243\345\231\250>, "/usr/lib/locale/C.utf8/LC_MONETARY", O_RDONLY|O_CLOEXEC) = 3</usr/lib/locale/C.utf8/LC_MONETARY>
1426303 openat(AT_FDCWD</tmp/kernel-audit2-v3r63b5w/\346\261\202\350\247\243\345\231\250>, "/usr/lib/locale/C.UTF-8/LC_COLLATE", O_RDONLY|O_CLOEXEC) = -1 ENOENT (No such file or directory)
1426303 openat(AT_FDCWD</tmp/kernel-audit2-v3r63b5w/\346\261\202\350\247\243\345\231\250>, "/usr/lib/locale/C.utf8/LC_COLLATE", O_RDONLY|O_CLOEXEC) = 3</usr/lib/locale/C.utf8/LC_COLLATE>
1426303 openat(AT_FDCWD</tmp/kernel-audit2-v3r63b5w/\346\261\202\350\247\243\345\231\250>, "/usr/lib/locale/C.UTF-8/LC_TIME", O_RDONLY|O_CLOEXEC) = -1 ENOENT (No such file or directory)
1426303 openat(AT_FDCWD</tmp/kernel-audit2-v3r63b5w/\346\261\202\350\247\243\345\231\250>, "/usr/lib/locale/C.utf8/LC_TIME", O_RDONLY|O_CLOEXEC) = 3</usr/lib/locale/C.utf8/LC_TIME>
1426303 openat(AT_FDCWD</tmp/kernel-audit2-v3r63b5w/\346\261\202\350\247\243\345\231\250>, "/usr/lib/locale/C.UTF-8/LC_NUMERIC", O_RDONLY|O_CLOEXEC) = -1 ENOENT (No such file or directory)
1426303 openat(AT_FDCWD</tmp/kernel-audit2-v3r63b5w/\346\261\202\350\247\243\345\231\250>, "/usr/lib/locale/C.utf8/LC_NUMERIC", O_RDONLY|O_CLOEXEC) = 3</usr/lib/locale/C.utf8/LC_NUMERIC>
1426303 openat(AT_FDCWD</tmp/kernel-audit2-v3r63b5w/\346\261\202\350\247\243\345\231\250>, "/usr/lib/locale/C.UTF-8/LC_CTYPE", O_RDONLY|O_CLOEXEC) = -1 ENOENT (No such file or directory)
1426303 openat(AT_FDCWD</tmp/kernel-audit2-v3r63b5w/\346\261\202\350\247\243\345\231\250>, "/usr/lib/locale/C.utf8/LC_CTYPE", O_RDONLY|O_CLOEXEC) = 3</usr/lib/locale/C.utf8/LC_CTYPE>
1426303 openat(AT_FDCWD</tmp/kernel-audit2-v3r63b5w/\346\261\202\350\247\243\345\231\250>, "/tmp/kernel-audit2-v3r63b5w/\346\261\202\350\247\243\345\231\250/crates/kernel/\345\221\250\346\234\237\351\224\256\350\257\273\345\217\226\345\256\241\350\256\241.md", O_RDONLY) = 3</tmp/kernel-audit2-v3r63b5w/\346\261\202\350\247\243\345\231\250/crates/kernel/\345\221\250\346\234\237\351\224\256\350\257\273\345\217\226\345\256\241\350\256\241.md>
1426283 --- SIGCHLD {si_signo=SIGCHLD, si_code=CLD_EXITED, si_pid=1426303, si_uid=1000, si_status=0, si_utime=0, si_stime=0} ---
1426283 openat(AT_FDCWD</tmp/kernel-audit2-v3r63b5w/\346\261\202\350\247\243\345\231\250>, "/dev/null", O_RDONLY|O_CLOEXEC) = 3</dev/null<char 1:3>>
1426304 execve("/home/zhuran24/.codex/tmp/arg0/codex-arg0DuAZRy/sha256sum", ["sha256sum", "--", "/tmp/kernel-audit2-v3r63b5w/\346\261\202\350\247\243\345\231\250/crates/kernel/src/value.rs"], 0x7ffdc1bb9fc8 /* 135 vars */) = -1 ENOENT (No such file or directory)
1426304 execve("/home/zhuran24/.cargo/bin/sha256sum", ["sha256sum", "--", "/tmp/kernel-audit2-v3r63b5w/\346\261\202\350\247\243\345\231\250/crates/kernel/src/value.rs"], 0x7ffdc1bb9fc8 /* 135 vars */) = -1 ENOENT (No such file or directory)
1426304 execve("/home/zhuran24/.local/bin/sha256sum", ["sha256sum", "--", "/tmp/kernel-audit2-v3r63b5w/\346\261\202\350\247\243\345\231\250/crates/kernel/src/value.rs"], 0x7ffdc1bb9fc8 /* 135 vars */) = -1 ENOENT (No such file or directory)
1426304 execve("/home/zhuran24/.opencode/bin/sha256sum", ["sha256sum", "--", "/tmp/kernel-audit2-v3r63b5w/\346\261\202\350\247\243\345\231\250/crates/kernel/src/value.rs"], 0x7ffdc1bb9fc8 /* 135 vars */) = -1 ENOENT (No such file or directory)
1426304 execve("/usr/local/bin/sha256sum", ["sha256sum", "--", "/tmp/kernel-audit2-v3r63b5w/\346\261\202\350\247\243\345\231\250/crates/kernel/src/value.rs"], 0x7ffdc1bb9fc8 /* 135 vars */) = -1 ENOENT (No such file or directory)
1426304 execve("/usr/bin/sha256sum", ["sha256sum", "--", "/tmp/kernel-audit2-v3r63b5w/\346\261\202\350\247\243\345\231\250/crates/kernel/src/value.rs"], 0x7ffdc1bb9fc8 /* 135 vars */) = 0
1426304 openat(AT_FDCWD</tmp/kernel-audit2-v3r63b5w/\346\261\202\350\247\243\345\231\250>, "/etc/ld.so.cache", O_RDONLY|O_CLOEXEC) = 3</etc/ld.so.cache>
1426304 openat(AT_FDCWD</tmp/kernel-audit2-v3r63b5w/\346\261\202\350\247\243\345\231\250>, "/usr/lib/libcrypto.so.3", O_RDONLY|O_CLOEXEC) = 3</usr/lib/libcrypto.so.3>
1426304 openat(AT_FDCWD</tmp/kernel-audit2-v3r63b5w/\346\261\202\350\247\243\345\231\250>, "/usr/lib/libc.so.6", O_RDONLY|O_CLOEXEC) = 3</usr/lib/libc.so.6>
1426304 openat(AT_FDCWD</tmp/kernel-audit2-v3r63b5w/\346\261\202\350\247\243\345\231\250>, "/usr/lib/libz.so.1", O_RDONLY|O_CLOEXEC) = 3</usr/lib/libz.so.1.3.1.zlib-ng>
1426304 openat(AT_FDCWD</tmp/kernel-audit2-v3r63b5w/\346\261\202\350\247\243\345\231\250>, "/usr/lib/libbrotlienc.so.1", O_RDONLY|O_CLOEXEC) = 3</usr/lib/libbrotlienc.so.1.2.0>
1426304 openat(AT_FDCWD</tmp/kernel-audit2-v3r63b5w/\346\261\202\350\247\243\345\231\250>, "/usr/lib/libbrotlidec.so.1", O_RDONLY|O_CLOEXEC) = 3</usr/lib/libbrotlidec.so.1.2.0>
1426304 openat(AT_FDCWD</tmp/kernel-audit2-v3r63b5w/\346\261\202\350\247\243\345\231\250>, "/usr/lib/libzstd.so.1", O_RDONLY|O_CLOEXEC) = 3</usr/lib/libzstd.so.1.5.7>
1426304 openat(AT_FDCWD</tmp/kernel-audit2-v3r63b5w/\346\261\202\350\247\243\345\231\250>, "/usr/lib/libm.so.6", O_RDONLY|O_CLOEXEC) = 3</usr/lib/libm.so.6>
1426304 openat(AT_FDCWD</tmp/kernel-audit2-v3r63b5w/\346\261\202\350\247\243\345\231\250>, "/usr/lib/libbrotlicommon.so.1", O_RDONLY|O_CLOEXEC) = 3</usr/lib/libbrotlicommon.so.1.2.0>
1426304 openat(AT_FDCWD</tmp/kernel-audit2-v3r63b5w/\346\261\202\350\247\243\345\231\250>, "/usr/lib/locale/locale-archive", O_RDONLY|O_CLOEXEC) = 3</usr/lib/locale/locale-archive>
1426304 openat(AT_FDCWD</tmp/kernel-audit2-v3r63b5w/\346\261\202\350\247\243\345\231\250>, "/usr/share/locale/locale.alias", O_RDONLY|O_CLOEXEC) = 3</usr/share/locale/locale.alias>
1426304 openat(AT_FDCWD</tmp/kernel-audit2-v3r63b5w/\346\261\202\350\247\243\345\231\250>, "/usr/lib/locale/C.UTF-8/LC_IDENTIFICATION", O_RDONLY|O_CLOEXEC) = -1 ENOENT (No such file or directory)
1426304 openat(AT_FDCWD</tmp/kernel-audit2-v3r63b5w/\346\261\202\350\247\243\345\231\250>, "/usr/lib/locale/C.utf8/LC_IDENTIFICATION", O_RDONLY|O_CLOEXEC) = 3</usr/lib/locale/C.utf8/LC_IDENTIFICATION>
1426304 openat(AT_FDCWD</tmp/kernel-audit2-v3r63b5w/\346\261\202\350\247\243\345\231\250>, "/usr/lib/gconv/gconv-modules.cache", O_RDONLY|O_CLOEXEC) = 3</usr/lib/gconv/gconv-modules.cache>
1426304 openat(AT_FDCWD</tmp/kernel-audit2-v3r63b5w/\346\261\202\350\247\243\345\231\250>, "/usr/lib/locale/C.UTF-8/LC_MEASUREMENT", O_RDONLY|O_CLOEXEC) = -1 ENOENT (No such file or directory)
1426304 openat(AT_FDCWD</tmp/kernel-audit2-v3r63b5w/\346\261\202\350\247\243\345\231\250>, "/usr/lib/locale/C.utf8/LC_MEASUREMENT", O_RDONLY|O_CLOEXEC) = 3</usr/lib/locale/C.utf8/LC_MEASUREMENT>
1426304 openat(AT_FDCWD</tmp/kernel-audit2-v3r63b5w/\346\261\202\350\247\243\345\231\250>, "/usr/lib/locale/C.UTF-8/LC_TELEPHONE", O_RDONLY|O_CLOEXEC) = -1 ENOENT (No such file or directory)
1426304 openat(AT_FDCWD</tmp/kernel-audit2-v3r63b5w/\346\261\202\350\247\243\345\231\250>, "/usr/lib/locale/C.utf8/LC_TELEPHONE", O_RDONLY|O_CLOEXEC) = 3</usr/lib/locale/C.utf8/LC_TELEPHONE>
1426304 openat(AT_FDCWD</tmp/kernel-audit2-v3r63b5w/\346\261\202\350\247\243\345\231\250>, "/usr/lib/locale/C.UTF-8/LC_ADDRESS", O_RDONLY|O_CLOEXEC) = -1 ENOENT (No such file or directory)
1426304 openat(AT_FDCWD</tmp/kernel-audit2-v3r63b5w/\346\261\202\350\247\243\345\231\250>, "/usr/lib/locale/C.utf8/LC_ADDRESS", O_RDONLY|O_CLOEXEC) = 3</usr/lib/locale/C.utf8/LC_ADDRESS>
1426304 openat(AT_FDCWD</tmp/kernel-audit2-v3r63b5w/\346\261\202\350\247\243\345\231\250>, "/usr/lib/locale/C.UTF-8/LC_NAME", O_RDONLY|O_CLOEXEC) = -1 ENOENT (No such file or directory)
1426304 openat(AT_FDCWD</tmp/kernel-audit2-v3r63b5w/\346\261\202\350\247\243\345\231\250>, "/usr/lib/locale/C.utf8/LC_NAME", O_RDONLY|O_CLOEXEC) = 3</usr/lib/locale/C.utf8/LC_NAME>
1426304 openat(AT_FDCWD</tmp/kernel-audit2-v3r63b5w/\346\261\202\350\247\243\345\231\250>, "/usr/lib/locale/C.UTF-8/LC_PAPER", O_RDONLY|O_CLOEXEC) = -1 ENOENT (No such file or directory)
1426304 openat(AT_FDCWD</tmp/kernel-audit2-v3r63b5w/\346\261\202\350\247\243\345\231\250>, "/usr/lib/locale/C.utf8/LC_PAPER", O_RDONLY|O_CLOEXEC) = 3</usr/lib/locale/C.utf8/LC_PAPER>
1426304 openat(AT_FDCWD</tmp/kernel-audit2-v3r63b5w/\346\261\202\350\247\243\345\231\250>, "/usr/lib/locale/C.UTF-8/LC_MESSAGES", O_RDONLY|O_CLOEXEC) = -1 ENOENT (No such file or directory)
1426304 openat(AT_FDCWD</tmp/kernel-audit2-v3r63b5w/\346\261\202\350\247\243\345\231\250>, "/usr/lib/locale/C.utf8/LC_MESSAGES", O_RDONLY|O_CLOEXEC) = 3</usr/lib/locale/C.utf8/LC_MESSAGES>
1426304 openat(AT_FDCWD</tmp/kernel-audit2-v3r63b5w/\346\261\202\350\247\243\345\231\250>, "/usr/lib/locale/C.utf8/LC_MESSAGES/SYS_LC_MESSAGES", O_RDONLY|O_CLOEXEC) = 3</usr/lib/locale/C.utf8/LC_MESSAGES/SYS_LC_MESSAGES>
1426304 openat(AT_FDCWD</tmp/kernel-audit2-v3r63b5w/\346\261\202\350\247\243\345\231\250>, "/usr/lib/locale/C.UTF-8/LC_MONETARY", O_RDONLY|O_CLOEXEC) = -1 ENOENT (No such file or directory)
1426304 openat(AT_FDCWD</tmp/kernel-audit2-v3r63b5w/\346\261\202\350\247\243\345\231\250>, "/usr/lib/locale/C.utf8/LC_MONETARY", O_RDONLY|O_CLOEXEC) = 3</usr/lib/locale/C.utf8/LC_MONETARY>
1426304 openat(AT_FDCWD</tmp/kernel-audit2-v3r63b5w/\346\261\202\350\247\243\345\231\250>, "/usr/lib/locale/C.UTF-8/LC_COLLATE", O_RDONLY|O_CLOEXEC) = -1 ENOENT (No such file or directory)
1426304 openat(AT_FDCWD</tmp/kernel-audit2-v3r63b5w/\346\261\202\350\247\243\345\231\250>, "/usr/lib/locale/C.utf8/LC_COLLATE", O_RDONLY|O_CLOEXEC) = 3</usr/lib/locale/C.utf8/LC_COLLATE>
1426304 openat(AT_FDCWD</tmp/kernel-audit2-v3r63b5w/\346\261\202\350\247\243\345\231\250>, "/usr/lib/locale/C.UTF-8/LC_TIME", O_RDONLY|O_CLOEXEC) = -1 ENOENT (No such file or directory)
1426304 openat(AT_FDCWD</tmp/kernel-audit2-v3r63b5w/\346\261\202\350\247\243\345\231\250>, "/usr/lib/locale/C.utf8/LC_TIME", O_RDONLY|O_CLOEXEC) = 3</usr/lib/locale/C.utf8/LC_TIME>
1426304 openat(AT_FDCWD</tmp/kernel-audit2-v3r63b5w/\346\261\202\350\247\243\345\231\250>, "/usr/lib/locale/C.UTF-8/LC_NUMERIC", O_RDONLY|O_CLOEXEC) = -1 ENOENT (No such file or directory)
1426304 openat(AT_FDCWD</tmp/kernel-audit2-v3r63b5w/\346\261\202\350\247\243\345\231\250>, "/usr/lib/locale/C.utf8/LC_NUMERIC", O_RDONLY|O_CLOEXEC) = 3</usr/lib/locale/C.utf8/LC_NUMERIC>
1426304 openat(AT_FDCWD</tmp/kernel-audit2-v3r63b5w/\346\261\202\350\247\243\345\231\250>, "/usr/lib/locale/C.UTF-8/LC_CTYPE", O_RDONLY|O_CLOEXEC) = -1 ENOENT (No such file or directory)
1426304 openat(AT_FDCWD</tmp/kernel-audit2-v3r63b5w/\346\261\202\350\247\243\345\231\250>, "/usr/lib/locale/C.utf8/LC_CTYPE", O_RDONLY|O_CLOEXEC) = 3</usr/lib/locale/C.utf8/LC_CTYPE>
1426304 openat(AT_FDCWD</tmp/kernel-audit2-v3r63b5w/\346\261\202\350\247\243\345\231\250>, "/tmp/kernel-audit2-v3r63b5w/\346\261\202\350\247\243\345\231\250/crates/kernel/src/value.rs", O_RDONLY) = 3</tmp/kernel-audit2-v3r63b5w/\346\261\202\350\247\243\345\231\250/crates/kernel/src/value.rs>
1426283 --- SIGCHLD {si_signo=SIGCHLD, si_code=CLD_EXITED, si_pid=1426304, si_uid=1000, si_status=0, si_utime=0, si_stime=0} ---
1426283 openat(AT_FDCWD</tmp/kernel-audit2-v3r63b5w/\346\261\202\350\247\243\345\231\250>, "/dev/null", O_RDONLY|O_CLOEXEC) = 3</dev/null<char 1:3>>
1426305 execve("/home/zhuran24/.codex/tmp/arg0/codex-arg0DuAZRy/sha256sum", ["sha256sum", "--", "/tmp/kernel-audit2-v3r63b5w/\346\261\202\350\247\243\345\231\250/crates/kernel/src/config.rs"], 0x7ffdc1bb9fc8 /* 135 vars */) = -1 ENOENT (No such file or directory)
1426305 execve("/home/zhuran24/.cargo/bin/sha256sum", ["sha256sum", "--", "/tmp/kernel-audit2-v3r63b5w/\346\261\202\350\247\243\345\231\250/crates/kernel/src/config.rs"], 0x7ffdc1bb9fc8 /* 135 vars */) = -1 ENOENT (No such file or directory)
1426305 execve("/home/zhuran24/.local/bin/sha256sum", ["sha256sum", "--", "/tmp/kernel-audit2-v3r63b5w/\346\261\202\350\247\243\345\231\250/crates/kernel/src/config.rs"], 0x7ffdc1bb9fc8 /* 135 vars */) = -1 ENOENT (No such file or directory)
1426305 execve("/home/zhuran24/.opencode/bin/sha256sum", ["sha256sum", "--", "/tmp/kernel-audit2-v3r63b5w/\346\261\202\350\247\243\345\231\250/crates/kernel/src/config.rs"], 0x7ffdc1bb9fc8 /* 135 vars */) = -1 ENOENT (No such file or directory)
1426305 execve("/usr/local/bin/sha256sum", ["sha256sum", "--", "/tmp/kernel-audit2-v3r63b5w/\346\261\202\350\247\243\345\231\250/crates/kernel/src/config.rs"], 0x7ffdc1bb9fc8 /* 135 vars */) = -1 ENOENT (No such file or directory)
1426305 execve("/usr/bin/sha256sum", ["sha256sum", "--", "/tmp/kernel-audit2-v3r63b5w/\346\261\202\350\247\243\345\231\250/crates/kernel/src/config.rs"], 0x7ffdc1bb9fc8 /* 135 vars */) = 0
1426305 openat(AT_FDCWD</tmp/kernel-audit2-v3r63b5w/\346\261\202\350\247\243\345\231\250>, "/etc/ld.so.cache", O_RDONLY|O_CLOEXEC) = 3</etc/ld.so.cache>
1426305 openat(AT_FDCWD</tmp/kernel-audit2-v3r63b5w/\346\261\202\350\247\243\345\231\250>, "/usr/lib/libcrypto.so.3", O_RDONLY|O_CLOEXEC) = 3</usr/lib/libcrypto.so.3>
1426305 openat(AT_FDCWD</tmp/kernel-audit2-v3r63b5w/\346\261\202\350\247\243\345\231\250>, "/usr/lib/libc.so.6", O_RDONLY|O_CLOEXEC) = 3</usr/lib/libc.so.6>
1426305 openat(AT_FDCWD</tmp/kernel-audit2-v3r63b5w/\346\261\202\350\247\243\345\231\250>, "/usr/lib/libz.so.1", O_RDONLY|O_CLOEXEC) = 3</usr/lib/libz.so.1.3.1.zlib-ng>
1426305 openat(AT_FDCWD</tmp/kernel-audit2-v3r63b5w/\346\261\202\350\247\243\345\231\250>, "/usr/lib/libbrotlienc.so.1", O_RDONLY|O_CLOEXEC) = 3</usr/lib/libbrotlienc.so.1.2.0>
1426305 openat(AT_FDCWD</tmp/kernel-audit2-v3r63b5w/\346\261\202\350\247\243\345\231\250>, "/usr/lib/libbrotlidec.so.1", O_RDONLY|O_CLOEXEC) = 3</usr/lib/libbrotlidec.so.1.2.0>
1426305 openat(AT_FDCWD</tmp/kernel-audit2-v3r63b5w/\346\261\202\350\247\243\345\231\250>, "/usr/lib/libzstd.so.1", O_RDONLY|O_CLOEXEC) = 3</usr/lib/libzstd.so.1.5.7>
1426305 openat(AT_FDCWD</tmp/kernel-audit2-v3r63b5w/\346\261\202\350\247\243\345\231\250>, "/usr/lib/libm.so.6", O_RDONLY|O_CLOEXEC) = 3</usr/lib/libm.so.6>
1426305 openat(AT_FDCWD</tmp/kernel-audit2-v3r63b5w/\346\261\202\350\247\243\345\231\250>, "/usr/lib/libbrotlicommon.so.1", O_RDONLY|O_CLOEXEC) = 3</usr/lib/libbrotlicommon.so.1.2.0>
1426305 openat(AT_FDCWD</tmp/kernel-audit2-v3r63b5w/\346\261\202\350\247\243\345\231\250>, "/usr/lib/locale/locale-archive", O_RDONLY|O_CLOEXEC) = 3</usr/lib/locale/locale-archive>
1426305 openat(AT_FDCWD</tmp/kernel-audit2-v3r63b5w/\346\261\202\350\247\243\345\231\250>, "/usr/share/locale/locale.alias", O_RDONLY|O_CLOEXEC) = 3</usr/share/locale/locale.alias>
1426305 openat(AT_FDCWD</tmp/kernel-audit2-v3r63b5w/\346\261\202\350\247\243\345\231\250>, "/usr/lib/locale/C.UTF-8/LC_IDENTIFICATION", O_RDONLY|O_CLOEXEC) = -1 ENOENT (No such file or directory)
1426305 openat(AT_FDCWD</tmp/kernel-audit2-v3r63b5w/\346\261\202\350\247\243\345\231\250>, "/usr/lib/locale/C.utf8/LC_IDENTIFICATION", O_RDONLY|O_CLOEXEC) = 3</usr/lib/locale/C.utf8/LC_IDENTIFICATION>
1426305 openat(AT_FDCWD</tmp/kernel-audit2-v3r63b5w/\346\261\202\350\247\243\345\231\250>, "/usr/lib/gconv/gconv-modules.cache", O_RDONLY|O_CLOEXEC) = 3</usr/lib/gconv/gconv-modules.cache>
1426305 openat(AT_FDCWD</tmp/kernel-audit2-v3r63b5w/\346\261\202\350\247\243\345\231\250>, "/usr/lib/locale/C.UTF-8/LC_MEASUREMENT", O_RDONLY|O_CLOEXEC) = -1 ENOENT (No such file or directory)
1426305 openat(AT_FDCWD</tmp/kernel-audit2-v3r63b5w/\346\261\202\350\247\243\345\231\250>, "/usr/lib/locale/C.utf8/LC_MEASUREMENT", O_RDONLY|O_CLOEXEC) = 3</usr/lib/locale/C.utf8/LC_MEASUREMENT>
1426305 openat(AT_FDCWD</tmp/kernel-audit2-v3r63b5w/\346\261\202\350\247\243\345\231\250>, "/usr/lib/locale/C.UTF-8/LC_TELEPHONE", O_RDONLY|O_CLOEXEC) = -1 ENOENT (No such file or directory)
1426305 openat(AT_FDCWD</tmp/kernel-audit2-v3r63b5w/\346\261\202\350\247\243\345\231\250>, "/usr/lib/locale/C.utf8/LC_TELEPHONE", O_RDONLY|O_CLOEXEC) = 3</usr/lib/locale/C.utf8/LC_TELEPHONE>
1426305 openat(AT_FDCWD</tmp/kernel-audit2-v3r63b5w/\346\261\202\350\247\243\345\231\250>, "/usr/lib/locale/C.UTF-8/LC_ADDRESS", O_RDONLY|O_CLOEXEC) = -1 ENOENT (No such file or directory)
1426305 openat(AT_FDCWD</tmp/kernel-audit2-v3r63b5w/\346\261\202\350\247\243\345\231\250>, "/usr/lib/locale/C.utf8/LC_ADDRESS", O_RDONLY|O_CLOEXEC) = 3</usr/lib/locale/C.utf8/LC_ADDRESS>
1426305 openat(AT_FDCWD</tmp/kernel-audit2-v3r63b5w/\346\261\202\350\247\243\345\231\250>, "/usr/lib/locale/C.UTF-8/LC_NAME", O_RDONLY|O_CLOEXEC) = -1 ENOENT (No such file or directory)
1426305 openat(AT_FDCWD</tmp/kernel-audit2-v3r63b5w/\346\261\202\350\247\243\345\231\250>, "/usr/lib/locale/C.utf8/LC_NAME", O_RDONLY|O_CLOEXEC) = 3</usr/lib/locale/C.utf8/LC_NAME>
1426305 openat(AT_FDCWD</tmp/kernel-audit2-v3r63b5w/\346\261\202\350\247\243\345\231\250>, "/usr/lib/locale/C.UTF-8/LC_PAPER", O_RDONLY|O_CLOEXEC) = -1 ENOENT (No such file or directory)
1426305 openat(AT_FDCWD</tmp/kernel-audit2-v3r63b5w/\346\261\202\350\247\243\345\231\250>, "/usr/lib/locale/C.utf8/LC_PAPER", O_RDONLY|O_CLOEXEC) = 3</usr/lib/locale/C.utf8/LC_PAPER>
1426305 openat(AT_FDCWD</tmp/kernel-audit2-v3r63b5w/\346\261\202\350\247\243\345\231\250>, "/usr/lib/locale/C.UTF-8/LC_MESSAGES", O_RDONLY|O_CLOEXEC) = -1 ENOENT (No such file or directory)
1426305 openat(AT_FDCWD</tmp/kernel-audit2-v3r63b5w/\346\261\202\350\247\243\345\231\250>, "/usr/lib/locale/C.utf8/LC_MESSAGES", O_RDONLY|O_CLOEXEC) = 3</usr/lib/locale/C.utf8/LC_MESSAGES>
1426305 openat(AT_FDCWD</tmp/kernel-audit2-v3r63b5w/\346\261\202\350\247\243\345\231\250>, "/usr/lib/locale/C.utf8/LC_MESSAGES/SYS_LC_MESSAGES", O_RDONLY|O_CLOEXEC) = 3</usr/lib/locale/C.utf8/LC_MESSAGES/SYS_LC_MESSAGES>
1426305 openat(AT_FDCWD</tmp/kernel-audit2-v3r63b5w/\346\261\202\350\247\243\345\231\250>, "/usr/lib/locale/C.UTF-8/LC_MONETARY", O_RDONLY|O_CLOEXEC) = -1 ENOENT (No such file or directory)
1426305 openat(AT_FDCWD</tmp/kernel-audit2-v3r63b5w/\346\261\202\350\247\243\345\231\250>, "/usr/lib/locale/C.utf8/LC_MONETARY", O_RDONLY|O_CLOEXEC) = 3</usr/lib/locale/C.utf8/LC_MONETARY>
1426305 openat(AT_FDCWD</tmp/kernel-audit2-v3r63b5w/\346\261\202\350\247\243\345\231\250>, "/usr/lib/locale/C.UTF-8/LC_COLLATE", O_RDONLY|O_CLOEXEC) = -1 ENOENT (No such file or directory)
1426305 openat(AT_FDCWD</tmp/kernel-audit2-v3r63b5w/\346\261\202\350\247\243\345\231\250>, "/usr/lib/locale/C.utf8/LC_COLLATE", O_RDONLY|O_CLOEXEC) = 3</usr/lib/locale/C.utf8/LC_COLLATE>
1426305 openat(AT_FDCWD</tmp/kernel-audit2-v3r63b5w/\346\261\202\350\247\243\345\231\250>, "/usr/lib/locale/C.UTF-8/LC_TIME", O_RDONLY|O_CLOEXEC) = -1 ENOENT (No such file or directory)
1426305 openat(AT_FDCWD</tmp/kernel-audit2-v3r63b5w/\346\261\202\350\247\243\345\231\250>, "/usr/lib/locale/C.utf8/LC_TIME", O_RDONLY|O_CLOEXEC) = 3</usr/lib/locale/C.utf8/LC_TIME>
1426305 openat(AT_FDCWD</tmp/kernel-audit2-v3r63b5w/\346\261\202\350\247\243\345\231\250>, "/usr/lib/locale/C.UTF-8/LC_NUMERIC", O_RDONLY|O_CLOEXEC) = -1 ENOENT (No such file or directory)
1426305 openat(AT_FDCWD</tmp/kernel-audit2-v3r63b5w/\346\261\202\350\247\243\345\231\250>, "/usr/lib/locale/C.utf8/LC_NUMERIC", O_RDONLY|O_CLOEXEC) = 3</usr/lib/locale/C.utf8/LC_NUMERIC>
1426305 openat(AT_FDCWD</tmp/kernel-audit2-v3r63b5w/\346\261\202\350\247\243\345\231\250>, "/usr/lib/locale/C.UTF-8/LC_CTYPE", O_RDONLY|O_CLOEXEC) = -1 ENOENT (No such file or directory)
1426305 openat(AT_FDCWD</tmp/kernel-audit2-v3r63b5w/\346\261\202\350\247\243\345\231\250>, "/usr/lib/locale/C.utf8/LC_CTYPE", O_RDONLY|O_CLOEXEC) = 3</usr/lib/locale/C.utf8/LC_CTYPE>
1426305 openat(AT_FDCWD</tmp/kernel-audit2-v3r63b5w/\346\261\202\350\247\243\345\231\250>, "/tmp/kernel-audit2-v3r63b5w/\346\261\202\350\247\243\345\231\250/crates/kernel/src/config.rs", O_RDONLY) = 3</tmp/kernel-audit2-v3r63b5w/\346\261\202\350\247\243\345\231\250/crates/kernel/src/config.rs>
1426283 --- SIGCHLD {si_signo=SIGCHLD, si_code=CLD_EXITED, si_pid=1426305, si_uid=1000, si_status=0, si_utime=0, si_stime=0} ---
1426283 openat(AT_FDCWD</tmp/kernel-audit2-v3r63b5w/\346\261\202\350\247\243\345\231\250>, "/dev/null", O_RDONLY|O_CLOEXEC) = 3</dev/null<char 1:3>>
1426306 execve("/home/zhuran24/.codex/tmp/arg0/codex-arg0DuAZRy/sha256sum", ["sha256sum", "--", "/tmp/kernel-audit2-v3r63b5w/\346\261\202\350\247\243\345\231\250/crates/kernel/src/model.rs"], 0x7ffdc1bb9fc8 /* 135 vars */) = -1 ENOENT (No such file or directory)
1426306 execve("/home/zhuran24/.cargo/bin/sha256sum", ["sha256sum", "--", "/tmp/kernel-audit2-v3r63b5w/\346\261\202\350\247\243\345\231\250/crates/kernel/src/model.rs"], 0x7ffdc1bb9fc8 /* 135 vars */) = -1 ENOENT (No such file or directory)
1426306 execve("/home/zhuran24/.local/bin/sha256sum", ["sha256sum", "--", "/tmp/kernel-audit2-v3r63b5w/\346\261\202\350\247\243\345\231\250/crates/kernel/src/model.rs"], 0x7ffdc1bb9fc8 /* 135 vars */) = -1 ENOENT (No such file or directory)
1426306 execve("/home/zhuran24/.opencode/bin/sha256sum", ["sha256sum", "--", "/tmp/kernel-audit2-v3r63b5w/\346\261\202\350\247\243\345\231\250/crates/kernel/src/model.rs"], 0x7ffdc1bb9fc8 /* 135 vars */) = -1 ENOENT (No such file or directory)
1426306 execve("/usr/local/bin/sha256sum", ["sha256sum", "--", "/tmp/kernel-audit2-v3r63b5w/\346\261\202\350\247\243\345\231\250/crates/kernel/src/model.rs"], 0x7ffdc1bb9fc8 /* 135 vars */) = -1 ENOENT (No such file or directory)
1426306 execve("/usr/bin/sha256sum", ["sha256sum", "--", "/tmp/kernel-audit2-v3r63b5w/\346\261\202\350\247\243\345\231\250/crates/kernel/src/model.rs"], 0x7ffdc1bb9fc8 /* 135 vars */) = 0
1426306 openat(AT_FDCWD</tmp/kernel-audit2-v3r63b5w/\346\261\202\350\247\243\345\231\250>, "/etc/ld.so.cache", O_RDONLY|O_CLOEXEC) = 3</etc/ld.so.cache>
1426306 openat(AT_FDCWD</tmp/kernel-audit2-v3r63b5w/\346\261\202\350\247\243\345\231\250>, "/usr/lib/libcrypto.so.3", O_RDONLY|O_CLOEXEC) = 3</usr/lib/libcrypto.so.3>
1426306 openat(AT_FDCWD</tmp/kernel-audit2-v3r63b5w/\346\261\202\350\247\243\345\231\250>, "/usr/lib/libc.so.6", O_RDONLY|O_CLOEXEC) = 3</usr/lib/libc.so.6>
1426306 openat(AT_FDCWD</tmp/kernel-audit2-v3r63b5w/\346\261\202\350\247\243\345\231\250>, "/usr/lib/libz.so.1", O_RDONLY|O_CLOEXEC) = 3</usr/lib/libz.so.1.3.1.zlib-ng>
1426306 openat(AT_FDCWD</tmp/kernel-audit2-v3r63b5w/\346\261\202\350\247\243\345\231\250>, "/usr/lib/libbrotlienc.so.1", O_RDONLY|O_CLOEXEC) = 3</usr/lib/libbrotlienc.so.1.2.0>
1426306 openat(AT_FDCWD</tmp/kernel-audit2-v3r63b5w/\346\261\202\350\247\243\345\231\250>, "/usr/lib/libbrotlidec.so.1", O_RDONLY|O_CLOEXEC) = 3</usr/lib/libbrotlidec.so.1.2.0>
1426306 openat(AT_FDCWD</tmp/kernel-audit2-v3r63b5w/\346\261\202\350\247\243\345\231\250>, "/usr/lib/libzstd.so.1", O_RDONLY|O_CLOEXEC) = 3</usr/lib/libzstd.so.1.5.7>
1426306 openat(AT_FDCWD</tmp/kernel-audit2-v3r63b5w/\346\261\202\350\247\243\345\231\250>, "/usr/lib/libm.so.6", O_RDONLY|O_CLOEXEC) = 3</usr/lib/libm.so.6>
1426306 openat(AT_FDCWD</tmp/kernel-audit2-v3r63b5w/\346\261\202\350\247\243\345\231\250>, "/usr/lib/libbrotlicommon.so.1", O_RDONLY|O_CLOEXEC) = 3</usr/lib/libbrotlicommon.so.1.2.0>
1426306 openat(AT_FDCWD</tmp/kernel-audit2-v3r63b5w/\346\261\202\350\247\243\345\231\250>, "/usr/lib/locale/locale-archive", O_RDONLY|O_CLOEXEC) = 3</usr/lib/locale/locale-archive>
1426306 openat(AT_FDCWD</tmp/kernel-audit2-v3r63b5w/\346\261\202\350\247\243\345\231\250>, "/usr/share/locale/locale.alias", O_RDONLY|O_CLOEXEC) = 3</usr/share/locale/locale.alias>
1426306 openat(AT_FDCWD</tmp/kernel-audit2-v3r63b5w/\346\261\202\350\247\243\345\231\250>, "/usr/lib/locale/C.UTF-8/LC_IDENTIFICATION", O_RDONLY|O_CLOEXEC) = -1 ENOENT (No such file or directory)
1426306 openat(AT_FDCWD</tmp/kernel-audit2-v3r63b5w/\346\261\202\350\247\243\345\231\250>, "/usr/lib/locale/C.utf8/LC_IDENTIFICATION", O_RDONLY|O_CLOEXEC) = 3</usr/lib/locale/C.utf8/LC_IDENTIFICATION>
1426306 openat(AT_FDCWD</tmp/kernel-audit2-v3r63b5w/\346\261\202\350\247\243\345\231\250>, "/usr/lib/gconv/gconv-modules.cache", O_RDONLY|O_CLOEXEC) = 3</usr/lib/gconv/gconv-modules.cache>
1426306 openat(AT_FDCWD</tmp/kernel-audit2-v3r63b5w/\346\261\202\350\247\243\345\231\250>, "/usr/lib/locale/C.UTF-8/LC_MEASUREMENT", O_RDONLY|O_CLOEXEC) = -1 ENOENT (No such file or directory)
1426306 openat(AT_FDCWD</tmp/kernel-audit2-v3r63b5w/\346\261\202\350\247\243\345\231\250>, "/usr/lib/locale/C.utf8/LC_MEASUREMENT", O_RDONLY|O_CLOEXEC) = 3</usr/lib/locale/C.utf8/LC_MEASUREMENT>
1426306 openat(AT_FDCWD</tmp/kernel-audit2-v3r63b5w/\346\261\202\350\247\243\345\231\250>, "/usr/lib/locale/C.UTF-8/LC_TELEPHONE", O_RDONLY|O_CLOEXEC) = -1 ENOENT (No such file or directory)
1426306 openat(AT_FDCWD</tmp/kernel-audit2-v3r63b5w/\346\261\202\350\247\243\345\231\250>, "/usr/lib/locale/C.utf8/LC_TELEPHONE", O_RDONLY|O_CLOEXEC) = 3</usr/lib/locale/C.utf8/LC_TELEPHONE>
1426306 openat(AT_FDCWD</tmp/kernel-audit2-v3r63b5w/\346\261\202\350\247\243\345\231\250>, "/usr/lib/locale/C.UTF-8/LC_ADDRESS", O_RDONLY|O_CLOEXEC) = -1 ENOENT (No such file or directory)
1426306 openat(AT_FDCWD</tmp/kernel-audit2-v3r63b5w/\346\261\202\350\247\243\345\231\250>, "/usr/lib/locale/C.utf8/LC_ADDRESS", O_RDONLY|O_CLOEXEC) = 3</usr/lib/locale/C.utf8/LC_ADDRESS>
1426306 openat(AT_FDCWD</tmp/kernel-audit2-v3r63b5w/\346\261\202\350\247\243\345\231\250>, "/usr/lib/locale/C.UTF-8/LC_NAME", O_RDONLY|O_CLOEXEC) = -1 ENOENT (No such file or directory)
1426306 openat(AT_FDCWD</tmp/kernel-audit2-v3r63b5w/\346\261\202\350\247\243\345\231\250>, "/usr/lib/locale/C.utf8/LC_NAME", O_RDONLY|O_CLOEXEC) = 3</usr/lib/locale/C.utf8/LC_NAME>
1426306 openat(AT_FDCWD</tmp/kernel-audit2-v3r63b5w/\346\261\202\350\247\243\345\231\250>, "/usr/lib/locale/C.UTF-8/LC_PAPER", O_RDONLY|O_CLOEXEC) = -1 ENOENT (No such file or directory)
1426306 openat(AT_FDCWD</tmp/kernel-audit2-v3r63b5w/\346\261\202\350\247\243\345\231\250>, "/usr/lib/locale/C.utf8/LC_PAPER", O_RDONLY|O_CLOEXEC) = 3</usr/lib/locale/C.utf8/LC_PAPER>
1426306 openat(AT_FDCWD</tmp/kernel-audit2-v3r63b5w/\346\261\202\350\247\243\345\231\250>, "/usr/lib/locale/C.UTF-8/LC_MESSAGES", O_RDONLY|O_CLOEXEC) = -1 ENOENT (No such file or directory)
1426306 openat(AT_FDCWD</tmp/kernel-audit2-v3r63b5w/\346\261\202\350\247\243\345\231\250>, "/usr/lib/locale/C.utf8/LC_MESSAGES", O_RDONLY|O_CLOEXEC) = 3</usr/lib/locale/C.utf8/LC_MESSAGES>
1426306 openat(AT_FDCWD</tmp/kernel-audit2-v3r63b5w/\346\261\202\350\247\243\345\231\250>, "/usr/lib/locale/C.utf8/LC_MESSAGES/SYS_LC_MESSAGES", O_RDONLY|O_CLOEXEC) = 3</usr/lib/locale/C.utf8/LC_MESSAGES/SYS_LC_MESSAGES>
1426306 openat(AT_FDCWD</tmp/kernel-audit2-v3r63b5w/\346\261\202\350\247\243\345\231\250>, "/usr/lib/locale/C.UTF-8/LC_MONETARY", O_RDONLY|O_CLOEXEC) = -1 ENOENT (No such file or directory)
1426306 openat(AT_FDCWD</tmp/kernel-audit2-v3r63b5w/\346\261\202\350\247\243\345\231\250>, "/usr/lib/locale/C.utf8/LC_MONETARY", O_RDONLY|O_CLOEXEC) = 3</usr/lib/locale/C.utf8/LC_MONETARY>
1426306 openat(AT_FDCWD</tmp/kernel-audit2-v3r63b5w/\346\261\202\350\247\243\345\231\250>, "/usr/lib/locale/C.UTF-8/LC_COLLATE", O_RDONLY|O_CLOEXEC) = -1 ENOENT (No such file or directory)
1426306 openat(AT_FDCWD</tmp/kernel-audit2-v3r63b5w/\346\261\202\350\247\243\345\231\250>, "/usr/lib/locale/C.utf8/LC_COLLATE", O_RDONLY|O_CLOEXEC) = 3</usr/lib/locale/C.utf8/LC_COLLATE>
1426306 openat(AT_FDCWD</tmp/kernel-audit2-v3r63b5w/\346\261\202\350\247\243\345\231\250>, "/usr/lib/locale/C.UTF-8/LC_TIME", O_RDONLY|O_CLOEXEC) = -1 ENOENT (No such file or directory)
1426306 openat(AT_FDCWD</tmp/kernel-audit2-v3r63b5w/\346\261\202\350\247\243\345\231\250>, "/usr/lib/locale/C.utf8/LC_TIME", O_RDONLY|O_CLOEXEC) = 3</usr/lib/locale/C.utf8/LC_TIME>
1426306 openat(AT_FDCWD</tmp/kernel-audit2-v3r63b5w/\346\261\202\350\247\243\345\231\250>, "/usr/lib/locale/C.UTF-8/LC_NUMERIC", O_RDONLY|O_CLOEXEC) = -1 ENOENT (No such file or directory)
1426306 openat(AT_FDCWD</tmp/kernel-audit2-v3r63b5w/\346\261\202\350\247\243\345\231\250>, "/usr/lib/locale/C.utf8/LC_NUMERIC", O_RDONLY|O_CLOEXEC) = 3</usr/lib/locale/C.utf8/LC_NUMERIC>
1426306 openat(AT_FDCWD</tmp/kernel-audit2-v3r63b5w/\346\261\202\350\247\243\345\231\250>, "/usr/lib/locale/C.UTF-8/LC_CTYPE", O_RDONLY|O_CLOEXEC) = -1 ENOENT (No such file or directory)
1426306 openat(AT_FDCWD</tmp/kernel-audit2-v3r63b5w/\346\261\202\350\247\243\345\231\250>, "/usr/lib/locale/C.utf8/LC_CTYPE", O_RDONLY|O_CLOEXEC) = 3</usr/lib/locale/C.utf8/LC_CTYPE>
1426306 openat(AT_FDCWD</tmp/kernel-audit2-v3r63b5w/\346\261\202\350\247\243\345\231\250>, "/tmp/kernel-audit2-v3r63b5w/\346\261\202\350\247\243\345\231\250/crates/kernel/src/model.rs", O_RDONLY) = 3</tmp/kernel-audit2-v3r63b5w/\346\261\202\350\247\243\345\231\250/crates/kernel/src/model.rs>
1426283 --- SIGCHLD {si_signo=SIGCHLD, si_code=CLD_EXITED, si_pid=1426306, si_uid=1000, si_status=0, si_utime=0, si_stime=0} ---
1426283 openat(AT_FDCWD</tmp/kernel-audit2-v3r63b5w/\346\261\202\350\247\243\345\231\250>, "/dev/null", O_RDONLY|O_CLOEXEC) = 3</dev/null<char 1:3>>
1426307 execve("/home/zhuran24/.codex/tmp/arg0/codex-arg0DuAZRy/sha256sum", ["sha256sum", "--", "/tmp/kernel-audit2-v3r63b5w/\346\261\202\350\247\243\345\231\250/crates/kernel/src/catalog.rs"], 0x7ffdc1bb9fc8 /* 135 vars */) = -1 ENOENT (No such file or directory)
1426307 execve("/home/zhuran24/.cargo/bin/sha256sum", ["sha256sum", "--", "/tmp/kernel-audit2-v3r63b5w/\346\261\202\350\247\243\345\231\250/crates/kernel/src/catalog.rs"], 0x7ffdc1bb9fc8 /* 135 vars */) = -1 ENOENT (No such file or directory)
1426307 execve("/home/zhuran24/.local/bin/sha256sum", ["sha256sum", "--", "/tmp/kernel-audit2-v3r63b5w/\346\261\202\350\247\243\345\231\250/crates/kernel/src/catalog.rs"], 0x7ffdc1bb9fc8 /* 135 vars */) = -1 ENOENT (No such file or directory)
1426307 execve("/home/zhuran24/.opencode/bin/sha256sum", ["sha256sum", "--", "/tmp/kernel-audit2-v3r63b5w/\346\261\202\350\247\243\345\231\250/crates/kernel/src/catalog.rs"], 0x7ffdc1bb9fc8 /* 135 vars */) = -1 ENOENT (No such file or directory)
1426307 execve("/usr/local/bin/sha256sum", ["sha256sum", "--", "/tmp/kernel-audit2-v3r63b5w/\346\261\202\350\247\243\345\231\250/crates/kernel/src/catalog.rs"], 0x7ffdc1bb9fc8 /* 135 vars */) = -1 ENOENT (No such file or directory)
1426307 execve("/usr/bin/sha256sum", ["sha256sum", "--", "/tmp/kernel-audit2-v3r63b5w/\346\261\202\350\247\243\345\231\250/crates/kernel/src/catalog.rs"], 0x7ffdc1bb9fc8 /* 135 vars */) = 0
1426307 openat(AT_FDCWD</tmp/kernel-audit2-v3r63b5w/\346\261\202\350\247\243\345\231\250>, "/etc/ld.so.cache", O_RDONLY|O_CLOEXEC) = 3</etc/ld.so.cache>
1426307 openat(AT_FDCWD</tmp/kernel-audit2-v3r63b5w/\346\261\202\350\247\243\345\231\250>, "/usr/lib/libcrypto.so.3", O_RDONLY|O_CLOEXEC) = 3</usr/lib/libcrypto.so.3>
1426307 openat(AT_FDCWD</tmp/kernel-audit2-v3r63b5w/\346\261\202\350\247\243\345\231\250>, "/usr/lib/libc.so.6", O_RDONLY|O_CLOEXEC) = 3</usr/lib/libc.so.6>
1426307 openat(AT_FDCWD</tmp/kernel-audit2-v3r63b5w/\346\261\202\350\247\243\345\231\250>, "/usr/lib/libz.so.1", O_RDONLY|O_CLOEXEC) = 3</usr/lib/libz.so.1.3.1.zlib-ng>
1426307 openat(AT_FDCWD</tmp/kernel-audit2-v3r63b5w/\346\261\202\350\247\243\345\231\250>, "/usr/lib/libbrotlienc.so.1", O_RDONLY|O_CLOEXEC) = 3</usr/lib/libbrotlienc.so.1.2.0>
1426307 openat(AT_FDCWD</tmp/kernel-audit2-v3r63b5w/\346\261\202\350\247\243\345\231\250>, "/usr/lib/libbrotlidec.so.1", O_RDONLY|O_CLOEXEC) = 3</usr/lib/libbrotlidec.so.1.2.0>
1426307 openat(AT_FDCWD</tmp/kernel-audit2-v3r63b5w/\346\261\202\350\247\243\345\231\250>, "/usr/lib/libzstd.so.1", O_RDONLY|O_CLOEXEC) = 3</usr/lib/libzstd.so.1.5.7>
1426307 openat(AT_FDCWD</tmp/kernel-audit2-v3r63b5w/\346\261\202\350\247\243\345\231\250>, "/usr/lib/libm.so.6", O_RDONLY|O_CLOEXEC) = 3</usr/lib/libm.so.6>
1426307 openat(AT_FDCWD</tmp/kernel-audit2-v3r63b5w/\346\261\202\350\247\243\345\231\250>, "/usr/lib/libbrotlicommon.so.1", O_RDONLY|O_CLOEXEC) = 3</usr/lib/libbrotlicommon.so.1.2.0>
1426307 openat(AT_FDCWD</tmp/kernel-audit2-v3r63b5w/\346\261\202\350\247\243\345\231\250>, "/usr/lib/locale/locale-archive", O_RDONLY|O_CLOEXEC) = 3</usr/lib/locale/locale-archive>
1426307 openat(AT_FDCWD</tmp/kernel-audit2-v3r63b5w/\346\261\202\350\247\243\345\231\250>, "/usr/share/locale/locale.alias", O_RDONLY|O_CLOEXEC) = 3</usr/share/locale/locale.alias>
1426307 openat(AT_FDCWD</tmp/kernel-audit2-v3r63b5w/\346\261\202\350\247\243\345\231\250>, "/usr/lib/locale/C.UTF-8/LC_IDENTIFICATION", O_RDONLY|O_CLOEXEC) = -1 ENOENT (No such file or directory)
1426307 openat(AT_FDCWD</tmp/kernel-audit2-v3r63b5w/\346\261\202\350\247\243\345\231\250>, "/usr/lib/locale/C.utf8/LC_IDENTIFICATION", O_RDONLY|O_CLOEXEC) = 3</usr/lib/locale/C.utf8/LC_IDENTIFICATION>
1426307 openat(AT_FDCWD</tmp/kernel-audit2-v3r63b5w/\346\261\202\350\247\243\345\231\250>, "/usr/lib/gconv/gconv-modules.cache", O_RDONLY|O_CLOEXEC) = 3</usr/lib/gconv/gconv-modules.cache>
1426307 openat(AT_FDCWD</tmp/kernel-audit2-v3r63b5w/\346\261\202\350\247\243\345\231\250>, "/usr/lib/locale/C.UTF-8/LC_MEASUREMENT", O_RDONLY|O_CLOEXEC) = -1 ENOENT (No such file or directory)
1426307 openat(AT_FDCWD</tmp/kernel-audit2-v3r63b5w/\346\261\202\350\247\243\345\231\250>, "/usr/lib/locale/C.utf8/LC_MEASUREMENT", O_RDONLY|O_CLOEXEC) = 3</usr/lib/locale/C.utf8/LC_MEASUREMENT>
1426307 openat(AT_FDCWD</tmp/kernel-audit2-v3r63b5w/\346\261\202\350\247\243\345\231\250>, "/usr/lib/locale/C.UTF-8/LC_TELEPHONE", O_RDONLY|O_CLOEXEC) = -1 ENOENT (No such file or directory)
1426307 openat(AT_FDCWD</tmp/kernel-audit2-v3r63b5w/\346\261\202\350\247\243\345\231\250>, "/usr/lib/locale/C.utf8/LC_TELEPHONE", O_RDONLY|O_CLOEXEC) = 3</usr/lib/locale/C.utf8/LC_TELEPHONE>
1426307 openat(AT_FDCWD</tmp/kernel-audit2-v3r63b5w/\346\261\202\350\247\243\345\231\250>, "/usr/lib/locale/C.UTF-8/LC_ADDRESS", O_RDONLY|O_CLOEXEC) = -1 ENOENT (No such file or directory)
1426307 openat(AT_FDCWD</tmp/kernel-audit2-v3r63b5w/\346\261\202\350\247\243\345\231\250>, "/usr/lib/locale/C.utf8/LC_ADDRESS", O_RDONLY|O_CLOEXEC) = 3</usr/lib/locale/C.utf8/LC_ADDRESS>
1426307 openat(AT_FDCWD</tmp/kernel-audit2-v3r63b5w/\346\261\202\350\247\243\345\231\250>, "/usr/lib/locale/C.UTF-8/LC_NAME", O_RDONLY|O_CLOEXEC) = -1 ENOENT (No such file or directory)
1426307 openat(AT_FDCWD</tmp/kernel-audit2-v3r63b5w/\346\261\202\350\247\243\345\231\250>, "/usr/lib/locale/C.utf8/LC_NAME", O_RDONLY|O_CLOEXEC) = 3</usr/lib/locale/C.utf8/LC_NAME>
1426307 openat(AT_FDCWD</tmp/kernel-audit2-v3r63b5w/\346\261\202\350\247\243\345\231\250>, "/usr/lib/locale/C.UTF-8/LC_PAPER", O_RDONLY|O_CLOEXEC) = -1 ENOENT (No such file or directory)
1426307 openat(AT_FDCWD</tmp/kernel-audit2-v3r63b5w/\346\261\202\350\247\243\345\231\250>, "/usr/lib/locale/C.utf8/LC_PAPER", O_RDONLY|O_CLOEXEC) = 3</usr/lib/locale/C.utf8/LC_PAPER>
1426307 openat(AT_FDCWD</tmp/kernel-audit2-v3r63b5w/\346\261\202\350\247\243\345\231\250>, "/usr/lib/locale/C.UTF-8/LC_MESSAGES", O_RDONLY|O_CLOEXEC) = -1 ENOENT (No such file or directory)
1426307 openat(AT_FDCWD</tmp/kernel-audit2-v3r63b5w/\346\261\202\350\247\243\345\231\250>, "/usr/lib/locale/C.utf8/LC_MESSAGES", O_RDONLY|O_CLOEXEC) = 3</usr/lib/locale/C.utf8/LC_MESSAGES>
1426307 openat(AT_FDCWD</tmp/kernel-audit2-v3r63b5w/\346\261\202\350\247\243\345\231\250>, "/usr/lib/locale/C.utf8/LC_MESSAGES/SYS_LC_MESSAGES", O_RDONLY|O_CLOEXEC) = 3</usr/lib/locale/C.utf8/LC_MESSAGES/SYS_LC_MESSAGES>
1426307 openat(AT_FDCWD</tmp/kernel-audit2-v3r63b5w/\346\261\202\350\247\243\345\231\250>, "/usr/lib/locale/C.UTF-8/LC_MONETARY", O_RDONLY|O_CLOEXEC) = -1 ENOENT (No such file or directory)
1426307 openat(AT_FDCWD</tmp/kernel-audit2-v3r63b5w/\346\261\202\350\247\243\345\231\250>, "/usr/lib/locale/C.utf8/LC_MONETARY", O_RDONLY|O_CLOEXEC) = 3</usr/lib/locale/C.utf8/LC_MONETARY>
1426307 openat(AT_FDCWD</tmp/kernel-audit2-v3r63b5w/\346\261\202\350\247\243\345\231\250>, "/usr/lib/locale/C.UTF-8/LC_COLLATE", O_RDONLY|O_CLOEXEC) = -1 ENOENT (No such file or directory)
1426307 openat(AT_FDCWD</tmp/kernel-audit2-v3r63b5w/\346\261\202\350\247\243\345\231\250>, "/usr/lib/locale/C.utf8/LC_COLLATE", O_RDONLY|O_CLOEXEC) = 3</usr/lib/locale/C.utf8/LC_COLLATE>
1426307 openat(AT_FDCWD</tmp/kernel-audit2-v3r63b5w/\346\261\202\350\247\243\345\231\250>, "/usr/lib/locale/C.UTF-8/LC_TIME", O_RDONLY|O_CLOEXEC) = -1 ENOENT (No such file or directory)
1426307 openat(AT_FDCWD</tmp/kernel-audit2-v3r63b5w/\346\261\202\350\247\243\345\231\250>, "/usr/lib/locale/C.utf8/LC_TIME", O_RDONLY|O_CLOEXEC) = 3</usr/lib/locale/C.utf8/LC_TIME>
1426307 openat(AT_FDCWD</tmp/kernel-audit2-v3r63b5w/\346\261\202\350\247\243\345\231\250>, "/usr/lib/locale/C.UTF-8/LC_NUMERIC", O_RDONLY|O_CLOEXEC) = -1 ENOENT (No such file or directory)
1426307 openat(AT_FDCWD</tmp/kernel-audit2-v3r63b5w/\346\261\202\350\247\243\345\231\250>, "/usr/lib/locale/C.utf8/LC_NUMERIC", O_RDONLY|O_CLOEXEC) = 3</usr/lib/locale/C.utf8/LC_NUMERIC>
1426307 openat(AT_FDCWD</tmp/kernel-audit2-v3r63b5w/\346\261\202\350\247\243\345\231\250>, "/usr/lib/locale/C.UTF-8/LC_CTYPE", O_RDONLY|O_CLOEXEC) = -1 ENOENT (No such file or directory)
1426307 openat(AT_FDCWD</tmp/kernel-audit2-v3r63b5w/\346\261\202\350\247\243\345\231\250>, "/usr/lib/locale/C.utf8/LC_CTYPE", O_RDONLY|O_CLOEXEC) = 3</usr/lib/locale/C.utf8/LC_CTYPE>
1426307 openat(AT_FDCWD</tmp/kernel-audit2-v3r63b5w/\346\261\202\350\247\243\345\231\250>, "/tmp/kernel-audit2-v3r63b5w/\346\261\202\350\247\243\345\231\250/crates/kernel/src/catalog.rs", O_RDONLY) = 3</tmp/kernel-audit2-v3r63b5w/\346\261\202\350\247\243\345\231\250/crates/kernel/src/catalog.rs>
1426283 --- SIGCHLD {si_signo=SIGCHLD, si_code=CLD_EXITED, si_pid=1426307, si_uid=1000, si_status=0, si_utime=0, si_stime=0} ---
1426283 openat(AT_FDCWD</tmp/kernel-audit2-v3r63b5w/\346\261\202\350\247\243\345\231\250>, "/dev/null", O_RDONLY|O_CLOEXEC) = 3</dev/null<char 1:3>>
1426308 execve("/home/zhuran24/.codex/tmp/arg0/codex-arg0DuAZRy/sha256sum", ["sha256sum", "--", "/tmp/kernel-audit2-v3r63b5w/\346\261\202\350\247\243\345\231\250/crates/kernel/src/input.rs"], 0x7ffdc1bb9fc8 /* 135 vars */) = -1 ENOENT (No such file or directory)
1426308 execve("/home/zhuran24/.cargo/bin/sha256sum", ["sha256sum", "--", "/tmp/kernel-audit2-v3r63b5w/\346\261\202\350\247\243\345\231\250/crates/kernel/src/input.rs"], 0x7ffdc1bb9fc8 /* 135 vars */) = -1 ENOENT (No such file or directory)
1426308 execve("/home/zhuran24/.local/bin/sha256sum", ["sha256sum", "--", "/tmp/kernel-audit2-v3r63b5w/\346\261\202\350\247\243\345\231\250/crates/kernel/src/input.rs"], 0x7ffdc1bb9fc8 /* 135 vars */) = -1 ENOENT (No such file or directory)
1426308 execve("/home/zhuran24/.opencode/bin/sha256sum", ["sha256sum", "--", "/tmp/kernel-audit2-v3r63b5w/\346\261\202\350\247\243\345\231\250/crates/kernel/src/input.rs"], 0x7ffdc1bb9fc8 /* 135 vars */) = -1 ENOENT (No such file or directory)
1426308 execve("/usr/local/bin/sha256sum", ["sha256sum", "--", "/tmp/kernel-audit2-v3r63b5w/\346\261\202\350\247\243\345\231\250/crates/kernel/src/input.rs"], 0x7ffdc1bb9fc8 /* 135 vars */) = -1 ENOENT (No such file or directory)
1426308 execve("/usr/bin/sha256sum", ["sha256sum", "--", "/tmp/kernel-audit2-v3r63b5w/\346\261\202\350\247\243\345\231\250/crates/kernel/src/input.rs"], 0x7ffdc1bb9fc8 /* 135 vars */) = 0
1426308 openat(AT_FDCWD</tmp/kernel-audit2-v3r63b5w/\346\261\202\350\247\243\345\231\250>, "/etc/ld.so.cache", O_RDONLY|O_CLOEXEC) = 3</etc/ld.so.cache>
1426308 openat(AT_FDCWD</tmp/kernel-audit2-v3r63b5w/\346\261\202\350\247\243\345\231\250>, "/usr/lib/libcrypto.so.3", O_RDONLY|O_CLOEXEC) = 3</usr/lib/libcrypto.so.3>
1426308 openat(AT_FDCWD</tmp/kernel-audit2-v3r63b5w/\346\261\202\350\247\243\345\231\250>, "/usr/lib/libc.so.6", O_RDONLY|O_CLOEXEC) = 3</usr/lib/libc.so.6>
1426308 openat(AT_FDCWD</tmp/kernel-audit2-v3r63b5w/\346\261\202\350\247\243\345\231\250>, "/usr/lib/libz.so.1", O_RDONLY|O_CLOEXEC) = 3</usr/lib/libz.so.1.3.1.zlib-ng>
1426308 openat(AT_FDCWD</tmp/kernel-audit2-v3r63b5w/\346\261\202\350\247\243\345\231\250>, "/usr/lib/libbrotlienc.so.1", O_RDONLY|O_CLOEXEC) = 3</usr/lib/libbrotlienc.so.1.2.0>
1426308 openat(AT_FDCWD</tmp/kernel-audit2-v3r63b5w/\346\261\202\350\247\243\345\231\250>, "/usr/lib/libbrotlidec.so.1", O_RDONLY|O_CLOEXEC) = 3</usr/lib/libbrotlidec.so.1.2.0>
1426308 openat(AT_FDCWD</tmp/kernel-audit2-v3r63b5w/\346\261\202\350\247\243\345\231\250>, "/usr/lib/libzstd.so.1", O_RDONLY|O_CLOEXEC) = 3</usr/lib/libzstd.so.1.5.7>
1426308 openat(AT_FDCWD</tmp/kernel-audit2-v3r63b5w/\346\261\202\350\247\243\345\231\250>, "/usr/lib/libm.so.6", O_RDONLY|O_CLOEXEC) = 3</usr/lib/libm.so.6>
1426308 openat(AT_FDCWD</tmp/kernel-audit2-v3r63b5w/\346\261\202\350\247\243\345\231\250>, "/usr/lib/libbrotlicommon.so.1", O_RDONLY|O_CLOEXEC) = 3</usr/lib/libbrotlicommon.so.1.2.0>
1426308 openat(AT_FDCWD</tmp/kernel-audit2-v3r63b5w/\346\261\202\350\247\243\345\231\250>, "/usr/lib/locale/locale-archive", O_RDONLY|O_CLOEXEC) = 3</usr/lib/locale/locale-archive>
1426308 openat(AT_FDCWD</tmp/kernel-audit2-v3r63b5w/\346\261\202\350\247\243\345\231\250>, "/usr/share/locale/locale.alias", O_RDONLY|O_CLOEXEC) = 3</usr/share/locale/locale.alias>
1426308 openat(AT_FDCWD</tmp/kernel-audit2-v3r63b5w/\346\261\202\350\247\243\345\231\250>, "/usr/lib/locale/C.UTF-8/LC_IDENTIFICATION", O_RDONLY|O_CLOEXEC) = -1 ENOENT (No such file or directory)
1426308 openat(AT_FDCWD</tmp/kernel-audit2-v3r63b5w/\346\261\202\350\247\243\345\231\250>, "/usr/lib/locale/C.utf8/LC_IDENTIFICATION", O_RDONLY|O_CLOEXEC) = 3</usr/lib/locale/C.utf8/LC_IDENTIFICATION>
1426308 openat(AT_FDCWD</tmp/kernel-audit2-v3r63b5w/\346\261\202\350\247\243\345\231\250>, "/usr/lib/gconv/gconv-modules.cache", O_RDONLY|O_CLOEXEC) = 3</usr/lib/gconv/gconv-modules.cache>
1426308 openat(AT_FDCWD</tmp/kernel-audit2-v3r63b5w/\346\261\202\350\247\243\345\231\250>, "/usr/lib/locale/C.UTF-8/LC_MEASUREMENT", O_RDONLY|O_CLOEXEC) = -1 ENOENT (No such file or directory)
1426308 openat(AT_FDCWD</tmp/kernel-audit2-v3r63b5w/\346\261\202\350\247\243\345\231\250>, "/usr/lib/locale/C.utf8/LC_MEASUREMENT", O_RDONLY|O_CLOEXEC) = 3</usr/lib/locale/C.utf8/LC_MEASUREMENT>
1426308 openat(AT_FDCWD</tmp/kernel-audit2-v3r63b5w/\346\261\202\350\247\243\345\231\250>, "/usr/lib/locale/C.UTF-8/LC_TELEPHONE", O_RDONLY|O_CLOEXEC) = -1 ENOENT (No such file or directory)
1426308 openat(AT_FDCWD</tmp/kernel-audit2-v3r63b5w/\346\261\202\350\247\243\345\231\250>, "/usr/lib/locale/C.utf8/LC_TELEPHONE", O_RDONLY|O_CLOEXEC) = 3</usr/lib/locale/C.utf8/LC_TELEPHONE>
1426308 openat(AT_FDCWD</tmp/kernel-audit2-v3r63b5w/\346\261\202\350\247\243\345\231\250>, "/usr/lib/locale/C.UTF-8/LC_ADDRESS", O_RDONLY|O_CLOEXEC) = -1 ENOENT (No such file or directory)
1426308 openat(AT_FDCWD</tmp/kernel-audit2-v3r63b5w/\346\261\202\350\247\243\345\231\250>, "/usr/lib/locale/C.utf8/LC_ADDRESS", O_RDONLY|O_CLOEXEC) = 3</usr/lib/locale/C.utf8/LC_ADDRESS>
1426308 openat(AT_FDCWD</tmp/kernel-audit2-v3r63b5w/\346\261\202\350\247\243\345\231\250>, "/usr/lib/locale/C.UTF-8/LC_NAME", O_RDONLY|O_CLOEXEC) = -1 ENOENT (No such file or directory)
1426308 openat(AT_FDCWD</tmp/kernel-audit2-v3r63b5w/\346\261\202\350\247\243\345\231\250>, "/usr/lib/locale/C.utf8/LC_NAME", O_RDONLY|O_CLOEXEC) = 3</usr/lib/locale/C.utf8/LC_NAME>
1426308 openat(AT_FDCWD</tmp/kernel-audit2-v3r63b5w/\346\261\202\350\247\243\345\231\250>, "/usr/lib/locale/C.UTF-8/LC_PAPER", O_RDONLY|O_CLOEXEC) = -1 ENOENT (No such file or directory)
1426308 openat(AT_FDCWD</tmp/kernel-audit2-v3r63b5w/\346\261\202\350\247\243\345\231\250>, "/usr/lib/locale/C.utf8/LC_PAPER", O_RDONLY|O_CLOEXEC) = 3</usr/lib/locale/C.utf8/LC_PAPER>
1426308 openat(AT_FDCWD</tmp/kernel-audit2-v3r63b5w/\346\261\202\350\247\243\345\231\250>, "/usr/lib/locale/C.UTF-8/LC_MESSAGES", O_RDONLY|O_CLOEXEC) = -1 ENOENT (No such file or directory)
1426308 openat(AT_FDCWD</tmp/kernel-audit2-v3r63b5w/\346\261\202\350\247\243\345\231\250>, "/usr/lib/locale/C.utf8/LC_MESSAGES", O_RDONLY|O_CLOEXEC) = 3</usr/lib/locale/C.utf8/LC_MESSAGES>
1426308 openat(AT_FDCWD</tmp/kernel-audit2-v3r63b5w/\346\261\202\350\247\243\345\231\250>, "/usr/lib/locale/C.utf8/LC_MESSAGES/SYS_LC_MESSAGES", O_RDONLY|O_CLOEXEC) = 3</usr/lib/locale/C.utf8/LC_MESSAGES/SYS_LC_MESSAGES>
1426308 openat(AT_FDCWD</tmp/kernel-audit2-v3r63b5w/\346\261\202\350\247\243\345\231\250>, "/usr/lib/locale/C.UTF-8/LC_MONETARY", O_RDONLY|O_CLOEXEC) = -1 ENOENT (No such file or directory)
1426308 openat(AT_FDCWD</tmp/kernel-audit2-v3r63b5w/\346\261\202\350\247\243\345\231\250>, "/usr/lib/locale/C.utf8/LC_MONETARY", O_RDONLY|O_CLOEXEC) = 3</usr/lib/locale/C.utf8/LC_MONETARY>
1426308 openat(AT_FDCWD</tmp/kernel-audit2-v3r63b5w/\346\261\202\350\247\243\345\231\250>, "/usr/lib/locale/C.UTF-8/LC_COLLATE", O_RDONLY|O_CLOEXEC) = -1 ENOENT (No such file or directory)
1426308 openat(AT_FDCWD</tmp/kernel-audit2-v3r63b5w/\346\261\202\350\247\243\345\231\250>, "/usr/lib/locale/C.utf8/LC_COLLATE", O_RDONLY|O_CLOEXEC) = 3</usr/lib/locale/C.utf8/LC_COLLATE>
1426308 openat(AT_FDCWD</tmp/kernel-audit2-v3r63b5w/\346\261\202\350\247\243\345\231\250>, "/usr/lib/locale/C.UTF-8/LC_TIME", O_RDONLY|O_CLOEXEC) = -1 ENOENT (No such file or directory)
1426308 openat(AT_FDCWD</tmp/kernel-audit2-v3r63b5w/\346\261\202\350\247\243\345\231\250>, "/usr/lib/locale/C.utf8/LC_TIME", O_RDONLY|O_CLOEXEC) = 3</usr/lib/locale/C.utf8/LC_TIME>
1426308 openat(AT_FDCWD</tmp/kernel-audit2-v3r63b5w/\346\261\202\350\247\243\345\231\250>, "/usr/lib/locale/C.UTF-8/LC_NUMERIC", O_RDONLY|O_CLOEXEC) = -1 ENOENT (No such file or directory)
1426308 openat(AT_FDCWD</tmp/kernel-audit2-v3r63b5w/\346\261\202\350\247\243\345\231\250>, "/usr/lib/locale/C.utf8/LC_NUMERIC", O_RDONLY|O_CLOEXEC) = 3</usr/lib/locale/C.utf8/LC_NUMERIC>
1426308 openat(AT_FDCWD</tmp/kernel-audit2-v3r63b5w/\346\261\202\350\247\243\345\231\250>, "/usr/lib/locale/C.UTF-8/LC_CTYPE", O_RDONLY|O_CLOEXEC) = -1 ENOENT (No such file or directory)
1426308 openat(AT_FDCWD</tmp/kernel-audit2-v3r63b5w/\346\261\202\350\247\243\345\231\250>, "/usr/lib/locale/C.utf8/LC_CTYPE", O_RDONLY|O_CLOEXEC) = 3</usr/lib/locale/C.utf8/LC_CTYPE>
1426308 openat(AT_FDCWD</tmp/kernel-audit2-v3r63b5w/\346\261\202\350\247\243\345\231\250>, "/tmp/kernel-audit2-v3r63b5w/\346\261\202\350\247\243\345\231\250/crates/kernel/src/input.rs", O_RDONLY) = 3</tmp/kernel-audit2-v3r63b5w/\346\261\202\350\247\243\345\231\250/crates/kernel/src/input.rs>
1426283 --- SIGCHLD {si_signo=SIGCHLD, si_code=CLD_EXITED, si_pid=1426308, si_uid=1000, si_status=0, si_utime=0, si_stime=0} ---
1426283 openat(AT_FDCWD</tmp/kernel-audit2-v3r63b5w/\346\261\202\350\247\243\345\231\250>, "/dev/null", O_RDONLY|O_CLOEXEC) = 3</dev/null<char 1:3>>
1426309 execve("/home/zhuran24/.codex/tmp/arg0/codex-arg0DuAZRy/sha256sum", ["sha256sum", "--", "/tmp/kernel-audit2-v3r63b5w/\346\261\202\350\247\243\345\231\250/crates/kernel/src/interfaces.rs"], 0x7ffdc1bb9fc8 /* 135 vars */) = -1 ENOENT (No such file or directory)
1426309 execve("/home/zhuran24/.cargo/bin/sha256sum", ["sha256sum", "--", "/tmp/kernel-audit2-v3r63b5w/\346\261\202\350\247\243\345\231\250/crates/kernel/src/interfaces.rs"], 0x7ffdc1bb9fc8 /* 135 vars */) = -1 ENOENT (No such file or directory)
1426309 execve("/home/zhuran24/.local/bin/sha256sum", ["sha256sum", "--", "/tmp/kernel-audit2-v3r63b5w/\346\261\202\350\247\243\345\231\250/crates/kernel/src/interfaces.rs"], 0x7ffdc1bb9fc8 /* 135 vars */) = -1 ENOENT (No such file or directory)
1426309 execve("/home/zhuran24/.opencode/bin/sha256sum", ["sha256sum", "--", "/tmp/kernel-audit2-v3r63b5w/\346\261\202\350\247\243\345\231\250/crates/kernel/src/interfaces.rs"], 0x7ffdc1bb9fc8 /* 135 vars */) = -1 ENOENT (No such file or directory)
1426309 execve("/usr/local/bin/sha256sum", ["sha256sum", "--", "/tmp/kernel-audit2-v3r63b5w/\346\261\202\350\247\243\345\231\250/crates/kernel/src/interfaces.rs"], 0x7ffdc1bb9fc8 /* 135 vars */) = -1 ENOENT (No such file or directory)
1426309 execve("/usr/bin/sha256sum", ["sha256sum", "--", "/tmp/kernel-audit2-v3r63b5w/\346\261\202\350\247\243\345\231\250/crates/kernel/src/interfaces.rs"], 0x7ffdc1bb9fc8 /* 135 vars */) = 0
1426309 openat(AT_FDCWD</tmp/kernel-audit2-v3r63b5w/\346\261\202\350\247\243\345\231\250>, "/etc/ld.so.cache", O_RDONLY|O_CLOEXEC) = 3</etc/ld.so.cache>
1426309 openat(AT_FDCWD</tmp/kernel-audit2-v3r63b5w/\346\261\202\350\247\243\345\231\250>, "/usr/lib/libcrypto.so.3", O_RDONLY|O_CLOEXEC) = 3</usr/lib/libcrypto.so.3>
1426309 openat(AT_FDCWD</tmp/kernel-audit2-v3r63b5w/\346\261\202\350\247\243\345\231\250>, "/usr/lib/libc.so.6", O_RDONLY|O_CLOEXEC) = 3</usr/lib/libc.so.6>
1426309 openat(AT_FDCWD</tmp/kernel-audit2-v3r63b5w/\346\261\202\350\247\243\345\231\250>, "/usr/lib/libz.so.1", O_RDONLY|O_CLOEXEC) = 3</usr/lib/libz.so.1.3.1.zlib-ng>
1426309 openat(AT_FDCWD</tmp/kernel-audit2-v3r63b5w/\346\261\202\350\247\243\345\231\250>, "/usr/lib/libbrotlienc.so.1", O_RDONLY|O_CLOEXEC) = 3</usr/lib/libbrotlienc.so.1.2.0>
1426309 openat(AT_FDCWD</tmp/kernel-audit2-v3r63b5w/\346\261\202\350\247\243\345\231\250>, "/usr/lib/libbrotlidec.so.1", O_RDONLY|O_CLOEXEC) = 3</usr/lib/libbrotlidec.so.1.2.0>
1426309 openat(AT_FDCWD</tmp/kernel-audit2-v3r63b5w/\346\261\202\350\247\243\345\231\250>, "/usr/lib/libzstd.so.1", O_RDONLY|O_CLOEXEC) = 3</usr/lib/libzstd.so.1.5.7>
1426309 openat(AT_FDCWD</tmp/kernel-audit2-v3r63b5w/\346\261\202\350\247\243\345\231\250>, "/usr/lib/libm.so.6", O_RDONLY|O_CLOEXEC) = 3</usr/lib/libm.so.6>
1426309 openat(AT_FDCWD</tmp/kernel-audit2-v3r63b5w/\346\261\202\350\247\243\345\231\250>, "/usr/lib/libbrotlicommon.so.1", O_RDONLY|O_CLOEXEC) = 3</usr/lib/libbrotlicommon.so.1.2.0>
1426309 openat(AT_FDCWD</tmp/kernel-audit2-v3r63b5w/\346\261\202\350\247\243\345\231\250>, "/usr/lib/locale/locale-archive", O_RDONLY|O_CLOEXEC) = 3</usr/lib/locale/locale-archive>
1426309 openat(AT_FDCWD</tmp/kernel-audit2-v3r63b5w/\346\261\202\350\247\243\345\231\250>, "/usr/share/locale/locale.alias", O_RDONLY|O_CLOEXEC) = 3</usr/share/locale/locale.alias>
1426309 openat(AT_FDCWD</tmp/kernel-audit2-v3r63b5w/\346\261\202\350\247\243\345\231\250>, "/usr/lib/locale/C.UTF-8/LC_IDENTIFICATION", O_RDONLY|O_CLOEXEC) = -1 ENOENT (No such file or directory)
1426309 openat(AT_FDCWD</tmp/kernel-audit2-v3r63b5w/\346\261\202\350\247\243\345\231\250>, "/usr/lib/locale/C.utf8/LC_IDENTIFICATION", O_RDONLY|O_CLOEXEC) = 3</usr/lib/locale/C.utf8/LC_IDENTIFICATION>
1426309 openat(AT_FDCWD</tmp/kernel-audit2-v3r63b5w/\346\261\202\350\247\243\345\231\250>, "/usr/lib/gconv/gconv-modules.cache", O_RDONLY|O_CLOEXEC) = 3</usr/lib/gconv/gconv-modules.cache>
1426309 openat(AT_FDCWD</tmp/kernel-audit2-v3r63b5w/\346\261\202\350\247\243\345\231\250>, "/usr/lib/locale/C.UTF-8/LC_MEASUREMENT", O_RDONLY|O_CLOEXEC) = -1 ENOENT (No such file or directory)
1426309 openat(AT_FDCWD</tmp/kernel-audit2-v3r63b5w/\346\261\202\350\247\243\345\231\250>, "/usr/lib/locale/C.utf8/LC_MEASUREMENT", O_RDONLY|O_CLOEXEC) = 3</usr/lib/locale/C.utf8/LC_MEASUREMENT>
1426309 openat(AT_FDCWD</tmp/kernel-audit2-v3r63b5w/\346\261\202\350\247\243\345\231\250>, "/usr/lib/locale/C.UTF-8/LC_TELEPHONE", O_RDONLY|O_CLOEXEC) = -1 ENOENT (No such file or directory)
1426309 openat(AT_FDCWD</tmp/kernel-audit2-v3r63b5w/\346\261\202\350\247\243\345\231\250>, "/usr/lib/locale/C.utf8/LC_TELEPHONE", O_RDONLY|O_CLOEXEC) = 3</usr/lib/locale/C.utf8/LC_TELEPHONE>
1426309 openat(AT_FDCWD</tmp/kernel-audit2-v3r63b5w/\346\261\202\350\247\243\345\231\250>, "/usr/lib/locale/C.UTF-8/LC_ADDRESS", O_RDONLY|O_CLOEXEC) = -1 ENOENT (No such file or directory)
1426309 openat(AT_FDCWD</tmp/kernel-audit2-v3r63b5w/\346\261\202\350\247\243\345\231\250>, "/usr/lib/locale/C.utf8/LC_ADDRESS", O_RDONLY|O_CLOEXEC) = 3</usr/lib/locale/C.utf8/LC_ADDRESS>
1426309 openat(AT_FDCWD</tmp/kernel-audit2-v3r63b5w/\346\261\202\350\247\243\345\231\250>, "/usr/lib/locale/C.UTF-8/LC_NAME", O_RDONLY|O_CLOEXEC) = -1 ENOENT (No such file or directory)
1426309 openat(AT_FDCWD</tmp/kernel-audit2-v3r63b5w/\346\261\202\350\247\243\345\231\250>, "/usr/lib/locale/C.utf8/LC_NAME", O_RDONLY|O_CLOEXEC) = 3</usr/lib/locale/C.utf8/LC_NAME>
1426309 openat(AT_FDCWD</tmp/kernel-audit2-v3r63b5w/\346\261\202\350\247\243\345\231\250>, "/usr/lib/locale/C.UTF-8/LC_PAPER", O_RDONLY|O_CLOEXEC) = -1 ENOENT (No such file or directory)
1426309 openat(AT_FDCWD</tmp/kernel-audit2-v3r63b5w/\346\261\202\350\247\243\345\231\250>, "/usr/lib/locale/C.utf8/LC_PAPER", O_RDONLY|O_CLOEXEC) = 3</usr/lib/locale/C.utf8/LC_PAPER>
1426309 openat(AT_FDCWD</tmp/kernel-audit2-v3r63b5w/\346\261\202\350\247\243\345\231\250>, "/usr/lib/locale/C.UTF-8/LC_MESSAGES", O_RDONLY|O_CLOEXEC) = -1 ENOENT (No such file or directory)
1426309 openat(AT_FDCWD</tmp/kernel-audit2-v3r63b5w/\346\261\202\350\247\243\345\231\250>, "/usr/lib/locale/C.utf8/LC_MESSAGES", O_RDONLY|O_CLOEXEC) = 3</usr/lib/locale/C.utf8/LC_MESSAGES>
1426309 openat(AT_FDCWD</tmp/kernel-audit2-v3r63b5w/\346\261\202\350\247\243\345\231\250>, "/usr/lib/locale/C.utf8/LC_MESSAGES/SYS_LC_MESSAGES", O_RDONLY|O_CLOEXEC) = 3</usr/lib/locale/C.utf8/LC_MESSAGES/SYS_LC_MESSAGES>
1426309 openat(AT_FDCWD</tmp/kernel-audit2-v3r63b5w/\346\261\202\350\247\243\345\231\250>, "/usr/lib/locale/C.UTF-8/LC_MONETARY", O_RDONLY|O_CLOEXEC) = -1 ENOENT (No such file or directory)
1426309 openat(AT_FDCWD</tmp/kernel-audit2-v3r63b5w/\346\261\202\350\247\243\345\231\250>, "/usr/lib/locale/C.utf8/LC_MONETARY", O_RDONLY|O_CLOEXEC) = 3</usr/lib/locale/C.utf8/LC_MONETARY>
1426309 openat(AT_FDCWD</tmp/kernel-audit2-v3r63b5w/\346\261\202\350\247\243\345\231\250>, "/usr/lib/locale/C.UTF-8/LC_COLLATE", O_RDONLY|O_CLOEXEC) = -1 ENOENT (No such file or directory)
1426309 openat(AT_FDCWD</tmp/kernel-audit2-v3r63b5w/\346\261\202\350\247\243\345\231\250>, "/usr/lib/locale/C.utf8/LC_COLLATE", O_RDONLY|O_CLOEXEC) = 3</usr/lib/locale/C.utf8/LC_COLLATE>
1426309 openat(AT_FDCWD</tmp/kernel-audit2-v3r63b5w/\346\261\202\350\247\243\345\231\250>, "/usr/lib/locale/C.UTF-8/LC_TIME", O_RDONLY|O_CLOEXEC) = -1 ENOENT (No such file or directory)
1426309 openat(AT_FDCWD</tmp/kernel-audit2-v3r63b5w/\346\261\202\350\247\243\345\231\250>, "/usr/lib/locale/C.utf8/LC_TIME", O_RDONLY|O_CLOEXEC) = 3</usr/lib/locale/C.utf8/LC_TIME>
1426309 openat(AT_FDCWD</tmp/kernel-audit2-v3r63b5w/\346\261\202\350\247\243\345\231\250>, "/usr/lib/locale/C.UTF-8/LC_NUMERIC", O_RDONLY|O_CLOEXEC) = -1 ENOENT (No such file or directory)
1426309 openat(AT_FDCWD</tmp/kernel-audit2-v3r63b5w/\346\261\202\350\247\243\345\231\250>, "/usr/lib/locale/C.utf8/LC_NUMERIC", O_RDONLY|O_CLOEXEC) = 3</usr/lib/locale/C.utf8/LC_NUMERIC>
1426309 openat(AT_FDCWD</tmp/kernel-audit2-v3r63b5w/\346\261\202\350\247\243\345\231\250>, "/usr/lib/locale/C.UTF-8/LC_CTYPE", O_RDONLY|O_CLOEXEC) = -1 ENOENT (No such file or directory)
1426309 openat(AT_FDCWD</tmp/kernel-audit2-v3r63b5w/\346\261\202\350\247\243\345\231\250>, "/usr/lib/locale/C.utf8/LC_CTYPE", O_RDONLY|O_CLOEXEC) = 3</usr/lib/locale/C.utf8/LC_CTYPE>
1426309 openat(AT_FDCWD</tmp/kernel-audit2-v3r63b5w/\346\261\202\350\247\243\345\231\250>, "/tmp/kernel-audit2-v3r63b5w/\346\261\202\350\247\243\345\231\250/crates/kernel/src/interfaces.rs", O_RDONLY) = 3</tmp/kernel-audit2-v3r63b5w/\346\261\202\350\247\243\345\231\250/crates/kernel/src/interfaces.rs>
1426283 --- SIGCHLD {si_signo=SIGCHLD, si_code=CLD_EXITED, si_pid=1426309, si_uid=1000, si_status=0, si_utime=0, si_stime=0} ---
1426283 openat(AT_FDCWD</tmp/kernel-audit2-v3r63b5w/\346\261\202\350\247\243\345\231\250>, "/dev/null", O_RDONLY|O_CLOEXEC) = 3</dev/null<char 1:3>>
1426310 execve("/home/zhuran24/.codex/tmp/arg0/codex-arg0DuAZRy/sha256sum", ["sha256sum", "--", "/tmp/kernel-audit2-v3r63b5w/\346\261\202\350\247\243\345\231\250/crates/kernel/src/engine.rs"], 0x7ffdc1bb9fc8 /* 135 vars */) = -1 ENOENT (No such file or directory)
1426310 execve("/home/zhuran24/.cargo/bin/sha256sum", ["sha256sum", "--", "/tmp/kernel-audit2-v3r63b5w/\346\261\202\350\247\243\345\231\250/crates/kernel/src/engine.rs"], 0x7ffdc1bb9fc8 /* 135 vars */) = -1 ENOENT (No such file or directory)
1426310 execve("/home/zhuran24/.local/bin/sha256sum", ["sha256sum", "--", "/tmp/kernel-audit2-v3r63b5w/\346\261\202\350\247\243\345\231\250/crates/kernel/src/engine.rs"], 0x7ffdc1bb9fc8 /* 135 vars */) = -1 ENOENT (No such file or directory)
1426310 execve("/home/zhuran24/.opencode/bin/sha256sum", ["sha256sum", "--", "/tmp/kernel-audit2-v3r63b5w/\346\261\202\350\247\243\345\231\250/crates/kernel/src/engine.rs"], 0x7ffdc1bb9fc8 /* 135 vars */) = -1 ENOENT (No such file or directory)
1426310 execve("/usr/local/bin/sha256sum", ["sha256sum", "--", "/tmp/kernel-audit2-v3r63b5w/\346\261\202\350\247\243\345\231\250/crates/kernel/src/engine.rs"], 0x7ffdc1bb9fc8 /* 135 vars */) = -1 ENOENT (No such file or directory)
1426310 execve("/usr/bin/sha256sum", ["sha256sum", "--", "/tmp/kernel-audit2-v3r63b5w/\346\261\202\350\247\243\345\231\250/crates/kernel/src/engine.rs"], 0x7ffdc1bb9fc8 /* 135 vars */) = 0
1426310 openat(AT_FDCWD</tmp/kernel-audit2-v3r63b5w/\346\261\202\350\247\243\345\231\250>, "/etc/ld.so.cache", O_RDONLY|O_CLOEXEC) = 3</etc/ld.so.cache>
1426310 openat(AT_FDCWD</tmp/kernel-audit2-v3r63b5w/\346\261\202\350\247\243\345\231\250>, "/usr/lib/libcrypto.so.3", O_RDONLY|O_CLOEXEC) = 3</usr/lib/libcrypto.so.3>
1426310 openat(AT_FDCWD</tmp/kernel-audit2-v3r63b5w/\346\261\202\350\247\243\345\231\250>, "/usr/lib/libc.so.6", O_RDONLY|O_CLOEXEC) = 3</usr/lib/libc.so.6>
1426310 openat(AT_FDCWD</tmp/kernel-audit2-v3r63b5w/\346\261\202\350\247\243\345\231\250>, "/usr/lib/libz.so.1", O_RDONLY|O_CLOEXEC) = 3</usr/lib/libz.so.1.3.1.zlib-ng>
1426310 openat(AT_FDCWD</tmp/kernel-audit2-v3r63b5w/\346\261\202\350\247\243\345\231\250>, "/usr/lib/libbrotlienc.so.1", O_RDONLY|O_CLOEXEC) = 3</usr/lib/libbrotlienc.so.1.2.0>
1426310 openat(AT_FDCWD</tmp/kernel-audit2-v3r63b5w/\346\261\202\350\247\243\345\231\250>, "/usr/lib/libbrotlidec.so.1", O_RDONLY|O_CLOEXEC) = 3</usr/lib/libbrotlidec.so.1.2.0>
1426310 openat(AT_FDCWD</tmp/kernel-audit2-v3r63b5w/\346\261\202\350\247\243\345\231\250>, "/usr/lib/libzstd.so.1", O_RDONLY|O_CLOEXEC) = 3</usr/lib/libzstd.so.1.5.7>
1426310 openat(AT_FDCWD</tmp/kernel-audit2-v3r63b5w/\346\261\202\350\247\243\345\231\250>, "/usr/lib/libm.so.6", O_RDONLY|O_CLOEXEC) = 3</usr/lib/libm.so.6>
1426310 openat(AT_FDCWD</tmp/kernel-audit2-v3r63b5w/\346\261\202\350\247\243\345\231\250>, "/usr/lib/libbrotlicommon.so.1", O_RDONLY|O_CLOEXEC) = 3</usr/lib/libbrotlicommon.so.1.2.0>
1426310 openat(AT_FDCWD</tmp/kernel-audit2-v3r63b5w/\346\261\202\350\247\243\345\231\250>, "/usr/lib/locale/locale-archive", O_RDONLY|O_CLOEXEC) = 3</usr/lib/locale/locale-archive>
1426310 openat(AT_FDCWD</tmp/kernel-audit2-v3r63b5w/\346\261\202\350\247\243\345\231\250>, "/usr/share/locale/locale.alias", O_RDONLY|O_CLOEXEC) = 3</usr/share/locale/locale.alias>
1426310 openat(AT_FDCWD</tmp/kernel-audit2-v3r63b5w/\346\261\202\350\247\243\345\231\250>, "/usr/lib/locale/C.UTF-8/LC_IDENTIFICATION", O_RDONLY|O_CLOEXEC) = -1 ENOENT (No such file or directory)
1426310 openat(AT_FDCWD</tmp/kernel-audit2-v3r63b5w/\346\261\202\350\247\243\345\231\250>, "/usr/lib/locale/C.utf8/LC_IDENTIFICATION", O_RDONLY|O_CLOEXEC) = 3</usr/lib/locale/C.utf8/LC_IDENTIFICATION>
1426310 openat(AT_FDCWD</tmp/kernel-audit2-v3r63b5w/\346\261\202\350\247\243\345\231\250>, "/usr/lib/gconv/gconv-modules.cache", O_RDONLY|O_CLOEXEC) = 3</usr/lib/gconv/gconv-modules.cache>
1426310 openat(AT_FDCWD</tmp/kernel-audit2-v3r63b5w/\346\261\202\350\247\243\345\231\250>, "/usr/lib/locale/C.UTF-8/LC_MEASUREMENT", O_RDONLY|O_CLOEXEC) = -1 ENOENT (No such file or directory)
1426310 openat(AT_FDCWD</tmp/kernel-audit2-v3r63b5w/\346\261\202\350\247\243\345\231\250>, "/usr/lib/locale/C.utf8/LC_MEASUREMENT", O_RDONLY|O_CLOEXEC) = 3</usr/lib/locale/C.utf8/LC_MEASUREMENT>
1426310 openat(AT_FDCWD</tmp/kernel-audit2-v3r63b5w/\346\261\202\350\247\243\345\231\250>, "/usr/lib/locale/C.UTF-8/LC_TELEPHONE", O_RDONLY|O_CLOEXEC) = -1 ENOENT (No such file or directory)
1426310 openat(AT_FDCWD</tmp/kernel-audit2-v3r63b5w/\346\261\202\350\247\243\345\231\250>, "/usr/lib/locale/C.utf8/LC_TELEPHONE", O_RDONLY|O_CLOEXEC) = 3</usr/lib/locale/C.utf8/LC_TELEPHONE>
1426310 openat(AT_FDCWD</tmp/kernel-audit2-v3r63b5w/\346\261\202\350\247\243\345\231\250>, "/usr/lib/locale/C.UTF-8/LC_ADDRESS", O_RDONLY|O_CLOEXEC) = -1 ENOENT (No such file or directory)
1426310 openat(AT_FDCWD</tmp/kernel-audit2-v3r63b5w/\346\261\202\350\247\243\345\231\250>, "/usr/lib/locale/C.utf8/LC_ADDRESS", O_RDONLY|O_CLOEXEC) = 3</usr/lib/locale/C.utf8/LC_ADDRESS>
1426310 openat(AT_FDCWD</tmp/kernel-audit2-v3r63b5w/\346\261\202\350\247\243\345\231\250>, "/usr/lib/locale/C.UTF-8/LC_NAME", O_RDONLY|O_CLOEXEC) = -1 ENOENT (No such file or directory)
1426310 openat(AT_FDCWD</tmp/kernel-audit2-v3r63b5w/\346\261\202\350\247\243\345\231\250>, "/usr/lib/locale/C.utf8/LC_NAME", O_RDONLY|O_CLOEXEC) = 3</usr/lib/locale/C.utf8/LC_NAME>
1426310 openat(AT_FDCWD</tmp/kernel-audit2-v3r63b5w/\346\261\202\350\247\243\345\231\250>, "/usr/lib/locale/C.UTF-8/LC_PAPER", O_RDONLY|O_CLOEXEC) = -1 ENOENT (No such file or directory)
1426310 openat(AT_FDCWD</tmp/kernel-audit2-v3r63b5w/\346\261\202\350\247\243\345\231\250>, "/usr/lib/locale/C.utf8/LC_PAPER", O_RDONLY|O_CLOEXEC) = 3</usr/lib/locale/C.utf8/LC_PAPER>
1426310 openat(AT_FDCWD</tmp/kernel-audit2-v3r63b5w/\346\261\202\350\247\243\345\231\250>, "/usr/lib/locale/C.UTF-8/LC_MESSAGES", O_RDONLY|O_CLOEXEC) = -1 ENOENT (No such file or directory)
1426310 openat(AT_FDCWD</tmp/kernel-audit2-v3r63b5w/\346\261\202\350\247\243\345\231\250>, "/usr/lib/locale/C.utf8/LC_MESSAGES", O_RDONLY|O_CLOEXEC) = 3</usr/lib/locale/C.utf8/LC_MESSAGES>
1426310 openat(AT_FDCWD</tmp/kernel-audit2-v3r63b5w/\346\261\202\350\247\243\345\231\250>, "/usr/lib/locale/C.utf8/LC_MESSAGES/SYS_LC_MESSAGES", O_RDONLY|O_CLOEXEC) = 3</usr/lib/locale/C.utf8/LC_MESSAGES/SYS_LC_MESSAGES>
1426310 openat(AT_FDCWD</tmp/kernel-audit2-v3r63b5w/\346\261\202\350\247\243\345\231\250>, "/usr/lib/locale/C.UTF-8/LC_MONETARY", O_RDONLY|O_CLOEXEC) = -1 ENOENT (No such file or directory)
1426310 openat(AT_FDCWD</tmp/kernel-audit2-v3r63b5w/\346\261\202\350\247\243\345\231\250>, "/usr/lib/locale/C.utf8/LC_MONETARY", O_RDONLY|O_CLOEXEC) = 3</usr/lib/locale/C.utf8/LC_MONETARY>
1426310 openat(AT_FDCWD</tmp/kernel-audit2-v3r63b5w/\346\261\202\350\247\243\345\231\250>, "/usr/lib/locale/C.UTF-8/LC_COLLATE", O_RDONLY|O_CLOEXEC) = -1 ENOENT (No such file or directory)
1426310 openat(AT_FDCWD</tmp/kernel-audit2-v3r63b5w/\346\261\202\350\247\243\345\231\250>, "/usr/lib/locale/C.utf8/LC_COLLATE", O_RDONLY|O_CLOEXEC) = 3</usr/lib/locale/C.utf8/LC_COLLATE>
1426310 openat(AT_FDCWD</tmp/kernel-audit2-v3r63b5w/\346\261\202\350\247\243\345\231\250>, "/usr/lib/locale/C.UTF-8/LC_TIME", O_RDONLY|O_CLOEXEC) = -1 ENOENT (No such file or directory)
1426310 openat(AT_FDCWD</tmp/kernel-audit2-v3r63b5w/\346\261\202\350\247\243\345\231\250>, "/usr/lib/locale/C.utf8/LC_TIME", O_RDONLY|O_CLOEXEC) = 3</usr/lib/locale/C.utf8/LC_TIME>
1426310 openat(AT_FDCWD</tmp/kernel-audit2-v3r63b5w/\346\261\202\350\247\243\345\231\250>, "/usr/lib/locale/C.UTF-8/LC_NUMERIC", O_RDONLY|O_CLOEXEC) = -1 ENOENT (No such file or directory)
1426310 openat(AT_FDCWD</tmp/kernel-audit2-v3r63b5w/\346\261\202\350\247\243\345\231\250>, "/usr/lib/locale/C.utf8/LC_NUMERIC", O_RDONLY|O_CLOEXEC) = 3</usr/lib/locale/C.utf8/LC_NUMERIC>
1426310 openat(AT_FDCWD</tmp/kernel-audit2-v3r63b5w/\346\261\202\350\247\243\345\231\250>, "/usr/lib/locale/C.UTF-8/LC_CTYPE", O_RDONLY|O_CLOEXEC) = -1 ENOENT (No such file or directory)
1426310 openat(AT_FDCWD</tmp/kernel-audit2-v3r63b5w/\346\261\202\350\247\243\345\231\250>, "/usr/lib/locale/C.utf8/LC_CTYPE", O_RDONLY|O_CLOEXEC) = 3</usr/lib/locale/C.utf8/LC_CTYPE>
1426310 openat(AT_FDCWD</tmp/kernel-audit2-v3r63b5w/\346\261\202\350\247\243\345\231\250>, "/tmp/kernel-audit2-v3r63b5w/\346\261\202\350\247\243\345\231\250/crates/kernel/src/engine.rs", O_RDONLY) = 3</tmp/kernel-audit2-v3r63b5w/\346\261\202\350\247\243\345\231\250/crates/kernel/src/engine.rs>
1426283 --- SIGCHLD {si_signo=SIGCHLD, si_code=CLD_EXITED, si_pid=1426310, si_uid=1000, si_status=0, si_utime=0, si_stime=0} ---
1426283 openat(AT_FDCWD</tmp/kernel-audit2-v3r63b5w/\346\261\202\350\247\243\345\231\250>, "/dev/null", O_RDONLY|O_CLOEXEC) = 3</dev/null<char 1:3>>
1426311 execve("/home/zhuran24/.codex/tmp/arg0/codex-arg0DuAZRy/sha256sum", ["sha256sum", "--", "/tmp/kernel-audit2-v3r63b5w/\346\261\202\350\247\243\345\231\250/crates/kernel/src/event_identity.rs"], 0x7ffdc1bb9fc8 /* 135 vars */) = -1 ENOENT (No such file or directory)
1426311 execve("/home/zhuran24/.cargo/bin/sha256sum", ["sha256sum", "--", "/tmp/kernel-audit2-v3r63b5w/\346\261\202\350\247\243\345\231\250/crates/kernel/src/event_identity.rs"], 0x7ffdc1bb9fc8 /* 135 vars */) = -1 ENOENT (No such file or directory)
1426311 execve("/home/zhuran24/.local/bin/sha256sum", ["sha256sum", "--", "/tmp/kernel-audit2-v3r63b5w/\346\261\202\350\247\243\345\231\250/crates/kernel/src/event_identity.rs"], 0x7ffdc1bb9fc8 /* 135 vars */) = -1 ENOENT (No such file or directory)
1426311 execve("/home/zhuran24/.opencode/bin/sha256sum", ["sha256sum", "--", "/tmp/kernel-audit2-v3r63b5w/\346\261\202\350\247\243\345\231\250/crates/kernel/src/event_identity.rs"], 0x7ffdc1bb9fc8 /* 135 vars */) = -1 ENOENT (No such file or directory)
1426311 execve("/usr/local/bin/sha256sum", ["sha256sum", "--", "/tmp/kernel-audit2-v3r63b5w/\346\261\202\350\247\243\345\231\250/crates/kernel/src/event_identity.rs"], 0x7ffdc1bb9fc8 /* 135 vars */) = -1 ENOENT (No such file or directory)
1426311 execve("/usr/bin/sha256sum", ["sha256sum", "--", "/tmp/kernel-audit2-v3r63b5w/\346\261\202\350\247\243\345\231\250/crates/kernel/src/event_identity.rs"], 0x7ffdc1bb9fc8 /* 135 vars */) = 0
1426311 openat(AT_FDCWD</tmp/kernel-audit2-v3r63b5w/\346\261\202\350\247\243\345\231\250>, "/etc/ld.so.cache", O_RDONLY|O_CLOEXEC) = 3</etc/ld.so.cache>
1426311 openat(AT_FDCWD</tmp/kernel-audit2-v3r63b5w/\346\261\202\350\247\243\345\231\250>, "/usr/lib/libcrypto.so.3", O_RDONLY|O_CLOEXEC) = 3</usr/lib/libcrypto.so.3>
1426311 openat(AT_FDCWD</tmp/kernel-audit2-v3r63b5w/\346\261\202\350\247\243\345\231\250>, "/usr/lib/libc.so.6", O_RDONLY|O_CLOEXEC) = 3</usr/lib/libc.so.6>
1426311 openat(AT_FDCWD</tmp/kernel-audit2-v3r63b5w/\346\261\202\350\247\243\345\231\250>, "/usr/lib/libz.so.1", O_RDONLY|O_CLOEXEC) = 3</usr/lib/libz.so.1.3.1.zlib-ng>
1426311 openat(AT_FDCWD</tmp/kernel-audit2-v3r63b5w/\346\261\202\350\247\243\345\231\250>, "/usr/lib/libbrotlienc.so.1", O_RDONLY|O_CLOEXEC) = 3</usr/lib/libbrotlienc.so.1.2.0>
1426311 openat(AT_FDCWD</tmp/kernel-audit2-v3r63b5w/\346\261\202\350\247\243\345\231\250>, "/usr/lib/libbrotlidec.so.1", O_RDONLY|O_CLOEXEC) = 3</usr/lib/libbrotlidec.so.1.2.0>
1426311 openat(AT_FDCWD</tmp/kernel-audit2-v3r63b5w/\346\261\202\350\247\243\345\231\250>, "/usr/lib/libzstd.so.1", O_RDONLY|O_CLOEXEC) = 3</usr/lib/libzstd.so.1.5.7>
1426311 openat(AT_FDCWD</tmp/kernel-audit2-v3r63b5w/\346\261\202\350\247\243\345\231\250>, "/usr/lib/libm.so.6", O_RDONLY|O_CLOEXEC) = 3</usr/lib/libm.so.6>
1426311 openat(AT_FDCWD</tmp/kernel-audit2-v3r63b5w/\346\261\202\350\247\243\345\231\250>, "/usr/lib/libbrotlicommon.so.1", O_RDONLY|O_CLOEXEC) = 3</usr/lib/libbrotlicommon.so.1.2.0>
1426311 openat(AT_FDCWD</tmp/kernel-audit2-v3r63b5w/\346\261\202\350\247\243\345\231\250>, "/usr/lib/locale/locale-archive", O_RDONLY|O_CLOEXEC) = 3</usr/lib/locale/locale-archive>
1426311 openat(AT_FDCWD</tmp/kernel-audit2-v3r63b5w/\346\261\202\350\247\243\345\231\250>, "/usr/share/locale/locale.alias", O_RDONLY|O_CLOEXEC) = 3</usr/share/locale/locale.alias>
1426311 openat(AT_FDCWD</tmp/kernel-audit2-v3r63b5w/\346\261\202\350\247\243\345\231\250>, "/usr/lib/locale/C.UTF-8/LC_IDENTIFICATION", O_RDONLY|O_CLOEXEC) = -1 ENOENT (No such file or directory)
1426311 openat(AT_FDCWD</tmp/kernel-audit2-v3r63b5w/\346\261\202\350\247\243\345\231\250>, "/usr/lib/locale/C.utf8/LC_IDENTIFICATION", O_RDONLY|O_CLOEXEC) = 3</usr/lib/locale/C.utf8/LC_IDENTIFICATION>
1426311 openat(AT_FDCWD</tmp/kernel-audit2-v3r63b5w/\346\261\202\350\247\243\345\231\250>, "/usr/lib/gconv/gconv-modules.cache", O_RDONLY|O_CLOEXEC) = 3</usr/lib/gconv/gconv-modules.cache>
1426311 openat(AT_FDCWD</tmp/kernel-audit2-v3r63b5w/\346\261\202\350\247\243\345\231\250>, "/usr/lib/locale/C.UTF-8/LC_MEASUREMENT", O_RDONLY|O_CLOEXEC) = -1 ENOENT (No such file or directory)
1426311 openat(AT_FDCWD</tmp/kernel-audit2-v3r63b5w/\346\261\202\350\247\243\345\231\250>, "/usr/lib/locale/C.utf8/LC_MEASUREMENT", O_RDONLY|O_CLOEXEC) = 3</usr/lib/locale/C.utf8/LC_MEASUREMENT>
1426311 openat(AT_FDCWD</tmp/kernel-audit2-v3r63b5w/\346\261\202\350\247\243\345\231\250>, "/usr/lib/locale/C.UTF-8/LC_TELEPHONE", O_RDONLY|O_CLOEXEC) = -1 ENOENT (No such file or directory)
1426311 openat(AT_FDCWD</tmp/kernel-audit2-v3r63b5w/\346\261\202\350\247\243\345\231\250>, "/usr/lib/locale/C.utf8/LC_TELEPHONE", O_RDONLY|O_CLOEXEC) = 3</usr/lib/locale/C.utf8/LC_TELEPHONE>
1426311 openat(AT_FDCWD</tmp/kernel-audit2-v3r63b5w/\346\261\202\350\247\243\345\231\250>, "/usr/lib/locale/C.UTF-8/LC_ADDRESS", O_RDONLY|O_CLOEXEC) = -1 ENOENT (No such file or directory)
1426311 openat(AT_FDCWD</tmp/kernel-audit2-v3r63b5w/\346\261\202\350\247\243\345\231\250>, "/usr/lib/locale/C.utf8/LC_ADDRESS", O_RDONLY|O_CLOEXEC) = 3</usr/lib/locale/C.utf8/LC_ADDRESS>
1426311 openat(AT_FDCWD</tmp/kernel-audit2-v3r63b5w/\346\261\202\350\247\243\345\231\250>, "/usr/lib/locale/C.UTF-8/LC_NAME", O_RDONLY|O_CLOEXEC) = -1 ENOENT (No such file or directory)
1426311 openat(AT_FDCWD</tmp/kernel-audit2-v3r63b5w/\346\261\202\350\247\243\345\231\250>, "/usr/lib/locale/C.utf8/LC_NAME", O_RDONLY|O_CLOEXEC) = 3</usr/lib/locale/C.utf8/LC_NAME>
1426311 openat(AT_FDCWD</tmp/kernel-audit2-v3r63b5w/\346\261\202\350\247\243\345\231\250>, "/usr/lib/locale/C.UTF-8/LC_PAPER", O_RDONLY|O_CLOEXEC) = -1 ENOENT (No such file or directory)
1426311 openat(AT_FDCWD</tmp/kernel-audit2-v3r63b5w/\346\261\202\350\247\243\345\231\250>, "/usr/lib/locale/C.utf8/LC_PAPER", O_RDONLY|O_CLOEXEC) = 3</usr/lib/locale/C.utf8/LC_PAPER>
1426311 openat(AT_FDCWD</tmp/kernel-audit2-v3r63b5w/\346\261\202\350\247\243\345\231\250>, "/usr/lib/locale/C.UTF-8/LC_MESSAGES", O_RDONLY|O_CLOEXEC) = -1 ENOENT (No such file or directory)
1426311 openat(AT_FDCWD</tmp/kernel-audit2-v3r63b5w/\346\261\202\350\247\243\345\231\250>, "/usr/lib/locale/C.utf8/LC_MESSAGES", O_RDONLY|O_CLOEXEC) = 3</usr/lib/locale/C.utf8/LC_MESSAGES>
1426311 openat(AT_FDCWD</tmp/kernel-audit2-v3r63b5w/\346\261\202\350\247\243\345\231\250>, "/usr/lib/locale/C.utf8/LC_MESSAGES/SYS_LC_MESSAGES", O_RDONLY|O_CLOEXEC) = 3</usr/lib/locale/C.utf8/LC_MESSAGES/SYS_LC_MESSAGES>
1426311 openat(AT_FDCWD</tmp/kernel-audit2-v3r63b5w/\346\261\202\350\247\243\345\231\250>, "/usr/lib/locale/C.UTF-8/LC_MONETARY", O_RDONLY|O_CLOEXEC) = -1 ENOENT (No such file or directory)
1426311 openat(AT_FDCWD</tmp/kernel-audit2-v3r63b5w/\346\261\202\350\247\243\345\231\250>, "/usr/lib/locale/C.utf8/LC_MONETARY", O_RDONLY|O_CLOEXEC) = 3</usr/lib/locale/C.utf8/LC_MONETARY>
1426311 openat(AT_FDCWD</tmp/kernel-audit2-v3r63b5w/\346\261\202\350\247\243\345\231\250>, "/usr/lib/locale/C.UTF-8/LC_COLLATE", O_RDONLY|O_CLOEXEC) = -1 ENOENT (No such file or directory)
1426311 openat(AT_FDCWD</tmp/kernel-audit2-v3r63b5w/\346\261\202\350\247\243\345\231\250>, "/usr/lib/locale/C.utf8/LC_COLLATE", O_RDONLY|O_CLOEXEC) = 3</usr/lib/locale/C.utf8/LC_COLLATE>
1426311 openat(AT_FDCWD</tmp/kernel-audit2-v3r63b5w/\346\261\202\350\247\243\345\231\250>, "/usr/lib/locale/C.UTF-8/LC_TIME", O_RDONLY|O_CLOEXEC) = -1 ENOENT (No such file or directory)
1426311 openat(AT_FDCWD</tmp/kernel-audit2-v3r63b5w/\346\261\202\350\247\243\345\231\250>, "/usr/lib/locale/C.utf8/LC_TIME", O_RDONLY|O_CLOEXEC) = 3</usr/lib/locale/C.utf8/LC_TIME>
1426311 openat(AT_FDCWD</tmp/kernel-audit2-v3r63b5w/\346\261\202\350\247\243\345\231\250>, "/usr/lib/locale/C.UTF-8/LC_NUMERIC", O_RDONLY|O_CLOEXEC) = -1 ENOENT (No such file or directory)
1426311 openat(AT_FDCWD</tmp/kernel-audit2-v3r63b5w/\346\261\202\350\247\243\345\231\250>, "/usr/lib/locale/C.utf8/LC_NUMERIC", O_RDONLY|O_CLOEXEC) = 3</usr/lib/locale/C.utf8/LC_NUMERIC>
1426311 openat(AT_FDCWD</tmp/kernel-audit2-v3r63b5w/\346\261\202\350\247\243\345\231\250>, "/usr/lib/locale/C.UTF-8/LC_CTYPE", O_RDONLY|O_CLOEXEC) = -1 ENOENT (No such file or directory)
1426311 openat(AT_FDCWD</tmp/kernel-audit2-v3r63b5w/\346\261\202\350\247\243\345\231\250>, "/usr/lib/locale/C.utf8/LC_CTYPE", O_RDONLY|O_CLOEXEC) = 3</usr/lib/locale/C.utf8/LC_CTYPE>
1426311 openat(AT_FDCWD</tmp/kernel-audit2-v3r63b5w/\346\261\202\350\247\243\345\231\250>, "/tmp/kernel-audit2-v3r63b5w/\346\261\202\350\247\243\345\231\250/crates/kernel/src/event_identity.rs", O_RDONLY) = 3</tmp/kernel-audit2-v3r63b5w/\346\261\202\350\247\243\345\231\250/crates/kernel/src/event_identity.rs>
1426283 --- SIGCHLD {si_signo=SIGCHLD, si_code=CLD_EXITED, si_pid=1426311, si_uid=1000, si_status=0, si_utime=0, si_stime=0} ---
1426283 openat(AT_FDCWD</tmp/kernel-audit2-v3r63b5w/\346\261\202\350\247\243\345\231\250>, "/dev/null", O_RDONLY|O_CLOEXEC) = 3</dev/null<char 1:3>>
1426312 execve("/home/zhuran24/.codex/tmp/arg0/codex-arg0DuAZRy/sha256sum", ["sha256sum", "--", "/tmp/kernel-audit2-v3r63b5w/\346\261\202\350\247\243\345\231\250/crates/kernel/src/warehouse.rs"], 0x7ffdc1bb9fc8 /* 135 vars */) = -1 ENOENT (No such file or directory)
1426312 execve("/home/zhuran24/.cargo/bin/sha256sum", ["sha256sum", "--", "/tmp/kernel-audit2-v3r63b5w/\346\261\202\350\247\243\345\231\250/crates/kernel/src/warehouse.rs"], 0x7ffdc1bb9fc8 /* 135 vars */) = -1 ENOENT (No such file or directory)
1426312 execve("/home/zhuran24/.local/bin/sha256sum", ["sha256sum", "--", "/tmp/kernel-audit2-v3r63b5w/\346\261\202\350\247\243\345\231\250/crates/kernel/src/warehouse.rs"], 0x7ffdc1bb9fc8 /* 135 vars */) = -1 ENOENT (No such file or directory)
1426312 execve("/home/zhuran24/.opencode/bin/sha256sum", ["sha256sum", "--", "/tmp/kernel-audit2-v3r63b5w/\346\261\202\350\247\243\345\231\250/crates/kernel/src/warehouse.rs"], 0x7ffdc1bb9fc8 /* 135 vars */) = -1 ENOENT (No such file or directory)
1426312 execve("/usr/local/bin/sha256sum", ["sha256sum", "--", "/tmp/kernel-audit2-v3r63b5w/\346\261\202\350\247\243\345\231\250/crates/kernel/src/warehouse.rs"], 0x7ffdc1bb9fc8 /* 135 vars */) = -1 ENOENT (No such file or directory)
1426312 execve("/usr/bin/sha256sum", ["sha256sum", "--", "/tmp/kernel-audit2-v3r63b5w/\346\261\202\350\247\243\345\231\250/crates/kernel/src/warehouse.rs"], 0x7ffdc1bb9fc8 /* 135 vars */) = 0
1426312 openat(AT_FDCWD</tmp/kernel-audit2-v3r63b5w/\346\261\202\350\247\243\345\231\250>, "/etc/ld.so.cache", O_RDONLY|O_CLOEXEC) = 3</etc/ld.so.cache>
1426312 openat(AT_FDCWD</tmp/kernel-audit2-v3r63b5w/\346\261\202\350\247\243\345\231\250>, "/usr/lib/libcrypto.so.3", O_RDONLY|O_CLOEXEC) = 3</usr/lib/libcrypto.so.3>
1426312 openat(AT_FDCWD</tmp/kernel-audit2-v3r63b5w/\346\261\202\350\247\243\345\231\250>, "/usr/lib/libc.so.6", O_RDONLY|O_CLOEXEC) = 3</usr/lib/libc.so.6>
1426312 openat(AT_FDCWD</tmp/kernel-audit2-v3r63b5w/\346\261\202\350\247\243\345\231\250>, "/usr/lib/libz.so.1", O_RDONLY|O_CLOEXEC) = 3</usr/lib/libz.so.1.3.1.zlib-ng>
1426312 openat(AT_FDCWD</tmp/kernel-audit2-v3r63b5w/\346\261\202\350\247\243\345\231\250>, "/usr/lib/libbrotlienc.so.1", O_RDONLY|O_CLOEXEC) = 3</usr/lib/libbrotlienc.so.1.2.0>
1426312 openat(AT_FDCWD</tmp/kernel-audit2-v3r63b5w/\346\261\202\350\247\243\345\231\250>, "/usr/lib/libbrotlidec.so.1", O_RDONLY|O_CLOEXEC) = 3</usr/lib/libbrotlidec.so.1.2.0>
1426312 openat(AT_FDCWD</tmp/kernel-audit2-v3r63b5w/\346\261\202\350\247\243\345\231\250>, "/usr/lib/libzstd.so.1", O_RDONLY|O_CLOEXEC) = 3</usr/lib/libzstd.so.1.5.7>
1426312 openat(AT_FDCWD</tmp/kernel-audit2-v3r63b5w/\346\261\202\350\247\243\345\231\250>, "/usr/lib/libm.so.6", O_RDONLY|O_CLOEXEC) = 3</usr/lib/libm.so.6>
1426312 openat(AT_FDCWD</tmp/kernel-audit2-v3r63b5w/\346\261\202\350\247\243\345\231\250>, "/usr/lib/libbrotlicommon.so.1", O_RDONLY|O_CLOEXEC) = 3</usr/lib/libbrotlicommon.so.1.2.0>
1426312 openat(AT_FDCWD</tmp/kernel-audit2-v3r63b5w/\346\261\202\350\247\243\345\231\250>, "/usr/lib/locale/locale-archive", O_RDONLY|O_CLOEXEC) = 3</usr/lib/locale/locale-archive>
1426312 openat(AT_FDCWD</tmp/kernel-audit2-v3r63b5w/\346\261\202\350\247\243\345\231\250>, "/usr/share/locale/locale.alias", O_RDONLY|O_CLOEXEC) = 3</usr/share/locale/locale.alias>
1426312 openat(AT_FDCWD</tmp/kernel-audit2-v3r63b5w/\346\261\202\350\247\243\345\231\250>, "/usr/lib/locale/C.UTF-8/LC_IDENTIFICATION", O_RDONLY|O_CLOEXEC) = -1 ENOENT (No such file or directory)
1426312 openat(AT_FDCWD</tmp/kernel-audit2-v3r63b5w/\346\261\202\350\247\243\345\231\250>, "/usr/lib/locale/C.utf8/LC_IDENTIFICATION", O_RDONLY|O_CLOEXEC) = 3</usr/lib/locale/C.utf8/LC_IDENTIFICATION>
1426312 openat(AT_FDCWD</tmp/kernel-audit2-v3r63b5w/\346\261\202\350\247\243\345\231\250>, "/usr/lib/gconv/gconv-modules.cache", O_RDONLY|O_CLOEXEC) = 3</usr/lib/gconv/gconv-modules.cache>
1426312 openat(AT_FDCWD</tmp/kernel-audit2-v3r63b5w/\346\261\202\350\247\243\345\231\250>, "/usr/lib/locale/C.UTF-8/LC_MEASUREMENT", O_RDONLY|O_CLOEXEC) = -1 ENOENT (No such file or directory)
1426312 openat(AT_FDCWD</tmp/kernel-audit2-v3r63b5w/\346\261\202\350\247\243\345\231\250>, "/usr/lib/locale/C.utf8/LC_MEASUREMENT", O_RDONLY|O_CLOEXEC) = 3</usr/lib/locale/C.utf8/LC_MEASUREMENT>
1426312 openat(AT_FDCWD</tmp/kernel-audit2-v3r63b5w/\346\261\202\350\247\243\345\231\250>, "/usr/lib/locale/C.UTF-8/LC_TELEPHONE", O_RDONLY|O_CLOEXEC) = -1 ENOENT (No such file or directory)
1426312 openat(AT_FDCWD</tmp/kernel-audit2-v3r63b5w/\346\261\202\350\247\243\345\231\250>, "/usr/lib/locale/C.utf8/LC_TELEPHONE", O_RDONLY|O_CLOEXEC) = 3</usr/lib/locale/C.utf8/LC_TELEPHONE>
1426312 openat(AT_FDCWD</tmp/kernel-audit2-v3r63b5w/\346\261\202\350\247\243\345\231\250>, "/usr/lib/locale/C.UTF-8/LC_ADDRESS", O_RDONLY|O_CLOEXEC) = -1 ENOENT (No such file or directory)
1426312 openat(AT_FDCWD</tmp/kernel-audit2-v3r63b5w/\346\261\202\350\247\243\345\231\250>, "/usr/lib/locale/C.utf8/LC_ADDRESS", O_RDONLY|O_CLOEXEC) = 3</usr/lib/locale/C.utf8/LC_ADDRESS>
1426312 openat(AT_FDCWD</tmp/kernel-audit2-v3r63b5w/\346\261\202\350\247\243\345\231\250>, "/usr/lib/locale/C.UTF-8/LC_NAME", O_RDONLY|O_CLOEXEC) = -1 ENOENT (No such file or directory)
1426312 openat(AT_FDCWD</tmp/kernel-audit2-v3r63b5w/\346\261\202\350\247\243\345\231\250>, "/usr/lib/locale/C.utf8/LC_NAME", O_RDONLY|O_CLOEXEC) = 3</usr/lib/locale/C.utf8/LC_NAME>
1426312 openat(AT_FDCWD</tmp/kernel-audit2-v3r63b5w/\346\261\202\350\247\243\345\231\250>, "/usr/lib/locale/C.UTF-8/LC_PAPER", O_RDONLY|O_CLOEXEC) = -1 ENOENT (No such file or directory)
1426312 openat(AT_FDCWD</tmp/kernel-audit2-v3r63b5w/\346\261\202\350\247\243\345\231\250>, "/usr/lib/locale/C.utf8/LC_PAPER", O_RDONLY|O_CLOEXEC) = 3</usr/lib/locale/C.utf8/LC_PAPER>
1426312 openat(AT_FDCWD</tmp/kernel-audit2-v3r63b5w/\346\261\202\350\247\243\345\231\250>, "/usr/lib/locale/C.UTF-8/LC_MESSAGES", O_RDONLY|O_CLOEXEC) = -1 ENOENT (No such file or directory)
1426312 openat(AT_FDCWD</tmp/kernel-audit2-v3r63b5w/\346\261\202\350\247\243\345\231\250>, "/usr/lib/locale/C.utf8/LC_MESSAGES", O_RDONLY|O_CLOEXEC) = 3</usr/lib/locale/C.utf8/LC_MESSAGES>
1426312 openat(AT_FDCWD</tmp/kernel-audit2-v3r63b5w/\346\261\202\350\247\243\345\231\250>, "/usr/lib/locale/C.utf8/LC_MESSAGES/SYS_LC_MESSAGES", O_RDONLY|O_CLOEXEC) = 3</usr/lib/locale/C.utf8/LC_MESSAGES/SYS_LC_MESSAGES>
1426312 openat(AT_FDCWD</tmp/kernel-audit2-v3r63b5w/\346\261\202\350\247\243\345\231\250>, "/usr/lib/locale/C.UTF-8/LC_MONETARY", O_RDONLY|O_CLOEXEC) = -1 ENOENT (No such file or directory)
1426312 openat(AT_FDCWD</tmp/kernel-audit2-v3r63b5w/\346\261\202\350\247\243\345\231\250>, "/usr/lib/locale/C.utf8/LC_MONETARY", O_RDONLY|O_CLOEXEC) = 3</usr/lib/locale/C.utf8/LC_MONETARY>
1426312 openat(AT_FDCWD</tmp/kernel-audit2-v3r63b5w/\346\261\202\350\247\243\345\231\250>, "/usr/lib/locale/C.UTF-8/LC_COLLATE", O_RDONLY|O_CLOEXEC) = -1 ENOENT (No such file or directory)
1426312 openat(AT_FDCWD</tmp/kernel-audit2-v3r63b5w/\346\261\202\350\247\243\345\231\250>, "/usr/lib/locale/C.utf8/LC_COLLATE", O_RDONLY|O_CLOEXEC) = 3</usr/lib/locale/C.utf8/LC_COLLATE>
1426312 openat(AT_FDCWD</tmp/kernel-audit2-v3r63b5w/\346\261\202\350\247\243\345\231\250>, "/usr/lib/locale/C.UTF-8/LC_TIME", O_RDONLY|O_CLOEXEC) = -1 ENOENT (No such file or directory)
1426312 openat(AT_FDCWD</tmp/kernel-audit2-v3r63b5w/\346\261\202\350\247\243\345\231\250>, "/usr/lib/locale/C.utf8/LC_TIME", O_RDONLY|O_CLOEXEC) = 3</usr/lib/locale/C.utf8/LC_TIME>
1426312 openat(AT_FDCWD</tmp/kernel-audit2-v3r63b5w/\346\261\202\350\247\243\345\231\250>, "/usr/lib/locale/C.UTF-8/LC_NUMERIC", O_RDONLY|O_CLOEXEC) = -1 ENOENT (No such file or directory)
1426312 openat(AT_FDCWD</tmp/kernel-audit2-v3r63b5w/\346\261\202\350\247\243\345\231\250>, "/usr/lib/locale/C.utf8/LC_NUMERIC", O_RDONLY|O_CLOEXEC) = 3</usr/lib/locale/C.utf8/LC_NUMERIC>
1426312 openat(AT_FDCWD</tmp/kernel-audit2-v3r63b5w/\346\261\202\350\247\243\345\231\250>, "/usr/lib/locale/C.UTF-8/LC_CTYPE", O_RDONLY|O_CLOEXEC) = -1 ENOENT (No such file or directory)
1426312 openat(AT_FDCWD</tmp/kernel-audit2-v3r63b5w/\346\261\202\350\247\243\345\231\250>, "/usr/lib/locale/C.utf8/LC_CTYPE", O_RDONLY|O_CLOEXEC) = 3</usr/lib/locale/C.utf8/LC_CTYPE>
1426312 openat(AT_FDCWD</tmp/kernel-audit2-v3r63b5w/\346\261\202\350\247\243\345\231\250>, "/tmp/kernel-audit2-v3r63b5w/\346\261\202\350\247\243\345\231\250/crates/kernel/src/warehouse.rs", O_RDONLY) = 3</tmp/kernel-audit2-v3r63b5w/\346\261\202\350\247\243\345\231\250/crates/kernel/src/warehouse.rs>
1426283 --- SIGCHLD {si_signo=SIGCHLD, si_code=CLD_EXITED, si_pid=1426312, si_uid=1000, si_status=0, si_utime=0, si_stime=0} ---
1426283 openat(AT_FDCWD</tmp/kernel-audit2-v3r63b5w/\346\261\202\350\247\243\345\231\250>, "/dev/null", O_RDONLY|O_CLOEXEC) = 3</dev/null<char 1:3>>
1426313 execve("/home/zhuran24/.codex/tmp/arg0/codex-arg0DuAZRy/sha256sum", ["sha256sum", "--", "/tmp/kernel-audit2-v3r63b5w/\346\261\202\350\247\243\345\231\250/crates/kernel/src/polling.rs"], 0x7ffdc1bb9fc8 /* 135 vars */) = -1 ENOENT (No such file or directory)
1426313 execve("/home/zhuran24/.cargo/bin/sha256sum", ["sha256sum", "--", "/tmp/kernel-audit2-v3r63b5w/\346\261\202\350\247\243\345\231\250/crates/kernel/src/polling.rs"], 0x7ffdc1bb9fc8 /* 135 vars */) = -1 ENOENT (No such file or directory)
1426313 execve("/home/zhuran24/.local/bin/sha256sum", ["sha256sum", "--", "/tmp/kernel-audit2-v3r63b5w/\346\261\202\350\247\243\345\231\250/crates/kernel/src/polling.rs"], 0x7ffdc1bb9fc8 /* 135 vars */) = -1 ENOENT (No such file or directory)
1426313 execve("/home/zhuran24/.opencode/bin/sha256sum", ["sha256sum", "--", "/tmp/kernel-audit2-v3r63b5w/\346\261\202\350\247\243\345\231\250/crates/kernel/src/polling.rs"], 0x7ffdc1bb9fc8 /* 135 vars */) = -1 ENOENT (No such file or directory)
1426313 execve("/usr/local/bin/sha256sum", ["sha256sum", "--", "/tmp/kernel-audit2-v3r63b5w/\346\261\202\350\247\243\345\231\250/crates/kernel/src/polling.rs"], 0x7ffdc1bb9fc8 /* 135 vars */) = -1 ENOENT (No such file or directory)
1426313 execve("/usr/bin/sha256sum", ["sha256sum", "--", "/tmp/kernel-audit2-v3r63b5w/\346\261\202\350\247\243\345\231\250/crates/kernel/src/polling.rs"], 0x7ffdc1bb9fc8 /* 135 vars */) = 0
1426313 openat(AT_FDCWD</tmp/kernel-audit2-v3r63b5w/\346\261\202\350\247\243\345\231\250>, "/etc/ld.so.cache", O_RDONLY|O_CLOEXEC) = 3</etc/ld.so.cache>
1426313 openat(AT_FDCWD</tmp/kernel-audit2-v3r63b5w/\346\261\202\350\247\243\345\231\250>, "/usr/lib/libcrypto.so.3", O_RDONLY|O_CLOEXEC) = 3</usr/lib/libcrypto.so.3>
1426313 openat(AT_FDCWD</tmp/kernel-audit2-v3r63b5w/\346\261\202\350\247\243\345\231\250>, "/usr/lib/libc.so.6", O_RDONLY|O_CLOEXEC) = 3</usr/lib/libc.so.6>
1426313 openat(AT_FDCWD</tmp/kernel-audit2-v3r63b5w/\346\261\202\350\247\243\345\231\250>, "/usr/lib/libz.so.1", O_RDONLY|O_CLOEXEC) = 3</usr/lib/libz.so.1.3.1.zlib-ng>
1426313 openat(AT_FDCWD</tmp/kernel-audit2-v3r63b5w/\346\261\202\350\247\243\345\231\250>, "/usr/lib/libbrotlienc.so.1", O_RDONLY|O_CLOEXEC) = 3</usr/lib/libbrotlienc.so.1.2.0>
1426313 openat(AT_FDCWD</tmp/kernel-audit2-v3r63b5w/\346\261\202\350\247\243\345\231\250>, "/usr/lib/libbrotlidec.so.1", O_RDONLY|O_CLOEXEC) = 3</usr/lib/libbrotlidec.so.1.2.0>
1426313 openat(AT_FDCWD</tmp/kernel-audit2-v3r63b5w/\346\261\202\350\247\243\345\231\250>, "/usr/lib/libzstd.so.1", O_RDONLY|O_CLOEXEC) = 3</usr/lib/libzstd.so.1.5.7>
1426313 openat(AT_FDCWD</tmp/kernel-audit2-v3r63b5w/\346\261\202\350\247\243\345\231\250>, "/usr/lib/libm.so.6", O_RDONLY|O_CLOEXEC) = 3</usr/lib/libm.so.6>
1426313 openat(AT_FDCWD</tmp/kernel-audit2-v3r63b5w/\346\261\202\350\247\243\345\231\250>, "/usr/lib/libbrotlicommon.so.1", O_RDONLY|O_CLOEXEC) = 3</usr/lib/libbrotlicommon.so.1.2.0>
1426313 openat(AT_FDCWD</tmp/kernel-audit2-v3r63b5w/\346\261\202\350\247\243\345\231\250>, "/usr/lib/locale/locale-archive", O_RDONLY|O_CLOEXEC) = 3</usr/lib/locale/locale-archive>
1426313 openat(AT_FDCWD</tmp/kernel-audit2-v3r63b5w/\346\261\202\350\247\243\345\231\250>, "/usr/share/locale/locale.alias", O_RDONLY|O_CLOEXEC) = 3</usr/share/locale/locale.alias>
1426313 openat(AT_FDCWD</tmp/kernel-audit2-v3r63b5w/\346\261\202\350\247\243\345\231\250>, "/usr/lib/locale/C.UTF-8/LC_IDENTIFICATION", O_RDONLY|O_CLOEXEC) = -1 ENOENT (No such file or directory)
1426313 openat(AT_FDCWD</tmp/kernel-audit2-v3r63b5w/\346\261\202\350\247\243\345\231\250>, "/usr/lib/locale/C.utf8/LC_IDENTIFICATION", O_RDONLY|O_CLOEXEC) = 3</usr/lib/locale/C.utf8/LC_IDENTIFICATION>
1426313 openat(AT_FDCWD</tmp/kernel-audit2-v3r63b5w/\346\261\202\350\247\243\345\231\250>, "/usr/lib/gconv/gconv-modules.cache", O_RDONLY|O_CLOEXEC) = 3</usr/lib/gconv/gconv-modules.cache>
1426313 openat(AT_FDCWD</tmp/kernel-audit2-v3r63b5w/\346\261\202\350\247\243\345\231\250>, "/usr/lib/locale/C.UTF-8/LC_MEASUREMENT", O_RDONLY|O_CLOEXEC) = -1 ENOENT (No such file or directory)
1426313 openat(AT_FDCWD</tmp/kernel-audit2-v3r63b5w/\346\261\202\350\247\243\345\231\250>, "/usr/lib/locale/C.utf8/LC_MEASUREMENT", O_RDONLY|O_CLOEXEC) = 3</usr/lib/locale/C.utf8/LC_MEASUREMENT>
1426313 openat(AT_FDCWD</tmp/kernel-audit2-v3r63b5w/\346\261\202\350\247\243\345\231\250>, "/usr/lib/locale/C.UTF-8/LC_TELEPHONE", O_RDONLY|O_CLOEXEC) = -1 ENOENT (No such file or directory)
1426313 openat(AT_FDCWD</tmp/kernel-audit2-v3r63b5w/\346\261\202\350\247\243\345\231\250>, "/usr/lib/locale/C.utf8/LC_TELEPHONE", O_RDONLY|O_CLOEXEC) = 3</usr/lib/locale/C.utf8/LC_TELEPHONE>
1426313 openat(AT_FDCWD</tmp/kernel-audit2-v3r63b5w/\346\261\202\350\247\243\345\231\250>, "/usr/lib/locale/C.UTF-8/LC_ADDRESS", O_RDONLY|O_CLOEXEC) = -1 ENOENT (No such file or directory)
1426313 openat(AT_FDCWD</tmp/kernel-audit2-v3r63b5w/\346\261\202\350\247\243\345\231\250>, "/usr/lib/locale/C.utf8/LC_ADDRESS", O_RDONLY|O_CLOEXEC) = 3</usr/lib/locale/C.utf8/LC_ADDRESS>
1426313 openat(AT_FDCWD</tmp/kernel-audit2-v3r63b5w/\346\261\202\350\247\243\345\231\250>, "/usr/lib/locale/C.UTF-8/LC_NAME", O_RDONLY|O_CLOEXEC) = -1 ENOENT (No such file or directory)
1426313 openat(AT_FDCWD</tmp/kernel-audit2-v3r63b5w/\346\261\202\350\247\243\345\231\250>, "/usr/lib/locale/C.utf8/LC_NAME", O_RDONLY|O_CLOEXEC) = 3</usr/lib/locale/C.utf8/LC_NAME>
1426313 openat(AT_FDCWD</tmp/kernel-audit2-v3r63b5w/\346\261\202\350\247\243\345\231\250>, "/usr/lib/locale/C.UTF-8/LC_PAPER", O_RDONLY|O_CLOEXEC) = -1 ENOENT (No such file or directory)
1426313 openat(AT_FDCWD</tmp/kernel-audit2-v3r63b5w/\346\261\202\350\247\243\345\231\250>, "/usr/lib/locale/C.utf8/LC_PAPER", O_RDONLY|O_CLOEXEC) = 3</usr/lib/locale/C.utf8/LC_PAPER>
1426313 openat(AT_FDCWD</tmp/kernel-audit2-v3r63b5w/\346\261\202\350\247\243\345\231\250>, "/usr/lib/locale/C.UTF-8/LC_MESSAGES", O_RDONLY|O_CLOEXEC) = -1 ENOENT (No such file or directory)
1426313 openat(AT_FDCWD</tmp/kernel-audit2-v3r63b5w/\346\261\202\350\247\243\345\231\250>, "/usr/lib/locale/C.utf8/LC_MESSAGES", O_RDONLY|O_CLOEXEC) = 3</usr/lib/locale/C.utf8/LC_MESSAGES>
1426313 openat(AT_FDCWD</tmp/kernel-audit2-v3r63b5w/\346\261\202\350\247\243\345\231\250>, "/usr/lib/locale/C.utf8/LC_MESSAGES/SYS_LC_MESSAGES", O_RDONLY|O_CLOEXEC) = 3</usr/lib/locale/C.utf8/LC_MESSAGES/SYS_LC_MESSAGES>
1426313 openat(AT_FDCWD</tmp/kernel-audit2-v3r63b5w/\346\261\202\350\247\243\345\231\250>, "/usr/lib/locale/C.UTF-8/LC_MONETARY", O_RDONLY|O_CLOEXEC) = -1 ENOENT (No such file or directory)
1426313 openat(AT_FDCWD</tmp/kernel-audit2-v3r63b5w/\346\261\202\350\247\243\345\231\250>, "/usr/lib/locale/C.utf8/LC_MONETARY", O_RDONLY|O_CLOEXEC) = 3</usr/lib/locale/C.utf8/LC_MONETARY>
1426313 openat(AT_FDCWD</tmp/kernel-audit2-v3r63b5w/\346\261\202\350\247\243\345\231\250>, "/usr/lib/locale/C.UTF-8/LC_COLLATE", O_RDONLY|O_CLOEXEC) = -1 ENOENT (No such file or directory)
1426313 openat(AT_FDCWD</tmp/kernel-audit2-v3r63b5w/\346\261\202\350\247\243\345\231\250>, "/usr/lib/locale/C.utf8/LC_COLLATE", O_RDONLY|O_CLOEXEC) = 3</usr/lib/locale/C.utf8/LC_COLLATE>
1426313 openat(AT_FDCWD</tmp/kernel-audit2-v3r63b5w/\346\261\202\350\247\243\345\231\250>, "/usr/lib/locale/C.UTF-8/LC_TIME", O_RDONLY|O_CLOEXEC) = -1 ENOENT (No such file or directory)
1426313 openat(AT_FDCWD</tmp/kernel-audit2-v3r63b5w/\346\261\202\350\247\243\345\231\250>, "/usr/lib/locale/C.utf8/LC_TIME", O_RDONLY|O_CLOEXEC) = 3</usr/lib/locale/C.utf8/LC_TIME>
1426313 openat(AT_FDCWD</tmp/kernel-audit2-v3r63b5w/\346\261\202\350\247\243\345\231\250>, "/usr/lib/locale/C.UTF-8/LC_NUMERIC", O_RDONLY|O_CLOEXEC) = -1 ENOENT (No such file or directory)
1426313 openat(AT_FDCWD</tmp/kernel-audit2-v3r63b5w/\346\261\202\350\247\243\345\231\250>, "/usr/lib/locale/C.utf8/LC_NUMERIC", O_RDONLY|O_CLOEXEC) = 3</usr/lib/locale/C.utf8/LC_NUMERIC>
1426313 openat(AT_FDCWD</tmp/kernel-audit2-v3r63b5w/\346\261\202\350\247\243\345\231\250>, "/usr/lib/locale/C.UTF-8/LC_CTYPE", O_RDONLY|O_CLOEXEC) = -1 ENOENT (No such file or directory)
1426313 openat(AT_FDCWD</tmp/kernel-audit2-v3r63b5w/\346\261\202\350\247\243\345\231\250>, "/usr/lib/locale/C.utf8/LC_CTYPE", O_RDONLY|O_CLOEXEC) = 3</usr/lib/locale/C.utf8/LC_CTYPE>
1426313 openat(AT_FDCWD</tmp/kernel-audit2-v3r63b5w/\346\261\202\350\247\243\345\231\250>, "/tmp/kernel-audit2-v3r63b5w/\346\261\202\350\247\243\345\231\250/crates/kernel/src/polling.rs", O_RDONLY) = 3</tmp/kernel-audit2-v3r63b5w/\346\261\202\350\247\243\345\231\250/crates/kernel/src/polling.rs>
1426283 --- SIGCHLD {si_signo=SIGCHLD, si_code=CLD_EXITED, si_pid=1426313, si_uid=1000, si_status=0, si_utime=0, si_stime=0} ---
1426283 openat(AT_FDCWD</tmp/kernel-audit2-v3r63b5w/\346\261\202\350\247\243\345\231\250>, "/dev/null", O_RDONLY|O_CLOEXEC) = 3</dev/null<char 1:3>>
1426314 execve("/home/zhuran24/.codex/tmp/arg0/codex-arg0DuAZRy/sha256sum", ["sha256sum", "--", "/tmp/kernel-audit2-v3r63b5w/\346\261\202\350\247\243\345\231\250/crates/kernel/src/transition.rs"], 0x7ffdc1bb9fc8 /* 135 vars */) = -1 ENOENT (No such file or directory)
1426314 execve("/home/zhuran24/.cargo/bin/sha256sum", ["sha256sum", "--", "/tmp/kernel-audit2-v3r63b5w/\346\261\202\350\247\243\345\231\250/crates/kernel/src/transition.rs"], 0x7ffdc1bb9fc8 /* 135 vars */) = -1 ENOENT (No such file or directory)
1426314 execve("/home/zhuran24/.local/bin/sha256sum", ["sha256sum", "--", "/tmp/kernel-audit2-v3r63b5w/\346\261\202\350\247\243\345\231\250/crates/kernel/src/transition.rs"], 0x7ffdc1bb9fc8 /* 135 vars */) = -1 ENOENT (No such file or directory)
1426314 execve("/home/zhuran24/.opencode/bin/sha256sum", ["sha256sum", "--", "/tmp/kernel-audit2-v3r63b5w/\346\261\202\350\247\243\345\231\250/crates/kernel/src/transition.rs"], 0x7ffdc1bb9fc8 /* 135 vars */) = -1 ENOENT (No such file or directory)
1426314 execve("/usr/local/bin/sha256sum", ["sha256sum", "--", "/tmp/kernel-audit2-v3r63b5w/\346\261\202\350\247\243\345\231\250/crates/kernel/src/transition.rs"], 0x7ffdc1bb9fc8 /* 135 vars */) = -1 ENOENT (No such file or directory)
1426314 execve("/usr/bin/sha256sum", ["sha256sum", "--", "/tmp/kernel-audit2-v3r63b5w/\346\261\202\350\247\243\345\231\250/crates/kernel/src/transition.rs"], 0x7ffdc1bb9fc8 /* 135 vars */) = 0
1426314 openat(AT_FDCWD</tmp/kernel-audit2-v3r63b5w/\346\261\202\350\247\243\345\231\250>, "/etc/ld.so.cache", O_RDONLY|O_CLOEXEC) = 3</etc/ld.so.cache>
1426314 openat(AT_FDCWD</tmp/kernel-audit2-v3r63b5w/\346\261\202\350\247\243\345\231\250>, "/usr/lib/libcrypto.so.3", O_RDONLY|O_CLOEXEC) = 3</usr/lib/libcrypto.so.3>
1426314 openat(AT_FDCWD</tmp/kernel-audit2-v3r63b5w/\346\261\202\350\247\243\345\231\250>, "/usr/lib/libc.so.6", O_RDONLY|O_CLOEXEC) = 3</usr/lib/libc.so.6>
1426314 openat(AT_FDCWD</tmp/kernel-audit2-v3r63b5w/\346\261\202\350\247\243\345\231\250>, "/usr/lib/libz.so.1", O_RDONLY|O_CLOEXEC) = 3</usr/lib/libz.so.1.3.1.zlib-ng>
1426314 openat(AT_FDCWD</tmp/kernel-audit2-v3r63b5w/\346\261\202\350\247\243\345\231\250>, "/usr/lib/libbrotlienc.so.1", O_RDONLY|O_CLOEXEC) = 3</usr/lib/libbrotlienc.so.1.2.0>
1426314 openat(AT_FDCWD</tmp/kernel-audit2-v3r63b5w/\346\261\202\350\247\243\345\231\250>, "/usr/lib/libbrotlidec.so.1", O_RDONLY|O_CLOEXEC) = 3</usr/lib/libbrotlidec.so.1.2.0>
1426314 openat(AT_FDCWD</tmp/kernel-audit2-v3r63b5w/\346\261\202\350\247\243\345\231\250>, "/usr/lib/libzstd.so.1", O_RDONLY|O_CLOEXEC) = 3</usr/lib/libzstd.so.1.5.7>
1426314 openat(AT_FDCWD</tmp/kernel-audit2-v3r63b5w/\346\261\202\350\247\243\345\231\250>, "/usr/lib/libm.so.6", O_RDONLY|O_CLOEXEC) = 3</usr/lib/libm.so.6>
1426314 openat(AT_FDCWD</tmp/kernel-audit2-v3r63b5w/\346\261\202\350\247\243\345\231\250>, "/usr/lib/libbrotlicommon.so.1", O_RDONLY|O_CLOEXEC) = 3</usr/lib/libbrotlicommon.so.1.2.0>
1426314 openat(AT_FDCWD</tmp/kernel-audit2-v3r63b5w/\346\261\202\350\247\243\345\231\250>, "/usr/lib/locale/locale-archive", O_RDONLY|O_CLOEXEC) = 3</usr/lib/locale/locale-archive>
1426314 openat(AT_FDCWD</tmp/kernel-audit2-v3r63b5w/\346\261\202\350\247\243\345\231\250>, "/usr/share/locale/locale.alias", O_RDONLY|O_CLOEXEC) = 3</usr/share/locale/locale.alias>
1426314 openat(AT_FDCWD</tmp/kernel-audit2-v3r63b5w/\346\261\202\350\247\243\345\231\250>, "/usr/lib/locale/C.UTF-8/LC_IDENTIFICATION", O_RDONLY|O_CLOEXEC) = -1 ENOENT (No such file or directory)
1426314 openat(AT_FDCWD</tmp/kernel-audit2-v3r63b5w/\346\261\202\350\247\243\345\231\250>, "/usr/lib/locale/C.utf8/LC_IDENTIFICATION", O_RDONLY|O_CLOEXEC) = 3</usr/lib/locale/C.utf8/LC_IDENTIFICATION>
1426314 openat(AT_FDCWD</tmp/kernel-audit2-v3r63b5w/\346\261\202\350\247\243\345\231\250>, "/usr/lib/gconv/gconv-modules.cache", O_RDONLY|O_CLOEXEC) = 3</usr/lib/gconv/gconv-modules.cache>
1426314 openat(AT_FDCWD</tmp/kernel-audit2-v3r63b5w/\346\261\202\350\247\243\345\231\250>, "/usr/lib/locale/C.UTF-8/LC_MEASUREMENT", O_RDONLY|O_CLOEXEC) = -1 ENOENT (No such file or directory)
1426314 openat(AT_FDCWD</tmp/kernel-audit2-v3r63b5w/\346\261\202\350\247\243\345\231\250>, "/usr/lib/locale/C.utf8/LC_MEASUREMENT", O_RDONLY|O_CLOEXEC) = 3</usr/lib/locale/C.utf8/LC_MEASUREMENT>
1426314 openat(AT_FDCWD</tmp/kernel-audit2-v3r63b5w/\346\261\202\350\247\243\345\231\250>, "/usr/lib/locale/C.UTF-8/LC_TELEPHONE", O_RDONLY|O_CLOEXEC) = -1 ENOENT (No such file or directory)
1426314 openat(AT_FDCWD</tmp/kernel-audit2-v3r63b5w/\346\261\202\350\247\243\345\231\250>, "/usr/lib/locale/C.utf8/LC_TELEPHONE", O_RDONLY|O_CLOEXEC) = 3</usr/lib/locale/C.utf8/LC_TELEPHONE>
1426314 openat(AT_FDCWD</tmp/kernel-audit2-v3r63b5w/\346\261\202\350\247\243\345\231\250>, "/usr/lib/locale/C.UTF-8/LC_ADDRESS", O_RDONLY|O_CLOEXEC) = -1 ENOENT (No such file or directory)
1426314 openat(AT_FDCWD</tmp/kernel-audit2-v3r63b5w/\346\261\202\350\247\243\345\231\250>, "/usr/lib/locale/C.utf8/LC_ADDRESS", O_RDONLY|O_CLOEXEC) = 3</usr/lib/locale/C.utf8/LC_ADDRESS>
1426314 openat(AT_FDCWD</tmp/kernel-audit2-v3r63b5w/\346\261\202\350\247\243\345\231\250>, "/usr/lib/locale/C.UTF-8/LC_NAME", O_RDONLY|O_CLOEXEC) = -1 ENOENT (No such file or directory)
1426314 openat(AT_FDCWD</tmp/kernel-audit2-v3r63b5w/\346\261\202\350\247\243\345\231\250>, "/usr/lib/locale/C.utf8/LC_NAME", O_RDONLY|O_CLOEXEC) = 3</usr/lib/locale/C.utf8/LC_NAME>
1426314 openat(AT_FDCWD</tmp/kernel-audit2-v3r63b5w/\346\261\202\350\247\243\345\231\250>, "/usr/lib/locale/C.UTF-8/LC_PAPER", O_RDONLY|O_CLOEXEC) = -1 ENOENT (No such file or directory)
1426314 openat(AT_FDCWD</tmp/kernel-audit2-v3r63b5w/\346\261\202\350\247\243\345\231\250>, "/usr/lib/locale/C.utf8/LC_PAPER", O_RDONLY|O_CLOEXEC) = 3</usr/lib/locale/C.utf8/LC_PAPER>
1426314 openat(AT_FDCWD</tmp/kernel-audit2-v3r63b5w/\346\261\202\350\247\243\345\231\250>, "/usr/lib/locale/C.UTF-8/LC_MESSAGES", O_RDONLY|O_CLOEXEC) = -1 ENOENT (No such file or directory)
1426314 openat(AT_FDCWD</tmp/kernel-audit2-v3r63b5w/\346\261\202\350\247\243\345\231\250>, "/usr/lib/locale/C.utf8/LC_MESSAGES", O_RDONLY|O_CLOEXEC) = 3</usr/lib/locale/C.utf8/LC_MESSAGES>
1426314 openat(AT_FDCWD</tmp/kernel-audit2-v3r63b5w/\346\261\202\350\247\243\345\231\250>, "/usr/lib/locale/C.utf8/LC_MESSAGES/SYS_LC_MESSAGES", O_RDONLY|O_CLOEXEC) = 3</usr/lib/locale/C.utf8/LC_MESSAGES/SYS_LC_MESSAGES>
1426314 openat(AT_FDCWD</tmp/kernel-audit2-v3r63b5w/\346\261\202\350\247\243\345\231\250>, "/usr/lib/locale/C.UTF-8/LC_MONETARY", O_RDONLY|O_CLOEXEC) = -1 ENOENT (No such file or directory)
1426314 openat(AT_FDCWD</tmp/kernel-audit2-v3r63b5w/\346\261\202\350\247\243\345\231\250>, "/usr/lib/locale/C.utf8/LC_MONETARY", O_RDONLY|O_CLOEXEC) = 3</usr/lib/locale/C.utf8/LC_MONETARY>
1426314 openat(AT_FDCWD</tmp/kernel-audit2-v3r63b5w/\346\261\202\350\247\243\345\231\250>, "/usr/lib/locale/C.UTF-8/LC_COLLATE", O_RDONLY|O_CLOEXEC) = -1 ENOENT (No such file or directory)
1426314 openat(AT_FDCWD</tmp/kernel-audit2-v3r63b5w/\346\261\202\350\247\243\345\231\250>, "/usr/lib/locale/C.utf8/LC_COLLATE", O_RDONLY|O_CLOEXEC) = 3</usr/lib/locale/C.utf8/LC_COLLATE>
1426314 openat(AT_FDCWD</tmp/kernel-audit2-v3r63b5w/\346\261\202\350\247\243\345\231\250>, "/usr/lib/locale/C.UTF-8/LC_TIME", O_RDONLY|O_CLOEXEC) = -1 ENOENT (No such file or directory)
1426314 openat(AT_FDCWD</tmp/kernel-audit2-v3r63b5w/\346\261\202\350\247\243\345\231\250>, "/usr/lib/locale/C.utf8/LC_TIME", O_RDONLY|O_CLOEXEC) = 3</usr/lib/locale/C.utf8/LC_TIME>
1426314 openat(AT_FDCWD</tmp/kernel-audit2-v3r63b5w/\346\261\202\350\247\243\345\231\250>, "/usr/lib/locale/C.UTF-8/LC_NUMERIC", O_RDONLY|O_CLOEXEC) = -1 ENOENT (No such file or directory)
1426314 openat(AT_FDCWD</tmp/kernel-audit2-v3r63b5w/\346\261\202\350\247\243\345\231\250>, "/usr/lib/locale/C.utf8/LC_NUMERIC", O_RDONLY|O_CLOEXEC) = 3</usr/lib/locale/C.utf8/LC_NUMERIC>
1426314 openat(AT_FDCWD</tmp/kernel-audit2-v3r63b5w/\346\261\202\350\247\243\345\231\250>, "/usr/lib/locale/C.UTF-8/LC_CTYPE", O_RDONLY|O_CLOEXEC) = -1 ENOENT (No such file or directory)
1426314 openat(AT_FDCWD</tmp/kernel-audit2-v3r63b5w/\346\261\202\350\247\243\345\231\250>, "/usr/lib/locale/C.utf8/LC_CTYPE", O_RDONLY|O_CLOEXEC) = 3</usr/lib/locale/C.utf8/LC_CTYPE>
1426314 openat(AT_FDCWD</tmp/kernel-audit2-v3r63b5w/\346\261\202\350\247\243\345\231\250>, "/tmp/kernel-audit2-v3r63b5w/\346\261\202\350\247\243\345\231\250/crates/kernel/src/transition.rs", O_RDONLY) = 3</tmp/kernel-audit2-v3r63b5w/\346\261\202\350\247\243\345\231\250/crates/kernel/src/transition.rs>
1426283 --- SIGCHLD {si_signo=SIGCHLD, si_code=CLD_EXITED, si_pid=1426314, si_uid=1000, si_status=0, si_utime=0, si_stime=0} ---
1426283 openat(AT_FDCWD</tmp/kernel-audit2-v3r63b5w/\346\261\202\350\247\243\345\231\250>, "/dev/null", O_RDONLY|O_CLOEXEC) = 3</dev/null<char 1:3>>
1426315 execve("/home/zhuran24/.codex/tmp/arg0/codex-arg0DuAZRy/sha256sum", ["sha256sum", "--", "/tmp/kernel-audit2-v3r63b5w/\346\261\202\350\247\243\345\231\250/crates/kernel/src/output.rs"], 0x7ffdc1bb9fc8 /* 135 vars */) = -1 ENOENT (No such file or directory)
1426315 execve("/home/zhuran24/.cargo/bin/sha256sum", ["sha256sum", "--", "/tmp/kernel-audit2-v3r63b5w/\346\261\202\350\247\243\345\231\250/crates/kernel/src/output.rs"], 0x7ffdc1bb9fc8 /* 135 vars */) = -1 ENOENT (No such file or directory)
1426315 execve("/home/zhuran24/.local/bin/sha256sum", ["sha256sum", "--", "/tmp/kernel-audit2-v3r63b5w/\346\261\202\350\247\243\345\231\250/crates/kernel/src/output.rs"], 0x7ffdc1bb9fc8 /* 135 vars */) = -1 ENOENT (No such file or directory)
1426315 execve("/home/zhuran24/.opencode/bin/sha256sum", ["sha256sum", "--", "/tmp/kernel-audit2-v3r63b5w/\346\261\202\350\247\243\345\231\250/crates/kernel/src/output.rs"], 0x7ffdc1bb9fc8 /* 135 vars */) = -1 ENOENT (No such file or directory)
1426315 execve("/usr/local/bin/sha256sum", ["sha256sum", "--", "/tmp/kernel-audit2-v3r63b5w/\346\261\202\350\247\243\345\231\250/crates/kernel/src/output.rs"], 0x7ffdc1bb9fc8 /* 135 vars */) = -1 ENOENT (No such file or directory)
1426315 execve("/usr/bin/sha256sum", ["sha256sum", "--", "/tmp/kernel-audit2-v3r63b5w/\346\261\202\350\247\243\345\231\250/crates/kernel/src/output.rs"], 0x7ffdc1bb9fc8 /* 135 vars */) = 0
1426315 openat(AT_FDCWD</tmp/kernel-audit2-v3r63b5w/\346\261\202\350\247\243\345\231\250>, "/etc/ld.so.cache", O_RDONLY|O_CLOEXEC) = 3</etc/ld.so.cache>
1426315 openat(AT_FDCWD</tmp/kernel-audit2-v3r63b5w/\346\261\202\350\247\243\345\231\250>, "/usr/lib/libcrypto.so.3", O_RDONLY|O_CLOEXEC) = 3</usr/lib/libcrypto.so.3>
1426315 openat(AT_FDCWD</tmp/kernel-audit2-v3r63b5w/\346\261\202\350\247\243\345\231\250>, "/usr/lib/libc.so.6", O_RDONLY|O_CLOEXEC) = 3</usr/lib/libc.so.6>
1426315 openat(AT_FDCWD</tmp/kernel-audit2-v3r63b5w/\346\261\202\350\247\243\345\231\250>, "/usr/lib/libz.so.1", O_RDONLY|O_CLOEXEC) = 3</usr/lib/libz.so.1.3.1.zlib-ng>
1426315 openat(AT_FDCWD</tmp/kernel-audit2-v3r63b5w/\346\261\202\350\247\243\345\231\250>, "/usr/lib/libbrotlienc.so.1", O_RDONLY|O_CLOEXEC) = 3</usr/lib/libbrotlienc.so.1.2.0>
1426315 openat(AT_FDCWD</tmp/kernel-audit2-v3r63b5w/\346\261\202\350\247\243\345\231\250>, "/usr/lib/libbrotlidec.so.1", O_RDONLY|O_CLOEXEC) = 3</usr/lib/libbrotlidec.so.1.2.0>
1426315 openat(AT_FDCWD</tmp/kernel-audit2-v3r63b5w/\346\261\202\350\247\243\345\231\250>, "/usr/lib/libzstd.so.1", O_RDONLY|O_CLOEXEC) = 3</usr/lib/libzstd.so.1.5.7>
1426315 openat(AT_FDCWD</tmp/kernel-audit2-v3r63b5w/\346\261\202\350\247\243\345\231\250>, "/usr/lib/libm.so.6", O_RDONLY|O_CLOEXEC) = 3</usr/lib/libm.so.6>
1426315 openat(AT_FDCWD</tmp/kernel-audit2-v3r63b5w/\346\261\202\350\247\243\345\231\250>, "/usr/lib/libbrotlicommon.so.1", O_RDONLY|O_CLOEXEC) = 3</usr/lib/libbrotlicommon.so.1.2.0>
1426315 openat(AT_FDCWD</tmp/kernel-audit2-v3r63b5w/\346\261\202\350\247\243\345\231\250>, "/usr/lib/locale/locale-archive", O_RDONLY|O_CLOEXEC) = 3</usr/lib/locale/locale-archive>
1426315 openat(AT_FDCWD</tmp/kernel-audit2-v3r63b5w/\346\261\202\350\247\243\345\231\250>, "/usr/share/locale/locale.alias", O_RDONLY|O_CLOEXEC) = 3</usr/share/locale/locale.alias>
1426315 openat(AT_FDCWD</tmp/kernel-audit2-v3r63b5w/\346\261\202\350\247\243\345\231\250>, "/usr/lib/locale/C.UTF-8/LC_IDENTIFICATION", O_RDONLY|O_CLOEXEC) = -1 ENOENT (No such file or directory)
1426315 openat(AT_FDCWD</tmp/kernel-audit2-v3r63b5w/\346\261\202\350\247\243\345\231\250>, "/usr/lib/locale/C.utf8/LC_IDENTIFICATION", O_RDONLY|O_CLOEXEC) = 3</usr/lib/locale/C.utf8/LC_IDENTIFICATION>
1426315 openat(AT_FDCWD</tmp/kernel-audit2-v3r63b5w/\346\261\202\350\247\243\345\231\250>, "/usr/lib/gconv/gconv-modules.cache", O_RDONLY|O_CLOEXEC) = 3</usr/lib/gconv/gconv-modules.cache>
1426315 openat(AT_FDCWD</tmp/kernel-audit2-v3r63b5w/\346\261\202\350\247\243\345\231\250>, "/usr/lib/locale/C.UTF-8/LC_MEASUREMENT", O_RDONLY|O_CLOEXEC) = -1 ENOENT (No such file or directory)
1426315 openat(AT_FDCWD</tmp/kernel-audit2-v3r63b5w/\346\261\202\350\247\243\345\231\250>, "/usr/lib/locale/C.utf8/LC_MEASUREMENT", O_RDONLY|O_CLOEXEC) = 3</usr/lib/locale/C.utf8/LC_MEASUREMENT>
1426315 openat(AT_FDCWD</tmp/kernel-audit2-v3r63b5w/\346\261\202\350\247\243\345\231\250>, "/usr/lib/locale/C.UTF-8/LC_TELEPHONE", O_RDONLY|O_CLOEXEC) = -1 ENOENT (No such file or directory)
1426315 openat(AT_FDCWD</tmp/kernel-audit2-v3r63b5w/\346\261\202\350\247\243\345\231\250>, "/usr/lib/locale/C.utf8/LC_TELEPHONE", O_RDONLY|O_CLOEXEC) = 3</usr/lib/locale/C.utf8/LC_TELEPHONE>
1426315 openat(AT_FDCWD</tmp/kernel-audit2-v3r63b5w/\346\261\202\350\247\243\345\231\250>, "/usr/lib/locale/C.UTF-8/LC_ADDRESS", O_RDONLY|O_CLOEXEC) = -1 ENOENT (No such file or directory)
1426315 openat(AT_FDCWD</tmp/kernel-audit2-v3r63b5w/\346\261\202\350\247\243\345\231\250>, "/usr/lib/locale/C.utf8/LC_ADDRESS", O_RDONLY|O_CLOEXEC) = 3</usr/lib/locale/C.utf8/LC_ADDRESS>
1426315 openat(AT_FDCWD</tmp/kernel-audit2-v3r63b5w/\346\261\202\350\247\243\345\231\250>, "/usr/lib/locale/C.UTF-8/LC_NAME", O_RDONLY|O_CLOEXEC) = -1 ENOENT (No such file or directory)
1426315 openat(AT_FDCWD</tmp/kernel-audit2-v3r63b5w/\346\261\202\350\247\243\345\231\250>, "/usr/lib/locale/C.utf8/LC_NAME", O_RDONLY|O_CLOEXEC) = 3</usr/lib/locale/C.utf8/LC_NAME>
1426315 openat(AT_FDCWD</tmp/kernel-audit2-v3r63b5w/\346\261\202\350\247\243\345\231\250>, "/usr/lib/locale/C.UTF-8/LC_PAPER", O_RDONLY|O_CLOEXEC) = -1 ENOENT (No such file or directory)
1426315 openat(AT_FDCWD</tmp/kernel-audit2-v3r63b5w/\346\261\202\350\247\243\345\231\250>, "/usr/lib/locale/C.utf8/LC_PAPER", O_RDONLY|O_CLOEXEC) = 3</usr/lib/locale/C.utf8/LC_PAPER>
1426315 openat(AT_FDCWD</tmp/kernel-audit2-v3r63b5w/\346\261\202\350\247\243\345\231\250>, "/usr/lib/locale/C.UTF-8/LC_MESSAGES", O_RDONLY|O_CLOEXEC) = -1 ENOENT (No such file or directory)
1426315 openat(AT_FDCWD</tmp/kernel-audit2-v3r63b5w/\346\261\202\350\247\243\345\231\250>, "/usr/lib/locale/C.utf8/LC_MESSAGES", O_RDONLY|O_CLOEXEC) = 3</usr/lib/locale/C.utf8/LC_MESSAGES>
1426315 openat(AT_FDCWD</tmp/kernel-audit2-v3r63b5w/\346\261\202\350\247\243\345\231\250>, "/usr/lib/locale/C.utf8/LC_MESSAGES/SYS_LC_MESSAGES", O_RDONLY|O_CLOEXEC) = 3</usr/lib/locale/C.utf8/LC_MESSAGES/SYS_LC_MESSAGES>
1426315 openat(AT_FDCWD</tmp/kernel-audit2-v3r63b5w/\346\261\202\350\247\243\345\231\250>, "/usr/lib/locale/C.UTF-8/LC_MONETARY", O_RDONLY|O_CLOEXEC) = -1 ENOENT (No such file or directory)
1426315 openat(AT_FDCWD</tmp/kernel-audit2-v3r63b5w/\346\261\202\350\247\243\345\231\250>, "/usr/lib/locale/C.utf8/LC_MONETARY", O_RDONLY|O_CLOEXEC) = 3</usr/lib/locale/C.utf8/LC_MONETARY>
1426315 openat(AT_FDCWD</tmp/kernel-audit2-v3r63b5w/\346\261\202\350\247\243\345\231\250>, "/usr/lib/locale/C.UTF-8/LC_COLLATE", O_RDONLY|O_CLOEXEC) = -1 ENOENT (No such file or directory)
1426315 openat(AT_FDCWD</tmp/kernel-audit2-v3r63b5w/\346\261\202\350\247\243\345\231\250>, "/usr/lib/locale/C.utf8/LC_COLLATE", O_RDONLY|O_CLOEXEC) = 3</usr/lib/locale/C.utf8/LC_COLLATE>
1426315 openat(AT_FDCWD</tmp/kernel-audit2-v3r63b5w/\346\261\202\350\247\243\345\231\250>, "/usr/lib/locale/C.UTF-8/LC_TIME", O_RDONLY|O_CLOEXEC) = -1 ENOENT (No such file or directory)
1426315 openat(AT_FDCWD</tmp/kernel-audit2-v3r63b5w/\346\261\202\350\247\243\345\231\250>, "/usr/lib/locale/C.utf8/LC_TIME", O_RDONLY|O_CLOEXEC) = 3</usr/lib/locale/C.utf8/LC_TIME>
1426315 openat(AT_FDCWD</tmp/kernel-audit2-v3r63b5w/\346\261\202\350\247\243\345\231\250>, "/usr/lib/locale/C.UTF-8/LC_NUMERIC", O_RDONLY|O_CLOEXEC) = -1 ENOENT (No such file or directory)
1426315 openat(AT_FDCWD</tmp/kernel-audit2-v3r63b5w/\346\261\202\350\247\243\345\231\250>, "/usr/lib/locale/C.utf8/LC_NUMERIC", O_RDONLY|O_CLOEXEC) = 3</usr/lib/locale/C.utf8/LC_NUMERIC>
1426315 openat(AT_FDCWD</tmp/kernel-audit2-v3r63b5w/\346\261\202\350\247\243\345\231\250>, "/usr/lib/locale/C.UTF-8/LC_CTYPE", O_RDONLY|O_CLOEXEC) = -1 ENOENT (No such file or directory)
1426315 openat(AT_FDCWD</tmp/kernel-audit2-v3r63b5w/\346\261\202\350\247\243\345\231\250>, "/usr/lib/locale/C.utf8/LC_CTYPE", O_RDONLY|O_CLOEXEC) = 3</usr/lib/locale/C.utf8/LC_CTYPE>
1426315 openat(AT_FDCWD</tmp/kernel-audit2-v3r63b5w/\346\261\202\350\247\243\345\231\250>, "/tmp/kernel-audit2-v3r63b5w/\346\261\202\350\247\243\345\231\250/crates/kernel/src/output.rs", O_RDONLY) = 3</tmp/kernel-audit2-v3r63b5w/\346\261\202\350\247\243\345\231\250/crates/kernel/src/output.rs>
1426283 --- SIGCHLD {si_signo=SIGCHLD, si_code=CLD_EXITED, si_pid=1426315, si_uid=1000, si_status=0, si_utime=0, si_stime=0} ---
1426283 openat(AT_FDCWD</tmp/kernel-audit2-v3r63b5w/\346\261\202\350\247\243\345\231\250>, "/dev/null", O_RDONLY|O_CLOEXEC) = 3</dev/null<char 1:3>>
1426316 execve("/home/zhuran24/.codex/tmp/arg0/codex-arg0DuAZRy/sha256sum", ["sha256sum", "--", "/tmp/kernel-audit2-v3r63b5w/\346\261\202\350\247\243\345\231\250/crates/kernel/src/ledger.rs"], 0x7ffdc1bb9fc8 /* 135 vars */) = -1 ENOENT (No such file or directory)
1426316 execve("/home/zhuran24/.cargo/bin/sha256sum", ["sha256sum", "--", "/tmp/kernel-audit2-v3r63b5w/\346\261\202\350\247\243\345\231\250/crates/kernel/src/ledger.rs"], 0x7ffdc1bb9fc8 /* 135 vars */) = -1 ENOENT (No such file or directory)
1426316 execve("/home/zhuran24/.local/bin/sha256sum", ["sha256sum", "--", "/tmp/kernel-audit2-v3r63b5w/\346\261\202\350\247\243\345\231\250/crates/kernel/src/ledger.rs"], 0x7ffdc1bb9fc8 /* 135 vars */) = -1 ENOENT (No such file or directory)
1426316 execve("/home/zhuran24/.opencode/bin/sha256sum", ["sha256sum", "--", "/tmp/kernel-audit2-v3r63b5w/\346\261\202\350\247\243\345\231\250/crates/kernel/src/ledger.rs"], 0x7ffdc1bb9fc8 /* 135 vars */) = -1 ENOENT (No such file or directory)
1426316 execve("/usr/local/bin/sha256sum", ["sha256sum", "--", "/tmp/kernel-audit2-v3r63b5w/\346\261\202\350\247\243\345\231\250/crates/kernel/src/ledger.rs"], 0x7ffdc1bb9fc8 /* 135 vars */) = -1 ENOENT (No such file or directory)
1426316 execve("/usr/bin/sha256sum", ["sha256sum", "--", "/tmp/kernel-audit2-v3r63b5w/\346\261\202\350\247\243\345\231\250/crates/kernel/src/ledger.rs"], 0x7ffdc1bb9fc8 /* 135 vars */) = 0
1426316 openat(AT_FDCWD</tmp/kernel-audit2-v3r63b5w/\346\261\202\350\247\243\345\231\250>, "/etc/ld.so.cache", O_RDONLY|O_CLOEXEC) = 3</etc/ld.so.cache>
1426316 openat(AT_FDCWD</tmp/kernel-audit2-v3r63b5w/\346\261\202\350\247\243\345\231\250>, "/usr/lib/libcrypto.so.3", O_RDONLY|O_CLOEXEC) = 3</usr/lib/libcrypto.so.3>
1426316 openat(AT_FDCWD</tmp/kernel-audit2-v3r63b5w/\346\261\202\350\247\243\345\231\250>, "/usr/lib/libc.so.6", O_RDONLY|O_CLOEXEC) = 3</usr/lib/libc.so.6>
1426316 openat(AT_FDCWD</tmp/kernel-audit2-v3r63b5w/\346\261\202\350\247\243\345\231\250>, "/usr/lib/libz.so.1", O_RDONLY|O_CLOEXEC) = 3</usr/lib/libz.so.1.3.1.zlib-ng>
1426316 openat(AT_FDCWD</tmp/kernel-audit2-v3r63b5w/\346\261\202\350\247\243\345\231\250>, "/usr/lib/libbrotlienc.so.1", O_RDONLY|O_CLOEXEC) = 3</usr/lib/libbrotlienc.so.1.2.0>
1426316 openat(AT_FDCWD</tmp/kernel-audit2-v3r63b5w/\346\261\202\350\247\243\345\231\250>, "/usr/lib/libbrotlidec.so.1", O_RDONLY|O_CLOEXEC) = 3</usr/lib/libbrotlidec.so.1.2.0>
1426316 openat(AT_FDCWD</tmp/kernel-audit2-v3r63b5w/\346\261\202\350\247\243\345\231\250>, "/usr/lib/libzstd.so.1", O_RDONLY|O_CLOEXEC) = 3</usr/lib/libzstd.so.1.5.7>
1426316 openat(AT_FDCWD</tmp/kernel-audit2-v3r63b5w/\346\261\202\350\247\243\345\231\250>, "/usr/lib/libm.so.6", O_RDONLY|O_CLOEXEC) = 3</usr/lib/libm.so.6>
1426316 openat(AT_FDCWD</tmp/kernel-audit2-v3r63b5w/\346\261\202\350\247\243\345\231\250>, "/usr/lib/libbrotlicommon.so.1", O_RDONLY|O_CLOEXEC) = 3</usr/lib/libbrotlicommon.so.1.2.0>
1426316 openat(AT_FDCWD</tmp/kernel-audit2-v3r63b5w/\346\261\202\350\247\243\345\231\250>, "/usr/lib/locale/locale-archive", O_RDONLY|O_CLOEXEC) = 3</usr/lib/locale/locale-archive>
1426316 openat(AT_FDCWD</tmp/kernel-audit2-v3r63b5w/\346\261\202\350\247\243\345\231\250>, "/usr/share/locale/locale.alias", O_RDONLY|O_CLOEXEC) = 3</usr/share/locale/locale.alias>
1426316 openat(AT_FDCWD</tmp/kernel-audit2-v3r63b5w/\346\261\202\350\247\243\345\231\250>, "/usr/lib/locale/C.UTF-8/LC_IDENTIFICATION", O_RDONLY|O_CLOEXEC) = -1 ENOENT (No such file or directory)
1426316 openat(AT_FDCWD</tmp/kernel-audit2-v3r63b5w/\346\261\202\350\247\243\345\231\250>, "/usr/lib/locale/C.utf8/LC_IDENTIFICATION", O_RDONLY|O_CLOEXEC) = 3</usr/lib/locale/C.utf8/LC_IDENTIFICATION>
1426316 openat(AT_FDCWD</tmp/kernel-audit2-v3r63b5w/\346\261\202\350\247\243\345\231\250>, "/usr/lib/gconv/gconv-modules.cache", O_RDONLY|O_CLOEXEC) = 3</usr/lib/gconv/gconv-modules.cache>
1426316 openat(AT_FDCWD</tmp/kernel-audit2-v3r63b5w/\346\261\202\350\247\243\345\231\250>, "/usr/lib/locale/C.UTF-8/LC_MEASUREMENT", O_RDONLY|O_CLOEXEC) = -1 ENOENT (No such file or directory)
1426316 openat(AT_FDCWD</tmp/kernel-audit2-v3r63b5w/\346\261\202\350\247\243\345\231\250>, "/usr/lib/locale/C.utf8/LC_MEASUREMENT", O_RDONLY|O_CLOEXEC) = 3</usr/lib/locale/C.utf8/LC_MEASUREMENT>
1426316 openat(AT_FDCWD</tmp/kernel-audit2-v3r63b5w/\346\261\202\350\247\243\345\231\250>, "/usr/lib/locale/C.UTF-8/LC_TELEPHONE", O_RDONLY|O_CLOEXEC) = -1 ENOENT (No such file or directory)
1426316 openat(AT_FDCWD</tmp/kernel-audit2-v3r63b5w/\346\261\202\350\247\243\345\231\250>, "/usr/lib/locale/C.utf8/LC_TELEPHONE", O_RDONLY|O_CLOEXEC) = 3</usr/lib/locale/C.utf8/LC_TELEPHONE>
1426316 openat(AT_FDCWD</tmp/kernel-audit2-v3r63b5w/\346\261\202\350\247\243\345\231\250>, "/usr/lib/locale/C.UTF-8/LC_ADDRESS", O_RDONLY|O_CLOEXEC) = -1 ENOENT (No such file or directory)
1426316 openat(AT_FDCWD</tmp/kernel-audit2-v3r63b5w/\346\261\202\350\247\243\345\231\250>, "/usr/lib/locale/C.utf8/LC_ADDRESS", O_RDONLY|O_CLOEXEC) = 3</usr/lib/locale/C.utf8/LC_ADDRESS>
1426316 openat(AT_FDCWD</tmp/kernel-audit2-v3r63b5w/\346\261\202\350\247\243\345\231\250>, "/usr/lib/locale/C.UTF-8/LC_NAME", O_RDONLY|O_CLOEXEC) = -1 ENOENT (No such file or directory)
1426316 openat(AT_FDCWD</tmp/kernel-audit2-v3r63b5w/\346\261\202\350\247\243\345\231\250>, "/usr/lib/locale/C.utf8/LC_NAME", O_RDONLY|O_CLOEXEC) = 3</usr/lib/locale/C.utf8/LC_NAME>
1426316 openat(AT_FDCWD</tmp/kernel-audit2-v3r63b5w/\346\261\202\350\247\243\345\231\250>, "/usr/lib/locale/C.UTF-8/LC_PAPER", O_RDONLY|O_CLOEXEC) = -1 ENOENT (No such file or directory)
1426316 openat(AT_FDCWD</tmp/kernel-audit2-v3r63b5w/\346\261\202\350\247\243\345\231\250>, "/usr/lib/locale/C.utf8/LC_PAPER", O_RDONLY|O_CLOEXEC) = 3</usr/lib/locale/C.utf8/LC_PAPER>
1426316 openat(AT_FDCWD</tmp/kernel-audit2-v3r63b5w/\346\261\202\350\247\243\345\231\250>, "/usr/lib/locale/C.UTF-8/LC_MESSAGES", O_RDONLY|O_CLOEXEC) = -1 ENOENT (No such file or directory)
1426316 openat(AT_FDCWD</tmp/kernel-audit2-v3r63b5w/\346\261\202\350\247\243\345\231\250>, "/usr/lib/locale/C.utf8/LC_MESSAGES", O_RDONLY|O_CLOEXEC) = 3</usr/lib/locale/C.utf8/LC_MESSAGES>
1426316 openat(AT_FDCWD</tmp/kernel-audit2-v3r63b5w/\346\261\202\350\247\243\345\231\250>, "/usr/lib/locale/C.utf8/LC_MESSAGES/SYS_LC_MESSAGES", O_RDONLY|O_CLOEXEC) = 3</usr/lib/locale/C.utf8/LC_MESSAGES/SYS_LC_MESSAGES>
1426316 openat(AT_FDCWD</tmp/kernel-audit2-v3r63b5w/\346\261\202\350\247\243\345\231\250>, "/usr/lib/locale/C.UTF-8/LC_MONETARY", O_RDONLY|O_CLOEXEC) = -1 ENOENT (No such file or directory)
1426316 openat(AT_FDCWD</tmp/kernel-audit2-v3r63b5w/\346\261\202\350\247\243\345\231\250>, "/usr/lib/locale/C.utf8/LC_MONETARY", O_RDONLY|O_CLOEXEC) = 3</usr/lib/locale/C.utf8/LC_MONETARY>
1426316 openat(AT_FDCWD</tmp/kernel-audit2-v3r63b5w/\346\261\202\350\247\243\345\231\250>, "/usr/lib/locale/C.UTF-8/LC_COLLATE", O_RDONLY|O_CLOEXEC) = -1 ENOENT (No such file or directory)
1426316 openat(AT_FDCWD</tmp/kernel-audit2-v3r63b5w/\346\261\202\350\247\243\345\231\250>, "/usr/lib/locale/C.utf8/LC_COLLATE", O_RDONLY|O_CLOEXEC) = 3</usr/lib/locale/C.utf8/LC_COLLATE>
1426316 openat(AT_FDCWD</tmp/kernel-audit2-v3r63b5w/\346\261\202\350\247\243\345\231\250>, "/usr/lib/locale/C.UTF-8/LC_TIME", O_RDONLY|O_CLOEXEC) = -1 ENOENT (No such file or directory)
1426316 openat(AT_FDCWD</tmp/kernel-audit2-v3r63b5w/\346\261\202\350\247\243\345\231\250>, "/usr/lib/locale/C.utf8/LC_TIME", O_RDONLY|O_CLOEXEC) = 3</usr/lib/locale/C.utf8/LC_TIME>
1426316 openat(AT_FDCWD</tmp/kernel-audit2-v3r63b5w/\346\261\202\350\247\243\345\231\250>, "/usr/lib/locale/C.UTF-8/LC_NUMERIC", O_RDONLY|O_CLOEXEC) = -1 ENOENT (No such file or directory)
1426316 openat(AT_FDCWD</tmp/kernel-audit2-v3r63b5w/\346\261\202\350\247\243\345\231\250>, "/usr/lib/locale/C.utf8/LC_NUMERIC", O_RDONLY|O_CLOEXEC) = 3</usr/lib/locale/C.utf8/LC_NUMERIC>
1426316 openat(AT_FDCWD</tmp/kernel-audit2-v3r63b5w/\346\261\202\350\247\243\345\231\250>, "/usr/lib/locale/C.UTF-8/LC_CTYPE", O_RDONLY|O_CLOEXEC) = -1 ENOENT (No such file or directory)
1426316 openat(AT_FDCWD</tmp/kernel-audit2-v3r63b5w/\346\261\202\350\247\243\345\231\250>, "/usr/lib/locale/C.utf8/LC_CTYPE", O_RDONLY|O_CLOEXEC) = 3</usr/lib/locale/C.utf8/LC_CTYPE>
1426316 openat(AT_FDCWD</tmp/kernel-audit2-v3r63b5w/\346\261\202\350\247\243\345\231\250>, "/tmp/kernel-audit2-v3r63b5w/\346\261\202\350\247\243\345\231\250/crates/kernel/src/ledger.rs", O_RDONLY) = 3</tmp/kernel-audit2-v3r63b5w/\346\261\202\350\247\243\345\231\250/crates/kernel/src/ledger.rs>
1426283 --- SIGCHLD {si_signo=SIGCHLD, si_code=CLD_EXITED, si_pid=1426316, si_uid=1000, si_status=0, si_utime=0, si_stime=0} ---
1426283 openat(AT_FDCWD</tmp/kernel-audit2-v3r63b5w/\346\261\202\350\247\243\345\231\250>, "/dev/null", O_RDONLY|O_CLOEXEC) = 3</dev/null<char 1:3>>
1426317 execve("/home/zhuran24/.codex/tmp/arg0/codex-arg0DuAZRy/sha256sum", ["sha256sum", "--", "/tmp/kernel-audit2-v3r63b5w/\346\261\202\350\247\243\345\231\250/crates/kernel/src/cycle.rs"], 0x7ffdc1bb9fc8 /* 135 vars */) = -1 ENOENT (No such file or directory)
1426317 execve("/home/zhuran24/.cargo/bin/sha256sum", ["sha256sum", "--", "/tmp/kernel-audit2-v3r63b5w/\346\261\202\350\247\243\345\231\250/crates/kernel/src/cycle.rs"], 0x7ffdc1bb9fc8 /* 135 vars */) = -1 ENOENT (No such file or directory)
1426317 execve("/home/zhuran24/.local/bin/sha256sum", ["sha256sum", "--", "/tmp/kernel-audit2-v3r63b5w/\346\261\202\350\247\243\345\231\250/crates/kernel/src/cycle.rs"], 0x7ffdc1bb9fc8 /* 135 vars */) = -1 ENOENT (No such file or directory)
1426317 execve("/home/zhuran24/.opencode/bin/sha256sum", ["sha256sum", "--", "/tmp/kernel-audit2-v3r63b5w/\346\261\202\350\247\243\345\231\250/crates/kernel/src/cycle.rs"], 0x7ffdc1bb9fc8 /* 135 vars */) = -1 ENOENT (No such file or directory)
1426317 execve("/usr/local/bin/sha256sum", ["sha256sum", "--", "/tmp/kernel-audit2-v3r63b5w/\346\261\202\350\247\243\345\231\250/crates/kernel/src/cycle.rs"], 0x7ffdc1bb9fc8 /* 135 vars */) = -1 ENOENT (No such file or directory)
1426317 execve("/usr/bin/sha256sum", ["sha256sum", "--", "/tmp/kernel-audit2-v3r63b5w/\346\261\202\350\247\243\345\231\250/crates/kernel/src/cycle.rs"], 0x7ffdc1bb9fc8 /* 135 vars */) = 0
1426317 openat(AT_FDCWD</tmp/kernel-audit2-v3r63b5w/\346\261\202\350\247\243\345\231\250>, "/etc/ld.so.cache", O_RDONLY|O_CLOEXEC) = 3</etc/ld.so.cache>
1426317 openat(AT_FDCWD</tmp/kernel-audit2-v3r63b5w/\346\261\202\350\247\243\345\231\250>, "/usr/lib/libcrypto.so.3", O_RDONLY|O_CLOEXEC) = 3</usr/lib/libcrypto.so.3>
1426317 openat(AT_FDCWD</tmp/kernel-audit2-v3r63b5w/\346\261\202\350\247\243\345\231\250>, "/usr/lib/libc.so.6", O_RDONLY|O_CLOEXEC) = 3</usr/lib/libc.so.6>
1426317 openat(AT_FDCWD</tmp/kernel-audit2-v3r63b5w/\346\261\202\350\247\243\345\231\250>, "/usr/lib/libz.so.1", O_RDONLY|O_CLOEXEC) = 3</usr/lib/libz.so.1.3.1.zlib-ng>
1426317 openat(AT_FDCWD</tmp/kernel-audit2-v3r63b5w/\346\261\202\350\247\243\345\231\250>, "/usr/lib/libbrotlienc.so.1", O_RDONLY|O_CLOEXEC) = 3</usr/lib/libbrotlienc.so.1.2.0>
1426317 openat(AT_FDCWD</tmp/kernel-audit2-v3r63b5w/\346\261\202\350\247\243\345\231\250>, "/usr/lib/libbrotlidec.so.1", O_RDONLY|O_CLOEXEC) = 3</usr/lib/libbrotlidec.so.1.2.0>
1426317 openat(AT_FDCWD</tmp/kernel-audit2-v3r63b5w/\346\261\202\350\247\243\345\231\250>, "/usr/lib/libzstd.so.1", O_RDONLY|O_CLOEXEC) = 3</usr/lib/libzstd.so.1.5.7>
1426317 openat(AT_FDCWD</tmp/kernel-audit2-v3r63b5w/\346\261\202\350\247\243\345\231\250>, "/usr/lib/libm.so.6", O_RDONLY|O_CLOEXEC) = 3</usr/lib/libm.so.6>
1426317 openat(AT_FDCWD</tmp/kernel-audit2-v3r63b5w/\346\261\202\350\247\243\345\231\250>, "/usr/lib/libbrotlicommon.so.1", O_RDONLY|O_CLOEXEC) = 3</usr/lib/libbrotlicommon.so.1.2.0>
1426317 openat(AT_FDCWD</tmp/kernel-audit2-v3r63b5w/\346\261\202\350\247\243\345\231\250>, "/usr/lib/locale/locale-archive", O_RDONLY|O_CLOEXEC) = 3</usr/lib/locale/locale-archive>
1426317 openat(AT_FDCWD</tmp/kernel-audit2-v3r63b5w/\346\261\202\350\247\243\345\231\250>, "/usr/share/locale/locale.alias", O_RDONLY|O_CLOEXEC) = 3</usr/share/locale/locale.alias>
1426317 openat(AT_FDCWD</tmp/kernel-audit2-v3r63b5w/\346\261\202\350\247\243\345\231\250>, "/usr/lib/locale/C.UTF-8/LC_IDENTIFICATION", O_RDONLY|O_CLOEXEC) = -1 ENOENT (No such file or directory)
1426317 openat(AT_FDCWD</tmp/kernel-audit2-v3r63b5w/\346\261\202\350\247\243\345\231\250>, "/usr/lib/locale/C.utf8/LC_IDENTIFICATION", O_RDONLY|O_CLOEXEC) = 3</usr/lib/locale/C.utf8/LC_IDENTIFICATION>
1426317 openat(AT_FDCWD</tmp/kernel-audit2-v3r63b5w/\346\261\202\350\247\243\345\231\250>, "/usr/lib/gconv/gconv-modules.cache", O_RDONLY|O_CLOEXEC) = 3</usr/lib/gconv/gconv-modules.cache>
1426317 openat(AT_FDCWD</tmp/kernel-audit2-v3r63b5w/\346\261\202\350\247\243\345\231\250>, "/usr/lib/locale/C.UTF-8/LC_MEASUREMENT", O_RDONLY|O_CLOEXEC) = -1 ENOENT (No such file or directory)
1426317 openat(AT_FDCWD</tmp/kernel-audit2-v3r63b5w/\346\261\202\350\247\243\345\231\250>, "/usr/lib/locale/C.utf8/LC_MEASUREMENT", O_RDONLY|O_CLOEXEC) = 3</usr/lib/locale/C.utf8/LC_MEASUREMENT>
1426317 openat(AT_FDCWD</tmp/kernel-audit2-v3r63b5w/\346\261\202\350\247\243\345\231\250>, "/usr/lib/locale/C.UTF-8/LC_TELEPHONE", O_RDONLY|O_CLOEXEC) = -1 ENOENT (No such file or directory)
1426317 openat(AT_FDCWD</tmp/kernel-audit2-v3r63b5w/\346\261\202\350\247\243\345\231\250>, "/usr/lib/locale/C.utf8/LC_TELEPHONE", O_RDONLY|O_CLOEXEC) = 3</usr/lib/locale/C.utf8/LC_TELEPHONE>
1426317 openat(AT_FDCWD</tmp/kernel-audit2-v3r63b5w/\346\261\202\350\247\243\345\231\250>, "/usr/lib/locale/C.UTF-8/LC_ADDRESS", O_RDONLY|O_CLOEXEC) = -1 ENOENT (No such file or directory)
1426317 openat(AT_FDCWD</tmp/kernel-audit2-v3r63b5w/\346\261\202\350\247\243\345\231\250>, "/usr/lib/locale/C.utf8/LC_ADDRESS", O_RDONLY|O_CLOEXEC) = 3</usr/lib/locale/C.utf8/LC_ADDRESS>
1426317 openat(AT_FDCWD</tmp/kernel-audit2-v3r63b5w/\346\261\202\350\247\243\345\231\250>, "/usr/lib/locale/C.UTF-8/LC_NAME", O_RDONLY|O_CLOEXEC) = -1 ENOENT (No such file or directory)
1426317 openat(AT_FDCWD</tmp/kernel-audit2-v3r63b5w/\346\261\202\350\247\243\345\231\250>, "/usr/lib/locale/C.utf8/LC_NAME", O_RDONLY|O_CLOEXEC) = 3</usr/lib/locale/C.utf8/LC_NAME>
1426317 openat(AT_FDCWD</tmp/kernel-audit2-v3r63b5w/\346\261\202\350\247\243\345\231\250>, "/usr/lib/locale/C.UTF-8/LC_PAPER", O_RDONLY|O_CLOEXEC) = -1 ENOENT (No such file or directory)
1426317 openat(AT_FDCWD</tmp/kernel-audit2-v3r63b5w/\346\261\202\350\247\243\345\231\250>, "/usr/lib/locale/C.utf8/LC_PAPER", O_RDONLY|O_CLOEXEC) = 3</usr/lib/locale/C.utf8/LC_PAPER>
1426317 openat(AT_FDCWD</tmp/kernel-audit2-v3r63b5w/\346\261\202\350\247\243\345\231\250>, "/usr/lib/locale/C.UTF-8/LC_MESSAGES", O_RDONLY|O_CLOEXEC) = -1 ENOENT (No such file or directory)
1426317 openat(AT_FDCWD</tmp/kernel-audit2-v3r63b5w/\346\261\202\350\247\243\345\231\250>, "/usr/lib/locale/C.utf8/LC_MESSAGES", O_RDONLY|O_CLOEXEC) = 3</usr/lib/locale/C.utf8/LC_MESSAGES>
1426317 openat(AT_FDCWD</tmp/kernel-audit2-v3r63b5w/\346\261\202\350\247\243\345\231\250>, "/usr/lib/locale/C.utf8/LC_MESSAGES/SYS_LC_MESSAGES", O_RDONLY|O_CLOEXEC) = 3</usr/lib/locale/C.utf8/LC_MESSAGES/SYS_LC_MESSAGES>
1426317 openat(AT_FDCWD</tmp/kernel-audit2-v3r63b5w/\346\261\202\350\247\243\345\231\250>, "/usr/lib/locale/C.UTF-8/LC_MONETARY", O_RDONLY|O_CLOEXEC) = -1 ENOENT (No such file or directory)
1426317 openat(AT_FDCWD</tmp/kernel-audit2-v3r63b5w/\346\261\202\350\247\243\345\231\250>, "/usr/lib/locale/C.utf8/LC_MONETARY", O_RDONLY|O_CLOEXEC) = 3</usr/lib/locale/C.utf8/LC_MONETARY>
1426317 openat(AT_FDCWD</tmp/kernel-audit2-v3r63b5w/\346\261\202\350\247\243\345\231\250>, "/usr/lib/locale/C.UTF-8/LC_COLLATE", O_RDONLY|O_CLOEXEC) = -1 ENOENT (No such file or directory)
1426317 openat(AT_FDCWD</tmp/kernel-audit2-v3r63b5w/\346\261\202\350\247\243\345\231\250>, "/usr/lib/locale/C.utf8/LC_COLLATE", O_RDONLY|O_CLOEXEC) = 3</usr/lib/locale/C.utf8/LC_COLLATE>
1426317 openat(AT_FDCWD</tmp/kernel-audit2-v3r63b5w/\346\261\202\350\247\243\345\231\250>, "/usr/lib/locale/C.UTF-8/LC_TIME", O_RDONLY|O_CLOEXEC) = -1 ENOENT (No such file or directory)
1426317 openat(AT_FDCWD</tmp/kernel-audit2-v3r63b5w/\346\261\202\350\247\243\345\231\250>, "/usr/lib/locale/C.utf8/LC_TIME", O_RDONLY|O_CLOEXEC) = 3</usr/lib/locale/C.utf8/LC_TIME>
1426317 openat(AT_FDCWD</tmp/kernel-audit2-v3r63b5w/\346\261\202\350\247\243\345\231\250>, "/usr/lib/locale/C.UTF-8/LC_NUMERIC", O_RDONLY|O_CLOEXEC) = -1 ENOENT (No such file or directory)
1426317 openat(AT_FDCWD</tmp/kernel-audit2-v3r63b5w/\346\261\202\350\247\243\345\231\250>, "/usr/lib/locale/C.utf8/LC_NUMERIC", O_RDONLY|O_CLOEXEC) = 3</usr/lib/locale/C.utf8/LC_NUMERIC>
1426317 openat(AT_FDCWD</tmp/kernel-audit2-v3r63b5w/\346\261\202\350\247\243\345\231\250>, "/usr/lib/locale/C.UTF-8/LC_CTYPE", O_RDONLY|O_CLOEXEC) = -1 ENOENT (No such file or directory)
1426317 openat(AT_FDCWD</tmp/kernel-audit2-v3r63b5w/\346\261\202\350\247\243\345\231\250>, "/usr/lib/locale/C.utf8/LC_CTYPE", O_RDONLY|O_CLOEXEC) = 3</usr/lib/locale/C.utf8/LC_CTYPE>
1426317 openat(AT_FDCWD</tmp/kernel-audit2-v3r63b5w/\346\261\202\350\247\243\345\231\250>, "/tmp/kernel-audit2-v3r63b5w/\346\261\202\350\247\243\345\231\250/crates/kernel/src/cycle.rs", O_RDONLY) = 3</tmp/kernel-audit2-v3r63b5w/\346\261\202\350\247\243\345\231\250/crates/kernel/src/cycle.rs>
1426283 --- SIGCHLD {si_signo=SIGCHLD, si_code=CLD_EXITED, si_pid=1426317, si_uid=1000, si_status=0, si_utime=0, si_stime=0} ---
1426283 openat(AT_FDCWD</tmp/kernel-audit2-v3r63b5w/\346\261\202\350\247\243\345\231\250>, "/dev/null", O_RDONLY|O_CLOEXEC) = 3</dev/null<char 1:3>>
1426318 execve("/home/zhuran24/.codex/tmp/arg0/codex-arg0DuAZRy/sha256sum", ["sha256sum", "--", "/tmp/kernel-audit2-v3r63b5w/\346\261\202\350\247\243\345\231\250/crates/kernel/src/cycle_io.rs"], 0x7ffdc1bb9fc8 /* 135 vars */) = -1 ENOENT (No such file or directory)
1426318 execve("/home/zhuran24/.cargo/bin/sha256sum", ["sha256sum", "--", "/tmp/kernel-audit2-v3r63b5w/\346\261\202\350\247\243\345\231\250/crates/kernel/src/cycle_io.rs"], 0x7ffdc1bb9fc8 /* 135 vars */) = -1 ENOENT (No such file or directory)
1426318 execve("/home/zhuran24/.local/bin/sha256sum", ["sha256sum", "--", "/tmp/kernel-audit2-v3r63b5w/\346\261\202\350\247\243\345\231\250/crates/kernel/src/cycle_io.rs"], 0x7ffdc1bb9fc8 /* 135 vars */) = -1 ENOENT (No such file or directory)
1426318 execve("/home/zhuran24/.opencode/bin/sha256sum", ["sha256sum", "--", "/tmp/kernel-audit2-v3r63b5w/\346\261\202\350\247\243\345\231\250/crates/kernel/src/cycle_io.rs"], 0x7ffdc1bb9fc8 /* 135 vars */) = -1 ENOENT (No such file or directory)
1426318 execve("/usr/local/bin/sha256sum", ["sha256sum", "--", "/tmp/kernel-audit2-v3r63b5w/\346\261\202\350\247\243\345\231\250/crates/kernel/src/cycle_io.rs"], 0x7ffdc1bb9fc8 /* 135 vars */) = -1 ENOENT (No such file or directory)
1426318 execve("/usr/bin/sha256sum", ["sha256sum", "--", "/tmp/kernel-audit2-v3r63b5w/\346\261\202\350\247\243\345\231\250/crates/kernel/src/cycle_io.rs"], 0x7ffdc1bb9fc8 /* 135 vars */) = 0
1426318 openat(AT_FDCWD</tmp/kernel-audit2-v3r63b5w/\346\261\202\350\247\243\345\231\250>, "/etc/ld.so.cache", O_RDONLY|O_CLOEXEC) = 3</etc/ld.so.cache>
1426318 openat(AT_FDCWD</tmp/kernel-audit2-v3r63b5w/\346\261\202\350\247\243\345\231\250>, "/usr/lib/libcrypto.so.3", O_RDONLY|O_CLOEXEC) = 3</usr/lib/libcrypto.so.3>
1426318 openat(AT_FDCWD</tmp/kernel-audit2-v3r63b5w/\346\261\202\350\247\243\345\231\250>, "/usr/lib/libc.so.6", O_RDONLY|O_CLOEXEC) = 3</usr/lib/libc.so.6>
1426318 openat(AT_FDCWD</tmp/kernel-audit2-v3r63b5w/\346\261\202\350\247\243\345\231\250>, "/usr/lib/libz.so.1", O_RDONLY|O_CLOEXEC) = 3</usr/lib/libz.so.1.3.1.zlib-ng>
1426318 openat(AT_FDCWD</tmp/kernel-audit2-v3r63b5w/\346\261\202\350\247\243\345\231\250>, "/usr/lib/libbrotlienc.so.1", O_RDONLY|O_CLOEXEC) = 3</usr/lib/libbrotlienc.so.1.2.0>
1426318 openat(AT_FDCWD</tmp/kernel-audit2-v3r63b5w/\346\261\202\350\247\243\345\231\250>, "/usr/lib/libbrotlidec.so.1", O_RDONLY|O_CLOEXEC) = 3</usr/lib/libbrotlidec.so.1.2.0>
1426318 openat(AT_FDCWD</tmp/kernel-audit2-v3r63b5w/\346\261\202\350\247\243\345\231\250>, "/usr/lib/libzstd.so.1", O_RDONLY|O_CLOEXEC) = 3</usr/lib/libzstd.so.1.5.7>
1426318 openat(AT_FDCWD</tmp/kernel-audit2-v3r63b5w/\346\261\202\350\247\243\345\231\250>, "/usr/lib/libm.so.6", O_RDONLY|O_CLOEXEC) = 3</usr/lib/libm.so.6>
1426318 openat(AT_FDCWD</tmp/kernel-audit2-v3r63b5w/\346\261\202\350\247\243\345\231\250>, "/usr/lib/libbrotlicommon.so.1", O_RDONLY|O_CLOEXEC) = 3</usr/lib/libbrotlicommon.so.1.2.0>
1426318 openat(AT_FDCWD</tmp/kernel-audit2-v3r63b5w/\346\261\202\350\247\243\345\231\250>, "/usr/lib/locale/locale-archive", O_RDONLY|O_CLOEXEC) = 3</usr/lib/locale/locale-archive>
1426318 openat(AT_FDCWD</tmp/kernel-audit2-v3r63b5w/\346\261\202\350\247\243\345\231\250>, "/usr/share/locale/locale.alias", O_RDONLY|O_CLOEXEC) = 3</usr/share/locale/locale.alias>
1426318 openat(AT_FDCWD</tmp/kernel-audit2-v3r63b5w/\346\261\202\350\247\243\345\231\250>, "/usr/lib/locale/C.UTF-8/LC_IDENTIFICATION", O_RDONLY|O_CLOEXEC) = -1 ENOENT (No such file or directory)
1426318 openat(AT_FDCWD</tmp/kernel-audit2-v3r63b5w/\346\261\202\350\247\243\345\231\250>, "/usr/lib/locale/C.utf8/LC_IDENTIFICATION", O_RDONLY|O_CLOEXEC) = 3</usr/lib/locale/C.utf8/LC_IDENTIFICATION>
1426318 openat(AT_FDCWD</tmp/kernel-audit2-v3r63b5w/\346\261\202\350\247\243\345\231\250>, "/usr/lib/gconv/gconv-modules.cache", O_RDONLY|O_CLOEXEC) = 3</usr/lib/gconv/gconv-modules.cache>
1426318 openat(AT_FDCWD</tmp/kernel-audit2-v3r63b5w/\346\261\202\350\247\243\345\231\250>, "/usr/lib/locale/C.UTF-8/LC_MEASUREMENT", O_RDONLY|O_CLOEXEC) = -1 ENOENT (No such file or directory)
1426318 openat(AT_FDCWD</tmp/kernel-audit2-v3r63b5w/\346\261\202\350\247\243\345\231\250>, "/usr/lib/locale/C.utf8/LC_MEASUREMENT", O_RDONLY|O_CLOEXEC) = 3</usr/lib/locale/C.utf8/LC_MEASUREMENT>
1426318 openat(AT_FDCWD</tmp/kernel-audit2-v3r63b5w/\346\261\202\350\247\243\345\231\250>, "/usr/lib/locale/C.UTF-8/LC_TELEPHONE", O_RDONLY|O_CLOEXEC) = -1 ENOENT (No such file or directory)
1426318 openat(AT_FDCWD</tmp/kernel-audit2-v3r63b5w/\346\261\202\350\247\243\345\231\250>, "/usr/lib/locale/C.utf8/LC_TELEPHONE", O_RDONLY|O_CLOEXEC) = 3</usr/lib/locale/C.utf8/LC_TELEPHONE>
1426318 openat(AT_FDCWD</tmp/kernel-audit2-v3r63b5w/\346\261\202\350\247\243\345\231\250>, "/usr/lib/locale/C.UTF-8/LC_ADDRESS", O_RDONLY|O_CLOEXEC) = -1 ENOENT (No such file or directory)
1426318 openat(AT_FDCWD</tmp/kernel-audit2-v3r63b5w/\346\261\202\350\247\243\345\231\250>, "/usr/lib/locale/C.utf8/LC_ADDRESS", O_RDONLY|O_CLOEXEC) = 3</usr/lib/locale/C.utf8/LC_ADDRESS>
1426318 openat(AT_FDCWD</tmp/kernel-audit2-v3r63b5w/\346\261\202\350\247\243\345\231\250>, "/usr/lib/locale/C.UTF-8/LC_NAME", O_RDONLY|O_CLOEXEC) = -1 ENOENT (No such file or directory)
1426318 openat(AT_FDCWD</tmp/kernel-audit2-v3r63b5w/\346\261\202\350\247\243\345\231\250>, "/usr/lib/locale/C.utf8/LC_NAME", O_RDONLY|O_CLOEXEC) = 3</usr/lib/locale/C.utf8/LC_NAME>
1426318 openat(AT_FDCWD</tmp/kernel-audit2-v3r63b5w/\346\261\202\350\247\243\345\231\250>, "/usr/lib/locale/C.UTF-8/LC_PAPER", O_RDONLY|O_CLOEXEC) = -1 ENOENT (No such file or directory)
1426318 openat(AT_FDCWD</tmp/kernel-audit2-v3r63b5w/\346\261\202\350\247\243\345\231\250>, "/usr/lib/locale/C.utf8/LC_PAPER", O_RDONLY|O_CLOEXEC) = 3</usr/lib/locale/C.utf8/LC_PAPER>
1426318 openat(AT_FDCWD</tmp/kernel-audit2-v3r63b5w/\346\261\202\350\247\243\345\231\250>, "/usr/lib/locale/C.UTF-8/LC_MESSAGES", O_RDONLY|O_CLOEXEC) = -1 ENOENT (No such file or directory)
1426318 openat(AT_FDCWD</tmp/kernel-audit2-v3r63b5w/\346\261\202\350\247\243\345\231\250>, "/usr/lib/locale/C.utf8/LC_MESSAGES", O_RDONLY|O_CLOEXEC) = 3</usr/lib/locale/C.utf8/LC_MESSAGES>
1426318 openat(AT_FDCWD</tmp/kernel-audit2-v3r63b5w/\346\261\202\350\247\243\345\231\250>, "/usr/lib/locale/C.utf8/LC_MESSAGES/SYS_LC_MESSAGES", O_RDONLY|O_CLOEXEC) = 3</usr/lib/locale/C.utf8/LC_MESSAGES/SYS_LC_MESSAGES>
1426318 openat(AT_FDCWD</tmp/kernel-audit2-v3r63b5w/\346\261\202\350\247\243\345\231\250>, "/usr/lib/locale/C.UTF-8/LC_MONETARY", O_RDONLY|O_CLOEXEC) = -1 ENOENT (No such file or directory)
1426318 openat(AT_FDCWD</tmp/kernel-audit2-v3r63b5w/\346\261\202\350\247\243\345\231\250>, "/usr/lib/locale/C.utf8/LC_MONETARY", O_RDONLY|O_CLOEXEC) = 3</usr/lib/locale/C.utf8/LC_MONETARY>
1426318 openat(AT_FDCWD</tmp/kernel-audit2-v3r63b5w/\346\261\202\350\247\243\345\231\250>, "/usr/lib/locale/C.UTF-8/LC_COLLATE", O_RDONLY|O_CLOEXEC) = -1 ENOENT (No such file or directory)
1426318 openat(AT_FDCWD</tmp/kernel-audit2-v3r63b5w/\346\261\202\350\247\243\345\231\250>, "/usr/lib/locale/C.utf8/LC_COLLATE", O_RDONLY|O_CLOEXEC) = 3</usr/lib/locale/C.utf8/LC_COLLATE>
1426318 openat(AT_FDCWD</tmp/kernel-audit2-v3r63b5w/\346\261\202\350\247\243\345\231\250>, "/usr/lib/locale/C.UTF-8/LC_TIME", O_RDONLY|O_CLOEXEC) = -1 ENOENT (No such file or directory)
1426318 openat(AT_FDCWD</tmp/kernel-audit2-v3r63b5w/\346\261\202\350\247\243\345\231\250>, "/usr/lib/locale/C.utf8/LC_TIME", O_RDONLY|O_CLOEXEC) = 3</usr/lib/locale/C.utf8/LC_TIME>
1426318 openat(AT_FDCWD</tmp/kernel-audit2-v3r63b5w/\346\261\202\350\247\243\345\231\250>, "/usr/lib/locale/C.UTF-8/LC_NUMERIC", O_RDONLY|O_CLOEXEC) = -1 ENOENT (No such file or directory)
1426318 openat(AT_FDCWD</tmp/kernel-audit2-v3r63b5w/\346\261\202\350\247\243\345\231\250>, "/usr/lib/locale/C.utf8/LC_NUMERIC", O_RDONLY|O_CLOEXEC) = 3</usr/lib/locale/C.utf8/LC_NUMERIC>
1426318 openat(AT_FDCWD</tmp/kernel-audit2-v3r63b5w/\346\261\202\350\247\243\345\231\250>, "/usr/lib/locale/C.UTF-8/LC_CTYPE", O_RDONLY|O_CLOEXEC) = -1 ENOENT (No such file or directory)
1426318 openat(AT_FDCWD</tmp/kernel-audit2-v3r63b5w/\346\261\202\350\247\243\345\231\250>, "/usr/lib/locale/C.utf8/LC_CTYPE", O_RDONLY|O_CLOEXEC) = 3</usr/lib/locale/C.utf8/LC_CTYPE>
1426318 openat(AT_FDCWD</tmp/kernel-audit2-v3r63b5w/\346\261\202\350\247\243\345\231\250>, "/tmp/kernel-audit2-v3r63b5w/\346\261\202\350\247\243\345\231\250/crates/kernel/src/cycle_io.rs", O_RDONLY) = 3</tmp/kernel-audit2-v3r63b5w/\346\261\202\350\247\243\345\231\250/crates/kernel/src/cycle_io.rs>
1426283 --- SIGCHLD {si_signo=SIGCHLD, si_code=CLD_EXITED, si_pid=1426318, si_uid=1000, si_status=0, si_utime=0, si_stime=0} ---
1426283 openat(AT_FDCWD</tmp/kernel-audit2-v3r63b5w/\346\261\202\350\247\243\345\231\250>, "/dev/null", O_RDONLY|O_CLOEXEC) = 3</dev/null<char 1:3>>
1426319 execve("/home/zhuran24/.codex/tmp/arg0/codex-arg0DuAZRy/sha256sum", ["sha256sum", "--", "/tmp/kernel-audit2-v3r63b5w/\346\261\202\350\247\243\345\231\250/crates/kernel/src/digest.rs"], 0x7ffdc1bb9fc8 /* 135 vars */) = -1 ENOENT (No such file or directory)
1426319 execve("/home/zhuran24/.cargo/bin/sha256sum", ["sha256sum", "--", "/tmp/kernel-audit2-v3r63b5w/\346\261\202\350\247\243\345\231\250/crates/kernel/src/digest.rs"], 0x7ffdc1bb9fc8 /* 135 vars */) = -1 ENOENT (No such file or directory)
1426319 execve("/home/zhuran24/.local/bin/sha256sum", ["sha256sum", "--", "/tmp/kernel-audit2-v3r63b5w/\346\261\202\350\247\243\345\231\250/crates/kernel/src/digest.rs"], 0x7ffdc1bb9fc8 /* 135 vars */) = -1 ENOENT (No such file or directory)
1426319 execve("/home/zhuran24/.opencode/bin/sha256sum", ["sha256sum", "--", "/tmp/kernel-audit2-v3r63b5w/\346\261\202\350\247\243\345\231\250/crates/kernel/src/digest.rs"], 0x7ffdc1bb9fc8 /* 135 vars */) = -1 ENOENT (No such file or directory)
1426319 execve("/usr/local/bin/sha256sum", ["sha256sum", "--", "/tmp/kernel-audit2-v3r63b5w/\346\261\202\350\247\243\345\231\250/crates/kernel/src/digest.rs"], 0x7ffdc1bb9fc8 /* 135 vars */) = -1 ENOENT (No such file or directory)
1426319 execve("/usr/bin/sha256sum", ["sha256sum", "--", "/tmp/kernel-audit2-v3r63b5w/\346\261\202\350\247\243\345\231\250/crates/kernel/src/digest.rs"], 0x7ffdc1bb9fc8 /* 135 vars */) = 0
1426319 openat(AT_FDCWD</tmp/kernel-audit2-v3r63b5w/\346\261\202\350\247\243\345\231\250>, "/etc/ld.so.cache", O_RDONLY|O_CLOEXEC) = 3</etc/ld.so.cache>
1426319 openat(AT_FDCWD</tmp/kernel-audit2-v3r63b5w/\346\261\202\350\247\243\345\231\250>, "/usr/lib/libcrypto.so.3", O_RDONLY|O_CLOEXEC) = 3</usr/lib/libcrypto.so.3>
1426319 openat(AT_FDCWD</tmp/kernel-audit2-v3r63b5w/\346\261\202\350\247\243\345\231\250>, "/usr/lib/libc.so.6", O_RDONLY|O_CLOEXEC) = 3</usr/lib/libc.so.6>
1426319 openat(AT_FDCWD</tmp/kernel-audit2-v3r63b5w/\346\261\202\350\247\243\345\231\250>, "/usr/lib/libz.so.1", O_RDONLY|O_CLOEXEC) = 3</usr/lib/libz.so.1.3.1.zlib-ng>
1426319 openat(AT_FDCWD</tmp/kernel-audit2-v3r63b5w/\346\261\202\350\247\243\345\231\250>, "/usr/lib/libbrotlienc.so.1", O_RDONLY|O_CLOEXEC) = 3</usr/lib/libbrotlienc.so.1.2.0>
1426319 openat(AT_FDCWD</tmp/kernel-audit2-v3r63b5w/\346\261\202\350\247\243\345\231\250>, "/usr/lib/libbrotlidec.so.1", O_RDONLY|O_CLOEXEC) = 3</usr/lib/libbrotlidec.so.1.2.0>
1426319 openat(AT_FDCWD</tmp/kernel-audit2-v3r63b5w/\346\261\202\350\247\243\345\231\250>, "/usr/lib/libzstd.so.1", O_RDONLY|O_CLOEXEC) = 3</usr/lib/libzstd.so.1.5.7>
1426319 openat(AT_FDCWD</tmp/kernel-audit2-v3r63b5w/\346\261\202\350\247\243\345\231\250>, "/usr/lib/libm.so.6", O_RDONLY|O_CLOEXEC) = 3</usr/lib/libm.so.6>
1426319 openat(AT_FDCWD</tmp/kernel-audit2-v3r63b5w/\346\261\202\350\247\243\345\231\250>, "/usr/lib/libbrotlicommon.so.1", O_RDONLY|O_CLOEXEC) = 3</usr/lib/libbrotlicommon.so.1.2.0>
1426319 openat(AT_FDCWD</tmp/kernel-audit2-v3r63b5w/\346\261\202\350\247\243\345\231\250>, "/usr/lib/locale/locale-archive", O_RDONLY|O_CLOEXEC) = 3</usr/lib/locale/locale-archive>
1426319 openat(AT_FDCWD</tmp/kernel-audit2-v3r63b5w/\346\261\202\350\247\243\345\231\250>, "/usr/share/locale/locale.alias", O_RDONLY|O_CLOEXEC) = 3</usr/share/locale/locale.alias>
1426319 openat(AT_FDCWD</tmp/kernel-audit2-v3r63b5w/\346\261\202\350\247\243\345\231\250>, "/usr/lib/locale/C.UTF-8/LC_IDENTIFICATION", O_RDONLY|O_CLOEXEC) = -1 ENOENT (No such file or directory)
1426319 openat(AT_FDCWD</tmp/kernel-audit2-v3r63b5w/\346\261\202\350\247\243\345\231\250>, "/usr/lib/locale/C.utf8/LC_IDENTIFICATION", O_RDONLY|O_CLOEXEC) = 3</usr/lib/locale/C.utf8/LC_IDENTIFICATION>
1426319 openat(AT_FDCWD</tmp/kernel-audit2-v3r63b5w/\346\261\202\350\247\243\345\231\250>, "/usr/lib/gconv/gconv-modules.cache", O_RDONLY|O_CLOEXEC) = 3</usr/lib/gconv/gconv-modules.cache>
1426319 openat(AT_FDCWD</tmp/kernel-audit2-v3r63b5w/\346\261\202\350\247\243\345\231\250>, "/usr/lib/locale/C.UTF-8/LC_MEASUREMENT", O_RDONLY|O_CLOEXEC) = -1 ENOENT (No such file or directory)
1426319 openat(AT_FDCWD</tmp/kernel-audit2-v3r63b5w/\346\261\202\350\247\243\345\231\250>, "/usr/lib/locale/C.utf8/LC_MEASUREMENT", O_RDONLY|O_CLOEXEC) = 3</usr/lib/locale/C.utf8/LC_MEASUREMENT>
1426319 openat(AT_FDCWD</tmp/kernel-audit2-v3r63b5w/\346\261\202\350\247\243\345\231\250>, "/usr/lib/locale/C.UTF-8/LC_TELEPHONE", O_RDONLY|O_CLOEXEC) = -1 ENOENT (No such file or directory)
1426319 openat(AT_FDCWD</tmp/kernel-audit2-v3r63b5w/\346\261\202\350\247\243\345\231\250>, "/usr/lib/locale/C.utf8/LC_TELEPHONE", O_RDONLY|O_CLOEXEC) = 3</usr/lib/locale/C.utf8/LC_TELEPHONE>
1426319 openat(AT_FDCWD</tmp/kernel-audit2-v3r63b5w/\346\261\202\350\247\243\345\231\250>, "/usr/lib/locale/C.UTF-8/LC_ADDRESS", O_RDONLY|O_CLOEXEC) = -1 ENOENT (No such file or directory)
1426319 openat(AT_FDCWD</tmp/kernel-audit2-v3r63b5w/\346\261\202\350\247\243\345\231\250>, "/usr/lib/locale/C.utf8/LC_ADDRESS", O_RDONLY|O_CLOEXEC) = 3</usr/lib/locale/C.utf8/LC_ADDRESS>
1426319 openat(AT_FDCWD</tmp/kernel-audit2-v3r63b5w/\346\261\202\350\247\243\345\231\250>, "/usr/lib/locale/C.UTF-8/LC_NAME", O_RDONLY|O_CLOEXEC) = -1 ENOENT (No such file or directory)
1426319 openat(AT_FDCWD</tmp/kernel-audit2-v3r63b5w/\346\261\202\350\247\243\345\231\250>, "/usr/lib/locale/C.utf8/LC_NAME", O_RDONLY|O_CLOEXEC) = 3</usr/lib/locale/C.utf8/LC_NAME>
1426319 openat(AT_FDCWD</tmp/kernel-audit2-v3r63b5w/\346\261\202\350\247\243\345\231\250>, "/usr/lib/locale/C.UTF-8/LC_PAPER", O_RDONLY|O_CLOEXEC) = -1 ENOENT (No such file or directory)
1426319 openat(AT_FDCWD</tmp/kernel-audit2-v3r63b5w/\346\261\202\350\247\243\345\231\250>, "/usr/lib/locale/C.utf8/LC_PAPER", O_RDONLY|O_CLOEXEC) = 3</usr/lib/locale/C.utf8/LC_PAPER>
1426319 openat(AT_FDCWD</tmp/kernel-audit2-v3r63b5w/\346\261\202\350\247\243\345\231\250>, "/usr/lib/locale/C.UTF-8/LC_MESSAGES", O_RDONLY|O_CLOEXEC) = -1 ENOENT (No such file or directory)
1426319 openat(AT_FDCWD</tmp/kernel-audit2-v3r63b5w/\346\261\202\350\247\243\345\231\250>, "/usr/lib/locale/C.utf8/LC_MESSAGES", O_RDONLY|O_CLOEXEC) = 3</usr/lib/locale/C.utf8/LC_MESSAGES>
1426319 openat(AT_FDCWD</tmp/kernel-audit2-v3r63b5w/\346\261\202\350\247\243\345\231\250>, "/usr/lib/locale/C.utf8/LC_MESSAGES/SYS_LC_MESSAGES", O_RDONLY|O_CLOEXEC) = 3</usr/lib/locale/C.utf8/LC_MESSAGES/SYS_LC_MESSAGES>
1426319 openat(AT_FDCWD</tmp/kernel-audit2-v3r63b5w/\346\261\202\350\247\243\345\231\250>, "/usr/lib/locale/C.UTF-8/LC_MONETARY", O_RDONLY|O_CLOEXEC) = -1 ENOENT (No such file or directory)
1426319 openat(AT_FDCWD</tmp/kernel-audit2-v3r63b5w/\346\261\202\350\247\243\345\231\250>, "/usr/lib/locale/C.utf8/LC_MONETARY", O_RDONLY|O_CLOEXEC) = 3</usr/lib/locale/C.utf8/LC_MONETARY>
1426319 openat(AT_FDCWD</tmp/kernel-audit2-v3r63b5w/\346\261\202\350\247\243\345\231\250>, "/usr/lib/locale/C.UTF-8/LC_COLLATE", O_RDONLY|O_CLOEXEC) = -1 ENOENT (No such file or directory)
1426319 openat(AT_FDCWD</tmp/kernel-audit2-v3r63b5w/\346\261\202\350\247\243\345\231\250>, "/usr/lib/locale/C.utf8/LC_COLLATE", O_RDONLY|O_CLOEXEC) = 3</usr/lib/locale/C.utf8/LC_COLLATE>
1426319 openat(AT_FDCWD</tmp/kernel-audit2-v3r63b5w/\346\261\202\350\247\243\345\231\250>, "/usr/lib/locale/C.UTF-8/LC_TIME", O_RDONLY|O_CLOEXEC) = -1 ENOENT (No such file or directory)
1426319 openat(AT_FDCWD</tmp/kernel-audit2-v3r63b5w/\346\261\202\350\247\243\345\231\250>, "/usr/lib/locale/C.utf8/LC_TIME", O_RDONLY|O_CLOEXEC) = 3</usr/lib/locale/C.utf8/LC_TIME>
1426319 openat(AT_FDCWD</tmp/kernel-audit2-v3r63b5w/\346\261\202\350\247\243\345\231\250>, "/usr/lib/locale/C.UTF-8/LC_NUMERIC", O_RDONLY|O_CLOEXEC) = -1 ENOENT (No such file or directory)
1426319 openat(AT_FDCWD</tmp/kernel-audit2-v3r63b5w/\346\261\202\350\247\243\345\231\250>, "/usr/lib/locale/C.utf8/LC_NUMERIC", O_RDONLY|O_CLOEXEC) = 3</usr/lib/locale/C.utf8/LC_NUMERIC>
1426319 openat(AT_FDCWD</tmp/kernel-audit2-v3r63b5w/\346\261\202\350\247\243\345\231\250>, "/usr/lib/locale/C.UTF-8/LC_CTYPE", O_RDONLY|O_CLOEXEC) = -1 ENOENT (No such file or directory)
1426319 openat(AT_FDCWD</tmp/kernel-audit2-v3r63b5w/\346\261\202\350\247\243\345\231\250>, "/usr/lib/locale/C.utf8/LC_CTYPE", O_RDONLY|O_CLOEXEC) = 3</usr/lib/locale/C.utf8/LC_CTYPE>
1426319 openat(AT_FDCWD</tmp/kernel-audit2-v3r63b5w/\346\261\202\350\247\243\345\231\250>, "/tmp/kernel-audit2-v3r63b5w/\346\261\202\350\247\243\345\231\250/crates/kernel/src/digest.rs", O_RDONLY) = 3</tmp/kernel-audit2-v3r63b5w/\346\261\202\350\247\243\345\231\250/crates/kernel/src/digest.rs>
1426283 --- SIGCHLD {si_signo=SIGCHLD, si_code=CLD_EXITED, si_pid=1426319, si_uid=1000, si_status=0, si_utime=0, si_stime=0} ---
1426283 openat(AT_FDCWD</tmp/kernel-audit2-v3r63b5w/\346\261\202\350\247\243\345\231\250>, "/dev/null", O_RDONLY|O_CLOEXEC) = 3</dev/null<char 1:3>>
1426320 execve("/home/zhuran24/.codex/tmp/arg0/codex-arg0DuAZRy/sha256sum", ["sha256sum", "--", "/tmp/kernel-audit2-v3r63b5w/\346\261\202\350\247\243\345\231\250/crates/kernel/src/seed.rs"], 0x7ffdc1bb9fc8 /* 135 vars */) = -1 ENOENT (No such file or directory)
1426320 execve("/home/zhuran24/.cargo/bin/sha256sum", ["sha256sum", "--", "/tmp/kernel-audit2-v3r63b5w/\346\261\202\350\247\243\345\231\250/crates/kernel/src/seed.rs"], 0x7ffdc1bb9fc8 /* 135 vars */) = -1 ENOENT (No such file or directory)
1426320 execve("/home/zhuran24/.local/bin/sha256sum", ["sha256sum", "--", "/tmp/kernel-audit2-v3r63b5w/\346\261\202\350\247\243\345\231\250/crates/kernel/src/seed.rs"], 0x7ffdc1bb9fc8 /* 135 vars */) = -1 ENOENT (No such file or directory)
1426320 execve("/home/zhuran24/.opencode/bin/sha256sum", ["sha256sum", "--", "/tmp/kernel-audit2-v3r63b5w/\346\261\202\350\247\243\345\231\250/crates/kernel/src/seed.rs"], 0x7ffdc1bb9fc8 /* 135 vars */) = -1 ENOENT (No such file or directory)
1426320 execve("/usr/local/bin/sha256sum", ["sha256sum", "--", "/tmp/kernel-audit2-v3r63b5w/\346\261\202\350\247\243\345\231\250/crates/kernel/src/seed.rs"], 0x7ffdc1bb9fc8 /* 135 vars */) = -1 ENOENT (No such file or directory)
1426320 execve("/usr/bin/sha256sum", ["sha256sum", "--", "/tmp/kernel-audit2-v3r63b5w/\346\261\202\350\247\243\345\231\250/crates/kernel/src/seed.rs"], 0x7ffdc1bb9fc8 /* 135 vars */) = 0
1426320 openat(AT_FDCWD</tmp/kernel-audit2-v3r63b5w/\346\261\202\350\247\243\345\231\250>, "/etc/ld.so.cache", O_RDONLY|O_CLOEXEC) = 3</etc/ld.so.cache>
1426320 openat(AT_FDCWD</tmp/kernel-audit2-v3r63b5w/\346\261\202\350\247\243\345\231\250>, "/usr/lib/libcrypto.so.3", O_RDONLY|O_CLOEXEC) = 3</usr/lib/libcrypto.so.3>
1426320 openat(AT_FDCWD</tmp/kernel-audit2-v3r63b5w/\346\261\202\350\247\243\345\231\250>, "/usr/lib/libc.so.6", O_RDONLY|O_CLOEXEC) = 3</usr/lib/libc.so.6>
1426320 openat(AT_FDCWD</tmp/kernel-audit2-v3r63b5w/\346\261\202\350\247\243\345\231\250>, "/usr/lib/libz.so.1", O_RDONLY|O_CLOEXEC) = 3</usr/lib/libz.so.1.3.1.zlib-ng>
1426320 openat(AT_FDCWD</tmp/kernel-audit2-v3r63b5w/\346\261\202\350\247\243\345\231\250>, "/usr/lib/libbrotlienc.so.1", O_RDONLY|O_CLOEXEC) = 3</usr/lib/libbrotlienc.so.1.2.0>
1426320 openat(AT_FDCWD</tmp/kernel-audit2-v3r63b5w/\346\261\202\350\247\243\345\231\250>, "/usr/lib/libbrotlidec.so.1", O_RDONLY|O_CLOEXEC) = 3</usr/lib/libbrotlidec.so.1.2.0>
1426320 openat(AT_FDCWD</tmp/kernel-audit2-v3r63b5w/\346\261\202\350\247\243\345\231\250>, "/usr/lib/libzstd.so.1", O_RDONLY|O_CLOEXEC) = 3</usr/lib/libzstd.so.1.5.7>
1426320 openat(AT_FDCWD</tmp/kernel-audit2-v3r63b5w/\346\261\202\350\247\243\345\231\250>, "/usr/lib/libm.so.6", O_RDONLY|O_CLOEXEC) = 3</usr/lib/libm.so.6>
1426320 openat(AT_FDCWD</tmp/kernel-audit2-v3r63b5w/\346\261\202\350\247\243\345\231\250>, "/usr/lib/libbrotlicommon.so.1", O_RDONLY|O_CLOEXEC) = 3</usr/lib/libbrotlicommon.so.1.2.0>
1426320 openat(AT_FDCWD</tmp/kernel-audit2-v3r63b5w/\346\261\202\350\247\243\345\231\250>, "/usr/lib/locale/locale-archive", O_RDONLY|O_CLOEXEC) = 3</usr/lib/locale/locale-archive>
1426320 openat(AT_FDCWD</tmp/kernel-audit2-v3r63b5w/\346\261\202\350\247\243\345\231\250>, "/usr/share/locale/locale.alias", O_RDONLY|O_CLOEXEC) = 3</usr/share/locale/locale.alias>
1426320 openat(AT_FDCWD</tmp/kernel-audit2-v3r63b5w/\346\261\202\350\247\243\345\231\250>, "/usr/lib/locale/C.UTF-8/LC_IDENTIFICATION", O_RDONLY|O_CLOEXEC) = -1 ENOENT (No such file or directory)
1426320 openat(AT_FDCWD</tmp/kernel-audit2-v3r63b5w/\346\261\202\350\247\243\345\231\250>, "/usr/lib/locale/C.utf8/LC_IDENTIFICATION", O_RDONLY|O_CLOEXEC) = 3</usr/lib/locale/C.utf8/LC_IDENTIFICATION>
1426320 openat(AT_FDCWD</tmp/kernel-audit2-v3r63b5w/\346\261\202\350\247\243\345\231\250>, "/usr/lib/gconv/gconv-modules.cache", O_RDONLY|O_CLOEXEC) = 3</usr/lib/gconv/gconv-modules.cache>
1426320 openat(AT_FDCWD</tmp/kernel-audit2-v3r63b5w/\346\261\202\350\247\243\345\231\250>, "/usr/lib/locale/C.UTF-8/LC_MEASUREMENT", O_RDONLY|O_CLOEXEC) = -1 ENOENT (No such file or directory)
1426320 openat(AT_FDCWD</tmp/kernel-audit2-v3r63b5w/\346\261\202\350\247\243\345\231\250>, "/usr/lib/locale/C.utf8/LC_MEASUREMENT", O_RDONLY|O_CLOEXEC) = 3</usr/lib/locale/C.utf8/LC_MEASUREMENT>
1426320 openat(AT_FDCWD</tmp/kernel-audit2-v3r63b5w/\346\261\202\350\247\243\345\231\250>, "/usr/lib/locale/C.UTF-8/LC_TELEPHONE", O_RDONLY|O_CLOEXEC) = -1 ENOENT (No such file or directory)
1426320 openat(AT_FDCWD</tmp/kernel-audit2-v3r63b5w/\346\261\202\350\247\243\345\231\250>, "/usr/lib/locale/C.utf8/LC_TELEPHONE", O_RDONLY|O_CLOEXEC) = 3</usr/lib/locale/C.utf8/LC_TELEPHONE>
1426320 openat(AT_FDCWD</tmp/kernel-audit2-v3r63b5w/\346\261\202\350\247\243\345\231\250>, "/usr/lib/locale/C.UTF-8/LC_ADDRESS", O_RDONLY|O_CLOEXEC) = -1 ENOENT (No such file or directory)
1426320 openat(AT_FDCWD</tmp/kernel-audit2-v3r63b5w/\346\261\202\350\247\243\345\231\250>, "/usr/lib/locale/C.utf8/LC_ADDRESS", O_RDONLY|O_CLOEXEC) = 3</usr/lib/locale/C.utf8/LC_ADDRESS>
1426320 openat(AT_FDCWD</tmp/kernel-audit2-v3r63b5w/\346\261\202\350\247\243\345\231\250>, "/usr/lib/locale/C.UTF-8/LC_NAME", O_RDONLY|O_CLOEXEC) = -1 ENOENT (No such file or directory)
1426320 openat(AT_FDCWD</tmp/kernel-audit2-v3r63b5w/\346\261\202\350\247\243\345\231\250>, "/usr/lib/locale/C.utf8/LC_NAME", O_RDONLY|O_CLOEXEC) = 3</usr/lib/locale/C.utf8/LC_NAME>
1426320 openat(AT_FDCWD</tmp/kernel-audit2-v3r63b5w/\346\261\202\350\247\243\345\231\250>, "/usr/lib/locale/C.UTF-8/LC_PAPER", O_RDONLY|O_CLOEXEC) = -1 ENOENT (No such file or directory)
1426320 openat(AT_FDCWD</tmp/kernel-audit2-v3r63b5w/\346\261\202\350\247\243\345\231\250>, "/usr/lib/locale/C.utf8/LC_PAPER", O_RDONLY|O_CLOEXEC) = 3</usr/lib/locale/C.utf8/LC_PAPER>
1426320 openat(AT_FDCWD</tmp/kernel-audit2-v3r63b5w/\346\261\202\350\247\243\345\231\250>, "/usr/lib/locale/C.UTF-8/LC_MESSAGES", O_RDONLY|O_CLOEXEC) = -1 ENOENT (No such file or directory)
1426320 openat(AT_FDCWD</tmp/kernel-audit2-v3r63b5w/\346\261\202\350\247\243\345\231\250>, "/usr/lib/locale/C.utf8/LC_MESSAGES", O_RDONLY|O_CLOEXEC) = 3</usr/lib/locale/C.utf8/LC_MESSAGES>
1426320 openat(AT_FDCWD</tmp/kernel-audit2-v3r63b5w/\346\261\202\350\247\243\345\231\250>, "/usr/lib/locale/C.utf8/LC_MESSAGES/SYS_LC_MESSAGES", O_RDONLY|O_CLOEXEC) = 3</usr/lib/locale/C.utf8/LC_MESSAGES/SYS_LC_MESSAGES>
1426320 openat(AT_FDCWD</tmp/kernel-audit2-v3r63b5w/\346\261\202\350\247\243\345\231\250>, "/usr/lib/locale/C.UTF-8/LC_MONETARY", O_RDONLY|O_CLOEXEC) = -1 ENOENT (No such file or directory)
1426320 openat(AT_FDCWD</tmp/kernel-audit2-v3r63b5w/\346\261\202\350\247\243\345\231\250>, "/usr/lib/locale/C.utf8/LC_MONETARY", O_RDONLY|O_CLOEXEC) = 3</usr/lib/locale/C.utf8/LC_MONETARY>
1426320 openat(AT_FDCWD</tmp/kernel-audit2-v3r63b5w/\346\261\202\350\247\243\345\231\250>, "/usr/lib/locale/C.UTF-8/LC_COLLATE", O_RDONLY|O_CLOEXEC) = -1 ENOENT (No such file or directory)
1426320 openat(AT_FDCWD</tmp/kernel-audit2-v3r63b5w/\346\261\202\350\247\243\345\231\250>, "/usr/lib/locale/C.utf8/LC_COLLATE", O_RDONLY|O_CLOEXEC) = 3</usr/lib/locale/C.utf8/LC_COLLATE>
1426320 openat(AT_FDCWD</tmp/kernel-audit2-v3r63b5w/\346\261\202\350\247\243\345\231\250>, "/usr/lib/locale/C.UTF-8/LC_TIME", O_RDONLY|O_CLOEXEC) = -1 ENOENT (No such file or directory)
1426320 openat(AT_FDCWD</tmp/kernel-audit2-v3r63b5w/\346\261\202\350\247\243\345\231\250>, "/usr/lib/locale/C.utf8/LC_TIME", O_RDONLY|O_CLOEXEC) = 3</usr/lib/locale/C.utf8/LC_TIME>
1426320 openat(AT_FDCWD</tmp/kernel-audit2-v3r63b5w/\346\261\202\350\247\243\345\231\250>, "/usr/lib/locale/C.UTF-8/LC_NUMERIC", O_RDONLY|O_CLOEXEC) = -1 ENOENT (No such file or directory)
1426320 openat(AT_FDCWD</tmp/kernel-audit2-v3r63b5w/\346\261\202\350\247\243\345\231\250>, "/usr/lib/locale/C.utf8/LC_NUMERIC", O_RDONLY|O_CLOEXEC) = 3</usr/lib/locale/C.utf8/LC_NUMERIC>
1426320 openat(AT_FDCWD</tmp/kernel-audit2-v3r63b5w/\346\261\202\350\247\243\345\231\250>, "/usr/lib/locale/C.UTF-8/LC_CTYPE", O_RDONLY|O_CLOEXEC) = -1 ENOENT (No such file or directory)
1426320 openat(AT_FDCWD</tmp/kernel-audit2-v3r63b5w/\346\261\202\350\247\243\345\231\250>, "/usr/lib/locale/C.utf8/LC_CTYPE", O_RDONLY|O_CLOEXEC) = 3</usr/lib/locale/C.utf8/LC_CTYPE>
1426320 openat(AT_FDCWD</tmp/kernel-audit2-v3r63b5w/\346\261\202\350\247\243\345\231\250>, "/tmp/kernel-audit2-v3r63b5w/\346\261\202\350\247\243\345\231\250/crates/kernel/src/seed.rs", O_RDONLY) = 3</tmp/kernel-audit2-v3r63b5w/\346\261\202\350\247\243\345\231\250/crates/kernel/src/seed.rs>
1426283 --- SIGCHLD {si_signo=SIGCHLD, si_code=CLD_EXITED, si_pid=1426320, si_uid=1000, si_status=0, si_utime=0, si_stime=0} ---
1426283 openat(AT_FDCWD</tmp/kernel-audit2-v3r63b5w/\346\261\202\350\247\243\345\231\250>, "/dev/null", O_RDONLY|O_CLOEXEC) = 3</dev/null<char 1:3>>
1426321 execve("/home/zhuran24/.codex/tmp/arg0/codex-arg0DuAZRy/sha256sum", ["sha256sum", "--", "/tmp/kernel-audit2-v3r63b5w/\346\261\202\350\247\243\345\231\250/crates/kernel/src/cache.rs"], 0x7ffdc1bb9fc8 /* 135 vars */) = -1 ENOENT (No such file or directory)
1426321 execve("/home/zhuran24/.cargo/bin/sha256sum", ["sha256sum", "--", "/tmp/kernel-audit2-v3r63b5w/\346\261\202\350\247\243\345\231\250/crates/kernel/src/cache.rs"], 0x7ffdc1bb9fc8 /* 135 vars */) = -1 ENOENT (No such file or directory)
1426321 execve("/home/zhuran24/.local/bin/sha256sum", ["sha256sum", "--", "/tmp/kernel-audit2-v3r63b5w/\346\261\202\350\247\243\345\231\250/crates/kernel/src/cache.rs"], 0x7ffdc1bb9fc8 /* 135 vars */) = -1 ENOENT (No such file or directory)
1426321 execve("/home/zhuran24/.opencode/bin/sha256sum", ["sha256sum", "--", "/tmp/kernel-audit2-v3r63b5w/\346\261\202\350\247\243\345\231\250/crates/kernel/src/cache.rs"], 0x7ffdc1bb9fc8 /* 135 vars */) = -1 ENOENT (No such file or directory)
1426321 execve("/usr/local/bin/sha256sum", ["sha256sum", "--", "/tmp/kernel-audit2-v3r63b5w/\346\261\202\350\247\243\345\231\250/crates/kernel/src/cache.rs"], 0x7ffdc1bb9fc8 /* 135 vars */) = -1 ENOENT (No such file or directory)
1426321 execve("/usr/bin/sha256sum", ["sha256sum", "--", "/tmp/kernel-audit2-v3r63b5w/\346\261\202\350\247\243\345\231\250/crates/kernel/src/cache.rs"], 0x7ffdc1bb9fc8 /* 135 vars */) = 0
1426321 openat(AT_FDCWD</tmp/kernel-audit2-v3r63b5w/\346\261\202\350\247\243\345\231\250>, "/etc/ld.so.cache", O_RDONLY|O_CLOEXEC) = 3</etc/ld.so.cache>
1426321 openat(AT_FDCWD</tmp/kernel-audit2-v3r63b5w/\346\261\202\350\247\243\345\231\250>, "/usr/lib/libcrypto.so.3", O_RDONLY|O_CLOEXEC) = 3</usr/lib/libcrypto.so.3>
1426321 openat(AT_FDCWD</tmp/kernel-audit2-v3r63b5w/\346\261\202\350\247\243\345\231\250>, "/usr/lib/libc.so.6", O_RDONLY|O_CLOEXEC) = 3</usr/lib/libc.so.6>
1426321 openat(AT_FDCWD</tmp/kernel-audit2-v3r63b5w/\346\261\202\350\247\243\345\231\250>, "/usr/lib/libz.so.1", O_RDONLY|O_CLOEXEC) = 3</usr/lib/libz.so.1.3.1.zlib-ng>
1426321 openat(AT_FDCWD</tmp/kernel-audit2-v3r63b5w/\346\261\202\350\247\243\345\231\250>, "/usr/lib/libbrotlienc.so.1", O_RDONLY|O_CLOEXEC) = 3</usr/lib/libbrotlienc.so.1.2.0>
1426321 openat(AT_FDCWD</tmp/kernel-audit2-v3r63b5w/\346\261\202\350\247\243\345\231\250>, "/usr/lib/libbrotlidec.so.1", O_RDONLY|O_CLOEXEC) = 3</usr/lib/libbrotlidec.so.1.2.0>
1426321 openat(AT_FDCWD</tmp/kernel-audit2-v3r63b5w/\346\261\202\350\247\243\345\231\250>, "/usr/lib/libzstd.so.1", O_RDONLY|O_CLOEXEC) = 3</usr/lib/libzstd.so.1.5.7>
1426321 openat(AT_FDCWD</tmp/kernel-audit2-v3r63b5w/\346\261\202\350\247\243\345\231\250>, "/usr/lib/libm.so.6", O_RDONLY|O_CLOEXEC) = 3</usr/lib/libm.so.6>
1426321 openat(AT_FDCWD</tmp/kernel-audit2-v3r63b5w/\346\261\202\350\247\243\345\231\250>, "/usr/lib/libbrotlicommon.so.1", O_RDONLY|O_CLOEXEC) = 3</usr/lib/libbrotlicommon.so.1.2.0>
1426321 openat(AT_FDCWD</tmp/kernel-audit2-v3r63b5w/\346\261\202\350\247\243\345\231\250>, "/usr/lib/locale/locale-archive", O_RDONLY|O_CLOEXEC) = 3</usr/lib/locale/locale-archive>
1426321 openat(AT_FDCWD</tmp/kernel-audit2-v3r63b5w/\346\261\202\350\247\243\345\231\250>, "/usr/share/locale/locale.alias", O_RDONLY|O_CLOEXEC) = 3</usr/share/locale/locale.alias>
1426321 openat(AT_FDCWD</tmp/kernel-audit2-v3r63b5w/\346\261\202\350\247\243\345\231\250>, "/usr/lib/locale/C.UTF-8/LC_IDENTIFICATION", O_RDONLY|O_CLOEXEC) = -1 ENOENT (No such file or directory)
1426321 openat(AT_FDCWD</tmp/kernel-audit2-v3r63b5w/\346\261\202\350\247\243\345\231\250>, "/usr/lib/locale/C.utf8/LC_IDENTIFICATION", O_RDONLY|O_CLOEXEC) = 3</usr/lib/locale/C.utf8/LC_IDENTIFICATION>
1426321 openat(AT_FDCWD</tmp/kernel-audit2-v3r63b5w/\346\261\202\350\247\243\345\231\250>, "/usr/lib/gconv/gconv-modules.cache", O_RDONLY|O_CLOEXEC) = 3</usr/lib/gconv/gconv-modules.cache>
1426321 openat(AT_FDCWD</tmp/kernel-audit2-v3r63b5w/\346\261\202\350\247\243\345\231\250>, "/usr/lib/locale/C.UTF-8/LC_MEASUREMENT", O_RDONLY|O_CLOEXEC) = -1 ENOENT (No such file or directory)
1426321 openat(AT_FDCWD</tmp/kernel-audit2-v3r63b5w/\346\261\202\350\247\243\345\231\250>, "/usr/lib/locale/C.utf8/LC_MEASUREMENT", O_RDONLY|O_CLOEXEC) = 3</usr/lib/locale/C.utf8/LC_MEASUREMENT>
1426321 openat(AT_FDCWD</tmp/kernel-audit2-v3r63b5w/\346\261\202\350\247\243\345\231\250>, "/usr/lib/locale/C.UTF-8/LC_TELEPHONE", O_RDONLY|O_CLOEXEC) = -1 ENOENT (No such file or directory)
1426321 openat(AT_FDCWD</tmp/kernel-audit2-v3r63b5w/\346\261\202\350\247\243\345\231\250>, "/usr/lib/locale/C.utf8/LC_TELEPHONE", O_RDONLY|O_CLOEXEC) = 3</usr/lib/locale/C.utf8/LC_TELEPHONE>
1426321 openat(AT_FDCWD</tmp/kernel-audit2-v3r63b5w/\346\261\202\350\247\243\345\231\250>, "/usr/lib/locale/C.UTF-8/LC_ADDRESS", O_RDONLY|O_CLOEXEC) = -1 ENOENT (No such file or directory)
1426321 openat(AT_FDCWD</tmp/kernel-audit2-v3r63b5w/\346\261\202\350\247\243\345\231\250>, "/usr/lib/locale/C.utf8/LC_ADDRESS", O_RDONLY|O_CLOEXEC) = 3</usr/lib/locale/C.utf8/LC_ADDRESS>
1426321 openat(AT_FDCWD</tmp/kernel-audit2-v3r63b5w/\346\261\202\350\247\243\345\231\250>, "/usr/lib/locale/C.UTF-8/LC_NAME", O_RDONLY|O_CLOEXEC) = -1 ENOENT (No such file or directory)
1426321 openat(AT_FDCWD</tmp/kernel-audit2-v3r63b5w/\346\261\202\350\247\243\345\231\250>, "/usr/lib/locale/C.utf8/LC_NAME", O_RDONLY|O_CLOEXEC) = 3</usr/lib/locale/C.utf8/LC_NAME>
1426321 openat(AT_FDCWD</tmp/kernel-audit2-v3r63b5w/\346\261\202\350\247\243\345\231\250>, "/usr/lib/locale/C.UTF-8/LC_PAPER", O_RDONLY|O_CLOEXEC) = -1 ENOENT (No such file or directory)
1426321 openat(AT_FDCWD</tmp/kernel-audit2-v3r63b5w/\346\261\202\350\247\243\345\231\250>, "/usr/lib/locale/C.utf8/LC_PAPER", O_RDONLY|O_CLOEXEC) = 3</usr/lib/locale/C.utf8/LC_PAPER>
1426321 openat(AT_FDCWD</tmp/kernel-audit2-v3r63b5w/\346\261\202\350\247\243\345\231\250>, "/usr/lib/locale/C.UTF-8/LC_MESSAGES", O_RDONLY|O_CLOEXEC) = -1 ENOENT (No such file or directory)
1426321 openat(AT_FDCWD</tmp/kernel-audit2-v3r63b5w/\346\261\202\350\247\243\345\231\250>, "/usr/lib/locale/C.utf8/LC_MESSAGES", O_RDONLY|O_CLOEXEC) = 3</usr/lib/locale/C.utf8/LC_MESSAGES>
1426321 openat(AT_FDCWD</tmp/kernel-audit2-v3r63b5w/\346\261\202\350\247\243\345\231\250>, "/usr/lib/locale/C.utf8/LC_MESSAGES/SYS_LC_MESSAGES", O_RDONLY|O_CLOEXEC) = 3</usr/lib/locale/C.utf8/LC_MESSAGES/SYS_LC_MESSAGES>
1426321 openat(AT_FDCWD</tmp/kernel-audit2-v3r63b5w/\346\261\202\350\247\243\345\231\250>, "/usr/lib/locale/C.UTF-8/LC_MONETARY", O_RDONLY|O_CLOEXEC) = -1 ENOENT (No such file or directory)
1426321 openat(AT_FDCWD</tmp/kernel-audit2-v3r63b5w/\346\261\202\350\247\243\345\231\250>, "/usr/lib/locale/C.utf8/LC_MONETARY", O_RDONLY|O_CLOEXEC) = 3</usr/lib/locale/C.utf8/LC_MONETARY>
1426321 openat(AT_FDCWD</tmp/kernel-audit2-v3r63b5w/\346\261\202\350\247\243\345\231\250>, "/usr/lib/locale/C.UTF-8/LC_COLLATE", O_RDONLY|O_CLOEXEC) = -1 ENOENT (No such file or directory)
1426321 openat(AT_FDCWD</tmp/kernel-audit2-v3r63b5w/\346\261\202\350\247\243\345\231\250>, "/usr/lib/locale/C.utf8/LC_COLLATE", O_RDONLY|O_CLOEXEC) = 3</usr/lib/locale/C.utf8/LC_COLLATE>
1426321 openat(AT_FDCWD</tmp/kernel-audit2-v3r63b5w/\346\261\202\350\247\243\345\231\250>, "/usr/lib/locale/C.UTF-8/LC_TIME", O_RDONLY|O_CLOEXEC) = -1 ENOENT (No such file or directory)
1426321 openat(AT_FDCWD</tmp/kernel-audit2-v3r63b5w/\346\261\202\350\247\243\345\231\250>, "/usr/lib/locale/C.utf8/LC_TIME", O_RDONLY|O_CLOEXEC) = 3</usr/lib/locale/C.utf8/LC_TIME>
1426321 openat(AT_FDCWD</tmp/kernel-audit2-v3r63b5w/\346\261\202\350\247\243\345\231\250>, "/usr/lib/locale/C.UTF-8/LC_NUMERIC", O_RDONLY|O_CLOEXEC) = -1 ENOENT (No such file or directory)
1426321 openat(AT_FDCWD</tmp/kernel-audit2-v3r63b5w/\346\261\202\350\247\243\345\231\250>, "/usr/lib/locale/C.utf8/LC_NUMERIC", O_RDONLY|O_CLOEXEC) = 3</usr/lib/locale/C.utf8/LC_NUMERIC>
1426321 openat(AT_FDCWD</tmp/kernel-audit2-v3r63b5w/\346\261\202\350\247\243\345\231\250>, "/usr/lib/locale/C.UTF-8/LC_CTYPE", O_RDONLY|O_CLOEXEC) = -1 ENOENT (No such file or directory)
1426321 openat(AT_FDCWD</tmp/kernel-audit2-v3r63b5w/\346\261\202\350\247\243\345\231\250>, "/usr/lib/locale/C.utf8/LC_CTYPE", O_RDONLY|O_CLOEXEC) = 3</usr/lib/locale/C.utf8/LC_CTYPE>
1426321 openat(AT_FDCWD</tmp/kernel-audit2-v3r63b5w/\346\261\202\350\247\243\345\231\250>, "/tmp/kernel-audit2-v3r63b5w/\346\261\202\350\247\243\345\231\250/crates/kernel/src/cache.rs", O_RDONLY) = 3</tmp/kernel-audit2-v3r63b5w/\346\261\202\350\247\243\345\231\250/crates/kernel/src/cache.rs>
1426283 --- SIGCHLD {si_signo=SIGCHLD, si_code=CLD_EXITED, si_pid=1426321, si_uid=1000, si_status=0, si_utime=0, si_stime=0} ---
1426283 openat(AT_FDCWD</tmp/kernel-audit2-v3r63b5w/\346\261\202\350\247\243\345\231\250>, "/dev/null", O_RDONLY|O_CLOEXEC) = 3</dev/null<char 1:3>>
1426322 execve("/home/zhuran24/.codex/tmp/arg0/codex-arg0DuAZRy/sha256sum", ["sha256sum", "--", "/tmp/kernel-audit2-v3r63b5w/\346\261\202\350\247\243\345\231\250/crates/kernel/src/lib.rs"], 0x7ffdc1bb9fc8 /* 135 vars */) = -1 ENOENT (No such file or directory)
1426322 execve("/home/zhuran24/.cargo/bin/sha256sum", ["sha256sum", "--", "/tmp/kernel-audit2-v3r63b5w/\346\261\202\350\247\243\345\231\250/crates/kernel/src/lib.rs"], 0x7ffdc1bb9fc8 /* 135 vars */) = -1 ENOENT (No such file or directory)
1426322 execve("/home/zhuran24/.local/bin/sha256sum", ["sha256sum", "--", "/tmp/kernel-audit2-v3r63b5w/\346\261\202\350\247\243\345\231\250/crates/kernel/src/lib.rs"], 0x7ffdc1bb9fc8 /* 135 vars */) = -1 ENOENT (No such file or directory)
1426322 execve("/home/zhuran24/.opencode/bin/sha256sum", ["sha256sum", "--", "/tmp/kernel-audit2-v3r63b5w/\346\261\202\350\247\243\345\231\250/crates/kernel/src/lib.rs"], 0x7ffdc1bb9fc8 /* 135 vars */) = -1 ENOENT (No such file or directory)
1426322 execve("/usr/local/bin/sha256sum", ["sha256sum", "--", "/tmp/kernel-audit2-v3r63b5w/\346\261\202\350\247\243\345\231\250/crates/kernel/src/lib.rs"], 0x7ffdc1bb9fc8 /* 135 vars */) = -1 ENOENT (No such file or directory)
1426322 execve("/usr/bin/sha256sum", ["sha256sum", "--", "/tmp/kernel-audit2-v3r63b5w/\346\261\202\350\247\243\345\231\250/crates/kernel/src/lib.rs"], 0x7ffdc1bb9fc8 /* 135 vars */) = 0
1426322 openat(AT_FDCWD</tmp/kernel-audit2-v3r63b5w/\346\261\202\350\247\243\345\231\250>, "/etc/ld.so.cache", O_RDONLY|O_CLOEXEC) = 3</etc/ld.so.cache>
1426322 openat(AT_FDCWD</tmp/kernel-audit2-v3r63b5w/\346\261\202\350\247\243\345\231\250>, "/usr/lib/libcrypto.so.3", O_RDONLY|O_CLOEXEC) = 3</usr/lib/libcrypto.so.3>
1426322 openat(AT_FDCWD</tmp/kernel-audit2-v3r63b5w/\346\261\202\350\247\243\345\231\250>, "/usr/lib/libc.so.6", O_RDONLY|O_CLOEXEC) = 3</usr/lib/libc.so.6>
1426322 openat(AT_FDCWD</tmp/kernel-audit2-v3r63b5w/\346\261\202\350\247\243\345\231\250>, "/usr/lib/libz.so.1", O_RDONLY|O_CLOEXEC) = 3</usr/lib/libz.so.1.3.1.zlib-ng>
1426322 openat(AT_FDCWD</tmp/kernel-audit2-v3r63b5w/\346\261\202\350\247\243\345\231\250>, "/usr/lib/libbrotlienc.so.1", O_RDONLY|O_CLOEXEC) = 3</usr/lib/libbrotlienc.so.1.2.0>
1426322 openat(AT_FDCWD</tmp/kernel-audit2-v3r63b5w/\346\261\202\350\247\243\345\231\250>, "/usr/lib/libbrotlidec.so.1", O_RDONLY|O_CLOEXEC) = 3</usr/lib/libbrotlidec.so.1.2.0>
1426322 openat(AT_FDCWD</tmp/kernel-audit2-v3r63b5w/\346\261\202\350\247\243\345\231\250>, "/usr/lib/libzstd.so.1", O_RDONLY|O_CLOEXEC) = 3</usr/lib/libzstd.so.1.5.7>
1426322 openat(AT_FDCWD</tmp/kernel-audit2-v3r63b5w/\346\261\202\350\247\243\345\231\250>, "/usr/lib/libm.so.6", O_RDONLY|O_CLOEXEC) = 3</usr/lib/libm.so.6>
1426322 openat(AT_FDCWD</tmp/kernel-audit2-v3r63b5w/\346\261\202\350\247\243\345\231\250>, "/usr/lib/libbrotlicommon.so.1", O_RDONLY|O_CLOEXEC) = 3</usr/lib/libbrotlicommon.so.1.2.0>
1426322 openat(AT_FDCWD</tmp/kernel-audit2-v3r63b5w/\346\261\202\350\247\243\345\231\250>, "/usr/lib/locale/locale-archive", O_RDONLY|O_CLOEXEC) = 3</usr/lib/locale/locale-archive>
1426322 openat(AT_FDCWD</tmp/kernel-audit2-v3r63b5w/\346\261\202\350\247\243\345\231\250>, "/usr/share/locale/locale.alias", O_RDONLY|O_CLOEXEC) = 3</usr/share/locale/locale.alias>
1426322 openat(AT_FDCWD</tmp/kernel-audit2-v3r63b5w/\346\261\202\350\247\243\345\231\250>, "/usr/lib/locale/C.UTF-8/LC_IDENTIFICATION", O_RDONLY|O_CLOEXEC) = -1 ENOENT (No such file or directory)
1426322 openat(AT_FDCWD</tmp/kernel-audit2-v3r63b5w/\346\261\202\350\247\243\345\231\250>, "/usr/lib/locale/C.utf8/LC_IDENTIFICATION", O_RDONLY|O_CLOEXEC) = 3</usr/lib/locale/C.utf8/LC_IDENTIFICATION>
1426322 openat(AT_FDCWD</tmp/kernel-audit2-v3r63b5w/\346\261\202\350\247\243\345\231\250>, "/usr/lib/gconv/gconv-modules.cache", O_RDONLY|O_CLOEXEC) = 3</usr/lib/gconv/gconv-modules.cache>
1426322 openat(AT_FDCWD</tmp/kernel-audit2-v3r63b5w/\346\261\202\350\247\243\345\231\250>, "/usr/lib/locale/C.UTF-8/LC_MEASUREMENT", O_RDONLY|O_CLOEXEC) = -1 ENOENT (No such file or directory)
1426322 openat(AT_FDCWD</tmp/kernel-audit2-v3r63b5w/\346\261\202\350\247\243\345\231\250>, "/usr/lib/locale/C.utf8/LC_MEASUREMENT", O_RDONLY|O_CLOEXEC) = 3</usr/lib/locale/C.utf8/LC_MEASUREMENT>
1426322 openat(AT_FDCWD</tmp/kernel-audit2-v3r63b5w/\346\261\202\350\247\243\345\231\250>, "/usr/lib/locale/C.UTF-8/LC_TELEPHONE", O_RDONLY|O_CLOEXEC) = -1 ENOENT (No such file or directory)
1426322 openat(AT_FDCWD</tmp/kernel-audit2-v3r63b5w/\346\261\202\350\247\243\345\231\250>, "/usr/lib/locale/C.utf8/LC_TELEPHONE", O_RDONLY|O_CLOEXEC) = 3</usr/lib/locale/C.utf8/LC_TELEPHONE>
1426322 openat(AT_FDCWD</tmp/kernel-audit2-v3r63b5w/\346\261\202\350\247\243\345\231\250>, "/usr/lib/locale/C.UTF-8/LC_ADDRESS", O_RDONLY|O_CLOEXEC) = -1 ENOENT (No such file or directory)
1426322 openat(AT_FDCWD</tmp/kernel-audit2-v3r63b5w/\346\261\202\350\247\243\345\231\250>, "/usr/lib/locale/C.utf8/LC_ADDRESS", O_RDONLY|O_CLOEXEC) = 3</usr/lib/locale/C.utf8/LC_ADDRESS>
1426322 openat(AT_FDCWD</tmp/kernel-audit2-v3r63b5w/\346\261\202\350\247\243\345\231\250>, "/usr/lib/locale/C.UTF-8/LC_NAME", O_RDONLY|O_CLOEXEC) = -1 ENOENT (No such file or directory)
1426322 openat(AT_FDCWD</tmp/kernel-audit2-v3r63b5w/\346\261\202\350\247\243\345\231\250>, "/usr/lib/locale/C.utf8/LC_NAME", O_RDONLY|O_CLOEXEC) = 3</usr/lib/locale/C.utf8/LC_NAME>
1426322 openat(AT_FDCWD</tmp/kernel-audit2-v3r63b5w/\346\261\202\350\247\243\345\231\250>, "/usr/lib/locale/C.UTF-8/LC_PAPER", O_RDONLY|O_CLOEXEC) = -1 ENOENT (No such file or directory)
1426322 openat(AT_FDCWD</tmp/kernel-audit2-v3r63b5w/\346\261\202\350\247\243\345\231\250>, "/usr/lib/locale/C.utf8/LC_PAPER", O_RDONLY|O_CLOEXEC) = 3</usr/lib/locale/C.utf8/LC_PAPER>
1426322 openat(AT_FDCWD</tmp/kernel-audit2-v3r63b5w/\346\261\202\350\247\243\345\231\250>, "/usr/lib/locale/C.UTF-8/LC_MESSAGES", O_RDONLY|O_CLOEXEC) = -1 ENOENT (No such file or directory)
1426322 openat(AT_FDCWD</tmp/kernel-audit2-v3r63b5w/\346\261\202\350\247\243\345\231\250>, "/usr/lib/locale/C.utf8/LC_MESSAGES", O_RDONLY|O_CLOEXEC) = 3</usr/lib/locale/C.utf8/LC_MESSAGES>
1426322 openat(AT_FDCWD</tmp/kernel-audit2-v3r63b5w/\346\261\202\350\247\243\345\231\250>, "/usr/lib/locale/C.utf8/LC_MESSAGES/SYS_LC_MESSAGES", O_RDONLY|O_CLOEXEC) = 3</usr/lib/locale/C.utf8/LC_MESSAGES/SYS_LC_MESSAGES>
1426322 openat(AT_FDCWD</tmp/kernel-audit2-v3r63b5w/\346\261\202\350\247\243\345\231\250>, "/usr/lib/locale/C.UTF-8/LC_MONETARY", O_RDONLY|O_CLOEXEC) = -1 ENOENT (No such file or directory)
1426322 openat(AT_FDCWD</tmp/kernel-audit2-v3r63b5w/\346\261\202\350\247\243\345\231\250>, "/usr/lib/locale/C.utf8/LC_MONETARY", O_RDONLY|O_CLOEXEC) = 3</usr/lib/locale/C.utf8/LC_MONETARY>
1426322 openat(AT_FDCWD</tmp/kernel-audit2-v3r63b5w/\346\261\202\350\247\243\345\231\250>, "/usr/lib/locale/C.UTF-8/LC_COLLATE", O_RDONLY|O_CLOEXEC) = -1 ENOENT (No such file or directory)
1426322 openat(AT_FDCWD</tmp/kernel-audit2-v3r63b5w/\346\261\202\350\247\243\345\231\250>, "/usr/lib/locale/C.utf8/LC_COLLATE", O_RDONLY|O_CLOEXEC) = 3</usr/lib/locale/C.utf8/LC_COLLATE>
1426322 openat(AT_FDCWD</tmp/kernel-audit2-v3r63b5w/\346\261\202\350\247\243\345\231\250>, "/usr/lib/locale/C.UTF-8/LC_TIME", O_RDONLY|O_CLOEXEC) = -1 ENOENT (No such file or directory)
1426322 openat(AT_FDCWD</tmp/kernel-audit2-v3r63b5w/\346\261\202\350\247\243\345\231\250>, "/usr/lib/locale/C.utf8/LC_TIME", O_RDONLY|O_CLOEXEC) = 3</usr/lib/locale/C.utf8/LC_TIME>
1426322 openat(AT_FDCWD</tmp/kernel-audit2-v3r63b5w/\346\261\202\350\247\243\345\231\250>, "/usr/lib/locale/C.UTF-8/LC_NUMERIC", O_RDONLY|O_CLOEXEC) = -1 ENOENT (No such file or directory)
1426322 openat(AT_FDCWD</tmp/kernel-audit2-v3r63b5w/\346\261\202\350\247\243\345\231\250>, "/usr/lib/locale/C.utf8/LC_NUMERIC", O_RDONLY|O_CLOEXEC) = 3</usr/lib/locale/C.utf8/LC_NUMERIC>
1426322 openat(AT_FDCWD</tmp/kernel-audit2-v3r63b5w/\346\261\202\350\247\243\345\231\250>, "/usr/lib/locale/C.UTF-8/LC_CTYPE", O_RDONLY|O_CLOEXEC) = -1 ENOENT (No such file or directory)
1426322 openat(AT_FDCWD</tmp/kernel-audit2-v3r63b5w/\346\261\202\350\247\243\345\231\250>, "/usr/lib/locale/C.utf8/LC_CTYPE", O_RDONLY|O_CLOEXEC) = 3</usr/lib/locale/C.utf8/LC_CTYPE>
1426322 openat(AT_FDCWD</tmp/kernel-audit2-v3r63b5w/\346\261\202\350\247\243\345\231\250>, "/tmp/kernel-audit2-v3r63b5w/\346\261\202\350\247\243\345\231\250/crates/kernel/src/lib.rs", O_RDONLY) = 3</tmp/kernel-audit2-v3r63b5w/\346\261\202\350\247\243\345\231\250/crates/kernel/src/lib.rs>
1426283 --- SIGCHLD {si_signo=SIGCHLD, si_code=CLD_EXITED, si_pid=1426322, si_uid=1000, si_status=0, si_utime=0, si_stime=0} ---
1426283 openat(AT_FDCWD</tmp/kernel-audit2-v3r63b5w/\346\261\202\350\247\243\345\231\250>, "/dev/null", O_RDONLY|O_CLOEXEC) = 3</dev/null<char 1:3>>
1426323 execve("/home/zhuran24/.codex/tmp/arg0/codex-arg0DuAZRy/sha256sum", ["sha256sum", "--", "/tmp/kernel-audit2-v3r63b5w/\346\261\202\350\247\243\345\231\250/crates/kernel/src/main.rs"], 0x7ffdc1bb9fc8 /* 135 vars */) = -1 ENOENT (No such file or directory)
1426323 execve("/home/zhuran24/.cargo/bin/sha256sum", ["sha256sum", "--", "/tmp/kernel-audit2-v3r63b5w/\346\261\202\350\247\243\345\231\250/crates/kernel/src/main.rs"], 0x7ffdc1bb9fc8 /* 135 vars */) = -1 ENOENT (No such file or directory)
1426323 execve("/home/zhuran24/.local/bin/sha256sum", ["sha256sum", "--", "/tmp/kernel-audit2-v3r63b5w/\346\261\202\350\247\243\345\231\250/crates/kernel/src/main.rs"], 0x7ffdc1bb9fc8 /* 135 vars */) = -1 ENOENT (No such file or directory)
1426323 execve("/home/zhuran24/.opencode/bin/sha256sum", ["sha256sum", "--", "/tmp/kernel-audit2-v3r63b5w/\346\261\202\350\247\243\345\231\250/crates/kernel/src/main.rs"], 0x7ffdc1bb9fc8 /* 135 vars */) = -1 ENOENT (No such file or directory)
1426323 execve("/usr/local/bin/sha256sum", ["sha256sum", "--", "/tmp/kernel-audit2-v3r63b5w/\346\261\202\350\247\243\345\231\250/crates/kernel/src/main.rs"], 0x7ffdc1bb9fc8 /* 135 vars */) = -1 ENOENT (No such file or directory)
1426323 execve("/usr/bin/sha256sum", ["sha256sum", "--", "/tmp/kernel-audit2-v3r63b5w/\346\261\202\350\247\243\345\231\250/crates/kernel/src/main.rs"], 0x7ffdc1bb9fc8 /* 135 vars */) = 0
1426323 openat(AT_FDCWD</tmp/kernel-audit2-v3r63b5w/\346\261\202\350\247\243\345\231\250>, "/etc/ld.so.cache", O_RDONLY|O_CLOEXEC) = 3</etc/ld.so.cache>
1426323 openat(AT_FDCWD</tmp/kernel-audit2-v3r63b5w/\346\261\202\350\247\243\345\231\250>, "/usr/lib/libcrypto.so.3", O_RDONLY|O_CLOEXEC) = 3</usr/lib/libcrypto.so.3>
1426323 openat(AT_FDCWD</tmp/kernel-audit2-v3r63b5w/\346\261\202\350\247\243\345\231\250>, "/usr/lib/libc.so.6", O_RDONLY|O_CLOEXEC) = 3</usr/lib/libc.so.6>
1426323 openat(AT_FDCWD</tmp/kernel-audit2-v3r63b5w/\346\261\202\350\247\243\345\231\250>, "/usr/lib/libz.so.1", O_RDONLY|O_CLOEXEC) = 3</usr/lib/libz.so.1.3.1.zlib-ng>
1426323 openat(AT_FDCWD</tmp/kernel-audit2-v3r63b5w/\346\261\202\350\247\243\345\231\250>, "/usr/lib/libbrotlienc.so.1", O_RDONLY|O_CLOEXEC) = 3</usr/lib/libbrotlienc.so.1.2.0>
1426323 openat(AT_FDCWD</tmp/kernel-audit2-v3r63b5w/\346\261\202\350\247\243\345\231\250>, "/usr/lib/libbrotlidec.so.1", O_RDONLY|O_CLOEXEC) = 3</usr/lib/libbrotlidec.so.1.2.0>
1426323 openat(AT_FDCWD</tmp/kernel-audit2-v3r63b5w/\346\261\202\350\247\243\345\231\250>, "/usr/lib/libzstd.so.1", O_RDONLY|O_CLOEXEC) = 3</usr/lib/libzstd.so.1.5.7>
1426323 openat(AT_FDCWD</tmp/kernel-audit2-v3r63b5w/\346\261\202\350\247\243\345\231\250>, "/usr/lib/libm.so.6", O_RDONLY|O_CLOEXEC) = 3</usr/lib/libm.so.6>
1426323 openat(AT_FDCWD</tmp/kernel-audit2-v3r63b5w/\346\261\202\350\247\243\345\231\250>, "/usr/lib/libbrotlicommon.so.1", O_RDONLY|O_CLOEXEC) = 3</usr/lib/libbrotlicommon.so.1.2.0>
1426323 openat(AT_FDCWD</tmp/kernel-audit2-v3r63b5w/\346\261\202\350\247\243\345\231\250>, "/usr/lib/locale/locale-archive", O_RDONLY|O_CLOEXEC) = 3</usr/lib/locale/locale-archive>
1426323 openat(AT_FDCWD</tmp/kernel-audit2-v3r63b5w/\346\261\202\350\247\243\345\231\250>, "/usr/share/locale/locale.alias", O_RDONLY|O_CLOEXEC) = 3</usr/share/locale/locale.alias>
1426323 openat(AT_FDCWD</tmp/kernel-audit2-v3r63b5w/\346\261\202\350\247\243\345\231\250>, "/usr/lib/locale/C.UTF-8/LC_IDENTIFICATION", O_RDONLY|O_CLOEXEC) = -1 ENOENT (No such file or directory)
1426323 openat(AT_FDCWD</tmp/kernel-audit2-v3r63b5w/\346\261\202\350\247\243\345\231\250>, "/usr/lib/locale/C.utf8/LC_IDENTIFICATION", O_RDONLY|O_CLOEXEC) = 3</usr/lib/locale/C.utf8/LC_IDENTIFICATION>
1426323 openat(AT_FDCWD</tmp/kernel-audit2-v3r63b5w/\346\261\202\350\247\243\345\231\250>, "/usr/lib/gconv/gconv-modules.cache", O_RDONLY|O_CLOEXEC) = 3</usr/lib/gconv/gconv-modules.cache>
1426323 openat(AT_FDCWD</tmp/kernel-audit2-v3r63b5w/\346\261\202\350\247\243\345\231\250>, "/usr/lib/locale/C.UTF-8/LC_MEASUREMENT", O_RDONLY|O_CLOEXEC) = -1 ENOENT (No such file or directory)
1426323 openat(AT_FDCWD</tmp/kernel-audit2-v3r63b5w/\346\261\202\350\247\243\345\231\250>, "/usr/lib/locale/C.utf8/LC_MEASUREMENT", O_RDONLY|O_CLOEXEC) = 3</usr/lib/locale/C.utf8/LC_MEASUREMENT>
1426323 openat(AT_FDCWD</tmp/kernel-audit2-v3r63b5w/\346\261\202\350\247\243\345\231\250>, "/usr/lib/locale/C.UTF-8/LC_TELEPHONE", O_RDONLY|O_CLOEXEC) = -1 ENOENT (No such file or directory)
1426323 openat(AT_FDCWD</tmp/kernel-audit2-v3r63b5w/\346\261\202\350\247\243\345\231\250>, "/usr/lib/locale/C.utf8/LC_TELEPHONE", O_RDONLY|O_CLOEXEC) = 3</usr/lib/locale/C.utf8/LC_TELEPHONE>
1426323 openat(AT_FDCWD</tmp/kernel-audit2-v3r63b5w/\346\261\202\350\247\243\345\231\250>, "/usr/lib/locale/C.UTF-8/LC_ADDRESS", O_RDONLY|O_CLOEXEC) = -1 ENOENT (No such file or directory)
1426323 openat(AT_FDCWD</tmp/kernel-audit2-v3r63b5w/\346\261\202\350\247\243\345\231\250>, "/usr/lib/locale/C.utf8/LC_ADDRESS", O_RDONLY|O_CLOEXEC) = 3</usr/lib/locale/C.utf8/LC_ADDRESS>
1426323 openat(AT_FDCWD</tmp/kernel-audit2-v3r63b5w/\346\261\202\350\247\243\345\231\250>, "/usr/lib/locale/C.UTF-8/LC_NAME", O_RDONLY|O_CLOEXEC) = -1 ENOENT (No such file or directory)
1426323 openat(AT_FDCWD</tmp/kernel-audit2-v3r63b5w/\346\261\202\350\247\243\345\231\250>, "/usr/lib/locale/C.utf8/LC_NAME", O_RDONLY|O_CLOEXEC) = 3</usr/lib/locale/C.utf8/LC_NAME>
1426323 openat(AT_FDCWD</tmp/kernel-audit2-v3r63b5w/\346\261\202\350\247\243\345\231\250>, "/usr/lib/locale/C.UTF-8/LC_PAPER", O_RDONLY|O_CLOEXEC) = -1 ENOENT (No such file or directory)
1426323 openat(AT_FDCWD</tmp/kernel-audit2-v3r63b5w/\346\261\202\350\247\243\345\231\250>, "/usr/lib/locale/C.utf8/LC_PAPER", O_RDONLY|O_CLOEXEC) = 3</usr/lib/locale/C.utf8/LC_PAPER>
1426323 openat(AT_FDCWD</tmp/kernel-audit2-v3r63b5w/\346\261\202\350\247\243\345\231\250>, "/usr/lib/locale/C.UTF-8/LC_MESSAGES", O_RDONLY|O_CLOEXEC) = -1 ENOENT (No such file or directory)
1426323 openat(AT_FDCWD</tmp/kernel-audit2-v3r63b5w/\346\261\202\350\247\243\345\231\250>, "/usr/lib/locale/C.utf8/LC_MESSAGES", O_RDONLY|O_CLOEXEC) = 3</usr/lib/locale/C.utf8/LC_MESSAGES>
1426323 openat(AT_FDCWD</tmp/kernel-audit2-v3r63b5w/\346\261\202\350\247\243\345\231\250>, "/usr/lib/locale/C.utf8/LC_MESSAGES/SYS_LC_MESSAGES", O_RDONLY|O_CLOEXEC) = 3</usr/lib/locale/C.utf8/LC_MESSAGES/SYS_LC_MESSAGES>
1426323 openat(AT_FDCWD</tmp/kernel-audit2-v3r63b5w/\346\261\202\350\247\243\345\231\250>, "/usr/lib/locale/C.UTF-8/LC_MONETARY", O_RDONLY|O_CLOEXEC) = -1 ENOENT (No such file or directory)
1426323 openat(AT_FDCWD</tmp/kernel-audit2-v3r63b5w/\346\261\202\350\247\243\345\231\250>, "/usr/lib/locale/C.utf8/LC_MONETARY", O_RDONLY|O_CLOEXEC) = 3</usr/lib/locale/C.utf8/LC_MONETARY>
1426323 openat(AT_FDCWD</tmp/kernel-audit2-v3r63b5w/\346\261\202\350\247\243\345\231\250>, "/usr/lib/locale/C.UTF-8/LC_COLLATE", O_RDONLY|O_CLOEXEC) = -1 ENOENT (No such file or directory)
1426323 openat(AT_FDCWD</tmp/kernel-audit2-v3r63b5w/\346\261\202\350\247\243\345\231\250>, "/usr/lib/locale/C.utf8/LC_COLLATE", O_RDONLY|O_CLOEXEC) = 3</usr/lib/locale/C.utf8/LC_COLLATE>
1426323 openat(AT_FDCWD</tmp/kernel-audit2-v3r63b5w/\346\261\202\350\247\243\345\231\250>, "/usr/lib/locale/C.UTF-8/LC_TIME", O_RDONLY|O_CLOEXEC) = -1 ENOENT (No such file or directory)
1426323 openat(AT_FDCWD</tmp/kernel-audit2-v3r63b5w/\346\261\202\350\247\243\345\231\250>, "/usr/lib/locale/C.utf8/LC_TIME", O_RDONLY|O_CLOEXEC) = 3</usr/lib/locale/C.utf8/LC_TIME>
1426323 openat(AT_FDCWD</tmp/kernel-audit2-v3r63b5w/\346\261\202\350\247\243\345\231\250>, "/usr/lib/locale/C.UTF-8/LC_NUMERIC", O_RDONLY|O_CLOEXEC) = -1 ENOENT (No such file or directory)
1426323 openat(AT_FDCWD</tmp/kernel-audit2-v3r63b5w/\346\261\202\350\247\243\345\231\250>, "/usr/lib/locale/C.utf8/LC_NUMERIC", O_RDONLY|O_CLOEXEC) = 3</usr/lib/locale/C.utf8/LC_NUMERIC>
1426323 openat(AT_FDCWD</tmp/kernel-audit2-v3r63b5w/\346\261\202\350\247\243\345\231\250>, "/usr/lib/locale/C.UTF-8/LC_CTYPE", O_RDONLY|O_CLOEXEC) = -1 ENOENT (No such file or directory)
1426323 openat(AT_FDCWD</tmp/kernel-audit2-v3r63b5w/\346\261\202\350\247\243\345\231\250>, "/usr/lib/locale/C.utf8/LC_CTYPE", O_RDONLY|O_CLOEXEC) = 3</usr/lib/locale/C.utf8/LC_CTYPE>
1426323 openat(AT_FDCWD</tmp/kernel-audit2-v3r63b5w/\346\261\202\350\247\243\345\231\250>, "/tmp/kernel-audit2-v3r63b5w/\346\261\202\350\247\243\345\231\250/crates/kernel/src/main.rs", O_RDONLY) = 3</tmp/kernel-audit2-v3r63b5w/\346\261\202\350\247\243\345\231\250/crates/kernel/src/main.rs>
1426283 --- SIGCHLD {si_signo=SIGCHLD, si_code=CLD_EXITED, si_pid=1426323, si_uid=1000, si_status=0, si_utime=0, si_stime=0} ---
1426283 openat(AT_FDCWD</tmp/kernel-audit2-v3r63b5w/\346\261\202\350\247\243\345\231\250>, "/dev/null", O_RDONLY|O_CLOEXEC) = 3</dev/null<char 1:3>>
1426324 execve("/home/zhuran24/.codex/tmp/arg0/codex-arg0DuAZRy/sha256sum", ["sha256sum", "--", "/tmp/kernel-audit2-v3r63b5w/\346\261\202\350\247\243\345\231\250/Cargo.toml"], 0x7ffdc1bb9fc8 /* 135 vars */) = -1 ENOENT (No such file or directory)
1426324 execve("/home/zhuran24/.cargo/bin/sha256sum", ["sha256sum", "--", "/tmp/kernel-audit2-v3r63b5w/\346\261\202\350\247\243\345\231\250/Cargo.toml"], 0x7ffdc1bb9fc8 /* 135 vars */) = -1 ENOENT (No such file or directory)
1426324 execve("/home/zhuran24/.local/bin/sha256sum", ["sha256sum", "--", "/tmp/kernel-audit2-v3r63b5w/\346\261\202\350\247\243\345\231\250/Cargo.toml"], 0x7ffdc1bb9fc8 /* 135 vars */) = -1 ENOENT (No such file or directory)
1426324 execve("/home/zhuran24/.opencode/bin/sha256sum", ["sha256sum", "--", "/tmp/kernel-audit2-v3r63b5w/\346\261\202\350\247\243\345\231\250/Cargo.toml"], 0x7ffdc1bb9fc8 /* 135 vars */) = -1 ENOENT (No such file or directory)
1426324 execve("/usr/local/bin/sha256sum", ["sha256sum", "--", "/tmp/kernel-audit2-v3r63b5w/\346\261\202\350\247\243\345\231\250/Cargo.toml"], 0x7ffdc1bb9fc8 /* 135 vars */) = -1 ENOENT (No such file or directory)
1426324 execve("/usr/bin/sha256sum", ["sha256sum", "--", "/tmp/kernel-audit2-v3r63b5w/\346\261\202\350\247\243\345\231\250/Cargo.toml"], 0x7ffdc1bb9fc8 /* 135 vars */) = 0
1426324 openat(AT_FDCWD</tmp/kernel-audit2-v3r63b5w/\346\261\202\350\247\243\345\231\250>, "/etc/ld.so.cache", O_RDONLY|O_CLOEXEC) = 3</etc/ld.so.cache>
1426324 openat(AT_FDCWD</tmp/kernel-audit2-v3r63b5w/\346\261\202\350\247\243\345\231\250>, "/usr/lib/libcrypto.so.3", O_RDONLY|O_CLOEXEC) = 3</usr/lib/libcrypto.so.3>
1426324 openat(AT_FDCWD</tmp/kernel-audit2-v3r63b5w/\346\261\202\350\247\243\345\231\250>, "/usr/lib/libc.so.6", O_RDONLY|O_CLOEXEC) = 3</usr/lib/libc.so.6>
1426324 openat(AT_FDCWD</tmp/kernel-audit2-v3r63b5w/\346\261\202\350\247\243\345\231\250>, "/usr/lib/libz.so.1", O_RDONLY|O_CLOEXEC) = 3</usr/lib/libz.so.1.3.1.zlib-ng>
1426324 openat(AT_FDCWD</tmp/kernel-audit2-v3r63b5w/\346\261\202\350\247\243\345\231\250>, "/usr/lib/libbrotlienc.so.1", O_RDONLY|O_CLOEXEC) = 3</usr/lib/libbrotlienc.so.1.2.0>
1426324 openat(AT_FDCWD</tmp/kernel-audit2-v3r63b5w/\346\261\202\350\247\243\345\231\250>, "/usr/lib/libbrotlidec.so.1", O_RDONLY|O_CLOEXEC) = 3</usr/lib/libbrotlidec.so.1.2.0>
1426324 openat(AT_FDCWD</tmp/kernel-audit2-v3r63b5w/\346\261\202\350\247\243\345\231\250>, "/usr/lib/libzstd.so.1", O_RDONLY|O_CLOEXEC) = 3</usr/lib/libzstd.so.1.5.7>
1426324 openat(AT_FDCWD</tmp/kernel-audit2-v3r63b5w/\346\261\202\350\247\243\345\231\250>, "/usr/lib/libm.so.6", O_RDONLY|O_CLOEXEC) = 3</usr/lib/libm.so.6>
1426324 openat(AT_FDCWD</tmp/kernel-audit2-v3r63b5w/\346\261\202\350\247\243\345\231\250>, "/usr/lib/libbrotlicommon.so.1", O_RDONLY|O_CLOEXEC) = 3</usr/lib/libbrotlicommon.so.1.2.0>
1426324 openat(AT_FDCWD</tmp/kernel-audit2-v3r63b5w/\346\261\202\350\247\243\345\231\250>, "/usr/lib/locale/locale-archive", O_RDONLY|O_CLOEXEC) = 3</usr/lib/locale/locale-archive>
1426324 openat(AT_FDCWD</tmp/kernel-audit2-v3r63b5w/\346\261\202\350\247\243\345\231\250>, "/usr/share/locale/locale.alias", O_RDONLY|O_CLOEXEC) = 3</usr/share/locale/locale.alias>
1426324 openat(AT_FDCWD</tmp/kernel-audit2-v3r63b5w/\346\261\202\350\247\243\345\231\250>, "/usr/lib/locale/C.UTF-8/LC_IDENTIFICATION", O_RDONLY|O_CLOEXEC) = -1 ENOENT (No such file or directory)
1426324 openat(AT_FDCWD</tmp/kernel-audit2-v3r63b5w/\346\261\202\350\247\243\345\231\250>, "/usr/lib/locale/C.utf8/LC_IDENTIFICATION", O_RDONLY|O_CLOEXEC) = 3</usr/lib/locale/C.utf8/LC_IDENTIFICATION>
1426324 openat(AT_FDCWD</tmp/kernel-audit2-v3r63b5w/\346\261\202\350\247\243\345\231\250>, "/usr/lib/gconv/gconv-modules.cache", O_RDONLY|O_CLOEXEC) = 3</usr/lib/gconv/gconv-modules.cache>
1426324 openat(AT_FDCWD</tmp/kernel-audit2-v3r63b5w/\346\261\202\350\247\243\345\231\250>, "/usr/lib/locale/C.UTF-8/LC_MEASUREMENT", O_RDONLY|O_CLOEXEC) = -1 ENOENT (No such file or directory)
1426324 openat(AT_FDCWD</tmp/kernel-audit2-v3r63b5w/\346\261\202\350\247\243\345\231\250>, "/usr/lib/locale/C.utf8/LC_MEASUREMENT", O_RDONLY|O_CLOEXEC) = 3</usr/lib/locale/C.utf8/LC_MEASUREMENT>
1426324 openat(AT_FDCWD</tmp/kernel-audit2-v3r63b5w/\346\261\202\350\247\243\345\231\250>, "/usr/lib/locale/C.UTF-8/LC_TELEPHONE", O_RDONLY|O_CLOEXEC) = -1 ENOENT (No such file or directory)
1426324 openat(AT_FDCWD</tmp/kernel-audit2-v3r63b5w/\346\261\202\350\247\243\345\231\250>, "/usr/lib/locale/C.utf8/LC_TELEPHONE", O_RDONLY|O_CLOEXEC) = 3</usr/lib/locale/C.utf8/LC_TELEPHONE>
1426324 openat(AT_FDCWD</tmp/kernel-audit2-v3r63b5w/\346\261\202\350\247\243\345\231\250>, "/usr/lib/locale/C.UTF-8/LC_ADDRESS", O_RDONLY|O_CLOEXEC) = -1 ENOENT (No such file or directory)
1426324 openat(AT_FDCWD</tmp/kernel-audit2-v3r63b5w/\346\261\202\350\247\243\345\231\250>, "/usr/lib/locale/C.utf8/LC_ADDRESS", O_RDONLY|O_CLOEXEC) = 3</usr/lib/locale/C.utf8/LC_ADDRESS>
1426324 openat(AT_FDCWD</tmp/kernel-audit2-v3r63b5w/\346\261\202\350\247\243\345\231\250>, "/usr/lib/locale/C.UTF-8/LC_NAME", O_RDONLY|O_CLOEXEC) = -1 ENOENT (No such file or directory)
1426324 openat(AT_FDCWD</tmp/kernel-audit2-v3r63b5w/\346\261\202\350\247\243\345\231\250>, "/usr/lib/locale/C.utf8/LC_NAME", O_RDONLY|O_CLOEXEC) = 3</usr/lib/locale/C.utf8/LC_NAME>
1426324 openat(AT_FDCWD</tmp/kernel-audit2-v3r63b5w/\346\261\202\350\247\243\345\231\250>, "/usr/lib/locale/C.UTF-8/LC_PAPER", O_RDONLY|O_CLOEXEC) = -1 ENOENT (No such file or directory)
1426324 openat(AT_FDCWD</tmp/kernel-audit2-v3r63b5w/\346\261\202\350\247\243\345\231\250>, "/usr/lib/locale/C.utf8/LC_PAPER", O_RDONLY|O_CLOEXEC) = 3</usr/lib/locale/C.utf8/LC_PAPER>
1426324 openat(AT_FDCWD</tmp/kernel-audit2-v3r63b5w/\346\261\202\350\247\243\345\231\250>, "/usr/lib/locale/C.UTF-8/LC_MESSAGES", O_RDONLY|O_CLOEXEC) = -1 ENOENT (No such file or directory)
1426324 openat(AT_FDCWD</tmp/kernel-audit2-v3r63b5w/\346\261\202\350\247\243\345\231\250>, "/usr/lib/locale/C.utf8/LC_MESSAGES", O_RDONLY|O_CLOEXEC) = 3</usr/lib/locale/C.utf8/LC_MESSAGES>
1426324 openat(AT_FDCWD</tmp/kernel-audit2-v3r63b5w/\346\261\202\350\247\243\345\231\250>, "/usr/lib/locale/C.utf8/LC_MESSAGES/SYS_LC_MESSAGES", O_RDONLY|O_CLOEXEC) = 3</usr/lib/locale/C.utf8/LC_MESSAGES/SYS_LC_MESSAGES>
1426324 openat(AT_FDCWD</tmp/kernel-audit2-v3r63b5w/\346\261\202\350\247\243\345\231\250>, "/usr/lib/locale/C.UTF-8/LC_MONETARY", O_RDONLY|O_CLOEXEC) = -1 ENOENT (No such file or directory)
1426324 openat(AT_FDCWD</tmp/kernel-audit2-v3r63b5w/\346\261\202\350\247\243\345\231\250>, "/usr/lib/locale/C.utf8/LC_MONETARY", O_RDONLY|O_CLOEXEC) = 3</usr/lib/locale/C.utf8/LC_MONETARY>
1426324 openat(AT_FDCWD</tmp/kernel-audit2-v3r63b5w/\346\261\202\350\247\243\345\231\250>, "/usr/lib/locale/C.UTF-8/LC_COLLATE", O_RDONLY|O_CLOEXEC) = -1 ENOENT (No such file or directory)
1426324 openat(AT_FDCWD</tmp/kernel-audit2-v3r63b5w/\346\261\202\350\247\243\345\231\250>, "/usr/lib/locale/C.utf8/LC_COLLATE", O_RDONLY|O_CLOEXEC) = 3</usr/lib/locale/C.utf8/LC_COLLATE>
1426324 openat(AT_FDCWD</tmp/kernel-audit2-v3r63b5w/\346\261\202\350\247\243\345\231\250>, "/usr/lib/locale/C.UTF-8/LC_TIME", O_RDONLY|O_CLOEXEC) = -1 ENOENT (No such file or directory)
1426324 openat(AT_FDCWD</tmp/kernel-audit2-v3r63b5w/\346\261\202\350\247\243\345\231\250>, "/usr/lib/locale/C.utf8/LC_TIME", O_RDONLY|O_CLOEXEC) = 3</usr/lib/locale/C.utf8/LC_TIME>
1426324 openat(AT_FDCWD</tmp/kernel-audit2-v3r63b5w/\346\261\202\350\247\243\345\231\250>, "/usr/lib/locale/C.UTF-8/LC_NUMERIC", O_RDONLY|O_CLOEXEC) = -1 ENOENT (No such file or directory)
1426324 openat(AT_FDCWD</tmp/kernel-audit2-v3r63b5w/\346\261\202\350\247\243\345\231\250>, "/usr/lib/locale/C.utf8/LC_NUMERIC", O_RDONLY|O_CLOEXEC) = 3</usr/lib/locale/C.utf8/LC_NUMERIC>
1426324 openat(AT_FDCWD</tmp/kernel-audit2-v3r63b5w/\346\261\202\350\247\243\345\231\250>, "/usr/lib/locale/C.UTF-8/LC_CTYPE", O_RDONLY|O_CLOEXEC) = -1 ENOENT (No such file or directory)
1426324 openat(AT_FDCWD</tmp/kernel-audit2-v3r63b5w/\346\261\202\350\247\243\345\231\250>, "/usr/lib/locale/C.utf8/LC_CTYPE", O_RDONLY|O_CLOEXEC) = 3</usr/lib/locale/C.utf8/LC_CTYPE>
1426324 openat(AT_FDCWD</tmp/kernel-audit2-v3r63b5w/\346\261\202\350\247\243\345\231\250>, "/tmp/kernel-audit2-v3r63b5w/\346\261\202\350\247\243\345\231\250/Cargo.toml", O_RDONLY) = 3</tmp/kernel-audit2-v3r63b5w/\346\261\202\350\247\243\345\231\250/Cargo.toml>
1426283 --- SIGCHLD {si_signo=SIGCHLD, si_code=CLD_EXITED, si_pid=1426324, si_uid=1000, si_status=0, si_utime=0, si_stime=0} ---
1426283 openat(AT_FDCWD</tmp/kernel-audit2-v3r63b5w/\346\261\202\350\247\243\345\231\250>, "/dev/null", O_RDONLY|O_CLOEXEC) = 3</dev/null<char 1:3>>
1426325 execve("/home/zhuran24/.codex/tmp/arg0/codex-arg0DuAZRy/sha256sum", ["sha256sum", "--", "/tmp/kernel-audit2-v3r63b5w/\346\261\202\350\247\243\345\231\250/Cargo.lock"], 0x7ffdc1bb9fc8 /* 135 vars */) = -1 ENOENT (No such file or directory)
1426325 execve("/home/zhuran24/.cargo/bin/sha256sum", ["sha256sum", "--", "/tmp/kernel-audit2-v3r63b5w/\346\261\202\350\247\243\345\231\250/Cargo.lock"], 0x7ffdc1bb9fc8 /* 135 vars */) = -1 ENOENT (No such file or directory)
1426325 execve("/home/zhuran24/.local/bin/sha256sum", ["sha256sum", "--", "/tmp/kernel-audit2-v3r63b5w/\346\261\202\350\247\243\345\231\250/Cargo.lock"], 0x7ffdc1bb9fc8 /* 135 vars */) = -1 ENOENT (No such file or directory)
1426325 execve("/home/zhuran24/.opencode/bin/sha256sum", ["sha256sum", "--", "/tmp/kernel-audit2-v3r63b5w/\346\261\202\350\247\243\345\231\250/Cargo.lock"], 0x7ffdc1bb9fc8 /* 135 vars */) = -1 ENOENT (No such file or directory)
1426325 execve("/usr/local/bin/sha256sum", ["sha256sum", "--", "/tmp/kernel-audit2-v3r63b5w/\346\261\202\350\247\243\345\231\250/Cargo.lock"], 0x7ffdc1bb9fc8 /* 135 vars */) = -1 ENOENT (No such file or directory)
1426325 execve("/usr/bin/sha256sum", ["sha256sum", "--", "/tmp/kernel-audit2-v3r63b5w/\346\261\202\350\247\243\345\231\250/Cargo.lock"], 0x7ffdc1bb9fc8 /* 135 vars */) = 0
1426325 openat(AT_FDCWD</tmp/kernel-audit2-v3r63b5w/\346\261\202\350\247\243\345\231\250>, "/etc/ld.so.cache", O_RDONLY|O_CLOEXEC) = 3</etc/ld.so.cache>
1426325 openat(AT_FDCWD</tmp/kernel-audit2-v3r63b5w/\346\261\202\350\247\243\345\231\250>, "/usr/lib/libcrypto.so.3", O_RDONLY|O_CLOEXEC) = 3</usr/lib/libcrypto.so.3>
1426325 openat(AT_FDCWD</tmp/kernel-audit2-v3r63b5w/\346\261\202\350\247\243\345\231\250>, "/usr/lib/libc.so.6", O_RDONLY|O_CLOEXEC) = 3</usr/lib/libc.so.6>
1426325 openat(AT_FDCWD</tmp/kernel-audit2-v3r63b5w/\346\261\202\350\247\243\345\231\250>, "/usr/lib/libz.so.1", O_RDONLY|O_CLOEXEC) = 3</usr/lib/libz.so.1.3.1.zlib-ng>
1426325 openat(AT_FDCWD</tmp/kernel-audit2-v3r63b5w/\346\261\202\350\247\243\345\231\250>, "/usr/lib/libbrotlienc.so.1", O_RDONLY|O_CLOEXEC) = 3</usr/lib/libbrotlienc.so.1.2.0>
1426325 openat(AT_FDCWD</tmp/kernel-audit2-v3r63b5w/\346\261\202\350\247\243\345\231\250>, "/usr/lib/libbrotlidec.so.1", O_RDONLY|O_CLOEXEC) = 3</usr/lib/libbrotlidec.so.1.2.0>
1426325 openat(AT_FDCWD</tmp/kernel-audit2-v3r63b5w/\346\261\202\350\247\243\345\231\250>, "/usr/lib/libzstd.so.1", O_RDONLY|O_CLOEXEC) = 3</usr/lib/libzstd.so.1.5.7>
1426325 openat(AT_FDCWD</tmp/kernel-audit2-v3r63b5w/\346\261\202\350\247\243\345\231\250>, "/usr/lib/libm.so.6", O_RDONLY|O_CLOEXEC) = 3</usr/lib/libm.so.6>
1426325 openat(AT_FDCWD</tmp/kernel-audit2-v3r63b5w/\346\261\202\350\247\243\345\231\250>, "/usr/lib/libbrotlicommon.so.1", O_RDONLY|O_CLOEXEC) = 3</usr/lib/libbrotlicommon.so.1.2.0>
1426325 openat(AT_FDCWD</tmp/kernel-audit2-v3r63b5w/\346\261\202\350\247\243\345\231\250>, "/usr/lib/locale/locale-archive", O_RDONLY|O_CLOEXEC) = 3</usr/lib/locale/locale-archive>
1426325 openat(AT_FDCWD</tmp/kernel-audit2-v3r63b5w/\346\261\202\350\247\243\345\231\250>, "/usr/share/locale/locale.alias", O_RDONLY|O_CLOEXEC) = 3</usr/share/locale/locale.alias>
1426325 openat(AT_FDCWD</tmp/kernel-audit2-v3r63b5w/\346\261\202\350\247\243\345\231\250>, "/usr/lib/locale/C.UTF-8/LC_IDENTIFICATION", O_RDONLY|O_CLOEXEC) = -1 ENOENT (No such file or directory)
1426325 openat(AT_FDCWD</tmp/kernel-audit2-v3r63b5w/\346\261\202\350\247\243\345\231\250>, "/usr/lib/locale/C.utf8/LC_IDENTIFICATION", O_RDONLY|O_CLOEXEC) = 3</usr/lib/locale/C.utf8/LC_IDENTIFICATION>
1426325 openat(AT_FDCWD</tmp/kernel-audit2-v3r63b5w/\346\261\202\350\247\243\345\231\250>, "/usr/lib/gconv/gconv-modules.cache", O_RDONLY|O_CLOEXEC) = 3</usr/lib/gconv/gconv-modules.cache>
1426325 openat(AT_FDCWD</tmp/kernel-audit2-v3r63b5w/\346\261\202\350\247\243\345\231\250>, "/usr/lib/locale/C.UTF-8/LC_MEASUREMENT", O_RDONLY|O_CLOEXEC) = -1 ENOENT (No such file or directory)
1426325 openat(AT_FDCWD</tmp/kernel-audit2-v3r63b5w/\346\261\202\350\247\243\345\231\250>, "/usr/lib/locale/C.utf8/LC_MEASUREMENT", O_RDONLY|O_CLOEXEC) = 3</usr/lib/locale/C.utf8/LC_MEASUREMENT>
1426325 openat(AT_FDCWD</tmp/kernel-audit2-v3r63b5w/\346\261\202\350\247\243\345\231\250>, "/usr/lib/locale/C.UTF-8/LC_TELEPHONE", O_RDONLY|O_CLOEXEC) = -1 ENOENT (No such file or directory)
1426325 openat(AT_FDCWD</tmp/kernel-audit2-v3r63b5w/\346\261\202\350\247\243\345\231\250>, "/usr/lib/locale/C.utf8/LC_TELEPHONE", O_RDONLY|O_CLOEXEC) = 3</usr/lib/locale/C.utf8/LC_TELEPHONE>
1426325 openat(AT_FDCWD</tmp/kernel-audit2-v3r63b5w/\346\261\202\350\247\243\345\231\250>, "/usr/lib/locale/C.UTF-8/LC_ADDRESS", O_RDONLY|O_CLOEXEC) = -1 ENOENT (No such file or directory)
1426325 openat(AT_FDCWD</tmp/kernel-audit2-v3r63b5w/\346\261\202\350\247\243\345\231\250>, "/usr/lib/locale/C.utf8/LC_ADDRESS", O_RDONLY|O_CLOEXEC) = 3</usr/lib/locale/C.utf8/LC_ADDRESS>
1426325 openat(AT_FDCWD</tmp/kernel-audit2-v3r63b5w/\346\261\202\350\247\243\345\231\250>, "/usr/lib/locale/C.UTF-8/LC_NAME", O_RDONLY|O_CLOEXEC) = -1 ENOENT (No such file or directory)
1426325 openat(AT_FDCWD</tmp/kernel-audit2-v3r63b5w/\346\261\202\350\247\243\345\231\250>, "/usr/lib/locale/C.utf8/LC_NAME", O_RDONLY|O_CLOEXEC) = 3</usr/lib/locale/C.utf8/LC_NAME>
1426325 openat(AT_FDCWD</tmp/kernel-audit2-v3r63b5w/\346\261\202\350\247\243\345\231\250>, "/usr/lib/locale/C.UTF-8/LC_PAPER", O_RDONLY|O_CLOEXEC) = -1 ENOENT (No such file or directory)
1426325 openat(AT_FDCWD</tmp/kernel-audit2-v3r63b5w/\346\261\202\350\247\243\345\231\250>, "/usr/lib/locale/C.utf8/LC_PAPER", O_RDONLY|O_CLOEXEC) = 3</usr/lib/locale/C.utf8/LC_PAPER>
1426325 openat(AT_FDCWD</tmp/kernel-audit2-v3r63b5w/\346\261\202\350\247\243\345\231\250>, "/usr/lib/locale/C.UTF-8/LC_MESSAGES", O_RDONLY|O_CLOEXEC) = -1 ENOENT (No such file or directory)
1426325 openat(AT_FDCWD</tmp/kernel-audit2-v3r63b5w/\346\261\202\350\247\243\345\231\250>, "/usr/lib/locale/C.utf8/LC_MESSAGES", O_RDONLY|O_CLOEXEC) = 3</usr/lib/locale/C.utf8/LC_MESSAGES>
1426325 openat(AT_FDCWD</tmp/kernel-audit2-v3r63b5w/\346\261\202\350\247\243\345\231\250>, "/usr/lib/locale/C.utf8/LC_MESSAGES/SYS_LC_MESSAGES", O_RDONLY|O_CLOEXEC) = 3</usr/lib/locale/C.utf8/LC_MESSAGES/SYS_LC_MESSAGES>
1426325 openat(AT_FDCWD</tmp/kernel-audit2-v3r63b5w/\346\261\202\350\247\243\345\231\250>, "/usr/lib/locale/C.UTF-8/LC_MONETARY", O_RDONLY|O_CLOEXEC) = -1 ENOENT (No such file or directory)
1426325 openat(AT_FDCWD</tmp/kernel-audit2-v3r63b5w/\346\261\202\350\247\243\345\231\250>, "/usr/lib/locale/C.utf8/LC_MONETARY", O_RDONLY|O_CLOEXEC) = 3</usr/lib/locale/C.utf8/LC_MONETARY>
1426325 openat(AT_FDCWD</tmp/kernel-audit2-v3r63b5w/\346\261\202\350\247\243\345\231\250>, "/usr/lib/locale/C.UTF-8/LC_COLLATE", O_RDONLY|O_CLOEXEC) = -1 ENOENT (No such file or directory)
1426325 openat(AT_FDCWD</tmp/kernel-audit2-v3r63b5w/\346\261\202\350\247\243\345\231\250>, "/usr/lib/locale/C.utf8/LC_COLLATE", O_RDONLY|O_CLOEXEC) = 3</usr/lib/locale/C.utf8/LC_COLLATE>
1426325 openat(AT_FDCWD</tmp/kernel-audit2-v3r63b5w/\346\261\202\350\247\243\345\231\250>, "/usr/lib/locale/C.UTF-8/LC_TIME", O_RDONLY|O_CLOEXEC) = -1 ENOENT (No such file or directory)
1426325 openat(AT_FDCWD</tmp/kernel-audit2-v3r63b5w/\346\261\202\350\247\243\345\231\250>, "/usr/lib/locale/C.utf8/LC_TIME", O_RDONLY|O_CLOEXEC) = 3</usr/lib/locale/C.utf8/LC_TIME>
1426325 openat(AT_FDCWD</tmp/kernel-audit2-v3r63b5w/\346\261\202\350\247\243\345\231\250>, "/usr/lib/locale/C.UTF-8/LC_NUMERIC", O_RDONLY|O_CLOEXEC) = -1 ENOENT (No such file or directory)
1426325 openat(AT_FDCWD</tmp/kernel-audit2-v3r63b5w/\346\261\202\350\247\243\345\231\250>, "/usr/lib/locale/C.utf8/LC_NUMERIC", O_RDONLY|O_CLOEXEC) = 3</usr/lib/locale/C.utf8/LC_NUMERIC>
1426325 openat(AT_FDCWD</tmp/kernel-audit2-v3r63b5w/\346\261\202\350\247\243\345\231\250>, "/usr/lib/locale/C.UTF-8/LC_CTYPE", O_RDONLY|O_CLOEXEC) = -1 ENOENT (No such file or directory)
1426325 openat(AT_FDCWD</tmp/kernel-audit2-v3r63b5w/\346\261\202\350\247\243\345\231\250>, "/usr/lib/locale/C.utf8/LC_CTYPE", O_RDONLY|O_CLOEXEC) = 3</usr/lib/locale/C.utf8/LC_CTYPE>
1426325 openat(AT_FDCWD</tmp/kernel-audit2-v3r63b5w/\346\261\202\350\247\243\345\231\250>, "/tmp/kernel-audit2-v3r63b5w/\346\261\202\350\247\243\345\231\250/Cargo.lock", O_RDONLY) = 3</tmp/kernel-audit2-v3r63b5w/\346\261\202\350\247\243\345\231\250/Cargo.lock>
1426283 --- SIGCHLD {si_signo=SIGCHLD, si_code=CLD_EXITED, si_pid=1426325, si_uid=1000, si_status=0, si_utime=0, si_stime=0} ---
1426283 openat(AT_FDCWD</tmp/kernel-audit2-v3r63b5w/\346\261\202\350\247\243\345\231\250>, "/dev/null", O_RDONLY|O_CLOEXEC) = 3</dev/null<char 1:3>>
1426326 execve("/home/zhuran24/.codex/tmp/arg0/codex-arg0DuAZRy/sha256sum", ["sha256sum", "--", "/tmp/kernel-audit2-v3r63b5w/\346\261\202\350\247\243\345\231\250/crates/kernel/Cargo.toml"], 0x7ffdc1bb9fc8 /* 135 vars */) = -1 ENOENT (No such file or directory)
1426326 execve("/home/zhuran24/.cargo/bin/sha256sum", ["sha256sum", "--", "/tmp/kernel-audit2-v3r63b5w/\346\261\202\350\247\243\345\231\250/crates/kernel/Cargo.toml"], 0x7ffdc1bb9fc8 /* 135 vars */) = -1 ENOENT (No such file or directory)
1426326 execve("/home/zhuran24/.local/bin/sha256sum", ["sha256sum", "--", "/tmp/kernel-audit2-v3r63b5w/\346\261\202\350\247\243\345\231\250/crates/kernel/Cargo.toml"], 0x7ffdc1bb9fc8 /* 135 vars */) = -1 ENOENT (No such file or directory)
1426326 execve("/home/zhuran24/.opencode/bin/sha256sum", ["sha256sum", "--", "/tmp/kernel-audit2-v3r63b5w/\346\261\202\350\247\243\345\231\250/crates/kernel/Cargo.toml"], 0x7ffdc1bb9fc8 /* 135 vars */) = -1 ENOENT (No such file or directory)
1426326 execve("/usr/local/bin/sha256sum", ["sha256sum", "--", "/tmp/kernel-audit2-v3r63b5w/\346\261\202\350\247\243\345\231\250/crates/kernel/Cargo.toml"], 0x7ffdc1bb9fc8 /* 135 vars */) = -1 ENOENT (No such file or directory)
1426326 execve("/usr/bin/sha256sum", ["sha256sum", "--", "/tmp/kernel-audit2-v3r63b5w/\346\261\202\350\247\243\345\231\250/crates/kernel/Cargo.toml"], 0x7ffdc1bb9fc8 /* 135 vars */) = 0
1426326 openat(AT_FDCWD</tmp/kernel-audit2-v3r63b5w/\346\261\202\350\247\243\345\231\250>, "/etc/ld.so.cache", O_RDONLY|O_CLOEXEC) = 3</etc/ld.so.cache>
1426326 openat(AT_FDCWD</tmp/kernel-audit2-v3r63b5w/\346\261\202\350\247\243\345\231\250>, "/usr/lib/libcrypto.so.3", O_RDONLY|O_CLOEXEC) = 3</usr/lib/libcrypto.so.3>
1426326 openat(AT_FDCWD</tmp/kernel-audit2-v3r63b5w/\346\261\202\350\247\243\345\231\250>, "/usr/lib/libc.so.6", O_RDONLY|O_CLOEXEC) = 3</usr/lib/libc.so.6>
1426326 openat(AT_FDCWD</tmp/kernel-audit2-v3r63b5w/\346\261\202\350\247\243\345\231\250>, "/usr/lib/libz.so.1", O_RDONLY|O_CLOEXEC) = 3</usr/lib/libz.so.1.3.1.zlib-ng>
1426326 openat(AT_FDCWD</tmp/kernel-audit2-v3r63b5w/\346\261\202\350\247\243\345\231\250>, "/usr/lib/libbrotlienc.so.1", O_RDONLY|O_CLOEXEC) = 3</usr/lib/libbrotlienc.so.1.2.0>
1426326 openat(AT_FDCWD</tmp/kernel-audit2-v3r63b5w/\346\261\202\350\247\243\345\231\250>, "/usr/lib/libbrotlidec.so.1", O_RDONLY|O_CLOEXEC) = 3</usr/lib/libbrotlidec.so.1.2.0>
1426326 openat(AT_FDCWD</tmp/kernel-audit2-v3r63b5w/\346\261\202\350\247\243\345\231\250>, "/usr/lib/libzstd.so.1", O_RDONLY|O_CLOEXEC) = 3</usr/lib/libzstd.so.1.5.7>
1426326 openat(AT_FDCWD</tmp/kernel-audit2-v3r63b5w/\346\261\202\350\247\243\345\231\250>, "/usr/lib/libm.so.6", O_RDONLY|O_CLOEXEC) = 3</usr/lib/libm.so.6>
1426326 openat(AT_FDCWD</tmp/kernel-audit2-v3r63b5w/\346\261\202\350\247\243\345\231\250>, "/usr/lib/libbrotlicommon.so.1", O_RDONLY|O_CLOEXEC) = 3</usr/lib/libbrotlicommon.so.1.2.0>
1426326 openat(AT_FDCWD</tmp/kernel-audit2-v3r63b5w/\346\261\202\350\247\243\345\231\250>, "/usr/lib/locale/locale-archive", O_RDONLY|O_CLOEXEC) = 3</usr/lib/locale/locale-archive>
1426326 openat(AT_FDCWD</tmp/kernel-audit2-v3r63b5w/\346\261\202\350\247\243\345\231\250>, "/usr/share/locale/locale.alias", O_RDONLY|O_CLOEXEC) = 3</usr/share/locale/locale.alias>
1426326 openat(AT_FDCWD</tmp/kernel-audit2-v3r63b5w/\346\261\202\350\247\243\345\231\250>, "/usr/lib/locale/C.UTF-8/LC_IDENTIFICATION", O_RDONLY|O_CLOEXEC) = -1 ENOENT (No such file or directory)
1426326 openat(AT_FDCWD</tmp/kernel-audit2-v3r63b5w/\346\261\202\350\247\243\345\231\250>, "/usr/lib/locale/C.utf8/LC_IDENTIFICATION", O_RDONLY|O_CLOEXEC) = 3</usr/lib/locale/C.utf8/LC_IDENTIFICATION>
1426326 openat(AT_FDCWD</tmp/kernel-audit2-v3r63b5w/\346\261\202\350\247\243\345\231\250>, "/usr/lib/gconv/gconv-modules.cache", O_RDONLY|O_CLOEXEC) = 3</usr/lib/gconv/gconv-modules.cache>
1426326 openat(AT_FDCWD</tmp/kernel-audit2-v3r63b5w/\346\261\202\350\247\243\345\231\250>, "/usr/lib/locale/C.UTF-8/LC_MEASUREMENT", O_RDONLY|O_CLOEXEC) = -1 ENOENT (No such file or directory)
1426326 openat(AT_FDCWD</tmp/kernel-audit2-v3r63b5w/\346\261\202\350\247\243\345\231\250>, "/usr/lib/locale/C.utf8/LC_MEASUREMENT", O_RDONLY|O_CLOEXEC) = 3</usr/lib/locale/C.utf8/LC_MEASUREMENT>
1426326 openat(AT_FDCWD</tmp/kernel-audit2-v3r63b5w/\346\261\202\350\247\243\345\231\250>, "/usr/lib/locale/C.UTF-8/LC_TELEPHONE", O_RDONLY|O_CLOEXEC) = -1 ENOENT (No such file or directory)
1426326 openat(AT_FDCWD</tmp/kernel-audit2-v3r63b5w/\346\261\202\350\247\243\345\231\250>, "/usr/lib/locale/C.utf8/LC_TELEPHONE", O_RDONLY|O_CLOEXEC) = 3</usr/lib/locale/C.utf8/LC_TELEPHONE>
1426326 openat(AT_FDCWD</tmp/kernel-audit2-v3r63b5w/\346\261\202\350\247\243\345\231\250>, "/usr/lib/locale/C.UTF-8/LC_ADDRESS", O_RDONLY|O_CLOEXEC) = -1 ENOENT (No such file or directory)
1426326 openat(AT_FDCWD</tmp/kernel-audit2-v3r63b5w/\346\261\202\350\247\243\345\231\250>, "/usr/lib/locale/C.utf8/LC_ADDRESS", O_RDONLY|O_CLOEXEC) = 3</usr/lib/locale/C.utf8/LC_ADDRESS>
1426326 openat(AT_FDCWD</tmp/kernel-audit2-v3r63b5w/\346\261\202\350\247\243\345\231\250>, "/usr/lib/locale/C.UTF-8/LC_NAME", O_RDONLY|O_CLOEXEC) = -1 ENOENT (No such file or directory)
1426326 openat(AT_FDCWD</tmp/kernel-audit2-v3r63b5w/\346\261\202\350\247\243\345\231\250>, "/usr/lib/locale/C.utf8/LC_NAME", O_RDONLY|O_CLOEXEC) = 3</usr/lib/locale/C.utf8/LC_NAME>
1426326 openat(AT_FDCWD</tmp/kernel-audit2-v3r63b5w/\346\261\202\350\247\243\345\231\250>, "/usr/lib/locale/C.UTF-8/LC_PAPER", O_RDONLY|O_CLOEXEC) = -1 ENOENT (No such file or directory)
1426326 openat(AT_FDCWD</tmp/kernel-audit2-v3r63b5w/\346\261\202\350\247\243\345\231\250>, "/usr/lib/locale/C.utf8/LC_PAPER", O_RDONLY|O_CLOEXEC) = 3</usr/lib/locale/C.utf8/LC_PAPER>
1426326 openat(AT_FDCWD</tmp/kernel-audit2-v3r63b5w/\346\261\202\350\247\243\345\231\250>, "/usr/lib/locale/C.UTF-8/LC_MESSAGES", O_RDONLY|O_CLOEXEC) = -1 ENOENT (No such file or directory)
1426326 openat(AT_FDCWD</tmp/kernel-audit2-v3r63b5w/\346\261\202\350\247\243\345\231\250>, "/usr/lib/locale/C.utf8/LC_MESSAGES", O_RDONLY|O_CLOEXEC) = 3</usr/lib/locale/C.utf8/LC_MESSAGES>
1426326 openat(AT_FDCWD</tmp/kernel-audit2-v3r63b5w/\346\261\202\350\247\243\345\231\250>, "/usr/lib/locale/C.utf8/LC_MESSAGES/SYS_LC_MESSAGES", O_RDONLY|O_CLOEXEC) = 3</usr/lib/locale/C.utf8/LC_MESSAGES/SYS_LC_MESSAGES>
1426326 openat(AT_FDCWD</tmp/kernel-audit2-v3r63b5w/\346\261\202\350\247\243\345\231\250>, "/usr/lib/locale/C.UTF-8/LC_MONETARY", O_RDONLY|O_CLOEXEC) = -1 ENOENT (No such file or directory)
1426326 openat(AT_FDCWD</tmp/kernel-audit2-v3r63b5w/\346\261\202\350\247\243\345\231\250>, "/usr/lib/locale/C.utf8/LC_MONETARY", O_RDONLY|O_CLOEXEC) = 3</usr/lib/locale/C.utf8/LC_MONETARY>
1426326 openat(AT_FDCWD</tmp/kernel-audit2-v3r63b5w/\346\261\202\350\247\243\345\231\250>, "/usr/lib/locale/C.UTF-8/LC_COLLATE", O_RDONLY|O_CLOEXEC) = -1 ENOENT (No such file or directory)
1426326 openat(AT_FDCWD</tmp/kernel-audit2-v3r63b5w/\346\261\202\350\247\243\345\231\250>, "/usr/lib/locale/C.utf8/LC_COLLATE", O_RDONLY|O_CLOEXEC) = 3</usr/lib/locale/C.utf8/LC_COLLATE>
1426326 openat(AT_FDCWD</tmp/kernel-audit2-v3r63b5w/\346\261\202\350\247\243\345\231\250>, "/usr/lib/locale/C.UTF-8/LC_TIME", O_RDONLY|O_CLOEXEC) = -1 ENOENT (No such file or directory)
1426326 openat(AT_FDCWD</tmp/kernel-audit2-v3r63b5w/\346\261\202\350\247\243\345\231\250>, "/usr/lib/locale/C.utf8/LC_TIME", O_RDONLY|O_CLOEXEC) = 3</usr/lib/locale/C.utf8/LC_TIME>
1426326 openat(AT_FDCWD</tmp/kernel-audit2-v3r63b5w/\346\261\202\350\247\243\345\231\250>, "/usr/lib/locale/C.UTF-8/LC_NUMERIC", O_RDONLY|O_CLOEXEC) = -1 ENOENT (No such file or directory)
1426326 openat(AT_FDCWD</tmp/kernel-audit2-v3r63b5w/\346\261\202\350\247\243\345\231\250>, "/usr/lib/locale/C.utf8/LC_NUMERIC", O_RDONLY|O_CLOEXEC) = 3</usr/lib/locale/C.utf8/LC_NUMERIC>
1426326 openat(AT_FDCWD</tmp/kernel-audit2-v3r63b5w/\346\261\202\350\247\243\345\231\250>, "/usr/lib/locale/C.UTF-8/LC_CTYPE", O_RDONLY|O_CLOEXEC) = -1 ENOENT (No such file or directory)
1426326 openat(AT_FDCWD</tmp/kernel-audit2-v3r63b5w/\346\261\202\350\247\243\345\231\250>, "/usr/lib/locale/C.utf8/LC_CTYPE", O_RDONLY|O_CLOEXEC) = 3</usr/lib/locale/C.utf8/LC_CTYPE>
1426326 openat(AT_FDCWD</tmp/kernel-audit2-v3r63b5w/\346\261\202\350\247\243\345\231\250>, "/tmp/kernel-audit2-v3r63b5w/\346\261\202\350\247\243\345\231\250/crates/kernel/Cargo.toml", O_RDONLY) = 3</tmp/kernel-audit2-v3r63b5w/\346\261\202\350\247\243\345\231\250/crates/kernel/Cargo.toml>
1426283 --- SIGCHLD {si_signo=SIGCHLD, si_code=CLD_EXITED, si_pid=1426326, si_uid=1000, si_status=0, si_utime=0, si_stime=0} ---
1426283 openat(AT_FDCWD</tmp/kernel-audit2-v3r63b5w/\346\261\202\350\247\243\345\231\250>, "/dev/null", O_RDONLY|O_CLOEXEC) = 3</dev/null<char 1:3>>
1426327 execve("/home/zhuran24/.codex/tmp/arg0/codex-arg0DuAZRy/sha256sum", ["sha256sum", "--", "/tmp/kernel-audit2-v3r63b5w/\346\261\202\350\247\243\345\231\250/\346\225\260\346\215\256/\346\240\267\344\276\213/\347\224\237\344\272\247\345\276\252\347\216\257\347\216\257\345\270\246.json"], 0x7ffdc1bb9fc8 /* 135 vars */) = -1 ENOENT (No such file or directory)
1426327 execve("/home/zhuran24/.cargo/bin/sha256sum", ["sha256sum", "--", "/tmp/kernel-audit2-v3r63b5w/\346\261\202\350\247\243\345\231\250/\346\225\260\346\215\256/\346\240\267\344\276\213/\347\224\237\344\272\247\345\276\252\347\216\257\347\216\257\345\270\246.json"], 0x7ffdc1bb9fc8 /* 135 vars */) = -1 ENOENT (No such file or directory)
1426327 execve("/home/zhuran24/.local/bin/sha256sum", ["sha256sum", "--", "/tmp/kernel-audit2-v3r63b5w/\346\261\202\350\247\243\345\231\250/\346\225\260\346\215\256/\346\240\267\344\276\213/\347\224\237\344\272\247\345\276\252\347\216\257\347\216\257\345\270\246.json"], 0x7ffdc1bb9fc8 /* 135 vars */) = -1 ENOENT (No such file or directory)
1426327 execve("/home/zhuran24/.opencode/bin/sha256sum", ["sha256sum", "--", "/tmp/kernel-audit2-v3r63b5w/\346\261\202\350\247\243\345\231\250/\346\225\260\346\215\256/\346\240\267\344\276\213/\347\224\237\344\272\247\345\276\252\347\216\257\347\216\257\345\270\246.json"], 0x7ffdc1bb9fc8 /* 135 vars */) = -1 ENOENT (No such file or directory)
1426327 execve("/usr/local/bin/sha256sum", ["sha256sum", "--", "/tmp/kernel-audit2-v3r63b5w/\346\261\202\350\247\243\345\231\250/\346\225\260\346\215\256/\346\240\267\344\276\213/\347\224\237\344\272\247\345\276\252\347\216\257\347\216\257\345\270\246.json"], 0x7ffdc1bb9fc8 /* 135 vars */) = -1 ENOENT (No such file or directory)
1426327 execve("/usr/bin/sha256sum", ["sha256sum", "--", "/tmp/kernel-audit2-v3r63b5w/\346\261\202\350\247\243\345\231\250/\346\225\260\346\215\256/\346\240\267\344\276\213/\347\224\237\344\272\247\345\276\252\347\216\257\347\216\257\345\270\246.json"], 0x7ffdc1bb9fc8 /* 135 vars */) = 0
1426327 openat(AT_FDCWD</tmp/kernel-audit2-v3r63b5w/\346\261\202\350\247\243\345\231\250>, "/etc/ld.so.cache", O_RDONLY|O_CLOEXEC) = 3</etc/ld.so.cache>
1426327 openat(AT_FDCWD</tmp/kernel-audit2-v3r63b5w/\346\261\202\350\247\243\345\231\250>, "/usr/lib/libcrypto.so.3", O_RDONLY|O_CLOEXEC) = 3</usr/lib/libcrypto.so.3>
1426327 openat(AT_FDCWD</tmp/kernel-audit2-v3r63b5w/\346\261\202\350\247\243\345\231\250>, "/usr/lib/libc.so.6", O_RDONLY|O_CLOEXEC) = 3</usr/lib/libc.so.6>
1426327 openat(AT_FDCWD</tmp/kernel-audit2-v3r63b5w/\346\261\202\350\247\243\345\231\250>, "/usr/lib/libz.so.1", O_RDONLY|O_CLOEXEC) = 3</usr/lib/libz.so.1.3.1.zlib-ng>
1426327 openat(AT_FDCWD</tmp/kernel-audit2-v3r63b5w/\346\261\202\350\247\243\345\231\250>, "/usr/lib/libbrotlienc.so.1", O_RDONLY|O_CLOEXEC) = 3</usr/lib/libbrotlienc.so.1.2.0>
1426327 openat(AT_FDCWD</tmp/kernel-audit2-v3r63b5w/\346\261\202\350\247\243\345\231\250>, "/usr/lib/libbrotlidec.so.1", O_RDONLY|O_CLOEXEC) = 3</usr/lib/libbrotlidec.so.1.2.0>
1426327 openat(AT_FDCWD</tmp/kernel-audit2-v3r63b5w/\346\261\202\350\247\243\345\231\250>, "/usr/lib/libzstd.so.1", O_RDONLY|O_CLOEXEC) = 3</usr/lib/libzstd.so.1.5.7>
1426327 openat(AT_FDCWD</tmp/kernel-audit2-v3r63b5w/\346\261\202\350\247\243\345\231\250>, "/usr/lib/libm.so.6", O_RDONLY|O_CLOEXEC) = 3</usr/lib/libm.so.6>
1426327 openat(AT_FDCWD</tmp/kernel-audit2-v3r63b5w/\346\261\202\350\247\243\345\231\250>, "/usr/lib/libbrotlicommon.so.1", O_RDONLY|O_CLOEXEC) = 3</usr/lib/libbrotlicommon.so.1.2.0>
1426327 openat(AT_FDCWD</tmp/kernel-audit2-v3r63b5w/\346\261\202\350\247\243\345\231\250>, "/usr/lib/locale/locale-archive", O_RDONLY|O_CLOEXEC) = 3</usr/lib/locale/locale-archive>
1426327 openat(AT_FDCWD</tmp/kernel-audit2-v3r63b5w/\346\261\202\350\247\243\345\231\250>, "/usr/share/locale/locale.alias", O_RDONLY|O_CLOEXEC) = 3</usr/share/locale/locale.alias>
1426327 openat(AT_FDCWD</tmp/kernel-audit2-v3r63b5w/\346\261\202\350\247\243\345\231\250>, "/usr/lib/locale/C.UTF-8/LC_IDENTIFICATION", O_RDONLY|O_CLOEXEC) = -1 ENOENT (No such file or directory)
1426327 openat(AT_FDCWD</tmp/kernel-audit2-v3r63b5w/\346\261\202\350\247\243\345\231\250>, "/usr/lib/locale/C.utf8/LC_IDENTIFICATION", O_RDONLY|O_CLOEXEC) = 3</usr/lib/locale/C.utf8/LC_IDENTIFICATION>
1426327 openat(AT_FDCWD</tmp/kernel-audit2-v3r63b5w/\346\261\202\350\247\243\345\231\250>, "/usr/lib/gconv/gconv-modules.cache", O_RDONLY|O_CLOEXEC) = 3</usr/lib/gconv/gconv-modules.cache>
1426327 openat(AT_FDCWD</tmp/kernel-audit2-v3r63b5w/\346\261\202\350\247\243\345\231\250>, "/usr/lib/locale/C.UTF-8/LC_MEASUREMENT", O_RDONLY|O_CLOEXEC) = -1 ENOENT (No such file or directory)
1426327 openat(AT_FDCWD</tmp/kernel-audit2-v3r63b5w/\346\261\202\350\247\243\345\231\250>, "/usr/lib/locale/C.utf8/LC_MEASUREMENT", O_RDONLY|O_CLOEXEC) = 3</usr/lib/locale/C.utf8/LC_MEASUREMENT>
1426327 openat(AT_FDCWD</tmp/kernel-audit2-v3r63b5w/\346\261\202\350\247\243\345\231\250>, "/usr/lib/locale/C.UTF-8/LC_TELEPHONE", O_RDONLY|O_CLOEXEC) = -1 ENOENT (No such file or directory)
1426327 openat(AT_FDCWD</tmp/kernel-audit2-v3r63b5w/\346\261\202\350\247\243\345\231\250>, "/usr/lib/locale/C.utf8/LC_TELEPHONE", O_RDONLY|O_CLOEXEC) = 3</usr/lib/locale/C.utf8/LC_TELEPHONE>
1426327 openat(AT_FDCWD</tmp/kernel-audit2-v3r63b5w/\346\261\202\350\247\243\345\231\250>, "/usr/lib/locale/C.UTF-8/LC_ADDRESS", O_RDONLY|O_CLOEXEC) = -1 ENOENT (No such file or directory)
1426327 openat(AT_FDCWD</tmp/kernel-audit2-v3r63b5w/\346\261\202\350\247\243\345\231\250>, "/usr/lib/locale/C.utf8/LC_ADDRESS", O_RDONLY|O_CLOEXEC) = 3</usr/lib/locale/C.utf8/LC_ADDRESS>
1426327 openat(AT_FDCWD</tmp/kernel-audit2-v3r63b5w/\346\261\202\350\247\243\345\231\250>, "/usr/lib/locale/C.UTF-8/LC_NAME", O_RDONLY|O_CLOEXEC) = -1 ENOENT (No such file or directory)
1426327 openat(AT_FDCWD</tmp/kernel-audit2-v3r63b5w/\346\261\202\350\247\243\345\231\250>, "/usr/lib/locale/C.utf8/LC_NAME", O_RDONLY|O_CLOEXEC) = 3</usr/lib/locale/C.utf8/LC_NAME>
1426327 openat(AT_FDCWD</tmp/kernel-audit2-v3r63b5w/\346\261\202\350\247\243\345\231\250>, "/usr/lib/locale/C.UTF-8/LC_PAPER", O_RDONLY|O_CLOEXEC) = -1 ENOENT (No such file or directory)
1426327 openat(AT_FDCWD</tmp/kernel-audit2-v3r63b5w/\346\261\202\350\247\243\345\231\250>, "/usr/lib/locale/C.utf8/LC_PAPER", O_RDONLY|O_CLOEXEC) = 3</usr/lib/locale/C.utf8/LC_PAPER>
1426327 openat(AT_FDCWD</tmp/kernel-audit2-v3r63b5w/\346\261\202\350\247\243\345\231\250>, "/usr/lib/locale/C.UTF-8/LC_MESSAGES", O_RDONLY|O_CLOEXEC) = -1 ENOENT (No such file or directory)
1426327 openat(AT_FDCWD</tmp/kernel-audit2-v3r63b5w/\346\261\202\350\247\243\345\231\250>, "/usr/lib/locale/C.utf8/LC_MESSAGES", O_RDONLY|O_CLOEXEC) = 3</usr/lib/locale/C.utf8/LC_MESSAGES>
1426327 openat(AT_FDCWD</tmp/kernel-audit2-v3r63b5w/\346\261\202\350\247\243\345\231\250>, "/usr/lib/locale/C.utf8/LC_MESSAGES/SYS_LC_MESSAGES", O_RDONLY|O_CLOEXEC) = 3</usr/lib/locale/C.utf8/LC_MESSAGES/SYS_LC_MESSAGES>
1426327 openat(AT_FDCWD</tmp/kernel-audit2-v3r63b5w/\346\261\202\350\247\243\345\231\250>, "/usr/lib/locale/C.UTF-8/LC_MONETARY", O_RDONLY|O_CLOEXEC) = -1 ENOENT (No such file or directory)
1426327 openat(AT_FDCWD</tmp/kernel-audit2-v3r63b5w/\346\261\202\350\247\243\345\231\250>, "/usr/lib/locale/C.utf8/LC_MONETARY", O_RDONLY|O_CLOEXEC) = 3</usr/lib/locale/C.utf8/LC_MONETARY>
1426327 openat(AT_FDCWD</tmp/kernel-audit2-v3r63b5w/\346\261\202\350\247\243\345\231\250>, "/usr/lib/locale/C.UTF-8/LC_COLLATE", O_RDONLY|O_CLOEXEC) = -1 ENOENT (No such file or directory)
1426327 openat(AT_FDCWD</tmp/kernel-audit2-v3r63b5w/\346\261\202\350\247\243\345\231\250>, "/usr/lib/locale/C.utf8/LC_COLLATE", O_RDONLY|O_CLOEXEC) = 3</usr/lib/locale/C.utf8/LC_COLLATE>
1426327 openat(AT_FDCWD</tmp/kernel-audit2-v3r63b5w/\346\261\202\350\247\243\345\231\250>, "/usr/lib/locale/C.UTF-8/LC_TIME", O_RDONLY|O_CLOEXEC) = -1 ENOENT (No such file or directory)
1426327 openat(AT_FDCWD</tmp/kernel-audit2-v3r63b5w/\346\261\202\350\247\243\345\231\250>, "/usr/lib/locale/C.utf8/LC_TIME", O_RDONLY|O_CLOEXEC) = 3</usr/lib/locale/C.utf8/LC_TIME>
1426327 openat(AT_FDCWD</tmp/kernel-audit2-v3r63b5w/\346\261\202\350\247\243\345\231\250>, "/usr/lib/locale/C.UTF-8/LC_NUMERIC", O_RDONLY|O_CLOEXEC) = -1 ENOENT (No such file or directory)
1426327 openat(AT_FDCWD</tmp/kernel-audit2-v3r63b5w/\346\261\202\350\247\243\345\231\250>, "/usr/lib/locale/C.utf8/LC_NUMERIC", O_RDONLY|O_CLOEXEC) = 3</usr/lib/locale/C.utf8/LC_NUMERIC>
1426327 openat(AT_FDCWD</tmp/kernel-audit2-v3r63b5w/\346\261\202\350\247\243\345\231\250>, "/usr/lib/locale/C.UTF-8/LC_CTYPE", O_RDONLY|O_CLOEXEC) = -1 ENOENT (No such file or directory)
1426327 openat(AT_FDCWD</tmp/kernel-audit2-v3r63b5w/\346\261\202\350\247\243\345\231\250>, "/usr/lib/locale/C.utf8/LC_CTYPE", O_RDONLY|O_CLOEXEC) = 3</usr/lib/locale/C.utf8/LC_CTYPE>
1426327 openat(AT_FDCWD</tmp/kernel-audit2-v3r63b5w/\346\261\202\350\247\243\345\231\250>, "/tmp/kernel-audit2-v3r63b5w/\346\261\202\350\247\243\345\231\250/\346\225\260\346\215\256/\346\240\267\344\276\213/\347\224\237\344\272\247\345\276\252\347\216\257\347\216\257\345\270\246.json", O_RDONLY) = 3</tmp/kernel-audit2-v3r63b5w/\346\261\202\350\247\243\345\231\250/\346\225\260\346\215\256/\346\240\267\344\276\213/\347\224\237\344\272\247\345\276\252\347\216\257\347\216\257\345\270\246.json>
1426283 --- SIGCHLD {si_signo=SIGCHLD, si_code=CLD_EXITED, si_pid=1426327, si_uid=1000, si_status=0, si_utime=0, si_stime=0} ---
1426283 openat(AT_FDCWD</tmp/kernel-audit2-v3r63b5w/\346\261\202\350\247\243\345\231\250>, "/dev/null", O_RDONLY|O_CLOEXEC) = 3</dev/null<char 1:3>>
1426328 execve("/home/zhuran24/.codex/tmp/arg0/codex-arg0DuAZRy/sha256sum", ["sha256sum", "--", "/tmp/kernel-audit2-v3r63b5w/\346\261\202\350\247\243\345\231\250/\346\225\260\346\215\256/\346\240\267\344\276\213/\347\224\237\344\272\247\345\276\252\347\216\257\347\216\257\345\270\246.json"], 0x7ffdc1bb9fc8 /* 135 vars */) = -1 ENOENT (No such file or directory)
1426328 execve("/home/zhuran24/.cargo/bin/sha256sum", ["sha256sum", "--", "/tmp/kernel-audit2-v3r63b5w/\346\261\202\350\247\243\345\231\250/\346\225\260\346\215\256/\346\240\267\344\276\213/\347\224\237\344\272\247\345\276\252\347\216\257\347\216\257\345\270\246.json"], 0x7ffdc1bb9fc8 /* 135 vars */) = -1 ENOENT (No such file or directory)
1426328 execve("/home/zhuran24/.local/bin/sha256sum", ["sha256sum", "--", "/tmp/kernel-audit2-v3r63b5w/\346\261\202\350\247\243\345\231\250/\346\225\260\346\215\256/\346\240\267\344\276\213/\347\224\237\344\272\247\345\276\252\347\216\257\347\216\257\345\270\246.json"], 0x7ffdc1bb9fc8 /* 135 vars */) = -1 ENOENT (No such file or directory)
1426328 execve("/home/zhuran24/.opencode/bin/sha256sum", ["sha256sum", "--", "/tmp/kernel-audit2-v3r63b5w/\346\261\202\350\247\243\345\231\250/\346\225\260\346\215\256/\346\240\267\344\276\213/\347\224\237\344\272\247\345\276\252\347\216\257\347\216\257\345\270\246.json"], 0x7ffdc1bb9fc8 /* 135 vars */) = -1 ENOENT (No such file or directory)
1426328 execve("/usr/local/bin/sha256sum", ["sha256sum", "--", "/tmp/kernel-audit2-v3r63b5w/\346\261\202\350\247\243\345\231\250/\346\225\260\346\215\256/\346\240\267\344\276\213/\347\224\237\344\272\247\345\276\252\347\216\257\347\216\257\345\270\246.json"], 0x7ffdc1bb9fc8 /* 135 vars */) = -1 ENOENT (No such file or directory)
1426328 execve("/usr/bin/sha256sum", ["sha256sum", "--", "/tmp/kernel-audit2-v3r63b5w/\346\261\202\350\247\243\345\231\250/\346\225\260\346\215\256/\346\240\267\344\276\213/\347\224\237\344\272\247\345\276\252\347\216\257\347\216\257\345\270\246.json"], 0x7ffdc1bb9fc8 /* 135 vars */) = 0
1426328 openat(AT_FDCWD</tmp/kernel-audit2-v3r63b5w/\346\261\202\350\247\243\345\231\250>, "/etc/ld.so.cache", O_RDONLY|O_CLOEXEC) = 3</etc/ld.so.cache>
1426328 openat(AT_FDCWD</tmp/kernel-audit2-v3r63b5w/\346\261\202\350\247\243\345\231\250>, "/usr/lib/libcrypto.so.3", O_RDONLY|O_CLOEXEC) = 3</usr/lib/libcrypto.so.3>
1426328 openat(AT_FDCWD</tmp/kernel-audit2-v3r63b5w/\346\261\202\350\247\243\345\231\250>, "/usr/lib/libc.so.6", O_RDONLY|O_CLOEXEC) = 3</usr/lib/libc.so.6>
1426328 openat(AT_FDCWD</tmp/kernel-audit2-v3r63b5w/\346\261\202\350\247\243\345\231\250>, "/usr/lib/libz.so.1", O_RDONLY|O_CLOEXEC) = 3</usr/lib/libz.so.1.3.1.zlib-ng>
1426328 openat(AT_FDCWD</tmp/kernel-audit2-v3r63b5w/\346\261\202\350\247\243\345\231\250>, "/usr/lib/libbrotlienc.so.1", O_RDONLY|O_CLOEXEC) = 3</usr/lib/libbrotlienc.so.1.2.0>
1426328 openat(AT_FDCWD</tmp/kernel-audit2-v3r63b5w/\346\261\202\350\247\243\345\231\250>, "/usr/lib/libbrotlidec.so.1", O_RDONLY|O_CLOEXEC) = 3</usr/lib/libbrotlidec.so.1.2.0>
1426328 openat(AT_FDCWD</tmp/kernel-audit2-v3r63b5w/\346\261\202\350\247\243\345\231\250>, "/usr/lib/libzstd.so.1", O_RDONLY|O_CLOEXEC) = 3</usr/lib/libzstd.so.1.5.7>
1426328 openat(AT_FDCWD</tmp/kernel-audit2-v3r63b5w/\346\261\202\350\247\243\345\231\250>, "/usr/lib/libm.so.6", O_RDONLY|O_CLOEXEC) = 3</usr/lib/libm.so.6>
1426328 openat(AT_FDCWD</tmp/kernel-audit2-v3r63b5w/\346\261\202\350\247\243\345\231\250>, "/usr/lib/libbrotlicommon.so.1", O_RDONLY|O_CLOEXEC) = 3</usr/lib/libbrotlicommon.so.1.2.0>
1426328 openat(AT_FDCWD</tmp/kernel-audit2-v3r63b5w/\346\261\202\350\247\243\345\231\250>, "/usr/lib/locale/locale-archive", O_RDONLY|O_CLOEXEC) = 3</usr/lib/locale/locale-archive>
1426328 openat(AT_FDCWD</tmp/kernel-audit2-v3r63b5w/\346\261\202\350\247\243\345\231\250>, "/usr/share/locale/locale.alias", O_RDONLY|O_CLOEXEC) = 3</usr/share/locale/locale.alias>
1426328 openat(AT_FDCWD</tmp/kernel-audit2-v3r63b5w/\346\261\202\350\247\243\345\231\250>, "/usr/lib/locale/C.UTF-8/LC_IDENTIFICATION", O_RDONLY|O_CLOEXEC) = -1 ENOENT (No such file or directory)
1426328 openat(AT_FDCWD</tmp/kernel-audit2-v3r63b5w/\346\261\202\350\247\243\345\231\250>, "/usr/lib/locale/C.utf8/LC_IDENTIFICATION", O_RDONLY|O_CLOEXEC) = 3</usr/lib/locale/C.utf8/LC_IDENTIFICATION>
1426328 openat(AT_FDCWD</tmp/kernel-audit2-v3r63b5w/\346\261\202\350\247\243\345\231\250>, "/usr/lib/gconv/gconv-modules.cache", O_RDONLY|O_CLOEXEC) = 3</usr/lib/gconv/gconv-modules.cache>
1426328 openat(AT_FDCWD</tmp/kernel-audit2-v3r63b5w/\346\261\202\350\247\243\345\231\250>, "/usr/lib/locale/C.UTF-8/LC_MEASUREMENT", O_RDONLY|O_CLOEXEC) = -1 ENOENT (No such file or directory)
1426328 openat(AT_FDCWD</tmp/kernel-audit2-v3r63b5w/\346\261\202\350\247\243\345\231\250>, "/usr/lib/locale/C.utf8/LC_MEASUREMENT", O_RDONLY|O_CLOEXEC) = 3</usr/lib/locale/C.utf8/LC_MEASUREMENT>
1426328 openat(AT_FDCWD</tmp/kernel-audit2-v3r63b5w/\346\261\202\350\247\243\345\231\250>, "/usr/lib/locale/C.UTF-8/LC_TELEPHONE", O_RDONLY|O_CLOEXEC) = -1 ENOENT (No such file or directory)
1426328 openat(AT_FDCWD</tmp/kernel-audit2-v3r63b5w/\346\261\202\350\247\243\345\231\250>, "/usr/lib/locale/C.utf8/LC_TELEPHONE", O_RDONLY|O_CLOEXEC) = 3</usr/lib/locale/C.utf8/LC_TELEPHONE>
1426328 openat(AT_FDCWD</tmp/kernel-audit2-v3r63b5w/\346\261\202\350\247\243\345\231\250>, "/usr/lib/locale/C.UTF-8/LC_ADDRESS", O_RDONLY|O_CLOEXEC) = -1 ENOENT (No such file or directory)
1426328 openat(AT_FDCWD</tmp/kernel-audit2-v3r63b5w/\346\261\202\350\247\243\345\231\250>, "/usr/lib/locale/C.utf8/LC_ADDRESS", O_RDONLY|O_CLOEXEC) = 3</usr/lib/locale/C.utf8/LC_ADDRESS>
1426328 openat(AT_FDCWD</tmp/kernel-audit2-v3r63b5w/\346\261\202\350\247\243\345\231\250>, "/usr/lib/locale/C.UTF-8/LC_NAME", O_RDONLY|O_CLOEXEC) = -1 ENOENT (No such file or directory)
1426328 openat(AT_FDCWD</tmp/kernel-audit2-v3r63b5w/\346\261\202\350\247\243\345\231\250>, "/usr/lib/locale/C.utf8/LC_NAME", O_RDONLY|O_CLOEXEC) = 3</usr/lib/locale/C.utf8/LC_NAME>
1426328 openat(AT_FDCWD</tmp/kernel-audit2-v3r63b5w/\346\261\202\350\247\243\345\231\250>, "/usr/lib/locale/C.UTF-8/LC_PAPER", O_RDONLY|O_CLOEXEC) = -1 ENOENT (No such file or directory)
1426328 openat(AT_FDCWD</tmp/kernel-audit2-v3r63b5w/\346\261\202\350\247\243\345\231\250>, "/usr/lib/locale/C.utf8/LC_PAPER", O_RDONLY|O_CLOEXEC) = 3</usr/lib/locale/C.utf8/LC_PAPER>
1426328 openat(AT_FDCWD</tmp/kernel-audit2-v3r63b5w/\346\261\202\350\247\243\345\231\250>, "/usr/lib/locale/C.UTF-8/LC_MESSAGES", O_RDONLY|O_CLOEXEC) = -1 ENOENT (No such file or directory)
1426328 openat(AT_FDCWD</tmp/kernel-audit2-v3r63b5w/\346\261\202\350\247\243\345\231\250>, "/usr/lib/locale/C.utf8/LC_MESSAGES", O_RDONLY|O_CLOEXEC) = 3</usr/lib/locale/C.utf8/LC_MESSAGES>
1426328 openat(AT_FDCWD</tmp/kernel-audit2-v3r63b5w/\346\261\202\350\247\243\345\231\250>, "/usr/lib/locale/C.utf8/LC_MESSAGES/SYS_LC_MESSAGES", O_RDONLY|O_CLOEXEC) = 3</usr/lib/locale/C.utf8/LC_MESSAGES/SYS_LC_MESSAGES>
1426328 openat(AT_FDCWD</tmp/kernel-audit2-v3r63b5w/\346\261\202\350\247\243\345\231\250>, "/usr/lib/locale/C.UTF-8/LC_MONETARY", O_RDONLY|O_CLOEXEC) = -1 ENOENT (No such file or directory)
1426328 openat(AT_FDCWD</tmp/kernel-audit2-v3r63b5w/\346\261\202\350\247\243\345\231\250>, "/usr/lib/locale/C.utf8/LC_MONETARY", O_RDONLY|O_CLOEXEC) = 3</usr/lib/locale/C.utf8/LC_MONETARY>
1426328 openat(AT_FDCWD</tmp/kernel-audit2-v3r63b5w/\346\261\202\350\247\243\345\231\250>, "/usr/lib/locale/C.UTF-8/LC_COLLATE", O_RDONLY|O_CLOEXEC) = -1 ENOENT (No such file or directory)
1426328 openat(AT_FDCWD</tmp/kernel-audit2-v3r63b5w/\346\261\202\350\247\243\345\231\250>, "/usr/lib/locale/C.utf8/LC_COLLATE", O_RDONLY|O_CLOEXEC) = 3</usr/lib/locale/C.utf8/LC_COLLATE>
1426328 openat(AT_FDCWD</tmp/kernel-audit2-v3r63b5w/\346\261\202\350\247\243\345\231\250>, "/usr/lib/locale/C.UTF-8/LC_TIME", O_RDONLY|O_CLOEXEC) = -1 ENOENT (No such file or directory)
1426328 openat(AT_FDCWD</tmp/kernel-audit2-v3r63b5w/\346\261\202\350\247\243\345\231\250>, "/usr/lib/locale/C.utf8/LC_TIME", O_RDONLY|O_CLOEXEC) = 3</usr/lib/locale/C.utf8/LC_TIME>
1426328 openat(AT_FDCWD</tmp/kernel-audit2-v3r63b5w/\346\261\202\350\247\243\345\231\250>, "/usr/lib/locale/C.UTF-8/LC_NUMERIC", O_RDONLY|O_CLOEXEC) = -1 ENOENT (No such file or directory)
1426328 openat(AT_FDCWD</tmp/kernel-audit2-v3r63b5w/\346\261\202\350\247\243\345\231\250>, "/usr/lib/locale/C.utf8/LC_NUMERIC", O_RDONLY|O_CLOEXEC) = 3</usr/lib/locale/C.utf8/LC_NUMERIC>
1426328 openat(AT_FDCWD</tmp/kernel-audit2-v3r63b5w/\346\261\202\350\247\243\345\231\250>, "/usr/lib/locale/C.UTF-8/LC_CTYPE", O_RDONLY|O_CLOEXEC) = -1 ENOENT (No such file or directory)
1426328 openat(AT_FDCWD</tmp/kernel-audit2-v3r63b5w/\346\261\202\350\247\243\345\231\250>, "/usr/lib/locale/C.utf8/LC_CTYPE", O_RDONLY|O_CLOEXEC) = 3</usr/lib/locale/C.utf8/LC_CTYPE>
1426328 openat(AT_FDCWD</tmp/kernel-audit2-v3r63b5w/\346\261\202\350\247\243\345\231\250>, "/tmp/kernel-audit2-v3r63b5w/\346\261\202\350\247\243\345\231\250/\346\225\260\346\215\256/\346\240\267\344\276\213/\347\224\237\344\272\247\345\276\252\347\216\257\347\216\257\345\270\246.json", O_RDONLY) = 3</tmp/kernel-audit2-v3r63b5w/\346\261\202\350\247\243\345\231\250/\346\225\260\346\215\256/\346\240\267\344\276\213/\347\224\237\344\272\247\345\276\252\347\216\257\347\216\257\345\270\246.json>
1426283 --- SIGCHLD {si_signo=SIGCHLD, si_code=CLD_EXITED, si_pid=1426328, si_uid=1000, si_status=0, si_utime=0, si_stime=0} ---
1426283 openat(AT_FDCWD</tmp/kernel-audit2-v3r63b5w/\346\261\202\350\247\243\345\231\250>, "/dev/null", O_RDONLY|O_CLOEXEC) = 3</dev/null<char 1:3>>
1426329 execve("/home/zhuran24/.codex/tmp/arg0/codex-arg0DuAZRy/sha256sum", ["sha256sum", "--", "/tmp/kernel-audit2-v3r63b5w/\346\261\202\350\247\243\345\231\250/\350\247\204\346\240\274/\345\206\205\346\240\270\351\205\215\347\275\256-v1.json"], 0x7ffdc1bb9fc8 /* 135 vars */) = -1 ENOENT (No such file or directory)
1426329 execve("/home/zhuran24/.cargo/bin/sha256sum", ["sha256sum", "--", "/tmp/kernel-audit2-v3r63b5w/\346\261\202\350\247\243\345\231\250/\350\247\204\346\240\274/\345\206\205\346\240\270\351\205\215\347\275\256-v1.json"], 0x7ffdc1bb9fc8 /* 135 vars */) = -1 ENOENT (No such file or directory)
1426329 execve("/home/zhuran24/.local/bin/sha256sum", ["sha256sum", "--", "/tmp/kernel-audit2-v3r63b5w/\346\261\202\350\247\243\345\231\250/\350\247\204\346\240\274/\345\206\205\346\240\270\351\205\215\347\275\256-v1.json"], 0x7ffdc1bb9fc8 /* 135 vars */) = -1 ENOENT (No such file or directory)
1426329 execve("/home/zhuran24/.opencode/bin/sha256sum", ["sha256sum", "--", "/tmp/kernel-audit2-v3r63b5w/\346\261\202\350\247\243\345\231\250/\350\247\204\346\240\274/\345\206\205\346\240\270\351\205\215\347\275\256-v1.json"], 0x7ffdc1bb9fc8 /* 135 vars */) = -1 ENOENT (No such file or directory)
1426329 execve("/usr/local/bin/sha256sum", ["sha256sum", "--", "/tmp/kernel-audit2-v3r63b5w/\346\261\202\350\247\243\345\231\250/\350\247\204\346\240\274/\345\206\205\346\240\270\351\205\215\347\275\256-v1.json"], 0x7ffdc1bb9fc8 /* 135 vars */) = -1 ENOENT (No such file or directory)
1426329 execve("/usr/bin/sha256sum", ["sha256sum", "--", "/tmp/kernel-audit2-v3r63b5w/\346\261\202\350\247\243\345\231\250/\350\247\204\346\240\274/\345\206\205\346\240\270\351\205\215\347\275\256-v1.json"], 0x7ffdc1bb9fc8 /* 135 vars */) = 0
1426329 openat(AT_FDCWD</tmp/kernel-audit2-v3r63b5w/\346\261\202\350\247\243\345\231\250>, "/etc/ld.so.cache", O_RDONLY|O_CLOEXEC) = 3</etc/ld.so.cache>
1426329 openat(AT_FDCWD</tmp/kernel-audit2-v3r63b5w/\346\261\202\350\247\243\345\231\250>, "/usr/lib/libcrypto.so.3", O_RDONLY|O_CLOEXEC) = 3</usr/lib/libcrypto.so.3>
1426329 openat(AT_FDCWD</tmp/kernel-audit2-v3r63b5w/\346\261\202\350\247\243\345\231\250>, "/usr/lib/libc.so.6", O_RDONLY|O_CLOEXEC) = 3</usr/lib/libc.so.6>
1426329 openat(AT_FDCWD</tmp/kernel-audit2-v3r63b5w/\346\261\202\350\247\243\345\231\250>, "/usr/lib/libz.so.1", O_RDONLY|O_CLOEXEC) = 3</usr/lib/libz.so.1.3.1.zlib-ng>
1426329 openat(AT_FDCWD</tmp/kernel-audit2-v3r63b5w/\346\261\202\350\247\243\345\231\250>, "/usr/lib/libbrotlienc.so.1", O_RDONLY|O_CLOEXEC) = 3</usr/lib/libbrotlienc.so.1.2.0>
1426329 openat(AT_FDCWD</tmp/kernel-audit2-v3r63b5w/\346\261\202\350\247\243\345\231\250>, "/usr/lib/libbrotlidec.so.1", O_RDONLY|O_CLOEXEC) = 3</usr/lib/libbrotlidec.so.1.2.0>
1426329 openat(AT_FDCWD</tmp/kernel-audit2-v3r63b5w/\346\261\202\350\247\243\345\231\250>, "/usr/lib/libzstd.so.1", O_RDONLY|O_CLOEXEC) = 3</usr/lib/libzstd.so.1.5.7>
1426329 openat(AT_FDCWD</tmp/kernel-audit2-v3r63b5w/\346\261\202\350\247\243\345\231\250>, "/usr/lib/libm.so.6", O_RDONLY|O_CLOEXEC) = 3</usr/lib/libm.so.6>
1426329 openat(AT_FDCWD</tmp/kernel-audit2-v3r63b5w/\346\261\202\350\247\243\345\231\250>, "/usr/lib/libbrotlicommon.so.1", O_RDONLY|O_CLOEXEC) = 3</usr/lib/libbrotlicommon.so.1.2.0>
1426329 openat(AT_FDCWD</tmp/kernel-audit2-v3r63b5w/\346\261\202\350\247\243\345\231\250>, "/usr/lib/locale/locale-archive", O_RDONLY|O_CLOEXEC) = 3</usr/lib/locale/locale-archive>
1426329 openat(AT_FDCWD</tmp/kernel-audit2-v3r63b5w/\346\261\202\350\247\243\345\231\250>, "/usr/share/locale/locale.alias", O_RDONLY|O_CLOEXEC) = 3</usr/share/locale/locale.alias>
1426329 openat(AT_FDCWD</tmp/kernel-audit2-v3r63b5w/\346\261\202\350\247\243\345\231\250>, "/usr/lib/locale/C.UTF-8/LC_IDENTIFICATION", O_RDONLY|O_CLOEXEC) = -1 ENOENT (No such file or directory)
1426329 openat(AT_FDCWD</tmp/kernel-audit2-v3r63b5w/\346\261\202\350\247\243\345\231\250>, "/usr/lib/locale/C.utf8/LC_IDENTIFICATION", O_RDONLY|O_CLOEXEC) = 3</usr/lib/locale/C.utf8/LC_IDENTIFICATION>
1426329 openat(AT_FDCWD</tmp/kernel-audit2-v3r63b5w/\346\261\202\350\247\243\345\231\250>, "/usr/lib/gconv/gconv-modules.cache", O_RDONLY|O_CLOEXEC) = 3</usr/lib/gconv/gconv-modules.cache>
1426329 openat(AT_FDCWD</tmp/kernel-audit2-v3r63b5w/\346\261\202\350\247\243\345\231\250>, "/usr/lib/locale/C.UTF-8/LC_MEASUREMENT", O_RDONLY|O_CLOEXEC) = -1 ENOENT (No such file or directory)
1426329 openat(AT_FDCWD</tmp/kernel-audit2-v3r63b5w/\346\261\202\350\247\243\345\231\250>, "/usr/lib/locale/C.utf8/LC_MEASUREMENT", O_RDONLY|O_CLOEXEC) = 3</usr/lib/locale/C.utf8/LC_MEASUREMENT>
1426329 openat(AT_FDCWD</tmp/kernel-audit2-v3r63b5w/\346\261\202\350\247\243\345\231\250>, "/usr/lib/locale/C.UTF-8/LC_TELEPHONE", O_RDONLY|O_CLOEXEC) = -1 ENOENT (No such file or directory)
1426329 openat(AT_FDCWD</tmp/kernel-audit2-v3r63b5w/\346\261\202\350\247\243\345\231\250>, "/usr/lib/locale/C.utf8/LC_TELEPHONE", O_RDONLY|O_CLOEXEC) = 3</usr/lib/locale/C.utf8/LC_TELEPHONE>
1426329 openat(AT_FDCWD</tmp/kernel-audit2-v3r63b5w/\346\261\202\350\247\243\345\231\250>, "/usr/lib/locale/C.UTF-8/LC_ADDRESS", O_RDONLY|O_CLOEXEC) = -1 ENOENT (No such file or directory)
1426329 openat(AT_FDCWD</tmp/kernel-audit2-v3r63b5w/\346\261\202\350\247\243\345\231\250>, "/usr/lib/locale/C.utf8/LC_ADDRESS", O_RDONLY|O_CLOEXEC) = 3</usr/lib/locale/C.utf8/LC_ADDRESS>
1426329 openat(AT_FDCWD</tmp/kernel-audit2-v3r63b5w/\346\261\202\350\247\243\345\231\250>, "/usr/lib/locale/C.UTF-8/LC_NAME", O_RDONLY|O_CLOEXEC) = -1 ENOENT (No such file or directory)
1426329 openat(AT_FDCWD</tmp/kernel-audit2-v3r63b5w/\346\261\202\350\247\243\345\231\250>, "/usr/lib/locale/C.utf8/LC_NAME", O_RDONLY|O_CLOEXEC) = 3</usr/lib/locale/C.utf8/LC_NAME>
1426329 openat(AT_FDCWD</tmp/kernel-audit2-v3r63b5w/\346\261\202\350\247\243\345\231\250>, "/usr/lib/locale/C.UTF-8/LC_PAPER", O_RDONLY|O_CLOEXEC) = -1 ENOENT (No such file or directory)
1426329 openat(AT_FDCWD</tmp/kernel-audit2-v3r63b5w/\346\261\202\350\247\243\345\231\250>, "/usr/lib/locale/C.utf8/LC_PAPER", O_RDONLY|O_CLOEXEC) = 3</usr/lib/locale/C.utf8/LC_PAPER>
1426329 openat(AT_FDCWD</tmp/kernel-audit2-v3r63b5w/\346\261\202\350\247\243\345\231\250>, "/usr/lib/locale/C.UTF-8/LC_MESSAGES", O_RDONLY|O_CLOEXEC) = -1 ENOENT (No such file or directory)
1426329 openat(AT_FDCWD</tmp/kernel-audit2-v3r63b5w/\346\261\202\350\247\243\345\231\250>, "/usr/lib/locale/C.utf8/LC_MESSAGES", O_RDONLY|O_CLOEXEC) = 3</usr/lib/locale/C.utf8/LC_MESSAGES>
1426329 openat(AT_FDCWD</tmp/kernel-audit2-v3r63b5w/\346\261\202\350\247\243\345\231\250>, "/usr/lib/locale/C.utf8/LC_MESSAGES/SYS_LC_MESSAGES", O_RDONLY|O_CLOEXEC) = 3</usr/lib/locale/C.utf8/LC_MESSAGES/SYS_LC_MESSAGES>
1426329 openat(AT_FDCWD</tmp/kernel-audit2-v3r63b5w/\346\261\202\350\247\243\345\231\250>, "/usr/lib/locale/C.UTF-8/LC_MONETARY", O_RDONLY|O_CLOEXEC) = -1 ENOENT (No such file or directory)
1426329 openat(AT_FDCWD</tmp/kernel-audit2-v3r63b5w/\346\261\202\350\247\243\345\231\250>, "/usr/lib/locale/C.utf8/LC_MONETARY", O_RDONLY|O_CLOEXEC) = 3</usr/lib/locale/C.utf8/LC_MONETARY>
1426329 openat(AT_FDCWD</tmp/kernel-audit2-v3r63b5w/\346\261\202\350\247\243\345\231\250>, "/usr/lib/locale/C.UTF-8/LC_COLLATE", O_RDONLY|O_CLOEXEC) = -1 ENOENT (No such file or directory)
1426329 openat(AT_FDCWD</tmp/kernel-audit2-v3r63b5w/\346\261\202\350\247\243\345\231\250>, "/usr/lib/locale/C.utf8/LC_COLLATE", O_RDONLY|O_CLOEXEC) = 3</usr/lib/locale/C.utf8/LC_COLLATE>
1426329 openat(AT_FDCWD</tmp/kernel-audit2-v3r63b5w/\346\261\202\350\247\243\345\231\250>, "/usr/lib/locale/C.UTF-8/LC_TIME", O_RDONLY|O_CLOEXEC) = -1 ENOENT (No such file or directory)
1426329 openat(AT_FDCWD</tmp/kernel-audit2-v3r63b5w/\346\261\202\350\247\243\345\231\250>, "/usr/lib/locale/C.utf8/LC_TIME", O_RDONLY|O_CLOEXEC) = 3</usr/lib/locale/C.utf8/LC_TIME>
1426329 openat(AT_FDCWD</tmp/kernel-audit2-v3r63b5w/\346\261\202\350\247\243\345\231\250>, "/usr/lib/locale/C.UTF-8/LC_NUMERIC", O_RDONLY|O_CLOEXEC) = -1 ENOENT (No such file or directory)
1426329 openat(AT_FDCWD</tmp/kernel-audit2-v3r63b5w/\346\261\202\350\247\243\345\231\250>, "/usr/lib/locale/C.utf8/LC_NUMERIC", O_RDONLY|O_CLOEXEC) = 3</usr/lib/locale/C.utf8/LC_NUMERIC>
1426329 openat(AT_FDCWD</tmp/kernel-audit2-v3r63b5w/\346\261\202\350\247\243\345\231\250>, "/usr/lib/locale/C.UTF-8/LC_CTYPE", O_RDONLY|O_CLOEXEC) = -1 ENOENT (No such file or directory)
1426329 openat(AT_FDCWD</tmp/kernel-audit2-v3r63b5w/\346\261\202\350\247\243\345\231\250>, "/usr/lib/locale/C.utf8/LC_CTYPE", O_RDONLY|O_CLOEXEC) = 3</usr/lib/locale/C.utf8/LC_CTYPE>
1426329 openat(AT_FDCWD</tmp/kernel-audit2-v3r63b5w/\346\261\202\350\247\243\345\231\250>, "/tmp/kernel-audit2-v3r63b5w/\346\261\202\350\247\243\345\231\250/\350\247\204\346\240\274/\345\206\205\346\240\270\351\205\215\347\275\256-v1.json", O_RDONLY) = 3</tmp/kernel-audit2-v3r63b5w/\346\261\202\350\247\243\345\231\250/\350\247\204\346\240\274/\345\206\205\346\240\270\351\205\215\347\275\256-v1.json>
1426283 --- SIGCHLD {si_signo=SIGCHLD, si_code=CLD_EXITED, si_pid=1426329, si_uid=1000, si_status=0, si_utime=0, si_stime=0} ---
1426283 openat(AT_FDCWD</tmp/kernel-audit2-v3r63b5w/\346\261\202\350\247\243\345\231\250>, "/dev/null", O_RDONLY|O_CLOEXEC) = 3</dev/null<char 1:3>>
1426330 execve("/home/zhuran24/.codex/tmp/arg0/codex-arg0DuAZRy/sha256sum", ["sha256sum", "--", "/tmp/kernel-audit2-v3r63b5w/\346\261\202\350\247\243\345\231\250/\346\225\260\346\215\256/\346\255\243\345\274\217\351\235\231\346\200\201\347\233\256\345\275\225.json"], 0x7ffdc1bb9fc8 /* 135 vars */) = -1 ENOENT (No such file or directory)
1426330 execve("/home/zhuran24/.cargo/bin/sha256sum", ["sha256sum", "--", "/tmp/kernel-audit2-v3r63b5w/\346\261\202\350\247\243\345\231\250/\346\225\260\346\215\256/\346\255\243\345\274\217\351\235\231\346\200\201\347\233\256\345\275\225.json"], 0x7ffdc1bb9fc8 /* 135 vars */) = -1 ENOENT (No such file or directory)
1426330 execve("/home/zhuran24/.local/bin/sha256sum", ["sha256sum", "--", "/tmp/kernel-audit2-v3r63b5w/\346\261\202\350\247\243\345\231\250/\346\225\260\346\215\256/\346\255\243\345\274\217\351\235\231\346\200\201\347\233\256\345\275\225.json"], 0x7ffdc1bb9fc8 /* 135 vars */) = -1 ENOENT (No such file or directory)
1426330 execve("/home/zhuran24/.opencode/bin/sha256sum", ["sha256sum", "--", "/tmp/kernel-audit2-v3r63b5w/\346\261\202\350\247\243\345\231\250/\346\225\260\346\215\256/\346\255\243\345\274\217\351\235\231\346\200\201\347\233\256\345\275\225.json"], 0x7ffdc1bb9fc8 /* 135 vars */) = -1 ENOENT (No such file or directory)
1426330 execve("/usr/local/bin/sha256sum", ["sha256sum", "--", "/tmp/kernel-audit2-v3r63b5w/\346\261\202\350\247\243\345\231\250/\346\225\260\346\215\256/\346\255\243\345\274\217\351\235\231\346\200\201\347\233\256\345\275\225.json"], 0x7ffdc1bb9fc8 /* 135 vars */) = -1 ENOENT (No such file or directory)
1426330 execve("/usr/bin/sha256sum", ["sha256sum", "--", "/tmp/kernel-audit2-v3r63b5w/\346\261\202\350\247\243\345\231\250/\346\225\260\346\215\256/\346\255\243\345\274\217\351\235\231\346\200\201\347\233\256\345\275\225.json"], 0x7ffdc1bb9fc8 /* 135 vars */) = 0
1426330 openat(AT_FDCWD</tmp/kernel-audit2-v3r63b5w/\346\261\202\350\247\243\345\231\250>, "/etc/ld.so.cache", O_RDONLY|O_CLOEXEC) = 3</etc/ld.so.cache>
1426330 openat(AT_FDCWD</tmp/kernel-audit2-v3r63b5w/\346\261\202\350\247\243\345\231\250>, "/usr/lib/libcrypto.so.3", O_RDONLY|O_CLOEXEC) = 3</usr/lib/libcrypto.so.3>
1426330 openat(AT_FDCWD</tmp/kernel-audit2-v3r63b5w/\346\261\202\350\247\243\345\231\250>, "/usr/lib/libc.so.6", O_RDONLY|O_CLOEXEC) = 3</usr/lib/libc.so.6>
1426330 openat(AT_FDCWD</tmp/kernel-audit2-v3r63b5w/\346\261\202\350\247\243\345\231\250>, "/usr/lib/libz.so.1", O_RDONLY|O_CLOEXEC) = 3</usr/lib/libz.so.1.3.1.zlib-ng>
1426330 openat(AT_FDCWD</tmp/kernel-audit2-v3r63b5w/\346\261\202\350\247\243\345\231\250>, "/usr/lib/libbrotlienc.so.1", O_RDONLY|O_CLOEXEC) = 3</usr/lib/libbrotlienc.so.1.2.0>
1426330 openat(AT_FDCWD</tmp/kernel-audit2-v3r63b5w/\346\261\202\350\247\243\345\231\250>, "/usr/lib/libbrotlidec.so.1", O_RDONLY|O_CLOEXEC) = 3</usr/lib/libbrotlidec.so.1.2.0>
1426330 openat(AT_FDCWD</tmp/kernel-audit2-v3r63b5w/\346\261\202\350\247\243\345\231\250>, "/usr/lib/libzstd.so.1", O_RDONLY|O_CLOEXEC) = 3</usr/lib/libzstd.so.1.5.7>
1426330 openat(AT_FDCWD</tmp/kernel-audit2-v3r63b5w/\346\261\202\350\247\243\345\231\250>, "/usr/lib/libm.so.6", O_RDONLY|O_CLOEXEC) = 3</usr/lib/libm.so.6>
1426330 openat(AT_FDCWD</tmp/kernel-audit2-v3r63b5w/\346\261\202\350\247\243\345\231\250>, "/usr/lib/libbrotlicommon.so.1", O_RDONLY|O_CLOEXEC) = 3</usr/lib/libbrotlicommon.so.1.2.0>
1426330 openat(AT_FDCWD</tmp/kernel-audit2-v3r63b5w/\346\261\202\350\247\243\345\231\250>, "/usr/lib/locale/locale-archive", O_RDONLY|O_CLOEXEC) = 3</usr/lib/locale/locale-archive>
1426330 openat(AT_FDCWD</tmp/kernel-audit2-v3r63b5w/\346\261\202\350\247\243\345\231\250>, "/usr/share/locale/locale.alias", O_RDONLY|O_CLOEXEC) = 3</usr/share/locale/locale.alias>
1426330 openat(AT_FDCWD</tmp/kernel-audit2-v3r63b5w/\346\261\202\350\247\243\345\231\250>, "/usr/lib/locale/C.UTF-8/LC_IDENTIFICATION", O_RDONLY|O_CLOEXEC) = -1 ENOENT (No such file or directory)
1426330 openat(AT_FDCWD</tmp/kernel-audit2-v3r63b5w/\346\261\202\350\247\243\345\231\250>, "/usr/lib/locale/C.utf8/LC_IDENTIFICATION", O_RDONLY|O_CLOEXEC) = 3</usr/lib/locale/C.utf8/LC_IDENTIFICATION>
1426330 openat(AT_FDCWD</tmp/kernel-audit2-v3r63b5w/\346\261\202\350\247\243\345\231\250>, "/usr/lib/gconv/gconv-modules.cache", O_RDONLY|O_CLOEXEC) = 3</usr/lib/gconv/gconv-modules.cache>
1426330 openat(AT_FDCWD</tmp/kernel-audit2-v3r63b5w/\346\261\202\350\247\243\345\231\250>, "/usr/lib/locale/C.UTF-8/LC_MEASUREMENT", O_RDONLY|O_CLOEXEC) = -1 ENOENT (No such file or directory)
1426330 openat(AT_FDCWD</tmp/kernel-audit2-v3r63b5w/\346\261\202\350\247\243\345\231\250>, "/usr/lib/locale/C.utf8/LC_MEASUREMENT", O_RDONLY|O_CLOEXEC) = 3</usr/lib/locale/C.utf8/LC_MEASUREMENT>
1426330 openat(AT_FDCWD</tmp/kernel-audit2-v3r63b5w/\346\261\202\350\247\243\345\231\250>, "/usr/lib/locale/C.UTF-8/LC_TELEPHONE", O_RDONLY|O_CLOEXEC) = -1 ENOENT (No such file or directory)
1426330 openat(AT_FDCWD</tmp/kernel-audit2-v3r63b5w/\346\261\202\350\247\243\345\231\250>, "/usr/lib/locale/C.utf8/LC_TELEPHONE", O_RDONLY|O_CLOEXEC) = 3</usr/lib/locale/C.utf8/LC_TELEPHONE>
1426330 openat(AT_FDCWD</tmp/kernel-audit2-v3r63b5w/\346\261\202\350\247\243\345\231\250>, "/usr/lib/locale/C.UTF-8/LC_ADDRESS", O_RDONLY|O_CLOEXEC) = -1 ENOENT (No such file or directory)
1426330 openat(AT_FDCWD</tmp/kernel-audit2-v3r63b5w/\346\261\202\350\247\243\345\231\250>, "/usr/lib/locale/C.utf8/LC_ADDRESS", O_RDONLY|O_CLOEXEC) = 3</usr/lib/locale/C.utf8/LC_ADDRESS>
1426330 openat(AT_FDCWD</tmp/kernel-audit2-v3r63b5w/\346\261\202\350\247\243\345\231\250>, "/usr/lib/locale/C.UTF-8/LC_NAME", O_RDONLY|O_CLOEXEC) = -1 ENOENT (No such file or directory)
1426330 openat(AT_FDCWD</tmp/kernel-audit2-v3r63b5w/\346\261\202\350\247\243\345\231\250>, "/usr/lib/locale/C.utf8/LC_NAME", O_RDONLY|O_CLOEXEC) = 3</usr/lib/locale/C.utf8/LC_NAME>
1426330 openat(AT_FDCWD</tmp/kernel-audit2-v3r63b5w/\346\261\202\350\247\243\345\231\250>, "/usr/lib/locale/C.UTF-8/LC_PAPER", O_RDONLY|O_CLOEXEC) = -1 ENOENT (No such file or directory)
1426330 openat(AT_FDCWD</tmp/kernel-audit2-v3r63b5w/\346\261\202\350\247\243\345\231\250>, "/usr/lib/locale/C.utf8/LC_PAPER", O_RDONLY|O_CLOEXEC) = 3</usr/lib/locale/C.utf8/LC_PAPER>
1426330 openat(AT_FDCWD</tmp/kernel-audit2-v3r63b5w/\346\261\202\350\247\243\345\231\250>, "/usr/lib/locale/C.UTF-8/LC_MESSAGES", O_RDONLY|O_CLOEXEC) = -1 ENOENT (No such file or directory)
1426330 openat(AT_FDCWD</tmp/kernel-audit2-v3r63b5w/\346\261\202\350\247\243\345\231\250>, "/usr/lib/locale/C.utf8/LC_MESSAGES", O_RDONLY|O_CLOEXEC) = 3</usr/lib/locale/C.utf8/LC_MESSAGES>
1426330 openat(AT_FDCWD</tmp/kernel-audit2-v3r63b5w/\346\261\202\350\247\243\345\231\250>, "/usr/lib/locale/C.utf8/LC_MESSAGES/SYS_LC_MESSAGES", O_RDONLY|O_CLOEXEC) = 3</usr/lib/locale/C.utf8/LC_MESSAGES/SYS_LC_MESSAGES>
1426330 openat(AT_FDCWD</tmp/kernel-audit2-v3r63b5w/\346\261\202\350\247\243\345\231\250>, "/usr/lib/locale/C.UTF-8/LC_MONETARY", O_RDONLY|O_CLOEXEC) = -1 ENOENT (No such file or directory)
1426330 openat(AT_FDCWD</tmp/kernel-audit2-v3r63b5w/\346\261\202\350\247\243\345\231\250>, "/usr/lib/locale/C.utf8/LC_MONETARY", O_RDONLY|O_CLOEXEC) = 3</usr/lib/locale/C.utf8/LC_MONETARY>
1426330 openat(AT_FDCWD</tmp/kernel-audit2-v3r63b5w/\346\261\202\350\247\243\345\231\250>, "/usr/lib/locale/C.UTF-8/LC_COLLATE", O_RDONLY|O_CLOEXEC) = -1 ENOENT (No such file or directory)
1426330 openat(AT_FDCWD</tmp/kernel-audit2-v3r63b5w/\346\261\202\350\247\243\345\231\250>, "/usr/lib/locale/C.utf8/LC_COLLATE", O_RDONLY|O_CLOEXEC) = 3</usr/lib/locale/C.utf8/LC_COLLATE>
1426330 openat(AT_FDCWD</tmp/kernel-audit2-v3r63b5w/\346\261\202\350\247\243\345\231\250>, "/usr/lib/locale/C.UTF-8/LC_TIME", O_RDONLY|O_CLOEXEC) = -1 ENOENT (No such file or directory)
1426330 openat(AT_FDCWD</tmp/kernel-audit2-v3r63b5w/\346\261\202\350\247\243\345\231\250>, "/usr/lib/locale/C.utf8/LC_TIME", O_RDONLY|O_CLOEXEC) = 3</usr/lib/locale/C.utf8/LC_TIME>
1426330 openat(AT_FDCWD</tmp/kernel-audit2-v3r63b5w/\346\261\202\350\247\243\345\231\250>, "/usr/lib/locale/C.UTF-8/LC_NUMERIC", O_RDONLY|O_CLOEXEC) = -1 ENOENT (No such file or directory)
1426330 openat(AT_FDCWD</tmp/kernel-audit2-v3r63b5w/\346\261\202\350\247\243\345\231\250>, "/usr/lib/locale/C.utf8/LC_NUMERIC", O_RDONLY|O_CLOEXEC) = 3</usr/lib/locale/C.utf8/LC_NUMERIC>
1426330 openat(AT_FDCWD</tmp/kernel-audit2-v3r63b5w/\346\261\202\350\247\243\345\231\250>, "/usr/lib/locale/C.UTF-8/LC_CTYPE", O_RDONLY|O_CLOEXEC) = -1 ENOENT (No such file or directory)
1426330 openat(AT_FDCWD</tmp/kernel-audit2-v3r63b5w/\346\261\202\350\247\243\345\231\250>, "/usr/lib/locale/C.utf8/LC_CTYPE", O_RDONLY|O_CLOEXEC) = 3</usr/lib/locale/C.utf8/LC_CTYPE>
1426330 openat(AT_FDCWD</tmp/kernel-audit2-v3r63b5w/\346\261\202\350\247\243\345\231\250>, "/tmp/kernel-audit2-v3r63b5w/\346\261\202\350\247\243\345\231\250/\346\225\260\346\215\256/\346\255\243\345\274\217\351\235\231\346\200\201\347\233\256\345\275\225.json", O_RDONLY) = 3</tmp/kernel-audit2-v3r63b5w/\346\261\202\350\247\243\345\231\250/\346\225\260\346\215\256/\346\255\243\345\274\217\351\235\231\346\200\201\347\233\256\345\275\225.json>
1426283 --- SIGCHLD {si_signo=SIGCHLD, si_code=CLD_EXITED, si_pid=1426330, si_uid=1000, si_status=0, si_utime=0, si_stime=0} ---
1426283 openat(AT_FDCWD</tmp/kernel-audit2-v3r63b5w/\346\261\202\350\247\243\345\231\250>, "/dev/null", O_RDONLY|O_CLOEXEC) = 3</dev/null<char 1:3>>
1426331 execve("/home/zhuran24/.codex/tmp/arg0/codex-arg0DuAZRy/sha256sum", ["sha256sum", "--", "/tmp/kernel-audit2-v3r63b5w/\343\200\212\346\230\216\346\227\245\346\226\271\350\210\237\357\274\232\347\273\210\346\234\253\345\234\260\343\200\213\346\270\270\346\210\217\350\247\204\345\210\231.txt"], 0x7ffdc1bb9fc8 /* 135 vars */) = -1 ENOENT (No such file or directory)
1426331 execve("/home/zhuran24/.cargo/bin/sha256sum", ["sha256sum", "--", "/tmp/kernel-audit2-v3r63b5w/\343\200\212\346\230\216\346\227\245\346\226\271\350\210\237\357\274\232\347\273\210\346\234\253\345\234\260\343\200\213\346\270\270\346\210\217\350\247\204\345\210\231.txt"], 0x7ffdc1bb9fc8 /* 135 vars */) = -1 ENOENT (No such file or directory)
1426331 execve("/home/zhuran24/.local/bin/sha256sum", ["sha256sum", "--", "/tmp/kernel-audit2-v3r63b5w/\343\200\212\346\230\216\346\227\245\346\226\271\350\210\237\357\274\232\347\273\210\346\234\253\345\234\260\343\200\213\346\270\270\346\210\217\350\247\204\345\210\231.txt"], 0x7ffdc1bb9fc8 /* 135 vars */) = -1 ENOENT (No such file or directory)
1426331 execve("/home/zhuran24/.opencode/bin/sha256sum", ["sha256sum", "--", "/tmp/kernel-audit2-v3r63b5w/\343\200\212\346\230\216\346\227\245\346\226\271\350\210\237\357\274\232\347\273\210\346\234\253\345\234\260\343\200\213\346\270\270\346\210\217\350\247\204\345\210\231.txt"], 0x7ffdc1bb9fc8 /* 135 vars */) = -1 ENOENT (No such file or directory)
1426331 execve("/usr/local/bin/sha256sum", ["sha256sum", "--", "/tmp/kernel-audit2-v3r63b5w/\343\200\212\346\230\216\346\227\245\346\226\271\350\210\237\357\274\232\347\273\210\346\234\253\345\234\260\343\200\213\346\270\270\346\210\217\350\247\204\345\210\231.txt"], 0x7ffdc1bb9fc8 /* 135 vars */) = -1 ENOENT (No such file or directory)
1426331 execve("/usr/bin/sha256sum", ["sha256sum", "--", "/tmp/kernel-audit2-v3r63b5w/\343\200\212\346\230\216\346\227\245\346\226\271\350\210\237\357\274\232\347\273\210\346\234\253\345\234\260\343\200\213\346\270\270\346\210\217\350\247\204\345\210\231.txt"], 0x7ffdc1bb9fc8 /* 135 vars */) = 0
1426331 openat(AT_FDCWD</tmp/kernel-audit2-v3r63b5w/\346\261\202\350\247\243\345\231\250>, "/etc/ld.so.cache", O_RDONLY|O_CLOEXEC) = 3</etc/ld.so.cache>
1426331 openat(AT_FDCWD</tmp/kernel-audit2-v3r63b5w/\346\261\202\350\247\243\345\231\250>, "/usr/lib/libcrypto.so.3", O_RDONLY|O_CLOEXEC) = 3</usr/lib/libcrypto.so.3>
1426331 openat(AT_FDCWD</tmp/kernel-audit2-v3r63b5w/\346\261\202\350\247\243\345\231\250>, "/usr/lib/libc.so.6", O_RDONLY|O_CLOEXEC) = 3</usr/lib/libc.so.6>
1426331 openat(AT_FDCWD</tmp/kernel-audit2-v3r63b5w/\346\261\202\350\247\243\345\231\250>, "/usr/lib/libz.so.1", O_RDONLY|O_CLOEXEC) = 3</usr/lib/libz.so.1.3.1.zlib-ng>
1426331 openat(AT_FDCWD</tmp/kernel-audit2-v3r63b5w/\346\261\202\350\247\243\345\231\250>, "/usr/lib/libbrotlienc.so.1", O_RDONLY|O_CLOEXEC) = 3</usr/lib/libbrotlienc.so.1.2.0>
1426331 openat(AT_FDCWD</tmp/kernel-audit2-v3r63b5w/\346\261\202\350\247\243\345\231\250>, "/usr/lib/libbrotlidec.so.1", O_RDONLY|O_CLOEXEC) = 3</usr/lib/libbrotlidec.so.1.2.0>
1426331 openat(AT_FDCWD</tmp/kernel-audit2-v3r63b5w/\346\261\202\350\247\243\345\231\250>, "/usr/lib/libzstd.so.1", O_RDONLY|O_CLOEXEC) = 3</usr/lib/libzstd.so.1.5.7>
1426331 openat(AT_FDCWD</tmp/kernel-audit2-v3r63b5w/\346\261\202\350\247\243\345\231\250>, "/usr/lib/libm.so.6", O_RDONLY|O_CLOEXEC) = 3</usr/lib/libm.so.6>
1426331 openat(AT_FDCWD</tmp/kernel-audit2-v3r63b5w/\346\261\202\350\247\243\345\231\250>, "/usr/lib/libbrotlicommon.so.1", O_RDONLY|O_CLOEXEC) = 3</usr/lib/libbrotlicommon.so.1.2.0>
1426331 openat(AT_FDCWD</tmp/kernel-audit2-v3r63b5w/\346\261\202\350\247\243\345\231\250>, "/usr/lib/locale/locale-archive", O_RDONLY|O_CLOEXEC) = 3</usr/lib/locale/locale-archive>
1426331 openat(AT_FDCWD</tmp/kernel-audit2-v3r63b5w/\346\261\202\350\247\243\345\231\250>, "/usr/share/locale/locale.alias", O_RDONLY|O_CLOEXEC) = 3</usr/share/locale/locale.alias>
1426331 openat(AT_FDCWD</tmp/kernel-audit2-v3r63b5w/\346\261\202\350\247\243\345\231\250>, "/usr/lib/locale/C.UTF-8/LC_IDENTIFICATION", O_RDONLY|O_CLOEXEC) = -1 ENOENT (No such file or directory)
1426331 openat(AT_FDCWD</tmp/kernel-audit2-v3r63b5w/\346\261\202\350\247\243\345\231\250>, "/usr/lib/locale/C.utf8/LC_IDENTIFICATION", O_RDONLY|O_CLOEXEC) = 3</usr/lib/locale/C.utf8/LC_IDENTIFICATION>
1426331 openat(AT_FDCWD</tmp/kernel-audit2-v3r63b5w/\346\261\202\350\247\243\345\231\250>, "/usr/lib/gconv/gconv-modules.cache", O_RDONLY|O_CLOEXEC) = 3</usr/lib/gconv/gconv-modules.cache>
1426331 openat(AT_FDCWD</tmp/kernel-audit2-v3r63b5w/\346\261\202\350\247\243\345\231\250>, "/usr/lib/locale/C.UTF-8/LC_MEASUREMENT", O_RDONLY|O_CLOEXEC) = -1 ENOENT (No such file or directory)
1426331 openat(AT_FDCWD</tmp/kernel-audit2-v3r63b5w/\346\261\202\350\247\243\345\231\250>, "/usr/lib/locale/C.utf8/LC_MEASUREMENT", O_RDONLY|O_CLOEXEC) = 3</usr/lib/locale/C.utf8/LC_MEASUREMENT>
1426331 openat(AT_FDCWD</tmp/kernel-audit2-v3r63b5w/\346\261\202\350\247\243\345\231\250>, "/usr/lib/locale/C.UTF-8/LC_TELEPHONE", O_RDONLY|O_CLOEXEC) = -1 ENOENT (No such file or directory)
1426331 openat(AT_FDCWD</tmp/kernel-audit2-v3r63b5w/\346\261\202\350\247\243\345\231\250>, "/usr/lib/locale/C.utf8/LC_TELEPHONE", O_RDONLY|O_CLOEXEC) = 3</usr/lib/locale/C.utf8/LC_TELEPHONE>
1426331 openat(AT_FDCWD</tmp/kernel-audit2-v3r63b5w/\346\261\202\350\247\243\345\231\250>, "/usr/lib/locale/C.UTF-8/LC_ADDRESS", O_RDONLY|O_CLOEXEC) = -1 ENOENT (No such file or directory)
1426331 openat(AT_FDCWD</tmp/kernel-audit2-v3r63b5w/\346\261\202\350\247\243\345\231\250>, "/usr/lib/locale/C.utf8/LC_ADDRESS", O_RDONLY|O_CLOEXEC) = 3</usr/lib/locale/C.utf8/LC_ADDRESS>
1426331 openat(AT_FDCWD</tmp/kernel-audit2-v3r63b5w/\346\261\202\350\247\243\345\231\250>, "/usr/lib/locale/C.UTF-8/LC_NAME", O_RDONLY|O_CLOEXEC) = -1 ENOENT (No such file or directory)
1426331 openat(AT_FDCWD</tmp/kernel-audit2-v3r63b5w/\346\261\202\350\247\243\345\231\250>, "/usr/lib/locale/C.utf8/LC_NAME", O_RDONLY|O_CLOEXEC) = 3</usr/lib/locale/C.utf8/LC_NAME>
1426331 openat(AT_FDCWD</tmp/kernel-audit2-v3r63b5w/\346\261\202\350\247\243\345\231\250>, "/usr/lib/locale/C.UTF-8/LC_PAPER", O_RDONLY|O_CLOEXEC) = -1 ENOENT (No such file or directory)
1426331 openat(AT_FDCWD</tmp/kernel-audit2-v3r63b5w/\346\261\202\350\247\243\345\231\250>, "/usr/lib/locale/C.utf8/LC_PAPER", O_RDONLY|O_CLOEXEC) = 3</usr/lib/locale/C.utf8/LC_PAPER>
1426331 openat(AT_FDCWD</tmp/kernel-audit2-v3r63b5w/\346\261\202\350\247\243\345\231\250>, "/usr/lib/locale/C.UTF-8/LC_MESSAGES", O_RDONLY|O_CLOEXEC) = -1 ENOENT (No such file or directory)
1426331 openat(AT_FDCWD</tmp/kernel-audit2-v3r63b5w/\346\261\202\350\247\243\345\231\250>, "/usr/lib/locale/C.utf8/LC_MESSAGES", O_RDONLY|O_CLOEXEC) = 3</usr/lib/locale/C.utf8/LC_MESSAGES>
1426331 openat(AT_FDCWD</tmp/kernel-audit2-v3r63b5w/\346\261\202\350\247\243\345\231\250>, "/usr/lib/locale/C.utf8/LC_MESSAGES/SYS_LC_MESSAGES", O_RDONLY|O_CLOEXEC) = 3</usr/lib/locale/C.utf8/LC_MESSAGES/SYS_LC_MESSAGES>
1426331 openat(AT_FDCWD</tmp/kernel-audit2-v3r63b5w/\346\261\202\350\247\243\345\231\250>, "/usr/lib/locale/C.UTF-8/LC_MONETARY", O_RDONLY|O_CLOEXEC) = -1 ENOENT (No such file or directory)
1426331 openat(AT_FDCWD</tmp/kernel-audit2-v3r63b5w/\346\261\202\350\247\243\345\231\250>, "/usr/lib/locale/C.utf8/LC_MONETARY", O_RDONLY|O_CLOEXEC) = 3</usr/lib/locale/C.utf8/LC_MONETARY>
1426331 openat(AT_FDCWD</tmp/kernel-audit2-v3r63b5w/\346\261\202\350\247\243\345\231\250>, "/usr/lib/locale/C.UTF-8/LC_COLLATE", O_RDONLY|O_CLOEXEC) = -1 ENOENT (No such file or directory)
1426331 openat(AT_FDCWD</tmp/kernel-audit2-v3r63b5w/\346\261\202\350\247\243\345\231\250>, "/usr/lib/locale/C.utf8/LC_COLLATE", O_RDONLY|O_CLOEXEC) = 3</usr/lib/locale/C.utf8/LC_COLLATE>
1426331 openat(AT_FDCWD</tmp/kernel-audit2-v3r63b5w/\346\261\202\350\247\243\345\231\250>, "/usr/lib/locale/C.UTF-8/LC_TIME", O_RDONLY|O_CLOEXEC) = -1 ENOENT (No such file or directory)
1426331 openat(AT_FDCWD</tmp/kernel-audit2-v3r63b5w/\346\261\202\350\247\243\345\231\250>, "/usr/lib/locale/C.utf8/LC_TIME", O_RDONLY|O_CLOEXEC) = 3</usr/lib/locale/C.utf8/LC_TIME>
1426331 openat(AT_FDCWD</tmp/kernel-audit2-v3r63b5w/\346\261\202\350\247\243\345\231\250>, "/usr/lib/locale/C.UTF-8/LC_NUMERIC", O_RDONLY|O_CLOEXEC) = -1 ENOENT (No such file or directory)
1426331 openat(AT_FDCWD</tmp/kernel-audit2-v3r63b5w/\346\261\202\350\247\243\345\231\250>, "/usr/lib/locale/C.utf8/LC_NUMERIC", O_RDONLY|O_CLOEXEC) = 3</usr/lib/locale/C.utf8/LC_NUMERIC>
1426331 openat(AT_FDCWD</tmp/kernel-audit2-v3r63b5w/\346\261\202\350\247\243\345\231\250>, "/usr/lib/locale/C.UTF-8/LC_CTYPE", O_RDONLY|O_CLOEXEC) = -1 ENOENT (No such file or directory)
1426331 openat(AT_FDCWD</tmp/kernel-audit2-v3r63b5w/\346\261\202\350\247\243\345\231\250>, "/usr/lib/locale/C.utf8/LC_CTYPE", O_RDONLY|O_CLOEXEC) = 3</usr/lib/locale/C.utf8/LC_CTYPE>
1426331 openat(AT_FDCWD</tmp/kernel-audit2-v3r63b5w/\346\261\202\350\247\243\345\231\250>, "/tmp/kernel-audit2-v3r63b5w/\343\200\212\346\230\216\346\227\245\346\226\271\350\210\237\357\274\232\347\273\210\346\234\253\345\234\260\343\200\213\346\270\270\346\210\217\350\247\204\345\210\231.txt", O_RDONLY) = 3</tmp/kernel-audit2-v3r63b5w/\343\200\212\346\230\216\346\227\245\346\226\271\350\210\237\357\274\232\347\273\210\346\234\253\345\234\260\343\200\213\346\270\270\346\210\217\350\247\204\345\210\231.txt>
1426283 --- SIGCHLD {si_signo=SIGCHLD, si_code=CLD_EXITED, si_pid=1426331, si_uid=1000, si_status=0, si_utime=0, si_stime=0} ---
1426283 openat(AT_FDCWD</tmp/kernel-audit2-v3r63b5w/\346\261\202\350\247\243\345\231\250>, "/dev/null", O_RDONLY|O_CLOEXEC) = 3</dev/null<char 1:3>>
1426332 execve("/home/zhuran24/.codex/tmp/arg0/codex-arg0DuAZRy/sha256sum", ["sha256sum", "--", "/tmp/kernel-audit2-v3r63b5w/\346\261\202\350\247\243\344\273\273\345\212\241.txt"], 0x7ffdc1bb9fc8 /* 135 vars */) = -1 ENOENT (No such file or directory)
1426332 execve("/home/zhuran24/.cargo/bin/sha256sum", ["sha256sum", "--", "/tmp/kernel-audit2-v3r63b5w/\346\261\202\350\247\243\344\273\273\345\212\241.txt"], 0x7ffdc1bb9fc8 /* 135 vars */) = -1 ENOENT (No such file or directory)
1426332 execve("/home/zhuran24/.local/bin/sha256sum", ["sha256sum", "--", "/tmp/kernel-audit2-v3r63b5w/\346\261\202\350\247\243\344\273\273\345\212\241.txt"], 0x7ffdc1bb9fc8 /* 135 vars */) = -1 ENOENT (No such file or directory)
1426332 execve("/home/zhuran24/.opencode/bin/sha256sum", ["sha256sum", "--", "/tmp/kernel-audit2-v3r63b5w/\346\261\202\350\247\243\344\273\273\345\212\241.txt"], 0x7ffdc1bb9fc8 /* 135 vars */) = -1 ENOENT (No such file or directory)
1426332 execve("/usr/local/bin/sha256sum", ["sha256sum", "--", "/tmp/kernel-audit2-v3r63b5w/\346\261\202\350\247\243\344\273\273\345\212\241.txt"], 0x7ffdc1bb9fc8 /* 135 vars */) = -1 ENOENT (No such file or directory)
1426332 execve("/usr/bin/sha256sum", ["sha256sum", "--", "/tmp/kernel-audit2-v3r63b5w/\346\261\202\350\247\243\344\273\273\345\212\241.txt"], 0x7ffdc1bb9fc8 /* 135 vars */) = 0
1426332 openat(AT_FDCWD</tmp/kernel-audit2-v3r63b5w/\346\261\202\350\247\243\345\231\250>, "/etc/ld.so.cache", O_RDONLY|O_CLOEXEC) = 3</etc/ld.so.cache>
1426332 openat(AT_FDCWD</tmp/kernel-audit2-v3r63b5w/\346\261\202\350\247\243\345\231\250>, "/usr/lib/libcrypto.so.3", O_RDONLY|O_CLOEXEC) = 3</usr/lib/libcrypto.so.3>
1426332 openat(AT_FDCWD</tmp/kernel-audit2-v3r63b5w/\346\261\202\350\247\243\345\231\250>, "/usr/lib/libc.so.6", O_RDONLY|O_CLOEXEC) = 3</usr/lib/libc.so.6>
1426332 openat(AT_FDCWD</tmp/kernel-audit2-v3r63b5w/\346\261\202\350\247\243\345\231\250>, "/usr/lib/libz.so.1", O_RDONLY|O_CLOEXEC) = 3</usr/lib/libz.so.1.3.1.zlib-ng>
1426332 openat(AT_FDCWD</tmp/kernel-audit2-v3r63b5w/\346\261\202\350\247\243\345\231\250>, "/usr/lib/libbrotlienc.so.1", O_RDONLY|O_CLOEXEC) = 3</usr/lib/libbrotlienc.so.1.2.0>
1426332 openat(AT_FDCWD</tmp/kernel-audit2-v3r63b5w/\346\261\202\350\247\243\345\231\250>, "/usr/lib/libbrotlidec.so.1", O_RDONLY|O_CLOEXEC) = 3</usr/lib/libbrotlidec.so.1.2.0>
1426332 openat(AT_FDCWD</tmp/kernel-audit2-v3r63b5w/\346\261\202\350\247\243\345\231\250>, "/usr/lib/libzstd.so.1", O_RDONLY|O_CLOEXEC) = 3</usr/lib/libzstd.so.1.5.7>
1426332 openat(AT_FDCWD</tmp/kernel-audit2-v3r63b5w/\346\261\202\350\247\243\345\231\250>, "/usr/lib/libm.so.6", O_RDONLY|O_CLOEXEC) = 3</usr/lib/libm.so.6>
1426332 openat(AT_FDCWD</tmp/kernel-audit2-v3r63b5w/\346\261\202\350\247\243\345\231\250>, "/usr/lib/libbrotlicommon.so.1", O_RDONLY|O_CLOEXEC) = 3</usr/lib/libbrotlicommon.so.1.2.0>
1426332 openat(AT_FDCWD</tmp/kernel-audit2-v3r63b5w/\346\261\202\350\247\243\345\231\250>, "/usr/lib/locale/locale-archive", O_RDONLY|O_CLOEXEC) = 3</usr/lib/locale/locale-archive>
1426332 openat(AT_FDCWD</tmp/kernel-audit2-v3r63b5w/\346\261\202\350\247\243\345\231\250>, "/usr/share/locale/locale.alias", O_RDONLY|O_CLOEXEC) = 3</usr/share/locale/locale.alias>
1426332 openat(AT_FDCWD</tmp/kernel-audit2-v3r63b5w/\346\261\202\350\247\243\345\231\250>, "/usr/lib/locale/C.UTF-8/LC_IDENTIFICATION", O_RDONLY|O_CLOEXEC) = -1 ENOENT (No such file or directory)
1426332 openat(AT_FDCWD</tmp/kernel-audit2-v3r63b5w/\346\261\202\350\247\243\345\231\250>, "/usr/lib/locale/C.utf8/LC_IDENTIFICATION", O_RDONLY|O_CLOEXEC) = 3</usr/lib/locale/C.utf8/LC_IDENTIFICATION>
1426332 openat(AT_FDCWD</tmp/kernel-audit2-v3r63b5w/\346\261\202\350\247\243\345\231\250>, "/usr/lib/gconv/gconv-modules.cache", O_RDONLY|O_CLOEXEC) = 3</usr/lib/gconv/gconv-modules.cache>
1426332 openat(AT_FDCWD</tmp/kernel-audit2-v3r63b5w/\346\261\202\350\247\243\345\231\250>, "/usr/lib/locale/C.UTF-8/LC_MEASUREMENT", O_RDONLY|O_CLOEXEC) = -1 ENOENT (No such file or directory)
1426332 openat(AT_FDCWD</tmp/kernel-audit2-v3r63b5w/\346\261\202\350\247\243\345\231\250>, "/usr/lib/locale/C.utf8/LC_MEASUREMENT", O_RDONLY|O_CLOEXEC) = 3</usr/lib/locale/C.utf8/LC_MEASUREMENT>
1426332 openat(AT_FDCWD</tmp/kernel-audit2-v3r63b5w/\346\261\202\350\247\243\345\231\250>, "/usr/lib/locale/C.UTF-8/LC_TELEPHONE", O_RDONLY|O_CLOEXEC) = -1 ENOENT (No such file or directory)
1426332 openat(AT_FDCWD</tmp/kernel-audit2-v3r63b5w/\346\261\202\350\247\243\345\231\250>, "/usr/lib/locale/C.utf8/LC_TELEPHONE", O_RDONLY|O_CLOEXEC) = 3</usr/lib/locale/C.utf8/LC_TELEPHONE>
1426332 openat(AT_FDCWD</tmp/kernel-audit2-v3r63b5w/\346\261\202\350\247\243\345\231\250>, "/usr/lib/locale/C.UTF-8/LC_ADDRESS", O_RDONLY|O_CLOEXEC) = -1 ENOENT (No such file or directory)
1426332 openat(AT_FDCWD</tmp/kernel-audit2-v3r63b5w/\346\261\202\350\247\243\345\231\250>, "/usr/lib/locale/C.utf8/LC_ADDRESS", O_RDONLY|O_CLOEXEC) = 3</usr/lib/locale/C.utf8/LC_ADDRESS>
1426332 openat(AT_FDCWD</tmp/kernel-audit2-v3r63b5w/\346\261\202\350\247\243\345\231\250>, "/usr/lib/locale/C.UTF-8/LC_NAME", O_RDONLY|O_CLOEXEC) = -1 ENOENT (No such file or directory)
1426332 openat(AT_FDCWD</tmp/kernel-audit2-v3r63b5w/\346\261\202\350\247\243\345\231\250>, "/usr/lib/locale/C.utf8/LC_NAME", O_RDONLY|O_CLOEXEC) = 3</usr/lib/locale/C.utf8/LC_NAME>
1426332 openat(AT_FDCWD</tmp/kernel-audit2-v3r63b5w/\346\261\202\350\247\243\345\231\250>, "/usr/lib/locale/C.UTF-8/LC_PAPER", O_RDONLY|O_CLOEXEC) = -1 ENOENT (No such file or directory)
1426332 openat(AT_FDCWD</tmp/kernel-audit2-v3r63b5w/\346\261\202\350\247\243\345\231\250>, "/usr/lib/locale/C.utf8/LC_PAPER", O_RDONLY|O_CLOEXEC) = 3</usr/lib/locale/C.utf8/LC_PAPER>
1426332 openat(AT_FDCWD</tmp/kernel-audit2-v3r63b5w/\346\261\202\350\247\243\345\231\250>, "/usr/lib/locale/C.UTF-8/LC_MESSAGES", O_RDONLY|O_CLOEXEC) = -1 ENOENT (No such file or directory)
1426332 openat(AT_FDCWD</tmp/kernel-audit2-v3r63b5w/\346\261\202\350\247\243\345\231\250>, "/usr/lib/locale/C.utf8/LC_MESSAGES", O_RDONLY|O_CLOEXEC) = 3</usr/lib/locale/C.utf8/LC_MESSAGES>
1426332 openat(AT_FDCWD</tmp/kernel-audit2-v3r63b5w/\346\261\202\350\247\243\345\231\250>, "/usr/lib/locale/C.utf8/LC_MESSAGES/SYS_LC_MESSAGES", O_RDONLY|O_CLOEXEC) = 3</usr/lib/locale/C.utf8/LC_MESSAGES/SYS_LC_MESSAGES>
1426332 openat(AT_FDCWD</tmp/kernel-audit2-v3r63b5w/\346\261\202\350\247\243\345\231\250>, "/usr/lib/locale/C.UTF-8/LC_MONETARY", O_RDONLY|O_CLOEXEC) = -1 ENOENT (No such file or directory)
1426332 openat(AT_FDCWD</tmp/kernel-audit2-v3r63b5w/\346\261\202\350\247\243\345\231\250>, "/usr/lib/locale/C.utf8/LC_MONETARY", O_RDONLY|O_CLOEXEC) = 3</usr/lib/locale/C.utf8/LC_MONETARY>
1426332 openat(AT_FDCWD</tmp/kernel-audit2-v3r63b5w/\346\261\202\350\247\243\345\231\250>, "/usr/lib/locale/C.UTF-8/LC_COLLATE", O_RDONLY|O_CLOEXEC) = -1 ENOENT (No such file or directory)
1426332 openat(AT_FDCWD</tmp/kernel-audit2-v3r63b5w/\346\261\202\350\247\243\345\231\250>, "/usr/lib/locale/C.utf8/LC_COLLATE", O_RDONLY|O_CLOEXEC) = 3</usr/lib/locale/C.utf8/LC_COLLATE>
1426332 openat(AT_FDCWD</tmp/kernel-audit2-v3r63b5w/\346\261\202\350\247\243\345\231\250>, "/usr/lib/locale/C.UTF-8/LC_TIME", O_RDONLY|O_CLOEXEC) = -1 ENOENT (No such file or directory)
1426332 openat(AT_FDCWD</tmp/kernel-audit2-v3r63b5w/\346\261\202\350\247\243\345\231\250>, "/usr/lib/locale/C.utf8/LC_TIME", O_RDONLY|O_CLOEXEC) = 3</usr/lib/locale/C.utf8/LC_TIME>
1426332 openat(AT_FDCWD</tmp/kernel-audit2-v3r63b5w/\346\261\202\350\247\243\345\231\250>, "/usr/lib/locale/C.UTF-8/LC_NUMERIC", O_RDONLY|O_CLOEXEC) = -1 ENOENT (No such file or directory)
1426332 openat(AT_FDCWD</tmp/kernel-audit2-v3r63b5w/\346\261\202\350\247\243\345\231\250>, "/usr/lib/locale/C.utf8/LC_NUMERIC", O_RDONLY|O_CLOEXEC) = 3</usr/lib/locale/C.utf8/LC_NUMERIC>
1426332 openat(AT_FDCWD</tmp/kernel-audit2-v3r63b5w/\346\261\202\350\247\243\345\231\250>, "/usr/lib/locale/C.UTF-8/LC_CTYPE", O_RDONLY|O_CLOEXEC) = -1 ENOENT (No such file or directory)
1426332 openat(AT_FDCWD</tmp/kernel-audit2-v3r63b5w/\346\261\202\350\247\243\345\231\250>, "/usr/lib/locale/C.utf8/LC_CTYPE", O_RDONLY|O_CLOEXEC) = 3</usr/lib/locale/C.utf8/LC_CTYPE>
1426332 openat(AT_FDCWD</tmp/kernel-audit2-v3r63b5w/\346\261\202\350\247\243\345\231\250>, "/tmp/kernel-audit2-v3r63b5w/\346\261\202\350\247\243\344\273\273\345\212\241.txt", O_RDONLY) = 3</tmp/kernel-audit2-v3r63b5w/\346\261\202\350\247\243\344\273\273\345\212\241.txt>
1426283 --- SIGCHLD {si_signo=SIGCHLD, si_code=CLD_EXITED, si_pid=1426332, si_uid=1000, si_status=0, si_utime=0, si_stime=0} ---
1426283 openat(AT_FDCWD</tmp/kernel-audit2-v3r63b5w/\346\261\202\350\247\243\345\231\250>, "/dev/null", O_RDONLY|O_CLOEXEC) = 3</dev/null<char 1:3>>
1426333 execve("/home/zhuran24/.codex/tmp/arg0/codex-arg0DuAZRy/sha256sum", ["sha256sum", "--", "/tmp/kernel-audit2-v3r63b5w/\346\261\202\350\247\243\347\272\246\346\235\237.txt"], 0x7ffdc1bb9fc8 /* 135 vars */) = -1 ENOENT (No such file or directory)
1426333 execve("/home/zhuran24/.cargo/bin/sha256sum", ["sha256sum", "--", "/tmp/kernel-audit2-v3r63b5w/\346\261\202\350\247\243\347\272\246\346\235\237.txt"], 0x7ffdc1bb9fc8 /* 135 vars */) = -1 ENOENT (No such file or directory)
1426333 execve("/home/zhuran24/.local/bin/sha256sum", ["sha256sum", "--", "/tmp/kernel-audit2-v3r63b5w/\346\261\202\350\247\243\347\272\246\346\235\237.txt"], 0x7ffdc1bb9fc8 /* 135 vars */) = -1 ENOENT (No such file or directory)
1426333 execve("/home/zhuran24/.opencode/bin/sha256sum", ["sha256sum", "--", "/tmp/kernel-audit2-v3r63b5w/\346\261\202\350\247\243\347\272\246\346\235\237.txt"], 0x7ffdc1bb9fc8 /* 135 vars */) = -1 ENOENT (No such file or directory)
1426333 execve("/usr/local/bin/sha256sum", ["sha256sum", "--", "/tmp/kernel-audit2-v3r63b5w/\346\261\202\350\247\243\347\272\246\346\235\237.txt"], 0x7ffdc1bb9fc8 /* 135 vars */) = -1 ENOENT (No such file or directory)
1426333 execve("/usr/bin/sha256sum", ["sha256sum", "--", "/tmp/kernel-audit2-v3r63b5w/\346\261\202\350\247\243\347\272\246\346\235\237.txt"], 0x7ffdc1bb9fc8 /* 135 vars */) = 0
1426333 openat(AT_FDCWD</tmp/kernel-audit2-v3r63b5w/\346\261\202\350\247\243\345\231\250>, "/etc/ld.so.cache", O_RDONLY|O_CLOEXEC) = 3</etc/ld.so.cache>
1426333 openat(AT_FDCWD</tmp/kernel-audit2-v3r63b5w/\346\261\202\350\247\243\345\231\250>, "/usr/lib/libcrypto.so.3", O_RDONLY|O_CLOEXEC) = 3</usr/lib/libcrypto.so.3>
1426333 openat(AT_FDCWD</tmp/kernel-audit2-v3r63b5w/\346\261\202\350\247\243\345\231\250>, "/usr/lib/libc.so.6", O_RDONLY|O_CLOEXEC) = 3</usr/lib/libc.so.6>
1426333 openat(AT_FDCWD</tmp/kernel-audit2-v3r63b5w/\346\261\202\350\247\243\345\231\250>, "/usr/lib/libz.so.1", O_RDONLY|O_CLOEXEC) = 3</usr/lib/libz.so.1.3.1.zlib-ng>
1426333 openat(AT_FDCWD</tmp/kernel-audit2-v3r63b5w/\346\261\202\350\247\243\345\231\250>, "/usr/lib/libbrotlienc.so.1", O_RDONLY|O_CLOEXEC) = 3</usr/lib/libbrotlienc.so.1.2.0>
1426333 openat(AT_FDCWD</tmp/kernel-audit2-v3r63b5w/\346\261\202\350\247\243\345\231\250>, "/usr/lib/libbrotlidec.so.1", O_RDONLY|O_CLOEXEC) = 3</usr/lib/libbrotlidec.so.1.2.0>
1426333 openat(AT_FDCWD</tmp/kernel-audit2-v3r63b5w/\346\261\202\350\247\243\345\231\250>, "/usr/lib/libzstd.so.1", O_RDONLY|O_CLOEXEC) = 3</usr/lib/libzstd.so.1.5.7>
1426333 openat(AT_FDCWD</tmp/kernel-audit2-v3r63b5w/\346\261\202\350\247\243\345\231\250>, "/usr/lib/libm.so.6", O_RDONLY|O_CLOEXEC) = 3</usr/lib/libm.so.6>
1426333 openat(AT_FDCWD</tmp/kernel-audit2-v3r63b5w/\346\261\202\350\247\243\345\231\250>, "/usr/lib/libbrotlicommon.so.1", O_RDONLY|O_CLOEXEC) = 3</usr/lib/libbrotlicommon.so.1.2.0>
1426333 openat(AT_FDCWD</tmp/kernel-audit2-v3r63b5w/\346\261\202\350\247\243\345\231\250>, "/usr/lib/locale/locale-archive", O_RDONLY|O_CLOEXEC) = 3</usr/lib/locale/locale-archive>
1426333 openat(AT_FDCWD</tmp/kernel-audit2-v3r63b5w/\346\261\202\350\247\243\345\231\250>, "/usr/share/locale/locale.alias", O_RDONLY|O_CLOEXEC) = 3</usr/share/locale/locale.alias>
1426333 openat(AT_FDCWD</tmp/kernel-audit2-v3r63b5w/\346\261\202\350\247\243\345\231\250>, "/usr/lib/locale/C.UTF-8/LC_IDENTIFICATION", O_RDONLY|O_CLOEXEC) = -1 ENOENT (No such file or directory)
1426333 openat(AT_FDCWD</tmp/kernel-audit2-v3r63b5w/\346\261\202\350\247\243\345\231\250>, "/usr/lib/locale/C.utf8/LC_IDENTIFICATION", O_RDONLY|O_CLOEXEC) = 3</usr/lib/locale/C.utf8/LC_IDENTIFICATION>
1426333 openat(AT_FDCWD</tmp/kernel-audit2-v3r63b5w/\346\261\202\350\247\243\345\231\250>, "/usr/lib/gconv/gconv-modules.cache", O_RDONLY|O_CLOEXEC) = 3</usr/lib/gconv/gconv-modules.cache>
1426333 openat(AT_FDCWD</tmp/kernel-audit2-v3r63b5w/\346\261\202\350\247\243\345\231\250>, "/usr/lib/locale/C.UTF-8/LC_MEASUREMENT", O_RDONLY|O_CLOEXEC) = -1 ENOENT (No such file or directory)
1426333 openat(AT_FDCWD</tmp/kernel-audit2-v3r63b5w/\346\261\202\350\247\243\345\231\250>, "/usr/lib/locale/C.utf8/LC_MEASUREMENT", O_RDONLY|O_CLOEXEC) = 3</usr/lib/locale/C.utf8/LC_MEASUREMENT>
1426333 openat(AT_FDCWD</tmp/kernel-audit2-v3r63b5w/\346\261\202\350\247\243\345\231\250>, "/usr/lib/locale/C.UTF-8/LC_TELEPHONE", O_RDONLY|O_CLOEXEC) = -1 ENOENT (No such file or directory)
1426333 openat(AT_FDCWD</tmp/kernel-audit2-v3r63b5w/\346\261\202\350\247\243\345\231\250>, "/usr/lib/locale/C.utf8/LC_TELEPHONE", O_RDONLY|O_CLOEXEC) = 3</usr/lib/locale/C.utf8/LC_TELEPHONE>
1426333 openat(AT_FDCWD</tmp/kernel-audit2-v3r63b5w/\346\261\202\350\247\243\345\231\250>, "/usr/lib/locale/C.UTF-8/LC_ADDRESS", O_RDONLY|O_CLOEXEC) = -1 ENOENT (No such file or directory)
1426333 openat(AT_FDCWD</tmp/kernel-audit2-v3r63b5w/\346\261\202\350\247\243\345\231\250>, "/usr/lib/locale/C.utf8/LC_ADDRESS", O_RDONLY|O_CLOEXEC) = 3</usr/lib/locale/C.utf8/LC_ADDRESS>
1426333 openat(AT_FDCWD</tmp/kernel-audit2-v3r63b5w/\346\261\202\350\247\243\345\231\250>, "/usr/lib/locale/C.UTF-8/LC_NAME", O_RDONLY|O_CLOEXEC) = -1 ENOENT (No such file or directory)
1426333 openat(AT_FDCWD</tmp/kernel-audit2-v3r63b5w/\346\261\202\350\247\243\345\231\250>, "/usr/lib/locale/C.utf8/LC_NAME", O_RDONLY|O_CLOEXEC) = 3</usr/lib/locale/C.utf8/LC_NAME>
1426333 openat(AT_FDCWD</tmp/kernel-audit2-v3r63b5w/\346\261\202\350\247\243\345\231\250>, "/usr/lib/locale/C.UTF-8/LC_PAPER", O_RDONLY|O_CLOEXEC) = -1 ENOENT (No such file or directory)
1426333 openat(AT_FDCWD</tmp/kernel-audit2-v3r63b5w/\346\261\202\350\247\243\345\231\250>, "/usr/lib/locale/C.utf8/LC_PAPER", O_RDONLY|O_CLOEXEC) = 3</usr/lib/locale/C.utf8/LC_PAPER>
1426333 openat(AT_FDCWD</tmp/kernel-audit2-v3r63b5w/\346\261\202\350\247\243\345\231\250>, "/usr/lib/locale/C.UTF-8/LC_MESSAGES", O_RDONLY|O_CLOEXEC) = -1 ENOENT (No such file or directory)
1426333 openat(AT_FDCWD</tmp/kernel-audit2-v3r63b5w/\346\261\202\350\247\243\345\231\250>, "/usr/lib/locale/C.utf8/LC_MESSAGES", O_RDONLY|O_CLOEXEC) = 3</usr/lib/locale/C.utf8/LC_MESSAGES>
1426333 openat(AT_FDCWD</tmp/kernel-audit2-v3r63b5w/\346\261\202\350\247\243\345\231\250>, "/usr/lib/locale/C.utf8/LC_MESSAGES/SYS_LC_MESSAGES", O_RDONLY|O_CLOEXEC) = 3</usr/lib/locale/C.utf8/LC_MESSAGES/SYS_LC_MESSAGES>
1426333 openat(AT_FDCWD</tmp/kernel-audit2-v3r63b5w/\346\261\202\350\247\243\345\231\250>, "/usr/lib/locale/C.UTF-8/LC_MONETARY", O_RDONLY|O_CLOEXEC) = -1 ENOENT (No such file or directory)
1426333 openat(AT_FDCWD</tmp/kernel-audit2-v3r63b5w/\346\261\202\350\247\243\345\231\250>, "/usr/lib/locale/C.utf8/LC_MONETARY", O_RDONLY|O_CLOEXEC) = 3</usr/lib/locale/C.utf8/LC_MONETARY>
1426333 openat(AT_FDCWD</tmp/kernel-audit2-v3r63b5w/\346\261\202\350\247\243\345\231\250>, "/usr/lib/locale/C.UTF-8/LC_COLLATE", O_RDONLY|O_CLOEXEC) = -1 ENOENT (No such file or directory)
1426333 openat(AT_FDCWD</tmp/kernel-audit2-v3r63b5w/\346\261\202\350\247\243\345\231\250>, "/usr/lib/locale/C.utf8/LC_COLLATE", O_RDONLY|O_CLOEXEC) = 3</usr/lib/locale/C.utf8/LC_COLLATE>
1426333 openat(AT_FDCWD</tmp/kernel-audit2-v3r63b5w/\346\261\202\350\247\243\345\231\250>, "/usr/lib/locale/C.UTF-8/LC_TIME", O_RDONLY|O_CLOEXEC) = -1 ENOENT (No such file or directory)
1426333 openat(AT_FDCWD</tmp/kernel-audit2-v3r63b5w/\346\261\202\350\247\243\345\231\250>, "/usr/lib/locale/C.utf8/LC_TIME", O_RDONLY|O_CLOEXEC) = 3</usr/lib/locale/C.utf8/LC_TIME>
1426333 openat(AT_FDCWD</tmp/kernel-audit2-v3r63b5w/\346\261\202\350\247\243\345\231\250>, "/usr/lib/locale/C.UTF-8/LC_NUMERIC", O_RDONLY|O_CLOEXEC) = -1 ENOENT (No such file or directory)
1426333 openat(AT_FDCWD</tmp/kernel-audit2-v3r63b5w/\346\261\202\350\247\243\345\231\250>, "/usr/lib/locale/C.utf8/LC_NUMERIC", O_RDONLY|O_CLOEXEC) = 3</usr/lib/locale/C.utf8/LC_NUMERIC>
1426333 openat(AT_FDCWD</tmp/kernel-audit2-v3r63b5w/\346\261\202\350\247\243\345\231\250>, "/usr/lib/locale/C.UTF-8/LC_CTYPE", O_RDONLY|O_CLOEXEC) = -1 ENOENT (No such file or directory)
1426333 openat(AT_FDCWD</tmp/kernel-audit2-v3r63b5w/\346\261\202\350\247\243\345\231\250>, "/usr/lib/locale/C.utf8/LC_CTYPE", O_RDONLY|O_CLOEXEC) = 3</usr/lib/locale/C.utf8/LC_CTYPE>
1426333 openat(AT_FDCWD</tmp/kernel-audit2-v3r63b5w/\346\261\202\350\247\243\345\231\250>, "/tmp/kernel-audit2-v3r63b5w/\346\261\202\350\247\243\347\272\246\346\235\237.txt", O_RDONLY) = 3</tmp/kernel-audit2-v3r63b5w/\346\261\202\350\247\243\347\272\246\346\235\237.txt>
1426283 --- SIGCHLD {si_signo=SIGCHLD, si_code=CLD_EXITED, si_pid=1426333, si_uid=1000, si_status=0, si_utime=0, si_stime=0} ---
1426283 openat(AT_FDCWD</tmp/kernel-audit2-v3r63b5w/\346\261\202\350\247\243\345\231\250>, "/dev/null", O_RDONLY|O_CLOEXEC) = 3</dev/null<char 1:3>>
1426334 execve("/home/zhuran24/.codex/tmp/arg0/codex-arg0DuAZRy/sha256sum", ["sha256sum", "--", "/tmp/kernel-audit2-v3r63b5w/\346\261\202\350\247\243\345\231\250/\350\247\204\346\240\274/\351\200\211\346\213\251\347\202\271\345\217\202\346\225\260\350\275\264.md"], 0x7ffdc1bb9fc8 /* 135 vars */) = -1 ENOENT (No such file or directory)
1426334 execve("/home/zhuran24/.cargo/bin/sha256sum", ["sha256sum", "--", "/tmp/kernel-audit2-v3r63b5w/\346\261\202\350\247\243\345\231\250/\350\247\204\346\240\274/\351\200\211\346\213\251\347\202\271\345\217\202\346\225\260\350\275\264.md"], 0x7ffdc1bb9fc8 /* 135 vars */) = -1 ENOENT (No such file or directory)
1426334 execve("/home/zhuran24/.local/bin/sha256sum", ["sha256sum", "--", "/tmp/kernel-audit2-v3r63b5w/\346\261\202\350\247\243\345\231\250/\350\247\204\346\240\274/\351\200\211\346\213\251\347\202\271\345\217\202\346\225\260\350\275\264.md"], 0x7ffdc1bb9fc8 /* 135 vars */) = -1 ENOENT (No such file or directory)
1426334 execve("/home/zhuran24/.opencode/bin/sha256sum", ["sha256sum", "--", "/tmp/kernel-audit2-v3r63b5w/\346\261\202\350\247\243\345\231\250/\350\247\204\346\240\274/\351\200\211\346\213\251\347\202\271\345\217\202\346\225\260\350\275\264.md"], 0x7ffdc1bb9fc8 /* 135 vars */) = -1 ENOENT (No such file or directory)
1426334 execve("/usr/local/bin/sha256sum", ["sha256sum", "--", "/tmp/kernel-audit2-v3r63b5w/\346\261\202\350\247\243\345\231\250/\350\247\204\346\240\274/\351\200\211\346\213\251\347\202\271\345\217\202\346\225\260\350\275\264.md"], 0x7ffdc1bb9fc8 /* 135 vars */) = -1 ENOENT (No such file or directory)
1426334 execve("/usr/bin/sha256sum", ["sha256sum", "--", "/tmp/kernel-audit2-v3r63b5w/\346\261\202\350\247\243\345\231\250/\350\247\204\346\240\274/\351\200\211\346\213\251\347\202\271\345\217\202\346\225\260\350\275\264.md"], 0x7ffdc1bb9fc8 /* 135 vars */) = 0
1426334 openat(AT_FDCWD</tmp/kernel-audit2-v3r63b5w/\346\261\202\350\247\243\345\231\250>, "/etc/ld.so.cache", O_RDONLY|O_CLOEXEC) = 3</etc/ld.so.cache>
1426334 openat(AT_FDCWD</tmp/kernel-audit2-v3r63b5w/\346\261\202\350\247\243\345\231\250>, "/usr/lib/libcrypto.so.3", O_RDONLY|O_CLOEXEC) = 3</usr/lib/libcrypto.so.3>
1426334 openat(AT_FDCWD</tmp/kernel-audit2-v3r63b5w/\346\261\202\350\247\243\345\231\250>, "/usr/lib/libc.so.6", O_RDONLY|O_CLOEXEC) = 3</usr/lib/libc.so.6>
1426334 openat(AT_FDCWD</tmp/kernel-audit2-v3r63b5w/\346\261\202\350\247\243\345\231\250>, "/usr/lib/libz.so.1", O_RDONLY|O_CLOEXEC) = 3</usr/lib/libz.so.1.3.1.zlib-ng>
1426334 openat(AT_FDCWD</tmp/kernel-audit2-v3r63b5w/\346\261\202\350\247\243\345\231\250>, "/usr/lib/libbrotlienc.so.1", O_RDONLY|O_CLOEXEC) = 3</usr/lib/libbrotlienc.so.1.2.0>
1426334 openat(AT_FDCWD</tmp/kernel-audit2-v3r63b5w/\346\261\202\350\247\243\345\231\250>, "/usr/lib/libbrotlidec.so.1", O_RDONLY|O_CLOEXEC) = 3</usr/lib/libbrotlidec.so.1.2.0>
1426334 openat(AT_FDCWD</tmp/kernel-audit2-v3r63b5w/\346\261\202\350\247\243\345\231\250>, "/usr/lib/libzstd.so.1", O_RDONLY|O_CLOEXEC) = 3</usr/lib/libzstd.so.1.5.7>
1426334 openat(AT_FDCWD</tmp/kernel-audit2-v3r63b5w/\346\261\202\350\247\243\345\231\250>, "/usr/lib/libm.so.6", O_RDONLY|O_CLOEXEC) = 3</usr/lib/libm.so.6>
1426334 openat(AT_FDCWD</tmp/kernel-audit2-v3r63b5w/\346\261\202\350\247\243\345\231\250>, "/usr/lib/libbrotlicommon.so.1", O_RDONLY|O_CLOEXEC) = 3</usr/lib/libbrotlicommon.so.1.2.0>
1426334 openat(AT_FDCWD</tmp/kernel-audit2-v3r63b5w/\346\261\202\350\247\243\345\231\250>, "/usr/lib/locale/locale-archive", O_RDONLY|O_CLOEXEC) = 3</usr/lib/locale/locale-archive>
1426334 openat(AT_FDCWD</tmp/kernel-audit2-v3r63b5w/\346\261\202\350\247\243\345\231\250>, "/usr/share/locale/locale.alias", O_RDONLY|O_CLOEXEC) = 3</usr/share/locale/locale.alias>
1426334 openat(AT_FDCWD</tmp/kernel-audit2-v3r63b5w/\346\261\202\350\247\243\345\231\250>, "/usr/lib/locale/C.UTF-8/LC_IDENTIFICATION", O_RDONLY|O_CLOEXEC) = -1 ENOENT (No such file or directory)
1426334 openat(AT_FDCWD</tmp/kernel-audit2-v3r63b5w/\346\261\202\350\247\243\345\231\250>, "/usr/lib/locale/C.utf8/LC_IDENTIFICATION", O_RDONLY|O_CLOEXEC) = 3</usr/lib/locale/C.utf8/LC_IDENTIFICATION>
1426334 openat(AT_FDCWD</tmp/kernel-audit2-v3r63b5w/\346\261\202\350\247\243\345\231\250>, "/usr/lib/gconv/gconv-modules.cache", O_RDONLY|O_CLOEXEC) = 3</usr/lib/gconv/gconv-modules.cache>
1426334 openat(AT_FDCWD</tmp/kernel-audit2-v3r63b5w/\346\261\202\350\247\243\345\231\250>, "/usr/lib/locale/C.UTF-8/LC_MEASUREMENT", O_RDONLY|O_CLOEXEC) = -1 ENOENT (No such file or directory)
1426334 openat(AT_FDCWD</tmp/kernel-audit2-v3r63b5w/\346\261\202\350\247\243\345\231\250>, "/usr/lib/locale/C.utf8/LC_MEASUREMENT", O_RDONLY|O_CLOEXEC) = 3</usr/lib/locale/C.utf8/LC_MEASUREMENT>
1426334 openat(AT_FDCWD</tmp/kernel-audit2-v3r63b5w/\346\261\202\350\247\243\345\231\250>, "/usr/lib/locale/C.UTF-8/LC_TELEPHONE", O_RDONLY|O_CLOEXEC) = -1 ENOENT (No such file or directory)
1426334 openat(AT_FDCWD</tmp/kernel-audit2-v3r63b5w/\346\261\202\350\247\243\345\231\250>, "/usr/lib/locale/C.utf8/LC_TELEPHONE", O_RDONLY|O_CLOEXEC) = 3</usr/lib/locale/C.utf8/LC_TELEPHONE>
1426334 openat(AT_FDCWD</tmp/kernel-audit2-v3r63b5w/\346\261\202\350\247\243\345\231\250>, "/usr/lib/locale/C.UTF-8/LC_ADDRESS", O_RDONLY|O_CLOEXEC) = -1 ENOENT (No such file or directory)
1426334 openat(AT_FDCWD</tmp/kernel-audit2-v3r63b5w/\346\261\202\350\247\243\345\231\250>, "/usr/lib/locale/C.utf8/LC_ADDRESS", O_RDONLY|O_CLOEXEC) = 3</usr/lib/locale/C.utf8/LC_ADDRESS>
1426334 openat(AT_FDCWD</tmp/kernel-audit2-v3r63b5w/\346\261\202\350\247\243\345\231\250>, "/usr/lib/locale/C.UTF-8/LC_NAME", O_RDONLY|O_CLOEXEC) = -1 ENOENT (No such file or directory)
1426334 openat(AT_FDCWD</tmp/kernel-audit2-v3r63b5w/\346\261\202\350\247\243\345\231\250>, "/usr/lib/locale/C.utf8/LC_NAME", O_RDONLY|O_CLOEXEC) = 3</usr/lib/locale/C.utf8/LC_NAME>
1426334 openat(AT_FDCWD</tmp/kernel-audit2-v3r63b5w/\346\261\202\350\247\243\345\231\250>, "/usr/lib/locale/C.UTF-8/LC_PAPER", O_RDONLY|O_CLOEXEC) = -1 ENOENT (No such file or directory)
1426334 openat(AT_FDCWD</tmp/kernel-audit2-v3r63b5w/\346\261\202\350\247\243\345\231\250>, "/usr/lib/locale/C.utf8/LC_PAPER", O_RDONLY|O_CLOEXEC) = 3</usr/lib/locale/C.utf8/LC_PAPER>
1426334 openat(AT_FDCWD</tmp/kernel-audit2-v3r63b5w/\346\261\202\350\247\243\345\231\250>, "/usr/lib/locale/C.UTF-8/LC_MESSAGES", O_RDONLY|O_CLOEXEC) = -1 ENOENT (No such file or directory)
1426334 openat(AT_FDCWD</tmp/kernel-audit2-v3r63b5w/\346\261\202\350\247\243\345\231\250>, "/usr/lib/locale/C.utf8/LC_MESSAGES", O_RDONLY|O_CLOEXEC) = 3</usr/lib/locale/C.utf8/LC_MESSAGES>
1426334 openat(AT_FDCWD</tmp/kernel-audit2-v3r63b5w/\346\261\202\350\247\243\345\231\250>, "/usr/lib/locale/C.utf8/LC_MESSAGES/SYS_LC_MESSAGES", O_RDONLY|O_CLOEXEC) = 3</usr/lib/locale/C.utf8/LC_MESSAGES/SYS_LC_MESSAGES>
1426334 openat(AT_FDCWD</tmp/kernel-audit2-v3r63b5w/\346\261\202\350\247\243\345\231\250>, "/usr/lib/locale/C.UTF-8/LC_MONETARY", O_RDONLY|O_CLOEXEC) = -1 ENOENT (No such file or directory)
1426334 openat(AT_FDCWD</tmp/kernel-audit2-v3r63b5w/\346\261\202\350\247\243\345\231\250>, "/usr/lib/locale/C.utf8/LC_MONETARY", O_RDONLY|O_CLOEXEC) = 3</usr/lib/locale/C.utf8/LC_MONETARY>
1426334 openat(AT_FDCWD</tmp/kernel-audit2-v3r63b5w/\346\261\202\350\247\243\345\231\250>, "/usr/lib/locale/C.UTF-8/LC_COLLATE", O_RDONLY|O_CLOEXEC) = -1 ENOENT (No such file or directory)
1426334 openat(AT_FDCWD</tmp/kernel-audit2-v3r63b5w/\346\261\202\350\247\243\345\231\250>, "/usr/lib/locale/C.utf8/LC_COLLATE", O_RDONLY|O_CLOEXEC) = 3</usr/lib/locale/C.utf8/LC_COLLATE>
1426334 openat(AT_FDCWD</tmp/kernel-audit2-v3r63b5w/\346\261\202\350\247\243\345\231\250>, "/usr/lib/locale/C.UTF-8/LC_TIME", O_RDONLY|O_CLOEXEC) = -1 ENOENT (No such file or directory)
1426334 openat(AT_FDCWD</tmp/kernel-audit2-v3r63b5w/\346\261\202\350\247\243\345\231\250>, "/usr/lib/locale/C.utf8/LC_TIME", O_RDONLY|O_CLOEXEC) = 3</usr/lib/locale/C.utf8/LC_TIME>
1426334 openat(AT_FDCWD</tmp/kernel-audit2-v3r63b5w/\346\261\202\350\247\243\345\231\250>, "/usr/lib/locale/C.UTF-8/LC_NUMERIC", O_RDONLY|O_CLOEXEC) = -1 ENOENT (No such file or directory)
1426334 openat(AT_FDCWD</tmp/kernel-audit2-v3r63b5w/\346\261\202\350\247\243\345\231\250>, "/usr/lib/locale/C.utf8/LC_NUMERIC", O_RDONLY|O_CLOEXEC) = 3</usr/lib/locale/C.utf8/LC_NUMERIC>
1426334 openat(AT_FDCWD</tmp/kernel-audit2-v3r63b5w/\346\261\202\350\247\243\345\231\250>, "/usr/lib/locale/C.UTF-8/LC_CTYPE", O_RDONLY|O_CLOEXEC) = -1 ENOENT (No such file or directory)
1426334 openat(AT_FDCWD</tmp/kernel-audit2-v3r63b5w/\346\261\202\350\247\243\345\231\250>, "/usr/lib/locale/C.utf8/LC_CTYPE", O_RDONLY|O_CLOEXEC) = 3</usr/lib/locale/C.utf8/LC_CTYPE>
1426334 openat(AT_FDCWD</tmp/kernel-audit2-v3r63b5w/\346\261\202\350\247\243\345\231\250>, "/tmp/kernel-audit2-v3r63b5w/\346\261\202\350\247\243\345\231\250/\350\247\204\346\240\274/\351\200\211\346\213\251\347\202\271\345\217\202\346\225\260\350\275\264.md", O_RDONLY) = 3</tmp/kernel-audit2-v3r63b5w/\346\261\202\350\247\243\345\231\250/\350\247\204\346\240\274/\351\200\211\346\213\251\347\202\271\345\217\202\346\225\260\350\275\264.md>
1426283 --- SIGCHLD {si_signo=SIGCHLD, si_code=CLD_EXITED, si_pid=1426334, si_uid=1000, si_status=0, si_utime=0, si_stime=0} ---
1426283 openat(AT_FDCWD</tmp/kernel-audit2-v3r63b5w/\346\261\202\350\247\243\345\231\250>, "/dev/null", O_RDONLY|O_CLOEXEC) = 3</dev/null<char 1:3>>
1426335 execve("/home/zhuran24/.codex/tmp/arg0/codex-arg0DuAZRy/sha256sum", ["sha256sum", "--", "/tmp/kernel-audit2-v3r63b5w/\346\261\202\350\247\243\345\231\250/\350\247\204\346\240\274/\345\217\227\351\231\220\346\250\241\345\236\213\345\243\260\346\230\216.md"], 0x7ffdc1bb9fc8 /* 135 vars */) = -1 ENOENT (No such file or directory)
1426335 execve("/home/zhuran24/.cargo/bin/sha256sum", ["sha256sum", "--", "/tmp/kernel-audit2-v3r63b5w/\346\261\202\350\247\243\345\231\250/\350\247\204\346\240\274/\345\217\227\351\231\220\346\250\241\345\236\213\345\243\260\346\230\216.md"], 0x7ffdc1bb9fc8 /* 135 vars */) = -1 ENOENT (No such file or directory)
1426335 execve("/home/zhuran24/.local/bin/sha256sum", ["sha256sum", "--", "/tmp/kernel-audit2-v3r63b5w/\346\261\202\350\247\243\345\231\250/\350\247\204\346\240\274/\345\217\227\351\231\220\346\250\241\345\236\213\345\243\260\346\230\216.md"], 0x7ffdc1bb9fc8 /* 135 vars */) = -1 ENOENT (No such file or directory)
1426335 execve("/home/zhuran24/.opencode/bin/sha256sum", ["sha256sum", "--", "/tmp/kernel-audit2-v3r63b5w/\346\261\202\350\247\243\345\231\250/\350\247\204\346\240\274/\345\217\227\351\231\220\346\250\241\345\236\213\345\243\260\346\230\216.md"], 0x7ffdc1bb9fc8 /* 135 vars */) = -1 ENOENT (No such file or directory)
1426335 execve("/usr/local/bin/sha256sum", ["sha256sum", "--", "/tmp/kernel-audit2-v3r63b5w/\346\261\202\350\247\243\345\231\250/\350\247\204\346\240\274/\345\217\227\351\231\220\346\250\241\345\236\213\345\243\260\346\230\216.md"], 0x7ffdc1bb9fc8 /* 135 vars */) = -1 ENOENT (No such file or directory)
1426335 execve("/usr/bin/sha256sum", ["sha256sum", "--", "/tmp/kernel-audit2-v3r63b5w/\346\261\202\350\247\243\345\231\250/\350\247\204\346\240\274/\345\217\227\351\231\220\346\250\241\345\236\213\345\243\260\346\230\216.md"], 0x7ffdc1bb9fc8 /* 135 vars */) = 0
1426335 openat(AT_FDCWD</tmp/kernel-audit2-v3r63b5w/\346\261\202\350\247\243\345\231\250>, "/etc/ld.so.cache", O_RDONLY|O_CLOEXEC) = 3</etc/ld.so.cache>
1426335 openat(AT_FDCWD</tmp/kernel-audit2-v3r63b5w/\346\261\202\350\247\243\345\231\250>, "/usr/lib/libcrypto.so.3", O_RDONLY|O_CLOEXEC) = 3</usr/lib/libcrypto.so.3>
1426335 openat(AT_FDCWD</tmp/kernel-audit2-v3r63b5w/\346\261\202\350\247\243\345\231\250>, "/usr/lib/libc.so.6", O_RDONLY|O_CLOEXEC) = 3</usr/lib/libc.so.6>
1426335 openat(AT_FDCWD</tmp/kernel-audit2-v3r63b5w/\346\261\202\350\247\243\345\231\250>, "/usr/lib/libz.so.1", O_RDONLY|O_CLOEXEC) = 3</usr/lib/libz.so.1.3.1.zlib-ng>
1426335 openat(AT_FDCWD</tmp/kernel-audit2-v3r63b5w/\346\261\202\350\247\243\345\231\250>, "/usr/lib/libbrotlienc.so.1", O_RDONLY|O_CLOEXEC) = 3</usr/lib/libbrotlienc.so.1.2.0>
1426335 openat(AT_FDCWD</tmp/kernel-audit2-v3r63b5w/\346\261\202\350\247\243\345\231\250>, "/usr/lib/libbrotlidec.so.1", O_RDONLY|O_CLOEXEC) = 3</usr/lib/libbrotlidec.so.1.2.0>
1426335 openat(AT_FDCWD</tmp/kernel-audit2-v3r63b5w/\346\261\202\350\247\243\345\231\250>, "/usr/lib/libzstd.so.1", O_RDONLY|O_CLOEXEC) = 3</usr/lib/libzstd.so.1.5.7>
1426335 openat(AT_FDCWD</tmp/kernel-audit2-v3r63b5w/\346\261\202\350\247\243\345\231\250>, "/usr/lib/libm.so.6", O_RDONLY|O_CLOEXEC) = 3</usr/lib/libm.so.6>
1426335 openat(AT_FDCWD</tmp/kernel-audit2-v3r63b5w/\346\261\202\350\247\243\345\231\250>, "/usr/lib/libbrotlicommon.so.1", O_RDONLY|O_CLOEXEC) = 3</usr/lib/libbrotlicommon.so.1.2.0>
1426335 openat(AT_FDCWD</tmp/kernel-audit2-v3r63b5w/\346\261\202\350\247\243\345\231\250>, "/usr/lib/locale/locale-archive", O_RDONLY|O_CLOEXEC) = 3</usr/lib/locale/locale-archive>
1426335 openat(AT_FDCWD</tmp/kernel-audit2-v3r63b5w/\346\261\202\350\247\243\345\231\250>, "/usr/share/locale/locale.alias", O_RDONLY|O_CLOEXEC) = 3</usr/share/locale/locale.alias>
1426335 openat(AT_FDCWD</tmp/kernel-audit2-v3r63b5w/\346\261\202\350\247\243\345\231\250>, "/usr/lib/locale/C.UTF-8/LC_IDENTIFICATION", O_RDONLY|O_CLOEXEC) = -1 ENOENT (No such file or directory)
1426335 openat(AT_FDCWD</tmp/kernel-audit2-v3r63b5w/\346\261\202\350\247\243\345\231\250>, "/usr/lib/locale/C.utf8/LC_IDENTIFICATION", O_RDONLY|O_CLOEXEC) = 3</usr/lib/locale/C.utf8/LC_IDENTIFICATION>
1426335 openat(AT_FDCWD</tmp/kernel-audit2-v3r63b5w/\346\261\202\350\247\243\345\231\250>, "/usr/lib/gconv/gconv-modules.cache", O_RDONLY|O_CLOEXEC) = 3</usr/lib/gconv/gconv-modules.cache>
1426335 openat(AT_FDCWD</tmp/kernel-audit2-v3r63b5w/\346\261\202\350\247\243\345\231\250>, "/usr/lib/locale/C.UTF-8/LC_MEASUREMENT", O_RDONLY|O_CLOEXEC) = -1 ENOENT (No such file or directory)
1426335 openat(AT_FDCWD</tmp/kernel-audit2-v3r63b5w/\346\261\202\350\247\243\345\231\250>, "/usr/lib/locale/C.utf8/LC_MEASUREMENT", O_RDONLY|O_CLOEXEC) = 3</usr/lib/locale/C.utf8/LC_MEASUREMENT>
1426335 openat(AT_FDCWD</tmp/kernel-audit2-v3r63b5w/\346\261\202\350\247\243\345\231\250>, "/usr/lib/locale/C.UTF-8/LC_TELEPHONE", O_RDONLY|O_CLOEXEC) = -1 ENOENT (No such file or directory)
1426335 openat(AT_FDCWD</tmp/kernel-audit2-v3r63b5w/\346\261\202\350\247\243\345\231\250>, "/usr/lib/locale/C.utf8/LC_TELEPHONE", O_RDONLY|O_CLOEXEC) = 3</usr/lib/locale/C.utf8/LC_TELEPHONE>
1426335 openat(AT_FDCWD</tmp/kernel-audit2-v3r63b5w/\346\261\202\350\247\243\345\231\250>, "/usr/lib/locale/C.UTF-8/LC_ADDRESS", O_RDONLY|O_CLOEXEC) = -1 ENOENT (No such file or directory)
1426335 openat(AT_FDCWD</tmp/kernel-audit2-v3r63b5w/\346\261\202\350\247\243\345\231\250>, "/usr/lib/locale/C.utf8/LC_ADDRESS", O_RDONLY|O_CLOEXEC) = 3</usr/lib/locale/C.utf8/LC_ADDRESS>
1426335 openat(AT_FDCWD</tmp/kernel-audit2-v3r63b5w/\346\261\202\350\247\243\345\231\250>, "/usr/lib/locale/C.UTF-8/LC_NAME", O_RDONLY|O_CLOEXEC) = -1 ENOENT (No such file or directory)
1426335 openat(AT_FDCWD</tmp/kernel-audit2-v3r63b5w/\346\261\202\350\247\243\345\231\250>, "/usr/lib/locale/C.utf8/LC_NAME", O_RDONLY|O_CLOEXEC) = 3</usr/lib/locale/C.utf8/LC_NAME>
1426335 openat(AT_FDCWD</tmp/kernel-audit2-v3r63b5w/\346\261\202\350\247\243\345\231\250>, "/usr/lib/locale/C.UTF-8/LC_PAPER", O_RDONLY|O_CLOEXEC) = -1 ENOENT (No such file or directory)
1426335 openat(AT_FDCWD</tmp/kernel-audit2-v3r63b5w/\346\261\202\350\247\243\345\231\250>, "/usr/lib/locale/C.utf8/LC_PAPER", O_RDONLY|O_CLOEXEC) = 3</usr/lib/locale/C.utf8/LC_PAPER>
1426335 openat(AT_FDCWD</tmp/kernel-audit2-v3r63b5w/\346\261\202\350\247\243\345\231\250>, "/usr/lib/locale/C.UTF-8/LC_MESSAGES", O_RDONLY|O_CLOEXEC) = -1 ENOENT (No such file or directory)
1426335 openat(AT_FDCWD</tmp/kernel-audit2-v3r63b5w/\346\261\202\350\247\243\345\231\250>, "/usr/lib/locale/C.utf8/LC_MESSAGES", O_RDONLY|O_CLOEXEC) = 3</usr/lib/locale/C.utf8/LC_MESSAGES>
1426335 openat(AT_FDCWD</tmp/kernel-audit2-v3r63b5w/\346\261\202\350\247\243\345\231\250>, "/usr/lib/locale/C.utf8/LC_MESSAGES/SYS_LC_MESSAGES", O_RDONLY|O_CLOEXEC) = 3</usr/lib/locale/C.utf8/LC_MESSAGES/SYS_LC_MESSAGES>
1426335 openat(AT_FDCWD</tmp/kernel-audit2-v3r63b5w/\346\261\202\350\247\243\345\231\250>, "/usr/lib/locale/C.UTF-8/LC_MONETARY", O_RDONLY|O_CLOEXEC) = -1 ENOENT (No such file or directory)
1426335 openat(AT_FDCWD</tmp/kernel-audit2-v3r63b5w/\346\261\202\350\247\243\345\231\250>, "/usr/lib/locale/C.utf8/LC_MONETARY", O_RDONLY|O_CLOEXEC) = 3</usr/lib/locale/C.utf8/LC_MONETARY>
1426335 openat(AT_FDCWD</tmp/kernel-audit2-v3r63b5w/\346\261\202\350\247\243\345\231\250>, "/usr/lib/locale/C.UTF-8/LC_COLLATE", O_RDONLY|O_CLOEXEC) = -1 ENOENT (No such file or directory)
1426335 openat(AT_FDCWD</tmp/kernel-audit2-v3r63b5w/\346\261\202\350\247\243\345\231\250>, "/usr/lib/locale/C.utf8/LC_COLLATE", O_RDONLY|O_CLOEXEC) = 3</usr/lib/locale/C.utf8/LC_COLLATE>
1426335 openat(AT_FDCWD</tmp/kernel-audit2-v3r63b5w/\346\261\202\350\247\243\345\231\250>, "/usr/lib/locale/C.UTF-8/LC_TIME", O_RDONLY|O_CLOEXEC) = -1 ENOENT (No such file or directory)
1426335 openat(AT_FDCWD</tmp/kernel-audit2-v3r63b5w/\346\261\202\350\247\243\345\231\250>, "/usr/lib/locale/C.utf8/LC_TIME", O_RDONLY|O_CLOEXEC) = 3</usr/lib/locale/C.utf8/LC_TIME>
1426335 openat(AT_FDCWD</tmp/kernel-audit2-v3r63b5w/\346\261\202\350\247\243\345\231\250>, "/usr/lib/locale/C.UTF-8/LC_NUMERIC", O_RDONLY|O_CLOEXEC) = -1 ENOENT (No such file or directory)
1426335 openat(AT_FDCWD</tmp/kernel-audit2-v3r63b5w/\346\261\202\350\247\243\345\231\250>, "/usr/lib/locale/C.utf8/LC_NUMERIC", O_RDONLY|O_CLOEXEC) = 3</usr/lib/locale/C.utf8/LC_NUMERIC>
1426335 openat(AT_FDCWD</tmp/kernel-audit2-v3r63b5w/\346\261\202\350\247\243\345\231\250>, "/usr/lib/locale/C.UTF-8/LC_CTYPE", O_RDONLY|O_CLOEXEC) = -1 ENOENT (No such file or directory)
1426335 openat(AT_FDCWD</tmp/kernel-audit2-v3r63b5w/\346\261\202\350\247\243\345\231\250>, "/usr/lib/locale/C.utf8/LC_CTYPE", O_RDONLY|O_CLOEXEC) = 3</usr/lib/locale/C.utf8/LC_CTYPE>
1426335 openat(AT_FDCWD</tmp/kernel-audit2-v3r63b5w/\346\261\202\350\247\243\345\231\250>, "/tmp/kernel-audit2-v3r63b5w/\346\261\202\350\247\243\345\231\250/\350\247\204\346\240\274/\345\217\227\351\231\220\346\250\241\345\236\213\345\243\260\346\230\216.md", O_RDONLY) = 3</tmp/kernel-audit2-v3r63b5w/\346\261\202\350\247\243\345\231\250/\350\247\204\346\240\274/\345\217\227\351\231\220\346\250\241\345\236\213\345\243\260\346\230\216.md>
1426283 --- SIGCHLD {si_signo=SIGCHLD, si_code=CLD_EXITED, si_pid=1426335, si_uid=1000, si_status=0, si_utime=0, si_stime=0} ---
1426283 openat(AT_FDCWD</tmp/kernel-audit2-v3r63b5w/\346\261\202\350\247\243\345\231\250>, "/dev/null", O_RDONLY|O_CLOEXEC) = 3</dev/null<char 1:3>>
1426336 execve("/home/zhuran24/.codex/tmp/arg0/codex-arg0DuAZRy/sha256sum", ["sha256sum", "--", "/tmp/kernel-audit2-v3r63b5w/\346\261\202\350\247\243\345\231\250/\350\247\204\346\240\274/\345\217\227\351\231\220\350\275\254\347\247\273\345\256\232\344\271\211.md"], 0x7ffdc1bb9fc8 /* 135 vars */) = -1 ENOENT (No such file or directory)
1426336 execve("/home/zhuran24/.cargo/bin/sha256sum", ["sha256sum", "--", "/tmp/kernel-audit2-v3r63b5w/\346\261\202\350\247\243\345\231\250/\350\247\204\346\240\274/\345\217\227\351\231\220\350\275\254\347\247\273\345\256\232\344\271\211.md"], 0x7ffdc1bb9fc8 /* 135 vars */) = -1 ENOENT (No such file or directory)
1426336 execve("/home/zhuran24/.local/bin/sha256sum", ["sha256sum", "--", "/tmp/kernel-audit2-v3r63b5w/\346\261\202\350\247\243\345\231\250/\350\247\204\346\240\274/\345\217\227\351\231\220\350\275\254\347\247\273\345\256\232\344\271\211.md"], 0x7ffdc1bb9fc8 /* 135 vars */) = -1 ENOENT (No such file or directory)
1426336 execve("/home/zhuran24/.opencode/bin/sha256sum", ["sha256sum", "--", "/tmp/kernel-audit2-v3r63b5w/\346\261\202\350\247\243\345\231\250/\350\247\204\346\240\274/\345\217\227\351\231\220\350\275\254\347\247\273\345\256\232\344\271\211.md"], 0x7ffdc1bb9fc8 /* 135 vars */) = -1 ENOENT (No such file or directory)
1426336 execve("/usr/local/bin/sha256sum", ["sha256sum", "--", "/tmp/kernel-audit2-v3r63b5w/\346\261\202\350\247\243\345\231\250/\350\247\204\346\240\274/\345\217\227\351\231\220\350\275\254\347\247\273\345\256\232\344\271\211.md"], 0x7ffdc1bb9fc8 /* 135 vars */) = -1 ENOENT (No such file or directory)
1426336 execve("/usr/bin/sha256sum", ["sha256sum", "--", "/tmp/kernel-audit2-v3r63b5w/\346\261\202\350\247\243\345\231\250/\350\247\204\346\240\274/\345\217\227\351\231\220\350\275\254\347\247\273\345\256\232\344\271\211.md"], 0x7ffdc1bb9fc8 /* 135 vars */) = 0
1426336 openat(AT_FDCWD</tmp/kernel-audit2-v3r63b5w/\346\261\202\350\247\243\345\231\250>, "/etc/ld.so.cache", O_RDONLY|O_CLOEXEC) = 3</etc/ld.so.cache>
1426336 openat(AT_FDCWD</tmp/kernel-audit2-v3r63b5w/\346\261\202\350\247\243\345\231\250>, "/usr/lib/libcrypto.so.3", O_RDONLY|O_CLOEXEC) = 3</usr/lib/libcrypto.so.3>
1426336 openat(AT_FDCWD</tmp/kernel-audit2-v3r63b5w/\346\261\202\350\247\243\345\231\250>, "/usr/lib/libc.so.6", O_RDONLY|O_CLOEXEC) = 3</usr/lib/libc.so.6>
1426336 openat(AT_FDCWD</tmp/kernel-audit2-v3r63b5w/\346\261\202\350\247\243\345\231\250>, "/usr/lib/libz.so.1", O_RDONLY|O_CLOEXEC) = 3</usr/lib/libz.so.1.3.1.zlib-ng>
1426336 openat(AT_FDCWD</tmp/kernel-audit2-v3r63b5w/\346\261\202\350\247\243\345\231\250>, "/usr/lib/libbrotlienc.so.1", O_RDONLY|O_CLOEXEC) = 3</usr/lib/libbrotlienc.so.1.2.0>
1426336 openat(AT_FDCWD</tmp/kernel-audit2-v3r63b5w/\346\261\202\350\247\243\345\231\250>, "/usr/lib/libbrotlidec.so.1", O_RDONLY|O_CLOEXEC) = 3</usr/lib/libbrotlidec.so.1.2.0>
1426336 openat(AT_FDCWD</tmp/kernel-audit2-v3r63b5w/\346\261\202\350\247\243\345\231\250>, "/usr/lib/libzstd.so.1", O_RDONLY|O_CLOEXEC) = 3</usr/lib/libzstd.so.1.5.7>
1426336 openat(AT_FDCWD</tmp/kernel-audit2-v3r63b5w/\346\261\202\350\247\243\345\231\250>, "/usr/lib/libm.so.6", O_RDONLY|O_CLOEXEC) = 3</usr/lib/libm.so.6>
1426336 openat(AT_FDCWD</tmp/kernel-audit2-v3r63b5w/\346\261\202\350\247\243\345\231\250>, "/usr/lib/libbrotlicommon.so.1", O_RDONLY|O_CLOEXEC) = 3</usr/lib/libbrotlicommon.so.1.2.0>
1426336 openat(AT_FDCWD</tmp/kernel-audit2-v3r63b5w/\346\261\202\350\247\243\345\231\250>, "/usr/lib/locale/locale-archive", O_RDONLY|O_CLOEXEC) = 3</usr/lib/locale/locale-archive>
1426336 openat(AT_FDCWD</tmp/kernel-audit2-v3r63b5w/\346\261\202\350\247\243\345\231\250>, "/usr/share/locale/locale.alias", O_RDONLY|O_CLOEXEC) = 3</usr/share/locale/locale.alias>
1426336 openat(AT_FDCWD</tmp/kernel-audit2-v3r63b5w/\346\261\202\350\247\243\345\231\250>, "/usr/lib/locale/C.UTF-8/LC_IDENTIFICATION", O_RDONLY|O_CLOEXEC) = -1 ENOENT (No such file or directory)
1426336 openat(AT_FDCWD</tmp/kernel-audit2-v3r63b5w/\346\261\202\350\247\243\345\231\250>, "/usr/lib/locale/C.utf8/LC_IDENTIFICATION", O_RDONLY|O_CLOEXEC) = 3</usr/lib/locale/C.utf8/LC_IDENTIFICATION>
1426336 openat(AT_FDCWD</tmp/kernel-audit2-v3r63b5w/\346\261\202\350\247\243\345\231\250>, "/usr/lib/gconv/gconv-modules.cache", O_RDONLY|O_CLOEXEC) = 3</usr/lib/gconv/gconv-modules.cache>
1426336 openat(AT_FDCWD</tmp/kernel-audit2-v3r63b5w/\346\261\202\350\247\243\345\231\250>, "/usr/lib/locale/C.UTF-8/LC_MEASUREMENT", O_RDONLY|O_CLOEXEC) = -1 ENOENT (No such file or directory)
1426336 openat(AT_FDCWD</tmp/kernel-audit2-v3r63b5w/\346\261\202\350\247\243\345\231\250>, "/usr/lib/locale/C.utf8/LC_MEASUREMENT", O_RDONLY|O_CLOEXEC) = 3</usr/lib/locale/C.utf8/LC_MEASUREMENT>
1426336 openat(AT_FDCWD</tmp/kernel-audit2-v3r63b5w/\346\261\202\350\247\243\345\231\250>, "/usr/lib/locale/C.UTF-8/LC_TELEPHONE", O_RDONLY|O_CLOEXEC) = -1 ENOENT (No such file or directory)
1426336 openat(AT_FDCWD</tmp/kernel-audit2-v3r63b5w/\346\261\202\350\247\243\345\231\250>, "/usr/lib/locale/C.utf8/LC_TELEPHONE", O_RDONLY|O_CLOEXEC) = 3</usr/lib/locale/C.utf8/LC_TELEPHONE>
1426336 openat(AT_FDCWD</tmp/kernel-audit2-v3r63b5w/\346\261\202\350\247\243\345\231\250>, "/usr/lib/locale/C.UTF-8/LC_ADDRESS", O_RDONLY|O_CLOEXEC) = -1 ENOENT (No such file or directory)
1426336 openat(AT_FDCWD</tmp/kernel-audit2-v3r63b5w/\346\261\202\350\247\243\345\231\250>, "/usr/lib/locale/C.utf8/LC_ADDRESS", O_RDONLY|O_CLOEXEC) = 3</usr/lib/locale/C.utf8/LC_ADDRESS>
1426336 openat(AT_FDCWD</tmp/kernel-audit2-v3r63b5w/\346\261\202\350\247\243\345\231\250>, "/usr/lib/locale/C.UTF-8/LC_NAME", O_RDONLY|O_CLOEXEC) = -1 ENOENT (No such file or directory)
1426336 openat(AT_FDCWD</tmp/kernel-audit2-v3r63b5w/\346\261\202\350\247\243\345\231\250>, "/usr/lib/locale/C.utf8/LC_NAME", O_RDONLY|O_CLOEXEC) = 3</usr/lib/locale/C.utf8/LC_NAME>
1426336 openat(AT_FDCWD</tmp/kernel-audit2-v3r63b5w/\346\261\202\350\247\243\345\231\250>, "/usr/lib/locale/C.UTF-8/LC_PAPER", O_RDONLY|O_CLOEXEC) = -1 ENOENT (No such file or directory)
1426336 openat(AT_FDCWD</tmp/kernel-audit2-v3r63b5w/\346\261\202\350\247\243\345\231\250>, "/usr/lib/locale/C.utf8/LC_PAPER", O_RDONLY|O_CLOEXEC) = 3</usr/lib/locale/C.utf8/LC_PAPER>
1426336 openat(AT_FDCWD</tmp/kernel-audit2-v3r63b5w/\346\261\202\350\247\243\345\231\250>, "/usr/lib/locale/C.UTF-8/LC_MESSAGES", O_RDONLY|O_CLOEXEC) = -1 ENOENT (No such file or directory)
1426336 openat(AT_FDCWD</tmp/kernel-audit2-v3r63b5w/\346\261\202\350\247\243\345\231\250>, "/usr/lib/locale/C.utf8/LC_MESSAGES", O_RDONLY|O_CLOEXEC) = 3</usr/lib/locale/C.utf8/LC_MESSAGES>
1426336 openat(AT_FDCWD</tmp/kernel-audit2-v3r63b5w/\346\261\202\350\247\243\345\231\250>, "/usr/lib/locale/C.utf8/LC_MESSAGES/SYS_LC_MESSAGES", O_RDONLY|O_CLOEXEC) = 3</usr/lib/locale/C.utf8/LC_MESSAGES/SYS_LC_MESSAGES>
1426336 openat(AT_FDCWD</tmp/kernel-audit2-v3r63b5w/\346\261\202\350\247\243\345\231\250>, "/usr/lib/locale/C.UTF-8/LC_MONETARY", O_RDONLY|O_CLOEXEC) = -1 ENOENT (No such file or directory)
1426336 openat(AT_FDCWD</tmp/kernel-audit2-v3r63b5w/\346\261\202\350\247\243\345\231\250>, "/usr/lib/locale/C.utf8/LC_MONETARY", O_RDONLY|O_CLOEXEC) = 3</usr/lib/locale/C.utf8/LC_MONETARY>
1426336 openat(AT_FDCWD</tmp/kernel-audit2-v3r63b5w/\346\261\202\350\247\243\345\231\250>, "/usr/lib/locale/C.UTF-8/LC_COLLATE", O_RDONLY|O_CLOEXEC) = -1 ENOENT (No such file or directory)
1426336 openat(AT_FDCWD</tmp/kernel-audit2-v3r63b5w/\346\261\202\350\247\243\345\231\250>, "/usr/lib/locale/C.utf8/LC_COLLATE", O_RDONLY|O_CLOEXEC) = 3</usr/lib/locale/C.utf8/LC_COLLATE>
1426336 openat(AT_FDCWD</tmp/kernel-audit2-v3r63b5w/\346\261\202\350\247\243\345\231\250>, "/usr/lib/locale/C.UTF-8/LC_TIME", O_RDONLY|O_CLOEXEC) = -1 ENOENT (No such file or directory)
1426336 openat(AT_FDCWD</tmp/kernel-audit2-v3r63b5w/\346\261\202\350\247\243\345\231\250>, "/usr/lib/locale/C.utf8/LC_TIME", O_RDONLY|O_CLOEXEC) = 3</usr/lib/locale/C.utf8/LC_TIME>
1426336 openat(AT_FDCWD</tmp/kernel-audit2-v3r63b5w/\346\261\202\350\247\243\345\231\250>, "/usr/lib/locale/C.UTF-8/LC_NUMERIC", O_RDONLY|O_CLOEXEC) = -1 ENOENT (No such file or directory)
1426336 openat(AT_FDCWD</tmp/kernel-audit2-v3r63b5w/\346\261\202\350\247\243\345\231\250>, "/usr/lib/locale/C.utf8/LC_NUMERIC", O_RDONLY|O_CLOEXEC) = 3</usr/lib/locale/C.utf8/LC_NUMERIC>
1426336 openat(AT_FDCWD</tmp/kernel-audit2-v3r63b5w/\346\261\202\350\247\243\345\231\250>, "/usr/lib/locale/C.UTF-8/LC_CTYPE", O_RDONLY|O_CLOEXEC) = -1 ENOENT (No such file or directory)
1426336 openat(AT_FDCWD</tmp/kernel-audit2-v3r63b5w/\346\261\202\350\247\243\345\231\250>, "/usr/lib/locale/C.utf8/LC_CTYPE", O_RDONLY|O_CLOEXEC) = 3</usr/lib/locale/C.utf8/LC_CTYPE>
1426336 openat(AT_FDCWD</tmp/kernel-audit2-v3r63b5w/\346\261\202\350\247\243\345\231\250>, "/tmp/kernel-audit2-v3r63b5w/\346\261\202\350\247\243\345\231\250/\350\247\204\346\240\274/\345\217\227\351\231\220\350\275\254\347\247\273\345\256\232\344\271\211.md", O_RDONLY) = 3</tmp/kernel-audit2-v3r63b5w/\346\261\202\350\247\243\345\231\250/\350\247\204\346\240\274/\345\217\227\351\231\220\350\275\254\347\247\273\345\256\232\344\271\211.md>
1426283 --- SIGCHLD {si_signo=SIGCHLD, si_code=CLD_EXITED, si_pid=1426336, si_uid=1000, si_status=0, si_utime=0, si_stime=0} ---
1426283 openat(AT_FDCWD</tmp/kernel-audit2-v3r63b5w/\346\261\202\350\247\243\345\231\250>, "/dev/null", O_RDONLY|O_CLOEXEC) = 3</dev/null<char 1:3>>
1426337 execve("/home/zhuran24/.codex/tmp/arg0/codex-arg0DuAZRy/sha256sum", ["sha256sum", "--", "/tmp/kernel-audit2-v3r63b5w/\346\261\202\350\247\243\345\231\250/\350\247\204\346\240\274/\350\277\220\350\241\214\350\257\255\344\271\211.md"], 0x7ffdc1bb9fc8 /* 135 vars */) = -1 ENOENT (No such file or directory)
1426337 execve("/home/zhuran24/.cargo/bin/sha256sum", ["sha256sum", "--", "/tmp/kernel-audit2-v3r63b5w/\346\261\202\350\247\243\345\231\250/\350\247\204\346\240\274/\350\277\220\350\241\214\350\257\255\344\271\211.md"], 0x7ffdc1bb9fc8 /* 135 vars */) = -1 ENOENT (No such file or directory)
1426337 execve("/home/zhuran24/.local/bin/sha256sum", ["sha256sum", "--", "/tmp/kernel-audit2-v3r63b5w/\346\261\202\350\247\243\345\231\250/\350\247\204\346\240\274/\350\277\220\350\241\214\350\257\255\344\271\211.md"], 0x7ffdc1bb9fc8 /* 135 vars */) = -1 ENOENT (No such file or directory)
1426337 execve("/home/zhuran24/.opencode/bin/sha256sum", ["sha256sum", "--", "/tmp/kernel-audit2-v3r63b5w/\346\261\202\350\247\243\345\231\250/\350\247\204\346\240\274/\350\277\220\350\241\214\350\257\255\344\271\211.md"], 0x7ffdc1bb9fc8 /* 135 vars */) = -1 ENOENT (No such file or directory)
1426337 execve("/usr/local/bin/sha256sum", ["sha256sum", "--", "/tmp/kernel-audit2-v3r63b5w/\346\261\202\350\247\243\345\231\250/\350\247\204\346\240\274/\350\277\220\350\241\214\350\257\255\344\271\211.md"], 0x7ffdc1bb9fc8 /* 135 vars */) = -1 ENOENT (No such file or directory)
1426337 execve("/usr/bin/sha256sum", ["sha256sum", "--", "/tmp/kernel-audit2-v3r63b5w/\346\261\202\350\247\243\345\231\250/\350\247\204\346\240\274/\350\277\220\350\241\214\350\257\255\344\271\211.md"], 0x7ffdc1bb9fc8 /* 135 vars */) = 0
1426337 openat(AT_FDCWD</tmp/kernel-audit2-v3r63b5w/\346\261\202\350\247\243\345\231\250>, "/etc/ld.so.cache", O_RDONLY|O_CLOEXEC) = 3</etc/ld.so.cache>
1426337 openat(AT_FDCWD</tmp/kernel-audit2-v3r63b5w/\346\261\202\350\247\243\345\231\250>, "/usr/lib/libcrypto.so.3", O_RDONLY|O_CLOEXEC) = 3</usr/lib/libcrypto.so.3>
1426337 openat(AT_FDCWD</tmp/kernel-audit2-v3r63b5w/\346\261\202\350\247\243\345\231\250>, "/usr/lib/libc.so.6", O_RDONLY|O_CLOEXEC) = 3</usr/lib/libc.so.6>
1426337 openat(AT_FDCWD</tmp/kernel-audit2-v3r63b5w/\346\261\202\350\247\243\345\231\250>, "/usr/lib/libz.so.1", O_RDONLY|O_CLOEXEC) = 3</usr/lib/libz.so.1.3.1.zlib-ng>
1426337 openat(AT_FDCWD</tmp/kernel-audit2-v3r63b5w/\346\261\202\350\247\243\345\231\250>, "/usr/lib/libbrotlienc.so.1", O_RDONLY|O_CLOEXEC) = 3</usr/lib/libbrotlienc.so.1.2.0>
1426337 openat(AT_FDCWD</tmp/kernel-audit2-v3r63b5w/\346\261\202\350\247\243\345\231\250>, "/usr/lib/libbrotlidec.so.1", O_RDONLY|O_CLOEXEC) = 3</usr/lib/libbrotlidec.so.1.2.0>
1426337 openat(AT_FDCWD</tmp/kernel-audit2-v3r63b5w/\346\261\202\350\247\243\345\231\250>, "/usr/lib/libzstd.so.1", O_RDONLY|O_CLOEXEC) = 3</usr/lib/libzstd.so.1.5.7>
1426337 openat(AT_FDCWD</tmp/kernel-audit2-v3r63b5w/\346\261\202\350\247\243\345\231\250>, "/usr/lib/libm.so.6", O_RDONLY|O_CLOEXEC) = 3</usr/lib/libm.so.6>
1426337 openat(AT_FDCWD</tmp/kernel-audit2-v3r63b5w/\346\261\202\350\247\243\345\231\250>, "/usr/lib/libbrotlicommon.so.1", O_RDONLY|O_CLOEXEC) = 3</usr/lib/libbrotlicommon.so.1.2.0>
1426337 openat(AT_FDCWD</tmp/kernel-audit2-v3r63b5w/\346\261\202\350\247\243\345\231\250>, "/usr/lib/locale/locale-archive", O_RDONLY|O_CLOEXEC) = 3</usr/lib/locale/locale-archive>
1426337 openat(AT_FDCWD</tmp/kernel-audit2-v3r63b5w/\346\261\202\350\247\243\345\231\250>, "/usr/share/locale/locale.alias", O_RDONLY|O_CLOEXEC) = 3</usr/share/locale/locale.alias>
1426337 openat(AT_FDCWD</tmp/kernel-audit2-v3r63b5w/\346\261\202\350\247\243\345\231\250>, "/usr/lib/locale/C.UTF-8/LC_IDENTIFICATION", O_RDONLY|O_CLOEXEC) = -1 ENOENT (No such file or directory)
1426337 openat(AT_FDCWD</tmp/kernel-audit2-v3r63b5w/\346\261\202\350\247\243\345\231\250>, "/usr/lib/locale/C.utf8/LC_IDENTIFICATION", O_RDONLY|O_CLOEXEC) = 3</usr/lib/locale/C.utf8/LC_IDENTIFICATION>
1426337 openat(AT_FDCWD</tmp/kernel-audit2-v3r63b5w/\346\261\202\350\247\243\345\231\250>, "/usr/lib/gconv/gconv-modules.cache", O_RDONLY|O_CLOEXEC) = 3</usr/lib/gconv/gconv-modules.cache>
1426337 openat(AT_FDCWD</tmp/kernel-audit2-v3r63b5w/\346\261\202\350\247\243\345\231\250>, "/usr/lib/locale/C.UTF-8/LC_MEASUREMENT", O_RDONLY|O_CLOEXEC) = -1 ENOENT (No such file or directory)
1426337 openat(AT_FDCWD</tmp/kernel-audit2-v3r63b5w/\346\261\202\350\247\243\345\231\250>, "/usr/lib/locale/C.utf8/LC_MEASUREMENT", O_RDONLY|O_CLOEXEC) = 3</usr/lib/locale/C.utf8/LC_MEASUREMENT>
1426337 openat(AT_FDCWD</tmp/kernel-audit2-v3r63b5w/\346\261\202\350\247\243\345\231\250>, "/usr/lib/locale/C.UTF-8/LC_TELEPHONE", O_RDONLY|O_CLOEXEC) = -1 ENOENT (No such file or directory)
1426337 openat(AT_FDCWD</tmp/kernel-audit2-v3r63b5w/\346\261\202\350\247\243\345\231\250>, "/usr/lib/locale/C.utf8/LC_TELEPHONE", O_RDONLY|O_CLOEXEC) = 3</usr/lib/locale/C.utf8/LC_TELEPHONE>
1426337 openat(AT_FDCWD</tmp/kernel-audit2-v3r63b5w/\346\261\202\350\247\243\345\231\250>, "/usr/lib/locale/C.UTF-8/LC_ADDRESS", O_RDONLY|O_CLOEXEC) = -1 ENOENT (No such file or directory)
1426337 openat(AT_FDCWD</tmp/kernel-audit2-v3r63b5w/\346\261\202\350\247\243\345\231\250>, "/usr/lib/locale/C.utf8/LC_ADDRESS", O_RDONLY|O_CLOEXEC) = 3</usr/lib/locale/C.utf8/LC_ADDRESS>
1426337 openat(AT_FDCWD</tmp/kernel-audit2-v3r63b5w/\346\261\202\350\247\243\345\231\250>, "/usr/lib/locale/C.UTF-8/LC_NAME", O_RDONLY|O_CLOEXEC) = -1 ENOENT (No such file or directory)
1426337 openat(AT_FDCWD</tmp/kernel-audit2-v3r63b5w/\346\261\202\350\247\243\345\231\250>, "/usr/lib/locale/C.utf8/LC_NAME", O_RDONLY|O_CLOEXEC) = 3</usr/lib/locale/C.utf8/LC_NAME>
1426337 openat(AT_FDCWD</tmp/kernel-audit2-v3r63b5w/\346\261\202\350\247\243\345\231\250>, "/usr/lib/locale/C.UTF-8/LC_PAPER", O_RDONLY|O_CLOEXEC) = -1 ENOENT (No such file or directory)
1426337 openat(AT_FDCWD</tmp/kernel-audit2-v3r63b5w/\346\261\202\350\247\243\345\231\250>, "/usr/lib/locale/C.utf8/LC_PAPER", O_RDONLY|O_CLOEXEC) = 3</usr/lib/locale/C.utf8/LC_PAPER>
1426337 openat(AT_FDCWD</tmp/kernel-audit2-v3r63b5w/\346\261\202\350\247\243\345\231\250>, "/usr/lib/locale/C.UTF-8/LC_MESSAGES", O_RDONLY|O_CLOEXEC) = -1 ENOENT (No such file or directory)
1426337 openat(AT_FDCWD</tmp/kernel-audit2-v3r63b5w/\346\261\202\350\247\243\345\231\250>, "/usr/lib/locale/C.utf8/LC_MESSAGES", O_RDONLY|O_CLOEXEC) = 3</usr/lib/locale/C.utf8/LC_MESSAGES>
1426337 openat(AT_FDCWD</tmp/kernel-audit2-v3r63b5w/\346\261\202\350\247\243\345\231\250>, "/usr/lib/locale/C.utf8/LC_MESSAGES/SYS_LC_MESSAGES", O_RDONLY|O_CLOEXEC) = 3</usr/lib/locale/C.utf8/LC_MESSAGES/SYS_LC_MESSAGES>
1426337 openat(AT_FDCWD</tmp/kernel-audit2-v3r63b5w/\346\261\202\350\247\243\345\231\250>, "/usr/lib/locale/C.UTF-8/LC_MONETARY", O_RDONLY|O_CLOEXEC) = -1 ENOENT (No such file or directory)
1426337 openat(AT_FDCWD</tmp/kernel-audit2-v3r63b5w/\346\261\202\350\247\243\345\231\250>, "/usr/lib/locale/C.utf8/LC_MONETARY", O_RDONLY|O_CLOEXEC) = 3</usr/lib/locale/C.utf8/LC_MONETARY>
1426337 openat(AT_FDCWD</tmp/kernel-audit2-v3r63b5w/\346\261\202\350\247\243\345\231\250>, "/usr/lib/locale/C.UTF-8/LC_COLLATE", O_RDONLY|O_CLOEXEC) = -1 ENOENT (No such file or directory)
1426337 openat(AT_FDCWD</tmp/kernel-audit2-v3r63b5w/\346\261\202\350\247\243\345\231\250>, "/usr/lib/locale/C.utf8/LC_COLLATE", O_RDONLY|O_CLOEXEC) = 3</usr/lib/locale/C.utf8/LC_COLLATE>
1426337 openat(AT_FDCWD</tmp/kernel-audit2-v3r63b5w/\346\261\202\350\247\243\345\231\250>, "/usr/lib/locale/C.UTF-8/LC_TIME", O_RDONLY|O_CLOEXEC) = -1 ENOENT (No such file or directory)
1426337 openat(AT_FDCWD</tmp/kernel-audit2-v3r63b5w/\346\261\202\350\247\243\345\231\250>, "/usr/lib/locale/C.utf8/LC_TIME", O_RDONLY|O_CLOEXEC) = 3</usr/lib/locale/C.utf8/LC_TIME>
1426337 openat(AT_FDCWD</tmp/kernel-audit2-v3r63b5w/\346\261\202\350\247\243\345\231\250>, "/usr/lib/locale/C.UTF-8/LC_NUMERIC", O_RDONLY|O_CLOEXEC) = -1 ENOENT (No such file or directory)
1426337 openat(AT_FDCWD</tmp/kernel-audit2-v3r63b5w/\346\261\202\350\247\243\345\231\250>, "/usr/lib/locale/C.utf8/LC_NUMERIC", O_RDONLY|O_CLOEXEC) = 3</usr/lib/locale/C.utf8/LC_NUMERIC>
1426337 openat(AT_FDCWD</tmp/kernel-audit2-v3r63b5w/\346\261\202\350\247\243\345\231\250>, "/usr/lib/locale/C.UTF-8/LC_CTYPE", O_RDONLY|O_CLOEXEC) = -1 ENOENT (No such file or directory)
1426337 openat(AT_FDCWD</tmp/kernel-audit2-v3r63b5w/\346\261\202\350\247\243\345\231\250>, "/usr/lib/locale/C.utf8/LC_CTYPE", O_RDONLY|O_CLOEXEC) = 3</usr/lib/locale/C.utf8/LC_CTYPE>
1426337 openat(AT_FDCWD</tmp/kernel-audit2-v3r63b5w/\346\261\202\350\247\243\345\231\250>, "/tmp/kernel-audit2-v3r63b5w/\346\261\202\350\247\243\345\231\250/\350\247\204\346\240\274/\350\277\220\350\241\214\350\257\255\344\271\211.md", O_RDONLY) = 3</tmp/kernel-audit2-v3r63b5w/\346\261\202\350\247\243\345\231\250/\350\247\204\346\240\274/\350\277\220\350\241\214\350\257\255\344\271\211.md>
1426283 --- SIGCHLD {si_signo=SIGCHLD, si_code=CLD_EXITED, si_pid=1426337, si_uid=1000, si_status=0, si_utime=0, si_stime=0} ---
1426283 openat(AT_FDCWD</tmp/kernel-audit2-v3r63b5w/\346\261\202\350\247\243\345\231\250>, "/dev/null", O_RDONLY|O_CLOEXEC) = 3</dev/null<char 1:3>>
1426338 execve("/home/zhuran24/.codex/tmp/arg0/codex-arg0DuAZRy/sha256sum", ["sha256sum", "--", "/tmp/kernel-audit2-v3r63b5w/\346\261\202\350\247\243\345\231\250/\350\247\204\346\240\274/\345\206\205\346\240\270\350\276\223\345\205\245.md"], 0x7ffdc1bb9fc8 /* 135 vars */) = -1 ENOENT (No such file or directory)
1426338 execve("/home/zhuran24/.cargo/bin/sha256sum", ["sha256sum", "--", "/tmp/kernel-audit2-v3r63b5w/\346\261\202\350\247\243\345\231\250/\350\247\204\346\240\274/\345\206\205\346\240\270\350\276\223\345\205\245.md"], 0x7ffdc1bb9fc8 /* 135 vars */) = -1 ENOENT (No such file or directory)
1426338 execve("/home/zhuran24/.local/bin/sha256sum", ["sha256sum", "--", "/tmp/kernel-audit2-v3r63b5w/\346\261\202\350\247\243\345\231\250/\350\247\204\346\240\274/\345\206\205\346\240\270\350\276\223\345\205\245.md"], 0x7ffdc1bb9fc8 /* 135 vars */) = -1 ENOENT (No such file or directory)
1426338 execve("/home/zhuran24/.opencode/bin/sha256sum", ["sha256sum", "--", "/tmp/kernel-audit2-v3r63b5w/\346\261\202\350\247\243\345\231\250/\350\247\204\346\240\274/\345\206\205\346\240\270\350\276\223\345\205\245.md"], 0x7ffdc1bb9fc8 /* 135 vars */) = -1 ENOENT (No such file or directory)
1426338 execve("/usr/local/bin/sha256sum", ["sha256sum", "--", "/tmp/kernel-audit2-v3r63b5w/\346\261\202\350\247\243\345\231\250/\350\247\204\346\240\274/\345\206\205\346\240\270\350\276\223\345\205\245.md"], 0x7ffdc1bb9fc8 /* 135 vars */) = -1 ENOENT (No such file or directory)
1426338 execve("/usr/bin/sha256sum", ["sha256sum", "--", "/tmp/kernel-audit2-v3r63b5w/\346\261\202\350\247\243\345\231\250/\350\247\204\346\240\274/\345\206\205\346\240\270\350\276\223\345\205\245.md"], 0x7ffdc1bb9fc8 /* 135 vars */) = 0
1426338 openat(AT_FDCWD</tmp/kernel-audit2-v3r63b5w/\346\261\202\350\247\243\345\231\250>, "/etc/ld.so.cache", O_RDONLY|O_CLOEXEC) = 3</etc/ld.so.cache>
1426338 openat(AT_FDCWD</tmp/kernel-audit2-v3r63b5w/\346\261\202\350\247\243\345\231\250>, "/usr/lib/libcrypto.so.3", O_RDONLY|O_CLOEXEC) = 3</usr/lib/libcrypto.so.3>
1426338 openat(AT_FDCWD</tmp/kernel-audit2-v3r63b5w/\346\261\202\350\247\243\345\231\250>, "/usr/lib/libc.so.6", O_RDONLY|O_CLOEXEC) = 3</usr/lib/libc.so.6>
1426338 openat(AT_FDCWD</tmp/kernel-audit2-v3r63b5w/\346\261\202\350\247\243\345\231\250>, "/usr/lib/libz.so.1", O_RDONLY|O_CLOEXEC) = 3</usr/lib/libz.so.1.3.1.zlib-ng>
1426338 openat(AT_FDCWD</tmp/kernel-audit2-v3r63b5w/\346\261\202\350\247\243\345\231\250>, "/usr/lib/libbrotlienc.so.1", O_RDONLY|O_CLOEXEC) = 3</usr/lib/libbrotlienc.so.1.2.0>
1426338 openat(AT_FDCWD</tmp/kernel-audit2-v3r63b5w/\346\261\202\350\247\243\345\231\250>, "/usr/lib/libbrotlidec.so.1", O_RDONLY|O_CLOEXEC) = 3</usr/lib/libbrotlidec.so.1.2.0>
1426338 openat(AT_FDCWD</tmp/kernel-audit2-v3r63b5w/\346\261\202\350\247\243\345\231\250>, "/usr/lib/libzstd.so.1", O_RDONLY|O_CLOEXEC) = 3</usr/lib/libzstd.so.1.5.7>
1426338 openat(AT_FDCWD</tmp/kernel-audit2-v3r63b5w/\346\261\202\350\247\243\345\231\250>, "/usr/lib/libm.so.6", O_RDONLY|O_CLOEXEC) = 3</usr/lib/libm.so.6>
1426338 openat(AT_FDCWD</tmp/kernel-audit2-v3r63b5w/\346\261\202\350\247\243\345\231\250>, "/usr/lib/libbrotlicommon.so.1", O_RDONLY|O_CLOEXEC) = 3</usr/lib/libbrotlicommon.so.1.2.0>
1426338 openat(AT_FDCWD</tmp/kernel-audit2-v3r63b5w/\346\261\202\350\247\243\345\231\250>, "/usr/lib/locale/locale-archive", O_RDONLY|O_CLOEXEC) = 3</usr/lib/locale/locale-archive>
1426338 openat(AT_FDCWD</tmp/kernel-audit2-v3r63b5w/\346\261\202\350\247\243\345\231\250>, "/usr/share/locale/locale.alias", O_RDONLY|O_CLOEXEC) = 3</usr/share/locale/locale.alias>
1426338 openat(AT_FDCWD</tmp/kernel-audit2-v3r63b5w/\346\261\202\350\247\243\345\231\250>, "/usr/lib/locale/C.UTF-8/LC_IDENTIFICATION", O_RDONLY|O_CLOEXEC) = -1 ENOENT (No such file or directory)
1426338 openat(AT_FDCWD</tmp/kernel-audit2-v3r63b5w/\346\261\202\350\247\243\345\231\250>, "/usr/lib/locale/C.utf8/LC_IDENTIFICATION", O_RDONLY|O_CLOEXEC) = 3</usr/lib/locale/C.utf8/LC_IDENTIFICATION>
1426338 openat(AT_FDCWD</tmp/kernel-audit2-v3r63b5w/\346\261\202\350\247\243\345\231\250>, "/usr/lib/gconv/gconv-modules.cache", O_RDONLY|O_CLOEXEC) = 3</usr/lib/gconv/gconv-modules.cache>
1426338 openat(AT_FDCWD</tmp/kernel-audit2-v3r63b5w/\346\261\202\350\247\243\345\231\250>, "/usr/lib/locale/C.UTF-8/LC_MEASUREMENT", O_RDONLY|O_CLOEXEC) = -1 ENOENT (No such file or directory)
1426338 openat(AT_FDCWD</tmp/kernel-audit2-v3r63b5w/\346\261\202\350\247\243\345\231\250>, "/usr/lib/locale/C.utf8/LC_MEASUREMENT", O_RDONLY|O_CLOEXEC) = 3</usr/lib/locale/C.utf8/LC_MEASUREMENT>
1426338 openat(AT_FDCWD</tmp/kernel-audit2-v3r63b5w/\346\261\202\350\247\243\345\231\250>, "/usr/lib/locale/C.UTF-8/LC_TELEPHONE", O_RDONLY|O_CLOEXEC) = -1 ENOENT (No such file or directory)
1426338 openat(AT_FDCWD</tmp/kernel-audit2-v3r63b5w/\346\261\202\350\247\243\345\231\250>, "/usr/lib/locale/C.utf8/LC_TELEPHONE", O_RDONLY|O_CLOEXEC) = 3</usr/lib/locale/C.utf8/LC_TELEPHONE>
1426338 openat(AT_FDCWD</tmp/kernel-audit2-v3r63b5w/\346\261\202\350\247\243\345\231\250>, "/usr/lib/locale/C.UTF-8/LC_ADDRESS", O_RDONLY|O_CLOEXEC) = -1 ENOENT (No such file or directory)
1426338 openat(AT_FDCWD</tmp/kernel-audit2-v3r63b5w/\346\261\202\350\247\243\345\231\250>, "/usr/lib/locale/C.utf8/LC_ADDRESS", O_RDONLY|O_CLOEXEC) = 3</usr/lib/locale/C.utf8/LC_ADDRESS>
1426338 openat(AT_FDCWD</tmp/kernel-audit2-v3r63b5w/\346\261\202\350\247\243\345\231\250>, "/usr/lib/locale/C.UTF-8/LC_NAME", O_RDONLY|O_CLOEXEC) = -1 ENOENT (No such file or directory)
1426338 openat(AT_FDCWD</tmp/kernel-audit2-v3r63b5w/\346\261\202\350\247\243\345\231\250>, "/usr/lib/locale/C.utf8/LC_NAME", O_RDONLY|O_CLOEXEC) = 3</usr/lib/locale/C.utf8/LC_NAME>
1426338 openat(AT_FDCWD</tmp/kernel-audit2-v3r63b5w/\346\261\202\350\247\243\345\231\250>, "/usr/lib/locale/C.UTF-8/LC_PAPER", O_RDONLY|O_CLOEXEC) = -1 ENOENT (No such file or directory)
1426338 openat(AT_FDCWD</tmp/kernel-audit2-v3r63b5w/\346\261\202\350\247\243\345\231\250>, "/usr/lib/locale/C.utf8/LC_PAPER", O_RDONLY|O_CLOEXEC) = 3</usr/lib/locale/C.utf8/LC_PAPER>
1426338 openat(AT_FDCWD</tmp/kernel-audit2-v3r63b5w/\346\261\202\350\247\243\345\231\250>, "/usr/lib/locale/C.UTF-8/LC_MESSAGES", O_RDONLY|O_CLOEXEC) = -1 ENOENT (No such file or directory)
1426338 openat(AT_FDCWD</tmp/kernel-audit2-v3r63b5w/\346\261\202\350\247\243\345\231\250>, "/usr/lib/locale/C.utf8/LC_MESSAGES", O_RDONLY|O_CLOEXEC) = 3</usr/lib/locale/C.utf8/LC_MESSAGES>
1426338 openat(AT_FDCWD</tmp/kernel-audit2-v3r63b5w/\346\261\202\350\247\243\345\231\250>, "/usr/lib/locale/C.utf8/LC_MESSAGES/SYS_LC_MESSAGES", O_RDONLY|O_CLOEXEC) = 3</usr/lib/locale/C.utf8/LC_MESSAGES/SYS_LC_MESSAGES>
1426338 openat(AT_FDCWD</tmp/kernel-audit2-v3r63b5w/\346\261\202\350\247\243\345\231\250>, "/usr/lib/locale/C.UTF-8/LC_MONETARY", O_RDONLY|O_CLOEXEC) = -1 ENOENT (No such file or directory)
1426338 openat(AT_FDCWD</tmp/kernel-audit2-v3r63b5w/\346\261\202\350\247\243\345\231\250>, "/usr/lib/locale/C.utf8/LC_MONETARY", O_RDONLY|O_CLOEXEC) = 3</usr/lib/locale/C.utf8/LC_MONETARY>
1426338 openat(AT_FDCWD</tmp/kernel-audit2-v3r63b5w/\346\261\202\350\247\243\345\231\250>, "/usr/lib/locale/C.UTF-8/LC_COLLATE", O_RDONLY|O_CLOEXEC) = -1 ENOENT (No such file or directory)
1426338 openat(AT_FDCWD</tmp/kernel-audit2-v3r63b5w/\346\261\202\350\247\243\345\231\250>, "/usr/lib/locale/C.utf8/LC_COLLATE", O_RDONLY|O_CLOEXEC) = 3</usr/lib/locale/C.utf8/LC_COLLATE>
1426338 openat(AT_FDCWD</tmp/kernel-audit2-v3r63b5w/\346\261\202\350\247\243\345\231\250>, "/usr/lib/locale/C.UTF-8/LC_TIME", O_RDONLY|O_CLOEXEC) = -1 ENOENT (No such file or directory)
1426338 openat(AT_FDCWD</tmp/kernel-audit2-v3r63b5w/\346\261\202\350\247\243\345\231\250>, "/usr/lib/locale/C.utf8/LC_TIME", O_RDONLY|O_CLOEXEC) = 3</usr/lib/locale/C.utf8/LC_TIME>
1426338 openat(AT_FDCWD</tmp/kernel-audit2-v3r63b5w/\346\261\202\350\247\243\345\231\250>, "/usr/lib/locale/C.UTF-8/LC_NUMERIC", O_RDONLY|O_CLOEXEC) = -1 ENOENT (No such file or directory)
1426338 openat(AT_FDCWD</tmp/kernel-audit2-v3r63b5w/\346\261\202\350\247\243\345\231\250>, "/usr/lib/locale/C.utf8/LC_NUMERIC", O_RDONLY|O_CLOEXEC) = 3</usr/lib/locale/C.utf8/LC_NUMERIC>
1426338 openat(AT_FDCWD</tmp/kernel-audit2-v3r63b5w/\346\261\202\350\247\243\345\231\250>, "/usr/lib/locale/C.UTF-8/LC_CTYPE", O_RDONLY|O_CLOEXEC) = -1 ENOENT (No such file or directory)
1426338 openat(AT_FDCWD</tmp/kernel-audit2-v3r63b5w/\346\261\202\350\247\243\345\231\250>, "/usr/lib/locale/C.utf8/LC_CTYPE", O_RDONLY|O_CLOEXEC) = 3</usr/lib/locale/C.utf8/LC_CTYPE>
1426338 openat(AT_FDCWD</tmp/kernel-audit2-v3r63b5w/\346\261\202\350\247\243\345\231\250>, "/tmp/kernel-audit2-v3r63b5w/\346\261\202\350\247\243\345\231\250/\350\247\204\346\240\274/\345\206\205\346\240\270\350\276\223\345\205\245.md", O_RDONLY) = 3</tmp/kernel-audit2-v3r63b5w/\346\261\202\350\247\243\345\231\250/\350\247\204\346\240\274/\345\206\205\346\240\270\350\276\223\345\205\245.md>
1426283 --- SIGCHLD {si_signo=SIGCHLD, si_code=CLD_EXITED, si_pid=1426338, si_uid=1000, si_status=0, si_utime=0, si_stime=0} ---
1426283 openat(AT_FDCWD</tmp/kernel-audit2-v3r63b5w/\346\261\202\350\247\243\345\231\250>, "/dev/null", O_RDONLY|O_CLOEXEC) = 3</dev/null<char 1:3>>
1426339 execve("/home/zhuran24/.codex/tmp/arg0/codex-arg0DuAZRy/sha256sum", ["sha256sum", "--", "/tmp/kernel-audit2-v3r63b5w/\346\261\202\350\247\243\345\231\250/\350\247\204\346\240\274/\345\206\205\346\240\270\350\276\223\345\207\272.md"], 0x7ffdc1bb9fc8 /* 135 vars */) = -1 ENOENT (No such file or directory)
1426339 execve("/home/zhuran24/.cargo/bin/sha256sum", ["sha256sum", "--", "/tmp/kernel-audit2-v3r63b5w/\346\261\202\350\247\243\345\231\250/\350\247\204\346\240\274/\345\206\205\346\240\270\350\276\223\345\207\272.md"], 0x7ffdc1bb9fc8 /* 135 vars */) = -1 ENOENT (No such file or directory)
1426339 execve("/home/zhuran24/.local/bin/sha256sum", ["sha256sum", "--", "/tmp/kernel-audit2-v3r63b5w/\346\261\202\350\247\243\345\231\250/\350\247\204\346\240\274/\345\206\205\346\240\270\350\276\223\345\207\272.md"], 0x7ffdc1bb9fc8 /* 135 vars */) = -1 ENOENT (No such file or directory)
1426339 execve("/home/zhuran24/.opencode/bin/sha256sum", ["sha256sum", "--", "/tmp/kernel-audit2-v3r63b5w/\346\261\202\350\247\243\345\231\250/\350\247\204\346\240\274/\345\206\205\346\240\270\350\276\223\345\207\272.md"], 0x7ffdc1bb9fc8 /* 135 vars */) = -1 ENOENT (No such file or directory)
1426339 execve("/usr/local/bin/sha256sum", ["sha256sum", "--", "/tmp/kernel-audit2-v3r63b5w/\346\261\202\350\247\243\345\231\250/\350\247\204\346\240\274/\345\206\205\346\240\270\350\276\223\345\207\272.md"], 0x7ffdc1bb9fc8 /* 135 vars */) = -1 ENOENT (No such file or directory)
1426339 execve("/usr/bin/sha256sum", ["sha256sum", "--", "/tmp/kernel-audit2-v3r63b5w/\346\261\202\350\247\243\345\231\250/\350\247\204\346\240\274/\345\206\205\346\240\270\350\276\223\345\207\272.md"], 0x7ffdc1bb9fc8 /* 135 vars */) = 0
1426339 openat(AT_FDCWD</tmp/kernel-audit2-v3r63b5w/\346\261\202\350\247\243\345\231\250>, "/etc/ld.so.cache", O_RDONLY|O_CLOEXEC) = 3</etc/ld.so.cache>
1426339 openat(AT_FDCWD</tmp/kernel-audit2-v3r63b5w/\346\261\202\350\247\243\345\231\250>, "/usr/lib/libcrypto.so.3", O_RDONLY|O_CLOEXEC) = 3</usr/lib/libcrypto.so.3>
1426339 openat(AT_FDCWD</tmp/kernel-audit2-v3r63b5w/\346\261\202\350\247\243\345\231\250>, "/usr/lib/libc.so.6", O_RDONLY|O_CLOEXEC) = 3</usr/lib/libc.so.6>
1426339 openat(AT_FDCWD</tmp/kernel-audit2-v3r63b5w/\346\261\202\350\247\243\345\231\250>, "/usr/lib/libz.so.1", O_RDONLY|O_CLOEXEC) = 3</usr/lib/libz.so.1.3.1.zlib-ng>
1426339 openat(AT_FDCWD</tmp/kernel-audit2-v3r63b5w/\346\261\202\350\247\243\345\231\250>, "/usr/lib/libbrotlienc.so.1", O_RDONLY|O_CLOEXEC) = 3</usr/lib/libbrotlienc.so.1.2.0>
1426339 openat(AT_FDCWD</tmp/kernel-audit2-v3r63b5w/\346\261\202\350\247\243\345\231\250>, "/usr/lib/libbrotlidec.so.1", O_RDONLY|O_CLOEXEC) = 3</usr/lib/libbrotlidec.so.1.2.0>
1426339 openat(AT_FDCWD</tmp/kernel-audit2-v3r63b5w/\346\261\202\350\247\243\345\231\250>, "/usr/lib/libzstd.so.1", O_RDONLY|O_CLOEXEC) = 3</usr/lib/libzstd.so.1.5.7>
1426339 openat(AT_FDCWD</tmp/kernel-audit2-v3r63b5w/\346\261\202\350\247\243\345\231\250>, "/usr/lib/libm.so.6", O_RDONLY|O_CLOEXEC) = 3</usr/lib/libm.so.6>
1426339 openat(AT_FDCWD</tmp/kernel-audit2-v3r63b5w/\346\261\202\350\247\243\345\231\250>, "/usr/lib/libbrotlicommon.so.1", O_RDONLY|O_CLOEXEC) = 3</usr/lib/libbrotlicommon.so.1.2.0>
1426339 openat(AT_FDCWD</tmp/kernel-audit2-v3r63b5w/\346\261\202\350\247\243\345\231\250>, "/usr/lib/locale/locale-archive", O_RDONLY|O_CLOEXEC) = 3</usr/lib/locale/locale-archive>
1426339 openat(AT_FDCWD</tmp/kernel-audit2-v3r63b5w/\346\261\202\350\247\243\345\231\250>, "/usr/share/locale/locale.alias", O_RDONLY|O_CLOEXEC) = 3</usr/share/locale/locale.alias>
1426339 openat(AT_FDCWD</tmp/kernel-audit2-v3r63b5w/\346\261\202\350\247\243\345\231\250>, "/usr/lib/locale/C.UTF-8/LC_IDENTIFICATION", O_RDONLY|O_CLOEXEC) = -1 ENOENT (No such file or directory)
1426339 openat(AT_FDCWD</tmp/kernel-audit2-v3r63b5w/\346\261\202\350\247\243\345\231\250>, "/usr/lib/locale/C.utf8/LC_IDENTIFICATION", O_RDONLY|O_CLOEXEC) = 3</usr/lib/locale/C.utf8/LC_IDENTIFICATION>
1426339 openat(AT_FDCWD</tmp/kernel-audit2-v3r63b5w/\346\261\202\350\247\243\345\231\250>, "/usr/lib/gconv/gconv-modules.cache", O_RDONLY|O_CLOEXEC) = 3</usr/lib/gconv/gconv-modules.cache>
1426339 openat(AT_FDCWD</tmp/kernel-audit2-v3r63b5w/\346\261\202\350\247\243\345\231\250>, "/usr/lib/locale/C.UTF-8/LC_MEASUREMENT", O_RDONLY|O_CLOEXEC) = -1 ENOENT (No such file or directory)
1426339 openat(AT_FDCWD</tmp/kernel-audit2-v3r63b5w/\346\261\202\350\247\243\345\231\250>, "/usr/lib/locale/C.utf8/LC_MEASUREMENT", O_RDONLY|O_CLOEXEC) = 3</usr/lib/locale/C.utf8/LC_MEASUREMENT>
1426339 openat(AT_FDCWD</tmp/kernel-audit2-v3r63b5w/\346\261\202\350\247\243\345\231\250>, "/usr/lib/locale/C.UTF-8/LC_TELEPHONE", O_RDONLY|O_CLOEXEC) = -1 ENOENT (No such file or directory)
1426339 openat(AT_FDCWD</tmp/kernel-audit2-v3r63b5w/\346\261\202\350\247\243\345\231\250>, "/usr/lib/locale/C.utf8/LC_TELEPHONE", O_RDONLY|O_CLOEXEC) = 3</usr/lib/locale/C.utf8/LC_TELEPHONE>
1426339 openat(AT_FDCWD</tmp/kernel-audit2-v3r63b5w/\346\261\202\350\247\243\345\231\250>, "/usr/lib/locale/C.UTF-8/LC_ADDRESS", O_RDONLY|O_CLOEXEC) = -1 ENOENT (No such file or directory)
1426339 openat(AT_FDCWD</tmp/kernel-audit2-v3r63b5w/\346\261\202\350\247\243\345\231\250>, "/usr/lib/locale/C.utf8/LC_ADDRESS", O_RDONLY|O_CLOEXEC) = 3</usr/lib/locale/C.utf8/LC_ADDRESS>
1426339 openat(AT_FDCWD</tmp/kernel-audit2-v3r63b5w/\346\261\202\350\247\243\345\231\250>, "/usr/lib/locale/C.UTF-8/LC_NAME", O_RDONLY|O_CLOEXEC) = -1 ENOENT (No such file or directory)
1426339 openat(AT_FDCWD</tmp/kernel-audit2-v3r63b5w/\346\261\202\350\247\243\345\231\250>, "/usr/lib/locale/C.utf8/LC_NAME", O_RDONLY|O_CLOEXEC) = 3</usr/lib/locale/C.utf8/LC_NAME>
1426339 openat(AT_FDCWD</tmp/kernel-audit2-v3r63b5w/\346\261\202\350\247\243\345\231\250>, "/usr/lib/locale/C.UTF-8/LC_PAPER", O_RDONLY|O_CLOEXEC) = -1 ENOENT (No such file or directory)
1426339 openat(AT_FDCWD</tmp/kernel-audit2-v3r63b5w/\346\261\202\350\247\243\345\231\250>, "/usr/lib/locale/C.utf8/LC_PAPER", O_RDONLY|O_CLOEXEC) = 3</usr/lib/locale/C.utf8/LC_PAPER>
1426339 openat(AT_FDCWD</tmp/kernel-audit2-v3r63b5w/\346\261\202\350\247\243\345\231\250>, "/usr/lib/locale/C.UTF-8/LC_MESSAGES", O_RDONLY|O_CLOEXEC) = -1 ENOENT (No such file or directory)
1426339 openat(AT_FDCWD</tmp/kernel-audit2-v3r63b5w/\346\261\202\350\247\243\345\231\250>, "/usr/lib/locale/C.utf8/LC_MESSAGES", O_RDONLY|O_CLOEXEC) = 3</usr/lib/locale/C.utf8/LC_MESSAGES>
1426339 openat(AT_FDCWD</tmp/kernel-audit2-v3r63b5w/\346\261\202\350\247\243\345\231\250>, "/usr/lib/locale/C.utf8/LC_MESSAGES/SYS_LC_MESSAGES", O_RDONLY|O_CLOEXEC) = 3</usr/lib/locale/C.utf8/LC_MESSAGES/SYS_LC_MESSAGES>
1426339 openat(AT_FDCWD</tmp/kernel-audit2-v3r63b5w/\346\261\202\350\247\243\345\231\250>, "/usr/lib/locale/C.UTF-8/LC_MONETARY", O_RDONLY|O_CLOEXEC) = -1 ENOENT (No such file or directory)
1426339 openat(AT_FDCWD</tmp/kernel-audit2-v3r63b5w/\346\261\202\350\247\243\345\231\250>, "/usr/lib/locale/C.utf8/LC_MONETARY", O_RDONLY|O_CLOEXEC) = 3</usr/lib/locale/C.utf8/LC_MONETARY>
1426339 openat(AT_FDCWD</tmp/kernel-audit2-v3r63b5w/\346\261\202\350\247\243\345\231\250>, "/usr/lib/locale/C.UTF-8/LC_COLLATE", O_RDONLY|O_CLOEXEC) = -1 ENOENT (No such file or directory)
1426339 openat(AT_FDCWD</tmp/kernel-audit2-v3r63b5w/\346\261\202\350\247\243\345\231\250>, "/usr/lib/locale/C.utf8/LC_COLLATE", O_RDONLY|O_CLOEXEC) = 3</usr/lib/locale/C.utf8/LC_COLLATE>
1426339 openat(AT_FDCWD</tmp/kernel-audit2-v3r63b5w/\346\261\202\350\247\243\345\231\250>, "/usr/lib/locale/C.UTF-8/LC_TIME", O_RDONLY|O_CLOEXEC) = -1 ENOENT (No such file or directory)
1426339 openat(AT_FDCWD</tmp/kernel-audit2-v3r63b5w/\346\261\202\350\247\243\345\231\250>, "/usr/lib/locale/C.utf8/LC_TIME", O_RDONLY|O_CLOEXEC) = 3</usr/lib/locale/C.utf8/LC_TIME>
1426339 openat(AT_FDCWD</tmp/kernel-audit2-v3r63b5w/\346\261\202\350\247\243\345\231\250>, "/usr/lib/locale/C.UTF-8/LC_NUMERIC", O_RDONLY|O_CLOEXEC) = -1 ENOENT (No such file or directory)
1426339 openat(AT_FDCWD</tmp/kernel-audit2-v3r63b5w/\346\261\202\350\247\243\345\231\250>, "/usr/lib/locale/C.utf8/LC_NUMERIC", O_RDONLY|O_CLOEXEC) = 3</usr/lib/locale/C.utf8/LC_NUMERIC>
1426339 openat(AT_FDCWD</tmp/kernel-audit2-v3r63b5w/\346\261\202\350\247\243\345\231\250>, "/usr/lib/locale/C.UTF-8/LC_CTYPE", O_RDONLY|O_CLOEXEC) = -1 ENOENT (No such file or directory)
1426339 openat(AT_FDCWD</tmp/kernel-audit2-v3r63b5w/\346\261\202\350\247\243\345\231\250>, "/usr/lib/locale/C.utf8/LC_CTYPE", O_RDONLY|O_CLOEXEC) = 3</usr/lib/locale/C.utf8/LC_CTYPE>
1426339 openat(AT_FDCWD</tmp/kernel-audit2-v3r63b5w/\346\261\202\350\247\243\345\231\250>, "/tmp/kernel-audit2-v3r63b5w/\346\261\202\350\247\243\345\231\250/\350\247\204\346\240\274/\345\206\205\346\240\270\350\276\223\345\207\272.md", O_RDONLY) = 3</tmp/kernel-audit2-v3r63b5w/\346\261\202\350\247\243\345\231\250/\350\247\204\346\240\274/\345\206\205\346\240\270\350\276\223\345\207\272.md>
1426283 --- SIGCHLD {si_signo=SIGCHLD, si_code=CLD_EXITED, si_pid=1426339, si_uid=1000, si_status=0, si_utime=0, si_stime=0} ---
1426283 openat(AT_FDCWD</tmp/kernel-audit2-v3r63b5w/\346\261\202\350\247\243\345\231\250>, "/dev/null", O_RDONLY|O_CLOEXEC) = 3</dev/null<char 1:3>>
1426340 execve("/home/zhuran24/.codex/tmp/arg0/codex-arg0DuAZRy/sha256sum", ["sha256sum", "--", "/tmp/kernel-audit2-v3r63b5w/\346\261\202\350\247\243\345\231\250/\350\247\204\346\240\274/\345\206\205\346\240\270\350\276\223\345\207\272.schema.json"], 0x7ffdc1bb9fc8 /* 135 vars */) = -1 ENOENT (No such file or directory)
1426340 execve("/home/zhuran24/.cargo/bin/sha256sum", ["sha256sum", "--", "/tmp/kernel-audit2-v3r63b5w/\346\261\202\350\247\243\345\231\250/\350\247\204\346\240\274/\345\206\205\346\240\270\350\276\223\345\207\272.schema.json"], 0x7ffdc1bb9fc8 /* 135 vars */) = -1 ENOENT (No such file or directory)
1426340 execve("/home/zhuran24/.local/bin/sha256sum", ["sha256sum", "--", "/tmp/kernel-audit2-v3r63b5w/\346\261\202\350\247\243\345\231\250/\350\247\204\346\240\274/\345\206\205\346\240\270\350\276\223\345\207\272.schema.json"], 0x7ffdc1bb9fc8 /* 135 vars */) = -1 ENOENT (No such file or directory)
1426340 execve("/home/zhuran24/.opencode/bin/sha256sum", ["sha256sum", "--", "/tmp/kernel-audit2-v3r63b5w/\346\261\202\350\247\243\345\231\250/\350\247\204\346\240\274/\345\206\205\346\240\270\350\276\223\345\207\272.schema.json"], 0x7ffdc1bb9fc8 /* 135 vars */) = -1 ENOENT (No such file or directory)
1426340 execve("/usr/local/bin/sha256sum", ["sha256sum", "--", "/tmp/kernel-audit2-v3r63b5w/\346\261\202\350\247\243\345\231\250/\350\247\204\346\240\274/\345\206\205\346\240\270\350\276\223\345\207\272.schema.json"], 0x7ffdc1bb9fc8 /* 135 vars */) = -1 ENOENT (No such file or directory)
1426340 execve("/usr/bin/sha256sum", ["sha256sum", "--", "/tmp/kernel-audit2-v3r63b5w/\346\261\202\350\247\243\345\231\250/\350\247\204\346\240\274/\345\206\205\346\240\270\350\276\223\345\207\272.schema.json"], 0x7ffdc1bb9fc8 /* 135 vars */) = 0
1426340 openat(AT_FDCWD</tmp/kernel-audit2-v3r63b5w/\346\261\202\350\247\243\345\231\250>, "/etc/ld.so.cache", O_RDONLY|O_CLOEXEC) = 3</etc/ld.so.cache>
1426340 openat(AT_FDCWD</tmp/kernel-audit2-v3r63b5w/\346\261\202\350\247\243\345\231\250>, "/usr/lib/libcrypto.so.3", O_RDONLY|O_CLOEXEC) = 3</usr/lib/libcrypto.so.3>
1426340 openat(AT_FDCWD</tmp/kernel-audit2-v3r63b5w/\346\261\202\350\247\243\345\231\250>, "/usr/lib/libc.so.6", O_RDONLY|O_CLOEXEC) = 3</usr/lib/libc.so.6>
1426340 openat(AT_FDCWD</tmp/kernel-audit2-v3r63b5w/\346\261\202\350\247\243\345\231\250>, "/usr/lib/libz.so.1", O_RDONLY|O_CLOEXEC) = 3</usr/lib/libz.so.1.3.1.zlib-ng>
1426340 openat(AT_FDCWD</tmp/kernel-audit2-v3r63b5w/\346\261\202\350\247\243\345\231\250>, "/usr/lib/libbrotlienc.so.1", O_RDONLY|O_CLOEXEC) = 3</usr/lib/libbrotlienc.so.1.2.0>
1426340 openat(AT_FDCWD</tmp/kernel-audit2-v3r63b5w/\346\261\202\350\247\243\345\231\250>, "/usr/lib/libbrotlidec.so.1", O_RDONLY|O_CLOEXEC) = 3</usr/lib/libbrotlidec.so.1.2.0>
1426340 openat(AT_FDCWD</tmp/kernel-audit2-v3r63b5w/\346\261\202\350\247\243\345\231\250>, "/usr/lib/libzstd.so.1", O_RDONLY|O_CLOEXEC) = 3</usr/lib/libzstd.so.1.5.7>
1426340 openat(AT_FDCWD</tmp/kernel-audit2-v3r63b5w/\346\261\202\350\247\243\345\231\250>, "/usr/lib/libm.so.6", O_RDONLY|O_CLOEXEC) = 3</usr/lib/libm.so.6>
1426340 openat(AT_FDCWD</tmp/kernel-audit2-v3r63b5w/\346\261\202\350\247\243\345\231\250>, "/usr/lib/libbrotlicommon.so.1", O_RDONLY|O_CLOEXEC) = 3</usr/lib/libbrotlicommon.so.1.2.0>
1426340 openat(AT_FDCWD</tmp/kernel-audit2-v3r63b5w/\346\261\202\350\247\243\345\231\250>, "/usr/lib/locale/locale-archive", O_RDONLY|O_CLOEXEC) = 3</usr/lib/locale/locale-archive>
1426340 openat(AT_FDCWD</tmp/kernel-audit2-v3r63b5w/\346\261\202\350\247\243\345\231\250>, "/usr/share/locale/locale.alias", O_RDONLY|O_CLOEXEC) = 3</usr/share/locale/locale.alias>
1426340 openat(AT_FDCWD</tmp/kernel-audit2-v3r63b5w/\346\261\202\350\247\243\345\231\250>, "/usr/lib/locale/C.UTF-8/LC_IDENTIFICATION", O_RDONLY|O_CLOEXEC) = -1 ENOENT (No such file or directory)
1426340 openat(AT_FDCWD</tmp/kernel-audit2-v3r63b5w/\346\261\202\350\247\243\345\231\250>, "/usr/lib/locale/C.utf8/LC_IDENTIFICATION", O_RDONLY|O_CLOEXEC) = 3</usr/lib/locale/C.utf8/LC_IDENTIFICATION>
1426340 openat(AT_FDCWD</tmp/kernel-audit2-v3r63b5w/\346\261\202\350\247\243\345\231\250>, "/usr/lib/gconv/gconv-modules.cache", O_RDONLY|O_CLOEXEC) = 3</usr/lib/gconv/gconv-modules.cache>
1426340 openat(AT_FDCWD</tmp/kernel-audit2-v3r63b5w/\346\261\202\350\247\243\345\231\250>, "/usr/lib/locale/C.UTF-8/LC_MEASUREMENT", O_RDONLY|O_CLOEXEC) = -1 ENOENT (No such file or directory)
1426340 openat(AT_FDCWD</tmp/kernel-audit2-v3r63b5w/\346\261\202\350\247\243\345\231\250>, "/usr/lib/locale/C.utf8/LC_MEASUREMENT", O_RDONLY|O_CLOEXEC) = 3</usr/lib/locale/C.utf8/LC_MEASUREMENT>
1426340 openat(AT_FDCWD</tmp/kernel-audit2-v3r63b5w/\346\261\202\350\247\243\345\231\250>, "/usr/lib/locale/C.UTF-8/LC_TELEPHONE", O_RDONLY|O_CLOEXEC) = -1 ENOENT (No such file or directory)
1426340 openat(AT_FDCWD</tmp/kernel-audit2-v3r63b5w/\346\261\202\350\247\243\345\231\250>, "/usr/lib/locale/C.utf8/LC_TELEPHONE", O_RDONLY|O_CLOEXEC) = 3</usr/lib/locale/C.utf8/LC_TELEPHONE>
1426340 openat(AT_FDCWD</tmp/kernel-audit2-v3r63b5w/\346\261\202\350\247\243\345\231\250>, "/usr/lib/locale/C.UTF-8/LC_ADDRESS", O_RDONLY|O_CLOEXEC) = -1 ENOENT (No such file or directory)
1426340 openat(AT_FDCWD</tmp/kernel-audit2-v3r63b5w/\346\261\202\350\247\243\345\231\250>, "/usr/lib/locale/C.utf8/LC_ADDRESS", O_RDONLY|O_CLOEXEC) = 3</usr/lib/locale/C.utf8/LC_ADDRESS>
1426340 openat(AT_FDCWD</tmp/kernel-audit2-v3r63b5w/\346\261\202\350\247\243\345\231\250>, "/usr/lib/locale/C.UTF-8/LC_NAME", O_RDONLY|O_CLOEXEC) = -1 ENOENT (No such file or directory)
1426340 openat(AT_FDCWD</tmp/kernel-audit2-v3r63b5w/\346\261\202\350\247\243\345\231\250>, "/usr/lib/locale/C.utf8/LC_NAME", O_RDONLY|O_CLOEXEC) = 3</usr/lib/locale/C.utf8/LC_NAME>
1426340 openat(AT_FDCWD</tmp/kernel-audit2-v3r63b5w/\346\261\202\350\247\243\345\231\250>, "/usr/lib/locale/C.UTF-8/LC_PAPER", O_RDONLY|O_CLOEXEC) = -1 ENOENT (No such file or directory)
1426340 openat(AT_FDCWD</tmp/kernel-audit2-v3r63b5w/\346\261\202\350\247\243\345\231\250>, "/usr/lib/locale/C.utf8/LC_PAPER", O_RDONLY|O_CLOEXEC) = 3</usr/lib/locale/C.utf8/LC_PAPER>
1426340 openat(AT_FDCWD</tmp/kernel-audit2-v3r63b5w/\346\261\202\350\247\243\345\231\250>, "/usr/lib/locale/C.UTF-8/LC_MESSAGES", O_RDONLY|O_CLOEXEC) = -1 ENOENT (No such file or directory)
1426340 openat(AT_FDCWD</tmp/kernel-audit2-v3r63b5w/\346\261\202\350\247\243\345\231\250>, "/usr/lib/locale/C.utf8/LC_MESSAGES", O_RDONLY|O_CLOEXEC) = 3</usr/lib/locale/C.utf8/LC_MESSAGES>
1426340 openat(AT_FDCWD</tmp/kernel-audit2-v3r63b5w/\346\261\202\350\247\243\345\231\250>, "/usr/lib/locale/C.utf8/LC_MESSAGES/SYS_LC_MESSAGES", O_RDONLY|O_CLOEXEC) = 3</usr/lib/locale/C.utf8/LC_MESSAGES/SYS_LC_MESSAGES>
1426340 openat(AT_FDCWD</tmp/kernel-audit2-v3r63b5w/\346\261\202\350\247\243\345\231\250>, "/usr/lib/locale/C.UTF-8/LC_MONETARY", O_RDONLY|O_CLOEXEC) = -1 ENOENT (No such file or directory)
1426340 openat(AT_FDCWD</tmp/kernel-audit2-v3r63b5w/\346\261\202\350\247\243\345\231\250>, "/usr/lib/locale/C.utf8/LC_MONETARY", O_RDONLY|O_CLOEXEC) = 3</usr/lib/locale/C.utf8/LC_MONETARY>
1426340 openat(AT_FDCWD</tmp/kernel-audit2-v3r63b5w/\346\261\202\350\247\243\345\231\250>, "/usr/lib/locale/C.UTF-8/LC_COLLATE", O_RDONLY|O_CLOEXEC) = -1 ENOENT (No such file or directory)
1426340 openat(AT_FDCWD</tmp/kernel-audit2-v3r63b5w/\346\261\202\350\247\243\345\231\250>, "/usr/lib/locale/C.utf8/LC_COLLATE", O_RDONLY|O_CLOEXEC) = 3</usr/lib/locale/C.utf8/LC_COLLATE>
1426340 openat(AT_FDCWD</tmp/kernel-audit2-v3r63b5w/\346\261\202\350\247\243\345\231\250>, "/usr/lib/locale/C.UTF-8/LC_TIME", O_RDONLY|O_CLOEXEC) = -1 ENOENT (No such file or directory)
1426340 openat(AT_FDCWD</tmp/kernel-audit2-v3r63b5w/\346\261\202\350\247\243\345\231\250>, "/usr/lib/locale/C.utf8/LC_TIME", O_RDONLY|O_CLOEXEC) = 3</usr/lib/locale/C.utf8/LC_TIME>
1426340 openat(AT_FDCWD</tmp/kernel-audit2-v3r63b5w/\346\261\202\350\247\243\345\231\250>, "/usr/lib/locale/C.UTF-8/LC_NUMERIC", O_RDONLY|O_CLOEXEC) = -1 ENOENT (No such file or directory)
1426340 openat(AT_FDCWD</tmp/kernel-audit2-v3r63b5w/\346\261\202\350\247\243\345\231\250>, "/usr/lib/locale/C.utf8/LC_NUMERIC", O_RDONLY|O_CLOEXEC) = 3</usr/lib/locale/C.utf8/LC_NUMERIC>
1426340 openat(AT_FDCWD</tmp/kernel-audit2-v3r63b5w/\346\261\202\350\247\243\345\231\250>, "/usr/lib/locale/C.UTF-8/LC_CTYPE", O_RDONLY|O_CLOEXEC) = -1 ENOENT (No such file or directory)
1426340 openat(AT_FDCWD</tmp/kernel-audit2-v3r63b5w/\346\261\202\350\247\243\345\231\250>, "/usr/lib/locale/C.utf8/LC_CTYPE", O_RDONLY|O_CLOEXEC) = 3</usr/lib/locale/C.utf8/LC_CTYPE>
1426340 openat(AT_FDCWD</tmp/kernel-audit2-v3r63b5w/\346\261\202\350\247\243\345\231\250>, "/tmp/kernel-audit2-v3r63b5w/\346\261\202\350\247\243\345\231\250/\350\247\204\346\240\274/\345\206\205\346\240\270\350\276\223\345\207\272.schema.json", O_RDONLY) = 3</tmp/kernel-audit2-v3r63b5w/\346\261\202\350\247\243\345\231\250/\350\247\204\346\240\274/\345\206\205\346\240\270\350\276\223\345\207\272.schema.json>
1426283 --- SIGCHLD {si_signo=SIGCHLD, si_code=CLD_EXITED, si_pid=1426340, si_uid=1000, si_status=0, si_utime=0, si_stime=0} ---
1426283 openat(AT_FDCWD</tmp/kernel-audit2-v3r63b5w/\346\261\202\350\247\243\345\231\250>, "/dev/null", O_RDONLY|O_CLOEXEC) = 3</dev/null<char 1:3>>
1426341 execve("/home/zhuran24/.codex/tmp/arg0/codex-arg0DuAZRy/sha256sum", ["sha256sum", "--", "/tmp/kernel-audit2-v3r63b5w/\346\261\202\350\247\243\345\231\250/crates/kernel/\345\221\250\346\234\237\351\224\256\350\257\273\345\217\226\345\256\241\350\256\241.md"], 0x7ffdc1bb9fc8 /* 135 vars */) = -1 ENOENT (No such file or directory)
1426341 execve("/home/zhuran24/.cargo/bin/sha256sum", ["sha256sum", "--", "/tmp/kernel-audit2-v3r63b5w/\346\261\202\350\247\243\345\231\250/crates/kernel/\345\221\250\346\234\237\351\224\256\350\257\273\345\217\226\345\256\241\350\256\241.md"], 0x7ffdc1bb9fc8 /* 135 vars */) = -1 ENOENT (No such file or directory)
1426341 execve("/home/zhuran24/.local/bin/sha256sum", ["sha256sum", "--", "/tmp/kernel-audit2-v3r63b5w/\346\261\202\350\247\243\345\231\250/crates/kernel/\345\221\250\346\234\237\351\224\256\350\257\273\345\217\226\345\256\241\350\256\241.md"], 0x7ffdc1bb9fc8 /* 135 vars */) = -1 ENOENT (No such file or directory)
1426341 execve("/home/zhuran24/.opencode/bin/sha256sum", ["sha256sum", "--", "/tmp/kernel-audit2-v3r63b5w/\346\261\202\350\247\243\345\231\250/crates/kernel/\345\221\250\346\234\237\351\224\256\350\257\273\345\217\226\345\256\241\350\256\241.md"], 0x7ffdc1bb9fc8 /* 135 vars */) = -1 ENOENT (No such file or directory)
1426341 execve("/usr/local/bin/sha256sum", ["sha256sum", "--", "/tmp/kernel-audit2-v3r63b5w/\346\261\202\350\247\243\345\231\250/crates/kernel/\345\221\250\346\234\237\351\224\256\350\257\273\345\217\226\345\256\241\350\256\241.md"], 0x7ffdc1bb9fc8 /* 135 vars */) = -1 ENOENT (No such file or directory)
1426341 execve("/usr/bin/sha256sum", ["sha256sum", "--", "/tmp/kernel-audit2-v3r63b5w/\346\261\202\350\247\243\345\231\250/crates/kernel/\345\221\250\346\234\237\351\224\256\350\257\273\345\217\226\345\256\241\350\256\241.md"], 0x7ffdc1bb9fc8 /* 135 vars */) = 0
1426341 openat(AT_FDCWD</tmp/kernel-audit2-v3r63b5w/\346\261\202\350\247\243\345\231\250>, "/etc/ld.so.cache", O_RDONLY|O_CLOEXEC) = 3</etc/ld.so.cache>
1426341 openat(AT_FDCWD</tmp/kernel-audit2-v3r63b5w/\346\261\202\350\247\243\345\231\250>, "/usr/lib/libcrypto.so.3", O_RDONLY|O_CLOEXEC) = 3</usr/lib/libcrypto.so.3>
1426341 openat(AT_FDCWD</tmp/kernel-audit2-v3r63b5w/\346\261\202\350\247\243\345\231\250>, "/usr/lib/libc.so.6", O_RDONLY|O_CLOEXEC) = 3</usr/lib/libc.so.6>
1426341 openat(AT_FDCWD</tmp/kernel-audit2-v3r63b5w/\346\261\202\350\247\243\345\231\250>, "/usr/lib/libz.so.1", O_RDONLY|O_CLOEXEC) = 3</usr/lib/libz.so.1.3.1.zlib-ng>
1426341 openat(AT_FDCWD</tmp/kernel-audit2-v3r63b5w/\346\261\202\350\247\243\345\231\250>, "/usr/lib/libbrotlienc.so.1", O_RDONLY|O_CLOEXEC) = 3</usr/lib/libbrotlienc.so.1.2.0>
1426341 openat(AT_FDCWD</tmp/kernel-audit2-v3r63b5w/\346\261\202\350\247\243\345\231\250>, "/usr/lib/libbrotlidec.so.1", O_RDONLY|O_CLOEXEC) = 3</usr/lib/libbrotlidec.so.1.2.0>
1426341 openat(AT_FDCWD</tmp/kernel-audit2-v3r63b5w/\346\261\202\350\247\243\345\231\250>, "/usr/lib/libzstd.so.1", O_RDONLY|O_CLOEXEC) = 3</usr/lib/libzstd.so.1.5.7>
1426341 openat(AT_FDCWD</tmp/kernel-audit2-v3r63b5w/\346\261\202\350\247\243\345\231\250>, "/usr/lib/libm.so.6", O_RDONLY|O_CLOEXEC) = 3</usr/lib/libm.so.6>
1426341 openat(AT_FDCWD</tmp/kernel-audit2-v3r63b5w/\346\261\202\350\247\243\345\231\250>, "/usr/lib/libbrotlicommon.so.1", O_RDONLY|O_CLOEXEC) = 3</usr/lib/libbrotlicommon.so.1.2.0>
1426341 openat(AT_FDCWD</tmp/kernel-audit2-v3r63b5w/\346\261\202\350\247\243\345\231\250>, "/usr/lib/locale/locale-archive", O_RDONLY|O_CLOEXEC) = 3</usr/lib/locale/locale-archive>
1426341 openat(AT_FDCWD</tmp/kernel-audit2-v3r63b5w/\346\261\202\350\247\243\345\231\250>, "/usr/share/locale/locale.alias", O_RDONLY|O_CLOEXEC) = 3</usr/share/locale/locale.alias>
1426341 openat(AT_FDCWD</tmp/kernel-audit2-v3r63b5w/\346\261\202\350\247\243\345\231\250>, "/usr/lib/locale/C.UTF-8/LC_IDENTIFICATION", O_RDONLY|O_CLOEXEC) = -1 ENOENT (No such file or directory)
1426341 openat(AT_FDCWD</tmp/kernel-audit2-v3r63b5w/\346\261\202\350\247\243\345\231\250>, "/usr/lib/locale/C.utf8/LC_IDENTIFICATION", O_RDONLY|O_CLOEXEC) = 3</usr/lib/locale/C.utf8/LC_IDENTIFICATION>
1426341 openat(AT_FDCWD</tmp/kernel-audit2-v3r63b5w/\346\261\202\350\247\243\345\231\250>, "/usr/lib/gconv/gconv-modules.cache", O_RDONLY|O_CLOEXEC) = 3</usr/lib/gconv/gconv-modules.cache>
1426341 openat(AT_FDCWD</tmp/kernel-audit2-v3r63b5w/\346\261\202\350\247\243\345\231\250>, "/usr/lib/locale/C.UTF-8/LC_MEASUREMENT", O_RDONLY|O_CLOEXEC) = -1 ENOENT (No such file or directory)
1426341 openat(AT_FDCWD</tmp/kernel-audit2-v3r63b5w/\346\261\202\350\247\243\345\231\250>, "/usr/lib/locale/C.utf8/LC_MEASUREMENT", O_RDONLY|O_CLOEXEC) = 3</usr/lib/locale/C.utf8/LC_MEASUREMENT>
1426341 openat(AT_FDCWD</tmp/kernel-audit2-v3r63b5w/\346\261\202\350\247\243\345\231\250>, "/usr/lib/locale/C.UTF-8/LC_TELEPHONE", O_RDONLY|O_CLOEXEC) = -1 ENOENT (No such file or directory)
1426341 openat(AT_FDCWD</tmp/kernel-audit2-v3r63b5w/\346\261\202\350\247\243\345\231\250>, "/usr/lib/locale/C.utf8/LC_TELEPHONE", O_RDONLY|O_CLOEXEC) = 3</usr/lib/locale/C.utf8/LC_TELEPHONE>
1426341 openat(AT_FDCWD</tmp/kernel-audit2-v3r63b5w/\346\261\202\350\247\243\345\231\250>, "/usr/lib/locale/C.UTF-8/LC_ADDRESS", O_RDONLY|O_CLOEXEC) = -1 ENOENT (No such file or directory)
1426341 openat(AT_FDCWD</tmp/kernel-audit2-v3r63b5w/\346\261\202\350\247\243\345\231\250>, "/usr/lib/locale/C.utf8/LC_ADDRESS", O_RDONLY|O_CLOEXEC) = 3</usr/lib/locale/C.utf8/LC_ADDRESS>
1426341 openat(AT_FDCWD</tmp/kernel-audit2-v3r63b5w/\346\261\202\350\247\243\345\231\250>, "/usr/lib/locale/C.UTF-8/LC_NAME", O_RDONLY|O_CLOEXEC) = -1 ENOENT (No such file or directory)
1426341 openat(AT_FDCWD</tmp/kernel-audit2-v3r63b5w/\346\261\202\350\247\243\345\231\250>, "/usr/lib/locale/C.utf8/LC_NAME", O_RDONLY|O_CLOEXEC) = 3</usr/lib/locale/C.utf8/LC_NAME>
1426341 openat(AT_FDCWD</tmp/kernel-audit2-v3r63b5w/\346\261\202\350\247\243\345\231\250>, "/usr/lib/locale/C.UTF-8/LC_PAPER", O_RDONLY|O_CLOEXEC) = -1 ENOENT (No such file or directory)
1426341 openat(AT_FDCWD</tmp/kernel-audit2-v3r63b5w/\346\261\202\350\247\243\345\231\250>, "/usr/lib/locale/C.utf8/LC_PAPER", O_RDONLY|O_CLOEXEC) = 3</usr/lib/locale/C.utf8/LC_PAPER>
1426341 openat(AT_FDCWD</tmp/kernel-audit2-v3r63b5w/\346\261\202\350\247\243\345\231\250>, "/usr/lib/locale/C.UTF-8/LC_MESSAGES", O_RDONLY|O_CLOEXEC) = -1 ENOENT (No such file or directory)
1426341 openat(AT_FDCWD</tmp/kernel-audit2-v3r63b5w/\346\261\202\350\247\243\345\231\250>, "/usr/lib/locale/C.utf8/LC_MESSAGES", O_RDONLY|O_CLOEXEC) = 3</usr/lib/locale/C.utf8/LC_MESSAGES>
1426341 openat(AT_FDCWD</tmp/kernel-audit2-v3r63b5w/\346\261\202\350\247\243\345\231\250>, "/usr/lib/locale/C.utf8/LC_MESSAGES/SYS_LC_MESSAGES", O_RDONLY|O_CLOEXEC) = 3</usr/lib/locale/C.utf8/LC_MESSAGES/SYS_LC_MESSAGES>
1426341 openat(AT_FDCWD</tmp/kernel-audit2-v3r63b5w/\346\261\202\350\247\243\345\231\250>, "/usr/lib/locale/C.UTF-8/LC_MONETARY", O_RDONLY|O_CLOEXEC) = -1 ENOENT (No such file or directory)
1426341 openat(AT_FDCWD</tmp/kernel-audit2-v3r63b5w/\346\261\202\350\247\243\345\231\250>, "/usr/lib/locale/C.utf8/LC_MONETARY", O_RDONLY|O_CLOEXEC) = 3</usr/lib/locale/C.utf8/LC_MONETARY>
1426341 openat(AT_FDCWD</tmp/kernel-audit2-v3r63b5w/\346\261\202\350\247\243\345\231\250>, "/usr/lib/locale/C.UTF-8/LC_COLLATE", O_RDONLY|O_CLOEXEC) = -1 ENOENT (No such file or directory)
1426341 openat(AT_FDCWD</tmp/kernel-audit2-v3r63b5w/\346\261\202\350\247\243\345\231\250>, "/usr/lib/locale/C.utf8/LC_COLLATE", O_RDONLY|O_CLOEXEC) = 3</usr/lib/locale/C.utf8/LC_COLLATE>
1426341 openat(AT_FDCWD</tmp/kernel-audit2-v3r63b5w/\346\261\202\350\247\243\345\231\250>, "/usr/lib/locale/C.UTF-8/LC_TIME", O_RDONLY|O_CLOEXEC) = -1 ENOENT (No such file or directory)
1426341 openat(AT_FDCWD</tmp/kernel-audit2-v3r63b5w/\346\261\202\350\247\243\345\231\250>, "/usr/lib/locale/C.utf8/LC_TIME", O_RDONLY|O_CLOEXEC) = 3</usr/lib/locale/C.utf8/LC_TIME>
1426341 openat(AT_FDCWD</tmp/kernel-audit2-v3r63b5w/\346\261\202\350\247\243\345\231\250>, "/usr/lib/locale/C.UTF-8/LC_NUMERIC", O_RDONLY|O_CLOEXEC) = -1 ENOENT (No such file or directory)
1426341 openat(AT_FDCWD</tmp/kernel-audit2-v3r63b5w/\346\261\202\350\247\243\345\231\250>, "/usr/lib/locale/C.utf8/LC_NUMERIC", O_RDONLY|O_CLOEXEC) = 3</usr/lib/locale/C.utf8/LC_NUMERIC>
1426341 openat(AT_FDCWD</tmp/kernel-audit2-v3r63b5w/\346\261\202\350\247\243\345\231\250>, "/usr/lib/locale/C.UTF-8/LC_CTYPE", O_RDONLY|O_CLOEXEC) = -1 ENOENT (No such file or directory)
1426341 openat(AT_FDCWD</tmp/kernel-audit2-v3r63b5w/\346\261\202\350\247\243\345\231\250>, "/usr/lib/locale/C.utf8/LC_CTYPE", O_RDONLY|O_CLOEXEC) = 3</usr/lib/locale/C.utf8/LC_CTYPE>
1426341 openat(AT_FDCWD</tmp/kernel-audit2-v3r63b5w/\346\261\202\350\247\243\345\231\250>, "/tmp/kernel-audit2-v3r63b5w/\346\261\202\350\247\243\345\231\250/crates/kernel/\345\221\250\346\234\237\351\224\256\350\257\273\345\217\226\345\256\241\350\256\241.md", O_RDONLY) = 3</tmp/kernel-audit2-v3r63b5w/\346\261\202\350\247\243\345\231\250/crates/kernel/\345\221\250\346\234\237\351\224\256\350\257\273\345\217\226\345\256\241\350\256\241.md>
1426283 --- SIGCHLD {si_signo=SIGCHLD, si_code=CLD_EXITED, si_pid=1426341, si_uid=1000, si_status=0, si_utime=0, si_stime=0} ---
1426283 openat(AT_FDCWD</tmp/kernel-audit2-v3r63b5w/\346\261\202\350\247\243\345\231\250>, "/dev/null", O_RDONLY|O_CLOEXEC) = 3</dev/null<char 1:3>>
1426342 execve("/home/zhuran24/.codex/tmp/arg0/codex-arg0DuAZRy/sha256sum", ["sha256sum", "--", "/tmp/kernel-audit2-v3r63b5w/\346\261\202\350\247\243\345\231\250/crates/kernel/src/value.rs"], 0x7ffdc1bb9fc8 /* 135 vars */) = -1 ENOENT (No such file or directory)
1426342 execve("/home/zhuran24/.cargo/bin/sha256sum", ["sha256sum", "--", "/tmp/kernel-audit2-v3r63b5w/\346\261\202\350\247\243\345\231\250/crates/kernel/src/value.rs"], 0x7ffdc1bb9fc8 /* 135 vars */) = -1 ENOENT (No such file or directory)
1426342 execve("/home/zhuran24/.local/bin/sha256sum", ["sha256sum", "--", "/tmp/kernel-audit2-v3r63b5w/\346\261\202\350\247\243\345\231\250/crates/kernel/src/value.rs"], 0x7ffdc1bb9fc8 /* 135 vars */) = -1 ENOENT (No such file or directory)
1426342 execve("/home/zhuran24/.opencode/bin/sha256sum", ["sha256sum", "--", "/tmp/kernel-audit2-v3r63b5w/\346\261\202\350\247\243\345\231\250/crates/kernel/src/value.rs"], 0x7ffdc1bb9fc8 /* 135 vars */) = -1 ENOENT (No such file or directory)
1426342 execve("/usr/local/bin/sha256sum", ["sha256sum", "--", "/tmp/kernel-audit2-v3r63b5w/\346\261\202\350\247\243\345\231\250/crates/kernel/src/value.rs"], 0x7ffdc1bb9fc8 /* 135 vars */) = -1 ENOENT (No such file or directory)
1426342 execve("/usr/bin/sha256sum", ["sha256sum", "--", "/tmp/kernel-audit2-v3r63b5w/\346\261\202\350\247\243\345\231\250/crates/kernel/src/value.rs"], 0x7ffdc1bb9fc8 /* 135 vars */) = 0
1426342 openat(AT_FDCWD</tmp/kernel-audit2-v3r63b5w/\346\261\202\350\247\243\345\231\250>, "/etc/ld.so.cache", O_RDONLY|O_CLOEXEC) = 3</etc/ld.so.cache>
1426342 openat(AT_FDCWD</tmp/kernel-audit2-v3r63b5w/\346\261\202\350\247\243\345\231\250>, "/usr/lib/libcrypto.so.3", O_RDONLY|O_CLOEXEC) = 3</usr/lib/libcrypto.so.3>
1426342 openat(AT_FDCWD</tmp/kernel-audit2-v3r63b5w/\346\261\202\350\247\243\345\231\250>, "/usr/lib/libc.so.6", O_RDONLY|O_CLOEXEC) = 3</usr/lib/libc.so.6>
1426342 openat(AT_FDCWD</tmp/kernel-audit2-v3r63b5w/\346\261\202\350\247\243\345\231\250>, "/usr/lib/libz.so.1", O_RDONLY|O_CLOEXEC) = 3</usr/lib/libz.so.1.3.1.zlib-ng>
1426342 openat(AT_FDCWD</tmp/kernel-audit2-v3r63b5w/\346\261\202\350\247\243\345\231\250>, "/usr/lib/libbrotlienc.so.1", O_RDONLY|O_CLOEXEC) = 3</usr/lib/libbrotlienc.so.1.2.0>
1426342 openat(AT_FDCWD</tmp/kernel-audit2-v3r63b5w/\346\261\202\350\247\243\345\231\250>, "/usr/lib/libbrotlidec.so.1", O_RDONLY|O_CLOEXEC) = 3</usr/lib/libbrotlidec.so.1.2.0>
1426342 openat(AT_FDCWD</tmp/kernel-audit2-v3r63b5w/\346\261\202\350\247\243\345\231\250>, "/usr/lib/libzstd.so.1", O_RDONLY|O_CLOEXEC) = 3</usr/lib/libzstd.so.1.5.7>
1426342 openat(AT_FDCWD</tmp/kernel-audit2-v3r63b5w/\346\261\202\350\247\243\345\231\250>, "/usr/lib/libm.so.6", O_RDONLY|O_CLOEXEC) = 3</usr/lib/libm.so.6>
1426342 openat(AT_FDCWD</tmp/kernel-audit2-v3r63b5w/\346\261\202\350\247\243\345\231\250>, "/usr/lib/libbrotlicommon.so.1", O_RDONLY|O_CLOEXEC) = 3</usr/lib/libbrotlicommon.so.1.2.0>
1426342 openat(AT_FDCWD</tmp/kernel-audit2-v3r63b5w/\346\261\202\350\247\243\345\231\250>, "/usr/lib/locale/locale-archive", O_RDONLY|O_CLOEXEC) = 3</usr/lib/locale/locale-archive>
1426342 openat(AT_FDCWD</tmp/kernel-audit2-v3r63b5w/\346\261\202\350\247\243\345\231\250>, "/usr/share/locale/locale.alias", O_RDONLY|O_CLOEXEC) = 3</usr/share/locale/locale.alias>
1426342 openat(AT_FDCWD</tmp/kernel-audit2-v3r63b5w/\346\261\202\350\247\243\345\231\250>, "/usr/lib/locale/C.UTF-8/LC_IDENTIFICATION", O_RDONLY|O_CLOEXEC) = -1 ENOENT (No such file or directory)
1426342 openat(AT_FDCWD</tmp/kernel-audit2-v3r63b5w/\346\261\202\350\247\243\345\231\250>, "/usr/lib/locale/C.utf8/LC_IDENTIFICATION", O_RDONLY|O_CLOEXEC) = 3</usr/lib/locale/C.utf8/LC_IDENTIFICATION>
1426342 openat(AT_FDCWD</tmp/kernel-audit2-v3r63b5w/\346\261\202\350\247\243\345\231\250>, "/usr/lib/gconv/gconv-modules.cache", O_RDONLY|O_CLOEXEC) = 3</usr/lib/gconv/gconv-modules.cache>
1426342 openat(AT_FDCWD</tmp/kernel-audit2-v3r63b5w/\346\261\202\350\247\243\345\231\250>, "/usr/lib/locale/C.UTF-8/LC_MEASUREMENT", O_RDONLY|O_CLOEXEC) = -1 ENOENT (No such file or directory)
1426342 openat(AT_FDCWD</tmp/kernel-audit2-v3r63b5w/\346\261\202\350\247\243\345\231\250>, "/usr/lib/locale/C.utf8/LC_MEASUREMENT", O_RDONLY|O_CLOEXEC) = 3</usr/lib/locale/C.utf8/LC_MEASUREMENT>
1426342 openat(AT_FDCWD</tmp/kernel-audit2-v3r63b5w/\346\261\202\350\247\243\345\231\250>, "/usr/lib/locale/C.UTF-8/LC_TELEPHONE", O_RDONLY|O_CLOEXEC) = -1 ENOENT (No such file or directory)
1426342 openat(AT_FDCWD</tmp/kernel-audit2-v3r63b5w/\346\261\202\350\247\243\345\231\250>, "/usr/lib/locale/C.utf8/LC_TELEPHONE", O_RDONLY|O_CLOEXEC) = 3</usr/lib/locale/C.utf8/LC_TELEPHONE>
1426342 openat(AT_FDCWD</tmp/kernel-audit2-v3r63b5w/\346\261\202\350\247\243\345\231\250>, "/usr/lib/locale/C.UTF-8/LC_ADDRESS", O_RDONLY|O_CLOEXEC) = -1 ENOENT (No such file or directory)
1426342 openat(AT_FDCWD</tmp/kernel-audit2-v3r63b5w/\346\261\202\350\247\243\345\231\250>, "/usr/lib/locale/C.utf8/LC_ADDRESS", O_RDONLY|O_CLOEXEC) = 3</usr/lib/locale/C.utf8/LC_ADDRESS>
1426342 openat(AT_FDCWD</tmp/kernel-audit2-v3r63b5w/\346\261\202\350\247\243\345\231\250>, "/usr/lib/locale/C.UTF-8/LC_NAME", O_RDONLY|O_CLOEXEC) = -1 ENOENT (No such file or directory)
1426342 openat(AT_FDCWD</tmp/kernel-audit2-v3r63b5w/\346\261\202\350\247\243\345\231\250>, "/usr/lib/locale/C.utf8/LC_NAME", O_RDONLY|O_CLOEXEC) = 3</usr/lib/locale/C.utf8/LC_NAME>
1426342 openat(AT_FDCWD</tmp/kernel-audit2-v3r63b5w/\346\261\202\350\247\243\345\231\250>, "/usr/lib/locale/C.UTF-8/LC_PAPER", O_RDONLY|O_CLOEXEC) = -1 ENOENT (No such file or directory)
1426342 openat(AT_FDCWD</tmp/kernel-audit2-v3r63b5w/\346\261\202\350\247\243\345\231\250>, "/usr/lib/locale/C.utf8/LC_PAPER", O_RDONLY|O_CLOEXEC) = 3</usr/lib/locale/C.utf8/LC_PAPER>
1426342 openat(AT_FDCWD</tmp/kernel-audit2-v3r63b5w/\346\261\202\350\247\243\345\231\250>, "/usr/lib/locale/C.UTF-8/LC_MESSAGES", O_RDONLY|O_CLOEXEC) = -1 ENOENT (No such file or directory)
1426342 openat(AT_FDCWD</tmp/kernel-audit2-v3r63b5w/\346\261\202\350\247\243\345\231\250>, "/usr/lib/locale/C.utf8/LC_MESSAGES", O_RDONLY|O_CLOEXEC) = 3</usr/lib/locale/C.utf8/LC_MESSAGES>
1426342 openat(AT_FDCWD</tmp/kernel-audit2-v3r63b5w/\346\261\202\350\247\243\345\231\250>, "/usr/lib/locale/C.utf8/LC_MESSAGES/SYS_LC_MESSAGES", O_RDONLY|O_CLOEXEC) = 3</usr/lib/locale/C.utf8/LC_MESSAGES/SYS_LC_MESSAGES>
1426342 openat(AT_FDCWD</tmp/kernel-audit2-v3r63b5w/\346\261\202\350\247\243\345\231\250>, "/usr/lib/locale/C.UTF-8/LC_MONETARY", O_RDONLY|O_CLOEXEC) = -1 ENOENT (No such file or directory)
1426342 openat(AT_FDCWD</tmp/kernel-audit2-v3r63b5w/\346\261\202\350\247\243\345\231\250>, "/usr/lib/locale/C.utf8/LC_MONETARY", O_RDONLY|O_CLOEXEC) = 3</usr/lib/locale/C.utf8/LC_MONETARY>
1426342 openat(AT_FDCWD</tmp/kernel-audit2-v3r63b5w/\346\261\202\350\247\243\345\231\250>, "/usr/lib/locale/C.UTF-8/LC_COLLATE", O_RDONLY|O_CLOEXEC) = -1 ENOENT (No such file or directory)
1426342 openat(AT_FDCWD</tmp/kernel-audit2-v3r63b5w/\346\261\202\350\247\243\345\231\250>, "/usr/lib/locale/C.utf8/LC_COLLATE", O_RDONLY|O_CLOEXEC) = 3</usr/lib/locale/C.utf8/LC_COLLATE>
1426342 openat(AT_FDCWD</tmp/kernel-audit2-v3r63b5w/\346\261\202\350\247\243\345\231\250>, "/usr/lib/locale/C.UTF-8/LC_TIME", O_RDONLY|O_CLOEXEC) = -1 ENOENT (No such file or directory)
1426342 openat(AT_FDCWD</tmp/kernel-audit2-v3r63b5w/\346\261\202\350\247\243\345\231\250>, "/usr/lib/locale/C.utf8/LC_TIME", O_RDONLY|O_CLOEXEC) = 3</usr/lib/locale/C.utf8/LC_TIME>
1426342 openat(AT_FDCWD</tmp/kernel-audit2-v3r63b5w/\346\261\202\350\247\243\345\231\250>, "/usr/lib/locale/C.UTF-8/LC_NUMERIC", O_RDONLY|O_CLOEXEC) = -1 ENOENT (No such file or directory)
1426342 openat(AT_FDCWD</tmp/kernel-audit2-v3r63b5w/\346\261\202\350\247\243\345\231\250>, "/usr/lib/locale/C.utf8/LC_NUMERIC", O_RDONLY|O_CLOEXEC) = 3</usr/lib/locale/C.utf8/LC_NUMERIC>
1426342 openat(AT_FDCWD</tmp/kernel-audit2-v3r63b5w/\346\261\202\350\247\243\345\231\250>, "/usr/lib/locale/C.UTF-8/LC_CTYPE", O_RDONLY|O_CLOEXEC) = -1 ENOENT (No such file or directory)
1426342 openat(AT_FDCWD</tmp/kernel-audit2-v3r63b5w/\346\261\202\350\247\243\345\231\250>, "/usr/lib/locale/C.utf8/LC_CTYPE", O_RDONLY|O_CLOEXEC) = 3</usr/lib/locale/C.utf8/LC_CTYPE>
1426342 openat(AT_FDCWD</tmp/kernel-audit2-v3r63b5w/\346\261\202\350\247\243\345\231\250>, "/tmp/kernel-audit2-v3r63b5w/\346\261\202\350\247\243\345\231\250/crates/kernel/src/value.rs", O_RDONLY) = 3</tmp/kernel-audit2-v3r63b5w/\346\261\202\350\247\243\345\231\250/crates/kernel/src/value.rs>
1426283 --- SIGCHLD {si_signo=SIGCHLD, si_code=CLD_EXITED, si_pid=1426342, si_uid=1000, si_status=0, si_utime=0, si_stime=0} ---
1426283 openat(AT_FDCWD</tmp/kernel-audit2-v3r63b5w/\346\261\202\350\247\243\345\231\250>, "/dev/null", O_RDONLY|O_CLOEXEC) = 3</dev/null<char 1:3>>
1426343 execve("/home/zhuran24/.codex/tmp/arg0/codex-arg0DuAZRy/sha256sum", ["sha256sum", "--", "/tmp/kernel-audit2-v3r63b5w/\346\261\202\350\247\243\345\231\250/crates/kernel/src/config.rs"], 0x7ffdc1bb9fc8 /* 135 vars */) = -1 ENOENT (No such file or directory)
1426343 execve("/home/zhuran24/.cargo/bin/sha256sum", ["sha256sum", "--", "/tmp/kernel-audit2-v3r63b5w/\346\261\202\350\247\243\345\231\250/crates/kernel/src/config.rs"], 0x7ffdc1bb9fc8 /* 135 vars */) = -1 ENOENT (No such file or directory)
1426343 execve("/home/zhuran24/.local/bin/sha256sum", ["sha256sum", "--", "/tmp/kernel-audit2-v3r63b5w/\346\261\202\350\247\243\345\231\250/crates/kernel/src/config.rs"], 0x7ffdc1bb9fc8 /* 135 vars */) = -1 ENOENT (No such file or directory)
1426343 execve("/home/zhuran24/.opencode/bin/sha256sum", ["sha256sum", "--", "/tmp/kernel-audit2-v3r63b5w/\346\261\202\350\247\243\345\231\250/crates/kernel/src/config.rs"], 0x7ffdc1bb9fc8 /* 135 vars */) = -1 ENOENT (No such file or directory)
1426343 execve("/usr/local/bin/sha256sum", ["sha256sum", "--", "/tmp/kernel-audit2-v3r63b5w/\346\261\202\350\247\243\345\231\250/crates/kernel/src/config.rs"], 0x7ffdc1bb9fc8 /* 135 vars */) = -1 ENOENT (No such file or directory)
1426343 execve("/usr/bin/sha256sum", ["sha256sum", "--", "/tmp/kernel-audit2-v3r63b5w/\346\261\202\350\247\243\345\231\250/crates/kernel/src/config.rs"], 0x7ffdc1bb9fc8 /* 135 vars */) = 0
1426343 openat(AT_FDCWD</tmp/kernel-audit2-v3r63b5w/\346\261\202\350\247\243\345\231\250>, "/etc/ld.so.cache", O_RDONLY|O_CLOEXEC) = 3</etc/ld.so.cache>
1426343 openat(AT_FDCWD</tmp/kernel-audit2-v3r63b5w/\346\261\202\350\247\243\345\231\250>, "/usr/lib/libcrypto.so.3", O_RDONLY|O_CLOEXEC) = 3</usr/lib/libcrypto.so.3>
1426343 openat(AT_FDCWD</tmp/kernel-audit2-v3r63b5w/\346\261\202\350\247\243\345\231\250>, "/usr/lib/libc.so.6", O_RDONLY|O_CLOEXEC) = 3</usr/lib/libc.so.6>
1426343 openat(AT_FDCWD</tmp/kernel-audit2-v3r63b5w/\346\261\202\350\247\243\345\231\250>, "/usr/lib/libz.so.1", O_RDONLY|O_CLOEXEC) = 3</usr/lib/libz.so.1.3.1.zlib-ng>
1426343 openat(AT_FDCWD</tmp/kernel-audit2-v3r63b5w/\346\261\202\350\247\243\345\231\250>, "/usr/lib/libbrotlienc.so.1", O_RDONLY|O_CLOEXEC) = 3</usr/lib/libbrotlienc.so.1.2.0>
1426343 openat(AT_FDCWD</tmp/kernel-audit2-v3r63b5w/\346\261\202\350\247\243\345\231\250>, "/usr/lib/libbrotlidec.so.1", O_RDONLY|O_CLOEXEC) = 3</usr/lib/libbrotlidec.so.1.2.0>
1426343 openat(AT_FDCWD</tmp/kernel-audit2-v3r63b5w/\346\261\202\350\247\243\345\231\250>, "/usr/lib/libzstd.so.1", O_RDONLY|O_CLOEXEC) = 3</usr/lib/libzstd.so.1.5.7>
1426343 openat(AT_FDCWD</tmp/kernel-audit2-v3r63b5w/\346\261\202\350\247\243\345\231\250>, "/usr/lib/libm.so.6", O_RDONLY|O_CLOEXEC) = 3</usr/lib/libm.so.6>
1426343 openat(AT_FDCWD</tmp/kernel-audit2-v3r63b5w/\346\261\202\350\247\243\345\231\250>, "/usr/lib/libbrotlicommon.so.1", O_RDONLY|O_CLOEXEC) = 3</usr/lib/libbrotlicommon.so.1.2.0>
1426343 openat(AT_FDCWD</tmp/kernel-audit2-v3r63b5w/\346\261\202\350\247\243\345\231\250>, "/usr/lib/locale/locale-archive", O_RDONLY|O_CLOEXEC) = 3</usr/lib/locale/locale-archive>
1426343 openat(AT_FDCWD</tmp/kernel-audit2-v3r63b5w/\346\261\202\350\247\243\345\231\250>, "/usr/share/locale/locale.alias", O_RDONLY|O_CLOEXEC) = 3</usr/share/locale/locale.alias>
1426343 openat(AT_FDCWD</tmp/kernel-audit2-v3r63b5w/\346\261\202\350\247\243\345\231\250>, "/usr/lib/locale/C.UTF-8/LC_IDENTIFICATION", O_RDONLY|O_CLOEXEC) = -1 ENOENT (No such file or directory)
1426343 openat(AT_FDCWD</tmp/kernel-audit2-v3r63b5w/\346\261\202\350\247\243\345\231\250>, "/usr/lib/locale/C.utf8/LC_IDENTIFICATION", O_RDONLY|O_CLOEXEC) = 3</usr/lib/locale/C.utf8/LC_IDENTIFICATION>
1426343 openat(AT_FDCWD</tmp/kernel-audit2-v3r63b5w/\346\261\202\350\247\243\345\231\250>, "/usr/lib/gconv/gconv-modules.cache", O_RDONLY|O_CLOEXEC) = 3</usr/lib/gconv/gconv-modules.cache>
1426343 openat(AT_FDCWD</tmp/kernel-audit2-v3r63b5w/\346\261\202\350\247\243\345\231\250>, "/usr/lib/locale/C.UTF-8/LC_MEASUREMENT", O_RDONLY|O_CLOEXEC) = -1 ENOENT (No such file or directory)
1426343 openat(AT_FDCWD</tmp/kernel-audit2-v3r63b5w/\346\261\202\350\247\243\345\231\250>, "/usr/lib/locale/C.utf8/LC_MEASUREMENT", O_RDONLY|O_CLOEXEC) = 3</usr/lib/locale/C.utf8/LC_MEASUREMENT>
1426343 openat(AT_FDCWD</tmp/kernel-audit2-v3r63b5w/\346\261\202\350\247\243\345\231\250>, "/usr/lib/locale/C.UTF-8/LC_TELEPHONE", O_RDONLY|O_CLOEXEC) = -1 ENOENT (No such file or directory)
1426343 openat(AT_FDCWD</tmp/kernel-audit2-v3r63b5w/\346\261\202\350\247\243\345\231\250>, "/usr/lib/locale/C.utf8/LC_TELEPHONE", O_RDONLY|O_CLOEXEC) = 3</usr/lib/locale/C.utf8/LC_TELEPHONE>
1426343 openat(AT_FDCWD</tmp/kernel-audit2-v3r63b5w/\346\261\202\350\247\243\345\231\250>, "/usr/lib/locale/C.UTF-8/LC_ADDRESS", O_RDONLY|O_CLOEXEC) = -1 ENOENT (No such file or directory)
1426343 openat(AT_FDCWD</tmp/kernel-audit2-v3r63b5w/\346\261\202\350\247\243\345\231\250>, "/usr/lib/locale/C.utf8/LC_ADDRESS", O_RDONLY|O_CLOEXEC) = 3</usr/lib/locale/C.utf8/LC_ADDRESS>
1426343 openat(AT_FDCWD</tmp/kernel-audit2-v3r63b5w/\346\261\202\350\247\243\345\231\250>, "/usr/lib/locale/C.UTF-8/LC_NAME", O_RDONLY|O_CLOEXEC) = -1 ENOENT (No such file or directory)
1426343 openat(AT_FDCWD</tmp/kernel-audit2-v3r63b5w/\346\261\202\350\247\243\345\231\250>, "/usr/lib/locale/C.utf8/LC_NAME", O_RDONLY|O_CLOEXEC) = 3</usr/lib/locale/C.utf8/LC_NAME>
1426343 openat(AT_FDCWD</tmp/kernel-audit2-v3r63b5w/\346\261\202\350\247\243\345\231\250>, "/usr/lib/locale/C.UTF-8/LC_PAPER", O_RDONLY|O_CLOEXEC) = -1 ENOENT (No such file or directory)
1426343 openat(AT_FDCWD</tmp/kernel-audit2-v3r63b5w/\346\261\202\350\247\243\345\231\250>, "/usr/lib/locale/C.utf8/LC_PAPER", O_RDONLY|O_CLOEXEC) = 3</usr/lib/locale/C.utf8/LC_PAPER>
1426343 openat(AT_FDCWD</tmp/kernel-audit2-v3r63b5w/\346\261\202\350\247\243\345\231\250>, "/usr/lib/locale/C.UTF-8/LC_MESSAGES", O_RDONLY|O_CLOEXEC) = -1 ENOENT (No such file or directory)
1426343 openat(AT_FDCWD</tmp/kernel-audit2-v3r63b5w/\346\261\202\350\247\243\345\231\250>, "/usr/lib/locale/C.utf8/LC_MESSAGES", O_RDONLY|O_CLOEXEC) = 3</usr/lib/locale/C.utf8/LC_MESSAGES>
1426343 openat(AT_FDCWD</tmp/kernel-audit2-v3r63b5w/\346\261\202\350\247\243\345\231\250>, "/usr/lib/locale/C.utf8/LC_MESSAGES/SYS_LC_MESSAGES", O_RDONLY|O_CLOEXEC) = 3</usr/lib/locale/C.utf8/LC_MESSAGES/SYS_LC_MESSAGES>
1426343 openat(AT_FDCWD</tmp/kernel-audit2-v3r63b5w/\346\261\202\350\247\243\345\231\250>, "/usr/lib/locale/C.UTF-8/LC_MONETARY", O_RDONLY|O_CLOEXEC) = -1 ENOENT (No such file or directory)
1426343 openat(AT_FDCWD</tmp/kernel-audit2-v3r63b5w/\346\261\202\350\247\243\345\231\250>, "/usr/lib/locale/C.utf8/LC_MONETARY", O_RDONLY|O_CLOEXEC) = 3</usr/lib/locale/C.utf8/LC_MONETARY>
1426343 openat(AT_FDCWD</tmp/kernel-audit2-v3r63b5w/\346\261\202\350\247\243\345\231\250>, "/usr/lib/locale/C.UTF-8/LC_COLLATE", O_RDONLY|O_CLOEXEC) = -1 ENOENT (No such file or directory)
1426343 openat(AT_FDCWD</tmp/kernel-audit2-v3r63b5w/\346\261\202\350\247\243\345\231\250>, "/usr/lib/locale/C.utf8/LC_COLLATE", O_RDONLY|O_CLOEXEC) = 3</usr/lib/locale/C.utf8/LC_COLLATE>
1426343 openat(AT_FDCWD</tmp/kernel-audit2-v3r63b5w/\346\261\202\350\247\243\345\231\250>, "/usr/lib/locale/C.UTF-8/LC_TIME", O_RDONLY|O_CLOEXEC) = -1 ENOENT (No such file or directory)
1426343 openat(AT_FDCWD</tmp/kernel-audit2-v3r63b5w/\346\261\202\350\247\243\345\231\250>, "/usr/lib/locale/C.utf8/LC_TIME", O_RDONLY|O_CLOEXEC) = 3</usr/lib/locale/C.utf8/LC_TIME>
1426343 openat(AT_FDCWD</tmp/kernel-audit2-v3r63b5w/\346\261\202\350\247\243\345\231\250>, "/usr/lib/locale/C.UTF-8/LC_NUMERIC", O_RDONLY|O_CLOEXEC) = -1 ENOENT (No such file or directory)
1426343 openat(AT_FDCWD</tmp/kernel-audit2-v3r63b5w/\346\261\202\350\247\243\345\231\250>, "/usr/lib/locale/C.utf8/LC_NUMERIC", O_RDONLY|O_CLOEXEC) = 3</usr/lib/locale/C.utf8/LC_NUMERIC>
1426343 openat(AT_FDCWD</tmp/kernel-audit2-v3r63b5w/\346\261\202\350\247\243\345\231\250>, "/usr/lib/locale/C.UTF-8/LC_CTYPE", O_RDONLY|O_CLOEXEC) = -1 ENOENT (No such file or directory)
1426343 openat(AT_FDCWD</tmp/kernel-audit2-v3r63b5w/\346\261\202\350\247\243\345\231\250>, "/usr/lib/locale/C.utf8/LC_CTYPE", O_RDONLY|O_CLOEXEC) = 3</usr/lib/locale/C.utf8/LC_CTYPE>
1426343 openat(AT_FDCWD</tmp/kernel-audit2-v3r63b5w/\346\261\202\350\247\243\345\231\250>, "/tmp/kernel-audit2-v3r63b5w/\346\261\202\350\247\243\345\231\250/crates/kernel/src/config.rs", O_RDONLY) = 3</tmp/kernel-audit2-v3r63b5w/\346\261\202\350\247\243\345\231\250/crates/kernel/src/config.rs>
1426283 --- SIGCHLD {si_signo=SIGCHLD, si_code=CLD_EXITED, si_pid=1426343, si_uid=1000, si_status=0, si_utime=0, si_stime=0} ---
1426283 openat(AT_FDCWD</tmp/kernel-audit2-v3r63b5w/\346\261\202\350\247\243\345\231\250>, "/dev/null", O_RDONLY|O_CLOEXEC) = 3</dev/null<char 1:3>>
1426344 execve("/home/zhuran24/.codex/tmp/arg0/codex-arg0DuAZRy/sha256sum", ["sha256sum", "--", "/tmp/kernel-audit2-v3r63b5w/\346\261\202\350\247\243\345\231\250/crates/kernel/src/model.rs"], 0x7ffdc1bb9fc8 /* 135 vars */) = -1 ENOENT (No such file or directory)
1426344 execve("/home/zhuran24/.cargo/bin/sha256sum", ["sha256sum", "--", "/tmp/kernel-audit2-v3r63b5w/\346\261\202\350\247\243\345\231\250/crates/kernel/src/model.rs"], 0x7ffdc1bb9fc8 /* 135 vars */) = -1 ENOENT (No such file or directory)
1426344 execve("/home/zhuran24/.local/bin/sha256sum", ["sha256sum", "--", "/tmp/kernel-audit2-v3r63b5w/\346\261\202\350\247\243\345\231\250/crates/kernel/src/model.rs"], 0x7ffdc1bb9fc8 /* 135 vars */) = -1 ENOENT (No such file or directory)
1426344 execve("/home/zhuran24/.opencode/bin/sha256sum", ["sha256sum", "--", "/tmp/kernel-audit2-v3r63b5w/\346\261\202\350\247\243\345\231\250/crates/kernel/src/model.rs"], 0x7ffdc1bb9fc8 /* 135 vars */) = -1 ENOENT (No such file or directory)
1426344 execve("/usr/local/bin/sha256sum", ["sha256sum", "--", "/tmp/kernel-audit2-v3r63b5w/\346\261\202\350\247\243\345\231\250/crates/kernel/src/model.rs"], 0x7ffdc1bb9fc8 /* 135 vars */) = -1 ENOENT (No such file or directory)
1426344 execve("/usr/bin/sha256sum", ["sha256sum", "--", "/tmp/kernel-audit2-v3r63b5w/\346\261\202\350\247\243\345\231\250/crates/kernel/src/model.rs"], 0x7ffdc1bb9fc8 /* 135 vars */) = 0
1426344 openat(AT_FDCWD</tmp/kernel-audit2-v3r63b5w/\346\261\202\350\247\243\345\231\250>, "/etc/ld.so.cache", O_RDONLY|O_CLOEXEC) = 3</etc/ld.so.cache>
1426344 openat(AT_FDCWD</tmp/kernel-audit2-v3r63b5w/\346\261\202\350\247\243\345\231\250>, "/usr/lib/libcrypto.so.3", O_RDONLY|O_CLOEXEC) = 3</usr/lib/libcrypto.so.3>
1426344 openat(AT_FDCWD</tmp/kernel-audit2-v3r63b5w/\346\261\202\350\247\243\345\231\250>, "/usr/lib/libc.so.6", O_RDONLY|O_CLOEXEC) = 3</usr/lib/libc.so.6>
1426344 openat(AT_FDCWD</tmp/kernel-audit2-v3r63b5w/\346\261\202\350\247\243\345\231\250>, "/usr/lib/libz.so.1", O_RDONLY|O_CLOEXEC) = 3</usr/lib/libz.so.1.3.1.zlib-ng>
1426344 openat(AT_FDCWD</tmp/kernel-audit2-v3r63b5w/\346\261\202\350\247\243\345\231\250>, "/usr/lib/libbrotlienc.so.1", O_RDONLY|O_CLOEXEC) = 3</usr/lib/libbrotlienc.so.1.2.0>
1426344 openat(AT_FDCWD</tmp/kernel-audit2-v3r63b5w/\346\261\202\350\247\243\345\231\250>, "/usr/lib/libbrotlidec.so.1", O_RDONLY|O_CLOEXEC) = 3</usr/lib/libbrotlidec.so.1.2.0>
1426344 openat(AT_FDCWD</tmp/kernel-audit2-v3r63b5w/\346\261\202\350\247\243\345\231\250>, "/usr/lib/libzstd.so.1", O_RDONLY|O_CLOEXEC) = 3</usr/lib/libzstd.so.1.5.7>
1426344 openat(AT_FDCWD</tmp/kernel-audit2-v3r63b5w/\346\261\202\350\247\243\345\231\250>, "/usr/lib/libm.so.6", O_RDONLY|O_CLOEXEC) = 3</usr/lib/libm.so.6>
1426344 openat(AT_FDCWD</tmp/kernel-audit2-v3r63b5w/\346\261\202\350\247\243\345\231\250>, "/usr/lib/libbrotlicommon.so.1", O_RDONLY|O_CLOEXEC) = 3</usr/lib/libbrotlicommon.so.1.2.0>
1426344 openat(AT_FDCWD</tmp/kernel-audit2-v3r63b5w/\346\261\202\350\247\243\345\231\250>, "/usr/lib/locale/locale-archive", O_RDONLY|O_CLOEXEC) = 3</usr/lib/locale/locale-archive>
1426344 openat(AT_FDCWD</tmp/kernel-audit2-v3r63b5w/\346\261\202\350\247\243\345\231\250>, "/usr/share/locale/locale.alias", O_RDONLY|O_CLOEXEC) = 3</usr/share/locale/locale.alias>
1426344 openat(AT_FDCWD</tmp/kernel-audit2-v3r63b5w/\346\261\202\350\247\243\345\231\250>, "/usr/lib/locale/C.UTF-8/LC_IDENTIFICATION", O_RDONLY|O_CLOEXEC) = -1 ENOENT (No such file or directory)
1426344 openat(AT_FDCWD</tmp/kernel-audit2-v3r63b5w/\346\261\202\350\247\243\345\231\250>, "/usr/lib/locale/C.utf8/LC_IDENTIFICATION", O_RDONLY|O_CLOEXEC) = 3</usr/lib/locale/C.utf8/LC_IDENTIFICATION>
1426344 openat(AT_FDCWD</tmp/kernel-audit2-v3r63b5w/\346\261\202\350\247\243\345\231\250>, "/usr/lib/gconv/gconv-modules.cache", O_RDONLY|O_CLOEXEC) = 3</usr/lib/gconv/gconv-modules.cache>
1426344 openat(AT_FDCWD</tmp/kernel-audit2-v3r63b5w/\346\261\202\350\247\243\345\231\250>, "/usr/lib/locale/C.UTF-8/LC_MEASUREMENT", O_RDONLY|O_CLOEXEC) = -1 ENOENT (No such file or directory)
1426344 openat(AT_FDCWD</tmp/kernel-audit2-v3r63b5w/\346\261\202\350\247\243\345\231\250>, "/usr/lib/locale/C.utf8/LC_MEASUREMENT", O_RDONLY|O_CLOEXEC) = 3</usr/lib/locale/C.utf8/LC_MEASUREMENT>
1426344 openat(AT_FDCWD</tmp/kernel-audit2-v3r63b5w/\346\261\202\350\247\243\345\231\250>, "/usr/lib/locale/C.UTF-8/LC_TELEPHONE", O_RDONLY|O_CLOEXEC) = -1 ENOENT (No such file or directory)
1426344 openat(AT_FDCWD</tmp/kernel-audit2-v3r63b5w/\346\261\202\350\247\243\345\231\250>, "/usr/lib/locale/C.utf8/LC_TELEPHONE", O_RDONLY|O_CLOEXEC) = 3</usr/lib/locale/C.utf8/LC_TELEPHONE>
1426344 openat(AT_FDCWD</tmp/kernel-audit2-v3r63b5w/\346\261\202\350\247\243\345\231\250>, "/usr/lib/locale/C.UTF-8/LC_ADDRESS", O_RDONLY|O_CLOEXEC) = -1 ENOENT (No such file or directory)
1426344 openat(AT_FDCWD</tmp/kernel-audit2-v3r63b5w/\346\261\202\350\247\243\345\231\250>, "/usr/lib/locale/C.utf8/LC_ADDRESS", O_RDONLY|O_CLOEXEC) = 3</usr/lib/locale/C.utf8/LC_ADDRESS>
1426344 openat(AT_FDCWD</tmp/kernel-audit2-v3r63b5w/\346\261\202\350\247\243\345\231\250>, "/usr/lib/locale/C.UTF-8/LC_NAME", O_RDONLY|O_CLOEXEC) = -1 ENOENT (No such file or directory)
1426344 openat(AT_FDCWD</tmp/kernel-audit2-v3r63b5w/\346\261\202\350\247\243\345\231\250>, "/usr/lib/locale/C.utf8/LC_NAME", O_RDONLY|O_CLOEXEC) = 3</usr/lib/locale/C.utf8/LC_NAME>
1426344 openat(AT_FDCWD</tmp/kernel-audit2-v3r63b5w/\346\261\202\350\247\243\345\231\250>, "/usr/lib/locale/C.UTF-8/LC_PAPER", O_RDONLY|O_CLOEXEC) = -1 ENOENT (No such file or directory)
1426344 openat(AT_FDCWD</tmp/kernel-audit2-v3r63b5w/\346\261\202\350\247\243\345\231\250>, "/usr/lib/locale/C.utf8/LC_PAPER", O_RDONLY|O_CLOEXEC) = 3</usr/lib/locale/C.utf8/LC_PAPER>
1426344 openat(AT_FDCWD</tmp/kernel-audit2-v3r63b5w/\346\261\202\350\247\243\345\231\250>, "/usr/lib/locale/C.UTF-8/LC_MESSAGES", O_RDONLY|O_CLOEXEC) = -1 ENOENT (No such file or directory)
1426344 openat(AT_FDCWD</tmp/kernel-audit2-v3r63b5w/\346\261\202\350\247\243\345\231\250>, "/usr/lib/locale/C.utf8/LC_MESSAGES", O_RDONLY|O_CLOEXEC) = 3</usr/lib/locale/C.utf8/LC_MESSAGES>
1426344 openat(AT_FDCWD</tmp/kernel-audit2-v3r63b5w/\346\261\202\350\247\243\345\231\250>, "/usr/lib/locale/C.utf8/LC_MESSAGES/SYS_LC_MESSAGES", O_RDONLY|O_CLOEXEC) = 3</usr/lib/locale/C.utf8/LC_MESSAGES/SYS_LC_MESSAGES>
1426344 openat(AT_FDCWD</tmp/kernel-audit2-v3r63b5w/\346\261\202\350\247\243\345\231\250>, "/usr/lib/locale/C.UTF-8/LC_MONETARY", O_RDONLY|O_CLOEXEC) = -1 ENOENT (No such file or directory)
1426344 openat(AT_FDCWD</tmp/kernel-audit2-v3r63b5w/\346\261\202\350\247\243\345\231\250>, "/usr/lib/locale/C.utf8/LC_MONETARY", O_RDONLY|O_CLOEXEC) = 3</usr/lib/locale/C.utf8/LC_MONETARY>
1426344 openat(AT_FDCWD</tmp/kernel-audit2-v3r63b5w/\346\261\202\350\247\243\345\231\250>, "/usr/lib/locale/C.UTF-8/LC_COLLATE", O_RDONLY|O_CLOEXEC) = -1 ENOENT (No such file or directory)
1426344 openat(AT_FDCWD</tmp/kernel-audit2-v3r63b5w/\346\261\202\350\247\243\345\231\250>, "/usr/lib/locale/C.utf8/LC_COLLATE", O_RDONLY|O_CLOEXEC) = 3</usr/lib/locale/C.utf8/LC_COLLATE>
1426344 openat(AT_FDCWD</tmp/kernel-audit2-v3r63b5w/\346\261\202\350\247\243\345\231\250>, "/usr/lib/locale/C.UTF-8/LC_TIME", O_RDONLY|O_CLOEXEC) = -1 ENOENT (No such file or directory)
1426344 openat(AT_FDCWD</tmp/kernel-audit2-v3r63b5w/\346\261\202\350\247\243\345\231\250>, "/usr/lib/locale/C.utf8/LC_TIME", O_RDONLY|O_CLOEXEC) = 3</usr/lib/locale/C.utf8/LC_TIME>
1426344 openat(AT_FDCWD</tmp/kernel-audit2-v3r63b5w/\346\261\202\350\247\243\345\231\250>, "/usr/lib/locale/C.UTF-8/LC_NUMERIC", O_RDONLY|O_CLOEXEC) = -1 ENOENT (No such file or directory)
1426344 openat(AT_FDCWD</tmp/kernel-audit2-v3r63b5w/\346\261\202\350\247\243\345\231\250>, "/usr/lib/locale/C.utf8/LC_NUMERIC", O_RDONLY|O_CLOEXEC) = 3</usr/lib/locale/C.utf8/LC_NUMERIC>
1426344 openat(AT_FDCWD</tmp/kernel-audit2-v3r63b5w/\346\261\202\350\247\243\345\231\250>, "/usr/lib/locale/C.UTF-8/LC_CTYPE", O_RDONLY|O_CLOEXEC) = -1 ENOENT (No such file or directory)
1426344 openat(AT_FDCWD</tmp/kernel-audit2-v3r63b5w/\346\261\202\350\247\243\345\231\250>, "/usr/lib/locale/C.utf8/LC_CTYPE", O_RDONLY|O_CLOEXEC) = 3</usr/lib/locale/C.utf8/LC_CTYPE>
1426344 openat(AT_FDCWD</tmp/kernel-audit2-v3r63b5w/\346\261\202\350\247\243\345\231\250>, "/tmp/kernel-audit2-v3r63b5w/\346\261\202\350\247\243\345\231\250/crates/kernel/src/model.rs", O_RDONLY) = 3</tmp/kernel-audit2-v3r63b5w/\346\261\202\350\247\243\345\231\250/crates/kernel/src/model.rs>
1426283 --- SIGCHLD {si_signo=SIGCHLD, si_code=CLD_EXITED, si_pid=1426344, si_uid=1000, si_status=0, si_utime=0, si_stime=0} ---
1426283 openat(AT_FDCWD</tmp/kernel-audit2-v3r63b5w/\346\261\202\350\247\243\345\231\250>, "/dev/null", O_RDONLY|O_CLOEXEC) = 3</dev/null<char 1:3>>
1426345 execve("/home/zhuran24/.codex/tmp/arg0/codex-arg0DuAZRy/sha256sum", ["sha256sum", "--", "/tmp/kernel-audit2-v3r63b5w/\346\261\202\350\247\243\345\231\250/crates/kernel/src/catalog.rs"], 0x7ffdc1bb9fc8 /* 135 vars */) = -1 ENOENT (No such file or directory)
1426345 execve("/home/zhuran24/.cargo/bin/sha256sum", ["sha256sum", "--", "/tmp/kernel-audit2-v3r63b5w/\346\261\202\350\247\243\345\231\250/crates/kernel/src/catalog.rs"], 0x7ffdc1bb9fc8 /* 135 vars */) = -1 ENOENT (No such file or directory)
1426345 execve("/home/zhuran24/.local/bin/sha256sum", ["sha256sum", "--", "/tmp/kernel-audit2-v3r63b5w/\346\261\202\350\247\243\345\231\250/crates/kernel/src/catalog.rs"], 0x7ffdc1bb9fc8 /* 135 vars */) = -1 ENOENT (No such file or directory)
1426345 execve("/home/zhuran24/.opencode/bin/sha256sum", ["sha256sum", "--", "/tmp/kernel-audit2-v3r63b5w/\346\261\202\350\247\243\345\231\250/crates/kernel/src/catalog.rs"], 0x7ffdc1bb9fc8 /* 135 vars */) = -1 ENOENT (No such file or directory)
1426345 execve("/usr/local/bin/sha256sum", ["sha256sum", "--", "/tmp/kernel-audit2-v3r63b5w/\346\261\202\350\247\243\345\231\250/crates/kernel/src/catalog.rs"], 0x7ffdc1bb9fc8 /* 135 vars */) = -1 ENOENT (No such file or directory)
1426345 execve("/usr/bin/sha256sum", ["sha256sum", "--", "/tmp/kernel-audit2-v3r63b5w/\346\261\202\350\247\243\345\231\250/crates/kernel/src/catalog.rs"], 0x7ffdc1bb9fc8 /* 135 vars */) = 0
1426345 openat(AT_FDCWD</tmp/kernel-audit2-v3r63b5w/\346\261\202\350\247\243\345\231\250>, "/etc/ld.so.cache", O_RDONLY|O_CLOEXEC) = 3</etc/ld.so.cache>
1426345 openat(AT_FDCWD</tmp/kernel-audit2-v3r63b5w/\346\261\202\350\247\243\345\231\250>, "/usr/lib/libcrypto.so.3", O_RDONLY|O_CLOEXEC) = 3</usr/lib/libcrypto.so.3>
1426345 openat(AT_FDCWD</tmp/kernel-audit2-v3r63b5w/\346\261\202\350\247\243\345\231\250>, "/usr/lib/libc.so.6", O_RDONLY|O_CLOEXEC) = 3</usr/lib/libc.so.6>
1426345 openat(AT_FDCWD</tmp/kernel-audit2-v3r63b5w/\346\261\202\350\247\243\345\231\250>, "/usr/lib/libz.so.1", O_RDONLY|O_CLOEXEC) = 3</usr/lib/libz.so.1.3.1.zlib-ng>
1426345 openat(AT_FDCWD</tmp/kernel-audit2-v3r63b5w/\346\261\202\350\247\243\345\231\250>, "/usr/lib/libbrotlienc.so.1", O_RDONLY|O_CLOEXEC) = 3</usr/lib/libbrotlienc.so.1.2.0>
1426345 openat(AT_FDCWD</tmp/kernel-audit2-v3r63b5w/\346\261\202\350\247\243\345\231\250>, "/usr/lib/libbrotlidec.so.1", O_RDONLY|O_CLOEXEC) = 3</usr/lib/libbrotlidec.so.1.2.0>
1426345 openat(AT_FDCWD</tmp/kernel-audit2-v3r63b5w/\346\261\202\350\247\243\345\231\250>, "/usr/lib/libzstd.so.1", O_RDONLY|O_CLOEXEC) = 3</usr/lib/libzstd.so.1.5.7>
1426345 openat(AT_FDCWD</tmp/kernel-audit2-v3r63b5w/\346\261\202\350\247\243\345\231\250>, "/usr/lib/libm.so.6", O_RDONLY|O_CLOEXEC) = 3</usr/lib/libm.so.6>
1426345 openat(AT_FDCWD</tmp/kernel-audit2-v3r63b5w/\346\261\202\350\247\243\345\231\250>, "/usr/lib/libbrotlicommon.so.1", O_RDONLY|O_CLOEXEC) = 3</usr/lib/libbrotlicommon.so.1.2.0>
1426345 openat(AT_FDCWD</tmp/kernel-audit2-v3r63b5w/\346\261\202\350\247\243\345\231\250>, "/usr/lib/locale/locale-archive", O_RDONLY|O_CLOEXEC) = 3</usr/lib/locale/locale-archive>
1426345 openat(AT_FDCWD</tmp/kernel-audit2-v3r63b5w/\346\261\202\350\247\243\345\231\250>, "/usr/share/locale/locale.alias", O_RDONLY|O_CLOEXEC) = 3</usr/share/locale/locale.alias>
1426345 openat(AT_FDCWD</tmp/kernel-audit2-v3r63b5w/\346\261\202\350\247\243\345\231\250>, "/usr/lib/locale/C.UTF-8/LC_IDENTIFICATION", O_RDONLY|O_CLOEXEC) = -1 ENOENT (No such file or directory)
1426345 openat(AT_FDCWD</tmp/kernel-audit2-v3r63b5w/\346\261\202\350\247\243\345\231\250>, "/usr/lib/locale/C.utf8/LC_IDENTIFICATION", O_RDONLY|O_CLOEXEC) = 3</usr/lib/locale/C.utf8/LC_IDENTIFICATION>
1426345 openat(AT_FDCWD</tmp/kernel-audit2-v3r63b5w/\346\261\202\350\247\243\345\231\250>, "/usr/lib/gconv/gconv-modules.cache", O_RDONLY|O_CLOEXEC) = 3</usr/lib/gconv/gconv-modules.cache>
1426345 openat(AT_FDCWD</tmp/kernel-audit2-v3r63b5w/\346\261\202\350\247\243\345\231\250>, "/usr/lib/locale/C.UTF-8/LC_MEASUREMENT", O_RDONLY|O_CLOEXEC) = -1 ENOENT (No such file or directory)
1426345 openat(AT_FDCWD</tmp/kernel-audit2-v3r63b5w/\346\261\202\350\247\243\345\231\250>, "/usr/lib/locale/C.utf8/LC_MEASUREMENT", O_RDONLY|O_CLOEXEC) = 3</usr/lib/locale/C.utf8/LC_MEASUREMENT>
1426345 openat(AT_FDCWD</tmp/kernel-audit2-v3r63b5w/\346\261\202\350\247\243\345\231\250>, "/usr/lib/locale/C.UTF-8/LC_TELEPHONE", O_RDONLY|O_CLOEXEC) = -1 ENOENT (No such file or directory)
1426345 openat(AT_FDCWD</tmp/kernel-audit2-v3r63b5w/\346\261\202\350\247\243\345\231\250>, "/usr/lib/locale/C.utf8/LC_TELEPHONE", O_RDONLY|O_CLOEXEC) = 3</usr/lib/locale/C.utf8/LC_TELEPHONE>
1426345 openat(AT_FDCWD</tmp/kernel-audit2-v3r63b5w/\346\261\202\350\247\243\345\231\250>, "/usr/lib/locale/C.UTF-8/LC_ADDRESS", O_RDONLY|O_CLOEXEC) = -1 ENOENT (No such file or directory)
1426345 openat(AT_FDCWD</tmp/kernel-audit2-v3r63b5w/\346\261\202\350\247\243\345\231\250>, "/usr/lib/locale/C.utf8/LC_ADDRESS", O_RDONLY|O_CLOEXEC) = 3</usr/lib/locale/C.utf8/LC_ADDRESS>
1426345 openat(AT_FDCWD</tmp/kernel-audit2-v3r63b5w/\346\261\202\350\247\243\345\231\250>, "/usr/lib/locale/C.UTF-8/LC_NAME", O_RDONLY|O_CLOEXEC) = -1 ENOENT (No such file or directory)
1426345 openat(AT_FDCWD</tmp/kernel-audit2-v3r63b5w/\346\261\202\350\247\243\345\231\250>, "/usr/lib/locale/C.utf8/LC_NAME", O_RDONLY|O_CLOEXEC) = 3</usr/lib/locale/C.utf8/LC_NAME>
1426345 openat(AT_FDCWD</tmp/kernel-audit2-v3r63b5w/\346\261\202\350\247\243\345\231\250>, "/usr/lib/locale/C.UTF-8/LC_PAPER", O_RDONLY|O_CLOEXEC) = -1 ENOENT (No such file or directory)
1426345 openat(AT_FDCWD</tmp/kernel-audit2-v3r63b5w/\346\261\202\350\247\243\345\231\250>, "/usr/lib/locale/C.utf8/LC_PAPER", O_RDONLY|O_CLOEXEC) = 3</usr/lib/locale/C.utf8/LC_PAPER>
1426345 openat(AT_FDCWD</tmp/kernel-audit2-v3r63b5w/\346\261\202\350\247\243\345\231\250>, "/usr/lib/locale/C.UTF-8/LC_MESSAGES", O_RDONLY|O_CLOEXEC) = -1 ENOENT (No such file or directory)
1426345 openat(AT_FDCWD</tmp/kernel-audit2-v3r63b5w/\346\261\202\350\247\243\345\231\250>, "/usr/lib/locale/C.utf8/LC_MESSAGES", O_RDONLY|O_CLOEXEC) = 3</usr/lib/locale/C.utf8/LC_MESSAGES>
1426345 openat(AT_FDCWD</tmp/kernel-audit2-v3r63b5w/\346\261\202\350\247\243\345\231\250>, "/usr/lib/locale/C.utf8/LC_MESSAGES/SYS_LC_MESSAGES", O_RDONLY|O_CLOEXEC) = 3</usr/lib/locale/C.utf8/LC_MESSAGES/SYS_LC_MESSAGES>
1426345 openat(AT_FDCWD</tmp/kernel-audit2-v3r63b5w/\346\261\202\350\247\243\345\231\250>, "/usr/lib/locale/C.UTF-8/LC_MONETARY", O_RDONLY|O_CLOEXEC) = -1 ENOENT (No such file or directory)
1426345 openat(AT_FDCWD</tmp/kernel-audit2-v3r63b5w/\346\261\202\350\247\243\345\231\250>, "/usr/lib/locale/C.utf8/LC_MONETARY", O_RDONLY|O_CLOEXEC) = 3</usr/lib/locale/C.utf8/LC_MONETARY>
1426345 openat(AT_FDCWD</tmp/kernel-audit2-v3r63b5w/\346\261\202\350\247\243\345\231\250>, "/usr/lib/locale/C.UTF-8/LC_COLLATE", O_RDONLY|O_CLOEXEC) = -1 ENOENT (No such file or directory)
1426345 openat(AT_FDCWD</tmp/kernel-audit2-v3r63b5w/\346\261\202\350\247\243\345\231\250>, "/usr/lib/locale/C.utf8/LC_COLLATE", O_RDONLY|O_CLOEXEC) = 3</usr/lib/locale/C.utf8/LC_COLLATE>
1426345 openat(AT_FDCWD</tmp/kernel-audit2-v3r63b5w/\346\261\202\350\247\243\345\231\250>, "/usr/lib/locale/C.UTF-8/LC_TIME", O_RDONLY|O_CLOEXEC) = -1 ENOENT (No such file or directory)
1426345 openat(AT_FDCWD</tmp/kernel-audit2-v3r63b5w/\346\261\202\350\247\243\345\231\250>, "/usr/lib/locale/C.utf8/LC_TIME", O_RDONLY|O_CLOEXEC) = 3</usr/lib/locale/C.utf8/LC_TIME>
1426345 openat(AT_FDCWD</tmp/kernel-audit2-v3r63b5w/\346\261\202\350\247\243\345\231\250>, "/usr/lib/locale/C.UTF-8/LC_NUMERIC", O_RDONLY|O_CLOEXEC) = -1 ENOENT (No such file or directory)
1426345 openat(AT_FDCWD</tmp/kernel-audit2-v3r63b5w/\346\261\202\350\247\243\345\231\250>, "/usr/lib/locale/C.utf8/LC_NUMERIC", O_RDONLY|O_CLOEXEC) = 3</usr/lib/locale/C.utf8/LC_NUMERIC>
1426345 openat(AT_FDCWD</tmp/kernel-audit2-v3r63b5w/\346\261\202\350\247\243\345\231\250>, "/usr/lib/locale/C.UTF-8/LC_CTYPE", O_RDONLY|O_CLOEXEC) = -1 ENOENT (No such file or directory)
1426345 openat(AT_FDCWD</tmp/kernel-audit2-v3r63b5w/\346\261\202\350\247\243\345\231\250>, "/usr/lib/locale/C.utf8/LC_CTYPE", O_RDONLY|O_CLOEXEC) = 3</usr/lib/locale/C.utf8/LC_CTYPE>
1426345 openat(AT_FDCWD</tmp/kernel-audit2-v3r63b5w/\346\261\202\350\247\243\345\231\250>, "/tmp/kernel-audit2-v3r63b5w/\346\261\202\350\247\243\345\231\250/crates/kernel/src/catalog.rs", O_RDONLY) = 3</tmp/kernel-audit2-v3r63b5w/\346\261\202\350\247\243\345\231\250/crates/kernel/src/catalog.rs>
1426283 --- SIGCHLD {si_signo=SIGCHLD, si_code=CLD_EXITED, si_pid=1426345, si_uid=1000, si_status=0, si_utime=0, si_stime=0} ---
1426283 openat(AT_FDCWD</tmp/kernel-audit2-v3r63b5w/\346\261\202\350\247\243\345\231\250>, "/dev/null", O_RDONLY|O_CLOEXEC) = 3</dev/null<char 1:3>>
1426346 execve("/home/zhuran24/.codex/tmp/arg0/codex-arg0DuAZRy/sha256sum", ["sha256sum", "--", "/tmp/kernel-audit2-v3r63b5w/\346\261\202\350\247\243\345\231\250/crates/kernel/src/input.rs"], 0x7ffdc1bb9fc8 /* 135 vars */) = -1 ENOENT (No such file or directory)
1426346 execve("/home/zhuran24/.cargo/bin/sha256sum", ["sha256sum", "--", "/tmp/kernel-audit2-v3r63b5w/\346\261\202\350\247\243\345\231\250/crates/kernel/src/input.rs"], 0x7ffdc1bb9fc8 /* 135 vars */) = -1 ENOENT (No such file or directory)
1426346 execve("/home/zhuran24/.local/bin/sha256sum", ["sha256sum", "--", "/tmp/kernel-audit2-v3r63b5w/\346\261\202\350\247\243\345\231\250/crates/kernel/src/input.rs"], 0x7ffdc1bb9fc8 /* 135 vars */) = -1 ENOENT (No such file or directory)
1426346 execve("/home/zhuran24/.opencode/bin/sha256sum", ["sha256sum", "--", "/tmp/kernel-audit2-v3r63b5w/\346\261\202\350\247\243\345\231\250/crates/kernel/src/input.rs"], 0x7ffdc1bb9fc8 /* 135 vars */) = -1 ENOENT (No such file or directory)
1426346 execve("/usr/local/bin/sha256sum", ["sha256sum", "--", "/tmp/kernel-audit2-v3r63b5w/\346\261\202\350\247\243\345\231\250/crates/kernel/src/input.rs"], 0x7ffdc1bb9fc8 /* 135 vars */) = -1 ENOENT (No such file or directory)
1426346 execve("/usr/bin/sha256sum", ["sha256sum", "--", "/tmp/kernel-audit2-v3r63b5w/\346\261\202\350\247\243\345\231\250/crates/kernel/src/input.rs"], 0x7ffdc1bb9fc8 /* 135 vars */) = 0
1426346 openat(AT_FDCWD</tmp/kernel-audit2-v3r63b5w/\346\261\202\350\247\243\345\231\250>, "/etc/ld.so.cache", O_RDONLY|O_CLOEXEC) = 3</etc/ld.so.cache>
1426346 openat(AT_FDCWD</tmp/kernel-audit2-v3r63b5w/\346\261\202\350\247\243\345\231\250>, "/usr/lib/libcrypto.so.3", O_RDONLY|O_CLOEXEC) = 3</usr/lib/libcrypto.so.3>
1426346 openat(AT_FDCWD</tmp/kernel-audit2-v3r63b5w/\346\261\202\350\247\243\345\231\250>, "/usr/lib/libc.so.6", O_RDONLY|O_CLOEXEC) = 3</usr/lib/libc.so.6>
1426346 openat(AT_FDCWD</tmp/kernel-audit2-v3r63b5w/\346\261\202\350\247\243\345\231\250>, "/usr/lib/libz.so.1", O_RDONLY|O_CLOEXEC) = 3</usr/lib/libz.so.1.3.1.zlib-ng>
1426346 openat(AT_FDCWD</tmp/kernel-audit2-v3r63b5w/\346\261\202\350\247\243\345\231\250>, "/usr/lib/libbrotlienc.so.1", O_RDONLY|O_CLOEXEC) = 3</usr/lib/libbrotlienc.so.1.2.0>
1426346 openat(AT_FDCWD</tmp/kernel-audit2-v3r63b5w/\346\261\202\350\247\243\345\231\250>, "/usr/lib/libbrotlidec.so.1", O_RDONLY|O_CLOEXEC) = 3</usr/lib/libbrotlidec.so.1.2.0>
1426346 openat(AT_FDCWD</tmp/kernel-audit2-v3r63b5w/\346\261\202\350\247\243\345\231\250>, "/usr/lib/libzstd.so.1", O_RDONLY|O_CLOEXEC) = 3</usr/lib/libzstd.so.1.5.7>
1426346 openat(AT_FDCWD</tmp/kernel-audit2-v3r63b5w/\346\261\202\350\247\243\345\231\250>, "/usr/lib/libm.so.6", O_RDONLY|O_CLOEXEC) = 3</usr/lib/libm.so.6>
1426346 openat(AT_FDCWD</tmp/kernel-audit2-v3r63b5w/\346\261\202\350\247\243\345\231\250>, "/usr/lib/libbrotlicommon.so.1", O_RDONLY|O_CLOEXEC) = 3</usr/lib/libbrotlicommon.so.1.2.0>
1426346 openat(AT_FDCWD</tmp/kernel-audit2-v3r63b5w/\346\261\202\350\247\243\345\231\250>, "/usr/lib/locale/locale-archive", O_RDONLY|O_CLOEXEC) = 3</usr/lib/locale/locale-archive>
1426346 openat(AT_FDCWD</tmp/kernel-audit2-v3r63b5w/\346\261\202\350\247\243\345\231\250>, "/usr/share/locale/locale.alias", O_RDONLY|O_CLOEXEC) = 3</usr/share/locale/locale.alias>
1426346 openat(AT_FDCWD</tmp/kernel-audit2-v3r63b5w/\346\261\202\350\247\243\345\231\250>, "/usr/lib/locale/C.UTF-8/LC_IDENTIFICATION", O_RDONLY|O_CLOEXEC) = -1 ENOENT (No such file or directory)
1426346 openat(AT_FDCWD</tmp/kernel-audit2-v3r63b5w/\346\261\202\350\247\243\345\231\250>, "/usr/lib/locale/C.utf8/LC_IDENTIFICATION", O_RDONLY|O_CLOEXEC) = 3</usr/lib/locale/C.utf8/LC_IDENTIFICATION>
1426346 openat(AT_FDCWD</tmp/kernel-audit2-v3r63b5w/\346\261\202\350\247\243\345\231\250>, "/usr/lib/gconv/gconv-modules.cache", O_RDONLY|O_CLOEXEC) = 3</usr/lib/gconv/gconv-modules.cache>
1426346 openat(AT_FDCWD</tmp/kernel-audit2-v3r63b5w/\346\261\202\350\247\243\345\231\250>, "/usr/lib/locale/C.UTF-8/LC_MEASUREMENT", O_RDONLY|O_CLOEXEC) = -1 ENOENT (No such file or directory)
1426346 openat(AT_FDCWD</tmp/kernel-audit2-v3r63b5w/\346\261\202\350\247\243\345\231\250>, "/usr/lib/locale/C.utf8/LC_MEASUREMENT", O_RDONLY|O_CLOEXEC) = 3</usr/lib/locale/C.utf8/LC_MEASUREMENT>
1426346 openat(AT_FDCWD</tmp/kernel-audit2-v3r63b5w/\346\261\202\350\247\243\345\231\250>, "/usr/lib/locale/C.UTF-8/LC_TELEPHONE", O_RDONLY|O_CLOEXEC) = -1 ENOENT (No such file or directory)
1426346 openat(AT_FDCWD</tmp/kernel-audit2-v3r63b5w/\346\261\202\350\247\243\345\231\250>, "/usr/lib/locale/C.utf8/LC_TELEPHONE", O_RDONLY|O_CLOEXEC) = 3</usr/lib/locale/C.utf8/LC_TELEPHONE>
1426346 openat(AT_FDCWD</tmp/kernel-audit2-v3r63b5w/\346\261\202\350\247\243\345\231\250>, "/usr/lib/locale/C.UTF-8/LC_ADDRESS", O_RDONLY|O_CLOEXEC) = -1 ENOENT (No such file or directory)
1426346 openat(AT_FDCWD</tmp/kernel-audit2-v3r63b5w/\346\261\202\350\247\243\345\231\250>, "/usr/lib/locale/C.utf8/LC_ADDRESS", O_RDONLY|O_CLOEXEC) = 3</usr/lib/locale/C.utf8/LC_ADDRESS>
1426346 openat(AT_FDCWD</tmp/kernel-audit2-v3r63b5w/\346\261\202\350\247\243\345\231\250>, "/usr/lib/locale/C.UTF-8/LC_NAME", O_RDONLY|O_CLOEXEC) = -1 ENOENT (No such file or directory)
1426346 openat(AT_FDCWD</tmp/kernel-audit2-v3r63b5w/\346\261\202\350\247\243\345\231\250>, "/usr/lib/locale/C.utf8/LC_NAME", O_RDONLY|O_CLOEXEC) = 3</usr/lib/locale/C.utf8/LC_NAME>
1426346 openat(AT_FDCWD</tmp/kernel-audit2-v3r63b5w/\346\261\202\350\247\243\345\231\250>, "/usr/lib/locale/C.UTF-8/LC_PAPER", O_RDONLY|O_CLOEXEC) = -1 ENOENT (No such file or directory)
1426346 openat(AT_FDCWD</tmp/kernel-audit2-v3r63b5w/\346\261\202\350\247\243\345\231\250>, "/usr/lib/locale/C.utf8/LC_PAPER", O_RDONLY|O_CLOEXEC) = 3</usr/lib/locale/C.utf8/LC_PAPER>
1426346 openat(AT_FDCWD</tmp/kernel-audit2-v3r63b5w/\346\261\202\350\247\243\345\231\250>, "/usr/lib/locale/C.UTF-8/LC_MESSAGES", O_RDONLY|O_CLOEXEC) = -1 ENOENT (No such file or directory)
1426346 openat(AT_FDCWD</tmp/kernel-audit2-v3r63b5w/\346\261\202\350\247\243\345\231\250>, "/usr/lib/locale/C.utf8/LC_MESSAGES", O_RDONLY|O_CLOEXEC) = 3</usr/lib/locale/C.utf8/LC_MESSAGES>
1426346 openat(AT_FDCWD</tmp/kernel-audit2-v3r63b5w/\346\261\202\350\247\243\345\231\250>, "/usr/lib/locale/C.utf8/LC_MESSAGES/SYS_LC_MESSAGES", O_RDONLY|O_CLOEXEC) = 3</usr/lib/locale/C.utf8/LC_MESSAGES/SYS_LC_MESSAGES>
1426346 openat(AT_FDCWD</tmp/kernel-audit2-v3r63b5w/\346\261\202\350\247\243\345\231\250>, "/usr/lib/locale/C.UTF-8/LC_MONETARY", O_RDONLY|O_CLOEXEC) = -1 ENOENT (No such file or directory)
1426346 openat(AT_FDCWD</tmp/kernel-audit2-v3r63b5w/\346\261\202\350\247\243\345\231\250>, "/usr/lib/locale/C.utf8/LC_MONETARY", O_RDONLY|O_CLOEXEC) = 3</usr/lib/locale/C.utf8/LC_MONETARY>
1426346 openat(AT_FDCWD</tmp/kernel-audit2-v3r63b5w/\346\261\202\350\247\243\345\231\250>, "/usr/lib/locale/C.UTF-8/LC_COLLATE", O_RDONLY|O_CLOEXEC) = -1 ENOENT (No such file or directory)
1426346 openat(AT_FDCWD</tmp/kernel-audit2-v3r63b5w/\346\261\202\350\247\243\345\231\250>, "/usr/lib/locale/C.utf8/LC_COLLATE", O_RDONLY|O_CLOEXEC) = 3</usr/lib/locale/C.utf8/LC_COLLATE>
1426346 openat(AT_FDCWD</tmp/kernel-audit2-v3r63b5w/\346\261\202\350\247\243\345\231\250>, "/usr/lib/locale/C.UTF-8/LC_TIME", O_RDONLY|O_CLOEXEC) = -1 ENOENT (No such file or directory)
1426346 openat(AT_FDCWD</tmp/kernel-audit2-v3r63b5w/\346\261\202\350\247\243\345\231\250>, "/usr/lib/locale/C.utf8/LC_TIME", O_RDONLY|O_CLOEXEC) = 3</usr/lib/locale/C.utf8/LC_TIME>
1426346 openat(AT_FDCWD</tmp/kernel-audit2-v3r63b5w/\346\261\202\350\247\243\345\231\250>, "/usr/lib/locale/C.UTF-8/LC_NUMERIC", O_RDONLY|O_CLOEXEC) = -1 ENOENT (No such file or directory)
1426346 openat(AT_FDCWD</tmp/kernel-audit2-v3r63b5w/\346\261\202\350\247\243\345\231\250>, "/usr/lib/locale/C.utf8/LC_NUMERIC", O_RDONLY|O_CLOEXEC) = 3</usr/lib/locale/C.utf8/LC_NUMERIC>
1426346 openat(AT_FDCWD</tmp/kernel-audit2-v3r63b5w/\346\261\202\350\247\243\345\231\250>, "/usr/lib/locale/C.UTF-8/LC_CTYPE", O_RDONLY|O_CLOEXEC) = -1 ENOENT (No such file or directory)
1426346 openat(AT_FDCWD</tmp/kernel-audit2-v3r63b5w/\346\261\202\350\247\243\345\231\250>, "/usr/lib/locale/C.utf8/LC_CTYPE", O_RDONLY|O_CLOEXEC) = 3</usr/lib/locale/C.utf8/LC_CTYPE>
1426346 openat(AT_FDCWD</tmp/kernel-audit2-v3r63b5w/\346\261\202\350\247\243\345\231\250>, "/tmp/kernel-audit2-v3r63b5w/\346\261\202\350\247\243\345\231\250/crates/kernel/src/input.rs", O_RDONLY) = 3</tmp/kernel-audit2-v3r63b5w/\346\261\202\350\247\243\345\231\250/crates/kernel/src/input.rs>
1426283 --- SIGCHLD {si_signo=SIGCHLD, si_code=CLD_EXITED, si_pid=1426346, si_uid=1000, si_status=0, si_utime=0, si_stime=0} ---
1426283 openat(AT_FDCWD</tmp/kernel-audit2-v3r63b5w/\346\261\202\350\247\243\345\231\250>, "/dev/null", O_RDONLY|O_CLOEXEC) = 3</dev/null<char 1:3>>
1426347 execve("/home/zhuran24/.codex/tmp/arg0/codex-arg0DuAZRy/sha256sum", ["sha256sum", "--", "/tmp/kernel-audit2-v3r63b5w/\346\261\202\350\247\243\345\231\250/crates/kernel/src/interfaces.rs"], 0x7ffdc1bb9fc8 /* 135 vars */) = -1 ENOENT (No such file or directory)
1426347 execve("/home/zhuran24/.cargo/bin/sha256sum", ["sha256sum", "--", "/tmp/kernel-audit2-v3r63b5w/\346\261\202\350\247\243\345\231\250/crates/kernel/src/interfaces.rs"], 0x7ffdc1bb9fc8 /* 135 vars */) = -1 ENOENT (No such file or directory)
1426347 execve("/home/zhuran24/.local/bin/sha256sum", ["sha256sum", "--", "/tmp/kernel-audit2-v3r63b5w/\346\261\202\350\247\243\345\231\250/crates/kernel/src/interfaces.rs"], 0x7ffdc1bb9fc8 /* 135 vars */) = -1 ENOENT (No such file or directory)
1426347 execve("/home/zhuran24/.opencode/bin/sha256sum", ["sha256sum", "--", "/tmp/kernel-audit2-v3r63b5w/\346\261\202\350\247\243\345\231\250/crates/kernel/src/interfaces.rs"], 0x7ffdc1bb9fc8 /* 135 vars */) = -1 ENOENT (No such file or directory)
1426347 execve("/usr/local/bin/sha256sum", ["sha256sum", "--", "/tmp/kernel-audit2-v3r63b5w/\346\261\202\350\247\243\345\231\250/crates/kernel/src/interfaces.rs"], 0x7ffdc1bb9fc8 /* 135 vars */) = -1 ENOENT (No such file or directory)
1426347 execve("/usr/bin/sha256sum", ["sha256sum", "--", "/tmp/kernel-audit2-v3r63b5w/\346\261\202\350\247\243\345\231\250/crates/kernel/src/interfaces.rs"], 0x7ffdc1bb9fc8 /* 135 vars */) = 0
1426347 openat(AT_FDCWD</tmp/kernel-audit2-v3r63b5w/\346\261\202\350\247\243\345\231\250>, "/etc/ld.so.cache", O_RDONLY|O_CLOEXEC) = 3</etc/ld.so.cache>
1426347 openat(AT_FDCWD</tmp/kernel-audit2-v3r63b5w/\346\261\202\350\247\243\345\231\250>, "/usr/lib/libcrypto.so.3", O_RDONLY|O_CLOEXEC) = 3</usr/lib/libcrypto.so.3>
1426347 openat(AT_FDCWD</tmp/kernel-audit2-v3r63b5w/\346\261\202\350\247\243\345\231\250>, "/usr/lib/libc.so.6", O_RDONLY|O_CLOEXEC) = 3</usr/lib/libc.so.6>
1426347 openat(AT_FDCWD</tmp/kernel-audit2-v3r63b5w/\346\261\202\350\247\243\345\231\250>, "/usr/lib/libz.so.1", O_RDONLY|O_CLOEXEC) = 3</usr/lib/libz.so.1.3.1.zlib-ng>
1426347 openat(AT_FDCWD</tmp/kernel-audit2-v3r63b5w/\346\261\202\350\247\243\345\231\250>, "/usr/lib/libbrotlienc.so.1", O_RDONLY|O_CLOEXEC) = 3</usr/lib/libbrotlienc.so.1.2.0>
1426347 openat(AT_FDCWD</tmp/kernel-audit2-v3r63b5w/\346\261\202\350\247\243\345\231\250>, "/usr/lib/libbrotlidec.so.1", O_RDONLY|O_CLOEXEC) = 3</usr/lib/libbrotlidec.so.1.2.0>
1426347 openat(AT_FDCWD</tmp/kernel-audit2-v3r63b5w/\346\261\202\350\247\243\345\231\250>, "/usr/lib/libzstd.so.1", O_RDONLY|O_CLOEXEC) = 3</usr/lib/libzstd.so.1.5.7>
1426347 openat(AT_FDCWD</tmp/kernel-audit2-v3r63b5w/\346\261\202\350\247\243\345\231\250>, "/usr/lib/libm.so.6", O_RDONLY|O_CLOEXEC) = 3</usr/lib/libm.so.6>
1426347 openat(AT_FDCWD</tmp/kernel-audit2-v3r63b5w/\346\261\202\350\247\243\345\231\250>, "/usr/lib/libbrotlicommon.so.1", O_RDONLY|O_CLOEXEC) = 3</usr/lib/libbrotlicommon.so.1.2.0>
1426347 openat(AT_FDCWD</tmp/kernel-audit2-v3r63b5w/\346\261\202\350\247\243\345\231\250>, "/usr/lib/locale/locale-archive", O_RDONLY|O_CLOEXEC) = 3</usr/lib/locale/locale-archive>
1426347 openat(AT_FDCWD</tmp/kernel-audit2-v3r63b5w/\346\261\202\350\247\243\345\231\250>, "/usr/share/locale/locale.alias", O_RDONLY|O_CLOEXEC) = 3</usr/share/locale/locale.alias>
1426347 openat(AT_FDCWD</tmp/kernel-audit2-v3r63b5w/\346\261\202\350\247\243\345\231\250>, "/usr/lib/locale/C.UTF-8/LC_IDENTIFICATION", O_RDONLY|O_CLOEXEC) = -1 ENOENT (No such file or directory)
1426347 openat(AT_FDCWD</tmp/kernel-audit2-v3r63b5w/\346\261\202\350\247\243\345\231\250>, "/usr/lib/locale/C.utf8/LC_IDENTIFICATION", O_RDONLY|O_CLOEXEC) = 3</usr/lib/locale/C.utf8/LC_IDENTIFICATION>
1426347 openat(AT_FDCWD</tmp/kernel-audit2-v3r63b5w/\346\261\202\350\247\243\345\231\250>, "/usr/lib/gconv/gconv-modules.cache", O_RDONLY|O_CLOEXEC) = 3</usr/lib/gconv/gconv-modules.cache>
1426347 openat(AT_FDCWD</tmp/kernel-audit2-v3r63b5w/\346\261\202\350\247\243\345\231\250>, "/usr/lib/locale/C.UTF-8/LC_MEASUREMENT", O_RDONLY|O_CLOEXEC) = -1 ENOENT (No such file or directory)
1426347 openat(AT_FDCWD</tmp/kernel-audit2-v3r63b5w/\346\261\202\350\247\243\345\231\250>, "/usr/lib/locale/C.utf8/LC_MEASUREMENT", O_RDONLY|O_CLOEXEC) = 3</usr/lib/locale/C.utf8/LC_MEASUREMENT>
1426347 openat(AT_FDCWD</tmp/kernel-audit2-v3r63b5w/\346\261\202\350\247\243\345\231\250>, "/usr/lib/locale/C.UTF-8/LC_TELEPHONE", O_RDONLY|O_CLOEXEC) = -1 ENOENT (No such file or directory)
1426347 openat(AT_FDCWD</tmp/kernel-audit2-v3r63b5w/\346\261\202\350\247\243\345\231\250>, "/usr/lib/locale/C.utf8/LC_TELEPHONE", O_RDONLY|O_CLOEXEC) = 3</usr/lib/locale/C.utf8/LC_TELEPHONE>
1426347 openat(AT_FDCWD</tmp/kernel-audit2-v3r63b5w/\346\261\202\350\247\243\345\231\250>, "/usr/lib/locale/C.UTF-8/LC_ADDRESS", O_RDONLY|O_CLOEXEC) = -1 ENOENT (No such file or directory)
1426347 openat(AT_FDCWD</tmp/kernel-audit2-v3r63b5w/\346\261\202\350\247\243\345\231\250>, "/usr/lib/locale/C.utf8/LC_ADDRESS", O_RDONLY|O_CLOEXEC) = 3</usr/lib/locale/C.utf8/LC_ADDRESS>
1426347 openat(AT_FDCWD</tmp/kernel-audit2-v3r63b5w/\346\261\202\350\247\243\345\231\250>, "/usr/lib/locale/C.UTF-8/LC_NAME", O_RDONLY|O_CLOEXEC) = -1 ENOENT (No such file or directory)
1426347 openat(AT_FDCWD</tmp/kernel-audit2-v3r63b5w/\346\261\202\350\247\243\345\231\250>, "/usr/lib/locale/C.utf8/LC_NAME", O_RDONLY|O_CLOEXEC) = 3</usr/lib/locale/C.utf8/LC_NAME>
1426347 openat(AT_FDCWD</tmp/kernel-audit2-v3r63b5w/\346\261\202\350\247\243\345\231\250>, "/usr/lib/locale/C.UTF-8/LC_PAPER", O_RDONLY|O_CLOEXEC) = -1 ENOENT (No such file or directory)
1426347 openat(AT_FDCWD</tmp/kernel-audit2-v3r63b5w/\346\261\202\350\247\243\345\231\250>, "/usr/lib/locale/C.utf8/LC_PAPER", O_RDONLY|O_CLOEXEC) = 3</usr/lib/locale/C.utf8/LC_PAPER>
1426347 openat(AT_FDCWD</tmp/kernel-audit2-v3r63b5w/\346\261\202\350\247\243\345\231\250>, "/usr/lib/locale/C.UTF-8/LC_MESSAGES", O_RDONLY|O_CLOEXEC) = -1 ENOENT (No such file or directory)
1426347 openat(AT_FDCWD</tmp/kernel-audit2-v3r63b5w/\346\261\202\350\247\243\345\231\250>, "/usr/lib/locale/C.utf8/LC_MESSAGES", O_RDONLY|O_CLOEXEC) = 3</usr/lib/locale/C.utf8/LC_MESSAGES>
1426347 openat(AT_FDCWD</tmp/kernel-audit2-v3r63b5w/\346\261\202\350\247\243\345\231\250>, "/usr/lib/locale/C.utf8/LC_MESSAGES/SYS_LC_MESSAGES", O_RDONLY|O_CLOEXEC) = 3</usr/lib/locale/C.utf8/LC_MESSAGES/SYS_LC_MESSAGES>
1426347 openat(AT_FDCWD</tmp/kernel-audit2-v3r63b5w/\346\261\202\350\247\243\345\231\250>, "/usr/lib/locale/C.UTF-8/LC_MONETARY", O_RDONLY|O_CLOEXEC) = -1 ENOENT (No such file or directory)
1426347 openat(AT_FDCWD</tmp/kernel-audit2-v3r63b5w/\346\261\202\350\247\243\345\231\250>, "/usr/lib/locale/C.utf8/LC_MONETARY", O_RDONLY|O_CLOEXEC) = 3</usr/lib/locale/C.utf8/LC_MONETARY>
1426347 openat(AT_FDCWD</tmp/kernel-audit2-v3r63b5w/\346\261\202\350\247\243\345\231\250>, "/usr/lib/locale/C.UTF-8/LC_COLLATE", O_RDONLY|O_CLOEXEC) = -1 ENOENT (No such file or directory)
1426347 openat(AT_FDCWD</tmp/kernel-audit2-v3r63b5w/\346\261\202\350\247\243\345\231\250>, "/usr/lib/locale/C.utf8/LC_COLLATE", O_RDONLY|O_CLOEXEC) = 3</usr/lib/locale/C.utf8/LC_COLLATE>
1426347 openat(AT_FDCWD</tmp/kernel-audit2-v3r63b5w/\346\261\202\350\247\243\345\231\250>, "/usr/lib/locale/C.UTF-8/LC_TIME", O_RDONLY|O_CLOEXEC) = -1 ENOENT (No such file or directory)
1426347 openat(AT_FDCWD</tmp/kernel-audit2-v3r63b5w/\346\261\202\350\247\243\345\231\250>, "/usr/lib/locale/C.utf8/LC_TIME", O_RDONLY|O_CLOEXEC) = 3</usr/lib/locale/C.utf8/LC_TIME>
1426347 openat(AT_FDCWD</tmp/kernel-audit2-v3r63b5w/\346\261\202\350\247\243\345\231\250>, "/usr/lib/locale/C.UTF-8/LC_NUMERIC", O_RDONLY|O_CLOEXEC) = -1 ENOENT (No such file or directory)
1426347 openat(AT_FDCWD</tmp/kernel-audit2-v3r63b5w/\346\261\202\350\247\243\345\231\250>, "/usr/lib/locale/C.utf8/LC_NUMERIC", O_RDONLY|O_CLOEXEC) = 3</usr/lib/locale/C.utf8/LC_NUMERIC>
1426347 openat(AT_FDCWD</tmp/kernel-audit2-v3r63b5w/\346\261\202\350\247\243\345\231\250>, "/usr/lib/locale/C.UTF-8/LC_CTYPE", O_RDONLY|O_CLOEXEC) = -1 ENOENT (No such file or directory)
1426347 openat(AT_FDCWD</tmp/kernel-audit2-v3r63b5w/\346\261\202\350\247\243\345\231\250>, "/usr/lib/locale/C.utf8/LC_CTYPE", O_RDONLY|O_CLOEXEC) = 3</usr/lib/locale/C.utf8/LC_CTYPE>
1426347 openat(AT_FDCWD</tmp/kernel-audit2-v3r63b5w/\346\261\202\350\247\243\345\231\250>, "/tmp/kernel-audit2-v3r63b5w/\346\261\202\350\247\243\345\231\250/crates/kernel/src/interfaces.rs", O_RDONLY) = 3</tmp/kernel-audit2-v3r63b5w/\346\261\202\350\247\243\345\231\250/crates/kernel/src/interfaces.rs>
1426283 --- SIGCHLD {si_signo=SIGCHLD, si_code=CLD_EXITED, si_pid=1426347, si_uid=1000, si_status=0, si_utime=0, si_stime=0} ---
1426283 openat(AT_FDCWD</tmp/kernel-audit2-v3r63b5w/\346\261\202\350\247\243\345\231\250>, "/dev/null", O_RDONLY|O_CLOEXEC) = 3</dev/null<char 1:3>>
1426348 execve("/home/zhuran24/.codex/tmp/arg0/codex-arg0DuAZRy/sha256sum", ["sha256sum", "--", "/tmp/kernel-audit2-v3r63b5w/\346\261\202\350\247\243\345\231\250/crates/kernel/src/engine.rs"], 0x7ffdc1bb9fc8 /* 135 vars */) = -1 ENOENT (No such file or directory)
1426348 execve("/home/zhuran24/.cargo/bin/sha256sum", ["sha256sum", "--", "/tmp/kernel-audit2-v3r63b5w/\346\261\202\350\247\243\345\231\250/crates/kernel/src/engine.rs"], 0x7ffdc1bb9fc8 /* 135 vars */) = -1 ENOENT (No such file or directory)
1426348 execve("/home/zhuran24/.local/bin/sha256sum", ["sha256sum", "--", "/tmp/kernel-audit2-v3r63b5w/\346\261\202\350\247\243\345\231\250/crates/kernel/src/engine.rs"], 0x7ffdc1bb9fc8 /* 135 vars */) = -1 ENOENT (No such file or directory)
1426348 execve("/home/zhuran24/.opencode/bin/sha256sum", ["sha256sum", "--", "/tmp/kernel-audit2-v3r63b5w/\346\261\202\350\247\243\345\231\250/crates/kernel/src/engine.rs"], 0x7ffdc1bb9fc8 /* 135 vars */) = -1 ENOENT (No such file or directory)
1426348 execve("/usr/local/bin/sha256sum", ["sha256sum", "--", "/tmp/kernel-audit2-v3r63b5w/\346\261\202\350\247\243\345\231\250/crates/kernel/src/engine.rs"], 0x7ffdc1bb9fc8 /* 135 vars */) = -1 ENOENT (No such file or directory)
1426348 execve("/usr/bin/sha256sum", ["sha256sum", "--", "/tmp/kernel-audit2-v3r63b5w/\346\261\202\350\247\243\345\231\250/crates/kernel/src/engine.rs"], 0x7ffdc1bb9fc8 /* 135 vars */) = 0
1426348 openat(AT_FDCWD</tmp/kernel-audit2-v3r63b5w/\346\261\202\350\247\243\345\231\250>, "/etc/ld.so.cache", O_RDONLY|O_CLOEXEC) = 3</etc/ld.so.cache>
1426348 openat(AT_FDCWD</tmp/kernel-audit2-v3r63b5w/\346\261\202\350\247\243\345\231\250>, "/usr/lib/libcrypto.so.3", O_RDONLY|O_CLOEXEC) = 3</usr/lib/libcrypto.so.3>
1426348 openat(AT_FDCWD</tmp/kernel-audit2-v3r63b5w/\346\261\202\350\247\243\345\231\250>, "/usr/lib/libc.so.6", O_RDONLY|O_CLOEXEC) = 3</usr/lib/libc.so.6>
1426348 openat(AT_FDCWD</tmp/kernel-audit2-v3r63b5w/\346\261\202\350\247\243\345\231\250>, "/usr/lib/libz.so.1", O_RDONLY|O_CLOEXEC) = 3</usr/lib/libz.so.1.3.1.zlib-ng>
1426348 openat(AT_FDCWD</tmp/kernel-audit2-v3r63b5w/\346\261\202\350\247\243\345\231\250>, "/usr/lib/libbrotlienc.so.1", O_RDONLY|O_CLOEXEC) = 3</usr/lib/libbrotlienc.so.1.2.0>
1426348 openat(AT_FDCWD</tmp/kernel-audit2-v3r63b5w/\346\261\202\350\247\243\345\231\250>, "/usr/lib/libbrotlidec.so.1", O_RDONLY|O_CLOEXEC) = 3</usr/lib/libbrotlidec.so.1.2.0>
1426348 openat(AT_FDCWD</tmp/kernel-audit2-v3r63b5w/\346\261\202\350\247\243\345\231\250>, "/usr/lib/libzstd.so.1", O_RDONLY|O_CLOEXEC) = 3</usr/lib/libzstd.so.1.5.7>
1426348 openat(AT_FDCWD</tmp/kernel-audit2-v3r63b5w/\346\261\202\350\247\243\345\231\250>, "/usr/lib/libm.so.6", O_RDONLY|O_CLOEXEC) = 3</usr/lib/libm.so.6>
1426348 openat(AT_FDCWD</tmp/kernel-audit2-v3r63b5w/\346\261\202\350\247\243\345\231\250>, "/usr/lib/libbrotlicommon.so.1", O_RDONLY|O_CLOEXEC) = 3</usr/lib/libbrotlicommon.so.1.2.0>
1426348 openat(AT_FDCWD</tmp/kernel-audit2-v3r63b5w/\346\261\202\350\247\243\345\231\250>, "/usr/lib/locale/locale-archive", O_RDONLY|O_CLOEXEC) = 3</usr/lib/locale/locale-archive>
1426348 openat(AT_FDCWD</tmp/kernel-audit2-v3r63b5w/\346\261\202\350\247\243\345\231\250>, "/usr/share/locale/locale.alias", O_RDONLY|O_CLOEXEC) = 3</usr/share/locale/locale.alias>
1426348 openat(AT_FDCWD</tmp/kernel-audit2-v3r63b5w/\346\261\202\350\247\243\345\231\250>, "/usr/lib/locale/C.UTF-8/LC_IDENTIFICATION", O_RDONLY|O_CLOEXEC) = -1 ENOENT (No such file or directory)
1426348 openat(AT_FDCWD</tmp/kernel-audit2-v3r63b5w/\346\261\202\350\247\243\345\231\250>, "/usr/lib/locale/C.utf8/LC_IDENTIFICATION", O_RDONLY|O_CLOEXEC) = 3</usr/lib/locale/C.utf8/LC_IDENTIFICATION>
1426348 openat(AT_FDCWD</tmp/kernel-audit2-v3r63b5w/\346\261\202\350\247\243\345\231\250>, "/usr/lib/gconv/gconv-modules.cache", O_RDONLY|O_CLOEXEC) = 3</usr/lib/gconv/gconv-modules.cache>
1426348 openat(AT_FDCWD</tmp/kernel-audit2-v3r63b5w/\346\261\202\350\247\243\345\231\250>, "/usr/lib/locale/C.UTF-8/LC_MEASUREMENT", O_RDONLY|O_CLOEXEC) = -1 ENOENT (No such file or directory)
1426348 openat(AT_FDCWD</tmp/kernel-audit2-v3r63b5w/\346\261\202\350\247\243\345\231\250>, "/usr/lib/locale/C.utf8/LC_MEASUREMENT", O_RDONLY|O_CLOEXEC) = 3</usr/lib/locale/C.utf8/LC_MEASUREMENT>
1426348 openat(AT_FDCWD</tmp/kernel-audit2-v3r63b5w/\346\261\202\350\247\243\345\231\250>, "/usr/lib/locale/C.UTF-8/LC_TELEPHONE", O_RDONLY|O_CLOEXEC) = -1 ENOENT (No such file or directory)
1426348 openat(AT_FDCWD</tmp/kernel-audit2-v3r63b5w/\346\261\202\350\247\243\345\231\250>, "/usr/lib/locale/C.utf8/LC_TELEPHONE", O_RDONLY|O_CLOEXEC) = 3</usr/lib/locale/C.utf8/LC_TELEPHONE>
1426348 openat(AT_FDCWD</tmp/kernel-audit2-v3r63b5w/\346\261\202\350\247\243\345\231\250>, "/usr/lib/locale/C.UTF-8/LC_ADDRESS", O_RDONLY|O_CLOEXEC) = -1 ENOENT (No such file or directory)
1426348 openat(AT_FDCWD</tmp/kernel-audit2-v3r63b5w/\346\261\202\350\247\243\345\231\250>, "/usr/lib/locale/C.utf8/LC_ADDRESS", O_RDONLY|O_CLOEXEC) = 3</usr/lib/locale/C.utf8/LC_ADDRESS>
1426348 openat(AT_FDCWD</tmp/kernel-audit2-v3r63b5w/\346\261\202\350\247\243\345\231\250>, "/usr/lib/locale/C.UTF-8/LC_NAME", O_RDONLY|O_CLOEXEC) = -1 ENOENT (No such file or directory)
1426348 openat(AT_FDCWD</tmp/kernel-audit2-v3r63b5w/\346\261\202\350\247\243\345\231\250>, "/usr/lib/locale/C.utf8/LC_NAME", O_RDONLY|O_CLOEXEC) = 3</usr/lib/locale/C.utf8/LC_NAME>
1426348 openat(AT_FDCWD</tmp/kernel-audit2-v3r63b5w/\346\261\202\350\247\243\345\231\250>, "/usr/lib/locale/C.UTF-8/LC_PAPER", O_RDONLY|O_CLOEXEC) = -1 ENOENT (No such file or directory)
1426348 openat(AT_FDCWD</tmp/kernel-audit2-v3r63b5w/\346\261\202\350\247\243\345\231\250>, "/usr/lib/locale/C.utf8/LC_PAPER", O_RDONLY|O_CLOEXEC) = 3</usr/lib/locale/C.utf8/LC_PAPER>
1426348 openat(AT_FDCWD</tmp/kernel-audit2-v3r63b5w/\346\261\202\350\247\243\345\231\250>, "/usr/lib/locale/C.UTF-8/LC_MESSAGES", O_RDONLY|O_CLOEXEC) = -1 ENOENT (No such file or directory)
1426348 openat(AT_FDCWD</tmp/kernel-audit2-v3r63b5w/\346\261\202\350\247\243\345\231\250>, "/usr/lib/locale/C.utf8/LC_MESSAGES", O_RDONLY|O_CLOEXEC) = 3</usr/lib/locale/C.utf8/LC_MESSAGES>
1426348 openat(AT_FDCWD</tmp/kernel-audit2-v3r63b5w/\346\261\202\350\247\243\345\231\250>, "/usr/lib/locale/C.utf8/LC_MESSAGES/SYS_LC_MESSAGES", O_RDONLY|O_CLOEXEC) = 3</usr/lib/locale/C.utf8/LC_MESSAGES/SYS_LC_MESSAGES>
1426348 openat(AT_FDCWD</tmp/kernel-audit2-v3r63b5w/\346\261\202\350\247\243\345\231\250>, "/usr/lib/locale/C.UTF-8/LC_MONETARY", O_RDONLY|O_CLOEXEC) = -1 ENOENT (No such file or directory)
1426348 openat(AT_FDCWD</tmp/kernel-audit2-v3r63b5w/\346\261\202\350\247\243\345\231\250>, "/usr/lib/locale/C.utf8/LC_MONETARY", O_RDONLY|O_CLOEXEC) = 3</usr/lib/locale/C.utf8/LC_MONETARY>
1426348 openat(AT_FDCWD</tmp/kernel-audit2-v3r63b5w/\346\261\202\350\247\243\345\231\250>, "/usr/lib/locale/C.UTF-8/LC_COLLATE", O_RDONLY|O_CLOEXEC) = -1 ENOENT (No such file or directory)
1426348 openat(AT_FDCWD</tmp/kernel-audit2-v3r63b5w/\346\261\202\350\247\243\345\231\250>, "/usr/lib/locale/C.utf8/LC_COLLATE", O_RDONLY|O_CLOEXEC) = 3</usr/lib/locale/C.utf8/LC_COLLATE>
1426348 openat(AT_FDCWD</tmp/kernel-audit2-v3r63b5w/\346\261\202\350\247\243\345\231\250>, "/usr/lib/locale/C.UTF-8/LC_TIME", O_RDONLY|O_CLOEXEC) = -1 ENOENT (No such file or directory)
1426348 openat(AT_FDCWD</tmp/kernel-audit2-v3r63b5w/\346\261\202\350\247\243\345\231\250>, "/usr/lib/locale/C.utf8/LC_TIME", O_RDONLY|O_CLOEXEC) = 3</usr/lib/locale/C.utf8/LC_TIME>
1426348 openat(AT_FDCWD</tmp/kernel-audit2-v3r63b5w/\346\261\202\350\247\243\345\231\250>, "/usr/lib/locale/C.UTF-8/LC_NUMERIC", O_RDONLY|O_CLOEXEC) = -1 ENOENT (No such file or directory)
1426348 openat(AT_FDCWD</tmp/kernel-audit2-v3r63b5w/\346\261\202\350\247\243\345\231\250>, "/usr/lib/locale/C.utf8/LC_NUMERIC", O_RDONLY|O_CLOEXEC) = 3</usr/lib/locale/C.utf8/LC_NUMERIC>
1426348 openat(AT_FDCWD</tmp/kernel-audit2-v3r63b5w/\346\261\202\350\247\243\345\231\250>, "/usr/lib/locale/C.UTF-8/LC_CTYPE", O_RDONLY|O_CLOEXEC) = -1 ENOENT (No such file or directory)
1426348 openat(AT_FDCWD</tmp/kernel-audit2-v3r63b5w/\346\261\202\350\247\243\345\231\250>, "/usr/lib/locale/C.utf8/LC_CTYPE", O_RDONLY|O_CLOEXEC) = 3</usr/lib/locale/C.utf8/LC_CTYPE>
1426348 openat(AT_FDCWD</tmp/kernel-audit2-v3r63b5w/\346\261\202\350\247\243\345\231\250>, "/tmp/kernel-audit2-v3r63b5w/\346\261\202\350\247\243\345\231\250/crates/kernel/src/engine.rs", O_RDONLY) = 3</tmp/kernel-audit2-v3r63b5w/\346\261\202\350\247\243\345\231\250/crates/kernel/src/engine.rs>
1426283 --- SIGCHLD {si_signo=SIGCHLD, si_code=CLD_EXITED, si_pid=1426348, si_uid=1000, si_status=0, si_utime=0, si_stime=0} ---
1426283 openat(AT_FDCWD</tmp/kernel-audit2-v3r63b5w/\346\261\202\350\247\243\345\231\250>, "/dev/null", O_RDONLY|O_CLOEXEC) = 3</dev/null<char 1:3>>
1426349 execve("/home/zhuran24/.codex/tmp/arg0/codex-arg0DuAZRy/sha256sum", ["sha256sum", "--", "/tmp/kernel-audit2-v3r63b5w/\346\261\202\350\247\243\345\231\250/crates/kernel/src/event_identity.rs"], 0x7ffdc1bb9fc8 /* 135 vars */) = -1 ENOENT (No such file or directory)
1426349 execve("/home/zhuran24/.cargo/bin/sha256sum", ["sha256sum", "--", "/tmp/kernel-audit2-v3r63b5w/\346\261\202\350\247\243\345\231\250/crates/kernel/src/event_identity.rs"], 0x7ffdc1bb9fc8 /* 135 vars */) = -1 ENOENT (No such file or directory)
1426349 execve("/home/zhuran24/.local/bin/sha256sum", ["sha256sum", "--", "/tmp/kernel-audit2-v3r63b5w/\346\261\202\350\247\243\345\231\250/crates/kernel/src/event_identity.rs"], 0x7ffdc1bb9fc8 /* 135 vars */) = -1 ENOENT (No such file or directory)
1426349 execve("/home/zhuran24/.opencode/bin/sha256sum", ["sha256sum", "--", "/tmp/kernel-audit2-v3r63b5w/\346\261\202\350\247\243\345\231\250/crates/kernel/src/event_identity.rs"], 0x7ffdc1bb9fc8 /* 135 vars */) = -1 ENOENT (No such file or directory)
1426349 execve("/usr/local/bin/sha256sum", ["sha256sum", "--", "/tmp/kernel-audit2-v3r63b5w/\346\261\202\350\247\243\345\231\250/crates/kernel/src/event_identity.rs"], 0x7ffdc1bb9fc8 /* 135 vars */) = -1 ENOENT (No such file or directory)
1426349 execve("/usr/bin/sha256sum", ["sha256sum", "--", "/tmp/kernel-audit2-v3r63b5w/\346\261\202\350\247\243\345\231\250/crates/kernel/src/event_identity.rs"], 0x7ffdc1bb9fc8 /* 135 vars */) = 0
1426349 openat(AT_FDCWD</tmp/kernel-audit2-v3r63b5w/\346\261\202\350\247\243\345\231\250>, "/etc/ld.so.cache", O_RDONLY|O_CLOEXEC) = 3</etc/ld.so.cache>
1426349 openat(AT_FDCWD</tmp/kernel-audit2-v3r63b5w/\346\261\202\350\247\243\345\231\250>, "/usr/lib/libcrypto.so.3", O_RDONLY|O_CLOEXEC) = 3</usr/lib/libcrypto.so.3>
1426349 openat(AT_FDCWD</tmp/kernel-audit2-v3r63b5w/\346\261\202\350\247\243\345\231\250>, "/usr/lib/libc.so.6", O_RDONLY|O_CLOEXEC) = 3</usr/lib/libc.so.6>
1426349 openat(AT_FDCWD</tmp/kernel-audit2-v3r63b5w/\346\261\202\350\247\243\345\231\250>, "/usr/lib/libz.so.1", O_RDONLY|O_CLOEXEC) = 3</usr/lib/libz.so.1.3.1.zlib-ng>
1426349 openat(AT_FDCWD</tmp/kernel-audit2-v3r63b5w/\346\261\202\350\247\243\345\231\250>, "/usr/lib/libbrotlienc.so.1", O_RDONLY|O_CLOEXEC) = 3</usr/lib/libbrotlienc.so.1.2.0>
1426349 openat(AT_FDCWD</tmp/kernel-audit2-v3r63b5w/\346\261\202\350\247\243\345\231\250>, "/usr/lib/libbrotlidec.so.1", O_RDONLY|O_CLOEXEC) = 3</usr/lib/libbrotlidec.so.1.2.0>
1426349 openat(AT_FDCWD</tmp/kernel-audit2-v3r63b5w/\346\261\202\350\247\243\345\231\250>, "/usr/lib/libzstd.so.1", O_RDONLY|O_CLOEXEC) = 3</usr/lib/libzstd.so.1.5.7>
1426349 openat(AT_FDCWD</tmp/kernel-audit2-v3r63b5w/\346\261\202\350\247\243\345\231\250>, "/usr/lib/libm.so.6", O_RDONLY|O_CLOEXEC) = 3</usr/lib/libm.so.6>
1426349 openat(AT_FDCWD</tmp/kernel-audit2-v3r63b5w/\346\261\202\350\247\243\345\231\250>, "/usr/lib/libbrotlicommon.so.1", O_RDONLY|O_CLOEXEC) = 3</usr/lib/libbrotlicommon.so.1.2.0>
1426349 openat(AT_FDCWD</tmp/kernel-audit2-v3r63b5w/\346\261\202\350\247\243\345\231\250>, "/usr/lib/locale/locale-archive", O_RDONLY|O_CLOEXEC) = 3</usr/lib/locale/locale-archive>
1426349 openat(AT_FDCWD</tmp/kernel-audit2-v3r63b5w/\346\261\202\350\247\243\345\231\250>, "/usr/share/locale/locale.alias", O_RDONLY|O_CLOEXEC) = 3</usr/share/locale/locale.alias>
1426349 openat(AT_FDCWD</tmp/kernel-audit2-v3r63b5w/\346\261\202\350\247\243\345\231\250>, "/usr/lib/locale/C.UTF-8/LC_IDENTIFICATION", O_RDONLY|O_CLOEXEC) = -1 ENOENT (No such file or directory)
1426349 openat(AT_FDCWD</tmp/kernel-audit2-v3r63b5w/\346\261\202\350\247\243\345\231\250>, "/usr/lib/locale/C.utf8/LC_IDENTIFICATION", O_RDONLY|O_CLOEXEC) = 3</usr/lib/locale/C.utf8/LC_IDENTIFICATION>
1426349 openat(AT_FDCWD</tmp/kernel-audit2-v3r63b5w/\346\261\202\350\247\243\345\231\250>, "/usr/lib/gconv/gconv-modules.cache", O_RDONLY|O_CLOEXEC) = 3</usr/lib/gconv/gconv-modules.cache>
1426349 openat(AT_FDCWD</tmp/kernel-audit2-v3r63b5w/\346\261\202\350\247\243\345\231\250>, "/usr/lib/locale/C.UTF-8/LC_MEASUREMENT", O_RDONLY|O_CLOEXEC) = -1 ENOENT (No such file or directory)
1426349 openat(AT_FDCWD</tmp/kernel-audit2-v3r63b5w/\346\261\202\350\247\243\345\231\250>, "/usr/lib/locale/C.utf8/LC_MEASUREMENT", O_RDONLY|O_CLOEXEC) = 3</usr/lib/locale/C.utf8/LC_MEASUREMENT>
1426349 openat(AT_FDCWD</tmp/kernel-audit2-v3r63b5w/\346\261\202\350\247\243\345\231\250>, "/usr/lib/locale/C.UTF-8/LC_TELEPHONE", O_RDONLY|O_CLOEXEC) = -1 ENOENT (No such file or directory)
1426349 openat(AT_FDCWD</tmp/kernel-audit2-v3r63b5w/\346\261\202\350\247\243\345\231\250>, "/usr/lib/locale/C.utf8/LC_TELEPHONE", O_RDONLY|O_CLOEXEC) = 3</usr/lib/locale/C.utf8/LC_TELEPHONE>
1426349 openat(AT_FDCWD</tmp/kernel-audit2-v3r63b5w/\346\261\202\350\247\243\345\231\250>, "/usr/lib/locale/C.UTF-8/LC_ADDRESS", O_RDONLY|O_CLOEXEC) = -1 ENOENT (No such file or directory)
1426349 openat(AT_FDCWD</tmp/kernel-audit2-v3r63b5w/\346\261\202\350\247\243\345\231\250>, "/usr/lib/locale/C.utf8/LC_ADDRESS", O_RDONLY|O_CLOEXEC) = 3</usr/lib/locale/C.utf8/LC_ADDRESS>
1426349 openat(AT_FDCWD</tmp/kernel-audit2-v3r63b5w/\346\261\202\350\247\243\345\231\250>, "/usr/lib/locale/C.UTF-8/LC_NAME", O_RDONLY|O_CLOEXEC) = -1 ENOENT (No such file or directory)
1426349 openat(AT_FDCWD</tmp/kernel-audit2-v3r63b5w/\346\261\202\350\247\243\345\231\250>, "/usr/lib/locale/C.utf8/LC_NAME", O_RDONLY|O_CLOEXEC) = 3</usr/lib/locale/C.utf8/LC_NAME>
1426349 openat(AT_FDCWD</tmp/kernel-audit2-v3r63b5w/\346\261\202\350\247\243\345\231\250>, "/usr/lib/locale/C.UTF-8/LC_PAPER", O_RDONLY|O_CLOEXEC) = -1 ENOENT (No such file or directory)
1426349 openat(AT_FDCWD</tmp/kernel-audit2-v3r63b5w/\346\261\202\350\247\243\345\231\250>, "/usr/lib/locale/C.utf8/LC_PAPER", O_RDONLY|O_CLOEXEC) = 3</usr/lib/locale/C.utf8/LC_PAPER>
1426349 openat(AT_FDCWD</tmp/kernel-audit2-v3r63b5w/\346\261\202\350\247\243\345\231\250>, "/usr/lib/locale/C.UTF-8/LC_MESSAGES", O_RDONLY|O_CLOEXEC) = -1 ENOENT (No such file or directory)
1426349 openat(AT_FDCWD</tmp/kernel-audit2-v3r63b5w/\346\261\202\350\247\243\345\231\250>, "/usr/lib/locale/C.utf8/LC_MESSAGES", O_RDONLY|O_CLOEXEC) = 3</usr/lib/locale/C.utf8/LC_MESSAGES>
1426349 openat(AT_FDCWD</tmp/kernel-audit2-v3r63b5w/\346\261\202\350\247\243\345\231\250>, "/usr/lib/locale/C.utf8/LC_MESSAGES/SYS_LC_MESSAGES", O_RDONLY|O_CLOEXEC) = 3</usr/lib/locale/C.utf8/LC_MESSAGES/SYS_LC_MESSAGES>
1426349 openat(AT_FDCWD</tmp/kernel-audit2-v3r63b5w/\346\261\202\350\247\243\345\231\250>, "/usr/lib/locale/C.UTF-8/LC_MONETARY", O_RDONLY|O_CLOEXEC) = -1 ENOENT (No such file or directory)
1426349 openat(AT_FDCWD</tmp/kernel-audit2-v3r63b5w/\346\261\202\350\247\243\345\231\250>, "/usr/lib/locale/C.utf8/LC_MONETARY", O_RDONLY|O_CLOEXEC) = 3</usr/lib/locale/C.utf8/LC_MONETARY>
1426349 openat(AT_FDCWD</tmp/kernel-audit2-v3r63b5w/\346\261\202\350\247\243\345\231\250>, "/usr/lib/locale/C.UTF-8/LC_COLLATE", O_RDONLY|O_CLOEXEC) = -1 ENOENT (No such file or directory)
1426349 openat(AT_FDCWD</tmp/kernel-audit2-v3r63b5w/\346\261\202\350\247\243\345\231\250>, "/usr/lib/locale/C.utf8/LC_COLLATE", O_RDONLY|O_CLOEXEC) = 3</usr/lib/locale/C.utf8/LC_COLLATE>
1426349 openat(AT_FDCWD</tmp/kernel-audit2-v3r63b5w/\346\261\202\350\247\243\345\231\250>, "/usr/lib/locale/C.UTF-8/LC_TIME", O_RDONLY|O_CLOEXEC) = -1 ENOENT (No such file or directory)
1426349 openat(AT_FDCWD</tmp/kernel-audit2-v3r63b5w/\346\261\202\350\247\243\345\231\250>, "/usr/lib/locale/C.utf8/LC_TIME", O_RDONLY|O_CLOEXEC) = 3</usr/lib/locale/C.utf8/LC_TIME>
1426349 openat(AT_FDCWD</tmp/kernel-audit2-v3r63b5w/\346\261\202\350\247\243\345\231\250>, "/usr/lib/locale/C.UTF-8/LC_NUMERIC", O_RDONLY|O_CLOEXEC) = -1 ENOENT (No such file or directory)
1426349 openat(AT_FDCWD</tmp/kernel-audit2-v3r63b5w/\346\261\202\350\247\243\345\231\250>, "/usr/lib/locale/C.utf8/LC_NUMERIC", O_RDONLY|O_CLOEXEC) = 3</usr/lib/locale/C.utf8/LC_NUMERIC>
1426349 openat(AT_FDCWD</tmp/kernel-audit2-v3r63b5w/\346\261\202\350\247\243\345\231\250>, "/usr/lib/locale/C.UTF-8/LC_CTYPE", O_RDONLY|O_CLOEXEC) = -1 ENOENT (No such file or directory)
1426349 openat(AT_FDCWD</tmp/kernel-audit2-v3r63b5w/\346\261\202\350\247\243\345\231\250>, "/usr/lib/locale/C.utf8/LC_CTYPE", O_RDONLY|O_CLOEXEC) = 3</usr/lib/locale/C.utf8/LC_CTYPE>
1426349 openat(AT_FDCWD</tmp/kernel-audit2-v3r63b5w/\346\261\202\350\247\243\345\231\250>, "/tmp/kernel-audit2-v3r63b5w/\346\261\202\350\247\243\345\231\250/crates/kernel/src/event_identity.rs", O_RDONLY) = 3</tmp/kernel-audit2-v3r63b5w/\346\261\202\350\247\243\345\231\250/crates/kernel/src/event_identity.rs>
1426283 --- SIGCHLD {si_signo=SIGCHLD, si_code=CLD_EXITED, si_pid=1426349, si_uid=1000, si_status=0, si_utime=0, si_stime=0} ---
1426283 openat(AT_FDCWD</tmp/kernel-audit2-v3r63b5w/\346\261\202\350\247\243\345\231\250>, "/dev/null", O_RDONLY|O_CLOEXEC) = 3</dev/null<char 1:3>>
1426350 execve("/home/zhuran24/.codex/tmp/arg0/codex-arg0DuAZRy/sha256sum", ["sha256sum", "--", "/tmp/kernel-audit2-v3r63b5w/\346\261\202\350\247\243\345\231\250/crates/kernel/src/warehouse.rs"], 0x7ffdc1bb9fc8 /* 135 vars */) = -1 ENOENT (No such file or directory)
1426350 execve("/home/zhuran24/.cargo/bin/sha256sum", ["sha256sum", "--", "/tmp/kernel-audit2-v3r63b5w/\346\261\202\350\247\243\345\231\250/crates/kernel/src/warehouse.rs"], 0x7ffdc1bb9fc8 /* 135 vars */) = -1 ENOENT (No such file or directory)
1426350 execve("/home/zhuran24/.local/bin/sha256sum", ["sha256sum", "--", "/tmp/kernel-audit2-v3r63b5w/\346\261\202\350\247\243\345\231\250/crates/kernel/src/warehouse.rs"], 0x7ffdc1bb9fc8 /* 135 vars */) = -1 ENOENT (No such file or directory)
1426350 execve("/home/zhuran24/.opencode/bin/sha256sum", ["sha256sum", "--", "/tmp/kernel-audit2-v3r63b5w/\346\261\202\350\247\243\345\231\250/crates/kernel/src/warehouse.rs"], 0x7ffdc1bb9fc8 /* 135 vars */) = -1 ENOENT (No such file or directory)
1426350 execve("/usr/local/bin/sha256sum", ["sha256sum", "--", "/tmp/kernel-audit2-v3r63b5w/\346\261\202\350\247\243\345\231\250/crates/kernel/src/warehouse.rs"], 0x7ffdc1bb9fc8 /* 135 vars */) = -1 ENOENT (No such file or directory)
1426350 execve("/usr/bin/sha256sum", ["sha256sum", "--", "/tmp/kernel-audit2-v3r63b5w/\346\261\202\350\247\243\345\231\250/crates/kernel/src/warehouse.rs"], 0x7ffdc1bb9fc8 /* 135 vars */) = 0
1426350 openat(AT_FDCWD</tmp/kernel-audit2-v3r63b5w/\346\261\202\350\247\243\345\231\250>, "/etc/ld.so.cache", O_RDONLY|O_CLOEXEC) = 3</etc/ld.so.cache>
1426350 openat(AT_FDCWD</tmp/kernel-audit2-v3r63b5w/\346\261\202\350\247\243\345\231\250>, "/usr/lib/libcrypto.so.3", O_RDONLY|O_CLOEXEC) = 3</usr/lib/libcrypto.so.3>
1426350 openat(AT_FDCWD</tmp/kernel-audit2-v3r63b5w/\346\261\202\350\247\243\345\231\250>, "/usr/lib/libc.so.6", O_RDONLY|O_CLOEXEC) = 3</usr/lib/libc.so.6>
1426350 openat(AT_FDCWD</tmp/kernel-audit2-v3r63b5w/\346\261\202\350\247\243\345\231\250>, "/usr/lib/libz.so.1", O_RDONLY|O_CLOEXEC) = 3</usr/lib/libz.so.1.3.1.zlib-ng>
1426350 openat(AT_FDCWD</tmp/kernel-audit2-v3r63b5w/\346\261\202\350\247\243\345\231\250>, "/usr/lib/libbrotlienc.so.1", O_RDONLY|O_CLOEXEC) = 3</usr/lib/libbrotlienc.so.1.2.0>
1426350 openat(AT_FDCWD</tmp/kernel-audit2-v3r63b5w/\346\261\202\350\247\243\345\231\250>, "/usr/lib/libbrotlidec.so.1", O_RDONLY|O_CLOEXEC) = 3</usr/lib/libbrotlidec.so.1.2.0>
1426350 openat(AT_FDCWD</tmp/kernel-audit2-v3r63b5w/\346\261\202\350\247\243\345\231\250>, "/usr/lib/libzstd.so.1", O_RDONLY|O_CLOEXEC) = 3</usr/lib/libzstd.so.1.5.7>
1426350 openat(AT_FDCWD</tmp/kernel-audit2-v3r63b5w/\346\261\202\350\247\243\345\231\250>, "/usr/lib/libm.so.6", O_RDONLY|O_CLOEXEC) = 3</usr/lib/libm.so.6>
1426350 openat(AT_FDCWD</tmp/kernel-audit2-v3r63b5w/\346\261\202\350\247\243\345\231\250>, "/usr/lib/libbrotlicommon.so.1", O_RDONLY|O_CLOEXEC) = 3</usr/lib/libbrotlicommon.so.1.2.0>
1426350 openat(AT_FDCWD</tmp/kernel-audit2-v3r63b5w/\346\261\202\350\247\243\345\231\250>, "/usr/lib/locale/locale-archive", O_RDONLY|O_CLOEXEC) = 3</usr/lib/locale/locale-archive>
1426350 openat(AT_FDCWD</tmp/kernel-audit2-v3r63b5w/\346\261\202\350\247\243\345\231\250>, "/usr/share/locale/locale.alias", O_RDONLY|O_CLOEXEC) = 3</usr/share/locale/locale.alias>
1426350 openat(AT_FDCWD</tmp/kernel-audit2-v3r63b5w/\346\261\202\350\247\243\345\231\250>, "/usr/lib/locale/C.UTF-8/LC_IDENTIFICATION", O_RDONLY|O_CLOEXEC) = -1 ENOENT (No such file or directory)
1426350 openat(AT_FDCWD</tmp/kernel-audit2-v3r63b5w/\346\261\202\350\247\243\345\231\250>, "/usr/lib/locale/C.utf8/LC_IDENTIFICATION", O_RDONLY|O_CLOEXEC) = 3</usr/lib/locale/C.utf8/LC_IDENTIFICATION>
1426350 openat(AT_FDCWD</tmp/kernel-audit2-v3r63b5w/\346\261\202\350\247\243\345\231\250>, "/usr/lib/gconv/gconv-modules.cache", O_RDONLY|O_CLOEXEC) = 3</usr/lib/gconv/gconv-modules.cache>
1426350 openat(AT_FDCWD</tmp/kernel-audit2-v3r63b5w/\346\261\202\350\247\243\345\231\250>, "/usr/lib/locale/C.UTF-8/LC_MEASUREMENT", O_RDONLY|O_CLOEXEC) = -1 ENOENT (No such file or directory)
1426350 openat(AT_FDCWD</tmp/kernel-audit2-v3r63b5w/\346\261\202\350\247\243\345\231\250>, "/usr/lib/locale/C.utf8/LC_MEASUREMENT", O_RDONLY|O_CLOEXEC) = 3</usr/lib/locale/C.utf8/LC_MEASUREMENT>
1426350 openat(AT_FDCWD</tmp/kernel-audit2-v3r63b5w/\346\261\202\350\247\243\345\231\250>, "/usr/lib/locale/C.UTF-8/LC_TELEPHONE", O_RDONLY|O_CLOEXEC) = -1 ENOENT (No such file or directory)
1426350 openat(AT_FDCWD</tmp/kernel-audit2-v3r63b5w/\346\261\202\350\247\243\345\231\250>, "/usr/lib/locale/C.utf8/LC_TELEPHONE", O_RDONLY|O_CLOEXEC) = 3</usr/lib/locale/C.utf8/LC_TELEPHONE>
1426350 openat(AT_FDCWD</tmp/kernel-audit2-v3r63b5w/\346\261\202\350\247\243\345\231\250>, "/usr/lib/locale/C.UTF-8/LC_ADDRESS", O_RDONLY|O_CLOEXEC) = -1 ENOENT (No such file or directory)
1426350 openat(AT_FDCWD</tmp/kernel-audit2-v3r63b5w/\346\261\202\350\247\243\345\231\250>, "/usr/lib/locale/C.utf8/LC_ADDRESS", O_RDONLY|O_CLOEXEC) = 3</usr/lib/locale/C.utf8/LC_ADDRESS>
1426350 openat(AT_FDCWD</tmp/kernel-audit2-v3r63b5w/\346\261\202\350\247\243\345\231\250>, "/usr/lib/locale/C.UTF-8/LC_NAME", O_RDONLY|O_CLOEXEC) = -1 ENOENT (No such file or directory)
1426350 openat(AT_FDCWD</tmp/kernel-audit2-v3r63b5w/\346\261\202\350\247\243\345\231\250>, "/usr/lib/locale/C.utf8/LC_NAME", O_RDONLY|O_CLOEXEC) = 3</usr/lib/locale/C.utf8/LC_NAME>
1426350 openat(AT_FDCWD</tmp/kernel-audit2-v3r63b5w/\346\261\202\350\247\243\345\231\250>, "/usr/lib/locale/C.UTF-8/LC_PAPER", O_RDONLY|O_CLOEXEC) = -1 ENOENT (No such file or directory)
1426350 openat(AT_FDCWD</tmp/kernel-audit2-v3r63b5w/\346\261\202\350\247\243\345\231\250>, "/usr/lib/locale/C.utf8/LC_PAPER", O_RDONLY|O_CLOEXEC) = 3</usr/lib/locale/C.utf8/LC_PAPER>
1426350 openat(AT_FDCWD</tmp/kernel-audit2-v3r63b5w/\346\261\202\350\247\243\345\231\250>, "/usr/lib/locale/C.UTF-8/LC_MESSAGES", O_RDONLY|O_CLOEXEC) = -1 ENOENT (No such file or directory)
1426350 openat(AT_FDCWD</tmp/kernel-audit2-v3r63b5w/\346\261\202\350\247\243\345\231\250>, "/usr/lib/locale/C.utf8/LC_MESSAGES", O_RDONLY|O_CLOEXEC) = 3</usr/lib/locale/C.utf8/LC_MESSAGES>
1426350 openat(AT_FDCWD</tmp/kernel-audit2-v3r63b5w/\346\261\202\350\247\243\345\231\250>, "/usr/lib/locale/C.utf8/LC_MESSAGES/SYS_LC_MESSAGES", O_RDONLY|O_CLOEXEC) = 3</usr/lib/locale/C.utf8/LC_MESSAGES/SYS_LC_MESSAGES>
1426350 openat(AT_FDCWD</tmp/kernel-audit2-v3r63b5w/\346\261\202\350\247\243\345\231\250>, "/usr/lib/locale/C.UTF-8/LC_MONETARY", O_RDONLY|O_CLOEXEC) = -1 ENOENT (No such file or directory)
1426350 openat(AT_FDCWD</tmp/kernel-audit2-v3r63b5w/\346\261\202\350\247\243\345\231\250>, "/usr/lib/locale/C.utf8/LC_MONETARY", O_RDONLY|O_CLOEXEC) = 3</usr/lib/locale/C.utf8/LC_MONETARY>
1426350 openat(AT_FDCWD</tmp/kernel-audit2-v3r63b5w/\346\261\202\350\247\243\345\231\250>, "/usr/lib/locale/C.UTF-8/LC_COLLATE", O_RDONLY|O_CLOEXEC) = -1 ENOENT (No such file or directory)
1426350 openat(AT_FDCWD</tmp/kernel-audit2-v3r63b5w/\346\261\202\350\247\243\345\231\250>, "/usr/lib/locale/C.utf8/LC_COLLATE", O_RDONLY|O_CLOEXEC) = 3</usr/lib/locale/C.utf8/LC_COLLATE>
1426350 openat(AT_FDCWD</tmp/kernel-audit2-v3r63b5w/\346\261\202\350\247\243\345\231\250>, "/usr/lib/locale/C.UTF-8/LC_TIME", O_RDONLY|O_CLOEXEC) = -1 ENOENT (No such file or directory)
1426350 openat(AT_FDCWD</tmp/kernel-audit2-v3r63b5w/\346\261\202\350\247\243\345\231\250>, "/usr/lib/locale/C.utf8/LC_TIME", O_RDONLY|O_CLOEXEC) = 3</usr/lib/locale/C.utf8/LC_TIME>
1426350 openat(AT_FDCWD</tmp/kernel-audit2-v3r63b5w/\346\261\202\350\247\243\345\231\250>, "/usr/lib/locale/C.UTF-8/LC_NUMERIC", O_RDONLY|O_CLOEXEC) = -1 ENOENT (No such file or directory)
1426350 openat(AT_FDCWD</tmp/kernel-audit2-v3r63b5w/\346\261\202\350\247\243\345\231\250>, "/usr/lib/locale/C.utf8/LC_NUMERIC", O_RDONLY|O_CLOEXEC) = 3</usr/lib/locale/C.utf8/LC_NUMERIC>
1426350 openat(AT_FDCWD</tmp/kernel-audit2-v3r63b5w/\346\261\202\350\247\243\345\231\250>, "/usr/lib/locale/C.UTF-8/LC_CTYPE", O_RDONLY|O_CLOEXEC) = -1 ENOENT (No such file or directory)
1426350 openat(AT_FDCWD</tmp/kernel-audit2-v3r63b5w/\346\261\202\350\247\243\345\231\250>, "/usr/lib/locale/C.utf8/LC_CTYPE", O_RDONLY|O_CLOEXEC) = 3</usr/lib/locale/C.utf8/LC_CTYPE>
1426350 openat(AT_FDCWD</tmp/kernel-audit2-v3r63b5w/\346\261\202\350\247\243\345\231\250>, "/tmp/kernel-audit2-v3r63b5w/\346\261\202\350\247\243\345\231\250/crates/kernel/src/warehouse.rs", O_RDONLY) = 3</tmp/kernel-audit2-v3r63b5w/\346\261\202\350\247\243\345\231\250/crates/kernel/src/warehouse.rs>
1426283 --- SIGCHLD {si_signo=SIGCHLD, si_code=CLD_EXITED, si_pid=1426350, si_uid=1000, si_status=0, si_utime=0, si_stime=0} ---
1426283 openat(AT_FDCWD</tmp/kernel-audit2-v3r63b5w/\346\261\202\350\247\243\345\231\250>, "/dev/null", O_RDONLY|O_CLOEXEC) = 3</dev/null<char 1:3>>
1426351 execve("/home/zhuran24/.codex/tmp/arg0/codex-arg0DuAZRy/sha256sum", ["sha256sum", "--", "/tmp/kernel-audit2-v3r63b5w/\346\261\202\350\247\243\345\231\250/crates/kernel/src/polling.rs"], 0x7ffdc1bb9fc8 /* 135 vars */) = -1 ENOENT (No such file or directory)
1426351 execve("/home/zhuran24/.cargo/bin/sha256sum", ["sha256sum", "--", "/tmp/kernel-audit2-v3r63b5w/\346\261\202\350\247\243\345\231\250/crates/kernel/src/polling.rs"], 0x7ffdc1bb9fc8 /* 135 vars */) = -1 ENOENT (No such file or directory)
1426351 execve("/home/zhuran24/.local/bin/sha256sum", ["sha256sum", "--", "/tmp/kernel-audit2-v3r63b5w/\346\261\202\350\247\243\345\231\250/crates/kernel/src/polling.rs"], 0x7ffdc1bb9fc8 /* 135 vars */) = -1 ENOENT (No such file or directory)
1426351 execve("/home/zhuran24/.opencode/bin/sha256sum", ["sha256sum", "--", "/tmp/kernel-audit2-v3r63b5w/\346\261\202\350\247\243\345\231\250/crates/kernel/src/polling.rs"], 0x7ffdc1bb9fc8 /* 135 vars */) = -1 ENOENT (No such file or directory)
1426351 execve("/usr/local/bin/sha256sum", ["sha256sum", "--", "/tmp/kernel-audit2-v3r63b5w/\346\261\202\350\247\243\345\231\250/crates/kernel/src/polling.rs"], 0x7ffdc1bb9fc8 /* 135 vars */) = -1 ENOENT (No such file or directory)
1426351 execve("/usr/bin/sha256sum", ["sha256sum", "--", "/tmp/kernel-audit2-v3r63b5w/\346\261\202\350\247\243\345\231\250/crates/kernel/src/polling.rs"], 0x7ffdc1bb9fc8 /* 135 vars */) = 0
1426351 openat(AT_FDCWD</tmp/kernel-audit2-v3r63b5w/\346\261\202\350\247\243\345\231\250>, "/etc/ld.so.cache", O_RDONLY|O_CLOEXEC) = 3</etc/ld.so.cache>
1426351 openat(AT_FDCWD</tmp/kernel-audit2-v3r63b5w/\346\261\202\350\247\243\345\231\250>, "/usr/lib/libcrypto.so.3", O_RDONLY|O_CLOEXEC) = 3</usr/lib/libcrypto.so.3>
1426351 openat(AT_FDCWD</tmp/kernel-audit2-v3r63b5w/\346\261\202\350\247\243\345\231\250>, "/usr/lib/libc.so.6", O_RDONLY|O_CLOEXEC) = 3</usr/lib/libc.so.6>
1426351 openat(AT_FDCWD</tmp/kernel-audit2-v3r63b5w/\346\261\202\350\247\243\345\231\250>, "/usr/lib/libz.so.1", O_RDONLY|O_CLOEXEC) = 3</usr/lib/libz.so.1.3.1.zlib-ng>
1426351 openat(AT_FDCWD</tmp/kernel-audit2-v3r63b5w/\346\261\202\350\247\243\345\231\250>, "/usr/lib/libbrotlienc.so.1", O_RDONLY|O_CLOEXEC) = 3</usr/lib/libbrotlienc.so.1.2.0>
1426351 openat(AT_FDCWD</tmp/kernel-audit2-v3r63b5w/\346\261\202\350\247\243\345\231\250>, "/usr/lib/libbrotlidec.so.1", O_RDONLY|O_CLOEXEC) = 3</usr/lib/libbrotlidec.so.1.2.0>
1426351 openat(AT_FDCWD</tmp/kernel-audit2-v3r63b5w/\346\261\202\350\247\243\345\231\250>, "/usr/lib/libzstd.so.1", O_RDONLY|O_CLOEXEC) = 3</usr/lib/libzstd.so.1.5.7>
1426351 openat(AT_FDCWD</tmp/kernel-audit2-v3r63b5w/\346\261\202\350\247\243\345\231\250>, "/usr/lib/libm.so.6", O_RDONLY|O_CLOEXEC) = 3</usr/lib/libm.so.6>
1426351 openat(AT_FDCWD</tmp/kernel-audit2-v3r63b5w/\346\261\202\350\247\243\345\231\250>, "/usr/lib/libbrotlicommon.so.1", O_RDONLY|O_CLOEXEC) = 3</usr/lib/libbrotlicommon.so.1.2.0>
1426351 openat(AT_FDCWD</tmp/kernel-audit2-v3r63b5w/\346\261\202\350\247\243\345\231\250>, "/usr/lib/locale/locale-archive", O_RDONLY|O_CLOEXEC) = 3</usr/lib/locale/locale-archive>
1426351 openat(AT_FDCWD</tmp/kernel-audit2-v3r63b5w/\346\261\202\350\247\243\345\231\250>, "/usr/share/locale/locale.alias", O_RDONLY|O_CLOEXEC) = 3</usr/share/locale/locale.alias>
1426351 openat(AT_FDCWD</tmp/kernel-audit2-v3r63b5w/\346\261\202\350\247\243\345\231\250>, "/usr/lib/locale/C.UTF-8/LC_IDENTIFICATION", O_RDONLY|O_CLOEXEC) = -1 ENOENT (No such file or directory)
1426351 openat(AT_FDCWD</tmp/kernel-audit2-v3r63b5w/\346\261\202\350\247\243\345\231\250>, "/usr/lib/locale/C.utf8/LC_IDENTIFICATION", O_RDONLY|O_CLOEXEC) = 3</usr/lib/locale/C.utf8/LC_IDENTIFICATION>
1426351 openat(AT_FDCWD</tmp/kernel-audit2-v3r63b5w/\346\261\202\350\247\243\345\231\250>, "/usr/lib/gconv/gconv-modules.cache", O_RDONLY|O_CLOEXEC) = 3</usr/lib/gconv/gconv-modules.cache>
1426351 openat(AT_FDCWD</tmp/kernel-audit2-v3r63b5w/\346\261\202\350\247\243\345\231\250>, "/usr/lib/locale/C.UTF-8/LC_MEASUREMENT", O_RDONLY|O_CLOEXEC) = -1 ENOENT (No such file or directory)
1426351 openat(AT_FDCWD</tmp/kernel-audit2-v3r63b5w/\346\261\202\350\247\243\345\231\250>, "/usr/lib/locale/C.utf8/LC_MEASUREMENT", O_RDONLY|O_CLOEXEC) = 3</usr/lib/locale/C.utf8/LC_MEASUREMENT>
1426351 openat(AT_FDCWD</tmp/kernel-audit2-v3r63b5w/\346\261\202\350\247\243\345\231\250>, "/usr/lib/locale/C.UTF-8/LC_TELEPHONE", O_RDONLY|O_CLOEXEC) = -1 ENOENT (No such file or directory)
1426351 openat(AT_FDCWD</tmp/kernel-audit2-v3r63b5w/\346\261\202\350\247\243\345\231\250>, "/usr/lib/locale/C.utf8/LC_TELEPHONE", O_RDONLY|O_CLOEXEC) = 3</usr/lib/locale/C.utf8/LC_TELEPHONE>
1426351 openat(AT_FDCWD</tmp/kernel-audit2-v3r63b5w/\346\261\202\350\247\243\345\231\250>, "/usr/lib/locale/C.UTF-8/LC_ADDRESS", O_RDONLY|O_CLOEXEC) = -1 ENOENT (No such file or directory)
1426351 openat(AT_FDCWD</tmp/kernel-audit2-v3r63b5w/\346\261\202\350\247\243\345\231\250>, "/usr/lib/locale/C.utf8/LC_ADDRESS", O_RDONLY|O_CLOEXEC) = 3</usr/lib/locale/C.utf8/LC_ADDRESS>
1426351 openat(AT_FDCWD</tmp/kernel-audit2-v3r63b5w/\346\261\202\350\247\243\345\231\250>, "/usr/lib/locale/C.UTF-8/LC_NAME", O_RDONLY|O_CLOEXEC) = -1 ENOENT (No such file or directory)
1426351 openat(AT_FDCWD</tmp/kernel-audit2-v3r63b5w/\346\261\202\350\247\243\345\231\250>, "/usr/lib/locale/C.utf8/LC_NAME", O_RDONLY|O_CLOEXEC) = 3</usr/lib/locale/C.utf8/LC_NAME>
1426351 openat(AT_FDCWD</tmp/kernel-audit2-v3r63b5w/\346\261\202\350\247\243\345\231\250>, "/usr/lib/locale/C.UTF-8/LC_PAPER", O_RDONLY|O_CLOEXEC) = -1 ENOENT (No such file or directory)
1426351 openat(AT_FDCWD</tmp/kernel-audit2-v3r63b5w/\346\261\202\350\247\243\345\231\250>, "/usr/lib/locale/C.utf8/LC_PAPER", O_RDONLY|O_CLOEXEC) = 3</usr/lib/locale/C.utf8/LC_PAPER>
1426351 openat(AT_FDCWD</tmp/kernel-audit2-v3r63b5w/\346\261\202\350\247\243\345\231\250>, "/usr/lib/locale/C.UTF-8/LC_MESSAGES", O_RDONLY|O_CLOEXEC) = -1 ENOENT (No such file or directory)
1426351 openat(AT_FDCWD</tmp/kernel-audit2-v3r63b5w/\346\261\202\350\247\243\345\231\250>, "/usr/lib/locale/C.utf8/LC_MESSAGES", O_RDONLY|O_CLOEXEC) = 3</usr/lib/locale/C.utf8/LC_MESSAGES>
1426351 openat(AT_FDCWD</tmp/kernel-audit2-v3r63b5w/\346\261\202\350\247\243\345\231\250>, "/usr/lib/locale/C.utf8/LC_MESSAGES/SYS_LC_MESSAGES", O_RDONLY|O_CLOEXEC) = 3</usr/lib/locale/C.utf8/LC_MESSAGES/SYS_LC_MESSAGES>
1426351 openat(AT_FDCWD</tmp/kernel-audit2-v3r63b5w/\346\261\202\350\247\243\345\231\250>, "/usr/lib/locale/C.UTF-8/LC_MONETARY", O_RDONLY|O_CLOEXEC) = -1 ENOENT (No such file or directory)
1426351 openat(AT_FDCWD</tmp/kernel-audit2-v3r63b5w/\346\261\202\350\247\243\345\231\250>, "/usr/lib/locale/C.utf8/LC_MONETARY", O_RDONLY|O_CLOEXEC) = 3</usr/lib/locale/C.utf8/LC_MONETARY>
1426351 openat(AT_FDCWD</tmp/kernel-audit2-v3r63b5w/\346\261\202\350\247\243\345\231\250>, "/usr/lib/locale/C.UTF-8/LC_COLLATE", O_RDONLY|O_CLOEXEC) = -1 ENOENT (No such file or directory)
1426351 openat(AT_FDCWD</tmp/kernel-audit2-v3r63b5w/\346\261\202\350\247\243\345\231\250>, "/usr/lib/locale/C.utf8/LC_COLLATE", O_RDONLY|O_CLOEXEC) = 3</usr/lib/locale/C.utf8/LC_COLLATE>
1426351 openat(AT_FDCWD</tmp/kernel-audit2-v3r63b5w/\346\261\202\350\247\243\345\231\250>, "/usr/lib/locale/C.UTF-8/LC_TIME", O_RDONLY|O_CLOEXEC) = -1 ENOENT (No such file or directory)
1426351 openat(AT_FDCWD</tmp/kernel-audit2-v3r63b5w/\346\261\202\350\247\243\345\231\250>, "/usr/lib/locale/C.utf8/LC_TIME", O_RDONLY|O_CLOEXEC) = 3</usr/lib/locale/C.utf8/LC_TIME>
1426351 openat(AT_FDCWD</tmp/kernel-audit2-v3r63b5w/\346\261\202\350\247\243\345\231\250>, "/usr/lib/locale/C.UTF-8/LC_NUMERIC", O_RDONLY|O_CLOEXEC) = -1 ENOENT (No such file or directory)
1426351 openat(AT_FDCWD</tmp/kernel-audit2-v3r63b5w/\346\261\202\350\247\243\345\231\250>, "/usr/lib/locale/C.utf8/LC_NUMERIC", O_RDONLY|O_CLOEXEC) = 3</usr/lib/locale/C.utf8/LC_NUMERIC>
1426351 openat(AT_FDCWD</tmp/kernel-audit2-v3r63b5w/\346\261\202\350\247\243\345\231\250>, "/usr/lib/locale/C.UTF-8/LC_CTYPE", O_RDONLY|O_CLOEXEC) = -1 ENOENT (No such file or directory)
1426351 openat(AT_FDCWD</tmp/kernel-audit2-v3r63b5w/\346\261\202\350\247\243\345\231\250>, "/usr/lib/locale/C.utf8/LC_CTYPE", O_RDONLY|O_CLOEXEC) = 3</usr/lib/locale/C.utf8/LC_CTYPE>
1426351 openat(AT_FDCWD</tmp/kernel-audit2-v3r63b5w/\346\261\202\350\247\243\345\231\250>, "/tmp/kernel-audit2-v3r63b5w/\346\261\202\350\247\243\345\231\250/crates/kernel/src/polling.rs", O_RDONLY) = 3</tmp/kernel-audit2-v3r63b5w/\346\261\202\350\247\243\345\231\250/crates/kernel/src/polling.rs>
1426283 --- SIGCHLD {si_signo=SIGCHLD, si_code=CLD_EXITED, si_pid=1426351, si_uid=1000, si_status=0, si_utime=0, si_stime=0} ---
1426283 openat(AT_FDCWD</tmp/kernel-audit2-v3r63b5w/\346\261\202\350\247\243\345\231\250>, "/dev/null", O_RDONLY|O_CLOEXEC) = 3</dev/null<char 1:3>>
1426352 execve("/home/zhuran24/.codex/tmp/arg0/codex-arg0DuAZRy/sha256sum", ["sha256sum", "--", "/tmp/kernel-audit2-v3r63b5w/\346\261\202\350\247\243\345\231\250/crates/kernel/src/transition.rs"], 0x7ffdc1bb9fc8 /* 135 vars */) = -1 ENOENT (No such file or directory)
1426352 execve("/home/zhuran24/.cargo/bin/sha256sum", ["sha256sum", "--", "/tmp/kernel-audit2-v3r63b5w/\346\261\202\350\247\243\345\231\250/crates/kernel/src/transition.rs"], 0x7ffdc1bb9fc8 /* 135 vars */) = -1 ENOENT (No such file or directory)
1426352 execve("/home/zhuran24/.local/bin/sha256sum", ["sha256sum", "--", "/tmp/kernel-audit2-v3r63b5w/\346\261\202\350\247\243\345\231\250/crates/kernel/src/transition.rs"], 0x7ffdc1bb9fc8 /* 135 vars */) = -1 ENOENT (No such file or directory)
1426352 execve("/home/zhuran24/.opencode/bin/sha256sum", ["sha256sum", "--", "/tmp/kernel-audit2-v3r63b5w/\346\261\202\350\247\243\345\231\250/crates/kernel/src/transition.rs"], 0x7ffdc1bb9fc8 /* 135 vars */) = -1 ENOENT (No such file or directory)
1426352 execve("/usr/local/bin/sha256sum", ["sha256sum", "--", "/tmp/kernel-audit2-v3r63b5w/\346\261\202\350\247\243\345\231\250/crates/kernel/src/transition.rs"], 0x7ffdc1bb9fc8 /* 135 vars */) = -1 ENOENT (No such file or directory)
1426352 execve("/usr/bin/sha256sum", ["sha256sum", "--", "/tmp/kernel-audit2-v3r63b5w/\346\261\202\350\247\243\345\231\250/crates/kernel/src/transition.rs"], 0x7ffdc1bb9fc8 /* 135 vars */) = 0
1426352 openat(AT_FDCWD</tmp/kernel-audit2-v3r63b5w/\346\261\202\350\247\243\345\231\250>, "/etc/ld.so.cache", O_RDONLY|O_CLOEXEC) = 3</etc/ld.so.cache>
1426352 openat(AT_FDCWD</tmp/kernel-audit2-v3r63b5w/\346\261\202\350\247\243\345\231\250>, "/usr/lib/libcrypto.so.3", O_RDONLY|O_CLOEXEC) = 3</usr/lib/libcrypto.so.3>
1426352 openat(AT_FDCWD</tmp/kernel-audit2-v3r63b5w/\346\261\202\350\247\243\345\231\250>, "/usr/lib/libc.so.6", O_RDONLY|O_CLOEXEC) = 3</usr/lib/libc.so.6>
1426352 openat(AT_FDCWD</tmp/kernel-audit2-v3r63b5w/\346\261\202\350\247\243\345\231\250>, "/usr/lib/libz.so.1", O_RDONLY|O_CLOEXEC) = 3</usr/lib/libz.so.1.3.1.zlib-ng>
1426352 openat(AT_FDCWD</tmp/kernel-audit2-v3r63b5w/\346\261\202\350\247\243\345\231\250>, "/usr/lib/libbrotlienc.so.1", O_RDONLY|O_CLOEXEC) = 3</usr/lib/libbrotlienc.so.1.2.0>
1426352 openat(AT_FDCWD</tmp/kernel-audit2-v3r63b5w/\346\261\202\350\247\243\345\231\250>, "/usr/lib/libbrotlidec.so.1", O_RDONLY|O_CLOEXEC) = 3</usr/lib/libbrotlidec.so.1.2.0>
1426352 openat(AT_FDCWD</tmp/kernel-audit2-v3r63b5w/\346\261\202\350\247\243\345\231\250>, "/usr/lib/libzstd.so.1", O_RDONLY|O_CLOEXEC) = 3</usr/lib/libzstd.so.1.5.7>
1426352 openat(AT_FDCWD</tmp/kernel-audit2-v3r63b5w/\346\261\202\350\247\243\345\231\250>, "/usr/lib/libm.so.6", O_RDONLY|O_CLOEXEC) = 3</usr/lib/libm.so.6>
1426352 openat(AT_FDCWD</tmp/kernel-audit2-v3r63b5w/\346\261\202\350\247\243\345\231\250>, "/usr/lib/libbrotlicommon.so.1", O_RDONLY|O_CLOEXEC) = 3</usr/lib/libbrotlicommon.so.1.2.0>
1426352 openat(AT_FDCWD</tmp/kernel-audit2-v3r63b5w/\346\261\202\350\247\243\345\231\250>, "/usr/lib/locale/locale-archive", O_RDONLY|O_CLOEXEC) = 3</usr/lib/locale/locale-archive>
1426352 openat(AT_FDCWD</tmp/kernel-audit2-v3r63b5w/\346\261\202\350\247\243\345\231\250>, "/usr/share/locale/locale.alias", O_RDONLY|O_CLOEXEC) = 3</usr/share/locale/locale.alias>
1426352 openat(AT_FDCWD</tmp/kernel-audit2-v3r63b5w/\346\261\202\350\247\243\345\231\250>, "/usr/lib/locale/C.UTF-8/LC_IDENTIFICATION", O_RDONLY|O_CLOEXEC) = -1 ENOENT (No such file or directory)
1426352 openat(AT_FDCWD</tmp/kernel-audit2-v3r63b5w/\346\261\202\350\247\243\345\231\250>, "/usr/lib/locale/C.utf8/LC_IDENTIFICATION", O_RDONLY|O_CLOEXEC) = 3</usr/lib/locale/C.utf8/LC_IDENTIFICATION>
1426352 openat(AT_FDCWD</tmp/kernel-audit2-v3r63b5w/\346\261\202\350\247\243\345\231\250>, "/usr/lib/gconv/gconv-modules.cache", O_RDONLY|O_CLOEXEC) = 3</usr/lib/gconv/gconv-modules.cache>
1426352 openat(AT_FDCWD</tmp/kernel-audit2-v3r63b5w/\346\261\202\350\247\243\345\231\250>, "/usr/lib/locale/C.UTF-8/LC_MEASUREMENT", O_RDONLY|O_CLOEXEC) = -1 ENOENT (No such file or directory)
1426352 openat(AT_FDCWD</tmp/kernel-audit2-v3r63b5w/\346\261\202\350\247\243\345\231\250>, "/usr/lib/locale/C.utf8/LC_MEASUREMENT", O_RDONLY|O_CLOEXEC) = 3</usr/lib/locale/C.utf8/LC_MEASUREMENT>
1426352 openat(AT_FDCWD</tmp/kernel-audit2-v3r63b5w/\346\261\202\350\247\243\345\231\250>, "/usr/lib/locale/C.UTF-8/LC_TELEPHONE", O_RDONLY|O_CLOEXEC) = -1 ENOENT (No such file or directory)
1426352 openat(AT_FDCWD</tmp/kernel-audit2-v3r63b5w/\346\261\202\350\247\243\345\231\250>, "/usr/lib/locale/C.utf8/LC_TELEPHONE", O_RDONLY|O_CLOEXEC) = 3</usr/lib/locale/C.utf8/LC_TELEPHONE>
1426352 openat(AT_FDCWD</tmp/kernel-audit2-v3r63b5w/\346\261\202\350\247\243\345\231\250>, "/usr/lib/locale/C.UTF-8/LC_ADDRESS", O_RDONLY|O_CLOEXEC) = -1 ENOENT (No such file or directory)
1426352 openat(AT_FDCWD</tmp/kernel-audit2-v3r63b5w/\346\261\202\350\247\243\345\231\250>, "/usr/lib/locale/C.utf8/LC_ADDRESS", O_RDONLY|O_CLOEXEC) = 3</usr/lib/locale/C.utf8/LC_ADDRESS>
1426352 openat(AT_FDCWD</tmp/kernel-audit2-v3r63b5w/\346\261\202\350\247\243\345\231\250>, "/usr/lib/locale/C.UTF-8/LC_NAME", O_RDONLY|O_CLOEXEC) = -1 ENOENT (No such file or directory)
1426352 openat(AT_FDCWD</tmp/kernel-audit2-v3r63b5w/\346\261\202\350\247\243\345\231\250>, "/usr/lib/locale/C.utf8/LC_NAME", O_RDONLY|O_CLOEXEC) = 3</usr/lib/locale/C.utf8/LC_NAME>
1426352 openat(AT_FDCWD</tmp/kernel-audit2-v3r63b5w/\346\261\202\350\247\243\345\231\250>, "/usr/lib/locale/C.UTF-8/LC_PAPER", O_RDONLY|O_CLOEXEC) = -1 ENOENT (No such file or directory)
1426352 openat(AT_FDCWD</tmp/kernel-audit2-v3r63b5w/\346\261\202\350\247\243\345\231\250>, "/usr/lib/locale/C.utf8/LC_PAPER", O_RDONLY|O_CLOEXEC) = 3</usr/lib/locale/C.utf8/LC_PAPER>
1426352 openat(AT_FDCWD</tmp/kernel-audit2-v3r63b5w/\346\261\202\350\247\243\345\231\250>, "/usr/lib/locale/C.UTF-8/LC_MESSAGES", O_RDONLY|O_CLOEXEC) = -1 ENOENT (No such file or directory)
1426352 openat(AT_FDCWD</tmp/kernel-audit2-v3r63b5w/\346\261\202\350\247\243\345\231\250>, "/usr/lib/locale/C.utf8/LC_MESSAGES", O_RDONLY|O_CLOEXEC) = 3</usr/lib/locale/C.utf8/LC_MESSAGES>
1426352 openat(AT_FDCWD</tmp/kernel-audit2-v3r63b5w/\346\261\202\350\247\243\345\231\250>, "/usr/lib/locale/C.utf8/LC_MESSAGES/SYS_LC_MESSAGES", O_RDONLY|O_CLOEXEC) = 3</usr/lib/locale/C.utf8/LC_MESSAGES/SYS_LC_MESSAGES>
1426352 openat(AT_FDCWD</tmp/kernel-audit2-v3r63b5w/\346\261\202\350\247\243\345\231\250>, "/usr/lib/locale/C.UTF-8/LC_MONETARY", O_RDONLY|O_CLOEXEC) = -1 ENOENT (No such file or directory)
1426352 openat(AT_FDCWD</tmp/kernel-audit2-v3r63b5w/\346\261\202\350\247\243\345\231\250>, "/usr/lib/locale/C.utf8/LC_MONETARY", O_RDONLY|O_CLOEXEC) = 3</usr/lib/locale/C.utf8/LC_MONETARY>
1426352 openat(AT_FDCWD</tmp/kernel-audit2-v3r63b5w/\346\261\202\350\247\243\345\231\250>, "/usr/lib/locale/C.UTF-8/LC_COLLATE", O_RDONLY|O_CLOEXEC) = -1 ENOENT (No such file or directory)
1426352 openat(AT_FDCWD</tmp/kernel-audit2-v3r63b5w/\346\261\202\350\247\243\345\231\250>, "/usr/lib/locale/C.utf8/LC_COLLATE", O_RDONLY|O_CLOEXEC) = 3</usr/lib/locale/C.utf8/LC_COLLATE>
1426352 openat(AT_FDCWD</tmp/kernel-audit2-v3r63b5w/\346\261\202\350\247\243\345\231\250>, "/usr/lib/locale/C.UTF-8/LC_TIME", O_RDONLY|O_CLOEXEC) = -1 ENOENT (No such file or directory)
1426352 openat(AT_FDCWD</tmp/kernel-audit2-v3r63b5w/\346\261\202\350\247\243\345\231\250>, "/usr/lib/locale/C.utf8/LC_TIME", O_RDONLY|O_CLOEXEC) = 3</usr/lib/locale/C.utf8/LC_TIME>
1426352 openat(AT_FDCWD</tmp/kernel-audit2-v3r63b5w/\346\261\202\350\247\243\345\231\250>, "/usr/lib/locale/C.UTF-8/LC_NUMERIC", O_RDONLY|O_CLOEXEC) = -1 ENOENT (No such file or directory)
1426352 openat(AT_FDCWD</tmp/kernel-audit2-v3r63b5w/\346\261\202\350\247\243\345\231\250>, "/usr/lib/locale/C.utf8/LC_NUMERIC", O_RDONLY|O_CLOEXEC) = 3</usr/lib/locale/C.utf8/LC_NUMERIC>
1426352 openat(AT_FDCWD</tmp/kernel-audit2-v3r63b5w/\346\261\202\350\247\243\345\231\250>, "/usr/lib/locale/C.UTF-8/LC_CTYPE", O_RDONLY|O_CLOEXEC) = -1 ENOENT (No such file or directory)
1426352 openat(AT_FDCWD</tmp/kernel-audit2-v3r63b5w/\346\261\202\350\247\243\345\231\250>, "/usr/lib/locale/C.utf8/LC_CTYPE", O_RDONLY|O_CLOEXEC) = 3</usr/lib/locale/C.utf8/LC_CTYPE>
1426352 openat(AT_FDCWD</tmp/kernel-audit2-v3r63b5w/\346\261\202\350\247\243\345\231\250>, "/tmp/kernel-audit2-v3r63b5w/\346\261\202\350\247\243\345\231\250/crates/kernel/src/transition.rs", O_RDONLY) = 3</tmp/kernel-audit2-v3r63b5w/\346\261\202\350\247\243\345\231\250/crates/kernel/src/transition.rs>
1426283 --- SIGCHLD {si_signo=SIGCHLD, si_code=CLD_EXITED, si_pid=1426352, si_uid=1000, si_status=0, si_utime=0, si_stime=0} ---
1426283 openat(AT_FDCWD</tmp/kernel-audit2-v3r63b5w/\346\261\202\350\247\243\345\231\250>, "/dev/null", O_RDONLY|O_CLOEXEC) = 3</dev/null<char 1:3>>
1426353 execve("/home/zhuran24/.codex/tmp/arg0/codex-arg0DuAZRy/sha256sum", ["sha256sum", "--", "/tmp/kernel-audit2-v3r63b5w/\346\261\202\350\247\243\345\231\250/crates/kernel/src/output.rs"], 0x7ffdc1bb9fc8 /* 135 vars */) = -1 ENOENT (No such file or directory)
1426353 execve("/home/zhuran24/.cargo/bin/sha256sum", ["sha256sum", "--", "/tmp/kernel-audit2-v3r63b5w/\346\261\202\350\247\243\345\231\250/crates/kernel/src/output.rs"], 0x7ffdc1bb9fc8 /* 135 vars */) = -1 ENOENT (No such file or directory)
1426353 execve("/home/zhuran24/.local/bin/sha256sum", ["sha256sum", "--", "/tmp/kernel-audit2-v3r63b5w/\346\261\202\350\247\243\345\231\250/crates/kernel/src/output.rs"], 0x7ffdc1bb9fc8 /* 135 vars */) = -1 ENOENT (No such file or directory)
1426353 execve("/home/zhuran24/.opencode/bin/sha256sum", ["sha256sum", "--", "/tmp/kernel-audit2-v3r63b5w/\346\261\202\350\247\243\345\231\250/crates/kernel/src/output.rs"], 0x7ffdc1bb9fc8 /* 135 vars */) = -1 ENOENT (No such file or directory)
1426353 execve("/usr/local/bin/sha256sum", ["sha256sum", "--", "/tmp/kernel-audit2-v3r63b5w/\346\261\202\350\247\243\345\231\250/crates/kernel/src/output.rs"], 0x7ffdc1bb9fc8 /* 135 vars */) = -1 ENOENT (No such file or directory)
1426353 execve("/usr/bin/sha256sum", ["sha256sum", "--", "/tmp/kernel-audit2-v3r63b5w/\346\261\202\350\247\243\345\231\250/crates/kernel/src/output.rs"], 0x7ffdc1bb9fc8 /* 135 vars */) = 0
1426353 openat(AT_FDCWD</tmp/kernel-audit2-v3r63b5w/\346\261\202\350\247\243\345\231\250>, "/etc/ld.so.cache", O_RDONLY|O_CLOEXEC) = 3</etc/ld.so.cache>
1426353 openat(AT_FDCWD</tmp/kernel-audit2-v3r63b5w/\346\261\202\350\247\243\345\231\250>, "/usr/lib/libcrypto.so.3", O_RDONLY|O_CLOEXEC) = 3</usr/lib/libcrypto.so.3>
1426353 openat(AT_FDCWD</tmp/kernel-audit2-v3r63b5w/\346\261\202\350\247\243\345\231\250>, "/usr/lib/libc.so.6", O_RDONLY|O_CLOEXEC) = 3</usr/lib/libc.so.6>
1426353 openat(AT_FDCWD</tmp/kernel-audit2-v3r63b5w/\346\261\202\350\247\243\345\231\250>, "/usr/lib/libz.so.1", O_RDONLY|O_CLOEXEC) = 3</usr/lib/libz.so.1.3.1.zlib-ng>
1426353 openat(AT_FDCWD</tmp/kernel-audit2-v3r63b5w/\346\261\202\350\247\243\345\231\250>, "/usr/lib/libbrotlienc.so.1", O_RDONLY|O_CLOEXEC) = 3</usr/lib/libbrotlienc.so.1.2.0>
1426353 openat(AT_FDCWD</tmp/kernel-audit2-v3r63b5w/\346\261\202\350\247\243\345\231\250>, "/usr/lib/libbrotlidec.so.1", O_RDONLY|O_CLOEXEC) = 3</usr/lib/libbrotlidec.so.1.2.0>
1426353 openat(AT_FDCWD</tmp/kernel-audit2-v3r63b5w/\346\261\202\350\247\243\345\231\250>, "/usr/lib/libzstd.so.1", O_RDONLY|O_CLOEXEC) = 3</usr/lib/libzstd.so.1.5.7>
1426353 openat(AT_FDCWD</tmp/kernel-audit2-v3r63b5w/\346\261\202\350\247\243\345\231\250>, "/usr/lib/libm.so.6", O_RDONLY|O_CLOEXEC) = 3</usr/lib/libm.so.6>
1426353 openat(AT_FDCWD</tmp/kernel-audit2-v3r63b5w/\346\261\202\350\247\243\345\231\250>, "/usr/lib/libbrotlicommon.so.1", O_RDONLY|O_CLOEXEC) = 3</usr/lib/libbrotlicommon.so.1.2.0>
1426353 openat(AT_FDCWD</tmp/kernel-audit2-v3r63b5w/\346\261\202\350\247\243\345\231\250>, "/usr/lib/locale/locale-archive", O_RDONLY|O_CLOEXEC) = 3</usr/lib/locale/locale-archive>
1426353 openat(AT_FDCWD</tmp/kernel-audit2-v3r63b5w/\346\261\202\350\247\243\345\231\250>, "/usr/share/locale/locale.alias", O_RDONLY|O_CLOEXEC) = 3</usr/share/locale/locale.alias>
1426353 openat(AT_FDCWD</tmp/kernel-audit2-v3r63b5w/\346\261\202\350\247\243\345\231\250>, "/usr/lib/locale/C.UTF-8/LC_IDENTIFICATION", O_RDONLY|O_CLOEXEC) = -1 ENOENT (No such file or directory)
1426353 openat(AT_FDCWD</tmp/kernel-audit2-v3r63b5w/\346\261\202\350\247\243\345\231\250>, "/usr/lib/locale/C.utf8/LC_IDENTIFICATION", O_RDONLY|O_CLOEXEC) = 3</usr/lib/locale/C.utf8/LC_IDENTIFICATION>
1426353 openat(AT_FDCWD</tmp/kernel-audit2-v3r63b5w/\346\261\202\350\247\243\345\231\250>, "/usr/lib/gconv/gconv-modules.cache", O_RDONLY|O_CLOEXEC) = 3</usr/lib/gconv/gconv-modules.cache>
1426353 openat(AT_FDCWD</tmp/kernel-audit2-v3r63b5w/\346\261\202\350\247\243\345\231\250>, "/usr/lib/locale/C.UTF-8/LC_MEASUREMENT", O_RDONLY|O_CLOEXEC) = -1 ENOENT (No such file or directory)
1426353 openat(AT_FDCWD</tmp/kernel-audit2-v3r63b5w/\346\261\202\350\247\243\345\231\250>, "/usr/lib/locale/C.utf8/LC_MEASUREMENT", O_RDONLY|O_CLOEXEC) = 3</usr/lib/locale/C.utf8/LC_MEASUREMENT>
1426353 openat(AT_FDCWD</tmp/kernel-audit2-v3r63b5w/\346\261\202\350\247\243\345\231\250>, "/usr/lib/locale/C.UTF-8/LC_TELEPHONE", O_RDONLY|O_CLOEXEC) = -1 ENOENT (No such file or directory)
1426353 openat(AT_FDCWD</tmp/kernel-audit2-v3r63b5w/\346\261\202\350\247\243\345\231\250>, "/usr/lib/locale/C.utf8/LC_TELEPHONE", O_RDONLY|O_CLOEXEC) = 3</usr/lib/locale/C.utf8/LC_TELEPHONE>
1426353 openat(AT_FDCWD</tmp/kernel-audit2-v3r63b5w/\346\261\202\350\247\243\345\231\250>, "/usr/lib/locale/C.UTF-8/LC_ADDRESS", O_RDONLY|O_CLOEXEC) = -1 ENOENT (No such file or directory)
1426353 openat(AT_FDCWD</tmp/kernel-audit2-v3r63b5w/\346\261\202\350\247\243\345\231\250>, "/usr/lib/locale/C.utf8/LC_ADDRESS", O_RDONLY|O_CLOEXEC) = 3</usr/lib/locale/C.utf8/LC_ADDRESS>
1426353 openat(AT_FDCWD</tmp/kernel-audit2-v3r63b5w/\346\261\202\350\247\243\345\231\250>, "/usr/lib/locale/C.UTF-8/LC_NAME", O_RDONLY|O_CLOEXEC) = -1 ENOENT (No such file or directory)
1426353 openat(AT_FDCWD</tmp/kernel-audit2-v3r63b5w/\346\261\202\350\247\243\345\231\250>, "/usr/lib/locale/C.utf8/LC_NAME", O_RDONLY|O_CLOEXEC) = 3</usr/lib/locale/C.utf8/LC_NAME>
1426353 openat(AT_FDCWD</tmp/kernel-audit2-v3r63b5w/\346\261\202\350\247\243\345\231\250>, "/usr/lib/locale/C.UTF-8/LC_PAPER", O_RDONLY|O_CLOEXEC) = -1 ENOENT (No such file or directory)
1426353 openat(AT_FDCWD</tmp/kernel-audit2-v3r63b5w/\346\261\202\350\247\243\345\231\250>, "/usr/lib/locale/C.utf8/LC_PAPER", O_RDONLY|O_CLOEXEC) = 3</usr/lib/locale/C.utf8/LC_PAPER>
1426353 openat(AT_FDCWD</tmp/kernel-audit2-v3r63b5w/\346\261\202\350\247\243\345\231\250>, "/usr/lib/locale/C.UTF-8/LC_MESSAGES", O_RDONLY|O_CLOEXEC) = -1 ENOENT (No such file or directory)
1426353 openat(AT_FDCWD</tmp/kernel-audit2-v3r63b5w/\346\261\202\350\247\243\345\231\250>, "/usr/lib/locale/C.utf8/LC_MESSAGES", O_RDONLY|O_CLOEXEC) = 3</usr/lib/locale/C.utf8/LC_MESSAGES>
1426353 openat(AT_FDCWD</tmp/kernel-audit2-v3r63b5w/\346\261\202\350\247\243\345\231\250>, "/usr/lib/locale/C.utf8/LC_MESSAGES/SYS_LC_MESSAGES", O_RDONLY|O_CLOEXEC) = 3</usr/lib/locale/C.utf8/LC_MESSAGES/SYS_LC_MESSAGES>
1426353 openat(AT_FDCWD</tmp/kernel-audit2-v3r63b5w/\346\261\202\350\247\243\345\231\250>, "/usr/lib/locale/C.UTF-8/LC_MONETARY", O_RDONLY|O_CLOEXEC) = -1 ENOENT (No such file or directory)
1426353 openat(AT_FDCWD</tmp/kernel-audit2-v3r63b5w/\346\261\202\350\247\243\345\231\250>, "/usr/lib/locale/C.utf8/LC_MONETARY", O_RDONLY|O_CLOEXEC) = 3</usr/lib/locale/C.utf8/LC_MONETARY>
1426353 openat(AT_FDCWD</tmp/kernel-audit2-v3r63b5w/\346\261\202\350\247\243\345\231\250>, "/usr/lib/locale/C.UTF-8/LC_COLLATE", O_RDONLY|O_CLOEXEC) = -1 ENOENT (No such file or directory)
1426353 openat(AT_FDCWD</tmp/kernel-audit2-v3r63b5w/\346\261\202\350\247\243\345\231\250>, "/usr/lib/locale/C.utf8/LC_COLLATE", O_RDONLY|O_CLOEXEC) = 3</usr/lib/locale/C.utf8/LC_COLLATE>
1426353 openat(AT_FDCWD</tmp/kernel-audit2-v3r63b5w/\346\261\202\350\247\243\345\231\250>, "/usr/lib/locale/C.UTF-8/LC_TIME", O_RDONLY|O_CLOEXEC) = -1 ENOENT (No such file or directory)
1426353 openat(AT_FDCWD</tmp/kernel-audit2-v3r63b5w/\346\261\202\350\247\243\345\231\250>, "/usr/lib/locale/C.utf8/LC_TIME", O_RDONLY|O_CLOEXEC) = 3</usr/lib/locale/C.utf8/LC_TIME>
1426353 openat(AT_FDCWD</tmp/kernel-audit2-v3r63b5w/\346\261\202\350\247\243\345\231\250>, "/usr/lib/locale/C.UTF-8/LC_NUMERIC", O_RDONLY|O_CLOEXEC) = -1 ENOENT (No such file or directory)
1426353 openat(AT_FDCWD</tmp/kernel-audit2-v3r63b5w/\346\261\202\350\247\243\345\231\250>, "/usr/lib/locale/C.utf8/LC_NUMERIC", O_RDONLY|O_CLOEXEC) = 3</usr/lib/locale/C.utf8/LC_NUMERIC>
1426353 openat(AT_FDCWD</tmp/kernel-audit2-v3r63b5w/\346\261\202\350\247\243\345\231\250>, "/usr/lib/locale/C.UTF-8/LC_CTYPE", O_RDONLY|O_CLOEXEC) = -1 ENOENT (No such file or directory)
1426353 openat(AT_FDCWD</tmp/kernel-audit2-v3r63b5w/\346\261\202\350\247\243\345\231\250>, "/usr/lib/locale/C.utf8/LC_CTYPE", O_RDONLY|O_CLOEXEC) = 3</usr/lib/locale/C.utf8/LC_CTYPE>
1426353 openat(AT_FDCWD</tmp/kernel-audit2-v3r63b5w/\346\261\202\350\247\243\345\231\250>, "/tmp/kernel-audit2-v3r63b5w/\346\261\202\350\247\243\345\231\250/crates/kernel/src/output.rs", O_RDONLY) = 3</tmp/kernel-audit2-v3r63b5w/\346\261\202\350\247\243\345\231\250/crates/kernel/src/output.rs>
1426283 --- SIGCHLD {si_signo=SIGCHLD, si_code=CLD_EXITED, si_pid=1426353, si_uid=1000, si_status=0, si_utime=0, si_stime=0} ---
1426283 openat(AT_FDCWD</tmp/kernel-audit2-v3r63b5w/\346\261\202\350\247\243\345\231\250>, "/dev/null", O_RDONLY|O_CLOEXEC) = 3</dev/null<char 1:3>>
1426354 execve("/home/zhuran24/.codex/tmp/arg0/codex-arg0DuAZRy/sha256sum", ["sha256sum", "--", "/tmp/kernel-audit2-v3r63b5w/\346\261\202\350\247\243\345\231\250/crates/kernel/src/ledger.rs"], 0x7ffdc1bb9fc8 /* 135 vars */) = -1 ENOENT (No such file or directory)
1426354 execve("/home/zhuran24/.cargo/bin/sha256sum", ["sha256sum", "--", "/tmp/kernel-audit2-v3r63b5w/\346\261\202\350\247\243\345\231\250/crates/kernel/src/ledger.rs"], 0x7ffdc1bb9fc8 /* 135 vars */) = -1 ENOENT (No such file or directory)
1426354 execve("/home/zhuran24/.local/bin/sha256sum", ["sha256sum", "--", "/tmp/kernel-audit2-v3r63b5w/\346\261\202\350\247\243\345\231\250/crates/kernel/src/ledger.rs"], 0x7ffdc1bb9fc8 /* 135 vars */) = -1 ENOENT (No such file or directory)
1426354 execve("/home/zhuran24/.opencode/bin/sha256sum", ["sha256sum", "--", "/tmp/kernel-audit2-v3r63b5w/\346\261\202\350\247\243\345\231\250/crates/kernel/src/ledger.rs"], 0x7ffdc1bb9fc8 /* 135 vars */) = -1 ENOENT (No such file or directory)
1426354 execve("/usr/local/bin/sha256sum", ["sha256sum", "--", "/tmp/kernel-audit2-v3r63b5w/\346\261\202\350\247\243\345\231\250/crates/kernel/src/ledger.rs"], 0x7ffdc1bb9fc8 /* 135 vars */) = -1 ENOENT (No such file or directory)
1426354 execve("/usr/bin/sha256sum", ["sha256sum", "--", "/tmp/kernel-audit2-v3r63b5w/\346\261\202\350\247\243\345\231\250/crates/kernel/src/ledger.rs"], 0x7ffdc1bb9fc8 /* 135 vars */) = 0
1426354 openat(AT_FDCWD</tmp/kernel-audit2-v3r63b5w/\346\261\202\350\247\243\345\231\250>, "/etc/ld.so.cache", O_RDONLY|O_CLOEXEC) = 3</etc/ld.so.cache>
1426354 openat(AT_FDCWD</tmp/kernel-audit2-v3r63b5w/\346\261\202\350\247\243\345\231\250>, "/usr/lib/libcrypto.so.3", O_RDONLY|O_CLOEXEC) = 3</usr/lib/libcrypto.so.3>
1426354 openat(AT_FDCWD</tmp/kernel-audit2-v3r63b5w/\346\261\202\350\247\243\345\231\250>, "/usr/lib/libc.so.6", O_RDONLY|O_CLOEXEC) = 3</usr/lib/libc.so.6>
1426354 openat(AT_FDCWD</tmp/kernel-audit2-v3r63b5w/\346\261\202\350\247\243\345\231\250>, "/usr/lib/libz.so.1", O_RDONLY|O_CLOEXEC) = 3</usr/lib/libz.so.1.3.1.zlib-ng>
1426354 openat(AT_FDCWD</tmp/kernel-audit2-v3r63b5w/\346\261\202\350\247\243\345\231\250>, "/usr/lib/libbrotlienc.so.1", O_RDONLY|O_CLOEXEC) = 3</usr/lib/libbrotlienc.so.1.2.0>
1426354 openat(AT_FDCWD</tmp/kernel-audit2-v3r63b5w/\346\261\202\350\247\243\345\231\250>, "/usr/lib/libbrotlidec.so.1", O_RDONLY|O_CLOEXEC) = 3</usr/lib/libbrotlidec.so.1.2.0>
1426354 openat(AT_FDCWD</tmp/kernel-audit2-v3r63b5w/\346\261\202\350\247\243\345\231\250>, "/usr/lib/libzstd.so.1", O_RDONLY|O_CLOEXEC) = 3</usr/lib/libzstd.so.1.5.7>
1426354 openat(AT_FDCWD</tmp/kernel-audit2-v3r63b5w/\346\261\202\350\247\243\345\231\250>, "/usr/lib/libm.so.6", O_RDONLY|O_CLOEXEC) = 3</usr/lib/libm.so.6>
1426354 openat(AT_FDCWD</tmp/kernel-audit2-v3r63b5w/\346\261\202\350\247\243\345\231\250>, "/usr/lib/libbrotlicommon.so.1", O_RDONLY|O_CLOEXEC) = 3</usr/lib/libbrotlicommon.so.1.2.0>
1426354 openat(AT_FDCWD</tmp/kernel-audit2-v3r63b5w/\346\261\202\350\247\243\345\231\250>, "/usr/lib/locale/locale-archive", O_RDONLY|O_CLOEXEC) = 3</usr/lib/locale/locale-archive>
1426354 openat(AT_FDCWD</tmp/kernel-audit2-v3r63b5w/\346\261\202\350\247\243\345\231\250>, "/usr/share/locale/locale.alias", O_RDONLY|O_CLOEXEC) = 3</usr/share/locale/locale.alias>
1426354 openat(AT_FDCWD</tmp/kernel-audit2-v3r63b5w/\346\261\202\350\247\243\345\231\250>, "/usr/lib/locale/C.UTF-8/LC_IDENTIFICATION", O_RDONLY|O_CLOEXEC) = -1 ENOENT (No such file or directory)
1426354 openat(AT_FDCWD</tmp/kernel-audit2-v3r63b5w/\346\261\202\350\247\243\345\231\250>, "/usr/lib/locale/C.utf8/LC_IDENTIFICATION", O_RDONLY|O_CLOEXEC) = 3</usr/lib/locale/C.utf8/LC_IDENTIFICATION>
1426354 openat(AT_FDCWD</tmp/kernel-audit2-v3r63b5w/\346\261\202\350\247\243\345\231\250>, "/usr/lib/gconv/gconv-modules.cache", O_RDONLY|O_CLOEXEC) = 3</usr/lib/gconv/gconv-modules.cache>
1426354 openat(AT_FDCWD</tmp/kernel-audit2-v3r63b5w/\346\261\202\350\247\243\345\231\250>, "/usr/lib/locale/C.UTF-8/LC_MEASUREMENT", O_RDONLY|O_CLOEXEC) = -1 ENOENT (No such file or directory)
1426354 openat(AT_FDCWD</tmp/kernel-audit2-v3r63b5w/\346\261\202\350\247\243\345\231\250>, "/usr/lib/locale/C.utf8/LC_MEASUREMENT", O_RDONLY|O_CLOEXEC) = 3</usr/lib/locale/C.utf8/LC_MEASUREMENT>
1426354 openat(AT_FDCWD</tmp/kernel-audit2-v3r63b5w/\346\261\202\350\247\243\345\231\250>, "/usr/lib/locale/C.UTF-8/LC_TELEPHONE", O_RDONLY|O_CLOEXEC) = -1 ENOENT (No such file or directory)
1426354 openat(AT_FDCWD</tmp/kernel-audit2-v3r63b5w/\346\261\202\350\247\243\345\231\250>, "/usr/lib/locale/C.utf8/LC_TELEPHONE", O_RDONLY|O_CLOEXEC) = 3</usr/lib/locale/C.utf8/LC_TELEPHONE>
1426354 openat(AT_FDCWD</tmp/kernel-audit2-v3r63b5w/\346\261\202\350\247\243\345\231\250>, "/usr/lib/locale/C.UTF-8/LC_ADDRESS", O_RDONLY|O_CLOEXEC) = -1 ENOENT (No such file or directory)
1426354 openat(AT_FDCWD</tmp/kernel-audit2-v3r63b5w/\346\261\202\350\247\243\345\231\250>, "/usr/lib/locale/C.utf8/LC_ADDRESS", O_RDONLY|O_CLOEXEC) = 3</usr/lib/locale/C.utf8/LC_ADDRESS>
1426354 openat(AT_FDCWD</tmp/kernel-audit2-v3r63b5w/\346\261\202\350\247\243\345\231\250>, "/usr/lib/locale/C.UTF-8/LC_NAME", O_RDONLY|O_CLOEXEC) = -1 ENOENT (No such file or directory)
1426354 openat(AT_FDCWD</tmp/kernel-audit2-v3r63b5w/\346\261\202\350\247\243\345\231\250>, "/usr/lib/locale/C.utf8/LC_NAME", O_RDONLY|O_CLOEXEC) = 3</usr/lib/locale/C.utf8/LC_NAME>
1426354 openat(AT_FDCWD</tmp/kernel-audit2-v3r63b5w/\346\261\202\350\247\243\345\231\250>, "/usr/lib/locale/C.UTF-8/LC_PAPER", O_RDONLY|O_CLOEXEC) = -1 ENOENT (No such file or directory)
1426354 openat(AT_FDCWD</tmp/kernel-audit2-v3r63b5w/\346\261\202\350\247\243\345\231\250>, "/usr/lib/locale/C.utf8/LC_PAPER", O_RDONLY|O_CLOEXEC) = 3</usr/lib/locale/C.utf8/LC_PAPER>
1426354 openat(AT_FDCWD</tmp/kernel-audit2-v3r63b5w/\346\261\202\350\247\243\345\231\250>, "/usr/lib/locale/C.UTF-8/LC_MESSAGES", O_RDONLY|O_CLOEXEC) = -1 ENOENT (No such file or directory)
1426354 openat(AT_FDCWD</tmp/kernel-audit2-v3r63b5w/\346\261\202\350\247\243\345\231\250>, "/usr/lib/locale/C.utf8/LC_MESSAGES", O_RDONLY|O_CLOEXEC) = 3</usr/lib/locale/C.utf8/LC_MESSAGES>
1426354 openat(AT_FDCWD</tmp/kernel-audit2-v3r63b5w/\346\261\202\350\247\243\345\231\250>, "/usr/lib/locale/C.utf8/LC_MESSAGES/SYS_LC_MESSAGES", O_RDONLY|O_CLOEXEC) = 3</usr/lib/locale/C.utf8/LC_MESSAGES/SYS_LC_MESSAGES>
1426354 openat(AT_FDCWD</tmp/kernel-audit2-v3r63b5w/\346\261\202\350\247\243\345\231\250>, "/usr/lib/locale/C.UTF-8/LC_MONETARY", O_RDONLY|O_CLOEXEC) = -1 ENOENT (No such file or directory)
1426354 openat(AT_FDCWD</tmp/kernel-audit2-v3r63b5w/\346\261\202\350\247\243\345\231\250>, "/usr/lib/locale/C.utf8/LC_MONETARY", O_RDONLY|O_CLOEXEC) = 3</usr/lib/locale/C.utf8/LC_MONETARY>
1426354 openat(AT_FDCWD</tmp/kernel-audit2-v3r63b5w/\346\261\202\350\247\243\345\231\250>, "/usr/lib/locale/C.UTF-8/LC_COLLATE", O_RDONLY|O_CLOEXEC) = -1 ENOENT (No such file or directory)
1426354 openat(AT_FDCWD</tmp/kernel-audit2-v3r63b5w/\346\261\202\350\247\243\345\231\250>, "/usr/lib/locale/C.utf8/LC_COLLATE", O_RDONLY|O_CLOEXEC) = 3</usr/lib/locale/C.utf8/LC_COLLATE>
1426354 openat(AT_FDCWD</tmp/kernel-audit2-v3r63b5w/\346\261\202\350\247\243\345\231\250>, "/usr/lib/locale/C.UTF-8/LC_TIME", O_RDONLY|O_CLOEXEC) = -1 ENOENT (No such file or directory)
1426354 openat(AT_FDCWD</tmp/kernel-audit2-v3r63b5w/\346\261\202\350\247\243\345\231\250>, "/usr/lib/locale/C.utf8/LC_TIME", O_RDONLY|O_CLOEXEC) = 3</usr/lib/locale/C.utf8/LC_TIME>
1426354 openat(AT_FDCWD</tmp/kernel-audit2-v3r63b5w/\346\261\202\350\247\243\345\231\250>, "/usr/lib/locale/C.UTF-8/LC_NUMERIC", O_RDONLY|O_CLOEXEC) = -1 ENOENT (No such file or directory)
1426354 openat(AT_FDCWD</tmp/kernel-audit2-v3r63b5w/\346\261\202\350\247\243\345\231\250>, "/usr/lib/locale/C.utf8/LC_NUMERIC", O_RDONLY|O_CLOEXEC) = 3</usr/lib/locale/C.utf8/LC_NUMERIC>
1426354 openat(AT_FDCWD</tmp/kernel-audit2-v3r63b5w/\346\261\202\350\247\243\345\231\250>, "/usr/lib/locale/C.UTF-8/LC_CTYPE", O_RDONLY|O_CLOEXEC) = -1 ENOENT (No such file or directory)
1426354 openat(AT_FDCWD</tmp/kernel-audit2-v3r63b5w/\346\261\202\350\247\243\345\231\250>, "/usr/lib/locale/C.utf8/LC_CTYPE", O_RDONLY|O_CLOEXEC) = 3</usr/lib/locale/C.utf8/LC_CTYPE>
1426354 openat(AT_FDCWD</tmp/kernel-audit2-v3r63b5w/\346\261\202\350\247\243\345\231\250>, "/tmp/kernel-audit2-v3r63b5w/\346\261\202\350\247\243\345\231\250/crates/kernel/src/ledger.rs", O_RDONLY) = 3</tmp/kernel-audit2-v3r63b5w/\346\261\202\350\247\243\345\231\250/crates/kernel/src/ledger.rs>
1426283 --- SIGCHLD {si_signo=SIGCHLD, si_code=CLD_EXITED, si_pid=1426354, si_uid=1000, si_status=0, si_utime=0, si_stime=0} ---
1426283 openat(AT_FDCWD</tmp/kernel-audit2-v3r63b5w/\346\261\202\350\247\243\345\231\250>, "/dev/null", O_RDONLY|O_CLOEXEC) = 3</dev/null<char 1:3>>
1426355 execve("/home/zhuran24/.codex/tmp/arg0/codex-arg0DuAZRy/sha256sum", ["sha256sum", "--", "/tmp/kernel-audit2-v3r63b5w/\346\261\202\350\247\243\345\231\250/crates/kernel/src/cycle.rs"], 0x7ffdc1bb9fc8 /* 135 vars */) = -1 ENOENT (No such file or directory)
1426355 execve("/home/zhuran24/.cargo/bin/sha256sum", ["sha256sum", "--", "/tmp/kernel-audit2-v3r63b5w/\346\261\202\350\247\243\345\231\250/crates/kernel/src/cycle.rs"], 0x7ffdc1bb9fc8 /* 135 vars */) = -1 ENOENT (No such file or directory)
1426355 execve("/home/zhuran24/.local/bin/sha256sum", ["sha256sum", "--", "/tmp/kernel-audit2-v3r63b5w/\346\261\202\350\247\243\345\231\250/crates/kernel/src/cycle.rs"], 0x7ffdc1bb9fc8 /* 135 vars */) = -1 ENOENT (No such file or directory)
1426355 execve("/home/zhuran24/.opencode/bin/sha256sum", ["sha256sum", "--", "/tmp/kernel-audit2-v3r63b5w/\346\261\202\350\247\243\345\231\250/crates/kernel/src/cycle.rs"], 0x7ffdc1bb9fc8 /* 135 vars */) = -1 ENOENT (No such file or directory)
1426355 execve("/usr/local/bin/sha256sum", ["sha256sum", "--", "/tmp/kernel-audit2-v3r63b5w/\346\261\202\350\247\243\345\231\250/crates/kernel/src/cycle.rs"], 0x7ffdc1bb9fc8 /* 135 vars */) = -1 ENOENT (No such file or directory)
1426355 execve("/usr/bin/sha256sum", ["sha256sum", "--", "/tmp/kernel-audit2-v3r63b5w/\346\261\202\350\247\243\345\231\250/crates/kernel/src/cycle.rs"], 0x7ffdc1bb9fc8 /* 135 vars */) = 0
1426355 openat(AT_FDCWD</tmp/kernel-audit2-v3r63b5w/\346\261\202\350\247\243\345\231\250>, "/etc/ld.so.cache", O_RDONLY|O_CLOEXEC) = 3</etc/ld.so.cache>
1426355 openat(AT_FDCWD</tmp/kernel-audit2-v3r63b5w/\346\261\202\350\247\243\345\231\250>, "/usr/lib/libcrypto.so.3", O_RDONLY|O_CLOEXEC) = 3</usr/lib/libcrypto.so.3>
1426355 openat(AT_FDCWD</tmp/kernel-audit2-v3r63b5w/\346\261\202\350\247\243\345\231\250>, "/usr/lib/libc.so.6", O_RDONLY|O_CLOEXEC) = 3</usr/lib/libc.so.6>
1426355 openat(AT_FDCWD</tmp/kernel-audit2-v3r63b5w/\346\261\202\350\247\243\345\231\250>, "/usr/lib/libz.so.1", O_RDONLY|O_CLOEXEC) = 3</usr/lib/libz.so.1.3.1.zlib-ng>
1426355 openat(AT_FDCWD</tmp/kernel-audit2-v3r63b5w/\346\261\202\350\247\243\345\231\250>, "/usr/lib/libbrotlienc.so.1", O_RDONLY|O_CLOEXEC) = 3</usr/lib/libbrotlienc.so.1.2.0>
1426355 openat(AT_FDCWD</tmp/kernel-audit2-v3r63b5w/\346\261\202\350\247\243\345\231\250>, "/usr/lib/libbrotlidec.so.1", O_RDONLY|O_CLOEXEC) = 3</usr/lib/libbrotlidec.so.1.2.0>
1426355 openat(AT_FDCWD</tmp/kernel-audit2-v3r63b5w/\346\261\202\350\247\243\345\231\250>, "/usr/lib/libzstd.so.1", O_RDONLY|O_CLOEXEC) = 3</usr/lib/libzstd.so.1.5.7>
1426355 openat(AT_FDCWD</tmp/kernel-audit2-v3r63b5w/\346\261\202\350\247\243\345\231\250>, "/usr/lib/libm.so.6", O_RDONLY|O_CLOEXEC) = 3</usr/lib/libm.so.6>
1426355 openat(AT_FDCWD</tmp/kernel-audit2-v3r63b5w/\346\261\202\350\247\243\345\231\250>, "/usr/lib/libbrotlicommon.so.1", O_RDONLY|O_CLOEXEC) = 3</usr/lib/libbrotlicommon.so.1.2.0>
1426355 openat(AT_FDCWD</tmp/kernel-audit2-v3r63b5w/\346\261\202\350\247\243\345\231\250>, "/usr/lib/locale/locale-archive", O_RDONLY|O_CLOEXEC) = 3</usr/lib/locale/locale-archive>
1426355 openat(AT_FDCWD</tmp/kernel-audit2-v3r63b5w/\346\261\202\350\247\243\345\231\250>, "/usr/share/locale/locale.alias", O_RDONLY|O_CLOEXEC) = 3</usr/share/locale/locale.alias>
1426355 openat(AT_FDCWD</tmp/kernel-audit2-v3r63b5w/\346\261\202\350\247\243\345\231\250>, "/usr/lib/locale/C.UTF-8/LC_IDENTIFICATION", O_RDONLY|O_CLOEXEC) = -1 ENOENT (No such file or directory)
1426355 openat(AT_FDCWD</tmp/kernel-audit2-v3r63b5w/\346\261\202\350\247\243\345\231\250>, "/usr/lib/locale/C.utf8/LC_IDENTIFICATION", O_RDONLY|O_CLOEXEC) = 3</usr/lib/locale/C.utf8/LC_IDENTIFICATION>
1426355 openat(AT_FDCWD</tmp/kernel-audit2-v3r63b5w/\346\261\202\350\247\243\345\231\250>, "/usr/lib/gconv/gconv-modules.cache", O_RDONLY|O_CLOEXEC) = 3</usr/lib/gconv/gconv-modules.cache>
1426355 openat(AT_FDCWD</tmp/kernel-audit2-v3r63b5w/\346\261\202\350\247\243\345\231\250>, "/usr/lib/locale/C.UTF-8/LC_MEASUREMENT", O_RDONLY|O_CLOEXEC) = -1 ENOENT (No such file or directory)
1426355 openat(AT_FDCWD</tmp/kernel-audit2-v3r63b5w/\346\261\202\350\247\243\345\231\250>, "/usr/lib/locale/C.utf8/LC_MEASUREMENT", O_RDONLY|O_CLOEXEC) = 3</usr/lib/locale/C.utf8/LC_MEASUREMENT>
1426355 openat(AT_FDCWD</tmp/kernel-audit2-v3r63b5w/\346\261\202\350\247\243\345\231\250>, "/usr/lib/locale/C.UTF-8/LC_TELEPHONE", O_RDONLY|O_CLOEXEC) = -1 ENOENT (No such file or directory)
1426355 openat(AT_FDCWD</tmp/kernel-audit2-v3r63b5w/\346\261\202\350\247\243\345\231\250>, "/usr/lib/locale/C.utf8/LC_TELEPHONE", O_RDONLY|O_CLOEXEC) = 3</usr/lib/locale/C.utf8/LC_TELEPHONE>
1426355 openat(AT_FDCWD</tmp/kernel-audit2-v3r63b5w/\346\261\202\350\247\243\345\231\250>, "/usr/lib/locale/C.UTF-8/LC_ADDRESS", O_RDONLY|O_CLOEXEC) = -1 ENOENT (No such file or directory)
1426355 openat(AT_FDCWD</tmp/kernel-audit2-v3r63b5w/\346\261\202\350\247\243\345\231\250>, "/usr/lib/locale/C.utf8/LC_ADDRESS", O_RDONLY|O_CLOEXEC) = 3</usr/lib/locale/C.utf8/LC_ADDRESS>
1426355 openat(AT_FDCWD</tmp/kernel-audit2-v3r63b5w/\346\261\202\350\247\243\345\231\250>, "/usr/lib/locale/C.UTF-8/LC_NAME", O_RDONLY|O_CLOEXEC) = -1 ENOENT (No such file or directory)
1426355 openat(AT_FDCWD</tmp/kernel-audit2-v3r63b5w/\346\261\202\350\247\243\345\231\250>, "/usr/lib/locale/C.utf8/LC_NAME", O_RDONLY|O_CLOEXEC) = 3</usr/lib/locale/C.utf8/LC_NAME>
1426355 openat(AT_FDCWD</tmp/kernel-audit2-v3r63b5w/\346\261\202\350\247\243\345\231\250>, "/usr/lib/locale/C.UTF-8/LC_PAPER", O_RDONLY|O_CLOEXEC) = -1 ENOENT (No such file or directory)
1426355 openat(AT_FDCWD</tmp/kernel-audit2-v3r63b5w/\346\261\202\350\247\243\345\231\250>, "/usr/lib/locale/C.utf8/LC_PAPER", O_RDONLY|O_CLOEXEC) = 3</usr/lib/locale/C.utf8/LC_PAPER>
1426355 openat(AT_FDCWD</tmp/kernel-audit2-v3r63b5w/\346\261\202\350\247\243\345\231\250>, "/usr/lib/locale/C.UTF-8/LC_MESSAGES", O_RDONLY|O_CLOEXEC) = -1 ENOENT (No such file or directory)
1426355 openat(AT_FDCWD</tmp/kernel-audit2-v3r63b5w/\346\261\202\350\247\243\345\231\250>, "/usr/lib/locale/C.utf8/LC_MESSAGES", O_RDONLY|O_CLOEXEC) = 3</usr/lib/locale/C.utf8/LC_MESSAGES>
1426355 openat(AT_FDCWD</tmp/kernel-audit2-v3r63b5w/\346\261\202\350\247\243\345\231\250>, "/usr/lib/locale/C.utf8/LC_MESSAGES/SYS_LC_MESSAGES", O_RDONLY|O_CLOEXEC) = 3</usr/lib/locale/C.utf8/LC_MESSAGES/SYS_LC_MESSAGES>
1426355 openat(AT_FDCWD</tmp/kernel-audit2-v3r63b5w/\346\261\202\350\247\243\345\231\250>, "/usr/lib/locale/C.UTF-8/LC_MONETARY", O_RDONLY|O_CLOEXEC) = -1 ENOENT (No such file or directory)
1426355 openat(AT_FDCWD</tmp/kernel-audit2-v3r63b5w/\346\261\202\350\247\243\345\231\250>, "/usr/lib/locale/C.utf8/LC_MONETARY", O_RDONLY|O_CLOEXEC) = 3</usr/lib/locale/C.utf8/LC_MONETARY>
1426355 openat(AT_FDCWD</tmp/kernel-audit2-v3r63b5w/\346\261\202\350\247\243\345\231\250>, "/usr/lib/locale/C.UTF-8/LC_COLLATE", O_RDONLY|O_CLOEXEC) = -1 ENOENT (No such file or directory)
1426355 openat(AT_FDCWD</tmp/kernel-audit2-v3r63b5w/\346\261\202\350\247\243\345\231\250>, "/usr/lib/locale/C.utf8/LC_COLLATE", O_RDONLY|O_CLOEXEC) = 3</usr/lib/locale/C.utf8/LC_COLLATE>
1426355 openat(AT_FDCWD</tmp/kernel-audit2-v3r63b5w/\346\261\202\350\247\243\345\231\250>, "/usr/lib/locale/C.UTF-8/LC_TIME", O_RDONLY|O_CLOEXEC) = -1 ENOENT (No such file or directory)
1426355 openat(AT_FDCWD</tmp/kernel-audit2-v3r63b5w/\346\261\202\350\247\243\345\231\250>, "/usr/lib/locale/C.utf8/LC_TIME", O_RDONLY|O_CLOEXEC) = 3</usr/lib/locale/C.utf8/LC_TIME>
1426355 openat(AT_FDCWD</tmp/kernel-audit2-v3r63b5w/\346\261\202\350\247\243\345\231\250>, "/usr/lib/locale/C.UTF-8/LC_NUMERIC", O_RDONLY|O_CLOEXEC) = -1 ENOENT (No such file or directory)
1426355 openat(AT_FDCWD</tmp/kernel-audit2-v3r63b5w/\346\261\202\350\247\243\345\231\250>, "/usr/lib/locale/C.utf8/LC_NUMERIC", O_RDONLY|O_CLOEXEC) = 3</usr/lib/locale/C.utf8/LC_NUMERIC>
1426355 openat(AT_FDCWD</tmp/kernel-audit2-v3r63b5w/\346\261\202\350\247\243\345\231\250>, "/usr/lib/locale/C.UTF-8/LC_CTYPE", O_RDONLY|O_CLOEXEC) = -1 ENOENT (No such file or directory)
1426355 openat(AT_FDCWD</tmp/kernel-audit2-v3r63b5w/\346\261\202\350\247\243\345\231\250>, "/usr/lib/locale/C.utf8/LC_CTYPE", O_RDONLY|O_CLOEXEC) = 3</usr/lib/locale/C.utf8/LC_CTYPE>
1426355 openat(AT_FDCWD</tmp/kernel-audit2-v3r63b5w/\346\261\202\350\247\243\345\231\250>, "/tmp/kernel-audit2-v3r63b5w/\346\261\202\350\247\243\345\231\250/crates/kernel/src/cycle.rs", O_RDONLY) = 3</tmp/kernel-audit2-v3r63b5w/\346\261\202\350\247\243\345\231\250/crates/kernel/src/cycle.rs>
1426283 --- SIGCHLD {si_signo=SIGCHLD, si_code=CLD_EXITED, si_pid=1426355, si_uid=1000, si_status=0, si_utime=0, si_stime=0} ---
1426283 openat(AT_FDCWD</tmp/kernel-audit2-v3r63b5w/\346\261\202\350\247\243\345\231\250>, "/dev/null", O_RDONLY|O_CLOEXEC) = 3</dev/null<char 1:3>>
1426356 execve("/home/zhuran24/.codex/tmp/arg0/codex-arg0DuAZRy/sha256sum", ["sha256sum", "--", "/tmp/kernel-audit2-v3r63b5w/\346\261\202\350\247\243\345\231\250/crates/kernel/src/cycle_io.rs"], 0x7ffdc1bb9fc8 /* 135 vars */) = -1 ENOENT (No such file or directory)
1426356 execve("/home/zhuran24/.cargo/bin/sha256sum", ["sha256sum", "--", "/tmp/kernel-audit2-v3r63b5w/\346\261\202\350\247\243\345\231\250/crates/kernel/src/cycle_io.rs"], 0x7ffdc1bb9fc8 /* 135 vars */) = -1 ENOENT (No such file or directory)
1426356 execve("/home/zhuran24/.local/bin/sha256sum", ["sha256sum", "--", "/tmp/kernel-audit2-v3r63b5w/\346\261\202\350\247\243\345\231\250/crates/kernel/src/cycle_io.rs"], 0x7ffdc1bb9fc8 /* 135 vars */) = -1 ENOENT (No such file or directory)
1426356 execve("/home/zhuran24/.opencode/bin/sha256sum", ["sha256sum", "--", "/tmp/kernel-audit2-v3r63b5w/\346\261\202\350\247\243\345\231\250/crates/kernel/src/cycle_io.rs"], 0x7ffdc1bb9fc8 /* 135 vars */) = -1 ENOENT (No such file or directory)
1426356 execve("/usr/local/bin/sha256sum", ["sha256sum", "--", "/tmp/kernel-audit2-v3r63b5w/\346\261\202\350\247\243\345\231\250/crates/kernel/src/cycle_io.rs"], 0x7ffdc1bb9fc8 /* 135 vars */) = -1 ENOENT (No such file or directory)
1426356 execve("/usr/bin/sha256sum", ["sha256sum", "--", "/tmp/kernel-audit2-v3r63b5w/\346\261\202\350\247\243\345\231\250/crates/kernel/src/cycle_io.rs"], 0x7ffdc1bb9fc8 /* 135 vars */) = 0
1426356 openat(AT_FDCWD</tmp/kernel-audit2-v3r63b5w/\346\261\202\350\247\243\345\231\250>, "/etc/ld.so.cache", O_RDONLY|O_CLOEXEC) = 3</etc/ld.so.cache>
1426356 openat(AT_FDCWD</tmp/kernel-audit2-v3r63b5w/\346\261\202\350\247\243\345\231\250>, "/usr/lib/libcrypto.so.3", O_RDONLY|O_CLOEXEC) = 3</usr/lib/libcrypto.so.3>
1426356 openat(AT_FDCWD</tmp/kernel-audit2-v3r63b5w/\346\261\202\350\247\243\345\231\250>, "/usr/lib/libc.so.6", O_RDONLY|O_CLOEXEC) = 3</usr/lib/libc.so.6>
1426356 openat(AT_FDCWD</tmp/kernel-audit2-v3r63b5w/\346\261\202\350\247\243\345\231\250>, "/usr/lib/libz.so.1", O_RDONLY|O_CLOEXEC) = 3</usr/lib/libz.so.1.3.1.zlib-ng>
1426356 openat(AT_FDCWD</tmp/kernel-audit2-v3r63b5w/\346\261\202\350\247\243\345\231\250>, "/usr/lib/libbrotlienc.so.1", O_RDONLY|O_CLOEXEC) = 3</usr/lib/libbrotlienc.so.1.2.0>
1426356 openat(AT_FDCWD</tmp/kernel-audit2-v3r63b5w/\346\261\202\350\247\243\345\231\250>, "/usr/lib/libbrotlidec.so.1", O_RDONLY|O_CLOEXEC) = 3</usr/lib/libbrotlidec.so.1.2.0>
1426356 openat(AT_FDCWD</tmp/kernel-audit2-v3r63b5w/\346\261\202\350\247\243\345\231\250>, "/usr/lib/libzstd.so.1", O_RDONLY|O_CLOEXEC) = 3</usr/lib/libzstd.so.1.5.7>
1426356 openat(AT_FDCWD</tmp/kernel-audit2-v3r63b5w/\346\261\202\350\247\243\345\231\250>, "/usr/lib/libm.so.6", O_RDONLY|O_CLOEXEC) = 3</usr/lib/libm.so.6>
1426356 openat(AT_FDCWD</tmp/kernel-audit2-v3r63b5w/\346\261\202\350\247\243\345\231\250>, "/usr/lib/libbrotlicommon.so.1", O_RDONLY|O_CLOEXEC) = 3</usr/lib/libbrotlicommon.so.1.2.0>
1426356 openat(AT_FDCWD</tmp/kernel-audit2-v3r63b5w/\346\261\202\350\247\243\345\231\250>, "/usr/lib/locale/locale-archive", O_RDONLY|O_CLOEXEC) = 3</usr/lib/locale/locale-archive>
1426356 openat(AT_FDCWD</tmp/kernel-audit2-v3r63b5w/\346\261\202\350\247\243\345\231\250>, "/usr/share/locale/locale.alias", O_RDONLY|O_CLOEXEC) = 3</usr/share/locale/locale.alias>
1426356 openat(AT_FDCWD</tmp/kernel-audit2-v3r63b5w/\346\261\202\350\247\243\345\231\250>, "/usr/lib/locale/C.UTF-8/LC_IDENTIFICATION", O_RDONLY|O_CLOEXEC) = -1 ENOENT (No such file or directory)
1426356 openat(AT_FDCWD</tmp/kernel-audit2-v3r63b5w/\346\261\202\350\247\243\345\231\250>, "/usr/lib/locale/C.utf8/LC_IDENTIFICATION", O_RDONLY|O_CLOEXEC) = 3</usr/lib/locale/C.utf8/LC_IDENTIFICATION>
1426356 openat(AT_FDCWD</tmp/kernel-audit2-v3r63b5w/\346\261\202\350\247\243\345\231\250>, "/usr/lib/gconv/gconv-modules.cache", O_RDONLY|O_CLOEXEC) = 3</usr/lib/gconv/gconv-modules.cache>
1426356 openat(AT_FDCWD</tmp/kernel-audit2-v3r63b5w/\346\261\202\350\247\243\345\231\250>, "/usr/lib/locale/C.UTF-8/LC_MEASUREMENT", O_RDONLY|O_CLOEXEC) = -1 ENOENT (No such file or directory)
1426356 openat(AT_FDCWD</tmp/kernel-audit2-v3r63b5w/\346\261\202\350\247\243\345\231\250>, "/usr/lib/locale/C.utf8/LC_MEASUREMENT", O_RDONLY|O_CLOEXEC) = 3</usr/lib/locale/C.utf8/LC_MEASUREMENT>
1426356 openat(AT_FDCWD</tmp/kernel-audit2-v3r63b5w/\346\261\202\350\247\243\345\231\250>, "/usr/lib/locale/C.UTF-8/LC_TELEPHONE", O_RDONLY|O_CLOEXEC) = -1 ENOENT (No such file or directory)
1426356 openat(AT_FDCWD</tmp/kernel-audit2-v3r63b5w/\346\261\202\350\247\243\345\231\250>, "/usr/lib/locale/C.utf8/LC_TELEPHONE", O_RDONLY|O_CLOEXEC) = 3</usr/lib/locale/C.utf8/LC_TELEPHONE>
1426356 openat(AT_FDCWD</tmp/kernel-audit2-v3r63b5w/\346\261\202\350\247\243\345\231\250>, "/usr/lib/locale/C.UTF-8/LC_ADDRESS", O_RDONLY|O_CLOEXEC) = -1 ENOENT (No such file or directory)
1426356 openat(AT_FDCWD</tmp/kernel-audit2-v3r63b5w/\346\261\202\350\247\243\345\231\250>, "/usr/lib/locale/C.utf8/LC_ADDRESS", O_RDONLY|O_CLOEXEC) = 3</usr/lib/locale/C.utf8/LC_ADDRESS>
1426356 openat(AT_FDCWD</tmp/kernel-audit2-v3r63b5w/\346\261\202\350\247\243\345\231\250>, "/usr/lib/locale/C.UTF-8/LC_NAME", O_RDONLY|O_CLOEXEC) = -1 ENOENT (No such file or directory)
1426356 openat(AT_FDCWD</tmp/kernel-audit2-v3r63b5w/\346\261\202\350\247\243\345\231\250>, "/usr/lib/locale/C.utf8/LC_NAME", O_RDONLY|O_CLOEXEC) = 3</usr/lib/locale/C.utf8/LC_NAME>
1426356 openat(AT_FDCWD</tmp/kernel-audit2-v3r63b5w/\346\261\202\350\247\243\345\231\250>, "/usr/lib/locale/C.UTF-8/LC_PAPER", O_RDONLY|O_CLOEXEC) = -1 ENOENT (No such file or directory)
1426356 openat(AT_FDCWD</tmp/kernel-audit2-v3r63b5w/\346\261\202\350\247\243\345\231\250>, "/usr/lib/locale/C.utf8/LC_PAPER", O_RDONLY|O_CLOEXEC) = 3</usr/lib/locale/C.utf8/LC_PAPER>
1426356 openat(AT_FDCWD</tmp/kernel-audit2-v3r63b5w/\346\261\202\350\247\243\345\231\250>, "/usr/lib/locale/C.UTF-8/LC_MESSAGES", O_RDONLY|O_CLOEXEC) = -1 ENOENT (No such file or directory)
1426356 openat(AT_FDCWD</tmp/kernel-audit2-v3r63b5w/\346\261\202\350\247\243\345\231\250>, "/usr/lib/locale/C.utf8/LC_MESSAGES", O_RDONLY|O_CLOEXEC) = 3</usr/lib/locale/C.utf8/LC_MESSAGES>
1426356 openat(AT_FDCWD</tmp/kernel-audit2-v3r63b5w/\346\261\202\350\247\243\345\231\250>, "/usr/lib/locale/C.utf8/LC_MESSAGES/SYS_LC_MESSAGES", O_RDONLY|O_CLOEXEC) = 3</usr/lib/locale/C.utf8/LC_MESSAGES/SYS_LC_MESSAGES>
1426356 openat(AT_FDCWD</tmp/kernel-audit2-v3r63b5w/\346\261\202\350\247\243\345\231\250>, "/usr/lib/locale/C.UTF-8/LC_MONETARY", O_RDONLY|O_CLOEXEC) = -1 ENOENT (No such file or directory)
1426356 openat(AT_FDCWD</tmp/kernel-audit2-v3r63b5w/\346\261\202\350\247\243\345\231\250>, "/usr/lib/locale/C.utf8/LC_MONETARY", O_RDONLY|O_CLOEXEC) = 3</usr/lib/locale/C.utf8/LC_MONETARY>
1426356 openat(AT_FDCWD</tmp/kernel-audit2-v3r63b5w/\346\261\202\350\247\243\345\231\250>, "/usr/lib/locale/C.UTF-8/LC_COLLATE", O_RDONLY|O_CLOEXEC) = -1 ENOENT (No such file or directory)
1426356 openat(AT_FDCWD</tmp/kernel-audit2-v3r63b5w/\346\261\202\350\247\243\345\231\250>, "/usr/lib/locale/C.utf8/LC_COLLATE", O_RDONLY|O_CLOEXEC) = 3</usr/lib/locale/C.utf8/LC_COLLATE>
1426356 openat(AT_FDCWD</tmp/kernel-audit2-v3r63b5w/\346\261\202\350\247\243\345\231\250>, "/usr/lib/locale/C.UTF-8/LC_TIME", O_RDONLY|O_CLOEXEC) = -1 ENOENT (No such file or directory)
1426356 openat(AT_FDCWD</tmp/kernel-audit2-v3r63b5w/\346\261\202\350\247\243\345\231\250>, "/usr/lib/locale/C.utf8/LC_TIME", O_RDONLY|O_CLOEXEC) = 3</usr/lib/locale/C.utf8/LC_TIME>
1426356 openat(AT_FDCWD</tmp/kernel-audit2-v3r63b5w/\346\261\202\350\247\243\345\231\250>, "/usr/lib/locale/C.UTF-8/LC_NUMERIC", O_RDONLY|O_CLOEXEC) = -1 ENOENT (No such file or directory)
1426356 openat(AT_FDCWD</tmp/kernel-audit2-v3r63b5w/\346\261\202\350\247\243\345\231\250>, "/usr/lib/locale/C.utf8/LC_NUMERIC", O_RDONLY|O_CLOEXEC) = 3</usr/lib/locale/C.utf8/LC_NUMERIC>
1426356 openat(AT_FDCWD</tmp/kernel-audit2-v3r63b5w/\346\261\202\350\247\243\345\231\250>, "/usr/lib/locale/C.UTF-8/LC_CTYPE", O_RDONLY|O_CLOEXEC) = -1 ENOENT (No such file or directory)
1426356 openat(AT_FDCWD</tmp/kernel-audit2-v3r63b5w/\346\261\202\350\247\243\345\231\250>, "/usr/lib/locale/C.utf8/LC_CTYPE", O_RDONLY|O_CLOEXEC) = 3</usr/lib/locale/C.utf8/LC_CTYPE>
1426356 openat(AT_FDCWD</tmp/kernel-audit2-v3r63b5w/\346\261\202\350\247\243\345\231\250>, "/tmp/kernel-audit2-v3r63b5w/\346\261\202\350\247\243\345\231\250/crates/kernel/src/cycle_io.rs", O_RDONLY) = 3</tmp/kernel-audit2-v3r63b5w/\346\261\202\350\247\243\345\231\250/crates/kernel/src/cycle_io.rs>
1426283 --- SIGCHLD {si_signo=SIGCHLD, si_code=CLD_EXITED, si_pid=1426356, si_uid=1000, si_status=0, si_utime=0, si_stime=0} ---
1426283 openat(AT_FDCWD</tmp/kernel-audit2-v3r63b5w/\346\261\202\350\247\243\345\231\250>, "/dev/null", O_RDONLY|O_CLOEXEC) = 3</dev/null<char 1:3>>
1426357 execve("/home/zhuran24/.codex/tmp/arg0/codex-arg0DuAZRy/sha256sum", ["sha256sum", "--", "/tmp/kernel-audit2-v3r63b5w/\346\261\202\350\247\243\345\231\250/crates/kernel/src/digest.rs"], 0x7ffdc1bb9fc8 /* 135 vars */) = -1 ENOENT (No such file or directory)
1426357 execve("/home/zhuran24/.cargo/bin/sha256sum", ["sha256sum", "--", "/tmp/kernel-audit2-v3r63b5w/\346\261\202\350\247\243\345\231\250/crates/kernel/src/digest.rs"], 0x7ffdc1bb9fc8 /* 135 vars */) = -1 ENOENT (No such file or directory)
1426357 execve("/home/zhuran24/.local/bin/sha256sum", ["sha256sum", "--", "/tmp/kernel-audit2-v3r63b5w/\346\261\202\350\247\243\345\231\250/crates/kernel/src/digest.rs"], 0x7ffdc1bb9fc8 /* 135 vars */) = -1 ENOENT (No such file or directory)
1426357 execve("/home/zhuran24/.opencode/bin/sha256sum", ["sha256sum", "--", "/tmp/kernel-audit2-v3r63b5w/\346\261\202\350\247\243\345\231\250/crates/kernel/src/digest.rs"], 0x7ffdc1bb9fc8 /* 135 vars */) = -1 ENOENT (No such file or directory)
1426357 execve("/usr/local/bin/sha256sum", ["sha256sum", "--", "/tmp/kernel-audit2-v3r63b5w/\346\261\202\350\247\243\345\231\250/crates/kernel/src/digest.rs"], 0x7ffdc1bb9fc8 /* 135 vars */) = -1 ENOENT (No such file or directory)
1426357 execve("/usr/bin/sha256sum", ["sha256sum", "--", "/tmp/kernel-audit2-v3r63b5w/\346\261\202\350\247\243\345\231\250/crates/kernel/src/digest.rs"], 0x7ffdc1bb9fc8 /* 135 vars */) = 0
1426357 openat(AT_FDCWD</tmp/kernel-audit2-v3r63b5w/\346\261\202\350\247\243\345\231\250>, "/etc/ld.so.cache", O_RDONLY|O_CLOEXEC) = 3</etc/ld.so.cache>
1426357 openat(AT_FDCWD</tmp/kernel-audit2-v3r63b5w/\346\261\202\350\247\243\345\231\250>, "/usr/lib/libcrypto.so.3", O_RDONLY|O_CLOEXEC) = 3</usr/lib/libcrypto.so.3>
1426357 openat(AT_FDCWD</tmp/kernel-audit2-v3r63b5w/\346\261\202\350\247\243\345\231\250>, "/usr/lib/libc.so.6", O_RDONLY|O_CLOEXEC) = 3</usr/lib/libc.so.6>
1426357 openat(AT_FDCWD</tmp/kernel-audit2-v3r63b5w/\346\261\202\350\247\243\345\231\250>, "/usr/lib/libz.so.1", O_RDONLY|O_CLOEXEC) = 3</usr/lib/libz.so.1.3.1.zlib-ng>
1426357 openat(AT_FDCWD</tmp/kernel-audit2-v3r63b5w/\346\261\202\350\247\243\345\231\250>, "/usr/lib/libbrotlienc.so.1", O_RDONLY|O_CLOEXEC) = 3</usr/lib/libbrotlienc.so.1.2.0>
1426357 openat(AT_FDCWD</tmp/kernel-audit2-v3r63b5w/\346\261\202\350\247\243\345\231\250>, "/usr/lib/libbrotlidec.so.1", O_RDONLY|O_CLOEXEC) = 3</usr/lib/libbrotlidec.so.1.2.0>
1426357 openat(AT_FDCWD</tmp/kernel-audit2-v3r63b5w/\346\261\202\350\247\243\345\231\250>, "/usr/lib/libzstd.so.1", O_RDONLY|O_CLOEXEC) = 3</usr/lib/libzstd.so.1.5.7>
1426357 openat(AT_FDCWD</tmp/kernel-audit2-v3r63b5w/\346\261\202\350\247\243\345\231\250>, "/usr/lib/libm.so.6", O_RDONLY|O_CLOEXEC) = 3</usr/lib/libm.so.6>
1426357 openat(AT_FDCWD</tmp/kernel-audit2-v3r63b5w/\346\261\202\350\247\243\345\231\250>, "/usr/lib/libbrotlicommon.so.1", O_RDONLY|O_CLOEXEC) = 3</usr/lib/libbrotlicommon.so.1.2.0>
1426357 openat(AT_FDCWD</tmp/kernel-audit2-v3r63b5w/\346\261\202\350\247\243\345\231\250>, "/usr/lib/locale/locale-archive", O_RDONLY|O_CLOEXEC) = 3</usr/lib/locale/locale-archive>
1426357 openat(AT_FDCWD</tmp/kernel-audit2-v3r63b5w/\346\261\202\350\247\243\345\231\250>, "/usr/share/locale/locale.alias", O_RDONLY|O_CLOEXEC) = 3</usr/share/locale/locale.alias>
1426357 openat(AT_FDCWD</tmp/kernel-audit2-v3r63b5w/\346\261\202\350\247\243\345\231\250>, "/usr/lib/locale/C.UTF-8/LC_IDENTIFICATION", O_RDONLY|O_CLOEXEC) = -1 ENOENT (No such file or directory)
1426357 openat(AT_FDCWD</tmp/kernel-audit2-v3r63b5w/\346\261\202\350\247\243\345\231\250>, "/usr/lib/locale/C.utf8/LC_IDENTIFICATION", O_RDONLY|O_CLOEXEC) = 3</usr/lib/locale/C.utf8/LC_IDENTIFICATION>
1426357 openat(AT_FDCWD</tmp/kernel-audit2-v3r63b5w/\346\261\202\350\247\243\345\231\250>, "/usr/lib/gconv/gconv-modules.cache", O_RDONLY|O_CLOEXEC) = 3</usr/lib/gconv/gconv-modules.cache>
1426357 openat(AT_FDCWD</tmp/kernel-audit2-v3r63b5w/\346\261\202\350\247\243\345\231\250>, "/usr/lib/locale/C.UTF-8/LC_MEASUREMENT", O_RDONLY|O_CLOEXEC) = -1 ENOENT (No such file or directory)
1426357 openat(AT_FDCWD</tmp/kernel-audit2-v3r63b5w/\346\261\202\350\247\243\345\231\250>, "/usr/lib/locale/C.utf8/LC_MEASUREMENT", O_RDONLY|O_CLOEXEC) = 3</usr/lib/locale/C.utf8/LC_MEASUREMENT>
1426357 openat(AT_FDCWD</tmp/kernel-audit2-v3r63b5w/\346\261\202\350\247\243\345\231\250>, "/usr/lib/locale/C.UTF-8/LC_TELEPHONE", O_RDONLY|O_CLOEXEC) = -1 ENOENT (No such file or directory)
1426357 openat(AT_FDCWD</tmp/kernel-audit2-v3r63b5w/\346\261\202\350\247\243\345\231\250>, "/usr/lib/locale/C.utf8/LC_TELEPHONE", O_RDONLY|O_CLOEXEC) = 3</usr/lib/locale/C.utf8/LC_TELEPHONE>
1426357 openat(AT_FDCWD</tmp/kernel-audit2-v3r63b5w/\346\261\202\350\247\243\345\231\250>, "/usr/lib/locale/C.UTF-8/LC_ADDRESS", O_RDONLY|O_CLOEXEC) = -1 ENOENT (No such file or directory)
1426357 openat(AT_FDCWD</tmp/kernel-audit2-v3r63b5w/\346\261\202\350\247\243\345\231\250>, "/usr/lib/locale/C.utf8/LC_ADDRESS", O_RDONLY|O_CLOEXEC) = 3</usr/lib/locale/C.utf8/LC_ADDRESS>
1426357 openat(AT_FDCWD</tmp/kernel-audit2-v3r63b5w/\346\261\202\350\247\243\345\231\250>, "/usr/lib/locale/C.UTF-8/LC_NAME", O_RDONLY|O_CLOEXEC) = -1 ENOENT (No such file or directory)
1426357 openat(AT_FDCWD</tmp/kernel-audit2-v3r63b5w/\346\261\202\350\247\243\345\231\250>, "/usr/lib/locale/C.utf8/LC_NAME", O_RDONLY|O_CLOEXEC) = 3</usr/lib/locale/C.utf8/LC_NAME>
1426357 openat(AT_FDCWD</tmp/kernel-audit2-v3r63b5w/\346\261\202\350\247\243\345\231\250>, "/usr/lib/locale/C.UTF-8/LC_PAPER", O_RDONLY|O_CLOEXEC) = -1 ENOENT (No such file or directory)
1426357 openat(AT_FDCWD</tmp/kernel-audit2-v3r63b5w/\346\261\202\350\247\243\345\231\250>, "/usr/lib/locale/C.utf8/LC_PAPER", O_RDONLY|O_CLOEXEC) = 3</usr/lib/locale/C.utf8/LC_PAPER>
1426357 openat(AT_FDCWD</tmp/kernel-audit2-v3r63b5w/\346\261\202\350\247\243\345\231\250>, "/usr/lib/locale/C.UTF-8/LC_MESSAGES", O_RDONLY|O_CLOEXEC) = -1 ENOENT (No such file or directory)
1426357 openat(AT_FDCWD</tmp/kernel-audit2-v3r63b5w/\346\261\202\350\247\243\345\231\250>, "/usr/lib/locale/C.utf8/LC_MESSAGES", O_RDONLY|O_CLOEXEC) = 3</usr/lib/locale/C.utf8/LC_MESSAGES>
1426357 openat(AT_FDCWD</tmp/kernel-audit2-v3r63b5w/\346\261\202\350\247\243\345\231\250>, "/usr/lib/locale/C.utf8/LC_MESSAGES/SYS_LC_MESSAGES", O_RDONLY|O_CLOEXEC) = 3</usr/lib/locale/C.utf8/LC_MESSAGES/SYS_LC_MESSAGES>
1426357 openat(AT_FDCWD</tmp/kernel-audit2-v3r63b5w/\346\261\202\350\247\243\345\231\250>, "/usr/lib/locale/C.UTF-8/LC_MONETARY", O_RDONLY|O_CLOEXEC) = -1 ENOENT (No such file or directory)
1426357 openat(AT_FDCWD</tmp/kernel-audit2-v3r63b5w/\346\261\202\350\247\243\345\231\250>, "/usr/lib/locale/C.utf8/LC_MONETARY", O_RDONLY|O_CLOEXEC) = 3</usr/lib/locale/C.utf8/LC_MONETARY>
1426357 openat(AT_FDCWD</tmp/kernel-audit2-v3r63b5w/\346\261\202\350\247\243\345\231\250>, "/usr/lib/locale/C.UTF-8/LC_COLLATE", O_RDONLY|O_CLOEXEC) = -1 ENOENT (No such file or directory)
1426357 openat(AT_FDCWD</tmp/kernel-audit2-v3r63b5w/\346\261\202\350\247\243\345\231\250>, "/usr/lib/locale/C.utf8/LC_COLLATE", O_RDONLY|O_CLOEXEC) = 3</usr/lib/locale/C.utf8/LC_COLLATE>
1426357 openat(AT_FDCWD</tmp/kernel-audit2-v3r63b5w/\346\261\202\350\247\243\345\231\250>, "/usr/lib/locale/C.UTF-8/LC_TIME", O_RDONLY|O_CLOEXEC) = -1 ENOENT (No such file or directory)
1426357 openat(AT_FDCWD</tmp/kernel-audit2-v3r63b5w/\346\261\202\350\247\243\345\231\250>, "/usr/lib/locale/C.utf8/LC_TIME", O_RDONLY|O_CLOEXEC) = 3</usr/lib/locale/C.utf8/LC_TIME>
1426357 openat(AT_FDCWD</tmp/kernel-audit2-v3r63b5w/\346\261\202\350\247\243\345\231\250>, "/usr/lib/locale/C.UTF-8/LC_NUMERIC", O_RDONLY|O_CLOEXEC) = -1 ENOENT (No such file or directory)
1426357 openat(AT_FDCWD</tmp/kernel-audit2-v3r63b5w/\346\261\202\350\247\243\345\231\250>, "/usr/lib/locale/C.utf8/LC_NUMERIC", O_RDONLY|O_CLOEXEC) = 3</usr/lib/locale/C.utf8/LC_NUMERIC>
1426357 openat(AT_FDCWD</tmp/kernel-audit2-v3r63b5w/\346\261\202\350\247\243\345\231\250>, "/usr/lib/locale/C.UTF-8/LC_CTYPE", O_RDONLY|O_CLOEXEC) = -1 ENOENT (No such file or directory)
1426357 openat(AT_FDCWD</tmp/kernel-audit2-v3r63b5w/\346\261\202\350\247\243\345\231\250>, "/usr/lib/locale/C.utf8/LC_CTYPE", O_RDONLY|O_CLOEXEC) = 3</usr/lib/locale/C.utf8/LC_CTYPE>
1426357 openat(AT_FDCWD</tmp/kernel-audit2-v3r63b5w/\346\261\202\350\247\243\345\231\250>, "/tmp/kernel-audit2-v3r63b5w/\346\261\202\350\247\243\345\231\250/crates/kernel/src/digest.rs", O_RDONLY) = 3</tmp/kernel-audit2-v3r63b5w/\346\261\202\350\247\243\345\231\250/crates/kernel/src/digest.rs>
1426283 --- SIGCHLD {si_signo=SIGCHLD, si_code=CLD_EXITED, si_pid=1426357, si_uid=1000, si_status=0, si_utime=0, si_stime=0} ---
1426283 openat(AT_FDCWD</tmp/kernel-audit2-v3r63b5w/\346\261\202\350\247\243\345\231\250>, "/dev/null", O_RDONLY|O_CLOEXEC) = 3</dev/null<char 1:3>>
1426358 execve("/home/zhuran24/.codex/tmp/arg0/codex-arg0DuAZRy/sha256sum", ["sha256sum", "--", "/tmp/kernel-audit2-v3r63b5w/\346\261\202\350\247\243\345\231\250/crates/kernel/src/seed.rs"], 0x7ffdc1bb9fc8 /* 135 vars */) = -1 ENOENT (No such file or directory)
1426358 execve("/home/zhuran24/.cargo/bin/sha256sum", ["sha256sum", "--", "/tmp/kernel-audit2-v3r63b5w/\346\261\202\350\247\243\345\231\250/crates/kernel/src/seed.rs"], 0x7ffdc1bb9fc8 /* 135 vars */) = -1 ENOENT (No such file or directory)
1426358 execve("/home/zhuran24/.local/bin/sha256sum", ["sha256sum", "--", "/tmp/kernel-audit2-v3r63b5w/\346\261\202\350\247\243\345\231\250/crates/kernel/src/seed.rs"], 0x7ffdc1bb9fc8 /* 135 vars */) = -1 ENOENT (No such file or directory)
1426358 execve("/home/zhuran24/.opencode/bin/sha256sum", ["sha256sum", "--", "/tmp/kernel-audit2-v3r63b5w/\346\261\202\350\247\243\345\231\250/crates/kernel/src/seed.rs"], 0x7ffdc1bb9fc8 /* 135 vars */) = -1 ENOENT (No such file or directory)
1426358 execve("/usr/local/bin/sha256sum", ["sha256sum", "--", "/tmp/kernel-audit2-v3r63b5w/\346\261\202\350\247\243\345\231\250/crates/kernel/src/seed.rs"], 0x7ffdc1bb9fc8 /* 135 vars */) = -1 ENOENT (No such file or directory)
1426358 execve("/usr/bin/sha256sum", ["sha256sum", "--", "/tmp/kernel-audit2-v3r63b5w/\346\261\202\350\247\243\345\231\250/crates/kernel/src/seed.rs"], 0x7ffdc1bb9fc8 /* 135 vars */) = 0
1426358 openat(AT_FDCWD</tmp/kernel-audit2-v3r63b5w/\346\261\202\350\247\243\345\231\250>, "/etc/ld.so.cache", O_RDONLY|O_CLOEXEC) = 3</etc/ld.so.cache>
1426358 openat(AT_FDCWD</tmp/kernel-audit2-v3r63b5w/\346\261\202\350\247\243\345\231\250>, "/usr/lib/libcrypto.so.3", O_RDONLY|O_CLOEXEC) = 3</usr/lib/libcrypto.so.3>
1426358 openat(AT_FDCWD</tmp/kernel-audit2-v3r63b5w/\346\261\202\350\247\243\345\231\250>, "/usr/lib/libc.so.6", O_RDONLY|O_CLOEXEC) = 3</usr/lib/libc.so.6>
1426358 openat(AT_FDCWD</tmp/kernel-audit2-v3r63b5w/\346\261\202\350\247\243\345\231\250>, "/usr/lib/libz.so.1", O_RDONLY|O_CLOEXEC) = 3</usr/lib/libz.so.1.3.1.zlib-ng>
1426358 openat(AT_FDCWD</tmp/kernel-audit2-v3r63b5w/\346\261\202\350\247\243\345\231\250>, "/usr/lib/libbrotlienc.so.1", O_RDONLY|O_CLOEXEC) = 3</usr/lib/libbrotlienc.so.1.2.0>
1426358 openat(AT_FDCWD</tmp/kernel-audit2-v3r63b5w/\346\261\202\350\247\243\345\231\250>, "/usr/lib/libbrotlidec.so.1", O_RDONLY|O_CLOEXEC) = 3</usr/lib/libbrotlidec.so.1.2.0>
1426358 openat(AT_FDCWD</tmp/kernel-audit2-v3r63b5w/\346\261\202\350\247\243\345\231\250>, "/usr/lib/libzstd.so.1", O_RDONLY|O_CLOEXEC) = 3</usr/lib/libzstd.so.1.5.7>
1426358 openat(AT_FDCWD</tmp/kernel-audit2-v3r63b5w/\346\261\202\350\247\243\345\231\250>, "/usr/lib/libm.so.6", O_RDONLY|O_CLOEXEC) = 3</usr/lib/libm.so.6>
1426358 openat(AT_FDCWD</tmp/kernel-audit2-v3r63b5w/\346\261\202\350\247\243\345\231\250>, "/usr/lib/libbrotlicommon.so.1", O_RDONLY|O_CLOEXEC) = 3</usr/lib/libbrotlicommon.so.1.2.0>
1426358 openat(AT_FDCWD</tmp/kernel-audit2-v3r63b5w/\346\261\202\350\247\243\345\231\250>, "/usr/lib/locale/locale-archive", O_RDONLY|O_CLOEXEC) = 3</usr/lib/locale/locale-archive>
1426358 openat(AT_FDCWD</tmp/kernel-audit2-v3r63b5w/\346\261\202\350\247\243\345\231\250>, "/usr/share/locale/locale.alias", O_RDONLY|O_CLOEXEC) = 3</usr/share/locale/locale.alias>
1426358 openat(AT_FDCWD</tmp/kernel-audit2-v3r63b5w/\346\261\202\350\247\243\345\231\250>, "/usr/lib/locale/C.UTF-8/LC_IDENTIFICATION", O_RDONLY|O_CLOEXEC) = -1 ENOENT (No such file or directory)
1426358 openat(AT_FDCWD</tmp/kernel-audit2-v3r63b5w/\346\261\202\350\247\243\345\231\250>, "/usr/lib/locale/C.utf8/LC_IDENTIFICATION", O_RDONLY|O_CLOEXEC) = 3</usr/lib/locale/C.utf8/LC_IDENTIFICATION>
1426358 openat(AT_FDCWD</tmp/kernel-audit2-v3r63b5w/\346\261\202\350\247\243\345\231\250>, "/usr/lib/gconv/gconv-modules.cache", O_RDONLY|O_CLOEXEC) = 3</usr/lib/gconv/gconv-modules.cache>
1426358 openat(AT_FDCWD</tmp/kernel-audit2-v3r63b5w/\346\261\202\350\247\243\345\231\250>, "/usr/lib/locale/C.UTF-8/LC_MEASUREMENT", O_RDONLY|O_CLOEXEC) = -1 ENOENT (No such file or directory)
1426358 openat(AT_FDCWD</tmp/kernel-audit2-v3r63b5w/\346\261\202\350\247\243\345\231\250>, "/usr/lib/locale/C.utf8/LC_MEASUREMENT", O_RDONLY|O_CLOEXEC) = 3</usr/lib/locale/C.utf8/LC_MEASUREMENT>
1426358 openat(AT_FDCWD</tmp/kernel-audit2-v3r63b5w/\346\261\202\350\247\243\345\231\250>, "/usr/lib/locale/C.UTF-8/LC_TELEPHONE", O_RDONLY|O_CLOEXEC) = -1 ENOENT (No such file or directory)
1426358 openat(AT_FDCWD</tmp/kernel-audit2-v3r63b5w/\346\261\202\350\247\243\345\231\250>, "/usr/lib/locale/C.utf8/LC_TELEPHONE", O_RDONLY|O_CLOEXEC) = 3</usr/lib/locale/C.utf8/LC_TELEPHONE>
1426358 openat(AT_FDCWD</tmp/kernel-audit2-v3r63b5w/\346\261\202\350\247\243\345\231\250>, "/usr/lib/locale/C.UTF-8/LC_ADDRESS", O_RDONLY|O_CLOEXEC) = -1 ENOENT (No such file or directory)
1426358 openat(AT_FDCWD</tmp/kernel-audit2-v3r63b5w/\346\261\202\350\247\243\345\231\250>, "/usr/lib/locale/C.utf8/LC_ADDRESS", O_RDONLY|O_CLOEXEC) = 3</usr/lib/locale/C.utf8/LC_ADDRESS>
1426358 openat(AT_FDCWD</tmp/kernel-audit2-v3r63b5w/\346\261\202\350\247\243\345\231\250>, "/usr/lib/locale/C.UTF-8/LC_NAME", O_RDONLY|O_CLOEXEC) = -1 ENOENT (No such file or directory)
1426358 openat(AT_FDCWD</tmp/kernel-audit2-v3r63b5w/\346\261\202\350\247\243\345\231\250>, "/usr/lib/locale/C.utf8/LC_NAME", O_RDONLY|O_CLOEXEC) = 3</usr/lib/locale/C.utf8/LC_NAME>
1426358 openat(AT_FDCWD</tmp/kernel-audit2-v3r63b5w/\346\261\202\350\247\243\345\231\250>, "/usr/lib/locale/C.UTF-8/LC_PAPER", O_RDONLY|O_CLOEXEC) = -1 ENOENT (No such file or directory)
1426358 openat(AT_FDCWD</tmp/kernel-audit2-v3r63b5w/\346\261\202\350\247\243\345\231\250>, "/usr/lib/locale/C.utf8/LC_PAPER", O_RDONLY|O_CLOEXEC) = 3</usr/lib/locale/C.utf8/LC_PAPER>
1426358 openat(AT_FDCWD</tmp/kernel-audit2-v3r63b5w/\346\261\202\350\247\243\345\231\250>, "/usr/lib/locale/C.UTF-8/LC_MESSAGES", O_RDONLY|O_CLOEXEC) = -1 ENOENT (No such file or directory)
1426358 openat(AT_FDCWD</tmp/kernel-audit2-v3r63b5w/\346\261\202\350\247\243\345\231\250>, "/usr/lib/locale/C.utf8/LC_MESSAGES", O_RDONLY|O_CLOEXEC) = 3</usr/lib/locale/C.utf8/LC_MESSAGES>
1426358 openat(AT_FDCWD</tmp/kernel-audit2-v3r63b5w/\346\261\202\350\247\243\345\231\250>, "/usr/lib/locale/C.utf8/LC_MESSAGES/SYS_LC_MESSAGES", O_RDONLY|O_CLOEXEC) = 3</usr/lib/locale/C.utf8/LC_MESSAGES/SYS_LC_MESSAGES>
1426358 openat(AT_FDCWD</tmp/kernel-audit2-v3r63b5w/\346\261\202\350\247\243\345\231\250>, "/usr/lib/locale/C.UTF-8/LC_MONETARY", O_RDONLY|O_CLOEXEC) = -1 ENOENT (No such file or directory)
1426358 openat(AT_FDCWD</tmp/kernel-audit2-v3r63b5w/\346\261\202\350\247\243\345\231\250>, "/usr/lib/locale/C.utf8/LC_MONETARY", O_RDONLY|O_CLOEXEC) = 3</usr/lib/locale/C.utf8/LC_MONETARY>
1426358 openat(AT_FDCWD</tmp/kernel-audit2-v3r63b5w/\346\261\202\350\247\243\345\231\250>, "/usr/lib/locale/C.UTF-8/LC_COLLATE", O_RDONLY|O_CLOEXEC) = -1 ENOENT (No such file or directory)
1426358 openat(AT_FDCWD</tmp/kernel-audit2-v3r63b5w/\346\261\202\350\247\243\345\231\250>, "/usr/lib/locale/C.utf8/LC_COLLATE", O_RDONLY|O_CLOEXEC) = 3</usr/lib/locale/C.utf8/LC_COLLATE>
1426358 openat(AT_FDCWD</tmp/kernel-audit2-v3r63b5w/\346\261\202\350\247\243\345\231\250>, "/usr/lib/locale/C.UTF-8/LC_TIME", O_RDONLY|O_CLOEXEC) = -1 ENOENT (No such file or directory)
1426358 openat(AT_FDCWD</tmp/kernel-audit2-v3r63b5w/\346\261\202\350\247\243\345\231\250>, "/usr/lib/locale/C.utf8/LC_TIME", O_RDONLY|O_CLOEXEC) = 3</usr/lib/locale/C.utf8/LC_TIME>
1426358 openat(AT_FDCWD</tmp/kernel-audit2-v3r63b5w/\346\261\202\350\247\243\345\231\250>, "/usr/lib/locale/C.UTF-8/LC_NUMERIC", O_RDONLY|O_CLOEXEC) = -1 ENOENT (No such file or directory)
1426358 openat(AT_FDCWD</tmp/kernel-audit2-v3r63b5w/\346\261\202\350\247\243\345\231\250>, "/usr/lib/locale/C.utf8/LC_NUMERIC", O_RDONLY|O_CLOEXEC) = 3</usr/lib/locale/C.utf8/LC_NUMERIC>
1426358 openat(AT_FDCWD</tmp/kernel-audit2-v3r63b5w/\346\261\202\350\247\243\345\231\250>, "/usr/lib/locale/C.UTF-8/LC_CTYPE", O_RDONLY|O_CLOEXEC) = -1 ENOENT (No such file or directory)
1426358 openat(AT_FDCWD</tmp/kernel-audit2-v3r63b5w/\346\261\202\350\247\243\345\231\250>, "/usr/lib/locale/C.utf8/LC_CTYPE", O_RDONLY|O_CLOEXEC) = 3</usr/lib/locale/C.utf8/LC_CTYPE>
1426358 openat(AT_FDCWD</tmp/kernel-audit2-v3r63b5w/\346\261\202\350\247\243\345\231\250>, "/tmp/kernel-audit2-v3r63b5w/\346\261\202\350\247\243\345\231\250/crates/kernel/src/seed.rs", O_RDONLY) = 3</tmp/kernel-audit2-v3r63b5w/\346\261\202\350\247\243\345\231\250/crates/kernel/src/seed.rs>
1426283 --- SIGCHLD {si_signo=SIGCHLD, si_code=CLD_EXITED, si_pid=1426358, si_uid=1000, si_status=0, si_utime=0, si_stime=0} ---
1426283 openat(AT_FDCWD</tmp/kernel-audit2-v3r63b5w/\346\261\202\350\247\243\345\231\250>, "/dev/null", O_RDONLY|O_CLOEXEC) = 3</dev/null<char 1:3>>
1426359 execve("/home/zhuran24/.codex/tmp/arg0/codex-arg0DuAZRy/sha256sum", ["sha256sum", "--", "/tmp/kernel-audit2-v3r63b5w/\346\261\202\350\247\243\345\231\250/crates/kernel/src/cache.rs"], 0x7ffdc1bb9fc8 /* 135 vars */) = -1 ENOENT (No such file or directory)
1426359 execve("/home/zhuran24/.cargo/bin/sha256sum", ["sha256sum", "--", "/tmp/kernel-audit2-v3r63b5w/\346\261\202\350\247\243\345\231\250/crates/kernel/src/cache.rs"], 0x7ffdc1bb9fc8 /* 135 vars */) = -1 ENOENT (No such file or directory)
1426359 execve("/home/zhuran24/.local/bin/sha256sum", ["sha256sum", "--", "/tmp/kernel-audit2-v3r63b5w/\346\261\202\350\247\243\345\231\250/crates/kernel/src/cache.rs"], 0x7ffdc1bb9fc8 /* 135 vars */) = -1 ENOENT (No such file or directory)
1426359 execve("/home/zhuran24/.opencode/bin/sha256sum", ["sha256sum", "--", "/tmp/kernel-audit2-v3r63b5w/\346\261\202\350\247\243\345\231\250/crates/kernel/src/cache.rs"], 0x7ffdc1bb9fc8 /* 135 vars */) = -1 ENOENT (No such file or directory)
1426359 execve("/usr/local/bin/sha256sum", ["sha256sum", "--", "/tmp/kernel-audit2-v3r63b5w/\346\261\202\350\247\243\345\231\250/crates/kernel/src/cache.rs"], 0x7ffdc1bb9fc8 /* 135 vars */) = -1 ENOENT (No such file or directory)
1426359 execve("/usr/bin/sha256sum", ["sha256sum", "--", "/tmp/kernel-audit2-v3r63b5w/\346\261\202\350\247\243\345\231\250/crates/kernel/src/cache.rs"], 0x7ffdc1bb9fc8 /* 135 vars */) = 0
1426359 openat(AT_FDCWD</tmp/kernel-audit2-v3r63b5w/\346\261\202\350\247\243\345\231\250>, "/etc/ld.so.cache", O_RDONLY|O_CLOEXEC) = 3</etc/ld.so.cache>
1426359 openat(AT_FDCWD</tmp/kernel-audit2-v3r63b5w/\346\261\202\350\247\243\345\231\250>, "/usr/lib/libcrypto.so.3", O_RDONLY|O_CLOEXEC) = 3</usr/lib/libcrypto.so.3>
1426359 openat(AT_FDCWD</tmp/kernel-audit2-v3r63b5w/\346\261\202\350\247\243\345\231\250>, "/usr/lib/libc.so.6", O_RDONLY|O_CLOEXEC) = 3</usr/lib/libc.so.6>
1426359 openat(AT_FDCWD</tmp/kernel-audit2-v3r63b5w/\346\261\202\350\247\243\345\231\250>, "/usr/lib/libz.so.1", O_RDONLY|O_CLOEXEC) = 3</usr/lib/libz.so.1.3.1.zlib-ng>
1426359 openat(AT_FDCWD</tmp/kernel-audit2-v3r63b5w/\346\261\202\350\247\243\345\231\250>, "/usr/lib/libbrotlienc.so.1", O_RDONLY|O_CLOEXEC) = 3</usr/lib/libbrotlienc.so.1.2.0>
1426359 openat(AT_FDCWD</tmp/kernel-audit2-v3r63b5w/\346\261\202\350\247\243\345\231\250>, "/usr/lib/libbrotlidec.so.1", O_RDONLY|O_CLOEXEC) = 3</usr/lib/libbrotlidec.so.1.2.0>
1426359 openat(AT_FDCWD</tmp/kernel-audit2-v3r63b5w/\346\261\202\350\247\243\345\231\250>, "/usr/lib/libzstd.so.1", O_RDONLY|O_CLOEXEC) = 3</usr/lib/libzstd.so.1.5.7>
1426359 openat(AT_FDCWD</tmp/kernel-audit2-v3r63b5w/\346\261\202\350\247\243\345\231\250>, "/usr/lib/libm.so.6", O_RDONLY|O_CLOEXEC) = 3</usr/lib/libm.so.6>
1426359 openat(AT_FDCWD</tmp/kernel-audit2-v3r63b5w/\346\261\202\350\247\243\345\231\250>, "/usr/lib/libbrotlicommon.so.1", O_RDONLY|O_CLOEXEC) = 3</usr/lib/libbrotlicommon.so.1.2.0>
1426359 openat(AT_FDCWD</tmp/kernel-audit2-v3r63b5w/\346\261\202\350\247\243\345\231\250>, "/usr/lib/locale/locale-archive", O_RDONLY|O_CLOEXEC) = 3</usr/lib/locale/locale-archive>
1426359 openat(AT_FDCWD</tmp/kernel-audit2-v3r63b5w/\346\261\202\350\247\243\345\231\250>, "/usr/share/locale/locale.alias", O_RDONLY|O_CLOEXEC) = 3</usr/share/locale/locale.alias>
1426359 openat(AT_FDCWD</tmp/kernel-audit2-v3r63b5w/\346\261\202\350\247\243\345\231\250>, "/usr/lib/locale/C.UTF-8/LC_IDENTIFICATION", O_RDONLY|O_CLOEXEC) = -1 ENOENT (No such file or directory)
1426359 openat(AT_FDCWD</tmp/kernel-audit2-v3r63b5w/\346\261\202\350\247\243\345\231\250>, "/usr/lib/locale/C.utf8/LC_IDENTIFICATION", O_RDONLY|O_CLOEXEC) = 3</usr/lib/locale/C.utf8/LC_IDENTIFICATION>
1426359 openat(AT_FDCWD</tmp/kernel-audit2-v3r63b5w/\346\261\202\350\247\243\345\231\250>, "/usr/lib/gconv/gconv-modules.cache", O_RDONLY|O_CLOEXEC) = 3</usr/lib/gconv/gconv-modules.cache>
1426359 openat(AT_FDCWD</tmp/kernel-audit2-v3r63b5w/\346\261\202\350\247\243\345\231\250>, "/usr/lib/locale/C.UTF-8/LC_MEASUREMENT", O_RDONLY|O_CLOEXEC) = -1 ENOENT (No such file or directory)
1426359 openat(AT_FDCWD</tmp/kernel-audit2-v3r63b5w/\346\261\202\350\247\243\345\231\250>, "/usr/lib/locale/C.utf8/LC_MEASUREMENT", O_RDONLY|O_CLOEXEC) = 3</usr/lib/locale/C.utf8/LC_MEASUREMENT>
1426359 openat(AT_FDCWD</tmp/kernel-audit2-v3r63b5w/\346\261\202\350\247\243\345\231\250>, "/usr/lib/locale/C.UTF-8/LC_TELEPHONE", O_RDONLY|O_CLOEXEC) = -1 ENOENT (No such file or directory)
1426359 openat(AT_FDCWD</tmp/kernel-audit2-v3r63b5w/\346\261\202\350\247\243\345\231\250>, "/usr/lib/locale/C.utf8/LC_TELEPHONE", O_RDONLY|O_CLOEXEC) = 3</usr/lib/locale/C.utf8/LC_TELEPHONE>
1426359 openat(AT_FDCWD</tmp/kernel-audit2-v3r63b5w/\346\261\202\350\247\243\345\231\250>, "/usr/lib/locale/C.UTF-8/LC_ADDRESS", O_RDONLY|O_CLOEXEC) = -1 ENOENT (No such file or directory)
1426359 openat(AT_FDCWD</tmp/kernel-audit2-v3r63b5w/\346\261\202\350\247\243\345\231\250>, "/usr/lib/locale/C.utf8/LC_ADDRESS", O_RDONLY|O_CLOEXEC) = 3</usr/lib/locale/C.utf8/LC_ADDRESS>
1426359 openat(AT_FDCWD</tmp/kernel-audit2-v3r63b5w/\346\261\202\350\247\243\345\231\250>, "/usr/lib/locale/C.UTF-8/LC_NAME", O_RDONLY|O_CLOEXEC) = -1 ENOENT (No such file or directory)
1426359 openat(AT_FDCWD</tmp/kernel-audit2-v3r63b5w/\346\261\202\350\247\243\345\231\250>, "/usr/lib/locale/C.utf8/LC_NAME", O_RDONLY|O_CLOEXEC) = 3</usr/lib/locale/C.utf8/LC_NAME>
1426359 openat(AT_FDCWD</tmp/kernel-audit2-v3r63b5w/\346\261\202\350\247\243\345\231\250>, "/usr/lib/locale/C.UTF-8/LC_PAPER", O_RDONLY|O_CLOEXEC) = -1 ENOENT (No such file or directory)
1426359 openat(AT_FDCWD</tmp/kernel-audit2-v3r63b5w/\346\261\202\350\247\243\345\231\250>, "/usr/lib/locale/C.utf8/LC_PAPER", O_RDONLY|O_CLOEXEC) = 3</usr/lib/locale/C.utf8/LC_PAPER>
1426359 openat(AT_FDCWD</tmp/kernel-audit2-v3r63b5w/\346\261\202\350\247\243\345\231\250>, "/usr/lib/locale/C.UTF-8/LC_MESSAGES", O_RDONLY|O_CLOEXEC) = -1 ENOENT (No such file or directory)
1426359 openat(AT_FDCWD</tmp/kernel-audit2-v3r63b5w/\346\261\202\350\247\243\345\231\250>, "/usr/lib/locale/C.utf8/LC_MESSAGES", O_RDONLY|O_CLOEXEC) = 3</usr/lib/locale/C.utf8/LC_MESSAGES>
1426359 openat(AT_FDCWD</tmp/kernel-audit2-v3r63b5w/\346\261\202\350\247\243\345\231\250>, "/usr/lib/locale/C.utf8/LC_MESSAGES/SYS_LC_MESSAGES", O_RDONLY|O_CLOEXEC) = 3</usr/lib/locale/C.utf8/LC_MESSAGES/SYS_LC_MESSAGES>
1426359 openat(AT_FDCWD</tmp/kernel-audit2-v3r63b5w/\346\261\202\350\247\243\345\231\250>, "/usr/lib/locale/C.UTF-8/LC_MONETARY", O_RDONLY|O_CLOEXEC) = -1 ENOENT (No such file or directory)
1426359 openat(AT_FDCWD</tmp/kernel-audit2-v3r63b5w/\346\261\202\350\247\243\345\231\250>, "/usr/lib/locale/C.utf8/LC_MONETARY", O_RDONLY|O_CLOEXEC) = 3</usr/lib/locale/C.utf8/LC_MONETARY>
1426359 openat(AT_FDCWD</tmp/kernel-audit2-v3r63b5w/\346\261\202\350\247\243\345\231\250>, "/usr/lib/locale/C.UTF-8/LC_COLLATE", O_RDONLY|O_CLOEXEC) = -1 ENOENT (No such file or directory)
1426359 openat(AT_FDCWD</tmp/kernel-audit2-v3r63b5w/\346\261\202\350\247\243\345\231\250>, "/usr/lib/locale/C.utf8/LC_COLLATE", O_RDONLY|O_CLOEXEC) = 3</usr/lib/locale/C.utf8/LC_COLLATE>
1426359 openat(AT_FDCWD</tmp/kernel-audit2-v3r63b5w/\346\261\202\350\247\243\345\231\250>, "/usr/lib/locale/C.UTF-8/LC_TIME", O_RDONLY|O_CLOEXEC) = -1 ENOENT (No such file or directory)
1426359 openat(AT_FDCWD</tmp/kernel-audit2-v3r63b5w/\346\261\202\350\247\243\345\231\250>, "/usr/lib/locale/C.utf8/LC_TIME", O_RDONLY|O_CLOEXEC) = 3</usr/lib/locale/C.utf8/LC_TIME>
1426359 openat(AT_FDCWD</tmp/kernel-audit2-v3r63b5w/\346\261\202\350\247\243\345\231\250>, "/usr/lib/locale/C.UTF-8/LC_NUMERIC", O_RDONLY|O_CLOEXEC) = -1 ENOENT (No such file or directory)
1426359 openat(AT_FDCWD</tmp/kernel-audit2-v3r63b5w/\346\261\202\350\247\243\345\231\250>, "/usr/lib/locale/C.utf8/LC_NUMERIC", O_RDONLY|O_CLOEXEC) = 3</usr/lib/locale/C.utf8/LC_NUMERIC>
1426359 openat(AT_FDCWD</tmp/kernel-audit2-v3r63b5w/\346\261\202\350\247\243\345\231\250>, "/usr/lib/locale/C.UTF-8/LC_CTYPE", O_RDONLY|O_CLOEXEC) = -1 ENOENT (No such file or directory)
1426359 openat(AT_FDCWD</tmp/kernel-audit2-v3r63b5w/\346\261\202\350\247\243\345\231\250>, "/usr/lib/locale/C.utf8/LC_CTYPE", O_RDONLY|O_CLOEXEC) = 3</usr/lib/locale/C.utf8/LC_CTYPE>
1426359 openat(AT_FDCWD</tmp/kernel-audit2-v3r63b5w/\346\261\202\350\247\243\345\231\250>, "/tmp/kernel-audit2-v3r63b5w/\346\261\202\350\247\243\345\231\250/crates/kernel/src/cache.rs", O_RDONLY) = 3</tmp/kernel-audit2-v3r63b5w/\346\261\202\350\247\243\345\231\250/crates/kernel/src/cache.rs>
1426283 --- SIGCHLD {si_signo=SIGCHLD, si_code=CLD_EXITED, si_pid=1426359, si_uid=1000, si_status=0, si_utime=0, si_stime=0} ---
1426283 openat(AT_FDCWD</tmp/kernel-audit2-v3r63b5w/\346\261\202\350\247\243\345\231\250>, "/dev/null", O_RDONLY|O_CLOEXEC) = 3</dev/null<char 1:3>>
1426360 execve("/home/zhuran24/.codex/tmp/arg0/codex-arg0DuAZRy/sha256sum", ["sha256sum", "--", "/tmp/kernel-audit2-v3r63b5w/\346\261\202\350\247\243\345\231\250/crates/kernel/src/lib.rs"], 0x7ffdc1bb9fc8 /* 135 vars */) = -1 ENOENT (No such file or directory)
1426360 execve("/home/zhuran24/.cargo/bin/sha256sum", ["sha256sum", "--", "/tmp/kernel-audit2-v3r63b5w/\346\261\202\350\247\243\345\231\250/crates/kernel/src/lib.rs"], 0x7ffdc1bb9fc8 /* 135 vars */) = -1 ENOENT (No such file or directory)
1426360 execve("/home/zhuran24/.local/bin/sha256sum", ["sha256sum", "--", "/tmp/kernel-audit2-v3r63b5w/\346\261\202\350\247\243\345\231\250/crates/kernel/src/lib.rs"], 0x7ffdc1bb9fc8 /* 135 vars */) = -1 ENOENT (No such file or directory)
1426360 execve("/home/zhuran24/.opencode/bin/sha256sum", ["sha256sum", "--", "/tmp/kernel-audit2-v3r63b5w/\346\261\202\350\247\243\345\231\250/crates/kernel/src/lib.rs"], 0x7ffdc1bb9fc8 /* 135 vars */) = -1 ENOENT (No such file or directory)
1426360 execve("/usr/local/bin/sha256sum", ["sha256sum", "--", "/tmp/kernel-audit2-v3r63b5w/\346\261\202\350\247\243\345\231\250/crates/kernel/src/lib.rs"], 0x7ffdc1bb9fc8 /* 135 vars */) = -1 ENOENT (No such file or directory)
1426360 execve("/usr/bin/sha256sum", ["sha256sum", "--", "/tmp/kernel-audit2-v3r63b5w/\346\261\202\350\247\243\345\231\250/crates/kernel/src/lib.rs"], 0x7ffdc1bb9fc8 /* 135 vars */) = 0
1426360 openat(AT_FDCWD</tmp/kernel-audit2-v3r63b5w/\346\261\202\350\247\243\345\231\250>, "/etc/ld.so.cache", O_RDONLY|O_CLOEXEC) = 3</etc/ld.so.cache>
1426360 openat(AT_FDCWD</tmp/kernel-audit2-v3r63b5w/\346\261\202\350\247\243\345\231\250>, "/usr/lib/libcrypto.so.3", O_RDONLY|O_CLOEXEC) = 3</usr/lib/libcrypto.so.3>
1426360 openat(AT_FDCWD</tmp/kernel-audit2-v3r63b5w/\346\261\202\350\247\243\345\231\250>, "/usr/lib/libc.so.6", O_RDONLY|O_CLOEXEC) = 3</usr/lib/libc.so.6>
1426360 openat(AT_FDCWD</tmp/kernel-audit2-v3r63b5w/\346\261\202\350\247\243\345\231\250>, "/usr/lib/libz.so.1", O_RDONLY|O_CLOEXEC) = 3</usr/lib/libz.so.1.3.1.zlib-ng>
1426360 openat(AT_FDCWD</tmp/kernel-audit2-v3r63b5w/\346\261\202\350\247\243\345\231\250>, "/usr/lib/libbrotlienc.so.1", O_RDONLY|O_CLOEXEC) = 3</usr/lib/libbrotlienc.so.1.2.0>
1426360 openat(AT_FDCWD</tmp/kernel-audit2-v3r63b5w/\346\261\202\350\247\243\345\231\250>, "/usr/lib/libbrotlidec.so.1", O_RDONLY|O_CLOEXEC) = 3</usr/lib/libbrotlidec.so.1.2.0>
1426360 openat(AT_FDCWD</tmp/kernel-audit2-v3r63b5w/\346\261\202\350\247\243\345\231\250>, "/usr/lib/libzstd.so.1", O_RDONLY|O_CLOEXEC) = 3</usr/lib/libzstd.so.1.5.7>
1426360 openat(AT_FDCWD</tmp/kernel-audit2-v3r63b5w/\346\261\202\350\247\243\345\231\250>, "/usr/lib/libm.so.6", O_RDONLY|O_CLOEXEC) = 3</usr/lib/libm.so.6>
1426360 openat(AT_FDCWD</tmp/kernel-audit2-v3r63b5w/\346\261\202\350\247\243\345\231\250>, "/usr/lib/libbrotlicommon.so.1", O_RDONLY|O_CLOEXEC) = 3</usr/lib/libbrotlicommon.so.1.2.0>
1426360 openat(AT_FDCWD</tmp/kernel-audit2-v3r63b5w/\346\261\202\350\247\243\345\231\250>, "/usr/lib/locale/locale-archive", O_RDONLY|O_CLOEXEC) = 3</usr/lib/locale/locale-archive>
1426360 openat(AT_FDCWD</tmp/kernel-audit2-v3r63b5w/\346\261\202\350\247\243\345\231\250>, "/usr/share/locale/locale.alias", O_RDONLY|O_CLOEXEC) = 3</usr/share/locale/locale.alias>
1426360 openat(AT_FDCWD</tmp/kernel-audit2-v3r63b5w/\346\261\202\350\247\243\345\231\250>, "/usr/lib/locale/C.UTF-8/LC_IDENTIFICATION", O_RDONLY|O_CLOEXEC) = -1 ENOENT (No such file or directory)
1426360 openat(AT_FDCWD</tmp/kernel-audit2-v3r63b5w/\346\261\202\350\247\243\345\231\250>, "/usr/lib/locale/C.utf8/LC_IDENTIFICATION", O_RDONLY|O_CLOEXEC) = 3</usr/lib/locale/C.utf8/LC_IDENTIFICATION>
1426360 openat(AT_FDCWD</tmp/kernel-audit2-v3r63b5w/\346\261\202\350\247\243\345\231\250>, "/usr/lib/gconv/gconv-modules.cache", O_RDONLY|O_CLOEXEC) = 3</usr/lib/gconv/gconv-modules.cache>
1426360 openat(AT_FDCWD</tmp/kernel-audit2-v3r63b5w/\346\261\202\350\247\243\345\231\250>, "/usr/lib/locale/C.UTF-8/LC_MEASUREMENT", O_RDONLY|O_CLOEXEC) = -1 ENOENT (No such file or directory)
1426360 openat(AT_FDCWD</tmp/kernel-audit2-v3r63b5w/\346\261\202\350\247\243\345\231\250>, "/usr/lib/locale/C.utf8/LC_MEASUREMENT", O_RDONLY|O_CLOEXEC) = 3</usr/lib/locale/C.utf8/LC_MEASUREMENT>
1426360 openat(AT_FDCWD</tmp/kernel-audit2-v3r63b5w/\346\261\202\350\247\243\345\231\250>, "/usr/lib/locale/C.UTF-8/LC_TELEPHONE", O_RDONLY|O_CLOEXEC) = -1 ENOENT (No such file or directory)
1426360 openat(AT_FDCWD</tmp/kernel-audit2-v3r63b5w/\346\261\202\350\247\243\345\231\250>, "/usr/lib/locale/C.utf8/LC_TELEPHONE", O_RDONLY|O_CLOEXEC) = 3</usr/lib/locale/C.utf8/LC_TELEPHONE>
1426360 openat(AT_FDCWD</tmp/kernel-audit2-v3r63b5w/\346\261\202\350\247\243\345\231\250>, "/usr/lib/locale/C.UTF-8/LC_ADDRESS", O_RDONLY|O_CLOEXEC) = -1 ENOENT (No such file or directory)
1426360 openat(AT_FDCWD</tmp/kernel-audit2-v3r63b5w/\346\261\202\350\247\243\345\231\250>, "/usr/lib/locale/C.utf8/LC_ADDRESS", O_RDONLY|O_CLOEXEC) = 3</usr/lib/locale/C.utf8/LC_ADDRESS>
1426360 openat(AT_FDCWD</tmp/kernel-audit2-v3r63b5w/\346\261\202\350\247\243\345\231\250>, "/usr/lib/locale/C.UTF-8/LC_NAME", O_RDONLY|O_CLOEXEC) = -1 ENOENT (No such file or directory)
1426360 openat(AT_FDCWD</tmp/kernel-audit2-v3r63b5w/\346\261\202\350\247\243\345\231\250>, "/usr/lib/locale/C.utf8/LC_NAME", O_RDONLY|O_CLOEXEC) = 3</usr/lib/locale/C.utf8/LC_NAME>
1426360 openat(AT_FDCWD</tmp/kernel-audit2-v3r63b5w/\346\261\202\350\247\243\345\231\250>, "/usr/lib/locale/C.UTF-8/LC_PAPER", O_RDONLY|O_CLOEXEC) = -1 ENOENT (No such file or directory)
1426360 openat(AT_FDCWD</tmp/kernel-audit2-v3r63b5w/\346\261\202\350\247\243\345\231\250>, "/usr/lib/locale/C.utf8/LC_PAPER", O_RDONLY|O_CLOEXEC) = 3</usr/lib/locale/C.utf8/LC_PAPER>
1426360 openat(AT_FDCWD</tmp/kernel-audit2-v3r63b5w/\346\261\202\350\247\243\345\231\250>, "/usr/lib/locale/C.UTF-8/LC_MESSAGES", O_RDONLY|O_CLOEXEC) = -1 ENOENT (No such file or directory)
1426360 openat(AT_FDCWD</tmp/kernel-audit2-v3r63b5w/\346\261\202\350\247\243\345\231\250>, "/usr/lib/locale/C.utf8/LC_MESSAGES", O_RDONLY|O_CLOEXEC) = 3</usr/lib/locale/C.utf8/LC_MESSAGES>
1426360 openat(AT_FDCWD</tmp/kernel-audit2-v3r63b5w/\346\261\202\350\247\243\345\231\250>, "/usr/lib/locale/C.utf8/LC_MESSAGES/SYS_LC_MESSAGES", O_RDONLY|O_CLOEXEC) = 3</usr/lib/locale/C.utf8/LC_MESSAGES/SYS_LC_MESSAGES>
1426360 openat(AT_FDCWD</tmp/kernel-audit2-v3r63b5w/\346\261\202\350\247\243\345\231\250>, "/usr/lib/locale/C.UTF-8/LC_MONETARY", O_RDONLY|O_CLOEXEC) = -1 ENOENT (No such file or directory)
1426360 openat(AT_FDCWD</tmp/kernel-audit2-v3r63b5w/\346\261\202\350\247\243\345\231\250>, "/usr/lib/locale/C.utf8/LC_MONETARY", O_RDONLY|O_CLOEXEC) = 3</usr/lib/locale/C.utf8/LC_MONETARY>
1426360 openat(AT_FDCWD</tmp/kernel-audit2-v3r63b5w/\346\261\202\350\247\243\345\231\250>, "/usr/lib/locale/C.UTF-8/LC_COLLATE", O_RDONLY|O_CLOEXEC) = -1 ENOENT (No such file or directory)
1426360 openat(AT_FDCWD</tmp/kernel-audit2-v3r63b5w/\346\261\202\350\247\243\345\231\250>, "/usr/lib/locale/C.utf8/LC_COLLATE", O_RDONLY|O_CLOEXEC) = 3</usr/lib/locale/C.utf8/LC_COLLATE>
1426360 openat(AT_FDCWD</tmp/kernel-audit2-v3r63b5w/\346\261\202\350\247\243\345\231\250>, "/usr/lib/locale/C.UTF-8/LC_TIME", O_RDONLY|O_CLOEXEC) = -1 ENOENT (No such file or directory)
1426360 openat(AT_FDCWD</tmp/kernel-audit2-v3r63b5w/\346\261\202\350\247\243\345\231\250>, "/usr/lib/locale/C.utf8/LC_TIME", O_RDONLY|O_CLOEXEC) = 3</usr/lib/locale/C.utf8/LC_TIME>
1426360 openat(AT_FDCWD</tmp/kernel-audit2-v3r63b5w/\346\261\202\350\247\243\345\231\250>, "/usr/lib/locale/C.UTF-8/LC_NUMERIC", O_RDONLY|O_CLOEXEC) = -1 ENOENT (No such file or directory)
1426360 openat(AT_FDCWD</tmp/kernel-audit2-v3r63b5w/\346\261\202\350\247\243\345\231\250>, "/usr/lib/locale/C.utf8/LC_NUMERIC", O_RDONLY|O_CLOEXEC) = 3</usr/lib/locale/C.utf8/LC_NUMERIC>
1426360 openat(AT_FDCWD</tmp/kernel-audit2-v3r63b5w/\346\261\202\350\247\243\345\231\250>, "/usr/lib/locale/C.UTF-8/LC_CTYPE", O_RDONLY|O_CLOEXEC) = -1 ENOENT (No such file or directory)
1426360 openat(AT_FDCWD</tmp/kernel-audit2-v3r63b5w/\346\261\202\350\247\243\345\231\250>, "/usr/lib/locale/C.utf8/LC_CTYPE", O_RDONLY|O_CLOEXEC) = 3</usr/lib/locale/C.utf8/LC_CTYPE>
1426360 openat(AT_FDCWD</tmp/kernel-audit2-v3r63b5w/\346\261\202\350\247\243\345\231\250>, "/tmp/kernel-audit2-v3r63b5w/\346\261\202\350\247\243\345\231\250/crates/kernel/src/lib.rs", O_RDONLY) = 3</tmp/kernel-audit2-v3r63b5w/\346\261\202\350\247\243\345\231\250/crates/kernel/src/lib.rs>
1426283 --- SIGCHLD {si_signo=SIGCHLD, si_code=CLD_EXITED, si_pid=1426360, si_uid=1000, si_status=0, si_utime=0, si_stime=0} ---
1426283 openat(AT_FDCWD</tmp/kernel-audit2-v3r63b5w/\346\261\202\350\247\243\345\231\250>, "/dev/null", O_RDONLY|O_CLOEXEC) = 3</dev/null<char 1:3>>
1426361 execve("/home/zhuran24/.codex/tmp/arg0/codex-arg0DuAZRy/sha256sum", ["sha256sum", "--", "/tmp/kernel-audit2-v3r63b5w/\346\261\202\350\247\243\345\231\250/crates/kernel/src/main.rs"], 0x7ffdc1bb9fc8 /* 135 vars */) = -1 ENOENT (No such file or directory)
1426361 execve("/home/zhuran24/.cargo/bin/sha256sum", ["sha256sum", "--", "/tmp/kernel-audit2-v3r63b5w/\346\261\202\350\247\243\345\231\250/crates/kernel/src/main.rs"], 0x7ffdc1bb9fc8 /* 135 vars */) = -1 ENOENT (No such file or directory)
1426361 execve("/home/zhuran24/.local/bin/sha256sum", ["sha256sum", "--", "/tmp/kernel-audit2-v3r63b5w/\346\261\202\350\247\243\345\231\250/crates/kernel/src/main.rs"], 0x7ffdc1bb9fc8 /* 135 vars */) = -1 ENOENT (No such file or directory)
1426361 execve("/home/zhuran24/.opencode/bin/sha256sum", ["sha256sum", "--", "/tmp/kernel-audit2-v3r63b5w/\346\261\202\350\247\243\345\231\250/crates/kernel/src/main.rs"], 0x7ffdc1bb9fc8 /* 135 vars */) = -1 ENOENT (No such file or directory)
1426361 execve("/usr/local/bin/sha256sum", ["sha256sum", "--", "/tmp/kernel-audit2-v3r63b5w/\346\261\202\350\247\243\345\231\250/crates/kernel/src/main.rs"], 0x7ffdc1bb9fc8 /* 135 vars */) = -1 ENOENT (No such file or directory)
1426361 execve("/usr/bin/sha256sum", ["sha256sum", "--", "/tmp/kernel-audit2-v3r63b5w/\346\261\202\350\247\243\345\231\250/crates/kernel/src/main.rs"], 0x7ffdc1bb9fc8 /* 135 vars */) = 0
1426361 openat(AT_FDCWD</tmp/kernel-audit2-v3r63b5w/\346\261\202\350\247\243\345\231\250>, "/etc/ld.so.cache", O_RDONLY|O_CLOEXEC) = 3</etc/ld.so.cache>
1426361 openat(AT_FDCWD</tmp/kernel-audit2-v3r63b5w/\346\261\202\350\247\243\345\231\250>, "/usr/lib/libcrypto.so.3", O_RDONLY|O_CLOEXEC) = 3</usr/lib/libcrypto.so.3>
1426361 openat(AT_FDCWD</tmp/kernel-audit2-v3r63b5w/\346\261\202\350\247\243\345\231\250>, "/usr/lib/libc.so.6", O_RDONLY|O_CLOEXEC) = 3</usr/lib/libc.so.6>
1426361 openat(AT_FDCWD</tmp/kernel-audit2-v3r63b5w/\346\261\202\350\247\243\345\231\250>, "/usr/lib/libz.so.1", O_RDONLY|O_CLOEXEC) = 3</usr/lib/libz.so.1.3.1.zlib-ng>
1426361 openat(AT_FDCWD</tmp/kernel-audit2-v3r63b5w/\346\261\202\350\247\243\345\231\250>, "/usr/lib/libbrotlienc.so.1", O_RDONLY|O_CLOEXEC) = 3</usr/lib/libbrotlienc.so.1.2.0>
1426361 openat(AT_FDCWD</tmp/kernel-audit2-v3r63b5w/\346\261\202\350\247\243\345\231\250>, "/usr/lib/libbrotlidec.so.1", O_RDONLY|O_CLOEXEC) = 3</usr/lib/libbrotlidec.so.1.2.0>
1426361 openat(AT_FDCWD</tmp/kernel-audit2-v3r63b5w/\346\261\202\350\247\243\345\231\250>, "/usr/lib/libzstd.so.1", O_RDONLY|O_CLOEXEC) = 3</usr/lib/libzstd.so.1.5.7>
1426361 openat(AT_FDCWD</tmp/kernel-audit2-v3r63b5w/\346\261\202\350\247\243\345\231\250>, "/usr/lib/libm.so.6", O_RDONLY|O_CLOEXEC) = 3</usr/lib/libm.so.6>
1426361 openat(AT_FDCWD</tmp/kernel-audit2-v3r63b5w/\346\261\202\350\247\243\345\231\250>, "/usr/lib/libbrotlicommon.so.1", O_RDONLY|O_CLOEXEC) = 3</usr/lib/libbrotlicommon.so.1.2.0>
1426361 openat(AT_FDCWD</tmp/kernel-audit2-v3r63b5w/\346\261\202\350\247\243\345\231\250>, "/usr/lib/locale/locale-archive", O_RDONLY|O_CLOEXEC) = 3</usr/lib/locale/locale-archive>
1426361 openat(AT_FDCWD</tmp/kernel-audit2-v3r63b5w/\346\261\202\350\247\243\345\231\250>, "/usr/share/locale/locale.alias", O_RDONLY|O_CLOEXEC) = 3</usr/share/locale/locale.alias>
1426361 openat(AT_FDCWD</tmp/kernel-audit2-v3r63b5w/\346\261\202\350\247\243\345\231\250>, "/usr/lib/locale/C.UTF-8/LC_IDENTIFICATION", O_RDONLY|O_CLOEXEC) = -1 ENOENT (No such file or directory)
1426361 openat(AT_FDCWD</tmp/kernel-audit2-v3r63b5w/\346\261\202\350\247\243\345\231\250>, "/usr/lib/locale/C.utf8/LC_IDENTIFICATION", O_RDONLY|O_CLOEXEC) = 3</usr/lib/locale/C.utf8/LC_IDENTIFICATION>
1426361 openat(AT_FDCWD</tmp/kernel-audit2-v3r63b5w/\346\261\202\350\247\243\345\231\250>, "/usr/lib/gconv/gconv-modules.cache", O_RDONLY|O_CLOEXEC) = 3</usr/lib/gconv/gconv-modules.cache>
1426361 openat(AT_FDCWD</tmp/kernel-audit2-v3r63b5w/\346\261\202\350\247\243\345\231\250>, "/usr/lib/locale/C.UTF-8/LC_MEASUREMENT", O_RDONLY|O_CLOEXEC) = -1 ENOENT (No such file or directory)
1426361 openat(AT_FDCWD</tmp/kernel-audit2-v3r63b5w/\346\261\202\350\247\243\345\231\250>, "/usr/lib/locale/C.utf8/LC_MEASUREMENT", O_RDONLY|O_CLOEXEC) = 3</usr/lib/locale/C.utf8/LC_MEASUREMENT>
1426361 openat(AT_FDCWD</tmp/kernel-audit2-v3r63b5w/\346\261\202\350\247\243\345\231\250>, "/usr/lib/locale/C.UTF-8/LC_TELEPHONE", O_RDONLY|O_CLOEXEC) = -1 ENOENT (No such file or directory)
1426361 openat(AT_FDCWD</tmp/kernel-audit2-v3r63b5w/\346\261\202\350\247\243\345\231\250>, "/usr/lib/locale/C.utf8/LC_TELEPHONE", O_RDONLY|O_CLOEXEC) = 3</usr/lib/locale/C.utf8/LC_TELEPHONE>
1426361 openat(AT_FDCWD</tmp/kernel-audit2-v3r63b5w/\346\261\202\350\247\243\345\231\250>, "/usr/lib/locale/C.UTF-8/LC_ADDRESS", O_RDONLY|O_CLOEXEC) = -1 ENOENT (No such file or directory)
1426361 openat(AT_FDCWD</tmp/kernel-audit2-v3r63b5w/\346\261\202\350\247\243\345\231\250>, "/usr/lib/locale/C.utf8/LC_ADDRESS", O_RDONLY|O_CLOEXEC) = 3</usr/lib/locale/C.utf8/LC_ADDRESS>
1426361 openat(AT_FDCWD</tmp/kernel-audit2-v3r63b5w/\346\261\202\350\247\243\345\231\250>, "/usr/lib/locale/C.UTF-8/LC_NAME", O_RDONLY|O_CLOEXEC) = -1 ENOENT (No such file or directory)
1426361 openat(AT_FDCWD</tmp/kernel-audit2-v3r63b5w/\346\261\202\350\247\243\345\231\250>, "/usr/lib/locale/C.utf8/LC_NAME", O_RDONLY|O_CLOEXEC) = 3</usr/lib/locale/C.utf8/LC_NAME>
1426361 openat(AT_FDCWD</tmp/kernel-audit2-v3r63b5w/\346\261\202\350\247\243\345\231\250>, "/usr/lib/locale/C.UTF-8/LC_PAPER", O_RDONLY|O_CLOEXEC) = -1 ENOENT (No such file or directory)
1426361 openat(AT_FDCWD</tmp/kernel-audit2-v3r63b5w/\346\261\202\350\247\243\345\231\250>, "/usr/lib/locale/C.utf8/LC_PAPER", O_RDONLY|O_CLOEXEC) = 3</usr/lib/locale/C.utf8/LC_PAPER>
1426361 openat(AT_FDCWD</tmp/kernel-audit2-v3r63b5w/\346\261\202\350\247\243\345\231\250>, "/usr/lib/locale/C.UTF-8/LC_MESSAGES", O_RDONLY|O_CLOEXEC) = -1 ENOENT (No such file or directory)
1426361 openat(AT_FDCWD</tmp/kernel-audit2-v3r63b5w/\346\261\202\350\247\243\345\231\250>, "/usr/lib/locale/C.utf8/LC_MESSAGES", O_RDONLY|O_CLOEXEC) = 3</usr/lib/locale/C.utf8/LC_MESSAGES>
1426361 openat(AT_FDCWD</tmp/kernel-audit2-v3r63b5w/\346\261\202\350\247\243\345\231\250>, "/usr/lib/locale/C.utf8/LC_MESSAGES/SYS_LC_MESSAGES", O_RDONLY|O_CLOEXEC) = 3</usr/lib/locale/C.utf8/LC_MESSAGES/SYS_LC_MESSAGES>
1426361 openat(AT_FDCWD</tmp/kernel-audit2-v3r63b5w/\346\261\202\350\247\243\345\231\250>, "/usr/lib/locale/C.UTF-8/LC_MONETARY", O_RDONLY|O_CLOEXEC) = -1 ENOENT (No such file or directory)
1426361 openat(AT_FDCWD</tmp/kernel-audit2-v3r63b5w/\346\261\202\350\247\243\345\231\250>, "/usr/lib/locale/C.utf8/LC_MONETARY", O_RDONLY|O_CLOEXEC) = 3</usr/lib/locale/C.utf8/LC_MONETARY>
1426361 openat(AT_FDCWD</tmp/kernel-audit2-v3r63b5w/\346\261\202\350\247\243\345\231\250>, "/usr/lib/locale/C.UTF-8/LC_COLLATE", O_RDONLY|O_CLOEXEC) = -1 ENOENT (No such file or directory)
1426361 openat(AT_FDCWD</tmp/kernel-audit2-v3r63b5w/\346\261\202\350\247\243\345\231\250>, "/usr/lib/locale/C.utf8/LC_COLLATE", O_RDONLY|O_CLOEXEC) = 3</usr/lib/locale/C.utf8/LC_COLLATE>
1426361 openat(AT_FDCWD</tmp/kernel-audit2-v3r63b5w/\346\261\202\350\247\243\345\231\250>, "/usr/lib/locale/C.UTF-8/LC_TIME", O_RDONLY|O_CLOEXEC) = -1 ENOENT (No such file or directory)
1426361 openat(AT_FDCWD</tmp/kernel-audit2-v3r63b5w/\346\261\202\350\247\243\345\231\250>, "/usr/lib/locale/C.utf8/LC_TIME", O_RDONLY|O_CLOEXEC) = 3</usr/lib/locale/C.utf8/LC_TIME>
1426361 openat(AT_FDCWD</tmp/kernel-audit2-v3r63b5w/\346\261\202\350\247\243\345\231\250>, "/usr/lib/locale/C.UTF-8/LC_NUMERIC", O_RDONLY|O_CLOEXEC) = -1 ENOENT (No such file or directory)
1426361 openat(AT_FDCWD</tmp/kernel-audit2-v3r63b5w/\346\261\202\350\247\243\345\231\250>, "/usr/lib/locale/C.utf8/LC_NUMERIC", O_RDONLY|O_CLOEXEC) = 3</usr/lib/locale/C.utf8/LC_NUMERIC>
1426361 openat(AT_FDCWD</tmp/kernel-audit2-v3r63b5w/\346\261\202\350\247\243\345\231\250>, "/usr/lib/locale/C.UTF-8/LC_CTYPE", O_RDONLY|O_CLOEXEC) = -1 ENOENT (No such file or directory)
1426361 openat(AT_FDCWD</tmp/kernel-audit2-v3r63b5w/\346\261\202\350\247\243\345\231\250>, "/usr/lib/locale/C.utf8/LC_CTYPE", O_RDONLY|O_CLOEXEC) = 3</usr/lib/locale/C.utf8/LC_CTYPE>
1426361 openat(AT_FDCWD</tmp/kernel-audit2-v3r63b5w/\346\261\202\350\247\243\345\231\250>, "/tmp/kernel-audit2-v3r63b5w/\346\261\202\350\247\243\345\231\250/crates/kernel/src/main.rs", O_RDONLY) = 3</tmp/kernel-audit2-v3r63b5w/\346\261\202\350\247\243\345\231\250/crates/kernel/src/main.rs>
1426283 --- SIGCHLD {si_signo=SIGCHLD, si_code=CLD_EXITED, si_pid=1426361, si_uid=1000, si_status=0, si_utime=0, si_stime=0} ---
1426283 openat(AT_FDCWD</tmp/kernel-audit2-v3r63b5w/\346\261\202\350\247\243\345\231\250>, "/dev/null", O_RDONLY|O_CLOEXEC) = 3</dev/null<char 1:3>>
1426362 execve("/home/zhuran24/.codex/tmp/arg0/codex-arg0DuAZRy/sha256sum", ["sha256sum", "--", "/tmp/kernel-audit2-v3r63b5w/\346\261\202\350\247\243\345\231\250/Cargo.toml"], 0x7ffdc1bb9fc8 /* 135 vars */) = -1 ENOENT (No such file or directory)
1426362 execve("/home/zhuran24/.cargo/bin/sha256sum", ["sha256sum", "--", "/tmp/kernel-audit2-v3r63b5w/\346\261\202\350\247\243\345\231\250/Cargo.toml"], 0x7ffdc1bb9fc8 /* 135 vars */) = -1 ENOENT (No such file or directory)
1426362 execve("/home/zhuran24/.local/bin/sha256sum", ["sha256sum", "--", "/tmp/kernel-audit2-v3r63b5w/\346\261\202\350\247\243\345\231\250/Cargo.toml"], 0x7ffdc1bb9fc8 /* 135 vars */) = -1 ENOENT (No such file or directory)
1426362 execve("/home/zhuran24/.opencode/bin/sha256sum", ["sha256sum", "--", "/tmp/kernel-audit2-v3r63b5w/\346\261\202\350\247\243\345\231\250/Cargo.toml"], 0x7ffdc1bb9fc8 /* 135 vars */) = -1 ENOENT (No such file or directory)
1426362 execve("/usr/local/bin/sha256sum", ["sha256sum", "--", "/tmp/kernel-audit2-v3r63b5w/\346\261\202\350\247\243\345\231\250/Cargo.toml"], 0x7ffdc1bb9fc8 /* 135 vars */) = -1 ENOENT (No such file or directory)
1426362 execve("/usr/bin/sha256sum", ["sha256sum", "--", "/tmp/kernel-audit2-v3r63b5w/\346\261\202\350\247\243\345\231\250/Cargo.toml"], 0x7ffdc1bb9fc8 /* 135 vars */) = 0
1426362 openat(AT_FDCWD</tmp/kernel-audit2-v3r63b5w/\346\261\202\350\247\243\345\231\250>, "/etc/ld.so.cache", O_RDONLY|O_CLOEXEC) = 3</etc/ld.so.cache>
1426362 openat(AT_FDCWD</tmp/kernel-audit2-v3r63b5w/\346\261\202\350\247\243\345\231\250>, "/usr/lib/libcrypto.so.3", O_RDONLY|O_CLOEXEC) = 3</usr/lib/libcrypto.so.3>
1426362 openat(AT_FDCWD</tmp/kernel-audit2-v3r63b5w/\346\261\202\350\247\243\345\231\250>, "/usr/lib/libc.so.6", O_RDONLY|O_CLOEXEC) = 3</usr/lib/libc.so.6>
1426362 openat(AT_FDCWD</tmp/kernel-audit2-v3r63b5w/\346\261\202\350\247\243\345\231\250>, "/usr/lib/libz.so.1", O_RDONLY|O_CLOEXEC) = 3</usr/lib/libz.so.1.3.1.zlib-ng>
1426362 openat(AT_FDCWD</tmp/kernel-audit2-v3r63b5w/\346\261\202\350\247\243\345\231\250>, "/usr/lib/libbrotlienc.so.1", O_RDONLY|O_CLOEXEC) = 3</usr/lib/libbrotlienc.so.1.2.0>
1426362 openat(AT_FDCWD</tmp/kernel-audit2-v3r63b5w/\346\261\202\350\247\243\345\231\250>, "/usr/lib/libbrotlidec.so.1", O_RDONLY|O_CLOEXEC) = 3</usr/lib/libbrotlidec.so.1.2.0>
1426362 openat(AT_FDCWD</tmp/kernel-audit2-v3r63b5w/\346\261\202\350\247\243\345\231\250>, "/usr/lib/libzstd.so.1", O_RDONLY|O_CLOEXEC) = 3</usr/lib/libzstd.so.1.5.7>
1426362 openat(AT_FDCWD</tmp/kernel-audit2-v3r63b5w/\346\261\202\350\247\243\345\231\250>, "/usr/lib/libm.so.6", O_RDONLY|O_CLOEXEC) = 3</usr/lib/libm.so.6>
1426362 openat(AT_FDCWD</tmp/kernel-audit2-v3r63b5w/\346\261\202\350\247\243\345\231\250>, "/usr/lib/libbrotlicommon.so.1", O_RDONLY|O_CLOEXEC) = 3</usr/lib/libbrotlicommon.so.1.2.0>
1426362 openat(AT_FDCWD</tmp/kernel-audit2-v3r63b5w/\346\261\202\350\247\243\345\231\250>, "/usr/lib/locale/locale-archive", O_RDONLY|O_CLOEXEC) = 3</usr/lib/locale/locale-archive>
1426362 openat(AT_FDCWD</tmp/kernel-audit2-v3r63b5w/\346\261\202\350\247\243\345\231\250>, "/usr/share/locale/locale.alias", O_RDONLY|O_CLOEXEC) = 3</usr/share/locale/locale.alias>
1426362 openat(AT_FDCWD</tmp/kernel-audit2-v3r63b5w/\346\261\202\350\247\243\345\231\250>, "/usr/lib/locale/C.UTF-8/LC_IDENTIFICATION", O_RDONLY|O_CLOEXEC) = -1 ENOENT (No such file or directory)
1426362 openat(AT_FDCWD</tmp/kernel-audit2-v3r63b5w/\346\261\202\350\247\243\345\231\250>, "/usr/lib/locale/C.utf8/LC_IDENTIFICATION", O_RDONLY|O_CLOEXEC) = 3</usr/lib/locale/C.utf8/LC_IDENTIFICATION>
1426362 openat(AT_FDCWD</tmp/kernel-audit2-v3r63b5w/\346\261\202\350\247\243\345\231\250>, "/usr/lib/gconv/gconv-modules.cache", O_RDONLY|O_CLOEXEC) = 3</usr/lib/gconv/gconv-modules.cache>
1426362 openat(AT_FDCWD</tmp/kernel-audit2-v3r63b5w/\346\261\202\350\247\243\345\231\250>, "/usr/lib/locale/C.UTF-8/LC_MEASUREMENT", O_RDONLY|O_CLOEXEC) = -1 ENOENT (No such file or directory)
1426362 openat(AT_FDCWD</tmp/kernel-audit2-v3r63b5w/\346\261\202\350\247\243\345\231\250>, "/usr/lib/locale/C.utf8/LC_MEASUREMENT", O_RDONLY|O_CLOEXEC) = 3</usr/lib/locale/C.utf8/LC_MEASUREMENT>
1426362 openat(AT_FDCWD</tmp/kernel-audit2-v3r63b5w/\346\261\202\350\247\243\345\231\250>, "/usr/lib/locale/C.UTF-8/LC_TELEPHONE", O_RDONLY|O_CLOEXEC) = -1 ENOENT (No such file or directory)
1426362 openat(AT_FDCWD</tmp/kernel-audit2-v3r63b5w/\346\261\202\350\247\243\345\231\250>, "/usr/lib/locale/C.utf8/LC_TELEPHONE", O_RDONLY|O_CLOEXEC) = 3</usr/lib/locale/C.utf8/LC_TELEPHONE>
1426362 openat(AT_FDCWD</tmp/kernel-audit2-v3r63b5w/\346\261\202\350\247\243\345\231\250>, "/usr/lib/locale/C.UTF-8/LC_ADDRESS", O_RDONLY|O_CLOEXEC) = -1 ENOENT (No such file or directory)
1426362 openat(AT_FDCWD</tmp/kernel-audit2-v3r63b5w/\346\261\202\350\247\243\345\231\250>, "/usr/lib/locale/C.utf8/LC_ADDRESS", O_RDONLY|O_CLOEXEC) = 3</usr/lib/locale/C.utf8/LC_ADDRESS>
1426362 openat(AT_FDCWD</tmp/kernel-audit2-v3r63b5w/\346\261\202\350\247\243\345\231\250>, "/usr/lib/locale/C.UTF-8/LC_NAME", O_RDONLY|O_CLOEXEC) = -1 ENOENT (No such file or directory)
1426362 openat(AT_FDCWD</tmp/kernel-audit2-v3r63b5w/\346\261\202\350\247\243\345\231\250>, "/usr/lib/locale/C.utf8/LC_NAME", O_RDONLY|O_CLOEXEC) = 3</usr/lib/locale/C.utf8/LC_NAME>
1426362 openat(AT_FDCWD</tmp/kernel-audit2-v3r63b5w/\346\261\202\350\247\243\345\231\250>, "/usr/lib/locale/C.UTF-8/LC_PAPER", O_RDONLY|O_CLOEXEC) = -1 ENOENT (No such file or directory)
1426362 openat(AT_FDCWD</tmp/kernel-audit2-v3r63b5w/\346\261\202\350\247\243\345\231\250>, "/usr/lib/locale/C.utf8/LC_PAPER", O_RDONLY|O_CLOEXEC) = 3</usr/lib/locale/C.utf8/LC_PAPER>
1426362 openat(AT_FDCWD</tmp/kernel-audit2-v3r63b5w/\346\261\202\350\247\243\345\231\250>, "/usr/lib/locale/C.UTF-8/LC_MESSAGES", O_RDONLY|O_CLOEXEC) = -1 ENOENT (No such file or directory)
1426362 openat(AT_FDCWD</tmp/kernel-audit2-v3r63b5w/\346\261\202\350\247\243\345\231\250>, "/usr/lib/locale/C.utf8/LC_MESSAGES", O_RDONLY|O_CLOEXEC) = 3</usr/lib/locale/C.utf8/LC_MESSAGES>
1426362 openat(AT_FDCWD</tmp/kernel-audit2-v3r63b5w/\346\261\202\350\247\243\345\231\250>, "/usr/lib/locale/C.utf8/LC_MESSAGES/SYS_LC_MESSAGES", O_RDONLY|O_CLOEXEC) = 3</usr/lib/locale/C.utf8/LC_MESSAGES/SYS_LC_MESSAGES>
1426362 openat(AT_FDCWD</tmp/kernel-audit2-v3r63b5w/\346\261\202\350\247\243\345\231\250>, "/usr/lib/locale/C.UTF-8/LC_MONETARY", O_RDONLY|O_CLOEXEC) = -1 ENOENT (No such file or directory)
1426362 openat(AT_FDCWD</tmp/kernel-audit2-v3r63b5w/\346\261\202\350\247\243\345\231\250>, "/usr/lib/locale/C.utf8/LC_MONETARY", O_RDONLY|O_CLOEXEC) = 3</usr/lib/locale/C.utf8/LC_MONETARY>
1426362 openat(AT_FDCWD</tmp/kernel-audit2-v3r63b5w/\346\261\202\350\247\243\345\231\250>, "/usr/lib/locale/C.UTF-8/LC_COLLATE", O_RDONLY|O_CLOEXEC) = -1 ENOENT (No such file or directory)
1426362 openat(AT_FDCWD</tmp/kernel-audit2-v3r63b5w/\346\261\202\350\247\243\345\231\250>, "/usr/lib/locale/C.utf8/LC_COLLATE", O_RDONLY|O_CLOEXEC) = 3</usr/lib/locale/C.utf8/LC_COLLATE>
1426362 openat(AT_FDCWD</tmp/kernel-audit2-v3r63b5w/\346\261\202\350\247\243\345\231\250>, "/usr/lib/locale/C.UTF-8/LC_TIME", O_RDONLY|O_CLOEXEC) = -1 ENOENT (No such file or directory)
1426362 openat(AT_FDCWD</tmp/kernel-audit2-v3r63b5w/\346\261\202\350\247\243\345\231\250>, "/usr/lib/locale/C.utf8/LC_TIME", O_RDONLY|O_CLOEXEC) = 3</usr/lib/locale/C.utf8/LC_TIME>
1426362 openat(AT_FDCWD</tmp/kernel-audit2-v3r63b5w/\346\261\202\350\247\243\345\231\250>, "/usr/lib/locale/C.UTF-8/LC_NUMERIC", O_RDONLY|O_CLOEXEC) = -1 ENOENT (No such file or directory)
1426362 openat(AT_FDCWD</tmp/kernel-audit2-v3r63b5w/\346\261\202\350\247\243\345\231\250>, "/usr/lib/locale/C.utf8/LC_NUMERIC", O_RDONLY|O_CLOEXEC) = 3</usr/lib/locale/C.utf8/LC_NUMERIC>
1426362 openat(AT_FDCWD</tmp/kernel-audit2-v3r63b5w/\346\261\202\350\247\243\345\231\250>, "/usr/lib/locale/C.UTF-8/LC_CTYPE", O_RDONLY|O_CLOEXEC) = -1 ENOENT (No such file or directory)
1426362 openat(AT_FDCWD</tmp/kernel-audit2-v3r63b5w/\346\261\202\350\247\243\345\231\250>, "/usr/lib/locale/C.utf8/LC_CTYPE", O_RDONLY|O_CLOEXEC) = 3</usr/lib/locale/C.utf8/LC_CTYPE>
1426362 openat(AT_FDCWD</tmp/kernel-audit2-v3r63b5w/\346\261\202\350\247\243\345\231\250>, "/tmp/kernel-audit2-v3r63b5w/\346\261\202\350\247\243\345\231\250/Cargo.toml", O_RDONLY) = 3</tmp/kernel-audit2-v3r63b5w/\346\261\202\350\247\243\345\231\250/Cargo.toml>
1426283 --- SIGCHLD {si_signo=SIGCHLD, si_code=CLD_EXITED, si_pid=1426362, si_uid=1000, si_status=0, si_utime=0, si_stime=0} ---
1426283 openat(AT_FDCWD</tmp/kernel-audit2-v3r63b5w/\346\261\202\350\247\243\345\231\250>, "/dev/null", O_RDONLY|O_CLOEXEC) = 3</dev/null<char 1:3>>
1426363 execve("/home/zhuran24/.codex/tmp/arg0/codex-arg0DuAZRy/sha256sum", ["sha256sum", "--", "/tmp/kernel-audit2-v3r63b5w/\346\261\202\350\247\243\345\231\250/Cargo.lock"], 0x7ffdc1bb9fc8 /* 135 vars */) = -1 ENOENT (No such file or directory)
1426363 execve("/home/zhuran24/.cargo/bin/sha256sum", ["sha256sum", "--", "/tmp/kernel-audit2-v3r63b5w/\346\261\202\350\247\243\345\231\250/Cargo.lock"], 0x7ffdc1bb9fc8 /* 135 vars */) = -1 ENOENT (No such file or directory)
1426363 execve("/home/zhuran24/.local/bin/sha256sum", ["sha256sum", "--", "/tmp/kernel-audit2-v3r63b5w/\346\261\202\350\247\243\345\231\250/Cargo.lock"], 0x7ffdc1bb9fc8 /* 135 vars */) = -1 ENOENT (No such file or directory)
1426363 execve("/home/zhuran24/.opencode/bin/sha256sum", ["sha256sum", "--", "/tmp/kernel-audit2-v3r63b5w/\346\261\202\350\247\243\345\231\250/Cargo.lock"], 0x7ffdc1bb9fc8 /* 135 vars */) = -1 ENOENT (No such file or directory)
1426363 execve("/usr/local/bin/sha256sum", ["sha256sum", "--", "/tmp/kernel-audit2-v3r63b5w/\346\261\202\350\247\243\345\231\250/Cargo.lock"], 0x7ffdc1bb9fc8 /* 135 vars */) = -1 ENOENT (No such file or directory)
1426363 execve("/usr/bin/sha256sum", ["sha256sum", "--", "/tmp/kernel-audit2-v3r63b5w/\346\261\202\350\247\243\345\231\250/Cargo.lock"], 0x7ffdc1bb9fc8 /* 135 vars */) = 0
1426363 openat(AT_FDCWD</tmp/kernel-audit2-v3r63b5w/\346\261\202\350\247\243\345\231\250>, "/etc/ld.so.cache", O_RDONLY|O_CLOEXEC) = 3</etc/ld.so.cache>
1426363 openat(AT_FDCWD</tmp/kernel-audit2-v3r63b5w/\346\261\202\350\247\243\345\231\250>, "/usr/lib/libcrypto.so.3", O_RDONLY|O_CLOEXEC) = 3</usr/lib/libcrypto.so.3>
1426363 openat(AT_FDCWD</tmp/kernel-audit2-v3r63b5w/\346\261\202\350\247\243\345\231\250>, "/usr/lib/libc.so.6", O_RDONLY|O_CLOEXEC) = 3</usr/lib/libc.so.6>
1426363 openat(AT_FDCWD</tmp/kernel-audit2-v3r63b5w/\346\261\202\350\247\243\345\231\250>, "/usr/lib/libz.so.1", O_RDONLY|O_CLOEXEC) = 3</usr/lib/libz.so.1.3.1.zlib-ng>
1426363 openat(AT_FDCWD</tmp/kernel-audit2-v3r63b5w/\346\261\202\350\247\243\345\231\250>, "/usr/lib/libbrotlienc.so.1", O_RDONLY|O_CLOEXEC) = 3</usr/lib/libbrotlienc.so.1.2.0>
1426363 openat(AT_FDCWD</tmp/kernel-audit2-v3r63b5w/\346\261\202\350\247\243\345\231\250>, "/usr/lib/libbrotlidec.so.1", O_RDONLY|O_CLOEXEC) = 3</usr/lib/libbrotlidec.so.1.2.0>
1426363 openat(AT_FDCWD</tmp/kernel-audit2-v3r63b5w/\346\261\202\350\247\243\345\231\250>, "/usr/lib/libzstd.so.1", O_RDONLY|O_CLOEXEC) = 3</usr/lib/libzstd.so.1.5.7>
1426363 openat(AT_FDCWD</tmp/kernel-audit2-v3r63b5w/\346\261\202\350\247\243\345\231\250>, "/usr/lib/libm.so.6", O_RDONLY|O_CLOEXEC) = 3</usr/lib/libm.so.6>
1426363 openat(AT_FDCWD</tmp/kernel-audit2-v3r63b5w/\346\261\202\350\247\243\345\231\250>, "/usr/lib/libbrotlicommon.so.1", O_RDONLY|O_CLOEXEC) = 3</usr/lib/libbrotlicommon.so.1.2.0>
1426363 openat(AT_FDCWD</tmp/kernel-audit2-v3r63b5w/\346\261\202\350\247\243\345\231\250>, "/usr/lib/locale/locale-archive", O_RDONLY|O_CLOEXEC) = 3</usr/lib/locale/locale-archive>
1426363 openat(AT_FDCWD</tmp/kernel-audit2-v3r63b5w/\346\261\202\350\247\243\345\231\250>, "/usr/share/locale/locale.alias", O_RDONLY|O_CLOEXEC) = 3</usr/share/locale/locale.alias>
1426363 openat(AT_FDCWD</tmp/kernel-audit2-v3r63b5w/\346\261\202\350\247\243\345\231\250>, "/usr/lib/locale/C.UTF-8/LC_IDENTIFICATION", O_RDONLY|O_CLOEXEC) = -1 ENOENT (No such file or directory)
1426363 openat(AT_FDCWD</tmp/kernel-audit2-v3r63b5w/\346\261\202\350\247\243\345\231\250>, "/usr/lib/locale/C.utf8/LC_IDENTIFICATION", O_RDONLY|O_CLOEXEC) = 3</usr/lib/locale/C.utf8/LC_IDENTIFICATION>
1426363 openat(AT_FDCWD</tmp/kernel-audit2-v3r63b5w/\346\261\202\350\247\243\345\231\250>, "/usr/lib/gconv/gconv-modules.cache", O_RDONLY|O_CLOEXEC) = 3</usr/lib/gconv/gconv-modules.cache>
1426363 openat(AT_FDCWD</tmp/kernel-audit2-v3r63b5w/\346\261\202\350\247\243\345\231\250>, "/usr/lib/locale/C.UTF-8/LC_MEASUREMENT", O_RDONLY|O_CLOEXEC) = -1 ENOENT (No such file or directory)
1426363 openat(AT_FDCWD</tmp/kernel-audit2-v3r63b5w/\346\261\202\350\247\243\345\231\250>, "/usr/lib/locale/C.utf8/LC_MEASUREMENT", O_RDONLY|O_CLOEXEC) = 3</usr/lib/locale/C.utf8/LC_MEASUREMENT>
1426363 openat(AT_FDCWD</tmp/kernel-audit2-v3r63b5w/\346\261\202\350\247\243\345\231\250>, "/usr/lib/locale/C.UTF-8/LC_TELEPHONE", O_RDONLY|O_CLOEXEC) = -1 ENOENT (No such file or directory)
1426363 openat(AT_FDCWD</tmp/kernel-audit2-v3r63b5w/\346\261\202\350\247\243\345\231\250>, "/usr/lib/locale/C.utf8/LC_TELEPHONE", O_RDONLY|O_CLOEXEC) = 3</usr/lib/locale/C.utf8/LC_TELEPHONE>
1426363 openat(AT_FDCWD</tmp/kernel-audit2-v3r63b5w/\346\261\202\350\247\243\345\231\250>, "/usr/lib/locale/C.UTF-8/LC_ADDRESS", O_RDONLY|O_CLOEXEC) = -1 ENOENT (No such file or directory)
1426363 openat(AT_FDCWD</tmp/kernel-audit2-v3r63b5w/\346\261\202\350\247\243\345\231\250>, "/usr/lib/locale/C.utf8/LC_ADDRESS", O_RDONLY|O_CLOEXEC) = 3</usr/lib/locale/C.utf8/LC_ADDRESS>
1426363 openat(AT_FDCWD</tmp/kernel-audit2-v3r63b5w/\346\261\202\350\247\243\345\231\250>, "/usr/lib/locale/C.UTF-8/LC_NAME", O_RDONLY|O_CLOEXEC) = -1 ENOENT (No such file or directory)
1426363 openat(AT_FDCWD</tmp/kernel-audit2-v3r63b5w/\346\261\202\350\247\243\345\231\250>, "/usr/lib/locale/C.utf8/LC_NAME", O_RDONLY|O_CLOEXEC) = 3</usr/lib/locale/C.utf8/LC_NAME>
1426363 openat(AT_FDCWD</tmp/kernel-audit2-v3r63b5w/\346\261\202\350\247\243\345\231\250>, "/usr/lib/locale/C.UTF-8/LC_PAPER", O_RDONLY|O_CLOEXEC) = -1 ENOENT (No such file or directory)
1426363 openat(AT_FDCWD</tmp/kernel-audit2-v3r63b5w/\346\261\202\350\247\243\345\231\250>, "/usr/lib/locale/C.utf8/LC_PAPER", O_RDONLY|O_CLOEXEC) = 3</usr/lib/locale/C.utf8/LC_PAPER>
1426363 openat(AT_FDCWD</tmp/kernel-audit2-v3r63b5w/\346\261\202\350\247\243\345\231\250>, "/usr/lib/locale/C.UTF-8/LC_MESSAGES", O_RDONLY|O_CLOEXEC) = -1 ENOENT (No such file or directory)
1426363 openat(AT_FDCWD</tmp/kernel-audit2-v3r63b5w/\346\261\202\350\247\243\345\231\250>, "/usr/lib/locale/C.utf8/LC_MESSAGES", O_RDONLY|O_CLOEXEC) = 3</usr/lib/locale/C.utf8/LC_MESSAGES>
1426363 openat(AT_FDCWD</tmp/kernel-audit2-v3r63b5w/\346\261\202\350\247\243\345\231\250>, "/usr/lib/locale/C.utf8/LC_MESSAGES/SYS_LC_MESSAGES", O_RDONLY|O_CLOEXEC) = 3</usr/lib/locale/C.utf8/LC_MESSAGES/SYS_LC_MESSAGES>
1426363 openat(AT_FDCWD</tmp/kernel-audit2-v3r63b5w/\346\261\202\350\247\243\345\231\250>, "/usr/lib/locale/C.UTF-8/LC_MONETARY", O_RDONLY|O_CLOEXEC) = -1 ENOENT (No such file or directory)
1426363 openat(AT_FDCWD</tmp/kernel-audit2-v3r63b5w/\346\261\202\350\247\243\345\231\250>, "/usr/lib/locale/C.utf8/LC_MONETARY", O_RDONLY|O_CLOEXEC) = 3</usr/lib/locale/C.utf8/LC_MONETARY>
1426363 openat(AT_FDCWD</tmp/kernel-audit2-v3r63b5w/\346\261\202\350\247\243\345\231\250>, "/usr/lib/locale/C.UTF-8/LC_COLLATE", O_RDONLY|O_CLOEXEC) = -1 ENOENT (No such file or directory)
1426363 openat(AT_FDCWD</tmp/kernel-audit2-v3r63b5w/\346\261\202\350\247\243\345\231\250>, "/usr/lib/locale/C.utf8/LC_COLLATE", O_RDONLY|O_CLOEXEC) = 3</usr/lib/locale/C.utf8/LC_COLLATE>
1426363 openat(AT_FDCWD</tmp/kernel-audit2-v3r63b5w/\346\261\202\350\247\243\345\231\250>, "/usr/lib/locale/C.UTF-8/LC_TIME", O_RDONLY|O_CLOEXEC) = -1 ENOENT (No such file or directory)
1426363 openat(AT_FDCWD</tmp/kernel-audit2-v3r63b5w/\346\261\202\350\247\243\345\231\250>, "/usr/lib/locale/C.utf8/LC_TIME", O_RDONLY|O_CLOEXEC) = 3</usr/lib/locale/C.utf8/LC_TIME>
1426363 openat(AT_FDCWD</tmp/kernel-audit2-v3r63b5w/\346\261\202\350\247\243\345\231\250>, "/usr/lib/locale/C.UTF-8/LC_NUMERIC", O_RDONLY|O_CLOEXEC) = -1 ENOENT (No such file or directory)
1426363 openat(AT_FDCWD</tmp/kernel-audit2-v3r63b5w/\346\261\202\350\247\243\345\231\250>, "/usr/lib/locale/C.utf8/LC_NUMERIC", O_RDONLY|O_CLOEXEC) = 3</usr/lib/locale/C.utf8/LC_NUMERIC>
1426363 openat(AT_FDCWD</tmp/kernel-audit2-v3r63b5w/\346\261\202\350\247\243\345\231\250>, "/usr/lib/locale/C.UTF-8/LC_CTYPE", O_RDONLY|O_CLOEXEC) = -1 ENOENT (No such file or directory)
1426363 openat(AT_FDCWD</tmp/kernel-audit2-v3r63b5w/\346\261\202\350\247\243\345\231\250>, "/usr/lib/locale/C.utf8/LC_CTYPE", O_RDONLY|O_CLOEXEC) = 3</usr/lib/locale/C.utf8/LC_CTYPE>
1426363 openat(AT_FDCWD</tmp/kernel-audit2-v3r63b5w/\346\261\202\350\247\243\345\231\250>, "/tmp/kernel-audit2-v3r63b5w/\346\261\202\350\247\243\345\231\250/Cargo.lock", O_RDONLY) = 3</tmp/kernel-audit2-v3r63b5w/\346\261\202\350\247\243\345\231\250/Cargo.lock>
1426283 --- SIGCHLD {si_signo=SIGCHLD, si_code=CLD_EXITED, si_pid=1426363, si_uid=1000, si_status=0, si_utime=0, si_stime=0} ---
1426283 openat(AT_FDCWD</tmp/kernel-audit2-v3r63b5w/\346\261\202\350\247\243\345\231\250>, "/dev/null", O_RDONLY|O_CLOEXEC) = 3</dev/null<char 1:3>>
1426364 execve("/home/zhuran24/.codex/tmp/arg0/codex-arg0DuAZRy/sha256sum", ["sha256sum", "--", "/tmp/kernel-audit2-v3r63b5w/\346\261\202\350\247\243\345\231\250/crates/kernel/Cargo.toml"], 0x7ffdc1bb9fc8 /* 135 vars */) = -1 ENOENT (No such file or directory)
1426364 execve("/home/zhuran24/.cargo/bin/sha256sum", ["sha256sum", "--", "/tmp/kernel-audit2-v3r63b5w/\346\261\202\350\247\243\345\231\250/crates/kernel/Cargo.toml"], 0x7ffdc1bb9fc8 /* 135 vars */) = -1 ENOENT (No such file or directory)
1426364 execve("/home/zhuran24/.local/bin/sha256sum", ["sha256sum", "--", "/tmp/kernel-audit2-v3r63b5w/\346\261\202\350\247\243\345\231\250/crates/kernel/Cargo.toml"], 0x7ffdc1bb9fc8 /* 135 vars */) = -1 ENOENT (No such file or directory)
1426364 execve("/home/zhuran24/.opencode/bin/sha256sum", ["sha256sum", "--", "/tmp/kernel-audit2-v3r63b5w/\346\261\202\350\247\243\345\231\250/crates/kernel/Cargo.toml"], 0x7ffdc1bb9fc8 /* 135 vars */) = -1 ENOENT (No such file or directory)
1426364 execve("/usr/local/bin/sha256sum", ["sha256sum", "--", "/tmp/kernel-audit2-v3r63b5w/\346\261\202\350\247\243\345\231\250/crates/kernel/Cargo.toml"], 0x7ffdc1bb9fc8 /* 135 vars */) = -1 ENOENT (No such file or directory)
1426364 execve("/usr/bin/sha256sum", ["sha256sum", "--", "/tmp/kernel-audit2-v3r63b5w/\346\261\202\350\247\243\345\231\250/crates/kernel/Cargo.toml"], 0x7ffdc1bb9fc8 /* 135 vars */) = 0
1426364 openat(AT_FDCWD</tmp/kernel-audit2-v3r63b5w/\346\261\202\350\247\243\345\231\250>, "/etc/ld.so.cache", O_RDONLY|O_CLOEXEC) = 3</etc/ld.so.cache>
1426364 openat(AT_FDCWD</tmp/kernel-audit2-v3r63b5w/\346\261\202\350\247\243\345\231\250>, "/usr/lib/libcrypto.so.3", O_RDONLY|O_CLOEXEC) = 3</usr/lib/libcrypto.so.3>
1426364 openat(AT_FDCWD</tmp/kernel-audit2-v3r63b5w/\346\261\202\350\247\243\345\231\250>, "/usr/lib/libc.so.6", O_RDONLY|O_CLOEXEC) = 3</usr/lib/libc.so.6>
1426364 openat(AT_FDCWD</tmp/kernel-audit2-v3r63b5w/\346\261\202\350\247\243\345\231\250>, "/usr/lib/libz.so.1", O_RDONLY|O_CLOEXEC) = 3</usr/lib/libz.so.1.3.1.zlib-ng>
1426364 openat(AT_FDCWD</tmp/kernel-audit2-v3r63b5w/\346\261\202\350\247\243\345\231\250>, "/usr/lib/libbrotlienc.so.1", O_RDONLY|O_CLOEXEC) = 3</usr/lib/libbrotlienc.so.1.2.0>
1426364 openat(AT_FDCWD</tmp/kernel-audit2-v3r63b5w/\346\261\202\350\247\243\345\231\250>, "/usr/lib/libbrotlidec.so.1", O_RDONLY|O_CLOEXEC) = 3</usr/lib/libbrotlidec.so.1.2.0>
1426364 openat(AT_FDCWD</tmp/kernel-audit2-v3r63b5w/\346\261\202\350\247\243\345\231\250>, "/usr/lib/libzstd.so.1", O_RDONLY|O_CLOEXEC) = 3</usr/lib/libzstd.so.1.5.7>
1426364 openat(AT_FDCWD</tmp/kernel-audit2-v3r63b5w/\346\261\202\350\247\243\345\231\250>, "/usr/lib/libm.so.6", O_RDONLY|O_CLOEXEC) = 3</usr/lib/libm.so.6>
1426364 openat(AT_FDCWD</tmp/kernel-audit2-v3r63b5w/\346\261\202\350\247\243\345\231\250>, "/usr/lib/libbrotlicommon.so.1", O_RDONLY|O_CLOEXEC) = 3</usr/lib/libbrotlicommon.so.1.2.0>
1426364 openat(AT_FDCWD</tmp/kernel-audit2-v3r63b5w/\346\261\202\350\247\243\345\231\250>, "/usr/lib/locale/locale-archive", O_RDONLY|O_CLOEXEC) = 3</usr/lib/locale/locale-archive>
1426364 openat(AT_FDCWD</tmp/kernel-audit2-v3r63b5w/\346\261\202\350\247\243\345\231\250>, "/usr/share/locale/locale.alias", O_RDONLY|O_CLOEXEC) = 3</usr/share/locale/locale.alias>
1426364 openat(AT_FDCWD</tmp/kernel-audit2-v3r63b5w/\346\261\202\350\247\243\345\231\250>, "/usr/lib/locale/C.UTF-8/LC_IDENTIFICATION", O_RDONLY|O_CLOEXEC) = -1 ENOENT (No such file or directory)
1426364 openat(AT_FDCWD</tmp/kernel-audit2-v3r63b5w/\346\261\202\350\247\243\345\231\250>, "/usr/lib/locale/C.utf8/LC_IDENTIFICATION", O_RDONLY|O_CLOEXEC) = 3</usr/lib/locale/C.utf8/LC_IDENTIFICATION>
1426364 openat(AT_FDCWD</tmp/kernel-audit2-v3r63b5w/\346\261\202\350\247\243\345\231\250>, "/usr/lib/gconv/gconv-modules.cache", O_RDONLY|O_CLOEXEC) = 3</usr/lib/gconv/gconv-modules.cache>
1426364 openat(AT_FDCWD</tmp/kernel-audit2-v3r63b5w/\346\261\202\350\247\243\345\231\250>, "/usr/lib/locale/C.UTF-8/LC_MEASUREMENT", O_RDONLY|O_CLOEXEC) = -1 ENOENT (No such file or directory)
1426364 openat(AT_FDCWD</tmp/kernel-audit2-v3r63b5w/\346\261\202\350\247\243\345\231\250>, "/usr/lib/locale/C.utf8/LC_MEASUREMENT", O_RDONLY|O_CLOEXEC) = 3</usr/lib/locale/C.utf8/LC_MEASUREMENT>
1426364 openat(AT_FDCWD</tmp/kernel-audit2-v3r63b5w/\346\261\202\350\247\243\345\231\250>, "/usr/lib/locale/C.UTF-8/LC_TELEPHONE", O_RDONLY|O_CLOEXEC) = -1 ENOENT (No such file or directory)
1426364 openat(AT_FDCWD</tmp/kernel-audit2-v3r63b5w/\346\261\202\350\247\243\345\231\250>, "/usr/lib/locale/C.utf8/LC_TELEPHONE", O_RDONLY|O_CLOEXEC) = 3</usr/lib/locale/C.utf8/LC_TELEPHONE>
1426364 openat(AT_FDCWD</tmp/kernel-audit2-v3r63b5w/\346\261\202\350\247\243\345\231\250>, "/usr/lib/locale/C.UTF-8/LC_ADDRESS", O_RDONLY|O_CLOEXEC) = -1 ENOENT (No such file or directory)
1426364 openat(AT_FDCWD</tmp/kernel-audit2-v3r63b5w/\346\261\202\350\247\243\345\231\250>, "/usr/lib/locale/C.utf8/LC_ADDRESS", O_RDONLY|O_CLOEXEC) = 3</usr/lib/locale/C.utf8/LC_ADDRESS>
1426364 openat(AT_FDCWD</tmp/kernel-audit2-v3r63b5w/\346\261\202\350\247\243\345\231\250>, "/usr/lib/locale/C.UTF-8/LC_NAME", O_RDONLY|O_CLOEXEC) = -1 ENOENT (No such file or directory)
1426364 openat(AT_FDCWD</tmp/kernel-audit2-v3r63b5w/\346\261\202\350\247\243\345\231\250>, "/usr/lib/locale/C.utf8/LC_NAME", O_RDONLY|O_CLOEXEC) = 3</usr/lib/locale/C.utf8/LC_NAME>
1426364 openat(AT_FDCWD</tmp/kernel-audit2-v3r63b5w/\346\261\202\350\247\243\345\231\250>, "/usr/lib/locale/C.UTF-8/LC_PAPER", O_RDONLY|O_CLOEXEC) = -1 ENOENT (No such file or directory)
1426364 openat(AT_FDCWD</tmp/kernel-audit2-v3r63b5w/\346\261\202\350\247\243\345\231\250>, "/usr/lib/locale/C.utf8/LC_PAPER", O_RDONLY|O_CLOEXEC) = 3</usr/lib/locale/C.utf8/LC_PAPER>
1426364 openat(AT_FDCWD</tmp/kernel-audit2-v3r63b5w/\346\261\202\350\247\243\345\231\250>, "/usr/lib/locale/C.UTF-8/LC_MESSAGES", O_RDONLY|O_CLOEXEC) = -1 ENOENT (No such file or directory)
1426364 openat(AT_FDCWD</tmp/kernel-audit2-v3r63b5w/\346\261\202\350\247\243\345\231\250>, "/usr/lib/locale/C.utf8/LC_MESSAGES", O_RDONLY|O_CLOEXEC) = 3</usr/lib/locale/C.utf8/LC_MESSAGES>
1426364 openat(AT_FDCWD</tmp/kernel-audit2-v3r63b5w/\346\261\202\350\247\243\345\231\250>, "/usr/lib/locale/C.utf8/LC_MESSAGES/SYS_LC_MESSAGES", O_RDONLY|O_CLOEXEC) = 3</usr/lib/locale/C.utf8/LC_MESSAGES/SYS_LC_MESSAGES>
1426364 openat(AT_FDCWD</tmp/kernel-audit2-v3r63b5w/\346\261\202\350\247\243\345\231\250>, "/usr/lib/locale/C.UTF-8/LC_MONETARY", O_RDONLY|O_CLOEXEC) = -1 ENOENT (No such file or directory)
1426364 openat(AT_FDCWD</tmp/kernel-audit2-v3r63b5w/\346\261\202\350\247\243\345\231\250>, "/usr/lib/locale/C.utf8/LC_MONETARY", O_RDONLY|O_CLOEXEC) = 3</usr/lib/locale/C.utf8/LC_MONETARY>
1426364 openat(AT_FDCWD</tmp/kernel-audit2-v3r63b5w/\346\261\202\350\247\243\345\231\250>, "/usr/lib/locale/C.UTF-8/LC_COLLATE", O_RDONLY|O_CLOEXEC) = -1 ENOENT (No such file or directory)
1426364 openat(AT_FDCWD</tmp/kernel-audit2-v3r63b5w/\346\261\202\350\247\243\345\231\250>, "/usr/lib/locale/C.utf8/LC_COLLATE", O_RDONLY|O_CLOEXEC) = 3</usr/lib/locale/C.utf8/LC_COLLATE>
1426364 openat(AT_FDCWD</tmp/kernel-audit2-v3r63b5w/\346\261\202\350\247\243\345\231\250>, "/usr/lib/locale/C.UTF-8/LC_TIME", O_RDONLY|O_CLOEXEC) = -1 ENOENT (No such file or directory)
1426364 openat(AT_FDCWD</tmp/kernel-audit2-v3r63b5w/\346\261\202\350\247\243\345\231\250>, "/usr/lib/locale/C.utf8/LC_TIME", O_RDONLY|O_CLOEXEC) = 3</usr/lib/locale/C.utf8/LC_TIME>
1426364 openat(AT_FDCWD</tmp/kernel-audit2-v3r63b5w/\346\261\202\350\247\243\345\231\250>, "/usr/lib/locale/C.UTF-8/LC_NUMERIC", O_RDONLY|O_CLOEXEC) = -1 ENOENT (No such file or directory)
1426364 openat(AT_FDCWD</tmp/kernel-audit2-v3r63b5w/\346\261\202\350\247\243\345\231\250>, "/usr/lib/locale/C.utf8/LC_NUMERIC", O_RDONLY|O_CLOEXEC) = 3</usr/lib/locale/C.utf8/LC_NUMERIC>
1426364 openat(AT_FDCWD</tmp/kernel-audit2-v3r63b5w/\346\261\202\350\247\243\345\231\250>, "/usr/lib/locale/C.UTF-8/LC_CTYPE", O_RDONLY|O_CLOEXEC) = -1 ENOENT (No such file or directory)
1426364 openat(AT_FDCWD</tmp/kernel-audit2-v3r63b5w/\346\261\202\350\247\243\345\231\250>, "/usr/lib/locale/C.utf8/LC_CTYPE", O_RDONLY|O_CLOEXEC) = 3</usr/lib/locale/C.utf8/LC_CTYPE>
1426364 openat(AT_FDCWD</tmp/kernel-audit2-v3r63b5w/\346\261\202\350\247\243\345\231\250>, "/tmp/kernel-audit2-v3r63b5w/\346\261\202\350\247\243\345\231\250/crates/kernel/Cargo.toml", O_RDONLY) = 3</tmp/kernel-audit2-v3r63b5w/\346\261\202\350\247\243\345\231\250/crates/kernel/Cargo.toml>
1426283 --- SIGCHLD {si_signo=SIGCHLD, si_code=CLD_EXITED, si_pid=1426364, si_uid=1000, si_status=0, si_utime=0, si_stime=0} ---
1426283 openat(AT_FDCWD</tmp/kernel-audit2-v3r63b5w/\346\261\202\350\247\243\345\231\250>, "/home/zhuran24/zmd-research-fresh/\346\261\202\350\247\243\345\231\250/target/health-capture/audit2-1422118/cases/checkpoint-cycle/batch/cycle.record.json", O_WRONLY|O_CREAT|O_TRUNC|O_CLOEXEC, 0666) = 3</home/zhuran24/zmd-research-fresh/\346\261\202\350\247\243\345\231\250/target/health-capture/audit2-1422118/cases/checkpoint-cycle/batch/cycle.record.json>
1426283 openat(AT_FDCWD</tmp/kernel-audit2-v3r63b5w/\346\261\202\350\247\243\345\231\250>, "/dev/null", O_RDONLY|O_CLOEXEC) = 3</dev/null<char 1:3>>
1426366 execve("/home/zhuran24/.codex/tmp/arg0/codex-arg0DuAZRy/sha256sum", ["sha256sum", "--", "/home/zhuran24/zmd-research-fresh/\346\261\202\350\247\243\345\231\250/target/health-capture/audit2-1422118/cases/checkpoint-cycle/batch/cycle.record.json"], 0x7ffdc1bb9fc8 /* 135 vars */) = -1 ENOENT (No such file or directory)
1426366 execve("/home/zhuran24/.cargo/bin/sha256sum", ["sha256sum", "--", "/home/zhuran24/zmd-research-fresh/\346\261\202\350\247\243\345\231\250/target/health-capture/audit2-1422118/cases/checkpoint-cycle/batch/cycle.record.json"], 0x7ffdc1bb9fc8 /* 135 vars */) = -1 ENOENT (No such file or directory)
1426366 execve("/home/zhuran24/.local/bin/sha256sum", ["sha256sum", "--", "/home/zhuran24/zmd-research-fresh/\346\261\202\350\247\243\345\231\250/target/health-capture/audit2-1422118/cases/checkpoint-cycle/batch/cycle.record.json"], 0x7ffdc1bb9fc8 /* 135 vars */) = -1 ENOENT (No such file or directory)
1426366 execve("/home/zhuran24/.opencode/bin/sha256sum", ["sha256sum", "--", "/home/zhuran24/zmd-research-fresh/\346\261\202\350\247\243\345\231\250/target/health-capture/audit2-1422118/cases/checkpoint-cycle/batch/cycle.record.json"], 0x7ffdc1bb9fc8 /* 135 vars */) = -1 ENOENT (No such file or directory)
1426366 execve("/usr/local/bin/sha256sum", ["sha256sum", "--", "/home/zhuran24/zmd-research-fresh/\346\261\202\350\247\243\345\231\250/target/health-capture/audit2-1422118/cases/checkpoint-cycle/batch/cycle.record.json"], 0x7ffdc1bb9fc8 /* 135 vars */) = -1 ENOENT (No such file or directory)
1426366 execve("/usr/bin/sha256sum", ["sha256sum", "--", "/home/zhuran24/zmd-research-fresh/\346\261\202\350\247\243\345\231\250/target/health-capture/audit2-1422118/cases/checkpoint-cycle/batch/cycle.record.json"], 0x7ffdc1bb9fc8 /* 135 vars */) = 0
1426366 openat(AT_FDCWD</tmp/kernel-audit2-v3r63b5w/\346\261\202\350\247\243\345\231\250>, "/etc/ld.so.cache", O_RDONLY|O_CLOEXEC) = 3</etc/ld.so.cache>
1426366 openat(AT_FDCWD</tmp/kernel-audit2-v3r63b5w/\346\261\202\350\247\243\345\231\250>, "/usr/lib/libcrypto.so.3", O_RDONLY|O_CLOEXEC) = 3</usr/lib/libcrypto.so.3>
1426366 openat(AT_FDCWD</tmp/kernel-audit2-v3r63b5w/\346\261\202\350\247\243\345\231\250>, "/usr/lib/libc.so.6", O_RDONLY|O_CLOEXEC) = 3</usr/lib/libc.so.6>
1426366 openat(AT_FDCWD</tmp/kernel-audit2-v3r63b5w/\346\261\202\350\247\243\345\231\250>, "/usr/lib/libz.so.1", O_RDONLY|O_CLOEXEC) = 3</usr/lib/libz.so.1.3.1.zlib-ng>
1426366 openat(AT_FDCWD</tmp/kernel-audit2-v3r63b5w/\346\261\202\350\247\243\345\231\250>, "/usr/lib/libbrotlienc.so.1", O_RDONLY|O_CLOEXEC) = 3</usr/lib/libbrotlienc.so.1.2.0>
1426366 openat(AT_FDCWD</tmp/kernel-audit2-v3r63b5w/\346\261\202\350\247\243\345\231\250>, "/usr/lib/libbrotlidec.so.1", O_RDONLY|O_CLOEXEC) = 3</usr/lib/libbrotlidec.so.1.2.0>
1426366 openat(AT_FDCWD</tmp/kernel-audit2-v3r63b5w/\346\261\202\350\247\243\345\231\250>, "/usr/lib/libzstd.so.1", O_RDONLY|O_CLOEXEC) = 3</usr/lib/libzstd.so.1.5.7>
1426366 openat(AT_FDCWD</tmp/kernel-audit2-v3r63b5w/\346\261\202\350\247\243\345\231\250>, "/usr/lib/libm.so.6", O_RDONLY|O_CLOEXEC) = 3</usr/lib/libm.so.6>
1426366 openat(AT_FDCWD</tmp/kernel-audit2-v3r63b5w/\346\261\202\350\247\243\345\231\250>, "/usr/lib/libbrotlicommon.so.1", O_RDONLY|O_CLOEXEC) = 3</usr/lib/libbrotlicommon.so.1.2.0>
1426366 openat(AT_FDCWD</tmp/kernel-audit2-v3r63b5w/\346\261\202\350\247\243\345\231\250>, "/usr/lib/locale/locale-archive", O_RDONLY|O_CLOEXEC) = 3</usr/lib/locale/locale-archive>
1426366 openat(AT_FDCWD</tmp/kernel-audit2-v3r63b5w/\346\261\202\350\247\243\345\231\250>, "/usr/share/locale/locale.alias", O_RDONLY|O_CLOEXEC) = 3</usr/share/locale/locale.alias>
1426366 openat(AT_FDCWD</tmp/kernel-audit2-v3r63b5w/\346\261\202\350\247\243\345\231\250>, "/usr/lib/locale/C.UTF-8/LC_IDENTIFICATION", O_RDONLY|O_CLOEXEC) = -1 ENOENT (No such file or directory)
1426366 openat(AT_FDCWD</tmp/kernel-audit2-v3r63b5w/\346\261\202\350\247\243\345\231\250>, "/usr/lib/locale/C.utf8/LC_IDENTIFICATION", O_RDONLY|O_CLOEXEC) = 3</usr/lib/locale/C.utf8/LC_IDENTIFICATION>
1426366 openat(AT_FDCWD</tmp/kernel-audit2-v3r63b5w/\346\261\202\350\247\243\345\231\250>, "/usr/lib/gconv/gconv-modules.cache", O_RDONLY|O_CLOEXEC) = 3</usr/lib/gconv/gconv-modules.cache>
1426366 openat(AT_FDCWD</tmp/kernel-audit2-v3r63b5w/\346\261\202\350\247\243\345\231\250>, "/usr/lib/locale/C.UTF-8/LC_MEASUREMENT", O_RDONLY|O_CLOEXEC) = -1 ENOENT (No such file or directory)
1426366 openat(AT_FDCWD</tmp/kernel-audit2-v3r63b5w/\346\261\202\350\247\243\345\231\250>, "/usr/lib/locale/C.utf8/LC_MEASUREMENT", O_RDONLY|O_CLOEXEC) = 3</usr/lib/locale/C.utf8/LC_MEASUREMENT>
1426366 openat(AT_FDCWD</tmp/kernel-audit2-v3r63b5w/\346\261\202\350\247\243\345\231\250>, "/usr/lib/locale/C.UTF-8/LC_TELEPHONE", O_RDONLY|O_CLOEXEC) = -1 ENOENT (No such file or directory)
1426366 openat(AT_FDCWD</tmp/kernel-audit2-v3r63b5w/\346\261\202\350\247\243\345\231\250>, "/usr/lib/locale/C.utf8/LC_TELEPHONE", O_RDONLY|O_CLOEXEC) = 3</usr/lib/locale/C.utf8/LC_TELEPHONE>
1426366 openat(AT_FDCWD</tmp/kernel-audit2-v3r63b5w/\346\261\202\350\247\243\345\231\250>, "/usr/lib/locale/C.UTF-8/LC_ADDRESS", O_RDONLY|O_CLOEXEC) = -1 ENOENT (No such file or directory)
1426366 openat(AT_FDCWD</tmp/kernel-audit2-v3r63b5w/\346\261\202\350\247\243\345\231\250>, "/usr/lib/locale/C.utf8/LC_ADDRESS", O_RDONLY|O_CLOEXEC) = 3</usr/lib/locale/C.utf8/LC_ADDRESS>
1426366 openat(AT_FDCWD</tmp/kernel-audit2-v3r63b5w/\346\261\202\350\247\243\345\231\250>, "/usr/lib/locale/C.UTF-8/LC_NAME", O_RDONLY|O_CLOEXEC) = -1 ENOENT (No such file or directory)
1426366 openat(AT_FDCWD</tmp/kernel-audit2-v3r63b5w/\346\261\202\350\247\243\345\231\250>, "/usr/lib/locale/C.utf8/LC_NAME", O_RDONLY|O_CLOEXEC) = 3</usr/lib/locale/C.utf8/LC_NAME>
1426366 openat(AT_FDCWD</tmp/kernel-audit2-v3r63b5w/\346\261\202\350\247\243\345\231\250>, "/usr/lib/locale/C.UTF-8/LC_PAPER", O_RDONLY|O_CLOEXEC) = -1 ENOENT (No such file or directory)
1426366 openat(AT_FDCWD</tmp/kernel-audit2-v3r63b5w/\346\261\202\350\247\243\345\231\250>, "/usr/lib/locale/C.utf8/LC_PAPER", O_RDONLY|O_CLOEXEC) = 3</usr/lib/locale/C.utf8/LC_PAPER>
1426366 openat(AT_FDCWD</tmp/kernel-audit2-v3r63b5w/\346\261\202\350\247\243\345\231\250>, "/usr/lib/locale/C.UTF-8/LC_MESSAGES", O_RDONLY|O_CLOEXEC) = -1 ENOENT (No such file or directory)
1426366 openat(AT_FDCWD</tmp/kernel-audit2-v3r63b5w/\346\261\202\350\247\243\345\231\250>, "/usr/lib/locale/C.utf8/LC_MESSAGES", O_RDONLY|O_CLOEXEC) = 3</usr/lib/locale/C.utf8/LC_MESSAGES>
1426366 openat(AT_FDCWD</tmp/kernel-audit2-v3r63b5w/\346\261\202\350\247\243\345\231\250>, "/usr/lib/locale/C.utf8/LC_MESSAGES/SYS_LC_MESSAGES", O_RDONLY|O_CLOEXEC) = 3</usr/lib/locale/C.utf8/LC_MESSAGES/SYS_LC_MESSAGES>
1426366 openat(AT_FDCWD</tmp/kernel-audit2-v3r63b5w/\346\261\202\350\247\243\345\231\250>, "/usr/lib/locale/C.UTF-8/LC_MONETARY", O_RDONLY|O_CLOEXEC) = -1 ENOENT (No such file or directory)
1426366 openat(AT_FDCWD</tmp/kernel-audit2-v3r63b5w/\346\261\202\350\247\243\345\231\250>, "/usr/lib/locale/C.utf8/LC_MONETARY", O_RDONLY|O_CLOEXEC) = 3</usr/lib/locale/C.utf8/LC_MONETARY>
1426366 openat(AT_FDCWD</tmp/kernel-audit2-v3r63b5w/\346\261\202\350\247\243\345\231\250>, "/usr/lib/locale/C.UTF-8/LC_COLLATE", O_RDONLY|O_CLOEXEC) = -1 ENOENT (No such file or directory)
1426366 openat(AT_FDCWD</tmp/kernel-audit2-v3r63b5w/\346\261\202\350\247\243\345\231\250>, "/usr/lib/locale/C.utf8/LC_COLLATE", O_RDONLY|O_CLOEXEC) = 3</usr/lib/locale/C.utf8/LC_COLLATE>
1426366 openat(AT_FDCWD</tmp/kernel-audit2-v3r63b5w/\346\261\202\350\247\243\345\231\250>, "/usr/lib/locale/C.UTF-8/LC_TIME", O_RDONLY|O_CLOEXEC) = -1 ENOENT (No such file or directory)
1426366 openat(AT_FDCWD</tmp/kernel-audit2-v3r63b5w/\346\261\202\350\247\243\345\231\250>, "/usr/lib/locale/C.utf8/LC_TIME", O_RDONLY|O_CLOEXEC) = 3</usr/lib/locale/C.utf8/LC_TIME>
1426366 openat(AT_FDCWD</tmp/kernel-audit2-v3r63b5w/\346\261\202\350\247\243\345\231\250>, "/usr/lib/locale/C.UTF-8/LC_NUMERIC", O_RDONLY|O_CLOEXEC) = -1 ENOENT (No such file or directory)
1426366 openat(AT_FDCWD</tmp/kernel-audit2-v3r63b5w/\346\261\202\350\247\243\345\231\250>, "/usr/lib/locale/C.utf8/LC_NUMERIC", O_RDONLY|O_CLOEXEC) = 3</usr/lib/locale/C.utf8/LC_NUMERIC>
1426366 openat(AT_FDCWD</tmp/kernel-audit2-v3r63b5w/\346\261\202\350\247\243\345\231\250>, "/usr/lib/locale/C.UTF-8/LC_CTYPE", O_RDONLY|O_CLOEXEC) = -1 ENOENT (No such file or directory)
1426366 openat(AT_FDCWD</tmp/kernel-audit2-v3r63b5w/\346\261\202\350\247\243\345\231\250>, "/usr/lib/locale/C.utf8/LC_CTYPE", O_RDONLY|O_CLOEXEC) = 3</usr/lib/locale/C.utf8/LC_CTYPE>
1426366 openat(AT_FDCWD</tmp/kernel-audit2-v3r63b5w/\346\261\202\350\247\243\345\231\250>, "/home/zhuran24/zmd-research-fresh/\346\261\202\350\247\243\345\231\250/target/health-capture/audit2-1422118/cases/checkpoint-cycle/batch/cycle.record.json", O_RDONLY) = 3</home/zhuran24/zmd-research-fresh/\346\261\202\350\247\243\345\231\250/target/health-capture/audit2-1422118/cases/checkpoint-cycle/batch/cycle.record.json>
1426283 --- SIGCHLD {si_signo=SIGCHLD, si_code=CLD_EXITED, si_pid=1426366, si_uid=1000, si_status=0, si_utime=0, si_stime=0} ---
1426283 openat(AT_FDCWD</tmp/kernel-audit2-v3r63b5w/\346\261\202\350\247\243\345\231\250>, "/home/zhuran24/zmd-research-fresh/\346\261\202\350\247\243\345\231\250/target/health-capture/audit2-1422118/cases/checkpoint-cycle/batch/cycle.json", O_WRONLY|O_CREAT|O_TRUNC|O_CLOEXEC, 0666) = 3</home/zhuran24/zmd-research-fresh/\346\261\202\350\247\243\345\231\250/target/health-capture/audit2-1422118/cases/checkpoint-cycle/batch/cycle.json>
