1423646 execve("/home/zhuran24/zmd-research-fresh/\346\261\202\350\247\243\345\231\250/target/healthaudit2prod1422118/kernel", ["/home/zhuran24/zmd-research-fresh/\346\261\202\350\247\243\345\231\250/target/healthaudit2prod1422118/kernel", "run", "/tmp/kernel-audit2-v3r63b5w/\346\261\202\350\247\243\345\231\250/\346\225\260\346\215\256/\346\240\267\344\276\213/\347\224\237\344\272\247\345\276\252\347\216\257\347\216\257\345\270\246.json", "--ticks", "12", "--out", "/home/zhuran24/zmd-research-fresh/\346\261\202\350\247\243\345\231\250/target/health-capture/audit2-1422118/cases/verify-record-full/artifacts/run-full.json", "--config", "/tmp/kernel-audit2-v3r63b5w/\346\261\202\350\247\243\345\231\250/\350\247\204\346\240\274/\345\206\205\346\240\270\351\205\215\347\275\256-v1.json"], 0x7ffff0dfef18 /* 135 vars */) = 0
1423646 openat(AT_FDCWD</tmp/kernel-audit2-v3r63b5w/\346\261\202\350\247\243\345\231\250>, "/etc/ld.so.cache", O_RDONLY|O_CLOEXEC) = 3</etc/ld.so.cache>
1423646 openat(AT_FDCWD</tmp/kernel-audit2-v3r63b5w/\346\261\202\350\247\243\345\231\250>, "/usr/lib/libgcc_s.so.1", O_RDONLY|O_CLOEXEC) = 3</usr/lib/libgcc_s.so.1>
1423646 openat(AT_FDCWD</tmp/kernel-audit2-v3r63b5w/\346\261\202\350\247\243\345\231\250>, "/usr/lib/libc.so.6", O_RDONLY|O_CLOEXEC) = 3</usr/lib/libc.so.6>
1423646 openat(AT_FDCWD</tmp/kernel-audit2-v3r63b5w/\346\261\202\350\247\243\345\231\250>, "/proc/self/maps", O_RDONLY|O_CLOEXEC) = 3</proc/1423646/maps>
1423646 openat(AT_FDCWD</tmp/kernel-audit2-v3r63b5w/\346\261\202\350\247\243\345\231\250>, "/tmp/kernel-audit2-v3r63b5w/\346\261\202\350\247\243\345\231\250/\350\247\204\346\240\274/\345\206\205\346\240\270\351\205\215\347\275\256-v1.json", O_RDONLY|O_CLOEXEC) = 3</tmp/kernel-audit2-v3r63b5w/\346\261\202\350\247\243\345\231\250/\350\247\204\346\240\274/\345\206\205\346\240\270\351\205\215\347\275\256-v1.json>
1423646 openat(AT_FDCWD</tmp/kernel-audit2-v3r63b5w/\346\261\202\350\247\243\345\231\250>, "/tmp/kernel-audit2-v3r63b5w/\346\261\202\350\247\243\345\231\250/\346\225\260\346\215\256/\346\240\267\344\276\213/\347\224\237\344\272\247\345\276\252\347\216\257\347\216\257\345\270\246.json", O_RDONLY|O_CLOEXEC) = 3</tmp/kernel-audit2-v3r63b5w/\346\261\202\350\247\243\345\231\250/\346\225\260\346\215\256/\346\240\267\344\276\213/\347\224\237\344\272\247\345\276\252\347\216\257\347\216\257\345\270\246.json>
1423646 openat(AT_FDCWD</tmp/kernel-audit2-v3r63b5w/\346\261\202\350\247\243\345\231\250>, "/dev/null", O_RDONLY|O_CLOEXEC) = 3</dev/null<char 1:3>>
1423647 execve("/home/zhuran24/.codex/tmp/arg0/codex-arg0DuAZRy/sha256sum", ["sha256sum", "--", "/tmp/kernel-audit2-v3r63b5w/\346\261\202\350\247\243\345\231\250/\346\225\260\346\215\256/\346\255\243\345\274\217\351\235\231\346\200\201\347\233\256\345\275\225.json"], 0x7ffd187fc5a8 /* 135 vars */) = -1 ENOENT (No such file or directory)
1423647 execve("/home/zhuran24/.cargo/bin/sha256sum", ["sha256sum", "--", "/tmp/kernel-audit2-v3r63b5w/\346\261\202\350\247\243\345\231\250/\346\225\260\346\215\256/\346\255\243\345\274\217\351\235\231\346\200\201\347\233\256\345\275\225.json"], 0x7ffd187fc5a8 /* 135 vars */) = -1 ENOENT (No such file or directory)
1423647 execve("/home/zhuran24/.local/bin/sha256sum", ["sha256sum", "--", "/tmp/kernel-audit2-v3r63b5w/\346\261\202\350\247\243\345\231\250/\346\225\260\346\215\256/\346\255\243\345\274\217\351\235\231\346\200\201\347\233\256\345\275\225.json"], 0x7ffd187fc5a8 /* 135 vars */) = -1 ENOENT (No such file or directory)
1423647 execve("/home/zhuran24/.opencode/bin/sha256sum", ["sha256sum", "--", "/tmp/kernel-audit2-v3r63b5w/\346\261\202\350\247\243\345\231\250/\346\225\260\346\215\256/\346\255\243\345\274\217\351\235\231\346\200\201\347\233\256\345\275\225.json"], 0x7ffd187fc5a8 /* 135 vars */) = -1 ENOENT (No such file or directory)
1423647 execve("/usr/local/bin/sha256sum", ["sha256sum", "--", "/tmp/kernel-audit2-v3r63b5w/\346\261\202\350\247\243\345\231\250/\346\225\260\346\215\256/\346\255\243\345\274\217\351\235\231\346\200\201\347\233\256\345\275\225.json"], 0x7ffd187fc5a8 /* 135 vars */) = -1 ENOENT (No such file or directory)
1423647 execve("/usr/bin/sha256sum", ["sha256sum", "--", "/tmp/kernel-audit2-v3r63b5w/\346\261\202\350\247\243\345\231\250/\346\225\260\346\215\256/\346\255\243\345\274\217\351\235\231\346\200\201\347\233\256\345\275\225.json"], 0x7ffd187fc5a8 /* 135 vars */) = 0
1423647 openat(AT_FDCWD</tmp/kernel-audit2-v3r63b5w/\346\261\202\350\247\243\345\231\250>, "/etc/ld.so.cache", O_RDONLY|O_CLOEXEC) = 3</etc/ld.so.cache>
1423647 openat(AT_FDCWD</tmp/kernel-audit2-v3r63b5w/\346\261\202\350\247\243\345\231\250>, "/usr/lib/libcrypto.so.3", O_RDONLY|O_CLOEXEC) = 3</usr/lib/libcrypto.so.3>
1423647 openat(AT_FDCWD</tmp/kernel-audit2-v3r63b5w/\346\261\202\350\247\243\345\231\250>, "/usr/lib/libc.so.6", O_RDONLY|O_CLOEXEC) = 3</usr/lib/libc.so.6>
1423647 openat(AT_FDCWD</tmp/kernel-audit2-v3r63b5w/\346\261\202\350\247\243\345\231\250>, "/usr/lib/libz.so.1", O_RDONLY|O_CLOEXEC) = 3</usr/lib/libz.so.1.3.1.zlib-ng>
1423647 openat(AT_FDCWD</tmp/kernel-audit2-v3r63b5w/\346\261\202\350\247\243\345\231\250>, "/usr/lib/libbrotlienc.so.1", O_RDONLY|O_CLOEXEC) = 3</usr/lib/libbrotlienc.so.1.2.0>
1423647 openat(AT_FDCWD</tmp/kernel-audit2-v3r63b5w/\346\261\202\350\247\243\345\231\250>, "/usr/lib/libbrotlidec.so.1", O_RDONLY|O_CLOEXEC) = 3</usr/lib/libbrotlidec.so.1.2.0>
1423647 openat(AT_FDCWD</tmp/kernel-audit2-v3r63b5w/\346\261\202\350\247\243\345\231\250>, "/usr/lib/libzstd.so.1", O_RDONLY|O_CLOEXEC) = 3</usr/lib/libzstd.so.1.5.7>
1423647 openat(AT_FDCWD</tmp/kernel-audit2-v3r63b5w/\346\261\202\350\247\243\345\231\250>, "/usr/lib/libm.so.6", O_RDONLY|O_CLOEXEC) = 3</usr/lib/libm.so.6>
1423647 openat(AT_FDCWD</tmp/kernel-audit2-v3r63b5w/\346\261\202\350\247\243\345\231\250>, "/usr/lib/libbrotlicommon.so.1", O_RDONLY|O_CLOEXEC) = 3</usr/lib/libbrotlicommon.so.1.2.0>
1423647 openat(AT_FDCWD</tmp/kernel-audit2-v3r63b5w/\346\261\202\350\247\243\345\231\250>, "/usr/lib/locale/locale-archive", O_RDONLY|O_CLOEXEC) = 3</usr/lib/locale/locale-archive>
1423647 openat(AT_FDCWD</tmp/kernel-audit2-v3r63b5w/\346\261\202\350\247\243\345\231\250>, "/usr/share/locale/locale.alias", O_RDONLY|O_CLOEXEC) = 3</usr/share/locale/locale.alias>
1423647 openat(AT_FDCWD</tmp/kernel-audit2-v3r63b5w/\346\261\202\350\247\243\345\231\250>, "/usr/lib/locale/C.UTF-8/LC_IDENTIFICATION", O_RDONLY|O_CLOEXEC) = -1 ENOENT (No such file or directory)
1423647 openat(AT_FDCWD</tmp/kernel-audit2-v3r63b5w/\346\261\202\350\247\243\345\231\250>, "/usr/lib/locale/C.utf8/LC_IDENTIFICATION", O_RDONLY|O_CLOEXEC) = 3</usr/lib/locale/C.utf8/LC_IDENTIFICATION>
1423647 openat(AT_FDCWD</tmp/kernel-audit2-v3r63b5w/\346\261\202\350\247\243\345\231\250>, "/usr/lib/gconv/gconv-modules.cache", O_RDONLY|O_CLOEXEC) = 3</usr/lib/gconv/gconv-modules.cache>
1423647 openat(AT_FDCWD</tmp/kernel-audit2-v3r63b5w/\346\261\202\350\247\243\345\231\250>, "/usr/lib/locale/C.UTF-8/LC_MEASUREMENT", O_RDONLY|O_CLOEXEC) = -1 ENOENT (No such file or directory)
1423647 openat(AT_FDCWD</tmp/kernel-audit2-v3r63b5w/\346\261\202\350\247\243\345\231\250>, "/usr/lib/locale/C.utf8/LC_MEASUREMENT", O_RDONLY|O_CLOEXEC) = 3</usr/lib/locale/C.utf8/LC_MEASUREMENT>
1423647 openat(AT_FDCWD</tmp/kernel-audit2-v3r63b5w/\346\261\202\350\247\243\345\231\250>, "/usr/lib/locale/C.UTF-8/LC_TELEPHONE", O_RDONLY|O_CLOEXEC) = -1 ENOENT (No such file or directory)
1423647 openat(AT_FDCWD</tmp/kernel-audit2-v3r63b5w/\346\261\202\350\247\243\345\231\250>, "/usr/lib/locale/C.utf8/LC_TELEPHONE", O_RDONLY|O_CLOEXEC) = 3</usr/lib/locale/C.utf8/LC_TELEPHONE>
1423647 openat(AT_FDCWD</tmp/kernel-audit2-v3r63b5w/\346\261\202\350\247\243\345\231\250>, "/usr/lib/locale/C.UTF-8/LC_ADDRESS", O_RDONLY|O_CLOEXEC) = -1 ENOENT (No such file or directory)
1423647 openat(AT_FDCWD</tmp/kernel-audit2-v3r63b5w/\346\261\202\350\247\243\345\231\250>, "/usr/lib/locale/C.utf8/LC_ADDRESS", O_RDONLY|O_CLOEXEC) = 3</usr/lib/locale/C.utf8/LC_ADDRESS>
1423647 openat(AT_FDCWD</tmp/kernel-audit2-v3r63b5w/\346\261\202\350\247\243\345\231\250>, "/usr/lib/locale/C.UTF-8/LC_NAME", O_RDONLY|O_CLOEXEC) = -1 ENOENT (No such file or directory)
1423647 openat(AT_FDCWD</tmp/kernel-audit2-v3r63b5w/\346\261\202\350\247\243\345\231\250>, "/usr/lib/locale/C.utf8/LC_NAME", O_RDONLY|O_CLOEXEC) = 3</usr/lib/locale/C.utf8/LC_NAME>
1423647 openat(AT_FDCWD</tmp/kernel-audit2-v3r63b5w/\346\261\202\350\247\243\345\231\250>, "/usr/lib/locale/C.UTF-8/LC_PAPER", O_RDONLY|O_CLOEXEC) = -1 ENOENT (No such file or directory)
1423647 openat(AT_FDCWD</tmp/kernel-audit2-v3r63b5w/\346\261\202\350\247\243\345\231\250>, "/usr/lib/locale/C.utf8/LC_PAPER", O_RDONLY|O_CLOEXEC) = 3</usr/lib/locale/C.utf8/LC_PAPER>
1423647 openat(AT_FDCWD</tmp/kernel-audit2-v3r63b5w/\346\261\202\350\247\243\345\231\250>, "/usr/lib/locale/C.UTF-8/LC_MESSAGES", O_RDONLY|O_CLOEXEC) = -1 ENOENT (No such file or directory)
1423647 openat(AT_FDCWD</tmp/kernel-audit2-v3r63b5w/\346\261\202\350\247\243\345\231\250>, "/usr/lib/locale/C.utf8/LC_MESSAGES", O_RDONLY|O_CLOEXEC) = 3</usr/lib/locale/C.utf8/LC_MESSAGES>
1423647 openat(AT_FDCWD</tmp/kernel-audit2-v3r63b5w/\346\261\202\350\247\243\345\231\250>, "/usr/lib/locale/C.utf8/LC_MESSAGES/SYS_LC_MESSAGES", O_RDONLY|O_CLOEXEC) = 3</usr/lib/locale/C.utf8/LC_MESSAGES/SYS_LC_MESSAGES>
1423647 openat(AT_FDCWD</tmp/kernel-audit2-v3r63b5w/\346\261\202\350\247\243\345\231\250>, "/usr/lib/locale/C.UTF-8/LC_MONETARY", O_RDONLY|O_CLOEXEC) = -1 ENOENT (No such file or directory)
1423647 openat(AT_FDCWD</tmp/kernel-audit2-v3r63b5w/\346\261\202\350\247\243\345\231\250>, "/usr/lib/locale/C.utf8/LC_MONETARY", O_RDONLY|O_CLOEXEC) = 3</usr/lib/locale/C.utf8/LC_MONETARY>
1423647 openat(AT_FDCWD</tmp/kernel-audit2-v3r63b5w/\346\261\202\350\247\243\345\231\250>, "/usr/lib/locale/C.UTF-8/LC_COLLATE", O_RDONLY|O_CLOEXEC) = -1 ENOENT (No such file or directory)
1423647 openat(AT_FDCWD</tmp/kernel-audit2-v3r63b5w/\346\261\202\350\247\243\345\231\250>, "/usr/lib/locale/C.utf8/LC_COLLATE", O_RDONLY|O_CLOEXEC) = 3</usr/lib/locale/C.utf8/LC_COLLATE>
1423647 openat(AT_FDCWD</tmp/kernel-audit2-v3r63b5w/\346\261\202\350\247\243\345\231\250>, "/usr/lib/locale/C.UTF-8/LC_TIME", O_RDONLY|O_CLOEXEC) = -1 ENOENT (No such file or directory)
1423647 openat(AT_FDCWD</tmp/kernel-audit2-v3r63b5w/\346\261\202\350\247\243\345\231\250>, "/usr/lib/locale/C.utf8/LC_TIME", O_RDONLY|O_CLOEXEC) = 3</usr/lib/locale/C.utf8/LC_TIME>
1423647 openat(AT_FDCWD</tmp/kernel-audit2-v3r63b5w/\346\261\202\350\247\243\345\231\250>, "/usr/lib/locale/C.UTF-8/LC_NUMERIC", O_RDONLY|O_CLOEXEC) = -1 ENOENT (No such file or directory)
1423647 openat(AT_FDCWD</tmp/kernel-audit2-v3r63b5w/\346\261\202\350\247\243\345\231\250>, "/usr/lib/locale/C.utf8/LC_NUMERIC", O_RDONLY|O_CLOEXEC) = 3</usr/lib/locale/C.utf8/LC_NUMERIC>
1423647 openat(AT_FDCWD</tmp/kernel-audit2-v3r63b5w/\346\261\202\350\247\243\345\231\250>, "/usr/lib/locale/C.UTF-8/LC_CTYPE", O_RDONLY|O_CLOEXEC) = -1 ENOENT (No such file or directory)
1423647 openat(AT_FDCWD</tmp/kernel-audit2-v3r63b5w/\346\261\202\350\247\243\345\231\250>, "/usr/lib/locale/C.utf8/LC_CTYPE", O_RDONLY|O_CLOEXEC) = 3</usr/lib/locale/C.utf8/LC_CTYPE>
1423647 openat(AT_FDCWD</tmp/kernel-audit2-v3r63b5w/\346\261\202\350\247\243\345\231\250>, "/tmp/kernel-audit2-v3r63b5w/\346\261\202\350\247\243\345\231\250/\346\225\260\346\215\256/\346\255\243\345\274\217\351\235\231\346\200\201\347\233\256\345\275\225.json", O_RDONLY) = 3</tmp/kernel-audit2-v3r63b5w/\346\261\202\350\247\243\345\231\250/\346\225\260\346\215\256/\346\255\243\345\274\217\351\235\231\346\200\201\347\233\256\345\275\225.json>
1423646 --- SIGCHLD {si_signo=SIGCHLD, si_code=CLD_EXITED, si_pid=1423647, si_uid=1000, si_status=0, si_utime=0, si_stime=0} ---
1423646 openat(AT_FDCWD</tmp/kernel-audit2-v3r63b5w/\346\261\202\350\247\243\345\231\250>, "/tmp/kernel-audit2-v3r63b5w/\346\261\202\350\247\243\345\231\250/\346\225\260\346\215\256/\346\255\243\345\274\217\351\235\231\346\200\201\347\233\256\345\275\225.json", O_RDONLY|O_CLOEXEC) = 3</tmp/kernel-audit2-v3r63b5w/\346\261\202\350\247\243\345\231\250/\346\225\260\346\215\256/\346\255\243\345\274\217\351\235\231\346\200\201\347\233\256\345\275\225.json>
1423646 openat(AT_FDCWD</tmp/kernel-audit2-v3r63b5w/\346\261\202\350\247\243\345\231\250>, "/dev/null", O_RDONLY|O_CLOEXEC) = 3</dev/null<char 1:3>>
1423648 execve("/home/zhuran24/.codex/tmp/arg0/codex-arg0DuAZRy/sha256sum", ["sha256sum", "--", "/tmp/kernel-audit2-v3r63b5w/\346\261\202\350\247\243\345\231\250/\346\225\260\346\215\256/\346\255\243\345\274\217\351\235\231\346\200\201\347\233\256\345\275\225.json"], 0x7ffd187fc5a8 /* 135 vars */) = -1 ENOENT (No such file or directory)
1423648 execve("/home/zhuran24/.cargo/bin/sha256sum", ["sha256sum", "--", "/tmp/kernel-audit2-v3r63b5w/\346\261\202\350\247\243\345\231\250/\346\225\260\346\215\256/\346\255\243\345\274\217\351\235\231\346\200\201\347\233\256\345\275\225.json"], 0x7ffd187fc5a8 /* 135 vars */) = -1 ENOENT (No such file or directory)
1423648 execve("/home/zhuran24/.local/bin/sha256sum", ["sha256sum", "--", "/tmp/kernel-audit2-v3r63b5w/\346\261\202\350\247\243\345\231\250/\346\225\260\346\215\256/\346\255\243\345\274\217\351\235\231\346\200\201\347\233\256\345\275\225.json"], 0x7ffd187fc5a8 /* 135 vars */) = -1 ENOENT (No such file or directory)
1423648 execve("/home/zhuran24/.opencode/bin/sha256sum", ["sha256sum", "--", "/tmp/kernel-audit2-v3r63b5w/\346\261\202\350\247\243\345\231\250/\346\225\260\346\215\256/\346\255\243\345\274\217\351\235\231\346\200\201\347\233\256\345\275\225.json"], 0x7ffd187fc5a8 /* 135 vars */) = -1 ENOENT (No such file or directory)
1423648 execve("/usr/local/bin/sha256sum", ["sha256sum", "--", "/tmp/kernel-audit2-v3r63b5w/\346\261\202\350\247\243\345\231\250/\346\225\260\346\215\256/\346\255\243\345\274\217\351\235\231\346\200\201\347\233\256\345\275\225.json"], 0x7ffd187fc5a8 /* 135 vars */) = -1 ENOENT (No such file or directory)
1423648 execve("/usr/bin/sha256sum", ["sha256sum", "--", "/tmp/kernel-audit2-v3r63b5w/\346\261\202\350\247\243\345\231\250/\346\225\260\346\215\256/\346\255\243\345\274\217\351\235\231\346\200\201\347\233\256\345\275\225.json"], 0x7ffd187fc5a8 /* 135 vars */) = 0
1423648 openat(AT_FDCWD</tmp/kernel-audit2-v3r63b5w/\346\261\202\350\247\243\345\231\250>, "/etc/ld.so.cache", O_RDONLY|O_CLOEXEC) = 3</etc/ld.so.cache>
1423648 openat(AT_FDCWD</tmp/kernel-audit2-v3r63b5w/\346\261\202\350\247\243\345\231\250>, "/usr/lib/libcrypto.so.3", O_RDONLY|O_CLOEXEC) = 3</usr/lib/libcrypto.so.3>
1423648 openat(AT_FDCWD</tmp/kernel-audit2-v3r63b5w/\346\261\202\350\247\243\345\231\250>, "/usr/lib/libc.so.6", O_RDONLY|O_CLOEXEC) = 3</usr/lib/libc.so.6>
1423648 openat(AT_FDCWD</tmp/kernel-audit2-v3r63b5w/\346\261\202\350\247\243\345\231\250>, "/usr/lib/libz.so.1", O_RDONLY|O_CLOEXEC) = 3</usr/lib/libz.so.1.3.1.zlib-ng>
1423648 openat(AT_FDCWD</tmp/kernel-audit2-v3r63b5w/\346\261\202\350\247\243\345\231\250>, "/usr/lib/libbrotlienc.so.1", O_RDONLY|O_CLOEXEC) = 3</usr/lib/libbrotlienc.so.1.2.0>
1423648 openat(AT_FDCWD</tmp/kernel-audit2-v3r63b5w/\346\261\202\350\247\243\345\231\250>, "/usr/lib/libbrotlidec.so.1", O_RDONLY|O_CLOEXEC) = 3</usr/lib/libbrotlidec.so.1.2.0>
1423648 openat(AT_FDCWD</tmp/kernel-audit2-v3r63b5w/\346\261\202\350\247\243\345\231\250>, "/usr/lib/libzstd.so.1", O_RDONLY|O_CLOEXEC) = 3</usr/lib/libzstd.so.1.5.7>
1423648 openat(AT_FDCWD</tmp/kernel-audit2-v3r63b5w/\346\261\202\350\247\243\345\231\250>, "/usr/lib/libm.so.6", O_RDONLY|O_CLOEXEC) = 3</usr/lib/libm.so.6>
1423648 openat(AT_FDCWD</tmp/kernel-audit2-v3r63b5w/\346\261\202\350\247\243\345\231\250>, "/usr/lib/libbrotlicommon.so.1", O_RDONLY|O_CLOEXEC) = 3</usr/lib/libbrotlicommon.so.1.2.0>
1423648 openat(AT_FDCWD</tmp/kernel-audit2-v3r63b5w/\346\261\202\350\247\243\345\231\250>, "/usr/lib/locale/locale-archive", O_RDONLY|O_CLOEXEC) = 3</usr/lib/locale/locale-archive>
1423648 openat(AT_FDCWD</tmp/kernel-audit2-v3r63b5w/\346\261\202\350\247\243\345\231\250>, "/usr/share/locale/locale.alias", O_RDONLY|O_CLOEXEC) = 3</usr/share/locale/locale.alias>
1423648 openat(AT_FDCWD</tmp/kernel-audit2-v3r63b5w/\346\261\202\350\247\243\345\231\250>, "/usr/lib/locale/C.UTF-8/LC_IDENTIFICATION", O_RDONLY|O_CLOEXEC) = -1 ENOENT (No such file or directory)
1423648 openat(AT_FDCWD</tmp/kernel-audit2-v3r63b5w/\346\261\202\350\247\243\345\231\250>, "/usr/lib/locale/C.utf8/LC_IDENTIFICATION", O_RDONLY|O_CLOEXEC) = 3</usr/lib/locale/C.utf8/LC_IDENTIFICATION>
1423648 openat(AT_FDCWD</tmp/kernel-audit2-v3r63b5w/\346\261\202\350\247\243\345\231\250>, "/usr/lib/gconv/gconv-modules.cache", O_RDONLY|O_CLOEXEC) = 3</usr/lib/gconv/gconv-modules.cache>
1423648 openat(AT_FDCWD</tmp/kernel-audit2-v3r63b5w/\346\261\202\350\247\243\345\231\250>, "/usr/lib/locale/C.UTF-8/LC_MEASUREMENT", O_RDONLY|O_CLOEXEC) = -1 ENOENT (No such file or directory)
1423648 openat(AT_FDCWD</tmp/kernel-audit2-v3r63b5w/\346\261\202\350\247\243\345\231\250>, "/usr/lib/locale/C.utf8/LC_MEASUREMENT", O_RDONLY|O_CLOEXEC) = 3</usr/lib/locale/C.utf8/LC_MEASUREMENT>
1423648 openat(AT_FDCWD</tmp/kernel-audit2-v3r63b5w/\346\261\202\350\247\243\345\231\250>, "/usr/lib/locale/C.UTF-8/LC_TELEPHONE", O_RDONLY|O_CLOEXEC) = -1 ENOENT (No such file or directory)
1423648 openat(AT_FDCWD</tmp/kernel-audit2-v3r63b5w/\346\261\202\350\247\243\345\231\250>, "/usr/lib/locale/C.utf8/LC_TELEPHONE", O_RDONLY|O_CLOEXEC) = 3</usr/lib/locale/C.utf8/LC_TELEPHONE>
1423648 openat(AT_FDCWD</tmp/kernel-audit2-v3r63b5w/\346\261\202\350\247\243\345\231\250>, "/usr/lib/locale/C.UTF-8/LC_ADDRESS", O_RDONLY|O_CLOEXEC) = -1 ENOENT (No such file or directory)
1423648 openat(AT_FDCWD</tmp/kernel-audit2-v3r63b5w/\346\261\202\350\247\243\345\231\250>, "/usr/lib/locale/C.utf8/LC_ADDRESS", O_RDONLY|O_CLOEXEC) = 3</usr/lib/locale/C.utf8/LC_ADDRESS>
1423648 openat(AT_FDCWD</tmp/kernel-audit2-v3r63b5w/\346\261\202\350\247\243\345\231\250>, "/usr/lib/locale/C.UTF-8/LC_NAME", O_RDONLY|O_CLOEXEC) = -1 ENOENT (No such file or directory)
1423648 openat(AT_FDCWD</tmp/kernel-audit2-v3r63b5w/\346\261\202\350\247\243\345\231\250>, "/usr/lib/locale/C.utf8/LC_NAME", O_RDONLY|O_CLOEXEC) = 3</usr/lib/locale/C.utf8/LC_NAME>
1423648 openat(AT_FDCWD</tmp/kernel-audit2-v3r63b5w/\346\261\202\350\247\243\345\231\250>, "/usr/lib/locale/C.UTF-8/LC_PAPER", O_RDONLY|O_CLOEXEC) = -1 ENOENT (No such file or directory)
1423648 openat(AT_FDCWD</tmp/kernel-audit2-v3r63b5w/\346\261\202\350\247\243\345\231\250>, "/usr/lib/locale/C.utf8/LC_PAPER", O_RDONLY|O_CLOEXEC) = 3</usr/lib/locale/C.utf8/LC_PAPER>
1423648 openat(AT_FDCWD</tmp/kernel-audit2-v3r63b5w/\346\261\202\350\247\243\345\231\250>, "/usr/lib/locale/C.UTF-8/LC_MESSAGES", O_RDONLY|O_CLOEXEC) = -1 ENOENT (No such file or directory)
1423648 openat(AT_FDCWD</tmp/kernel-audit2-v3r63b5w/\346\261\202\350\247\243\345\231\250>, "/usr/lib/locale/C.utf8/LC_MESSAGES", O_RDONLY|O_CLOEXEC) = 3</usr/lib/locale/C.utf8/LC_MESSAGES>
1423648 openat(AT_FDCWD</tmp/kernel-audit2-v3r63b5w/\346\261\202\350\247\243\345\231\250>, "/usr/lib/locale/C.utf8/LC_MESSAGES/SYS_LC_MESSAGES", O_RDONLY|O_CLOEXEC) = 3</usr/lib/locale/C.utf8/LC_MESSAGES/SYS_LC_MESSAGES>
1423648 openat(AT_FDCWD</tmp/kernel-audit2-v3r63b5w/\346\261\202\350\247\243\345\231\250>, "/usr/lib/locale/C.UTF-8/LC_MONETARY", O_RDONLY|O_CLOEXEC) = -1 ENOENT (No such file or directory)
1423648 openat(AT_FDCWD</tmp/kernel-audit2-v3r63b5w/\346\261\202\350\247\243\345\231\250>, "/usr/lib/locale/C.utf8/LC_MONETARY", O_RDONLY|O_CLOEXEC) = 3</usr/lib/locale/C.utf8/LC_MONETARY>
1423648 openat(AT_FDCWD</tmp/kernel-audit2-v3r63b5w/\346\261\202\350\247\243\345\231\250>, "/usr/lib/locale/C.UTF-8/LC_COLLATE", O_RDONLY|O_CLOEXEC) = -1 ENOENT (No such file or directory)
1423648 openat(AT_FDCWD</tmp/kernel-audit2-v3r63b5w/\346\261\202\350\247\243\345\231\250>, "/usr/lib/locale/C.utf8/LC_COLLATE", O_RDONLY|O_CLOEXEC) = 3</usr/lib/locale/C.utf8/LC_COLLATE>
1423648 openat(AT_FDCWD</tmp/kernel-audit2-v3r63b5w/\346\261\202\350\247\243\345\231\250>, "/usr/lib/locale/C.UTF-8/LC_TIME", O_RDONLY|O_CLOEXEC) = -1 ENOENT (No such file or directory)
1423648 openat(AT_FDCWD</tmp/kernel-audit2-v3r63b5w/\346\261\202\350\247\243\345\231\250>, "/usr/lib/locale/C.utf8/LC_TIME", O_RDONLY|O_CLOEXEC) = 3</usr/lib/locale/C.utf8/LC_TIME>
1423648 openat(AT_FDCWD</tmp/kernel-audit2-v3r63b5w/\346\261\202\350\247\243\345\231\250>, "/usr/lib/locale/C.UTF-8/LC_NUMERIC", O_RDONLY|O_CLOEXEC) = -1 ENOENT (No such file or directory)
1423648 openat(AT_FDCWD</tmp/kernel-audit2-v3r63b5w/\346\261\202\350\247\243\345\231\250>, "/usr/lib/locale/C.utf8/LC_NUMERIC", O_RDONLY|O_CLOEXEC) = 3</usr/lib/locale/C.utf8/LC_NUMERIC>
1423648 openat(AT_FDCWD</tmp/kernel-audit2-v3r63b5w/\346\261\202\350\247\243\345\231\250>, "/usr/lib/locale/C.UTF-8/LC_CTYPE", O_RDONLY|O_CLOEXEC) = -1 ENOENT (No such file or directory)
1423648 openat(AT_FDCWD</tmp/kernel-audit2-v3r63b5w/\346\261\202\350\247\243\345\231\250>, "/usr/lib/locale/C.utf8/LC_CTYPE", O_RDONLY|O_CLOEXEC) = 3</usr/lib/locale/C.utf8/LC_CTYPE>
1423648 openat(AT_FDCWD</tmp/kernel-audit2-v3r63b5w/\346\261\202\350\247\243\345\231\250>, "/tmp/kernel-audit2-v3r63b5w/\346\261\202\350\247\243\345\231\250/\346\225\260\346\215\256/\346\255\243\345\274\217\351\235\231\346\200\201\347\233\256\345\275\225.json", O_RDONLY) = 3</tmp/kernel-audit2-v3r63b5w/\346\261\202\350\247\243\345\231\250/\346\225\260\346\215\256/\346\255\243\345\274\217\351\235\231\346\200\201\347\233\256\345\275\225.json>
1423646 --- SIGCHLD {si_signo=SIGCHLD, si_code=CLD_EXITED, si_pid=1423648, si_uid=1000, si_status=0, si_utime=0, si_stime=0} ---
1423646 openat(AT_FDCWD</tmp/kernel-audit2-v3r63b5w/\346\261\202\350\247\243\345\231\250>, "/dev/null", O_RDONLY|O_CLOEXEC) = 3</dev/null<char 1:3>>
1423649 execve("/home/zhuran24/.codex/tmp/arg0/codex-arg0DuAZRy/sha256sum", ["sha256sum", "--", "/tmp/kernel-audit2-v3r63b5w/\343\200\212\346\230\216\346\227\245\346\226\271\350\210\237\357\274\232\347\273\210\346\234\253\345\234\260\343\200\213\346\270\270\346\210\217\350\247\204\345\210\231.txt"], 0x7ffd187fc5a8 /* 135 vars */) = -1 ENOENT (No such file or directory)
1423649 execve("/home/zhuran24/.cargo/bin/sha256sum", ["sha256sum", "--", "/tmp/kernel-audit2-v3r63b5w/\343\200\212\346\230\216\346\227\245\346\226\271\350\210\237\357\274\232\347\273\210\346\234\253\345\234\260\343\200\213\346\270\270\346\210\217\350\247\204\345\210\231.txt"], 0x7ffd187fc5a8 /* 135 vars */) = -1 ENOENT (No such file or directory)
1423649 execve("/home/zhuran24/.local/bin/sha256sum", ["sha256sum", "--", "/tmp/kernel-audit2-v3r63b5w/\343\200\212\346\230\216\346\227\245\346\226\271\350\210\237\357\274\232\347\273\210\346\234\253\345\234\260\343\200\213\346\270\270\346\210\217\350\247\204\345\210\231.txt"], 0x7ffd187fc5a8 /* 135 vars */) = -1 ENOENT (No such file or directory)
1423649 execve("/home/zhuran24/.opencode/bin/sha256sum", ["sha256sum", "--", "/tmp/kernel-audit2-v3r63b5w/\343\200\212\346\230\216\346\227\245\346\226\271\350\210\237\357\274\232\347\273\210\346\234\253\345\234\260\343\200\213\346\270\270\346\210\217\350\247\204\345\210\231.txt"], 0x7ffd187fc5a8 /* 135 vars */) = -1 ENOENT (No such file or directory)
1423649 execve("/usr/local/bin/sha256sum", ["sha256sum", "--", "/tmp/kernel-audit2-v3r63b5w/\343\200\212\346\230\216\346\227\245\346\226\271\350\210\237\357\274\232\347\273\210\346\234\253\345\234\260\343\200\213\346\270\270\346\210\217\350\247\204\345\210\231.txt"], 0x7ffd187fc5a8 /* 135 vars */) = -1 ENOENT (No such file or directory)
1423649 execve("/usr/bin/sha256sum", ["sha256sum", "--", "/tmp/kernel-audit2-v3r63b5w/\343\200\212\346\230\216\346\227\245\346\226\271\350\210\237\357\274\232\347\273\210\346\234\253\345\234\260\343\200\213\346\270\270\346\210\217\350\247\204\345\210\231.txt"], 0x7ffd187fc5a8 /* 135 vars */) = 0
1423649 openat(AT_FDCWD</tmp/kernel-audit2-v3r63b5w/\346\261\202\350\247\243\345\231\250>, "/etc/ld.so.cache", O_RDONLY|O_CLOEXEC) = 3</etc/ld.so.cache>
1423649 openat(AT_FDCWD</tmp/kernel-audit2-v3r63b5w/\346\261\202\350\247\243\345\231\250>, "/usr/lib/libcrypto.so.3", O_RDONLY|O_CLOEXEC) = 3</usr/lib/libcrypto.so.3>
1423649 openat(AT_FDCWD</tmp/kernel-audit2-v3r63b5w/\346\261\202\350\247\243\345\231\250>, "/usr/lib/libc.so.6", O_RDONLY|O_CLOEXEC) = 3</usr/lib/libc.so.6>
1423649 openat(AT_FDCWD</tmp/kernel-audit2-v3r63b5w/\346\261\202\350\247\243\345\231\250>, "/usr/lib/libz.so.1", O_RDONLY|O_CLOEXEC) = 3</usr/lib/libz.so.1.3.1.zlib-ng>
1423649 openat(AT_FDCWD</tmp/kernel-audit2-v3r63b5w/\346\261\202\350\247\243\345\231\250>, "/usr/lib/libbrotlienc.so.1", O_RDONLY|O_CLOEXEC) = 3</usr/lib/libbrotlienc.so.1.2.0>
1423649 openat(AT_FDCWD</tmp/kernel-audit2-v3r63b5w/\346\261\202\350\247\243\345\231\250>, "/usr/lib/libbrotlidec.so.1", O_RDONLY|O_CLOEXEC) = 3</usr/lib/libbrotlidec.so.1.2.0>
1423649 openat(AT_FDCWD</tmp/kernel-audit2-v3r63b5w/\346\261\202\350\247\243\345\231\250>, "/usr/lib/libzstd.so.1", O_RDONLY|O_CLOEXEC) = 3</usr/lib/libzstd.so.1.5.7>
1423649 openat(AT_FDCWD</tmp/kernel-audit2-v3r63b5w/\346\261\202\350\247\243\345\231\250>, "/usr/lib/libm.so.6", O_RDONLY|O_CLOEXEC) = 3</usr/lib/libm.so.6>
1423649 openat(AT_FDCWD</tmp/kernel-audit2-v3r63b5w/\346\261\202\350\247\243\345\231\250>, "/usr/lib/libbrotlicommon.so.1", O_RDONLY|O_CLOEXEC) = 3</usr/lib/libbrotlicommon.so.1.2.0>
1423649 openat(AT_FDCWD</tmp/kernel-audit2-v3r63b5w/\346\261\202\350\247\243\345\231\250>, "/usr/lib/locale/locale-archive", O_RDONLY|O_CLOEXEC) = 3</usr/lib/locale/locale-archive>
1423649 openat(AT_FDCWD</tmp/kernel-audit2-v3r63b5w/\346\261\202\350\247\243\345\231\250>, "/usr/share/locale/locale.alias", O_RDONLY|O_CLOEXEC) = 3</usr/share/locale/locale.alias>
1423649 openat(AT_FDCWD</tmp/kernel-audit2-v3r63b5w/\346\261\202\350\247\243\345\231\250>, "/usr/lib/locale/C.UTF-8/LC_IDENTIFICATION", O_RDONLY|O_CLOEXEC) = -1 ENOENT (No such file or directory)
1423649 openat(AT_FDCWD</tmp/kernel-audit2-v3r63b5w/\346\261\202\350\247\243\345\231\250>, "/usr/lib/locale/C.utf8/LC_IDENTIFICATION", O_RDONLY|O_CLOEXEC) = 3</usr/lib/locale/C.utf8/LC_IDENTIFICATION>
1423649 openat(AT_FDCWD</tmp/kernel-audit2-v3r63b5w/\346\261\202\350\247\243\345\231\250>, "/usr/lib/gconv/gconv-modules.cache", O_RDONLY|O_CLOEXEC) = 3</usr/lib/gconv/gconv-modules.cache>
1423649 openat(AT_FDCWD</tmp/kernel-audit2-v3r63b5w/\346\261\202\350\247\243\345\231\250>, "/usr/lib/locale/C.UTF-8/LC_MEASUREMENT", O_RDONLY|O_CLOEXEC) = -1 ENOENT (No such file or directory)
1423649 openat(AT_FDCWD</tmp/kernel-audit2-v3r63b5w/\346\261\202\350\247\243\345\231\250>, "/usr/lib/locale/C.utf8/LC_MEASUREMENT", O_RDONLY|O_CLOEXEC) = 3</usr/lib/locale/C.utf8/LC_MEASUREMENT>
1423649 openat(AT_FDCWD</tmp/kernel-audit2-v3r63b5w/\346\261\202\350\247\243\345\231\250>, "/usr/lib/locale/C.UTF-8/LC_TELEPHONE", O_RDONLY|O_CLOEXEC) = -1 ENOENT (No such file or directory)
1423649 openat(AT_FDCWD</tmp/kernel-audit2-v3r63b5w/\346\261\202\350\247\243\345\231\250>, "/usr/lib/locale/C.utf8/LC_TELEPHONE", O_RDONLY|O_CLOEXEC) = 3</usr/lib/locale/C.utf8/LC_TELEPHONE>
1423649 openat(AT_FDCWD</tmp/kernel-audit2-v3r63b5w/\346\261\202\350\247\243\345\231\250>, "/usr/lib/locale/C.UTF-8/LC_ADDRESS", O_RDONLY|O_CLOEXEC) = -1 ENOENT (No such file or directory)
1423649 openat(AT_FDCWD</tmp/kernel-audit2-v3r63b5w/\346\261\202\350\247\243\345\231\250>, "/usr/lib/locale/C.utf8/LC_ADDRESS", O_RDONLY|O_CLOEXEC) = 3</usr/lib/locale/C.utf8/LC_ADDRESS>
1423649 openat(AT_FDCWD</tmp/kernel-audit2-v3r63b5w/\346\261\202\350\247\243\345\231\250>, "/usr/lib/locale/C.UTF-8/LC_NAME", O_RDONLY|O_CLOEXEC) = -1 ENOENT (No such file or directory)
1423649 openat(AT_FDCWD</tmp/kernel-audit2-v3r63b5w/\346\261\202\350\247\243\345\231\250>, "/usr/lib/locale/C.utf8/LC_NAME", O_RDONLY|O_CLOEXEC) = 3</usr/lib/locale/C.utf8/LC_NAME>
1423649 openat(AT_FDCWD</tmp/kernel-audit2-v3r63b5w/\346\261\202\350\247\243\345\231\250>, "/usr/lib/locale/C.UTF-8/LC_PAPER", O_RDONLY|O_CLOEXEC) = -1 ENOENT (No such file or directory)
1423649 openat(AT_FDCWD</tmp/kernel-audit2-v3r63b5w/\346\261\202\350\247\243\345\231\250>, "/usr/lib/locale/C.utf8/LC_PAPER", O_RDONLY|O_CLOEXEC) = 3</usr/lib/locale/C.utf8/LC_PAPER>
1423649 openat(AT_FDCWD</tmp/kernel-audit2-v3r63b5w/\346\261\202\350\247\243\345\231\250>, "/usr/lib/locale/C.UTF-8/LC_MESSAGES", O_RDONLY|O_CLOEXEC) = -1 ENOENT (No such file or directory)
1423649 openat(AT_FDCWD</tmp/kernel-audit2-v3r63b5w/\346\261\202\350\247\243\345\231\250>, "/usr/lib/locale/C.utf8/LC_MESSAGES", O_RDONLY|O_CLOEXEC) = 3</usr/lib/locale/C.utf8/LC_MESSAGES>
1423649 openat(AT_FDCWD</tmp/kernel-audit2-v3r63b5w/\346\261\202\350\247\243\345\231\250>, "/usr/lib/locale/C.utf8/LC_MESSAGES/SYS_LC_MESSAGES", O_RDONLY|O_CLOEXEC) = 3</usr/lib/locale/C.utf8/LC_MESSAGES/SYS_LC_MESSAGES>
1423649 openat(AT_FDCWD</tmp/kernel-audit2-v3r63b5w/\346\261\202\350\247\243\345\231\250>, "/usr/lib/locale/C.UTF-8/LC_MONETARY", O_RDONLY|O_CLOEXEC) = -1 ENOENT (No such file or directory)
1423649 openat(AT_FDCWD</tmp/kernel-audit2-v3r63b5w/\346\261\202\350\247\243\345\231\250>, "/usr/lib/locale/C.utf8/LC_MONETARY", O_RDONLY|O_CLOEXEC) = 3</usr/lib/locale/C.utf8/LC_MONETARY>
1423649 openat(AT_FDCWD</tmp/kernel-audit2-v3r63b5w/\346\261\202\350\247\243\345\231\250>, "/usr/lib/locale/C.UTF-8/LC_COLLATE", O_RDONLY|O_CLOEXEC) = -1 ENOENT (No such file or directory)
1423649 openat(AT_FDCWD</tmp/kernel-audit2-v3r63b5w/\346\261\202\350\247\243\345\231\250>, "/usr/lib/locale/C.utf8/LC_COLLATE", O_RDONLY|O_CLOEXEC) = 3</usr/lib/locale/C.utf8/LC_COLLATE>
1423649 openat(AT_FDCWD</tmp/kernel-audit2-v3r63b5w/\346\261\202\350\247\243\345\231\250>, "/usr/lib/locale/C.UTF-8/LC_TIME", O_RDONLY|O_CLOEXEC) = -1 ENOENT (No such file or directory)
1423649 openat(AT_FDCWD</tmp/kernel-audit2-v3r63b5w/\346\261\202\350\247\243\345\231\250>, "/usr/lib/locale/C.utf8/LC_TIME", O_RDONLY|O_CLOEXEC) = 3</usr/lib/locale/C.utf8/LC_TIME>
1423649 openat(AT_FDCWD</tmp/kernel-audit2-v3r63b5w/\346\261\202\350\247\243\345\231\250>, "/usr/lib/locale/C.UTF-8/LC_NUMERIC", O_RDONLY|O_CLOEXEC) = -1 ENOENT (No such file or directory)
1423649 openat(AT_FDCWD</tmp/kernel-audit2-v3r63b5w/\346\261\202\350\247\243\345\231\250>, "/usr/lib/locale/C.utf8/LC_NUMERIC", O_RDONLY|O_CLOEXEC) = 3</usr/lib/locale/C.utf8/LC_NUMERIC>
1423649 openat(AT_FDCWD</tmp/kernel-audit2-v3r63b5w/\346\261\202\350\247\243\345\231\250>, "/usr/lib/locale/C.UTF-8/LC_CTYPE", O_RDONLY|O_CLOEXEC) = -1 ENOENT (No such file or directory)
1423649 openat(AT_FDCWD</tmp/kernel-audit2-v3r63b5w/\346\261\202\350\247\243\345\231\250>, "/usr/lib/locale/C.utf8/LC_CTYPE", O_RDONLY|O_CLOEXEC) = 3</usr/lib/locale/C.utf8/LC_CTYPE>
1423649 openat(AT_FDCWD</tmp/kernel-audit2-v3r63b5w/\346\261\202\350\247\243\345\231\250>, "/tmp/kernel-audit2-v3r63b5w/\343\200\212\346\230\216\346\227\245\346\226\271\350\210\237\357\274\232\347\273\210\346\234\253\345\234\260\343\200\213\346\270\270\346\210\217\350\247\204\345\210\231.txt", O_RDONLY) = 3</tmp/kernel-audit2-v3r63b5w/\343\200\212\346\230\216\346\227\245\346\226\271\350\210\237\357\274\232\347\273\210\346\234\253\345\234\260\343\200\213\346\270\270\346\210\217\350\247\204\345\210\231.txt>
1423646 --- SIGCHLD {si_signo=SIGCHLD, si_code=CLD_EXITED, si_pid=1423649, si_uid=1000, si_status=0, si_utime=0, si_stime=0} ---
1423646 openat(AT_FDCWD</tmp/kernel-audit2-v3r63b5w/\346\261\202\350\247\243\345\231\250>, "/dev/null", O_RDONLY|O_CLOEXEC) = 3</dev/null<char 1:3>>
1423650 execve("/home/zhuran24/.codex/tmp/arg0/codex-arg0DuAZRy/sha256sum", ["sha256sum", "--", "/tmp/kernel-audit2-v3r63b5w/\346\261\202\350\247\243\344\273\273\345\212\241.txt"], 0x7ffd187fc5a8 /* 135 vars */) = -1 ENOENT (No such file or directory)
1423650 execve("/home/zhuran24/.cargo/bin/sha256sum", ["sha256sum", "--", "/tmp/kernel-audit2-v3r63b5w/\346\261\202\350\247\243\344\273\273\345\212\241.txt"], 0x7ffd187fc5a8 /* 135 vars */) = -1 ENOENT (No such file or directory)
1423650 execve("/home/zhuran24/.local/bin/sha256sum", ["sha256sum", "--", "/tmp/kernel-audit2-v3r63b5w/\346\261\202\350\247\243\344\273\273\345\212\241.txt"], 0x7ffd187fc5a8 /* 135 vars */) = -1 ENOENT (No such file or directory)
1423650 execve("/home/zhuran24/.opencode/bin/sha256sum", ["sha256sum", "--", "/tmp/kernel-audit2-v3r63b5w/\346\261\202\350\247\243\344\273\273\345\212\241.txt"], 0x7ffd187fc5a8 /* 135 vars */) = -1 ENOENT (No such file or directory)
1423650 execve("/usr/local/bin/sha256sum", ["sha256sum", "--", "/tmp/kernel-audit2-v3r63b5w/\346\261\202\350\247\243\344\273\273\345\212\241.txt"], 0x7ffd187fc5a8 /* 135 vars */) = -1 ENOENT (No such file or directory)
1423650 execve("/usr/bin/sha256sum", ["sha256sum", "--", "/tmp/kernel-audit2-v3r63b5w/\346\261\202\350\247\243\344\273\273\345\212\241.txt"], 0x7ffd187fc5a8 /* 135 vars */) = 0
1423650 openat(AT_FDCWD</tmp/kernel-audit2-v3r63b5w/\346\261\202\350\247\243\345\231\250>, "/etc/ld.so.cache", O_RDONLY|O_CLOEXEC) = 3</etc/ld.so.cache>
1423650 openat(AT_FDCWD</tmp/kernel-audit2-v3r63b5w/\346\261\202\350\247\243\345\231\250>, "/usr/lib/libcrypto.so.3", O_RDONLY|O_CLOEXEC) = 3</usr/lib/libcrypto.so.3>
1423650 openat(AT_FDCWD</tmp/kernel-audit2-v3r63b5w/\346\261\202\350\247\243\345\231\250>, "/usr/lib/libc.so.6", O_RDONLY|O_CLOEXEC) = 3</usr/lib/libc.so.6>
1423650 openat(AT_FDCWD</tmp/kernel-audit2-v3r63b5w/\346\261\202\350\247\243\345\231\250>, "/usr/lib/libz.so.1", O_RDONLY|O_CLOEXEC) = 3</usr/lib/libz.so.1.3.1.zlib-ng>
1423650 openat(AT_FDCWD</tmp/kernel-audit2-v3r63b5w/\346\261\202\350\247\243\345\231\250>, "/usr/lib/libbrotlienc.so.1", O_RDONLY|O_CLOEXEC) = 3</usr/lib/libbrotlienc.so.1.2.0>
1423650 openat(AT_FDCWD</tmp/kernel-audit2-v3r63b5w/\346\261\202\350\247\243\345\231\250>, "/usr/lib/libbrotlidec.so.1", O_RDONLY|O_CLOEXEC) = 3</usr/lib/libbrotlidec.so.1.2.0>
1423650 openat(AT_FDCWD</tmp/kernel-audit2-v3r63b5w/\346\261\202\350\247\243\345\231\250>, "/usr/lib/libzstd.so.1", O_RDONLY|O_CLOEXEC) = 3</usr/lib/libzstd.so.1.5.7>
1423650 openat(AT_FDCWD</tmp/kernel-audit2-v3r63b5w/\346\261\202\350\247\243\345\231\250>, "/usr/lib/libm.so.6", O_RDONLY|O_CLOEXEC) = 3</usr/lib/libm.so.6>
1423650 openat(AT_FDCWD</tmp/kernel-audit2-v3r63b5w/\346\261\202\350\247\243\345\231\250>, "/usr/lib/libbrotlicommon.so.1", O_RDONLY|O_CLOEXEC) = 3</usr/lib/libbrotlicommon.so.1.2.0>
1423650 openat(AT_FDCWD</tmp/kernel-audit2-v3r63b5w/\346\261\202\350\247\243\345\231\250>, "/usr/lib/locale/locale-archive", O_RDONLY|O_CLOEXEC) = 3</usr/lib/locale/locale-archive>
1423650 openat(AT_FDCWD</tmp/kernel-audit2-v3r63b5w/\346\261\202\350\247\243\345\231\250>, "/usr/share/locale/locale.alias", O_RDONLY|O_CLOEXEC) = 3</usr/share/locale/locale.alias>
1423650 openat(AT_FDCWD</tmp/kernel-audit2-v3r63b5w/\346\261\202\350\247\243\345\231\250>, "/usr/lib/locale/C.UTF-8/LC_IDENTIFICATION", O_RDONLY|O_CLOEXEC) = -1 ENOENT (No such file or directory)
1423650 openat(AT_FDCWD</tmp/kernel-audit2-v3r63b5w/\346\261\202\350\247\243\345\231\250>, "/usr/lib/locale/C.utf8/LC_IDENTIFICATION", O_RDONLY|O_CLOEXEC) = 3</usr/lib/locale/C.utf8/LC_IDENTIFICATION>
1423650 openat(AT_FDCWD</tmp/kernel-audit2-v3r63b5w/\346\261\202\350\247\243\345\231\250>, "/usr/lib/gconv/gconv-modules.cache", O_RDONLY|O_CLOEXEC) = 3</usr/lib/gconv/gconv-modules.cache>
1423650 openat(AT_FDCWD</tmp/kernel-audit2-v3r63b5w/\346\261\202\350\247\243\345\231\250>, "/usr/lib/locale/C.UTF-8/LC_MEASUREMENT", O_RDONLY|O_CLOEXEC) = -1 ENOENT (No such file or directory)
1423650 openat(AT_FDCWD</tmp/kernel-audit2-v3r63b5w/\346\261\202\350\247\243\345\231\250>, "/usr/lib/locale/C.utf8/LC_MEASUREMENT", O_RDONLY|O_CLOEXEC) = 3</usr/lib/locale/C.utf8/LC_MEASUREMENT>
1423650 openat(AT_FDCWD</tmp/kernel-audit2-v3r63b5w/\346\261\202\350\247\243\345\231\250>, "/usr/lib/locale/C.UTF-8/LC_TELEPHONE", O_RDONLY|O_CLOEXEC) = -1 ENOENT (No such file or directory)
1423650 openat(AT_FDCWD</tmp/kernel-audit2-v3r63b5w/\346\261\202\350\247\243\345\231\250>, "/usr/lib/locale/C.utf8/LC_TELEPHONE", O_RDONLY|O_CLOEXEC) = 3</usr/lib/locale/C.utf8/LC_TELEPHONE>
1423650 openat(AT_FDCWD</tmp/kernel-audit2-v3r63b5w/\346\261\202\350\247\243\345\231\250>, "/usr/lib/locale/C.UTF-8/LC_ADDRESS", O_RDONLY|O_CLOEXEC) = -1 ENOENT (No such file or directory)
1423650 openat(AT_FDCWD</tmp/kernel-audit2-v3r63b5w/\346\261\202\350\247\243\345\231\250>, "/usr/lib/locale/C.utf8/LC_ADDRESS", O_RDONLY|O_CLOEXEC) = 3</usr/lib/locale/C.utf8/LC_ADDRESS>
1423650 openat(AT_FDCWD</tmp/kernel-audit2-v3r63b5w/\346\261\202\350\247\243\345\231\250>, "/usr/lib/locale/C.UTF-8/LC_NAME", O_RDONLY|O_CLOEXEC) = -1 ENOENT (No such file or directory)
1423650 openat(AT_FDCWD</tmp/kernel-audit2-v3r63b5w/\346\261\202\350\247\243\345\231\250>, "/usr/lib/locale/C.utf8/LC_NAME", O_RDONLY|O_CLOEXEC) = 3</usr/lib/locale/C.utf8/LC_NAME>
1423650 openat(AT_FDCWD</tmp/kernel-audit2-v3r63b5w/\346\261\202\350\247\243\345\231\250>, "/usr/lib/locale/C.UTF-8/LC_PAPER", O_RDONLY|O_CLOEXEC) = -1 ENOENT (No such file or directory)
1423650 openat(AT_FDCWD</tmp/kernel-audit2-v3r63b5w/\346\261\202\350\247\243\345\231\250>, "/usr/lib/locale/C.utf8/LC_PAPER", O_RDONLY|O_CLOEXEC) = 3</usr/lib/locale/C.utf8/LC_PAPER>
1423650 openat(AT_FDCWD</tmp/kernel-audit2-v3r63b5w/\346\261\202\350\247\243\345\231\250>, "/usr/lib/locale/C.UTF-8/LC_MESSAGES", O_RDONLY|O_CLOEXEC) = -1 ENOENT (No such file or directory)
1423650 openat(AT_FDCWD</tmp/kernel-audit2-v3r63b5w/\346\261\202\350\247\243\345\231\250>, "/usr/lib/locale/C.utf8/LC_MESSAGES", O_RDONLY|O_CLOEXEC) = 3</usr/lib/locale/C.utf8/LC_MESSAGES>
1423650 openat(AT_FDCWD</tmp/kernel-audit2-v3r63b5w/\346\261\202\350\247\243\345\231\250>, "/usr/lib/locale/C.utf8/LC_MESSAGES/SYS_LC_MESSAGES", O_RDONLY|O_CLOEXEC) = 3</usr/lib/locale/C.utf8/LC_MESSAGES/SYS_LC_MESSAGES>
1423650 openat(AT_FDCWD</tmp/kernel-audit2-v3r63b5w/\346\261\202\350\247\243\345\231\250>, "/usr/lib/locale/C.UTF-8/LC_MONETARY", O_RDONLY|O_CLOEXEC) = -1 ENOENT (No such file or directory)
1423650 openat(AT_FDCWD</tmp/kernel-audit2-v3r63b5w/\346\261\202\350\247\243\345\231\250>, "/usr/lib/locale/C.utf8/LC_MONETARY", O_RDONLY|O_CLOEXEC) = 3</usr/lib/locale/C.utf8/LC_MONETARY>
1423650 openat(AT_FDCWD</tmp/kernel-audit2-v3r63b5w/\346\261\202\350\247\243\345\231\250>, "/usr/lib/locale/C.UTF-8/LC_COLLATE", O_RDONLY|O_CLOEXEC) = -1 ENOENT (No such file or directory)
1423650 openat(AT_FDCWD</tmp/kernel-audit2-v3r63b5w/\346\261\202\350\247\243\345\231\250>, "/usr/lib/locale/C.utf8/LC_COLLATE", O_RDONLY|O_CLOEXEC) = 3</usr/lib/locale/C.utf8/LC_COLLATE>
1423650 openat(AT_FDCWD</tmp/kernel-audit2-v3r63b5w/\346\261\202\350\247\243\345\231\250>, "/usr/lib/locale/C.UTF-8/LC_TIME", O_RDONLY|O_CLOEXEC) = -1 ENOENT (No such file or directory)
1423650 openat(AT_FDCWD</tmp/kernel-audit2-v3r63b5w/\346\261\202\350\247\243\345\231\250>, "/usr/lib/locale/C.utf8/LC_TIME", O_RDONLY|O_CLOEXEC) = 3</usr/lib/locale/C.utf8/LC_TIME>
1423650 openat(AT_FDCWD</tmp/kernel-audit2-v3r63b5w/\346\261\202\350\247\243\345\231\250>, "/usr/lib/locale/C.UTF-8/LC_NUMERIC", O_RDONLY|O_CLOEXEC) = -1 ENOENT (No such file or directory)
1423650 openat(AT_FDCWD</tmp/kernel-audit2-v3r63b5w/\346\261\202\350\247\243\345\231\250>, "/usr/lib/locale/C.utf8/LC_NUMERIC", O_RDONLY|O_CLOEXEC) = 3</usr/lib/locale/C.utf8/LC_NUMERIC>
1423650 openat(AT_FDCWD</tmp/kernel-audit2-v3r63b5w/\346\261\202\350\247\243\345\231\250>, "/usr/lib/locale/C.UTF-8/LC_CTYPE", O_RDONLY|O_CLOEXEC) = -1 ENOENT (No such file or directory)
1423650 openat(AT_FDCWD</tmp/kernel-audit2-v3r63b5w/\346\261\202\350\247\243\345\231\250>, "/usr/lib/locale/C.utf8/LC_CTYPE", O_RDONLY|O_CLOEXEC) = 3</usr/lib/locale/C.utf8/LC_CTYPE>
1423650 openat(AT_FDCWD</tmp/kernel-audit2-v3r63b5w/\346\261\202\350\247\243\345\231\250>, "/tmp/kernel-audit2-v3r63b5w/\346\261\202\350\247\243\344\273\273\345\212\241.txt", O_RDONLY) = 3</tmp/kernel-audit2-v3r63b5w/\346\261\202\350\247\243\344\273\273\345\212\241.txt>
1423646 --- SIGCHLD {si_signo=SIGCHLD, si_code=CLD_EXITED, si_pid=1423650, si_uid=1000, si_status=0, si_utime=0, si_stime=0} ---
1423646 openat(AT_FDCWD</tmp/kernel-audit2-v3r63b5w/\346\261\202\350\247\243\345\231\250>, "/dev/null", O_RDONLY|O_CLOEXEC) = 3</dev/null<char 1:3>>
1423651 execve("/home/zhuran24/.codex/tmp/arg0/codex-arg0DuAZRy/sha256sum", ["sha256sum", "--", "/tmp/kernel-audit2-v3r63b5w/\346\261\202\350\247\243\347\272\246\346\235\237.txt"], 0x7ffd187fc5a8 /* 135 vars */) = -1 ENOENT (No such file or directory)
1423651 execve("/home/zhuran24/.cargo/bin/sha256sum", ["sha256sum", "--", "/tmp/kernel-audit2-v3r63b5w/\346\261\202\350\247\243\347\272\246\346\235\237.txt"], 0x7ffd187fc5a8 /* 135 vars */) = -1 ENOENT (No such file or directory)
1423651 execve("/home/zhuran24/.local/bin/sha256sum", ["sha256sum", "--", "/tmp/kernel-audit2-v3r63b5w/\346\261\202\350\247\243\347\272\246\346\235\237.txt"], 0x7ffd187fc5a8 /* 135 vars */) = -1 ENOENT (No such file or directory)
1423651 execve("/home/zhuran24/.opencode/bin/sha256sum", ["sha256sum", "--", "/tmp/kernel-audit2-v3r63b5w/\346\261\202\350\247\243\347\272\246\346\235\237.txt"], 0x7ffd187fc5a8 /* 135 vars */) = -1 ENOENT (No such file or directory)
1423651 execve("/usr/local/bin/sha256sum", ["sha256sum", "--", "/tmp/kernel-audit2-v3r63b5w/\346\261\202\350\247\243\347\272\246\346\235\237.txt"], 0x7ffd187fc5a8 /* 135 vars */) = -1 ENOENT (No such file or directory)
1423651 execve("/usr/bin/sha256sum", ["sha256sum", "--", "/tmp/kernel-audit2-v3r63b5w/\346\261\202\350\247\243\347\272\246\346\235\237.txt"], 0x7ffd187fc5a8 /* 135 vars */) = 0
1423651 openat(AT_FDCWD</tmp/kernel-audit2-v3r63b5w/\346\261\202\350\247\243\345\231\250>, "/etc/ld.so.cache", O_RDONLY|O_CLOEXEC) = 3</etc/ld.so.cache>
1423651 openat(AT_FDCWD</tmp/kernel-audit2-v3r63b5w/\346\261\202\350\247\243\345\231\250>, "/usr/lib/libcrypto.so.3", O_RDONLY|O_CLOEXEC) = 3</usr/lib/libcrypto.so.3>
1423651 openat(AT_FDCWD</tmp/kernel-audit2-v3r63b5w/\346\261\202\350\247\243\345\231\250>, "/usr/lib/libc.so.6", O_RDONLY|O_CLOEXEC) = 3</usr/lib/libc.so.6>
1423651 openat(AT_FDCWD</tmp/kernel-audit2-v3r63b5w/\346\261\202\350\247\243\345\231\250>, "/usr/lib/libz.so.1", O_RDONLY|O_CLOEXEC) = 3</usr/lib/libz.so.1.3.1.zlib-ng>
1423651 openat(AT_FDCWD</tmp/kernel-audit2-v3r63b5w/\346\261\202\350\247\243\345\231\250>, "/usr/lib/libbrotlienc.so.1", O_RDONLY|O_CLOEXEC) = 3</usr/lib/libbrotlienc.so.1.2.0>
1423651 openat(AT_FDCWD</tmp/kernel-audit2-v3r63b5w/\346\261\202\350\247\243\345\231\250>, "/usr/lib/libbrotlidec.so.1", O_RDONLY|O_CLOEXEC) = 3</usr/lib/libbrotlidec.so.1.2.0>
1423651 openat(AT_FDCWD</tmp/kernel-audit2-v3r63b5w/\346\261\202\350\247\243\345\231\250>, "/usr/lib/libzstd.so.1", O_RDONLY|O_CLOEXEC) = 3</usr/lib/libzstd.so.1.5.7>
1423651 openat(AT_FDCWD</tmp/kernel-audit2-v3r63b5w/\346\261\202\350\247\243\345\231\250>, "/usr/lib/libm.so.6", O_RDONLY|O_CLOEXEC) = 3</usr/lib/libm.so.6>
1423651 openat(AT_FDCWD</tmp/kernel-audit2-v3r63b5w/\346\261\202\350\247\243\345\231\250>, "/usr/lib/libbrotlicommon.so.1", O_RDONLY|O_CLOEXEC) = 3</usr/lib/libbrotlicommon.so.1.2.0>
1423651 openat(AT_FDCWD</tmp/kernel-audit2-v3r63b5w/\346\261\202\350\247\243\345\231\250>, "/usr/lib/locale/locale-archive", O_RDONLY|O_CLOEXEC) = 3</usr/lib/locale/locale-archive>
1423651 openat(AT_FDCWD</tmp/kernel-audit2-v3r63b5w/\346\261\202\350\247\243\345\231\250>, "/usr/share/locale/locale.alias", O_RDONLY|O_CLOEXEC) = 3</usr/share/locale/locale.alias>
1423651 openat(AT_FDCWD</tmp/kernel-audit2-v3r63b5w/\346\261\202\350\247\243\345\231\250>, "/usr/lib/locale/C.UTF-8/LC_IDENTIFICATION", O_RDONLY|O_CLOEXEC) = -1 ENOENT (No such file or directory)
1423651 openat(AT_FDCWD</tmp/kernel-audit2-v3r63b5w/\346\261\202\350\247\243\345\231\250>, "/usr/lib/locale/C.utf8/LC_IDENTIFICATION", O_RDONLY|O_CLOEXEC) = 3</usr/lib/locale/C.utf8/LC_IDENTIFICATION>
1423651 openat(AT_FDCWD</tmp/kernel-audit2-v3r63b5w/\346\261\202\350\247\243\345\231\250>, "/usr/lib/gconv/gconv-modules.cache", O_RDONLY|O_CLOEXEC) = 3</usr/lib/gconv/gconv-modules.cache>
1423651 openat(AT_FDCWD</tmp/kernel-audit2-v3r63b5w/\346\261\202\350\247\243\345\231\250>, "/usr/lib/locale/C.UTF-8/LC_MEASUREMENT", O_RDONLY|O_CLOEXEC) = -1 ENOENT (No such file or directory)
1423651 openat(AT_FDCWD</tmp/kernel-audit2-v3r63b5w/\346\261\202\350\247\243\345\231\250>, "/usr/lib/locale/C.utf8/LC_MEASUREMENT", O_RDONLY|O_CLOEXEC) = 3</usr/lib/locale/C.utf8/LC_MEASUREMENT>
1423651 openat(AT_FDCWD</tmp/kernel-audit2-v3r63b5w/\346\261\202\350\247\243\345\231\250>, "/usr/lib/locale/C.UTF-8/LC_TELEPHONE", O_RDONLY|O_CLOEXEC) = -1 ENOENT (No such file or directory)
1423651 openat(AT_FDCWD</tmp/kernel-audit2-v3r63b5w/\346\261\202\350\247\243\345\231\250>, "/usr/lib/locale/C.utf8/LC_TELEPHONE", O_RDONLY|O_CLOEXEC) = 3</usr/lib/locale/C.utf8/LC_TELEPHONE>
1423651 openat(AT_FDCWD</tmp/kernel-audit2-v3r63b5w/\346\261\202\350\247\243\345\231\250>, "/usr/lib/locale/C.UTF-8/LC_ADDRESS", O_RDONLY|O_CLOEXEC) = -1 ENOENT (No such file or directory)
1423651 openat(AT_FDCWD</tmp/kernel-audit2-v3r63b5w/\346\261\202\350\247\243\345\231\250>, "/usr/lib/locale/C.utf8/LC_ADDRESS", O_RDONLY|O_CLOEXEC) = 3</usr/lib/locale/C.utf8/LC_ADDRESS>
1423651 openat(AT_FDCWD</tmp/kernel-audit2-v3r63b5w/\346\261\202\350\247\243\345\231\250>, "/usr/lib/locale/C.UTF-8/LC_NAME", O_RDONLY|O_CLOEXEC) = -1 ENOENT (No such file or directory)
1423651 openat(AT_FDCWD</tmp/kernel-audit2-v3r63b5w/\346\261\202\350\247\243\345\231\250>, "/usr/lib/locale/C.utf8/LC_NAME", O_RDONLY|O_CLOEXEC) = 3</usr/lib/locale/C.utf8/LC_NAME>
1423651 openat(AT_FDCWD</tmp/kernel-audit2-v3r63b5w/\346\261\202\350\247\243\345\231\250>, "/usr/lib/locale/C.UTF-8/LC_PAPER", O_RDONLY|O_CLOEXEC) = -1 ENOENT (No such file or directory)
1423651 openat(AT_FDCWD</tmp/kernel-audit2-v3r63b5w/\346\261\202\350\247\243\345\231\250>, "/usr/lib/locale/C.utf8/LC_PAPER", O_RDONLY|O_CLOEXEC) = 3</usr/lib/locale/C.utf8/LC_PAPER>
1423651 openat(AT_FDCWD</tmp/kernel-audit2-v3r63b5w/\346\261\202\350\247\243\345\231\250>, "/usr/lib/locale/C.UTF-8/LC_MESSAGES", O_RDONLY|O_CLOEXEC) = -1 ENOENT (No such file or directory)
1423651 openat(AT_FDCWD</tmp/kernel-audit2-v3r63b5w/\346\261\202\350\247\243\345\231\250>, "/usr/lib/locale/C.utf8/LC_MESSAGES", O_RDONLY|O_CLOEXEC) = 3</usr/lib/locale/C.utf8/LC_MESSAGES>
1423651 openat(AT_FDCWD</tmp/kernel-audit2-v3r63b5w/\346\261\202\350\247\243\345\231\250>, "/usr/lib/locale/C.utf8/LC_MESSAGES/SYS_LC_MESSAGES", O_RDONLY|O_CLOEXEC) = 3</usr/lib/locale/C.utf8/LC_MESSAGES/SYS_LC_MESSAGES>
1423651 openat(AT_FDCWD</tmp/kernel-audit2-v3r63b5w/\346\261\202\350\247\243\345\231\250>, "/usr/lib/locale/C.UTF-8/LC_MONETARY", O_RDONLY|O_CLOEXEC) = -1 ENOENT (No such file or directory)
1423651 openat(AT_FDCWD</tmp/kernel-audit2-v3r63b5w/\346\261\202\350\247\243\345\231\250>, "/usr/lib/locale/C.utf8/LC_MONETARY", O_RDONLY|O_CLOEXEC) = 3</usr/lib/locale/C.utf8/LC_MONETARY>
1423651 openat(AT_FDCWD</tmp/kernel-audit2-v3r63b5w/\346\261\202\350\247\243\345\231\250>, "/usr/lib/locale/C.UTF-8/LC_COLLATE", O_RDONLY|O_CLOEXEC) = -1 ENOENT (No such file or directory)
1423651 openat(AT_FDCWD</tmp/kernel-audit2-v3r63b5w/\346\261\202\350\247\243\345\231\250>, "/usr/lib/locale/C.utf8/LC_COLLATE", O_RDONLY|O_CLOEXEC) = 3</usr/lib/locale/C.utf8/LC_COLLATE>
1423651 openat(AT_FDCWD</tmp/kernel-audit2-v3r63b5w/\346\261\202\350\247\243\345\231\250>, "/usr/lib/locale/C.UTF-8/LC_TIME", O_RDONLY|O_CLOEXEC) = -1 ENOENT (No such file or directory)
1423651 openat(AT_FDCWD</tmp/kernel-audit2-v3r63b5w/\346\261\202\350\247\243\345\231\250>, "/usr/lib/locale/C.utf8/LC_TIME", O_RDONLY|O_CLOEXEC) = 3</usr/lib/locale/C.utf8/LC_TIME>
1423651 openat(AT_FDCWD</tmp/kernel-audit2-v3r63b5w/\346\261\202\350\247\243\345\231\250>, "/usr/lib/locale/C.UTF-8/LC_NUMERIC", O_RDONLY|O_CLOEXEC) = -1 ENOENT (No such file or directory)
1423651 openat(AT_FDCWD</tmp/kernel-audit2-v3r63b5w/\346\261\202\350\247\243\345\231\250>, "/usr/lib/locale/C.utf8/LC_NUMERIC", O_RDONLY|O_CLOEXEC) = 3</usr/lib/locale/C.utf8/LC_NUMERIC>
1423651 openat(AT_FDCWD</tmp/kernel-audit2-v3r63b5w/\346\261\202\350\247\243\345\231\250>, "/usr/lib/locale/C.UTF-8/LC_CTYPE", O_RDONLY|O_CLOEXEC) = -1 ENOENT (No such file or directory)
1423651 openat(AT_FDCWD</tmp/kernel-audit2-v3r63b5w/\346\261\202\350\247\243\345\231\250>, "/usr/lib/locale/C.utf8/LC_CTYPE", O_RDONLY|O_CLOEXEC) = 3</usr/lib/locale/C.utf8/LC_CTYPE>
1423651 openat(AT_FDCWD</tmp/kernel-audit2-v3r63b5w/\346\261\202\350\247\243\345\231\250>, "/tmp/kernel-audit2-v3r63b5w/\346\261\202\350\247\243\347\272\246\346\235\237.txt", O_RDONLY) = 3</tmp/kernel-audit2-v3r63b5w/\346\261\202\350\247\243\347\272\246\346\235\237.txt>
1423646 --- SIGCHLD {si_signo=SIGCHLD, si_code=CLD_EXITED, si_pid=1423651, si_uid=1000, si_status=0, si_utime=0, si_stime=0} ---
1423646 openat(AT_FDCWD</tmp/kernel-audit2-v3r63b5w/\346\261\202\350\247\243\345\231\250>, "/dev/null", O_RDONLY|O_CLOEXEC) = 3</dev/null<char 1:3>>
1423652 execve("/home/zhuran24/.codex/tmp/arg0/codex-arg0DuAZRy/sha256sum", ["sha256sum", "--", "/tmp/kernel-audit2-v3r63b5w/\346\261\202\350\247\243\345\231\250/\350\247\204\346\240\274/\351\200\211\346\213\251\347\202\271\345\217\202\346\225\260\350\275\264.md"], 0x7ffd187fc5a8 /* 135 vars */) = -1 ENOENT (No such file or directory)
1423652 execve("/home/zhuran24/.cargo/bin/sha256sum", ["sha256sum", "--", "/tmp/kernel-audit2-v3r63b5w/\346\261\202\350\247\243\345\231\250/\350\247\204\346\240\274/\351\200\211\346\213\251\347\202\271\345\217\202\346\225\260\350\275\264.md"], 0x7ffd187fc5a8 /* 135 vars */) = -1 ENOENT (No such file or directory)
1423652 execve("/home/zhuran24/.local/bin/sha256sum", ["sha256sum", "--", "/tmp/kernel-audit2-v3r63b5w/\346\261\202\350\247\243\345\231\250/\350\247\204\346\240\274/\351\200\211\346\213\251\347\202\271\345\217\202\346\225\260\350\275\264.md"], 0x7ffd187fc5a8 /* 135 vars */) = -1 ENOENT (No such file or directory)
1423652 execve("/home/zhuran24/.opencode/bin/sha256sum", ["sha256sum", "--", "/tmp/kernel-audit2-v3r63b5w/\346\261\202\350\247\243\345\231\250/\350\247\204\346\240\274/\351\200\211\346\213\251\347\202\271\345\217\202\346\225\260\350\275\264.md"], 0x7ffd187fc5a8 /* 135 vars */) = -1 ENOENT (No such file or directory)
1423652 execve("/usr/local/bin/sha256sum", ["sha256sum", "--", "/tmp/kernel-audit2-v3r63b5w/\346\261\202\350\247\243\345\231\250/\350\247\204\346\240\274/\351\200\211\346\213\251\347\202\271\345\217\202\346\225\260\350\275\264.md"], 0x7ffd187fc5a8 /* 135 vars */) = -1 ENOENT (No such file or directory)
1423652 execve("/usr/bin/sha256sum", ["sha256sum", "--", "/tmp/kernel-audit2-v3r63b5w/\346\261\202\350\247\243\345\231\250/\350\247\204\346\240\274/\351\200\211\346\213\251\347\202\271\345\217\202\346\225\260\350\275\264.md"], 0x7ffd187fc5a8 /* 135 vars */) = 0
1423652 openat(AT_FDCWD</tmp/kernel-audit2-v3r63b5w/\346\261\202\350\247\243\345\231\250>, "/etc/ld.so.cache", O_RDONLY|O_CLOEXEC) = 3</etc/ld.so.cache>
1423652 openat(AT_FDCWD</tmp/kernel-audit2-v3r63b5w/\346\261\202\350\247\243\345\231\250>, "/usr/lib/libcrypto.so.3", O_RDONLY|O_CLOEXEC) = 3</usr/lib/libcrypto.so.3>
1423652 openat(AT_FDCWD</tmp/kernel-audit2-v3r63b5w/\346\261\202\350\247\243\345\231\250>, "/usr/lib/libc.so.6", O_RDONLY|O_CLOEXEC) = 3</usr/lib/libc.so.6>
1423652 openat(AT_FDCWD</tmp/kernel-audit2-v3r63b5w/\346\261\202\350\247\243\345\231\250>, "/usr/lib/libz.so.1", O_RDONLY|O_CLOEXEC) = 3</usr/lib/libz.so.1.3.1.zlib-ng>
1423652 openat(AT_FDCWD</tmp/kernel-audit2-v3r63b5w/\346\261\202\350\247\243\345\231\250>, "/usr/lib/libbrotlienc.so.1", O_RDONLY|O_CLOEXEC) = 3</usr/lib/libbrotlienc.so.1.2.0>
1423652 openat(AT_FDCWD</tmp/kernel-audit2-v3r63b5w/\346\261\202\350\247\243\345\231\250>, "/usr/lib/libbrotlidec.so.1", O_RDONLY|O_CLOEXEC) = 3</usr/lib/libbrotlidec.so.1.2.0>
1423652 openat(AT_FDCWD</tmp/kernel-audit2-v3r63b5w/\346\261\202\350\247\243\345\231\250>, "/usr/lib/libzstd.so.1", O_RDONLY|O_CLOEXEC) = 3</usr/lib/libzstd.so.1.5.7>
1423652 openat(AT_FDCWD</tmp/kernel-audit2-v3r63b5w/\346\261\202\350\247\243\345\231\250>, "/usr/lib/libm.so.6", O_RDONLY|O_CLOEXEC) = 3</usr/lib/libm.so.6>
1423652 openat(AT_FDCWD</tmp/kernel-audit2-v3r63b5w/\346\261\202\350\247\243\345\231\250>, "/usr/lib/libbrotlicommon.so.1", O_RDONLY|O_CLOEXEC) = 3</usr/lib/libbrotlicommon.so.1.2.0>
1423652 openat(AT_FDCWD</tmp/kernel-audit2-v3r63b5w/\346\261\202\350\247\243\345\231\250>, "/usr/lib/locale/locale-archive", O_RDONLY|O_CLOEXEC) = 3</usr/lib/locale/locale-archive>
1423652 openat(AT_FDCWD</tmp/kernel-audit2-v3r63b5w/\346\261\202\350\247\243\345\231\250>, "/usr/share/locale/locale.alias", O_RDONLY|O_CLOEXEC) = 3</usr/share/locale/locale.alias>
1423652 openat(AT_FDCWD</tmp/kernel-audit2-v3r63b5w/\346\261\202\350\247\243\345\231\250>, "/usr/lib/locale/C.UTF-8/LC_IDENTIFICATION", O_RDONLY|O_CLOEXEC) = -1 ENOENT (No such file or directory)
1423652 openat(AT_FDCWD</tmp/kernel-audit2-v3r63b5w/\346\261\202\350\247\243\345\231\250>, "/usr/lib/locale/C.utf8/LC_IDENTIFICATION", O_RDONLY|O_CLOEXEC) = 3</usr/lib/locale/C.utf8/LC_IDENTIFICATION>
1423652 openat(AT_FDCWD</tmp/kernel-audit2-v3r63b5w/\346\261\202\350\247\243\345\231\250>, "/usr/lib/gconv/gconv-modules.cache", O_RDONLY|O_CLOEXEC) = 3</usr/lib/gconv/gconv-modules.cache>
1423652 openat(AT_FDCWD</tmp/kernel-audit2-v3r63b5w/\346\261\202\350\247\243\345\231\250>, "/usr/lib/locale/C.UTF-8/LC_MEASUREMENT", O_RDONLY|O_CLOEXEC) = -1 ENOENT (No such file or directory)
1423652 openat(AT_FDCWD</tmp/kernel-audit2-v3r63b5w/\346\261\202\350\247\243\345\231\250>, "/usr/lib/locale/C.utf8/LC_MEASUREMENT", O_RDONLY|O_CLOEXEC) = 3</usr/lib/locale/C.utf8/LC_MEASUREMENT>
1423652 openat(AT_FDCWD</tmp/kernel-audit2-v3r63b5w/\346\261\202\350\247\243\345\231\250>, "/usr/lib/locale/C.UTF-8/LC_TELEPHONE", O_RDONLY|O_CLOEXEC) = -1 ENOENT (No such file or directory)
1423652 openat(AT_FDCWD</tmp/kernel-audit2-v3r63b5w/\346\261\202\350\247\243\345\231\250>, "/usr/lib/locale/C.utf8/LC_TELEPHONE", O_RDONLY|O_CLOEXEC) = 3</usr/lib/locale/C.utf8/LC_TELEPHONE>
1423652 openat(AT_FDCWD</tmp/kernel-audit2-v3r63b5w/\346\261\202\350\247\243\345\231\250>, "/usr/lib/locale/C.UTF-8/LC_ADDRESS", O_RDONLY|O_CLOEXEC) = -1 ENOENT (No such file or directory)
1423652 openat(AT_FDCWD</tmp/kernel-audit2-v3r63b5w/\346\261\202\350\247\243\345\231\250>, "/usr/lib/locale/C.utf8/LC_ADDRESS", O_RDONLY|O_CLOEXEC) = 3</usr/lib/locale/C.utf8/LC_ADDRESS>
1423652 openat(AT_FDCWD</tmp/kernel-audit2-v3r63b5w/\346\261\202\350\247\243\345\231\250>, "/usr/lib/locale/C.UTF-8/LC_NAME", O_RDONLY|O_CLOEXEC) = -1 ENOENT (No such file or directory)
1423652 openat(AT_FDCWD</tmp/kernel-audit2-v3r63b5w/\346\261\202\350\247\243\345\231\250>, "/usr/lib/locale/C.utf8/LC_NAME", O_RDONLY|O_CLOEXEC) = 3</usr/lib/locale/C.utf8/LC_NAME>
1423652 openat(AT_FDCWD</tmp/kernel-audit2-v3r63b5w/\346\261\202\350\247\243\345\231\250>, "/usr/lib/locale/C.UTF-8/LC_PAPER", O_RDONLY|O_CLOEXEC) = -1 ENOENT (No such file or directory)
1423652 openat(AT_FDCWD</tmp/kernel-audit2-v3r63b5w/\346\261\202\350\247\243\345\231\250>, "/usr/lib/locale/C.utf8/LC_PAPER", O_RDONLY|O_CLOEXEC) = 3</usr/lib/locale/C.utf8/LC_PAPER>
1423652 openat(AT_FDCWD</tmp/kernel-audit2-v3r63b5w/\346\261\202\350\247\243\345\231\250>, "/usr/lib/locale/C.UTF-8/LC_MESSAGES", O_RDONLY|O_CLOEXEC) = -1 ENOENT (No such file or directory)
1423652 openat(AT_FDCWD</tmp/kernel-audit2-v3r63b5w/\346\261\202\350\247\243\345\231\250>, "/usr/lib/locale/C.utf8/LC_MESSAGES", O_RDONLY|O_CLOEXEC) = 3</usr/lib/locale/C.utf8/LC_MESSAGES>
1423652 openat(AT_FDCWD</tmp/kernel-audit2-v3r63b5w/\346\261\202\350\247\243\345\231\250>, "/usr/lib/locale/C.utf8/LC_MESSAGES/SYS_LC_MESSAGES", O_RDONLY|O_CLOEXEC) = 3</usr/lib/locale/C.utf8/LC_MESSAGES/SYS_LC_MESSAGES>
1423652 openat(AT_FDCWD</tmp/kernel-audit2-v3r63b5w/\346\261\202\350\247\243\345\231\250>, "/usr/lib/locale/C.UTF-8/LC_MONETARY", O_RDONLY|O_CLOEXEC) = -1 ENOENT (No such file or directory)
1423652 openat(AT_FDCWD</tmp/kernel-audit2-v3r63b5w/\346\261\202\350\247\243\345\231\250>, "/usr/lib/locale/C.utf8/LC_MONETARY", O_RDONLY|O_CLOEXEC) = 3</usr/lib/locale/C.utf8/LC_MONETARY>
1423652 openat(AT_FDCWD</tmp/kernel-audit2-v3r63b5w/\346\261\202\350\247\243\345\231\250>, "/usr/lib/locale/C.UTF-8/LC_COLLATE", O_RDONLY|O_CLOEXEC) = -1 ENOENT (No such file or directory)
1423652 openat(AT_FDCWD</tmp/kernel-audit2-v3r63b5w/\346\261\202\350\247\243\345\231\250>, "/usr/lib/locale/C.utf8/LC_COLLATE", O_RDONLY|O_CLOEXEC) = 3</usr/lib/locale/C.utf8/LC_COLLATE>
1423652 openat(AT_FDCWD</tmp/kernel-audit2-v3r63b5w/\346\261\202\350\247\243\345\231\250>, "/usr/lib/locale/C.UTF-8/LC_TIME", O_RDONLY|O_CLOEXEC) = -1 ENOENT (No such file or directory)
1423652 openat(AT_FDCWD</tmp/kernel-audit2-v3r63b5w/\346\261\202\350\247\243\345\231\250>, "/usr/lib/locale/C.utf8/LC_TIME", O_RDONLY|O_CLOEXEC) = 3</usr/lib/locale/C.utf8/LC_TIME>
1423652 openat(AT_FDCWD</tmp/kernel-audit2-v3r63b5w/\346\261\202\350\247\243\345\231\250>, "/usr/lib/locale/C.UTF-8/LC_NUMERIC", O_RDONLY|O_CLOEXEC) = -1 ENOENT (No such file or directory)
1423652 openat(AT_FDCWD</tmp/kernel-audit2-v3r63b5w/\346\261\202\350\247\243\345\231\250>, "/usr/lib/locale/C.utf8/LC_NUMERIC", O_RDONLY|O_CLOEXEC) = 3</usr/lib/locale/C.utf8/LC_NUMERIC>
1423652 openat(AT_FDCWD</tmp/kernel-audit2-v3r63b5w/\346\261\202\350\247\243\345\231\250>, "/usr/lib/locale/C.UTF-8/LC_CTYPE", O_RDONLY|O_CLOEXEC) = -1 ENOENT (No such file or directory)
1423652 openat(AT_FDCWD</tmp/kernel-audit2-v3r63b5w/\346\261\202\350\247\243\345\231\250>, "/usr/lib/locale/C.utf8/LC_CTYPE", O_RDONLY|O_CLOEXEC) = 3</usr/lib/locale/C.utf8/LC_CTYPE>
1423652 openat(AT_FDCWD</tmp/kernel-audit2-v3r63b5w/\346\261\202\350\247\243\345\231\250>, "/tmp/kernel-audit2-v3r63b5w/\346\261\202\350\247\243\345\231\250/\350\247\204\346\240\274/\351\200\211\346\213\251\347\202\271\345\217\202\346\225\260\350\275\264.md", O_RDONLY) = 3</tmp/kernel-audit2-v3r63b5w/\346\261\202\350\247\243\345\231\250/\350\247\204\346\240\274/\351\200\211\346\213\251\347\202\271\345\217\202\346\225\260\350\275\264.md>
1423646 --- SIGCHLD {si_signo=SIGCHLD, si_code=CLD_EXITED, si_pid=1423652, si_uid=1000, si_status=0, si_utime=0, si_stime=0} ---
1423646 openat(AT_FDCWD</tmp/kernel-audit2-v3r63b5w/\346\261\202\350\247\243\345\231\250>, "/dev/null", O_RDONLY|O_CLOEXEC) = 3</dev/null<char 1:3>>
1423653 execve("/home/zhuran24/.codex/tmp/arg0/codex-arg0DuAZRy/sha256sum", ["sha256sum", "--", "/tmp/kernel-audit2-v3r63b5w/\346\261\202\350\247\243\345\231\250/\346\225\260\346\215\256/\346\240\267\344\276\213/\347\224\237\344\272\247\345\276\252\347\216\257\347\216\257\345\270\246.json"], 0x7ffd187fc5a8 /* 135 vars */) = -1 ENOENT (No such file or directory)
1423653 execve("/home/zhuran24/.cargo/bin/sha256sum", ["sha256sum", "--", "/tmp/kernel-audit2-v3r63b5w/\346\261\202\350\247\243\345\231\250/\346\225\260\346\215\256/\346\240\267\344\276\213/\347\224\237\344\272\247\345\276\252\347\216\257\347\216\257\345\270\246.json"], 0x7ffd187fc5a8 /* 135 vars */) = -1 ENOENT (No such file or directory)
1423653 execve("/home/zhuran24/.local/bin/sha256sum", ["sha256sum", "--", "/tmp/kernel-audit2-v3r63b5w/\346\261\202\350\247\243\345\231\250/\346\225\260\346\215\256/\346\240\267\344\276\213/\347\224\237\344\272\247\345\276\252\347\216\257\347\216\257\345\270\246.json"], 0x7ffd187fc5a8 /* 135 vars */) = -1 ENOENT (No such file or directory)
1423653 execve("/home/zhuran24/.opencode/bin/sha256sum", ["sha256sum", "--", "/tmp/kernel-audit2-v3r63b5w/\346\261\202\350\247\243\345\231\250/\346\225\260\346\215\256/\346\240\267\344\276\213/\347\224\237\344\272\247\345\276\252\347\216\257\347\216\257\345\270\246.json"], 0x7ffd187fc5a8 /* 135 vars */) = -1 ENOENT (No such file or directory)
1423653 execve("/usr/local/bin/sha256sum", ["sha256sum", "--", "/tmp/kernel-audit2-v3r63b5w/\346\261\202\350\247\243\345\231\250/\346\225\260\346\215\256/\346\240\267\344\276\213/\347\224\237\344\272\247\345\276\252\347\216\257\347\216\257\345\270\246.json"], 0x7ffd187fc5a8 /* 135 vars */) = -1 ENOENT (No such file or directory)
1423653 execve("/usr/bin/sha256sum", ["sha256sum", "--", "/tmp/kernel-audit2-v3r63b5w/\346\261\202\350\247\243\345\231\250/\346\225\260\346\215\256/\346\240\267\344\276\213/\347\224\237\344\272\247\345\276\252\347\216\257\347\216\257\345\270\246.json"], 0x7ffd187fc5a8 /* 135 vars */) = 0
1423653 openat(AT_FDCWD</tmp/kernel-audit2-v3r63b5w/\346\261\202\350\247\243\345\231\250>, "/etc/ld.so.cache", O_RDONLY|O_CLOEXEC) = 3</etc/ld.so.cache>
1423653 openat(AT_FDCWD</tmp/kernel-audit2-v3r63b5w/\346\261\202\350\247\243\345\231\250>, "/usr/lib/libcrypto.so.3", O_RDONLY|O_CLOEXEC) = 3</usr/lib/libcrypto.so.3>
1423653 openat(AT_FDCWD</tmp/kernel-audit2-v3r63b5w/\346\261\202\350\247\243\345\231\250>, "/usr/lib/libc.so.6", O_RDONLY|O_CLOEXEC) = 3</usr/lib/libc.so.6>
1423653 openat(AT_FDCWD</tmp/kernel-audit2-v3r63b5w/\346\261\202\350\247\243\345\231\250>, "/usr/lib/libz.so.1", O_RDONLY|O_CLOEXEC) = 3</usr/lib/libz.so.1.3.1.zlib-ng>
1423653 openat(AT_FDCWD</tmp/kernel-audit2-v3r63b5w/\346\261\202\350\247\243\345\231\250>, "/usr/lib/libbrotlienc.so.1", O_RDONLY|O_CLOEXEC) = 3</usr/lib/libbrotlienc.so.1.2.0>
1423653 openat(AT_FDCWD</tmp/kernel-audit2-v3r63b5w/\346\261\202\350\247\243\345\231\250>, "/usr/lib/libbrotlidec.so.1", O_RDONLY|O_CLOEXEC) = 3</usr/lib/libbrotlidec.so.1.2.0>
1423653 openat(AT_FDCWD</tmp/kernel-audit2-v3r63b5w/\346\261\202\350\247\243\345\231\250>, "/usr/lib/libzstd.so.1", O_RDONLY|O_CLOEXEC) = 3</usr/lib/libzstd.so.1.5.7>
1423653 openat(AT_FDCWD</tmp/kernel-audit2-v3r63b5w/\346\261\202\350\247\243\345\231\250>, "/usr/lib/libm.so.6", O_RDONLY|O_CLOEXEC) = 3</usr/lib/libm.so.6>
1423653 openat(AT_FDCWD</tmp/kernel-audit2-v3r63b5w/\346\261\202\350\247\243\345\231\250>, "/usr/lib/libbrotlicommon.so.1", O_RDONLY|O_CLOEXEC) = 3</usr/lib/libbrotlicommon.so.1.2.0>
1423653 openat(AT_FDCWD</tmp/kernel-audit2-v3r63b5w/\346\261\202\350\247\243\345\231\250>, "/usr/lib/locale/locale-archive", O_RDONLY|O_CLOEXEC) = 3</usr/lib/locale/locale-archive>
1423653 openat(AT_FDCWD</tmp/kernel-audit2-v3r63b5w/\346\261\202\350\247\243\345\231\250>, "/usr/share/locale/locale.alias", O_RDONLY|O_CLOEXEC) = 3</usr/share/locale/locale.alias>
1423653 openat(AT_FDCWD</tmp/kernel-audit2-v3r63b5w/\346\261\202\350\247\243\345\231\250>, "/usr/lib/locale/C.UTF-8/LC_IDENTIFICATION", O_RDONLY|O_CLOEXEC) = -1 ENOENT (No such file or directory)
1423653 openat(AT_FDCWD</tmp/kernel-audit2-v3r63b5w/\346\261\202\350\247\243\345\231\250>, "/usr/lib/locale/C.utf8/LC_IDENTIFICATION", O_RDONLY|O_CLOEXEC) = 3</usr/lib/locale/C.utf8/LC_IDENTIFICATION>
1423653 openat(AT_FDCWD</tmp/kernel-audit2-v3r63b5w/\346\261\202\350\247\243\345\231\250>, "/usr/lib/gconv/gconv-modules.cache", O_RDONLY|O_CLOEXEC) = 3</usr/lib/gconv/gconv-modules.cache>
1423653 openat(AT_FDCWD</tmp/kernel-audit2-v3r63b5w/\346\261\202\350\247\243\345\231\250>, "/usr/lib/locale/C.UTF-8/LC_MEASUREMENT", O_RDONLY|O_CLOEXEC) = -1 ENOENT (No such file or directory)
1423653 openat(AT_FDCWD</tmp/kernel-audit2-v3r63b5w/\346\261\202\350\247\243\345\231\250>, "/usr/lib/locale/C.utf8/LC_MEASUREMENT", O_RDONLY|O_CLOEXEC) = 3</usr/lib/locale/C.utf8/LC_MEASUREMENT>
1423653 openat(AT_FDCWD</tmp/kernel-audit2-v3r63b5w/\346\261\202\350\247\243\345\231\250>, "/usr/lib/locale/C.UTF-8/LC_TELEPHONE", O_RDONLY|O_CLOEXEC) = -1 ENOENT (No such file or directory)
1423653 openat(AT_FDCWD</tmp/kernel-audit2-v3r63b5w/\346\261\202\350\247\243\345\231\250>, "/usr/lib/locale/C.utf8/LC_TELEPHONE", O_RDONLY|O_CLOEXEC) = 3</usr/lib/locale/C.utf8/LC_TELEPHONE>
1423653 openat(AT_FDCWD</tmp/kernel-audit2-v3r63b5w/\346\261\202\350\247\243\345\231\250>, "/usr/lib/locale/C.UTF-8/LC_ADDRESS", O_RDONLY|O_CLOEXEC) = -1 ENOENT (No such file or directory)
1423653 openat(AT_FDCWD</tmp/kernel-audit2-v3r63b5w/\346\261\202\350\247\243\345\231\250>, "/usr/lib/locale/C.utf8/LC_ADDRESS", O_RDONLY|O_CLOEXEC) = 3</usr/lib/locale/C.utf8/LC_ADDRESS>
1423653 openat(AT_FDCWD</tmp/kernel-audit2-v3r63b5w/\346\261\202\350\247\243\345\231\250>, "/usr/lib/locale/C.UTF-8/LC_NAME", O_RDONLY|O_CLOEXEC) = -1 ENOENT (No such file or directory)
1423653 openat(AT_FDCWD</tmp/kernel-audit2-v3r63b5w/\346\261\202\350\247\243\345\231\250>, "/usr/lib/locale/C.utf8/LC_NAME", O_RDONLY|O_CLOEXEC) = 3</usr/lib/locale/C.utf8/LC_NAME>
1423653 openat(AT_FDCWD</tmp/kernel-audit2-v3r63b5w/\346\261\202\350\247\243\345\231\250>, "/usr/lib/locale/C.UTF-8/LC_PAPER", O_RDONLY|O_CLOEXEC) = -1 ENOENT (No such file or directory)
1423653 openat(AT_FDCWD</tmp/kernel-audit2-v3r63b5w/\346\261\202\350\247\243\345\231\250>, "/usr/lib/locale/C.utf8/LC_PAPER", O_RDONLY|O_CLOEXEC) = 3</usr/lib/locale/C.utf8/LC_PAPER>
1423653 openat(AT_FDCWD</tmp/kernel-audit2-v3r63b5w/\346\261\202\350\247\243\345\231\250>, "/usr/lib/locale/C.UTF-8/LC_MESSAGES", O_RDONLY|O_CLOEXEC) = -1 ENOENT (No such file or directory)
1423653 openat(AT_FDCWD</tmp/kernel-audit2-v3r63b5w/\346\261\202\350\247\243\345\231\250>, "/usr/lib/locale/C.utf8/LC_MESSAGES", O_RDONLY|O_CLOEXEC) = 3</usr/lib/locale/C.utf8/LC_MESSAGES>
1423653 openat(AT_FDCWD</tmp/kernel-audit2-v3r63b5w/\346\261\202\350\247\243\345\231\250>, "/usr/lib/locale/C.utf8/LC_MESSAGES/SYS_LC_MESSAGES", O_RDONLY|O_CLOEXEC) = 3</usr/lib/locale/C.utf8/LC_MESSAGES/SYS_LC_MESSAGES>
1423653 openat(AT_FDCWD</tmp/kernel-audit2-v3r63b5w/\346\261\202\350\247\243\345\231\250>, "/usr/lib/locale/C.UTF-8/LC_MONETARY", O_RDONLY|O_CLOEXEC) = -1 ENOENT (No such file or directory)
1423653 openat(AT_FDCWD</tmp/kernel-audit2-v3r63b5w/\346\261\202\350\247\243\345\231\250>, "/usr/lib/locale/C.utf8/LC_MONETARY", O_RDONLY|O_CLOEXEC) = 3</usr/lib/locale/C.utf8/LC_MONETARY>
1423653 openat(AT_FDCWD</tmp/kernel-audit2-v3r63b5w/\346\261\202\350\247\243\345\231\250>, "/usr/lib/locale/C.UTF-8/LC_COLLATE", O_RDONLY|O_CLOEXEC) = -1 ENOENT (No such file or directory)
1423653 openat(AT_FDCWD</tmp/kernel-audit2-v3r63b5w/\346\261\202\350\247\243\345\231\250>, "/usr/lib/locale/C.utf8/LC_COLLATE", O_RDONLY|O_CLOEXEC) = 3</usr/lib/locale/C.utf8/LC_COLLATE>
1423653 openat(AT_FDCWD</tmp/kernel-audit2-v3r63b5w/\346\261\202\350\247\243\345\231\250>, "/usr/lib/locale/C.UTF-8/LC_TIME", O_RDONLY|O_CLOEXEC) = -1 ENOENT (No such file or directory)
1423653 openat(AT_FDCWD</tmp/kernel-audit2-v3r63b5w/\346\261\202\350\247\243\345\231\250>, "/usr/lib/locale/C.utf8/LC_TIME", O_RDONLY|O_CLOEXEC) = 3</usr/lib/locale/C.utf8/LC_TIME>
1423653 openat(AT_FDCWD</tmp/kernel-audit2-v3r63b5w/\346\261\202\350\247\243\345\231\250>, "/usr/lib/locale/C.UTF-8/LC_NUMERIC", O_RDONLY|O_CLOEXEC) = -1 ENOENT (No such file or directory)
1423653 openat(AT_FDCWD</tmp/kernel-audit2-v3r63b5w/\346\261\202\350\247\243\345\231\250>, "/usr/lib/locale/C.utf8/LC_NUMERIC", O_RDONLY|O_CLOEXEC) = 3</usr/lib/locale/C.utf8/LC_NUMERIC>
1423653 openat(AT_FDCWD</tmp/kernel-audit2-v3r63b5w/\346\261\202\350\247\243\345\231\250>, "/usr/lib/locale/C.UTF-8/LC_CTYPE", O_RDONLY|O_CLOEXEC) = -1 ENOENT (No such file or directory)
1423653 openat(AT_FDCWD</tmp/kernel-audit2-v3r63b5w/\346\261\202\350\247\243\345\231\250>, "/usr/lib/locale/C.utf8/LC_CTYPE", O_RDONLY|O_CLOEXEC) = 3</usr/lib/locale/C.utf8/LC_CTYPE>
1423653 openat(AT_FDCWD</tmp/kernel-audit2-v3r63b5w/\346\261\202\350\247\243\345\231\250>, "/tmp/kernel-audit2-v3r63b5w/\346\261\202\350\247\243\345\231\250/\346\225\260\346\215\256/\346\240\267\344\276\213/\347\224\237\344\272\247\345\276\252\347\216\257\347\216\257\345\270\246.json", O_RDONLY) = 3</tmp/kernel-audit2-v3r63b5w/\346\261\202\350\247\243\345\231\250/\346\225\260\346\215\256/\346\240\267\344\276\213/\347\224\237\344\272\247\345\276\252\347\216\257\347\216\257\345\270\246.json>
1423646 --- SIGCHLD {si_signo=SIGCHLD, si_code=CLD_EXITED, si_pid=1423653, si_uid=1000, si_status=0, si_utime=0, si_stime=0} ---
1423646 openat(AT_FDCWD</tmp/kernel-audit2-v3r63b5w/\346\261\202\350\247\243\345\231\250>, "/dev/null", O_RDONLY|O_CLOEXEC) = 3</dev/null<char 1:3>>
1423654 execve("/home/zhuran24/.codex/tmp/arg0/codex-arg0DuAZRy/sha256sum", ["sha256sum", "--", "/tmp/kernel-audit2-v3r63b5w/\346\261\202\350\247\243\345\231\250/\350\247\204\346\240\274/\345\206\205\346\240\270\351\205\215\347\275\256-v1.json"], 0x7ffd187fc5a8 /* 135 vars */) = -1 ENOENT (No such file or directory)
1423654 execve("/home/zhuran24/.cargo/bin/sha256sum", ["sha256sum", "--", "/tmp/kernel-audit2-v3r63b5w/\346\261\202\350\247\243\345\231\250/\350\247\204\346\240\274/\345\206\205\346\240\270\351\205\215\347\275\256-v1.json"], 0x7ffd187fc5a8 /* 135 vars */) = -1 ENOENT (No such file or directory)
1423654 execve("/home/zhuran24/.local/bin/sha256sum", ["sha256sum", "--", "/tmp/kernel-audit2-v3r63b5w/\346\261\202\350\247\243\345\231\250/\350\247\204\346\240\274/\345\206\205\346\240\270\351\205\215\347\275\256-v1.json"], 0x7ffd187fc5a8 /* 135 vars */) = -1 ENOENT (No such file or directory)
1423654 execve("/home/zhuran24/.opencode/bin/sha256sum", ["sha256sum", "--", "/tmp/kernel-audit2-v3r63b5w/\346\261\202\350\247\243\345\231\250/\350\247\204\346\240\274/\345\206\205\346\240\270\351\205\215\347\275\256-v1.json"], 0x7ffd187fc5a8 /* 135 vars */) = -1 ENOENT (No such file or directory)
1423654 execve("/usr/local/bin/sha256sum", ["sha256sum", "--", "/tmp/kernel-audit2-v3r63b5w/\346\261\202\350\247\243\345\231\250/\350\247\204\346\240\274/\345\206\205\346\240\270\351\205\215\347\275\256-v1.json"], 0x7ffd187fc5a8 /* 135 vars */) = -1 ENOENT (No such file or directory)
1423654 execve("/usr/bin/sha256sum", ["sha256sum", "--", "/tmp/kernel-audit2-v3r63b5w/\346\261\202\350\247\243\345\231\250/\350\247\204\346\240\274/\345\206\205\346\240\270\351\205\215\347\275\256-v1.json"], 0x7ffd187fc5a8 /* 135 vars */) = 0
1423654 openat(AT_FDCWD</tmp/kernel-audit2-v3r63b5w/\346\261\202\350\247\243\345\231\250>, "/etc/ld.so.cache", O_RDONLY|O_CLOEXEC) = 3</etc/ld.so.cache>
1423654 openat(AT_FDCWD</tmp/kernel-audit2-v3r63b5w/\346\261\202\350\247\243\345\231\250>, "/usr/lib/libcrypto.so.3", O_RDONLY|O_CLOEXEC) = 3</usr/lib/libcrypto.so.3>
1423654 openat(AT_FDCWD</tmp/kernel-audit2-v3r63b5w/\346\261\202\350\247\243\345\231\250>, "/usr/lib/libc.so.6", O_RDONLY|O_CLOEXEC) = 3</usr/lib/libc.so.6>
1423654 openat(AT_FDCWD</tmp/kernel-audit2-v3r63b5w/\346\261\202\350\247\243\345\231\250>, "/usr/lib/libz.so.1", O_RDONLY|O_CLOEXEC) = 3</usr/lib/libz.so.1.3.1.zlib-ng>
1423654 openat(AT_FDCWD</tmp/kernel-audit2-v3r63b5w/\346\261\202\350\247\243\345\231\250>, "/usr/lib/libbrotlienc.so.1", O_RDONLY|O_CLOEXEC) = 3</usr/lib/libbrotlienc.so.1.2.0>
1423654 openat(AT_FDCWD</tmp/kernel-audit2-v3r63b5w/\346\261\202\350\247\243\345\231\250>, "/usr/lib/libbrotlidec.so.1", O_RDONLY|O_CLOEXEC) = 3</usr/lib/libbrotlidec.so.1.2.0>
1423654 openat(AT_FDCWD</tmp/kernel-audit2-v3r63b5w/\346\261\202\350\247\243\345\231\250>, "/usr/lib/libzstd.so.1", O_RDONLY|O_CLOEXEC) = 3</usr/lib/libzstd.so.1.5.7>
1423654 openat(AT_FDCWD</tmp/kernel-audit2-v3r63b5w/\346\261\202\350\247\243\345\231\250>, "/usr/lib/libm.so.6", O_RDONLY|O_CLOEXEC) = 3</usr/lib/libm.so.6>
1423654 openat(AT_FDCWD</tmp/kernel-audit2-v3r63b5w/\346\261\202\350\247\243\345\231\250>, "/usr/lib/libbrotlicommon.so.1", O_RDONLY|O_CLOEXEC) = 3</usr/lib/libbrotlicommon.so.1.2.0>
1423654 openat(AT_FDCWD</tmp/kernel-audit2-v3r63b5w/\346\261\202\350\247\243\345\231\250>, "/usr/lib/locale/locale-archive", O_RDONLY|O_CLOEXEC) = 3</usr/lib/locale/locale-archive>
1423654 openat(AT_FDCWD</tmp/kernel-audit2-v3r63b5w/\346\261\202\350\247\243\345\231\250>, "/usr/share/locale/locale.alias", O_RDONLY|O_CLOEXEC) = 3</usr/share/locale/locale.alias>
1423654 openat(AT_FDCWD</tmp/kernel-audit2-v3r63b5w/\346\261\202\350\247\243\345\231\250>, "/usr/lib/locale/C.UTF-8/LC_IDENTIFICATION", O_RDONLY|O_CLOEXEC) = -1 ENOENT (No such file or directory)
1423654 openat(AT_FDCWD</tmp/kernel-audit2-v3r63b5w/\346\261\202\350\247\243\345\231\250>, "/usr/lib/locale/C.utf8/LC_IDENTIFICATION", O_RDONLY|O_CLOEXEC) = 3</usr/lib/locale/C.utf8/LC_IDENTIFICATION>
1423654 openat(AT_FDCWD</tmp/kernel-audit2-v3r63b5w/\346\261\202\350\247\243\345\231\250>, "/usr/lib/gconv/gconv-modules.cache", O_RDONLY|O_CLOEXEC) = 3</usr/lib/gconv/gconv-modules.cache>
1423654 openat(AT_FDCWD</tmp/kernel-audit2-v3r63b5w/\346\261\202\350\247\243\345\231\250>, "/usr/lib/locale/C.UTF-8/LC_MEASUREMENT", O_RDONLY|O_CLOEXEC) = -1 ENOENT (No such file or directory)
1423654 openat(AT_FDCWD</tmp/kernel-audit2-v3r63b5w/\346\261\202\350\247\243\345\231\250>, "/usr/lib/locale/C.utf8/LC_MEASUREMENT", O_RDONLY|O_CLOEXEC) = 3</usr/lib/locale/C.utf8/LC_MEASUREMENT>
1423654 openat(AT_FDCWD</tmp/kernel-audit2-v3r63b5w/\346\261\202\350\247\243\345\231\250>, "/usr/lib/locale/C.UTF-8/LC_TELEPHONE", O_RDONLY|O_CLOEXEC) = -1 ENOENT (No such file or directory)
1423654 openat(AT_FDCWD</tmp/kernel-audit2-v3r63b5w/\346\261\202\350\247\243\345\231\250>, "/usr/lib/locale/C.utf8/LC_TELEPHONE", O_RDONLY|O_CLOEXEC) = 3</usr/lib/locale/C.utf8/LC_TELEPHONE>
1423654 openat(AT_FDCWD</tmp/kernel-audit2-v3r63b5w/\346\261\202\350\247\243\345\231\250>, "/usr/lib/locale/C.UTF-8/LC_ADDRESS", O_RDONLY|O_CLOEXEC) = -1 ENOENT (No such file or directory)
1423654 openat(AT_FDCWD</tmp/kernel-audit2-v3r63b5w/\346\261\202\350\247\243\345\231\250>, "/usr/lib/locale/C.utf8/LC_ADDRESS", O_RDONLY|O_CLOEXEC) = 3</usr/lib/locale/C.utf8/LC_ADDRESS>
1423654 openat(AT_FDCWD</tmp/kernel-audit2-v3r63b5w/\346\261\202\350\247\243\345\231\250>, "/usr/lib/locale/C.UTF-8/LC_NAME", O_RDONLY|O_CLOEXEC) = -1 ENOENT (No such file or directory)
1423654 openat(AT_FDCWD</tmp/kernel-audit2-v3r63b5w/\346\261\202\350\247\243\345\231\250>, "/usr/lib/locale/C.utf8/LC_NAME", O_RDONLY|O_CLOEXEC) = 3</usr/lib/locale/C.utf8/LC_NAME>
1423654 openat(AT_FDCWD</tmp/kernel-audit2-v3r63b5w/\346\261\202\350\247\243\345\231\250>, "/usr/lib/locale/C.UTF-8/LC_PAPER", O_RDONLY|O_CLOEXEC) = -1 ENOENT (No such file or directory)
1423654 openat(AT_FDCWD</tmp/kernel-audit2-v3r63b5w/\346\261\202\350\247\243\345\231\250>, "/usr/lib/locale/C.utf8/LC_PAPER", O_RDONLY|O_CLOEXEC) = 3</usr/lib/locale/C.utf8/LC_PAPER>
1423654 openat(AT_FDCWD</tmp/kernel-audit2-v3r63b5w/\346\261\202\350\247\243\345\231\250>, "/usr/lib/locale/C.UTF-8/LC_MESSAGES", O_RDONLY|O_CLOEXEC) = -1 ENOENT (No such file or directory)
1423654 openat(AT_FDCWD</tmp/kernel-audit2-v3r63b5w/\346\261\202\350\247\243\345\231\250>, "/usr/lib/locale/C.utf8/LC_MESSAGES", O_RDONLY|O_CLOEXEC) = 3</usr/lib/locale/C.utf8/LC_MESSAGES>
1423654 openat(AT_FDCWD</tmp/kernel-audit2-v3r63b5w/\346\261\202\350\247\243\345\231\250>, "/usr/lib/locale/C.utf8/LC_MESSAGES/SYS_LC_MESSAGES", O_RDONLY|O_CLOEXEC) = 3</usr/lib/locale/C.utf8/LC_MESSAGES/SYS_LC_MESSAGES>
1423654 openat(AT_FDCWD</tmp/kernel-audit2-v3r63b5w/\346\261\202\350\247\243\345\231\250>, "/usr/lib/locale/C.UTF-8/LC_MONETARY", O_RDONLY|O_CLOEXEC) = -1 ENOENT (No such file or directory)
1423654 openat(AT_FDCWD</tmp/kernel-audit2-v3r63b5w/\346\261\202\350\247\243\345\231\250>, "/usr/lib/locale/C.utf8/LC_MONETARY", O_RDONLY|O_CLOEXEC) = 3</usr/lib/locale/C.utf8/LC_MONETARY>
1423654 openat(AT_FDCWD</tmp/kernel-audit2-v3r63b5w/\346\261\202\350\247\243\345\231\250>, "/usr/lib/locale/C.UTF-8/LC_COLLATE", O_RDONLY|O_CLOEXEC) = -1 ENOENT (No such file or directory)
1423654 openat(AT_FDCWD</tmp/kernel-audit2-v3r63b5w/\346\261\202\350\247\243\345\231\250>, "/usr/lib/locale/C.utf8/LC_COLLATE", O_RDONLY|O_CLOEXEC) = 3</usr/lib/locale/C.utf8/LC_COLLATE>
1423654 openat(AT_FDCWD</tmp/kernel-audit2-v3r63b5w/\346\261\202\350\247\243\345\231\250>, "/usr/lib/locale/C.UTF-8/LC_TIME", O_RDONLY|O_CLOEXEC) = -1 ENOENT (No such file or directory)
1423654 openat(AT_FDCWD</tmp/kernel-audit2-v3r63b5w/\346\261\202\350\247\243\345\231\250>, "/usr/lib/locale/C.utf8/LC_TIME", O_RDONLY|O_CLOEXEC) = 3</usr/lib/locale/C.utf8/LC_TIME>
1423654 openat(AT_FDCWD</tmp/kernel-audit2-v3r63b5w/\346\261\202\350\247\243\345\231\250>, "/usr/lib/locale/C.UTF-8/LC_NUMERIC", O_RDONLY|O_CLOEXEC) = -1 ENOENT (No such file or directory)
1423654 openat(AT_FDCWD</tmp/kernel-audit2-v3r63b5w/\346\261\202\350\247\243\345\231\250>, "/usr/lib/locale/C.utf8/LC_NUMERIC", O_RDONLY|O_CLOEXEC) = 3</usr/lib/locale/C.utf8/LC_NUMERIC>
1423654 openat(AT_FDCWD</tmp/kernel-audit2-v3r63b5w/\346\261\202\350\247\243\345\231\250>, "/usr/lib/locale/C.UTF-8/LC_CTYPE", O_RDONLY|O_CLOEXEC) = -1 ENOENT (No such file or directory)
1423654 openat(AT_FDCWD</tmp/kernel-audit2-v3r63b5w/\346\261\202\350\247\243\345\231\250>, "/usr/lib/locale/C.utf8/LC_CTYPE", O_RDONLY|O_CLOEXEC) = 3</usr/lib/locale/C.utf8/LC_CTYPE>
1423654 openat(AT_FDCWD</tmp/kernel-audit2-v3r63b5w/\346\261\202\350\247\243\345\231\250>, "/tmp/kernel-audit2-v3r63b5w/\346\261\202\350\247\243\345\231\250/\350\247\204\346\240\274/\345\206\205\346\240\270\351\205\215\347\275\256-v1.json", O_RDONLY) = 3</tmp/kernel-audit2-v3r63b5w/\346\261\202\350\247\243\345\231\250/\350\247\204\346\240\274/\345\206\205\346\240\270\351\205\215\347\275\256-v1.json>
1423646 --- SIGCHLD {si_signo=SIGCHLD, si_code=CLD_EXITED, si_pid=1423654, si_uid=1000, si_status=0, si_utime=0, si_stime=0} ---
1423646 openat(AT_FDCWD</tmp/kernel-audit2-v3r63b5w/\346\261\202\350\247\243\345\231\250>, "/dev/null", O_RDONLY|O_CLOEXEC) = 3</dev/null<char 1:3>>
1423655 execve("/home/zhuran24/.codex/tmp/arg0/codex-arg0DuAZRy/sha256sum", ["sha256sum", "--", "/tmp/kernel-audit2-v3r63b5w/\346\261\202\350\247\243\345\231\250/\346\225\260\346\215\256/\346\255\243\345\274\217\351\235\231\346\200\201\347\233\256\345\275\225.json"], 0x7ffd187fc5a8 /* 135 vars */) = -1 ENOENT (No such file or directory)
1423655 execve("/home/zhuran24/.cargo/bin/sha256sum", ["sha256sum", "--", "/tmp/kernel-audit2-v3r63b5w/\346\261\202\350\247\243\345\231\250/\346\225\260\346\215\256/\346\255\243\345\274\217\351\235\231\346\200\201\347\233\256\345\275\225.json"], 0x7ffd187fc5a8 /* 135 vars */) = -1 ENOENT (No such file or directory)
1423655 execve("/home/zhuran24/.local/bin/sha256sum", ["sha256sum", "--", "/tmp/kernel-audit2-v3r63b5w/\346\261\202\350\247\243\345\231\250/\346\225\260\346\215\256/\346\255\243\345\274\217\351\235\231\346\200\201\347\233\256\345\275\225.json"], 0x7ffd187fc5a8 /* 135 vars */) = -1 ENOENT (No such file or directory)
1423655 execve("/home/zhuran24/.opencode/bin/sha256sum", ["sha256sum", "--", "/tmp/kernel-audit2-v3r63b5w/\346\261\202\350\247\243\345\231\250/\346\225\260\346\215\256/\346\255\243\345\274\217\351\235\231\346\200\201\347\233\256\345\275\225.json"], 0x7ffd187fc5a8 /* 135 vars */) = -1 ENOENT (No such file or directory)
1423655 execve("/usr/local/bin/sha256sum", ["sha256sum", "--", "/tmp/kernel-audit2-v3r63b5w/\346\261\202\350\247\243\345\231\250/\346\225\260\346\215\256/\346\255\243\345\274\217\351\235\231\346\200\201\347\233\256\345\275\225.json"], 0x7ffd187fc5a8 /* 135 vars */) = -1 ENOENT (No such file or directory)
1423655 execve("/usr/bin/sha256sum", ["sha256sum", "--", "/tmp/kernel-audit2-v3r63b5w/\346\261\202\350\247\243\345\231\250/\346\225\260\346\215\256/\346\255\243\345\274\217\351\235\231\346\200\201\347\233\256\345\275\225.json"], 0x7ffd187fc5a8 /* 135 vars */) = 0
1423655 openat(AT_FDCWD</tmp/kernel-audit2-v3r63b5w/\346\261\202\350\247\243\345\231\250>, "/etc/ld.so.cache", O_RDONLY|O_CLOEXEC) = 3</etc/ld.so.cache>
1423655 openat(AT_FDCWD</tmp/kernel-audit2-v3r63b5w/\346\261\202\350\247\243\345\231\250>, "/usr/lib/libcrypto.so.3", O_RDONLY|O_CLOEXEC) = 3</usr/lib/libcrypto.so.3>
1423655 openat(AT_FDCWD</tmp/kernel-audit2-v3r63b5w/\346\261\202\350\247\243\345\231\250>, "/usr/lib/libc.so.6", O_RDONLY|O_CLOEXEC) = 3</usr/lib/libc.so.6>
1423655 openat(AT_FDCWD</tmp/kernel-audit2-v3r63b5w/\346\261\202\350\247\243\345\231\250>, "/usr/lib/libz.so.1", O_RDONLY|O_CLOEXEC) = 3</usr/lib/libz.so.1.3.1.zlib-ng>
1423655 openat(AT_FDCWD</tmp/kernel-audit2-v3r63b5w/\346\261\202\350\247\243\345\231\250>, "/usr/lib/libbrotlienc.so.1", O_RDONLY|O_CLOEXEC) = 3</usr/lib/libbrotlienc.so.1.2.0>
1423655 openat(AT_FDCWD</tmp/kernel-audit2-v3r63b5w/\346\261\202\350\247\243\345\231\250>, "/usr/lib/libbrotlidec.so.1", O_RDONLY|O_CLOEXEC) = 3</usr/lib/libbrotlidec.so.1.2.0>
1423655 openat(AT_FDCWD</tmp/kernel-audit2-v3r63b5w/\346\261\202\350\247\243\345\231\250>, "/usr/lib/libzstd.so.1", O_RDONLY|O_CLOEXEC) = 3</usr/lib/libzstd.so.1.5.7>
1423655 openat(AT_FDCWD</tmp/kernel-audit2-v3r63b5w/\346\261\202\350\247\243\345\231\250>, "/usr/lib/libm.so.6", O_RDONLY|O_CLOEXEC) = 3</usr/lib/libm.so.6>
1423655 openat(AT_FDCWD</tmp/kernel-audit2-v3r63b5w/\346\261\202\350\247\243\345\231\250>, "/usr/lib/libbrotlicommon.so.1", O_RDONLY|O_CLOEXEC) = 3</usr/lib/libbrotlicommon.so.1.2.0>
1423655 openat(AT_FDCWD</tmp/kernel-audit2-v3r63b5w/\346\261\202\350\247\243\345\231\250>, "/usr/lib/locale/locale-archive", O_RDONLY|O_CLOEXEC) = 3</usr/lib/locale/locale-archive>
1423655 openat(AT_FDCWD</tmp/kernel-audit2-v3r63b5w/\346\261\202\350\247\243\345\231\250>, "/usr/share/locale/locale.alias", O_RDONLY|O_CLOEXEC) = 3</usr/share/locale/locale.alias>
1423655 openat(AT_FDCWD</tmp/kernel-audit2-v3r63b5w/\346\261\202\350\247\243\345\231\250>, "/usr/lib/locale/C.UTF-8/LC_IDENTIFICATION", O_RDONLY|O_CLOEXEC) = -1 ENOENT (No such file or directory)
1423655 openat(AT_FDCWD</tmp/kernel-audit2-v3r63b5w/\346\261\202\350\247\243\345\231\250>, "/usr/lib/locale/C.utf8/LC_IDENTIFICATION", O_RDONLY|O_CLOEXEC) = 3</usr/lib/locale/C.utf8/LC_IDENTIFICATION>
1423655 openat(AT_FDCWD</tmp/kernel-audit2-v3r63b5w/\346\261\202\350\247\243\345\231\250>, "/usr/lib/gconv/gconv-modules.cache", O_RDONLY|O_CLOEXEC) = 3</usr/lib/gconv/gconv-modules.cache>
1423655 openat(AT_FDCWD</tmp/kernel-audit2-v3r63b5w/\346\261\202\350\247\243\345\231\250>, "/usr/lib/locale/C.UTF-8/LC_MEASUREMENT", O_RDONLY|O_CLOEXEC) = -1 ENOENT (No such file or directory)
1423655 openat(AT_FDCWD</tmp/kernel-audit2-v3r63b5w/\346\261\202\350\247\243\345\231\250>, "/usr/lib/locale/C.utf8/LC_MEASUREMENT", O_RDONLY|O_CLOEXEC) = 3</usr/lib/locale/C.utf8/LC_MEASUREMENT>
1423655 openat(AT_FDCWD</tmp/kernel-audit2-v3r63b5w/\346\261\202\350\247\243\345\231\250>, "/usr/lib/locale/C.UTF-8/LC_TELEPHONE", O_RDONLY|O_CLOEXEC) = -1 ENOENT (No such file or directory)
1423655 openat(AT_FDCWD</tmp/kernel-audit2-v3r63b5w/\346\261\202\350\247\243\345\231\250>, "/usr/lib/locale/C.utf8/LC_TELEPHONE", O_RDONLY|O_CLOEXEC) = 3</usr/lib/locale/C.utf8/LC_TELEPHONE>
1423655 openat(AT_FDCWD</tmp/kernel-audit2-v3r63b5w/\346\261\202\350\247\243\345\231\250>, "/usr/lib/locale/C.UTF-8/LC_ADDRESS", O_RDONLY|O_CLOEXEC) = -1 ENOENT (No such file or directory)
1423655 openat(AT_FDCWD</tmp/kernel-audit2-v3r63b5w/\346\261\202\350\247\243\345\231\250>, "/usr/lib/locale/C.utf8/LC_ADDRESS", O_RDONLY|O_CLOEXEC) = 3</usr/lib/locale/C.utf8/LC_ADDRESS>
1423655 openat(AT_FDCWD</tmp/kernel-audit2-v3r63b5w/\346\261\202\350\247\243\345\231\250>, "/usr/lib/locale/C.UTF-8/LC_NAME", O_RDONLY|O_CLOEXEC) = -1 ENOENT (No such file or directory)
1423655 openat(AT_FDCWD</tmp/kernel-audit2-v3r63b5w/\346\261\202\350\247\243\345\231\250>, "/usr/lib/locale/C.utf8/LC_NAME", O_RDONLY|O_CLOEXEC) = 3</usr/lib/locale/C.utf8/LC_NAME>
1423655 openat(AT_FDCWD</tmp/kernel-audit2-v3r63b5w/\346\261\202\350\247\243\345\231\250>, "/usr/lib/locale/C.UTF-8/LC_PAPER", O_RDONLY|O_CLOEXEC) = -1 ENOENT (No such file or directory)
1423655 openat(AT_FDCWD</tmp/kernel-audit2-v3r63b5w/\346\261\202\350\247\243\345\231\250>, "/usr/lib/locale/C.utf8/LC_PAPER", O_RDONLY|O_CLOEXEC) = 3</usr/lib/locale/C.utf8/LC_PAPER>
1423655 openat(AT_FDCWD</tmp/kernel-audit2-v3r63b5w/\346\261\202\350\247\243\345\231\250>, "/usr/lib/locale/C.UTF-8/LC_MESSAGES", O_RDONLY|O_CLOEXEC) = -1 ENOENT (No such file or directory)
1423655 openat(AT_FDCWD</tmp/kernel-audit2-v3r63b5w/\346\261\202\350\247\243\345\231\250>, "/usr/lib/locale/C.utf8/LC_MESSAGES", O_RDONLY|O_CLOEXEC) = 3</usr/lib/locale/C.utf8/LC_MESSAGES>
1423655 openat(AT_FDCWD</tmp/kernel-audit2-v3r63b5w/\346\261\202\350\247\243\345\231\250>, "/usr/lib/locale/C.utf8/LC_MESSAGES/SYS_LC_MESSAGES", O_RDONLY|O_CLOEXEC) = 3</usr/lib/locale/C.utf8/LC_MESSAGES/SYS_LC_MESSAGES>
1423655 openat(AT_FDCWD</tmp/kernel-audit2-v3r63b5w/\346\261\202\350\247\243\345\231\250>, "/usr/lib/locale/C.UTF-8/LC_MONETARY", O_RDONLY|O_CLOEXEC) = -1 ENOENT (No such file or directory)
1423655 openat(AT_FDCWD</tmp/kernel-audit2-v3r63b5w/\346\261\202\350\247\243\345\231\250>, "/usr/lib/locale/C.utf8/LC_MONETARY", O_RDONLY|O_CLOEXEC) = 3</usr/lib/locale/C.utf8/LC_MONETARY>
1423655 openat(AT_FDCWD</tmp/kernel-audit2-v3r63b5w/\346\261\202\350\247\243\345\231\250>, "/usr/lib/locale/C.UTF-8/LC_COLLATE", O_RDONLY|O_CLOEXEC) = -1 ENOENT (No such file or directory)
1423655 openat(AT_FDCWD</tmp/kernel-audit2-v3r63b5w/\346\261\202\350\247\243\345\231\250>, "/usr/lib/locale/C.utf8/LC_COLLATE", O_RDONLY|O_CLOEXEC) = 3</usr/lib/locale/C.utf8/LC_COLLATE>
1423655 openat(AT_FDCWD</tmp/kernel-audit2-v3r63b5w/\346\261\202\350\247\243\345\231\250>, "/usr/lib/locale/C.UTF-8/LC_TIME", O_RDONLY|O_CLOEXEC) = -1 ENOENT (No such file or directory)
1423655 openat(AT_FDCWD</tmp/kernel-audit2-v3r63b5w/\346\261\202\350\247\243\345\231\250>, "/usr/lib/locale/C.utf8/LC_TIME", O_RDONLY|O_CLOEXEC) = 3</usr/lib/locale/C.utf8/LC_TIME>
1423655 openat(AT_FDCWD</tmp/kernel-audit2-v3r63b5w/\346\261\202\350\247\243\345\231\250>, "/usr/lib/locale/C.UTF-8/LC_NUMERIC", O_RDONLY|O_CLOEXEC) = -1 ENOENT (No such file or directory)
1423655 openat(AT_FDCWD</tmp/kernel-audit2-v3r63b5w/\346\261\202\350\247\243\345\231\250>, "/usr/lib/locale/C.utf8/LC_NUMERIC", O_RDONLY|O_CLOEXEC) = 3</usr/lib/locale/C.utf8/LC_NUMERIC>
1423655 openat(AT_FDCWD</tmp/kernel-audit2-v3r63b5w/\346\261\202\350\247\243\345\231\250>, "/usr/lib/locale/C.UTF-8/LC_CTYPE", O_RDONLY|O_CLOEXEC) = -1 ENOENT (No such file or directory)
1423655 openat(AT_FDCWD</tmp/kernel-audit2-v3r63b5w/\346\261\202\350\247\243\345\231\250>, "/usr/lib/locale/C.utf8/LC_CTYPE", O_RDONLY|O_CLOEXEC) = 3</usr/lib/locale/C.utf8/LC_CTYPE>
1423655 openat(AT_FDCWD</tmp/kernel-audit2-v3r63b5w/\346\261\202\350\247\243\345\231\250>, "/tmp/kernel-audit2-v3r63b5w/\346\261\202\350\247\243\345\231\250/\346\225\260\346\215\256/\346\255\243\345\274\217\351\235\231\346\200\201\347\233\256\345\275\225.json", O_RDONLY) = 3</tmp/kernel-audit2-v3r63b5w/\346\261\202\350\247\243\345\231\250/\346\225\260\346\215\256/\346\255\243\345\274\217\351\235\231\346\200\201\347\233\256\345\275\225.json>
1423646 --- SIGCHLD {si_signo=SIGCHLD, si_code=CLD_EXITED, si_pid=1423655, si_uid=1000, si_status=0, si_utime=0, si_stime=0} ---
1423646 openat(AT_FDCWD</tmp/kernel-audit2-v3r63b5w/\346\261\202\350\247\243\345\231\250>, "/dev/null", O_RDONLY|O_CLOEXEC) = 3</dev/null<char 1:3>>
1423656 execve("/home/zhuran24/.codex/tmp/arg0/codex-arg0DuAZRy/sha256sum", ["sha256sum", "--", "/tmp/kernel-audit2-v3r63b5w/\343\200\212\346\230\216\346\227\245\346\226\271\350\210\237\357\274\232\347\273\210\346\234\253\345\234\260\343\200\213\346\270\270\346\210\217\350\247\204\345\210\231.txt"], 0x7ffd187fc5a8 /* 135 vars */) = -1 ENOENT (No such file or directory)
1423656 execve("/home/zhuran24/.cargo/bin/sha256sum", ["sha256sum", "--", "/tmp/kernel-audit2-v3r63b5w/\343\200\212\346\230\216\346\227\245\346\226\271\350\210\237\357\274\232\347\273\210\346\234\253\345\234\260\343\200\213\346\270\270\346\210\217\350\247\204\345\210\231.txt"], 0x7ffd187fc5a8 /* 135 vars */) = -1 ENOENT (No such file or directory)
1423656 execve("/home/zhuran24/.local/bin/sha256sum", ["sha256sum", "--", "/tmp/kernel-audit2-v3r63b5w/\343\200\212\346\230\216\346\227\245\346\226\271\350\210\237\357\274\232\347\273\210\346\234\253\345\234\260\343\200\213\346\270\270\346\210\217\350\247\204\345\210\231.txt"], 0x7ffd187fc5a8 /* 135 vars */) = -1 ENOENT (No such file or directory)
1423656 execve("/home/zhuran24/.opencode/bin/sha256sum", ["sha256sum", "--", "/tmp/kernel-audit2-v3r63b5w/\343\200\212\346\230\216\346\227\245\346\226\271\350\210\237\357\274\232\347\273\210\346\234\253\345\234\260\343\200\213\346\270\270\346\210\217\350\247\204\345\210\231.txt"], 0x7ffd187fc5a8 /* 135 vars */) = -1 ENOENT (No such file or directory)
1423656 execve("/usr/local/bin/sha256sum", ["sha256sum", "--", "/tmp/kernel-audit2-v3r63b5w/\343\200\212\346\230\216\346\227\245\346\226\271\350\210\237\357\274\232\347\273\210\346\234\253\345\234\260\343\200\213\346\270\270\346\210\217\350\247\204\345\210\231.txt"], 0x7ffd187fc5a8 /* 135 vars */) = -1 ENOENT (No such file or directory)
1423656 execve("/usr/bin/sha256sum", ["sha256sum", "--", "/tmp/kernel-audit2-v3r63b5w/\343\200\212\346\230\216\346\227\245\346\226\271\350\210\237\357\274\232\347\273\210\346\234\253\345\234\260\343\200\213\346\270\270\346\210\217\350\247\204\345\210\231.txt"], 0x7ffd187fc5a8 /* 135 vars */) = 0
1423656 openat(AT_FDCWD</tmp/kernel-audit2-v3r63b5w/\346\261\202\350\247\243\345\231\250>, "/etc/ld.so.cache", O_RDONLY|O_CLOEXEC) = 3</etc/ld.so.cache>
1423656 openat(AT_FDCWD</tmp/kernel-audit2-v3r63b5w/\346\261\202\350\247\243\345\231\250>, "/usr/lib/libcrypto.so.3", O_RDONLY|O_CLOEXEC) = 3</usr/lib/libcrypto.so.3>
1423656 openat(AT_FDCWD</tmp/kernel-audit2-v3r63b5w/\346\261\202\350\247\243\345\231\250>, "/usr/lib/libc.so.6", O_RDONLY|O_CLOEXEC) = 3</usr/lib/libc.so.6>
1423656 openat(AT_FDCWD</tmp/kernel-audit2-v3r63b5w/\346\261\202\350\247\243\345\231\250>, "/usr/lib/libz.so.1", O_RDONLY|O_CLOEXEC) = 3</usr/lib/libz.so.1.3.1.zlib-ng>
1423656 openat(AT_FDCWD</tmp/kernel-audit2-v3r63b5w/\346\261\202\350\247\243\345\231\250>, "/usr/lib/libbrotlienc.so.1", O_RDONLY|O_CLOEXEC) = 3</usr/lib/libbrotlienc.so.1.2.0>
1423656 openat(AT_FDCWD</tmp/kernel-audit2-v3r63b5w/\346\261\202\350\247\243\345\231\250>, "/usr/lib/libbrotlidec.so.1", O_RDONLY|O_CLOEXEC) = 3</usr/lib/libbrotlidec.so.1.2.0>
1423656 openat(AT_FDCWD</tmp/kernel-audit2-v3r63b5w/\346\261\202\350\247\243\345\231\250>, "/usr/lib/libzstd.so.1", O_RDONLY|O_CLOEXEC) = 3</usr/lib/libzstd.so.1.5.7>
1423656 openat(AT_FDCWD</tmp/kernel-audit2-v3r63b5w/\346\261\202\350\247\243\345\231\250>, "/usr/lib/libm.so.6", O_RDONLY|O_CLOEXEC) = 3</usr/lib/libm.so.6>
1423656 openat(AT_FDCWD</tmp/kernel-audit2-v3r63b5w/\346\261\202\350\247\243\345\231\250>, "/usr/lib/libbrotlicommon.so.1", O_RDONLY|O_CLOEXEC) = 3</usr/lib/libbrotlicommon.so.1.2.0>
1423656 openat(AT_FDCWD</tmp/kernel-audit2-v3r63b5w/\346\261\202\350\247\243\345\231\250>, "/usr/lib/locale/locale-archive", O_RDONLY|O_CLOEXEC) = 3</usr/lib/locale/locale-archive>
1423656 openat(AT_FDCWD</tmp/kernel-audit2-v3r63b5w/\346\261\202\350\247\243\345\231\250>, "/usr/share/locale/locale.alias", O_RDONLY|O_CLOEXEC) = 3</usr/share/locale/locale.alias>
1423656 openat(AT_FDCWD</tmp/kernel-audit2-v3r63b5w/\346\261\202\350\247\243\345\231\250>, "/usr/lib/locale/C.UTF-8/LC_IDENTIFICATION", O_RDONLY|O_CLOEXEC) = -1 ENOENT (No such file or directory)
1423656 openat(AT_FDCWD</tmp/kernel-audit2-v3r63b5w/\346\261\202\350\247\243\345\231\250>, "/usr/lib/locale/C.utf8/LC_IDENTIFICATION", O_RDONLY|O_CLOEXEC) = 3</usr/lib/locale/C.utf8/LC_IDENTIFICATION>
1423656 openat(AT_FDCWD</tmp/kernel-audit2-v3r63b5w/\346\261\202\350\247\243\345\231\250>, "/usr/lib/gconv/gconv-modules.cache", O_RDONLY|O_CLOEXEC) = 3</usr/lib/gconv/gconv-modules.cache>
1423656 openat(AT_FDCWD</tmp/kernel-audit2-v3r63b5w/\346\261\202\350\247\243\345\231\250>, "/usr/lib/locale/C.UTF-8/LC_MEASUREMENT", O_RDONLY|O_CLOEXEC) = -1 ENOENT (No such file or directory)
1423656 openat(AT_FDCWD</tmp/kernel-audit2-v3r63b5w/\346\261\202\350\247\243\345\231\250>, "/usr/lib/locale/C.utf8/LC_MEASUREMENT", O_RDONLY|O_CLOEXEC) = 3</usr/lib/locale/C.utf8/LC_MEASUREMENT>
1423656 openat(AT_FDCWD</tmp/kernel-audit2-v3r63b5w/\346\261\202\350\247\243\345\231\250>, "/usr/lib/locale/C.UTF-8/LC_TELEPHONE", O_RDONLY|O_CLOEXEC) = -1 ENOENT (No such file or directory)
1423656 openat(AT_FDCWD</tmp/kernel-audit2-v3r63b5w/\346\261\202\350\247\243\345\231\250>, "/usr/lib/locale/C.utf8/LC_TELEPHONE", O_RDONLY|O_CLOEXEC) = 3</usr/lib/locale/C.utf8/LC_TELEPHONE>
1423656 openat(AT_FDCWD</tmp/kernel-audit2-v3r63b5w/\346\261\202\350\247\243\345\231\250>, "/usr/lib/locale/C.UTF-8/LC_ADDRESS", O_RDONLY|O_CLOEXEC) = -1 ENOENT (No such file or directory)
1423656 openat(AT_FDCWD</tmp/kernel-audit2-v3r63b5w/\346\261\202\350\247\243\345\231\250>, "/usr/lib/locale/C.utf8/LC_ADDRESS", O_RDONLY|O_CLOEXEC) = 3</usr/lib/locale/C.utf8/LC_ADDRESS>
1423656 openat(AT_FDCWD</tmp/kernel-audit2-v3r63b5w/\346\261\202\350\247\243\345\231\250>, "/usr/lib/locale/C.UTF-8/LC_NAME", O_RDONLY|O_CLOEXEC) = -1 ENOENT (No such file or directory)
1423656 openat(AT_FDCWD</tmp/kernel-audit2-v3r63b5w/\346\261\202\350\247\243\345\231\250>, "/usr/lib/locale/C.utf8/LC_NAME", O_RDONLY|O_CLOEXEC) = 3</usr/lib/locale/C.utf8/LC_NAME>
1423656 openat(AT_FDCWD</tmp/kernel-audit2-v3r63b5w/\346\261\202\350\247\243\345\231\250>, "/usr/lib/locale/C.UTF-8/LC_PAPER", O_RDONLY|O_CLOEXEC) = -1 ENOENT (No such file or directory)
1423656 openat(AT_FDCWD</tmp/kernel-audit2-v3r63b5w/\346\261\202\350\247\243\345\231\250>, "/usr/lib/locale/C.utf8/LC_PAPER", O_RDONLY|O_CLOEXEC) = 3</usr/lib/locale/C.utf8/LC_PAPER>
1423656 openat(AT_FDCWD</tmp/kernel-audit2-v3r63b5w/\346\261\202\350\247\243\345\231\250>, "/usr/lib/locale/C.UTF-8/LC_MESSAGES", O_RDONLY|O_CLOEXEC) = -1 ENOENT (No such file or directory)
1423656 openat(AT_FDCWD</tmp/kernel-audit2-v3r63b5w/\346\261\202\350\247\243\345\231\250>, "/usr/lib/locale/C.utf8/LC_MESSAGES", O_RDONLY|O_CLOEXEC) = 3</usr/lib/locale/C.utf8/LC_MESSAGES>
1423656 openat(AT_FDCWD</tmp/kernel-audit2-v3r63b5w/\346\261\202\350\247\243\345\231\250>, "/usr/lib/locale/C.utf8/LC_MESSAGES/SYS_LC_MESSAGES", O_RDONLY|O_CLOEXEC) = 3</usr/lib/locale/C.utf8/LC_MESSAGES/SYS_LC_MESSAGES>
1423656 openat(AT_FDCWD</tmp/kernel-audit2-v3r63b5w/\346\261\202\350\247\243\345\231\250>, "/usr/lib/locale/C.UTF-8/LC_MONETARY", O_RDONLY|O_CLOEXEC) = -1 ENOENT (No such file or directory)
1423656 openat(AT_FDCWD</tmp/kernel-audit2-v3r63b5w/\346\261\202\350\247\243\345\231\250>, "/usr/lib/locale/C.utf8/LC_MONETARY", O_RDONLY|O_CLOEXEC) = 3</usr/lib/locale/C.utf8/LC_MONETARY>
1423656 openat(AT_FDCWD</tmp/kernel-audit2-v3r63b5w/\346\261\202\350\247\243\345\231\250>, "/usr/lib/locale/C.UTF-8/LC_COLLATE", O_RDONLY|O_CLOEXEC) = -1 ENOENT (No such file or directory)
1423656 openat(AT_FDCWD</tmp/kernel-audit2-v3r63b5w/\346\261\202\350\247\243\345\231\250>, "/usr/lib/locale/C.utf8/LC_COLLATE", O_RDONLY|O_CLOEXEC) = 3</usr/lib/locale/C.utf8/LC_COLLATE>
1423656 openat(AT_FDCWD</tmp/kernel-audit2-v3r63b5w/\346\261\202\350\247\243\345\231\250>, "/usr/lib/locale/C.UTF-8/LC_TIME", O_RDONLY|O_CLOEXEC) = -1 ENOENT (No such file or directory)
1423656 openat(AT_FDCWD</tmp/kernel-audit2-v3r63b5w/\346\261\202\350\247\243\345\231\250>, "/usr/lib/locale/C.utf8/LC_TIME", O_RDONLY|O_CLOEXEC) = 3</usr/lib/locale/C.utf8/LC_TIME>
1423656 openat(AT_FDCWD</tmp/kernel-audit2-v3r63b5w/\346\261\202\350\247\243\345\231\250>, "/usr/lib/locale/C.UTF-8/LC_NUMERIC", O_RDONLY|O_CLOEXEC) = -1 ENOENT (No such file or directory)
1423656 openat(AT_FDCWD</tmp/kernel-audit2-v3r63b5w/\346\261\202\350\247\243\345\231\250>, "/usr/lib/locale/C.utf8/LC_NUMERIC", O_RDONLY|O_CLOEXEC) = 3</usr/lib/locale/C.utf8/LC_NUMERIC>
1423656 openat(AT_FDCWD</tmp/kernel-audit2-v3r63b5w/\346\261\202\350\247\243\345\231\250>, "/usr/lib/locale/C.UTF-8/LC_CTYPE", O_RDONLY|O_CLOEXEC) = -1 ENOENT (No such file or directory)
1423656 openat(AT_FDCWD</tmp/kernel-audit2-v3r63b5w/\346\261\202\350\247\243\345\231\250>, "/usr/lib/locale/C.utf8/LC_CTYPE", O_RDONLY|O_CLOEXEC) = 3</usr/lib/locale/C.utf8/LC_CTYPE>
1423656 openat(AT_FDCWD</tmp/kernel-audit2-v3r63b5w/\346\261\202\350\247\243\345\231\250>, "/tmp/kernel-audit2-v3r63b5w/\343\200\212\346\230\216\346\227\245\346\226\271\350\210\237\357\274\232\347\273\210\346\234\253\345\234\260\343\200\213\346\270\270\346\210\217\350\247\204\345\210\231.txt", O_RDONLY) = 3</tmp/kernel-audit2-v3r63b5w/\343\200\212\346\230\216\346\227\245\346\226\271\350\210\237\357\274\232\347\273\210\346\234\253\345\234\260\343\200\213\346\270\270\346\210\217\350\247\204\345\210\231.txt>
1423646 --- SIGCHLD {si_signo=SIGCHLD, si_code=CLD_EXITED, si_pid=1423656, si_uid=1000, si_status=0, si_utime=0, si_stime=0} ---
1423646 openat(AT_FDCWD</tmp/kernel-audit2-v3r63b5w/\346\261\202\350\247\243\345\231\250>, "/dev/null", O_RDONLY|O_CLOEXEC) = 3</dev/null<char 1:3>>
1423657 execve("/home/zhuran24/.codex/tmp/arg0/codex-arg0DuAZRy/sha256sum", ["sha256sum", "--", "/tmp/kernel-audit2-v3r63b5w/\346\261\202\350\247\243\344\273\273\345\212\241.txt"], 0x7ffd187fc5a8 /* 135 vars */) = -1 ENOENT (No such file or directory)
1423657 execve("/home/zhuran24/.cargo/bin/sha256sum", ["sha256sum", "--", "/tmp/kernel-audit2-v3r63b5w/\346\261\202\350\247\243\344\273\273\345\212\241.txt"], 0x7ffd187fc5a8 /* 135 vars */) = -1 ENOENT (No such file or directory)
1423657 execve("/home/zhuran24/.local/bin/sha256sum", ["sha256sum", "--", "/tmp/kernel-audit2-v3r63b5w/\346\261\202\350\247\243\344\273\273\345\212\241.txt"], 0x7ffd187fc5a8 /* 135 vars */) = -1 ENOENT (No such file or directory)
1423657 execve("/home/zhuran24/.opencode/bin/sha256sum", ["sha256sum", "--", "/tmp/kernel-audit2-v3r63b5w/\346\261\202\350\247\243\344\273\273\345\212\241.txt"], 0x7ffd187fc5a8 /* 135 vars */) = -1 ENOENT (No such file or directory)
1423657 execve("/usr/local/bin/sha256sum", ["sha256sum", "--", "/tmp/kernel-audit2-v3r63b5w/\346\261\202\350\247\243\344\273\273\345\212\241.txt"], 0x7ffd187fc5a8 /* 135 vars */) = -1 ENOENT (No such file or directory)
1423657 execve("/usr/bin/sha256sum", ["sha256sum", "--", "/tmp/kernel-audit2-v3r63b5w/\346\261\202\350\247\243\344\273\273\345\212\241.txt"], 0x7ffd187fc5a8 /* 135 vars */) = 0
1423657 openat(AT_FDCWD</tmp/kernel-audit2-v3r63b5w/\346\261\202\350\247\243\345\231\250>, "/etc/ld.so.cache", O_RDONLY|O_CLOEXEC) = 3</etc/ld.so.cache>
1423657 openat(AT_FDCWD</tmp/kernel-audit2-v3r63b5w/\346\261\202\350\247\243\345\231\250>, "/usr/lib/libcrypto.so.3", O_RDONLY|O_CLOEXEC) = 3</usr/lib/libcrypto.so.3>
1423657 openat(AT_FDCWD</tmp/kernel-audit2-v3r63b5w/\346\261\202\350\247\243\345\231\250>, "/usr/lib/libc.so.6", O_RDONLY|O_CLOEXEC) = 3</usr/lib/libc.so.6>
1423657 openat(AT_FDCWD</tmp/kernel-audit2-v3r63b5w/\346\261\202\350\247\243\345\231\250>, "/usr/lib/libz.so.1", O_RDONLY|O_CLOEXEC) = 3</usr/lib/libz.so.1.3.1.zlib-ng>
1423657 openat(AT_FDCWD</tmp/kernel-audit2-v3r63b5w/\346\261\202\350\247\243\345\231\250>, "/usr/lib/libbrotlienc.so.1", O_RDONLY|O_CLOEXEC) = 3</usr/lib/libbrotlienc.so.1.2.0>
1423657 openat(AT_FDCWD</tmp/kernel-audit2-v3r63b5w/\346\261\202\350\247\243\345\231\250>, "/usr/lib/libbrotlidec.so.1", O_RDONLY|O_CLOEXEC) = 3</usr/lib/libbrotlidec.so.1.2.0>
1423657 openat(AT_FDCWD</tmp/kernel-audit2-v3r63b5w/\346\261\202\350\247\243\345\231\250>, "/usr/lib/libzstd.so.1", O_RDONLY|O_CLOEXEC) = 3</usr/lib/libzstd.so.1.5.7>
1423657 openat(AT_FDCWD</tmp/kernel-audit2-v3r63b5w/\346\261\202\350\247\243\345\231\250>, "/usr/lib/libm.so.6", O_RDONLY|O_CLOEXEC) = 3</usr/lib/libm.so.6>
1423657 openat(AT_FDCWD</tmp/kernel-audit2-v3r63b5w/\346\261\202\350\247\243\345\231\250>, "/usr/lib/libbrotlicommon.so.1", O_RDONLY|O_CLOEXEC) = 3</usr/lib/libbrotlicommon.so.1.2.0>
1423657 openat(AT_FDCWD</tmp/kernel-audit2-v3r63b5w/\346\261\202\350\247\243\345\231\250>, "/usr/lib/locale/locale-archive", O_RDONLY|O_CLOEXEC) = 3</usr/lib/locale/locale-archive>
1423657 openat(AT_FDCWD</tmp/kernel-audit2-v3r63b5w/\346\261\202\350\247\243\345\231\250>, "/usr/share/locale/locale.alias", O_RDONLY|O_CLOEXEC) = 3</usr/share/locale/locale.alias>
1423657 openat(AT_FDCWD</tmp/kernel-audit2-v3r63b5w/\346\261\202\350\247\243\345\231\250>, "/usr/lib/locale/C.UTF-8/LC_IDENTIFICATION", O_RDONLY|O_CLOEXEC) = -1 ENOENT (No such file or directory)
1423657 openat(AT_FDCWD</tmp/kernel-audit2-v3r63b5w/\346\261\202\350\247\243\345\231\250>, "/usr/lib/locale/C.utf8/LC_IDENTIFICATION", O_RDONLY|O_CLOEXEC) = 3</usr/lib/locale/C.utf8/LC_IDENTIFICATION>
1423657 openat(AT_FDCWD</tmp/kernel-audit2-v3r63b5w/\346\261\202\350\247\243\345\231\250>, "/usr/lib/gconv/gconv-modules.cache", O_RDONLY|O_CLOEXEC) = 3</usr/lib/gconv/gconv-modules.cache>
1423657 openat(AT_FDCWD</tmp/kernel-audit2-v3r63b5w/\346\261\202\350\247\243\345\231\250>, "/usr/lib/locale/C.UTF-8/LC_MEASUREMENT", O_RDONLY|O_CLOEXEC) = -1 ENOENT (No such file or directory)
1423657 openat(AT_FDCWD</tmp/kernel-audit2-v3r63b5w/\346\261\202\350\247\243\345\231\250>, "/usr/lib/locale/C.utf8/LC_MEASUREMENT", O_RDONLY|O_CLOEXEC) = 3</usr/lib/locale/C.utf8/LC_MEASUREMENT>
1423657 openat(AT_FDCWD</tmp/kernel-audit2-v3r63b5w/\346\261\202\350\247\243\345\231\250>, "/usr/lib/locale/C.UTF-8/LC_TELEPHONE", O_RDONLY|O_CLOEXEC) = -1 ENOENT (No such file or directory)
1423657 openat(AT_FDCWD</tmp/kernel-audit2-v3r63b5w/\346\261\202\350\247\243\345\231\250>, "/usr/lib/locale/C.utf8/LC_TELEPHONE", O_RDONLY|O_CLOEXEC) = 3</usr/lib/locale/C.utf8/LC_TELEPHONE>
1423657 openat(AT_FDCWD</tmp/kernel-audit2-v3r63b5w/\346\261\202\350\247\243\345\231\250>, "/usr/lib/locale/C.UTF-8/LC_ADDRESS", O_RDONLY|O_CLOEXEC) = -1 ENOENT (No such file or directory)
1423657 openat(AT_FDCWD</tmp/kernel-audit2-v3r63b5w/\346\261\202\350\247\243\345\231\250>, "/usr/lib/locale/C.utf8/LC_ADDRESS", O_RDONLY|O_CLOEXEC) = 3</usr/lib/locale/C.utf8/LC_ADDRESS>
1423657 openat(AT_FDCWD</tmp/kernel-audit2-v3r63b5w/\346\261\202\350\247\243\345\231\250>, "/usr/lib/locale/C.UTF-8/LC_NAME", O_RDONLY|O_CLOEXEC) = -1 ENOENT (No such file or directory)
1423657 openat(AT_FDCWD</tmp/kernel-audit2-v3r63b5w/\346\261\202\350\247\243\345\231\250>, "/usr/lib/locale/C.utf8/LC_NAME", O_RDONLY|O_CLOEXEC) = 3</usr/lib/locale/C.utf8/LC_NAME>
1423657 openat(AT_FDCWD</tmp/kernel-audit2-v3r63b5w/\346\261\202\350\247\243\345\231\250>, "/usr/lib/locale/C.UTF-8/LC_PAPER", O_RDONLY|O_CLOEXEC) = -1 ENOENT (No such file or directory)
1423657 openat(AT_FDCWD</tmp/kernel-audit2-v3r63b5w/\346\261\202\350\247\243\345\231\250>, "/usr/lib/locale/C.utf8/LC_PAPER", O_RDONLY|O_CLOEXEC) = 3</usr/lib/locale/C.utf8/LC_PAPER>
1423657 openat(AT_FDCWD</tmp/kernel-audit2-v3r63b5w/\346\261\202\350\247\243\345\231\250>, "/usr/lib/locale/C.UTF-8/LC_MESSAGES", O_RDONLY|O_CLOEXEC) = -1 ENOENT (No such file or directory)
1423657 openat(AT_FDCWD</tmp/kernel-audit2-v3r63b5w/\346\261\202\350\247\243\345\231\250>, "/usr/lib/locale/C.utf8/LC_MESSAGES", O_RDONLY|O_CLOEXEC) = 3</usr/lib/locale/C.utf8/LC_MESSAGES>
1423657 openat(AT_FDCWD</tmp/kernel-audit2-v3r63b5w/\346\261\202\350\247\243\345\231\250>, "/usr/lib/locale/C.utf8/LC_MESSAGES/SYS_LC_MESSAGES", O_RDONLY|O_CLOEXEC) = 3</usr/lib/locale/C.utf8/LC_MESSAGES/SYS_LC_MESSAGES>
1423657 openat(AT_FDCWD</tmp/kernel-audit2-v3r63b5w/\346\261\202\350\247\243\345\231\250>, "/usr/lib/locale/C.UTF-8/LC_MONETARY", O_RDONLY|O_CLOEXEC) = -1 ENOENT (No such file or directory)
1423657 openat(AT_FDCWD</tmp/kernel-audit2-v3r63b5w/\346\261\202\350\247\243\345\231\250>, "/usr/lib/locale/C.utf8/LC_MONETARY", O_RDONLY|O_CLOEXEC) = 3</usr/lib/locale/C.utf8/LC_MONETARY>
1423657 openat(AT_FDCWD</tmp/kernel-audit2-v3r63b5w/\346\261\202\350\247\243\345\231\250>, "/usr/lib/locale/C.UTF-8/LC_COLLATE", O_RDONLY|O_CLOEXEC) = -1 ENOENT (No such file or directory)
1423657 openat(AT_FDCWD</tmp/kernel-audit2-v3r63b5w/\346\261\202\350\247\243\345\231\250>, "/usr/lib/locale/C.utf8/LC_COLLATE", O_RDONLY|O_CLOEXEC) = 3</usr/lib/locale/C.utf8/LC_COLLATE>
1423657 openat(AT_FDCWD</tmp/kernel-audit2-v3r63b5w/\346\261\202\350\247\243\345\231\250>, "/usr/lib/locale/C.UTF-8/LC_TIME", O_RDONLY|O_CLOEXEC) = -1 ENOENT (No such file or directory)
1423657 openat(AT_FDCWD</tmp/kernel-audit2-v3r63b5w/\346\261\202\350\247\243\345\231\250>, "/usr/lib/locale/C.utf8/LC_TIME", O_RDONLY|O_CLOEXEC) = 3</usr/lib/locale/C.utf8/LC_TIME>
1423657 openat(AT_FDCWD</tmp/kernel-audit2-v3r63b5w/\346\261\202\350\247\243\345\231\250>, "/usr/lib/locale/C.UTF-8/LC_NUMERIC", O_RDONLY|O_CLOEXEC) = -1 ENOENT (No such file or directory)
1423657 openat(AT_FDCWD</tmp/kernel-audit2-v3r63b5w/\346\261\202\350\247\243\345\231\250>, "/usr/lib/locale/C.utf8/LC_NUMERIC", O_RDONLY|O_CLOEXEC) = 3</usr/lib/locale/C.utf8/LC_NUMERIC>
1423657 openat(AT_FDCWD</tmp/kernel-audit2-v3r63b5w/\346\261\202\350\247\243\345\231\250>, "/usr/lib/locale/C.UTF-8/LC_CTYPE", O_RDONLY|O_CLOEXEC) = -1 ENOENT (No such file or directory)
1423657 openat(AT_FDCWD</tmp/kernel-audit2-v3r63b5w/\346\261\202\350\247\243\345\231\250>, "/usr/lib/locale/C.utf8/LC_CTYPE", O_RDONLY|O_CLOEXEC) = 3</usr/lib/locale/C.utf8/LC_CTYPE>
1423657 openat(AT_FDCWD</tmp/kernel-audit2-v3r63b5w/\346\261\202\350\247\243\345\231\250>, "/tmp/kernel-audit2-v3r63b5w/\346\261\202\350\247\243\344\273\273\345\212\241.txt", O_RDONLY) = 3</tmp/kernel-audit2-v3r63b5w/\346\261\202\350\247\243\344\273\273\345\212\241.txt>
1423646 --- SIGCHLD {si_signo=SIGCHLD, si_code=CLD_EXITED, si_pid=1423657, si_uid=1000, si_status=0, si_utime=0, si_stime=0} ---
1423646 openat(AT_FDCWD</tmp/kernel-audit2-v3r63b5w/\346\261\202\350\247\243\345\231\250>, "/dev/null", O_RDONLY|O_CLOEXEC) = 3</dev/null<char 1:3>>
1423658 execve("/home/zhuran24/.codex/tmp/arg0/codex-arg0DuAZRy/sha256sum", ["sha256sum", "--", "/tmp/kernel-audit2-v3r63b5w/\346\261\202\350\247\243\347\272\246\346\235\237.txt"], 0x7ffd187fc5a8 /* 135 vars */) = -1 ENOENT (No such file or directory)
1423658 execve("/home/zhuran24/.cargo/bin/sha256sum", ["sha256sum", "--", "/tmp/kernel-audit2-v3r63b5w/\346\261\202\350\247\243\347\272\246\346\235\237.txt"], 0x7ffd187fc5a8 /* 135 vars */) = -1 ENOENT (No such file or directory)
1423658 execve("/home/zhuran24/.local/bin/sha256sum", ["sha256sum", "--", "/tmp/kernel-audit2-v3r63b5w/\346\261\202\350\247\243\347\272\246\346\235\237.txt"], 0x7ffd187fc5a8 /* 135 vars */) = -1 ENOENT (No such file or directory)
1423658 execve("/home/zhuran24/.opencode/bin/sha256sum", ["sha256sum", "--", "/tmp/kernel-audit2-v3r63b5w/\346\261\202\350\247\243\347\272\246\346\235\237.txt"], 0x7ffd187fc5a8 /* 135 vars */) = -1 ENOENT (No such file or directory)
1423658 execve("/usr/local/bin/sha256sum", ["sha256sum", "--", "/tmp/kernel-audit2-v3r63b5w/\346\261\202\350\247\243\347\272\246\346\235\237.txt"], 0x7ffd187fc5a8 /* 135 vars */) = -1 ENOENT (No such file or directory)
1423658 execve("/usr/bin/sha256sum", ["sha256sum", "--", "/tmp/kernel-audit2-v3r63b5w/\346\261\202\350\247\243\347\272\246\346\235\237.txt"], 0x7ffd187fc5a8 /* 135 vars */) = 0
1423658 openat(AT_FDCWD</tmp/kernel-audit2-v3r63b5w/\346\261\202\350\247\243\345\231\250>, "/etc/ld.so.cache", O_RDONLY|O_CLOEXEC) = 3</etc/ld.so.cache>
1423658 openat(AT_FDCWD</tmp/kernel-audit2-v3r63b5w/\346\261\202\350\247\243\345\231\250>, "/usr/lib/libcrypto.so.3", O_RDONLY|O_CLOEXEC) = 3</usr/lib/libcrypto.so.3>
1423658 openat(AT_FDCWD</tmp/kernel-audit2-v3r63b5w/\346\261\202\350\247\243\345\231\250>, "/usr/lib/libc.so.6", O_RDONLY|O_CLOEXEC) = 3</usr/lib/libc.so.6>
1423658 openat(AT_FDCWD</tmp/kernel-audit2-v3r63b5w/\346\261\202\350\247\243\345\231\250>, "/usr/lib/libz.so.1", O_RDONLY|O_CLOEXEC) = 3</usr/lib/libz.so.1.3.1.zlib-ng>
1423658 openat(AT_FDCWD</tmp/kernel-audit2-v3r63b5w/\346\261\202\350\247\243\345\231\250>, "/usr/lib/libbrotlienc.so.1", O_RDONLY|O_CLOEXEC) = 3</usr/lib/libbrotlienc.so.1.2.0>
1423658 openat(AT_FDCWD</tmp/kernel-audit2-v3r63b5w/\346\261\202\350\247\243\345\231\250>, "/usr/lib/libbrotlidec.so.1", O_RDONLY|O_CLOEXEC) = 3</usr/lib/libbrotlidec.so.1.2.0>
1423658 openat(AT_FDCWD</tmp/kernel-audit2-v3r63b5w/\346\261\202\350\247\243\345\231\250>, "/usr/lib/libzstd.so.1", O_RDONLY|O_CLOEXEC) = 3</usr/lib/libzstd.so.1.5.7>
1423658 openat(AT_FDCWD</tmp/kernel-audit2-v3r63b5w/\346\261\202\350\247\243\345\231\250>, "/usr/lib/libm.so.6", O_RDONLY|O_CLOEXEC) = 3</usr/lib/libm.so.6>
1423658 openat(AT_FDCWD</tmp/kernel-audit2-v3r63b5w/\346\261\202\350\247\243\345\231\250>, "/usr/lib/libbrotlicommon.so.1", O_RDONLY|O_CLOEXEC) = 3</usr/lib/libbrotlicommon.so.1.2.0>
1423658 openat(AT_FDCWD</tmp/kernel-audit2-v3r63b5w/\346\261\202\350\247\243\345\231\250>, "/usr/lib/locale/locale-archive", O_RDONLY|O_CLOEXEC) = 3</usr/lib/locale/locale-archive>
1423658 openat(AT_FDCWD</tmp/kernel-audit2-v3r63b5w/\346\261\202\350\247\243\345\231\250>, "/usr/share/locale/locale.alias", O_RDONLY|O_CLOEXEC) = 3</usr/share/locale/locale.alias>
1423658 openat(AT_FDCWD</tmp/kernel-audit2-v3r63b5w/\346\261\202\350\247\243\345\231\250>, "/usr/lib/locale/C.UTF-8/LC_IDENTIFICATION", O_RDONLY|O_CLOEXEC) = -1 ENOENT (No such file or directory)
1423658 openat(AT_FDCWD</tmp/kernel-audit2-v3r63b5w/\346\261\202\350\247\243\345\231\250>, "/usr/lib/locale/C.utf8/LC_IDENTIFICATION", O_RDONLY|O_CLOEXEC) = 3</usr/lib/locale/C.utf8/LC_IDENTIFICATION>
1423658 openat(AT_FDCWD</tmp/kernel-audit2-v3r63b5w/\346\261\202\350\247\243\345\231\250>, "/usr/lib/gconv/gconv-modules.cache", O_RDONLY|O_CLOEXEC) = 3</usr/lib/gconv/gconv-modules.cache>
1423658 openat(AT_FDCWD</tmp/kernel-audit2-v3r63b5w/\346\261\202\350\247\243\345\231\250>, "/usr/lib/locale/C.UTF-8/LC_MEASUREMENT", O_RDONLY|O_CLOEXEC) = -1 ENOENT (No such file or directory)
1423658 openat(AT_FDCWD</tmp/kernel-audit2-v3r63b5w/\346\261\202\350\247\243\345\231\250>, "/usr/lib/locale/C.utf8/LC_MEASUREMENT", O_RDONLY|O_CLOEXEC) = 3</usr/lib/locale/C.utf8/LC_MEASUREMENT>
1423658 openat(AT_FDCWD</tmp/kernel-audit2-v3r63b5w/\346\261\202\350\247\243\345\231\250>, "/usr/lib/locale/C.UTF-8/LC_TELEPHONE", O_RDONLY|O_CLOEXEC) = -1 ENOENT (No such file or directory)
1423658 openat(AT_FDCWD</tmp/kernel-audit2-v3r63b5w/\346\261\202\350\247\243\345\231\250>, "/usr/lib/locale/C.utf8/LC_TELEPHONE", O_RDONLY|O_CLOEXEC) = 3</usr/lib/locale/C.utf8/LC_TELEPHONE>
1423658 openat(AT_FDCWD</tmp/kernel-audit2-v3r63b5w/\346\261\202\350\247\243\345\231\250>, "/usr/lib/locale/C.UTF-8/LC_ADDRESS", O_RDONLY|O_CLOEXEC) = -1 ENOENT (No such file or directory)
1423658 openat(AT_FDCWD</tmp/kernel-audit2-v3r63b5w/\346\261\202\350\247\243\345\231\250>, "/usr/lib/locale/C.utf8/LC_ADDRESS", O_RDONLY|O_CLOEXEC) = 3</usr/lib/locale/C.utf8/LC_ADDRESS>
1423658 openat(AT_FDCWD</tmp/kernel-audit2-v3r63b5w/\346\261\202\350\247\243\345\231\250>, "/usr/lib/locale/C.UTF-8/LC_NAME", O_RDONLY|O_CLOEXEC) = -1 ENOENT (No such file or directory)
1423658 openat(AT_FDCWD</tmp/kernel-audit2-v3r63b5w/\346\261\202\350\247\243\345\231\250>, "/usr/lib/locale/C.utf8/LC_NAME", O_RDONLY|O_CLOEXEC) = 3</usr/lib/locale/C.utf8/LC_NAME>
1423658 openat(AT_FDCWD</tmp/kernel-audit2-v3r63b5w/\346\261\202\350\247\243\345\231\250>, "/usr/lib/locale/C.UTF-8/LC_PAPER", O_RDONLY|O_CLOEXEC) = -1 ENOENT (No such file or directory)
1423658 openat(AT_FDCWD</tmp/kernel-audit2-v3r63b5w/\346\261\202\350\247\243\345\231\250>, "/usr/lib/locale/C.utf8/LC_PAPER", O_RDONLY|O_CLOEXEC) = 3</usr/lib/locale/C.utf8/LC_PAPER>
1423658 openat(AT_FDCWD</tmp/kernel-audit2-v3r63b5w/\346\261\202\350\247\243\345\231\250>, "/usr/lib/locale/C.UTF-8/LC_MESSAGES", O_RDONLY|O_CLOEXEC) = -1 ENOENT (No such file or directory)
1423658 openat(AT_FDCWD</tmp/kernel-audit2-v3r63b5w/\346\261\202\350\247\243\345\231\250>, "/usr/lib/locale/C.utf8/LC_MESSAGES", O_RDONLY|O_CLOEXEC) = 3</usr/lib/locale/C.utf8/LC_MESSAGES>
1423658 openat(AT_FDCWD</tmp/kernel-audit2-v3r63b5w/\346\261\202\350\247\243\345\231\250>, "/usr/lib/locale/C.utf8/LC_MESSAGES/SYS_LC_MESSAGES", O_RDONLY|O_CLOEXEC) = 3</usr/lib/locale/C.utf8/LC_MESSAGES/SYS_LC_MESSAGES>
1423658 openat(AT_FDCWD</tmp/kernel-audit2-v3r63b5w/\346\261\202\350\247\243\345\231\250>, "/usr/lib/locale/C.UTF-8/LC_MONETARY", O_RDONLY|O_CLOEXEC) = -1 ENOENT (No such file or directory)
1423658 openat(AT_FDCWD</tmp/kernel-audit2-v3r63b5w/\346\261\202\350\247\243\345\231\250>, "/usr/lib/locale/C.utf8/LC_MONETARY", O_RDONLY|O_CLOEXEC) = 3</usr/lib/locale/C.utf8/LC_MONETARY>
1423658 openat(AT_FDCWD</tmp/kernel-audit2-v3r63b5w/\346\261\202\350\247\243\345\231\250>, "/usr/lib/locale/C.UTF-8/LC_COLLATE", O_RDONLY|O_CLOEXEC) = -1 ENOENT (No such file or directory)
1423658 openat(AT_FDCWD</tmp/kernel-audit2-v3r63b5w/\346\261\202\350\247\243\345\231\250>, "/usr/lib/locale/C.utf8/LC_COLLATE", O_RDONLY|O_CLOEXEC) = 3</usr/lib/locale/C.utf8/LC_COLLATE>
1423658 openat(AT_FDCWD</tmp/kernel-audit2-v3r63b5w/\346\261\202\350\247\243\345\231\250>, "/usr/lib/locale/C.UTF-8/LC_TIME", O_RDONLY|O_CLOEXEC) = -1 ENOENT (No such file or directory)
1423658 openat(AT_FDCWD</tmp/kernel-audit2-v3r63b5w/\346\261\202\350\247\243\345\231\250>, "/usr/lib/locale/C.utf8/LC_TIME", O_RDONLY|O_CLOEXEC) = 3</usr/lib/locale/C.utf8/LC_TIME>
1423658 openat(AT_FDCWD</tmp/kernel-audit2-v3r63b5w/\346\261\202\350\247\243\345\231\250>, "/usr/lib/locale/C.UTF-8/LC_NUMERIC", O_RDONLY|O_CLOEXEC) = -1 ENOENT (No such file or directory)
1423658 openat(AT_FDCWD</tmp/kernel-audit2-v3r63b5w/\346\261\202\350\247\243\345\231\250>, "/usr/lib/locale/C.utf8/LC_NUMERIC", O_RDONLY|O_CLOEXEC) = 3</usr/lib/locale/C.utf8/LC_NUMERIC>
1423658 openat(AT_FDCWD</tmp/kernel-audit2-v3r63b5w/\346\261\202\350\247\243\345\231\250>, "/usr/lib/locale/C.UTF-8/LC_CTYPE", O_RDONLY|O_CLOEXEC) = -1 ENOENT (No such file or directory)
1423658 openat(AT_FDCWD</tmp/kernel-audit2-v3r63b5w/\346\261\202\350\247\243\345\231\250>, "/usr/lib/locale/C.utf8/LC_CTYPE", O_RDONLY|O_CLOEXEC) = 3</usr/lib/locale/C.utf8/LC_CTYPE>
1423658 openat(AT_FDCWD</tmp/kernel-audit2-v3r63b5w/\346\261\202\350\247\243\345\231\250>, "/tmp/kernel-audit2-v3r63b5w/\346\261\202\350\247\243\347\272\246\346\235\237.txt", O_RDONLY) = 3</tmp/kernel-audit2-v3r63b5w/\346\261\202\350\247\243\347\272\246\346\235\237.txt>
1423646 --- SIGCHLD {si_signo=SIGCHLD, si_code=CLD_EXITED, si_pid=1423658, si_uid=1000, si_status=0, si_utime=0, si_stime=0} ---
1423646 openat(AT_FDCWD</tmp/kernel-audit2-v3r63b5w/\346\261\202\350\247\243\345\231\250>, "/dev/null", O_RDONLY|O_CLOEXEC) = 3</dev/null<char 1:3>>
1423659 execve("/home/zhuran24/.codex/tmp/arg0/codex-arg0DuAZRy/sha256sum", ["sha256sum", "--", "/tmp/kernel-audit2-v3r63b5w/\346\261\202\350\247\243\345\231\250/\350\247\204\346\240\274/\351\200\211\346\213\251\347\202\271\345\217\202\346\225\260\350\275\264.md"], 0x7ffd187fc5a8 /* 135 vars */) = -1 ENOENT (No such file or directory)
1423659 execve("/home/zhuran24/.cargo/bin/sha256sum", ["sha256sum", "--", "/tmp/kernel-audit2-v3r63b5w/\346\261\202\350\247\243\345\231\250/\350\247\204\346\240\274/\351\200\211\346\213\251\347\202\271\345\217\202\346\225\260\350\275\264.md"], 0x7ffd187fc5a8 /* 135 vars */) = -1 ENOENT (No such file or directory)
1423659 execve("/home/zhuran24/.local/bin/sha256sum", ["sha256sum", "--", "/tmp/kernel-audit2-v3r63b5w/\346\261\202\350\247\243\345\231\250/\350\247\204\346\240\274/\351\200\211\346\213\251\347\202\271\345\217\202\346\225\260\350\275\264.md"], 0x7ffd187fc5a8 /* 135 vars */) = -1 ENOENT (No such file or directory)
1423659 execve("/home/zhuran24/.opencode/bin/sha256sum", ["sha256sum", "--", "/tmp/kernel-audit2-v3r63b5w/\346\261\202\350\247\243\345\231\250/\350\247\204\346\240\274/\351\200\211\346\213\251\347\202\271\345\217\202\346\225\260\350\275\264.md"], 0x7ffd187fc5a8 /* 135 vars */) = -1 ENOENT (No such file or directory)
1423659 execve("/usr/local/bin/sha256sum", ["sha256sum", "--", "/tmp/kernel-audit2-v3r63b5w/\346\261\202\350\247\243\345\231\250/\350\247\204\346\240\274/\351\200\211\346\213\251\347\202\271\345\217\202\346\225\260\350\275\264.md"], 0x7ffd187fc5a8 /* 135 vars */) = -1 ENOENT (No such file or directory)
1423659 execve("/usr/bin/sha256sum", ["sha256sum", "--", "/tmp/kernel-audit2-v3r63b5w/\346\261\202\350\247\243\345\231\250/\350\247\204\346\240\274/\351\200\211\346\213\251\347\202\271\345\217\202\346\225\260\350\275\264.md"], 0x7ffd187fc5a8 /* 135 vars */) = 0
1423659 openat(AT_FDCWD</tmp/kernel-audit2-v3r63b5w/\346\261\202\350\247\243\345\231\250>, "/etc/ld.so.cache", O_RDONLY|O_CLOEXEC) = 3</etc/ld.so.cache>
1423659 openat(AT_FDCWD</tmp/kernel-audit2-v3r63b5w/\346\261\202\350\247\243\345\231\250>, "/usr/lib/libcrypto.so.3", O_RDONLY|O_CLOEXEC) = 3</usr/lib/libcrypto.so.3>
1423659 openat(AT_FDCWD</tmp/kernel-audit2-v3r63b5w/\346\261\202\350\247\243\345\231\250>, "/usr/lib/libc.so.6", O_RDONLY|O_CLOEXEC) = 3</usr/lib/libc.so.6>
1423659 openat(AT_FDCWD</tmp/kernel-audit2-v3r63b5w/\346\261\202\350\247\243\345\231\250>, "/usr/lib/libz.so.1", O_RDONLY|O_CLOEXEC) = 3</usr/lib/libz.so.1.3.1.zlib-ng>
1423659 openat(AT_FDCWD</tmp/kernel-audit2-v3r63b5w/\346\261\202\350\247\243\345\231\250>, "/usr/lib/libbrotlienc.so.1", O_RDONLY|O_CLOEXEC) = 3</usr/lib/libbrotlienc.so.1.2.0>
1423659 openat(AT_FDCWD</tmp/kernel-audit2-v3r63b5w/\346\261\202\350\247\243\345\231\250>, "/usr/lib/libbrotlidec.so.1", O_RDONLY|O_CLOEXEC) = 3</usr/lib/libbrotlidec.so.1.2.0>
1423659 openat(AT_FDCWD</tmp/kernel-audit2-v3r63b5w/\346\261\202\350\247\243\345\231\250>, "/usr/lib/libzstd.so.1", O_RDONLY|O_CLOEXEC) = 3</usr/lib/libzstd.so.1.5.7>
1423659 openat(AT_FDCWD</tmp/kernel-audit2-v3r63b5w/\346\261\202\350\247\243\345\231\250>, "/usr/lib/libm.so.6", O_RDONLY|O_CLOEXEC) = 3</usr/lib/libm.so.6>
1423659 openat(AT_FDCWD</tmp/kernel-audit2-v3r63b5w/\346\261\202\350\247\243\345\231\250>, "/usr/lib/libbrotlicommon.so.1", O_RDONLY|O_CLOEXEC) = 3</usr/lib/libbrotlicommon.so.1.2.0>
1423659 openat(AT_FDCWD</tmp/kernel-audit2-v3r63b5w/\346\261\202\350\247\243\345\231\250>, "/usr/lib/locale/locale-archive", O_RDONLY|O_CLOEXEC) = 3</usr/lib/locale/locale-archive>
1423659 openat(AT_FDCWD</tmp/kernel-audit2-v3r63b5w/\346\261\202\350\247\243\345\231\250>, "/usr/share/locale/locale.alias", O_RDONLY|O_CLOEXEC) = 3</usr/share/locale/locale.alias>
1423659 openat(AT_FDCWD</tmp/kernel-audit2-v3r63b5w/\346\261\202\350\247\243\345\231\250>, "/usr/lib/locale/C.UTF-8/LC_IDENTIFICATION", O_RDONLY|O_CLOEXEC) = -1 ENOENT (No such file or directory)
1423659 openat(AT_FDCWD</tmp/kernel-audit2-v3r63b5w/\346\261\202\350\247\243\345\231\250>, "/usr/lib/locale/C.utf8/LC_IDENTIFICATION", O_RDONLY|O_CLOEXEC) = 3</usr/lib/locale/C.utf8/LC_IDENTIFICATION>
1423659 openat(AT_FDCWD</tmp/kernel-audit2-v3r63b5w/\346\261\202\350\247\243\345\231\250>, "/usr/lib/gconv/gconv-modules.cache", O_RDONLY|O_CLOEXEC) = 3</usr/lib/gconv/gconv-modules.cache>
1423659 openat(AT_FDCWD</tmp/kernel-audit2-v3r63b5w/\346\261\202\350\247\243\345\231\250>, "/usr/lib/locale/C.UTF-8/LC_MEASUREMENT", O_RDONLY|O_CLOEXEC) = -1 ENOENT (No such file or directory)
1423659 openat(AT_FDCWD</tmp/kernel-audit2-v3r63b5w/\346\261\202\350\247\243\345\231\250>, "/usr/lib/locale/C.utf8/LC_MEASUREMENT", O_RDONLY|O_CLOEXEC) = 3</usr/lib/locale/C.utf8/LC_MEASUREMENT>
1423659 openat(AT_FDCWD</tmp/kernel-audit2-v3r63b5w/\346\261\202\350\247\243\345\231\250>, "/usr/lib/locale/C.UTF-8/LC_TELEPHONE", O_RDONLY|O_CLOEXEC) = -1 ENOENT (No such file or directory)
1423659 openat(AT_FDCWD</tmp/kernel-audit2-v3r63b5w/\346\261\202\350\247\243\345\231\250>, "/usr/lib/locale/C.utf8/LC_TELEPHONE", O_RDONLY|O_CLOEXEC) = 3</usr/lib/locale/C.utf8/LC_TELEPHONE>
1423659 openat(AT_FDCWD</tmp/kernel-audit2-v3r63b5w/\346\261\202\350\247\243\345\231\250>, "/usr/lib/locale/C.UTF-8/LC_ADDRESS", O_RDONLY|O_CLOEXEC) = -1 ENOENT (No such file or directory)
1423659 openat(AT_FDCWD</tmp/kernel-audit2-v3r63b5w/\346\261\202\350\247\243\345\231\250>, "/usr/lib/locale/C.utf8/LC_ADDRESS", O_RDONLY|O_CLOEXEC) = 3</usr/lib/locale/C.utf8/LC_ADDRESS>
1423659 openat(AT_FDCWD</tmp/kernel-audit2-v3r63b5w/\346\261\202\350\247\243\345\231\250>, "/usr/lib/locale/C.UTF-8/LC_NAME", O_RDONLY|O_CLOEXEC) = -1 ENOENT (No such file or directory)
1423659 openat(AT_FDCWD</tmp/kernel-audit2-v3r63b5w/\346\261\202\350\247\243\345\231\250>, "/usr/lib/locale/C.utf8/LC_NAME", O_RDONLY|O_CLOEXEC) = 3</usr/lib/locale/C.utf8/LC_NAME>
1423659 openat(AT_FDCWD</tmp/kernel-audit2-v3r63b5w/\346\261\202\350\247\243\345\231\250>, "/usr/lib/locale/C.UTF-8/LC_PAPER", O_RDONLY|O_CLOEXEC) = -1 ENOENT (No such file or directory)
1423659 openat(AT_FDCWD</tmp/kernel-audit2-v3r63b5w/\346\261\202\350\247\243\345\231\250>, "/usr/lib/locale/C.utf8/LC_PAPER", O_RDONLY|O_CLOEXEC) = 3</usr/lib/locale/C.utf8/LC_PAPER>
1423659 openat(AT_FDCWD</tmp/kernel-audit2-v3r63b5w/\346\261\202\350\247\243\345\231\250>, "/usr/lib/locale/C.UTF-8/LC_MESSAGES", O_RDONLY|O_CLOEXEC) = -1 ENOENT (No such file or directory)
1423659 openat(AT_FDCWD</tmp/kernel-audit2-v3r63b5w/\346\261\202\350\247\243\345\231\250>, "/usr/lib/locale/C.utf8/LC_MESSAGES", O_RDONLY|O_CLOEXEC) = 3</usr/lib/locale/C.utf8/LC_MESSAGES>
1423659 openat(AT_FDCWD</tmp/kernel-audit2-v3r63b5w/\346\261\202\350\247\243\345\231\250>, "/usr/lib/locale/C.utf8/LC_MESSAGES/SYS_LC_MESSAGES", O_RDONLY|O_CLOEXEC) = 3</usr/lib/locale/C.utf8/LC_MESSAGES/SYS_LC_MESSAGES>
1423659 openat(AT_FDCWD</tmp/kernel-audit2-v3r63b5w/\346\261\202\350\247\243\345\231\250>, "/usr/lib/locale/C.UTF-8/LC_MONETARY", O_RDONLY|O_CLOEXEC) = -1 ENOENT (No such file or directory)
1423659 openat(AT_FDCWD</tmp/kernel-audit2-v3r63b5w/\346\261\202\350\247\243\345\231\250>, "/usr/lib/locale/C.utf8/LC_MONETARY", O_RDONLY|O_CLOEXEC) = 3</usr/lib/locale/C.utf8/LC_MONETARY>
1423659 openat(AT_FDCWD</tmp/kernel-audit2-v3r63b5w/\346\261\202\350\247\243\345\231\250>, "/usr/lib/locale/C.UTF-8/LC_COLLATE", O_RDONLY|O_CLOEXEC) = -1 ENOENT (No such file or directory)
1423659 openat(AT_FDCWD</tmp/kernel-audit2-v3r63b5w/\346\261\202\350\247\243\345\231\250>, "/usr/lib/locale/C.utf8/LC_COLLATE", O_RDONLY|O_CLOEXEC) = 3</usr/lib/locale/C.utf8/LC_COLLATE>
1423659 openat(AT_FDCWD</tmp/kernel-audit2-v3r63b5w/\346\261\202\350\247\243\345\231\250>, "/usr/lib/locale/C.UTF-8/LC_TIME", O_RDONLY|O_CLOEXEC) = -1 ENOENT (No such file or directory)
1423659 openat(AT_FDCWD</tmp/kernel-audit2-v3r63b5w/\346\261\202\350\247\243\345\231\250>, "/usr/lib/locale/C.utf8/LC_TIME", O_RDONLY|O_CLOEXEC) = 3</usr/lib/locale/C.utf8/LC_TIME>
1423659 openat(AT_FDCWD</tmp/kernel-audit2-v3r63b5w/\346\261\202\350\247\243\345\231\250>, "/usr/lib/locale/C.UTF-8/LC_NUMERIC", O_RDONLY|O_CLOEXEC) = -1 ENOENT (No such file or directory)
1423659 openat(AT_FDCWD</tmp/kernel-audit2-v3r63b5w/\346\261\202\350\247\243\345\231\250>, "/usr/lib/locale/C.utf8/LC_NUMERIC", O_RDONLY|O_CLOEXEC) = 3</usr/lib/locale/C.utf8/LC_NUMERIC>
1423659 openat(AT_FDCWD</tmp/kernel-audit2-v3r63b5w/\346\261\202\350\247\243\345\231\250>, "/usr/lib/locale/C.UTF-8/LC_CTYPE", O_RDONLY|O_CLOEXEC) = -1 ENOENT (No such file or directory)
1423659 openat(AT_FDCWD</tmp/kernel-audit2-v3r63b5w/\346\261\202\350\247\243\345\231\250>, "/usr/lib/locale/C.utf8/LC_CTYPE", O_RDONLY|O_CLOEXEC) = 3</usr/lib/locale/C.utf8/LC_CTYPE>
1423659 openat(AT_FDCWD</tmp/kernel-audit2-v3r63b5w/\346\261\202\350\247\243\345\231\250>, "/tmp/kernel-audit2-v3r63b5w/\346\261\202\350\247\243\345\231\250/\350\247\204\346\240\274/\351\200\211\346\213\251\347\202\271\345\217\202\346\225\260\350\275\264.md", O_RDONLY) = 3</tmp/kernel-audit2-v3r63b5w/\346\261\202\350\247\243\345\231\250/\350\247\204\346\240\274/\351\200\211\346\213\251\347\202\271\345\217\202\346\225\260\350\275\264.md>
1423646 --- SIGCHLD {si_signo=SIGCHLD, si_code=CLD_EXITED, si_pid=1423659, si_uid=1000, si_status=0, si_utime=0, si_stime=0} ---
1423646 openat(AT_FDCWD</tmp/kernel-audit2-v3r63b5w/\346\261\202\350\247\243\345\231\250>, "/dev/null", O_RDONLY|O_CLOEXEC) = 3</dev/null<char 1:3>>
1423660 execve("/home/zhuran24/.codex/tmp/arg0/codex-arg0DuAZRy/sha256sum", ["sha256sum", "--", "/tmp/kernel-audit2-v3r63b5w/\346\261\202\350\247\243\345\231\250/\350\247\204\346\240\274/\345\217\227\351\231\220\346\250\241\345\236\213\345\243\260\346\230\216.md"], 0x7ffd187fc5a8 /* 135 vars */) = -1 ENOENT (No such file or directory)
1423660 execve("/home/zhuran24/.cargo/bin/sha256sum", ["sha256sum", "--", "/tmp/kernel-audit2-v3r63b5w/\346\261\202\350\247\243\345\231\250/\350\247\204\346\240\274/\345\217\227\351\231\220\346\250\241\345\236\213\345\243\260\346\230\216.md"], 0x7ffd187fc5a8 /* 135 vars */) = -1 ENOENT (No such file or directory)
1423660 execve("/home/zhuran24/.local/bin/sha256sum", ["sha256sum", "--", "/tmp/kernel-audit2-v3r63b5w/\346\261\202\350\247\243\345\231\250/\350\247\204\346\240\274/\345\217\227\351\231\220\346\250\241\345\236\213\345\243\260\346\230\216.md"], 0x7ffd187fc5a8 /* 135 vars */) = -1 ENOENT (No such file or directory)
1423660 execve("/home/zhuran24/.opencode/bin/sha256sum", ["sha256sum", "--", "/tmp/kernel-audit2-v3r63b5w/\346\261\202\350\247\243\345\231\250/\350\247\204\346\240\274/\345\217\227\351\231\220\346\250\241\345\236\213\345\243\260\346\230\216.md"], 0x7ffd187fc5a8 /* 135 vars */) = -1 ENOENT (No such file or directory)
1423660 execve("/usr/local/bin/sha256sum", ["sha256sum", "--", "/tmp/kernel-audit2-v3r63b5w/\346\261\202\350\247\243\345\231\250/\350\247\204\346\240\274/\345\217\227\351\231\220\346\250\241\345\236\213\345\243\260\346\230\216.md"], 0x7ffd187fc5a8 /* 135 vars */) = -1 ENOENT (No such file or directory)
1423660 execve("/usr/bin/sha256sum", ["sha256sum", "--", "/tmp/kernel-audit2-v3r63b5w/\346\261\202\350\247\243\345\231\250/\350\247\204\346\240\274/\345\217\227\351\231\220\346\250\241\345\236\213\345\243\260\346\230\216.md"], 0x7ffd187fc5a8 /* 135 vars */) = 0
1423660 openat(AT_FDCWD</tmp/kernel-audit2-v3r63b5w/\346\261\202\350\247\243\345\231\250>, "/etc/ld.so.cache", O_RDONLY|O_CLOEXEC) = 3</etc/ld.so.cache>
1423660 openat(AT_FDCWD</tmp/kernel-audit2-v3r63b5w/\346\261\202\350\247\243\345\231\250>, "/usr/lib/libcrypto.so.3", O_RDONLY|O_CLOEXEC) = 3</usr/lib/libcrypto.so.3>
1423660 openat(AT_FDCWD</tmp/kernel-audit2-v3r63b5w/\346\261\202\350\247\243\345\231\250>, "/usr/lib/libc.so.6", O_RDONLY|O_CLOEXEC) = 3</usr/lib/libc.so.6>
1423660 openat(AT_FDCWD</tmp/kernel-audit2-v3r63b5w/\346\261\202\350\247\243\345\231\250>, "/usr/lib/libz.so.1", O_RDONLY|O_CLOEXEC) = 3</usr/lib/libz.so.1.3.1.zlib-ng>
1423660 openat(AT_FDCWD</tmp/kernel-audit2-v3r63b5w/\346\261\202\350\247\243\345\231\250>, "/usr/lib/libbrotlienc.so.1", O_RDONLY|O_CLOEXEC) = 3</usr/lib/libbrotlienc.so.1.2.0>
1423660 openat(AT_FDCWD</tmp/kernel-audit2-v3r63b5w/\346\261\202\350\247\243\345\231\250>, "/usr/lib/libbrotlidec.so.1", O_RDONLY|O_CLOEXEC) = 3</usr/lib/libbrotlidec.so.1.2.0>
1423660 openat(AT_FDCWD</tmp/kernel-audit2-v3r63b5w/\346\261\202\350\247\243\345\231\250>, "/usr/lib/libzstd.so.1", O_RDONLY|O_CLOEXEC) = 3</usr/lib/libzstd.so.1.5.7>
1423660 openat(AT_FDCWD</tmp/kernel-audit2-v3r63b5w/\346\261\202\350\247\243\345\231\250>, "/usr/lib/libm.so.6", O_RDONLY|O_CLOEXEC) = 3</usr/lib/libm.so.6>
1423660 openat(AT_FDCWD</tmp/kernel-audit2-v3r63b5w/\346\261\202\350\247\243\345\231\250>, "/usr/lib/libbrotlicommon.so.1", O_RDONLY|O_CLOEXEC) = 3</usr/lib/libbrotlicommon.so.1.2.0>
1423660 openat(AT_FDCWD</tmp/kernel-audit2-v3r63b5w/\346\261\202\350\247\243\345\231\250>, "/usr/lib/locale/locale-archive", O_RDONLY|O_CLOEXEC) = 3</usr/lib/locale/locale-archive>
1423660 openat(AT_FDCWD</tmp/kernel-audit2-v3r63b5w/\346\261\202\350\247\243\345\231\250>, "/usr/share/locale/locale.alias", O_RDONLY|O_CLOEXEC) = 3</usr/share/locale/locale.alias>
1423660 openat(AT_FDCWD</tmp/kernel-audit2-v3r63b5w/\346\261\202\350\247\243\345\231\250>, "/usr/lib/locale/C.UTF-8/LC_IDENTIFICATION", O_RDONLY|O_CLOEXEC) = -1 ENOENT (No such file or directory)
1423660 openat(AT_FDCWD</tmp/kernel-audit2-v3r63b5w/\346\261\202\350\247\243\345\231\250>, "/usr/lib/locale/C.utf8/LC_IDENTIFICATION", O_RDONLY|O_CLOEXEC) = 3</usr/lib/locale/C.utf8/LC_IDENTIFICATION>
1423660 openat(AT_FDCWD</tmp/kernel-audit2-v3r63b5w/\346\261\202\350\247\243\345\231\250>, "/usr/lib/gconv/gconv-modules.cache", O_RDONLY|O_CLOEXEC) = 3</usr/lib/gconv/gconv-modules.cache>
1423660 openat(AT_FDCWD</tmp/kernel-audit2-v3r63b5w/\346\261\202\350\247\243\345\231\250>, "/usr/lib/locale/C.UTF-8/LC_MEASUREMENT", O_RDONLY|O_CLOEXEC) = -1 ENOENT (No such file or directory)
1423660 openat(AT_FDCWD</tmp/kernel-audit2-v3r63b5w/\346\261\202\350\247\243\345\231\250>, "/usr/lib/locale/C.utf8/LC_MEASUREMENT", O_RDONLY|O_CLOEXEC) = 3</usr/lib/locale/C.utf8/LC_MEASUREMENT>
1423660 openat(AT_FDCWD</tmp/kernel-audit2-v3r63b5w/\346\261\202\350\247\243\345\231\250>, "/usr/lib/locale/C.UTF-8/LC_TELEPHONE", O_RDONLY|O_CLOEXEC) = -1 ENOENT (No such file or directory)
1423660 openat(AT_FDCWD</tmp/kernel-audit2-v3r63b5w/\346\261\202\350\247\243\345\231\250>, "/usr/lib/locale/C.utf8/LC_TELEPHONE", O_RDONLY|O_CLOEXEC) = 3</usr/lib/locale/C.utf8/LC_TELEPHONE>
1423660 openat(AT_FDCWD</tmp/kernel-audit2-v3r63b5w/\346\261\202\350\247\243\345\231\250>, "/usr/lib/locale/C.UTF-8/LC_ADDRESS", O_RDONLY|O_CLOEXEC) = -1 ENOENT (No such file or directory)
1423660 openat(AT_FDCWD</tmp/kernel-audit2-v3r63b5w/\346\261\202\350\247\243\345\231\250>, "/usr/lib/locale/C.utf8/LC_ADDRESS", O_RDONLY|O_CLOEXEC) = 3</usr/lib/locale/C.utf8/LC_ADDRESS>
1423660 openat(AT_FDCWD</tmp/kernel-audit2-v3r63b5w/\346\261\202\350\247\243\345\231\250>, "/usr/lib/locale/C.UTF-8/LC_NAME", O_RDONLY|O_CLOEXEC) = -1 ENOENT (No such file or directory)
1423660 openat(AT_FDCWD</tmp/kernel-audit2-v3r63b5w/\346\261\202\350\247\243\345\231\250>, "/usr/lib/locale/C.utf8/LC_NAME", O_RDONLY|O_CLOEXEC) = 3</usr/lib/locale/C.utf8/LC_NAME>
1423660 openat(AT_FDCWD</tmp/kernel-audit2-v3r63b5w/\346\261\202\350\247\243\345\231\250>, "/usr/lib/locale/C.UTF-8/LC_PAPER", O_RDONLY|O_CLOEXEC) = -1 ENOENT (No such file or directory)
1423660 openat(AT_FDCWD</tmp/kernel-audit2-v3r63b5w/\346\261\202\350\247\243\345\231\250>, "/usr/lib/locale/C.utf8/LC_PAPER", O_RDONLY|O_CLOEXEC) = 3</usr/lib/locale/C.utf8/LC_PAPER>
1423660 openat(AT_FDCWD</tmp/kernel-audit2-v3r63b5w/\346\261\202\350\247\243\345\231\250>, "/usr/lib/locale/C.UTF-8/LC_MESSAGES", O_RDONLY|O_CLOEXEC) = -1 ENOENT (No such file or directory)
1423660 openat(AT_FDCWD</tmp/kernel-audit2-v3r63b5w/\346\261\202\350\247\243\345\231\250>, "/usr/lib/locale/C.utf8/LC_MESSAGES", O_RDONLY|O_CLOEXEC) = 3</usr/lib/locale/C.utf8/LC_MESSAGES>
1423660 openat(AT_FDCWD</tmp/kernel-audit2-v3r63b5w/\346\261\202\350\247\243\345\231\250>, "/usr/lib/locale/C.utf8/LC_MESSAGES/SYS_LC_MESSAGES", O_RDONLY|O_CLOEXEC) = 3</usr/lib/locale/C.utf8/LC_MESSAGES/SYS_LC_MESSAGES>
1423660 openat(AT_FDCWD</tmp/kernel-audit2-v3r63b5w/\346\261\202\350\247\243\345\231\250>, "/usr/lib/locale/C.UTF-8/LC_MONETARY", O_RDONLY|O_CLOEXEC) = -1 ENOENT (No such file or directory)
1423660 openat(AT_FDCWD</tmp/kernel-audit2-v3r63b5w/\346\261\202\350\247\243\345\231\250>, "/usr/lib/locale/C.utf8/LC_MONETARY", O_RDONLY|O_CLOEXEC) = 3</usr/lib/locale/C.utf8/LC_MONETARY>
1423660 openat(AT_FDCWD</tmp/kernel-audit2-v3r63b5w/\346\261\202\350\247\243\345\231\250>, "/usr/lib/locale/C.UTF-8/LC_COLLATE", O_RDONLY|O_CLOEXEC) = -1 ENOENT (No such file or directory)
1423660 openat(AT_FDCWD</tmp/kernel-audit2-v3r63b5w/\346\261\202\350\247\243\345\231\250>, "/usr/lib/locale/C.utf8/LC_COLLATE", O_RDONLY|O_CLOEXEC) = 3</usr/lib/locale/C.utf8/LC_COLLATE>
1423660 openat(AT_FDCWD</tmp/kernel-audit2-v3r63b5w/\346\261\202\350\247\243\345\231\250>, "/usr/lib/locale/C.UTF-8/LC_TIME", O_RDONLY|O_CLOEXEC) = -1 ENOENT (No such file or directory)
1423660 openat(AT_FDCWD</tmp/kernel-audit2-v3r63b5w/\346\261\202\350\247\243\345\231\250>, "/usr/lib/locale/C.utf8/LC_TIME", O_RDONLY|O_CLOEXEC) = 3</usr/lib/locale/C.utf8/LC_TIME>
1423660 openat(AT_FDCWD</tmp/kernel-audit2-v3r63b5w/\346\261\202\350\247\243\345\231\250>, "/usr/lib/locale/C.UTF-8/LC_NUMERIC", O_RDONLY|O_CLOEXEC) = -1 ENOENT (No such file or directory)
1423660 openat(AT_FDCWD</tmp/kernel-audit2-v3r63b5w/\346\261\202\350\247\243\345\231\250>, "/usr/lib/locale/C.utf8/LC_NUMERIC", O_RDONLY|O_CLOEXEC) = 3</usr/lib/locale/C.utf8/LC_NUMERIC>
1423660 openat(AT_FDCWD</tmp/kernel-audit2-v3r63b5w/\346\261\202\350\247\243\345\231\250>, "/usr/lib/locale/C.UTF-8/LC_CTYPE", O_RDONLY|O_CLOEXEC) = -1 ENOENT (No such file or directory)
1423660 openat(AT_FDCWD</tmp/kernel-audit2-v3r63b5w/\346\261\202\350\247\243\345\231\250>, "/usr/lib/locale/C.utf8/LC_CTYPE", O_RDONLY|O_CLOEXEC) = 3</usr/lib/locale/C.utf8/LC_CTYPE>
1423660 openat(AT_FDCWD</tmp/kernel-audit2-v3r63b5w/\346\261\202\350\247\243\345\231\250>, "/tmp/kernel-audit2-v3r63b5w/\346\261\202\350\247\243\345\231\250/\350\247\204\346\240\274/\345\217\227\351\231\220\346\250\241\345\236\213\345\243\260\346\230\216.md", O_RDONLY) = 3</tmp/kernel-audit2-v3r63b5w/\346\261\202\350\247\243\345\231\250/\350\247\204\346\240\274/\345\217\227\351\231\220\346\250\241\345\236\213\345\243\260\346\230\216.md>
1423646 --- SIGCHLD {si_signo=SIGCHLD, si_code=CLD_EXITED, si_pid=1423660, si_uid=1000, si_status=0, si_utime=0, si_stime=0} ---
1423646 openat(AT_FDCWD</tmp/kernel-audit2-v3r63b5w/\346\261\202\350\247\243\345\231\250>, "/dev/null", O_RDONLY|O_CLOEXEC) = 3</dev/null<char 1:3>>
1423661 execve("/home/zhuran24/.codex/tmp/arg0/codex-arg0DuAZRy/sha256sum", ["sha256sum", "--", "/tmp/kernel-audit2-v3r63b5w/\346\261\202\350\247\243\345\231\250/\350\247\204\346\240\274/\345\217\227\351\231\220\350\275\254\347\247\273\345\256\232\344\271\211.md"], 0x7ffd187fc5a8 /* 135 vars */) = -1 ENOENT (No such file or directory)
1423661 execve("/home/zhuran24/.cargo/bin/sha256sum", ["sha256sum", "--", "/tmp/kernel-audit2-v3r63b5w/\346\261\202\350\247\243\345\231\250/\350\247\204\346\240\274/\345\217\227\351\231\220\350\275\254\347\247\273\345\256\232\344\271\211.md"], 0x7ffd187fc5a8 /* 135 vars */) = -1 ENOENT (No such file or directory)
1423661 execve("/home/zhuran24/.local/bin/sha256sum", ["sha256sum", "--", "/tmp/kernel-audit2-v3r63b5w/\346\261\202\350\247\243\345\231\250/\350\247\204\346\240\274/\345\217\227\351\231\220\350\275\254\347\247\273\345\256\232\344\271\211.md"], 0x7ffd187fc5a8 /* 135 vars */) = -1 ENOENT (No such file or directory)
1423661 execve("/home/zhuran24/.opencode/bin/sha256sum", ["sha256sum", "--", "/tmp/kernel-audit2-v3r63b5w/\346\261\202\350\247\243\345\231\250/\350\247\204\346\240\274/\345\217\227\351\231\220\350\275\254\347\247\273\345\256\232\344\271\211.md"], 0x7ffd187fc5a8 /* 135 vars */) = -1 ENOENT (No such file or directory)
1423661 execve("/usr/local/bin/sha256sum", ["sha256sum", "--", "/tmp/kernel-audit2-v3r63b5w/\346\261\202\350\247\243\345\231\250/\350\247\204\346\240\274/\345\217\227\351\231\220\350\275\254\347\247\273\345\256\232\344\271\211.md"], 0x7ffd187fc5a8 /* 135 vars */) = -1 ENOENT (No such file or directory)
1423661 execve("/usr/bin/sha256sum", ["sha256sum", "--", "/tmp/kernel-audit2-v3r63b5w/\346\261\202\350\247\243\345\231\250/\350\247\204\346\240\274/\345\217\227\351\231\220\350\275\254\347\247\273\345\256\232\344\271\211.md"], 0x7ffd187fc5a8 /* 135 vars */) = 0
1423661 openat(AT_FDCWD</tmp/kernel-audit2-v3r63b5w/\346\261\202\350\247\243\345\231\250>, "/etc/ld.so.cache", O_RDONLY|O_CLOEXEC) = 3</etc/ld.so.cache>
1423661 openat(AT_FDCWD</tmp/kernel-audit2-v3r63b5w/\346\261\202\350\247\243\345\231\250>, "/usr/lib/libcrypto.so.3", O_RDONLY|O_CLOEXEC) = 3</usr/lib/libcrypto.so.3>
1423661 openat(AT_FDCWD</tmp/kernel-audit2-v3r63b5w/\346\261\202\350\247\243\345\231\250>, "/usr/lib/libc.so.6", O_RDONLY|O_CLOEXEC) = 3</usr/lib/libc.so.6>
1423661 openat(AT_FDCWD</tmp/kernel-audit2-v3r63b5w/\346\261\202\350\247\243\345\231\250>, "/usr/lib/libz.so.1", O_RDONLY|O_CLOEXEC) = 3</usr/lib/libz.so.1.3.1.zlib-ng>
1423661 openat(AT_FDCWD</tmp/kernel-audit2-v3r63b5w/\346\261\202\350\247\243\345\231\250>, "/usr/lib/libbrotlienc.so.1", O_RDONLY|O_CLOEXEC) = 3</usr/lib/libbrotlienc.so.1.2.0>
1423661 openat(AT_FDCWD</tmp/kernel-audit2-v3r63b5w/\346\261\202\350\247\243\345\231\250>, "/usr/lib/libbrotlidec.so.1", O_RDONLY|O_CLOEXEC) = 3</usr/lib/libbrotlidec.so.1.2.0>
1423661 openat(AT_FDCWD</tmp/kernel-audit2-v3r63b5w/\346\261\202\350\247\243\345\231\250>, "/usr/lib/libzstd.so.1", O_RDONLY|O_CLOEXEC) = 3</usr/lib/libzstd.so.1.5.7>
1423661 openat(AT_FDCWD</tmp/kernel-audit2-v3r63b5w/\346\261\202\350\247\243\345\231\250>, "/usr/lib/libm.so.6", O_RDONLY|O_CLOEXEC) = 3</usr/lib/libm.so.6>
1423661 openat(AT_FDCWD</tmp/kernel-audit2-v3r63b5w/\346\261\202\350\247\243\345\231\250>, "/usr/lib/libbrotlicommon.so.1", O_RDONLY|O_CLOEXEC) = 3</usr/lib/libbrotlicommon.so.1.2.0>
1423661 openat(AT_FDCWD</tmp/kernel-audit2-v3r63b5w/\346\261\202\350\247\243\345\231\250>, "/usr/lib/locale/locale-archive", O_RDONLY|O_CLOEXEC) = 3</usr/lib/locale/locale-archive>
1423661 openat(AT_FDCWD</tmp/kernel-audit2-v3r63b5w/\346\261\202\350\247\243\345\231\250>, "/usr/share/locale/locale.alias", O_RDONLY|O_CLOEXEC) = 3</usr/share/locale/locale.alias>
1423661 openat(AT_FDCWD</tmp/kernel-audit2-v3r63b5w/\346\261\202\350\247\243\345\231\250>, "/usr/lib/locale/C.UTF-8/LC_IDENTIFICATION", O_RDONLY|O_CLOEXEC) = -1 ENOENT (No such file or directory)
1423661 openat(AT_FDCWD</tmp/kernel-audit2-v3r63b5w/\346\261\202\350\247\243\345\231\250>, "/usr/lib/locale/C.utf8/LC_IDENTIFICATION", O_RDONLY|O_CLOEXEC) = 3</usr/lib/locale/C.utf8/LC_IDENTIFICATION>
1423661 openat(AT_FDCWD</tmp/kernel-audit2-v3r63b5w/\346\261\202\350\247\243\345\231\250>, "/usr/lib/gconv/gconv-modules.cache", O_RDONLY|O_CLOEXEC) = 3</usr/lib/gconv/gconv-modules.cache>
1423661 openat(AT_FDCWD</tmp/kernel-audit2-v3r63b5w/\346\261\202\350\247\243\345\231\250>, "/usr/lib/locale/C.UTF-8/LC_MEASUREMENT", O_RDONLY|O_CLOEXEC) = -1 ENOENT (No such file or directory)
1423661 openat(AT_FDCWD</tmp/kernel-audit2-v3r63b5w/\346\261\202\350\247\243\345\231\250>, "/usr/lib/locale/C.utf8/LC_MEASUREMENT", O_RDONLY|O_CLOEXEC) = 3</usr/lib/locale/C.utf8/LC_MEASUREMENT>
1423661 openat(AT_FDCWD</tmp/kernel-audit2-v3r63b5w/\346\261\202\350\247\243\345\231\250>, "/usr/lib/locale/C.UTF-8/LC_TELEPHONE", O_RDONLY|O_CLOEXEC) = -1 ENOENT (No such file or directory)
1423661 openat(AT_FDCWD</tmp/kernel-audit2-v3r63b5w/\346\261\202\350\247\243\345\231\250>, "/usr/lib/locale/C.utf8/LC_TELEPHONE", O_RDONLY|O_CLOEXEC) = 3</usr/lib/locale/C.utf8/LC_TELEPHONE>
1423661 openat(AT_FDCWD</tmp/kernel-audit2-v3r63b5w/\346\261\202\350\247\243\345\231\250>, "/usr/lib/locale/C.UTF-8/LC_ADDRESS", O_RDONLY|O_CLOEXEC) = -1 ENOENT (No such file or directory)
1423661 openat(AT_FDCWD</tmp/kernel-audit2-v3r63b5w/\346\261\202\350\247\243\345\231\250>, "/usr/lib/locale/C.utf8/LC_ADDRESS", O_RDONLY|O_CLOEXEC) = 3</usr/lib/locale/C.utf8/LC_ADDRESS>
1423661 openat(AT_FDCWD</tmp/kernel-audit2-v3r63b5w/\346\261\202\350\247\243\345\231\250>, "/usr/lib/locale/C.UTF-8/LC_NAME", O_RDONLY|O_CLOEXEC) = -1 ENOENT (No such file or directory)
1423661 openat(AT_FDCWD</tmp/kernel-audit2-v3r63b5w/\346\261\202\350\247\243\345\231\250>, "/usr/lib/locale/C.utf8/LC_NAME", O_RDONLY|O_CLOEXEC) = 3</usr/lib/locale/C.utf8/LC_NAME>
1423661 openat(AT_FDCWD</tmp/kernel-audit2-v3r63b5w/\346\261\202\350\247\243\345\231\250>, "/usr/lib/locale/C.UTF-8/LC_PAPER", O_RDONLY|O_CLOEXEC) = -1 ENOENT (No such file or directory)
1423661 openat(AT_FDCWD</tmp/kernel-audit2-v3r63b5w/\346\261\202\350\247\243\345\231\250>, "/usr/lib/locale/C.utf8/LC_PAPER", O_RDONLY|O_CLOEXEC) = 3</usr/lib/locale/C.utf8/LC_PAPER>
1423661 openat(AT_FDCWD</tmp/kernel-audit2-v3r63b5w/\346\261\202\350\247\243\345\231\250>, "/usr/lib/locale/C.UTF-8/LC_MESSAGES", O_RDONLY|O_CLOEXEC) = -1 ENOENT (No such file or directory)
1423661 openat(AT_FDCWD</tmp/kernel-audit2-v3r63b5w/\346\261\202\350\247\243\345\231\250>, "/usr/lib/locale/C.utf8/LC_MESSAGES", O_RDONLY|O_CLOEXEC) = 3</usr/lib/locale/C.utf8/LC_MESSAGES>
1423661 openat(AT_FDCWD</tmp/kernel-audit2-v3r63b5w/\346\261\202\350\247\243\345\231\250>, "/usr/lib/locale/C.utf8/LC_MESSAGES/SYS_LC_MESSAGES", O_RDONLY|O_CLOEXEC) = 3</usr/lib/locale/C.utf8/LC_MESSAGES/SYS_LC_MESSAGES>
1423661 openat(AT_FDCWD</tmp/kernel-audit2-v3r63b5w/\346\261\202\350\247\243\345\231\250>, "/usr/lib/locale/C.UTF-8/LC_MONETARY", O_RDONLY|O_CLOEXEC) = -1 ENOENT (No such file or directory)
1423661 openat(AT_FDCWD</tmp/kernel-audit2-v3r63b5w/\346\261\202\350\247\243\345\231\250>, "/usr/lib/locale/C.utf8/LC_MONETARY", O_RDONLY|O_CLOEXEC) = 3</usr/lib/locale/C.utf8/LC_MONETARY>
1423661 openat(AT_FDCWD</tmp/kernel-audit2-v3r63b5w/\346\261\202\350\247\243\345\231\250>, "/usr/lib/locale/C.UTF-8/LC_COLLATE", O_RDONLY|O_CLOEXEC) = -1 ENOENT (No such file or directory)
1423661 openat(AT_FDCWD</tmp/kernel-audit2-v3r63b5w/\346\261\202\350\247\243\345\231\250>, "/usr/lib/locale/C.utf8/LC_COLLATE", O_RDONLY|O_CLOEXEC) = 3</usr/lib/locale/C.utf8/LC_COLLATE>
1423661 openat(AT_FDCWD</tmp/kernel-audit2-v3r63b5w/\346\261\202\350\247\243\345\231\250>, "/usr/lib/locale/C.UTF-8/LC_TIME", O_RDONLY|O_CLOEXEC) = -1 ENOENT (No such file or directory)
1423661 openat(AT_FDCWD</tmp/kernel-audit2-v3r63b5w/\346\261\202\350\247\243\345\231\250>, "/usr/lib/locale/C.utf8/LC_TIME", O_RDONLY|O_CLOEXEC) = 3</usr/lib/locale/C.utf8/LC_TIME>
1423661 openat(AT_FDCWD</tmp/kernel-audit2-v3r63b5w/\346\261\202\350\247\243\345\231\250>, "/usr/lib/locale/C.UTF-8/LC_NUMERIC", O_RDONLY|O_CLOEXEC) = -1 ENOENT (No such file or directory)
1423661 openat(AT_FDCWD</tmp/kernel-audit2-v3r63b5w/\346\261\202\350\247\243\345\231\250>, "/usr/lib/locale/C.utf8/LC_NUMERIC", O_RDONLY|O_CLOEXEC) = 3</usr/lib/locale/C.utf8/LC_NUMERIC>
1423661 openat(AT_FDCWD</tmp/kernel-audit2-v3r63b5w/\346\261\202\350\247\243\345\231\250>, "/usr/lib/locale/C.UTF-8/LC_CTYPE", O_RDONLY|O_CLOEXEC) = -1 ENOENT (No such file or directory)
1423661 openat(AT_FDCWD</tmp/kernel-audit2-v3r63b5w/\346\261\202\350\247\243\345\231\250>, "/usr/lib/locale/C.utf8/LC_CTYPE", O_RDONLY|O_CLOEXEC) = 3</usr/lib/locale/C.utf8/LC_CTYPE>
1423661 openat(AT_FDCWD</tmp/kernel-audit2-v3r63b5w/\346\261\202\350\247\243\345\231\250>, "/tmp/kernel-audit2-v3r63b5w/\346\261\202\350\247\243\345\231\250/\350\247\204\346\240\274/\345\217\227\351\231\220\350\275\254\347\247\273\345\256\232\344\271\211.md", O_RDONLY) = 3</tmp/kernel-audit2-v3r63b5w/\346\261\202\350\247\243\345\231\250/\350\247\204\346\240\274/\345\217\227\351\231\220\350\275\254\347\247\273\345\256\232\344\271\211.md>
1423646 --- SIGCHLD {si_signo=SIGCHLD, si_code=CLD_EXITED, si_pid=1423661, si_uid=1000, si_status=0, si_utime=0, si_stime=0} ---
1423646 openat(AT_FDCWD</tmp/kernel-audit2-v3r63b5w/\346\261\202\350\247\243\345\231\250>, "/dev/null", O_RDONLY|O_CLOEXEC) = 3</dev/null<char 1:3>>
1423662 execve("/home/zhuran24/.codex/tmp/arg0/codex-arg0DuAZRy/sha256sum", ["sha256sum", "--", "/tmp/kernel-audit2-v3r63b5w/\346\261\202\350\247\243\345\231\250/\350\247\204\346\240\274/\350\277\220\350\241\214\350\257\255\344\271\211.md"], 0x7ffd187fc5a8 /* 135 vars */) = -1 ENOENT (No such file or directory)
1423662 execve("/home/zhuran24/.cargo/bin/sha256sum", ["sha256sum", "--", "/tmp/kernel-audit2-v3r63b5w/\346\261\202\350\247\243\345\231\250/\350\247\204\346\240\274/\350\277\220\350\241\214\350\257\255\344\271\211.md"], 0x7ffd187fc5a8 /* 135 vars */) = -1 ENOENT (No such file or directory)
1423662 execve("/home/zhuran24/.local/bin/sha256sum", ["sha256sum", "--", "/tmp/kernel-audit2-v3r63b5w/\346\261\202\350\247\243\345\231\250/\350\247\204\346\240\274/\350\277\220\350\241\214\350\257\255\344\271\211.md"], 0x7ffd187fc5a8 /* 135 vars */) = -1 ENOENT (No such file or directory)
1423662 execve("/home/zhuran24/.opencode/bin/sha256sum", ["sha256sum", "--", "/tmp/kernel-audit2-v3r63b5w/\346\261\202\350\247\243\345\231\250/\350\247\204\346\240\274/\350\277\220\350\241\214\350\257\255\344\271\211.md"], 0x7ffd187fc5a8 /* 135 vars */) = -1 ENOENT (No such file or directory)
1423662 execve("/usr/local/bin/sha256sum", ["sha256sum", "--", "/tmp/kernel-audit2-v3r63b5w/\346\261\202\350\247\243\345\231\250/\350\247\204\346\240\274/\350\277\220\350\241\214\350\257\255\344\271\211.md"], 0x7ffd187fc5a8 /* 135 vars */) = -1 ENOENT (No such file or directory)
1423662 execve("/usr/bin/sha256sum", ["sha256sum", "--", "/tmp/kernel-audit2-v3r63b5w/\346\261\202\350\247\243\345\231\250/\350\247\204\346\240\274/\350\277\220\350\241\214\350\257\255\344\271\211.md"], 0x7ffd187fc5a8 /* 135 vars */) = 0
1423662 openat(AT_FDCWD</tmp/kernel-audit2-v3r63b5w/\346\261\202\350\247\243\345\231\250>, "/etc/ld.so.cache", O_RDONLY|O_CLOEXEC) = 3</etc/ld.so.cache>
1423662 openat(AT_FDCWD</tmp/kernel-audit2-v3r63b5w/\346\261\202\350\247\243\345\231\250>, "/usr/lib/libcrypto.so.3", O_RDONLY|O_CLOEXEC) = 3</usr/lib/libcrypto.so.3>
1423662 openat(AT_FDCWD</tmp/kernel-audit2-v3r63b5w/\346\261\202\350\247\243\345\231\250>, "/usr/lib/libc.so.6", O_RDONLY|O_CLOEXEC) = 3</usr/lib/libc.so.6>
1423662 openat(AT_FDCWD</tmp/kernel-audit2-v3r63b5w/\346\261\202\350\247\243\345\231\250>, "/usr/lib/libz.so.1", O_RDONLY|O_CLOEXEC) = 3</usr/lib/libz.so.1.3.1.zlib-ng>
1423662 openat(AT_FDCWD</tmp/kernel-audit2-v3r63b5w/\346\261\202\350\247\243\345\231\250>, "/usr/lib/libbrotlienc.so.1", O_RDONLY|O_CLOEXEC) = 3</usr/lib/libbrotlienc.so.1.2.0>
1423662 openat(AT_FDCWD</tmp/kernel-audit2-v3r63b5w/\346\261\202\350\247\243\345\231\250>, "/usr/lib/libbrotlidec.so.1", O_RDONLY|O_CLOEXEC) = 3</usr/lib/libbrotlidec.so.1.2.0>
1423662 openat(AT_FDCWD</tmp/kernel-audit2-v3r63b5w/\346\261\202\350\247\243\345\231\250>, "/usr/lib/libzstd.so.1", O_RDONLY|O_CLOEXEC) = 3</usr/lib/libzstd.so.1.5.7>
1423662 openat(AT_FDCWD</tmp/kernel-audit2-v3r63b5w/\346\261\202\350\247\243\345\231\250>, "/usr/lib/libm.so.6", O_RDONLY|O_CLOEXEC) = 3</usr/lib/libm.so.6>
1423662 openat(AT_FDCWD</tmp/kernel-audit2-v3r63b5w/\346\261\202\350\247\243\345\231\250>, "/usr/lib/libbrotlicommon.so.1", O_RDONLY|O_CLOEXEC) = 3</usr/lib/libbrotlicommon.so.1.2.0>
1423662 openat(AT_FDCWD</tmp/kernel-audit2-v3r63b5w/\346\261\202\350\247\243\345\231\250>, "/usr/lib/locale/locale-archive", O_RDONLY|O_CLOEXEC) = 3</usr/lib/locale/locale-archive>
1423662 openat(AT_FDCWD</tmp/kernel-audit2-v3r63b5w/\346\261\202\350\247\243\345\231\250>, "/usr/share/locale/locale.alias", O_RDONLY|O_CLOEXEC) = 3</usr/share/locale/locale.alias>
1423662 openat(AT_FDCWD</tmp/kernel-audit2-v3r63b5w/\346\261\202\350\247\243\345\231\250>, "/usr/lib/locale/C.UTF-8/LC_IDENTIFICATION", O_RDONLY|O_CLOEXEC) = -1 ENOENT (No such file or directory)
1423662 openat(AT_FDCWD</tmp/kernel-audit2-v3r63b5w/\346\261\202\350\247\243\345\231\250>, "/usr/lib/locale/C.utf8/LC_IDENTIFICATION", O_RDONLY|O_CLOEXEC) = 3</usr/lib/locale/C.utf8/LC_IDENTIFICATION>
1423662 openat(AT_FDCWD</tmp/kernel-audit2-v3r63b5w/\346\261\202\350\247\243\345\231\250>, "/usr/lib/gconv/gconv-modules.cache", O_RDONLY|O_CLOEXEC) = 3</usr/lib/gconv/gconv-modules.cache>
1423662 openat(AT_FDCWD</tmp/kernel-audit2-v3r63b5w/\346\261\202\350\247\243\345\231\250>, "/usr/lib/locale/C.UTF-8/LC_MEASUREMENT", O_RDONLY|O_CLOEXEC) = -1 ENOENT (No such file or directory)
1423662 openat(AT_FDCWD</tmp/kernel-audit2-v3r63b5w/\346\261\202\350\247\243\345\231\250>, "/usr/lib/locale/C.utf8/LC_MEASUREMENT", O_RDONLY|O_CLOEXEC) = 3</usr/lib/locale/C.utf8/LC_MEASUREMENT>
1423662 openat(AT_FDCWD</tmp/kernel-audit2-v3r63b5w/\346\261\202\350\247\243\345\231\250>, "/usr/lib/locale/C.UTF-8/LC_TELEPHONE", O_RDONLY|O_CLOEXEC) = -1 ENOENT (No such file or directory)
1423662 openat(AT_FDCWD</tmp/kernel-audit2-v3r63b5w/\346\261\202\350\247\243\345\231\250>, "/usr/lib/locale/C.utf8/LC_TELEPHONE", O_RDONLY|O_CLOEXEC) = 3</usr/lib/locale/C.utf8/LC_TELEPHONE>
1423662 openat(AT_FDCWD</tmp/kernel-audit2-v3r63b5w/\346\261\202\350\247\243\345\231\250>, "/usr/lib/locale/C.UTF-8/LC_ADDRESS", O_RDONLY|O_CLOEXEC) = -1 ENOENT (No such file or directory)
1423662 openat(AT_FDCWD</tmp/kernel-audit2-v3r63b5w/\346\261\202\350\247\243\345\231\250>, "/usr/lib/locale/C.utf8/LC_ADDRESS", O_RDONLY|O_CLOEXEC) = 3</usr/lib/locale/C.utf8/LC_ADDRESS>
1423662 openat(AT_FDCWD</tmp/kernel-audit2-v3r63b5w/\346\261\202\350\247\243\345\231\250>, "/usr/lib/locale/C.UTF-8/LC_NAME", O_RDONLY|O_CLOEXEC) = -1 ENOENT (No such file or directory)
1423662 openat(AT_FDCWD</tmp/kernel-audit2-v3r63b5w/\346\261\202\350\247\243\345\231\250>, "/usr/lib/locale/C.utf8/LC_NAME", O_RDONLY|O_CLOEXEC) = 3</usr/lib/locale/C.utf8/LC_NAME>
1423662 openat(AT_FDCWD</tmp/kernel-audit2-v3r63b5w/\346\261\202\350\247\243\345\231\250>, "/usr/lib/locale/C.UTF-8/LC_PAPER", O_RDONLY|O_CLOEXEC) = -1 ENOENT (No such file or directory)
1423662 openat(AT_FDCWD</tmp/kernel-audit2-v3r63b5w/\346\261\202\350\247\243\345\231\250>, "/usr/lib/locale/C.utf8/LC_PAPER", O_RDONLY|O_CLOEXEC) = 3</usr/lib/locale/C.utf8/LC_PAPER>
1423662 openat(AT_FDCWD</tmp/kernel-audit2-v3r63b5w/\346\261\202\350\247\243\345\231\250>, "/usr/lib/locale/C.UTF-8/LC_MESSAGES", O_RDONLY|O_CLOEXEC) = -1 ENOENT (No such file or directory)
1423662 openat(AT_FDCWD</tmp/kernel-audit2-v3r63b5w/\346\261\202\350\247\243\345\231\250>, "/usr/lib/locale/C.utf8/LC_MESSAGES", O_RDONLY|O_CLOEXEC) = 3</usr/lib/locale/C.utf8/LC_MESSAGES>
1423662 openat(AT_FDCWD</tmp/kernel-audit2-v3r63b5w/\346\261\202\350\247\243\345\231\250>, "/usr/lib/locale/C.utf8/LC_MESSAGES/SYS_LC_MESSAGES", O_RDONLY|O_CLOEXEC) = 3</usr/lib/locale/C.utf8/LC_MESSAGES/SYS_LC_MESSAGES>
1423662 openat(AT_FDCWD</tmp/kernel-audit2-v3r63b5w/\346\261\202\350\247\243\345\231\250>, "/usr/lib/locale/C.UTF-8/LC_MONETARY", O_RDONLY|O_CLOEXEC) = -1 ENOENT (No such file or directory)
1423662 openat(AT_FDCWD</tmp/kernel-audit2-v3r63b5w/\346\261\202\350\247\243\345\231\250>, "/usr/lib/locale/C.utf8/LC_MONETARY", O_RDONLY|O_CLOEXEC) = 3</usr/lib/locale/C.utf8/LC_MONETARY>
1423662 openat(AT_FDCWD</tmp/kernel-audit2-v3r63b5w/\346\261\202\350\247\243\345\231\250>, "/usr/lib/locale/C.UTF-8/LC_COLLATE", O_RDONLY|O_CLOEXEC) = -1 ENOENT (No such file or directory)
1423662 openat(AT_FDCWD</tmp/kernel-audit2-v3r63b5w/\346\261\202\350\247\243\345\231\250>, "/usr/lib/locale/C.utf8/LC_COLLATE", O_RDONLY|O_CLOEXEC) = 3</usr/lib/locale/C.utf8/LC_COLLATE>
1423662 openat(AT_FDCWD</tmp/kernel-audit2-v3r63b5w/\346\261\202\350\247\243\345\231\250>, "/usr/lib/locale/C.UTF-8/LC_TIME", O_RDONLY|O_CLOEXEC) = -1 ENOENT (No such file or directory)
1423662 openat(AT_FDCWD</tmp/kernel-audit2-v3r63b5w/\346\261\202\350\247\243\345\231\250>, "/usr/lib/locale/C.utf8/LC_TIME", O_RDONLY|O_CLOEXEC) = 3</usr/lib/locale/C.utf8/LC_TIME>
1423662 openat(AT_FDCWD</tmp/kernel-audit2-v3r63b5w/\346\261\202\350\247\243\345\231\250>, "/usr/lib/locale/C.UTF-8/LC_NUMERIC", O_RDONLY|O_CLOEXEC) = -1 ENOENT (No such file or directory)
1423662 openat(AT_FDCWD</tmp/kernel-audit2-v3r63b5w/\346\261\202\350\247\243\345\231\250>, "/usr/lib/locale/C.utf8/LC_NUMERIC", O_RDONLY|O_CLOEXEC) = 3</usr/lib/locale/C.utf8/LC_NUMERIC>
1423662 openat(AT_FDCWD</tmp/kernel-audit2-v3r63b5w/\346\261\202\350\247\243\345\231\250>, "/usr/lib/locale/C.UTF-8/LC_CTYPE", O_RDONLY|O_CLOEXEC) = -1 ENOENT (No such file or directory)
1423662 openat(AT_FDCWD</tmp/kernel-audit2-v3r63b5w/\346\261\202\350\247\243\345\231\250>, "/usr/lib/locale/C.utf8/LC_CTYPE", O_RDONLY|O_CLOEXEC) = 3</usr/lib/locale/C.utf8/LC_CTYPE>
1423662 openat(AT_FDCWD</tmp/kernel-audit2-v3r63b5w/\346\261\202\350\247\243\345\231\250>, "/tmp/kernel-audit2-v3r63b5w/\346\261\202\350\247\243\345\231\250/\350\247\204\346\240\274/\350\277\220\350\241\214\350\257\255\344\271\211.md", O_RDONLY) = 3</tmp/kernel-audit2-v3r63b5w/\346\261\202\350\247\243\345\231\250/\350\247\204\346\240\274/\350\277\220\350\241\214\350\257\255\344\271\211.md>
1423646 --- SIGCHLD {si_signo=SIGCHLD, si_code=CLD_EXITED, si_pid=1423662, si_uid=1000, si_status=0, si_utime=0, si_stime=0} ---
1423646 openat(AT_FDCWD</tmp/kernel-audit2-v3r63b5w/\346\261\202\350\247\243\345\231\250>, "/dev/null", O_RDONLY|O_CLOEXEC) = 3</dev/null<char 1:3>>
1423663 execve("/home/zhuran24/.codex/tmp/arg0/codex-arg0DuAZRy/sha256sum", ["sha256sum", "--", "/tmp/kernel-audit2-v3r63b5w/\346\261\202\350\247\243\345\231\250/\350\247\204\346\240\274/\345\206\205\346\240\270\350\276\223\345\205\245.md"], 0x7ffd187fc5a8 /* 135 vars */) = -1 ENOENT (No such file or directory)
1423663 execve("/home/zhuran24/.cargo/bin/sha256sum", ["sha256sum", "--", "/tmp/kernel-audit2-v3r63b5w/\346\261\202\350\247\243\345\231\250/\350\247\204\346\240\274/\345\206\205\346\240\270\350\276\223\345\205\245.md"], 0x7ffd187fc5a8 /* 135 vars */) = -1 ENOENT (No such file or directory)
1423663 execve("/home/zhuran24/.local/bin/sha256sum", ["sha256sum", "--", "/tmp/kernel-audit2-v3r63b5w/\346\261\202\350\247\243\345\231\250/\350\247\204\346\240\274/\345\206\205\346\240\270\350\276\223\345\205\245.md"], 0x7ffd187fc5a8 /* 135 vars */) = -1 ENOENT (No such file or directory)
1423663 execve("/home/zhuran24/.opencode/bin/sha256sum", ["sha256sum", "--", "/tmp/kernel-audit2-v3r63b5w/\346\261\202\350\247\243\345\231\250/\350\247\204\346\240\274/\345\206\205\346\240\270\350\276\223\345\205\245.md"], 0x7ffd187fc5a8 /* 135 vars */) = -1 ENOENT (No such file or directory)
1423663 execve("/usr/local/bin/sha256sum", ["sha256sum", "--", "/tmp/kernel-audit2-v3r63b5w/\346\261\202\350\247\243\345\231\250/\350\247\204\346\240\274/\345\206\205\346\240\270\350\276\223\345\205\245.md"], 0x7ffd187fc5a8 /* 135 vars */) = -1 ENOENT (No such file or directory)
1423663 execve("/usr/bin/sha256sum", ["sha256sum", "--", "/tmp/kernel-audit2-v3r63b5w/\346\261\202\350\247\243\345\231\250/\350\247\204\346\240\274/\345\206\205\346\240\270\350\276\223\345\205\245.md"], 0x7ffd187fc5a8 /* 135 vars */) = 0
1423663 openat(AT_FDCWD</tmp/kernel-audit2-v3r63b5w/\346\261\202\350\247\243\345\231\250>, "/etc/ld.so.cache", O_RDONLY|O_CLOEXEC) = 3</etc/ld.so.cache>
1423663 openat(AT_FDCWD</tmp/kernel-audit2-v3r63b5w/\346\261\202\350\247\243\345\231\250>, "/usr/lib/libcrypto.so.3", O_RDONLY|O_CLOEXEC) = 3</usr/lib/libcrypto.so.3>
1423663 openat(AT_FDCWD</tmp/kernel-audit2-v3r63b5w/\346\261\202\350\247\243\345\231\250>, "/usr/lib/libc.so.6", O_RDONLY|O_CLOEXEC) = 3</usr/lib/libc.so.6>
1423663 openat(AT_FDCWD</tmp/kernel-audit2-v3r63b5w/\346\261\202\350\247\243\345\231\250>, "/usr/lib/libz.so.1", O_RDONLY|O_CLOEXEC) = 3</usr/lib/libz.so.1.3.1.zlib-ng>
1423663 openat(AT_FDCWD</tmp/kernel-audit2-v3r63b5w/\346\261\202\350\247\243\345\231\250>, "/usr/lib/libbrotlienc.so.1", O_RDONLY|O_CLOEXEC) = 3</usr/lib/libbrotlienc.so.1.2.0>
1423663 openat(AT_FDCWD</tmp/kernel-audit2-v3r63b5w/\346\261\202\350\247\243\345\231\250>, "/usr/lib/libbrotlidec.so.1", O_RDONLY|O_CLOEXEC) = 3</usr/lib/libbrotlidec.so.1.2.0>
1423663 openat(AT_FDCWD</tmp/kernel-audit2-v3r63b5w/\346\261\202\350\247\243\345\231\250>, "/usr/lib/libzstd.so.1", O_RDONLY|O_CLOEXEC) = 3</usr/lib/libzstd.so.1.5.7>
1423663 openat(AT_FDCWD</tmp/kernel-audit2-v3r63b5w/\346\261\202\350\247\243\345\231\250>, "/usr/lib/libm.so.6", O_RDONLY|O_CLOEXEC) = 3</usr/lib/libm.so.6>
1423663 openat(AT_FDCWD</tmp/kernel-audit2-v3r63b5w/\346\261\202\350\247\243\345\231\250>, "/usr/lib/libbrotlicommon.so.1", O_RDONLY|O_CLOEXEC) = 3</usr/lib/libbrotlicommon.so.1.2.0>
1423663 openat(AT_FDCWD</tmp/kernel-audit2-v3r63b5w/\346\261\202\350\247\243\345\231\250>, "/usr/lib/locale/locale-archive", O_RDONLY|O_CLOEXEC) = 3</usr/lib/locale/locale-archive>
1423663 openat(AT_FDCWD</tmp/kernel-audit2-v3r63b5w/\346\261\202\350\247\243\345\231\250>, "/usr/share/locale/locale.alias", O_RDONLY|O_CLOEXEC) = 3</usr/share/locale/locale.alias>
1423663 openat(AT_FDCWD</tmp/kernel-audit2-v3r63b5w/\346\261\202\350\247\243\345\231\250>, "/usr/lib/locale/C.UTF-8/LC_IDENTIFICATION", O_RDONLY|O_CLOEXEC) = -1 ENOENT (No such file or directory)
1423663 openat(AT_FDCWD</tmp/kernel-audit2-v3r63b5w/\346\261\202\350\247\243\345\231\250>, "/usr/lib/locale/C.utf8/LC_IDENTIFICATION", O_RDONLY|O_CLOEXEC) = 3</usr/lib/locale/C.utf8/LC_IDENTIFICATION>
1423663 openat(AT_FDCWD</tmp/kernel-audit2-v3r63b5w/\346\261\202\350\247\243\345\231\250>, "/usr/lib/gconv/gconv-modules.cache", O_RDONLY|O_CLOEXEC) = 3</usr/lib/gconv/gconv-modules.cache>
1423663 openat(AT_FDCWD</tmp/kernel-audit2-v3r63b5w/\346\261\202\350\247\243\345\231\250>, "/usr/lib/locale/C.UTF-8/LC_MEASUREMENT", O_RDONLY|O_CLOEXEC) = -1 ENOENT (No such file or directory)
1423663 openat(AT_FDCWD</tmp/kernel-audit2-v3r63b5w/\346\261\202\350\247\243\345\231\250>, "/usr/lib/locale/C.utf8/LC_MEASUREMENT", O_RDONLY|O_CLOEXEC) = 3</usr/lib/locale/C.utf8/LC_MEASUREMENT>
1423663 openat(AT_FDCWD</tmp/kernel-audit2-v3r63b5w/\346\261\202\350\247\243\345\231\250>, "/usr/lib/locale/C.UTF-8/LC_TELEPHONE", O_RDONLY|O_CLOEXEC) = -1 ENOENT (No such file or directory)
1423663 openat(AT_FDCWD</tmp/kernel-audit2-v3r63b5w/\346\261\202\350\247\243\345\231\250>, "/usr/lib/locale/C.utf8/LC_TELEPHONE", O_RDONLY|O_CLOEXEC) = 3</usr/lib/locale/C.utf8/LC_TELEPHONE>
1423663 openat(AT_FDCWD</tmp/kernel-audit2-v3r63b5w/\346\261\202\350\247\243\345\231\250>, "/usr/lib/locale/C.UTF-8/LC_ADDRESS", O_RDONLY|O_CLOEXEC) = -1 ENOENT (No such file or directory)
1423663 openat(AT_FDCWD</tmp/kernel-audit2-v3r63b5w/\346\261\202\350\247\243\345\231\250>, "/usr/lib/locale/C.utf8/LC_ADDRESS", O_RDONLY|O_CLOEXEC) = 3</usr/lib/locale/C.utf8/LC_ADDRESS>
1423663 openat(AT_FDCWD</tmp/kernel-audit2-v3r63b5w/\346\261\202\350\247\243\345\231\250>, "/usr/lib/locale/C.UTF-8/LC_NAME", O_RDONLY|O_CLOEXEC) = -1 ENOENT (No such file or directory)
1423663 openat(AT_FDCWD</tmp/kernel-audit2-v3r63b5w/\346\261\202\350\247\243\345\231\250>, "/usr/lib/locale/C.utf8/LC_NAME", O_RDONLY|O_CLOEXEC) = 3</usr/lib/locale/C.utf8/LC_NAME>
1423663 openat(AT_FDCWD</tmp/kernel-audit2-v3r63b5w/\346\261\202\350\247\243\345\231\250>, "/usr/lib/locale/C.UTF-8/LC_PAPER", O_RDONLY|O_CLOEXEC) = -1 ENOENT (No such file or directory)
1423663 openat(AT_FDCWD</tmp/kernel-audit2-v3r63b5w/\346\261\202\350\247\243\345\231\250>, "/usr/lib/locale/C.utf8/LC_PAPER", O_RDONLY|O_CLOEXEC) = 3</usr/lib/locale/C.utf8/LC_PAPER>
1423663 openat(AT_FDCWD</tmp/kernel-audit2-v3r63b5w/\346\261\202\350\247\243\345\231\250>, "/usr/lib/locale/C.UTF-8/LC_MESSAGES", O_RDONLY|O_CLOEXEC) = -1 ENOENT (No such file or directory)
1423663 openat(AT_FDCWD</tmp/kernel-audit2-v3r63b5w/\346\261\202\350\247\243\345\231\250>, "/usr/lib/locale/C.utf8/LC_MESSAGES", O_RDONLY|O_CLOEXEC) = 3</usr/lib/locale/C.utf8/LC_MESSAGES>
1423663 openat(AT_FDCWD</tmp/kernel-audit2-v3r63b5w/\346\261\202\350\247\243\345\231\250>, "/usr/lib/locale/C.utf8/LC_MESSAGES/SYS_LC_MESSAGES", O_RDONLY|O_CLOEXEC) = 3</usr/lib/locale/C.utf8/LC_MESSAGES/SYS_LC_MESSAGES>
1423663 openat(AT_FDCWD</tmp/kernel-audit2-v3r63b5w/\346\261\202\350\247\243\345\231\250>, "/usr/lib/locale/C.UTF-8/LC_MONETARY", O_RDONLY|O_CLOEXEC) = -1 ENOENT (No such file or directory)
1423663 openat(AT_FDCWD</tmp/kernel-audit2-v3r63b5w/\346\261\202\350\247\243\345\231\250>, "/usr/lib/locale/C.utf8/LC_MONETARY", O_RDONLY|O_CLOEXEC) = 3</usr/lib/locale/C.utf8/LC_MONETARY>
1423663 openat(AT_FDCWD</tmp/kernel-audit2-v3r63b5w/\346\261\202\350\247\243\345\231\250>, "/usr/lib/locale/C.UTF-8/LC_COLLATE", O_RDONLY|O_CLOEXEC) = -1 ENOENT (No such file or directory)
1423663 openat(AT_FDCWD</tmp/kernel-audit2-v3r63b5w/\346\261\202\350\247\243\345\231\250>, "/usr/lib/locale/C.utf8/LC_COLLATE", O_RDONLY|O_CLOEXEC) = 3</usr/lib/locale/C.utf8/LC_COLLATE>
1423663 openat(AT_FDCWD</tmp/kernel-audit2-v3r63b5w/\346\261\202\350\247\243\345\231\250>, "/usr/lib/locale/C.UTF-8/LC_TIME", O_RDONLY|O_CLOEXEC) = -1 ENOENT (No such file or directory)
1423663 openat(AT_FDCWD</tmp/kernel-audit2-v3r63b5w/\346\261\202\350\247\243\345\231\250>, "/usr/lib/locale/C.utf8/LC_TIME", O_RDONLY|O_CLOEXEC) = 3</usr/lib/locale/C.utf8/LC_TIME>
1423663 openat(AT_FDCWD</tmp/kernel-audit2-v3r63b5w/\346\261\202\350\247\243\345\231\250>, "/usr/lib/locale/C.UTF-8/LC_NUMERIC", O_RDONLY|O_CLOEXEC) = -1 ENOENT (No such file or directory)
1423663 openat(AT_FDCWD</tmp/kernel-audit2-v3r63b5w/\346\261\202\350\247\243\345\231\250>, "/usr/lib/locale/C.utf8/LC_NUMERIC", O_RDONLY|O_CLOEXEC) = 3</usr/lib/locale/C.utf8/LC_NUMERIC>
1423663 openat(AT_FDCWD</tmp/kernel-audit2-v3r63b5w/\346\261\202\350\247\243\345\231\250>, "/usr/lib/locale/C.UTF-8/LC_CTYPE", O_RDONLY|O_CLOEXEC) = -1 ENOENT (No such file or directory)
1423663 openat(AT_FDCWD</tmp/kernel-audit2-v3r63b5w/\346\261\202\350\247\243\345\231\250>, "/usr/lib/locale/C.utf8/LC_CTYPE", O_RDONLY|O_CLOEXEC) = 3</usr/lib/locale/C.utf8/LC_CTYPE>
1423663 openat(AT_FDCWD</tmp/kernel-audit2-v3r63b5w/\346\261\202\350\247\243\345\231\250>, "/tmp/kernel-audit2-v3r63b5w/\346\261\202\350\247\243\345\231\250/\350\247\204\346\240\274/\345\206\205\346\240\270\350\276\223\345\205\245.md", O_RDONLY) = 3</tmp/kernel-audit2-v3r63b5w/\346\261\202\350\247\243\345\231\250/\350\247\204\346\240\274/\345\206\205\346\240\270\350\276\223\345\205\245.md>
1423646 --- SIGCHLD {si_signo=SIGCHLD, si_code=CLD_EXITED, si_pid=1423663, si_uid=1000, si_status=0, si_utime=0, si_stime=0} ---
1423646 openat(AT_FDCWD</tmp/kernel-audit2-v3r63b5w/\346\261\202\350\247\243\345\231\250>, "/dev/null", O_RDONLY|O_CLOEXEC) = 3</dev/null<char 1:3>>
1423664 execve("/home/zhuran24/.codex/tmp/arg0/codex-arg0DuAZRy/sha256sum", ["sha256sum", "--", "/tmp/kernel-audit2-v3r63b5w/\346\261\202\350\247\243\345\231\250/\350\247\204\346\240\274/\345\206\205\346\240\270\350\276\223\345\207\272.md"], 0x7ffd187fc5a8 /* 135 vars */) = -1 ENOENT (No such file or directory)
1423664 execve("/home/zhuran24/.cargo/bin/sha256sum", ["sha256sum", "--", "/tmp/kernel-audit2-v3r63b5w/\346\261\202\350\247\243\345\231\250/\350\247\204\346\240\274/\345\206\205\346\240\270\350\276\223\345\207\272.md"], 0x7ffd187fc5a8 /* 135 vars */) = -1 ENOENT (No such file or directory)
1423664 execve("/home/zhuran24/.local/bin/sha256sum", ["sha256sum", "--", "/tmp/kernel-audit2-v3r63b5w/\346\261\202\350\247\243\345\231\250/\350\247\204\346\240\274/\345\206\205\346\240\270\350\276\223\345\207\272.md"], 0x7ffd187fc5a8 /* 135 vars */) = -1 ENOENT (No such file or directory)
1423664 execve("/home/zhuran24/.opencode/bin/sha256sum", ["sha256sum", "--", "/tmp/kernel-audit2-v3r63b5w/\346\261\202\350\247\243\345\231\250/\350\247\204\346\240\274/\345\206\205\346\240\270\350\276\223\345\207\272.md"], 0x7ffd187fc5a8 /* 135 vars */) = -1 ENOENT (No such file or directory)
1423664 execve("/usr/local/bin/sha256sum", ["sha256sum", "--", "/tmp/kernel-audit2-v3r63b5w/\346\261\202\350\247\243\345\231\250/\350\247\204\346\240\274/\345\206\205\346\240\270\350\276\223\345\207\272.md"], 0x7ffd187fc5a8 /* 135 vars */) = -1 ENOENT (No such file or directory)
1423664 execve("/usr/bin/sha256sum", ["sha256sum", "--", "/tmp/kernel-audit2-v3r63b5w/\346\261\202\350\247\243\345\231\250/\350\247\204\346\240\274/\345\206\205\346\240\270\350\276\223\345\207\272.md"], 0x7ffd187fc5a8 /* 135 vars */) = 0
1423664 openat(AT_FDCWD</tmp/kernel-audit2-v3r63b5w/\346\261\202\350\247\243\345\231\250>, "/etc/ld.so.cache", O_RDONLY|O_CLOEXEC) = 3</etc/ld.so.cache>
1423664 openat(AT_FDCWD</tmp/kernel-audit2-v3r63b5w/\346\261\202\350\247\243\345\231\250>, "/usr/lib/libcrypto.so.3", O_RDONLY|O_CLOEXEC) = 3</usr/lib/libcrypto.so.3>
1423664 openat(AT_FDCWD</tmp/kernel-audit2-v3r63b5w/\346\261\202\350\247\243\345\231\250>, "/usr/lib/libc.so.6", O_RDONLY|O_CLOEXEC) = 3</usr/lib/libc.so.6>
1423664 openat(AT_FDCWD</tmp/kernel-audit2-v3r63b5w/\346\261\202\350\247\243\345\231\250>, "/usr/lib/libz.so.1", O_RDONLY|O_CLOEXEC) = 3</usr/lib/libz.so.1.3.1.zlib-ng>
1423664 openat(AT_FDCWD</tmp/kernel-audit2-v3r63b5w/\346\261\202\350\247\243\345\231\250>, "/usr/lib/libbrotlienc.so.1", O_RDONLY|O_CLOEXEC) = 3</usr/lib/libbrotlienc.so.1.2.0>
1423664 openat(AT_FDCWD</tmp/kernel-audit2-v3r63b5w/\346\261\202\350\247\243\345\231\250>, "/usr/lib/libbrotlidec.so.1", O_RDONLY|O_CLOEXEC) = 3</usr/lib/libbrotlidec.so.1.2.0>
1423664 openat(AT_FDCWD</tmp/kernel-audit2-v3r63b5w/\346\261\202\350\247\243\345\231\250>, "/usr/lib/libzstd.so.1", O_RDONLY|O_CLOEXEC) = 3</usr/lib/libzstd.so.1.5.7>
1423664 openat(AT_FDCWD</tmp/kernel-audit2-v3r63b5w/\346\261\202\350\247\243\345\231\250>, "/usr/lib/libm.so.6", O_RDONLY|O_CLOEXEC) = 3</usr/lib/libm.so.6>
1423664 openat(AT_FDCWD</tmp/kernel-audit2-v3r63b5w/\346\261\202\350\247\243\345\231\250>, "/usr/lib/libbrotlicommon.so.1", O_RDONLY|O_CLOEXEC) = 3</usr/lib/libbrotlicommon.so.1.2.0>
1423664 openat(AT_FDCWD</tmp/kernel-audit2-v3r63b5w/\346\261\202\350\247\243\345\231\250>, "/usr/lib/locale/locale-archive", O_RDONLY|O_CLOEXEC) = 3</usr/lib/locale/locale-archive>
1423664 openat(AT_FDCWD</tmp/kernel-audit2-v3r63b5w/\346\261\202\350\247\243\345\231\250>, "/usr/share/locale/locale.alias", O_RDONLY|O_CLOEXEC) = 3</usr/share/locale/locale.alias>
1423664 openat(AT_FDCWD</tmp/kernel-audit2-v3r63b5w/\346\261\202\350\247\243\345\231\250>, "/usr/lib/locale/C.UTF-8/LC_IDENTIFICATION", O_RDONLY|O_CLOEXEC) = -1 ENOENT (No such file or directory)
1423664 openat(AT_FDCWD</tmp/kernel-audit2-v3r63b5w/\346\261\202\350\247\243\345\231\250>, "/usr/lib/locale/C.utf8/LC_IDENTIFICATION", O_RDONLY|O_CLOEXEC) = 3</usr/lib/locale/C.utf8/LC_IDENTIFICATION>
1423664 openat(AT_FDCWD</tmp/kernel-audit2-v3r63b5w/\346\261\202\350\247\243\345\231\250>, "/usr/lib/gconv/gconv-modules.cache", O_RDONLY|O_CLOEXEC) = 3</usr/lib/gconv/gconv-modules.cache>
1423664 openat(AT_FDCWD</tmp/kernel-audit2-v3r63b5w/\346\261\202\350\247\243\345\231\250>, "/usr/lib/locale/C.UTF-8/LC_MEASUREMENT", O_RDONLY|O_CLOEXEC) = -1 ENOENT (No such file or directory)
1423664 openat(AT_FDCWD</tmp/kernel-audit2-v3r63b5w/\346\261\202\350\247\243\345\231\250>, "/usr/lib/locale/C.utf8/LC_MEASUREMENT", O_RDONLY|O_CLOEXEC) = 3</usr/lib/locale/C.utf8/LC_MEASUREMENT>
1423664 openat(AT_FDCWD</tmp/kernel-audit2-v3r63b5w/\346\261\202\350\247\243\345\231\250>, "/usr/lib/locale/C.UTF-8/LC_TELEPHONE", O_RDONLY|O_CLOEXEC) = -1 ENOENT (No such file or directory)
1423664 openat(AT_FDCWD</tmp/kernel-audit2-v3r63b5w/\346\261\202\350\247\243\345\231\250>, "/usr/lib/locale/C.utf8/LC_TELEPHONE", O_RDONLY|O_CLOEXEC) = 3</usr/lib/locale/C.utf8/LC_TELEPHONE>
1423664 openat(AT_FDCWD</tmp/kernel-audit2-v3r63b5w/\346\261\202\350\247\243\345\231\250>, "/usr/lib/locale/C.UTF-8/LC_ADDRESS", O_RDONLY|O_CLOEXEC) = -1 ENOENT (No such file or directory)
1423664 openat(AT_FDCWD</tmp/kernel-audit2-v3r63b5w/\346\261\202\350\247\243\345\231\250>, "/usr/lib/locale/C.utf8/LC_ADDRESS", O_RDONLY|O_CLOEXEC) = 3</usr/lib/locale/C.utf8/LC_ADDRESS>
1423664 openat(AT_FDCWD</tmp/kernel-audit2-v3r63b5w/\346\261\202\350\247\243\345\231\250>, "/usr/lib/locale/C.UTF-8/LC_NAME", O_RDONLY|O_CLOEXEC) = -1 ENOENT (No such file or directory)
1423664 openat(AT_FDCWD</tmp/kernel-audit2-v3r63b5w/\346\261\202\350\247\243\345\231\250>, "/usr/lib/locale/C.utf8/LC_NAME", O_RDONLY|O_CLOEXEC) = 3</usr/lib/locale/C.utf8/LC_NAME>
1423664 openat(AT_FDCWD</tmp/kernel-audit2-v3r63b5w/\346\261\202\350\247\243\345\231\250>, "/usr/lib/locale/C.UTF-8/LC_PAPER", O_RDONLY|O_CLOEXEC) = -1 ENOENT (No such file or directory)
1423664 openat(AT_FDCWD</tmp/kernel-audit2-v3r63b5w/\346\261\202\350\247\243\345\231\250>, "/usr/lib/locale/C.utf8/LC_PAPER", O_RDONLY|O_CLOEXEC) = 3</usr/lib/locale/C.utf8/LC_PAPER>
1423664 openat(AT_FDCWD</tmp/kernel-audit2-v3r63b5w/\346\261\202\350\247\243\345\231\250>, "/usr/lib/locale/C.UTF-8/LC_MESSAGES", O_RDONLY|O_CLOEXEC) = -1 ENOENT (No such file or directory)
1423664 openat(AT_FDCWD</tmp/kernel-audit2-v3r63b5w/\346\261\202\350\247\243\345\231\250>, "/usr/lib/locale/C.utf8/LC_MESSAGES", O_RDONLY|O_CLOEXEC) = 3</usr/lib/locale/C.utf8/LC_MESSAGES>
1423664 openat(AT_FDCWD</tmp/kernel-audit2-v3r63b5w/\346\261\202\350\247\243\345\231\250>, "/usr/lib/locale/C.utf8/LC_MESSAGES/SYS_LC_MESSAGES", O_RDONLY|O_CLOEXEC) = 3</usr/lib/locale/C.utf8/LC_MESSAGES/SYS_LC_MESSAGES>
1423664 openat(AT_FDCWD</tmp/kernel-audit2-v3r63b5w/\346\261\202\350\247\243\345\231\250>, "/usr/lib/locale/C.UTF-8/LC_MONETARY", O_RDONLY|O_CLOEXEC) = -1 ENOENT (No such file or directory)
1423664 openat(AT_FDCWD</tmp/kernel-audit2-v3r63b5w/\346\261\202\350\247\243\345\231\250>, "/usr/lib/locale/C.utf8/LC_MONETARY", O_RDONLY|O_CLOEXEC) = 3</usr/lib/locale/C.utf8/LC_MONETARY>
1423664 openat(AT_FDCWD</tmp/kernel-audit2-v3r63b5w/\346\261\202\350\247\243\345\231\250>, "/usr/lib/locale/C.UTF-8/LC_COLLATE", O_RDONLY|O_CLOEXEC) = -1 ENOENT (No such file or directory)
1423664 openat(AT_FDCWD</tmp/kernel-audit2-v3r63b5w/\346\261\202\350\247\243\345\231\250>, "/usr/lib/locale/C.utf8/LC_COLLATE", O_RDONLY|O_CLOEXEC) = 3</usr/lib/locale/C.utf8/LC_COLLATE>
1423664 openat(AT_FDCWD</tmp/kernel-audit2-v3r63b5w/\346\261\202\350\247\243\345\231\250>, "/usr/lib/locale/C.UTF-8/LC_TIME", O_RDONLY|O_CLOEXEC) = -1 ENOENT (No such file or directory)
1423664 openat(AT_FDCWD</tmp/kernel-audit2-v3r63b5w/\346\261\202\350\247\243\345\231\250>, "/usr/lib/locale/C.utf8/LC_TIME", O_RDONLY|O_CLOEXEC) = 3</usr/lib/locale/C.utf8/LC_TIME>
1423664 openat(AT_FDCWD</tmp/kernel-audit2-v3r63b5w/\346\261\202\350\247\243\345\231\250>, "/usr/lib/locale/C.UTF-8/LC_NUMERIC", O_RDONLY|O_CLOEXEC) = -1 ENOENT (No such file or directory)
1423664 openat(AT_FDCWD</tmp/kernel-audit2-v3r63b5w/\346\261\202\350\247\243\345\231\250>, "/usr/lib/locale/C.utf8/LC_NUMERIC", O_RDONLY|O_CLOEXEC) = 3</usr/lib/locale/C.utf8/LC_NUMERIC>
1423664 openat(AT_FDCWD</tmp/kernel-audit2-v3r63b5w/\346\261\202\350\247\243\345\231\250>, "/usr/lib/locale/C.UTF-8/LC_CTYPE", O_RDONLY|O_CLOEXEC) = -1 ENOENT (No such file or directory)
1423664 openat(AT_FDCWD</tmp/kernel-audit2-v3r63b5w/\346\261\202\350\247\243\345\231\250>, "/usr/lib/locale/C.utf8/LC_CTYPE", O_RDONLY|O_CLOEXEC) = 3</usr/lib/locale/C.utf8/LC_CTYPE>
1423664 openat(AT_FDCWD</tmp/kernel-audit2-v3r63b5w/\346\261\202\350\247\243\345\231\250>, "/tmp/kernel-audit2-v3r63b5w/\346\261\202\350\247\243\345\231\250/\350\247\204\346\240\274/\345\206\205\346\240\270\350\276\223\345\207\272.md", O_RDONLY) = 3</tmp/kernel-audit2-v3r63b5w/\346\261\202\350\247\243\345\231\250/\350\247\204\346\240\274/\345\206\205\346\240\270\350\276\223\345\207\272.md>
1423646 --- SIGCHLD {si_signo=SIGCHLD, si_code=CLD_EXITED, si_pid=1423664, si_uid=1000, si_status=0, si_utime=0, si_stime=0} ---
1423646 openat(AT_FDCWD</tmp/kernel-audit2-v3r63b5w/\346\261\202\350\247\243\345\231\250>, "/dev/null", O_RDONLY|O_CLOEXEC) = 3</dev/null<char 1:3>>
1423665 execve("/home/zhuran24/.codex/tmp/arg0/codex-arg0DuAZRy/sha256sum", ["sha256sum", "--", "/tmp/kernel-audit2-v3r63b5w/\346\261\202\350\247\243\345\231\250/\350\247\204\346\240\274/\345\206\205\346\240\270\350\276\223\345\207\272.schema.json"], 0x7ffd187fc5a8 /* 135 vars */) = -1 ENOENT (No such file or directory)
1423665 execve("/home/zhuran24/.cargo/bin/sha256sum", ["sha256sum", "--", "/tmp/kernel-audit2-v3r63b5w/\346\261\202\350\247\243\345\231\250/\350\247\204\346\240\274/\345\206\205\346\240\270\350\276\223\345\207\272.schema.json"], 0x7ffd187fc5a8 /* 135 vars */) = -1 ENOENT (No such file or directory)
1423665 execve("/home/zhuran24/.local/bin/sha256sum", ["sha256sum", "--", "/tmp/kernel-audit2-v3r63b5w/\346\261\202\350\247\243\345\231\250/\350\247\204\346\240\274/\345\206\205\346\240\270\350\276\223\345\207\272.schema.json"], 0x7ffd187fc5a8 /* 135 vars */) = -1 ENOENT (No such file or directory)
1423665 execve("/home/zhuran24/.opencode/bin/sha256sum", ["sha256sum", "--", "/tmp/kernel-audit2-v3r63b5w/\346\261\202\350\247\243\345\231\250/\350\247\204\346\240\274/\345\206\205\346\240\270\350\276\223\345\207\272.schema.json"], 0x7ffd187fc5a8 /* 135 vars */) = -1 ENOENT (No such file or directory)
1423665 execve("/usr/local/bin/sha256sum", ["sha256sum", "--", "/tmp/kernel-audit2-v3r63b5w/\346\261\202\350\247\243\345\231\250/\350\247\204\346\240\274/\345\206\205\346\240\270\350\276\223\345\207\272.schema.json"], 0x7ffd187fc5a8 /* 135 vars */) = -1 ENOENT (No such file or directory)
1423665 execve("/usr/bin/sha256sum", ["sha256sum", "--", "/tmp/kernel-audit2-v3r63b5w/\346\261\202\350\247\243\345\231\250/\350\247\204\346\240\274/\345\206\205\346\240\270\350\276\223\345\207\272.schema.json"], 0x7ffd187fc5a8 /* 135 vars */) = 0
1423665 openat(AT_FDCWD</tmp/kernel-audit2-v3r63b5w/\346\261\202\350\247\243\345\231\250>, "/etc/ld.so.cache", O_RDONLY|O_CLOEXEC) = 3</etc/ld.so.cache>
1423665 openat(AT_FDCWD</tmp/kernel-audit2-v3r63b5w/\346\261\202\350\247\243\345\231\250>, "/usr/lib/libcrypto.so.3", O_RDONLY|O_CLOEXEC) = 3</usr/lib/libcrypto.so.3>
1423665 openat(AT_FDCWD</tmp/kernel-audit2-v3r63b5w/\346\261\202\350\247\243\345\231\250>, "/usr/lib/libc.so.6", O_RDONLY|O_CLOEXEC) = 3</usr/lib/libc.so.6>
1423665 openat(AT_FDCWD</tmp/kernel-audit2-v3r63b5w/\346\261\202\350\247\243\345\231\250>, "/usr/lib/libz.so.1", O_RDONLY|O_CLOEXEC) = 3</usr/lib/libz.so.1.3.1.zlib-ng>
1423665 openat(AT_FDCWD</tmp/kernel-audit2-v3r63b5w/\346\261\202\350\247\243\345\231\250>, "/usr/lib/libbrotlienc.so.1", O_RDONLY|O_CLOEXEC) = 3</usr/lib/libbrotlienc.so.1.2.0>
1423665 openat(AT_FDCWD</tmp/kernel-audit2-v3r63b5w/\346\261\202\350\247\243\345\231\250>, "/usr/lib/libbrotlidec.so.1", O_RDONLY|O_CLOEXEC) = 3</usr/lib/libbrotlidec.so.1.2.0>
1423665 openat(AT_FDCWD</tmp/kernel-audit2-v3r63b5w/\346\261\202\350\247\243\345\231\250>, "/usr/lib/libzstd.so.1", O_RDONLY|O_CLOEXEC) = 3</usr/lib/libzstd.so.1.5.7>
1423665 openat(AT_FDCWD</tmp/kernel-audit2-v3r63b5w/\346\261\202\350\247\243\345\231\250>, "/usr/lib/libm.so.6", O_RDONLY|O_CLOEXEC) = 3</usr/lib/libm.so.6>
1423665 openat(AT_FDCWD</tmp/kernel-audit2-v3r63b5w/\346\261\202\350\247\243\345\231\250>, "/usr/lib/libbrotlicommon.so.1", O_RDONLY|O_CLOEXEC) = 3</usr/lib/libbrotlicommon.so.1.2.0>
1423665 openat(AT_FDCWD</tmp/kernel-audit2-v3r63b5w/\346\261\202\350\247\243\345\231\250>, "/usr/lib/locale/locale-archive", O_RDONLY|O_CLOEXEC) = 3</usr/lib/locale/locale-archive>
1423665 openat(AT_FDCWD</tmp/kernel-audit2-v3r63b5w/\346\261\202\350\247\243\345\231\250>, "/usr/share/locale/locale.alias", O_RDONLY|O_CLOEXEC) = 3</usr/share/locale/locale.alias>
1423665 openat(AT_FDCWD</tmp/kernel-audit2-v3r63b5w/\346\261\202\350\247\243\345\231\250>, "/usr/lib/locale/C.UTF-8/LC_IDENTIFICATION", O_RDONLY|O_CLOEXEC) = -1 ENOENT (No such file or directory)
1423665 openat(AT_FDCWD</tmp/kernel-audit2-v3r63b5w/\346\261\202\350\247\243\345\231\250>, "/usr/lib/locale/C.utf8/LC_IDENTIFICATION", O_RDONLY|O_CLOEXEC) = 3</usr/lib/locale/C.utf8/LC_IDENTIFICATION>
1423665 openat(AT_FDCWD</tmp/kernel-audit2-v3r63b5w/\346\261\202\350\247\243\345\231\250>, "/usr/lib/gconv/gconv-modules.cache", O_RDONLY|O_CLOEXEC) = 3</usr/lib/gconv/gconv-modules.cache>
1423665 openat(AT_FDCWD</tmp/kernel-audit2-v3r63b5w/\346\261\202\350\247\243\345\231\250>, "/usr/lib/locale/C.UTF-8/LC_MEASUREMENT", O_RDONLY|O_CLOEXEC) = -1 ENOENT (No such file or directory)
1423665 openat(AT_FDCWD</tmp/kernel-audit2-v3r63b5w/\346\261\202\350\247\243\345\231\250>, "/usr/lib/locale/C.utf8/LC_MEASUREMENT", O_RDONLY|O_CLOEXEC) = 3</usr/lib/locale/C.utf8/LC_MEASUREMENT>
1423665 openat(AT_FDCWD</tmp/kernel-audit2-v3r63b5w/\346\261\202\350\247\243\345\231\250>, "/usr/lib/locale/C.UTF-8/LC_TELEPHONE", O_RDONLY|O_CLOEXEC) = -1 ENOENT (No such file or directory)
1423665 openat(AT_FDCWD</tmp/kernel-audit2-v3r63b5w/\346\261\202\350\247\243\345\231\250>, "/usr/lib/locale/C.utf8/LC_TELEPHONE", O_RDONLY|O_CLOEXEC) = 3</usr/lib/locale/C.utf8/LC_TELEPHONE>
1423665 openat(AT_FDCWD</tmp/kernel-audit2-v3r63b5w/\346\261\202\350\247\243\345\231\250>, "/usr/lib/locale/C.UTF-8/LC_ADDRESS", O_RDONLY|O_CLOEXEC) = -1 ENOENT (No such file or directory)
1423665 openat(AT_FDCWD</tmp/kernel-audit2-v3r63b5w/\346\261\202\350\247\243\345\231\250>, "/usr/lib/locale/C.utf8/LC_ADDRESS", O_RDONLY|O_CLOEXEC) = 3</usr/lib/locale/C.utf8/LC_ADDRESS>
1423665 openat(AT_FDCWD</tmp/kernel-audit2-v3r63b5w/\346\261\202\350\247\243\345\231\250>, "/usr/lib/locale/C.UTF-8/LC_NAME", O_RDONLY|O_CLOEXEC) = -1 ENOENT (No such file or directory)
1423665 openat(AT_FDCWD</tmp/kernel-audit2-v3r63b5w/\346\261\202\350\247\243\345\231\250>, "/usr/lib/locale/C.utf8/LC_NAME", O_RDONLY|O_CLOEXEC) = 3</usr/lib/locale/C.utf8/LC_NAME>
1423665 openat(AT_FDCWD</tmp/kernel-audit2-v3r63b5w/\346\261\202\350\247\243\345\231\250>, "/usr/lib/locale/C.UTF-8/LC_PAPER", O_RDONLY|O_CLOEXEC) = -1 ENOENT (No such file or directory)
1423665 openat(AT_FDCWD</tmp/kernel-audit2-v3r63b5w/\346\261\202\350\247\243\345\231\250>, "/usr/lib/locale/C.utf8/LC_PAPER", O_RDONLY|O_CLOEXEC) = 3</usr/lib/locale/C.utf8/LC_PAPER>
1423665 openat(AT_FDCWD</tmp/kernel-audit2-v3r63b5w/\346\261\202\350\247\243\345\231\250>, "/usr/lib/locale/C.UTF-8/LC_MESSAGES", O_RDONLY|O_CLOEXEC) = -1 ENOENT (No such file or directory)
1423665 openat(AT_FDCWD</tmp/kernel-audit2-v3r63b5w/\346\261\202\350\247\243\345\231\250>, "/usr/lib/locale/C.utf8/LC_MESSAGES", O_RDONLY|O_CLOEXEC) = 3</usr/lib/locale/C.utf8/LC_MESSAGES>
1423665 openat(AT_FDCWD</tmp/kernel-audit2-v3r63b5w/\346\261\202\350\247\243\345\231\250>, "/usr/lib/locale/C.utf8/LC_MESSAGES/SYS_LC_MESSAGES", O_RDONLY|O_CLOEXEC) = 3</usr/lib/locale/C.utf8/LC_MESSAGES/SYS_LC_MESSAGES>
1423665 openat(AT_FDCWD</tmp/kernel-audit2-v3r63b5w/\346\261\202\350\247\243\345\231\250>, "/usr/lib/locale/C.UTF-8/LC_MONETARY", O_RDONLY|O_CLOEXEC) = -1 ENOENT (No such file or directory)
1423665 openat(AT_FDCWD</tmp/kernel-audit2-v3r63b5w/\346\261\202\350\247\243\345\231\250>, "/usr/lib/locale/C.utf8/LC_MONETARY", O_RDONLY|O_CLOEXEC) = 3</usr/lib/locale/C.utf8/LC_MONETARY>
1423665 openat(AT_FDCWD</tmp/kernel-audit2-v3r63b5w/\346\261\202\350\247\243\345\231\250>, "/usr/lib/locale/C.UTF-8/LC_COLLATE", O_RDONLY|O_CLOEXEC) = -1 ENOENT (No such file or directory)
1423665 openat(AT_FDCWD</tmp/kernel-audit2-v3r63b5w/\346\261\202\350\247\243\345\231\250>, "/usr/lib/locale/C.utf8/LC_COLLATE", O_RDONLY|O_CLOEXEC) = 3</usr/lib/locale/C.utf8/LC_COLLATE>
1423665 openat(AT_FDCWD</tmp/kernel-audit2-v3r63b5w/\346\261\202\350\247\243\345\231\250>, "/usr/lib/locale/C.UTF-8/LC_TIME", O_RDONLY|O_CLOEXEC) = -1 ENOENT (No such file or directory)
1423665 openat(AT_FDCWD</tmp/kernel-audit2-v3r63b5w/\346\261\202\350\247\243\345\231\250>, "/usr/lib/locale/C.utf8/LC_TIME", O_RDONLY|O_CLOEXEC) = 3</usr/lib/locale/C.utf8/LC_TIME>
1423665 openat(AT_FDCWD</tmp/kernel-audit2-v3r63b5w/\346\261\202\350\247\243\345\231\250>, "/usr/lib/locale/C.UTF-8/LC_NUMERIC", O_RDONLY|O_CLOEXEC) = -1 ENOENT (No such file or directory)
1423665 openat(AT_FDCWD</tmp/kernel-audit2-v3r63b5w/\346\261\202\350\247\243\345\231\250>, "/usr/lib/locale/C.utf8/LC_NUMERIC", O_RDONLY|O_CLOEXEC) = 3</usr/lib/locale/C.utf8/LC_NUMERIC>
1423665 openat(AT_FDCWD</tmp/kernel-audit2-v3r63b5w/\346\261\202\350\247\243\345\231\250>, "/usr/lib/locale/C.UTF-8/LC_CTYPE", O_RDONLY|O_CLOEXEC) = -1 ENOENT (No such file or directory)
1423665 openat(AT_FDCWD</tmp/kernel-audit2-v3r63b5w/\346\261\202\350\247\243\345\231\250>, "/usr/lib/locale/C.utf8/LC_CTYPE", O_RDONLY|O_CLOEXEC) = 3</usr/lib/locale/C.utf8/LC_CTYPE>
1423665 openat(AT_FDCWD</tmp/kernel-audit2-v3r63b5w/\346\261\202\350\247\243\345\231\250>, "/tmp/kernel-audit2-v3r63b5w/\346\261\202\350\247\243\345\231\250/\350\247\204\346\240\274/\345\206\205\346\240\270\350\276\223\345\207\272.schema.json", O_RDONLY) = 3</tmp/kernel-audit2-v3r63b5w/\346\261\202\350\247\243\345\231\250/\350\247\204\346\240\274/\345\206\205\346\240\270\350\276\223\345\207\272.schema.json>
1423646 --- SIGCHLD {si_signo=SIGCHLD, si_code=CLD_EXITED, si_pid=1423665, si_uid=1000, si_status=0, si_utime=0, si_stime=0} ---
1423646 openat(AT_FDCWD</tmp/kernel-audit2-v3r63b5w/\346\261\202\350\247\243\345\231\250>, "/dev/null", O_RDONLY|O_CLOEXEC) = 3</dev/null<char 1:3>>
1423666 execve("/home/zhuran24/.codex/tmp/arg0/codex-arg0DuAZRy/sha256sum", ["sha256sum", "--", "/tmp/kernel-audit2-v3r63b5w/\346\261\202\350\247\243\345\231\250/crates/kernel/\345\221\250\346\234\237\351\224\256\350\257\273\345\217\226\345\256\241\350\256\241.md"], 0x7ffd187fc5a8 /* 135 vars */) = -1 ENOENT (No such file or directory)
1423666 execve("/home/zhuran24/.cargo/bin/sha256sum", ["sha256sum", "--", "/tmp/kernel-audit2-v3r63b5w/\346\261\202\350\247\243\345\231\250/crates/kernel/\345\221\250\346\234\237\351\224\256\350\257\273\345\217\226\345\256\241\350\256\241.md"], 0x7ffd187fc5a8 /* 135 vars */) = -1 ENOENT (No such file or directory)
1423666 execve("/home/zhuran24/.local/bin/sha256sum", ["sha256sum", "--", "/tmp/kernel-audit2-v3r63b5w/\346\261\202\350\247\243\345\231\250/crates/kernel/\345\221\250\346\234\237\351\224\256\350\257\273\345\217\226\345\256\241\350\256\241.md"], 0x7ffd187fc5a8 /* 135 vars */) = -1 ENOENT (No such file or directory)
1423666 execve("/home/zhuran24/.opencode/bin/sha256sum", ["sha256sum", "--", "/tmp/kernel-audit2-v3r63b5w/\346\261\202\350\247\243\345\231\250/crates/kernel/\345\221\250\346\234\237\351\224\256\350\257\273\345\217\226\345\256\241\350\256\241.md"], 0x7ffd187fc5a8 /* 135 vars */) = -1 ENOENT (No such file or directory)
1423666 execve("/usr/local/bin/sha256sum", ["sha256sum", "--", "/tmp/kernel-audit2-v3r63b5w/\346\261\202\350\247\243\345\231\250/crates/kernel/\345\221\250\346\234\237\351\224\256\350\257\273\345\217\226\345\256\241\350\256\241.md"], 0x7ffd187fc5a8 /* 135 vars */) = -1 ENOENT (No such file or directory)
1423666 execve("/usr/bin/sha256sum", ["sha256sum", "--", "/tmp/kernel-audit2-v3r63b5w/\346\261\202\350\247\243\345\231\250/crates/kernel/\345\221\250\346\234\237\351\224\256\350\257\273\345\217\226\345\256\241\350\256\241.md"], 0x7ffd187fc5a8 /* 135 vars */) = 0
1423666 openat(AT_FDCWD</tmp/kernel-audit2-v3r63b5w/\346\261\202\350\247\243\345\231\250>, "/etc/ld.so.cache", O_RDONLY|O_CLOEXEC) = 3</etc/ld.so.cache>
1423666 openat(AT_FDCWD</tmp/kernel-audit2-v3r63b5w/\346\261\202\350\247\243\345\231\250>, "/usr/lib/libcrypto.so.3", O_RDONLY|O_CLOEXEC) = 3</usr/lib/libcrypto.so.3>
1423666 openat(AT_FDCWD</tmp/kernel-audit2-v3r63b5w/\346\261\202\350\247\243\345\231\250>, "/usr/lib/libc.so.6", O_RDONLY|O_CLOEXEC) = 3</usr/lib/libc.so.6>
1423666 openat(AT_FDCWD</tmp/kernel-audit2-v3r63b5w/\346\261\202\350\247\243\345\231\250>, "/usr/lib/libz.so.1", O_RDONLY|O_CLOEXEC) = 3</usr/lib/libz.so.1.3.1.zlib-ng>
1423666 openat(AT_FDCWD</tmp/kernel-audit2-v3r63b5w/\346\261\202\350\247\243\345\231\250>, "/usr/lib/libbrotlienc.so.1", O_RDONLY|O_CLOEXEC) = 3</usr/lib/libbrotlienc.so.1.2.0>
1423666 openat(AT_FDCWD</tmp/kernel-audit2-v3r63b5w/\346\261\202\350\247\243\345\231\250>, "/usr/lib/libbrotlidec.so.1", O_RDONLY|O_CLOEXEC) = 3</usr/lib/libbrotlidec.so.1.2.0>
1423666 openat(AT_FDCWD</tmp/kernel-audit2-v3r63b5w/\346\261\202\350\247\243\345\231\250>, "/usr/lib/libzstd.so.1", O_RDONLY|O_CLOEXEC) = 3</usr/lib/libzstd.so.1.5.7>
1423666 openat(AT_FDCWD</tmp/kernel-audit2-v3r63b5w/\346\261\202\350\247\243\345\231\250>, "/usr/lib/libm.so.6", O_RDONLY|O_CLOEXEC) = 3</usr/lib/libm.so.6>
1423666 openat(AT_FDCWD</tmp/kernel-audit2-v3r63b5w/\346\261\202\350\247\243\345\231\250>, "/usr/lib/libbrotlicommon.so.1", O_RDONLY|O_CLOEXEC) = 3</usr/lib/libbrotlicommon.so.1.2.0>
1423666 openat(AT_FDCWD</tmp/kernel-audit2-v3r63b5w/\346\261\202\350\247\243\345\231\250>, "/usr/lib/locale/locale-archive", O_RDONLY|O_CLOEXEC) = 3</usr/lib/locale/locale-archive>
1423666 openat(AT_FDCWD</tmp/kernel-audit2-v3r63b5w/\346\261\202\350\247\243\345\231\250>, "/usr/share/locale/locale.alias", O_RDONLY|O_CLOEXEC) = 3</usr/share/locale/locale.alias>
1423666 openat(AT_FDCWD</tmp/kernel-audit2-v3r63b5w/\346\261\202\350\247\243\345\231\250>, "/usr/lib/locale/C.UTF-8/LC_IDENTIFICATION", O_RDONLY|O_CLOEXEC) = -1 ENOENT (No such file or directory)
1423666 openat(AT_FDCWD</tmp/kernel-audit2-v3r63b5w/\346\261\202\350\247\243\345\231\250>, "/usr/lib/locale/C.utf8/LC_IDENTIFICATION", O_RDONLY|O_CLOEXEC) = 3</usr/lib/locale/C.utf8/LC_IDENTIFICATION>
1423666 openat(AT_FDCWD</tmp/kernel-audit2-v3r63b5w/\346\261\202\350\247\243\345\231\250>, "/usr/lib/gconv/gconv-modules.cache", O_RDONLY|O_CLOEXEC) = 3</usr/lib/gconv/gconv-modules.cache>
1423666 openat(AT_FDCWD</tmp/kernel-audit2-v3r63b5w/\346\261\202\350\247\243\345\231\250>, "/usr/lib/locale/C.UTF-8/LC_MEASUREMENT", O_RDONLY|O_CLOEXEC) = -1 ENOENT (No such file or directory)
1423666 openat(AT_FDCWD</tmp/kernel-audit2-v3r63b5w/\346\261\202\350\247\243\345\231\250>, "/usr/lib/locale/C.utf8/LC_MEASUREMENT", O_RDONLY|O_CLOEXEC) = 3</usr/lib/locale/C.utf8/LC_MEASUREMENT>
1423666 openat(AT_FDCWD</tmp/kernel-audit2-v3r63b5w/\346\261\202\350\247\243\345\231\250>, "/usr/lib/locale/C.UTF-8/LC_TELEPHONE", O_RDONLY|O_CLOEXEC) = -1 ENOENT (No such file or directory)
1423666 openat(AT_FDCWD</tmp/kernel-audit2-v3r63b5w/\346\261\202\350\247\243\345\231\250>, "/usr/lib/locale/C.utf8/LC_TELEPHONE", O_RDONLY|O_CLOEXEC) = 3</usr/lib/locale/C.utf8/LC_TELEPHONE>
1423666 openat(AT_FDCWD</tmp/kernel-audit2-v3r63b5w/\346\261\202\350\247\243\345\231\250>, "/usr/lib/locale/C.UTF-8/LC_ADDRESS", O_RDONLY|O_CLOEXEC) = -1 ENOENT (No such file or directory)
1423666 openat(AT_FDCWD</tmp/kernel-audit2-v3r63b5w/\346\261\202\350\247\243\345\231\250>, "/usr/lib/locale/C.utf8/LC_ADDRESS", O_RDONLY|O_CLOEXEC) = 3</usr/lib/locale/C.utf8/LC_ADDRESS>
1423666 openat(AT_FDCWD</tmp/kernel-audit2-v3r63b5w/\346\261\202\350\247\243\345\231\250>, "/usr/lib/locale/C.UTF-8/LC_NAME", O_RDONLY|O_CLOEXEC) = -1 ENOENT (No such file or directory)
1423666 openat(AT_FDCWD</tmp/kernel-audit2-v3r63b5w/\346\261\202\350\247\243\345\231\250>, "/usr/lib/locale/C.utf8/LC_NAME", O_RDONLY|O_CLOEXEC) = 3</usr/lib/locale/C.utf8/LC_NAME>
1423666 openat(AT_FDCWD</tmp/kernel-audit2-v3r63b5w/\346\261\202\350\247\243\345\231\250>, "/usr/lib/locale/C.UTF-8/LC_PAPER", O_RDONLY|O_CLOEXEC) = -1 ENOENT (No such file or directory)
1423666 openat(AT_FDCWD</tmp/kernel-audit2-v3r63b5w/\346\261\202\350\247\243\345\231\250>, "/usr/lib/locale/C.utf8/LC_PAPER", O_RDONLY|O_CLOEXEC) = 3</usr/lib/locale/C.utf8/LC_PAPER>
1423666 openat(AT_FDCWD</tmp/kernel-audit2-v3r63b5w/\346\261\202\350\247\243\345\231\250>, "/usr/lib/locale/C.UTF-8/LC_MESSAGES", O_RDONLY|O_CLOEXEC) = -1 ENOENT (No such file or directory)
1423666 openat(AT_FDCWD</tmp/kernel-audit2-v3r63b5w/\346\261\202\350\247\243\345\231\250>, "/usr/lib/locale/C.utf8/LC_MESSAGES", O_RDONLY|O_CLOEXEC) = 3</usr/lib/locale/C.utf8/LC_MESSAGES>
1423666 openat(AT_FDCWD</tmp/kernel-audit2-v3r63b5w/\346\261\202\350\247\243\345\231\250>, "/usr/lib/locale/C.utf8/LC_MESSAGES/SYS_LC_MESSAGES", O_RDONLY|O_CLOEXEC) = 3</usr/lib/locale/C.utf8/LC_MESSAGES/SYS_LC_MESSAGES>
1423666 openat(AT_FDCWD</tmp/kernel-audit2-v3r63b5w/\346\261\202\350\247\243\345\231\250>, "/usr/lib/locale/C.UTF-8/LC_MONETARY", O_RDONLY|O_CLOEXEC) = -1 ENOENT (No such file or directory)
1423666 openat(AT_FDCWD</tmp/kernel-audit2-v3r63b5w/\346\261\202\350\247\243\345\231\250>, "/usr/lib/locale/C.utf8/LC_MONETARY", O_RDONLY|O_CLOEXEC) = 3</usr/lib/locale/C.utf8/LC_MONETARY>
1423666 openat(AT_FDCWD</tmp/kernel-audit2-v3r63b5w/\346\261\202\350\247\243\345\231\250>, "/usr/lib/locale/C.UTF-8/LC_COLLATE", O_RDONLY|O_CLOEXEC) = -1 ENOENT (No such file or directory)
1423666 openat(AT_FDCWD</tmp/kernel-audit2-v3r63b5w/\346\261\202\350\247\243\345\231\250>, "/usr/lib/locale/C.utf8/LC_COLLATE", O_RDONLY|O_CLOEXEC) = 3</usr/lib/locale/C.utf8/LC_COLLATE>
1423666 openat(AT_FDCWD</tmp/kernel-audit2-v3r63b5w/\346\261\202\350\247\243\345\231\250>, "/usr/lib/locale/C.UTF-8/LC_TIME", O_RDONLY|O_CLOEXEC) = -1 ENOENT (No such file or directory)
1423666 openat(AT_FDCWD</tmp/kernel-audit2-v3r63b5w/\346\261\202\350\247\243\345\231\250>, "/usr/lib/locale/C.utf8/LC_TIME", O_RDONLY|O_CLOEXEC) = 3</usr/lib/locale/C.utf8/LC_TIME>
1423666 openat(AT_FDCWD</tmp/kernel-audit2-v3r63b5w/\346\261\202\350\247\243\345\231\250>, "/usr/lib/locale/C.UTF-8/LC_NUMERIC", O_RDONLY|O_CLOEXEC) = -1 ENOENT (No such file or directory)
1423666 openat(AT_FDCWD</tmp/kernel-audit2-v3r63b5w/\346\261\202\350\247\243\345\231\250>, "/usr/lib/locale/C.utf8/LC_NUMERIC", O_RDONLY|O_CLOEXEC) = 3</usr/lib/locale/C.utf8/LC_NUMERIC>
1423666 openat(AT_FDCWD</tmp/kernel-audit2-v3r63b5w/\346\261\202\350\247\243\345\231\250>, "/usr/lib/locale/C.UTF-8/LC_CTYPE", O_RDONLY|O_CLOEXEC) = -1 ENOENT (No such file or directory)
1423666 openat(AT_FDCWD</tmp/kernel-audit2-v3r63b5w/\346\261\202\350\247\243\345\231\250>, "/usr/lib/locale/C.utf8/LC_CTYPE", O_RDONLY|O_CLOEXEC) = 3</usr/lib/locale/C.utf8/LC_CTYPE>
1423666 openat(AT_FDCWD</tmp/kernel-audit2-v3r63b5w/\346\261\202\350\247\243\345\231\250>, "/tmp/kernel-audit2-v3r63b5w/\346\261\202\350\247\243\345\231\250/crates/kernel/\345\221\250\346\234\237\351\224\256\350\257\273\345\217\226\345\256\241\350\256\241.md", O_RDONLY) = 3</tmp/kernel-audit2-v3r63b5w/\346\261\202\350\247\243\345\231\250/crates/kernel/\345\221\250\346\234\237\351\224\256\350\257\273\345\217\226\345\256\241\350\256\241.md>
1423646 --- SIGCHLD {si_signo=SIGCHLD, si_code=CLD_EXITED, si_pid=1423666, si_uid=1000, si_status=0, si_utime=0, si_stime=0} ---
1423646 openat(AT_FDCWD</tmp/kernel-audit2-v3r63b5w/\346\261\202\350\247\243\345\231\250>, "/dev/null", O_RDONLY|O_CLOEXEC) = 3</dev/null<char 1:3>>
1423667 execve("/home/zhuran24/.codex/tmp/arg0/codex-arg0DuAZRy/sha256sum", ["sha256sum", "--", "/tmp/kernel-audit2-v3r63b5w/\346\261\202\350\247\243\345\231\250/crates/kernel/src/value.rs"], 0x7ffd187fc5a8 /* 135 vars */) = -1 ENOENT (No such file or directory)
1423667 execve("/home/zhuran24/.cargo/bin/sha256sum", ["sha256sum", "--", "/tmp/kernel-audit2-v3r63b5w/\346\261\202\350\247\243\345\231\250/crates/kernel/src/value.rs"], 0x7ffd187fc5a8 /* 135 vars */) = -1 ENOENT (No such file or directory)
1423667 execve("/home/zhuran24/.local/bin/sha256sum", ["sha256sum", "--", "/tmp/kernel-audit2-v3r63b5w/\346\261\202\350\247\243\345\231\250/crates/kernel/src/value.rs"], 0x7ffd187fc5a8 /* 135 vars */) = -1 ENOENT (No such file or directory)
1423667 execve("/home/zhuran24/.opencode/bin/sha256sum", ["sha256sum", "--", "/tmp/kernel-audit2-v3r63b5w/\346\261\202\350\247\243\345\231\250/crates/kernel/src/value.rs"], 0x7ffd187fc5a8 /* 135 vars */) = -1 ENOENT (No such file or directory)
1423667 execve("/usr/local/bin/sha256sum", ["sha256sum", "--", "/tmp/kernel-audit2-v3r63b5w/\346\261\202\350\247\243\345\231\250/crates/kernel/src/value.rs"], 0x7ffd187fc5a8 /* 135 vars */) = -1 ENOENT (No such file or directory)
1423667 execve("/usr/bin/sha256sum", ["sha256sum", "--", "/tmp/kernel-audit2-v3r63b5w/\346\261\202\350\247\243\345\231\250/crates/kernel/src/value.rs"], 0x7ffd187fc5a8 /* 135 vars */) = 0
1423667 openat(AT_FDCWD</tmp/kernel-audit2-v3r63b5w/\346\261\202\350\247\243\345\231\250>, "/etc/ld.so.cache", O_RDONLY|O_CLOEXEC) = 3</etc/ld.so.cache>
1423667 openat(AT_FDCWD</tmp/kernel-audit2-v3r63b5w/\346\261\202\350\247\243\345\231\250>, "/usr/lib/libcrypto.so.3", O_RDONLY|O_CLOEXEC) = 3</usr/lib/libcrypto.so.3>
1423667 openat(AT_FDCWD</tmp/kernel-audit2-v3r63b5w/\346\261\202\350\247\243\345\231\250>, "/usr/lib/libc.so.6", O_RDONLY|O_CLOEXEC) = 3</usr/lib/libc.so.6>
1423667 openat(AT_FDCWD</tmp/kernel-audit2-v3r63b5w/\346\261\202\350\247\243\345\231\250>, "/usr/lib/libz.so.1", O_RDONLY|O_CLOEXEC) = 3</usr/lib/libz.so.1.3.1.zlib-ng>
1423667 openat(AT_FDCWD</tmp/kernel-audit2-v3r63b5w/\346\261\202\350\247\243\345\231\250>, "/usr/lib/libbrotlienc.so.1", O_RDONLY|O_CLOEXEC) = 3</usr/lib/libbrotlienc.so.1.2.0>
1423667 openat(AT_FDCWD</tmp/kernel-audit2-v3r63b5w/\346\261\202\350\247\243\345\231\250>, "/usr/lib/libbrotlidec.so.1", O_RDONLY|O_CLOEXEC) = 3</usr/lib/libbrotlidec.so.1.2.0>
1423667 openat(AT_FDCWD</tmp/kernel-audit2-v3r63b5w/\346\261\202\350\247\243\345\231\250>, "/usr/lib/libzstd.so.1", O_RDONLY|O_CLOEXEC) = 3</usr/lib/libzstd.so.1.5.7>
1423667 openat(AT_FDCWD</tmp/kernel-audit2-v3r63b5w/\346\261\202\350\247\243\345\231\250>, "/usr/lib/libm.so.6", O_RDONLY|O_CLOEXEC) = 3</usr/lib/libm.so.6>
1423667 openat(AT_FDCWD</tmp/kernel-audit2-v3r63b5w/\346\261\202\350\247\243\345\231\250>, "/usr/lib/libbrotlicommon.so.1", O_RDONLY|O_CLOEXEC) = 3</usr/lib/libbrotlicommon.so.1.2.0>
1423667 openat(AT_FDCWD</tmp/kernel-audit2-v3r63b5w/\346\261\202\350\247\243\345\231\250>, "/usr/lib/locale/locale-archive", O_RDONLY|O_CLOEXEC) = 3</usr/lib/locale/locale-archive>
1423667 openat(AT_FDCWD</tmp/kernel-audit2-v3r63b5w/\346\261\202\350\247\243\345\231\250>, "/usr/share/locale/locale.alias", O_RDONLY|O_CLOEXEC) = 3</usr/share/locale/locale.alias>
1423667 openat(AT_FDCWD</tmp/kernel-audit2-v3r63b5w/\346\261\202\350\247\243\345\231\250>, "/usr/lib/locale/C.UTF-8/LC_IDENTIFICATION", O_RDONLY|O_CLOEXEC) = -1 ENOENT (No such file or directory)
1423667 openat(AT_FDCWD</tmp/kernel-audit2-v3r63b5w/\346\261\202\350\247\243\345\231\250>, "/usr/lib/locale/C.utf8/LC_IDENTIFICATION", O_RDONLY|O_CLOEXEC) = 3</usr/lib/locale/C.utf8/LC_IDENTIFICATION>
1423667 openat(AT_FDCWD</tmp/kernel-audit2-v3r63b5w/\346\261\202\350\247\243\345\231\250>, "/usr/lib/gconv/gconv-modules.cache", O_RDONLY|O_CLOEXEC) = 3</usr/lib/gconv/gconv-modules.cache>
1423667 openat(AT_FDCWD</tmp/kernel-audit2-v3r63b5w/\346\261\202\350\247\243\345\231\250>, "/usr/lib/locale/C.UTF-8/LC_MEASUREMENT", O_RDONLY|O_CLOEXEC) = -1 ENOENT (No such file or directory)
1423667 openat(AT_FDCWD</tmp/kernel-audit2-v3r63b5w/\346\261\202\350\247\243\345\231\250>, "/usr/lib/locale/C.utf8/LC_MEASUREMENT", O_RDONLY|O_CLOEXEC) = 3</usr/lib/locale/C.utf8/LC_MEASUREMENT>
1423667 openat(AT_FDCWD</tmp/kernel-audit2-v3r63b5w/\346\261\202\350\247\243\345\231\250>, "/usr/lib/locale/C.UTF-8/LC_TELEPHONE", O_RDONLY|O_CLOEXEC) = -1 ENOENT (No such file or directory)
1423667 openat(AT_FDCWD</tmp/kernel-audit2-v3r63b5w/\346\261\202\350\247\243\345\231\250>, "/usr/lib/locale/C.utf8/LC_TELEPHONE", O_RDONLY|O_CLOEXEC) = 3</usr/lib/locale/C.utf8/LC_TELEPHONE>
1423667 openat(AT_FDCWD</tmp/kernel-audit2-v3r63b5w/\346\261\202\350\247\243\345\231\250>, "/usr/lib/locale/C.UTF-8/LC_ADDRESS", O_RDONLY|O_CLOEXEC) = -1 ENOENT (No such file or directory)
1423667 openat(AT_FDCWD</tmp/kernel-audit2-v3r63b5w/\346\261\202\350\247\243\345\231\250>, "/usr/lib/locale/C.utf8/LC_ADDRESS", O_RDONLY|O_CLOEXEC) = 3</usr/lib/locale/C.utf8/LC_ADDRESS>
1423667 openat(AT_FDCWD</tmp/kernel-audit2-v3r63b5w/\346\261\202\350\247\243\345\231\250>, "/usr/lib/locale/C.UTF-8/LC_NAME", O_RDONLY|O_CLOEXEC) = -1 ENOENT (No such file or directory)
1423667 openat(AT_FDCWD</tmp/kernel-audit2-v3r63b5w/\346\261\202\350\247\243\345\231\250>, "/usr/lib/locale/C.utf8/LC_NAME", O_RDONLY|O_CLOEXEC) = 3</usr/lib/locale/C.utf8/LC_NAME>
1423667 openat(AT_FDCWD</tmp/kernel-audit2-v3r63b5w/\346\261\202\350\247\243\345\231\250>, "/usr/lib/locale/C.UTF-8/LC_PAPER", O_RDONLY|O_CLOEXEC) = -1 ENOENT (No such file or directory)
1423667 openat(AT_FDCWD</tmp/kernel-audit2-v3r63b5w/\346\261\202\350\247\243\345\231\250>, "/usr/lib/locale/C.utf8/LC_PAPER", O_RDONLY|O_CLOEXEC) = 3</usr/lib/locale/C.utf8/LC_PAPER>
1423667 openat(AT_FDCWD</tmp/kernel-audit2-v3r63b5w/\346\261\202\350\247\243\345\231\250>, "/usr/lib/locale/C.UTF-8/LC_MESSAGES", O_RDONLY|O_CLOEXEC) = -1 ENOENT (No such file or directory)
1423667 openat(AT_FDCWD</tmp/kernel-audit2-v3r63b5w/\346\261\202\350\247\243\345\231\250>, "/usr/lib/locale/C.utf8/LC_MESSAGES", O_RDONLY|O_CLOEXEC) = 3</usr/lib/locale/C.utf8/LC_MESSAGES>
1423667 openat(AT_FDCWD</tmp/kernel-audit2-v3r63b5w/\346\261\202\350\247\243\345\231\250>, "/usr/lib/locale/C.utf8/LC_MESSAGES/SYS_LC_MESSAGES", O_RDONLY|O_CLOEXEC) = 3</usr/lib/locale/C.utf8/LC_MESSAGES/SYS_LC_MESSAGES>
1423667 openat(AT_FDCWD</tmp/kernel-audit2-v3r63b5w/\346\261\202\350\247\243\345\231\250>, "/usr/lib/locale/C.UTF-8/LC_MONETARY", O_RDONLY|O_CLOEXEC) = -1 ENOENT (No such file or directory)
1423667 openat(AT_FDCWD</tmp/kernel-audit2-v3r63b5w/\346\261\202\350\247\243\345\231\250>, "/usr/lib/locale/C.utf8/LC_MONETARY", O_RDONLY|O_CLOEXEC) = 3</usr/lib/locale/C.utf8/LC_MONETARY>
1423667 openat(AT_FDCWD</tmp/kernel-audit2-v3r63b5w/\346\261\202\350\247\243\345\231\250>, "/usr/lib/locale/C.UTF-8/LC_COLLATE", O_RDONLY|O_CLOEXEC) = -1 ENOENT (No such file or directory)
1423667 openat(AT_FDCWD</tmp/kernel-audit2-v3r63b5w/\346\261\202\350\247\243\345\231\250>, "/usr/lib/locale/C.utf8/LC_COLLATE", O_RDONLY|O_CLOEXEC) = 3</usr/lib/locale/C.utf8/LC_COLLATE>
1423667 openat(AT_FDCWD</tmp/kernel-audit2-v3r63b5w/\346\261\202\350\247\243\345\231\250>, "/usr/lib/locale/C.UTF-8/LC_TIME", O_RDONLY|O_CLOEXEC) = -1 ENOENT (No such file or directory)
1423667 openat(AT_FDCWD</tmp/kernel-audit2-v3r63b5w/\346\261\202\350\247\243\345\231\250>, "/usr/lib/locale/C.utf8/LC_TIME", O_RDONLY|O_CLOEXEC) = 3</usr/lib/locale/C.utf8/LC_TIME>
1423667 openat(AT_FDCWD</tmp/kernel-audit2-v3r63b5w/\346\261\202\350\247\243\345\231\250>, "/usr/lib/locale/C.UTF-8/LC_NUMERIC", O_RDONLY|O_CLOEXEC) = -1 ENOENT (No such file or directory)
1423667 openat(AT_FDCWD</tmp/kernel-audit2-v3r63b5w/\346\261\202\350\247\243\345\231\250>, "/usr/lib/locale/C.utf8/LC_NUMERIC", O_RDONLY|O_CLOEXEC) = 3</usr/lib/locale/C.utf8/LC_NUMERIC>
1423667 openat(AT_FDCWD</tmp/kernel-audit2-v3r63b5w/\346\261\202\350\247\243\345\231\250>, "/usr/lib/locale/C.UTF-8/LC_CTYPE", O_RDONLY|O_CLOEXEC) = -1 ENOENT (No such file or directory)
1423667 openat(AT_FDCWD</tmp/kernel-audit2-v3r63b5w/\346\261\202\350\247\243\345\231\250>, "/usr/lib/locale/C.utf8/LC_CTYPE", O_RDONLY|O_CLOEXEC) = 3</usr/lib/locale/C.utf8/LC_CTYPE>
1423667 openat(AT_FDCWD</tmp/kernel-audit2-v3r63b5w/\346\261\202\350\247\243\345\231\250>, "/tmp/kernel-audit2-v3r63b5w/\346\261\202\350\247\243\345\231\250/crates/kernel/src/value.rs", O_RDONLY) = 3</tmp/kernel-audit2-v3r63b5w/\346\261\202\350\247\243\345\231\250/crates/kernel/src/value.rs>
1423646 --- SIGCHLD {si_signo=SIGCHLD, si_code=CLD_EXITED, si_pid=1423667, si_uid=1000, si_status=0, si_utime=0, si_stime=0} ---
1423646 openat(AT_FDCWD</tmp/kernel-audit2-v3r63b5w/\346\261\202\350\247\243\345\231\250>, "/dev/null", O_RDONLY|O_CLOEXEC) = 3</dev/null<char 1:3>>
1423668 execve("/home/zhuran24/.codex/tmp/arg0/codex-arg0DuAZRy/sha256sum", ["sha256sum", "--", "/tmp/kernel-audit2-v3r63b5w/\346\261\202\350\247\243\345\231\250/crates/kernel/src/config.rs"], 0x7ffd187fc5a8 /* 135 vars */) = -1 ENOENT (No such file or directory)
1423668 execve("/home/zhuran24/.cargo/bin/sha256sum", ["sha256sum", "--", "/tmp/kernel-audit2-v3r63b5w/\346\261\202\350\247\243\345\231\250/crates/kernel/src/config.rs"], 0x7ffd187fc5a8 /* 135 vars */) = -1 ENOENT (No such file or directory)
1423668 execve("/home/zhuran24/.local/bin/sha256sum", ["sha256sum", "--", "/tmp/kernel-audit2-v3r63b5w/\346\261\202\350\247\243\345\231\250/crates/kernel/src/config.rs"], 0x7ffd187fc5a8 /* 135 vars */) = -1 ENOENT (No such file or directory)
1423668 execve("/home/zhuran24/.opencode/bin/sha256sum", ["sha256sum", "--", "/tmp/kernel-audit2-v3r63b5w/\346\261\202\350\247\243\345\231\250/crates/kernel/src/config.rs"], 0x7ffd187fc5a8 /* 135 vars */) = -1 ENOENT (No such file or directory)
1423668 execve("/usr/local/bin/sha256sum", ["sha256sum", "--", "/tmp/kernel-audit2-v3r63b5w/\346\261\202\350\247\243\345\231\250/crates/kernel/src/config.rs"], 0x7ffd187fc5a8 /* 135 vars */) = -1 ENOENT (No such file or directory)
1423668 execve("/usr/bin/sha256sum", ["sha256sum", "--", "/tmp/kernel-audit2-v3r63b5w/\346\261\202\350\247\243\345\231\250/crates/kernel/src/config.rs"], 0x7ffd187fc5a8 /* 135 vars */) = 0
1423668 openat(AT_FDCWD</tmp/kernel-audit2-v3r63b5w/\346\261\202\350\247\243\345\231\250>, "/etc/ld.so.cache", O_RDONLY|O_CLOEXEC) = 3</etc/ld.so.cache>
1423668 openat(AT_FDCWD</tmp/kernel-audit2-v3r63b5w/\346\261\202\350\247\243\345\231\250>, "/usr/lib/libcrypto.so.3", O_RDONLY|O_CLOEXEC) = 3</usr/lib/libcrypto.so.3>
1423668 openat(AT_FDCWD</tmp/kernel-audit2-v3r63b5w/\346\261\202\350\247\243\345\231\250>, "/usr/lib/libc.so.6", O_RDONLY|O_CLOEXEC) = 3</usr/lib/libc.so.6>
1423668 openat(AT_FDCWD</tmp/kernel-audit2-v3r63b5w/\346\261\202\350\247\243\345\231\250>, "/usr/lib/libz.so.1", O_RDONLY|O_CLOEXEC) = 3</usr/lib/libz.so.1.3.1.zlib-ng>
1423668 openat(AT_FDCWD</tmp/kernel-audit2-v3r63b5w/\346\261\202\350\247\243\345\231\250>, "/usr/lib/libbrotlienc.so.1", O_RDONLY|O_CLOEXEC) = 3</usr/lib/libbrotlienc.so.1.2.0>
1423668 openat(AT_FDCWD</tmp/kernel-audit2-v3r63b5w/\346\261\202\350\247\243\345\231\250>, "/usr/lib/libbrotlidec.so.1", O_RDONLY|O_CLOEXEC) = 3</usr/lib/libbrotlidec.so.1.2.0>
1423668 openat(AT_FDCWD</tmp/kernel-audit2-v3r63b5w/\346\261\202\350\247\243\345\231\250>, "/usr/lib/libzstd.so.1", O_RDONLY|O_CLOEXEC) = 3</usr/lib/libzstd.so.1.5.7>
1423668 openat(AT_FDCWD</tmp/kernel-audit2-v3r63b5w/\346\261\202\350\247\243\345\231\250>, "/usr/lib/libm.so.6", O_RDONLY|O_CLOEXEC) = 3</usr/lib/libm.so.6>
1423668 openat(AT_FDCWD</tmp/kernel-audit2-v3r63b5w/\346\261\202\350\247\243\345\231\250>, "/usr/lib/libbrotlicommon.so.1", O_RDONLY|O_CLOEXEC) = 3</usr/lib/libbrotlicommon.so.1.2.0>
1423668 openat(AT_FDCWD</tmp/kernel-audit2-v3r63b5w/\346\261\202\350\247\243\345\231\250>, "/usr/lib/locale/locale-archive", O_RDONLY|O_CLOEXEC) = 3</usr/lib/locale/locale-archive>
1423668 openat(AT_FDCWD</tmp/kernel-audit2-v3r63b5w/\346\261\202\350\247\243\345\231\250>, "/usr/share/locale/locale.alias", O_RDONLY|O_CLOEXEC) = 3</usr/share/locale/locale.alias>
1423668 openat(AT_FDCWD</tmp/kernel-audit2-v3r63b5w/\346\261\202\350\247\243\345\231\250>, "/usr/lib/locale/C.UTF-8/LC_IDENTIFICATION", O_RDONLY|O_CLOEXEC) = -1 ENOENT (No such file or directory)
1423668 openat(AT_FDCWD</tmp/kernel-audit2-v3r63b5w/\346\261\202\350\247\243\345\231\250>, "/usr/lib/locale/C.utf8/LC_IDENTIFICATION", O_RDONLY|O_CLOEXEC) = 3</usr/lib/locale/C.utf8/LC_IDENTIFICATION>
1423668 openat(AT_FDCWD</tmp/kernel-audit2-v3r63b5w/\346\261\202\350\247\243\345\231\250>, "/usr/lib/gconv/gconv-modules.cache", O_RDONLY|O_CLOEXEC) = 3</usr/lib/gconv/gconv-modules.cache>
1423668 openat(AT_FDCWD</tmp/kernel-audit2-v3r63b5w/\346\261\202\350\247\243\345\231\250>, "/usr/lib/locale/C.UTF-8/LC_MEASUREMENT", O_RDONLY|O_CLOEXEC) = -1 ENOENT (No such file or directory)
1423668 openat(AT_FDCWD</tmp/kernel-audit2-v3r63b5w/\346\261\202\350\247\243\345\231\250>, "/usr/lib/locale/C.utf8/LC_MEASUREMENT", O_RDONLY|O_CLOEXEC) = 3</usr/lib/locale/C.utf8/LC_MEASUREMENT>
1423668 openat(AT_FDCWD</tmp/kernel-audit2-v3r63b5w/\346\261\202\350\247\243\345\231\250>, "/usr/lib/locale/C.UTF-8/LC_TELEPHONE", O_RDONLY|O_CLOEXEC) = -1 ENOENT (No such file or directory)
1423668 openat(AT_FDCWD</tmp/kernel-audit2-v3r63b5w/\346\261\202\350\247\243\345\231\250>, "/usr/lib/locale/C.utf8/LC_TELEPHONE", O_RDONLY|O_CLOEXEC) = 3</usr/lib/locale/C.utf8/LC_TELEPHONE>
1423668 openat(AT_FDCWD</tmp/kernel-audit2-v3r63b5w/\346\261\202\350\247\243\345\231\250>, "/usr/lib/locale/C.UTF-8/LC_ADDRESS", O_RDONLY|O_CLOEXEC) = -1 ENOENT (No such file or directory)
1423668 openat(AT_FDCWD</tmp/kernel-audit2-v3r63b5w/\346\261\202\350\247\243\345\231\250>, "/usr/lib/locale/C.utf8/LC_ADDRESS", O_RDONLY|O_CLOEXEC) = 3</usr/lib/locale/C.utf8/LC_ADDRESS>
1423668 openat(AT_FDCWD</tmp/kernel-audit2-v3r63b5w/\346\261\202\350\247\243\345\231\250>, "/usr/lib/locale/C.UTF-8/LC_NAME", O_RDONLY|O_CLOEXEC) = -1 ENOENT (No such file or directory)
1423668 openat(AT_FDCWD</tmp/kernel-audit2-v3r63b5w/\346\261\202\350\247\243\345\231\250>, "/usr/lib/locale/C.utf8/LC_NAME", O_RDONLY|O_CLOEXEC) = 3</usr/lib/locale/C.utf8/LC_NAME>
1423668 openat(AT_FDCWD</tmp/kernel-audit2-v3r63b5w/\346\261\202\350\247\243\345\231\250>, "/usr/lib/locale/C.UTF-8/LC_PAPER", O_RDONLY|O_CLOEXEC) = -1 ENOENT (No such file or directory)
1423668 openat(AT_FDCWD</tmp/kernel-audit2-v3r63b5w/\346\261\202\350\247\243\345\231\250>, "/usr/lib/locale/C.utf8/LC_PAPER", O_RDONLY|O_CLOEXEC) = 3</usr/lib/locale/C.utf8/LC_PAPER>
1423668 openat(AT_FDCWD</tmp/kernel-audit2-v3r63b5w/\346\261\202\350\247\243\345\231\250>, "/usr/lib/locale/C.UTF-8/LC_MESSAGES", O_RDONLY|O_CLOEXEC) = -1 ENOENT (No such file or directory)
1423668 openat(AT_FDCWD</tmp/kernel-audit2-v3r63b5w/\346\261\202\350\247\243\345\231\250>, "/usr/lib/locale/C.utf8/LC_MESSAGES", O_RDONLY|O_CLOEXEC) = 3</usr/lib/locale/C.utf8/LC_MESSAGES>
1423668 openat(AT_FDCWD</tmp/kernel-audit2-v3r63b5w/\346\261\202\350\247\243\345\231\250>, "/usr/lib/locale/C.utf8/LC_MESSAGES/SYS_LC_MESSAGES", O_RDONLY|O_CLOEXEC) = 3</usr/lib/locale/C.utf8/LC_MESSAGES/SYS_LC_MESSAGES>
1423668 openat(AT_FDCWD</tmp/kernel-audit2-v3r63b5w/\346\261\202\350\247\243\345\231\250>, "/usr/lib/locale/C.UTF-8/LC_MONETARY", O_RDONLY|O_CLOEXEC) = -1 ENOENT (No such file or directory)
1423668 openat(AT_FDCWD</tmp/kernel-audit2-v3r63b5w/\346\261\202\350\247\243\345\231\250>, "/usr/lib/locale/C.utf8/LC_MONETARY", O_RDONLY|O_CLOEXEC) = 3</usr/lib/locale/C.utf8/LC_MONETARY>
1423668 openat(AT_FDCWD</tmp/kernel-audit2-v3r63b5w/\346\261\202\350\247\243\345\231\250>, "/usr/lib/locale/C.UTF-8/LC_COLLATE", O_RDONLY|O_CLOEXEC) = -1 ENOENT (No such file or directory)
1423668 openat(AT_FDCWD</tmp/kernel-audit2-v3r63b5w/\346\261\202\350\247\243\345\231\250>, "/usr/lib/locale/C.utf8/LC_COLLATE", O_RDONLY|O_CLOEXEC) = 3</usr/lib/locale/C.utf8/LC_COLLATE>
1423668 openat(AT_FDCWD</tmp/kernel-audit2-v3r63b5w/\346\261\202\350\247\243\345\231\250>, "/usr/lib/locale/C.UTF-8/LC_TIME", O_RDONLY|O_CLOEXEC) = -1 ENOENT (No such file or directory)
1423668 openat(AT_FDCWD</tmp/kernel-audit2-v3r63b5w/\346\261\202\350\247\243\345\231\250>, "/usr/lib/locale/C.utf8/LC_TIME", O_RDONLY|O_CLOEXEC) = 3</usr/lib/locale/C.utf8/LC_TIME>
1423668 openat(AT_FDCWD</tmp/kernel-audit2-v3r63b5w/\346\261\202\350\247\243\345\231\250>, "/usr/lib/locale/C.UTF-8/LC_NUMERIC", O_RDONLY|O_CLOEXEC) = -1 ENOENT (No such file or directory)
1423668 openat(AT_FDCWD</tmp/kernel-audit2-v3r63b5w/\346\261\202\350\247\243\345\231\250>, "/usr/lib/locale/C.utf8/LC_NUMERIC", O_RDONLY|O_CLOEXEC) = 3</usr/lib/locale/C.utf8/LC_NUMERIC>
1423668 openat(AT_FDCWD</tmp/kernel-audit2-v3r63b5w/\346\261\202\350\247\243\345\231\250>, "/usr/lib/locale/C.UTF-8/LC_CTYPE", O_RDONLY|O_CLOEXEC) = -1 ENOENT (No such file or directory)
1423668 openat(AT_FDCWD</tmp/kernel-audit2-v3r63b5w/\346\261\202\350\247\243\345\231\250>, "/usr/lib/locale/C.utf8/LC_CTYPE", O_RDONLY|O_CLOEXEC) = 3</usr/lib/locale/C.utf8/LC_CTYPE>
1423668 openat(AT_FDCWD</tmp/kernel-audit2-v3r63b5w/\346\261\202\350\247\243\345\231\250>, "/tmp/kernel-audit2-v3r63b5w/\346\261\202\350\247\243\345\231\250/crates/kernel/src/config.rs", O_RDONLY) = 3</tmp/kernel-audit2-v3r63b5w/\346\261\202\350\247\243\345\231\250/crates/kernel/src/config.rs>
1423646 --- SIGCHLD {si_signo=SIGCHLD, si_code=CLD_EXITED, si_pid=1423668, si_uid=1000, si_status=0, si_utime=0, si_stime=0} ---
1423646 openat(AT_FDCWD</tmp/kernel-audit2-v3r63b5w/\346\261\202\350\247\243\345\231\250>, "/dev/null", O_RDONLY|O_CLOEXEC) = 3</dev/null<char 1:3>>
1423669 execve("/home/zhuran24/.codex/tmp/arg0/codex-arg0DuAZRy/sha256sum", ["sha256sum", "--", "/tmp/kernel-audit2-v3r63b5w/\346\261\202\350\247\243\345\231\250/crates/kernel/src/model.rs"], 0x7ffd187fc5a8 /* 135 vars */) = -1 ENOENT (No such file or directory)
1423669 execve("/home/zhuran24/.cargo/bin/sha256sum", ["sha256sum", "--", "/tmp/kernel-audit2-v3r63b5w/\346\261\202\350\247\243\345\231\250/crates/kernel/src/model.rs"], 0x7ffd187fc5a8 /* 135 vars */) = -1 ENOENT (No such file or directory)
1423669 execve("/home/zhuran24/.local/bin/sha256sum", ["sha256sum", "--", "/tmp/kernel-audit2-v3r63b5w/\346\261\202\350\247\243\345\231\250/crates/kernel/src/model.rs"], 0x7ffd187fc5a8 /* 135 vars */) = -1 ENOENT (No such file or directory)
1423669 execve("/home/zhuran24/.opencode/bin/sha256sum", ["sha256sum", "--", "/tmp/kernel-audit2-v3r63b5w/\346\261\202\350\247\243\345\231\250/crates/kernel/src/model.rs"], 0x7ffd187fc5a8 /* 135 vars */) = -1 ENOENT (No such file or directory)
1423669 execve("/usr/local/bin/sha256sum", ["sha256sum", "--", "/tmp/kernel-audit2-v3r63b5w/\346\261\202\350\247\243\345\231\250/crates/kernel/src/model.rs"], 0x7ffd187fc5a8 /* 135 vars */) = -1 ENOENT (No such file or directory)
1423669 execve("/usr/bin/sha256sum", ["sha256sum", "--", "/tmp/kernel-audit2-v3r63b5w/\346\261\202\350\247\243\345\231\250/crates/kernel/src/model.rs"], 0x7ffd187fc5a8 /* 135 vars */) = 0
1423669 openat(AT_FDCWD</tmp/kernel-audit2-v3r63b5w/\346\261\202\350\247\243\345\231\250>, "/etc/ld.so.cache", O_RDONLY|O_CLOEXEC) = 3</etc/ld.so.cache>
1423669 openat(AT_FDCWD</tmp/kernel-audit2-v3r63b5w/\346\261\202\350\247\243\345\231\250>, "/usr/lib/libcrypto.so.3", O_RDONLY|O_CLOEXEC) = 3</usr/lib/libcrypto.so.3>
1423669 openat(AT_FDCWD</tmp/kernel-audit2-v3r63b5w/\346\261\202\350\247\243\345\231\250>, "/usr/lib/libc.so.6", O_RDONLY|O_CLOEXEC) = 3</usr/lib/libc.so.6>
1423669 openat(AT_FDCWD</tmp/kernel-audit2-v3r63b5w/\346\261\202\350\247\243\345\231\250>, "/usr/lib/libz.so.1", O_RDONLY|O_CLOEXEC) = 3</usr/lib/libz.so.1.3.1.zlib-ng>
1423669 openat(AT_FDCWD</tmp/kernel-audit2-v3r63b5w/\346\261\202\350\247\243\345\231\250>, "/usr/lib/libbrotlienc.so.1", O_RDONLY|O_CLOEXEC) = 3</usr/lib/libbrotlienc.so.1.2.0>
1423669 openat(AT_FDCWD</tmp/kernel-audit2-v3r63b5w/\346\261\202\350\247\243\345\231\250>, "/usr/lib/libbrotlidec.so.1", O_RDONLY|O_CLOEXEC) = 3</usr/lib/libbrotlidec.so.1.2.0>
1423669 openat(AT_FDCWD</tmp/kernel-audit2-v3r63b5w/\346\261\202\350\247\243\345\231\250>, "/usr/lib/libzstd.so.1", O_RDONLY|O_CLOEXEC) = 3</usr/lib/libzstd.so.1.5.7>
1423669 openat(AT_FDCWD</tmp/kernel-audit2-v3r63b5w/\346\261\202\350\247\243\345\231\250>, "/usr/lib/libm.so.6", O_RDONLY|O_CLOEXEC) = 3</usr/lib/libm.so.6>
1423669 openat(AT_FDCWD</tmp/kernel-audit2-v3r63b5w/\346\261\202\350\247\243\345\231\250>, "/usr/lib/libbrotlicommon.so.1", O_RDONLY|O_CLOEXEC) = 3</usr/lib/libbrotlicommon.so.1.2.0>
1423669 openat(AT_FDCWD</tmp/kernel-audit2-v3r63b5w/\346\261\202\350\247\243\345\231\250>, "/usr/lib/locale/locale-archive", O_RDONLY|O_CLOEXEC) = 3</usr/lib/locale/locale-archive>
1423669 openat(AT_FDCWD</tmp/kernel-audit2-v3r63b5w/\346\261\202\350\247\243\345\231\250>, "/usr/share/locale/locale.alias", O_RDONLY|O_CLOEXEC) = 3</usr/share/locale/locale.alias>
1423669 openat(AT_FDCWD</tmp/kernel-audit2-v3r63b5w/\346\261\202\350\247\243\345\231\250>, "/usr/lib/locale/C.UTF-8/LC_IDENTIFICATION", O_RDONLY|O_CLOEXEC) = -1 ENOENT (No such file or directory)
1423669 openat(AT_FDCWD</tmp/kernel-audit2-v3r63b5w/\346\261\202\350\247\243\345\231\250>, "/usr/lib/locale/C.utf8/LC_IDENTIFICATION", O_RDONLY|O_CLOEXEC) = 3</usr/lib/locale/C.utf8/LC_IDENTIFICATION>
1423669 openat(AT_FDCWD</tmp/kernel-audit2-v3r63b5w/\346\261\202\350\247\243\345\231\250>, "/usr/lib/gconv/gconv-modules.cache", O_RDONLY|O_CLOEXEC) = 3</usr/lib/gconv/gconv-modules.cache>
1423669 openat(AT_FDCWD</tmp/kernel-audit2-v3r63b5w/\346\261\202\350\247\243\345\231\250>, "/usr/lib/locale/C.UTF-8/LC_MEASUREMENT", O_RDONLY|O_CLOEXEC) = -1 ENOENT (No such file or directory)
1423669 openat(AT_FDCWD</tmp/kernel-audit2-v3r63b5w/\346\261\202\350\247\243\345\231\250>, "/usr/lib/locale/C.utf8/LC_MEASUREMENT", O_RDONLY|O_CLOEXEC) = 3</usr/lib/locale/C.utf8/LC_MEASUREMENT>
1423669 openat(AT_FDCWD</tmp/kernel-audit2-v3r63b5w/\346\261\202\350\247\243\345\231\250>, "/usr/lib/locale/C.UTF-8/LC_TELEPHONE", O_RDONLY|O_CLOEXEC) = -1 ENOENT (No such file or directory)
1423669 openat(AT_FDCWD</tmp/kernel-audit2-v3r63b5w/\346\261\202\350\247\243\345\231\250>, "/usr/lib/locale/C.utf8/LC_TELEPHONE", O_RDONLY|O_CLOEXEC) = 3</usr/lib/locale/C.utf8/LC_TELEPHONE>
1423669 openat(AT_FDCWD</tmp/kernel-audit2-v3r63b5w/\346\261\202\350\247\243\345\231\250>, "/usr/lib/locale/C.UTF-8/LC_ADDRESS", O_RDONLY|O_CLOEXEC) = -1 ENOENT (No such file or directory)
1423669 openat(AT_FDCWD</tmp/kernel-audit2-v3r63b5w/\346\261\202\350\247\243\345\231\250>, "/usr/lib/locale/C.utf8/LC_ADDRESS", O_RDONLY|O_CLOEXEC) = 3</usr/lib/locale/C.utf8/LC_ADDRESS>
1423669 openat(AT_FDCWD</tmp/kernel-audit2-v3r63b5w/\346\261\202\350\247\243\345\231\250>, "/usr/lib/locale/C.UTF-8/LC_NAME", O_RDONLY|O_CLOEXEC) = -1 ENOENT (No such file or directory)
1423669 openat(AT_FDCWD</tmp/kernel-audit2-v3r63b5w/\346\261\202\350\247\243\345\231\250>, "/usr/lib/locale/C.utf8/LC_NAME", O_RDONLY|O_CLOEXEC) = 3</usr/lib/locale/C.utf8/LC_NAME>
1423669 openat(AT_FDCWD</tmp/kernel-audit2-v3r63b5w/\346\261\202\350\247\243\345\231\250>, "/usr/lib/locale/C.UTF-8/LC_PAPER", O_RDONLY|O_CLOEXEC) = -1 ENOENT (No such file or directory)
1423669 openat(AT_FDCWD</tmp/kernel-audit2-v3r63b5w/\346\261\202\350\247\243\345\231\250>, "/usr/lib/locale/C.utf8/LC_PAPER", O_RDONLY|O_CLOEXEC) = 3</usr/lib/locale/C.utf8/LC_PAPER>
1423669 openat(AT_FDCWD</tmp/kernel-audit2-v3r63b5w/\346\261\202\350\247\243\345\231\250>, "/usr/lib/locale/C.UTF-8/LC_MESSAGES", O_RDONLY|O_CLOEXEC) = -1 ENOENT (No such file or directory)
1423669 openat(AT_FDCWD</tmp/kernel-audit2-v3r63b5w/\346\261\202\350\247\243\345\231\250>, "/usr/lib/locale/C.utf8/LC_MESSAGES", O_RDONLY|O_CLOEXEC) = 3</usr/lib/locale/C.utf8/LC_MESSAGES>
1423669 openat(AT_FDCWD</tmp/kernel-audit2-v3r63b5w/\346\261\202\350\247\243\345\231\250>, "/usr/lib/locale/C.utf8/LC_MESSAGES/SYS_LC_MESSAGES", O_RDONLY|O_CLOEXEC) = 3</usr/lib/locale/C.utf8/LC_MESSAGES/SYS_LC_MESSAGES>
1423669 openat(AT_FDCWD</tmp/kernel-audit2-v3r63b5w/\346\261\202\350\247\243\345\231\250>, "/usr/lib/locale/C.UTF-8/LC_MONETARY", O_RDONLY|O_CLOEXEC) = -1 ENOENT (No such file or directory)
1423669 openat(AT_FDCWD</tmp/kernel-audit2-v3r63b5w/\346\261\202\350\247\243\345\231\250>, "/usr/lib/locale/C.utf8/LC_MONETARY", O_RDONLY|O_CLOEXEC) = 3</usr/lib/locale/C.utf8/LC_MONETARY>
1423669 openat(AT_FDCWD</tmp/kernel-audit2-v3r63b5w/\346\261\202\350\247\243\345\231\250>, "/usr/lib/locale/C.UTF-8/LC_COLLATE", O_RDONLY|O_CLOEXEC) = -1 ENOENT (No such file or directory)
1423669 openat(AT_FDCWD</tmp/kernel-audit2-v3r63b5w/\346\261\202\350\247\243\345\231\250>, "/usr/lib/locale/C.utf8/LC_COLLATE", O_RDONLY|O_CLOEXEC) = 3</usr/lib/locale/C.utf8/LC_COLLATE>
1423669 openat(AT_FDCWD</tmp/kernel-audit2-v3r63b5w/\346\261\202\350\247\243\345\231\250>, "/usr/lib/locale/C.UTF-8/LC_TIME", O_RDONLY|O_CLOEXEC) = -1 ENOENT (No such file or directory)
1423669 openat(AT_FDCWD</tmp/kernel-audit2-v3r63b5w/\346\261\202\350\247\243\345\231\250>, "/usr/lib/locale/C.utf8/LC_TIME", O_RDONLY|O_CLOEXEC) = 3</usr/lib/locale/C.utf8/LC_TIME>
1423669 openat(AT_FDCWD</tmp/kernel-audit2-v3r63b5w/\346\261\202\350\247\243\345\231\250>, "/usr/lib/locale/C.UTF-8/LC_NUMERIC", O_RDONLY|O_CLOEXEC) = -1 ENOENT (No such file or directory)
1423669 openat(AT_FDCWD</tmp/kernel-audit2-v3r63b5w/\346\261\202\350\247\243\345\231\250>, "/usr/lib/locale/C.utf8/LC_NUMERIC", O_RDONLY|O_CLOEXEC) = 3</usr/lib/locale/C.utf8/LC_NUMERIC>
1423669 openat(AT_FDCWD</tmp/kernel-audit2-v3r63b5w/\346\261\202\350\247\243\345\231\250>, "/usr/lib/locale/C.UTF-8/LC_CTYPE", O_RDONLY|O_CLOEXEC) = -1 ENOENT (No such file or directory)
1423669 openat(AT_FDCWD</tmp/kernel-audit2-v3r63b5w/\346\261\202\350\247\243\345\231\250>, "/usr/lib/locale/C.utf8/LC_CTYPE", O_RDONLY|O_CLOEXEC) = 3</usr/lib/locale/C.utf8/LC_CTYPE>
1423669 openat(AT_FDCWD</tmp/kernel-audit2-v3r63b5w/\346\261\202\350\247\243\345\231\250>, "/tmp/kernel-audit2-v3r63b5w/\346\261\202\350\247\243\345\231\250/crates/kernel/src/model.rs", O_RDONLY) = 3</tmp/kernel-audit2-v3r63b5w/\346\261\202\350\247\243\345\231\250/crates/kernel/src/model.rs>
1423646 --- SIGCHLD {si_signo=SIGCHLD, si_code=CLD_EXITED, si_pid=1423669, si_uid=1000, si_status=0, si_utime=0, si_stime=0} ---
1423646 openat(AT_FDCWD</tmp/kernel-audit2-v3r63b5w/\346\261\202\350\247\243\345\231\250>, "/dev/null", O_RDONLY|O_CLOEXEC) = 3</dev/null<char 1:3>>
1423670 execve("/home/zhuran24/.codex/tmp/arg0/codex-arg0DuAZRy/sha256sum", ["sha256sum", "--", "/tmp/kernel-audit2-v3r63b5w/\346\261\202\350\247\243\345\231\250/crates/kernel/src/catalog.rs"], 0x7ffd187fc5a8 /* 135 vars */) = -1 ENOENT (No such file or directory)
1423670 execve("/home/zhuran24/.cargo/bin/sha256sum", ["sha256sum", "--", "/tmp/kernel-audit2-v3r63b5w/\346\261\202\350\247\243\345\231\250/crates/kernel/src/catalog.rs"], 0x7ffd187fc5a8 /* 135 vars */) = -1 ENOENT (No such file or directory)
1423670 execve("/home/zhuran24/.local/bin/sha256sum", ["sha256sum", "--", "/tmp/kernel-audit2-v3r63b5w/\346\261\202\350\247\243\345\231\250/crates/kernel/src/catalog.rs"], 0x7ffd187fc5a8 /* 135 vars */) = -1 ENOENT (No such file or directory)
1423670 execve("/home/zhuran24/.opencode/bin/sha256sum", ["sha256sum", "--", "/tmp/kernel-audit2-v3r63b5w/\346\261\202\350\247\243\345\231\250/crates/kernel/src/catalog.rs"], 0x7ffd187fc5a8 /* 135 vars */) = -1 ENOENT (No such file or directory)
1423670 execve("/usr/local/bin/sha256sum", ["sha256sum", "--", "/tmp/kernel-audit2-v3r63b5w/\346\261\202\350\247\243\345\231\250/crates/kernel/src/catalog.rs"], 0x7ffd187fc5a8 /* 135 vars */) = -1 ENOENT (No such file or directory)
1423670 execve("/usr/bin/sha256sum", ["sha256sum", "--", "/tmp/kernel-audit2-v3r63b5w/\346\261\202\350\247\243\345\231\250/crates/kernel/src/catalog.rs"], 0x7ffd187fc5a8 /* 135 vars */) = 0
1423670 openat(AT_FDCWD</tmp/kernel-audit2-v3r63b5w/\346\261\202\350\247\243\345\231\250>, "/etc/ld.so.cache", O_RDONLY|O_CLOEXEC) = 3</etc/ld.so.cache>
1423670 openat(AT_FDCWD</tmp/kernel-audit2-v3r63b5w/\346\261\202\350\247\243\345\231\250>, "/usr/lib/libcrypto.so.3", O_RDONLY|O_CLOEXEC) = 3</usr/lib/libcrypto.so.3>
1423670 openat(AT_FDCWD</tmp/kernel-audit2-v3r63b5w/\346\261\202\350\247\243\345\231\250>, "/usr/lib/libc.so.6", O_RDONLY|O_CLOEXEC) = 3</usr/lib/libc.so.6>
1423670 openat(AT_FDCWD</tmp/kernel-audit2-v3r63b5w/\346\261\202\350\247\243\345\231\250>, "/usr/lib/libz.so.1", O_RDONLY|O_CLOEXEC) = 3</usr/lib/libz.so.1.3.1.zlib-ng>
1423670 openat(AT_FDCWD</tmp/kernel-audit2-v3r63b5w/\346\261\202\350\247\243\345\231\250>, "/usr/lib/libbrotlienc.so.1", O_RDONLY|O_CLOEXEC) = 3</usr/lib/libbrotlienc.so.1.2.0>
1423670 openat(AT_FDCWD</tmp/kernel-audit2-v3r63b5w/\346\261\202\350\247\243\345\231\250>, "/usr/lib/libbrotlidec.so.1", O_RDONLY|O_CLOEXEC) = 3</usr/lib/libbrotlidec.so.1.2.0>
1423670 openat(AT_FDCWD</tmp/kernel-audit2-v3r63b5w/\346\261\202\350\247\243\345\231\250>, "/usr/lib/libzstd.so.1", O_RDONLY|O_CLOEXEC) = 3</usr/lib/libzstd.so.1.5.7>
1423670 openat(AT_FDCWD</tmp/kernel-audit2-v3r63b5w/\346\261\202\350\247\243\345\231\250>, "/usr/lib/libm.so.6", O_RDONLY|O_CLOEXEC) = 3</usr/lib/libm.so.6>
1423670 openat(AT_FDCWD</tmp/kernel-audit2-v3r63b5w/\346\261\202\350\247\243\345\231\250>, "/usr/lib/libbrotlicommon.so.1", O_RDONLY|O_CLOEXEC) = 3</usr/lib/libbrotlicommon.so.1.2.0>
1423670 openat(AT_FDCWD</tmp/kernel-audit2-v3r63b5w/\346\261\202\350\247\243\345\231\250>, "/usr/lib/locale/locale-archive", O_RDONLY|O_CLOEXEC) = 3</usr/lib/locale/locale-archive>
1423670 openat(AT_FDCWD</tmp/kernel-audit2-v3r63b5w/\346\261\202\350\247\243\345\231\250>, "/usr/share/locale/locale.alias", O_RDONLY|O_CLOEXEC) = 3</usr/share/locale/locale.alias>
1423670 openat(AT_FDCWD</tmp/kernel-audit2-v3r63b5w/\346\261\202\350\247\243\345\231\250>, "/usr/lib/locale/C.UTF-8/LC_IDENTIFICATION", O_RDONLY|O_CLOEXEC) = -1 ENOENT (No such file or directory)
1423670 openat(AT_FDCWD</tmp/kernel-audit2-v3r63b5w/\346\261\202\350\247\243\345\231\250>, "/usr/lib/locale/C.utf8/LC_IDENTIFICATION", O_RDONLY|O_CLOEXEC) = 3</usr/lib/locale/C.utf8/LC_IDENTIFICATION>
1423670 openat(AT_FDCWD</tmp/kernel-audit2-v3r63b5w/\346\261\202\350\247\243\345\231\250>, "/usr/lib/gconv/gconv-modules.cache", O_RDONLY|O_CLOEXEC) = 3</usr/lib/gconv/gconv-modules.cache>
1423670 openat(AT_FDCWD</tmp/kernel-audit2-v3r63b5w/\346\261\202\350\247\243\345\231\250>, "/usr/lib/locale/C.UTF-8/LC_MEASUREMENT", O_RDONLY|O_CLOEXEC) = -1 ENOENT (No such file or directory)
1423670 openat(AT_FDCWD</tmp/kernel-audit2-v3r63b5w/\346\261\202\350\247\243\345\231\250>, "/usr/lib/locale/C.utf8/LC_MEASUREMENT", O_RDONLY|O_CLOEXEC) = 3</usr/lib/locale/C.utf8/LC_MEASUREMENT>
1423670 openat(AT_FDCWD</tmp/kernel-audit2-v3r63b5w/\346\261\202\350\247\243\345\231\250>, "/usr/lib/locale/C.UTF-8/LC_TELEPHONE", O_RDONLY|O_CLOEXEC) = -1 ENOENT (No such file or directory)
1423670 openat(AT_FDCWD</tmp/kernel-audit2-v3r63b5w/\346\261\202\350\247\243\345\231\250>, "/usr/lib/locale/C.utf8/LC_TELEPHONE", O_RDONLY|O_CLOEXEC) = 3</usr/lib/locale/C.utf8/LC_TELEPHONE>
1423670 openat(AT_FDCWD</tmp/kernel-audit2-v3r63b5w/\346\261\202\350\247\243\345\231\250>, "/usr/lib/locale/C.UTF-8/LC_ADDRESS", O_RDONLY|O_CLOEXEC) = -1 ENOENT (No such file or directory)
1423670 openat(AT_FDCWD</tmp/kernel-audit2-v3r63b5w/\346\261\202\350\247\243\345\231\250>, "/usr/lib/locale/C.utf8/LC_ADDRESS", O_RDONLY|O_CLOEXEC) = 3</usr/lib/locale/C.utf8/LC_ADDRESS>
1423670 openat(AT_FDCWD</tmp/kernel-audit2-v3r63b5w/\346\261\202\350\247\243\345\231\250>, "/usr/lib/locale/C.UTF-8/LC_NAME", O_RDONLY|O_CLOEXEC) = -1 ENOENT (No such file or directory)
1423670 openat(AT_FDCWD</tmp/kernel-audit2-v3r63b5w/\346\261\202\350\247\243\345\231\250>, "/usr/lib/locale/C.utf8/LC_NAME", O_RDONLY|O_CLOEXEC) = 3</usr/lib/locale/C.utf8/LC_NAME>
1423670 openat(AT_FDCWD</tmp/kernel-audit2-v3r63b5w/\346\261\202\350\247\243\345\231\250>, "/usr/lib/locale/C.UTF-8/LC_PAPER", O_RDONLY|O_CLOEXEC) = -1 ENOENT (No such file or directory)
1423670 openat(AT_FDCWD</tmp/kernel-audit2-v3r63b5w/\346\261\202\350\247\243\345\231\250>, "/usr/lib/locale/C.utf8/LC_PAPER", O_RDONLY|O_CLOEXEC) = 3</usr/lib/locale/C.utf8/LC_PAPER>
1423670 openat(AT_FDCWD</tmp/kernel-audit2-v3r63b5w/\346\261\202\350\247\243\345\231\250>, "/usr/lib/locale/C.UTF-8/LC_MESSAGES", O_RDONLY|O_CLOEXEC) = -1 ENOENT (No such file or directory)
1423670 openat(AT_FDCWD</tmp/kernel-audit2-v3r63b5w/\346\261\202\350\247\243\345\231\250>, "/usr/lib/locale/C.utf8/LC_MESSAGES", O_RDONLY|O_CLOEXEC) = 3</usr/lib/locale/C.utf8/LC_MESSAGES>
1423670 openat(AT_FDCWD</tmp/kernel-audit2-v3r63b5w/\346\261\202\350\247\243\345\231\250>, "/usr/lib/locale/C.utf8/LC_MESSAGES/SYS_LC_MESSAGES", O_RDONLY|O_CLOEXEC) = 3</usr/lib/locale/C.utf8/LC_MESSAGES/SYS_LC_MESSAGES>
1423670 openat(AT_FDCWD</tmp/kernel-audit2-v3r63b5w/\346\261\202\350\247\243\345\231\250>, "/usr/lib/locale/C.UTF-8/LC_MONETARY", O_RDONLY|O_CLOEXEC) = -1 ENOENT (No such file or directory)
1423670 openat(AT_FDCWD</tmp/kernel-audit2-v3r63b5w/\346\261\202\350\247\243\345\231\250>, "/usr/lib/locale/C.utf8/LC_MONETARY", O_RDONLY|O_CLOEXEC) = 3</usr/lib/locale/C.utf8/LC_MONETARY>
1423670 openat(AT_FDCWD</tmp/kernel-audit2-v3r63b5w/\346\261\202\350\247\243\345\231\250>, "/usr/lib/locale/C.UTF-8/LC_COLLATE", O_RDONLY|O_CLOEXEC) = -1 ENOENT (No such file or directory)
1423670 openat(AT_FDCWD</tmp/kernel-audit2-v3r63b5w/\346\261\202\350\247\243\345\231\250>, "/usr/lib/locale/C.utf8/LC_COLLATE", O_RDONLY|O_CLOEXEC) = 3</usr/lib/locale/C.utf8/LC_COLLATE>
1423670 openat(AT_FDCWD</tmp/kernel-audit2-v3r63b5w/\346\261\202\350\247\243\345\231\250>, "/usr/lib/locale/C.UTF-8/LC_TIME", O_RDONLY|O_CLOEXEC) = -1 ENOENT (No such file or directory)
1423670 openat(AT_FDCWD</tmp/kernel-audit2-v3r63b5w/\346\261\202\350\247\243\345\231\250>, "/usr/lib/locale/C.utf8/LC_TIME", O_RDONLY|O_CLOEXEC) = 3</usr/lib/locale/C.utf8/LC_TIME>
1423670 openat(AT_FDCWD</tmp/kernel-audit2-v3r63b5w/\346\261\202\350\247\243\345\231\250>, "/usr/lib/locale/C.UTF-8/LC_NUMERIC", O_RDONLY|O_CLOEXEC) = -1 ENOENT (No such file or directory)
1423670 openat(AT_FDCWD</tmp/kernel-audit2-v3r63b5w/\346\261\202\350\247\243\345\231\250>, "/usr/lib/locale/C.utf8/LC_NUMERIC", O_RDONLY|O_CLOEXEC) = 3</usr/lib/locale/C.utf8/LC_NUMERIC>
1423670 openat(AT_FDCWD</tmp/kernel-audit2-v3r63b5w/\346\261\202\350\247\243\345\231\250>, "/usr/lib/locale/C.UTF-8/LC_CTYPE", O_RDONLY|O_CLOEXEC) = -1 ENOENT (No such file or directory)
1423670 openat(AT_FDCWD</tmp/kernel-audit2-v3r63b5w/\346\261\202\350\247\243\345\231\250>, "/usr/lib/locale/C.utf8/LC_CTYPE", O_RDONLY|O_CLOEXEC) = 3</usr/lib/locale/C.utf8/LC_CTYPE>
1423670 openat(AT_FDCWD</tmp/kernel-audit2-v3r63b5w/\346\261\202\350\247\243\345\231\250>, "/tmp/kernel-audit2-v3r63b5w/\346\261\202\350\247\243\345\231\250/crates/kernel/src/catalog.rs", O_RDONLY) = 3</tmp/kernel-audit2-v3r63b5w/\346\261\202\350\247\243\345\231\250/crates/kernel/src/catalog.rs>
1423646 --- SIGCHLD {si_signo=SIGCHLD, si_code=CLD_EXITED, si_pid=1423670, si_uid=1000, si_status=0, si_utime=0, si_stime=0} ---
1423646 openat(AT_FDCWD</tmp/kernel-audit2-v3r63b5w/\346\261\202\350\247\243\345\231\250>, "/dev/null", O_RDONLY|O_CLOEXEC) = 3</dev/null<char 1:3>>
1423671 execve("/home/zhuran24/.codex/tmp/arg0/codex-arg0DuAZRy/sha256sum", ["sha256sum", "--", "/tmp/kernel-audit2-v3r63b5w/\346\261\202\350\247\243\345\231\250/crates/kernel/src/input.rs"], 0x7ffd187fc5a8 /* 135 vars */) = -1 ENOENT (No such file or directory)
1423671 execve("/home/zhuran24/.cargo/bin/sha256sum", ["sha256sum", "--", "/tmp/kernel-audit2-v3r63b5w/\346\261\202\350\247\243\345\231\250/crates/kernel/src/input.rs"], 0x7ffd187fc5a8 /* 135 vars */) = -1 ENOENT (No such file or directory)
1423671 execve("/home/zhuran24/.local/bin/sha256sum", ["sha256sum", "--", "/tmp/kernel-audit2-v3r63b5w/\346\261\202\350\247\243\345\231\250/crates/kernel/src/input.rs"], 0x7ffd187fc5a8 /* 135 vars */) = -1 ENOENT (No such file or directory)
1423671 execve("/home/zhuran24/.opencode/bin/sha256sum", ["sha256sum", "--", "/tmp/kernel-audit2-v3r63b5w/\346\261\202\350\247\243\345\231\250/crates/kernel/src/input.rs"], 0x7ffd187fc5a8 /* 135 vars */) = -1 ENOENT (No such file or directory)
1423671 execve("/usr/local/bin/sha256sum", ["sha256sum", "--", "/tmp/kernel-audit2-v3r63b5w/\346\261\202\350\247\243\345\231\250/crates/kernel/src/input.rs"], 0x7ffd187fc5a8 /* 135 vars */) = -1 ENOENT (No such file or directory)
1423671 execve("/usr/bin/sha256sum", ["sha256sum", "--", "/tmp/kernel-audit2-v3r63b5w/\346\261\202\350\247\243\345\231\250/crates/kernel/src/input.rs"], 0x7ffd187fc5a8 /* 135 vars */) = 0
1423671 openat(AT_FDCWD</tmp/kernel-audit2-v3r63b5w/\346\261\202\350\247\243\345\231\250>, "/etc/ld.so.cache", O_RDONLY|O_CLOEXEC) = 3</etc/ld.so.cache>
1423671 openat(AT_FDCWD</tmp/kernel-audit2-v3r63b5w/\346\261\202\350\247\243\345\231\250>, "/usr/lib/libcrypto.so.3", O_RDONLY|O_CLOEXEC) = 3</usr/lib/libcrypto.so.3>
1423671 openat(AT_FDCWD</tmp/kernel-audit2-v3r63b5w/\346\261\202\350\247\243\345\231\250>, "/usr/lib/libc.so.6", O_RDONLY|O_CLOEXEC) = 3</usr/lib/libc.so.6>
1423671 openat(AT_FDCWD</tmp/kernel-audit2-v3r63b5w/\346\261\202\350\247\243\345\231\250>, "/usr/lib/libz.so.1", O_RDONLY|O_CLOEXEC) = 3</usr/lib/libz.so.1.3.1.zlib-ng>
1423671 openat(AT_FDCWD</tmp/kernel-audit2-v3r63b5w/\346\261\202\350\247\243\345\231\250>, "/usr/lib/libbrotlienc.so.1", O_RDONLY|O_CLOEXEC) = 3</usr/lib/libbrotlienc.so.1.2.0>
1423671 openat(AT_FDCWD</tmp/kernel-audit2-v3r63b5w/\346\261\202\350\247\243\345\231\250>, "/usr/lib/libbrotlidec.so.1", O_RDONLY|O_CLOEXEC) = 3</usr/lib/libbrotlidec.so.1.2.0>
1423671 openat(AT_FDCWD</tmp/kernel-audit2-v3r63b5w/\346\261\202\350\247\243\345\231\250>, "/usr/lib/libzstd.so.1", O_RDONLY|O_CLOEXEC) = 3</usr/lib/libzstd.so.1.5.7>
1423671 openat(AT_FDCWD</tmp/kernel-audit2-v3r63b5w/\346\261\202\350\247\243\345\231\250>, "/usr/lib/libm.so.6", O_RDONLY|O_CLOEXEC) = 3</usr/lib/libm.so.6>
1423671 openat(AT_FDCWD</tmp/kernel-audit2-v3r63b5w/\346\261\202\350\247\243\345\231\250>, "/usr/lib/libbrotlicommon.so.1", O_RDONLY|O_CLOEXEC) = 3</usr/lib/libbrotlicommon.so.1.2.0>
1423671 openat(AT_FDCWD</tmp/kernel-audit2-v3r63b5w/\346\261\202\350\247\243\345\231\250>, "/usr/lib/locale/locale-archive", O_RDONLY|O_CLOEXEC) = 3</usr/lib/locale/locale-archive>
1423671 openat(AT_FDCWD</tmp/kernel-audit2-v3r63b5w/\346\261\202\350\247\243\345\231\250>, "/usr/share/locale/locale.alias", O_RDONLY|O_CLOEXEC) = 3</usr/share/locale/locale.alias>
1423671 openat(AT_FDCWD</tmp/kernel-audit2-v3r63b5w/\346\261\202\350\247\243\345\231\250>, "/usr/lib/locale/C.UTF-8/LC_IDENTIFICATION", O_RDONLY|O_CLOEXEC) = -1 ENOENT (No such file or directory)
1423671 openat(AT_FDCWD</tmp/kernel-audit2-v3r63b5w/\346\261\202\350\247\243\345\231\250>, "/usr/lib/locale/C.utf8/LC_IDENTIFICATION", O_RDONLY|O_CLOEXEC) = 3</usr/lib/locale/C.utf8/LC_IDENTIFICATION>
1423671 openat(AT_FDCWD</tmp/kernel-audit2-v3r63b5w/\346\261\202\350\247\243\345\231\250>, "/usr/lib/gconv/gconv-modules.cache", O_RDONLY|O_CLOEXEC) = 3</usr/lib/gconv/gconv-modules.cache>
1423671 openat(AT_FDCWD</tmp/kernel-audit2-v3r63b5w/\346\261\202\350\247\243\345\231\250>, "/usr/lib/locale/C.UTF-8/LC_MEASUREMENT", O_RDONLY|O_CLOEXEC) = -1 ENOENT (No such file or directory)
1423671 openat(AT_FDCWD</tmp/kernel-audit2-v3r63b5w/\346\261\202\350\247\243\345\231\250>, "/usr/lib/locale/C.utf8/LC_MEASUREMENT", O_RDONLY|O_CLOEXEC) = 3</usr/lib/locale/C.utf8/LC_MEASUREMENT>
1423671 openat(AT_FDCWD</tmp/kernel-audit2-v3r63b5w/\346\261\202\350\247\243\345\231\250>, "/usr/lib/locale/C.UTF-8/LC_TELEPHONE", O_RDONLY|O_CLOEXEC) = -1 ENOENT (No such file or directory)
1423671 openat(AT_FDCWD</tmp/kernel-audit2-v3r63b5w/\346\261\202\350\247\243\345\231\250>, "/usr/lib/locale/C.utf8/LC_TELEPHONE", O_RDONLY|O_CLOEXEC) = 3</usr/lib/locale/C.utf8/LC_TELEPHONE>
1423671 openat(AT_FDCWD</tmp/kernel-audit2-v3r63b5w/\346\261\202\350\247\243\345\231\250>, "/usr/lib/locale/C.UTF-8/LC_ADDRESS", O_RDONLY|O_CLOEXEC) = -1 ENOENT (No such file or directory)
1423671 openat(AT_FDCWD</tmp/kernel-audit2-v3r63b5w/\346\261\202\350\247\243\345\231\250>, "/usr/lib/locale/C.utf8/LC_ADDRESS", O_RDONLY|O_CLOEXEC) = 3</usr/lib/locale/C.utf8/LC_ADDRESS>
1423671 openat(AT_FDCWD</tmp/kernel-audit2-v3r63b5w/\346\261\202\350\247\243\345\231\250>, "/usr/lib/locale/C.UTF-8/LC_NAME", O_RDONLY|O_CLOEXEC) = -1 ENOENT (No such file or directory)
1423671 openat(AT_FDCWD</tmp/kernel-audit2-v3r63b5w/\346\261\202\350\247\243\345\231\250>, "/usr/lib/locale/C.utf8/LC_NAME", O_RDONLY|O_CLOEXEC) = 3</usr/lib/locale/C.utf8/LC_NAME>
1423671 openat(AT_FDCWD</tmp/kernel-audit2-v3r63b5w/\346\261\202\350\247\243\345\231\250>, "/usr/lib/locale/C.UTF-8/LC_PAPER", O_RDONLY|O_CLOEXEC) = -1 ENOENT (No such file or directory)
1423671 openat(AT_FDCWD</tmp/kernel-audit2-v3r63b5w/\346\261\202\350\247\243\345\231\250>, "/usr/lib/locale/C.utf8/LC_PAPER", O_RDONLY|O_CLOEXEC) = 3</usr/lib/locale/C.utf8/LC_PAPER>
1423671 openat(AT_FDCWD</tmp/kernel-audit2-v3r63b5w/\346\261\202\350\247\243\345\231\250>, "/usr/lib/locale/C.UTF-8/LC_MESSAGES", O_RDONLY|O_CLOEXEC) = -1 ENOENT (No such file or directory)
1423671 openat(AT_FDCWD</tmp/kernel-audit2-v3r63b5w/\346\261\202\350\247\243\345\231\250>, "/usr/lib/locale/C.utf8/LC_MESSAGES", O_RDONLY|O_CLOEXEC) = 3</usr/lib/locale/C.utf8/LC_MESSAGES>
1423671 openat(AT_FDCWD</tmp/kernel-audit2-v3r63b5w/\346\261\202\350\247\243\345\231\250>, "/usr/lib/locale/C.utf8/LC_MESSAGES/SYS_LC_MESSAGES", O_RDONLY|O_CLOEXEC) = 3</usr/lib/locale/C.utf8/LC_MESSAGES/SYS_LC_MESSAGES>
1423671 openat(AT_FDCWD</tmp/kernel-audit2-v3r63b5w/\346\261\202\350\247\243\345\231\250>, "/usr/lib/locale/C.UTF-8/LC_MONETARY", O_RDONLY|O_CLOEXEC) = -1 ENOENT (No such file or directory)
1423671 openat(AT_FDCWD</tmp/kernel-audit2-v3r63b5w/\346\261\202\350\247\243\345\231\250>, "/usr/lib/locale/C.utf8/LC_MONETARY", O_RDONLY|O_CLOEXEC) = 3</usr/lib/locale/C.utf8/LC_MONETARY>
1423671 openat(AT_FDCWD</tmp/kernel-audit2-v3r63b5w/\346\261\202\350\247\243\345\231\250>, "/usr/lib/locale/C.UTF-8/LC_COLLATE", O_RDONLY|O_CLOEXEC) = -1 ENOENT (No such file or directory)
1423671 openat(AT_FDCWD</tmp/kernel-audit2-v3r63b5w/\346\261\202\350\247\243\345\231\250>, "/usr/lib/locale/C.utf8/LC_COLLATE", O_RDONLY|O_CLOEXEC) = 3</usr/lib/locale/C.utf8/LC_COLLATE>
1423671 openat(AT_FDCWD</tmp/kernel-audit2-v3r63b5w/\346\261\202\350\247\243\345\231\250>, "/usr/lib/locale/C.UTF-8/LC_TIME", O_RDONLY|O_CLOEXEC) = -1 ENOENT (No such file or directory)
1423671 openat(AT_FDCWD</tmp/kernel-audit2-v3r63b5w/\346\261\202\350\247\243\345\231\250>, "/usr/lib/locale/C.utf8/LC_TIME", O_RDONLY|O_CLOEXEC) = 3</usr/lib/locale/C.utf8/LC_TIME>
1423671 openat(AT_FDCWD</tmp/kernel-audit2-v3r63b5w/\346\261\202\350\247\243\345\231\250>, "/usr/lib/locale/C.UTF-8/LC_NUMERIC", O_RDONLY|O_CLOEXEC) = -1 ENOENT (No such file or directory)
1423671 openat(AT_FDCWD</tmp/kernel-audit2-v3r63b5w/\346\261\202\350\247\243\345\231\250>, "/usr/lib/locale/C.utf8/LC_NUMERIC", O_RDONLY|O_CLOEXEC) = 3</usr/lib/locale/C.utf8/LC_NUMERIC>
1423671 openat(AT_FDCWD</tmp/kernel-audit2-v3r63b5w/\346\261\202\350\247\243\345\231\250>, "/usr/lib/locale/C.UTF-8/LC_CTYPE", O_RDONLY|O_CLOEXEC) = -1 ENOENT (No such file or directory)
1423671 openat(AT_FDCWD</tmp/kernel-audit2-v3r63b5w/\346\261\202\350\247\243\345\231\250>, "/usr/lib/locale/C.utf8/LC_CTYPE", O_RDONLY|O_CLOEXEC) = 3</usr/lib/locale/C.utf8/LC_CTYPE>
1423671 openat(AT_FDCWD</tmp/kernel-audit2-v3r63b5w/\346\261\202\350\247\243\345\231\250>, "/tmp/kernel-audit2-v3r63b5w/\346\261\202\350\247\243\345\231\250/crates/kernel/src/input.rs", O_RDONLY) = 3</tmp/kernel-audit2-v3r63b5w/\346\261\202\350\247\243\345\231\250/crates/kernel/src/input.rs>
1423646 --- SIGCHLD {si_signo=SIGCHLD, si_code=CLD_EXITED, si_pid=1423671, si_uid=1000, si_status=0, si_utime=0, si_stime=0} ---
1423646 openat(AT_FDCWD</tmp/kernel-audit2-v3r63b5w/\346\261\202\350\247\243\345\231\250>, "/dev/null", O_RDONLY|O_CLOEXEC) = 3</dev/null<char 1:3>>
1423672 execve("/home/zhuran24/.codex/tmp/arg0/codex-arg0DuAZRy/sha256sum", ["sha256sum", "--", "/tmp/kernel-audit2-v3r63b5w/\346\261\202\350\247\243\345\231\250/crates/kernel/src/interfaces.rs"], 0x7ffd187fc5a8 /* 135 vars */) = -1 ENOENT (No such file or directory)
1423672 execve("/home/zhuran24/.cargo/bin/sha256sum", ["sha256sum", "--", "/tmp/kernel-audit2-v3r63b5w/\346\261\202\350\247\243\345\231\250/crates/kernel/src/interfaces.rs"], 0x7ffd187fc5a8 /* 135 vars */) = -1 ENOENT (No such file or directory)
1423672 execve("/home/zhuran24/.local/bin/sha256sum", ["sha256sum", "--", "/tmp/kernel-audit2-v3r63b5w/\346\261\202\350\247\243\345\231\250/crates/kernel/src/interfaces.rs"], 0x7ffd187fc5a8 /* 135 vars */) = -1 ENOENT (No such file or directory)
1423672 execve("/home/zhuran24/.opencode/bin/sha256sum", ["sha256sum", "--", "/tmp/kernel-audit2-v3r63b5w/\346\261\202\350\247\243\345\231\250/crates/kernel/src/interfaces.rs"], 0x7ffd187fc5a8 /* 135 vars */) = -1 ENOENT (No such file or directory)
1423672 execve("/usr/local/bin/sha256sum", ["sha256sum", "--", "/tmp/kernel-audit2-v3r63b5w/\346\261\202\350\247\243\345\231\250/crates/kernel/src/interfaces.rs"], 0x7ffd187fc5a8 /* 135 vars */) = -1 ENOENT (No such file or directory)
1423672 execve("/usr/bin/sha256sum", ["sha256sum", "--", "/tmp/kernel-audit2-v3r63b5w/\346\261\202\350\247\243\345\231\250/crates/kernel/src/interfaces.rs"], 0x7ffd187fc5a8 /* 135 vars */) = 0
1423672 openat(AT_FDCWD</tmp/kernel-audit2-v3r63b5w/\346\261\202\350\247\243\345\231\250>, "/etc/ld.so.cache", O_RDONLY|O_CLOEXEC) = 3</etc/ld.so.cache>
1423672 openat(AT_FDCWD</tmp/kernel-audit2-v3r63b5w/\346\261\202\350\247\243\345\231\250>, "/usr/lib/libcrypto.so.3", O_RDONLY|O_CLOEXEC) = 3</usr/lib/libcrypto.so.3>
1423672 openat(AT_FDCWD</tmp/kernel-audit2-v3r63b5w/\346\261\202\350\247\243\345\231\250>, "/usr/lib/libc.so.6", O_RDONLY|O_CLOEXEC) = 3</usr/lib/libc.so.6>
1423672 openat(AT_FDCWD</tmp/kernel-audit2-v3r63b5w/\346\261\202\350\247\243\345\231\250>, "/usr/lib/libz.so.1", O_RDONLY|O_CLOEXEC) = 3</usr/lib/libz.so.1.3.1.zlib-ng>
1423672 openat(AT_FDCWD</tmp/kernel-audit2-v3r63b5w/\346\261\202\350\247\243\345\231\250>, "/usr/lib/libbrotlienc.so.1", O_RDONLY|O_CLOEXEC) = 3</usr/lib/libbrotlienc.so.1.2.0>
1423672 openat(AT_FDCWD</tmp/kernel-audit2-v3r63b5w/\346\261\202\350\247\243\345\231\250>, "/usr/lib/libbrotlidec.so.1", O_RDONLY|O_CLOEXEC) = 3</usr/lib/libbrotlidec.so.1.2.0>
1423672 openat(AT_FDCWD</tmp/kernel-audit2-v3r63b5w/\346\261\202\350\247\243\345\231\250>, "/usr/lib/libzstd.so.1", O_RDONLY|O_CLOEXEC) = 3</usr/lib/libzstd.so.1.5.7>
1423672 openat(AT_FDCWD</tmp/kernel-audit2-v3r63b5w/\346\261\202\350\247\243\345\231\250>, "/usr/lib/libm.so.6", O_RDONLY|O_CLOEXEC) = 3</usr/lib/libm.so.6>
1423672 openat(AT_FDCWD</tmp/kernel-audit2-v3r63b5w/\346\261\202\350\247\243\345\231\250>, "/usr/lib/libbrotlicommon.so.1", O_RDONLY|O_CLOEXEC) = 3</usr/lib/libbrotlicommon.so.1.2.0>
1423672 openat(AT_FDCWD</tmp/kernel-audit2-v3r63b5w/\346\261\202\350\247\243\345\231\250>, "/usr/lib/locale/locale-archive", O_RDONLY|O_CLOEXEC) = 3</usr/lib/locale/locale-archive>
1423672 openat(AT_FDCWD</tmp/kernel-audit2-v3r63b5w/\346\261\202\350\247\243\345\231\250>, "/usr/share/locale/locale.alias", O_RDONLY|O_CLOEXEC) = 3</usr/share/locale/locale.alias>
1423672 openat(AT_FDCWD</tmp/kernel-audit2-v3r63b5w/\346\261\202\350\247\243\345\231\250>, "/usr/lib/locale/C.UTF-8/LC_IDENTIFICATION", O_RDONLY|O_CLOEXEC) = -1 ENOENT (No such file or directory)
1423672 openat(AT_FDCWD</tmp/kernel-audit2-v3r63b5w/\346\261\202\350\247\243\345\231\250>, "/usr/lib/locale/C.utf8/LC_IDENTIFICATION", O_RDONLY|O_CLOEXEC) = 3</usr/lib/locale/C.utf8/LC_IDENTIFICATION>
1423672 openat(AT_FDCWD</tmp/kernel-audit2-v3r63b5w/\346\261\202\350\247\243\345\231\250>, "/usr/lib/gconv/gconv-modules.cache", O_RDONLY|O_CLOEXEC) = 3</usr/lib/gconv/gconv-modules.cache>
1423672 openat(AT_FDCWD</tmp/kernel-audit2-v3r63b5w/\346\261\202\350\247\243\345\231\250>, "/usr/lib/locale/C.UTF-8/LC_MEASUREMENT", O_RDONLY|O_CLOEXEC) = -1 ENOENT (No such file or directory)
1423672 openat(AT_FDCWD</tmp/kernel-audit2-v3r63b5w/\346\261\202\350\247\243\345\231\250>, "/usr/lib/locale/C.utf8/LC_MEASUREMENT", O_RDONLY|O_CLOEXEC) = 3</usr/lib/locale/C.utf8/LC_MEASUREMENT>
1423672 openat(AT_FDCWD</tmp/kernel-audit2-v3r63b5w/\346\261\202\350\247\243\345\231\250>, "/usr/lib/locale/C.UTF-8/LC_TELEPHONE", O_RDONLY|O_CLOEXEC) = -1 ENOENT (No such file or directory)
1423672 openat(AT_FDCWD</tmp/kernel-audit2-v3r63b5w/\346\261\202\350\247\243\345\231\250>, "/usr/lib/locale/C.utf8/LC_TELEPHONE", O_RDONLY|O_CLOEXEC) = 3</usr/lib/locale/C.utf8/LC_TELEPHONE>
1423672 openat(AT_FDCWD</tmp/kernel-audit2-v3r63b5w/\346\261\202\350\247\243\345\231\250>, "/usr/lib/locale/C.UTF-8/LC_ADDRESS", O_RDONLY|O_CLOEXEC) = -1 ENOENT (No such file or directory)
1423672 openat(AT_FDCWD</tmp/kernel-audit2-v3r63b5w/\346\261\202\350\247\243\345\231\250>, "/usr/lib/locale/C.utf8/LC_ADDRESS", O_RDONLY|O_CLOEXEC) = 3</usr/lib/locale/C.utf8/LC_ADDRESS>
1423672 openat(AT_FDCWD</tmp/kernel-audit2-v3r63b5w/\346\261\202\350\247\243\345\231\250>, "/usr/lib/locale/C.UTF-8/LC_NAME", O_RDONLY|O_CLOEXEC) = -1 ENOENT (No such file or directory)
1423672 openat(AT_FDCWD</tmp/kernel-audit2-v3r63b5w/\346\261\202\350\247\243\345\231\250>, "/usr/lib/locale/C.utf8/LC_NAME", O_RDONLY|O_CLOEXEC) = 3</usr/lib/locale/C.utf8/LC_NAME>
1423672 openat(AT_FDCWD</tmp/kernel-audit2-v3r63b5w/\346\261\202\350\247\243\345\231\250>, "/usr/lib/locale/C.UTF-8/LC_PAPER", O_RDONLY|O_CLOEXEC) = -1 ENOENT (No such file or directory)
1423672 openat(AT_FDCWD</tmp/kernel-audit2-v3r63b5w/\346\261\202\350\247\243\345\231\250>, "/usr/lib/locale/C.utf8/LC_PAPER", O_RDONLY|O_CLOEXEC) = 3</usr/lib/locale/C.utf8/LC_PAPER>
1423672 openat(AT_FDCWD</tmp/kernel-audit2-v3r63b5w/\346\261\202\350\247\243\345\231\250>, "/usr/lib/locale/C.UTF-8/LC_MESSAGES", O_RDONLY|O_CLOEXEC) = -1 ENOENT (No such file or directory)
1423672 openat(AT_FDCWD</tmp/kernel-audit2-v3r63b5w/\346\261\202\350\247\243\345\231\250>, "/usr/lib/locale/C.utf8/LC_MESSAGES", O_RDONLY|O_CLOEXEC) = 3</usr/lib/locale/C.utf8/LC_MESSAGES>
1423672 openat(AT_FDCWD</tmp/kernel-audit2-v3r63b5w/\346\261\202\350\247\243\345\231\250>, "/usr/lib/locale/C.utf8/LC_MESSAGES/SYS_LC_MESSAGES", O_RDONLY|O_CLOEXEC) = 3</usr/lib/locale/C.utf8/LC_MESSAGES/SYS_LC_MESSAGES>
1423672 openat(AT_FDCWD</tmp/kernel-audit2-v3r63b5w/\346\261\202\350\247\243\345\231\250>, "/usr/lib/locale/C.UTF-8/LC_MONETARY", O_RDONLY|O_CLOEXEC) = -1 ENOENT (No such file or directory)
1423672 openat(AT_FDCWD</tmp/kernel-audit2-v3r63b5w/\346\261\202\350\247\243\345\231\250>, "/usr/lib/locale/C.utf8/LC_MONETARY", O_RDONLY|O_CLOEXEC) = 3</usr/lib/locale/C.utf8/LC_MONETARY>
1423672 openat(AT_FDCWD</tmp/kernel-audit2-v3r63b5w/\346\261\202\350\247\243\345\231\250>, "/usr/lib/locale/C.UTF-8/LC_COLLATE", O_RDONLY|O_CLOEXEC) = -1 ENOENT (No such file or directory)
1423672 openat(AT_FDCWD</tmp/kernel-audit2-v3r63b5w/\346\261\202\350\247\243\345\231\250>, "/usr/lib/locale/C.utf8/LC_COLLATE", O_RDONLY|O_CLOEXEC) = 3</usr/lib/locale/C.utf8/LC_COLLATE>
1423672 openat(AT_FDCWD</tmp/kernel-audit2-v3r63b5w/\346\261\202\350\247\243\345\231\250>, "/usr/lib/locale/C.UTF-8/LC_TIME", O_RDONLY|O_CLOEXEC) = -1 ENOENT (No such file or directory)
1423672 openat(AT_FDCWD</tmp/kernel-audit2-v3r63b5w/\346\261\202\350\247\243\345\231\250>, "/usr/lib/locale/C.utf8/LC_TIME", O_RDONLY|O_CLOEXEC) = 3</usr/lib/locale/C.utf8/LC_TIME>
1423672 openat(AT_FDCWD</tmp/kernel-audit2-v3r63b5w/\346\261\202\350\247\243\345\231\250>, "/usr/lib/locale/C.UTF-8/LC_NUMERIC", O_RDONLY|O_CLOEXEC) = -1 ENOENT (No such file or directory)
1423672 openat(AT_FDCWD</tmp/kernel-audit2-v3r63b5w/\346\261\202\350\247\243\345\231\250>, "/usr/lib/locale/C.utf8/LC_NUMERIC", O_RDONLY|O_CLOEXEC) = 3</usr/lib/locale/C.utf8/LC_NUMERIC>
1423672 openat(AT_FDCWD</tmp/kernel-audit2-v3r63b5w/\346\261\202\350\247\243\345\231\250>, "/usr/lib/locale/C.UTF-8/LC_CTYPE", O_RDONLY|O_CLOEXEC) = -1 ENOENT (No such file or directory)
1423672 openat(AT_FDCWD</tmp/kernel-audit2-v3r63b5w/\346\261\202\350\247\243\345\231\250>, "/usr/lib/locale/C.utf8/LC_CTYPE", O_RDONLY|O_CLOEXEC) = 3</usr/lib/locale/C.utf8/LC_CTYPE>
1423672 openat(AT_FDCWD</tmp/kernel-audit2-v3r63b5w/\346\261\202\350\247\243\345\231\250>, "/tmp/kernel-audit2-v3r63b5w/\346\261\202\350\247\243\345\231\250/crates/kernel/src/interfaces.rs", O_RDONLY) = 3</tmp/kernel-audit2-v3r63b5w/\346\261\202\350\247\243\345\231\250/crates/kernel/src/interfaces.rs>
1423646 --- SIGCHLD {si_signo=SIGCHLD, si_code=CLD_EXITED, si_pid=1423672, si_uid=1000, si_status=0, si_utime=0, si_stime=0} ---
1423646 openat(AT_FDCWD</tmp/kernel-audit2-v3r63b5w/\346\261\202\350\247\243\345\231\250>, "/dev/null", O_RDONLY|O_CLOEXEC) = 3</dev/null<char 1:3>>
1423673 execve("/home/zhuran24/.codex/tmp/arg0/codex-arg0DuAZRy/sha256sum", ["sha256sum", "--", "/tmp/kernel-audit2-v3r63b5w/\346\261\202\350\247\243\345\231\250/crates/kernel/src/engine.rs"], 0x7ffd187fc5a8 /* 135 vars */) = -1 ENOENT (No such file or directory)
1423673 execve("/home/zhuran24/.cargo/bin/sha256sum", ["sha256sum", "--", "/tmp/kernel-audit2-v3r63b5w/\346\261\202\350\247\243\345\231\250/crates/kernel/src/engine.rs"], 0x7ffd187fc5a8 /* 135 vars */) = -1 ENOENT (No such file or directory)
1423673 execve("/home/zhuran24/.local/bin/sha256sum", ["sha256sum", "--", "/tmp/kernel-audit2-v3r63b5w/\346\261\202\350\247\243\345\231\250/crates/kernel/src/engine.rs"], 0x7ffd187fc5a8 /* 135 vars */) = -1 ENOENT (No such file or directory)
1423673 execve("/home/zhuran24/.opencode/bin/sha256sum", ["sha256sum", "--", "/tmp/kernel-audit2-v3r63b5w/\346\261\202\350\247\243\345\231\250/crates/kernel/src/engine.rs"], 0x7ffd187fc5a8 /* 135 vars */) = -1 ENOENT (No such file or directory)
1423673 execve("/usr/local/bin/sha256sum", ["sha256sum", "--", "/tmp/kernel-audit2-v3r63b5w/\346\261\202\350\247\243\345\231\250/crates/kernel/src/engine.rs"], 0x7ffd187fc5a8 /* 135 vars */) = -1 ENOENT (No such file or directory)
1423673 execve("/usr/bin/sha256sum", ["sha256sum", "--", "/tmp/kernel-audit2-v3r63b5w/\346\261\202\350\247\243\345\231\250/crates/kernel/src/engine.rs"], 0x7ffd187fc5a8 /* 135 vars */) = 0
1423673 openat(AT_FDCWD</tmp/kernel-audit2-v3r63b5w/\346\261\202\350\247\243\345\231\250>, "/etc/ld.so.cache", O_RDONLY|O_CLOEXEC) = 3</etc/ld.so.cache>
1423673 openat(AT_FDCWD</tmp/kernel-audit2-v3r63b5w/\346\261\202\350\247\243\345\231\250>, "/usr/lib/libcrypto.so.3", O_RDONLY|O_CLOEXEC) = 3</usr/lib/libcrypto.so.3>
1423673 openat(AT_FDCWD</tmp/kernel-audit2-v3r63b5w/\346\261\202\350\247\243\345\231\250>, "/usr/lib/libc.so.6", O_RDONLY|O_CLOEXEC) = 3</usr/lib/libc.so.6>
1423673 openat(AT_FDCWD</tmp/kernel-audit2-v3r63b5w/\346\261\202\350\247\243\345\231\250>, "/usr/lib/libz.so.1", O_RDONLY|O_CLOEXEC) = 3</usr/lib/libz.so.1.3.1.zlib-ng>
1423673 openat(AT_FDCWD</tmp/kernel-audit2-v3r63b5w/\346\261\202\350\247\243\345\231\250>, "/usr/lib/libbrotlienc.so.1", O_RDONLY|O_CLOEXEC) = 3</usr/lib/libbrotlienc.so.1.2.0>
1423673 openat(AT_FDCWD</tmp/kernel-audit2-v3r63b5w/\346\261\202\350\247\243\345\231\250>, "/usr/lib/libbrotlidec.so.1", O_RDONLY|O_CLOEXEC) = 3</usr/lib/libbrotlidec.so.1.2.0>
1423673 openat(AT_FDCWD</tmp/kernel-audit2-v3r63b5w/\346\261\202\350\247\243\345\231\250>, "/usr/lib/libzstd.so.1", O_RDONLY|O_CLOEXEC) = 3</usr/lib/libzstd.so.1.5.7>
1423673 openat(AT_FDCWD</tmp/kernel-audit2-v3r63b5w/\346\261\202\350\247\243\345\231\250>, "/usr/lib/libm.so.6", O_RDONLY|O_CLOEXEC) = 3</usr/lib/libm.so.6>
1423673 openat(AT_FDCWD</tmp/kernel-audit2-v3r63b5w/\346\261\202\350\247\243\345\231\250>, "/usr/lib/libbrotlicommon.so.1", O_RDONLY|O_CLOEXEC) = 3</usr/lib/libbrotlicommon.so.1.2.0>
1423673 openat(AT_FDCWD</tmp/kernel-audit2-v3r63b5w/\346\261\202\350\247\243\345\231\250>, "/usr/lib/locale/locale-archive", O_RDONLY|O_CLOEXEC) = 3</usr/lib/locale/locale-archive>
1423673 openat(AT_FDCWD</tmp/kernel-audit2-v3r63b5w/\346\261\202\350\247\243\345\231\250>, "/usr/share/locale/locale.alias", O_RDONLY|O_CLOEXEC) = 3</usr/share/locale/locale.alias>
1423673 openat(AT_FDCWD</tmp/kernel-audit2-v3r63b5w/\346\261\202\350\247\243\345\231\250>, "/usr/lib/locale/C.UTF-8/LC_IDENTIFICATION", O_RDONLY|O_CLOEXEC) = -1 ENOENT (No such file or directory)
1423673 openat(AT_FDCWD</tmp/kernel-audit2-v3r63b5w/\346\261\202\350\247\243\345\231\250>, "/usr/lib/locale/C.utf8/LC_IDENTIFICATION", O_RDONLY|O_CLOEXEC) = 3</usr/lib/locale/C.utf8/LC_IDENTIFICATION>
1423673 openat(AT_FDCWD</tmp/kernel-audit2-v3r63b5w/\346\261\202\350\247\243\345\231\250>, "/usr/lib/gconv/gconv-modules.cache", O_RDONLY|O_CLOEXEC) = 3</usr/lib/gconv/gconv-modules.cache>
1423673 openat(AT_FDCWD</tmp/kernel-audit2-v3r63b5w/\346\261\202\350\247\243\345\231\250>, "/usr/lib/locale/C.UTF-8/LC_MEASUREMENT", O_RDONLY|O_CLOEXEC) = -1 ENOENT (No such file or directory)
1423673 openat(AT_FDCWD</tmp/kernel-audit2-v3r63b5w/\346\261\202\350\247\243\345\231\250>, "/usr/lib/locale/C.utf8/LC_MEASUREMENT", O_RDONLY|O_CLOEXEC) = 3</usr/lib/locale/C.utf8/LC_MEASUREMENT>
1423673 openat(AT_FDCWD</tmp/kernel-audit2-v3r63b5w/\346\261\202\350\247\243\345\231\250>, "/usr/lib/locale/C.UTF-8/LC_TELEPHONE", O_RDONLY|O_CLOEXEC) = -1 ENOENT (No such file or directory)
1423673 openat(AT_FDCWD</tmp/kernel-audit2-v3r63b5w/\346\261\202\350\247\243\345\231\250>, "/usr/lib/locale/C.utf8/LC_TELEPHONE", O_RDONLY|O_CLOEXEC) = 3</usr/lib/locale/C.utf8/LC_TELEPHONE>
1423673 openat(AT_FDCWD</tmp/kernel-audit2-v3r63b5w/\346\261\202\350\247\243\345\231\250>, "/usr/lib/locale/C.UTF-8/LC_ADDRESS", O_RDONLY|O_CLOEXEC) = -1 ENOENT (No such file or directory)
1423673 openat(AT_FDCWD</tmp/kernel-audit2-v3r63b5w/\346\261\202\350\247\243\345\231\250>, "/usr/lib/locale/C.utf8/LC_ADDRESS", O_RDONLY|O_CLOEXEC) = 3</usr/lib/locale/C.utf8/LC_ADDRESS>
1423673 openat(AT_FDCWD</tmp/kernel-audit2-v3r63b5w/\346\261\202\350\247\243\345\231\250>, "/usr/lib/locale/C.UTF-8/LC_NAME", O_RDONLY|O_CLOEXEC) = -1 ENOENT (No such file or directory)
1423673 openat(AT_FDCWD</tmp/kernel-audit2-v3r63b5w/\346\261\202\350\247\243\345\231\250>, "/usr/lib/locale/C.utf8/LC_NAME", O_RDONLY|O_CLOEXEC) = 3</usr/lib/locale/C.utf8/LC_NAME>
1423673 openat(AT_FDCWD</tmp/kernel-audit2-v3r63b5w/\346\261\202\350\247\243\345\231\250>, "/usr/lib/locale/C.UTF-8/LC_PAPER", O_RDONLY|O_CLOEXEC) = -1 ENOENT (No such file or directory)
1423673 openat(AT_FDCWD</tmp/kernel-audit2-v3r63b5w/\346\261\202\350\247\243\345\231\250>, "/usr/lib/locale/C.utf8/LC_PAPER", O_RDONLY|O_CLOEXEC) = 3</usr/lib/locale/C.utf8/LC_PAPER>
1423673 openat(AT_FDCWD</tmp/kernel-audit2-v3r63b5w/\346\261\202\350\247\243\345\231\250>, "/usr/lib/locale/C.UTF-8/LC_MESSAGES", O_RDONLY|O_CLOEXEC) = -1 ENOENT (No such file or directory)
1423673 openat(AT_FDCWD</tmp/kernel-audit2-v3r63b5w/\346\261\202\350\247\243\345\231\250>, "/usr/lib/locale/C.utf8/LC_MESSAGES", O_RDONLY|O_CLOEXEC) = 3</usr/lib/locale/C.utf8/LC_MESSAGES>
1423673 openat(AT_FDCWD</tmp/kernel-audit2-v3r63b5w/\346\261\202\350\247\243\345\231\250>, "/usr/lib/locale/C.utf8/LC_MESSAGES/SYS_LC_MESSAGES", O_RDONLY|O_CLOEXEC) = 3</usr/lib/locale/C.utf8/LC_MESSAGES/SYS_LC_MESSAGES>
1423673 openat(AT_FDCWD</tmp/kernel-audit2-v3r63b5w/\346\261\202\350\247\243\345\231\250>, "/usr/lib/locale/C.UTF-8/LC_MONETARY", O_RDONLY|O_CLOEXEC) = -1 ENOENT (No such file or directory)
1423673 openat(AT_FDCWD</tmp/kernel-audit2-v3r63b5w/\346\261\202\350\247\243\345\231\250>, "/usr/lib/locale/C.utf8/LC_MONETARY", O_RDONLY|O_CLOEXEC) = 3</usr/lib/locale/C.utf8/LC_MONETARY>
1423673 openat(AT_FDCWD</tmp/kernel-audit2-v3r63b5w/\346\261\202\350\247\243\345\231\250>, "/usr/lib/locale/C.UTF-8/LC_COLLATE", O_RDONLY|O_CLOEXEC) = -1 ENOENT (No such file or directory)
1423673 openat(AT_FDCWD</tmp/kernel-audit2-v3r63b5w/\346\261\202\350\247\243\345\231\250>, "/usr/lib/locale/C.utf8/LC_COLLATE", O_RDONLY|O_CLOEXEC) = 3</usr/lib/locale/C.utf8/LC_COLLATE>
1423673 openat(AT_FDCWD</tmp/kernel-audit2-v3r63b5w/\346\261\202\350\247\243\345\231\250>, "/usr/lib/locale/C.UTF-8/LC_TIME", O_RDONLY|O_CLOEXEC) = -1 ENOENT (No such file or directory)
1423673 openat(AT_FDCWD</tmp/kernel-audit2-v3r63b5w/\346\261\202\350\247\243\345\231\250>, "/usr/lib/locale/C.utf8/LC_TIME", O_RDONLY|O_CLOEXEC) = 3</usr/lib/locale/C.utf8/LC_TIME>
1423673 openat(AT_FDCWD</tmp/kernel-audit2-v3r63b5w/\346\261\202\350\247\243\345\231\250>, "/usr/lib/locale/C.UTF-8/LC_NUMERIC", O_RDONLY|O_CLOEXEC) = -1 ENOENT (No such file or directory)
1423673 openat(AT_FDCWD</tmp/kernel-audit2-v3r63b5w/\346\261\202\350\247\243\345\231\250>, "/usr/lib/locale/C.utf8/LC_NUMERIC", O_RDONLY|O_CLOEXEC) = 3</usr/lib/locale/C.utf8/LC_NUMERIC>
1423673 openat(AT_FDCWD</tmp/kernel-audit2-v3r63b5w/\346\261\202\350\247\243\345\231\250>, "/usr/lib/locale/C.UTF-8/LC_CTYPE", O_RDONLY|O_CLOEXEC) = -1 ENOENT (No such file or directory)
1423673 openat(AT_FDCWD</tmp/kernel-audit2-v3r63b5w/\346\261\202\350\247\243\345\231\250>, "/usr/lib/locale/C.utf8/LC_CTYPE", O_RDONLY|O_CLOEXEC) = 3</usr/lib/locale/C.utf8/LC_CTYPE>
1423673 openat(AT_FDCWD</tmp/kernel-audit2-v3r63b5w/\346\261\202\350\247\243\345\231\250>, "/tmp/kernel-audit2-v3r63b5w/\346\261\202\350\247\243\345\231\250/crates/kernel/src/engine.rs", O_RDONLY) = 3</tmp/kernel-audit2-v3r63b5w/\346\261\202\350\247\243\345\231\250/crates/kernel/src/engine.rs>
1423646 --- SIGCHLD {si_signo=SIGCHLD, si_code=CLD_EXITED, si_pid=1423673, si_uid=1000, si_status=0, si_utime=0, si_stime=0} ---
1423646 openat(AT_FDCWD</tmp/kernel-audit2-v3r63b5w/\346\261\202\350\247\243\345\231\250>, "/dev/null", O_RDONLY|O_CLOEXEC) = 3</dev/null<char 1:3>>
1423674 execve("/home/zhuran24/.codex/tmp/arg0/codex-arg0DuAZRy/sha256sum", ["sha256sum", "--", "/tmp/kernel-audit2-v3r63b5w/\346\261\202\350\247\243\345\231\250/crates/kernel/src/event_identity.rs"], 0x7ffd187fc5a8 /* 135 vars */) = -1 ENOENT (No such file or directory)
1423674 execve("/home/zhuran24/.cargo/bin/sha256sum", ["sha256sum", "--", "/tmp/kernel-audit2-v3r63b5w/\346\261\202\350\247\243\345\231\250/crates/kernel/src/event_identity.rs"], 0x7ffd187fc5a8 /* 135 vars */) = -1 ENOENT (No such file or directory)
1423674 execve("/home/zhuran24/.local/bin/sha256sum", ["sha256sum", "--", "/tmp/kernel-audit2-v3r63b5w/\346\261\202\350\247\243\345\231\250/crates/kernel/src/event_identity.rs"], 0x7ffd187fc5a8 /* 135 vars */) = -1 ENOENT (No such file or directory)
1423674 execve("/home/zhuran24/.opencode/bin/sha256sum", ["sha256sum", "--", "/tmp/kernel-audit2-v3r63b5w/\346\261\202\350\247\243\345\231\250/crates/kernel/src/event_identity.rs"], 0x7ffd187fc5a8 /* 135 vars */) = -1 ENOENT (No such file or directory)
1423674 execve("/usr/local/bin/sha256sum", ["sha256sum", "--", "/tmp/kernel-audit2-v3r63b5w/\346\261\202\350\247\243\345\231\250/crates/kernel/src/event_identity.rs"], 0x7ffd187fc5a8 /* 135 vars */) = -1 ENOENT (No such file or directory)
1423674 execve("/usr/bin/sha256sum", ["sha256sum", "--", "/tmp/kernel-audit2-v3r63b5w/\346\261\202\350\247\243\345\231\250/crates/kernel/src/event_identity.rs"], 0x7ffd187fc5a8 /* 135 vars */) = 0
1423674 openat(AT_FDCWD</tmp/kernel-audit2-v3r63b5w/\346\261\202\350\247\243\345\231\250>, "/etc/ld.so.cache", O_RDONLY|O_CLOEXEC) = 3</etc/ld.so.cache>
1423674 openat(AT_FDCWD</tmp/kernel-audit2-v3r63b5w/\346\261\202\350\247\243\345\231\250>, "/usr/lib/libcrypto.so.3", O_RDONLY|O_CLOEXEC) = 3</usr/lib/libcrypto.so.3>
1423674 openat(AT_FDCWD</tmp/kernel-audit2-v3r63b5w/\346\261\202\350\247\243\345\231\250>, "/usr/lib/libc.so.6", O_RDONLY|O_CLOEXEC) = 3</usr/lib/libc.so.6>
1423674 openat(AT_FDCWD</tmp/kernel-audit2-v3r63b5w/\346\261\202\350\247\243\345\231\250>, "/usr/lib/libz.so.1", O_RDONLY|O_CLOEXEC) = 3</usr/lib/libz.so.1.3.1.zlib-ng>
1423674 openat(AT_FDCWD</tmp/kernel-audit2-v3r63b5w/\346\261\202\350\247\243\345\231\250>, "/usr/lib/libbrotlienc.so.1", O_RDONLY|O_CLOEXEC) = 3</usr/lib/libbrotlienc.so.1.2.0>
1423674 openat(AT_FDCWD</tmp/kernel-audit2-v3r63b5w/\346\261\202\350\247\243\345\231\250>, "/usr/lib/libbrotlidec.so.1", O_RDONLY|O_CLOEXEC) = 3</usr/lib/libbrotlidec.so.1.2.0>
1423674 openat(AT_FDCWD</tmp/kernel-audit2-v3r63b5w/\346\261\202\350\247\243\345\231\250>, "/usr/lib/libzstd.so.1", O_RDONLY|O_CLOEXEC) = 3</usr/lib/libzstd.so.1.5.7>
1423674 openat(AT_FDCWD</tmp/kernel-audit2-v3r63b5w/\346\261\202\350\247\243\345\231\250>, "/usr/lib/libm.so.6", O_RDONLY|O_CLOEXEC) = 3</usr/lib/libm.so.6>
1423674 openat(AT_FDCWD</tmp/kernel-audit2-v3r63b5w/\346\261\202\350\247\243\345\231\250>, "/usr/lib/libbrotlicommon.so.1", O_RDONLY|O_CLOEXEC) = 3</usr/lib/libbrotlicommon.so.1.2.0>
1423674 openat(AT_FDCWD</tmp/kernel-audit2-v3r63b5w/\346\261\202\350\247\243\345\231\250>, "/usr/lib/locale/locale-archive", O_RDONLY|O_CLOEXEC) = 3</usr/lib/locale/locale-archive>
1423674 openat(AT_FDCWD</tmp/kernel-audit2-v3r63b5w/\346\261\202\350\247\243\345\231\250>, "/usr/share/locale/locale.alias", O_RDONLY|O_CLOEXEC) = 3</usr/share/locale/locale.alias>
1423674 openat(AT_FDCWD</tmp/kernel-audit2-v3r63b5w/\346\261\202\350\247\243\345\231\250>, "/usr/lib/locale/C.UTF-8/LC_IDENTIFICATION", O_RDONLY|O_CLOEXEC) = -1 ENOENT (No such file or directory)
1423674 openat(AT_FDCWD</tmp/kernel-audit2-v3r63b5w/\346\261\202\350\247\243\345\231\250>, "/usr/lib/locale/C.utf8/LC_IDENTIFICATION", O_RDONLY|O_CLOEXEC) = 3</usr/lib/locale/C.utf8/LC_IDENTIFICATION>
1423674 openat(AT_FDCWD</tmp/kernel-audit2-v3r63b5w/\346\261\202\350\247\243\345\231\250>, "/usr/lib/gconv/gconv-modules.cache", O_RDONLY|O_CLOEXEC) = 3</usr/lib/gconv/gconv-modules.cache>
1423674 openat(AT_FDCWD</tmp/kernel-audit2-v3r63b5w/\346\261\202\350\247\243\345\231\250>, "/usr/lib/locale/C.UTF-8/LC_MEASUREMENT", O_RDONLY|O_CLOEXEC) = -1 ENOENT (No such file or directory)
1423674 openat(AT_FDCWD</tmp/kernel-audit2-v3r63b5w/\346\261\202\350\247\243\345\231\250>, "/usr/lib/locale/C.utf8/LC_MEASUREMENT", O_RDONLY|O_CLOEXEC) = 3</usr/lib/locale/C.utf8/LC_MEASUREMENT>
1423674 openat(AT_FDCWD</tmp/kernel-audit2-v3r63b5w/\346\261\202\350\247\243\345\231\250>, "/usr/lib/locale/C.UTF-8/LC_TELEPHONE", O_RDONLY|O_CLOEXEC) = -1 ENOENT (No such file or directory)
1423674 openat(AT_FDCWD</tmp/kernel-audit2-v3r63b5w/\346\261\202\350\247\243\345\231\250>, "/usr/lib/locale/C.utf8/LC_TELEPHONE", O_RDONLY|O_CLOEXEC) = 3</usr/lib/locale/C.utf8/LC_TELEPHONE>
1423674 openat(AT_FDCWD</tmp/kernel-audit2-v3r63b5w/\346\261\202\350\247\243\345\231\250>, "/usr/lib/locale/C.UTF-8/LC_ADDRESS", O_RDONLY|O_CLOEXEC) = -1 ENOENT (No such file or directory)
1423674 openat(AT_FDCWD</tmp/kernel-audit2-v3r63b5w/\346\261\202\350\247\243\345\231\250>, "/usr/lib/locale/C.utf8/LC_ADDRESS", O_RDONLY|O_CLOEXEC) = 3</usr/lib/locale/C.utf8/LC_ADDRESS>
1423674 openat(AT_FDCWD</tmp/kernel-audit2-v3r63b5w/\346\261\202\350\247\243\345\231\250>, "/usr/lib/locale/C.UTF-8/LC_NAME", O_RDONLY|O_CLOEXEC) = -1 ENOENT (No such file or directory)
1423674 openat(AT_FDCWD</tmp/kernel-audit2-v3r63b5w/\346\261\202\350\247\243\345\231\250>, "/usr/lib/locale/C.utf8/LC_NAME", O_RDONLY|O_CLOEXEC) = 3</usr/lib/locale/C.utf8/LC_NAME>
1423674 openat(AT_FDCWD</tmp/kernel-audit2-v3r63b5w/\346\261\202\350\247\243\345\231\250>, "/usr/lib/locale/C.UTF-8/LC_PAPER", O_RDONLY|O_CLOEXEC) = -1 ENOENT (No such file or directory)
1423674 openat(AT_FDCWD</tmp/kernel-audit2-v3r63b5w/\346\261\202\350\247\243\345\231\250>, "/usr/lib/locale/C.utf8/LC_PAPER", O_RDONLY|O_CLOEXEC) = 3</usr/lib/locale/C.utf8/LC_PAPER>
1423674 openat(AT_FDCWD</tmp/kernel-audit2-v3r63b5w/\346\261\202\350\247\243\345\231\250>, "/usr/lib/locale/C.UTF-8/LC_MESSAGES", O_RDONLY|O_CLOEXEC) = -1 ENOENT (No such file or directory)
1423674 openat(AT_FDCWD</tmp/kernel-audit2-v3r63b5w/\346\261\202\350\247\243\345\231\250>, "/usr/lib/locale/C.utf8/LC_MESSAGES", O_RDONLY|O_CLOEXEC) = 3</usr/lib/locale/C.utf8/LC_MESSAGES>
1423674 openat(AT_FDCWD</tmp/kernel-audit2-v3r63b5w/\346\261\202\350\247\243\345\231\250>, "/usr/lib/locale/C.utf8/LC_MESSAGES/SYS_LC_MESSAGES", O_RDONLY|O_CLOEXEC) = 3</usr/lib/locale/C.utf8/LC_MESSAGES/SYS_LC_MESSAGES>
1423674 openat(AT_FDCWD</tmp/kernel-audit2-v3r63b5w/\346\261\202\350\247\243\345\231\250>, "/usr/lib/locale/C.UTF-8/LC_MONETARY", O_RDONLY|O_CLOEXEC) = -1 ENOENT (No such file or directory)
1423674 openat(AT_FDCWD</tmp/kernel-audit2-v3r63b5w/\346\261\202\350\247\243\345\231\250>, "/usr/lib/locale/C.utf8/LC_MONETARY", O_RDONLY|O_CLOEXEC) = 3</usr/lib/locale/C.utf8/LC_MONETARY>
1423674 openat(AT_FDCWD</tmp/kernel-audit2-v3r63b5w/\346\261\202\350\247\243\345\231\250>, "/usr/lib/locale/C.UTF-8/LC_COLLATE", O_RDONLY|O_CLOEXEC) = -1 ENOENT (No such file or directory)
1423674 openat(AT_FDCWD</tmp/kernel-audit2-v3r63b5w/\346\261\202\350\247\243\345\231\250>, "/usr/lib/locale/C.utf8/LC_COLLATE", O_RDONLY|O_CLOEXEC) = 3</usr/lib/locale/C.utf8/LC_COLLATE>
1423674 openat(AT_FDCWD</tmp/kernel-audit2-v3r63b5w/\346\261\202\350\247\243\345\231\250>, "/usr/lib/locale/C.UTF-8/LC_TIME", O_RDONLY|O_CLOEXEC) = -1 ENOENT (No such file or directory)
1423674 openat(AT_FDCWD</tmp/kernel-audit2-v3r63b5w/\346\261\202\350\247\243\345\231\250>, "/usr/lib/locale/C.utf8/LC_TIME", O_RDONLY|O_CLOEXEC) = 3</usr/lib/locale/C.utf8/LC_TIME>
1423674 openat(AT_FDCWD</tmp/kernel-audit2-v3r63b5w/\346\261\202\350\247\243\345\231\250>, "/usr/lib/locale/C.UTF-8/LC_NUMERIC", O_RDONLY|O_CLOEXEC) = -1 ENOENT (No such file or directory)
1423674 openat(AT_FDCWD</tmp/kernel-audit2-v3r63b5w/\346\261\202\350\247\243\345\231\250>, "/usr/lib/locale/C.utf8/LC_NUMERIC", O_RDONLY|O_CLOEXEC) = 3</usr/lib/locale/C.utf8/LC_NUMERIC>
1423674 openat(AT_FDCWD</tmp/kernel-audit2-v3r63b5w/\346\261\202\350\247\243\345\231\250>, "/usr/lib/locale/C.UTF-8/LC_CTYPE", O_RDONLY|O_CLOEXEC) = -1 ENOENT (No such file or directory)
1423674 openat(AT_FDCWD</tmp/kernel-audit2-v3r63b5w/\346\261\202\350\247\243\345\231\250>, "/usr/lib/locale/C.utf8/LC_CTYPE", O_RDONLY|O_CLOEXEC) = 3</usr/lib/locale/C.utf8/LC_CTYPE>
1423674 openat(AT_FDCWD</tmp/kernel-audit2-v3r63b5w/\346\261\202\350\247\243\345\231\250>, "/tmp/kernel-audit2-v3r63b5w/\346\261\202\350\247\243\345\231\250/crates/kernel/src/event_identity.rs", O_RDONLY) = 3</tmp/kernel-audit2-v3r63b5w/\346\261\202\350\247\243\345\231\250/crates/kernel/src/event_identity.rs>
1423646 --- SIGCHLD {si_signo=SIGCHLD, si_code=CLD_EXITED, si_pid=1423674, si_uid=1000, si_status=0, si_utime=0, si_stime=0} ---
1423646 openat(AT_FDCWD</tmp/kernel-audit2-v3r63b5w/\346\261\202\350\247\243\345\231\250>, "/dev/null", O_RDONLY|O_CLOEXEC) = 3</dev/null<char 1:3>>
1423675 execve("/home/zhuran24/.codex/tmp/arg0/codex-arg0DuAZRy/sha256sum", ["sha256sum", "--", "/tmp/kernel-audit2-v3r63b5w/\346\261\202\350\247\243\345\231\250/crates/kernel/src/warehouse.rs"], 0x7ffd187fc5a8 /* 135 vars */) = -1 ENOENT (No such file or directory)
1423675 execve("/home/zhuran24/.cargo/bin/sha256sum", ["sha256sum", "--", "/tmp/kernel-audit2-v3r63b5w/\346\261\202\350\247\243\345\231\250/crates/kernel/src/warehouse.rs"], 0x7ffd187fc5a8 /* 135 vars */) = -1 ENOENT (No such file or directory)
1423675 execve("/home/zhuran24/.local/bin/sha256sum", ["sha256sum", "--", "/tmp/kernel-audit2-v3r63b5w/\346\261\202\350\247\243\345\231\250/crates/kernel/src/warehouse.rs"], 0x7ffd187fc5a8 /* 135 vars */) = -1 ENOENT (No such file or directory)
1423675 execve("/home/zhuran24/.opencode/bin/sha256sum", ["sha256sum", "--", "/tmp/kernel-audit2-v3r63b5w/\346\261\202\350\247\243\345\231\250/crates/kernel/src/warehouse.rs"], 0x7ffd187fc5a8 /* 135 vars */) = -1 ENOENT (No such file or directory)
1423675 execve("/usr/local/bin/sha256sum", ["sha256sum", "--", "/tmp/kernel-audit2-v3r63b5w/\346\261\202\350\247\243\345\231\250/crates/kernel/src/warehouse.rs"], 0x7ffd187fc5a8 /* 135 vars */) = -1 ENOENT (No such file or directory)
1423675 execve("/usr/bin/sha256sum", ["sha256sum", "--", "/tmp/kernel-audit2-v3r63b5w/\346\261\202\350\247\243\345\231\250/crates/kernel/src/warehouse.rs"], 0x7ffd187fc5a8 /* 135 vars */) = 0
1423675 openat(AT_FDCWD</tmp/kernel-audit2-v3r63b5w/\346\261\202\350\247\243\345\231\250>, "/etc/ld.so.cache", O_RDONLY|O_CLOEXEC) = 3</etc/ld.so.cache>
1423675 openat(AT_FDCWD</tmp/kernel-audit2-v3r63b5w/\346\261\202\350\247\243\345\231\250>, "/usr/lib/libcrypto.so.3", O_RDONLY|O_CLOEXEC) = 3</usr/lib/libcrypto.so.3>
1423675 openat(AT_FDCWD</tmp/kernel-audit2-v3r63b5w/\346\261\202\350\247\243\345\231\250>, "/usr/lib/libc.so.6", O_RDONLY|O_CLOEXEC) = 3</usr/lib/libc.so.6>
1423675 openat(AT_FDCWD</tmp/kernel-audit2-v3r63b5w/\346\261\202\350\247\243\345\231\250>, "/usr/lib/libz.so.1", O_RDONLY|O_CLOEXEC) = 3</usr/lib/libz.so.1.3.1.zlib-ng>
1423675 openat(AT_FDCWD</tmp/kernel-audit2-v3r63b5w/\346\261\202\350\247\243\345\231\250>, "/usr/lib/libbrotlienc.so.1", O_RDONLY|O_CLOEXEC) = 3</usr/lib/libbrotlienc.so.1.2.0>
1423675 openat(AT_FDCWD</tmp/kernel-audit2-v3r63b5w/\346\261\202\350\247\243\345\231\250>, "/usr/lib/libbrotlidec.so.1", O_RDONLY|O_CLOEXEC) = 3</usr/lib/libbrotlidec.so.1.2.0>
1423675 openat(AT_FDCWD</tmp/kernel-audit2-v3r63b5w/\346\261\202\350\247\243\345\231\250>, "/usr/lib/libzstd.so.1", O_RDONLY|O_CLOEXEC) = 3</usr/lib/libzstd.so.1.5.7>
1423675 openat(AT_FDCWD</tmp/kernel-audit2-v3r63b5w/\346\261\202\350\247\243\345\231\250>, "/usr/lib/libm.so.6", O_RDONLY|O_CLOEXEC) = 3</usr/lib/libm.so.6>
1423675 openat(AT_FDCWD</tmp/kernel-audit2-v3r63b5w/\346\261\202\350\247\243\345\231\250>, "/usr/lib/libbrotlicommon.so.1", O_RDONLY|O_CLOEXEC) = 3</usr/lib/libbrotlicommon.so.1.2.0>
1423675 openat(AT_FDCWD</tmp/kernel-audit2-v3r63b5w/\346\261\202\350\247\243\345\231\250>, "/usr/lib/locale/locale-archive", O_RDONLY|O_CLOEXEC) = 3</usr/lib/locale/locale-archive>
1423675 openat(AT_FDCWD</tmp/kernel-audit2-v3r63b5w/\346\261\202\350\247\243\345\231\250>, "/usr/share/locale/locale.alias", O_RDONLY|O_CLOEXEC) = 3</usr/share/locale/locale.alias>
1423675 openat(AT_FDCWD</tmp/kernel-audit2-v3r63b5w/\346\261\202\350\247\243\345\231\250>, "/usr/lib/locale/C.UTF-8/LC_IDENTIFICATION", O_RDONLY|O_CLOEXEC) = -1 ENOENT (No such file or directory)
1423675 openat(AT_FDCWD</tmp/kernel-audit2-v3r63b5w/\346\261\202\350\247\243\345\231\250>, "/usr/lib/locale/C.utf8/LC_IDENTIFICATION", O_RDONLY|O_CLOEXEC) = 3</usr/lib/locale/C.utf8/LC_IDENTIFICATION>
1423675 openat(AT_FDCWD</tmp/kernel-audit2-v3r63b5w/\346\261\202\350\247\243\345\231\250>, "/usr/lib/gconv/gconv-modules.cache", O_RDONLY|O_CLOEXEC) = 3</usr/lib/gconv/gconv-modules.cache>
1423675 openat(AT_FDCWD</tmp/kernel-audit2-v3r63b5w/\346\261\202\350\247\243\345\231\250>, "/usr/lib/locale/C.UTF-8/LC_MEASUREMENT", O_RDONLY|O_CLOEXEC) = -1 ENOENT (No such file or directory)
1423675 openat(AT_FDCWD</tmp/kernel-audit2-v3r63b5w/\346\261\202\350\247\243\345\231\250>, "/usr/lib/locale/C.utf8/LC_MEASUREMENT", O_RDONLY|O_CLOEXEC) = 3</usr/lib/locale/C.utf8/LC_MEASUREMENT>
1423675 openat(AT_FDCWD</tmp/kernel-audit2-v3r63b5w/\346\261\202\350\247\243\345\231\250>, "/usr/lib/locale/C.UTF-8/LC_TELEPHONE", O_RDONLY|O_CLOEXEC) = -1 ENOENT (No such file or directory)
1423675 openat(AT_FDCWD</tmp/kernel-audit2-v3r63b5w/\346\261\202\350\247\243\345\231\250>, "/usr/lib/locale/C.utf8/LC_TELEPHONE", O_RDONLY|O_CLOEXEC) = 3</usr/lib/locale/C.utf8/LC_TELEPHONE>
1423675 openat(AT_FDCWD</tmp/kernel-audit2-v3r63b5w/\346\261\202\350\247\243\345\231\250>, "/usr/lib/locale/C.UTF-8/LC_ADDRESS", O_RDONLY|O_CLOEXEC) = -1 ENOENT (No such file or directory)
1423675 openat(AT_FDCWD</tmp/kernel-audit2-v3r63b5w/\346\261\202\350\247\243\345\231\250>, "/usr/lib/locale/C.utf8/LC_ADDRESS", O_RDONLY|O_CLOEXEC) = 3</usr/lib/locale/C.utf8/LC_ADDRESS>
1423675 openat(AT_FDCWD</tmp/kernel-audit2-v3r63b5w/\346\261\202\350\247\243\345\231\250>, "/usr/lib/locale/C.UTF-8/LC_NAME", O_RDONLY|O_CLOEXEC) = -1 ENOENT (No such file or directory)
1423675 openat(AT_FDCWD</tmp/kernel-audit2-v3r63b5w/\346\261\202\350\247\243\345\231\250>, "/usr/lib/locale/C.utf8/LC_NAME", O_RDONLY|O_CLOEXEC) = 3</usr/lib/locale/C.utf8/LC_NAME>
1423675 openat(AT_FDCWD</tmp/kernel-audit2-v3r63b5w/\346\261\202\350\247\243\345\231\250>, "/usr/lib/locale/C.UTF-8/LC_PAPER", O_RDONLY|O_CLOEXEC) = -1 ENOENT (No such file or directory)
1423675 openat(AT_FDCWD</tmp/kernel-audit2-v3r63b5w/\346\261\202\350\247\243\345\231\250>, "/usr/lib/locale/C.utf8/LC_PAPER", O_RDONLY|O_CLOEXEC) = 3</usr/lib/locale/C.utf8/LC_PAPER>
1423675 openat(AT_FDCWD</tmp/kernel-audit2-v3r63b5w/\346\261\202\350\247\243\345\231\250>, "/usr/lib/locale/C.UTF-8/LC_MESSAGES", O_RDONLY|O_CLOEXEC) = -1 ENOENT (No such file or directory)
1423675 openat(AT_FDCWD</tmp/kernel-audit2-v3r63b5w/\346\261\202\350\247\243\345\231\250>, "/usr/lib/locale/C.utf8/LC_MESSAGES", O_RDONLY|O_CLOEXEC) = 3</usr/lib/locale/C.utf8/LC_MESSAGES>
1423675 openat(AT_FDCWD</tmp/kernel-audit2-v3r63b5w/\346\261\202\350\247\243\345\231\250>, "/usr/lib/locale/C.utf8/LC_MESSAGES/SYS_LC_MESSAGES", O_RDONLY|O_CLOEXEC) = 3</usr/lib/locale/C.utf8/LC_MESSAGES/SYS_LC_MESSAGES>
1423675 openat(AT_FDCWD</tmp/kernel-audit2-v3r63b5w/\346\261\202\350\247\243\345\231\250>, "/usr/lib/locale/C.UTF-8/LC_MONETARY", O_RDONLY|O_CLOEXEC) = -1 ENOENT (No such file or directory)
1423675 openat(AT_FDCWD</tmp/kernel-audit2-v3r63b5w/\346\261\202\350\247\243\345\231\250>, "/usr/lib/locale/C.utf8/LC_MONETARY", O_RDONLY|O_CLOEXEC) = 3</usr/lib/locale/C.utf8/LC_MONETARY>
1423675 openat(AT_FDCWD</tmp/kernel-audit2-v3r63b5w/\346\261\202\350\247\243\345\231\250>, "/usr/lib/locale/C.UTF-8/LC_COLLATE", O_RDONLY|O_CLOEXEC) = -1 ENOENT (No such file or directory)
1423675 openat(AT_FDCWD</tmp/kernel-audit2-v3r63b5w/\346\261\202\350\247\243\345\231\250>, "/usr/lib/locale/C.utf8/LC_COLLATE", O_RDONLY|O_CLOEXEC) = 3</usr/lib/locale/C.utf8/LC_COLLATE>
1423675 openat(AT_FDCWD</tmp/kernel-audit2-v3r63b5w/\346\261\202\350\247\243\345\231\250>, "/usr/lib/locale/C.UTF-8/LC_TIME", O_RDONLY|O_CLOEXEC) = -1 ENOENT (No such file or directory)
1423675 openat(AT_FDCWD</tmp/kernel-audit2-v3r63b5w/\346\261\202\350\247\243\345\231\250>, "/usr/lib/locale/C.utf8/LC_TIME", O_RDONLY|O_CLOEXEC) = 3</usr/lib/locale/C.utf8/LC_TIME>
1423675 openat(AT_FDCWD</tmp/kernel-audit2-v3r63b5w/\346\261\202\350\247\243\345\231\250>, "/usr/lib/locale/C.UTF-8/LC_NUMERIC", O_RDONLY|O_CLOEXEC) = -1 ENOENT (No such file or directory)
1423675 openat(AT_FDCWD</tmp/kernel-audit2-v3r63b5w/\346\261\202\350\247\243\345\231\250>, "/usr/lib/locale/C.utf8/LC_NUMERIC", O_RDONLY|O_CLOEXEC) = 3</usr/lib/locale/C.utf8/LC_NUMERIC>
1423675 openat(AT_FDCWD</tmp/kernel-audit2-v3r63b5w/\346\261\202\350\247\243\345\231\250>, "/usr/lib/locale/C.UTF-8/LC_CTYPE", O_RDONLY|O_CLOEXEC) = -1 ENOENT (No such file or directory)
1423675 openat(AT_FDCWD</tmp/kernel-audit2-v3r63b5w/\346\261\202\350\247\243\345\231\250>, "/usr/lib/locale/C.utf8/LC_CTYPE", O_RDONLY|O_CLOEXEC) = 3</usr/lib/locale/C.utf8/LC_CTYPE>
1423675 openat(AT_FDCWD</tmp/kernel-audit2-v3r63b5w/\346\261\202\350\247\243\345\231\250>, "/tmp/kernel-audit2-v3r63b5w/\346\261\202\350\247\243\345\231\250/crates/kernel/src/warehouse.rs", O_RDONLY) = 3</tmp/kernel-audit2-v3r63b5w/\346\261\202\350\247\243\345\231\250/crates/kernel/src/warehouse.rs>
1423646 --- SIGCHLD {si_signo=SIGCHLD, si_code=CLD_EXITED, si_pid=1423675, si_uid=1000, si_status=0, si_utime=0, si_stime=0} ---
1423646 openat(AT_FDCWD</tmp/kernel-audit2-v3r63b5w/\346\261\202\350\247\243\345\231\250>, "/dev/null", O_RDONLY|O_CLOEXEC) = 3</dev/null<char 1:3>>
1423676 execve("/home/zhuran24/.codex/tmp/arg0/codex-arg0DuAZRy/sha256sum", ["sha256sum", "--", "/tmp/kernel-audit2-v3r63b5w/\346\261\202\350\247\243\345\231\250/crates/kernel/src/polling.rs"], 0x7ffd187fc5a8 /* 135 vars */) = -1 ENOENT (No such file or directory)
1423676 execve("/home/zhuran24/.cargo/bin/sha256sum", ["sha256sum", "--", "/tmp/kernel-audit2-v3r63b5w/\346\261\202\350\247\243\345\231\250/crates/kernel/src/polling.rs"], 0x7ffd187fc5a8 /* 135 vars */) = -1 ENOENT (No such file or directory)
1423676 execve("/home/zhuran24/.local/bin/sha256sum", ["sha256sum", "--", "/tmp/kernel-audit2-v3r63b5w/\346\261\202\350\247\243\345\231\250/crates/kernel/src/polling.rs"], 0x7ffd187fc5a8 /* 135 vars */) = -1 ENOENT (No such file or directory)
1423676 execve("/home/zhuran24/.opencode/bin/sha256sum", ["sha256sum", "--", "/tmp/kernel-audit2-v3r63b5w/\346\261\202\350\247\243\345\231\250/crates/kernel/src/polling.rs"], 0x7ffd187fc5a8 /* 135 vars */) = -1 ENOENT (No such file or directory)
1423676 execve("/usr/local/bin/sha256sum", ["sha256sum", "--", "/tmp/kernel-audit2-v3r63b5w/\346\261\202\350\247\243\345\231\250/crates/kernel/src/polling.rs"], 0x7ffd187fc5a8 /* 135 vars */) = -1 ENOENT (No such file or directory)
1423676 execve("/usr/bin/sha256sum", ["sha256sum", "--", "/tmp/kernel-audit2-v3r63b5w/\346\261\202\350\247\243\345\231\250/crates/kernel/src/polling.rs"], 0x7ffd187fc5a8 /* 135 vars */) = 0
1423676 openat(AT_FDCWD</tmp/kernel-audit2-v3r63b5w/\346\261\202\350\247\243\345\231\250>, "/etc/ld.so.cache", O_RDONLY|O_CLOEXEC) = 3</etc/ld.so.cache>
1423676 openat(AT_FDCWD</tmp/kernel-audit2-v3r63b5w/\346\261\202\350\247\243\345\231\250>, "/usr/lib/libcrypto.so.3", O_RDONLY|O_CLOEXEC) = 3</usr/lib/libcrypto.so.3>
1423676 openat(AT_FDCWD</tmp/kernel-audit2-v3r63b5w/\346\261\202\350\247\243\345\231\250>, "/usr/lib/libc.so.6", O_RDONLY|O_CLOEXEC) = 3</usr/lib/libc.so.6>
1423676 openat(AT_FDCWD</tmp/kernel-audit2-v3r63b5w/\346\261\202\350\247\243\345\231\250>, "/usr/lib/libz.so.1", O_RDONLY|O_CLOEXEC) = 3</usr/lib/libz.so.1.3.1.zlib-ng>
1423676 openat(AT_FDCWD</tmp/kernel-audit2-v3r63b5w/\346\261\202\350\247\243\345\231\250>, "/usr/lib/libbrotlienc.so.1", O_RDONLY|O_CLOEXEC) = 3</usr/lib/libbrotlienc.so.1.2.0>
1423676 openat(AT_FDCWD</tmp/kernel-audit2-v3r63b5w/\346\261\202\350\247\243\345\231\250>, "/usr/lib/libbrotlidec.so.1", O_RDONLY|O_CLOEXEC) = 3</usr/lib/libbrotlidec.so.1.2.0>
1423676 openat(AT_FDCWD</tmp/kernel-audit2-v3r63b5w/\346\261\202\350\247\243\345\231\250>, "/usr/lib/libzstd.so.1", O_RDONLY|O_CLOEXEC) = 3</usr/lib/libzstd.so.1.5.7>
1423676 openat(AT_FDCWD</tmp/kernel-audit2-v3r63b5w/\346\261\202\350\247\243\345\231\250>, "/usr/lib/libm.so.6", O_RDONLY|O_CLOEXEC) = 3</usr/lib/libm.so.6>
1423676 openat(AT_FDCWD</tmp/kernel-audit2-v3r63b5w/\346\261\202\350\247\243\345\231\250>, "/usr/lib/libbrotlicommon.so.1", O_RDONLY|O_CLOEXEC) = 3</usr/lib/libbrotlicommon.so.1.2.0>
1423676 openat(AT_FDCWD</tmp/kernel-audit2-v3r63b5w/\346\261\202\350\247\243\345\231\250>, "/usr/lib/locale/locale-archive", O_RDONLY|O_CLOEXEC) = 3</usr/lib/locale/locale-archive>
1423676 openat(AT_FDCWD</tmp/kernel-audit2-v3r63b5w/\346\261\202\350\247\243\345\231\250>, "/usr/share/locale/locale.alias", O_RDONLY|O_CLOEXEC) = 3</usr/share/locale/locale.alias>
1423676 openat(AT_FDCWD</tmp/kernel-audit2-v3r63b5w/\346\261\202\350\247\243\345\231\250>, "/usr/lib/locale/C.UTF-8/LC_IDENTIFICATION", O_RDONLY|O_CLOEXEC) = -1 ENOENT (No such file or directory)
1423676 openat(AT_FDCWD</tmp/kernel-audit2-v3r63b5w/\346\261\202\350\247\243\345\231\250>, "/usr/lib/locale/C.utf8/LC_IDENTIFICATION", O_RDONLY|O_CLOEXEC) = 3</usr/lib/locale/C.utf8/LC_IDENTIFICATION>
1423676 openat(AT_FDCWD</tmp/kernel-audit2-v3r63b5w/\346\261\202\350\247\243\345\231\250>, "/usr/lib/gconv/gconv-modules.cache", O_RDONLY|O_CLOEXEC) = 3</usr/lib/gconv/gconv-modules.cache>
1423676 openat(AT_FDCWD</tmp/kernel-audit2-v3r63b5w/\346\261\202\350\247\243\345\231\250>, "/usr/lib/locale/C.UTF-8/LC_MEASUREMENT", O_RDONLY|O_CLOEXEC) = -1 ENOENT (No such file or directory)
1423676 openat(AT_FDCWD</tmp/kernel-audit2-v3r63b5w/\346\261\202\350\247\243\345\231\250>, "/usr/lib/locale/C.utf8/LC_MEASUREMENT", O_RDONLY|O_CLOEXEC) = 3</usr/lib/locale/C.utf8/LC_MEASUREMENT>
1423676 openat(AT_FDCWD</tmp/kernel-audit2-v3r63b5w/\346\261\202\350\247\243\345\231\250>, "/usr/lib/locale/C.UTF-8/LC_TELEPHONE", O_RDONLY|O_CLOEXEC) = -1 ENOENT (No such file or directory)
1423676 openat(AT_FDCWD</tmp/kernel-audit2-v3r63b5w/\346\261\202\350\247\243\345\231\250>, "/usr/lib/locale/C.utf8/LC_TELEPHONE", O_RDONLY|O_CLOEXEC) = 3</usr/lib/locale/C.utf8/LC_TELEPHONE>
1423676 openat(AT_FDCWD</tmp/kernel-audit2-v3r63b5w/\346\261\202\350\247\243\345\231\250>, "/usr/lib/locale/C.UTF-8/LC_ADDRESS", O_RDONLY|O_CLOEXEC) = -1 ENOENT (No such file or directory)
1423676 openat(AT_FDCWD</tmp/kernel-audit2-v3r63b5w/\346\261\202\350\247\243\345\231\250>, "/usr/lib/locale/C.utf8/LC_ADDRESS", O_RDONLY|O_CLOEXEC) = 3</usr/lib/locale/C.utf8/LC_ADDRESS>
1423676 openat(AT_FDCWD</tmp/kernel-audit2-v3r63b5w/\346\261\202\350\247\243\345\231\250>, "/usr/lib/locale/C.UTF-8/LC_NAME", O_RDONLY|O_CLOEXEC) = -1 ENOENT (No such file or directory)
1423676 openat(AT_FDCWD</tmp/kernel-audit2-v3r63b5w/\346\261\202\350\247\243\345\231\250>, "/usr/lib/locale/C.utf8/LC_NAME", O_RDONLY|O_CLOEXEC) = 3</usr/lib/locale/C.utf8/LC_NAME>
1423676 openat(AT_FDCWD</tmp/kernel-audit2-v3r63b5w/\346\261\202\350\247\243\345\231\250>, "/usr/lib/locale/C.UTF-8/LC_PAPER", O_RDONLY|O_CLOEXEC) = -1 ENOENT (No such file or directory)
1423676 openat(AT_FDCWD</tmp/kernel-audit2-v3r63b5w/\346\261\202\350\247\243\345\231\250>, "/usr/lib/locale/C.utf8/LC_PAPER", O_RDONLY|O_CLOEXEC) = 3</usr/lib/locale/C.utf8/LC_PAPER>
1423676 openat(AT_FDCWD</tmp/kernel-audit2-v3r63b5w/\346\261\202\350\247\243\345\231\250>, "/usr/lib/locale/C.UTF-8/LC_MESSAGES", O_RDONLY|O_CLOEXEC) = -1 ENOENT (No such file or directory)
1423676 openat(AT_FDCWD</tmp/kernel-audit2-v3r63b5w/\346\261\202\350\247\243\345\231\250>, "/usr/lib/locale/C.utf8/LC_MESSAGES", O_RDONLY|O_CLOEXEC) = 3</usr/lib/locale/C.utf8/LC_MESSAGES>
1423676 openat(AT_FDCWD</tmp/kernel-audit2-v3r63b5w/\346\261\202\350\247\243\345\231\250>, "/usr/lib/locale/C.utf8/LC_MESSAGES/SYS_LC_MESSAGES", O_RDONLY|O_CLOEXEC) = 3</usr/lib/locale/C.utf8/LC_MESSAGES/SYS_LC_MESSAGES>
1423676 openat(AT_FDCWD</tmp/kernel-audit2-v3r63b5w/\346\261\202\350\247\243\345\231\250>, "/usr/lib/locale/C.UTF-8/LC_MONETARY", O_RDONLY|O_CLOEXEC) = -1 ENOENT (No such file or directory)
1423676 openat(AT_FDCWD</tmp/kernel-audit2-v3r63b5w/\346\261\202\350\247\243\345\231\250>, "/usr/lib/locale/C.utf8/LC_MONETARY", O_RDONLY|O_CLOEXEC) = 3</usr/lib/locale/C.utf8/LC_MONETARY>
1423676 openat(AT_FDCWD</tmp/kernel-audit2-v3r63b5w/\346\261\202\350\247\243\345\231\250>, "/usr/lib/locale/C.UTF-8/LC_COLLATE", O_RDONLY|O_CLOEXEC) = -1 ENOENT (No such file or directory)
1423676 openat(AT_FDCWD</tmp/kernel-audit2-v3r63b5w/\346\261\202\350\247\243\345\231\250>, "/usr/lib/locale/C.utf8/LC_COLLATE", O_RDONLY|O_CLOEXEC) = 3</usr/lib/locale/C.utf8/LC_COLLATE>
1423676 openat(AT_FDCWD</tmp/kernel-audit2-v3r63b5w/\346\261\202\350\247\243\345\231\250>, "/usr/lib/locale/C.UTF-8/LC_TIME", O_RDONLY|O_CLOEXEC) = -1 ENOENT (No such file or directory)
1423676 openat(AT_FDCWD</tmp/kernel-audit2-v3r63b5w/\346\261\202\350\247\243\345\231\250>, "/usr/lib/locale/C.utf8/LC_TIME", O_RDONLY|O_CLOEXEC) = 3</usr/lib/locale/C.utf8/LC_TIME>
1423676 openat(AT_FDCWD</tmp/kernel-audit2-v3r63b5w/\346\261\202\350\247\243\345\231\250>, "/usr/lib/locale/C.UTF-8/LC_NUMERIC", O_RDONLY|O_CLOEXEC) = -1 ENOENT (No such file or directory)
1423676 openat(AT_FDCWD</tmp/kernel-audit2-v3r63b5w/\346\261\202\350\247\243\345\231\250>, "/usr/lib/locale/C.utf8/LC_NUMERIC", O_RDONLY|O_CLOEXEC) = 3</usr/lib/locale/C.utf8/LC_NUMERIC>
1423676 openat(AT_FDCWD</tmp/kernel-audit2-v3r63b5w/\346\261\202\350\247\243\345\231\250>, "/usr/lib/locale/C.UTF-8/LC_CTYPE", O_RDONLY|O_CLOEXEC) = -1 ENOENT (No such file or directory)
1423676 openat(AT_FDCWD</tmp/kernel-audit2-v3r63b5w/\346\261\202\350\247\243\345\231\250>, "/usr/lib/locale/C.utf8/LC_CTYPE", O_RDONLY|O_CLOEXEC) = 3</usr/lib/locale/C.utf8/LC_CTYPE>
1423676 openat(AT_FDCWD</tmp/kernel-audit2-v3r63b5w/\346\261\202\350\247\243\345\231\250>, "/tmp/kernel-audit2-v3r63b5w/\346\261\202\350\247\243\345\231\250/crates/kernel/src/polling.rs", O_RDONLY) = 3</tmp/kernel-audit2-v3r63b5w/\346\261\202\350\247\243\345\231\250/crates/kernel/src/polling.rs>
1423646 --- SIGCHLD {si_signo=SIGCHLD, si_code=CLD_EXITED, si_pid=1423676, si_uid=1000, si_status=0, si_utime=0, si_stime=0} ---
1423646 openat(AT_FDCWD</tmp/kernel-audit2-v3r63b5w/\346\261\202\350\247\243\345\231\250>, "/dev/null", O_RDONLY|O_CLOEXEC) = 3</dev/null<char 1:3>>
1423677 execve("/home/zhuran24/.codex/tmp/arg0/codex-arg0DuAZRy/sha256sum", ["sha256sum", "--", "/tmp/kernel-audit2-v3r63b5w/\346\261\202\350\247\243\345\231\250/crates/kernel/src/transition.rs"], 0x7ffd187fc5a8 /* 135 vars */) = -1 ENOENT (No such file or directory)
1423677 execve("/home/zhuran24/.cargo/bin/sha256sum", ["sha256sum", "--", "/tmp/kernel-audit2-v3r63b5w/\346\261\202\350\247\243\345\231\250/crates/kernel/src/transition.rs"], 0x7ffd187fc5a8 /* 135 vars */) = -1 ENOENT (No such file or directory)
1423677 execve("/home/zhuran24/.local/bin/sha256sum", ["sha256sum", "--", "/tmp/kernel-audit2-v3r63b5w/\346\261\202\350\247\243\345\231\250/crates/kernel/src/transition.rs"], 0x7ffd187fc5a8 /* 135 vars */) = -1 ENOENT (No such file or directory)
1423677 execve("/home/zhuran24/.opencode/bin/sha256sum", ["sha256sum", "--", "/tmp/kernel-audit2-v3r63b5w/\346\261\202\350\247\243\345\231\250/crates/kernel/src/transition.rs"], 0x7ffd187fc5a8 /* 135 vars */) = -1 ENOENT (No such file or directory)
1423677 execve("/usr/local/bin/sha256sum", ["sha256sum", "--", "/tmp/kernel-audit2-v3r63b5w/\346\261\202\350\247\243\345\231\250/crates/kernel/src/transition.rs"], 0x7ffd187fc5a8 /* 135 vars */) = -1 ENOENT (No such file or directory)
1423677 execve("/usr/bin/sha256sum", ["sha256sum", "--", "/tmp/kernel-audit2-v3r63b5w/\346\261\202\350\247\243\345\231\250/crates/kernel/src/transition.rs"], 0x7ffd187fc5a8 /* 135 vars */) = 0
1423677 openat(AT_FDCWD</tmp/kernel-audit2-v3r63b5w/\346\261\202\350\247\243\345\231\250>, "/etc/ld.so.cache", O_RDONLY|O_CLOEXEC) = 3</etc/ld.so.cache>
1423677 openat(AT_FDCWD</tmp/kernel-audit2-v3r63b5w/\346\261\202\350\247\243\345\231\250>, "/usr/lib/libcrypto.so.3", O_RDONLY|O_CLOEXEC) = 3</usr/lib/libcrypto.so.3>
1423677 openat(AT_FDCWD</tmp/kernel-audit2-v3r63b5w/\346\261\202\350\247\243\345\231\250>, "/usr/lib/libc.so.6", O_RDONLY|O_CLOEXEC) = 3</usr/lib/libc.so.6>
1423677 openat(AT_FDCWD</tmp/kernel-audit2-v3r63b5w/\346\261\202\350\247\243\345\231\250>, "/usr/lib/libz.so.1", O_RDONLY|O_CLOEXEC) = 3</usr/lib/libz.so.1.3.1.zlib-ng>
1423677 openat(AT_FDCWD</tmp/kernel-audit2-v3r63b5w/\346\261\202\350\247\243\345\231\250>, "/usr/lib/libbrotlienc.so.1", O_RDONLY|O_CLOEXEC) = 3</usr/lib/libbrotlienc.so.1.2.0>
1423677 openat(AT_FDCWD</tmp/kernel-audit2-v3r63b5w/\346\261\202\350\247\243\345\231\250>, "/usr/lib/libbrotlidec.so.1", O_RDONLY|O_CLOEXEC) = 3</usr/lib/libbrotlidec.so.1.2.0>
1423677 openat(AT_FDCWD</tmp/kernel-audit2-v3r63b5w/\346\261\202\350\247\243\345\231\250>, "/usr/lib/libzstd.so.1", O_RDONLY|O_CLOEXEC) = 3</usr/lib/libzstd.so.1.5.7>
1423677 openat(AT_FDCWD</tmp/kernel-audit2-v3r63b5w/\346\261\202\350\247\243\345\231\250>, "/usr/lib/libm.so.6", O_RDONLY|O_CLOEXEC) = 3</usr/lib/libm.so.6>
1423677 openat(AT_FDCWD</tmp/kernel-audit2-v3r63b5w/\346\261\202\350\247\243\345\231\250>, "/usr/lib/libbrotlicommon.so.1", O_RDONLY|O_CLOEXEC) = 3</usr/lib/libbrotlicommon.so.1.2.0>
1423677 openat(AT_FDCWD</tmp/kernel-audit2-v3r63b5w/\346\261\202\350\247\243\345\231\250>, "/usr/lib/locale/locale-archive", O_RDONLY|O_CLOEXEC) = 3</usr/lib/locale/locale-archive>
1423677 openat(AT_FDCWD</tmp/kernel-audit2-v3r63b5w/\346\261\202\350\247\243\345\231\250>, "/usr/share/locale/locale.alias", O_RDONLY|O_CLOEXEC) = 3</usr/share/locale/locale.alias>
1423677 openat(AT_FDCWD</tmp/kernel-audit2-v3r63b5w/\346\261\202\350\247\243\345\231\250>, "/usr/lib/locale/C.UTF-8/LC_IDENTIFICATION", O_RDONLY|O_CLOEXEC) = -1 ENOENT (No such file or directory)
1423677 openat(AT_FDCWD</tmp/kernel-audit2-v3r63b5w/\346\261\202\350\247\243\345\231\250>, "/usr/lib/locale/C.utf8/LC_IDENTIFICATION", O_RDONLY|O_CLOEXEC) = 3</usr/lib/locale/C.utf8/LC_IDENTIFICATION>
1423677 openat(AT_FDCWD</tmp/kernel-audit2-v3r63b5w/\346\261\202\350\247\243\345\231\250>, "/usr/lib/gconv/gconv-modules.cache", O_RDONLY|O_CLOEXEC) = 3</usr/lib/gconv/gconv-modules.cache>
1423677 openat(AT_FDCWD</tmp/kernel-audit2-v3r63b5w/\346\261\202\350\247\243\345\231\250>, "/usr/lib/locale/C.UTF-8/LC_MEASUREMENT", O_RDONLY|O_CLOEXEC) = -1 ENOENT (No such file or directory)
1423677 openat(AT_FDCWD</tmp/kernel-audit2-v3r63b5w/\346\261\202\350\247\243\345\231\250>, "/usr/lib/locale/C.utf8/LC_MEASUREMENT", O_RDONLY|O_CLOEXEC) = 3</usr/lib/locale/C.utf8/LC_MEASUREMENT>
1423677 openat(AT_FDCWD</tmp/kernel-audit2-v3r63b5w/\346\261\202\350\247\243\345\231\250>, "/usr/lib/locale/C.UTF-8/LC_TELEPHONE", O_RDONLY|O_CLOEXEC) = -1 ENOENT (No such file or directory)
1423677 openat(AT_FDCWD</tmp/kernel-audit2-v3r63b5w/\346\261\202\350\247\243\345\231\250>, "/usr/lib/locale/C.utf8/LC_TELEPHONE", O_RDONLY|O_CLOEXEC) = 3</usr/lib/locale/C.utf8/LC_TELEPHONE>
1423677 openat(AT_FDCWD</tmp/kernel-audit2-v3r63b5w/\346\261\202\350\247\243\345\231\250>, "/usr/lib/locale/C.UTF-8/LC_ADDRESS", O_RDONLY|O_CLOEXEC) = -1 ENOENT (No such file or directory)
1423677 openat(AT_FDCWD</tmp/kernel-audit2-v3r63b5w/\346\261\202\350\247\243\345\231\250>, "/usr/lib/locale/C.utf8/LC_ADDRESS", O_RDONLY|O_CLOEXEC) = 3</usr/lib/locale/C.utf8/LC_ADDRESS>
1423677 openat(AT_FDCWD</tmp/kernel-audit2-v3r63b5w/\346\261\202\350\247\243\345\231\250>, "/usr/lib/locale/C.UTF-8/LC_NAME", O_RDONLY|O_CLOEXEC) = -1 ENOENT (No such file or directory)
1423677 openat(AT_FDCWD</tmp/kernel-audit2-v3r63b5w/\346\261\202\350\247\243\345\231\250>, "/usr/lib/locale/C.utf8/LC_NAME", O_RDONLY|O_CLOEXEC) = 3</usr/lib/locale/C.utf8/LC_NAME>
1423677 openat(AT_FDCWD</tmp/kernel-audit2-v3r63b5w/\346\261\202\350\247\243\345\231\250>, "/usr/lib/locale/C.UTF-8/LC_PAPER", O_RDONLY|O_CLOEXEC) = -1 ENOENT (No such file or directory)
1423677 openat(AT_FDCWD</tmp/kernel-audit2-v3r63b5w/\346\261\202\350\247\243\345\231\250>, "/usr/lib/locale/C.utf8/LC_PAPER", O_RDONLY|O_CLOEXEC) = 3</usr/lib/locale/C.utf8/LC_PAPER>
1423677 openat(AT_FDCWD</tmp/kernel-audit2-v3r63b5w/\346\261\202\350\247\243\345\231\250>, "/usr/lib/locale/C.UTF-8/LC_MESSAGES", O_RDONLY|O_CLOEXEC) = -1 ENOENT (No such file or directory)
1423677 openat(AT_FDCWD</tmp/kernel-audit2-v3r63b5w/\346\261\202\350\247\243\345\231\250>, "/usr/lib/locale/C.utf8/LC_MESSAGES", O_RDONLY|O_CLOEXEC) = 3</usr/lib/locale/C.utf8/LC_MESSAGES>
1423677 openat(AT_FDCWD</tmp/kernel-audit2-v3r63b5w/\346\261\202\350\247\243\345\231\250>, "/usr/lib/locale/C.utf8/LC_MESSAGES/SYS_LC_MESSAGES", O_RDONLY|O_CLOEXEC) = 3</usr/lib/locale/C.utf8/LC_MESSAGES/SYS_LC_MESSAGES>
1423677 openat(AT_FDCWD</tmp/kernel-audit2-v3r63b5w/\346\261\202\350\247\243\345\231\250>, "/usr/lib/locale/C.UTF-8/LC_MONETARY", O_RDONLY|O_CLOEXEC) = -1 ENOENT (No such file or directory)
1423677 openat(AT_FDCWD</tmp/kernel-audit2-v3r63b5w/\346\261\202\350\247\243\345\231\250>, "/usr/lib/locale/C.utf8/LC_MONETARY", O_RDONLY|O_CLOEXEC) = 3</usr/lib/locale/C.utf8/LC_MONETARY>
1423677 openat(AT_FDCWD</tmp/kernel-audit2-v3r63b5w/\346\261\202\350\247\243\345\231\250>, "/usr/lib/locale/C.UTF-8/LC_COLLATE", O_RDONLY|O_CLOEXEC) = -1 ENOENT (No such file or directory)
1423677 openat(AT_FDCWD</tmp/kernel-audit2-v3r63b5w/\346\261\202\350\247\243\345\231\250>, "/usr/lib/locale/C.utf8/LC_COLLATE", O_RDONLY|O_CLOEXEC) = 3</usr/lib/locale/C.utf8/LC_COLLATE>
1423677 openat(AT_FDCWD</tmp/kernel-audit2-v3r63b5w/\346\261\202\350\247\243\345\231\250>, "/usr/lib/locale/C.UTF-8/LC_TIME", O_RDONLY|O_CLOEXEC) = -1 ENOENT (No such file or directory)
1423677 openat(AT_FDCWD</tmp/kernel-audit2-v3r63b5w/\346\261\202\350\247\243\345\231\250>, "/usr/lib/locale/C.utf8/LC_TIME", O_RDONLY|O_CLOEXEC) = 3</usr/lib/locale/C.utf8/LC_TIME>
1423677 openat(AT_FDCWD</tmp/kernel-audit2-v3r63b5w/\346\261\202\350\247\243\345\231\250>, "/usr/lib/locale/C.UTF-8/LC_NUMERIC", O_RDONLY|O_CLOEXEC) = -1 ENOENT (No such file or directory)
1423677 openat(AT_FDCWD</tmp/kernel-audit2-v3r63b5w/\346\261\202\350\247\243\345\231\250>, "/usr/lib/locale/C.utf8/LC_NUMERIC", O_RDONLY|O_CLOEXEC) = 3</usr/lib/locale/C.utf8/LC_NUMERIC>
1423677 openat(AT_FDCWD</tmp/kernel-audit2-v3r63b5w/\346\261\202\350\247\243\345\231\250>, "/usr/lib/locale/C.UTF-8/LC_CTYPE", O_RDONLY|O_CLOEXEC) = -1 ENOENT (No such file or directory)
1423677 openat(AT_FDCWD</tmp/kernel-audit2-v3r63b5w/\346\261\202\350\247\243\345\231\250>, "/usr/lib/locale/C.utf8/LC_CTYPE", O_RDONLY|O_CLOEXEC) = 3</usr/lib/locale/C.utf8/LC_CTYPE>
1423677 openat(AT_FDCWD</tmp/kernel-audit2-v3r63b5w/\346\261\202\350\247\243\345\231\250>, "/tmp/kernel-audit2-v3r63b5w/\346\261\202\350\247\243\345\231\250/crates/kernel/src/transition.rs", O_RDONLY) = 3</tmp/kernel-audit2-v3r63b5w/\346\261\202\350\247\243\345\231\250/crates/kernel/src/transition.rs>
1423646 --- SIGCHLD {si_signo=SIGCHLD, si_code=CLD_EXITED, si_pid=1423677, si_uid=1000, si_status=0, si_utime=0, si_stime=0} ---
1423646 openat(AT_FDCWD</tmp/kernel-audit2-v3r63b5w/\346\261\202\350\247\243\345\231\250>, "/dev/null", O_RDONLY|O_CLOEXEC) = 3</dev/null<char 1:3>>
1423678 execve("/home/zhuran24/.codex/tmp/arg0/codex-arg0DuAZRy/sha256sum", ["sha256sum", "--", "/tmp/kernel-audit2-v3r63b5w/\346\261\202\350\247\243\345\231\250/crates/kernel/src/output.rs"], 0x7ffd187fc5a8 /* 135 vars */) = -1 ENOENT (No such file or directory)
1423678 execve("/home/zhuran24/.cargo/bin/sha256sum", ["sha256sum", "--", "/tmp/kernel-audit2-v3r63b5w/\346\261\202\350\247\243\345\231\250/crates/kernel/src/output.rs"], 0x7ffd187fc5a8 /* 135 vars */) = -1 ENOENT (No such file or directory)
1423678 execve("/home/zhuran24/.local/bin/sha256sum", ["sha256sum", "--", "/tmp/kernel-audit2-v3r63b5w/\346\261\202\350\247\243\345\231\250/crates/kernel/src/output.rs"], 0x7ffd187fc5a8 /* 135 vars */) = -1 ENOENT (No such file or directory)
1423678 execve("/home/zhuran24/.opencode/bin/sha256sum", ["sha256sum", "--", "/tmp/kernel-audit2-v3r63b5w/\346\261\202\350\247\243\345\231\250/crates/kernel/src/output.rs"], 0x7ffd187fc5a8 /* 135 vars */) = -1 ENOENT (No such file or directory)
1423678 execve("/usr/local/bin/sha256sum", ["sha256sum", "--", "/tmp/kernel-audit2-v3r63b5w/\346\261\202\350\247\243\345\231\250/crates/kernel/src/output.rs"], 0x7ffd187fc5a8 /* 135 vars */) = -1 ENOENT (No such file or directory)
1423678 execve("/usr/bin/sha256sum", ["sha256sum", "--", "/tmp/kernel-audit2-v3r63b5w/\346\261\202\350\247\243\345\231\250/crates/kernel/src/output.rs"], 0x7ffd187fc5a8 /* 135 vars */) = 0
1423678 openat(AT_FDCWD</tmp/kernel-audit2-v3r63b5w/\346\261\202\350\247\243\345\231\250>, "/etc/ld.so.cache", O_RDONLY|O_CLOEXEC) = 3</etc/ld.so.cache>
1423678 openat(AT_FDCWD</tmp/kernel-audit2-v3r63b5w/\346\261\202\350\247\243\345\231\250>, "/usr/lib/libcrypto.so.3", O_RDONLY|O_CLOEXEC) = 3</usr/lib/libcrypto.so.3>
1423678 openat(AT_FDCWD</tmp/kernel-audit2-v3r63b5w/\346\261\202\350\247\243\345\231\250>, "/usr/lib/libc.so.6", O_RDONLY|O_CLOEXEC) = 3</usr/lib/libc.so.6>
1423678 openat(AT_FDCWD</tmp/kernel-audit2-v3r63b5w/\346\261\202\350\247\243\345\231\250>, "/usr/lib/libz.so.1", O_RDONLY|O_CLOEXEC) = 3</usr/lib/libz.so.1.3.1.zlib-ng>
1423678 openat(AT_FDCWD</tmp/kernel-audit2-v3r63b5w/\346\261\202\350\247\243\345\231\250>, "/usr/lib/libbrotlienc.so.1", O_RDONLY|O_CLOEXEC) = 3</usr/lib/libbrotlienc.so.1.2.0>
1423678 openat(AT_FDCWD</tmp/kernel-audit2-v3r63b5w/\346\261\202\350\247\243\345\231\250>, "/usr/lib/libbrotlidec.so.1", O_RDONLY|O_CLOEXEC) = 3</usr/lib/libbrotlidec.so.1.2.0>
1423678 openat(AT_FDCWD</tmp/kernel-audit2-v3r63b5w/\346\261\202\350\247\243\345\231\250>, "/usr/lib/libzstd.so.1", O_RDONLY|O_CLOEXEC) = 3</usr/lib/libzstd.so.1.5.7>
1423678 openat(AT_FDCWD</tmp/kernel-audit2-v3r63b5w/\346\261\202\350\247\243\345\231\250>, "/usr/lib/libm.so.6", O_RDONLY|O_CLOEXEC) = 3</usr/lib/libm.so.6>
1423678 openat(AT_FDCWD</tmp/kernel-audit2-v3r63b5w/\346\261\202\350\247\243\345\231\250>, "/usr/lib/libbrotlicommon.so.1", O_RDONLY|O_CLOEXEC) = 3</usr/lib/libbrotlicommon.so.1.2.0>
1423678 openat(AT_FDCWD</tmp/kernel-audit2-v3r63b5w/\346\261\202\350\247\243\345\231\250>, "/usr/lib/locale/locale-archive", O_RDONLY|O_CLOEXEC) = 3</usr/lib/locale/locale-archive>
1423678 openat(AT_FDCWD</tmp/kernel-audit2-v3r63b5w/\346\261\202\350\247\243\345\231\250>, "/usr/share/locale/locale.alias", O_RDONLY|O_CLOEXEC) = 3</usr/share/locale/locale.alias>
1423678 openat(AT_FDCWD</tmp/kernel-audit2-v3r63b5w/\346\261\202\350\247\243\345\231\250>, "/usr/lib/locale/C.UTF-8/LC_IDENTIFICATION", O_RDONLY|O_CLOEXEC) = -1 ENOENT (No such file or directory)
1423678 openat(AT_FDCWD</tmp/kernel-audit2-v3r63b5w/\346\261\202\350\247\243\345\231\250>, "/usr/lib/locale/C.utf8/LC_IDENTIFICATION", O_RDONLY|O_CLOEXEC) = 3</usr/lib/locale/C.utf8/LC_IDENTIFICATION>
1423678 openat(AT_FDCWD</tmp/kernel-audit2-v3r63b5w/\346\261\202\350\247\243\345\231\250>, "/usr/lib/gconv/gconv-modules.cache", O_RDONLY|O_CLOEXEC) = 3</usr/lib/gconv/gconv-modules.cache>
1423678 openat(AT_FDCWD</tmp/kernel-audit2-v3r63b5w/\346\261\202\350\247\243\345\231\250>, "/usr/lib/locale/C.UTF-8/LC_MEASUREMENT", O_RDONLY|O_CLOEXEC) = -1 ENOENT (No such file or directory)
1423678 openat(AT_FDCWD</tmp/kernel-audit2-v3r63b5w/\346\261\202\350\247\243\345\231\250>, "/usr/lib/locale/C.utf8/LC_MEASUREMENT", O_RDONLY|O_CLOEXEC) = 3</usr/lib/locale/C.utf8/LC_MEASUREMENT>
1423678 openat(AT_FDCWD</tmp/kernel-audit2-v3r63b5w/\346\261\202\350\247\243\345\231\250>, "/usr/lib/locale/C.UTF-8/LC_TELEPHONE", O_RDONLY|O_CLOEXEC) = -1 ENOENT (No such file or directory)
1423678 openat(AT_FDCWD</tmp/kernel-audit2-v3r63b5w/\346\261\202\350\247\243\345\231\250>, "/usr/lib/locale/C.utf8/LC_TELEPHONE", O_RDONLY|O_CLOEXEC) = 3</usr/lib/locale/C.utf8/LC_TELEPHONE>
1423678 openat(AT_FDCWD</tmp/kernel-audit2-v3r63b5w/\346\261\202\350\247\243\345\231\250>, "/usr/lib/locale/C.UTF-8/LC_ADDRESS", O_RDONLY|O_CLOEXEC) = -1 ENOENT (No such file or directory)
1423678 openat(AT_FDCWD</tmp/kernel-audit2-v3r63b5w/\346\261\202\350\247\243\345\231\250>, "/usr/lib/locale/C.utf8/LC_ADDRESS", O_RDONLY|O_CLOEXEC) = 3</usr/lib/locale/C.utf8/LC_ADDRESS>
1423678 openat(AT_FDCWD</tmp/kernel-audit2-v3r63b5w/\346\261\202\350\247\243\345\231\250>, "/usr/lib/locale/C.UTF-8/LC_NAME", O_RDONLY|O_CLOEXEC) = -1 ENOENT (No such file or directory)
1423678 openat(AT_FDCWD</tmp/kernel-audit2-v3r63b5w/\346\261\202\350\247\243\345\231\250>, "/usr/lib/locale/C.utf8/LC_NAME", O_RDONLY|O_CLOEXEC) = 3</usr/lib/locale/C.utf8/LC_NAME>
1423678 openat(AT_FDCWD</tmp/kernel-audit2-v3r63b5w/\346\261\202\350\247\243\345\231\250>, "/usr/lib/locale/C.UTF-8/LC_PAPER", O_RDONLY|O_CLOEXEC) = -1 ENOENT (No such file or directory)
1423678 openat(AT_FDCWD</tmp/kernel-audit2-v3r63b5w/\346\261\202\350\247\243\345\231\250>, "/usr/lib/locale/C.utf8/LC_PAPER", O_RDONLY|O_CLOEXEC) = 3</usr/lib/locale/C.utf8/LC_PAPER>
1423678 openat(AT_FDCWD</tmp/kernel-audit2-v3r63b5w/\346\261\202\350\247\243\345\231\250>, "/usr/lib/locale/C.UTF-8/LC_MESSAGES", O_RDONLY|O_CLOEXEC) = -1 ENOENT (No such file or directory)
1423678 openat(AT_FDCWD</tmp/kernel-audit2-v3r63b5w/\346\261\202\350\247\243\345\231\250>, "/usr/lib/locale/C.utf8/LC_MESSAGES", O_RDONLY|O_CLOEXEC) = 3</usr/lib/locale/C.utf8/LC_MESSAGES>
1423678 openat(AT_FDCWD</tmp/kernel-audit2-v3r63b5w/\346\261\202\350\247\243\345\231\250>, "/usr/lib/locale/C.utf8/LC_MESSAGES/SYS_LC_MESSAGES", O_RDONLY|O_CLOEXEC) = 3</usr/lib/locale/C.utf8/LC_MESSAGES/SYS_LC_MESSAGES>
1423678 openat(AT_FDCWD</tmp/kernel-audit2-v3r63b5w/\346\261\202\350\247\243\345\231\250>, "/usr/lib/locale/C.UTF-8/LC_MONETARY", O_RDONLY|O_CLOEXEC) = -1 ENOENT (No such file or directory)
1423678 openat(AT_FDCWD</tmp/kernel-audit2-v3r63b5w/\346\261\202\350\247\243\345\231\250>, "/usr/lib/locale/C.utf8/LC_MONETARY", O_RDONLY|O_CLOEXEC) = 3</usr/lib/locale/C.utf8/LC_MONETARY>
1423678 openat(AT_FDCWD</tmp/kernel-audit2-v3r63b5w/\346\261\202\350\247\243\345\231\250>, "/usr/lib/locale/C.UTF-8/LC_COLLATE", O_RDONLY|O_CLOEXEC) = -1 ENOENT (No such file or directory)
1423678 openat(AT_FDCWD</tmp/kernel-audit2-v3r63b5w/\346\261\202\350\247\243\345\231\250>, "/usr/lib/locale/C.utf8/LC_COLLATE", O_RDONLY|O_CLOEXEC) = 3</usr/lib/locale/C.utf8/LC_COLLATE>
1423678 openat(AT_FDCWD</tmp/kernel-audit2-v3r63b5w/\346\261\202\350\247\243\345\231\250>, "/usr/lib/locale/C.UTF-8/LC_TIME", O_RDONLY|O_CLOEXEC) = -1 ENOENT (No such file or directory)
1423678 openat(AT_FDCWD</tmp/kernel-audit2-v3r63b5w/\346\261\202\350\247\243\345\231\250>, "/usr/lib/locale/C.utf8/LC_TIME", O_RDONLY|O_CLOEXEC) = 3</usr/lib/locale/C.utf8/LC_TIME>
1423678 openat(AT_FDCWD</tmp/kernel-audit2-v3r63b5w/\346\261\202\350\247\243\345\231\250>, "/usr/lib/locale/C.UTF-8/LC_NUMERIC", O_RDONLY|O_CLOEXEC) = -1 ENOENT (No such file or directory)
1423678 openat(AT_FDCWD</tmp/kernel-audit2-v3r63b5w/\346\261\202\350\247\243\345\231\250>, "/usr/lib/locale/C.utf8/LC_NUMERIC", O_RDONLY|O_CLOEXEC) = 3</usr/lib/locale/C.utf8/LC_NUMERIC>
1423678 openat(AT_FDCWD</tmp/kernel-audit2-v3r63b5w/\346\261\202\350\247\243\345\231\250>, "/usr/lib/locale/C.UTF-8/LC_CTYPE", O_RDONLY|O_CLOEXEC) = -1 ENOENT (No such file or directory)
1423678 openat(AT_FDCWD</tmp/kernel-audit2-v3r63b5w/\346\261\202\350\247\243\345\231\250>, "/usr/lib/locale/C.utf8/LC_CTYPE", O_RDONLY|O_CLOEXEC) = 3</usr/lib/locale/C.utf8/LC_CTYPE>
1423678 openat(AT_FDCWD</tmp/kernel-audit2-v3r63b5w/\346\261\202\350\247\243\345\231\250>, "/tmp/kernel-audit2-v3r63b5w/\346\261\202\350\247\243\345\231\250/crates/kernel/src/output.rs", O_RDONLY) = 3</tmp/kernel-audit2-v3r63b5w/\346\261\202\350\247\243\345\231\250/crates/kernel/src/output.rs>
1423646 --- SIGCHLD {si_signo=SIGCHLD, si_code=CLD_EXITED, si_pid=1423678, si_uid=1000, si_status=0, si_utime=0, si_stime=0} ---
1423646 openat(AT_FDCWD</tmp/kernel-audit2-v3r63b5w/\346\261\202\350\247\243\345\231\250>, "/dev/null", O_RDONLY|O_CLOEXEC) = 3</dev/null<char 1:3>>
1423679 execve("/home/zhuran24/.codex/tmp/arg0/codex-arg0DuAZRy/sha256sum", ["sha256sum", "--", "/tmp/kernel-audit2-v3r63b5w/\346\261\202\350\247\243\345\231\250/crates/kernel/src/ledger.rs"], 0x7ffd187fc5a8 /* 135 vars */) = -1 ENOENT (No such file or directory)
1423679 execve("/home/zhuran24/.cargo/bin/sha256sum", ["sha256sum", "--", "/tmp/kernel-audit2-v3r63b5w/\346\261\202\350\247\243\345\231\250/crates/kernel/src/ledger.rs"], 0x7ffd187fc5a8 /* 135 vars */) = -1 ENOENT (No such file or directory)
1423679 execve("/home/zhuran24/.local/bin/sha256sum", ["sha256sum", "--", "/tmp/kernel-audit2-v3r63b5w/\346\261\202\350\247\243\345\231\250/crates/kernel/src/ledger.rs"], 0x7ffd187fc5a8 /* 135 vars */) = -1 ENOENT (No such file or directory)
1423679 execve("/home/zhuran24/.opencode/bin/sha256sum", ["sha256sum", "--", "/tmp/kernel-audit2-v3r63b5w/\346\261\202\350\247\243\345\231\250/crates/kernel/src/ledger.rs"], 0x7ffd187fc5a8 /* 135 vars */) = -1 ENOENT (No such file or directory)
1423679 execve("/usr/local/bin/sha256sum", ["sha256sum", "--", "/tmp/kernel-audit2-v3r63b5w/\346\261\202\350\247\243\345\231\250/crates/kernel/src/ledger.rs"], 0x7ffd187fc5a8 /* 135 vars */) = -1 ENOENT (No such file or directory)
1423679 execve("/usr/bin/sha256sum", ["sha256sum", "--", "/tmp/kernel-audit2-v3r63b5w/\346\261\202\350\247\243\345\231\250/crates/kernel/src/ledger.rs"], 0x7ffd187fc5a8 /* 135 vars */) = 0
1423679 openat(AT_FDCWD</tmp/kernel-audit2-v3r63b5w/\346\261\202\350\247\243\345\231\250>, "/etc/ld.so.cache", O_RDONLY|O_CLOEXEC) = 3</etc/ld.so.cache>
1423679 openat(AT_FDCWD</tmp/kernel-audit2-v3r63b5w/\346\261\202\350\247\243\345\231\250>, "/usr/lib/libcrypto.so.3", O_RDONLY|O_CLOEXEC) = 3</usr/lib/libcrypto.so.3>
1423679 openat(AT_FDCWD</tmp/kernel-audit2-v3r63b5w/\346\261\202\350\247\243\345\231\250>, "/usr/lib/libc.so.6", O_RDONLY|O_CLOEXEC) = 3</usr/lib/libc.so.6>
1423679 openat(AT_FDCWD</tmp/kernel-audit2-v3r63b5w/\346\261\202\350\247\243\345\231\250>, "/usr/lib/libz.so.1", O_RDONLY|O_CLOEXEC) = 3</usr/lib/libz.so.1.3.1.zlib-ng>
1423679 openat(AT_FDCWD</tmp/kernel-audit2-v3r63b5w/\346\261\202\350\247\243\345\231\250>, "/usr/lib/libbrotlienc.so.1", O_RDONLY|O_CLOEXEC) = 3</usr/lib/libbrotlienc.so.1.2.0>
1423679 openat(AT_FDCWD</tmp/kernel-audit2-v3r63b5w/\346\261\202\350\247\243\345\231\250>, "/usr/lib/libbrotlidec.so.1", O_RDONLY|O_CLOEXEC) = 3</usr/lib/libbrotlidec.so.1.2.0>
1423679 openat(AT_FDCWD</tmp/kernel-audit2-v3r63b5w/\346\261\202\350\247\243\345\231\250>, "/usr/lib/libzstd.so.1", O_RDONLY|O_CLOEXEC) = 3</usr/lib/libzstd.so.1.5.7>
1423679 openat(AT_FDCWD</tmp/kernel-audit2-v3r63b5w/\346\261\202\350\247\243\345\231\250>, "/usr/lib/libm.so.6", O_RDONLY|O_CLOEXEC) = 3</usr/lib/libm.so.6>
1423679 openat(AT_FDCWD</tmp/kernel-audit2-v3r63b5w/\346\261\202\350\247\243\345\231\250>, "/usr/lib/libbrotlicommon.so.1", O_RDONLY|O_CLOEXEC) = 3</usr/lib/libbrotlicommon.so.1.2.0>
1423679 openat(AT_FDCWD</tmp/kernel-audit2-v3r63b5w/\346\261\202\350\247\243\345\231\250>, "/usr/lib/locale/locale-archive", O_RDONLY|O_CLOEXEC) = 3</usr/lib/locale/locale-archive>
1423679 openat(AT_FDCWD</tmp/kernel-audit2-v3r63b5w/\346\261\202\350\247\243\345\231\250>, "/usr/share/locale/locale.alias", O_RDONLY|O_CLOEXEC) = 3</usr/share/locale/locale.alias>
1423679 openat(AT_FDCWD</tmp/kernel-audit2-v3r63b5w/\346\261\202\350\247\243\345\231\250>, "/usr/lib/locale/C.UTF-8/LC_IDENTIFICATION", O_RDONLY|O_CLOEXEC) = -1 ENOENT (No such file or directory)
1423679 openat(AT_FDCWD</tmp/kernel-audit2-v3r63b5w/\346\261\202\350\247\243\345\231\250>, "/usr/lib/locale/C.utf8/LC_IDENTIFICATION", O_RDONLY|O_CLOEXEC) = 3</usr/lib/locale/C.utf8/LC_IDENTIFICATION>
1423679 openat(AT_FDCWD</tmp/kernel-audit2-v3r63b5w/\346\261\202\350\247\243\345\231\250>, "/usr/lib/gconv/gconv-modules.cache", O_RDONLY|O_CLOEXEC) = 3</usr/lib/gconv/gconv-modules.cache>
1423679 openat(AT_FDCWD</tmp/kernel-audit2-v3r63b5w/\346\261\202\350\247\243\345\231\250>, "/usr/lib/locale/C.UTF-8/LC_MEASUREMENT", O_RDONLY|O_CLOEXEC) = -1 ENOENT (No such file or directory)
1423679 openat(AT_FDCWD</tmp/kernel-audit2-v3r63b5w/\346\261\202\350\247\243\345\231\250>, "/usr/lib/locale/C.utf8/LC_MEASUREMENT", O_RDONLY|O_CLOEXEC) = 3</usr/lib/locale/C.utf8/LC_MEASUREMENT>
1423679 openat(AT_FDCWD</tmp/kernel-audit2-v3r63b5w/\346\261\202\350\247\243\345\231\250>, "/usr/lib/locale/C.UTF-8/LC_TELEPHONE", O_RDONLY|O_CLOEXEC) = -1 ENOENT (No such file or directory)
1423679 openat(AT_FDCWD</tmp/kernel-audit2-v3r63b5w/\346\261\202\350\247\243\345\231\250>, "/usr/lib/locale/C.utf8/LC_TELEPHONE", O_RDONLY|O_CLOEXEC) = 3</usr/lib/locale/C.utf8/LC_TELEPHONE>
1423679 openat(AT_FDCWD</tmp/kernel-audit2-v3r63b5w/\346\261\202\350\247\243\345\231\250>, "/usr/lib/locale/C.UTF-8/LC_ADDRESS", O_RDONLY|O_CLOEXEC) = -1 ENOENT (No such file or directory)
1423679 openat(AT_FDCWD</tmp/kernel-audit2-v3r63b5w/\346\261\202\350\247\243\345\231\250>, "/usr/lib/locale/C.utf8/LC_ADDRESS", O_RDONLY|O_CLOEXEC) = 3</usr/lib/locale/C.utf8/LC_ADDRESS>
1423679 openat(AT_FDCWD</tmp/kernel-audit2-v3r63b5w/\346\261\202\350\247\243\345\231\250>, "/usr/lib/locale/C.UTF-8/LC_NAME", O_RDONLY|O_CLOEXEC) = -1 ENOENT (No such file or directory)
1423679 openat(AT_FDCWD</tmp/kernel-audit2-v3r63b5w/\346\261\202\350\247\243\345\231\250>, "/usr/lib/locale/C.utf8/LC_NAME", O_RDONLY|O_CLOEXEC) = 3</usr/lib/locale/C.utf8/LC_NAME>
1423679 openat(AT_FDCWD</tmp/kernel-audit2-v3r63b5w/\346\261\202\350\247\243\345\231\250>, "/usr/lib/locale/C.UTF-8/LC_PAPER", O_RDONLY|O_CLOEXEC) = -1 ENOENT (No such file or directory)
1423679 openat(AT_FDCWD</tmp/kernel-audit2-v3r63b5w/\346\261\202\350\247\243\345\231\250>, "/usr/lib/locale/C.utf8/LC_PAPER", O_RDONLY|O_CLOEXEC) = 3</usr/lib/locale/C.utf8/LC_PAPER>
1423679 openat(AT_FDCWD</tmp/kernel-audit2-v3r63b5w/\346\261\202\350\247\243\345\231\250>, "/usr/lib/locale/C.UTF-8/LC_MESSAGES", O_RDONLY|O_CLOEXEC) = -1 ENOENT (No such file or directory)
1423679 openat(AT_FDCWD</tmp/kernel-audit2-v3r63b5w/\346\261\202\350\247\243\345\231\250>, "/usr/lib/locale/C.utf8/LC_MESSAGES", O_RDONLY|O_CLOEXEC) = 3</usr/lib/locale/C.utf8/LC_MESSAGES>
1423679 openat(AT_FDCWD</tmp/kernel-audit2-v3r63b5w/\346\261\202\350\247\243\345\231\250>, "/usr/lib/locale/C.utf8/LC_MESSAGES/SYS_LC_MESSAGES", O_RDONLY|O_CLOEXEC) = 3</usr/lib/locale/C.utf8/LC_MESSAGES/SYS_LC_MESSAGES>
1423679 openat(AT_FDCWD</tmp/kernel-audit2-v3r63b5w/\346\261\202\350\247\243\345\231\250>, "/usr/lib/locale/C.UTF-8/LC_MONETARY", O_RDONLY|O_CLOEXEC) = -1 ENOENT (No such file or directory)
1423679 openat(AT_FDCWD</tmp/kernel-audit2-v3r63b5w/\346\261\202\350\247\243\345\231\250>, "/usr/lib/locale/C.utf8/LC_MONETARY", O_RDONLY|O_CLOEXEC) = 3</usr/lib/locale/C.utf8/LC_MONETARY>
1423679 openat(AT_FDCWD</tmp/kernel-audit2-v3r63b5w/\346\261\202\350\247\243\345\231\250>, "/usr/lib/locale/C.UTF-8/LC_COLLATE", O_RDONLY|O_CLOEXEC) = -1 ENOENT (No such file or directory)
1423679 openat(AT_FDCWD</tmp/kernel-audit2-v3r63b5w/\346\261\202\350\247\243\345\231\250>, "/usr/lib/locale/C.utf8/LC_COLLATE", O_RDONLY|O_CLOEXEC) = 3</usr/lib/locale/C.utf8/LC_COLLATE>
1423679 openat(AT_FDCWD</tmp/kernel-audit2-v3r63b5w/\346\261\202\350\247\243\345\231\250>, "/usr/lib/locale/C.UTF-8/LC_TIME", O_RDONLY|O_CLOEXEC) = -1 ENOENT (No such file or directory)
1423679 openat(AT_FDCWD</tmp/kernel-audit2-v3r63b5w/\346\261\202\350\247\243\345\231\250>, "/usr/lib/locale/C.utf8/LC_TIME", O_RDONLY|O_CLOEXEC) = 3</usr/lib/locale/C.utf8/LC_TIME>
1423679 openat(AT_FDCWD</tmp/kernel-audit2-v3r63b5w/\346\261\202\350\247\243\345\231\250>, "/usr/lib/locale/C.UTF-8/LC_NUMERIC", O_RDONLY|O_CLOEXEC) = -1 ENOENT (No such file or directory)
1423679 openat(AT_FDCWD</tmp/kernel-audit2-v3r63b5w/\346\261\202\350\247\243\345\231\250>, "/usr/lib/locale/C.utf8/LC_NUMERIC", O_RDONLY|O_CLOEXEC) = 3</usr/lib/locale/C.utf8/LC_NUMERIC>
1423679 openat(AT_FDCWD</tmp/kernel-audit2-v3r63b5w/\346\261\202\350\247\243\345\231\250>, "/usr/lib/locale/C.UTF-8/LC_CTYPE", O_RDONLY|O_CLOEXEC) = -1 ENOENT (No such file or directory)
1423679 openat(AT_FDCWD</tmp/kernel-audit2-v3r63b5w/\346\261\202\350\247\243\345\231\250>, "/usr/lib/locale/C.utf8/LC_CTYPE", O_RDONLY|O_CLOEXEC) = 3</usr/lib/locale/C.utf8/LC_CTYPE>
1423679 openat(AT_FDCWD</tmp/kernel-audit2-v3r63b5w/\346\261\202\350\247\243\345\231\250>, "/tmp/kernel-audit2-v3r63b5w/\346\261\202\350\247\243\345\231\250/crates/kernel/src/ledger.rs", O_RDONLY) = 3</tmp/kernel-audit2-v3r63b5w/\346\261\202\350\247\243\345\231\250/crates/kernel/src/ledger.rs>
1423646 --- SIGCHLD {si_signo=SIGCHLD, si_code=CLD_EXITED, si_pid=1423679, si_uid=1000, si_status=0, si_utime=0, si_stime=0} ---
1423646 openat(AT_FDCWD</tmp/kernel-audit2-v3r63b5w/\346\261\202\350\247\243\345\231\250>, "/dev/null", O_RDONLY|O_CLOEXEC) = 3</dev/null<char 1:3>>
1423680 execve("/home/zhuran24/.codex/tmp/arg0/codex-arg0DuAZRy/sha256sum", ["sha256sum", "--", "/tmp/kernel-audit2-v3r63b5w/\346\261\202\350\247\243\345\231\250/crates/kernel/src/cycle.rs"], 0x7ffd187fc5a8 /* 135 vars */) = -1 ENOENT (No such file or directory)
1423680 execve("/home/zhuran24/.cargo/bin/sha256sum", ["sha256sum", "--", "/tmp/kernel-audit2-v3r63b5w/\346\261\202\350\247\243\345\231\250/crates/kernel/src/cycle.rs"], 0x7ffd187fc5a8 /* 135 vars */) = -1 ENOENT (No such file or directory)
1423680 execve("/home/zhuran24/.local/bin/sha256sum", ["sha256sum", "--", "/tmp/kernel-audit2-v3r63b5w/\346\261\202\350\247\243\345\231\250/crates/kernel/src/cycle.rs"], 0x7ffd187fc5a8 /* 135 vars */) = -1 ENOENT (No such file or directory)
1423680 execve("/home/zhuran24/.opencode/bin/sha256sum", ["sha256sum", "--", "/tmp/kernel-audit2-v3r63b5w/\346\261\202\350\247\243\345\231\250/crates/kernel/src/cycle.rs"], 0x7ffd187fc5a8 /* 135 vars */) = -1 ENOENT (No such file or directory)
1423680 execve("/usr/local/bin/sha256sum", ["sha256sum", "--", "/tmp/kernel-audit2-v3r63b5w/\346\261\202\350\247\243\345\231\250/crates/kernel/src/cycle.rs"], 0x7ffd187fc5a8 /* 135 vars */) = -1 ENOENT (No such file or directory)
1423680 execve("/usr/bin/sha256sum", ["sha256sum", "--", "/tmp/kernel-audit2-v3r63b5w/\346\261\202\350\247\243\345\231\250/crates/kernel/src/cycle.rs"], 0x7ffd187fc5a8 /* 135 vars */) = 0
1423680 openat(AT_FDCWD</tmp/kernel-audit2-v3r63b5w/\346\261\202\350\247\243\345\231\250>, "/etc/ld.so.cache", O_RDONLY|O_CLOEXEC) = 3</etc/ld.so.cache>
1423680 openat(AT_FDCWD</tmp/kernel-audit2-v3r63b5w/\346\261\202\350\247\243\345\231\250>, "/usr/lib/libcrypto.so.3", O_RDONLY|O_CLOEXEC) = 3</usr/lib/libcrypto.so.3>
1423680 openat(AT_FDCWD</tmp/kernel-audit2-v3r63b5w/\346\261\202\350\247\243\345\231\250>, "/usr/lib/libc.so.6", O_RDONLY|O_CLOEXEC) = 3</usr/lib/libc.so.6>
1423680 openat(AT_FDCWD</tmp/kernel-audit2-v3r63b5w/\346\261\202\350\247\243\345\231\250>, "/usr/lib/libz.so.1", O_RDONLY|O_CLOEXEC) = 3</usr/lib/libz.so.1.3.1.zlib-ng>
1423680 openat(AT_FDCWD</tmp/kernel-audit2-v3r63b5w/\346\261\202\350\247\243\345\231\250>, "/usr/lib/libbrotlienc.so.1", O_RDONLY|O_CLOEXEC) = 3</usr/lib/libbrotlienc.so.1.2.0>
1423680 openat(AT_FDCWD</tmp/kernel-audit2-v3r63b5w/\346\261\202\350\247\243\345\231\250>, "/usr/lib/libbrotlidec.so.1", O_RDONLY|O_CLOEXEC) = 3</usr/lib/libbrotlidec.so.1.2.0>
1423680 openat(AT_FDCWD</tmp/kernel-audit2-v3r63b5w/\346\261\202\350\247\243\345\231\250>, "/usr/lib/libzstd.so.1", O_RDONLY|O_CLOEXEC) = 3</usr/lib/libzstd.so.1.5.7>
1423680 openat(AT_FDCWD</tmp/kernel-audit2-v3r63b5w/\346\261\202\350\247\243\345\231\250>, "/usr/lib/libm.so.6", O_RDONLY|O_CLOEXEC) = 3</usr/lib/libm.so.6>
1423680 openat(AT_FDCWD</tmp/kernel-audit2-v3r63b5w/\346\261\202\350\247\243\345\231\250>, "/usr/lib/libbrotlicommon.so.1", O_RDONLY|O_CLOEXEC) = 3</usr/lib/libbrotlicommon.so.1.2.0>
1423680 openat(AT_FDCWD</tmp/kernel-audit2-v3r63b5w/\346\261\202\350\247\243\345\231\250>, "/usr/lib/locale/locale-archive", O_RDONLY|O_CLOEXEC) = 3</usr/lib/locale/locale-archive>
1423680 openat(AT_FDCWD</tmp/kernel-audit2-v3r63b5w/\346\261\202\350\247\243\345\231\250>, "/usr/share/locale/locale.alias", O_RDONLY|O_CLOEXEC) = 3</usr/share/locale/locale.alias>
1423680 openat(AT_FDCWD</tmp/kernel-audit2-v3r63b5w/\346\261\202\350\247\243\345\231\250>, "/usr/lib/locale/C.UTF-8/LC_IDENTIFICATION", O_RDONLY|O_CLOEXEC) = -1 ENOENT (No such file or directory)
1423680 openat(AT_FDCWD</tmp/kernel-audit2-v3r63b5w/\346\261\202\350\247\243\345\231\250>, "/usr/lib/locale/C.utf8/LC_IDENTIFICATION", O_RDONLY|O_CLOEXEC) = 3</usr/lib/locale/C.utf8/LC_IDENTIFICATION>
1423680 openat(AT_FDCWD</tmp/kernel-audit2-v3r63b5w/\346\261\202\350\247\243\345\231\250>, "/usr/lib/gconv/gconv-modules.cache", O_RDONLY|O_CLOEXEC) = 3</usr/lib/gconv/gconv-modules.cache>
1423680 openat(AT_FDCWD</tmp/kernel-audit2-v3r63b5w/\346\261\202\350\247\243\345\231\250>, "/usr/lib/locale/C.UTF-8/LC_MEASUREMENT", O_RDONLY|O_CLOEXEC) = -1 ENOENT (No such file or directory)
1423680 openat(AT_FDCWD</tmp/kernel-audit2-v3r63b5w/\346\261\202\350\247\243\345\231\250>, "/usr/lib/locale/C.utf8/LC_MEASUREMENT", O_RDONLY|O_CLOEXEC) = 3</usr/lib/locale/C.utf8/LC_MEASUREMENT>
1423680 openat(AT_FDCWD</tmp/kernel-audit2-v3r63b5w/\346\261\202\350\247\243\345\231\250>, "/usr/lib/locale/C.UTF-8/LC_TELEPHONE", O_RDONLY|O_CLOEXEC) = -1 ENOENT (No such file or directory)
1423680 openat(AT_FDCWD</tmp/kernel-audit2-v3r63b5w/\346\261\202\350\247\243\345\231\250>, "/usr/lib/locale/C.utf8/LC_TELEPHONE", O_RDONLY|O_CLOEXEC) = 3</usr/lib/locale/C.utf8/LC_TELEPHONE>
1423680 openat(AT_FDCWD</tmp/kernel-audit2-v3r63b5w/\346\261\202\350\247\243\345\231\250>, "/usr/lib/locale/C.UTF-8/LC_ADDRESS", O_RDONLY|O_CLOEXEC) = -1 ENOENT (No such file or directory)
1423680 openat(AT_FDCWD</tmp/kernel-audit2-v3r63b5w/\346\261\202\350\247\243\345\231\250>, "/usr/lib/locale/C.utf8/LC_ADDRESS", O_RDONLY|O_CLOEXEC) = 3</usr/lib/locale/C.utf8/LC_ADDRESS>
1423680 openat(AT_FDCWD</tmp/kernel-audit2-v3r63b5w/\346\261\202\350\247\243\345\231\250>, "/usr/lib/locale/C.UTF-8/LC_NAME", O_RDONLY|O_CLOEXEC) = -1 ENOENT (No such file or directory)
1423680 openat(AT_FDCWD</tmp/kernel-audit2-v3r63b5w/\346\261\202\350\247\243\345\231\250>, "/usr/lib/locale/C.utf8/LC_NAME", O_RDONLY|O_CLOEXEC) = 3</usr/lib/locale/C.utf8/LC_NAME>
1423680 openat(AT_FDCWD</tmp/kernel-audit2-v3r63b5w/\346\261\202\350\247\243\345\231\250>, "/usr/lib/locale/C.UTF-8/LC_PAPER", O_RDONLY|O_CLOEXEC) = -1 ENOENT (No such file or directory)
1423680 openat(AT_FDCWD</tmp/kernel-audit2-v3r63b5w/\346\261\202\350\247\243\345\231\250>, "/usr/lib/locale/C.utf8/LC_PAPER", O_RDONLY|O_CLOEXEC) = 3</usr/lib/locale/C.utf8/LC_PAPER>
1423680 openat(AT_FDCWD</tmp/kernel-audit2-v3r63b5w/\346\261\202\350\247\243\345\231\250>, "/usr/lib/locale/C.UTF-8/LC_MESSAGES", O_RDONLY|O_CLOEXEC) = -1 ENOENT (No such file or directory)
1423680 openat(AT_FDCWD</tmp/kernel-audit2-v3r63b5w/\346\261\202\350\247\243\345\231\250>, "/usr/lib/locale/C.utf8/LC_MESSAGES", O_RDONLY|O_CLOEXEC) = 3</usr/lib/locale/C.utf8/LC_MESSAGES>
1423680 openat(AT_FDCWD</tmp/kernel-audit2-v3r63b5w/\346\261\202\350\247\243\345\231\250>, "/usr/lib/locale/C.utf8/LC_MESSAGES/SYS_LC_MESSAGES", O_RDONLY|O_CLOEXEC) = 3</usr/lib/locale/C.utf8/LC_MESSAGES/SYS_LC_MESSAGES>
1423680 openat(AT_FDCWD</tmp/kernel-audit2-v3r63b5w/\346\261\202\350\247\243\345\231\250>, "/usr/lib/locale/C.UTF-8/LC_MONETARY", O_RDONLY|O_CLOEXEC) = -1 ENOENT (No such file or directory)
1423680 openat(AT_FDCWD</tmp/kernel-audit2-v3r63b5w/\346\261\202\350\247\243\345\231\250>, "/usr/lib/locale/C.utf8/LC_MONETARY", O_RDONLY|O_CLOEXEC) = 3</usr/lib/locale/C.utf8/LC_MONETARY>
1423680 openat(AT_FDCWD</tmp/kernel-audit2-v3r63b5w/\346\261\202\350\247\243\345\231\250>, "/usr/lib/locale/C.UTF-8/LC_COLLATE", O_RDONLY|O_CLOEXEC) = -1 ENOENT (No such file or directory)
1423680 openat(AT_FDCWD</tmp/kernel-audit2-v3r63b5w/\346\261\202\350\247\243\345\231\250>, "/usr/lib/locale/C.utf8/LC_COLLATE", O_RDONLY|O_CLOEXEC) = 3</usr/lib/locale/C.utf8/LC_COLLATE>
1423680 openat(AT_FDCWD</tmp/kernel-audit2-v3r63b5w/\346\261\202\350\247\243\345\231\250>, "/usr/lib/locale/C.UTF-8/LC_TIME", O_RDONLY|O_CLOEXEC) = -1 ENOENT (No such file or directory)
1423680 openat(AT_FDCWD</tmp/kernel-audit2-v3r63b5w/\346\261\202\350\247\243\345\231\250>, "/usr/lib/locale/C.utf8/LC_TIME", O_RDONLY|O_CLOEXEC) = 3</usr/lib/locale/C.utf8/LC_TIME>
1423680 openat(AT_FDCWD</tmp/kernel-audit2-v3r63b5w/\346\261\202\350\247\243\345\231\250>, "/usr/lib/locale/C.UTF-8/LC_NUMERIC", O_RDONLY|O_CLOEXEC) = -1 ENOENT (No such file or directory)
1423680 openat(AT_FDCWD</tmp/kernel-audit2-v3r63b5w/\346\261\202\350\247\243\345\231\250>, "/usr/lib/locale/C.utf8/LC_NUMERIC", O_RDONLY|O_CLOEXEC) = 3</usr/lib/locale/C.utf8/LC_NUMERIC>
1423680 openat(AT_FDCWD</tmp/kernel-audit2-v3r63b5w/\346\261\202\350\247\243\345\231\250>, "/usr/lib/locale/C.UTF-8/LC_CTYPE", O_RDONLY|O_CLOEXEC) = -1 ENOENT (No such file or directory)
1423680 openat(AT_FDCWD</tmp/kernel-audit2-v3r63b5w/\346\261\202\350\247\243\345\231\250>, "/usr/lib/locale/C.utf8/LC_CTYPE", O_RDONLY|O_CLOEXEC) = 3</usr/lib/locale/C.utf8/LC_CTYPE>
1423680 openat(AT_FDCWD</tmp/kernel-audit2-v3r63b5w/\346\261\202\350\247\243\345\231\250>, "/tmp/kernel-audit2-v3r63b5w/\346\261\202\350\247\243\345\231\250/crates/kernel/src/cycle.rs", O_RDONLY) = 3</tmp/kernel-audit2-v3r63b5w/\346\261\202\350\247\243\345\231\250/crates/kernel/src/cycle.rs>
1423646 --- SIGCHLD {si_signo=SIGCHLD, si_code=CLD_EXITED, si_pid=1423680, si_uid=1000, si_status=0, si_utime=0, si_stime=0} ---
1423646 openat(AT_FDCWD</tmp/kernel-audit2-v3r63b5w/\346\261\202\350\247\243\345\231\250>, "/dev/null", O_RDONLY|O_CLOEXEC) = 3</dev/null<char 1:3>>
1423681 execve("/home/zhuran24/.codex/tmp/arg0/codex-arg0DuAZRy/sha256sum", ["sha256sum", "--", "/tmp/kernel-audit2-v3r63b5w/\346\261\202\350\247\243\345\231\250/crates/kernel/src/cycle_io.rs"], 0x7ffd187fc5a8 /* 135 vars */) = -1 ENOENT (No such file or directory)
1423681 execve("/home/zhuran24/.cargo/bin/sha256sum", ["sha256sum", "--", "/tmp/kernel-audit2-v3r63b5w/\346\261\202\350\247\243\345\231\250/crates/kernel/src/cycle_io.rs"], 0x7ffd187fc5a8 /* 135 vars */) = -1 ENOENT (No such file or directory)
1423681 execve("/home/zhuran24/.local/bin/sha256sum", ["sha256sum", "--", "/tmp/kernel-audit2-v3r63b5w/\346\261\202\350\247\243\345\231\250/crates/kernel/src/cycle_io.rs"], 0x7ffd187fc5a8 /* 135 vars */) = -1 ENOENT (No such file or directory)
1423681 execve("/home/zhuran24/.opencode/bin/sha256sum", ["sha256sum", "--", "/tmp/kernel-audit2-v3r63b5w/\346\261\202\350\247\243\345\231\250/crates/kernel/src/cycle_io.rs"], 0x7ffd187fc5a8 /* 135 vars */) = -1 ENOENT (No such file or directory)
1423681 execve("/usr/local/bin/sha256sum", ["sha256sum", "--", "/tmp/kernel-audit2-v3r63b5w/\346\261\202\350\247\243\345\231\250/crates/kernel/src/cycle_io.rs"], 0x7ffd187fc5a8 /* 135 vars */) = -1 ENOENT (No such file or directory)
1423681 execve("/usr/bin/sha256sum", ["sha256sum", "--", "/tmp/kernel-audit2-v3r63b5w/\346\261\202\350\247\243\345\231\250/crates/kernel/src/cycle_io.rs"], 0x7ffd187fc5a8 /* 135 vars */) = 0
1423681 openat(AT_FDCWD</tmp/kernel-audit2-v3r63b5w/\346\261\202\350\247\243\345\231\250>, "/etc/ld.so.cache", O_RDONLY|O_CLOEXEC) = 3</etc/ld.so.cache>
1423681 openat(AT_FDCWD</tmp/kernel-audit2-v3r63b5w/\346\261\202\350\247\243\345\231\250>, "/usr/lib/libcrypto.so.3", O_RDONLY|O_CLOEXEC) = 3</usr/lib/libcrypto.so.3>
1423681 openat(AT_FDCWD</tmp/kernel-audit2-v3r63b5w/\346\261\202\350\247\243\345\231\250>, "/usr/lib/libc.so.6", O_RDONLY|O_CLOEXEC) = 3</usr/lib/libc.so.6>
1423681 openat(AT_FDCWD</tmp/kernel-audit2-v3r63b5w/\346\261\202\350\247\243\345\231\250>, "/usr/lib/libz.so.1", O_RDONLY|O_CLOEXEC) = 3</usr/lib/libz.so.1.3.1.zlib-ng>
1423681 openat(AT_FDCWD</tmp/kernel-audit2-v3r63b5w/\346\261\202\350\247\243\345\231\250>, "/usr/lib/libbrotlienc.so.1", O_RDONLY|O_CLOEXEC) = 3</usr/lib/libbrotlienc.so.1.2.0>
1423681 openat(AT_FDCWD</tmp/kernel-audit2-v3r63b5w/\346\261\202\350\247\243\345\231\250>, "/usr/lib/libbrotlidec.so.1", O_RDONLY|O_CLOEXEC) = 3</usr/lib/libbrotlidec.so.1.2.0>
1423681 openat(AT_FDCWD</tmp/kernel-audit2-v3r63b5w/\346\261\202\350\247\243\345\231\250>, "/usr/lib/libzstd.so.1", O_RDONLY|O_CLOEXEC) = 3</usr/lib/libzstd.so.1.5.7>
1423681 openat(AT_FDCWD</tmp/kernel-audit2-v3r63b5w/\346\261\202\350\247\243\345\231\250>, "/usr/lib/libm.so.6", O_RDONLY|O_CLOEXEC) = 3</usr/lib/libm.so.6>
1423681 openat(AT_FDCWD</tmp/kernel-audit2-v3r63b5w/\346\261\202\350\247\243\345\231\250>, "/usr/lib/libbrotlicommon.so.1", O_RDONLY|O_CLOEXEC) = 3</usr/lib/libbrotlicommon.so.1.2.0>
1423681 openat(AT_FDCWD</tmp/kernel-audit2-v3r63b5w/\346\261\202\350\247\243\345\231\250>, "/usr/lib/locale/locale-archive", O_RDONLY|O_CLOEXEC) = 3</usr/lib/locale/locale-archive>
1423681 openat(AT_FDCWD</tmp/kernel-audit2-v3r63b5w/\346\261\202\350\247\243\345\231\250>, "/usr/share/locale/locale.alias", O_RDONLY|O_CLOEXEC) = 3</usr/share/locale/locale.alias>
1423681 openat(AT_FDCWD</tmp/kernel-audit2-v3r63b5w/\346\261\202\350\247\243\345\231\250>, "/usr/lib/locale/C.UTF-8/LC_IDENTIFICATION", O_RDONLY|O_CLOEXEC) = -1 ENOENT (No such file or directory)
1423681 openat(AT_FDCWD</tmp/kernel-audit2-v3r63b5w/\346\261\202\350\247\243\345\231\250>, "/usr/lib/locale/C.utf8/LC_IDENTIFICATION", O_RDONLY|O_CLOEXEC) = 3</usr/lib/locale/C.utf8/LC_IDENTIFICATION>
1423681 openat(AT_FDCWD</tmp/kernel-audit2-v3r63b5w/\346\261\202\350\247\243\345\231\250>, "/usr/lib/gconv/gconv-modules.cache", O_RDONLY|O_CLOEXEC) = 3</usr/lib/gconv/gconv-modules.cache>
1423681 openat(AT_FDCWD</tmp/kernel-audit2-v3r63b5w/\346\261\202\350\247\243\345\231\250>, "/usr/lib/locale/C.UTF-8/LC_MEASUREMENT", O_RDONLY|O_CLOEXEC) = -1 ENOENT (No such file or directory)
1423681 openat(AT_FDCWD</tmp/kernel-audit2-v3r63b5w/\346\261\202\350\247\243\345\231\250>, "/usr/lib/locale/C.utf8/LC_MEASUREMENT", O_RDONLY|O_CLOEXEC) = 3</usr/lib/locale/C.utf8/LC_MEASUREMENT>
1423681 openat(AT_FDCWD</tmp/kernel-audit2-v3r63b5w/\346\261\202\350\247\243\345\231\250>, "/usr/lib/locale/C.UTF-8/LC_TELEPHONE", O_RDONLY|O_CLOEXEC) = -1 ENOENT (No such file or directory)
1423681 openat(AT_FDCWD</tmp/kernel-audit2-v3r63b5w/\346\261\202\350\247\243\345\231\250>, "/usr/lib/locale/C.utf8/LC_TELEPHONE", O_RDONLY|O_CLOEXEC) = 3</usr/lib/locale/C.utf8/LC_TELEPHONE>
1423681 openat(AT_FDCWD</tmp/kernel-audit2-v3r63b5w/\346\261\202\350\247\243\345\231\250>, "/usr/lib/locale/C.UTF-8/LC_ADDRESS", O_RDONLY|O_CLOEXEC) = -1 ENOENT (No such file or directory)
1423681 openat(AT_FDCWD</tmp/kernel-audit2-v3r63b5w/\346\261\202\350\247\243\345\231\250>, "/usr/lib/locale/C.utf8/LC_ADDRESS", O_RDONLY|O_CLOEXEC) = 3</usr/lib/locale/C.utf8/LC_ADDRESS>
1423681 openat(AT_FDCWD</tmp/kernel-audit2-v3r63b5w/\346\261\202\350\247\243\345\231\250>, "/usr/lib/locale/C.UTF-8/LC_NAME", O_RDONLY|O_CLOEXEC) = -1 ENOENT (No such file or directory)
1423681 openat(AT_FDCWD</tmp/kernel-audit2-v3r63b5w/\346\261\202\350\247\243\345\231\250>, "/usr/lib/locale/C.utf8/LC_NAME", O_RDONLY|O_CLOEXEC) = 3</usr/lib/locale/C.utf8/LC_NAME>
1423681 openat(AT_FDCWD</tmp/kernel-audit2-v3r63b5w/\346\261\202\350\247\243\345\231\250>, "/usr/lib/locale/C.UTF-8/LC_PAPER", O_RDONLY|O_CLOEXEC) = -1 ENOENT (No such file or directory)
1423681 openat(AT_FDCWD</tmp/kernel-audit2-v3r63b5w/\346\261\202\350\247\243\345\231\250>, "/usr/lib/locale/C.utf8/LC_PAPER", O_RDONLY|O_CLOEXEC) = 3</usr/lib/locale/C.utf8/LC_PAPER>
1423681 openat(AT_FDCWD</tmp/kernel-audit2-v3r63b5w/\346\261\202\350\247\243\345\231\250>, "/usr/lib/locale/C.UTF-8/LC_MESSAGES", O_RDONLY|O_CLOEXEC) = -1 ENOENT (No such file or directory)
1423681 openat(AT_FDCWD</tmp/kernel-audit2-v3r63b5w/\346\261\202\350\247\243\345\231\250>, "/usr/lib/locale/C.utf8/LC_MESSAGES", O_RDONLY|O_CLOEXEC) = 3</usr/lib/locale/C.utf8/LC_MESSAGES>
1423681 openat(AT_FDCWD</tmp/kernel-audit2-v3r63b5w/\346\261\202\350\247\243\345\231\250>, "/usr/lib/locale/C.utf8/LC_MESSAGES/SYS_LC_MESSAGES", O_RDONLY|O_CLOEXEC) = 3</usr/lib/locale/C.utf8/LC_MESSAGES/SYS_LC_MESSAGES>
1423681 openat(AT_FDCWD</tmp/kernel-audit2-v3r63b5w/\346\261\202\350\247\243\345\231\250>, "/usr/lib/locale/C.UTF-8/LC_MONETARY", O_RDONLY|O_CLOEXEC) = -1 ENOENT (No such file or directory)
1423681 openat(AT_FDCWD</tmp/kernel-audit2-v3r63b5w/\346\261\202\350\247\243\345\231\250>, "/usr/lib/locale/C.utf8/LC_MONETARY", O_RDONLY|O_CLOEXEC) = 3</usr/lib/locale/C.utf8/LC_MONETARY>
1423681 openat(AT_FDCWD</tmp/kernel-audit2-v3r63b5w/\346\261\202\350\247\243\345\231\250>, "/usr/lib/locale/C.UTF-8/LC_COLLATE", O_RDONLY|O_CLOEXEC) = -1 ENOENT (No such file or directory)
1423681 openat(AT_FDCWD</tmp/kernel-audit2-v3r63b5w/\346\261\202\350\247\243\345\231\250>, "/usr/lib/locale/C.utf8/LC_COLLATE", O_RDONLY|O_CLOEXEC) = 3</usr/lib/locale/C.utf8/LC_COLLATE>
1423681 openat(AT_FDCWD</tmp/kernel-audit2-v3r63b5w/\346\261\202\350\247\243\345\231\250>, "/usr/lib/locale/C.UTF-8/LC_TIME", O_RDONLY|O_CLOEXEC) = -1 ENOENT (No such file or directory)
1423681 openat(AT_FDCWD</tmp/kernel-audit2-v3r63b5w/\346\261\202\350\247\243\345\231\250>, "/usr/lib/locale/C.utf8/LC_TIME", O_RDONLY|O_CLOEXEC) = 3</usr/lib/locale/C.utf8/LC_TIME>
1423681 openat(AT_FDCWD</tmp/kernel-audit2-v3r63b5w/\346\261\202\350\247\243\345\231\250>, "/usr/lib/locale/C.UTF-8/LC_NUMERIC", O_RDONLY|O_CLOEXEC) = -1 ENOENT (No such file or directory)
1423681 openat(AT_FDCWD</tmp/kernel-audit2-v3r63b5w/\346\261\202\350\247\243\345\231\250>, "/usr/lib/locale/C.utf8/LC_NUMERIC", O_RDONLY|O_CLOEXEC) = 3</usr/lib/locale/C.utf8/LC_NUMERIC>
1423681 openat(AT_FDCWD</tmp/kernel-audit2-v3r63b5w/\346\261\202\350\247\243\345\231\250>, "/usr/lib/locale/C.UTF-8/LC_CTYPE", O_RDONLY|O_CLOEXEC) = -1 ENOENT (No such file or directory)
1423681 openat(AT_FDCWD</tmp/kernel-audit2-v3r63b5w/\346\261\202\350\247\243\345\231\250>, "/usr/lib/locale/C.utf8/LC_CTYPE", O_RDONLY|O_CLOEXEC) = 3</usr/lib/locale/C.utf8/LC_CTYPE>
1423681 openat(AT_FDCWD</tmp/kernel-audit2-v3r63b5w/\346\261\202\350\247\243\345\231\250>, "/tmp/kernel-audit2-v3r63b5w/\346\261\202\350\247\243\345\231\250/crates/kernel/src/cycle_io.rs", O_RDONLY) = 3</tmp/kernel-audit2-v3r63b5w/\346\261\202\350\247\243\345\231\250/crates/kernel/src/cycle_io.rs>
1423646 --- SIGCHLD {si_signo=SIGCHLD, si_code=CLD_EXITED, si_pid=1423681, si_uid=1000, si_status=0, si_utime=0, si_stime=0} ---
1423646 openat(AT_FDCWD</tmp/kernel-audit2-v3r63b5w/\346\261\202\350\247\243\345\231\250>, "/dev/null", O_RDONLY|O_CLOEXEC) = 3</dev/null<char 1:3>>
1423682 execve("/home/zhuran24/.codex/tmp/arg0/codex-arg0DuAZRy/sha256sum", ["sha256sum", "--", "/tmp/kernel-audit2-v3r63b5w/\346\261\202\350\247\243\345\231\250/crates/kernel/src/digest.rs"], 0x7ffd187fc5a8 /* 135 vars */) = -1 ENOENT (No such file or directory)
1423682 execve("/home/zhuran24/.cargo/bin/sha256sum", ["sha256sum", "--", "/tmp/kernel-audit2-v3r63b5w/\346\261\202\350\247\243\345\231\250/crates/kernel/src/digest.rs"], 0x7ffd187fc5a8 /* 135 vars */) = -1 ENOENT (No such file or directory)
1423682 execve("/home/zhuran24/.local/bin/sha256sum", ["sha256sum", "--", "/tmp/kernel-audit2-v3r63b5w/\346\261\202\350\247\243\345\231\250/crates/kernel/src/digest.rs"], 0x7ffd187fc5a8 /* 135 vars */) = -1 ENOENT (No such file or directory)
1423682 execve("/home/zhuran24/.opencode/bin/sha256sum", ["sha256sum", "--", "/tmp/kernel-audit2-v3r63b5w/\346\261\202\350\247\243\345\231\250/crates/kernel/src/digest.rs"], 0x7ffd187fc5a8 /* 135 vars */) = -1 ENOENT (No such file or directory)
1423682 execve("/usr/local/bin/sha256sum", ["sha256sum", "--", "/tmp/kernel-audit2-v3r63b5w/\346\261\202\350\247\243\345\231\250/crates/kernel/src/digest.rs"], 0x7ffd187fc5a8 /* 135 vars */) = -1 ENOENT (No such file or directory)
1423682 execve("/usr/bin/sha256sum", ["sha256sum", "--", "/tmp/kernel-audit2-v3r63b5w/\346\261\202\350\247\243\345\231\250/crates/kernel/src/digest.rs"], 0x7ffd187fc5a8 /* 135 vars */) = 0
1423682 openat(AT_FDCWD</tmp/kernel-audit2-v3r63b5w/\346\261\202\350\247\243\345\231\250>, "/etc/ld.so.cache", O_RDONLY|O_CLOEXEC) = 3</etc/ld.so.cache>
1423682 openat(AT_FDCWD</tmp/kernel-audit2-v3r63b5w/\346\261\202\350\247\243\345\231\250>, "/usr/lib/libcrypto.so.3", O_RDONLY|O_CLOEXEC) = 3</usr/lib/libcrypto.so.3>
1423682 openat(AT_FDCWD</tmp/kernel-audit2-v3r63b5w/\346\261\202\350\247\243\345\231\250>, "/usr/lib/libc.so.6", O_RDONLY|O_CLOEXEC) = 3</usr/lib/libc.so.6>
1423682 openat(AT_FDCWD</tmp/kernel-audit2-v3r63b5w/\346\261\202\350\247\243\345\231\250>, "/usr/lib/libz.so.1", O_RDONLY|O_CLOEXEC) = 3</usr/lib/libz.so.1.3.1.zlib-ng>
1423682 openat(AT_FDCWD</tmp/kernel-audit2-v3r63b5w/\346\261\202\350\247\243\345\231\250>, "/usr/lib/libbrotlienc.so.1", O_RDONLY|O_CLOEXEC) = 3</usr/lib/libbrotlienc.so.1.2.0>
1423682 openat(AT_FDCWD</tmp/kernel-audit2-v3r63b5w/\346\261\202\350\247\243\345\231\250>, "/usr/lib/libbrotlidec.so.1", O_RDONLY|O_CLOEXEC) = 3</usr/lib/libbrotlidec.so.1.2.0>
1423682 openat(AT_FDCWD</tmp/kernel-audit2-v3r63b5w/\346\261\202\350\247\243\345\231\250>, "/usr/lib/libzstd.so.1", O_RDONLY|O_CLOEXEC) = 3</usr/lib/libzstd.so.1.5.7>
1423682 openat(AT_FDCWD</tmp/kernel-audit2-v3r63b5w/\346\261\202\350\247\243\345\231\250>, "/usr/lib/libm.so.6", O_RDONLY|O_CLOEXEC) = 3</usr/lib/libm.so.6>
1423682 openat(AT_FDCWD</tmp/kernel-audit2-v3r63b5w/\346\261\202\350\247\243\345\231\250>, "/usr/lib/libbrotlicommon.so.1", O_RDONLY|O_CLOEXEC) = 3</usr/lib/libbrotlicommon.so.1.2.0>
1423682 openat(AT_FDCWD</tmp/kernel-audit2-v3r63b5w/\346\261\202\350\247\243\345\231\250>, "/usr/lib/locale/locale-archive", O_RDONLY|O_CLOEXEC) = 3</usr/lib/locale/locale-archive>
1423682 openat(AT_FDCWD</tmp/kernel-audit2-v3r63b5w/\346\261\202\350\247\243\345\231\250>, "/usr/share/locale/locale.alias", O_RDONLY|O_CLOEXEC) = 3</usr/share/locale/locale.alias>
1423682 openat(AT_FDCWD</tmp/kernel-audit2-v3r63b5w/\346\261\202\350\247\243\345\231\250>, "/usr/lib/locale/C.UTF-8/LC_IDENTIFICATION", O_RDONLY|O_CLOEXEC) = -1 ENOENT (No such file or directory)
1423682 openat(AT_FDCWD</tmp/kernel-audit2-v3r63b5w/\346\261\202\350\247\243\345\231\250>, "/usr/lib/locale/C.utf8/LC_IDENTIFICATION", O_RDONLY|O_CLOEXEC) = 3</usr/lib/locale/C.utf8/LC_IDENTIFICATION>
1423682 openat(AT_FDCWD</tmp/kernel-audit2-v3r63b5w/\346\261\202\350\247\243\345\231\250>, "/usr/lib/gconv/gconv-modules.cache", O_RDONLY|O_CLOEXEC) = 3</usr/lib/gconv/gconv-modules.cache>
1423682 openat(AT_FDCWD</tmp/kernel-audit2-v3r63b5w/\346\261\202\350\247\243\345\231\250>, "/usr/lib/locale/C.UTF-8/LC_MEASUREMENT", O_RDONLY|O_CLOEXEC) = -1 ENOENT (No such file or directory)
1423682 openat(AT_FDCWD</tmp/kernel-audit2-v3r63b5w/\346\261\202\350\247\243\345\231\250>, "/usr/lib/locale/C.utf8/LC_MEASUREMENT", O_RDONLY|O_CLOEXEC) = 3</usr/lib/locale/C.utf8/LC_MEASUREMENT>
1423682 openat(AT_FDCWD</tmp/kernel-audit2-v3r63b5w/\346\261\202\350\247\243\345\231\250>, "/usr/lib/locale/C.UTF-8/LC_TELEPHONE", O_RDONLY|O_CLOEXEC) = -1 ENOENT (No such file or directory)
1423682 openat(AT_FDCWD</tmp/kernel-audit2-v3r63b5w/\346\261\202\350\247\243\345\231\250>, "/usr/lib/locale/C.utf8/LC_TELEPHONE", O_RDONLY|O_CLOEXEC) = 3</usr/lib/locale/C.utf8/LC_TELEPHONE>
1423682 openat(AT_FDCWD</tmp/kernel-audit2-v3r63b5w/\346\261\202\350\247\243\345\231\250>, "/usr/lib/locale/C.UTF-8/LC_ADDRESS", O_RDONLY|O_CLOEXEC) = -1 ENOENT (No such file or directory)
1423682 openat(AT_FDCWD</tmp/kernel-audit2-v3r63b5w/\346\261\202\350\247\243\345\231\250>, "/usr/lib/locale/C.utf8/LC_ADDRESS", O_RDONLY|O_CLOEXEC) = 3</usr/lib/locale/C.utf8/LC_ADDRESS>
1423682 openat(AT_FDCWD</tmp/kernel-audit2-v3r63b5w/\346\261\202\350\247\243\345\231\250>, "/usr/lib/locale/C.UTF-8/LC_NAME", O_RDONLY|O_CLOEXEC) = -1 ENOENT (No such file or directory)
1423682 openat(AT_FDCWD</tmp/kernel-audit2-v3r63b5w/\346\261\202\350\247\243\345\231\250>, "/usr/lib/locale/C.utf8/LC_NAME", O_RDONLY|O_CLOEXEC) = 3</usr/lib/locale/C.utf8/LC_NAME>
1423682 openat(AT_FDCWD</tmp/kernel-audit2-v3r63b5w/\346\261\202\350\247\243\345\231\250>, "/usr/lib/locale/C.UTF-8/LC_PAPER", O_RDONLY|O_CLOEXEC) = -1 ENOENT (No such file or directory)
1423682 openat(AT_FDCWD</tmp/kernel-audit2-v3r63b5w/\346\261\202\350\247\243\345\231\250>, "/usr/lib/locale/C.utf8/LC_PAPER", O_RDONLY|O_CLOEXEC) = 3</usr/lib/locale/C.utf8/LC_PAPER>
1423682 openat(AT_FDCWD</tmp/kernel-audit2-v3r63b5w/\346\261\202\350\247\243\345\231\250>, "/usr/lib/locale/C.UTF-8/LC_MESSAGES", O_RDONLY|O_CLOEXEC) = -1 ENOENT (No such file or directory)
1423682 openat(AT_FDCWD</tmp/kernel-audit2-v3r63b5w/\346\261\202\350\247\243\345\231\250>, "/usr/lib/locale/C.utf8/LC_MESSAGES", O_RDONLY|O_CLOEXEC) = 3</usr/lib/locale/C.utf8/LC_MESSAGES>
1423682 openat(AT_FDCWD</tmp/kernel-audit2-v3r63b5w/\346\261\202\350\247\243\345\231\250>, "/usr/lib/locale/C.utf8/LC_MESSAGES/SYS_LC_MESSAGES", O_RDONLY|O_CLOEXEC) = 3</usr/lib/locale/C.utf8/LC_MESSAGES/SYS_LC_MESSAGES>
1423682 openat(AT_FDCWD</tmp/kernel-audit2-v3r63b5w/\346\261\202\350\247\243\345\231\250>, "/usr/lib/locale/C.UTF-8/LC_MONETARY", O_RDONLY|O_CLOEXEC) = -1 ENOENT (No such file or directory)
1423682 openat(AT_FDCWD</tmp/kernel-audit2-v3r63b5w/\346\261\202\350\247\243\345\231\250>, "/usr/lib/locale/C.utf8/LC_MONETARY", O_RDONLY|O_CLOEXEC) = 3</usr/lib/locale/C.utf8/LC_MONETARY>
1423682 openat(AT_FDCWD</tmp/kernel-audit2-v3r63b5w/\346\261\202\350\247\243\345\231\250>, "/usr/lib/locale/C.UTF-8/LC_COLLATE", O_RDONLY|O_CLOEXEC) = -1 ENOENT (No such file or directory)
1423682 openat(AT_FDCWD</tmp/kernel-audit2-v3r63b5w/\346\261\202\350\247\243\345\231\250>, "/usr/lib/locale/C.utf8/LC_COLLATE", O_RDONLY|O_CLOEXEC) = 3</usr/lib/locale/C.utf8/LC_COLLATE>
1423682 openat(AT_FDCWD</tmp/kernel-audit2-v3r63b5w/\346\261\202\350\247\243\345\231\250>, "/usr/lib/locale/C.UTF-8/LC_TIME", O_RDONLY|O_CLOEXEC) = -1 ENOENT (No such file or directory)
1423682 openat(AT_FDCWD</tmp/kernel-audit2-v3r63b5w/\346\261\202\350\247\243\345\231\250>, "/usr/lib/locale/C.utf8/LC_TIME", O_RDONLY|O_CLOEXEC) = 3</usr/lib/locale/C.utf8/LC_TIME>
1423682 openat(AT_FDCWD</tmp/kernel-audit2-v3r63b5w/\346\261\202\350\247\243\345\231\250>, "/usr/lib/locale/C.UTF-8/LC_NUMERIC", O_RDONLY|O_CLOEXEC) = -1 ENOENT (No such file or directory)
1423682 openat(AT_FDCWD</tmp/kernel-audit2-v3r63b5w/\346\261\202\350\247\243\345\231\250>, "/usr/lib/locale/C.utf8/LC_NUMERIC", O_RDONLY|O_CLOEXEC) = 3</usr/lib/locale/C.utf8/LC_NUMERIC>
1423682 openat(AT_FDCWD</tmp/kernel-audit2-v3r63b5w/\346\261\202\350\247\243\345\231\250>, "/usr/lib/locale/C.UTF-8/LC_CTYPE", O_RDONLY|O_CLOEXEC) = -1 ENOENT (No such file or directory)
1423682 openat(AT_FDCWD</tmp/kernel-audit2-v3r63b5w/\346\261\202\350\247\243\345\231\250>, "/usr/lib/locale/C.utf8/LC_CTYPE", O_RDONLY|O_CLOEXEC) = 3</usr/lib/locale/C.utf8/LC_CTYPE>
1423682 openat(AT_FDCWD</tmp/kernel-audit2-v3r63b5w/\346\261\202\350\247\243\345\231\250>, "/tmp/kernel-audit2-v3r63b5w/\346\261\202\350\247\243\345\231\250/crates/kernel/src/digest.rs", O_RDONLY) = 3</tmp/kernel-audit2-v3r63b5w/\346\261\202\350\247\243\345\231\250/crates/kernel/src/digest.rs>
1423646 --- SIGCHLD {si_signo=SIGCHLD, si_code=CLD_EXITED, si_pid=1423682, si_uid=1000, si_status=0, si_utime=0, si_stime=0} ---
1423646 openat(AT_FDCWD</tmp/kernel-audit2-v3r63b5w/\346\261\202\350\247\243\345\231\250>, "/dev/null", O_RDONLY|O_CLOEXEC) = 3</dev/null<char 1:3>>
1423683 execve("/home/zhuran24/.codex/tmp/arg0/codex-arg0DuAZRy/sha256sum", ["sha256sum", "--", "/tmp/kernel-audit2-v3r63b5w/\346\261\202\350\247\243\345\231\250/crates/kernel/src/seed.rs"], 0x7ffd187fc5a8 /* 135 vars */) = -1 ENOENT (No such file or directory)
1423683 execve("/home/zhuran24/.cargo/bin/sha256sum", ["sha256sum", "--", "/tmp/kernel-audit2-v3r63b5w/\346\261\202\350\247\243\345\231\250/crates/kernel/src/seed.rs"], 0x7ffd187fc5a8 /* 135 vars */) = -1 ENOENT (No such file or directory)
1423683 execve("/home/zhuran24/.local/bin/sha256sum", ["sha256sum", "--", "/tmp/kernel-audit2-v3r63b5w/\346\261\202\350\247\243\345\231\250/crates/kernel/src/seed.rs"], 0x7ffd187fc5a8 /* 135 vars */) = -1 ENOENT (No such file or directory)
1423683 execve("/home/zhuran24/.opencode/bin/sha256sum", ["sha256sum", "--", "/tmp/kernel-audit2-v3r63b5w/\346\261\202\350\247\243\345\231\250/crates/kernel/src/seed.rs"], 0x7ffd187fc5a8 /* 135 vars */) = -1 ENOENT (No such file or directory)
1423683 execve("/usr/local/bin/sha256sum", ["sha256sum", "--", "/tmp/kernel-audit2-v3r63b5w/\346\261\202\350\247\243\345\231\250/crates/kernel/src/seed.rs"], 0x7ffd187fc5a8 /* 135 vars */) = -1 ENOENT (No such file or directory)
1423683 execve("/usr/bin/sha256sum", ["sha256sum", "--", "/tmp/kernel-audit2-v3r63b5w/\346\261\202\350\247\243\345\231\250/crates/kernel/src/seed.rs"], 0x7ffd187fc5a8 /* 135 vars */) = 0
1423683 openat(AT_FDCWD</tmp/kernel-audit2-v3r63b5w/\346\261\202\350\247\243\345\231\250>, "/etc/ld.so.cache", O_RDONLY|O_CLOEXEC) = 3</etc/ld.so.cache>
1423683 openat(AT_FDCWD</tmp/kernel-audit2-v3r63b5w/\346\261\202\350\247\243\345\231\250>, "/usr/lib/libcrypto.so.3", O_RDONLY|O_CLOEXEC) = 3</usr/lib/libcrypto.so.3>
1423683 openat(AT_FDCWD</tmp/kernel-audit2-v3r63b5w/\346\261\202\350\247\243\345\231\250>, "/usr/lib/libc.so.6", O_RDONLY|O_CLOEXEC) = 3</usr/lib/libc.so.6>
1423683 openat(AT_FDCWD</tmp/kernel-audit2-v3r63b5w/\346\261\202\350\247\243\345\231\250>, "/usr/lib/libz.so.1", O_RDONLY|O_CLOEXEC) = 3</usr/lib/libz.so.1.3.1.zlib-ng>
1423683 openat(AT_FDCWD</tmp/kernel-audit2-v3r63b5w/\346\261\202\350\247\243\345\231\250>, "/usr/lib/libbrotlienc.so.1", O_RDONLY|O_CLOEXEC) = 3</usr/lib/libbrotlienc.so.1.2.0>
1423683 openat(AT_FDCWD</tmp/kernel-audit2-v3r63b5w/\346\261\202\350\247\243\345\231\250>, "/usr/lib/libbrotlidec.so.1", O_RDONLY|O_CLOEXEC) = 3</usr/lib/libbrotlidec.so.1.2.0>
1423683 openat(AT_FDCWD</tmp/kernel-audit2-v3r63b5w/\346\261\202\350\247\243\345\231\250>, "/usr/lib/libzstd.so.1", O_RDONLY|O_CLOEXEC) = 3</usr/lib/libzstd.so.1.5.7>
1423683 openat(AT_FDCWD</tmp/kernel-audit2-v3r63b5w/\346\261\202\350\247\243\345\231\250>, "/usr/lib/libm.so.6", O_RDONLY|O_CLOEXEC) = 3</usr/lib/libm.so.6>
1423683 openat(AT_FDCWD</tmp/kernel-audit2-v3r63b5w/\346\261\202\350\247\243\345\231\250>, "/usr/lib/libbrotlicommon.so.1", O_RDONLY|O_CLOEXEC) = 3</usr/lib/libbrotlicommon.so.1.2.0>
1423683 openat(AT_FDCWD</tmp/kernel-audit2-v3r63b5w/\346\261\202\350\247\243\345\231\250>, "/usr/lib/locale/locale-archive", O_RDONLY|O_CLOEXEC) = 3</usr/lib/locale/locale-archive>
1423683 openat(AT_FDCWD</tmp/kernel-audit2-v3r63b5w/\346\261\202\350\247\243\345\231\250>, "/usr/share/locale/locale.alias", O_RDONLY|O_CLOEXEC) = 3</usr/share/locale/locale.alias>
1423683 openat(AT_FDCWD</tmp/kernel-audit2-v3r63b5w/\346\261\202\350\247\243\345\231\250>, "/usr/lib/locale/C.UTF-8/LC_IDENTIFICATION", O_RDONLY|O_CLOEXEC) = -1 ENOENT (No such file or directory)
1423683 openat(AT_FDCWD</tmp/kernel-audit2-v3r63b5w/\346\261\202\350\247\243\345\231\250>, "/usr/lib/locale/C.utf8/LC_IDENTIFICATION", O_RDONLY|O_CLOEXEC) = 3</usr/lib/locale/C.utf8/LC_IDENTIFICATION>
1423683 openat(AT_FDCWD</tmp/kernel-audit2-v3r63b5w/\346\261\202\350\247\243\345\231\250>, "/usr/lib/gconv/gconv-modules.cache", O_RDONLY|O_CLOEXEC) = 3</usr/lib/gconv/gconv-modules.cache>
1423683 openat(AT_FDCWD</tmp/kernel-audit2-v3r63b5w/\346\261\202\350\247\243\345\231\250>, "/usr/lib/locale/C.UTF-8/LC_MEASUREMENT", O_RDONLY|O_CLOEXEC) = -1 ENOENT (No such file or directory)
1423683 openat(AT_FDCWD</tmp/kernel-audit2-v3r63b5w/\346\261\202\350\247\243\345\231\250>, "/usr/lib/locale/C.utf8/LC_MEASUREMENT", O_RDONLY|O_CLOEXEC) = 3</usr/lib/locale/C.utf8/LC_MEASUREMENT>
1423683 openat(AT_FDCWD</tmp/kernel-audit2-v3r63b5w/\346\261\202\350\247\243\345\231\250>, "/usr/lib/locale/C.UTF-8/LC_TELEPHONE", O_RDONLY|O_CLOEXEC) = -1 ENOENT (No such file or directory)
1423683 openat(AT_FDCWD</tmp/kernel-audit2-v3r63b5w/\346\261\202\350\247\243\345\231\250>, "/usr/lib/locale/C.utf8/LC_TELEPHONE", O_RDONLY|O_CLOEXEC) = 3</usr/lib/locale/C.utf8/LC_TELEPHONE>
1423683 openat(AT_FDCWD</tmp/kernel-audit2-v3r63b5w/\346\261\202\350\247\243\345\231\250>, "/usr/lib/locale/C.UTF-8/LC_ADDRESS", O_RDONLY|O_CLOEXEC) = -1 ENOENT (No such file or directory)
1423683 openat(AT_FDCWD</tmp/kernel-audit2-v3r63b5w/\346\261\202\350\247\243\345\231\250>, "/usr/lib/locale/C.utf8/LC_ADDRESS", O_RDONLY|O_CLOEXEC) = 3</usr/lib/locale/C.utf8/LC_ADDRESS>
1423683 openat(AT_FDCWD</tmp/kernel-audit2-v3r63b5w/\346\261\202\350\247\243\345\231\250>, "/usr/lib/locale/C.UTF-8/LC_NAME", O_RDONLY|O_CLOEXEC) = -1 ENOENT (No such file or directory)
1423683 openat(AT_FDCWD</tmp/kernel-audit2-v3r63b5w/\346\261\202\350\247\243\345\231\250>, "/usr/lib/locale/C.utf8/LC_NAME", O_RDONLY|O_CLOEXEC) = 3</usr/lib/locale/C.utf8/LC_NAME>
1423683 openat(AT_FDCWD</tmp/kernel-audit2-v3r63b5w/\346\261\202\350\247\243\345\231\250>, "/usr/lib/locale/C.UTF-8/LC_PAPER", O_RDONLY|O_CLOEXEC) = -1 ENOENT (No such file or directory)
1423683 openat(AT_FDCWD</tmp/kernel-audit2-v3r63b5w/\346\261\202\350\247\243\345\231\250>, "/usr/lib/locale/C.utf8/LC_PAPER", O_RDONLY|O_CLOEXEC) = 3</usr/lib/locale/C.utf8/LC_PAPER>
1423683 openat(AT_FDCWD</tmp/kernel-audit2-v3r63b5w/\346\261\202\350\247\243\345\231\250>, "/usr/lib/locale/C.UTF-8/LC_MESSAGES", O_RDONLY|O_CLOEXEC) = -1 ENOENT (No such file or directory)
1423683 openat(AT_FDCWD</tmp/kernel-audit2-v3r63b5w/\346\261\202\350\247\243\345\231\250>, "/usr/lib/locale/C.utf8/LC_MESSAGES", O_RDONLY|O_CLOEXEC) = 3</usr/lib/locale/C.utf8/LC_MESSAGES>
1423683 openat(AT_FDCWD</tmp/kernel-audit2-v3r63b5w/\346\261\202\350\247\243\345\231\250>, "/usr/lib/locale/C.utf8/LC_MESSAGES/SYS_LC_MESSAGES", O_RDONLY|O_CLOEXEC) = 3</usr/lib/locale/C.utf8/LC_MESSAGES/SYS_LC_MESSAGES>
1423683 openat(AT_FDCWD</tmp/kernel-audit2-v3r63b5w/\346\261\202\350\247\243\345\231\250>, "/usr/lib/locale/C.UTF-8/LC_MONETARY", O_RDONLY|O_CLOEXEC) = -1 ENOENT (No such file or directory)
1423683 openat(AT_FDCWD</tmp/kernel-audit2-v3r63b5w/\346\261\202\350\247\243\345\231\250>, "/usr/lib/locale/C.utf8/LC_MONETARY", O_RDONLY|O_CLOEXEC) = 3</usr/lib/locale/C.utf8/LC_MONETARY>
1423683 openat(AT_FDCWD</tmp/kernel-audit2-v3r63b5w/\346\261\202\350\247\243\345\231\250>, "/usr/lib/locale/C.UTF-8/LC_COLLATE", O_RDONLY|O_CLOEXEC) = -1 ENOENT (No such file or directory)
1423683 openat(AT_FDCWD</tmp/kernel-audit2-v3r63b5w/\346\261\202\350\247\243\345\231\250>, "/usr/lib/locale/C.utf8/LC_COLLATE", O_RDONLY|O_CLOEXEC) = 3</usr/lib/locale/C.utf8/LC_COLLATE>
1423683 openat(AT_FDCWD</tmp/kernel-audit2-v3r63b5w/\346\261\202\350\247\243\345\231\250>, "/usr/lib/locale/C.UTF-8/LC_TIME", O_RDONLY|O_CLOEXEC) = -1 ENOENT (No such file or directory)
1423683 openat(AT_FDCWD</tmp/kernel-audit2-v3r63b5w/\346\261\202\350\247\243\345\231\250>, "/usr/lib/locale/C.utf8/LC_TIME", O_RDONLY|O_CLOEXEC) = 3</usr/lib/locale/C.utf8/LC_TIME>
1423683 openat(AT_FDCWD</tmp/kernel-audit2-v3r63b5w/\346\261\202\350\247\243\345\231\250>, "/usr/lib/locale/C.UTF-8/LC_NUMERIC", O_RDONLY|O_CLOEXEC) = -1 ENOENT (No such file or directory)
1423683 openat(AT_FDCWD</tmp/kernel-audit2-v3r63b5w/\346\261\202\350\247\243\345\231\250>, "/usr/lib/locale/C.utf8/LC_NUMERIC", O_RDONLY|O_CLOEXEC) = 3</usr/lib/locale/C.utf8/LC_NUMERIC>
1423683 openat(AT_FDCWD</tmp/kernel-audit2-v3r63b5w/\346\261\202\350\247\243\345\231\250>, "/usr/lib/locale/C.UTF-8/LC_CTYPE", O_RDONLY|O_CLOEXEC) = -1 ENOENT (No such file or directory)
1423683 openat(AT_FDCWD</tmp/kernel-audit2-v3r63b5w/\346\261\202\350\247\243\345\231\250>, "/usr/lib/locale/C.utf8/LC_CTYPE", O_RDONLY|O_CLOEXEC) = 3</usr/lib/locale/C.utf8/LC_CTYPE>
1423683 openat(AT_FDCWD</tmp/kernel-audit2-v3r63b5w/\346\261\202\350\247\243\345\231\250>, "/tmp/kernel-audit2-v3r63b5w/\346\261\202\350\247\243\345\231\250/crates/kernel/src/seed.rs", O_RDONLY) = 3</tmp/kernel-audit2-v3r63b5w/\346\261\202\350\247\243\345\231\250/crates/kernel/src/seed.rs>
1423646 --- SIGCHLD {si_signo=SIGCHLD, si_code=CLD_EXITED, si_pid=1423683, si_uid=1000, si_status=0, si_utime=0, si_stime=0} ---
1423646 openat(AT_FDCWD</tmp/kernel-audit2-v3r63b5w/\346\261\202\350\247\243\345\231\250>, "/dev/null", O_RDONLY|O_CLOEXEC) = 3</dev/null<char 1:3>>
1423684 execve("/home/zhuran24/.codex/tmp/arg0/codex-arg0DuAZRy/sha256sum", ["sha256sum", "--", "/tmp/kernel-audit2-v3r63b5w/\346\261\202\350\247\243\345\231\250/crates/kernel/src/cache.rs"], 0x7ffd187fc5a8 /* 135 vars */) = -1 ENOENT (No such file or directory)
1423684 execve("/home/zhuran24/.cargo/bin/sha256sum", ["sha256sum", "--", "/tmp/kernel-audit2-v3r63b5w/\346\261\202\350\247\243\345\231\250/crates/kernel/src/cache.rs"], 0x7ffd187fc5a8 /* 135 vars */) = -1 ENOENT (No such file or directory)
1423684 execve("/home/zhuran24/.local/bin/sha256sum", ["sha256sum", "--", "/tmp/kernel-audit2-v3r63b5w/\346\261\202\350\247\243\345\231\250/crates/kernel/src/cache.rs"], 0x7ffd187fc5a8 /* 135 vars */) = -1 ENOENT (No such file or directory)
1423684 execve("/home/zhuran24/.opencode/bin/sha256sum", ["sha256sum", "--", "/tmp/kernel-audit2-v3r63b5w/\346\261\202\350\247\243\345\231\250/crates/kernel/src/cache.rs"], 0x7ffd187fc5a8 /* 135 vars */) = -1 ENOENT (No such file or directory)
1423684 execve("/usr/local/bin/sha256sum", ["sha256sum", "--", "/tmp/kernel-audit2-v3r63b5w/\346\261\202\350\247\243\345\231\250/crates/kernel/src/cache.rs"], 0x7ffd187fc5a8 /* 135 vars */) = -1 ENOENT (No such file or directory)
1423684 execve("/usr/bin/sha256sum", ["sha256sum", "--", "/tmp/kernel-audit2-v3r63b5w/\346\261\202\350\247\243\345\231\250/crates/kernel/src/cache.rs"], 0x7ffd187fc5a8 /* 135 vars */) = 0
1423684 openat(AT_FDCWD</tmp/kernel-audit2-v3r63b5w/\346\261\202\350\247\243\345\231\250>, "/etc/ld.so.cache", O_RDONLY|O_CLOEXEC) = 3</etc/ld.so.cache>
1423684 openat(AT_FDCWD</tmp/kernel-audit2-v3r63b5w/\346\261\202\350\247\243\345\231\250>, "/usr/lib/libcrypto.so.3", O_RDONLY|O_CLOEXEC) = 3</usr/lib/libcrypto.so.3>
1423684 openat(AT_FDCWD</tmp/kernel-audit2-v3r63b5w/\346\261\202\350\247\243\345\231\250>, "/usr/lib/libc.so.6", O_RDONLY|O_CLOEXEC) = 3</usr/lib/libc.so.6>
1423684 openat(AT_FDCWD</tmp/kernel-audit2-v3r63b5w/\346\261\202\350\247\243\345\231\250>, "/usr/lib/libz.so.1", O_RDONLY|O_CLOEXEC) = 3</usr/lib/libz.so.1.3.1.zlib-ng>
1423684 openat(AT_FDCWD</tmp/kernel-audit2-v3r63b5w/\346\261\202\350\247\243\345\231\250>, "/usr/lib/libbrotlienc.so.1", O_RDONLY|O_CLOEXEC) = 3</usr/lib/libbrotlienc.so.1.2.0>
1423684 openat(AT_FDCWD</tmp/kernel-audit2-v3r63b5w/\346\261\202\350\247\243\345\231\250>, "/usr/lib/libbrotlidec.so.1", O_RDONLY|O_CLOEXEC) = 3</usr/lib/libbrotlidec.so.1.2.0>
1423684 openat(AT_FDCWD</tmp/kernel-audit2-v3r63b5w/\346\261\202\350\247\243\345\231\250>, "/usr/lib/libzstd.so.1", O_RDONLY|O_CLOEXEC) = 3</usr/lib/libzstd.so.1.5.7>
1423684 openat(AT_FDCWD</tmp/kernel-audit2-v3r63b5w/\346\261\202\350\247\243\345\231\250>, "/usr/lib/libm.so.6", O_RDONLY|O_CLOEXEC) = 3</usr/lib/libm.so.6>
1423684 openat(AT_FDCWD</tmp/kernel-audit2-v3r63b5w/\346\261\202\350\247\243\345\231\250>, "/usr/lib/libbrotlicommon.so.1", O_RDONLY|O_CLOEXEC) = 3</usr/lib/libbrotlicommon.so.1.2.0>
1423684 openat(AT_FDCWD</tmp/kernel-audit2-v3r63b5w/\346\261\202\350\247\243\345\231\250>, "/usr/lib/locale/locale-archive", O_RDONLY|O_CLOEXEC) = 3</usr/lib/locale/locale-archive>
1423684 openat(AT_FDCWD</tmp/kernel-audit2-v3r63b5w/\346\261\202\350\247\243\345\231\250>, "/usr/share/locale/locale.alias", O_RDONLY|O_CLOEXEC) = 3</usr/share/locale/locale.alias>
1423684 openat(AT_FDCWD</tmp/kernel-audit2-v3r63b5w/\346\261\202\350\247\243\345\231\250>, "/usr/lib/locale/C.UTF-8/LC_IDENTIFICATION", O_RDONLY|O_CLOEXEC) = -1 ENOENT (No such file or directory)
1423684 openat(AT_FDCWD</tmp/kernel-audit2-v3r63b5w/\346\261\202\350\247\243\345\231\250>, "/usr/lib/locale/C.utf8/LC_IDENTIFICATION", O_RDONLY|O_CLOEXEC) = 3</usr/lib/locale/C.utf8/LC_IDENTIFICATION>
1423684 openat(AT_FDCWD</tmp/kernel-audit2-v3r63b5w/\346\261\202\350\247\243\345\231\250>, "/usr/lib/gconv/gconv-modules.cache", O_RDONLY|O_CLOEXEC) = 3</usr/lib/gconv/gconv-modules.cache>
1423684 openat(AT_FDCWD</tmp/kernel-audit2-v3r63b5w/\346\261\202\350\247\243\345\231\250>, "/usr/lib/locale/C.UTF-8/LC_MEASUREMENT", O_RDONLY|O_CLOEXEC) = -1 ENOENT (No such file or directory)
1423684 openat(AT_FDCWD</tmp/kernel-audit2-v3r63b5w/\346\261\202\350\247\243\345\231\250>, "/usr/lib/locale/C.utf8/LC_MEASUREMENT", O_RDONLY|O_CLOEXEC) = 3</usr/lib/locale/C.utf8/LC_MEASUREMENT>
1423684 openat(AT_FDCWD</tmp/kernel-audit2-v3r63b5w/\346\261\202\350\247\243\345\231\250>, "/usr/lib/locale/C.UTF-8/LC_TELEPHONE", O_RDONLY|O_CLOEXEC) = -1 ENOENT (No such file or directory)
1423684 openat(AT_FDCWD</tmp/kernel-audit2-v3r63b5w/\346\261\202\350\247\243\345\231\250>, "/usr/lib/locale/C.utf8/LC_TELEPHONE", O_RDONLY|O_CLOEXEC) = 3</usr/lib/locale/C.utf8/LC_TELEPHONE>
1423684 openat(AT_FDCWD</tmp/kernel-audit2-v3r63b5w/\346\261\202\350\247\243\345\231\250>, "/usr/lib/locale/C.UTF-8/LC_ADDRESS", O_RDONLY|O_CLOEXEC) = -1 ENOENT (No such file or directory)
1423684 openat(AT_FDCWD</tmp/kernel-audit2-v3r63b5w/\346\261\202\350\247\243\345\231\250>, "/usr/lib/locale/C.utf8/LC_ADDRESS", O_RDONLY|O_CLOEXEC) = 3</usr/lib/locale/C.utf8/LC_ADDRESS>
1423684 openat(AT_FDCWD</tmp/kernel-audit2-v3r63b5w/\346\261\202\350\247\243\345\231\250>, "/usr/lib/locale/C.UTF-8/LC_NAME", O_RDONLY|O_CLOEXEC) = -1 ENOENT (No such file or directory)
1423684 openat(AT_FDCWD</tmp/kernel-audit2-v3r63b5w/\346\261\202\350\247\243\345\231\250>, "/usr/lib/locale/C.utf8/LC_NAME", O_RDONLY|O_CLOEXEC) = 3</usr/lib/locale/C.utf8/LC_NAME>
1423684 openat(AT_FDCWD</tmp/kernel-audit2-v3r63b5w/\346\261\202\350\247\243\345\231\250>, "/usr/lib/locale/C.UTF-8/LC_PAPER", O_RDONLY|O_CLOEXEC) = -1 ENOENT (No such file or directory)
1423684 openat(AT_FDCWD</tmp/kernel-audit2-v3r63b5w/\346\261\202\350\247\243\345\231\250>, "/usr/lib/locale/C.utf8/LC_PAPER", O_RDONLY|O_CLOEXEC) = 3</usr/lib/locale/C.utf8/LC_PAPER>
1423684 openat(AT_FDCWD</tmp/kernel-audit2-v3r63b5w/\346\261\202\350\247\243\345\231\250>, "/usr/lib/locale/C.UTF-8/LC_MESSAGES", O_RDONLY|O_CLOEXEC) = -1 ENOENT (No such file or directory)
1423684 openat(AT_FDCWD</tmp/kernel-audit2-v3r63b5w/\346\261\202\350\247\243\345\231\250>, "/usr/lib/locale/C.utf8/LC_MESSAGES", O_RDONLY|O_CLOEXEC) = 3</usr/lib/locale/C.utf8/LC_MESSAGES>
1423684 openat(AT_FDCWD</tmp/kernel-audit2-v3r63b5w/\346\261\202\350\247\243\345\231\250>, "/usr/lib/locale/C.utf8/LC_MESSAGES/SYS_LC_MESSAGES", O_RDONLY|O_CLOEXEC) = 3</usr/lib/locale/C.utf8/LC_MESSAGES/SYS_LC_MESSAGES>
1423684 openat(AT_FDCWD</tmp/kernel-audit2-v3r63b5w/\346\261\202\350\247\243\345\231\250>, "/usr/lib/locale/C.UTF-8/LC_MONETARY", O_RDONLY|O_CLOEXEC) = -1 ENOENT (No such file or directory)
1423684 openat(AT_FDCWD</tmp/kernel-audit2-v3r63b5w/\346\261\202\350\247\243\345\231\250>, "/usr/lib/locale/C.utf8/LC_MONETARY", O_RDONLY|O_CLOEXEC) = 3</usr/lib/locale/C.utf8/LC_MONETARY>
1423684 openat(AT_FDCWD</tmp/kernel-audit2-v3r63b5w/\346\261\202\350\247\243\345\231\250>, "/usr/lib/locale/C.UTF-8/LC_COLLATE", O_RDONLY|O_CLOEXEC) = -1 ENOENT (No such file or directory)
1423684 openat(AT_FDCWD</tmp/kernel-audit2-v3r63b5w/\346\261\202\350\247\243\345\231\250>, "/usr/lib/locale/C.utf8/LC_COLLATE", O_RDONLY|O_CLOEXEC) = 3</usr/lib/locale/C.utf8/LC_COLLATE>
1423684 openat(AT_FDCWD</tmp/kernel-audit2-v3r63b5w/\346\261\202\350\247\243\345\231\250>, "/usr/lib/locale/C.UTF-8/LC_TIME", O_RDONLY|O_CLOEXEC) = -1 ENOENT (No such file or directory)
1423684 openat(AT_FDCWD</tmp/kernel-audit2-v3r63b5w/\346\261\202\350\247\243\345\231\250>, "/usr/lib/locale/C.utf8/LC_TIME", O_RDONLY|O_CLOEXEC) = 3</usr/lib/locale/C.utf8/LC_TIME>
1423684 openat(AT_FDCWD</tmp/kernel-audit2-v3r63b5w/\346\261\202\350\247\243\345\231\250>, "/usr/lib/locale/C.UTF-8/LC_NUMERIC", O_RDONLY|O_CLOEXEC) = -1 ENOENT (No such file or directory)
1423684 openat(AT_FDCWD</tmp/kernel-audit2-v3r63b5w/\346\261\202\350\247\243\345\231\250>, "/usr/lib/locale/C.utf8/LC_NUMERIC", O_RDONLY|O_CLOEXEC) = 3</usr/lib/locale/C.utf8/LC_NUMERIC>
1423684 openat(AT_FDCWD</tmp/kernel-audit2-v3r63b5w/\346\261\202\350\247\243\345\231\250>, "/usr/lib/locale/C.UTF-8/LC_CTYPE", O_RDONLY|O_CLOEXEC) = -1 ENOENT (No such file or directory)
1423684 openat(AT_FDCWD</tmp/kernel-audit2-v3r63b5w/\346\261\202\350\247\243\345\231\250>, "/usr/lib/locale/C.utf8/LC_CTYPE", O_RDONLY|O_CLOEXEC) = 3</usr/lib/locale/C.utf8/LC_CTYPE>
1423684 openat(AT_FDCWD</tmp/kernel-audit2-v3r63b5w/\346\261\202\350\247\243\345\231\250>, "/tmp/kernel-audit2-v3r63b5w/\346\261\202\350\247\243\345\231\250/crates/kernel/src/cache.rs", O_RDONLY) = 3</tmp/kernel-audit2-v3r63b5w/\346\261\202\350\247\243\345\231\250/crates/kernel/src/cache.rs>
1423646 --- SIGCHLD {si_signo=SIGCHLD, si_code=CLD_EXITED, si_pid=1423684, si_uid=1000, si_status=0, si_utime=0, si_stime=0} ---
1423646 openat(AT_FDCWD</tmp/kernel-audit2-v3r63b5w/\346\261\202\350\247\243\345\231\250>, "/dev/null", O_RDONLY|O_CLOEXEC) = 3</dev/null<char 1:3>>
1423685 execve("/home/zhuran24/.codex/tmp/arg0/codex-arg0DuAZRy/sha256sum", ["sha256sum", "--", "/tmp/kernel-audit2-v3r63b5w/\346\261\202\350\247\243\345\231\250/crates/kernel/src/lib.rs"], 0x7ffd187fc5a8 /* 135 vars */) = -1 ENOENT (No such file or directory)
1423685 execve("/home/zhuran24/.cargo/bin/sha256sum", ["sha256sum", "--", "/tmp/kernel-audit2-v3r63b5w/\346\261\202\350\247\243\345\231\250/crates/kernel/src/lib.rs"], 0x7ffd187fc5a8 /* 135 vars */) = -1 ENOENT (No such file or directory)
1423685 execve("/home/zhuran24/.local/bin/sha256sum", ["sha256sum", "--", "/tmp/kernel-audit2-v3r63b5w/\346\261\202\350\247\243\345\231\250/crates/kernel/src/lib.rs"], 0x7ffd187fc5a8 /* 135 vars */) = -1 ENOENT (No such file or directory)
1423685 execve("/home/zhuran24/.opencode/bin/sha256sum", ["sha256sum", "--", "/tmp/kernel-audit2-v3r63b5w/\346\261\202\350\247\243\345\231\250/crates/kernel/src/lib.rs"], 0x7ffd187fc5a8 /* 135 vars */) = -1 ENOENT (No such file or directory)
1423685 execve("/usr/local/bin/sha256sum", ["sha256sum", "--", "/tmp/kernel-audit2-v3r63b5w/\346\261\202\350\247\243\345\231\250/crates/kernel/src/lib.rs"], 0x7ffd187fc5a8 /* 135 vars */) = -1 ENOENT (No such file or directory)
1423685 execve("/usr/bin/sha256sum", ["sha256sum", "--", "/tmp/kernel-audit2-v3r63b5w/\346\261\202\350\247\243\345\231\250/crates/kernel/src/lib.rs"], 0x7ffd187fc5a8 /* 135 vars */) = 0
1423685 openat(AT_FDCWD</tmp/kernel-audit2-v3r63b5w/\346\261\202\350\247\243\345\231\250>, "/etc/ld.so.cache", O_RDONLY|O_CLOEXEC) = 3</etc/ld.so.cache>
1423685 openat(AT_FDCWD</tmp/kernel-audit2-v3r63b5w/\346\261\202\350\247\243\345\231\250>, "/usr/lib/libcrypto.so.3", O_RDONLY|O_CLOEXEC) = 3</usr/lib/libcrypto.so.3>
1423685 openat(AT_FDCWD</tmp/kernel-audit2-v3r63b5w/\346\261\202\350\247\243\345\231\250>, "/usr/lib/libc.so.6", O_RDONLY|O_CLOEXEC) = 3</usr/lib/libc.so.6>
1423685 openat(AT_FDCWD</tmp/kernel-audit2-v3r63b5w/\346\261\202\350\247\243\345\231\250>, "/usr/lib/libz.so.1", O_RDONLY|O_CLOEXEC) = 3</usr/lib/libz.so.1.3.1.zlib-ng>
1423685 openat(AT_FDCWD</tmp/kernel-audit2-v3r63b5w/\346\261\202\350\247\243\345\231\250>, "/usr/lib/libbrotlienc.so.1", O_RDONLY|O_CLOEXEC) = 3</usr/lib/libbrotlienc.so.1.2.0>
1423685 openat(AT_FDCWD</tmp/kernel-audit2-v3r63b5w/\346\261\202\350\247\243\345\231\250>, "/usr/lib/libbrotlidec.so.1", O_RDONLY|O_CLOEXEC) = 3</usr/lib/libbrotlidec.so.1.2.0>
1423685 openat(AT_FDCWD</tmp/kernel-audit2-v3r63b5w/\346\261\202\350\247\243\345\231\250>, "/usr/lib/libzstd.so.1", O_RDONLY|O_CLOEXEC) = 3</usr/lib/libzstd.so.1.5.7>
1423685 openat(AT_FDCWD</tmp/kernel-audit2-v3r63b5w/\346\261\202\350\247\243\345\231\250>, "/usr/lib/libm.so.6", O_RDONLY|O_CLOEXEC) = 3</usr/lib/libm.so.6>
1423685 openat(AT_FDCWD</tmp/kernel-audit2-v3r63b5w/\346\261\202\350\247\243\345\231\250>, "/usr/lib/libbrotlicommon.so.1", O_RDONLY|O_CLOEXEC) = 3</usr/lib/libbrotlicommon.so.1.2.0>
1423685 openat(AT_FDCWD</tmp/kernel-audit2-v3r63b5w/\346\261\202\350\247\243\345\231\250>, "/usr/lib/locale/locale-archive", O_RDONLY|O_CLOEXEC) = 3</usr/lib/locale/locale-archive>
1423685 openat(AT_FDCWD</tmp/kernel-audit2-v3r63b5w/\346\261\202\350\247\243\345\231\250>, "/usr/share/locale/locale.alias", O_RDONLY|O_CLOEXEC) = 3</usr/share/locale/locale.alias>
1423685 openat(AT_FDCWD</tmp/kernel-audit2-v3r63b5w/\346\261\202\350\247\243\345\231\250>, "/usr/lib/locale/C.UTF-8/LC_IDENTIFICATION", O_RDONLY|O_CLOEXEC) = -1 ENOENT (No such file or directory)
1423685 openat(AT_FDCWD</tmp/kernel-audit2-v3r63b5w/\346\261\202\350\247\243\345\231\250>, "/usr/lib/locale/C.utf8/LC_IDENTIFICATION", O_RDONLY|O_CLOEXEC) = 3</usr/lib/locale/C.utf8/LC_IDENTIFICATION>
1423685 openat(AT_FDCWD</tmp/kernel-audit2-v3r63b5w/\346\261\202\350\247\243\345\231\250>, "/usr/lib/gconv/gconv-modules.cache", O_RDONLY|O_CLOEXEC) = 3</usr/lib/gconv/gconv-modules.cache>
1423685 openat(AT_FDCWD</tmp/kernel-audit2-v3r63b5w/\346\261\202\350\247\243\345\231\250>, "/usr/lib/locale/C.UTF-8/LC_MEASUREMENT", O_RDONLY|O_CLOEXEC) = -1 ENOENT (No such file or directory)
1423685 openat(AT_FDCWD</tmp/kernel-audit2-v3r63b5w/\346\261\202\350\247\243\345\231\250>, "/usr/lib/locale/C.utf8/LC_MEASUREMENT", O_RDONLY|O_CLOEXEC) = 3</usr/lib/locale/C.utf8/LC_MEASUREMENT>
1423685 openat(AT_FDCWD</tmp/kernel-audit2-v3r63b5w/\346\261\202\350\247\243\345\231\250>, "/usr/lib/locale/C.UTF-8/LC_TELEPHONE", O_RDONLY|O_CLOEXEC) = -1 ENOENT (No such file or directory)
1423685 openat(AT_FDCWD</tmp/kernel-audit2-v3r63b5w/\346\261\202\350\247\243\345\231\250>, "/usr/lib/locale/C.utf8/LC_TELEPHONE", O_RDONLY|O_CLOEXEC) = 3</usr/lib/locale/C.utf8/LC_TELEPHONE>
1423685 openat(AT_FDCWD</tmp/kernel-audit2-v3r63b5w/\346\261\202\350\247\243\345\231\250>, "/usr/lib/locale/C.UTF-8/LC_ADDRESS", O_RDONLY|O_CLOEXEC) = -1 ENOENT (No such file or directory)
1423685 openat(AT_FDCWD</tmp/kernel-audit2-v3r63b5w/\346\261\202\350\247\243\345\231\250>, "/usr/lib/locale/C.utf8/LC_ADDRESS", O_RDONLY|O_CLOEXEC) = 3</usr/lib/locale/C.utf8/LC_ADDRESS>
1423685 openat(AT_FDCWD</tmp/kernel-audit2-v3r63b5w/\346\261\202\350\247\243\345\231\250>, "/usr/lib/locale/C.UTF-8/LC_NAME", O_RDONLY|O_CLOEXEC) = -1 ENOENT (No such file or directory)
1423685 openat(AT_FDCWD</tmp/kernel-audit2-v3r63b5w/\346\261\202\350\247\243\345\231\250>, "/usr/lib/locale/C.utf8/LC_NAME", O_RDONLY|O_CLOEXEC) = 3</usr/lib/locale/C.utf8/LC_NAME>
1423685 openat(AT_FDCWD</tmp/kernel-audit2-v3r63b5w/\346\261\202\350\247\243\345\231\250>, "/usr/lib/locale/C.UTF-8/LC_PAPER", O_RDONLY|O_CLOEXEC) = -1 ENOENT (No such file or directory)
1423685 openat(AT_FDCWD</tmp/kernel-audit2-v3r63b5w/\346\261\202\350\247\243\345\231\250>, "/usr/lib/locale/C.utf8/LC_PAPER", O_RDONLY|O_CLOEXEC) = 3</usr/lib/locale/C.utf8/LC_PAPER>
1423685 openat(AT_FDCWD</tmp/kernel-audit2-v3r63b5w/\346\261\202\350\247\243\345\231\250>, "/usr/lib/locale/C.UTF-8/LC_MESSAGES", O_RDONLY|O_CLOEXEC) = -1 ENOENT (No such file or directory)
1423685 openat(AT_FDCWD</tmp/kernel-audit2-v3r63b5w/\346\261\202\350\247\243\345\231\250>, "/usr/lib/locale/C.utf8/LC_MESSAGES", O_RDONLY|O_CLOEXEC) = 3</usr/lib/locale/C.utf8/LC_MESSAGES>
1423685 openat(AT_FDCWD</tmp/kernel-audit2-v3r63b5w/\346\261\202\350\247\243\345\231\250>, "/usr/lib/locale/C.utf8/LC_MESSAGES/SYS_LC_MESSAGES", O_RDONLY|O_CLOEXEC) = 3</usr/lib/locale/C.utf8/LC_MESSAGES/SYS_LC_MESSAGES>
1423685 openat(AT_FDCWD</tmp/kernel-audit2-v3r63b5w/\346\261\202\350\247\243\345\231\250>, "/usr/lib/locale/C.UTF-8/LC_MONETARY", O_RDONLY|O_CLOEXEC) = -1 ENOENT (No such file or directory)
1423685 openat(AT_FDCWD</tmp/kernel-audit2-v3r63b5w/\346\261\202\350\247\243\345\231\250>, "/usr/lib/locale/C.utf8/LC_MONETARY", O_RDONLY|O_CLOEXEC) = 3</usr/lib/locale/C.utf8/LC_MONETARY>
1423685 openat(AT_FDCWD</tmp/kernel-audit2-v3r63b5w/\346\261\202\350\247\243\345\231\250>, "/usr/lib/locale/C.UTF-8/LC_COLLATE", O_RDONLY|O_CLOEXEC) = -1 ENOENT (No such file or directory)
1423685 openat(AT_FDCWD</tmp/kernel-audit2-v3r63b5w/\346\261\202\350\247\243\345\231\250>, "/usr/lib/locale/C.utf8/LC_COLLATE", O_RDONLY|O_CLOEXEC) = 3</usr/lib/locale/C.utf8/LC_COLLATE>
1423685 openat(AT_FDCWD</tmp/kernel-audit2-v3r63b5w/\346\261\202\350\247\243\345\231\250>, "/usr/lib/locale/C.UTF-8/LC_TIME", O_RDONLY|O_CLOEXEC) = -1 ENOENT (No such file or directory)
1423685 openat(AT_FDCWD</tmp/kernel-audit2-v3r63b5w/\346\261\202\350\247\243\345\231\250>, "/usr/lib/locale/C.utf8/LC_TIME", O_RDONLY|O_CLOEXEC) = 3</usr/lib/locale/C.utf8/LC_TIME>
1423685 openat(AT_FDCWD</tmp/kernel-audit2-v3r63b5w/\346\261\202\350\247\243\345\231\250>, "/usr/lib/locale/C.UTF-8/LC_NUMERIC", O_RDONLY|O_CLOEXEC) = -1 ENOENT (No such file or directory)
1423685 openat(AT_FDCWD</tmp/kernel-audit2-v3r63b5w/\346\261\202\350\247\243\345\231\250>, "/usr/lib/locale/C.utf8/LC_NUMERIC", O_RDONLY|O_CLOEXEC) = 3</usr/lib/locale/C.utf8/LC_NUMERIC>
1423685 openat(AT_FDCWD</tmp/kernel-audit2-v3r63b5w/\346\261\202\350\247\243\345\231\250>, "/usr/lib/locale/C.UTF-8/LC_CTYPE", O_RDONLY|O_CLOEXEC) = -1 ENOENT (No such file or directory)
1423685 openat(AT_FDCWD</tmp/kernel-audit2-v3r63b5w/\346\261\202\350\247\243\345\231\250>, "/usr/lib/locale/C.utf8/LC_CTYPE", O_RDONLY|O_CLOEXEC) = 3</usr/lib/locale/C.utf8/LC_CTYPE>
1423685 openat(AT_FDCWD</tmp/kernel-audit2-v3r63b5w/\346\261\202\350\247\243\345\231\250>, "/tmp/kernel-audit2-v3r63b5w/\346\261\202\350\247\243\345\231\250/crates/kernel/src/lib.rs", O_RDONLY) = 3</tmp/kernel-audit2-v3r63b5w/\346\261\202\350\247\243\345\231\250/crates/kernel/src/lib.rs>
1423646 --- SIGCHLD {si_signo=SIGCHLD, si_code=CLD_EXITED, si_pid=1423685, si_uid=1000, si_status=0, si_utime=0, si_stime=0} ---
1423646 openat(AT_FDCWD</tmp/kernel-audit2-v3r63b5w/\346\261\202\350\247\243\345\231\250>, "/dev/null", O_RDONLY|O_CLOEXEC) = 3</dev/null<char 1:3>>
1423686 execve("/home/zhuran24/.codex/tmp/arg0/codex-arg0DuAZRy/sha256sum", ["sha256sum", "--", "/tmp/kernel-audit2-v3r63b5w/\346\261\202\350\247\243\345\231\250/crates/kernel/src/main.rs"], 0x7ffd187fc5a8 /* 135 vars */) = -1 ENOENT (No such file or directory)
1423686 execve("/home/zhuran24/.cargo/bin/sha256sum", ["sha256sum", "--", "/tmp/kernel-audit2-v3r63b5w/\346\261\202\350\247\243\345\231\250/crates/kernel/src/main.rs"], 0x7ffd187fc5a8 /* 135 vars */) = -1 ENOENT (No such file or directory)
1423686 execve("/home/zhuran24/.local/bin/sha256sum", ["sha256sum", "--", "/tmp/kernel-audit2-v3r63b5w/\346\261\202\350\247\243\345\231\250/crates/kernel/src/main.rs"], 0x7ffd187fc5a8 /* 135 vars */) = -1 ENOENT (No such file or directory)
1423686 execve("/home/zhuran24/.opencode/bin/sha256sum", ["sha256sum", "--", "/tmp/kernel-audit2-v3r63b5w/\346\261\202\350\247\243\345\231\250/crates/kernel/src/main.rs"], 0x7ffd187fc5a8 /* 135 vars */) = -1 ENOENT (No such file or directory)
1423686 execve("/usr/local/bin/sha256sum", ["sha256sum", "--", "/tmp/kernel-audit2-v3r63b5w/\346\261\202\350\247\243\345\231\250/crates/kernel/src/main.rs"], 0x7ffd187fc5a8 /* 135 vars */) = -1 ENOENT (No such file or directory)
1423686 execve("/usr/bin/sha256sum", ["sha256sum", "--", "/tmp/kernel-audit2-v3r63b5w/\346\261\202\350\247\243\345\231\250/crates/kernel/src/main.rs"], 0x7ffd187fc5a8 /* 135 vars */) = 0
1423686 openat(AT_FDCWD</tmp/kernel-audit2-v3r63b5w/\346\261\202\350\247\243\345\231\250>, "/etc/ld.so.cache", O_RDONLY|O_CLOEXEC) = 3</etc/ld.so.cache>
1423686 openat(AT_FDCWD</tmp/kernel-audit2-v3r63b5w/\346\261\202\350\247\243\345\231\250>, "/usr/lib/libcrypto.so.3", O_RDONLY|O_CLOEXEC) = 3</usr/lib/libcrypto.so.3>
1423686 openat(AT_FDCWD</tmp/kernel-audit2-v3r63b5w/\346\261\202\350\247\243\345\231\250>, "/usr/lib/libc.so.6", O_RDONLY|O_CLOEXEC) = 3</usr/lib/libc.so.6>
1423686 openat(AT_FDCWD</tmp/kernel-audit2-v3r63b5w/\346\261\202\350\247\243\345\231\250>, "/usr/lib/libz.so.1", O_RDONLY|O_CLOEXEC) = 3</usr/lib/libz.so.1.3.1.zlib-ng>
1423686 openat(AT_FDCWD</tmp/kernel-audit2-v3r63b5w/\346\261\202\350\247\243\345\231\250>, "/usr/lib/libbrotlienc.so.1", O_RDONLY|O_CLOEXEC) = 3</usr/lib/libbrotlienc.so.1.2.0>
1423686 openat(AT_FDCWD</tmp/kernel-audit2-v3r63b5w/\346\261\202\350\247\243\345\231\250>, "/usr/lib/libbrotlidec.so.1", O_RDONLY|O_CLOEXEC) = 3</usr/lib/libbrotlidec.so.1.2.0>
1423686 openat(AT_FDCWD</tmp/kernel-audit2-v3r63b5w/\346\261\202\350\247\243\345\231\250>, "/usr/lib/libzstd.so.1", O_RDONLY|O_CLOEXEC) = 3</usr/lib/libzstd.so.1.5.7>
1423686 openat(AT_FDCWD</tmp/kernel-audit2-v3r63b5w/\346\261\202\350\247\243\345\231\250>, "/usr/lib/libm.so.6", O_RDONLY|O_CLOEXEC) = 3</usr/lib/libm.so.6>
1423686 openat(AT_FDCWD</tmp/kernel-audit2-v3r63b5w/\346\261\202\350\247\243\345\231\250>, "/usr/lib/libbrotlicommon.so.1", O_RDONLY|O_CLOEXEC) = 3</usr/lib/libbrotlicommon.so.1.2.0>
1423686 openat(AT_FDCWD</tmp/kernel-audit2-v3r63b5w/\346\261\202\350\247\243\345\231\250>, "/usr/lib/locale/locale-archive", O_RDONLY|O_CLOEXEC) = 3</usr/lib/locale/locale-archive>
1423686 openat(AT_FDCWD</tmp/kernel-audit2-v3r63b5w/\346\261\202\350\247\243\345\231\250>, "/usr/share/locale/locale.alias", O_RDONLY|O_CLOEXEC) = 3</usr/share/locale/locale.alias>
1423686 openat(AT_FDCWD</tmp/kernel-audit2-v3r63b5w/\346\261\202\350\247\243\345\231\250>, "/usr/lib/locale/C.UTF-8/LC_IDENTIFICATION", O_RDONLY|O_CLOEXEC) = -1 ENOENT (No such file or directory)
1423686 openat(AT_FDCWD</tmp/kernel-audit2-v3r63b5w/\346\261\202\350\247\243\345\231\250>, "/usr/lib/locale/C.utf8/LC_IDENTIFICATION", O_RDONLY|O_CLOEXEC) = 3</usr/lib/locale/C.utf8/LC_IDENTIFICATION>
1423686 openat(AT_FDCWD</tmp/kernel-audit2-v3r63b5w/\346\261\202\350\247\243\345\231\250>, "/usr/lib/gconv/gconv-modules.cache", O_RDONLY|O_CLOEXEC) = 3</usr/lib/gconv/gconv-modules.cache>
1423686 openat(AT_FDCWD</tmp/kernel-audit2-v3r63b5w/\346\261\202\350\247\243\345\231\250>, "/usr/lib/locale/C.UTF-8/LC_MEASUREMENT", O_RDONLY|O_CLOEXEC) = -1 ENOENT (No such file or directory)
1423686 openat(AT_FDCWD</tmp/kernel-audit2-v3r63b5w/\346\261\202\350\247\243\345\231\250>, "/usr/lib/locale/C.utf8/LC_MEASUREMENT", O_RDONLY|O_CLOEXEC) = 3</usr/lib/locale/C.utf8/LC_MEASUREMENT>
1423686 openat(AT_FDCWD</tmp/kernel-audit2-v3r63b5w/\346\261\202\350\247\243\345\231\250>, "/usr/lib/locale/C.UTF-8/LC_TELEPHONE", O_RDONLY|O_CLOEXEC) = -1 ENOENT (No such file or directory)
1423686 openat(AT_FDCWD</tmp/kernel-audit2-v3r63b5w/\346\261\202\350\247\243\345\231\250>, "/usr/lib/locale/C.utf8/LC_TELEPHONE", O_RDONLY|O_CLOEXEC) = 3</usr/lib/locale/C.utf8/LC_TELEPHONE>
1423686 openat(AT_FDCWD</tmp/kernel-audit2-v3r63b5w/\346\261\202\350\247\243\345\231\250>, "/usr/lib/locale/C.UTF-8/LC_ADDRESS", O_RDONLY|O_CLOEXEC) = -1 ENOENT (No such file or directory)
1423686 openat(AT_FDCWD</tmp/kernel-audit2-v3r63b5w/\346\261\202\350\247\243\345\231\250>, "/usr/lib/locale/C.utf8/LC_ADDRESS", O_RDONLY|O_CLOEXEC) = 3</usr/lib/locale/C.utf8/LC_ADDRESS>
1423686 openat(AT_FDCWD</tmp/kernel-audit2-v3r63b5w/\346\261\202\350\247\243\345\231\250>, "/usr/lib/locale/C.UTF-8/LC_NAME", O_RDONLY|O_CLOEXEC) = -1 ENOENT (No such file or directory)
1423686 openat(AT_FDCWD</tmp/kernel-audit2-v3r63b5w/\346\261\202\350\247\243\345\231\250>, "/usr/lib/locale/C.utf8/LC_NAME", O_RDONLY|O_CLOEXEC) = 3</usr/lib/locale/C.utf8/LC_NAME>
1423686 openat(AT_FDCWD</tmp/kernel-audit2-v3r63b5w/\346\261\202\350\247\243\345\231\250>, "/usr/lib/locale/C.UTF-8/LC_PAPER", O_RDONLY|O_CLOEXEC) = -1 ENOENT (No such file or directory)
1423686 openat(AT_FDCWD</tmp/kernel-audit2-v3r63b5w/\346\261\202\350\247\243\345\231\250>, "/usr/lib/locale/C.utf8/LC_PAPER", O_RDONLY|O_CLOEXEC) = 3</usr/lib/locale/C.utf8/LC_PAPER>
1423686 openat(AT_FDCWD</tmp/kernel-audit2-v3r63b5w/\346\261\202\350\247\243\345\231\250>, "/usr/lib/locale/C.UTF-8/LC_MESSAGES", O_RDONLY|O_CLOEXEC) = -1 ENOENT (No such file or directory)
1423686 openat(AT_FDCWD</tmp/kernel-audit2-v3r63b5w/\346\261\202\350\247\243\345\231\250>, "/usr/lib/locale/C.utf8/LC_MESSAGES", O_RDONLY|O_CLOEXEC) = 3</usr/lib/locale/C.utf8/LC_MESSAGES>
1423686 openat(AT_FDCWD</tmp/kernel-audit2-v3r63b5w/\346\261\202\350\247\243\345\231\250>, "/usr/lib/locale/C.utf8/LC_MESSAGES/SYS_LC_MESSAGES", O_RDONLY|O_CLOEXEC) = 3</usr/lib/locale/C.utf8/LC_MESSAGES/SYS_LC_MESSAGES>
1423686 openat(AT_FDCWD</tmp/kernel-audit2-v3r63b5w/\346\261\202\350\247\243\345\231\250>, "/usr/lib/locale/C.UTF-8/LC_MONETARY", O_RDONLY|O_CLOEXEC) = -1 ENOENT (No such file or directory)
1423686 openat(AT_FDCWD</tmp/kernel-audit2-v3r63b5w/\346\261\202\350\247\243\345\231\250>, "/usr/lib/locale/C.utf8/LC_MONETARY", O_RDONLY|O_CLOEXEC) = 3</usr/lib/locale/C.utf8/LC_MONETARY>
1423686 openat(AT_FDCWD</tmp/kernel-audit2-v3r63b5w/\346\261\202\350\247\243\345\231\250>, "/usr/lib/locale/C.UTF-8/LC_COLLATE", O_RDONLY|O_CLOEXEC) = -1 ENOENT (No such file or directory)
1423686 openat(AT_FDCWD</tmp/kernel-audit2-v3r63b5w/\346\261\202\350\247\243\345\231\250>, "/usr/lib/locale/C.utf8/LC_COLLATE", O_RDONLY|O_CLOEXEC) = 3</usr/lib/locale/C.utf8/LC_COLLATE>
1423686 openat(AT_FDCWD</tmp/kernel-audit2-v3r63b5w/\346\261\202\350\247\243\345\231\250>, "/usr/lib/locale/C.UTF-8/LC_TIME", O_RDONLY|O_CLOEXEC) = -1 ENOENT (No such file or directory)
1423686 openat(AT_FDCWD</tmp/kernel-audit2-v3r63b5w/\346\261\202\350\247\243\345\231\250>, "/usr/lib/locale/C.utf8/LC_TIME", O_RDONLY|O_CLOEXEC) = 3</usr/lib/locale/C.utf8/LC_TIME>
1423686 openat(AT_FDCWD</tmp/kernel-audit2-v3r63b5w/\346\261\202\350\247\243\345\231\250>, "/usr/lib/locale/C.UTF-8/LC_NUMERIC", O_RDONLY|O_CLOEXEC) = -1 ENOENT (No such file or directory)
1423686 openat(AT_FDCWD</tmp/kernel-audit2-v3r63b5w/\346\261\202\350\247\243\345\231\250>, "/usr/lib/locale/C.utf8/LC_NUMERIC", O_RDONLY|O_CLOEXEC) = 3</usr/lib/locale/C.utf8/LC_NUMERIC>
1423686 openat(AT_FDCWD</tmp/kernel-audit2-v3r63b5w/\346\261\202\350\247\243\345\231\250>, "/usr/lib/locale/C.UTF-8/LC_CTYPE", O_RDONLY|O_CLOEXEC) = -1 ENOENT (No such file or directory)
1423686 openat(AT_FDCWD</tmp/kernel-audit2-v3r63b5w/\346\261\202\350\247\243\345\231\250>, "/usr/lib/locale/C.utf8/LC_CTYPE", O_RDONLY|O_CLOEXEC) = 3</usr/lib/locale/C.utf8/LC_CTYPE>
1423686 openat(AT_FDCWD</tmp/kernel-audit2-v3r63b5w/\346\261\202\350\247\243\345\231\250>, "/tmp/kernel-audit2-v3r63b5w/\346\261\202\350\247\243\345\231\250/crates/kernel/src/main.rs", O_RDONLY) = 3</tmp/kernel-audit2-v3r63b5w/\346\261\202\350\247\243\345\231\250/crates/kernel/src/main.rs>
1423646 --- SIGCHLD {si_signo=SIGCHLD, si_code=CLD_EXITED, si_pid=1423686, si_uid=1000, si_status=0, si_utime=0, si_stime=0} ---
1423646 openat(AT_FDCWD</tmp/kernel-audit2-v3r63b5w/\346\261\202\350\247\243\345\231\250>, "/dev/null", O_RDONLY|O_CLOEXEC) = 3</dev/null<char 1:3>>
1423687 execve("/home/zhuran24/.codex/tmp/arg0/codex-arg0DuAZRy/sha256sum", ["sha256sum", "--", "/tmp/kernel-audit2-v3r63b5w/\346\261\202\350\247\243\345\231\250/Cargo.toml"], 0x7ffd187fc5a8 /* 135 vars */) = -1 ENOENT (No such file or directory)
1423687 execve("/home/zhuran24/.cargo/bin/sha256sum", ["sha256sum", "--", "/tmp/kernel-audit2-v3r63b5w/\346\261\202\350\247\243\345\231\250/Cargo.toml"], 0x7ffd187fc5a8 /* 135 vars */) = -1 ENOENT (No such file or directory)
1423687 execve("/home/zhuran24/.local/bin/sha256sum", ["sha256sum", "--", "/tmp/kernel-audit2-v3r63b5w/\346\261\202\350\247\243\345\231\250/Cargo.toml"], 0x7ffd187fc5a8 /* 135 vars */) = -1 ENOENT (No such file or directory)
1423687 execve("/home/zhuran24/.opencode/bin/sha256sum", ["sha256sum", "--", "/tmp/kernel-audit2-v3r63b5w/\346\261\202\350\247\243\345\231\250/Cargo.toml"], 0x7ffd187fc5a8 /* 135 vars */) = -1 ENOENT (No such file or directory)
1423687 execve("/usr/local/bin/sha256sum", ["sha256sum", "--", "/tmp/kernel-audit2-v3r63b5w/\346\261\202\350\247\243\345\231\250/Cargo.toml"], 0x7ffd187fc5a8 /* 135 vars */) = -1 ENOENT (No such file or directory)
1423687 execve("/usr/bin/sha256sum", ["sha256sum", "--", "/tmp/kernel-audit2-v3r63b5w/\346\261\202\350\247\243\345\231\250/Cargo.toml"], 0x7ffd187fc5a8 /* 135 vars */) = 0
1423687 openat(AT_FDCWD</tmp/kernel-audit2-v3r63b5w/\346\261\202\350\247\243\345\231\250>, "/etc/ld.so.cache", O_RDONLY|O_CLOEXEC) = 3</etc/ld.so.cache>
1423687 openat(AT_FDCWD</tmp/kernel-audit2-v3r63b5w/\346\261\202\350\247\243\345\231\250>, "/usr/lib/libcrypto.so.3", O_RDONLY|O_CLOEXEC) = 3</usr/lib/libcrypto.so.3>
1423687 openat(AT_FDCWD</tmp/kernel-audit2-v3r63b5w/\346\261\202\350\247\243\345\231\250>, "/usr/lib/libc.so.6", O_RDONLY|O_CLOEXEC) = 3</usr/lib/libc.so.6>
1423687 openat(AT_FDCWD</tmp/kernel-audit2-v3r63b5w/\346\261\202\350\247\243\345\231\250>, "/usr/lib/libz.so.1", O_RDONLY|O_CLOEXEC) = 3</usr/lib/libz.so.1.3.1.zlib-ng>
1423687 openat(AT_FDCWD</tmp/kernel-audit2-v3r63b5w/\346\261\202\350\247\243\345\231\250>, "/usr/lib/libbrotlienc.so.1", O_RDONLY|O_CLOEXEC) = 3</usr/lib/libbrotlienc.so.1.2.0>
1423687 openat(AT_FDCWD</tmp/kernel-audit2-v3r63b5w/\346\261\202\350\247\243\345\231\250>, "/usr/lib/libbrotlidec.so.1", O_RDONLY|O_CLOEXEC) = 3</usr/lib/libbrotlidec.so.1.2.0>
1423687 openat(AT_FDCWD</tmp/kernel-audit2-v3r63b5w/\346\261\202\350\247\243\345\231\250>, "/usr/lib/libzstd.so.1", O_RDONLY|O_CLOEXEC) = 3</usr/lib/libzstd.so.1.5.7>
1423687 openat(AT_FDCWD</tmp/kernel-audit2-v3r63b5w/\346\261\202\350\247\243\345\231\250>, "/usr/lib/libm.so.6", O_RDONLY|O_CLOEXEC) = 3</usr/lib/libm.so.6>
1423687 openat(AT_FDCWD</tmp/kernel-audit2-v3r63b5w/\346\261\202\350\247\243\345\231\250>, "/usr/lib/libbrotlicommon.so.1", O_RDONLY|O_CLOEXEC) = 3</usr/lib/libbrotlicommon.so.1.2.0>
1423687 openat(AT_FDCWD</tmp/kernel-audit2-v3r63b5w/\346\261\202\350\247\243\345\231\250>, "/usr/lib/locale/locale-archive", O_RDONLY|O_CLOEXEC) = 3</usr/lib/locale/locale-archive>
1423687 openat(AT_FDCWD</tmp/kernel-audit2-v3r63b5w/\346\261\202\350\247\243\345\231\250>, "/usr/share/locale/locale.alias", O_RDONLY|O_CLOEXEC) = 3</usr/share/locale/locale.alias>
1423687 openat(AT_FDCWD</tmp/kernel-audit2-v3r63b5w/\346\261\202\350\247\243\345\231\250>, "/usr/lib/locale/C.UTF-8/LC_IDENTIFICATION", O_RDONLY|O_CLOEXEC) = -1 ENOENT (No such file or directory)
1423687 openat(AT_FDCWD</tmp/kernel-audit2-v3r63b5w/\346\261\202\350\247\243\345\231\250>, "/usr/lib/locale/C.utf8/LC_IDENTIFICATION", O_RDONLY|O_CLOEXEC) = 3</usr/lib/locale/C.utf8/LC_IDENTIFICATION>
1423687 openat(AT_FDCWD</tmp/kernel-audit2-v3r63b5w/\346\261\202\350\247\243\345\231\250>, "/usr/lib/gconv/gconv-modules.cache", O_RDONLY|O_CLOEXEC) = 3</usr/lib/gconv/gconv-modules.cache>
1423687 openat(AT_FDCWD</tmp/kernel-audit2-v3r63b5w/\346\261\202\350\247\243\345\231\250>, "/usr/lib/locale/C.UTF-8/LC_MEASUREMENT", O_RDONLY|O_CLOEXEC) = -1 ENOENT (No such file or directory)
1423687 openat(AT_FDCWD</tmp/kernel-audit2-v3r63b5w/\346\261\202\350\247\243\345\231\250>, "/usr/lib/locale/C.utf8/LC_MEASUREMENT", O_RDONLY|O_CLOEXEC) = 3</usr/lib/locale/C.utf8/LC_MEASUREMENT>
1423687 openat(AT_FDCWD</tmp/kernel-audit2-v3r63b5w/\346\261\202\350\247\243\345\231\250>, "/usr/lib/locale/C.UTF-8/LC_TELEPHONE", O_RDONLY|O_CLOEXEC) = -1 ENOENT (No such file or directory)
1423687 openat(AT_FDCWD</tmp/kernel-audit2-v3r63b5w/\346\261\202\350\247\243\345\231\250>, "/usr/lib/locale/C.utf8/LC_TELEPHONE", O_RDONLY|O_CLOEXEC) = 3</usr/lib/locale/C.utf8/LC_TELEPHONE>
1423687 openat(AT_FDCWD</tmp/kernel-audit2-v3r63b5w/\346\261\202\350\247\243\345\231\250>, "/usr/lib/locale/C.UTF-8/LC_ADDRESS", O_RDONLY|O_CLOEXEC) = -1 ENOENT (No such file or directory)
1423687 openat(AT_FDCWD</tmp/kernel-audit2-v3r63b5w/\346\261\202\350\247\243\345\231\250>, "/usr/lib/locale/C.utf8/LC_ADDRESS", O_RDONLY|O_CLOEXEC) = 3</usr/lib/locale/C.utf8/LC_ADDRESS>
1423687 openat(AT_FDCWD</tmp/kernel-audit2-v3r63b5w/\346\261\202\350\247\243\345\231\250>, "/usr/lib/locale/C.UTF-8/LC_NAME", O_RDONLY|O_CLOEXEC) = -1 ENOENT (No such file or directory)
1423687 openat(AT_FDCWD</tmp/kernel-audit2-v3r63b5w/\346\261\202\350\247\243\345\231\250>, "/usr/lib/locale/C.utf8/LC_NAME", O_RDONLY|O_CLOEXEC) = 3</usr/lib/locale/C.utf8/LC_NAME>
1423687 openat(AT_FDCWD</tmp/kernel-audit2-v3r63b5w/\346\261\202\350\247\243\345\231\250>, "/usr/lib/locale/C.UTF-8/LC_PAPER", O_RDONLY|O_CLOEXEC) = -1 ENOENT (No such file or directory)
1423687 openat(AT_FDCWD</tmp/kernel-audit2-v3r63b5w/\346\261\202\350\247\243\345\231\250>, "/usr/lib/locale/C.utf8/LC_PAPER", O_RDONLY|O_CLOEXEC) = 3</usr/lib/locale/C.utf8/LC_PAPER>
1423687 openat(AT_FDCWD</tmp/kernel-audit2-v3r63b5w/\346\261\202\350\247\243\345\231\250>, "/usr/lib/locale/C.UTF-8/LC_MESSAGES", O_RDONLY|O_CLOEXEC) = -1 ENOENT (No such file or directory)
1423687 openat(AT_FDCWD</tmp/kernel-audit2-v3r63b5w/\346\261\202\350\247\243\345\231\250>, "/usr/lib/locale/C.utf8/LC_MESSAGES", O_RDONLY|O_CLOEXEC) = 3</usr/lib/locale/C.utf8/LC_MESSAGES>
1423687 openat(AT_FDCWD</tmp/kernel-audit2-v3r63b5w/\346\261\202\350\247\243\345\231\250>, "/usr/lib/locale/C.utf8/LC_MESSAGES/SYS_LC_MESSAGES", O_RDONLY|O_CLOEXEC) = 3</usr/lib/locale/C.utf8/LC_MESSAGES/SYS_LC_MESSAGES>
1423687 openat(AT_FDCWD</tmp/kernel-audit2-v3r63b5w/\346\261\202\350\247\243\345\231\250>, "/usr/lib/locale/C.UTF-8/LC_MONETARY", O_RDONLY|O_CLOEXEC) = -1 ENOENT (No such file or directory)
1423687 openat(AT_FDCWD</tmp/kernel-audit2-v3r63b5w/\346\261\202\350\247\243\345\231\250>, "/usr/lib/locale/C.utf8/LC_MONETARY", O_RDONLY|O_CLOEXEC) = 3</usr/lib/locale/C.utf8/LC_MONETARY>
1423687 openat(AT_FDCWD</tmp/kernel-audit2-v3r63b5w/\346\261\202\350\247\243\345\231\250>, "/usr/lib/locale/C.UTF-8/LC_COLLATE", O_RDONLY|O_CLOEXEC) = -1 ENOENT (No such file or directory)
1423687 openat(AT_FDCWD</tmp/kernel-audit2-v3r63b5w/\346\261\202\350\247\243\345\231\250>, "/usr/lib/locale/C.utf8/LC_COLLATE", O_RDONLY|O_CLOEXEC) = 3</usr/lib/locale/C.utf8/LC_COLLATE>
1423687 openat(AT_FDCWD</tmp/kernel-audit2-v3r63b5w/\346\261\202\350\247\243\345\231\250>, "/usr/lib/locale/C.UTF-8/LC_TIME", O_RDONLY|O_CLOEXEC) = -1 ENOENT (No such file or directory)
1423687 openat(AT_FDCWD</tmp/kernel-audit2-v3r63b5w/\346\261\202\350\247\243\345\231\250>, "/usr/lib/locale/C.utf8/LC_TIME", O_RDONLY|O_CLOEXEC) = 3</usr/lib/locale/C.utf8/LC_TIME>
1423687 openat(AT_FDCWD</tmp/kernel-audit2-v3r63b5w/\346\261\202\350\247\243\345\231\250>, "/usr/lib/locale/C.UTF-8/LC_NUMERIC", O_RDONLY|O_CLOEXEC) = -1 ENOENT (No such file or directory)
1423687 openat(AT_FDCWD</tmp/kernel-audit2-v3r63b5w/\346\261\202\350\247\243\345\231\250>, "/usr/lib/locale/C.utf8/LC_NUMERIC", O_RDONLY|O_CLOEXEC) = 3</usr/lib/locale/C.utf8/LC_NUMERIC>
1423687 openat(AT_FDCWD</tmp/kernel-audit2-v3r63b5w/\346\261\202\350\247\243\345\231\250>, "/usr/lib/locale/C.UTF-8/LC_CTYPE", O_RDONLY|O_CLOEXEC) = -1 ENOENT (No such file or directory)
1423687 openat(AT_FDCWD</tmp/kernel-audit2-v3r63b5w/\346\261\202\350\247\243\345\231\250>, "/usr/lib/locale/C.utf8/LC_CTYPE", O_RDONLY|O_CLOEXEC) = 3</usr/lib/locale/C.utf8/LC_CTYPE>
1423687 openat(AT_FDCWD</tmp/kernel-audit2-v3r63b5w/\346\261\202\350\247\243\345\231\250>, "/tmp/kernel-audit2-v3r63b5w/\346\261\202\350\247\243\345\231\250/Cargo.toml", O_RDONLY) = 3</tmp/kernel-audit2-v3r63b5w/\346\261\202\350\247\243\345\231\250/Cargo.toml>
1423646 --- SIGCHLD {si_signo=SIGCHLD, si_code=CLD_EXITED, si_pid=1423687, si_uid=1000, si_status=0, si_utime=0, si_stime=0} ---
1423646 openat(AT_FDCWD</tmp/kernel-audit2-v3r63b5w/\346\261\202\350\247\243\345\231\250>, "/dev/null", O_RDONLY|O_CLOEXEC) = 3</dev/null<char 1:3>>
1423688 execve("/home/zhuran24/.codex/tmp/arg0/codex-arg0DuAZRy/sha256sum", ["sha256sum", "--", "/tmp/kernel-audit2-v3r63b5w/\346\261\202\350\247\243\345\231\250/Cargo.lock"], 0x7ffd187fc5a8 /* 135 vars */) = -1 ENOENT (No such file or directory)
1423688 execve("/home/zhuran24/.cargo/bin/sha256sum", ["sha256sum", "--", "/tmp/kernel-audit2-v3r63b5w/\346\261\202\350\247\243\345\231\250/Cargo.lock"], 0x7ffd187fc5a8 /* 135 vars */) = -1 ENOENT (No such file or directory)
1423688 execve("/home/zhuran24/.local/bin/sha256sum", ["sha256sum", "--", "/tmp/kernel-audit2-v3r63b5w/\346\261\202\350\247\243\345\231\250/Cargo.lock"], 0x7ffd187fc5a8 /* 135 vars */) = -1 ENOENT (No such file or directory)
1423688 execve("/home/zhuran24/.opencode/bin/sha256sum", ["sha256sum", "--", "/tmp/kernel-audit2-v3r63b5w/\346\261\202\350\247\243\345\231\250/Cargo.lock"], 0x7ffd187fc5a8 /* 135 vars */) = -1 ENOENT (No such file or directory)
1423688 execve("/usr/local/bin/sha256sum", ["sha256sum", "--", "/tmp/kernel-audit2-v3r63b5w/\346\261\202\350\247\243\345\231\250/Cargo.lock"], 0x7ffd187fc5a8 /* 135 vars */) = -1 ENOENT (No such file or directory)
1423688 execve("/usr/bin/sha256sum", ["sha256sum", "--", "/tmp/kernel-audit2-v3r63b5w/\346\261\202\350\247\243\345\231\250/Cargo.lock"], 0x7ffd187fc5a8 /* 135 vars */) = 0
1423688 openat(AT_FDCWD</tmp/kernel-audit2-v3r63b5w/\346\261\202\350\247\243\345\231\250>, "/etc/ld.so.cache", O_RDONLY|O_CLOEXEC) = 3</etc/ld.so.cache>
1423688 openat(AT_FDCWD</tmp/kernel-audit2-v3r63b5w/\346\261\202\350\247\243\345\231\250>, "/usr/lib/libcrypto.so.3", O_RDONLY|O_CLOEXEC) = 3</usr/lib/libcrypto.so.3>
1423688 openat(AT_FDCWD</tmp/kernel-audit2-v3r63b5w/\346\261\202\350\247\243\345\231\250>, "/usr/lib/libc.so.6", O_RDONLY|O_CLOEXEC) = 3</usr/lib/libc.so.6>
1423688 openat(AT_FDCWD</tmp/kernel-audit2-v3r63b5w/\346\261\202\350\247\243\345\231\250>, "/usr/lib/libz.so.1", O_RDONLY|O_CLOEXEC) = 3</usr/lib/libz.so.1.3.1.zlib-ng>
1423688 openat(AT_FDCWD</tmp/kernel-audit2-v3r63b5w/\346\261\202\350\247\243\345\231\250>, "/usr/lib/libbrotlienc.so.1", O_RDONLY|O_CLOEXEC) = 3</usr/lib/libbrotlienc.so.1.2.0>
1423688 openat(AT_FDCWD</tmp/kernel-audit2-v3r63b5w/\346\261\202\350\247\243\345\231\250>, "/usr/lib/libbrotlidec.so.1", O_RDONLY|O_CLOEXEC) = 3</usr/lib/libbrotlidec.so.1.2.0>
1423688 openat(AT_FDCWD</tmp/kernel-audit2-v3r63b5w/\346\261\202\350\247\243\345\231\250>, "/usr/lib/libzstd.so.1", O_RDONLY|O_CLOEXEC) = 3</usr/lib/libzstd.so.1.5.7>
1423688 openat(AT_FDCWD</tmp/kernel-audit2-v3r63b5w/\346\261\202\350\247\243\345\231\250>, "/usr/lib/libm.so.6", O_RDONLY|O_CLOEXEC) = 3</usr/lib/libm.so.6>
1423688 openat(AT_FDCWD</tmp/kernel-audit2-v3r63b5w/\346\261\202\350\247\243\345\231\250>, "/usr/lib/libbrotlicommon.so.1", O_RDONLY|O_CLOEXEC) = 3</usr/lib/libbrotlicommon.so.1.2.0>
1423688 openat(AT_FDCWD</tmp/kernel-audit2-v3r63b5w/\346\261\202\350\247\243\345\231\250>, "/usr/lib/locale/locale-archive", O_RDONLY|O_CLOEXEC) = 3</usr/lib/locale/locale-archive>
1423688 openat(AT_FDCWD</tmp/kernel-audit2-v3r63b5w/\346\261\202\350\247\243\345\231\250>, "/usr/share/locale/locale.alias", O_RDONLY|O_CLOEXEC) = 3</usr/share/locale/locale.alias>
1423688 openat(AT_FDCWD</tmp/kernel-audit2-v3r63b5w/\346\261\202\350\247\243\345\231\250>, "/usr/lib/locale/C.UTF-8/LC_IDENTIFICATION", O_RDONLY|O_CLOEXEC) = -1 ENOENT (No such file or directory)
1423688 openat(AT_FDCWD</tmp/kernel-audit2-v3r63b5w/\346\261\202\350\247\243\345\231\250>, "/usr/lib/locale/C.utf8/LC_IDENTIFICATION", O_RDONLY|O_CLOEXEC) = 3</usr/lib/locale/C.utf8/LC_IDENTIFICATION>
1423688 openat(AT_FDCWD</tmp/kernel-audit2-v3r63b5w/\346\261\202\350\247\243\345\231\250>, "/usr/lib/gconv/gconv-modules.cache", O_RDONLY|O_CLOEXEC) = 3</usr/lib/gconv/gconv-modules.cache>
1423688 openat(AT_FDCWD</tmp/kernel-audit2-v3r63b5w/\346\261\202\350\247\243\345\231\250>, "/usr/lib/locale/C.UTF-8/LC_MEASUREMENT", O_RDONLY|O_CLOEXEC) = -1 ENOENT (No such file or directory)
1423688 openat(AT_FDCWD</tmp/kernel-audit2-v3r63b5w/\346\261\202\350\247\243\345\231\250>, "/usr/lib/locale/C.utf8/LC_MEASUREMENT", O_RDONLY|O_CLOEXEC) = 3</usr/lib/locale/C.utf8/LC_MEASUREMENT>
1423688 openat(AT_FDCWD</tmp/kernel-audit2-v3r63b5w/\346\261\202\350\247\243\345\231\250>, "/usr/lib/locale/C.UTF-8/LC_TELEPHONE", O_RDONLY|O_CLOEXEC) = -1 ENOENT (No such file or directory)
1423688 openat(AT_FDCWD</tmp/kernel-audit2-v3r63b5w/\346\261\202\350\247\243\345\231\250>, "/usr/lib/locale/C.utf8/LC_TELEPHONE", O_RDONLY|O_CLOEXEC) = 3</usr/lib/locale/C.utf8/LC_TELEPHONE>
1423688 openat(AT_FDCWD</tmp/kernel-audit2-v3r63b5w/\346\261\202\350\247\243\345\231\250>, "/usr/lib/locale/C.UTF-8/LC_ADDRESS", O_RDONLY|O_CLOEXEC) = -1 ENOENT (No such file or directory)
1423688 openat(AT_FDCWD</tmp/kernel-audit2-v3r63b5w/\346\261\202\350\247\243\345\231\250>, "/usr/lib/locale/C.utf8/LC_ADDRESS", O_RDONLY|O_CLOEXEC) = 3</usr/lib/locale/C.utf8/LC_ADDRESS>
1423688 openat(AT_FDCWD</tmp/kernel-audit2-v3r63b5w/\346\261\202\350\247\243\345\231\250>, "/usr/lib/locale/C.UTF-8/LC_NAME", O_RDONLY|O_CLOEXEC) = -1 ENOENT (No such file or directory)
1423688 openat(AT_FDCWD</tmp/kernel-audit2-v3r63b5w/\346\261\202\350\247\243\345\231\250>, "/usr/lib/locale/C.utf8/LC_NAME", O_RDONLY|O_CLOEXEC) = 3</usr/lib/locale/C.utf8/LC_NAME>
1423688 openat(AT_FDCWD</tmp/kernel-audit2-v3r63b5w/\346\261\202\350\247\243\345\231\250>, "/usr/lib/locale/C.UTF-8/LC_PAPER", O_RDONLY|O_CLOEXEC) = -1 ENOENT (No such file or directory)
1423688 openat(AT_FDCWD</tmp/kernel-audit2-v3r63b5w/\346\261\202\350\247\243\345\231\250>, "/usr/lib/locale/C.utf8/LC_PAPER", O_RDONLY|O_CLOEXEC) = 3</usr/lib/locale/C.utf8/LC_PAPER>
1423688 openat(AT_FDCWD</tmp/kernel-audit2-v3r63b5w/\346\261\202\350\247\243\345\231\250>, "/usr/lib/locale/C.UTF-8/LC_MESSAGES", O_RDONLY|O_CLOEXEC) = -1 ENOENT (No such file or directory)
1423688 openat(AT_FDCWD</tmp/kernel-audit2-v3r63b5w/\346\261\202\350\247\243\345\231\250>, "/usr/lib/locale/C.utf8/LC_MESSAGES", O_RDONLY|O_CLOEXEC) = 3</usr/lib/locale/C.utf8/LC_MESSAGES>
1423688 openat(AT_FDCWD</tmp/kernel-audit2-v3r63b5w/\346\261\202\350\247\243\345\231\250>, "/usr/lib/locale/C.utf8/LC_MESSAGES/SYS_LC_MESSAGES", O_RDONLY|O_CLOEXEC) = 3</usr/lib/locale/C.utf8/LC_MESSAGES/SYS_LC_MESSAGES>
1423688 openat(AT_FDCWD</tmp/kernel-audit2-v3r63b5w/\346\261\202\350\247\243\345\231\250>, "/usr/lib/locale/C.UTF-8/LC_MONETARY", O_RDONLY|O_CLOEXEC) = -1 ENOENT (No such file or directory)
1423688 openat(AT_FDCWD</tmp/kernel-audit2-v3r63b5w/\346\261\202\350\247\243\345\231\250>, "/usr/lib/locale/C.utf8/LC_MONETARY", O_RDONLY|O_CLOEXEC) = 3</usr/lib/locale/C.utf8/LC_MONETARY>
1423688 openat(AT_FDCWD</tmp/kernel-audit2-v3r63b5w/\346\261\202\350\247\243\345\231\250>, "/usr/lib/locale/C.UTF-8/LC_COLLATE", O_RDONLY|O_CLOEXEC) = -1 ENOENT (No such file or directory)
1423688 openat(AT_FDCWD</tmp/kernel-audit2-v3r63b5w/\346\261\202\350\247\243\345\231\250>, "/usr/lib/locale/C.utf8/LC_COLLATE", O_RDONLY|O_CLOEXEC) = 3</usr/lib/locale/C.utf8/LC_COLLATE>
1423688 openat(AT_FDCWD</tmp/kernel-audit2-v3r63b5w/\346\261\202\350\247\243\345\231\250>, "/usr/lib/locale/C.UTF-8/LC_TIME", O_RDONLY|O_CLOEXEC) = -1 ENOENT (No such file or directory)
1423688 openat(AT_FDCWD</tmp/kernel-audit2-v3r63b5w/\346\261\202\350\247\243\345\231\250>, "/usr/lib/locale/C.utf8/LC_TIME", O_RDONLY|O_CLOEXEC) = 3</usr/lib/locale/C.utf8/LC_TIME>
1423688 openat(AT_FDCWD</tmp/kernel-audit2-v3r63b5w/\346\261\202\350\247\243\345\231\250>, "/usr/lib/locale/C.UTF-8/LC_NUMERIC", O_RDONLY|O_CLOEXEC) = -1 ENOENT (No such file or directory)
1423688 openat(AT_FDCWD</tmp/kernel-audit2-v3r63b5w/\346\261\202\350\247\243\345\231\250>, "/usr/lib/locale/C.utf8/LC_NUMERIC", O_RDONLY|O_CLOEXEC) = 3</usr/lib/locale/C.utf8/LC_NUMERIC>
1423688 openat(AT_FDCWD</tmp/kernel-audit2-v3r63b5w/\346\261\202\350\247\243\345\231\250>, "/usr/lib/locale/C.UTF-8/LC_CTYPE", O_RDONLY|O_CLOEXEC) = -1 ENOENT (No such file or directory)
1423688 openat(AT_FDCWD</tmp/kernel-audit2-v3r63b5w/\346\261\202\350\247\243\345\231\250>, "/usr/lib/locale/C.utf8/LC_CTYPE", O_RDONLY|O_CLOEXEC) = 3</usr/lib/locale/C.utf8/LC_CTYPE>
1423688 openat(AT_FDCWD</tmp/kernel-audit2-v3r63b5w/\346\261\202\350\247\243\345\231\250>, "/tmp/kernel-audit2-v3r63b5w/\346\261\202\350\247\243\345\231\250/Cargo.lock", O_RDONLY) = 3</tmp/kernel-audit2-v3r63b5w/\346\261\202\350\247\243\345\231\250/Cargo.lock>
1423646 --- SIGCHLD {si_signo=SIGCHLD, si_code=CLD_EXITED, si_pid=1423688, si_uid=1000, si_status=0, si_utime=0, si_stime=0} ---
1423646 openat(AT_FDCWD</tmp/kernel-audit2-v3r63b5w/\346\261\202\350\247\243\345\231\250>, "/dev/null", O_RDONLY|O_CLOEXEC) = 3</dev/null<char 1:3>>
1423689 execve("/home/zhuran24/.codex/tmp/arg0/codex-arg0DuAZRy/sha256sum", ["sha256sum", "--", "/tmp/kernel-audit2-v3r63b5w/\346\261\202\350\247\243\345\231\250/crates/kernel/Cargo.toml"], 0x7ffd187fc5a8 /* 135 vars */) = -1 ENOENT (No such file or directory)
1423689 execve("/home/zhuran24/.cargo/bin/sha256sum", ["sha256sum", "--", "/tmp/kernel-audit2-v3r63b5w/\346\261\202\350\247\243\345\231\250/crates/kernel/Cargo.toml"], 0x7ffd187fc5a8 /* 135 vars */) = -1 ENOENT (No such file or directory)
1423689 execve("/home/zhuran24/.local/bin/sha256sum", ["sha256sum", "--", "/tmp/kernel-audit2-v3r63b5w/\346\261\202\350\247\243\345\231\250/crates/kernel/Cargo.toml"], 0x7ffd187fc5a8 /* 135 vars */) = -1 ENOENT (No such file or directory)
1423689 execve("/home/zhuran24/.opencode/bin/sha256sum", ["sha256sum", "--", "/tmp/kernel-audit2-v3r63b5w/\346\261\202\350\247\243\345\231\250/crates/kernel/Cargo.toml"], 0x7ffd187fc5a8 /* 135 vars */) = -1 ENOENT (No such file or directory)
1423689 execve("/usr/local/bin/sha256sum", ["sha256sum", "--", "/tmp/kernel-audit2-v3r63b5w/\346\261\202\350\247\243\345\231\250/crates/kernel/Cargo.toml"], 0x7ffd187fc5a8 /* 135 vars */) = -1 ENOENT (No such file or directory)
1423689 execve("/usr/bin/sha256sum", ["sha256sum", "--", "/tmp/kernel-audit2-v3r63b5w/\346\261\202\350\247\243\345\231\250/crates/kernel/Cargo.toml"], 0x7ffd187fc5a8 /* 135 vars */) = 0
1423689 openat(AT_FDCWD</tmp/kernel-audit2-v3r63b5w/\346\261\202\350\247\243\345\231\250>, "/etc/ld.so.cache", O_RDONLY|O_CLOEXEC) = 3</etc/ld.so.cache>
1423689 openat(AT_FDCWD</tmp/kernel-audit2-v3r63b5w/\346\261\202\350\247\243\345\231\250>, "/usr/lib/libcrypto.so.3", O_RDONLY|O_CLOEXEC) = 3</usr/lib/libcrypto.so.3>
1423689 openat(AT_FDCWD</tmp/kernel-audit2-v3r63b5w/\346\261\202\350\247\243\345\231\250>, "/usr/lib/libc.so.6", O_RDONLY|O_CLOEXEC) = 3</usr/lib/libc.so.6>
1423689 openat(AT_FDCWD</tmp/kernel-audit2-v3r63b5w/\346\261\202\350\247\243\345\231\250>, "/usr/lib/libz.so.1", O_RDONLY|O_CLOEXEC) = 3</usr/lib/libz.so.1.3.1.zlib-ng>
1423689 openat(AT_FDCWD</tmp/kernel-audit2-v3r63b5w/\346\261\202\350\247\243\345\231\250>, "/usr/lib/libbrotlienc.so.1", O_RDONLY|O_CLOEXEC) = 3</usr/lib/libbrotlienc.so.1.2.0>
1423689 openat(AT_FDCWD</tmp/kernel-audit2-v3r63b5w/\346\261\202\350\247\243\345\231\250>, "/usr/lib/libbrotlidec.so.1", O_RDONLY|O_CLOEXEC) = 3</usr/lib/libbrotlidec.so.1.2.0>
1423689 openat(AT_FDCWD</tmp/kernel-audit2-v3r63b5w/\346\261\202\350\247\243\345\231\250>, "/usr/lib/libzstd.so.1", O_RDONLY|O_CLOEXEC) = 3</usr/lib/libzstd.so.1.5.7>
1423689 openat(AT_FDCWD</tmp/kernel-audit2-v3r63b5w/\346\261\202\350\247\243\345\231\250>, "/usr/lib/libm.so.6", O_RDONLY|O_CLOEXEC) = 3</usr/lib/libm.so.6>
1423689 openat(AT_FDCWD</tmp/kernel-audit2-v3r63b5w/\346\261\202\350\247\243\345\231\250>, "/usr/lib/libbrotlicommon.so.1", O_RDONLY|O_CLOEXEC) = 3</usr/lib/libbrotlicommon.so.1.2.0>
1423689 openat(AT_FDCWD</tmp/kernel-audit2-v3r63b5w/\346\261\202\350\247\243\345\231\250>, "/usr/lib/locale/locale-archive", O_RDONLY|O_CLOEXEC) = 3</usr/lib/locale/locale-archive>
1423689 openat(AT_FDCWD</tmp/kernel-audit2-v3r63b5w/\346\261\202\350\247\243\345\231\250>, "/usr/share/locale/locale.alias", O_RDONLY|O_CLOEXEC) = 3</usr/share/locale/locale.alias>
1423689 openat(AT_FDCWD</tmp/kernel-audit2-v3r63b5w/\346\261\202\350\247\243\345\231\250>, "/usr/lib/locale/C.UTF-8/LC_IDENTIFICATION", O_RDONLY|O_CLOEXEC) = -1 ENOENT (No such file or directory)
1423689 openat(AT_FDCWD</tmp/kernel-audit2-v3r63b5w/\346\261\202\350\247\243\345\231\250>, "/usr/lib/locale/C.utf8/LC_IDENTIFICATION", O_RDONLY|O_CLOEXEC) = 3</usr/lib/locale/C.utf8/LC_IDENTIFICATION>
1423689 openat(AT_FDCWD</tmp/kernel-audit2-v3r63b5w/\346\261\202\350\247\243\345\231\250>, "/usr/lib/gconv/gconv-modules.cache", O_RDONLY|O_CLOEXEC) = 3</usr/lib/gconv/gconv-modules.cache>
1423689 openat(AT_FDCWD</tmp/kernel-audit2-v3r63b5w/\346\261\202\350\247\243\345\231\250>, "/usr/lib/locale/C.UTF-8/LC_MEASUREMENT", O_RDONLY|O_CLOEXEC) = -1 ENOENT (No such file or directory)
1423689 openat(AT_FDCWD</tmp/kernel-audit2-v3r63b5w/\346\261\202\350\247\243\345\231\250>, "/usr/lib/locale/C.utf8/LC_MEASUREMENT", O_RDONLY|O_CLOEXEC) = 3</usr/lib/locale/C.utf8/LC_MEASUREMENT>
1423689 openat(AT_FDCWD</tmp/kernel-audit2-v3r63b5w/\346\261\202\350\247\243\345\231\250>, "/usr/lib/locale/C.UTF-8/LC_TELEPHONE", O_RDONLY|O_CLOEXEC) = -1 ENOENT (No such file or directory)
1423689 openat(AT_FDCWD</tmp/kernel-audit2-v3r63b5w/\346\261\202\350\247\243\345\231\250>, "/usr/lib/locale/C.utf8/LC_TELEPHONE", O_RDONLY|O_CLOEXEC) = 3</usr/lib/locale/C.utf8/LC_TELEPHONE>
1423689 openat(AT_FDCWD</tmp/kernel-audit2-v3r63b5w/\346\261\202\350\247\243\345\231\250>, "/usr/lib/locale/C.UTF-8/LC_ADDRESS", O_RDONLY|O_CLOEXEC) = -1 ENOENT (No such file or directory)
1423689 openat(AT_FDCWD</tmp/kernel-audit2-v3r63b5w/\346\261\202\350\247\243\345\231\250>, "/usr/lib/locale/C.utf8/LC_ADDRESS", O_RDONLY|O_CLOEXEC) = 3</usr/lib/locale/C.utf8/LC_ADDRESS>
1423689 openat(AT_FDCWD</tmp/kernel-audit2-v3r63b5w/\346\261\202\350\247\243\345\231\250>, "/usr/lib/locale/C.UTF-8/LC_NAME", O_RDONLY|O_CLOEXEC) = -1 ENOENT (No such file or directory)
1423689 openat(AT_FDCWD</tmp/kernel-audit2-v3r63b5w/\346\261\202\350\247\243\345\231\250>, "/usr/lib/locale/C.utf8/LC_NAME", O_RDONLY|O_CLOEXEC) = 3</usr/lib/locale/C.utf8/LC_NAME>
1423689 openat(AT_FDCWD</tmp/kernel-audit2-v3r63b5w/\346\261\202\350\247\243\345\231\250>, "/usr/lib/locale/C.UTF-8/LC_PAPER", O_RDONLY|O_CLOEXEC) = -1 ENOENT (No such file or directory)
1423689 openat(AT_FDCWD</tmp/kernel-audit2-v3r63b5w/\346\261\202\350\247\243\345\231\250>, "/usr/lib/locale/C.utf8/LC_PAPER", O_RDONLY|O_CLOEXEC) = 3</usr/lib/locale/C.utf8/LC_PAPER>
1423689 openat(AT_FDCWD</tmp/kernel-audit2-v3r63b5w/\346\261\202\350\247\243\345\231\250>, "/usr/lib/locale/C.UTF-8/LC_MESSAGES", O_RDONLY|O_CLOEXEC) = -1 ENOENT (No such file or directory)
1423689 openat(AT_FDCWD</tmp/kernel-audit2-v3r63b5w/\346\261\202\350\247\243\345\231\250>, "/usr/lib/locale/C.utf8/LC_MESSAGES", O_RDONLY|O_CLOEXEC) = 3</usr/lib/locale/C.utf8/LC_MESSAGES>
1423689 openat(AT_FDCWD</tmp/kernel-audit2-v3r63b5w/\346\261\202\350\247\243\345\231\250>, "/usr/lib/locale/C.utf8/LC_MESSAGES/SYS_LC_MESSAGES", O_RDONLY|O_CLOEXEC) = 3</usr/lib/locale/C.utf8/LC_MESSAGES/SYS_LC_MESSAGES>
1423689 openat(AT_FDCWD</tmp/kernel-audit2-v3r63b5w/\346\261\202\350\247\243\345\231\250>, "/usr/lib/locale/C.UTF-8/LC_MONETARY", O_RDONLY|O_CLOEXEC) = -1 ENOENT (No such file or directory)
1423689 openat(AT_FDCWD</tmp/kernel-audit2-v3r63b5w/\346\261\202\350\247\243\345\231\250>, "/usr/lib/locale/C.utf8/LC_MONETARY", O_RDONLY|O_CLOEXEC) = 3</usr/lib/locale/C.utf8/LC_MONETARY>
1423689 openat(AT_FDCWD</tmp/kernel-audit2-v3r63b5w/\346\261\202\350\247\243\345\231\250>, "/usr/lib/locale/C.UTF-8/LC_COLLATE", O_RDONLY|O_CLOEXEC) = -1 ENOENT (No such file or directory)
1423689 openat(AT_FDCWD</tmp/kernel-audit2-v3r63b5w/\346\261\202\350\247\243\345\231\250>, "/usr/lib/locale/C.utf8/LC_COLLATE", O_RDONLY|O_CLOEXEC) = 3</usr/lib/locale/C.utf8/LC_COLLATE>
1423689 openat(AT_FDCWD</tmp/kernel-audit2-v3r63b5w/\346\261\202\350\247\243\345\231\250>, "/usr/lib/locale/C.UTF-8/LC_TIME", O_RDONLY|O_CLOEXEC) = -1 ENOENT (No such file or directory)
1423689 openat(AT_FDCWD</tmp/kernel-audit2-v3r63b5w/\346\261\202\350\247\243\345\231\250>, "/usr/lib/locale/C.utf8/LC_TIME", O_RDONLY|O_CLOEXEC) = 3</usr/lib/locale/C.utf8/LC_TIME>
1423689 openat(AT_FDCWD</tmp/kernel-audit2-v3r63b5w/\346\261\202\350\247\243\345\231\250>, "/usr/lib/locale/C.UTF-8/LC_NUMERIC", O_RDONLY|O_CLOEXEC) = -1 ENOENT (No such file or directory)
1423689 openat(AT_FDCWD</tmp/kernel-audit2-v3r63b5w/\346\261\202\350\247\243\345\231\250>, "/usr/lib/locale/C.utf8/LC_NUMERIC", O_RDONLY|O_CLOEXEC) = 3</usr/lib/locale/C.utf8/LC_NUMERIC>
1423689 openat(AT_FDCWD</tmp/kernel-audit2-v3r63b5w/\346\261\202\350\247\243\345\231\250>, "/usr/lib/locale/C.UTF-8/LC_CTYPE", O_RDONLY|O_CLOEXEC) = -1 ENOENT (No such file or directory)
1423689 openat(AT_FDCWD</tmp/kernel-audit2-v3r63b5w/\346\261\202\350\247\243\345\231\250>, "/usr/lib/locale/C.utf8/LC_CTYPE", O_RDONLY|O_CLOEXEC) = 3</usr/lib/locale/C.utf8/LC_CTYPE>
1423689 openat(AT_FDCWD</tmp/kernel-audit2-v3r63b5w/\346\261\202\350\247\243\345\231\250>, "/tmp/kernel-audit2-v3r63b5w/\346\261\202\350\247\243\345\231\250/crates/kernel/Cargo.toml", O_RDONLY) = 3</tmp/kernel-audit2-v3r63b5w/\346\261\202\350\247\243\345\231\250/crates/kernel/Cargo.toml>
1423646 --- SIGCHLD {si_signo=SIGCHLD, si_code=CLD_EXITED, si_pid=1423689, si_uid=1000, si_status=0, si_utime=0, si_stime=0} ---
1423646 openat(AT_FDCWD</tmp/kernel-audit2-v3r63b5w/\346\261\202\350\247\243\345\231\250>, "/home/zhuran24/zmd-research-fresh/\346\261\202\350\247\243\345\231\250/target/health-capture/audit2-1422118/cases/verify-record-full/artifacts/run-full.json", O_WRONLY|O_CREAT|O_TRUNC|O_CLOEXEC, 0666) = 3</home/zhuran24/zmd-research-fresh/\346\261\202\350\247\243\345\231\250/target/health-capture/audit2-1422118/cases/verify-record-full/artifacts/run-full.json>
