1428364 execve("/home/zhuran24/zmd-research-fresh/\346\261\202\350\247\243\345\231\250/target/healthaudit2prod1422118/kernel", ["/home/zhuran24/zmd-research-fresh/\346\261\202\350\247\243\345\231\250/target/healthaudit2prod1422118/kernel", "cycle", "/tmp/kernel-audit2-v3r63b5w/\346\261\202\350\247\243\345\231\250/\346\225\260\346\215\256/\346\240\267\344\276\213/\347\224\237\344\272\247\345\276\252\347\216\257\347\216\257\345\270\246.json", "--config", "/tmp/kernel-audit2-v3r63b5w/\346\261\202\350\247\243\345\231\250/\350\247\204\346\240\274/\345\206\205\346\240\270\351\205\215\347\275\256-v1.json", "--max-ticks", "50", "--search-checkpoint-interval", "3", "--out", "/home/zhuran24/zmd-research-fresh/\346\261\202\350\247\243\345\231\250/target/health-capture/audit2-1422118/cases/cycle-found-referenced/batch/cycle-found.json"], 0x7ffc10f5f488 /* 135 vars */) = 0
1428364 openat(AT_FDCWD</tmp/kernel-audit2-v3r63b5w/\346\261\202\350\247\243\345\231\250>, "/etc/ld.so.cache", O_RDONLY|O_CLOEXEC) = 3</etc/ld.so.cache>
1428364 openat(AT_FDCWD</tmp/kernel-audit2-v3r63b5w/\346\261\202\350\247\243\345\231\250>, "/usr/lib/libgcc_s.so.1", O_RDONLY|O_CLOEXEC) = 3</usr/lib/libgcc_s.so.1>
1428364 openat(AT_FDCWD</tmp/kernel-audit2-v3r63b5w/\346\261\202\350\247\243\345\231\250>, "/usr/lib/libc.so.6", O_RDONLY|O_CLOEXEC) = 3</usr/lib/libc.so.6>
1428364 openat(AT_FDCWD</tmp/kernel-audit2-v3r63b5w/\346\261\202\350\247\243\345\231\250>, "/proc/self/maps", O_RDONLY|O_CLOEXEC) = 3</proc/1428364/maps>
1428364 openat(AT_FDCWD</tmp/kernel-audit2-v3r63b5w/\346\261\202\350\247\243\345\231\250>, "/tmp/kernel-audit2-v3r63b5w/\346\261\202\350\247\243\345\231\250/\350\247\204\346\240\274/\345\206\205\346\240\270\351\205\215\347\275\256-v1.json", O_RDONLY|O_CLOEXEC) = 3</tmp/kernel-audit2-v3r63b5w/\346\261\202\350\247\243\345\231\250/\350\247\204\346\240\274/\345\206\205\346\240\270\351\205\215\347\275\256-v1.json>
1428364 openat(AT_FDCWD</tmp/kernel-audit2-v3r63b5w/\346\261\202\350\247\243\345\231\250>, "/tmp/kernel-audit2-v3r63b5w/\346\261\202\350\247\243\345\231\250/\346\225\260\346\215\256/\346\240\267\344\276\213/\347\224\237\344\272\247\345\276\252\347\216\257\347\216\257\345\270\246.json", O_RDONLY|O_CLOEXEC) = 3</tmp/kernel-audit2-v3r63b5w/\346\261\202\350\247\243\345\231\250/\346\225\260\346\215\256/\346\240\267\344\276\213/\347\224\237\344\272\247\345\276\252\347\216\257\347\216\257\345\270\246.json>
1428364 openat(AT_FDCWD</tmp/kernel-audit2-v3r63b5w/\346\261\202\350\247\243\345\231\250>, "/dev/null", O_RDONLY|O_CLOEXEC) = 3</dev/null<char 1:3>>
1428365 execve("/home/zhuran24/.codex/tmp/arg0/codex-arg0DuAZRy/sha256sum", ["sha256sum", "--", "/tmp/kernel-audit2-v3r63b5w/\346\261\202\350\247\243\345\231\250/\346\225\260\346\215\256/\346\255\243\345\274\217\351\235\231\346\200\201\347\233\256\345\275\225.json"], 0x7ffd72465138 /* 135 vars */) = -1 ENOENT (No such file or directory)
1428365 execve("/home/zhuran24/.cargo/bin/sha256sum", ["sha256sum", "--", "/tmp/kernel-audit2-v3r63b5w/\346\261\202\350\247\243\345\231\250/\346\225\260\346\215\256/\346\255\243\345\274\217\351\235\231\346\200\201\347\233\256\345\275\225.json"], 0x7ffd72465138 /* 135 vars */) = -1 ENOENT (No such file or directory)
1428365 execve("/home/zhuran24/.local/bin/sha256sum", ["sha256sum", "--", "/tmp/kernel-audit2-v3r63b5w/\346\261\202\350\247\243\345\231\250/\346\225\260\346\215\256/\346\255\243\345\274\217\351\235\231\346\200\201\347\233\256\345\275\225.json"], 0x7ffd72465138 /* 135 vars */) = -1 ENOENT (No such file or directory)
1428365 execve("/home/zhuran24/.opencode/bin/sha256sum", ["sha256sum", "--", "/tmp/kernel-audit2-v3r63b5w/\346\261\202\350\247\243\345\231\250/\346\225\260\346\215\256/\346\255\243\345\274\217\351\235\231\346\200\201\347\233\256\345\275\225.json"], 0x7ffd72465138 /* 135 vars */) = -1 ENOENT (No such file or directory)
1428365 execve("/usr/local/bin/sha256sum", ["sha256sum", "--", "/tmp/kernel-audit2-v3r63b5w/\346\261\202\350\247\243\345\231\250/\346\225\260\346\215\256/\346\255\243\345\274\217\351\235\231\346\200\201\347\233\256\345\275\225.json"], 0x7ffd72465138 /* 135 vars */) = -1 ENOENT (No such file or directory)
1428365 execve("/usr/bin/sha256sum", ["sha256sum", "--", "/tmp/kernel-audit2-v3r63b5w/\346\261\202\350\247\243\345\231\250/\346\225\260\346\215\256/\346\255\243\345\274\217\351\235\231\346\200\201\347\233\256\345\275\225.json"], 0x7ffd72465138 /* 135 vars */) = 0
1428365 openat(AT_FDCWD</tmp/kernel-audit2-v3r63b5w/\346\261\202\350\247\243\345\231\250>, "/etc/ld.so.cache", O_RDONLY|O_CLOEXEC) = 3</etc/ld.so.cache>
1428365 openat(AT_FDCWD</tmp/kernel-audit2-v3r63b5w/\346\261\202\350\247\243\345\231\250>, "/usr/lib/libcrypto.so.3", O_RDONLY|O_CLOEXEC) = 3</usr/lib/libcrypto.so.3>
1428365 openat(AT_FDCWD</tmp/kernel-audit2-v3r63b5w/\346\261\202\350\247\243\345\231\250>, "/usr/lib/libc.so.6", O_RDONLY|O_CLOEXEC) = 3</usr/lib/libc.so.6>
1428365 openat(AT_FDCWD</tmp/kernel-audit2-v3r63b5w/\346\261\202\350\247\243\345\231\250>, "/usr/lib/libz.so.1", O_RDONLY|O_CLOEXEC) = 3</usr/lib/libz.so.1.3.1.zlib-ng>
1428365 openat(AT_FDCWD</tmp/kernel-audit2-v3r63b5w/\346\261\202\350\247\243\345\231\250>, "/usr/lib/libbrotlienc.so.1", O_RDONLY|O_CLOEXEC) = 3</usr/lib/libbrotlienc.so.1.2.0>
1428365 openat(AT_FDCWD</tmp/kernel-audit2-v3r63b5w/\346\261\202\350\247\243\345\231\250>, "/usr/lib/libbrotlidec.so.1", O_RDONLY|O_CLOEXEC) = 3</usr/lib/libbrotlidec.so.1.2.0>
1428365 openat(AT_FDCWD</tmp/kernel-audit2-v3r63b5w/\346\261\202\350\247\243\345\231\250>, "/usr/lib/libzstd.so.1", O_RDONLY|O_CLOEXEC) = 3</usr/lib/libzstd.so.1.5.7>
1428365 openat(AT_FDCWD</tmp/kernel-audit2-v3r63b5w/\346\261\202\350\247\243\345\231\250>, "/usr/lib/libm.so.6", O_RDONLY|O_CLOEXEC) = 3</usr/lib/libm.so.6>
1428365 openat(AT_FDCWD</tmp/kernel-audit2-v3r63b5w/\346\261\202\350\247\243\345\231\250>, "/usr/lib/libbrotlicommon.so.1", O_RDONLY|O_CLOEXEC) = 3</usr/lib/libbrotlicommon.so.1.2.0>
1428365 openat(AT_FDCWD</tmp/kernel-audit2-v3r63b5w/\346\261\202\350\247\243\345\231\250>, "/usr/lib/locale/locale-archive", O_RDONLY|O_CLOEXEC) = 3</usr/lib/locale/locale-archive>
1428365 openat(AT_FDCWD</tmp/kernel-audit2-v3r63b5w/\346\261\202\350\247\243\345\231\250>, "/usr/share/locale/locale.alias", O_RDONLY|O_CLOEXEC) = 3</usr/share/locale/locale.alias>
1428365 openat(AT_FDCWD</tmp/kernel-audit2-v3r63b5w/\346\261\202\350\247\243\345\231\250>, "/usr/lib/locale/C.UTF-8/LC_IDENTIFICATION", O_RDONLY|O_CLOEXEC) = -1 ENOENT (No such file or directory)
1428365 openat(AT_FDCWD</tmp/kernel-audit2-v3r63b5w/\346\261\202\350\247\243\345\231\250>, "/usr/lib/locale/C.utf8/LC_IDENTIFICATION", O_RDONLY|O_CLOEXEC) = 3</usr/lib/locale/C.utf8/LC_IDENTIFICATION>
1428365 openat(AT_FDCWD</tmp/kernel-audit2-v3r63b5w/\346\261\202\350\247\243\345\231\250>, "/usr/lib/gconv/gconv-modules.cache", O_RDONLY|O_CLOEXEC) = 3</usr/lib/gconv/gconv-modules.cache>
1428365 openat(AT_FDCWD</tmp/kernel-audit2-v3r63b5w/\346\261\202\350\247\243\345\231\250>, "/usr/lib/locale/C.UTF-8/LC_MEASUREMENT", O_RDONLY|O_CLOEXEC) = -1 ENOENT (No such file or directory)
1428365 openat(AT_FDCWD</tmp/kernel-audit2-v3r63b5w/\346\261\202\350\247\243\345\231\250>, "/usr/lib/locale/C.utf8/LC_MEASUREMENT", O_RDONLY|O_CLOEXEC) = 3</usr/lib/locale/C.utf8/LC_MEASUREMENT>
1428365 openat(AT_FDCWD</tmp/kernel-audit2-v3r63b5w/\346\261\202\350\247\243\345\231\250>, "/usr/lib/locale/C.UTF-8/LC_TELEPHONE", O_RDONLY|O_CLOEXEC) = -1 ENOENT (No such file or directory)
1428365 openat(AT_FDCWD</tmp/kernel-audit2-v3r63b5w/\346\261\202\350\247\243\345\231\250>, "/usr/lib/locale/C.utf8/LC_TELEPHONE", O_RDONLY|O_CLOEXEC) = 3</usr/lib/locale/C.utf8/LC_TELEPHONE>
1428365 openat(AT_FDCWD</tmp/kernel-audit2-v3r63b5w/\346\261\202\350\247\243\345\231\250>, "/usr/lib/locale/C.UTF-8/LC_ADDRESS", O_RDONLY|O_CLOEXEC) = -1 ENOENT (No such file or directory)
1428365 openat(AT_FDCWD</tmp/kernel-audit2-v3r63b5w/\346\261\202\350\247\243\345\231\250>, "/usr/lib/locale/C.utf8/LC_ADDRESS", O_RDONLY|O_CLOEXEC) = 3</usr/lib/locale/C.utf8/LC_ADDRESS>
1428365 openat(AT_FDCWD</tmp/kernel-audit2-v3r63b5w/\346\261\202\350\247\243\345\231\250>, "/usr/lib/locale/C.UTF-8/LC_NAME", O_RDONLY|O_CLOEXEC) = -1 ENOENT (No such file or directory)
1428365 openat(AT_FDCWD</tmp/kernel-audit2-v3r63b5w/\346\261\202\350\247\243\345\231\250>, "/usr/lib/locale/C.utf8/LC_NAME", O_RDONLY|O_CLOEXEC) = 3</usr/lib/locale/C.utf8/LC_NAME>
1428365 openat(AT_FDCWD</tmp/kernel-audit2-v3r63b5w/\346\261\202\350\247\243\345\231\250>, "/usr/lib/locale/C.UTF-8/LC_PAPER", O_RDONLY|O_CLOEXEC) = -1 ENOENT (No such file or directory)
1428365 openat(AT_FDCWD</tmp/kernel-audit2-v3r63b5w/\346\261\202\350\247\243\345\231\250>, "/usr/lib/locale/C.utf8/LC_PAPER", O_RDONLY|O_CLOEXEC) = 3</usr/lib/locale/C.utf8/LC_PAPER>
1428365 openat(AT_FDCWD</tmp/kernel-audit2-v3r63b5w/\346\261\202\350\247\243\345\231\250>, "/usr/lib/locale/C.UTF-8/LC_MESSAGES", O_RDONLY|O_CLOEXEC) = -1 ENOENT (No such file or directory)
1428365 openat(AT_FDCWD</tmp/kernel-audit2-v3r63b5w/\346\261\202\350\247\243\345\231\250>, "/usr/lib/locale/C.utf8/LC_MESSAGES", O_RDONLY|O_CLOEXEC) = 3</usr/lib/locale/C.utf8/LC_MESSAGES>
1428365 openat(AT_FDCWD</tmp/kernel-audit2-v3r63b5w/\346\261\202\350\247\243\345\231\250>, "/usr/lib/locale/C.utf8/LC_MESSAGES/SYS_LC_MESSAGES", O_RDONLY|O_CLOEXEC) = 3</usr/lib/locale/C.utf8/LC_MESSAGES/SYS_LC_MESSAGES>
1428365 openat(AT_FDCWD</tmp/kernel-audit2-v3r63b5w/\346\261\202\350\247\243\345\231\250>, "/usr/lib/locale/C.UTF-8/LC_MONETARY", O_RDONLY|O_CLOEXEC) = -1 ENOENT (No such file or directory)
1428365 openat(AT_FDCWD</tmp/kernel-audit2-v3r63b5w/\346\261\202\350\247\243\345\231\250>, "/usr/lib/locale/C.utf8/LC_MONETARY", O_RDONLY|O_CLOEXEC) = 3</usr/lib/locale/C.utf8/LC_MONETARY>
1428365 openat(AT_FDCWD</tmp/kernel-audit2-v3r63b5w/\346\261\202\350\247\243\345\231\250>, "/usr/lib/locale/C.UTF-8/LC_COLLATE", O_RDONLY|O_CLOEXEC) = -1 ENOENT (No such file or directory)
1428365 openat(AT_FDCWD</tmp/kernel-audit2-v3r63b5w/\346\261\202\350\247\243\345\231\250>, "/usr/lib/locale/C.utf8/LC_COLLATE", O_RDONLY|O_CLOEXEC) = 3</usr/lib/locale/C.utf8/LC_COLLATE>
1428365 openat(AT_FDCWD</tmp/kernel-audit2-v3r63b5w/\346\261\202\350\247\243\345\231\250>, "/usr/lib/locale/C.UTF-8/LC_TIME", O_RDONLY|O_CLOEXEC) = -1 ENOENT (No such file or directory)
1428365 openat(AT_FDCWD</tmp/kernel-audit2-v3r63b5w/\346\261\202\350\247\243\345\231\250>, "/usr/lib/locale/C.utf8/LC_TIME", O_RDONLY|O_CLOEXEC) = 3</usr/lib/locale/C.utf8/LC_TIME>
1428365 openat(AT_FDCWD</tmp/kernel-audit2-v3r63b5w/\346\261\202\350\247\243\345\231\250>, "/usr/lib/locale/C.UTF-8/LC_NUMERIC", O_RDONLY|O_CLOEXEC) = -1 ENOENT (No such file or directory)
1428365 openat(AT_FDCWD</tmp/kernel-audit2-v3r63b5w/\346\261\202\350\247\243\345\231\250>, "/usr/lib/locale/C.utf8/LC_NUMERIC", O_RDONLY|O_CLOEXEC) = 3</usr/lib/locale/C.utf8/LC_NUMERIC>
1428365 openat(AT_FDCWD</tmp/kernel-audit2-v3r63b5w/\346\261\202\350\247\243\345\231\250>, "/usr/lib/locale/C.UTF-8/LC_CTYPE", O_RDONLY|O_CLOEXEC) = -1 ENOENT (No such file or directory)
1428365 openat(AT_FDCWD</tmp/kernel-audit2-v3r63b5w/\346\261\202\350\247\243\345\231\250>, "/usr/lib/locale/C.utf8/LC_CTYPE", O_RDONLY|O_CLOEXEC) = 3</usr/lib/locale/C.utf8/LC_CTYPE>
1428365 openat(AT_FDCWD</tmp/kernel-audit2-v3r63b5w/\346\261\202\350\247\243\345\231\250>, "/tmp/kernel-audit2-v3r63b5w/\346\261\202\350\247\243\345\231\250/\346\225\260\346\215\256/\346\255\243\345\274\217\351\235\231\346\200\201\347\233\256\345\275\225.json", O_RDONLY) = 3</tmp/kernel-audit2-v3r63b5w/\346\261\202\350\247\243\345\231\250/\346\225\260\346\215\256/\346\255\243\345\274\217\351\235\231\346\200\201\347\233\256\345\275\225.json>
1428364 --- SIGCHLD {si_signo=SIGCHLD, si_code=CLD_EXITED, si_pid=1428365, si_uid=1000, si_status=0, si_utime=0, si_stime=0} ---
1428364 openat(AT_FDCWD</tmp/kernel-audit2-v3r63b5w/\346\261\202\350\247\243\345\231\250>, "/tmp/kernel-audit2-v3r63b5w/\346\261\202\350\247\243\345\231\250/\346\225\260\346\215\256/\346\255\243\345\274\217\351\235\231\346\200\201\347\233\256\345\275\225.json", O_RDONLY|O_CLOEXEC) = 3</tmp/kernel-audit2-v3r63b5w/\346\261\202\350\247\243\345\231\250/\346\225\260\346\215\256/\346\255\243\345\274\217\351\235\231\346\200\201\347\233\256\345\275\225.json>
1428364 openat(AT_FDCWD</tmp/kernel-audit2-v3r63b5w/\346\261\202\350\247\243\345\231\250>, "/dev/null", O_RDONLY|O_CLOEXEC) = 3</dev/null<char 1:3>>
1428366 execve("/home/zhuran24/.codex/tmp/arg0/codex-arg0DuAZRy/sha256sum", ["sha256sum", "--", "/tmp/kernel-audit2-v3r63b5w/\346\261\202\350\247\243\345\231\250/\346\225\260\346\215\256/\346\255\243\345\274\217\351\235\231\346\200\201\347\233\256\345\275\225.json"], 0x7ffd72465138 /* 135 vars */) = -1 ENOENT (No such file or directory)
1428366 execve("/home/zhuran24/.cargo/bin/sha256sum", ["sha256sum", "--", "/tmp/kernel-audit2-v3r63b5w/\346\261\202\350\247\243\345\231\250/\346\225\260\346\215\256/\346\255\243\345\274\217\351\235\231\346\200\201\347\233\256\345\275\225.json"], 0x7ffd72465138 /* 135 vars */) = -1 ENOENT (No such file or directory)
1428366 execve("/home/zhuran24/.local/bin/sha256sum", ["sha256sum", "--", "/tmp/kernel-audit2-v3r63b5w/\346\261\202\350\247\243\345\231\250/\346\225\260\346\215\256/\346\255\243\345\274\217\351\235\231\346\200\201\347\233\256\345\275\225.json"], 0x7ffd72465138 /* 135 vars */) = -1 ENOENT (No such file or directory)
1428366 execve("/home/zhuran24/.opencode/bin/sha256sum", ["sha256sum", "--", "/tmp/kernel-audit2-v3r63b5w/\346\261\202\350\247\243\345\231\250/\346\225\260\346\215\256/\346\255\243\345\274\217\351\235\231\346\200\201\347\233\256\345\275\225.json"], 0x7ffd72465138 /* 135 vars */) = -1 ENOENT (No such file or directory)
1428366 execve("/usr/local/bin/sha256sum", ["sha256sum", "--", "/tmp/kernel-audit2-v3r63b5w/\346\261\202\350\247\243\345\231\250/\346\225\260\346\215\256/\346\255\243\345\274\217\351\235\231\346\200\201\347\233\256\345\275\225.json"], 0x7ffd72465138 /* 135 vars */) = -1 ENOENT (No such file or directory)
1428366 execve("/usr/bin/sha256sum", ["sha256sum", "--", "/tmp/kernel-audit2-v3r63b5w/\346\261\202\350\247\243\345\231\250/\346\225\260\346\215\256/\346\255\243\345\274\217\351\235\231\346\200\201\347\233\256\345\275\225.json"], 0x7ffd72465138 /* 135 vars */) = 0
1428366 openat(AT_FDCWD</tmp/kernel-audit2-v3r63b5w/\346\261\202\350\247\243\345\231\250>, "/etc/ld.so.cache", O_RDONLY|O_CLOEXEC) = 3</etc/ld.so.cache>
1428366 openat(AT_FDCWD</tmp/kernel-audit2-v3r63b5w/\346\261\202\350\247\243\345\231\250>, "/usr/lib/libcrypto.so.3", O_RDONLY|O_CLOEXEC) = 3</usr/lib/libcrypto.so.3>
1428366 openat(AT_FDCWD</tmp/kernel-audit2-v3r63b5w/\346\261\202\350\247\243\345\231\250>, "/usr/lib/libc.so.6", O_RDONLY|O_CLOEXEC) = 3</usr/lib/libc.so.6>
1428366 openat(AT_FDCWD</tmp/kernel-audit2-v3r63b5w/\346\261\202\350\247\243\345\231\250>, "/usr/lib/libz.so.1", O_RDONLY|O_CLOEXEC) = 3</usr/lib/libz.so.1.3.1.zlib-ng>
1428366 openat(AT_FDCWD</tmp/kernel-audit2-v3r63b5w/\346\261\202\350\247\243\345\231\250>, "/usr/lib/libbrotlienc.so.1", O_RDONLY|O_CLOEXEC) = 3</usr/lib/libbrotlienc.so.1.2.0>
1428366 openat(AT_FDCWD</tmp/kernel-audit2-v3r63b5w/\346\261\202\350\247\243\345\231\250>, "/usr/lib/libbrotlidec.so.1", O_RDONLY|O_CLOEXEC) = 3</usr/lib/libbrotlidec.so.1.2.0>
1428366 openat(AT_FDCWD</tmp/kernel-audit2-v3r63b5w/\346\261\202\350\247\243\345\231\250>, "/usr/lib/libzstd.so.1", O_RDONLY|O_CLOEXEC) = 3</usr/lib/libzstd.so.1.5.7>
1428366 openat(AT_FDCWD</tmp/kernel-audit2-v3r63b5w/\346\261\202\350\247\243\345\231\250>, "/usr/lib/libm.so.6", O_RDONLY|O_CLOEXEC) = 3</usr/lib/libm.so.6>
1428366 openat(AT_FDCWD</tmp/kernel-audit2-v3r63b5w/\346\261\202\350\247\243\345\231\250>, "/usr/lib/libbrotlicommon.so.1", O_RDONLY|O_CLOEXEC) = 3</usr/lib/libbrotlicommon.so.1.2.0>
1428366 openat(AT_FDCWD</tmp/kernel-audit2-v3r63b5w/\346\261\202\350\247\243\345\231\250>, "/usr/lib/locale/locale-archive", O_RDONLY|O_CLOEXEC) = 3</usr/lib/locale/locale-archive>
1428366 openat(AT_FDCWD</tmp/kernel-audit2-v3r63b5w/\346\261\202\350\247\243\345\231\250>, "/usr/share/locale/locale.alias", O_RDONLY|O_CLOEXEC) = 3</usr/share/locale/locale.alias>
1428366 openat(AT_FDCWD</tmp/kernel-audit2-v3r63b5w/\346\261\202\350\247\243\345\231\250>, "/usr/lib/locale/C.UTF-8/LC_IDENTIFICATION", O_RDONLY|O_CLOEXEC) = -1 ENOENT (No such file or directory)
1428366 openat(AT_FDCWD</tmp/kernel-audit2-v3r63b5w/\346\261\202\350\247\243\345\231\250>, "/usr/lib/locale/C.utf8/LC_IDENTIFICATION", O_RDONLY|O_CLOEXEC) = 3</usr/lib/locale/C.utf8/LC_IDENTIFICATION>
1428366 openat(AT_FDCWD</tmp/kernel-audit2-v3r63b5w/\346\261\202\350\247\243\345\231\250>, "/usr/lib/gconv/gconv-modules.cache", O_RDONLY|O_CLOEXEC) = 3</usr/lib/gconv/gconv-modules.cache>
1428366 openat(AT_FDCWD</tmp/kernel-audit2-v3r63b5w/\346\261\202\350\247\243\345\231\250>, "/usr/lib/locale/C.UTF-8/LC_MEASUREMENT", O_RDONLY|O_CLOEXEC) = -1 ENOENT (No such file or directory)
1428366 openat(AT_FDCWD</tmp/kernel-audit2-v3r63b5w/\346\261\202\350\247\243\345\231\250>, "/usr/lib/locale/C.utf8/LC_MEASUREMENT", O_RDONLY|O_CLOEXEC) = 3</usr/lib/locale/C.utf8/LC_MEASUREMENT>
1428366 openat(AT_FDCWD</tmp/kernel-audit2-v3r63b5w/\346\261\202\350\247\243\345\231\250>, "/usr/lib/locale/C.UTF-8/LC_TELEPHONE", O_RDONLY|O_CLOEXEC) = -1 ENOENT (No such file or directory)
1428366 openat(AT_FDCWD</tmp/kernel-audit2-v3r63b5w/\346\261\202\350\247\243\345\231\250>, "/usr/lib/locale/C.utf8/LC_TELEPHONE", O_RDONLY|O_CLOEXEC) = 3</usr/lib/locale/C.utf8/LC_TELEPHONE>
1428366 openat(AT_FDCWD</tmp/kernel-audit2-v3r63b5w/\346\261\202\350\247\243\345\231\250>, "/usr/lib/locale/C.UTF-8/LC_ADDRESS", O_RDONLY|O_CLOEXEC) = -1 ENOENT (No such file or directory)
1428366 openat(AT_FDCWD</tmp/kernel-audit2-v3r63b5w/\346\261\202\350\247\243\345\231\250>, "/usr/lib/locale/C.utf8/LC_ADDRESS", O_RDONLY|O_CLOEXEC) = 3</usr/lib/locale/C.utf8/LC_ADDRESS>
1428366 openat(AT_FDCWD</tmp/kernel-audit2-v3r63b5w/\346\261\202\350\247\243\345\231\250>, "/usr/lib/locale/C.UTF-8/LC_NAME", O_RDONLY|O_CLOEXEC) = -1 ENOENT (No such file or directory)
1428366 openat(AT_FDCWD</tmp/kernel-audit2-v3r63b5w/\346\261\202\350\247\243\345\231\250>, "/usr/lib/locale/C.utf8/LC_NAME", O_RDONLY|O_CLOEXEC) = 3</usr/lib/locale/C.utf8/LC_NAME>
1428366 openat(AT_FDCWD</tmp/kernel-audit2-v3r63b5w/\346\261\202\350\247\243\345\231\250>, "/usr/lib/locale/C.UTF-8/LC_PAPER", O_RDONLY|O_CLOEXEC) = -1 ENOENT (No such file or directory)
1428366 openat(AT_FDCWD</tmp/kernel-audit2-v3r63b5w/\346\261\202\350\247\243\345\231\250>, "/usr/lib/locale/C.utf8/LC_PAPER", O_RDONLY|O_CLOEXEC) = 3</usr/lib/locale/C.utf8/LC_PAPER>
1428366 openat(AT_FDCWD</tmp/kernel-audit2-v3r63b5w/\346\261\202\350\247\243\345\231\250>, "/usr/lib/locale/C.UTF-8/LC_MESSAGES", O_RDONLY|O_CLOEXEC) = -1 ENOENT (No such file or directory)
1428366 openat(AT_FDCWD</tmp/kernel-audit2-v3r63b5w/\346\261\202\350\247\243\345\231\250>, "/usr/lib/locale/C.utf8/LC_MESSAGES", O_RDONLY|O_CLOEXEC) = 3</usr/lib/locale/C.utf8/LC_MESSAGES>
1428366 openat(AT_FDCWD</tmp/kernel-audit2-v3r63b5w/\346\261\202\350\247\243\345\231\250>, "/usr/lib/locale/C.utf8/LC_MESSAGES/SYS_LC_MESSAGES", O_RDONLY|O_CLOEXEC) = 3</usr/lib/locale/C.utf8/LC_MESSAGES/SYS_LC_MESSAGES>
1428366 openat(AT_FDCWD</tmp/kernel-audit2-v3r63b5w/\346\261\202\350\247\243\345\231\250>, "/usr/lib/locale/C.UTF-8/LC_MONETARY", O_RDONLY|O_CLOEXEC) = -1 ENOENT (No such file or directory)
1428366 openat(AT_FDCWD</tmp/kernel-audit2-v3r63b5w/\346\261\202\350\247\243\345\231\250>, "/usr/lib/locale/C.utf8/LC_MONETARY", O_RDONLY|O_CLOEXEC) = 3</usr/lib/locale/C.utf8/LC_MONETARY>
1428366 openat(AT_FDCWD</tmp/kernel-audit2-v3r63b5w/\346\261\202\350\247\243\345\231\250>, "/usr/lib/locale/C.UTF-8/LC_COLLATE", O_RDONLY|O_CLOEXEC) = -1 ENOENT (No such file or directory)
1428366 openat(AT_FDCWD</tmp/kernel-audit2-v3r63b5w/\346\261\202\350\247\243\345\231\250>, "/usr/lib/locale/C.utf8/LC_COLLATE", O_RDONLY|O_CLOEXEC) = 3</usr/lib/locale/C.utf8/LC_COLLATE>
1428366 openat(AT_FDCWD</tmp/kernel-audit2-v3r63b5w/\346\261\202\350\247\243\345\231\250>, "/usr/lib/locale/C.UTF-8/LC_TIME", O_RDONLY|O_CLOEXEC) = -1 ENOENT (No such file or directory)
1428366 openat(AT_FDCWD</tmp/kernel-audit2-v3r63b5w/\346\261\202\350\247\243\345\231\250>, "/usr/lib/locale/C.utf8/LC_TIME", O_RDONLY|O_CLOEXEC) = 3</usr/lib/locale/C.utf8/LC_TIME>
1428366 openat(AT_FDCWD</tmp/kernel-audit2-v3r63b5w/\346\261\202\350\247\243\345\231\250>, "/usr/lib/locale/C.UTF-8/LC_NUMERIC", O_RDONLY|O_CLOEXEC) = -1 ENOENT (No such file or directory)
1428366 openat(AT_FDCWD</tmp/kernel-audit2-v3r63b5w/\346\261\202\350\247\243\345\231\250>, "/usr/lib/locale/C.utf8/LC_NUMERIC", O_RDONLY|O_CLOEXEC) = 3</usr/lib/locale/C.utf8/LC_NUMERIC>
1428366 openat(AT_FDCWD</tmp/kernel-audit2-v3r63b5w/\346\261\202\350\247\243\345\231\250>, "/usr/lib/locale/C.UTF-8/LC_CTYPE", O_RDONLY|O_CLOEXEC) = -1 ENOENT (No such file or directory)
1428366 openat(AT_FDCWD</tmp/kernel-audit2-v3r63b5w/\346\261\202\350\247\243\345\231\250>, "/usr/lib/locale/C.utf8/LC_CTYPE", O_RDONLY|O_CLOEXEC) = 3</usr/lib/locale/C.utf8/LC_CTYPE>
1428366 openat(AT_FDCWD</tmp/kernel-audit2-v3r63b5w/\346\261\202\350\247\243\345\231\250>, "/tmp/kernel-audit2-v3r63b5w/\346\261\202\350\247\243\345\231\250/\346\225\260\346\215\256/\346\255\243\345\274\217\351\235\231\346\200\201\347\233\256\345\275\225.json", O_RDONLY) = 3</tmp/kernel-audit2-v3r63b5w/\346\261\202\350\247\243\345\231\250/\346\225\260\346\215\256/\346\255\243\345\274\217\351\235\231\346\200\201\347\233\256\345\275\225.json>
1428364 --- SIGCHLD {si_signo=SIGCHLD, si_code=CLD_EXITED, si_pid=1428366, si_uid=1000, si_status=0, si_utime=0, si_stime=0} ---
1428364 openat(AT_FDCWD</tmp/kernel-audit2-v3r63b5w/\346\261\202\350\247\243\345\231\250>, "/dev/null", O_RDONLY|O_CLOEXEC) = 3</dev/null<char 1:3>>
1428367 execve("/home/zhuran24/.codex/tmp/arg0/codex-arg0DuAZRy/sha256sum", ["sha256sum", "--", "/tmp/kernel-audit2-v3r63b5w/\343\200\212\346\230\216\346\227\245\346\226\271\350\210\237\357\274\232\347\273\210\346\234\253\345\234\260\343\200\213\346\270\270\346\210\217\350\247\204\345\210\231.txt"], 0x7ffd72465138 /* 135 vars */) = -1 ENOENT (No such file or directory)
1428367 execve("/home/zhuran24/.cargo/bin/sha256sum", ["sha256sum", "--", "/tmp/kernel-audit2-v3r63b5w/\343\200\212\346\230\216\346\227\245\346\226\271\350\210\237\357\274\232\347\273\210\346\234\253\345\234\260\343\200\213\346\270\270\346\210\217\350\247\204\345\210\231.txt"], 0x7ffd72465138 /* 135 vars */) = -1 ENOENT (No such file or directory)
1428367 execve("/home/zhuran24/.local/bin/sha256sum", ["sha256sum", "--", "/tmp/kernel-audit2-v3r63b5w/\343\200\212\346\230\216\346\227\245\346\226\271\350\210\237\357\274\232\347\273\210\346\234\253\345\234\260\343\200\213\346\270\270\346\210\217\350\247\204\345\210\231.txt"], 0x7ffd72465138 /* 135 vars */) = -1 ENOENT (No such file or directory)
1428367 execve("/home/zhuran24/.opencode/bin/sha256sum", ["sha256sum", "--", "/tmp/kernel-audit2-v3r63b5w/\343\200\212\346\230\216\346\227\245\346\226\271\350\210\237\357\274\232\347\273\210\346\234\253\345\234\260\343\200\213\346\270\270\346\210\217\350\247\204\345\210\231.txt"], 0x7ffd72465138 /* 135 vars */) = -1 ENOENT (No such file or directory)
1428367 execve("/usr/local/bin/sha256sum", ["sha256sum", "--", "/tmp/kernel-audit2-v3r63b5w/\343\200\212\346\230\216\346\227\245\346\226\271\350\210\237\357\274\232\347\273\210\346\234\253\345\234\260\343\200\213\346\270\270\346\210\217\350\247\204\345\210\231.txt"], 0x7ffd72465138 /* 135 vars */) = -1 ENOENT (No such file or directory)
1428367 execve("/usr/bin/sha256sum", ["sha256sum", "--", "/tmp/kernel-audit2-v3r63b5w/\343\200\212\346\230\216\346\227\245\346\226\271\350\210\237\357\274\232\347\273\210\346\234\253\345\234\260\343\200\213\346\270\270\346\210\217\350\247\204\345\210\231.txt"], 0x7ffd72465138 /* 135 vars */) = 0
1428367 openat(AT_FDCWD</tmp/kernel-audit2-v3r63b5w/\346\261\202\350\247\243\345\231\250>, "/etc/ld.so.cache", O_RDONLY|O_CLOEXEC) = 3</etc/ld.so.cache>
1428367 openat(AT_FDCWD</tmp/kernel-audit2-v3r63b5w/\346\261\202\350\247\243\345\231\250>, "/usr/lib/libcrypto.so.3", O_RDONLY|O_CLOEXEC) = 3</usr/lib/libcrypto.so.3>
1428367 openat(AT_FDCWD</tmp/kernel-audit2-v3r63b5w/\346\261\202\350\247\243\345\231\250>, "/usr/lib/libc.so.6", O_RDONLY|O_CLOEXEC) = 3</usr/lib/libc.so.6>
1428367 openat(AT_FDCWD</tmp/kernel-audit2-v3r63b5w/\346\261\202\350\247\243\345\231\250>, "/usr/lib/libz.so.1", O_RDONLY|O_CLOEXEC) = 3</usr/lib/libz.so.1.3.1.zlib-ng>
1428367 openat(AT_FDCWD</tmp/kernel-audit2-v3r63b5w/\346\261\202\350\247\243\345\231\250>, "/usr/lib/libbrotlienc.so.1", O_RDONLY|O_CLOEXEC) = 3</usr/lib/libbrotlienc.so.1.2.0>
1428367 openat(AT_FDCWD</tmp/kernel-audit2-v3r63b5w/\346\261\202\350\247\243\345\231\250>, "/usr/lib/libbrotlidec.so.1", O_RDONLY|O_CLOEXEC) = 3</usr/lib/libbrotlidec.so.1.2.0>
1428367 openat(AT_FDCWD</tmp/kernel-audit2-v3r63b5w/\346\261\202\350\247\243\345\231\250>, "/usr/lib/libzstd.so.1", O_RDONLY|O_CLOEXEC) = 3</usr/lib/libzstd.so.1.5.7>
1428367 openat(AT_FDCWD</tmp/kernel-audit2-v3r63b5w/\346\261\202\350\247\243\345\231\250>, "/usr/lib/libm.so.6", O_RDONLY|O_CLOEXEC) = 3</usr/lib/libm.so.6>
1428367 openat(AT_FDCWD</tmp/kernel-audit2-v3r63b5w/\346\261\202\350\247\243\345\231\250>, "/usr/lib/libbrotlicommon.so.1", O_RDONLY|O_CLOEXEC) = 3</usr/lib/libbrotlicommon.so.1.2.0>
1428367 openat(AT_FDCWD</tmp/kernel-audit2-v3r63b5w/\346\261\202\350\247\243\345\231\250>, "/usr/lib/locale/locale-archive", O_RDONLY|O_CLOEXEC) = 3</usr/lib/locale/locale-archive>
1428367 openat(AT_FDCWD</tmp/kernel-audit2-v3r63b5w/\346\261\202\350\247\243\345\231\250>, "/usr/share/locale/locale.alias", O_RDONLY|O_CLOEXEC) = 3</usr/share/locale/locale.alias>
1428367 openat(AT_FDCWD</tmp/kernel-audit2-v3r63b5w/\346\261\202\350\247\243\345\231\250>, "/usr/lib/locale/C.UTF-8/LC_IDENTIFICATION", O_RDONLY|O_CLOEXEC) = -1 ENOENT (No such file or directory)
1428367 openat(AT_FDCWD</tmp/kernel-audit2-v3r63b5w/\346\261\202\350\247\243\345\231\250>, "/usr/lib/locale/C.utf8/LC_IDENTIFICATION", O_RDONLY|O_CLOEXEC) = 3</usr/lib/locale/C.utf8/LC_IDENTIFICATION>
1428367 openat(AT_FDCWD</tmp/kernel-audit2-v3r63b5w/\346\261\202\350\247\243\345\231\250>, "/usr/lib/gconv/gconv-modules.cache", O_RDONLY|O_CLOEXEC) = 3</usr/lib/gconv/gconv-modules.cache>
1428367 openat(AT_FDCWD</tmp/kernel-audit2-v3r63b5w/\346\261\202\350\247\243\345\231\250>, "/usr/lib/locale/C.UTF-8/LC_MEASUREMENT", O_RDONLY|O_CLOEXEC) = -1 ENOENT (No such file or directory)
1428367 openat(AT_FDCWD</tmp/kernel-audit2-v3r63b5w/\346\261\202\350\247\243\345\231\250>, "/usr/lib/locale/C.utf8/LC_MEASUREMENT", O_RDONLY|O_CLOEXEC) = 3</usr/lib/locale/C.utf8/LC_MEASUREMENT>
1428367 openat(AT_FDCWD</tmp/kernel-audit2-v3r63b5w/\346\261\202\350\247\243\345\231\250>, "/usr/lib/locale/C.UTF-8/LC_TELEPHONE", O_RDONLY|O_CLOEXEC) = -1 ENOENT (No such file or directory)
1428367 openat(AT_FDCWD</tmp/kernel-audit2-v3r63b5w/\346\261\202\350\247\243\345\231\250>, "/usr/lib/locale/C.utf8/LC_TELEPHONE", O_RDONLY|O_CLOEXEC) = 3</usr/lib/locale/C.utf8/LC_TELEPHONE>
1428367 openat(AT_FDCWD</tmp/kernel-audit2-v3r63b5w/\346\261\202\350\247\243\345\231\250>, "/usr/lib/locale/C.UTF-8/LC_ADDRESS", O_RDONLY|O_CLOEXEC) = -1 ENOENT (No such file or directory)
1428367 openat(AT_FDCWD</tmp/kernel-audit2-v3r63b5w/\346\261\202\350\247\243\345\231\250>, "/usr/lib/locale/C.utf8/LC_ADDRESS", O_RDONLY|O_CLOEXEC) = 3</usr/lib/locale/C.utf8/LC_ADDRESS>
1428367 openat(AT_FDCWD</tmp/kernel-audit2-v3r63b5w/\346\261\202\350\247\243\345\231\250>, "/usr/lib/locale/C.UTF-8/LC_NAME", O_RDONLY|O_CLOEXEC) = -1 ENOENT (No such file or directory)
1428367 openat(AT_FDCWD</tmp/kernel-audit2-v3r63b5w/\346\261\202\350\247\243\345\231\250>, "/usr/lib/locale/C.utf8/LC_NAME", O_RDONLY|O_CLOEXEC) = 3</usr/lib/locale/C.utf8/LC_NAME>
1428367 openat(AT_FDCWD</tmp/kernel-audit2-v3r63b5w/\346\261\202\350\247\243\345\231\250>, "/usr/lib/locale/C.UTF-8/LC_PAPER", O_RDONLY|O_CLOEXEC) = -1 ENOENT (No such file or directory)
1428367 openat(AT_FDCWD</tmp/kernel-audit2-v3r63b5w/\346\261\202\350\247\243\345\231\250>, "/usr/lib/locale/C.utf8/LC_PAPER", O_RDONLY|O_CLOEXEC) = 3</usr/lib/locale/C.utf8/LC_PAPER>
1428367 openat(AT_FDCWD</tmp/kernel-audit2-v3r63b5w/\346\261\202\350\247\243\345\231\250>, "/usr/lib/locale/C.UTF-8/LC_MESSAGES", O_RDONLY|O_CLOEXEC) = -1 ENOENT (No such file or directory)
1428367 openat(AT_FDCWD</tmp/kernel-audit2-v3r63b5w/\346\261\202\350\247\243\345\231\250>, "/usr/lib/locale/C.utf8/LC_MESSAGES", O_RDONLY|O_CLOEXEC) = 3</usr/lib/locale/C.utf8/LC_MESSAGES>
1428367 openat(AT_FDCWD</tmp/kernel-audit2-v3r63b5w/\346\261\202\350\247\243\345\231\250>, "/usr/lib/locale/C.utf8/LC_MESSAGES/SYS_LC_MESSAGES", O_RDONLY|O_CLOEXEC) = 3</usr/lib/locale/C.utf8/LC_MESSAGES/SYS_LC_MESSAGES>
1428367 openat(AT_FDCWD</tmp/kernel-audit2-v3r63b5w/\346\261\202\350\247\243\345\231\250>, "/usr/lib/locale/C.UTF-8/LC_MONETARY", O_RDONLY|O_CLOEXEC) = -1 ENOENT (No such file or directory)
1428367 openat(AT_FDCWD</tmp/kernel-audit2-v3r63b5w/\346\261\202\350\247\243\345\231\250>, "/usr/lib/locale/C.utf8/LC_MONETARY", O_RDONLY|O_CLOEXEC) = 3</usr/lib/locale/C.utf8/LC_MONETARY>
1428367 openat(AT_FDCWD</tmp/kernel-audit2-v3r63b5w/\346\261\202\350\247\243\345\231\250>, "/usr/lib/locale/C.UTF-8/LC_COLLATE", O_RDONLY|O_CLOEXEC) = -1 ENOENT (No such file or directory)
1428367 openat(AT_FDCWD</tmp/kernel-audit2-v3r63b5w/\346\261\202\350\247\243\345\231\250>, "/usr/lib/locale/C.utf8/LC_COLLATE", O_RDONLY|O_CLOEXEC) = 3</usr/lib/locale/C.utf8/LC_COLLATE>
1428367 openat(AT_FDCWD</tmp/kernel-audit2-v3r63b5w/\346\261\202\350\247\243\345\231\250>, "/usr/lib/locale/C.UTF-8/LC_TIME", O_RDONLY|O_CLOEXEC) = -1 ENOENT (No such file or directory)
1428367 openat(AT_FDCWD</tmp/kernel-audit2-v3r63b5w/\346\261\202\350\247\243\345\231\250>, "/usr/lib/locale/C.utf8/LC_TIME", O_RDONLY|O_CLOEXEC) = 3</usr/lib/locale/C.utf8/LC_TIME>
1428367 openat(AT_FDCWD</tmp/kernel-audit2-v3r63b5w/\346\261\202\350\247\243\345\231\250>, "/usr/lib/locale/C.UTF-8/LC_NUMERIC", O_RDONLY|O_CLOEXEC) = -1 ENOENT (No such file or directory)
1428367 openat(AT_FDCWD</tmp/kernel-audit2-v3r63b5w/\346\261\202\350\247\243\345\231\250>, "/usr/lib/locale/C.utf8/LC_NUMERIC", O_RDONLY|O_CLOEXEC) = 3</usr/lib/locale/C.utf8/LC_NUMERIC>
1428367 openat(AT_FDCWD</tmp/kernel-audit2-v3r63b5w/\346\261\202\350\247\243\345\231\250>, "/usr/lib/locale/C.UTF-8/LC_CTYPE", O_RDONLY|O_CLOEXEC) = -1 ENOENT (No such file or directory)
1428367 openat(AT_FDCWD</tmp/kernel-audit2-v3r63b5w/\346\261\202\350\247\243\345\231\250>, "/usr/lib/locale/C.utf8/LC_CTYPE", O_RDONLY|O_CLOEXEC) = 3</usr/lib/locale/C.utf8/LC_CTYPE>
1428367 openat(AT_FDCWD</tmp/kernel-audit2-v3r63b5w/\346\261\202\350\247\243\345\231\250>, "/tmp/kernel-audit2-v3r63b5w/\343\200\212\346\230\216\346\227\245\346\226\271\350\210\237\357\274\232\347\273\210\346\234\253\345\234\260\343\200\213\346\270\270\346\210\217\350\247\204\345\210\231.txt", O_RDONLY) = 3</tmp/kernel-audit2-v3r63b5w/\343\200\212\346\230\216\346\227\245\346\226\271\350\210\237\357\274\232\347\273\210\346\234\253\345\234\260\343\200\213\346\270\270\346\210\217\350\247\204\345\210\231.txt>
1428364 --- SIGCHLD {si_signo=SIGCHLD, si_code=CLD_EXITED, si_pid=1428367, si_uid=1000, si_status=0, si_utime=0, si_stime=0} ---
1428364 openat(AT_FDCWD</tmp/kernel-audit2-v3r63b5w/\346\261\202\350\247\243\345\231\250>, "/dev/null", O_RDONLY|O_CLOEXEC) = 3</dev/null<char 1:3>>
1428368 execve("/home/zhuran24/.codex/tmp/arg0/codex-arg0DuAZRy/sha256sum", ["sha256sum", "--", "/tmp/kernel-audit2-v3r63b5w/\346\261\202\350\247\243\344\273\273\345\212\241.txt"], 0x7ffd72465138 /* 135 vars */) = -1 ENOENT (No such file or directory)
1428368 execve("/home/zhuran24/.cargo/bin/sha256sum", ["sha256sum", "--", "/tmp/kernel-audit2-v3r63b5w/\346\261\202\350\247\243\344\273\273\345\212\241.txt"], 0x7ffd72465138 /* 135 vars */) = -1 ENOENT (No such file or directory)
1428368 execve("/home/zhuran24/.local/bin/sha256sum", ["sha256sum", "--", "/tmp/kernel-audit2-v3r63b5w/\346\261\202\350\247\243\344\273\273\345\212\241.txt"], 0x7ffd72465138 /* 135 vars */) = -1 ENOENT (No such file or directory)
1428368 execve("/home/zhuran24/.opencode/bin/sha256sum", ["sha256sum", "--", "/tmp/kernel-audit2-v3r63b5w/\346\261\202\350\247\243\344\273\273\345\212\241.txt"], 0x7ffd72465138 /* 135 vars */) = -1 ENOENT (No such file or directory)
1428368 execve("/usr/local/bin/sha256sum", ["sha256sum", "--", "/tmp/kernel-audit2-v3r63b5w/\346\261\202\350\247\243\344\273\273\345\212\241.txt"], 0x7ffd72465138 /* 135 vars */) = -1 ENOENT (No such file or directory)
1428368 execve("/usr/bin/sha256sum", ["sha256sum", "--", "/tmp/kernel-audit2-v3r63b5w/\346\261\202\350\247\243\344\273\273\345\212\241.txt"], 0x7ffd72465138 /* 135 vars */) = 0
1428368 openat(AT_FDCWD</tmp/kernel-audit2-v3r63b5w/\346\261\202\350\247\243\345\231\250>, "/etc/ld.so.cache", O_RDONLY|O_CLOEXEC) = 3</etc/ld.so.cache>
1428368 openat(AT_FDCWD</tmp/kernel-audit2-v3r63b5w/\346\261\202\350\247\243\345\231\250>, "/usr/lib/libcrypto.so.3", O_RDONLY|O_CLOEXEC) = 3</usr/lib/libcrypto.so.3>
1428368 openat(AT_FDCWD</tmp/kernel-audit2-v3r63b5w/\346\261\202\350\247\243\345\231\250>, "/usr/lib/libc.so.6", O_RDONLY|O_CLOEXEC) = 3</usr/lib/libc.so.6>
1428368 openat(AT_FDCWD</tmp/kernel-audit2-v3r63b5w/\346\261\202\350\247\243\345\231\250>, "/usr/lib/libz.so.1", O_RDONLY|O_CLOEXEC) = 3</usr/lib/libz.so.1.3.1.zlib-ng>
1428368 openat(AT_FDCWD</tmp/kernel-audit2-v3r63b5w/\346\261\202\350\247\243\345\231\250>, "/usr/lib/libbrotlienc.so.1", O_RDONLY|O_CLOEXEC) = 3</usr/lib/libbrotlienc.so.1.2.0>
1428368 openat(AT_FDCWD</tmp/kernel-audit2-v3r63b5w/\346\261\202\350\247\243\345\231\250>, "/usr/lib/libbrotlidec.so.1", O_RDONLY|O_CLOEXEC) = 3</usr/lib/libbrotlidec.so.1.2.0>
1428368 openat(AT_FDCWD</tmp/kernel-audit2-v3r63b5w/\346\261\202\350\247\243\345\231\250>, "/usr/lib/libzstd.so.1", O_RDONLY|O_CLOEXEC) = 3</usr/lib/libzstd.so.1.5.7>
1428368 openat(AT_FDCWD</tmp/kernel-audit2-v3r63b5w/\346\261\202\350\247\243\345\231\250>, "/usr/lib/libm.so.6", O_RDONLY|O_CLOEXEC) = 3</usr/lib/libm.so.6>
1428368 openat(AT_FDCWD</tmp/kernel-audit2-v3r63b5w/\346\261\202\350\247\243\345\231\250>, "/usr/lib/libbrotlicommon.so.1", O_RDONLY|O_CLOEXEC) = 3</usr/lib/libbrotlicommon.so.1.2.0>
1428368 openat(AT_FDCWD</tmp/kernel-audit2-v3r63b5w/\346\261\202\350\247\243\345\231\250>, "/usr/lib/locale/locale-archive", O_RDONLY|O_CLOEXEC) = 3</usr/lib/locale/locale-archive>
1428368 openat(AT_FDCWD</tmp/kernel-audit2-v3r63b5w/\346\261\202\350\247\243\345\231\250>, "/usr/share/locale/locale.alias", O_RDONLY|O_CLOEXEC) = 3</usr/share/locale/locale.alias>
1428368 openat(AT_FDCWD</tmp/kernel-audit2-v3r63b5w/\346\261\202\350\247\243\345\231\250>, "/usr/lib/locale/C.UTF-8/LC_IDENTIFICATION", O_RDONLY|O_CLOEXEC) = -1 ENOENT (No such file or directory)
1428368 openat(AT_FDCWD</tmp/kernel-audit2-v3r63b5w/\346\261\202\350\247\243\345\231\250>, "/usr/lib/locale/C.utf8/LC_IDENTIFICATION", O_RDONLY|O_CLOEXEC) = 3</usr/lib/locale/C.utf8/LC_IDENTIFICATION>
1428368 openat(AT_FDCWD</tmp/kernel-audit2-v3r63b5w/\346\261\202\350\247\243\345\231\250>, "/usr/lib/gconv/gconv-modules.cache", O_RDONLY|O_CLOEXEC) = 3</usr/lib/gconv/gconv-modules.cache>
1428368 openat(AT_FDCWD</tmp/kernel-audit2-v3r63b5w/\346\261\202\350\247\243\345\231\250>, "/usr/lib/locale/C.UTF-8/LC_MEASUREMENT", O_RDONLY|O_CLOEXEC) = -1 ENOENT (No such file or directory)
1428368 openat(AT_FDCWD</tmp/kernel-audit2-v3r63b5w/\346\261\202\350\247\243\345\231\250>, "/usr/lib/locale/C.utf8/LC_MEASUREMENT", O_RDONLY|O_CLOEXEC) = 3</usr/lib/locale/C.utf8/LC_MEASUREMENT>
1428368 openat(AT_FDCWD</tmp/kernel-audit2-v3r63b5w/\346\261\202\350\247\243\345\231\250>, "/usr/lib/locale/C.UTF-8/LC_TELEPHONE", O_RDONLY|O_CLOEXEC) = -1 ENOENT (No such file or directory)
1428368 openat(AT_FDCWD</tmp/kernel-audit2-v3r63b5w/\346\261\202\350\247\243\345\231\250>, "/usr/lib/locale/C.utf8/LC_TELEPHONE", O_RDONLY|O_CLOEXEC) = 3</usr/lib/locale/C.utf8/LC_TELEPHONE>
1428368 openat(AT_FDCWD</tmp/kernel-audit2-v3r63b5w/\346\261\202\350\247\243\345\231\250>, "/usr/lib/locale/C.UTF-8/LC_ADDRESS", O_RDONLY|O_CLOEXEC) = -1 ENOENT (No such file or directory)
1428368 openat(AT_FDCWD</tmp/kernel-audit2-v3r63b5w/\346\261\202\350\247\243\345\231\250>, "/usr/lib/locale/C.utf8/LC_ADDRESS", O_RDONLY|O_CLOEXEC) = 3</usr/lib/locale/C.utf8/LC_ADDRESS>
1428368 openat(AT_FDCWD</tmp/kernel-audit2-v3r63b5w/\346\261\202\350\247\243\345\231\250>, "/usr/lib/locale/C.UTF-8/LC_NAME", O_RDONLY|O_CLOEXEC) = -1 ENOENT (No such file or directory)
1428368 openat(AT_FDCWD</tmp/kernel-audit2-v3r63b5w/\346\261\202\350\247\243\345\231\250>, "/usr/lib/locale/C.utf8/LC_NAME", O_RDONLY|O_CLOEXEC) = 3</usr/lib/locale/C.utf8/LC_NAME>
1428368 openat(AT_FDCWD</tmp/kernel-audit2-v3r63b5w/\346\261\202\350\247\243\345\231\250>, "/usr/lib/locale/C.UTF-8/LC_PAPER", O_RDONLY|O_CLOEXEC) = -1 ENOENT (No such file or directory)
1428368 openat(AT_FDCWD</tmp/kernel-audit2-v3r63b5w/\346\261\202\350\247\243\345\231\250>, "/usr/lib/locale/C.utf8/LC_PAPER", O_RDONLY|O_CLOEXEC) = 3</usr/lib/locale/C.utf8/LC_PAPER>
1428368 openat(AT_FDCWD</tmp/kernel-audit2-v3r63b5w/\346\261\202\350\247\243\345\231\250>, "/usr/lib/locale/C.UTF-8/LC_MESSAGES", O_RDONLY|O_CLOEXEC) = -1 ENOENT (No such file or directory)
1428368 openat(AT_FDCWD</tmp/kernel-audit2-v3r63b5w/\346\261\202\350\247\243\345\231\250>, "/usr/lib/locale/C.utf8/LC_MESSAGES", O_RDONLY|O_CLOEXEC) = 3</usr/lib/locale/C.utf8/LC_MESSAGES>
1428368 openat(AT_FDCWD</tmp/kernel-audit2-v3r63b5w/\346\261\202\350\247\243\345\231\250>, "/usr/lib/locale/C.utf8/LC_MESSAGES/SYS_LC_MESSAGES", O_RDONLY|O_CLOEXEC) = 3</usr/lib/locale/C.utf8/LC_MESSAGES/SYS_LC_MESSAGES>
1428368 openat(AT_FDCWD</tmp/kernel-audit2-v3r63b5w/\346\261\202\350\247\243\345\231\250>, "/usr/lib/locale/C.UTF-8/LC_MONETARY", O_RDONLY|O_CLOEXEC) = -1 ENOENT (No such file or directory)
1428368 openat(AT_FDCWD</tmp/kernel-audit2-v3r63b5w/\346\261\202\350\247\243\345\231\250>, "/usr/lib/locale/C.utf8/LC_MONETARY", O_RDONLY|O_CLOEXEC) = 3</usr/lib/locale/C.utf8/LC_MONETARY>
1428368 openat(AT_FDCWD</tmp/kernel-audit2-v3r63b5w/\346\261\202\350\247\243\345\231\250>, "/usr/lib/locale/C.UTF-8/LC_COLLATE", O_RDONLY|O_CLOEXEC) = -1 ENOENT (No such file or directory)
1428368 openat(AT_FDCWD</tmp/kernel-audit2-v3r63b5w/\346\261\202\350\247\243\345\231\250>, "/usr/lib/locale/C.utf8/LC_COLLATE", O_RDONLY|O_CLOEXEC) = 3</usr/lib/locale/C.utf8/LC_COLLATE>
1428368 openat(AT_FDCWD</tmp/kernel-audit2-v3r63b5w/\346\261\202\350\247\243\345\231\250>, "/usr/lib/locale/C.UTF-8/LC_TIME", O_RDONLY|O_CLOEXEC) = -1 ENOENT (No such file or directory)
1428368 openat(AT_FDCWD</tmp/kernel-audit2-v3r63b5w/\346\261\202\350\247\243\345\231\250>, "/usr/lib/locale/C.utf8/LC_TIME", O_RDONLY|O_CLOEXEC) = 3</usr/lib/locale/C.utf8/LC_TIME>
1428368 openat(AT_FDCWD</tmp/kernel-audit2-v3r63b5w/\346\261\202\350\247\243\345\231\250>, "/usr/lib/locale/C.UTF-8/LC_NUMERIC", O_RDONLY|O_CLOEXEC) = -1 ENOENT (No such file or directory)
1428368 openat(AT_FDCWD</tmp/kernel-audit2-v3r63b5w/\346\261\202\350\247\243\345\231\250>, "/usr/lib/locale/C.utf8/LC_NUMERIC", O_RDONLY|O_CLOEXEC) = 3</usr/lib/locale/C.utf8/LC_NUMERIC>
1428368 openat(AT_FDCWD</tmp/kernel-audit2-v3r63b5w/\346\261\202\350\247\243\345\231\250>, "/usr/lib/locale/C.UTF-8/LC_CTYPE", O_RDONLY|O_CLOEXEC) = -1 ENOENT (No such file or directory)
1428368 openat(AT_FDCWD</tmp/kernel-audit2-v3r63b5w/\346\261\202\350\247\243\345\231\250>, "/usr/lib/locale/C.utf8/LC_CTYPE", O_RDONLY|O_CLOEXEC) = 3</usr/lib/locale/C.utf8/LC_CTYPE>
1428368 openat(AT_FDCWD</tmp/kernel-audit2-v3r63b5w/\346\261\202\350\247\243\345\231\250>, "/tmp/kernel-audit2-v3r63b5w/\346\261\202\350\247\243\344\273\273\345\212\241.txt", O_RDONLY) = 3</tmp/kernel-audit2-v3r63b5w/\346\261\202\350\247\243\344\273\273\345\212\241.txt>
1428364 --- SIGCHLD {si_signo=SIGCHLD, si_code=CLD_EXITED, si_pid=1428368, si_uid=1000, si_status=0, si_utime=0, si_stime=0} ---
1428364 openat(AT_FDCWD</tmp/kernel-audit2-v3r63b5w/\346\261\202\350\247\243\345\231\250>, "/dev/null", O_RDONLY|O_CLOEXEC) = 3</dev/null<char 1:3>>
1428369 execve("/home/zhuran24/.codex/tmp/arg0/codex-arg0DuAZRy/sha256sum", ["sha256sum", "--", "/tmp/kernel-audit2-v3r63b5w/\346\261\202\350\247\243\347\272\246\346\235\237.txt"], 0x7ffd72465138 /* 135 vars */) = -1 ENOENT (No such file or directory)
1428369 execve("/home/zhuran24/.cargo/bin/sha256sum", ["sha256sum", "--", "/tmp/kernel-audit2-v3r63b5w/\346\261\202\350\247\243\347\272\246\346\235\237.txt"], 0x7ffd72465138 /* 135 vars */) = -1 ENOENT (No such file or directory)
1428369 execve("/home/zhuran24/.local/bin/sha256sum", ["sha256sum", "--", "/tmp/kernel-audit2-v3r63b5w/\346\261\202\350\247\243\347\272\246\346\235\237.txt"], 0x7ffd72465138 /* 135 vars */) = -1 ENOENT (No such file or directory)
1428369 execve("/home/zhuran24/.opencode/bin/sha256sum", ["sha256sum", "--", "/tmp/kernel-audit2-v3r63b5w/\346\261\202\350\247\243\347\272\246\346\235\237.txt"], 0x7ffd72465138 /* 135 vars */) = -1 ENOENT (No such file or directory)
1428369 execve("/usr/local/bin/sha256sum", ["sha256sum", "--", "/tmp/kernel-audit2-v3r63b5w/\346\261\202\350\247\243\347\272\246\346\235\237.txt"], 0x7ffd72465138 /* 135 vars */) = -1 ENOENT (No such file or directory)
1428369 execve("/usr/bin/sha256sum", ["sha256sum", "--", "/tmp/kernel-audit2-v3r63b5w/\346\261\202\350\247\243\347\272\246\346\235\237.txt"], 0x7ffd72465138 /* 135 vars */) = 0
1428369 openat(AT_FDCWD</tmp/kernel-audit2-v3r63b5w/\346\261\202\350\247\243\345\231\250>, "/etc/ld.so.cache", O_RDONLY|O_CLOEXEC) = 3</etc/ld.so.cache>
1428369 openat(AT_FDCWD</tmp/kernel-audit2-v3r63b5w/\346\261\202\350\247\243\345\231\250>, "/usr/lib/libcrypto.so.3", O_RDONLY|O_CLOEXEC) = 3</usr/lib/libcrypto.so.3>
1428369 openat(AT_FDCWD</tmp/kernel-audit2-v3r63b5w/\346\261\202\350\247\243\345\231\250>, "/usr/lib/libc.so.6", O_RDONLY|O_CLOEXEC) = 3</usr/lib/libc.so.6>
1428369 openat(AT_FDCWD</tmp/kernel-audit2-v3r63b5w/\346\261\202\350\247\243\345\231\250>, "/usr/lib/libz.so.1", O_RDONLY|O_CLOEXEC) = 3</usr/lib/libz.so.1.3.1.zlib-ng>
1428369 openat(AT_FDCWD</tmp/kernel-audit2-v3r63b5w/\346\261\202\350\247\243\345\231\250>, "/usr/lib/libbrotlienc.so.1", O_RDONLY|O_CLOEXEC) = 3</usr/lib/libbrotlienc.so.1.2.0>
1428369 openat(AT_FDCWD</tmp/kernel-audit2-v3r63b5w/\346\261\202\350\247\243\345\231\250>, "/usr/lib/libbrotlidec.so.1", O_RDONLY|O_CLOEXEC) = 3</usr/lib/libbrotlidec.so.1.2.0>
1428369 openat(AT_FDCWD</tmp/kernel-audit2-v3r63b5w/\346\261\202\350\247\243\345\231\250>, "/usr/lib/libzstd.so.1", O_RDONLY|O_CLOEXEC) = 3</usr/lib/libzstd.so.1.5.7>
1428369 openat(AT_FDCWD</tmp/kernel-audit2-v3r63b5w/\346\261\202\350\247\243\345\231\250>, "/usr/lib/libm.so.6", O_RDONLY|O_CLOEXEC) = 3</usr/lib/libm.so.6>
1428369 openat(AT_FDCWD</tmp/kernel-audit2-v3r63b5w/\346\261\202\350\247\243\345\231\250>, "/usr/lib/libbrotlicommon.so.1", O_RDONLY|O_CLOEXEC) = 3</usr/lib/libbrotlicommon.so.1.2.0>
1428369 openat(AT_FDCWD</tmp/kernel-audit2-v3r63b5w/\346\261\202\350\247\243\345\231\250>, "/usr/lib/locale/locale-archive", O_RDONLY|O_CLOEXEC) = 3</usr/lib/locale/locale-archive>
1428369 openat(AT_FDCWD</tmp/kernel-audit2-v3r63b5w/\346\261\202\350\247\243\345\231\250>, "/usr/share/locale/locale.alias", O_RDONLY|O_CLOEXEC) = 3</usr/share/locale/locale.alias>
1428369 openat(AT_FDCWD</tmp/kernel-audit2-v3r63b5w/\346\261\202\350\247\243\345\231\250>, "/usr/lib/locale/C.UTF-8/LC_IDENTIFICATION", O_RDONLY|O_CLOEXEC) = -1 ENOENT (No such file or directory)
1428369 openat(AT_FDCWD</tmp/kernel-audit2-v3r63b5w/\346\261\202\350\247\243\345\231\250>, "/usr/lib/locale/C.utf8/LC_IDENTIFICATION", O_RDONLY|O_CLOEXEC) = 3</usr/lib/locale/C.utf8/LC_IDENTIFICATION>
1428369 openat(AT_FDCWD</tmp/kernel-audit2-v3r63b5w/\346\261\202\350\247\243\345\231\250>, "/usr/lib/gconv/gconv-modules.cache", O_RDONLY|O_CLOEXEC) = 3</usr/lib/gconv/gconv-modules.cache>
1428369 openat(AT_FDCWD</tmp/kernel-audit2-v3r63b5w/\346\261\202\350\247\243\345\231\250>, "/usr/lib/locale/C.UTF-8/LC_MEASUREMENT", O_RDONLY|O_CLOEXEC) = -1 ENOENT (No such file or directory)
1428369 openat(AT_FDCWD</tmp/kernel-audit2-v3r63b5w/\346\261\202\350\247\243\345\231\250>, "/usr/lib/locale/C.utf8/LC_MEASUREMENT", O_RDONLY|O_CLOEXEC) = 3</usr/lib/locale/C.utf8/LC_MEASUREMENT>
1428369 openat(AT_FDCWD</tmp/kernel-audit2-v3r63b5w/\346\261\202\350\247\243\345\231\250>, "/usr/lib/locale/C.UTF-8/LC_TELEPHONE", O_RDONLY|O_CLOEXEC) = -1 ENOENT (No such file or directory)
1428369 openat(AT_FDCWD</tmp/kernel-audit2-v3r63b5w/\346\261\202\350\247\243\345\231\250>, "/usr/lib/locale/C.utf8/LC_TELEPHONE", O_RDONLY|O_CLOEXEC) = 3</usr/lib/locale/C.utf8/LC_TELEPHONE>
1428369 openat(AT_FDCWD</tmp/kernel-audit2-v3r63b5w/\346\261\202\350\247\243\345\231\250>, "/usr/lib/locale/C.UTF-8/LC_ADDRESS", O_RDONLY|O_CLOEXEC) = -1 ENOENT (No such file or directory)
1428369 openat(AT_FDCWD</tmp/kernel-audit2-v3r63b5w/\346\261\202\350\247\243\345\231\250>, "/usr/lib/locale/C.utf8/LC_ADDRESS", O_RDONLY|O_CLOEXEC) = 3</usr/lib/locale/C.utf8/LC_ADDRESS>
1428369 openat(AT_FDCWD</tmp/kernel-audit2-v3r63b5w/\346\261\202\350\247\243\345\231\250>, "/usr/lib/locale/C.UTF-8/LC_NAME", O_RDONLY|O_CLOEXEC) = -1 ENOENT (No such file or directory)
1428369 openat(AT_FDCWD</tmp/kernel-audit2-v3r63b5w/\346\261\202\350\247\243\345\231\250>, "/usr/lib/locale/C.utf8/LC_NAME", O_RDONLY|O_CLOEXEC) = 3</usr/lib/locale/C.utf8/LC_NAME>
1428369 openat(AT_FDCWD</tmp/kernel-audit2-v3r63b5w/\346\261\202\350\247\243\345\231\250>, "/usr/lib/locale/C.UTF-8/LC_PAPER", O_RDONLY|O_CLOEXEC) = -1 ENOENT (No such file or directory)
1428369 openat(AT_FDCWD</tmp/kernel-audit2-v3r63b5w/\346\261\202\350\247\243\345\231\250>, "/usr/lib/locale/C.utf8/LC_PAPER", O_RDONLY|O_CLOEXEC) = 3</usr/lib/locale/C.utf8/LC_PAPER>
1428369 openat(AT_FDCWD</tmp/kernel-audit2-v3r63b5w/\346\261\202\350\247\243\345\231\250>, "/usr/lib/locale/C.UTF-8/LC_MESSAGES", O_RDONLY|O_CLOEXEC) = -1 ENOENT (No such file or directory)
1428369 openat(AT_FDCWD</tmp/kernel-audit2-v3r63b5w/\346\261\202\350\247\243\345\231\250>, "/usr/lib/locale/C.utf8/LC_MESSAGES", O_RDONLY|O_CLOEXEC) = 3</usr/lib/locale/C.utf8/LC_MESSAGES>
1428369 openat(AT_FDCWD</tmp/kernel-audit2-v3r63b5w/\346\261\202\350\247\243\345\231\250>, "/usr/lib/locale/C.utf8/LC_MESSAGES/SYS_LC_MESSAGES", O_RDONLY|O_CLOEXEC) = 3</usr/lib/locale/C.utf8/LC_MESSAGES/SYS_LC_MESSAGES>
1428369 openat(AT_FDCWD</tmp/kernel-audit2-v3r63b5w/\346\261\202\350\247\243\345\231\250>, "/usr/lib/locale/C.UTF-8/LC_MONETARY", O_RDONLY|O_CLOEXEC) = -1 ENOENT (No such file or directory)
1428369 openat(AT_FDCWD</tmp/kernel-audit2-v3r63b5w/\346\261\202\350\247\243\345\231\250>, "/usr/lib/locale/C.utf8/LC_MONETARY", O_RDONLY|O_CLOEXEC) = 3</usr/lib/locale/C.utf8/LC_MONETARY>
1428369 openat(AT_FDCWD</tmp/kernel-audit2-v3r63b5w/\346\261\202\350\247\243\345\231\250>, "/usr/lib/locale/C.UTF-8/LC_COLLATE", O_RDONLY|O_CLOEXEC) = -1 ENOENT (No such file or directory)
1428369 openat(AT_FDCWD</tmp/kernel-audit2-v3r63b5w/\346\261\202\350\247\243\345\231\250>, "/usr/lib/locale/C.utf8/LC_COLLATE", O_RDONLY|O_CLOEXEC) = 3</usr/lib/locale/C.utf8/LC_COLLATE>
1428369 openat(AT_FDCWD</tmp/kernel-audit2-v3r63b5w/\346\261\202\350\247\243\345\231\250>, "/usr/lib/locale/C.UTF-8/LC_TIME", O_RDONLY|O_CLOEXEC) = -1 ENOENT (No such file or directory)
1428369 openat(AT_FDCWD</tmp/kernel-audit2-v3r63b5w/\346\261\202\350\247\243\345\231\250>, "/usr/lib/locale/C.utf8/LC_TIME", O_RDONLY|O_CLOEXEC) = 3</usr/lib/locale/C.utf8/LC_TIME>
1428369 openat(AT_FDCWD</tmp/kernel-audit2-v3r63b5w/\346\261\202\350\247\243\345\231\250>, "/usr/lib/locale/C.UTF-8/LC_NUMERIC", O_RDONLY|O_CLOEXEC) = -1 ENOENT (No such file or directory)
1428369 openat(AT_FDCWD</tmp/kernel-audit2-v3r63b5w/\346\261\202\350\247\243\345\231\250>, "/usr/lib/locale/C.utf8/LC_NUMERIC", O_RDONLY|O_CLOEXEC) = 3</usr/lib/locale/C.utf8/LC_NUMERIC>
1428369 openat(AT_FDCWD</tmp/kernel-audit2-v3r63b5w/\346\261\202\350\247\243\345\231\250>, "/usr/lib/locale/C.UTF-8/LC_CTYPE", O_RDONLY|O_CLOEXEC) = -1 ENOENT (No such file or directory)
1428369 openat(AT_FDCWD</tmp/kernel-audit2-v3r63b5w/\346\261\202\350\247\243\345\231\250>, "/usr/lib/locale/C.utf8/LC_CTYPE", O_RDONLY|O_CLOEXEC) = 3</usr/lib/locale/C.utf8/LC_CTYPE>
1428369 openat(AT_FDCWD</tmp/kernel-audit2-v3r63b5w/\346\261\202\350\247\243\345\231\250>, "/tmp/kernel-audit2-v3r63b5w/\346\261\202\350\247\243\347\272\246\346\235\237.txt", O_RDONLY) = 3</tmp/kernel-audit2-v3r63b5w/\346\261\202\350\247\243\347\272\246\346\235\237.txt>
1428364 --- SIGCHLD {si_signo=SIGCHLD, si_code=CLD_EXITED, si_pid=1428369, si_uid=1000, si_status=0, si_utime=0, si_stime=0} ---
1428364 openat(AT_FDCWD</tmp/kernel-audit2-v3r63b5w/\346\261\202\350\247\243\345\231\250>, "/dev/null", O_RDONLY|O_CLOEXEC) = 3</dev/null<char 1:3>>
1428370 execve("/home/zhuran24/.codex/tmp/arg0/codex-arg0DuAZRy/sha256sum", ["sha256sum", "--", "/tmp/kernel-audit2-v3r63b5w/\346\261\202\350\247\243\345\231\250/\350\247\204\346\240\274/\351\200\211\346\213\251\347\202\271\345\217\202\346\225\260\350\275\264.md"], 0x7ffd72465138 /* 135 vars */) = -1 ENOENT (No such file or directory)
1428370 execve("/home/zhuran24/.cargo/bin/sha256sum", ["sha256sum", "--", "/tmp/kernel-audit2-v3r63b5w/\346\261\202\350\247\243\345\231\250/\350\247\204\346\240\274/\351\200\211\346\213\251\347\202\271\345\217\202\346\225\260\350\275\264.md"], 0x7ffd72465138 /* 135 vars */) = -1 ENOENT (No such file or directory)
1428370 execve("/home/zhuran24/.local/bin/sha256sum", ["sha256sum", "--", "/tmp/kernel-audit2-v3r63b5w/\346\261\202\350\247\243\345\231\250/\350\247\204\346\240\274/\351\200\211\346\213\251\347\202\271\345\217\202\346\225\260\350\275\264.md"], 0x7ffd72465138 /* 135 vars */) = -1 ENOENT (No such file or directory)
1428370 execve("/home/zhuran24/.opencode/bin/sha256sum", ["sha256sum", "--", "/tmp/kernel-audit2-v3r63b5w/\346\261\202\350\247\243\345\231\250/\350\247\204\346\240\274/\351\200\211\346\213\251\347\202\271\345\217\202\346\225\260\350\275\264.md"], 0x7ffd72465138 /* 135 vars */) = -1 ENOENT (No such file or directory)
1428370 execve("/usr/local/bin/sha256sum", ["sha256sum", "--", "/tmp/kernel-audit2-v3r63b5w/\346\261\202\350\247\243\345\231\250/\350\247\204\346\240\274/\351\200\211\346\213\251\347\202\271\345\217\202\346\225\260\350\275\264.md"], 0x7ffd72465138 /* 135 vars */) = -1 ENOENT (No such file or directory)
1428370 execve("/usr/bin/sha256sum", ["sha256sum", "--", "/tmp/kernel-audit2-v3r63b5w/\346\261\202\350\247\243\345\231\250/\350\247\204\346\240\274/\351\200\211\346\213\251\347\202\271\345\217\202\346\225\260\350\275\264.md"], 0x7ffd72465138 /* 135 vars */) = 0
1428370 openat(AT_FDCWD</tmp/kernel-audit2-v3r63b5w/\346\261\202\350\247\243\345\231\250>, "/etc/ld.so.cache", O_RDONLY|O_CLOEXEC) = 3</etc/ld.so.cache>
1428370 openat(AT_FDCWD</tmp/kernel-audit2-v3r63b5w/\346\261\202\350\247\243\345\231\250>, "/usr/lib/libcrypto.so.3", O_RDONLY|O_CLOEXEC) = 3</usr/lib/libcrypto.so.3>
1428370 openat(AT_FDCWD</tmp/kernel-audit2-v3r63b5w/\346\261\202\350\247\243\345\231\250>, "/usr/lib/libc.so.6", O_RDONLY|O_CLOEXEC) = 3</usr/lib/libc.so.6>
1428370 openat(AT_FDCWD</tmp/kernel-audit2-v3r63b5w/\346\261\202\350\247\243\345\231\250>, "/usr/lib/libz.so.1", O_RDONLY|O_CLOEXEC) = 3</usr/lib/libz.so.1.3.1.zlib-ng>
1428370 openat(AT_FDCWD</tmp/kernel-audit2-v3r63b5w/\346\261\202\350\247\243\345\231\250>, "/usr/lib/libbrotlienc.so.1", O_RDONLY|O_CLOEXEC) = 3</usr/lib/libbrotlienc.so.1.2.0>
1428370 openat(AT_FDCWD</tmp/kernel-audit2-v3r63b5w/\346\261\202\350\247\243\345\231\250>, "/usr/lib/libbrotlidec.so.1", O_RDONLY|O_CLOEXEC) = 3</usr/lib/libbrotlidec.so.1.2.0>
1428370 openat(AT_FDCWD</tmp/kernel-audit2-v3r63b5w/\346\261\202\350\247\243\345\231\250>, "/usr/lib/libzstd.so.1", O_RDONLY|O_CLOEXEC) = 3</usr/lib/libzstd.so.1.5.7>
1428370 openat(AT_FDCWD</tmp/kernel-audit2-v3r63b5w/\346\261\202\350\247\243\345\231\250>, "/usr/lib/libm.so.6", O_RDONLY|O_CLOEXEC) = 3</usr/lib/libm.so.6>
1428370 openat(AT_FDCWD</tmp/kernel-audit2-v3r63b5w/\346\261\202\350\247\243\345\231\250>, "/usr/lib/libbrotlicommon.so.1", O_RDONLY|O_CLOEXEC) = 3</usr/lib/libbrotlicommon.so.1.2.0>
1428370 openat(AT_FDCWD</tmp/kernel-audit2-v3r63b5w/\346\261\202\350\247\243\345\231\250>, "/usr/lib/locale/locale-archive", O_RDONLY|O_CLOEXEC) = 3</usr/lib/locale/locale-archive>
1428370 openat(AT_FDCWD</tmp/kernel-audit2-v3r63b5w/\346\261\202\350\247\243\345\231\250>, "/usr/share/locale/locale.alias", O_RDONLY|O_CLOEXEC) = 3</usr/share/locale/locale.alias>
1428370 openat(AT_FDCWD</tmp/kernel-audit2-v3r63b5w/\346\261\202\350\247\243\345\231\250>, "/usr/lib/locale/C.UTF-8/LC_IDENTIFICATION", O_RDONLY|O_CLOEXEC) = -1 ENOENT (No such file or directory)
1428370 openat(AT_FDCWD</tmp/kernel-audit2-v3r63b5w/\346\261\202\350\247\243\345\231\250>, "/usr/lib/locale/C.utf8/LC_IDENTIFICATION", O_RDONLY|O_CLOEXEC) = 3</usr/lib/locale/C.utf8/LC_IDENTIFICATION>
1428370 openat(AT_FDCWD</tmp/kernel-audit2-v3r63b5w/\346\261\202\350\247\243\345\231\250>, "/usr/lib/gconv/gconv-modules.cache", O_RDONLY|O_CLOEXEC) = 3</usr/lib/gconv/gconv-modules.cache>
1428370 openat(AT_FDCWD</tmp/kernel-audit2-v3r63b5w/\346\261\202\350\247\243\345\231\250>, "/usr/lib/locale/C.UTF-8/LC_MEASUREMENT", O_RDONLY|O_CLOEXEC) = -1 ENOENT (No such file or directory)
1428370 openat(AT_FDCWD</tmp/kernel-audit2-v3r63b5w/\346\261\202\350\247\243\345\231\250>, "/usr/lib/locale/C.utf8/LC_MEASUREMENT", O_RDONLY|O_CLOEXEC) = 3</usr/lib/locale/C.utf8/LC_MEASUREMENT>
1428370 openat(AT_FDCWD</tmp/kernel-audit2-v3r63b5w/\346\261\202\350\247\243\345\231\250>, "/usr/lib/locale/C.UTF-8/LC_TELEPHONE", O_RDONLY|O_CLOEXEC) = -1 ENOENT (No such file or directory)
1428370 openat(AT_FDCWD</tmp/kernel-audit2-v3r63b5w/\346\261\202\350\247\243\345\231\250>, "/usr/lib/locale/C.utf8/LC_TELEPHONE", O_RDONLY|O_CLOEXEC) = 3</usr/lib/locale/C.utf8/LC_TELEPHONE>
1428370 openat(AT_FDCWD</tmp/kernel-audit2-v3r63b5w/\346\261\202\350\247\243\345\231\250>, "/usr/lib/locale/C.UTF-8/LC_ADDRESS", O_RDONLY|O_CLOEXEC) = -1 ENOENT (No such file or directory)
1428370 openat(AT_FDCWD</tmp/kernel-audit2-v3r63b5w/\346\261\202\350\247\243\345\231\250>, "/usr/lib/locale/C.utf8/LC_ADDRESS", O_RDONLY|O_CLOEXEC) = 3</usr/lib/locale/C.utf8/LC_ADDRESS>
1428370 openat(AT_FDCWD</tmp/kernel-audit2-v3r63b5w/\346\261\202\350\247\243\345\231\250>, "/usr/lib/locale/C.UTF-8/LC_NAME", O_RDONLY|O_CLOEXEC) = -1 ENOENT (No such file or directory)
1428370 openat(AT_FDCWD</tmp/kernel-audit2-v3r63b5w/\346\261\202\350\247\243\345\231\250>, "/usr/lib/locale/C.utf8/LC_NAME", O_RDONLY|O_CLOEXEC) = 3</usr/lib/locale/C.utf8/LC_NAME>
1428370 openat(AT_FDCWD</tmp/kernel-audit2-v3r63b5w/\346\261\202\350\247\243\345\231\250>, "/usr/lib/locale/C.UTF-8/LC_PAPER", O_RDONLY|O_CLOEXEC) = -1 ENOENT (No such file or directory)
1428370 openat(AT_FDCWD</tmp/kernel-audit2-v3r63b5w/\346\261\202\350\247\243\345\231\250>, "/usr/lib/locale/C.utf8/LC_PAPER", O_RDONLY|O_CLOEXEC) = 3</usr/lib/locale/C.utf8/LC_PAPER>
1428370 openat(AT_FDCWD</tmp/kernel-audit2-v3r63b5w/\346\261\202\350\247\243\345\231\250>, "/usr/lib/locale/C.UTF-8/LC_MESSAGES", O_RDONLY|O_CLOEXEC) = -1 ENOENT (No such file or directory)
1428370 openat(AT_FDCWD</tmp/kernel-audit2-v3r63b5w/\346\261\202\350\247\243\345\231\250>, "/usr/lib/locale/C.utf8/LC_MESSAGES", O_RDONLY|O_CLOEXEC) = 3</usr/lib/locale/C.utf8/LC_MESSAGES>
1428370 openat(AT_FDCWD</tmp/kernel-audit2-v3r63b5w/\346\261\202\350\247\243\345\231\250>, "/usr/lib/locale/C.utf8/LC_MESSAGES/SYS_LC_MESSAGES", O_RDONLY|O_CLOEXEC) = 3</usr/lib/locale/C.utf8/LC_MESSAGES/SYS_LC_MESSAGES>
1428370 openat(AT_FDCWD</tmp/kernel-audit2-v3r63b5w/\346\261\202\350\247\243\345\231\250>, "/usr/lib/locale/C.UTF-8/LC_MONETARY", O_RDONLY|O_CLOEXEC) = -1 ENOENT (No such file or directory)
1428370 openat(AT_FDCWD</tmp/kernel-audit2-v3r63b5w/\346\261\202\350\247\243\345\231\250>, "/usr/lib/locale/C.utf8/LC_MONETARY", O_RDONLY|O_CLOEXEC) = 3</usr/lib/locale/C.utf8/LC_MONETARY>
1428370 openat(AT_FDCWD</tmp/kernel-audit2-v3r63b5w/\346\261\202\350\247\243\345\231\250>, "/usr/lib/locale/C.UTF-8/LC_COLLATE", O_RDONLY|O_CLOEXEC) = -1 ENOENT (No such file or directory)
1428370 openat(AT_FDCWD</tmp/kernel-audit2-v3r63b5w/\346\261\202\350\247\243\345\231\250>, "/usr/lib/locale/C.utf8/LC_COLLATE", O_RDONLY|O_CLOEXEC) = 3</usr/lib/locale/C.utf8/LC_COLLATE>
1428370 openat(AT_FDCWD</tmp/kernel-audit2-v3r63b5w/\346\261\202\350\247\243\345\231\250>, "/usr/lib/locale/C.UTF-8/LC_TIME", O_RDONLY|O_CLOEXEC) = -1 ENOENT (No such file or directory)
1428370 openat(AT_FDCWD</tmp/kernel-audit2-v3r63b5w/\346\261\202\350\247\243\345\231\250>, "/usr/lib/locale/C.utf8/LC_TIME", O_RDONLY|O_CLOEXEC) = 3</usr/lib/locale/C.utf8/LC_TIME>
1428370 openat(AT_FDCWD</tmp/kernel-audit2-v3r63b5w/\346\261\202\350\247\243\345\231\250>, "/usr/lib/locale/C.UTF-8/LC_NUMERIC", O_RDONLY|O_CLOEXEC) = -1 ENOENT (No such file or directory)
1428370 openat(AT_FDCWD</tmp/kernel-audit2-v3r63b5w/\346\261\202\350\247\243\345\231\250>, "/usr/lib/locale/C.utf8/LC_NUMERIC", O_RDONLY|O_CLOEXEC) = 3</usr/lib/locale/C.utf8/LC_NUMERIC>
1428370 openat(AT_FDCWD</tmp/kernel-audit2-v3r63b5w/\346\261\202\350\247\243\345\231\250>, "/usr/lib/locale/C.UTF-8/LC_CTYPE", O_RDONLY|O_CLOEXEC) = -1 ENOENT (No such file or directory)
1428370 openat(AT_FDCWD</tmp/kernel-audit2-v3r63b5w/\346\261\202\350\247\243\345\231\250>, "/usr/lib/locale/C.utf8/LC_CTYPE", O_RDONLY|O_CLOEXEC) = 3</usr/lib/locale/C.utf8/LC_CTYPE>
1428370 openat(AT_FDCWD</tmp/kernel-audit2-v3r63b5w/\346\261\202\350\247\243\345\231\250>, "/tmp/kernel-audit2-v3r63b5w/\346\261\202\350\247\243\345\231\250/\350\247\204\346\240\274/\351\200\211\346\213\251\347\202\271\345\217\202\346\225\260\350\275\264.md", O_RDONLY) = 3</tmp/kernel-audit2-v3r63b5w/\346\261\202\350\247\243\345\231\250/\350\247\204\346\240\274/\351\200\211\346\213\251\347\202\271\345\217\202\346\225\260\350\275\264.md>
1428364 --- SIGCHLD {si_signo=SIGCHLD, si_code=CLD_EXITED, si_pid=1428370, si_uid=1000, si_status=0, si_utime=0, si_stime=0} ---
1428364 openat(AT_FDCWD</tmp/kernel-audit2-v3r63b5w/\346\261\202\350\247\243\345\231\250>, "/tmp/kernel-audit2-v3r63b5w/\346\261\202\350\247\243\345\231\250/\346\225\260\346\215\256/\346\240\267\344\276\213/\347\224\237\344\272\247\345\276\252\347\216\257\347\216\257\345\270\246.json", O_RDONLY|O_CLOEXEC) = 3</tmp/kernel-audit2-v3r63b5w/\346\261\202\350\247\243\345\231\250/\346\225\260\346\215\256/\346\240\267\344\276\213/\347\224\237\344\272\247\345\276\252\347\216\257\347\216\257\345\270\246.json>
1428364 openat(AT_FDCWD</tmp/kernel-audit2-v3r63b5w/\346\261\202\350\247\243\345\231\250>, "/dev/null", O_RDONLY|O_CLOEXEC) = 3</dev/null<char 1:3>>
1428371 execve("/home/zhuran24/.codex/tmp/arg0/codex-arg0DuAZRy/sha256sum", ["sha256sum", "--", "/tmp/kernel-audit2-v3r63b5w/\346\261\202\350\247\243\345\231\250/crates/kernel/\345\221\250\346\234\237\351\224\256\350\257\273\345\217\226\345\256\241\350\256\241.md"], 0x7ffd72465138 /* 135 vars */) = -1 ENOENT (No such file or directory)
1428371 execve("/home/zhuran24/.cargo/bin/sha256sum", ["sha256sum", "--", "/tmp/kernel-audit2-v3r63b5w/\346\261\202\350\247\243\345\231\250/crates/kernel/\345\221\250\346\234\237\351\224\256\350\257\273\345\217\226\345\256\241\350\256\241.md"], 0x7ffd72465138 /* 135 vars */) = -1 ENOENT (No such file or directory)
1428371 execve("/home/zhuran24/.local/bin/sha256sum", ["sha256sum", "--", "/tmp/kernel-audit2-v3r63b5w/\346\261\202\350\247\243\345\231\250/crates/kernel/\345\221\250\346\234\237\351\224\256\350\257\273\345\217\226\345\256\241\350\256\241.md"], 0x7ffd72465138 /* 135 vars */) = -1 ENOENT (No such file or directory)
1428371 execve("/home/zhuran24/.opencode/bin/sha256sum", ["sha256sum", "--", "/tmp/kernel-audit2-v3r63b5w/\346\261\202\350\247\243\345\231\250/crates/kernel/\345\221\250\346\234\237\351\224\256\350\257\273\345\217\226\345\256\241\350\256\241.md"], 0x7ffd72465138 /* 135 vars */) = -1 ENOENT (No such file or directory)
1428371 execve("/usr/local/bin/sha256sum", ["sha256sum", "--", "/tmp/kernel-audit2-v3r63b5w/\346\261\202\350\247\243\345\231\250/crates/kernel/\345\221\250\346\234\237\351\224\256\350\257\273\345\217\226\345\256\241\350\256\241.md"], 0x7ffd72465138 /* 135 vars */) = -1 ENOENT (No such file or directory)
1428371 execve("/usr/bin/sha256sum", ["sha256sum", "--", "/tmp/kernel-audit2-v3r63b5w/\346\261\202\350\247\243\345\231\250/crates/kernel/\345\221\250\346\234\237\351\224\256\350\257\273\345\217\226\345\256\241\350\256\241.md"], 0x7ffd72465138 /* 135 vars */) = 0
1428371 openat(AT_FDCWD</tmp/kernel-audit2-v3r63b5w/\346\261\202\350\247\243\345\231\250>, "/etc/ld.so.cache", O_RDONLY|O_CLOEXEC) = 3</etc/ld.so.cache>
1428371 openat(AT_FDCWD</tmp/kernel-audit2-v3r63b5w/\346\261\202\350\247\243\345\231\250>, "/usr/lib/libcrypto.so.3", O_RDONLY|O_CLOEXEC) = 3</usr/lib/libcrypto.so.3>
1428371 openat(AT_FDCWD</tmp/kernel-audit2-v3r63b5w/\346\261\202\350\247\243\345\231\250>, "/usr/lib/libc.so.6", O_RDONLY|O_CLOEXEC) = 3</usr/lib/libc.so.6>
1428371 openat(AT_FDCWD</tmp/kernel-audit2-v3r63b5w/\346\261\202\350\247\243\345\231\250>, "/usr/lib/libz.so.1", O_RDONLY|O_CLOEXEC) = 3</usr/lib/libz.so.1.3.1.zlib-ng>
1428371 openat(AT_FDCWD</tmp/kernel-audit2-v3r63b5w/\346\261\202\350\247\243\345\231\250>, "/usr/lib/libbrotlienc.so.1", O_RDONLY|O_CLOEXEC) = 3</usr/lib/libbrotlienc.so.1.2.0>
1428371 openat(AT_FDCWD</tmp/kernel-audit2-v3r63b5w/\346\261\202\350\247\243\345\231\250>, "/usr/lib/libbrotlidec.so.1", O_RDONLY|O_CLOEXEC) = 3</usr/lib/libbrotlidec.so.1.2.0>
1428371 openat(AT_FDCWD</tmp/kernel-audit2-v3r63b5w/\346\261\202\350\247\243\345\231\250>, "/usr/lib/libzstd.so.1", O_RDONLY|O_CLOEXEC) = 3</usr/lib/libzstd.so.1.5.7>
1428371 openat(AT_FDCWD</tmp/kernel-audit2-v3r63b5w/\346\261\202\350\247\243\345\231\250>, "/usr/lib/libm.so.6", O_RDONLY|O_CLOEXEC) = 3</usr/lib/libm.so.6>
1428371 openat(AT_FDCWD</tmp/kernel-audit2-v3r63b5w/\346\261\202\350\247\243\345\231\250>, "/usr/lib/libbrotlicommon.so.1", O_RDONLY|O_CLOEXEC) = 3</usr/lib/libbrotlicommon.so.1.2.0>
1428371 openat(AT_FDCWD</tmp/kernel-audit2-v3r63b5w/\346\261\202\350\247\243\345\231\250>, "/usr/lib/locale/locale-archive", O_RDONLY|O_CLOEXEC) = 3</usr/lib/locale/locale-archive>
1428371 openat(AT_FDCWD</tmp/kernel-audit2-v3r63b5w/\346\261\202\350\247\243\345\231\250>, "/usr/share/locale/locale.alias", O_RDONLY|O_CLOEXEC) = 3</usr/share/locale/locale.alias>
1428371 openat(AT_FDCWD</tmp/kernel-audit2-v3r63b5w/\346\261\202\350\247\243\345\231\250>, "/usr/lib/locale/C.UTF-8/LC_IDENTIFICATION", O_RDONLY|O_CLOEXEC) = -1 ENOENT (No such file or directory)
1428371 openat(AT_FDCWD</tmp/kernel-audit2-v3r63b5w/\346\261\202\350\247\243\345\231\250>, "/usr/lib/locale/C.utf8/LC_IDENTIFICATION", O_RDONLY|O_CLOEXEC) = 3</usr/lib/locale/C.utf8/LC_IDENTIFICATION>
1428371 openat(AT_FDCWD</tmp/kernel-audit2-v3r63b5w/\346\261\202\350\247\243\345\231\250>, "/usr/lib/gconv/gconv-modules.cache", O_RDONLY|O_CLOEXEC) = 3</usr/lib/gconv/gconv-modules.cache>
1428371 openat(AT_FDCWD</tmp/kernel-audit2-v3r63b5w/\346\261\202\350\247\243\345\231\250>, "/usr/lib/locale/C.UTF-8/LC_MEASUREMENT", O_RDONLY|O_CLOEXEC) = -1 ENOENT (No such file or directory)
1428371 openat(AT_FDCWD</tmp/kernel-audit2-v3r63b5w/\346\261\202\350\247\243\345\231\250>, "/usr/lib/locale/C.utf8/LC_MEASUREMENT", O_RDONLY|O_CLOEXEC) = 3</usr/lib/locale/C.utf8/LC_MEASUREMENT>
1428371 openat(AT_FDCWD</tmp/kernel-audit2-v3r63b5w/\346\261\202\350\247\243\345\231\250>, "/usr/lib/locale/C.UTF-8/LC_TELEPHONE", O_RDONLY|O_CLOEXEC) = -1 ENOENT (No such file or directory)
1428371 openat(AT_FDCWD</tmp/kernel-audit2-v3r63b5w/\346\261\202\350\247\243\345\231\250>, "/usr/lib/locale/C.utf8/LC_TELEPHONE", O_RDONLY|O_CLOEXEC) = 3</usr/lib/locale/C.utf8/LC_TELEPHONE>
1428371 openat(AT_FDCWD</tmp/kernel-audit2-v3r63b5w/\346\261\202\350\247\243\345\231\250>, "/usr/lib/locale/C.UTF-8/LC_ADDRESS", O_RDONLY|O_CLOEXEC) = -1 ENOENT (No such file or directory)
1428371 openat(AT_FDCWD</tmp/kernel-audit2-v3r63b5w/\346\261\202\350\247\243\345\231\250>, "/usr/lib/locale/C.utf8/LC_ADDRESS", O_RDONLY|O_CLOEXEC) = 3</usr/lib/locale/C.utf8/LC_ADDRESS>
1428371 openat(AT_FDCWD</tmp/kernel-audit2-v3r63b5w/\346\261\202\350\247\243\345\231\250>, "/usr/lib/locale/C.UTF-8/LC_NAME", O_RDONLY|O_CLOEXEC) = -1 ENOENT (No such file or directory)
1428371 openat(AT_FDCWD</tmp/kernel-audit2-v3r63b5w/\346\261\202\350\247\243\345\231\250>, "/usr/lib/locale/C.utf8/LC_NAME", O_RDONLY|O_CLOEXEC) = 3</usr/lib/locale/C.utf8/LC_NAME>
1428371 openat(AT_FDCWD</tmp/kernel-audit2-v3r63b5w/\346\261\202\350\247\243\345\231\250>, "/usr/lib/locale/C.UTF-8/LC_PAPER", O_RDONLY|O_CLOEXEC) = -1 ENOENT (No such file or directory)
1428371 openat(AT_FDCWD</tmp/kernel-audit2-v3r63b5w/\346\261\202\350\247\243\345\231\250>, "/usr/lib/locale/C.utf8/LC_PAPER", O_RDONLY|O_CLOEXEC) = 3</usr/lib/locale/C.utf8/LC_PAPER>
1428371 openat(AT_FDCWD</tmp/kernel-audit2-v3r63b5w/\346\261\202\350\247\243\345\231\250>, "/usr/lib/locale/C.UTF-8/LC_MESSAGES", O_RDONLY|O_CLOEXEC) = -1 ENOENT (No such file or directory)
1428371 openat(AT_FDCWD</tmp/kernel-audit2-v3r63b5w/\346\261\202\350\247\243\345\231\250>, "/usr/lib/locale/C.utf8/LC_MESSAGES", O_RDONLY|O_CLOEXEC) = 3</usr/lib/locale/C.utf8/LC_MESSAGES>
1428371 openat(AT_FDCWD</tmp/kernel-audit2-v3r63b5w/\346\261\202\350\247\243\345\231\250>, "/usr/lib/locale/C.utf8/LC_MESSAGES/SYS_LC_MESSAGES", O_RDONLY|O_CLOEXEC) = 3</usr/lib/locale/C.utf8/LC_MESSAGES/SYS_LC_MESSAGES>
1428371 openat(AT_FDCWD</tmp/kernel-audit2-v3r63b5w/\346\261\202\350\247\243\345\231\250>, "/usr/lib/locale/C.UTF-8/LC_MONETARY", O_RDONLY|O_CLOEXEC) = -1 ENOENT (No such file or directory)
1428371 openat(AT_FDCWD</tmp/kernel-audit2-v3r63b5w/\346\261\202\350\247\243\345\231\250>, "/usr/lib/locale/C.utf8/LC_MONETARY", O_RDONLY|O_CLOEXEC) = 3</usr/lib/locale/C.utf8/LC_MONETARY>
1428371 openat(AT_FDCWD</tmp/kernel-audit2-v3r63b5w/\346\261\202\350\247\243\345\231\250>, "/usr/lib/locale/C.UTF-8/LC_COLLATE", O_RDONLY|O_CLOEXEC) = -1 ENOENT (No such file or directory)
1428371 openat(AT_FDCWD</tmp/kernel-audit2-v3r63b5w/\346\261\202\350\247\243\345\231\250>, "/usr/lib/locale/C.utf8/LC_COLLATE", O_RDONLY|O_CLOEXEC) = 3</usr/lib/locale/C.utf8/LC_COLLATE>
1428371 openat(AT_FDCWD</tmp/kernel-audit2-v3r63b5w/\346\261\202\350\247\243\345\231\250>, "/usr/lib/locale/C.UTF-8/LC_TIME", O_RDONLY|O_CLOEXEC) = -1 ENOENT (No such file or directory)
1428371 openat(AT_FDCWD</tmp/kernel-audit2-v3r63b5w/\346\261\202\350\247\243\345\231\250>, "/usr/lib/locale/C.utf8/LC_TIME", O_RDONLY|O_CLOEXEC) = 3</usr/lib/locale/C.utf8/LC_TIME>
1428371 openat(AT_FDCWD</tmp/kernel-audit2-v3r63b5w/\346\261\202\350\247\243\345\231\250>, "/usr/lib/locale/C.UTF-8/LC_NUMERIC", O_RDONLY|O_CLOEXEC) = -1 ENOENT (No such file or directory)
1428371 openat(AT_FDCWD</tmp/kernel-audit2-v3r63b5w/\346\261\202\350\247\243\345\231\250>, "/usr/lib/locale/C.utf8/LC_NUMERIC", O_RDONLY|O_CLOEXEC) = 3</usr/lib/locale/C.utf8/LC_NUMERIC>
1428371 openat(AT_FDCWD</tmp/kernel-audit2-v3r63b5w/\346\261\202\350\247\243\345\231\250>, "/usr/lib/locale/C.UTF-8/LC_CTYPE", O_RDONLY|O_CLOEXEC) = -1 ENOENT (No such file or directory)
1428371 openat(AT_FDCWD</tmp/kernel-audit2-v3r63b5w/\346\261\202\350\247\243\345\231\250>, "/usr/lib/locale/C.utf8/LC_CTYPE", O_RDONLY|O_CLOEXEC) = 3</usr/lib/locale/C.utf8/LC_CTYPE>
1428371 openat(AT_FDCWD</tmp/kernel-audit2-v3r63b5w/\346\261\202\350\247\243\345\231\250>, "/tmp/kernel-audit2-v3r63b5w/\346\261\202\350\247\243\345\231\250/crates/kernel/\345\221\250\346\234\237\351\224\256\350\257\273\345\217\226\345\256\241\350\256\241.md", O_RDONLY) = 3</tmp/kernel-audit2-v3r63b5w/\346\261\202\350\247\243\345\231\250/crates/kernel/\345\221\250\346\234\237\351\224\256\350\257\273\345\217\226\345\256\241\350\256\241.md>
1428364 --- SIGCHLD {si_signo=SIGCHLD, si_code=CLD_EXITED, si_pid=1428371, si_uid=1000, si_status=0, si_utime=0, si_stime=0} ---
1428364 openat(AT_FDCWD</tmp/kernel-audit2-v3r63b5w/\346\261\202\350\247\243\345\231\250>, "/dev/null", O_RDONLY|O_CLOEXEC) = 3</dev/null<char 1:3>>
1428372 execve("/home/zhuran24/.codex/tmp/arg0/codex-arg0DuAZRy/sha256sum", ["sha256sum", "--", "/tmp/kernel-audit2-v3r63b5w/\346\261\202\350\247\243\345\231\250/\350\247\204\346\240\274/\345\217\227\351\231\220\350\275\254\347\247\273\345\256\232\344\271\211.md"], 0x7ffd72465138 /* 135 vars */) = -1 ENOENT (No such file or directory)
1428372 execve("/home/zhuran24/.cargo/bin/sha256sum", ["sha256sum", "--", "/tmp/kernel-audit2-v3r63b5w/\346\261\202\350\247\243\345\231\250/\350\247\204\346\240\274/\345\217\227\351\231\220\350\275\254\347\247\273\345\256\232\344\271\211.md"], 0x7ffd72465138 /* 135 vars */) = -1 ENOENT (No such file or directory)
1428372 execve("/home/zhuran24/.local/bin/sha256sum", ["sha256sum", "--", "/tmp/kernel-audit2-v3r63b5w/\346\261\202\350\247\243\345\231\250/\350\247\204\346\240\274/\345\217\227\351\231\220\350\275\254\347\247\273\345\256\232\344\271\211.md"], 0x7ffd72465138 /* 135 vars */) = -1 ENOENT (No such file or directory)
1428372 execve("/home/zhuran24/.opencode/bin/sha256sum", ["sha256sum", "--", "/tmp/kernel-audit2-v3r63b5w/\346\261\202\350\247\243\345\231\250/\350\247\204\346\240\274/\345\217\227\351\231\220\350\275\254\347\247\273\345\256\232\344\271\211.md"], 0x7ffd72465138 /* 135 vars */) = -1 ENOENT (No such file or directory)
1428372 execve("/usr/local/bin/sha256sum", ["sha256sum", "--", "/tmp/kernel-audit2-v3r63b5w/\346\261\202\350\247\243\345\231\250/\350\247\204\346\240\274/\345\217\227\351\231\220\350\275\254\347\247\273\345\256\232\344\271\211.md"], 0x7ffd72465138 /* 135 vars */) = -1 ENOENT (No such file or directory)
1428372 execve("/usr/bin/sha256sum", ["sha256sum", "--", "/tmp/kernel-audit2-v3r63b5w/\346\261\202\350\247\243\345\231\250/\350\247\204\346\240\274/\345\217\227\351\231\220\350\275\254\347\247\273\345\256\232\344\271\211.md"], 0x7ffd72465138 /* 135 vars */) = 0
1428372 openat(AT_FDCWD</tmp/kernel-audit2-v3r63b5w/\346\261\202\350\247\243\345\231\250>, "/etc/ld.so.cache", O_RDONLY|O_CLOEXEC) = 3</etc/ld.so.cache>
1428372 openat(AT_FDCWD</tmp/kernel-audit2-v3r63b5w/\346\261\202\350\247\243\345\231\250>, "/usr/lib/libcrypto.so.3", O_RDONLY|O_CLOEXEC) = 3</usr/lib/libcrypto.so.3>
1428372 openat(AT_FDCWD</tmp/kernel-audit2-v3r63b5w/\346\261\202\350\247\243\345\231\250>, "/usr/lib/libc.so.6", O_RDONLY|O_CLOEXEC) = 3</usr/lib/libc.so.6>
1428372 openat(AT_FDCWD</tmp/kernel-audit2-v3r63b5w/\346\261\202\350\247\243\345\231\250>, "/usr/lib/libz.so.1", O_RDONLY|O_CLOEXEC) = 3</usr/lib/libz.so.1.3.1.zlib-ng>
1428372 openat(AT_FDCWD</tmp/kernel-audit2-v3r63b5w/\346\261\202\350\247\243\345\231\250>, "/usr/lib/libbrotlienc.so.1", O_RDONLY|O_CLOEXEC) = 3</usr/lib/libbrotlienc.so.1.2.0>
1428372 openat(AT_FDCWD</tmp/kernel-audit2-v3r63b5w/\346\261\202\350\247\243\345\231\250>, "/usr/lib/libbrotlidec.so.1", O_RDONLY|O_CLOEXEC) = 3</usr/lib/libbrotlidec.so.1.2.0>
1428372 openat(AT_FDCWD</tmp/kernel-audit2-v3r63b5w/\346\261\202\350\247\243\345\231\250>, "/usr/lib/libzstd.so.1", O_RDONLY|O_CLOEXEC) = 3</usr/lib/libzstd.so.1.5.7>
1428372 openat(AT_FDCWD</tmp/kernel-audit2-v3r63b5w/\346\261\202\350\247\243\345\231\250>, "/usr/lib/libm.so.6", O_RDONLY|O_CLOEXEC) = 3</usr/lib/libm.so.6>
1428372 openat(AT_FDCWD</tmp/kernel-audit2-v3r63b5w/\346\261\202\350\247\243\345\231\250>, "/usr/lib/libbrotlicommon.so.1", O_RDONLY|O_CLOEXEC) = 3</usr/lib/libbrotlicommon.so.1.2.0>
1428372 openat(AT_FDCWD</tmp/kernel-audit2-v3r63b5w/\346\261\202\350\247\243\345\231\250>, "/usr/lib/locale/locale-archive", O_RDONLY|O_CLOEXEC) = 3</usr/lib/locale/locale-archive>
1428372 openat(AT_FDCWD</tmp/kernel-audit2-v3r63b5w/\346\261\202\350\247\243\345\231\250>, "/usr/share/locale/locale.alias", O_RDONLY|O_CLOEXEC) = 3</usr/share/locale/locale.alias>
1428372 openat(AT_FDCWD</tmp/kernel-audit2-v3r63b5w/\346\261\202\350\247\243\345\231\250>, "/usr/lib/locale/C.UTF-8/LC_IDENTIFICATION", O_RDONLY|O_CLOEXEC) = -1 ENOENT (No such file or directory)
1428372 openat(AT_FDCWD</tmp/kernel-audit2-v3r63b5w/\346\261\202\350\247\243\345\231\250>, "/usr/lib/locale/C.utf8/LC_IDENTIFICATION", O_RDONLY|O_CLOEXEC) = 3</usr/lib/locale/C.utf8/LC_IDENTIFICATION>
1428372 openat(AT_FDCWD</tmp/kernel-audit2-v3r63b5w/\346\261\202\350\247\243\345\231\250>, "/usr/lib/gconv/gconv-modules.cache", O_RDONLY|O_CLOEXEC) = 3</usr/lib/gconv/gconv-modules.cache>
1428372 openat(AT_FDCWD</tmp/kernel-audit2-v3r63b5w/\346\261\202\350\247\243\345\231\250>, "/usr/lib/locale/C.UTF-8/LC_MEASUREMENT", O_RDONLY|O_CLOEXEC) = -1 ENOENT (No such file or directory)
1428372 openat(AT_FDCWD</tmp/kernel-audit2-v3r63b5w/\346\261\202\350\247\243\345\231\250>, "/usr/lib/locale/C.utf8/LC_MEASUREMENT", O_RDONLY|O_CLOEXEC) = 3</usr/lib/locale/C.utf8/LC_MEASUREMENT>
1428372 openat(AT_FDCWD</tmp/kernel-audit2-v3r63b5w/\346\261\202\350\247\243\345\231\250>, "/usr/lib/locale/C.UTF-8/LC_TELEPHONE", O_RDONLY|O_CLOEXEC) = -1 ENOENT (No such file or directory)
1428372 openat(AT_FDCWD</tmp/kernel-audit2-v3r63b5w/\346\261\202\350\247\243\345\231\250>, "/usr/lib/locale/C.utf8/LC_TELEPHONE", O_RDONLY|O_CLOEXEC) = 3</usr/lib/locale/C.utf8/LC_TELEPHONE>
1428372 openat(AT_FDCWD</tmp/kernel-audit2-v3r63b5w/\346\261\202\350\247\243\345\231\250>, "/usr/lib/locale/C.UTF-8/LC_ADDRESS", O_RDONLY|O_CLOEXEC) = -1 ENOENT (No such file or directory)
1428372 openat(AT_FDCWD</tmp/kernel-audit2-v3r63b5w/\346\261\202\350\247\243\345\231\250>, "/usr/lib/locale/C.utf8/LC_ADDRESS", O_RDONLY|O_CLOEXEC) = 3</usr/lib/locale/C.utf8/LC_ADDRESS>
1428372 openat(AT_FDCWD</tmp/kernel-audit2-v3r63b5w/\346\261\202\350\247\243\345\231\250>, "/usr/lib/locale/C.UTF-8/LC_NAME", O_RDONLY|O_CLOEXEC) = -1 ENOENT (No such file or directory)
1428372 openat(AT_FDCWD</tmp/kernel-audit2-v3r63b5w/\346\261\202\350\247\243\345\231\250>, "/usr/lib/locale/C.utf8/LC_NAME", O_RDONLY|O_CLOEXEC) = 3</usr/lib/locale/C.utf8/LC_NAME>
1428372 openat(AT_FDCWD</tmp/kernel-audit2-v3r63b5w/\346\261\202\350\247\243\345\231\250>, "/usr/lib/locale/C.UTF-8/LC_PAPER", O_RDONLY|O_CLOEXEC) = -1 ENOENT (No such file or directory)
1428372 openat(AT_FDCWD</tmp/kernel-audit2-v3r63b5w/\346\261\202\350\247\243\345\231\250>, "/usr/lib/locale/C.utf8/LC_PAPER", O_RDONLY|O_CLOEXEC) = 3</usr/lib/locale/C.utf8/LC_PAPER>
1428372 openat(AT_FDCWD</tmp/kernel-audit2-v3r63b5w/\346\261\202\350\247\243\345\231\250>, "/usr/lib/locale/C.UTF-8/LC_MESSAGES", O_RDONLY|O_CLOEXEC) = -1 ENOENT (No such file or directory)
1428372 openat(AT_FDCWD</tmp/kernel-audit2-v3r63b5w/\346\261\202\350\247\243\345\231\250>, "/usr/lib/locale/C.utf8/LC_MESSAGES", O_RDONLY|O_CLOEXEC) = 3</usr/lib/locale/C.utf8/LC_MESSAGES>
1428372 openat(AT_FDCWD</tmp/kernel-audit2-v3r63b5w/\346\261\202\350\247\243\345\231\250>, "/usr/lib/locale/C.utf8/LC_MESSAGES/SYS_LC_MESSAGES", O_RDONLY|O_CLOEXEC) = 3</usr/lib/locale/C.utf8/LC_MESSAGES/SYS_LC_MESSAGES>
1428372 openat(AT_FDCWD</tmp/kernel-audit2-v3r63b5w/\346\261\202\350\247\243\345\231\250>, "/usr/lib/locale/C.UTF-8/LC_MONETARY", O_RDONLY|O_CLOEXEC) = -1 ENOENT (No such file or directory)
1428372 openat(AT_FDCWD</tmp/kernel-audit2-v3r63b5w/\346\261\202\350\247\243\345\231\250>, "/usr/lib/locale/C.utf8/LC_MONETARY", O_RDONLY|O_CLOEXEC) = 3</usr/lib/locale/C.utf8/LC_MONETARY>
1428372 openat(AT_FDCWD</tmp/kernel-audit2-v3r63b5w/\346\261\202\350\247\243\345\231\250>, "/usr/lib/locale/C.UTF-8/LC_COLLATE", O_RDONLY|O_CLOEXEC) = -1 ENOENT (No such file or directory)
1428372 openat(AT_FDCWD</tmp/kernel-audit2-v3r63b5w/\346\261\202\350\247\243\345\231\250>, "/usr/lib/locale/C.utf8/LC_COLLATE", O_RDONLY|O_CLOEXEC) = 3</usr/lib/locale/C.utf8/LC_COLLATE>
1428372 openat(AT_FDCWD</tmp/kernel-audit2-v3r63b5w/\346\261\202\350\247\243\345\231\250>, "/usr/lib/locale/C.UTF-8/LC_TIME", O_RDONLY|O_CLOEXEC) = -1 ENOENT (No such file or directory)
1428372 openat(AT_FDCWD</tmp/kernel-audit2-v3r63b5w/\346\261\202\350\247\243\345\231\250>, "/usr/lib/locale/C.utf8/LC_TIME", O_RDONLY|O_CLOEXEC) = 3</usr/lib/locale/C.utf8/LC_TIME>
1428372 openat(AT_FDCWD</tmp/kernel-audit2-v3r63b5w/\346\261\202\350\247\243\345\231\250>, "/usr/lib/locale/C.UTF-8/LC_NUMERIC", O_RDONLY|O_CLOEXEC) = -1 ENOENT (No such file or directory)
1428372 openat(AT_FDCWD</tmp/kernel-audit2-v3r63b5w/\346\261\202\350\247\243\345\231\250>, "/usr/lib/locale/C.utf8/LC_NUMERIC", O_RDONLY|O_CLOEXEC) = 3</usr/lib/locale/C.utf8/LC_NUMERIC>
1428372 openat(AT_FDCWD</tmp/kernel-audit2-v3r63b5w/\346\261\202\350\247\243\345\231\250>, "/usr/lib/locale/C.UTF-8/LC_CTYPE", O_RDONLY|O_CLOEXEC) = -1 ENOENT (No such file or directory)
1428372 openat(AT_FDCWD</tmp/kernel-audit2-v3r63b5w/\346\261\202\350\247\243\345\231\250>, "/usr/lib/locale/C.utf8/LC_CTYPE", O_RDONLY|O_CLOEXEC) = 3</usr/lib/locale/C.utf8/LC_CTYPE>
1428372 openat(AT_FDCWD</tmp/kernel-audit2-v3r63b5w/\346\261\202\350\247\243\345\231\250>, "/tmp/kernel-audit2-v3r63b5w/\346\261\202\350\247\243\345\231\250/\350\247\204\346\240\274/\345\217\227\351\231\220\350\275\254\347\247\273\345\256\232\344\271\211.md", O_RDONLY) = 3</tmp/kernel-audit2-v3r63b5w/\346\261\202\350\247\243\345\231\250/\350\247\204\346\240\274/\345\217\227\351\231\220\350\275\254\347\247\273\345\256\232\344\271\211.md>
1428364 --- SIGCHLD {si_signo=SIGCHLD, si_code=CLD_EXITED, si_pid=1428372, si_uid=1000, si_status=0, si_utime=0, si_stime=0} ---
1428364 openat(AT_FDCWD</tmp/kernel-audit2-v3r63b5w/\346\261\202\350\247\243\345\231\250>, "/dev/null", O_RDONLY|O_CLOEXEC) = 3</dev/null<char 1:3>>
1428373 execve("/home/zhuran24/.codex/tmp/arg0/codex-arg0DuAZRy/sha256sum", ["sha256sum", "--", "/tmp/kernel-audit2-v3r63b5w/\346\261\202\350\247\243\345\231\250/\346\225\260\346\215\256/\346\240\267\344\276\213/\347\224\237\344\272\247\345\276\252\347\216\257\347\216\257\345\270\246.json"], 0x7ffd72465138 /* 135 vars */) = -1 ENOENT (No such file or directory)
1428373 execve("/home/zhuran24/.cargo/bin/sha256sum", ["sha256sum", "--", "/tmp/kernel-audit2-v3r63b5w/\346\261\202\350\247\243\345\231\250/\346\225\260\346\215\256/\346\240\267\344\276\213/\347\224\237\344\272\247\345\276\252\347\216\257\347\216\257\345\270\246.json"], 0x7ffd72465138 /* 135 vars */) = -1 ENOENT (No such file or directory)
1428373 execve("/home/zhuran24/.local/bin/sha256sum", ["sha256sum", "--", "/tmp/kernel-audit2-v3r63b5w/\346\261\202\350\247\243\345\231\250/\346\225\260\346\215\256/\346\240\267\344\276\213/\347\224\237\344\272\247\345\276\252\347\216\257\347\216\257\345\270\246.json"], 0x7ffd72465138 /* 135 vars */) = -1 ENOENT (No such file or directory)
1428373 execve("/home/zhuran24/.opencode/bin/sha256sum", ["sha256sum", "--", "/tmp/kernel-audit2-v3r63b5w/\346\261\202\350\247\243\345\231\250/\346\225\260\346\215\256/\346\240\267\344\276\213/\347\224\237\344\272\247\345\276\252\347\216\257\347\216\257\345\270\246.json"], 0x7ffd72465138 /* 135 vars */) = -1 ENOENT (No such file or directory)
1428373 execve("/usr/local/bin/sha256sum", ["sha256sum", "--", "/tmp/kernel-audit2-v3r63b5w/\346\261\202\350\247\243\345\231\250/\346\225\260\346\215\256/\346\240\267\344\276\213/\347\224\237\344\272\247\345\276\252\347\216\257\347\216\257\345\270\246.json"], 0x7ffd72465138 /* 135 vars */) = -1 ENOENT (No such file or directory)
1428373 execve("/usr/bin/sha256sum", ["sha256sum", "--", "/tmp/kernel-audit2-v3r63b5w/\346\261\202\350\247\243\345\231\250/\346\225\260\346\215\256/\346\240\267\344\276\213/\347\224\237\344\272\247\345\276\252\347\216\257\347\216\257\345\270\246.json"], 0x7ffd72465138 /* 135 vars */) = 0
1428373 openat(AT_FDCWD</tmp/kernel-audit2-v3r63b5w/\346\261\202\350\247\243\345\231\250>, "/etc/ld.so.cache", O_RDONLY|O_CLOEXEC) = 3</etc/ld.so.cache>
1428373 openat(AT_FDCWD</tmp/kernel-audit2-v3r63b5w/\346\261\202\350\247\243\345\231\250>, "/usr/lib/libcrypto.so.3", O_RDONLY|O_CLOEXEC) = 3</usr/lib/libcrypto.so.3>
1428373 openat(AT_FDCWD</tmp/kernel-audit2-v3r63b5w/\346\261\202\350\247\243\345\231\250>, "/usr/lib/libc.so.6", O_RDONLY|O_CLOEXEC) = 3</usr/lib/libc.so.6>
1428373 openat(AT_FDCWD</tmp/kernel-audit2-v3r63b5w/\346\261\202\350\247\243\345\231\250>, "/usr/lib/libz.so.1", O_RDONLY|O_CLOEXEC) = 3</usr/lib/libz.so.1.3.1.zlib-ng>
1428373 openat(AT_FDCWD</tmp/kernel-audit2-v3r63b5w/\346\261\202\350\247\243\345\231\250>, "/usr/lib/libbrotlienc.so.1", O_RDONLY|O_CLOEXEC) = 3</usr/lib/libbrotlienc.so.1.2.0>
1428373 openat(AT_FDCWD</tmp/kernel-audit2-v3r63b5w/\346\261\202\350\247\243\345\231\250>, "/usr/lib/libbrotlidec.so.1", O_RDONLY|O_CLOEXEC) = 3</usr/lib/libbrotlidec.so.1.2.0>
1428373 openat(AT_FDCWD</tmp/kernel-audit2-v3r63b5w/\346\261\202\350\247\243\345\231\250>, "/usr/lib/libzstd.so.1", O_RDONLY|O_CLOEXEC) = 3</usr/lib/libzstd.so.1.5.7>
1428373 openat(AT_FDCWD</tmp/kernel-audit2-v3r63b5w/\346\261\202\350\247\243\345\231\250>, "/usr/lib/libm.so.6", O_RDONLY|O_CLOEXEC) = 3</usr/lib/libm.so.6>
1428373 openat(AT_FDCWD</tmp/kernel-audit2-v3r63b5w/\346\261\202\350\247\243\345\231\250>, "/usr/lib/libbrotlicommon.so.1", O_RDONLY|O_CLOEXEC) = 3</usr/lib/libbrotlicommon.so.1.2.0>
1428373 openat(AT_FDCWD</tmp/kernel-audit2-v3r63b5w/\346\261\202\350\247\243\345\231\250>, "/usr/lib/locale/locale-archive", O_RDONLY|O_CLOEXEC) = 3</usr/lib/locale/locale-archive>
1428373 openat(AT_FDCWD</tmp/kernel-audit2-v3r63b5w/\346\261\202\350\247\243\345\231\250>, "/usr/share/locale/locale.alias", O_RDONLY|O_CLOEXEC) = 3</usr/share/locale/locale.alias>
1428373 openat(AT_FDCWD</tmp/kernel-audit2-v3r63b5w/\346\261\202\350\247\243\345\231\250>, "/usr/lib/locale/C.UTF-8/LC_IDENTIFICATION", O_RDONLY|O_CLOEXEC) = -1 ENOENT (No such file or directory)
1428373 openat(AT_FDCWD</tmp/kernel-audit2-v3r63b5w/\346\261\202\350\247\243\345\231\250>, "/usr/lib/locale/C.utf8/LC_IDENTIFICATION", O_RDONLY|O_CLOEXEC) = 3</usr/lib/locale/C.utf8/LC_IDENTIFICATION>
1428373 openat(AT_FDCWD</tmp/kernel-audit2-v3r63b5w/\346\261\202\350\247\243\345\231\250>, "/usr/lib/gconv/gconv-modules.cache", O_RDONLY|O_CLOEXEC) = 3</usr/lib/gconv/gconv-modules.cache>
1428373 openat(AT_FDCWD</tmp/kernel-audit2-v3r63b5w/\346\261\202\350\247\243\345\231\250>, "/usr/lib/locale/C.UTF-8/LC_MEASUREMENT", O_RDONLY|O_CLOEXEC) = -1 ENOENT (No such file or directory)
1428373 openat(AT_FDCWD</tmp/kernel-audit2-v3r63b5w/\346\261\202\350\247\243\345\231\250>, "/usr/lib/locale/C.utf8/LC_MEASUREMENT", O_RDONLY|O_CLOEXEC) = 3</usr/lib/locale/C.utf8/LC_MEASUREMENT>
1428373 openat(AT_FDCWD</tmp/kernel-audit2-v3r63b5w/\346\261\202\350\247\243\345\231\250>, "/usr/lib/locale/C.UTF-8/LC_TELEPHONE", O_RDONLY|O_CLOEXEC) = -1 ENOENT (No such file or directory)
1428373 openat(AT_FDCWD</tmp/kernel-audit2-v3r63b5w/\346\261\202\350\247\243\345\231\250>, "/usr/lib/locale/C.utf8/LC_TELEPHONE", O_RDONLY|O_CLOEXEC) = 3</usr/lib/locale/C.utf8/LC_TELEPHONE>
1428373 openat(AT_FDCWD</tmp/kernel-audit2-v3r63b5w/\346\261\202\350\247\243\345\231\250>, "/usr/lib/locale/C.UTF-8/LC_ADDRESS", O_RDONLY|O_CLOEXEC) = -1 ENOENT (No such file or directory)
1428373 openat(AT_FDCWD</tmp/kernel-audit2-v3r63b5w/\346\261\202\350\247\243\345\231\250>, "/usr/lib/locale/C.utf8/LC_ADDRESS", O_RDONLY|O_CLOEXEC) = 3</usr/lib/locale/C.utf8/LC_ADDRESS>
1428373 openat(AT_FDCWD</tmp/kernel-audit2-v3r63b5w/\346\261\202\350\247\243\345\231\250>, "/usr/lib/locale/C.UTF-8/LC_NAME", O_RDONLY|O_CLOEXEC) = -1 ENOENT (No such file or directory)
1428373 openat(AT_FDCWD</tmp/kernel-audit2-v3r63b5w/\346\261\202\350\247\243\345\231\250>, "/usr/lib/locale/C.utf8/LC_NAME", O_RDONLY|O_CLOEXEC) = 3</usr/lib/locale/C.utf8/LC_NAME>
1428373 openat(AT_FDCWD</tmp/kernel-audit2-v3r63b5w/\346\261\202\350\247\243\345\231\250>, "/usr/lib/locale/C.UTF-8/LC_PAPER", O_RDONLY|O_CLOEXEC) = -1 ENOENT (No such file or directory)
1428373 openat(AT_FDCWD</tmp/kernel-audit2-v3r63b5w/\346\261\202\350\247\243\345\231\250>, "/usr/lib/locale/C.utf8/LC_PAPER", O_RDONLY|O_CLOEXEC) = 3</usr/lib/locale/C.utf8/LC_PAPER>
1428373 openat(AT_FDCWD</tmp/kernel-audit2-v3r63b5w/\346\261\202\350\247\243\345\231\250>, "/usr/lib/locale/C.UTF-8/LC_MESSAGES", O_RDONLY|O_CLOEXEC) = -1 ENOENT (No such file or directory)
1428373 openat(AT_FDCWD</tmp/kernel-audit2-v3r63b5w/\346\261\202\350\247\243\345\231\250>, "/usr/lib/locale/C.utf8/LC_MESSAGES", O_RDONLY|O_CLOEXEC) = 3</usr/lib/locale/C.utf8/LC_MESSAGES>
1428373 openat(AT_FDCWD</tmp/kernel-audit2-v3r63b5w/\346\261\202\350\247\243\345\231\250>, "/usr/lib/locale/C.utf8/LC_MESSAGES/SYS_LC_MESSAGES", O_RDONLY|O_CLOEXEC) = 3</usr/lib/locale/C.utf8/LC_MESSAGES/SYS_LC_MESSAGES>
1428373 openat(AT_FDCWD</tmp/kernel-audit2-v3r63b5w/\346\261\202\350\247\243\345\231\250>, "/usr/lib/locale/C.UTF-8/LC_MONETARY", O_RDONLY|O_CLOEXEC) = -1 ENOENT (No such file or directory)
1428373 openat(AT_FDCWD</tmp/kernel-audit2-v3r63b5w/\346\261\202\350\247\243\345\231\250>, "/usr/lib/locale/C.utf8/LC_MONETARY", O_RDONLY|O_CLOEXEC) = 3</usr/lib/locale/C.utf8/LC_MONETARY>
1428373 openat(AT_FDCWD</tmp/kernel-audit2-v3r63b5w/\346\261\202\350\247\243\345\231\250>, "/usr/lib/locale/C.UTF-8/LC_COLLATE", O_RDONLY|O_CLOEXEC) = -1 ENOENT (No such file or directory)
1428373 openat(AT_FDCWD</tmp/kernel-audit2-v3r63b5w/\346\261\202\350\247\243\345\231\250>, "/usr/lib/locale/C.utf8/LC_COLLATE", O_RDONLY|O_CLOEXEC) = 3</usr/lib/locale/C.utf8/LC_COLLATE>
1428373 openat(AT_FDCWD</tmp/kernel-audit2-v3r63b5w/\346\261\202\350\247\243\345\231\250>, "/usr/lib/locale/C.UTF-8/LC_TIME", O_RDONLY|O_CLOEXEC) = -1 ENOENT (No such file or directory)
1428373 openat(AT_FDCWD</tmp/kernel-audit2-v3r63b5w/\346\261\202\350\247\243\345\231\250>, "/usr/lib/locale/C.utf8/LC_TIME", O_RDONLY|O_CLOEXEC) = 3</usr/lib/locale/C.utf8/LC_TIME>
1428373 openat(AT_FDCWD</tmp/kernel-audit2-v3r63b5w/\346\261\202\350\247\243\345\231\250>, "/usr/lib/locale/C.UTF-8/LC_NUMERIC", O_RDONLY|O_CLOEXEC) = -1 ENOENT (No such file or directory)
1428373 openat(AT_FDCWD</tmp/kernel-audit2-v3r63b5w/\346\261\202\350\247\243\345\231\250>, "/usr/lib/locale/C.utf8/LC_NUMERIC", O_RDONLY|O_CLOEXEC) = 3</usr/lib/locale/C.utf8/LC_NUMERIC>
1428373 openat(AT_FDCWD</tmp/kernel-audit2-v3r63b5w/\346\261\202\350\247\243\345\231\250>, "/usr/lib/locale/C.UTF-8/LC_CTYPE", O_RDONLY|O_CLOEXEC) = -1 ENOENT (No such file or directory)
1428373 openat(AT_FDCWD</tmp/kernel-audit2-v3r63b5w/\346\261\202\350\247\243\345\231\250>, "/usr/lib/locale/C.utf8/LC_CTYPE", O_RDONLY|O_CLOEXEC) = 3</usr/lib/locale/C.utf8/LC_CTYPE>
1428373 openat(AT_FDCWD</tmp/kernel-audit2-v3r63b5w/\346\261\202\350\247\243\345\231\250>, "/tmp/kernel-audit2-v3r63b5w/\346\261\202\350\247\243\345\231\250/\346\225\260\346\215\256/\346\240\267\344\276\213/\347\224\237\344\272\247\345\276\252\347\216\257\347\216\257\345\270\246.json", O_RDONLY) = 3</tmp/kernel-audit2-v3r63b5w/\346\261\202\350\247\243\345\231\250/\346\225\260\346\215\256/\346\240\267\344\276\213/\347\224\237\344\272\247\345\276\252\347\216\257\347\216\257\345\270\246.json>
1428364 --- SIGCHLD {si_signo=SIGCHLD, si_code=CLD_EXITED, si_pid=1428373, si_uid=1000, si_status=0, si_utime=0, si_stime=0} ---
1428364 openat(AT_FDCWD</tmp/kernel-audit2-v3r63b5w/\346\261\202\350\247\243\345\231\250>, "/dev/null", O_RDONLY|O_CLOEXEC) = 3</dev/null<char 1:3>>
1428374 execve("/home/zhuran24/.codex/tmp/arg0/codex-arg0DuAZRy/sha256sum", ["sha256sum", "--", "/tmp/kernel-audit2-v3r63b5w/\346\261\202\350\247\243\345\231\250/\350\247\204\346\240\274/\345\206\205\346\240\270\351\205\215\347\275\256-v1.json"], 0x7ffd72465138 /* 135 vars */) = -1 ENOENT (No such file or directory)
1428374 execve("/home/zhuran24/.cargo/bin/sha256sum", ["sha256sum", "--", "/tmp/kernel-audit2-v3r63b5w/\346\261\202\350\247\243\345\231\250/\350\247\204\346\240\274/\345\206\205\346\240\270\351\205\215\347\275\256-v1.json"], 0x7ffd72465138 /* 135 vars */) = -1 ENOENT (No such file or directory)
1428374 execve("/home/zhuran24/.local/bin/sha256sum", ["sha256sum", "--", "/tmp/kernel-audit2-v3r63b5w/\346\261\202\350\247\243\345\231\250/\350\247\204\346\240\274/\345\206\205\346\240\270\351\205\215\347\275\256-v1.json"], 0x7ffd72465138 /* 135 vars */) = -1 ENOENT (No such file or directory)
1428374 execve("/home/zhuran24/.opencode/bin/sha256sum", ["sha256sum", "--", "/tmp/kernel-audit2-v3r63b5w/\346\261\202\350\247\243\345\231\250/\350\247\204\346\240\274/\345\206\205\346\240\270\351\205\215\347\275\256-v1.json"], 0x7ffd72465138 /* 135 vars */) = -1 ENOENT (No such file or directory)
1428374 execve("/usr/local/bin/sha256sum", ["sha256sum", "--", "/tmp/kernel-audit2-v3r63b5w/\346\261\202\350\247\243\345\231\250/\350\247\204\346\240\274/\345\206\205\346\240\270\351\205\215\347\275\256-v1.json"], 0x7ffd72465138 /* 135 vars */) = -1 ENOENT (No such file or directory)
1428374 execve("/usr/bin/sha256sum", ["sha256sum", "--", "/tmp/kernel-audit2-v3r63b5w/\346\261\202\350\247\243\345\231\250/\350\247\204\346\240\274/\345\206\205\346\240\270\351\205\215\347\275\256-v1.json"], 0x7ffd72465138 /* 135 vars */) = 0
1428374 openat(AT_FDCWD</tmp/kernel-audit2-v3r63b5w/\346\261\202\350\247\243\345\231\250>, "/etc/ld.so.cache", O_RDONLY|O_CLOEXEC) = 3</etc/ld.so.cache>
1428374 openat(AT_FDCWD</tmp/kernel-audit2-v3r63b5w/\346\261\202\350\247\243\345\231\250>, "/usr/lib/libcrypto.so.3", O_RDONLY|O_CLOEXEC) = 3</usr/lib/libcrypto.so.3>
1428374 openat(AT_FDCWD</tmp/kernel-audit2-v3r63b5w/\346\261\202\350\247\243\345\231\250>, "/usr/lib/libc.so.6", O_RDONLY|O_CLOEXEC) = 3</usr/lib/libc.so.6>
1428374 openat(AT_FDCWD</tmp/kernel-audit2-v3r63b5w/\346\261\202\350\247\243\345\231\250>, "/usr/lib/libz.so.1", O_RDONLY|O_CLOEXEC) = 3</usr/lib/libz.so.1.3.1.zlib-ng>
1428374 openat(AT_FDCWD</tmp/kernel-audit2-v3r63b5w/\346\261\202\350\247\243\345\231\250>, "/usr/lib/libbrotlienc.so.1", O_RDONLY|O_CLOEXEC) = 3</usr/lib/libbrotlienc.so.1.2.0>
1428374 openat(AT_FDCWD</tmp/kernel-audit2-v3r63b5w/\346\261\202\350\247\243\345\231\250>, "/usr/lib/libbrotlidec.so.1", O_RDONLY|O_CLOEXEC) = 3</usr/lib/libbrotlidec.so.1.2.0>
1428374 openat(AT_FDCWD</tmp/kernel-audit2-v3r63b5w/\346\261\202\350\247\243\345\231\250>, "/usr/lib/libzstd.so.1", O_RDONLY|O_CLOEXEC) = 3</usr/lib/libzstd.so.1.5.7>
1428374 openat(AT_FDCWD</tmp/kernel-audit2-v3r63b5w/\346\261\202\350\247\243\345\231\250>, "/usr/lib/libm.so.6", O_RDONLY|O_CLOEXEC) = 3</usr/lib/libm.so.6>
1428374 openat(AT_FDCWD</tmp/kernel-audit2-v3r63b5w/\346\261\202\350\247\243\345\231\250>, "/usr/lib/libbrotlicommon.so.1", O_RDONLY|O_CLOEXEC) = 3</usr/lib/libbrotlicommon.so.1.2.0>
1428374 openat(AT_FDCWD</tmp/kernel-audit2-v3r63b5w/\346\261\202\350\247\243\345\231\250>, "/usr/lib/locale/locale-archive", O_RDONLY|O_CLOEXEC) = 3</usr/lib/locale/locale-archive>
1428374 openat(AT_FDCWD</tmp/kernel-audit2-v3r63b5w/\346\261\202\350\247\243\345\231\250>, "/usr/share/locale/locale.alias", O_RDONLY|O_CLOEXEC) = 3</usr/share/locale/locale.alias>
1428374 openat(AT_FDCWD</tmp/kernel-audit2-v3r63b5w/\346\261\202\350\247\243\345\231\250>, "/usr/lib/locale/C.UTF-8/LC_IDENTIFICATION", O_RDONLY|O_CLOEXEC) = -1 ENOENT (No such file or directory)
1428374 openat(AT_FDCWD</tmp/kernel-audit2-v3r63b5w/\346\261\202\350\247\243\345\231\250>, "/usr/lib/locale/C.utf8/LC_IDENTIFICATION", O_RDONLY|O_CLOEXEC) = 3</usr/lib/locale/C.utf8/LC_IDENTIFICATION>
1428374 openat(AT_FDCWD</tmp/kernel-audit2-v3r63b5w/\346\261\202\350\247\243\345\231\250>, "/usr/lib/gconv/gconv-modules.cache", O_RDONLY|O_CLOEXEC) = 3</usr/lib/gconv/gconv-modules.cache>
1428374 openat(AT_FDCWD</tmp/kernel-audit2-v3r63b5w/\346\261\202\350\247\243\345\231\250>, "/usr/lib/locale/C.UTF-8/LC_MEASUREMENT", O_RDONLY|O_CLOEXEC) = -1 ENOENT (No such file or directory)
1428374 openat(AT_FDCWD</tmp/kernel-audit2-v3r63b5w/\346\261\202\350\247\243\345\231\250>, "/usr/lib/locale/C.utf8/LC_MEASUREMENT", O_RDONLY|O_CLOEXEC) = 3</usr/lib/locale/C.utf8/LC_MEASUREMENT>
1428374 openat(AT_FDCWD</tmp/kernel-audit2-v3r63b5w/\346\261\202\350\247\243\345\231\250>, "/usr/lib/locale/C.UTF-8/LC_TELEPHONE", O_RDONLY|O_CLOEXEC) = -1 ENOENT (No such file or directory)
1428374 openat(AT_FDCWD</tmp/kernel-audit2-v3r63b5w/\346\261\202\350\247\243\345\231\250>, "/usr/lib/locale/C.utf8/LC_TELEPHONE", O_RDONLY|O_CLOEXEC) = 3</usr/lib/locale/C.utf8/LC_TELEPHONE>
1428374 openat(AT_FDCWD</tmp/kernel-audit2-v3r63b5w/\346\261\202\350\247\243\345\231\250>, "/usr/lib/locale/C.UTF-8/LC_ADDRESS", O_RDONLY|O_CLOEXEC) = -1 ENOENT (No such file or directory)
1428374 openat(AT_FDCWD</tmp/kernel-audit2-v3r63b5w/\346\261\202\350\247\243\345\231\250>, "/usr/lib/locale/C.utf8/LC_ADDRESS", O_RDONLY|O_CLOEXEC) = 3</usr/lib/locale/C.utf8/LC_ADDRESS>
1428374 openat(AT_FDCWD</tmp/kernel-audit2-v3r63b5w/\346\261\202\350\247\243\345\231\250>, "/usr/lib/locale/C.UTF-8/LC_NAME", O_RDONLY|O_CLOEXEC) = -1 ENOENT (No such file or directory)
1428374 openat(AT_FDCWD</tmp/kernel-audit2-v3r63b5w/\346\261\202\350\247\243\345\231\250>, "/usr/lib/locale/C.utf8/LC_NAME", O_RDONLY|O_CLOEXEC) = 3</usr/lib/locale/C.utf8/LC_NAME>
1428374 openat(AT_FDCWD</tmp/kernel-audit2-v3r63b5w/\346\261\202\350\247\243\345\231\250>, "/usr/lib/locale/C.UTF-8/LC_PAPER", O_RDONLY|O_CLOEXEC) = -1 ENOENT (No such file or directory)
1428374 openat(AT_FDCWD</tmp/kernel-audit2-v3r63b5w/\346\261\202\350\247\243\345\231\250>, "/usr/lib/locale/C.utf8/LC_PAPER", O_RDONLY|O_CLOEXEC) = 3</usr/lib/locale/C.utf8/LC_PAPER>
1428374 openat(AT_FDCWD</tmp/kernel-audit2-v3r63b5w/\346\261\202\350\247\243\345\231\250>, "/usr/lib/locale/C.UTF-8/LC_MESSAGES", O_RDONLY|O_CLOEXEC) = -1 ENOENT (No such file or directory)
1428374 openat(AT_FDCWD</tmp/kernel-audit2-v3r63b5w/\346\261\202\350\247\243\345\231\250>, "/usr/lib/locale/C.utf8/LC_MESSAGES", O_RDONLY|O_CLOEXEC) = 3</usr/lib/locale/C.utf8/LC_MESSAGES>
1428374 openat(AT_FDCWD</tmp/kernel-audit2-v3r63b5w/\346\261\202\350\247\243\345\231\250>, "/usr/lib/locale/C.utf8/LC_MESSAGES/SYS_LC_MESSAGES", O_RDONLY|O_CLOEXEC) = 3</usr/lib/locale/C.utf8/LC_MESSAGES/SYS_LC_MESSAGES>
1428374 openat(AT_FDCWD</tmp/kernel-audit2-v3r63b5w/\346\261\202\350\247\243\345\231\250>, "/usr/lib/locale/C.UTF-8/LC_MONETARY", O_RDONLY|O_CLOEXEC) = -1 ENOENT (No such file or directory)
1428374 openat(AT_FDCWD</tmp/kernel-audit2-v3r63b5w/\346\261\202\350\247\243\345\231\250>, "/usr/lib/locale/C.utf8/LC_MONETARY", O_RDONLY|O_CLOEXEC) = 3</usr/lib/locale/C.utf8/LC_MONETARY>
1428374 openat(AT_FDCWD</tmp/kernel-audit2-v3r63b5w/\346\261\202\350\247\243\345\231\250>, "/usr/lib/locale/C.UTF-8/LC_COLLATE", O_RDONLY|O_CLOEXEC) = -1 ENOENT (No such file or directory)
1428374 openat(AT_FDCWD</tmp/kernel-audit2-v3r63b5w/\346\261\202\350\247\243\345\231\250>, "/usr/lib/locale/C.utf8/LC_COLLATE", O_RDONLY|O_CLOEXEC) = 3</usr/lib/locale/C.utf8/LC_COLLATE>
1428374 openat(AT_FDCWD</tmp/kernel-audit2-v3r63b5w/\346\261\202\350\247\243\345\231\250>, "/usr/lib/locale/C.UTF-8/LC_TIME", O_RDONLY|O_CLOEXEC) = -1 ENOENT (No such file or directory)
1428374 openat(AT_FDCWD</tmp/kernel-audit2-v3r63b5w/\346\261\202\350\247\243\345\231\250>, "/usr/lib/locale/C.utf8/LC_TIME", O_RDONLY|O_CLOEXEC) = 3</usr/lib/locale/C.utf8/LC_TIME>
1428374 openat(AT_FDCWD</tmp/kernel-audit2-v3r63b5w/\346\261\202\350\247\243\345\231\250>, "/usr/lib/locale/C.UTF-8/LC_NUMERIC", O_RDONLY|O_CLOEXEC) = -1 ENOENT (No such file or directory)
1428374 openat(AT_FDCWD</tmp/kernel-audit2-v3r63b5w/\346\261\202\350\247\243\345\231\250>, "/usr/lib/locale/C.utf8/LC_NUMERIC", O_RDONLY|O_CLOEXEC) = 3</usr/lib/locale/C.utf8/LC_NUMERIC>
1428374 openat(AT_FDCWD</tmp/kernel-audit2-v3r63b5w/\346\261\202\350\247\243\345\231\250>, "/usr/lib/locale/C.UTF-8/LC_CTYPE", O_RDONLY|O_CLOEXEC) = -1 ENOENT (No such file or directory)
1428374 openat(AT_FDCWD</tmp/kernel-audit2-v3r63b5w/\346\261\202\350\247\243\345\231\250>, "/usr/lib/locale/C.utf8/LC_CTYPE", O_RDONLY|O_CLOEXEC) = 3</usr/lib/locale/C.utf8/LC_CTYPE>
1428374 openat(AT_FDCWD</tmp/kernel-audit2-v3r63b5w/\346\261\202\350\247\243\345\231\250>, "/tmp/kernel-audit2-v3r63b5w/\346\261\202\350\247\243\345\231\250/\350\247\204\346\240\274/\345\206\205\346\240\270\351\205\215\347\275\256-v1.json", O_RDONLY) = 3</tmp/kernel-audit2-v3r63b5w/\346\261\202\350\247\243\345\231\250/\350\247\204\346\240\274/\345\206\205\346\240\270\351\205\215\347\275\256-v1.json>
1428364 --- SIGCHLD {si_signo=SIGCHLD, si_code=CLD_EXITED, si_pid=1428374, si_uid=1000, si_status=0, si_utime=0, si_stime=0} ---
1428364 openat(AT_FDCWD</tmp/kernel-audit2-v3r63b5w/\346\261\202\350\247\243\345\231\250>, "/dev/null", O_RDONLY|O_CLOEXEC) = 3</dev/null<char 1:3>>
1428375 execve("/home/zhuran24/.codex/tmp/arg0/codex-arg0DuAZRy/sha256sum", ["sha256sum", "--", "/tmp/kernel-audit2-v3r63b5w/\346\261\202\350\247\243\345\231\250/\346\225\260\346\215\256/\346\255\243\345\274\217\351\235\231\346\200\201\347\233\256\345\275\225.json"], 0x7ffd72465138 /* 135 vars */) = -1 ENOENT (No such file or directory)
1428375 execve("/home/zhuran24/.cargo/bin/sha256sum", ["sha256sum", "--", "/tmp/kernel-audit2-v3r63b5w/\346\261\202\350\247\243\345\231\250/\346\225\260\346\215\256/\346\255\243\345\274\217\351\235\231\346\200\201\347\233\256\345\275\225.json"], 0x7ffd72465138 /* 135 vars */) = -1 ENOENT (No such file or directory)
1428375 execve("/home/zhuran24/.local/bin/sha256sum", ["sha256sum", "--", "/tmp/kernel-audit2-v3r63b5w/\346\261\202\350\247\243\345\231\250/\346\225\260\346\215\256/\346\255\243\345\274\217\351\235\231\346\200\201\347\233\256\345\275\225.json"], 0x7ffd72465138 /* 135 vars */) = -1 ENOENT (No such file or directory)
1428375 execve("/home/zhuran24/.opencode/bin/sha256sum", ["sha256sum", "--", "/tmp/kernel-audit2-v3r63b5w/\346\261\202\350\247\243\345\231\250/\346\225\260\346\215\256/\346\255\243\345\274\217\351\235\231\346\200\201\347\233\256\345\275\225.json"], 0x7ffd72465138 /* 135 vars */) = -1 ENOENT (No such file or directory)
1428375 execve("/usr/local/bin/sha256sum", ["sha256sum", "--", "/tmp/kernel-audit2-v3r63b5w/\346\261\202\350\247\243\345\231\250/\346\225\260\346\215\256/\346\255\243\345\274\217\351\235\231\346\200\201\347\233\256\345\275\225.json"], 0x7ffd72465138 /* 135 vars */) = -1 ENOENT (No such file or directory)
1428375 execve("/usr/bin/sha256sum", ["sha256sum", "--", "/tmp/kernel-audit2-v3r63b5w/\346\261\202\350\247\243\345\231\250/\346\225\260\346\215\256/\346\255\243\345\274\217\351\235\231\346\200\201\347\233\256\345\275\225.json"], 0x7ffd72465138 /* 135 vars */) = 0
1428375 openat(AT_FDCWD</tmp/kernel-audit2-v3r63b5w/\346\261\202\350\247\243\345\231\250>, "/etc/ld.so.cache", O_RDONLY|O_CLOEXEC) = 3</etc/ld.so.cache>
1428375 openat(AT_FDCWD</tmp/kernel-audit2-v3r63b5w/\346\261\202\350\247\243\345\231\250>, "/usr/lib/libcrypto.so.3", O_RDONLY|O_CLOEXEC) = 3</usr/lib/libcrypto.so.3>
1428375 openat(AT_FDCWD</tmp/kernel-audit2-v3r63b5w/\346\261\202\350\247\243\345\231\250>, "/usr/lib/libc.so.6", O_RDONLY|O_CLOEXEC) = 3</usr/lib/libc.so.6>
1428375 openat(AT_FDCWD</tmp/kernel-audit2-v3r63b5w/\346\261\202\350\247\243\345\231\250>, "/usr/lib/libz.so.1", O_RDONLY|O_CLOEXEC) = 3</usr/lib/libz.so.1.3.1.zlib-ng>
1428375 openat(AT_FDCWD</tmp/kernel-audit2-v3r63b5w/\346\261\202\350\247\243\345\231\250>, "/usr/lib/libbrotlienc.so.1", O_RDONLY|O_CLOEXEC) = 3</usr/lib/libbrotlienc.so.1.2.0>
1428375 openat(AT_FDCWD</tmp/kernel-audit2-v3r63b5w/\346\261\202\350\247\243\345\231\250>, "/usr/lib/libbrotlidec.so.1", O_RDONLY|O_CLOEXEC) = 3</usr/lib/libbrotlidec.so.1.2.0>
1428375 openat(AT_FDCWD</tmp/kernel-audit2-v3r63b5w/\346\261\202\350\247\243\345\231\250>, "/usr/lib/libzstd.so.1", O_RDONLY|O_CLOEXEC) = 3</usr/lib/libzstd.so.1.5.7>
1428375 openat(AT_FDCWD</tmp/kernel-audit2-v3r63b5w/\346\261\202\350\247\243\345\231\250>, "/usr/lib/libm.so.6", O_RDONLY|O_CLOEXEC) = 3</usr/lib/libm.so.6>
1428375 openat(AT_FDCWD</tmp/kernel-audit2-v3r63b5w/\346\261\202\350\247\243\345\231\250>, "/usr/lib/libbrotlicommon.so.1", O_RDONLY|O_CLOEXEC) = 3</usr/lib/libbrotlicommon.so.1.2.0>
1428375 openat(AT_FDCWD</tmp/kernel-audit2-v3r63b5w/\346\261\202\350\247\243\345\231\250>, "/usr/lib/locale/locale-archive", O_RDONLY|O_CLOEXEC) = 3</usr/lib/locale/locale-archive>
1428375 openat(AT_FDCWD</tmp/kernel-audit2-v3r63b5w/\346\261\202\350\247\243\345\231\250>, "/usr/share/locale/locale.alias", O_RDONLY|O_CLOEXEC) = 3</usr/share/locale/locale.alias>
1428375 openat(AT_FDCWD</tmp/kernel-audit2-v3r63b5w/\346\261\202\350\247\243\345\231\250>, "/usr/lib/locale/C.UTF-8/LC_IDENTIFICATION", O_RDONLY|O_CLOEXEC) = -1 ENOENT (No such file or directory)
1428375 openat(AT_FDCWD</tmp/kernel-audit2-v3r63b5w/\346\261\202\350\247\243\345\231\250>, "/usr/lib/locale/C.utf8/LC_IDENTIFICATION", O_RDONLY|O_CLOEXEC) = 3</usr/lib/locale/C.utf8/LC_IDENTIFICATION>
1428375 openat(AT_FDCWD</tmp/kernel-audit2-v3r63b5w/\346\261\202\350\247\243\345\231\250>, "/usr/lib/gconv/gconv-modules.cache", O_RDONLY|O_CLOEXEC) = 3</usr/lib/gconv/gconv-modules.cache>
1428375 openat(AT_FDCWD</tmp/kernel-audit2-v3r63b5w/\346\261\202\350\247\243\345\231\250>, "/usr/lib/locale/C.UTF-8/LC_MEASUREMENT", O_RDONLY|O_CLOEXEC) = -1 ENOENT (No such file or directory)
1428375 openat(AT_FDCWD</tmp/kernel-audit2-v3r63b5w/\346\261\202\350\247\243\345\231\250>, "/usr/lib/locale/C.utf8/LC_MEASUREMENT", O_RDONLY|O_CLOEXEC) = 3</usr/lib/locale/C.utf8/LC_MEASUREMENT>
1428375 openat(AT_FDCWD</tmp/kernel-audit2-v3r63b5w/\346\261\202\350\247\243\345\231\250>, "/usr/lib/locale/C.UTF-8/LC_TELEPHONE", O_RDONLY|O_CLOEXEC) = -1 ENOENT (No such file or directory)
1428375 openat(AT_FDCWD</tmp/kernel-audit2-v3r63b5w/\346\261\202\350\247\243\345\231\250>, "/usr/lib/locale/C.utf8/LC_TELEPHONE", O_RDONLY|O_CLOEXEC) = 3</usr/lib/locale/C.utf8/LC_TELEPHONE>
1428375 openat(AT_FDCWD</tmp/kernel-audit2-v3r63b5w/\346\261\202\350\247\243\345\231\250>, "/usr/lib/locale/C.UTF-8/LC_ADDRESS", O_RDONLY|O_CLOEXEC) = -1 ENOENT (No such file or directory)
1428375 openat(AT_FDCWD</tmp/kernel-audit2-v3r63b5w/\346\261\202\350\247\243\345\231\250>, "/usr/lib/locale/C.utf8/LC_ADDRESS", O_RDONLY|O_CLOEXEC) = 3</usr/lib/locale/C.utf8/LC_ADDRESS>
1428375 openat(AT_FDCWD</tmp/kernel-audit2-v3r63b5w/\346\261\202\350\247\243\345\231\250>, "/usr/lib/locale/C.UTF-8/LC_NAME", O_RDONLY|O_CLOEXEC) = -1 ENOENT (No such file or directory)
1428375 openat(AT_FDCWD</tmp/kernel-audit2-v3r63b5w/\346\261\202\350\247\243\345\231\250>, "/usr/lib/locale/C.utf8/LC_NAME", O_RDONLY|O_CLOEXEC) = 3</usr/lib/locale/C.utf8/LC_NAME>
1428375 openat(AT_FDCWD</tmp/kernel-audit2-v3r63b5w/\346\261\202\350\247\243\345\231\250>, "/usr/lib/locale/C.UTF-8/LC_PAPER", O_RDONLY|O_CLOEXEC) = -1 ENOENT (No such file or directory)
1428375 openat(AT_FDCWD</tmp/kernel-audit2-v3r63b5w/\346\261\202\350\247\243\345\231\250>, "/usr/lib/locale/C.utf8/LC_PAPER", O_RDONLY|O_CLOEXEC) = 3</usr/lib/locale/C.utf8/LC_PAPER>
1428375 openat(AT_FDCWD</tmp/kernel-audit2-v3r63b5w/\346\261\202\350\247\243\345\231\250>, "/usr/lib/locale/C.UTF-8/LC_MESSAGES", O_RDONLY|O_CLOEXEC) = -1 ENOENT (No such file or directory)
1428375 openat(AT_FDCWD</tmp/kernel-audit2-v3r63b5w/\346\261\202\350\247\243\345\231\250>, "/usr/lib/locale/C.utf8/LC_MESSAGES", O_RDONLY|O_CLOEXEC) = 3</usr/lib/locale/C.utf8/LC_MESSAGES>
1428375 openat(AT_FDCWD</tmp/kernel-audit2-v3r63b5w/\346\261\202\350\247\243\345\231\250>, "/usr/lib/locale/C.utf8/LC_MESSAGES/SYS_LC_MESSAGES", O_RDONLY|O_CLOEXEC) = 3</usr/lib/locale/C.utf8/LC_MESSAGES/SYS_LC_MESSAGES>
1428375 openat(AT_FDCWD</tmp/kernel-audit2-v3r63b5w/\346\261\202\350\247\243\345\231\250>, "/usr/lib/locale/C.UTF-8/LC_MONETARY", O_RDONLY|O_CLOEXEC) = -1 ENOENT (No such file or directory)
1428375 openat(AT_FDCWD</tmp/kernel-audit2-v3r63b5w/\346\261\202\350\247\243\345\231\250>, "/usr/lib/locale/C.utf8/LC_MONETARY", O_RDONLY|O_CLOEXEC) = 3</usr/lib/locale/C.utf8/LC_MONETARY>
1428375 openat(AT_FDCWD</tmp/kernel-audit2-v3r63b5w/\346\261\202\350\247\243\345\231\250>, "/usr/lib/locale/C.UTF-8/LC_COLLATE", O_RDONLY|O_CLOEXEC) = -1 ENOENT (No such file or directory)
1428375 openat(AT_FDCWD</tmp/kernel-audit2-v3r63b5w/\346\261\202\350\247\243\345\231\250>, "/usr/lib/locale/C.utf8/LC_COLLATE", O_RDONLY|O_CLOEXEC) = 3</usr/lib/locale/C.utf8/LC_COLLATE>
1428375 openat(AT_FDCWD</tmp/kernel-audit2-v3r63b5w/\346\261\202\350\247\243\345\231\250>, "/usr/lib/locale/C.UTF-8/LC_TIME", O_RDONLY|O_CLOEXEC) = -1 ENOENT (No such file or directory)
1428375 openat(AT_FDCWD</tmp/kernel-audit2-v3r63b5w/\346\261\202\350\247\243\345\231\250>, "/usr/lib/locale/C.utf8/LC_TIME", O_RDONLY|O_CLOEXEC) = 3</usr/lib/locale/C.utf8/LC_TIME>
1428375 openat(AT_FDCWD</tmp/kernel-audit2-v3r63b5w/\346\261\202\350\247\243\345\231\250>, "/usr/lib/locale/C.UTF-8/LC_NUMERIC", O_RDONLY|O_CLOEXEC) = -1 ENOENT (No such file or directory)
1428375 openat(AT_FDCWD</tmp/kernel-audit2-v3r63b5w/\346\261\202\350\247\243\345\231\250>, "/usr/lib/locale/C.utf8/LC_NUMERIC", O_RDONLY|O_CLOEXEC) = 3</usr/lib/locale/C.utf8/LC_NUMERIC>
1428375 openat(AT_FDCWD</tmp/kernel-audit2-v3r63b5w/\346\261\202\350\247\243\345\231\250>, "/usr/lib/locale/C.UTF-8/LC_CTYPE", O_RDONLY|O_CLOEXEC) = -1 ENOENT (No such file or directory)
1428375 openat(AT_FDCWD</tmp/kernel-audit2-v3r63b5w/\346\261\202\350\247\243\345\231\250>, "/usr/lib/locale/C.utf8/LC_CTYPE", O_RDONLY|O_CLOEXEC) = 3</usr/lib/locale/C.utf8/LC_CTYPE>
1428375 openat(AT_FDCWD</tmp/kernel-audit2-v3r63b5w/\346\261\202\350\247\243\345\231\250>, "/tmp/kernel-audit2-v3r63b5w/\346\261\202\350\247\243\345\231\250/\346\225\260\346\215\256/\346\255\243\345\274\217\351\235\231\346\200\201\347\233\256\345\275\225.json", O_RDONLY) = 3</tmp/kernel-audit2-v3r63b5w/\346\261\202\350\247\243\345\231\250/\346\225\260\346\215\256/\346\255\243\345\274\217\351\235\231\346\200\201\347\233\256\345\275\225.json>
1428364 --- SIGCHLD {si_signo=SIGCHLD, si_code=CLD_EXITED, si_pid=1428375, si_uid=1000, si_status=0, si_utime=0, si_stime=0} ---
1428364 openat(AT_FDCWD</tmp/kernel-audit2-v3r63b5w/\346\261\202\350\247\243\345\231\250>, "/dev/null", O_RDONLY|O_CLOEXEC) = 3</dev/null<char 1:3>>
1428376 execve("/home/zhuran24/.codex/tmp/arg0/codex-arg0DuAZRy/sha256sum", ["sha256sum", "--", "/tmp/kernel-audit2-v3r63b5w/\343\200\212\346\230\216\346\227\245\346\226\271\350\210\237\357\274\232\347\273\210\346\234\253\345\234\260\343\200\213\346\270\270\346\210\217\350\247\204\345\210\231.txt"], 0x7ffd72465138 /* 135 vars */) = -1 ENOENT (No such file or directory)
1428376 execve("/home/zhuran24/.cargo/bin/sha256sum", ["sha256sum", "--", "/tmp/kernel-audit2-v3r63b5w/\343\200\212\346\230\216\346\227\245\346\226\271\350\210\237\357\274\232\347\273\210\346\234\253\345\234\260\343\200\213\346\270\270\346\210\217\350\247\204\345\210\231.txt"], 0x7ffd72465138 /* 135 vars */) = -1 ENOENT (No such file or directory)
1428376 execve("/home/zhuran24/.local/bin/sha256sum", ["sha256sum", "--", "/tmp/kernel-audit2-v3r63b5w/\343\200\212\346\230\216\346\227\245\346\226\271\350\210\237\357\274\232\347\273\210\346\234\253\345\234\260\343\200\213\346\270\270\346\210\217\350\247\204\345\210\231.txt"], 0x7ffd72465138 /* 135 vars */) = -1 ENOENT (No such file or directory)
1428376 execve("/home/zhuran24/.opencode/bin/sha256sum", ["sha256sum", "--", "/tmp/kernel-audit2-v3r63b5w/\343\200\212\346\230\216\346\227\245\346\226\271\350\210\237\357\274\232\347\273\210\346\234\253\345\234\260\343\200\213\346\270\270\346\210\217\350\247\204\345\210\231.txt"], 0x7ffd72465138 /* 135 vars */) = -1 ENOENT (No such file or directory)
1428376 execve("/usr/local/bin/sha256sum", ["sha256sum", "--", "/tmp/kernel-audit2-v3r63b5w/\343\200\212\346\230\216\346\227\245\346\226\271\350\210\237\357\274\232\347\273\210\346\234\253\345\234\260\343\200\213\346\270\270\346\210\217\350\247\204\345\210\231.txt"], 0x7ffd72465138 /* 135 vars */) = -1 ENOENT (No such file or directory)
1428376 execve("/usr/bin/sha256sum", ["sha256sum", "--", "/tmp/kernel-audit2-v3r63b5w/\343\200\212\346\230\216\346\227\245\346\226\271\350\210\237\357\274\232\347\273\210\346\234\253\345\234\260\343\200\213\346\270\270\346\210\217\350\247\204\345\210\231.txt"], 0x7ffd72465138 /* 135 vars */) = 0
1428376 openat(AT_FDCWD</tmp/kernel-audit2-v3r63b5w/\346\261\202\350\247\243\345\231\250>, "/etc/ld.so.cache", O_RDONLY|O_CLOEXEC) = 3</etc/ld.so.cache>
1428376 openat(AT_FDCWD</tmp/kernel-audit2-v3r63b5w/\346\261\202\350\247\243\345\231\250>, "/usr/lib/libcrypto.so.3", O_RDONLY|O_CLOEXEC) = 3</usr/lib/libcrypto.so.3>
1428376 openat(AT_FDCWD</tmp/kernel-audit2-v3r63b5w/\346\261\202\350\247\243\345\231\250>, "/usr/lib/libc.so.6", O_RDONLY|O_CLOEXEC) = 3</usr/lib/libc.so.6>
1428376 openat(AT_FDCWD</tmp/kernel-audit2-v3r63b5w/\346\261\202\350\247\243\345\231\250>, "/usr/lib/libz.so.1", O_RDONLY|O_CLOEXEC) = 3</usr/lib/libz.so.1.3.1.zlib-ng>
1428376 openat(AT_FDCWD</tmp/kernel-audit2-v3r63b5w/\346\261\202\350\247\243\345\231\250>, "/usr/lib/libbrotlienc.so.1", O_RDONLY|O_CLOEXEC) = 3</usr/lib/libbrotlienc.so.1.2.0>
1428376 openat(AT_FDCWD</tmp/kernel-audit2-v3r63b5w/\346\261\202\350\247\243\345\231\250>, "/usr/lib/libbrotlidec.so.1", O_RDONLY|O_CLOEXEC) = 3</usr/lib/libbrotlidec.so.1.2.0>
1428376 openat(AT_FDCWD</tmp/kernel-audit2-v3r63b5w/\346\261\202\350\247\243\345\231\250>, "/usr/lib/libzstd.so.1", O_RDONLY|O_CLOEXEC) = 3</usr/lib/libzstd.so.1.5.7>
1428376 openat(AT_FDCWD</tmp/kernel-audit2-v3r63b5w/\346\261\202\350\247\243\345\231\250>, "/usr/lib/libm.so.6", O_RDONLY|O_CLOEXEC) = 3</usr/lib/libm.so.6>
1428376 openat(AT_FDCWD</tmp/kernel-audit2-v3r63b5w/\346\261\202\350\247\243\345\231\250>, "/usr/lib/libbrotlicommon.so.1", O_RDONLY|O_CLOEXEC) = 3</usr/lib/libbrotlicommon.so.1.2.0>
1428376 openat(AT_FDCWD</tmp/kernel-audit2-v3r63b5w/\346\261\202\350\247\243\345\231\250>, "/usr/lib/locale/locale-archive", O_RDONLY|O_CLOEXEC) = 3</usr/lib/locale/locale-archive>
1428376 openat(AT_FDCWD</tmp/kernel-audit2-v3r63b5w/\346\261\202\350\247\243\345\231\250>, "/usr/share/locale/locale.alias", O_RDONLY|O_CLOEXEC) = 3</usr/share/locale/locale.alias>
1428376 openat(AT_FDCWD</tmp/kernel-audit2-v3r63b5w/\346\261\202\350\247\243\345\231\250>, "/usr/lib/locale/C.UTF-8/LC_IDENTIFICATION", O_RDONLY|O_CLOEXEC) = -1 ENOENT (No such file or directory)
1428376 openat(AT_FDCWD</tmp/kernel-audit2-v3r63b5w/\346\261\202\350\247\243\345\231\250>, "/usr/lib/locale/C.utf8/LC_IDENTIFICATION", O_RDONLY|O_CLOEXEC) = 3</usr/lib/locale/C.utf8/LC_IDENTIFICATION>
1428376 openat(AT_FDCWD</tmp/kernel-audit2-v3r63b5w/\346\261\202\350\247\243\345\231\250>, "/usr/lib/gconv/gconv-modules.cache", O_RDONLY|O_CLOEXEC) = 3</usr/lib/gconv/gconv-modules.cache>
1428376 openat(AT_FDCWD</tmp/kernel-audit2-v3r63b5w/\346\261\202\350\247\243\345\231\250>, "/usr/lib/locale/C.UTF-8/LC_MEASUREMENT", O_RDONLY|O_CLOEXEC) = -1 ENOENT (No such file or directory)
1428376 openat(AT_FDCWD</tmp/kernel-audit2-v3r63b5w/\346\261\202\350\247\243\345\231\250>, "/usr/lib/locale/C.utf8/LC_MEASUREMENT", O_RDONLY|O_CLOEXEC) = 3</usr/lib/locale/C.utf8/LC_MEASUREMENT>
1428376 openat(AT_FDCWD</tmp/kernel-audit2-v3r63b5w/\346\261\202\350\247\243\345\231\250>, "/usr/lib/locale/C.UTF-8/LC_TELEPHONE", O_RDONLY|O_CLOEXEC) = -1 ENOENT (No such file or directory)
1428376 openat(AT_FDCWD</tmp/kernel-audit2-v3r63b5w/\346\261\202\350\247\243\345\231\250>, "/usr/lib/locale/C.utf8/LC_TELEPHONE", O_RDONLY|O_CLOEXEC) = 3</usr/lib/locale/C.utf8/LC_TELEPHONE>
1428376 openat(AT_FDCWD</tmp/kernel-audit2-v3r63b5w/\346\261\202\350\247\243\345\231\250>, "/usr/lib/locale/C.UTF-8/LC_ADDRESS", O_RDONLY|O_CLOEXEC) = -1 ENOENT (No such file or directory)
1428376 openat(AT_FDCWD</tmp/kernel-audit2-v3r63b5w/\346\261\202\350\247\243\345\231\250>, "/usr/lib/locale/C.utf8/LC_ADDRESS", O_RDONLY|O_CLOEXEC) = 3</usr/lib/locale/C.utf8/LC_ADDRESS>
1428376 openat(AT_FDCWD</tmp/kernel-audit2-v3r63b5w/\346\261\202\350\247\243\345\231\250>, "/usr/lib/locale/C.UTF-8/LC_NAME", O_RDONLY|O_CLOEXEC) = -1 ENOENT (No such file or directory)
1428376 openat(AT_FDCWD</tmp/kernel-audit2-v3r63b5w/\346\261\202\350\247\243\345\231\250>, "/usr/lib/locale/C.utf8/LC_NAME", O_RDONLY|O_CLOEXEC) = 3</usr/lib/locale/C.utf8/LC_NAME>
1428376 openat(AT_FDCWD</tmp/kernel-audit2-v3r63b5w/\346\261\202\350\247\243\345\231\250>, "/usr/lib/locale/C.UTF-8/LC_PAPER", O_RDONLY|O_CLOEXEC) = -1 ENOENT (No such file or directory)
1428376 openat(AT_FDCWD</tmp/kernel-audit2-v3r63b5w/\346\261\202\350\247\243\345\231\250>, "/usr/lib/locale/C.utf8/LC_PAPER", O_RDONLY|O_CLOEXEC) = 3</usr/lib/locale/C.utf8/LC_PAPER>
1428376 openat(AT_FDCWD</tmp/kernel-audit2-v3r63b5w/\346\261\202\350\247\243\345\231\250>, "/usr/lib/locale/C.UTF-8/LC_MESSAGES", O_RDONLY|O_CLOEXEC) = -1 ENOENT (No such file or directory)
1428376 openat(AT_FDCWD</tmp/kernel-audit2-v3r63b5w/\346\261\202\350\247\243\345\231\250>, "/usr/lib/locale/C.utf8/LC_MESSAGES", O_RDONLY|O_CLOEXEC) = 3</usr/lib/locale/C.utf8/LC_MESSAGES>
1428376 openat(AT_FDCWD</tmp/kernel-audit2-v3r63b5w/\346\261\202\350\247\243\345\231\250>, "/usr/lib/locale/C.utf8/LC_MESSAGES/SYS_LC_MESSAGES", O_RDONLY|O_CLOEXEC) = 3</usr/lib/locale/C.utf8/LC_MESSAGES/SYS_LC_MESSAGES>
1428376 openat(AT_FDCWD</tmp/kernel-audit2-v3r63b5w/\346\261\202\350\247\243\345\231\250>, "/usr/lib/locale/C.UTF-8/LC_MONETARY", O_RDONLY|O_CLOEXEC) = -1 ENOENT (No such file or directory)
1428376 openat(AT_FDCWD</tmp/kernel-audit2-v3r63b5w/\346\261\202\350\247\243\345\231\250>, "/usr/lib/locale/C.utf8/LC_MONETARY", O_RDONLY|O_CLOEXEC) = 3</usr/lib/locale/C.utf8/LC_MONETARY>
1428376 openat(AT_FDCWD</tmp/kernel-audit2-v3r63b5w/\346\261\202\350\247\243\345\231\250>, "/usr/lib/locale/C.UTF-8/LC_COLLATE", O_RDONLY|O_CLOEXEC) = -1 ENOENT (No such file or directory)
1428376 openat(AT_FDCWD</tmp/kernel-audit2-v3r63b5w/\346\261\202\350\247\243\345\231\250>, "/usr/lib/locale/C.utf8/LC_COLLATE", O_RDONLY|O_CLOEXEC) = 3</usr/lib/locale/C.utf8/LC_COLLATE>
1428376 openat(AT_FDCWD</tmp/kernel-audit2-v3r63b5w/\346\261\202\350\247\243\345\231\250>, "/usr/lib/locale/C.UTF-8/LC_TIME", O_RDONLY|O_CLOEXEC) = -1 ENOENT (No such file or directory)
1428376 openat(AT_FDCWD</tmp/kernel-audit2-v3r63b5w/\346\261\202\350\247\243\345\231\250>, "/usr/lib/locale/C.utf8/LC_TIME", O_RDONLY|O_CLOEXEC) = 3</usr/lib/locale/C.utf8/LC_TIME>
1428376 openat(AT_FDCWD</tmp/kernel-audit2-v3r63b5w/\346\261\202\350\247\243\345\231\250>, "/usr/lib/locale/C.UTF-8/LC_NUMERIC", O_RDONLY|O_CLOEXEC) = -1 ENOENT (No such file or directory)
1428376 openat(AT_FDCWD</tmp/kernel-audit2-v3r63b5w/\346\261\202\350\247\243\345\231\250>, "/usr/lib/locale/C.utf8/LC_NUMERIC", O_RDONLY|O_CLOEXEC) = 3</usr/lib/locale/C.utf8/LC_NUMERIC>
1428376 openat(AT_FDCWD</tmp/kernel-audit2-v3r63b5w/\346\261\202\350\247\243\345\231\250>, "/usr/lib/locale/C.UTF-8/LC_CTYPE", O_RDONLY|O_CLOEXEC) = -1 ENOENT (No such file or directory)
1428376 openat(AT_FDCWD</tmp/kernel-audit2-v3r63b5w/\346\261\202\350\247\243\345\231\250>, "/usr/lib/locale/C.utf8/LC_CTYPE", O_RDONLY|O_CLOEXEC) = 3</usr/lib/locale/C.utf8/LC_CTYPE>
1428376 openat(AT_FDCWD</tmp/kernel-audit2-v3r63b5w/\346\261\202\350\247\243\345\231\250>, "/tmp/kernel-audit2-v3r63b5w/\343\200\212\346\230\216\346\227\245\346\226\271\350\210\237\357\274\232\347\273\210\346\234\253\345\234\260\343\200\213\346\270\270\346\210\217\350\247\204\345\210\231.txt", O_RDONLY) = 3</tmp/kernel-audit2-v3r63b5w/\343\200\212\346\230\216\346\227\245\346\226\271\350\210\237\357\274\232\347\273\210\346\234\253\345\234\260\343\200\213\346\270\270\346\210\217\350\247\204\345\210\231.txt>
1428364 --- SIGCHLD {si_signo=SIGCHLD, si_code=CLD_EXITED, si_pid=1428376, si_uid=1000, si_status=0, si_utime=0, si_stime=0} ---
1428364 openat(AT_FDCWD</tmp/kernel-audit2-v3r63b5w/\346\261\202\350\247\243\345\231\250>, "/dev/null", O_RDONLY|O_CLOEXEC) = 3</dev/null<char 1:3>>
1428377 execve("/home/zhuran24/.codex/tmp/arg0/codex-arg0DuAZRy/sha256sum", ["sha256sum", "--", "/tmp/kernel-audit2-v3r63b5w/\346\261\202\350\247\243\344\273\273\345\212\241.txt"], 0x7ffd72465138 /* 135 vars */) = -1 ENOENT (No such file or directory)
1428377 execve("/home/zhuran24/.cargo/bin/sha256sum", ["sha256sum", "--", "/tmp/kernel-audit2-v3r63b5w/\346\261\202\350\247\243\344\273\273\345\212\241.txt"], 0x7ffd72465138 /* 135 vars */) = -1 ENOENT (No such file or directory)
1428377 execve("/home/zhuran24/.local/bin/sha256sum", ["sha256sum", "--", "/tmp/kernel-audit2-v3r63b5w/\346\261\202\350\247\243\344\273\273\345\212\241.txt"], 0x7ffd72465138 /* 135 vars */) = -1 ENOENT (No such file or directory)
1428377 execve("/home/zhuran24/.opencode/bin/sha256sum", ["sha256sum", "--", "/tmp/kernel-audit2-v3r63b5w/\346\261\202\350\247\243\344\273\273\345\212\241.txt"], 0x7ffd72465138 /* 135 vars */) = -1 ENOENT (No such file or directory)
1428377 execve("/usr/local/bin/sha256sum", ["sha256sum", "--", "/tmp/kernel-audit2-v3r63b5w/\346\261\202\350\247\243\344\273\273\345\212\241.txt"], 0x7ffd72465138 /* 135 vars */) = -1 ENOENT (No such file or directory)
1428377 execve("/usr/bin/sha256sum", ["sha256sum", "--", "/tmp/kernel-audit2-v3r63b5w/\346\261\202\350\247\243\344\273\273\345\212\241.txt"], 0x7ffd72465138 /* 135 vars */) = 0
1428377 openat(AT_FDCWD</tmp/kernel-audit2-v3r63b5w/\346\261\202\350\247\243\345\231\250>, "/etc/ld.so.cache", O_RDONLY|O_CLOEXEC) = 3</etc/ld.so.cache>
1428377 openat(AT_FDCWD</tmp/kernel-audit2-v3r63b5w/\346\261\202\350\247\243\345\231\250>, "/usr/lib/libcrypto.so.3", O_RDONLY|O_CLOEXEC) = 3</usr/lib/libcrypto.so.3>
1428377 openat(AT_FDCWD</tmp/kernel-audit2-v3r63b5w/\346\261\202\350\247\243\345\231\250>, "/usr/lib/libc.so.6", O_RDONLY|O_CLOEXEC) = 3</usr/lib/libc.so.6>
1428377 openat(AT_FDCWD</tmp/kernel-audit2-v3r63b5w/\346\261\202\350\247\243\345\231\250>, "/usr/lib/libz.so.1", O_RDONLY|O_CLOEXEC) = 3</usr/lib/libz.so.1.3.1.zlib-ng>
1428377 openat(AT_FDCWD</tmp/kernel-audit2-v3r63b5w/\346\261\202\350\247\243\345\231\250>, "/usr/lib/libbrotlienc.so.1", O_RDONLY|O_CLOEXEC) = 3</usr/lib/libbrotlienc.so.1.2.0>
1428377 openat(AT_FDCWD</tmp/kernel-audit2-v3r63b5w/\346\261\202\350\247\243\345\231\250>, "/usr/lib/libbrotlidec.so.1", O_RDONLY|O_CLOEXEC) = 3</usr/lib/libbrotlidec.so.1.2.0>
1428377 openat(AT_FDCWD</tmp/kernel-audit2-v3r63b5w/\346\261\202\350\247\243\345\231\250>, "/usr/lib/libzstd.so.1", O_RDONLY|O_CLOEXEC) = 3</usr/lib/libzstd.so.1.5.7>
1428377 openat(AT_FDCWD</tmp/kernel-audit2-v3r63b5w/\346\261\202\350\247\243\345\231\250>, "/usr/lib/libm.so.6", O_RDONLY|O_CLOEXEC) = 3</usr/lib/libm.so.6>
1428377 openat(AT_FDCWD</tmp/kernel-audit2-v3r63b5w/\346\261\202\350\247\243\345\231\250>, "/usr/lib/libbrotlicommon.so.1", O_RDONLY|O_CLOEXEC) = 3</usr/lib/libbrotlicommon.so.1.2.0>
1428377 openat(AT_FDCWD</tmp/kernel-audit2-v3r63b5w/\346\261\202\350\247\243\345\231\250>, "/usr/lib/locale/locale-archive", O_RDONLY|O_CLOEXEC) = 3</usr/lib/locale/locale-archive>
1428377 openat(AT_FDCWD</tmp/kernel-audit2-v3r63b5w/\346\261\202\350\247\243\345\231\250>, "/usr/share/locale/locale.alias", O_RDONLY|O_CLOEXEC) = 3</usr/share/locale/locale.alias>
1428377 openat(AT_FDCWD</tmp/kernel-audit2-v3r63b5w/\346\261\202\350\247\243\345\231\250>, "/usr/lib/locale/C.UTF-8/LC_IDENTIFICATION", O_RDONLY|O_CLOEXEC) = -1 ENOENT (No such file or directory)
1428377 openat(AT_FDCWD</tmp/kernel-audit2-v3r63b5w/\346\261\202\350\247\243\345\231\250>, "/usr/lib/locale/C.utf8/LC_IDENTIFICATION", O_RDONLY|O_CLOEXEC) = 3</usr/lib/locale/C.utf8/LC_IDENTIFICATION>
1428377 openat(AT_FDCWD</tmp/kernel-audit2-v3r63b5w/\346\261\202\350\247\243\345\231\250>, "/usr/lib/gconv/gconv-modules.cache", O_RDONLY|O_CLOEXEC) = 3</usr/lib/gconv/gconv-modules.cache>
1428377 openat(AT_FDCWD</tmp/kernel-audit2-v3r63b5w/\346\261\202\350\247\243\345\231\250>, "/usr/lib/locale/C.UTF-8/LC_MEASUREMENT", O_RDONLY|O_CLOEXEC) = -1 ENOENT (No such file or directory)
1428377 openat(AT_FDCWD</tmp/kernel-audit2-v3r63b5w/\346\261\202\350\247\243\345\231\250>, "/usr/lib/locale/C.utf8/LC_MEASUREMENT", O_RDONLY|O_CLOEXEC) = 3</usr/lib/locale/C.utf8/LC_MEASUREMENT>
1428377 openat(AT_FDCWD</tmp/kernel-audit2-v3r63b5w/\346\261\202\350\247\243\345\231\250>, "/usr/lib/locale/C.UTF-8/LC_TELEPHONE", O_RDONLY|O_CLOEXEC) = -1 ENOENT (No such file or directory)
1428377 openat(AT_FDCWD</tmp/kernel-audit2-v3r63b5w/\346\261\202\350\247\243\345\231\250>, "/usr/lib/locale/C.utf8/LC_TELEPHONE", O_RDONLY|O_CLOEXEC) = 3</usr/lib/locale/C.utf8/LC_TELEPHONE>
1428377 openat(AT_FDCWD</tmp/kernel-audit2-v3r63b5w/\346\261\202\350\247\243\345\231\250>, "/usr/lib/locale/C.UTF-8/LC_ADDRESS", O_RDONLY|O_CLOEXEC) = -1 ENOENT (No such file or directory)
1428377 openat(AT_FDCWD</tmp/kernel-audit2-v3r63b5w/\346\261\202\350\247\243\345\231\250>, "/usr/lib/locale/C.utf8/LC_ADDRESS", O_RDONLY|O_CLOEXEC) = 3</usr/lib/locale/C.utf8/LC_ADDRESS>
1428377 openat(AT_FDCWD</tmp/kernel-audit2-v3r63b5w/\346\261\202\350\247\243\345\231\250>, "/usr/lib/locale/C.UTF-8/LC_NAME", O_RDONLY|O_CLOEXEC) = -1 ENOENT (No such file or directory)
1428377 openat(AT_FDCWD</tmp/kernel-audit2-v3r63b5w/\346\261\202\350\247\243\345\231\250>, "/usr/lib/locale/C.utf8/LC_NAME", O_RDONLY|O_CLOEXEC) = 3</usr/lib/locale/C.utf8/LC_NAME>
1428377 openat(AT_FDCWD</tmp/kernel-audit2-v3r63b5w/\346\261\202\350\247\243\345\231\250>, "/usr/lib/locale/C.UTF-8/LC_PAPER", O_RDONLY|O_CLOEXEC) = -1 ENOENT (No such file or directory)
1428377 openat(AT_FDCWD</tmp/kernel-audit2-v3r63b5w/\346\261\202\350\247\243\345\231\250>, "/usr/lib/locale/C.utf8/LC_PAPER", O_RDONLY|O_CLOEXEC) = 3</usr/lib/locale/C.utf8/LC_PAPER>
1428377 openat(AT_FDCWD</tmp/kernel-audit2-v3r63b5w/\346\261\202\350\247\243\345\231\250>, "/usr/lib/locale/C.UTF-8/LC_MESSAGES", O_RDONLY|O_CLOEXEC) = -1 ENOENT (No such file or directory)
1428377 openat(AT_FDCWD</tmp/kernel-audit2-v3r63b5w/\346\261\202\350\247\243\345\231\250>, "/usr/lib/locale/C.utf8/LC_MESSAGES", O_RDONLY|O_CLOEXEC) = 3</usr/lib/locale/C.utf8/LC_MESSAGES>
1428377 openat(AT_FDCWD</tmp/kernel-audit2-v3r63b5w/\346\261\202\350\247\243\345\231\250>, "/usr/lib/locale/C.utf8/LC_MESSAGES/SYS_LC_MESSAGES", O_RDONLY|O_CLOEXEC) = 3</usr/lib/locale/C.utf8/LC_MESSAGES/SYS_LC_MESSAGES>
1428377 openat(AT_FDCWD</tmp/kernel-audit2-v3r63b5w/\346\261\202\350\247\243\345\231\250>, "/usr/lib/locale/C.UTF-8/LC_MONETARY", O_RDONLY|O_CLOEXEC) = -1 ENOENT (No such file or directory)
1428377 openat(AT_FDCWD</tmp/kernel-audit2-v3r63b5w/\346\261\202\350\247\243\345\231\250>, "/usr/lib/locale/C.utf8/LC_MONETARY", O_RDONLY|O_CLOEXEC) = 3</usr/lib/locale/C.utf8/LC_MONETARY>
1428377 openat(AT_FDCWD</tmp/kernel-audit2-v3r63b5w/\346\261\202\350\247\243\345\231\250>, "/usr/lib/locale/C.UTF-8/LC_COLLATE", O_RDONLY|O_CLOEXEC) = -1 ENOENT (No such file or directory)
1428377 openat(AT_FDCWD</tmp/kernel-audit2-v3r63b5w/\346\261\202\350\247\243\345\231\250>, "/usr/lib/locale/C.utf8/LC_COLLATE", O_RDONLY|O_CLOEXEC) = 3</usr/lib/locale/C.utf8/LC_COLLATE>
1428377 openat(AT_FDCWD</tmp/kernel-audit2-v3r63b5w/\346\261\202\350\247\243\345\231\250>, "/usr/lib/locale/C.UTF-8/LC_TIME", O_RDONLY|O_CLOEXEC) = -1 ENOENT (No such file or directory)
1428377 openat(AT_FDCWD</tmp/kernel-audit2-v3r63b5w/\346\261\202\350\247\243\345\231\250>, "/usr/lib/locale/C.utf8/LC_TIME", O_RDONLY|O_CLOEXEC) = 3</usr/lib/locale/C.utf8/LC_TIME>
1428377 openat(AT_FDCWD</tmp/kernel-audit2-v3r63b5w/\346\261\202\350\247\243\345\231\250>, "/usr/lib/locale/C.UTF-8/LC_NUMERIC", O_RDONLY|O_CLOEXEC) = -1 ENOENT (No such file or directory)
1428377 openat(AT_FDCWD</tmp/kernel-audit2-v3r63b5w/\346\261\202\350\247\243\345\231\250>, "/usr/lib/locale/C.utf8/LC_NUMERIC", O_RDONLY|O_CLOEXEC) = 3</usr/lib/locale/C.utf8/LC_NUMERIC>
1428377 openat(AT_FDCWD</tmp/kernel-audit2-v3r63b5w/\346\261\202\350\247\243\345\231\250>, "/usr/lib/locale/C.UTF-8/LC_CTYPE", O_RDONLY|O_CLOEXEC) = -1 ENOENT (No such file or directory)
1428377 openat(AT_FDCWD</tmp/kernel-audit2-v3r63b5w/\346\261\202\350\247\243\345\231\250>, "/usr/lib/locale/C.utf8/LC_CTYPE", O_RDONLY|O_CLOEXEC) = 3</usr/lib/locale/C.utf8/LC_CTYPE>
1428377 openat(AT_FDCWD</tmp/kernel-audit2-v3r63b5w/\346\261\202\350\247\243\345\231\250>, "/tmp/kernel-audit2-v3r63b5w/\346\261\202\350\247\243\344\273\273\345\212\241.txt", O_RDONLY) = 3</tmp/kernel-audit2-v3r63b5w/\346\261\202\350\247\243\344\273\273\345\212\241.txt>
1428364 --- SIGCHLD {si_signo=SIGCHLD, si_code=CLD_EXITED, si_pid=1428377, si_uid=1000, si_status=0, si_utime=0, si_stime=0} ---
1428364 openat(AT_FDCWD</tmp/kernel-audit2-v3r63b5w/\346\261\202\350\247\243\345\231\250>, "/dev/null", O_RDONLY|O_CLOEXEC) = 3</dev/null<char 1:3>>
1428378 execve("/home/zhuran24/.codex/tmp/arg0/codex-arg0DuAZRy/sha256sum", ["sha256sum", "--", "/tmp/kernel-audit2-v3r63b5w/\346\261\202\350\247\243\347\272\246\346\235\237.txt"], 0x7ffd72465138 /* 135 vars */) = -1 ENOENT (No such file or directory)
1428378 execve("/home/zhuran24/.cargo/bin/sha256sum", ["sha256sum", "--", "/tmp/kernel-audit2-v3r63b5w/\346\261\202\350\247\243\347\272\246\346\235\237.txt"], 0x7ffd72465138 /* 135 vars */) = -1 ENOENT (No such file or directory)
1428378 execve("/home/zhuran24/.local/bin/sha256sum", ["sha256sum", "--", "/tmp/kernel-audit2-v3r63b5w/\346\261\202\350\247\243\347\272\246\346\235\237.txt"], 0x7ffd72465138 /* 135 vars */) = -1 ENOENT (No such file or directory)
1428378 execve("/home/zhuran24/.opencode/bin/sha256sum", ["sha256sum", "--", "/tmp/kernel-audit2-v3r63b5w/\346\261\202\350\247\243\347\272\246\346\235\237.txt"], 0x7ffd72465138 /* 135 vars */) = -1 ENOENT (No such file or directory)
1428378 execve("/usr/local/bin/sha256sum", ["sha256sum", "--", "/tmp/kernel-audit2-v3r63b5w/\346\261\202\350\247\243\347\272\246\346\235\237.txt"], 0x7ffd72465138 /* 135 vars */) = -1 ENOENT (No such file or directory)
1428378 execve("/usr/bin/sha256sum", ["sha256sum", "--", "/tmp/kernel-audit2-v3r63b5w/\346\261\202\350\247\243\347\272\246\346\235\237.txt"], 0x7ffd72465138 /* 135 vars */) = 0
1428378 openat(AT_FDCWD</tmp/kernel-audit2-v3r63b5w/\346\261\202\350\247\243\345\231\250>, "/etc/ld.so.cache", O_RDONLY|O_CLOEXEC) = 3</etc/ld.so.cache>
1428378 openat(AT_FDCWD</tmp/kernel-audit2-v3r63b5w/\346\261\202\350\247\243\345\231\250>, "/usr/lib/libcrypto.so.3", O_RDONLY|O_CLOEXEC) = 3</usr/lib/libcrypto.so.3>
1428378 openat(AT_FDCWD</tmp/kernel-audit2-v3r63b5w/\346\261\202\350\247\243\345\231\250>, "/usr/lib/libc.so.6", O_RDONLY|O_CLOEXEC) = 3</usr/lib/libc.so.6>
1428378 openat(AT_FDCWD</tmp/kernel-audit2-v3r63b5w/\346\261\202\350\247\243\345\231\250>, "/usr/lib/libz.so.1", O_RDONLY|O_CLOEXEC) = 3</usr/lib/libz.so.1.3.1.zlib-ng>
1428378 openat(AT_FDCWD</tmp/kernel-audit2-v3r63b5w/\346\261\202\350\247\243\345\231\250>, "/usr/lib/libbrotlienc.so.1", O_RDONLY|O_CLOEXEC) = 3</usr/lib/libbrotlienc.so.1.2.0>
1428378 openat(AT_FDCWD</tmp/kernel-audit2-v3r63b5w/\346\261\202\350\247\243\345\231\250>, "/usr/lib/libbrotlidec.so.1", O_RDONLY|O_CLOEXEC) = 3</usr/lib/libbrotlidec.so.1.2.0>
1428378 openat(AT_FDCWD</tmp/kernel-audit2-v3r63b5w/\346\261\202\350\247\243\345\231\250>, "/usr/lib/libzstd.so.1", O_RDONLY|O_CLOEXEC) = 3</usr/lib/libzstd.so.1.5.7>
1428378 openat(AT_FDCWD</tmp/kernel-audit2-v3r63b5w/\346\261\202\350\247\243\345\231\250>, "/usr/lib/libm.so.6", O_RDONLY|O_CLOEXEC) = 3</usr/lib/libm.so.6>
1428378 openat(AT_FDCWD</tmp/kernel-audit2-v3r63b5w/\346\261\202\350\247\243\345\231\250>, "/usr/lib/libbrotlicommon.so.1", O_RDONLY|O_CLOEXEC) = 3</usr/lib/libbrotlicommon.so.1.2.0>
1428378 openat(AT_FDCWD</tmp/kernel-audit2-v3r63b5w/\346\261\202\350\247\243\345\231\250>, "/usr/lib/locale/locale-archive", O_RDONLY|O_CLOEXEC) = 3</usr/lib/locale/locale-archive>
1428378 openat(AT_FDCWD</tmp/kernel-audit2-v3r63b5w/\346\261\202\350\247\243\345\231\250>, "/usr/share/locale/locale.alias", O_RDONLY|O_CLOEXEC) = 3</usr/share/locale/locale.alias>
1428378 openat(AT_FDCWD</tmp/kernel-audit2-v3r63b5w/\346\261\202\350\247\243\345\231\250>, "/usr/lib/locale/C.UTF-8/LC_IDENTIFICATION", O_RDONLY|O_CLOEXEC) = -1 ENOENT (No such file or directory)
1428378 openat(AT_FDCWD</tmp/kernel-audit2-v3r63b5w/\346\261\202\350\247\243\345\231\250>, "/usr/lib/locale/C.utf8/LC_IDENTIFICATION", O_RDONLY|O_CLOEXEC) = 3</usr/lib/locale/C.utf8/LC_IDENTIFICATION>
1428378 openat(AT_FDCWD</tmp/kernel-audit2-v3r63b5w/\346\261\202\350\247\243\345\231\250>, "/usr/lib/gconv/gconv-modules.cache", O_RDONLY|O_CLOEXEC) = 3</usr/lib/gconv/gconv-modules.cache>
1428378 openat(AT_FDCWD</tmp/kernel-audit2-v3r63b5w/\346\261\202\350\247\243\345\231\250>, "/usr/lib/locale/C.UTF-8/LC_MEASUREMENT", O_RDONLY|O_CLOEXEC) = -1 ENOENT (No such file or directory)
1428378 openat(AT_FDCWD</tmp/kernel-audit2-v3r63b5w/\346\261\202\350\247\243\345\231\250>, "/usr/lib/locale/C.utf8/LC_MEASUREMENT", O_RDONLY|O_CLOEXEC) = 3</usr/lib/locale/C.utf8/LC_MEASUREMENT>
1428378 openat(AT_FDCWD</tmp/kernel-audit2-v3r63b5w/\346\261\202\350\247\243\345\231\250>, "/usr/lib/locale/C.UTF-8/LC_TELEPHONE", O_RDONLY|O_CLOEXEC) = -1 ENOENT (No such file or directory)
1428378 openat(AT_FDCWD</tmp/kernel-audit2-v3r63b5w/\346\261\202\350\247\243\345\231\250>, "/usr/lib/locale/C.utf8/LC_TELEPHONE", O_RDONLY|O_CLOEXEC) = 3</usr/lib/locale/C.utf8/LC_TELEPHONE>
1428378 openat(AT_FDCWD</tmp/kernel-audit2-v3r63b5w/\346\261\202\350\247\243\345\231\250>, "/usr/lib/locale/C.UTF-8/LC_ADDRESS", O_RDONLY|O_CLOEXEC) = -1 ENOENT (No such file or directory)
1428378 openat(AT_FDCWD</tmp/kernel-audit2-v3r63b5w/\346\261\202\350\247\243\345\231\250>, "/usr/lib/locale/C.utf8/LC_ADDRESS", O_RDONLY|O_CLOEXEC) = 3</usr/lib/locale/C.utf8/LC_ADDRESS>
1428378 openat(AT_FDCWD</tmp/kernel-audit2-v3r63b5w/\346\261\202\350\247\243\345\231\250>, "/usr/lib/locale/C.UTF-8/LC_NAME", O_RDONLY|O_CLOEXEC) = -1 ENOENT (No such file or directory)
1428378 openat(AT_FDCWD</tmp/kernel-audit2-v3r63b5w/\346\261\202\350\247\243\345\231\250>, "/usr/lib/locale/C.utf8/LC_NAME", O_RDONLY|O_CLOEXEC) = 3</usr/lib/locale/C.utf8/LC_NAME>
1428378 openat(AT_FDCWD</tmp/kernel-audit2-v3r63b5w/\346\261\202\350\247\243\345\231\250>, "/usr/lib/locale/C.UTF-8/LC_PAPER", O_RDONLY|O_CLOEXEC) = -1 ENOENT (No such file or directory)
1428378 openat(AT_FDCWD</tmp/kernel-audit2-v3r63b5w/\346\261\202\350\247\243\345\231\250>, "/usr/lib/locale/C.utf8/LC_PAPER", O_RDONLY|O_CLOEXEC) = 3</usr/lib/locale/C.utf8/LC_PAPER>
1428378 openat(AT_FDCWD</tmp/kernel-audit2-v3r63b5w/\346\261\202\350\247\243\345\231\250>, "/usr/lib/locale/C.UTF-8/LC_MESSAGES", O_RDONLY|O_CLOEXEC) = -1 ENOENT (No such file or directory)
1428378 openat(AT_FDCWD</tmp/kernel-audit2-v3r63b5w/\346\261\202\350\247\243\345\231\250>, "/usr/lib/locale/C.utf8/LC_MESSAGES", O_RDONLY|O_CLOEXEC) = 3</usr/lib/locale/C.utf8/LC_MESSAGES>
1428378 openat(AT_FDCWD</tmp/kernel-audit2-v3r63b5w/\346\261\202\350\247\243\345\231\250>, "/usr/lib/locale/C.utf8/LC_MESSAGES/SYS_LC_MESSAGES", O_RDONLY|O_CLOEXEC) = 3</usr/lib/locale/C.utf8/LC_MESSAGES/SYS_LC_MESSAGES>
1428378 openat(AT_FDCWD</tmp/kernel-audit2-v3r63b5w/\346\261\202\350\247\243\345\231\250>, "/usr/lib/locale/C.UTF-8/LC_MONETARY", O_RDONLY|O_CLOEXEC) = -1 ENOENT (No such file or directory)
1428378 openat(AT_FDCWD</tmp/kernel-audit2-v3r63b5w/\346\261\202\350\247\243\345\231\250>, "/usr/lib/locale/C.utf8/LC_MONETARY", O_RDONLY|O_CLOEXEC) = 3</usr/lib/locale/C.utf8/LC_MONETARY>
1428378 openat(AT_FDCWD</tmp/kernel-audit2-v3r63b5w/\346\261\202\350\247\243\345\231\250>, "/usr/lib/locale/C.UTF-8/LC_COLLATE", O_RDONLY|O_CLOEXEC) = -1 ENOENT (No such file or directory)
1428378 openat(AT_FDCWD</tmp/kernel-audit2-v3r63b5w/\346\261\202\350\247\243\345\231\250>, "/usr/lib/locale/C.utf8/LC_COLLATE", O_RDONLY|O_CLOEXEC) = 3</usr/lib/locale/C.utf8/LC_COLLATE>
1428378 openat(AT_FDCWD</tmp/kernel-audit2-v3r63b5w/\346\261\202\350\247\243\345\231\250>, "/usr/lib/locale/C.UTF-8/LC_TIME", O_RDONLY|O_CLOEXEC) = -1 ENOENT (No such file or directory)
1428378 openat(AT_FDCWD</tmp/kernel-audit2-v3r63b5w/\346\261\202\350\247\243\345\231\250>, "/usr/lib/locale/C.utf8/LC_TIME", O_RDONLY|O_CLOEXEC) = 3</usr/lib/locale/C.utf8/LC_TIME>
1428378 openat(AT_FDCWD</tmp/kernel-audit2-v3r63b5w/\346\261\202\350\247\243\345\231\250>, "/usr/lib/locale/C.UTF-8/LC_NUMERIC", O_RDONLY|O_CLOEXEC) = -1 ENOENT (No such file or directory)
1428378 openat(AT_FDCWD</tmp/kernel-audit2-v3r63b5w/\346\261\202\350\247\243\345\231\250>, "/usr/lib/locale/C.utf8/LC_NUMERIC", O_RDONLY|O_CLOEXEC) = 3</usr/lib/locale/C.utf8/LC_NUMERIC>
1428378 openat(AT_FDCWD</tmp/kernel-audit2-v3r63b5w/\346\261\202\350\247\243\345\231\250>, "/usr/lib/locale/C.UTF-8/LC_CTYPE", O_RDONLY|O_CLOEXEC) = -1 ENOENT (No such file or directory)
1428378 openat(AT_FDCWD</tmp/kernel-audit2-v3r63b5w/\346\261\202\350\247\243\345\231\250>, "/usr/lib/locale/C.utf8/LC_CTYPE", O_RDONLY|O_CLOEXEC) = 3</usr/lib/locale/C.utf8/LC_CTYPE>
1428378 openat(AT_FDCWD</tmp/kernel-audit2-v3r63b5w/\346\261\202\350\247\243\345\231\250>, "/tmp/kernel-audit2-v3r63b5w/\346\261\202\350\247\243\347\272\246\346\235\237.txt", O_RDONLY) = 3</tmp/kernel-audit2-v3r63b5w/\346\261\202\350\247\243\347\272\246\346\235\237.txt>
1428364 --- SIGCHLD {si_signo=SIGCHLD, si_code=CLD_EXITED, si_pid=1428378, si_uid=1000, si_status=0, si_utime=0, si_stime=0} ---
1428364 openat(AT_FDCWD</tmp/kernel-audit2-v3r63b5w/\346\261\202\350\247\243\345\231\250>, "/dev/null", O_RDONLY|O_CLOEXEC) = 3</dev/null<char 1:3>>
1428379 execve("/home/zhuran24/.codex/tmp/arg0/codex-arg0DuAZRy/sha256sum", ["sha256sum", "--", "/tmp/kernel-audit2-v3r63b5w/\346\261\202\350\247\243\345\231\250/\350\247\204\346\240\274/\351\200\211\346\213\251\347\202\271\345\217\202\346\225\260\350\275\264.md"], 0x7ffd72465138 /* 135 vars */) = -1 ENOENT (No such file or directory)
1428379 execve("/home/zhuran24/.cargo/bin/sha256sum", ["sha256sum", "--", "/tmp/kernel-audit2-v3r63b5w/\346\261\202\350\247\243\345\231\250/\350\247\204\346\240\274/\351\200\211\346\213\251\347\202\271\345\217\202\346\225\260\350\275\264.md"], 0x7ffd72465138 /* 135 vars */) = -1 ENOENT (No such file or directory)
1428379 execve("/home/zhuran24/.local/bin/sha256sum", ["sha256sum", "--", "/tmp/kernel-audit2-v3r63b5w/\346\261\202\350\247\243\345\231\250/\350\247\204\346\240\274/\351\200\211\346\213\251\347\202\271\345\217\202\346\225\260\350\275\264.md"], 0x7ffd72465138 /* 135 vars */) = -1 ENOENT (No such file or directory)
1428379 execve("/home/zhuran24/.opencode/bin/sha256sum", ["sha256sum", "--", "/tmp/kernel-audit2-v3r63b5w/\346\261\202\350\247\243\345\231\250/\350\247\204\346\240\274/\351\200\211\346\213\251\347\202\271\345\217\202\346\225\260\350\275\264.md"], 0x7ffd72465138 /* 135 vars */) = -1 ENOENT (No such file or directory)
1428379 execve("/usr/local/bin/sha256sum", ["sha256sum", "--", "/tmp/kernel-audit2-v3r63b5w/\346\261\202\350\247\243\345\231\250/\350\247\204\346\240\274/\351\200\211\346\213\251\347\202\271\345\217\202\346\225\260\350\275\264.md"], 0x7ffd72465138 /* 135 vars */) = -1 ENOENT (No such file or directory)
1428379 execve("/usr/bin/sha256sum", ["sha256sum", "--", "/tmp/kernel-audit2-v3r63b5w/\346\261\202\350\247\243\345\231\250/\350\247\204\346\240\274/\351\200\211\346\213\251\347\202\271\345\217\202\346\225\260\350\275\264.md"], 0x7ffd72465138 /* 135 vars */) = 0
1428379 openat(AT_FDCWD</tmp/kernel-audit2-v3r63b5w/\346\261\202\350\247\243\345\231\250>, "/etc/ld.so.cache", O_RDONLY|O_CLOEXEC) = 3</etc/ld.so.cache>
1428379 openat(AT_FDCWD</tmp/kernel-audit2-v3r63b5w/\346\261\202\350\247\243\345\231\250>, "/usr/lib/libcrypto.so.3", O_RDONLY|O_CLOEXEC) = 3</usr/lib/libcrypto.so.3>
1428379 openat(AT_FDCWD</tmp/kernel-audit2-v3r63b5w/\346\261\202\350\247\243\345\231\250>, "/usr/lib/libc.so.6", O_RDONLY|O_CLOEXEC) = 3</usr/lib/libc.so.6>
1428379 openat(AT_FDCWD</tmp/kernel-audit2-v3r63b5w/\346\261\202\350\247\243\345\231\250>, "/usr/lib/libz.so.1", O_RDONLY|O_CLOEXEC) = 3</usr/lib/libz.so.1.3.1.zlib-ng>
1428379 openat(AT_FDCWD</tmp/kernel-audit2-v3r63b5w/\346\261\202\350\247\243\345\231\250>, "/usr/lib/libbrotlienc.so.1", O_RDONLY|O_CLOEXEC) = 3</usr/lib/libbrotlienc.so.1.2.0>
1428379 openat(AT_FDCWD</tmp/kernel-audit2-v3r63b5w/\346\261\202\350\247\243\345\231\250>, "/usr/lib/libbrotlidec.so.1", O_RDONLY|O_CLOEXEC) = 3</usr/lib/libbrotlidec.so.1.2.0>
1428379 openat(AT_FDCWD</tmp/kernel-audit2-v3r63b5w/\346\261\202\350\247\243\345\231\250>, "/usr/lib/libzstd.so.1", O_RDONLY|O_CLOEXEC) = 3</usr/lib/libzstd.so.1.5.7>
1428379 openat(AT_FDCWD</tmp/kernel-audit2-v3r63b5w/\346\261\202\350\247\243\345\231\250>, "/usr/lib/libm.so.6", O_RDONLY|O_CLOEXEC) = 3</usr/lib/libm.so.6>
1428379 openat(AT_FDCWD</tmp/kernel-audit2-v3r63b5w/\346\261\202\350\247\243\345\231\250>, "/usr/lib/libbrotlicommon.so.1", O_RDONLY|O_CLOEXEC) = 3</usr/lib/libbrotlicommon.so.1.2.0>
1428379 openat(AT_FDCWD</tmp/kernel-audit2-v3r63b5w/\346\261\202\350\247\243\345\231\250>, "/usr/lib/locale/locale-archive", O_RDONLY|O_CLOEXEC) = 3</usr/lib/locale/locale-archive>
1428379 openat(AT_FDCWD</tmp/kernel-audit2-v3r63b5w/\346\261\202\350\247\243\345\231\250>, "/usr/share/locale/locale.alias", O_RDONLY|O_CLOEXEC) = 3</usr/share/locale/locale.alias>
1428379 openat(AT_FDCWD</tmp/kernel-audit2-v3r63b5w/\346\261\202\350\247\243\345\231\250>, "/usr/lib/locale/C.UTF-8/LC_IDENTIFICATION", O_RDONLY|O_CLOEXEC) = -1 ENOENT (No such file or directory)
1428379 openat(AT_FDCWD</tmp/kernel-audit2-v3r63b5w/\346\261\202\350\247\243\345\231\250>, "/usr/lib/locale/C.utf8/LC_IDENTIFICATION", O_RDONLY|O_CLOEXEC) = 3</usr/lib/locale/C.utf8/LC_IDENTIFICATION>
1428379 openat(AT_FDCWD</tmp/kernel-audit2-v3r63b5w/\346\261\202\350\247\243\345\231\250>, "/usr/lib/gconv/gconv-modules.cache", O_RDONLY|O_CLOEXEC) = 3</usr/lib/gconv/gconv-modules.cache>
1428379 openat(AT_FDCWD</tmp/kernel-audit2-v3r63b5w/\346\261\202\350\247\243\345\231\250>, "/usr/lib/locale/C.UTF-8/LC_MEASUREMENT", O_RDONLY|O_CLOEXEC) = -1 ENOENT (No such file or directory)
1428379 openat(AT_FDCWD</tmp/kernel-audit2-v3r63b5w/\346\261\202\350\247\243\345\231\250>, "/usr/lib/locale/C.utf8/LC_MEASUREMENT", O_RDONLY|O_CLOEXEC) = 3</usr/lib/locale/C.utf8/LC_MEASUREMENT>
1428379 openat(AT_FDCWD</tmp/kernel-audit2-v3r63b5w/\346\261\202\350\247\243\345\231\250>, "/usr/lib/locale/C.UTF-8/LC_TELEPHONE", O_RDONLY|O_CLOEXEC) = -1 ENOENT (No such file or directory)
1428379 openat(AT_FDCWD</tmp/kernel-audit2-v3r63b5w/\346\261\202\350\247\243\345\231\250>, "/usr/lib/locale/C.utf8/LC_TELEPHONE", O_RDONLY|O_CLOEXEC) = 3</usr/lib/locale/C.utf8/LC_TELEPHONE>
1428379 openat(AT_FDCWD</tmp/kernel-audit2-v3r63b5w/\346\261\202\350\247\243\345\231\250>, "/usr/lib/locale/C.UTF-8/LC_ADDRESS", O_RDONLY|O_CLOEXEC) = -1 ENOENT (No such file or directory)
1428379 openat(AT_FDCWD</tmp/kernel-audit2-v3r63b5w/\346\261\202\350\247\243\345\231\250>, "/usr/lib/locale/C.utf8/LC_ADDRESS", O_RDONLY|O_CLOEXEC) = 3</usr/lib/locale/C.utf8/LC_ADDRESS>
1428379 openat(AT_FDCWD</tmp/kernel-audit2-v3r63b5w/\346\261\202\350\247\243\345\231\250>, "/usr/lib/locale/C.UTF-8/LC_NAME", O_RDONLY|O_CLOEXEC) = -1 ENOENT (No such file or directory)
1428379 openat(AT_FDCWD</tmp/kernel-audit2-v3r63b5w/\346\261\202\350\247\243\345\231\250>, "/usr/lib/locale/C.utf8/LC_NAME", O_RDONLY|O_CLOEXEC) = 3</usr/lib/locale/C.utf8/LC_NAME>
1428379 openat(AT_FDCWD</tmp/kernel-audit2-v3r63b5w/\346\261\202\350\247\243\345\231\250>, "/usr/lib/locale/C.UTF-8/LC_PAPER", O_RDONLY|O_CLOEXEC) = -1 ENOENT (No such file or directory)
1428379 openat(AT_FDCWD</tmp/kernel-audit2-v3r63b5w/\346\261\202\350\247\243\345\231\250>, "/usr/lib/locale/C.utf8/LC_PAPER", O_RDONLY|O_CLOEXEC) = 3</usr/lib/locale/C.utf8/LC_PAPER>
1428379 openat(AT_FDCWD</tmp/kernel-audit2-v3r63b5w/\346\261\202\350\247\243\345\231\250>, "/usr/lib/locale/C.UTF-8/LC_MESSAGES", O_RDONLY|O_CLOEXEC) = -1 ENOENT (No such file or directory)
1428379 openat(AT_FDCWD</tmp/kernel-audit2-v3r63b5w/\346\261\202\350\247\243\345\231\250>, "/usr/lib/locale/C.utf8/LC_MESSAGES", O_RDONLY|O_CLOEXEC) = 3</usr/lib/locale/C.utf8/LC_MESSAGES>
1428379 openat(AT_FDCWD</tmp/kernel-audit2-v3r63b5w/\346\261\202\350\247\243\345\231\250>, "/usr/lib/locale/C.utf8/LC_MESSAGES/SYS_LC_MESSAGES", O_RDONLY|O_CLOEXEC) = 3</usr/lib/locale/C.utf8/LC_MESSAGES/SYS_LC_MESSAGES>
1428379 openat(AT_FDCWD</tmp/kernel-audit2-v3r63b5w/\346\261\202\350\247\243\345\231\250>, "/usr/lib/locale/C.UTF-8/LC_MONETARY", O_RDONLY|O_CLOEXEC) = -1 ENOENT (No such file or directory)
1428379 openat(AT_FDCWD</tmp/kernel-audit2-v3r63b5w/\346\261\202\350\247\243\345\231\250>, "/usr/lib/locale/C.utf8/LC_MONETARY", O_RDONLY|O_CLOEXEC) = 3</usr/lib/locale/C.utf8/LC_MONETARY>
1428379 openat(AT_FDCWD</tmp/kernel-audit2-v3r63b5w/\346\261\202\350\247\243\345\231\250>, "/usr/lib/locale/C.UTF-8/LC_COLLATE", O_RDONLY|O_CLOEXEC) = -1 ENOENT (No such file or directory)
1428379 openat(AT_FDCWD</tmp/kernel-audit2-v3r63b5w/\346\261\202\350\247\243\345\231\250>, "/usr/lib/locale/C.utf8/LC_COLLATE", O_RDONLY|O_CLOEXEC) = 3</usr/lib/locale/C.utf8/LC_COLLATE>
1428379 openat(AT_FDCWD</tmp/kernel-audit2-v3r63b5w/\346\261\202\350\247\243\345\231\250>, "/usr/lib/locale/C.UTF-8/LC_TIME", O_RDONLY|O_CLOEXEC) = -1 ENOENT (No such file or directory)
1428379 openat(AT_FDCWD</tmp/kernel-audit2-v3r63b5w/\346\261\202\350\247\243\345\231\250>, "/usr/lib/locale/C.utf8/LC_TIME", O_RDONLY|O_CLOEXEC) = 3</usr/lib/locale/C.utf8/LC_TIME>
1428379 openat(AT_FDCWD</tmp/kernel-audit2-v3r63b5w/\346\261\202\350\247\243\345\231\250>, "/usr/lib/locale/C.UTF-8/LC_NUMERIC", O_RDONLY|O_CLOEXEC) = -1 ENOENT (No such file or directory)
1428379 openat(AT_FDCWD</tmp/kernel-audit2-v3r63b5w/\346\261\202\350\247\243\345\231\250>, "/usr/lib/locale/C.utf8/LC_NUMERIC", O_RDONLY|O_CLOEXEC) = 3</usr/lib/locale/C.utf8/LC_NUMERIC>
1428379 openat(AT_FDCWD</tmp/kernel-audit2-v3r63b5w/\346\261\202\350\247\243\345\231\250>, "/usr/lib/locale/C.UTF-8/LC_CTYPE", O_RDONLY|O_CLOEXEC) = -1 ENOENT (No such file or directory)
1428379 openat(AT_FDCWD</tmp/kernel-audit2-v3r63b5w/\346\261\202\350\247\243\345\231\250>, "/usr/lib/locale/C.utf8/LC_CTYPE", O_RDONLY|O_CLOEXEC) = 3</usr/lib/locale/C.utf8/LC_CTYPE>
1428379 openat(AT_FDCWD</tmp/kernel-audit2-v3r63b5w/\346\261\202\350\247\243\345\231\250>, "/tmp/kernel-audit2-v3r63b5w/\346\261\202\350\247\243\345\231\250/\350\247\204\346\240\274/\351\200\211\346\213\251\347\202\271\345\217\202\346\225\260\350\275\264.md", O_RDONLY) = 3</tmp/kernel-audit2-v3r63b5w/\346\261\202\350\247\243\345\231\250/\350\247\204\346\240\274/\351\200\211\346\213\251\347\202\271\345\217\202\346\225\260\350\275\264.md>
1428364 --- SIGCHLD {si_signo=SIGCHLD, si_code=CLD_EXITED, si_pid=1428379, si_uid=1000, si_status=0, si_utime=0, si_stime=0} ---
1428364 openat(AT_FDCWD</tmp/kernel-audit2-v3r63b5w/\346\261\202\350\247\243\345\231\250>, "/dev/null", O_RDONLY|O_CLOEXEC) = 3</dev/null<char 1:3>>
1428380 execve("/home/zhuran24/.codex/tmp/arg0/codex-arg0DuAZRy/sha256sum", ["sha256sum", "--", "/tmp/kernel-audit2-v3r63b5w/\346\261\202\350\247\243\345\231\250/\350\247\204\346\240\274/\345\217\227\351\231\220\346\250\241\345\236\213\345\243\260\346\230\216.md"], 0x7ffd72465138 /* 135 vars */) = -1 ENOENT (No such file or directory)
1428380 execve("/home/zhuran24/.cargo/bin/sha256sum", ["sha256sum", "--", "/tmp/kernel-audit2-v3r63b5w/\346\261\202\350\247\243\345\231\250/\350\247\204\346\240\274/\345\217\227\351\231\220\346\250\241\345\236\213\345\243\260\346\230\216.md"], 0x7ffd72465138 /* 135 vars */) = -1 ENOENT (No such file or directory)
1428380 execve("/home/zhuran24/.local/bin/sha256sum", ["sha256sum", "--", "/tmp/kernel-audit2-v3r63b5w/\346\261\202\350\247\243\345\231\250/\350\247\204\346\240\274/\345\217\227\351\231\220\346\250\241\345\236\213\345\243\260\346\230\216.md"], 0x7ffd72465138 /* 135 vars */) = -1 ENOENT (No such file or directory)
1428380 execve("/home/zhuran24/.opencode/bin/sha256sum", ["sha256sum", "--", "/tmp/kernel-audit2-v3r63b5w/\346\261\202\350\247\243\345\231\250/\350\247\204\346\240\274/\345\217\227\351\231\220\346\250\241\345\236\213\345\243\260\346\230\216.md"], 0x7ffd72465138 /* 135 vars */) = -1 ENOENT (No such file or directory)
1428380 execve("/usr/local/bin/sha256sum", ["sha256sum", "--", "/tmp/kernel-audit2-v3r63b5w/\346\261\202\350\247\243\345\231\250/\350\247\204\346\240\274/\345\217\227\351\231\220\346\250\241\345\236\213\345\243\260\346\230\216.md"], 0x7ffd72465138 /* 135 vars */) = -1 ENOENT (No such file or directory)
1428380 execve("/usr/bin/sha256sum", ["sha256sum", "--", "/tmp/kernel-audit2-v3r63b5w/\346\261\202\350\247\243\345\231\250/\350\247\204\346\240\274/\345\217\227\351\231\220\346\250\241\345\236\213\345\243\260\346\230\216.md"], 0x7ffd72465138 /* 135 vars */) = 0
1428380 openat(AT_FDCWD</tmp/kernel-audit2-v3r63b5w/\346\261\202\350\247\243\345\231\250>, "/etc/ld.so.cache", O_RDONLY|O_CLOEXEC) = 3</etc/ld.so.cache>
1428380 openat(AT_FDCWD</tmp/kernel-audit2-v3r63b5w/\346\261\202\350\247\243\345\231\250>, "/usr/lib/libcrypto.so.3", O_RDONLY|O_CLOEXEC) = 3</usr/lib/libcrypto.so.3>
1428380 openat(AT_FDCWD</tmp/kernel-audit2-v3r63b5w/\346\261\202\350\247\243\345\231\250>, "/usr/lib/libc.so.6", O_RDONLY|O_CLOEXEC) = 3</usr/lib/libc.so.6>
1428380 openat(AT_FDCWD</tmp/kernel-audit2-v3r63b5w/\346\261\202\350\247\243\345\231\250>, "/usr/lib/libz.so.1", O_RDONLY|O_CLOEXEC) = 3</usr/lib/libz.so.1.3.1.zlib-ng>
1428380 openat(AT_FDCWD</tmp/kernel-audit2-v3r63b5w/\346\261\202\350\247\243\345\231\250>, "/usr/lib/libbrotlienc.so.1", O_RDONLY|O_CLOEXEC) = 3</usr/lib/libbrotlienc.so.1.2.0>
1428380 openat(AT_FDCWD</tmp/kernel-audit2-v3r63b5w/\346\261\202\350\247\243\345\231\250>, "/usr/lib/libbrotlidec.so.1", O_RDONLY|O_CLOEXEC) = 3</usr/lib/libbrotlidec.so.1.2.0>
1428380 openat(AT_FDCWD</tmp/kernel-audit2-v3r63b5w/\346\261\202\350\247\243\345\231\250>, "/usr/lib/libzstd.so.1", O_RDONLY|O_CLOEXEC) = 3</usr/lib/libzstd.so.1.5.7>
1428380 openat(AT_FDCWD</tmp/kernel-audit2-v3r63b5w/\346\261\202\350\247\243\345\231\250>, "/usr/lib/libm.so.6", O_RDONLY|O_CLOEXEC) = 3</usr/lib/libm.so.6>
1428380 openat(AT_FDCWD</tmp/kernel-audit2-v3r63b5w/\346\261\202\350\247\243\345\231\250>, "/usr/lib/libbrotlicommon.so.1", O_RDONLY|O_CLOEXEC) = 3</usr/lib/libbrotlicommon.so.1.2.0>
1428380 openat(AT_FDCWD</tmp/kernel-audit2-v3r63b5w/\346\261\202\350\247\243\345\231\250>, "/usr/lib/locale/locale-archive", O_RDONLY|O_CLOEXEC) = 3</usr/lib/locale/locale-archive>
1428380 openat(AT_FDCWD</tmp/kernel-audit2-v3r63b5w/\346\261\202\350\247\243\345\231\250>, "/usr/share/locale/locale.alias", O_RDONLY|O_CLOEXEC) = 3</usr/share/locale/locale.alias>
1428380 openat(AT_FDCWD</tmp/kernel-audit2-v3r63b5w/\346\261\202\350\247\243\345\231\250>, "/usr/lib/locale/C.UTF-8/LC_IDENTIFICATION", O_RDONLY|O_CLOEXEC) = -1 ENOENT (No such file or directory)
1428380 openat(AT_FDCWD</tmp/kernel-audit2-v3r63b5w/\346\261\202\350\247\243\345\231\250>, "/usr/lib/locale/C.utf8/LC_IDENTIFICATION", O_RDONLY|O_CLOEXEC) = 3</usr/lib/locale/C.utf8/LC_IDENTIFICATION>
1428380 openat(AT_FDCWD</tmp/kernel-audit2-v3r63b5w/\346\261\202\350\247\243\345\231\250>, "/usr/lib/gconv/gconv-modules.cache", O_RDONLY|O_CLOEXEC) = 3</usr/lib/gconv/gconv-modules.cache>
1428380 openat(AT_FDCWD</tmp/kernel-audit2-v3r63b5w/\346\261\202\350\247\243\345\231\250>, "/usr/lib/locale/C.UTF-8/LC_MEASUREMENT", O_RDONLY|O_CLOEXEC) = -1 ENOENT (No such file or directory)
1428380 openat(AT_FDCWD</tmp/kernel-audit2-v3r63b5w/\346\261\202\350\247\243\345\231\250>, "/usr/lib/locale/C.utf8/LC_MEASUREMENT", O_RDONLY|O_CLOEXEC) = 3</usr/lib/locale/C.utf8/LC_MEASUREMENT>
1428380 openat(AT_FDCWD</tmp/kernel-audit2-v3r63b5w/\346\261\202\350\247\243\345\231\250>, "/usr/lib/locale/C.UTF-8/LC_TELEPHONE", O_RDONLY|O_CLOEXEC) = -1 ENOENT (No such file or directory)
1428380 openat(AT_FDCWD</tmp/kernel-audit2-v3r63b5w/\346\261\202\350\247\243\345\231\250>, "/usr/lib/locale/C.utf8/LC_TELEPHONE", O_RDONLY|O_CLOEXEC) = 3</usr/lib/locale/C.utf8/LC_TELEPHONE>
1428380 openat(AT_FDCWD</tmp/kernel-audit2-v3r63b5w/\346\261\202\350\247\243\345\231\250>, "/usr/lib/locale/C.UTF-8/LC_ADDRESS", O_RDONLY|O_CLOEXEC) = -1 ENOENT (No such file or directory)
1428380 openat(AT_FDCWD</tmp/kernel-audit2-v3r63b5w/\346\261\202\350\247\243\345\231\250>, "/usr/lib/locale/C.utf8/LC_ADDRESS", O_RDONLY|O_CLOEXEC) = 3</usr/lib/locale/C.utf8/LC_ADDRESS>
1428380 openat(AT_FDCWD</tmp/kernel-audit2-v3r63b5w/\346\261\202\350\247\243\345\231\250>, "/usr/lib/locale/C.UTF-8/LC_NAME", O_RDONLY|O_CLOEXEC) = -1 ENOENT (No such file or directory)
1428380 openat(AT_FDCWD</tmp/kernel-audit2-v3r63b5w/\346\261\202\350\247\243\345\231\250>, "/usr/lib/locale/C.utf8/LC_NAME", O_RDONLY|O_CLOEXEC) = 3</usr/lib/locale/C.utf8/LC_NAME>
1428380 openat(AT_FDCWD</tmp/kernel-audit2-v3r63b5w/\346\261\202\350\247\243\345\231\250>, "/usr/lib/locale/C.UTF-8/LC_PAPER", O_RDONLY|O_CLOEXEC) = -1 ENOENT (No such file or directory)
1428380 openat(AT_FDCWD</tmp/kernel-audit2-v3r63b5w/\346\261\202\350\247\243\345\231\250>, "/usr/lib/locale/C.utf8/LC_PAPER", O_RDONLY|O_CLOEXEC) = 3</usr/lib/locale/C.utf8/LC_PAPER>
1428380 openat(AT_FDCWD</tmp/kernel-audit2-v3r63b5w/\346\261\202\350\247\243\345\231\250>, "/usr/lib/locale/C.UTF-8/LC_MESSAGES", O_RDONLY|O_CLOEXEC) = -1 ENOENT (No such file or directory)
1428380 openat(AT_FDCWD</tmp/kernel-audit2-v3r63b5w/\346\261\202\350\247\243\345\231\250>, "/usr/lib/locale/C.utf8/LC_MESSAGES", O_RDONLY|O_CLOEXEC) = 3</usr/lib/locale/C.utf8/LC_MESSAGES>
1428380 openat(AT_FDCWD</tmp/kernel-audit2-v3r63b5w/\346\261\202\350\247\243\345\231\250>, "/usr/lib/locale/C.utf8/LC_MESSAGES/SYS_LC_MESSAGES", O_RDONLY|O_CLOEXEC) = 3</usr/lib/locale/C.utf8/LC_MESSAGES/SYS_LC_MESSAGES>
1428380 openat(AT_FDCWD</tmp/kernel-audit2-v3r63b5w/\346\261\202\350\247\243\345\231\250>, "/usr/lib/locale/C.UTF-8/LC_MONETARY", O_RDONLY|O_CLOEXEC) = -1 ENOENT (No such file or directory)
1428380 openat(AT_FDCWD</tmp/kernel-audit2-v3r63b5w/\346\261\202\350\247\243\345\231\250>, "/usr/lib/locale/C.utf8/LC_MONETARY", O_RDONLY|O_CLOEXEC) = 3</usr/lib/locale/C.utf8/LC_MONETARY>
1428380 openat(AT_FDCWD</tmp/kernel-audit2-v3r63b5w/\346\261\202\350\247\243\345\231\250>, "/usr/lib/locale/C.UTF-8/LC_COLLATE", O_RDONLY|O_CLOEXEC) = -1 ENOENT (No such file or directory)
1428380 openat(AT_FDCWD</tmp/kernel-audit2-v3r63b5w/\346\261\202\350\247\243\345\231\250>, "/usr/lib/locale/C.utf8/LC_COLLATE", O_RDONLY|O_CLOEXEC) = 3</usr/lib/locale/C.utf8/LC_COLLATE>
1428380 openat(AT_FDCWD</tmp/kernel-audit2-v3r63b5w/\346\261\202\350\247\243\345\231\250>, "/usr/lib/locale/C.UTF-8/LC_TIME", O_RDONLY|O_CLOEXEC) = -1 ENOENT (No such file or directory)
1428380 openat(AT_FDCWD</tmp/kernel-audit2-v3r63b5w/\346\261\202\350\247\243\345\231\250>, "/usr/lib/locale/C.utf8/LC_TIME", O_RDONLY|O_CLOEXEC) = 3</usr/lib/locale/C.utf8/LC_TIME>
1428380 openat(AT_FDCWD</tmp/kernel-audit2-v3r63b5w/\346\261\202\350\247\243\345\231\250>, "/usr/lib/locale/C.UTF-8/LC_NUMERIC", O_RDONLY|O_CLOEXEC) = -1 ENOENT (No such file or directory)
1428380 openat(AT_FDCWD</tmp/kernel-audit2-v3r63b5w/\346\261\202\350\247\243\345\231\250>, "/usr/lib/locale/C.utf8/LC_NUMERIC", O_RDONLY|O_CLOEXEC) = 3</usr/lib/locale/C.utf8/LC_NUMERIC>
1428380 openat(AT_FDCWD</tmp/kernel-audit2-v3r63b5w/\346\261\202\350\247\243\345\231\250>, "/usr/lib/locale/C.UTF-8/LC_CTYPE", O_RDONLY|O_CLOEXEC) = -1 ENOENT (No such file or directory)
1428380 openat(AT_FDCWD</tmp/kernel-audit2-v3r63b5w/\346\261\202\350\247\243\345\231\250>, "/usr/lib/locale/C.utf8/LC_CTYPE", O_RDONLY|O_CLOEXEC) = 3</usr/lib/locale/C.utf8/LC_CTYPE>
1428380 openat(AT_FDCWD</tmp/kernel-audit2-v3r63b5w/\346\261\202\350\247\243\345\231\250>, "/tmp/kernel-audit2-v3r63b5w/\346\261\202\350\247\243\345\231\250/\350\247\204\346\240\274/\345\217\227\351\231\220\346\250\241\345\236\213\345\243\260\346\230\216.md", O_RDONLY) = 3</tmp/kernel-audit2-v3r63b5w/\346\261\202\350\247\243\345\231\250/\350\247\204\346\240\274/\345\217\227\351\231\220\346\250\241\345\236\213\345\243\260\346\230\216.md>
1428364 --- SIGCHLD {si_signo=SIGCHLD, si_code=CLD_EXITED, si_pid=1428380, si_uid=1000, si_status=0, si_utime=0, si_stime=0} ---
1428364 openat(AT_FDCWD</tmp/kernel-audit2-v3r63b5w/\346\261\202\350\247\243\345\231\250>, "/dev/null", O_RDONLY|O_CLOEXEC) = 3</dev/null<char 1:3>>
1428381 execve("/home/zhuran24/.codex/tmp/arg0/codex-arg0DuAZRy/sha256sum", ["sha256sum", "--", "/tmp/kernel-audit2-v3r63b5w/\346\261\202\350\247\243\345\231\250/\350\247\204\346\240\274/\345\217\227\351\231\220\350\275\254\347\247\273\345\256\232\344\271\211.md"], 0x7ffd72465138 /* 135 vars */) = -1 ENOENT (No such file or directory)
1428381 execve("/home/zhuran24/.cargo/bin/sha256sum", ["sha256sum", "--", "/tmp/kernel-audit2-v3r63b5w/\346\261\202\350\247\243\345\231\250/\350\247\204\346\240\274/\345\217\227\351\231\220\350\275\254\347\247\273\345\256\232\344\271\211.md"], 0x7ffd72465138 /* 135 vars */) = -1 ENOENT (No such file or directory)
1428381 execve("/home/zhuran24/.local/bin/sha256sum", ["sha256sum", "--", "/tmp/kernel-audit2-v3r63b5w/\346\261\202\350\247\243\345\231\250/\350\247\204\346\240\274/\345\217\227\351\231\220\350\275\254\347\247\273\345\256\232\344\271\211.md"], 0x7ffd72465138 /* 135 vars */) = -1 ENOENT (No such file or directory)
1428381 execve("/home/zhuran24/.opencode/bin/sha256sum", ["sha256sum", "--", "/tmp/kernel-audit2-v3r63b5w/\346\261\202\350\247\243\345\231\250/\350\247\204\346\240\274/\345\217\227\351\231\220\350\275\254\347\247\273\345\256\232\344\271\211.md"], 0x7ffd72465138 /* 135 vars */) = -1 ENOENT (No such file or directory)
1428381 execve("/usr/local/bin/sha256sum", ["sha256sum", "--", "/tmp/kernel-audit2-v3r63b5w/\346\261\202\350\247\243\345\231\250/\350\247\204\346\240\274/\345\217\227\351\231\220\350\275\254\347\247\273\345\256\232\344\271\211.md"], 0x7ffd72465138 /* 135 vars */) = -1 ENOENT (No such file or directory)
1428381 execve("/usr/bin/sha256sum", ["sha256sum", "--", "/tmp/kernel-audit2-v3r63b5w/\346\261\202\350\247\243\345\231\250/\350\247\204\346\240\274/\345\217\227\351\231\220\350\275\254\347\247\273\345\256\232\344\271\211.md"], 0x7ffd72465138 /* 135 vars */) = 0
1428381 openat(AT_FDCWD</tmp/kernel-audit2-v3r63b5w/\346\261\202\350\247\243\345\231\250>, "/etc/ld.so.cache", O_RDONLY|O_CLOEXEC) = 3</etc/ld.so.cache>
1428381 openat(AT_FDCWD</tmp/kernel-audit2-v3r63b5w/\346\261\202\350\247\243\345\231\250>, "/usr/lib/libcrypto.so.3", O_RDONLY|O_CLOEXEC) = 3</usr/lib/libcrypto.so.3>
1428381 openat(AT_FDCWD</tmp/kernel-audit2-v3r63b5w/\346\261\202\350\247\243\345\231\250>, "/usr/lib/libc.so.6", O_RDONLY|O_CLOEXEC) = 3</usr/lib/libc.so.6>
1428381 openat(AT_FDCWD</tmp/kernel-audit2-v3r63b5w/\346\261\202\350\247\243\345\231\250>, "/usr/lib/libz.so.1", O_RDONLY|O_CLOEXEC) = 3</usr/lib/libz.so.1.3.1.zlib-ng>
1428381 openat(AT_FDCWD</tmp/kernel-audit2-v3r63b5w/\346\261\202\350\247\243\345\231\250>, "/usr/lib/libbrotlienc.so.1", O_RDONLY|O_CLOEXEC) = 3</usr/lib/libbrotlienc.so.1.2.0>
1428381 openat(AT_FDCWD</tmp/kernel-audit2-v3r63b5w/\346\261\202\350\247\243\345\231\250>, "/usr/lib/libbrotlidec.so.1", O_RDONLY|O_CLOEXEC) = 3</usr/lib/libbrotlidec.so.1.2.0>
1428381 openat(AT_FDCWD</tmp/kernel-audit2-v3r63b5w/\346\261\202\350\247\243\345\231\250>, "/usr/lib/libzstd.so.1", O_RDONLY|O_CLOEXEC) = 3</usr/lib/libzstd.so.1.5.7>
1428381 openat(AT_FDCWD</tmp/kernel-audit2-v3r63b5w/\346\261\202\350\247\243\345\231\250>, "/usr/lib/libm.so.6", O_RDONLY|O_CLOEXEC) = 3</usr/lib/libm.so.6>
1428381 openat(AT_FDCWD</tmp/kernel-audit2-v3r63b5w/\346\261\202\350\247\243\345\231\250>, "/usr/lib/libbrotlicommon.so.1", O_RDONLY|O_CLOEXEC) = 3</usr/lib/libbrotlicommon.so.1.2.0>
1428381 openat(AT_FDCWD</tmp/kernel-audit2-v3r63b5w/\346\261\202\350\247\243\345\231\250>, "/usr/lib/locale/locale-archive", O_RDONLY|O_CLOEXEC) = 3</usr/lib/locale/locale-archive>
1428381 openat(AT_FDCWD</tmp/kernel-audit2-v3r63b5w/\346\261\202\350\247\243\345\231\250>, "/usr/share/locale/locale.alias", O_RDONLY|O_CLOEXEC) = 3</usr/share/locale/locale.alias>
1428381 openat(AT_FDCWD</tmp/kernel-audit2-v3r63b5w/\346\261\202\350\247\243\345\231\250>, "/usr/lib/locale/C.UTF-8/LC_IDENTIFICATION", O_RDONLY|O_CLOEXEC) = -1 ENOENT (No such file or directory)
1428381 openat(AT_FDCWD</tmp/kernel-audit2-v3r63b5w/\346\261\202\350\247\243\345\231\250>, "/usr/lib/locale/C.utf8/LC_IDENTIFICATION", O_RDONLY|O_CLOEXEC) = 3</usr/lib/locale/C.utf8/LC_IDENTIFICATION>
1428381 openat(AT_FDCWD</tmp/kernel-audit2-v3r63b5w/\346\261\202\350\247\243\345\231\250>, "/usr/lib/gconv/gconv-modules.cache", O_RDONLY|O_CLOEXEC) = 3</usr/lib/gconv/gconv-modules.cache>
1428381 openat(AT_FDCWD</tmp/kernel-audit2-v3r63b5w/\346\261\202\350\247\243\345\231\250>, "/usr/lib/locale/C.UTF-8/LC_MEASUREMENT", O_RDONLY|O_CLOEXEC) = -1 ENOENT (No such file or directory)
1428381 openat(AT_FDCWD</tmp/kernel-audit2-v3r63b5w/\346\261\202\350\247\243\345\231\250>, "/usr/lib/locale/C.utf8/LC_MEASUREMENT", O_RDONLY|O_CLOEXEC) = 3</usr/lib/locale/C.utf8/LC_MEASUREMENT>
1428381 openat(AT_FDCWD</tmp/kernel-audit2-v3r63b5w/\346\261\202\350\247\243\345\231\250>, "/usr/lib/locale/C.UTF-8/LC_TELEPHONE", O_RDONLY|O_CLOEXEC) = -1 ENOENT (No such file or directory)
1428381 openat(AT_FDCWD</tmp/kernel-audit2-v3r63b5w/\346\261\202\350\247\243\345\231\250>, "/usr/lib/locale/C.utf8/LC_TELEPHONE", O_RDONLY|O_CLOEXEC) = 3</usr/lib/locale/C.utf8/LC_TELEPHONE>
1428381 openat(AT_FDCWD</tmp/kernel-audit2-v3r63b5w/\346\261\202\350\247\243\345\231\250>, "/usr/lib/locale/C.UTF-8/LC_ADDRESS", O_RDONLY|O_CLOEXEC) = -1 ENOENT (No such file or directory)
1428381 openat(AT_FDCWD</tmp/kernel-audit2-v3r63b5w/\346\261\202\350\247\243\345\231\250>, "/usr/lib/locale/C.utf8/LC_ADDRESS", O_RDONLY|O_CLOEXEC) = 3</usr/lib/locale/C.utf8/LC_ADDRESS>
1428381 openat(AT_FDCWD</tmp/kernel-audit2-v3r63b5w/\346\261\202\350\247\243\345\231\250>, "/usr/lib/locale/C.UTF-8/LC_NAME", O_RDONLY|O_CLOEXEC) = -1 ENOENT (No such file or directory)
1428381 openat(AT_FDCWD</tmp/kernel-audit2-v3r63b5w/\346\261\202\350\247\243\345\231\250>, "/usr/lib/locale/C.utf8/LC_NAME", O_RDONLY|O_CLOEXEC) = 3</usr/lib/locale/C.utf8/LC_NAME>
1428381 openat(AT_FDCWD</tmp/kernel-audit2-v3r63b5w/\346\261\202\350\247\243\345\231\250>, "/usr/lib/locale/C.UTF-8/LC_PAPER", O_RDONLY|O_CLOEXEC) = -1 ENOENT (No such file or directory)
1428381 openat(AT_FDCWD</tmp/kernel-audit2-v3r63b5w/\346\261\202\350\247\243\345\231\250>, "/usr/lib/locale/C.utf8/LC_PAPER", O_RDONLY|O_CLOEXEC) = 3</usr/lib/locale/C.utf8/LC_PAPER>
1428381 openat(AT_FDCWD</tmp/kernel-audit2-v3r63b5w/\346\261\202\350\247\243\345\231\250>, "/usr/lib/locale/C.UTF-8/LC_MESSAGES", O_RDONLY|O_CLOEXEC) = -1 ENOENT (No such file or directory)
1428381 openat(AT_FDCWD</tmp/kernel-audit2-v3r63b5w/\346\261\202\350\247\243\345\231\250>, "/usr/lib/locale/C.utf8/LC_MESSAGES", O_RDONLY|O_CLOEXEC) = 3</usr/lib/locale/C.utf8/LC_MESSAGES>
1428381 openat(AT_FDCWD</tmp/kernel-audit2-v3r63b5w/\346\261\202\350\247\243\345\231\250>, "/usr/lib/locale/C.utf8/LC_MESSAGES/SYS_LC_MESSAGES", O_RDONLY|O_CLOEXEC) = 3</usr/lib/locale/C.utf8/LC_MESSAGES/SYS_LC_MESSAGES>
1428381 openat(AT_FDCWD</tmp/kernel-audit2-v3r63b5w/\346\261\202\350\247\243\345\231\250>, "/usr/lib/locale/C.UTF-8/LC_MONETARY", O_RDONLY|O_CLOEXEC) = -1 ENOENT (No such file or directory)
1428381 openat(AT_FDCWD</tmp/kernel-audit2-v3r63b5w/\346\261\202\350\247\243\345\231\250>, "/usr/lib/locale/C.utf8/LC_MONETARY", O_RDONLY|O_CLOEXEC) = 3</usr/lib/locale/C.utf8/LC_MONETARY>
1428381 openat(AT_FDCWD</tmp/kernel-audit2-v3r63b5w/\346\261\202\350\247\243\345\231\250>, "/usr/lib/locale/C.UTF-8/LC_COLLATE", O_RDONLY|O_CLOEXEC) = -1 ENOENT (No such file or directory)
1428381 openat(AT_FDCWD</tmp/kernel-audit2-v3r63b5w/\346\261\202\350\247\243\345\231\250>, "/usr/lib/locale/C.utf8/LC_COLLATE", O_RDONLY|O_CLOEXEC) = 3</usr/lib/locale/C.utf8/LC_COLLATE>
1428381 openat(AT_FDCWD</tmp/kernel-audit2-v3r63b5w/\346\261\202\350\247\243\345\231\250>, "/usr/lib/locale/C.UTF-8/LC_TIME", O_RDONLY|O_CLOEXEC) = -1 ENOENT (No such file or directory)
1428381 openat(AT_FDCWD</tmp/kernel-audit2-v3r63b5w/\346\261\202\350\247\243\345\231\250>, "/usr/lib/locale/C.utf8/LC_TIME", O_RDONLY|O_CLOEXEC) = 3</usr/lib/locale/C.utf8/LC_TIME>
1428381 openat(AT_FDCWD</tmp/kernel-audit2-v3r63b5w/\346\261\202\350\247\243\345\231\250>, "/usr/lib/locale/C.UTF-8/LC_NUMERIC", O_RDONLY|O_CLOEXEC) = -1 ENOENT (No such file or directory)
1428381 openat(AT_FDCWD</tmp/kernel-audit2-v3r63b5w/\346\261\202\350\247\243\345\231\250>, "/usr/lib/locale/C.utf8/LC_NUMERIC", O_RDONLY|O_CLOEXEC) = 3</usr/lib/locale/C.utf8/LC_NUMERIC>
1428381 openat(AT_FDCWD</tmp/kernel-audit2-v3r63b5w/\346\261\202\350\247\243\345\231\250>, "/usr/lib/locale/C.UTF-8/LC_CTYPE", O_RDONLY|O_CLOEXEC) = -1 ENOENT (No such file or directory)
1428381 openat(AT_FDCWD</tmp/kernel-audit2-v3r63b5w/\346\261\202\350\247\243\345\231\250>, "/usr/lib/locale/C.utf8/LC_CTYPE", O_RDONLY|O_CLOEXEC) = 3</usr/lib/locale/C.utf8/LC_CTYPE>
1428381 openat(AT_FDCWD</tmp/kernel-audit2-v3r63b5w/\346\261\202\350\247\243\345\231\250>, "/tmp/kernel-audit2-v3r63b5w/\346\261\202\350\247\243\345\231\250/\350\247\204\346\240\274/\345\217\227\351\231\220\350\275\254\347\247\273\345\256\232\344\271\211.md", O_RDONLY) = 3</tmp/kernel-audit2-v3r63b5w/\346\261\202\350\247\243\345\231\250/\350\247\204\346\240\274/\345\217\227\351\231\220\350\275\254\347\247\273\345\256\232\344\271\211.md>
1428364 --- SIGCHLD {si_signo=SIGCHLD, si_code=CLD_EXITED, si_pid=1428381, si_uid=1000, si_status=0, si_utime=0, si_stime=0} ---
1428364 openat(AT_FDCWD</tmp/kernel-audit2-v3r63b5w/\346\261\202\350\247\243\345\231\250>, "/dev/null", O_RDONLY|O_CLOEXEC) = 3</dev/null<char 1:3>>
1428382 execve("/home/zhuran24/.codex/tmp/arg0/codex-arg0DuAZRy/sha256sum", ["sha256sum", "--", "/tmp/kernel-audit2-v3r63b5w/\346\261\202\350\247\243\345\231\250/\350\247\204\346\240\274/\350\277\220\350\241\214\350\257\255\344\271\211.md"], 0x7ffd72465138 /* 135 vars */) = -1 ENOENT (No such file or directory)
1428382 execve("/home/zhuran24/.cargo/bin/sha256sum", ["sha256sum", "--", "/tmp/kernel-audit2-v3r63b5w/\346\261\202\350\247\243\345\231\250/\350\247\204\346\240\274/\350\277\220\350\241\214\350\257\255\344\271\211.md"], 0x7ffd72465138 /* 135 vars */) = -1 ENOENT (No such file or directory)
1428382 execve("/home/zhuran24/.local/bin/sha256sum", ["sha256sum", "--", "/tmp/kernel-audit2-v3r63b5w/\346\261\202\350\247\243\345\231\250/\350\247\204\346\240\274/\350\277\220\350\241\214\350\257\255\344\271\211.md"], 0x7ffd72465138 /* 135 vars */) = -1 ENOENT (No such file or directory)
1428382 execve("/home/zhuran24/.opencode/bin/sha256sum", ["sha256sum", "--", "/tmp/kernel-audit2-v3r63b5w/\346\261\202\350\247\243\345\231\250/\350\247\204\346\240\274/\350\277\220\350\241\214\350\257\255\344\271\211.md"], 0x7ffd72465138 /* 135 vars */) = -1 ENOENT (No such file or directory)
1428382 execve("/usr/local/bin/sha256sum", ["sha256sum", "--", "/tmp/kernel-audit2-v3r63b5w/\346\261\202\350\247\243\345\231\250/\350\247\204\346\240\274/\350\277\220\350\241\214\350\257\255\344\271\211.md"], 0x7ffd72465138 /* 135 vars */) = -1 ENOENT (No such file or directory)
1428382 execve("/usr/bin/sha256sum", ["sha256sum", "--", "/tmp/kernel-audit2-v3r63b5w/\346\261\202\350\247\243\345\231\250/\350\247\204\346\240\274/\350\277\220\350\241\214\350\257\255\344\271\211.md"], 0x7ffd72465138 /* 135 vars */) = 0
1428382 openat(AT_FDCWD</tmp/kernel-audit2-v3r63b5w/\346\261\202\350\247\243\345\231\250>, "/etc/ld.so.cache", O_RDONLY|O_CLOEXEC) = 3</etc/ld.so.cache>
1428382 openat(AT_FDCWD</tmp/kernel-audit2-v3r63b5w/\346\261\202\350\247\243\345\231\250>, "/usr/lib/libcrypto.so.3", O_RDONLY|O_CLOEXEC) = 3</usr/lib/libcrypto.so.3>
1428382 openat(AT_FDCWD</tmp/kernel-audit2-v3r63b5w/\346\261\202\350\247\243\345\231\250>, "/usr/lib/libc.so.6", O_RDONLY|O_CLOEXEC) = 3</usr/lib/libc.so.6>
1428382 openat(AT_FDCWD</tmp/kernel-audit2-v3r63b5w/\346\261\202\350\247\243\345\231\250>, "/usr/lib/libz.so.1", O_RDONLY|O_CLOEXEC) = 3</usr/lib/libz.so.1.3.1.zlib-ng>
1428382 openat(AT_FDCWD</tmp/kernel-audit2-v3r63b5w/\346\261\202\350\247\243\345\231\250>, "/usr/lib/libbrotlienc.so.1", O_RDONLY|O_CLOEXEC) = 3</usr/lib/libbrotlienc.so.1.2.0>
1428382 openat(AT_FDCWD</tmp/kernel-audit2-v3r63b5w/\346\261\202\350\247\243\345\231\250>, "/usr/lib/libbrotlidec.so.1", O_RDONLY|O_CLOEXEC) = 3</usr/lib/libbrotlidec.so.1.2.0>
1428382 openat(AT_FDCWD</tmp/kernel-audit2-v3r63b5w/\346\261\202\350\247\243\345\231\250>, "/usr/lib/libzstd.so.1", O_RDONLY|O_CLOEXEC) = 3</usr/lib/libzstd.so.1.5.7>
1428382 openat(AT_FDCWD</tmp/kernel-audit2-v3r63b5w/\346\261\202\350\247\243\345\231\250>, "/usr/lib/libm.so.6", O_RDONLY|O_CLOEXEC) = 3</usr/lib/libm.so.6>
1428382 openat(AT_FDCWD</tmp/kernel-audit2-v3r63b5w/\346\261\202\350\247\243\345\231\250>, "/usr/lib/libbrotlicommon.so.1", O_RDONLY|O_CLOEXEC) = 3</usr/lib/libbrotlicommon.so.1.2.0>
1428382 openat(AT_FDCWD</tmp/kernel-audit2-v3r63b5w/\346\261\202\350\247\243\345\231\250>, "/usr/lib/locale/locale-archive", O_RDONLY|O_CLOEXEC) = 3</usr/lib/locale/locale-archive>
1428382 openat(AT_FDCWD</tmp/kernel-audit2-v3r63b5w/\346\261\202\350\247\243\345\231\250>, "/usr/share/locale/locale.alias", O_RDONLY|O_CLOEXEC) = 3</usr/share/locale/locale.alias>
1428382 openat(AT_FDCWD</tmp/kernel-audit2-v3r63b5w/\346\261\202\350\247\243\345\231\250>, "/usr/lib/locale/C.UTF-8/LC_IDENTIFICATION", O_RDONLY|O_CLOEXEC) = -1 ENOENT (No such file or directory)
1428382 openat(AT_FDCWD</tmp/kernel-audit2-v3r63b5w/\346\261\202\350\247\243\345\231\250>, "/usr/lib/locale/C.utf8/LC_IDENTIFICATION", O_RDONLY|O_CLOEXEC) = 3</usr/lib/locale/C.utf8/LC_IDENTIFICATION>
1428382 openat(AT_FDCWD</tmp/kernel-audit2-v3r63b5w/\346\261\202\350\247\243\345\231\250>, "/usr/lib/gconv/gconv-modules.cache", O_RDONLY|O_CLOEXEC) = 3</usr/lib/gconv/gconv-modules.cache>
1428382 openat(AT_FDCWD</tmp/kernel-audit2-v3r63b5w/\346\261\202\350\247\243\345\231\250>, "/usr/lib/locale/C.UTF-8/LC_MEASUREMENT", O_RDONLY|O_CLOEXEC) = -1 ENOENT (No such file or directory)
1428382 openat(AT_FDCWD</tmp/kernel-audit2-v3r63b5w/\346\261\202\350\247\243\345\231\250>, "/usr/lib/locale/C.utf8/LC_MEASUREMENT", O_RDONLY|O_CLOEXEC) = 3</usr/lib/locale/C.utf8/LC_MEASUREMENT>
1428382 openat(AT_FDCWD</tmp/kernel-audit2-v3r63b5w/\346\261\202\350\247\243\345\231\250>, "/usr/lib/locale/C.UTF-8/LC_TELEPHONE", O_RDONLY|O_CLOEXEC) = -1 ENOENT (No such file or directory)
1428382 openat(AT_FDCWD</tmp/kernel-audit2-v3r63b5w/\346\261\202\350\247\243\345\231\250>, "/usr/lib/locale/C.utf8/LC_TELEPHONE", O_RDONLY|O_CLOEXEC) = 3</usr/lib/locale/C.utf8/LC_TELEPHONE>
1428382 openat(AT_FDCWD</tmp/kernel-audit2-v3r63b5w/\346\261\202\350\247\243\345\231\250>, "/usr/lib/locale/C.UTF-8/LC_ADDRESS", O_RDONLY|O_CLOEXEC) = -1 ENOENT (No such file or directory)
1428382 openat(AT_FDCWD</tmp/kernel-audit2-v3r63b5w/\346\261\202\350\247\243\345\231\250>, "/usr/lib/locale/C.utf8/LC_ADDRESS", O_RDONLY|O_CLOEXEC) = 3</usr/lib/locale/C.utf8/LC_ADDRESS>
1428382 openat(AT_FDCWD</tmp/kernel-audit2-v3r63b5w/\346\261\202\350\247\243\345\231\250>, "/usr/lib/locale/C.UTF-8/LC_NAME", O_RDONLY|O_CLOEXEC) = -1 ENOENT (No such file or directory)
1428382 openat(AT_FDCWD</tmp/kernel-audit2-v3r63b5w/\346\261\202\350\247\243\345\231\250>, "/usr/lib/locale/C.utf8/LC_NAME", O_RDONLY|O_CLOEXEC) = 3</usr/lib/locale/C.utf8/LC_NAME>
1428382 openat(AT_FDCWD</tmp/kernel-audit2-v3r63b5w/\346\261\202\350\247\243\345\231\250>, "/usr/lib/locale/C.UTF-8/LC_PAPER", O_RDONLY|O_CLOEXEC) = -1 ENOENT (No such file or directory)
1428382 openat(AT_FDCWD</tmp/kernel-audit2-v3r63b5w/\346\261\202\350\247\243\345\231\250>, "/usr/lib/locale/C.utf8/LC_PAPER", O_RDONLY|O_CLOEXEC) = 3</usr/lib/locale/C.utf8/LC_PAPER>
1428382 openat(AT_FDCWD</tmp/kernel-audit2-v3r63b5w/\346\261\202\350\247\243\345\231\250>, "/usr/lib/locale/C.UTF-8/LC_MESSAGES", O_RDONLY|O_CLOEXEC) = -1 ENOENT (No such file or directory)
1428382 openat(AT_FDCWD</tmp/kernel-audit2-v3r63b5w/\346\261\202\350\247\243\345\231\250>, "/usr/lib/locale/C.utf8/LC_MESSAGES", O_RDONLY|O_CLOEXEC) = 3</usr/lib/locale/C.utf8/LC_MESSAGES>
1428382 openat(AT_FDCWD</tmp/kernel-audit2-v3r63b5w/\346\261\202\350\247\243\345\231\250>, "/usr/lib/locale/C.utf8/LC_MESSAGES/SYS_LC_MESSAGES", O_RDONLY|O_CLOEXEC) = 3</usr/lib/locale/C.utf8/LC_MESSAGES/SYS_LC_MESSAGES>
1428382 openat(AT_FDCWD</tmp/kernel-audit2-v3r63b5w/\346\261\202\350\247\243\345\231\250>, "/usr/lib/locale/C.UTF-8/LC_MONETARY", O_RDONLY|O_CLOEXEC) = -1 ENOENT (No such file or directory)
1428382 openat(AT_FDCWD</tmp/kernel-audit2-v3r63b5w/\346\261\202\350\247\243\345\231\250>, "/usr/lib/locale/C.utf8/LC_MONETARY", O_RDONLY|O_CLOEXEC) = 3</usr/lib/locale/C.utf8/LC_MONETARY>
1428382 openat(AT_FDCWD</tmp/kernel-audit2-v3r63b5w/\346\261\202\350\247\243\345\231\250>, "/usr/lib/locale/C.UTF-8/LC_COLLATE", O_RDONLY|O_CLOEXEC) = -1 ENOENT (No such file or directory)
1428382 openat(AT_FDCWD</tmp/kernel-audit2-v3r63b5w/\346\261\202\350\247\243\345\231\250>, "/usr/lib/locale/C.utf8/LC_COLLATE", O_RDONLY|O_CLOEXEC) = 3</usr/lib/locale/C.utf8/LC_COLLATE>
1428382 openat(AT_FDCWD</tmp/kernel-audit2-v3r63b5w/\346\261\202\350\247\243\345\231\250>, "/usr/lib/locale/C.UTF-8/LC_TIME", O_RDONLY|O_CLOEXEC) = -1 ENOENT (No such file or directory)
1428382 openat(AT_FDCWD</tmp/kernel-audit2-v3r63b5w/\346\261\202\350\247\243\345\231\250>, "/usr/lib/locale/C.utf8/LC_TIME", O_RDONLY|O_CLOEXEC) = 3</usr/lib/locale/C.utf8/LC_TIME>
1428382 openat(AT_FDCWD</tmp/kernel-audit2-v3r63b5w/\346\261\202\350\247\243\345\231\250>, "/usr/lib/locale/C.UTF-8/LC_NUMERIC", O_RDONLY|O_CLOEXEC) = -1 ENOENT (No such file or directory)
1428382 openat(AT_FDCWD</tmp/kernel-audit2-v3r63b5w/\346\261\202\350\247\243\345\231\250>, "/usr/lib/locale/C.utf8/LC_NUMERIC", O_RDONLY|O_CLOEXEC) = 3</usr/lib/locale/C.utf8/LC_NUMERIC>
1428382 openat(AT_FDCWD</tmp/kernel-audit2-v3r63b5w/\346\261\202\350\247\243\345\231\250>, "/usr/lib/locale/C.UTF-8/LC_CTYPE", O_RDONLY|O_CLOEXEC) = -1 ENOENT (No such file or directory)
1428382 openat(AT_FDCWD</tmp/kernel-audit2-v3r63b5w/\346\261\202\350\247\243\345\231\250>, "/usr/lib/locale/C.utf8/LC_CTYPE", O_RDONLY|O_CLOEXEC) = 3</usr/lib/locale/C.utf8/LC_CTYPE>
1428382 openat(AT_FDCWD</tmp/kernel-audit2-v3r63b5w/\346\261\202\350\247\243\345\231\250>, "/tmp/kernel-audit2-v3r63b5w/\346\261\202\350\247\243\345\231\250/\350\247\204\346\240\274/\350\277\220\350\241\214\350\257\255\344\271\211.md", O_RDONLY) = 3</tmp/kernel-audit2-v3r63b5w/\346\261\202\350\247\243\345\231\250/\350\247\204\346\240\274/\350\277\220\350\241\214\350\257\255\344\271\211.md>
1428364 --- SIGCHLD {si_signo=SIGCHLD, si_code=CLD_EXITED, si_pid=1428382, si_uid=1000, si_status=0, si_utime=0, si_stime=0} ---
1428364 openat(AT_FDCWD</tmp/kernel-audit2-v3r63b5w/\346\261\202\350\247\243\345\231\250>, "/dev/null", O_RDONLY|O_CLOEXEC) = 3</dev/null<char 1:3>>
1428383 execve("/home/zhuran24/.codex/tmp/arg0/codex-arg0DuAZRy/sha256sum", ["sha256sum", "--", "/tmp/kernel-audit2-v3r63b5w/\346\261\202\350\247\243\345\231\250/\350\247\204\346\240\274/\345\206\205\346\240\270\350\276\223\345\205\245.md"], 0x7ffd72465138 /* 135 vars */) = -1 ENOENT (No such file or directory)
1428383 execve("/home/zhuran24/.cargo/bin/sha256sum", ["sha256sum", "--", "/tmp/kernel-audit2-v3r63b5w/\346\261\202\350\247\243\345\231\250/\350\247\204\346\240\274/\345\206\205\346\240\270\350\276\223\345\205\245.md"], 0x7ffd72465138 /* 135 vars */) = -1 ENOENT (No such file or directory)
1428383 execve("/home/zhuran24/.local/bin/sha256sum", ["sha256sum", "--", "/tmp/kernel-audit2-v3r63b5w/\346\261\202\350\247\243\345\231\250/\350\247\204\346\240\274/\345\206\205\346\240\270\350\276\223\345\205\245.md"], 0x7ffd72465138 /* 135 vars */) = -1 ENOENT (No such file or directory)
1428383 execve("/home/zhuran24/.opencode/bin/sha256sum", ["sha256sum", "--", "/tmp/kernel-audit2-v3r63b5w/\346\261\202\350\247\243\345\231\250/\350\247\204\346\240\274/\345\206\205\346\240\270\350\276\223\345\205\245.md"], 0x7ffd72465138 /* 135 vars */) = -1 ENOENT (No such file or directory)
1428383 execve("/usr/local/bin/sha256sum", ["sha256sum", "--", "/tmp/kernel-audit2-v3r63b5w/\346\261\202\350\247\243\345\231\250/\350\247\204\346\240\274/\345\206\205\346\240\270\350\276\223\345\205\245.md"], 0x7ffd72465138 /* 135 vars */) = -1 ENOENT (No such file or directory)
1428383 execve("/usr/bin/sha256sum", ["sha256sum", "--", "/tmp/kernel-audit2-v3r63b5w/\346\261\202\350\247\243\345\231\250/\350\247\204\346\240\274/\345\206\205\346\240\270\350\276\223\345\205\245.md"], 0x7ffd72465138 /* 135 vars */) = 0
1428383 openat(AT_FDCWD</tmp/kernel-audit2-v3r63b5w/\346\261\202\350\247\243\345\231\250>, "/etc/ld.so.cache", O_RDONLY|O_CLOEXEC) = 3</etc/ld.so.cache>
1428383 openat(AT_FDCWD</tmp/kernel-audit2-v3r63b5w/\346\261\202\350\247\243\345\231\250>, "/usr/lib/libcrypto.so.3", O_RDONLY|O_CLOEXEC) = 3</usr/lib/libcrypto.so.3>
1428383 openat(AT_FDCWD</tmp/kernel-audit2-v3r63b5w/\346\261\202\350\247\243\345\231\250>, "/usr/lib/libc.so.6", O_RDONLY|O_CLOEXEC) = 3</usr/lib/libc.so.6>
1428383 openat(AT_FDCWD</tmp/kernel-audit2-v3r63b5w/\346\261\202\350\247\243\345\231\250>, "/usr/lib/libz.so.1", O_RDONLY|O_CLOEXEC) = 3</usr/lib/libz.so.1.3.1.zlib-ng>
1428383 openat(AT_FDCWD</tmp/kernel-audit2-v3r63b5w/\346\261\202\350\247\243\345\231\250>, "/usr/lib/libbrotlienc.so.1", O_RDONLY|O_CLOEXEC) = 3</usr/lib/libbrotlienc.so.1.2.0>
1428383 openat(AT_FDCWD</tmp/kernel-audit2-v3r63b5w/\346\261\202\350\247\243\345\231\250>, "/usr/lib/libbrotlidec.so.1", O_RDONLY|O_CLOEXEC) = 3</usr/lib/libbrotlidec.so.1.2.0>
1428383 openat(AT_FDCWD</tmp/kernel-audit2-v3r63b5w/\346\261\202\350\247\243\345\231\250>, "/usr/lib/libzstd.so.1", O_RDONLY|O_CLOEXEC) = 3</usr/lib/libzstd.so.1.5.7>
1428383 openat(AT_FDCWD</tmp/kernel-audit2-v3r63b5w/\346\261\202\350\247\243\345\231\250>, "/usr/lib/libm.so.6", O_RDONLY|O_CLOEXEC) = 3</usr/lib/libm.so.6>
1428383 openat(AT_FDCWD</tmp/kernel-audit2-v3r63b5w/\346\261\202\350\247\243\345\231\250>, "/usr/lib/libbrotlicommon.so.1", O_RDONLY|O_CLOEXEC) = 3</usr/lib/libbrotlicommon.so.1.2.0>
1428383 openat(AT_FDCWD</tmp/kernel-audit2-v3r63b5w/\346\261\202\350\247\243\345\231\250>, "/usr/lib/locale/locale-archive", O_RDONLY|O_CLOEXEC) = 3</usr/lib/locale/locale-archive>
1428383 openat(AT_FDCWD</tmp/kernel-audit2-v3r63b5w/\346\261\202\350\247\243\345\231\250>, "/usr/share/locale/locale.alias", O_RDONLY|O_CLOEXEC) = 3</usr/share/locale/locale.alias>
1428383 openat(AT_FDCWD</tmp/kernel-audit2-v3r63b5w/\346\261\202\350\247\243\345\231\250>, "/usr/lib/locale/C.UTF-8/LC_IDENTIFICATION", O_RDONLY|O_CLOEXEC) = -1 ENOENT (No such file or directory)
1428383 openat(AT_FDCWD</tmp/kernel-audit2-v3r63b5w/\346\261\202\350\247\243\345\231\250>, "/usr/lib/locale/C.utf8/LC_IDENTIFICATION", O_RDONLY|O_CLOEXEC) = 3</usr/lib/locale/C.utf8/LC_IDENTIFICATION>
1428383 openat(AT_FDCWD</tmp/kernel-audit2-v3r63b5w/\346\261\202\350\247\243\345\231\250>, "/usr/lib/gconv/gconv-modules.cache", O_RDONLY|O_CLOEXEC) = 3</usr/lib/gconv/gconv-modules.cache>
1428383 openat(AT_FDCWD</tmp/kernel-audit2-v3r63b5w/\346\261\202\350\247\243\345\231\250>, "/usr/lib/locale/C.UTF-8/LC_MEASUREMENT", O_RDONLY|O_CLOEXEC) = -1 ENOENT (No such file or directory)
1428383 openat(AT_FDCWD</tmp/kernel-audit2-v3r63b5w/\346\261\202\350\247\243\345\231\250>, "/usr/lib/locale/C.utf8/LC_MEASUREMENT", O_RDONLY|O_CLOEXEC) = 3</usr/lib/locale/C.utf8/LC_MEASUREMENT>
1428383 openat(AT_FDCWD</tmp/kernel-audit2-v3r63b5w/\346\261\202\350\247\243\345\231\250>, "/usr/lib/locale/C.UTF-8/LC_TELEPHONE", O_RDONLY|O_CLOEXEC) = -1 ENOENT (No such file or directory)
1428383 openat(AT_FDCWD</tmp/kernel-audit2-v3r63b5w/\346\261\202\350\247\243\345\231\250>, "/usr/lib/locale/C.utf8/LC_TELEPHONE", O_RDONLY|O_CLOEXEC) = 3</usr/lib/locale/C.utf8/LC_TELEPHONE>
1428383 openat(AT_FDCWD</tmp/kernel-audit2-v3r63b5w/\346\261\202\350\247\243\345\231\250>, "/usr/lib/locale/C.UTF-8/LC_ADDRESS", O_RDONLY|O_CLOEXEC) = -1 ENOENT (No such file or directory)
1428383 openat(AT_FDCWD</tmp/kernel-audit2-v3r63b5w/\346\261\202\350\247\243\345\231\250>, "/usr/lib/locale/C.utf8/LC_ADDRESS", O_RDONLY|O_CLOEXEC) = 3</usr/lib/locale/C.utf8/LC_ADDRESS>
1428383 openat(AT_FDCWD</tmp/kernel-audit2-v3r63b5w/\346\261\202\350\247\243\345\231\250>, "/usr/lib/locale/C.UTF-8/LC_NAME", O_RDONLY|O_CLOEXEC) = -1 ENOENT (No such file or directory)
1428383 openat(AT_FDCWD</tmp/kernel-audit2-v3r63b5w/\346\261\202\350\247\243\345\231\250>, "/usr/lib/locale/C.utf8/LC_NAME", O_RDONLY|O_CLOEXEC) = 3</usr/lib/locale/C.utf8/LC_NAME>
1428383 openat(AT_FDCWD</tmp/kernel-audit2-v3r63b5w/\346\261\202\350\247\243\345\231\250>, "/usr/lib/locale/C.UTF-8/LC_PAPER", O_RDONLY|O_CLOEXEC) = -1 ENOENT (No such file or directory)
1428383 openat(AT_FDCWD</tmp/kernel-audit2-v3r63b5w/\346\261\202\350\247\243\345\231\250>, "/usr/lib/locale/C.utf8/LC_PAPER", O_RDONLY|O_CLOEXEC) = 3</usr/lib/locale/C.utf8/LC_PAPER>
1428383 openat(AT_FDCWD</tmp/kernel-audit2-v3r63b5w/\346\261\202\350\247\243\345\231\250>, "/usr/lib/locale/C.UTF-8/LC_MESSAGES", O_RDONLY|O_CLOEXEC) = -1 ENOENT (No such file or directory)
1428383 openat(AT_FDCWD</tmp/kernel-audit2-v3r63b5w/\346\261\202\350\247\243\345\231\250>, "/usr/lib/locale/C.utf8/LC_MESSAGES", O_RDONLY|O_CLOEXEC) = 3</usr/lib/locale/C.utf8/LC_MESSAGES>
1428383 openat(AT_FDCWD</tmp/kernel-audit2-v3r63b5w/\346\261\202\350\247\243\345\231\250>, "/usr/lib/locale/C.utf8/LC_MESSAGES/SYS_LC_MESSAGES", O_RDONLY|O_CLOEXEC) = 3</usr/lib/locale/C.utf8/LC_MESSAGES/SYS_LC_MESSAGES>
1428383 openat(AT_FDCWD</tmp/kernel-audit2-v3r63b5w/\346\261\202\350\247\243\345\231\250>, "/usr/lib/locale/C.UTF-8/LC_MONETARY", O_RDONLY|O_CLOEXEC) = -1 ENOENT (No such file or directory)
1428383 openat(AT_FDCWD</tmp/kernel-audit2-v3r63b5w/\346\261\202\350\247\243\345\231\250>, "/usr/lib/locale/C.utf8/LC_MONETARY", O_RDONLY|O_CLOEXEC) = 3</usr/lib/locale/C.utf8/LC_MONETARY>
1428383 openat(AT_FDCWD</tmp/kernel-audit2-v3r63b5w/\346\261\202\350\247\243\345\231\250>, "/usr/lib/locale/C.UTF-8/LC_COLLATE", O_RDONLY|O_CLOEXEC) = -1 ENOENT (No such file or directory)
1428383 openat(AT_FDCWD</tmp/kernel-audit2-v3r63b5w/\346\261\202\350\247\243\345\231\250>, "/usr/lib/locale/C.utf8/LC_COLLATE", O_RDONLY|O_CLOEXEC) = 3</usr/lib/locale/C.utf8/LC_COLLATE>
1428383 openat(AT_FDCWD</tmp/kernel-audit2-v3r63b5w/\346\261\202\350\247\243\345\231\250>, "/usr/lib/locale/C.UTF-8/LC_TIME", O_RDONLY|O_CLOEXEC) = -1 ENOENT (No such file or directory)
1428383 openat(AT_FDCWD</tmp/kernel-audit2-v3r63b5w/\346\261\202\350\247\243\345\231\250>, "/usr/lib/locale/C.utf8/LC_TIME", O_RDONLY|O_CLOEXEC) = 3</usr/lib/locale/C.utf8/LC_TIME>
1428383 openat(AT_FDCWD</tmp/kernel-audit2-v3r63b5w/\346\261\202\350\247\243\345\231\250>, "/usr/lib/locale/C.UTF-8/LC_NUMERIC", O_RDONLY|O_CLOEXEC) = -1 ENOENT (No such file or directory)
1428383 openat(AT_FDCWD</tmp/kernel-audit2-v3r63b5w/\346\261\202\350\247\243\345\231\250>, "/usr/lib/locale/C.utf8/LC_NUMERIC", O_RDONLY|O_CLOEXEC) = 3</usr/lib/locale/C.utf8/LC_NUMERIC>
1428383 openat(AT_FDCWD</tmp/kernel-audit2-v3r63b5w/\346\261\202\350\247\243\345\231\250>, "/usr/lib/locale/C.UTF-8/LC_CTYPE", O_RDONLY|O_CLOEXEC) = -1 ENOENT (No such file or directory)
1428383 openat(AT_FDCWD</tmp/kernel-audit2-v3r63b5w/\346\261\202\350\247\243\345\231\250>, "/usr/lib/locale/C.utf8/LC_CTYPE", O_RDONLY|O_CLOEXEC) = 3</usr/lib/locale/C.utf8/LC_CTYPE>
1428383 openat(AT_FDCWD</tmp/kernel-audit2-v3r63b5w/\346\261\202\350\247\243\345\231\250>, "/tmp/kernel-audit2-v3r63b5w/\346\261\202\350\247\243\345\231\250/\350\247\204\346\240\274/\345\206\205\346\240\270\350\276\223\345\205\245.md", O_RDONLY) = 3</tmp/kernel-audit2-v3r63b5w/\346\261\202\350\247\243\345\231\250/\350\247\204\346\240\274/\345\206\205\346\240\270\350\276\223\345\205\245.md>
1428364 --- SIGCHLD {si_signo=SIGCHLD, si_code=CLD_EXITED, si_pid=1428383, si_uid=1000, si_status=0, si_utime=0, si_stime=0} ---
1428364 openat(AT_FDCWD</tmp/kernel-audit2-v3r63b5w/\346\261\202\350\247\243\345\231\250>, "/dev/null", O_RDONLY|O_CLOEXEC) = 3</dev/null<char 1:3>>
1428384 execve("/home/zhuran24/.codex/tmp/arg0/codex-arg0DuAZRy/sha256sum", ["sha256sum", "--", "/tmp/kernel-audit2-v3r63b5w/\346\261\202\350\247\243\345\231\250/\350\247\204\346\240\274/\345\206\205\346\240\270\350\276\223\345\207\272.md"], 0x7ffd72465138 /* 135 vars */) = -1 ENOENT (No such file or directory)
1428384 execve("/home/zhuran24/.cargo/bin/sha256sum", ["sha256sum", "--", "/tmp/kernel-audit2-v3r63b5w/\346\261\202\350\247\243\345\231\250/\350\247\204\346\240\274/\345\206\205\346\240\270\350\276\223\345\207\272.md"], 0x7ffd72465138 /* 135 vars */) = -1 ENOENT (No such file or directory)
1428384 execve("/home/zhuran24/.local/bin/sha256sum", ["sha256sum", "--", "/tmp/kernel-audit2-v3r63b5w/\346\261\202\350\247\243\345\231\250/\350\247\204\346\240\274/\345\206\205\346\240\270\350\276\223\345\207\272.md"], 0x7ffd72465138 /* 135 vars */) = -1 ENOENT (No such file or directory)
1428384 execve("/home/zhuran24/.opencode/bin/sha256sum", ["sha256sum", "--", "/tmp/kernel-audit2-v3r63b5w/\346\261\202\350\247\243\345\231\250/\350\247\204\346\240\274/\345\206\205\346\240\270\350\276\223\345\207\272.md"], 0x7ffd72465138 /* 135 vars */) = -1 ENOENT (No such file or directory)
1428384 execve("/usr/local/bin/sha256sum", ["sha256sum", "--", "/tmp/kernel-audit2-v3r63b5w/\346\261\202\350\247\243\345\231\250/\350\247\204\346\240\274/\345\206\205\346\240\270\350\276\223\345\207\272.md"], 0x7ffd72465138 /* 135 vars */) = -1 ENOENT (No such file or directory)
1428384 execve("/usr/bin/sha256sum", ["sha256sum", "--", "/tmp/kernel-audit2-v3r63b5w/\346\261\202\350\247\243\345\231\250/\350\247\204\346\240\274/\345\206\205\346\240\270\350\276\223\345\207\272.md"], 0x7ffd72465138 /* 135 vars */) = 0
1428384 openat(AT_FDCWD</tmp/kernel-audit2-v3r63b5w/\346\261\202\350\247\243\345\231\250>, "/etc/ld.so.cache", O_RDONLY|O_CLOEXEC) = 3</etc/ld.so.cache>
1428384 openat(AT_FDCWD</tmp/kernel-audit2-v3r63b5w/\346\261\202\350\247\243\345\231\250>, "/usr/lib/libcrypto.so.3", O_RDONLY|O_CLOEXEC) = 3</usr/lib/libcrypto.so.3>
1428384 openat(AT_FDCWD</tmp/kernel-audit2-v3r63b5w/\346\261\202\350\247\243\345\231\250>, "/usr/lib/libc.so.6", O_RDONLY|O_CLOEXEC) = 3</usr/lib/libc.so.6>
1428384 openat(AT_FDCWD</tmp/kernel-audit2-v3r63b5w/\346\261\202\350\247\243\345\231\250>, "/usr/lib/libz.so.1", O_RDONLY|O_CLOEXEC) = 3</usr/lib/libz.so.1.3.1.zlib-ng>
1428384 openat(AT_FDCWD</tmp/kernel-audit2-v3r63b5w/\346\261\202\350\247\243\345\231\250>, "/usr/lib/libbrotlienc.so.1", O_RDONLY|O_CLOEXEC) = 3</usr/lib/libbrotlienc.so.1.2.0>
1428384 openat(AT_FDCWD</tmp/kernel-audit2-v3r63b5w/\346\261\202\350\247\243\345\231\250>, "/usr/lib/libbrotlidec.so.1", O_RDONLY|O_CLOEXEC) = 3</usr/lib/libbrotlidec.so.1.2.0>
1428384 openat(AT_FDCWD</tmp/kernel-audit2-v3r63b5w/\346\261\202\350\247\243\345\231\250>, "/usr/lib/libzstd.so.1", O_RDONLY|O_CLOEXEC) = 3</usr/lib/libzstd.so.1.5.7>
1428384 openat(AT_FDCWD</tmp/kernel-audit2-v3r63b5w/\346\261\202\350\247\243\345\231\250>, "/usr/lib/libm.so.6", O_RDONLY|O_CLOEXEC) = 3</usr/lib/libm.so.6>
1428384 openat(AT_FDCWD</tmp/kernel-audit2-v3r63b5w/\346\261\202\350\247\243\345\231\250>, "/usr/lib/libbrotlicommon.so.1", O_RDONLY|O_CLOEXEC) = 3</usr/lib/libbrotlicommon.so.1.2.0>
1428384 openat(AT_FDCWD</tmp/kernel-audit2-v3r63b5w/\346\261\202\350\247\243\345\231\250>, "/usr/lib/locale/locale-archive", O_RDONLY|O_CLOEXEC) = 3</usr/lib/locale/locale-archive>
1428384 openat(AT_FDCWD</tmp/kernel-audit2-v3r63b5w/\346\261\202\350\247\243\345\231\250>, "/usr/share/locale/locale.alias", O_RDONLY|O_CLOEXEC) = 3</usr/share/locale/locale.alias>
1428384 openat(AT_FDCWD</tmp/kernel-audit2-v3r63b5w/\346\261\202\350\247\243\345\231\250>, "/usr/lib/locale/C.UTF-8/LC_IDENTIFICATION", O_RDONLY|O_CLOEXEC) = -1 ENOENT (No such file or directory)
1428384 openat(AT_FDCWD</tmp/kernel-audit2-v3r63b5w/\346\261\202\350\247\243\345\231\250>, "/usr/lib/locale/C.utf8/LC_IDENTIFICATION", O_RDONLY|O_CLOEXEC) = 3</usr/lib/locale/C.utf8/LC_IDENTIFICATION>
1428384 openat(AT_FDCWD</tmp/kernel-audit2-v3r63b5w/\346\261\202\350\247\243\345\231\250>, "/usr/lib/gconv/gconv-modules.cache", O_RDONLY|O_CLOEXEC) = 3</usr/lib/gconv/gconv-modules.cache>
1428384 openat(AT_FDCWD</tmp/kernel-audit2-v3r63b5w/\346\261\202\350\247\243\345\231\250>, "/usr/lib/locale/C.UTF-8/LC_MEASUREMENT", O_RDONLY|O_CLOEXEC) = -1 ENOENT (No such file or directory)
1428384 openat(AT_FDCWD</tmp/kernel-audit2-v3r63b5w/\346\261\202\350\247\243\345\231\250>, "/usr/lib/locale/C.utf8/LC_MEASUREMENT", O_RDONLY|O_CLOEXEC) = 3</usr/lib/locale/C.utf8/LC_MEASUREMENT>
1428384 openat(AT_FDCWD</tmp/kernel-audit2-v3r63b5w/\346\261\202\350\247\243\345\231\250>, "/usr/lib/locale/C.UTF-8/LC_TELEPHONE", O_RDONLY|O_CLOEXEC) = -1 ENOENT (No such file or directory)
1428384 openat(AT_FDCWD</tmp/kernel-audit2-v3r63b5w/\346\261\202\350\247\243\345\231\250>, "/usr/lib/locale/C.utf8/LC_TELEPHONE", O_RDONLY|O_CLOEXEC) = 3</usr/lib/locale/C.utf8/LC_TELEPHONE>
1428384 openat(AT_FDCWD</tmp/kernel-audit2-v3r63b5w/\346\261\202\350\247\243\345\231\250>, "/usr/lib/locale/C.UTF-8/LC_ADDRESS", O_RDONLY|O_CLOEXEC) = -1 ENOENT (No such file or directory)
1428384 openat(AT_FDCWD</tmp/kernel-audit2-v3r63b5w/\346\261\202\350\247\243\345\231\250>, "/usr/lib/locale/C.utf8/LC_ADDRESS", O_RDONLY|O_CLOEXEC) = 3</usr/lib/locale/C.utf8/LC_ADDRESS>
1428384 openat(AT_FDCWD</tmp/kernel-audit2-v3r63b5w/\346\261\202\350\247\243\345\231\250>, "/usr/lib/locale/C.UTF-8/LC_NAME", O_RDONLY|O_CLOEXEC) = -1 ENOENT (No such file or directory)
1428384 openat(AT_FDCWD</tmp/kernel-audit2-v3r63b5w/\346\261\202\350\247\243\345\231\250>, "/usr/lib/locale/C.utf8/LC_NAME", O_RDONLY|O_CLOEXEC) = 3</usr/lib/locale/C.utf8/LC_NAME>
1428384 openat(AT_FDCWD</tmp/kernel-audit2-v3r63b5w/\346\261\202\350\247\243\345\231\250>, "/usr/lib/locale/C.UTF-8/LC_PAPER", O_RDONLY|O_CLOEXEC) = -1 ENOENT (No such file or directory)
1428384 openat(AT_FDCWD</tmp/kernel-audit2-v3r63b5w/\346\261\202\350\247\243\345\231\250>, "/usr/lib/locale/C.utf8/LC_PAPER", O_RDONLY|O_CLOEXEC) = 3</usr/lib/locale/C.utf8/LC_PAPER>
1428384 openat(AT_FDCWD</tmp/kernel-audit2-v3r63b5w/\346\261\202\350\247\243\345\231\250>, "/usr/lib/locale/C.UTF-8/LC_MESSAGES", O_RDONLY|O_CLOEXEC) = -1 ENOENT (No such file or directory)
1428384 openat(AT_FDCWD</tmp/kernel-audit2-v3r63b5w/\346\261\202\350\247\243\345\231\250>, "/usr/lib/locale/C.utf8/LC_MESSAGES", O_RDONLY|O_CLOEXEC) = 3</usr/lib/locale/C.utf8/LC_MESSAGES>
1428384 openat(AT_FDCWD</tmp/kernel-audit2-v3r63b5w/\346\261\202\350\247\243\345\231\250>, "/usr/lib/locale/C.utf8/LC_MESSAGES/SYS_LC_MESSAGES", O_RDONLY|O_CLOEXEC) = 3</usr/lib/locale/C.utf8/LC_MESSAGES/SYS_LC_MESSAGES>
1428384 openat(AT_FDCWD</tmp/kernel-audit2-v3r63b5w/\346\261\202\350\247\243\345\231\250>, "/usr/lib/locale/C.UTF-8/LC_MONETARY", O_RDONLY|O_CLOEXEC) = -1 ENOENT (No such file or directory)
1428384 openat(AT_FDCWD</tmp/kernel-audit2-v3r63b5w/\346\261\202\350\247\243\345\231\250>, "/usr/lib/locale/C.utf8/LC_MONETARY", O_RDONLY|O_CLOEXEC) = 3</usr/lib/locale/C.utf8/LC_MONETARY>
1428384 openat(AT_FDCWD</tmp/kernel-audit2-v3r63b5w/\346\261\202\350\247\243\345\231\250>, "/usr/lib/locale/C.UTF-8/LC_COLLATE", O_RDONLY|O_CLOEXEC) = -1 ENOENT (No such file or directory)
1428384 openat(AT_FDCWD</tmp/kernel-audit2-v3r63b5w/\346\261\202\350\247\243\345\231\250>, "/usr/lib/locale/C.utf8/LC_COLLATE", O_RDONLY|O_CLOEXEC) = 3</usr/lib/locale/C.utf8/LC_COLLATE>
1428384 openat(AT_FDCWD</tmp/kernel-audit2-v3r63b5w/\346\261\202\350\247\243\345\231\250>, "/usr/lib/locale/C.UTF-8/LC_TIME", O_RDONLY|O_CLOEXEC) = -1 ENOENT (No such file or directory)
1428384 openat(AT_FDCWD</tmp/kernel-audit2-v3r63b5w/\346\261\202\350\247\243\345\231\250>, "/usr/lib/locale/C.utf8/LC_TIME", O_RDONLY|O_CLOEXEC) = 3</usr/lib/locale/C.utf8/LC_TIME>
1428384 openat(AT_FDCWD</tmp/kernel-audit2-v3r63b5w/\346\261\202\350\247\243\345\231\250>, "/usr/lib/locale/C.UTF-8/LC_NUMERIC", O_RDONLY|O_CLOEXEC) = -1 ENOENT (No such file or directory)
1428384 openat(AT_FDCWD</tmp/kernel-audit2-v3r63b5w/\346\261\202\350\247\243\345\231\250>, "/usr/lib/locale/C.utf8/LC_NUMERIC", O_RDONLY|O_CLOEXEC) = 3</usr/lib/locale/C.utf8/LC_NUMERIC>
1428384 openat(AT_FDCWD</tmp/kernel-audit2-v3r63b5w/\346\261\202\350\247\243\345\231\250>, "/usr/lib/locale/C.UTF-8/LC_CTYPE", O_RDONLY|O_CLOEXEC) = -1 ENOENT (No such file or directory)
1428384 openat(AT_FDCWD</tmp/kernel-audit2-v3r63b5w/\346\261\202\350\247\243\345\231\250>, "/usr/lib/locale/C.utf8/LC_CTYPE", O_RDONLY|O_CLOEXEC) = 3</usr/lib/locale/C.utf8/LC_CTYPE>
1428384 openat(AT_FDCWD</tmp/kernel-audit2-v3r63b5w/\346\261\202\350\247\243\345\231\250>, "/tmp/kernel-audit2-v3r63b5w/\346\261\202\350\247\243\345\231\250/\350\247\204\346\240\274/\345\206\205\346\240\270\350\276\223\345\207\272.md", O_RDONLY) = 3</tmp/kernel-audit2-v3r63b5w/\346\261\202\350\247\243\345\231\250/\350\247\204\346\240\274/\345\206\205\346\240\270\350\276\223\345\207\272.md>
1428364 --- SIGCHLD {si_signo=SIGCHLD, si_code=CLD_EXITED, si_pid=1428384, si_uid=1000, si_status=0, si_utime=0, si_stime=0} ---
1428364 openat(AT_FDCWD</tmp/kernel-audit2-v3r63b5w/\346\261\202\350\247\243\345\231\250>, "/dev/null", O_RDONLY|O_CLOEXEC) = 3</dev/null<char 1:3>>
1428385 execve("/home/zhuran24/.codex/tmp/arg0/codex-arg0DuAZRy/sha256sum", ["sha256sum", "--", "/tmp/kernel-audit2-v3r63b5w/\346\261\202\350\247\243\345\231\250/\350\247\204\346\240\274/\345\206\205\346\240\270\350\276\223\345\207\272.schema.json"], 0x7ffd72465138 /* 135 vars */) = -1 ENOENT (No such file or directory)
1428385 execve("/home/zhuran24/.cargo/bin/sha256sum", ["sha256sum", "--", "/tmp/kernel-audit2-v3r63b5w/\346\261\202\350\247\243\345\231\250/\350\247\204\346\240\274/\345\206\205\346\240\270\350\276\223\345\207\272.schema.json"], 0x7ffd72465138 /* 135 vars */) = -1 ENOENT (No such file or directory)
1428385 execve("/home/zhuran24/.local/bin/sha256sum", ["sha256sum", "--", "/tmp/kernel-audit2-v3r63b5w/\346\261\202\350\247\243\345\231\250/\350\247\204\346\240\274/\345\206\205\346\240\270\350\276\223\345\207\272.schema.json"], 0x7ffd72465138 /* 135 vars */) = -1 ENOENT (No such file or directory)
1428385 execve("/home/zhuran24/.opencode/bin/sha256sum", ["sha256sum", "--", "/tmp/kernel-audit2-v3r63b5w/\346\261\202\350\247\243\345\231\250/\350\247\204\346\240\274/\345\206\205\346\240\270\350\276\223\345\207\272.schema.json"], 0x7ffd72465138 /* 135 vars */) = -1 ENOENT (No such file or directory)
1428385 execve("/usr/local/bin/sha256sum", ["sha256sum", "--", "/tmp/kernel-audit2-v3r63b5w/\346\261\202\350\247\243\345\231\250/\350\247\204\346\240\274/\345\206\205\346\240\270\350\276\223\345\207\272.schema.json"], 0x7ffd72465138 /* 135 vars */) = -1 ENOENT (No such file or directory)
1428385 execve("/usr/bin/sha256sum", ["sha256sum", "--", "/tmp/kernel-audit2-v3r63b5w/\346\261\202\350\247\243\345\231\250/\350\247\204\346\240\274/\345\206\205\346\240\270\350\276\223\345\207\272.schema.json"], 0x7ffd72465138 /* 135 vars */) = 0
1428385 openat(AT_FDCWD</tmp/kernel-audit2-v3r63b5w/\346\261\202\350\247\243\345\231\250>, "/etc/ld.so.cache", O_RDONLY|O_CLOEXEC) = 3</etc/ld.so.cache>
1428385 openat(AT_FDCWD</tmp/kernel-audit2-v3r63b5w/\346\261\202\350\247\243\345\231\250>, "/usr/lib/libcrypto.so.3", O_RDONLY|O_CLOEXEC) = 3</usr/lib/libcrypto.so.3>
1428385 openat(AT_FDCWD</tmp/kernel-audit2-v3r63b5w/\346\261\202\350\247\243\345\231\250>, "/usr/lib/libc.so.6", O_RDONLY|O_CLOEXEC) = 3</usr/lib/libc.so.6>
1428385 openat(AT_FDCWD</tmp/kernel-audit2-v3r63b5w/\346\261\202\350\247\243\345\231\250>, "/usr/lib/libz.so.1", O_RDONLY|O_CLOEXEC) = 3</usr/lib/libz.so.1.3.1.zlib-ng>
1428385 openat(AT_FDCWD</tmp/kernel-audit2-v3r63b5w/\346\261\202\350\247\243\345\231\250>, "/usr/lib/libbrotlienc.so.1", O_RDONLY|O_CLOEXEC) = 3</usr/lib/libbrotlienc.so.1.2.0>
1428385 openat(AT_FDCWD</tmp/kernel-audit2-v3r63b5w/\346\261\202\350\247\243\345\231\250>, "/usr/lib/libbrotlidec.so.1", O_RDONLY|O_CLOEXEC) = 3</usr/lib/libbrotlidec.so.1.2.0>
1428385 openat(AT_FDCWD</tmp/kernel-audit2-v3r63b5w/\346\261\202\350\247\243\345\231\250>, "/usr/lib/libzstd.so.1", O_RDONLY|O_CLOEXEC) = 3</usr/lib/libzstd.so.1.5.7>
1428385 openat(AT_FDCWD</tmp/kernel-audit2-v3r63b5w/\346\261\202\350\247\243\345\231\250>, "/usr/lib/libm.so.6", O_RDONLY|O_CLOEXEC) = 3</usr/lib/libm.so.6>
1428385 openat(AT_FDCWD</tmp/kernel-audit2-v3r63b5w/\346\261\202\350\247\243\345\231\250>, "/usr/lib/libbrotlicommon.so.1", O_RDONLY|O_CLOEXEC) = 3</usr/lib/libbrotlicommon.so.1.2.0>
1428385 openat(AT_FDCWD</tmp/kernel-audit2-v3r63b5w/\346\261\202\350\247\243\345\231\250>, "/usr/lib/locale/locale-archive", O_RDONLY|O_CLOEXEC) = 3</usr/lib/locale/locale-archive>
1428385 openat(AT_FDCWD</tmp/kernel-audit2-v3r63b5w/\346\261\202\350\247\243\345\231\250>, "/usr/share/locale/locale.alias", O_RDONLY|O_CLOEXEC) = 3</usr/share/locale/locale.alias>
1428385 openat(AT_FDCWD</tmp/kernel-audit2-v3r63b5w/\346\261\202\350\247\243\345\231\250>, "/usr/lib/locale/C.UTF-8/LC_IDENTIFICATION", O_RDONLY|O_CLOEXEC) = -1 ENOENT (No such file or directory)
1428385 openat(AT_FDCWD</tmp/kernel-audit2-v3r63b5w/\346\261\202\350\247\243\345\231\250>, "/usr/lib/locale/C.utf8/LC_IDENTIFICATION", O_RDONLY|O_CLOEXEC) = 3</usr/lib/locale/C.utf8/LC_IDENTIFICATION>
1428385 openat(AT_FDCWD</tmp/kernel-audit2-v3r63b5w/\346\261\202\350\247\243\345\231\250>, "/usr/lib/gconv/gconv-modules.cache", O_RDONLY|O_CLOEXEC) = 3</usr/lib/gconv/gconv-modules.cache>
1428385 openat(AT_FDCWD</tmp/kernel-audit2-v3r63b5w/\346\261\202\350\247\243\345\231\250>, "/usr/lib/locale/C.UTF-8/LC_MEASUREMENT", O_RDONLY|O_CLOEXEC) = -1 ENOENT (No such file or directory)
1428385 openat(AT_FDCWD</tmp/kernel-audit2-v3r63b5w/\346\261\202\350\247\243\345\231\250>, "/usr/lib/locale/C.utf8/LC_MEASUREMENT", O_RDONLY|O_CLOEXEC) = 3</usr/lib/locale/C.utf8/LC_MEASUREMENT>
1428385 openat(AT_FDCWD</tmp/kernel-audit2-v3r63b5w/\346\261\202\350\247\243\345\231\250>, "/usr/lib/locale/C.UTF-8/LC_TELEPHONE", O_RDONLY|O_CLOEXEC) = -1 ENOENT (No such file or directory)
1428385 openat(AT_FDCWD</tmp/kernel-audit2-v3r63b5w/\346\261\202\350\247\243\345\231\250>, "/usr/lib/locale/C.utf8/LC_TELEPHONE", O_RDONLY|O_CLOEXEC) = 3</usr/lib/locale/C.utf8/LC_TELEPHONE>
1428385 openat(AT_FDCWD</tmp/kernel-audit2-v3r63b5w/\346\261\202\350\247\243\345\231\250>, "/usr/lib/locale/C.UTF-8/LC_ADDRESS", O_RDONLY|O_CLOEXEC) = -1 ENOENT (No such file or directory)
1428385 openat(AT_FDCWD</tmp/kernel-audit2-v3r63b5w/\346\261\202\350\247\243\345\231\250>, "/usr/lib/locale/C.utf8/LC_ADDRESS", O_RDONLY|O_CLOEXEC) = 3</usr/lib/locale/C.utf8/LC_ADDRESS>
1428385 openat(AT_FDCWD</tmp/kernel-audit2-v3r63b5w/\346\261\202\350\247\243\345\231\250>, "/usr/lib/locale/C.UTF-8/LC_NAME", O_RDONLY|O_CLOEXEC) = -1 ENOENT (No such file or directory)
1428385 openat(AT_FDCWD</tmp/kernel-audit2-v3r63b5w/\346\261\202\350\247\243\345\231\250>, "/usr/lib/locale/C.utf8/LC_NAME", O_RDONLY|O_CLOEXEC) = 3</usr/lib/locale/C.utf8/LC_NAME>
1428385 openat(AT_FDCWD</tmp/kernel-audit2-v3r63b5w/\346\261\202\350\247\243\345\231\250>, "/usr/lib/locale/C.UTF-8/LC_PAPER", O_RDONLY|O_CLOEXEC) = -1 ENOENT (No such file or directory)
1428385 openat(AT_FDCWD</tmp/kernel-audit2-v3r63b5w/\346\261\202\350\247\243\345\231\250>, "/usr/lib/locale/C.utf8/LC_PAPER", O_RDONLY|O_CLOEXEC) = 3</usr/lib/locale/C.utf8/LC_PAPER>
1428385 openat(AT_FDCWD</tmp/kernel-audit2-v3r63b5w/\346\261\202\350\247\243\345\231\250>, "/usr/lib/locale/C.UTF-8/LC_MESSAGES", O_RDONLY|O_CLOEXEC) = -1 ENOENT (No such file or directory)
1428385 openat(AT_FDCWD</tmp/kernel-audit2-v3r63b5w/\346\261\202\350\247\243\345\231\250>, "/usr/lib/locale/C.utf8/LC_MESSAGES", O_RDONLY|O_CLOEXEC) = 3</usr/lib/locale/C.utf8/LC_MESSAGES>
1428385 openat(AT_FDCWD</tmp/kernel-audit2-v3r63b5w/\346\261\202\350\247\243\345\231\250>, "/usr/lib/locale/C.utf8/LC_MESSAGES/SYS_LC_MESSAGES", O_RDONLY|O_CLOEXEC) = 3</usr/lib/locale/C.utf8/LC_MESSAGES/SYS_LC_MESSAGES>
1428385 openat(AT_FDCWD</tmp/kernel-audit2-v3r63b5w/\346\261\202\350\247\243\345\231\250>, "/usr/lib/locale/C.UTF-8/LC_MONETARY", O_RDONLY|O_CLOEXEC) = -1 ENOENT (No such file or directory)
1428385 openat(AT_FDCWD</tmp/kernel-audit2-v3r63b5w/\346\261\202\350\247\243\345\231\250>, "/usr/lib/locale/C.utf8/LC_MONETARY", O_RDONLY|O_CLOEXEC) = 3</usr/lib/locale/C.utf8/LC_MONETARY>
1428385 openat(AT_FDCWD</tmp/kernel-audit2-v3r63b5w/\346\261\202\350\247\243\345\231\250>, "/usr/lib/locale/C.UTF-8/LC_COLLATE", O_RDONLY|O_CLOEXEC) = -1 ENOENT (No such file or directory)
1428385 openat(AT_FDCWD</tmp/kernel-audit2-v3r63b5w/\346\261\202\350\247\243\345\231\250>, "/usr/lib/locale/C.utf8/LC_COLLATE", O_RDONLY|O_CLOEXEC) = 3</usr/lib/locale/C.utf8/LC_COLLATE>
1428385 openat(AT_FDCWD</tmp/kernel-audit2-v3r63b5w/\346\261\202\350\247\243\345\231\250>, "/usr/lib/locale/C.UTF-8/LC_TIME", O_RDONLY|O_CLOEXEC) = -1 ENOENT (No such file or directory)
1428385 openat(AT_FDCWD</tmp/kernel-audit2-v3r63b5w/\346\261\202\350\247\243\345\231\250>, "/usr/lib/locale/C.utf8/LC_TIME", O_RDONLY|O_CLOEXEC) = 3</usr/lib/locale/C.utf8/LC_TIME>
1428385 openat(AT_FDCWD</tmp/kernel-audit2-v3r63b5w/\346\261\202\350\247\243\345\231\250>, "/usr/lib/locale/C.UTF-8/LC_NUMERIC", O_RDONLY|O_CLOEXEC) = -1 ENOENT (No such file or directory)
1428385 openat(AT_FDCWD</tmp/kernel-audit2-v3r63b5w/\346\261\202\350\247\243\345\231\250>, "/usr/lib/locale/C.utf8/LC_NUMERIC", O_RDONLY|O_CLOEXEC) = 3</usr/lib/locale/C.utf8/LC_NUMERIC>
1428385 openat(AT_FDCWD</tmp/kernel-audit2-v3r63b5w/\346\261\202\350\247\243\345\231\250>, "/usr/lib/locale/C.UTF-8/LC_CTYPE", O_RDONLY|O_CLOEXEC) = -1 ENOENT (No such file or directory)
1428385 openat(AT_FDCWD</tmp/kernel-audit2-v3r63b5w/\346\261\202\350\247\243\345\231\250>, "/usr/lib/locale/C.utf8/LC_CTYPE", O_RDONLY|O_CLOEXEC) = 3</usr/lib/locale/C.utf8/LC_CTYPE>
1428385 openat(AT_FDCWD</tmp/kernel-audit2-v3r63b5w/\346\261\202\350\247\243\345\231\250>, "/tmp/kernel-audit2-v3r63b5w/\346\261\202\350\247\243\345\231\250/\350\247\204\346\240\274/\345\206\205\346\240\270\350\276\223\345\207\272.schema.json", O_RDONLY) = 3</tmp/kernel-audit2-v3r63b5w/\346\261\202\350\247\243\345\231\250/\350\247\204\346\240\274/\345\206\205\346\240\270\350\276\223\345\207\272.schema.json>
1428364 --- SIGCHLD {si_signo=SIGCHLD, si_code=CLD_EXITED, si_pid=1428385, si_uid=1000, si_status=0, si_utime=0, si_stime=0} ---
1428364 openat(AT_FDCWD</tmp/kernel-audit2-v3r63b5w/\346\261\202\350\247\243\345\231\250>, "/dev/null", O_RDONLY|O_CLOEXEC) = 3</dev/null<char 1:3>>
1428386 execve("/home/zhuran24/.codex/tmp/arg0/codex-arg0DuAZRy/sha256sum", ["sha256sum", "--", "/tmp/kernel-audit2-v3r63b5w/\346\261\202\350\247\243\345\231\250/crates/kernel/\345\221\250\346\234\237\351\224\256\350\257\273\345\217\226\345\256\241\350\256\241.md"], 0x7ffd72465138 /* 135 vars */) = -1 ENOENT (No such file or directory)
1428386 execve("/home/zhuran24/.cargo/bin/sha256sum", ["sha256sum", "--", "/tmp/kernel-audit2-v3r63b5w/\346\261\202\350\247\243\345\231\250/crates/kernel/\345\221\250\346\234\237\351\224\256\350\257\273\345\217\226\345\256\241\350\256\241.md"], 0x7ffd72465138 /* 135 vars */) = -1 ENOENT (No such file or directory)
1428386 execve("/home/zhuran24/.local/bin/sha256sum", ["sha256sum", "--", "/tmp/kernel-audit2-v3r63b5w/\346\261\202\350\247\243\345\231\250/crates/kernel/\345\221\250\346\234\237\351\224\256\350\257\273\345\217\226\345\256\241\350\256\241.md"], 0x7ffd72465138 /* 135 vars */) = -1 ENOENT (No such file or directory)
1428386 execve("/home/zhuran24/.opencode/bin/sha256sum", ["sha256sum", "--", "/tmp/kernel-audit2-v3r63b5w/\346\261\202\350\247\243\345\231\250/crates/kernel/\345\221\250\346\234\237\351\224\256\350\257\273\345\217\226\345\256\241\350\256\241.md"], 0x7ffd72465138 /* 135 vars */) = -1 ENOENT (No such file or directory)
1428386 execve("/usr/local/bin/sha256sum", ["sha256sum", "--", "/tmp/kernel-audit2-v3r63b5w/\346\261\202\350\247\243\345\231\250/crates/kernel/\345\221\250\346\234\237\351\224\256\350\257\273\345\217\226\345\256\241\350\256\241.md"], 0x7ffd72465138 /* 135 vars */) = -1 ENOENT (No such file or directory)
1428386 execve("/usr/bin/sha256sum", ["sha256sum", "--", "/tmp/kernel-audit2-v3r63b5w/\346\261\202\350\247\243\345\231\250/crates/kernel/\345\221\250\346\234\237\351\224\256\350\257\273\345\217\226\345\256\241\350\256\241.md"], 0x7ffd72465138 /* 135 vars */) = 0
1428386 openat(AT_FDCWD</tmp/kernel-audit2-v3r63b5w/\346\261\202\350\247\243\345\231\250>, "/etc/ld.so.cache", O_RDONLY|O_CLOEXEC) = 3</etc/ld.so.cache>
1428386 openat(AT_FDCWD</tmp/kernel-audit2-v3r63b5w/\346\261\202\350\247\243\345\231\250>, "/usr/lib/libcrypto.so.3", O_RDONLY|O_CLOEXEC) = 3</usr/lib/libcrypto.so.3>
1428386 openat(AT_FDCWD</tmp/kernel-audit2-v3r63b5w/\346\261\202\350\247\243\345\231\250>, "/usr/lib/libc.so.6", O_RDONLY|O_CLOEXEC) = 3</usr/lib/libc.so.6>
1428386 openat(AT_FDCWD</tmp/kernel-audit2-v3r63b5w/\346\261\202\350\247\243\345\231\250>, "/usr/lib/libz.so.1", O_RDONLY|O_CLOEXEC) = 3</usr/lib/libz.so.1.3.1.zlib-ng>
1428386 openat(AT_FDCWD</tmp/kernel-audit2-v3r63b5w/\346\261\202\350\247\243\345\231\250>, "/usr/lib/libbrotlienc.so.1", O_RDONLY|O_CLOEXEC) = 3</usr/lib/libbrotlienc.so.1.2.0>
1428386 openat(AT_FDCWD</tmp/kernel-audit2-v3r63b5w/\346\261\202\350\247\243\345\231\250>, "/usr/lib/libbrotlidec.so.1", O_RDONLY|O_CLOEXEC) = 3</usr/lib/libbrotlidec.so.1.2.0>
1428386 openat(AT_FDCWD</tmp/kernel-audit2-v3r63b5w/\346\261\202\350\247\243\345\231\250>, "/usr/lib/libzstd.so.1", O_RDONLY|O_CLOEXEC) = 3</usr/lib/libzstd.so.1.5.7>
1428386 openat(AT_FDCWD</tmp/kernel-audit2-v3r63b5w/\346\261\202\350\247\243\345\231\250>, "/usr/lib/libm.so.6", O_RDONLY|O_CLOEXEC) = 3</usr/lib/libm.so.6>
1428386 openat(AT_FDCWD</tmp/kernel-audit2-v3r63b5w/\346\261\202\350\247\243\345\231\250>, "/usr/lib/libbrotlicommon.so.1", O_RDONLY|O_CLOEXEC) = 3</usr/lib/libbrotlicommon.so.1.2.0>
1428386 openat(AT_FDCWD</tmp/kernel-audit2-v3r63b5w/\346\261\202\350\247\243\345\231\250>, "/usr/lib/locale/locale-archive", O_RDONLY|O_CLOEXEC) = 3</usr/lib/locale/locale-archive>
1428386 openat(AT_FDCWD</tmp/kernel-audit2-v3r63b5w/\346\261\202\350\247\243\345\231\250>, "/usr/share/locale/locale.alias", O_RDONLY|O_CLOEXEC) = 3</usr/share/locale/locale.alias>
1428386 openat(AT_FDCWD</tmp/kernel-audit2-v3r63b5w/\346\261\202\350\247\243\345\231\250>, "/usr/lib/locale/C.UTF-8/LC_IDENTIFICATION", O_RDONLY|O_CLOEXEC) = -1 ENOENT (No such file or directory)
1428386 openat(AT_FDCWD</tmp/kernel-audit2-v3r63b5w/\346\261\202\350\247\243\345\231\250>, "/usr/lib/locale/C.utf8/LC_IDENTIFICATION", O_RDONLY|O_CLOEXEC) = 3</usr/lib/locale/C.utf8/LC_IDENTIFICATION>
1428386 openat(AT_FDCWD</tmp/kernel-audit2-v3r63b5w/\346\261\202\350\247\243\345\231\250>, "/usr/lib/gconv/gconv-modules.cache", O_RDONLY|O_CLOEXEC) = 3</usr/lib/gconv/gconv-modules.cache>
1428386 openat(AT_FDCWD</tmp/kernel-audit2-v3r63b5w/\346\261\202\350\247\243\345\231\250>, "/usr/lib/locale/C.UTF-8/LC_MEASUREMENT", O_RDONLY|O_CLOEXEC) = -1 ENOENT (No such file or directory)
1428386 openat(AT_FDCWD</tmp/kernel-audit2-v3r63b5w/\346\261\202\350\247\243\345\231\250>, "/usr/lib/locale/C.utf8/LC_MEASUREMENT", O_RDONLY|O_CLOEXEC) = 3</usr/lib/locale/C.utf8/LC_MEASUREMENT>
1428386 openat(AT_FDCWD</tmp/kernel-audit2-v3r63b5w/\346\261\202\350\247\243\345\231\250>, "/usr/lib/locale/C.UTF-8/LC_TELEPHONE", O_RDONLY|O_CLOEXEC) = -1 ENOENT (No such file or directory)
1428386 openat(AT_FDCWD</tmp/kernel-audit2-v3r63b5w/\346\261\202\350\247\243\345\231\250>, "/usr/lib/locale/C.utf8/LC_TELEPHONE", O_RDONLY|O_CLOEXEC) = 3</usr/lib/locale/C.utf8/LC_TELEPHONE>
1428386 openat(AT_FDCWD</tmp/kernel-audit2-v3r63b5w/\346\261\202\350\247\243\345\231\250>, "/usr/lib/locale/C.UTF-8/LC_ADDRESS", O_RDONLY|O_CLOEXEC) = -1 ENOENT (No such file or directory)
1428386 openat(AT_FDCWD</tmp/kernel-audit2-v3r63b5w/\346\261\202\350\247\243\345\231\250>, "/usr/lib/locale/C.utf8/LC_ADDRESS", O_RDONLY|O_CLOEXEC) = 3</usr/lib/locale/C.utf8/LC_ADDRESS>
1428386 openat(AT_FDCWD</tmp/kernel-audit2-v3r63b5w/\346\261\202\350\247\243\345\231\250>, "/usr/lib/locale/C.UTF-8/LC_NAME", O_RDONLY|O_CLOEXEC) = -1 ENOENT (No such file or directory)
1428386 openat(AT_FDCWD</tmp/kernel-audit2-v3r63b5w/\346\261\202\350\247\243\345\231\250>, "/usr/lib/locale/C.utf8/LC_NAME", O_RDONLY|O_CLOEXEC) = 3</usr/lib/locale/C.utf8/LC_NAME>
1428386 openat(AT_FDCWD</tmp/kernel-audit2-v3r63b5w/\346\261\202\350\247\243\345\231\250>, "/usr/lib/locale/C.UTF-8/LC_PAPER", O_RDONLY|O_CLOEXEC) = -1 ENOENT (No such file or directory)
1428386 openat(AT_FDCWD</tmp/kernel-audit2-v3r63b5w/\346\261\202\350\247\243\345\231\250>, "/usr/lib/locale/C.utf8/LC_PAPER", O_RDONLY|O_CLOEXEC) = 3</usr/lib/locale/C.utf8/LC_PAPER>
1428386 openat(AT_FDCWD</tmp/kernel-audit2-v3r63b5w/\346\261\202\350\247\243\345\231\250>, "/usr/lib/locale/C.UTF-8/LC_MESSAGES", O_RDONLY|O_CLOEXEC) = -1 ENOENT (No such file or directory)
1428386 openat(AT_FDCWD</tmp/kernel-audit2-v3r63b5w/\346\261\202\350\247\243\345\231\250>, "/usr/lib/locale/C.utf8/LC_MESSAGES", O_RDONLY|O_CLOEXEC) = 3</usr/lib/locale/C.utf8/LC_MESSAGES>
1428386 openat(AT_FDCWD</tmp/kernel-audit2-v3r63b5w/\346\261\202\350\247\243\345\231\250>, "/usr/lib/locale/C.utf8/LC_MESSAGES/SYS_LC_MESSAGES", O_RDONLY|O_CLOEXEC) = 3</usr/lib/locale/C.utf8/LC_MESSAGES/SYS_LC_MESSAGES>
1428386 openat(AT_FDCWD</tmp/kernel-audit2-v3r63b5w/\346\261\202\350\247\243\345\231\250>, "/usr/lib/locale/C.UTF-8/LC_MONETARY", O_RDONLY|O_CLOEXEC) = -1 ENOENT (No such file or directory)
1428386 openat(AT_FDCWD</tmp/kernel-audit2-v3r63b5w/\346\261\202\350\247\243\345\231\250>, "/usr/lib/locale/C.utf8/LC_MONETARY", O_RDONLY|O_CLOEXEC) = 3</usr/lib/locale/C.utf8/LC_MONETARY>
1428386 openat(AT_FDCWD</tmp/kernel-audit2-v3r63b5w/\346\261\202\350\247\243\345\231\250>, "/usr/lib/locale/C.UTF-8/LC_COLLATE", O_RDONLY|O_CLOEXEC) = -1 ENOENT (No such file or directory)
1428386 openat(AT_FDCWD</tmp/kernel-audit2-v3r63b5w/\346\261\202\350\247\243\345\231\250>, "/usr/lib/locale/C.utf8/LC_COLLATE", O_RDONLY|O_CLOEXEC) = 3</usr/lib/locale/C.utf8/LC_COLLATE>
1428386 openat(AT_FDCWD</tmp/kernel-audit2-v3r63b5w/\346\261\202\350\247\243\345\231\250>, "/usr/lib/locale/C.UTF-8/LC_TIME", O_RDONLY|O_CLOEXEC) = -1 ENOENT (No such file or directory)
1428386 openat(AT_FDCWD</tmp/kernel-audit2-v3r63b5w/\346\261\202\350\247\243\345\231\250>, "/usr/lib/locale/C.utf8/LC_TIME", O_RDONLY|O_CLOEXEC) = 3</usr/lib/locale/C.utf8/LC_TIME>
1428386 openat(AT_FDCWD</tmp/kernel-audit2-v3r63b5w/\346\261\202\350\247\243\345\231\250>, "/usr/lib/locale/C.UTF-8/LC_NUMERIC", O_RDONLY|O_CLOEXEC) = -1 ENOENT (No such file or directory)
1428386 openat(AT_FDCWD</tmp/kernel-audit2-v3r63b5w/\346\261\202\350\247\243\345\231\250>, "/usr/lib/locale/C.utf8/LC_NUMERIC", O_RDONLY|O_CLOEXEC) = 3</usr/lib/locale/C.utf8/LC_NUMERIC>
1428386 openat(AT_FDCWD</tmp/kernel-audit2-v3r63b5w/\346\261\202\350\247\243\345\231\250>, "/usr/lib/locale/C.UTF-8/LC_CTYPE", O_RDONLY|O_CLOEXEC) = -1 ENOENT (No such file or directory)
1428386 openat(AT_FDCWD</tmp/kernel-audit2-v3r63b5w/\346\261\202\350\247\243\345\231\250>, "/usr/lib/locale/C.utf8/LC_CTYPE", O_RDONLY|O_CLOEXEC) = 3</usr/lib/locale/C.utf8/LC_CTYPE>
1428386 openat(AT_FDCWD</tmp/kernel-audit2-v3r63b5w/\346\261\202\350\247\243\345\231\250>, "/tmp/kernel-audit2-v3r63b5w/\346\261\202\350\247\243\345\231\250/crates/kernel/\345\221\250\346\234\237\351\224\256\350\257\273\345\217\226\345\256\241\350\256\241.md", O_RDONLY) = 3</tmp/kernel-audit2-v3r63b5w/\346\261\202\350\247\243\345\231\250/crates/kernel/\345\221\250\346\234\237\351\224\256\350\257\273\345\217\226\345\256\241\350\256\241.md>
1428364 --- SIGCHLD {si_signo=SIGCHLD, si_code=CLD_EXITED, si_pid=1428386, si_uid=1000, si_status=0, si_utime=0, si_stime=0} ---
1428364 openat(AT_FDCWD</tmp/kernel-audit2-v3r63b5w/\346\261\202\350\247\243\345\231\250>, "/dev/null", O_RDONLY|O_CLOEXEC) = 3</dev/null<char 1:3>>
1428387 execve("/home/zhuran24/.codex/tmp/arg0/codex-arg0DuAZRy/sha256sum", ["sha256sum", "--", "/tmp/kernel-audit2-v3r63b5w/\346\261\202\350\247\243\345\231\250/crates/kernel/src/value.rs"], 0x7ffd72465138 /* 135 vars */) = -1 ENOENT (No such file or directory)
1428387 execve("/home/zhuran24/.cargo/bin/sha256sum", ["sha256sum", "--", "/tmp/kernel-audit2-v3r63b5w/\346\261\202\350\247\243\345\231\250/crates/kernel/src/value.rs"], 0x7ffd72465138 /* 135 vars */) = -1 ENOENT (No such file or directory)
1428387 execve("/home/zhuran24/.local/bin/sha256sum", ["sha256sum", "--", "/tmp/kernel-audit2-v3r63b5w/\346\261\202\350\247\243\345\231\250/crates/kernel/src/value.rs"], 0x7ffd72465138 /* 135 vars */) = -1 ENOENT (No such file or directory)
1428387 execve("/home/zhuran24/.opencode/bin/sha256sum", ["sha256sum", "--", "/tmp/kernel-audit2-v3r63b5w/\346\261\202\350\247\243\345\231\250/crates/kernel/src/value.rs"], 0x7ffd72465138 /* 135 vars */) = -1 ENOENT (No such file or directory)
1428387 execve("/usr/local/bin/sha256sum", ["sha256sum", "--", "/tmp/kernel-audit2-v3r63b5w/\346\261\202\350\247\243\345\231\250/crates/kernel/src/value.rs"], 0x7ffd72465138 /* 135 vars */) = -1 ENOENT (No such file or directory)
1428387 execve("/usr/bin/sha256sum", ["sha256sum", "--", "/tmp/kernel-audit2-v3r63b5w/\346\261\202\350\247\243\345\231\250/crates/kernel/src/value.rs"], 0x7ffd72465138 /* 135 vars */) = 0
1428387 openat(AT_FDCWD</tmp/kernel-audit2-v3r63b5w/\346\261\202\350\247\243\345\231\250>, "/etc/ld.so.cache", O_RDONLY|O_CLOEXEC) = 3</etc/ld.so.cache>
1428387 openat(AT_FDCWD</tmp/kernel-audit2-v3r63b5w/\346\261\202\350\247\243\345\231\250>, "/usr/lib/libcrypto.so.3", O_RDONLY|O_CLOEXEC) = 3</usr/lib/libcrypto.so.3>
1428387 openat(AT_FDCWD</tmp/kernel-audit2-v3r63b5w/\346\261\202\350\247\243\345\231\250>, "/usr/lib/libc.so.6", O_RDONLY|O_CLOEXEC) = 3</usr/lib/libc.so.6>
1428387 openat(AT_FDCWD</tmp/kernel-audit2-v3r63b5w/\346\261\202\350\247\243\345\231\250>, "/usr/lib/libz.so.1", O_RDONLY|O_CLOEXEC) = 3</usr/lib/libz.so.1.3.1.zlib-ng>
1428387 openat(AT_FDCWD</tmp/kernel-audit2-v3r63b5w/\346\261\202\350\247\243\345\231\250>, "/usr/lib/libbrotlienc.so.1", O_RDONLY|O_CLOEXEC) = 3</usr/lib/libbrotlienc.so.1.2.0>
1428387 openat(AT_FDCWD</tmp/kernel-audit2-v3r63b5w/\346\261\202\350\247\243\345\231\250>, "/usr/lib/libbrotlidec.so.1", O_RDONLY|O_CLOEXEC) = 3</usr/lib/libbrotlidec.so.1.2.0>
1428387 openat(AT_FDCWD</tmp/kernel-audit2-v3r63b5w/\346\261\202\350\247\243\345\231\250>, "/usr/lib/libzstd.so.1", O_RDONLY|O_CLOEXEC) = 3</usr/lib/libzstd.so.1.5.7>
1428387 openat(AT_FDCWD</tmp/kernel-audit2-v3r63b5w/\346\261\202\350\247\243\345\231\250>, "/usr/lib/libm.so.6", O_RDONLY|O_CLOEXEC) = 3</usr/lib/libm.so.6>
1428387 openat(AT_FDCWD</tmp/kernel-audit2-v3r63b5w/\346\261\202\350\247\243\345\231\250>, "/usr/lib/libbrotlicommon.so.1", O_RDONLY|O_CLOEXEC) = 3</usr/lib/libbrotlicommon.so.1.2.0>
1428387 openat(AT_FDCWD</tmp/kernel-audit2-v3r63b5w/\346\261\202\350\247\243\345\231\250>, "/usr/lib/locale/locale-archive", O_RDONLY|O_CLOEXEC) = 3</usr/lib/locale/locale-archive>
1428387 openat(AT_FDCWD</tmp/kernel-audit2-v3r63b5w/\346\261\202\350\247\243\345\231\250>, "/usr/share/locale/locale.alias", O_RDONLY|O_CLOEXEC) = 3</usr/share/locale/locale.alias>
1428387 openat(AT_FDCWD</tmp/kernel-audit2-v3r63b5w/\346\261\202\350\247\243\345\231\250>, "/usr/lib/locale/C.UTF-8/LC_IDENTIFICATION", O_RDONLY|O_CLOEXEC) = -1 ENOENT (No such file or directory)
1428387 openat(AT_FDCWD</tmp/kernel-audit2-v3r63b5w/\346\261\202\350\247\243\345\231\250>, "/usr/lib/locale/C.utf8/LC_IDENTIFICATION", O_RDONLY|O_CLOEXEC) = 3</usr/lib/locale/C.utf8/LC_IDENTIFICATION>
1428387 openat(AT_FDCWD</tmp/kernel-audit2-v3r63b5w/\346\261\202\350\247\243\345\231\250>, "/usr/lib/gconv/gconv-modules.cache", O_RDONLY|O_CLOEXEC) = 3</usr/lib/gconv/gconv-modules.cache>
1428387 openat(AT_FDCWD</tmp/kernel-audit2-v3r63b5w/\346\261\202\350\247\243\345\231\250>, "/usr/lib/locale/C.UTF-8/LC_MEASUREMENT", O_RDONLY|O_CLOEXEC) = -1 ENOENT (No such file or directory)
1428387 openat(AT_FDCWD</tmp/kernel-audit2-v3r63b5w/\346\261\202\350\247\243\345\231\250>, "/usr/lib/locale/C.utf8/LC_MEASUREMENT", O_RDONLY|O_CLOEXEC) = 3</usr/lib/locale/C.utf8/LC_MEASUREMENT>
1428387 openat(AT_FDCWD</tmp/kernel-audit2-v3r63b5w/\346\261\202\350\247\243\345\231\250>, "/usr/lib/locale/C.UTF-8/LC_TELEPHONE", O_RDONLY|O_CLOEXEC) = -1 ENOENT (No such file or directory)
1428387 openat(AT_FDCWD</tmp/kernel-audit2-v3r63b5w/\346\261\202\350\247\243\345\231\250>, "/usr/lib/locale/C.utf8/LC_TELEPHONE", O_RDONLY|O_CLOEXEC) = 3</usr/lib/locale/C.utf8/LC_TELEPHONE>
1428387 openat(AT_FDCWD</tmp/kernel-audit2-v3r63b5w/\346\261\202\350\247\243\345\231\250>, "/usr/lib/locale/C.UTF-8/LC_ADDRESS", O_RDONLY|O_CLOEXEC) = -1 ENOENT (No such file or directory)
1428387 openat(AT_FDCWD</tmp/kernel-audit2-v3r63b5w/\346\261\202\350\247\243\345\231\250>, "/usr/lib/locale/C.utf8/LC_ADDRESS", O_RDONLY|O_CLOEXEC) = 3</usr/lib/locale/C.utf8/LC_ADDRESS>
1428387 openat(AT_FDCWD</tmp/kernel-audit2-v3r63b5w/\346\261\202\350\247\243\345\231\250>, "/usr/lib/locale/C.UTF-8/LC_NAME", O_RDONLY|O_CLOEXEC) = -1 ENOENT (No such file or directory)
1428387 openat(AT_FDCWD</tmp/kernel-audit2-v3r63b5w/\346\261\202\350\247\243\345\231\250>, "/usr/lib/locale/C.utf8/LC_NAME", O_RDONLY|O_CLOEXEC) = 3</usr/lib/locale/C.utf8/LC_NAME>
1428387 openat(AT_FDCWD</tmp/kernel-audit2-v3r63b5w/\346\261\202\350\247\243\345\231\250>, "/usr/lib/locale/C.UTF-8/LC_PAPER", O_RDONLY|O_CLOEXEC) = -1 ENOENT (No such file or directory)
1428387 openat(AT_FDCWD</tmp/kernel-audit2-v3r63b5w/\346\261\202\350\247\243\345\231\250>, "/usr/lib/locale/C.utf8/LC_PAPER", O_RDONLY|O_CLOEXEC) = 3</usr/lib/locale/C.utf8/LC_PAPER>
1428387 openat(AT_FDCWD</tmp/kernel-audit2-v3r63b5w/\346\261\202\350\247\243\345\231\250>, "/usr/lib/locale/C.UTF-8/LC_MESSAGES", O_RDONLY|O_CLOEXEC) = -1 ENOENT (No such file or directory)
1428387 openat(AT_FDCWD</tmp/kernel-audit2-v3r63b5w/\346\261\202\350\247\243\345\231\250>, "/usr/lib/locale/C.utf8/LC_MESSAGES", O_RDONLY|O_CLOEXEC) = 3</usr/lib/locale/C.utf8/LC_MESSAGES>
1428387 openat(AT_FDCWD</tmp/kernel-audit2-v3r63b5w/\346\261\202\350\247\243\345\231\250>, "/usr/lib/locale/C.utf8/LC_MESSAGES/SYS_LC_MESSAGES", O_RDONLY|O_CLOEXEC) = 3</usr/lib/locale/C.utf8/LC_MESSAGES/SYS_LC_MESSAGES>
1428387 openat(AT_FDCWD</tmp/kernel-audit2-v3r63b5w/\346\261\202\350\247\243\345\231\250>, "/usr/lib/locale/C.UTF-8/LC_MONETARY", O_RDONLY|O_CLOEXEC) = -1 ENOENT (No such file or directory)
1428387 openat(AT_FDCWD</tmp/kernel-audit2-v3r63b5w/\346\261\202\350\247\243\345\231\250>, "/usr/lib/locale/C.utf8/LC_MONETARY", O_RDONLY|O_CLOEXEC) = 3</usr/lib/locale/C.utf8/LC_MONETARY>
1428387 openat(AT_FDCWD</tmp/kernel-audit2-v3r63b5w/\346\261\202\350\247\243\345\231\250>, "/usr/lib/locale/C.UTF-8/LC_COLLATE", O_RDONLY|O_CLOEXEC) = -1 ENOENT (No such file or directory)
1428387 openat(AT_FDCWD</tmp/kernel-audit2-v3r63b5w/\346\261\202\350\247\243\345\231\250>, "/usr/lib/locale/C.utf8/LC_COLLATE", O_RDONLY|O_CLOEXEC) = 3</usr/lib/locale/C.utf8/LC_COLLATE>
1428387 openat(AT_FDCWD</tmp/kernel-audit2-v3r63b5w/\346\261\202\350\247\243\345\231\250>, "/usr/lib/locale/C.UTF-8/LC_TIME", O_RDONLY|O_CLOEXEC) = -1 ENOENT (No such file or directory)
1428387 openat(AT_FDCWD</tmp/kernel-audit2-v3r63b5w/\346\261\202\350\247\243\345\231\250>, "/usr/lib/locale/C.utf8/LC_TIME", O_RDONLY|O_CLOEXEC) = 3</usr/lib/locale/C.utf8/LC_TIME>
1428387 openat(AT_FDCWD</tmp/kernel-audit2-v3r63b5w/\346\261\202\350\247\243\345\231\250>, "/usr/lib/locale/C.UTF-8/LC_NUMERIC", O_RDONLY|O_CLOEXEC) = -1 ENOENT (No such file or directory)
1428387 openat(AT_FDCWD</tmp/kernel-audit2-v3r63b5w/\346\261\202\350\247\243\345\231\250>, "/usr/lib/locale/C.utf8/LC_NUMERIC", O_RDONLY|O_CLOEXEC) = 3</usr/lib/locale/C.utf8/LC_NUMERIC>
1428387 openat(AT_FDCWD</tmp/kernel-audit2-v3r63b5w/\346\261\202\350\247\243\345\231\250>, "/usr/lib/locale/C.UTF-8/LC_CTYPE", O_RDONLY|O_CLOEXEC) = -1 ENOENT (No such file or directory)
1428387 openat(AT_FDCWD</tmp/kernel-audit2-v3r63b5w/\346\261\202\350\247\243\345\231\250>, "/usr/lib/locale/C.utf8/LC_CTYPE", O_RDONLY|O_CLOEXEC) = 3</usr/lib/locale/C.utf8/LC_CTYPE>
1428387 openat(AT_FDCWD</tmp/kernel-audit2-v3r63b5w/\346\261\202\350\247\243\345\231\250>, "/tmp/kernel-audit2-v3r63b5w/\346\261\202\350\247\243\345\231\250/crates/kernel/src/value.rs", O_RDONLY) = 3</tmp/kernel-audit2-v3r63b5w/\346\261\202\350\247\243\345\231\250/crates/kernel/src/value.rs>
1428364 --- SIGCHLD {si_signo=SIGCHLD, si_code=CLD_EXITED, si_pid=1428387, si_uid=1000, si_status=0, si_utime=0, si_stime=0} ---
1428364 openat(AT_FDCWD</tmp/kernel-audit2-v3r63b5w/\346\261\202\350\247\243\345\231\250>, "/dev/null", O_RDONLY|O_CLOEXEC) = 3</dev/null<char 1:3>>
1428388 execve("/home/zhuran24/.codex/tmp/arg0/codex-arg0DuAZRy/sha256sum", ["sha256sum", "--", "/tmp/kernel-audit2-v3r63b5w/\346\261\202\350\247\243\345\231\250/crates/kernel/src/config.rs"], 0x7ffd72465138 /* 135 vars */) = -1 ENOENT (No such file or directory)
1428388 execve("/home/zhuran24/.cargo/bin/sha256sum", ["sha256sum", "--", "/tmp/kernel-audit2-v3r63b5w/\346\261\202\350\247\243\345\231\250/crates/kernel/src/config.rs"], 0x7ffd72465138 /* 135 vars */) = -1 ENOENT (No such file or directory)
1428388 execve("/home/zhuran24/.local/bin/sha256sum", ["sha256sum", "--", "/tmp/kernel-audit2-v3r63b5w/\346\261\202\350\247\243\345\231\250/crates/kernel/src/config.rs"], 0x7ffd72465138 /* 135 vars */) = -1 ENOENT (No such file or directory)
1428388 execve("/home/zhuran24/.opencode/bin/sha256sum", ["sha256sum", "--", "/tmp/kernel-audit2-v3r63b5w/\346\261\202\350\247\243\345\231\250/crates/kernel/src/config.rs"], 0x7ffd72465138 /* 135 vars */) = -1 ENOENT (No such file or directory)
1428388 execve("/usr/local/bin/sha256sum", ["sha256sum", "--", "/tmp/kernel-audit2-v3r63b5w/\346\261\202\350\247\243\345\231\250/crates/kernel/src/config.rs"], 0x7ffd72465138 /* 135 vars */) = -1 ENOENT (No such file or directory)
1428388 execve("/usr/bin/sha256sum", ["sha256sum", "--", "/tmp/kernel-audit2-v3r63b5w/\346\261\202\350\247\243\345\231\250/crates/kernel/src/config.rs"], 0x7ffd72465138 /* 135 vars */) = 0
1428388 openat(AT_FDCWD</tmp/kernel-audit2-v3r63b5w/\346\261\202\350\247\243\345\231\250>, "/etc/ld.so.cache", O_RDONLY|O_CLOEXEC) = 3</etc/ld.so.cache>
1428388 openat(AT_FDCWD</tmp/kernel-audit2-v3r63b5w/\346\261\202\350\247\243\345\231\250>, "/usr/lib/libcrypto.so.3", O_RDONLY|O_CLOEXEC) = 3</usr/lib/libcrypto.so.3>
1428388 openat(AT_FDCWD</tmp/kernel-audit2-v3r63b5w/\346\261\202\350\247\243\345\231\250>, "/usr/lib/libc.so.6", O_RDONLY|O_CLOEXEC) = 3</usr/lib/libc.so.6>
1428388 openat(AT_FDCWD</tmp/kernel-audit2-v3r63b5w/\346\261\202\350\247\243\345\231\250>, "/usr/lib/libz.so.1", O_RDONLY|O_CLOEXEC) = 3</usr/lib/libz.so.1.3.1.zlib-ng>
1428388 openat(AT_FDCWD</tmp/kernel-audit2-v3r63b5w/\346\261\202\350\247\243\345\231\250>, "/usr/lib/libbrotlienc.so.1", O_RDONLY|O_CLOEXEC) = 3</usr/lib/libbrotlienc.so.1.2.0>
1428388 openat(AT_FDCWD</tmp/kernel-audit2-v3r63b5w/\346\261\202\350\247\243\345\231\250>, "/usr/lib/libbrotlidec.so.1", O_RDONLY|O_CLOEXEC) = 3</usr/lib/libbrotlidec.so.1.2.0>
1428388 openat(AT_FDCWD</tmp/kernel-audit2-v3r63b5w/\346\261\202\350\247\243\345\231\250>, "/usr/lib/libzstd.so.1", O_RDONLY|O_CLOEXEC) = 3</usr/lib/libzstd.so.1.5.7>
1428388 openat(AT_FDCWD</tmp/kernel-audit2-v3r63b5w/\346\261\202\350\247\243\345\231\250>, "/usr/lib/libm.so.6", O_RDONLY|O_CLOEXEC) = 3</usr/lib/libm.so.6>
1428388 openat(AT_FDCWD</tmp/kernel-audit2-v3r63b5w/\346\261\202\350\247\243\345\231\250>, "/usr/lib/libbrotlicommon.so.1", O_RDONLY|O_CLOEXEC) = 3</usr/lib/libbrotlicommon.so.1.2.0>
1428388 openat(AT_FDCWD</tmp/kernel-audit2-v3r63b5w/\346\261\202\350\247\243\345\231\250>, "/usr/lib/locale/locale-archive", O_RDONLY|O_CLOEXEC) = 3</usr/lib/locale/locale-archive>
1428388 openat(AT_FDCWD</tmp/kernel-audit2-v3r63b5w/\346\261\202\350\247\243\345\231\250>, "/usr/share/locale/locale.alias", O_RDONLY|O_CLOEXEC) = 3</usr/share/locale/locale.alias>
1428388 openat(AT_FDCWD</tmp/kernel-audit2-v3r63b5w/\346\261\202\350\247\243\345\231\250>, "/usr/lib/locale/C.UTF-8/LC_IDENTIFICATION", O_RDONLY|O_CLOEXEC) = -1 ENOENT (No such file or directory)
1428388 openat(AT_FDCWD</tmp/kernel-audit2-v3r63b5w/\346\261\202\350\247\243\345\231\250>, "/usr/lib/locale/C.utf8/LC_IDENTIFICATION", O_RDONLY|O_CLOEXEC) = 3</usr/lib/locale/C.utf8/LC_IDENTIFICATION>
1428388 openat(AT_FDCWD</tmp/kernel-audit2-v3r63b5w/\346\261\202\350\247\243\345\231\250>, "/usr/lib/gconv/gconv-modules.cache", O_RDONLY|O_CLOEXEC) = 3</usr/lib/gconv/gconv-modules.cache>
1428388 openat(AT_FDCWD</tmp/kernel-audit2-v3r63b5w/\346\261\202\350\247\243\345\231\250>, "/usr/lib/locale/C.UTF-8/LC_MEASUREMENT", O_RDONLY|O_CLOEXEC) = -1 ENOENT (No such file or directory)
1428388 openat(AT_FDCWD</tmp/kernel-audit2-v3r63b5w/\346\261\202\350\247\243\345\231\250>, "/usr/lib/locale/C.utf8/LC_MEASUREMENT", O_RDONLY|O_CLOEXEC) = 3</usr/lib/locale/C.utf8/LC_MEASUREMENT>
1428388 openat(AT_FDCWD</tmp/kernel-audit2-v3r63b5w/\346\261\202\350\247\243\345\231\250>, "/usr/lib/locale/C.UTF-8/LC_TELEPHONE", O_RDONLY|O_CLOEXEC) = -1 ENOENT (No such file or directory)
1428388 openat(AT_FDCWD</tmp/kernel-audit2-v3r63b5w/\346\261\202\350\247\243\345\231\250>, "/usr/lib/locale/C.utf8/LC_TELEPHONE", O_RDONLY|O_CLOEXEC) = 3</usr/lib/locale/C.utf8/LC_TELEPHONE>
1428388 openat(AT_FDCWD</tmp/kernel-audit2-v3r63b5w/\346\261\202\350\247\243\345\231\250>, "/usr/lib/locale/C.UTF-8/LC_ADDRESS", O_RDONLY|O_CLOEXEC) = -1 ENOENT (No such file or directory)
1428388 openat(AT_FDCWD</tmp/kernel-audit2-v3r63b5w/\346\261\202\350\247\243\345\231\250>, "/usr/lib/locale/C.utf8/LC_ADDRESS", O_RDONLY|O_CLOEXEC) = 3</usr/lib/locale/C.utf8/LC_ADDRESS>
1428388 openat(AT_FDCWD</tmp/kernel-audit2-v3r63b5w/\346\261\202\350\247\243\345\231\250>, "/usr/lib/locale/C.UTF-8/LC_NAME", O_RDONLY|O_CLOEXEC) = -1 ENOENT (No such file or directory)
1428388 openat(AT_FDCWD</tmp/kernel-audit2-v3r63b5w/\346\261\202\350\247\243\345\231\250>, "/usr/lib/locale/C.utf8/LC_NAME", O_RDONLY|O_CLOEXEC) = 3</usr/lib/locale/C.utf8/LC_NAME>
1428388 openat(AT_FDCWD</tmp/kernel-audit2-v3r63b5w/\346\261\202\350\247\243\345\231\250>, "/usr/lib/locale/C.UTF-8/LC_PAPER", O_RDONLY|O_CLOEXEC) = -1 ENOENT (No such file or directory)
1428388 openat(AT_FDCWD</tmp/kernel-audit2-v3r63b5w/\346\261\202\350\247\243\345\231\250>, "/usr/lib/locale/C.utf8/LC_PAPER", O_RDONLY|O_CLOEXEC) = 3</usr/lib/locale/C.utf8/LC_PAPER>
1428388 openat(AT_FDCWD</tmp/kernel-audit2-v3r63b5w/\346\261\202\350\247\243\345\231\250>, "/usr/lib/locale/C.UTF-8/LC_MESSAGES", O_RDONLY|O_CLOEXEC) = -1 ENOENT (No such file or directory)
1428388 openat(AT_FDCWD</tmp/kernel-audit2-v3r63b5w/\346\261\202\350\247\243\345\231\250>, "/usr/lib/locale/C.utf8/LC_MESSAGES", O_RDONLY|O_CLOEXEC) = 3</usr/lib/locale/C.utf8/LC_MESSAGES>
1428388 openat(AT_FDCWD</tmp/kernel-audit2-v3r63b5w/\346\261\202\350\247\243\345\231\250>, "/usr/lib/locale/C.utf8/LC_MESSAGES/SYS_LC_MESSAGES", O_RDONLY|O_CLOEXEC) = 3</usr/lib/locale/C.utf8/LC_MESSAGES/SYS_LC_MESSAGES>
1428388 openat(AT_FDCWD</tmp/kernel-audit2-v3r63b5w/\346\261\202\350\247\243\345\231\250>, "/usr/lib/locale/C.UTF-8/LC_MONETARY", O_RDONLY|O_CLOEXEC) = -1 ENOENT (No such file or directory)
1428388 openat(AT_FDCWD</tmp/kernel-audit2-v3r63b5w/\346\261\202\350\247\243\345\231\250>, "/usr/lib/locale/C.utf8/LC_MONETARY", O_RDONLY|O_CLOEXEC) = 3</usr/lib/locale/C.utf8/LC_MONETARY>
1428388 openat(AT_FDCWD</tmp/kernel-audit2-v3r63b5w/\346\261\202\350\247\243\345\231\250>, "/usr/lib/locale/C.UTF-8/LC_COLLATE", O_RDONLY|O_CLOEXEC) = -1 ENOENT (No such file or directory)
1428388 openat(AT_FDCWD</tmp/kernel-audit2-v3r63b5w/\346\261\202\350\247\243\345\231\250>, "/usr/lib/locale/C.utf8/LC_COLLATE", O_RDONLY|O_CLOEXEC) = 3</usr/lib/locale/C.utf8/LC_COLLATE>
1428388 openat(AT_FDCWD</tmp/kernel-audit2-v3r63b5w/\346\261\202\350\247\243\345\231\250>, "/usr/lib/locale/C.UTF-8/LC_TIME", O_RDONLY|O_CLOEXEC) = -1 ENOENT (No such file or directory)
1428388 openat(AT_FDCWD</tmp/kernel-audit2-v3r63b5w/\346\261\202\350\247\243\345\231\250>, "/usr/lib/locale/C.utf8/LC_TIME", O_RDONLY|O_CLOEXEC) = 3</usr/lib/locale/C.utf8/LC_TIME>
1428388 openat(AT_FDCWD</tmp/kernel-audit2-v3r63b5w/\346\261\202\350\247\243\345\231\250>, "/usr/lib/locale/C.UTF-8/LC_NUMERIC", O_RDONLY|O_CLOEXEC) = -1 ENOENT (No such file or directory)
1428388 openat(AT_FDCWD</tmp/kernel-audit2-v3r63b5w/\346\261\202\350\247\243\345\231\250>, "/usr/lib/locale/C.utf8/LC_NUMERIC", O_RDONLY|O_CLOEXEC) = 3</usr/lib/locale/C.utf8/LC_NUMERIC>
1428388 openat(AT_FDCWD</tmp/kernel-audit2-v3r63b5w/\346\261\202\350\247\243\345\231\250>, "/usr/lib/locale/C.UTF-8/LC_CTYPE", O_RDONLY|O_CLOEXEC) = -1 ENOENT (No such file or directory)
1428388 openat(AT_FDCWD</tmp/kernel-audit2-v3r63b5w/\346\261\202\350\247\243\345\231\250>, "/usr/lib/locale/C.utf8/LC_CTYPE", O_RDONLY|O_CLOEXEC) = 3</usr/lib/locale/C.utf8/LC_CTYPE>
1428388 openat(AT_FDCWD</tmp/kernel-audit2-v3r63b5w/\346\261\202\350\247\243\345\231\250>, "/tmp/kernel-audit2-v3r63b5w/\346\261\202\350\247\243\345\231\250/crates/kernel/src/config.rs", O_RDONLY) = 3</tmp/kernel-audit2-v3r63b5w/\346\261\202\350\247\243\345\231\250/crates/kernel/src/config.rs>
1428364 --- SIGCHLD {si_signo=SIGCHLD, si_code=CLD_EXITED, si_pid=1428388, si_uid=1000, si_status=0, si_utime=0, si_stime=0} ---
1428364 openat(AT_FDCWD</tmp/kernel-audit2-v3r63b5w/\346\261\202\350\247\243\345\231\250>, "/dev/null", O_RDONLY|O_CLOEXEC) = 3</dev/null<char 1:3>>
1428389 execve("/home/zhuran24/.codex/tmp/arg0/codex-arg0DuAZRy/sha256sum", ["sha256sum", "--", "/tmp/kernel-audit2-v3r63b5w/\346\261\202\350\247\243\345\231\250/crates/kernel/src/model.rs"], 0x7ffd72465138 /* 135 vars */) = -1 ENOENT (No such file or directory)
1428389 execve("/home/zhuran24/.cargo/bin/sha256sum", ["sha256sum", "--", "/tmp/kernel-audit2-v3r63b5w/\346\261\202\350\247\243\345\231\250/crates/kernel/src/model.rs"], 0x7ffd72465138 /* 135 vars */) = -1 ENOENT (No such file or directory)
1428389 execve("/home/zhuran24/.local/bin/sha256sum", ["sha256sum", "--", "/tmp/kernel-audit2-v3r63b5w/\346\261\202\350\247\243\345\231\250/crates/kernel/src/model.rs"], 0x7ffd72465138 /* 135 vars */) = -1 ENOENT (No such file or directory)
1428389 execve("/home/zhuran24/.opencode/bin/sha256sum", ["sha256sum", "--", "/tmp/kernel-audit2-v3r63b5w/\346\261\202\350\247\243\345\231\250/crates/kernel/src/model.rs"], 0x7ffd72465138 /* 135 vars */) = -1 ENOENT (No such file or directory)
1428389 execve("/usr/local/bin/sha256sum", ["sha256sum", "--", "/tmp/kernel-audit2-v3r63b5w/\346\261\202\350\247\243\345\231\250/crates/kernel/src/model.rs"], 0x7ffd72465138 /* 135 vars */) = -1 ENOENT (No such file or directory)
1428389 execve("/usr/bin/sha256sum", ["sha256sum", "--", "/tmp/kernel-audit2-v3r63b5w/\346\261\202\350\247\243\345\231\250/crates/kernel/src/model.rs"], 0x7ffd72465138 /* 135 vars */) = 0
1428389 openat(AT_FDCWD</tmp/kernel-audit2-v3r63b5w/\346\261\202\350\247\243\345\231\250>, "/etc/ld.so.cache", O_RDONLY|O_CLOEXEC) = 3</etc/ld.so.cache>
1428389 openat(AT_FDCWD</tmp/kernel-audit2-v3r63b5w/\346\261\202\350\247\243\345\231\250>, "/usr/lib/libcrypto.so.3", O_RDONLY|O_CLOEXEC) = 3</usr/lib/libcrypto.so.3>
1428389 openat(AT_FDCWD</tmp/kernel-audit2-v3r63b5w/\346\261\202\350\247\243\345\231\250>, "/usr/lib/libc.so.6", O_RDONLY|O_CLOEXEC) = 3</usr/lib/libc.so.6>
1428389 openat(AT_FDCWD</tmp/kernel-audit2-v3r63b5w/\346\261\202\350\247\243\345\231\250>, "/usr/lib/libz.so.1", O_RDONLY|O_CLOEXEC) = 3</usr/lib/libz.so.1.3.1.zlib-ng>
1428389 openat(AT_FDCWD</tmp/kernel-audit2-v3r63b5w/\346\261\202\350\247\243\345\231\250>, "/usr/lib/libbrotlienc.so.1", O_RDONLY|O_CLOEXEC) = 3</usr/lib/libbrotlienc.so.1.2.0>
1428389 openat(AT_FDCWD</tmp/kernel-audit2-v3r63b5w/\346\261\202\350\247\243\345\231\250>, "/usr/lib/libbrotlidec.so.1", O_RDONLY|O_CLOEXEC) = 3</usr/lib/libbrotlidec.so.1.2.0>
1428389 openat(AT_FDCWD</tmp/kernel-audit2-v3r63b5w/\346\261\202\350\247\243\345\231\250>, "/usr/lib/libzstd.so.1", O_RDONLY|O_CLOEXEC) = 3</usr/lib/libzstd.so.1.5.7>
1428389 openat(AT_FDCWD</tmp/kernel-audit2-v3r63b5w/\346\261\202\350\247\243\345\231\250>, "/usr/lib/libm.so.6", O_RDONLY|O_CLOEXEC) = 3</usr/lib/libm.so.6>
1428389 openat(AT_FDCWD</tmp/kernel-audit2-v3r63b5w/\346\261\202\350\247\243\345\231\250>, "/usr/lib/libbrotlicommon.so.1", O_RDONLY|O_CLOEXEC) = 3</usr/lib/libbrotlicommon.so.1.2.0>
1428389 openat(AT_FDCWD</tmp/kernel-audit2-v3r63b5w/\346\261\202\350\247\243\345\231\250>, "/usr/lib/locale/locale-archive", O_RDONLY|O_CLOEXEC) = 3</usr/lib/locale/locale-archive>
1428389 openat(AT_FDCWD</tmp/kernel-audit2-v3r63b5w/\346\261\202\350\247\243\345\231\250>, "/usr/share/locale/locale.alias", O_RDONLY|O_CLOEXEC) = 3</usr/share/locale/locale.alias>
1428389 openat(AT_FDCWD</tmp/kernel-audit2-v3r63b5w/\346\261\202\350\247\243\345\231\250>, "/usr/lib/locale/C.UTF-8/LC_IDENTIFICATION", O_RDONLY|O_CLOEXEC) = -1 ENOENT (No such file or directory)
1428389 openat(AT_FDCWD</tmp/kernel-audit2-v3r63b5w/\346\261\202\350\247\243\345\231\250>, "/usr/lib/locale/C.utf8/LC_IDENTIFICATION", O_RDONLY|O_CLOEXEC) = 3</usr/lib/locale/C.utf8/LC_IDENTIFICATION>
1428389 openat(AT_FDCWD</tmp/kernel-audit2-v3r63b5w/\346\261\202\350\247\243\345\231\250>, "/usr/lib/gconv/gconv-modules.cache", O_RDONLY|O_CLOEXEC) = 3</usr/lib/gconv/gconv-modules.cache>
1428389 openat(AT_FDCWD</tmp/kernel-audit2-v3r63b5w/\346\261\202\350\247\243\345\231\250>, "/usr/lib/locale/C.UTF-8/LC_MEASUREMENT", O_RDONLY|O_CLOEXEC) = -1 ENOENT (No such file or directory)
1428389 openat(AT_FDCWD</tmp/kernel-audit2-v3r63b5w/\346\261\202\350\247\243\345\231\250>, "/usr/lib/locale/C.utf8/LC_MEASUREMENT", O_RDONLY|O_CLOEXEC) = 3</usr/lib/locale/C.utf8/LC_MEASUREMENT>
1428389 openat(AT_FDCWD</tmp/kernel-audit2-v3r63b5w/\346\261\202\350\247\243\345\231\250>, "/usr/lib/locale/C.UTF-8/LC_TELEPHONE", O_RDONLY|O_CLOEXEC) = -1 ENOENT (No such file or directory)
1428389 openat(AT_FDCWD</tmp/kernel-audit2-v3r63b5w/\346\261\202\350\247\243\345\231\250>, "/usr/lib/locale/C.utf8/LC_TELEPHONE", O_RDONLY|O_CLOEXEC) = 3</usr/lib/locale/C.utf8/LC_TELEPHONE>
1428389 openat(AT_FDCWD</tmp/kernel-audit2-v3r63b5w/\346\261\202\350\247\243\345\231\250>, "/usr/lib/locale/C.UTF-8/LC_ADDRESS", O_RDONLY|O_CLOEXEC) = -1 ENOENT (No such file or directory)
1428389 openat(AT_FDCWD</tmp/kernel-audit2-v3r63b5w/\346\261\202\350\247\243\345\231\250>, "/usr/lib/locale/C.utf8/LC_ADDRESS", O_RDONLY|O_CLOEXEC) = 3</usr/lib/locale/C.utf8/LC_ADDRESS>
1428389 openat(AT_FDCWD</tmp/kernel-audit2-v3r63b5w/\346\261\202\350\247\243\345\231\250>, "/usr/lib/locale/C.UTF-8/LC_NAME", O_RDONLY|O_CLOEXEC) = -1 ENOENT (No such file or directory)
1428389 openat(AT_FDCWD</tmp/kernel-audit2-v3r63b5w/\346\261\202\350\247\243\345\231\250>, "/usr/lib/locale/C.utf8/LC_NAME", O_RDONLY|O_CLOEXEC) = 3</usr/lib/locale/C.utf8/LC_NAME>
1428389 openat(AT_FDCWD</tmp/kernel-audit2-v3r63b5w/\346\261\202\350\247\243\345\231\250>, "/usr/lib/locale/C.UTF-8/LC_PAPER", O_RDONLY|O_CLOEXEC) = -1 ENOENT (No such file or directory)
1428389 openat(AT_FDCWD</tmp/kernel-audit2-v3r63b5w/\346\261\202\350\247\243\345\231\250>, "/usr/lib/locale/C.utf8/LC_PAPER", O_RDONLY|O_CLOEXEC) = 3</usr/lib/locale/C.utf8/LC_PAPER>
1428389 openat(AT_FDCWD</tmp/kernel-audit2-v3r63b5w/\346\261\202\350\247\243\345\231\250>, "/usr/lib/locale/C.UTF-8/LC_MESSAGES", O_RDONLY|O_CLOEXEC) = -1 ENOENT (No such file or directory)
1428389 openat(AT_FDCWD</tmp/kernel-audit2-v3r63b5w/\346\261\202\350\247\243\345\231\250>, "/usr/lib/locale/C.utf8/LC_MESSAGES", O_RDONLY|O_CLOEXEC) = 3</usr/lib/locale/C.utf8/LC_MESSAGES>
1428389 openat(AT_FDCWD</tmp/kernel-audit2-v3r63b5w/\346\261\202\350\247\243\345\231\250>, "/usr/lib/locale/C.utf8/LC_MESSAGES/SYS_LC_MESSAGES", O_RDONLY|O_CLOEXEC) = 3</usr/lib/locale/C.utf8/LC_MESSAGES/SYS_LC_MESSAGES>
1428389 openat(AT_FDCWD</tmp/kernel-audit2-v3r63b5w/\346\261\202\350\247\243\345\231\250>, "/usr/lib/locale/C.UTF-8/LC_MONETARY", O_RDONLY|O_CLOEXEC) = -1 ENOENT (No such file or directory)
1428389 openat(AT_FDCWD</tmp/kernel-audit2-v3r63b5w/\346\261\202\350\247\243\345\231\250>, "/usr/lib/locale/C.utf8/LC_MONETARY", O_RDONLY|O_CLOEXEC) = 3</usr/lib/locale/C.utf8/LC_MONETARY>
1428389 openat(AT_FDCWD</tmp/kernel-audit2-v3r63b5w/\346\261\202\350\247\243\345\231\250>, "/usr/lib/locale/C.UTF-8/LC_COLLATE", O_RDONLY|O_CLOEXEC) = -1 ENOENT (No such file or directory)
1428389 openat(AT_FDCWD</tmp/kernel-audit2-v3r63b5w/\346\261\202\350\247\243\345\231\250>, "/usr/lib/locale/C.utf8/LC_COLLATE", O_RDONLY|O_CLOEXEC) = 3</usr/lib/locale/C.utf8/LC_COLLATE>
1428389 openat(AT_FDCWD</tmp/kernel-audit2-v3r63b5w/\346\261\202\350\247\243\345\231\250>, "/usr/lib/locale/C.UTF-8/LC_TIME", O_RDONLY|O_CLOEXEC) = -1 ENOENT (No such file or directory)
1428389 openat(AT_FDCWD</tmp/kernel-audit2-v3r63b5w/\346\261\202\350\247\243\345\231\250>, "/usr/lib/locale/C.utf8/LC_TIME", O_RDONLY|O_CLOEXEC) = 3</usr/lib/locale/C.utf8/LC_TIME>
1428389 openat(AT_FDCWD</tmp/kernel-audit2-v3r63b5w/\346\261\202\350\247\243\345\231\250>, "/usr/lib/locale/C.UTF-8/LC_NUMERIC", O_RDONLY|O_CLOEXEC) = -1 ENOENT (No such file or directory)
1428389 openat(AT_FDCWD</tmp/kernel-audit2-v3r63b5w/\346\261\202\350\247\243\345\231\250>, "/usr/lib/locale/C.utf8/LC_NUMERIC", O_RDONLY|O_CLOEXEC) = 3</usr/lib/locale/C.utf8/LC_NUMERIC>
1428389 openat(AT_FDCWD</tmp/kernel-audit2-v3r63b5w/\346\261\202\350\247\243\345\231\250>, "/usr/lib/locale/C.UTF-8/LC_CTYPE", O_RDONLY|O_CLOEXEC) = -1 ENOENT (No such file or directory)
1428389 openat(AT_FDCWD</tmp/kernel-audit2-v3r63b5w/\346\261\202\350\247\243\345\231\250>, "/usr/lib/locale/C.utf8/LC_CTYPE", O_RDONLY|O_CLOEXEC) = 3</usr/lib/locale/C.utf8/LC_CTYPE>
1428389 openat(AT_FDCWD</tmp/kernel-audit2-v3r63b5w/\346\261\202\350\247\243\345\231\250>, "/tmp/kernel-audit2-v3r63b5w/\346\261\202\350\247\243\345\231\250/crates/kernel/src/model.rs", O_RDONLY) = 3</tmp/kernel-audit2-v3r63b5w/\346\261\202\350\247\243\345\231\250/crates/kernel/src/model.rs>
1428364 --- SIGCHLD {si_signo=SIGCHLD, si_code=CLD_EXITED, si_pid=1428389, si_uid=1000, si_status=0, si_utime=0, si_stime=0} ---
1428364 openat(AT_FDCWD</tmp/kernel-audit2-v3r63b5w/\346\261\202\350\247\243\345\231\250>, "/dev/null", O_RDONLY|O_CLOEXEC) = 3</dev/null<char 1:3>>
1428390 execve("/home/zhuran24/.codex/tmp/arg0/codex-arg0DuAZRy/sha256sum", ["sha256sum", "--", "/tmp/kernel-audit2-v3r63b5w/\346\261\202\350\247\243\345\231\250/crates/kernel/src/catalog.rs"], 0x7ffd72465138 /* 135 vars */) = -1 ENOENT (No such file or directory)
1428390 execve("/home/zhuran24/.cargo/bin/sha256sum", ["sha256sum", "--", "/tmp/kernel-audit2-v3r63b5w/\346\261\202\350\247\243\345\231\250/crates/kernel/src/catalog.rs"], 0x7ffd72465138 /* 135 vars */) = -1 ENOENT (No such file or directory)
1428390 execve("/home/zhuran24/.local/bin/sha256sum", ["sha256sum", "--", "/tmp/kernel-audit2-v3r63b5w/\346\261\202\350\247\243\345\231\250/crates/kernel/src/catalog.rs"], 0x7ffd72465138 /* 135 vars */) = -1 ENOENT (No such file or directory)
1428390 execve("/home/zhuran24/.opencode/bin/sha256sum", ["sha256sum", "--", "/tmp/kernel-audit2-v3r63b5w/\346\261\202\350\247\243\345\231\250/crates/kernel/src/catalog.rs"], 0x7ffd72465138 /* 135 vars */) = -1 ENOENT (No such file or directory)
1428390 execve("/usr/local/bin/sha256sum", ["sha256sum", "--", "/tmp/kernel-audit2-v3r63b5w/\346\261\202\350\247\243\345\231\250/crates/kernel/src/catalog.rs"], 0x7ffd72465138 /* 135 vars */) = -1 ENOENT (No such file or directory)
1428390 execve("/usr/bin/sha256sum", ["sha256sum", "--", "/tmp/kernel-audit2-v3r63b5w/\346\261\202\350\247\243\345\231\250/crates/kernel/src/catalog.rs"], 0x7ffd72465138 /* 135 vars */) = 0
1428390 openat(AT_FDCWD</tmp/kernel-audit2-v3r63b5w/\346\261\202\350\247\243\345\231\250>, "/etc/ld.so.cache", O_RDONLY|O_CLOEXEC) = 3</etc/ld.so.cache>
1428390 openat(AT_FDCWD</tmp/kernel-audit2-v3r63b5w/\346\261\202\350\247\243\345\231\250>, "/usr/lib/libcrypto.so.3", O_RDONLY|O_CLOEXEC) = 3</usr/lib/libcrypto.so.3>
1428390 openat(AT_FDCWD</tmp/kernel-audit2-v3r63b5w/\346\261\202\350\247\243\345\231\250>, "/usr/lib/libc.so.6", O_RDONLY|O_CLOEXEC) = 3</usr/lib/libc.so.6>
1428390 openat(AT_FDCWD</tmp/kernel-audit2-v3r63b5w/\346\261\202\350\247\243\345\231\250>, "/usr/lib/libz.so.1", O_RDONLY|O_CLOEXEC) = 3</usr/lib/libz.so.1.3.1.zlib-ng>
1428390 openat(AT_FDCWD</tmp/kernel-audit2-v3r63b5w/\346\261\202\350\247\243\345\231\250>, "/usr/lib/libbrotlienc.so.1", O_RDONLY|O_CLOEXEC) = 3</usr/lib/libbrotlienc.so.1.2.0>
1428390 openat(AT_FDCWD</tmp/kernel-audit2-v3r63b5w/\346\261\202\350\247\243\345\231\250>, "/usr/lib/libbrotlidec.so.1", O_RDONLY|O_CLOEXEC) = 3</usr/lib/libbrotlidec.so.1.2.0>
1428390 openat(AT_FDCWD</tmp/kernel-audit2-v3r63b5w/\346\261\202\350\247\243\345\231\250>, "/usr/lib/libzstd.so.1", O_RDONLY|O_CLOEXEC) = 3</usr/lib/libzstd.so.1.5.7>
1428390 openat(AT_FDCWD</tmp/kernel-audit2-v3r63b5w/\346\261\202\350\247\243\345\231\250>, "/usr/lib/libm.so.6", O_RDONLY|O_CLOEXEC) = 3</usr/lib/libm.so.6>
1428390 openat(AT_FDCWD</tmp/kernel-audit2-v3r63b5w/\346\261\202\350\247\243\345\231\250>, "/usr/lib/libbrotlicommon.so.1", O_RDONLY|O_CLOEXEC) = 3</usr/lib/libbrotlicommon.so.1.2.0>
1428390 openat(AT_FDCWD</tmp/kernel-audit2-v3r63b5w/\346\261\202\350\247\243\345\231\250>, "/usr/lib/locale/locale-archive", O_RDONLY|O_CLOEXEC) = 3</usr/lib/locale/locale-archive>
1428390 openat(AT_FDCWD</tmp/kernel-audit2-v3r63b5w/\346\261\202\350\247\243\345\231\250>, "/usr/share/locale/locale.alias", O_RDONLY|O_CLOEXEC) = 3</usr/share/locale/locale.alias>
1428390 openat(AT_FDCWD</tmp/kernel-audit2-v3r63b5w/\346\261\202\350\247\243\345\231\250>, "/usr/lib/locale/C.UTF-8/LC_IDENTIFICATION", O_RDONLY|O_CLOEXEC) = -1 ENOENT (No such file or directory)
1428390 openat(AT_FDCWD</tmp/kernel-audit2-v3r63b5w/\346\261\202\350\247\243\345\231\250>, "/usr/lib/locale/C.utf8/LC_IDENTIFICATION", O_RDONLY|O_CLOEXEC) = 3</usr/lib/locale/C.utf8/LC_IDENTIFICATION>
1428390 openat(AT_FDCWD</tmp/kernel-audit2-v3r63b5w/\346\261\202\350\247\243\345\231\250>, "/usr/lib/gconv/gconv-modules.cache", O_RDONLY|O_CLOEXEC) = 3</usr/lib/gconv/gconv-modules.cache>
1428390 openat(AT_FDCWD</tmp/kernel-audit2-v3r63b5w/\346\261\202\350\247\243\345\231\250>, "/usr/lib/locale/C.UTF-8/LC_MEASUREMENT", O_RDONLY|O_CLOEXEC) = -1 ENOENT (No such file or directory)
1428390 openat(AT_FDCWD</tmp/kernel-audit2-v3r63b5w/\346\261\202\350\247\243\345\231\250>, "/usr/lib/locale/C.utf8/LC_MEASUREMENT", O_RDONLY|O_CLOEXEC) = 3</usr/lib/locale/C.utf8/LC_MEASUREMENT>
1428390 openat(AT_FDCWD</tmp/kernel-audit2-v3r63b5w/\346\261\202\350\247\243\345\231\250>, "/usr/lib/locale/C.UTF-8/LC_TELEPHONE", O_RDONLY|O_CLOEXEC) = -1 ENOENT (No such file or directory)
1428390 openat(AT_FDCWD</tmp/kernel-audit2-v3r63b5w/\346\261\202\350\247\243\345\231\250>, "/usr/lib/locale/C.utf8/LC_TELEPHONE", O_RDONLY|O_CLOEXEC) = 3</usr/lib/locale/C.utf8/LC_TELEPHONE>
1428390 openat(AT_FDCWD</tmp/kernel-audit2-v3r63b5w/\346\261\202\350\247\243\345\231\250>, "/usr/lib/locale/C.UTF-8/LC_ADDRESS", O_RDONLY|O_CLOEXEC) = -1 ENOENT (No such file or directory)
1428390 openat(AT_FDCWD</tmp/kernel-audit2-v3r63b5w/\346\261\202\350\247\243\345\231\250>, "/usr/lib/locale/C.utf8/LC_ADDRESS", O_RDONLY|O_CLOEXEC) = 3</usr/lib/locale/C.utf8/LC_ADDRESS>
1428390 openat(AT_FDCWD</tmp/kernel-audit2-v3r63b5w/\346\261\202\350\247\243\345\231\250>, "/usr/lib/locale/C.UTF-8/LC_NAME", O_RDONLY|O_CLOEXEC) = -1 ENOENT (No such file or directory)
1428390 openat(AT_FDCWD</tmp/kernel-audit2-v3r63b5w/\346\261\202\350\247\243\345\231\250>, "/usr/lib/locale/C.utf8/LC_NAME", O_RDONLY|O_CLOEXEC) = 3</usr/lib/locale/C.utf8/LC_NAME>
1428390 openat(AT_FDCWD</tmp/kernel-audit2-v3r63b5w/\346\261\202\350\247\243\345\231\250>, "/usr/lib/locale/C.UTF-8/LC_PAPER", O_RDONLY|O_CLOEXEC) = -1 ENOENT (No such file or directory)
1428390 openat(AT_FDCWD</tmp/kernel-audit2-v3r63b5w/\346\261\202\350\247\243\345\231\250>, "/usr/lib/locale/C.utf8/LC_PAPER", O_RDONLY|O_CLOEXEC) = 3</usr/lib/locale/C.utf8/LC_PAPER>
1428390 openat(AT_FDCWD</tmp/kernel-audit2-v3r63b5w/\346\261\202\350\247\243\345\231\250>, "/usr/lib/locale/C.UTF-8/LC_MESSAGES", O_RDONLY|O_CLOEXEC) = -1 ENOENT (No such file or directory)
1428390 openat(AT_FDCWD</tmp/kernel-audit2-v3r63b5w/\346\261\202\350\247\243\345\231\250>, "/usr/lib/locale/C.utf8/LC_MESSAGES", O_RDONLY|O_CLOEXEC) = 3</usr/lib/locale/C.utf8/LC_MESSAGES>
1428390 openat(AT_FDCWD</tmp/kernel-audit2-v3r63b5w/\346\261\202\350\247\243\345\231\250>, "/usr/lib/locale/C.utf8/LC_MESSAGES/SYS_LC_MESSAGES", O_RDONLY|O_CLOEXEC) = 3</usr/lib/locale/C.utf8/LC_MESSAGES/SYS_LC_MESSAGES>
1428390 openat(AT_FDCWD</tmp/kernel-audit2-v3r63b5w/\346\261\202\350\247\243\345\231\250>, "/usr/lib/locale/C.UTF-8/LC_MONETARY", O_RDONLY|O_CLOEXEC) = -1 ENOENT (No such file or directory)
1428390 openat(AT_FDCWD</tmp/kernel-audit2-v3r63b5w/\346\261\202\350\247\243\345\231\250>, "/usr/lib/locale/C.utf8/LC_MONETARY", O_RDONLY|O_CLOEXEC) = 3</usr/lib/locale/C.utf8/LC_MONETARY>
1428390 openat(AT_FDCWD</tmp/kernel-audit2-v3r63b5w/\346\261\202\350\247\243\345\231\250>, "/usr/lib/locale/C.UTF-8/LC_COLLATE", O_RDONLY|O_CLOEXEC) = -1 ENOENT (No such file or directory)
1428390 openat(AT_FDCWD</tmp/kernel-audit2-v3r63b5w/\346\261\202\350\247\243\345\231\250>, "/usr/lib/locale/C.utf8/LC_COLLATE", O_RDONLY|O_CLOEXEC) = 3</usr/lib/locale/C.utf8/LC_COLLATE>
1428390 openat(AT_FDCWD</tmp/kernel-audit2-v3r63b5w/\346\261\202\350\247\243\345\231\250>, "/usr/lib/locale/C.UTF-8/LC_TIME", O_RDONLY|O_CLOEXEC) = -1 ENOENT (No such file or directory)
1428390 openat(AT_FDCWD</tmp/kernel-audit2-v3r63b5w/\346\261\202\350\247\243\345\231\250>, "/usr/lib/locale/C.utf8/LC_TIME", O_RDONLY|O_CLOEXEC) = 3</usr/lib/locale/C.utf8/LC_TIME>
1428390 openat(AT_FDCWD</tmp/kernel-audit2-v3r63b5w/\346\261\202\350\247\243\345\231\250>, "/usr/lib/locale/C.UTF-8/LC_NUMERIC", O_RDONLY|O_CLOEXEC) = -1 ENOENT (No such file or directory)
1428390 openat(AT_FDCWD</tmp/kernel-audit2-v3r63b5w/\346\261\202\350\247\243\345\231\250>, "/usr/lib/locale/C.utf8/LC_NUMERIC", O_RDONLY|O_CLOEXEC) = 3</usr/lib/locale/C.utf8/LC_NUMERIC>
1428390 openat(AT_FDCWD</tmp/kernel-audit2-v3r63b5w/\346\261\202\350\247\243\345\231\250>, "/usr/lib/locale/C.UTF-8/LC_CTYPE", O_RDONLY|O_CLOEXEC) = -1 ENOENT (No such file or directory)
1428390 openat(AT_FDCWD</tmp/kernel-audit2-v3r63b5w/\346\261\202\350\247\243\345\231\250>, "/usr/lib/locale/C.utf8/LC_CTYPE", O_RDONLY|O_CLOEXEC) = 3</usr/lib/locale/C.utf8/LC_CTYPE>
1428390 openat(AT_FDCWD</tmp/kernel-audit2-v3r63b5w/\346\261\202\350\247\243\345\231\250>, "/tmp/kernel-audit2-v3r63b5w/\346\261\202\350\247\243\345\231\250/crates/kernel/src/catalog.rs", O_RDONLY) = 3</tmp/kernel-audit2-v3r63b5w/\346\261\202\350\247\243\345\231\250/crates/kernel/src/catalog.rs>
1428364 --- SIGCHLD {si_signo=SIGCHLD, si_code=CLD_EXITED, si_pid=1428390, si_uid=1000, si_status=0, si_utime=0, si_stime=0} ---
1428364 openat(AT_FDCWD</tmp/kernel-audit2-v3r63b5w/\346\261\202\350\247\243\345\231\250>, "/dev/null", O_RDONLY|O_CLOEXEC) = 3</dev/null<char 1:3>>
1428391 execve("/home/zhuran24/.codex/tmp/arg0/codex-arg0DuAZRy/sha256sum", ["sha256sum", "--", "/tmp/kernel-audit2-v3r63b5w/\346\261\202\350\247\243\345\231\250/crates/kernel/src/input.rs"], 0x7ffd72465138 /* 135 vars */) = -1 ENOENT (No such file or directory)
1428391 execve("/home/zhuran24/.cargo/bin/sha256sum", ["sha256sum", "--", "/tmp/kernel-audit2-v3r63b5w/\346\261\202\350\247\243\345\231\250/crates/kernel/src/input.rs"], 0x7ffd72465138 /* 135 vars */) = -1 ENOENT (No such file or directory)
1428391 execve("/home/zhuran24/.local/bin/sha256sum", ["sha256sum", "--", "/tmp/kernel-audit2-v3r63b5w/\346\261\202\350\247\243\345\231\250/crates/kernel/src/input.rs"], 0x7ffd72465138 /* 135 vars */) = -1 ENOENT (No such file or directory)
1428391 execve("/home/zhuran24/.opencode/bin/sha256sum", ["sha256sum", "--", "/tmp/kernel-audit2-v3r63b5w/\346\261\202\350\247\243\345\231\250/crates/kernel/src/input.rs"], 0x7ffd72465138 /* 135 vars */) = -1 ENOENT (No such file or directory)
1428391 execve("/usr/local/bin/sha256sum", ["sha256sum", "--", "/tmp/kernel-audit2-v3r63b5w/\346\261\202\350\247\243\345\231\250/crates/kernel/src/input.rs"], 0x7ffd72465138 /* 135 vars */) = -1 ENOENT (No such file or directory)
1428391 execve("/usr/bin/sha256sum", ["sha256sum", "--", "/tmp/kernel-audit2-v3r63b5w/\346\261\202\350\247\243\345\231\250/crates/kernel/src/input.rs"], 0x7ffd72465138 /* 135 vars */) = 0
1428391 openat(AT_FDCWD</tmp/kernel-audit2-v3r63b5w/\346\261\202\350\247\243\345\231\250>, "/etc/ld.so.cache", O_RDONLY|O_CLOEXEC) = 3</etc/ld.so.cache>
1428391 openat(AT_FDCWD</tmp/kernel-audit2-v3r63b5w/\346\261\202\350\247\243\345\231\250>, "/usr/lib/libcrypto.so.3", O_RDONLY|O_CLOEXEC) = 3</usr/lib/libcrypto.so.3>
1428391 openat(AT_FDCWD</tmp/kernel-audit2-v3r63b5w/\346\261\202\350\247\243\345\231\250>, "/usr/lib/libc.so.6", O_RDONLY|O_CLOEXEC) = 3</usr/lib/libc.so.6>
1428391 openat(AT_FDCWD</tmp/kernel-audit2-v3r63b5w/\346\261\202\350\247\243\345\231\250>, "/usr/lib/libz.so.1", O_RDONLY|O_CLOEXEC) = 3</usr/lib/libz.so.1.3.1.zlib-ng>
1428391 openat(AT_FDCWD</tmp/kernel-audit2-v3r63b5w/\346\261\202\350\247\243\345\231\250>, "/usr/lib/libbrotlienc.so.1", O_RDONLY|O_CLOEXEC) = 3</usr/lib/libbrotlienc.so.1.2.0>
1428391 openat(AT_FDCWD</tmp/kernel-audit2-v3r63b5w/\346\261\202\350\247\243\345\231\250>, "/usr/lib/libbrotlidec.so.1", O_RDONLY|O_CLOEXEC) = 3</usr/lib/libbrotlidec.so.1.2.0>
1428391 openat(AT_FDCWD</tmp/kernel-audit2-v3r63b5w/\346\261\202\350\247\243\345\231\250>, "/usr/lib/libzstd.so.1", O_RDONLY|O_CLOEXEC) = 3</usr/lib/libzstd.so.1.5.7>
1428391 openat(AT_FDCWD</tmp/kernel-audit2-v3r63b5w/\346\261\202\350\247\243\345\231\250>, "/usr/lib/libm.so.6", O_RDONLY|O_CLOEXEC) = 3</usr/lib/libm.so.6>
1428391 openat(AT_FDCWD</tmp/kernel-audit2-v3r63b5w/\346\261\202\350\247\243\345\231\250>, "/usr/lib/libbrotlicommon.so.1", O_RDONLY|O_CLOEXEC) = 3</usr/lib/libbrotlicommon.so.1.2.0>
1428391 openat(AT_FDCWD</tmp/kernel-audit2-v3r63b5w/\346\261\202\350\247\243\345\231\250>, "/usr/lib/locale/locale-archive", O_RDONLY|O_CLOEXEC) = 3</usr/lib/locale/locale-archive>
1428391 openat(AT_FDCWD</tmp/kernel-audit2-v3r63b5w/\346\261\202\350\247\243\345\231\250>, "/usr/share/locale/locale.alias", O_RDONLY|O_CLOEXEC) = 3</usr/share/locale/locale.alias>
1428391 openat(AT_FDCWD</tmp/kernel-audit2-v3r63b5w/\346\261\202\350\247\243\345\231\250>, "/usr/lib/locale/C.UTF-8/LC_IDENTIFICATION", O_RDONLY|O_CLOEXEC) = -1 ENOENT (No such file or directory)
1428391 openat(AT_FDCWD</tmp/kernel-audit2-v3r63b5w/\346\261\202\350\247\243\345\231\250>, "/usr/lib/locale/C.utf8/LC_IDENTIFICATION", O_RDONLY|O_CLOEXEC) = 3</usr/lib/locale/C.utf8/LC_IDENTIFICATION>
1428391 openat(AT_FDCWD</tmp/kernel-audit2-v3r63b5w/\346\261\202\350\247\243\345\231\250>, "/usr/lib/gconv/gconv-modules.cache", O_RDONLY|O_CLOEXEC) = 3</usr/lib/gconv/gconv-modules.cache>
1428391 openat(AT_FDCWD</tmp/kernel-audit2-v3r63b5w/\346\261\202\350\247\243\345\231\250>, "/usr/lib/locale/C.UTF-8/LC_MEASUREMENT", O_RDONLY|O_CLOEXEC) = -1 ENOENT (No such file or directory)
1428391 openat(AT_FDCWD</tmp/kernel-audit2-v3r63b5w/\346\261\202\350\247\243\345\231\250>, "/usr/lib/locale/C.utf8/LC_MEASUREMENT", O_RDONLY|O_CLOEXEC) = 3</usr/lib/locale/C.utf8/LC_MEASUREMENT>
1428391 openat(AT_FDCWD</tmp/kernel-audit2-v3r63b5w/\346\261\202\350\247\243\345\231\250>, "/usr/lib/locale/C.UTF-8/LC_TELEPHONE", O_RDONLY|O_CLOEXEC) = -1 ENOENT (No such file or directory)
1428391 openat(AT_FDCWD</tmp/kernel-audit2-v3r63b5w/\346\261\202\350\247\243\345\231\250>, "/usr/lib/locale/C.utf8/LC_TELEPHONE", O_RDONLY|O_CLOEXEC) = 3</usr/lib/locale/C.utf8/LC_TELEPHONE>
1428391 openat(AT_FDCWD</tmp/kernel-audit2-v3r63b5w/\346\261\202\350\247\243\345\231\250>, "/usr/lib/locale/C.UTF-8/LC_ADDRESS", O_RDONLY|O_CLOEXEC) = -1 ENOENT (No such file or directory)
1428391 openat(AT_FDCWD</tmp/kernel-audit2-v3r63b5w/\346\261\202\350\247\243\345\231\250>, "/usr/lib/locale/C.utf8/LC_ADDRESS", O_RDONLY|O_CLOEXEC) = 3</usr/lib/locale/C.utf8/LC_ADDRESS>
1428391 openat(AT_FDCWD</tmp/kernel-audit2-v3r63b5w/\346\261\202\350\247\243\345\231\250>, "/usr/lib/locale/C.UTF-8/LC_NAME", O_RDONLY|O_CLOEXEC) = -1 ENOENT (No such file or directory)
1428391 openat(AT_FDCWD</tmp/kernel-audit2-v3r63b5w/\346\261\202\350\247\243\345\231\250>, "/usr/lib/locale/C.utf8/LC_NAME", O_RDONLY|O_CLOEXEC) = 3</usr/lib/locale/C.utf8/LC_NAME>
1428391 openat(AT_FDCWD</tmp/kernel-audit2-v3r63b5w/\346\261\202\350\247\243\345\231\250>, "/usr/lib/locale/C.UTF-8/LC_PAPER", O_RDONLY|O_CLOEXEC) = -1 ENOENT (No such file or directory)
1428391 openat(AT_FDCWD</tmp/kernel-audit2-v3r63b5w/\346\261\202\350\247\243\345\231\250>, "/usr/lib/locale/C.utf8/LC_PAPER", O_RDONLY|O_CLOEXEC) = 3</usr/lib/locale/C.utf8/LC_PAPER>
1428391 openat(AT_FDCWD</tmp/kernel-audit2-v3r63b5w/\346\261\202\350\247\243\345\231\250>, "/usr/lib/locale/C.UTF-8/LC_MESSAGES", O_RDONLY|O_CLOEXEC) = -1 ENOENT (No such file or directory)
1428391 openat(AT_FDCWD</tmp/kernel-audit2-v3r63b5w/\346\261\202\350\247\243\345\231\250>, "/usr/lib/locale/C.utf8/LC_MESSAGES", O_RDONLY|O_CLOEXEC) = 3</usr/lib/locale/C.utf8/LC_MESSAGES>
1428391 openat(AT_FDCWD</tmp/kernel-audit2-v3r63b5w/\346\261\202\350\247\243\345\231\250>, "/usr/lib/locale/C.utf8/LC_MESSAGES/SYS_LC_MESSAGES", O_RDONLY|O_CLOEXEC) = 3</usr/lib/locale/C.utf8/LC_MESSAGES/SYS_LC_MESSAGES>
1428391 openat(AT_FDCWD</tmp/kernel-audit2-v3r63b5w/\346\261\202\350\247\243\345\231\250>, "/usr/lib/locale/C.UTF-8/LC_MONETARY", O_RDONLY|O_CLOEXEC) = -1 ENOENT (No such file or directory)
1428391 openat(AT_FDCWD</tmp/kernel-audit2-v3r63b5w/\346\261\202\350\247\243\345\231\250>, "/usr/lib/locale/C.utf8/LC_MONETARY", O_RDONLY|O_CLOEXEC) = 3</usr/lib/locale/C.utf8/LC_MONETARY>
1428391 openat(AT_FDCWD</tmp/kernel-audit2-v3r63b5w/\346\261\202\350\247\243\345\231\250>, "/usr/lib/locale/C.UTF-8/LC_COLLATE", O_RDONLY|O_CLOEXEC) = -1 ENOENT (No such file or directory)
1428391 openat(AT_FDCWD</tmp/kernel-audit2-v3r63b5w/\346\261\202\350\247\243\345\231\250>, "/usr/lib/locale/C.utf8/LC_COLLATE", O_RDONLY|O_CLOEXEC) = 3</usr/lib/locale/C.utf8/LC_COLLATE>
1428391 openat(AT_FDCWD</tmp/kernel-audit2-v3r63b5w/\346\261\202\350\247\243\345\231\250>, "/usr/lib/locale/C.UTF-8/LC_TIME", O_RDONLY|O_CLOEXEC) = -1 ENOENT (No such file or directory)
1428391 openat(AT_FDCWD</tmp/kernel-audit2-v3r63b5w/\346\261\202\350\247\243\345\231\250>, "/usr/lib/locale/C.utf8/LC_TIME", O_RDONLY|O_CLOEXEC) = 3</usr/lib/locale/C.utf8/LC_TIME>
1428391 openat(AT_FDCWD</tmp/kernel-audit2-v3r63b5w/\346\261\202\350\247\243\345\231\250>, "/usr/lib/locale/C.UTF-8/LC_NUMERIC", O_RDONLY|O_CLOEXEC) = -1 ENOENT (No such file or directory)
1428391 openat(AT_FDCWD</tmp/kernel-audit2-v3r63b5w/\346\261\202\350\247\243\345\231\250>, "/usr/lib/locale/C.utf8/LC_NUMERIC", O_RDONLY|O_CLOEXEC) = 3</usr/lib/locale/C.utf8/LC_NUMERIC>
1428391 openat(AT_FDCWD</tmp/kernel-audit2-v3r63b5w/\346\261\202\350\247\243\345\231\250>, "/usr/lib/locale/C.UTF-8/LC_CTYPE", O_RDONLY|O_CLOEXEC) = -1 ENOENT (No such file or directory)
1428391 openat(AT_FDCWD</tmp/kernel-audit2-v3r63b5w/\346\261\202\350\247\243\345\231\250>, "/usr/lib/locale/C.utf8/LC_CTYPE", O_RDONLY|O_CLOEXEC) = 3</usr/lib/locale/C.utf8/LC_CTYPE>
1428391 openat(AT_FDCWD</tmp/kernel-audit2-v3r63b5w/\346\261\202\350\247\243\345\231\250>, "/tmp/kernel-audit2-v3r63b5w/\346\261\202\350\247\243\345\231\250/crates/kernel/src/input.rs", O_RDONLY) = 3</tmp/kernel-audit2-v3r63b5w/\346\261\202\350\247\243\345\231\250/crates/kernel/src/input.rs>
1428364 --- SIGCHLD {si_signo=SIGCHLD, si_code=CLD_EXITED, si_pid=1428391, si_uid=1000, si_status=0, si_utime=0, si_stime=0} ---
1428364 openat(AT_FDCWD</tmp/kernel-audit2-v3r63b5w/\346\261\202\350\247\243\345\231\250>, "/dev/null", O_RDONLY|O_CLOEXEC) = 3</dev/null<char 1:3>>
1428392 execve("/home/zhuran24/.codex/tmp/arg0/codex-arg0DuAZRy/sha256sum", ["sha256sum", "--", "/tmp/kernel-audit2-v3r63b5w/\346\261\202\350\247\243\345\231\250/crates/kernel/src/interfaces.rs"], 0x7ffd72465138 /* 135 vars */) = -1 ENOENT (No such file or directory)
1428392 execve("/home/zhuran24/.cargo/bin/sha256sum", ["sha256sum", "--", "/tmp/kernel-audit2-v3r63b5w/\346\261\202\350\247\243\345\231\250/crates/kernel/src/interfaces.rs"], 0x7ffd72465138 /* 135 vars */) = -1 ENOENT (No such file or directory)
1428392 execve("/home/zhuran24/.local/bin/sha256sum", ["sha256sum", "--", "/tmp/kernel-audit2-v3r63b5w/\346\261\202\350\247\243\345\231\250/crates/kernel/src/interfaces.rs"], 0x7ffd72465138 /* 135 vars */) = -1 ENOENT (No such file or directory)
1428392 execve("/home/zhuran24/.opencode/bin/sha256sum", ["sha256sum", "--", "/tmp/kernel-audit2-v3r63b5w/\346\261\202\350\247\243\345\231\250/crates/kernel/src/interfaces.rs"], 0x7ffd72465138 /* 135 vars */) = -1 ENOENT (No such file or directory)
1428392 execve("/usr/local/bin/sha256sum", ["sha256sum", "--", "/tmp/kernel-audit2-v3r63b5w/\346\261\202\350\247\243\345\231\250/crates/kernel/src/interfaces.rs"], 0x7ffd72465138 /* 135 vars */) = -1 ENOENT (No such file or directory)
1428392 execve("/usr/bin/sha256sum", ["sha256sum", "--", "/tmp/kernel-audit2-v3r63b5w/\346\261\202\350\247\243\345\231\250/crates/kernel/src/interfaces.rs"], 0x7ffd72465138 /* 135 vars */) = 0
1428392 openat(AT_FDCWD</tmp/kernel-audit2-v3r63b5w/\346\261\202\350\247\243\345\231\250>, "/etc/ld.so.cache", O_RDONLY|O_CLOEXEC) = 3</etc/ld.so.cache>
1428392 openat(AT_FDCWD</tmp/kernel-audit2-v3r63b5w/\346\261\202\350\247\243\345\231\250>, "/usr/lib/libcrypto.so.3", O_RDONLY|O_CLOEXEC) = 3</usr/lib/libcrypto.so.3>
1428392 openat(AT_FDCWD</tmp/kernel-audit2-v3r63b5w/\346\261\202\350\247\243\345\231\250>, "/usr/lib/libc.so.6", O_RDONLY|O_CLOEXEC) = 3</usr/lib/libc.so.6>
1428392 openat(AT_FDCWD</tmp/kernel-audit2-v3r63b5w/\346\261\202\350\247\243\345\231\250>, "/usr/lib/libz.so.1", O_RDONLY|O_CLOEXEC) = 3</usr/lib/libz.so.1.3.1.zlib-ng>
1428392 openat(AT_FDCWD</tmp/kernel-audit2-v3r63b5w/\346\261\202\350\247\243\345\231\250>, "/usr/lib/libbrotlienc.so.1", O_RDONLY|O_CLOEXEC) = 3</usr/lib/libbrotlienc.so.1.2.0>
1428392 openat(AT_FDCWD</tmp/kernel-audit2-v3r63b5w/\346\261\202\350\247\243\345\231\250>, "/usr/lib/libbrotlidec.so.1", O_RDONLY|O_CLOEXEC) = 3</usr/lib/libbrotlidec.so.1.2.0>
1428392 openat(AT_FDCWD</tmp/kernel-audit2-v3r63b5w/\346\261\202\350\247\243\345\231\250>, "/usr/lib/libzstd.so.1", O_RDONLY|O_CLOEXEC) = 3</usr/lib/libzstd.so.1.5.7>
1428392 openat(AT_FDCWD</tmp/kernel-audit2-v3r63b5w/\346\261\202\350\247\243\345\231\250>, "/usr/lib/libm.so.6", O_RDONLY|O_CLOEXEC) = 3</usr/lib/libm.so.6>
1428392 openat(AT_FDCWD</tmp/kernel-audit2-v3r63b5w/\346\261\202\350\247\243\345\231\250>, "/usr/lib/libbrotlicommon.so.1", O_RDONLY|O_CLOEXEC) = 3</usr/lib/libbrotlicommon.so.1.2.0>
1428392 openat(AT_FDCWD</tmp/kernel-audit2-v3r63b5w/\346\261\202\350\247\243\345\231\250>, "/usr/lib/locale/locale-archive", O_RDONLY|O_CLOEXEC) = 3</usr/lib/locale/locale-archive>
1428392 openat(AT_FDCWD</tmp/kernel-audit2-v3r63b5w/\346\261\202\350\247\243\345\231\250>, "/usr/share/locale/locale.alias", O_RDONLY|O_CLOEXEC) = 3</usr/share/locale/locale.alias>
1428392 openat(AT_FDCWD</tmp/kernel-audit2-v3r63b5w/\346\261\202\350\247\243\345\231\250>, "/usr/lib/locale/C.UTF-8/LC_IDENTIFICATION", O_RDONLY|O_CLOEXEC) = -1 ENOENT (No such file or directory)
1428392 openat(AT_FDCWD</tmp/kernel-audit2-v3r63b5w/\346\261\202\350\247\243\345\231\250>, "/usr/lib/locale/C.utf8/LC_IDENTIFICATION", O_RDONLY|O_CLOEXEC) = 3</usr/lib/locale/C.utf8/LC_IDENTIFICATION>
1428392 openat(AT_FDCWD</tmp/kernel-audit2-v3r63b5w/\346\261\202\350\247\243\345\231\250>, "/usr/lib/gconv/gconv-modules.cache", O_RDONLY|O_CLOEXEC) = 3</usr/lib/gconv/gconv-modules.cache>
1428392 openat(AT_FDCWD</tmp/kernel-audit2-v3r63b5w/\346\261\202\350\247\243\345\231\250>, "/usr/lib/locale/C.UTF-8/LC_MEASUREMENT", O_RDONLY|O_CLOEXEC) = -1 ENOENT (No such file or directory)
1428392 openat(AT_FDCWD</tmp/kernel-audit2-v3r63b5w/\346\261\202\350\247\243\345\231\250>, "/usr/lib/locale/C.utf8/LC_MEASUREMENT", O_RDONLY|O_CLOEXEC) = 3</usr/lib/locale/C.utf8/LC_MEASUREMENT>
1428392 openat(AT_FDCWD</tmp/kernel-audit2-v3r63b5w/\346\261\202\350\247\243\345\231\250>, "/usr/lib/locale/C.UTF-8/LC_TELEPHONE", O_RDONLY|O_CLOEXEC) = -1 ENOENT (No such file or directory)
1428392 openat(AT_FDCWD</tmp/kernel-audit2-v3r63b5w/\346\261\202\350\247\243\345\231\250>, "/usr/lib/locale/C.utf8/LC_TELEPHONE", O_RDONLY|O_CLOEXEC) = 3</usr/lib/locale/C.utf8/LC_TELEPHONE>
1428392 openat(AT_FDCWD</tmp/kernel-audit2-v3r63b5w/\346\261\202\350\247\243\345\231\250>, "/usr/lib/locale/C.UTF-8/LC_ADDRESS", O_RDONLY|O_CLOEXEC) = -1 ENOENT (No such file or directory)
1428392 openat(AT_FDCWD</tmp/kernel-audit2-v3r63b5w/\346\261\202\350\247\243\345\231\250>, "/usr/lib/locale/C.utf8/LC_ADDRESS", O_RDONLY|O_CLOEXEC) = 3</usr/lib/locale/C.utf8/LC_ADDRESS>
1428392 openat(AT_FDCWD</tmp/kernel-audit2-v3r63b5w/\346\261\202\350\247\243\345\231\250>, "/usr/lib/locale/C.UTF-8/LC_NAME", O_RDONLY|O_CLOEXEC) = -1 ENOENT (No such file or directory)
1428392 openat(AT_FDCWD</tmp/kernel-audit2-v3r63b5w/\346\261\202\350\247\243\345\231\250>, "/usr/lib/locale/C.utf8/LC_NAME", O_RDONLY|O_CLOEXEC) = 3</usr/lib/locale/C.utf8/LC_NAME>
1428392 openat(AT_FDCWD</tmp/kernel-audit2-v3r63b5w/\346\261\202\350\247\243\345\231\250>, "/usr/lib/locale/C.UTF-8/LC_PAPER", O_RDONLY|O_CLOEXEC) = -1 ENOENT (No such file or directory)
1428392 openat(AT_FDCWD</tmp/kernel-audit2-v3r63b5w/\346\261\202\350\247\243\345\231\250>, "/usr/lib/locale/C.utf8/LC_PAPER", O_RDONLY|O_CLOEXEC) = 3</usr/lib/locale/C.utf8/LC_PAPER>
1428392 openat(AT_FDCWD</tmp/kernel-audit2-v3r63b5w/\346\261\202\350\247\243\345\231\250>, "/usr/lib/locale/C.UTF-8/LC_MESSAGES", O_RDONLY|O_CLOEXEC) = -1 ENOENT (No such file or directory)
1428392 openat(AT_FDCWD</tmp/kernel-audit2-v3r63b5w/\346\261\202\350\247\243\345\231\250>, "/usr/lib/locale/C.utf8/LC_MESSAGES", O_RDONLY|O_CLOEXEC) = 3</usr/lib/locale/C.utf8/LC_MESSAGES>
1428392 openat(AT_FDCWD</tmp/kernel-audit2-v3r63b5w/\346\261\202\350\247\243\345\231\250>, "/usr/lib/locale/C.utf8/LC_MESSAGES/SYS_LC_MESSAGES", O_RDONLY|O_CLOEXEC) = 3</usr/lib/locale/C.utf8/LC_MESSAGES/SYS_LC_MESSAGES>
1428392 openat(AT_FDCWD</tmp/kernel-audit2-v3r63b5w/\346\261\202\350\247\243\345\231\250>, "/usr/lib/locale/C.UTF-8/LC_MONETARY", O_RDONLY|O_CLOEXEC) = -1 ENOENT (No such file or directory)
1428392 openat(AT_FDCWD</tmp/kernel-audit2-v3r63b5w/\346\261\202\350\247\243\345\231\250>, "/usr/lib/locale/C.utf8/LC_MONETARY", O_RDONLY|O_CLOEXEC) = 3</usr/lib/locale/C.utf8/LC_MONETARY>
1428392 openat(AT_FDCWD</tmp/kernel-audit2-v3r63b5w/\346\261\202\350\247\243\345\231\250>, "/usr/lib/locale/C.UTF-8/LC_COLLATE", O_RDONLY|O_CLOEXEC) = -1 ENOENT (No such file or directory)
1428392 openat(AT_FDCWD</tmp/kernel-audit2-v3r63b5w/\346\261\202\350\247\243\345\231\250>, "/usr/lib/locale/C.utf8/LC_COLLATE", O_RDONLY|O_CLOEXEC) = 3</usr/lib/locale/C.utf8/LC_COLLATE>
1428392 openat(AT_FDCWD</tmp/kernel-audit2-v3r63b5w/\346\261\202\350\247\243\345\231\250>, "/usr/lib/locale/C.UTF-8/LC_TIME", O_RDONLY|O_CLOEXEC) = -1 ENOENT (No such file or directory)
1428392 openat(AT_FDCWD</tmp/kernel-audit2-v3r63b5w/\346\261\202\350\247\243\345\231\250>, "/usr/lib/locale/C.utf8/LC_TIME", O_RDONLY|O_CLOEXEC) = 3</usr/lib/locale/C.utf8/LC_TIME>
1428392 openat(AT_FDCWD</tmp/kernel-audit2-v3r63b5w/\346\261\202\350\247\243\345\231\250>, "/usr/lib/locale/C.UTF-8/LC_NUMERIC", O_RDONLY|O_CLOEXEC) = -1 ENOENT (No such file or directory)
1428392 openat(AT_FDCWD</tmp/kernel-audit2-v3r63b5w/\346\261\202\350\247\243\345\231\250>, "/usr/lib/locale/C.utf8/LC_NUMERIC", O_RDONLY|O_CLOEXEC) = 3</usr/lib/locale/C.utf8/LC_NUMERIC>
1428392 openat(AT_FDCWD</tmp/kernel-audit2-v3r63b5w/\346\261\202\350\247\243\345\231\250>, "/usr/lib/locale/C.UTF-8/LC_CTYPE", O_RDONLY|O_CLOEXEC) = -1 ENOENT (No such file or directory)
1428392 openat(AT_FDCWD</tmp/kernel-audit2-v3r63b5w/\346\261\202\350\247\243\345\231\250>, "/usr/lib/locale/C.utf8/LC_CTYPE", O_RDONLY|O_CLOEXEC) = 3</usr/lib/locale/C.utf8/LC_CTYPE>
1428392 openat(AT_FDCWD</tmp/kernel-audit2-v3r63b5w/\346\261\202\350\247\243\345\231\250>, "/tmp/kernel-audit2-v3r63b5w/\346\261\202\350\247\243\345\231\250/crates/kernel/src/interfaces.rs", O_RDONLY) = 3</tmp/kernel-audit2-v3r63b5w/\346\261\202\350\247\243\345\231\250/crates/kernel/src/interfaces.rs>
1428364 --- SIGCHLD {si_signo=SIGCHLD, si_code=CLD_EXITED, si_pid=1428392, si_uid=1000, si_status=0, si_utime=0, si_stime=0} ---
1428364 openat(AT_FDCWD</tmp/kernel-audit2-v3r63b5w/\346\261\202\350\247\243\345\231\250>, "/dev/null", O_RDONLY|O_CLOEXEC) = 3</dev/null<char 1:3>>
1428393 execve("/home/zhuran24/.codex/tmp/arg0/codex-arg0DuAZRy/sha256sum", ["sha256sum", "--", "/tmp/kernel-audit2-v3r63b5w/\346\261\202\350\247\243\345\231\250/crates/kernel/src/engine.rs"], 0x7ffd72465138 /* 135 vars */) = -1 ENOENT (No such file or directory)
1428393 execve("/home/zhuran24/.cargo/bin/sha256sum", ["sha256sum", "--", "/tmp/kernel-audit2-v3r63b5w/\346\261\202\350\247\243\345\231\250/crates/kernel/src/engine.rs"], 0x7ffd72465138 /* 135 vars */) = -1 ENOENT (No such file or directory)
1428393 execve("/home/zhuran24/.local/bin/sha256sum", ["sha256sum", "--", "/tmp/kernel-audit2-v3r63b5w/\346\261\202\350\247\243\345\231\250/crates/kernel/src/engine.rs"], 0x7ffd72465138 /* 135 vars */) = -1 ENOENT (No such file or directory)
1428393 execve("/home/zhuran24/.opencode/bin/sha256sum", ["sha256sum", "--", "/tmp/kernel-audit2-v3r63b5w/\346\261\202\350\247\243\345\231\250/crates/kernel/src/engine.rs"], 0x7ffd72465138 /* 135 vars */) = -1 ENOENT (No such file or directory)
1428393 execve("/usr/local/bin/sha256sum", ["sha256sum", "--", "/tmp/kernel-audit2-v3r63b5w/\346\261\202\350\247\243\345\231\250/crates/kernel/src/engine.rs"], 0x7ffd72465138 /* 135 vars */) = -1 ENOENT (No such file or directory)
1428393 execve("/usr/bin/sha256sum", ["sha256sum", "--", "/tmp/kernel-audit2-v3r63b5w/\346\261\202\350\247\243\345\231\250/crates/kernel/src/engine.rs"], 0x7ffd72465138 /* 135 vars */) = 0
1428393 openat(AT_FDCWD</tmp/kernel-audit2-v3r63b5w/\346\261\202\350\247\243\345\231\250>, "/etc/ld.so.cache", O_RDONLY|O_CLOEXEC) = 3</etc/ld.so.cache>
1428393 openat(AT_FDCWD</tmp/kernel-audit2-v3r63b5w/\346\261\202\350\247\243\345\231\250>, "/usr/lib/libcrypto.so.3", O_RDONLY|O_CLOEXEC) = 3</usr/lib/libcrypto.so.3>
1428393 openat(AT_FDCWD</tmp/kernel-audit2-v3r63b5w/\346\261\202\350\247\243\345\231\250>, "/usr/lib/libc.so.6", O_RDONLY|O_CLOEXEC) = 3</usr/lib/libc.so.6>
1428393 openat(AT_FDCWD</tmp/kernel-audit2-v3r63b5w/\346\261\202\350\247\243\345\231\250>, "/usr/lib/libz.so.1", O_RDONLY|O_CLOEXEC) = 3</usr/lib/libz.so.1.3.1.zlib-ng>
1428393 openat(AT_FDCWD</tmp/kernel-audit2-v3r63b5w/\346\261\202\350\247\243\345\231\250>, "/usr/lib/libbrotlienc.so.1", O_RDONLY|O_CLOEXEC) = 3</usr/lib/libbrotlienc.so.1.2.0>
1428393 openat(AT_FDCWD</tmp/kernel-audit2-v3r63b5w/\346\261\202\350\247\243\345\231\250>, "/usr/lib/libbrotlidec.so.1", O_RDONLY|O_CLOEXEC) = 3</usr/lib/libbrotlidec.so.1.2.0>
1428393 openat(AT_FDCWD</tmp/kernel-audit2-v3r63b5w/\346\261\202\350\247\243\345\231\250>, "/usr/lib/libzstd.so.1", O_RDONLY|O_CLOEXEC) = 3</usr/lib/libzstd.so.1.5.7>
1428393 openat(AT_FDCWD</tmp/kernel-audit2-v3r63b5w/\346\261\202\350\247\243\345\231\250>, "/usr/lib/libm.so.6", O_RDONLY|O_CLOEXEC) = 3</usr/lib/libm.so.6>
1428393 openat(AT_FDCWD</tmp/kernel-audit2-v3r63b5w/\346\261\202\350\247\243\345\231\250>, "/usr/lib/libbrotlicommon.so.1", O_RDONLY|O_CLOEXEC) = 3</usr/lib/libbrotlicommon.so.1.2.0>
1428393 openat(AT_FDCWD</tmp/kernel-audit2-v3r63b5w/\346\261\202\350\247\243\345\231\250>, "/usr/lib/locale/locale-archive", O_RDONLY|O_CLOEXEC) = 3</usr/lib/locale/locale-archive>
1428393 openat(AT_FDCWD</tmp/kernel-audit2-v3r63b5w/\346\261\202\350\247\243\345\231\250>, "/usr/share/locale/locale.alias", O_RDONLY|O_CLOEXEC) = 3</usr/share/locale/locale.alias>
1428393 openat(AT_FDCWD</tmp/kernel-audit2-v3r63b5w/\346\261\202\350\247\243\345\231\250>, "/usr/lib/locale/C.UTF-8/LC_IDENTIFICATION", O_RDONLY|O_CLOEXEC) = -1 ENOENT (No such file or directory)
1428393 openat(AT_FDCWD</tmp/kernel-audit2-v3r63b5w/\346\261\202\350\247\243\345\231\250>, "/usr/lib/locale/C.utf8/LC_IDENTIFICATION", O_RDONLY|O_CLOEXEC) = 3</usr/lib/locale/C.utf8/LC_IDENTIFICATION>
1428393 openat(AT_FDCWD</tmp/kernel-audit2-v3r63b5w/\346\261\202\350\247\243\345\231\250>, "/usr/lib/gconv/gconv-modules.cache", O_RDONLY|O_CLOEXEC) = 3</usr/lib/gconv/gconv-modules.cache>
1428393 openat(AT_FDCWD</tmp/kernel-audit2-v3r63b5w/\346\261\202\350\247\243\345\231\250>, "/usr/lib/locale/C.UTF-8/LC_MEASUREMENT", O_RDONLY|O_CLOEXEC) = -1 ENOENT (No such file or directory)
1428393 openat(AT_FDCWD</tmp/kernel-audit2-v3r63b5w/\346\261\202\350\247\243\345\231\250>, "/usr/lib/locale/C.utf8/LC_MEASUREMENT", O_RDONLY|O_CLOEXEC) = 3</usr/lib/locale/C.utf8/LC_MEASUREMENT>
1428393 openat(AT_FDCWD</tmp/kernel-audit2-v3r63b5w/\346\261\202\350\247\243\345\231\250>, "/usr/lib/locale/C.UTF-8/LC_TELEPHONE", O_RDONLY|O_CLOEXEC) = -1 ENOENT (No such file or directory)
1428393 openat(AT_FDCWD</tmp/kernel-audit2-v3r63b5w/\346\261\202\350\247\243\345\231\250>, "/usr/lib/locale/C.utf8/LC_TELEPHONE", O_RDONLY|O_CLOEXEC) = 3</usr/lib/locale/C.utf8/LC_TELEPHONE>
1428393 openat(AT_FDCWD</tmp/kernel-audit2-v3r63b5w/\346\261\202\350\247\243\345\231\250>, "/usr/lib/locale/C.UTF-8/LC_ADDRESS", O_RDONLY|O_CLOEXEC) = -1 ENOENT (No such file or directory)
1428393 openat(AT_FDCWD</tmp/kernel-audit2-v3r63b5w/\346\261\202\350\247\243\345\231\250>, "/usr/lib/locale/C.utf8/LC_ADDRESS", O_RDONLY|O_CLOEXEC) = 3</usr/lib/locale/C.utf8/LC_ADDRESS>
1428393 openat(AT_FDCWD</tmp/kernel-audit2-v3r63b5w/\346\261\202\350\247\243\345\231\250>, "/usr/lib/locale/C.UTF-8/LC_NAME", O_RDONLY|O_CLOEXEC) = -1 ENOENT (No such file or directory)
1428393 openat(AT_FDCWD</tmp/kernel-audit2-v3r63b5w/\346\261\202\350\247\243\345\231\250>, "/usr/lib/locale/C.utf8/LC_NAME", O_RDONLY|O_CLOEXEC) = 3</usr/lib/locale/C.utf8/LC_NAME>
1428393 openat(AT_FDCWD</tmp/kernel-audit2-v3r63b5w/\346\261\202\350\247\243\345\231\250>, "/usr/lib/locale/C.UTF-8/LC_PAPER", O_RDONLY|O_CLOEXEC) = -1 ENOENT (No such file or directory)
1428393 openat(AT_FDCWD</tmp/kernel-audit2-v3r63b5w/\346\261\202\350\247\243\345\231\250>, "/usr/lib/locale/C.utf8/LC_PAPER", O_RDONLY|O_CLOEXEC) = 3</usr/lib/locale/C.utf8/LC_PAPER>
1428393 openat(AT_FDCWD</tmp/kernel-audit2-v3r63b5w/\346\261\202\350\247\243\345\231\250>, "/usr/lib/locale/C.UTF-8/LC_MESSAGES", O_RDONLY|O_CLOEXEC) = -1 ENOENT (No such file or directory)
1428393 openat(AT_FDCWD</tmp/kernel-audit2-v3r63b5w/\346\261\202\350\247\243\345\231\250>, "/usr/lib/locale/C.utf8/LC_MESSAGES", O_RDONLY|O_CLOEXEC) = 3</usr/lib/locale/C.utf8/LC_MESSAGES>
1428393 openat(AT_FDCWD</tmp/kernel-audit2-v3r63b5w/\346\261\202\350\247\243\345\231\250>, "/usr/lib/locale/C.utf8/LC_MESSAGES/SYS_LC_MESSAGES", O_RDONLY|O_CLOEXEC) = 3</usr/lib/locale/C.utf8/LC_MESSAGES/SYS_LC_MESSAGES>
1428393 openat(AT_FDCWD</tmp/kernel-audit2-v3r63b5w/\346\261\202\350\247\243\345\231\250>, "/usr/lib/locale/C.UTF-8/LC_MONETARY", O_RDONLY|O_CLOEXEC) = -1 ENOENT (No such file or directory)
1428393 openat(AT_FDCWD</tmp/kernel-audit2-v3r63b5w/\346\261\202\350\247\243\345\231\250>, "/usr/lib/locale/C.utf8/LC_MONETARY", O_RDONLY|O_CLOEXEC) = 3</usr/lib/locale/C.utf8/LC_MONETARY>
1428393 openat(AT_FDCWD</tmp/kernel-audit2-v3r63b5w/\346\261\202\350\247\243\345\231\250>, "/usr/lib/locale/C.UTF-8/LC_COLLATE", O_RDONLY|O_CLOEXEC) = -1 ENOENT (No such file or directory)
1428393 openat(AT_FDCWD</tmp/kernel-audit2-v3r63b5w/\346\261\202\350\247\243\345\231\250>, "/usr/lib/locale/C.utf8/LC_COLLATE", O_RDONLY|O_CLOEXEC) = 3</usr/lib/locale/C.utf8/LC_COLLATE>
1428393 openat(AT_FDCWD</tmp/kernel-audit2-v3r63b5w/\346\261\202\350\247\243\345\231\250>, "/usr/lib/locale/C.UTF-8/LC_TIME", O_RDONLY|O_CLOEXEC) = -1 ENOENT (No such file or directory)
1428393 openat(AT_FDCWD</tmp/kernel-audit2-v3r63b5w/\346\261\202\350\247\243\345\231\250>, "/usr/lib/locale/C.utf8/LC_TIME", O_RDONLY|O_CLOEXEC) = 3</usr/lib/locale/C.utf8/LC_TIME>
1428393 openat(AT_FDCWD</tmp/kernel-audit2-v3r63b5w/\346\261\202\350\247\243\345\231\250>, "/usr/lib/locale/C.UTF-8/LC_NUMERIC", O_RDONLY|O_CLOEXEC) = -1 ENOENT (No such file or directory)
1428393 openat(AT_FDCWD</tmp/kernel-audit2-v3r63b5w/\346\261\202\350\247\243\345\231\250>, "/usr/lib/locale/C.utf8/LC_NUMERIC", O_RDONLY|O_CLOEXEC) = 3</usr/lib/locale/C.utf8/LC_NUMERIC>
1428393 openat(AT_FDCWD</tmp/kernel-audit2-v3r63b5w/\346\261\202\350\247\243\345\231\250>, "/usr/lib/locale/C.UTF-8/LC_CTYPE", O_RDONLY|O_CLOEXEC) = -1 ENOENT (No such file or directory)
1428393 openat(AT_FDCWD</tmp/kernel-audit2-v3r63b5w/\346\261\202\350\247\243\345\231\250>, "/usr/lib/locale/C.utf8/LC_CTYPE", O_RDONLY|O_CLOEXEC) = 3</usr/lib/locale/C.utf8/LC_CTYPE>
1428393 openat(AT_FDCWD</tmp/kernel-audit2-v3r63b5w/\346\261\202\350\247\243\345\231\250>, "/tmp/kernel-audit2-v3r63b5w/\346\261\202\350\247\243\345\231\250/crates/kernel/src/engine.rs", O_RDONLY) = 3</tmp/kernel-audit2-v3r63b5w/\346\261\202\350\247\243\345\231\250/crates/kernel/src/engine.rs>
1428364 --- SIGCHLD {si_signo=SIGCHLD, si_code=CLD_EXITED, si_pid=1428393, si_uid=1000, si_status=0, si_utime=0, si_stime=0} ---
1428364 openat(AT_FDCWD</tmp/kernel-audit2-v3r63b5w/\346\261\202\350\247\243\345\231\250>, "/dev/null", O_RDONLY|O_CLOEXEC) = 3</dev/null<char 1:3>>
1428394 execve("/home/zhuran24/.codex/tmp/arg0/codex-arg0DuAZRy/sha256sum", ["sha256sum", "--", "/tmp/kernel-audit2-v3r63b5w/\346\261\202\350\247\243\345\231\250/crates/kernel/src/event_identity.rs"], 0x7ffd72465138 /* 135 vars */) = -1 ENOENT (No such file or directory)
1428394 execve("/home/zhuran24/.cargo/bin/sha256sum", ["sha256sum", "--", "/tmp/kernel-audit2-v3r63b5w/\346\261\202\350\247\243\345\231\250/crates/kernel/src/event_identity.rs"], 0x7ffd72465138 /* 135 vars */) = -1 ENOENT (No such file or directory)
1428394 execve("/home/zhuran24/.local/bin/sha256sum", ["sha256sum", "--", "/tmp/kernel-audit2-v3r63b5w/\346\261\202\350\247\243\345\231\250/crates/kernel/src/event_identity.rs"], 0x7ffd72465138 /* 135 vars */) = -1 ENOENT (No such file or directory)
1428394 execve("/home/zhuran24/.opencode/bin/sha256sum", ["sha256sum", "--", "/tmp/kernel-audit2-v3r63b5w/\346\261\202\350\247\243\345\231\250/crates/kernel/src/event_identity.rs"], 0x7ffd72465138 /* 135 vars */) = -1 ENOENT (No such file or directory)
1428394 execve("/usr/local/bin/sha256sum", ["sha256sum", "--", "/tmp/kernel-audit2-v3r63b5w/\346\261\202\350\247\243\345\231\250/crates/kernel/src/event_identity.rs"], 0x7ffd72465138 /* 135 vars */) = -1 ENOENT (No such file or directory)
1428394 execve("/usr/bin/sha256sum", ["sha256sum", "--", "/tmp/kernel-audit2-v3r63b5w/\346\261\202\350\247\243\345\231\250/crates/kernel/src/event_identity.rs"], 0x7ffd72465138 /* 135 vars */) = 0
1428394 openat(AT_FDCWD</tmp/kernel-audit2-v3r63b5w/\346\261\202\350\247\243\345\231\250>, "/etc/ld.so.cache", O_RDONLY|O_CLOEXEC) = 3</etc/ld.so.cache>
1428394 openat(AT_FDCWD</tmp/kernel-audit2-v3r63b5w/\346\261\202\350\247\243\345\231\250>, "/usr/lib/libcrypto.so.3", O_RDONLY|O_CLOEXEC) = 3</usr/lib/libcrypto.so.3>
1428394 openat(AT_FDCWD</tmp/kernel-audit2-v3r63b5w/\346\261\202\350\247\243\345\231\250>, "/usr/lib/libc.so.6", O_RDONLY|O_CLOEXEC) = 3</usr/lib/libc.so.6>
1428394 openat(AT_FDCWD</tmp/kernel-audit2-v3r63b5w/\346\261\202\350\247\243\345\231\250>, "/usr/lib/libz.so.1", O_RDONLY|O_CLOEXEC) = 3</usr/lib/libz.so.1.3.1.zlib-ng>
1428394 openat(AT_FDCWD</tmp/kernel-audit2-v3r63b5w/\346\261\202\350\247\243\345\231\250>, "/usr/lib/libbrotlienc.so.1", O_RDONLY|O_CLOEXEC) = 3</usr/lib/libbrotlienc.so.1.2.0>
1428394 openat(AT_FDCWD</tmp/kernel-audit2-v3r63b5w/\346\261\202\350\247\243\345\231\250>, "/usr/lib/libbrotlidec.so.1", O_RDONLY|O_CLOEXEC) = 3</usr/lib/libbrotlidec.so.1.2.0>
1428394 openat(AT_FDCWD</tmp/kernel-audit2-v3r63b5w/\346\261\202\350\247\243\345\231\250>, "/usr/lib/libzstd.so.1", O_RDONLY|O_CLOEXEC) = 3</usr/lib/libzstd.so.1.5.7>
1428394 openat(AT_FDCWD</tmp/kernel-audit2-v3r63b5w/\346\261\202\350\247\243\345\231\250>, "/usr/lib/libm.so.6", O_RDONLY|O_CLOEXEC) = 3</usr/lib/libm.so.6>
1428394 openat(AT_FDCWD</tmp/kernel-audit2-v3r63b5w/\346\261\202\350\247\243\345\231\250>, "/usr/lib/libbrotlicommon.so.1", O_RDONLY|O_CLOEXEC) = 3</usr/lib/libbrotlicommon.so.1.2.0>
1428394 openat(AT_FDCWD</tmp/kernel-audit2-v3r63b5w/\346\261\202\350\247\243\345\231\250>, "/usr/lib/locale/locale-archive", O_RDONLY|O_CLOEXEC) = 3</usr/lib/locale/locale-archive>
1428394 openat(AT_FDCWD</tmp/kernel-audit2-v3r63b5w/\346\261\202\350\247\243\345\231\250>, "/usr/share/locale/locale.alias", O_RDONLY|O_CLOEXEC) = 3</usr/share/locale/locale.alias>
1428394 openat(AT_FDCWD</tmp/kernel-audit2-v3r63b5w/\346\261\202\350\247\243\345\231\250>, "/usr/lib/locale/C.UTF-8/LC_IDENTIFICATION", O_RDONLY|O_CLOEXEC) = -1 ENOENT (No such file or directory)
1428394 openat(AT_FDCWD</tmp/kernel-audit2-v3r63b5w/\346\261\202\350\247\243\345\231\250>, "/usr/lib/locale/C.utf8/LC_IDENTIFICATION", O_RDONLY|O_CLOEXEC) = 3</usr/lib/locale/C.utf8/LC_IDENTIFICATION>
1428394 openat(AT_FDCWD</tmp/kernel-audit2-v3r63b5w/\346\261\202\350\247\243\345\231\250>, "/usr/lib/gconv/gconv-modules.cache", O_RDONLY|O_CLOEXEC) = 3</usr/lib/gconv/gconv-modules.cache>
1428394 openat(AT_FDCWD</tmp/kernel-audit2-v3r63b5w/\346\261\202\350\247\243\345\231\250>, "/usr/lib/locale/C.UTF-8/LC_MEASUREMENT", O_RDONLY|O_CLOEXEC) = -1 ENOENT (No such file or directory)
1428394 openat(AT_FDCWD</tmp/kernel-audit2-v3r63b5w/\346\261\202\350\247\243\345\231\250>, "/usr/lib/locale/C.utf8/LC_MEASUREMENT", O_RDONLY|O_CLOEXEC) = 3</usr/lib/locale/C.utf8/LC_MEASUREMENT>
1428394 openat(AT_FDCWD</tmp/kernel-audit2-v3r63b5w/\346\261\202\350\247\243\345\231\250>, "/usr/lib/locale/C.UTF-8/LC_TELEPHONE", O_RDONLY|O_CLOEXEC) = -1 ENOENT (No such file or directory)
1428394 openat(AT_FDCWD</tmp/kernel-audit2-v3r63b5w/\346\261\202\350\247\243\345\231\250>, "/usr/lib/locale/C.utf8/LC_TELEPHONE", O_RDONLY|O_CLOEXEC) = 3</usr/lib/locale/C.utf8/LC_TELEPHONE>
1428394 openat(AT_FDCWD</tmp/kernel-audit2-v3r63b5w/\346\261\202\350\247\243\345\231\250>, "/usr/lib/locale/C.UTF-8/LC_ADDRESS", O_RDONLY|O_CLOEXEC) = -1 ENOENT (No such file or directory)
1428394 openat(AT_FDCWD</tmp/kernel-audit2-v3r63b5w/\346\261\202\350\247\243\345\231\250>, "/usr/lib/locale/C.utf8/LC_ADDRESS", O_RDONLY|O_CLOEXEC) = 3</usr/lib/locale/C.utf8/LC_ADDRESS>
1428394 openat(AT_FDCWD</tmp/kernel-audit2-v3r63b5w/\346\261\202\350\247\243\345\231\250>, "/usr/lib/locale/C.UTF-8/LC_NAME", O_RDONLY|O_CLOEXEC) = -1 ENOENT (No such file or directory)
1428394 openat(AT_FDCWD</tmp/kernel-audit2-v3r63b5w/\346\261\202\350\247\243\345\231\250>, "/usr/lib/locale/C.utf8/LC_NAME", O_RDONLY|O_CLOEXEC) = 3</usr/lib/locale/C.utf8/LC_NAME>
1428394 openat(AT_FDCWD</tmp/kernel-audit2-v3r63b5w/\346\261\202\350\247\243\345\231\250>, "/usr/lib/locale/C.UTF-8/LC_PAPER", O_RDONLY|O_CLOEXEC) = -1 ENOENT (No such file or directory)
1428394 openat(AT_FDCWD</tmp/kernel-audit2-v3r63b5w/\346\261\202\350\247\243\345\231\250>, "/usr/lib/locale/C.utf8/LC_PAPER", O_RDONLY|O_CLOEXEC) = 3</usr/lib/locale/C.utf8/LC_PAPER>
1428394 openat(AT_FDCWD</tmp/kernel-audit2-v3r63b5w/\346\261\202\350\247\243\345\231\250>, "/usr/lib/locale/C.UTF-8/LC_MESSAGES", O_RDONLY|O_CLOEXEC) = -1 ENOENT (No such file or directory)
1428394 openat(AT_FDCWD</tmp/kernel-audit2-v3r63b5w/\346\261\202\350\247\243\345\231\250>, "/usr/lib/locale/C.utf8/LC_MESSAGES", O_RDONLY|O_CLOEXEC) = 3</usr/lib/locale/C.utf8/LC_MESSAGES>
1428394 openat(AT_FDCWD</tmp/kernel-audit2-v3r63b5w/\346\261\202\350\247\243\345\231\250>, "/usr/lib/locale/C.utf8/LC_MESSAGES/SYS_LC_MESSAGES", O_RDONLY|O_CLOEXEC) = 3</usr/lib/locale/C.utf8/LC_MESSAGES/SYS_LC_MESSAGES>
1428394 openat(AT_FDCWD</tmp/kernel-audit2-v3r63b5w/\346\261\202\350\247\243\345\231\250>, "/usr/lib/locale/C.UTF-8/LC_MONETARY", O_RDONLY|O_CLOEXEC) = -1 ENOENT (No such file or directory)
1428394 openat(AT_FDCWD</tmp/kernel-audit2-v3r63b5w/\346\261\202\350\247\243\345\231\250>, "/usr/lib/locale/C.utf8/LC_MONETARY", O_RDONLY|O_CLOEXEC) = 3</usr/lib/locale/C.utf8/LC_MONETARY>
1428394 openat(AT_FDCWD</tmp/kernel-audit2-v3r63b5w/\346\261\202\350\247\243\345\231\250>, "/usr/lib/locale/C.UTF-8/LC_COLLATE", O_RDONLY|O_CLOEXEC) = -1 ENOENT (No such file or directory)
1428394 openat(AT_FDCWD</tmp/kernel-audit2-v3r63b5w/\346\261\202\350\247\243\345\231\250>, "/usr/lib/locale/C.utf8/LC_COLLATE", O_RDONLY|O_CLOEXEC) = 3</usr/lib/locale/C.utf8/LC_COLLATE>
1428394 openat(AT_FDCWD</tmp/kernel-audit2-v3r63b5w/\346\261\202\350\247\243\345\231\250>, "/usr/lib/locale/C.UTF-8/LC_TIME", O_RDONLY|O_CLOEXEC) = -1 ENOENT (No such file or directory)
1428394 openat(AT_FDCWD</tmp/kernel-audit2-v3r63b5w/\346\261\202\350\247\243\345\231\250>, "/usr/lib/locale/C.utf8/LC_TIME", O_RDONLY|O_CLOEXEC) = 3</usr/lib/locale/C.utf8/LC_TIME>
1428394 openat(AT_FDCWD</tmp/kernel-audit2-v3r63b5w/\346\261\202\350\247\243\345\231\250>, "/usr/lib/locale/C.UTF-8/LC_NUMERIC", O_RDONLY|O_CLOEXEC) = -1 ENOENT (No such file or directory)
1428394 openat(AT_FDCWD</tmp/kernel-audit2-v3r63b5w/\346\261\202\350\247\243\345\231\250>, "/usr/lib/locale/C.utf8/LC_NUMERIC", O_RDONLY|O_CLOEXEC) = 3</usr/lib/locale/C.utf8/LC_NUMERIC>
1428394 openat(AT_FDCWD</tmp/kernel-audit2-v3r63b5w/\346\261\202\350\247\243\345\231\250>, "/usr/lib/locale/C.UTF-8/LC_CTYPE", O_RDONLY|O_CLOEXEC) = -1 ENOENT (No such file or directory)
1428394 openat(AT_FDCWD</tmp/kernel-audit2-v3r63b5w/\346\261\202\350\247\243\345\231\250>, "/usr/lib/locale/C.utf8/LC_CTYPE", O_RDONLY|O_CLOEXEC) = 3</usr/lib/locale/C.utf8/LC_CTYPE>
1428394 openat(AT_FDCWD</tmp/kernel-audit2-v3r63b5w/\346\261\202\350\247\243\345\231\250>, "/tmp/kernel-audit2-v3r63b5w/\346\261\202\350\247\243\345\231\250/crates/kernel/src/event_identity.rs", O_RDONLY) = 3</tmp/kernel-audit2-v3r63b5w/\346\261\202\350\247\243\345\231\250/crates/kernel/src/event_identity.rs>
1428364 --- SIGCHLD {si_signo=SIGCHLD, si_code=CLD_EXITED, si_pid=1428394, si_uid=1000, si_status=0, si_utime=0, si_stime=0} ---
1428364 openat(AT_FDCWD</tmp/kernel-audit2-v3r63b5w/\346\261\202\350\247\243\345\231\250>, "/dev/null", O_RDONLY|O_CLOEXEC) = 3</dev/null<char 1:3>>
1428395 execve("/home/zhuran24/.codex/tmp/arg0/codex-arg0DuAZRy/sha256sum", ["sha256sum", "--", "/tmp/kernel-audit2-v3r63b5w/\346\261\202\350\247\243\345\231\250/crates/kernel/src/warehouse.rs"], 0x7ffd72465138 /* 135 vars */) = -1 ENOENT (No such file or directory)
1428395 execve("/home/zhuran24/.cargo/bin/sha256sum", ["sha256sum", "--", "/tmp/kernel-audit2-v3r63b5w/\346\261\202\350\247\243\345\231\250/crates/kernel/src/warehouse.rs"], 0x7ffd72465138 /* 135 vars */) = -1 ENOENT (No such file or directory)
1428395 execve("/home/zhuran24/.local/bin/sha256sum", ["sha256sum", "--", "/tmp/kernel-audit2-v3r63b5w/\346\261\202\350\247\243\345\231\250/crates/kernel/src/warehouse.rs"], 0x7ffd72465138 /* 135 vars */) = -1 ENOENT (No such file or directory)
1428395 execve("/home/zhuran24/.opencode/bin/sha256sum", ["sha256sum", "--", "/tmp/kernel-audit2-v3r63b5w/\346\261\202\350\247\243\345\231\250/crates/kernel/src/warehouse.rs"], 0x7ffd72465138 /* 135 vars */) = -1 ENOENT (No such file or directory)
1428395 execve("/usr/local/bin/sha256sum", ["sha256sum", "--", "/tmp/kernel-audit2-v3r63b5w/\346\261\202\350\247\243\345\231\250/crates/kernel/src/warehouse.rs"], 0x7ffd72465138 /* 135 vars */) = -1 ENOENT (No such file or directory)
1428395 execve("/usr/bin/sha256sum", ["sha256sum", "--", "/tmp/kernel-audit2-v3r63b5w/\346\261\202\350\247\243\345\231\250/crates/kernel/src/warehouse.rs"], 0x7ffd72465138 /* 135 vars */) = 0
1428395 openat(AT_FDCWD</tmp/kernel-audit2-v3r63b5w/\346\261\202\350\247\243\345\231\250>, "/etc/ld.so.cache", O_RDONLY|O_CLOEXEC) = 3</etc/ld.so.cache>
1428395 openat(AT_FDCWD</tmp/kernel-audit2-v3r63b5w/\346\261\202\350\247\243\345\231\250>, "/usr/lib/libcrypto.so.3", O_RDONLY|O_CLOEXEC) = 3</usr/lib/libcrypto.so.3>
1428395 openat(AT_FDCWD</tmp/kernel-audit2-v3r63b5w/\346\261\202\350\247\243\345\231\250>, "/usr/lib/libc.so.6", O_RDONLY|O_CLOEXEC) = 3</usr/lib/libc.so.6>
1428395 openat(AT_FDCWD</tmp/kernel-audit2-v3r63b5w/\346\261\202\350\247\243\345\231\250>, "/usr/lib/libz.so.1", O_RDONLY|O_CLOEXEC) = 3</usr/lib/libz.so.1.3.1.zlib-ng>
1428395 openat(AT_FDCWD</tmp/kernel-audit2-v3r63b5w/\346\261\202\350\247\243\345\231\250>, "/usr/lib/libbrotlienc.so.1", O_RDONLY|O_CLOEXEC) = 3</usr/lib/libbrotlienc.so.1.2.0>
1428395 openat(AT_FDCWD</tmp/kernel-audit2-v3r63b5w/\346\261\202\350\247\243\345\231\250>, "/usr/lib/libbrotlidec.so.1", O_RDONLY|O_CLOEXEC) = 3</usr/lib/libbrotlidec.so.1.2.0>
1428395 openat(AT_FDCWD</tmp/kernel-audit2-v3r63b5w/\346\261\202\350\247\243\345\231\250>, "/usr/lib/libzstd.so.1", O_RDONLY|O_CLOEXEC) = 3</usr/lib/libzstd.so.1.5.7>
1428395 openat(AT_FDCWD</tmp/kernel-audit2-v3r63b5w/\346\261\202\350\247\243\345\231\250>, "/usr/lib/libm.so.6", O_RDONLY|O_CLOEXEC) = 3</usr/lib/libm.so.6>
1428395 openat(AT_FDCWD</tmp/kernel-audit2-v3r63b5w/\346\261\202\350\247\243\345\231\250>, "/usr/lib/libbrotlicommon.so.1", O_RDONLY|O_CLOEXEC) = 3</usr/lib/libbrotlicommon.so.1.2.0>
1428395 openat(AT_FDCWD</tmp/kernel-audit2-v3r63b5w/\346\261\202\350\247\243\345\231\250>, "/usr/lib/locale/locale-archive", O_RDONLY|O_CLOEXEC) = 3</usr/lib/locale/locale-archive>
1428395 openat(AT_FDCWD</tmp/kernel-audit2-v3r63b5w/\346\261\202\350\247\243\345\231\250>, "/usr/share/locale/locale.alias", O_RDONLY|O_CLOEXEC) = 3</usr/share/locale/locale.alias>
1428395 openat(AT_FDCWD</tmp/kernel-audit2-v3r63b5w/\346\261\202\350\247\243\345\231\250>, "/usr/lib/locale/C.UTF-8/LC_IDENTIFICATION", O_RDONLY|O_CLOEXEC) = -1 ENOENT (No such file or directory)
1428395 openat(AT_FDCWD</tmp/kernel-audit2-v3r63b5w/\346\261\202\350\247\243\345\231\250>, "/usr/lib/locale/C.utf8/LC_IDENTIFICATION", O_RDONLY|O_CLOEXEC) = 3</usr/lib/locale/C.utf8/LC_IDENTIFICATION>
1428395 openat(AT_FDCWD</tmp/kernel-audit2-v3r63b5w/\346\261\202\350\247\243\345\231\250>, "/usr/lib/gconv/gconv-modules.cache", O_RDONLY|O_CLOEXEC) = 3</usr/lib/gconv/gconv-modules.cache>
1428395 openat(AT_FDCWD</tmp/kernel-audit2-v3r63b5w/\346\261\202\350\247\243\345\231\250>, "/usr/lib/locale/C.UTF-8/LC_MEASUREMENT", O_RDONLY|O_CLOEXEC) = -1 ENOENT (No such file or directory)
1428395 openat(AT_FDCWD</tmp/kernel-audit2-v3r63b5w/\346\261\202\350\247\243\345\231\250>, "/usr/lib/locale/C.utf8/LC_MEASUREMENT", O_RDONLY|O_CLOEXEC) = 3</usr/lib/locale/C.utf8/LC_MEASUREMENT>
1428395 openat(AT_FDCWD</tmp/kernel-audit2-v3r63b5w/\346\261\202\350\247\243\345\231\250>, "/usr/lib/locale/C.UTF-8/LC_TELEPHONE", O_RDONLY|O_CLOEXEC) = -1 ENOENT (No such file or directory)
1428395 openat(AT_FDCWD</tmp/kernel-audit2-v3r63b5w/\346\261\202\350\247\243\345\231\250>, "/usr/lib/locale/C.utf8/LC_TELEPHONE", O_RDONLY|O_CLOEXEC) = 3</usr/lib/locale/C.utf8/LC_TELEPHONE>
1428395 openat(AT_FDCWD</tmp/kernel-audit2-v3r63b5w/\346\261\202\350\247\243\345\231\250>, "/usr/lib/locale/C.UTF-8/LC_ADDRESS", O_RDONLY|O_CLOEXEC) = -1 ENOENT (No such file or directory)
1428395 openat(AT_FDCWD</tmp/kernel-audit2-v3r63b5w/\346\261\202\350\247\243\345\231\250>, "/usr/lib/locale/C.utf8/LC_ADDRESS", O_RDONLY|O_CLOEXEC) = 3</usr/lib/locale/C.utf8/LC_ADDRESS>
1428395 openat(AT_FDCWD</tmp/kernel-audit2-v3r63b5w/\346\261\202\350\247\243\345\231\250>, "/usr/lib/locale/C.UTF-8/LC_NAME", O_RDONLY|O_CLOEXEC) = -1 ENOENT (No such file or directory)
1428395 openat(AT_FDCWD</tmp/kernel-audit2-v3r63b5w/\346\261\202\350\247\243\345\231\250>, "/usr/lib/locale/C.utf8/LC_NAME", O_RDONLY|O_CLOEXEC) = 3</usr/lib/locale/C.utf8/LC_NAME>
1428395 openat(AT_FDCWD</tmp/kernel-audit2-v3r63b5w/\346\261\202\350\247\243\345\231\250>, "/usr/lib/locale/C.UTF-8/LC_PAPER", O_RDONLY|O_CLOEXEC) = -1 ENOENT (No such file or directory)
1428395 openat(AT_FDCWD</tmp/kernel-audit2-v3r63b5w/\346\261\202\350\247\243\345\231\250>, "/usr/lib/locale/C.utf8/LC_PAPER", O_RDONLY|O_CLOEXEC) = 3</usr/lib/locale/C.utf8/LC_PAPER>
1428395 openat(AT_FDCWD</tmp/kernel-audit2-v3r63b5w/\346\261\202\350\247\243\345\231\250>, "/usr/lib/locale/C.UTF-8/LC_MESSAGES", O_RDONLY|O_CLOEXEC) = -1 ENOENT (No such file or directory)
1428395 openat(AT_FDCWD</tmp/kernel-audit2-v3r63b5w/\346\261\202\350\247\243\345\231\250>, "/usr/lib/locale/C.utf8/LC_MESSAGES", O_RDONLY|O_CLOEXEC) = 3</usr/lib/locale/C.utf8/LC_MESSAGES>
1428395 openat(AT_FDCWD</tmp/kernel-audit2-v3r63b5w/\346\261\202\350\247\243\345\231\250>, "/usr/lib/locale/C.utf8/LC_MESSAGES/SYS_LC_MESSAGES", O_RDONLY|O_CLOEXEC) = 3</usr/lib/locale/C.utf8/LC_MESSAGES/SYS_LC_MESSAGES>
1428395 openat(AT_FDCWD</tmp/kernel-audit2-v3r63b5w/\346\261\202\350\247\243\345\231\250>, "/usr/lib/locale/C.UTF-8/LC_MONETARY", O_RDONLY|O_CLOEXEC) = -1 ENOENT (No such file or directory)
1428395 openat(AT_FDCWD</tmp/kernel-audit2-v3r63b5w/\346\261\202\350\247\243\345\231\250>, "/usr/lib/locale/C.utf8/LC_MONETARY", O_RDONLY|O_CLOEXEC) = 3</usr/lib/locale/C.utf8/LC_MONETARY>
1428395 openat(AT_FDCWD</tmp/kernel-audit2-v3r63b5w/\346\261\202\350\247\243\345\231\250>, "/usr/lib/locale/C.UTF-8/LC_COLLATE", O_RDONLY|O_CLOEXEC) = -1 ENOENT (No such file or directory)
1428395 openat(AT_FDCWD</tmp/kernel-audit2-v3r63b5w/\346\261\202\350\247\243\345\231\250>, "/usr/lib/locale/C.utf8/LC_COLLATE", O_RDONLY|O_CLOEXEC) = 3</usr/lib/locale/C.utf8/LC_COLLATE>
1428395 openat(AT_FDCWD</tmp/kernel-audit2-v3r63b5w/\346\261\202\350\247\243\345\231\250>, "/usr/lib/locale/C.UTF-8/LC_TIME", O_RDONLY|O_CLOEXEC) = -1 ENOENT (No such file or directory)
1428395 openat(AT_FDCWD</tmp/kernel-audit2-v3r63b5w/\346\261\202\350\247\243\345\231\250>, "/usr/lib/locale/C.utf8/LC_TIME", O_RDONLY|O_CLOEXEC) = 3</usr/lib/locale/C.utf8/LC_TIME>
1428395 openat(AT_FDCWD</tmp/kernel-audit2-v3r63b5w/\346\261\202\350\247\243\345\231\250>, "/usr/lib/locale/C.UTF-8/LC_NUMERIC", O_RDONLY|O_CLOEXEC) = -1 ENOENT (No such file or directory)
1428395 openat(AT_FDCWD</tmp/kernel-audit2-v3r63b5w/\346\261\202\350\247\243\345\231\250>, "/usr/lib/locale/C.utf8/LC_NUMERIC", O_RDONLY|O_CLOEXEC) = 3</usr/lib/locale/C.utf8/LC_NUMERIC>
1428395 openat(AT_FDCWD</tmp/kernel-audit2-v3r63b5w/\346\261\202\350\247\243\345\231\250>, "/usr/lib/locale/C.UTF-8/LC_CTYPE", O_RDONLY|O_CLOEXEC) = -1 ENOENT (No such file or directory)
1428395 openat(AT_FDCWD</tmp/kernel-audit2-v3r63b5w/\346\261\202\350\247\243\345\231\250>, "/usr/lib/locale/C.utf8/LC_CTYPE", O_RDONLY|O_CLOEXEC) = 3</usr/lib/locale/C.utf8/LC_CTYPE>
1428395 openat(AT_FDCWD</tmp/kernel-audit2-v3r63b5w/\346\261\202\350\247\243\345\231\250>, "/tmp/kernel-audit2-v3r63b5w/\346\261\202\350\247\243\345\231\250/crates/kernel/src/warehouse.rs", O_RDONLY) = 3</tmp/kernel-audit2-v3r63b5w/\346\261\202\350\247\243\345\231\250/crates/kernel/src/warehouse.rs>
1428364 --- SIGCHLD {si_signo=SIGCHLD, si_code=CLD_EXITED, si_pid=1428395, si_uid=1000, si_status=0, si_utime=0, si_stime=0} ---
1428364 openat(AT_FDCWD</tmp/kernel-audit2-v3r63b5w/\346\261\202\350\247\243\345\231\250>, "/dev/null", O_RDONLY|O_CLOEXEC) = 3</dev/null<char 1:3>>
1428396 execve("/home/zhuran24/.codex/tmp/arg0/codex-arg0DuAZRy/sha256sum", ["sha256sum", "--", "/tmp/kernel-audit2-v3r63b5w/\346\261\202\350\247\243\345\231\250/crates/kernel/src/polling.rs"], 0x7ffd72465138 /* 135 vars */) = -1 ENOENT (No such file or directory)
1428396 execve("/home/zhuran24/.cargo/bin/sha256sum", ["sha256sum", "--", "/tmp/kernel-audit2-v3r63b5w/\346\261\202\350\247\243\345\231\250/crates/kernel/src/polling.rs"], 0x7ffd72465138 /* 135 vars */) = -1 ENOENT (No such file or directory)
1428396 execve("/home/zhuran24/.local/bin/sha256sum", ["sha256sum", "--", "/tmp/kernel-audit2-v3r63b5w/\346\261\202\350\247\243\345\231\250/crates/kernel/src/polling.rs"], 0x7ffd72465138 /* 135 vars */) = -1 ENOENT (No such file or directory)
1428396 execve("/home/zhuran24/.opencode/bin/sha256sum", ["sha256sum", "--", "/tmp/kernel-audit2-v3r63b5w/\346\261\202\350\247\243\345\231\250/crates/kernel/src/polling.rs"], 0x7ffd72465138 /* 135 vars */) = -1 ENOENT (No such file or directory)
1428396 execve("/usr/local/bin/sha256sum", ["sha256sum", "--", "/tmp/kernel-audit2-v3r63b5w/\346\261\202\350\247\243\345\231\250/crates/kernel/src/polling.rs"], 0x7ffd72465138 /* 135 vars */) = -1 ENOENT (No such file or directory)
1428396 execve("/usr/bin/sha256sum", ["sha256sum", "--", "/tmp/kernel-audit2-v3r63b5w/\346\261\202\350\247\243\345\231\250/crates/kernel/src/polling.rs"], 0x7ffd72465138 /* 135 vars */) = 0
1428396 openat(AT_FDCWD</tmp/kernel-audit2-v3r63b5w/\346\261\202\350\247\243\345\231\250>, "/etc/ld.so.cache", O_RDONLY|O_CLOEXEC) = 3</etc/ld.so.cache>
1428396 openat(AT_FDCWD</tmp/kernel-audit2-v3r63b5w/\346\261\202\350\247\243\345\231\250>, "/usr/lib/libcrypto.so.3", O_RDONLY|O_CLOEXEC) = 3</usr/lib/libcrypto.so.3>
1428396 openat(AT_FDCWD</tmp/kernel-audit2-v3r63b5w/\346\261\202\350\247\243\345\231\250>, "/usr/lib/libc.so.6", O_RDONLY|O_CLOEXEC) = 3</usr/lib/libc.so.6>
1428396 openat(AT_FDCWD</tmp/kernel-audit2-v3r63b5w/\346\261\202\350\247\243\345\231\250>, "/usr/lib/libz.so.1", O_RDONLY|O_CLOEXEC) = 3</usr/lib/libz.so.1.3.1.zlib-ng>
1428396 openat(AT_FDCWD</tmp/kernel-audit2-v3r63b5w/\346\261\202\350\247\243\345\231\250>, "/usr/lib/libbrotlienc.so.1", O_RDONLY|O_CLOEXEC) = 3</usr/lib/libbrotlienc.so.1.2.0>
1428396 openat(AT_FDCWD</tmp/kernel-audit2-v3r63b5w/\346\261\202\350\247\243\345\231\250>, "/usr/lib/libbrotlidec.so.1", O_RDONLY|O_CLOEXEC) = 3</usr/lib/libbrotlidec.so.1.2.0>
1428396 openat(AT_FDCWD</tmp/kernel-audit2-v3r63b5w/\346\261\202\350\247\243\345\231\250>, "/usr/lib/libzstd.so.1", O_RDONLY|O_CLOEXEC) = 3</usr/lib/libzstd.so.1.5.7>
1428396 openat(AT_FDCWD</tmp/kernel-audit2-v3r63b5w/\346\261\202\350\247\243\345\231\250>, "/usr/lib/libm.so.6", O_RDONLY|O_CLOEXEC) = 3</usr/lib/libm.so.6>
1428396 openat(AT_FDCWD</tmp/kernel-audit2-v3r63b5w/\346\261\202\350\247\243\345\231\250>, "/usr/lib/libbrotlicommon.so.1", O_RDONLY|O_CLOEXEC) = 3</usr/lib/libbrotlicommon.so.1.2.0>
1428396 openat(AT_FDCWD</tmp/kernel-audit2-v3r63b5w/\346\261\202\350\247\243\345\231\250>, "/usr/lib/locale/locale-archive", O_RDONLY|O_CLOEXEC) = 3</usr/lib/locale/locale-archive>
1428396 openat(AT_FDCWD</tmp/kernel-audit2-v3r63b5w/\346\261\202\350\247\243\345\231\250>, "/usr/share/locale/locale.alias", O_RDONLY|O_CLOEXEC) = 3</usr/share/locale/locale.alias>
1428396 openat(AT_FDCWD</tmp/kernel-audit2-v3r63b5w/\346\261\202\350\247\243\345\231\250>, "/usr/lib/locale/C.UTF-8/LC_IDENTIFICATION", O_RDONLY|O_CLOEXEC) = -1 ENOENT (No such file or directory)
1428396 openat(AT_FDCWD</tmp/kernel-audit2-v3r63b5w/\346\261\202\350\247\243\345\231\250>, "/usr/lib/locale/C.utf8/LC_IDENTIFICATION", O_RDONLY|O_CLOEXEC) = 3</usr/lib/locale/C.utf8/LC_IDENTIFICATION>
1428396 openat(AT_FDCWD</tmp/kernel-audit2-v3r63b5w/\346\261\202\350\247\243\345\231\250>, "/usr/lib/gconv/gconv-modules.cache", O_RDONLY|O_CLOEXEC) = 3</usr/lib/gconv/gconv-modules.cache>
1428396 openat(AT_FDCWD</tmp/kernel-audit2-v3r63b5w/\346\261\202\350\247\243\345\231\250>, "/usr/lib/locale/C.UTF-8/LC_MEASUREMENT", O_RDONLY|O_CLOEXEC) = -1 ENOENT (No such file or directory)
1428396 openat(AT_FDCWD</tmp/kernel-audit2-v3r63b5w/\346\261\202\350\247\243\345\231\250>, "/usr/lib/locale/C.utf8/LC_MEASUREMENT", O_RDONLY|O_CLOEXEC) = 3</usr/lib/locale/C.utf8/LC_MEASUREMENT>
1428396 openat(AT_FDCWD</tmp/kernel-audit2-v3r63b5w/\346\261\202\350\247\243\345\231\250>, "/usr/lib/locale/C.UTF-8/LC_TELEPHONE", O_RDONLY|O_CLOEXEC) = -1 ENOENT (No such file or directory)
1428396 openat(AT_FDCWD</tmp/kernel-audit2-v3r63b5w/\346\261\202\350\247\243\345\231\250>, "/usr/lib/locale/C.utf8/LC_TELEPHONE", O_RDONLY|O_CLOEXEC) = 3</usr/lib/locale/C.utf8/LC_TELEPHONE>
1428396 openat(AT_FDCWD</tmp/kernel-audit2-v3r63b5w/\346\261\202\350\247\243\345\231\250>, "/usr/lib/locale/C.UTF-8/LC_ADDRESS", O_RDONLY|O_CLOEXEC) = -1 ENOENT (No such file or directory)
1428396 openat(AT_FDCWD</tmp/kernel-audit2-v3r63b5w/\346\261\202\350\247\243\345\231\250>, "/usr/lib/locale/C.utf8/LC_ADDRESS", O_RDONLY|O_CLOEXEC) = 3</usr/lib/locale/C.utf8/LC_ADDRESS>
1428396 openat(AT_FDCWD</tmp/kernel-audit2-v3r63b5w/\346\261\202\350\247\243\345\231\250>, "/usr/lib/locale/C.UTF-8/LC_NAME", O_RDONLY|O_CLOEXEC) = -1 ENOENT (No such file or directory)
1428396 openat(AT_FDCWD</tmp/kernel-audit2-v3r63b5w/\346\261\202\350\247\243\345\231\250>, "/usr/lib/locale/C.utf8/LC_NAME", O_RDONLY|O_CLOEXEC) = 3</usr/lib/locale/C.utf8/LC_NAME>
1428396 openat(AT_FDCWD</tmp/kernel-audit2-v3r63b5w/\346\261\202\350\247\243\345\231\250>, "/usr/lib/locale/C.UTF-8/LC_PAPER", O_RDONLY|O_CLOEXEC) = -1 ENOENT (No such file or directory)
1428396 openat(AT_FDCWD</tmp/kernel-audit2-v3r63b5w/\346\261\202\350\247\243\345\231\250>, "/usr/lib/locale/C.utf8/LC_PAPER", O_RDONLY|O_CLOEXEC) = 3</usr/lib/locale/C.utf8/LC_PAPER>
1428396 openat(AT_FDCWD</tmp/kernel-audit2-v3r63b5w/\346\261\202\350\247\243\345\231\250>, "/usr/lib/locale/C.UTF-8/LC_MESSAGES", O_RDONLY|O_CLOEXEC) = -1 ENOENT (No such file or directory)
1428396 openat(AT_FDCWD</tmp/kernel-audit2-v3r63b5w/\346\261\202\350\247\243\345\231\250>, "/usr/lib/locale/C.utf8/LC_MESSAGES", O_RDONLY|O_CLOEXEC) = 3</usr/lib/locale/C.utf8/LC_MESSAGES>
1428396 openat(AT_FDCWD</tmp/kernel-audit2-v3r63b5w/\346\261\202\350\247\243\345\231\250>, "/usr/lib/locale/C.utf8/LC_MESSAGES/SYS_LC_MESSAGES", O_RDONLY|O_CLOEXEC) = 3</usr/lib/locale/C.utf8/LC_MESSAGES/SYS_LC_MESSAGES>
1428396 openat(AT_FDCWD</tmp/kernel-audit2-v3r63b5w/\346\261\202\350\247\243\345\231\250>, "/usr/lib/locale/C.UTF-8/LC_MONETARY", O_RDONLY|O_CLOEXEC) = -1 ENOENT (No such file or directory)
1428396 openat(AT_FDCWD</tmp/kernel-audit2-v3r63b5w/\346\261\202\350\247\243\345\231\250>, "/usr/lib/locale/C.utf8/LC_MONETARY", O_RDONLY|O_CLOEXEC) = 3</usr/lib/locale/C.utf8/LC_MONETARY>
1428396 openat(AT_FDCWD</tmp/kernel-audit2-v3r63b5w/\346\261\202\350\247\243\345\231\250>, "/usr/lib/locale/C.UTF-8/LC_COLLATE", O_RDONLY|O_CLOEXEC) = -1 ENOENT (No such file or directory)
1428396 openat(AT_FDCWD</tmp/kernel-audit2-v3r63b5w/\346\261\202\350\247\243\345\231\250>, "/usr/lib/locale/C.utf8/LC_COLLATE", O_RDONLY|O_CLOEXEC) = 3</usr/lib/locale/C.utf8/LC_COLLATE>
1428396 openat(AT_FDCWD</tmp/kernel-audit2-v3r63b5w/\346\261\202\350\247\243\345\231\250>, "/usr/lib/locale/C.UTF-8/LC_TIME", O_RDONLY|O_CLOEXEC) = -1 ENOENT (No such file or directory)
1428396 openat(AT_FDCWD</tmp/kernel-audit2-v3r63b5w/\346\261\202\350\247\243\345\231\250>, "/usr/lib/locale/C.utf8/LC_TIME", O_RDONLY|O_CLOEXEC) = 3</usr/lib/locale/C.utf8/LC_TIME>
1428396 openat(AT_FDCWD</tmp/kernel-audit2-v3r63b5w/\346\261\202\350\247\243\345\231\250>, "/usr/lib/locale/C.UTF-8/LC_NUMERIC", O_RDONLY|O_CLOEXEC) = -1 ENOENT (No such file or directory)
1428396 openat(AT_FDCWD</tmp/kernel-audit2-v3r63b5w/\346\261\202\350\247\243\345\231\250>, "/usr/lib/locale/C.utf8/LC_NUMERIC", O_RDONLY|O_CLOEXEC) = 3</usr/lib/locale/C.utf8/LC_NUMERIC>
1428396 openat(AT_FDCWD</tmp/kernel-audit2-v3r63b5w/\346\261\202\350\247\243\345\231\250>, "/usr/lib/locale/C.UTF-8/LC_CTYPE", O_RDONLY|O_CLOEXEC) = -1 ENOENT (No such file or directory)
1428396 openat(AT_FDCWD</tmp/kernel-audit2-v3r63b5w/\346\261\202\350\247\243\345\231\250>, "/usr/lib/locale/C.utf8/LC_CTYPE", O_RDONLY|O_CLOEXEC) = 3</usr/lib/locale/C.utf8/LC_CTYPE>
1428396 openat(AT_FDCWD</tmp/kernel-audit2-v3r63b5w/\346\261\202\350\247\243\345\231\250>, "/tmp/kernel-audit2-v3r63b5w/\346\261\202\350\247\243\345\231\250/crates/kernel/src/polling.rs", O_RDONLY) = 3</tmp/kernel-audit2-v3r63b5w/\346\261\202\350\247\243\345\231\250/crates/kernel/src/polling.rs>
1428364 --- SIGCHLD {si_signo=SIGCHLD, si_code=CLD_EXITED, si_pid=1428396, si_uid=1000, si_status=0, si_utime=0, si_stime=0} ---
1428364 openat(AT_FDCWD</tmp/kernel-audit2-v3r63b5w/\346\261\202\350\247\243\345\231\250>, "/dev/null", O_RDONLY|O_CLOEXEC) = 3</dev/null<char 1:3>>
1428397 execve("/home/zhuran24/.codex/tmp/arg0/codex-arg0DuAZRy/sha256sum", ["sha256sum", "--", "/tmp/kernel-audit2-v3r63b5w/\346\261\202\350\247\243\345\231\250/crates/kernel/src/transition.rs"], 0x7ffd72465138 /* 135 vars */) = -1 ENOENT (No such file or directory)
1428397 execve("/home/zhuran24/.cargo/bin/sha256sum", ["sha256sum", "--", "/tmp/kernel-audit2-v3r63b5w/\346\261\202\350\247\243\345\231\250/crates/kernel/src/transition.rs"], 0x7ffd72465138 /* 135 vars */) = -1 ENOENT (No such file or directory)
1428397 execve("/home/zhuran24/.local/bin/sha256sum", ["sha256sum", "--", "/tmp/kernel-audit2-v3r63b5w/\346\261\202\350\247\243\345\231\250/crates/kernel/src/transition.rs"], 0x7ffd72465138 /* 135 vars */) = -1 ENOENT (No such file or directory)
1428397 execve("/home/zhuran24/.opencode/bin/sha256sum", ["sha256sum", "--", "/tmp/kernel-audit2-v3r63b5w/\346\261\202\350\247\243\345\231\250/crates/kernel/src/transition.rs"], 0x7ffd72465138 /* 135 vars */) = -1 ENOENT (No such file or directory)
1428397 execve("/usr/local/bin/sha256sum", ["sha256sum", "--", "/tmp/kernel-audit2-v3r63b5w/\346\261\202\350\247\243\345\231\250/crates/kernel/src/transition.rs"], 0x7ffd72465138 /* 135 vars */) = -1 ENOENT (No such file or directory)
1428397 execve("/usr/bin/sha256sum", ["sha256sum", "--", "/tmp/kernel-audit2-v3r63b5w/\346\261\202\350\247\243\345\231\250/crates/kernel/src/transition.rs"], 0x7ffd72465138 /* 135 vars */) = 0
1428397 openat(AT_FDCWD</tmp/kernel-audit2-v3r63b5w/\346\261\202\350\247\243\345\231\250>, "/etc/ld.so.cache", O_RDONLY|O_CLOEXEC) = 3</etc/ld.so.cache>
1428397 openat(AT_FDCWD</tmp/kernel-audit2-v3r63b5w/\346\261\202\350\247\243\345\231\250>, "/usr/lib/libcrypto.so.3", O_RDONLY|O_CLOEXEC) = 3</usr/lib/libcrypto.so.3>
1428397 openat(AT_FDCWD</tmp/kernel-audit2-v3r63b5w/\346\261\202\350\247\243\345\231\250>, "/usr/lib/libc.so.6", O_RDONLY|O_CLOEXEC) = 3</usr/lib/libc.so.6>
1428397 openat(AT_FDCWD</tmp/kernel-audit2-v3r63b5w/\346\261\202\350\247\243\345\231\250>, "/usr/lib/libz.so.1", O_RDONLY|O_CLOEXEC) = 3</usr/lib/libz.so.1.3.1.zlib-ng>
1428397 openat(AT_FDCWD</tmp/kernel-audit2-v3r63b5w/\346\261\202\350\247\243\345\231\250>, "/usr/lib/libbrotlienc.so.1", O_RDONLY|O_CLOEXEC) = 3</usr/lib/libbrotlienc.so.1.2.0>
1428397 openat(AT_FDCWD</tmp/kernel-audit2-v3r63b5w/\346\261\202\350\247\243\345\231\250>, "/usr/lib/libbrotlidec.so.1", O_RDONLY|O_CLOEXEC) = 3</usr/lib/libbrotlidec.so.1.2.0>
1428397 openat(AT_FDCWD</tmp/kernel-audit2-v3r63b5w/\346\261\202\350\247\243\345\231\250>, "/usr/lib/libzstd.so.1", O_RDONLY|O_CLOEXEC) = 3</usr/lib/libzstd.so.1.5.7>
1428397 openat(AT_FDCWD</tmp/kernel-audit2-v3r63b5w/\346\261\202\350\247\243\345\231\250>, "/usr/lib/libm.so.6", O_RDONLY|O_CLOEXEC) = 3</usr/lib/libm.so.6>
1428397 openat(AT_FDCWD</tmp/kernel-audit2-v3r63b5w/\346\261\202\350\247\243\345\231\250>, "/usr/lib/libbrotlicommon.so.1", O_RDONLY|O_CLOEXEC) = 3</usr/lib/libbrotlicommon.so.1.2.0>
1428397 openat(AT_FDCWD</tmp/kernel-audit2-v3r63b5w/\346\261\202\350\247\243\345\231\250>, "/usr/lib/locale/locale-archive", O_RDONLY|O_CLOEXEC) = 3</usr/lib/locale/locale-archive>
1428397 openat(AT_FDCWD</tmp/kernel-audit2-v3r63b5w/\346\261\202\350\247\243\345\231\250>, "/usr/share/locale/locale.alias", O_RDONLY|O_CLOEXEC) = 3</usr/share/locale/locale.alias>
1428397 openat(AT_FDCWD</tmp/kernel-audit2-v3r63b5w/\346\261\202\350\247\243\345\231\250>, "/usr/lib/locale/C.UTF-8/LC_IDENTIFICATION", O_RDONLY|O_CLOEXEC) = -1 ENOENT (No such file or directory)
1428397 openat(AT_FDCWD</tmp/kernel-audit2-v3r63b5w/\346\261\202\350\247\243\345\231\250>, "/usr/lib/locale/C.utf8/LC_IDENTIFICATION", O_RDONLY|O_CLOEXEC) = 3</usr/lib/locale/C.utf8/LC_IDENTIFICATION>
1428397 openat(AT_FDCWD</tmp/kernel-audit2-v3r63b5w/\346\261\202\350\247\243\345\231\250>, "/usr/lib/gconv/gconv-modules.cache", O_RDONLY|O_CLOEXEC) = 3</usr/lib/gconv/gconv-modules.cache>
1428397 openat(AT_FDCWD</tmp/kernel-audit2-v3r63b5w/\346\261\202\350\247\243\345\231\250>, "/usr/lib/locale/C.UTF-8/LC_MEASUREMENT", O_RDONLY|O_CLOEXEC) = -1 ENOENT (No such file or directory)
1428397 openat(AT_FDCWD</tmp/kernel-audit2-v3r63b5w/\346\261\202\350\247\243\345\231\250>, "/usr/lib/locale/C.utf8/LC_MEASUREMENT", O_RDONLY|O_CLOEXEC) = 3</usr/lib/locale/C.utf8/LC_MEASUREMENT>
1428397 openat(AT_FDCWD</tmp/kernel-audit2-v3r63b5w/\346\261\202\350\247\243\345\231\250>, "/usr/lib/locale/C.UTF-8/LC_TELEPHONE", O_RDONLY|O_CLOEXEC) = -1 ENOENT (No such file or directory)
1428397 openat(AT_FDCWD</tmp/kernel-audit2-v3r63b5w/\346\261\202\350\247\243\345\231\250>, "/usr/lib/locale/C.utf8/LC_TELEPHONE", O_RDONLY|O_CLOEXEC) = 3</usr/lib/locale/C.utf8/LC_TELEPHONE>
1428397 openat(AT_FDCWD</tmp/kernel-audit2-v3r63b5w/\346\261\202\350\247\243\345\231\250>, "/usr/lib/locale/C.UTF-8/LC_ADDRESS", O_RDONLY|O_CLOEXEC) = -1 ENOENT (No such file or directory)
1428397 openat(AT_FDCWD</tmp/kernel-audit2-v3r63b5w/\346\261\202\350\247\243\345\231\250>, "/usr/lib/locale/C.utf8/LC_ADDRESS", O_RDONLY|O_CLOEXEC) = 3</usr/lib/locale/C.utf8/LC_ADDRESS>
1428397 openat(AT_FDCWD</tmp/kernel-audit2-v3r63b5w/\346\261\202\350\247\243\345\231\250>, "/usr/lib/locale/C.UTF-8/LC_NAME", O_RDONLY|O_CLOEXEC) = -1 ENOENT (No such file or directory)
1428397 openat(AT_FDCWD</tmp/kernel-audit2-v3r63b5w/\346\261\202\350\247\243\345\231\250>, "/usr/lib/locale/C.utf8/LC_NAME", O_RDONLY|O_CLOEXEC) = 3</usr/lib/locale/C.utf8/LC_NAME>
1428397 openat(AT_FDCWD</tmp/kernel-audit2-v3r63b5w/\346\261\202\350\247\243\345\231\250>, "/usr/lib/locale/C.UTF-8/LC_PAPER", O_RDONLY|O_CLOEXEC) = -1 ENOENT (No such file or directory)
1428397 openat(AT_FDCWD</tmp/kernel-audit2-v3r63b5w/\346\261\202\350\247\243\345\231\250>, "/usr/lib/locale/C.utf8/LC_PAPER", O_RDONLY|O_CLOEXEC) = 3</usr/lib/locale/C.utf8/LC_PAPER>
1428397 openat(AT_FDCWD</tmp/kernel-audit2-v3r63b5w/\346\261\202\350\247\243\345\231\250>, "/usr/lib/locale/C.UTF-8/LC_MESSAGES", O_RDONLY|O_CLOEXEC) = -1 ENOENT (No such file or directory)
1428397 openat(AT_FDCWD</tmp/kernel-audit2-v3r63b5w/\346\261\202\350\247\243\345\231\250>, "/usr/lib/locale/C.utf8/LC_MESSAGES", O_RDONLY|O_CLOEXEC) = 3</usr/lib/locale/C.utf8/LC_MESSAGES>
1428397 openat(AT_FDCWD</tmp/kernel-audit2-v3r63b5w/\346\261\202\350\247\243\345\231\250>, "/usr/lib/locale/C.utf8/LC_MESSAGES/SYS_LC_MESSAGES", O_RDONLY|O_CLOEXEC) = 3</usr/lib/locale/C.utf8/LC_MESSAGES/SYS_LC_MESSAGES>
1428397 openat(AT_FDCWD</tmp/kernel-audit2-v3r63b5w/\346\261\202\350\247\243\345\231\250>, "/usr/lib/locale/C.UTF-8/LC_MONETARY", O_RDONLY|O_CLOEXEC) = -1 ENOENT (No such file or directory)
1428397 openat(AT_FDCWD</tmp/kernel-audit2-v3r63b5w/\346\261\202\350\247\243\345\231\250>, "/usr/lib/locale/C.utf8/LC_MONETARY", O_RDONLY|O_CLOEXEC) = 3</usr/lib/locale/C.utf8/LC_MONETARY>
1428397 openat(AT_FDCWD</tmp/kernel-audit2-v3r63b5w/\346\261\202\350\247\243\345\231\250>, "/usr/lib/locale/C.UTF-8/LC_COLLATE", O_RDONLY|O_CLOEXEC) = -1 ENOENT (No such file or directory)
1428397 openat(AT_FDCWD</tmp/kernel-audit2-v3r63b5w/\346\261\202\350\247\243\345\231\250>, "/usr/lib/locale/C.utf8/LC_COLLATE", O_RDONLY|O_CLOEXEC) = 3</usr/lib/locale/C.utf8/LC_COLLATE>
1428397 openat(AT_FDCWD</tmp/kernel-audit2-v3r63b5w/\346\261\202\350\247\243\345\231\250>, "/usr/lib/locale/C.UTF-8/LC_TIME", O_RDONLY|O_CLOEXEC) = -1 ENOENT (No such file or directory)
1428397 openat(AT_FDCWD</tmp/kernel-audit2-v3r63b5w/\346\261\202\350\247\243\345\231\250>, "/usr/lib/locale/C.utf8/LC_TIME", O_RDONLY|O_CLOEXEC) = 3</usr/lib/locale/C.utf8/LC_TIME>
1428397 openat(AT_FDCWD</tmp/kernel-audit2-v3r63b5w/\346\261\202\350\247\243\345\231\250>, "/usr/lib/locale/C.UTF-8/LC_NUMERIC", O_RDONLY|O_CLOEXEC) = -1 ENOENT (No such file or directory)
1428397 openat(AT_FDCWD</tmp/kernel-audit2-v3r63b5w/\346\261\202\350\247\243\345\231\250>, "/usr/lib/locale/C.utf8/LC_NUMERIC", O_RDONLY|O_CLOEXEC) = 3</usr/lib/locale/C.utf8/LC_NUMERIC>
1428397 openat(AT_FDCWD</tmp/kernel-audit2-v3r63b5w/\346\261\202\350\247\243\345\231\250>, "/usr/lib/locale/C.UTF-8/LC_CTYPE", O_RDONLY|O_CLOEXEC) = -1 ENOENT (No such file or directory)
1428397 openat(AT_FDCWD</tmp/kernel-audit2-v3r63b5w/\346\261\202\350\247\243\345\231\250>, "/usr/lib/locale/C.utf8/LC_CTYPE", O_RDONLY|O_CLOEXEC) = 3</usr/lib/locale/C.utf8/LC_CTYPE>
1428397 openat(AT_FDCWD</tmp/kernel-audit2-v3r63b5w/\346\261\202\350\247\243\345\231\250>, "/tmp/kernel-audit2-v3r63b5w/\346\261\202\350\247\243\345\231\250/crates/kernel/src/transition.rs", O_RDONLY) = 3</tmp/kernel-audit2-v3r63b5w/\346\261\202\350\247\243\345\231\250/crates/kernel/src/transition.rs>
1428364 --- SIGCHLD {si_signo=SIGCHLD, si_code=CLD_EXITED, si_pid=1428397, si_uid=1000, si_status=0, si_utime=0, si_stime=0} ---
1428364 openat(AT_FDCWD</tmp/kernel-audit2-v3r63b5w/\346\261\202\350\247\243\345\231\250>, "/dev/null", O_RDONLY|O_CLOEXEC) = 3</dev/null<char 1:3>>
1428398 execve("/home/zhuran24/.codex/tmp/arg0/codex-arg0DuAZRy/sha256sum", ["sha256sum", "--", "/tmp/kernel-audit2-v3r63b5w/\346\261\202\350\247\243\345\231\250/crates/kernel/src/output.rs"], 0x7ffd72465138 /* 135 vars */) = -1 ENOENT (No such file or directory)
1428398 execve("/home/zhuran24/.cargo/bin/sha256sum", ["sha256sum", "--", "/tmp/kernel-audit2-v3r63b5w/\346\261\202\350\247\243\345\231\250/crates/kernel/src/output.rs"], 0x7ffd72465138 /* 135 vars */) = -1 ENOENT (No such file or directory)
1428398 execve("/home/zhuran24/.local/bin/sha256sum", ["sha256sum", "--", "/tmp/kernel-audit2-v3r63b5w/\346\261\202\350\247\243\345\231\250/crates/kernel/src/output.rs"], 0x7ffd72465138 /* 135 vars */) = -1 ENOENT (No such file or directory)
1428398 execve("/home/zhuran24/.opencode/bin/sha256sum", ["sha256sum", "--", "/tmp/kernel-audit2-v3r63b5w/\346\261\202\350\247\243\345\231\250/crates/kernel/src/output.rs"], 0x7ffd72465138 /* 135 vars */) = -1 ENOENT (No such file or directory)
1428398 execve("/usr/local/bin/sha256sum", ["sha256sum", "--", "/tmp/kernel-audit2-v3r63b5w/\346\261\202\350\247\243\345\231\250/crates/kernel/src/output.rs"], 0x7ffd72465138 /* 135 vars */) = -1 ENOENT (No such file or directory)
1428398 execve("/usr/bin/sha256sum", ["sha256sum", "--", "/tmp/kernel-audit2-v3r63b5w/\346\261\202\350\247\243\345\231\250/crates/kernel/src/output.rs"], 0x7ffd72465138 /* 135 vars */) = 0
1428398 openat(AT_FDCWD</tmp/kernel-audit2-v3r63b5w/\346\261\202\350\247\243\345\231\250>, "/etc/ld.so.cache", O_RDONLY|O_CLOEXEC) = 3</etc/ld.so.cache>
1428398 openat(AT_FDCWD</tmp/kernel-audit2-v3r63b5w/\346\261\202\350\247\243\345\231\250>, "/usr/lib/libcrypto.so.3", O_RDONLY|O_CLOEXEC) = 3</usr/lib/libcrypto.so.3>
1428398 openat(AT_FDCWD</tmp/kernel-audit2-v3r63b5w/\346\261\202\350\247\243\345\231\250>, "/usr/lib/libc.so.6", O_RDONLY|O_CLOEXEC) = 3</usr/lib/libc.so.6>
1428398 openat(AT_FDCWD</tmp/kernel-audit2-v3r63b5w/\346\261\202\350\247\243\345\231\250>, "/usr/lib/libz.so.1", O_RDONLY|O_CLOEXEC) = 3</usr/lib/libz.so.1.3.1.zlib-ng>
1428398 openat(AT_FDCWD</tmp/kernel-audit2-v3r63b5w/\346\261\202\350\247\243\345\231\250>, "/usr/lib/libbrotlienc.so.1", O_RDONLY|O_CLOEXEC) = 3</usr/lib/libbrotlienc.so.1.2.0>
1428398 openat(AT_FDCWD</tmp/kernel-audit2-v3r63b5w/\346\261\202\350\247\243\345\231\250>, "/usr/lib/libbrotlidec.so.1", O_RDONLY|O_CLOEXEC) = 3</usr/lib/libbrotlidec.so.1.2.0>
1428398 openat(AT_FDCWD</tmp/kernel-audit2-v3r63b5w/\346\261\202\350\247\243\345\231\250>, "/usr/lib/libzstd.so.1", O_RDONLY|O_CLOEXEC) = 3</usr/lib/libzstd.so.1.5.7>
1428398 openat(AT_FDCWD</tmp/kernel-audit2-v3r63b5w/\346\261\202\350\247\243\345\231\250>, "/usr/lib/libm.so.6", O_RDONLY|O_CLOEXEC) = 3</usr/lib/libm.so.6>
1428398 openat(AT_FDCWD</tmp/kernel-audit2-v3r63b5w/\346\261\202\350\247\243\345\231\250>, "/usr/lib/libbrotlicommon.so.1", O_RDONLY|O_CLOEXEC) = 3</usr/lib/libbrotlicommon.so.1.2.0>
1428398 openat(AT_FDCWD</tmp/kernel-audit2-v3r63b5w/\346\261\202\350\247\243\345\231\250>, "/usr/lib/locale/locale-archive", O_RDONLY|O_CLOEXEC) = 3</usr/lib/locale/locale-archive>
1428398 openat(AT_FDCWD</tmp/kernel-audit2-v3r63b5w/\346\261\202\350\247\243\345\231\250>, "/usr/share/locale/locale.alias", O_RDONLY|O_CLOEXEC) = 3</usr/share/locale/locale.alias>
1428398 openat(AT_FDCWD</tmp/kernel-audit2-v3r63b5w/\346\261\202\350\247\243\345\231\250>, "/usr/lib/locale/C.UTF-8/LC_IDENTIFICATION", O_RDONLY|O_CLOEXEC) = -1 ENOENT (No such file or directory)
1428398 openat(AT_FDCWD</tmp/kernel-audit2-v3r63b5w/\346\261\202\350\247\243\345\231\250>, "/usr/lib/locale/C.utf8/LC_IDENTIFICATION", O_RDONLY|O_CLOEXEC) = 3</usr/lib/locale/C.utf8/LC_IDENTIFICATION>
1428398 openat(AT_FDCWD</tmp/kernel-audit2-v3r63b5w/\346\261\202\350\247\243\345\231\250>, "/usr/lib/gconv/gconv-modules.cache", O_RDONLY|O_CLOEXEC) = 3</usr/lib/gconv/gconv-modules.cache>
1428398 openat(AT_FDCWD</tmp/kernel-audit2-v3r63b5w/\346\261\202\350\247\243\345\231\250>, "/usr/lib/locale/C.UTF-8/LC_MEASUREMENT", O_RDONLY|O_CLOEXEC) = -1 ENOENT (No such file or directory)
1428398 openat(AT_FDCWD</tmp/kernel-audit2-v3r63b5w/\346\261\202\350\247\243\345\231\250>, "/usr/lib/locale/C.utf8/LC_MEASUREMENT", O_RDONLY|O_CLOEXEC) = 3</usr/lib/locale/C.utf8/LC_MEASUREMENT>
1428398 openat(AT_FDCWD</tmp/kernel-audit2-v3r63b5w/\346\261\202\350\247\243\345\231\250>, "/usr/lib/locale/C.UTF-8/LC_TELEPHONE", O_RDONLY|O_CLOEXEC) = -1 ENOENT (No such file or directory)
1428398 openat(AT_FDCWD</tmp/kernel-audit2-v3r63b5w/\346\261\202\350\247\243\345\231\250>, "/usr/lib/locale/C.utf8/LC_TELEPHONE", O_RDONLY|O_CLOEXEC) = 3</usr/lib/locale/C.utf8/LC_TELEPHONE>
1428398 openat(AT_FDCWD</tmp/kernel-audit2-v3r63b5w/\346\261\202\350\247\243\345\231\250>, "/usr/lib/locale/C.UTF-8/LC_ADDRESS", O_RDONLY|O_CLOEXEC) = -1 ENOENT (No such file or directory)
1428398 openat(AT_FDCWD</tmp/kernel-audit2-v3r63b5w/\346\261\202\350\247\243\345\231\250>, "/usr/lib/locale/C.utf8/LC_ADDRESS", O_RDONLY|O_CLOEXEC) = 3</usr/lib/locale/C.utf8/LC_ADDRESS>
1428398 openat(AT_FDCWD</tmp/kernel-audit2-v3r63b5w/\346\261\202\350\247\243\345\231\250>, "/usr/lib/locale/C.UTF-8/LC_NAME", O_RDONLY|O_CLOEXEC) = -1 ENOENT (No such file or directory)
1428398 openat(AT_FDCWD</tmp/kernel-audit2-v3r63b5w/\346\261\202\350\247\243\345\231\250>, "/usr/lib/locale/C.utf8/LC_NAME", O_RDONLY|O_CLOEXEC) = 3</usr/lib/locale/C.utf8/LC_NAME>
1428398 openat(AT_FDCWD</tmp/kernel-audit2-v3r63b5w/\346\261\202\350\247\243\345\231\250>, "/usr/lib/locale/C.UTF-8/LC_PAPER", O_RDONLY|O_CLOEXEC) = -1 ENOENT (No such file or directory)
1428398 openat(AT_FDCWD</tmp/kernel-audit2-v3r63b5w/\346\261\202\350\247\243\345\231\250>, "/usr/lib/locale/C.utf8/LC_PAPER", O_RDONLY|O_CLOEXEC) = 3</usr/lib/locale/C.utf8/LC_PAPER>
1428398 openat(AT_FDCWD</tmp/kernel-audit2-v3r63b5w/\346\261\202\350\247\243\345\231\250>, "/usr/lib/locale/C.UTF-8/LC_MESSAGES", O_RDONLY|O_CLOEXEC) = -1 ENOENT (No such file or directory)
1428398 openat(AT_FDCWD</tmp/kernel-audit2-v3r63b5w/\346\261\202\350\247\243\345\231\250>, "/usr/lib/locale/C.utf8/LC_MESSAGES", O_RDONLY|O_CLOEXEC) = 3</usr/lib/locale/C.utf8/LC_MESSAGES>
1428398 openat(AT_FDCWD</tmp/kernel-audit2-v3r63b5w/\346\261\202\350\247\243\345\231\250>, "/usr/lib/locale/C.utf8/LC_MESSAGES/SYS_LC_MESSAGES", O_RDONLY|O_CLOEXEC) = 3</usr/lib/locale/C.utf8/LC_MESSAGES/SYS_LC_MESSAGES>
1428398 openat(AT_FDCWD</tmp/kernel-audit2-v3r63b5w/\346\261\202\350\247\243\345\231\250>, "/usr/lib/locale/C.UTF-8/LC_MONETARY", O_RDONLY|O_CLOEXEC) = -1 ENOENT (No such file or directory)
1428398 openat(AT_FDCWD</tmp/kernel-audit2-v3r63b5w/\346\261\202\350\247\243\345\231\250>, "/usr/lib/locale/C.utf8/LC_MONETARY", O_RDONLY|O_CLOEXEC) = 3</usr/lib/locale/C.utf8/LC_MONETARY>
1428398 openat(AT_FDCWD</tmp/kernel-audit2-v3r63b5w/\346\261\202\350\247\243\345\231\250>, "/usr/lib/locale/C.UTF-8/LC_COLLATE", O_RDONLY|O_CLOEXEC) = -1 ENOENT (No such file or directory)
1428398 openat(AT_FDCWD</tmp/kernel-audit2-v3r63b5w/\346\261\202\350\247\243\345\231\250>, "/usr/lib/locale/C.utf8/LC_COLLATE", O_RDONLY|O_CLOEXEC) = 3</usr/lib/locale/C.utf8/LC_COLLATE>
1428398 openat(AT_FDCWD</tmp/kernel-audit2-v3r63b5w/\346\261\202\350\247\243\345\231\250>, "/usr/lib/locale/C.UTF-8/LC_TIME", O_RDONLY|O_CLOEXEC) = -1 ENOENT (No such file or directory)
1428398 openat(AT_FDCWD</tmp/kernel-audit2-v3r63b5w/\346\261\202\350\247\243\345\231\250>, "/usr/lib/locale/C.utf8/LC_TIME", O_RDONLY|O_CLOEXEC) = 3</usr/lib/locale/C.utf8/LC_TIME>
1428398 openat(AT_FDCWD</tmp/kernel-audit2-v3r63b5w/\346\261\202\350\247\243\345\231\250>, "/usr/lib/locale/C.UTF-8/LC_NUMERIC", O_RDONLY|O_CLOEXEC) = -1 ENOENT (No such file or directory)
1428398 openat(AT_FDCWD</tmp/kernel-audit2-v3r63b5w/\346\261\202\350\247\243\345\231\250>, "/usr/lib/locale/C.utf8/LC_NUMERIC", O_RDONLY|O_CLOEXEC) = 3</usr/lib/locale/C.utf8/LC_NUMERIC>
1428398 openat(AT_FDCWD</tmp/kernel-audit2-v3r63b5w/\346\261\202\350\247\243\345\231\250>, "/usr/lib/locale/C.UTF-8/LC_CTYPE", O_RDONLY|O_CLOEXEC) = -1 ENOENT (No such file or directory)
1428398 openat(AT_FDCWD</tmp/kernel-audit2-v3r63b5w/\346\261\202\350\247\243\345\231\250>, "/usr/lib/locale/C.utf8/LC_CTYPE", O_RDONLY|O_CLOEXEC) = 3</usr/lib/locale/C.utf8/LC_CTYPE>
1428398 openat(AT_FDCWD</tmp/kernel-audit2-v3r63b5w/\346\261\202\350\247\243\345\231\250>, "/tmp/kernel-audit2-v3r63b5w/\346\261\202\350\247\243\345\231\250/crates/kernel/src/output.rs", O_RDONLY) = 3</tmp/kernel-audit2-v3r63b5w/\346\261\202\350\247\243\345\231\250/crates/kernel/src/output.rs>
1428364 --- SIGCHLD {si_signo=SIGCHLD, si_code=CLD_EXITED, si_pid=1428398, si_uid=1000, si_status=0, si_utime=0, si_stime=0} ---
1428364 openat(AT_FDCWD</tmp/kernel-audit2-v3r63b5w/\346\261\202\350\247\243\345\231\250>, "/dev/null", O_RDONLY|O_CLOEXEC) = 3</dev/null<char 1:3>>
1428399 execve("/home/zhuran24/.codex/tmp/arg0/codex-arg0DuAZRy/sha256sum", ["sha256sum", "--", "/tmp/kernel-audit2-v3r63b5w/\346\261\202\350\247\243\345\231\250/crates/kernel/src/ledger.rs"], 0x7ffd72465138 /* 135 vars */) = -1 ENOENT (No such file or directory)
1428399 execve("/home/zhuran24/.cargo/bin/sha256sum", ["sha256sum", "--", "/tmp/kernel-audit2-v3r63b5w/\346\261\202\350\247\243\345\231\250/crates/kernel/src/ledger.rs"], 0x7ffd72465138 /* 135 vars */) = -1 ENOENT (No such file or directory)
1428399 execve("/home/zhuran24/.local/bin/sha256sum", ["sha256sum", "--", "/tmp/kernel-audit2-v3r63b5w/\346\261\202\350\247\243\345\231\250/crates/kernel/src/ledger.rs"], 0x7ffd72465138 /* 135 vars */) = -1 ENOENT (No such file or directory)
1428399 execve("/home/zhuran24/.opencode/bin/sha256sum", ["sha256sum", "--", "/tmp/kernel-audit2-v3r63b5w/\346\261\202\350\247\243\345\231\250/crates/kernel/src/ledger.rs"], 0x7ffd72465138 /* 135 vars */) = -1 ENOENT (No such file or directory)
1428399 execve("/usr/local/bin/sha256sum", ["sha256sum", "--", "/tmp/kernel-audit2-v3r63b5w/\346\261\202\350\247\243\345\231\250/crates/kernel/src/ledger.rs"], 0x7ffd72465138 /* 135 vars */) = -1 ENOENT (No such file or directory)
1428399 execve("/usr/bin/sha256sum", ["sha256sum", "--", "/tmp/kernel-audit2-v3r63b5w/\346\261\202\350\247\243\345\231\250/crates/kernel/src/ledger.rs"], 0x7ffd72465138 /* 135 vars */) = 0
1428399 openat(AT_FDCWD</tmp/kernel-audit2-v3r63b5w/\346\261\202\350\247\243\345\231\250>, "/etc/ld.so.cache", O_RDONLY|O_CLOEXEC) = 3</etc/ld.so.cache>
1428399 openat(AT_FDCWD</tmp/kernel-audit2-v3r63b5w/\346\261\202\350\247\243\345\231\250>, "/usr/lib/libcrypto.so.3", O_RDONLY|O_CLOEXEC) = 3</usr/lib/libcrypto.so.3>
1428399 openat(AT_FDCWD</tmp/kernel-audit2-v3r63b5w/\346\261\202\350\247\243\345\231\250>, "/usr/lib/libc.so.6", O_RDONLY|O_CLOEXEC) = 3</usr/lib/libc.so.6>
1428399 openat(AT_FDCWD</tmp/kernel-audit2-v3r63b5w/\346\261\202\350\247\243\345\231\250>, "/usr/lib/libz.so.1", O_RDONLY|O_CLOEXEC) = 3</usr/lib/libz.so.1.3.1.zlib-ng>
1428399 openat(AT_FDCWD</tmp/kernel-audit2-v3r63b5w/\346\261\202\350\247\243\345\231\250>, "/usr/lib/libbrotlienc.so.1", O_RDONLY|O_CLOEXEC) = 3</usr/lib/libbrotlienc.so.1.2.0>
1428399 openat(AT_FDCWD</tmp/kernel-audit2-v3r63b5w/\346\261\202\350\247\243\345\231\250>, "/usr/lib/libbrotlidec.so.1", O_RDONLY|O_CLOEXEC) = 3</usr/lib/libbrotlidec.so.1.2.0>
1428399 openat(AT_FDCWD</tmp/kernel-audit2-v3r63b5w/\346\261\202\350\247\243\345\231\250>, "/usr/lib/libzstd.so.1", O_RDONLY|O_CLOEXEC) = 3</usr/lib/libzstd.so.1.5.7>
1428399 openat(AT_FDCWD</tmp/kernel-audit2-v3r63b5w/\346\261\202\350\247\243\345\231\250>, "/usr/lib/libm.so.6", O_RDONLY|O_CLOEXEC) = 3</usr/lib/libm.so.6>
1428399 openat(AT_FDCWD</tmp/kernel-audit2-v3r63b5w/\346\261\202\350\247\243\345\231\250>, "/usr/lib/libbrotlicommon.so.1", O_RDONLY|O_CLOEXEC) = 3</usr/lib/libbrotlicommon.so.1.2.0>
1428399 openat(AT_FDCWD</tmp/kernel-audit2-v3r63b5w/\346\261\202\350\247\243\345\231\250>, "/usr/lib/locale/locale-archive", O_RDONLY|O_CLOEXEC) = 3</usr/lib/locale/locale-archive>
1428399 openat(AT_FDCWD</tmp/kernel-audit2-v3r63b5w/\346\261\202\350\247\243\345\231\250>, "/usr/share/locale/locale.alias", O_RDONLY|O_CLOEXEC) = 3</usr/share/locale/locale.alias>
1428399 openat(AT_FDCWD</tmp/kernel-audit2-v3r63b5w/\346\261\202\350\247\243\345\231\250>, "/usr/lib/locale/C.UTF-8/LC_IDENTIFICATION", O_RDONLY|O_CLOEXEC) = -1 ENOENT (No such file or directory)
1428399 openat(AT_FDCWD</tmp/kernel-audit2-v3r63b5w/\346\261\202\350\247\243\345\231\250>, "/usr/lib/locale/C.utf8/LC_IDENTIFICATION", O_RDONLY|O_CLOEXEC) = 3</usr/lib/locale/C.utf8/LC_IDENTIFICATION>
1428399 openat(AT_FDCWD</tmp/kernel-audit2-v3r63b5w/\346\261\202\350\247\243\345\231\250>, "/usr/lib/gconv/gconv-modules.cache", O_RDONLY|O_CLOEXEC) = 3</usr/lib/gconv/gconv-modules.cache>
1428399 openat(AT_FDCWD</tmp/kernel-audit2-v3r63b5w/\346\261\202\350\247\243\345\231\250>, "/usr/lib/locale/C.UTF-8/LC_MEASUREMENT", O_RDONLY|O_CLOEXEC) = -1 ENOENT (No such file or directory)
1428399 openat(AT_FDCWD</tmp/kernel-audit2-v3r63b5w/\346\261\202\350\247\243\345\231\250>, "/usr/lib/locale/C.utf8/LC_MEASUREMENT", O_RDONLY|O_CLOEXEC) = 3</usr/lib/locale/C.utf8/LC_MEASUREMENT>
1428399 openat(AT_FDCWD</tmp/kernel-audit2-v3r63b5w/\346\261\202\350\247\243\345\231\250>, "/usr/lib/locale/C.UTF-8/LC_TELEPHONE", O_RDONLY|O_CLOEXEC) = -1 ENOENT (No such file or directory)
1428399 openat(AT_FDCWD</tmp/kernel-audit2-v3r63b5w/\346\261\202\350\247\243\345\231\250>, "/usr/lib/locale/C.utf8/LC_TELEPHONE", O_RDONLY|O_CLOEXEC) = 3</usr/lib/locale/C.utf8/LC_TELEPHONE>
1428399 openat(AT_FDCWD</tmp/kernel-audit2-v3r63b5w/\346\261\202\350\247\243\345\231\250>, "/usr/lib/locale/C.UTF-8/LC_ADDRESS", O_RDONLY|O_CLOEXEC) = -1 ENOENT (No such file or directory)
1428399 openat(AT_FDCWD</tmp/kernel-audit2-v3r63b5w/\346\261\202\350\247\243\345\231\250>, "/usr/lib/locale/C.utf8/LC_ADDRESS", O_RDONLY|O_CLOEXEC) = 3</usr/lib/locale/C.utf8/LC_ADDRESS>
1428399 openat(AT_FDCWD</tmp/kernel-audit2-v3r63b5w/\346\261\202\350\247\243\345\231\250>, "/usr/lib/locale/C.UTF-8/LC_NAME", O_RDONLY|O_CLOEXEC) = -1 ENOENT (No such file or directory)
1428399 openat(AT_FDCWD</tmp/kernel-audit2-v3r63b5w/\346\261\202\350\247\243\345\231\250>, "/usr/lib/locale/C.utf8/LC_NAME", O_RDONLY|O_CLOEXEC) = 3</usr/lib/locale/C.utf8/LC_NAME>
1428399 openat(AT_FDCWD</tmp/kernel-audit2-v3r63b5w/\346\261\202\350\247\243\345\231\250>, "/usr/lib/locale/C.UTF-8/LC_PAPER", O_RDONLY|O_CLOEXEC) = -1 ENOENT (No such file or directory)
1428399 openat(AT_FDCWD</tmp/kernel-audit2-v3r63b5w/\346\261\202\350\247\243\345\231\250>, "/usr/lib/locale/C.utf8/LC_PAPER", O_RDONLY|O_CLOEXEC) = 3</usr/lib/locale/C.utf8/LC_PAPER>
1428399 openat(AT_FDCWD</tmp/kernel-audit2-v3r63b5w/\346\261\202\350\247\243\345\231\250>, "/usr/lib/locale/C.UTF-8/LC_MESSAGES", O_RDONLY|O_CLOEXEC) = -1 ENOENT (No such file or directory)
1428399 openat(AT_FDCWD</tmp/kernel-audit2-v3r63b5w/\346\261\202\350\247\243\345\231\250>, "/usr/lib/locale/C.utf8/LC_MESSAGES", O_RDONLY|O_CLOEXEC) = 3</usr/lib/locale/C.utf8/LC_MESSAGES>
1428399 openat(AT_FDCWD</tmp/kernel-audit2-v3r63b5w/\346\261\202\350\247\243\345\231\250>, "/usr/lib/locale/C.utf8/LC_MESSAGES/SYS_LC_MESSAGES", O_RDONLY|O_CLOEXEC) = 3</usr/lib/locale/C.utf8/LC_MESSAGES/SYS_LC_MESSAGES>
1428399 openat(AT_FDCWD</tmp/kernel-audit2-v3r63b5w/\346\261\202\350\247\243\345\231\250>, "/usr/lib/locale/C.UTF-8/LC_MONETARY", O_RDONLY|O_CLOEXEC) = -1 ENOENT (No such file or directory)
1428399 openat(AT_FDCWD</tmp/kernel-audit2-v3r63b5w/\346\261\202\350\247\243\345\231\250>, "/usr/lib/locale/C.utf8/LC_MONETARY", O_RDONLY|O_CLOEXEC) = 3</usr/lib/locale/C.utf8/LC_MONETARY>
1428399 openat(AT_FDCWD</tmp/kernel-audit2-v3r63b5w/\346\261\202\350\247\243\345\231\250>, "/usr/lib/locale/C.UTF-8/LC_COLLATE", O_RDONLY|O_CLOEXEC) = -1 ENOENT (No such file or directory)
1428399 openat(AT_FDCWD</tmp/kernel-audit2-v3r63b5w/\346\261\202\350\247\243\345\231\250>, "/usr/lib/locale/C.utf8/LC_COLLATE", O_RDONLY|O_CLOEXEC) = 3</usr/lib/locale/C.utf8/LC_COLLATE>
1428399 openat(AT_FDCWD</tmp/kernel-audit2-v3r63b5w/\346\261\202\350\247\243\345\231\250>, "/usr/lib/locale/C.UTF-8/LC_TIME", O_RDONLY|O_CLOEXEC) = -1 ENOENT (No such file or directory)
1428399 openat(AT_FDCWD</tmp/kernel-audit2-v3r63b5w/\346\261\202\350\247\243\345\231\250>, "/usr/lib/locale/C.utf8/LC_TIME", O_RDONLY|O_CLOEXEC) = 3</usr/lib/locale/C.utf8/LC_TIME>
1428399 openat(AT_FDCWD</tmp/kernel-audit2-v3r63b5w/\346\261\202\350\247\243\345\231\250>, "/usr/lib/locale/C.UTF-8/LC_NUMERIC", O_RDONLY|O_CLOEXEC) = -1 ENOENT (No such file or directory)
1428399 openat(AT_FDCWD</tmp/kernel-audit2-v3r63b5w/\346\261\202\350\247\243\345\231\250>, "/usr/lib/locale/C.utf8/LC_NUMERIC", O_RDONLY|O_CLOEXEC) = 3</usr/lib/locale/C.utf8/LC_NUMERIC>
1428399 openat(AT_FDCWD</tmp/kernel-audit2-v3r63b5w/\346\261\202\350\247\243\345\231\250>, "/usr/lib/locale/C.UTF-8/LC_CTYPE", O_RDONLY|O_CLOEXEC) = -1 ENOENT (No such file or directory)
1428399 openat(AT_FDCWD</tmp/kernel-audit2-v3r63b5w/\346\261\202\350\247\243\345\231\250>, "/usr/lib/locale/C.utf8/LC_CTYPE", O_RDONLY|O_CLOEXEC) = 3</usr/lib/locale/C.utf8/LC_CTYPE>
1428399 openat(AT_FDCWD</tmp/kernel-audit2-v3r63b5w/\346\261\202\350\247\243\345\231\250>, "/tmp/kernel-audit2-v3r63b5w/\346\261\202\350\247\243\345\231\250/crates/kernel/src/ledger.rs", O_RDONLY) = 3</tmp/kernel-audit2-v3r63b5w/\346\261\202\350\247\243\345\231\250/crates/kernel/src/ledger.rs>
1428364 --- SIGCHLD {si_signo=SIGCHLD, si_code=CLD_EXITED, si_pid=1428399, si_uid=1000, si_status=0, si_utime=0, si_stime=0} ---
1428364 openat(AT_FDCWD</tmp/kernel-audit2-v3r63b5w/\346\261\202\350\247\243\345\231\250>, "/dev/null", O_RDONLY|O_CLOEXEC) = 3</dev/null<char 1:3>>
1428400 execve("/home/zhuran24/.codex/tmp/arg0/codex-arg0DuAZRy/sha256sum", ["sha256sum", "--", "/tmp/kernel-audit2-v3r63b5w/\346\261\202\350\247\243\345\231\250/crates/kernel/src/cycle.rs"], 0x7ffd72465138 /* 135 vars */) = -1 ENOENT (No such file or directory)
1428400 execve("/home/zhuran24/.cargo/bin/sha256sum", ["sha256sum", "--", "/tmp/kernel-audit2-v3r63b5w/\346\261\202\350\247\243\345\231\250/crates/kernel/src/cycle.rs"], 0x7ffd72465138 /* 135 vars */) = -1 ENOENT (No such file or directory)
1428400 execve("/home/zhuran24/.local/bin/sha256sum", ["sha256sum", "--", "/tmp/kernel-audit2-v3r63b5w/\346\261\202\350\247\243\345\231\250/crates/kernel/src/cycle.rs"], 0x7ffd72465138 /* 135 vars */) = -1 ENOENT (No such file or directory)
1428400 execve("/home/zhuran24/.opencode/bin/sha256sum", ["sha256sum", "--", "/tmp/kernel-audit2-v3r63b5w/\346\261\202\350\247\243\345\231\250/crates/kernel/src/cycle.rs"], 0x7ffd72465138 /* 135 vars */) = -1 ENOENT (No such file or directory)
1428400 execve("/usr/local/bin/sha256sum", ["sha256sum", "--", "/tmp/kernel-audit2-v3r63b5w/\346\261\202\350\247\243\345\231\250/crates/kernel/src/cycle.rs"], 0x7ffd72465138 /* 135 vars */) = -1 ENOENT (No such file or directory)
1428400 execve("/usr/bin/sha256sum", ["sha256sum", "--", "/tmp/kernel-audit2-v3r63b5w/\346\261\202\350\247\243\345\231\250/crates/kernel/src/cycle.rs"], 0x7ffd72465138 /* 135 vars */) = 0
1428400 openat(AT_FDCWD</tmp/kernel-audit2-v3r63b5w/\346\261\202\350\247\243\345\231\250>, "/etc/ld.so.cache", O_RDONLY|O_CLOEXEC) = 3</etc/ld.so.cache>
1428400 openat(AT_FDCWD</tmp/kernel-audit2-v3r63b5w/\346\261\202\350\247\243\345\231\250>, "/usr/lib/libcrypto.so.3", O_RDONLY|O_CLOEXEC) = 3</usr/lib/libcrypto.so.3>
1428400 openat(AT_FDCWD</tmp/kernel-audit2-v3r63b5w/\346\261\202\350\247\243\345\231\250>, "/usr/lib/libc.so.6", O_RDONLY|O_CLOEXEC) = 3</usr/lib/libc.so.6>
1428400 openat(AT_FDCWD</tmp/kernel-audit2-v3r63b5w/\346\261\202\350\247\243\345\231\250>, "/usr/lib/libz.so.1", O_RDONLY|O_CLOEXEC) = 3</usr/lib/libz.so.1.3.1.zlib-ng>
1428400 openat(AT_FDCWD</tmp/kernel-audit2-v3r63b5w/\346\261\202\350\247\243\345\231\250>, "/usr/lib/libbrotlienc.so.1", O_RDONLY|O_CLOEXEC) = 3</usr/lib/libbrotlienc.so.1.2.0>
1428400 openat(AT_FDCWD</tmp/kernel-audit2-v3r63b5w/\346\261\202\350\247\243\345\231\250>, "/usr/lib/libbrotlidec.so.1", O_RDONLY|O_CLOEXEC) = 3</usr/lib/libbrotlidec.so.1.2.0>
1428400 openat(AT_FDCWD</tmp/kernel-audit2-v3r63b5w/\346\261\202\350\247\243\345\231\250>, "/usr/lib/libzstd.so.1", O_RDONLY|O_CLOEXEC) = 3</usr/lib/libzstd.so.1.5.7>
1428400 openat(AT_FDCWD</tmp/kernel-audit2-v3r63b5w/\346\261\202\350\247\243\345\231\250>, "/usr/lib/libm.so.6", O_RDONLY|O_CLOEXEC) = 3</usr/lib/libm.so.6>
1428400 openat(AT_FDCWD</tmp/kernel-audit2-v3r63b5w/\346\261\202\350\247\243\345\231\250>, "/usr/lib/libbrotlicommon.so.1", O_RDONLY|O_CLOEXEC) = 3</usr/lib/libbrotlicommon.so.1.2.0>
1428400 openat(AT_FDCWD</tmp/kernel-audit2-v3r63b5w/\346\261\202\350\247\243\345\231\250>, "/usr/lib/locale/locale-archive", O_RDONLY|O_CLOEXEC) = 3</usr/lib/locale/locale-archive>
1428400 openat(AT_FDCWD</tmp/kernel-audit2-v3r63b5w/\346\261\202\350\247\243\345\231\250>, "/usr/share/locale/locale.alias", O_RDONLY|O_CLOEXEC) = 3</usr/share/locale/locale.alias>
1428400 openat(AT_FDCWD</tmp/kernel-audit2-v3r63b5w/\346\261\202\350\247\243\345\231\250>, "/usr/lib/locale/C.UTF-8/LC_IDENTIFICATION", O_RDONLY|O_CLOEXEC) = -1 ENOENT (No such file or directory)
1428400 openat(AT_FDCWD</tmp/kernel-audit2-v3r63b5w/\346\261\202\350\247\243\345\231\250>, "/usr/lib/locale/C.utf8/LC_IDENTIFICATION", O_RDONLY|O_CLOEXEC) = 3</usr/lib/locale/C.utf8/LC_IDENTIFICATION>
1428400 openat(AT_FDCWD</tmp/kernel-audit2-v3r63b5w/\346\261\202\350\247\243\345\231\250>, "/usr/lib/gconv/gconv-modules.cache", O_RDONLY|O_CLOEXEC) = 3</usr/lib/gconv/gconv-modules.cache>
1428400 openat(AT_FDCWD</tmp/kernel-audit2-v3r63b5w/\346\261\202\350\247\243\345\231\250>, "/usr/lib/locale/C.UTF-8/LC_MEASUREMENT", O_RDONLY|O_CLOEXEC) = -1 ENOENT (No such file or directory)
1428400 openat(AT_FDCWD</tmp/kernel-audit2-v3r63b5w/\346\261\202\350\247\243\345\231\250>, "/usr/lib/locale/C.utf8/LC_MEASUREMENT", O_RDONLY|O_CLOEXEC) = 3</usr/lib/locale/C.utf8/LC_MEASUREMENT>
1428400 openat(AT_FDCWD</tmp/kernel-audit2-v3r63b5w/\346\261\202\350\247\243\345\231\250>, "/usr/lib/locale/C.UTF-8/LC_TELEPHONE", O_RDONLY|O_CLOEXEC) = -1 ENOENT (No such file or directory)
1428400 openat(AT_FDCWD</tmp/kernel-audit2-v3r63b5w/\346\261\202\350\247\243\345\231\250>, "/usr/lib/locale/C.utf8/LC_TELEPHONE", O_RDONLY|O_CLOEXEC) = 3</usr/lib/locale/C.utf8/LC_TELEPHONE>
1428400 openat(AT_FDCWD</tmp/kernel-audit2-v3r63b5w/\346\261\202\350\247\243\345\231\250>, "/usr/lib/locale/C.UTF-8/LC_ADDRESS", O_RDONLY|O_CLOEXEC) = -1 ENOENT (No such file or directory)
1428400 openat(AT_FDCWD</tmp/kernel-audit2-v3r63b5w/\346\261\202\350\247\243\345\231\250>, "/usr/lib/locale/C.utf8/LC_ADDRESS", O_RDONLY|O_CLOEXEC) = 3</usr/lib/locale/C.utf8/LC_ADDRESS>
1428400 openat(AT_FDCWD</tmp/kernel-audit2-v3r63b5w/\346\261\202\350\247\243\345\231\250>, "/usr/lib/locale/C.UTF-8/LC_NAME", O_RDONLY|O_CLOEXEC) = -1 ENOENT (No such file or directory)
1428400 openat(AT_FDCWD</tmp/kernel-audit2-v3r63b5w/\346\261\202\350\247\243\345\231\250>, "/usr/lib/locale/C.utf8/LC_NAME", O_RDONLY|O_CLOEXEC) = 3</usr/lib/locale/C.utf8/LC_NAME>
1428400 openat(AT_FDCWD</tmp/kernel-audit2-v3r63b5w/\346\261\202\350\247\243\345\231\250>, "/usr/lib/locale/C.UTF-8/LC_PAPER", O_RDONLY|O_CLOEXEC) = -1 ENOENT (No such file or directory)
1428400 openat(AT_FDCWD</tmp/kernel-audit2-v3r63b5w/\346\261\202\350\247\243\345\231\250>, "/usr/lib/locale/C.utf8/LC_PAPER", O_RDONLY|O_CLOEXEC) = 3</usr/lib/locale/C.utf8/LC_PAPER>
1428400 openat(AT_FDCWD</tmp/kernel-audit2-v3r63b5w/\346\261\202\350\247\243\345\231\250>, "/usr/lib/locale/C.UTF-8/LC_MESSAGES", O_RDONLY|O_CLOEXEC) = -1 ENOENT (No such file or directory)
1428400 openat(AT_FDCWD</tmp/kernel-audit2-v3r63b5w/\346\261\202\350\247\243\345\231\250>, "/usr/lib/locale/C.utf8/LC_MESSAGES", O_RDONLY|O_CLOEXEC) = 3</usr/lib/locale/C.utf8/LC_MESSAGES>
1428400 openat(AT_FDCWD</tmp/kernel-audit2-v3r63b5w/\346\261\202\350\247\243\345\231\250>, "/usr/lib/locale/C.utf8/LC_MESSAGES/SYS_LC_MESSAGES", O_RDONLY|O_CLOEXEC) = 3</usr/lib/locale/C.utf8/LC_MESSAGES/SYS_LC_MESSAGES>
1428400 openat(AT_FDCWD</tmp/kernel-audit2-v3r63b5w/\346\261\202\350\247\243\345\231\250>, "/usr/lib/locale/C.UTF-8/LC_MONETARY", O_RDONLY|O_CLOEXEC) = -1 ENOENT (No such file or directory)
1428400 openat(AT_FDCWD</tmp/kernel-audit2-v3r63b5w/\346\261\202\350\247\243\345\231\250>, "/usr/lib/locale/C.utf8/LC_MONETARY", O_RDONLY|O_CLOEXEC) = 3</usr/lib/locale/C.utf8/LC_MONETARY>
1428400 openat(AT_FDCWD</tmp/kernel-audit2-v3r63b5w/\346\261\202\350\247\243\345\231\250>, "/usr/lib/locale/C.UTF-8/LC_COLLATE", O_RDONLY|O_CLOEXEC) = -1 ENOENT (No such file or directory)
1428400 openat(AT_FDCWD</tmp/kernel-audit2-v3r63b5w/\346\261\202\350\247\243\345\231\250>, "/usr/lib/locale/C.utf8/LC_COLLATE", O_RDONLY|O_CLOEXEC) = 3</usr/lib/locale/C.utf8/LC_COLLATE>
1428400 openat(AT_FDCWD</tmp/kernel-audit2-v3r63b5w/\346\261\202\350\247\243\345\231\250>, "/usr/lib/locale/C.UTF-8/LC_TIME", O_RDONLY|O_CLOEXEC) = -1 ENOENT (No such file or directory)
1428400 openat(AT_FDCWD</tmp/kernel-audit2-v3r63b5w/\346\261\202\350\247\243\345\231\250>, "/usr/lib/locale/C.utf8/LC_TIME", O_RDONLY|O_CLOEXEC) = 3</usr/lib/locale/C.utf8/LC_TIME>
1428400 openat(AT_FDCWD</tmp/kernel-audit2-v3r63b5w/\346\261\202\350\247\243\345\231\250>, "/usr/lib/locale/C.UTF-8/LC_NUMERIC", O_RDONLY|O_CLOEXEC) = -1 ENOENT (No such file or directory)
1428400 openat(AT_FDCWD</tmp/kernel-audit2-v3r63b5w/\346\261\202\350\247\243\345\231\250>, "/usr/lib/locale/C.utf8/LC_NUMERIC", O_RDONLY|O_CLOEXEC) = 3</usr/lib/locale/C.utf8/LC_NUMERIC>
1428400 openat(AT_FDCWD</tmp/kernel-audit2-v3r63b5w/\346\261\202\350\247\243\345\231\250>, "/usr/lib/locale/C.UTF-8/LC_CTYPE", O_RDONLY|O_CLOEXEC) = -1 ENOENT (No such file or directory)
1428400 openat(AT_FDCWD</tmp/kernel-audit2-v3r63b5w/\346\261\202\350\247\243\345\231\250>, "/usr/lib/locale/C.utf8/LC_CTYPE", O_RDONLY|O_CLOEXEC) = 3</usr/lib/locale/C.utf8/LC_CTYPE>
1428400 openat(AT_FDCWD</tmp/kernel-audit2-v3r63b5w/\346\261\202\350\247\243\345\231\250>, "/tmp/kernel-audit2-v3r63b5w/\346\261\202\350\247\243\345\231\250/crates/kernel/src/cycle.rs", O_RDONLY) = 3</tmp/kernel-audit2-v3r63b5w/\346\261\202\350\247\243\345\231\250/crates/kernel/src/cycle.rs>
1428364 --- SIGCHLD {si_signo=SIGCHLD, si_code=CLD_EXITED, si_pid=1428400, si_uid=1000, si_status=0, si_utime=0, si_stime=0} ---
1428364 openat(AT_FDCWD</tmp/kernel-audit2-v3r63b5w/\346\261\202\350\247\243\345\231\250>, "/dev/null", O_RDONLY|O_CLOEXEC) = 3</dev/null<char 1:3>>
1428401 execve("/home/zhuran24/.codex/tmp/arg0/codex-arg0DuAZRy/sha256sum", ["sha256sum", "--", "/tmp/kernel-audit2-v3r63b5w/\346\261\202\350\247\243\345\231\250/crates/kernel/src/cycle_io.rs"], 0x7ffd72465138 /* 135 vars */) = -1 ENOENT (No such file or directory)
1428401 execve("/home/zhuran24/.cargo/bin/sha256sum", ["sha256sum", "--", "/tmp/kernel-audit2-v3r63b5w/\346\261\202\350\247\243\345\231\250/crates/kernel/src/cycle_io.rs"], 0x7ffd72465138 /* 135 vars */) = -1 ENOENT (No such file or directory)
1428401 execve("/home/zhuran24/.local/bin/sha256sum", ["sha256sum", "--", "/tmp/kernel-audit2-v3r63b5w/\346\261\202\350\247\243\345\231\250/crates/kernel/src/cycle_io.rs"], 0x7ffd72465138 /* 135 vars */) = -1 ENOENT (No such file or directory)
1428401 execve("/home/zhuran24/.opencode/bin/sha256sum", ["sha256sum", "--", "/tmp/kernel-audit2-v3r63b5w/\346\261\202\350\247\243\345\231\250/crates/kernel/src/cycle_io.rs"], 0x7ffd72465138 /* 135 vars */) = -1 ENOENT (No such file or directory)
1428401 execve("/usr/local/bin/sha256sum", ["sha256sum", "--", "/tmp/kernel-audit2-v3r63b5w/\346\261\202\350\247\243\345\231\250/crates/kernel/src/cycle_io.rs"], 0x7ffd72465138 /* 135 vars */) = -1 ENOENT (No such file or directory)
1428401 execve("/usr/bin/sha256sum", ["sha256sum", "--", "/tmp/kernel-audit2-v3r63b5w/\346\261\202\350\247\243\345\231\250/crates/kernel/src/cycle_io.rs"], 0x7ffd72465138 /* 135 vars */) = 0
1428401 openat(AT_FDCWD</tmp/kernel-audit2-v3r63b5w/\346\261\202\350\247\243\345\231\250>, "/etc/ld.so.cache", O_RDONLY|O_CLOEXEC) = 3</etc/ld.so.cache>
1428401 openat(AT_FDCWD</tmp/kernel-audit2-v3r63b5w/\346\261\202\350\247\243\345\231\250>, "/usr/lib/libcrypto.so.3", O_RDONLY|O_CLOEXEC) = 3</usr/lib/libcrypto.so.3>
1428401 openat(AT_FDCWD</tmp/kernel-audit2-v3r63b5w/\346\261\202\350\247\243\345\231\250>, "/usr/lib/libc.so.6", O_RDONLY|O_CLOEXEC) = 3</usr/lib/libc.so.6>
1428401 openat(AT_FDCWD</tmp/kernel-audit2-v3r63b5w/\346\261\202\350\247\243\345\231\250>, "/usr/lib/libz.so.1", O_RDONLY|O_CLOEXEC) = 3</usr/lib/libz.so.1.3.1.zlib-ng>
1428401 openat(AT_FDCWD</tmp/kernel-audit2-v3r63b5w/\346\261\202\350\247\243\345\231\250>, "/usr/lib/libbrotlienc.so.1", O_RDONLY|O_CLOEXEC) = 3</usr/lib/libbrotlienc.so.1.2.0>
1428401 openat(AT_FDCWD</tmp/kernel-audit2-v3r63b5w/\346\261\202\350\247\243\345\231\250>, "/usr/lib/libbrotlidec.so.1", O_RDONLY|O_CLOEXEC) = 3</usr/lib/libbrotlidec.so.1.2.0>
1428401 openat(AT_FDCWD</tmp/kernel-audit2-v3r63b5w/\346\261\202\350\247\243\345\231\250>, "/usr/lib/libzstd.so.1", O_RDONLY|O_CLOEXEC) = 3</usr/lib/libzstd.so.1.5.7>
1428401 openat(AT_FDCWD</tmp/kernel-audit2-v3r63b5w/\346\261\202\350\247\243\345\231\250>, "/usr/lib/libm.so.6", O_RDONLY|O_CLOEXEC) = 3</usr/lib/libm.so.6>
1428401 openat(AT_FDCWD</tmp/kernel-audit2-v3r63b5w/\346\261\202\350\247\243\345\231\250>, "/usr/lib/libbrotlicommon.so.1", O_RDONLY|O_CLOEXEC) = 3</usr/lib/libbrotlicommon.so.1.2.0>
1428401 openat(AT_FDCWD</tmp/kernel-audit2-v3r63b5w/\346\261\202\350\247\243\345\231\250>, "/usr/lib/locale/locale-archive", O_RDONLY|O_CLOEXEC) = 3</usr/lib/locale/locale-archive>
1428401 openat(AT_FDCWD</tmp/kernel-audit2-v3r63b5w/\346\261\202\350\247\243\345\231\250>, "/usr/share/locale/locale.alias", O_RDONLY|O_CLOEXEC) = 3</usr/share/locale/locale.alias>
1428401 openat(AT_FDCWD</tmp/kernel-audit2-v3r63b5w/\346\261\202\350\247\243\345\231\250>, "/usr/lib/locale/C.UTF-8/LC_IDENTIFICATION", O_RDONLY|O_CLOEXEC) = -1 ENOENT (No such file or directory)
1428401 openat(AT_FDCWD</tmp/kernel-audit2-v3r63b5w/\346\261\202\350\247\243\345\231\250>, "/usr/lib/locale/C.utf8/LC_IDENTIFICATION", O_RDONLY|O_CLOEXEC) = 3</usr/lib/locale/C.utf8/LC_IDENTIFICATION>
1428401 openat(AT_FDCWD</tmp/kernel-audit2-v3r63b5w/\346\261\202\350\247\243\345\231\250>, "/usr/lib/gconv/gconv-modules.cache", O_RDONLY|O_CLOEXEC) = 3</usr/lib/gconv/gconv-modules.cache>
1428401 openat(AT_FDCWD</tmp/kernel-audit2-v3r63b5w/\346\261\202\350\247\243\345\231\250>, "/usr/lib/locale/C.UTF-8/LC_MEASUREMENT", O_RDONLY|O_CLOEXEC) = -1 ENOENT (No such file or directory)
1428401 openat(AT_FDCWD</tmp/kernel-audit2-v3r63b5w/\346\261\202\350\247\243\345\231\250>, "/usr/lib/locale/C.utf8/LC_MEASUREMENT", O_RDONLY|O_CLOEXEC) = 3</usr/lib/locale/C.utf8/LC_MEASUREMENT>
1428401 openat(AT_FDCWD</tmp/kernel-audit2-v3r63b5w/\346\261\202\350\247\243\345\231\250>, "/usr/lib/locale/C.UTF-8/LC_TELEPHONE", O_RDONLY|O_CLOEXEC) = -1 ENOENT (No such file or directory)
1428401 openat(AT_FDCWD</tmp/kernel-audit2-v3r63b5w/\346\261\202\350\247\243\345\231\250>, "/usr/lib/locale/C.utf8/LC_TELEPHONE", O_RDONLY|O_CLOEXEC) = 3</usr/lib/locale/C.utf8/LC_TELEPHONE>
1428401 openat(AT_FDCWD</tmp/kernel-audit2-v3r63b5w/\346\261\202\350\247\243\345\231\250>, "/usr/lib/locale/C.UTF-8/LC_ADDRESS", O_RDONLY|O_CLOEXEC) = -1 ENOENT (No such file or directory)
1428401 openat(AT_FDCWD</tmp/kernel-audit2-v3r63b5w/\346\261\202\350\247\243\345\231\250>, "/usr/lib/locale/C.utf8/LC_ADDRESS", O_RDONLY|O_CLOEXEC) = 3</usr/lib/locale/C.utf8/LC_ADDRESS>
1428401 openat(AT_FDCWD</tmp/kernel-audit2-v3r63b5w/\346\261\202\350\247\243\345\231\250>, "/usr/lib/locale/C.UTF-8/LC_NAME", O_RDONLY|O_CLOEXEC) = -1 ENOENT (No such file or directory)
1428401 openat(AT_FDCWD</tmp/kernel-audit2-v3r63b5w/\346\261\202\350\247\243\345\231\250>, "/usr/lib/locale/C.utf8/LC_NAME", O_RDONLY|O_CLOEXEC) = 3</usr/lib/locale/C.utf8/LC_NAME>
1428401 openat(AT_FDCWD</tmp/kernel-audit2-v3r63b5w/\346\261\202\350\247\243\345\231\250>, "/usr/lib/locale/C.UTF-8/LC_PAPER", O_RDONLY|O_CLOEXEC) = -1 ENOENT (No such file or directory)
1428401 openat(AT_FDCWD</tmp/kernel-audit2-v3r63b5w/\346\261\202\350\247\243\345\231\250>, "/usr/lib/locale/C.utf8/LC_PAPER", O_RDONLY|O_CLOEXEC) = 3</usr/lib/locale/C.utf8/LC_PAPER>
1428401 openat(AT_FDCWD</tmp/kernel-audit2-v3r63b5w/\346\261\202\350\247\243\345\231\250>, "/usr/lib/locale/C.UTF-8/LC_MESSAGES", O_RDONLY|O_CLOEXEC) = -1 ENOENT (No such file or directory)
1428401 openat(AT_FDCWD</tmp/kernel-audit2-v3r63b5w/\346\261\202\350\247\243\345\231\250>, "/usr/lib/locale/C.utf8/LC_MESSAGES", O_RDONLY|O_CLOEXEC) = 3</usr/lib/locale/C.utf8/LC_MESSAGES>
1428401 openat(AT_FDCWD</tmp/kernel-audit2-v3r63b5w/\346\261\202\350\247\243\345\231\250>, "/usr/lib/locale/C.utf8/LC_MESSAGES/SYS_LC_MESSAGES", O_RDONLY|O_CLOEXEC) = 3</usr/lib/locale/C.utf8/LC_MESSAGES/SYS_LC_MESSAGES>
1428401 openat(AT_FDCWD</tmp/kernel-audit2-v3r63b5w/\346\261\202\350\247\243\345\231\250>, "/usr/lib/locale/C.UTF-8/LC_MONETARY", O_RDONLY|O_CLOEXEC) = -1 ENOENT (No such file or directory)
1428401 openat(AT_FDCWD</tmp/kernel-audit2-v3r63b5w/\346\261\202\350\247\243\345\231\250>, "/usr/lib/locale/C.utf8/LC_MONETARY", O_RDONLY|O_CLOEXEC) = 3</usr/lib/locale/C.utf8/LC_MONETARY>
1428401 openat(AT_FDCWD</tmp/kernel-audit2-v3r63b5w/\346\261\202\350\247\243\345\231\250>, "/usr/lib/locale/C.UTF-8/LC_COLLATE", O_RDONLY|O_CLOEXEC) = -1 ENOENT (No such file or directory)
1428401 openat(AT_FDCWD</tmp/kernel-audit2-v3r63b5w/\346\261\202\350\247\243\345\231\250>, "/usr/lib/locale/C.utf8/LC_COLLATE", O_RDONLY|O_CLOEXEC) = 3</usr/lib/locale/C.utf8/LC_COLLATE>
1428401 openat(AT_FDCWD</tmp/kernel-audit2-v3r63b5w/\346\261\202\350\247\243\345\231\250>, "/usr/lib/locale/C.UTF-8/LC_TIME", O_RDONLY|O_CLOEXEC) = -1 ENOENT (No such file or directory)
1428401 openat(AT_FDCWD</tmp/kernel-audit2-v3r63b5w/\346\261\202\350\247\243\345\231\250>, "/usr/lib/locale/C.utf8/LC_TIME", O_RDONLY|O_CLOEXEC) = 3</usr/lib/locale/C.utf8/LC_TIME>
1428401 openat(AT_FDCWD</tmp/kernel-audit2-v3r63b5w/\346\261\202\350\247\243\345\231\250>, "/usr/lib/locale/C.UTF-8/LC_NUMERIC", O_RDONLY|O_CLOEXEC) = -1 ENOENT (No such file or directory)
1428401 openat(AT_FDCWD</tmp/kernel-audit2-v3r63b5w/\346\261\202\350\247\243\345\231\250>, "/usr/lib/locale/C.utf8/LC_NUMERIC", O_RDONLY|O_CLOEXEC) = 3</usr/lib/locale/C.utf8/LC_NUMERIC>
1428401 openat(AT_FDCWD</tmp/kernel-audit2-v3r63b5w/\346\261\202\350\247\243\345\231\250>, "/usr/lib/locale/C.UTF-8/LC_CTYPE", O_RDONLY|O_CLOEXEC) = -1 ENOENT (No such file or directory)
1428401 openat(AT_FDCWD</tmp/kernel-audit2-v3r63b5w/\346\261\202\350\247\243\345\231\250>, "/usr/lib/locale/C.utf8/LC_CTYPE", O_RDONLY|O_CLOEXEC) = 3</usr/lib/locale/C.utf8/LC_CTYPE>
1428401 openat(AT_FDCWD</tmp/kernel-audit2-v3r63b5w/\346\261\202\350\247\243\345\231\250>, "/tmp/kernel-audit2-v3r63b5w/\346\261\202\350\247\243\345\231\250/crates/kernel/src/cycle_io.rs", O_RDONLY) = 3</tmp/kernel-audit2-v3r63b5w/\346\261\202\350\247\243\345\231\250/crates/kernel/src/cycle_io.rs>
1428364 --- SIGCHLD {si_signo=SIGCHLD, si_code=CLD_EXITED, si_pid=1428401, si_uid=1000, si_status=0, si_utime=0, si_stime=0} ---
1428364 openat(AT_FDCWD</tmp/kernel-audit2-v3r63b5w/\346\261\202\350\247\243\345\231\250>, "/dev/null", O_RDONLY|O_CLOEXEC) = 3</dev/null<char 1:3>>
1428402 execve("/home/zhuran24/.codex/tmp/arg0/codex-arg0DuAZRy/sha256sum", ["sha256sum", "--", "/tmp/kernel-audit2-v3r63b5w/\346\261\202\350\247\243\345\231\250/crates/kernel/src/digest.rs"], 0x7ffd72465138 /* 135 vars */) = -1 ENOENT (No such file or directory)
1428402 execve("/home/zhuran24/.cargo/bin/sha256sum", ["sha256sum", "--", "/tmp/kernel-audit2-v3r63b5w/\346\261\202\350\247\243\345\231\250/crates/kernel/src/digest.rs"], 0x7ffd72465138 /* 135 vars */) = -1 ENOENT (No such file or directory)
1428402 execve("/home/zhuran24/.local/bin/sha256sum", ["sha256sum", "--", "/tmp/kernel-audit2-v3r63b5w/\346\261\202\350\247\243\345\231\250/crates/kernel/src/digest.rs"], 0x7ffd72465138 /* 135 vars */) = -1 ENOENT (No such file or directory)
1428402 execve("/home/zhuran24/.opencode/bin/sha256sum", ["sha256sum", "--", "/tmp/kernel-audit2-v3r63b5w/\346\261\202\350\247\243\345\231\250/crates/kernel/src/digest.rs"], 0x7ffd72465138 /* 135 vars */) = -1 ENOENT (No such file or directory)
1428402 execve("/usr/local/bin/sha256sum", ["sha256sum", "--", "/tmp/kernel-audit2-v3r63b5w/\346\261\202\350\247\243\345\231\250/crates/kernel/src/digest.rs"], 0x7ffd72465138 /* 135 vars */) = -1 ENOENT (No such file or directory)
1428402 execve("/usr/bin/sha256sum", ["sha256sum", "--", "/tmp/kernel-audit2-v3r63b5w/\346\261\202\350\247\243\345\231\250/crates/kernel/src/digest.rs"], 0x7ffd72465138 /* 135 vars */) = 0
1428402 openat(AT_FDCWD</tmp/kernel-audit2-v3r63b5w/\346\261\202\350\247\243\345\231\250>, "/etc/ld.so.cache", O_RDONLY|O_CLOEXEC) = 3</etc/ld.so.cache>
1428402 openat(AT_FDCWD</tmp/kernel-audit2-v3r63b5w/\346\261\202\350\247\243\345\231\250>, "/usr/lib/libcrypto.so.3", O_RDONLY|O_CLOEXEC) = 3</usr/lib/libcrypto.so.3>
1428402 openat(AT_FDCWD</tmp/kernel-audit2-v3r63b5w/\346\261\202\350\247\243\345\231\250>, "/usr/lib/libc.so.6", O_RDONLY|O_CLOEXEC) = 3</usr/lib/libc.so.6>
1428402 openat(AT_FDCWD</tmp/kernel-audit2-v3r63b5w/\346\261\202\350\247\243\345\231\250>, "/usr/lib/libz.so.1", O_RDONLY|O_CLOEXEC) = 3</usr/lib/libz.so.1.3.1.zlib-ng>
1428402 openat(AT_FDCWD</tmp/kernel-audit2-v3r63b5w/\346\261\202\350\247\243\345\231\250>, "/usr/lib/libbrotlienc.so.1", O_RDONLY|O_CLOEXEC) = 3</usr/lib/libbrotlienc.so.1.2.0>
1428402 openat(AT_FDCWD</tmp/kernel-audit2-v3r63b5w/\346\261\202\350\247\243\345\231\250>, "/usr/lib/libbrotlidec.so.1", O_RDONLY|O_CLOEXEC) = 3</usr/lib/libbrotlidec.so.1.2.0>
1428402 openat(AT_FDCWD</tmp/kernel-audit2-v3r63b5w/\346\261\202\350\247\243\345\231\250>, "/usr/lib/libzstd.so.1", O_RDONLY|O_CLOEXEC) = 3</usr/lib/libzstd.so.1.5.7>
1428402 openat(AT_FDCWD</tmp/kernel-audit2-v3r63b5w/\346\261\202\350\247\243\345\231\250>, "/usr/lib/libm.so.6", O_RDONLY|O_CLOEXEC) = 3</usr/lib/libm.so.6>
1428402 openat(AT_FDCWD</tmp/kernel-audit2-v3r63b5w/\346\261\202\350\247\243\345\231\250>, "/usr/lib/libbrotlicommon.so.1", O_RDONLY|O_CLOEXEC) = 3</usr/lib/libbrotlicommon.so.1.2.0>
1428402 openat(AT_FDCWD</tmp/kernel-audit2-v3r63b5w/\346\261\202\350\247\243\345\231\250>, "/usr/lib/locale/locale-archive", O_RDONLY|O_CLOEXEC) = 3</usr/lib/locale/locale-archive>
1428402 openat(AT_FDCWD</tmp/kernel-audit2-v3r63b5w/\346\261\202\350\247\243\345\231\250>, "/usr/share/locale/locale.alias", O_RDONLY|O_CLOEXEC) = 3</usr/share/locale/locale.alias>
1428402 openat(AT_FDCWD</tmp/kernel-audit2-v3r63b5w/\346\261\202\350\247\243\345\231\250>, "/usr/lib/locale/C.UTF-8/LC_IDENTIFICATION", O_RDONLY|O_CLOEXEC) = -1 ENOENT (No such file or directory)
1428402 openat(AT_FDCWD</tmp/kernel-audit2-v3r63b5w/\346\261\202\350\247\243\345\231\250>, "/usr/lib/locale/C.utf8/LC_IDENTIFICATION", O_RDONLY|O_CLOEXEC) = 3</usr/lib/locale/C.utf8/LC_IDENTIFICATION>
1428402 openat(AT_FDCWD</tmp/kernel-audit2-v3r63b5w/\346\261\202\350\247\243\345\231\250>, "/usr/lib/gconv/gconv-modules.cache", O_RDONLY|O_CLOEXEC) = 3</usr/lib/gconv/gconv-modules.cache>
1428402 openat(AT_FDCWD</tmp/kernel-audit2-v3r63b5w/\346\261\202\350\247\243\345\231\250>, "/usr/lib/locale/C.UTF-8/LC_MEASUREMENT", O_RDONLY|O_CLOEXEC) = -1 ENOENT (No such file or directory)
1428402 openat(AT_FDCWD</tmp/kernel-audit2-v3r63b5w/\346\261\202\350\247\243\345\231\250>, "/usr/lib/locale/C.utf8/LC_MEASUREMENT", O_RDONLY|O_CLOEXEC) = 3</usr/lib/locale/C.utf8/LC_MEASUREMENT>
1428402 openat(AT_FDCWD</tmp/kernel-audit2-v3r63b5w/\346\261\202\350\247\243\345\231\250>, "/usr/lib/locale/C.UTF-8/LC_TELEPHONE", O_RDONLY|O_CLOEXEC) = -1 ENOENT (No such file or directory)
1428402 openat(AT_FDCWD</tmp/kernel-audit2-v3r63b5w/\346\261\202\350\247\243\345\231\250>, "/usr/lib/locale/C.utf8/LC_TELEPHONE", O_RDONLY|O_CLOEXEC) = 3</usr/lib/locale/C.utf8/LC_TELEPHONE>
1428402 openat(AT_FDCWD</tmp/kernel-audit2-v3r63b5w/\346\261\202\350\247\243\345\231\250>, "/usr/lib/locale/C.UTF-8/LC_ADDRESS", O_RDONLY|O_CLOEXEC) = -1 ENOENT (No such file or directory)
1428402 openat(AT_FDCWD</tmp/kernel-audit2-v3r63b5w/\346\261\202\350\247\243\345\231\250>, "/usr/lib/locale/C.utf8/LC_ADDRESS", O_RDONLY|O_CLOEXEC) = 3</usr/lib/locale/C.utf8/LC_ADDRESS>
1428402 openat(AT_FDCWD</tmp/kernel-audit2-v3r63b5w/\346\261\202\350\247\243\345\231\250>, "/usr/lib/locale/C.UTF-8/LC_NAME", O_RDONLY|O_CLOEXEC) = -1 ENOENT (No such file or directory)
1428402 openat(AT_FDCWD</tmp/kernel-audit2-v3r63b5w/\346\261\202\350\247\243\345\231\250>, "/usr/lib/locale/C.utf8/LC_NAME", O_RDONLY|O_CLOEXEC) = 3</usr/lib/locale/C.utf8/LC_NAME>
1428402 openat(AT_FDCWD</tmp/kernel-audit2-v3r63b5w/\346\261\202\350\247\243\345\231\250>, "/usr/lib/locale/C.UTF-8/LC_PAPER", O_RDONLY|O_CLOEXEC) = -1 ENOENT (No such file or directory)
1428402 openat(AT_FDCWD</tmp/kernel-audit2-v3r63b5w/\346\261\202\350\247\243\345\231\250>, "/usr/lib/locale/C.utf8/LC_PAPER", O_RDONLY|O_CLOEXEC) = 3</usr/lib/locale/C.utf8/LC_PAPER>
1428402 openat(AT_FDCWD</tmp/kernel-audit2-v3r63b5w/\346\261\202\350\247\243\345\231\250>, "/usr/lib/locale/C.UTF-8/LC_MESSAGES", O_RDONLY|O_CLOEXEC) = -1 ENOENT (No such file or directory)
1428402 openat(AT_FDCWD</tmp/kernel-audit2-v3r63b5w/\346\261\202\350\247\243\345\231\250>, "/usr/lib/locale/C.utf8/LC_MESSAGES", O_RDONLY|O_CLOEXEC) = 3</usr/lib/locale/C.utf8/LC_MESSAGES>
1428402 openat(AT_FDCWD</tmp/kernel-audit2-v3r63b5w/\346\261\202\350\247\243\345\231\250>, "/usr/lib/locale/C.utf8/LC_MESSAGES/SYS_LC_MESSAGES", O_RDONLY|O_CLOEXEC) = 3</usr/lib/locale/C.utf8/LC_MESSAGES/SYS_LC_MESSAGES>
1428402 openat(AT_FDCWD</tmp/kernel-audit2-v3r63b5w/\346\261\202\350\247\243\345\231\250>, "/usr/lib/locale/C.UTF-8/LC_MONETARY", O_RDONLY|O_CLOEXEC) = -1 ENOENT (No such file or directory)
1428402 openat(AT_FDCWD</tmp/kernel-audit2-v3r63b5w/\346\261\202\350\247\243\345\231\250>, "/usr/lib/locale/C.utf8/LC_MONETARY", O_RDONLY|O_CLOEXEC) = 3</usr/lib/locale/C.utf8/LC_MONETARY>
1428402 openat(AT_FDCWD</tmp/kernel-audit2-v3r63b5w/\346\261\202\350\247\243\345\231\250>, "/usr/lib/locale/C.UTF-8/LC_COLLATE", O_RDONLY|O_CLOEXEC) = -1 ENOENT (No such file or directory)
1428402 openat(AT_FDCWD</tmp/kernel-audit2-v3r63b5w/\346\261\202\350\247\243\345\231\250>, "/usr/lib/locale/C.utf8/LC_COLLATE", O_RDONLY|O_CLOEXEC) = 3</usr/lib/locale/C.utf8/LC_COLLATE>
1428402 openat(AT_FDCWD</tmp/kernel-audit2-v3r63b5w/\346\261\202\350\247\243\345\231\250>, "/usr/lib/locale/C.UTF-8/LC_TIME", O_RDONLY|O_CLOEXEC) = -1 ENOENT (No such file or directory)
1428402 openat(AT_FDCWD</tmp/kernel-audit2-v3r63b5w/\346\261\202\350\247\243\345\231\250>, "/usr/lib/locale/C.utf8/LC_TIME", O_RDONLY|O_CLOEXEC) = 3</usr/lib/locale/C.utf8/LC_TIME>
1428402 openat(AT_FDCWD</tmp/kernel-audit2-v3r63b5w/\346\261\202\350\247\243\345\231\250>, "/usr/lib/locale/C.UTF-8/LC_NUMERIC", O_RDONLY|O_CLOEXEC) = -1 ENOENT (No such file or directory)
1428402 openat(AT_FDCWD</tmp/kernel-audit2-v3r63b5w/\346\261\202\350\247\243\345\231\250>, "/usr/lib/locale/C.utf8/LC_NUMERIC", O_RDONLY|O_CLOEXEC) = 3</usr/lib/locale/C.utf8/LC_NUMERIC>
1428402 openat(AT_FDCWD</tmp/kernel-audit2-v3r63b5w/\346\261\202\350\247\243\345\231\250>, "/usr/lib/locale/C.UTF-8/LC_CTYPE", O_RDONLY|O_CLOEXEC) = -1 ENOENT (No such file or directory)
1428402 openat(AT_FDCWD</tmp/kernel-audit2-v3r63b5w/\346\261\202\350\247\243\345\231\250>, "/usr/lib/locale/C.utf8/LC_CTYPE", O_RDONLY|O_CLOEXEC) = 3</usr/lib/locale/C.utf8/LC_CTYPE>
1428402 openat(AT_FDCWD</tmp/kernel-audit2-v3r63b5w/\346\261\202\350\247\243\345\231\250>, "/tmp/kernel-audit2-v3r63b5w/\346\261\202\350\247\243\345\231\250/crates/kernel/src/digest.rs", O_RDONLY) = 3</tmp/kernel-audit2-v3r63b5w/\346\261\202\350\247\243\345\231\250/crates/kernel/src/digest.rs>
1428364 --- SIGCHLD {si_signo=SIGCHLD, si_code=CLD_EXITED, si_pid=1428402, si_uid=1000, si_status=0, si_utime=0, si_stime=0} ---
1428364 openat(AT_FDCWD</tmp/kernel-audit2-v3r63b5w/\346\261\202\350\247\243\345\231\250>, "/dev/null", O_RDONLY|O_CLOEXEC) = 3</dev/null<char 1:3>>
1428403 execve("/home/zhuran24/.codex/tmp/arg0/codex-arg0DuAZRy/sha256sum", ["sha256sum", "--", "/tmp/kernel-audit2-v3r63b5w/\346\261\202\350\247\243\345\231\250/crates/kernel/src/seed.rs"], 0x7ffd72465138 /* 135 vars */) = -1 ENOENT (No such file or directory)
1428403 execve("/home/zhuran24/.cargo/bin/sha256sum", ["sha256sum", "--", "/tmp/kernel-audit2-v3r63b5w/\346\261\202\350\247\243\345\231\250/crates/kernel/src/seed.rs"], 0x7ffd72465138 /* 135 vars */) = -1 ENOENT (No such file or directory)
1428403 execve("/home/zhuran24/.local/bin/sha256sum", ["sha256sum", "--", "/tmp/kernel-audit2-v3r63b5w/\346\261\202\350\247\243\345\231\250/crates/kernel/src/seed.rs"], 0x7ffd72465138 /* 135 vars */) = -1 ENOENT (No such file or directory)
1428403 execve("/home/zhuran24/.opencode/bin/sha256sum", ["sha256sum", "--", "/tmp/kernel-audit2-v3r63b5w/\346\261\202\350\247\243\345\231\250/crates/kernel/src/seed.rs"], 0x7ffd72465138 /* 135 vars */) = -1 ENOENT (No such file or directory)
1428403 execve("/usr/local/bin/sha256sum", ["sha256sum", "--", "/tmp/kernel-audit2-v3r63b5w/\346\261\202\350\247\243\345\231\250/crates/kernel/src/seed.rs"], 0x7ffd72465138 /* 135 vars */) = -1 ENOENT (No such file or directory)
1428403 execve("/usr/bin/sha256sum", ["sha256sum", "--", "/tmp/kernel-audit2-v3r63b5w/\346\261\202\350\247\243\345\231\250/crates/kernel/src/seed.rs"], 0x7ffd72465138 /* 135 vars */) = 0
1428403 openat(AT_FDCWD</tmp/kernel-audit2-v3r63b5w/\346\261\202\350\247\243\345\231\250>, "/etc/ld.so.cache", O_RDONLY|O_CLOEXEC) = 3</etc/ld.so.cache>
1428403 openat(AT_FDCWD</tmp/kernel-audit2-v3r63b5w/\346\261\202\350\247\243\345\231\250>, "/usr/lib/libcrypto.so.3", O_RDONLY|O_CLOEXEC) = 3</usr/lib/libcrypto.so.3>
1428403 openat(AT_FDCWD</tmp/kernel-audit2-v3r63b5w/\346\261\202\350\247\243\345\231\250>, "/usr/lib/libc.so.6", O_RDONLY|O_CLOEXEC) = 3</usr/lib/libc.so.6>
1428403 openat(AT_FDCWD</tmp/kernel-audit2-v3r63b5w/\346\261\202\350\247\243\345\231\250>, "/usr/lib/libz.so.1", O_RDONLY|O_CLOEXEC) = 3</usr/lib/libz.so.1.3.1.zlib-ng>
1428403 openat(AT_FDCWD</tmp/kernel-audit2-v3r63b5w/\346\261\202\350\247\243\345\231\250>, "/usr/lib/libbrotlienc.so.1", O_RDONLY|O_CLOEXEC) = 3</usr/lib/libbrotlienc.so.1.2.0>
1428403 openat(AT_FDCWD</tmp/kernel-audit2-v3r63b5w/\346\261\202\350\247\243\345\231\250>, "/usr/lib/libbrotlidec.so.1", O_RDONLY|O_CLOEXEC) = 3</usr/lib/libbrotlidec.so.1.2.0>
1428403 openat(AT_FDCWD</tmp/kernel-audit2-v3r63b5w/\346\261\202\350\247\243\345\231\250>, "/usr/lib/libzstd.so.1", O_RDONLY|O_CLOEXEC) = 3</usr/lib/libzstd.so.1.5.7>
1428403 openat(AT_FDCWD</tmp/kernel-audit2-v3r63b5w/\346\261\202\350\247\243\345\231\250>, "/usr/lib/libm.so.6", O_RDONLY|O_CLOEXEC) = 3</usr/lib/libm.so.6>
1428403 openat(AT_FDCWD</tmp/kernel-audit2-v3r63b5w/\346\261\202\350\247\243\345\231\250>, "/usr/lib/libbrotlicommon.so.1", O_RDONLY|O_CLOEXEC) = 3</usr/lib/libbrotlicommon.so.1.2.0>
1428403 openat(AT_FDCWD</tmp/kernel-audit2-v3r63b5w/\346\261\202\350\247\243\345\231\250>, "/usr/lib/locale/locale-archive", O_RDONLY|O_CLOEXEC) = 3</usr/lib/locale/locale-archive>
1428403 openat(AT_FDCWD</tmp/kernel-audit2-v3r63b5w/\346\261\202\350\247\243\345\231\250>, "/usr/share/locale/locale.alias", O_RDONLY|O_CLOEXEC) = 3</usr/share/locale/locale.alias>
1428403 openat(AT_FDCWD</tmp/kernel-audit2-v3r63b5w/\346\261\202\350\247\243\345\231\250>, "/usr/lib/locale/C.UTF-8/LC_IDENTIFICATION", O_RDONLY|O_CLOEXEC) = -1 ENOENT (No such file or directory)
1428403 openat(AT_FDCWD</tmp/kernel-audit2-v3r63b5w/\346\261\202\350\247\243\345\231\250>, "/usr/lib/locale/C.utf8/LC_IDENTIFICATION", O_RDONLY|O_CLOEXEC) = 3</usr/lib/locale/C.utf8/LC_IDENTIFICATION>
1428403 openat(AT_FDCWD</tmp/kernel-audit2-v3r63b5w/\346\261\202\350\247\243\345\231\250>, "/usr/lib/gconv/gconv-modules.cache", O_RDONLY|O_CLOEXEC) = 3</usr/lib/gconv/gconv-modules.cache>
1428403 openat(AT_FDCWD</tmp/kernel-audit2-v3r63b5w/\346\261\202\350\247\243\345\231\250>, "/usr/lib/locale/C.UTF-8/LC_MEASUREMENT", O_RDONLY|O_CLOEXEC) = -1 ENOENT (No such file or directory)
1428403 openat(AT_FDCWD</tmp/kernel-audit2-v3r63b5w/\346\261\202\350\247\243\345\231\250>, "/usr/lib/locale/C.utf8/LC_MEASUREMENT", O_RDONLY|O_CLOEXEC) = 3</usr/lib/locale/C.utf8/LC_MEASUREMENT>
1428403 openat(AT_FDCWD</tmp/kernel-audit2-v3r63b5w/\346\261\202\350\247\243\345\231\250>, "/usr/lib/locale/C.UTF-8/LC_TELEPHONE", O_RDONLY|O_CLOEXEC) = -1 ENOENT (No such file or directory)
1428403 openat(AT_FDCWD</tmp/kernel-audit2-v3r63b5w/\346\261\202\350\247\243\345\231\250>, "/usr/lib/locale/C.utf8/LC_TELEPHONE", O_RDONLY|O_CLOEXEC) = 3</usr/lib/locale/C.utf8/LC_TELEPHONE>
1428403 openat(AT_FDCWD</tmp/kernel-audit2-v3r63b5w/\346\261\202\350\247\243\345\231\250>, "/usr/lib/locale/C.UTF-8/LC_ADDRESS", O_RDONLY|O_CLOEXEC) = -1 ENOENT (No such file or directory)
1428403 openat(AT_FDCWD</tmp/kernel-audit2-v3r63b5w/\346\261\202\350\247\243\345\231\250>, "/usr/lib/locale/C.utf8/LC_ADDRESS", O_RDONLY|O_CLOEXEC) = 3</usr/lib/locale/C.utf8/LC_ADDRESS>
1428403 openat(AT_FDCWD</tmp/kernel-audit2-v3r63b5w/\346\261\202\350\247\243\345\231\250>, "/usr/lib/locale/C.UTF-8/LC_NAME", O_RDONLY|O_CLOEXEC) = -1 ENOENT (No such file or directory)
1428403 openat(AT_FDCWD</tmp/kernel-audit2-v3r63b5w/\346\261\202\350\247\243\345\231\250>, "/usr/lib/locale/C.utf8/LC_NAME", O_RDONLY|O_CLOEXEC) = 3</usr/lib/locale/C.utf8/LC_NAME>
1428403 openat(AT_FDCWD</tmp/kernel-audit2-v3r63b5w/\346\261\202\350\247\243\345\231\250>, "/usr/lib/locale/C.UTF-8/LC_PAPER", O_RDONLY|O_CLOEXEC) = -1 ENOENT (No such file or directory)
1428403 openat(AT_FDCWD</tmp/kernel-audit2-v3r63b5w/\346\261\202\350\247\243\345\231\250>, "/usr/lib/locale/C.utf8/LC_PAPER", O_RDONLY|O_CLOEXEC) = 3</usr/lib/locale/C.utf8/LC_PAPER>
1428403 openat(AT_FDCWD</tmp/kernel-audit2-v3r63b5w/\346\261\202\350\247\243\345\231\250>, "/usr/lib/locale/C.UTF-8/LC_MESSAGES", O_RDONLY|O_CLOEXEC) = -1 ENOENT (No such file or directory)
1428403 openat(AT_FDCWD</tmp/kernel-audit2-v3r63b5w/\346\261\202\350\247\243\345\231\250>, "/usr/lib/locale/C.utf8/LC_MESSAGES", O_RDONLY|O_CLOEXEC) = 3</usr/lib/locale/C.utf8/LC_MESSAGES>
1428403 openat(AT_FDCWD</tmp/kernel-audit2-v3r63b5w/\346\261\202\350\247\243\345\231\250>, "/usr/lib/locale/C.utf8/LC_MESSAGES/SYS_LC_MESSAGES", O_RDONLY|O_CLOEXEC) = 3</usr/lib/locale/C.utf8/LC_MESSAGES/SYS_LC_MESSAGES>
1428403 openat(AT_FDCWD</tmp/kernel-audit2-v3r63b5w/\346\261\202\350\247\243\345\231\250>, "/usr/lib/locale/C.UTF-8/LC_MONETARY", O_RDONLY|O_CLOEXEC) = -1 ENOENT (No such file or directory)
1428403 openat(AT_FDCWD</tmp/kernel-audit2-v3r63b5w/\346\261\202\350\247\243\345\231\250>, "/usr/lib/locale/C.utf8/LC_MONETARY", O_RDONLY|O_CLOEXEC) = 3</usr/lib/locale/C.utf8/LC_MONETARY>
1428403 openat(AT_FDCWD</tmp/kernel-audit2-v3r63b5w/\346\261\202\350\247\243\345\231\250>, "/usr/lib/locale/C.UTF-8/LC_COLLATE", O_RDONLY|O_CLOEXEC) = -1 ENOENT (No such file or directory)
1428403 openat(AT_FDCWD</tmp/kernel-audit2-v3r63b5w/\346\261\202\350\247\243\345\231\250>, "/usr/lib/locale/C.utf8/LC_COLLATE", O_RDONLY|O_CLOEXEC) = 3</usr/lib/locale/C.utf8/LC_COLLATE>
1428403 openat(AT_FDCWD</tmp/kernel-audit2-v3r63b5w/\346\261\202\350\247\243\345\231\250>, "/usr/lib/locale/C.UTF-8/LC_TIME", O_RDONLY|O_CLOEXEC) = -1 ENOENT (No such file or directory)
1428403 openat(AT_FDCWD</tmp/kernel-audit2-v3r63b5w/\346\261\202\350\247\243\345\231\250>, "/usr/lib/locale/C.utf8/LC_TIME", O_RDONLY|O_CLOEXEC) = 3</usr/lib/locale/C.utf8/LC_TIME>
1428403 openat(AT_FDCWD</tmp/kernel-audit2-v3r63b5w/\346\261\202\350\247\243\345\231\250>, "/usr/lib/locale/C.UTF-8/LC_NUMERIC", O_RDONLY|O_CLOEXEC) = -1 ENOENT (No such file or directory)
1428403 openat(AT_FDCWD</tmp/kernel-audit2-v3r63b5w/\346\261\202\350\247\243\345\231\250>, "/usr/lib/locale/C.utf8/LC_NUMERIC", O_RDONLY|O_CLOEXEC) = 3</usr/lib/locale/C.utf8/LC_NUMERIC>
1428403 openat(AT_FDCWD</tmp/kernel-audit2-v3r63b5w/\346\261\202\350\247\243\345\231\250>, "/usr/lib/locale/C.UTF-8/LC_CTYPE", O_RDONLY|O_CLOEXEC) = -1 ENOENT (No such file or directory)
1428403 openat(AT_FDCWD</tmp/kernel-audit2-v3r63b5w/\346\261\202\350\247\243\345\231\250>, "/usr/lib/locale/C.utf8/LC_CTYPE", O_RDONLY|O_CLOEXEC) = 3</usr/lib/locale/C.utf8/LC_CTYPE>
1428403 openat(AT_FDCWD</tmp/kernel-audit2-v3r63b5w/\346\261\202\350\247\243\345\231\250>, "/tmp/kernel-audit2-v3r63b5w/\346\261\202\350\247\243\345\231\250/crates/kernel/src/seed.rs", O_RDONLY) = 3</tmp/kernel-audit2-v3r63b5w/\346\261\202\350\247\243\345\231\250/crates/kernel/src/seed.rs>
1428364 --- SIGCHLD {si_signo=SIGCHLD, si_code=CLD_EXITED, si_pid=1428403, si_uid=1000, si_status=0, si_utime=0, si_stime=0} ---
1428364 openat(AT_FDCWD</tmp/kernel-audit2-v3r63b5w/\346\261\202\350\247\243\345\231\250>, "/dev/null", O_RDONLY|O_CLOEXEC) = 3</dev/null<char 1:3>>
1428404 execve("/home/zhuran24/.codex/tmp/arg0/codex-arg0DuAZRy/sha256sum", ["sha256sum", "--", "/tmp/kernel-audit2-v3r63b5w/\346\261\202\350\247\243\345\231\250/crates/kernel/src/cache.rs"], 0x7ffd72465138 /* 135 vars */) = -1 ENOENT (No such file or directory)
1428404 execve("/home/zhuran24/.cargo/bin/sha256sum", ["sha256sum", "--", "/tmp/kernel-audit2-v3r63b5w/\346\261\202\350\247\243\345\231\250/crates/kernel/src/cache.rs"], 0x7ffd72465138 /* 135 vars */) = -1 ENOENT (No such file or directory)
1428404 execve("/home/zhuran24/.local/bin/sha256sum", ["sha256sum", "--", "/tmp/kernel-audit2-v3r63b5w/\346\261\202\350\247\243\345\231\250/crates/kernel/src/cache.rs"], 0x7ffd72465138 /* 135 vars */) = -1 ENOENT (No such file or directory)
1428404 execve("/home/zhuran24/.opencode/bin/sha256sum", ["sha256sum", "--", "/tmp/kernel-audit2-v3r63b5w/\346\261\202\350\247\243\345\231\250/crates/kernel/src/cache.rs"], 0x7ffd72465138 /* 135 vars */) = -1 ENOENT (No such file or directory)
1428404 execve("/usr/local/bin/sha256sum", ["sha256sum", "--", "/tmp/kernel-audit2-v3r63b5w/\346\261\202\350\247\243\345\231\250/crates/kernel/src/cache.rs"], 0x7ffd72465138 /* 135 vars */) = -1 ENOENT (No such file or directory)
1428404 execve("/usr/bin/sha256sum", ["sha256sum", "--", "/tmp/kernel-audit2-v3r63b5w/\346\261\202\350\247\243\345\231\250/crates/kernel/src/cache.rs"], 0x7ffd72465138 /* 135 vars */) = 0
1428404 openat(AT_FDCWD</tmp/kernel-audit2-v3r63b5w/\346\261\202\350\247\243\345\231\250>, "/etc/ld.so.cache", O_RDONLY|O_CLOEXEC) = 3</etc/ld.so.cache>
1428404 openat(AT_FDCWD</tmp/kernel-audit2-v3r63b5w/\346\261\202\350\247\243\345\231\250>, "/usr/lib/libcrypto.so.3", O_RDONLY|O_CLOEXEC) = 3</usr/lib/libcrypto.so.3>
1428404 openat(AT_FDCWD</tmp/kernel-audit2-v3r63b5w/\346\261\202\350\247\243\345\231\250>, "/usr/lib/libc.so.6", O_RDONLY|O_CLOEXEC) = 3</usr/lib/libc.so.6>
1428404 openat(AT_FDCWD</tmp/kernel-audit2-v3r63b5w/\346\261\202\350\247\243\345\231\250>, "/usr/lib/libz.so.1", O_RDONLY|O_CLOEXEC) = 3</usr/lib/libz.so.1.3.1.zlib-ng>
1428404 openat(AT_FDCWD</tmp/kernel-audit2-v3r63b5w/\346\261\202\350\247\243\345\231\250>, "/usr/lib/libbrotlienc.so.1", O_RDONLY|O_CLOEXEC) = 3</usr/lib/libbrotlienc.so.1.2.0>
1428404 openat(AT_FDCWD</tmp/kernel-audit2-v3r63b5w/\346\261\202\350\247\243\345\231\250>, "/usr/lib/libbrotlidec.so.1", O_RDONLY|O_CLOEXEC) = 3</usr/lib/libbrotlidec.so.1.2.0>
1428404 openat(AT_FDCWD</tmp/kernel-audit2-v3r63b5w/\346\261\202\350\247\243\345\231\250>, "/usr/lib/libzstd.so.1", O_RDONLY|O_CLOEXEC) = 3</usr/lib/libzstd.so.1.5.7>
1428404 openat(AT_FDCWD</tmp/kernel-audit2-v3r63b5w/\346\261\202\350\247\243\345\231\250>, "/usr/lib/libm.so.6", O_RDONLY|O_CLOEXEC) = 3</usr/lib/libm.so.6>
1428404 openat(AT_FDCWD</tmp/kernel-audit2-v3r63b5w/\346\261\202\350\247\243\345\231\250>, "/usr/lib/libbrotlicommon.so.1", O_RDONLY|O_CLOEXEC) = 3</usr/lib/libbrotlicommon.so.1.2.0>
1428404 openat(AT_FDCWD</tmp/kernel-audit2-v3r63b5w/\346\261\202\350\247\243\345\231\250>, "/usr/lib/locale/locale-archive", O_RDONLY|O_CLOEXEC) = 3</usr/lib/locale/locale-archive>
1428404 openat(AT_FDCWD</tmp/kernel-audit2-v3r63b5w/\346\261\202\350\247\243\345\231\250>, "/usr/share/locale/locale.alias", O_RDONLY|O_CLOEXEC) = 3</usr/share/locale/locale.alias>
1428404 openat(AT_FDCWD</tmp/kernel-audit2-v3r63b5w/\346\261\202\350\247\243\345\231\250>, "/usr/lib/locale/C.UTF-8/LC_IDENTIFICATION", O_RDONLY|O_CLOEXEC) = -1 ENOENT (No such file or directory)
1428404 openat(AT_FDCWD</tmp/kernel-audit2-v3r63b5w/\346\261\202\350\247\243\345\231\250>, "/usr/lib/locale/C.utf8/LC_IDENTIFICATION", O_RDONLY|O_CLOEXEC) = 3</usr/lib/locale/C.utf8/LC_IDENTIFICATION>
1428404 openat(AT_FDCWD</tmp/kernel-audit2-v3r63b5w/\346\261\202\350\247\243\345\231\250>, "/usr/lib/gconv/gconv-modules.cache", O_RDONLY|O_CLOEXEC) = 3</usr/lib/gconv/gconv-modules.cache>
1428404 openat(AT_FDCWD</tmp/kernel-audit2-v3r63b5w/\346\261\202\350\247\243\345\231\250>, "/usr/lib/locale/C.UTF-8/LC_MEASUREMENT", O_RDONLY|O_CLOEXEC) = -1 ENOENT (No such file or directory)
1428404 openat(AT_FDCWD</tmp/kernel-audit2-v3r63b5w/\346\261\202\350\247\243\345\231\250>, "/usr/lib/locale/C.utf8/LC_MEASUREMENT", O_RDONLY|O_CLOEXEC) = 3</usr/lib/locale/C.utf8/LC_MEASUREMENT>
1428404 openat(AT_FDCWD</tmp/kernel-audit2-v3r63b5w/\346\261\202\350\247\243\345\231\250>, "/usr/lib/locale/C.UTF-8/LC_TELEPHONE", O_RDONLY|O_CLOEXEC) = -1 ENOENT (No such file or directory)
1428404 openat(AT_FDCWD</tmp/kernel-audit2-v3r63b5w/\346\261\202\350\247\243\345\231\250>, "/usr/lib/locale/C.utf8/LC_TELEPHONE", O_RDONLY|O_CLOEXEC) = 3</usr/lib/locale/C.utf8/LC_TELEPHONE>
1428404 openat(AT_FDCWD</tmp/kernel-audit2-v3r63b5w/\346\261\202\350\247\243\345\231\250>, "/usr/lib/locale/C.UTF-8/LC_ADDRESS", O_RDONLY|O_CLOEXEC) = -1 ENOENT (No such file or directory)
1428404 openat(AT_FDCWD</tmp/kernel-audit2-v3r63b5w/\346\261\202\350\247\243\345\231\250>, "/usr/lib/locale/C.utf8/LC_ADDRESS", O_RDONLY|O_CLOEXEC) = 3</usr/lib/locale/C.utf8/LC_ADDRESS>
1428404 openat(AT_FDCWD</tmp/kernel-audit2-v3r63b5w/\346\261\202\350\247\243\345\231\250>, "/usr/lib/locale/C.UTF-8/LC_NAME", O_RDONLY|O_CLOEXEC) = -1 ENOENT (No such file or directory)
1428404 openat(AT_FDCWD</tmp/kernel-audit2-v3r63b5w/\346\261\202\350\247\243\345\231\250>, "/usr/lib/locale/C.utf8/LC_NAME", O_RDONLY|O_CLOEXEC) = 3</usr/lib/locale/C.utf8/LC_NAME>
1428404 openat(AT_FDCWD</tmp/kernel-audit2-v3r63b5w/\346\261\202\350\247\243\345\231\250>, "/usr/lib/locale/C.UTF-8/LC_PAPER", O_RDONLY|O_CLOEXEC) = -1 ENOENT (No such file or directory)
1428404 openat(AT_FDCWD</tmp/kernel-audit2-v3r63b5w/\346\261\202\350\247\243\345\231\250>, "/usr/lib/locale/C.utf8/LC_PAPER", O_RDONLY|O_CLOEXEC) = 3</usr/lib/locale/C.utf8/LC_PAPER>
1428404 openat(AT_FDCWD</tmp/kernel-audit2-v3r63b5w/\346\261\202\350\247\243\345\231\250>, "/usr/lib/locale/C.UTF-8/LC_MESSAGES", O_RDONLY|O_CLOEXEC) = -1 ENOENT (No such file or directory)
1428404 openat(AT_FDCWD</tmp/kernel-audit2-v3r63b5w/\346\261\202\350\247\243\345\231\250>, "/usr/lib/locale/C.utf8/LC_MESSAGES", O_RDONLY|O_CLOEXEC) = 3</usr/lib/locale/C.utf8/LC_MESSAGES>
1428404 openat(AT_FDCWD</tmp/kernel-audit2-v3r63b5w/\346\261\202\350\247\243\345\231\250>, "/usr/lib/locale/C.utf8/LC_MESSAGES/SYS_LC_MESSAGES", O_RDONLY|O_CLOEXEC) = 3</usr/lib/locale/C.utf8/LC_MESSAGES/SYS_LC_MESSAGES>
1428404 openat(AT_FDCWD</tmp/kernel-audit2-v3r63b5w/\346\261\202\350\247\243\345\231\250>, "/usr/lib/locale/C.UTF-8/LC_MONETARY", O_RDONLY|O_CLOEXEC) = -1 ENOENT (No such file or directory)
1428404 openat(AT_FDCWD</tmp/kernel-audit2-v3r63b5w/\346\261\202\350\247\243\345\231\250>, "/usr/lib/locale/C.utf8/LC_MONETARY", O_RDONLY|O_CLOEXEC) = 3</usr/lib/locale/C.utf8/LC_MONETARY>
1428404 openat(AT_FDCWD</tmp/kernel-audit2-v3r63b5w/\346\261\202\350\247\243\345\231\250>, "/usr/lib/locale/C.UTF-8/LC_COLLATE", O_RDONLY|O_CLOEXEC) = -1 ENOENT (No such file or directory)
1428404 openat(AT_FDCWD</tmp/kernel-audit2-v3r63b5w/\346\261\202\350\247\243\345\231\250>, "/usr/lib/locale/C.utf8/LC_COLLATE", O_RDONLY|O_CLOEXEC) = 3</usr/lib/locale/C.utf8/LC_COLLATE>
1428404 openat(AT_FDCWD</tmp/kernel-audit2-v3r63b5w/\346\261\202\350\247\243\345\231\250>, "/usr/lib/locale/C.UTF-8/LC_TIME", O_RDONLY|O_CLOEXEC) = -1 ENOENT (No such file or directory)
1428404 openat(AT_FDCWD</tmp/kernel-audit2-v3r63b5w/\346\261\202\350\247\243\345\231\250>, "/usr/lib/locale/C.utf8/LC_TIME", O_RDONLY|O_CLOEXEC) = 3</usr/lib/locale/C.utf8/LC_TIME>
1428404 openat(AT_FDCWD</tmp/kernel-audit2-v3r63b5w/\346\261\202\350\247\243\345\231\250>, "/usr/lib/locale/C.UTF-8/LC_NUMERIC", O_RDONLY|O_CLOEXEC) = -1 ENOENT (No such file or directory)
1428404 openat(AT_FDCWD</tmp/kernel-audit2-v3r63b5w/\346\261\202\350\247\243\345\231\250>, "/usr/lib/locale/C.utf8/LC_NUMERIC", O_RDONLY|O_CLOEXEC) = 3</usr/lib/locale/C.utf8/LC_NUMERIC>
1428404 openat(AT_FDCWD</tmp/kernel-audit2-v3r63b5w/\346\261\202\350\247\243\345\231\250>, "/usr/lib/locale/C.UTF-8/LC_CTYPE", O_RDONLY|O_CLOEXEC) = -1 ENOENT (No such file or directory)
1428404 openat(AT_FDCWD</tmp/kernel-audit2-v3r63b5w/\346\261\202\350\247\243\345\231\250>, "/usr/lib/locale/C.utf8/LC_CTYPE", O_RDONLY|O_CLOEXEC) = 3</usr/lib/locale/C.utf8/LC_CTYPE>
1428404 openat(AT_FDCWD</tmp/kernel-audit2-v3r63b5w/\346\261\202\350\247\243\345\231\250>, "/tmp/kernel-audit2-v3r63b5w/\346\261\202\350\247\243\345\231\250/crates/kernel/src/cache.rs", O_RDONLY) = 3</tmp/kernel-audit2-v3r63b5w/\346\261\202\350\247\243\345\231\250/crates/kernel/src/cache.rs>
1428364 --- SIGCHLD {si_signo=SIGCHLD, si_code=CLD_EXITED, si_pid=1428404, si_uid=1000, si_status=0, si_utime=0, si_stime=0} ---
1428364 openat(AT_FDCWD</tmp/kernel-audit2-v3r63b5w/\346\261\202\350\247\243\345\231\250>, "/dev/null", O_RDONLY|O_CLOEXEC) = 3</dev/null<char 1:3>>
1428405 execve("/home/zhuran24/.codex/tmp/arg0/codex-arg0DuAZRy/sha256sum", ["sha256sum", "--", "/tmp/kernel-audit2-v3r63b5w/\346\261\202\350\247\243\345\231\250/crates/kernel/src/lib.rs"], 0x7ffd72465138 /* 135 vars */) = -1 ENOENT (No such file or directory)
1428405 execve("/home/zhuran24/.cargo/bin/sha256sum", ["sha256sum", "--", "/tmp/kernel-audit2-v3r63b5w/\346\261\202\350\247\243\345\231\250/crates/kernel/src/lib.rs"], 0x7ffd72465138 /* 135 vars */) = -1 ENOENT (No such file or directory)
1428405 execve("/home/zhuran24/.local/bin/sha256sum", ["sha256sum", "--", "/tmp/kernel-audit2-v3r63b5w/\346\261\202\350\247\243\345\231\250/crates/kernel/src/lib.rs"], 0x7ffd72465138 /* 135 vars */) = -1 ENOENT (No such file or directory)
1428405 execve("/home/zhuran24/.opencode/bin/sha256sum", ["sha256sum", "--", "/tmp/kernel-audit2-v3r63b5w/\346\261\202\350\247\243\345\231\250/crates/kernel/src/lib.rs"], 0x7ffd72465138 /* 135 vars */) = -1 ENOENT (No such file or directory)
1428405 execve("/usr/local/bin/sha256sum", ["sha256sum", "--", "/tmp/kernel-audit2-v3r63b5w/\346\261\202\350\247\243\345\231\250/crates/kernel/src/lib.rs"], 0x7ffd72465138 /* 135 vars */) = -1 ENOENT (No such file or directory)
1428405 execve("/usr/bin/sha256sum", ["sha256sum", "--", "/tmp/kernel-audit2-v3r63b5w/\346\261\202\350\247\243\345\231\250/crates/kernel/src/lib.rs"], 0x7ffd72465138 /* 135 vars */) = 0
1428405 openat(AT_FDCWD</tmp/kernel-audit2-v3r63b5w/\346\261\202\350\247\243\345\231\250>, "/etc/ld.so.cache", O_RDONLY|O_CLOEXEC) = 3</etc/ld.so.cache>
1428405 openat(AT_FDCWD</tmp/kernel-audit2-v3r63b5w/\346\261\202\350\247\243\345\231\250>, "/usr/lib/libcrypto.so.3", O_RDONLY|O_CLOEXEC) = 3</usr/lib/libcrypto.so.3>
1428405 openat(AT_FDCWD</tmp/kernel-audit2-v3r63b5w/\346\261\202\350\247\243\345\231\250>, "/usr/lib/libc.so.6", O_RDONLY|O_CLOEXEC) = 3</usr/lib/libc.so.6>
1428405 openat(AT_FDCWD</tmp/kernel-audit2-v3r63b5w/\346\261\202\350\247\243\345\231\250>, "/usr/lib/libz.so.1", O_RDONLY|O_CLOEXEC) = 3</usr/lib/libz.so.1.3.1.zlib-ng>
1428405 openat(AT_FDCWD</tmp/kernel-audit2-v3r63b5w/\346\261\202\350\247\243\345\231\250>, "/usr/lib/libbrotlienc.so.1", O_RDONLY|O_CLOEXEC) = 3</usr/lib/libbrotlienc.so.1.2.0>
1428405 openat(AT_FDCWD</tmp/kernel-audit2-v3r63b5w/\346\261\202\350\247\243\345\231\250>, "/usr/lib/libbrotlidec.so.1", O_RDONLY|O_CLOEXEC) = 3</usr/lib/libbrotlidec.so.1.2.0>
1428405 openat(AT_FDCWD</tmp/kernel-audit2-v3r63b5w/\346\261\202\350\247\243\345\231\250>, "/usr/lib/libzstd.so.1", O_RDONLY|O_CLOEXEC) = 3</usr/lib/libzstd.so.1.5.7>
1428405 openat(AT_FDCWD</tmp/kernel-audit2-v3r63b5w/\346\261\202\350\247\243\345\231\250>, "/usr/lib/libm.so.6", O_RDONLY|O_CLOEXEC) = 3</usr/lib/libm.so.6>
1428405 openat(AT_FDCWD</tmp/kernel-audit2-v3r63b5w/\346\261\202\350\247\243\345\231\250>, "/usr/lib/libbrotlicommon.so.1", O_RDONLY|O_CLOEXEC) = 3</usr/lib/libbrotlicommon.so.1.2.0>
1428405 openat(AT_FDCWD</tmp/kernel-audit2-v3r63b5w/\346\261\202\350\247\243\345\231\250>, "/usr/lib/locale/locale-archive", O_RDONLY|O_CLOEXEC) = 3</usr/lib/locale/locale-archive>
1428405 openat(AT_FDCWD</tmp/kernel-audit2-v3r63b5w/\346\261\202\350\247\243\345\231\250>, "/usr/share/locale/locale.alias", O_RDONLY|O_CLOEXEC) = 3</usr/share/locale/locale.alias>
1428405 openat(AT_FDCWD</tmp/kernel-audit2-v3r63b5w/\346\261\202\350\247\243\345\231\250>, "/usr/lib/locale/C.UTF-8/LC_IDENTIFICATION", O_RDONLY|O_CLOEXEC) = -1 ENOENT (No such file or directory)
1428405 openat(AT_FDCWD</tmp/kernel-audit2-v3r63b5w/\346\261\202\350\247\243\345\231\250>, "/usr/lib/locale/C.utf8/LC_IDENTIFICATION", O_RDONLY|O_CLOEXEC) = 3</usr/lib/locale/C.utf8/LC_IDENTIFICATION>
1428405 openat(AT_FDCWD</tmp/kernel-audit2-v3r63b5w/\346\261\202\350\247\243\345\231\250>, "/usr/lib/gconv/gconv-modules.cache", O_RDONLY|O_CLOEXEC) = 3</usr/lib/gconv/gconv-modules.cache>
1428405 openat(AT_FDCWD</tmp/kernel-audit2-v3r63b5w/\346\261\202\350\247\243\345\231\250>, "/usr/lib/locale/C.UTF-8/LC_MEASUREMENT", O_RDONLY|O_CLOEXEC) = -1 ENOENT (No such file or directory)
1428405 openat(AT_FDCWD</tmp/kernel-audit2-v3r63b5w/\346\261\202\350\247\243\345\231\250>, "/usr/lib/locale/C.utf8/LC_MEASUREMENT", O_RDONLY|O_CLOEXEC) = 3</usr/lib/locale/C.utf8/LC_MEASUREMENT>
1428405 openat(AT_FDCWD</tmp/kernel-audit2-v3r63b5w/\346\261\202\350\247\243\345\231\250>, "/usr/lib/locale/C.UTF-8/LC_TELEPHONE", O_RDONLY|O_CLOEXEC) = -1 ENOENT (No such file or directory)
1428405 openat(AT_FDCWD</tmp/kernel-audit2-v3r63b5w/\346\261\202\350\247\243\345\231\250>, "/usr/lib/locale/C.utf8/LC_TELEPHONE", O_RDONLY|O_CLOEXEC) = 3</usr/lib/locale/C.utf8/LC_TELEPHONE>
1428405 openat(AT_FDCWD</tmp/kernel-audit2-v3r63b5w/\346\261\202\350\247\243\345\231\250>, "/usr/lib/locale/C.UTF-8/LC_ADDRESS", O_RDONLY|O_CLOEXEC) = -1 ENOENT (No such file or directory)
1428405 openat(AT_FDCWD</tmp/kernel-audit2-v3r63b5w/\346\261\202\350\247\243\345\231\250>, "/usr/lib/locale/C.utf8/LC_ADDRESS", O_RDONLY|O_CLOEXEC) = 3</usr/lib/locale/C.utf8/LC_ADDRESS>
1428405 openat(AT_FDCWD</tmp/kernel-audit2-v3r63b5w/\346\261\202\350\247\243\345\231\250>, "/usr/lib/locale/C.UTF-8/LC_NAME", O_RDONLY|O_CLOEXEC) = -1 ENOENT (No such file or directory)
1428405 openat(AT_FDCWD</tmp/kernel-audit2-v3r63b5w/\346\261\202\350\247\243\345\231\250>, "/usr/lib/locale/C.utf8/LC_NAME", O_RDONLY|O_CLOEXEC) = 3</usr/lib/locale/C.utf8/LC_NAME>
1428405 openat(AT_FDCWD</tmp/kernel-audit2-v3r63b5w/\346\261\202\350\247\243\345\231\250>, "/usr/lib/locale/C.UTF-8/LC_PAPER", O_RDONLY|O_CLOEXEC) = -1 ENOENT (No such file or directory)
1428405 openat(AT_FDCWD</tmp/kernel-audit2-v3r63b5w/\346\261\202\350\247\243\345\231\250>, "/usr/lib/locale/C.utf8/LC_PAPER", O_RDONLY|O_CLOEXEC) = 3</usr/lib/locale/C.utf8/LC_PAPER>
1428405 openat(AT_FDCWD</tmp/kernel-audit2-v3r63b5w/\346\261\202\350\247\243\345\231\250>, "/usr/lib/locale/C.UTF-8/LC_MESSAGES", O_RDONLY|O_CLOEXEC) = -1 ENOENT (No such file or directory)
1428405 openat(AT_FDCWD</tmp/kernel-audit2-v3r63b5w/\346\261\202\350\247\243\345\231\250>, "/usr/lib/locale/C.utf8/LC_MESSAGES", O_RDONLY|O_CLOEXEC) = 3</usr/lib/locale/C.utf8/LC_MESSAGES>
1428405 openat(AT_FDCWD</tmp/kernel-audit2-v3r63b5w/\346\261\202\350\247\243\345\231\250>, "/usr/lib/locale/C.utf8/LC_MESSAGES/SYS_LC_MESSAGES", O_RDONLY|O_CLOEXEC) = 3</usr/lib/locale/C.utf8/LC_MESSAGES/SYS_LC_MESSAGES>
1428405 openat(AT_FDCWD</tmp/kernel-audit2-v3r63b5w/\346\261\202\350\247\243\345\231\250>, "/usr/lib/locale/C.UTF-8/LC_MONETARY", O_RDONLY|O_CLOEXEC) = -1 ENOENT (No such file or directory)
1428405 openat(AT_FDCWD</tmp/kernel-audit2-v3r63b5w/\346\261\202\350\247\243\345\231\250>, "/usr/lib/locale/C.utf8/LC_MONETARY", O_RDONLY|O_CLOEXEC) = 3</usr/lib/locale/C.utf8/LC_MONETARY>
1428405 openat(AT_FDCWD</tmp/kernel-audit2-v3r63b5w/\346\261\202\350\247\243\345\231\250>, "/usr/lib/locale/C.UTF-8/LC_COLLATE", O_RDONLY|O_CLOEXEC) = -1 ENOENT (No such file or directory)
1428405 openat(AT_FDCWD</tmp/kernel-audit2-v3r63b5w/\346\261\202\350\247\243\345\231\250>, "/usr/lib/locale/C.utf8/LC_COLLATE", O_RDONLY|O_CLOEXEC) = 3</usr/lib/locale/C.utf8/LC_COLLATE>
1428405 openat(AT_FDCWD</tmp/kernel-audit2-v3r63b5w/\346\261\202\350\247\243\345\231\250>, "/usr/lib/locale/C.UTF-8/LC_TIME", O_RDONLY|O_CLOEXEC) = -1 ENOENT (No such file or directory)
1428405 openat(AT_FDCWD</tmp/kernel-audit2-v3r63b5w/\346\261\202\350\247\243\345\231\250>, "/usr/lib/locale/C.utf8/LC_TIME", O_RDONLY|O_CLOEXEC) = 3</usr/lib/locale/C.utf8/LC_TIME>
1428405 openat(AT_FDCWD</tmp/kernel-audit2-v3r63b5w/\346\261\202\350\247\243\345\231\250>, "/usr/lib/locale/C.UTF-8/LC_NUMERIC", O_RDONLY|O_CLOEXEC) = -1 ENOENT (No such file or directory)
1428405 openat(AT_FDCWD</tmp/kernel-audit2-v3r63b5w/\346\261\202\350\247\243\345\231\250>, "/usr/lib/locale/C.utf8/LC_NUMERIC", O_RDONLY|O_CLOEXEC) = 3</usr/lib/locale/C.utf8/LC_NUMERIC>
1428405 openat(AT_FDCWD</tmp/kernel-audit2-v3r63b5w/\346\261\202\350\247\243\345\231\250>, "/usr/lib/locale/C.UTF-8/LC_CTYPE", O_RDONLY|O_CLOEXEC) = -1 ENOENT (No such file or directory)
1428405 openat(AT_FDCWD</tmp/kernel-audit2-v3r63b5w/\346\261\202\350\247\243\345\231\250>, "/usr/lib/locale/C.utf8/LC_CTYPE", O_RDONLY|O_CLOEXEC) = 3</usr/lib/locale/C.utf8/LC_CTYPE>
1428405 openat(AT_FDCWD</tmp/kernel-audit2-v3r63b5w/\346\261\202\350\247\243\345\231\250>, "/tmp/kernel-audit2-v3r63b5w/\346\261\202\350\247\243\345\231\250/crates/kernel/src/lib.rs", O_RDONLY) = 3</tmp/kernel-audit2-v3r63b5w/\346\261\202\350\247\243\345\231\250/crates/kernel/src/lib.rs>
1428364 --- SIGCHLD {si_signo=SIGCHLD, si_code=CLD_EXITED, si_pid=1428405, si_uid=1000, si_status=0, si_utime=0, si_stime=0} ---
1428364 openat(AT_FDCWD</tmp/kernel-audit2-v3r63b5w/\346\261\202\350\247\243\345\231\250>, "/dev/null", O_RDONLY|O_CLOEXEC) = 3</dev/null<char 1:3>>
1428406 execve("/home/zhuran24/.codex/tmp/arg0/codex-arg0DuAZRy/sha256sum", ["sha256sum", "--", "/tmp/kernel-audit2-v3r63b5w/\346\261\202\350\247\243\345\231\250/crates/kernel/src/main.rs"], 0x7ffd72465138 /* 135 vars */) = -1 ENOENT (No such file or directory)
1428406 execve("/home/zhuran24/.cargo/bin/sha256sum", ["sha256sum", "--", "/tmp/kernel-audit2-v3r63b5w/\346\261\202\350\247\243\345\231\250/crates/kernel/src/main.rs"], 0x7ffd72465138 /* 135 vars */) = -1 ENOENT (No such file or directory)
1428406 execve("/home/zhuran24/.local/bin/sha256sum", ["sha256sum", "--", "/tmp/kernel-audit2-v3r63b5w/\346\261\202\350\247\243\345\231\250/crates/kernel/src/main.rs"], 0x7ffd72465138 /* 135 vars */) = -1 ENOENT (No such file or directory)
1428406 execve("/home/zhuran24/.opencode/bin/sha256sum", ["sha256sum", "--", "/tmp/kernel-audit2-v3r63b5w/\346\261\202\350\247\243\345\231\250/crates/kernel/src/main.rs"], 0x7ffd72465138 /* 135 vars */) = -1 ENOENT (No such file or directory)
1428406 execve("/usr/local/bin/sha256sum", ["sha256sum", "--", "/tmp/kernel-audit2-v3r63b5w/\346\261\202\350\247\243\345\231\250/crates/kernel/src/main.rs"], 0x7ffd72465138 /* 135 vars */) = -1 ENOENT (No such file or directory)
1428406 execve("/usr/bin/sha256sum", ["sha256sum", "--", "/tmp/kernel-audit2-v3r63b5w/\346\261\202\350\247\243\345\231\250/crates/kernel/src/main.rs"], 0x7ffd72465138 /* 135 vars */) = 0
1428406 openat(AT_FDCWD</tmp/kernel-audit2-v3r63b5w/\346\261\202\350\247\243\345\231\250>, "/etc/ld.so.cache", O_RDONLY|O_CLOEXEC) = 3</etc/ld.so.cache>
1428406 openat(AT_FDCWD</tmp/kernel-audit2-v3r63b5w/\346\261\202\350\247\243\345\231\250>, "/usr/lib/libcrypto.so.3", O_RDONLY|O_CLOEXEC) = 3</usr/lib/libcrypto.so.3>
1428406 openat(AT_FDCWD</tmp/kernel-audit2-v3r63b5w/\346\261\202\350\247\243\345\231\250>, "/usr/lib/libc.so.6", O_RDONLY|O_CLOEXEC) = 3</usr/lib/libc.so.6>
1428406 openat(AT_FDCWD</tmp/kernel-audit2-v3r63b5w/\346\261\202\350\247\243\345\231\250>, "/usr/lib/libz.so.1", O_RDONLY|O_CLOEXEC) = 3</usr/lib/libz.so.1.3.1.zlib-ng>
1428406 openat(AT_FDCWD</tmp/kernel-audit2-v3r63b5w/\346\261\202\350\247\243\345\231\250>, "/usr/lib/libbrotlienc.so.1", O_RDONLY|O_CLOEXEC) = 3</usr/lib/libbrotlienc.so.1.2.0>
1428406 openat(AT_FDCWD</tmp/kernel-audit2-v3r63b5w/\346\261\202\350\247\243\345\231\250>, "/usr/lib/libbrotlidec.so.1", O_RDONLY|O_CLOEXEC) = 3</usr/lib/libbrotlidec.so.1.2.0>
1428406 openat(AT_FDCWD</tmp/kernel-audit2-v3r63b5w/\346\261\202\350\247\243\345\231\250>, "/usr/lib/libzstd.so.1", O_RDONLY|O_CLOEXEC) = 3</usr/lib/libzstd.so.1.5.7>
1428406 openat(AT_FDCWD</tmp/kernel-audit2-v3r63b5w/\346\261\202\350\247\243\345\231\250>, "/usr/lib/libm.so.6", O_RDONLY|O_CLOEXEC) = 3</usr/lib/libm.so.6>
1428406 openat(AT_FDCWD</tmp/kernel-audit2-v3r63b5w/\346\261\202\350\247\243\345\231\250>, "/usr/lib/libbrotlicommon.so.1", O_RDONLY|O_CLOEXEC) = 3</usr/lib/libbrotlicommon.so.1.2.0>
1428406 openat(AT_FDCWD</tmp/kernel-audit2-v3r63b5w/\346\261\202\350\247\243\345\231\250>, "/usr/lib/locale/locale-archive", O_RDONLY|O_CLOEXEC) = 3</usr/lib/locale/locale-archive>
1428406 openat(AT_FDCWD</tmp/kernel-audit2-v3r63b5w/\346\261\202\350\247\243\345\231\250>, "/usr/share/locale/locale.alias", O_RDONLY|O_CLOEXEC) = 3</usr/share/locale/locale.alias>
1428406 openat(AT_FDCWD</tmp/kernel-audit2-v3r63b5w/\346\261\202\350\247\243\345\231\250>, "/usr/lib/locale/C.UTF-8/LC_IDENTIFICATION", O_RDONLY|O_CLOEXEC) = -1 ENOENT (No such file or directory)
1428406 openat(AT_FDCWD</tmp/kernel-audit2-v3r63b5w/\346\261\202\350\247\243\345\231\250>, "/usr/lib/locale/C.utf8/LC_IDENTIFICATION", O_RDONLY|O_CLOEXEC) = 3</usr/lib/locale/C.utf8/LC_IDENTIFICATION>
1428406 openat(AT_FDCWD</tmp/kernel-audit2-v3r63b5w/\346\261\202\350\247\243\345\231\250>, "/usr/lib/gconv/gconv-modules.cache", O_RDONLY|O_CLOEXEC) = 3</usr/lib/gconv/gconv-modules.cache>
1428406 openat(AT_FDCWD</tmp/kernel-audit2-v3r63b5w/\346\261\202\350\247\243\345\231\250>, "/usr/lib/locale/C.UTF-8/LC_MEASUREMENT", O_RDONLY|O_CLOEXEC) = -1 ENOENT (No such file or directory)
1428406 openat(AT_FDCWD</tmp/kernel-audit2-v3r63b5w/\346\261\202\350\247\243\345\231\250>, "/usr/lib/locale/C.utf8/LC_MEASUREMENT", O_RDONLY|O_CLOEXEC) = 3</usr/lib/locale/C.utf8/LC_MEASUREMENT>
1428406 openat(AT_FDCWD</tmp/kernel-audit2-v3r63b5w/\346\261\202\350\247\243\345\231\250>, "/usr/lib/locale/C.UTF-8/LC_TELEPHONE", O_RDONLY|O_CLOEXEC) = -1 ENOENT (No such file or directory)
1428406 openat(AT_FDCWD</tmp/kernel-audit2-v3r63b5w/\346\261\202\350\247\243\345\231\250>, "/usr/lib/locale/C.utf8/LC_TELEPHONE", O_RDONLY|O_CLOEXEC) = 3</usr/lib/locale/C.utf8/LC_TELEPHONE>
1428406 openat(AT_FDCWD</tmp/kernel-audit2-v3r63b5w/\346\261\202\350\247\243\345\231\250>, "/usr/lib/locale/C.UTF-8/LC_ADDRESS", O_RDONLY|O_CLOEXEC) = -1 ENOENT (No such file or directory)
1428406 openat(AT_FDCWD</tmp/kernel-audit2-v3r63b5w/\346\261\202\350\247\243\345\231\250>, "/usr/lib/locale/C.utf8/LC_ADDRESS", O_RDONLY|O_CLOEXEC) = 3</usr/lib/locale/C.utf8/LC_ADDRESS>
1428406 openat(AT_FDCWD</tmp/kernel-audit2-v3r63b5w/\346\261\202\350\247\243\345\231\250>, "/usr/lib/locale/C.UTF-8/LC_NAME", O_RDONLY|O_CLOEXEC) = -1 ENOENT (No such file or directory)
1428406 openat(AT_FDCWD</tmp/kernel-audit2-v3r63b5w/\346\261\202\350\247\243\345\231\250>, "/usr/lib/locale/C.utf8/LC_NAME", O_RDONLY|O_CLOEXEC) = 3</usr/lib/locale/C.utf8/LC_NAME>
1428406 openat(AT_FDCWD</tmp/kernel-audit2-v3r63b5w/\346\261\202\350\247\243\345\231\250>, "/usr/lib/locale/C.UTF-8/LC_PAPER", O_RDONLY|O_CLOEXEC) = -1 ENOENT (No such file or directory)
1428406 openat(AT_FDCWD</tmp/kernel-audit2-v3r63b5w/\346\261\202\350\247\243\345\231\250>, "/usr/lib/locale/C.utf8/LC_PAPER", O_RDONLY|O_CLOEXEC) = 3</usr/lib/locale/C.utf8/LC_PAPER>
1428406 openat(AT_FDCWD</tmp/kernel-audit2-v3r63b5w/\346\261\202\350\247\243\345\231\250>, "/usr/lib/locale/C.UTF-8/LC_MESSAGES", O_RDONLY|O_CLOEXEC) = -1 ENOENT (No such file or directory)
1428406 openat(AT_FDCWD</tmp/kernel-audit2-v3r63b5w/\346\261\202\350\247\243\345\231\250>, "/usr/lib/locale/C.utf8/LC_MESSAGES", O_RDONLY|O_CLOEXEC) = 3</usr/lib/locale/C.utf8/LC_MESSAGES>
1428406 openat(AT_FDCWD</tmp/kernel-audit2-v3r63b5w/\346\261\202\350\247\243\345\231\250>, "/usr/lib/locale/C.utf8/LC_MESSAGES/SYS_LC_MESSAGES", O_RDONLY|O_CLOEXEC) = 3</usr/lib/locale/C.utf8/LC_MESSAGES/SYS_LC_MESSAGES>
1428406 openat(AT_FDCWD</tmp/kernel-audit2-v3r63b5w/\346\261\202\350\247\243\345\231\250>, "/usr/lib/locale/C.UTF-8/LC_MONETARY", O_RDONLY|O_CLOEXEC) = -1 ENOENT (No such file or directory)
1428406 openat(AT_FDCWD</tmp/kernel-audit2-v3r63b5w/\346\261\202\350\247\243\345\231\250>, "/usr/lib/locale/C.utf8/LC_MONETARY", O_RDONLY|O_CLOEXEC) = 3</usr/lib/locale/C.utf8/LC_MONETARY>
1428406 openat(AT_FDCWD</tmp/kernel-audit2-v3r63b5w/\346\261\202\350\247\243\345\231\250>, "/usr/lib/locale/C.UTF-8/LC_COLLATE", O_RDONLY|O_CLOEXEC) = -1 ENOENT (No such file or directory)
1428406 openat(AT_FDCWD</tmp/kernel-audit2-v3r63b5w/\346\261\202\350\247\243\345\231\250>, "/usr/lib/locale/C.utf8/LC_COLLATE", O_RDONLY|O_CLOEXEC) = 3</usr/lib/locale/C.utf8/LC_COLLATE>
1428406 openat(AT_FDCWD</tmp/kernel-audit2-v3r63b5w/\346\261\202\350\247\243\345\231\250>, "/usr/lib/locale/C.UTF-8/LC_TIME", O_RDONLY|O_CLOEXEC) = -1 ENOENT (No such file or directory)
1428406 openat(AT_FDCWD</tmp/kernel-audit2-v3r63b5w/\346\261\202\350\247\243\345\231\250>, "/usr/lib/locale/C.utf8/LC_TIME", O_RDONLY|O_CLOEXEC) = 3</usr/lib/locale/C.utf8/LC_TIME>
1428406 openat(AT_FDCWD</tmp/kernel-audit2-v3r63b5w/\346\261\202\350\247\243\345\231\250>, "/usr/lib/locale/C.UTF-8/LC_NUMERIC", O_RDONLY|O_CLOEXEC) = -1 ENOENT (No such file or directory)
1428406 openat(AT_FDCWD</tmp/kernel-audit2-v3r63b5w/\346\261\202\350\247\243\345\231\250>, "/usr/lib/locale/C.utf8/LC_NUMERIC", O_RDONLY|O_CLOEXEC) = 3</usr/lib/locale/C.utf8/LC_NUMERIC>
1428406 openat(AT_FDCWD</tmp/kernel-audit2-v3r63b5w/\346\261\202\350\247\243\345\231\250>, "/usr/lib/locale/C.UTF-8/LC_CTYPE", O_RDONLY|O_CLOEXEC) = -1 ENOENT (No such file or directory)
1428406 openat(AT_FDCWD</tmp/kernel-audit2-v3r63b5w/\346\261\202\350\247\243\345\231\250>, "/usr/lib/locale/C.utf8/LC_CTYPE", O_RDONLY|O_CLOEXEC) = 3</usr/lib/locale/C.utf8/LC_CTYPE>
1428406 openat(AT_FDCWD</tmp/kernel-audit2-v3r63b5w/\346\261\202\350\247\243\345\231\250>, "/tmp/kernel-audit2-v3r63b5w/\346\261\202\350\247\243\345\231\250/crates/kernel/src/main.rs", O_RDONLY) = 3</tmp/kernel-audit2-v3r63b5w/\346\261\202\350\247\243\345\231\250/crates/kernel/src/main.rs>
1428364 --- SIGCHLD {si_signo=SIGCHLD, si_code=CLD_EXITED, si_pid=1428406, si_uid=1000, si_status=0, si_utime=0, si_stime=0} ---
1428364 openat(AT_FDCWD</tmp/kernel-audit2-v3r63b5w/\346\261\202\350\247\243\345\231\250>, "/dev/null", O_RDONLY|O_CLOEXEC) = 3</dev/null<char 1:3>>
1428407 execve("/home/zhuran24/.codex/tmp/arg0/codex-arg0DuAZRy/sha256sum", ["sha256sum", "--", "/tmp/kernel-audit2-v3r63b5w/\346\261\202\350\247\243\345\231\250/Cargo.toml"], 0x7ffd72465138 /* 135 vars */) = -1 ENOENT (No such file or directory)
1428407 execve("/home/zhuran24/.cargo/bin/sha256sum", ["sha256sum", "--", "/tmp/kernel-audit2-v3r63b5w/\346\261\202\350\247\243\345\231\250/Cargo.toml"], 0x7ffd72465138 /* 135 vars */) = -1 ENOENT (No such file or directory)
1428407 execve("/home/zhuran24/.local/bin/sha256sum", ["sha256sum", "--", "/tmp/kernel-audit2-v3r63b5w/\346\261\202\350\247\243\345\231\250/Cargo.toml"], 0x7ffd72465138 /* 135 vars */) = -1 ENOENT (No such file or directory)
1428407 execve("/home/zhuran24/.opencode/bin/sha256sum", ["sha256sum", "--", "/tmp/kernel-audit2-v3r63b5w/\346\261\202\350\247\243\345\231\250/Cargo.toml"], 0x7ffd72465138 /* 135 vars */) = -1 ENOENT (No such file or directory)
1428407 execve("/usr/local/bin/sha256sum", ["sha256sum", "--", "/tmp/kernel-audit2-v3r63b5w/\346\261\202\350\247\243\345\231\250/Cargo.toml"], 0x7ffd72465138 /* 135 vars */) = -1 ENOENT (No such file or directory)
1428407 execve("/usr/bin/sha256sum", ["sha256sum", "--", "/tmp/kernel-audit2-v3r63b5w/\346\261\202\350\247\243\345\231\250/Cargo.toml"], 0x7ffd72465138 /* 135 vars */) = 0
1428407 openat(AT_FDCWD</tmp/kernel-audit2-v3r63b5w/\346\261\202\350\247\243\345\231\250>, "/etc/ld.so.cache", O_RDONLY|O_CLOEXEC) = 3</etc/ld.so.cache>
1428407 openat(AT_FDCWD</tmp/kernel-audit2-v3r63b5w/\346\261\202\350\247\243\345\231\250>, "/usr/lib/libcrypto.so.3", O_RDONLY|O_CLOEXEC) = 3</usr/lib/libcrypto.so.3>
1428407 openat(AT_FDCWD</tmp/kernel-audit2-v3r63b5w/\346\261\202\350\247\243\345\231\250>, "/usr/lib/libc.so.6", O_RDONLY|O_CLOEXEC) = 3</usr/lib/libc.so.6>
1428407 openat(AT_FDCWD</tmp/kernel-audit2-v3r63b5w/\346\261\202\350\247\243\345\231\250>, "/usr/lib/libz.so.1", O_RDONLY|O_CLOEXEC) = 3</usr/lib/libz.so.1.3.1.zlib-ng>
1428407 openat(AT_FDCWD</tmp/kernel-audit2-v3r63b5w/\346\261\202\350\247\243\345\231\250>, "/usr/lib/libbrotlienc.so.1", O_RDONLY|O_CLOEXEC) = 3</usr/lib/libbrotlienc.so.1.2.0>
1428407 openat(AT_FDCWD</tmp/kernel-audit2-v3r63b5w/\346\261\202\350\247\243\345\231\250>, "/usr/lib/libbrotlidec.so.1", O_RDONLY|O_CLOEXEC) = 3</usr/lib/libbrotlidec.so.1.2.0>
1428407 openat(AT_FDCWD</tmp/kernel-audit2-v3r63b5w/\346\261\202\350\247\243\345\231\250>, "/usr/lib/libzstd.so.1", O_RDONLY|O_CLOEXEC) = 3</usr/lib/libzstd.so.1.5.7>
1428407 openat(AT_FDCWD</tmp/kernel-audit2-v3r63b5w/\346\261\202\350\247\243\345\231\250>, "/usr/lib/libm.so.6", O_RDONLY|O_CLOEXEC) = 3</usr/lib/libm.so.6>
1428407 openat(AT_FDCWD</tmp/kernel-audit2-v3r63b5w/\346\261\202\350\247\243\345\231\250>, "/usr/lib/libbrotlicommon.so.1", O_RDONLY|O_CLOEXEC) = 3</usr/lib/libbrotlicommon.so.1.2.0>
1428407 openat(AT_FDCWD</tmp/kernel-audit2-v3r63b5w/\346\261\202\350\247\243\345\231\250>, "/usr/lib/locale/locale-archive", O_RDONLY|O_CLOEXEC) = 3</usr/lib/locale/locale-archive>
1428407 openat(AT_FDCWD</tmp/kernel-audit2-v3r63b5w/\346\261\202\350\247\243\345\231\250>, "/usr/share/locale/locale.alias", O_RDONLY|O_CLOEXEC) = 3</usr/share/locale/locale.alias>
1428407 openat(AT_FDCWD</tmp/kernel-audit2-v3r63b5w/\346\261\202\350\247\243\345\231\250>, "/usr/lib/locale/C.UTF-8/LC_IDENTIFICATION", O_RDONLY|O_CLOEXEC) = -1 ENOENT (No such file or directory)
1428407 openat(AT_FDCWD</tmp/kernel-audit2-v3r63b5w/\346\261\202\350\247\243\345\231\250>, "/usr/lib/locale/C.utf8/LC_IDENTIFICATION", O_RDONLY|O_CLOEXEC) = 3</usr/lib/locale/C.utf8/LC_IDENTIFICATION>
1428407 openat(AT_FDCWD</tmp/kernel-audit2-v3r63b5w/\346\261\202\350\247\243\345\231\250>, "/usr/lib/gconv/gconv-modules.cache", O_RDONLY|O_CLOEXEC) = 3</usr/lib/gconv/gconv-modules.cache>
1428407 openat(AT_FDCWD</tmp/kernel-audit2-v3r63b5w/\346\261\202\350\247\243\345\231\250>, "/usr/lib/locale/C.UTF-8/LC_MEASUREMENT", O_RDONLY|O_CLOEXEC) = -1 ENOENT (No such file or directory)
1428407 openat(AT_FDCWD</tmp/kernel-audit2-v3r63b5w/\346\261\202\350\247\243\345\231\250>, "/usr/lib/locale/C.utf8/LC_MEASUREMENT", O_RDONLY|O_CLOEXEC) = 3</usr/lib/locale/C.utf8/LC_MEASUREMENT>
1428407 openat(AT_FDCWD</tmp/kernel-audit2-v3r63b5w/\346\261\202\350\247\243\345\231\250>, "/usr/lib/locale/C.UTF-8/LC_TELEPHONE", O_RDONLY|O_CLOEXEC) = -1 ENOENT (No such file or directory)
1428407 openat(AT_FDCWD</tmp/kernel-audit2-v3r63b5w/\346\261\202\350\247\243\345\231\250>, "/usr/lib/locale/C.utf8/LC_TELEPHONE", O_RDONLY|O_CLOEXEC) = 3</usr/lib/locale/C.utf8/LC_TELEPHONE>
1428407 openat(AT_FDCWD</tmp/kernel-audit2-v3r63b5w/\346\261\202\350\247\243\345\231\250>, "/usr/lib/locale/C.UTF-8/LC_ADDRESS", O_RDONLY|O_CLOEXEC) = -1 ENOENT (No such file or directory)
1428407 openat(AT_FDCWD</tmp/kernel-audit2-v3r63b5w/\346\261\202\350\247\243\345\231\250>, "/usr/lib/locale/C.utf8/LC_ADDRESS", O_RDONLY|O_CLOEXEC) = 3</usr/lib/locale/C.utf8/LC_ADDRESS>
1428407 openat(AT_FDCWD</tmp/kernel-audit2-v3r63b5w/\346\261\202\350\247\243\345\231\250>, "/usr/lib/locale/C.UTF-8/LC_NAME", O_RDONLY|O_CLOEXEC) = -1 ENOENT (No such file or directory)
1428407 openat(AT_FDCWD</tmp/kernel-audit2-v3r63b5w/\346\261\202\350\247\243\345\231\250>, "/usr/lib/locale/C.utf8/LC_NAME", O_RDONLY|O_CLOEXEC) = 3</usr/lib/locale/C.utf8/LC_NAME>
1428407 openat(AT_FDCWD</tmp/kernel-audit2-v3r63b5w/\346\261\202\350\247\243\345\231\250>, "/usr/lib/locale/C.UTF-8/LC_PAPER", O_RDONLY|O_CLOEXEC) = -1 ENOENT (No such file or directory)
1428407 openat(AT_FDCWD</tmp/kernel-audit2-v3r63b5w/\346\261\202\350\247\243\345\231\250>, "/usr/lib/locale/C.utf8/LC_PAPER", O_RDONLY|O_CLOEXEC) = 3</usr/lib/locale/C.utf8/LC_PAPER>
1428407 openat(AT_FDCWD</tmp/kernel-audit2-v3r63b5w/\346\261\202\350\247\243\345\231\250>, "/usr/lib/locale/C.UTF-8/LC_MESSAGES", O_RDONLY|O_CLOEXEC) = -1 ENOENT (No such file or directory)
1428407 openat(AT_FDCWD</tmp/kernel-audit2-v3r63b5w/\346\261\202\350\247\243\345\231\250>, "/usr/lib/locale/C.utf8/LC_MESSAGES", O_RDONLY|O_CLOEXEC) = 3</usr/lib/locale/C.utf8/LC_MESSAGES>
1428407 openat(AT_FDCWD</tmp/kernel-audit2-v3r63b5w/\346\261\202\350\247\243\345\231\250>, "/usr/lib/locale/C.utf8/LC_MESSAGES/SYS_LC_MESSAGES", O_RDONLY|O_CLOEXEC) = 3</usr/lib/locale/C.utf8/LC_MESSAGES/SYS_LC_MESSAGES>
1428407 openat(AT_FDCWD</tmp/kernel-audit2-v3r63b5w/\346\261\202\350\247\243\345\231\250>, "/usr/lib/locale/C.UTF-8/LC_MONETARY", O_RDONLY|O_CLOEXEC) = -1 ENOENT (No such file or directory)
1428407 openat(AT_FDCWD</tmp/kernel-audit2-v3r63b5w/\346\261\202\350\247\243\345\231\250>, "/usr/lib/locale/C.utf8/LC_MONETARY", O_RDONLY|O_CLOEXEC) = 3</usr/lib/locale/C.utf8/LC_MONETARY>
1428407 openat(AT_FDCWD</tmp/kernel-audit2-v3r63b5w/\346\261\202\350\247\243\345\231\250>, "/usr/lib/locale/C.UTF-8/LC_COLLATE", O_RDONLY|O_CLOEXEC) = -1 ENOENT (No such file or directory)
1428407 openat(AT_FDCWD</tmp/kernel-audit2-v3r63b5w/\346\261\202\350\247\243\345\231\250>, "/usr/lib/locale/C.utf8/LC_COLLATE", O_RDONLY|O_CLOEXEC) = 3</usr/lib/locale/C.utf8/LC_COLLATE>
1428407 openat(AT_FDCWD</tmp/kernel-audit2-v3r63b5w/\346\261\202\350\247\243\345\231\250>, "/usr/lib/locale/C.UTF-8/LC_TIME", O_RDONLY|O_CLOEXEC) = -1 ENOENT (No such file or directory)
1428407 openat(AT_FDCWD</tmp/kernel-audit2-v3r63b5w/\346\261\202\350\247\243\345\231\250>, "/usr/lib/locale/C.utf8/LC_TIME", O_RDONLY|O_CLOEXEC) = 3</usr/lib/locale/C.utf8/LC_TIME>
1428407 openat(AT_FDCWD</tmp/kernel-audit2-v3r63b5w/\346\261\202\350\247\243\345\231\250>, "/usr/lib/locale/C.UTF-8/LC_NUMERIC", O_RDONLY|O_CLOEXEC) = -1 ENOENT (No such file or directory)
1428407 openat(AT_FDCWD</tmp/kernel-audit2-v3r63b5w/\346\261\202\350\247\243\345\231\250>, "/usr/lib/locale/C.utf8/LC_NUMERIC", O_RDONLY|O_CLOEXEC) = 3</usr/lib/locale/C.utf8/LC_NUMERIC>
1428407 openat(AT_FDCWD</tmp/kernel-audit2-v3r63b5w/\346\261\202\350\247\243\345\231\250>, "/usr/lib/locale/C.UTF-8/LC_CTYPE", O_RDONLY|O_CLOEXEC) = -1 ENOENT (No such file or directory)
1428407 openat(AT_FDCWD</tmp/kernel-audit2-v3r63b5w/\346\261\202\350\247\243\345\231\250>, "/usr/lib/locale/C.utf8/LC_CTYPE", O_RDONLY|O_CLOEXEC) = 3</usr/lib/locale/C.utf8/LC_CTYPE>
1428407 openat(AT_FDCWD</tmp/kernel-audit2-v3r63b5w/\346\261\202\350\247\243\345\231\250>, "/tmp/kernel-audit2-v3r63b5w/\346\261\202\350\247\243\345\231\250/Cargo.toml", O_RDONLY) = 3</tmp/kernel-audit2-v3r63b5w/\346\261\202\350\247\243\345\231\250/Cargo.toml>
1428364 --- SIGCHLD {si_signo=SIGCHLD, si_code=CLD_EXITED, si_pid=1428407, si_uid=1000, si_status=0, si_utime=0, si_stime=0} ---
1428364 openat(AT_FDCWD</tmp/kernel-audit2-v3r63b5w/\346\261\202\350\247\243\345\231\250>, "/dev/null", O_RDONLY|O_CLOEXEC) = 3</dev/null<char 1:3>>
1428408 execve("/home/zhuran24/.codex/tmp/arg0/codex-arg0DuAZRy/sha256sum", ["sha256sum", "--", "/tmp/kernel-audit2-v3r63b5w/\346\261\202\350\247\243\345\231\250/Cargo.lock"], 0x7ffd72465138 /* 135 vars */) = -1 ENOENT (No such file or directory)
1428408 execve("/home/zhuran24/.cargo/bin/sha256sum", ["sha256sum", "--", "/tmp/kernel-audit2-v3r63b5w/\346\261\202\350\247\243\345\231\250/Cargo.lock"], 0x7ffd72465138 /* 135 vars */) = -1 ENOENT (No such file or directory)
1428408 execve("/home/zhuran24/.local/bin/sha256sum", ["sha256sum", "--", "/tmp/kernel-audit2-v3r63b5w/\346\261\202\350\247\243\345\231\250/Cargo.lock"], 0x7ffd72465138 /* 135 vars */) = -1 ENOENT (No such file or directory)
1428408 execve("/home/zhuran24/.opencode/bin/sha256sum", ["sha256sum", "--", "/tmp/kernel-audit2-v3r63b5w/\346\261\202\350\247\243\345\231\250/Cargo.lock"], 0x7ffd72465138 /* 135 vars */) = -1 ENOENT (No such file or directory)
1428408 execve("/usr/local/bin/sha256sum", ["sha256sum", "--", "/tmp/kernel-audit2-v3r63b5w/\346\261\202\350\247\243\345\231\250/Cargo.lock"], 0x7ffd72465138 /* 135 vars */) = -1 ENOENT (No such file or directory)
1428408 execve("/usr/bin/sha256sum", ["sha256sum", "--", "/tmp/kernel-audit2-v3r63b5w/\346\261\202\350\247\243\345\231\250/Cargo.lock"], 0x7ffd72465138 /* 135 vars */) = 0
1428408 openat(AT_FDCWD</tmp/kernel-audit2-v3r63b5w/\346\261\202\350\247\243\345\231\250>, "/etc/ld.so.cache", O_RDONLY|O_CLOEXEC) = 3</etc/ld.so.cache>
1428408 openat(AT_FDCWD</tmp/kernel-audit2-v3r63b5w/\346\261\202\350\247\243\345\231\250>, "/usr/lib/libcrypto.so.3", O_RDONLY|O_CLOEXEC) = 3</usr/lib/libcrypto.so.3>
1428408 openat(AT_FDCWD</tmp/kernel-audit2-v3r63b5w/\346\261\202\350\247\243\345\231\250>, "/usr/lib/libc.so.6", O_RDONLY|O_CLOEXEC) = 3</usr/lib/libc.so.6>
1428408 openat(AT_FDCWD</tmp/kernel-audit2-v3r63b5w/\346\261\202\350\247\243\345\231\250>, "/usr/lib/libz.so.1", O_RDONLY|O_CLOEXEC) = 3</usr/lib/libz.so.1.3.1.zlib-ng>
1428408 openat(AT_FDCWD</tmp/kernel-audit2-v3r63b5w/\346\261\202\350\247\243\345\231\250>, "/usr/lib/libbrotlienc.so.1", O_RDONLY|O_CLOEXEC) = 3</usr/lib/libbrotlienc.so.1.2.0>
1428408 openat(AT_FDCWD</tmp/kernel-audit2-v3r63b5w/\346\261\202\350\247\243\345\231\250>, "/usr/lib/libbrotlidec.so.1", O_RDONLY|O_CLOEXEC) = 3</usr/lib/libbrotlidec.so.1.2.0>
1428408 openat(AT_FDCWD</tmp/kernel-audit2-v3r63b5w/\346\261\202\350\247\243\345\231\250>, "/usr/lib/libzstd.so.1", O_RDONLY|O_CLOEXEC) = 3</usr/lib/libzstd.so.1.5.7>
1428408 openat(AT_FDCWD</tmp/kernel-audit2-v3r63b5w/\346\261\202\350\247\243\345\231\250>, "/usr/lib/libm.so.6", O_RDONLY|O_CLOEXEC) = 3</usr/lib/libm.so.6>
1428408 openat(AT_FDCWD</tmp/kernel-audit2-v3r63b5w/\346\261\202\350\247\243\345\231\250>, "/usr/lib/libbrotlicommon.so.1", O_RDONLY|O_CLOEXEC) = 3</usr/lib/libbrotlicommon.so.1.2.0>
1428408 openat(AT_FDCWD</tmp/kernel-audit2-v3r63b5w/\346\261\202\350\247\243\345\231\250>, "/usr/lib/locale/locale-archive", O_RDONLY|O_CLOEXEC) = 3</usr/lib/locale/locale-archive>
1428408 openat(AT_FDCWD</tmp/kernel-audit2-v3r63b5w/\346\261\202\350\247\243\345\231\250>, "/usr/share/locale/locale.alias", O_RDONLY|O_CLOEXEC) = 3</usr/share/locale/locale.alias>
1428408 openat(AT_FDCWD</tmp/kernel-audit2-v3r63b5w/\346\261\202\350\247\243\345\231\250>, "/usr/lib/locale/C.UTF-8/LC_IDENTIFICATION", O_RDONLY|O_CLOEXEC) = -1 ENOENT (No such file or directory)
1428408 openat(AT_FDCWD</tmp/kernel-audit2-v3r63b5w/\346\261\202\350\247\243\345\231\250>, "/usr/lib/locale/C.utf8/LC_IDENTIFICATION", O_RDONLY|O_CLOEXEC) = 3</usr/lib/locale/C.utf8/LC_IDENTIFICATION>
1428408 openat(AT_FDCWD</tmp/kernel-audit2-v3r63b5w/\346\261\202\350\247\243\345\231\250>, "/usr/lib/gconv/gconv-modules.cache", O_RDONLY|O_CLOEXEC) = 3</usr/lib/gconv/gconv-modules.cache>
1428408 openat(AT_FDCWD</tmp/kernel-audit2-v3r63b5w/\346\261\202\350\247\243\345\231\250>, "/usr/lib/locale/C.UTF-8/LC_MEASUREMENT", O_RDONLY|O_CLOEXEC) = -1 ENOENT (No such file or directory)
1428408 openat(AT_FDCWD</tmp/kernel-audit2-v3r63b5w/\346\261\202\350\247\243\345\231\250>, "/usr/lib/locale/C.utf8/LC_MEASUREMENT", O_RDONLY|O_CLOEXEC) = 3</usr/lib/locale/C.utf8/LC_MEASUREMENT>
1428408 openat(AT_FDCWD</tmp/kernel-audit2-v3r63b5w/\346\261\202\350\247\243\345\231\250>, "/usr/lib/locale/C.UTF-8/LC_TELEPHONE", O_RDONLY|O_CLOEXEC) = -1 ENOENT (No such file or directory)
1428408 openat(AT_FDCWD</tmp/kernel-audit2-v3r63b5w/\346\261\202\350\247\243\345\231\250>, "/usr/lib/locale/C.utf8/LC_TELEPHONE", O_RDONLY|O_CLOEXEC) = 3</usr/lib/locale/C.utf8/LC_TELEPHONE>
1428408 openat(AT_FDCWD</tmp/kernel-audit2-v3r63b5w/\346\261\202\350\247\243\345\231\250>, "/usr/lib/locale/C.UTF-8/LC_ADDRESS", O_RDONLY|O_CLOEXEC) = -1 ENOENT (No such file or directory)
1428408 openat(AT_FDCWD</tmp/kernel-audit2-v3r63b5w/\346\261\202\350\247\243\345\231\250>, "/usr/lib/locale/C.utf8/LC_ADDRESS", O_RDONLY|O_CLOEXEC) = 3</usr/lib/locale/C.utf8/LC_ADDRESS>
1428408 openat(AT_FDCWD</tmp/kernel-audit2-v3r63b5w/\346\261\202\350\247\243\345\231\250>, "/usr/lib/locale/C.UTF-8/LC_NAME", O_RDONLY|O_CLOEXEC) = -1 ENOENT (No such file or directory)
1428408 openat(AT_FDCWD</tmp/kernel-audit2-v3r63b5w/\346\261\202\350\247\243\345\231\250>, "/usr/lib/locale/C.utf8/LC_NAME", O_RDONLY|O_CLOEXEC) = 3</usr/lib/locale/C.utf8/LC_NAME>
1428408 openat(AT_FDCWD</tmp/kernel-audit2-v3r63b5w/\346\261\202\350\247\243\345\231\250>, "/usr/lib/locale/C.UTF-8/LC_PAPER", O_RDONLY|O_CLOEXEC) = -1 ENOENT (No such file or directory)
1428408 openat(AT_FDCWD</tmp/kernel-audit2-v3r63b5w/\346\261\202\350\247\243\345\231\250>, "/usr/lib/locale/C.utf8/LC_PAPER", O_RDONLY|O_CLOEXEC) = 3</usr/lib/locale/C.utf8/LC_PAPER>
1428408 openat(AT_FDCWD</tmp/kernel-audit2-v3r63b5w/\346\261\202\350\247\243\345\231\250>, "/usr/lib/locale/C.UTF-8/LC_MESSAGES", O_RDONLY|O_CLOEXEC) = -1 ENOENT (No such file or directory)
1428408 openat(AT_FDCWD</tmp/kernel-audit2-v3r63b5w/\346\261\202\350\247\243\345\231\250>, "/usr/lib/locale/C.utf8/LC_MESSAGES", O_RDONLY|O_CLOEXEC) = 3</usr/lib/locale/C.utf8/LC_MESSAGES>
1428408 openat(AT_FDCWD</tmp/kernel-audit2-v3r63b5w/\346\261\202\350\247\243\345\231\250>, "/usr/lib/locale/C.utf8/LC_MESSAGES/SYS_LC_MESSAGES", O_RDONLY|O_CLOEXEC) = 3</usr/lib/locale/C.utf8/LC_MESSAGES/SYS_LC_MESSAGES>
1428408 openat(AT_FDCWD</tmp/kernel-audit2-v3r63b5w/\346\261\202\350\247\243\345\231\250>, "/usr/lib/locale/C.UTF-8/LC_MONETARY", O_RDONLY|O_CLOEXEC) = -1 ENOENT (No such file or directory)
1428408 openat(AT_FDCWD</tmp/kernel-audit2-v3r63b5w/\346\261\202\350\247\243\345\231\250>, "/usr/lib/locale/C.utf8/LC_MONETARY", O_RDONLY|O_CLOEXEC) = 3</usr/lib/locale/C.utf8/LC_MONETARY>
1428408 openat(AT_FDCWD</tmp/kernel-audit2-v3r63b5w/\346\261\202\350\247\243\345\231\250>, "/usr/lib/locale/C.UTF-8/LC_COLLATE", O_RDONLY|O_CLOEXEC) = -1 ENOENT (No such file or directory)
1428408 openat(AT_FDCWD</tmp/kernel-audit2-v3r63b5w/\346\261\202\350\247\243\345\231\250>, "/usr/lib/locale/C.utf8/LC_COLLATE", O_RDONLY|O_CLOEXEC) = 3</usr/lib/locale/C.utf8/LC_COLLATE>
1428408 openat(AT_FDCWD</tmp/kernel-audit2-v3r63b5w/\346\261\202\350\247\243\345\231\250>, "/usr/lib/locale/C.UTF-8/LC_TIME", O_RDONLY|O_CLOEXEC) = -1 ENOENT (No such file or directory)
1428408 openat(AT_FDCWD</tmp/kernel-audit2-v3r63b5w/\346\261\202\350\247\243\345\231\250>, "/usr/lib/locale/C.utf8/LC_TIME", O_RDONLY|O_CLOEXEC) = 3</usr/lib/locale/C.utf8/LC_TIME>
1428408 openat(AT_FDCWD</tmp/kernel-audit2-v3r63b5w/\346\261\202\350\247\243\345\231\250>, "/usr/lib/locale/C.UTF-8/LC_NUMERIC", O_RDONLY|O_CLOEXEC) = -1 ENOENT (No such file or directory)
1428408 openat(AT_FDCWD</tmp/kernel-audit2-v3r63b5w/\346\261\202\350\247\243\345\231\250>, "/usr/lib/locale/C.utf8/LC_NUMERIC", O_RDONLY|O_CLOEXEC) = 3</usr/lib/locale/C.utf8/LC_NUMERIC>
1428408 openat(AT_FDCWD</tmp/kernel-audit2-v3r63b5w/\346\261\202\350\247\243\345\231\250>, "/usr/lib/locale/C.UTF-8/LC_CTYPE", O_RDONLY|O_CLOEXEC) = -1 ENOENT (No such file or directory)
1428408 openat(AT_FDCWD</tmp/kernel-audit2-v3r63b5w/\346\261\202\350\247\243\345\231\250>, "/usr/lib/locale/C.utf8/LC_CTYPE", O_RDONLY|O_CLOEXEC) = 3</usr/lib/locale/C.utf8/LC_CTYPE>
1428408 openat(AT_FDCWD</tmp/kernel-audit2-v3r63b5w/\346\261\202\350\247\243\345\231\250>, "/tmp/kernel-audit2-v3r63b5w/\346\261\202\350\247\243\345\231\250/Cargo.lock", O_RDONLY) = 3</tmp/kernel-audit2-v3r63b5w/\346\261\202\350\247\243\345\231\250/Cargo.lock>
1428364 --- SIGCHLD {si_signo=SIGCHLD, si_code=CLD_EXITED, si_pid=1428408, si_uid=1000, si_status=0, si_utime=0, si_stime=0} ---
1428364 openat(AT_FDCWD</tmp/kernel-audit2-v3r63b5w/\346\261\202\350\247\243\345\231\250>, "/dev/null", O_RDONLY|O_CLOEXEC) = 3</dev/null<char 1:3>>
1428409 execve("/home/zhuran24/.codex/tmp/arg0/codex-arg0DuAZRy/sha256sum", ["sha256sum", "--", "/tmp/kernel-audit2-v3r63b5w/\346\261\202\350\247\243\345\231\250/crates/kernel/Cargo.toml"], 0x7ffd72465138 /* 135 vars */) = -1 ENOENT (No such file or directory)
1428409 execve("/home/zhuran24/.cargo/bin/sha256sum", ["sha256sum", "--", "/tmp/kernel-audit2-v3r63b5w/\346\261\202\350\247\243\345\231\250/crates/kernel/Cargo.toml"], 0x7ffd72465138 /* 135 vars */) = -1 ENOENT (No such file or directory)
1428409 execve("/home/zhuran24/.local/bin/sha256sum", ["sha256sum", "--", "/tmp/kernel-audit2-v3r63b5w/\346\261\202\350\247\243\345\231\250/crates/kernel/Cargo.toml"], 0x7ffd72465138 /* 135 vars */) = -1 ENOENT (No such file or directory)
1428409 execve("/home/zhuran24/.opencode/bin/sha256sum", ["sha256sum", "--", "/tmp/kernel-audit2-v3r63b5w/\346\261\202\350\247\243\345\231\250/crates/kernel/Cargo.toml"], 0x7ffd72465138 /* 135 vars */) = -1 ENOENT (No such file or directory)
1428409 execve("/usr/local/bin/sha256sum", ["sha256sum", "--", "/tmp/kernel-audit2-v3r63b5w/\346\261\202\350\247\243\345\231\250/crates/kernel/Cargo.toml"], 0x7ffd72465138 /* 135 vars */) = -1 ENOENT (No such file or directory)
1428409 execve("/usr/bin/sha256sum", ["sha256sum", "--", "/tmp/kernel-audit2-v3r63b5w/\346\261\202\350\247\243\345\231\250/crates/kernel/Cargo.toml"], 0x7ffd72465138 /* 135 vars */) = 0
1428409 openat(AT_FDCWD</tmp/kernel-audit2-v3r63b5w/\346\261\202\350\247\243\345\231\250>, "/etc/ld.so.cache", O_RDONLY|O_CLOEXEC) = 3</etc/ld.so.cache>
1428409 openat(AT_FDCWD</tmp/kernel-audit2-v3r63b5w/\346\261\202\350\247\243\345\231\250>, "/usr/lib/libcrypto.so.3", O_RDONLY|O_CLOEXEC) = 3</usr/lib/libcrypto.so.3>
1428409 openat(AT_FDCWD</tmp/kernel-audit2-v3r63b5w/\346\261\202\350\247\243\345\231\250>, "/usr/lib/libc.so.6", O_RDONLY|O_CLOEXEC) = 3</usr/lib/libc.so.6>
1428409 openat(AT_FDCWD</tmp/kernel-audit2-v3r63b5w/\346\261\202\350\247\243\345\231\250>, "/usr/lib/libz.so.1", O_RDONLY|O_CLOEXEC) = 3</usr/lib/libz.so.1.3.1.zlib-ng>
1428409 openat(AT_FDCWD</tmp/kernel-audit2-v3r63b5w/\346\261\202\350\247\243\345\231\250>, "/usr/lib/libbrotlienc.so.1", O_RDONLY|O_CLOEXEC) = 3</usr/lib/libbrotlienc.so.1.2.0>
1428409 openat(AT_FDCWD</tmp/kernel-audit2-v3r63b5w/\346\261\202\350\247\243\345\231\250>, "/usr/lib/libbrotlidec.so.1", O_RDONLY|O_CLOEXEC) = 3</usr/lib/libbrotlidec.so.1.2.0>
1428409 openat(AT_FDCWD</tmp/kernel-audit2-v3r63b5w/\346\261\202\350\247\243\345\231\250>, "/usr/lib/libzstd.so.1", O_RDONLY|O_CLOEXEC) = 3</usr/lib/libzstd.so.1.5.7>
1428409 openat(AT_FDCWD</tmp/kernel-audit2-v3r63b5w/\346\261\202\350\247\243\345\231\250>, "/usr/lib/libm.so.6", O_RDONLY|O_CLOEXEC) = 3</usr/lib/libm.so.6>
1428409 openat(AT_FDCWD</tmp/kernel-audit2-v3r63b5w/\346\261\202\350\247\243\345\231\250>, "/usr/lib/libbrotlicommon.so.1", O_RDONLY|O_CLOEXEC) = 3</usr/lib/libbrotlicommon.so.1.2.0>
1428409 openat(AT_FDCWD</tmp/kernel-audit2-v3r63b5w/\346\261\202\350\247\243\345\231\250>, "/usr/lib/locale/locale-archive", O_RDONLY|O_CLOEXEC) = 3</usr/lib/locale/locale-archive>
1428409 openat(AT_FDCWD</tmp/kernel-audit2-v3r63b5w/\346\261\202\350\247\243\345\231\250>, "/usr/share/locale/locale.alias", O_RDONLY|O_CLOEXEC) = 3</usr/share/locale/locale.alias>
1428409 openat(AT_FDCWD</tmp/kernel-audit2-v3r63b5w/\346\261\202\350\247\243\345\231\250>, "/usr/lib/locale/C.UTF-8/LC_IDENTIFICATION", O_RDONLY|O_CLOEXEC) = -1 ENOENT (No such file or directory)
1428409 openat(AT_FDCWD</tmp/kernel-audit2-v3r63b5w/\346\261\202\350\247\243\345\231\250>, "/usr/lib/locale/C.utf8/LC_IDENTIFICATION", O_RDONLY|O_CLOEXEC) = 3</usr/lib/locale/C.utf8/LC_IDENTIFICATION>
1428409 openat(AT_FDCWD</tmp/kernel-audit2-v3r63b5w/\346\261\202\350\247\243\345\231\250>, "/usr/lib/gconv/gconv-modules.cache", O_RDONLY|O_CLOEXEC) = 3</usr/lib/gconv/gconv-modules.cache>
1428409 openat(AT_FDCWD</tmp/kernel-audit2-v3r63b5w/\346\261\202\350\247\243\345\231\250>, "/usr/lib/locale/C.UTF-8/LC_MEASUREMENT", O_RDONLY|O_CLOEXEC) = -1 ENOENT (No such file or directory)
1428409 openat(AT_FDCWD</tmp/kernel-audit2-v3r63b5w/\346\261\202\350\247\243\345\231\250>, "/usr/lib/locale/C.utf8/LC_MEASUREMENT", O_RDONLY|O_CLOEXEC) = 3</usr/lib/locale/C.utf8/LC_MEASUREMENT>
1428409 openat(AT_FDCWD</tmp/kernel-audit2-v3r63b5w/\346\261\202\350\247\243\345\231\250>, "/usr/lib/locale/C.UTF-8/LC_TELEPHONE", O_RDONLY|O_CLOEXEC) = -1 ENOENT (No such file or directory)
1428409 openat(AT_FDCWD</tmp/kernel-audit2-v3r63b5w/\346\261\202\350\247\243\345\231\250>, "/usr/lib/locale/C.utf8/LC_TELEPHONE", O_RDONLY|O_CLOEXEC) = 3</usr/lib/locale/C.utf8/LC_TELEPHONE>
1428409 openat(AT_FDCWD</tmp/kernel-audit2-v3r63b5w/\346\261\202\350\247\243\345\231\250>, "/usr/lib/locale/C.UTF-8/LC_ADDRESS", O_RDONLY|O_CLOEXEC) = -1 ENOENT (No such file or directory)
1428409 openat(AT_FDCWD</tmp/kernel-audit2-v3r63b5w/\346\261\202\350\247\243\345\231\250>, "/usr/lib/locale/C.utf8/LC_ADDRESS", O_RDONLY|O_CLOEXEC) = 3</usr/lib/locale/C.utf8/LC_ADDRESS>
1428409 openat(AT_FDCWD</tmp/kernel-audit2-v3r63b5w/\346\261\202\350\247\243\345\231\250>, "/usr/lib/locale/C.UTF-8/LC_NAME", O_RDONLY|O_CLOEXEC) = -1 ENOENT (No such file or directory)
1428409 openat(AT_FDCWD</tmp/kernel-audit2-v3r63b5w/\346\261\202\350\247\243\345\231\250>, "/usr/lib/locale/C.utf8/LC_NAME", O_RDONLY|O_CLOEXEC) = 3</usr/lib/locale/C.utf8/LC_NAME>
1428409 openat(AT_FDCWD</tmp/kernel-audit2-v3r63b5w/\346\261\202\350\247\243\345\231\250>, "/usr/lib/locale/C.UTF-8/LC_PAPER", O_RDONLY|O_CLOEXEC) = -1 ENOENT (No such file or directory)
1428409 openat(AT_FDCWD</tmp/kernel-audit2-v3r63b5w/\346\261\202\350\247\243\345\231\250>, "/usr/lib/locale/C.utf8/LC_PAPER", O_RDONLY|O_CLOEXEC) = 3</usr/lib/locale/C.utf8/LC_PAPER>
1428409 openat(AT_FDCWD</tmp/kernel-audit2-v3r63b5w/\346\261\202\350\247\243\345\231\250>, "/usr/lib/locale/C.UTF-8/LC_MESSAGES", O_RDONLY|O_CLOEXEC) = -1 ENOENT (No such file or directory)
1428409 openat(AT_FDCWD</tmp/kernel-audit2-v3r63b5w/\346\261\202\350\247\243\345\231\250>, "/usr/lib/locale/C.utf8/LC_MESSAGES", O_RDONLY|O_CLOEXEC) = 3</usr/lib/locale/C.utf8/LC_MESSAGES>
1428409 openat(AT_FDCWD</tmp/kernel-audit2-v3r63b5w/\346\261\202\350\247\243\345\231\250>, "/usr/lib/locale/C.utf8/LC_MESSAGES/SYS_LC_MESSAGES", O_RDONLY|O_CLOEXEC) = 3</usr/lib/locale/C.utf8/LC_MESSAGES/SYS_LC_MESSAGES>
1428409 openat(AT_FDCWD</tmp/kernel-audit2-v3r63b5w/\346\261\202\350\247\243\345\231\250>, "/usr/lib/locale/C.UTF-8/LC_MONETARY", O_RDONLY|O_CLOEXEC) = -1 ENOENT (No such file or directory)
1428409 openat(AT_FDCWD</tmp/kernel-audit2-v3r63b5w/\346\261\202\350\247\243\345\231\250>, "/usr/lib/locale/C.utf8/LC_MONETARY", O_RDONLY|O_CLOEXEC) = 3</usr/lib/locale/C.utf8/LC_MONETARY>
1428409 openat(AT_FDCWD</tmp/kernel-audit2-v3r63b5w/\346\261\202\350\247\243\345\231\250>, "/usr/lib/locale/C.UTF-8/LC_COLLATE", O_RDONLY|O_CLOEXEC) = -1 ENOENT (No such file or directory)
1428409 openat(AT_FDCWD</tmp/kernel-audit2-v3r63b5w/\346\261\202\350\247\243\345\231\250>, "/usr/lib/locale/C.utf8/LC_COLLATE", O_RDONLY|O_CLOEXEC) = 3</usr/lib/locale/C.utf8/LC_COLLATE>
1428409 openat(AT_FDCWD</tmp/kernel-audit2-v3r63b5w/\346\261\202\350\247\243\345\231\250>, "/usr/lib/locale/C.UTF-8/LC_TIME", O_RDONLY|O_CLOEXEC) = -1 ENOENT (No such file or directory)
1428409 openat(AT_FDCWD</tmp/kernel-audit2-v3r63b5w/\346\261\202\350\247\243\345\231\250>, "/usr/lib/locale/C.utf8/LC_TIME", O_RDONLY|O_CLOEXEC) = 3</usr/lib/locale/C.utf8/LC_TIME>
1428409 openat(AT_FDCWD</tmp/kernel-audit2-v3r63b5w/\346\261\202\350\247\243\345\231\250>, "/usr/lib/locale/C.UTF-8/LC_NUMERIC", O_RDONLY|O_CLOEXEC) = -1 ENOENT (No such file or directory)
1428409 openat(AT_FDCWD</tmp/kernel-audit2-v3r63b5w/\346\261\202\350\247\243\345\231\250>, "/usr/lib/locale/C.utf8/LC_NUMERIC", O_RDONLY|O_CLOEXEC) = 3</usr/lib/locale/C.utf8/LC_NUMERIC>
1428409 openat(AT_FDCWD</tmp/kernel-audit2-v3r63b5w/\346\261\202\350\247\243\345\231\250>, "/usr/lib/locale/C.UTF-8/LC_CTYPE", O_RDONLY|O_CLOEXEC) = -1 ENOENT (No such file or directory)
1428409 openat(AT_FDCWD</tmp/kernel-audit2-v3r63b5w/\346\261\202\350\247\243\345\231\250>, "/usr/lib/locale/C.utf8/LC_CTYPE", O_RDONLY|O_CLOEXEC) = 3</usr/lib/locale/C.utf8/LC_CTYPE>
1428409 openat(AT_FDCWD</tmp/kernel-audit2-v3r63b5w/\346\261\202\350\247\243\345\231\250>, "/tmp/kernel-audit2-v3r63b5w/\346\261\202\350\247\243\345\231\250/crates/kernel/Cargo.toml", O_RDONLY) = 3</tmp/kernel-audit2-v3r63b5w/\346\261\202\350\247\243\345\231\250/crates/kernel/Cargo.toml>
1428364 --- SIGCHLD {si_signo=SIGCHLD, si_code=CLD_EXITED, si_pid=1428409, si_uid=1000, si_status=0, si_utime=0, si_stime=0} ---
1428364 openat(AT_FDCWD</tmp/kernel-audit2-v3r63b5w/\346\261\202\350\247\243\345\231\250>, "/dev/null", O_RDONLY|O_CLOEXEC) = 3</dev/null<char 1:3>>
1428410 execve("/home/zhuran24/.codex/tmp/arg0/codex-arg0DuAZRy/sha256sum", ["sha256sum", "--", "/tmp/kernel-audit2-v3r63b5w/\346\261\202\350\247\243\345\231\250/\346\225\260\346\215\256/\346\240\267\344\276\213/\347\224\237\344\272\247\345\276\252\347\216\257\347\216\257\345\270\246.json"], 0x7ffd72465138 /* 135 vars */) = -1 ENOENT (No such file or directory)
1428410 execve("/home/zhuran24/.cargo/bin/sha256sum", ["sha256sum", "--", "/tmp/kernel-audit2-v3r63b5w/\346\261\202\350\247\243\345\231\250/\346\225\260\346\215\256/\346\240\267\344\276\213/\347\224\237\344\272\247\345\276\252\347\216\257\347\216\257\345\270\246.json"], 0x7ffd72465138 /* 135 vars */) = -1 ENOENT (No such file or directory)
1428410 execve("/home/zhuran24/.local/bin/sha256sum", ["sha256sum", "--", "/tmp/kernel-audit2-v3r63b5w/\346\261\202\350\247\243\345\231\250/\346\225\260\346\215\256/\346\240\267\344\276\213/\347\224\237\344\272\247\345\276\252\347\216\257\347\216\257\345\270\246.json"], 0x7ffd72465138 /* 135 vars */) = -1 ENOENT (No such file or directory)
1428410 execve("/home/zhuran24/.opencode/bin/sha256sum", ["sha256sum", "--", "/tmp/kernel-audit2-v3r63b5w/\346\261\202\350\247\243\345\231\250/\346\225\260\346\215\256/\346\240\267\344\276\213/\347\224\237\344\272\247\345\276\252\347\216\257\347\216\257\345\270\246.json"], 0x7ffd72465138 /* 135 vars */) = -1 ENOENT (No such file or directory)
1428410 execve("/usr/local/bin/sha256sum", ["sha256sum", "--", "/tmp/kernel-audit2-v3r63b5w/\346\261\202\350\247\243\345\231\250/\346\225\260\346\215\256/\346\240\267\344\276\213/\347\224\237\344\272\247\345\276\252\347\216\257\347\216\257\345\270\246.json"], 0x7ffd72465138 /* 135 vars */) = -1 ENOENT (No such file or directory)
1428410 execve("/usr/bin/sha256sum", ["sha256sum", "--", "/tmp/kernel-audit2-v3r63b5w/\346\261\202\350\247\243\345\231\250/\346\225\260\346\215\256/\346\240\267\344\276\213/\347\224\237\344\272\247\345\276\252\347\216\257\347\216\257\345\270\246.json"], 0x7ffd72465138 /* 135 vars */) = 0
1428410 openat(AT_FDCWD</tmp/kernel-audit2-v3r63b5w/\346\261\202\350\247\243\345\231\250>, "/etc/ld.so.cache", O_RDONLY|O_CLOEXEC) = 3</etc/ld.so.cache>
1428410 openat(AT_FDCWD</tmp/kernel-audit2-v3r63b5w/\346\261\202\350\247\243\345\231\250>, "/usr/lib/libcrypto.so.3", O_RDONLY|O_CLOEXEC) = 3</usr/lib/libcrypto.so.3>
1428410 openat(AT_FDCWD</tmp/kernel-audit2-v3r63b5w/\346\261\202\350\247\243\345\231\250>, "/usr/lib/libc.so.6", O_RDONLY|O_CLOEXEC) = 3</usr/lib/libc.so.6>
1428410 openat(AT_FDCWD</tmp/kernel-audit2-v3r63b5w/\346\261\202\350\247\243\345\231\250>, "/usr/lib/libz.so.1", O_RDONLY|O_CLOEXEC) = 3</usr/lib/libz.so.1.3.1.zlib-ng>
1428410 openat(AT_FDCWD</tmp/kernel-audit2-v3r63b5w/\346\261\202\350\247\243\345\231\250>, "/usr/lib/libbrotlienc.so.1", O_RDONLY|O_CLOEXEC) = 3</usr/lib/libbrotlienc.so.1.2.0>
1428410 openat(AT_FDCWD</tmp/kernel-audit2-v3r63b5w/\346\261\202\350\247\243\345\231\250>, "/usr/lib/libbrotlidec.so.1", O_RDONLY|O_CLOEXEC) = 3</usr/lib/libbrotlidec.so.1.2.0>
1428410 openat(AT_FDCWD</tmp/kernel-audit2-v3r63b5w/\346\261\202\350\247\243\345\231\250>, "/usr/lib/libzstd.so.1", O_RDONLY|O_CLOEXEC) = 3</usr/lib/libzstd.so.1.5.7>
1428410 openat(AT_FDCWD</tmp/kernel-audit2-v3r63b5w/\346\261\202\350\247\243\345\231\250>, "/usr/lib/libm.so.6", O_RDONLY|O_CLOEXEC) = 3</usr/lib/libm.so.6>
1428410 openat(AT_FDCWD</tmp/kernel-audit2-v3r63b5w/\346\261\202\350\247\243\345\231\250>, "/usr/lib/libbrotlicommon.so.1", O_RDONLY|O_CLOEXEC) = 3</usr/lib/libbrotlicommon.so.1.2.0>
1428410 openat(AT_FDCWD</tmp/kernel-audit2-v3r63b5w/\346\261\202\350\247\243\345\231\250>, "/usr/lib/locale/locale-archive", O_RDONLY|O_CLOEXEC) = 3</usr/lib/locale/locale-archive>
1428410 openat(AT_FDCWD</tmp/kernel-audit2-v3r63b5w/\346\261\202\350\247\243\345\231\250>, "/usr/share/locale/locale.alias", O_RDONLY|O_CLOEXEC) = 3</usr/share/locale/locale.alias>
1428410 openat(AT_FDCWD</tmp/kernel-audit2-v3r63b5w/\346\261\202\350\247\243\345\231\250>, "/usr/lib/locale/C.UTF-8/LC_IDENTIFICATION", O_RDONLY|O_CLOEXEC) = -1 ENOENT (No such file or directory)
1428410 openat(AT_FDCWD</tmp/kernel-audit2-v3r63b5w/\346\261\202\350\247\243\345\231\250>, "/usr/lib/locale/C.utf8/LC_IDENTIFICATION", O_RDONLY|O_CLOEXEC) = 3</usr/lib/locale/C.utf8/LC_IDENTIFICATION>
1428410 openat(AT_FDCWD</tmp/kernel-audit2-v3r63b5w/\346\261\202\350\247\243\345\231\250>, "/usr/lib/gconv/gconv-modules.cache", O_RDONLY|O_CLOEXEC) = 3</usr/lib/gconv/gconv-modules.cache>
1428410 openat(AT_FDCWD</tmp/kernel-audit2-v3r63b5w/\346\261\202\350\247\243\345\231\250>, "/usr/lib/locale/C.UTF-8/LC_MEASUREMENT", O_RDONLY|O_CLOEXEC) = -1 ENOENT (No such file or directory)
1428410 openat(AT_FDCWD</tmp/kernel-audit2-v3r63b5w/\346\261\202\350\247\243\345\231\250>, "/usr/lib/locale/C.utf8/LC_MEASUREMENT", O_RDONLY|O_CLOEXEC) = 3</usr/lib/locale/C.utf8/LC_MEASUREMENT>
1428410 openat(AT_FDCWD</tmp/kernel-audit2-v3r63b5w/\346\261\202\350\247\243\345\231\250>, "/usr/lib/locale/C.UTF-8/LC_TELEPHONE", O_RDONLY|O_CLOEXEC) = -1 ENOENT (No such file or directory)
1428410 openat(AT_FDCWD</tmp/kernel-audit2-v3r63b5w/\346\261\202\350\247\243\345\231\250>, "/usr/lib/locale/C.utf8/LC_TELEPHONE", O_RDONLY|O_CLOEXEC) = 3</usr/lib/locale/C.utf8/LC_TELEPHONE>
1428410 openat(AT_FDCWD</tmp/kernel-audit2-v3r63b5w/\346\261\202\350\247\243\345\231\250>, "/usr/lib/locale/C.UTF-8/LC_ADDRESS", O_RDONLY|O_CLOEXEC) = -1 ENOENT (No such file or directory)
1428410 openat(AT_FDCWD</tmp/kernel-audit2-v3r63b5w/\346\261\202\350\247\243\345\231\250>, "/usr/lib/locale/C.utf8/LC_ADDRESS", O_RDONLY|O_CLOEXEC) = 3</usr/lib/locale/C.utf8/LC_ADDRESS>
1428410 openat(AT_FDCWD</tmp/kernel-audit2-v3r63b5w/\346\261\202\350\247\243\345\231\250>, "/usr/lib/locale/C.UTF-8/LC_NAME", O_RDONLY|O_CLOEXEC) = -1 ENOENT (No such file or directory)
1428410 openat(AT_FDCWD</tmp/kernel-audit2-v3r63b5w/\346\261\202\350\247\243\345\231\250>, "/usr/lib/locale/C.utf8/LC_NAME", O_RDONLY|O_CLOEXEC) = 3</usr/lib/locale/C.utf8/LC_NAME>
1428410 openat(AT_FDCWD</tmp/kernel-audit2-v3r63b5w/\346\261\202\350\247\243\345\231\250>, "/usr/lib/locale/C.UTF-8/LC_PAPER", O_RDONLY|O_CLOEXEC) = -1 ENOENT (No such file or directory)
1428410 openat(AT_FDCWD</tmp/kernel-audit2-v3r63b5w/\346\261\202\350\247\243\345\231\250>, "/usr/lib/locale/C.utf8/LC_PAPER", O_RDONLY|O_CLOEXEC) = 3</usr/lib/locale/C.utf8/LC_PAPER>
1428410 openat(AT_FDCWD</tmp/kernel-audit2-v3r63b5w/\346\261\202\350\247\243\345\231\250>, "/usr/lib/locale/C.UTF-8/LC_MESSAGES", O_RDONLY|O_CLOEXEC) = -1 ENOENT (No such file or directory)
1428410 openat(AT_FDCWD</tmp/kernel-audit2-v3r63b5w/\346\261\202\350\247\243\345\231\250>, "/usr/lib/locale/C.utf8/LC_MESSAGES", O_RDONLY|O_CLOEXEC) = 3</usr/lib/locale/C.utf8/LC_MESSAGES>
1428410 openat(AT_FDCWD</tmp/kernel-audit2-v3r63b5w/\346\261\202\350\247\243\345\231\250>, "/usr/lib/locale/C.utf8/LC_MESSAGES/SYS_LC_MESSAGES", O_RDONLY|O_CLOEXEC) = 3</usr/lib/locale/C.utf8/LC_MESSAGES/SYS_LC_MESSAGES>
1428410 openat(AT_FDCWD</tmp/kernel-audit2-v3r63b5w/\346\261\202\350\247\243\345\231\250>, "/usr/lib/locale/C.UTF-8/LC_MONETARY", O_RDONLY|O_CLOEXEC) = -1 ENOENT (No such file or directory)
1428410 openat(AT_FDCWD</tmp/kernel-audit2-v3r63b5w/\346\261\202\350\247\243\345\231\250>, "/usr/lib/locale/C.utf8/LC_MONETARY", O_RDONLY|O_CLOEXEC) = 3</usr/lib/locale/C.utf8/LC_MONETARY>
1428410 openat(AT_FDCWD</tmp/kernel-audit2-v3r63b5w/\346\261\202\350\247\243\345\231\250>, "/usr/lib/locale/C.UTF-8/LC_COLLATE", O_RDONLY|O_CLOEXEC) = -1 ENOENT (No such file or directory)
1428410 openat(AT_FDCWD</tmp/kernel-audit2-v3r63b5w/\346\261\202\350\247\243\345\231\250>, "/usr/lib/locale/C.utf8/LC_COLLATE", O_RDONLY|O_CLOEXEC) = 3</usr/lib/locale/C.utf8/LC_COLLATE>
1428410 openat(AT_FDCWD</tmp/kernel-audit2-v3r63b5w/\346\261\202\350\247\243\345\231\250>, "/usr/lib/locale/C.UTF-8/LC_TIME", O_RDONLY|O_CLOEXEC) = -1 ENOENT (No such file or directory)
1428410 openat(AT_FDCWD</tmp/kernel-audit2-v3r63b5w/\346\261\202\350\247\243\345\231\250>, "/usr/lib/locale/C.utf8/LC_TIME", O_RDONLY|O_CLOEXEC) = 3</usr/lib/locale/C.utf8/LC_TIME>
1428410 openat(AT_FDCWD</tmp/kernel-audit2-v3r63b5w/\346\261\202\350\247\243\345\231\250>, "/usr/lib/locale/C.UTF-8/LC_NUMERIC", O_RDONLY|O_CLOEXEC) = -1 ENOENT (No such file or directory)
1428410 openat(AT_FDCWD</tmp/kernel-audit2-v3r63b5w/\346\261\202\350\247\243\345\231\250>, "/usr/lib/locale/C.utf8/LC_NUMERIC", O_RDONLY|O_CLOEXEC) = 3</usr/lib/locale/C.utf8/LC_NUMERIC>
1428410 openat(AT_FDCWD</tmp/kernel-audit2-v3r63b5w/\346\261\202\350\247\243\345\231\250>, "/usr/lib/locale/C.UTF-8/LC_CTYPE", O_RDONLY|O_CLOEXEC) = -1 ENOENT (No such file or directory)
1428410 openat(AT_FDCWD</tmp/kernel-audit2-v3r63b5w/\346\261\202\350\247\243\345\231\250>, "/usr/lib/locale/C.utf8/LC_CTYPE", O_RDONLY|O_CLOEXEC) = 3</usr/lib/locale/C.utf8/LC_CTYPE>
1428410 openat(AT_FDCWD</tmp/kernel-audit2-v3r63b5w/\346\261\202\350\247\243\345\231\250>, "/tmp/kernel-audit2-v3r63b5w/\346\261\202\350\247\243\345\231\250/\346\225\260\346\215\256/\346\240\267\344\276\213/\347\224\237\344\272\247\345\276\252\347\216\257\347\216\257\345\270\246.json", O_RDONLY) = 3</tmp/kernel-audit2-v3r63b5w/\346\261\202\350\247\243\345\231\250/\346\225\260\346\215\256/\346\240\267\344\276\213/\347\224\237\344\272\247\345\276\252\347\216\257\347\216\257\345\270\246.json>
1428364 --- SIGCHLD {si_signo=SIGCHLD, si_code=CLD_EXITED, si_pid=1428410, si_uid=1000, si_status=0, si_utime=0, si_stime=0} ---
1428364 openat(AT_FDCWD</tmp/kernel-audit2-v3r63b5w/\346\261\202\350\247\243\345\231\250>, "/dev/null", O_RDONLY|O_CLOEXEC) = 3</dev/null<char 1:3>>
1428411 execve("/home/zhuran24/.codex/tmp/arg0/codex-arg0DuAZRy/sha256sum", ["sha256sum", "--", "/tmp/kernel-audit2-v3r63b5w/\346\261\202\350\247\243\345\231\250/\346\225\260\346\215\256/\346\240\267\344\276\213/\347\224\237\344\272\247\345\276\252\347\216\257\347\216\257\345\270\246.json"], 0x7ffd72465138 /* 135 vars */) = -1 ENOENT (No such file or directory)
1428411 execve("/home/zhuran24/.cargo/bin/sha256sum", ["sha256sum", "--", "/tmp/kernel-audit2-v3r63b5w/\346\261\202\350\247\243\345\231\250/\346\225\260\346\215\256/\346\240\267\344\276\213/\347\224\237\344\272\247\345\276\252\347\216\257\347\216\257\345\270\246.json"], 0x7ffd72465138 /* 135 vars */) = -1 ENOENT (No such file or directory)
1428411 execve("/home/zhuran24/.local/bin/sha256sum", ["sha256sum", "--", "/tmp/kernel-audit2-v3r63b5w/\346\261\202\350\247\243\345\231\250/\346\225\260\346\215\256/\346\240\267\344\276\213/\347\224\237\344\272\247\345\276\252\347\216\257\347\216\257\345\270\246.json"], 0x7ffd72465138 /* 135 vars */) = -1 ENOENT (No such file or directory)
1428411 execve("/home/zhuran24/.opencode/bin/sha256sum", ["sha256sum", "--", "/tmp/kernel-audit2-v3r63b5w/\346\261\202\350\247\243\345\231\250/\346\225\260\346\215\256/\346\240\267\344\276\213/\347\224\237\344\272\247\345\276\252\347\216\257\347\216\257\345\270\246.json"], 0x7ffd72465138 /* 135 vars */) = -1 ENOENT (No such file or directory)
1428411 execve("/usr/local/bin/sha256sum", ["sha256sum", "--", "/tmp/kernel-audit2-v3r63b5w/\346\261\202\350\247\243\345\231\250/\346\225\260\346\215\256/\346\240\267\344\276\213/\347\224\237\344\272\247\345\276\252\347\216\257\347\216\257\345\270\246.json"], 0x7ffd72465138 /* 135 vars */) = -1 ENOENT (No such file or directory)
1428411 execve("/usr/bin/sha256sum", ["sha256sum", "--", "/tmp/kernel-audit2-v3r63b5w/\346\261\202\350\247\243\345\231\250/\346\225\260\346\215\256/\346\240\267\344\276\213/\347\224\237\344\272\247\345\276\252\347\216\257\347\216\257\345\270\246.json"], 0x7ffd72465138 /* 135 vars */) = 0
1428411 openat(AT_FDCWD</tmp/kernel-audit2-v3r63b5w/\346\261\202\350\247\243\345\231\250>, "/etc/ld.so.cache", O_RDONLY|O_CLOEXEC) = 3</etc/ld.so.cache>
1428411 openat(AT_FDCWD</tmp/kernel-audit2-v3r63b5w/\346\261\202\350\247\243\345\231\250>, "/usr/lib/libcrypto.so.3", O_RDONLY|O_CLOEXEC) = 3</usr/lib/libcrypto.so.3>
1428411 openat(AT_FDCWD</tmp/kernel-audit2-v3r63b5w/\346\261\202\350\247\243\345\231\250>, "/usr/lib/libc.so.6", O_RDONLY|O_CLOEXEC) = 3</usr/lib/libc.so.6>
1428411 openat(AT_FDCWD</tmp/kernel-audit2-v3r63b5w/\346\261\202\350\247\243\345\231\250>, "/usr/lib/libz.so.1", O_RDONLY|O_CLOEXEC) = 3</usr/lib/libz.so.1.3.1.zlib-ng>
1428411 openat(AT_FDCWD</tmp/kernel-audit2-v3r63b5w/\346\261\202\350\247\243\345\231\250>, "/usr/lib/libbrotlienc.so.1", O_RDONLY|O_CLOEXEC) = 3</usr/lib/libbrotlienc.so.1.2.0>
1428411 openat(AT_FDCWD</tmp/kernel-audit2-v3r63b5w/\346\261\202\350\247\243\345\231\250>, "/usr/lib/libbrotlidec.so.1", O_RDONLY|O_CLOEXEC) = 3</usr/lib/libbrotlidec.so.1.2.0>
1428411 openat(AT_FDCWD</tmp/kernel-audit2-v3r63b5w/\346\261\202\350\247\243\345\231\250>, "/usr/lib/libzstd.so.1", O_RDONLY|O_CLOEXEC) = 3</usr/lib/libzstd.so.1.5.7>
1428411 openat(AT_FDCWD</tmp/kernel-audit2-v3r63b5w/\346\261\202\350\247\243\345\231\250>, "/usr/lib/libm.so.6", O_RDONLY|O_CLOEXEC) = 3</usr/lib/libm.so.6>
1428411 openat(AT_FDCWD</tmp/kernel-audit2-v3r63b5w/\346\261\202\350\247\243\345\231\250>, "/usr/lib/libbrotlicommon.so.1", O_RDONLY|O_CLOEXEC) = 3</usr/lib/libbrotlicommon.so.1.2.0>
1428411 openat(AT_FDCWD</tmp/kernel-audit2-v3r63b5w/\346\261\202\350\247\243\345\231\250>, "/usr/lib/locale/locale-archive", O_RDONLY|O_CLOEXEC) = 3</usr/lib/locale/locale-archive>
1428411 openat(AT_FDCWD</tmp/kernel-audit2-v3r63b5w/\346\261\202\350\247\243\345\231\250>, "/usr/share/locale/locale.alias", O_RDONLY|O_CLOEXEC) = 3</usr/share/locale/locale.alias>
1428411 openat(AT_FDCWD</tmp/kernel-audit2-v3r63b5w/\346\261\202\350\247\243\345\231\250>, "/usr/lib/locale/C.UTF-8/LC_IDENTIFICATION", O_RDONLY|O_CLOEXEC) = -1 ENOENT (No such file or directory)
1428411 openat(AT_FDCWD</tmp/kernel-audit2-v3r63b5w/\346\261\202\350\247\243\345\231\250>, "/usr/lib/locale/C.utf8/LC_IDENTIFICATION", O_RDONLY|O_CLOEXEC) = 3</usr/lib/locale/C.utf8/LC_IDENTIFICATION>
1428411 openat(AT_FDCWD</tmp/kernel-audit2-v3r63b5w/\346\261\202\350\247\243\345\231\250>, "/usr/lib/gconv/gconv-modules.cache", O_RDONLY|O_CLOEXEC) = 3</usr/lib/gconv/gconv-modules.cache>
1428411 openat(AT_FDCWD</tmp/kernel-audit2-v3r63b5w/\346\261\202\350\247\243\345\231\250>, "/usr/lib/locale/C.UTF-8/LC_MEASUREMENT", O_RDONLY|O_CLOEXEC) = -1 ENOENT (No such file or directory)
1428411 openat(AT_FDCWD</tmp/kernel-audit2-v3r63b5w/\346\261\202\350\247\243\345\231\250>, "/usr/lib/locale/C.utf8/LC_MEASUREMENT", O_RDONLY|O_CLOEXEC) = 3</usr/lib/locale/C.utf8/LC_MEASUREMENT>
1428411 openat(AT_FDCWD</tmp/kernel-audit2-v3r63b5w/\346\261\202\350\247\243\345\231\250>, "/usr/lib/locale/C.UTF-8/LC_TELEPHONE", O_RDONLY|O_CLOEXEC) = -1 ENOENT (No such file or directory)
1428411 openat(AT_FDCWD</tmp/kernel-audit2-v3r63b5w/\346\261\202\350\247\243\345\231\250>, "/usr/lib/locale/C.utf8/LC_TELEPHONE", O_RDONLY|O_CLOEXEC) = 3</usr/lib/locale/C.utf8/LC_TELEPHONE>
1428411 openat(AT_FDCWD</tmp/kernel-audit2-v3r63b5w/\346\261\202\350\247\243\345\231\250>, "/usr/lib/locale/C.UTF-8/LC_ADDRESS", O_RDONLY|O_CLOEXEC) = -1 ENOENT (No such file or directory)
1428411 openat(AT_FDCWD</tmp/kernel-audit2-v3r63b5w/\346\261\202\350\247\243\345\231\250>, "/usr/lib/locale/C.utf8/LC_ADDRESS", O_RDONLY|O_CLOEXEC) = 3</usr/lib/locale/C.utf8/LC_ADDRESS>
1428411 openat(AT_FDCWD</tmp/kernel-audit2-v3r63b5w/\346\261\202\350\247\243\345\231\250>, "/usr/lib/locale/C.UTF-8/LC_NAME", O_RDONLY|O_CLOEXEC) = -1 ENOENT (No such file or directory)
1428411 openat(AT_FDCWD</tmp/kernel-audit2-v3r63b5w/\346\261\202\350\247\243\345\231\250>, "/usr/lib/locale/C.utf8/LC_NAME", O_RDONLY|O_CLOEXEC) = 3</usr/lib/locale/C.utf8/LC_NAME>
1428411 openat(AT_FDCWD</tmp/kernel-audit2-v3r63b5w/\346\261\202\350\247\243\345\231\250>, "/usr/lib/locale/C.UTF-8/LC_PAPER", O_RDONLY|O_CLOEXEC) = -1 ENOENT (No such file or directory)
1428411 openat(AT_FDCWD</tmp/kernel-audit2-v3r63b5w/\346\261\202\350\247\243\345\231\250>, "/usr/lib/locale/C.utf8/LC_PAPER", O_RDONLY|O_CLOEXEC) = 3</usr/lib/locale/C.utf8/LC_PAPER>
1428411 openat(AT_FDCWD</tmp/kernel-audit2-v3r63b5w/\346\261\202\350\247\243\345\231\250>, "/usr/lib/locale/C.UTF-8/LC_MESSAGES", O_RDONLY|O_CLOEXEC) = -1 ENOENT (No such file or directory)
1428411 openat(AT_FDCWD</tmp/kernel-audit2-v3r63b5w/\346\261\202\350\247\243\345\231\250>, "/usr/lib/locale/C.utf8/LC_MESSAGES", O_RDONLY|O_CLOEXEC) = 3</usr/lib/locale/C.utf8/LC_MESSAGES>
1428411 openat(AT_FDCWD</tmp/kernel-audit2-v3r63b5w/\346\261\202\350\247\243\345\231\250>, "/usr/lib/locale/C.utf8/LC_MESSAGES/SYS_LC_MESSAGES", O_RDONLY|O_CLOEXEC) = 3</usr/lib/locale/C.utf8/LC_MESSAGES/SYS_LC_MESSAGES>
1428411 openat(AT_FDCWD</tmp/kernel-audit2-v3r63b5w/\346\261\202\350\247\243\345\231\250>, "/usr/lib/locale/C.UTF-8/LC_MONETARY", O_RDONLY|O_CLOEXEC) = -1 ENOENT (No such file or directory)
1428411 openat(AT_FDCWD</tmp/kernel-audit2-v3r63b5w/\346\261\202\350\247\243\345\231\250>, "/usr/lib/locale/C.utf8/LC_MONETARY", O_RDONLY|O_CLOEXEC) = 3</usr/lib/locale/C.utf8/LC_MONETARY>
1428411 openat(AT_FDCWD</tmp/kernel-audit2-v3r63b5w/\346\261\202\350\247\243\345\231\250>, "/usr/lib/locale/C.UTF-8/LC_COLLATE", O_RDONLY|O_CLOEXEC) = -1 ENOENT (No such file or directory)
1428411 openat(AT_FDCWD</tmp/kernel-audit2-v3r63b5w/\346\261\202\350\247\243\345\231\250>, "/usr/lib/locale/C.utf8/LC_COLLATE", O_RDONLY|O_CLOEXEC) = 3</usr/lib/locale/C.utf8/LC_COLLATE>
1428411 openat(AT_FDCWD</tmp/kernel-audit2-v3r63b5w/\346\261\202\350\247\243\345\231\250>, "/usr/lib/locale/C.UTF-8/LC_TIME", O_RDONLY|O_CLOEXEC) = -1 ENOENT (No such file or directory)
1428411 openat(AT_FDCWD</tmp/kernel-audit2-v3r63b5w/\346\261\202\350\247\243\345\231\250>, "/usr/lib/locale/C.utf8/LC_TIME", O_RDONLY|O_CLOEXEC) = 3</usr/lib/locale/C.utf8/LC_TIME>
1428411 openat(AT_FDCWD</tmp/kernel-audit2-v3r63b5w/\346\261\202\350\247\243\345\231\250>, "/usr/lib/locale/C.UTF-8/LC_NUMERIC", O_RDONLY|O_CLOEXEC) = -1 ENOENT (No such file or directory)
1428411 openat(AT_FDCWD</tmp/kernel-audit2-v3r63b5w/\346\261\202\350\247\243\345\231\250>, "/usr/lib/locale/C.utf8/LC_NUMERIC", O_RDONLY|O_CLOEXEC) = 3</usr/lib/locale/C.utf8/LC_NUMERIC>
1428411 openat(AT_FDCWD</tmp/kernel-audit2-v3r63b5w/\346\261\202\350\247\243\345\231\250>, "/usr/lib/locale/C.UTF-8/LC_CTYPE", O_RDONLY|O_CLOEXEC) = -1 ENOENT (No such file or directory)
1428411 openat(AT_FDCWD</tmp/kernel-audit2-v3r63b5w/\346\261\202\350\247\243\345\231\250>, "/usr/lib/locale/C.utf8/LC_CTYPE", O_RDONLY|O_CLOEXEC) = 3</usr/lib/locale/C.utf8/LC_CTYPE>
1428411 openat(AT_FDCWD</tmp/kernel-audit2-v3r63b5w/\346\261\202\350\247\243\345\231\250>, "/tmp/kernel-audit2-v3r63b5w/\346\261\202\350\247\243\345\231\250/\346\225\260\346\215\256/\346\240\267\344\276\213/\347\224\237\344\272\247\345\276\252\347\216\257\347\216\257\345\270\246.json", O_RDONLY) = 3</tmp/kernel-audit2-v3r63b5w/\346\261\202\350\247\243\345\231\250/\346\225\260\346\215\256/\346\240\267\344\276\213/\347\224\237\344\272\247\345\276\252\347\216\257\347\216\257\345\270\246.json>
1428364 --- SIGCHLD {si_signo=SIGCHLD, si_code=CLD_EXITED, si_pid=1428411, si_uid=1000, si_status=0, si_utime=0, si_stime=0} ---
1428364 openat(AT_FDCWD</tmp/kernel-audit2-v3r63b5w/\346\261\202\350\247\243\345\231\250>, "/dev/null", O_RDONLY|O_CLOEXEC) = 3</dev/null<char 1:3>>
1428412 execve("/home/zhuran24/.codex/tmp/arg0/codex-arg0DuAZRy/sha256sum", ["sha256sum", "--", "/tmp/kernel-audit2-v3r63b5w/\346\261\202\350\247\243\345\231\250/\350\247\204\346\240\274/\345\206\205\346\240\270\351\205\215\347\275\256-v1.json"], 0x7ffd72465138 /* 135 vars */) = -1 ENOENT (No such file or directory)
1428412 execve("/home/zhuran24/.cargo/bin/sha256sum", ["sha256sum", "--", "/tmp/kernel-audit2-v3r63b5w/\346\261\202\350\247\243\345\231\250/\350\247\204\346\240\274/\345\206\205\346\240\270\351\205\215\347\275\256-v1.json"], 0x7ffd72465138 /* 135 vars */) = -1 ENOENT (No such file or directory)
1428412 execve("/home/zhuran24/.local/bin/sha256sum", ["sha256sum", "--", "/tmp/kernel-audit2-v3r63b5w/\346\261\202\350\247\243\345\231\250/\350\247\204\346\240\274/\345\206\205\346\240\270\351\205\215\347\275\256-v1.json"], 0x7ffd72465138 /* 135 vars */) = -1 ENOENT (No such file or directory)
1428412 execve("/home/zhuran24/.opencode/bin/sha256sum", ["sha256sum", "--", "/tmp/kernel-audit2-v3r63b5w/\346\261\202\350\247\243\345\231\250/\350\247\204\346\240\274/\345\206\205\346\240\270\351\205\215\347\275\256-v1.json"], 0x7ffd72465138 /* 135 vars */) = -1 ENOENT (No such file or directory)
1428412 execve("/usr/local/bin/sha256sum", ["sha256sum", "--", "/tmp/kernel-audit2-v3r63b5w/\346\261\202\350\247\243\345\231\250/\350\247\204\346\240\274/\345\206\205\346\240\270\351\205\215\347\275\256-v1.json"], 0x7ffd72465138 /* 135 vars */) = -1 ENOENT (No such file or directory)
1428412 execve("/usr/bin/sha256sum", ["sha256sum", "--", "/tmp/kernel-audit2-v3r63b5w/\346\261\202\350\247\243\345\231\250/\350\247\204\346\240\274/\345\206\205\346\240\270\351\205\215\347\275\256-v1.json"], 0x7ffd72465138 /* 135 vars */) = 0
1428412 openat(AT_FDCWD</tmp/kernel-audit2-v3r63b5w/\346\261\202\350\247\243\345\231\250>, "/etc/ld.so.cache", O_RDONLY|O_CLOEXEC) = 3</etc/ld.so.cache>
1428412 openat(AT_FDCWD</tmp/kernel-audit2-v3r63b5w/\346\261\202\350\247\243\345\231\250>, "/usr/lib/libcrypto.so.3", O_RDONLY|O_CLOEXEC) = 3</usr/lib/libcrypto.so.3>
1428412 openat(AT_FDCWD</tmp/kernel-audit2-v3r63b5w/\346\261\202\350\247\243\345\231\250>, "/usr/lib/libc.so.6", O_RDONLY|O_CLOEXEC) = 3</usr/lib/libc.so.6>
1428412 openat(AT_FDCWD</tmp/kernel-audit2-v3r63b5w/\346\261\202\350\247\243\345\231\250>, "/usr/lib/libz.so.1", O_RDONLY|O_CLOEXEC) = 3</usr/lib/libz.so.1.3.1.zlib-ng>
1428412 openat(AT_FDCWD</tmp/kernel-audit2-v3r63b5w/\346\261\202\350\247\243\345\231\250>, "/usr/lib/libbrotlienc.so.1", O_RDONLY|O_CLOEXEC) = 3</usr/lib/libbrotlienc.so.1.2.0>
1428412 openat(AT_FDCWD</tmp/kernel-audit2-v3r63b5w/\346\261\202\350\247\243\345\231\250>, "/usr/lib/libbrotlidec.so.1", O_RDONLY|O_CLOEXEC) = 3</usr/lib/libbrotlidec.so.1.2.0>
1428412 openat(AT_FDCWD</tmp/kernel-audit2-v3r63b5w/\346\261\202\350\247\243\345\231\250>, "/usr/lib/libzstd.so.1", O_RDONLY|O_CLOEXEC) = 3</usr/lib/libzstd.so.1.5.7>
1428412 openat(AT_FDCWD</tmp/kernel-audit2-v3r63b5w/\346\261\202\350\247\243\345\231\250>, "/usr/lib/libm.so.6", O_RDONLY|O_CLOEXEC) = 3</usr/lib/libm.so.6>
1428412 openat(AT_FDCWD</tmp/kernel-audit2-v3r63b5w/\346\261\202\350\247\243\345\231\250>, "/usr/lib/libbrotlicommon.so.1", O_RDONLY|O_CLOEXEC) = 3</usr/lib/libbrotlicommon.so.1.2.0>
1428412 openat(AT_FDCWD</tmp/kernel-audit2-v3r63b5w/\346\261\202\350\247\243\345\231\250>, "/usr/lib/locale/locale-archive", O_RDONLY|O_CLOEXEC) = 3</usr/lib/locale/locale-archive>
1428412 openat(AT_FDCWD</tmp/kernel-audit2-v3r63b5w/\346\261\202\350\247\243\345\231\250>, "/usr/share/locale/locale.alias", O_RDONLY|O_CLOEXEC) = 3</usr/share/locale/locale.alias>
1428412 openat(AT_FDCWD</tmp/kernel-audit2-v3r63b5w/\346\261\202\350\247\243\345\231\250>, "/usr/lib/locale/C.UTF-8/LC_IDENTIFICATION", O_RDONLY|O_CLOEXEC) = -1 ENOENT (No such file or directory)
1428412 openat(AT_FDCWD</tmp/kernel-audit2-v3r63b5w/\346\261\202\350\247\243\345\231\250>, "/usr/lib/locale/C.utf8/LC_IDENTIFICATION", O_RDONLY|O_CLOEXEC) = 3</usr/lib/locale/C.utf8/LC_IDENTIFICATION>
1428412 openat(AT_FDCWD</tmp/kernel-audit2-v3r63b5w/\346\261\202\350\247\243\345\231\250>, "/usr/lib/gconv/gconv-modules.cache", O_RDONLY|O_CLOEXEC) = 3</usr/lib/gconv/gconv-modules.cache>
1428412 openat(AT_FDCWD</tmp/kernel-audit2-v3r63b5w/\346\261\202\350\247\243\345\231\250>, "/usr/lib/locale/C.UTF-8/LC_MEASUREMENT", O_RDONLY|O_CLOEXEC) = -1 ENOENT (No such file or directory)
1428412 openat(AT_FDCWD</tmp/kernel-audit2-v3r63b5w/\346\261\202\350\247\243\345\231\250>, "/usr/lib/locale/C.utf8/LC_MEASUREMENT", O_RDONLY|O_CLOEXEC) = 3</usr/lib/locale/C.utf8/LC_MEASUREMENT>
1428412 openat(AT_FDCWD</tmp/kernel-audit2-v3r63b5w/\346\261\202\350\247\243\345\231\250>, "/usr/lib/locale/C.UTF-8/LC_TELEPHONE", O_RDONLY|O_CLOEXEC) = -1 ENOENT (No such file or directory)
1428412 openat(AT_FDCWD</tmp/kernel-audit2-v3r63b5w/\346\261\202\350\247\243\345\231\250>, "/usr/lib/locale/C.utf8/LC_TELEPHONE", O_RDONLY|O_CLOEXEC) = 3</usr/lib/locale/C.utf8/LC_TELEPHONE>
1428412 openat(AT_FDCWD</tmp/kernel-audit2-v3r63b5w/\346\261\202\350\247\243\345\231\250>, "/usr/lib/locale/C.UTF-8/LC_ADDRESS", O_RDONLY|O_CLOEXEC) = -1 ENOENT (No such file or directory)
1428412 openat(AT_FDCWD</tmp/kernel-audit2-v3r63b5w/\346\261\202\350\247\243\345\231\250>, "/usr/lib/locale/C.utf8/LC_ADDRESS", O_RDONLY|O_CLOEXEC) = 3</usr/lib/locale/C.utf8/LC_ADDRESS>
1428412 openat(AT_FDCWD</tmp/kernel-audit2-v3r63b5w/\346\261\202\350\247\243\345\231\250>, "/usr/lib/locale/C.UTF-8/LC_NAME", O_RDONLY|O_CLOEXEC) = -1 ENOENT (No such file or directory)
1428412 openat(AT_FDCWD</tmp/kernel-audit2-v3r63b5w/\346\261\202\350\247\243\345\231\250>, "/usr/lib/locale/C.utf8/LC_NAME", O_RDONLY|O_CLOEXEC) = 3</usr/lib/locale/C.utf8/LC_NAME>
1428412 openat(AT_FDCWD</tmp/kernel-audit2-v3r63b5w/\346\261\202\350\247\243\345\231\250>, "/usr/lib/locale/C.UTF-8/LC_PAPER", O_RDONLY|O_CLOEXEC) = -1 ENOENT (No such file or directory)
1428412 openat(AT_FDCWD</tmp/kernel-audit2-v3r63b5w/\346\261\202\350\247\243\345\231\250>, "/usr/lib/locale/C.utf8/LC_PAPER", O_RDONLY|O_CLOEXEC) = 3</usr/lib/locale/C.utf8/LC_PAPER>
1428412 openat(AT_FDCWD</tmp/kernel-audit2-v3r63b5w/\346\261\202\350\247\243\345\231\250>, "/usr/lib/locale/C.UTF-8/LC_MESSAGES", O_RDONLY|O_CLOEXEC) = -1 ENOENT (No such file or directory)
1428412 openat(AT_FDCWD</tmp/kernel-audit2-v3r63b5w/\346\261\202\350\247\243\345\231\250>, "/usr/lib/locale/C.utf8/LC_MESSAGES", O_RDONLY|O_CLOEXEC) = 3</usr/lib/locale/C.utf8/LC_MESSAGES>
1428412 openat(AT_FDCWD</tmp/kernel-audit2-v3r63b5w/\346\261\202\350\247\243\345\231\250>, "/usr/lib/locale/C.utf8/LC_MESSAGES/SYS_LC_MESSAGES", O_RDONLY|O_CLOEXEC) = 3</usr/lib/locale/C.utf8/LC_MESSAGES/SYS_LC_MESSAGES>
1428412 openat(AT_FDCWD</tmp/kernel-audit2-v3r63b5w/\346\261\202\350\247\243\345\231\250>, "/usr/lib/locale/C.UTF-8/LC_MONETARY", O_RDONLY|O_CLOEXEC) = -1 ENOENT (No such file or directory)
1428412 openat(AT_FDCWD</tmp/kernel-audit2-v3r63b5w/\346\261\202\350\247\243\345\231\250>, "/usr/lib/locale/C.utf8/LC_MONETARY", O_RDONLY|O_CLOEXEC) = 3</usr/lib/locale/C.utf8/LC_MONETARY>
1428412 openat(AT_FDCWD</tmp/kernel-audit2-v3r63b5w/\346\261\202\350\247\243\345\231\250>, "/usr/lib/locale/C.UTF-8/LC_COLLATE", O_RDONLY|O_CLOEXEC) = -1 ENOENT (No such file or directory)
1428412 openat(AT_FDCWD</tmp/kernel-audit2-v3r63b5w/\346\261\202\350\247\243\345\231\250>, "/usr/lib/locale/C.utf8/LC_COLLATE", O_RDONLY|O_CLOEXEC) = 3</usr/lib/locale/C.utf8/LC_COLLATE>
1428412 openat(AT_FDCWD</tmp/kernel-audit2-v3r63b5w/\346\261\202\350\247\243\345\231\250>, "/usr/lib/locale/C.UTF-8/LC_TIME", O_RDONLY|O_CLOEXEC) = -1 ENOENT (No such file or directory)
1428412 openat(AT_FDCWD</tmp/kernel-audit2-v3r63b5w/\346\261\202\350\247\243\345\231\250>, "/usr/lib/locale/C.utf8/LC_TIME", O_RDONLY|O_CLOEXEC) = 3</usr/lib/locale/C.utf8/LC_TIME>
1428412 openat(AT_FDCWD</tmp/kernel-audit2-v3r63b5w/\346\261\202\350\247\243\345\231\250>, "/usr/lib/locale/C.UTF-8/LC_NUMERIC", O_RDONLY|O_CLOEXEC) = -1 ENOENT (No such file or directory)
1428412 openat(AT_FDCWD</tmp/kernel-audit2-v3r63b5w/\346\261\202\350\247\243\345\231\250>, "/usr/lib/locale/C.utf8/LC_NUMERIC", O_RDONLY|O_CLOEXEC) = 3</usr/lib/locale/C.utf8/LC_NUMERIC>
1428412 openat(AT_FDCWD</tmp/kernel-audit2-v3r63b5w/\346\261\202\350\247\243\345\231\250>, "/usr/lib/locale/C.UTF-8/LC_CTYPE", O_RDONLY|O_CLOEXEC) = -1 ENOENT (No such file or directory)
1428412 openat(AT_FDCWD</tmp/kernel-audit2-v3r63b5w/\346\261\202\350\247\243\345\231\250>, "/usr/lib/locale/C.utf8/LC_CTYPE", O_RDONLY|O_CLOEXEC) = 3</usr/lib/locale/C.utf8/LC_CTYPE>
1428412 openat(AT_FDCWD</tmp/kernel-audit2-v3r63b5w/\346\261\202\350\247\243\345\231\250>, "/tmp/kernel-audit2-v3r63b5w/\346\261\202\350\247\243\345\231\250/\350\247\204\346\240\274/\345\206\205\346\240\270\351\205\215\347\275\256-v1.json", O_RDONLY) = 3</tmp/kernel-audit2-v3r63b5w/\346\261\202\350\247\243\345\231\250/\350\247\204\346\240\274/\345\206\205\346\240\270\351\205\215\347\275\256-v1.json>
1428364 --- SIGCHLD {si_signo=SIGCHLD, si_code=CLD_EXITED, si_pid=1428412, si_uid=1000, si_status=0, si_utime=0, si_stime=0} ---
1428364 openat(AT_FDCWD</tmp/kernel-audit2-v3r63b5w/\346\261\202\350\247\243\345\231\250>, "/dev/null", O_RDONLY|O_CLOEXEC) = 3</dev/null<char 1:3>>
1428413 execve("/home/zhuran24/.codex/tmp/arg0/codex-arg0DuAZRy/sha256sum", ["sha256sum", "--", "/tmp/kernel-audit2-v3r63b5w/\346\261\202\350\247\243\345\231\250/\346\225\260\346\215\256/\346\255\243\345\274\217\351\235\231\346\200\201\347\233\256\345\275\225.json"], 0x7ffd72465138 /* 135 vars */) = -1 ENOENT (No such file or directory)
1428413 execve("/home/zhuran24/.cargo/bin/sha256sum", ["sha256sum", "--", "/tmp/kernel-audit2-v3r63b5w/\346\261\202\350\247\243\345\231\250/\346\225\260\346\215\256/\346\255\243\345\274\217\351\235\231\346\200\201\347\233\256\345\275\225.json"], 0x7ffd72465138 /* 135 vars */) = -1 ENOENT (No such file or directory)
1428413 execve("/home/zhuran24/.local/bin/sha256sum", ["sha256sum", "--", "/tmp/kernel-audit2-v3r63b5w/\346\261\202\350\247\243\345\231\250/\346\225\260\346\215\256/\346\255\243\345\274\217\351\235\231\346\200\201\347\233\256\345\275\225.json"], 0x7ffd72465138 /* 135 vars */) = -1 ENOENT (No such file or directory)
1428413 execve("/home/zhuran24/.opencode/bin/sha256sum", ["sha256sum", "--", "/tmp/kernel-audit2-v3r63b5w/\346\261\202\350\247\243\345\231\250/\346\225\260\346\215\256/\346\255\243\345\274\217\351\235\231\346\200\201\347\233\256\345\275\225.json"], 0x7ffd72465138 /* 135 vars */) = -1 ENOENT (No such file or directory)
1428413 execve("/usr/local/bin/sha256sum", ["sha256sum", "--", "/tmp/kernel-audit2-v3r63b5w/\346\261\202\350\247\243\345\231\250/\346\225\260\346\215\256/\346\255\243\345\274\217\351\235\231\346\200\201\347\233\256\345\275\225.json"], 0x7ffd72465138 /* 135 vars */) = -1 ENOENT (No such file or directory)
1428413 execve("/usr/bin/sha256sum", ["sha256sum", "--", "/tmp/kernel-audit2-v3r63b5w/\346\261\202\350\247\243\345\231\250/\346\225\260\346\215\256/\346\255\243\345\274\217\351\235\231\346\200\201\347\233\256\345\275\225.json"], 0x7ffd72465138 /* 135 vars */) = 0
1428413 openat(AT_FDCWD</tmp/kernel-audit2-v3r63b5w/\346\261\202\350\247\243\345\231\250>, "/etc/ld.so.cache", O_RDONLY|O_CLOEXEC) = 3</etc/ld.so.cache>
1428413 openat(AT_FDCWD</tmp/kernel-audit2-v3r63b5w/\346\261\202\350\247\243\345\231\250>, "/usr/lib/libcrypto.so.3", O_RDONLY|O_CLOEXEC) = 3</usr/lib/libcrypto.so.3>
1428413 openat(AT_FDCWD</tmp/kernel-audit2-v3r63b5w/\346\261\202\350\247\243\345\231\250>, "/usr/lib/libc.so.6", O_RDONLY|O_CLOEXEC) = 3</usr/lib/libc.so.6>
1428413 openat(AT_FDCWD</tmp/kernel-audit2-v3r63b5w/\346\261\202\350\247\243\345\231\250>, "/usr/lib/libz.so.1", O_RDONLY|O_CLOEXEC) = 3</usr/lib/libz.so.1.3.1.zlib-ng>
1428413 openat(AT_FDCWD</tmp/kernel-audit2-v3r63b5w/\346\261\202\350\247\243\345\231\250>, "/usr/lib/libbrotlienc.so.1", O_RDONLY|O_CLOEXEC) = 3</usr/lib/libbrotlienc.so.1.2.0>
1428413 openat(AT_FDCWD</tmp/kernel-audit2-v3r63b5w/\346\261\202\350\247\243\345\231\250>, "/usr/lib/libbrotlidec.so.1", O_RDONLY|O_CLOEXEC) = 3</usr/lib/libbrotlidec.so.1.2.0>
1428413 openat(AT_FDCWD</tmp/kernel-audit2-v3r63b5w/\346\261\202\350\247\243\345\231\250>, "/usr/lib/libzstd.so.1", O_RDONLY|O_CLOEXEC) = 3</usr/lib/libzstd.so.1.5.7>
1428413 openat(AT_FDCWD</tmp/kernel-audit2-v3r63b5w/\346\261\202\350\247\243\345\231\250>, "/usr/lib/libm.so.6", O_RDONLY|O_CLOEXEC) = 3</usr/lib/libm.so.6>
1428413 openat(AT_FDCWD</tmp/kernel-audit2-v3r63b5w/\346\261\202\350\247\243\345\231\250>, "/usr/lib/libbrotlicommon.so.1", O_RDONLY|O_CLOEXEC) = 3</usr/lib/libbrotlicommon.so.1.2.0>
1428413 openat(AT_FDCWD</tmp/kernel-audit2-v3r63b5w/\346\261\202\350\247\243\345\231\250>, "/usr/lib/locale/locale-archive", O_RDONLY|O_CLOEXEC) = 3</usr/lib/locale/locale-archive>
1428413 openat(AT_FDCWD</tmp/kernel-audit2-v3r63b5w/\346\261\202\350\247\243\345\231\250>, "/usr/share/locale/locale.alias", O_RDONLY|O_CLOEXEC) = 3</usr/share/locale/locale.alias>
1428413 openat(AT_FDCWD</tmp/kernel-audit2-v3r63b5w/\346\261\202\350\247\243\345\231\250>, "/usr/lib/locale/C.UTF-8/LC_IDENTIFICATION", O_RDONLY|O_CLOEXEC) = -1 ENOENT (No such file or directory)
1428413 openat(AT_FDCWD</tmp/kernel-audit2-v3r63b5w/\346\261\202\350\247\243\345\231\250>, "/usr/lib/locale/C.utf8/LC_IDENTIFICATION", O_RDONLY|O_CLOEXEC) = 3</usr/lib/locale/C.utf8/LC_IDENTIFICATION>
1428413 openat(AT_FDCWD</tmp/kernel-audit2-v3r63b5w/\346\261\202\350\247\243\345\231\250>, "/usr/lib/gconv/gconv-modules.cache", O_RDONLY|O_CLOEXEC) = 3</usr/lib/gconv/gconv-modules.cache>
1428413 openat(AT_FDCWD</tmp/kernel-audit2-v3r63b5w/\346\261\202\350\247\243\345\231\250>, "/usr/lib/locale/C.UTF-8/LC_MEASUREMENT", O_RDONLY|O_CLOEXEC) = -1 ENOENT (No such file or directory)
1428413 openat(AT_FDCWD</tmp/kernel-audit2-v3r63b5w/\346\261\202\350\247\243\345\231\250>, "/usr/lib/locale/C.utf8/LC_MEASUREMENT", O_RDONLY|O_CLOEXEC) = 3</usr/lib/locale/C.utf8/LC_MEASUREMENT>
1428413 openat(AT_FDCWD</tmp/kernel-audit2-v3r63b5w/\346\261\202\350\247\243\345\231\250>, "/usr/lib/locale/C.UTF-8/LC_TELEPHONE", O_RDONLY|O_CLOEXEC) = -1 ENOENT (No such file or directory)
1428413 openat(AT_FDCWD</tmp/kernel-audit2-v3r63b5w/\346\261\202\350\247\243\345\231\250>, "/usr/lib/locale/C.utf8/LC_TELEPHONE", O_RDONLY|O_CLOEXEC) = 3</usr/lib/locale/C.utf8/LC_TELEPHONE>
1428413 openat(AT_FDCWD</tmp/kernel-audit2-v3r63b5w/\346\261\202\350\247\243\345\231\250>, "/usr/lib/locale/C.UTF-8/LC_ADDRESS", O_RDONLY|O_CLOEXEC) = -1 ENOENT (No such file or directory)
1428413 openat(AT_FDCWD</tmp/kernel-audit2-v3r63b5w/\346\261\202\350\247\243\345\231\250>, "/usr/lib/locale/C.utf8/LC_ADDRESS", O_RDONLY|O_CLOEXEC) = 3</usr/lib/locale/C.utf8/LC_ADDRESS>
1428413 openat(AT_FDCWD</tmp/kernel-audit2-v3r63b5w/\346\261\202\350\247\243\345\231\250>, "/usr/lib/locale/C.UTF-8/LC_NAME", O_RDONLY|O_CLOEXEC) = -1 ENOENT (No such file or directory)
1428413 openat(AT_FDCWD</tmp/kernel-audit2-v3r63b5w/\346\261\202\350\247\243\345\231\250>, "/usr/lib/locale/C.utf8/LC_NAME", O_RDONLY|O_CLOEXEC) = 3</usr/lib/locale/C.utf8/LC_NAME>
1428413 openat(AT_FDCWD</tmp/kernel-audit2-v3r63b5w/\346\261\202\350\247\243\345\231\250>, "/usr/lib/locale/C.UTF-8/LC_PAPER", O_RDONLY|O_CLOEXEC) = -1 ENOENT (No such file or directory)
1428413 openat(AT_FDCWD</tmp/kernel-audit2-v3r63b5w/\346\261\202\350\247\243\345\231\250>, "/usr/lib/locale/C.utf8/LC_PAPER", O_RDONLY|O_CLOEXEC) = 3</usr/lib/locale/C.utf8/LC_PAPER>
1428413 openat(AT_FDCWD</tmp/kernel-audit2-v3r63b5w/\346\261\202\350\247\243\345\231\250>, "/usr/lib/locale/C.UTF-8/LC_MESSAGES", O_RDONLY|O_CLOEXEC) = -1 ENOENT (No such file or directory)
1428413 openat(AT_FDCWD</tmp/kernel-audit2-v3r63b5w/\346\261\202\350\247\243\345\231\250>, "/usr/lib/locale/C.utf8/LC_MESSAGES", O_RDONLY|O_CLOEXEC) = 3</usr/lib/locale/C.utf8/LC_MESSAGES>
1428413 openat(AT_FDCWD</tmp/kernel-audit2-v3r63b5w/\346\261\202\350\247\243\345\231\250>, "/usr/lib/locale/C.utf8/LC_MESSAGES/SYS_LC_MESSAGES", O_RDONLY|O_CLOEXEC) = 3</usr/lib/locale/C.utf8/LC_MESSAGES/SYS_LC_MESSAGES>
1428413 openat(AT_FDCWD</tmp/kernel-audit2-v3r63b5w/\346\261\202\350\247\243\345\231\250>, "/usr/lib/locale/C.UTF-8/LC_MONETARY", O_RDONLY|O_CLOEXEC) = -1 ENOENT (No such file or directory)
1428413 openat(AT_FDCWD</tmp/kernel-audit2-v3r63b5w/\346\261\202\350\247\243\345\231\250>, "/usr/lib/locale/C.utf8/LC_MONETARY", O_RDONLY|O_CLOEXEC) = 3</usr/lib/locale/C.utf8/LC_MONETARY>
1428413 openat(AT_FDCWD</tmp/kernel-audit2-v3r63b5w/\346\261\202\350\247\243\345\231\250>, "/usr/lib/locale/C.UTF-8/LC_COLLATE", O_RDONLY|O_CLOEXEC) = -1 ENOENT (No such file or directory)
1428413 openat(AT_FDCWD</tmp/kernel-audit2-v3r63b5w/\346\261\202\350\247\243\345\231\250>, "/usr/lib/locale/C.utf8/LC_COLLATE", O_RDONLY|O_CLOEXEC) = 3</usr/lib/locale/C.utf8/LC_COLLATE>
1428413 openat(AT_FDCWD</tmp/kernel-audit2-v3r63b5w/\346\261\202\350\247\243\345\231\250>, "/usr/lib/locale/C.UTF-8/LC_TIME", O_RDONLY|O_CLOEXEC) = -1 ENOENT (No such file or directory)
1428413 openat(AT_FDCWD</tmp/kernel-audit2-v3r63b5w/\346\261\202\350\247\243\345\231\250>, "/usr/lib/locale/C.utf8/LC_TIME", O_RDONLY|O_CLOEXEC) = 3</usr/lib/locale/C.utf8/LC_TIME>
1428413 openat(AT_FDCWD</tmp/kernel-audit2-v3r63b5w/\346\261\202\350\247\243\345\231\250>, "/usr/lib/locale/C.UTF-8/LC_NUMERIC", O_RDONLY|O_CLOEXEC) = -1 ENOENT (No such file or directory)
1428413 openat(AT_FDCWD</tmp/kernel-audit2-v3r63b5w/\346\261\202\350\247\243\345\231\250>, "/usr/lib/locale/C.utf8/LC_NUMERIC", O_RDONLY|O_CLOEXEC) = 3</usr/lib/locale/C.utf8/LC_NUMERIC>
1428413 openat(AT_FDCWD</tmp/kernel-audit2-v3r63b5w/\346\261\202\350\247\243\345\231\250>, "/usr/lib/locale/C.UTF-8/LC_CTYPE", O_RDONLY|O_CLOEXEC) = -1 ENOENT (No such file or directory)
1428413 openat(AT_FDCWD</tmp/kernel-audit2-v3r63b5w/\346\261\202\350\247\243\345\231\250>, "/usr/lib/locale/C.utf8/LC_CTYPE", O_RDONLY|O_CLOEXEC) = 3</usr/lib/locale/C.utf8/LC_CTYPE>
1428413 openat(AT_FDCWD</tmp/kernel-audit2-v3r63b5w/\346\261\202\350\247\243\345\231\250>, "/tmp/kernel-audit2-v3r63b5w/\346\261\202\350\247\243\345\231\250/\346\225\260\346\215\256/\346\255\243\345\274\217\351\235\231\346\200\201\347\233\256\345\275\225.json", O_RDONLY) = 3</tmp/kernel-audit2-v3r63b5w/\346\261\202\350\247\243\345\231\250/\346\225\260\346\215\256/\346\255\243\345\274\217\351\235\231\346\200\201\347\233\256\345\275\225.json>
1428364 --- SIGCHLD {si_signo=SIGCHLD, si_code=CLD_EXITED, si_pid=1428413, si_uid=1000, si_status=0, si_utime=0, si_stime=0} ---
1428364 openat(AT_FDCWD</tmp/kernel-audit2-v3r63b5w/\346\261\202\350\247\243\345\231\250>, "/dev/null", O_RDONLY|O_CLOEXEC) = 3</dev/null<char 1:3>>
1428414 execve("/home/zhuran24/.codex/tmp/arg0/codex-arg0DuAZRy/sha256sum", ["sha256sum", "--", "/tmp/kernel-audit2-v3r63b5w/\343\200\212\346\230\216\346\227\245\346\226\271\350\210\237\357\274\232\347\273\210\346\234\253\345\234\260\343\200\213\346\270\270\346\210\217\350\247\204\345\210\231.txt"], 0x7ffd72465138 /* 135 vars */) = -1 ENOENT (No such file or directory)
1428414 execve("/home/zhuran24/.cargo/bin/sha256sum", ["sha256sum", "--", "/tmp/kernel-audit2-v3r63b5w/\343\200\212\346\230\216\346\227\245\346\226\271\350\210\237\357\274\232\347\273\210\346\234\253\345\234\260\343\200\213\346\270\270\346\210\217\350\247\204\345\210\231.txt"], 0x7ffd72465138 /* 135 vars */) = -1 ENOENT (No such file or directory)
1428414 execve("/home/zhuran24/.local/bin/sha256sum", ["sha256sum", "--", "/tmp/kernel-audit2-v3r63b5w/\343\200\212\346\230\216\346\227\245\346\226\271\350\210\237\357\274\232\347\273\210\346\234\253\345\234\260\343\200\213\346\270\270\346\210\217\350\247\204\345\210\231.txt"], 0x7ffd72465138 /* 135 vars */) = -1 ENOENT (No such file or directory)
1428414 execve("/home/zhuran24/.opencode/bin/sha256sum", ["sha256sum", "--", "/tmp/kernel-audit2-v3r63b5w/\343\200\212\346\230\216\346\227\245\346\226\271\350\210\237\357\274\232\347\273\210\346\234\253\345\234\260\343\200\213\346\270\270\346\210\217\350\247\204\345\210\231.txt"], 0x7ffd72465138 /* 135 vars */) = -1 ENOENT (No such file or directory)
1428414 execve("/usr/local/bin/sha256sum", ["sha256sum", "--", "/tmp/kernel-audit2-v3r63b5w/\343\200\212\346\230\216\346\227\245\346\226\271\350\210\237\357\274\232\347\273\210\346\234\253\345\234\260\343\200\213\346\270\270\346\210\217\350\247\204\345\210\231.txt"], 0x7ffd72465138 /* 135 vars */) = -1 ENOENT (No such file or directory)
1428414 execve("/usr/bin/sha256sum", ["sha256sum", "--", "/tmp/kernel-audit2-v3r63b5w/\343\200\212\346\230\216\346\227\245\346\226\271\350\210\237\357\274\232\347\273\210\346\234\253\345\234\260\343\200\213\346\270\270\346\210\217\350\247\204\345\210\231.txt"], 0x7ffd72465138 /* 135 vars */) = 0
1428414 openat(AT_FDCWD</tmp/kernel-audit2-v3r63b5w/\346\261\202\350\247\243\345\231\250>, "/etc/ld.so.cache", O_RDONLY|O_CLOEXEC) = 3</etc/ld.so.cache>
1428414 openat(AT_FDCWD</tmp/kernel-audit2-v3r63b5w/\346\261\202\350\247\243\345\231\250>, "/usr/lib/libcrypto.so.3", O_RDONLY|O_CLOEXEC) = 3</usr/lib/libcrypto.so.3>
1428414 openat(AT_FDCWD</tmp/kernel-audit2-v3r63b5w/\346\261\202\350\247\243\345\231\250>, "/usr/lib/libc.so.6", O_RDONLY|O_CLOEXEC) = 3</usr/lib/libc.so.6>
1428414 openat(AT_FDCWD</tmp/kernel-audit2-v3r63b5w/\346\261\202\350\247\243\345\231\250>, "/usr/lib/libz.so.1", O_RDONLY|O_CLOEXEC) = 3</usr/lib/libz.so.1.3.1.zlib-ng>
1428414 openat(AT_FDCWD</tmp/kernel-audit2-v3r63b5w/\346\261\202\350\247\243\345\231\250>, "/usr/lib/libbrotlienc.so.1", O_RDONLY|O_CLOEXEC) = 3</usr/lib/libbrotlienc.so.1.2.0>
1428414 openat(AT_FDCWD</tmp/kernel-audit2-v3r63b5w/\346\261\202\350\247\243\345\231\250>, "/usr/lib/libbrotlidec.so.1", O_RDONLY|O_CLOEXEC) = 3</usr/lib/libbrotlidec.so.1.2.0>
1428414 openat(AT_FDCWD</tmp/kernel-audit2-v3r63b5w/\346\261\202\350\247\243\345\231\250>, "/usr/lib/libzstd.so.1", O_RDONLY|O_CLOEXEC) = 3</usr/lib/libzstd.so.1.5.7>
1428414 openat(AT_FDCWD</tmp/kernel-audit2-v3r63b5w/\346\261\202\350\247\243\345\231\250>, "/usr/lib/libm.so.6", O_RDONLY|O_CLOEXEC) = 3</usr/lib/libm.so.6>
1428414 openat(AT_FDCWD</tmp/kernel-audit2-v3r63b5w/\346\261\202\350\247\243\345\231\250>, "/usr/lib/libbrotlicommon.so.1", O_RDONLY|O_CLOEXEC) = 3</usr/lib/libbrotlicommon.so.1.2.0>
1428414 openat(AT_FDCWD</tmp/kernel-audit2-v3r63b5w/\346\261\202\350\247\243\345\231\250>, "/usr/lib/locale/locale-archive", O_RDONLY|O_CLOEXEC) = 3</usr/lib/locale/locale-archive>
1428414 openat(AT_FDCWD</tmp/kernel-audit2-v3r63b5w/\346\261\202\350\247\243\345\231\250>, "/usr/share/locale/locale.alias", O_RDONLY|O_CLOEXEC) = 3</usr/share/locale/locale.alias>
1428414 openat(AT_FDCWD</tmp/kernel-audit2-v3r63b5w/\346\261\202\350\247\243\345\231\250>, "/usr/lib/locale/C.UTF-8/LC_IDENTIFICATION", O_RDONLY|O_CLOEXEC) = -1 ENOENT (No such file or directory)
1428414 openat(AT_FDCWD</tmp/kernel-audit2-v3r63b5w/\346\261\202\350\247\243\345\231\250>, "/usr/lib/locale/C.utf8/LC_IDENTIFICATION", O_RDONLY|O_CLOEXEC) = 3</usr/lib/locale/C.utf8/LC_IDENTIFICATION>
1428414 openat(AT_FDCWD</tmp/kernel-audit2-v3r63b5w/\346\261\202\350\247\243\345\231\250>, "/usr/lib/gconv/gconv-modules.cache", O_RDONLY|O_CLOEXEC) = 3</usr/lib/gconv/gconv-modules.cache>
1428414 openat(AT_FDCWD</tmp/kernel-audit2-v3r63b5w/\346\261\202\350\247\243\345\231\250>, "/usr/lib/locale/C.UTF-8/LC_MEASUREMENT", O_RDONLY|O_CLOEXEC) = -1 ENOENT (No such file or directory)
1428414 openat(AT_FDCWD</tmp/kernel-audit2-v3r63b5w/\346\261\202\350\247\243\345\231\250>, "/usr/lib/locale/C.utf8/LC_MEASUREMENT", O_RDONLY|O_CLOEXEC) = 3</usr/lib/locale/C.utf8/LC_MEASUREMENT>
1428414 openat(AT_FDCWD</tmp/kernel-audit2-v3r63b5w/\346\261\202\350\247\243\345\231\250>, "/usr/lib/locale/C.UTF-8/LC_TELEPHONE", O_RDONLY|O_CLOEXEC) = -1 ENOENT (No such file or directory)
1428414 openat(AT_FDCWD</tmp/kernel-audit2-v3r63b5w/\346\261\202\350\247\243\345\231\250>, "/usr/lib/locale/C.utf8/LC_TELEPHONE", O_RDONLY|O_CLOEXEC) = 3</usr/lib/locale/C.utf8/LC_TELEPHONE>
1428414 openat(AT_FDCWD</tmp/kernel-audit2-v3r63b5w/\346\261\202\350\247\243\345\231\250>, "/usr/lib/locale/C.UTF-8/LC_ADDRESS", O_RDONLY|O_CLOEXEC) = -1 ENOENT (No such file or directory)
1428414 openat(AT_FDCWD</tmp/kernel-audit2-v3r63b5w/\346\261\202\350\247\243\345\231\250>, "/usr/lib/locale/C.utf8/LC_ADDRESS", O_RDONLY|O_CLOEXEC) = 3</usr/lib/locale/C.utf8/LC_ADDRESS>
1428414 openat(AT_FDCWD</tmp/kernel-audit2-v3r63b5w/\346\261\202\350\247\243\345\231\250>, "/usr/lib/locale/C.UTF-8/LC_NAME", O_RDONLY|O_CLOEXEC) = -1 ENOENT (No such file or directory)
1428414 openat(AT_FDCWD</tmp/kernel-audit2-v3r63b5w/\346\261\202\350\247\243\345\231\250>, "/usr/lib/locale/C.utf8/LC_NAME", O_RDONLY|O_CLOEXEC) = 3</usr/lib/locale/C.utf8/LC_NAME>
1428414 openat(AT_FDCWD</tmp/kernel-audit2-v3r63b5w/\346\261\202\350\247\243\345\231\250>, "/usr/lib/locale/C.UTF-8/LC_PAPER", O_RDONLY|O_CLOEXEC) = -1 ENOENT (No such file or directory)
1428414 openat(AT_FDCWD</tmp/kernel-audit2-v3r63b5w/\346\261\202\350\247\243\345\231\250>, "/usr/lib/locale/C.utf8/LC_PAPER", O_RDONLY|O_CLOEXEC) = 3</usr/lib/locale/C.utf8/LC_PAPER>
1428414 openat(AT_FDCWD</tmp/kernel-audit2-v3r63b5w/\346\261\202\350\247\243\345\231\250>, "/usr/lib/locale/C.UTF-8/LC_MESSAGES", O_RDONLY|O_CLOEXEC) = -1 ENOENT (No such file or directory)
1428414 openat(AT_FDCWD</tmp/kernel-audit2-v3r63b5w/\346\261\202\350\247\243\345\231\250>, "/usr/lib/locale/C.utf8/LC_MESSAGES", O_RDONLY|O_CLOEXEC) = 3</usr/lib/locale/C.utf8/LC_MESSAGES>
1428414 openat(AT_FDCWD</tmp/kernel-audit2-v3r63b5w/\346\261\202\350\247\243\345\231\250>, "/usr/lib/locale/C.utf8/LC_MESSAGES/SYS_LC_MESSAGES", O_RDONLY|O_CLOEXEC) = 3</usr/lib/locale/C.utf8/LC_MESSAGES/SYS_LC_MESSAGES>
1428414 openat(AT_FDCWD</tmp/kernel-audit2-v3r63b5w/\346\261\202\350\247\243\345\231\250>, "/usr/lib/locale/C.UTF-8/LC_MONETARY", O_RDONLY|O_CLOEXEC) = -1 ENOENT (No such file or directory)
1428414 openat(AT_FDCWD</tmp/kernel-audit2-v3r63b5w/\346\261\202\350\247\243\345\231\250>, "/usr/lib/locale/C.utf8/LC_MONETARY", O_RDONLY|O_CLOEXEC) = 3</usr/lib/locale/C.utf8/LC_MONETARY>
1428414 openat(AT_FDCWD</tmp/kernel-audit2-v3r63b5w/\346\261\202\350\247\243\345\231\250>, "/usr/lib/locale/C.UTF-8/LC_COLLATE", O_RDONLY|O_CLOEXEC) = -1 ENOENT (No such file or directory)
1428414 openat(AT_FDCWD</tmp/kernel-audit2-v3r63b5w/\346\261\202\350\247\243\345\231\250>, "/usr/lib/locale/C.utf8/LC_COLLATE", O_RDONLY|O_CLOEXEC) = 3</usr/lib/locale/C.utf8/LC_COLLATE>
1428414 openat(AT_FDCWD</tmp/kernel-audit2-v3r63b5w/\346\261\202\350\247\243\345\231\250>, "/usr/lib/locale/C.UTF-8/LC_TIME", O_RDONLY|O_CLOEXEC) = -1 ENOENT (No such file or directory)
1428414 openat(AT_FDCWD</tmp/kernel-audit2-v3r63b5w/\346\261\202\350\247\243\345\231\250>, "/usr/lib/locale/C.utf8/LC_TIME", O_RDONLY|O_CLOEXEC) = 3</usr/lib/locale/C.utf8/LC_TIME>
1428414 openat(AT_FDCWD</tmp/kernel-audit2-v3r63b5w/\346\261\202\350\247\243\345\231\250>, "/usr/lib/locale/C.UTF-8/LC_NUMERIC", O_RDONLY|O_CLOEXEC) = -1 ENOENT (No such file or directory)
1428414 openat(AT_FDCWD</tmp/kernel-audit2-v3r63b5w/\346\261\202\350\247\243\345\231\250>, "/usr/lib/locale/C.utf8/LC_NUMERIC", O_RDONLY|O_CLOEXEC) = 3</usr/lib/locale/C.utf8/LC_NUMERIC>
1428414 openat(AT_FDCWD</tmp/kernel-audit2-v3r63b5w/\346\261\202\350\247\243\345\231\250>, "/usr/lib/locale/C.UTF-8/LC_CTYPE", O_RDONLY|O_CLOEXEC) = -1 ENOENT (No such file or directory)
1428414 openat(AT_FDCWD</tmp/kernel-audit2-v3r63b5w/\346\261\202\350\247\243\345\231\250>, "/usr/lib/locale/C.utf8/LC_CTYPE", O_RDONLY|O_CLOEXEC) = 3</usr/lib/locale/C.utf8/LC_CTYPE>
1428414 openat(AT_FDCWD</tmp/kernel-audit2-v3r63b5w/\346\261\202\350\247\243\345\231\250>, "/tmp/kernel-audit2-v3r63b5w/\343\200\212\346\230\216\346\227\245\346\226\271\350\210\237\357\274\232\347\273\210\346\234\253\345\234\260\343\200\213\346\270\270\346\210\217\350\247\204\345\210\231.txt", O_RDONLY) = 3</tmp/kernel-audit2-v3r63b5w/\343\200\212\346\230\216\346\227\245\346\226\271\350\210\237\357\274\232\347\273\210\346\234\253\345\234\260\343\200\213\346\270\270\346\210\217\350\247\204\345\210\231.txt>
1428364 --- SIGCHLD {si_signo=SIGCHLD, si_code=CLD_EXITED, si_pid=1428414, si_uid=1000, si_status=0, si_utime=0, si_stime=0} ---
1428364 openat(AT_FDCWD</tmp/kernel-audit2-v3r63b5w/\346\261\202\350\247\243\345\231\250>, "/dev/null", O_RDONLY|O_CLOEXEC) = 3</dev/null<char 1:3>>
1428415 execve("/home/zhuran24/.codex/tmp/arg0/codex-arg0DuAZRy/sha256sum", ["sha256sum", "--", "/tmp/kernel-audit2-v3r63b5w/\346\261\202\350\247\243\344\273\273\345\212\241.txt"], 0x7ffd72465138 /* 135 vars */) = -1 ENOENT (No such file or directory)
1428415 execve("/home/zhuran24/.cargo/bin/sha256sum", ["sha256sum", "--", "/tmp/kernel-audit2-v3r63b5w/\346\261\202\350\247\243\344\273\273\345\212\241.txt"], 0x7ffd72465138 /* 135 vars */) = -1 ENOENT (No such file or directory)
1428415 execve("/home/zhuran24/.local/bin/sha256sum", ["sha256sum", "--", "/tmp/kernel-audit2-v3r63b5w/\346\261\202\350\247\243\344\273\273\345\212\241.txt"], 0x7ffd72465138 /* 135 vars */) = -1 ENOENT (No such file or directory)
1428415 execve("/home/zhuran24/.opencode/bin/sha256sum", ["sha256sum", "--", "/tmp/kernel-audit2-v3r63b5w/\346\261\202\350\247\243\344\273\273\345\212\241.txt"], 0x7ffd72465138 /* 135 vars */) = -1 ENOENT (No such file or directory)
1428415 execve("/usr/local/bin/sha256sum", ["sha256sum", "--", "/tmp/kernel-audit2-v3r63b5w/\346\261\202\350\247\243\344\273\273\345\212\241.txt"], 0x7ffd72465138 /* 135 vars */) = -1 ENOENT (No such file or directory)
1428415 execve("/usr/bin/sha256sum", ["sha256sum", "--", "/tmp/kernel-audit2-v3r63b5w/\346\261\202\350\247\243\344\273\273\345\212\241.txt"], 0x7ffd72465138 /* 135 vars */) = 0
1428415 openat(AT_FDCWD</tmp/kernel-audit2-v3r63b5w/\346\261\202\350\247\243\345\231\250>, "/etc/ld.so.cache", O_RDONLY|O_CLOEXEC) = 3</etc/ld.so.cache>
1428415 openat(AT_FDCWD</tmp/kernel-audit2-v3r63b5w/\346\261\202\350\247\243\345\231\250>, "/usr/lib/libcrypto.so.3", O_RDONLY|O_CLOEXEC) = 3</usr/lib/libcrypto.so.3>
1428415 openat(AT_FDCWD</tmp/kernel-audit2-v3r63b5w/\346\261\202\350\247\243\345\231\250>, "/usr/lib/libc.so.6", O_RDONLY|O_CLOEXEC) = 3</usr/lib/libc.so.6>
1428415 openat(AT_FDCWD</tmp/kernel-audit2-v3r63b5w/\346\261\202\350\247\243\345\231\250>, "/usr/lib/libz.so.1", O_RDONLY|O_CLOEXEC) = 3</usr/lib/libz.so.1.3.1.zlib-ng>
1428415 openat(AT_FDCWD</tmp/kernel-audit2-v3r63b5w/\346\261\202\350\247\243\345\231\250>, "/usr/lib/libbrotlienc.so.1", O_RDONLY|O_CLOEXEC) = 3</usr/lib/libbrotlienc.so.1.2.0>
1428415 openat(AT_FDCWD</tmp/kernel-audit2-v3r63b5w/\346\261\202\350\247\243\345\231\250>, "/usr/lib/libbrotlidec.so.1", O_RDONLY|O_CLOEXEC) = 3</usr/lib/libbrotlidec.so.1.2.0>
1428415 openat(AT_FDCWD</tmp/kernel-audit2-v3r63b5w/\346\261\202\350\247\243\345\231\250>, "/usr/lib/libzstd.so.1", O_RDONLY|O_CLOEXEC) = 3</usr/lib/libzstd.so.1.5.7>
1428415 openat(AT_FDCWD</tmp/kernel-audit2-v3r63b5w/\346\261\202\350\247\243\345\231\250>, "/usr/lib/libm.so.6", O_RDONLY|O_CLOEXEC) = 3</usr/lib/libm.so.6>
1428415 openat(AT_FDCWD</tmp/kernel-audit2-v3r63b5w/\346\261\202\350\247\243\345\231\250>, "/usr/lib/libbrotlicommon.so.1", O_RDONLY|O_CLOEXEC) = 3</usr/lib/libbrotlicommon.so.1.2.0>
1428415 openat(AT_FDCWD</tmp/kernel-audit2-v3r63b5w/\346\261\202\350\247\243\345\231\250>, "/usr/lib/locale/locale-archive", O_RDONLY|O_CLOEXEC) = 3</usr/lib/locale/locale-archive>
1428415 openat(AT_FDCWD</tmp/kernel-audit2-v3r63b5w/\346\261\202\350\247\243\345\231\250>, "/usr/share/locale/locale.alias", O_RDONLY|O_CLOEXEC) = 3</usr/share/locale/locale.alias>
1428415 openat(AT_FDCWD</tmp/kernel-audit2-v3r63b5w/\346\261\202\350\247\243\345\231\250>, "/usr/lib/locale/C.UTF-8/LC_IDENTIFICATION", O_RDONLY|O_CLOEXEC) = -1 ENOENT (No such file or directory)
1428415 openat(AT_FDCWD</tmp/kernel-audit2-v3r63b5w/\346\261\202\350\247\243\345\231\250>, "/usr/lib/locale/C.utf8/LC_IDENTIFICATION", O_RDONLY|O_CLOEXEC) = 3</usr/lib/locale/C.utf8/LC_IDENTIFICATION>
1428415 openat(AT_FDCWD</tmp/kernel-audit2-v3r63b5w/\346\261\202\350\247\243\345\231\250>, "/usr/lib/gconv/gconv-modules.cache", O_RDONLY|O_CLOEXEC) = 3</usr/lib/gconv/gconv-modules.cache>
1428415 openat(AT_FDCWD</tmp/kernel-audit2-v3r63b5w/\346\261\202\350\247\243\345\231\250>, "/usr/lib/locale/C.UTF-8/LC_MEASUREMENT", O_RDONLY|O_CLOEXEC) = -1 ENOENT (No such file or directory)
1428415 openat(AT_FDCWD</tmp/kernel-audit2-v3r63b5w/\346\261\202\350\247\243\345\231\250>, "/usr/lib/locale/C.utf8/LC_MEASUREMENT", O_RDONLY|O_CLOEXEC) = 3</usr/lib/locale/C.utf8/LC_MEASUREMENT>
1428415 openat(AT_FDCWD</tmp/kernel-audit2-v3r63b5w/\346\261\202\350\247\243\345\231\250>, "/usr/lib/locale/C.UTF-8/LC_TELEPHONE", O_RDONLY|O_CLOEXEC) = -1 ENOENT (No such file or directory)
1428415 openat(AT_FDCWD</tmp/kernel-audit2-v3r63b5w/\346\261\202\350\247\243\345\231\250>, "/usr/lib/locale/C.utf8/LC_TELEPHONE", O_RDONLY|O_CLOEXEC) = 3</usr/lib/locale/C.utf8/LC_TELEPHONE>
1428415 openat(AT_FDCWD</tmp/kernel-audit2-v3r63b5w/\346\261\202\350\247\243\345\231\250>, "/usr/lib/locale/C.UTF-8/LC_ADDRESS", O_RDONLY|O_CLOEXEC) = -1 ENOENT (No such file or directory)
1428415 openat(AT_FDCWD</tmp/kernel-audit2-v3r63b5w/\346\261\202\350\247\243\345\231\250>, "/usr/lib/locale/C.utf8/LC_ADDRESS", O_RDONLY|O_CLOEXEC) = 3</usr/lib/locale/C.utf8/LC_ADDRESS>
1428415 openat(AT_FDCWD</tmp/kernel-audit2-v3r63b5w/\346\261\202\350\247\243\345\231\250>, "/usr/lib/locale/C.UTF-8/LC_NAME", O_RDONLY|O_CLOEXEC) = -1 ENOENT (No such file or directory)
1428415 openat(AT_FDCWD</tmp/kernel-audit2-v3r63b5w/\346\261\202\350\247\243\345\231\250>, "/usr/lib/locale/C.utf8/LC_NAME", O_RDONLY|O_CLOEXEC) = 3</usr/lib/locale/C.utf8/LC_NAME>
1428415 openat(AT_FDCWD</tmp/kernel-audit2-v3r63b5w/\346\261\202\350\247\243\345\231\250>, "/usr/lib/locale/C.UTF-8/LC_PAPER", O_RDONLY|O_CLOEXEC) = -1 ENOENT (No such file or directory)
1428415 openat(AT_FDCWD</tmp/kernel-audit2-v3r63b5w/\346\261\202\350\247\243\345\231\250>, "/usr/lib/locale/C.utf8/LC_PAPER", O_RDONLY|O_CLOEXEC) = 3</usr/lib/locale/C.utf8/LC_PAPER>
1428415 openat(AT_FDCWD</tmp/kernel-audit2-v3r63b5w/\346\261\202\350\247\243\345\231\250>, "/usr/lib/locale/C.UTF-8/LC_MESSAGES", O_RDONLY|O_CLOEXEC) = -1 ENOENT (No such file or directory)
1428415 openat(AT_FDCWD</tmp/kernel-audit2-v3r63b5w/\346\261\202\350\247\243\345\231\250>, "/usr/lib/locale/C.utf8/LC_MESSAGES", O_RDONLY|O_CLOEXEC) = 3</usr/lib/locale/C.utf8/LC_MESSAGES>
1428415 openat(AT_FDCWD</tmp/kernel-audit2-v3r63b5w/\346\261\202\350\247\243\345\231\250>, "/usr/lib/locale/C.utf8/LC_MESSAGES/SYS_LC_MESSAGES", O_RDONLY|O_CLOEXEC) = 3</usr/lib/locale/C.utf8/LC_MESSAGES/SYS_LC_MESSAGES>
1428415 openat(AT_FDCWD</tmp/kernel-audit2-v3r63b5w/\346\261\202\350\247\243\345\231\250>, "/usr/lib/locale/C.UTF-8/LC_MONETARY", O_RDONLY|O_CLOEXEC) = -1 ENOENT (No such file or directory)
1428415 openat(AT_FDCWD</tmp/kernel-audit2-v3r63b5w/\346\261\202\350\247\243\345\231\250>, "/usr/lib/locale/C.utf8/LC_MONETARY", O_RDONLY|O_CLOEXEC) = 3</usr/lib/locale/C.utf8/LC_MONETARY>
1428415 openat(AT_FDCWD</tmp/kernel-audit2-v3r63b5w/\346\261\202\350\247\243\345\231\250>, "/usr/lib/locale/C.UTF-8/LC_COLLATE", O_RDONLY|O_CLOEXEC) = -1 ENOENT (No such file or directory)
1428415 openat(AT_FDCWD</tmp/kernel-audit2-v3r63b5w/\346\261\202\350\247\243\345\231\250>, "/usr/lib/locale/C.utf8/LC_COLLATE", O_RDONLY|O_CLOEXEC) = 3</usr/lib/locale/C.utf8/LC_COLLATE>
1428415 openat(AT_FDCWD</tmp/kernel-audit2-v3r63b5w/\346\261\202\350\247\243\345\231\250>, "/usr/lib/locale/C.UTF-8/LC_TIME", O_RDONLY|O_CLOEXEC) = -1 ENOENT (No such file or directory)
1428415 openat(AT_FDCWD</tmp/kernel-audit2-v3r63b5w/\346\261\202\350\247\243\345\231\250>, "/usr/lib/locale/C.utf8/LC_TIME", O_RDONLY|O_CLOEXEC) = 3</usr/lib/locale/C.utf8/LC_TIME>
1428415 openat(AT_FDCWD</tmp/kernel-audit2-v3r63b5w/\346\261\202\350\247\243\345\231\250>, "/usr/lib/locale/C.UTF-8/LC_NUMERIC", O_RDONLY|O_CLOEXEC) = -1 ENOENT (No such file or directory)
1428415 openat(AT_FDCWD</tmp/kernel-audit2-v3r63b5w/\346\261\202\350\247\243\345\231\250>, "/usr/lib/locale/C.utf8/LC_NUMERIC", O_RDONLY|O_CLOEXEC) = 3</usr/lib/locale/C.utf8/LC_NUMERIC>
1428415 openat(AT_FDCWD</tmp/kernel-audit2-v3r63b5w/\346\261\202\350\247\243\345\231\250>, "/usr/lib/locale/C.UTF-8/LC_CTYPE", O_RDONLY|O_CLOEXEC) = -1 ENOENT (No such file or directory)
1428415 openat(AT_FDCWD</tmp/kernel-audit2-v3r63b5w/\346\261\202\350\247\243\345\231\250>, "/usr/lib/locale/C.utf8/LC_CTYPE", O_RDONLY|O_CLOEXEC) = 3</usr/lib/locale/C.utf8/LC_CTYPE>
1428415 openat(AT_FDCWD</tmp/kernel-audit2-v3r63b5w/\346\261\202\350\247\243\345\231\250>, "/tmp/kernel-audit2-v3r63b5w/\346\261\202\350\247\243\344\273\273\345\212\241.txt", O_RDONLY) = 3</tmp/kernel-audit2-v3r63b5w/\346\261\202\350\247\243\344\273\273\345\212\241.txt>
1428364 --- SIGCHLD {si_signo=SIGCHLD, si_code=CLD_EXITED, si_pid=1428415, si_uid=1000, si_status=0, si_utime=0, si_stime=0} ---
1428364 openat(AT_FDCWD</tmp/kernel-audit2-v3r63b5w/\346\261\202\350\247\243\345\231\250>, "/dev/null", O_RDONLY|O_CLOEXEC) = 3</dev/null<char 1:3>>
1428416 execve("/home/zhuran24/.codex/tmp/arg0/codex-arg0DuAZRy/sha256sum", ["sha256sum", "--", "/tmp/kernel-audit2-v3r63b5w/\346\261\202\350\247\243\347\272\246\346\235\237.txt"], 0x7ffd72465138 /* 135 vars */) = -1 ENOENT (No such file or directory)
1428416 execve("/home/zhuran24/.cargo/bin/sha256sum", ["sha256sum", "--", "/tmp/kernel-audit2-v3r63b5w/\346\261\202\350\247\243\347\272\246\346\235\237.txt"], 0x7ffd72465138 /* 135 vars */) = -1 ENOENT (No such file or directory)
1428416 execve("/home/zhuran24/.local/bin/sha256sum", ["sha256sum", "--", "/tmp/kernel-audit2-v3r63b5w/\346\261\202\350\247\243\347\272\246\346\235\237.txt"], 0x7ffd72465138 /* 135 vars */) = -1 ENOENT (No such file or directory)
1428416 execve("/home/zhuran24/.opencode/bin/sha256sum", ["sha256sum", "--", "/tmp/kernel-audit2-v3r63b5w/\346\261\202\350\247\243\347\272\246\346\235\237.txt"], 0x7ffd72465138 /* 135 vars */) = -1 ENOENT (No such file or directory)
1428416 execve("/usr/local/bin/sha256sum", ["sha256sum", "--", "/tmp/kernel-audit2-v3r63b5w/\346\261\202\350\247\243\347\272\246\346\235\237.txt"], 0x7ffd72465138 /* 135 vars */) = -1 ENOENT (No such file or directory)
1428416 execve("/usr/bin/sha256sum", ["sha256sum", "--", "/tmp/kernel-audit2-v3r63b5w/\346\261\202\350\247\243\347\272\246\346\235\237.txt"], 0x7ffd72465138 /* 135 vars */) = 0
1428416 openat(AT_FDCWD</tmp/kernel-audit2-v3r63b5w/\346\261\202\350\247\243\345\231\250>, "/etc/ld.so.cache", O_RDONLY|O_CLOEXEC) = 3</etc/ld.so.cache>
1428416 openat(AT_FDCWD</tmp/kernel-audit2-v3r63b5w/\346\261\202\350\247\243\345\231\250>, "/usr/lib/libcrypto.so.3", O_RDONLY|O_CLOEXEC) = 3</usr/lib/libcrypto.so.3>
1428416 openat(AT_FDCWD</tmp/kernel-audit2-v3r63b5w/\346\261\202\350\247\243\345\231\250>, "/usr/lib/libc.so.6", O_RDONLY|O_CLOEXEC) = 3</usr/lib/libc.so.6>
1428416 openat(AT_FDCWD</tmp/kernel-audit2-v3r63b5w/\346\261\202\350\247\243\345\231\250>, "/usr/lib/libz.so.1", O_RDONLY|O_CLOEXEC) = 3</usr/lib/libz.so.1.3.1.zlib-ng>
1428416 openat(AT_FDCWD</tmp/kernel-audit2-v3r63b5w/\346\261\202\350\247\243\345\231\250>, "/usr/lib/libbrotlienc.so.1", O_RDONLY|O_CLOEXEC) = 3</usr/lib/libbrotlienc.so.1.2.0>
1428416 openat(AT_FDCWD</tmp/kernel-audit2-v3r63b5w/\346\261\202\350\247\243\345\231\250>, "/usr/lib/libbrotlidec.so.1", O_RDONLY|O_CLOEXEC) = 3</usr/lib/libbrotlidec.so.1.2.0>
1428416 openat(AT_FDCWD</tmp/kernel-audit2-v3r63b5w/\346\261\202\350\247\243\345\231\250>, "/usr/lib/libzstd.so.1", O_RDONLY|O_CLOEXEC) = 3</usr/lib/libzstd.so.1.5.7>
1428416 openat(AT_FDCWD</tmp/kernel-audit2-v3r63b5w/\346\261\202\350\247\243\345\231\250>, "/usr/lib/libm.so.6", O_RDONLY|O_CLOEXEC) = 3</usr/lib/libm.so.6>
1428416 openat(AT_FDCWD</tmp/kernel-audit2-v3r63b5w/\346\261\202\350\247\243\345\231\250>, "/usr/lib/libbrotlicommon.so.1", O_RDONLY|O_CLOEXEC) = 3</usr/lib/libbrotlicommon.so.1.2.0>
1428416 openat(AT_FDCWD</tmp/kernel-audit2-v3r63b5w/\346\261\202\350\247\243\345\231\250>, "/usr/lib/locale/locale-archive", O_RDONLY|O_CLOEXEC) = 3</usr/lib/locale/locale-archive>
1428416 openat(AT_FDCWD</tmp/kernel-audit2-v3r63b5w/\346\261\202\350\247\243\345\231\250>, "/usr/share/locale/locale.alias", O_RDONLY|O_CLOEXEC) = 3</usr/share/locale/locale.alias>
1428416 openat(AT_FDCWD</tmp/kernel-audit2-v3r63b5w/\346\261\202\350\247\243\345\231\250>, "/usr/lib/locale/C.UTF-8/LC_IDENTIFICATION", O_RDONLY|O_CLOEXEC) = -1 ENOENT (No such file or directory)
1428416 openat(AT_FDCWD</tmp/kernel-audit2-v3r63b5w/\346\261\202\350\247\243\345\231\250>, "/usr/lib/locale/C.utf8/LC_IDENTIFICATION", O_RDONLY|O_CLOEXEC) = 3</usr/lib/locale/C.utf8/LC_IDENTIFICATION>
1428416 openat(AT_FDCWD</tmp/kernel-audit2-v3r63b5w/\346\261\202\350\247\243\345\231\250>, "/usr/lib/gconv/gconv-modules.cache", O_RDONLY|O_CLOEXEC) = 3</usr/lib/gconv/gconv-modules.cache>
1428416 openat(AT_FDCWD</tmp/kernel-audit2-v3r63b5w/\346\261\202\350\247\243\345\231\250>, "/usr/lib/locale/C.UTF-8/LC_MEASUREMENT", O_RDONLY|O_CLOEXEC) = -1 ENOENT (No such file or directory)
1428416 openat(AT_FDCWD</tmp/kernel-audit2-v3r63b5w/\346\261\202\350\247\243\345\231\250>, "/usr/lib/locale/C.utf8/LC_MEASUREMENT", O_RDONLY|O_CLOEXEC) = 3</usr/lib/locale/C.utf8/LC_MEASUREMENT>
1428416 openat(AT_FDCWD</tmp/kernel-audit2-v3r63b5w/\346\261\202\350\247\243\345\231\250>, "/usr/lib/locale/C.UTF-8/LC_TELEPHONE", O_RDONLY|O_CLOEXEC) = -1 ENOENT (No such file or directory)
1428416 openat(AT_FDCWD</tmp/kernel-audit2-v3r63b5w/\346\261\202\350\247\243\345\231\250>, "/usr/lib/locale/C.utf8/LC_TELEPHONE", O_RDONLY|O_CLOEXEC) = 3</usr/lib/locale/C.utf8/LC_TELEPHONE>
1428416 openat(AT_FDCWD</tmp/kernel-audit2-v3r63b5w/\346\261\202\350\247\243\345\231\250>, "/usr/lib/locale/C.UTF-8/LC_ADDRESS", O_RDONLY|O_CLOEXEC) = -1 ENOENT (No such file or directory)
1428416 openat(AT_FDCWD</tmp/kernel-audit2-v3r63b5w/\346\261\202\350\247\243\345\231\250>, "/usr/lib/locale/C.utf8/LC_ADDRESS", O_RDONLY|O_CLOEXEC) = 3</usr/lib/locale/C.utf8/LC_ADDRESS>
1428416 openat(AT_FDCWD</tmp/kernel-audit2-v3r63b5w/\346\261\202\350\247\243\345\231\250>, "/usr/lib/locale/C.UTF-8/LC_NAME", O_RDONLY|O_CLOEXEC) = -1 ENOENT (No such file or directory)
1428416 openat(AT_FDCWD</tmp/kernel-audit2-v3r63b5w/\346\261\202\350\247\243\345\231\250>, "/usr/lib/locale/C.utf8/LC_NAME", O_RDONLY|O_CLOEXEC) = 3</usr/lib/locale/C.utf8/LC_NAME>
1428416 openat(AT_FDCWD</tmp/kernel-audit2-v3r63b5w/\346\261\202\350\247\243\345\231\250>, "/usr/lib/locale/C.UTF-8/LC_PAPER", O_RDONLY|O_CLOEXEC) = -1 ENOENT (No such file or directory)
1428416 openat(AT_FDCWD</tmp/kernel-audit2-v3r63b5w/\346\261\202\350\247\243\345\231\250>, "/usr/lib/locale/C.utf8/LC_PAPER", O_RDONLY|O_CLOEXEC) = 3</usr/lib/locale/C.utf8/LC_PAPER>
1428416 openat(AT_FDCWD</tmp/kernel-audit2-v3r63b5w/\346\261\202\350\247\243\345\231\250>, "/usr/lib/locale/C.UTF-8/LC_MESSAGES", O_RDONLY|O_CLOEXEC) = -1 ENOENT (No such file or directory)
1428416 openat(AT_FDCWD</tmp/kernel-audit2-v3r63b5w/\346\261\202\350\247\243\345\231\250>, "/usr/lib/locale/C.utf8/LC_MESSAGES", O_RDONLY|O_CLOEXEC) = 3</usr/lib/locale/C.utf8/LC_MESSAGES>
1428416 openat(AT_FDCWD</tmp/kernel-audit2-v3r63b5w/\346\261\202\350\247\243\345\231\250>, "/usr/lib/locale/C.utf8/LC_MESSAGES/SYS_LC_MESSAGES", O_RDONLY|O_CLOEXEC) = 3</usr/lib/locale/C.utf8/LC_MESSAGES/SYS_LC_MESSAGES>
1428416 openat(AT_FDCWD</tmp/kernel-audit2-v3r63b5w/\346\261\202\350\247\243\345\231\250>, "/usr/lib/locale/C.UTF-8/LC_MONETARY", O_RDONLY|O_CLOEXEC) = -1 ENOENT (No such file or directory)
1428416 openat(AT_FDCWD</tmp/kernel-audit2-v3r63b5w/\346\261\202\350\247\243\345\231\250>, "/usr/lib/locale/C.utf8/LC_MONETARY", O_RDONLY|O_CLOEXEC) = 3</usr/lib/locale/C.utf8/LC_MONETARY>
1428416 openat(AT_FDCWD</tmp/kernel-audit2-v3r63b5w/\346\261\202\350\247\243\345\231\250>, "/usr/lib/locale/C.UTF-8/LC_COLLATE", O_RDONLY|O_CLOEXEC) = -1 ENOENT (No such file or directory)
1428416 openat(AT_FDCWD</tmp/kernel-audit2-v3r63b5w/\346\261\202\350\247\243\345\231\250>, "/usr/lib/locale/C.utf8/LC_COLLATE", O_RDONLY|O_CLOEXEC) = 3</usr/lib/locale/C.utf8/LC_COLLATE>
1428416 openat(AT_FDCWD</tmp/kernel-audit2-v3r63b5w/\346\261\202\350\247\243\345\231\250>, "/usr/lib/locale/C.UTF-8/LC_TIME", O_RDONLY|O_CLOEXEC) = -1 ENOENT (No such file or directory)
1428416 openat(AT_FDCWD</tmp/kernel-audit2-v3r63b5w/\346\261\202\350\247\243\345\231\250>, "/usr/lib/locale/C.utf8/LC_TIME", O_RDONLY|O_CLOEXEC) = 3</usr/lib/locale/C.utf8/LC_TIME>
1428416 openat(AT_FDCWD</tmp/kernel-audit2-v3r63b5w/\346\261\202\350\247\243\345\231\250>, "/usr/lib/locale/C.UTF-8/LC_NUMERIC", O_RDONLY|O_CLOEXEC) = -1 ENOENT (No such file or directory)
1428416 openat(AT_FDCWD</tmp/kernel-audit2-v3r63b5w/\346\261\202\350\247\243\345\231\250>, "/usr/lib/locale/C.utf8/LC_NUMERIC", O_RDONLY|O_CLOEXEC) = 3</usr/lib/locale/C.utf8/LC_NUMERIC>
1428416 openat(AT_FDCWD</tmp/kernel-audit2-v3r63b5w/\346\261\202\350\247\243\345\231\250>, "/usr/lib/locale/C.UTF-8/LC_CTYPE", O_RDONLY|O_CLOEXEC) = -1 ENOENT (No such file or directory)
1428416 openat(AT_FDCWD</tmp/kernel-audit2-v3r63b5w/\346\261\202\350\247\243\345\231\250>, "/usr/lib/locale/C.utf8/LC_CTYPE", O_RDONLY|O_CLOEXEC) = 3</usr/lib/locale/C.utf8/LC_CTYPE>
1428416 openat(AT_FDCWD</tmp/kernel-audit2-v3r63b5w/\346\261\202\350\247\243\345\231\250>, "/tmp/kernel-audit2-v3r63b5w/\346\261\202\350\247\243\347\272\246\346\235\237.txt", O_RDONLY) = 3</tmp/kernel-audit2-v3r63b5w/\346\261\202\350\247\243\347\272\246\346\235\237.txt>
1428364 --- SIGCHLD {si_signo=SIGCHLD, si_code=CLD_EXITED, si_pid=1428416, si_uid=1000, si_status=0, si_utime=0, si_stime=0} ---
1428364 openat(AT_FDCWD</tmp/kernel-audit2-v3r63b5w/\346\261\202\350\247\243\345\231\250>, "/dev/null", O_RDONLY|O_CLOEXEC) = 3</dev/null<char 1:3>>
1428417 execve("/home/zhuran24/.codex/tmp/arg0/codex-arg0DuAZRy/sha256sum", ["sha256sum", "--", "/tmp/kernel-audit2-v3r63b5w/\346\261\202\350\247\243\345\231\250/\350\247\204\346\240\274/\351\200\211\346\213\251\347\202\271\345\217\202\346\225\260\350\275\264.md"], 0x7ffd72465138 /* 135 vars */) = -1 ENOENT (No such file or directory)
1428417 execve("/home/zhuran24/.cargo/bin/sha256sum", ["sha256sum", "--", "/tmp/kernel-audit2-v3r63b5w/\346\261\202\350\247\243\345\231\250/\350\247\204\346\240\274/\351\200\211\346\213\251\347\202\271\345\217\202\346\225\260\350\275\264.md"], 0x7ffd72465138 /* 135 vars */) = -1 ENOENT (No such file or directory)
1428417 execve("/home/zhuran24/.local/bin/sha256sum", ["sha256sum", "--", "/tmp/kernel-audit2-v3r63b5w/\346\261\202\350\247\243\345\231\250/\350\247\204\346\240\274/\351\200\211\346\213\251\347\202\271\345\217\202\346\225\260\350\275\264.md"], 0x7ffd72465138 /* 135 vars */) = -1 ENOENT (No such file or directory)
1428417 execve("/home/zhuran24/.opencode/bin/sha256sum", ["sha256sum", "--", "/tmp/kernel-audit2-v3r63b5w/\346\261\202\350\247\243\345\231\250/\350\247\204\346\240\274/\351\200\211\346\213\251\347\202\271\345\217\202\346\225\260\350\275\264.md"], 0x7ffd72465138 /* 135 vars */) = -1 ENOENT (No such file or directory)
1428417 execve("/usr/local/bin/sha256sum", ["sha256sum", "--", "/tmp/kernel-audit2-v3r63b5w/\346\261\202\350\247\243\345\231\250/\350\247\204\346\240\274/\351\200\211\346\213\251\347\202\271\345\217\202\346\225\260\350\275\264.md"], 0x7ffd72465138 /* 135 vars */) = -1 ENOENT (No such file or directory)
1428417 execve("/usr/bin/sha256sum", ["sha256sum", "--", "/tmp/kernel-audit2-v3r63b5w/\346\261\202\350\247\243\345\231\250/\350\247\204\346\240\274/\351\200\211\346\213\251\347\202\271\345\217\202\346\225\260\350\275\264.md"], 0x7ffd72465138 /* 135 vars */) = 0
1428417 openat(AT_FDCWD</tmp/kernel-audit2-v3r63b5w/\346\261\202\350\247\243\345\231\250>, "/etc/ld.so.cache", O_RDONLY|O_CLOEXEC) = 3</etc/ld.so.cache>
1428417 openat(AT_FDCWD</tmp/kernel-audit2-v3r63b5w/\346\261\202\350\247\243\345\231\250>, "/usr/lib/libcrypto.so.3", O_RDONLY|O_CLOEXEC) = 3</usr/lib/libcrypto.so.3>
1428417 openat(AT_FDCWD</tmp/kernel-audit2-v3r63b5w/\346\261\202\350\247\243\345\231\250>, "/usr/lib/libc.so.6", O_RDONLY|O_CLOEXEC) = 3</usr/lib/libc.so.6>
1428417 openat(AT_FDCWD</tmp/kernel-audit2-v3r63b5w/\346\261\202\350\247\243\345\231\250>, "/usr/lib/libz.so.1", O_RDONLY|O_CLOEXEC) = 3</usr/lib/libz.so.1.3.1.zlib-ng>
1428417 openat(AT_FDCWD</tmp/kernel-audit2-v3r63b5w/\346\261\202\350\247\243\345\231\250>, "/usr/lib/libbrotlienc.so.1", O_RDONLY|O_CLOEXEC) = 3</usr/lib/libbrotlienc.so.1.2.0>
1428417 openat(AT_FDCWD</tmp/kernel-audit2-v3r63b5w/\346\261\202\350\247\243\345\231\250>, "/usr/lib/libbrotlidec.so.1", O_RDONLY|O_CLOEXEC) = 3</usr/lib/libbrotlidec.so.1.2.0>
1428417 openat(AT_FDCWD</tmp/kernel-audit2-v3r63b5w/\346\261\202\350\247\243\345\231\250>, "/usr/lib/libzstd.so.1", O_RDONLY|O_CLOEXEC) = 3</usr/lib/libzstd.so.1.5.7>
1428417 openat(AT_FDCWD</tmp/kernel-audit2-v3r63b5w/\346\261\202\350\247\243\345\231\250>, "/usr/lib/libm.so.6", O_RDONLY|O_CLOEXEC) = 3</usr/lib/libm.so.6>
1428417 openat(AT_FDCWD</tmp/kernel-audit2-v3r63b5w/\346\261\202\350\247\243\345\231\250>, "/usr/lib/libbrotlicommon.so.1", O_RDONLY|O_CLOEXEC) = 3</usr/lib/libbrotlicommon.so.1.2.0>
1428417 openat(AT_FDCWD</tmp/kernel-audit2-v3r63b5w/\346\261\202\350\247\243\345\231\250>, "/usr/lib/locale/locale-archive", O_RDONLY|O_CLOEXEC) = 3</usr/lib/locale/locale-archive>
1428417 openat(AT_FDCWD</tmp/kernel-audit2-v3r63b5w/\346\261\202\350\247\243\345\231\250>, "/usr/share/locale/locale.alias", O_RDONLY|O_CLOEXEC) = 3</usr/share/locale/locale.alias>
1428417 openat(AT_FDCWD</tmp/kernel-audit2-v3r63b5w/\346\261\202\350\247\243\345\231\250>, "/usr/lib/locale/C.UTF-8/LC_IDENTIFICATION", O_RDONLY|O_CLOEXEC) = -1 ENOENT (No such file or directory)
1428417 openat(AT_FDCWD</tmp/kernel-audit2-v3r63b5w/\346\261\202\350\247\243\345\231\250>, "/usr/lib/locale/C.utf8/LC_IDENTIFICATION", O_RDONLY|O_CLOEXEC) = 3</usr/lib/locale/C.utf8/LC_IDENTIFICATION>
1428417 openat(AT_FDCWD</tmp/kernel-audit2-v3r63b5w/\346\261\202\350\247\243\345\231\250>, "/usr/lib/gconv/gconv-modules.cache", O_RDONLY|O_CLOEXEC) = 3</usr/lib/gconv/gconv-modules.cache>
1428417 openat(AT_FDCWD</tmp/kernel-audit2-v3r63b5w/\346\261\202\350\247\243\345\231\250>, "/usr/lib/locale/C.UTF-8/LC_MEASUREMENT", O_RDONLY|O_CLOEXEC) = -1 ENOENT (No such file or directory)
1428417 openat(AT_FDCWD</tmp/kernel-audit2-v3r63b5w/\346\261\202\350\247\243\345\231\250>, "/usr/lib/locale/C.utf8/LC_MEASUREMENT", O_RDONLY|O_CLOEXEC) = 3</usr/lib/locale/C.utf8/LC_MEASUREMENT>
1428417 openat(AT_FDCWD</tmp/kernel-audit2-v3r63b5w/\346\261\202\350\247\243\345\231\250>, "/usr/lib/locale/C.UTF-8/LC_TELEPHONE", O_RDONLY|O_CLOEXEC) = -1 ENOENT (No such file or directory)
1428417 openat(AT_FDCWD</tmp/kernel-audit2-v3r63b5w/\346\261\202\350\247\243\345\231\250>, "/usr/lib/locale/C.utf8/LC_TELEPHONE", O_RDONLY|O_CLOEXEC) = 3</usr/lib/locale/C.utf8/LC_TELEPHONE>
1428417 openat(AT_FDCWD</tmp/kernel-audit2-v3r63b5w/\346\261\202\350\247\243\345\231\250>, "/usr/lib/locale/C.UTF-8/LC_ADDRESS", O_RDONLY|O_CLOEXEC) = -1 ENOENT (No such file or directory)
1428417 openat(AT_FDCWD</tmp/kernel-audit2-v3r63b5w/\346\261\202\350\247\243\345\231\250>, "/usr/lib/locale/C.utf8/LC_ADDRESS", O_RDONLY|O_CLOEXEC) = 3</usr/lib/locale/C.utf8/LC_ADDRESS>
1428417 openat(AT_FDCWD</tmp/kernel-audit2-v3r63b5w/\346\261\202\350\247\243\345\231\250>, "/usr/lib/locale/C.UTF-8/LC_NAME", O_RDONLY|O_CLOEXEC) = -1 ENOENT (No such file or directory)
1428417 openat(AT_FDCWD</tmp/kernel-audit2-v3r63b5w/\346\261\202\350\247\243\345\231\250>, "/usr/lib/locale/C.utf8/LC_NAME", O_RDONLY|O_CLOEXEC) = 3</usr/lib/locale/C.utf8/LC_NAME>
1428417 openat(AT_FDCWD</tmp/kernel-audit2-v3r63b5w/\346\261\202\350\247\243\345\231\250>, "/usr/lib/locale/C.UTF-8/LC_PAPER", O_RDONLY|O_CLOEXEC) = -1 ENOENT (No such file or directory)
1428417 openat(AT_FDCWD</tmp/kernel-audit2-v3r63b5w/\346\261\202\350\247\243\345\231\250>, "/usr/lib/locale/C.utf8/LC_PAPER", O_RDONLY|O_CLOEXEC) = 3</usr/lib/locale/C.utf8/LC_PAPER>
1428417 openat(AT_FDCWD</tmp/kernel-audit2-v3r63b5w/\346\261\202\350\247\243\345\231\250>, "/usr/lib/locale/C.UTF-8/LC_MESSAGES", O_RDONLY|O_CLOEXEC) = -1 ENOENT (No such file or directory)
1428417 openat(AT_FDCWD</tmp/kernel-audit2-v3r63b5w/\346\261\202\350\247\243\345\231\250>, "/usr/lib/locale/C.utf8/LC_MESSAGES", O_RDONLY|O_CLOEXEC) = 3</usr/lib/locale/C.utf8/LC_MESSAGES>
1428417 openat(AT_FDCWD</tmp/kernel-audit2-v3r63b5w/\346\261\202\350\247\243\345\231\250>, "/usr/lib/locale/C.utf8/LC_MESSAGES/SYS_LC_MESSAGES", O_RDONLY|O_CLOEXEC) = 3</usr/lib/locale/C.utf8/LC_MESSAGES/SYS_LC_MESSAGES>
1428417 openat(AT_FDCWD</tmp/kernel-audit2-v3r63b5w/\346\261\202\350\247\243\345\231\250>, "/usr/lib/locale/C.UTF-8/LC_MONETARY", O_RDONLY|O_CLOEXEC) = -1 ENOENT (No such file or directory)
1428417 openat(AT_FDCWD</tmp/kernel-audit2-v3r63b5w/\346\261\202\350\247\243\345\231\250>, "/usr/lib/locale/C.utf8/LC_MONETARY", O_RDONLY|O_CLOEXEC) = 3</usr/lib/locale/C.utf8/LC_MONETARY>
1428417 openat(AT_FDCWD</tmp/kernel-audit2-v3r63b5w/\346\261\202\350\247\243\345\231\250>, "/usr/lib/locale/C.UTF-8/LC_COLLATE", O_RDONLY|O_CLOEXEC) = -1 ENOENT (No such file or directory)
1428417 openat(AT_FDCWD</tmp/kernel-audit2-v3r63b5w/\346\261\202\350\247\243\345\231\250>, "/usr/lib/locale/C.utf8/LC_COLLATE", O_RDONLY|O_CLOEXEC) = 3</usr/lib/locale/C.utf8/LC_COLLATE>
1428417 openat(AT_FDCWD</tmp/kernel-audit2-v3r63b5w/\346\261\202\350\247\243\345\231\250>, "/usr/lib/locale/C.UTF-8/LC_TIME", O_RDONLY|O_CLOEXEC) = -1 ENOENT (No such file or directory)
1428417 openat(AT_FDCWD</tmp/kernel-audit2-v3r63b5w/\346\261\202\350\247\243\345\231\250>, "/usr/lib/locale/C.utf8/LC_TIME", O_RDONLY|O_CLOEXEC) = 3</usr/lib/locale/C.utf8/LC_TIME>
1428417 openat(AT_FDCWD</tmp/kernel-audit2-v3r63b5w/\346\261\202\350\247\243\345\231\250>, "/usr/lib/locale/C.UTF-8/LC_NUMERIC", O_RDONLY|O_CLOEXEC) = -1 ENOENT (No such file or directory)
1428417 openat(AT_FDCWD</tmp/kernel-audit2-v3r63b5w/\346\261\202\350\247\243\345\231\250>, "/usr/lib/locale/C.utf8/LC_NUMERIC", O_RDONLY|O_CLOEXEC) = 3</usr/lib/locale/C.utf8/LC_NUMERIC>
1428417 openat(AT_FDCWD</tmp/kernel-audit2-v3r63b5w/\346\261\202\350\247\243\345\231\250>, "/usr/lib/locale/C.UTF-8/LC_CTYPE", O_RDONLY|O_CLOEXEC) = -1 ENOENT (No such file or directory)
1428417 openat(AT_FDCWD</tmp/kernel-audit2-v3r63b5w/\346\261\202\350\247\243\345\231\250>, "/usr/lib/locale/C.utf8/LC_CTYPE", O_RDONLY|O_CLOEXEC) = 3</usr/lib/locale/C.utf8/LC_CTYPE>
1428417 openat(AT_FDCWD</tmp/kernel-audit2-v3r63b5w/\346\261\202\350\247\243\345\231\250>, "/tmp/kernel-audit2-v3r63b5w/\346\261\202\350\247\243\345\231\250/\350\247\204\346\240\274/\351\200\211\346\213\251\347\202\271\345\217\202\346\225\260\350\275\264.md", O_RDONLY) = 3</tmp/kernel-audit2-v3r63b5w/\346\261\202\350\247\243\345\231\250/\350\247\204\346\240\274/\351\200\211\346\213\251\347\202\271\345\217\202\346\225\260\350\275\264.md>
1428364 --- SIGCHLD {si_signo=SIGCHLD, si_code=CLD_EXITED, si_pid=1428417, si_uid=1000, si_status=0, si_utime=0, si_stime=0} ---
1428364 openat(AT_FDCWD</tmp/kernel-audit2-v3r63b5w/\346\261\202\350\247\243\345\231\250>, "/dev/null", O_RDONLY|O_CLOEXEC) = 3</dev/null<char 1:3>>
1428418 execve("/home/zhuran24/.codex/tmp/arg0/codex-arg0DuAZRy/sha256sum", ["sha256sum", "--", "/tmp/kernel-audit2-v3r63b5w/\346\261\202\350\247\243\345\231\250/\350\247\204\346\240\274/\345\217\227\351\231\220\346\250\241\345\236\213\345\243\260\346\230\216.md"], 0x7ffd72465138 /* 135 vars */) = -1 ENOENT (No such file or directory)
1428418 execve("/home/zhuran24/.cargo/bin/sha256sum", ["sha256sum", "--", "/tmp/kernel-audit2-v3r63b5w/\346\261\202\350\247\243\345\231\250/\350\247\204\346\240\274/\345\217\227\351\231\220\346\250\241\345\236\213\345\243\260\346\230\216.md"], 0x7ffd72465138 /* 135 vars */) = -1 ENOENT (No such file or directory)
1428418 execve("/home/zhuran24/.local/bin/sha256sum", ["sha256sum", "--", "/tmp/kernel-audit2-v3r63b5w/\346\261\202\350\247\243\345\231\250/\350\247\204\346\240\274/\345\217\227\351\231\220\346\250\241\345\236\213\345\243\260\346\230\216.md"], 0x7ffd72465138 /* 135 vars */) = -1 ENOENT (No such file or directory)
1428418 execve("/home/zhuran24/.opencode/bin/sha256sum", ["sha256sum", "--", "/tmp/kernel-audit2-v3r63b5w/\346\261\202\350\247\243\345\231\250/\350\247\204\346\240\274/\345\217\227\351\231\220\346\250\241\345\236\213\345\243\260\346\230\216.md"], 0x7ffd72465138 /* 135 vars */) = -1 ENOENT (No such file or directory)
1428418 execve("/usr/local/bin/sha256sum", ["sha256sum", "--", "/tmp/kernel-audit2-v3r63b5w/\346\261\202\350\247\243\345\231\250/\350\247\204\346\240\274/\345\217\227\351\231\220\346\250\241\345\236\213\345\243\260\346\230\216.md"], 0x7ffd72465138 /* 135 vars */) = -1 ENOENT (No such file or directory)
1428418 execve("/usr/bin/sha256sum", ["sha256sum", "--", "/tmp/kernel-audit2-v3r63b5w/\346\261\202\350\247\243\345\231\250/\350\247\204\346\240\274/\345\217\227\351\231\220\346\250\241\345\236\213\345\243\260\346\230\216.md"], 0x7ffd72465138 /* 135 vars */) = 0
1428418 openat(AT_FDCWD</tmp/kernel-audit2-v3r63b5w/\346\261\202\350\247\243\345\231\250>, "/etc/ld.so.cache", O_RDONLY|O_CLOEXEC) = 3</etc/ld.so.cache>
1428418 openat(AT_FDCWD</tmp/kernel-audit2-v3r63b5w/\346\261\202\350\247\243\345\231\250>, "/usr/lib/libcrypto.so.3", O_RDONLY|O_CLOEXEC) = 3</usr/lib/libcrypto.so.3>
1428418 openat(AT_FDCWD</tmp/kernel-audit2-v3r63b5w/\346\261\202\350\247\243\345\231\250>, "/usr/lib/libc.so.6", O_RDONLY|O_CLOEXEC) = 3</usr/lib/libc.so.6>
1428418 openat(AT_FDCWD</tmp/kernel-audit2-v3r63b5w/\346\261\202\350\247\243\345\231\250>, "/usr/lib/libz.so.1", O_RDONLY|O_CLOEXEC) = 3</usr/lib/libz.so.1.3.1.zlib-ng>
1428418 openat(AT_FDCWD</tmp/kernel-audit2-v3r63b5w/\346\261\202\350\247\243\345\231\250>, "/usr/lib/libbrotlienc.so.1", O_RDONLY|O_CLOEXEC) = 3</usr/lib/libbrotlienc.so.1.2.0>
1428418 openat(AT_FDCWD</tmp/kernel-audit2-v3r63b5w/\346\261\202\350\247\243\345\231\250>, "/usr/lib/libbrotlidec.so.1", O_RDONLY|O_CLOEXEC) = 3</usr/lib/libbrotlidec.so.1.2.0>
1428418 openat(AT_FDCWD</tmp/kernel-audit2-v3r63b5w/\346\261\202\350\247\243\345\231\250>, "/usr/lib/libzstd.so.1", O_RDONLY|O_CLOEXEC) = 3</usr/lib/libzstd.so.1.5.7>
1428418 openat(AT_FDCWD</tmp/kernel-audit2-v3r63b5w/\346\261\202\350\247\243\345\231\250>, "/usr/lib/libm.so.6", O_RDONLY|O_CLOEXEC) = 3</usr/lib/libm.so.6>
1428418 openat(AT_FDCWD</tmp/kernel-audit2-v3r63b5w/\346\261\202\350\247\243\345\231\250>, "/usr/lib/libbrotlicommon.so.1", O_RDONLY|O_CLOEXEC) = 3</usr/lib/libbrotlicommon.so.1.2.0>
1428418 openat(AT_FDCWD</tmp/kernel-audit2-v3r63b5w/\346\261\202\350\247\243\345\231\250>, "/usr/lib/locale/locale-archive", O_RDONLY|O_CLOEXEC) = 3</usr/lib/locale/locale-archive>
1428418 openat(AT_FDCWD</tmp/kernel-audit2-v3r63b5w/\346\261\202\350\247\243\345\231\250>, "/usr/share/locale/locale.alias", O_RDONLY|O_CLOEXEC) = 3</usr/share/locale/locale.alias>
1428418 openat(AT_FDCWD</tmp/kernel-audit2-v3r63b5w/\346\261\202\350\247\243\345\231\250>, "/usr/lib/locale/C.UTF-8/LC_IDENTIFICATION", O_RDONLY|O_CLOEXEC) = -1 ENOENT (No such file or directory)
1428418 openat(AT_FDCWD</tmp/kernel-audit2-v3r63b5w/\346\261\202\350\247\243\345\231\250>, "/usr/lib/locale/C.utf8/LC_IDENTIFICATION", O_RDONLY|O_CLOEXEC) = 3</usr/lib/locale/C.utf8/LC_IDENTIFICATION>
1428418 openat(AT_FDCWD</tmp/kernel-audit2-v3r63b5w/\346\261\202\350\247\243\345\231\250>, "/usr/lib/gconv/gconv-modules.cache", O_RDONLY|O_CLOEXEC) = 3</usr/lib/gconv/gconv-modules.cache>
1428418 openat(AT_FDCWD</tmp/kernel-audit2-v3r63b5w/\346\261\202\350\247\243\345\231\250>, "/usr/lib/locale/C.UTF-8/LC_MEASUREMENT", O_RDONLY|O_CLOEXEC) = -1 ENOENT (No such file or directory)
1428418 openat(AT_FDCWD</tmp/kernel-audit2-v3r63b5w/\346\261\202\350\247\243\345\231\250>, "/usr/lib/locale/C.utf8/LC_MEASUREMENT", O_RDONLY|O_CLOEXEC) = 3</usr/lib/locale/C.utf8/LC_MEASUREMENT>
1428418 openat(AT_FDCWD</tmp/kernel-audit2-v3r63b5w/\346\261\202\350\247\243\345\231\250>, "/usr/lib/locale/C.UTF-8/LC_TELEPHONE", O_RDONLY|O_CLOEXEC) = -1 ENOENT (No such file or directory)
1428418 openat(AT_FDCWD</tmp/kernel-audit2-v3r63b5w/\346\261\202\350\247\243\345\231\250>, "/usr/lib/locale/C.utf8/LC_TELEPHONE", O_RDONLY|O_CLOEXEC) = 3</usr/lib/locale/C.utf8/LC_TELEPHONE>
1428418 openat(AT_FDCWD</tmp/kernel-audit2-v3r63b5w/\346\261\202\350\247\243\345\231\250>, "/usr/lib/locale/C.UTF-8/LC_ADDRESS", O_RDONLY|O_CLOEXEC) = -1 ENOENT (No such file or directory)
1428418 openat(AT_FDCWD</tmp/kernel-audit2-v3r63b5w/\346\261\202\350\247\243\345\231\250>, "/usr/lib/locale/C.utf8/LC_ADDRESS", O_RDONLY|O_CLOEXEC) = 3</usr/lib/locale/C.utf8/LC_ADDRESS>
1428418 openat(AT_FDCWD</tmp/kernel-audit2-v3r63b5w/\346\261\202\350\247\243\345\231\250>, "/usr/lib/locale/C.UTF-8/LC_NAME", O_RDONLY|O_CLOEXEC) = -1 ENOENT (No such file or directory)
1428418 openat(AT_FDCWD</tmp/kernel-audit2-v3r63b5w/\346\261\202\350\247\243\345\231\250>, "/usr/lib/locale/C.utf8/LC_NAME", O_RDONLY|O_CLOEXEC) = 3</usr/lib/locale/C.utf8/LC_NAME>
1428418 openat(AT_FDCWD</tmp/kernel-audit2-v3r63b5w/\346\261\202\350\247\243\345\231\250>, "/usr/lib/locale/C.UTF-8/LC_PAPER", O_RDONLY|O_CLOEXEC) = -1 ENOENT (No such file or directory)
1428418 openat(AT_FDCWD</tmp/kernel-audit2-v3r63b5w/\346\261\202\350\247\243\345\231\250>, "/usr/lib/locale/C.utf8/LC_PAPER", O_RDONLY|O_CLOEXEC) = 3</usr/lib/locale/C.utf8/LC_PAPER>
1428418 openat(AT_FDCWD</tmp/kernel-audit2-v3r63b5w/\346\261\202\350\247\243\345\231\250>, "/usr/lib/locale/C.UTF-8/LC_MESSAGES", O_RDONLY|O_CLOEXEC) = -1 ENOENT (No such file or directory)
1428418 openat(AT_FDCWD</tmp/kernel-audit2-v3r63b5w/\346\261\202\350\247\243\345\231\250>, "/usr/lib/locale/C.utf8/LC_MESSAGES", O_RDONLY|O_CLOEXEC) = 3</usr/lib/locale/C.utf8/LC_MESSAGES>
1428418 openat(AT_FDCWD</tmp/kernel-audit2-v3r63b5w/\346\261\202\350\247\243\345\231\250>, "/usr/lib/locale/C.utf8/LC_MESSAGES/SYS_LC_MESSAGES", O_RDONLY|O_CLOEXEC) = 3</usr/lib/locale/C.utf8/LC_MESSAGES/SYS_LC_MESSAGES>
1428418 openat(AT_FDCWD</tmp/kernel-audit2-v3r63b5w/\346\261\202\350\247\243\345\231\250>, "/usr/lib/locale/C.UTF-8/LC_MONETARY", O_RDONLY|O_CLOEXEC) = -1 ENOENT (No such file or directory)
1428418 openat(AT_FDCWD</tmp/kernel-audit2-v3r63b5w/\346\261\202\350\247\243\345\231\250>, "/usr/lib/locale/C.utf8/LC_MONETARY", O_RDONLY|O_CLOEXEC) = 3</usr/lib/locale/C.utf8/LC_MONETARY>
1428418 openat(AT_FDCWD</tmp/kernel-audit2-v3r63b5w/\346\261\202\350\247\243\345\231\250>, "/usr/lib/locale/C.UTF-8/LC_COLLATE", O_RDONLY|O_CLOEXEC) = -1 ENOENT (No such file or directory)
1428418 openat(AT_FDCWD</tmp/kernel-audit2-v3r63b5w/\346\261\202\350\247\243\345\231\250>, "/usr/lib/locale/C.utf8/LC_COLLATE", O_RDONLY|O_CLOEXEC) = 3</usr/lib/locale/C.utf8/LC_COLLATE>
1428418 openat(AT_FDCWD</tmp/kernel-audit2-v3r63b5w/\346\261\202\350\247\243\345\231\250>, "/usr/lib/locale/C.UTF-8/LC_TIME", O_RDONLY|O_CLOEXEC) = -1 ENOENT (No such file or directory)
1428418 openat(AT_FDCWD</tmp/kernel-audit2-v3r63b5w/\346\261\202\350\247\243\345\231\250>, "/usr/lib/locale/C.utf8/LC_TIME", O_RDONLY|O_CLOEXEC) = 3</usr/lib/locale/C.utf8/LC_TIME>
1428418 openat(AT_FDCWD</tmp/kernel-audit2-v3r63b5w/\346\261\202\350\247\243\345\231\250>, "/usr/lib/locale/C.UTF-8/LC_NUMERIC", O_RDONLY|O_CLOEXEC) = -1 ENOENT (No such file or directory)
1428418 openat(AT_FDCWD</tmp/kernel-audit2-v3r63b5w/\346\261\202\350\247\243\345\231\250>, "/usr/lib/locale/C.utf8/LC_NUMERIC", O_RDONLY|O_CLOEXEC) = 3</usr/lib/locale/C.utf8/LC_NUMERIC>
1428418 openat(AT_FDCWD</tmp/kernel-audit2-v3r63b5w/\346\261\202\350\247\243\345\231\250>, "/usr/lib/locale/C.UTF-8/LC_CTYPE", O_RDONLY|O_CLOEXEC) = -1 ENOENT (No such file or directory)
1428418 openat(AT_FDCWD</tmp/kernel-audit2-v3r63b5w/\346\261\202\350\247\243\345\231\250>, "/usr/lib/locale/C.utf8/LC_CTYPE", O_RDONLY|O_CLOEXEC) = 3</usr/lib/locale/C.utf8/LC_CTYPE>
1428418 openat(AT_FDCWD</tmp/kernel-audit2-v3r63b5w/\346\261\202\350\247\243\345\231\250>, "/tmp/kernel-audit2-v3r63b5w/\346\261\202\350\247\243\345\231\250/\350\247\204\346\240\274/\345\217\227\351\231\220\346\250\241\345\236\213\345\243\260\346\230\216.md", O_RDONLY) = 3</tmp/kernel-audit2-v3r63b5w/\346\261\202\350\247\243\345\231\250/\350\247\204\346\240\274/\345\217\227\351\231\220\346\250\241\345\236\213\345\243\260\346\230\216.md>
1428364 --- SIGCHLD {si_signo=SIGCHLD, si_code=CLD_EXITED, si_pid=1428418, si_uid=1000, si_status=0, si_utime=0, si_stime=0} ---
1428364 openat(AT_FDCWD</tmp/kernel-audit2-v3r63b5w/\346\261\202\350\247\243\345\231\250>, "/dev/null", O_RDONLY|O_CLOEXEC) = 3</dev/null<char 1:3>>
1428419 execve("/home/zhuran24/.codex/tmp/arg0/codex-arg0DuAZRy/sha256sum", ["sha256sum", "--", "/tmp/kernel-audit2-v3r63b5w/\346\261\202\350\247\243\345\231\250/\350\247\204\346\240\274/\345\217\227\351\231\220\350\275\254\347\247\273\345\256\232\344\271\211.md"], 0x7ffd72465138 /* 135 vars */) = -1 ENOENT (No such file or directory)
1428419 execve("/home/zhuran24/.cargo/bin/sha256sum", ["sha256sum", "--", "/tmp/kernel-audit2-v3r63b5w/\346\261\202\350\247\243\345\231\250/\350\247\204\346\240\274/\345\217\227\351\231\220\350\275\254\347\247\273\345\256\232\344\271\211.md"], 0x7ffd72465138 /* 135 vars */) = -1 ENOENT (No such file or directory)
1428419 execve("/home/zhuran24/.local/bin/sha256sum", ["sha256sum", "--", "/tmp/kernel-audit2-v3r63b5w/\346\261\202\350\247\243\345\231\250/\350\247\204\346\240\274/\345\217\227\351\231\220\350\275\254\347\247\273\345\256\232\344\271\211.md"], 0x7ffd72465138 /* 135 vars */) = -1 ENOENT (No such file or directory)
1428419 execve("/home/zhuran24/.opencode/bin/sha256sum", ["sha256sum", "--", "/tmp/kernel-audit2-v3r63b5w/\346\261\202\350\247\243\345\231\250/\350\247\204\346\240\274/\345\217\227\351\231\220\350\275\254\347\247\273\345\256\232\344\271\211.md"], 0x7ffd72465138 /* 135 vars */) = -1 ENOENT (No such file or directory)
1428419 execve("/usr/local/bin/sha256sum", ["sha256sum", "--", "/tmp/kernel-audit2-v3r63b5w/\346\261\202\350\247\243\345\231\250/\350\247\204\346\240\274/\345\217\227\351\231\220\350\275\254\347\247\273\345\256\232\344\271\211.md"], 0x7ffd72465138 /* 135 vars */) = -1 ENOENT (No such file or directory)
1428419 execve("/usr/bin/sha256sum", ["sha256sum", "--", "/tmp/kernel-audit2-v3r63b5w/\346\261\202\350\247\243\345\231\250/\350\247\204\346\240\274/\345\217\227\351\231\220\350\275\254\347\247\273\345\256\232\344\271\211.md"], 0x7ffd72465138 /* 135 vars */) = 0
1428419 openat(AT_FDCWD</tmp/kernel-audit2-v3r63b5w/\346\261\202\350\247\243\345\231\250>, "/etc/ld.so.cache", O_RDONLY|O_CLOEXEC) = 3</etc/ld.so.cache>
1428419 openat(AT_FDCWD</tmp/kernel-audit2-v3r63b5w/\346\261\202\350\247\243\345\231\250>, "/usr/lib/libcrypto.so.3", O_RDONLY|O_CLOEXEC) = 3</usr/lib/libcrypto.so.3>
1428419 openat(AT_FDCWD</tmp/kernel-audit2-v3r63b5w/\346\261\202\350\247\243\345\231\250>, "/usr/lib/libc.so.6", O_RDONLY|O_CLOEXEC) = 3</usr/lib/libc.so.6>
1428419 openat(AT_FDCWD</tmp/kernel-audit2-v3r63b5w/\346\261\202\350\247\243\345\231\250>, "/usr/lib/libz.so.1", O_RDONLY|O_CLOEXEC) = 3</usr/lib/libz.so.1.3.1.zlib-ng>
1428419 openat(AT_FDCWD</tmp/kernel-audit2-v3r63b5w/\346\261\202\350\247\243\345\231\250>, "/usr/lib/libbrotlienc.so.1", O_RDONLY|O_CLOEXEC) = 3</usr/lib/libbrotlienc.so.1.2.0>
1428419 openat(AT_FDCWD</tmp/kernel-audit2-v3r63b5w/\346\261\202\350\247\243\345\231\250>, "/usr/lib/libbrotlidec.so.1", O_RDONLY|O_CLOEXEC) = 3</usr/lib/libbrotlidec.so.1.2.0>
1428419 openat(AT_FDCWD</tmp/kernel-audit2-v3r63b5w/\346\261\202\350\247\243\345\231\250>, "/usr/lib/libzstd.so.1", O_RDONLY|O_CLOEXEC) = 3</usr/lib/libzstd.so.1.5.7>
1428419 openat(AT_FDCWD</tmp/kernel-audit2-v3r63b5w/\346\261\202\350\247\243\345\231\250>, "/usr/lib/libm.so.6", O_RDONLY|O_CLOEXEC) = 3</usr/lib/libm.so.6>
1428419 openat(AT_FDCWD</tmp/kernel-audit2-v3r63b5w/\346\261\202\350\247\243\345\231\250>, "/usr/lib/libbrotlicommon.so.1", O_RDONLY|O_CLOEXEC) = 3</usr/lib/libbrotlicommon.so.1.2.0>
1428419 openat(AT_FDCWD</tmp/kernel-audit2-v3r63b5w/\346\261\202\350\247\243\345\231\250>, "/usr/lib/locale/locale-archive", O_RDONLY|O_CLOEXEC) = 3</usr/lib/locale/locale-archive>
1428419 openat(AT_FDCWD</tmp/kernel-audit2-v3r63b5w/\346\261\202\350\247\243\345\231\250>, "/usr/share/locale/locale.alias", O_RDONLY|O_CLOEXEC) = 3</usr/share/locale/locale.alias>
1428419 openat(AT_FDCWD</tmp/kernel-audit2-v3r63b5w/\346\261\202\350\247\243\345\231\250>, "/usr/lib/locale/C.UTF-8/LC_IDENTIFICATION", O_RDONLY|O_CLOEXEC) = -1 ENOENT (No such file or directory)
1428419 openat(AT_FDCWD</tmp/kernel-audit2-v3r63b5w/\346\261\202\350\247\243\345\231\250>, "/usr/lib/locale/C.utf8/LC_IDENTIFICATION", O_RDONLY|O_CLOEXEC) = 3</usr/lib/locale/C.utf8/LC_IDENTIFICATION>
1428419 openat(AT_FDCWD</tmp/kernel-audit2-v3r63b5w/\346\261\202\350\247\243\345\231\250>, "/usr/lib/gconv/gconv-modules.cache", O_RDONLY|O_CLOEXEC) = 3</usr/lib/gconv/gconv-modules.cache>
1428419 openat(AT_FDCWD</tmp/kernel-audit2-v3r63b5w/\346\261\202\350\247\243\345\231\250>, "/usr/lib/locale/C.UTF-8/LC_MEASUREMENT", O_RDONLY|O_CLOEXEC) = -1 ENOENT (No such file or directory)
1428419 openat(AT_FDCWD</tmp/kernel-audit2-v3r63b5w/\346\261\202\350\247\243\345\231\250>, "/usr/lib/locale/C.utf8/LC_MEASUREMENT", O_RDONLY|O_CLOEXEC) = 3</usr/lib/locale/C.utf8/LC_MEASUREMENT>
1428419 openat(AT_FDCWD</tmp/kernel-audit2-v3r63b5w/\346\261\202\350\247\243\345\231\250>, "/usr/lib/locale/C.UTF-8/LC_TELEPHONE", O_RDONLY|O_CLOEXEC) = -1 ENOENT (No such file or directory)
1428419 openat(AT_FDCWD</tmp/kernel-audit2-v3r63b5w/\346\261\202\350\247\243\345\231\250>, "/usr/lib/locale/C.utf8/LC_TELEPHONE", O_RDONLY|O_CLOEXEC) = 3</usr/lib/locale/C.utf8/LC_TELEPHONE>
1428419 openat(AT_FDCWD</tmp/kernel-audit2-v3r63b5w/\346\261\202\350\247\243\345\231\250>, "/usr/lib/locale/C.UTF-8/LC_ADDRESS", O_RDONLY|O_CLOEXEC) = -1 ENOENT (No such file or directory)
1428419 openat(AT_FDCWD</tmp/kernel-audit2-v3r63b5w/\346\261\202\350\247\243\345\231\250>, "/usr/lib/locale/C.utf8/LC_ADDRESS", O_RDONLY|O_CLOEXEC) = 3</usr/lib/locale/C.utf8/LC_ADDRESS>
1428419 openat(AT_FDCWD</tmp/kernel-audit2-v3r63b5w/\346\261\202\350\247\243\345\231\250>, "/usr/lib/locale/C.UTF-8/LC_NAME", O_RDONLY|O_CLOEXEC) = -1 ENOENT (No such file or directory)
1428419 openat(AT_FDCWD</tmp/kernel-audit2-v3r63b5w/\346\261\202\350\247\243\345\231\250>, "/usr/lib/locale/C.utf8/LC_NAME", O_RDONLY|O_CLOEXEC) = 3</usr/lib/locale/C.utf8/LC_NAME>
1428419 openat(AT_FDCWD</tmp/kernel-audit2-v3r63b5w/\346\261\202\350\247\243\345\231\250>, "/usr/lib/locale/C.UTF-8/LC_PAPER", O_RDONLY|O_CLOEXEC) = -1 ENOENT (No such file or directory)
1428419 openat(AT_FDCWD</tmp/kernel-audit2-v3r63b5w/\346\261\202\350\247\243\345\231\250>, "/usr/lib/locale/C.utf8/LC_PAPER", O_RDONLY|O_CLOEXEC) = 3</usr/lib/locale/C.utf8/LC_PAPER>
1428419 openat(AT_FDCWD</tmp/kernel-audit2-v3r63b5w/\346\261\202\350\247\243\345\231\250>, "/usr/lib/locale/C.UTF-8/LC_MESSAGES", O_RDONLY|O_CLOEXEC) = -1 ENOENT (No such file or directory)
1428419 openat(AT_FDCWD</tmp/kernel-audit2-v3r63b5w/\346\261\202\350\247\243\345\231\250>, "/usr/lib/locale/C.utf8/LC_MESSAGES", O_RDONLY|O_CLOEXEC) = 3</usr/lib/locale/C.utf8/LC_MESSAGES>
1428419 openat(AT_FDCWD</tmp/kernel-audit2-v3r63b5w/\346\261\202\350\247\243\345\231\250>, "/usr/lib/locale/C.utf8/LC_MESSAGES/SYS_LC_MESSAGES", O_RDONLY|O_CLOEXEC) = 3</usr/lib/locale/C.utf8/LC_MESSAGES/SYS_LC_MESSAGES>
1428419 openat(AT_FDCWD</tmp/kernel-audit2-v3r63b5w/\346\261\202\350\247\243\345\231\250>, "/usr/lib/locale/C.UTF-8/LC_MONETARY", O_RDONLY|O_CLOEXEC) = -1 ENOENT (No such file or directory)
1428419 openat(AT_FDCWD</tmp/kernel-audit2-v3r63b5w/\346\261\202\350\247\243\345\231\250>, "/usr/lib/locale/C.utf8/LC_MONETARY", O_RDONLY|O_CLOEXEC) = 3</usr/lib/locale/C.utf8/LC_MONETARY>
1428419 openat(AT_FDCWD</tmp/kernel-audit2-v3r63b5w/\346\261\202\350\247\243\345\231\250>, "/usr/lib/locale/C.UTF-8/LC_COLLATE", O_RDONLY|O_CLOEXEC) = -1 ENOENT (No such file or directory)
1428419 openat(AT_FDCWD</tmp/kernel-audit2-v3r63b5w/\346\261\202\350\247\243\345\231\250>, "/usr/lib/locale/C.utf8/LC_COLLATE", O_RDONLY|O_CLOEXEC) = 3</usr/lib/locale/C.utf8/LC_COLLATE>
1428419 openat(AT_FDCWD</tmp/kernel-audit2-v3r63b5w/\346\261\202\350\247\243\345\231\250>, "/usr/lib/locale/C.UTF-8/LC_TIME", O_RDONLY|O_CLOEXEC) = -1 ENOENT (No such file or directory)
1428419 openat(AT_FDCWD</tmp/kernel-audit2-v3r63b5w/\346\261\202\350\247\243\345\231\250>, "/usr/lib/locale/C.utf8/LC_TIME", O_RDONLY|O_CLOEXEC) = 3</usr/lib/locale/C.utf8/LC_TIME>
1428419 openat(AT_FDCWD</tmp/kernel-audit2-v3r63b5w/\346\261\202\350\247\243\345\231\250>, "/usr/lib/locale/C.UTF-8/LC_NUMERIC", O_RDONLY|O_CLOEXEC) = -1 ENOENT (No such file or directory)
1428419 openat(AT_FDCWD</tmp/kernel-audit2-v3r63b5w/\346\261\202\350\247\243\345\231\250>, "/usr/lib/locale/C.utf8/LC_NUMERIC", O_RDONLY|O_CLOEXEC) = 3</usr/lib/locale/C.utf8/LC_NUMERIC>
1428419 openat(AT_FDCWD</tmp/kernel-audit2-v3r63b5w/\346\261\202\350\247\243\345\231\250>, "/usr/lib/locale/C.UTF-8/LC_CTYPE", O_RDONLY|O_CLOEXEC) = -1 ENOENT (No such file or directory)
1428419 openat(AT_FDCWD</tmp/kernel-audit2-v3r63b5w/\346\261\202\350\247\243\345\231\250>, "/usr/lib/locale/C.utf8/LC_CTYPE", O_RDONLY|O_CLOEXEC) = 3</usr/lib/locale/C.utf8/LC_CTYPE>
1428419 openat(AT_FDCWD</tmp/kernel-audit2-v3r63b5w/\346\261\202\350\247\243\345\231\250>, "/tmp/kernel-audit2-v3r63b5w/\346\261\202\350\247\243\345\231\250/\350\247\204\346\240\274/\345\217\227\351\231\220\350\275\254\347\247\273\345\256\232\344\271\211.md", O_RDONLY) = 3</tmp/kernel-audit2-v3r63b5w/\346\261\202\350\247\243\345\231\250/\350\247\204\346\240\274/\345\217\227\351\231\220\350\275\254\347\247\273\345\256\232\344\271\211.md>
1428364 --- SIGCHLD {si_signo=SIGCHLD, si_code=CLD_EXITED, si_pid=1428419, si_uid=1000, si_status=0, si_utime=0, si_stime=0} ---
1428364 openat(AT_FDCWD</tmp/kernel-audit2-v3r63b5w/\346\261\202\350\247\243\345\231\250>, "/dev/null", O_RDONLY|O_CLOEXEC) = 3</dev/null<char 1:3>>
1428420 execve("/home/zhuran24/.codex/tmp/arg0/codex-arg0DuAZRy/sha256sum", ["sha256sum", "--", "/tmp/kernel-audit2-v3r63b5w/\346\261\202\350\247\243\345\231\250/\350\247\204\346\240\274/\350\277\220\350\241\214\350\257\255\344\271\211.md"], 0x7ffd72465138 /* 135 vars */) = -1 ENOENT (No such file or directory)
1428420 execve("/home/zhuran24/.cargo/bin/sha256sum", ["sha256sum", "--", "/tmp/kernel-audit2-v3r63b5w/\346\261\202\350\247\243\345\231\250/\350\247\204\346\240\274/\350\277\220\350\241\214\350\257\255\344\271\211.md"], 0x7ffd72465138 /* 135 vars */) = -1 ENOENT (No such file or directory)
1428420 execve("/home/zhuran24/.local/bin/sha256sum", ["sha256sum", "--", "/tmp/kernel-audit2-v3r63b5w/\346\261\202\350\247\243\345\231\250/\350\247\204\346\240\274/\350\277\220\350\241\214\350\257\255\344\271\211.md"], 0x7ffd72465138 /* 135 vars */) = -1 ENOENT (No such file or directory)
1428420 execve("/home/zhuran24/.opencode/bin/sha256sum", ["sha256sum", "--", "/tmp/kernel-audit2-v3r63b5w/\346\261\202\350\247\243\345\231\250/\350\247\204\346\240\274/\350\277\220\350\241\214\350\257\255\344\271\211.md"], 0x7ffd72465138 /* 135 vars */) = -1 ENOENT (No such file or directory)
1428420 execve("/usr/local/bin/sha256sum", ["sha256sum", "--", "/tmp/kernel-audit2-v3r63b5w/\346\261\202\350\247\243\345\231\250/\350\247\204\346\240\274/\350\277\220\350\241\214\350\257\255\344\271\211.md"], 0x7ffd72465138 /* 135 vars */) = -1 ENOENT (No such file or directory)
1428420 execve("/usr/bin/sha256sum", ["sha256sum", "--", "/tmp/kernel-audit2-v3r63b5w/\346\261\202\350\247\243\345\231\250/\350\247\204\346\240\274/\350\277\220\350\241\214\350\257\255\344\271\211.md"], 0x7ffd72465138 /* 135 vars */) = 0
1428420 openat(AT_FDCWD</tmp/kernel-audit2-v3r63b5w/\346\261\202\350\247\243\345\231\250>, "/etc/ld.so.cache", O_RDONLY|O_CLOEXEC) = 3</etc/ld.so.cache>
1428420 openat(AT_FDCWD</tmp/kernel-audit2-v3r63b5w/\346\261\202\350\247\243\345\231\250>, "/usr/lib/libcrypto.so.3", O_RDONLY|O_CLOEXEC) = 3</usr/lib/libcrypto.so.3>
1428420 openat(AT_FDCWD</tmp/kernel-audit2-v3r63b5w/\346\261\202\350\247\243\345\231\250>, "/usr/lib/libc.so.6", O_RDONLY|O_CLOEXEC) = 3</usr/lib/libc.so.6>
1428420 openat(AT_FDCWD</tmp/kernel-audit2-v3r63b5w/\346\261\202\350\247\243\345\231\250>, "/usr/lib/libz.so.1", O_RDONLY|O_CLOEXEC) = 3</usr/lib/libz.so.1.3.1.zlib-ng>
1428420 openat(AT_FDCWD</tmp/kernel-audit2-v3r63b5w/\346\261\202\350\247\243\345\231\250>, "/usr/lib/libbrotlienc.so.1", O_RDONLY|O_CLOEXEC) = 3</usr/lib/libbrotlienc.so.1.2.0>
1428420 openat(AT_FDCWD</tmp/kernel-audit2-v3r63b5w/\346\261\202\350\247\243\345\231\250>, "/usr/lib/libbrotlidec.so.1", O_RDONLY|O_CLOEXEC) = 3</usr/lib/libbrotlidec.so.1.2.0>
1428420 openat(AT_FDCWD</tmp/kernel-audit2-v3r63b5w/\346\261\202\350\247\243\345\231\250>, "/usr/lib/libzstd.so.1", O_RDONLY|O_CLOEXEC) = 3</usr/lib/libzstd.so.1.5.7>
1428420 openat(AT_FDCWD</tmp/kernel-audit2-v3r63b5w/\346\261\202\350\247\243\345\231\250>, "/usr/lib/libm.so.6", O_RDONLY|O_CLOEXEC) = 3</usr/lib/libm.so.6>
1428420 openat(AT_FDCWD</tmp/kernel-audit2-v3r63b5w/\346\261\202\350\247\243\345\231\250>, "/usr/lib/libbrotlicommon.so.1", O_RDONLY|O_CLOEXEC) = 3</usr/lib/libbrotlicommon.so.1.2.0>
1428420 openat(AT_FDCWD</tmp/kernel-audit2-v3r63b5w/\346\261\202\350\247\243\345\231\250>, "/usr/lib/locale/locale-archive", O_RDONLY|O_CLOEXEC) = 3</usr/lib/locale/locale-archive>
1428420 openat(AT_FDCWD</tmp/kernel-audit2-v3r63b5w/\346\261\202\350\247\243\345\231\250>, "/usr/share/locale/locale.alias", O_RDONLY|O_CLOEXEC) = 3</usr/share/locale/locale.alias>
1428420 openat(AT_FDCWD</tmp/kernel-audit2-v3r63b5w/\346\261\202\350\247\243\345\231\250>, "/usr/lib/locale/C.UTF-8/LC_IDENTIFICATION", O_RDONLY|O_CLOEXEC) = -1 ENOENT (No such file or directory)
1428420 openat(AT_FDCWD</tmp/kernel-audit2-v3r63b5w/\346\261\202\350\247\243\345\231\250>, "/usr/lib/locale/C.utf8/LC_IDENTIFICATION", O_RDONLY|O_CLOEXEC) = 3</usr/lib/locale/C.utf8/LC_IDENTIFICATION>
1428420 openat(AT_FDCWD</tmp/kernel-audit2-v3r63b5w/\346\261\202\350\247\243\345\231\250>, "/usr/lib/gconv/gconv-modules.cache", O_RDONLY|O_CLOEXEC) = 3</usr/lib/gconv/gconv-modules.cache>
1428420 openat(AT_FDCWD</tmp/kernel-audit2-v3r63b5w/\346\261\202\350\247\243\345\231\250>, "/usr/lib/locale/C.UTF-8/LC_MEASUREMENT", O_RDONLY|O_CLOEXEC) = -1 ENOENT (No such file or directory)
1428420 openat(AT_FDCWD</tmp/kernel-audit2-v3r63b5w/\346\261\202\350\247\243\345\231\250>, "/usr/lib/locale/C.utf8/LC_MEASUREMENT", O_RDONLY|O_CLOEXEC) = 3</usr/lib/locale/C.utf8/LC_MEASUREMENT>
1428420 openat(AT_FDCWD</tmp/kernel-audit2-v3r63b5w/\346\261\202\350\247\243\345\231\250>, "/usr/lib/locale/C.UTF-8/LC_TELEPHONE", O_RDONLY|O_CLOEXEC) = -1 ENOENT (No such file or directory)
1428420 openat(AT_FDCWD</tmp/kernel-audit2-v3r63b5w/\346\261\202\350\247\243\345\231\250>, "/usr/lib/locale/C.utf8/LC_TELEPHONE", O_RDONLY|O_CLOEXEC) = 3</usr/lib/locale/C.utf8/LC_TELEPHONE>
1428420 openat(AT_FDCWD</tmp/kernel-audit2-v3r63b5w/\346\261\202\350\247\243\345\231\250>, "/usr/lib/locale/C.UTF-8/LC_ADDRESS", O_RDONLY|O_CLOEXEC) = -1 ENOENT (No such file or directory)
1428420 openat(AT_FDCWD</tmp/kernel-audit2-v3r63b5w/\346\261\202\350\247\243\345\231\250>, "/usr/lib/locale/C.utf8/LC_ADDRESS", O_RDONLY|O_CLOEXEC) = 3</usr/lib/locale/C.utf8/LC_ADDRESS>
1428420 openat(AT_FDCWD</tmp/kernel-audit2-v3r63b5w/\346\261\202\350\247\243\345\231\250>, "/usr/lib/locale/C.UTF-8/LC_NAME", O_RDONLY|O_CLOEXEC) = -1 ENOENT (No such file or directory)
1428420 openat(AT_FDCWD</tmp/kernel-audit2-v3r63b5w/\346\261\202\350\247\243\345\231\250>, "/usr/lib/locale/C.utf8/LC_NAME", O_RDONLY|O_CLOEXEC) = 3</usr/lib/locale/C.utf8/LC_NAME>
1428420 openat(AT_FDCWD</tmp/kernel-audit2-v3r63b5w/\346\261\202\350\247\243\345\231\250>, "/usr/lib/locale/C.UTF-8/LC_PAPER", O_RDONLY|O_CLOEXEC) = -1 ENOENT (No such file or directory)
1428420 openat(AT_FDCWD</tmp/kernel-audit2-v3r63b5w/\346\261\202\350\247\243\345\231\250>, "/usr/lib/locale/C.utf8/LC_PAPER", O_RDONLY|O_CLOEXEC) = 3</usr/lib/locale/C.utf8/LC_PAPER>
1428420 openat(AT_FDCWD</tmp/kernel-audit2-v3r63b5w/\346\261\202\350\247\243\345\231\250>, "/usr/lib/locale/C.UTF-8/LC_MESSAGES", O_RDONLY|O_CLOEXEC) = -1 ENOENT (No such file or directory)
1428420 openat(AT_FDCWD</tmp/kernel-audit2-v3r63b5w/\346\261\202\350\247\243\345\231\250>, "/usr/lib/locale/C.utf8/LC_MESSAGES", O_RDONLY|O_CLOEXEC) = 3</usr/lib/locale/C.utf8/LC_MESSAGES>
1428420 openat(AT_FDCWD</tmp/kernel-audit2-v3r63b5w/\346\261\202\350\247\243\345\231\250>, "/usr/lib/locale/C.utf8/LC_MESSAGES/SYS_LC_MESSAGES", O_RDONLY|O_CLOEXEC) = 3</usr/lib/locale/C.utf8/LC_MESSAGES/SYS_LC_MESSAGES>
1428420 openat(AT_FDCWD</tmp/kernel-audit2-v3r63b5w/\346\261\202\350\247\243\345\231\250>, "/usr/lib/locale/C.UTF-8/LC_MONETARY", O_RDONLY|O_CLOEXEC) = -1 ENOENT (No such file or directory)
1428420 openat(AT_FDCWD</tmp/kernel-audit2-v3r63b5w/\346\261\202\350\247\243\345\231\250>, "/usr/lib/locale/C.utf8/LC_MONETARY", O_RDONLY|O_CLOEXEC) = 3</usr/lib/locale/C.utf8/LC_MONETARY>
1428420 openat(AT_FDCWD</tmp/kernel-audit2-v3r63b5w/\346\261\202\350\247\243\345\231\250>, "/usr/lib/locale/C.UTF-8/LC_COLLATE", O_RDONLY|O_CLOEXEC) = -1 ENOENT (No such file or directory)
1428420 openat(AT_FDCWD</tmp/kernel-audit2-v3r63b5w/\346\261\202\350\247\243\345\231\250>, "/usr/lib/locale/C.utf8/LC_COLLATE", O_RDONLY|O_CLOEXEC) = 3</usr/lib/locale/C.utf8/LC_COLLATE>
1428420 openat(AT_FDCWD</tmp/kernel-audit2-v3r63b5w/\346\261\202\350\247\243\345\231\250>, "/usr/lib/locale/C.UTF-8/LC_TIME", O_RDONLY|O_CLOEXEC) = -1 ENOENT (No such file or directory)
1428420 openat(AT_FDCWD</tmp/kernel-audit2-v3r63b5w/\346\261\202\350\247\243\345\231\250>, "/usr/lib/locale/C.utf8/LC_TIME", O_RDONLY|O_CLOEXEC) = 3</usr/lib/locale/C.utf8/LC_TIME>
1428420 openat(AT_FDCWD</tmp/kernel-audit2-v3r63b5w/\346\261\202\350\247\243\345\231\250>, "/usr/lib/locale/C.UTF-8/LC_NUMERIC", O_RDONLY|O_CLOEXEC) = -1 ENOENT (No such file or directory)
1428420 openat(AT_FDCWD</tmp/kernel-audit2-v3r63b5w/\346\261\202\350\247\243\345\231\250>, "/usr/lib/locale/C.utf8/LC_NUMERIC", O_RDONLY|O_CLOEXEC) = 3</usr/lib/locale/C.utf8/LC_NUMERIC>
1428420 openat(AT_FDCWD</tmp/kernel-audit2-v3r63b5w/\346\261\202\350\247\243\345\231\250>, "/usr/lib/locale/C.UTF-8/LC_CTYPE", O_RDONLY|O_CLOEXEC) = -1 ENOENT (No such file or directory)
1428420 openat(AT_FDCWD</tmp/kernel-audit2-v3r63b5w/\346\261\202\350\247\243\345\231\250>, "/usr/lib/locale/C.utf8/LC_CTYPE", O_RDONLY|O_CLOEXEC) = 3</usr/lib/locale/C.utf8/LC_CTYPE>
1428420 openat(AT_FDCWD</tmp/kernel-audit2-v3r63b5w/\346\261\202\350\247\243\345\231\250>, "/tmp/kernel-audit2-v3r63b5w/\346\261\202\350\247\243\345\231\250/\350\247\204\346\240\274/\350\277\220\350\241\214\350\257\255\344\271\211.md", O_RDONLY) = 3</tmp/kernel-audit2-v3r63b5w/\346\261\202\350\247\243\345\231\250/\350\247\204\346\240\274/\350\277\220\350\241\214\350\257\255\344\271\211.md>
1428364 --- SIGCHLD {si_signo=SIGCHLD, si_code=CLD_EXITED, si_pid=1428420, si_uid=1000, si_status=0, si_utime=0, si_stime=0} ---
1428364 openat(AT_FDCWD</tmp/kernel-audit2-v3r63b5w/\346\261\202\350\247\243\345\231\250>, "/dev/null", O_RDONLY|O_CLOEXEC) = 3</dev/null<char 1:3>>
1428421 execve("/home/zhuran24/.codex/tmp/arg0/codex-arg0DuAZRy/sha256sum", ["sha256sum", "--", "/tmp/kernel-audit2-v3r63b5w/\346\261\202\350\247\243\345\231\250/\350\247\204\346\240\274/\345\206\205\346\240\270\350\276\223\345\205\245.md"], 0x7ffd72465138 /* 135 vars */) = -1 ENOENT (No such file or directory)
1428421 execve("/home/zhuran24/.cargo/bin/sha256sum", ["sha256sum", "--", "/tmp/kernel-audit2-v3r63b5w/\346\261\202\350\247\243\345\231\250/\350\247\204\346\240\274/\345\206\205\346\240\270\350\276\223\345\205\245.md"], 0x7ffd72465138 /* 135 vars */) = -1 ENOENT (No such file or directory)
1428421 execve("/home/zhuran24/.local/bin/sha256sum", ["sha256sum", "--", "/tmp/kernel-audit2-v3r63b5w/\346\261\202\350\247\243\345\231\250/\350\247\204\346\240\274/\345\206\205\346\240\270\350\276\223\345\205\245.md"], 0x7ffd72465138 /* 135 vars */) = -1 ENOENT (No such file or directory)
1428421 execve("/home/zhuran24/.opencode/bin/sha256sum", ["sha256sum", "--", "/tmp/kernel-audit2-v3r63b5w/\346\261\202\350\247\243\345\231\250/\350\247\204\346\240\274/\345\206\205\346\240\270\350\276\223\345\205\245.md"], 0x7ffd72465138 /* 135 vars */) = -1 ENOENT (No such file or directory)
1428421 execve("/usr/local/bin/sha256sum", ["sha256sum", "--", "/tmp/kernel-audit2-v3r63b5w/\346\261\202\350\247\243\345\231\250/\350\247\204\346\240\274/\345\206\205\346\240\270\350\276\223\345\205\245.md"], 0x7ffd72465138 /* 135 vars */) = -1 ENOENT (No such file or directory)
1428421 execve("/usr/bin/sha256sum", ["sha256sum", "--", "/tmp/kernel-audit2-v3r63b5w/\346\261\202\350\247\243\345\231\250/\350\247\204\346\240\274/\345\206\205\346\240\270\350\276\223\345\205\245.md"], 0x7ffd72465138 /* 135 vars */) = 0
1428421 openat(AT_FDCWD</tmp/kernel-audit2-v3r63b5w/\346\261\202\350\247\243\345\231\250>, "/etc/ld.so.cache", O_RDONLY|O_CLOEXEC) = 3</etc/ld.so.cache>
1428421 openat(AT_FDCWD</tmp/kernel-audit2-v3r63b5w/\346\261\202\350\247\243\345\231\250>, "/usr/lib/libcrypto.so.3", O_RDONLY|O_CLOEXEC) = 3</usr/lib/libcrypto.so.3>
1428421 openat(AT_FDCWD</tmp/kernel-audit2-v3r63b5w/\346\261\202\350\247\243\345\231\250>, "/usr/lib/libc.so.6", O_RDONLY|O_CLOEXEC) = 3</usr/lib/libc.so.6>
1428421 openat(AT_FDCWD</tmp/kernel-audit2-v3r63b5w/\346\261\202\350\247\243\345\231\250>, "/usr/lib/libz.so.1", O_RDONLY|O_CLOEXEC) = 3</usr/lib/libz.so.1.3.1.zlib-ng>
1428421 openat(AT_FDCWD</tmp/kernel-audit2-v3r63b5w/\346\261\202\350\247\243\345\231\250>, "/usr/lib/libbrotlienc.so.1", O_RDONLY|O_CLOEXEC) = 3</usr/lib/libbrotlienc.so.1.2.0>
1428421 openat(AT_FDCWD</tmp/kernel-audit2-v3r63b5w/\346\261\202\350\247\243\345\231\250>, "/usr/lib/libbrotlidec.so.1", O_RDONLY|O_CLOEXEC) = 3</usr/lib/libbrotlidec.so.1.2.0>
1428421 openat(AT_FDCWD</tmp/kernel-audit2-v3r63b5w/\346\261\202\350\247\243\345\231\250>, "/usr/lib/libzstd.so.1", O_RDONLY|O_CLOEXEC) = 3</usr/lib/libzstd.so.1.5.7>
1428421 openat(AT_FDCWD</tmp/kernel-audit2-v3r63b5w/\346\261\202\350\247\243\345\231\250>, "/usr/lib/libm.so.6", O_RDONLY|O_CLOEXEC) = 3</usr/lib/libm.so.6>
1428421 openat(AT_FDCWD</tmp/kernel-audit2-v3r63b5w/\346\261\202\350\247\243\345\231\250>, "/usr/lib/libbrotlicommon.so.1", O_RDONLY|O_CLOEXEC) = 3</usr/lib/libbrotlicommon.so.1.2.0>
1428421 openat(AT_FDCWD</tmp/kernel-audit2-v3r63b5w/\346\261\202\350\247\243\345\231\250>, "/usr/lib/locale/locale-archive", O_RDONLY|O_CLOEXEC) = 3</usr/lib/locale/locale-archive>
1428421 openat(AT_FDCWD</tmp/kernel-audit2-v3r63b5w/\346\261\202\350\247\243\345\231\250>, "/usr/share/locale/locale.alias", O_RDONLY|O_CLOEXEC) = 3</usr/share/locale/locale.alias>
1428421 openat(AT_FDCWD</tmp/kernel-audit2-v3r63b5w/\346\261\202\350\247\243\345\231\250>, "/usr/lib/locale/C.UTF-8/LC_IDENTIFICATION", O_RDONLY|O_CLOEXEC) = -1 ENOENT (No such file or directory)
1428421 openat(AT_FDCWD</tmp/kernel-audit2-v3r63b5w/\346\261\202\350\247\243\345\231\250>, "/usr/lib/locale/C.utf8/LC_IDENTIFICATION", O_RDONLY|O_CLOEXEC) = 3</usr/lib/locale/C.utf8/LC_IDENTIFICATION>
1428421 openat(AT_FDCWD</tmp/kernel-audit2-v3r63b5w/\346\261\202\350\247\243\345\231\250>, "/usr/lib/gconv/gconv-modules.cache", O_RDONLY|O_CLOEXEC) = 3</usr/lib/gconv/gconv-modules.cache>
1428421 openat(AT_FDCWD</tmp/kernel-audit2-v3r63b5w/\346\261\202\350\247\243\345\231\250>, "/usr/lib/locale/C.UTF-8/LC_MEASUREMENT", O_RDONLY|O_CLOEXEC) = -1 ENOENT (No such file or directory)
1428421 openat(AT_FDCWD</tmp/kernel-audit2-v3r63b5w/\346\261\202\350\247\243\345\231\250>, "/usr/lib/locale/C.utf8/LC_MEASUREMENT", O_RDONLY|O_CLOEXEC) = 3</usr/lib/locale/C.utf8/LC_MEASUREMENT>
1428421 openat(AT_FDCWD</tmp/kernel-audit2-v3r63b5w/\346\261\202\350\247\243\345\231\250>, "/usr/lib/locale/C.UTF-8/LC_TELEPHONE", O_RDONLY|O_CLOEXEC) = -1 ENOENT (No such file or directory)
1428421 openat(AT_FDCWD</tmp/kernel-audit2-v3r63b5w/\346\261\202\350\247\243\345\231\250>, "/usr/lib/locale/C.utf8/LC_TELEPHONE", O_RDONLY|O_CLOEXEC) = 3</usr/lib/locale/C.utf8/LC_TELEPHONE>
1428421 openat(AT_FDCWD</tmp/kernel-audit2-v3r63b5w/\346\261\202\350\247\243\345\231\250>, "/usr/lib/locale/C.UTF-8/LC_ADDRESS", O_RDONLY|O_CLOEXEC) = -1 ENOENT (No such file or directory)
1428421 openat(AT_FDCWD</tmp/kernel-audit2-v3r63b5w/\346\261\202\350\247\243\345\231\250>, "/usr/lib/locale/C.utf8/LC_ADDRESS", O_RDONLY|O_CLOEXEC) = 3</usr/lib/locale/C.utf8/LC_ADDRESS>
1428421 openat(AT_FDCWD</tmp/kernel-audit2-v3r63b5w/\346\261\202\350\247\243\345\231\250>, "/usr/lib/locale/C.UTF-8/LC_NAME", O_RDONLY|O_CLOEXEC) = -1 ENOENT (No such file or directory)
1428421 openat(AT_FDCWD</tmp/kernel-audit2-v3r63b5w/\346\261\202\350\247\243\345\231\250>, "/usr/lib/locale/C.utf8/LC_NAME", O_RDONLY|O_CLOEXEC) = 3</usr/lib/locale/C.utf8/LC_NAME>
1428421 openat(AT_FDCWD</tmp/kernel-audit2-v3r63b5w/\346\261\202\350\247\243\345\231\250>, "/usr/lib/locale/C.UTF-8/LC_PAPER", O_RDONLY|O_CLOEXEC) = -1 ENOENT (No such file or directory)
1428421 openat(AT_FDCWD</tmp/kernel-audit2-v3r63b5w/\346\261\202\350\247\243\345\231\250>, "/usr/lib/locale/C.utf8/LC_PAPER", O_RDONLY|O_CLOEXEC) = 3</usr/lib/locale/C.utf8/LC_PAPER>
1428421 openat(AT_FDCWD</tmp/kernel-audit2-v3r63b5w/\346\261\202\350\247\243\345\231\250>, "/usr/lib/locale/C.UTF-8/LC_MESSAGES", O_RDONLY|O_CLOEXEC) = -1 ENOENT (No such file or directory)
1428421 openat(AT_FDCWD</tmp/kernel-audit2-v3r63b5w/\346\261\202\350\247\243\345\231\250>, "/usr/lib/locale/C.utf8/LC_MESSAGES", O_RDONLY|O_CLOEXEC) = 3</usr/lib/locale/C.utf8/LC_MESSAGES>
1428421 openat(AT_FDCWD</tmp/kernel-audit2-v3r63b5w/\346\261\202\350\247\243\345\231\250>, "/usr/lib/locale/C.utf8/LC_MESSAGES/SYS_LC_MESSAGES", O_RDONLY|O_CLOEXEC) = 3</usr/lib/locale/C.utf8/LC_MESSAGES/SYS_LC_MESSAGES>
1428421 openat(AT_FDCWD</tmp/kernel-audit2-v3r63b5w/\346\261\202\350\247\243\345\231\250>, "/usr/lib/locale/C.UTF-8/LC_MONETARY", O_RDONLY|O_CLOEXEC) = -1 ENOENT (No such file or directory)
1428421 openat(AT_FDCWD</tmp/kernel-audit2-v3r63b5w/\346\261\202\350\247\243\345\231\250>, "/usr/lib/locale/C.utf8/LC_MONETARY", O_RDONLY|O_CLOEXEC) = 3</usr/lib/locale/C.utf8/LC_MONETARY>
1428421 openat(AT_FDCWD</tmp/kernel-audit2-v3r63b5w/\346\261\202\350\247\243\345\231\250>, "/usr/lib/locale/C.UTF-8/LC_COLLATE", O_RDONLY|O_CLOEXEC) = -1 ENOENT (No such file or directory)
1428421 openat(AT_FDCWD</tmp/kernel-audit2-v3r63b5w/\346\261\202\350\247\243\345\231\250>, "/usr/lib/locale/C.utf8/LC_COLLATE", O_RDONLY|O_CLOEXEC) = 3</usr/lib/locale/C.utf8/LC_COLLATE>
1428421 openat(AT_FDCWD</tmp/kernel-audit2-v3r63b5w/\346\261\202\350\247\243\345\231\250>, "/usr/lib/locale/C.UTF-8/LC_TIME", O_RDONLY|O_CLOEXEC) = -1 ENOENT (No such file or directory)
1428421 openat(AT_FDCWD</tmp/kernel-audit2-v3r63b5w/\346\261\202\350\247\243\345\231\250>, "/usr/lib/locale/C.utf8/LC_TIME", O_RDONLY|O_CLOEXEC) = 3</usr/lib/locale/C.utf8/LC_TIME>
1428421 openat(AT_FDCWD</tmp/kernel-audit2-v3r63b5w/\346\261\202\350\247\243\345\231\250>, "/usr/lib/locale/C.UTF-8/LC_NUMERIC", O_RDONLY|O_CLOEXEC) = -1 ENOENT (No such file or directory)
1428421 openat(AT_FDCWD</tmp/kernel-audit2-v3r63b5w/\346\261\202\350\247\243\345\231\250>, "/usr/lib/locale/C.utf8/LC_NUMERIC", O_RDONLY|O_CLOEXEC) = 3</usr/lib/locale/C.utf8/LC_NUMERIC>
1428421 openat(AT_FDCWD</tmp/kernel-audit2-v3r63b5w/\346\261\202\350\247\243\345\231\250>, "/usr/lib/locale/C.UTF-8/LC_CTYPE", O_RDONLY|O_CLOEXEC) = -1 ENOENT (No such file or directory)
1428421 openat(AT_FDCWD</tmp/kernel-audit2-v3r63b5w/\346\261\202\350\247\243\345\231\250>, "/usr/lib/locale/C.utf8/LC_CTYPE", O_RDONLY|O_CLOEXEC) = 3</usr/lib/locale/C.utf8/LC_CTYPE>
1428421 openat(AT_FDCWD</tmp/kernel-audit2-v3r63b5w/\346\261\202\350\247\243\345\231\250>, "/tmp/kernel-audit2-v3r63b5w/\346\261\202\350\247\243\345\231\250/\350\247\204\346\240\274/\345\206\205\346\240\270\350\276\223\345\205\245.md", O_RDONLY) = 3</tmp/kernel-audit2-v3r63b5w/\346\261\202\350\247\243\345\231\250/\350\247\204\346\240\274/\345\206\205\346\240\270\350\276\223\345\205\245.md>
1428364 --- SIGCHLD {si_signo=SIGCHLD, si_code=CLD_EXITED, si_pid=1428421, si_uid=1000, si_status=0, si_utime=0, si_stime=0} ---
1428364 openat(AT_FDCWD</tmp/kernel-audit2-v3r63b5w/\346\261\202\350\247\243\345\231\250>, "/dev/null", O_RDONLY|O_CLOEXEC) = 3</dev/null<char 1:3>>
1428422 execve("/home/zhuran24/.codex/tmp/arg0/codex-arg0DuAZRy/sha256sum", ["sha256sum", "--", "/tmp/kernel-audit2-v3r63b5w/\346\261\202\350\247\243\345\231\250/\350\247\204\346\240\274/\345\206\205\346\240\270\350\276\223\345\207\272.md"], 0x7ffd72465138 /* 135 vars */) = -1 ENOENT (No such file or directory)
1428422 execve("/home/zhuran24/.cargo/bin/sha256sum", ["sha256sum", "--", "/tmp/kernel-audit2-v3r63b5w/\346\261\202\350\247\243\345\231\250/\350\247\204\346\240\274/\345\206\205\346\240\270\350\276\223\345\207\272.md"], 0x7ffd72465138 /* 135 vars */) = -1 ENOENT (No such file or directory)
1428422 execve("/home/zhuran24/.local/bin/sha256sum", ["sha256sum", "--", "/tmp/kernel-audit2-v3r63b5w/\346\261\202\350\247\243\345\231\250/\350\247\204\346\240\274/\345\206\205\346\240\270\350\276\223\345\207\272.md"], 0x7ffd72465138 /* 135 vars */) = -1 ENOENT (No such file or directory)
1428422 execve("/home/zhuran24/.opencode/bin/sha256sum", ["sha256sum", "--", "/tmp/kernel-audit2-v3r63b5w/\346\261\202\350\247\243\345\231\250/\350\247\204\346\240\274/\345\206\205\346\240\270\350\276\223\345\207\272.md"], 0x7ffd72465138 /* 135 vars */) = -1 ENOENT (No such file or directory)
1428422 execve("/usr/local/bin/sha256sum", ["sha256sum", "--", "/tmp/kernel-audit2-v3r63b5w/\346\261\202\350\247\243\345\231\250/\350\247\204\346\240\274/\345\206\205\346\240\270\350\276\223\345\207\272.md"], 0x7ffd72465138 /* 135 vars */) = -1 ENOENT (No such file or directory)
1428422 execve("/usr/bin/sha256sum", ["sha256sum", "--", "/tmp/kernel-audit2-v3r63b5w/\346\261\202\350\247\243\345\231\250/\350\247\204\346\240\274/\345\206\205\346\240\270\350\276\223\345\207\272.md"], 0x7ffd72465138 /* 135 vars */) = 0
1428422 openat(AT_FDCWD</tmp/kernel-audit2-v3r63b5w/\346\261\202\350\247\243\345\231\250>, "/etc/ld.so.cache", O_RDONLY|O_CLOEXEC) = 3</etc/ld.so.cache>
1428422 openat(AT_FDCWD</tmp/kernel-audit2-v3r63b5w/\346\261\202\350\247\243\345\231\250>, "/usr/lib/libcrypto.so.3", O_RDONLY|O_CLOEXEC) = 3</usr/lib/libcrypto.so.3>
1428422 openat(AT_FDCWD</tmp/kernel-audit2-v3r63b5w/\346\261\202\350\247\243\345\231\250>, "/usr/lib/libc.so.6", O_RDONLY|O_CLOEXEC) = 3</usr/lib/libc.so.6>
1428422 openat(AT_FDCWD</tmp/kernel-audit2-v3r63b5w/\346\261\202\350\247\243\345\231\250>, "/usr/lib/libz.so.1", O_RDONLY|O_CLOEXEC) = 3</usr/lib/libz.so.1.3.1.zlib-ng>
1428422 openat(AT_FDCWD</tmp/kernel-audit2-v3r63b5w/\346\261\202\350\247\243\345\231\250>, "/usr/lib/libbrotlienc.so.1", O_RDONLY|O_CLOEXEC) = 3</usr/lib/libbrotlienc.so.1.2.0>
1428422 openat(AT_FDCWD</tmp/kernel-audit2-v3r63b5w/\346\261\202\350\247\243\345\231\250>, "/usr/lib/libbrotlidec.so.1", O_RDONLY|O_CLOEXEC) = 3</usr/lib/libbrotlidec.so.1.2.0>
1428422 openat(AT_FDCWD</tmp/kernel-audit2-v3r63b5w/\346\261\202\350\247\243\345\231\250>, "/usr/lib/libzstd.so.1", O_RDONLY|O_CLOEXEC) = 3</usr/lib/libzstd.so.1.5.7>
1428422 openat(AT_FDCWD</tmp/kernel-audit2-v3r63b5w/\346\261\202\350\247\243\345\231\250>, "/usr/lib/libm.so.6", O_RDONLY|O_CLOEXEC) = 3</usr/lib/libm.so.6>
1428422 openat(AT_FDCWD</tmp/kernel-audit2-v3r63b5w/\346\261\202\350\247\243\345\231\250>, "/usr/lib/libbrotlicommon.so.1", O_RDONLY|O_CLOEXEC) = 3</usr/lib/libbrotlicommon.so.1.2.0>
1428422 openat(AT_FDCWD</tmp/kernel-audit2-v3r63b5w/\346\261\202\350\247\243\345\231\250>, "/usr/lib/locale/locale-archive", O_RDONLY|O_CLOEXEC) = 3</usr/lib/locale/locale-archive>
1428422 openat(AT_FDCWD</tmp/kernel-audit2-v3r63b5w/\346\261\202\350\247\243\345\231\250>, "/usr/share/locale/locale.alias", O_RDONLY|O_CLOEXEC) = 3</usr/share/locale/locale.alias>
1428422 openat(AT_FDCWD</tmp/kernel-audit2-v3r63b5w/\346\261\202\350\247\243\345\231\250>, "/usr/lib/locale/C.UTF-8/LC_IDENTIFICATION", O_RDONLY|O_CLOEXEC) = -1 ENOENT (No such file or directory)
1428422 openat(AT_FDCWD</tmp/kernel-audit2-v3r63b5w/\346\261\202\350\247\243\345\231\250>, "/usr/lib/locale/C.utf8/LC_IDENTIFICATION", O_RDONLY|O_CLOEXEC) = 3</usr/lib/locale/C.utf8/LC_IDENTIFICATION>
1428422 openat(AT_FDCWD</tmp/kernel-audit2-v3r63b5w/\346\261\202\350\247\243\345\231\250>, "/usr/lib/gconv/gconv-modules.cache", O_RDONLY|O_CLOEXEC) = 3</usr/lib/gconv/gconv-modules.cache>
1428422 openat(AT_FDCWD</tmp/kernel-audit2-v3r63b5w/\346\261\202\350\247\243\345\231\250>, "/usr/lib/locale/C.UTF-8/LC_MEASUREMENT", O_RDONLY|O_CLOEXEC) = -1 ENOENT (No such file or directory)
1428422 openat(AT_FDCWD</tmp/kernel-audit2-v3r63b5w/\346\261\202\350\247\243\345\231\250>, "/usr/lib/locale/C.utf8/LC_MEASUREMENT", O_RDONLY|O_CLOEXEC) = 3</usr/lib/locale/C.utf8/LC_MEASUREMENT>
1428422 openat(AT_FDCWD</tmp/kernel-audit2-v3r63b5w/\346\261\202\350\247\243\345\231\250>, "/usr/lib/locale/C.UTF-8/LC_TELEPHONE", O_RDONLY|O_CLOEXEC) = -1 ENOENT (No such file or directory)
1428422 openat(AT_FDCWD</tmp/kernel-audit2-v3r63b5w/\346\261\202\350\247\243\345\231\250>, "/usr/lib/locale/C.utf8/LC_TELEPHONE", O_RDONLY|O_CLOEXEC) = 3</usr/lib/locale/C.utf8/LC_TELEPHONE>
1428422 openat(AT_FDCWD</tmp/kernel-audit2-v3r63b5w/\346\261\202\350\247\243\345\231\250>, "/usr/lib/locale/C.UTF-8/LC_ADDRESS", O_RDONLY|O_CLOEXEC) = -1 ENOENT (No such file or directory)
1428422 openat(AT_FDCWD</tmp/kernel-audit2-v3r63b5w/\346\261\202\350\247\243\345\231\250>, "/usr/lib/locale/C.utf8/LC_ADDRESS", O_RDONLY|O_CLOEXEC) = 3</usr/lib/locale/C.utf8/LC_ADDRESS>
1428422 openat(AT_FDCWD</tmp/kernel-audit2-v3r63b5w/\346\261\202\350\247\243\345\231\250>, "/usr/lib/locale/C.UTF-8/LC_NAME", O_RDONLY|O_CLOEXEC) = -1 ENOENT (No such file or directory)
1428422 openat(AT_FDCWD</tmp/kernel-audit2-v3r63b5w/\346\261\202\350\247\243\345\231\250>, "/usr/lib/locale/C.utf8/LC_NAME", O_RDONLY|O_CLOEXEC) = 3</usr/lib/locale/C.utf8/LC_NAME>
1428422 openat(AT_FDCWD</tmp/kernel-audit2-v3r63b5w/\346\261\202\350\247\243\345\231\250>, "/usr/lib/locale/C.UTF-8/LC_PAPER", O_RDONLY|O_CLOEXEC) = -1 ENOENT (No such file or directory)
1428422 openat(AT_FDCWD</tmp/kernel-audit2-v3r63b5w/\346\261\202\350\247\243\345\231\250>, "/usr/lib/locale/C.utf8/LC_PAPER", O_RDONLY|O_CLOEXEC) = 3</usr/lib/locale/C.utf8/LC_PAPER>
1428422 openat(AT_FDCWD</tmp/kernel-audit2-v3r63b5w/\346\261\202\350\247\243\345\231\250>, "/usr/lib/locale/C.UTF-8/LC_MESSAGES", O_RDONLY|O_CLOEXEC) = -1 ENOENT (No such file or directory)
1428422 openat(AT_FDCWD</tmp/kernel-audit2-v3r63b5w/\346\261\202\350\247\243\345\231\250>, "/usr/lib/locale/C.utf8/LC_MESSAGES", O_RDONLY|O_CLOEXEC) = 3</usr/lib/locale/C.utf8/LC_MESSAGES>
1428422 openat(AT_FDCWD</tmp/kernel-audit2-v3r63b5w/\346\261\202\350\247\243\345\231\250>, "/usr/lib/locale/C.utf8/LC_MESSAGES/SYS_LC_MESSAGES", O_RDONLY|O_CLOEXEC) = 3</usr/lib/locale/C.utf8/LC_MESSAGES/SYS_LC_MESSAGES>
1428422 openat(AT_FDCWD</tmp/kernel-audit2-v3r63b5w/\346\261\202\350\247\243\345\231\250>, "/usr/lib/locale/C.UTF-8/LC_MONETARY", O_RDONLY|O_CLOEXEC) = -1 ENOENT (No such file or directory)
1428422 openat(AT_FDCWD</tmp/kernel-audit2-v3r63b5w/\346\261\202\350\247\243\345\231\250>, "/usr/lib/locale/C.utf8/LC_MONETARY", O_RDONLY|O_CLOEXEC) = 3</usr/lib/locale/C.utf8/LC_MONETARY>
1428422 openat(AT_FDCWD</tmp/kernel-audit2-v3r63b5w/\346\261\202\350\247\243\345\231\250>, "/usr/lib/locale/C.UTF-8/LC_COLLATE", O_RDONLY|O_CLOEXEC) = -1 ENOENT (No such file or directory)
1428422 openat(AT_FDCWD</tmp/kernel-audit2-v3r63b5w/\346\261\202\350\247\243\345\231\250>, "/usr/lib/locale/C.utf8/LC_COLLATE", O_RDONLY|O_CLOEXEC) = 3</usr/lib/locale/C.utf8/LC_COLLATE>
1428422 openat(AT_FDCWD</tmp/kernel-audit2-v3r63b5w/\346\261\202\350\247\243\345\231\250>, "/usr/lib/locale/C.UTF-8/LC_TIME", O_RDONLY|O_CLOEXEC) = -1 ENOENT (No such file or directory)
1428422 openat(AT_FDCWD</tmp/kernel-audit2-v3r63b5w/\346\261\202\350\247\243\345\231\250>, "/usr/lib/locale/C.utf8/LC_TIME", O_RDONLY|O_CLOEXEC) = 3</usr/lib/locale/C.utf8/LC_TIME>
1428422 openat(AT_FDCWD</tmp/kernel-audit2-v3r63b5w/\346\261\202\350\247\243\345\231\250>, "/usr/lib/locale/C.UTF-8/LC_NUMERIC", O_RDONLY|O_CLOEXEC) = -1 ENOENT (No such file or directory)
1428422 openat(AT_FDCWD</tmp/kernel-audit2-v3r63b5w/\346\261\202\350\247\243\345\231\250>, "/usr/lib/locale/C.utf8/LC_NUMERIC", O_RDONLY|O_CLOEXEC) = 3</usr/lib/locale/C.utf8/LC_NUMERIC>
1428422 openat(AT_FDCWD</tmp/kernel-audit2-v3r63b5w/\346\261\202\350\247\243\345\231\250>, "/usr/lib/locale/C.UTF-8/LC_CTYPE", O_RDONLY|O_CLOEXEC) = -1 ENOENT (No such file or directory)
1428422 openat(AT_FDCWD</tmp/kernel-audit2-v3r63b5w/\346\261\202\350\247\243\345\231\250>, "/usr/lib/locale/C.utf8/LC_CTYPE", O_RDONLY|O_CLOEXEC) = 3</usr/lib/locale/C.utf8/LC_CTYPE>
1428422 openat(AT_FDCWD</tmp/kernel-audit2-v3r63b5w/\346\261\202\350\247\243\345\231\250>, "/tmp/kernel-audit2-v3r63b5w/\346\261\202\350\247\243\345\231\250/\350\247\204\346\240\274/\345\206\205\346\240\270\350\276\223\345\207\272.md", O_RDONLY) = 3</tmp/kernel-audit2-v3r63b5w/\346\261\202\350\247\243\345\231\250/\350\247\204\346\240\274/\345\206\205\346\240\270\350\276\223\345\207\272.md>
1428364 --- SIGCHLD {si_signo=SIGCHLD, si_code=CLD_EXITED, si_pid=1428422, si_uid=1000, si_status=0, si_utime=0, si_stime=0} ---
1428364 openat(AT_FDCWD</tmp/kernel-audit2-v3r63b5w/\346\261\202\350\247\243\345\231\250>, "/dev/null", O_RDONLY|O_CLOEXEC) = 3</dev/null<char 1:3>>
1428423 execve("/home/zhuran24/.codex/tmp/arg0/codex-arg0DuAZRy/sha256sum", ["sha256sum", "--", "/tmp/kernel-audit2-v3r63b5w/\346\261\202\350\247\243\345\231\250/\350\247\204\346\240\274/\345\206\205\346\240\270\350\276\223\345\207\272.schema.json"], 0x7ffd72465138 /* 135 vars */) = -1 ENOENT (No such file or directory)
1428423 execve("/home/zhuran24/.cargo/bin/sha256sum", ["sha256sum", "--", "/tmp/kernel-audit2-v3r63b5w/\346\261\202\350\247\243\345\231\250/\350\247\204\346\240\274/\345\206\205\346\240\270\350\276\223\345\207\272.schema.json"], 0x7ffd72465138 /* 135 vars */) = -1 ENOENT (No such file or directory)
1428423 execve("/home/zhuran24/.local/bin/sha256sum", ["sha256sum", "--", "/tmp/kernel-audit2-v3r63b5w/\346\261\202\350\247\243\345\231\250/\350\247\204\346\240\274/\345\206\205\346\240\270\350\276\223\345\207\272.schema.json"], 0x7ffd72465138 /* 135 vars */) = -1 ENOENT (No such file or directory)
1428423 execve("/home/zhuran24/.opencode/bin/sha256sum", ["sha256sum", "--", "/tmp/kernel-audit2-v3r63b5w/\346\261\202\350\247\243\345\231\250/\350\247\204\346\240\274/\345\206\205\346\240\270\350\276\223\345\207\272.schema.json"], 0x7ffd72465138 /* 135 vars */) = -1 ENOENT (No such file or directory)
1428423 execve("/usr/local/bin/sha256sum", ["sha256sum", "--", "/tmp/kernel-audit2-v3r63b5w/\346\261\202\350\247\243\345\231\250/\350\247\204\346\240\274/\345\206\205\346\240\270\350\276\223\345\207\272.schema.json"], 0x7ffd72465138 /* 135 vars */) = -1 ENOENT (No such file or directory)
1428423 execve("/usr/bin/sha256sum", ["sha256sum", "--", "/tmp/kernel-audit2-v3r63b5w/\346\261\202\350\247\243\345\231\250/\350\247\204\346\240\274/\345\206\205\346\240\270\350\276\223\345\207\272.schema.json"], 0x7ffd72465138 /* 135 vars */) = 0
1428423 openat(AT_FDCWD</tmp/kernel-audit2-v3r63b5w/\346\261\202\350\247\243\345\231\250>, "/etc/ld.so.cache", O_RDONLY|O_CLOEXEC) = 3</etc/ld.so.cache>
1428423 openat(AT_FDCWD</tmp/kernel-audit2-v3r63b5w/\346\261\202\350\247\243\345\231\250>, "/usr/lib/libcrypto.so.3", O_RDONLY|O_CLOEXEC) = 3</usr/lib/libcrypto.so.3>
1428423 openat(AT_FDCWD</tmp/kernel-audit2-v3r63b5w/\346\261\202\350\247\243\345\231\250>, "/usr/lib/libc.so.6", O_RDONLY|O_CLOEXEC) = 3</usr/lib/libc.so.6>
1428423 openat(AT_FDCWD</tmp/kernel-audit2-v3r63b5w/\346\261\202\350\247\243\345\231\250>, "/usr/lib/libz.so.1", O_RDONLY|O_CLOEXEC) = 3</usr/lib/libz.so.1.3.1.zlib-ng>
1428423 openat(AT_FDCWD</tmp/kernel-audit2-v3r63b5w/\346\261\202\350\247\243\345\231\250>, "/usr/lib/libbrotlienc.so.1", O_RDONLY|O_CLOEXEC) = 3</usr/lib/libbrotlienc.so.1.2.0>
1428423 openat(AT_FDCWD</tmp/kernel-audit2-v3r63b5w/\346\261\202\350\247\243\345\231\250>, "/usr/lib/libbrotlidec.so.1", O_RDONLY|O_CLOEXEC) = 3</usr/lib/libbrotlidec.so.1.2.0>
1428423 openat(AT_FDCWD</tmp/kernel-audit2-v3r63b5w/\346\261\202\350\247\243\345\231\250>, "/usr/lib/libzstd.so.1", O_RDONLY|O_CLOEXEC) = 3</usr/lib/libzstd.so.1.5.7>
1428423 openat(AT_FDCWD</tmp/kernel-audit2-v3r63b5w/\346\261\202\350\247\243\345\231\250>, "/usr/lib/libm.so.6", O_RDONLY|O_CLOEXEC) = 3</usr/lib/libm.so.6>
1428423 openat(AT_FDCWD</tmp/kernel-audit2-v3r63b5w/\346\261\202\350\247\243\345\231\250>, "/usr/lib/libbrotlicommon.so.1", O_RDONLY|O_CLOEXEC) = 3</usr/lib/libbrotlicommon.so.1.2.0>
1428423 openat(AT_FDCWD</tmp/kernel-audit2-v3r63b5w/\346\261\202\350\247\243\345\231\250>, "/usr/lib/locale/locale-archive", O_RDONLY|O_CLOEXEC) = 3</usr/lib/locale/locale-archive>
1428423 openat(AT_FDCWD</tmp/kernel-audit2-v3r63b5w/\346\261\202\350\247\243\345\231\250>, "/usr/share/locale/locale.alias", O_RDONLY|O_CLOEXEC) = 3</usr/share/locale/locale.alias>
1428423 openat(AT_FDCWD</tmp/kernel-audit2-v3r63b5w/\346\261\202\350\247\243\345\231\250>, "/usr/lib/locale/C.UTF-8/LC_IDENTIFICATION", O_RDONLY|O_CLOEXEC) = -1 ENOENT (No such file or directory)
1428423 openat(AT_FDCWD</tmp/kernel-audit2-v3r63b5w/\346\261\202\350\247\243\345\231\250>, "/usr/lib/locale/C.utf8/LC_IDENTIFICATION", O_RDONLY|O_CLOEXEC) = 3</usr/lib/locale/C.utf8/LC_IDENTIFICATION>
1428423 openat(AT_FDCWD</tmp/kernel-audit2-v3r63b5w/\346\261\202\350\247\243\345\231\250>, "/usr/lib/gconv/gconv-modules.cache", O_RDONLY|O_CLOEXEC) = 3</usr/lib/gconv/gconv-modules.cache>
1428423 openat(AT_FDCWD</tmp/kernel-audit2-v3r63b5w/\346\261\202\350\247\243\345\231\250>, "/usr/lib/locale/C.UTF-8/LC_MEASUREMENT", O_RDONLY|O_CLOEXEC) = -1 ENOENT (No such file or directory)
1428423 openat(AT_FDCWD</tmp/kernel-audit2-v3r63b5w/\346\261\202\350\247\243\345\231\250>, "/usr/lib/locale/C.utf8/LC_MEASUREMENT", O_RDONLY|O_CLOEXEC) = 3</usr/lib/locale/C.utf8/LC_MEASUREMENT>
1428423 openat(AT_FDCWD</tmp/kernel-audit2-v3r63b5w/\346\261\202\350\247\243\345\231\250>, "/usr/lib/locale/C.UTF-8/LC_TELEPHONE", O_RDONLY|O_CLOEXEC) = -1 ENOENT (No such file or directory)
1428423 openat(AT_FDCWD</tmp/kernel-audit2-v3r63b5w/\346\261\202\350\247\243\345\231\250>, "/usr/lib/locale/C.utf8/LC_TELEPHONE", O_RDONLY|O_CLOEXEC) = 3</usr/lib/locale/C.utf8/LC_TELEPHONE>
1428423 openat(AT_FDCWD</tmp/kernel-audit2-v3r63b5w/\346\261\202\350\247\243\345\231\250>, "/usr/lib/locale/C.UTF-8/LC_ADDRESS", O_RDONLY|O_CLOEXEC) = -1 ENOENT (No such file or directory)
1428423 openat(AT_FDCWD</tmp/kernel-audit2-v3r63b5w/\346\261\202\350\247\243\345\231\250>, "/usr/lib/locale/C.utf8/LC_ADDRESS", O_RDONLY|O_CLOEXEC) = 3</usr/lib/locale/C.utf8/LC_ADDRESS>
1428423 openat(AT_FDCWD</tmp/kernel-audit2-v3r63b5w/\346\261\202\350\247\243\345\231\250>, "/usr/lib/locale/C.UTF-8/LC_NAME", O_RDONLY|O_CLOEXEC) = -1 ENOENT (No such file or directory)
1428423 openat(AT_FDCWD</tmp/kernel-audit2-v3r63b5w/\346\261\202\350\247\243\345\231\250>, "/usr/lib/locale/C.utf8/LC_NAME", O_RDONLY|O_CLOEXEC) = 3</usr/lib/locale/C.utf8/LC_NAME>
1428423 openat(AT_FDCWD</tmp/kernel-audit2-v3r63b5w/\346\261\202\350\247\243\345\231\250>, "/usr/lib/locale/C.UTF-8/LC_PAPER", O_RDONLY|O_CLOEXEC) = -1 ENOENT (No such file or directory)
1428423 openat(AT_FDCWD</tmp/kernel-audit2-v3r63b5w/\346\261\202\350\247\243\345\231\250>, "/usr/lib/locale/C.utf8/LC_PAPER", O_RDONLY|O_CLOEXEC) = 3</usr/lib/locale/C.utf8/LC_PAPER>
1428423 openat(AT_FDCWD</tmp/kernel-audit2-v3r63b5w/\346\261\202\350\247\243\345\231\250>, "/usr/lib/locale/C.UTF-8/LC_MESSAGES", O_RDONLY|O_CLOEXEC) = -1 ENOENT (No such file or directory)
1428423 openat(AT_FDCWD</tmp/kernel-audit2-v3r63b5w/\346\261\202\350\247\243\345\231\250>, "/usr/lib/locale/C.utf8/LC_MESSAGES", O_RDONLY|O_CLOEXEC) = 3</usr/lib/locale/C.utf8/LC_MESSAGES>
1428423 openat(AT_FDCWD</tmp/kernel-audit2-v3r63b5w/\346\261\202\350\247\243\345\231\250>, "/usr/lib/locale/C.utf8/LC_MESSAGES/SYS_LC_MESSAGES", O_RDONLY|O_CLOEXEC) = 3</usr/lib/locale/C.utf8/LC_MESSAGES/SYS_LC_MESSAGES>
1428423 openat(AT_FDCWD</tmp/kernel-audit2-v3r63b5w/\346\261\202\350\247\243\345\231\250>, "/usr/lib/locale/C.UTF-8/LC_MONETARY", O_RDONLY|O_CLOEXEC) = -1 ENOENT (No such file or directory)
1428423 openat(AT_FDCWD</tmp/kernel-audit2-v3r63b5w/\346\261\202\350\247\243\345\231\250>, "/usr/lib/locale/C.utf8/LC_MONETARY", O_RDONLY|O_CLOEXEC) = 3</usr/lib/locale/C.utf8/LC_MONETARY>
1428423 openat(AT_FDCWD</tmp/kernel-audit2-v3r63b5w/\346\261\202\350\247\243\345\231\250>, "/usr/lib/locale/C.UTF-8/LC_COLLATE", O_RDONLY|O_CLOEXEC) = -1 ENOENT (No such file or directory)
1428423 openat(AT_FDCWD</tmp/kernel-audit2-v3r63b5w/\346\261\202\350\247\243\345\231\250>, "/usr/lib/locale/C.utf8/LC_COLLATE", O_RDONLY|O_CLOEXEC) = 3</usr/lib/locale/C.utf8/LC_COLLATE>
1428423 openat(AT_FDCWD</tmp/kernel-audit2-v3r63b5w/\346\261\202\350\247\243\345\231\250>, "/usr/lib/locale/C.UTF-8/LC_TIME", O_RDONLY|O_CLOEXEC) = -1 ENOENT (No such file or directory)
1428423 openat(AT_FDCWD</tmp/kernel-audit2-v3r63b5w/\346\261\202\350\247\243\345\231\250>, "/usr/lib/locale/C.utf8/LC_TIME", O_RDONLY|O_CLOEXEC) = 3</usr/lib/locale/C.utf8/LC_TIME>
1428423 openat(AT_FDCWD</tmp/kernel-audit2-v3r63b5w/\346\261\202\350\247\243\345\231\250>, "/usr/lib/locale/C.UTF-8/LC_NUMERIC", O_RDONLY|O_CLOEXEC) = -1 ENOENT (No such file or directory)
1428423 openat(AT_FDCWD</tmp/kernel-audit2-v3r63b5w/\346\261\202\350\247\243\345\231\250>, "/usr/lib/locale/C.utf8/LC_NUMERIC", O_RDONLY|O_CLOEXEC) = 3</usr/lib/locale/C.utf8/LC_NUMERIC>
1428423 openat(AT_FDCWD</tmp/kernel-audit2-v3r63b5w/\346\261\202\350\247\243\345\231\250>, "/usr/lib/locale/C.UTF-8/LC_CTYPE", O_RDONLY|O_CLOEXEC) = -1 ENOENT (No such file or directory)
1428423 openat(AT_FDCWD</tmp/kernel-audit2-v3r63b5w/\346\261\202\350\247\243\345\231\250>, "/usr/lib/locale/C.utf8/LC_CTYPE", O_RDONLY|O_CLOEXEC) = 3</usr/lib/locale/C.utf8/LC_CTYPE>
1428423 openat(AT_FDCWD</tmp/kernel-audit2-v3r63b5w/\346\261\202\350\247\243\345\231\250>, "/tmp/kernel-audit2-v3r63b5w/\346\261\202\350\247\243\345\231\250/\350\247\204\346\240\274/\345\206\205\346\240\270\350\276\223\345\207\272.schema.json", O_RDONLY) = 3</tmp/kernel-audit2-v3r63b5w/\346\261\202\350\247\243\345\231\250/\350\247\204\346\240\274/\345\206\205\346\240\270\350\276\223\345\207\272.schema.json>
1428364 --- SIGCHLD {si_signo=SIGCHLD, si_code=CLD_EXITED, si_pid=1428423, si_uid=1000, si_status=0, si_utime=0, si_stime=0} ---
1428364 openat(AT_FDCWD</tmp/kernel-audit2-v3r63b5w/\346\261\202\350\247\243\345\231\250>, "/dev/null", O_RDONLY|O_CLOEXEC) = 3</dev/null<char 1:3>>
1428424 execve("/home/zhuran24/.codex/tmp/arg0/codex-arg0DuAZRy/sha256sum", ["sha256sum", "--", "/tmp/kernel-audit2-v3r63b5w/\346\261\202\350\247\243\345\231\250/crates/kernel/\345\221\250\346\234\237\351\224\256\350\257\273\345\217\226\345\256\241\350\256\241.md"], 0x7ffd72465138 /* 135 vars */) = -1 ENOENT (No such file or directory)
1428424 execve("/home/zhuran24/.cargo/bin/sha256sum", ["sha256sum", "--", "/tmp/kernel-audit2-v3r63b5w/\346\261\202\350\247\243\345\231\250/crates/kernel/\345\221\250\346\234\237\351\224\256\350\257\273\345\217\226\345\256\241\350\256\241.md"], 0x7ffd72465138 /* 135 vars */) = -1 ENOENT (No such file or directory)
1428424 execve("/home/zhuran24/.local/bin/sha256sum", ["sha256sum", "--", "/tmp/kernel-audit2-v3r63b5w/\346\261\202\350\247\243\345\231\250/crates/kernel/\345\221\250\346\234\237\351\224\256\350\257\273\345\217\226\345\256\241\350\256\241.md"], 0x7ffd72465138 /* 135 vars */) = -1 ENOENT (No such file or directory)
1428424 execve("/home/zhuran24/.opencode/bin/sha256sum", ["sha256sum", "--", "/tmp/kernel-audit2-v3r63b5w/\346\261\202\350\247\243\345\231\250/crates/kernel/\345\221\250\346\234\237\351\224\256\350\257\273\345\217\226\345\256\241\350\256\241.md"], 0x7ffd72465138 /* 135 vars */) = -1 ENOENT (No such file or directory)
1428424 execve("/usr/local/bin/sha256sum", ["sha256sum", "--", "/tmp/kernel-audit2-v3r63b5w/\346\261\202\350\247\243\345\231\250/crates/kernel/\345\221\250\346\234\237\351\224\256\350\257\273\345\217\226\345\256\241\350\256\241.md"], 0x7ffd72465138 /* 135 vars */) = -1 ENOENT (No such file or directory)
1428424 execve("/usr/bin/sha256sum", ["sha256sum", "--", "/tmp/kernel-audit2-v3r63b5w/\346\261\202\350\247\243\345\231\250/crates/kernel/\345\221\250\346\234\237\351\224\256\350\257\273\345\217\226\345\256\241\350\256\241.md"], 0x7ffd72465138 /* 135 vars */) = 0
1428424 openat(AT_FDCWD</tmp/kernel-audit2-v3r63b5w/\346\261\202\350\247\243\345\231\250>, "/etc/ld.so.cache", O_RDONLY|O_CLOEXEC) = 3</etc/ld.so.cache>
1428424 openat(AT_FDCWD</tmp/kernel-audit2-v3r63b5w/\346\261\202\350\247\243\345\231\250>, "/usr/lib/libcrypto.so.3", O_RDONLY|O_CLOEXEC) = 3</usr/lib/libcrypto.so.3>
1428424 openat(AT_FDCWD</tmp/kernel-audit2-v3r63b5w/\346\261\202\350\247\243\345\231\250>, "/usr/lib/libc.so.6", O_RDONLY|O_CLOEXEC) = 3</usr/lib/libc.so.6>
1428424 openat(AT_FDCWD</tmp/kernel-audit2-v3r63b5w/\346\261\202\350\247\243\345\231\250>, "/usr/lib/libz.so.1", O_RDONLY|O_CLOEXEC) = 3</usr/lib/libz.so.1.3.1.zlib-ng>
1428424 openat(AT_FDCWD</tmp/kernel-audit2-v3r63b5w/\346\261\202\350\247\243\345\231\250>, "/usr/lib/libbrotlienc.so.1", O_RDONLY|O_CLOEXEC) = 3</usr/lib/libbrotlienc.so.1.2.0>
1428424 openat(AT_FDCWD</tmp/kernel-audit2-v3r63b5w/\346\261\202\350\247\243\345\231\250>, "/usr/lib/libbrotlidec.so.1", O_RDONLY|O_CLOEXEC) = 3</usr/lib/libbrotlidec.so.1.2.0>
1428424 openat(AT_FDCWD</tmp/kernel-audit2-v3r63b5w/\346\261\202\350\247\243\345\231\250>, "/usr/lib/libzstd.so.1", O_RDONLY|O_CLOEXEC) = 3</usr/lib/libzstd.so.1.5.7>
1428424 openat(AT_FDCWD</tmp/kernel-audit2-v3r63b5w/\346\261\202\350\247\243\345\231\250>, "/usr/lib/libm.so.6", O_RDONLY|O_CLOEXEC) = 3</usr/lib/libm.so.6>
1428424 openat(AT_FDCWD</tmp/kernel-audit2-v3r63b5w/\346\261\202\350\247\243\345\231\250>, "/usr/lib/libbrotlicommon.so.1", O_RDONLY|O_CLOEXEC) = 3</usr/lib/libbrotlicommon.so.1.2.0>
1428424 openat(AT_FDCWD</tmp/kernel-audit2-v3r63b5w/\346\261\202\350\247\243\345\231\250>, "/usr/lib/locale/locale-archive", O_RDONLY|O_CLOEXEC) = 3</usr/lib/locale/locale-archive>
1428424 openat(AT_FDCWD</tmp/kernel-audit2-v3r63b5w/\346\261\202\350\247\243\345\231\250>, "/usr/share/locale/locale.alias", O_RDONLY|O_CLOEXEC) = 3</usr/share/locale/locale.alias>
1428424 openat(AT_FDCWD</tmp/kernel-audit2-v3r63b5w/\346\261\202\350\247\243\345\231\250>, "/usr/lib/locale/C.UTF-8/LC_IDENTIFICATION", O_RDONLY|O_CLOEXEC) = -1 ENOENT (No such file or directory)
1428424 openat(AT_FDCWD</tmp/kernel-audit2-v3r63b5w/\346\261\202\350\247\243\345\231\250>, "/usr/lib/locale/C.utf8/LC_IDENTIFICATION", O_RDONLY|O_CLOEXEC) = 3</usr/lib/locale/C.utf8/LC_IDENTIFICATION>
1428424 openat(AT_FDCWD</tmp/kernel-audit2-v3r63b5w/\346\261\202\350\247\243\345\231\250>, "/usr/lib/gconv/gconv-modules.cache", O_RDONLY|O_CLOEXEC) = 3</usr/lib/gconv/gconv-modules.cache>
1428424 openat(AT_FDCWD</tmp/kernel-audit2-v3r63b5w/\346\261\202\350\247\243\345\231\250>, "/usr/lib/locale/C.UTF-8/LC_MEASUREMENT", O_RDONLY|O_CLOEXEC) = -1 ENOENT (No such file or directory)
1428424 openat(AT_FDCWD</tmp/kernel-audit2-v3r63b5w/\346\261\202\350\247\243\345\231\250>, "/usr/lib/locale/C.utf8/LC_MEASUREMENT", O_RDONLY|O_CLOEXEC) = 3</usr/lib/locale/C.utf8/LC_MEASUREMENT>
1428424 openat(AT_FDCWD</tmp/kernel-audit2-v3r63b5w/\346\261\202\350\247\243\345\231\250>, "/usr/lib/locale/C.UTF-8/LC_TELEPHONE", O_RDONLY|O_CLOEXEC) = -1 ENOENT (No such file or directory)
1428424 openat(AT_FDCWD</tmp/kernel-audit2-v3r63b5w/\346\261\202\350\247\243\345\231\250>, "/usr/lib/locale/C.utf8/LC_TELEPHONE", O_RDONLY|O_CLOEXEC) = 3</usr/lib/locale/C.utf8/LC_TELEPHONE>
1428424 openat(AT_FDCWD</tmp/kernel-audit2-v3r63b5w/\346\261\202\350\247\243\345\231\250>, "/usr/lib/locale/C.UTF-8/LC_ADDRESS", O_RDONLY|O_CLOEXEC) = -1 ENOENT (No such file or directory)
1428424 openat(AT_FDCWD</tmp/kernel-audit2-v3r63b5w/\346\261\202\350\247\243\345\231\250>, "/usr/lib/locale/C.utf8/LC_ADDRESS", O_RDONLY|O_CLOEXEC) = 3</usr/lib/locale/C.utf8/LC_ADDRESS>
1428424 openat(AT_FDCWD</tmp/kernel-audit2-v3r63b5w/\346\261\202\350\247\243\345\231\250>, "/usr/lib/locale/C.UTF-8/LC_NAME", O_RDONLY|O_CLOEXEC) = -1 ENOENT (No such file or directory)
1428424 openat(AT_FDCWD</tmp/kernel-audit2-v3r63b5w/\346\261\202\350\247\243\345\231\250>, "/usr/lib/locale/C.utf8/LC_NAME", O_RDONLY|O_CLOEXEC) = 3</usr/lib/locale/C.utf8/LC_NAME>
1428424 openat(AT_FDCWD</tmp/kernel-audit2-v3r63b5w/\346\261\202\350\247\243\345\231\250>, "/usr/lib/locale/C.UTF-8/LC_PAPER", O_RDONLY|O_CLOEXEC) = -1 ENOENT (No such file or directory)
1428424 openat(AT_FDCWD</tmp/kernel-audit2-v3r63b5w/\346\261\202\350\247\243\345\231\250>, "/usr/lib/locale/C.utf8/LC_PAPER", O_RDONLY|O_CLOEXEC) = 3</usr/lib/locale/C.utf8/LC_PAPER>
1428424 openat(AT_FDCWD</tmp/kernel-audit2-v3r63b5w/\346\261\202\350\247\243\345\231\250>, "/usr/lib/locale/C.UTF-8/LC_MESSAGES", O_RDONLY|O_CLOEXEC) = -1 ENOENT (No such file or directory)
1428424 openat(AT_FDCWD</tmp/kernel-audit2-v3r63b5w/\346\261\202\350\247\243\345\231\250>, "/usr/lib/locale/C.utf8/LC_MESSAGES", O_RDONLY|O_CLOEXEC) = 3</usr/lib/locale/C.utf8/LC_MESSAGES>
1428424 openat(AT_FDCWD</tmp/kernel-audit2-v3r63b5w/\346\261\202\350\247\243\345\231\250>, "/usr/lib/locale/C.utf8/LC_MESSAGES/SYS_LC_MESSAGES", O_RDONLY|O_CLOEXEC) = 3</usr/lib/locale/C.utf8/LC_MESSAGES/SYS_LC_MESSAGES>
1428424 openat(AT_FDCWD</tmp/kernel-audit2-v3r63b5w/\346\261\202\350\247\243\345\231\250>, "/usr/lib/locale/C.UTF-8/LC_MONETARY", O_RDONLY|O_CLOEXEC) = -1 ENOENT (No such file or directory)
1428424 openat(AT_FDCWD</tmp/kernel-audit2-v3r63b5w/\346\261\202\350\247\243\345\231\250>, "/usr/lib/locale/C.utf8/LC_MONETARY", O_RDONLY|O_CLOEXEC) = 3</usr/lib/locale/C.utf8/LC_MONETARY>
1428424 openat(AT_FDCWD</tmp/kernel-audit2-v3r63b5w/\346\261\202\350\247\243\345\231\250>, "/usr/lib/locale/C.UTF-8/LC_COLLATE", O_RDONLY|O_CLOEXEC) = -1 ENOENT (No such file or directory)
1428424 openat(AT_FDCWD</tmp/kernel-audit2-v3r63b5w/\346\261\202\350\247\243\345\231\250>, "/usr/lib/locale/C.utf8/LC_COLLATE", O_RDONLY|O_CLOEXEC) = 3</usr/lib/locale/C.utf8/LC_COLLATE>
1428424 openat(AT_FDCWD</tmp/kernel-audit2-v3r63b5w/\346\261\202\350\247\243\345\231\250>, "/usr/lib/locale/C.UTF-8/LC_TIME", O_RDONLY|O_CLOEXEC) = -1 ENOENT (No such file or directory)
1428424 openat(AT_FDCWD</tmp/kernel-audit2-v3r63b5w/\346\261\202\350\247\243\345\231\250>, "/usr/lib/locale/C.utf8/LC_TIME", O_RDONLY|O_CLOEXEC) = 3</usr/lib/locale/C.utf8/LC_TIME>
1428424 openat(AT_FDCWD</tmp/kernel-audit2-v3r63b5w/\346\261\202\350\247\243\345\231\250>, "/usr/lib/locale/C.UTF-8/LC_NUMERIC", O_RDONLY|O_CLOEXEC) = -1 ENOENT (No such file or directory)
1428424 openat(AT_FDCWD</tmp/kernel-audit2-v3r63b5w/\346\261\202\350\247\243\345\231\250>, "/usr/lib/locale/C.utf8/LC_NUMERIC", O_RDONLY|O_CLOEXEC) = 3</usr/lib/locale/C.utf8/LC_NUMERIC>
1428424 openat(AT_FDCWD</tmp/kernel-audit2-v3r63b5w/\346\261\202\350\247\243\345\231\250>, "/usr/lib/locale/C.UTF-8/LC_CTYPE", O_RDONLY|O_CLOEXEC) = -1 ENOENT (No such file or directory)
1428424 openat(AT_FDCWD</tmp/kernel-audit2-v3r63b5w/\346\261\202\350\247\243\345\231\250>, "/usr/lib/locale/C.utf8/LC_CTYPE", O_RDONLY|O_CLOEXEC) = 3</usr/lib/locale/C.utf8/LC_CTYPE>
1428424 openat(AT_FDCWD</tmp/kernel-audit2-v3r63b5w/\346\261\202\350\247\243\345\231\250>, "/tmp/kernel-audit2-v3r63b5w/\346\261\202\350\247\243\345\231\250/crates/kernel/\345\221\250\346\234\237\351\224\256\350\257\273\345\217\226\345\256\241\350\256\241.md", O_RDONLY) = 3</tmp/kernel-audit2-v3r63b5w/\346\261\202\350\247\243\345\231\250/crates/kernel/\345\221\250\346\234\237\351\224\256\350\257\273\345\217\226\345\256\241\350\256\241.md>
1428364 --- SIGCHLD {si_signo=SIGCHLD, si_code=CLD_EXITED, si_pid=1428424, si_uid=1000, si_status=0, si_utime=0, si_stime=0} ---
1428364 openat(AT_FDCWD</tmp/kernel-audit2-v3r63b5w/\346\261\202\350\247\243\345\231\250>, "/dev/null", O_RDONLY|O_CLOEXEC) = 3</dev/null<char 1:3>>
1428425 execve("/home/zhuran24/.codex/tmp/arg0/codex-arg0DuAZRy/sha256sum", ["sha256sum", "--", "/tmp/kernel-audit2-v3r63b5w/\346\261\202\350\247\243\345\231\250/crates/kernel/src/value.rs"], 0x7ffd72465138 /* 135 vars */) = -1 ENOENT (No such file or directory)
1428425 execve("/home/zhuran24/.cargo/bin/sha256sum", ["sha256sum", "--", "/tmp/kernel-audit2-v3r63b5w/\346\261\202\350\247\243\345\231\250/crates/kernel/src/value.rs"], 0x7ffd72465138 /* 135 vars */) = -1 ENOENT (No such file or directory)
1428425 execve("/home/zhuran24/.local/bin/sha256sum", ["sha256sum", "--", "/tmp/kernel-audit2-v3r63b5w/\346\261\202\350\247\243\345\231\250/crates/kernel/src/value.rs"], 0x7ffd72465138 /* 135 vars */) = -1 ENOENT (No such file or directory)
1428425 execve("/home/zhuran24/.opencode/bin/sha256sum", ["sha256sum", "--", "/tmp/kernel-audit2-v3r63b5w/\346\261\202\350\247\243\345\231\250/crates/kernel/src/value.rs"], 0x7ffd72465138 /* 135 vars */) = -1 ENOENT (No such file or directory)
1428425 execve("/usr/local/bin/sha256sum", ["sha256sum", "--", "/tmp/kernel-audit2-v3r63b5w/\346\261\202\350\247\243\345\231\250/crates/kernel/src/value.rs"], 0x7ffd72465138 /* 135 vars */) = -1 ENOENT (No such file or directory)
1428425 execve("/usr/bin/sha256sum", ["sha256sum", "--", "/tmp/kernel-audit2-v3r63b5w/\346\261\202\350\247\243\345\231\250/crates/kernel/src/value.rs"], 0x7ffd72465138 /* 135 vars */) = 0
1428425 openat(AT_FDCWD</tmp/kernel-audit2-v3r63b5w/\346\261\202\350\247\243\345\231\250>, "/etc/ld.so.cache", O_RDONLY|O_CLOEXEC) = 3</etc/ld.so.cache>
1428425 openat(AT_FDCWD</tmp/kernel-audit2-v3r63b5w/\346\261\202\350\247\243\345\231\250>, "/usr/lib/libcrypto.so.3", O_RDONLY|O_CLOEXEC) = 3</usr/lib/libcrypto.so.3>
1428425 openat(AT_FDCWD</tmp/kernel-audit2-v3r63b5w/\346\261\202\350\247\243\345\231\250>, "/usr/lib/libc.so.6", O_RDONLY|O_CLOEXEC) = 3</usr/lib/libc.so.6>
1428425 openat(AT_FDCWD</tmp/kernel-audit2-v3r63b5w/\346\261\202\350\247\243\345\231\250>, "/usr/lib/libz.so.1", O_RDONLY|O_CLOEXEC) = 3</usr/lib/libz.so.1.3.1.zlib-ng>
1428425 openat(AT_FDCWD</tmp/kernel-audit2-v3r63b5w/\346\261\202\350\247\243\345\231\250>, "/usr/lib/libbrotlienc.so.1", O_RDONLY|O_CLOEXEC) = 3</usr/lib/libbrotlienc.so.1.2.0>
1428425 openat(AT_FDCWD</tmp/kernel-audit2-v3r63b5w/\346\261\202\350\247\243\345\231\250>, "/usr/lib/libbrotlidec.so.1", O_RDONLY|O_CLOEXEC) = 3</usr/lib/libbrotlidec.so.1.2.0>
1428425 openat(AT_FDCWD</tmp/kernel-audit2-v3r63b5w/\346\261\202\350\247\243\345\231\250>, "/usr/lib/libzstd.so.1", O_RDONLY|O_CLOEXEC) = 3</usr/lib/libzstd.so.1.5.7>
1428425 openat(AT_FDCWD</tmp/kernel-audit2-v3r63b5w/\346\261\202\350\247\243\345\231\250>, "/usr/lib/libm.so.6", O_RDONLY|O_CLOEXEC) = 3</usr/lib/libm.so.6>
1428425 openat(AT_FDCWD</tmp/kernel-audit2-v3r63b5w/\346\261\202\350\247\243\345\231\250>, "/usr/lib/libbrotlicommon.so.1", O_RDONLY|O_CLOEXEC) = 3</usr/lib/libbrotlicommon.so.1.2.0>
1428425 openat(AT_FDCWD</tmp/kernel-audit2-v3r63b5w/\346\261\202\350\247\243\345\231\250>, "/usr/lib/locale/locale-archive", O_RDONLY|O_CLOEXEC) = 3</usr/lib/locale/locale-archive>
1428425 openat(AT_FDCWD</tmp/kernel-audit2-v3r63b5w/\346\261\202\350\247\243\345\231\250>, "/usr/share/locale/locale.alias", O_RDONLY|O_CLOEXEC) = 3</usr/share/locale/locale.alias>
1428425 openat(AT_FDCWD</tmp/kernel-audit2-v3r63b5w/\346\261\202\350\247\243\345\231\250>, "/usr/lib/locale/C.UTF-8/LC_IDENTIFICATION", O_RDONLY|O_CLOEXEC) = -1 ENOENT (No such file or directory)
1428425 openat(AT_FDCWD</tmp/kernel-audit2-v3r63b5w/\346\261\202\350\247\243\345\231\250>, "/usr/lib/locale/C.utf8/LC_IDENTIFICATION", O_RDONLY|O_CLOEXEC) = 3</usr/lib/locale/C.utf8/LC_IDENTIFICATION>
1428425 openat(AT_FDCWD</tmp/kernel-audit2-v3r63b5w/\346\261\202\350\247\243\345\231\250>, "/usr/lib/gconv/gconv-modules.cache", O_RDONLY|O_CLOEXEC) = 3</usr/lib/gconv/gconv-modules.cache>
1428425 openat(AT_FDCWD</tmp/kernel-audit2-v3r63b5w/\346\261\202\350\247\243\345\231\250>, "/usr/lib/locale/C.UTF-8/LC_MEASUREMENT", O_RDONLY|O_CLOEXEC) = -1 ENOENT (No such file or directory)
1428425 openat(AT_FDCWD</tmp/kernel-audit2-v3r63b5w/\346\261\202\350\247\243\345\231\250>, "/usr/lib/locale/C.utf8/LC_MEASUREMENT", O_RDONLY|O_CLOEXEC) = 3</usr/lib/locale/C.utf8/LC_MEASUREMENT>
1428425 openat(AT_FDCWD</tmp/kernel-audit2-v3r63b5w/\346\261\202\350\247\243\345\231\250>, "/usr/lib/locale/C.UTF-8/LC_TELEPHONE", O_RDONLY|O_CLOEXEC) = -1 ENOENT (No such file or directory)
1428425 openat(AT_FDCWD</tmp/kernel-audit2-v3r63b5w/\346\261\202\350\247\243\345\231\250>, "/usr/lib/locale/C.utf8/LC_TELEPHONE", O_RDONLY|O_CLOEXEC) = 3</usr/lib/locale/C.utf8/LC_TELEPHONE>
1428425 openat(AT_FDCWD</tmp/kernel-audit2-v3r63b5w/\346\261\202\350\247\243\345\231\250>, "/usr/lib/locale/C.UTF-8/LC_ADDRESS", O_RDONLY|O_CLOEXEC) = -1 ENOENT (No such file or directory)
1428425 openat(AT_FDCWD</tmp/kernel-audit2-v3r63b5w/\346\261\202\350\247\243\345\231\250>, "/usr/lib/locale/C.utf8/LC_ADDRESS", O_RDONLY|O_CLOEXEC) = 3</usr/lib/locale/C.utf8/LC_ADDRESS>
1428425 openat(AT_FDCWD</tmp/kernel-audit2-v3r63b5w/\346\261\202\350\247\243\345\231\250>, "/usr/lib/locale/C.UTF-8/LC_NAME", O_RDONLY|O_CLOEXEC) = -1 ENOENT (No such file or directory)
1428425 openat(AT_FDCWD</tmp/kernel-audit2-v3r63b5w/\346\261\202\350\247\243\345\231\250>, "/usr/lib/locale/C.utf8/LC_NAME", O_RDONLY|O_CLOEXEC) = 3</usr/lib/locale/C.utf8/LC_NAME>
1428425 openat(AT_FDCWD</tmp/kernel-audit2-v3r63b5w/\346\261\202\350\247\243\345\231\250>, "/usr/lib/locale/C.UTF-8/LC_PAPER", O_RDONLY|O_CLOEXEC) = -1 ENOENT (No such file or directory)
1428425 openat(AT_FDCWD</tmp/kernel-audit2-v3r63b5w/\346\261\202\350\247\243\345\231\250>, "/usr/lib/locale/C.utf8/LC_PAPER", O_RDONLY|O_CLOEXEC) = 3</usr/lib/locale/C.utf8/LC_PAPER>
1428425 openat(AT_FDCWD</tmp/kernel-audit2-v3r63b5w/\346\261\202\350\247\243\345\231\250>, "/usr/lib/locale/C.UTF-8/LC_MESSAGES", O_RDONLY|O_CLOEXEC) = -1 ENOENT (No such file or directory)
1428425 openat(AT_FDCWD</tmp/kernel-audit2-v3r63b5w/\346\261\202\350\247\243\345\231\250>, "/usr/lib/locale/C.utf8/LC_MESSAGES", O_RDONLY|O_CLOEXEC) = 3</usr/lib/locale/C.utf8/LC_MESSAGES>
1428425 openat(AT_FDCWD</tmp/kernel-audit2-v3r63b5w/\346\261\202\350\247\243\345\231\250>, "/usr/lib/locale/C.utf8/LC_MESSAGES/SYS_LC_MESSAGES", O_RDONLY|O_CLOEXEC) = 3</usr/lib/locale/C.utf8/LC_MESSAGES/SYS_LC_MESSAGES>
1428425 openat(AT_FDCWD</tmp/kernel-audit2-v3r63b5w/\346\261\202\350\247\243\345\231\250>, "/usr/lib/locale/C.UTF-8/LC_MONETARY", O_RDONLY|O_CLOEXEC) = -1 ENOENT (No such file or directory)
1428425 openat(AT_FDCWD</tmp/kernel-audit2-v3r63b5w/\346\261\202\350\247\243\345\231\250>, "/usr/lib/locale/C.utf8/LC_MONETARY", O_RDONLY|O_CLOEXEC) = 3</usr/lib/locale/C.utf8/LC_MONETARY>
1428425 openat(AT_FDCWD</tmp/kernel-audit2-v3r63b5w/\346\261\202\350\247\243\345\231\250>, "/usr/lib/locale/C.UTF-8/LC_COLLATE", O_RDONLY|O_CLOEXEC) = -1 ENOENT (No such file or directory)
1428425 openat(AT_FDCWD</tmp/kernel-audit2-v3r63b5w/\346\261\202\350\247\243\345\231\250>, "/usr/lib/locale/C.utf8/LC_COLLATE", O_RDONLY|O_CLOEXEC) = 3</usr/lib/locale/C.utf8/LC_COLLATE>
1428425 openat(AT_FDCWD</tmp/kernel-audit2-v3r63b5w/\346\261\202\350\247\243\345\231\250>, "/usr/lib/locale/C.UTF-8/LC_TIME", O_RDONLY|O_CLOEXEC) = -1 ENOENT (No such file or directory)
1428425 openat(AT_FDCWD</tmp/kernel-audit2-v3r63b5w/\346\261\202\350\247\243\345\231\250>, "/usr/lib/locale/C.utf8/LC_TIME", O_RDONLY|O_CLOEXEC) = 3</usr/lib/locale/C.utf8/LC_TIME>
1428425 openat(AT_FDCWD</tmp/kernel-audit2-v3r63b5w/\346\261\202\350\247\243\345\231\250>, "/usr/lib/locale/C.UTF-8/LC_NUMERIC", O_RDONLY|O_CLOEXEC) = -1 ENOENT (No such file or directory)
1428425 openat(AT_FDCWD</tmp/kernel-audit2-v3r63b5w/\346\261\202\350\247\243\345\231\250>, "/usr/lib/locale/C.utf8/LC_NUMERIC", O_RDONLY|O_CLOEXEC) = 3</usr/lib/locale/C.utf8/LC_NUMERIC>
1428425 openat(AT_FDCWD</tmp/kernel-audit2-v3r63b5w/\346\261\202\350\247\243\345\231\250>, "/usr/lib/locale/C.UTF-8/LC_CTYPE", O_RDONLY|O_CLOEXEC) = -1 ENOENT (No such file or directory)
1428425 openat(AT_FDCWD</tmp/kernel-audit2-v3r63b5w/\346\261\202\350\247\243\345\231\250>, "/usr/lib/locale/C.utf8/LC_CTYPE", O_RDONLY|O_CLOEXEC) = 3</usr/lib/locale/C.utf8/LC_CTYPE>
1428425 openat(AT_FDCWD</tmp/kernel-audit2-v3r63b5w/\346\261\202\350\247\243\345\231\250>, "/tmp/kernel-audit2-v3r63b5w/\346\261\202\350\247\243\345\231\250/crates/kernel/src/value.rs", O_RDONLY) = 3</tmp/kernel-audit2-v3r63b5w/\346\261\202\350\247\243\345\231\250/crates/kernel/src/value.rs>
1428364 --- SIGCHLD {si_signo=SIGCHLD, si_code=CLD_EXITED, si_pid=1428425, si_uid=1000, si_status=0, si_utime=0, si_stime=0} ---
1428364 openat(AT_FDCWD</tmp/kernel-audit2-v3r63b5w/\346\261\202\350\247\243\345\231\250>, "/dev/null", O_RDONLY|O_CLOEXEC) = 3</dev/null<char 1:3>>
1428426 execve("/home/zhuran24/.codex/tmp/arg0/codex-arg0DuAZRy/sha256sum", ["sha256sum", "--", "/tmp/kernel-audit2-v3r63b5w/\346\261\202\350\247\243\345\231\250/crates/kernel/src/config.rs"], 0x7ffd72465138 /* 135 vars */) = -1 ENOENT (No such file or directory)
1428426 execve("/home/zhuran24/.cargo/bin/sha256sum", ["sha256sum", "--", "/tmp/kernel-audit2-v3r63b5w/\346\261\202\350\247\243\345\231\250/crates/kernel/src/config.rs"], 0x7ffd72465138 /* 135 vars */) = -1 ENOENT (No such file or directory)
1428426 execve("/home/zhuran24/.local/bin/sha256sum", ["sha256sum", "--", "/tmp/kernel-audit2-v3r63b5w/\346\261\202\350\247\243\345\231\250/crates/kernel/src/config.rs"], 0x7ffd72465138 /* 135 vars */) = -1 ENOENT (No such file or directory)
1428426 execve("/home/zhuran24/.opencode/bin/sha256sum", ["sha256sum", "--", "/tmp/kernel-audit2-v3r63b5w/\346\261\202\350\247\243\345\231\250/crates/kernel/src/config.rs"], 0x7ffd72465138 /* 135 vars */) = -1 ENOENT (No such file or directory)
1428426 execve("/usr/local/bin/sha256sum", ["sha256sum", "--", "/tmp/kernel-audit2-v3r63b5w/\346\261\202\350\247\243\345\231\250/crates/kernel/src/config.rs"], 0x7ffd72465138 /* 135 vars */) = -1 ENOENT (No such file or directory)
1428426 execve("/usr/bin/sha256sum", ["sha256sum", "--", "/tmp/kernel-audit2-v3r63b5w/\346\261\202\350\247\243\345\231\250/crates/kernel/src/config.rs"], 0x7ffd72465138 /* 135 vars */) = 0
1428426 openat(AT_FDCWD</tmp/kernel-audit2-v3r63b5w/\346\261\202\350\247\243\345\231\250>, "/etc/ld.so.cache", O_RDONLY|O_CLOEXEC) = 3</etc/ld.so.cache>
1428426 openat(AT_FDCWD</tmp/kernel-audit2-v3r63b5w/\346\261\202\350\247\243\345\231\250>, "/usr/lib/libcrypto.so.3", O_RDONLY|O_CLOEXEC) = 3</usr/lib/libcrypto.so.3>
1428426 openat(AT_FDCWD</tmp/kernel-audit2-v3r63b5w/\346\261\202\350\247\243\345\231\250>, "/usr/lib/libc.so.6", O_RDONLY|O_CLOEXEC) = 3</usr/lib/libc.so.6>
1428426 openat(AT_FDCWD</tmp/kernel-audit2-v3r63b5w/\346\261\202\350\247\243\345\231\250>, "/usr/lib/libz.so.1", O_RDONLY|O_CLOEXEC) = 3</usr/lib/libz.so.1.3.1.zlib-ng>
1428426 openat(AT_FDCWD</tmp/kernel-audit2-v3r63b5w/\346\261\202\350\247\243\345\231\250>, "/usr/lib/libbrotlienc.so.1", O_RDONLY|O_CLOEXEC) = 3</usr/lib/libbrotlienc.so.1.2.0>
1428426 openat(AT_FDCWD</tmp/kernel-audit2-v3r63b5w/\346\261\202\350\247\243\345\231\250>, "/usr/lib/libbrotlidec.so.1", O_RDONLY|O_CLOEXEC) = 3</usr/lib/libbrotlidec.so.1.2.0>
1428426 openat(AT_FDCWD</tmp/kernel-audit2-v3r63b5w/\346\261\202\350\247\243\345\231\250>, "/usr/lib/libzstd.so.1", O_RDONLY|O_CLOEXEC) = 3</usr/lib/libzstd.so.1.5.7>
1428426 openat(AT_FDCWD</tmp/kernel-audit2-v3r63b5w/\346\261\202\350\247\243\345\231\250>, "/usr/lib/libm.so.6", O_RDONLY|O_CLOEXEC) = 3</usr/lib/libm.so.6>
1428426 openat(AT_FDCWD</tmp/kernel-audit2-v3r63b5w/\346\261\202\350\247\243\345\231\250>, "/usr/lib/libbrotlicommon.so.1", O_RDONLY|O_CLOEXEC) = 3</usr/lib/libbrotlicommon.so.1.2.0>
1428426 openat(AT_FDCWD</tmp/kernel-audit2-v3r63b5w/\346\261\202\350\247\243\345\231\250>, "/usr/lib/locale/locale-archive", O_RDONLY|O_CLOEXEC) = 3</usr/lib/locale/locale-archive>
1428426 openat(AT_FDCWD</tmp/kernel-audit2-v3r63b5w/\346\261\202\350\247\243\345\231\250>, "/usr/share/locale/locale.alias", O_RDONLY|O_CLOEXEC) = 3</usr/share/locale/locale.alias>
1428426 openat(AT_FDCWD</tmp/kernel-audit2-v3r63b5w/\346\261\202\350\247\243\345\231\250>, "/usr/lib/locale/C.UTF-8/LC_IDENTIFICATION", O_RDONLY|O_CLOEXEC) = -1 ENOENT (No such file or directory)
1428426 openat(AT_FDCWD</tmp/kernel-audit2-v3r63b5w/\346\261\202\350\247\243\345\231\250>, "/usr/lib/locale/C.utf8/LC_IDENTIFICATION", O_RDONLY|O_CLOEXEC) = 3</usr/lib/locale/C.utf8/LC_IDENTIFICATION>
1428426 openat(AT_FDCWD</tmp/kernel-audit2-v3r63b5w/\346\261\202\350\247\243\345\231\250>, "/usr/lib/gconv/gconv-modules.cache", O_RDONLY|O_CLOEXEC) = 3</usr/lib/gconv/gconv-modules.cache>
1428426 openat(AT_FDCWD</tmp/kernel-audit2-v3r63b5w/\346\261\202\350\247\243\345\231\250>, "/usr/lib/locale/C.UTF-8/LC_MEASUREMENT", O_RDONLY|O_CLOEXEC) = -1 ENOENT (No such file or directory)
1428426 openat(AT_FDCWD</tmp/kernel-audit2-v3r63b5w/\346\261\202\350\247\243\345\231\250>, "/usr/lib/locale/C.utf8/LC_MEASUREMENT", O_RDONLY|O_CLOEXEC) = 3</usr/lib/locale/C.utf8/LC_MEASUREMENT>
1428426 openat(AT_FDCWD</tmp/kernel-audit2-v3r63b5w/\346\261\202\350\247\243\345\231\250>, "/usr/lib/locale/C.UTF-8/LC_TELEPHONE", O_RDONLY|O_CLOEXEC) = -1 ENOENT (No such file or directory)
1428426 openat(AT_FDCWD</tmp/kernel-audit2-v3r63b5w/\346\261\202\350\247\243\345\231\250>, "/usr/lib/locale/C.utf8/LC_TELEPHONE", O_RDONLY|O_CLOEXEC) = 3</usr/lib/locale/C.utf8/LC_TELEPHONE>
1428426 openat(AT_FDCWD</tmp/kernel-audit2-v3r63b5w/\346\261\202\350\247\243\345\231\250>, "/usr/lib/locale/C.UTF-8/LC_ADDRESS", O_RDONLY|O_CLOEXEC) = -1 ENOENT (No such file or directory)
1428426 openat(AT_FDCWD</tmp/kernel-audit2-v3r63b5w/\346\261\202\350\247\243\345\231\250>, "/usr/lib/locale/C.utf8/LC_ADDRESS", O_RDONLY|O_CLOEXEC) = 3</usr/lib/locale/C.utf8/LC_ADDRESS>
1428426 openat(AT_FDCWD</tmp/kernel-audit2-v3r63b5w/\346\261\202\350\247\243\345\231\250>, "/usr/lib/locale/C.UTF-8/LC_NAME", O_RDONLY|O_CLOEXEC) = -1 ENOENT (No such file or directory)
1428426 openat(AT_FDCWD</tmp/kernel-audit2-v3r63b5w/\346\261\202\350\247\243\345\231\250>, "/usr/lib/locale/C.utf8/LC_NAME", O_RDONLY|O_CLOEXEC) = 3</usr/lib/locale/C.utf8/LC_NAME>
1428426 openat(AT_FDCWD</tmp/kernel-audit2-v3r63b5w/\346\261\202\350\247\243\345\231\250>, "/usr/lib/locale/C.UTF-8/LC_PAPER", O_RDONLY|O_CLOEXEC) = -1 ENOENT (No such file or directory)
1428426 openat(AT_FDCWD</tmp/kernel-audit2-v3r63b5w/\346\261\202\350\247\243\345\231\250>, "/usr/lib/locale/C.utf8/LC_PAPER", O_RDONLY|O_CLOEXEC) = 3</usr/lib/locale/C.utf8/LC_PAPER>
1428426 openat(AT_FDCWD</tmp/kernel-audit2-v3r63b5w/\346\261\202\350\247\243\345\231\250>, "/usr/lib/locale/C.UTF-8/LC_MESSAGES", O_RDONLY|O_CLOEXEC) = -1 ENOENT (No such file or directory)
1428426 openat(AT_FDCWD</tmp/kernel-audit2-v3r63b5w/\346\261\202\350\247\243\345\231\250>, "/usr/lib/locale/C.utf8/LC_MESSAGES", O_RDONLY|O_CLOEXEC) = 3</usr/lib/locale/C.utf8/LC_MESSAGES>
1428426 openat(AT_FDCWD</tmp/kernel-audit2-v3r63b5w/\346\261\202\350\247\243\345\231\250>, "/usr/lib/locale/C.utf8/LC_MESSAGES/SYS_LC_MESSAGES", O_RDONLY|O_CLOEXEC) = 3</usr/lib/locale/C.utf8/LC_MESSAGES/SYS_LC_MESSAGES>
1428426 openat(AT_FDCWD</tmp/kernel-audit2-v3r63b5w/\346\261\202\350\247\243\345\231\250>, "/usr/lib/locale/C.UTF-8/LC_MONETARY", O_RDONLY|O_CLOEXEC) = -1 ENOENT (No such file or directory)
1428426 openat(AT_FDCWD</tmp/kernel-audit2-v3r63b5w/\346\261\202\350\247\243\345\231\250>, "/usr/lib/locale/C.utf8/LC_MONETARY", O_RDONLY|O_CLOEXEC) = 3</usr/lib/locale/C.utf8/LC_MONETARY>
1428426 openat(AT_FDCWD</tmp/kernel-audit2-v3r63b5w/\346\261\202\350\247\243\345\231\250>, "/usr/lib/locale/C.UTF-8/LC_COLLATE", O_RDONLY|O_CLOEXEC) = -1 ENOENT (No such file or directory)
1428426 openat(AT_FDCWD</tmp/kernel-audit2-v3r63b5w/\346\261\202\350\247\243\345\231\250>, "/usr/lib/locale/C.utf8/LC_COLLATE", O_RDONLY|O_CLOEXEC) = 3</usr/lib/locale/C.utf8/LC_COLLATE>
1428426 openat(AT_FDCWD</tmp/kernel-audit2-v3r63b5w/\346\261\202\350\247\243\345\231\250>, "/usr/lib/locale/C.UTF-8/LC_TIME", O_RDONLY|O_CLOEXEC) = -1 ENOENT (No such file or directory)
1428426 openat(AT_FDCWD</tmp/kernel-audit2-v3r63b5w/\346\261\202\350\247\243\345\231\250>, "/usr/lib/locale/C.utf8/LC_TIME", O_RDONLY|O_CLOEXEC) = 3</usr/lib/locale/C.utf8/LC_TIME>
1428426 openat(AT_FDCWD</tmp/kernel-audit2-v3r63b5w/\346\261\202\350\247\243\345\231\250>, "/usr/lib/locale/C.UTF-8/LC_NUMERIC", O_RDONLY|O_CLOEXEC) = -1 ENOENT (No such file or directory)
1428426 openat(AT_FDCWD</tmp/kernel-audit2-v3r63b5w/\346\261\202\350\247\243\345\231\250>, "/usr/lib/locale/C.utf8/LC_NUMERIC", O_RDONLY|O_CLOEXEC) = 3</usr/lib/locale/C.utf8/LC_NUMERIC>
1428426 openat(AT_FDCWD</tmp/kernel-audit2-v3r63b5w/\346\261\202\350\247\243\345\231\250>, "/usr/lib/locale/C.UTF-8/LC_CTYPE", O_RDONLY|O_CLOEXEC) = -1 ENOENT (No such file or directory)
1428426 openat(AT_FDCWD</tmp/kernel-audit2-v3r63b5w/\346\261\202\350\247\243\345\231\250>, "/usr/lib/locale/C.utf8/LC_CTYPE", O_RDONLY|O_CLOEXEC) = 3</usr/lib/locale/C.utf8/LC_CTYPE>
1428426 openat(AT_FDCWD</tmp/kernel-audit2-v3r63b5w/\346\261\202\350\247\243\345\231\250>, "/tmp/kernel-audit2-v3r63b5w/\346\261\202\350\247\243\345\231\250/crates/kernel/src/config.rs", O_RDONLY) = 3</tmp/kernel-audit2-v3r63b5w/\346\261\202\350\247\243\345\231\250/crates/kernel/src/config.rs>
1428364 --- SIGCHLD {si_signo=SIGCHLD, si_code=CLD_EXITED, si_pid=1428426, si_uid=1000, si_status=0, si_utime=0, si_stime=0} ---
1428364 openat(AT_FDCWD</tmp/kernel-audit2-v3r63b5w/\346\261\202\350\247\243\345\231\250>, "/dev/null", O_RDONLY|O_CLOEXEC) = 3</dev/null<char 1:3>>
1428427 execve("/home/zhuran24/.codex/tmp/arg0/codex-arg0DuAZRy/sha256sum", ["sha256sum", "--", "/tmp/kernel-audit2-v3r63b5w/\346\261\202\350\247\243\345\231\250/crates/kernel/src/model.rs"], 0x7ffd72465138 /* 135 vars */) = -1 ENOENT (No such file or directory)
1428427 execve("/home/zhuran24/.cargo/bin/sha256sum", ["sha256sum", "--", "/tmp/kernel-audit2-v3r63b5w/\346\261\202\350\247\243\345\231\250/crates/kernel/src/model.rs"], 0x7ffd72465138 /* 135 vars */) = -1 ENOENT (No such file or directory)
1428427 execve("/home/zhuran24/.local/bin/sha256sum", ["sha256sum", "--", "/tmp/kernel-audit2-v3r63b5w/\346\261\202\350\247\243\345\231\250/crates/kernel/src/model.rs"], 0x7ffd72465138 /* 135 vars */) = -1 ENOENT (No such file or directory)
1428427 execve("/home/zhuran24/.opencode/bin/sha256sum", ["sha256sum", "--", "/tmp/kernel-audit2-v3r63b5w/\346\261\202\350\247\243\345\231\250/crates/kernel/src/model.rs"], 0x7ffd72465138 /* 135 vars */) = -1 ENOENT (No such file or directory)
1428427 execve("/usr/local/bin/sha256sum", ["sha256sum", "--", "/tmp/kernel-audit2-v3r63b5w/\346\261\202\350\247\243\345\231\250/crates/kernel/src/model.rs"], 0x7ffd72465138 /* 135 vars */) = -1 ENOENT (No such file or directory)
1428427 execve("/usr/bin/sha256sum", ["sha256sum", "--", "/tmp/kernel-audit2-v3r63b5w/\346\261\202\350\247\243\345\231\250/crates/kernel/src/model.rs"], 0x7ffd72465138 /* 135 vars */) = 0
1428427 openat(AT_FDCWD</tmp/kernel-audit2-v3r63b5w/\346\261\202\350\247\243\345\231\250>, "/etc/ld.so.cache", O_RDONLY|O_CLOEXEC) = 3</etc/ld.so.cache>
1428427 openat(AT_FDCWD</tmp/kernel-audit2-v3r63b5w/\346\261\202\350\247\243\345\231\250>, "/usr/lib/libcrypto.so.3", O_RDONLY|O_CLOEXEC) = 3</usr/lib/libcrypto.so.3>
1428427 openat(AT_FDCWD</tmp/kernel-audit2-v3r63b5w/\346\261\202\350\247\243\345\231\250>, "/usr/lib/libc.so.6", O_RDONLY|O_CLOEXEC) = 3</usr/lib/libc.so.6>
1428427 openat(AT_FDCWD</tmp/kernel-audit2-v3r63b5w/\346\261\202\350\247\243\345\231\250>, "/usr/lib/libz.so.1", O_RDONLY|O_CLOEXEC) = 3</usr/lib/libz.so.1.3.1.zlib-ng>
1428427 openat(AT_FDCWD</tmp/kernel-audit2-v3r63b5w/\346\261\202\350\247\243\345\231\250>, "/usr/lib/libbrotlienc.so.1", O_RDONLY|O_CLOEXEC) = 3</usr/lib/libbrotlienc.so.1.2.0>
1428427 openat(AT_FDCWD</tmp/kernel-audit2-v3r63b5w/\346\261\202\350\247\243\345\231\250>, "/usr/lib/libbrotlidec.so.1", O_RDONLY|O_CLOEXEC) = 3</usr/lib/libbrotlidec.so.1.2.0>
1428427 openat(AT_FDCWD</tmp/kernel-audit2-v3r63b5w/\346\261\202\350\247\243\345\231\250>, "/usr/lib/libzstd.so.1", O_RDONLY|O_CLOEXEC) = 3</usr/lib/libzstd.so.1.5.7>
1428427 openat(AT_FDCWD</tmp/kernel-audit2-v3r63b5w/\346\261\202\350\247\243\345\231\250>, "/usr/lib/libm.so.6", O_RDONLY|O_CLOEXEC) = 3</usr/lib/libm.so.6>
1428427 openat(AT_FDCWD</tmp/kernel-audit2-v3r63b5w/\346\261\202\350\247\243\345\231\250>, "/usr/lib/libbrotlicommon.so.1", O_RDONLY|O_CLOEXEC) = 3</usr/lib/libbrotlicommon.so.1.2.0>
1428427 openat(AT_FDCWD</tmp/kernel-audit2-v3r63b5w/\346\261\202\350\247\243\345\231\250>, "/usr/lib/locale/locale-archive", O_RDONLY|O_CLOEXEC) = 3</usr/lib/locale/locale-archive>
1428427 openat(AT_FDCWD</tmp/kernel-audit2-v3r63b5w/\346\261\202\350\247\243\345\231\250>, "/usr/share/locale/locale.alias", O_RDONLY|O_CLOEXEC) = 3</usr/share/locale/locale.alias>
1428427 openat(AT_FDCWD</tmp/kernel-audit2-v3r63b5w/\346\261\202\350\247\243\345\231\250>, "/usr/lib/locale/C.UTF-8/LC_IDENTIFICATION", O_RDONLY|O_CLOEXEC) = -1 ENOENT (No such file or directory)
1428427 openat(AT_FDCWD</tmp/kernel-audit2-v3r63b5w/\346\261\202\350\247\243\345\231\250>, "/usr/lib/locale/C.utf8/LC_IDENTIFICATION", O_RDONLY|O_CLOEXEC) = 3</usr/lib/locale/C.utf8/LC_IDENTIFICATION>
1428427 openat(AT_FDCWD</tmp/kernel-audit2-v3r63b5w/\346\261\202\350\247\243\345\231\250>, "/usr/lib/gconv/gconv-modules.cache", O_RDONLY|O_CLOEXEC) = 3</usr/lib/gconv/gconv-modules.cache>
1428427 openat(AT_FDCWD</tmp/kernel-audit2-v3r63b5w/\346\261\202\350\247\243\345\231\250>, "/usr/lib/locale/C.UTF-8/LC_MEASUREMENT", O_RDONLY|O_CLOEXEC) = -1 ENOENT (No such file or directory)
1428427 openat(AT_FDCWD</tmp/kernel-audit2-v3r63b5w/\346\261\202\350\247\243\345\231\250>, "/usr/lib/locale/C.utf8/LC_MEASUREMENT", O_RDONLY|O_CLOEXEC) = 3</usr/lib/locale/C.utf8/LC_MEASUREMENT>
1428427 openat(AT_FDCWD</tmp/kernel-audit2-v3r63b5w/\346\261\202\350\247\243\345\231\250>, "/usr/lib/locale/C.UTF-8/LC_TELEPHONE", O_RDONLY|O_CLOEXEC) = -1 ENOENT (No such file or directory)
1428427 openat(AT_FDCWD</tmp/kernel-audit2-v3r63b5w/\346\261\202\350\247\243\345\231\250>, "/usr/lib/locale/C.utf8/LC_TELEPHONE", O_RDONLY|O_CLOEXEC) = 3</usr/lib/locale/C.utf8/LC_TELEPHONE>
1428427 openat(AT_FDCWD</tmp/kernel-audit2-v3r63b5w/\346\261\202\350\247\243\345\231\250>, "/usr/lib/locale/C.UTF-8/LC_ADDRESS", O_RDONLY|O_CLOEXEC) = -1 ENOENT (No such file or directory)
1428427 openat(AT_FDCWD</tmp/kernel-audit2-v3r63b5w/\346\261\202\350\247\243\345\231\250>, "/usr/lib/locale/C.utf8/LC_ADDRESS", O_RDONLY|O_CLOEXEC) = 3</usr/lib/locale/C.utf8/LC_ADDRESS>
1428427 openat(AT_FDCWD</tmp/kernel-audit2-v3r63b5w/\346\261\202\350\247\243\345\231\250>, "/usr/lib/locale/C.UTF-8/LC_NAME", O_RDONLY|O_CLOEXEC) = -1 ENOENT (No such file or directory)
1428427 openat(AT_FDCWD</tmp/kernel-audit2-v3r63b5w/\346\261\202\350\247\243\345\231\250>, "/usr/lib/locale/C.utf8/LC_NAME", O_RDONLY|O_CLOEXEC) = 3</usr/lib/locale/C.utf8/LC_NAME>
1428427 openat(AT_FDCWD</tmp/kernel-audit2-v3r63b5w/\346\261\202\350\247\243\345\231\250>, "/usr/lib/locale/C.UTF-8/LC_PAPER", O_RDONLY|O_CLOEXEC) = -1 ENOENT (No such file or directory)
1428427 openat(AT_FDCWD</tmp/kernel-audit2-v3r63b5w/\346\261\202\350\247\243\345\231\250>, "/usr/lib/locale/C.utf8/LC_PAPER", O_RDONLY|O_CLOEXEC) = 3</usr/lib/locale/C.utf8/LC_PAPER>
1428427 openat(AT_FDCWD</tmp/kernel-audit2-v3r63b5w/\346\261\202\350\247\243\345\231\250>, "/usr/lib/locale/C.UTF-8/LC_MESSAGES", O_RDONLY|O_CLOEXEC) = -1 ENOENT (No such file or directory)
1428427 openat(AT_FDCWD</tmp/kernel-audit2-v3r63b5w/\346\261\202\350\247\243\345\231\250>, "/usr/lib/locale/C.utf8/LC_MESSAGES", O_RDONLY|O_CLOEXEC) = 3</usr/lib/locale/C.utf8/LC_MESSAGES>
1428427 openat(AT_FDCWD</tmp/kernel-audit2-v3r63b5w/\346\261\202\350\247\243\345\231\250>, "/usr/lib/locale/C.utf8/LC_MESSAGES/SYS_LC_MESSAGES", O_RDONLY|O_CLOEXEC) = 3</usr/lib/locale/C.utf8/LC_MESSAGES/SYS_LC_MESSAGES>
1428427 openat(AT_FDCWD</tmp/kernel-audit2-v3r63b5w/\346\261\202\350\247\243\345\231\250>, "/usr/lib/locale/C.UTF-8/LC_MONETARY", O_RDONLY|O_CLOEXEC) = -1 ENOENT (No such file or directory)
1428427 openat(AT_FDCWD</tmp/kernel-audit2-v3r63b5w/\346\261\202\350\247\243\345\231\250>, "/usr/lib/locale/C.utf8/LC_MONETARY", O_RDONLY|O_CLOEXEC) = 3</usr/lib/locale/C.utf8/LC_MONETARY>
1428427 openat(AT_FDCWD</tmp/kernel-audit2-v3r63b5w/\346\261\202\350\247\243\345\231\250>, "/usr/lib/locale/C.UTF-8/LC_COLLATE", O_RDONLY|O_CLOEXEC) = -1 ENOENT (No such file or directory)
1428427 openat(AT_FDCWD</tmp/kernel-audit2-v3r63b5w/\346\261\202\350\247\243\345\231\250>, "/usr/lib/locale/C.utf8/LC_COLLATE", O_RDONLY|O_CLOEXEC) = 3</usr/lib/locale/C.utf8/LC_COLLATE>
1428427 openat(AT_FDCWD</tmp/kernel-audit2-v3r63b5w/\346\261\202\350\247\243\345\231\250>, "/usr/lib/locale/C.UTF-8/LC_TIME", O_RDONLY|O_CLOEXEC) = -1 ENOENT (No such file or directory)
1428427 openat(AT_FDCWD</tmp/kernel-audit2-v3r63b5w/\346\261\202\350\247\243\345\231\250>, "/usr/lib/locale/C.utf8/LC_TIME", O_RDONLY|O_CLOEXEC) = 3</usr/lib/locale/C.utf8/LC_TIME>
1428427 openat(AT_FDCWD</tmp/kernel-audit2-v3r63b5w/\346\261\202\350\247\243\345\231\250>, "/usr/lib/locale/C.UTF-8/LC_NUMERIC", O_RDONLY|O_CLOEXEC) = -1 ENOENT (No such file or directory)
1428427 openat(AT_FDCWD</tmp/kernel-audit2-v3r63b5w/\346\261\202\350\247\243\345\231\250>, "/usr/lib/locale/C.utf8/LC_NUMERIC", O_RDONLY|O_CLOEXEC) = 3</usr/lib/locale/C.utf8/LC_NUMERIC>
1428427 openat(AT_FDCWD</tmp/kernel-audit2-v3r63b5w/\346\261\202\350\247\243\345\231\250>, "/usr/lib/locale/C.UTF-8/LC_CTYPE", O_RDONLY|O_CLOEXEC) = -1 ENOENT (No such file or directory)
1428427 openat(AT_FDCWD</tmp/kernel-audit2-v3r63b5w/\346\261\202\350\247\243\345\231\250>, "/usr/lib/locale/C.utf8/LC_CTYPE", O_RDONLY|O_CLOEXEC) = 3</usr/lib/locale/C.utf8/LC_CTYPE>
1428427 openat(AT_FDCWD</tmp/kernel-audit2-v3r63b5w/\346\261\202\350\247\243\345\231\250>, "/tmp/kernel-audit2-v3r63b5w/\346\261\202\350\247\243\345\231\250/crates/kernel/src/model.rs", O_RDONLY) = 3</tmp/kernel-audit2-v3r63b5w/\346\261\202\350\247\243\345\231\250/crates/kernel/src/model.rs>
1428364 --- SIGCHLD {si_signo=SIGCHLD, si_code=CLD_EXITED, si_pid=1428427, si_uid=1000, si_status=0, si_utime=0, si_stime=0} ---
1428364 openat(AT_FDCWD</tmp/kernel-audit2-v3r63b5w/\346\261\202\350\247\243\345\231\250>, "/dev/null", O_RDONLY|O_CLOEXEC) = 3</dev/null<char 1:3>>
1428428 execve("/home/zhuran24/.codex/tmp/arg0/codex-arg0DuAZRy/sha256sum", ["sha256sum", "--", "/tmp/kernel-audit2-v3r63b5w/\346\261\202\350\247\243\345\231\250/crates/kernel/src/catalog.rs"], 0x7ffd72465138 /* 135 vars */) = -1 ENOENT (No such file or directory)
1428428 execve("/home/zhuran24/.cargo/bin/sha256sum", ["sha256sum", "--", "/tmp/kernel-audit2-v3r63b5w/\346\261\202\350\247\243\345\231\250/crates/kernel/src/catalog.rs"], 0x7ffd72465138 /* 135 vars */) = -1 ENOENT (No such file or directory)
1428428 execve("/home/zhuran24/.local/bin/sha256sum", ["sha256sum", "--", "/tmp/kernel-audit2-v3r63b5w/\346\261\202\350\247\243\345\231\250/crates/kernel/src/catalog.rs"], 0x7ffd72465138 /* 135 vars */) = -1 ENOENT (No such file or directory)
1428428 execve("/home/zhuran24/.opencode/bin/sha256sum", ["sha256sum", "--", "/tmp/kernel-audit2-v3r63b5w/\346\261\202\350\247\243\345\231\250/crates/kernel/src/catalog.rs"], 0x7ffd72465138 /* 135 vars */) = -1 ENOENT (No such file or directory)
1428428 execve("/usr/local/bin/sha256sum", ["sha256sum", "--", "/tmp/kernel-audit2-v3r63b5w/\346\261\202\350\247\243\345\231\250/crates/kernel/src/catalog.rs"], 0x7ffd72465138 /* 135 vars */) = -1 ENOENT (No such file or directory)
1428428 execve("/usr/bin/sha256sum", ["sha256sum", "--", "/tmp/kernel-audit2-v3r63b5w/\346\261\202\350\247\243\345\231\250/crates/kernel/src/catalog.rs"], 0x7ffd72465138 /* 135 vars */) = 0
1428428 openat(AT_FDCWD</tmp/kernel-audit2-v3r63b5w/\346\261\202\350\247\243\345\231\250>, "/etc/ld.so.cache", O_RDONLY|O_CLOEXEC) = 3</etc/ld.so.cache>
1428428 openat(AT_FDCWD</tmp/kernel-audit2-v3r63b5w/\346\261\202\350\247\243\345\231\250>, "/usr/lib/libcrypto.so.3", O_RDONLY|O_CLOEXEC) = 3</usr/lib/libcrypto.so.3>
1428428 openat(AT_FDCWD</tmp/kernel-audit2-v3r63b5w/\346\261\202\350\247\243\345\231\250>, "/usr/lib/libc.so.6", O_RDONLY|O_CLOEXEC) = 3</usr/lib/libc.so.6>
1428428 openat(AT_FDCWD</tmp/kernel-audit2-v3r63b5w/\346\261\202\350\247\243\345\231\250>, "/usr/lib/libz.so.1", O_RDONLY|O_CLOEXEC) = 3</usr/lib/libz.so.1.3.1.zlib-ng>
1428428 openat(AT_FDCWD</tmp/kernel-audit2-v3r63b5w/\346\261\202\350\247\243\345\231\250>, "/usr/lib/libbrotlienc.so.1", O_RDONLY|O_CLOEXEC) = 3</usr/lib/libbrotlienc.so.1.2.0>
1428428 openat(AT_FDCWD</tmp/kernel-audit2-v3r63b5w/\346\261\202\350\247\243\345\231\250>, "/usr/lib/libbrotlidec.so.1", O_RDONLY|O_CLOEXEC) = 3</usr/lib/libbrotlidec.so.1.2.0>
1428428 openat(AT_FDCWD</tmp/kernel-audit2-v3r63b5w/\346\261\202\350\247\243\345\231\250>, "/usr/lib/libzstd.so.1", O_RDONLY|O_CLOEXEC) = 3</usr/lib/libzstd.so.1.5.7>
1428428 openat(AT_FDCWD</tmp/kernel-audit2-v3r63b5w/\346\261\202\350\247\243\345\231\250>, "/usr/lib/libm.so.6", O_RDONLY|O_CLOEXEC) = 3</usr/lib/libm.so.6>
1428428 openat(AT_FDCWD</tmp/kernel-audit2-v3r63b5w/\346\261\202\350\247\243\345\231\250>, "/usr/lib/libbrotlicommon.so.1", O_RDONLY|O_CLOEXEC) = 3</usr/lib/libbrotlicommon.so.1.2.0>
1428428 openat(AT_FDCWD</tmp/kernel-audit2-v3r63b5w/\346\261\202\350\247\243\345\231\250>, "/usr/lib/locale/locale-archive", O_RDONLY|O_CLOEXEC) = 3</usr/lib/locale/locale-archive>
1428428 openat(AT_FDCWD</tmp/kernel-audit2-v3r63b5w/\346\261\202\350\247\243\345\231\250>, "/usr/share/locale/locale.alias", O_RDONLY|O_CLOEXEC) = 3</usr/share/locale/locale.alias>
1428428 openat(AT_FDCWD</tmp/kernel-audit2-v3r63b5w/\346\261\202\350\247\243\345\231\250>, "/usr/lib/locale/C.UTF-8/LC_IDENTIFICATION", O_RDONLY|O_CLOEXEC) = -1 ENOENT (No such file or directory)
1428428 openat(AT_FDCWD</tmp/kernel-audit2-v3r63b5w/\346\261\202\350\247\243\345\231\250>, "/usr/lib/locale/C.utf8/LC_IDENTIFICATION", O_RDONLY|O_CLOEXEC) = 3</usr/lib/locale/C.utf8/LC_IDENTIFICATION>
1428428 openat(AT_FDCWD</tmp/kernel-audit2-v3r63b5w/\346\261\202\350\247\243\345\231\250>, "/usr/lib/gconv/gconv-modules.cache", O_RDONLY|O_CLOEXEC) = 3</usr/lib/gconv/gconv-modules.cache>
1428428 openat(AT_FDCWD</tmp/kernel-audit2-v3r63b5w/\346\261\202\350\247\243\345\231\250>, "/usr/lib/locale/C.UTF-8/LC_MEASUREMENT", O_RDONLY|O_CLOEXEC) = -1 ENOENT (No such file or directory)
1428428 openat(AT_FDCWD</tmp/kernel-audit2-v3r63b5w/\346\261\202\350\247\243\345\231\250>, "/usr/lib/locale/C.utf8/LC_MEASUREMENT", O_RDONLY|O_CLOEXEC) = 3</usr/lib/locale/C.utf8/LC_MEASUREMENT>
1428428 openat(AT_FDCWD</tmp/kernel-audit2-v3r63b5w/\346\261\202\350\247\243\345\231\250>, "/usr/lib/locale/C.UTF-8/LC_TELEPHONE", O_RDONLY|O_CLOEXEC) = -1 ENOENT (No such file or directory)
1428428 openat(AT_FDCWD</tmp/kernel-audit2-v3r63b5w/\346\261\202\350\247\243\345\231\250>, "/usr/lib/locale/C.utf8/LC_TELEPHONE", O_RDONLY|O_CLOEXEC) = 3</usr/lib/locale/C.utf8/LC_TELEPHONE>
1428428 openat(AT_FDCWD</tmp/kernel-audit2-v3r63b5w/\346\261\202\350\247\243\345\231\250>, "/usr/lib/locale/C.UTF-8/LC_ADDRESS", O_RDONLY|O_CLOEXEC) = -1 ENOENT (No such file or directory)
1428428 openat(AT_FDCWD</tmp/kernel-audit2-v3r63b5w/\346\261\202\350\247\243\345\231\250>, "/usr/lib/locale/C.utf8/LC_ADDRESS", O_RDONLY|O_CLOEXEC) = 3</usr/lib/locale/C.utf8/LC_ADDRESS>
1428428 openat(AT_FDCWD</tmp/kernel-audit2-v3r63b5w/\346\261\202\350\247\243\345\231\250>, "/usr/lib/locale/C.UTF-8/LC_NAME", O_RDONLY|O_CLOEXEC) = -1 ENOENT (No such file or directory)
1428428 openat(AT_FDCWD</tmp/kernel-audit2-v3r63b5w/\346\261\202\350\247\243\345\231\250>, "/usr/lib/locale/C.utf8/LC_NAME", O_RDONLY|O_CLOEXEC) = 3</usr/lib/locale/C.utf8/LC_NAME>
1428428 openat(AT_FDCWD</tmp/kernel-audit2-v3r63b5w/\346\261\202\350\247\243\345\231\250>, "/usr/lib/locale/C.UTF-8/LC_PAPER", O_RDONLY|O_CLOEXEC) = -1 ENOENT (No such file or directory)
1428428 openat(AT_FDCWD</tmp/kernel-audit2-v3r63b5w/\346\261\202\350\247\243\345\231\250>, "/usr/lib/locale/C.utf8/LC_PAPER", O_RDONLY|O_CLOEXEC) = 3</usr/lib/locale/C.utf8/LC_PAPER>
1428428 openat(AT_FDCWD</tmp/kernel-audit2-v3r63b5w/\346\261\202\350\247\243\345\231\250>, "/usr/lib/locale/C.UTF-8/LC_MESSAGES", O_RDONLY|O_CLOEXEC) = -1 ENOENT (No such file or directory)
1428428 openat(AT_FDCWD</tmp/kernel-audit2-v3r63b5w/\346\261\202\350\247\243\345\231\250>, "/usr/lib/locale/C.utf8/LC_MESSAGES", O_RDONLY|O_CLOEXEC) = 3</usr/lib/locale/C.utf8/LC_MESSAGES>
1428428 openat(AT_FDCWD</tmp/kernel-audit2-v3r63b5w/\346\261\202\350\247\243\345\231\250>, "/usr/lib/locale/C.utf8/LC_MESSAGES/SYS_LC_MESSAGES", O_RDONLY|O_CLOEXEC) = 3</usr/lib/locale/C.utf8/LC_MESSAGES/SYS_LC_MESSAGES>
1428428 openat(AT_FDCWD</tmp/kernel-audit2-v3r63b5w/\346\261\202\350\247\243\345\231\250>, "/usr/lib/locale/C.UTF-8/LC_MONETARY", O_RDONLY|O_CLOEXEC) = -1 ENOENT (No such file or directory)
1428428 openat(AT_FDCWD</tmp/kernel-audit2-v3r63b5w/\346\261\202\350\247\243\345\231\250>, "/usr/lib/locale/C.utf8/LC_MONETARY", O_RDONLY|O_CLOEXEC) = 3</usr/lib/locale/C.utf8/LC_MONETARY>
1428428 openat(AT_FDCWD</tmp/kernel-audit2-v3r63b5w/\346\261\202\350\247\243\345\231\250>, "/usr/lib/locale/C.UTF-8/LC_COLLATE", O_RDONLY|O_CLOEXEC) = -1 ENOENT (No such file or directory)
1428428 openat(AT_FDCWD</tmp/kernel-audit2-v3r63b5w/\346\261\202\350\247\243\345\231\250>, "/usr/lib/locale/C.utf8/LC_COLLATE", O_RDONLY|O_CLOEXEC) = 3</usr/lib/locale/C.utf8/LC_COLLATE>
1428428 openat(AT_FDCWD</tmp/kernel-audit2-v3r63b5w/\346\261\202\350\247\243\345\231\250>, "/usr/lib/locale/C.UTF-8/LC_TIME", O_RDONLY|O_CLOEXEC) = -1 ENOENT (No such file or directory)
1428428 openat(AT_FDCWD</tmp/kernel-audit2-v3r63b5w/\346\261\202\350\247\243\345\231\250>, "/usr/lib/locale/C.utf8/LC_TIME", O_RDONLY|O_CLOEXEC) = 3</usr/lib/locale/C.utf8/LC_TIME>
1428428 openat(AT_FDCWD</tmp/kernel-audit2-v3r63b5w/\346\261\202\350\247\243\345\231\250>, "/usr/lib/locale/C.UTF-8/LC_NUMERIC", O_RDONLY|O_CLOEXEC) = -1 ENOENT (No such file or directory)
1428428 openat(AT_FDCWD</tmp/kernel-audit2-v3r63b5w/\346\261\202\350\247\243\345\231\250>, "/usr/lib/locale/C.utf8/LC_NUMERIC", O_RDONLY|O_CLOEXEC) = 3</usr/lib/locale/C.utf8/LC_NUMERIC>
1428428 openat(AT_FDCWD</tmp/kernel-audit2-v3r63b5w/\346\261\202\350\247\243\345\231\250>, "/usr/lib/locale/C.UTF-8/LC_CTYPE", O_RDONLY|O_CLOEXEC) = -1 ENOENT (No such file or directory)
1428428 openat(AT_FDCWD</tmp/kernel-audit2-v3r63b5w/\346\261\202\350\247\243\345\231\250>, "/usr/lib/locale/C.utf8/LC_CTYPE", O_RDONLY|O_CLOEXEC) = 3</usr/lib/locale/C.utf8/LC_CTYPE>
1428428 openat(AT_FDCWD</tmp/kernel-audit2-v3r63b5w/\346\261\202\350\247\243\345\231\250>, "/tmp/kernel-audit2-v3r63b5w/\346\261\202\350\247\243\345\231\250/crates/kernel/src/catalog.rs", O_RDONLY) = 3</tmp/kernel-audit2-v3r63b5w/\346\261\202\350\247\243\345\231\250/crates/kernel/src/catalog.rs>
1428364 --- SIGCHLD {si_signo=SIGCHLD, si_code=CLD_EXITED, si_pid=1428428, si_uid=1000, si_status=0, si_utime=0, si_stime=0} ---
1428364 openat(AT_FDCWD</tmp/kernel-audit2-v3r63b5w/\346\261\202\350\247\243\345\231\250>, "/dev/null", O_RDONLY|O_CLOEXEC) = 3</dev/null<char 1:3>>
1428429 execve("/home/zhuran24/.codex/tmp/arg0/codex-arg0DuAZRy/sha256sum", ["sha256sum", "--", "/tmp/kernel-audit2-v3r63b5w/\346\261\202\350\247\243\345\231\250/crates/kernel/src/input.rs"], 0x7ffd72465138 /* 135 vars */) = -1 ENOENT (No such file or directory)
1428429 execve("/home/zhuran24/.cargo/bin/sha256sum", ["sha256sum", "--", "/tmp/kernel-audit2-v3r63b5w/\346\261\202\350\247\243\345\231\250/crates/kernel/src/input.rs"], 0x7ffd72465138 /* 135 vars */) = -1 ENOENT (No such file or directory)
1428429 execve("/home/zhuran24/.local/bin/sha256sum", ["sha256sum", "--", "/tmp/kernel-audit2-v3r63b5w/\346\261\202\350\247\243\345\231\250/crates/kernel/src/input.rs"], 0x7ffd72465138 /* 135 vars */) = -1 ENOENT (No such file or directory)
1428429 execve("/home/zhuran24/.opencode/bin/sha256sum", ["sha256sum", "--", "/tmp/kernel-audit2-v3r63b5w/\346\261\202\350\247\243\345\231\250/crates/kernel/src/input.rs"], 0x7ffd72465138 /* 135 vars */) = -1 ENOENT (No such file or directory)
1428429 execve("/usr/local/bin/sha256sum", ["sha256sum", "--", "/tmp/kernel-audit2-v3r63b5w/\346\261\202\350\247\243\345\231\250/crates/kernel/src/input.rs"], 0x7ffd72465138 /* 135 vars */) = -1 ENOENT (No such file or directory)
1428429 execve("/usr/bin/sha256sum", ["sha256sum", "--", "/tmp/kernel-audit2-v3r63b5w/\346\261\202\350\247\243\345\231\250/crates/kernel/src/input.rs"], 0x7ffd72465138 /* 135 vars */) = 0
1428429 openat(AT_FDCWD</tmp/kernel-audit2-v3r63b5w/\346\261\202\350\247\243\345\231\250>, "/etc/ld.so.cache", O_RDONLY|O_CLOEXEC) = 3</etc/ld.so.cache>
1428429 openat(AT_FDCWD</tmp/kernel-audit2-v3r63b5w/\346\261\202\350\247\243\345\231\250>, "/usr/lib/libcrypto.so.3", O_RDONLY|O_CLOEXEC) = 3</usr/lib/libcrypto.so.3>
1428429 openat(AT_FDCWD</tmp/kernel-audit2-v3r63b5w/\346\261\202\350\247\243\345\231\250>, "/usr/lib/libc.so.6", O_RDONLY|O_CLOEXEC) = 3</usr/lib/libc.so.6>
1428429 openat(AT_FDCWD</tmp/kernel-audit2-v3r63b5w/\346\261\202\350\247\243\345\231\250>, "/usr/lib/libz.so.1", O_RDONLY|O_CLOEXEC) = 3</usr/lib/libz.so.1.3.1.zlib-ng>
1428429 openat(AT_FDCWD</tmp/kernel-audit2-v3r63b5w/\346\261\202\350\247\243\345\231\250>, "/usr/lib/libbrotlienc.so.1", O_RDONLY|O_CLOEXEC) = 3</usr/lib/libbrotlienc.so.1.2.0>
1428429 openat(AT_FDCWD</tmp/kernel-audit2-v3r63b5w/\346\261\202\350\247\243\345\231\250>, "/usr/lib/libbrotlidec.so.1", O_RDONLY|O_CLOEXEC) = 3</usr/lib/libbrotlidec.so.1.2.0>
1428429 openat(AT_FDCWD</tmp/kernel-audit2-v3r63b5w/\346\261\202\350\247\243\345\231\250>, "/usr/lib/libzstd.so.1", O_RDONLY|O_CLOEXEC) = 3</usr/lib/libzstd.so.1.5.7>
1428429 openat(AT_FDCWD</tmp/kernel-audit2-v3r63b5w/\346\261\202\350\247\243\345\231\250>, "/usr/lib/libm.so.6", O_RDONLY|O_CLOEXEC) = 3</usr/lib/libm.so.6>
1428429 openat(AT_FDCWD</tmp/kernel-audit2-v3r63b5w/\346\261\202\350\247\243\345\231\250>, "/usr/lib/libbrotlicommon.so.1", O_RDONLY|O_CLOEXEC) = 3</usr/lib/libbrotlicommon.so.1.2.0>
1428429 openat(AT_FDCWD</tmp/kernel-audit2-v3r63b5w/\346\261\202\350\247\243\345\231\250>, "/usr/lib/locale/locale-archive", O_RDONLY|O_CLOEXEC) = 3</usr/lib/locale/locale-archive>
1428429 openat(AT_FDCWD</tmp/kernel-audit2-v3r63b5w/\346\261\202\350\247\243\345\231\250>, "/usr/share/locale/locale.alias", O_RDONLY|O_CLOEXEC) = 3</usr/share/locale/locale.alias>
1428429 openat(AT_FDCWD</tmp/kernel-audit2-v3r63b5w/\346\261\202\350\247\243\345\231\250>, "/usr/lib/locale/C.UTF-8/LC_IDENTIFICATION", O_RDONLY|O_CLOEXEC) = -1 ENOENT (No such file or directory)
1428429 openat(AT_FDCWD</tmp/kernel-audit2-v3r63b5w/\346\261\202\350\247\243\345\231\250>, "/usr/lib/locale/C.utf8/LC_IDENTIFICATION", O_RDONLY|O_CLOEXEC) = 3</usr/lib/locale/C.utf8/LC_IDENTIFICATION>
1428429 openat(AT_FDCWD</tmp/kernel-audit2-v3r63b5w/\346\261\202\350\247\243\345\231\250>, "/usr/lib/gconv/gconv-modules.cache", O_RDONLY|O_CLOEXEC) = 3</usr/lib/gconv/gconv-modules.cache>
1428429 openat(AT_FDCWD</tmp/kernel-audit2-v3r63b5w/\346\261\202\350\247\243\345\231\250>, "/usr/lib/locale/C.UTF-8/LC_MEASUREMENT", O_RDONLY|O_CLOEXEC) = -1 ENOENT (No such file or directory)
1428429 openat(AT_FDCWD</tmp/kernel-audit2-v3r63b5w/\346\261\202\350\247\243\345\231\250>, "/usr/lib/locale/C.utf8/LC_MEASUREMENT", O_RDONLY|O_CLOEXEC) = 3</usr/lib/locale/C.utf8/LC_MEASUREMENT>
1428429 openat(AT_FDCWD</tmp/kernel-audit2-v3r63b5w/\346\261\202\350\247\243\345\231\250>, "/usr/lib/locale/C.UTF-8/LC_TELEPHONE", O_RDONLY|O_CLOEXEC) = -1 ENOENT (No such file or directory)
1428429 openat(AT_FDCWD</tmp/kernel-audit2-v3r63b5w/\346\261\202\350\247\243\345\231\250>, "/usr/lib/locale/C.utf8/LC_TELEPHONE", O_RDONLY|O_CLOEXEC) = 3</usr/lib/locale/C.utf8/LC_TELEPHONE>
1428429 openat(AT_FDCWD</tmp/kernel-audit2-v3r63b5w/\346\261\202\350\247\243\345\231\250>, "/usr/lib/locale/C.UTF-8/LC_ADDRESS", O_RDONLY|O_CLOEXEC) = -1 ENOENT (No such file or directory)
1428429 openat(AT_FDCWD</tmp/kernel-audit2-v3r63b5w/\346\261\202\350\247\243\345\231\250>, "/usr/lib/locale/C.utf8/LC_ADDRESS", O_RDONLY|O_CLOEXEC) = 3</usr/lib/locale/C.utf8/LC_ADDRESS>
1428429 openat(AT_FDCWD</tmp/kernel-audit2-v3r63b5w/\346\261\202\350\247\243\345\231\250>, "/usr/lib/locale/C.UTF-8/LC_NAME", O_RDONLY|O_CLOEXEC) = -1 ENOENT (No such file or directory)
1428429 openat(AT_FDCWD</tmp/kernel-audit2-v3r63b5w/\346\261\202\350\247\243\345\231\250>, "/usr/lib/locale/C.utf8/LC_NAME", O_RDONLY|O_CLOEXEC) = 3</usr/lib/locale/C.utf8/LC_NAME>
1428429 openat(AT_FDCWD</tmp/kernel-audit2-v3r63b5w/\346\261\202\350\247\243\345\231\250>, "/usr/lib/locale/C.UTF-8/LC_PAPER", O_RDONLY|O_CLOEXEC) = -1 ENOENT (No such file or directory)
1428429 openat(AT_FDCWD</tmp/kernel-audit2-v3r63b5w/\346\261\202\350\247\243\345\231\250>, "/usr/lib/locale/C.utf8/LC_PAPER", O_RDONLY|O_CLOEXEC) = 3</usr/lib/locale/C.utf8/LC_PAPER>
1428429 openat(AT_FDCWD</tmp/kernel-audit2-v3r63b5w/\346\261\202\350\247\243\345\231\250>, "/usr/lib/locale/C.UTF-8/LC_MESSAGES", O_RDONLY|O_CLOEXEC) = -1 ENOENT (No such file or directory)
1428429 openat(AT_FDCWD</tmp/kernel-audit2-v3r63b5w/\346\261\202\350\247\243\345\231\250>, "/usr/lib/locale/C.utf8/LC_MESSAGES", O_RDONLY|O_CLOEXEC) = 3</usr/lib/locale/C.utf8/LC_MESSAGES>
1428429 openat(AT_FDCWD</tmp/kernel-audit2-v3r63b5w/\346\261\202\350\247\243\345\231\250>, "/usr/lib/locale/C.utf8/LC_MESSAGES/SYS_LC_MESSAGES", O_RDONLY|O_CLOEXEC) = 3</usr/lib/locale/C.utf8/LC_MESSAGES/SYS_LC_MESSAGES>
1428429 openat(AT_FDCWD</tmp/kernel-audit2-v3r63b5w/\346\261\202\350\247\243\345\231\250>, "/usr/lib/locale/C.UTF-8/LC_MONETARY", O_RDONLY|O_CLOEXEC) = -1 ENOENT (No such file or directory)
1428429 openat(AT_FDCWD</tmp/kernel-audit2-v3r63b5w/\346\261\202\350\247\243\345\231\250>, "/usr/lib/locale/C.utf8/LC_MONETARY", O_RDONLY|O_CLOEXEC) = 3</usr/lib/locale/C.utf8/LC_MONETARY>
1428429 openat(AT_FDCWD</tmp/kernel-audit2-v3r63b5w/\346\261\202\350\247\243\345\231\250>, "/usr/lib/locale/C.UTF-8/LC_COLLATE", O_RDONLY|O_CLOEXEC) = -1 ENOENT (No such file or directory)
1428429 openat(AT_FDCWD</tmp/kernel-audit2-v3r63b5w/\346\261\202\350\247\243\345\231\250>, "/usr/lib/locale/C.utf8/LC_COLLATE", O_RDONLY|O_CLOEXEC) = 3</usr/lib/locale/C.utf8/LC_COLLATE>
1428429 openat(AT_FDCWD</tmp/kernel-audit2-v3r63b5w/\346\261\202\350\247\243\345\231\250>, "/usr/lib/locale/C.UTF-8/LC_TIME", O_RDONLY|O_CLOEXEC) = -1 ENOENT (No such file or directory)
1428429 openat(AT_FDCWD</tmp/kernel-audit2-v3r63b5w/\346\261\202\350\247\243\345\231\250>, "/usr/lib/locale/C.utf8/LC_TIME", O_RDONLY|O_CLOEXEC) = 3</usr/lib/locale/C.utf8/LC_TIME>
1428429 openat(AT_FDCWD</tmp/kernel-audit2-v3r63b5w/\346\261\202\350\247\243\345\231\250>, "/usr/lib/locale/C.UTF-8/LC_NUMERIC", O_RDONLY|O_CLOEXEC) = -1 ENOENT (No such file or directory)
1428429 openat(AT_FDCWD</tmp/kernel-audit2-v3r63b5w/\346\261\202\350\247\243\345\231\250>, "/usr/lib/locale/C.utf8/LC_NUMERIC", O_RDONLY|O_CLOEXEC) = 3</usr/lib/locale/C.utf8/LC_NUMERIC>
1428429 openat(AT_FDCWD</tmp/kernel-audit2-v3r63b5w/\346\261\202\350\247\243\345\231\250>, "/usr/lib/locale/C.UTF-8/LC_CTYPE", O_RDONLY|O_CLOEXEC) = -1 ENOENT (No such file or directory)
1428429 openat(AT_FDCWD</tmp/kernel-audit2-v3r63b5w/\346\261\202\350\247\243\345\231\250>, "/usr/lib/locale/C.utf8/LC_CTYPE", O_RDONLY|O_CLOEXEC) = 3</usr/lib/locale/C.utf8/LC_CTYPE>
1428429 openat(AT_FDCWD</tmp/kernel-audit2-v3r63b5w/\346\261\202\350\247\243\345\231\250>, "/tmp/kernel-audit2-v3r63b5w/\346\261\202\350\247\243\345\231\250/crates/kernel/src/input.rs", O_RDONLY) = 3</tmp/kernel-audit2-v3r63b5w/\346\261\202\350\247\243\345\231\250/crates/kernel/src/input.rs>
1428364 --- SIGCHLD {si_signo=SIGCHLD, si_code=CLD_EXITED, si_pid=1428429, si_uid=1000, si_status=0, si_utime=0, si_stime=0} ---
1428364 openat(AT_FDCWD</tmp/kernel-audit2-v3r63b5w/\346\261\202\350\247\243\345\231\250>, "/dev/null", O_RDONLY|O_CLOEXEC) = 3</dev/null<char 1:3>>
1428430 execve("/home/zhuran24/.codex/tmp/arg0/codex-arg0DuAZRy/sha256sum", ["sha256sum", "--", "/tmp/kernel-audit2-v3r63b5w/\346\261\202\350\247\243\345\231\250/crates/kernel/src/interfaces.rs"], 0x7ffd72465138 /* 135 vars */) = -1 ENOENT (No such file or directory)
1428430 execve("/home/zhuran24/.cargo/bin/sha256sum", ["sha256sum", "--", "/tmp/kernel-audit2-v3r63b5w/\346\261\202\350\247\243\345\231\250/crates/kernel/src/interfaces.rs"], 0x7ffd72465138 /* 135 vars */) = -1 ENOENT (No such file or directory)
1428430 execve("/home/zhuran24/.local/bin/sha256sum", ["sha256sum", "--", "/tmp/kernel-audit2-v3r63b5w/\346\261\202\350\247\243\345\231\250/crates/kernel/src/interfaces.rs"], 0x7ffd72465138 /* 135 vars */) = -1 ENOENT (No such file or directory)
1428430 execve("/home/zhuran24/.opencode/bin/sha256sum", ["sha256sum", "--", "/tmp/kernel-audit2-v3r63b5w/\346\261\202\350\247\243\345\231\250/crates/kernel/src/interfaces.rs"], 0x7ffd72465138 /* 135 vars */) = -1 ENOENT (No such file or directory)
1428430 execve("/usr/local/bin/sha256sum", ["sha256sum", "--", "/tmp/kernel-audit2-v3r63b5w/\346\261\202\350\247\243\345\231\250/crates/kernel/src/interfaces.rs"], 0x7ffd72465138 /* 135 vars */) = -1 ENOENT (No such file or directory)
1428430 execve("/usr/bin/sha256sum", ["sha256sum", "--", "/tmp/kernel-audit2-v3r63b5w/\346\261\202\350\247\243\345\231\250/crates/kernel/src/interfaces.rs"], 0x7ffd72465138 /* 135 vars */) = 0
1428430 openat(AT_FDCWD</tmp/kernel-audit2-v3r63b5w/\346\261\202\350\247\243\345\231\250>, "/etc/ld.so.cache", O_RDONLY|O_CLOEXEC) = 3</etc/ld.so.cache>
1428430 openat(AT_FDCWD</tmp/kernel-audit2-v3r63b5w/\346\261\202\350\247\243\345\231\250>, "/usr/lib/libcrypto.so.3", O_RDONLY|O_CLOEXEC) = 3</usr/lib/libcrypto.so.3>
1428430 openat(AT_FDCWD</tmp/kernel-audit2-v3r63b5w/\346\261\202\350\247\243\345\231\250>, "/usr/lib/libc.so.6", O_RDONLY|O_CLOEXEC) = 3</usr/lib/libc.so.6>
1428430 openat(AT_FDCWD</tmp/kernel-audit2-v3r63b5w/\346\261\202\350\247\243\345\231\250>, "/usr/lib/libz.so.1", O_RDONLY|O_CLOEXEC) = 3</usr/lib/libz.so.1.3.1.zlib-ng>
1428430 openat(AT_FDCWD</tmp/kernel-audit2-v3r63b5w/\346\261\202\350\247\243\345\231\250>, "/usr/lib/libbrotlienc.so.1", O_RDONLY|O_CLOEXEC) = 3</usr/lib/libbrotlienc.so.1.2.0>
1428430 openat(AT_FDCWD</tmp/kernel-audit2-v3r63b5w/\346\261\202\350\247\243\345\231\250>, "/usr/lib/libbrotlidec.so.1", O_RDONLY|O_CLOEXEC) = 3</usr/lib/libbrotlidec.so.1.2.0>
1428430 openat(AT_FDCWD</tmp/kernel-audit2-v3r63b5w/\346\261\202\350\247\243\345\231\250>, "/usr/lib/libzstd.so.1", O_RDONLY|O_CLOEXEC) = 3</usr/lib/libzstd.so.1.5.7>
1428430 openat(AT_FDCWD</tmp/kernel-audit2-v3r63b5w/\346\261\202\350\247\243\345\231\250>, "/usr/lib/libm.so.6", O_RDONLY|O_CLOEXEC) = 3</usr/lib/libm.so.6>
1428430 openat(AT_FDCWD</tmp/kernel-audit2-v3r63b5w/\346\261\202\350\247\243\345\231\250>, "/usr/lib/libbrotlicommon.so.1", O_RDONLY|O_CLOEXEC) = 3</usr/lib/libbrotlicommon.so.1.2.0>
1428430 openat(AT_FDCWD</tmp/kernel-audit2-v3r63b5w/\346\261\202\350\247\243\345\231\250>, "/usr/lib/locale/locale-archive", O_RDONLY|O_CLOEXEC) = 3</usr/lib/locale/locale-archive>
1428430 openat(AT_FDCWD</tmp/kernel-audit2-v3r63b5w/\346\261\202\350\247\243\345\231\250>, "/usr/share/locale/locale.alias", O_RDONLY|O_CLOEXEC) = 3</usr/share/locale/locale.alias>
1428430 openat(AT_FDCWD</tmp/kernel-audit2-v3r63b5w/\346\261\202\350\247\243\345\231\250>, "/usr/lib/locale/C.UTF-8/LC_IDENTIFICATION", O_RDONLY|O_CLOEXEC) = -1 ENOENT (No such file or directory)
1428430 openat(AT_FDCWD</tmp/kernel-audit2-v3r63b5w/\346\261\202\350\247\243\345\231\250>, "/usr/lib/locale/C.utf8/LC_IDENTIFICATION", O_RDONLY|O_CLOEXEC) = 3</usr/lib/locale/C.utf8/LC_IDENTIFICATION>
1428430 openat(AT_FDCWD</tmp/kernel-audit2-v3r63b5w/\346\261\202\350\247\243\345\231\250>, "/usr/lib/gconv/gconv-modules.cache", O_RDONLY|O_CLOEXEC) = 3</usr/lib/gconv/gconv-modules.cache>
1428430 openat(AT_FDCWD</tmp/kernel-audit2-v3r63b5w/\346\261\202\350\247\243\345\231\250>, "/usr/lib/locale/C.UTF-8/LC_MEASUREMENT", O_RDONLY|O_CLOEXEC) = -1 ENOENT (No such file or directory)
1428430 openat(AT_FDCWD</tmp/kernel-audit2-v3r63b5w/\346\261\202\350\247\243\345\231\250>, "/usr/lib/locale/C.utf8/LC_MEASUREMENT", O_RDONLY|O_CLOEXEC) = 3</usr/lib/locale/C.utf8/LC_MEASUREMENT>
1428430 openat(AT_FDCWD</tmp/kernel-audit2-v3r63b5w/\346\261\202\350\247\243\345\231\250>, "/usr/lib/locale/C.UTF-8/LC_TELEPHONE", O_RDONLY|O_CLOEXEC) = -1 ENOENT (No such file or directory)
1428430 openat(AT_FDCWD</tmp/kernel-audit2-v3r63b5w/\346\261\202\350\247\243\345\231\250>, "/usr/lib/locale/C.utf8/LC_TELEPHONE", O_RDONLY|O_CLOEXEC) = 3</usr/lib/locale/C.utf8/LC_TELEPHONE>
1428430 openat(AT_FDCWD</tmp/kernel-audit2-v3r63b5w/\346\261\202\350\247\243\345\231\250>, "/usr/lib/locale/C.UTF-8/LC_ADDRESS", O_RDONLY|O_CLOEXEC) = -1 ENOENT (No such file or directory)
1428430 openat(AT_FDCWD</tmp/kernel-audit2-v3r63b5w/\346\261\202\350\247\243\345\231\250>, "/usr/lib/locale/C.utf8/LC_ADDRESS", O_RDONLY|O_CLOEXEC) = 3</usr/lib/locale/C.utf8/LC_ADDRESS>
1428430 openat(AT_FDCWD</tmp/kernel-audit2-v3r63b5w/\346\261\202\350\247\243\345\231\250>, "/usr/lib/locale/C.UTF-8/LC_NAME", O_RDONLY|O_CLOEXEC) = -1 ENOENT (No such file or directory)
1428430 openat(AT_FDCWD</tmp/kernel-audit2-v3r63b5w/\346\261\202\350\247\243\345\231\250>, "/usr/lib/locale/C.utf8/LC_NAME", O_RDONLY|O_CLOEXEC) = 3</usr/lib/locale/C.utf8/LC_NAME>
1428430 openat(AT_FDCWD</tmp/kernel-audit2-v3r63b5w/\346\261\202\350\247\243\345\231\250>, "/usr/lib/locale/C.UTF-8/LC_PAPER", O_RDONLY|O_CLOEXEC) = -1 ENOENT (No such file or directory)
1428430 openat(AT_FDCWD</tmp/kernel-audit2-v3r63b5w/\346\261\202\350\247\243\345\231\250>, "/usr/lib/locale/C.utf8/LC_PAPER", O_RDONLY|O_CLOEXEC) = 3</usr/lib/locale/C.utf8/LC_PAPER>
1428430 openat(AT_FDCWD</tmp/kernel-audit2-v3r63b5w/\346\261\202\350\247\243\345\231\250>, "/usr/lib/locale/C.UTF-8/LC_MESSAGES", O_RDONLY|O_CLOEXEC) = -1 ENOENT (No such file or directory)
1428430 openat(AT_FDCWD</tmp/kernel-audit2-v3r63b5w/\346\261\202\350\247\243\345\231\250>, "/usr/lib/locale/C.utf8/LC_MESSAGES", O_RDONLY|O_CLOEXEC) = 3</usr/lib/locale/C.utf8/LC_MESSAGES>
1428430 openat(AT_FDCWD</tmp/kernel-audit2-v3r63b5w/\346\261\202\350\247\243\345\231\250>, "/usr/lib/locale/C.utf8/LC_MESSAGES/SYS_LC_MESSAGES", O_RDONLY|O_CLOEXEC) = 3</usr/lib/locale/C.utf8/LC_MESSAGES/SYS_LC_MESSAGES>
1428430 openat(AT_FDCWD</tmp/kernel-audit2-v3r63b5w/\346\261\202\350\247\243\345\231\250>, "/usr/lib/locale/C.UTF-8/LC_MONETARY", O_RDONLY|O_CLOEXEC) = -1 ENOENT (No such file or directory)
1428430 openat(AT_FDCWD</tmp/kernel-audit2-v3r63b5w/\346\261\202\350\247\243\345\231\250>, "/usr/lib/locale/C.utf8/LC_MONETARY", O_RDONLY|O_CLOEXEC) = 3</usr/lib/locale/C.utf8/LC_MONETARY>
1428430 openat(AT_FDCWD</tmp/kernel-audit2-v3r63b5w/\346\261\202\350\247\243\345\231\250>, "/usr/lib/locale/C.UTF-8/LC_COLLATE", O_RDONLY|O_CLOEXEC) = -1 ENOENT (No such file or directory)
1428430 openat(AT_FDCWD</tmp/kernel-audit2-v3r63b5w/\346\261\202\350\247\243\345\231\250>, "/usr/lib/locale/C.utf8/LC_COLLATE", O_RDONLY|O_CLOEXEC) = 3</usr/lib/locale/C.utf8/LC_COLLATE>
1428430 openat(AT_FDCWD</tmp/kernel-audit2-v3r63b5w/\346\261\202\350\247\243\345\231\250>, "/usr/lib/locale/C.UTF-8/LC_TIME", O_RDONLY|O_CLOEXEC) = -1 ENOENT (No such file or directory)
1428430 openat(AT_FDCWD</tmp/kernel-audit2-v3r63b5w/\346\261\202\350\247\243\345\231\250>, "/usr/lib/locale/C.utf8/LC_TIME", O_RDONLY|O_CLOEXEC) = 3</usr/lib/locale/C.utf8/LC_TIME>
1428430 openat(AT_FDCWD</tmp/kernel-audit2-v3r63b5w/\346\261\202\350\247\243\345\231\250>, "/usr/lib/locale/C.UTF-8/LC_NUMERIC", O_RDONLY|O_CLOEXEC) = -1 ENOENT (No such file or directory)
1428430 openat(AT_FDCWD</tmp/kernel-audit2-v3r63b5w/\346\261\202\350\247\243\345\231\250>, "/usr/lib/locale/C.utf8/LC_NUMERIC", O_RDONLY|O_CLOEXEC) = 3</usr/lib/locale/C.utf8/LC_NUMERIC>
1428430 openat(AT_FDCWD</tmp/kernel-audit2-v3r63b5w/\346\261\202\350\247\243\345\231\250>, "/usr/lib/locale/C.UTF-8/LC_CTYPE", O_RDONLY|O_CLOEXEC) = -1 ENOENT (No such file or directory)
1428430 openat(AT_FDCWD</tmp/kernel-audit2-v3r63b5w/\346\261\202\350\247\243\345\231\250>, "/usr/lib/locale/C.utf8/LC_CTYPE", O_RDONLY|O_CLOEXEC) = 3</usr/lib/locale/C.utf8/LC_CTYPE>
1428430 openat(AT_FDCWD</tmp/kernel-audit2-v3r63b5w/\346\261\202\350\247\243\345\231\250>, "/tmp/kernel-audit2-v3r63b5w/\346\261\202\350\247\243\345\231\250/crates/kernel/src/interfaces.rs", O_RDONLY) = 3</tmp/kernel-audit2-v3r63b5w/\346\261\202\350\247\243\345\231\250/crates/kernel/src/interfaces.rs>
1428364 --- SIGCHLD {si_signo=SIGCHLD, si_code=CLD_EXITED, si_pid=1428430, si_uid=1000, si_status=0, si_utime=0, si_stime=0} ---
1428364 openat(AT_FDCWD</tmp/kernel-audit2-v3r63b5w/\346\261\202\350\247\243\345\231\250>, "/dev/null", O_RDONLY|O_CLOEXEC) = 3</dev/null<char 1:3>>
1428431 execve("/home/zhuran24/.codex/tmp/arg0/codex-arg0DuAZRy/sha256sum", ["sha256sum", "--", "/tmp/kernel-audit2-v3r63b5w/\346\261\202\350\247\243\345\231\250/crates/kernel/src/engine.rs"], 0x7ffd72465138 /* 135 vars */) = -1 ENOENT (No such file or directory)
1428431 execve("/home/zhuran24/.cargo/bin/sha256sum", ["sha256sum", "--", "/tmp/kernel-audit2-v3r63b5w/\346\261\202\350\247\243\345\231\250/crates/kernel/src/engine.rs"], 0x7ffd72465138 /* 135 vars */) = -1 ENOENT (No such file or directory)
1428431 execve("/home/zhuran24/.local/bin/sha256sum", ["sha256sum", "--", "/tmp/kernel-audit2-v3r63b5w/\346\261\202\350\247\243\345\231\250/crates/kernel/src/engine.rs"], 0x7ffd72465138 /* 135 vars */) = -1 ENOENT (No such file or directory)
1428431 execve("/home/zhuran24/.opencode/bin/sha256sum", ["sha256sum", "--", "/tmp/kernel-audit2-v3r63b5w/\346\261\202\350\247\243\345\231\250/crates/kernel/src/engine.rs"], 0x7ffd72465138 /* 135 vars */) = -1 ENOENT (No such file or directory)
1428431 execve("/usr/local/bin/sha256sum", ["sha256sum", "--", "/tmp/kernel-audit2-v3r63b5w/\346\261\202\350\247\243\345\231\250/crates/kernel/src/engine.rs"], 0x7ffd72465138 /* 135 vars */) = -1 ENOENT (No such file or directory)
1428431 execve("/usr/bin/sha256sum", ["sha256sum", "--", "/tmp/kernel-audit2-v3r63b5w/\346\261\202\350\247\243\345\231\250/crates/kernel/src/engine.rs"], 0x7ffd72465138 /* 135 vars */) = 0
1428431 openat(AT_FDCWD</tmp/kernel-audit2-v3r63b5w/\346\261\202\350\247\243\345\231\250>, "/etc/ld.so.cache", O_RDONLY|O_CLOEXEC) = 3</etc/ld.so.cache>
1428431 openat(AT_FDCWD</tmp/kernel-audit2-v3r63b5w/\346\261\202\350\247\243\345\231\250>, "/usr/lib/libcrypto.so.3", O_RDONLY|O_CLOEXEC) = 3</usr/lib/libcrypto.so.3>
1428431 openat(AT_FDCWD</tmp/kernel-audit2-v3r63b5w/\346\261\202\350\247\243\345\231\250>, "/usr/lib/libc.so.6", O_RDONLY|O_CLOEXEC) = 3</usr/lib/libc.so.6>
1428431 openat(AT_FDCWD</tmp/kernel-audit2-v3r63b5w/\346\261\202\350\247\243\345\231\250>, "/usr/lib/libz.so.1", O_RDONLY|O_CLOEXEC) = 3</usr/lib/libz.so.1.3.1.zlib-ng>
1428431 openat(AT_FDCWD</tmp/kernel-audit2-v3r63b5w/\346\261\202\350\247\243\345\231\250>, "/usr/lib/libbrotlienc.so.1", O_RDONLY|O_CLOEXEC) = 3</usr/lib/libbrotlienc.so.1.2.0>
1428431 openat(AT_FDCWD</tmp/kernel-audit2-v3r63b5w/\346\261\202\350\247\243\345\231\250>, "/usr/lib/libbrotlidec.so.1", O_RDONLY|O_CLOEXEC) = 3</usr/lib/libbrotlidec.so.1.2.0>
1428431 openat(AT_FDCWD</tmp/kernel-audit2-v3r63b5w/\346\261\202\350\247\243\345\231\250>, "/usr/lib/libzstd.so.1", O_RDONLY|O_CLOEXEC) = 3</usr/lib/libzstd.so.1.5.7>
1428431 openat(AT_FDCWD</tmp/kernel-audit2-v3r63b5w/\346\261\202\350\247\243\345\231\250>, "/usr/lib/libm.so.6", O_RDONLY|O_CLOEXEC) = 3</usr/lib/libm.so.6>
1428431 openat(AT_FDCWD</tmp/kernel-audit2-v3r63b5w/\346\261\202\350\247\243\345\231\250>, "/usr/lib/libbrotlicommon.so.1", O_RDONLY|O_CLOEXEC) = 3</usr/lib/libbrotlicommon.so.1.2.0>
1428431 openat(AT_FDCWD</tmp/kernel-audit2-v3r63b5w/\346\261\202\350\247\243\345\231\250>, "/usr/lib/locale/locale-archive", O_RDONLY|O_CLOEXEC) = 3</usr/lib/locale/locale-archive>
1428431 openat(AT_FDCWD</tmp/kernel-audit2-v3r63b5w/\346\261\202\350\247\243\345\231\250>, "/usr/share/locale/locale.alias", O_RDONLY|O_CLOEXEC) = 3</usr/share/locale/locale.alias>
1428431 openat(AT_FDCWD</tmp/kernel-audit2-v3r63b5w/\346\261\202\350\247\243\345\231\250>, "/usr/lib/locale/C.UTF-8/LC_IDENTIFICATION", O_RDONLY|O_CLOEXEC) = -1 ENOENT (No such file or directory)
1428431 openat(AT_FDCWD</tmp/kernel-audit2-v3r63b5w/\346\261\202\350\247\243\345\231\250>, "/usr/lib/locale/C.utf8/LC_IDENTIFICATION", O_RDONLY|O_CLOEXEC) = 3</usr/lib/locale/C.utf8/LC_IDENTIFICATION>
1428431 openat(AT_FDCWD</tmp/kernel-audit2-v3r63b5w/\346\261\202\350\247\243\345\231\250>, "/usr/lib/gconv/gconv-modules.cache", O_RDONLY|O_CLOEXEC) = 3</usr/lib/gconv/gconv-modules.cache>
1428431 openat(AT_FDCWD</tmp/kernel-audit2-v3r63b5w/\346\261\202\350\247\243\345\231\250>, "/usr/lib/locale/C.UTF-8/LC_MEASUREMENT", O_RDONLY|O_CLOEXEC) = -1 ENOENT (No such file or directory)
1428431 openat(AT_FDCWD</tmp/kernel-audit2-v3r63b5w/\346\261\202\350\247\243\345\231\250>, "/usr/lib/locale/C.utf8/LC_MEASUREMENT", O_RDONLY|O_CLOEXEC) = 3</usr/lib/locale/C.utf8/LC_MEASUREMENT>
1428431 openat(AT_FDCWD</tmp/kernel-audit2-v3r63b5w/\346\261\202\350\247\243\345\231\250>, "/usr/lib/locale/C.UTF-8/LC_TELEPHONE", O_RDONLY|O_CLOEXEC) = -1 ENOENT (No such file or directory)
1428431 openat(AT_FDCWD</tmp/kernel-audit2-v3r63b5w/\346\261\202\350\247\243\345\231\250>, "/usr/lib/locale/C.utf8/LC_TELEPHONE", O_RDONLY|O_CLOEXEC) = 3</usr/lib/locale/C.utf8/LC_TELEPHONE>
1428431 openat(AT_FDCWD</tmp/kernel-audit2-v3r63b5w/\346\261\202\350\247\243\345\231\250>, "/usr/lib/locale/C.UTF-8/LC_ADDRESS", O_RDONLY|O_CLOEXEC) = -1 ENOENT (No such file or directory)
1428431 openat(AT_FDCWD</tmp/kernel-audit2-v3r63b5w/\346\261\202\350\247\243\345\231\250>, "/usr/lib/locale/C.utf8/LC_ADDRESS", O_RDONLY|O_CLOEXEC) = 3</usr/lib/locale/C.utf8/LC_ADDRESS>
1428431 openat(AT_FDCWD</tmp/kernel-audit2-v3r63b5w/\346\261\202\350\247\243\345\231\250>, "/usr/lib/locale/C.UTF-8/LC_NAME", O_RDONLY|O_CLOEXEC) = -1 ENOENT (No such file or directory)
1428431 openat(AT_FDCWD</tmp/kernel-audit2-v3r63b5w/\346\261\202\350\247\243\345\231\250>, "/usr/lib/locale/C.utf8/LC_NAME", O_RDONLY|O_CLOEXEC) = 3</usr/lib/locale/C.utf8/LC_NAME>
1428431 openat(AT_FDCWD</tmp/kernel-audit2-v3r63b5w/\346\261\202\350\247\243\345\231\250>, "/usr/lib/locale/C.UTF-8/LC_PAPER", O_RDONLY|O_CLOEXEC) = -1 ENOENT (No such file or directory)
1428431 openat(AT_FDCWD</tmp/kernel-audit2-v3r63b5w/\346\261\202\350\247\243\345\231\250>, "/usr/lib/locale/C.utf8/LC_PAPER", O_RDONLY|O_CLOEXEC) = 3</usr/lib/locale/C.utf8/LC_PAPER>
1428431 openat(AT_FDCWD</tmp/kernel-audit2-v3r63b5w/\346\261\202\350\247\243\345\231\250>, "/usr/lib/locale/C.UTF-8/LC_MESSAGES", O_RDONLY|O_CLOEXEC) = -1 ENOENT (No such file or directory)
1428431 openat(AT_FDCWD</tmp/kernel-audit2-v3r63b5w/\346\261\202\350\247\243\345\231\250>, "/usr/lib/locale/C.utf8/LC_MESSAGES", O_RDONLY|O_CLOEXEC) = 3</usr/lib/locale/C.utf8/LC_MESSAGES>
1428431 openat(AT_FDCWD</tmp/kernel-audit2-v3r63b5w/\346\261\202\350\247\243\345\231\250>, "/usr/lib/locale/C.utf8/LC_MESSAGES/SYS_LC_MESSAGES", O_RDONLY|O_CLOEXEC) = 3</usr/lib/locale/C.utf8/LC_MESSAGES/SYS_LC_MESSAGES>
1428431 openat(AT_FDCWD</tmp/kernel-audit2-v3r63b5w/\346\261\202\350\247\243\345\231\250>, "/usr/lib/locale/C.UTF-8/LC_MONETARY", O_RDONLY|O_CLOEXEC) = -1 ENOENT (No such file or directory)
1428431 openat(AT_FDCWD</tmp/kernel-audit2-v3r63b5w/\346\261\202\350\247\243\345\231\250>, "/usr/lib/locale/C.utf8/LC_MONETARY", O_RDONLY|O_CLOEXEC) = 3</usr/lib/locale/C.utf8/LC_MONETARY>
1428431 openat(AT_FDCWD</tmp/kernel-audit2-v3r63b5w/\346\261\202\350\247\243\345\231\250>, "/usr/lib/locale/C.UTF-8/LC_COLLATE", O_RDONLY|O_CLOEXEC) = -1 ENOENT (No such file or directory)
1428431 openat(AT_FDCWD</tmp/kernel-audit2-v3r63b5w/\346\261\202\350\247\243\345\231\250>, "/usr/lib/locale/C.utf8/LC_COLLATE", O_RDONLY|O_CLOEXEC) = 3</usr/lib/locale/C.utf8/LC_COLLATE>
1428431 openat(AT_FDCWD</tmp/kernel-audit2-v3r63b5w/\346\261\202\350\247\243\345\231\250>, "/usr/lib/locale/C.UTF-8/LC_TIME", O_RDONLY|O_CLOEXEC) = -1 ENOENT (No such file or directory)
1428431 openat(AT_FDCWD</tmp/kernel-audit2-v3r63b5w/\346\261\202\350\247\243\345\231\250>, "/usr/lib/locale/C.utf8/LC_TIME", O_RDONLY|O_CLOEXEC) = 3</usr/lib/locale/C.utf8/LC_TIME>
1428431 openat(AT_FDCWD</tmp/kernel-audit2-v3r63b5w/\346\261\202\350\247\243\345\231\250>, "/usr/lib/locale/C.UTF-8/LC_NUMERIC", O_RDONLY|O_CLOEXEC) = -1 ENOENT (No such file or directory)
1428431 openat(AT_FDCWD</tmp/kernel-audit2-v3r63b5w/\346\261\202\350\247\243\345\231\250>, "/usr/lib/locale/C.utf8/LC_NUMERIC", O_RDONLY|O_CLOEXEC) = 3</usr/lib/locale/C.utf8/LC_NUMERIC>
1428431 openat(AT_FDCWD</tmp/kernel-audit2-v3r63b5w/\346\261\202\350\247\243\345\231\250>, "/usr/lib/locale/C.UTF-8/LC_CTYPE", O_RDONLY|O_CLOEXEC) = -1 ENOENT (No such file or directory)
1428431 openat(AT_FDCWD</tmp/kernel-audit2-v3r63b5w/\346\261\202\350\247\243\345\231\250>, "/usr/lib/locale/C.utf8/LC_CTYPE", O_RDONLY|O_CLOEXEC) = 3</usr/lib/locale/C.utf8/LC_CTYPE>
1428431 openat(AT_FDCWD</tmp/kernel-audit2-v3r63b5w/\346\261\202\350\247\243\345\231\250>, "/tmp/kernel-audit2-v3r63b5w/\346\261\202\350\247\243\345\231\250/crates/kernel/src/engine.rs", O_RDONLY) = 3</tmp/kernel-audit2-v3r63b5w/\346\261\202\350\247\243\345\231\250/crates/kernel/src/engine.rs>
1428364 --- SIGCHLD {si_signo=SIGCHLD, si_code=CLD_EXITED, si_pid=1428431, si_uid=1000, si_status=0, si_utime=0, si_stime=0} ---
1428364 openat(AT_FDCWD</tmp/kernel-audit2-v3r63b5w/\346\261\202\350\247\243\345\231\250>, "/dev/null", O_RDONLY|O_CLOEXEC) = 3</dev/null<char 1:3>>
1428432 execve("/home/zhuran24/.codex/tmp/arg0/codex-arg0DuAZRy/sha256sum", ["sha256sum", "--", "/tmp/kernel-audit2-v3r63b5w/\346\261\202\350\247\243\345\231\250/crates/kernel/src/event_identity.rs"], 0x7ffd72465138 /* 135 vars */) = -1 ENOENT (No such file or directory)
1428432 execve("/home/zhuran24/.cargo/bin/sha256sum", ["sha256sum", "--", "/tmp/kernel-audit2-v3r63b5w/\346\261\202\350\247\243\345\231\250/crates/kernel/src/event_identity.rs"], 0x7ffd72465138 /* 135 vars */) = -1 ENOENT (No such file or directory)
1428432 execve("/home/zhuran24/.local/bin/sha256sum", ["sha256sum", "--", "/tmp/kernel-audit2-v3r63b5w/\346\261\202\350\247\243\345\231\250/crates/kernel/src/event_identity.rs"], 0x7ffd72465138 /* 135 vars */) = -1 ENOENT (No such file or directory)
1428432 execve("/home/zhuran24/.opencode/bin/sha256sum", ["sha256sum", "--", "/tmp/kernel-audit2-v3r63b5w/\346\261\202\350\247\243\345\231\250/crates/kernel/src/event_identity.rs"], 0x7ffd72465138 /* 135 vars */) = -1 ENOENT (No such file or directory)
1428432 execve("/usr/local/bin/sha256sum", ["sha256sum", "--", "/tmp/kernel-audit2-v3r63b5w/\346\261\202\350\247\243\345\231\250/crates/kernel/src/event_identity.rs"], 0x7ffd72465138 /* 135 vars */) = -1 ENOENT (No such file or directory)
1428432 execve("/usr/bin/sha256sum", ["sha256sum", "--", "/tmp/kernel-audit2-v3r63b5w/\346\261\202\350\247\243\345\231\250/crates/kernel/src/event_identity.rs"], 0x7ffd72465138 /* 135 vars */) = 0
1428432 openat(AT_FDCWD</tmp/kernel-audit2-v3r63b5w/\346\261\202\350\247\243\345\231\250>, "/etc/ld.so.cache", O_RDONLY|O_CLOEXEC) = 3</etc/ld.so.cache>
1428432 openat(AT_FDCWD</tmp/kernel-audit2-v3r63b5w/\346\261\202\350\247\243\345\231\250>, "/usr/lib/libcrypto.so.3", O_RDONLY|O_CLOEXEC) = 3</usr/lib/libcrypto.so.3>
1428432 openat(AT_FDCWD</tmp/kernel-audit2-v3r63b5w/\346\261\202\350\247\243\345\231\250>, "/usr/lib/libc.so.6", O_RDONLY|O_CLOEXEC) = 3</usr/lib/libc.so.6>
1428432 openat(AT_FDCWD</tmp/kernel-audit2-v3r63b5w/\346\261\202\350\247\243\345\231\250>, "/usr/lib/libz.so.1", O_RDONLY|O_CLOEXEC) = 3</usr/lib/libz.so.1.3.1.zlib-ng>
1428432 openat(AT_FDCWD</tmp/kernel-audit2-v3r63b5w/\346\261\202\350\247\243\345\231\250>, "/usr/lib/libbrotlienc.so.1", O_RDONLY|O_CLOEXEC) = 3</usr/lib/libbrotlienc.so.1.2.0>
1428432 openat(AT_FDCWD</tmp/kernel-audit2-v3r63b5w/\346\261\202\350\247\243\345\231\250>, "/usr/lib/libbrotlidec.so.1", O_RDONLY|O_CLOEXEC) = 3</usr/lib/libbrotlidec.so.1.2.0>
1428432 openat(AT_FDCWD</tmp/kernel-audit2-v3r63b5w/\346\261\202\350\247\243\345\231\250>, "/usr/lib/libzstd.so.1", O_RDONLY|O_CLOEXEC) = 3</usr/lib/libzstd.so.1.5.7>
1428432 openat(AT_FDCWD</tmp/kernel-audit2-v3r63b5w/\346\261\202\350\247\243\345\231\250>, "/usr/lib/libm.so.6", O_RDONLY|O_CLOEXEC) = 3</usr/lib/libm.so.6>
1428432 openat(AT_FDCWD</tmp/kernel-audit2-v3r63b5w/\346\261\202\350\247\243\345\231\250>, "/usr/lib/libbrotlicommon.so.1", O_RDONLY|O_CLOEXEC) = 3</usr/lib/libbrotlicommon.so.1.2.0>
1428432 openat(AT_FDCWD</tmp/kernel-audit2-v3r63b5w/\346\261\202\350\247\243\345\231\250>, "/usr/lib/locale/locale-archive", O_RDONLY|O_CLOEXEC) = 3</usr/lib/locale/locale-archive>
1428432 openat(AT_FDCWD</tmp/kernel-audit2-v3r63b5w/\346\261\202\350\247\243\345\231\250>, "/usr/share/locale/locale.alias", O_RDONLY|O_CLOEXEC) = 3</usr/share/locale/locale.alias>
1428432 openat(AT_FDCWD</tmp/kernel-audit2-v3r63b5w/\346\261\202\350\247\243\345\231\250>, "/usr/lib/locale/C.UTF-8/LC_IDENTIFICATION", O_RDONLY|O_CLOEXEC) = -1 ENOENT (No such file or directory)
1428432 openat(AT_FDCWD</tmp/kernel-audit2-v3r63b5w/\346\261\202\350\247\243\345\231\250>, "/usr/lib/locale/C.utf8/LC_IDENTIFICATION", O_RDONLY|O_CLOEXEC) = 3</usr/lib/locale/C.utf8/LC_IDENTIFICATION>
1428432 openat(AT_FDCWD</tmp/kernel-audit2-v3r63b5w/\346\261\202\350\247\243\345\231\250>, "/usr/lib/gconv/gconv-modules.cache", O_RDONLY|O_CLOEXEC) = 3</usr/lib/gconv/gconv-modules.cache>
1428432 openat(AT_FDCWD</tmp/kernel-audit2-v3r63b5w/\346\261\202\350\247\243\345\231\250>, "/usr/lib/locale/C.UTF-8/LC_MEASUREMENT", O_RDONLY|O_CLOEXEC) = -1 ENOENT (No such file or directory)
1428432 openat(AT_FDCWD</tmp/kernel-audit2-v3r63b5w/\346\261\202\350\247\243\345\231\250>, "/usr/lib/locale/C.utf8/LC_MEASUREMENT", O_RDONLY|O_CLOEXEC) = 3</usr/lib/locale/C.utf8/LC_MEASUREMENT>
1428432 openat(AT_FDCWD</tmp/kernel-audit2-v3r63b5w/\346\261\202\350\247\243\345\231\250>, "/usr/lib/locale/C.UTF-8/LC_TELEPHONE", O_RDONLY|O_CLOEXEC) = -1 ENOENT (No such file or directory)
1428432 openat(AT_FDCWD</tmp/kernel-audit2-v3r63b5w/\346\261\202\350\247\243\345\231\250>, "/usr/lib/locale/C.utf8/LC_TELEPHONE", O_RDONLY|O_CLOEXEC) = 3</usr/lib/locale/C.utf8/LC_TELEPHONE>
1428432 openat(AT_FDCWD</tmp/kernel-audit2-v3r63b5w/\346\261\202\350\247\243\345\231\250>, "/usr/lib/locale/C.UTF-8/LC_ADDRESS", O_RDONLY|O_CLOEXEC) = -1 ENOENT (No such file or directory)
1428432 openat(AT_FDCWD</tmp/kernel-audit2-v3r63b5w/\346\261\202\350\247\243\345\231\250>, "/usr/lib/locale/C.utf8/LC_ADDRESS", O_RDONLY|O_CLOEXEC) = 3</usr/lib/locale/C.utf8/LC_ADDRESS>
1428432 openat(AT_FDCWD</tmp/kernel-audit2-v3r63b5w/\346\261\202\350\247\243\345\231\250>, "/usr/lib/locale/C.UTF-8/LC_NAME", O_RDONLY|O_CLOEXEC) = -1 ENOENT (No such file or directory)
1428432 openat(AT_FDCWD</tmp/kernel-audit2-v3r63b5w/\346\261\202\350\247\243\345\231\250>, "/usr/lib/locale/C.utf8/LC_NAME", O_RDONLY|O_CLOEXEC) = 3</usr/lib/locale/C.utf8/LC_NAME>
1428432 openat(AT_FDCWD</tmp/kernel-audit2-v3r63b5w/\346\261\202\350\247\243\345\231\250>, "/usr/lib/locale/C.UTF-8/LC_PAPER", O_RDONLY|O_CLOEXEC) = -1 ENOENT (No such file or directory)
1428432 openat(AT_FDCWD</tmp/kernel-audit2-v3r63b5w/\346\261\202\350\247\243\345\231\250>, "/usr/lib/locale/C.utf8/LC_PAPER", O_RDONLY|O_CLOEXEC) = 3</usr/lib/locale/C.utf8/LC_PAPER>
1428432 openat(AT_FDCWD</tmp/kernel-audit2-v3r63b5w/\346\261\202\350\247\243\345\231\250>, "/usr/lib/locale/C.UTF-8/LC_MESSAGES", O_RDONLY|O_CLOEXEC) = -1 ENOENT (No such file or directory)
1428432 openat(AT_FDCWD</tmp/kernel-audit2-v3r63b5w/\346\261\202\350\247\243\345\231\250>, "/usr/lib/locale/C.utf8/LC_MESSAGES", O_RDONLY|O_CLOEXEC) = 3</usr/lib/locale/C.utf8/LC_MESSAGES>
1428432 openat(AT_FDCWD</tmp/kernel-audit2-v3r63b5w/\346\261\202\350\247\243\345\231\250>, "/usr/lib/locale/C.utf8/LC_MESSAGES/SYS_LC_MESSAGES", O_RDONLY|O_CLOEXEC) = 3</usr/lib/locale/C.utf8/LC_MESSAGES/SYS_LC_MESSAGES>
1428432 openat(AT_FDCWD</tmp/kernel-audit2-v3r63b5w/\346\261\202\350\247\243\345\231\250>, "/usr/lib/locale/C.UTF-8/LC_MONETARY", O_RDONLY|O_CLOEXEC) = -1 ENOENT (No such file or directory)
1428432 openat(AT_FDCWD</tmp/kernel-audit2-v3r63b5w/\346\261\202\350\247\243\345\231\250>, "/usr/lib/locale/C.utf8/LC_MONETARY", O_RDONLY|O_CLOEXEC) = 3</usr/lib/locale/C.utf8/LC_MONETARY>
1428432 openat(AT_FDCWD</tmp/kernel-audit2-v3r63b5w/\346\261\202\350\247\243\345\231\250>, "/usr/lib/locale/C.UTF-8/LC_COLLATE", O_RDONLY|O_CLOEXEC) = -1 ENOENT (No such file or directory)
1428432 openat(AT_FDCWD</tmp/kernel-audit2-v3r63b5w/\346\261\202\350\247\243\345\231\250>, "/usr/lib/locale/C.utf8/LC_COLLATE", O_RDONLY|O_CLOEXEC) = 3</usr/lib/locale/C.utf8/LC_COLLATE>
1428432 openat(AT_FDCWD</tmp/kernel-audit2-v3r63b5w/\346\261\202\350\247\243\345\231\250>, "/usr/lib/locale/C.UTF-8/LC_TIME", O_RDONLY|O_CLOEXEC) = -1 ENOENT (No such file or directory)
1428432 openat(AT_FDCWD</tmp/kernel-audit2-v3r63b5w/\346\261\202\350\247\243\345\231\250>, "/usr/lib/locale/C.utf8/LC_TIME", O_RDONLY|O_CLOEXEC) = 3</usr/lib/locale/C.utf8/LC_TIME>
1428432 openat(AT_FDCWD</tmp/kernel-audit2-v3r63b5w/\346\261\202\350\247\243\345\231\250>, "/usr/lib/locale/C.UTF-8/LC_NUMERIC", O_RDONLY|O_CLOEXEC) = -1 ENOENT (No such file or directory)
1428432 openat(AT_FDCWD</tmp/kernel-audit2-v3r63b5w/\346\261\202\350\247\243\345\231\250>, "/usr/lib/locale/C.utf8/LC_NUMERIC", O_RDONLY|O_CLOEXEC) = 3</usr/lib/locale/C.utf8/LC_NUMERIC>
1428432 openat(AT_FDCWD</tmp/kernel-audit2-v3r63b5w/\346\261\202\350\247\243\345\231\250>, "/usr/lib/locale/C.UTF-8/LC_CTYPE", O_RDONLY|O_CLOEXEC) = -1 ENOENT (No such file or directory)
1428432 openat(AT_FDCWD</tmp/kernel-audit2-v3r63b5w/\346\261\202\350\247\243\345\231\250>, "/usr/lib/locale/C.utf8/LC_CTYPE", O_RDONLY|O_CLOEXEC) = 3</usr/lib/locale/C.utf8/LC_CTYPE>
1428432 openat(AT_FDCWD</tmp/kernel-audit2-v3r63b5w/\346\261\202\350\247\243\345\231\250>, "/tmp/kernel-audit2-v3r63b5w/\346\261\202\350\247\243\345\231\250/crates/kernel/src/event_identity.rs", O_RDONLY) = 3</tmp/kernel-audit2-v3r63b5w/\346\261\202\350\247\243\345\231\250/crates/kernel/src/event_identity.rs>
1428364 --- SIGCHLD {si_signo=SIGCHLD, si_code=CLD_EXITED, si_pid=1428432, si_uid=1000, si_status=0, si_utime=0, si_stime=0} ---
1428364 openat(AT_FDCWD</tmp/kernel-audit2-v3r63b5w/\346\261\202\350\247\243\345\231\250>, "/dev/null", O_RDONLY|O_CLOEXEC) = 3</dev/null<char 1:3>>
1428433 execve("/home/zhuran24/.codex/tmp/arg0/codex-arg0DuAZRy/sha256sum", ["sha256sum", "--", "/tmp/kernel-audit2-v3r63b5w/\346\261\202\350\247\243\345\231\250/crates/kernel/src/warehouse.rs"], 0x7ffd72465138 /* 135 vars */) = -1 ENOENT (No such file or directory)
1428433 execve("/home/zhuran24/.cargo/bin/sha256sum", ["sha256sum", "--", "/tmp/kernel-audit2-v3r63b5w/\346\261\202\350\247\243\345\231\250/crates/kernel/src/warehouse.rs"], 0x7ffd72465138 /* 135 vars */) = -1 ENOENT (No such file or directory)
1428433 execve("/home/zhuran24/.local/bin/sha256sum", ["sha256sum", "--", "/tmp/kernel-audit2-v3r63b5w/\346\261\202\350\247\243\345\231\250/crates/kernel/src/warehouse.rs"], 0x7ffd72465138 /* 135 vars */) = -1 ENOENT (No such file or directory)
1428433 execve("/home/zhuran24/.opencode/bin/sha256sum", ["sha256sum", "--", "/tmp/kernel-audit2-v3r63b5w/\346\261\202\350\247\243\345\231\250/crates/kernel/src/warehouse.rs"], 0x7ffd72465138 /* 135 vars */) = -1 ENOENT (No such file or directory)
1428433 execve("/usr/local/bin/sha256sum", ["sha256sum", "--", "/tmp/kernel-audit2-v3r63b5w/\346\261\202\350\247\243\345\231\250/crates/kernel/src/warehouse.rs"], 0x7ffd72465138 /* 135 vars */) = -1 ENOENT (No such file or directory)
1428433 execve("/usr/bin/sha256sum", ["sha256sum", "--", "/tmp/kernel-audit2-v3r63b5w/\346\261\202\350\247\243\345\231\250/crates/kernel/src/warehouse.rs"], 0x7ffd72465138 /* 135 vars */) = 0
1428433 openat(AT_FDCWD</tmp/kernel-audit2-v3r63b5w/\346\261\202\350\247\243\345\231\250>, "/etc/ld.so.cache", O_RDONLY|O_CLOEXEC) = 3</etc/ld.so.cache>
1428433 openat(AT_FDCWD</tmp/kernel-audit2-v3r63b5w/\346\261\202\350\247\243\345\231\250>, "/usr/lib/libcrypto.so.3", O_RDONLY|O_CLOEXEC) = 3</usr/lib/libcrypto.so.3>
1428433 openat(AT_FDCWD</tmp/kernel-audit2-v3r63b5w/\346\261\202\350\247\243\345\231\250>, "/usr/lib/libc.so.6", O_RDONLY|O_CLOEXEC) = 3</usr/lib/libc.so.6>
1428433 openat(AT_FDCWD</tmp/kernel-audit2-v3r63b5w/\346\261\202\350\247\243\345\231\250>, "/usr/lib/libz.so.1", O_RDONLY|O_CLOEXEC) = 3</usr/lib/libz.so.1.3.1.zlib-ng>
1428433 openat(AT_FDCWD</tmp/kernel-audit2-v3r63b5w/\346\261\202\350\247\243\345\231\250>, "/usr/lib/libbrotlienc.so.1", O_RDONLY|O_CLOEXEC) = 3</usr/lib/libbrotlienc.so.1.2.0>
1428433 openat(AT_FDCWD</tmp/kernel-audit2-v3r63b5w/\346\261\202\350\247\243\345\231\250>, "/usr/lib/libbrotlidec.so.1", O_RDONLY|O_CLOEXEC) = 3</usr/lib/libbrotlidec.so.1.2.0>
1428433 openat(AT_FDCWD</tmp/kernel-audit2-v3r63b5w/\346\261\202\350\247\243\345\231\250>, "/usr/lib/libzstd.so.1", O_RDONLY|O_CLOEXEC) = 3</usr/lib/libzstd.so.1.5.7>
1428433 openat(AT_FDCWD</tmp/kernel-audit2-v3r63b5w/\346\261\202\350\247\243\345\231\250>, "/usr/lib/libm.so.6", O_RDONLY|O_CLOEXEC) = 3</usr/lib/libm.so.6>
1428433 openat(AT_FDCWD</tmp/kernel-audit2-v3r63b5w/\346\261\202\350\247\243\345\231\250>, "/usr/lib/libbrotlicommon.so.1", O_RDONLY|O_CLOEXEC) = 3</usr/lib/libbrotlicommon.so.1.2.0>
1428433 openat(AT_FDCWD</tmp/kernel-audit2-v3r63b5w/\346\261\202\350\247\243\345\231\250>, "/usr/lib/locale/locale-archive", O_RDONLY|O_CLOEXEC) = 3</usr/lib/locale/locale-archive>
1428433 openat(AT_FDCWD</tmp/kernel-audit2-v3r63b5w/\346\261\202\350\247\243\345\231\250>, "/usr/share/locale/locale.alias", O_RDONLY|O_CLOEXEC) = 3</usr/share/locale/locale.alias>
1428433 openat(AT_FDCWD</tmp/kernel-audit2-v3r63b5w/\346\261\202\350\247\243\345\231\250>, "/usr/lib/locale/C.UTF-8/LC_IDENTIFICATION", O_RDONLY|O_CLOEXEC) = -1 ENOENT (No such file or directory)
1428433 openat(AT_FDCWD</tmp/kernel-audit2-v3r63b5w/\346\261\202\350\247\243\345\231\250>, "/usr/lib/locale/C.utf8/LC_IDENTIFICATION", O_RDONLY|O_CLOEXEC) = 3</usr/lib/locale/C.utf8/LC_IDENTIFICATION>
1428433 openat(AT_FDCWD</tmp/kernel-audit2-v3r63b5w/\346\261\202\350\247\243\345\231\250>, "/usr/lib/gconv/gconv-modules.cache", O_RDONLY|O_CLOEXEC) = 3</usr/lib/gconv/gconv-modules.cache>
1428433 openat(AT_FDCWD</tmp/kernel-audit2-v3r63b5w/\346\261\202\350\247\243\345\231\250>, "/usr/lib/locale/C.UTF-8/LC_MEASUREMENT", O_RDONLY|O_CLOEXEC) = -1 ENOENT (No such file or directory)
1428433 openat(AT_FDCWD</tmp/kernel-audit2-v3r63b5w/\346\261\202\350\247\243\345\231\250>, "/usr/lib/locale/C.utf8/LC_MEASUREMENT", O_RDONLY|O_CLOEXEC) = 3</usr/lib/locale/C.utf8/LC_MEASUREMENT>
1428433 openat(AT_FDCWD</tmp/kernel-audit2-v3r63b5w/\346\261\202\350\247\243\345\231\250>, "/usr/lib/locale/C.UTF-8/LC_TELEPHONE", O_RDONLY|O_CLOEXEC) = -1 ENOENT (No such file or directory)
1428433 openat(AT_FDCWD</tmp/kernel-audit2-v3r63b5w/\346\261\202\350\247\243\345\231\250>, "/usr/lib/locale/C.utf8/LC_TELEPHONE", O_RDONLY|O_CLOEXEC) = 3</usr/lib/locale/C.utf8/LC_TELEPHONE>
1428433 openat(AT_FDCWD</tmp/kernel-audit2-v3r63b5w/\346\261\202\350\247\243\345\231\250>, "/usr/lib/locale/C.UTF-8/LC_ADDRESS", O_RDONLY|O_CLOEXEC) = -1 ENOENT (No such file or directory)
1428433 openat(AT_FDCWD</tmp/kernel-audit2-v3r63b5w/\346\261\202\350\247\243\345\231\250>, "/usr/lib/locale/C.utf8/LC_ADDRESS", O_RDONLY|O_CLOEXEC) = 3</usr/lib/locale/C.utf8/LC_ADDRESS>
1428433 openat(AT_FDCWD</tmp/kernel-audit2-v3r63b5w/\346\261\202\350\247\243\345\231\250>, "/usr/lib/locale/C.UTF-8/LC_NAME", O_RDONLY|O_CLOEXEC) = -1 ENOENT (No such file or directory)
1428433 openat(AT_FDCWD</tmp/kernel-audit2-v3r63b5w/\346\261\202\350\247\243\345\231\250>, "/usr/lib/locale/C.utf8/LC_NAME", O_RDONLY|O_CLOEXEC) = 3</usr/lib/locale/C.utf8/LC_NAME>
1428433 openat(AT_FDCWD</tmp/kernel-audit2-v3r63b5w/\346\261\202\350\247\243\345\231\250>, "/usr/lib/locale/C.UTF-8/LC_PAPER", O_RDONLY|O_CLOEXEC) = -1 ENOENT (No such file or directory)
1428433 openat(AT_FDCWD</tmp/kernel-audit2-v3r63b5w/\346\261\202\350\247\243\345\231\250>, "/usr/lib/locale/C.utf8/LC_PAPER", O_RDONLY|O_CLOEXEC) = 3</usr/lib/locale/C.utf8/LC_PAPER>
1428433 openat(AT_FDCWD</tmp/kernel-audit2-v3r63b5w/\346\261\202\350\247\243\345\231\250>, "/usr/lib/locale/C.UTF-8/LC_MESSAGES", O_RDONLY|O_CLOEXEC) = -1 ENOENT (No such file or directory)
1428433 openat(AT_FDCWD</tmp/kernel-audit2-v3r63b5w/\346\261\202\350\247\243\345\231\250>, "/usr/lib/locale/C.utf8/LC_MESSAGES", O_RDONLY|O_CLOEXEC) = 3</usr/lib/locale/C.utf8/LC_MESSAGES>
1428433 openat(AT_FDCWD</tmp/kernel-audit2-v3r63b5w/\346\261\202\350\247\243\345\231\250>, "/usr/lib/locale/C.utf8/LC_MESSAGES/SYS_LC_MESSAGES", O_RDONLY|O_CLOEXEC) = 3</usr/lib/locale/C.utf8/LC_MESSAGES/SYS_LC_MESSAGES>
1428433 openat(AT_FDCWD</tmp/kernel-audit2-v3r63b5w/\346\261\202\350\247\243\345\231\250>, "/usr/lib/locale/C.UTF-8/LC_MONETARY", O_RDONLY|O_CLOEXEC) = -1 ENOENT (No such file or directory)
1428433 openat(AT_FDCWD</tmp/kernel-audit2-v3r63b5w/\346\261\202\350\247\243\345\231\250>, "/usr/lib/locale/C.utf8/LC_MONETARY", O_RDONLY|O_CLOEXEC) = 3</usr/lib/locale/C.utf8/LC_MONETARY>
1428433 openat(AT_FDCWD</tmp/kernel-audit2-v3r63b5w/\346\261\202\350\247\243\345\231\250>, "/usr/lib/locale/C.UTF-8/LC_COLLATE", O_RDONLY|O_CLOEXEC) = -1 ENOENT (No such file or directory)
1428433 openat(AT_FDCWD</tmp/kernel-audit2-v3r63b5w/\346\261\202\350\247\243\345\231\250>, "/usr/lib/locale/C.utf8/LC_COLLATE", O_RDONLY|O_CLOEXEC) = 3</usr/lib/locale/C.utf8/LC_COLLATE>
1428433 openat(AT_FDCWD</tmp/kernel-audit2-v3r63b5w/\346\261\202\350\247\243\345\231\250>, "/usr/lib/locale/C.UTF-8/LC_TIME", O_RDONLY|O_CLOEXEC) = -1 ENOENT (No such file or directory)
1428433 openat(AT_FDCWD</tmp/kernel-audit2-v3r63b5w/\346\261\202\350\247\243\345\231\250>, "/usr/lib/locale/C.utf8/LC_TIME", O_RDONLY|O_CLOEXEC) = 3</usr/lib/locale/C.utf8/LC_TIME>
1428433 openat(AT_FDCWD</tmp/kernel-audit2-v3r63b5w/\346\261\202\350\247\243\345\231\250>, "/usr/lib/locale/C.UTF-8/LC_NUMERIC", O_RDONLY|O_CLOEXEC) = -1 ENOENT (No such file or directory)
1428433 openat(AT_FDCWD</tmp/kernel-audit2-v3r63b5w/\346\261\202\350\247\243\345\231\250>, "/usr/lib/locale/C.utf8/LC_NUMERIC", O_RDONLY|O_CLOEXEC) = 3</usr/lib/locale/C.utf8/LC_NUMERIC>
1428433 openat(AT_FDCWD</tmp/kernel-audit2-v3r63b5w/\346\261\202\350\247\243\345\231\250>, "/usr/lib/locale/C.UTF-8/LC_CTYPE", O_RDONLY|O_CLOEXEC) = -1 ENOENT (No such file or directory)
1428433 openat(AT_FDCWD</tmp/kernel-audit2-v3r63b5w/\346\261\202\350\247\243\345\231\250>, "/usr/lib/locale/C.utf8/LC_CTYPE", O_RDONLY|O_CLOEXEC) = 3</usr/lib/locale/C.utf8/LC_CTYPE>
1428433 openat(AT_FDCWD</tmp/kernel-audit2-v3r63b5w/\346\261\202\350\247\243\345\231\250>, "/tmp/kernel-audit2-v3r63b5w/\346\261\202\350\247\243\345\231\250/crates/kernel/src/warehouse.rs", O_RDONLY) = 3</tmp/kernel-audit2-v3r63b5w/\346\261\202\350\247\243\345\231\250/crates/kernel/src/warehouse.rs>
1428364 --- SIGCHLD {si_signo=SIGCHLD, si_code=CLD_EXITED, si_pid=1428433, si_uid=1000, si_status=0, si_utime=0, si_stime=0} ---
1428364 openat(AT_FDCWD</tmp/kernel-audit2-v3r63b5w/\346\261\202\350\247\243\345\231\250>, "/dev/null", O_RDONLY|O_CLOEXEC) = 3</dev/null<char 1:3>>
1428434 execve("/home/zhuran24/.codex/tmp/arg0/codex-arg0DuAZRy/sha256sum", ["sha256sum", "--", "/tmp/kernel-audit2-v3r63b5w/\346\261\202\350\247\243\345\231\250/crates/kernel/src/polling.rs"], 0x7ffd72465138 /* 135 vars */) = -1 ENOENT (No such file or directory)
1428434 execve("/home/zhuran24/.cargo/bin/sha256sum", ["sha256sum", "--", "/tmp/kernel-audit2-v3r63b5w/\346\261\202\350\247\243\345\231\250/crates/kernel/src/polling.rs"], 0x7ffd72465138 /* 135 vars */) = -1 ENOENT (No such file or directory)
1428434 execve("/home/zhuran24/.local/bin/sha256sum", ["sha256sum", "--", "/tmp/kernel-audit2-v3r63b5w/\346\261\202\350\247\243\345\231\250/crates/kernel/src/polling.rs"], 0x7ffd72465138 /* 135 vars */) = -1 ENOENT (No such file or directory)
1428434 execve("/home/zhuran24/.opencode/bin/sha256sum", ["sha256sum", "--", "/tmp/kernel-audit2-v3r63b5w/\346\261\202\350\247\243\345\231\250/crates/kernel/src/polling.rs"], 0x7ffd72465138 /* 135 vars */) = -1 ENOENT (No such file or directory)
1428434 execve("/usr/local/bin/sha256sum", ["sha256sum", "--", "/tmp/kernel-audit2-v3r63b5w/\346\261\202\350\247\243\345\231\250/crates/kernel/src/polling.rs"], 0x7ffd72465138 /* 135 vars */) = -1 ENOENT (No such file or directory)
1428434 execve("/usr/bin/sha256sum", ["sha256sum", "--", "/tmp/kernel-audit2-v3r63b5w/\346\261\202\350\247\243\345\231\250/crates/kernel/src/polling.rs"], 0x7ffd72465138 /* 135 vars */) = 0
1428434 openat(AT_FDCWD</tmp/kernel-audit2-v3r63b5w/\346\261\202\350\247\243\345\231\250>, "/etc/ld.so.cache", O_RDONLY|O_CLOEXEC) = 3</etc/ld.so.cache>
1428434 openat(AT_FDCWD</tmp/kernel-audit2-v3r63b5w/\346\261\202\350\247\243\345\231\250>, "/usr/lib/libcrypto.so.3", O_RDONLY|O_CLOEXEC) = 3</usr/lib/libcrypto.so.3>
1428434 openat(AT_FDCWD</tmp/kernel-audit2-v3r63b5w/\346\261\202\350\247\243\345\231\250>, "/usr/lib/libc.so.6", O_RDONLY|O_CLOEXEC) = 3</usr/lib/libc.so.6>
1428434 openat(AT_FDCWD</tmp/kernel-audit2-v3r63b5w/\346\261\202\350\247\243\345\231\250>, "/usr/lib/libz.so.1", O_RDONLY|O_CLOEXEC) = 3</usr/lib/libz.so.1.3.1.zlib-ng>
1428434 openat(AT_FDCWD</tmp/kernel-audit2-v3r63b5w/\346\261\202\350\247\243\345\231\250>, "/usr/lib/libbrotlienc.so.1", O_RDONLY|O_CLOEXEC) = 3</usr/lib/libbrotlienc.so.1.2.0>
1428434 openat(AT_FDCWD</tmp/kernel-audit2-v3r63b5w/\346\261\202\350\247\243\345\231\250>, "/usr/lib/libbrotlidec.so.1", O_RDONLY|O_CLOEXEC) = 3</usr/lib/libbrotlidec.so.1.2.0>
1428434 openat(AT_FDCWD</tmp/kernel-audit2-v3r63b5w/\346\261\202\350\247\243\345\231\250>, "/usr/lib/libzstd.so.1", O_RDONLY|O_CLOEXEC) = 3</usr/lib/libzstd.so.1.5.7>
1428434 openat(AT_FDCWD</tmp/kernel-audit2-v3r63b5w/\346\261\202\350\247\243\345\231\250>, "/usr/lib/libm.so.6", O_RDONLY|O_CLOEXEC) = 3</usr/lib/libm.so.6>
1428434 openat(AT_FDCWD</tmp/kernel-audit2-v3r63b5w/\346\261\202\350\247\243\345\231\250>, "/usr/lib/libbrotlicommon.so.1", O_RDONLY|O_CLOEXEC) = 3</usr/lib/libbrotlicommon.so.1.2.0>
1428434 openat(AT_FDCWD</tmp/kernel-audit2-v3r63b5w/\346\261\202\350\247\243\345\231\250>, "/usr/lib/locale/locale-archive", O_RDONLY|O_CLOEXEC) = 3</usr/lib/locale/locale-archive>
1428434 openat(AT_FDCWD</tmp/kernel-audit2-v3r63b5w/\346\261\202\350\247\243\345\231\250>, "/usr/share/locale/locale.alias", O_RDONLY|O_CLOEXEC) = 3</usr/share/locale/locale.alias>
1428434 openat(AT_FDCWD</tmp/kernel-audit2-v3r63b5w/\346\261\202\350\247\243\345\231\250>, "/usr/lib/locale/C.UTF-8/LC_IDENTIFICATION", O_RDONLY|O_CLOEXEC) = -1 ENOENT (No such file or directory)
1428434 openat(AT_FDCWD</tmp/kernel-audit2-v3r63b5w/\346\261\202\350\247\243\345\231\250>, "/usr/lib/locale/C.utf8/LC_IDENTIFICATION", O_RDONLY|O_CLOEXEC) = 3</usr/lib/locale/C.utf8/LC_IDENTIFICATION>
1428434 openat(AT_FDCWD</tmp/kernel-audit2-v3r63b5w/\346\261\202\350\247\243\345\231\250>, "/usr/lib/gconv/gconv-modules.cache", O_RDONLY|O_CLOEXEC) = 3</usr/lib/gconv/gconv-modules.cache>
1428434 openat(AT_FDCWD</tmp/kernel-audit2-v3r63b5w/\346\261\202\350\247\243\345\231\250>, "/usr/lib/locale/C.UTF-8/LC_MEASUREMENT", O_RDONLY|O_CLOEXEC) = -1 ENOENT (No such file or directory)
1428434 openat(AT_FDCWD</tmp/kernel-audit2-v3r63b5w/\346\261\202\350\247\243\345\231\250>, "/usr/lib/locale/C.utf8/LC_MEASUREMENT", O_RDONLY|O_CLOEXEC) = 3</usr/lib/locale/C.utf8/LC_MEASUREMENT>
1428434 openat(AT_FDCWD</tmp/kernel-audit2-v3r63b5w/\346\261\202\350\247\243\345\231\250>, "/usr/lib/locale/C.UTF-8/LC_TELEPHONE", O_RDONLY|O_CLOEXEC) = -1 ENOENT (No such file or directory)
1428434 openat(AT_FDCWD</tmp/kernel-audit2-v3r63b5w/\346\261\202\350\247\243\345\231\250>, "/usr/lib/locale/C.utf8/LC_TELEPHONE", O_RDONLY|O_CLOEXEC) = 3</usr/lib/locale/C.utf8/LC_TELEPHONE>
1428434 openat(AT_FDCWD</tmp/kernel-audit2-v3r63b5w/\346\261\202\350\247\243\345\231\250>, "/usr/lib/locale/C.UTF-8/LC_ADDRESS", O_RDONLY|O_CLOEXEC) = -1 ENOENT (No such file or directory)
1428434 openat(AT_FDCWD</tmp/kernel-audit2-v3r63b5w/\346\261\202\350\247\243\345\231\250>, "/usr/lib/locale/C.utf8/LC_ADDRESS", O_RDONLY|O_CLOEXEC) = 3</usr/lib/locale/C.utf8/LC_ADDRESS>
1428434 openat(AT_FDCWD</tmp/kernel-audit2-v3r63b5w/\346\261\202\350\247\243\345\231\250>, "/usr/lib/locale/C.UTF-8/LC_NAME", O_RDONLY|O_CLOEXEC) = -1 ENOENT (No such file or directory)
1428434 openat(AT_FDCWD</tmp/kernel-audit2-v3r63b5w/\346\261\202\350\247\243\345\231\250>, "/usr/lib/locale/C.utf8/LC_NAME", O_RDONLY|O_CLOEXEC) = 3</usr/lib/locale/C.utf8/LC_NAME>
1428434 openat(AT_FDCWD</tmp/kernel-audit2-v3r63b5w/\346\261\202\350\247\243\345\231\250>, "/usr/lib/locale/C.UTF-8/LC_PAPER", O_RDONLY|O_CLOEXEC) = -1 ENOENT (No such file or directory)
1428434 openat(AT_FDCWD</tmp/kernel-audit2-v3r63b5w/\346\261\202\350\247\243\345\231\250>, "/usr/lib/locale/C.utf8/LC_PAPER", O_RDONLY|O_CLOEXEC) = 3</usr/lib/locale/C.utf8/LC_PAPER>
1428434 openat(AT_FDCWD</tmp/kernel-audit2-v3r63b5w/\346\261\202\350\247\243\345\231\250>, "/usr/lib/locale/C.UTF-8/LC_MESSAGES", O_RDONLY|O_CLOEXEC) = -1 ENOENT (No such file or directory)
1428434 openat(AT_FDCWD</tmp/kernel-audit2-v3r63b5w/\346\261\202\350\247\243\345\231\250>, "/usr/lib/locale/C.utf8/LC_MESSAGES", O_RDONLY|O_CLOEXEC) = 3</usr/lib/locale/C.utf8/LC_MESSAGES>
1428434 openat(AT_FDCWD</tmp/kernel-audit2-v3r63b5w/\346\261\202\350\247\243\345\231\250>, "/usr/lib/locale/C.utf8/LC_MESSAGES/SYS_LC_MESSAGES", O_RDONLY|O_CLOEXEC) = 3</usr/lib/locale/C.utf8/LC_MESSAGES/SYS_LC_MESSAGES>
1428434 openat(AT_FDCWD</tmp/kernel-audit2-v3r63b5w/\346\261\202\350\247\243\345\231\250>, "/usr/lib/locale/C.UTF-8/LC_MONETARY", O_RDONLY|O_CLOEXEC) = -1 ENOENT (No such file or directory)
1428434 openat(AT_FDCWD</tmp/kernel-audit2-v3r63b5w/\346\261\202\350\247\243\345\231\250>, "/usr/lib/locale/C.utf8/LC_MONETARY", O_RDONLY|O_CLOEXEC) = 3</usr/lib/locale/C.utf8/LC_MONETARY>
1428434 openat(AT_FDCWD</tmp/kernel-audit2-v3r63b5w/\346\261\202\350\247\243\345\231\250>, "/usr/lib/locale/C.UTF-8/LC_COLLATE", O_RDONLY|O_CLOEXEC) = -1 ENOENT (No such file or directory)
1428434 openat(AT_FDCWD</tmp/kernel-audit2-v3r63b5w/\346\261\202\350\247\243\345\231\250>, "/usr/lib/locale/C.utf8/LC_COLLATE", O_RDONLY|O_CLOEXEC) = 3</usr/lib/locale/C.utf8/LC_COLLATE>
1428434 openat(AT_FDCWD</tmp/kernel-audit2-v3r63b5w/\346\261\202\350\247\243\345\231\250>, "/usr/lib/locale/C.UTF-8/LC_TIME", O_RDONLY|O_CLOEXEC) = -1 ENOENT (No such file or directory)
1428434 openat(AT_FDCWD</tmp/kernel-audit2-v3r63b5w/\346\261\202\350\247\243\345\231\250>, "/usr/lib/locale/C.utf8/LC_TIME", O_RDONLY|O_CLOEXEC) = 3</usr/lib/locale/C.utf8/LC_TIME>
1428434 openat(AT_FDCWD</tmp/kernel-audit2-v3r63b5w/\346\261\202\350\247\243\345\231\250>, "/usr/lib/locale/C.UTF-8/LC_NUMERIC", O_RDONLY|O_CLOEXEC) = -1 ENOENT (No such file or directory)
1428434 openat(AT_FDCWD</tmp/kernel-audit2-v3r63b5w/\346\261\202\350\247\243\345\231\250>, "/usr/lib/locale/C.utf8/LC_NUMERIC", O_RDONLY|O_CLOEXEC) = 3</usr/lib/locale/C.utf8/LC_NUMERIC>
1428434 openat(AT_FDCWD</tmp/kernel-audit2-v3r63b5w/\346\261\202\350\247\243\345\231\250>, "/usr/lib/locale/C.UTF-8/LC_CTYPE", O_RDONLY|O_CLOEXEC) = -1 ENOENT (No such file or directory)
1428434 openat(AT_FDCWD</tmp/kernel-audit2-v3r63b5w/\346\261\202\350\247\243\345\231\250>, "/usr/lib/locale/C.utf8/LC_CTYPE", O_RDONLY|O_CLOEXEC) = 3</usr/lib/locale/C.utf8/LC_CTYPE>
1428434 openat(AT_FDCWD</tmp/kernel-audit2-v3r63b5w/\346\261\202\350\247\243\345\231\250>, "/tmp/kernel-audit2-v3r63b5w/\346\261\202\350\247\243\345\231\250/crates/kernel/src/polling.rs", O_RDONLY) = 3</tmp/kernel-audit2-v3r63b5w/\346\261\202\350\247\243\345\231\250/crates/kernel/src/polling.rs>
1428364 --- SIGCHLD {si_signo=SIGCHLD, si_code=CLD_EXITED, si_pid=1428434, si_uid=1000, si_status=0, si_utime=0, si_stime=0} ---
1428364 openat(AT_FDCWD</tmp/kernel-audit2-v3r63b5w/\346\261\202\350\247\243\345\231\250>, "/dev/null", O_RDONLY|O_CLOEXEC) = 3</dev/null<char 1:3>>
1428435 execve("/home/zhuran24/.codex/tmp/arg0/codex-arg0DuAZRy/sha256sum", ["sha256sum", "--", "/tmp/kernel-audit2-v3r63b5w/\346\261\202\350\247\243\345\231\250/crates/kernel/src/transition.rs"], 0x7ffd72465138 /* 135 vars */) = -1 ENOENT (No such file or directory)
1428435 execve("/home/zhuran24/.cargo/bin/sha256sum", ["sha256sum", "--", "/tmp/kernel-audit2-v3r63b5w/\346\261\202\350\247\243\345\231\250/crates/kernel/src/transition.rs"], 0x7ffd72465138 /* 135 vars */) = -1 ENOENT (No such file or directory)
1428435 execve("/home/zhuran24/.local/bin/sha256sum", ["sha256sum", "--", "/tmp/kernel-audit2-v3r63b5w/\346\261\202\350\247\243\345\231\250/crates/kernel/src/transition.rs"], 0x7ffd72465138 /* 135 vars */) = -1 ENOENT (No such file or directory)
1428435 execve("/home/zhuran24/.opencode/bin/sha256sum", ["sha256sum", "--", "/tmp/kernel-audit2-v3r63b5w/\346\261\202\350\247\243\345\231\250/crates/kernel/src/transition.rs"], 0x7ffd72465138 /* 135 vars */) = -1 ENOENT (No such file or directory)
1428435 execve("/usr/local/bin/sha256sum", ["sha256sum", "--", "/tmp/kernel-audit2-v3r63b5w/\346\261\202\350\247\243\345\231\250/crates/kernel/src/transition.rs"], 0x7ffd72465138 /* 135 vars */) = -1 ENOENT (No such file or directory)
1428435 execve("/usr/bin/sha256sum", ["sha256sum", "--", "/tmp/kernel-audit2-v3r63b5w/\346\261\202\350\247\243\345\231\250/crates/kernel/src/transition.rs"], 0x7ffd72465138 /* 135 vars */) = 0
1428435 openat(AT_FDCWD</tmp/kernel-audit2-v3r63b5w/\346\261\202\350\247\243\345\231\250>, "/etc/ld.so.cache", O_RDONLY|O_CLOEXEC) = 3</etc/ld.so.cache>
1428435 openat(AT_FDCWD</tmp/kernel-audit2-v3r63b5w/\346\261\202\350\247\243\345\231\250>, "/usr/lib/libcrypto.so.3", O_RDONLY|O_CLOEXEC) = 3</usr/lib/libcrypto.so.3>
1428435 openat(AT_FDCWD</tmp/kernel-audit2-v3r63b5w/\346\261\202\350\247\243\345\231\250>, "/usr/lib/libc.so.6", O_RDONLY|O_CLOEXEC) = 3</usr/lib/libc.so.6>
1428435 openat(AT_FDCWD</tmp/kernel-audit2-v3r63b5w/\346\261\202\350\247\243\345\231\250>, "/usr/lib/libz.so.1", O_RDONLY|O_CLOEXEC) = 3</usr/lib/libz.so.1.3.1.zlib-ng>
1428435 openat(AT_FDCWD</tmp/kernel-audit2-v3r63b5w/\346\261\202\350\247\243\345\231\250>, "/usr/lib/libbrotlienc.so.1", O_RDONLY|O_CLOEXEC) = 3</usr/lib/libbrotlienc.so.1.2.0>
1428435 openat(AT_FDCWD</tmp/kernel-audit2-v3r63b5w/\346\261\202\350\247\243\345\231\250>, "/usr/lib/libbrotlidec.so.1", O_RDONLY|O_CLOEXEC) = 3</usr/lib/libbrotlidec.so.1.2.0>
1428435 openat(AT_FDCWD</tmp/kernel-audit2-v3r63b5w/\346\261\202\350\247\243\345\231\250>, "/usr/lib/libzstd.so.1", O_RDONLY|O_CLOEXEC) = 3</usr/lib/libzstd.so.1.5.7>
1428435 openat(AT_FDCWD</tmp/kernel-audit2-v3r63b5w/\346\261\202\350\247\243\345\231\250>, "/usr/lib/libm.so.6", O_RDONLY|O_CLOEXEC) = 3</usr/lib/libm.so.6>
1428435 openat(AT_FDCWD</tmp/kernel-audit2-v3r63b5w/\346\261\202\350\247\243\345\231\250>, "/usr/lib/libbrotlicommon.so.1", O_RDONLY|O_CLOEXEC) = 3</usr/lib/libbrotlicommon.so.1.2.0>
1428435 openat(AT_FDCWD</tmp/kernel-audit2-v3r63b5w/\346\261\202\350\247\243\345\231\250>, "/usr/lib/locale/locale-archive", O_RDONLY|O_CLOEXEC) = 3</usr/lib/locale/locale-archive>
1428435 openat(AT_FDCWD</tmp/kernel-audit2-v3r63b5w/\346\261\202\350\247\243\345\231\250>, "/usr/share/locale/locale.alias", O_RDONLY|O_CLOEXEC) = 3</usr/share/locale/locale.alias>
1428435 openat(AT_FDCWD</tmp/kernel-audit2-v3r63b5w/\346\261\202\350\247\243\345\231\250>, "/usr/lib/locale/C.UTF-8/LC_IDENTIFICATION", O_RDONLY|O_CLOEXEC) = -1 ENOENT (No such file or directory)
1428435 openat(AT_FDCWD</tmp/kernel-audit2-v3r63b5w/\346\261\202\350\247\243\345\231\250>, "/usr/lib/locale/C.utf8/LC_IDENTIFICATION", O_RDONLY|O_CLOEXEC) = 3</usr/lib/locale/C.utf8/LC_IDENTIFICATION>
1428435 openat(AT_FDCWD</tmp/kernel-audit2-v3r63b5w/\346\261\202\350\247\243\345\231\250>, "/usr/lib/gconv/gconv-modules.cache", O_RDONLY|O_CLOEXEC) = 3</usr/lib/gconv/gconv-modules.cache>
1428435 openat(AT_FDCWD</tmp/kernel-audit2-v3r63b5w/\346\261\202\350\247\243\345\231\250>, "/usr/lib/locale/C.UTF-8/LC_MEASUREMENT", O_RDONLY|O_CLOEXEC) = -1 ENOENT (No such file or directory)
1428435 openat(AT_FDCWD</tmp/kernel-audit2-v3r63b5w/\346\261\202\350\247\243\345\231\250>, "/usr/lib/locale/C.utf8/LC_MEASUREMENT", O_RDONLY|O_CLOEXEC) = 3</usr/lib/locale/C.utf8/LC_MEASUREMENT>
1428435 openat(AT_FDCWD</tmp/kernel-audit2-v3r63b5w/\346\261\202\350\247\243\345\231\250>, "/usr/lib/locale/C.UTF-8/LC_TELEPHONE", O_RDONLY|O_CLOEXEC) = -1 ENOENT (No such file or directory)
1428435 openat(AT_FDCWD</tmp/kernel-audit2-v3r63b5w/\346\261\202\350\247\243\345\231\250>, "/usr/lib/locale/C.utf8/LC_TELEPHONE", O_RDONLY|O_CLOEXEC) = 3</usr/lib/locale/C.utf8/LC_TELEPHONE>
1428435 openat(AT_FDCWD</tmp/kernel-audit2-v3r63b5w/\346\261\202\350\247\243\345\231\250>, "/usr/lib/locale/C.UTF-8/LC_ADDRESS", O_RDONLY|O_CLOEXEC) = -1 ENOENT (No such file or directory)
1428435 openat(AT_FDCWD</tmp/kernel-audit2-v3r63b5w/\346\261\202\350\247\243\345\231\250>, "/usr/lib/locale/C.utf8/LC_ADDRESS", O_RDONLY|O_CLOEXEC) = 3</usr/lib/locale/C.utf8/LC_ADDRESS>
1428435 openat(AT_FDCWD</tmp/kernel-audit2-v3r63b5w/\346\261\202\350\247\243\345\231\250>, "/usr/lib/locale/C.UTF-8/LC_NAME", O_RDONLY|O_CLOEXEC) = -1 ENOENT (No such file or directory)
1428435 openat(AT_FDCWD</tmp/kernel-audit2-v3r63b5w/\346\261\202\350\247\243\345\231\250>, "/usr/lib/locale/C.utf8/LC_NAME", O_RDONLY|O_CLOEXEC) = 3</usr/lib/locale/C.utf8/LC_NAME>
1428435 openat(AT_FDCWD</tmp/kernel-audit2-v3r63b5w/\346\261\202\350\247\243\345\231\250>, "/usr/lib/locale/C.UTF-8/LC_PAPER", O_RDONLY|O_CLOEXEC) = -1 ENOENT (No such file or directory)
1428435 openat(AT_FDCWD</tmp/kernel-audit2-v3r63b5w/\346\261\202\350\247\243\345\231\250>, "/usr/lib/locale/C.utf8/LC_PAPER", O_RDONLY|O_CLOEXEC) = 3</usr/lib/locale/C.utf8/LC_PAPER>
1428435 openat(AT_FDCWD</tmp/kernel-audit2-v3r63b5w/\346\261\202\350\247\243\345\231\250>, "/usr/lib/locale/C.UTF-8/LC_MESSAGES", O_RDONLY|O_CLOEXEC) = -1 ENOENT (No such file or directory)
1428435 openat(AT_FDCWD</tmp/kernel-audit2-v3r63b5w/\346\261\202\350\247\243\345\231\250>, "/usr/lib/locale/C.utf8/LC_MESSAGES", O_RDONLY|O_CLOEXEC) = 3</usr/lib/locale/C.utf8/LC_MESSAGES>
1428435 openat(AT_FDCWD</tmp/kernel-audit2-v3r63b5w/\346\261\202\350\247\243\345\231\250>, "/usr/lib/locale/C.utf8/LC_MESSAGES/SYS_LC_MESSAGES", O_RDONLY|O_CLOEXEC) = 3</usr/lib/locale/C.utf8/LC_MESSAGES/SYS_LC_MESSAGES>
1428435 openat(AT_FDCWD</tmp/kernel-audit2-v3r63b5w/\346\261\202\350\247\243\345\231\250>, "/usr/lib/locale/C.UTF-8/LC_MONETARY", O_RDONLY|O_CLOEXEC) = -1 ENOENT (No such file or directory)
1428435 openat(AT_FDCWD</tmp/kernel-audit2-v3r63b5w/\346\261\202\350\247\243\345\231\250>, "/usr/lib/locale/C.utf8/LC_MONETARY", O_RDONLY|O_CLOEXEC) = 3</usr/lib/locale/C.utf8/LC_MONETARY>
1428435 openat(AT_FDCWD</tmp/kernel-audit2-v3r63b5w/\346\261\202\350\247\243\345\231\250>, "/usr/lib/locale/C.UTF-8/LC_COLLATE", O_RDONLY|O_CLOEXEC) = -1 ENOENT (No such file or directory)
1428435 openat(AT_FDCWD</tmp/kernel-audit2-v3r63b5w/\346\261\202\350\247\243\345\231\250>, "/usr/lib/locale/C.utf8/LC_COLLATE", O_RDONLY|O_CLOEXEC) = 3</usr/lib/locale/C.utf8/LC_COLLATE>
1428435 openat(AT_FDCWD</tmp/kernel-audit2-v3r63b5w/\346\261\202\350\247\243\345\231\250>, "/usr/lib/locale/C.UTF-8/LC_TIME", O_RDONLY|O_CLOEXEC) = -1 ENOENT (No such file or directory)
1428435 openat(AT_FDCWD</tmp/kernel-audit2-v3r63b5w/\346\261\202\350\247\243\345\231\250>, "/usr/lib/locale/C.utf8/LC_TIME", O_RDONLY|O_CLOEXEC) = 3</usr/lib/locale/C.utf8/LC_TIME>
1428435 openat(AT_FDCWD</tmp/kernel-audit2-v3r63b5w/\346\261\202\350\247\243\345\231\250>, "/usr/lib/locale/C.UTF-8/LC_NUMERIC", O_RDONLY|O_CLOEXEC) = -1 ENOENT (No such file or directory)
1428435 openat(AT_FDCWD</tmp/kernel-audit2-v3r63b5w/\346\261\202\350\247\243\345\231\250>, "/usr/lib/locale/C.utf8/LC_NUMERIC", O_RDONLY|O_CLOEXEC) = 3</usr/lib/locale/C.utf8/LC_NUMERIC>
1428435 openat(AT_FDCWD</tmp/kernel-audit2-v3r63b5w/\346\261\202\350\247\243\345\231\250>, "/usr/lib/locale/C.UTF-8/LC_CTYPE", O_RDONLY|O_CLOEXEC) = -1 ENOENT (No such file or directory)
1428435 openat(AT_FDCWD</tmp/kernel-audit2-v3r63b5w/\346\261\202\350\247\243\345\231\250>, "/usr/lib/locale/C.utf8/LC_CTYPE", O_RDONLY|O_CLOEXEC) = 3</usr/lib/locale/C.utf8/LC_CTYPE>
1428435 openat(AT_FDCWD</tmp/kernel-audit2-v3r63b5w/\346\261\202\350\247\243\345\231\250>, "/tmp/kernel-audit2-v3r63b5w/\346\261\202\350\247\243\345\231\250/crates/kernel/src/transition.rs", O_RDONLY) = 3</tmp/kernel-audit2-v3r63b5w/\346\261\202\350\247\243\345\231\250/crates/kernel/src/transition.rs>
1428364 --- SIGCHLD {si_signo=SIGCHLD, si_code=CLD_EXITED, si_pid=1428435, si_uid=1000, si_status=0, si_utime=0, si_stime=0} ---
1428364 openat(AT_FDCWD</tmp/kernel-audit2-v3r63b5w/\346\261\202\350\247\243\345\231\250>, "/dev/null", O_RDONLY|O_CLOEXEC) = 3</dev/null<char 1:3>>
1428436 execve("/home/zhuran24/.codex/tmp/arg0/codex-arg0DuAZRy/sha256sum", ["sha256sum", "--", "/tmp/kernel-audit2-v3r63b5w/\346\261\202\350\247\243\345\231\250/crates/kernel/src/output.rs"], 0x7ffd72465138 /* 135 vars */) = -1 ENOENT (No such file or directory)
1428436 execve("/home/zhuran24/.cargo/bin/sha256sum", ["sha256sum", "--", "/tmp/kernel-audit2-v3r63b5w/\346\261\202\350\247\243\345\231\250/crates/kernel/src/output.rs"], 0x7ffd72465138 /* 135 vars */) = -1 ENOENT (No such file or directory)
1428436 execve("/home/zhuran24/.local/bin/sha256sum", ["sha256sum", "--", "/tmp/kernel-audit2-v3r63b5w/\346\261\202\350\247\243\345\231\250/crates/kernel/src/output.rs"], 0x7ffd72465138 /* 135 vars */) = -1 ENOENT (No such file or directory)
1428436 execve("/home/zhuran24/.opencode/bin/sha256sum", ["sha256sum", "--", "/tmp/kernel-audit2-v3r63b5w/\346\261\202\350\247\243\345\231\250/crates/kernel/src/output.rs"], 0x7ffd72465138 /* 135 vars */) = -1 ENOENT (No such file or directory)
1428436 execve("/usr/local/bin/sha256sum", ["sha256sum", "--", "/tmp/kernel-audit2-v3r63b5w/\346\261\202\350\247\243\345\231\250/crates/kernel/src/output.rs"], 0x7ffd72465138 /* 135 vars */) = -1 ENOENT (No such file or directory)
1428436 execve("/usr/bin/sha256sum", ["sha256sum", "--", "/tmp/kernel-audit2-v3r63b5w/\346\261\202\350\247\243\345\231\250/crates/kernel/src/output.rs"], 0x7ffd72465138 /* 135 vars */) = 0
1428436 openat(AT_FDCWD</tmp/kernel-audit2-v3r63b5w/\346\261\202\350\247\243\345\231\250>, "/etc/ld.so.cache", O_RDONLY|O_CLOEXEC) = 3</etc/ld.so.cache>
1428436 openat(AT_FDCWD</tmp/kernel-audit2-v3r63b5w/\346\261\202\350\247\243\345\231\250>, "/usr/lib/libcrypto.so.3", O_RDONLY|O_CLOEXEC) = 3</usr/lib/libcrypto.so.3>
1428436 openat(AT_FDCWD</tmp/kernel-audit2-v3r63b5w/\346\261\202\350\247\243\345\231\250>, "/usr/lib/libc.so.6", O_RDONLY|O_CLOEXEC) = 3</usr/lib/libc.so.6>
1428436 openat(AT_FDCWD</tmp/kernel-audit2-v3r63b5w/\346\261\202\350\247\243\345\231\250>, "/usr/lib/libz.so.1", O_RDONLY|O_CLOEXEC) = 3</usr/lib/libz.so.1.3.1.zlib-ng>
1428436 openat(AT_FDCWD</tmp/kernel-audit2-v3r63b5w/\346\261\202\350\247\243\345\231\250>, "/usr/lib/libbrotlienc.so.1", O_RDONLY|O_CLOEXEC) = 3</usr/lib/libbrotlienc.so.1.2.0>
1428436 openat(AT_FDCWD</tmp/kernel-audit2-v3r63b5w/\346\261\202\350\247\243\345\231\250>, "/usr/lib/libbrotlidec.so.1", O_RDONLY|O_CLOEXEC) = 3</usr/lib/libbrotlidec.so.1.2.0>
1428436 openat(AT_FDCWD</tmp/kernel-audit2-v3r63b5w/\346\261\202\350\247\243\345\231\250>, "/usr/lib/libzstd.so.1", O_RDONLY|O_CLOEXEC) = 3</usr/lib/libzstd.so.1.5.7>
1428436 openat(AT_FDCWD</tmp/kernel-audit2-v3r63b5w/\346\261\202\350\247\243\345\231\250>, "/usr/lib/libm.so.6", O_RDONLY|O_CLOEXEC) = 3</usr/lib/libm.so.6>
1428436 openat(AT_FDCWD</tmp/kernel-audit2-v3r63b5w/\346\261\202\350\247\243\345\231\250>, "/usr/lib/libbrotlicommon.so.1", O_RDONLY|O_CLOEXEC) = 3</usr/lib/libbrotlicommon.so.1.2.0>
1428436 openat(AT_FDCWD</tmp/kernel-audit2-v3r63b5w/\346\261\202\350\247\243\345\231\250>, "/usr/lib/locale/locale-archive", O_RDONLY|O_CLOEXEC) = 3</usr/lib/locale/locale-archive>
1428436 openat(AT_FDCWD</tmp/kernel-audit2-v3r63b5w/\346\261\202\350\247\243\345\231\250>, "/usr/share/locale/locale.alias", O_RDONLY|O_CLOEXEC) = 3</usr/share/locale/locale.alias>
1428436 openat(AT_FDCWD</tmp/kernel-audit2-v3r63b5w/\346\261\202\350\247\243\345\231\250>, "/usr/lib/locale/C.UTF-8/LC_IDENTIFICATION", O_RDONLY|O_CLOEXEC) = -1 ENOENT (No such file or directory)
1428436 openat(AT_FDCWD</tmp/kernel-audit2-v3r63b5w/\346\261\202\350\247\243\345\231\250>, "/usr/lib/locale/C.utf8/LC_IDENTIFICATION", O_RDONLY|O_CLOEXEC) = 3</usr/lib/locale/C.utf8/LC_IDENTIFICATION>
1428436 openat(AT_FDCWD</tmp/kernel-audit2-v3r63b5w/\346\261\202\350\247\243\345\231\250>, "/usr/lib/gconv/gconv-modules.cache", O_RDONLY|O_CLOEXEC) = 3</usr/lib/gconv/gconv-modules.cache>
1428436 openat(AT_FDCWD</tmp/kernel-audit2-v3r63b5w/\346\261\202\350\247\243\345\231\250>, "/usr/lib/locale/C.UTF-8/LC_MEASUREMENT", O_RDONLY|O_CLOEXEC) = -1 ENOENT (No such file or directory)
1428436 openat(AT_FDCWD</tmp/kernel-audit2-v3r63b5w/\346\261\202\350\247\243\345\231\250>, "/usr/lib/locale/C.utf8/LC_MEASUREMENT", O_RDONLY|O_CLOEXEC) = 3</usr/lib/locale/C.utf8/LC_MEASUREMENT>
1428436 openat(AT_FDCWD</tmp/kernel-audit2-v3r63b5w/\346\261\202\350\247\243\345\231\250>, "/usr/lib/locale/C.UTF-8/LC_TELEPHONE", O_RDONLY|O_CLOEXEC) = -1 ENOENT (No such file or directory)
1428436 openat(AT_FDCWD</tmp/kernel-audit2-v3r63b5w/\346\261\202\350\247\243\345\231\250>, "/usr/lib/locale/C.utf8/LC_TELEPHONE", O_RDONLY|O_CLOEXEC) = 3</usr/lib/locale/C.utf8/LC_TELEPHONE>
1428436 openat(AT_FDCWD</tmp/kernel-audit2-v3r63b5w/\346\261\202\350\247\243\345\231\250>, "/usr/lib/locale/C.UTF-8/LC_ADDRESS", O_RDONLY|O_CLOEXEC) = -1 ENOENT (No such file or directory)
1428436 openat(AT_FDCWD</tmp/kernel-audit2-v3r63b5w/\346\261\202\350\247\243\345\231\250>, "/usr/lib/locale/C.utf8/LC_ADDRESS", O_RDONLY|O_CLOEXEC) = 3</usr/lib/locale/C.utf8/LC_ADDRESS>
1428436 openat(AT_FDCWD</tmp/kernel-audit2-v3r63b5w/\346\261\202\350\247\243\345\231\250>, "/usr/lib/locale/C.UTF-8/LC_NAME", O_RDONLY|O_CLOEXEC) = -1 ENOENT (No such file or directory)
1428436 openat(AT_FDCWD</tmp/kernel-audit2-v3r63b5w/\346\261\202\350\247\243\345\231\250>, "/usr/lib/locale/C.utf8/LC_NAME", O_RDONLY|O_CLOEXEC) = 3</usr/lib/locale/C.utf8/LC_NAME>
1428436 openat(AT_FDCWD</tmp/kernel-audit2-v3r63b5w/\346\261\202\350\247\243\345\231\250>, "/usr/lib/locale/C.UTF-8/LC_PAPER", O_RDONLY|O_CLOEXEC) = -1 ENOENT (No such file or directory)
1428436 openat(AT_FDCWD</tmp/kernel-audit2-v3r63b5w/\346\261\202\350\247\243\345\231\250>, "/usr/lib/locale/C.utf8/LC_PAPER", O_RDONLY|O_CLOEXEC) = 3</usr/lib/locale/C.utf8/LC_PAPER>
1428436 openat(AT_FDCWD</tmp/kernel-audit2-v3r63b5w/\346\261\202\350\247\243\345\231\250>, "/usr/lib/locale/C.UTF-8/LC_MESSAGES", O_RDONLY|O_CLOEXEC) = -1 ENOENT (No such file or directory)
1428436 openat(AT_FDCWD</tmp/kernel-audit2-v3r63b5w/\346\261\202\350\247\243\345\231\250>, "/usr/lib/locale/C.utf8/LC_MESSAGES", O_RDONLY|O_CLOEXEC) = 3</usr/lib/locale/C.utf8/LC_MESSAGES>
1428436 openat(AT_FDCWD</tmp/kernel-audit2-v3r63b5w/\346\261\202\350\247\243\345\231\250>, "/usr/lib/locale/C.utf8/LC_MESSAGES/SYS_LC_MESSAGES", O_RDONLY|O_CLOEXEC) = 3</usr/lib/locale/C.utf8/LC_MESSAGES/SYS_LC_MESSAGES>
1428436 openat(AT_FDCWD</tmp/kernel-audit2-v3r63b5w/\346\261\202\350\247\243\345\231\250>, "/usr/lib/locale/C.UTF-8/LC_MONETARY", O_RDONLY|O_CLOEXEC) = -1 ENOENT (No such file or directory)
1428436 openat(AT_FDCWD</tmp/kernel-audit2-v3r63b5w/\346\261\202\350\247\243\345\231\250>, "/usr/lib/locale/C.utf8/LC_MONETARY", O_RDONLY|O_CLOEXEC) = 3</usr/lib/locale/C.utf8/LC_MONETARY>
1428436 openat(AT_FDCWD</tmp/kernel-audit2-v3r63b5w/\346\261\202\350\247\243\345\231\250>, "/usr/lib/locale/C.UTF-8/LC_COLLATE", O_RDONLY|O_CLOEXEC) = -1 ENOENT (No such file or directory)
1428436 openat(AT_FDCWD</tmp/kernel-audit2-v3r63b5w/\346\261\202\350\247\243\345\231\250>, "/usr/lib/locale/C.utf8/LC_COLLATE", O_RDONLY|O_CLOEXEC) = 3</usr/lib/locale/C.utf8/LC_COLLATE>
1428436 openat(AT_FDCWD</tmp/kernel-audit2-v3r63b5w/\346\261\202\350\247\243\345\231\250>, "/usr/lib/locale/C.UTF-8/LC_TIME", O_RDONLY|O_CLOEXEC) = -1 ENOENT (No such file or directory)
1428436 openat(AT_FDCWD</tmp/kernel-audit2-v3r63b5w/\346\261\202\350\247\243\345\231\250>, "/usr/lib/locale/C.utf8/LC_TIME", O_RDONLY|O_CLOEXEC) = 3</usr/lib/locale/C.utf8/LC_TIME>
1428436 openat(AT_FDCWD</tmp/kernel-audit2-v3r63b5w/\346\261\202\350\247\243\345\231\250>, "/usr/lib/locale/C.UTF-8/LC_NUMERIC", O_RDONLY|O_CLOEXEC) = -1 ENOENT (No such file or directory)
1428436 openat(AT_FDCWD</tmp/kernel-audit2-v3r63b5w/\346\261\202\350\247\243\345\231\250>, "/usr/lib/locale/C.utf8/LC_NUMERIC", O_RDONLY|O_CLOEXEC) = 3</usr/lib/locale/C.utf8/LC_NUMERIC>
1428436 openat(AT_FDCWD</tmp/kernel-audit2-v3r63b5w/\346\261\202\350\247\243\345\231\250>, "/usr/lib/locale/C.UTF-8/LC_CTYPE", O_RDONLY|O_CLOEXEC) = -1 ENOENT (No such file or directory)
1428436 openat(AT_FDCWD</tmp/kernel-audit2-v3r63b5w/\346\261\202\350\247\243\345\231\250>, "/usr/lib/locale/C.utf8/LC_CTYPE", O_RDONLY|O_CLOEXEC) = 3</usr/lib/locale/C.utf8/LC_CTYPE>
1428436 openat(AT_FDCWD</tmp/kernel-audit2-v3r63b5w/\346\261\202\350\247\243\345\231\250>, "/tmp/kernel-audit2-v3r63b5w/\346\261\202\350\247\243\345\231\250/crates/kernel/src/output.rs", O_RDONLY) = 3</tmp/kernel-audit2-v3r63b5w/\346\261\202\350\247\243\345\231\250/crates/kernel/src/output.rs>
1428364 --- SIGCHLD {si_signo=SIGCHLD, si_code=CLD_EXITED, si_pid=1428436, si_uid=1000, si_status=0, si_utime=0, si_stime=0} ---
1428364 openat(AT_FDCWD</tmp/kernel-audit2-v3r63b5w/\346\261\202\350\247\243\345\231\250>, "/dev/null", O_RDONLY|O_CLOEXEC) = 3</dev/null<char 1:3>>
1428437 execve("/home/zhuran24/.codex/tmp/arg0/codex-arg0DuAZRy/sha256sum", ["sha256sum", "--", "/tmp/kernel-audit2-v3r63b5w/\346\261\202\350\247\243\345\231\250/crates/kernel/src/ledger.rs"], 0x7ffd72465138 /* 135 vars */) = -1 ENOENT (No such file or directory)
1428437 execve("/home/zhuran24/.cargo/bin/sha256sum", ["sha256sum", "--", "/tmp/kernel-audit2-v3r63b5w/\346\261\202\350\247\243\345\231\250/crates/kernel/src/ledger.rs"], 0x7ffd72465138 /* 135 vars */) = -1 ENOENT (No such file or directory)
1428437 execve("/home/zhuran24/.local/bin/sha256sum", ["sha256sum", "--", "/tmp/kernel-audit2-v3r63b5w/\346\261\202\350\247\243\345\231\250/crates/kernel/src/ledger.rs"], 0x7ffd72465138 /* 135 vars */) = -1 ENOENT (No such file or directory)
1428437 execve("/home/zhuran24/.opencode/bin/sha256sum", ["sha256sum", "--", "/tmp/kernel-audit2-v3r63b5w/\346\261\202\350\247\243\345\231\250/crates/kernel/src/ledger.rs"], 0x7ffd72465138 /* 135 vars */) = -1 ENOENT (No such file or directory)
1428437 execve("/usr/local/bin/sha256sum", ["sha256sum", "--", "/tmp/kernel-audit2-v3r63b5w/\346\261\202\350\247\243\345\231\250/crates/kernel/src/ledger.rs"], 0x7ffd72465138 /* 135 vars */) = -1 ENOENT (No such file or directory)
1428437 execve("/usr/bin/sha256sum", ["sha256sum", "--", "/tmp/kernel-audit2-v3r63b5w/\346\261\202\350\247\243\345\231\250/crates/kernel/src/ledger.rs"], 0x7ffd72465138 /* 135 vars */) = 0
1428437 openat(AT_FDCWD</tmp/kernel-audit2-v3r63b5w/\346\261\202\350\247\243\345\231\250>, "/etc/ld.so.cache", O_RDONLY|O_CLOEXEC) = 3</etc/ld.so.cache>
1428437 openat(AT_FDCWD</tmp/kernel-audit2-v3r63b5w/\346\261\202\350\247\243\345\231\250>, "/usr/lib/libcrypto.so.3", O_RDONLY|O_CLOEXEC) = 3</usr/lib/libcrypto.so.3>
1428437 openat(AT_FDCWD</tmp/kernel-audit2-v3r63b5w/\346\261\202\350\247\243\345\231\250>, "/usr/lib/libc.so.6", O_RDONLY|O_CLOEXEC) = 3</usr/lib/libc.so.6>
1428437 openat(AT_FDCWD</tmp/kernel-audit2-v3r63b5w/\346\261\202\350\247\243\345\231\250>, "/usr/lib/libz.so.1", O_RDONLY|O_CLOEXEC) = 3</usr/lib/libz.so.1.3.1.zlib-ng>
1428437 openat(AT_FDCWD</tmp/kernel-audit2-v3r63b5w/\346\261\202\350\247\243\345\231\250>, "/usr/lib/libbrotlienc.so.1", O_RDONLY|O_CLOEXEC) = 3</usr/lib/libbrotlienc.so.1.2.0>
1428437 openat(AT_FDCWD</tmp/kernel-audit2-v3r63b5w/\346\261\202\350\247\243\345\231\250>, "/usr/lib/libbrotlidec.so.1", O_RDONLY|O_CLOEXEC) = 3</usr/lib/libbrotlidec.so.1.2.0>
1428437 openat(AT_FDCWD</tmp/kernel-audit2-v3r63b5w/\346\261\202\350\247\243\345\231\250>, "/usr/lib/libzstd.so.1", O_RDONLY|O_CLOEXEC) = 3</usr/lib/libzstd.so.1.5.7>
1428437 openat(AT_FDCWD</tmp/kernel-audit2-v3r63b5w/\346\261\202\350\247\243\345\231\250>, "/usr/lib/libm.so.6", O_RDONLY|O_CLOEXEC) = 3</usr/lib/libm.so.6>
1428437 openat(AT_FDCWD</tmp/kernel-audit2-v3r63b5w/\346\261\202\350\247\243\345\231\250>, "/usr/lib/libbrotlicommon.so.1", O_RDONLY|O_CLOEXEC) = 3</usr/lib/libbrotlicommon.so.1.2.0>
1428437 openat(AT_FDCWD</tmp/kernel-audit2-v3r63b5w/\346\261\202\350\247\243\345\231\250>, "/usr/lib/locale/locale-archive", O_RDONLY|O_CLOEXEC) = 3</usr/lib/locale/locale-archive>
1428437 openat(AT_FDCWD</tmp/kernel-audit2-v3r63b5w/\346\261\202\350\247\243\345\231\250>, "/usr/share/locale/locale.alias", O_RDONLY|O_CLOEXEC) = 3</usr/share/locale/locale.alias>
1428437 openat(AT_FDCWD</tmp/kernel-audit2-v3r63b5w/\346\261\202\350\247\243\345\231\250>, "/usr/lib/locale/C.UTF-8/LC_IDENTIFICATION", O_RDONLY|O_CLOEXEC) = -1 ENOENT (No such file or directory)
1428437 openat(AT_FDCWD</tmp/kernel-audit2-v3r63b5w/\346\261\202\350\247\243\345\231\250>, "/usr/lib/locale/C.utf8/LC_IDENTIFICATION", O_RDONLY|O_CLOEXEC) = 3</usr/lib/locale/C.utf8/LC_IDENTIFICATION>
1428437 openat(AT_FDCWD</tmp/kernel-audit2-v3r63b5w/\346\261\202\350\247\243\345\231\250>, "/usr/lib/gconv/gconv-modules.cache", O_RDONLY|O_CLOEXEC) = 3</usr/lib/gconv/gconv-modules.cache>
1428437 openat(AT_FDCWD</tmp/kernel-audit2-v3r63b5w/\346\261\202\350\247\243\345\231\250>, "/usr/lib/locale/C.UTF-8/LC_MEASUREMENT", O_RDONLY|O_CLOEXEC) = -1 ENOENT (No such file or directory)
1428437 openat(AT_FDCWD</tmp/kernel-audit2-v3r63b5w/\346\261\202\350\247\243\345\231\250>, "/usr/lib/locale/C.utf8/LC_MEASUREMENT", O_RDONLY|O_CLOEXEC) = 3</usr/lib/locale/C.utf8/LC_MEASUREMENT>
1428437 openat(AT_FDCWD</tmp/kernel-audit2-v3r63b5w/\346\261\202\350\247\243\345\231\250>, "/usr/lib/locale/C.UTF-8/LC_TELEPHONE", O_RDONLY|O_CLOEXEC) = -1 ENOENT (No such file or directory)
1428437 openat(AT_FDCWD</tmp/kernel-audit2-v3r63b5w/\346\261\202\350\247\243\345\231\250>, "/usr/lib/locale/C.utf8/LC_TELEPHONE", O_RDONLY|O_CLOEXEC) = 3</usr/lib/locale/C.utf8/LC_TELEPHONE>
1428437 openat(AT_FDCWD</tmp/kernel-audit2-v3r63b5w/\346\261\202\350\247\243\345\231\250>, "/usr/lib/locale/C.UTF-8/LC_ADDRESS", O_RDONLY|O_CLOEXEC) = -1 ENOENT (No such file or directory)
1428437 openat(AT_FDCWD</tmp/kernel-audit2-v3r63b5w/\346\261\202\350\247\243\345\231\250>, "/usr/lib/locale/C.utf8/LC_ADDRESS", O_RDONLY|O_CLOEXEC) = 3</usr/lib/locale/C.utf8/LC_ADDRESS>
1428437 openat(AT_FDCWD</tmp/kernel-audit2-v3r63b5w/\346\261\202\350\247\243\345\231\250>, "/usr/lib/locale/C.UTF-8/LC_NAME", O_RDONLY|O_CLOEXEC) = -1 ENOENT (No such file or directory)
1428437 openat(AT_FDCWD</tmp/kernel-audit2-v3r63b5w/\346\261\202\350\247\243\345\231\250>, "/usr/lib/locale/C.utf8/LC_NAME", O_RDONLY|O_CLOEXEC) = 3</usr/lib/locale/C.utf8/LC_NAME>
1428437 openat(AT_FDCWD</tmp/kernel-audit2-v3r63b5w/\346\261\202\350\247\243\345\231\250>, "/usr/lib/locale/C.UTF-8/LC_PAPER", O_RDONLY|O_CLOEXEC) = -1 ENOENT (No such file or directory)
1428437 openat(AT_FDCWD</tmp/kernel-audit2-v3r63b5w/\346\261\202\350\247\243\345\231\250>, "/usr/lib/locale/C.utf8/LC_PAPER", O_RDONLY|O_CLOEXEC) = 3</usr/lib/locale/C.utf8/LC_PAPER>
1428437 openat(AT_FDCWD</tmp/kernel-audit2-v3r63b5w/\346\261\202\350\247\243\345\231\250>, "/usr/lib/locale/C.UTF-8/LC_MESSAGES", O_RDONLY|O_CLOEXEC) = -1 ENOENT (No such file or directory)
1428437 openat(AT_FDCWD</tmp/kernel-audit2-v3r63b5w/\346\261\202\350\247\243\345\231\250>, "/usr/lib/locale/C.utf8/LC_MESSAGES", O_RDONLY|O_CLOEXEC) = 3</usr/lib/locale/C.utf8/LC_MESSAGES>
1428437 openat(AT_FDCWD</tmp/kernel-audit2-v3r63b5w/\346\261\202\350\247\243\345\231\250>, "/usr/lib/locale/C.utf8/LC_MESSAGES/SYS_LC_MESSAGES", O_RDONLY|O_CLOEXEC) = 3</usr/lib/locale/C.utf8/LC_MESSAGES/SYS_LC_MESSAGES>
1428437 openat(AT_FDCWD</tmp/kernel-audit2-v3r63b5w/\346\261\202\350\247\243\345\231\250>, "/usr/lib/locale/C.UTF-8/LC_MONETARY", O_RDONLY|O_CLOEXEC) = -1 ENOENT (No such file or directory)
1428437 openat(AT_FDCWD</tmp/kernel-audit2-v3r63b5w/\346\261\202\350\247\243\345\231\250>, "/usr/lib/locale/C.utf8/LC_MONETARY", O_RDONLY|O_CLOEXEC) = 3</usr/lib/locale/C.utf8/LC_MONETARY>
1428437 openat(AT_FDCWD</tmp/kernel-audit2-v3r63b5w/\346\261\202\350\247\243\345\231\250>, "/usr/lib/locale/C.UTF-8/LC_COLLATE", O_RDONLY|O_CLOEXEC) = -1 ENOENT (No such file or directory)
1428437 openat(AT_FDCWD</tmp/kernel-audit2-v3r63b5w/\346\261\202\350\247\243\345\231\250>, "/usr/lib/locale/C.utf8/LC_COLLATE", O_RDONLY|O_CLOEXEC) = 3</usr/lib/locale/C.utf8/LC_COLLATE>
1428437 openat(AT_FDCWD</tmp/kernel-audit2-v3r63b5w/\346\261\202\350\247\243\345\231\250>, "/usr/lib/locale/C.UTF-8/LC_TIME", O_RDONLY|O_CLOEXEC) = -1 ENOENT (No such file or directory)
1428437 openat(AT_FDCWD</tmp/kernel-audit2-v3r63b5w/\346\261\202\350\247\243\345\231\250>, "/usr/lib/locale/C.utf8/LC_TIME", O_RDONLY|O_CLOEXEC) = 3</usr/lib/locale/C.utf8/LC_TIME>
1428437 openat(AT_FDCWD</tmp/kernel-audit2-v3r63b5w/\346\261\202\350\247\243\345\231\250>, "/usr/lib/locale/C.UTF-8/LC_NUMERIC", O_RDONLY|O_CLOEXEC) = -1 ENOENT (No such file or directory)
1428437 openat(AT_FDCWD</tmp/kernel-audit2-v3r63b5w/\346\261\202\350\247\243\345\231\250>, "/usr/lib/locale/C.utf8/LC_NUMERIC", O_RDONLY|O_CLOEXEC) = 3</usr/lib/locale/C.utf8/LC_NUMERIC>
1428437 openat(AT_FDCWD</tmp/kernel-audit2-v3r63b5w/\346\261\202\350\247\243\345\231\250>, "/usr/lib/locale/C.UTF-8/LC_CTYPE", O_RDONLY|O_CLOEXEC) = -1 ENOENT (No such file or directory)
1428437 openat(AT_FDCWD</tmp/kernel-audit2-v3r63b5w/\346\261\202\350\247\243\345\231\250>, "/usr/lib/locale/C.utf8/LC_CTYPE", O_RDONLY|O_CLOEXEC) = 3</usr/lib/locale/C.utf8/LC_CTYPE>
1428437 openat(AT_FDCWD</tmp/kernel-audit2-v3r63b5w/\346\261\202\350\247\243\345\231\250>, "/tmp/kernel-audit2-v3r63b5w/\346\261\202\350\247\243\345\231\250/crates/kernel/src/ledger.rs", O_RDONLY) = 3</tmp/kernel-audit2-v3r63b5w/\346\261\202\350\247\243\345\231\250/crates/kernel/src/ledger.rs>
1428364 --- SIGCHLD {si_signo=SIGCHLD, si_code=CLD_EXITED, si_pid=1428437, si_uid=1000, si_status=0, si_utime=0, si_stime=0} ---
1428364 openat(AT_FDCWD</tmp/kernel-audit2-v3r63b5w/\346\261\202\350\247\243\345\231\250>, "/dev/null", O_RDONLY|O_CLOEXEC) = 3</dev/null<char 1:3>>
1428438 execve("/home/zhuran24/.codex/tmp/arg0/codex-arg0DuAZRy/sha256sum", ["sha256sum", "--", "/tmp/kernel-audit2-v3r63b5w/\346\261\202\350\247\243\345\231\250/crates/kernel/src/cycle.rs"], 0x7ffd72465138 /* 135 vars */) = -1 ENOENT (No such file or directory)
1428438 execve("/home/zhuran24/.cargo/bin/sha256sum", ["sha256sum", "--", "/tmp/kernel-audit2-v3r63b5w/\346\261\202\350\247\243\345\231\250/crates/kernel/src/cycle.rs"], 0x7ffd72465138 /* 135 vars */) = -1 ENOENT (No such file or directory)
1428438 execve("/home/zhuran24/.local/bin/sha256sum", ["sha256sum", "--", "/tmp/kernel-audit2-v3r63b5w/\346\261\202\350\247\243\345\231\250/crates/kernel/src/cycle.rs"], 0x7ffd72465138 /* 135 vars */) = -1 ENOENT (No such file or directory)
1428438 execve("/home/zhuran24/.opencode/bin/sha256sum", ["sha256sum", "--", "/tmp/kernel-audit2-v3r63b5w/\346\261\202\350\247\243\345\231\250/crates/kernel/src/cycle.rs"], 0x7ffd72465138 /* 135 vars */) = -1 ENOENT (No such file or directory)
1428438 execve("/usr/local/bin/sha256sum", ["sha256sum", "--", "/tmp/kernel-audit2-v3r63b5w/\346\261\202\350\247\243\345\231\250/crates/kernel/src/cycle.rs"], 0x7ffd72465138 /* 135 vars */) = -1 ENOENT (No such file or directory)
1428438 execve("/usr/bin/sha256sum", ["sha256sum", "--", "/tmp/kernel-audit2-v3r63b5w/\346\261\202\350\247\243\345\231\250/crates/kernel/src/cycle.rs"], 0x7ffd72465138 /* 135 vars */) = 0
1428438 openat(AT_FDCWD</tmp/kernel-audit2-v3r63b5w/\346\261\202\350\247\243\345\231\250>, "/etc/ld.so.cache", O_RDONLY|O_CLOEXEC) = 3</etc/ld.so.cache>
1428438 openat(AT_FDCWD</tmp/kernel-audit2-v3r63b5w/\346\261\202\350\247\243\345\231\250>, "/usr/lib/libcrypto.so.3", O_RDONLY|O_CLOEXEC) = 3</usr/lib/libcrypto.so.3>
1428438 openat(AT_FDCWD</tmp/kernel-audit2-v3r63b5w/\346\261\202\350\247\243\345\231\250>, "/usr/lib/libc.so.6", O_RDONLY|O_CLOEXEC) = 3</usr/lib/libc.so.6>
1428438 openat(AT_FDCWD</tmp/kernel-audit2-v3r63b5w/\346\261\202\350\247\243\345\231\250>, "/usr/lib/libz.so.1", O_RDONLY|O_CLOEXEC) = 3</usr/lib/libz.so.1.3.1.zlib-ng>
1428438 openat(AT_FDCWD</tmp/kernel-audit2-v3r63b5w/\346\261\202\350\247\243\345\231\250>, "/usr/lib/libbrotlienc.so.1", O_RDONLY|O_CLOEXEC) = 3</usr/lib/libbrotlienc.so.1.2.0>
1428438 openat(AT_FDCWD</tmp/kernel-audit2-v3r63b5w/\346\261\202\350\247\243\345\231\250>, "/usr/lib/libbrotlidec.so.1", O_RDONLY|O_CLOEXEC) = 3</usr/lib/libbrotlidec.so.1.2.0>
1428438 openat(AT_FDCWD</tmp/kernel-audit2-v3r63b5w/\346\261\202\350\247\243\345\231\250>, "/usr/lib/libzstd.so.1", O_RDONLY|O_CLOEXEC) = 3</usr/lib/libzstd.so.1.5.7>
1428438 openat(AT_FDCWD</tmp/kernel-audit2-v3r63b5w/\346\261\202\350\247\243\345\231\250>, "/usr/lib/libm.so.6", O_RDONLY|O_CLOEXEC) = 3</usr/lib/libm.so.6>
1428438 openat(AT_FDCWD</tmp/kernel-audit2-v3r63b5w/\346\261\202\350\247\243\345\231\250>, "/usr/lib/libbrotlicommon.so.1", O_RDONLY|O_CLOEXEC) = 3</usr/lib/libbrotlicommon.so.1.2.0>
1428438 openat(AT_FDCWD</tmp/kernel-audit2-v3r63b5w/\346\261\202\350\247\243\345\231\250>, "/usr/lib/locale/locale-archive", O_RDONLY|O_CLOEXEC) = 3</usr/lib/locale/locale-archive>
1428438 openat(AT_FDCWD</tmp/kernel-audit2-v3r63b5w/\346\261\202\350\247\243\345\231\250>, "/usr/share/locale/locale.alias", O_RDONLY|O_CLOEXEC) = 3</usr/share/locale/locale.alias>
1428438 openat(AT_FDCWD</tmp/kernel-audit2-v3r63b5w/\346\261\202\350\247\243\345\231\250>, "/usr/lib/locale/C.UTF-8/LC_IDENTIFICATION", O_RDONLY|O_CLOEXEC) = -1 ENOENT (No such file or directory)
1428438 openat(AT_FDCWD</tmp/kernel-audit2-v3r63b5w/\346\261\202\350\247\243\345\231\250>, "/usr/lib/locale/C.utf8/LC_IDENTIFICATION", O_RDONLY|O_CLOEXEC) = 3</usr/lib/locale/C.utf8/LC_IDENTIFICATION>
1428438 openat(AT_FDCWD</tmp/kernel-audit2-v3r63b5w/\346\261\202\350\247\243\345\231\250>, "/usr/lib/gconv/gconv-modules.cache", O_RDONLY|O_CLOEXEC) = 3</usr/lib/gconv/gconv-modules.cache>
1428438 openat(AT_FDCWD</tmp/kernel-audit2-v3r63b5w/\346\261\202\350\247\243\345\231\250>, "/usr/lib/locale/C.UTF-8/LC_MEASUREMENT", O_RDONLY|O_CLOEXEC) = -1 ENOENT (No such file or directory)
1428438 openat(AT_FDCWD</tmp/kernel-audit2-v3r63b5w/\346\261\202\350\247\243\345\231\250>, "/usr/lib/locale/C.utf8/LC_MEASUREMENT", O_RDONLY|O_CLOEXEC) = 3</usr/lib/locale/C.utf8/LC_MEASUREMENT>
1428438 openat(AT_FDCWD</tmp/kernel-audit2-v3r63b5w/\346\261\202\350\247\243\345\231\250>, "/usr/lib/locale/C.UTF-8/LC_TELEPHONE", O_RDONLY|O_CLOEXEC) = -1 ENOENT (No such file or directory)
1428438 openat(AT_FDCWD</tmp/kernel-audit2-v3r63b5w/\346\261\202\350\247\243\345\231\250>, "/usr/lib/locale/C.utf8/LC_TELEPHONE", O_RDONLY|O_CLOEXEC) = 3</usr/lib/locale/C.utf8/LC_TELEPHONE>
1428438 openat(AT_FDCWD</tmp/kernel-audit2-v3r63b5w/\346\261\202\350\247\243\345\231\250>, "/usr/lib/locale/C.UTF-8/LC_ADDRESS", O_RDONLY|O_CLOEXEC) = -1 ENOENT (No such file or directory)
1428438 openat(AT_FDCWD</tmp/kernel-audit2-v3r63b5w/\346\261\202\350\247\243\345\231\250>, "/usr/lib/locale/C.utf8/LC_ADDRESS", O_RDONLY|O_CLOEXEC) = 3</usr/lib/locale/C.utf8/LC_ADDRESS>
1428438 openat(AT_FDCWD</tmp/kernel-audit2-v3r63b5w/\346\261\202\350\247\243\345\231\250>, "/usr/lib/locale/C.UTF-8/LC_NAME", O_RDONLY|O_CLOEXEC) = -1 ENOENT (No such file or directory)
1428438 openat(AT_FDCWD</tmp/kernel-audit2-v3r63b5w/\346\261\202\350\247\243\345\231\250>, "/usr/lib/locale/C.utf8/LC_NAME", O_RDONLY|O_CLOEXEC) = 3</usr/lib/locale/C.utf8/LC_NAME>
1428438 openat(AT_FDCWD</tmp/kernel-audit2-v3r63b5w/\346\261\202\350\247\243\345\231\250>, "/usr/lib/locale/C.UTF-8/LC_PAPER", O_RDONLY|O_CLOEXEC) = -1 ENOENT (No such file or directory)
1428438 openat(AT_FDCWD</tmp/kernel-audit2-v3r63b5w/\346\261\202\350\247\243\345\231\250>, "/usr/lib/locale/C.utf8/LC_PAPER", O_RDONLY|O_CLOEXEC) = 3</usr/lib/locale/C.utf8/LC_PAPER>
1428438 openat(AT_FDCWD</tmp/kernel-audit2-v3r63b5w/\346\261\202\350\247\243\345\231\250>, "/usr/lib/locale/C.UTF-8/LC_MESSAGES", O_RDONLY|O_CLOEXEC) = -1 ENOENT (No such file or directory)
1428438 openat(AT_FDCWD</tmp/kernel-audit2-v3r63b5w/\346\261\202\350\247\243\345\231\250>, "/usr/lib/locale/C.utf8/LC_MESSAGES", O_RDONLY|O_CLOEXEC) = 3</usr/lib/locale/C.utf8/LC_MESSAGES>
1428438 openat(AT_FDCWD</tmp/kernel-audit2-v3r63b5w/\346\261\202\350\247\243\345\231\250>, "/usr/lib/locale/C.utf8/LC_MESSAGES/SYS_LC_MESSAGES", O_RDONLY|O_CLOEXEC) = 3</usr/lib/locale/C.utf8/LC_MESSAGES/SYS_LC_MESSAGES>
1428438 openat(AT_FDCWD</tmp/kernel-audit2-v3r63b5w/\346\261\202\350\247\243\345\231\250>, "/usr/lib/locale/C.UTF-8/LC_MONETARY", O_RDONLY|O_CLOEXEC) = -1 ENOENT (No such file or directory)
1428438 openat(AT_FDCWD</tmp/kernel-audit2-v3r63b5w/\346\261\202\350\247\243\345\231\250>, "/usr/lib/locale/C.utf8/LC_MONETARY", O_RDONLY|O_CLOEXEC) = 3</usr/lib/locale/C.utf8/LC_MONETARY>
1428438 openat(AT_FDCWD</tmp/kernel-audit2-v3r63b5w/\346\261\202\350\247\243\345\231\250>, "/usr/lib/locale/C.UTF-8/LC_COLLATE", O_RDONLY|O_CLOEXEC) = -1 ENOENT (No such file or directory)
1428438 openat(AT_FDCWD</tmp/kernel-audit2-v3r63b5w/\346\261\202\350\247\243\345\231\250>, "/usr/lib/locale/C.utf8/LC_COLLATE", O_RDONLY|O_CLOEXEC) = 3</usr/lib/locale/C.utf8/LC_COLLATE>
1428438 openat(AT_FDCWD</tmp/kernel-audit2-v3r63b5w/\346\261\202\350\247\243\345\231\250>, "/usr/lib/locale/C.UTF-8/LC_TIME", O_RDONLY|O_CLOEXEC) = -1 ENOENT (No such file or directory)
1428438 openat(AT_FDCWD</tmp/kernel-audit2-v3r63b5w/\346\261\202\350\247\243\345\231\250>, "/usr/lib/locale/C.utf8/LC_TIME", O_RDONLY|O_CLOEXEC) = 3</usr/lib/locale/C.utf8/LC_TIME>
1428438 openat(AT_FDCWD</tmp/kernel-audit2-v3r63b5w/\346\261\202\350\247\243\345\231\250>, "/usr/lib/locale/C.UTF-8/LC_NUMERIC", O_RDONLY|O_CLOEXEC) = -1 ENOENT (No such file or directory)
1428438 openat(AT_FDCWD</tmp/kernel-audit2-v3r63b5w/\346\261\202\350\247\243\345\231\250>, "/usr/lib/locale/C.utf8/LC_NUMERIC", O_RDONLY|O_CLOEXEC) = 3</usr/lib/locale/C.utf8/LC_NUMERIC>
1428438 openat(AT_FDCWD</tmp/kernel-audit2-v3r63b5w/\346\261\202\350\247\243\345\231\250>, "/usr/lib/locale/C.UTF-8/LC_CTYPE", O_RDONLY|O_CLOEXEC) = -1 ENOENT (No such file or directory)
1428438 openat(AT_FDCWD</tmp/kernel-audit2-v3r63b5w/\346\261\202\350\247\243\345\231\250>, "/usr/lib/locale/C.utf8/LC_CTYPE", O_RDONLY|O_CLOEXEC) = 3</usr/lib/locale/C.utf8/LC_CTYPE>
1428438 openat(AT_FDCWD</tmp/kernel-audit2-v3r63b5w/\346\261\202\350\247\243\345\231\250>, "/tmp/kernel-audit2-v3r63b5w/\346\261\202\350\247\243\345\231\250/crates/kernel/src/cycle.rs", O_RDONLY) = 3</tmp/kernel-audit2-v3r63b5w/\346\261\202\350\247\243\345\231\250/crates/kernel/src/cycle.rs>
1428364 --- SIGCHLD {si_signo=SIGCHLD, si_code=CLD_EXITED, si_pid=1428438, si_uid=1000, si_status=0, si_utime=0, si_stime=0} ---
1428364 openat(AT_FDCWD</tmp/kernel-audit2-v3r63b5w/\346\261\202\350\247\243\345\231\250>, "/dev/null", O_RDONLY|O_CLOEXEC) = 3</dev/null<char 1:3>>
1428439 execve("/home/zhuran24/.codex/tmp/arg0/codex-arg0DuAZRy/sha256sum", ["sha256sum", "--", "/tmp/kernel-audit2-v3r63b5w/\346\261\202\350\247\243\345\231\250/crates/kernel/src/cycle_io.rs"], 0x7ffd72465138 /* 135 vars */) = -1 ENOENT (No such file or directory)
1428439 execve("/home/zhuran24/.cargo/bin/sha256sum", ["sha256sum", "--", "/tmp/kernel-audit2-v3r63b5w/\346\261\202\350\247\243\345\231\250/crates/kernel/src/cycle_io.rs"], 0x7ffd72465138 /* 135 vars */) = -1 ENOENT (No such file or directory)
1428439 execve("/home/zhuran24/.local/bin/sha256sum", ["sha256sum", "--", "/tmp/kernel-audit2-v3r63b5w/\346\261\202\350\247\243\345\231\250/crates/kernel/src/cycle_io.rs"], 0x7ffd72465138 /* 135 vars */) = -1 ENOENT (No such file or directory)
1428439 execve("/home/zhuran24/.opencode/bin/sha256sum", ["sha256sum", "--", "/tmp/kernel-audit2-v3r63b5w/\346\261\202\350\247\243\345\231\250/crates/kernel/src/cycle_io.rs"], 0x7ffd72465138 /* 135 vars */) = -1 ENOENT (No such file or directory)
1428439 execve("/usr/local/bin/sha256sum", ["sha256sum", "--", "/tmp/kernel-audit2-v3r63b5w/\346\261\202\350\247\243\345\231\250/crates/kernel/src/cycle_io.rs"], 0x7ffd72465138 /* 135 vars */) = -1 ENOENT (No such file or directory)
1428439 execve("/usr/bin/sha256sum", ["sha256sum", "--", "/tmp/kernel-audit2-v3r63b5w/\346\261\202\350\247\243\345\231\250/crates/kernel/src/cycle_io.rs"], 0x7ffd72465138 /* 135 vars */) = 0
1428439 openat(AT_FDCWD</tmp/kernel-audit2-v3r63b5w/\346\261\202\350\247\243\345\231\250>, "/etc/ld.so.cache", O_RDONLY|O_CLOEXEC) = 3</etc/ld.so.cache>
1428439 openat(AT_FDCWD</tmp/kernel-audit2-v3r63b5w/\346\261\202\350\247\243\345\231\250>, "/usr/lib/libcrypto.so.3", O_RDONLY|O_CLOEXEC) = 3</usr/lib/libcrypto.so.3>
1428439 openat(AT_FDCWD</tmp/kernel-audit2-v3r63b5w/\346\261\202\350\247\243\345\231\250>, "/usr/lib/libc.so.6", O_RDONLY|O_CLOEXEC) = 3</usr/lib/libc.so.6>
1428439 openat(AT_FDCWD</tmp/kernel-audit2-v3r63b5w/\346\261\202\350\247\243\345\231\250>, "/usr/lib/libz.so.1", O_RDONLY|O_CLOEXEC) = 3</usr/lib/libz.so.1.3.1.zlib-ng>
1428439 openat(AT_FDCWD</tmp/kernel-audit2-v3r63b5w/\346\261\202\350\247\243\345\231\250>, "/usr/lib/libbrotlienc.so.1", O_RDONLY|O_CLOEXEC) = 3</usr/lib/libbrotlienc.so.1.2.0>
1428439 openat(AT_FDCWD</tmp/kernel-audit2-v3r63b5w/\346\261\202\350\247\243\345\231\250>, "/usr/lib/libbrotlidec.so.1", O_RDONLY|O_CLOEXEC) = 3</usr/lib/libbrotlidec.so.1.2.0>
1428439 openat(AT_FDCWD</tmp/kernel-audit2-v3r63b5w/\346\261\202\350\247\243\345\231\250>, "/usr/lib/libzstd.so.1", O_RDONLY|O_CLOEXEC) = 3</usr/lib/libzstd.so.1.5.7>
1428439 openat(AT_FDCWD</tmp/kernel-audit2-v3r63b5w/\346\261\202\350\247\243\345\231\250>, "/usr/lib/libm.so.6", O_RDONLY|O_CLOEXEC) = 3</usr/lib/libm.so.6>
1428439 openat(AT_FDCWD</tmp/kernel-audit2-v3r63b5w/\346\261\202\350\247\243\345\231\250>, "/usr/lib/libbrotlicommon.so.1", O_RDONLY|O_CLOEXEC) = 3</usr/lib/libbrotlicommon.so.1.2.0>
1428439 openat(AT_FDCWD</tmp/kernel-audit2-v3r63b5w/\346\261\202\350\247\243\345\231\250>, "/usr/lib/locale/locale-archive", O_RDONLY|O_CLOEXEC) = 3</usr/lib/locale/locale-archive>
1428439 openat(AT_FDCWD</tmp/kernel-audit2-v3r63b5w/\346\261\202\350\247\243\345\231\250>, "/usr/share/locale/locale.alias", O_RDONLY|O_CLOEXEC) = 3</usr/share/locale/locale.alias>
1428439 openat(AT_FDCWD</tmp/kernel-audit2-v3r63b5w/\346\261\202\350\247\243\345\231\250>, "/usr/lib/locale/C.UTF-8/LC_IDENTIFICATION", O_RDONLY|O_CLOEXEC) = -1 ENOENT (No such file or directory)
1428439 openat(AT_FDCWD</tmp/kernel-audit2-v3r63b5w/\346\261\202\350\247\243\345\231\250>, "/usr/lib/locale/C.utf8/LC_IDENTIFICATION", O_RDONLY|O_CLOEXEC) = 3</usr/lib/locale/C.utf8/LC_IDENTIFICATION>
1428439 openat(AT_FDCWD</tmp/kernel-audit2-v3r63b5w/\346\261\202\350\247\243\345\231\250>, "/usr/lib/gconv/gconv-modules.cache", O_RDONLY|O_CLOEXEC) = 3</usr/lib/gconv/gconv-modules.cache>
1428439 openat(AT_FDCWD</tmp/kernel-audit2-v3r63b5w/\346\261\202\350\247\243\345\231\250>, "/usr/lib/locale/C.UTF-8/LC_MEASUREMENT", O_RDONLY|O_CLOEXEC) = -1 ENOENT (No such file or directory)
1428439 openat(AT_FDCWD</tmp/kernel-audit2-v3r63b5w/\346\261\202\350\247\243\345\231\250>, "/usr/lib/locale/C.utf8/LC_MEASUREMENT", O_RDONLY|O_CLOEXEC) = 3</usr/lib/locale/C.utf8/LC_MEASUREMENT>
1428439 openat(AT_FDCWD</tmp/kernel-audit2-v3r63b5w/\346\261\202\350\247\243\345\231\250>, "/usr/lib/locale/C.UTF-8/LC_TELEPHONE", O_RDONLY|O_CLOEXEC) = -1 ENOENT (No such file or directory)
1428439 openat(AT_FDCWD</tmp/kernel-audit2-v3r63b5w/\346\261\202\350\247\243\345\231\250>, "/usr/lib/locale/C.utf8/LC_TELEPHONE", O_RDONLY|O_CLOEXEC) = 3</usr/lib/locale/C.utf8/LC_TELEPHONE>
1428439 openat(AT_FDCWD</tmp/kernel-audit2-v3r63b5w/\346\261\202\350\247\243\345\231\250>, "/usr/lib/locale/C.UTF-8/LC_ADDRESS", O_RDONLY|O_CLOEXEC) = -1 ENOENT (No such file or directory)
1428439 openat(AT_FDCWD</tmp/kernel-audit2-v3r63b5w/\346\261\202\350\247\243\345\231\250>, "/usr/lib/locale/C.utf8/LC_ADDRESS", O_RDONLY|O_CLOEXEC) = 3</usr/lib/locale/C.utf8/LC_ADDRESS>
1428439 openat(AT_FDCWD</tmp/kernel-audit2-v3r63b5w/\346\261\202\350\247\243\345\231\250>, "/usr/lib/locale/C.UTF-8/LC_NAME", O_RDONLY|O_CLOEXEC) = -1 ENOENT (No such file or directory)
1428439 openat(AT_FDCWD</tmp/kernel-audit2-v3r63b5w/\346\261\202\350\247\243\345\231\250>, "/usr/lib/locale/C.utf8/LC_NAME", O_RDONLY|O_CLOEXEC) = 3</usr/lib/locale/C.utf8/LC_NAME>
1428439 openat(AT_FDCWD</tmp/kernel-audit2-v3r63b5w/\346\261\202\350\247\243\345\231\250>, "/usr/lib/locale/C.UTF-8/LC_PAPER", O_RDONLY|O_CLOEXEC) = -1 ENOENT (No such file or directory)
1428439 openat(AT_FDCWD</tmp/kernel-audit2-v3r63b5w/\346\261\202\350\247\243\345\231\250>, "/usr/lib/locale/C.utf8/LC_PAPER", O_RDONLY|O_CLOEXEC) = 3</usr/lib/locale/C.utf8/LC_PAPER>
1428439 openat(AT_FDCWD</tmp/kernel-audit2-v3r63b5w/\346\261\202\350\247\243\345\231\250>, "/usr/lib/locale/C.UTF-8/LC_MESSAGES", O_RDONLY|O_CLOEXEC) = -1 ENOENT (No such file or directory)
1428439 openat(AT_FDCWD</tmp/kernel-audit2-v3r63b5w/\346\261\202\350\247\243\345\231\250>, "/usr/lib/locale/C.utf8/LC_MESSAGES", O_RDONLY|O_CLOEXEC) = 3</usr/lib/locale/C.utf8/LC_MESSAGES>
1428439 openat(AT_FDCWD</tmp/kernel-audit2-v3r63b5w/\346\261\202\350\247\243\345\231\250>, "/usr/lib/locale/C.utf8/LC_MESSAGES/SYS_LC_MESSAGES", O_RDONLY|O_CLOEXEC) = 3</usr/lib/locale/C.utf8/LC_MESSAGES/SYS_LC_MESSAGES>
1428439 openat(AT_FDCWD</tmp/kernel-audit2-v3r63b5w/\346\261\202\350\247\243\345\231\250>, "/usr/lib/locale/C.UTF-8/LC_MONETARY", O_RDONLY|O_CLOEXEC) = -1 ENOENT (No such file or directory)
1428439 openat(AT_FDCWD</tmp/kernel-audit2-v3r63b5w/\346\261\202\350\247\243\345\231\250>, "/usr/lib/locale/C.utf8/LC_MONETARY", O_RDONLY|O_CLOEXEC) = 3</usr/lib/locale/C.utf8/LC_MONETARY>
1428439 openat(AT_FDCWD</tmp/kernel-audit2-v3r63b5w/\346\261\202\350\247\243\345\231\250>, "/usr/lib/locale/C.UTF-8/LC_COLLATE", O_RDONLY|O_CLOEXEC) = -1 ENOENT (No such file or directory)
1428439 openat(AT_FDCWD</tmp/kernel-audit2-v3r63b5w/\346\261\202\350\247\243\345\231\250>, "/usr/lib/locale/C.utf8/LC_COLLATE", O_RDONLY|O_CLOEXEC) = 3</usr/lib/locale/C.utf8/LC_COLLATE>
1428439 openat(AT_FDCWD</tmp/kernel-audit2-v3r63b5w/\346\261\202\350\247\243\345\231\250>, "/usr/lib/locale/C.UTF-8/LC_TIME", O_RDONLY|O_CLOEXEC) = -1 ENOENT (No such file or directory)
1428439 openat(AT_FDCWD</tmp/kernel-audit2-v3r63b5w/\346\261\202\350\247\243\345\231\250>, "/usr/lib/locale/C.utf8/LC_TIME", O_RDONLY|O_CLOEXEC) = 3</usr/lib/locale/C.utf8/LC_TIME>
1428439 openat(AT_FDCWD</tmp/kernel-audit2-v3r63b5w/\346\261\202\350\247\243\345\231\250>, "/usr/lib/locale/C.UTF-8/LC_NUMERIC", O_RDONLY|O_CLOEXEC) = -1 ENOENT (No such file or directory)
1428439 openat(AT_FDCWD</tmp/kernel-audit2-v3r63b5w/\346\261\202\350\247\243\345\231\250>, "/usr/lib/locale/C.utf8/LC_NUMERIC", O_RDONLY|O_CLOEXEC) = 3</usr/lib/locale/C.utf8/LC_NUMERIC>
1428439 openat(AT_FDCWD</tmp/kernel-audit2-v3r63b5w/\346\261\202\350\247\243\345\231\250>, "/usr/lib/locale/C.UTF-8/LC_CTYPE", O_RDONLY|O_CLOEXEC) = -1 ENOENT (No such file or directory)
1428439 openat(AT_FDCWD</tmp/kernel-audit2-v3r63b5w/\346\261\202\350\247\243\345\231\250>, "/usr/lib/locale/C.utf8/LC_CTYPE", O_RDONLY|O_CLOEXEC) = 3</usr/lib/locale/C.utf8/LC_CTYPE>
1428439 openat(AT_FDCWD</tmp/kernel-audit2-v3r63b5w/\346\261\202\350\247\243\345\231\250>, "/tmp/kernel-audit2-v3r63b5w/\346\261\202\350\247\243\345\231\250/crates/kernel/src/cycle_io.rs", O_RDONLY) = 3</tmp/kernel-audit2-v3r63b5w/\346\261\202\350\247\243\345\231\250/crates/kernel/src/cycle_io.rs>
1428364 --- SIGCHLD {si_signo=SIGCHLD, si_code=CLD_EXITED, si_pid=1428439, si_uid=1000, si_status=0, si_utime=0, si_stime=0} ---
1428364 openat(AT_FDCWD</tmp/kernel-audit2-v3r63b5w/\346\261\202\350\247\243\345\231\250>, "/dev/null", O_RDONLY|O_CLOEXEC) = 3</dev/null<char 1:3>>
1428440 execve("/home/zhuran24/.codex/tmp/arg0/codex-arg0DuAZRy/sha256sum", ["sha256sum", "--", "/tmp/kernel-audit2-v3r63b5w/\346\261\202\350\247\243\345\231\250/crates/kernel/src/digest.rs"], 0x7ffd72465138 /* 135 vars */) = -1 ENOENT (No such file or directory)
1428440 execve("/home/zhuran24/.cargo/bin/sha256sum", ["sha256sum", "--", "/tmp/kernel-audit2-v3r63b5w/\346\261\202\350\247\243\345\231\250/crates/kernel/src/digest.rs"], 0x7ffd72465138 /* 135 vars */) = -1 ENOENT (No such file or directory)
1428440 execve("/home/zhuran24/.local/bin/sha256sum", ["sha256sum", "--", "/tmp/kernel-audit2-v3r63b5w/\346\261\202\350\247\243\345\231\250/crates/kernel/src/digest.rs"], 0x7ffd72465138 /* 135 vars */) = -1 ENOENT (No such file or directory)
1428440 execve("/home/zhuran24/.opencode/bin/sha256sum", ["sha256sum", "--", "/tmp/kernel-audit2-v3r63b5w/\346\261\202\350\247\243\345\231\250/crates/kernel/src/digest.rs"], 0x7ffd72465138 /* 135 vars */) = -1 ENOENT (No such file or directory)
1428440 execve("/usr/local/bin/sha256sum", ["sha256sum", "--", "/tmp/kernel-audit2-v3r63b5w/\346\261\202\350\247\243\345\231\250/crates/kernel/src/digest.rs"], 0x7ffd72465138 /* 135 vars */) = -1 ENOENT (No such file or directory)
1428440 execve("/usr/bin/sha256sum", ["sha256sum", "--", "/tmp/kernel-audit2-v3r63b5w/\346\261\202\350\247\243\345\231\250/crates/kernel/src/digest.rs"], 0x7ffd72465138 /* 135 vars */) = 0
1428440 openat(AT_FDCWD</tmp/kernel-audit2-v3r63b5w/\346\261\202\350\247\243\345\231\250>, "/etc/ld.so.cache", O_RDONLY|O_CLOEXEC) = 3</etc/ld.so.cache>
1428440 openat(AT_FDCWD</tmp/kernel-audit2-v3r63b5w/\346\261\202\350\247\243\345\231\250>, "/usr/lib/libcrypto.so.3", O_RDONLY|O_CLOEXEC) = 3</usr/lib/libcrypto.so.3>
1428440 openat(AT_FDCWD</tmp/kernel-audit2-v3r63b5w/\346\261\202\350\247\243\345\231\250>, "/usr/lib/libc.so.6", O_RDONLY|O_CLOEXEC) = 3</usr/lib/libc.so.6>
1428440 openat(AT_FDCWD</tmp/kernel-audit2-v3r63b5w/\346\261\202\350\247\243\345\231\250>, "/usr/lib/libz.so.1", O_RDONLY|O_CLOEXEC) = 3</usr/lib/libz.so.1.3.1.zlib-ng>
1428440 openat(AT_FDCWD</tmp/kernel-audit2-v3r63b5w/\346\261\202\350\247\243\345\231\250>, "/usr/lib/libbrotlienc.so.1", O_RDONLY|O_CLOEXEC) = 3</usr/lib/libbrotlienc.so.1.2.0>
1428440 openat(AT_FDCWD</tmp/kernel-audit2-v3r63b5w/\346\261\202\350\247\243\345\231\250>, "/usr/lib/libbrotlidec.so.1", O_RDONLY|O_CLOEXEC) = 3</usr/lib/libbrotlidec.so.1.2.0>
1428440 openat(AT_FDCWD</tmp/kernel-audit2-v3r63b5w/\346\261\202\350\247\243\345\231\250>, "/usr/lib/libzstd.so.1", O_RDONLY|O_CLOEXEC) = 3</usr/lib/libzstd.so.1.5.7>
1428440 openat(AT_FDCWD</tmp/kernel-audit2-v3r63b5w/\346\261\202\350\247\243\345\231\250>, "/usr/lib/libm.so.6", O_RDONLY|O_CLOEXEC) = 3</usr/lib/libm.so.6>
1428440 openat(AT_FDCWD</tmp/kernel-audit2-v3r63b5w/\346\261\202\350\247\243\345\231\250>, "/usr/lib/libbrotlicommon.so.1", O_RDONLY|O_CLOEXEC) = 3</usr/lib/libbrotlicommon.so.1.2.0>
1428440 openat(AT_FDCWD</tmp/kernel-audit2-v3r63b5w/\346\261\202\350\247\243\345\231\250>, "/usr/lib/locale/locale-archive", O_RDONLY|O_CLOEXEC) = 3</usr/lib/locale/locale-archive>
1428440 openat(AT_FDCWD</tmp/kernel-audit2-v3r63b5w/\346\261\202\350\247\243\345\231\250>, "/usr/share/locale/locale.alias", O_RDONLY|O_CLOEXEC) = 3</usr/share/locale/locale.alias>
1428440 openat(AT_FDCWD</tmp/kernel-audit2-v3r63b5w/\346\261\202\350\247\243\345\231\250>, "/usr/lib/locale/C.UTF-8/LC_IDENTIFICATION", O_RDONLY|O_CLOEXEC) = -1 ENOENT (No such file or directory)
1428440 openat(AT_FDCWD</tmp/kernel-audit2-v3r63b5w/\346\261\202\350\247\243\345\231\250>, "/usr/lib/locale/C.utf8/LC_IDENTIFICATION", O_RDONLY|O_CLOEXEC) = 3</usr/lib/locale/C.utf8/LC_IDENTIFICATION>
1428440 openat(AT_FDCWD</tmp/kernel-audit2-v3r63b5w/\346\261\202\350\247\243\345\231\250>, "/usr/lib/gconv/gconv-modules.cache", O_RDONLY|O_CLOEXEC) = 3</usr/lib/gconv/gconv-modules.cache>
1428440 openat(AT_FDCWD</tmp/kernel-audit2-v3r63b5w/\346\261\202\350\247\243\345\231\250>, "/usr/lib/locale/C.UTF-8/LC_MEASUREMENT", O_RDONLY|O_CLOEXEC) = -1 ENOENT (No such file or directory)
1428440 openat(AT_FDCWD</tmp/kernel-audit2-v3r63b5w/\346\261\202\350\247\243\345\231\250>, "/usr/lib/locale/C.utf8/LC_MEASUREMENT", O_RDONLY|O_CLOEXEC) = 3</usr/lib/locale/C.utf8/LC_MEASUREMENT>
1428440 openat(AT_FDCWD</tmp/kernel-audit2-v3r63b5w/\346\261\202\350\247\243\345\231\250>, "/usr/lib/locale/C.UTF-8/LC_TELEPHONE", O_RDONLY|O_CLOEXEC) = -1 ENOENT (No such file or directory)
1428440 openat(AT_FDCWD</tmp/kernel-audit2-v3r63b5w/\346\261\202\350\247\243\345\231\250>, "/usr/lib/locale/C.utf8/LC_TELEPHONE", O_RDONLY|O_CLOEXEC) = 3</usr/lib/locale/C.utf8/LC_TELEPHONE>
1428440 openat(AT_FDCWD</tmp/kernel-audit2-v3r63b5w/\346\261\202\350\247\243\345\231\250>, "/usr/lib/locale/C.UTF-8/LC_ADDRESS", O_RDONLY|O_CLOEXEC) = -1 ENOENT (No such file or directory)
1428440 openat(AT_FDCWD</tmp/kernel-audit2-v3r63b5w/\346\261\202\350\247\243\345\231\250>, "/usr/lib/locale/C.utf8/LC_ADDRESS", O_RDONLY|O_CLOEXEC) = 3</usr/lib/locale/C.utf8/LC_ADDRESS>
1428440 openat(AT_FDCWD</tmp/kernel-audit2-v3r63b5w/\346\261\202\350\247\243\345\231\250>, "/usr/lib/locale/C.UTF-8/LC_NAME", O_RDONLY|O_CLOEXEC) = -1 ENOENT (No such file or directory)
1428440 openat(AT_FDCWD</tmp/kernel-audit2-v3r63b5w/\346\261\202\350\247\243\345\231\250>, "/usr/lib/locale/C.utf8/LC_NAME", O_RDONLY|O_CLOEXEC) = 3</usr/lib/locale/C.utf8/LC_NAME>
1428440 openat(AT_FDCWD</tmp/kernel-audit2-v3r63b5w/\346\261\202\350\247\243\345\231\250>, "/usr/lib/locale/C.UTF-8/LC_PAPER", O_RDONLY|O_CLOEXEC) = -1 ENOENT (No such file or directory)
1428440 openat(AT_FDCWD</tmp/kernel-audit2-v3r63b5w/\346\261\202\350\247\243\345\231\250>, "/usr/lib/locale/C.utf8/LC_PAPER", O_RDONLY|O_CLOEXEC) = 3</usr/lib/locale/C.utf8/LC_PAPER>
1428440 openat(AT_FDCWD</tmp/kernel-audit2-v3r63b5w/\346\261\202\350\247\243\345\231\250>, "/usr/lib/locale/C.UTF-8/LC_MESSAGES", O_RDONLY|O_CLOEXEC) = -1 ENOENT (No such file or directory)
1428440 openat(AT_FDCWD</tmp/kernel-audit2-v3r63b5w/\346\261\202\350\247\243\345\231\250>, "/usr/lib/locale/C.utf8/LC_MESSAGES", O_RDONLY|O_CLOEXEC) = 3</usr/lib/locale/C.utf8/LC_MESSAGES>
1428440 openat(AT_FDCWD</tmp/kernel-audit2-v3r63b5w/\346\261\202\350\247\243\345\231\250>, "/usr/lib/locale/C.utf8/LC_MESSAGES/SYS_LC_MESSAGES", O_RDONLY|O_CLOEXEC) = 3</usr/lib/locale/C.utf8/LC_MESSAGES/SYS_LC_MESSAGES>
1428440 openat(AT_FDCWD</tmp/kernel-audit2-v3r63b5w/\346\261\202\350\247\243\345\231\250>, "/usr/lib/locale/C.UTF-8/LC_MONETARY", O_RDONLY|O_CLOEXEC) = -1 ENOENT (No such file or directory)
1428440 openat(AT_FDCWD</tmp/kernel-audit2-v3r63b5w/\346\261\202\350\247\243\345\231\250>, "/usr/lib/locale/C.utf8/LC_MONETARY", O_RDONLY|O_CLOEXEC) = 3</usr/lib/locale/C.utf8/LC_MONETARY>
1428440 openat(AT_FDCWD</tmp/kernel-audit2-v3r63b5w/\346\261\202\350\247\243\345\231\250>, "/usr/lib/locale/C.UTF-8/LC_COLLATE", O_RDONLY|O_CLOEXEC) = -1 ENOENT (No such file or directory)
1428440 openat(AT_FDCWD</tmp/kernel-audit2-v3r63b5w/\346\261\202\350\247\243\345\231\250>, "/usr/lib/locale/C.utf8/LC_COLLATE", O_RDONLY|O_CLOEXEC) = 3</usr/lib/locale/C.utf8/LC_COLLATE>
1428440 openat(AT_FDCWD</tmp/kernel-audit2-v3r63b5w/\346\261\202\350\247\243\345\231\250>, "/usr/lib/locale/C.UTF-8/LC_TIME", O_RDONLY|O_CLOEXEC) = -1 ENOENT (No such file or directory)
1428440 openat(AT_FDCWD</tmp/kernel-audit2-v3r63b5w/\346\261\202\350\247\243\345\231\250>, "/usr/lib/locale/C.utf8/LC_TIME", O_RDONLY|O_CLOEXEC) = 3</usr/lib/locale/C.utf8/LC_TIME>
1428440 openat(AT_FDCWD</tmp/kernel-audit2-v3r63b5w/\346\261\202\350\247\243\345\231\250>, "/usr/lib/locale/C.UTF-8/LC_NUMERIC", O_RDONLY|O_CLOEXEC) = -1 ENOENT (No such file or directory)
1428440 openat(AT_FDCWD</tmp/kernel-audit2-v3r63b5w/\346\261\202\350\247\243\345\231\250>, "/usr/lib/locale/C.utf8/LC_NUMERIC", O_RDONLY|O_CLOEXEC) = 3</usr/lib/locale/C.utf8/LC_NUMERIC>
1428440 openat(AT_FDCWD</tmp/kernel-audit2-v3r63b5w/\346\261\202\350\247\243\345\231\250>, "/usr/lib/locale/C.UTF-8/LC_CTYPE", O_RDONLY|O_CLOEXEC) = -1 ENOENT (No such file or directory)
1428440 openat(AT_FDCWD</tmp/kernel-audit2-v3r63b5w/\346\261\202\350\247\243\345\231\250>, "/usr/lib/locale/C.utf8/LC_CTYPE", O_RDONLY|O_CLOEXEC) = 3</usr/lib/locale/C.utf8/LC_CTYPE>
1428440 openat(AT_FDCWD</tmp/kernel-audit2-v3r63b5w/\346\261\202\350\247\243\345\231\250>, "/tmp/kernel-audit2-v3r63b5w/\346\261\202\350\247\243\345\231\250/crates/kernel/src/digest.rs", O_RDONLY) = 3</tmp/kernel-audit2-v3r63b5w/\346\261\202\350\247\243\345\231\250/crates/kernel/src/digest.rs>
1428364 --- SIGCHLD {si_signo=SIGCHLD, si_code=CLD_EXITED, si_pid=1428440, si_uid=1000, si_status=0, si_utime=0, si_stime=0} ---
1428364 openat(AT_FDCWD</tmp/kernel-audit2-v3r63b5w/\346\261\202\350\247\243\345\231\250>, "/dev/null", O_RDONLY|O_CLOEXEC) = 3</dev/null<char 1:3>>
1428441 execve("/home/zhuran24/.codex/tmp/arg0/codex-arg0DuAZRy/sha256sum", ["sha256sum", "--", "/tmp/kernel-audit2-v3r63b5w/\346\261\202\350\247\243\345\231\250/crates/kernel/src/seed.rs"], 0x7ffd72465138 /* 135 vars */) = -1 ENOENT (No such file or directory)
1428441 execve("/home/zhuran24/.cargo/bin/sha256sum", ["sha256sum", "--", "/tmp/kernel-audit2-v3r63b5w/\346\261\202\350\247\243\345\231\250/crates/kernel/src/seed.rs"], 0x7ffd72465138 /* 135 vars */) = -1 ENOENT (No such file or directory)
1428441 execve("/home/zhuran24/.local/bin/sha256sum", ["sha256sum", "--", "/tmp/kernel-audit2-v3r63b5w/\346\261\202\350\247\243\345\231\250/crates/kernel/src/seed.rs"], 0x7ffd72465138 /* 135 vars */) = -1 ENOENT (No such file or directory)
1428441 execve("/home/zhuran24/.opencode/bin/sha256sum", ["sha256sum", "--", "/tmp/kernel-audit2-v3r63b5w/\346\261\202\350\247\243\345\231\250/crates/kernel/src/seed.rs"], 0x7ffd72465138 /* 135 vars */) = -1 ENOENT (No such file or directory)
1428441 execve("/usr/local/bin/sha256sum", ["sha256sum", "--", "/tmp/kernel-audit2-v3r63b5w/\346\261\202\350\247\243\345\231\250/crates/kernel/src/seed.rs"], 0x7ffd72465138 /* 135 vars */) = -1 ENOENT (No such file or directory)
1428441 execve("/usr/bin/sha256sum", ["sha256sum", "--", "/tmp/kernel-audit2-v3r63b5w/\346\261\202\350\247\243\345\231\250/crates/kernel/src/seed.rs"], 0x7ffd72465138 /* 135 vars */) = 0
1428441 openat(AT_FDCWD</tmp/kernel-audit2-v3r63b5w/\346\261\202\350\247\243\345\231\250>, "/etc/ld.so.cache", O_RDONLY|O_CLOEXEC) = 3</etc/ld.so.cache>
1428441 openat(AT_FDCWD</tmp/kernel-audit2-v3r63b5w/\346\261\202\350\247\243\345\231\250>, "/usr/lib/libcrypto.so.3", O_RDONLY|O_CLOEXEC) = 3</usr/lib/libcrypto.so.3>
1428441 openat(AT_FDCWD</tmp/kernel-audit2-v3r63b5w/\346\261\202\350\247\243\345\231\250>, "/usr/lib/libc.so.6", O_RDONLY|O_CLOEXEC) = 3</usr/lib/libc.so.6>
1428441 openat(AT_FDCWD</tmp/kernel-audit2-v3r63b5w/\346\261\202\350\247\243\345\231\250>, "/usr/lib/libz.so.1", O_RDONLY|O_CLOEXEC) = 3</usr/lib/libz.so.1.3.1.zlib-ng>
1428441 openat(AT_FDCWD</tmp/kernel-audit2-v3r63b5w/\346\261\202\350\247\243\345\231\250>, "/usr/lib/libbrotlienc.so.1", O_RDONLY|O_CLOEXEC) = 3</usr/lib/libbrotlienc.so.1.2.0>
1428441 openat(AT_FDCWD</tmp/kernel-audit2-v3r63b5w/\346\261\202\350\247\243\345\231\250>, "/usr/lib/libbrotlidec.so.1", O_RDONLY|O_CLOEXEC) = 3</usr/lib/libbrotlidec.so.1.2.0>
1428441 openat(AT_FDCWD</tmp/kernel-audit2-v3r63b5w/\346\261\202\350\247\243\345\231\250>, "/usr/lib/libzstd.so.1", O_RDONLY|O_CLOEXEC) = 3</usr/lib/libzstd.so.1.5.7>
1428441 openat(AT_FDCWD</tmp/kernel-audit2-v3r63b5w/\346\261\202\350\247\243\345\231\250>, "/usr/lib/libm.so.6", O_RDONLY|O_CLOEXEC) = 3</usr/lib/libm.so.6>
1428441 openat(AT_FDCWD</tmp/kernel-audit2-v3r63b5w/\346\261\202\350\247\243\345\231\250>, "/usr/lib/libbrotlicommon.so.1", O_RDONLY|O_CLOEXEC) = 3</usr/lib/libbrotlicommon.so.1.2.0>
1428441 openat(AT_FDCWD</tmp/kernel-audit2-v3r63b5w/\346\261\202\350\247\243\345\231\250>, "/usr/lib/locale/locale-archive", O_RDONLY|O_CLOEXEC) = 3</usr/lib/locale/locale-archive>
1428441 openat(AT_FDCWD</tmp/kernel-audit2-v3r63b5w/\346\261\202\350\247\243\345\231\250>, "/usr/share/locale/locale.alias", O_RDONLY|O_CLOEXEC) = 3</usr/share/locale/locale.alias>
1428441 openat(AT_FDCWD</tmp/kernel-audit2-v3r63b5w/\346\261\202\350\247\243\345\231\250>, "/usr/lib/locale/C.UTF-8/LC_IDENTIFICATION", O_RDONLY|O_CLOEXEC) = -1 ENOENT (No such file or directory)
1428441 openat(AT_FDCWD</tmp/kernel-audit2-v3r63b5w/\346\261\202\350\247\243\345\231\250>, "/usr/lib/locale/C.utf8/LC_IDENTIFICATION", O_RDONLY|O_CLOEXEC) = 3</usr/lib/locale/C.utf8/LC_IDENTIFICATION>
1428441 openat(AT_FDCWD</tmp/kernel-audit2-v3r63b5w/\346\261\202\350\247\243\345\231\250>, "/usr/lib/gconv/gconv-modules.cache", O_RDONLY|O_CLOEXEC) = 3</usr/lib/gconv/gconv-modules.cache>
1428441 openat(AT_FDCWD</tmp/kernel-audit2-v3r63b5w/\346\261\202\350\247\243\345\231\250>, "/usr/lib/locale/C.UTF-8/LC_MEASUREMENT", O_RDONLY|O_CLOEXEC) = -1 ENOENT (No such file or directory)
1428441 openat(AT_FDCWD</tmp/kernel-audit2-v3r63b5w/\346\261\202\350\247\243\345\231\250>, "/usr/lib/locale/C.utf8/LC_MEASUREMENT", O_RDONLY|O_CLOEXEC) = 3</usr/lib/locale/C.utf8/LC_MEASUREMENT>
1428441 openat(AT_FDCWD</tmp/kernel-audit2-v3r63b5w/\346\261\202\350\247\243\345\231\250>, "/usr/lib/locale/C.UTF-8/LC_TELEPHONE", O_RDONLY|O_CLOEXEC) = -1 ENOENT (No such file or directory)
1428441 openat(AT_FDCWD</tmp/kernel-audit2-v3r63b5w/\346\261\202\350\247\243\345\231\250>, "/usr/lib/locale/C.utf8/LC_TELEPHONE", O_RDONLY|O_CLOEXEC) = 3</usr/lib/locale/C.utf8/LC_TELEPHONE>
1428441 openat(AT_FDCWD</tmp/kernel-audit2-v3r63b5w/\346\261\202\350\247\243\345\231\250>, "/usr/lib/locale/C.UTF-8/LC_ADDRESS", O_RDONLY|O_CLOEXEC) = -1 ENOENT (No such file or directory)
1428441 openat(AT_FDCWD</tmp/kernel-audit2-v3r63b5w/\346\261\202\350\247\243\345\231\250>, "/usr/lib/locale/C.utf8/LC_ADDRESS", O_RDONLY|O_CLOEXEC) = 3</usr/lib/locale/C.utf8/LC_ADDRESS>
1428441 openat(AT_FDCWD</tmp/kernel-audit2-v3r63b5w/\346\261\202\350\247\243\345\231\250>, "/usr/lib/locale/C.UTF-8/LC_NAME", O_RDONLY|O_CLOEXEC) = -1 ENOENT (No such file or directory)
1428441 openat(AT_FDCWD</tmp/kernel-audit2-v3r63b5w/\346\261\202\350\247\243\345\231\250>, "/usr/lib/locale/C.utf8/LC_NAME", O_RDONLY|O_CLOEXEC) = 3</usr/lib/locale/C.utf8/LC_NAME>
1428441 openat(AT_FDCWD</tmp/kernel-audit2-v3r63b5w/\346\261\202\350\247\243\345\231\250>, "/usr/lib/locale/C.UTF-8/LC_PAPER", O_RDONLY|O_CLOEXEC) = -1 ENOENT (No such file or directory)
1428441 openat(AT_FDCWD</tmp/kernel-audit2-v3r63b5w/\346\261\202\350\247\243\345\231\250>, "/usr/lib/locale/C.utf8/LC_PAPER", O_RDONLY|O_CLOEXEC) = 3</usr/lib/locale/C.utf8/LC_PAPER>
1428441 openat(AT_FDCWD</tmp/kernel-audit2-v3r63b5w/\346\261\202\350\247\243\345\231\250>, "/usr/lib/locale/C.UTF-8/LC_MESSAGES", O_RDONLY|O_CLOEXEC) = -1 ENOENT (No such file or directory)
1428441 openat(AT_FDCWD</tmp/kernel-audit2-v3r63b5w/\346\261\202\350\247\243\345\231\250>, "/usr/lib/locale/C.utf8/LC_MESSAGES", O_RDONLY|O_CLOEXEC) = 3</usr/lib/locale/C.utf8/LC_MESSAGES>
1428441 openat(AT_FDCWD</tmp/kernel-audit2-v3r63b5w/\346\261\202\350\247\243\345\231\250>, "/usr/lib/locale/C.utf8/LC_MESSAGES/SYS_LC_MESSAGES", O_RDONLY|O_CLOEXEC) = 3</usr/lib/locale/C.utf8/LC_MESSAGES/SYS_LC_MESSAGES>
1428441 openat(AT_FDCWD</tmp/kernel-audit2-v3r63b5w/\346\261\202\350\247\243\345\231\250>, "/usr/lib/locale/C.UTF-8/LC_MONETARY", O_RDONLY|O_CLOEXEC) = -1 ENOENT (No such file or directory)
1428441 openat(AT_FDCWD</tmp/kernel-audit2-v3r63b5w/\346\261\202\350\247\243\345\231\250>, "/usr/lib/locale/C.utf8/LC_MONETARY", O_RDONLY|O_CLOEXEC) = 3</usr/lib/locale/C.utf8/LC_MONETARY>
1428441 openat(AT_FDCWD</tmp/kernel-audit2-v3r63b5w/\346\261\202\350\247\243\345\231\250>, "/usr/lib/locale/C.UTF-8/LC_COLLATE", O_RDONLY|O_CLOEXEC) = -1 ENOENT (No such file or directory)
1428441 openat(AT_FDCWD</tmp/kernel-audit2-v3r63b5w/\346\261\202\350\247\243\345\231\250>, "/usr/lib/locale/C.utf8/LC_COLLATE", O_RDONLY|O_CLOEXEC) = 3</usr/lib/locale/C.utf8/LC_COLLATE>
1428441 openat(AT_FDCWD</tmp/kernel-audit2-v3r63b5w/\346\261\202\350\247\243\345\231\250>, "/usr/lib/locale/C.UTF-8/LC_TIME", O_RDONLY|O_CLOEXEC) = -1 ENOENT (No such file or directory)
1428441 openat(AT_FDCWD</tmp/kernel-audit2-v3r63b5w/\346\261\202\350\247\243\345\231\250>, "/usr/lib/locale/C.utf8/LC_TIME", O_RDONLY|O_CLOEXEC) = 3</usr/lib/locale/C.utf8/LC_TIME>
1428441 openat(AT_FDCWD</tmp/kernel-audit2-v3r63b5w/\346\261\202\350\247\243\345\231\250>, "/usr/lib/locale/C.UTF-8/LC_NUMERIC", O_RDONLY|O_CLOEXEC) = -1 ENOENT (No such file or directory)
1428441 openat(AT_FDCWD</tmp/kernel-audit2-v3r63b5w/\346\261\202\350\247\243\345\231\250>, "/usr/lib/locale/C.utf8/LC_NUMERIC", O_RDONLY|O_CLOEXEC) = 3</usr/lib/locale/C.utf8/LC_NUMERIC>
1428441 openat(AT_FDCWD</tmp/kernel-audit2-v3r63b5w/\346\261\202\350\247\243\345\231\250>, "/usr/lib/locale/C.UTF-8/LC_CTYPE", O_RDONLY|O_CLOEXEC) = -1 ENOENT (No such file or directory)
1428441 openat(AT_FDCWD</tmp/kernel-audit2-v3r63b5w/\346\261\202\350\247\243\345\231\250>, "/usr/lib/locale/C.utf8/LC_CTYPE", O_RDONLY|O_CLOEXEC) = 3</usr/lib/locale/C.utf8/LC_CTYPE>
1428441 openat(AT_FDCWD</tmp/kernel-audit2-v3r63b5w/\346\261\202\350\247\243\345\231\250>, "/tmp/kernel-audit2-v3r63b5w/\346\261\202\350\247\243\345\231\250/crates/kernel/src/seed.rs", O_RDONLY) = 3</tmp/kernel-audit2-v3r63b5w/\346\261\202\350\247\243\345\231\250/crates/kernel/src/seed.rs>
1428364 --- SIGCHLD {si_signo=SIGCHLD, si_code=CLD_EXITED, si_pid=1428441, si_uid=1000, si_status=0, si_utime=0, si_stime=0} ---
1428364 openat(AT_FDCWD</tmp/kernel-audit2-v3r63b5w/\346\261\202\350\247\243\345\231\250>, "/dev/null", O_RDONLY|O_CLOEXEC) = 3</dev/null<char 1:3>>
1428442 execve("/home/zhuran24/.codex/tmp/arg0/codex-arg0DuAZRy/sha256sum", ["sha256sum", "--", "/tmp/kernel-audit2-v3r63b5w/\346\261\202\350\247\243\345\231\250/crates/kernel/src/cache.rs"], 0x7ffd72465138 /* 135 vars */) = -1 ENOENT (No such file or directory)
1428442 execve("/home/zhuran24/.cargo/bin/sha256sum", ["sha256sum", "--", "/tmp/kernel-audit2-v3r63b5w/\346\261\202\350\247\243\345\231\250/crates/kernel/src/cache.rs"], 0x7ffd72465138 /* 135 vars */) = -1 ENOENT (No such file or directory)
1428442 execve("/home/zhuran24/.local/bin/sha256sum", ["sha256sum", "--", "/tmp/kernel-audit2-v3r63b5w/\346\261\202\350\247\243\345\231\250/crates/kernel/src/cache.rs"], 0x7ffd72465138 /* 135 vars */) = -1 ENOENT (No such file or directory)
1428442 execve("/home/zhuran24/.opencode/bin/sha256sum", ["sha256sum", "--", "/tmp/kernel-audit2-v3r63b5w/\346\261\202\350\247\243\345\231\250/crates/kernel/src/cache.rs"], 0x7ffd72465138 /* 135 vars */) = -1 ENOENT (No such file or directory)
1428442 execve("/usr/local/bin/sha256sum", ["sha256sum", "--", "/tmp/kernel-audit2-v3r63b5w/\346\261\202\350\247\243\345\231\250/crates/kernel/src/cache.rs"], 0x7ffd72465138 /* 135 vars */) = -1 ENOENT (No such file or directory)
1428442 execve("/usr/bin/sha256sum", ["sha256sum", "--", "/tmp/kernel-audit2-v3r63b5w/\346\261\202\350\247\243\345\231\250/crates/kernel/src/cache.rs"], 0x7ffd72465138 /* 135 vars */) = 0
1428442 openat(AT_FDCWD</tmp/kernel-audit2-v3r63b5w/\346\261\202\350\247\243\345\231\250>, "/etc/ld.so.cache", O_RDONLY|O_CLOEXEC) = 3</etc/ld.so.cache>
1428442 openat(AT_FDCWD</tmp/kernel-audit2-v3r63b5w/\346\261\202\350\247\243\345\231\250>, "/usr/lib/libcrypto.so.3", O_RDONLY|O_CLOEXEC) = 3</usr/lib/libcrypto.so.3>
1428442 openat(AT_FDCWD</tmp/kernel-audit2-v3r63b5w/\346\261\202\350\247\243\345\231\250>, "/usr/lib/libc.so.6", O_RDONLY|O_CLOEXEC) = 3</usr/lib/libc.so.6>
1428442 openat(AT_FDCWD</tmp/kernel-audit2-v3r63b5w/\346\261\202\350\247\243\345\231\250>, "/usr/lib/libz.so.1", O_RDONLY|O_CLOEXEC) = 3</usr/lib/libz.so.1.3.1.zlib-ng>
1428442 openat(AT_FDCWD</tmp/kernel-audit2-v3r63b5w/\346\261\202\350\247\243\345\231\250>, "/usr/lib/libbrotlienc.so.1", O_RDONLY|O_CLOEXEC) = 3</usr/lib/libbrotlienc.so.1.2.0>
1428442 openat(AT_FDCWD</tmp/kernel-audit2-v3r63b5w/\346\261\202\350\247\243\345\231\250>, "/usr/lib/libbrotlidec.so.1", O_RDONLY|O_CLOEXEC) = 3</usr/lib/libbrotlidec.so.1.2.0>
1428442 openat(AT_FDCWD</tmp/kernel-audit2-v3r63b5w/\346\261\202\350\247\243\345\231\250>, "/usr/lib/libzstd.so.1", O_RDONLY|O_CLOEXEC) = 3</usr/lib/libzstd.so.1.5.7>
1428442 openat(AT_FDCWD</tmp/kernel-audit2-v3r63b5w/\346\261\202\350\247\243\345\231\250>, "/usr/lib/libm.so.6", O_RDONLY|O_CLOEXEC) = 3</usr/lib/libm.so.6>
1428442 openat(AT_FDCWD</tmp/kernel-audit2-v3r63b5w/\346\261\202\350\247\243\345\231\250>, "/usr/lib/libbrotlicommon.so.1", O_RDONLY|O_CLOEXEC) = 3</usr/lib/libbrotlicommon.so.1.2.0>
1428442 openat(AT_FDCWD</tmp/kernel-audit2-v3r63b5w/\346\261\202\350\247\243\345\231\250>, "/usr/lib/locale/locale-archive", O_RDONLY|O_CLOEXEC) = 3</usr/lib/locale/locale-archive>
1428442 openat(AT_FDCWD</tmp/kernel-audit2-v3r63b5w/\346\261\202\350\247\243\345\231\250>, "/usr/share/locale/locale.alias", O_RDONLY|O_CLOEXEC) = 3</usr/share/locale/locale.alias>
1428442 openat(AT_FDCWD</tmp/kernel-audit2-v3r63b5w/\346\261\202\350\247\243\345\231\250>, "/usr/lib/locale/C.UTF-8/LC_IDENTIFICATION", O_RDONLY|O_CLOEXEC) = -1 ENOENT (No such file or directory)
1428442 openat(AT_FDCWD</tmp/kernel-audit2-v3r63b5w/\346\261\202\350\247\243\345\231\250>, "/usr/lib/locale/C.utf8/LC_IDENTIFICATION", O_RDONLY|O_CLOEXEC) = 3</usr/lib/locale/C.utf8/LC_IDENTIFICATION>
1428442 openat(AT_FDCWD</tmp/kernel-audit2-v3r63b5w/\346\261\202\350\247\243\345\231\250>, "/usr/lib/gconv/gconv-modules.cache", O_RDONLY|O_CLOEXEC) = 3</usr/lib/gconv/gconv-modules.cache>
1428442 openat(AT_FDCWD</tmp/kernel-audit2-v3r63b5w/\346\261\202\350\247\243\345\231\250>, "/usr/lib/locale/C.UTF-8/LC_MEASUREMENT", O_RDONLY|O_CLOEXEC) = -1 ENOENT (No such file or directory)
1428442 openat(AT_FDCWD</tmp/kernel-audit2-v3r63b5w/\346\261\202\350\247\243\345\231\250>, "/usr/lib/locale/C.utf8/LC_MEASUREMENT", O_RDONLY|O_CLOEXEC) = 3</usr/lib/locale/C.utf8/LC_MEASUREMENT>
1428442 openat(AT_FDCWD</tmp/kernel-audit2-v3r63b5w/\346\261\202\350\247\243\345\231\250>, "/usr/lib/locale/C.UTF-8/LC_TELEPHONE", O_RDONLY|O_CLOEXEC) = -1 ENOENT (No such file or directory)
1428442 openat(AT_FDCWD</tmp/kernel-audit2-v3r63b5w/\346\261\202\350\247\243\345\231\250>, "/usr/lib/locale/C.utf8/LC_TELEPHONE", O_RDONLY|O_CLOEXEC) = 3</usr/lib/locale/C.utf8/LC_TELEPHONE>
1428442 openat(AT_FDCWD</tmp/kernel-audit2-v3r63b5w/\346\261\202\350\247\243\345\231\250>, "/usr/lib/locale/C.UTF-8/LC_ADDRESS", O_RDONLY|O_CLOEXEC) = -1 ENOENT (No such file or directory)
1428442 openat(AT_FDCWD</tmp/kernel-audit2-v3r63b5w/\346\261\202\350\247\243\345\231\250>, "/usr/lib/locale/C.utf8/LC_ADDRESS", O_RDONLY|O_CLOEXEC) = 3</usr/lib/locale/C.utf8/LC_ADDRESS>
1428442 openat(AT_FDCWD</tmp/kernel-audit2-v3r63b5w/\346\261\202\350\247\243\345\231\250>, "/usr/lib/locale/C.UTF-8/LC_NAME", O_RDONLY|O_CLOEXEC) = -1 ENOENT (No such file or directory)
1428442 openat(AT_FDCWD</tmp/kernel-audit2-v3r63b5w/\346\261\202\350\247\243\345\231\250>, "/usr/lib/locale/C.utf8/LC_NAME", O_RDONLY|O_CLOEXEC) = 3</usr/lib/locale/C.utf8/LC_NAME>
1428442 openat(AT_FDCWD</tmp/kernel-audit2-v3r63b5w/\346\261\202\350\247\243\345\231\250>, "/usr/lib/locale/C.UTF-8/LC_PAPER", O_RDONLY|O_CLOEXEC) = -1 ENOENT (No such file or directory)
1428442 openat(AT_FDCWD</tmp/kernel-audit2-v3r63b5w/\346\261\202\350\247\243\345\231\250>, "/usr/lib/locale/C.utf8/LC_PAPER", O_RDONLY|O_CLOEXEC) = 3</usr/lib/locale/C.utf8/LC_PAPER>
1428442 openat(AT_FDCWD</tmp/kernel-audit2-v3r63b5w/\346\261\202\350\247\243\345\231\250>, "/usr/lib/locale/C.UTF-8/LC_MESSAGES", O_RDONLY|O_CLOEXEC) = -1 ENOENT (No such file or directory)
1428442 openat(AT_FDCWD</tmp/kernel-audit2-v3r63b5w/\346\261\202\350\247\243\345\231\250>, "/usr/lib/locale/C.utf8/LC_MESSAGES", O_RDONLY|O_CLOEXEC) = 3</usr/lib/locale/C.utf8/LC_MESSAGES>
1428442 openat(AT_FDCWD</tmp/kernel-audit2-v3r63b5w/\346\261\202\350\247\243\345\231\250>, "/usr/lib/locale/C.utf8/LC_MESSAGES/SYS_LC_MESSAGES", O_RDONLY|O_CLOEXEC) = 3</usr/lib/locale/C.utf8/LC_MESSAGES/SYS_LC_MESSAGES>
1428442 openat(AT_FDCWD</tmp/kernel-audit2-v3r63b5w/\346\261\202\350\247\243\345\231\250>, "/usr/lib/locale/C.UTF-8/LC_MONETARY", O_RDONLY|O_CLOEXEC) = -1 ENOENT (No such file or directory)
1428442 openat(AT_FDCWD</tmp/kernel-audit2-v3r63b5w/\346\261\202\350\247\243\345\231\250>, "/usr/lib/locale/C.utf8/LC_MONETARY", O_RDONLY|O_CLOEXEC) = 3</usr/lib/locale/C.utf8/LC_MONETARY>
1428442 openat(AT_FDCWD</tmp/kernel-audit2-v3r63b5w/\346\261\202\350\247\243\345\231\250>, "/usr/lib/locale/C.UTF-8/LC_COLLATE", O_RDONLY|O_CLOEXEC) = -1 ENOENT (No such file or directory)
1428442 openat(AT_FDCWD</tmp/kernel-audit2-v3r63b5w/\346\261\202\350\247\243\345\231\250>, "/usr/lib/locale/C.utf8/LC_COLLATE", O_RDONLY|O_CLOEXEC) = 3</usr/lib/locale/C.utf8/LC_COLLATE>
1428442 openat(AT_FDCWD</tmp/kernel-audit2-v3r63b5w/\346\261\202\350\247\243\345\231\250>, "/usr/lib/locale/C.UTF-8/LC_TIME", O_RDONLY|O_CLOEXEC) = -1 ENOENT (No such file or directory)
1428442 openat(AT_FDCWD</tmp/kernel-audit2-v3r63b5w/\346\261\202\350\247\243\345\231\250>, "/usr/lib/locale/C.utf8/LC_TIME", O_RDONLY|O_CLOEXEC) = 3</usr/lib/locale/C.utf8/LC_TIME>
1428442 openat(AT_FDCWD</tmp/kernel-audit2-v3r63b5w/\346\261\202\350\247\243\345\231\250>, "/usr/lib/locale/C.UTF-8/LC_NUMERIC", O_RDONLY|O_CLOEXEC) = -1 ENOENT (No such file or directory)
1428442 openat(AT_FDCWD</tmp/kernel-audit2-v3r63b5w/\346\261\202\350\247\243\345\231\250>, "/usr/lib/locale/C.utf8/LC_NUMERIC", O_RDONLY|O_CLOEXEC) = 3</usr/lib/locale/C.utf8/LC_NUMERIC>
1428442 openat(AT_FDCWD</tmp/kernel-audit2-v3r63b5w/\346\261\202\350\247\243\345\231\250>, "/usr/lib/locale/C.UTF-8/LC_CTYPE", O_RDONLY|O_CLOEXEC) = -1 ENOENT (No such file or directory)
1428442 openat(AT_FDCWD</tmp/kernel-audit2-v3r63b5w/\346\261\202\350\247\243\345\231\250>, "/usr/lib/locale/C.utf8/LC_CTYPE", O_RDONLY|O_CLOEXEC) = 3</usr/lib/locale/C.utf8/LC_CTYPE>
1428442 openat(AT_FDCWD</tmp/kernel-audit2-v3r63b5w/\346\261\202\350\247\243\345\231\250>, "/tmp/kernel-audit2-v3r63b5w/\346\261\202\350\247\243\345\231\250/crates/kernel/src/cache.rs", O_RDONLY) = 3</tmp/kernel-audit2-v3r63b5w/\346\261\202\350\247\243\345\231\250/crates/kernel/src/cache.rs>
1428364 --- SIGCHLD {si_signo=SIGCHLD, si_code=CLD_EXITED, si_pid=1428442, si_uid=1000, si_status=0, si_utime=0, si_stime=0} ---
1428364 openat(AT_FDCWD</tmp/kernel-audit2-v3r63b5w/\346\261\202\350\247\243\345\231\250>, "/dev/null", O_RDONLY|O_CLOEXEC) = 3</dev/null<char 1:3>>
1428443 execve("/home/zhuran24/.codex/tmp/arg0/codex-arg0DuAZRy/sha256sum", ["sha256sum", "--", "/tmp/kernel-audit2-v3r63b5w/\346\261\202\350\247\243\345\231\250/crates/kernel/src/lib.rs"], 0x7ffd72465138 /* 135 vars */) = -1 ENOENT (No such file or directory)
1428443 execve("/home/zhuran24/.cargo/bin/sha256sum", ["sha256sum", "--", "/tmp/kernel-audit2-v3r63b5w/\346\261\202\350\247\243\345\231\250/crates/kernel/src/lib.rs"], 0x7ffd72465138 /* 135 vars */) = -1 ENOENT (No such file or directory)
1428443 execve("/home/zhuran24/.local/bin/sha256sum", ["sha256sum", "--", "/tmp/kernel-audit2-v3r63b5w/\346\261\202\350\247\243\345\231\250/crates/kernel/src/lib.rs"], 0x7ffd72465138 /* 135 vars */) = -1 ENOENT (No such file or directory)
1428443 execve("/home/zhuran24/.opencode/bin/sha256sum", ["sha256sum", "--", "/tmp/kernel-audit2-v3r63b5w/\346\261\202\350\247\243\345\231\250/crates/kernel/src/lib.rs"], 0x7ffd72465138 /* 135 vars */) = -1 ENOENT (No such file or directory)
1428443 execve("/usr/local/bin/sha256sum", ["sha256sum", "--", "/tmp/kernel-audit2-v3r63b5w/\346\261\202\350\247\243\345\231\250/crates/kernel/src/lib.rs"], 0x7ffd72465138 /* 135 vars */) = -1 ENOENT (No such file or directory)
1428443 execve("/usr/bin/sha256sum", ["sha256sum", "--", "/tmp/kernel-audit2-v3r63b5w/\346\261\202\350\247\243\345\231\250/crates/kernel/src/lib.rs"], 0x7ffd72465138 /* 135 vars */) = 0
1428443 openat(AT_FDCWD</tmp/kernel-audit2-v3r63b5w/\346\261\202\350\247\243\345\231\250>, "/etc/ld.so.cache", O_RDONLY|O_CLOEXEC) = 3</etc/ld.so.cache>
1428443 openat(AT_FDCWD</tmp/kernel-audit2-v3r63b5w/\346\261\202\350\247\243\345\231\250>, "/usr/lib/libcrypto.so.3", O_RDONLY|O_CLOEXEC) = 3</usr/lib/libcrypto.so.3>
1428443 openat(AT_FDCWD</tmp/kernel-audit2-v3r63b5w/\346\261\202\350\247\243\345\231\250>, "/usr/lib/libc.so.6", O_RDONLY|O_CLOEXEC) = 3</usr/lib/libc.so.6>
1428443 openat(AT_FDCWD</tmp/kernel-audit2-v3r63b5w/\346\261\202\350\247\243\345\231\250>, "/usr/lib/libz.so.1", O_RDONLY|O_CLOEXEC) = 3</usr/lib/libz.so.1.3.1.zlib-ng>
1428443 openat(AT_FDCWD</tmp/kernel-audit2-v3r63b5w/\346\261\202\350\247\243\345\231\250>, "/usr/lib/libbrotlienc.so.1", O_RDONLY|O_CLOEXEC) = 3</usr/lib/libbrotlienc.so.1.2.0>
1428443 openat(AT_FDCWD</tmp/kernel-audit2-v3r63b5w/\346\261\202\350\247\243\345\231\250>, "/usr/lib/libbrotlidec.so.1", O_RDONLY|O_CLOEXEC) = 3</usr/lib/libbrotlidec.so.1.2.0>
1428443 openat(AT_FDCWD</tmp/kernel-audit2-v3r63b5w/\346\261\202\350\247\243\345\231\250>, "/usr/lib/libzstd.so.1", O_RDONLY|O_CLOEXEC) = 3</usr/lib/libzstd.so.1.5.7>
1428443 openat(AT_FDCWD</tmp/kernel-audit2-v3r63b5w/\346\261\202\350\247\243\345\231\250>, "/usr/lib/libm.so.6", O_RDONLY|O_CLOEXEC) = 3</usr/lib/libm.so.6>
1428443 openat(AT_FDCWD</tmp/kernel-audit2-v3r63b5w/\346\261\202\350\247\243\345\231\250>, "/usr/lib/libbrotlicommon.so.1", O_RDONLY|O_CLOEXEC) = 3</usr/lib/libbrotlicommon.so.1.2.0>
1428443 openat(AT_FDCWD</tmp/kernel-audit2-v3r63b5w/\346\261\202\350\247\243\345\231\250>, "/usr/lib/locale/locale-archive", O_RDONLY|O_CLOEXEC) = 3</usr/lib/locale/locale-archive>
1428443 openat(AT_FDCWD</tmp/kernel-audit2-v3r63b5w/\346\261\202\350\247\243\345\231\250>, "/usr/share/locale/locale.alias", O_RDONLY|O_CLOEXEC) = 3</usr/share/locale/locale.alias>
1428443 openat(AT_FDCWD</tmp/kernel-audit2-v3r63b5w/\346\261\202\350\247\243\345\231\250>, "/usr/lib/locale/C.UTF-8/LC_IDENTIFICATION", O_RDONLY|O_CLOEXEC) = -1 ENOENT (No such file or directory)
1428443 openat(AT_FDCWD</tmp/kernel-audit2-v3r63b5w/\346\261\202\350\247\243\345\231\250>, "/usr/lib/locale/C.utf8/LC_IDENTIFICATION", O_RDONLY|O_CLOEXEC) = 3</usr/lib/locale/C.utf8/LC_IDENTIFICATION>
1428443 openat(AT_FDCWD</tmp/kernel-audit2-v3r63b5w/\346\261\202\350\247\243\345\231\250>, "/usr/lib/gconv/gconv-modules.cache", O_RDONLY|O_CLOEXEC) = 3</usr/lib/gconv/gconv-modules.cache>
1428443 openat(AT_FDCWD</tmp/kernel-audit2-v3r63b5w/\346\261\202\350\247\243\345\231\250>, "/usr/lib/locale/C.UTF-8/LC_MEASUREMENT", O_RDONLY|O_CLOEXEC) = -1 ENOENT (No such file or directory)
1428443 openat(AT_FDCWD</tmp/kernel-audit2-v3r63b5w/\346\261\202\350\247\243\345\231\250>, "/usr/lib/locale/C.utf8/LC_MEASUREMENT", O_RDONLY|O_CLOEXEC) = 3</usr/lib/locale/C.utf8/LC_MEASUREMENT>
1428443 openat(AT_FDCWD</tmp/kernel-audit2-v3r63b5w/\346\261\202\350\247\243\345\231\250>, "/usr/lib/locale/C.UTF-8/LC_TELEPHONE", O_RDONLY|O_CLOEXEC) = -1 ENOENT (No such file or directory)
1428443 openat(AT_FDCWD</tmp/kernel-audit2-v3r63b5w/\346\261\202\350\247\243\345\231\250>, "/usr/lib/locale/C.utf8/LC_TELEPHONE", O_RDONLY|O_CLOEXEC) = 3</usr/lib/locale/C.utf8/LC_TELEPHONE>
1428443 openat(AT_FDCWD</tmp/kernel-audit2-v3r63b5w/\346\261\202\350\247\243\345\231\250>, "/usr/lib/locale/C.UTF-8/LC_ADDRESS", O_RDONLY|O_CLOEXEC) = -1 ENOENT (No such file or directory)
1428443 openat(AT_FDCWD</tmp/kernel-audit2-v3r63b5w/\346\261\202\350\247\243\345\231\250>, "/usr/lib/locale/C.utf8/LC_ADDRESS", O_RDONLY|O_CLOEXEC) = 3</usr/lib/locale/C.utf8/LC_ADDRESS>
1428443 openat(AT_FDCWD</tmp/kernel-audit2-v3r63b5w/\346\261\202\350\247\243\345\231\250>, "/usr/lib/locale/C.UTF-8/LC_NAME", O_RDONLY|O_CLOEXEC) = -1 ENOENT (No such file or directory)
1428443 openat(AT_FDCWD</tmp/kernel-audit2-v3r63b5w/\346\261\202\350\247\243\345\231\250>, "/usr/lib/locale/C.utf8/LC_NAME", O_RDONLY|O_CLOEXEC) = 3</usr/lib/locale/C.utf8/LC_NAME>
1428443 openat(AT_FDCWD</tmp/kernel-audit2-v3r63b5w/\346\261\202\350\247\243\345\231\250>, "/usr/lib/locale/C.UTF-8/LC_PAPER", O_RDONLY|O_CLOEXEC) = -1 ENOENT (No such file or directory)
1428443 openat(AT_FDCWD</tmp/kernel-audit2-v3r63b5w/\346\261\202\350\247\243\345\231\250>, "/usr/lib/locale/C.utf8/LC_PAPER", O_RDONLY|O_CLOEXEC) = 3</usr/lib/locale/C.utf8/LC_PAPER>
1428443 openat(AT_FDCWD</tmp/kernel-audit2-v3r63b5w/\346\261\202\350\247\243\345\231\250>, "/usr/lib/locale/C.UTF-8/LC_MESSAGES", O_RDONLY|O_CLOEXEC) = -1 ENOENT (No such file or directory)
1428443 openat(AT_FDCWD</tmp/kernel-audit2-v3r63b5w/\346\261\202\350\247\243\345\231\250>, "/usr/lib/locale/C.utf8/LC_MESSAGES", O_RDONLY|O_CLOEXEC) = 3</usr/lib/locale/C.utf8/LC_MESSAGES>
1428443 openat(AT_FDCWD</tmp/kernel-audit2-v3r63b5w/\346\261\202\350\247\243\345\231\250>, "/usr/lib/locale/C.utf8/LC_MESSAGES/SYS_LC_MESSAGES", O_RDONLY|O_CLOEXEC) = 3</usr/lib/locale/C.utf8/LC_MESSAGES/SYS_LC_MESSAGES>
1428443 openat(AT_FDCWD</tmp/kernel-audit2-v3r63b5w/\346\261\202\350\247\243\345\231\250>, "/usr/lib/locale/C.UTF-8/LC_MONETARY", O_RDONLY|O_CLOEXEC) = -1 ENOENT (No such file or directory)
1428443 openat(AT_FDCWD</tmp/kernel-audit2-v3r63b5w/\346\261\202\350\247\243\345\231\250>, "/usr/lib/locale/C.utf8/LC_MONETARY", O_RDONLY|O_CLOEXEC) = 3</usr/lib/locale/C.utf8/LC_MONETARY>
1428443 openat(AT_FDCWD</tmp/kernel-audit2-v3r63b5w/\346\261\202\350\247\243\345\231\250>, "/usr/lib/locale/C.UTF-8/LC_COLLATE", O_RDONLY|O_CLOEXEC) = -1 ENOENT (No such file or directory)
1428443 openat(AT_FDCWD</tmp/kernel-audit2-v3r63b5w/\346\261\202\350\247\243\345\231\250>, "/usr/lib/locale/C.utf8/LC_COLLATE", O_RDONLY|O_CLOEXEC) = 3</usr/lib/locale/C.utf8/LC_COLLATE>
1428443 openat(AT_FDCWD</tmp/kernel-audit2-v3r63b5w/\346\261\202\350\247\243\345\231\250>, "/usr/lib/locale/C.UTF-8/LC_TIME", O_RDONLY|O_CLOEXEC) = -1 ENOENT (No such file or directory)
1428443 openat(AT_FDCWD</tmp/kernel-audit2-v3r63b5w/\346\261\202\350\247\243\345\231\250>, "/usr/lib/locale/C.utf8/LC_TIME", O_RDONLY|O_CLOEXEC) = 3</usr/lib/locale/C.utf8/LC_TIME>
1428443 openat(AT_FDCWD</tmp/kernel-audit2-v3r63b5w/\346\261\202\350\247\243\345\231\250>, "/usr/lib/locale/C.UTF-8/LC_NUMERIC", O_RDONLY|O_CLOEXEC) = -1 ENOENT (No such file or directory)
1428443 openat(AT_FDCWD</tmp/kernel-audit2-v3r63b5w/\346\261\202\350\247\243\345\231\250>, "/usr/lib/locale/C.utf8/LC_NUMERIC", O_RDONLY|O_CLOEXEC) = 3</usr/lib/locale/C.utf8/LC_NUMERIC>
1428443 openat(AT_FDCWD</tmp/kernel-audit2-v3r63b5w/\346\261\202\350\247\243\345\231\250>, "/usr/lib/locale/C.UTF-8/LC_CTYPE", O_RDONLY|O_CLOEXEC) = -1 ENOENT (No such file or directory)
1428443 openat(AT_FDCWD</tmp/kernel-audit2-v3r63b5w/\346\261\202\350\247\243\345\231\250>, "/usr/lib/locale/C.utf8/LC_CTYPE", O_RDONLY|O_CLOEXEC) = 3</usr/lib/locale/C.utf8/LC_CTYPE>
1428443 openat(AT_FDCWD</tmp/kernel-audit2-v3r63b5w/\346\261\202\350\247\243\345\231\250>, "/tmp/kernel-audit2-v3r63b5w/\346\261\202\350\247\243\345\231\250/crates/kernel/src/lib.rs", O_RDONLY) = 3</tmp/kernel-audit2-v3r63b5w/\346\261\202\350\247\243\345\231\250/crates/kernel/src/lib.rs>
1428364 --- SIGCHLD {si_signo=SIGCHLD, si_code=CLD_EXITED, si_pid=1428443, si_uid=1000, si_status=0, si_utime=0, si_stime=0} ---
1428364 openat(AT_FDCWD</tmp/kernel-audit2-v3r63b5w/\346\261\202\350\247\243\345\231\250>, "/dev/null", O_RDONLY|O_CLOEXEC) = 3</dev/null<char 1:3>>
1428444 execve("/home/zhuran24/.codex/tmp/arg0/codex-arg0DuAZRy/sha256sum", ["sha256sum", "--", "/tmp/kernel-audit2-v3r63b5w/\346\261\202\350\247\243\345\231\250/crates/kernel/src/main.rs"], 0x7ffd72465138 /* 135 vars */) = -1 ENOENT (No such file or directory)
1428444 execve("/home/zhuran24/.cargo/bin/sha256sum", ["sha256sum", "--", "/tmp/kernel-audit2-v3r63b5w/\346\261\202\350\247\243\345\231\250/crates/kernel/src/main.rs"], 0x7ffd72465138 /* 135 vars */) = -1 ENOENT (No such file or directory)
1428444 execve("/home/zhuran24/.local/bin/sha256sum", ["sha256sum", "--", "/tmp/kernel-audit2-v3r63b5w/\346\261\202\350\247\243\345\231\250/crates/kernel/src/main.rs"], 0x7ffd72465138 /* 135 vars */) = -1 ENOENT (No such file or directory)
1428444 execve("/home/zhuran24/.opencode/bin/sha256sum", ["sha256sum", "--", "/tmp/kernel-audit2-v3r63b5w/\346\261\202\350\247\243\345\231\250/crates/kernel/src/main.rs"], 0x7ffd72465138 /* 135 vars */) = -1 ENOENT (No such file or directory)
1428444 execve("/usr/local/bin/sha256sum", ["sha256sum", "--", "/tmp/kernel-audit2-v3r63b5w/\346\261\202\350\247\243\345\231\250/crates/kernel/src/main.rs"], 0x7ffd72465138 /* 135 vars */) = -1 ENOENT (No such file or directory)
1428444 execve("/usr/bin/sha256sum", ["sha256sum", "--", "/tmp/kernel-audit2-v3r63b5w/\346\261\202\350\247\243\345\231\250/crates/kernel/src/main.rs"], 0x7ffd72465138 /* 135 vars */) = 0
1428444 openat(AT_FDCWD</tmp/kernel-audit2-v3r63b5w/\346\261\202\350\247\243\345\231\250>, "/etc/ld.so.cache", O_RDONLY|O_CLOEXEC) = 3</etc/ld.so.cache>
1428444 openat(AT_FDCWD</tmp/kernel-audit2-v3r63b5w/\346\261\202\350\247\243\345\231\250>, "/usr/lib/libcrypto.so.3", O_RDONLY|O_CLOEXEC) = 3</usr/lib/libcrypto.so.3>
1428444 openat(AT_FDCWD</tmp/kernel-audit2-v3r63b5w/\346\261\202\350\247\243\345\231\250>, "/usr/lib/libc.so.6", O_RDONLY|O_CLOEXEC) = 3</usr/lib/libc.so.6>
1428444 openat(AT_FDCWD</tmp/kernel-audit2-v3r63b5w/\346\261\202\350\247\243\345\231\250>, "/usr/lib/libz.so.1", O_RDONLY|O_CLOEXEC) = 3</usr/lib/libz.so.1.3.1.zlib-ng>
1428444 openat(AT_FDCWD</tmp/kernel-audit2-v3r63b5w/\346\261\202\350\247\243\345\231\250>, "/usr/lib/libbrotlienc.so.1", O_RDONLY|O_CLOEXEC) = 3</usr/lib/libbrotlienc.so.1.2.0>
1428444 openat(AT_FDCWD</tmp/kernel-audit2-v3r63b5w/\346\261\202\350\247\243\345\231\250>, "/usr/lib/libbrotlidec.so.1", O_RDONLY|O_CLOEXEC) = 3</usr/lib/libbrotlidec.so.1.2.0>
1428444 openat(AT_FDCWD</tmp/kernel-audit2-v3r63b5w/\346\261\202\350\247\243\345\231\250>, "/usr/lib/libzstd.so.1", O_RDONLY|O_CLOEXEC) = 3</usr/lib/libzstd.so.1.5.7>
1428444 openat(AT_FDCWD</tmp/kernel-audit2-v3r63b5w/\346\261\202\350\247\243\345\231\250>, "/usr/lib/libm.so.6", O_RDONLY|O_CLOEXEC) = 3</usr/lib/libm.so.6>
1428444 openat(AT_FDCWD</tmp/kernel-audit2-v3r63b5w/\346\261\202\350\247\243\345\231\250>, "/usr/lib/libbrotlicommon.so.1", O_RDONLY|O_CLOEXEC) = 3</usr/lib/libbrotlicommon.so.1.2.0>
1428444 openat(AT_FDCWD</tmp/kernel-audit2-v3r63b5w/\346\261\202\350\247\243\345\231\250>, "/usr/lib/locale/locale-archive", O_RDONLY|O_CLOEXEC) = 3</usr/lib/locale/locale-archive>
1428444 openat(AT_FDCWD</tmp/kernel-audit2-v3r63b5w/\346\261\202\350\247\243\345\231\250>, "/usr/share/locale/locale.alias", O_RDONLY|O_CLOEXEC) = 3</usr/share/locale/locale.alias>
1428444 openat(AT_FDCWD</tmp/kernel-audit2-v3r63b5w/\346\261\202\350\247\243\345\231\250>, "/usr/lib/locale/C.UTF-8/LC_IDENTIFICATION", O_RDONLY|O_CLOEXEC) = -1 ENOENT (No such file or directory)
1428444 openat(AT_FDCWD</tmp/kernel-audit2-v3r63b5w/\346\261\202\350\247\243\345\231\250>, "/usr/lib/locale/C.utf8/LC_IDENTIFICATION", O_RDONLY|O_CLOEXEC) = 3</usr/lib/locale/C.utf8/LC_IDENTIFICATION>
1428444 openat(AT_FDCWD</tmp/kernel-audit2-v3r63b5w/\346\261\202\350\247\243\345\231\250>, "/usr/lib/gconv/gconv-modules.cache", O_RDONLY|O_CLOEXEC) = 3</usr/lib/gconv/gconv-modules.cache>
1428444 openat(AT_FDCWD</tmp/kernel-audit2-v3r63b5w/\346\261\202\350\247\243\345\231\250>, "/usr/lib/locale/C.UTF-8/LC_MEASUREMENT", O_RDONLY|O_CLOEXEC) = -1 ENOENT (No such file or directory)
1428444 openat(AT_FDCWD</tmp/kernel-audit2-v3r63b5w/\346\261\202\350\247\243\345\231\250>, "/usr/lib/locale/C.utf8/LC_MEASUREMENT", O_RDONLY|O_CLOEXEC) = 3</usr/lib/locale/C.utf8/LC_MEASUREMENT>
1428444 openat(AT_FDCWD</tmp/kernel-audit2-v3r63b5w/\346\261\202\350\247\243\345\231\250>, "/usr/lib/locale/C.UTF-8/LC_TELEPHONE", O_RDONLY|O_CLOEXEC) = -1 ENOENT (No such file or directory)
1428444 openat(AT_FDCWD</tmp/kernel-audit2-v3r63b5w/\346\261\202\350\247\243\345\231\250>, "/usr/lib/locale/C.utf8/LC_TELEPHONE", O_RDONLY|O_CLOEXEC) = 3</usr/lib/locale/C.utf8/LC_TELEPHONE>
1428444 openat(AT_FDCWD</tmp/kernel-audit2-v3r63b5w/\346\261\202\350\247\243\345\231\250>, "/usr/lib/locale/C.UTF-8/LC_ADDRESS", O_RDONLY|O_CLOEXEC) = -1 ENOENT (No such file or directory)
1428444 openat(AT_FDCWD</tmp/kernel-audit2-v3r63b5w/\346\261\202\350\247\243\345\231\250>, "/usr/lib/locale/C.utf8/LC_ADDRESS", O_RDONLY|O_CLOEXEC) = 3</usr/lib/locale/C.utf8/LC_ADDRESS>
1428444 openat(AT_FDCWD</tmp/kernel-audit2-v3r63b5w/\346\261\202\350\247\243\345\231\250>, "/usr/lib/locale/C.UTF-8/LC_NAME", O_RDONLY|O_CLOEXEC) = -1 ENOENT (No such file or directory)
1428444 openat(AT_FDCWD</tmp/kernel-audit2-v3r63b5w/\346\261\202\350\247\243\345\231\250>, "/usr/lib/locale/C.utf8/LC_NAME", O_RDONLY|O_CLOEXEC) = 3</usr/lib/locale/C.utf8/LC_NAME>
1428444 openat(AT_FDCWD</tmp/kernel-audit2-v3r63b5w/\346\261\202\350\247\243\345\231\250>, "/usr/lib/locale/C.UTF-8/LC_PAPER", O_RDONLY|O_CLOEXEC) = -1 ENOENT (No such file or directory)
1428444 openat(AT_FDCWD</tmp/kernel-audit2-v3r63b5w/\346\261\202\350\247\243\345\231\250>, "/usr/lib/locale/C.utf8/LC_PAPER", O_RDONLY|O_CLOEXEC) = 3</usr/lib/locale/C.utf8/LC_PAPER>
1428444 openat(AT_FDCWD</tmp/kernel-audit2-v3r63b5w/\346\261\202\350\247\243\345\231\250>, "/usr/lib/locale/C.UTF-8/LC_MESSAGES", O_RDONLY|O_CLOEXEC) = -1 ENOENT (No such file or directory)
1428444 openat(AT_FDCWD</tmp/kernel-audit2-v3r63b5w/\346\261\202\350\247\243\345\231\250>, "/usr/lib/locale/C.utf8/LC_MESSAGES", O_RDONLY|O_CLOEXEC) = 3</usr/lib/locale/C.utf8/LC_MESSAGES>
1428444 openat(AT_FDCWD</tmp/kernel-audit2-v3r63b5w/\346\261\202\350\247\243\345\231\250>, "/usr/lib/locale/C.utf8/LC_MESSAGES/SYS_LC_MESSAGES", O_RDONLY|O_CLOEXEC) = 3</usr/lib/locale/C.utf8/LC_MESSAGES/SYS_LC_MESSAGES>
1428444 openat(AT_FDCWD</tmp/kernel-audit2-v3r63b5w/\346\261\202\350\247\243\345\231\250>, "/usr/lib/locale/C.UTF-8/LC_MONETARY", O_RDONLY|O_CLOEXEC) = -1 ENOENT (No such file or directory)
1428444 openat(AT_FDCWD</tmp/kernel-audit2-v3r63b5w/\346\261\202\350\247\243\345\231\250>, "/usr/lib/locale/C.utf8/LC_MONETARY", O_RDONLY|O_CLOEXEC) = 3</usr/lib/locale/C.utf8/LC_MONETARY>
1428444 openat(AT_FDCWD</tmp/kernel-audit2-v3r63b5w/\346\261\202\350\247\243\345\231\250>, "/usr/lib/locale/C.UTF-8/LC_COLLATE", O_RDONLY|O_CLOEXEC) = -1 ENOENT (No such file or directory)
1428444 openat(AT_FDCWD</tmp/kernel-audit2-v3r63b5w/\346\261\202\350\247\243\345\231\250>, "/usr/lib/locale/C.utf8/LC_COLLATE", O_RDONLY|O_CLOEXEC) = 3</usr/lib/locale/C.utf8/LC_COLLATE>
1428444 openat(AT_FDCWD</tmp/kernel-audit2-v3r63b5w/\346\261\202\350\247\243\345\231\250>, "/usr/lib/locale/C.UTF-8/LC_TIME", O_RDONLY|O_CLOEXEC) = -1 ENOENT (No such file or directory)
1428444 openat(AT_FDCWD</tmp/kernel-audit2-v3r63b5w/\346\261\202\350\247\243\345\231\250>, "/usr/lib/locale/C.utf8/LC_TIME", O_RDONLY|O_CLOEXEC) = 3</usr/lib/locale/C.utf8/LC_TIME>
1428444 openat(AT_FDCWD</tmp/kernel-audit2-v3r63b5w/\346\261\202\350\247\243\345\231\250>, "/usr/lib/locale/C.UTF-8/LC_NUMERIC", O_RDONLY|O_CLOEXEC) = -1 ENOENT (No such file or directory)
1428444 openat(AT_FDCWD</tmp/kernel-audit2-v3r63b5w/\346\261\202\350\247\243\345\231\250>, "/usr/lib/locale/C.utf8/LC_NUMERIC", O_RDONLY|O_CLOEXEC) = 3</usr/lib/locale/C.utf8/LC_NUMERIC>
1428444 openat(AT_FDCWD</tmp/kernel-audit2-v3r63b5w/\346\261\202\350\247\243\345\231\250>, "/usr/lib/locale/C.UTF-8/LC_CTYPE", O_RDONLY|O_CLOEXEC) = -1 ENOENT (No such file or directory)
1428444 openat(AT_FDCWD</tmp/kernel-audit2-v3r63b5w/\346\261\202\350\247\243\345\231\250>, "/usr/lib/locale/C.utf8/LC_CTYPE", O_RDONLY|O_CLOEXEC) = 3</usr/lib/locale/C.utf8/LC_CTYPE>
1428444 openat(AT_FDCWD</tmp/kernel-audit2-v3r63b5w/\346\261\202\350\247\243\345\231\250>, "/tmp/kernel-audit2-v3r63b5w/\346\261\202\350\247\243\345\231\250/crates/kernel/src/main.rs", O_RDONLY) = 3</tmp/kernel-audit2-v3r63b5w/\346\261\202\350\247\243\345\231\250/crates/kernel/src/main.rs>
1428364 --- SIGCHLD {si_signo=SIGCHLD, si_code=CLD_EXITED, si_pid=1428444, si_uid=1000, si_status=0, si_utime=0, si_stime=0} ---
1428364 openat(AT_FDCWD</tmp/kernel-audit2-v3r63b5w/\346\261\202\350\247\243\345\231\250>, "/dev/null", O_RDONLY|O_CLOEXEC) = 3</dev/null<char 1:3>>
1428445 execve("/home/zhuran24/.codex/tmp/arg0/codex-arg0DuAZRy/sha256sum", ["sha256sum", "--", "/tmp/kernel-audit2-v3r63b5w/\346\261\202\350\247\243\345\231\250/Cargo.toml"], 0x7ffd72465138 /* 135 vars */) = -1 ENOENT (No such file or directory)
1428445 execve("/home/zhuran24/.cargo/bin/sha256sum", ["sha256sum", "--", "/tmp/kernel-audit2-v3r63b5w/\346\261\202\350\247\243\345\231\250/Cargo.toml"], 0x7ffd72465138 /* 135 vars */) = -1 ENOENT (No such file or directory)
1428445 execve("/home/zhuran24/.local/bin/sha256sum", ["sha256sum", "--", "/tmp/kernel-audit2-v3r63b5w/\346\261\202\350\247\243\345\231\250/Cargo.toml"], 0x7ffd72465138 /* 135 vars */) = -1 ENOENT (No such file or directory)
1428445 execve("/home/zhuran24/.opencode/bin/sha256sum", ["sha256sum", "--", "/tmp/kernel-audit2-v3r63b5w/\346\261\202\350\247\243\345\231\250/Cargo.toml"], 0x7ffd72465138 /* 135 vars */) = -1 ENOENT (No such file or directory)
1428445 execve("/usr/local/bin/sha256sum", ["sha256sum", "--", "/tmp/kernel-audit2-v3r63b5w/\346\261\202\350\247\243\345\231\250/Cargo.toml"], 0x7ffd72465138 /* 135 vars */) = -1 ENOENT (No such file or directory)
1428445 execve("/usr/bin/sha256sum", ["sha256sum", "--", "/tmp/kernel-audit2-v3r63b5w/\346\261\202\350\247\243\345\231\250/Cargo.toml"], 0x7ffd72465138 /* 135 vars */) = 0
1428445 openat(AT_FDCWD</tmp/kernel-audit2-v3r63b5w/\346\261\202\350\247\243\345\231\250>, "/etc/ld.so.cache", O_RDONLY|O_CLOEXEC) = 3</etc/ld.so.cache>
1428445 openat(AT_FDCWD</tmp/kernel-audit2-v3r63b5w/\346\261\202\350\247\243\345\231\250>, "/usr/lib/libcrypto.so.3", O_RDONLY|O_CLOEXEC) = 3</usr/lib/libcrypto.so.3>
1428445 openat(AT_FDCWD</tmp/kernel-audit2-v3r63b5w/\346\261\202\350\247\243\345\231\250>, "/usr/lib/libc.so.6", O_RDONLY|O_CLOEXEC) = 3</usr/lib/libc.so.6>
1428445 openat(AT_FDCWD</tmp/kernel-audit2-v3r63b5w/\346\261\202\350\247\243\345\231\250>, "/usr/lib/libz.so.1", O_RDONLY|O_CLOEXEC) = 3</usr/lib/libz.so.1.3.1.zlib-ng>
1428445 openat(AT_FDCWD</tmp/kernel-audit2-v3r63b5w/\346\261\202\350\247\243\345\231\250>, "/usr/lib/libbrotlienc.so.1", O_RDONLY|O_CLOEXEC) = 3</usr/lib/libbrotlienc.so.1.2.0>
1428445 openat(AT_FDCWD</tmp/kernel-audit2-v3r63b5w/\346\261\202\350\247\243\345\231\250>, "/usr/lib/libbrotlidec.so.1", O_RDONLY|O_CLOEXEC) = 3</usr/lib/libbrotlidec.so.1.2.0>
1428445 openat(AT_FDCWD</tmp/kernel-audit2-v3r63b5w/\346\261\202\350\247\243\345\231\250>, "/usr/lib/libzstd.so.1", O_RDONLY|O_CLOEXEC) = 3</usr/lib/libzstd.so.1.5.7>
1428445 openat(AT_FDCWD</tmp/kernel-audit2-v3r63b5w/\346\261\202\350\247\243\345\231\250>, "/usr/lib/libm.so.6", O_RDONLY|O_CLOEXEC) = 3</usr/lib/libm.so.6>
1428445 openat(AT_FDCWD</tmp/kernel-audit2-v3r63b5w/\346\261\202\350\247\243\345\231\250>, "/usr/lib/libbrotlicommon.so.1", O_RDONLY|O_CLOEXEC) = 3</usr/lib/libbrotlicommon.so.1.2.0>
1428445 openat(AT_FDCWD</tmp/kernel-audit2-v3r63b5w/\346\261\202\350\247\243\345\231\250>, "/usr/lib/locale/locale-archive", O_RDONLY|O_CLOEXEC) = 3</usr/lib/locale/locale-archive>
1428445 openat(AT_FDCWD</tmp/kernel-audit2-v3r63b5w/\346\261\202\350\247\243\345\231\250>, "/usr/share/locale/locale.alias", O_RDONLY|O_CLOEXEC) = 3</usr/share/locale/locale.alias>
1428445 openat(AT_FDCWD</tmp/kernel-audit2-v3r63b5w/\346\261\202\350\247\243\345\231\250>, "/usr/lib/locale/C.UTF-8/LC_IDENTIFICATION", O_RDONLY|O_CLOEXEC) = -1 ENOENT (No such file or directory)
1428445 openat(AT_FDCWD</tmp/kernel-audit2-v3r63b5w/\346\261\202\350\247\243\345\231\250>, "/usr/lib/locale/C.utf8/LC_IDENTIFICATION", O_RDONLY|O_CLOEXEC) = 3</usr/lib/locale/C.utf8/LC_IDENTIFICATION>
1428445 openat(AT_FDCWD</tmp/kernel-audit2-v3r63b5w/\346\261\202\350\247\243\345\231\250>, "/usr/lib/gconv/gconv-modules.cache", O_RDONLY|O_CLOEXEC) = 3</usr/lib/gconv/gconv-modules.cache>
1428445 openat(AT_FDCWD</tmp/kernel-audit2-v3r63b5w/\346\261\202\350\247\243\345\231\250>, "/usr/lib/locale/C.UTF-8/LC_MEASUREMENT", O_RDONLY|O_CLOEXEC) = -1 ENOENT (No such file or directory)
1428445 openat(AT_FDCWD</tmp/kernel-audit2-v3r63b5w/\346\261\202\350\247\243\345\231\250>, "/usr/lib/locale/C.utf8/LC_MEASUREMENT", O_RDONLY|O_CLOEXEC) = 3</usr/lib/locale/C.utf8/LC_MEASUREMENT>
1428445 openat(AT_FDCWD</tmp/kernel-audit2-v3r63b5w/\346\261\202\350\247\243\345\231\250>, "/usr/lib/locale/C.UTF-8/LC_TELEPHONE", O_RDONLY|O_CLOEXEC) = -1 ENOENT (No such file or directory)
1428445 openat(AT_FDCWD</tmp/kernel-audit2-v3r63b5w/\346\261\202\350\247\243\345\231\250>, "/usr/lib/locale/C.utf8/LC_TELEPHONE", O_RDONLY|O_CLOEXEC) = 3</usr/lib/locale/C.utf8/LC_TELEPHONE>
1428445 openat(AT_FDCWD</tmp/kernel-audit2-v3r63b5w/\346\261\202\350\247\243\345\231\250>, "/usr/lib/locale/C.UTF-8/LC_ADDRESS", O_RDONLY|O_CLOEXEC) = -1 ENOENT (No such file or directory)
1428445 openat(AT_FDCWD</tmp/kernel-audit2-v3r63b5w/\346\261\202\350\247\243\345\231\250>, "/usr/lib/locale/C.utf8/LC_ADDRESS", O_RDONLY|O_CLOEXEC) = 3</usr/lib/locale/C.utf8/LC_ADDRESS>
1428445 openat(AT_FDCWD</tmp/kernel-audit2-v3r63b5w/\346\261\202\350\247\243\345\231\250>, "/usr/lib/locale/C.UTF-8/LC_NAME", O_RDONLY|O_CLOEXEC) = -1 ENOENT (No such file or directory)
1428445 openat(AT_FDCWD</tmp/kernel-audit2-v3r63b5w/\346\261\202\350\247\243\345\231\250>, "/usr/lib/locale/C.utf8/LC_NAME", O_RDONLY|O_CLOEXEC) = 3</usr/lib/locale/C.utf8/LC_NAME>
1428445 openat(AT_FDCWD</tmp/kernel-audit2-v3r63b5w/\346\261\202\350\247\243\345\231\250>, "/usr/lib/locale/C.UTF-8/LC_PAPER", O_RDONLY|O_CLOEXEC) = -1 ENOENT (No such file or directory)
1428445 openat(AT_FDCWD</tmp/kernel-audit2-v3r63b5w/\346\261\202\350\247\243\345\231\250>, "/usr/lib/locale/C.utf8/LC_PAPER", O_RDONLY|O_CLOEXEC) = 3</usr/lib/locale/C.utf8/LC_PAPER>
1428445 openat(AT_FDCWD</tmp/kernel-audit2-v3r63b5w/\346\261\202\350\247\243\345\231\250>, "/usr/lib/locale/C.UTF-8/LC_MESSAGES", O_RDONLY|O_CLOEXEC) = -1 ENOENT (No such file or directory)
1428445 openat(AT_FDCWD</tmp/kernel-audit2-v3r63b5w/\346\261\202\350\247\243\345\231\250>, "/usr/lib/locale/C.utf8/LC_MESSAGES", O_RDONLY|O_CLOEXEC) = 3</usr/lib/locale/C.utf8/LC_MESSAGES>
1428445 openat(AT_FDCWD</tmp/kernel-audit2-v3r63b5w/\346\261\202\350\247\243\345\231\250>, "/usr/lib/locale/C.utf8/LC_MESSAGES/SYS_LC_MESSAGES", O_RDONLY|O_CLOEXEC) = 3</usr/lib/locale/C.utf8/LC_MESSAGES/SYS_LC_MESSAGES>
1428445 openat(AT_FDCWD</tmp/kernel-audit2-v3r63b5w/\346\261\202\350\247\243\345\231\250>, "/usr/lib/locale/C.UTF-8/LC_MONETARY", O_RDONLY|O_CLOEXEC) = -1 ENOENT (No such file or directory)
1428445 openat(AT_FDCWD</tmp/kernel-audit2-v3r63b5w/\346\261\202\350\247\243\345\231\250>, "/usr/lib/locale/C.utf8/LC_MONETARY", O_RDONLY|O_CLOEXEC) = 3</usr/lib/locale/C.utf8/LC_MONETARY>
1428445 openat(AT_FDCWD</tmp/kernel-audit2-v3r63b5w/\346\261\202\350\247\243\345\231\250>, "/usr/lib/locale/C.UTF-8/LC_COLLATE", O_RDONLY|O_CLOEXEC) = -1 ENOENT (No such file or directory)
1428445 openat(AT_FDCWD</tmp/kernel-audit2-v3r63b5w/\346\261\202\350\247\243\345\231\250>, "/usr/lib/locale/C.utf8/LC_COLLATE", O_RDONLY|O_CLOEXEC) = 3</usr/lib/locale/C.utf8/LC_COLLATE>
1428445 openat(AT_FDCWD</tmp/kernel-audit2-v3r63b5w/\346\261\202\350\247\243\345\231\250>, "/usr/lib/locale/C.UTF-8/LC_TIME", O_RDONLY|O_CLOEXEC) = -1 ENOENT (No such file or directory)
1428445 openat(AT_FDCWD</tmp/kernel-audit2-v3r63b5w/\346\261\202\350\247\243\345\231\250>, "/usr/lib/locale/C.utf8/LC_TIME", O_RDONLY|O_CLOEXEC) = 3</usr/lib/locale/C.utf8/LC_TIME>
1428445 openat(AT_FDCWD</tmp/kernel-audit2-v3r63b5w/\346\261\202\350\247\243\345\231\250>, "/usr/lib/locale/C.UTF-8/LC_NUMERIC", O_RDONLY|O_CLOEXEC) = -1 ENOENT (No such file or directory)
1428445 openat(AT_FDCWD</tmp/kernel-audit2-v3r63b5w/\346\261\202\350\247\243\345\231\250>, "/usr/lib/locale/C.utf8/LC_NUMERIC", O_RDONLY|O_CLOEXEC) = 3</usr/lib/locale/C.utf8/LC_NUMERIC>
1428445 openat(AT_FDCWD</tmp/kernel-audit2-v3r63b5w/\346\261\202\350\247\243\345\231\250>, "/usr/lib/locale/C.UTF-8/LC_CTYPE", O_RDONLY|O_CLOEXEC) = -1 ENOENT (No such file or directory)
1428445 openat(AT_FDCWD</tmp/kernel-audit2-v3r63b5w/\346\261\202\350\247\243\345\231\250>, "/usr/lib/locale/C.utf8/LC_CTYPE", O_RDONLY|O_CLOEXEC) = 3</usr/lib/locale/C.utf8/LC_CTYPE>
1428445 openat(AT_FDCWD</tmp/kernel-audit2-v3r63b5w/\346\261\202\350\247\243\345\231\250>, "/tmp/kernel-audit2-v3r63b5w/\346\261\202\350\247\243\345\231\250/Cargo.toml", O_RDONLY) = 3</tmp/kernel-audit2-v3r63b5w/\346\261\202\350\247\243\345\231\250/Cargo.toml>
1428364 --- SIGCHLD {si_signo=SIGCHLD, si_code=CLD_EXITED, si_pid=1428445, si_uid=1000, si_status=0, si_utime=0, si_stime=0} ---
1428364 openat(AT_FDCWD</tmp/kernel-audit2-v3r63b5w/\346\261\202\350\247\243\345\231\250>, "/dev/null", O_RDONLY|O_CLOEXEC) = 3</dev/null<char 1:3>>
1428446 execve("/home/zhuran24/.codex/tmp/arg0/codex-arg0DuAZRy/sha256sum", ["sha256sum", "--", "/tmp/kernel-audit2-v3r63b5w/\346\261\202\350\247\243\345\231\250/Cargo.lock"], 0x7ffd72465138 /* 135 vars */) = -1 ENOENT (No such file or directory)
1428446 execve("/home/zhuran24/.cargo/bin/sha256sum", ["sha256sum", "--", "/tmp/kernel-audit2-v3r63b5w/\346\261\202\350\247\243\345\231\250/Cargo.lock"], 0x7ffd72465138 /* 135 vars */) = -1 ENOENT (No such file or directory)
1428446 execve("/home/zhuran24/.local/bin/sha256sum", ["sha256sum", "--", "/tmp/kernel-audit2-v3r63b5w/\346\261\202\350\247\243\345\231\250/Cargo.lock"], 0x7ffd72465138 /* 135 vars */) = -1 ENOENT (No such file or directory)
1428446 execve("/home/zhuran24/.opencode/bin/sha256sum", ["sha256sum", "--", "/tmp/kernel-audit2-v3r63b5w/\346\261\202\350\247\243\345\231\250/Cargo.lock"], 0x7ffd72465138 /* 135 vars */) = -1 ENOENT (No such file or directory)
1428446 execve("/usr/local/bin/sha256sum", ["sha256sum", "--", "/tmp/kernel-audit2-v3r63b5w/\346\261\202\350\247\243\345\231\250/Cargo.lock"], 0x7ffd72465138 /* 135 vars */) = -1 ENOENT (No such file or directory)
1428446 execve("/usr/bin/sha256sum", ["sha256sum", "--", "/tmp/kernel-audit2-v3r63b5w/\346\261\202\350\247\243\345\231\250/Cargo.lock"], 0x7ffd72465138 /* 135 vars */) = 0
1428446 openat(AT_FDCWD</tmp/kernel-audit2-v3r63b5w/\346\261\202\350\247\243\345\231\250>, "/etc/ld.so.cache", O_RDONLY|O_CLOEXEC) = 3</etc/ld.so.cache>
1428446 openat(AT_FDCWD</tmp/kernel-audit2-v3r63b5w/\346\261\202\350\247\243\345\231\250>, "/usr/lib/libcrypto.so.3", O_RDONLY|O_CLOEXEC) = 3</usr/lib/libcrypto.so.3>
1428446 openat(AT_FDCWD</tmp/kernel-audit2-v3r63b5w/\346\261\202\350\247\243\345\231\250>, "/usr/lib/libc.so.6", O_RDONLY|O_CLOEXEC) = 3</usr/lib/libc.so.6>
1428446 openat(AT_FDCWD</tmp/kernel-audit2-v3r63b5w/\346\261\202\350\247\243\345\231\250>, "/usr/lib/libz.so.1", O_RDONLY|O_CLOEXEC) = 3</usr/lib/libz.so.1.3.1.zlib-ng>
1428446 openat(AT_FDCWD</tmp/kernel-audit2-v3r63b5w/\346\261\202\350\247\243\345\231\250>, "/usr/lib/libbrotlienc.so.1", O_RDONLY|O_CLOEXEC) = 3</usr/lib/libbrotlienc.so.1.2.0>
1428446 openat(AT_FDCWD</tmp/kernel-audit2-v3r63b5w/\346\261\202\350\247\243\345\231\250>, "/usr/lib/libbrotlidec.so.1", O_RDONLY|O_CLOEXEC) = 3</usr/lib/libbrotlidec.so.1.2.0>
1428446 openat(AT_FDCWD</tmp/kernel-audit2-v3r63b5w/\346\261\202\350\247\243\345\231\250>, "/usr/lib/libzstd.so.1", O_RDONLY|O_CLOEXEC) = 3</usr/lib/libzstd.so.1.5.7>
1428446 openat(AT_FDCWD</tmp/kernel-audit2-v3r63b5w/\346\261\202\350\247\243\345\231\250>, "/usr/lib/libm.so.6", O_RDONLY|O_CLOEXEC) = 3</usr/lib/libm.so.6>
1428446 openat(AT_FDCWD</tmp/kernel-audit2-v3r63b5w/\346\261\202\350\247\243\345\231\250>, "/usr/lib/libbrotlicommon.so.1", O_RDONLY|O_CLOEXEC) = 3</usr/lib/libbrotlicommon.so.1.2.0>
1428446 openat(AT_FDCWD</tmp/kernel-audit2-v3r63b5w/\346\261\202\350\247\243\345\231\250>, "/usr/lib/locale/locale-archive", O_RDONLY|O_CLOEXEC) = 3</usr/lib/locale/locale-archive>
1428446 openat(AT_FDCWD</tmp/kernel-audit2-v3r63b5w/\346\261\202\350\247\243\345\231\250>, "/usr/share/locale/locale.alias", O_RDONLY|O_CLOEXEC) = 3</usr/share/locale/locale.alias>
1428446 openat(AT_FDCWD</tmp/kernel-audit2-v3r63b5w/\346\261\202\350\247\243\345\231\250>, "/usr/lib/locale/C.UTF-8/LC_IDENTIFICATION", O_RDONLY|O_CLOEXEC) = -1 ENOENT (No such file or directory)
1428446 openat(AT_FDCWD</tmp/kernel-audit2-v3r63b5w/\346\261\202\350\247\243\345\231\250>, "/usr/lib/locale/C.utf8/LC_IDENTIFICATION", O_RDONLY|O_CLOEXEC) = 3</usr/lib/locale/C.utf8/LC_IDENTIFICATION>
1428446 openat(AT_FDCWD</tmp/kernel-audit2-v3r63b5w/\346\261\202\350\247\243\345\231\250>, "/usr/lib/gconv/gconv-modules.cache", O_RDONLY|O_CLOEXEC) = 3</usr/lib/gconv/gconv-modules.cache>
1428446 openat(AT_FDCWD</tmp/kernel-audit2-v3r63b5w/\346\261\202\350\247\243\345\231\250>, "/usr/lib/locale/C.UTF-8/LC_MEASUREMENT", O_RDONLY|O_CLOEXEC) = -1 ENOENT (No such file or directory)
1428446 openat(AT_FDCWD</tmp/kernel-audit2-v3r63b5w/\346\261\202\350\247\243\345\231\250>, "/usr/lib/locale/C.utf8/LC_MEASUREMENT", O_RDONLY|O_CLOEXEC) = 3</usr/lib/locale/C.utf8/LC_MEASUREMENT>
1428446 openat(AT_FDCWD</tmp/kernel-audit2-v3r63b5w/\346\261\202\350\247\243\345\231\250>, "/usr/lib/locale/C.UTF-8/LC_TELEPHONE", O_RDONLY|O_CLOEXEC) = -1 ENOENT (No such file or directory)
1428446 openat(AT_FDCWD</tmp/kernel-audit2-v3r63b5w/\346\261\202\350\247\243\345\231\250>, "/usr/lib/locale/C.utf8/LC_TELEPHONE", O_RDONLY|O_CLOEXEC) = 3</usr/lib/locale/C.utf8/LC_TELEPHONE>
1428446 openat(AT_FDCWD</tmp/kernel-audit2-v3r63b5w/\346\261\202\350\247\243\345\231\250>, "/usr/lib/locale/C.UTF-8/LC_ADDRESS", O_RDONLY|O_CLOEXEC) = -1 ENOENT (No such file or directory)
1428446 openat(AT_FDCWD</tmp/kernel-audit2-v3r63b5w/\346\261\202\350\247\243\345\231\250>, "/usr/lib/locale/C.utf8/LC_ADDRESS", O_RDONLY|O_CLOEXEC) = 3</usr/lib/locale/C.utf8/LC_ADDRESS>
1428446 openat(AT_FDCWD</tmp/kernel-audit2-v3r63b5w/\346\261\202\350\247\243\345\231\250>, "/usr/lib/locale/C.UTF-8/LC_NAME", O_RDONLY|O_CLOEXEC) = -1 ENOENT (No such file or directory)
1428446 openat(AT_FDCWD</tmp/kernel-audit2-v3r63b5w/\346\261\202\350\247\243\345\231\250>, "/usr/lib/locale/C.utf8/LC_NAME", O_RDONLY|O_CLOEXEC) = 3</usr/lib/locale/C.utf8/LC_NAME>
1428446 openat(AT_FDCWD</tmp/kernel-audit2-v3r63b5w/\346\261\202\350\247\243\345\231\250>, "/usr/lib/locale/C.UTF-8/LC_PAPER", O_RDONLY|O_CLOEXEC) = -1 ENOENT (No such file or directory)
1428446 openat(AT_FDCWD</tmp/kernel-audit2-v3r63b5w/\346\261\202\350\247\243\345\231\250>, "/usr/lib/locale/C.utf8/LC_PAPER", O_RDONLY|O_CLOEXEC) = 3</usr/lib/locale/C.utf8/LC_PAPER>
1428446 openat(AT_FDCWD</tmp/kernel-audit2-v3r63b5w/\346\261\202\350\247\243\345\231\250>, "/usr/lib/locale/C.UTF-8/LC_MESSAGES", O_RDONLY|O_CLOEXEC) = -1 ENOENT (No such file or directory)
1428446 openat(AT_FDCWD</tmp/kernel-audit2-v3r63b5w/\346\261\202\350\247\243\345\231\250>, "/usr/lib/locale/C.utf8/LC_MESSAGES", O_RDONLY|O_CLOEXEC) = 3</usr/lib/locale/C.utf8/LC_MESSAGES>
1428446 openat(AT_FDCWD</tmp/kernel-audit2-v3r63b5w/\346\261\202\350\247\243\345\231\250>, "/usr/lib/locale/C.utf8/LC_MESSAGES/SYS_LC_MESSAGES", O_RDONLY|O_CLOEXEC) = 3</usr/lib/locale/C.utf8/LC_MESSAGES/SYS_LC_MESSAGES>
1428446 openat(AT_FDCWD</tmp/kernel-audit2-v3r63b5w/\346\261\202\350\247\243\345\231\250>, "/usr/lib/locale/C.UTF-8/LC_MONETARY", O_RDONLY|O_CLOEXEC) = -1 ENOENT (No such file or directory)
1428446 openat(AT_FDCWD</tmp/kernel-audit2-v3r63b5w/\346\261\202\350\247\243\345\231\250>, "/usr/lib/locale/C.utf8/LC_MONETARY", O_RDONLY|O_CLOEXEC) = 3</usr/lib/locale/C.utf8/LC_MONETARY>
1428446 openat(AT_FDCWD</tmp/kernel-audit2-v3r63b5w/\346\261\202\350\247\243\345\231\250>, "/usr/lib/locale/C.UTF-8/LC_COLLATE", O_RDONLY|O_CLOEXEC) = -1 ENOENT (No such file or directory)
1428446 openat(AT_FDCWD</tmp/kernel-audit2-v3r63b5w/\346\261\202\350\247\243\345\231\250>, "/usr/lib/locale/C.utf8/LC_COLLATE", O_RDONLY|O_CLOEXEC) = 3</usr/lib/locale/C.utf8/LC_COLLATE>
1428446 openat(AT_FDCWD</tmp/kernel-audit2-v3r63b5w/\346\261\202\350\247\243\345\231\250>, "/usr/lib/locale/C.UTF-8/LC_TIME", O_RDONLY|O_CLOEXEC) = -1 ENOENT (No such file or directory)
1428446 openat(AT_FDCWD</tmp/kernel-audit2-v3r63b5w/\346\261\202\350\247\243\345\231\250>, "/usr/lib/locale/C.utf8/LC_TIME", O_RDONLY|O_CLOEXEC) = 3</usr/lib/locale/C.utf8/LC_TIME>
1428446 openat(AT_FDCWD</tmp/kernel-audit2-v3r63b5w/\346\261\202\350\247\243\345\231\250>, "/usr/lib/locale/C.UTF-8/LC_NUMERIC", O_RDONLY|O_CLOEXEC) = -1 ENOENT (No such file or directory)
1428446 openat(AT_FDCWD</tmp/kernel-audit2-v3r63b5w/\346\261\202\350\247\243\345\231\250>, "/usr/lib/locale/C.utf8/LC_NUMERIC", O_RDONLY|O_CLOEXEC) = 3</usr/lib/locale/C.utf8/LC_NUMERIC>
1428446 openat(AT_FDCWD</tmp/kernel-audit2-v3r63b5w/\346\261\202\350\247\243\345\231\250>, "/usr/lib/locale/C.UTF-8/LC_CTYPE", O_RDONLY|O_CLOEXEC) = -1 ENOENT (No such file or directory)
1428446 openat(AT_FDCWD</tmp/kernel-audit2-v3r63b5w/\346\261\202\350\247\243\345\231\250>, "/usr/lib/locale/C.utf8/LC_CTYPE", O_RDONLY|O_CLOEXEC) = 3</usr/lib/locale/C.utf8/LC_CTYPE>
1428446 openat(AT_FDCWD</tmp/kernel-audit2-v3r63b5w/\346\261\202\350\247\243\345\231\250>, "/tmp/kernel-audit2-v3r63b5w/\346\261\202\350\247\243\345\231\250/Cargo.lock", O_RDONLY) = 3</tmp/kernel-audit2-v3r63b5w/\346\261\202\350\247\243\345\231\250/Cargo.lock>
1428364 --- SIGCHLD {si_signo=SIGCHLD, si_code=CLD_EXITED, si_pid=1428446, si_uid=1000, si_status=0, si_utime=0, si_stime=0} ---
1428364 openat(AT_FDCWD</tmp/kernel-audit2-v3r63b5w/\346\261\202\350\247\243\345\231\250>, "/dev/null", O_RDONLY|O_CLOEXEC) = 3</dev/null<char 1:3>>
1428447 execve("/home/zhuran24/.codex/tmp/arg0/codex-arg0DuAZRy/sha256sum", ["sha256sum", "--", "/tmp/kernel-audit2-v3r63b5w/\346\261\202\350\247\243\345\231\250/crates/kernel/Cargo.toml"], 0x7ffd72465138 /* 135 vars */) = -1 ENOENT (No such file or directory)
1428447 execve("/home/zhuran24/.cargo/bin/sha256sum", ["sha256sum", "--", "/tmp/kernel-audit2-v3r63b5w/\346\261\202\350\247\243\345\231\250/crates/kernel/Cargo.toml"], 0x7ffd72465138 /* 135 vars */) = -1 ENOENT (No such file or directory)
1428447 execve("/home/zhuran24/.local/bin/sha256sum", ["sha256sum", "--", "/tmp/kernel-audit2-v3r63b5w/\346\261\202\350\247\243\345\231\250/crates/kernel/Cargo.toml"], 0x7ffd72465138 /* 135 vars */) = -1 ENOENT (No such file or directory)
1428447 execve("/home/zhuran24/.opencode/bin/sha256sum", ["sha256sum", "--", "/tmp/kernel-audit2-v3r63b5w/\346\261\202\350\247\243\345\231\250/crates/kernel/Cargo.toml"], 0x7ffd72465138 /* 135 vars */) = -1 ENOENT (No such file or directory)
1428447 execve("/usr/local/bin/sha256sum", ["sha256sum", "--", "/tmp/kernel-audit2-v3r63b5w/\346\261\202\350\247\243\345\231\250/crates/kernel/Cargo.toml"], 0x7ffd72465138 /* 135 vars */) = -1 ENOENT (No such file or directory)
1428447 execve("/usr/bin/sha256sum", ["sha256sum", "--", "/tmp/kernel-audit2-v3r63b5w/\346\261\202\350\247\243\345\231\250/crates/kernel/Cargo.toml"], 0x7ffd72465138 /* 135 vars */) = 0
1428447 openat(AT_FDCWD</tmp/kernel-audit2-v3r63b5w/\346\261\202\350\247\243\345\231\250>, "/etc/ld.so.cache", O_RDONLY|O_CLOEXEC) = 3</etc/ld.so.cache>
1428447 openat(AT_FDCWD</tmp/kernel-audit2-v3r63b5w/\346\261\202\350\247\243\345\231\250>, "/usr/lib/libcrypto.so.3", O_RDONLY|O_CLOEXEC) = 3</usr/lib/libcrypto.so.3>
1428447 openat(AT_FDCWD</tmp/kernel-audit2-v3r63b5w/\346\261\202\350\247\243\345\231\250>, "/usr/lib/libc.so.6", O_RDONLY|O_CLOEXEC) = 3</usr/lib/libc.so.6>
1428447 openat(AT_FDCWD</tmp/kernel-audit2-v3r63b5w/\346\261\202\350\247\243\345\231\250>, "/usr/lib/libz.so.1", O_RDONLY|O_CLOEXEC) = 3</usr/lib/libz.so.1.3.1.zlib-ng>
1428447 openat(AT_FDCWD</tmp/kernel-audit2-v3r63b5w/\346\261\202\350\247\243\345\231\250>, "/usr/lib/libbrotlienc.so.1", O_RDONLY|O_CLOEXEC) = 3</usr/lib/libbrotlienc.so.1.2.0>
1428447 openat(AT_FDCWD</tmp/kernel-audit2-v3r63b5w/\346\261\202\350\247\243\345\231\250>, "/usr/lib/libbrotlidec.so.1", O_RDONLY|O_CLOEXEC) = 3</usr/lib/libbrotlidec.so.1.2.0>
1428447 openat(AT_FDCWD</tmp/kernel-audit2-v3r63b5w/\346\261\202\350\247\243\345\231\250>, "/usr/lib/libzstd.so.1", O_RDONLY|O_CLOEXEC) = 3</usr/lib/libzstd.so.1.5.7>
1428447 openat(AT_FDCWD</tmp/kernel-audit2-v3r63b5w/\346\261\202\350\247\243\345\231\250>, "/usr/lib/libm.so.6", O_RDONLY|O_CLOEXEC) = 3</usr/lib/libm.so.6>
1428447 openat(AT_FDCWD</tmp/kernel-audit2-v3r63b5w/\346\261\202\350\247\243\345\231\250>, "/usr/lib/libbrotlicommon.so.1", O_RDONLY|O_CLOEXEC) = 3</usr/lib/libbrotlicommon.so.1.2.0>
1428447 openat(AT_FDCWD</tmp/kernel-audit2-v3r63b5w/\346\261\202\350\247\243\345\231\250>, "/usr/lib/locale/locale-archive", O_RDONLY|O_CLOEXEC) = 3</usr/lib/locale/locale-archive>
1428447 openat(AT_FDCWD</tmp/kernel-audit2-v3r63b5w/\346\261\202\350\247\243\345\231\250>, "/usr/share/locale/locale.alias", O_RDONLY|O_CLOEXEC) = 3</usr/share/locale/locale.alias>
1428447 openat(AT_FDCWD</tmp/kernel-audit2-v3r63b5w/\346\261\202\350\247\243\345\231\250>, "/usr/lib/locale/C.UTF-8/LC_IDENTIFICATION", O_RDONLY|O_CLOEXEC) = -1 ENOENT (No such file or directory)
1428447 openat(AT_FDCWD</tmp/kernel-audit2-v3r63b5w/\346\261\202\350\247\243\345\231\250>, "/usr/lib/locale/C.utf8/LC_IDENTIFICATION", O_RDONLY|O_CLOEXEC) = 3</usr/lib/locale/C.utf8/LC_IDENTIFICATION>
1428447 openat(AT_FDCWD</tmp/kernel-audit2-v3r63b5w/\346\261\202\350\247\243\345\231\250>, "/usr/lib/gconv/gconv-modules.cache", O_RDONLY|O_CLOEXEC) = 3</usr/lib/gconv/gconv-modules.cache>
1428447 openat(AT_FDCWD</tmp/kernel-audit2-v3r63b5w/\346\261\202\350\247\243\345\231\250>, "/usr/lib/locale/C.UTF-8/LC_MEASUREMENT", O_RDONLY|O_CLOEXEC) = -1 ENOENT (No such file or directory)
1428447 openat(AT_FDCWD</tmp/kernel-audit2-v3r63b5w/\346\261\202\350\247\243\345\231\250>, "/usr/lib/locale/C.utf8/LC_MEASUREMENT", O_RDONLY|O_CLOEXEC) = 3</usr/lib/locale/C.utf8/LC_MEASUREMENT>
1428447 openat(AT_FDCWD</tmp/kernel-audit2-v3r63b5w/\346\261\202\350\247\243\345\231\250>, "/usr/lib/locale/C.UTF-8/LC_TELEPHONE", O_RDONLY|O_CLOEXEC) = -1 ENOENT (No such file or directory)
1428447 openat(AT_FDCWD</tmp/kernel-audit2-v3r63b5w/\346\261\202\350\247\243\345\231\250>, "/usr/lib/locale/C.utf8/LC_TELEPHONE", O_RDONLY|O_CLOEXEC) = 3</usr/lib/locale/C.utf8/LC_TELEPHONE>
1428447 openat(AT_FDCWD</tmp/kernel-audit2-v3r63b5w/\346\261\202\350\247\243\345\231\250>, "/usr/lib/locale/C.UTF-8/LC_ADDRESS", O_RDONLY|O_CLOEXEC) = -1 ENOENT (No such file or directory)
1428447 openat(AT_FDCWD</tmp/kernel-audit2-v3r63b5w/\346\261\202\350\247\243\345\231\250>, "/usr/lib/locale/C.utf8/LC_ADDRESS", O_RDONLY|O_CLOEXEC) = 3</usr/lib/locale/C.utf8/LC_ADDRESS>
1428447 openat(AT_FDCWD</tmp/kernel-audit2-v3r63b5w/\346\261\202\350\247\243\345\231\250>, "/usr/lib/locale/C.UTF-8/LC_NAME", O_RDONLY|O_CLOEXEC) = -1 ENOENT (No such file or directory)
1428447 openat(AT_FDCWD</tmp/kernel-audit2-v3r63b5w/\346\261\202\350\247\243\345\231\250>, "/usr/lib/locale/C.utf8/LC_NAME", O_RDONLY|O_CLOEXEC) = 3</usr/lib/locale/C.utf8/LC_NAME>
1428447 openat(AT_FDCWD</tmp/kernel-audit2-v3r63b5w/\346\261\202\350\247\243\345\231\250>, "/usr/lib/locale/C.UTF-8/LC_PAPER", O_RDONLY|O_CLOEXEC) = -1 ENOENT (No such file or directory)
1428447 openat(AT_FDCWD</tmp/kernel-audit2-v3r63b5w/\346\261\202\350\247\243\345\231\250>, "/usr/lib/locale/C.utf8/LC_PAPER", O_RDONLY|O_CLOEXEC) = 3</usr/lib/locale/C.utf8/LC_PAPER>
1428447 openat(AT_FDCWD</tmp/kernel-audit2-v3r63b5w/\346\261\202\350\247\243\345\231\250>, "/usr/lib/locale/C.UTF-8/LC_MESSAGES", O_RDONLY|O_CLOEXEC) = -1 ENOENT (No such file or directory)
1428447 openat(AT_FDCWD</tmp/kernel-audit2-v3r63b5w/\346\261\202\350\247\243\345\231\250>, "/usr/lib/locale/C.utf8/LC_MESSAGES", O_RDONLY|O_CLOEXEC) = 3</usr/lib/locale/C.utf8/LC_MESSAGES>
1428447 openat(AT_FDCWD</tmp/kernel-audit2-v3r63b5w/\346\261\202\350\247\243\345\231\250>, "/usr/lib/locale/C.utf8/LC_MESSAGES/SYS_LC_MESSAGES", O_RDONLY|O_CLOEXEC) = 3</usr/lib/locale/C.utf8/LC_MESSAGES/SYS_LC_MESSAGES>
1428447 openat(AT_FDCWD</tmp/kernel-audit2-v3r63b5w/\346\261\202\350\247\243\345\231\250>, "/usr/lib/locale/C.UTF-8/LC_MONETARY", O_RDONLY|O_CLOEXEC) = -1 ENOENT (No such file or directory)
1428447 openat(AT_FDCWD</tmp/kernel-audit2-v3r63b5w/\346\261\202\350\247\243\345\231\250>, "/usr/lib/locale/C.utf8/LC_MONETARY", O_RDONLY|O_CLOEXEC) = 3</usr/lib/locale/C.utf8/LC_MONETARY>
1428447 openat(AT_FDCWD</tmp/kernel-audit2-v3r63b5w/\346\261\202\350\247\243\345\231\250>, "/usr/lib/locale/C.UTF-8/LC_COLLATE", O_RDONLY|O_CLOEXEC) = -1 ENOENT (No such file or directory)
1428447 openat(AT_FDCWD</tmp/kernel-audit2-v3r63b5w/\346\261\202\350\247\243\345\231\250>, "/usr/lib/locale/C.utf8/LC_COLLATE", O_RDONLY|O_CLOEXEC) = 3</usr/lib/locale/C.utf8/LC_COLLATE>
1428447 openat(AT_FDCWD</tmp/kernel-audit2-v3r63b5w/\346\261\202\350\247\243\345\231\250>, "/usr/lib/locale/C.UTF-8/LC_TIME", O_RDONLY|O_CLOEXEC) = -1 ENOENT (No such file or directory)
1428447 openat(AT_FDCWD</tmp/kernel-audit2-v3r63b5w/\346\261\202\350\247\243\345\231\250>, "/usr/lib/locale/C.utf8/LC_TIME", O_RDONLY|O_CLOEXEC) = 3</usr/lib/locale/C.utf8/LC_TIME>
1428447 openat(AT_FDCWD</tmp/kernel-audit2-v3r63b5w/\346\261\202\350\247\243\345\231\250>, "/usr/lib/locale/C.UTF-8/LC_NUMERIC", O_RDONLY|O_CLOEXEC) = -1 ENOENT (No such file or directory)
1428447 openat(AT_FDCWD</tmp/kernel-audit2-v3r63b5w/\346\261\202\350\247\243\345\231\250>, "/usr/lib/locale/C.utf8/LC_NUMERIC", O_RDONLY|O_CLOEXEC) = 3</usr/lib/locale/C.utf8/LC_NUMERIC>
1428447 openat(AT_FDCWD</tmp/kernel-audit2-v3r63b5w/\346\261\202\350\247\243\345\231\250>, "/usr/lib/locale/C.UTF-8/LC_CTYPE", O_RDONLY|O_CLOEXEC) = -1 ENOENT (No such file or directory)
1428447 openat(AT_FDCWD</tmp/kernel-audit2-v3r63b5w/\346\261\202\350\247\243\345\231\250>, "/usr/lib/locale/C.utf8/LC_CTYPE", O_RDONLY|O_CLOEXEC) = 3</usr/lib/locale/C.utf8/LC_CTYPE>
1428447 openat(AT_FDCWD</tmp/kernel-audit2-v3r63b5w/\346\261\202\350\247\243\345\231\250>, "/tmp/kernel-audit2-v3r63b5w/\346\261\202\350\247\243\345\231\250/crates/kernel/Cargo.toml", O_RDONLY) = 3</tmp/kernel-audit2-v3r63b5w/\346\261\202\350\247\243\345\231\250/crates/kernel/Cargo.toml>
1428364 --- SIGCHLD {si_signo=SIGCHLD, si_code=CLD_EXITED, si_pid=1428447, si_uid=1000, si_status=0, si_utime=0, si_stime=0} ---
1428364 openat(AT_FDCWD</tmp/kernel-audit2-v3r63b5w/\346\261\202\350\247\243\345\231\250>, "/home/zhuran24/zmd-research-fresh/\346\261\202\350\247\243\345\231\250/target/health-capture/audit2-1422118/cases/cycle-found-referenced/batch/cycle-found.record.json", O_WRONLY|O_CREAT|O_TRUNC|O_CLOEXEC, 0666) = 3</home/zhuran24/zmd-research-fresh/\346\261\202\350\247\243\345\231\250/target/health-capture/audit2-1422118/cases/cycle-found-referenced/batch/cycle-found.record.json>
1428364 openat(AT_FDCWD</tmp/kernel-audit2-v3r63b5w/\346\261\202\350\247\243\345\231\250>, "/dev/null", O_RDONLY|O_CLOEXEC) = 3</dev/null<char 1:3>>
1428448 execve("/home/zhuran24/.codex/tmp/arg0/codex-arg0DuAZRy/sha256sum", ["sha256sum", "--", "/home/zhuran24/zmd-research-fresh/\346\261\202\350\247\243\345\231\250/target/health-capture/audit2-1422118/cases/cycle-found-referenced/batch/cycle-found.record.json"], 0x7ffd72465138 /* 135 vars */) = -1 ENOENT (No such file or directory)
1428448 execve("/home/zhuran24/.cargo/bin/sha256sum", ["sha256sum", "--", "/home/zhuran24/zmd-research-fresh/\346\261\202\350\247\243\345\231\250/target/health-capture/audit2-1422118/cases/cycle-found-referenced/batch/cycle-found.record.json"], 0x7ffd72465138 /* 135 vars */) = -1 ENOENT (No such file or directory)
1428448 execve("/home/zhuran24/.local/bin/sha256sum", ["sha256sum", "--", "/home/zhuran24/zmd-research-fresh/\346\261\202\350\247\243\345\231\250/target/health-capture/audit2-1422118/cases/cycle-found-referenced/batch/cycle-found.record.json"], 0x7ffd72465138 /* 135 vars */) = -1 ENOENT (No such file or directory)
1428448 execve("/home/zhuran24/.opencode/bin/sha256sum", ["sha256sum", "--", "/home/zhuran24/zmd-research-fresh/\346\261\202\350\247\243\345\231\250/target/health-capture/audit2-1422118/cases/cycle-found-referenced/batch/cycle-found.record.json"], 0x7ffd72465138 /* 135 vars */) = -1 ENOENT (No such file or directory)
1428448 execve("/usr/local/bin/sha256sum", ["sha256sum", "--", "/home/zhuran24/zmd-research-fresh/\346\261\202\350\247\243\345\231\250/target/health-capture/audit2-1422118/cases/cycle-found-referenced/batch/cycle-found.record.json"], 0x7ffd72465138 /* 135 vars */) = -1 ENOENT (No such file or directory)
1428448 execve("/usr/bin/sha256sum", ["sha256sum", "--", "/home/zhuran24/zmd-research-fresh/\346\261\202\350\247\243\345\231\250/target/health-capture/audit2-1422118/cases/cycle-found-referenced/batch/cycle-found.record.json"], 0x7ffd72465138 /* 135 vars */) = 0
1428448 openat(AT_FDCWD</tmp/kernel-audit2-v3r63b5w/\346\261\202\350\247\243\345\231\250>, "/etc/ld.so.cache", O_RDONLY|O_CLOEXEC) = 3</etc/ld.so.cache>
1428448 openat(AT_FDCWD</tmp/kernel-audit2-v3r63b5w/\346\261\202\350\247\243\345\231\250>, "/usr/lib/libcrypto.so.3", O_RDONLY|O_CLOEXEC) = 3</usr/lib/libcrypto.so.3>
1428448 openat(AT_FDCWD</tmp/kernel-audit2-v3r63b5w/\346\261\202\350\247\243\345\231\250>, "/usr/lib/libc.so.6", O_RDONLY|O_CLOEXEC) = 3</usr/lib/libc.so.6>
1428448 openat(AT_FDCWD</tmp/kernel-audit2-v3r63b5w/\346\261\202\350\247\243\345\231\250>, "/usr/lib/libz.so.1", O_RDONLY|O_CLOEXEC) = 3</usr/lib/libz.so.1.3.1.zlib-ng>
1428448 openat(AT_FDCWD</tmp/kernel-audit2-v3r63b5w/\346\261\202\350\247\243\345\231\250>, "/usr/lib/libbrotlienc.so.1", O_RDONLY|O_CLOEXEC) = 3</usr/lib/libbrotlienc.so.1.2.0>
1428448 openat(AT_FDCWD</tmp/kernel-audit2-v3r63b5w/\346\261\202\350\247\243\345\231\250>, "/usr/lib/libbrotlidec.so.1", O_RDONLY|O_CLOEXEC) = 3</usr/lib/libbrotlidec.so.1.2.0>
1428448 openat(AT_FDCWD</tmp/kernel-audit2-v3r63b5w/\346\261\202\350\247\243\345\231\250>, "/usr/lib/libzstd.so.1", O_RDONLY|O_CLOEXEC) = 3</usr/lib/libzstd.so.1.5.7>
1428448 openat(AT_FDCWD</tmp/kernel-audit2-v3r63b5w/\346\261\202\350\247\243\345\231\250>, "/usr/lib/libm.so.6", O_RDONLY|O_CLOEXEC) = 3</usr/lib/libm.so.6>
1428448 openat(AT_FDCWD</tmp/kernel-audit2-v3r63b5w/\346\261\202\350\247\243\345\231\250>, "/usr/lib/libbrotlicommon.so.1", O_RDONLY|O_CLOEXEC) = 3</usr/lib/libbrotlicommon.so.1.2.0>
1428448 openat(AT_FDCWD</tmp/kernel-audit2-v3r63b5w/\346\261\202\350\247\243\345\231\250>, "/usr/lib/locale/locale-archive", O_RDONLY|O_CLOEXEC) = 3</usr/lib/locale/locale-archive>
1428448 openat(AT_FDCWD</tmp/kernel-audit2-v3r63b5w/\346\261\202\350\247\243\345\231\250>, "/usr/share/locale/locale.alias", O_RDONLY|O_CLOEXEC) = 3</usr/share/locale/locale.alias>
1428448 openat(AT_FDCWD</tmp/kernel-audit2-v3r63b5w/\346\261\202\350\247\243\345\231\250>, "/usr/lib/locale/C.UTF-8/LC_IDENTIFICATION", O_RDONLY|O_CLOEXEC) = -1 ENOENT (No such file or directory)
1428448 openat(AT_FDCWD</tmp/kernel-audit2-v3r63b5w/\346\261\202\350\247\243\345\231\250>, "/usr/lib/locale/C.utf8/LC_IDENTIFICATION", O_RDONLY|O_CLOEXEC) = 3</usr/lib/locale/C.utf8/LC_IDENTIFICATION>
1428448 openat(AT_FDCWD</tmp/kernel-audit2-v3r63b5w/\346\261\202\350\247\243\345\231\250>, "/usr/lib/gconv/gconv-modules.cache", O_RDONLY|O_CLOEXEC) = 3</usr/lib/gconv/gconv-modules.cache>
1428448 openat(AT_FDCWD</tmp/kernel-audit2-v3r63b5w/\346\261\202\350\247\243\345\231\250>, "/usr/lib/locale/C.UTF-8/LC_MEASUREMENT", O_RDONLY|O_CLOEXEC) = -1 ENOENT (No such file or directory)
1428448 openat(AT_FDCWD</tmp/kernel-audit2-v3r63b5w/\346\261\202\350\247\243\345\231\250>, "/usr/lib/locale/C.utf8/LC_MEASUREMENT", O_RDONLY|O_CLOEXEC) = 3</usr/lib/locale/C.utf8/LC_MEASUREMENT>
1428448 openat(AT_FDCWD</tmp/kernel-audit2-v3r63b5w/\346\261\202\350\247\243\345\231\250>, "/usr/lib/locale/C.UTF-8/LC_TELEPHONE", O_RDONLY|O_CLOEXEC) = -1 ENOENT (No such file or directory)
1428448 openat(AT_FDCWD</tmp/kernel-audit2-v3r63b5w/\346\261\202\350\247\243\345\231\250>, "/usr/lib/locale/C.utf8/LC_TELEPHONE", O_RDONLY|O_CLOEXEC) = 3</usr/lib/locale/C.utf8/LC_TELEPHONE>
1428448 openat(AT_FDCWD</tmp/kernel-audit2-v3r63b5w/\346\261\202\350\247\243\345\231\250>, "/usr/lib/locale/C.UTF-8/LC_ADDRESS", O_RDONLY|O_CLOEXEC) = -1 ENOENT (No such file or directory)
1428448 openat(AT_FDCWD</tmp/kernel-audit2-v3r63b5w/\346\261\202\350\247\243\345\231\250>, "/usr/lib/locale/C.utf8/LC_ADDRESS", O_RDONLY|O_CLOEXEC) = 3</usr/lib/locale/C.utf8/LC_ADDRESS>
1428448 openat(AT_FDCWD</tmp/kernel-audit2-v3r63b5w/\346\261\202\350\247\243\345\231\250>, "/usr/lib/locale/C.UTF-8/LC_NAME", O_RDONLY|O_CLOEXEC) = -1 ENOENT (No such file or directory)
1428448 openat(AT_FDCWD</tmp/kernel-audit2-v3r63b5w/\346\261\202\350\247\243\345\231\250>, "/usr/lib/locale/C.utf8/LC_NAME", O_RDONLY|O_CLOEXEC) = 3</usr/lib/locale/C.utf8/LC_NAME>
1428448 openat(AT_FDCWD</tmp/kernel-audit2-v3r63b5w/\346\261\202\350\247\243\345\231\250>, "/usr/lib/locale/C.UTF-8/LC_PAPER", O_RDONLY|O_CLOEXEC) = -1 ENOENT (No such file or directory)
1428448 openat(AT_FDCWD</tmp/kernel-audit2-v3r63b5w/\346\261\202\350\247\243\345\231\250>, "/usr/lib/locale/C.utf8/LC_PAPER", O_RDONLY|O_CLOEXEC) = 3</usr/lib/locale/C.utf8/LC_PAPER>
1428448 openat(AT_FDCWD</tmp/kernel-audit2-v3r63b5w/\346\261\202\350\247\243\345\231\250>, "/usr/lib/locale/C.UTF-8/LC_MESSAGES", O_RDONLY|O_CLOEXEC) = -1 ENOENT (No such file or directory)
1428448 openat(AT_FDCWD</tmp/kernel-audit2-v3r63b5w/\346\261\202\350\247\243\345\231\250>, "/usr/lib/locale/C.utf8/LC_MESSAGES", O_RDONLY|O_CLOEXEC) = 3</usr/lib/locale/C.utf8/LC_MESSAGES>
1428448 openat(AT_FDCWD</tmp/kernel-audit2-v3r63b5w/\346\261\202\350\247\243\345\231\250>, "/usr/lib/locale/C.utf8/LC_MESSAGES/SYS_LC_MESSAGES", O_RDONLY|O_CLOEXEC) = 3</usr/lib/locale/C.utf8/LC_MESSAGES/SYS_LC_MESSAGES>
1428448 openat(AT_FDCWD</tmp/kernel-audit2-v3r63b5w/\346\261\202\350\247\243\345\231\250>, "/usr/lib/locale/C.UTF-8/LC_MONETARY", O_RDONLY|O_CLOEXEC) = -1 ENOENT (No such file or directory)
1428448 openat(AT_FDCWD</tmp/kernel-audit2-v3r63b5w/\346\261\202\350\247\243\345\231\250>, "/usr/lib/locale/C.utf8/LC_MONETARY", O_RDONLY|O_CLOEXEC) = 3</usr/lib/locale/C.utf8/LC_MONETARY>
1428448 openat(AT_FDCWD</tmp/kernel-audit2-v3r63b5w/\346\261\202\350\247\243\345\231\250>, "/usr/lib/locale/C.UTF-8/LC_COLLATE", O_RDONLY|O_CLOEXEC) = -1 ENOENT (No such file or directory)
1428448 openat(AT_FDCWD</tmp/kernel-audit2-v3r63b5w/\346\261\202\350\247\243\345\231\250>, "/usr/lib/locale/C.utf8/LC_COLLATE", O_RDONLY|O_CLOEXEC) = 3</usr/lib/locale/C.utf8/LC_COLLATE>
1428448 openat(AT_FDCWD</tmp/kernel-audit2-v3r63b5w/\346\261\202\350\247\243\345\231\250>, "/usr/lib/locale/C.UTF-8/LC_TIME", O_RDONLY|O_CLOEXEC) = -1 ENOENT (No such file or directory)
1428448 openat(AT_FDCWD</tmp/kernel-audit2-v3r63b5w/\346\261\202\350\247\243\345\231\250>, "/usr/lib/locale/C.utf8/LC_TIME", O_RDONLY|O_CLOEXEC) = 3</usr/lib/locale/C.utf8/LC_TIME>
1428448 openat(AT_FDCWD</tmp/kernel-audit2-v3r63b5w/\346\261\202\350\247\243\345\231\250>, "/usr/lib/locale/C.UTF-8/LC_NUMERIC", O_RDONLY|O_CLOEXEC) = -1 ENOENT (No such file or directory)
1428448 openat(AT_FDCWD</tmp/kernel-audit2-v3r63b5w/\346\261\202\350\247\243\345\231\250>, "/usr/lib/locale/C.utf8/LC_NUMERIC", O_RDONLY|O_CLOEXEC) = 3</usr/lib/locale/C.utf8/LC_NUMERIC>
1428448 openat(AT_FDCWD</tmp/kernel-audit2-v3r63b5w/\346\261\202\350\247\243\345\231\250>, "/usr/lib/locale/C.UTF-8/LC_CTYPE", O_RDONLY|O_CLOEXEC) = -1 ENOENT (No such file or directory)
1428448 openat(AT_FDCWD</tmp/kernel-audit2-v3r63b5w/\346\261\202\350\247\243\345\231\250>, "/usr/lib/locale/C.utf8/LC_CTYPE", O_RDONLY|O_CLOEXEC) = 3</usr/lib/locale/C.utf8/LC_CTYPE>
1428448 openat(AT_FDCWD</tmp/kernel-audit2-v3r63b5w/\346\261\202\350\247\243\345\231\250>, "/home/zhuran24/zmd-research-fresh/\346\261\202\350\247\243\345\231\250/target/health-capture/audit2-1422118/cases/cycle-found-referenced/batch/cycle-found.record.json", O_RDONLY) = 3</home/zhuran24/zmd-research-fresh/\346\261\202\350\247\243\345\231\250/target/health-capture/audit2-1422118/cases/cycle-found-referenced/batch/cycle-found.record.json>
1428364 --- SIGCHLD {si_signo=SIGCHLD, si_code=CLD_EXITED, si_pid=1428448, si_uid=1000, si_status=0, si_utime=0, si_stime=0} ---
1428364 openat(AT_FDCWD</tmp/kernel-audit2-v3r63b5w/\346\261\202\350\247\243\345\231\250>, "/home/zhuran24/zmd-research-fresh/\346\261\202\350\247\243\345\231\250/target/health-capture/audit2-1422118/cases/cycle-found-referenced/batch/cycle-found.json", O_WRONLY|O_CREAT|O_TRUNC|O_CLOEXEC, 0666) = 3</home/zhuran24/zmd-research-fresh/\346\261\202\350\247\243\345\231\250/target/health-capture/audit2-1422118/cases/cycle-found-referenced/batch/cycle-found.json>
