1430014 execve("/home/zhuran24/zmd-research-fresh/\346\261\202\350\247\243\345\231\250/target/healthaudit2prod1422118/kernel", ["/home/zhuran24/zmd-research-fresh/\346\261\202\350\247\243\345\231\250/target/healthaudit2prod1422118/kernel", "run", "/tmp/kernel-audit2-v3r63b5w/\346\261\202\350\247\243\345\231\250/\346\225\260\346\215\256/\346\240\267\344\276\213/\347\224\237\344\272\247\345\276\252\347\216\257\347\216\257\345\270\246.json", "--ticks", "12", "--out", "/home/zhuran24/zmd-research-fresh/\346\261\202\350\247\243\345\231\250/target/health-capture/audit2-1422118/cases/verify-batch-with-cycle-found/batch/finite-record.json", "--config", "/tmp/kernel-audit2-v3r63b5w/\346\261\202\350\247\243\345\231\250/\350\247\204\346\240\274/\345\206\205\346\240\270\351\205\215\347\275\256-v1.json"], 0x7ffd95cf3d38 /* 135 vars */) = 0
1430014 openat(AT_FDCWD</tmp/kernel-audit2-v3r63b5w/\346\261\202\350\247\243\345\231\250>, "/etc/ld.so.cache", O_RDONLY|O_CLOEXEC) = 3</etc/ld.so.cache>
1430014 openat(AT_FDCWD</tmp/kernel-audit2-v3r63b5w/\346\261\202\350\247\243\345\231\250>, "/usr/lib/libgcc_s.so.1", O_RDONLY|O_CLOEXEC) = 3</usr/lib/libgcc_s.so.1>
1430014 openat(AT_FDCWD</tmp/kernel-audit2-v3r63b5w/\346\261\202\350\247\243\345\231\250>, "/usr/lib/libc.so.6", O_RDONLY|O_CLOEXEC) = 3</usr/lib/libc.so.6>
1430014 openat(AT_FDCWD</tmp/kernel-audit2-v3r63b5w/\346\261\202\350\247\243\345\231\250>, "/proc/self/maps", O_RDONLY|O_CLOEXEC) = 3</proc/1430014/maps>
1430014 openat(AT_FDCWD</tmp/kernel-audit2-v3r63b5w/\346\261\202\350\247\243\345\231\250>, "/tmp/kernel-audit2-v3r63b5w/\346\261\202\350\247\243\345\231\250/\350\247\204\346\240\274/\345\206\205\346\240\270\351\205\215\347\275\256-v1.json", O_RDONLY|O_CLOEXEC) = 3</tmp/kernel-audit2-v3r63b5w/\346\261\202\350\247\243\345\231\250/\350\247\204\346\240\274/\345\206\205\346\240\270\351\205\215\347\275\256-v1.json>
1430014 openat(AT_FDCWD</tmp/kernel-audit2-v3r63b5w/\346\261\202\350\247\243\345\231\250>, "/tmp/kernel-audit2-v3r63b5w/\346\261\202\350\247\243\345\231\250/\346\225\260\346\215\256/\346\240\267\344\276\213/\347\224\237\344\272\247\345\276\252\347\216\257\347\216\257\345\270\246.json", O_RDONLY|O_CLOEXEC) = 3</tmp/kernel-audit2-v3r63b5w/\346\261\202\350\247\243\345\231\250/\346\225\260\346\215\256/\346\240\267\344\276\213/\347\224\237\344\272\247\345\276\252\347\216\257\347\216\257\345\270\246.json>
1430014 openat(AT_FDCWD</tmp/kernel-audit2-v3r63b5w/\346\261\202\350\247\243\345\231\250>, "/dev/null", O_RDONLY|O_CLOEXEC) = 3</dev/null<char 1:3>>
1430015 execve("/home/zhuran24/.codex/tmp/arg0/codex-arg0DuAZRy/sha256sum", ["sha256sum", "--", "/tmp/kernel-audit2-v3r63b5w/\346\261\202\350\247\243\345\231\250/\346\225\260\346\215\256/\346\255\243\345\274\217\351\235\231\346\200\201\347\233\256\345\275\225.json"], 0x7ffe3bafa178 /* 135 vars */) = -1 ENOENT (No such file or directory)
1430015 execve("/home/zhuran24/.cargo/bin/sha256sum", ["sha256sum", "--", "/tmp/kernel-audit2-v3r63b5w/\346\261\202\350\247\243\345\231\250/\346\225\260\346\215\256/\346\255\243\345\274\217\351\235\231\346\200\201\347\233\256\345\275\225.json"], 0x7ffe3bafa178 /* 135 vars */) = -1 ENOENT (No such file or directory)
1430015 execve("/home/zhuran24/.local/bin/sha256sum", ["sha256sum", "--", "/tmp/kernel-audit2-v3r63b5w/\346\261\202\350\247\243\345\231\250/\346\225\260\346\215\256/\346\255\243\345\274\217\351\235\231\346\200\201\347\233\256\345\275\225.json"], 0x7ffe3bafa178 /* 135 vars */) = -1 ENOENT (No such file or directory)
1430015 execve("/home/zhuran24/.opencode/bin/sha256sum", ["sha256sum", "--", "/tmp/kernel-audit2-v3r63b5w/\346\261\202\350\247\243\345\231\250/\346\225\260\346\215\256/\346\255\243\345\274\217\351\235\231\346\200\201\347\233\256\345\275\225.json"], 0x7ffe3bafa178 /* 135 vars */) = -1 ENOENT (No such file or directory)
1430015 execve("/usr/local/bin/sha256sum", ["sha256sum", "--", "/tmp/kernel-audit2-v3r63b5w/\346\261\202\350\247\243\345\231\250/\346\225\260\346\215\256/\346\255\243\345\274\217\351\235\231\346\200\201\347\233\256\345\275\225.json"], 0x7ffe3bafa178 /* 135 vars */) = -1 ENOENT (No such file or directory)
1430015 execve("/usr/bin/sha256sum", ["sha256sum", "--", "/tmp/kernel-audit2-v3r63b5w/\346\261\202\350\247\243\345\231\250/\346\225\260\346\215\256/\346\255\243\345\274\217\351\235\231\346\200\201\347\233\256\345\275\225.json"], 0x7ffe3bafa178 /* 135 vars */) = 0
1430015 openat(AT_FDCWD</tmp/kernel-audit2-v3r63b5w/\346\261\202\350\247\243\345\231\250>, "/etc/ld.so.cache", O_RDONLY|O_CLOEXEC) = 3</etc/ld.so.cache>
1430015 openat(AT_FDCWD</tmp/kernel-audit2-v3r63b5w/\346\261\202\350\247\243\345\231\250>, "/usr/lib/libcrypto.so.3", O_RDONLY|O_CLOEXEC) = 3</usr/lib/libcrypto.so.3>
1430015 openat(AT_FDCWD</tmp/kernel-audit2-v3r63b5w/\346\261\202\350\247\243\345\231\250>, "/usr/lib/libc.so.6", O_RDONLY|O_CLOEXEC) = 3</usr/lib/libc.so.6>
1430015 openat(AT_FDCWD</tmp/kernel-audit2-v3r63b5w/\346\261\202\350\247\243\345\231\250>, "/usr/lib/libz.so.1", O_RDONLY|O_CLOEXEC) = 3</usr/lib/libz.so.1.3.1.zlib-ng>
1430015 openat(AT_FDCWD</tmp/kernel-audit2-v3r63b5w/\346\261\202\350\247\243\345\231\250>, "/usr/lib/libbrotlienc.so.1", O_RDONLY|O_CLOEXEC) = 3</usr/lib/libbrotlienc.so.1.2.0>
1430015 openat(AT_FDCWD</tmp/kernel-audit2-v3r63b5w/\346\261\202\350\247\243\345\231\250>, "/usr/lib/libbrotlidec.so.1", O_RDONLY|O_CLOEXEC) = 3</usr/lib/libbrotlidec.so.1.2.0>
1430015 openat(AT_FDCWD</tmp/kernel-audit2-v3r63b5w/\346\261\202\350\247\243\345\231\250>, "/usr/lib/libzstd.so.1", O_RDONLY|O_CLOEXEC) = 3</usr/lib/libzstd.so.1.5.7>
1430015 openat(AT_FDCWD</tmp/kernel-audit2-v3r63b5w/\346\261\202\350\247\243\345\231\250>, "/usr/lib/libm.so.6", O_RDONLY|O_CLOEXEC) = 3</usr/lib/libm.so.6>
1430015 openat(AT_FDCWD</tmp/kernel-audit2-v3r63b5w/\346\261\202\350\247\243\345\231\250>, "/usr/lib/libbrotlicommon.so.1", O_RDONLY|O_CLOEXEC) = 3</usr/lib/libbrotlicommon.so.1.2.0>
1430015 openat(AT_FDCWD</tmp/kernel-audit2-v3r63b5w/\346\261\202\350\247\243\345\231\250>, "/usr/lib/locale/locale-archive", O_RDONLY|O_CLOEXEC) = 3</usr/lib/locale/locale-archive>
1430015 openat(AT_FDCWD</tmp/kernel-audit2-v3r63b5w/\346\261\202\350\247\243\345\231\250>, "/usr/share/locale/locale.alias", O_RDONLY|O_CLOEXEC) = 3</usr/share/locale/locale.alias>
1430015 openat(AT_FDCWD</tmp/kernel-audit2-v3r63b5w/\346\261\202\350\247\243\345\231\250>, "/usr/lib/locale/C.UTF-8/LC_IDENTIFICATION", O_RDONLY|O_CLOEXEC) = -1 ENOENT (No such file or directory)
1430015 openat(AT_FDCWD</tmp/kernel-audit2-v3r63b5w/\346\261\202\350\247\243\345\231\250>, "/usr/lib/locale/C.utf8/LC_IDENTIFICATION", O_RDONLY|O_CLOEXEC) = 3</usr/lib/locale/C.utf8/LC_IDENTIFICATION>
1430015 openat(AT_FDCWD</tmp/kernel-audit2-v3r63b5w/\346\261\202\350\247\243\345\231\250>, "/usr/lib/gconv/gconv-modules.cache", O_RDONLY|O_CLOEXEC) = 3</usr/lib/gconv/gconv-modules.cache>
1430015 openat(AT_FDCWD</tmp/kernel-audit2-v3r63b5w/\346\261\202\350\247\243\345\231\250>, "/usr/lib/locale/C.UTF-8/LC_MEASUREMENT", O_RDONLY|O_CLOEXEC) = -1 ENOENT (No such file or directory)
1430015 openat(AT_FDCWD</tmp/kernel-audit2-v3r63b5w/\346\261\202\350\247\243\345\231\250>, "/usr/lib/locale/C.utf8/LC_MEASUREMENT", O_RDONLY|O_CLOEXEC) = 3</usr/lib/locale/C.utf8/LC_MEASUREMENT>
1430015 openat(AT_FDCWD</tmp/kernel-audit2-v3r63b5w/\346\261\202\350\247\243\345\231\250>, "/usr/lib/locale/C.UTF-8/LC_TELEPHONE", O_RDONLY|O_CLOEXEC) = -1 ENOENT (No such file or directory)
1430015 openat(AT_FDCWD</tmp/kernel-audit2-v3r63b5w/\346\261\202\350\247\243\345\231\250>, "/usr/lib/locale/C.utf8/LC_TELEPHONE", O_RDONLY|O_CLOEXEC) = 3</usr/lib/locale/C.utf8/LC_TELEPHONE>
1430015 openat(AT_FDCWD</tmp/kernel-audit2-v3r63b5w/\346\261\202\350\247\243\345\231\250>, "/usr/lib/locale/C.UTF-8/LC_ADDRESS", O_RDONLY|O_CLOEXEC) = -1 ENOENT (No such file or directory)
1430015 openat(AT_FDCWD</tmp/kernel-audit2-v3r63b5w/\346\261\202\350\247\243\345\231\250>, "/usr/lib/locale/C.utf8/LC_ADDRESS", O_RDONLY|O_CLOEXEC) = 3</usr/lib/locale/C.utf8/LC_ADDRESS>
1430015 openat(AT_FDCWD</tmp/kernel-audit2-v3r63b5w/\346\261\202\350\247\243\345\231\250>, "/usr/lib/locale/C.UTF-8/LC_NAME", O_RDONLY|O_CLOEXEC) = -1 ENOENT (No such file or directory)
1430015 openat(AT_FDCWD</tmp/kernel-audit2-v3r63b5w/\346\261\202\350\247\243\345\231\250>, "/usr/lib/locale/C.utf8/LC_NAME", O_RDONLY|O_CLOEXEC) = 3</usr/lib/locale/C.utf8/LC_NAME>
1430015 openat(AT_FDCWD</tmp/kernel-audit2-v3r63b5w/\346\261\202\350\247\243\345\231\250>, "/usr/lib/locale/C.UTF-8/LC_PAPER", O_RDONLY|O_CLOEXEC) = -1 ENOENT (No such file or directory)
1430015 openat(AT_FDCWD</tmp/kernel-audit2-v3r63b5w/\346\261\202\350\247\243\345\231\250>, "/usr/lib/locale/C.utf8/LC_PAPER", O_RDONLY|O_CLOEXEC) = 3</usr/lib/locale/C.utf8/LC_PAPER>
1430015 openat(AT_FDCWD</tmp/kernel-audit2-v3r63b5w/\346\261\202\350\247\243\345\231\250>, "/usr/lib/locale/C.UTF-8/LC_MESSAGES", O_RDONLY|O_CLOEXEC) = -1 ENOENT (No such file or directory)
1430015 openat(AT_FDCWD</tmp/kernel-audit2-v3r63b5w/\346\261\202\350\247\243\345\231\250>, "/usr/lib/locale/C.utf8/LC_MESSAGES", O_RDONLY|O_CLOEXEC) = 3</usr/lib/locale/C.utf8/LC_MESSAGES>
1430015 openat(AT_FDCWD</tmp/kernel-audit2-v3r63b5w/\346\261\202\350\247\243\345\231\250>, "/usr/lib/locale/C.utf8/LC_MESSAGES/SYS_LC_MESSAGES", O_RDONLY|O_CLOEXEC) = 3</usr/lib/locale/C.utf8/LC_MESSAGES/SYS_LC_MESSAGES>
1430015 openat(AT_FDCWD</tmp/kernel-audit2-v3r63b5w/\346\261\202\350\247\243\345\231\250>, "/usr/lib/locale/C.UTF-8/LC_MONETARY", O_RDONLY|O_CLOEXEC) = -1 ENOENT (No such file or directory)
1430015 openat(AT_FDCWD</tmp/kernel-audit2-v3r63b5w/\346\261\202\350\247\243\345\231\250>, "/usr/lib/locale/C.utf8/LC_MONETARY", O_RDONLY|O_CLOEXEC) = 3</usr/lib/locale/C.utf8/LC_MONETARY>
1430015 openat(AT_FDCWD</tmp/kernel-audit2-v3r63b5w/\346\261\202\350\247\243\345\231\250>, "/usr/lib/locale/C.UTF-8/LC_COLLATE", O_RDONLY|O_CLOEXEC) = -1 ENOENT (No such file or directory)
1430015 openat(AT_FDCWD</tmp/kernel-audit2-v3r63b5w/\346\261\202\350\247\243\345\231\250>, "/usr/lib/locale/C.utf8/LC_COLLATE", O_RDONLY|O_CLOEXEC) = 3</usr/lib/locale/C.utf8/LC_COLLATE>
1430015 openat(AT_FDCWD</tmp/kernel-audit2-v3r63b5w/\346\261\202\350\247\243\345\231\250>, "/usr/lib/locale/C.UTF-8/LC_TIME", O_RDONLY|O_CLOEXEC) = -1 ENOENT (No such file or directory)
1430015 openat(AT_FDCWD</tmp/kernel-audit2-v3r63b5w/\346\261\202\350\247\243\345\231\250>, "/usr/lib/locale/C.utf8/LC_TIME", O_RDONLY|O_CLOEXEC) = 3</usr/lib/locale/C.utf8/LC_TIME>
1430015 openat(AT_FDCWD</tmp/kernel-audit2-v3r63b5w/\346\261\202\350\247\243\345\231\250>, "/usr/lib/locale/C.UTF-8/LC_NUMERIC", O_RDONLY|O_CLOEXEC) = -1 ENOENT (No such file or directory)
1430015 openat(AT_FDCWD</tmp/kernel-audit2-v3r63b5w/\346\261\202\350\247\243\345\231\250>, "/usr/lib/locale/C.utf8/LC_NUMERIC", O_RDONLY|O_CLOEXEC) = 3</usr/lib/locale/C.utf8/LC_NUMERIC>
1430015 openat(AT_FDCWD</tmp/kernel-audit2-v3r63b5w/\346\261\202\350\247\243\345\231\250>, "/usr/lib/locale/C.UTF-8/LC_CTYPE", O_RDONLY|O_CLOEXEC) = -1 ENOENT (No such file or directory)
1430015 openat(AT_FDCWD</tmp/kernel-audit2-v3r63b5w/\346\261\202\350\247\243\345\231\250>, "/usr/lib/locale/C.utf8/LC_CTYPE", O_RDONLY|O_CLOEXEC) = 3</usr/lib/locale/C.utf8/LC_CTYPE>
1430015 openat(AT_FDCWD</tmp/kernel-audit2-v3r63b5w/\346\261\202\350\247\243\345\231\250>, "/tmp/kernel-audit2-v3r63b5w/\346\261\202\350\247\243\345\231\250/\346\225\260\346\215\256/\346\255\243\345\274\217\351\235\231\346\200\201\347\233\256\345\275\225.json", O_RDONLY) = 3</tmp/kernel-audit2-v3r63b5w/\346\261\202\350\247\243\345\231\250/\346\225\260\346\215\256/\346\255\243\345\274\217\351\235\231\346\200\201\347\233\256\345\275\225.json>
1430014 --- SIGCHLD {si_signo=SIGCHLD, si_code=CLD_EXITED, si_pid=1430015, si_uid=1000, si_status=0, si_utime=0, si_stime=0} ---
1430014 openat(AT_FDCWD</tmp/kernel-audit2-v3r63b5w/\346\261\202\350\247\243\345\231\250>, "/tmp/kernel-audit2-v3r63b5w/\346\261\202\350\247\243\345\231\250/\346\225\260\346\215\256/\346\255\243\345\274\217\351\235\231\346\200\201\347\233\256\345\275\225.json", O_RDONLY|O_CLOEXEC) = 3</tmp/kernel-audit2-v3r63b5w/\346\261\202\350\247\243\345\231\250/\346\225\260\346\215\256/\346\255\243\345\274\217\351\235\231\346\200\201\347\233\256\345\275\225.json>
1430014 openat(AT_FDCWD</tmp/kernel-audit2-v3r63b5w/\346\261\202\350\247\243\345\231\250>, "/dev/null", O_RDONLY|O_CLOEXEC) = 3</dev/null<char 1:3>>
1430016 execve("/home/zhuran24/.codex/tmp/arg0/codex-arg0DuAZRy/sha256sum", ["sha256sum", "--", "/tmp/kernel-audit2-v3r63b5w/\346\261\202\350\247\243\345\231\250/\346\225\260\346\215\256/\346\255\243\345\274\217\351\235\231\346\200\201\347\233\256\345\275\225.json"], 0x7ffe3bafa178 /* 135 vars */) = -1 ENOENT (No such file or directory)
1430016 execve("/home/zhuran24/.cargo/bin/sha256sum", ["sha256sum", "--", "/tmp/kernel-audit2-v3r63b5w/\346\261\202\350\247\243\345\231\250/\346\225\260\346\215\256/\346\255\243\345\274\217\351\235\231\346\200\201\347\233\256\345\275\225.json"], 0x7ffe3bafa178 /* 135 vars */) = -1 ENOENT (No such file or directory)
1430016 execve("/home/zhuran24/.local/bin/sha256sum", ["sha256sum", "--", "/tmp/kernel-audit2-v3r63b5w/\346\261\202\350\247\243\345\231\250/\346\225\260\346\215\256/\346\255\243\345\274\217\351\235\231\346\200\201\347\233\256\345\275\225.json"], 0x7ffe3bafa178 /* 135 vars */) = -1 ENOENT (No such file or directory)
1430016 execve("/home/zhuran24/.opencode/bin/sha256sum", ["sha256sum", "--", "/tmp/kernel-audit2-v3r63b5w/\346\261\202\350\247\243\345\231\250/\346\225\260\346\215\256/\346\255\243\345\274\217\351\235\231\346\200\201\347\233\256\345\275\225.json"], 0x7ffe3bafa178 /* 135 vars */) = -1 ENOENT (No such file or directory)
1430016 execve("/usr/local/bin/sha256sum", ["sha256sum", "--", "/tmp/kernel-audit2-v3r63b5w/\346\261\202\350\247\243\345\231\250/\346\225\260\346\215\256/\346\255\243\345\274\217\351\235\231\346\200\201\347\233\256\345\275\225.json"], 0x7ffe3bafa178 /* 135 vars */) = -1 ENOENT (No such file or directory)
1430016 execve("/usr/bin/sha256sum", ["sha256sum", "--", "/tmp/kernel-audit2-v3r63b5w/\346\261\202\350\247\243\345\231\250/\346\225\260\346\215\256/\346\255\243\345\274\217\351\235\231\346\200\201\347\233\256\345\275\225.json"], 0x7ffe3bafa178 /* 135 vars */) = 0
1430016 openat(AT_FDCWD</tmp/kernel-audit2-v3r63b5w/\346\261\202\350\247\243\345\231\250>, "/etc/ld.so.cache", O_RDONLY|O_CLOEXEC) = 3</etc/ld.so.cache>
1430016 openat(AT_FDCWD</tmp/kernel-audit2-v3r63b5w/\346\261\202\350\247\243\345\231\250>, "/usr/lib/libcrypto.so.3", O_RDONLY|O_CLOEXEC) = 3</usr/lib/libcrypto.so.3>
1430016 openat(AT_FDCWD</tmp/kernel-audit2-v3r63b5w/\346\261\202\350\247\243\345\231\250>, "/usr/lib/libc.so.6", O_RDONLY|O_CLOEXEC) = 3</usr/lib/libc.so.6>
1430016 openat(AT_FDCWD</tmp/kernel-audit2-v3r63b5w/\346\261\202\350\247\243\345\231\250>, "/usr/lib/libz.so.1", O_RDONLY|O_CLOEXEC) = 3</usr/lib/libz.so.1.3.1.zlib-ng>
1430016 openat(AT_FDCWD</tmp/kernel-audit2-v3r63b5w/\346\261\202\350\247\243\345\231\250>, "/usr/lib/libbrotlienc.so.1", O_RDONLY|O_CLOEXEC) = 3</usr/lib/libbrotlienc.so.1.2.0>
1430016 openat(AT_FDCWD</tmp/kernel-audit2-v3r63b5w/\346\261\202\350\247\243\345\231\250>, "/usr/lib/libbrotlidec.so.1", O_RDONLY|O_CLOEXEC) = 3</usr/lib/libbrotlidec.so.1.2.0>
1430016 openat(AT_FDCWD</tmp/kernel-audit2-v3r63b5w/\346\261\202\350\247\243\345\231\250>, "/usr/lib/libzstd.so.1", O_RDONLY|O_CLOEXEC) = 3</usr/lib/libzstd.so.1.5.7>
1430016 openat(AT_FDCWD</tmp/kernel-audit2-v3r63b5w/\346\261\202\350\247\243\345\231\250>, "/usr/lib/libm.so.6", O_RDONLY|O_CLOEXEC) = 3</usr/lib/libm.so.6>
1430016 openat(AT_FDCWD</tmp/kernel-audit2-v3r63b5w/\346\261\202\350\247\243\345\231\250>, "/usr/lib/libbrotlicommon.so.1", O_RDONLY|O_CLOEXEC) = 3</usr/lib/libbrotlicommon.so.1.2.0>
1430016 openat(AT_FDCWD</tmp/kernel-audit2-v3r63b5w/\346\261\202\350\247\243\345\231\250>, "/usr/lib/locale/locale-archive", O_RDONLY|O_CLOEXEC) = 3</usr/lib/locale/locale-archive>
1430016 openat(AT_FDCWD</tmp/kernel-audit2-v3r63b5w/\346\261\202\350\247\243\345\231\250>, "/usr/share/locale/locale.alias", O_RDONLY|O_CLOEXEC) = 3</usr/share/locale/locale.alias>
1430016 openat(AT_FDCWD</tmp/kernel-audit2-v3r63b5w/\346\261\202\350\247\243\345\231\250>, "/usr/lib/locale/C.UTF-8/LC_IDENTIFICATION", O_RDONLY|O_CLOEXEC) = -1 ENOENT (No such file or directory)
1430016 openat(AT_FDCWD</tmp/kernel-audit2-v3r63b5w/\346\261\202\350\247\243\345\231\250>, "/usr/lib/locale/C.utf8/LC_IDENTIFICATION", O_RDONLY|O_CLOEXEC) = 3</usr/lib/locale/C.utf8/LC_IDENTIFICATION>
1430016 openat(AT_FDCWD</tmp/kernel-audit2-v3r63b5w/\346\261\202\350\247\243\345\231\250>, "/usr/lib/gconv/gconv-modules.cache", O_RDONLY|O_CLOEXEC) = 3</usr/lib/gconv/gconv-modules.cache>
1430016 openat(AT_FDCWD</tmp/kernel-audit2-v3r63b5w/\346\261\202\350\247\243\345\231\250>, "/usr/lib/locale/C.UTF-8/LC_MEASUREMENT", O_RDONLY|O_CLOEXEC) = -1 ENOENT (No such file or directory)
1430016 openat(AT_FDCWD</tmp/kernel-audit2-v3r63b5w/\346\261\202\350\247\243\345\231\250>, "/usr/lib/locale/C.utf8/LC_MEASUREMENT", O_RDONLY|O_CLOEXEC) = 3</usr/lib/locale/C.utf8/LC_MEASUREMENT>
1430016 openat(AT_FDCWD</tmp/kernel-audit2-v3r63b5w/\346\261\202\350\247\243\345\231\250>, "/usr/lib/locale/C.UTF-8/LC_TELEPHONE", O_RDONLY|O_CLOEXEC) = -1 ENOENT (No such file or directory)
1430016 openat(AT_FDCWD</tmp/kernel-audit2-v3r63b5w/\346\261\202\350\247\243\345\231\250>, "/usr/lib/locale/C.utf8/LC_TELEPHONE", O_RDONLY|O_CLOEXEC) = 3</usr/lib/locale/C.utf8/LC_TELEPHONE>
1430016 openat(AT_FDCWD</tmp/kernel-audit2-v3r63b5w/\346\261\202\350\247\243\345\231\250>, "/usr/lib/locale/C.UTF-8/LC_ADDRESS", O_RDONLY|O_CLOEXEC) = -1 ENOENT (No such file or directory)
1430016 openat(AT_FDCWD</tmp/kernel-audit2-v3r63b5w/\346\261\202\350\247\243\345\231\250>, "/usr/lib/locale/C.utf8/LC_ADDRESS", O_RDONLY|O_CLOEXEC) = 3</usr/lib/locale/C.utf8/LC_ADDRESS>
1430016 openat(AT_FDCWD</tmp/kernel-audit2-v3r63b5w/\346\261\202\350\247\243\345\231\250>, "/usr/lib/locale/C.UTF-8/LC_NAME", O_RDONLY|O_CLOEXEC) = -1 ENOENT (No such file or directory)
1430016 openat(AT_FDCWD</tmp/kernel-audit2-v3r63b5w/\346\261\202\350\247\243\345\231\250>, "/usr/lib/locale/C.utf8/LC_NAME", O_RDONLY|O_CLOEXEC) = 3</usr/lib/locale/C.utf8/LC_NAME>
1430016 openat(AT_FDCWD</tmp/kernel-audit2-v3r63b5w/\346\261\202\350\247\243\345\231\250>, "/usr/lib/locale/C.UTF-8/LC_PAPER", O_RDONLY|O_CLOEXEC) = -1 ENOENT (No such file or directory)
1430016 openat(AT_FDCWD</tmp/kernel-audit2-v3r63b5w/\346\261\202\350\247\243\345\231\250>, "/usr/lib/locale/C.utf8/LC_PAPER", O_RDONLY|O_CLOEXEC) = 3</usr/lib/locale/C.utf8/LC_PAPER>
1430016 openat(AT_FDCWD</tmp/kernel-audit2-v3r63b5w/\346\261\202\350\247\243\345\231\250>, "/usr/lib/locale/C.UTF-8/LC_MESSAGES", O_RDONLY|O_CLOEXEC) = -1 ENOENT (No such file or directory)
1430016 openat(AT_FDCWD</tmp/kernel-audit2-v3r63b5w/\346\261\202\350\247\243\345\231\250>, "/usr/lib/locale/C.utf8/LC_MESSAGES", O_RDONLY|O_CLOEXEC) = 3</usr/lib/locale/C.utf8/LC_MESSAGES>
1430016 openat(AT_FDCWD</tmp/kernel-audit2-v3r63b5w/\346\261\202\350\247\243\345\231\250>, "/usr/lib/locale/C.utf8/LC_MESSAGES/SYS_LC_MESSAGES", O_RDONLY|O_CLOEXEC) = 3</usr/lib/locale/C.utf8/LC_MESSAGES/SYS_LC_MESSAGES>
1430016 openat(AT_FDCWD</tmp/kernel-audit2-v3r63b5w/\346\261\202\350\247\243\345\231\250>, "/usr/lib/locale/C.UTF-8/LC_MONETARY", O_RDONLY|O_CLOEXEC) = -1 ENOENT (No such file or directory)
1430016 openat(AT_FDCWD</tmp/kernel-audit2-v3r63b5w/\346\261\202\350\247\243\345\231\250>, "/usr/lib/locale/C.utf8/LC_MONETARY", O_RDONLY|O_CLOEXEC) = 3</usr/lib/locale/C.utf8/LC_MONETARY>
1430016 openat(AT_FDCWD</tmp/kernel-audit2-v3r63b5w/\346\261\202\350\247\243\345\231\250>, "/usr/lib/locale/C.UTF-8/LC_COLLATE", O_RDONLY|O_CLOEXEC) = -1 ENOENT (No such file or directory)
1430016 openat(AT_FDCWD</tmp/kernel-audit2-v3r63b5w/\346\261\202\350\247\243\345\231\250>, "/usr/lib/locale/C.utf8/LC_COLLATE", O_RDONLY|O_CLOEXEC) = 3</usr/lib/locale/C.utf8/LC_COLLATE>
1430016 openat(AT_FDCWD</tmp/kernel-audit2-v3r63b5w/\346\261\202\350\247\243\345\231\250>, "/usr/lib/locale/C.UTF-8/LC_TIME", O_RDONLY|O_CLOEXEC) = -1 ENOENT (No such file or directory)
1430016 openat(AT_FDCWD</tmp/kernel-audit2-v3r63b5w/\346\261\202\350\247\243\345\231\250>, "/usr/lib/locale/C.utf8/LC_TIME", O_RDONLY|O_CLOEXEC) = 3</usr/lib/locale/C.utf8/LC_TIME>
1430016 openat(AT_FDCWD</tmp/kernel-audit2-v3r63b5w/\346\261\202\350\247\243\345\231\250>, "/usr/lib/locale/C.UTF-8/LC_NUMERIC", O_RDONLY|O_CLOEXEC) = -1 ENOENT (No such file or directory)
1430016 openat(AT_FDCWD</tmp/kernel-audit2-v3r63b5w/\346\261\202\350\247\243\345\231\250>, "/usr/lib/locale/C.utf8/LC_NUMERIC", O_RDONLY|O_CLOEXEC) = 3</usr/lib/locale/C.utf8/LC_NUMERIC>
1430016 openat(AT_FDCWD</tmp/kernel-audit2-v3r63b5w/\346\261\202\350\247\243\345\231\250>, "/usr/lib/locale/C.UTF-8/LC_CTYPE", O_RDONLY|O_CLOEXEC) = -1 ENOENT (No such file or directory)
1430016 openat(AT_FDCWD</tmp/kernel-audit2-v3r63b5w/\346\261\202\350\247\243\345\231\250>, "/usr/lib/locale/C.utf8/LC_CTYPE", O_RDONLY|O_CLOEXEC) = 3</usr/lib/locale/C.utf8/LC_CTYPE>
1430016 openat(AT_FDCWD</tmp/kernel-audit2-v3r63b5w/\346\261\202\350\247\243\345\231\250>, "/tmp/kernel-audit2-v3r63b5w/\346\261\202\350\247\243\345\231\250/\346\225\260\346\215\256/\346\255\243\345\274\217\351\235\231\346\200\201\347\233\256\345\275\225.json", O_RDONLY) = 3</tmp/kernel-audit2-v3r63b5w/\346\261\202\350\247\243\345\231\250/\346\225\260\346\215\256/\346\255\243\345\274\217\351\235\231\346\200\201\347\233\256\345\275\225.json>
1430014 --- SIGCHLD {si_signo=SIGCHLD, si_code=CLD_EXITED, si_pid=1430016, si_uid=1000, si_status=0, si_utime=0, si_stime=0} ---
1430014 openat(AT_FDCWD</tmp/kernel-audit2-v3r63b5w/\346\261\202\350\247\243\345\231\250>, "/dev/null", O_RDONLY|O_CLOEXEC) = 3</dev/null<char 1:3>>
1430017 execve("/home/zhuran24/.codex/tmp/arg0/codex-arg0DuAZRy/sha256sum", ["sha256sum", "--", "/tmp/kernel-audit2-v3r63b5w/\343\200\212\346\230\216\346\227\245\346\226\271\350\210\237\357\274\232\347\273\210\346\234\253\345\234\260\343\200\213\346\270\270\346\210\217\350\247\204\345\210\231.txt"], 0x7ffe3bafa178 /* 135 vars */) = -1 ENOENT (No such file or directory)
1430017 execve("/home/zhuran24/.cargo/bin/sha256sum", ["sha256sum", "--", "/tmp/kernel-audit2-v3r63b5w/\343\200\212\346\230\216\346\227\245\346\226\271\350\210\237\357\274\232\347\273\210\346\234\253\345\234\260\343\200\213\346\270\270\346\210\217\350\247\204\345\210\231.txt"], 0x7ffe3bafa178 /* 135 vars */) = -1 ENOENT (No such file or directory)
1430017 execve("/home/zhuran24/.local/bin/sha256sum", ["sha256sum", "--", "/tmp/kernel-audit2-v3r63b5w/\343\200\212\346\230\216\346\227\245\346\226\271\350\210\237\357\274\232\347\273\210\346\234\253\345\234\260\343\200\213\346\270\270\346\210\217\350\247\204\345\210\231.txt"], 0x7ffe3bafa178 /* 135 vars */) = -1 ENOENT (No such file or directory)
1430017 execve("/home/zhuran24/.opencode/bin/sha256sum", ["sha256sum", "--", "/tmp/kernel-audit2-v3r63b5w/\343\200\212\346\230\216\346\227\245\346\226\271\350\210\237\357\274\232\347\273\210\346\234\253\345\234\260\343\200\213\346\270\270\346\210\217\350\247\204\345\210\231.txt"], 0x7ffe3bafa178 /* 135 vars */) = -1 ENOENT (No such file or directory)
1430017 execve("/usr/local/bin/sha256sum", ["sha256sum", "--", "/tmp/kernel-audit2-v3r63b5w/\343\200\212\346\230\216\346\227\245\346\226\271\350\210\237\357\274\232\347\273\210\346\234\253\345\234\260\343\200\213\346\270\270\346\210\217\350\247\204\345\210\231.txt"], 0x7ffe3bafa178 /* 135 vars */) = -1 ENOENT (No such file or directory)
1430017 execve("/usr/bin/sha256sum", ["sha256sum", "--", "/tmp/kernel-audit2-v3r63b5w/\343\200\212\346\230\216\346\227\245\346\226\271\350\210\237\357\274\232\347\273\210\346\234\253\345\234\260\343\200\213\346\270\270\346\210\217\350\247\204\345\210\231.txt"], 0x7ffe3bafa178 /* 135 vars */) = 0
1430017 openat(AT_FDCWD</tmp/kernel-audit2-v3r63b5w/\346\261\202\350\247\243\345\231\250>, "/etc/ld.so.cache", O_RDONLY|O_CLOEXEC) = 3</etc/ld.so.cache>
1430017 openat(AT_FDCWD</tmp/kernel-audit2-v3r63b5w/\346\261\202\350\247\243\345\231\250>, "/usr/lib/libcrypto.so.3", O_RDONLY|O_CLOEXEC) = 3</usr/lib/libcrypto.so.3>
1430017 openat(AT_FDCWD</tmp/kernel-audit2-v3r63b5w/\346\261\202\350\247\243\345\231\250>, "/usr/lib/libc.so.6", O_RDONLY|O_CLOEXEC) = 3</usr/lib/libc.so.6>
1430017 openat(AT_FDCWD</tmp/kernel-audit2-v3r63b5w/\346\261\202\350\247\243\345\231\250>, "/usr/lib/libz.so.1", O_RDONLY|O_CLOEXEC) = 3</usr/lib/libz.so.1.3.1.zlib-ng>
1430017 openat(AT_FDCWD</tmp/kernel-audit2-v3r63b5w/\346\261\202\350\247\243\345\231\250>, "/usr/lib/libbrotlienc.so.1", O_RDONLY|O_CLOEXEC) = 3</usr/lib/libbrotlienc.so.1.2.0>
1430017 openat(AT_FDCWD</tmp/kernel-audit2-v3r63b5w/\346\261\202\350\247\243\345\231\250>, "/usr/lib/libbrotlidec.so.1", O_RDONLY|O_CLOEXEC) = 3</usr/lib/libbrotlidec.so.1.2.0>
1430017 openat(AT_FDCWD</tmp/kernel-audit2-v3r63b5w/\346\261\202\350\247\243\345\231\250>, "/usr/lib/libzstd.so.1", O_RDONLY|O_CLOEXEC) = 3</usr/lib/libzstd.so.1.5.7>
1430017 openat(AT_FDCWD</tmp/kernel-audit2-v3r63b5w/\346\261\202\350\247\243\345\231\250>, "/usr/lib/libm.so.6", O_RDONLY|O_CLOEXEC) = 3</usr/lib/libm.so.6>
1430017 openat(AT_FDCWD</tmp/kernel-audit2-v3r63b5w/\346\261\202\350\247\243\345\231\250>, "/usr/lib/libbrotlicommon.so.1", O_RDONLY|O_CLOEXEC) = 3</usr/lib/libbrotlicommon.so.1.2.0>
1430017 openat(AT_FDCWD</tmp/kernel-audit2-v3r63b5w/\346\261\202\350\247\243\345\231\250>, "/usr/lib/locale/locale-archive", O_RDONLY|O_CLOEXEC) = 3</usr/lib/locale/locale-archive>
1430017 openat(AT_FDCWD</tmp/kernel-audit2-v3r63b5w/\346\261\202\350\247\243\345\231\250>, "/usr/share/locale/locale.alias", O_RDONLY|O_CLOEXEC) = 3</usr/share/locale/locale.alias>
1430017 openat(AT_FDCWD</tmp/kernel-audit2-v3r63b5w/\346\261\202\350\247\243\345\231\250>, "/usr/lib/locale/C.UTF-8/LC_IDENTIFICATION", O_RDONLY|O_CLOEXEC) = -1 ENOENT (No such file or directory)
1430017 openat(AT_FDCWD</tmp/kernel-audit2-v3r63b5w/\346\261\202\350\247\243\345\231\250>, "/usr/lib/locale/C.utf8/LC_IDENTIFICATION", O_RDONLY|O_CLOEXEC) = 3</usr/lib/locale/C.utf8/LC_IDENTIFICATION>
1430017 openat(AT_FDCWD</tmp/kernel-audit2-v3r63b5w/\346\261\202\350\247\243\345\231\250>, "/usr/lib/gconv/gconv-modules.cache", O_RDONLY|O_CLOEXEC) = 3</usr/lib/gconv/gconv-modules.cache>
1430017 openat(AT_FDCWD</tmp/kernel-audit2-v3r63b5w/\346\261\202\350\247\243\345\231\250>, "/usr/lib/locale/C.UTF-8/LC_MEASUREMENT", O_RDONLY|O_CLOEXEC) = -1 ENOENT (No such file or directory)
1430017 openat(AT_FDCWD</tmp/kernel-audit2-v3r63b5w/\346\261\202\350\247\243\345\231\250>, "/usr/lib/locale/C.utf8/LC_MEASUREMENT", O_RDONLY|O_CLOEXEC) = 3</usr/lib/locale/C.utf8/LC_MEASUREMENT>
1430017 openat(AT_FDCWD</tmp/kernel-audit2-v3r63b5w/\346\261\202\350\247\243\345\231\250>, "/usr/lib/locale/C.UTF-8/LC_TELEPHONE", O_RDONLY|O_CLOEXEC) = -1 ENOENT (No such file or directory)
1430017 openat(AT_FDCWD</tmp/kernel-audit2-v3r63b5w/\346\261\202\350\247\243\345\231\250>, "/usr/lib/locale/C.utf8/LC_TELEPHONE", O_RDONLY|O_CLOEXEC) = 3</usr/lib/locale/C.utf8/LC_TELEPHONE>
1430017 openat(AT_FDCWD</tmp/kernel-audit2-v3r63b5w/\346\261\202\350\247\243\345\231\250>, "/usr/lib/locale/C.UTF-8/LC_ADDRESS", O_RDONLY|O_CLOEXEC) = -1 ENOENT (No such file or directory)
1430017 openat(AT_FDCWD</tmp/kernel-audit2-v3r63b5w/\346\261\202\350\247\243\345\231\250>, "/usr/lib/locale/C.utf8/LC_ADDRESS", O_RDONLY|O_CLOEXEC) = 3</usr/lib/locale/C.utf8/LC_ADDRESS>
1430017 openat(AT_FDCWD</tmp/kernel-audit2-v3r63b5w/\346\261\202\350\247\243\345\231\250>, "/usr/lib/locale/C.UTF-8/LC_NAME", O_RDONLY|O_CLOEXEC) = -1 ENOENT (No such file or directory)
1430017 openat(AT_FDCWD</tmp/kernel-audit2-v3r63b5w/\346\261\202\350\247\243\345\231\250>, "/usr/lib/locale/C.utf8/LC_NAME", O_RDONLY|O_CLOEXEC) = 3</usr/lib/locale/C.utf8/LC_NAME>
1430017 openat(AT_FDCWD</tmp/kernel-audit2-v3r63b5w/\346\261\202\350\247\243\345\231\250>, "/usr/lib/locale/C.UTF-8/LC_PAPER", O_RDONLY|O_CLOEXEC) = -1 ENOENT (No such file or directory)
1430017 openat(AT_FDCWD</tmp/kernel-audit2-v3r63b5w/\346\261\202\350\247\243\345\231\250>, "/usr/lib/locale/C.utf8/LC_PAPER", O_RDONLY|O_CLOEXEC) = 3</usr/lib/locale/C.utf8/LC_PAPER>
1430017 openat(AT_FDCWD</tmp/kernel-audit2-v3r63b5w/\346\261\202\350\247\243\345\231\250>, "/usr/lib/locale/C.UTF-8/LC_MESSAGES", O_RDONLY|O_CLOEXEC) = -1 ENOENT (No such file or directory)
1430017 openat(AT_FDCWD</tmp/kernel-audit2-v3r63b5w/\346\261\202\350\247\243\345\231\250>, "/usr/lib/locale/C.utf8/LC_MESSAGES", O_RDONLY|O_CLOEXEC) = 3</usr/lib/locale/C.utf8/LC_MESSAGES>
1430017 openat(AT_FDCWD</tmp/kernel-audit2-v3r63b5w/\346\261\202\350\247\243\345\231\250>, "/usr/lib/locale/C.utf8/LC_MESSAGES/SYS_LC_MESSAGES", O_RDONLY|O_CLOEXEC) = 3</usr/lib/locale/C.utf8/LC_MESSAGES/SYS_LC_MESSAGES>
1430017 openat(AT_FDCWD</tmp/kernel-audit2-v3r63b5w/\346\261\202\350\247\243\345\231\250>, "/usr/lib/locale/C.UTF-8/LC_MONETARY", O_RDONLY|O_CLOEXEC) = -1 ENOENT (No such file or directory)
1430017 openat(AT_FDCWD</tmp/kernel-audit2-v3r63b5w/\346\261\202\350\247\243\345\231\250>, "/usr/lib/locale/C.utf8/LC_MONETARY", O_RDONLY|O_CLOEXEC) = 3</usr/lib/locale/C.utf8/LC_MONETARY>
1430017 openat(AT_FDCWD</tmp/kernel-audit2-v3r63b5w/\346\261\202\350\247\243\345\231\250>, "/usr/lib/locale/C.UTF-8/LC_COLLATE", O_RDONLY|O_CLOEXEC) = -1 ENOENT (No such file or directory)
1430017 openat(AT_FDCWD</tmp/kernel-audit2-v3r63b5w/\346\261\202\350\247\243\345\231\250>, "/usr/lib/locale/C.utf8/LC_COLLATE", O_RDONLY|O_CLOEXEC) = 3</usr/lib/locale/C.utf8/LC_COLLATE>
1430017 openat(AT_FDCWD</tmp/kernel-audit2-v3r63b5w/\346\261\202\350\247\243\345\231\250>, "/usr/lib/locale/C.UTF-8/LC_TIME", O_RDONLY|O_CLOEXEC) = -1 ENOENT (No such file or directory)
1430017 openat(AT_FDCWD</tmp/kernel-audit2-v3r63b5w/\346\261\202\350\247\243\345\231\250>, "/usr/lib/locale/C.utf8/LC_TIME", O_RDONLY|O_CLOEXEC) = 3</usr/lib/locale/C.utf8/LC_TIME>
1430017 openat(AT_FDCWD</tmp/kernel-audit2-v3r63b5w/\346\261\202\350\247\243\345\231\250>, "/usr/lib/locale/C.UTF-8/LC_NUMERIC", O_RDONLY|O_CLOEXEC) = -1 ENOENT (No such file or directory)
1430017 openat(AT_FDCWD</tmp/kernel-audit2-v3r63b5w/\346\261\202\350\247\243\345\231\250>, "/usr/lib/locale/C.utf8/LC_NUMERIC", O_RDONLY|O_CLOEXEC) = 3</usr/lib/locale/C.utf8/LC_NUMERIC>
1430017 openat(AT_FDCWD</tmp/kernel-audit2-v3r63b5w/\346\261\202\350\247\243\345\231\250>, "/usr/lib/locale/C.UTF-8/LC_CTYPE", O_RDONLY|O_CLOEXEC) = -1 ENOENT (No such file or directory)
1430017 openat(AT_FDCWD</tmp/kernel-audit2-v3r63b5w/\346\261\202\350\247\243\345\231\250>, "/usr/lib/locale/C.utf8/LC_CTYPE", O_RDONLY|O_CLOEXEC) = 3</usr/lib/locale/C.utf8/LC_CTYPE>
1430017 openat(AT_FDCWD</tmp/kernel-audit2-v3r63b5w/\346\261\202\350\247\243\345\231\250>, "/tmp/kernel-audit2-v3r63b5w/\343\200\212\346\230\216\346\227\245\346\226\271\350\210\237\357\274\232\347\273\210\346\234\253\345\234\260\343\200\213\346\270\270\346\210\217\350\247\204\345\210\231.txt", O_RDONLY) = 3</tmp/kernel-audit2-v3r63b5w/\343\200\212\346\230\216\346\227\245\346\226\271\350\210\237\357\274\232\347\273\210\346\234\253\345\234\260\343\200\213\346\270\270\346\210\217\350\247\204\345\210\231.txt>
1430014 --- SIGCHLD {si_signo=SIGCHLD, si_code=CLD_EXITED, si_pid=1430017, si_uid=1000, si_status=0, si_utime=0, si_stime=0} ---
1430014 openat(AT_FDCWD</tmp/kernel-audit2-v3r63b5w/\346\261\202\350\247\243\345\231\250>, "/dev/null", O_RDONLY|O_CLOEXEC) = 3</dev/null<char 1:3>>
1430018 execve("/home/zhuran24/.codex/tmp/arg0/codex-arg0DuAZRy/sha256sum", ["sha256sum", "--", "/tmp/kernel-audit2-v3r63b5w/\346\261\202\350\247\243\344\273\273\345\212\241.txt"], 0x7ffe3bafa178 /* 135 vars */) = -1 ENOENT (No such file or directory)
1430018 execve("/home/zhuran24/.cargo/bin/sha256sum", ["sha256sum", "--", "/tmp/kernel-audit2-v3r63b5w/\346\261\202\350\247\243\344\273\273\345\212\241.txt"], 0x7ffe3bafa178 /* 135 vars */) = -1 ENOENT (No such file or directory)
1430018 execve("/home/zhuran24/.local/bin/sha256sum", ["sha256sum", "--", "/tmp/kernel-audit2-v3r63b5w/\346\261\202\350\247\243\344\273\273\345\212\241.txt"], 0x7ffe3bafa178 /* 135 vars */) = -1 ENOENT (No such file or directory)
1430018 execve("/home/zhuran24/.opencode/bin/sha256sum", ["sha256sum", "--", "/tmp/kernel-audit2-v3r63b5w/\346\261\202\350\247\243\344\273\273\345\212\241.txt"], 0x7ffe3bafa178 /* 135 vars */) = -1 ENOENT (No such file or directory)
1430018 execve("/usr/local/bin/sha256sum", ["sha256sum", "--", "/tmp/kernel-audit2-v3r63b5w/\346\261\202\350\247\243\344\273\273\345\212\241.txt"], 0x7ffe3bafa178 /* 135 vars */) = -1 ENOENT (No such file or directory)
1430018 execve("/usr/bin/sha256sum", ["sha256sum", "--", "/tmp/kernel-audit2-v3r63b5w/\346\261\202\350\247\243\344\273\273\345\212\241.txt"], 0x7ffe3bafa178 /* 135 vars */) = 0
1430018 openat(AT_FDCWD</tmp/kernel-audit2-v3r63b5w/\346\261\202\350\247\243\345\231\250>, "/etc/ld.so.cache", O_RDONLY|O_CLOEXEC) = 3</etc/ld.so.cache>
1430018 openat(AT_FDCWD</tmp/kernel-audit2-v3r63b5w/\346\261\202\350\247\243\345\231\250>, "/usr/lib/libcrypto.so.3", O_RDONLY|O_CLOEXEC) = 3</usr/lib/libcrypto.so.3>
1430018 openat(AT_FDCWD</tmp/kernel-audit2-v3r63b5w/\346\261\202\350\247\243\345\231\250>, "/usr/lib/libc.so.6", O_RDONLY|O_CLOEXEC) = 3</usr/lib/libc.so.6>
1430018 openat(AT_FDCWD</tmp/kernel-audit2-v3r63b5w/\346\261\202\350\247\243\345\231\250>, "/usr/lib/libz.so.1", O_RDONLY|O_CLOEXEC) = 3</usr/lib/libz.so.1.3.1.zlib-ng>
1430018 openat(AT_FDCWD</tmp/kernel-audit2-v3r63b5w/\346\261\202\350\247\243\345\231\250>, "/usr/lib/libbrotlienc.so.1", O_RDONLY|O_CLOEXEC) = 3</usr/lib/libbrotlienc.so.1.2.0>
1430018 openat(AT_FDCWD</tmp/kernel-audit2-v3r63b5w/\346\261\202\350\247\243\345\231\250>, "/usr/lib/libbrotlidec.so.1", O_RDONLY|O_CLOEXEC) = 3</usr/lib/libbrotlidec.so.1.2.0>
1430018 openat(AT_FDCWD</tmp/kernel-audit2-v3r63b5w/\346\261\202\350\247\243\345\231\250>, "/usr/lib/libzstd.so.1", O_RDONLY|O_CLOEXEC) = 3</usr/lib/libzstd.so.1.5.7>
1430018 openat(AT_FDCWD</tmp/kernel-audit2-v3r63b5w/\346\261\202\350\247\243\345\231\250>, "/usr/lib/libm.so.6", O_RDONLY|O_CLOEXEC) = 3</usr/lib/libm.so.6>
1430018 openat(AT_FDCWD</tmp/kernel-audit2-v3r63b5w/\346\261\202\350\247\243\345\231\250>, "/usr/lib/libbrotlicommon.so.1", O_RDONLY|O_CLOEXEC) = 3</usr/lib/libbrotlicommon.so.1.2.0>
1430018 openat(AT_FDCWD</tmp/kernel-audit2-v3r63b5w/\346\261\202\350\247\243\345\231\250>, "/usr/lib/locale/locale-archive", O_RDONLY|O_CLOEXEC) = 3</usr/lib/locale/locale-archive>
1430018 openat(AT_FDCWD</tmp/kernel-audit2-v3r63b5w/\346\261\202\350\247\243\345\231\250>, "/usr/share/locale/locale.alias", O_RDONLY|O_CLOEXEC) = 3</usr/share/locale/locale.alias>
1430018 openat(AT_FDCWD</tmp/kernel-audit2-v3r63b5w/\346\261\202\350\247\243\345\231\250>, "/usr/lib/locale/C.UTF-8/LC_IDENTIFICATION", O_RDONLY|O_CLOEXEC) = -1 ENOENT (No such file or directory)
1430018 openat(AT_FDCWD</tmp/kernel-audit2-v3r63b5w/\346\261\202\350\247\243\345\231\250>, "/usr/lib/locale/C.utf8/LC_IDENTIFICATION", O_RDONLY|O_CLOEXEC) = 3</usr/lib/locale/C.utf8/LC_IDENTIFICATION>
1430018 openat(AT_FDCWD</tmp/kernel-audit2-v3r63b5w/\346\261\202\350\247\243\345\231\250>, "/usr/lib/gconv/gconv-modules.cache", O_RDONLY|O_CLOEXEC) = 3</usr/lib/gconv/gconv-modules.cache>
1430018 openat(AT_FDCWD</tmp/kernel-audit2-v3r63b5w/\346\261\202\350\247\243\345\231\250>, "/usr/lib/locale/C.UTF-8/LC_MEASUREMENT", O_RDONLY|O_CLOEXEC) = -1 ENOENT (No such file or directory)
1430018 openat(AT_FDCWD</tmp/kernel-audit2-v3r63b5w/\346\261\202\350\247\243\345\231\250>, "/usr/lib/locale/C.utf8/LC_MEASUREMENT", O_RDONLY|O_CLOEXEC) = 3</usr/lib/locale/C.utf8/LC_MEASUREMENT>
1430018 openat(AT_FDCWD</tmp/kernel-audit2-v3r63b5w/\346\261\202\350\247\243\345\231\250>, "/usr/lib/locale/C.UTF-8/LC_TELEPHONE", O_RDONLY|O_CLOEXEC) = -1 ENOENT (No such file or directory)
1430018 openat(AT_FDCWD</tmp/kernel-audit2-v3r63b5w/\346\261\202\350\247\243\345\231\250>, "/usr/lib/locale/C.utf8/LC_TELEPHONE", O_RDONLY|O_CLOEXEC) = 3</usr/lib/locale/C.utf8/LC_TELEPHONE>
1430018 openat(AT_FDCWD</tmp/kernel-audit2-v3r63b5w/\346\261\202\350\247\243\345\231\250>, "/usr/lib/locale/C.UTF-8/LC_ADDRESS", O_RDONLY|O_CLOEXEC) = -1 ENOENT (No such file or directory)
1430018 openat(AT_FDCWD</tmp/kernel-audit2-v3r63b5w/\346\261\202\350\247\243\345\231\250>, "/usr/lib/locale/C.utf8/LC_ADDRESS", O_RDONLY|O_CLOEXEC) = 3</usr/lib/locale/C.utf8/LC_ADDRESS>
1430018 openat(AT_FDCWD</tmp/kernel-audit2-v3r63b5w/\346\261\202\350\247\243\345\231\250>, "/usr/lib/locale/C.UTF-8/LC_NAME", O_RDONLY|O_CLOEXEC) = -1 ENOENT (No such file or directory)
1430018 openat(AT_FDCWD</tmp/kernel-audit2-v3r63b5w/\346\261\202\350\247\243\345\231\250>, "/usr/lib/locale/C.utf8/LC_NAME", O_RDONLY|O_CLOEXEC) = 3</usr/lib/locale/C.utf8/LC_NAME>
1430018 openat(AT_FDCWD</tmp/kernel-audit2-v3r63b5w/\346\261\202\350\247\243\345\231\250>, "/usr/lib/locale/C.UTF-8/LC_PAPER", O_RDONLY|O_CLOEXEC) = -1 ENOENT (No such file or directory)
1430018 openat(AT_FDCWD</tmp/kernel-audit2-v3r63b5w/\346\261\202\350\247\243\345\231\250>, "/usr/lib/locale/C.utf8/LC_PAPER", O_RDONLY|O_CLOEXEC) = 3</usr/lib/locale/C.utf8/LC_PAPER>
1430018 openat(AT_FDCWD</tmp/kernel-audit2-v3r63b5w/\346\261\202\350\247\243\345\231\250>, "/usr/lib/locale/C.UTF-8/LC_MESSAGES", O_RDONLY|O_CLOEXEC) = -1 ENOENT (No such file or directory)
1430018 openat(AT_FDCWD</tmp/kernel-audit2-v3r63b5w/\346\261\202\350\247\243\345\231\250>, "/usr/lib/locale/C.utf8/LC_MESSAGES", O_RDONLY|O_CLOEXEC) = 3</usr/lib/locale/C.utf8/LC_MESSAGES>
1430018 openat(AT_FDCWD</tmp/kernel-audit2-v3r63b5w/\346\261\202\350\247\243\345\231\250>, "/usr/lib/locale/C.utf8/LC_MESSAGES/SYS_LC_MESSAGES", O_RDONLY|O_CLOEXEC) = 3</usr/lib/locale/C.utf8/LC_MESSAGES/SYS_LC_MESSAGES>
1430018 openat(AT_FDCWD</tmp/kernel-audit2-v3r63b5w/\346\261\202\350\247\243\345\231\250>, "/usr/lib/locale/C.UTF-8/LC_MONETARY", O_RDONLY|O_CLOEXEC) = -1 ENOENT (No such file or directory)
1430018 openat(AT_FDCWD</tmp/kernel-audit2-v3r63b5w/\346\261\202\350\247\243\345\231\250>, "/usr/lib/locale/C.utf8/LC_MONETARY", O_RDONLY|O_CLOEXEC) = 3</usr/lib/locale/C.utf8/LC_MONETARY>
1430018 openat(AT_FDCWD</tmp/kernel-audit2-v3r63b5w/\346\261\202\350\247\243\345\231\250>, "/usr/lib/locale/C.UTF-8/LC_COLLATE", O_RDONLY|O_CLOEXEC) = -1 ENOENT (No such file or directory)
1430018 openat(AT_FDCWD</tmp/kernel-audit2-v3r63b5w/\346\261\202\350\247\243\345\231\250>, "/usr/lib/locale/C.utf8/LC_COLLATE", O_RDONLY|O_CLOEXEC) = 3</usr/lib/locale/C.utf8/LC_COLLATE>
1430018 openat(AT_FDCWD</tmp/kernel-audit2-v3r63b5w/\346\261\202\350\247\243\345\231\250>, "/usr/lib/locale/C.UTF-8/LC_TIME", O_RDONLY|O_CLOEXEC) = -1 ENOENT (No such file or directory)
1430018 openat(AT_FDCWD</tmp/kernel-audit2-v3r63b5w/\346\261\202\350\247\243\345\231\250>, "/usr/lib/locale/C.utf8/LC_TIME", O_RDONLY|O_CLOEXEC) = 3</usr/lib/locale/C.utf8/LC_TIME>
1430018 openat(AT_FDCWD</tmp/kernel-audit2-v3r63b5w/\346\261\202\350\247\243\345\231\250>, "/usr/lib/locale/C.UTF-8/LC_NUMERIC", O_RDONLY|O_CLOEXEC) = -1 ENOENT (No such file or directory)
1430018 openat(AT_FDCWD</tmp/kernel-audit2-v3r63b5w/\346\261\202\350\247\243\345\231\250>, "/usr/lib/locale/C.utf8/LC_NUMERIC", O_RDONLY|O_CLOEXEC) = 3</usr/lib/locale/C.utf8/LC_NUMERIC>
1430018 openat(AT_FDCWD</tmp/kernel-audit2-v3r63b5w/\346\261\202\350\247\243\345\231\250>, "/usr/lib/locale/C.UTF-8/LC_CTYPE", O_RDONLY|O_CLOEXEC) = -1 ENOENT (No such file or directory)
1430018 openat(AT_FDCWD</tmp/kernel-audit2-v3r63b5w/\346\261\202\350\247\243\345\231\250>, "/usr/lib/locale/C.utf8/LC_CTYPE", O_RDONLY|O_CLOEXEC) = 3</usr/lib/locale/C.utf8/LC_CTYPE>
1430018 openat(AT_FDCWD</tmp/kernel-audit2-v3r63b5w/\346\261\202\350\247\243\345\231\250>, "/tmp/kernel-audit2-v3r63b5w/\346\261\202\350\247\243\344\273\273\345\212\241.txt", O_RDONLY) = 3</tmp/kernel-audit2-v3r63b5w/\346\261\202\350\247\243\344\273\273\345\212\241.txt>
1430014 --- SIGCHLD {si_signo=SIGCHLD, si_code=CLD_EXITED, si_pid=1430018, si_uid=1000, si_status=0, si_utime=0, si_stime=0} ---
1430014 openat(AT_FDCWD</tmp/kernel-audit2-v3r63b5w/\346\261\202\350\247\243\345\231\250>, "/dev/null", O_RDONLY|O_CLOEXEC) = 3</dev/null<char 1:3>>
1430019 execve("/home/zhuran24/.codex/tmp/arg0/codex-arg0DuAZRy/sha256sum", ["sha256sum", "--", "/tmp/kernel-audit2-v3r63b5w/\346\261\202\350\247\243\347\272\246\346\235\237.txt"], 0x7ffe3bafa178 /* 135 vars */) = -1 ENOENT (No such file or directory)
1430019 execve("/home/zhuran24/.cargo/bin/sha256sum", ["sha256sum", "--", "/tmp/kernel-audit2-v3r63b5w/\346\261\202\350\247\243\347\272\246\346\235\237.txt"], 0x7ffe3bafa178 /* 135 vars */) = -1 ENOENT (No such file or directory)
1430019 execve("/home/zhuran24/.local/bin/sha256sum", ["sha256sum", "--", "/tmp/kernel-audit2-v3r63b5w/\346\261\202\350\247\243\347\272\246\346\235\237.txt"], 0x7ffe3bafa178 /* 135 vars */) = -1 ENOENT (No such file or directory)
1430019 execve("/home/zhuran24/.opencode/bin/sha256sum", ["sha256sum", "--", "/tmp/kernel-audit2-v3r63b5w/\346\261\202\350\247\243\347\272\246\346\235\237.txt"], 0x7ffe3bafa178 /* 135 vars */) = -1 ENOENT (No such file or directory)
1430019 execve("/usr/local/bin/sha256sum", ["sha256sum", "--", "/tmp/kernel-audit2-v3r63b5w/\346\261\202\350\247\243\347\272\246\346\235\237.txt"], 0x7ffe3bafa178 /* 135 vars */) = -1 ENOENT (No such file or directory)
1430019 execve("/usr/bin/sha256sum", ["sha256sum", "--", "/tmp/kernel-audit2-v3r63b5w/\346\261\202\350\247\243\347\272\246\346\235\237.txt"], 0x7ffe3bafa178 /* 135 vars */) = 0
1430019 openat(AT_FDCWD</tmp/kernel-audit2-v3r63b5w/\346\261\202\350\247\243\345\231\250>, "/etc/ld.so.cache", O_RDONLY|O_CLOEXEC) = 3</etc/ld.so.cache>
1430019 openat(AT_FDCWD</tmp/kernel-audit2-v3r63b5w/\346\261\202\350\247\243\345\231\250>, "/usr/lib/libcrypto.so.3", O_RDONLY|O_CLOEXEC) = 3</usr/lib/libcrypto.so.3>
1430019 openat(AT_FDCWD</tmp/kernel-audit2-v3r63b5w/\346\261\202\350\247\243\345\231\250>, "/usr/lib/libc.so.6", O_RDONLY|O_CLOEXEC) = 3</usr/lib/libc.so.6>
1430019 openat(AT_FDCWD</tmp/kernel-audit2-v3r63b5w/\346\261\202\350\247\243\345\231\250>, "/usr/lib/libz.so.1", O_RDONLY|O_CLOEXEC) = 3</usr/lib/libz.so.1.3.1.zlib-ng>
1430019 openat(AT_FDCWD</tmp/kernel-audit2-v3r63b5w/\346\261\202\350\247\243\345\231\250>, "/usr/lib/libbrotlienc.so.1", O_RDONLY|O_CLOEXEC) = 3</usr/lib/libbrotlienc.so.1.2.0>
1430019 openat(AT_FDCWD</tmp/kernel-audit2-v3r63b5w/\346\261\202\350\247\243\345\231\250>, "/usr/lib/libbrotlidec.so.1", O_RDONLY|O_CLOEXEC) = 3</usr/lib/libbrotlidec.so.1.2.0>
1430019 openat(AT_FDCWD</tmp/kernel-audit2-v3r63b5w/\346\261\202\350\247\243\345\231\250>, "/usr/lib/libzstd.so.1", O_RDONLY|O_CLOEXEC) = 3</usr/lib/libzstd.so.1.5.7>
1430019 openat(AT_FDCWD</tmp/kernel-audit2-v3r63b5w/\346\261\202\350\247\243\345\231\250>, "/usr/lib/libm.so.6", O_RDONLY|O_CLOEXEC) = 3</usr/lib/libm.so.6>
1430019 openat(AT_FDCWD</tmp/kernel-audit2-v3r63b5w/\346\261\202\350\247\243\345\231\250>, "/usr/lib/libbrotlicommon.so.1", O_RDONLY|O_CLOEXEC) = 3</usr/lib/libbrotlicommon.so.1.2.0>
1430019 openat(AT_FDCWD</tmp/kernel-audit2-v3r63b5w/\346\261\202\350\247\243\345\231\250>, "/usr/lib/locale/locale-archive", O_RDONLY|O_CLOEXEC) = 3</usr/lib/locale/locale-archive>
1430019 openat(AT_FDCWD</tmp/kernel-audit2-v3r63b5w/\346\261\202\350\247\243\345\231\250>, "/usr/share/locale/locale.alias", O_RDONLY|O_CLOEXEC) = 3</usr/share/locale/locale.alias>
1430019 openat(AT_FDCWD</tmp/kernel-audit2-v3r63b5w/\346\261\202\350\247\243\345\231\250>, "/usr/lib/locale/C.UTF-8/LC_IDENTIFICATION", O_RDONLY|O_CLOEXEC) = -1 ENOENT (No such file or directory)
1430019 openat(AT_FDCWD</tmp/kernel-audit2-v3r63b5w/\346\261\202\350\247\243\345\231\250>, "/usr/lib/locale/C.utf8/LC_IDENTIFICATION", O_RDONLY|O_CLOEXEC) = 3</usr/lib/locale/C.utf8/LC_IDENTIFICATION>
1430019 openat(AT_FDCWD</tmp/kernel-audit2-v3r63b5w/\346\261\202\350\247\243\345\231\250>, "/usr/lib/gconv/gconv-modules.cache", O_RDONLY|O_CLOEXEC) = 3</usr/lib/gconv/gconv-modules.cache>
1430019 openat(AT_FDCWD</tmp/kernel-audit2-v3r63b5w/\346\261\202\350\247\243\345\231\250>, "/usr/lib/locale/C.UTF-8/LC_MEASUREMENT", O_RDONLY|O_CLOEXEC) = -1 ENOENT (No such file or directory)
1430019 openat(AT_FDCWD</tmp/kernel-audit2-v3r63b5w/\346\261\202\350\247\243\345\231\250>, "/usr/lib/locale/C.utf8/LC_MEASUREMENT", O_RDONLY|O_CLOEXEC) = 3</usr/lib/locale/C.utf8/LC_MEASUREMENT>
1430019 openat(AT_FDCWD</tmp/kernel-audit2-v3r63b5w/\346\261\202\350\247\243\345\231\250>, "/usr/lib/locale/C.UTF-8/LC_TELEPHONE", O_RDONLY|O_CLOEXEC) = -1 ENOENT (No such file or directory)
1430019 openat(AT_FDCWD</tmp/kernel-audit2-v3r63b5w/\346\261\202\350\247\243\345\231\250>, "/usr/lib/locale/C.utf8/LC_TELEPHONE", O_RDONLY|O_CLOEXEC) = 3</usr/lib/locale/C.utf8/LC_TELEPHONE>
1430019 openat(AT_FDCWD</tmp/kernel-audit2-v3r63b5w/\346\261\202\350\247\243\345\231\250>, "/usr/lib/locale/C.UTF-8/LC_ADDRESS", O_RDONLY|O_CLOEXEC) = -1 ENOENT (No such file or directory)
1430019 openat(AT_FDCWD</tmp/kernel-audit2-v3r63b5w/\346\261\202\350\247\243\345\231\250>, "/usr/lib/locale/C.utf8/LC_ADDRESS", O_RDONLY|O_CLOEXEC) = 3</usr/lib/locale/C.utf8/LC_ADDRESS>
1430019 openat(AT_FDCWD</tmp/kernel-audit2-v3r63b5w/\346\261\202\350\247\243\345\231\250>, "/usr/lib/locale/C.UTF-8/LC_NAME", O_RDONLY|O_CLOEXEC) = -1 ENOENT (No such file or directory)
1430019 openat(AT_FDCWD</tmp/kernel-audit2-v3r63b5w/\346\261\202\350\247\243\345\231\250>, "/usr/lib/locale/C.utf8/LC_NAME", O_RDONLY|O_CLOEXEC) = 3</usr/lib/locale/C.utf8/LC_NAME>
1430019 openat(AT_FDCWD</tmp/kernel-audit2-v3r63b5w/\346\261\202\350\247\243\345\231\250>, "/usr/lib/locale/C.UTF-8/LC_PAPER", O_RDONLY|O_CLOEXEC) = -1 ENOENT (No such file or directory)
1430019 openat(AT_FDCWD</tmp/kernel-audit2-v3r63b5w/\346\261\202\350\247\243\345\231\250>, "/usr/lib/locale/C.utf8/LC_PAPER", O_RDONLY|O_CLOEXEC) = 3</usr/lib/locale/C.utf8/LC_PAPER>
1430019 openat(AT_FDCWD</tmp/kernel-audit2-v3r63b5w/\346\261\202\350\247\243\345\231\250>, "/usr/lib/locale/C.UTF-8/LC_MESSAGES", O_RDONLY|O_CLOEXEC) = -1 ENOENT (No such file or directory)
1430019 openat(AT_FDCWD</tmp/kernel-audit2-v3r63b5w/\346\261\202\350\247\243\345\231\250>, "/usr/lib/locale/C.utf8/LC_MESSAGES", O_RDONLY|O_CLOEXEC) = 3</usr/lib/locale/C.utf8/LC_MESSAGES>
1430019 openat(AT_FDCWD</tmp/kernel-audit2-v3r63b5w/\346\261\202\350\247\243\345\231\250>, "/usr/lib/locale/C.utf8/LC_MESSAGES/SYS_LC_MESSAGES", O_RDONLY|O_CLOEXEC) = 3</usr/lib/locale/C.utf8/LC_MESSAGES/SYS_LC_MESSAGES>
1430019 openat(AT_FDCWD</tmp/kernel-audit2-v3r63b5w/\346\261\202\350\247\243\345\231\250>, "/usr/lib/locale/C.UTF-8/LC_MONETARY", O_RDONLY|O_CLOEXEC) = -1 ENOENT (No such file or directory)
1430019 openat(AT_FDCWD</tmp/kernel-audit2-v3r63b5w/\346\261\202\350\247\243\345\231\250>, "/usr/lib/locale/C.utf8/LC_MONETARY", O_RDONLY|O_CLOEXEC) = 3</usr/lib/locale/C.utf8/LC_MONETARY>
1430019 openat(AT_FDCWD</tmp/kernel-audit2-v3r63b5w/\346\261\202\350\247\243\345\231\250>, "/usr/lib/locale/C.UTF-8/LC_COLLATE", O_RDONLY|O_CLOEXEC) = -1 ENOENT (No such file or directory)
1430019 openat(AT_FDCWD</tmp/kernel-audit2-v3r63b5w/\346\261\202\350\247\243\345\231\250>, "/usr/lib/locale/C.utf8/LC_COLLATE", O_RDONLY|O_CLOEXEC) = 3</usr/lib/locale/C.utf8/LC_COLLATE>
1430019 openat(AT_FDCWD</tmp/kernel-audit2-v3r63b5w/\346\261\202\350\247\243\345\231\250>, "/usr/lib/locale/C.UTF-8/LC_TIME", O_RDONLY|O_CLOEXEC) = -1 ENOENT (No such file or directory)
1430019 openat(AT_FDCWD</tmp/kernel-audit2-v3r63b5w/\346\261\202\350\247\243\345\231\250>, "/usr/lib/locale/C.utf8/LC_TIME", O_RDONLY|O_CLOEXEC) = 3</usr/lib/locale/C.utf8/LC_TIME>
1430019 openat(AT_FDCWD</tmp/kernel-audit2-v3r63b5w/\346\261\202\350\247\243\345\231\250>, "/usr/lib/locale/C.UTF-8/LC_NUMERIC", O_RDONLY|O_CLOEXEC) = -1 ENOENT (No such file or directory)
1430019 openat(AT_FDCWD</tmp/kernel-audit2-v3r63b5w/\346\261\202\350\247\243\345\231\250>, "/usr/lib/locale/C.utf8/LC_NUMERIC", O_RDONLY|O_CLOEXEC) = 3</usr/lib/locale/C.utf8/LC_NUMERIC>
1430019 openat(AT_FDCWD</tmp/kernel-audit2-v3r63b5w/\346\261\202\350\247\243\345\231\250>, "/usr/lib/locale/C.UTF-8/LC_CTYPE", O_RDONLY|O_CLOEXEC) = -1 ENOENT (No such file or directory)
1430019 openat(AT_FDCWD</tmp/kernel-audit2-v3r63b5w/\346\261\202\350\247\243\345\231\250>, "/usr/lib/locale/C.utf8/LC_CTYPE", O_RDONLY|O_CLOEXEC) = 3</usr/lib/locale/C.utf8/LC_CTYPE>
1430019 openat(AT_FDCWD</tmp/kernel-audit2-v3r63b5w/\346\261\202\350\247\243\345\231\250>, "/tmp/kernel-audit2-v3r63b5w/\346\261\202\350\247\243\347\272\246\346\235\237.txt", O_RDONLY) = 3</tmp/kernel-audit2-v3r63b5w/\346\261\202\350\247\243\347\272\246\346\235\237.txt>
1430014 --- SIGCHLD {si_signo=SIGCHLD, si_code=CLD_EXITED, si_pid=1430019, si_uid=1000, si_status=0, si_utime=0, si_stime=0} ---
1430014 openat(AT_FDCWD</tmp/kernel-audit2-v3r63b5w/\346\261\202\350\247\243\345\231\250>, "/dev/null", O_RDONLY|O_CLOEXEC) = 3</dev/null<char 1:3>>
1430020 execve("/home/zhuran24/.codex/tmp/arg0/codex-arg0DuAZRy/sha256sum", ["sha256sum", "--", "/tmp/kernel-audit2-v3r63b5w/\346\261\202\350\247\243\345\231\250/\350\247\204\346\240\274/\351\200\211\346\213\251\347\202\271\345\217\202\346\225\260\350\275\264.md"], 0x7ffe3bafa178 /* 135 vars */) = -1 ENOENT (No such file or directory)
1430020 execve("/home/zhuran24/.cargo/bin/sha256sum", ["sha256sum", "--", "/tmp/kernel-audit2-v3r63b5w/\346\261\202\350\247\243\345\231\250/\350\247\204\346\240\274/\351\200\211\346\213\251\347\202\271\345\217\202\346\225\260\350\275\264.md"], 0x7ffe3bafa178 /* 135 vars */) = -1 ENOENT (No such file or directory)
1430020 execve("/home/zhuran24/.local/bin/sha256sum", ["sha256sum", "--", "/tmp/kernel-audit2-v3r63b5w/\346\261\202\350\247\243\345\231\250/\350\247\204\346\240\274/\351\200\211\346\213\251\347\202\271\345\217\202\346\225\260\350\275\264.md"], 0x7ffe3bafa178 /* 135 vars */) = -1 ENOENT (No such file or directory)
1430020 execve("/home/zhuran24/.opencode/bin/sha256sum", ["sha256sum", "--", "/tmp/kernel-audit2-v3r63b5w/\346\261\202\350\247\243\345\231\250/\350\247\204\346\240\274/\351\200\211\346\213\251\347\202\271\345\217\202\346\225\260\350\275\264.md"], 0x7ffe3bafa178 /* 135 vars */) = -1 ENOENT (No such file or directory)
1430020 execve("/usr/local/bin/sha256sum", ["sha256sum", "--", "/tmp/kernel-audit2-v3r63b5w/\346\261\202\350\247\243\345\231\250/\350\247\204\346\240\274/\351\200\211\346\213\251\347\202\271\345\217\202\346\225\260\350\275\264.md"], 0x7ffe3bafa178 /* 135 vars */) = -1 ENOENT (No such file or directory)
1430020 execve("/usr/bin/sha256sum", ["sha256sum", "--", "/tmp/kernel-audit2-v3r63b5w/\346\261\202\350\247\243\345\231\250/\350\247\204\346\240\274/\351\200\211\346\213\251\347\202\271\345\217\202\346\225\260\350\275\264.md"], 0x7ffe3bafa178 /* 135 vars */) = 0
1430020 openat(AT_FDCWD</tmp/kernel-audit2-v3r63b5w/\346\261\202\350\247\243\345\231\250>, "/etc/ld.so.cache", O_RDONLY|O_CLOEXEC) = 3</etc/ld.so.cache>
1430020 openat(AT_FDCWD</tmp/kernel-audit2-v3r63b5w/\346\261\202\350\247\243\345\231\250>, "/usr/lib/libcrypto.so.3", O_RDONLY|O_CLOEXEC) = 3</usr/lib/libcrypto.so.3>
1430020 openat(AT_FDCWD</tmp/kernel-audit2-v3r63b5w/\346\261\202\350\247\243\345\231\250>, "/usr/lib/libc.so.6", O_RDONLY|O_CLOEXEC) = 3</usr/lib/libc.so.6>
1430020 openat(AT_FDCWD</tmp/kernel-audit2-v3r63b5w/\346\261\202\350\247\243\345\231\250>, "/usr/lib/libz.so.1", O_RDONLY|O_CLOEXEC) = 3</usr/lib/libz.so.1.3.1.zlib-ng>
1430020 openat(AT_FDCWD</tmp/kernel-audit2-v3r63b5w/\346\261\202\350\247\243\345\231\250>, "/usr/lib/libbrotlienc.so.1", O_RDONLY|O_CLOEXEC) = 3</usr/lib/libbrotlienc.so.1.2.0>
1430020 openat(AT_FDCWD</tmp/kernel-audit2-v3r63b5w/\346\261\202\350\247\243\345\231\250>, "/usr/lib/libbrotlidec.so.1", O_RDONLY|O_CLOEXEC) = 3</usr/lib/libbrotlidec.so.1.2.0>
1430020 openat(AT_FDCWD</tmp/kernel-audit2-v3r63b5w/\346\261\202\350\247\243\345\231\250>, "/usr/lib/libzstd.so.1", O_RDONLY|O_CLOEXEC) = 3</usr/lib/libzstd.so.1.5.7>
1430020 openat(AT_FDCWD</tmp/kernel-audit2-v3r63b5w/\346\261\202\350\247\243\345\231\250>, "/usr/lib/libm.so.6", O_RDONLY|O_CLOEXEC) = 3</usr/lib/libm.so.6>
1430020 openat(AT_FDCWD</tmp/kernel-audit2-v3r63b5w/\346\261\202\350\247\243\345\231\250>, "/usr/lib/libbrotlicommon.so.1", O_RDONLY|O_CLOEXEC) = 3</usr/lib/libbrotlicommon.so.1.2.0>
1430020 openat(AT_FDCWD</tmp/kernel-audit2-v3r63b5w/\346\261\202\350\247\243\345\231\250>, "/usr/lib/locale/locale-archive", O_RDONLY|O_CLOEXEC) = 3</usr/lib/locale/locale-archive>
1430020 openat(AT_FDCWD</tmp/kernel-audit2-v3r63b5w/\346\261\202\350\247\243\345\231\250>, "/usr/share/locale/locale.alias", O_RDONLY|O_CLOEXEC) = 3</usr/share/locale/locale.alias>
1430020 openat(AT_FDCWD</tmp/kernel-audit2-v3r63b5w/\346\261\202\350\247\243\345\231\250>, "/usr/lib/locale/C.UTF-8/LC_IDENTIFICATION", O_RDONLY|O_CLOEXEC) = -1 ENOENT (No such file or directory)
1430020 openat(AT_FDCWD</tmp/kernel-audit2-v3r63b5w/\346\261\202\350\247\243\345\231\250>, "/usr/lib/locale/C.utf8/LC_IDENTIFICATION", O_RDONLY|O_CLOEXEC) = 3</usr/lib/locale/C.utf8/LC_IDENTIFICATION>
1430020 openat(AT_FDCWD</tmp/kernel-audit2-v3r63b5w/\346\261\202\350\247\243\345\231\250>, "/usr/lib/gconv/gconv-modules.cache", O_RDONLY|O_CLOEXEC) = 3</usr/lib/gconv/gconv-modules.cache>
1430020 openat(AT_FDCWD</tmp/kernel-audit2-v3r63b5w/\346\261\202\350\247\243\345\231\250>, "/usr/lib/locale/C.UTF-8/LC_MEASUREMENT", O_RDONLY|O_CLOEXEC) = -1 ENOENT (No such file or directory)
1430020 openat(AT_FDCWD</tmp/kernel-audit2-v3r63b5w/\346\261\202\350\247\243\345\231\250>, "/usr/lib/locale/C.utf8/LC_MEASUREMENT", O_RDONLY|O_CLOEXEC) = 3</usr/lib/locale/C.utf8/LC_MEASUREMENT>
1430020 openat(AT_FDCWD</tmp/kernel-audit2-v3r63b5w/\346\261\202\350\247\243\345\231\250>, "/usr/lib/locale/C.UTF-8/LC_TELEPHONE", O_RDONLY|O_CLOEXEC) = -1 ENOENT (No such file or directory)
1430020 openat(AT_FDCWD</tmp/kernel-audit2-v3r63b5w/\346\261\202\350\247\243\345\231\250>, "/usr/lib/locale/C.utf8/LC_TELEPHONE", O_RDONLY|O_CLOEXEC) = 3</usr/lib/locale/C.utf8/LC_TELEPHONE>
1430020 openat(AT_FDCWD</tmp/kernel-audit2-v3r63b5w/\346\261\202\350\247\243\345\231\250>, "/usr/lib/locale/C.UTF-8/LC_ADDRESS", O_RDONLY|O_CLOEXEC) = -1 ENOENT (No such file or directory)
1430020 openat(AT_FDCWD</tmp/kernel-audit2-v3r63b5w/\346\261\202\350\247\243\345\231\250>, "/usr/lib/locale/C.utf8/LC_ADDRESS", O_RDONLY|O_CLOEXEC) = 3</usr/lib/locale/C.utf8/LC_ADDRESS>
1430020 openat(AT_FDCWD</tmp/kernel-audit2-v3r63b5w/\346\261\202\350\247\243\345\231\250>, "/usr/lib/locale/C.UTF-8/LC_NAME", O_RDONLY|O_CLOEXEC) = -1 ENOENT (No such file or directory)
1430020 openat(AT_FDCWD</tmp/kernel-audit2-v3r63b5w/\346\261\202\350\247\243\345\231\250>, "/usr/lib/locale/C.utf8/LC_NAME", O_RDONLY|O_CLOEXEC) = 3</usr/lib/locale/C.utf8/LC_NAME>
1430020 openat(AT_FDCWD</tmp/kernel-audit2-v3r63b5w/\346\261\202\350\247\243\345\231\250>, "/usr/lib/locale/C.UTF-8/LC_PAPER", O_RDONLY|O_CLOEXEC) = -1 ENOENT (No such file or directory)
1430020 openat(AT_FDCWD</tmp/kernel-audit2-v3r63b5w/\346\261\202\350\247\243\345\231\250>, "/usr/lib/locale/C.utf8/LC_PAPER", O_RDONLY|O_CLOEXEC) = 3</usr/lib/locale/C.utf8/LC_PAPER>
1430020 openat(AT_FDCWD</tmp/kernel-audit2-v3r63b5w/\346\261\202\350\247\243\345\231\250>, "/usr/lib/locale/C.UTF-8/LC_MESSAGES", O_RDONLY|O_CLOEXEC) = -1 ENOENT (No such file or directory)
1430020 openat(AT_FDCWD</tmp/kernel-audit2-v3r63b5w/\346\261\202\350\247\243\345\231\250>, "/usr/lib/locale/C.utf8/LC_MESSAGES", O_RDONLY|O_CLOEXEC) = 3</usr/lib/locale/C.utf8/LC_MESSAGES>
1430020 openat(AT_FDCWD</tmp/kernel-audit2-v3r63b5w/\346\261\202\350\247\243\345\231\250>, "/usr/lib/locale/C.utf8/LC_MESSAGES/SYS_LC_MESSAGES", O_RDONLY|O_CLOEXEC) = 3</usr/lib/locale/C.utf8/LC_MESSAGES/SYS_LC_MESSAGES>
1430020 openat(AT_FDCWD</tmp/kernel-audit2-v3r63b5w/\346\261\202\350\247\243\345\231\250>, "/usr/lib/locale/C.UTF-8/LC_MONETARY", O_RDONLY|O_CLOEXEC) = -1 ENOENT (No such file or directory)
1430020 openat(AT_FDCWD</tmp/kernel-audit2-v3r63b5w/\346\261\202\350\247\243\345\231\250>, "/usr/lib/locale/C.utf8/LC_MONETARY", O_RDONLY|O_CLOEXEC) = 3</usr/lib/locale/C.utf8/LC_MONETARY>
1430020 openat(AT_FDCWD</tmp/kernel-audit2-v3r63b5w/\346\261\202\350\247\243\345\231\250>, "/usr/lib/locale/C.UTF-8/LC_COLLATE", O_RDONLY|O_CLOEXEC) = -1 ENOENT (No such file or directory)
1430020 openat(AT_FDCWD</tmp/kernel-audit2-v3r63b5w/\346\261\202\350\247\243\345\231\250>, "/usr/lib/locale/C.utf8/LC_COLLATE", O_RDONLY|O_CLOEXEC) = 3</usr/lib/locale/C.utf8/LC_COLLATE>
1430020 openat(AT_FDCWD</tmp/kernel-audit2-v3r63b5w/\346\261\202\350\247\243\345\231\250>, "/usr/lib/locale/C.UTF-8/LC_TIME", O_RDONLY|O_CLOEXEC) = -1 ENOENT (No such file or directory)
1430020 openat(AT_FDCWD</tmp/kernel-audit2-v3r63b5w/\346\261\202\350\247\243\345\231\250>, "/usr/lib/locale/C.utf8/LC_TIME", O_RDONLY|O_CLOEXEC) = 3</usr/lib/locale/C.utf8/LC_TIME>
1430020 openat(AT_FDCWD</tmp/kernel-audit2-v3r63b5w/\346\261\202\350\247\243\345\231\250>, "/usr/lib/locale/C.UTF-8/LC_NUMERIC", O_RDONLY|O_CLOEXEC) = -1 ENOENT (No such file or directory)
1430020 openat(AT_FDCWD</tmp/kernel-audit2-v3r63b5w/\346\261\202\350\247\243\345\231\250>, "/usr/lib/locale/C.utf8/LC_NUMERIC", O_RDONLY|O_CLOEXEC) = 3</usr/lib/locale/C.utf8/LC_NUMERIC>
1430020 openat(AT_FDCWD</tmp/kernel-audit2-v3r63b5w/\346\261\202\350\247\243\345\231\250>, "/usr/lib/locale/C.UTF-8/LC_CTYPE", O_RDONLY|O_CLOEXEC) = -1 ENOENT (No such file or directory)
1430020 openat(AT_FDCWD</tmp/kernel-audit2-v3r63b5w/\346\261\202\350\247\243\345\231\250>, "/usr/lib/locale/C.utf8/LC_CTYPE", O_RDONLY|O_CLOEXEC) = 3</usr/lib/locale/C.utf8/LC_CTYPE>
1430020 openat(AT_FDCWD</tmp/kernel-audit2-v3r63b5w/\346\261\202\350\247\243\345\231\250>, "/tmp/kernel-audit2-v3r63b5w/\346\261\202\350\247\243\345\231\250/\350\247\204\346\240\274/\351\200\211\346\213\251\347\202\271\345\217\202\346\225\260\350\275\264.md", O_RDONLY) = 3</tmp/kernel-audit2-v3r63b5w/\346\261\202\350\247\243\345\231\250/\350\247\204\346\240\274/\351\200\211\346\213\251\347\202\271\345\217\202\346\225\260\350\275\264.md>
1430014 --- SIGCHLD {si_signo=SIGCHLD, si_code=CLD_EXITED, si_pid=1430020, si_uid=1000, si_status=0, si_utime=0, si_stime=0} ---
1430014 openat(AT_FDCWD</tmp/kernel-audit2-v3r63b5w/\346\261\202\350\247\243\345\231\250>, "/dev/null", O_RDONLY|O_CLOEXEC) = 3</dev/null<char 1:3>>
1430021 execve("/home/zhuran24/.codex/tmp/arg0/codex-arg0DuAZRy/sha256sum", ["sha256sum", "--", "/tmp/kernel-audit2-v3r63b5w/\346\261\202\350\247\243\345\231\250/\346\225\260\346\215\256/\346\240\267\344\276\213/\347\224\237\344\272\247\345\276\252\347\216\257\347\216\257\345\270\246.json"], 0x7ffe3bafa178 /* 135 vars */) = -1 ENOENT (No such file or directory)
1430021 execve("/home/zhuran24/.cargo/bin/sha256sum", ["sha256sum", "--", "/tmp/kernel-audit2-v3r63b5w/\346\261\202\350\247\243\345\231\250/\346\225\260\346\215\256/\346\240\267\344\276\213/\347\224\237\344\272\247\345\276\252\347\216\257\347\216\257\345\270\246.json"], 0x7ffe3bafa178 /* 135 vars */) = -1 ENOENT (No such file or directory)
1430021 execve("/home/zhuran24/.local/bin/sha256sum", ["sha256sum", "--", "/tmp/kernel-audit2-v3r63b5w/\346\261\202\350\247\243\345\231\250/\346\225\260\346\215\256/\346\240\267\344\276\213/\347\224\237\344\272\247\345\276\252\347\216\257\347\216\257\345\270\246.json"], 0x7ffe3bafa178 /* 135 vars */) = -1 ENOENT (No such file or directory)
1430021 execve("/home/zhuran24/.opencode/bin/sha256sum", ["sha256sum", "--", "/tmp/kernel-audit2-v3r63b5w/\346\261\202\350\247\243\345\231\250/\346\225\260\346\215\256/\346\240\267\344\276\213/\347\224\237\344\272\247\345\276\252\347\216\257\347\216\257\345\270\246.json"], 0x7ffe3bafa178 /* 135 vars */) = -1 ENOENT (No such file or directory)
1430021 execve("/usr/local/bin/sha256sum", ["sha256sum", "--", "/tmp/kernel-audit2-v3r63b5w/\346\261\202\350\247\243\345\231\250/\346\225\260\346\215\256/\346\240\267\344\276\213/\347\224\237\344\272\247\345\276\252\347\216\257\347\216\257\345\270\246.json"], 0x7ffe3bafa178 /* 135 vars */) = -1 ENOENT (No such file or directory)
1430021 execve("/usr/bin/sha256sum", ["sha256sum", "--", "/tmp/kernel-audit2-v3r63b5w/\346\261\202\350\247\243\345\231\250/\346\225\260\346\215\256/\346\240\267\344\276\213/\347\224\237\344\272\247\345\276\252\347\216\257\347\216\257\345\270\246.json"], 0x7ffe3bafa178 /* 135 vars */) = 0
1430021 openat(AT_FDCWD</tmp/kernel-audit2-v3r63b5w/\346\261\202\350\247\243\345\231\250>, "/etc/ld.so.cache", O_RDONLY|O_CLOEXEC) = 3</etc/ld.so.cache>
1430021 openat(AT_FDCWD</tmp/kernel-audit2-v3r63b5w/\346\261\202\350\247\243\345\231\250>, "/usr/lib/libcrypto.so.3", O_RDONLY|O_CLOEXEC) = 3</usr/lib/libcrypto.so.3>
1430021 openat(AT_FDCWD</tmp/kernel-audit2-v3r63b5w/\346\261\202\350\247\243\345\231\250>, "/usr/lib/libc.so.6", O_RDONLY|O_CLOEXEC) = 3</usr/lib/libc.so.6>
1430021 openat(AT_FDCWD</tmp/kernel-audit2-v3r63b5w/\346\261\202\350\247\243\345\231\250>, "/usr/lib/libz.so.1", O_RDONLY|O_CLOEXEC) = 3</usr/lib/libz.so.1.3.1.zlib-ng>
1430021 openat(AT_FDCWD</tmp/kernel-audit2-v3r63b5w/\346\261\202\350\247\243\345\231\250>, "/usr/lib/libbrotlienc.so.1", O_RDONLY|O_CLOEXEC) = 3</usr/lib/libbrotlienc.so.1.2.0>
1430021 openat(AT_FDCWD</tmp/kernel-audit2-v3r63b5w/\346\261\202\350\247\243\345\231\250>, "/usr/lib/libbrotlidec.so.1", O_RDONLY|O_CLOEXEC) = 3</usr/lib/libbrotlidec.so.1.2.0>
1430021 openat(AT_FDCWD</tmp/kernel-audit2-v3r63b5w/\346\261\202\350\247\243\345\231\250>, "/usr/lib/libzstd.so.1", O_RDONLY|O_CLOEXEC) = 3</usr/lib/libzstd.so.1.5.7>
1430021 openat(AT_FDCWD</tmp/kernel-audit2-v3r63b5w/\346\261\202\350\247\243\345\231\250>, "/usr/lib/libm.so.6", O_RDONLY|O_CLOEXEC) = 3</usr/lib/libm.so.6>
1430021 openat(AT_FDCWD</tmp/kernel-audit2-v3r63b5w/\346\261\202\350\247\243\345\231\250>, "/usr/lib/libbrotlicommon.so.1", O_RDONLY|O_CLOEXEC) = 3</usr/lib/libbrotlicommon.so.1.2.0>
1430021 openat(AT_FDCWD</tmp/kernel-audit2-v3r63b5w/\346\261\202\350\247\243\345\231\250>, "/usr/lib/locale/locale-archive", O_RDONLY|O_CLOEXEC) = 3</usr/lib/locale/locale-archive>
1430021 openat(AT_FDCWD</tmp/kernel-audit2-v3r63b5w/\346\261\202\350\247\243\345\231\250>, "/usr/share/locale/locale.alias", O_RDONLY|O_CLOEXEC) = 3</usr/share/locale/locale.alias>
1430021 openat(AT_FDCWD</tmp/kernel-audit2-v3r63b5w/\346\261\202\350\247\243\345\231\250>, "/usr/lib/locale/C.UTF-8/LC_IDENTIFICATION", O_RDONLY|O_CLOEXEC) = -1 ENOENT (No such file or directory)
1430021 openat(AT_FDCWD</tmp/kernel-audit2-v3r63b5w/\346\261\202\350\247\243\345\231\250>, "/usr/lib/locale/C.utf8/LC_IDENTIFICATION", O_RDONLY|O_CLOEXEC) = 3</usr/lib/locale/C.utf8/LC_IDENTIFICATION>
1430021 openat(AT_FDCWD</tmp/kernel-audit2-v3r63b5w/\346\261\202\350\247\243\345\231\250>, "/usr/lib/gconv/gconv-modules.cache", O_RDONLY|O_CLOEXEC) = 3</usr/lib/gconv/gconv-modules.cache>
1430021 openat(AT_FDCWD</tmp/kernel-audit2-v3r63b5w/\346\261\202\350\247\243\345\231\250>, "/usr/lib/locale/C.UTF-8/LC_MEASUREMENT", O_RDONLY|O_CLOEXEC) = -1 ENOENT (No such file or directory)
1430021 openat(AT_FDCWD</tmp/kernel-audit2-v3r63b5w/\346\261\202\350\247\243\345\231\250>, "/usr/lib/locale/C.utf8/LC_MEASUREMENT", O_RDONLY|O_CLOEXEC) = 3</usr/lib/locale/C.utf8/LC_MEASUREMENT>
1430021 openat(AT_FDCWD</tmp/kernel-audit2-v3r63b5w/\346\261\202\350\247\243\345\231\250>, "/usr/lib/locale/C.UTF-8/LC_TELEPHONE", O_RDONLY|O_CLOEXEC) = -1 ENOENT (No such file or directory)
1430021 openat(AT_FDCWD</tmp/kernel-audit2-v3r63b5w/\346\261\202\350\247\243\345\231\250>, "/usr/lib/locale/C.utf8/LC_TELEPHONE", O_RDONLY|O_CLOEXEC) = 3</usr/lib/locale/C.utf8/LC_TELEPHONE>
1430021 openat(AT_FDCWD</tmp/kernel-audit2-v3r63b5w/\346\261\202\350\247\243\345\231\250>, "/usr/lib/locale/C.UTF-8/LC_ADDRESS", O_RDONLY|O_CLOEXEC) = -1 ENOENT (No such file or directory)
1430021 openat(AT_FDCWD</tmp/kernel-audit2-v3r63b5w/\346\261\202\350\247\243\345\231\250>, "/usr/lib/locale/C.utf8/LC_ADDRESS", O_RDONLY|O_CLOEXEC) = 3</usr/lib/locale/C.utf8/LC_ADDRESS>
1430021 openat(AT_FDCWD</tmp/kernel-audit2-v3r63b5w/\346\261\202\350\247\243\345\231\250>, "/usr/lib/locale/C.UTF-8/LC_NAME", O_RDONLY|O_CLOEXEC) = -1 ENOENT (No such file or directory)
1430021 openat(AT_FDCWD</tmp/kernel-audit2-v3r63b5w/\346\261\202\350\247\243\345\231\250>, "/usr/lib/locale/C.utf8/LC_NAME", O_RDONLY|O_CLOEXEC) = 3</usr/lib/locale/C.utf8/LC_NAME>
1430021 openat(AT_FDCWD</tmp/kernel-audit2-v3r63b5w/\346\261\202\350\247\243\345\231\250>, "/usr/lib/locale/C.UTF-8/LC_PAPER", O_RDONLY|O_CLOEXEC) = -1 ENOENT (No such file or directory)
1430021 openat(AT_FDCWD</tmp/kernel-audit2-v3r63b5w/\346\261\202\350\247\243\345\231\250>, "/usr/lib/locale/C.utf8/LC_PAPER", O_RDONLY|O_CLOEXEC) = 3</usr/lib/locale/C.utf8/LC_PAPER>
1430021 openat(AT_FDCWD</tmp/kernel-audit2-v3r63b5w/\346\261\202\350\247\243\345\231\250>, "/usr/lib/locale/C.UTF-8/LC_MESSAGES", O_RDONLY|O_CLOEXEC) = -1 ENOENT (No such file or directory)
1430021 openat(AT_FDCWD</tmp/kernel-audit2-v3r63b5w/\346\261\202\350\247\243\345\231\250>, "/usr/lib/locale/C.utf8/LC_MESSAGES", O_RDONLY|O_CLOEXEC) = 3</usr/lib/locale/C.utf8/LC_MESSAGES>
1430021 openat(AT_FDCWD</tmp/kernel-audit2-v3r63b5w/\346\261\202\350\247\243\345\231\250>, "/usr/lib/locale/C.utf8/LC_MESSAGES/SYS_LC_MESSAGES", O_RDONLY|O_CLOEXEC) = 3</usr/lib/locale/C.utf8/LC_MESSAGES/SYS_LC_MESSAGES>
1430021 openat(AT_FDCWD</tmp/kernel-audit2-v3r63b5w/\346\261\202\350\247\243\345\231\250>, "/usr/lib/locale/C.UTF-8/LC_MONETARY", O_RDONLY|O_CLOEXEC) = -1 ENOENT (No such file or directory)
1430021 openat(AT_FDCWD</tmp/kernel-audit2-v3r63b5w/\346\261\202\350\247\243\345\231\250>, "/usr/lib/locale/C.utf8/LC_MONETARY", O_RDONLY|O_CLOEXEC) = 3</usr/lib/locale/C.utf8/LC_MONETARY>
1430021 openat(AT_FDCWD</tmp/kernel-audit2-v3r63b5w/\346\261\202\350\247\243\345\231\250>, "/usr/lib/locale/C.UTF-8/LC_COLLATE", O_RDONLY|O_CLOEXEC) = -1 ENOENT (No such file or directory)
1430021 openat(AT_FDCWD</tmp/kernel-audit2-v3r63b5w/\346\261\202\350\247\243\345\231\250>, "/usr/lib/locale/C.utf8/LC_COLLATE", O_RDONLY|O_CLOEXEC) = 3</usr/lib/locale/C.utf8/LC_COLLATE>
1430021 openat(AT_FDCWD</tmp/kernel-audit2-v3r63b5w/\346\261\202\350\247\243\345\231\250>, "/usr/lib/locale/C.UTF-8/LC_TIME", O_RDONLY|O_CLOEXEC) = -1 ENOENT (No such file or directory)
1430021 openat(AT_FDCWD</tmp/kernel-audit2-v3r63b5w/\346\261\202\350\247\243\345\231\250>, "/usr/lib/locale/C.utf8/LC_TIME", O_RDONLY|O_CLOEXEC) = 3</usr/lib/locale/C.utf8/LC_TIME>
1430021 openat(AT_FDCWD</tmp/kernel-audit2-v3r63b5w/\346\261\202\350\247\243\345\231\250>, "/usr/lib/locale/C.UTF-8/LC_NUMERIC", O_RDONLY|O_CLOEXEC) = -1 ENOENT (No such file or directory)
1430021 openat(AT_FDCWD</tmp/kernel-audit2-v3r63b5w/\346\261\202\350\247\243\345\231\250>, "/usr/lib/locale/C.utf8/LC_NUMERIC", O_RDONLY|O_CLOEXEC) = 3</usr/lib/locale/C.utf8/LC_NUMERIC>
1430021 openat(AT_FDCWD</tmp/kernel-audit2-v3r63b5w/\346\261\202\350\247\243\345\231\250>, "/usr/lib/locale/C.UTF-8/LC_CTYPE", O_RDONLY|O_CLOEXEC) = -1 ENOENT (No such file or directory)
1430021 openat(AT_FDCWD</tmp/kernel-audit2-v3r63b5w/\346\261\202\350\247\243\345\231\250>, "/usr/lib/locale/C.utf8/LC_CTYPE", O_RDONLY|O_CLOEXEC) = 3</usr/lib/locale/C.utf8/LC_CTYPE>
1430021 openat(AT_FDCWD</tmp/kernel-audit2-v3r63b5w/\346\261\202\350\247\243\345\231\250>, "/tmp/kernel-audit2-v3r63b5w/\346\261\202\350\247\243\345\231\250/\346\225\260\346\215\256/\346\240\267\344\276\213/\347\224\237\344\272\247\345\276\252\347\216\257\347\216\257\345\270\246.json", O_RDONLY) = 3</tmp/kernel-audit2-v3r63b5w/\346\261\202\350\247\243\345\231\250/\346\225\260\346\215\256/\346\240\267\344\276\213/\347\224\237\344\272\247\345\276\252\347\216\257\347\216\257\345\270\246.json>
1430014 --- SIGCHLD {si_signo=SIGCHLD, si_code=CLD_EXITED, si_pid=1430021, si_uid=1000, si_status=0, si_utime=0, si_stime=0} ---
1430014 openat(AT_FDCWD</tmp/kernel-audit2-v3r63b5w/\346\261\202\350\247\243\345\231\250>, "/dev/null", O_RDONLY|O_CLOEXEC) = 3</dev/null<char 1:3>>
1430022 execve("/home/zhuran24/.codex/tmp/arg0/codex-arg0DuAZRy/sha256sum", ["sha256sum", "--", "/tmp/kernel-audit2-v3r63b5w/\346\261\202\350\247\243\345\231\250/\350\247\204\346\240\274/\345\206\205\346\240\270\351\205\215\347\275\256-v1.json"], 0x7ffe3bafa178 /* 135 vars */) = -1 ENOENT (No such file or directory)
1430022 execve("/home/zhuran24/.cargo/bin/sha256sum", ["sha256sum", "--", "/tmp/kernel-audit2-v3r63b5w/\346\261\202\350\247\243\345\231\250/\350\247\204\346\240\274/\345\206\205\346\240\270\351\205\215\347\275\256-v1.json"], 0x7ffe3bafa178 /* 135 vars */) = -1 ENOENT (No such file or directory)
1430022 execve("/home/zhuran24/.local/bin/sha256sum", ["sha256sum", "--", "/tmp/kernel-audit2-v3r63b5w/\346\261\202\350\247\243\345\231\250/\350\247\204\346\240\274/\345\206\205\346\240\270\351\205\215\347\275\256-v1.json"], 0x7ffe3bafa178 /* 135 vars */) = -1 ENOENT (No such file or directory)
1430022 execve("/home/zhuran24/.opencode/bin/sha256sum", ["sha256sum", "--", "/tmp/kernel-audit2-v3r63b5w/\346\261\202\350\247\243\345\231\250/\350\247\204\346\240\274/\345\206\205\346\240\270\351\205\215\347\275\256-v1.json"], 0x7ffe3bafa178 /* 135 vars */) = -1 ENOENT (No such file or directory)
1430022 execve("/usr/local/bin/sha256sum", ["sha256sum", "--", "/tmp/kernel-audit2-v3r63b5w/\346\261\202\350\247\243\345\231\250/\350\247\204\346\240\274/\345\206\205\346\240\270\351\205\215\347\275\256-v1.json"], 0x7ffe3bafa178 /* 135 vars */) = -1 ENOENT (No such file or directory)
1430022 execve("/usr/bin/sha256sum", ["sha256sum", "--", "/tmp/kernel-audit2-v3r63b5w/\346\261\202\350\247\243\345\231\250/\350\247\204\346\240\274/\345\206\205\346\240\270\351\205\215\347\275\256-v1.json"], 0x7ffe3bafa178 /* 135 vars */) = 0
1430022 openat(AT_FDCWD</tmp/kernel-audit2-v3r63b5w/\346\261\202\350\247\243\345\231\250>, "/etc/ld.so.cache", O_RDONLY|O_CLOEXEC) = 3</etc/ld.so.cache>
1430022 openat(AT_FDCWD</tmp/kernel-audit2-v3r63b5w/\346\261\202\350\247\243\345\231\250>, "/usr/lib/libcrypto.so.3", O_RDONLY|O_CLOEXEC) = 3</usr/lib/libcrypto.so.3>
1430022 openat(AT_FDCWD</tmp/kernel-audit2-v3r63b5w/\346\261\202\350\247\243\345\231\250>, "/usr/lib/libc.so.6", O_RDONLY|O_CLOEXEC) = 3</usr/lib/libc.so.6>
1430022 openat(AT_FDCWD</tmp/kernel-audit2-v3r63b5w/\346\261\202\350\247\243\345\231\250>, "/usr/lib/libz.so.1", O_RDONLY|O_CLOEXEC) = 3</usr/lib/libz.so.1.3.1.zlib-ng>
1430022 openat(AT_FDCWD</tmp/kernel-audit2-v3r63b5w/\346\261\202\350\247\243\345\231\250>, "/usr/lib/libbrotlienc.so.1", O_RDONLY|O_CLOEXEC) = 3</usr/lib/libbrotlienc.so.1.2.0>
1430022 openat(AT_FDCWD</tmp/kernel-audit2-v3r63b5w/\346\261\202\350\247\243\345\231\250>, "/usr/lib/libbrotlidec.so.1", O_RDONLY|O_CLOEXEC) = 3</usr/lib/libbrotlidec.so.1.2.0>
1430022 openat(AT_FDCWD</tmp/kernel-audit2-v3r63b5w/\346\261\202\350\247\243\345\231\250>, "/usr/lib/libzstd.so.1", O_RDONLY|O_CLOEXEC) = 3</usr/lib/libzstd.so.1.5.7>
1430022 openat(AT_FDCWD</tmp/kernel-audit2-v3r63b5w/\346\261\202\350\247\243\345\231\250>, "/usr/lib/libm.so.6", O_RDONLY|O_CLOEXEC) = 3</usr/lib/libm.so.6>
1430022 openat(AT_FDCWD</tmp/kernel-audit2-v3r63b5w/\346\261\202\350\247\243\345\231\250>, "/usr/lib/libbrotlicommon.so.1", O_RDONLY|O_CLOEXEC) = 3</usr/lib/libbrotlicommon.so.1.2.0>
1430022 openat(AT_FDCWD</tmp/kernel-audit2-v3r63b5w/\346\261\202\350\247\243\345\231\250>, "/usr/lib/locale/locale-archive", O_RDONLY|O_CLOEXEC) = 3</usr/lib/locale/locale-archive>
1430022 openat(AT_FDCWD</tmp/kernel-audit2-v3r63b5w/\346\261\202\350\247\243\345\231\250>, "/usr/share/locale/locale.alias", O_RDONLY|O_CLOEXEC) = 3</usr/share/locale/locale.alias>
1430022 openat(AT_FDCWD</tmp/kernel-audit2-v3r63b5w/\346\261\202\350\247\243\345\231\250>, "/usr/lib/locale/C.UTF-8/LC_IDENTIFICATION", O_RDONLY|O_CLOEXEC) = -1 ENOENT (No such file or directory)
1430022 openat(AT_FDCWD</tmp/kernel-audit2-v3r63b5w/\346\261\202\350\247\243\345\231\250>, "/usr/lib/locale/C.utf8/LC_IDENTIFICATION", O_RDONLY|O_CLOEXEC) = 3</usr/lib/locale/C.utf8/LC_IDENTIFICATION>
1430022 openat(AT_FDCWD</tmp/kernel-audit2-v3r63b5w/\346\261\202\350\247\243\345\231\250>, "/usr/lib/gconv/gconv-modules.cache", O_RDONLY|O_CLOEXEC) = 3</usr/lib/gconv/gconv-modules.cache>
1430022 openat(AT_FDCWD</tmp/kernel-audit2-v3r63b5w/\346\261\202\350\247\243\345\231\250>, "/usr/lib/locale/C.UTF-8/LC_MEASUREMENT", O_RDONLY|O_CLOEXEC) = -1 ENOENT (No such file or directory)
1430022 openat(AT_FDCWD</tmp/kernel-audit2-v3r63b5w/\346\261\202\350\247\243\345\231\250>, "/usr/lib/locale/C.utf8/LC_MEASUREMENT", O_RDONLY|O_CLOEXEC) = 3</usr/lib/locale/C.utf8/LC_MEASUREMENT>
1430022 openat(AT_FDCWD</tmp/kernel-audit2-v3r63b5w/\346\261\202\350\247\243\345\231\250>, "/usr/lib/locale/C.UTF-8/LC_TELEPHONE", O_RDONLY|O_CLOEXEC) = -1 ENOENT (No such file or directory)
1430022 openat(AT_FDCWD</tmp/kernel-audit2-v3r63b5w/\346\261\202\350\247\243\345\231\250>, "/usr/lib/locale/C.utf8/LC_TELEPHONE", O_RDONLY|O_CLOEXEC) = 3</usr/lib/locale/C.utf8/LC_TELEPHONE>
1430022 openat(AT_FDCWD</tmp/kernel-audit2-v3r63b5w/\346\261\202\350\247\243\345\231\250>, "/usr/lib/locale/C.UTF-8/LC_ADDRESS", O_RDONLY|O_CLOEXEC) = -1 ENOENT (No such file or directory)
1430022 openat(AT_FDCWD</tmp/kernel-audit2-v3r63b5w/\346\261\202\350\247\243\345\231\250>, "/usr/lib/locale/C.utf8/LC_ADDRESS", O_RDONLY|O_CLOEXEC) = 3</usr/lib/locale/C.utf8/LC_ADDRESS>
1430022 openat(AT_FDCWD</tmp/kernel-audit2-v3r63b5w/\346\261\202\350\247\243\345\231\250>, "/usr/lib/locale/C.UTF-8/LC_NAME", O_RDONLY|O_CLOEXEC) = -1 ENOENT (No such file or directory)
1430022 openat(AT_FDCWD</tmp/kernel-audit2-v3r63b5w/\346\261\202\350\247\243\345\231\250>, "/usr/lib/locale/C.utf8/LC_NAME", O_RDONLY|O_CLOEXEC) = 3</usr/lib/locale/C.utf8/LC_NAME>
1430022 openat(AT_FDCWD</tmp/kernel-audit2-v3r63b5w/\346\261\202\350\247\243\345\231\250>, "/usr/lib/locale/C.UTF-8/LC_PAPER", O_RDONLY|O_CLOEXEC) = -1 ENOENT (No such file or directory)
1430022 openat(AT_FDCWD</tmp/kernel-audit2-v3r63b5w/\346\261\202\350\247\243\345\231\250>, "/usr/lib/locale/C.utf8/LC_PAPER", O_RDONLY|O_CLOEXEC) = 3</usr/lib/locale/C.utf8/LC_PAPER>
1430022 openat(AT_FDCWD</tmp/kernel-audit2-v3r63b5w/\346\261\202\350\247\243\345\231\250>, "/usr/lib/locale/C.UTF-8/LC_MESSAGES", O_RDONLY|O_CLOEXEC) = -1 ENOENT (No such file or directory)
1430022 openat(AT_FDCWD</tmp/kernel-audit2-v3r63b5w/\346\261\202\350\247\243\345\231\250>, "/usr/lib/locale/C.utf8/LC_MESSAGES", O_RDONLY|O_CLOEXEC) = 3</usr/lib/locale/C.utf8/LC_MESSAGES>
1430022 openat(AT_FDCWD</tmp/kernel-audit2-v3r63b5w/\346\261\202\350\247\243\345\231\250>, "/usr/lib/locale/C.utf8/LC_MESSAGES/SYS_LC_MESSAGES", O_RDONLY|O_CLOEXEC) = 3</usr/lib/locale/C.utf8/LC_MESSAGES/SYS_LC_MESSAGES>
1430022 openat(AT_FDCWD</tmp/kernel-audit2-v3r63b5w/\346\261\202\350\247\243\345\231\250>, "/usr/lib/locale/C.UTF-8/LC_MONETARY", O_RDONLY|O_CLOEXEC) = -1 ENOENT (No such file or directory)
1430022 openat(AT_FDCWD</tmp/kernel-audit2-v3r63b5w/\346\261\202\350\247\243\345\231\250>, "/usr/lib/locale/C.utf8/LC_MONETARY", O_RDONLY|O_CLOEXEC) = 3</usr/lib/locale/C.utf8/LC_MONETARY>
1430022 openat(AT_FDCWD</tmp/kernel-audit2-v3r63b5w/\346\261\202\350\247\243\345\231\250>, "/usr/lib/locale/C.UTF-8/LC_COLLATE", O_RDONLY|O_CLOEXEC) = -1 ENOENT (No such file or directory)
1430022 openat(AT_FDCWD</tmp/kernel-audit2-v3r63b5w/\346\261\202\350\247\243\345\231\250>, "/usr/lib/locale/C.utf8/LC_COLLATE", O_RDONLY|O_CLOEXEC) = 3</usr/lib/locale/C.utf8/LC_COLLATE>
1430022 openat(AT_FDCWD</tmp/kernel-audit2-v3r63b5w/\346\261\202\350\247\243\345\231\250>, "/usr/lib/locale/C.UTF-8/LC_TIME", O_RDONLY|O_CLOEXEC) = -1 ENOENT (No such file or directory)
1430022 openat(AT_FDCWD</tmp/kernel-audit2-v3r63b5w/\346\261\202\350\247\243\345\231\250>, "/usr/lib/locale/C.utf8/LC_TIME", O_RDONLY|O_CLOEXEC) = 3</usr/lib/locale/C.utf8/LC_TIME>
1430022 openat(AT_FDCWD</tmp/kernel-audit2-v3r63b5w/\346\261\202\350\247\243\345\231\250>, "/usr/lib/locale/C.UTF-8/LC_NUMERIC", O_RDONLY|O_CLOEXEC) = -1 ENOENT (No such file or directory)
1430022 openat(AT_FDCWD</tmp/kernel-audit2-v3r63b5w/\346\261\202\350\247\243\345\231\250>, "/usr/lib/locale/C.utf8/LC_NUMERIC", O_RDONLY|O_CLOEXEC) = 3</usr/lib/locale/C.utf8/LC_NUMERIC>
1430022 openat(AT_FDCWD</tmp/kernel-audit2-v3r63b5w/\346\261\202\350\247\243\345\231\250>, "/usr/lib/locale/C.UTF-8/LC_CTYPE", O_RDONLY|O_CLOEXEC) = -1 ENOENT (No such file or directory)
1430022 openat(AT_FDCWD</tmp/kernel-audit2-v3r63b5w/\346\261\202\350\247\243\345\231\250>, "/usr/lib/locale/C.utf8/LC_CTYPE", O_RDONLY|O_CLOEXEC) = 3</usr/lib/locale/C.utf8/LC_CTYPE>
1430022 openat(AT_FDCWD</tmp/kernel-audit2-v3r63b5w/\346\261\202\350\247\243\345\231\250>, "/tmp/kernel-audit2-v3r63b5w/\346\261\202\350\247\243\345\231\250/\350\247\204\346\240\274/\345\206\205\346\240\270\351\205\215\347\275\256-v1.json", O_RDONLY) = 3</tmp/kernel-audit2-v3r63b5w/\346\261\202\350\247\243\345\231\250/\350\247\204\346\240\274/\345\206\205\346\240\270\351\205\215\347\275\256-v1.json>
1430014 --- SIGCHLD {si_signo=SIGCHLD, si_code=CLD_EXITED, si_pid=1430022, si_uid=1000, si_status=0, si_utime=0, si_stime=0} ---
1430014 openat(AT_FDCWD</tmp/kernel-audit2-v3r63b5w/\346\261\202\350\247\243\345\231\250>, "/dev/null", O_RDONLY|O_CLOEXEC) = 3</dev/null<char 1:3>>
1430023 execve("/home/zhuran24/.codex/tmp/arg0/codex-arg0DuAZRy/sha256sum", ["sha256sum", "--", "/tmp/kernel-audit2-v3r63b5w/\346\261\202\350\247\243\345\231\250/\346\225\260\346\215\256/\346\255\243\345\274\217\351\235\231\346\200\201\347\233\256\345\275\225.json"], 0x7ffe3bafa178 /* 135 vars */) = -1 ENOENT (No such file or directory)
1430023 execve("/home/zhuran24/.cargo/bin/sha256sum", ["sha256sum", "--", "/tmp/kernel-audit2-v3r63b5w/\346\261\202\350\247\243\345\231\250/\346\225\260\346\215\256/\346\255\243\345\274\217\351\235\231\346\200\201\347\233\256\345\275\225.json"], 0x7ffe3bafa178 /* 135 vars */) = -1 ENOENT (No such file or directory)
1430023 execve("/home/zhuran24/.local/bin/sha256sum", ["sha256sum", "--", "/tmp/kernel-audit2-v3r63b5w/\346\261\202\350\247\243\345\231\250/\346\225\260\346\215\256/\346\255\243\345\274\217\351\235\231\346\200\201\347\233\256\345\275\225.json"], 0x7ffe3bafa178 /* 135 vars */) = -1 ENOENT (No such file or directory)
1430023 execve("/home/zhuran24/.opencode/bin/sha256sum", ["sha256sum", "--", "/tmp/kernel-audit2-v3r63b5w/\346\261\202\350\247\243\345\231\250/\346\225\260\346\215\256/\346\255\243\345\274\217\351\235\231\346\200\201\347\233\256\345\275\225.json"], 0x7ffe3bafa178 /* 135 vars */) = -1 ENOENT (No such file or directory)
1430023 execve("/usr/local/bin/sha256sum", ["sha256sum", "--", "/tmp/kernel-audit2-v3r63b5w/\346\261\202\350\247\243\345\231\250/\346\225\260\346\215\256/\346\255\243\345\274\217\351\235\231\346\200\201\347\233\256\345\275\225.json"], 0x7ffe3bafa178 /* 135 vars */) = -1 ENOENT (No such file or directory)
1430023 execve("/usr/bin/sha256sum", ["sha256sum", "--", "/tmp/kernel-audit2-v3r63b5w/\346\261\202\350\247\243\345\231\250/\346\225\260\346\215\256/\346\255\243\345\274\217\351\235\231\346\200\201\347\233\256\345\275\225.json"], 0x7ffe3bafa178 /* 135 vars */) = 0
1430023 openat(AT_FDCWD</tmp/kernel-audit2-v3r63b5w/\346\261\202\350\247\243\345\231\250>, "/etc/ld.so.cache", O_RDONLY|O_CLOEXEC) = 3</etc/ld.so.cache>
1430023 openat(AT_FDCWD</tmp/kernel-audit2-v3r63b5w/\346\261\202\350\247\243\345\231\250>, "/usr/lib/libcrypto.so.3", O_RDONLY|O_CLOEXEC) = 3</usr/lib/libcrypto.so.3>
1430023 openat(AT_FDCWD</tmp/kernel-audit2-v3r63b5w/\346\261\202\350\247\243\345\231\250>, "/usr/lib/libc.so.6", O_RDONLY|O_CLOEXEC) = 3</usr/lib/libc.so.6>
1430023 openat(AT_FDCWD</tmp/kernel-audit2-v3r63b5w/\346\261\202\350\247\243\345\231\250>, "/usr/lib/libz.so.1", O_RDONLY|O_CLOEXEC) = 3</usr/lib/libz.so.1.3.1.zlib-ng>
1430023 openat(AT_FDCWD</tmp/kernel-audit2-v3r63b5w/\346\261\202\350\247\243\345\231\250>, "/usr/lib/libbrotlienc.so.1", O_RDONLY|O_CLOEXEC) = 3</usr/lib/libbrotlienc.so.1.2.0>
1430023 openat(AT_FDCWD</tmp/kernel-audit2-v3r63b5w/\346\261\202\350\247\243\345\231\250>, "/usr/lib/libbrotlidec.so.1", O_RDONLY|O_CLOEXEC) = 3</usr/lib/libbrotlidec.so.1.2.0>
1430023 openat(AT_FDCWD</tmp/kernel-audit2-v3r63b5w/\346\261\202\350\247\243\345\231\250>, "/usr/lib/libzstd.so.1", O_RDONLY|O_CLOEXEC) = 3</usr/lib/libzstd.so.1.5.7>
1430023 openat(AT_FDCWD</tmp/kernel-audit2-v3r63b5w/\346\261\202\350\247\243\345\231\250>, "/usr/lib/libm.so.6", O_RDONLY|O_CLOEXEC) = 3</usr/lib/libm.so.6>
1430023 openat(AT_FDCWD</tmp/kernel-audit2-v3r63b5w/\346\261\202\350\247\243\345\231\250>, "/usr/lib/libbrotlicommon.so.1", O_RDONLY|O_CLOEXEC) = 3</usr/lib/libbrotlicommon.so.1.2.0>
1430023 openat(AT_FDCWD</tmp/kernel-audit2-v3r63b5w/\346\261\202\350\247\243\345\231\250>, "/usr/lib/locale/locale-archive", O_RDONLY|O_CLOEXEC) = 3</usr/lib/locale/locale-archive>
1430023 openat(AT_FDCWD</tmp/kernel-audit2-v3r63b5w/\346\261\202\350\247\243\345\231\250>, "/usr/share/locale/locale.alias", O_RDONLY|O_CLOEXEC) = 3</usr/share/locale/locale.alias>
1430023 openat(AT_FDCWD</tmp/kernel-audit2-v3r63b5w/\346\261\202\350\247\243\345\231\250>, "/usr/lib/locale/C.UTF-8/LC_IDENTIFICATION", O_RDONLY|O_CLOEXEC) = -1 ENOENT (No such file or directory)
1430023 openat(AT_FDCWD</tmp/kernel-audit2-v3r63b5w/\346\261\202\350\247\243\345\231\250>, "/usr/lib/locale/C.utf8/LC_IDENTIFICATION", O_RDONLY|O_CLOEXEC) = 3</usr/lib/locale/C.utf8/LC_IDENTIFICATION>
1430023 openat(AT_FDCWD</tmp/kernel-audit2-v3r63b5w/\346\261\202\350\247\243\345\231\250>, "/usr/lib/gconv/gconv-modules.cache", O_RDONLY|O_CLOEXEC) = 3</usr/lib/gconv/gconv-modules.cache>
1430023 openat(AT_FDCWD</tmp/kernel-audit2-v3r63b5w/\346\261\202\350\247\243\345\231\250>, "/usr/lib/locale/C.UTF-8/LC_MEASUREMENT", O_RDONLY|O_CLOEXEC) = -1 ENOENT (No such file or directory)
1430023 openat(AT_FDCWD</tmp/kernel-audit2-v3r63b5w/\346\261\202\350\247\243\345\231\250>, "/usr/lib/locale/C.utf8/LC_MEASUREMENT", O_RDONLY|O_CLOEXEC) = 3</usr/lib/locale/C.utf8/LC_MEASUREMENT>
1430023 openat(AT_FDCWD</tmp/kernel-audit2-v3r63b5w/\346\261\202\350\247\243\345\231\250>, "/usr/lib/locale/C.UTF-8/LC_TELEPHONE", O_RDONLY|O_CLOEXEC) = -1 ENOENT (No such file or directory)
1430023 openat(AT_FDCWD</tmp/kernel-audit2-v3r63b5w/\346\261\202\350\247\243\345\231\250>, "/usr/lib/locale/C.utf8/LC_TELEPHONE", O_RDONLY|O_CLOEXEC) = 3</usr/lib/locale/C.utf8/LC_TELEPHONE>
1430023 openat(AT_FDCWD</tmp/kernel-audit2-v3r63b5w/\346\261\202\350\247\243\345\231\250>, "/usr/lib/locale/C.UTF-8/LC_ADDRESS", O_RDONLY|O_CLOEXEC) = -1 ENOENT (No such file or directory)
1430023 openat(AT_FDCWD</tmp/kernel-audit2-v3r63b5w/\346\261\202\350\247\243\345\231\250>, "/usr/lib/locale/C.utf8/LC_ADDRESS", O_RDONLY|O_CLOEXEC) = 3</usr/lib/locale/C.utf8/LC_ADDRESS>
1430023 openat(AT_FDCWD</tmp/kernel-audit2-v3r63b5w/\346\261\202\350\247\243\345\231\250>, "/usr/lib/locale/C.UTF-8/LC_NAME", O_RDONLY|O_CLOEXEC) = -1 ENOENT (No such file or directory)
1430023 openat(AT_FDCWD</tmp/kernel-audit2-v3r63b5w/\346\261\202\350\247\243\345\231\250>, "/usr/lib/locale/C.utf8/LC_NAME", O_RDONLY|O_CLOEXEC) = 3</usr/lib/locale/C.utf8/LC_NAME>
1430023 openat(AT_FDCWD</tmp/kernel-audit2-v3r63b5w/\346\261\202\350\247\243\345\231\250>, "/usr/lib/locale/C.UTF-8/LC_PAPER", O_RDONLY|O_CLOEXEC) = -1 ENOENT (No such file or directory)
1430023 openat(AT_FDCWD</tmp/kernel-audit2-v3r63b5w/\346\261\202\350\247\243\345\231\250>, "/usr/lib/locale/C.utf8/LC_PAPER", O_RDONLY|O_CLOEXEC) = 3</usr/lib/locale/C.utf8/LC_PAPER>
1430023 openat(AT_FDCWD</tmp/kernel-audit2-v3r63b5w/\346\261\202\350\247\243\345\231\250>, "/usr/lib/locale/C.UTF-8/LC_MESSAGES", O_RDONLY|O_CLOEXEC) = -1 ENOENT (No such file or directory)
1430023 openat(AT_FDCWD</tmp/kernel-audit2-v3r63b5w/\346\261\202\350\247\243\345\231\250>, "/usr/lib/locale/C.utf8/LC_MESSAGES", O_RDONLY|O_CLOEXEC) = 3</usr/lib/locale/C.utf8/LC_MESSAGES>
1430023 openat(AT_FDCWD</tmp/kernel-audit2-v3r63b5w/\346\261\202\350\247\243\345\231\250>, "/usr/lib/locale/C.utf8/LC_MESSAGES/SYS_LC_MESSAGES", O_RDONLY|O_CLOEXEC) = 3</usr/lib/locale/C.utf8/LC_MESSAGES/SYS_LC_MESSAGES>
1430023 openat(AT_FDCWD</tmp/kernel-audit2-v3r63b5w/\346\261\202\350\247\243\345\231\250>, "/usr/lib/locale/C.UTF-8/LC_MONETARY", O_RDONLY|O_CLOEXEC) = -1 ENOENT (No such file or directory)
1430023 openat(AT_FDCWD</tmp/kernel-audit2-v3r63b5w/\346\261\202\350\247\243\345\231\250>, "/usr/lib/locale/C.utf8/LC_MONETARY", O_RDONLY|O_CLOEXEC) = 3</usr/lib/locale/C.utf8/LC_MONETARY>
1430023 openat(AT_FDCWD</tmp/kernel-audit2-v3r63b5w/\346\261\202\350\247\243\345\231\250>, "/usr/lib/locale/C.UTF-8/LC_COLLATE", O_RDONLY|O_CLOEXEC) = -1 ENOENT (No such file or directory)
1430023 openat(AT_FDCWD</tmp/kernel-audit2-v3r63b5w/\346\261\202\350\247\243\345\231\250>, "/usr/lib/locale/C.utf8/LC_COLLATE", O_RDONLY|O_CLOEXEC) = 3</usr/lib/locale/C.utf8/LC_COLLATE>
1430023 openat(AT_FDCWD</tmp/kernel-audit2-v3r63b5w/\346\261\202\350\247\243\345\231\250>, "/usr/lib/locale/C.UTF-8/LC_TIME", O_RDONLY|O_CLOEXEC) = -1 ENOENT (No such file or directory)
1430023 openat(AT_FDCWD</tmp/kernel-audit2-v3r63b5w/\346\261\202\350\247\243\345\231\250>, "/usr/lib/locale/C.utf8/LC_TIME", O_RDONLY|O_CLOEXEC) = 3</usr/lib/locale/C.utf8/LC_TIME>
1430023 openat(AT_FDCWD</tmp/kernel-audit2-v3r63b5w/\346\261\202\350\247\243\345\231\250>, "/usr/lib/locale/C.UTF-8/LC_NUMERIC", O_RDONLY|O_CLOEXEC) = -1 ENOENT (No such file or directory)
1430023 openat(AT_FDCWD</tmp/kernel-audit2-v3r63b5w/\346\261\202\350\247\243\345\231\250>, "/usr/lib/locale/C.utf8/LC_NUMERIC", O_RDONLY|O_CLOEXEC) = 3</usr/lib/locale/C.utf8/LC_NUMERIC>
1430023 openat(AT_FDCWD</tmp/kernel-audit2-v3r63b5w/\346\261\202\350\247\243\345\231\250>, "/usr/lib/locale/C.UTF-8/LC_CTYPE", O_RDONLY|O_CLOEXEC) = -1 ENOENT (No such file or directory)
1430023 openat(AT_FDCWD</tmp/kernel-audit2-v3r63b5w/\346\261\202\350\247\243\345\231\250>, "/usr/lib/locale/C.utf8/LC_CTYPE", O_RDONLY|O_CLOEXEC) = 3</usr/lib/locale/C.utf8/LC_CTYPE>
1430023 openat(AT_FDCWD</tmp/kernel-audit2-v3r63b5w/\346\261\202\350\247\243\345\231\250>, "/tmp/kernel-audit2-v3r63b5w/\346\261\202\350\247\243\345\231\250/\346\225\260\346\215\256/\346\255\243\345\274\217\351\235\231\346\200\201\347\233\256\345\275\225.json", O_RDONLY) = 3</tmp/kernel-audit2-v3r63b5w/\346\261\202\350\247\243\345\231\250/\346\225\260\346\215\256/\346\255\243\345\274\217\351\235\231\346\200\201\347\233\256\345\275\225.json>
1430014 --- SIGCHLD {si_signo=SIGCHLD, si_code=CLD_EXITED, si_pid=1430023, si_uid=1000, si_status=0, si_utime=0, si_stime=0} ---
1430014 openat(AT_FDCWD</tmp/kernel-audit2-v3r63b5w/\346\261\202\350\247\243\345\231\250>, "/dev/null", O_RDONLY|O_CLOEXEC) = 3</dev/null<char 1:3>>
1430024 execve("/home/zhuran24/.codex/tmp/arg0/codex-arg0DuAZRy/sha256sum", ["sha256sum", "--", "/tmp/kernel-audit2-v3r63b5w/\343\200\212\346\230\216\346\227\245\346\226\271\350\210\237\357\274\232\347\273\210\346\234\253\345\234\260\343\200\213\346\270\270\346\210\217\350\247\204\345\210\231.txt"], 0x7ffe3bafa178 /* 135 vars */) = -1 ENOENT (No such file or directory)
1430024 execve("/home/zhuran24/.cargo/bin/sha256sum", ["sha256sum", "--", "/tmp/kernel-audit2-v3r63b5w/\343\200\212\346\230\216\346\227\245\346\226\271\350\210\237\357\274\232\347\273\210\346\234\253\345\234\260\343\200\213\346\270\270\346\210\217\350\247\204\345\210\231.txt"], 0x7ffe3bafa178 /* 135 vars */) = -1 ENOENT (No such file or directory)
1430024 execve("/home/zhuran24/.local/bin/sha256sum", ["sha256sum", "--", "/tmp/kernel-audit2-v3r63b5w/\343\200\212\346\230\216\346\227\245\346\226\271\350\210\237\357\274\232\347\273\210\346\234\253\345\234\260\343\200\213\346\270\270\346\210\217\350\247\204\345\210\231.txt"], 0x7ffe3bafa178 /* 135 vars */) = -1 ENOENT (No such file or directory)
1430024 execve("/home/zhuran24/.opencode/bin/sha256sum", ["sha256sum", "--", "/tmp/kernel-audit2-v3r63b5w/\343\200\212\346\230\216\346\227\245\346\226\271\350\210\237\357\274\232\347\273\210\346\234\253\345\234\260\343\200\213\346\270\270\346\210\217\350\247\204\345\210\231.txt"], 0x7ffe3bafa178 /* 135 vars */) = -1 ENOENT (No such file or directory)
1430024 execve("/usr/local/bin/sha256sum", ["sha256sum", "--", "/tmp/kernel-audit2-v3r63b5w/\343\200\212\346\230\216\346\227\245\346\226\271\350\210\237\357\274\232\347\273\210\346\234\253\345\234\260\343\200\213\346\270\270\346\210\217\350\247\204\345\210\231.txt"], 0x7ffe3bafa178 /* 135 vars */) = -1 ENOENT (No such file or directory)
1430024 execve("/usr/bin/sha256sum", ["sha256sum", "--", "/tmp/kernel-audit2-v3r63b5w/\343\200\212\346\230\216\346\227\245\346\226\271\350\210\237\357\274\232\347\273\210\346\234\253\345\234\260\343\200\213\346\270\270\346\210\217\350\247\204\345\210\231.txt"], 0x7ffe3bafa178 /* 135 vars */) = 0
1430024 openat(AT_FDCWD</tmp/kernel-audit2-v3r63b5w/\346\261\202\350\247\243\345\231\250>, "/etc/ld.so.cache", O_RDONLY|O_CLOEXEC) = 3</etc/ld.so.cache>
1430024 openat(AT_FDCWD</tmp/kernel-audit2-v3r63b5w/\346\261\202\350\247\243\345\231\250>, "/usr/lib/libcrypto.so.3", O_RDONLY|O_CLOEXEC) = 3</usr/lib/libcrypto.so.3>
1430024 openat(AT_FDCWD</tmp/kernel-audit2-v3r63b5w/\346\261\202\350\247\243\345\231\250>, "/usr/lib/libc.so.6", O_RDONLY|O_CLOEXEC) = 3</usr/lib/libc.so.6>
1430024 openat(AT_FDCWD</tmp/kernel-audit2-v3r63b5w/\346\261\202\350\247\243\345\231\250>, "/usr/lib/libz.so.1", O_RDONLY|O_CLOEXEC) = 3</usr/lib/libz.so.1.3.1.zlib-ng>
1430024 openat(AT_FDCWD</tmp/kernel-audit2-v3r63b5w/\346\261\202\350\247\243\345\231\250>, "/usr/lib/libbrotlienc.so.1", O_RDONLY|O_CLOEXEC) = 3</usr/lib/libbrotlienc.so.1.2.0>
1430024 openat(AT_FDCWD</tmp/kernel-audit2-v3r63b5w/\346\261\202\350\247\243\345\231\250>, "/usr/lib/libbrotlidec.so.1", O_RDONLY|O_CLOEXEC) = 3</usr/lib/libbrotlidec.so.1.2.0>
1430024 openat(AT_FDCWD</tmp/kernel-audit2-v3r63b5w/\346\261\202\350\247\243\345\231\250>, "/usr/lib/libzstd.so.1", O_RDONLY|O_CLOEXEC) = 3</usr/lib/libzstd.so.1.5.7>
1430024 openat(AT_FDCWD</tmp/kernel-audit2-v3r63b5w/\346\261\202\350\247\243\345\231\250>, "/usr/lib/libm.so.6", O_RDONLY|O_CLOEXEC) = 3</usr/lib/libm.so.6>
1430024 openat(AT_FDCWD</tmp/kernel-audit2-v3r63b5w/\346\261\202\350\247\243\345\231\250>, "/usr/lib/libbrotlicommon.so.1", O_RDONLY|O_CLOEXEC) = 3</usr/lib/libbrotlicommon.so.1.2.0>
1430024 openat(AT_FDCWD</tmp/kernel-audit2-v3r63b5w/\346\261\202\350\247\243\345\231\250>, "/usr/lib/locale/locale-archive", O_RDONLY|O_CLOEXEC) = 3</usr/lib/locale/locale-archive>
1430024 openat(AT_FDCWD</tmp/kernel-audit2-v3r63b5w/\346\261\202\350\247\243\345\231\250>, "/usr/share/locale/locale.alias", O_RDONLY|O_CLOEXEC) = 3</usr/share/locale/locale.alias>
1430024 openat(AT_FDCWD</tmp/kernel-audit2-v3r63b5w/\346\261\202\350\247\243\345\231\250>, "/usr/lib/locale/C.UTF-8/LC_IDENTIFICATION", O_RDONLY|O_CLOEXEC) = -1 ENOENT (No such file or directory)
1430024 openat(AT_FDCWD</tmp/kernel-audit2-v3r63b5w/\346\261\202\350\247\243\345\231\250>, "/usr/lib/locale/C.utf8/LC_IDENTIFICATION", O_RDONLY|O_CLOEXEC) = 3</usr/lib/locale/C.utf8/LC_IDENTIFICATION>
1430024 openat(AT_FDCWD</tmp/kernel-audit2-v3r63b5w/\346\261\202\350\247\243\345\231\250>, "/usr/lib/gconv/gconv-modules.cache", O_RDONLY|O_CLOEXEC) = 3</usr/lib/gconv/gconv-modules.cache>
1430024 openat(AT_FDCWD</tmp/kernel-audit2-v3r63b5w/\346\261\202\350\247\243\345\231\250>, "/usr/lib/locale/C.UTF-8/LC_MEASUREMENT", O_RDONLY|O_CLOEXEC) = -1 ENOENT (No such file or directory)
1430024 openat(AT_FDCWD</tmp/kernel-audit2-v3r63b5w/\346\261\202\350\247\243\345\231\250>, "/usr/lib/locale/C.utf8/LC_MEASUREMENT", O_RDONLY|O_CLOEXEC) = 3</usr/lib/locale/C.utf8/LC_MEASUREMENT>
1430024 openat(AT_FDCWD</tmp/kernel-audit2-v3r63b5w/\346\261\202\350\247\243\345\231\250>, "/usr/lib/locale/C.UTF-8/LC_TELEPHONE", O_RDONLY|O_CLOEXEC) = -1 ENOENT (No such file or directory)
1430024 openat(AT_FDCWD</tmp/kernel-audit2-v3r63b5w/\346\261\202\350\247\243\345\231\250>, "/usr/lib/locale/C.utf8/LC_TELEPHONE", O_RDONLY|O_CLOEXEC) = 3</usr/lib/locale/C.utf8/LC_TELEPHONE>
1430024 openat(AT_FDCWD</tmp/kernel-audit2-v3r63b5w/\346\261\202\350\247\243\345\231\250>, "/usr/lib/locale/C.UTF-8/LC_ADDRESS", O_RDONLY|O_CLOEXEC) = -1 ENOENT (No such file or directory)
1430024 openat(AT_FDCWD</tmp/kernel-audit2-v3r63b5w/\346\261\202\350\247\243\345\231\250>, "/usr/lib/locale/C.utf8/LC_ADDRESS", O_RDONLY|O_CLOEXEC) = 3</usr/lib/locale/C.utf8/LC_ADDRESS>
1430024 openat(AT_FDCWD</tmp/kernel-audit2-v3r63b5w/\346\261\202\350\247\243\345\231\250>, "/usr/lib/locale/C.UTF-8/LC_NAME", O_RDONLY|O_CLOEXEC) = -1 ENOENT (No such file or directory)
1430024 openat(AT_FDCWD</tmp/kernel-audit2-v3r63b5w/\346\261\202\350\247\243\345\231\250>, "/usr/lib/locale/C.utf8/LC_NAME", O_RDONLY|O_CLOEXEC) = 3</usr/lib/locale/C.utf8/LC_NAME>
1430024 openat(AT_FDCWD</tmp/kernel-audit2-v3r63b5w/\346\261\202\350\247\243\345\231\250>, "/usr/lib/locale/C.UTF-8/LC_PAPER", O_RDONLY|O_CLOEXEC) = -1 ENOENT (No such file or directory)
1430024 openat(AT_FDCWD</tmp/kernel-audit2-v3r63b5w/\346\261\202\350\247\243\345\231\250>, "/usr/lib/locale/C.utf8/LC_PAPER", O_RDONLY|O_CLOEXEC) = 3</usr/lib/locale/C.utf8/LC_PAPER>
1430024 openat(AT_FDCWD</tmp/kernel-audit2-v3r63b5w/\346\261\202\350\247\243\345\231\250>, "/usr/lib/locale/C.UTF-8/LC_MESSAGES", O_RDONLY|O_CLOEXEC) = -1 ENOENT (No such file or directory)
1430024 openat(AT_FDCWD</tmp/kernel-audit2-v3r63b5w/\346\261\202\350\247\243\345\231\250>, "/usr/lib/locale/C.utf8/LC_MESSAGES", O_RDONLY|O_CLOEXEC) = 3</usr/lib/locale/C.utf8/LC_MESSAGES>
1430024 openat(AT_FDCWD</tmp/kernel-audit2-v3r63b5w/\346\261\202\350\247\243\345\231\250>, "/usr/lib/locale/C.utf8/LC_MESSAGES/SYS_LC_MESSAGES", O_RDONLY|O_CLOEXEC) = 3</usr/lib/locale/C.utf8/LC_MESSAGES/SYS_LC_MESSAGES>
1430024 openat(AT_FDCWD</tmp/kernel-audit2-v3r63b5w/\346\261\202\350\247\243\345\231\250>, "/usr/lib/locale/C.UTF-8/LC_MONETARY", O_RDONLY|O_CLOEXEC) = -1 ENOENT (No such file or directory)
1430024 openat(AT_FDCWD</tmp/kernel-audit2-v3r63b5w/\346\261\202\350\247\243\345\231\250>, "/usr/lib/locale/C.utf8/LC_MONETARY", O_RDONLY|O_CLOEXEC) = 3</usr/lib/locale/C.utf8/LC_MONETARY>
1430024 openat(AT_FDCWD</tmp/kernel-audit2-v3r63b5w/\346\261\202\350\247\243\345\231\250>, "/usr/lib/locale/C.UTF-8/LC_COLLATE", O_RDONLY|O_CLOEXEC) = -1 ENOENT (No such file or directory)
1430024 openat(AT_FDCWD</tmp/kernel-audit2-v3r63b5w/\346\261\202\350\247\243\345\231\250>, "/usr/lib/locale/C.utf8/LC_COLLATE", O_RDONLY|O_CLOEXEC) = 3</usr/lib/locale/C.utf8/LC_COLLATE>
1430024 openat(AT_FDCWD</tmp/kernel-audit2-v3r63b5w/\346\261\202\350\247\243\345\231\250>, "/usr/lib/locale/C.UTF-8/LC_TIME", O_RDONLY|O_CLOEXEC) = -1 ENOENT (No such file or directory)
1430024 openat(AT_FDCWD</tmp/kernel-audit2-v3r63b5w/\346\261\202\350\247\243\345\231\250>, "/usr/lib/locale/C.utf8/LC_TIME", O_RDONLY|O_CLOEXEC) = 3</usr/lib/locale/C.utf8/LC_TIME>
1430024 openat(AT_FDCWD</tmp/kernel-audit2-v3r63b5w/\346\261\202\350\247\243\345\231\250>, "/usr/lib/locale/C.UTF-8/LC_NUMERIC", O_RDONLY|O_CLOEXEC) = -1 ENOENT (No such file or directory)
1430024 openat(AT_FDCWD</tmp/kernel-audit2-v3r63b5w/\346\261\202\350\247\243\345\231\250>, "/usr/lib/locale/C.utf8/LC_NUMERIC", O_RDONLY|O_CLOEXEC) = 3</usr/lib/locale/C.utf8/LC_NUMERIC>
1430024 openat(AT_FDCWD</tmp/kernel-audit2-v3r63b5w/\346\261\202\350\247\243\345\231\250>, "/usr/lib/locale/C.UTF-8/LC_CTYPE", O_RDONLY|O_CLOEXEC) = -1 ENOENT (No such file or directory)
1430024 openat(AT_FDCWD</tmp/kernel-audit2-v3r63b5w/\346\261\202\350\247\243\345\231\250>, "/usr/lib/locale/C.utf8/LC_CTYPE", O_RDONLY|O_CLOEXEC) = 3</usr/lib/locale/C.utf8/LC_CTYPE>
1430024 openat(AT_FDCWD</tmp/kernel-audit2-v3r63b5w/\346\261\202\350\247\243\345\231\250>, "/tmp/kernel-audit2-v3r63b5w/\343\200\212\346\230\216\346\227\245\346\226\271\350\210\237\357\274\232\347\273\210\346\234\253\345\234\260\343\200\213\346\270\270\346\210\217\350\247\204\345\210\231.txt", O_RDONLY) = 3</tmp/kernel-audit2-v3r63b5w/\343\200\212\346\230\216\346\227\245\346\226\271\350\210\237\357\274\232\347\273\210\346\234\253\345\234\260\343\200\213\346\270\270\346\210\217\350\247\204\345\210\231.txt>
1430014 --- SIGCHLD {si_signo=SIGCHLD, si_code=CLD_EXITED, si_pid=1430024, si_uid=1000, si_status=0, si_utime=0, si_stime=0} ---
1430014 openat(AT_FDCWD</tmp/kernel-audit2-v3r63b5w/\346\261\202\350\247\243\345\231\250>, "/dev/null", O_RDONLY|O_CLOEXEC) = 3</dev/null<char 1:3>>
1430025 execve("/home/zhuran24/.codex/tmp/arg0/codex-arg0DuAZRy/sha256sum", ["sha256sum", "--", "/tmp/kernel-audit2-v3r63b5w/\346\261\202\350\247\243\344\273\273\345\212\241.txt"], 0x7ffe3bafa178 /* 135 vars */) = -1 ENOENT (No such file or directory)
1430025 execve("/home/zhuran24/.cargo/bin/sha256sum", ["sha256sum", "--", "/tmp/kernel-audit2-v3r63b5w/\346\261\202\350\247\243\344\273\273\345\212\241.txt"], 0x7ffe3bafa178 /* 135 vars */) = -1 ENOENT (No such file or directory)
1430025 execve("/home/zhuran24/.local/bin/sha256sum", ["sha256sum", "--", "/tmp/kernel-audit2-v3r63b5w/\346\261\202\350\247\243\344\273\273\345\212\241.txt"], 0x7ffe3bafa178 /* 135 vars */) = -1 ENOENT (No such file or directory)
1430025 execve("/home/zhuran24/.opencode/bin/sha256sum", ["sha256sum", "--", "/tmp/kernel-audit2-v3r63b5w/\346\261\202\350\247\243\344\273\273\345\212\241.txt"], 0x7ffe3bafa178 /* 135 vars */) = -1 ENOENT (No such file or directory)
1430025 execve("/usr/local/bin/sha256sum", ["sha256sum", "--", "/tmp/kernel-audit2-v3r63b5w/\346\261\202\350\247\243\344\273\273\345\212\241.txt"], 0x7ffe3bafa178 /* 135 vars */) = -1 ENOENT (No such file or directory)
1430025 execve("/usr/bin/sha256sum", ["sha256sum", "--", "/tmp/kernel-audit2-v3r63b5w/\346\261\202\350\247\243\344\273\273\345\212\241.txt"], 0x7ffe3bafa178 /* 135 vars */) = 0
1430025 openat(AT_FDCWD</tmp/kernel-audit2-v3r63b5w/\346\261\202\350\247\243\345\231\250>, "/etc/ld.so.cache", O_RDONLY|O_CLOEXEC) = 3</etc/ld.so.cache>
1430025 openat(AT_FDCWD</tmp/kernel-audit2-v3r63b5w/\346\261\202\350\247\243\345\231\250>, "/usr/lib/libcrypto.so.3", O_RDONLY|O_CLOEXEC) = 3</usr/lib/libcrypto.so.3>
1430025 openat(AT_FDCWD</tmp/kernel-audit2-v3r63b5w/\346\261\202\350\247\243\345\231\250>, "/usr/lib/libc.so.6", O_RDONLY|O_CLOEXEC) = 3</usr/lib/libc.so.6>
1430025 openat(AT_FDCWD</tmp/kernel-audit2-v3r63b5w/\346\261\202\350\247\243\345\231\250>, "/usr/lib/libz.so.1", O_RDONLY|O_CLOEXEC) = 3</usr/lib/libz.so.1.3.1.zlib-ng>
1430025 openat(AT_FDCWD</tmp/kernel-audit2-v3r63b5w/\346\261\202\350\247\243\345\231\250>, "/usr/lib/libbrotlienc.so.1", O_RDONLY|O_CLOEXEC) = 3</usr/lib/libbrotlienc.so.1.2.0>
1430025 openat(AT_FDCWD</tmp/kernel-audit2-v3r63b5w/\346\261\202\350\247\243\345\231\250>, "/usr/lib/libbrotlidec.so.1", O_RDONLY|O_CLOEXEC) = 3</usr/lib/libbrotlidec.so.1.2.0>
1430025 openat(AT_FDCWD</tmp/kernel-audit2-v3r63b5w/\346\261\202\350\247\243\345\231\250>, "/usr/lib/libzstd.so.1", O_RDONLY|O_CLOEXEC) = 3</usr/lib/libzstd.so.1.5.7>
1430025 openat(AT_FDCWD</tmp/kernel-audit2-v3r63b5w/\346\261\202\350\247\243\345\231\250>, "/usr/lib/libm.so.6", O_RDONLY|O_CLOEXEC) = 3</usr/lib/libm.so.6>
1430025 openat(AT_FDCWD</tmp/kernel-audit2-v3r63b5w/\346\261\202\350\247\243\345\231\250>, "/usr/lib/libbrotlicommon.so.1", O_RDONLY|O_CLOEXEC) = 3</usr/lib/libbrotlicommon.so.1.2.0>
1430025 openat(AT_FDCWD</tmp/kernel-audit2-v3r63b5w/\346\261\202\350\247\243\345\231\250>, "/usr/lib/locale/locale-archive", O_RDONLY|O_CLOEXEC) = 3</usr/lib/locale/locale-archive>
1430025 openat(AT_FDCWD</tmp/kernel-audit2-v3r63b5w/\346\261\202\350\247\243\345\231\250>, "/usr/share/locale/locale.alias", O_RDONLY|O_CLOEXEC) = 3</usr/share/locale/locale.alias>
1430025 openat(AT_FDCWD</tmp/kernel-audit2-v3r63b5w/\346\261\202\350\247\243\345\231\250>, "/usr/lib/locale/C.UTF-8/LC_IDENTIFICATION", O_RDONLY|O_CLOEXEC) = -1 ENOENT (No such file or directory)
1430025 openat(AT_FDCWD</tmp/kernel-audit2-v3r63b5w/\346\261\202\350\247\243\345\231\250>, "/usr/lib/locale/C.utf8/LC_IDENTIFICATION", O_RDONLY|O_CLOEXEC) = 3</usr/lib/locale/C.utf8/LC_IDENTIFICATION>
1430025 openat(AT_FDCWD</tmp/kernel-audit2-v3r63b5w/\346\261\202\350\247\243\345\231\250>, "/usr/lib/gconv/gconv-modules.cache", O_RDONLY|O_CLOEXEC) = 3</usr/lib/gconv/gconv-modules.cache>
1430025 openat(AT_FDCWD</tmp/kernel-audit2-v3r63b5w/\346\261\202\350\247\243\345\231\250>, "/usr/lib/locale/C.UTF-8/LC_MEASUREMENT", O_RDONLY|O_CLOEXEC) = -1 ENOENT (No such file or directory)
1430025 openat(AT_FDCWD</tmp/kernel-audit2-v3r63b5w/\346\261\202\350\247\243\345\231\250>, "/usr/lib/locale/C.utf8/LC_MEASUREMENT", O_RDONLY|O_CLOEXEC) = 3</usr/lib/locale/C.utf8/LC_MEASUREMENT>
1430025 openat(AT_FDCWD</tmp/kernel-audit2-v3r63b5w/\346\261\202\350\247\243\345\231\250>, "/usr/lib/locale/C.UTF-8/LC_TELEPHONE", O_RDONLY|O_CLOEXEC) = -1 ENOENT (No such file or directory)
1430025 openat(AT_FDCWD</tmp/kernel-audit2-v3r63b5w/\346\261\202\350\247\243\345\231\250>, "/usr/lib/locale/C.utf8/LC_TELEPHONE", O_RDONLY|O_CLOEXEC) = 3</usr/lib/locale/C.utf8/LC_TELEPHONE>
1430025 openat(AT_FDCWD</tmp/kernel-audit2-v3r63b5w/\346\261\202\350\247\243\345\231\250>, "/usr/lib/locale/C.UTF-8/LC_ADDRESS", O_RDONLY|O_CLOEXEC) = -1 ENOENT (No such file or directory)
1430025 openat(AT_FDCWD</tmp/kernel-audit2-v3r63b5w/\346\261\202\350\247\243\345\231\250>, "/usr/lib/locale/C.utf8/LC_ADDRESS", O_RDONLY|O_CLOEXEC) = 3</usr/lib/locale/C.utf8/LC_ADDRESS>
1430025 openat(AT_FDCWD</tmp/kernel-audit2-v3r63b5w/\346\261\202\350\247\243\345\231\250>, "/usr/lib/locale/C.UTF-8/LC_NAME", O_RDONLY|O_CLOEXEC) = -1 ENOENT (No such file or directory)
1430025 openat(AT_FDCWD</tmp/kernel-audit2-v3r63b5w/\346\261\202\350\247\243\345\231\250>, "/usr/lib/locale/C.utf8/LC_NAME", O_RDONLY|O_CLOEXEC) = 3</usr/lib/locale/C.utf8/LC_NAME>
1430025 openat(AT_FDCWD</tmp/kernel-audit2-v3r63b5w/\346\261\202\350\247\243\345\231\250>, "/usr/lib/locale/C.UTF-8/LC_PAPER", O_RDONLY|O_CLOEXEC) = -1 ENOENT (No such file or directory)
1430025 openat(AT_FDCWD</tmp/kernel-audit2-v3r63b5w/\346\261\202\350\247\243\345\231\250>, "/usr/lib/locale/C.utf8/LC_PAPER", O_RDONLY|O_CLOEXEC) = 3</usr/lib/locale/C.utf8/LC_PAPER>
1430025 openat(AT_FDCWD</tmp/kernel-audit2-v3r63b5w/\346\261\202\350\247\243\345\231\250>, "/usr/lib/locale/C.UTF-8/LC_MESSAGES", O_RDONLY|O_CLOEXEC) = -1 ENOENT (No such file or directory)
1430025 openat(AT_FDCWD</tmp/kernel-audit2-v3r63b5w/\346\261\202\350\247\243\345\231\250>, "/usr/lib/locale/C.utf8/LC_MESSAGES", O_RDONLY|O_CLOEXEC) = 3</usr/lib/locale/C.utf8/LC_MESSAGES>
1430025 openat(AT_FDCWD</tmp/kernel-audit2-v3r63b5w/\346\261\202\350\247\243\345\231\250>, "/usr/lib/locale/C.utf8/LC_MESSAGES/SYS_LC_MESSAGES", O_RDONLY|O_CLOEXEC) = 3</usr/lib/locale/C.utf8/LC_MESSAGES/SYS_LC_MESSAGES>
1430025 openat(AT_FDCWD</tmp/kernel-audit2-v3r63b5w/\346\261\202\350\247\243\345\231\250>, "/usr/lib/locale/C.UTF-8/LC_MONETARY", O_RDONLY|O_CLOEXEC) = -1 ENOENT (No such file or directory)
1430025 openat(AT_FDCWD</tmp/kernel-audit2-v3r63b5w/\346\261\202\350\247\243\345\231\250>, "/usr/lib/locale/C.utf8/LC_MONETARY", O_RDONLY|O_CLOEXEC) = 3</usr/lib/locale/C.utf8/LC_MONETARY>
1430025 openat(AT_FDCWD</tmp/kernel-audit2-v3r63b5w/\346\261\202\350\247\243\345\231\250>, "/usr/lib/locale/C.UTF-8/LC_COLLATE", O_RDONLY|O_CLOEXEC) = -1 ENOENT (No such file or directory)
1430025 openat(AT_FDCWD</tmp/kernel-audit2-v3r63b5w/\346\261\202\350\247\243\345\231\250>, "/usr/lib/locale/C.utf8/LC_COLLATE", O_RDONLY|O_CLOEXEC) = 3</usr/lib/locale/C.utf8/LC_COLLATE>
1430025 openat(AT_FDCWD</tmp/kernel-audit2-v3r63b5w/\346\261\202\350\247\243\345\231\250>, "/usr/lib/locale/C.UTF-8/LC_TIME", O_RDONLY|O_CLOEXEC) = -1 ENOENT (No such file or directory)
1430025 openat(AT_FDCWD</tmp/kernel-audit2-v3r63b5w/\346\261\202\350\247\243\345\231\250>, "/usr/lib/locale/C.utf8/LC_TIME", O_RDONLY|O_CLOEXEC) = 3</usr/lib/locale/C.utf8/LC_TIME>
1430025 openat(AT_FDCWD</tmp/kernel-audit2-v3r63b5w/\346\261\202\350\247\243\345\231\250>, "/usr/lib/locale/C.UTF-8/LC_NUMERIC", O_RDONLY|O_CLOEXEC) = -1 ENOENT (No such file or directory)
1430025 openat(AT_FDCWD</tmp/kernel-audit2-v3r63b5w/\346\261\202\350\247\243\345\231\250>, "/usr/lib/locale/C.utf8/LC_NUMERIC", O_RDONLY|O_CLOEXEC) = 3</usr/lib/locale/C.utf8/LC_NUMERIC>
1430025 openat(AT_FDCWD</tmp/kernel-audit2-v3r63b5w/\346\261\202\350\247\243\345\231\250>, "/usr/lib/locale/C.UTF-8/LC_CTYPE", O_RDONLY|O_CLOEXEC) = -1 ENOENT (No such file or directory)
1430025 openat(AT_FDCWD</tmp/kernel-audit2-v3r63b5w/\346\261\202\350\247\243\345\231\250>, "/usr/lib/locale/C.utf8/LC_CTYPE", O_RDONLY|O_CLOEXEC) = 3</usr/lib/locale/C.utf8/LC_CTYPE>
1430025 openat(AT_FDCWD</tmp/kernel-audit2-v3r63b5w/\346\261\202\350\247\243\345\231\250>, "/tmp/kernel-audit2-v3r63b5w/\346\261\202\350\247\243\344\273\273\345\212\241.txt", O_RDONLY) = 3</tmp/kernel-audit2-v3r63b5w/\346\261\202\350\247\243\344\273\273\345\212\241.txt>
1430014 --- SIGCHLD {si_signo=SIGCHLD, si_code=CLD_EXITED, si_pid=1430025, si_uid=1000, si_status=0, si_utime=0, si_stime=0} ---
1430014 openat(AT_FDCWD</tmp/kernel-audit2-v3r63b5w/\346\261\202\350\247\243\345\231\250>, "/dev/null", O_RDONLY|O_CLOEXEC) = 3</dev/null<char 1:3>>
1430026 execve("/home/zhuran24/.codex/tmp/arg0/codex-arg0DuAZRy/sha256sum", ["sha256sum", "--", "/tmp/kernel-audit2-v3r63b5w/\346\261\202\350\247\243\347\272\246\346\235\237.txt"], 0x7ffe3bafa178 /* 135 vars */) = -1 ENOENT (No such file or directory)
1430026 execve("/home/zhuran24/.cargo/bin/sha256sum", ["sha256sum", "--", "/tmp/kernel-audit2-v3r63b5w/\346\261\202\350\247\243\347\272\246\346\235\237.txt"], 0x7ffe3bafa178 /* 135 vars */) = -1 ENOENT (No such file or directory)
1430026 execve("/home/zhuran24/.local/bin/sha256sum", ["sha256sum", "--", "/tmp/kernel-audit2-v3r63b5w/\346\261\202\350\247\243\347\272\246\346\235\237.txt"], 0x7ffe3bafa178 /* 135 vars */) = -1 ENOENT (No such file or directory)
1430026 execve("/home/zhuran24/.opencode/bin/sha256sum", ["sha256sum", "--", "/tmp/kernel-audit2-v3r63b5w/\346\261\202\350\247\243\347\272\246\346\235\237.txt"], 0x7ffe3bafa178 /* 135 vars */) = -1 ENOENT (No such file or directory)
1430026 execve("/usr/local/bin/sha256sum", ["sha256sum", "--", "/tmp/kernel-audit2-v3r63b5w/\346\261\202\350\247\243\347\272\246\346\235\237.txt"], 0x7ffe3bafa178 /* 135 vars */) = -1 ENOENT (No such file or directory)
1430026 execve("/usr/bin/sha256sum", ["sha256sum", "--", "/tmp/kernel-audit2-v3r63b5w/\346\261\202\350\247\243\347\272\246\346\235\237.txt"], 0x7ffe3bafa178 /* 135 vars */) = 0
1430026 openat(AT_FDCWD</tmp/kernel-audit2-v3r63b5w/\346\261\202\350\247\243\345\231\250>, "/etc/ld.so.cache", O_RDONLY|O_CLOEXEC) = 3</etc/ld.so.cache>
1430026 openat(AT_FDCWD</tmp/kernel-audit2-v3r63b5w/\346\261\202\350\247\243\345\231\250>, "/usr/lib/libcrypto.so.3", O_RDONLY|O_CLOEXEC) = 3</usr/lib/libcrypto.so.3>
1430026 openat(AT_FDCWD</tmp/kernel-audit2-v3r63b5w/\346\261\202\350\247\243\345\231\250>, "/usr/lib/libc.so.6", O_RDONLY|O_CLOEXEC) = 3</usr/lib/libc.so.6>
1430026 openat(AT_FDCWD</tmp/kernel-audit2-v3r63b5w/\346\261\202\350\247\243\345\231\250>, "/usr/lib/libz.so.1", O_RDONLY|O_CLOEXEC) = 3</usr/lib/libz.so.1.3.1.zlib-ng>
1430026 openat(AT_FDCWD</tmp/kernel-audit2-v3r63b5w/\346\261\202\350\247\243\345\231\250>, "/usr/lib/libbrotlienc.so.1", O_RDONLY|O_CLOEXEC) = 3</usr/lib/libbrotlienc.so.1.2.0>
1430026 openat(AT_FDCWD</tmp/kernel-audit2-v3r63b5w/\346\261\202\350\247\243\345\231\250>, "/usr/lib/libbrotlidec.so.1", O_RDONLY|O_CLOEXEC) = 3</usr/lib/libbrotlidec.so.1.2.0>
1430026 openat(AT_FDCWD</tmp/kernel-audit2-v3r63b5w/\346\261\202\350\247\243\345\231\250>, "/usr/lib/libzstd.so.1", O_RDONLY|O_CLOEXEC) = 3</usr/lib/libzstd.so.1.5.7>
1430026 openat(AT_FDCWD</tmp/kernel-audit2-v3r63b5w/\346\261\202\350\247\243\345\231\250>, "/usr/lib/libm.so.6", O_RDONLY|O_CLOEXEC) = 3</usr/lib/libm.so.6>
1430026 openat(AT_FDCWD</tmp/kernel-audit2-v3r63b5w/\346\261\202\350\247\243\345\231\250>, "/usr/lib/libbrotlicommon.so.1", O_RDONLY|O_CLOEXEC) = 3</usr/lib/libbrotlicommon.so.1.2.0>
1430026 openat(AT_FDCWD</tmp/kernel-audit2-v3r63b5w/\346\261\202\350\247\243\345\231\250>, "/usr/lib/locale/locale-archive", O_RDONLY|O_CLOEXEC) = 3</usr/lib/locale/locale-archive>
1430026 openat(AT_FDCWD</tmp/kernel-audit2-v3r63b5w/\346\261\202\350\247\243\345\231\250>, "/usr/share/locale/locale.alias", O_RDONLY|O_CLOEXEC) = 3</usr/share/locale/locale.alias>
1430026 openat(AT_FDCWD</tmp/kernel-audit2-v3r63b5w/\346\261\202\350\247\243\345\231\250>, "/usr/lib/locale/C.UTF-8/LC_IDENTIFICATION", O_RDONLY|O_CLOEXEC) = -1 ENOENT (No such file or directory)
1430026 openat(AT_FDCWD</tmp/kernel-audit2-v3r63b5w/\346\261\202\350\247\243\345\231\250>, "/usr/lib/locale/C.utf8/LC_IDENTIFICATION", O_RDONLY|O_CLOEXEC) = 3</usr/lib/locale/C.utf8/LC_IDENTIFICATION>
1430026 openat(AT_FDCWD</tmp/kernel-audit2-v3r63b5w/\346\261\202\350\247\243\345\231\250>, "/usr/lib/gconv/gconv-modules.cache", O_RDONLY|O_CLOEXEC) = 3</usr/lib/gconv/gconv-modules.cache>
1430026 openat(AT_FDCWD</tmp/kernel-audit2-v3r63b5w/\346\261\202\350\247\243\345\231\250>, "/usr/lib/locale/C.UTF-8/LC_MEASUREMENT", O_RDONLY|O_CLOEXEC) = -1 ENOENT (No such file or directory)
1430026 openat(AT_FDCWD</tmp/kernel-audit2-v3r63b5w/\346\261\202\350\247\243\345\231\250>, "/usr/lib/locale/C.utf8/LC_MEASUREMENT", O_RDONLY|O_CLOEXEC) = 3</usr/lib/locale/C.utf8/LC_MEASUREMENT>
1430026 openat(AT_FDCWD</tmp/kernel-audit2-v3r63b5w/\346\261\202\350\247\243\345\231\250>, "/usr/lib/locale/C.UTF-8/LC_TELEPHONE", O_RDONLY|O_CLOEXEC) = -1 ENOENT (No such file or directory)
1430026 openat(AT_FDCWD</tmp/kernel-audit2-v3r63b5w/\346\261\202\350\247\243\345\231\250>, "/usr/lib/locale/C.utf8/LC_TELEPHONE", O_RDONLY|O_CLOEXEC) = 3</usr/lib/locale/C.utf8/LC_TELEPHONE>
1430026 openat(AT_FDCWD</tmp/kernel-audit2-v3r63b5w/\346\261\202\350\247\243\345\231\250>, "/usr/lib/locale/C.UTF-8/LC_ADDRESS", O_RDONLY|O_CLOEXEC) = -1 ENOENT (No such file or directory)
1430026 openat(AT_FDCWD</tmp/kernel-audit2-v3r63b5w/\346\261\202\350\247\243\345\231\250>, "/usr/lib/locale/C.utf8/LC_ADDRESS", O_RDONLY|O_CLOEXEC) = 3</usr/lib/locale/C.utf8/LC_ADDRESS>
1430026 openat(AT_FDCWD</tmp/kernel-audit2-v3r63b5w/\346\261\202\350\247\243\345\231\250>, "/usr/lib/locale/C.UTF-8/LC_NAME", O_RDONLY|O_CLOEXEC) = -1 ENOENT (No such file or directory)
1430026 openat(AT_FDCWD</tmp/kernel-audit2-v3r63b5w/\346\261\202\350\247\243\345\231\250>, "/usr/lib/locale/C.utf8/LC_NAME", O_RDONLY|O_CLOEXEC) = 3</usr/lib/locale/C.utf8/LC_NAME>
1430026 openat(AT_FDCWD</tmp/kernel-audit2-v3r63b5w/\346\261\202\350\247\243\345\231\250>, "/usr/lib/locale/C.UTF-8/LC_PAPER", O_RDONLY|O_CLOEXEC) = -1 ENOENT (No such file or directory)
1430026 openat(AT_FDCWD</tmp/kernel-audit2-v3r63b5w/\346\261\202\350\247\243\345\231\250>, "/usr/lib/locale/C.utf8/LC_PAPER", O_RDONLY|O_CLOEXEC) = 3</usr/lib/locale/C.utf8/LC_PAPER>
1430026 openat(AT_FDCWD</tmp/kernel-audit2-v3r63b5w/\346\261\202\350\247\243\345\231\250>, "/usr/lib/locale/C.UTF-8/LC_MESSAGES", O_RDONLY|O_CLOEXEC) = -1 ENOENT (No such file or directory)
1430026 openat(AT_FDCWD</tmp/kernel-audit2-v3r63b5w/\346\261\202\350\247\243\345\231\250>, "/usr/lib/locale/C.utf8/LC_MESSAGES", O_RDONLY|O_CLOEXEC) = 3</usr/lib/locale/C.utf8/LC_MESSAGES>
1430026 openat(AT_FDCWD</tmp/kernel-audit2-v3r63b5w/\346\261\202\350\247\243\345\231\250>, "/usr/lib/locale/C.utf8/LC_MESSAGES/SYS_LC_MESSAGES", O_RDONLY|O_CLOEXEC) = 3</usr/lib/locale/C.utf8/LC_MESSAGES/SYS_LC_MESSAGES>
1430026 openat(AT_FDCWD</tmp/kernel-audit2-v3r63b5w/\346\261\202\350\247\243\345\231\250>, "/usr/lib/locale/C.UTF-8/LC_MONETARY", O_RDONLY|O_CLOEXEC) = -1 ENOENT (No such file or directory)
1430026 openat(AT_FDCWD</tmp/kernel-audit2-v3r63b5w/\346\261\202\350\247\243\345\231\250>, "/usr/lib/locale/C.utf8/LC_MONETARY", O_RDONLY|O_CLOEXEC) = 3</usr/lib/locale/C.utf8/LC_MONETARY>
1430026 openat(AT_FDCWD</tmp/kernel-audit2-v3r63b5w/\346\261\202\350\247\243\345\231\250>, "/usr/lib/locale/C.UTF-8/LC_COLLATE", O_RDONLY|O_CLOEXEC) = -1 ENOENT (No such file or directory)
1430026 openat(AT_FDCWD</tmp/kernel-audit2-v3r63b5w/\346\261\202\350\247\243\345\231\250>, "/usr/lib/locale/C.utf8/LC_COLLATE", O_RDONLY|O_CLOEXEC) = 3</usr/lib/locale/C.utf8/LC_COLLATE>
1430026 openat(AT_FDCWD</tmp/kernel-audit2-v3r63b5w/\346\261\202\350\247\243\345\231\250>, "/usr/lib/locale/C.UTF-8/LC_TIME", O_RDONLY|O_CLOEXEC) = -1 ENOENT (No such file or directory)
1430026 openat(AT_FDCWD</tmp/kernel-audit2-v3r63b5w/\346\261\202\350\247\243\345\231\250>, "/usr/lib/locale/C.utf8/LC_TIME", O_RDONLY|O_CLOEXEC) = 3</usr/lib/locale/C.utf8/LC_TIME>
1430026 openat(AT_FDCWD</tmp/kernel-audit2-v3r63b5w/\346\261\202\350\247\243\345\231\250>, "/usr/lib/locale/C.UTF-8/LC_NUMERIC", O_RDONLY|O_CLOEXEC) = -1 ENOENT (No such file or directory)
1430026 openat(AT_FDCWD</tmp/kernel-audit2-v3r63b5w/\346\261\202\350\247\243\345\231\250>, "/usr/lib/locale/C.utf8/LC_NUMERIC", O_RDONLY|O_CLOEXEC) = 3</usr/lib/locale/C.utf8/LC_NUMERIC>
1430026 openat(AT_FDCWD</tmp/kernel-audit2-v3r63b5w/\346\261\202\350\247\243\345\231\250>, "/usr/lib/locale/C.UTF-8/LC_CTYPE", O_RDONLY|O_CLOEXEC) = -1 ENOENT (No such file or directory)
1430026 openat(AT_FDCWD</tmp/kernel-audit2-v3r63b5w/\346\261\202\350\247\243\345\231\250>, "/usr/lib/locale/C.utf8/LC_CTYPE", O_RDONLY|O_CLOEXEC) = 3</usr/lib/locale/C.utf8/LC_CTYPE>
1430026 openat(AT_FDCWD</tmp/kernel-audit2-v3r63b5w/\346\261\202\350\247\243\345\231\250>, "/tmp/kernel-audit2-v3r63b5w/\346\261\202\350\247\243\347\272\246\346\235\237.txt", O_RDONLY) = 3</tmp/kernel-audit2-v3r63b5w/\346\261\202\350\247\243\347\272\246\346\235\237.txt>
1430014 --- SIGCHLD {si_signo=SIGCHLD, si_code=CLD_EXITED, si_pid=1430026, si_uid=1000, si_status=0, si_utime=0, si_stime=0} ---
1430014 openat(AT_FDCWD</tmp/kernel-audit2-v3r63b5w/\346\261\202\350\247\243\345\231\250>, "/dev/null", O_RDONLY|O_CLOEXEC) = 3</dev/null<char 1:3>>
1430027 execve("/home/zhuran24/.codex/tmp/arg0/codex-arg0DuAZRy/sha256sum", ["sha256sum", "--", "/tmp/kernel-audit2-v3r63b5w/\346\261\202\350\247\243\345\231\250/\350\247\204\346\240\274/\351\200\211\346\213\251\347\202\271\345\217\202\346\225\260\350\275\264.md"], 0x7ffe3bafa178 /* 135 vars */) = -1 ENOENT (No such file or directory)
1430027 execve("/home/zhuran24/.cargo/bin/sha256sum", ["sha256sum", "--", "/tmp/kernel-audit2-v3r63b5w/\346\261\202\350\247\243\345\231\250/\350\247\204\346\240\274/\351\200\211\346\213\251\347\202\271\345\217\202\346\225\260\350\275\264.md"], 0x7ffe3bafa178 /* 135 vars */) = -1 ENOENT (No such file or directory)
1430027 execve("/home/zhuran24/.local/bin/sha256sum", ["sha256sum", "--", "/tmp/kernel-audit2-v3r63b5w/\346\261\202\350\247\243\345\231\250/\350\247\204\346\240\274/\351\200\211\346\213\251\347\202\271\345\217\202\346\225\260\350\275\264.md"], 0x7ffe3bafa178 /* 135 vars */) = -1 ENOENT (No such file or directory)
1430027 execve("/home/zhuran24/.opencode/bin/sha256sum", ["sha256sum", "--", "/tmp/kernel-audit2-v3r63b5w/\346\261\202\350\247\243\345\231\250/\350\247\204\346\240\274/\351\200\211\346\213\251\347\202\271\345\217\202\346\225\260\350\275\264.md"], 0x7ffe3bafa178 /* 135 vars */) = -1 ENOENT (No such file or directory)
1430027 execve("/usr/local/bin/sha256sum", ["sha256sum", "--", "/tmp/kernel-audit2-v3r63b5w/\346\261\202\350\247\243\345\231\250/\350\247\204\346\240\274/\351\200\211\346\213\251\347\202\271\345\217\202\346\225\260\350\275\264.md"], 0x7ffe3bafa178 /* 135 vars */) = -1 ENOENT (No such file or directory)
1430027 execve("/usr/bin/sha256sum", ["sha256sum", "--", "/tmp/kernel-audit2-v3r63b5w/\346\261\202\350\247\243\345\231\250/\350\247\204\346\240\274/\351\200\211\346\213\251\347\202\271\345\217\202\346\225\260\350\275\264.md"], 0x7ffe3bafa178 /* 135 vars */) = 0
1430027 openat(AT_FDCWD</tmp/kernel-audit2-v3r63b5w/\346\261\202\350\247\243\345\231\250>, "/etc/ld.so.cache", O_RDONLY|O_CLOEXEC) = 3</etc/ld.so.cache>
1430027 openat(AT_FDCWD</tmp/kernel-audit2-v3r63b5w/\346\261\202\350\247\243\345\231\250>, "/usr/lib/libcrypto.so.3", O_RDONLY|O_CLOEXEC) = 3</usr/lib/libcrypto.so.3>
1430027 openat(AT_FDCWD</tmp/kernel-audit2-v3r63b5w/\346\261\202\350\247\243\345\231\250>, "/usr/lib/libc.so.6", O_RDONLY|O_CLOEXEC) = 3</usr/lib/libc.so.6>
1430027 openat(AT_FDCWD</tmp/kernel-audit2-v3r63b5w/\346\261\202\350\247\243\345\231\250>, "/usr/lib/libz.so.1", O_RDONLY|O_CLOEXEC) = 3</usr/lib/libz.so.1.3.1.zlib-ng>
1430027 openat(AT_FDCWD</tmp/kernel-audit2-v3r63b5w/\346\261\202\350\247\243\345\231\250>, "/usr/lib/libbrotlienc.so.1", O_RDONLY|O_CLOEXEC) = 3</usr/lib/libbrotlienc.so.1.2.0>
1430027 openat(AT_FDCWD</tmp/kernel-audit2-v3r63b5w/\346\261\202\350\247\243\345\231\250>, "/usr/lib/libbrotlidec.so.1", O_RDONLY|O_CLOEXEC) = 3</usr/lib/libbrotlidec.so.1.2.0>
1430027 openat(AT_FDCWD</tmp/kernel-audit2-v3r63b5w/\346\261\202\350\247\243\345\231\250>, "/usr/lib/libzstd.so.1", O_RDONLY|O_CLOEXEC) = 3</usr/lib/libzstd.so.1.5.7>
1430027 openat(AT_FDCWD</tmp/kernel-audit2-v3r63b5w/\346\261\202\350\247\243\345\231\250>, "/usr/lib/libm.so.6", O_RDONLY|O_CLOEXEC) = 3</usr/lib/libm.so.6>
1430027 openat(AT_FDCWD</tmp/kernel-audit2-v3r63b5w/\346\261\202\350\247\243\345\231\250>, "/usr/lib/libbrotlicommon.so.1", O_RDONLY|O_CLOEXEC) = 3</usr/lib/libbrotlicommon.so.1.2.0>
1430027 openat(AT_FDCWD</tmp/kernel-audit2-v3r63b5w/\346\261\202\350\247\243\345\231\250>, "/usr/lib/locale/locale-archive", O_RDONLY|O_CLOEXEC) = 3</usr/lib/locale/locale-archive>
1430027 openat(AT_FDCWD</tmp/kernel-audit2-v3r63b5w/\346\261\202\350\247\243\345\231\250>, "/usr/share/locale/locale.alias", O_RDONLY|O_CLOEXEC) = 3</usr/share/locale/locale.alias>
1430027 openat(AT_FDCWD</tmp/kernel-audit2-v3r63b5w/\346\261\202\350\247\243\345\231\250>, "/usr/lib/locale/C.UTF-8/LC_IDENTIFICATION", O_RDONLY|O_CLOEXEC) = -1 ENOENT (No such file or directory)
1430027 openat(AT_FDCWD</tmp/kernel-audit2-v3r63b5w/\346\261\202\350\247\243\345\231\250>, "/usr/lib/locale/C.utf8/LC_IDENTIFICATION", O_RDONLY|O_CLOEXEC) = 3</usr/lib/locale/C.utf8/LC_IDENTIFICATION>
1430027 openat(AT_FDCWD</tmp/kernel-audit2-v3r63b5w/\346\261\202\350\247\243\345\231\250>, "/usr/lib/gconv/gconv-modules.cache", O_RDONLY|O_CLOEXEC) = 3</usr/lib/gconv/gconv-modules.cache>
1430027 openat(AT_FDCWD</tmp/kernel-audit2-v3r63b5w/\346\261\202\350\247\243\345\231\250>, "/usr/lib/locale/C.UTF-8/LC_MEASUREMENT", O_RDONLY|O_CLOEXEC) = -1 ENOENT (No such file or directory)
1430027 openat(AT_FDCWD</tmp/kernel-audit2-v3r63b5w/\346\261\202\350\247\243\345\231\250>, "/usr/lib/locale/C.utf8/LC_MEASUREMENT", O_RDONLY|O_CLOEXEC) = 3</usr/lib/locale/C.utf8/LC_MEASUREMENT>
1430027 openat(AT_FDCWD</tmp/kernel-audit2-v3r63b5w/\346\261\202\350\247\243\345\231\250>, "/usr/lib/locale/C.UTF-8/LC_TELEPHONE", O_RDONLY|O_CLOEXEC) = -1 ENOENT (No such file or directory)
1430027 openat(AT_FDCWD</tmp/kernel-audit2-v3r63b5w/\346\261\202\350\247\243\345\231\250>, "/usr/lib/locale/C.utf8/LC_TELEPHONE", O_RDONLY|O_CLOEXEC) = 3</usr/lib/locale/C.utf8/LC_TELEPHONE>
1430027 openat(AT_FDCWD</tmp/kernel-audit2-v3r63b5w/\346\261\202\350\247\243\345\231\250>, "/usr/lib/locale/C.UTF-8/LC_ADDRESS", O_RDONLY|O_CLOEXEC) = -1 ENOENT (No such file or directory)
1430027 openat(AT_FDCWD</tmp/kernel-audit2-v3r63b5w/\346\261\202\350\247\243\345\231\250>, "/usr/lib/locale/C.utf8/LC_ADDRESS", O_RDONLY|O_CLOEXEC) = 3</usr/lib/locale/C.utf8/LC_ADDRESS>
1430027 openat(AT_FDCWD</tmp/kernel-audit2-v3r63b5w/\346\261\202\350\247\243\345\231\250>, "/usr/lib/locale/C.UTF-8/LC_NAME", O_RDONLY|O_CLOEXEC) = -1 ENOENT (No such file or directory)
1430027 openat(AT_FDCWD</tmp/kernel-audit2-v3r63b5w/\346\261\202\350\247\243\345\231\250>, "/usr/lib/locale/C.utf8/LC_NAME", O_RDONLY|O_CLOEXEC) = 3</usr/lib/locale/C.utf8/LC_NAME>
1430027 openat(AT_FDCWD</tmp/kernel-audit2-v3r63b5w/\346\261\202\350\247\243\345\231\250>, "/usr/lib/locale/C.UTF-8/LC_PAPER", O_RDONLY|O_CLOEXEC) = -1 ENOENT (No such file or directory)
1430027 openat(AT_FDCWD</tmp/kernel-audit2-v3r63b5w/\346\261\202\350\247\243\345\231\250>, "/usr/lib/locale/C.utf8/LC_PAPER", O_RDONLY|O_CLOEXEC) = 3</usr/lib/locale/C.utf8/LC_PAPER>
1430027 openat(AT_FDCWD</tmp/kernel-audit2-v3r63b5w/\346\261\202\350\247\243\345\231\250>, "/usr/lib/locale/C.UTF-8/LC_MESSAGES", O_RDONLY|O_CLOEXEC) = -1 ENOENT (No such file or directory)
1430027 openat(AT_FDCWD</tmp/kernel-audit2-v3r63b5w/\346\261\202\350\247\243\345\231\250>, "/usr/lib/locale/C.utf8/LC_MESSAGES", O_RDONLY|O_CLOEXEC) = 3</usr/lib/locale/C.utf8/LC_MESSAGES>
1430027 openat(AT_FDCWD</tmp/kernel-audit2-v3r63b5w/\346\261\202\350\247\243\345\231\250>, "/usr/lib/locale/C.utf8/LC_MESSAGES/SYS_LC_MESSAGES", O_RDONLY|O_CLOEXEC) = 3</usr/lib/locale/C.utf8/LC_MESSAGES/SYS_LC_MESSAGES>
1430027 openat(AT_FDCWD</tmp/kernel-audit2-v3r63b5w/\346\261\202\350\247\243\345\231\250>, "/usr/lib/locale/C.UTF-8/LC_MONETARY", O_RDONLY|O_CLOEXEC) = -1 ENOENT (No such file or directory)
1430027 openat(AT_FDCWD</tmp/kernel-audit2-v3r63b5w/\346\261\202\350\247\243\345\231\250>, "/usr/lib/locale/C.utf8/LC_MONETARY", O_RDONLY|O_CLOEXEC) = 3</usr/lib/locale/C.utf8/LC_MONETARY>
1430027 openat(AT_FDCWD</tmp/kernel-audit2-v3r63b5w/\346\261\202\350\247\243\345\231\250>, "/usr/lib/locale/C.UTF-8/LC_COLLATE", O_RDONLY|O_CLOEXEC) = -1 ENOENT (No such file or directory)
1430027 openat(AT_FDCWD</tmp/kernel-audit2-v3r63b5w/\346\261\202\350\247\243\345\231\250>, "/usr/lib/locale/C.utf8/LC_COLLATE", O_RDONLY|O_CLOEXEC) = 3</usr/lib/locale/C.utf8/LC_COLLATE>
1430027 openat(AT_FDCWD</tmp/kernel-audit2-v3r63b5w/\346\261\202\350\247\243\345\231\250>, "/usr/lib/locale/C.UTF-8/LC_TIME", O_RDONLY|O_CLOEXEC) = -1 ENOENT (No such file or directory)
1430027 openat(AT_FDCWD</tmp/kernel-audit2-v3r63b5w/\346\261\202\350\247\243\345\231\250>, "/usr/lib/locale/C.utf8/LC_TIME", O_RDONLY|O_CLOEXEC) = 3</usr/lib/locale/C.utf8/LC_TIME>
1430027 openat(AT_FDCWD</tmp/kernel-audit2-v3r63b5w/\346\261\202\350\247\243\345\231\250>, "/usr/lib/locale/C.UTF-8/LC_NUMERIC", O_RDONLY|O_CLOEXEC) = -1 ENOENT (No such file or directory)
1430027 openat(AT_FDCWD</tmp/kernel-audit2-v3r63b5w/\346\261\202\350\247\243\345\231\250>, "/usr/lib/locale/C.utf8/LC_NUMERIC", O_RDONLY|O_CLOEXEC) = 3</usr/lib/locale/C.utf8/LC_NUMERIC>
1430027 openat(AT_FDCWD</tmp/kernel-audit2-v3r63b5w/\346\261\202\350\247\243\345\231\250>, "/usr/lib/locale/C.UTF-8/LC_CTYPE", O_RDONLY|O_CLOEXEC) = -1 ENOENT (No such file or directory)
1430027 openat(AT_FDCWD</tmp/kernel-audit2-v3r63b5w/\346\261\202\350\247\243\345\231\250>, "/usr/lib/locale/C.utf8/LC_CTYPE", O_RDONLY|O_CLOEXEC) = 3</usr/lib/locale/C.utf8/LC_CTYPE>
1430027 openat(AT_FDCWD</tmp/kernel-audit2-v3r63b5w/\346\261\202\350\247\243\345\231\250>, "/tmp/kernel-audit2-v3r63b5w/\346\261\202\350\247\243\345\231\250/\350\247\204\346\240\274/\351\200\211\346\213\251\347\202\271\345\217\202\346\225\260\350\275\264.md", O_RDONLY) = 3</tmp/kernel-audit2-v3r63b5w/\346\261\202\350\247\243\345\231\250/\350\247\204\346\240\274/\351\200\211\346\213\251\347\202\271\345\217\202\346\225\260\350\275\264.md>
1430014 --- SIGCHLD {si_signo=SIGCHLD, si_code=CLD_EXITED, si_pid=1430027, si_uid=1000, si_status=0, si_utime=0, si_stime=0} ---
1430014 openat(AT_FDCWD</tmp/kernel-audit2-v3r63b5w/\346\261\202\350\247\243\345\231\250>, "/dev/null", O_RDONLY|O_CLOEXEC) = 3</dev/null<char 1:3>>
1430028 execve("/home/zhuran24/.codex/tmp/arg0/codex-arg0DuAZRy/sha256sum", ["sha256sum", "--", "/tmp/kernel-audit2-v3r63b5w/\346\261\202\350\247\243\345\231\250/\350\247\204\346\240\274/\345\217\227\351\231\220\346\250\241\345\236\213\345\243\260\346\230\216.md"], 0x7ffe3bafa178 /* 135 vars */) = -1 ENOENT (No such file or directory)
1430028 execve("/home/zhuran24/.cargo/bin/sha256sum", ["sha256sum", "--", "/tmp/kernel-audit2-v3r63b5w/\346\261\202\350\247\243\345\231\250/\350\247\204\346\240\274/\345\217\227\351\231\220\346\250\241\345\236\213\345\243\260\346\230\216.md"], 0x7ffe3bafa178 /* 135 vars */) = -1 ENOENT (No such file or directory)
1430028 execve("/home/zhuran24/.local/bin/sha256sum", ["sha256sum", "--", "/tmp/kernel-audit2-v3r63b5w/\346\261\202\350\247\243\345\231\250/\350\247\204\346\240\274/\345\217\227\351\231\220\346\250\241\345\236\213\345\243\260\346\230\216.md"], 0x7ffe3bafa178 /* 135 vars */) = -1 ENOENT (No such file or directory)
1430028 execve("/home/zhuran24/.opencode/bin/sha256sum", ["sha256sum", "--", "/tmp/kernel-audit2-v3r63b5w/\346\261\202\350\247\243\345\231\250/\350\247\204\346\240\274/\345\217\227\351\231\220\346\250\241\345\236\213\345\243\260\346\230\216.md"], 0x7ffe3bafa178 /* 135 vars */) = -1 ENOENT (No such file or directory)
1430028 execve("/usr/local/bin/sha256sum", ["sha256sum", "--", "/tmp/kernel-audit2-v3r63b5w/\346\261\202\350\247\243\345\231\250/\350\247\204\346\240\274/\345\217\227\351\231\220\346\250\241\345\236\213\345\243\260\346\230\216.md"], 0x7ffe3bafa178 /* 135 vars */) = -1 ENOENT (No such file or directory)
1430028 execve("/usr/bin/sha256sum", ["sha256sum", "--", "/tmp/kernel-audit2-v3r63b5w/\346\261\202\350\247\243\345\231\250/\350\247\204\346\240\274/\345\217\227\351\231\220\346\250\241\345\236\213\345\243\260\346\230\216.md"], 0x7ffe3bafa178 /* 135 vars */) = 0
1430028 openat(AT_FDCWD</tmp/kernel-audit2-v3r63b5w/\346\261\202\350\247\243\345\231\250>, "/etc/ld.so.cache", O_RDONLY|O_CLOEXEC) = 3</etc/ld.so.cache>
1430028 openat(AT_FDCWD</tmp/kernel-audit2-v3r63b5w/\346\261\202\350\247\243\345\231\250>, "/usr/lib/libcrypto.so.3", O_RDONLY|O_CLOEXEC) = 3</usr/lib/libcrypto.so.3>
1430028 openat(AT_FDCWD</tmp/kernel-audit2-v3r63b5w/\346\261\202\350\247\243\345\231\250>, "/usr/lib/libc.so.6", O_RDONLY|O_CLOEXEC) = 3</usr/lib/libc.so.6>
1430028 openat(AT_FDCWD</tmp/kernel-audit2-v3r63b5w/\346\261\202\350\247\243\345\231\250>, "/usr/lib/libz.so.1", O_RDONLY|O_CLOEXEC) = 3</usr/lib/libz.so.1.3.1.zlib-ng>
1430028 openat(AT_FDCWD</tmp/kernel-audit2-v3r63b5w/\346\261\202\350\247\243\345\231\250>, "/usr/lib/libbrotlienc.so.1", O_RDONLY|O_CLOEXEC) = 3</usr/lib/libbrotlienc.so.1.2.0>
1430028 openat(AT_FDCWD</tmp/kernel-audit2-v3r63b5w/\346\261\202\350\247\243\345\231\250>, "/usr/lib/libbrotlidec.so.1", O_RDONLY|O_CLOEXEC) = 3</usr/lib/libbrotlidec.so.1.2.0>
1430028 openat(AT_FDCWD</tmp/kernel-audit2-v3r63b5w/\346\261\202\350\247\243\345\231\250>, "/usr/lib/libzstd.so.1", O_RDONLY|O_CLOEXEC) = 3</usr/lib/libzstd.so.1.5.7>
1430028 openat(AT_FDCWD</tmp/kernel-audit2-v3r63b5w/\346\261\202\350\247\243\345\231\250>, "/usr/lib/libm.so.6", O_RDONLY|O_CLOEXEC) = 3</usr/lib/libm.so.6>
1430028 openat(AT_FDCWD</tmp/kernel-audit2-v3r63b5w/\346\261\202\350\247\243\345\231\250>, "/usr/lib/libbrotlicommon.so.1", O_RDONLY|O_CLOEXEC) = 3</usr/lib/libbrotlicommon.so.1.2.0>
1430028 openat(AT_FDCWD</tmp/kernel-audit2-v3r63b5w/\346\261\202\350\247\243\345\231\250>, "/usr/lib/locale/locale-archive", O_RDONLY|O_CLOEXEC) = 3</usr/lib/locale/locale-archive>
1430028 openat(AT_FDCWD</tmp/kernel-audit2-v3r63b5w/\346\261\202\350\247\243\345\231\250>, "/usr/share/locale/locale.alias", O_RDONLY|O_CLOEXEC) = 3</usr/share/locale/locale.alias>
1430028 openat(AT_FDCWD</tmp/kernel-audit2-v3r63b5w/\346\261\202\350\247\243\345\231\250>, "/usr/lib/locale/C.UTF-8/LC_IDENTIFICATION", O_RDONLY|O_CLOEXEC) = -1 ENOENT (No such file or directory)
1430028 openat(AT_FDCWD</tmp/kernel-audit2-v3r63b5w/\346\261\202\350\247\243\345\231\250>, "/usr/lib/locale/C.utf8/LC_IDENTIFICATION", O_RDONLY|O_CLOEXEC) = 3</usr/lib/locale/C.utf8/LC_IDENTIFICATION>
1430028 openat(AT_FDCWD</tmp/kernel-audit2-v3r63b5w/\346\261\202\350\247\243\345\231\250>, "/usr/lib/gconv/gconv-modules.cache", O_RDONLY|O_CLOEXEC) = 3</usr/lib/gconv/gconv-modules.cache>
1430028 openat(AT_FDCWD</tmp/kernel-audit2-v3r63b5w/\346\261\202\350\247\243\345\231\250>, "/usr/lib/locale/C.UTF-8/LC_MEASUREMENT", O_RDONLY|O_CLOEXEC) = -1 ENOENT (No such file or directory)
1430028 openat(AT_FDCWD</tmp/kernel-audit2-v3r63b5w/\346\261\202\350\247\243\345\231\250>, "/usr/lib/locale/C.utf8/LC_MEASUREMENT", O_RDONLY|O_CLOEXEC) = 3</usr/lib/locale/C.utf8/LC_MEASUREMENT>
1430028 openat(AT_FDCWD</tmp/kernel-audit2-v3r63b5w/\346\261\202\350\247\243\345\231\250>, "/usr/lib/locale/C.UTF-8/LC_TELEPHONE", O_RDONLY|O_CLOEXEC) = -1 ENOENT (No such file or directory)
1430028 openat(AT_FDCWD</tmp/kernel-audit2-v3r63b5w/\346\261\202\350\247\243\345\231\250>, "/usr/lib/locale/C.utf8/LC_TELEPHONE", O_RDONLY|O_CLOEXEC) = 3</usr/lib/locale/C.utf8/LC_TELEPHONE>
1430028 openat(AT_FDCWD</tmp/kernel-audit2-v3r63b5w/\346\261\202\350\247\243\345\231\250>, "/usr/lib/locale/C.UTF-8/LC_ADDRESS", O_RDONLY|O_CLOEXEC) = -1 ENOENT (No such file or directory)
1430028 openat(AT_FDCWD</tmp/kernel-audit2-v3r63b5w/\346\261\202\350\247\243\345\231\250>, "/usr/lib/locale/C.utf8/LC_ADDRESS", O_RDONLY|O_CLOEXEC) = 3</usr/lib/locale/C.utf8/LC_ADDRESS>
1430028 openat(AT_FDCWD</tmp/kernel-audit2-v3r63b5w/\346\261\202\350\247\243\345\231\250>, "/usr/lib/locale/C.UTF-8/LC_NAME", O_RDONLY|O_CLOEXEC) = -1 ENOENT (No such file or directory)
1430028 openat(AT_FDCWD</tmp/kernel-audit2-v3r63b5w/\346\261\202\350\247\243\345\231\250>, "/usr/lib/locale/C.utf8/LC_NAME", O_RDONLY|O_CLOEXEC) = 3</usr/lib/locale/C.utf8/LC_NAME>
1430028 openat(AT_FDCWD</tmp/kernel-audit2-v3r63b5w/\346\261\202\350\247\243\345\231\250>, "/usr/lib/locale/C.UTF-8/LC_PAPER", O_RDONLY|O_CLOEXEC) = -1 ENOENT (No such file or directory)
1430028 openat(AT_FDCWD</tmp/kernel-audit2-v3r63b5w/\346\261\202\350\247\243\345\231\250>, "/usr/lib/locale/C.utf8/LC_PAPER", O_RDONLY|O_CLOEXEC) = 3</usr/lib/locale/C.utf8/LC_PAPER>
1430028 openat(AT_FDCWD</tmp/kernel-audit2-v3r63b5w/\346\261\202\350\247\243\345\231\250>, "/usr/lib/locale/C.UTF-8/LC_MESSAGES", O_RDONLY|O_CLOEXEC) = -1 ENOENT (No such file or directory)
1430028 openat(AT_FDCWD</tmp/kernel-audit2-v3r63b5w/\346\261\202\350\247\243\345\231\250>, "/usr/lib/locale/C.utf8/LC_MESSAGES", O_RDONLY|O_CLOEXEC) = 3</usr/lib/locale/C.utf8/LC_MESSAGES>
1430028 openat(AT_FDCWD</tmp/kernel-audit2-v3r63b5w/\346\261\202\350\247\243\345\231\250>, "/usr/lib/locale/C.utf8/LC_MESSAGES/SYS_LC_MESSAGES", O_RDONLY|O_CLOEXEC) = 3</usr/lib/locale/C.utf8/LC_MESSAGES/SYS_LC_MESSAGES>
1430028 openat(AT_FDCWD</tmp/kernel-audit2-v3r63b5w/\346\261\202\350\247\243\345\231\250>, "/usr/lib/locale/C.UTF-8/LC_MONETARY", O_RDONLY|O_CLOEXEC) = -1 ENOENT (No such file or directory)
1430028 openat(AT_FDCWD</tmp/kernel-audit2-v3r63b5w/\346\261\202\350\247\243\345\231\250>, "/usr/lib/locale/C.utf8/LC_MONETARY", O_RDONLY|O_CLOEXEC) = 3</usr/lib/locale/C.utf8/LC_MONETARY>
1430028 openat(AT_FDCWD</tmp/kernel-audit2-v3r63b5w/\346\261\202\350\247\243\345\231\250>, "/usr/lib/locale/C.UTF-8/LC_COLLATE", O_RDONLY|O_CLOEXEC) = -1 ENOENT (No such file or directory)
1430028 openat(AT_FDCWD</tmp/kernel-audit2-v3r63b5w/\346\261\202\350\247\243\345\231\250>, "/usr/lib/locale/C.utf8/LC_COLLATE", O_RDONLY|O_CLOEXEC) = 3</usr/lib/locale/C.utf8/LC_COLLATE>
1430028 openat(AT_FDCWD</tmp/kernel-audit2-v3r63b5w/\346\261\202\350\247\243\345\231\250>, "/usr/lib/locale/C.UTF-8/LC_TIME", O_RDONLY|O_CLOEXEC) = -1 ENOENT (No such file or directory)
1430028 openat(AT_FDCWD</tmp/kernel-audit2-v3r63b5w/\346\261\202\350\247\243\345\231\250>, "/usr/lib/locale/C.utf8/LC_TIME", O_RDONLY|O_CLOEXEC) = 3</usr/lib/locale/C.utf8/LC_TIME>
1430028 openat(AT_FDCWD</tmp/kernel-audit2-v3r63b5w/\346\261\202\350\247\243\345\231\250>, "/usr/lib/locale/C.UTF-8/LC_NUMERIC", O_RDONLY|O_CLOEXEC) = -1 ENOENT (No such file or directory)
1430028 openat(AT_FDCWD</tmp/kernel-audit2-v3r63b5w/\346\261\202\350\247\243\345\231\250>, "/usr/lib/locale/C.utf8/LC_NUMERIC", O_RDONLY|O_CLOEXEC) = 3</usr/lib/locale/C.utf8/LC_NUMERIC>
1430028 openat(AT_FDCWD</tmp/kernel-audit2-v3r63b5w/\346\261\202\350\247\243\345\231\250>, "/usr/lib/locale/C.UTF-8/LC_CTYPE", O_RDONLY|O_CLOEXEC) = -1 ENOENT (No such file or directory)
1430028 openat(AT_FDCWD</tmp/kernel-audit2-v3r63b5w/\346\261\202\350\247\243\345\231\250>, "/usr/lib/locale/C.utf8/LC_CTYPE", O_RDONLY|O_CLOEXEC) = 3</usr/lib/locale/C.utf8/LC_CTYPE>
1430028 openat(AT_FDCWD</tmp/kernel-audit2-v3r63b5w/\346\261\202\350\247\243\345\231\250>, "/tmp/kernel-audit2-v3r63b5w/\346\261\202\350\247\243\345\231\250/\350\247\204\346\240\274/\345\217\227\351\231\220\346\250\241\345\236\213\345\243\260\346\230\216.md", O_RDONLY) = 3</tmp/kernel-audit2-v3r63b5w/\346\261\202\350\247\243\345\231\250/\350\247\204\346\240\274/\345\217\227\351\231\220\346\250\241\345\236\213\345\243\260\346\230\216.md>
1430014 --- SIGCHLD {si_signo=SIGCHLD, si_code=CLD_EXITED, si_pid=1430028, si_uid=1000, si_status=0, si_utime=0, si_stime=0} ---
1430014 openat(AT_FDCWD</tmp/kernel-audit2-v3r63b5w/\346\261\202\350\247\243\345\231\250>, "/dev/null", O_RDONLY|O_CLOEXEC) = 3</dev/null<char 1:3>>
1430029 execve("/home/zhuran24/.codex/tmp/arg0/codex-arg0DuAZRy/sha256sum", ["sha256sum", "--", "/tmp/kernel-audit2-v3r63b5w/\346\261\202\350\247\243\345\231\250/\350\247\204\346\240\274/\345\217\227\351\231\220\350\275\254\347\247\273\345\256\232\344\271\211.md"], 0x7ffe3bafa178 /* 135 vars */) = -1 ENOENT (No such file or directory)
1430029 execve("/home/zhuran24/.cargo/bin/sha256sum", ["sha256sum", "--", "/tmp/kernel-audit2-v3r63b5w/\346\261\202\350\247\243\345\231\250/\350\247\204\346\240\274/\345\217\227\351\231\220\350\275\254\347\247\273\345\256\232\344\271\211.md"], 0x7ffe3bafa178 /* 135 vars */) = -1 ENOENT (No such file or directory)
1430029 execve("/home/zhuran24/.local/bin/sha256sum", ["sha256sum", "--", "/tmp/kernel-audit2-v3r63b5w/\346\261\202\350\247\243\345\231\250/\350\247\204\346\240\274/\345\217\227\351\231\220\350\275\254\347\247\273\345\256\232\344\271\211.md"], 0x7ffe3bafa178 /* 135 vars */) = -1 ENOENT (No such file or directory)
1430029 execve("/home/zhuran24/.opencode/bin/sha256sum", ["sha256sum", "--", "/tmp/kernel-audit2-v3r63b5w/\346\261\202\350\247\243\345\231\250/\350\247\204\346\240\274/\345\217\227\351\231\220\350\275\254\347\247\273\345\256\232\344\271\211.md"], 0x7ffe3bafa178 /* 135 vars */) = -1 ENOENT (No such file or directory)
1430029 execve("/usr/local/bin/sha256sum", ["sha256sum", "--", "/tmp/kernel-audit2-v3r63b5w/\346\261\202\350\247\243\345\231\250/\350\247\204\346\240\274/\345\217\227\351\231\220\350\275\254\347\247\273\345\256\232\344\271\211.md"], 0x7ffe3bafa178 /* 135 vars */) = -1 ENOENT (No such file or directory)
1430029 execve("/usr/bin/sha256sum", ["sha256sum", "--", "/tmp/kernel-audit2-v3r63b5w/\346\261\202\350\247\243\345\231\250/\350\247\204\346\240\274/\345\217\227\351\231\220\350\275\254\347\247\273\345\256\232\344\271\211.md"], 0x7ffe3bafa178 /* 135 vars */) = 0
1430029 openat(AT_FDCWD</tmp/kernel-audit2-v3r63b5w/\346\261\202\350\247\243\345\231\250>, "/etc/ld.so.cache", O_RDONLY|O_CLOEXEC) = 3</etc/ld.so.cache>
1430029 openat(AT_FDCWD</tmp/kernel-audit2-v3r63b5w/\346\261\202\350\247\243\345\231\250>, "/usr/lib/libcrypto.so.3", O_RDONLY|O_CLOEXEC) = 3</usr/lib/libcrypto.so.3>
1430029 openat(AT_FDCWD</tmp/kernel-audit2-v3r63b5w/\346\261\202\350\247\243\345\231\250>, "/usr/lib/libc.so.6", O_RDONLY|O_CLOEXEC) = 3</usr/lib/libc.so.6>
1430029 openat(AT_FDCWD</tmp/kernel-audit2-v3r63b5w/\346\261\202\350\247\243\345\231\250>, "/usr/lib/libz.so.1", O_RDONLY|O_CLOEXEC) = 3</usr/lib/libz.so.1.3.1.zlib-ng>
1430029 openat(AT_FDCWD</tmp/kernel-audit2-v3r63b5w/\346\261\202\350\247\243\345\231\250>, "/usr/lib/libbrotlienc.so.1", O_RDONLY|O_CLOEXEC) = 3</usr/lib/libbrotlienc.so.1.2.0>
1430029 openat(AT_FDCWD</tmp/kernel-audit2-v3r63b5w/\346\261\202\350\247\243\345\231\250>, "/usr/lib/libbrotlidec.so.1", O_RDONLY|O_CLOEXEC) = 3</usr/lib/libbrotlidec.so.1.2.0>
1430029 openat(AT_FDCWD</tmp/kernel-audit2-v3r63b5w/\346\261\202\350\247\243\345\231\250>, "/usr/lib/libzstd.so.1", O_RDONLY|O_CLOEXEC) = 3</usr/lib/libzstd.so.1.5.7>
1430029 openat(AT_FDCWD</tmp/kernel-audit2-v3r63b5w/\346\261\202\350\247\243\345\231\250>, "/usr/lib/libm.so.6", O_RDONLY|O_CLOEXEC) = 3</usr/lib/libm.so.6>
1430029 openat(AT_FDCWD</tmp/kernel-audit2-v3r63b5w/\346\261\202\350\247\243\345\231\250>, "/usr/lib/libbrotlicommon.so.1", O_RDONLY|O_CLOEXEC) = 3</usr/lib/libbrotlicommon.so.1.2.0>
1430029 openat(AT_FDCWD</tmp/kernel-audit2-v3r63b5w/\346\261\202\350\247\243\345\231\250>, "/usr/lib/locale/locale-archive", O_RDONLY|O_CLOEXEC) = 3</usr/lib/locale/locale-archive>
1430029 openat(AT_FDCWD</tmp/kernel-audit2-v3r63b5w/\346\261\202\350\247\243\345\231\250>, "/usr/share/locale/locale.alias", O_RDONLY|O_CLOEXEC) = 3</usr/share/locale/locale.alias>
1430029 openat(AT_FDCWD</tmp/kernel-audit2-v3r63b5w/\346\261\202\350\247\243\345\231\250>, "/usr/lib/locale/C.UTF-8/LC_IDENTIFICATION", O_RDONLY|O_CLOEXEC) = -1 ENOENT (No such file or directory)
1430029 openat(AT_FDCWD</tmp/kernel-audit2-v3r63b5w/\346\261\202\350\247\243\345\231\250>, "/usr/lib/locale/C.utf8/LC_IDENTIFICATION", O_RDONLY|O_CLOEXEC) = 3</usr/lib/locale/C.utf8/LC_IDENTIFICATION>
1430029 openat(AT_FDCWD</tmp/kernel-audit2-v3r63b5w/\346\261\202\350\247\243\345\231\250>, "/usr/lib/gconv/gconv-modules.cache", O_RDONLY|O_CLOEXEC) = 3</usr/lib/gconv/gconv-modules.cache>
1430029 openat(AT_FDCWD</tmp/kernel-audit2-v3r63b5w/\346\261\202\350\247\243\345\231\250>, "/usr/lib/locale/C.UTF-8/LC_MEASUREMENT", O_RDONLY|O_CLOEXEC) = -1 ENOENT (No such file or directory)
1430029 openat(AT_FDCWD</tmp/kernel-audit2-v3r63b5w/\346\261\202\350\247\243\345\231\250>, "/usr/lib/locale/C.utf8/LC_MEASUREMENT", O_RDONLY|O_CLOEXEC) = 3</usr/lib/locale/C.utf8/LC_MEASUREMENT>
1430029 openat(AT_FDCWD</tmp/kernel-audit2-v3r63b5w/\346\261\202\350\247\243\345\231\250>, "/usr/lib/locale/C.UTF-8/LC_TELEPHONE", O_RDONLY|O_CLOEXEC) = -1 ENOENT (No such file or directory)
1430029 openat(AT_FDCWD</tmp/kernel-audit2-v3r63b5w/\346\261\202\350\247\243\345\231\250>, "/usr/lib/locale/C.utf8/LC_TELEPHONE", O_RDONLY|O_CLOEXEC) = 3</usr/lib/locale/C.utf8/LC_TELEPHONE>
1430029 openat(AT_FDCWD</tmp/kernel-audit2-v3r63b5w/\346\261\202\350\247\243\345\231\250>, "/usr/lib/locale/C.UTF-8/LC_ADDRESS", O_RDONLY|O_CLOEXEC) = -1 ENOENT (No such file or directory)
1430029 openat(AT_FDCWD</tmp/kernel-audit2-v3r63b5w/\346\261\202\350\247\243\345\231\250>, "/usr/lib/locale/C.utf8/LC_ADDRESS", O_RDONLY|O_CLOEXEC) = 3</usr/lib/locale/C.utf8/LC_ADDRESS>
1430029 openat(AT_FDCWD</tmp/kernel-audit2-v3r63b5w/\346\261\202\350\247\243\345\231\250>, "/usr/lib/locale/C.UTF-8/LC_NAME", O_RDONLY|O_CLOEXEC) = -1 ENOENT (No such file or directory)
1430029 openat(AT_FDCWD</tmp/kernel-audit2-v3r63b5w/\346\261\202\350\247\243\345\231\250>, "/usr/lib/locale/C.utf8/LC_NAME", O_RDONLY|O_CLOEXEC) = 3</usr/lib/locale/C.utf8/LC_NAME>
1430029 openat(AT_FDCWD</tmp/kernel-audit2-v3r63b5w/\346\261\202\350\247\243\345\231\250>, "/usr/lib/locale/C.UTF-8/LC_PAPER", O_RDONLY|O_CLOEXEC) = -1 ENOENT (No such file or directory)
1430029 openat(AT_FDCWD</tmp/kernel-audit2-v3r63b5w/\346\261\202\350\247\243\345\231\250>, "/usr/lib/locale/C.utf8/LC_PAPER", O_RDONLY|O_CLOEXEC) = 3</usr/lib/locale/C.utf8/LC_PAPER>
1430029 openat(AT_FDCWD</tmp/kernel-audit2-v3r63b5w/\346\261\202\350\247\243\345\231\250>, "/usr/lib/locale/C.UTF-8/LC_MESSAGES", O_RDONLY|O_CLOEXEC) = -1 ENOENT (No such file or directory)
1430029 openat(AT_FDCWD</tmp/kernel-audit2-v3r63b5w/\346\261\202\350\247\243\345\231\250>, "/usr/lib/locale/C.utf8/LC_MESSAGES", O_RDONLY|O_CLOEXEC) = 3</usr/lib/locale/C.utf8/LC_MESSAGES>
1430029 openat(AT_FDCWD</tmp/kernel-audit2-v3r63b5w/\346\261\202\350\247\243\345\231\250>, "/usr/lib/locale/C.utf8/LC_MESSAGES/SYS_LC_MESSAGES", O_RDONLY|O_CLOEXEC) = 3</usr/lib/locale/C.utf8/LC_MESSAGES/SYS_LC_MESSAGES>
1430029 openat(AT_FDCWD</tmp/kernel-audit2-v3r63b5w/\346\261\202\350\247\243\345\231\250>, "/usr/lib/locale/C.UTF-8/LC_MONETARY", O_RDONLY|O_CLOEXEC) = -1 ENOENT (No such file or directory)
1430029 openat(AT_FDCWD</tmp/kernel-audit2-v3r63b5w/\346\261\202\350\247\243\345\231\250>, "/usr/lib/locale/C.utf8/LC_MONETARY", O_RDONLY|O_CLOEXEC) = 3</usr/lib/locale/C.utf8/LC_MONETARY>
1430029 openat(AT_FDCWD</tmp/kernel-audit2-v3r63b5w/\346\261\202\350\247\243\345\231\250>, "/usr/lib/locale/C.UTF-8/LC_COLLATE", O_RDONLY|O_CLOEXEC) = -1 ENOENT (No such file or directory)
1430029 openat(AT_FDCWD</tmp/kernel-audit2-v3r63b5w/\346\261\202\350\247\243\345\231\250>, "/usr/lib/locale/C.utf8/LC_COLLATE", O_RDONLY|O_CLOEXEC) = 3</usr/lib/locale/C.utf8/LC_COLLATE>
1430029 openat(AT_FDCWD</tmp/kernel-audit2-v3r63b5w/\346\261\202\350\247\243\345\231\250>, "/usr/lib/locale/C.UTF-8/LC_TIME", O_RDONLY|O_CLOEXEC) = -1 ENOENT (No such file or directory)
1430029 openat(AT_FDCWD</tmp/kernel-audit2-v3r63b5w/\346\261\202\350\247\243\345\231\250>, "/usr/lib/locale/C.utf8/LC_TIME", O_RDONLY|O_CLOEXEC) = 3</usr/lib/locale/C.utf8/LC_TIME>
1430029 openat(AT_FDCWD</tmp/kernel-audit2-v3r63b5w/\346\261\202\350\247\243\345\231\250>, "/usr/lib/locale/C.UTF-8/LC_NUMERIC", O_RDONLY|O_CLOEXEC) = -1 ENOENT (No such file or directory)
1430029 openat(AT_FDCWD</tmp/kernel-audit2-v3r63b5w/\346\261\202\350\247\243\345\231\250>, "/usr/lib/locale/C.utf8/LC_NUMERIC", O_RDONLY|O_CLOEXEC) = 3</usr/lib/locale/C.utf8/LC_NUMERIC>
1430029 openat(AT_FDCWD</tmp/kernel-audit2-v3r63b5w/\346\261\202\350\247\243\345\231\250>, "/usr/lib/locale/C.UTF-8/LC_CTYPE", O_RDONLY|O_CLOEXEC) = -1 ENOENT (No such file or directory)
1430029 openat(AT_FDCWD</tmp/kernel-audit2-v3r63b5w/\346\261\202\350\247\243\345\231\250>, "/usr/lib/locale/C.utf8/LC_CTYPE", O_RDONLY|O_CLOEXEC) = 3</usr/lib/locale/C.utf8/LC_CTYPE>
1430029 openat(AT_FDCWD</tmp/kernel-audit2-v3r63b5w/\346\261\202\350\247\243\345\231\250>, "/tmp/kernel-audit2-v3r63b5w/\346\261\202\350\247\243\345\231\250/\350\247\204\346\240\274/\345\217\227\351\231\220\350\275\254\347\247\273\345\256\232\344\271\211.md", O_RDONLY) = 3</tmp/kernel-audit2-v3r63b5w/\346\261\202\350\247\243\345\231\250/\350\247\204\346\240\274/\345\217\227\351\231\220\350\275\254\347\247\273\345\256\232\344\271\211.md>
1430014 --- SIGCHLD {si_signo=SIGCHLD, si_code=CLD_EXITED, si_pid=1430029, si_uid=1000, si_status=0, si_utime=0, si_stime=0} ---
1430014 openat(AT_FDCWD</tmp/kernel-audit2-v3r63b5w/\346\261\202\350\247\243\345\231\250>, "/dev/null", O_RDONLY|O_CLOEXEC) = 3</dev/null<char 1:3>>
1430030 execve("/home/zhuran24/.codex/tmp/arg0/codex-arg0DuAZRy/sha256sum", ["sha256sum", "--", "/tmp/kernel-audit2-v3r63b5w/\346\261\202\350\247\243\345\231\250/\350\247\204\346\240\274/\350\277\220\350\241\214\350\257\255\344\271\211.md"], 0x7ffe3bafa178 /* 135 vars */) = -1 ENOENT (No such file or directory)
1430030 execve("/home/zhuran24/.cargo/bin/sha256sum", ["sha256sum", "--", "/tmp/kernel-audit2-v3r63b5w/\346\261\202\350\247\243\345\231\250/\350\247\204\346\240\274/\350\277\220\350\241\214\350\257\255\344\271\211.md"], 0x7ffe3bafa178 /* 135 vars */) = -1 ENOENT (No such file or directory)
1430030 execve("/home/zhuran24/.local/bin/sha256sum", ["sha256sum", "--", "/tmp/kernel-audit2-v3r63b5w/\346\261\202\350\247\243\345\231\250/\350\247\204\346\240\274/\350\277\220\350\241\214\350\257\255\344\271\211.md"], 0x7ffe3bafa178 /* 135 vars */) = -1 ENOENT (No such file or directory)
1430030 execve("/home/zhuran24/.opencode/bin/sha256sum", ["sha256sum", "--", "/tmp/kernel-audit2-v3r63b5w/\346\261\202\350\247\243\345\231\250/\350\247\204\346\240\274/\350\277\220\350\241\214\350\257\255\344\271\211.md"], 0x7ffe3bafa178 /* 135 vars */) = -1 ENOENT (No such file or directory)
1430030 execve("/usr/local/bin/sha256sum", ["sha256sum", "--", "/tmp/kernel-audit2-v3r63b5w/\346\261\202\350\247\243\345\231\250/\350\247\204\346\240\274/\350\277\220\350\241\214\350\257\255\344\271\211.md"], 0x7ffe3bafa178 /* 135 vars */) = -1 ENOENT (No such file or directory)
1430030 execve("/usr/bin/sha256sum", ["sha256sum", "--", "/tmp/kernel-audit2-v3r63b5w/\346\261\202\350\247\243\345\231\250/\350\247\204\346\240\274/\350\277\220\350\241\214\350\257\255\344\271\211.md"], 0x7ffe3bafa178 /* 135 vars */) = 0
1430030 openat(AT_FDCWD</tmp/kernel-audit2-v3r63b5w/\346\261\202\350\247\243\345\231\250>, "/etc/ld.so.cache", O_RDONLY|O_CLOEXEC) = 3</etc/ld.so.cache>
1430030 openat(AT_FDCWD</tmp/kernel-audit2-v3r63b5w/\346\261\202\350\247\243\345\231\250>, "/usr/lib/libcrypto.so.3", O_RDONLY|O_CLOEXEC) = 3</usr/lib/libcrypto.so.3>
1430030 openat(AT_FDCWD</tmp/kernel-audit2-v3r63b5w/\346\261\202\350\247\243\345\231\250>, "/usr/lib/libc.so.6", O_RDONLY|O_CLOEXEC) = 3</usr/lib/libc.so.6>
1430030 openat(AT_FDCWD</tmp/kernel-audit2-v3r63b5w/\346\261\202\350\247\243\345\231\250>, "/usr/lib/libz.so.1", O_RDONLY|O_CLOEXEC) = 3</usr/lib/libz.so.1.3.1.zlib-ng>
1430030 openat(AT_FDCWD</tmp/kernel-audit2-v3r63b5w/\346\261\202\350\247\243\345\231\250>, "/usr/lib/libbrotlienc.so.1", O_RDONLY|O_CLOEXEC) = 3</usr/lib/libbrotlienc.so.1.2.0>
1430030 openat(AT_FDCWD</tmp/kernel-audit2-v3r63b5w/\346\261\202\350\247\243\345\231\250>, "/usr/lib/libbrotlidec.so.1", O_RDONLY|O_CLOEXEC) = 3</usr/lib/libbrotlidec.so.1.2.0>
1430030 openat(AT_FDCWD</tmp/kernel-audit2-v3r63b5w/\346\261\202\350\247\243\345\231\250>, "/usr/lib/libzstd.so.1", O_RDONLY|O_CLOEXEC) = 3</usr/lib/libzstd.so.1.5.7>
1430030 openat(AT_FDCWD</tmp/kernel-audit2-v3r63b5w/\346\261\202\350\247\243\345\231\250>, "/usr/lib/libm.so.6", O_RDONLY|O_CLOEXEC) = 3</usr/lib/libm.so.6>
1430030 openat(AT_FDCWD</tmp/kernel-audit2-v3r63b5w/\346\261\202\350\247\243\345\231\250>, "/usr/lib/libbrotlicommon.so.1", O_RDONLY|O_CLOEXEC) = 3</usr/lib/libbrotlicommon.so.1.2.0>
1430030 openat(AT_FDCWD</tmp/kernel-audit2-v3r63b5w/\346\261\202\350\247\243\345\231\250>, "/usr/lib/locale/locale-archive", O_RDONLY|O_CLOEXEC) = 3</usr/lib/locale/locale-archive>
1430030 openat(AT_FDCWD</tmp/kernel-audit2-v3r63b5w/\346\261\202\350\247\243\345\231\250>, "/usr/share/locale/locale.alias", O_RDONLY|O_CLOEXEC) = 3</usr/share/locale/locale.alias>
1430030 openat(AT_FDCWD</tmp/kernel-audit2-v3r63b5w/\346\261\202\350\247\243\345\231\250>, "/usr/lib/locale/C.UTF-8/LC_IDENTIFICATION", O_RDONLY|O_CLOEXEC) = -1 ENOENT (No such file or directory)
1430030 openat(AT_FDCWD</tmp/kernel-audit2-v3r63b5w/\346\261\202\350\247\243\345\231\250>, "/usr/lib/locale/C.utf8/LC_IDENTIFICATION", O_RDONLY|O_CLOEXEC) = 3</usr/lib/locale/C.utf8/LC_IDENTIFICATION>
1430030 openat(AT_FDCWD</tmp/kernel-audit2-v3r63b5w/\346\261\202\350\247\243\345\231\250>, "/usr/lib/gconv/gconv-modules.cache", O_RDONLY|O_CLOEXEC) = 3</usr/lib/gconv/gconv-modules.cache>
1430030 openat(AT_FDCWD</tmp/kernel-audit2-v3r63b5w/\346\261\202\350\247\243\345\231\250>, "/usr/lib/locale/C.UTF-8/LC_MEASUREMENT", O_RDONLY|O_CLOEXEC) = -1 ENOENT (No such file or directory)
1430030 openat(AT_FDCWD</tmp/kernel-audit2-v3r63b5w/\346\261\202\350\247\243\345\231\250>, "/usr/lib/locale/C.utf8/LC_MEASUREMENT", O_RDONLY|O_CLOEXEC) = 3</usr/lib/locale/C.utf8/LC_MEASUREMENT>
1430030 openat(AT_FDCWD</tmp/kernel-audit2-v3r63b5w/\346\261\202\350\247\243\345\231\250>, "/usr/lib/locale/C.UTF-8/LC_TELEPHONE", O_RDONLY|O_CLOEXEC) = -1 ENOENT (No such file or directory)
1430030 openat(AT_FDCWD</tmp/kernel-audit2-v3r63b5w/\346\261\202\350\247\243\345\231\250>, "/usr/lib/locale/C.utf8/LC_TELEPHONE", O_RDONLY|O_CLOEXEC) = 3</usr/lib/locale/C.utf8/LC_TELEPHONE>
1430030 openat(AT_FDCWD</tmp/kernel-audit2-v3r63b5w/\346\261\202\350\247\243\345\231\250>, "/usr/lib/locale/C.UTF-8/LC_ADDRESS", O_RDONLY|O_CLOEXEC) = -1 ENOENT (No such file or directory)
1430030 openat(AT_FDCWD</tmp/kernel-audit2-v3r63b5w/\346\261\202\350\247\243\345\231\250>, "/usr/lib/locale/C.utf8/LC_ADDRESS", O_RDONLY|O_CLOEXEC) = 3</usr/lib/locale/C.utf8/LC_ADDRESS>
1430030 openat(AT_FDCWD</tmp/kernel-audit2-v3r63b5w/\346\261\202\350\247\243\345\231\250>, "/usr/lib/locale/C.UTF-8/LC_NAME", O_RDONLY|O_CLOEXEC) = -1 ENOENT (No such file or directory)
1430030 openat(AT_FDCWD</tmp/kernel-audit2-v3r63b5w/\346\261\202\350\247\243\345\231\250>, "/usr/lib/locale/C.utf8/LC_NAME", O_RDONLY|O_CLOEXEC) = 3</usr/lib/locale/C.utf8/LC_NAME>
1430030 openat(AT_FDCWD</tmp/kernel-audit2-v3r63b5w/\346\261\202\350\247\243\345\231\250>, "/usr/lib/locale/C.UTF-8/LC_PAPER", O_RDONLY|O_CLOEXEC) = -1 ENOENT (No such file or directory)
1430030 openat(AT_FDCWD</tmp/kernel-audit2-v3r63b5w/\346\261\202\350\247\243\345\231\250>, "/usr/lib/locale/C.utf8/LC_PAPER", O_RDONLY|O_CLOEXEC) = 3</usr/lib/locale/C.utf8/LC_PAPER>
1430030 openat(AT_FDCWD</tmp/kernel-audit2-v3r63b5w/\346\261\202\350\247\243\345\231\250>, "/usr/lib/locale/C.UTF-8/LC_MESSAGES", O_RDONLY|O_CLOEXEC) = -1 ENOENT (No such file or directory)
1430030 openat(AT_FDCWD</tmp/kernel-audit2-v3r63b5w/\346\261\202\350\247\243\345\231\250>, "/usr/lib/locale/C.utf8/LC_MESSAGES", O_RDONLY|O_CLOEXEC) = 3</usr/lib/locale/C.utf8/LC_MESSAGES>
1430030 openat(AT_FDCWD</tmp/kernel-audit2-v3r63b5w/\346\261\202\350\247\243\345\231\250>, "/usr/lib/locale/C.utf8/LC_MESSAGES/SYS_LC_MESSAGES", O_RDONLY|O_CLOEXEC) = 3</usr/lib/locale/C.utf8/LC_MESSAGES/SYS_LC_MESSAGES>
1430030 openat(AT_FDCWD</tmp/kernel-audit2-v3r63b5w/\346\261\202\350\247\243\345\231\250>, "/usr/lib/locale/C.UTF-8/LC_MONETARY", O_RDONLY|O_CLOEXEC) = -1 ENOENT (No such file or directory)
1430030 openat(AT_FDCWD</tmp/kernel-audit2-v3r63b5w/\346\261\202\350\247\243\345\231\250>, "/usr/lib/locale/C.utf8/LC_MONETARY", O_RDONLY|O_CLOEXEC) = 3</usr/lib/locale/C.utf8/LC_MONETARY>
1430030 openat(AT_FDCWD</tmp/kernel-audit2-v3r63b5w/\346\261\202\350\247\243\345\231\250>, "/usr/lib/locale/C.UTF-8/LC_COLLATE", O_RDONLY|O_CLOEXEC) = -1 ENOENT (No such file or directory)
1430030 openat(AT_FDCWD</tmp/kernel-audit2-v3r63b5w/\346\261\202\350\247\243\345\231\250>, "/usr/lib/locale/C.utf8/LC_COLLATE", O_RDONLY|O_CLOEXEC) = 3</usr/lib/locale/C.utf8/LC_COLLATE>
1430030 openat(AT_FDCWD</tmp/kernel-audit2-v3r63b5w/\346\261\202\350\247\243\345\231\250>, "/usr/lib/locale/C.UTF-8/LC_TIME", O_RDONLY|O_CLOEXEC) = -1 ENOENT (No such file or directory)
1430030 openat(AT_FDCWD</tmp/kernel-audit2-v3r63b5w/\346\261\202\350\247\243\345\231\250>, "/usr/lib/locale/C.utf8/LC_TIME", O_RDONLY|O_CLOEXEC) = 3</usr/lib/locale/C.utf8/LC_TIME>
1430030 openat(AT_FDCWD</tmp/kernel-audit2-v3r63b5w/\346\261\202\350\247\243\345\231\250>, "/usr/lib/locale/C.UTF-8/LC_NUMERIC", O_RDONLY|O_CLOEXEC) = -1 ENOENT (No such file or directory)
1430030 openat(AT_FDCWD</tmp/kernel-audit2-v3r63b5w/\346\261\202\350\247\243\345\231\250>, "/usr/lib/locale/C.utf8/LC_NUMERIC", O_RDONLY|O_CLOEXEC) = 3</usr/lib/locale/C.utf8/LC_NUMERIC>
1430030 openat(AT_FDCWD</tmp/kernel-audit2-v3r63b5w/\346\261\202\350\247\243\345\231\250>, "/usr/lib/locale/C.UTF-8/LC_CTYPE", O_RDONLY|O_CLOEXEC) = -1 ENOENT (No such file or directory)
1430030 openat(AT_FDCWD</tmp/kernel-audit2-v3r63b5w/\346\261\202\350\247\243\345\231\250>, "/usr/lib/locale/C.utf8/LC_CTYPE", O_RDONLY|O_CLOEXEC) = 3</usr/lib/locale/C.utf8/LC_CTYPE>
1430030 openat(AT_FDCWD</tmp/kernel-audit2-v3r63b5w/\346\261\202\350\247\243\345\231\250>, "/tmp/kernel-audit2-v3r63b5w/\346\261\202\350\247\243\345\231\250/\350\247\204\346\240\274/\350\277\220\350\241\214\350\257\255\344\271\211.md", O_RDONLY) = 3</tmp/kernel-audit2-v3r63b5w/\346\261\202\350\247\243\345\231\250/\350\247\204\346\240\274/\350\277\220\350\241\214\350\257\255\344\271\211.md>
1430014 --- SIGCHLD {si_signo=SIGCHLD, si_code=CLD_EXITED, si_pid=1430030, si_uid=1000, si_status=0, si_utime=0, si_stime=0} ---
1430014 openat(AT_FDCWD</tmp/kernel-audit2-v3r63b5w/\346\261\202\350\247\243\345\231\250>, "/dev/null", O_RDONLY|O_CLOEXEC) = 3</dev/null<char 1:3>>
1430031 execve("/home/zhuran24/.codex/tmp/arg0/codex-arg0DuAZRy/sha256sum", ["sha256sum", "--", "/tmp/kernel-audit2-v3r63b5w/\346\261\202\350\247\243\345\231\250/\350\247\204\346\240\274/\345\206\205\346\240\270\350\276\223\345\205\245.md"], 0x7ffe3bafa178 /* 135 vars */) = -1 ENOENT (No such file or directory)
1430031 execve("/home/zhuran24/.cargo/bin/sha256sum", ["sha256sum", "--", "/tmp/kernel-audit2-v3r63b5w/\346\261\202\350\247\243\345\231\250/\350\247\204\346\240\274/\345\206\205\346\240\270\350\276\223\345\205\245.md"], 0x7ffe3bafa178 /* 135 vars */) = -1 ENOENT (No such file or directory)
1430031 execve("/home/zhuran24/.local/bin/sha256sum", ["sha256sum", "--", "/tmp/kernel-audit2-v3r63b5w/\346\261\202\350\247\243\345\231\250/\350\247\204\346\240\274/\345\206\205\346\240\270\350\276\223\345\205\245.md"], 0x7ffe3bafa178 /* 135 vars */) = -1 ENOENT (No such file or directory)
1430031 execve("/home/zhuran24/.opencode/bin/sha256sum", ["sha256sum", "--", "/tmp/kernel-audit2-v3r63b5w/\346\261\202\350\247\243\345\231\250/\350\247\204\346\240\274/\345\206\205\346\240\270\350\276\223\345\205\245.md"], 0x7ffe3bafa178 /* 135 vars */) = -1 ENOENT (No such file or directory)
1430031 execve("/usr/local/bin/sha256sum", ["sha256sum", "--", "/tmp/kernel-audit2-v3r63b5w/\346\261\202\350\247\243\345\231\250/\350\247\204\346\240\274/\345\206\205\346\240\270\350\276\223\345\205\245.md"], 0x7ffe3bafa178 /* 135 vars */) = -1 ENOENT (No such file or directory)
1430031 execve("/usr/bin/sha256sum", ["sha256sum", "--", "/tmp/kernel-audit2-v3r63b5w/\346\261\202\350\247\243\345\231\250/\350\247\204\346\240\274/\345\206\205\346\240\270\350\276\223\345\205\245.md"], 0x7ffe3bafa178 /* 135 vars */) = 0
1430031 openat(AT_FDCWD</tmp/kernel-audit2-v3r63b5w/\346\261\202\350\247\243\345\231\250>, "/etc/ld.so.cache", O_RDONLY|O_CLOEXEC) = 3</etc/ld.so.cache>
1430031 openat(AT_FDCWD</tmp/kernel-audit2-v3r63b5w/\346\261\202\350\247\243\345\231\250>, "/usr/lib/libcrypto.so.3", O_RDONLY|O_CLOEXEC) = 3</usr/lib/libcrypto.so.3>
1430031 openat(AT_FDCWD</tmp/kernel-audit2-v3r63b5w/\346\261\202\350\247\243\345\231\250>, "/usr/lib/libc.so.6", O_RDONLY|O_CLOEXEC) = 3</usr/lib/libc.so.6>
1430031 openat(AT_FDCWD</tmp/kernel-audit2-v3r63b5w/\346\261\202\350\247\243\345\231\250>, "/usr/lib/libz.so.1", O_RDONLY|O_CLOEXEC) = 3</usr/lib/libz.so.1.3.1.zlib-ng>
1430031 openat(AT_FDCWD</tmp/kernel-audit2-v3r63b5w/\346\261\202\350\247\243\345\231\250>, "/usr/lib/libbrotlienc.so.1", O_RDONLY|O_CLOEXEC) = 3</usr/lib/libbrotlienc.so.1.2.0>
1430031 openat(AT_FDCWD</tmp/kernel-audit2-v3r63b5w/\346\261\202\350\247\243\345\231\250>, "/usr/lib/libbrotlidec.so.1", O_RDONLY|O_CLOEXEC) = 3</usr/lib/libbrotlidec.so.1.2.0>
1430031 openat(AT_FDCWD</tmp/kernel-audit2-v3r63b5w/\346\261\202\350\247\243\345\231\250>, "/usr/lib/libzstd.so.1", O_RDONLY|O_CLOEXEC) = 3</usr/lib/libzstd.so.1.5.7>
1430031 openat(AT_FDCWD</tmp/kernel-audit2-v3r63b5w/\346\261\202\350\247\243\345\231\250>, "/usr/lib/libm.so.6", O_RDONLY|O_CLOEXEC) = 3</usr/lib/libm.so.6>
1430031 openat(AT_FDCWD</tmp/kernel-audit2-v3r63b5w/\346\261\202\350\247\243\345\231\250>, "/usr/lib/libbrotlicommon.so.1", O_RDONLY|O_CLOEXEC) = 3</usr/lib/libbrotlicommon.so.1.2.0>
1430031 openat(AT_FDCWD</tmp/kernel-audit2-v3r63b5w/\346\261\202\350\247\243\345\231\250>, "/usr/lib/locale/locale-archive", O_RDONLY|O_CLOEXEC) = 3</usr/lib/locale/locale-archive>
1430031 openat(AT_FDCWD</tmp/kernel-audit2-v3r63b5w/\346\261\202\350\247\243\345\231\250>, "/usr/share/locale/locale.alias", O_RDONLY|O_CLOEXEC) = 3</usr/share/locale/locale.alias>
1430031 openat(AT_FDCWD</tmp/kernel-audit2-v3r63b5w/\346\261\202\350\247\243\345\231\250>, "/usr/lib/locale/C.UTF-8/LC_IDENTIFICATION", O_RDONLY|O_CLOEXEC) = -1 ENOENT (No such file or directory)
1430031 openat(AT_FDCWD</tmp/kernel-audit2-v3r63b5w/\346\261\202\350\247\243\345\231\250>, "/usr/lib/locale/C.utf8/LC_IDENTIFICATION", O_RDONLY|O_CLOEXEC) = 3</usr/lib/locale/C.utf8/LC_IDENTIFICATION>
1430031 openat(AT_FDCWD</tmp/kernel-audit2-v3r63b5w/\346\261\202\350\247\243\345\231\250>, "/usr/lib/gconv/gconv-modules.cache", O_RDONLY|O_CLOEXEC) = 3</usr/lib/gconv/gconv-modules.cache>
1430031 openat(AT_FDCWD</tmp/kernel-audit2-v3r63b5w/\346\261\202\350\247\243\345\231\250>, "/usr/lib/locale/C.UTF-8/LC_MEASUREMENT", O_RDONLY|O_CLOEXEC) = -1 ENOENT (No such file or directory)
1430031 openat(AT_FDCWD</tmp/kernel-audit2-v3r63b5w/\346\261\202\350\247\243\345\231\250>, "/usr/lib/locale/C.utf8/LC_MEASUREMENT", O_RDONLY|O_CLOEXEC) = 3</usr/lib/locale/C.utf8/LC_MEASUREMENT>
1430031 openat(AT_FDCWD</tmp/kernel-audit2-v3r63b5w/\346\261\202\350\247\243\345\231\250>, "/usr/lib/locale/C.UTF-8/LC_TELEPHONE", O_RDONLY|O_CLOEXEC) = -1 ENOENT (No such file or directory)
1430031 openat(AT_FDCWD</tmp/kernel-audit2-v3r63b5w/\346\261\202\350\247\243\345\231\250>, "/usr/lib/locale/C.utf8/LC_TELEPHONE", O_RDONLY|O_CLOEXEC) = 3</usr/lib/locale/C.utf8/LC_TELEPHONE>
1430031 openat(AT_FDCWD</tmp/kernel-audit2-v3r63b5w/\346\261\202\350\247\243\345\231\250>, "/usr/lib/locale/C.UTF-8/LC_ADDRESS", O_RDONLY|O_CLOEXEC) = -1 ENOENT (No such file or directory)
1430031 openat(AT_FDCWD</tmp/kernel-audit2-v3r63b5w/\346\261\202\350\247\243\345\231\250>, "/usr/lib/locale/C.utf8/LC_ADDRESS", O_RDONLY|O_CLOEXEC) = 3</usr/lib/locale/C.utf8/LC_ADDRESS>
1430031 openat(AT_FDCWD</tmp/kernel-audit2-v3r63b5w/\346\261\202\350\247\243\345\231\250>, "/usr/lib/locale/C.UTF-8/LC_NAME", O_RDONLY|O_CLOEXEC) = -1 ENOENT (No such file or directory)
1430031 openat(AT_FDCWD</tmp/kernel-audit2-v3r63b5w/\346\261\202\350\247\243\345\231\250>, "/usr/lib/locale/C.utf8/LC_NAME", O_RDONLY|O_CLOEXEC) = 3</usr/lib/locale/C.utf8/LC_NAME>
1430031 openat(AT_FDCWD</tmp/kernel-audit2-v3r63b5w/\346\261\202\350\247\243\345\231\250>, "/usr/lib/locale/C.UTF-8/LC_PAPER", O_RDONLY|O_CLOEXEC) = -1 ENOENT (No such file or directory)
1430031 openat(AT_FDCWD</tmp/kernel-audit2-v3r63b5w/\346\261\202\350\247\243\345\231\250>, "/usr/lib/locale/C.utf8/LC_PAPER", O_RDONLY|O_CLOEXEC) = 3</usr/lib/locale/C.utf8/LC_PAPER>
1430031 openat(AT_FDCWD</tmp/kernel-audit2-v3r63b5w/\346\261\202\350\247\243\345\231\250>, "/usr/lib/locale/C.UTF-8/LC_MESSAGES", O_RDONLY|O_CLOEXEC) = -1 ENOENT (No such file or directory)
1430031 openat(AT_FDCWD</tmp/kernel-audit2-v3r63b5w/\346\261\202\350\247\243\345\231\250>, "/usr/lib/locale/C.utf8/LC_MESSAGES", O_RDONLY|O_CLOEXEC) = 3</usr/lib/locale/C.utf8/LC_MESSAGES>
1430031 openat(AT_FDCWD</tmp/kernel-audit2-v3r63b5w/\346\261\202\350\247\243\345\231\250>, "/usr/lib/locale/C.utf8/LC_MESSAGES/SYS_LC_MESSAGES", O_RDONLY|O_CLOEXEC) = 3</usr/lib/locale/C.utf8/LC_MESSAGES/SYS_LC_MESSAGES>
1430031 openat(AT_FDCWD</tmp/kernel-audit2-v3r63b5w/\346\261\202\350\247\243\345\231\250>, "/usr/lib/locale/C.UTF-8/LC_MONETARY", O_RDONLY|O_CLOEXEC) = -1 ENOENT (No such file or directory)
1430031 openat(AT_FDCWD</tmp/kernel-audit2-v3r63b5w/\346\261\202\350\247\243\345\231\250>, "/usr/lib/locale/C.utf8/LC_MONETARY", O_RDONLY|O_CLOEXEC) = 3</usr/lib/locale/C.utf8/LC_MONETARY>
1430031 openat(AT_FDCWD</tmp/kernel-audit2-v3r63b5w/\346\261\202\350\247\243\345\231\250>, "/usr/lib/locale/C.UTF-8/LC_COLLATE", O_RDONLY|O_CLOEXEC) = -1 ENOENT (No such file or directory)
1430031 openat(AT_FDCWD</tmp/kernel-audit2-v3r63b5w/\346\261\202\350\247\243\345\231\250>, "/usr/lib/locale/C.utf8/LC_COLLATE", O_RDONLY|O_CLOEXEC) = 3</usr/lib/locale/C.utf8/LC_COLLATE>
1430031 openat(AT_FDCWD</tmp/kernel-audit2-v3r63b5w/\346\261\202\350\247\243\345\231\250>, "/usr/lib/locale/C.UTF-8/LC_TIME", O_RDONLY|O_CLOEXEC) = -1 ENOENT (No such file or directory)
1430031 openat(AT_FDCWD</tmp/kernel-audit2-v3r63b5w/\346\261\202\350\247\243\345\231\250>, "/usr/lib/locale/C.utf8/LC_TIME", O_RDONLY|O_CLOEXEC) = 3</usr/lib/locale/C.utf8/LC_TIME>
1430031 openat(AT_FDCWD</tmp/kernel-audit2-v3r63b5w/\346\261\202\350\247\243\345\231\250>, "/usr/lib/locale/C.UTF-8/LC_NUMERIC", O_RDONLY|O_CLOEXEC) = -1 ENOENT (No such file or directory)
1430031 openat(AT_FDCWD</tmp/kernel-audit2-v3r63b5w/\346\261\202\350\247\243\345\231\250>, "/usr/lib/locale/C.utf8/LC_NUMERIC", O_RDONLY|O_CLOEXEC) = 3</usr/lib/locale/C.utf8/LC_NUMERIC>
1430031 openat(AT_FDCWD</tmp/kernel-audit2-v3r63b5w/\346\261\202\350\247\243\345\231\250>, "/usr/lib/locale/C.UTF-8/LC_CTYPE", O_RDONLY|O_CLOEXEC) = -1 ENOENT (No such file or directory)
1430031 openat(AT_FDCWD</tmp/kernel-audit2-v3r63b5w/\346\261\202\350\247\243\345\231\250>, "/usr/lib/locale/C.utf8/LC_CTYPE", O_RDONLY|O_CLOEXEC) = 3</usr/lib/locale/C.utf8/LC_CTYPE>
1430031 openat(AT_FDCWD</tmp/kernel-audit2-v3r63b5w/\346\261\202\350\247\243\345\231\250>, "/tmp/kernel-audit2-v3r63b5w/\346\261\202\350\247\243\345\231\250/\350\247\204\346\240\274/\345\206\205\346\240\270\350\276\223\345\205\245.md", O_RDONLY) = 3</tmp/kernel-audit2-v3r63b5w/\346\261\202\350\247\243\345\231\250/\350\247\204\346\240\274/\345\206\205\346\240\270\350\276\223\345\205\245.md>
1430014 --- SIGCHLD {si_signo=SIGCHLD, si_code=CLD_EXITED, si_pid=1430031, si_uid=1000, si_status=0, si_utime=0, si_stime=0} ---
1430014 openat(AT_FDCWD</tmp/kernel-audit2-v3r63b5w/\346\261\202\350\247\243\345\231\250>, "/dev/null", O_RDONLY|O_CLOEXEC) = 3</dev/null<char 1:3>>
1430032 execve("/home/zhuran24/.codex/tmp/arg0/codex-arg0DuAZRy/sha256sum", ["sha256sum", "--", "/tmp/kernel-audit2-v3r63b5w/\346\261\202\350\247\243\345\231\250/\350\247\204\346\240\274/\345\206\205\346\240\270\350\276\223\345\207\272.md"], 0x7ffe3bafa178 /* 135 vars */) = -1 ENOENT (No such file or directory)
1430032 execve("/home/zhuran24/.cargo/bin/sha256sum", ["sha256sum", "--", "/tmp/kernel-audit2-v3r63b5w/\346\261\202\350\247\243\345\231\250/\350\247\204\346\240\274/\345\206\205\346\240\270\350\276\223\345\207\272.md"], 0x7ffe3bafa178 /* 135 vars */) = -1 ENOENT (No such file or directory)
1430032 execve("/home/zhuran24/.local/bin/sha256sum", ["sha256sum", "--", "/tmp/kernel-audit2-v3r63b5w/\346\261\202\350\247\243\345\231\250/\350\247\204\346\240\274/\345\206\205\346\240\270\350\276\223\345\207\272.md"], 0x7ffe3bafa178 /* 135 vars */) = -1 ENOENT (No such file or directory)
1430032 execve("/home/zhuran24/.opencode/bin/sha256sum", ["sha256sum", "--", "/tmp/kernel-audit2-v3r63b5w/\346\261\202\350\247\243\345\231\250/\350\247\204\346\240\274/\345\206\205\346\240\270\350\276\223\345\207\272.md"], 0x7ffe3bafa178 /* 135 vars */) = -1 ENOENT (No such file or directory)
1430032 execve("/usr/local/bin/sha256sum", ["sha256sum", "--", "/tmp/kernel-audit2-v3r63b5w/\346\261\202\350\247\243\345\231\250/\350\247\204\346\240\274/\345\206\205\346\240\270\350\276\223\345\207\272.md"], 0x7ffe3bafa178 /* 135 vars */) = -1 ENOENT (No such file or directory)
1430032 execve("/usr/bin/sha256sum", ["sha256sum", "--", "/tmp/kernel-audit2-v3r63b5w/\346\261\202\350\247\243\345\231\250/\350\247\204\346\240\274/\345\206\205\346\240\270\350\276\223\345\207\272.md"], 0x7ffe3bafa178 /* 135 vars */) = 0
1430032 openat(AT_FDCWD</tmp/kernel-audit2-v3r63b5w/\346\261\202\350\247\243\345\231\250>, "/etc/ld.so.cache", O_RDONLY|O_CLOEXEC) = 3</etc/ld.so.cache>
1430032 openat(AT_FDCWD</tmp/kernel-audit2-v3r63b5w/\346\261\202\350\247\243\345\231\250>, "/usr/lib/libcrypto.so.3", O_RDONLY|O_CLOEXEC) = 3</usr/lib/libcrypto.so.3>
1430032 openat(AT_FDCWD</tmp/kernel-audit2-v3r63b5w/\346\261\202\350\247\243\345\231\250>, "/usr/lib/libc.so.6", O_RDONLY|O_CLOEXEC) = 3</usr/lib/libc.so.6>
1430032 openat(AT_FDCWD</tmp/kernel-audit2-v3r63b5w/\346\261\202\350\247\243\345\231\250>, "/usr/lib/libz.so.1", O_RDONLY|O_CLOEXEC) = 3</usr/lib/libz.so.1.3.1.zlib-ng>
1430032 openat(AT_FDCWD</tmp/kernel-audit2-v3r63b5w/\346\261\202\350\247\243\345\231\250>, "/usr/lib/libbrotlienc.so.1", O_RDONLY|O_CLOEXEC) = 3</usr/lib/libbrotlienc.so.1.2.0>
1430032 openat(AT_FDCWD</tmp/kernel-audit2-v3r63b5w/\346\261\202\350\247\243\345\231\250>, "/usr/lib/libbrotlidec.so.1", O_RDONLY|O_CLOEXEC) = 3</usr/lib/libbrotlidec.so.1.2.0>
1430032 openat(AT_FDCWD</tmp/kernel-audit2-v3r63b5w/\346\261\202\350\247\243\345\231\250>, "/usr/lib/libzstd.so.1", O_RDONLY|O_CLOEXEC) = 3</usr/lib/libzstd.so.1.5.7>
1430032 openat(AT_FDCWD</tmp/kernel-audit2-v3r63b5w/\346\261\202\350\247\243\345\231\250>, "/usr/lib/libm.so.6", O_RDONLY|O_CLOEXEC) = 3</usr/lib/libm.so.6>
1430032 openat(AT_FDCWD</tmp/kernel-audit2-v3r63b5w/\346\261\202\350\247\243\345\231\250>, "/usr/lib/libbrotlicommon.so.1", O_RDONLY|O_CLOEXEC) = 3</usr/lib/libbrotlicommon.so.1.2.0>
1430032 openat(AT_FDCWD</tmp/kernel-audit2-v3r63b5w/\346\261\202\350\247\243\345\231\250>, "/usr/lib/locale/locale-archive", O_RDONLY|O_CLOEXEC) = 3</usr/lib/locale/locale-archive>
1430032 openat(AT_FDCWD</tmp/kernel-audit2-v3r63b5w/\346\261\202\350\247\243\345\231\250>, "/usr/share/locale/locale.alias", O_RDONLY|O_CLOEXEC) = 3</usr/share/locale/locale.alias>
1430032 openat(AT_FDCWD</tmp/kernel-audit2-v3r63b5w/\346\261\202\350\247\243\345\231\250>, "/usr/lib/locale/C.UTF-8/LC_IDENTIFICATION", O_RDONLY|O_CLOEXEC) = -1 ENOENT (No such file or directory)
1430032 openat(AT_FDCWD</tmp/kernel-audit2-v3r63b5w/\346\261\202\350\247\243\345\231\250>, "/usr/lib/locale/C.utf8/LC_IDENTIFICATION", O_RDONLY|O_CLOEXEC) = 3</usr/lib/locale/C.utf8/LC_IDENTIFICATION>
1430032 openat(AT_FDCWD</tmp/kernel-audit2-v3r63b5w/\346\261\202\350\247\243\345\231\250>, "/usr/lib/gconv/gconv-modules.cache", O_RDONLY|O_CLOEXEC) = 3</usr/lib/gconv/gconv-modules.cache>
1430032 openat(AT_FDCWD</tmp/kernel-audit2-v3r63b5w/\346\261\202\350\247\243\345\231\250>, "/usr/lib/locale/C.UTF-8/LC_MEASUREMENT", O_RDONLY|O_CLOEXEC) = -1 ENOENT (No such file or directory)
1430032 openat(AT_FDCWD</tmp/kernel-audit2-v3r63b5w/\346\261\202\350\247\243\345\231\250>, "/usr/lib/locale/C.utf8/LC_MEASUREMENT", O_RDONLY|O_CLOEXEC) = 3</usr/lib/locale/C.utf8/LC_MEASUREMENT>
1430032 openat(AT_FDCWD</tmp/kernel-audit2-v3r63b5w/\346\261\202\350\247\243\345\231\250>, "/usr/lib/locale/C.UTF-8/LC_TELEPHONE", O_RDONLY|O_CLOEXEC) = -1 ENOENT (No such file or directory)
1430032 openat(AT_FDCWD</tmp/kernel-audit2-v3r63b5w/\346\261\202\350\247\243\345\231\250>, "/usr/lib/locale/C.utf8/LC_TELEPHONE", O_RDONLY|O_CLOEXEC) = 3</usr/lib/locale/C.utf8/LC_TELEPHONE>
1430032 openat(AT_FDCWD</tmp/kernel-audit2-v3r63b5w/\346\261\202\350\247\243\345\231\250>, "/usr/lib/locale/C.UTF-8/LC_ADDRESS", O_RDONLY|O_CLOEXEC) = -1 ENOENT (No such file or directory)
1430032 openat(AT_FDCWD</tmp/kernel-audit2-v3r63b5w/\346\261\202\350\247\243\345\231\250>, "/usr/lib/locale/C.utf8/LC_ADDRESS", O_RDONLY|O_CLOEXEC) = 3</usr/lib/locale/C.utf8/LC_ADDRESS>
1430032 openat(AT_FDCWD</tmp/kernel-audit2-v3r63b5w/\346\261\202\350\247\243\345\231\250>, "/usr/lib/locale/C.UTF-8/LC_NAME", O_RDONLY|O_CLOEXEC) = -1 ENOENT (No such file or directory)
1430032 openat(AT_FDCWD</tmp/kernel-audit2-v3r63b5w/\346\261\202\350\247\243\345\231\250>, "/usr/lib/locale/C.utf8/LC_NAME", O_RDONLY|O_CLOEXEC) = 3</usr/lib/locale/C.utf8/LC_NAME>
1430032 openat(AT_FDCWD</tmp/kernel-audit2-v3r63b5w/\346\261\202\350\247\243\345\231\250>, "/usr/lib/locale/C.UTF-8/LC_PAPER", O_RDONLY|O_CLOEXEC) = -1 ENOENT (No such file or directory)
1430032 openat(AT_FDCWD</tmp/kernel-audit2-v3r63b5w/\346\261\202\350\247\243\345\231\250>, "/usr/lib/locale/C.utf8/LC_PAPER", O_RDONLY|O_CLOEXEC) = 3</usr/lib/locale/C.utf8/LC_PAPER>
1430032 openat(AT_FDCWD</tmp/kernel-audit2-v3r63b5w/\346\261\202\350\247\243\345\231\250>, "/usr/lib/locale/C.UTF-8/LC_MESSAGES", O_RDONLY|O_CLOEXEC) = -1 ENOENT (No such file or directory)
1430032 openat(AT_FDCWD</tmp/kernel-audit2-v3r63b5w/\346\261\202\350\247\243\345\231\250>, "/usr/lib/locale/C.utf8/LC_MESSAGES", O_RDONLY|O_CLOEXEC) = 3</usr/lib/locale/C.utf8/LC_MESSAGES>
1430032 openat(AT_FDCWD</tmp/kernel-audit2-v3r63b5w/\346\261\202\350\247\243\345\231\250>, "/usr/lib/locale/C.utf8/LC_MESSAGES/SYS_LC_MESSAGES", O_RDONLY|O_CLOEXEC) = 3</usr/lib/locale/C.utf8/LC_MESSAGES/SYS_LC_MESSAGES>
1430032 openat(AT_FDCWD</tmp/kernel-audit2-v3r63b5w/\346\261\202\350\247\243\345\231\250>, "/usr/lib/locale/C.UTF-8/LC_MONETARY", O_RDONLY|O_CLOEXEC) = -1 ENOENT (No such file or directory)
1430032 openat(AT_FDCWD</tmp/kernel-audit2-v3r63b5w/\346\261\202\350\247\243\345\231\250>, "/usr/lib/locale/C.utf8/LC_MONETARY", O_RDONLY|O_CLOEXEC) = 3</usr/lib/locale/C.utf8/LC_MONETARY>
1430032 openat(AT_FDCWD</tmp/kernel-audit2-v3r63b5w/\346\261\202\350\247\243\345\231\250>, "/usr/lib/locale/C.UTF-8/LC_COLLATE", O_RDONLY|O_CLOEXEC) = -1 ENOENT (No such file or directory)
1430032 openat(AT_FDCWD</tmp/kernel-audit2-v3r63b5w/\346\261\202\350\247\243\345\231\250>, "/usr/lib/locale/C.utf8/LC_COLLATE", O_RDONLY|O_CLOEXEC) = 3</usr/lib/locale/C.utf8/LC_COLLATE>
1430032 openat(AT_FDCWD</tmp/kernel-audit2-v3r63b5w/\346\261\202\350\247\243\345\231\250>, "/usr/lib/locale/C.UTF-8/LC_TIME", O_RDONLY|O_CLOEXEC) = -1 ENOENT (No such file or directory)
1430032 openat(AT_FDCWD</tmp/kernel-audit2-v3r63b5w/\346\261\202\350\247\243\345\231\250>, "/usr/lib/locale/C.utf8/LC_TIME", O_RDONLY|O_CLOEXEC) = 3</usr/lib/locale/C.utf8/LC_TIME>
1430032 openat(AT_FDCWD</tmp/kernel-audit2-v3r63b5w/\346\261\202\350\247\243\345\231\250>, "/usr/lib/locale/C.UTF-8/LC_NUMERIC", O_RDONLY|O_CLOEXEC) = -1 ENOENT (No such file or directory)
1430032 openat(AT_FDCWD</tmp/kernel-audit2-v3r63b5w/\346\261\202\350\247\243\345\231\250>, "/usr/lib/locale/C.utf8/LC_NUMERIC", O_RDONLY|O_CLOEXEC) = 3</usr/lib/locale/C.utf8/LC_NUMERIC>
1430032 openat(AT_FDCWD</tmp/kernel-audit2-v3r63b5w/\346\261\202\350\247\243\345\231\250>, "/usr/lib/locale/C.UTF-8/LC_CTYPE", O_RDONLY|O_CLOEXEC) = -1 ENOENT (No such file or directory)
1430032 openat(AT_FDCWD</tmp/kernel-audit2-v3r63b5w/\346\261\202\350\247\243\345\231\250>, "/usr/lib/locale/C.utf8/LC_CTYPE", O_RDONLY|O_CLOEXEC) = 3</usr/lib/locale/C.utf8/LC_CTYPE>
1430032 openat(AT_FDCWD</tmp/kernel-audit2-v3r63b5w/\346\261\202\350\247\243\345\231\250>, "/tmp/kernel-audit2-v3r63b5w/\346\261\202\350\247\243\345\231\250/\350\247\204\346\240\274/\345\206\205\346\240\270\350\276\223\345\207\272.md", O_RDONLY) = 3</tmp/kernel-audit2-v3r63b5w/\346\261\202\350\247\243\345\231\250/\350\247\204\346\240\274/\345\206\205\346\240\270\350\276\223\345\207\272.md>
1430014 --- SIGCHLD {si_signo=SIGCHLD, si_code=CLD_EXITED, si_pid=1430032, si_uid=1000, si_status=0, si_utime=0, si_stime=0} ---
1430014 openat(AT_FDCWD</tmp/kernel-audit2-v3r63b5w/\346\261\202\350\247\243\345\231\250>, "/dev/null", O_RDONLY|O_CLOEXEC) = 3</dev/null<char 1:3>>
1430033 execve("/home/zhuran24/.codex/tmp/arg0/codex-arg0DuAZRy/sha256sum", ["sha256sum", "--", "/tmp/kernel-audit2-v3r63b5w/\346\261\202\350\247\243\345\231\250/\350\247\204\346\240\274/\345\206\205\346\240\270\350\276\223\345\207\272.schema.json"], 0x7ffe3bafa178 /* 135 vars */) = -1 ENOENT (No such file or directory)
1430033 execve("/home/zhuran24/.cargo/bin/sha256sum", ["sha256sum", "--", "/tmp/kernel-audit2-v3r63b5w/\346\261\202\350\247\243\345\231\250/\350\247\204\346\240\274/\345\206\205\346\240\270\350\276\223\345\207\272.schema.json"], 0x7ffe3bafa178 /* 135 vars */) = -1 ENOENT (No such file or directory)
1430033 execve("/home/zhuran24/.local/bin/sha256sum", ["sha256sum", "--", "/tmp/kernel-audit2-v3r63b5w/\346\261\202\350\247\243\345\231\250/\350\247\204\346\240\274/\345\206\205\346\240\270\350\276\223\345\207\272.schema.json"], 0x7ffe3bafa178 /* 135 vars */) = -1 ENOENT (No such file or directory)
1430033 execve("/home/zhuran24/.opencode/bin/sha256sum", ["sha256sum", "--", "/tmp/kernel-audit2-v3r63b5w/\346\261\202\350\247\243\345\231\250/\350\247\204\346\240\274/\345\206\205\346\240\270\350\276\223\345\207\272.schema.json"], 0x7ffe3bafa178 /* 135 vars */) = -1 ENOENT (No such file or directory)
1430033 execve("/usr/local/bin/sha256sum", ["sha256sum", "--", "/tmp/kernel-audit2-v3r63b5w/\346\261\202\350\247\243\345\231\250/\350\247\204\346\240\274/\345\206\205\346\240\270\350\276\223\345\207\272.schema.json"], 0x7ffe3bafa178 /* 135 vars */) = -1 ENOENT (No such file or directory)
1430033 execve("/usr/bin/sha256sum", ["sha256sum", "--", "/tmp/kernel-audit2-v3r63b5w/\346\261\202\350\247\243\345\231\250/\350\247\204\346\240\274/\345\206\205\346\240\270\350\276\223\345\207\272.schema.json"], 0x7ffe3bafa178 /* 135 vars */) = 0
1430033 openat(AT_FDCWD</tmp/kernel-audit2-v3r63b5w/\346\261\202\350\247\243\345\231\250>, "/etc/ld.so.cache", O_RDONLY|O_CLOEXEC) = 3</etc/ld.so.cache>
1430033 openat(AT_FDCWD</tmp/kernel-audit2-v3r63b5w/\346\261\202\350\247\243\345\231\250>, "/usr/lib/libcrypto.so.3", O_RDONLY|O_CLOEXEC) = 3</usr/lib/libcrypto.so.3>
1430033 openat(AT_FDCWD</tmp/kernel-audit2-v3r63b5w/\346\261\202\350\247\243\345\231\250>, "/usr/lib/libc.so.6", O_RDONLY|O_CLOEXEC) = 3</usr/lib/libc.so.6>
1430033 openat(AT_FDCWD</tmp/kernel-audit2-v3r63b5w/\346\261\202\350\247\243\345\231\250>, "/usr/lib/libz.so.1", O_RDONLY|O_CLOEXEC) = 3</usr/lib/libz.so.1.3.1.zlib-ng>
1430033 openat(AT_FDCWD</tmp/kernel-audit2-v3r63b5w/\346\261\202\350\247\243\345\231\250>, "/usr/lib/libbrotlienc.so.1", O_RDONLY|O_CLOEXEC) = 3</usr/lib/libbrotlienc.so.1.2.0>
1430033 openat(AT_FDCWD</tmp/kernel-audit2-v3r63b5w/\346\261\202\350\247\243\345\231\250>, "/usr/lib/libbrotlidec.so.1", O_RDONLY|O_CLOEXEC) = 3</usr/lib/libbrotlidec.so.1.2.0>
1430033 openat(AT_FDCWD</tmp/kernel-audit2-v3r63b5w/\346\261\202\350\247\243\345\231\250>, "/usr/lib/libzstd.so.1", O_RDONLY|O_CLOEXEC) = 3</usr/lib/libzstd.so.1.5.7>
1430033 openat(AT_FDCWD</tmp/kernel-audit2-v3r63b5w/\346\261\202\350\247\243\345\231\250>, "/usr/lib/libm.so.6", O_RDONLY|O_CLOEXEC) = 3</usr/lib/libm.so.6>
1430033 openat(AT_FDCWD</tmp/kernel-audit2-v3r63b5w/\346\261\202\350\247\243\345\231\250>, "/usr/lib/libbrotlicommon.so.1", O_RDONLY|O_CLOEXEC) = 3</usr/lib/libbrotlicommon.so.1.2.0>
1430033 openat(AT_FDCWD</tmp/kernel-audit2-v3r63b5w/\346\261\202\350\247\243\345\231\250>, "/usr/lib/locale/locale-archive", O_RDONLY|O_CLOEXEC) = 3</usr/lib/locale/locale-archive>
1430033 openat(AT_FDCWD</tmp/kernel-audit2-v3r63b5w/\346\261\202\350\247\243\345\231\250>, "/usr/share/locale/locale.alias", O_RDONLY|O_CLOEXEC) = 3</usr/share/locale/locale.alias>
1430033 openat(AT_FDCWD</tmp/kernel-audit2-v3r63b5w/\346\261\202\350\247\243\345\231\250>, "/usr/lib/locale/C.UTF-8/LC_IDENTIFICATION", O_RDONLY|O_CLOEXEC) = -1 ENOENT (No such file or directory)
1430033 openat(AT_FDCWD</tmp/kernel-audit2-v3r63b5w/\346\261\202\350\247\243\345\231\250>, "/usr/lib/locale/C.utf8/LC_IDENTIFICATION", O_RDONLY|O_CLOEXEC) = 3</usr/lib/locale/C.utf8/LC_IDENTIFICATION>
1430033 openat(AT_FDCWD</tmp/kernel-audit2-v3r63b5w/\346\261\202\350\247\243\345\231\250>, "/usr/lib/gconv/gconv-modules.cache", O_RDONLY|O_CLOEXEC) = 3</usr/lib/gconv/gconv-modules.cache>
1430033 openat(AT_FDCWD</tmp/kernel-audit2-v3r63b5w/\346\261\202\350\247\243\345\231\250>, "/usr/lib/locale/C.UTF-8/LC_MEASUREMENT", O_RDONLY|O_CLOEXEC) = -1 ENOENT (No such file or directory)
1430033 openat(AT_FDCWD</tmp/kernel-audit2-v3r63b5w/\346\261\202\350\247\243\345\231\250>, "/usr/lib/locale/C.utf8/LC_MEASUREMENT", O_RDONLY|O_CLOEXEC) = 3</usr/lib/locale/C.utf8/LC_MEASUREMENT>
1430033 openat(AT_FDCWD</tmp/kernel-audit2-v3r63b5w/\346\261\202\350\247\243\345\231\250>, "/usr/lib/locale/C.UTF-8/LC_TELEPHONE", O_RDONLY|O_CLOEXEC) = -1 ENOENT (No such file or directory)
1430033 openat(AT_FDCWD</tmp/kernel-audit2-v3r63b5w/\346\261\202\350\247\243\345\231\250>, "/usr/lib/locale/C.utf8/LC_TELEPHONE", O_RDONLY|O_CLOEXEC) = 3</usr/lib/locale/C.utf8/LC_TELEPHONE>
1430033 openat(AT_FDCWD</tmp/kernel-audit2-v3r63b5w/\346\261\202\350\247\243\345\231\250>, "/usr/lib/locale/C.UTF-8/LC_ADDRESS", O_RDONLY|O_CLOEXEC) = -1 ENOENT (No such file or directory)
1430033 openat(AT_FDCWD</tmp/kernel-audit2-v3r63b5w/\346\261\202\350\247\243\345\231\250>, "/usr/lib/locale/C.utf8/LC_ADDRESS", O_RDONLY|O_CLOEXEC) = 3</usr/lib/locale/C.utf8/LC_ADDRESS>
1430033 openat(AT_FDCWD</tmp/kernel-audit2-v3r63b5w/\346\261\202\350\247\243\345\231\250>, "/usr/lib/locale/C.UTF-8/LC_NAME", O_RDONLY|O_CLOEXEC) = -1 ENOENT (No such file or directory)
1430033 openat(AT_FDCWD</tmp/kernel-audit2-v3r63b5w/\346\261\202\350\247\243\345\231\250>, "/usr/lib/locale/C.utf8/LC_NAME", O_RDONLY|O_CLOEXEC) = 3</usr/lib/locale/C.utf8/LC_NAME>
1430033 openat(AT_FDCWD</tmp/kernel-audit2-v3r63b5w/\346\261\202\350\247\243\345\231\250>, "/usr/lib/locale/C.UTF-8/LC_PAPER", O_RDONLY|O_CLOEXEC) = -1 ENOENT (No such file or directory)
1430033 openat(AT_FDCWD</tmp/kernel-audit2-v3r63b5w/\346\261\202\350\247\243\345\231\250>, "/usr/lib/locale/C.utf8/LC_PAPER", O_RDONLY|O_CLOEXEC) = 3</usr/lib/locale/C.utf8/LC_PAPER>
1430033 openat(AT_FDCWD</tmp/kernel-audit2-v3r63b5w/\346\261\202\350\247\243\345\231\250>, "/usr/lib/locale/C.UTF-8/LC_MESSAGES", O_RDONLY|O_CLOEXEC) = -1 ENOENT (No such file or directory)
1430033 openat(AT_FDCWD</tmp/kernel-audit2-v3r63b5w/\346\261\202\350\247\243\345\231\250>, "/usr/lib/locale/C.utf8/LC_MESSAGES", O_RDONLY|O_CLOEXEC) = 3</usr/lib/locale/C.utf8/LC_MESSAGES>
1430033 openat(AT_FDCWD</tmp/kernel-audit2-v3r63b5w/\346\261\202\350\247\243\345\231\250>, "/usr/lib/locale/C.utf8/LC_MESSAGES/SYS_LC_MESSAGES", O_RDONLY|O_CLOEXEC) = 3</usr/lib/locale/C.utf8/LC_MESSAGES/SYS_LC_MESSAGES>
1430033 openat(AT_FDCWD</tmp/kernel-audit2-v3r63b5w/\346\261\202\350\247\243\345\231\250>, "/usr/lib/locale/C.UTF-8/LC_MONETARY", O_RDONLY|O_CLOEXEC) = -1 ENOENT (No such file or directory)
1430033 openat(AT_FDCWD</tmp/kernel-audit2-v3r63b5w/\346\261\202\350\247\243\345\231\250>, "/usr/lib/locale/C.utf8/LC_MONETARY", O_RDONLY|O_CLOEXEC) = 3</usr/lib/locale/C.utf8/LC_MONETARY>
1430033 openat(AT_FDCWD</tmp/kernel-audit2-v3r63b5w/\346\261\202\350\247\243\345\231\250>, "/usr/lib/locale/C.UTF-8/LC_COLLATE", O_RDONLY|O_CLOEXEC) = -1 ENOENT (No such file or directory)
1430033 openat(AT_FDCWD</tmp/kernel-audit2-v3r63b5w/\346\261\202\350\247\243\345\231\250>, "/usr/lib/locale/C.utf8/LC_COLLATE", O_RDONLY|O_CLOEXEC) = 3</usr/lib/locale/C.utf8/LC_COLLATE>
1430033 openat(AT_FDCWD</tmp/kernel-audit2-v3r63b5w/\346\261\202\350\247\243\345\231\250>, "/usr/lib/locale/C.UTF-8/LC_TIME", O_RDONLY|O_CLOEXEC) = -1 ENOENT (No such file or directory)
1430033 openat(AT_FDCWD</tmp/kernel-audit2-v3r63b5w/\346\261\202\350\247\243\345\231\250>, "/usr/lib/locale/C.utf8/LC_TIME", O_RDONLY|O_CLOEXEC) = 3</usr/lib/locale/C.utf8/LC_TIME>
1430033 openat(AT_FDCWD</tmp/kernel-audit2-v3r63b5w/\346\261\202\350\247\243\345\231\250>, "/usr/lib/locale/C.UTF-8/LC_NUMERIC", O_RDONLY|O_CLOEXEC) = -1 ENOENT (No such file or directory)
1430033 openat(AT_FDCWD</tmp/kernel-audit2-v3r63b5w/\346\261\202\350\247\243\345\231\250>, "/usr/lib/locale/C.utf8/LC_NUMERIC", O_RDONLY|O_CLOEXEC) = 3</usr/lib/locale/C.utf8/LC_NUMERIC>
1430033 openat(AT_FDCWD</tmp/kernel-audit2-v3r63b5w/\346\261\202\350\247\243\345\231\250>, "/usr/lib/locale/C.UTF-8/LC_CTYPE", O_RDONLY|O_CLOEXEC) = -1 ENOENT (No such file or directory)
1430033 openat(AT_FDCWD</tmp/kernel-audit2-v3r63b5w/\346\261\202\350\247\243\345\231\250>, "/usr/lib/locale/C.utf8/LC_CTYPE", O_RDONLY|O_CLOEXEC) = 3</usr/lib/locale/C.utf8/LC_CTYPE>
1430033 openat(AT_FDCWD</tmp/kernel-audit2-v3r63b5w/\346\261\202\350\247\243\345\231\250>, "/tmp/kernel-audit2-v3r63b5w/\346\261\202\350\247\243\345\231\250/\350\247\204\346\240\274/\345\206\205\346\240\270\350\276\223\345\207\272.schema.json", O_RDONLY) = 3</tmp/kernel-audit2-v3r63b5w/\346\261\202\350\247\243\345\231\250/\350\247\204\346\240\274/\345\206\205\346\240\270\350\276\223\345\207\272.schema.json>
1430014 --- SIGCHLD {si_signo=SIGCHLD, si_code=CLD_EXITED, si_pid=1430033, si_uid=1000, si_status=0, si_utime=0, si_stime=0} ---
1430014 openat(AT_FDCWD</tmp/kernel-audit2-v3r63b5w/\346\261\202\350\247\243\345\231\250>, "/dev/null", O_RDONLY|O_CLOEXEC) = 3</dev/null<char 1:3>>
1430034 execve("/home/zhuran24/.codex/tmp/arg0/codex-arg0DuAZRy/sha256sum", ["sha256sum", "--", "/tmp/kernel-audit2-v3r63b5w/\346\261\202\350\247\243\345\231\250/crates/kernel/\345\221\250\346\234\237\351\224\256\350\257\273\345\217\226\345\256\241\350\256\241.md"], 0x7ffe3bafa178 /* 135 vars */) = -1 ENOENT (No such file or directory)
1430034 execve("/home/zhuran24/.cargo/bin/sha256sum", ["sha256sum", "--", "/tmp/kernel-audit2-v3r63b5w/\346\261\202\350\247\243\345\231\250/crates/kernel/\345\221\250\346\234\237\351\224\256\350\257\273\345\217\226\345\256\241\350\256\241.md"], 0x7ffe3bafa178 /* 135 vars */) = -1 ENOENT (No such file or directory)
1430034 execve("/home/zhuran24/.local/bin/sha256sum", ["sha256sum", "--", "/tmp/kernel-audit2-v3r63b5w/\346\261\202\350\247\243\345\231\250/crates/kernel/\345\221\250\346\234\237\351\224\256\350\257\273\345\217\226\345\256\241\350\256\241.md"], 0x7ffe3bafa178 /* 135 vars */) = -1 ENOENT (No such file or directory)
1430034 execve("/home/zhuran24/.opencode/bin/sha256sum", ["sha256sum", "--", "/tmp/kernel-audit2-v3r63b5w/\346\261\202\350\247\243\345\231\250/crates/kernel/\345\221\250\346\234\237\351\224\256\350\257\273\345\217\226\345\256\241\350\256\241.md"], 0x7ffe3bafa178 /* 135 vars */) = -1 ENOENT (No such file or directory)
1430034 execve("/usr/local/bin/sha256sum", ["sha256sum", "--", "/tmp/kernel-audit2-v3r63b5w/\346\261\202\350\247\243\345\231\250/crates/kernel/\345\221\250\346\234\237\351\224\256\350\257\273\345\217\226\345\256\241\350\256\241.md"], 0x7ffe3bafa178 /* 135 vars */) = -1 ENOENT (No such file or directory)
1430034 execve("/usr/bin/sha256sum", ["sha256sum", "--", "/tmp/kernel-audit2-v3r63b5w/\346\261\202\350\247\243\345\231\250/crates/kernel/\345\221\250\346\234\237\351\224\256\350\257\273\345\217\226\345\256\241\350\256\241.md"], 0x7ffe3bafa178 /* 135 vars */) = 0
1430034 openat(AT_FDCWD</tmp/kernel-audit2-v3r63b5w/\346\261\202\350\247\243\345\231\250>, "/etc/ld.so.cache", O_RDONLY|O_CLOEXEC) = 3</etc/ld.so.cache>
1430034 openat(AT_FDCWD</tmp/kernel-audit2-v3r63b5w/\346\261\202\350\247\243\345\231\250>, "/usr/lib/libcrypto.so.3", O_RDONLY|O_CLOEXEC) = 3</usr/lib/libcrypto.so.3>
1430034 openat(AT_FDCWD</tmp/kernel-audit2-v3r63b5w/\346\261\202\350\247\243\345\231\250>, "/usr/lib/libc.so.6", O_RDONLY|O_CLOEXEC) = 3</usr/lib/libc.so.6>
1430034 openat(AT_FDCWD</tmp/kernel-audit2-v3r63b5w/\346\261\202\350\247\243\345\231\250>, "/usr/lib/libz.so.1", O_RDONLY|O_CLOEXEC) = 3</usr/lib/libz.so.1.3.1.zlib-ng>
1430034 openat(AT_FDCWD</tmp/kernel-audit2-v3r63b5w/\346\261\202\350\247\243\345\231\250>, "/usr/lib/libbrotlienc.so.1", O_RDONLY|O_CLOEXEC) = 3</usr/lib/libbrotlienc.so.1.2.0>
1430034 openat(AT_FDCWD</tmp/kernel-audit2-v3r63b5w/\346\261\202\350\247\243\345\231\250>, "/usr/lib/libbrotlidec.so.1", O_RDONLY|O_CLOEXEC) = 3</usr/lib/libbrotlidec.so.1.2.0>
1430034 openat(AT_FDCWD</tmp/kernel-audit2-v3r63b5w/\346\261\202\350\247\243\345\231\250>, "/usr/lib/libzstd.so.1", O_RDONLY|O_CLOEXEC) = 3</usr/lib/libzstd.so.1.5.7>
1430034 openat(AT_FDCWD</tmp/kernel-audit2-v3r63b5w/\346\261\202\350\247\243\345\231\250>, "/usr/lib/libm.so.6", O_RDONLY|O_CLOEXEC) = 3</usr/lib/libm.so.6>
1430034 openat(AT_FDCWD</tmp/kernel-audit2-v3r63b5w/\346\261\202\350\247\243\345\231\250>, "/usr/lib/libbrotlicommon.so.1", O_RDONLY|O_CLOEXEC) = 3</usr/lib/libbrotlicommon.so.1.2.0>
1430034 openat(AT_FDCWD</tmp/kernel-audit2-v3r63b5w/\346\261\202\350\247\243\345\231\250>, "/usr/lib/locale/locale-archive", O_RDONLY|O_CLOEXEC) = 3</usr/lib/locale/locale-archive>
1430034 openat(AT_FDCWD</tmp/kernel-audit2-v3r63b5w/\346\261\202\350\247\243\345\231\250>, "/usr/share/locale/locale.alias", O_RDONLY|O_CLOEXEC) = 3</usr/share/locale/locale.alias>
1430034 openat(AT_FDCWD</tmp/kernel-audit2-v3r63b5w/\346\261\202\350\247\243\345\231\250>, "/usr/lib/locale/C.UTF-8/LC_IDENTIFICATION", O_RDONLY|O_CLOEXEC) = -1 ENOENT (No such file or directory)
1430034 openat(AT_FDCWD</tmp/kernel-audit2-v3r63b5w/\346\261\202\350\247\243\345\231\250>, "/usr/lib/locale/C.utf8/LC_IDENTIFICATION", O_RDONLY|O_CLOEXEC) = 3</usr/lib/locale/C.utf8/LC_IDENTIFICATION>
1430034 openat(AT_FDCWD</tmp/kernel-audit2-v3r63b5w/\346\261\202\350\247\243\345\231\250>, "/usr/lib/gconv/gconv-modules.cache", O_RDONLY|O_CLOEXEC) = 3</usr/lib/gconv/gconv-modules.cache>
1430034 openat(AT_FDCWD</tmp/kernel-audit2-v3r63b5w/\346\261\202\350\247\243\345\231\250>, "/usr/lib/locale/C.UTF-8/LC_MEASUREMENT", O_RDONLY|O_CLOEXEC) = -1 ENOENT (No such file or directory)
1430034 openat(AT_FDCWD</tmp/kernel-audit2-v3r63b5w/\346\261\202\350\247\243\345\231\250>, "/usr/lib/locale/C.utf8/LC_MEASUREMENT", O_RDONLY|O_CLOEXEC) = 3</usr/lib/locale/C.utf8/LC_MEASUREMENT>
1430034 openat(AT_FDCWD</tmp/kernel-audit2-v3r63b5w/\346\261\202\350\247\243\345\231\250>, "/usr/lib/locale/C.UTF-8/LC_TELEPHONE", O_RDONLY|O_CLOEXEC) = -1 ENOENT (No such file or directory)
1430034 openat(AT_FDCWD</tmp/kernel-audit2-v3r63b5w/\346\261\202\350\247\243\345\231\250>, "/usr/lib/locale/C.utf8/LC_TELEPHONE", O_RDONLY|O_CLOEXEC) = 3</usr/lib/locale/C.utf8/LC_TELEPHONE>
1430034 openat(AT_FDCWD</tmp/kernel-audit2-v3r63b5w/\346\261\202\350\247\243\345\231\250>, "/usr/lib/locale/C.UTF-8/LC_ADDRESS", O_RDONLY|O_CLOEXEC) = -1 ENOENT (No such file or directory)
1430034 openat(AT_FDCWD</tmp/kernel-audit2-v3r63b5w/\346\261\202\350\247\243\345\231\250>, "/usr/lib/locale/C.utf8/LC_ADDRESS", O_RDONLY|O_CLOEXEC) = 3</usr/lib/locale/C.utf8/LC_ADDRESS>
1430034 openat(AT_FDCWD</tmp/kernel-audit2-v3r63b5w/\346\261\202\350\247\243\345\231\250>, "/usr/lib/locale/C.UTF-8/LC_NAME", O_RDONLY|O_CLOEXEC) = -1 ENOENT (No such file or directory)
1430034 openat(AT_FDCWD</tmp/kernel-audit2-v3r63b5w/\346\261\202\350\247\243\345\231\250>, "/usr/lib/locale/C.utf8/LC_NAME", O_RDONLY|O_CLOEXEC) = 3</usr/lib/locale/C.utf8/LC_NAME>
1430034 openat(AT_FDCWD</tmp/kernel-audit2-v3r63b5w/\346\261\202\350\247\243\345\231\250>, "/usr/lib/locale/C.UTF-8/LC_PAPER", O_RDONLY|O_CLOEXEC) = -1 ENOENT (No such file or directory)
1430034 openat(AT_FDCWD</tmp/kernel-audit2-v3r63b5w/\346\261\202\350\247\243\345\231\250>, "/usr/lib/locale/C.utf8/LC_PAPER", O_RDONLY|O_CLOEXEC) = 3</usr/lib/locale/C.utf8/LC_PAPER>
1430034 openat(AT_FDCWD</tmp/kernel-audit2-v3r63b5w/\346\261\202\350\247\243\345\231\250>, "/usr/lib/locale/C.UTF-8/LC_MESSAGES", O_RDONLY|O_CLOEXEC) = -1 ENOENT (No such file or directory)
1430034 openat(AT_FDCWD</tmp/kernel-audit2-v3r63b5w/\346\261\202\350\247\243\345\231\250>, "/usr/lib/locale/C.utf8/LC_MESSAGES", O_RDONLY|O_CLOEXEC) = 3</usr/lib/locale/C.utf8/LC_MESSAGES>
1430034 openat(AT_FDCWD</tmp/kernel-audit2-v3r63b5w/\346\261\202\350\247\243\345\231\250>, "/usr/lib/locale/C.utf8/LC_MESSAGES/SYS_LC_MESSAGES", O_RDONLY|O_CLOEXEC) = 3</usr/lib/locale/C.utf8/LC_MESSAGES/SYS_LC_MESSAGES>
1430034 openat(AT_FDCWD</tmp/kernel-audit2-v3r63b5w/\346\261\202\350\247\243\345\231\250>, "/usr/lib/locale/C.UTF-8/LC_MONETARY", O_RDONLY|O_CLOEXEC) = -1 ENOENT (No such file or directory)
1430034 openat(AT_FDCWD</tmp/kernel-audit2-v3r63b5w/\346\261\202\350\247\243\345\231\250>, "/usr/lib/locale/C.utf8/LC_MONETARY", O_RDONLY|O_CLOEXEC) = 3</usr/lib/locale/C.utf8/LC_MONETARY>
1430034 openat(AT_FDCWD</tmp/kernel-audit2-v3r63b5w/\346\261\202\350\247\243\345\231\250>, "/usr/lib/locale/C.UTF-8/LC_COLLATE", O_RDONLY|O_CLOEXEC) = -1 ENOENT (No such file or directory)
1430034 openat(AT_FDCWD</tmp/kernel-audit2-v3r63b5w/\346\261\202\350\247\243\345\231\250>, "/usr/lib/locale/C.utf8/LC_COLLATE", O_RDONLY|O_CLOEXEC) = 3</usr/lib/locale/C.utf8/LC_COLLATE>
1430034 openat(AT_FDCWD</tmp/kernel-audit2-v3r63b5w/\346\261\202\350\247\243\345\231\250>, "/usr/lib/locale/C.UTF-8/LC_TIME", O_RDONLY|O_CLOEXEC) = -1 ENOENT (No such file or directory)
1430034 openat(AT_FDCWD</tmp/kernel-audit2-v3r63b5w/\346\261\202\350\247\243\345\231\250>, "/usr/lib/locale/C.utf8/LC_TIME", O_RDONLY|O_CLOEXEC) = 3</usr/lib/locale/C.utf8/LC_TIME>
1430034 openat(AT_FDCWD</tmp/kernel-audit2-v3r63b5w/\346\261\202\350\247\243\345\231\250>, "/usr/lib/locale/C.UTF-8/LC_NUMERIC", O_RDONLY|O_CLOEXEC) = -1 ENOENT (No such file or directory)
1430034 openat(AT_FDCWD</tmp/kernel-audit2-v3r63b5w/\346\261\202\350\247\243\345\231\250>, "/usr/lib/locale/C.utf8/LC_NUMERIC", O_RDONLY|O_CLOEXEC) = 3</usr/lib/locale/C.utf8/LC_NUMERIC>
1430034 openat(AT_FDCWD</tmp/kernel-audit2-v3r63b5w/\346\261\202\350\247\243\345\231\250>, "/usr/lib/locale/C.UTF-8/LC_CTYPE", O_RDONLY|O_CLOEXEC) = -1 ENOENT (No such file or directory)
1430034 openat(AT_FDCWD</tmp/kernel-audit2-v3r63b5w/\346\261\202\350\247\243\345\231\250>, "/usr/lib/locale/C.utf8/LC_CTYPE", O_RDONLY|O_CLOEXEC) = 3</usr/lib/locale/C.utf8/LC_CTYPE>
1430034 openat(AT_FDCWD</tmp/kernel-audit2-v3r63b5w/\346\261\202\350\247\243\345\231\250>, "/tmp/kernel-audit2-v3r63b5w/\346\261\202\350\247\243\345\231\250/crates/kernel/\345\221\250\346\234\237\351\224\256\350\257\273\345\217\226\345\256\241\350\256\241.md", O_RDONLY) = 3</tmp/kernel-audit2-v3r63b5w/\346\261\202\350\247\243\345\231\250/crates/kernel/\345\221\250\346\234\237\351\224\256\350\257\273\345\217\226\345\256\241\350\256\241.md>
1430014 --- SIGCHLD {si_signo=SIGCHLD, si_code=CLD_EXITED, si_pid=1430034, si_uid=1000, si_status=0, si_utime=0, si_stime=0} ---
1430014 openat(AT_FDCWD</tmp/kernel-audit2-v3r63b5w/\346\261\202\350\247\243\345\231\250>, "/dev/null", O_RDONLY|O_CLOEXEC) = 3</dev/null<char 1:3>>
1430035 execve("/home/zhuran24/.codex/tmp/arg0/codex-arg0DuAZRy/sha256sum", ["sha256sum", "--", "/tmp/kernel-audit2-v3r63b5w/\346\261\202\350\247\243\345\231\250/crates/kernel/src/value.rs"], 0x7ffe3bafa178 /* 135 vars */) = -1 ENOENT (No such file or directory)
1430035 execve("/home/zhuran24/.cargo/bin/sha256sum", ["sha256sum", "--", "/tmp/kernel-audit2-v3r63b5w/\346\261\202\350\247\243\345\231\250/crates/kernel/src/value.rs"], 0x7ffe3bafa178 /* 135 vars */) = -1 ENOENT (No such file or directory)
1430035 execve("/home/zhuran24/.local/bin/sha256sum", ["sha256sum", "--", "/tmp/kernel-audit2-v3r63b5w/\346\261\202\350\247\243\345\231\250/crates/kernel/src/value.rs"], 0x7ffe3bafa178 /* 135 vars */) = -1 ENOENT (No such file or directory)
1430035 execve("/home/zhuran24/.opencode/bin/sha256sum", ["sha256sum", "--", "/tmp/kernel-audit2-v3r63b5w/\346\261\202\350\247\243\345\231\250/crates/kernel/src/value.rs"], 0x7ffe3bafa178 /* 135 vars */) = -1 ENOENT (No such file or directory)
1430035 execve("/usr/local/bin/sha256sum", ["sha256sum", "--", "/tmp/kernel-audit2-v3r63b5w/\346\261\202\350\247\243\345\231\250/crates/kernel/src/value.rs"], 0x7ffe3bafa178 /* 135 vars */) = -1 ENOENT (No such file or directory)
1430035 execve("/usr/bin/sha256sum", ["sha256sum", "--", "/tmp/kernel-audit2-v3r63b5w/\346\261\202\350\247\243\345\231\250/crates/kernel/src/value.rs"], 0x7ffe3bafa178 /* 135 vars */) = 0
1430035 openat(AT_FDCWD</tmp/kernel-audit2-v3r63b5w/\346\261\202\350\247\243\345\231\250>, "/etc/ld.so.cache", O_RDONLY|O_CLOEXEC) = 3</etc/ld.so.cache>
1430035 openat(AT_FDCWD</tmp/kernel-audit2-v3r63b5w/\346\261\202\350\247\243\345\231\250>, "/usr/lib/libcrypto.so.3", O_RDONLY|O_CLOEXEC) = 3</usr/lib/libcrypto.so.3>
1430035 openat(AT_FDCWD</tmp/kernel-audit2-v3r63b5w/\346\261\202\350\247\243\345\231\250>, "/usr/lib/libc.so.6", O_RDONLY|O_CLOEXEC) = 3</usr/lib/libc.so.6>
1430035 openat(AT_FDCWD</tmp/kernel-audit2-v3r63b5w/\346\261\202\350\247\243\345\231\250>, "/usr/lib/libz.so.1", O_RDONLY|O_CLOEXEC) = 3</usr/lib/libz.so.1.3.1.zlib-ng>
1430035 openat(AT_FDCWD</tmp/kernel-audit2-v3r63b5w/\346\261\202\350\247\243\345\231\250>, "/usr/lib/libbrotlienc.so.1", O_RDONLY|O_CLOEXEC) = 3</usr/lib/libbrotlienc.so.1.2.0>
1430035 openat(AT_FDCWD</tmp/kernel-audit2-v3r63b5w/\346\261\202\350\247\243\345\231\250>, "/usr/lib/libbrotlidec.so.1", O_RDONLY|O_CLOEXEC) = 3</usr/lib/libbrotlidec.so.1.2.0>
1430035 openat(AT_FDCWD</tmp/kernel-audit2-v3r63b5w/\346\261\202\350\247\243\345\231\250>, "/usr/lib/libzstd.so.1", O_RDONLY|O_CLOEXEC) = 3</usr/lib/libzstd.so.1.5.7>
1430035 openat(AT_FDCWD</tmp/kernel-audit2-v3r63b5w/\346\261\202\350\247\243\345\231\250>, "/usr/lib/libm.so.6", O_RDONLY|O_CLOEXEC) = 3</usr/lib/libm.so.6>
1430035 openat(AT_FDCWD</tmp/kernel-audit2-v3r63b5w/\346\261\202\350\247\243\345\231\250>, "/usr/lib/libbrotlicommon.so.1", O_RDONLY|O_CLOEXEC) = 3</usr/lib/libbrotlicommon.so.1.2.0>
1430035 openat(AT_FDCWD</tmp/kernel-audit2-v3r63b5w/\346\261\202\350\247\243\345\231\250>, "/usr/lib/locale/locale-archive", O_RDONLY|O_CLOEXEC) = 3</usr/lib/locale/locale-archive>
1430035 openat(AT_FDCWD</tmp/kernel-audit2-v3r63b5w/\346\261\202\350\247\243\345\231\250>, "/usr/share/locale/locale.alias", O_RDONLY|O_CLOEXEC) = 3</usr/share/locale/locale.alias>
1430035 openat(AT_FDCWD</tmp/kernel-audit2-v3r63b5w/\346\261\202\350\247\243\345\231\250>, "/usr/lib/locale/C.UTF-8/LC_IDENTIFICATION", O_RDONLY|O_CLOEXEC) = -1 ENOENT (No such file or directory)
1430035 openat(AT_FDCWD</tmp/kernel-audit2-v3r63b5w/\346\261\202\350\247\243\345\231\250>, "/usr/lib/locale/C.utf8/LC_IDENTIFICATION", O_RDONLY|O_CLOEXEC) = 3</usr/lib/locale/C.utf8/LC_IDENTIFICATION>
1430035 openat(AT_FDCWD</tmp/kernel-audit2-v3r63b5w/\346\261\202\350\247\243\345\231\250>, "/usr/lib/gconv/gconv-modules.cache", O_RDONLY|O_CLOEXEC) = 3</usr/lib/gconv/gconv-modules.cache>
1430035 openat(AT_FDCWD</tmp/kernel-audit2-v3r63b5w/\346\261\202\350\247\243\345\231\250>, "/usr/lib/locale/C.UTF-8/LC_MEASUREMENT", O_RDONLY|O_CLOEXEC) = -1 ENOENT (No such file or directory)
1430035 openat(AT_FDCWD</tmp/kernel-audit2-v3r63b5w/\346\261\202\350\247\243\345\231\250>, "/usr/lib/locale/C.utf8/LC_MEASUREMENT", O_RDONLY|O_CLOEXEC) = 3</usr/lib/locale/C.utf8/LC_MEASUREMENT>
1430035 openat(AT_FDCWD</tmp/kernel-audit2-v3r63b5w/\346\261\202\350\247\243\345\231\250>, "/usr/lib/locale/C.UTF-8/LC_TELEPHONE", O_RDONLY|O_CLOEXEC) = -1 ENOENT (No such file or directory)
1430035 openat(AT_FDCWD</tmp/kernel-audit2-v3r63b5w/\346\261\202\350\247\243\345\231\250>, "/usr/lib/locale/C.utf8/LC_TELEPHONE", O_RDONLY|O_CLOEXEC) = 3</usr/lib/locale/C.utf8/LC_TELEPHONE>
1430035 openat(AT_FDCWD</tmp/kernel-audit2-v3r63b5w/\346\261\202\350\247\243\345\231\250>, "/usr/lib/locale/C.UTF-8/LC_ADDRESS", O_RDONLY|O_CLOEXEC) = -1 ENOENT (No such file or directory)
1430035 openat(AT_FDCWD</tmp/kernel-audit2-v3r63b5w/\346\261\202\350\247\243\345\231\250>, "/usr/lib/locale/C.utf8/LC_ADDRESS", O_RDONLY|O_CLOEXEC) = 3</usr/lib/locale/C.utf8/LC_ADDRESS>
1430035 openat(AT_FDCWD</tmp/kernel-audit2-v3r63b5w/\346\261\202\350\247\243\345\231\250>, "/usr/lib/locale/C.UTF-8/LC_NAME", O_RDONLY|O_CLOEXEC) = -1 ENOENT (No such file or directory)
1430035 openat(AT_FDCWD</tmp/kernel-audit2-v3r63b5w/\346\261\202\350\247\243\345\231\250>, "/usr/lib/locale/C.utf8/LC_NAME", O_RDONLY|O_CLOEXEC) = 3</usr/lib/locale/C.utf8/LC_NAME>
1430035 openat(AT_FDCWD</tmp/kernel-audit2-v3r63b5w/\346\261\202\350\247\243\345\231\250>, "/usr/lib/locale/C.UTF-8/LC_PAPER", O_RDONLY|O_CLOEXEC) = -1 ENOENT (No such file or directory)
1430035 openat(AT_FDCWD</tmp/kernel-audit2-v3r63b5w/\346\261\202\350\247\243\345\231\250>, "/usr/lib/locale/C.utf8/LC_PAPER", O_RDONLY|O_CLOEXEC) = 3</usr/lib/locale/C.utf8/LC_PAPER>
1430035 openat(AT_FDCWD</tmp/kernel-audit2-v3r63b5w/\346\261\202\350\247\243\345\231\250>, "/usr/lib/locale/C.UTF-8/LC_MESSAGES", O_RDONLY|O_CLOEXEC) = -1 ENOENT (No such file or directory)
1430035 openat(AT_FDCWD</tmp/kernel-audit2-v3r63b5w/\346\261\202\350\247\243\345\231\250>, "/usr/lib/locale/C.utf8/LC_MESSAGES", O_RDONLY|O_CLOEXEC) = 3</usr/lib/locale/C.utf8/LC_MESSAGES>
1430035 openat(AT_FDCWD</tmp/kernel-audit2-v3r63b5w/\346\261\202\350\247\243\345\231\250>, "/usr/lib/locale/C.utf8/LC_MESSAGES/SYS_LC_MESSAGES", O_RDONLY|O_CLOEXEC) = 3</usr/lib/locale/C.utf8/LC_MESSAGES/SYS_LC_MESSAGES>
1430035 openat(AT_FDCWD</tmp/kernel-audit2-v3r63b5w/\346\261\202\350\247\243\345\231\250>, "/usr/lib/locale/C.UTF-8/LC_MONETARY", O_RDONLY|O_CLOEXEC) = -1 ENOENT (No such file or directory)
1430035 openat(AT_FDCWD</tmp/kernel-audit2-v3r63b5w/\346\261\202\350\247\243\345\231\250>, "/usr/lib/locale/C.utf8/LC_MONETARY", O_RDONLY|O_CLOEXEC) = 3</usr/lib/locale/C.utf8/LC_MONETARY>
1430035 openat(AT_FDCWD</tmp/kernel-audit2-v3r63b5w/\346\261\202\350\247\243\345\231\250>, "/usr/lib/locale/C.UTF-8/LC_COLLATE", O_RDONLY|O_CLOEXEC) = -1 ENOENT (No such file or directory)
1430035 openat(AT_FDCWD</tmp/kernel-audit2-v3r63b5w/\346\261\202\350\247\243\345\231\250>, "/usr/lib/locale/C.utf8/LC_COLLATE", O_RDONLY|O_CLOEXEC) = 3</usr/lib/locale/C.utf8/LC_COLLATE>
1430035 openat(AT_FDCWD</tmp/kernel-audit2-v3r63b5w/\346\261\202\350\247\243\345\231\250>, "/usr/lib/locale/C.UTF-8/LC_TIME", O_RDONLY|O_CLOEXEC) = -1 ENOENT (No such file or directory)
1430035 openat(AT_FDCWD</tmp/kernel-audit2-v3r63b5w/\346\261\202\350\247\243\345\231\250>, "/usr/lib/locale/C.utf8/LC_TIME", O_RDONLY|O_CLOEXEC) = 3</usr/lib/locale/C.utf8/LC_TIME>
1430035 openat(AT_FDCWD</tmp/kernel-audit2-v3r63b5w/\346\261\202\350\247\243\345\231\250>, "/usr/lib/locale/C.UTF-8/LC_NUMERIC", O_RDONLY|O_CLOEXEC) = -1 ENOENT (No such file or directory)
1430035 openat(AT_FDCWD</tmp/kernel-audit2-v3r63b5w/\346\261\202\350\247\243\345\231\250>, "/usr/lib/locale/C.utf8/LC_NUMERIC", O_RDONLY|O_CLOEXEC) = 3</usr/lib/locale/C.utf8/LC_NUMERIC>
1430035 openat(AT_FDCWD</tmp/kernel-audit2-v3r63b5w/\346\261\202\350\247\243\345\231\250>, "/usr/lib/locale/C.UTF-8/LC_CTYPE", O_RDONLY|O_CLOEXEC) = -1 ENOENT (No such file or directory)
1430035 openat(AT_FDCWD</tmp/kernel-audit2-v3r63b5w/\346\261\202\350\247\243\345\231\250>, "/usr/lib/locale/C.utf8/LC_CTYPE", O_RDONLY|O_CLOEXEC) = 3</usr/lib/locale/C.utf8/LC_CTYPE>
1430035 openat(AT_FDCWD</tmp/kernel-audit2-v3r63b5w/\346\261\202\350\247\243\345\231\250>, "/tmp/kernel-audit2-v3r63b5w/\346\261\202\350\247\243\345\231\250/crates/kernel/src/value.rs", O_RDONLY) = 3</tmp/kernel-audit2-v3r63b5w/\346\261\202\350\247\243\345\231\250/crates/kernel/src/value.rs>
1430014 --- SIGCHLD {si_signo=SIGCHLD, si_code=CLD_EXITED, si_pid=1430035, si_uid=1000, si_status=0, si_utime=0, si_stime=0} ---
1430014 openat(AT_FDCWD</tmp/kernel-audit2-v3r63b5w/\346\261\202\350\247\243\345\231\250>, "/dev/null", O_RDONLY|O_CLOEXEC) = 3</dev/null<char 1:3>>
1430036 execve("/home/zhuran24/.codex/tmp/arg0/codex-arg0DuAZRy/sha256sum", ["sha256sum", "--", "/tmp/kernel-audit2-v3r63b5w/\346\261\202\350\247\243\345\231\250/crates/kernel/src/config.rs"], 0x7ffe3bafa178 /* 135 vars */) = -1 ENOENT (No such file or directory)
1430036 execve("/home/zhuran24/.cargo/bin/sha256sum", ["sha256sum", "--", "/tmp/kernel-audit2-v3r63b5w/\346\261\202\350\247\243\345\231\250/crates/kernel/src/config.rs"], 0x7ffe3bafa178 /* 135 vars */) = -1 ENOENT (No such file or directory)
1430036 execve("/home/zhuran24/.local/bin/sha256sum", ["sha256sum", "--", "/tmp/kernel-audit2-v3r63b5w/\346\261\202\350\247\243\345\231\250/crates/kernel/src/config.rs"], 0x7ffe3bafa178 /* 135 vars */) = -1 ENOENT (No such file or directory)
1430036 execve("/home/zhuran24/.opencode/bin/sha256sum", ["sha256sum", "--", "/tmp/kernel-audit2-v3r63b5w/\346\261\202\350\247\243\345\231\250/crates/kernel/src/config.rs"], 0x7ffe3bafa178 /* 135 vars */) = -1 ENOENT (No such file or directory)
1430036 execve("/usr/local/bin/sha256sum", ["sha256sum", "--", "/tmp/kernel-audit2-v3r63b5w/\346\261\202\350\247\243\345\231\250/crates/kernel/src/config.rs"], 0x7ffe3bafa178 /* 135 vars */) = -1 ENOENT (No such file or directory)
1430036 execve("/usr/bin/sha256sum", ["sha256sum", "--", "/tmp/kernel-audit2-v3r63b5w/\346\261\202\350\247\243\345\231\250/crates/kernel/src/config.rs"], 0x7ffe3bafa178 /* 135 vars */) = 0
1430036 openat(AT_FDCWD</tmp/kernel-audit2-v3r63b5w/\346\261\202\350\247\243\345\231\250>, "/etc/ld.so.cache", O_RDONLY|O_CLOEXEC) = 3</etc/ld.so.cache>
1430036 openat(AT_FDCWD</tmp/kernel-audit2-v3r63b5w/\346\261\202\350\247\243\345\231\250>, "/usr/lib/libcrypto.so.3", O_RDONLY|O_CLOEXEC) = 3</usr/lib/libcrypto.so.3>
1430036 openat(AT_FDCWD</tmp/kernel-audit2-v3r63b5w/\346\261\202\350\247\243\345\231\250>, "/usr/lib/libc.so.6", O_RDONLY|O_CLOEXEC) = 3</usr/lib/libc.so.6>
1430036 openat(AT_FDCWD</tmp/kernel-audit2-v3r63b5w/\346\261\202\350\247\243\345\231\250>, "/usr/lib/libz.so.1", O_RDONLY|O_CLOEXEC) = 3</usr/lib/libz.so.1.3.1.zlib-ng>
1430036 openat(AT_FDCWD</tmp/kernel-audit2-v3r63b5w/\346\261\202\350\247\243\345\231\250>, "/usr/lib/libbrotlienc.so.1", O_RDONLY|O_CLOEXEC) = 3</usr/lib/libbrotlienc.so.1.2.0>
1430036 openat(AT_FDCWD</tmp/kernel-audit2-v3r63b5w/\346\261\202\350\247\243\345\231\250>, "/usr/lib/libbrotlidec.so.1", O_RDONLY|O_CLOEXEC) = 3</usr/lib/libbrotlidec.so.1.2.0>
1430036 openat(AT_FDCWD</tmp/kernel-audit2-v3r63b5w/\346\261\202\350\247\243\345\231\250>, "/usr/lib/libzstd.so.1", O_RDONLY|O_CLOEXEC) = 3</usr/lib/libzstd.so.1.5.7>
1430036 openat(AT_FDCWD</tmp/kernel-audit2-v3r63b5w/\346\261\202\350\247\243\345\231\250>, "/usr/lib/libm.so.6", O_RDONLY|O_CLOEXEC) = 3</usr/lib/libm.so.6>
1430036 openat(AT_FDCWD</tmp/kernel-audit2-v3r63b5w/\346\261\202\350\247\243\345\231\250>, "/usr/lib/libbrotlicommon.so.1", O_RDONLY|O_CLOEXEC) = 3</usr/lib/libbrotlicommon.so.1.2.0>
1430036 openat(AT_FDCWD</tmp/kernel-audit2-v3r63b5w/\346\261\202\350\247\243\345\231\250>, "/usr/lib/locale/locale-archive", O_RDONLY|O_CLOEXEC) = 3</usr/lib/locale/locale-archive>
1430036 openat(AT_FDCWD</tmp/kernel-audit2-v3r63b5w/\346\261\202\350\247\243\345\231\250>, "/usr/share/locale/locale.alias", O_RDONLY|O_CLOEXEC) = 3</usr/share/locale/locale.alias>
1430036 openat(AT_FDCWD</tmp/kernel-audit2-v3r63b5w/\346\261\202\350\247\243\345\231\250>, "/usr/lib/locale/C.UTF-8/LC_IDENTIFICATION", O_RDONLY|O_CLOEXEC) = -1 ENOENT (No such file or directory)
1430036 openat(AT_FDCWD</tmp/kernel-audit2-v3r63b5w/\346\261\202\350\247\243\345\231\250>, "/usr/lib/locale/C.utf8/LC_IDENTIFICATION", O_RDONLY|O_CLOEXEC) = 3</usr/lib/locale/C.utf8/LC_IDENTIFICATION>
1430036 openat(AT_FDCWD</tmp/kernel-audit2-v3r63b5w/\346\261\202\350\247\243\345\231\250>, "/usr/lib/gconv/gconv-modules.cache", O_RDONLY|O_CLOEXEC) = 3</usr/lib/gconv/gconv-modules.cache>
1430036 openat(AT_FDCWD</tmp/kernel-audit2-v3r63b5w/\346\261\202\350\247\243\345\231\250>, "/usr/lib/locale/C.UTF-8/LC_MEASUREMENT", O_RDONLY|O_CLOEXEC) = -1 ENOENT (No such file or directory)
1430036 openat(AT_FDCWD</tmp/kernel-audit2-v3r63b5w/\346\261\202\350\247\243\345\231\250>, "/usr/lib/locale/C.utf8/LC_MEASUREMENT", O_RDONLY|O_CLOEXEC) = 3</usr/lib/locale/C.utf8/LC_MEASUREMENT>
1430036 openat(AT_FDCWD</tmp/kernel-audit2-v3r63b5w/\346\261\202\350\247\243\345\231\250>, "/usr/lib/locale/C.UTF-8/LC_TELEPHONE", O_RDONLY|O_CLOEXEC) = -1 ENOENT (No such file or directory)
1430036 openat(AT_FDCWD</tmp/kernel-audit2-v3r63b5w/\346\261\202\350\247\243\345\231\250>, "/usr/lib/locale/C.utf8/LC_TELEPHONE", O_RDONLY|O_CLOEXEC) = 3</usr/lib/locale/C.utf8/LC_TELEPHONE>
1430036 openat(AT_FDCWD</tmp/kernel-audit2-v3r63b5w/\346\261\202\350\247\243\345\231\250>, "/usr/lib/locale/C.UTF-8/LC_ADDRESS", O_RDONLY|O_CLOEXEC) = -1 ENOENT (No such file or directory)
1430036 openat(AT_FDCWD</tmp/kernel-audit2-v3r63b5w/\346\261\202\350\247\243\345\231\250>, "/usr/lib/locale/C.utf8/LC_ADDRESS", O_RDONLY|O_CLOEXEC) = 3</usr/lib/locale/C.utf8/LC_ADDRESS>
1430036 openat(AT_FDCWD</tmp/kernel-audit2-v3r63b5w/\346\261\202\350\247\243\345\231\250>, "/usr/lib/locale/C.UTF-8/LC_NAME", O_RDONLY|O_CLOEXEC) = -1 ENOENT (No such file or directory)
1430036 openat(AT_FDCWD</tmp/kernel-audit2-v3r63b5w/\346\261\202\350\247\243\345\231\250>, "/usr/lib/locale/C.utf8/LC_NAME", O_RDONLY|O_CLOEXEC) = 3</usr/lib/locale/C.utf8/LC_NAME>
1430036 openat(AT_FDCWD</tmp/kernel-audit2-v3r63b5w/\346\261\202\350\247\243\345\231\250>, "/usr/lib/locale/C.UTF-8/LC_PAPER", O_RDONLY|O_CLOEXEC) = -1 ENOENT (No such file or directory)
1430036 openat(AT_FDCWD</tmp/kernel-audit2-v3r63b5w/\346\261\202\350\247\243\345\231\250>, "/usr/lib/locale/C.utf8/LC_PAPER", O_RDONLY|O_CLOEXEC) = 3</usr/lib/locale/C.utf8/LC_PAPER>
1430036 openat(AT_FDCWD</tmp/kernel-audit2-v3r63b5w/\346\261\202\350\247\243\345\231\250>, "/usr/lib/locale/C.UTF-8/LC_MESSAGES", O_RDONLY|O_CLOEXEC) = -1 ENOENT (No such file or directory)
1430036 openat(AT_FDCWD</tmp/kernel-audit2-v3r63b5w/\346\261\202\350\247\243\345\231\250>, "/usr/lib/locale/C.utf8/LC_MESSAGES", O_RDONLY|O_CLOEXEC) = 3</usr/lib/locale/C.utf8/LC_MESSAGES>
1430036 openat(AT_FDCWD</tmp/kernel-audit2-v3r63b5w/\346\261\202\350\247\243\345\231\250>, "/usr/lib/locale/C.utf8/LC_MESSAGES/SYS_LC_MESSAGES", O_RDONLY|O_CLOEXEC) = 3</usr/lib/locale/C.utf8/LC_MESSAGES/SYS_LC_MESSAGES>
1430036 openat(AT_FDCWD</tmp/kernel-audit2-v3r63b5w/\346\261\202\350\247\243\345\231\250>, "/usr/lib/locale/C.UTF-8/LC_MONETARY", O_RDONLY|O_CLOEXEC) = -1 ENOENT (No such file or directory)
1430036 openat(AT_FDCWD</tmp/kernel-audit2-v3r63b5w/\346\261\202\350\247\243\345\231\250>, "/usr/lib/locale/C.utf8/LC_MONETARY", O_RDONLY|O_CLOEXEC) = 3</usr/lib/locale/C.utf8/LC_MONETARY>
1430036 openat(AT_FDCWD</tmp/kernel-audit2-v3r63b5w/\346\261\202\350\247\243\345\231\250>, "/usr/lib/locale/C.UTF-8/LC_COLLATE", O_RDONLY|O_CLOEXEC) = -1 ENOENT (No such file or directory)
1430036 openat(AT_FDCWD</tmp/kernel-audit2-v3r63b5w/\346\261\202\350\247\243\345\231\250>, "/usr/lib/locale/C.utf8/LC_COLLATE", O_RDONLY|O_CLOEXEC) = 3</usr/lib/locale/C.utf8/LC_COLLATE>
1430036 openat(AT_FDCWD</tmp/kernel-audit2-v3r63b5w/\346\261\202\350\247\243\345\231\250>, "/usr/lib/locale/C.UTF-8/LC_TIME", O_RDONLY|O_CLOEXEC) = -1 ENOENT (No such file or directory)
1430036 openat(AT_FDCWD</tmp/kernel-audit2-v3r63b5w/\346\261\202\350\247\243\345\231\250>, "/usr/lib/locale/C.utf8/LC_TIME", O_RDONLY|O_CLOEXEC) = 3</usr/lib/locale/C.utf8/LC_TIME>
1430036 openat(AT_FDCWD</tmp/kernel-audit2-v3r63b5w/\346\261\202\350\247\243\345\231\250>, "/usr/lib/locale/C.UTF-8/LC_NUMERIC", O_RDONLY|O_CLOEXEC) = -1 ENOENT (No such file or directory)
1430036 openat(AT_FDCWD</tmp/kernel-audit2-v3r63b5w/\346\261\202\350\247\243\345\231\250>, "/usr/lib/locale/C.utf8/LC_NUMERIC", O_RDONLY|O_CLOEXEC) = 3</usr/lib/locale/C.utf8/LC_NUMERIC>
1430036 openat(AT_FDCWD</tmp/kernel-audit2-v3r63b5w/\346\261\202\350\247\243\345\231\250>, "/usr/lib/locale/C.UTF-8/LC_CTYPE", O_RDONLY|O_CLOEXEC) = -1 ENOENT (No such file or directory)
1430036 openat(AT_FDCWD</tmp/kernel-audit2-v3r63b5w/\346\261\202\350\247\243\345\231\250>, "/usr/lib/locale/C.utf8/LC_CTYPE", O_RDONLY|O_CLOEXEC) = 3</usr/lib/locale/C.utf8/LC_CTYPE>
1430036 openat(AT_FDCWD</tmp/kernel-audit2-v3r63b5w/\346\261\202\350\247\243\345\231\250>, "/tmp/kernel-audit2-v3r63b5w/\346\261\202\350\247\243\345\231\250/crates/kernel/src/config.rs", O_RDONLY) = 3</tmp/kernel-audit2-v3r63b5w/\346\261\202\350\247\243\345\231\250/crates/kernel/src/config.rs>
1430014 --- SIGCHLD {si_signo=SIGCHLD, si_code=CLD_EXITED, si_pid=1430036, si_uid=1000, si_status=0, si_utime=0, si_stime=0} ---
1430014 openat(AT_FDCWD</tmp/kernel-audit2-v3r63b5w/\346\261\202\350\247\243\345\231\250>, "/dev/null", O_RDONLY|O_CLOEXEC) = 3</dev/null<char 1:3>>
1430037 execve("/home/zhuran24/.codex/tmp/arg0/codex-arg0DuAZRy/sha256sum", ["sha256sum", "--", "/tmp/kernel-audit2-v3r63b5w/\346\261\202\350\247\243\345\231\250/crates/kernel/src/model.rs"], 0x7ffe3bafa178 /* 135 vars */) = -1 ENOENT (No such file or directory)
1430037 execve("/home/zhuran24/.cargo/bin/sha256sum", ["sha256sum", "--", "/tmp/kernel-audit2-v3r63b5w/\346\261\202\350\247\243\345\231\250/crates/kernel/src/model.rs"], 0x7ffe3bafa178 /* 135 vars */) = -1 ENOENT (No such file or directory)
1430037 execve("/home/zhuran24/.local/bin/sha256sum", ["sha256sum", "--", "/tmp/kernel-audit2-v3r63b5w/\346\261\202\350\247\243\345\231\250/crates/kernel/src/model.rs"], 0x7ffe3bafa178 /* 135 vars */) = -1 ENOENT (No such file or directory)
1430037 execve("/home/zhuran24/.opencode/bin/sha256sum", ["sha256sum", "--", "/tmp/kernel-audit2-v3r63b5w/\346\261\202\350\247\243\345\231\250/crates/kernel/src/model.rs"], 0x7ffe3bafa178 /* 135 vars */) = -1 ENOENT (No such file or directory)
1430037 execve("/usr/local/bin/sha256sum", ["sha256sum", "--", "/tmp/kernel-audit2-v3r63b5w/\346\261\202\350\247\243\345\231\250/crates/kernel/src/model.rs"], 0x7ffe3bafa178 /* 135 vars */) = -1 ENOENT (No such file or directory)
1430037 execve("/usr/bin/sha256sum", ["sha256sum", "--", "/tmp/kernel-audit2-v3r63b5w/\346\261\202\350\247\243\345\231\250/crates/kernel/src/model.rs"], 0x7ffe3bafa178 /* 135 vars */) = 0
1430037 openat(AT_FDCWD</tmp/kernel-audit2-v3r63b5w/\346\261\202\350\247\243\345\231\250>, "/etc/ld.so.cache", O_RDONLY|O_CLOEXEC) = 3</etc/ld.so.cache>
1430037 openat(AT_FDCWD</tmp/kernel-audit2-v3r63b5w/\346\261\202\350\247\243\345\231\250>, "/usr/lib/libcrypto.so.3", O_RDONLY|O_CLOEXEC) = 3</usr/lib/libcrypto.so.3>
1430037 openat(AT_FDCWD</tmp/kernel-audit2-v3r63b5w/\346\261\202\350\247\243\345\231\250>, "/usr/lib/libc.so.6", O_RDONLY|O_CLOEXEC) = 3</usr/lib/libc.so.6>
1430037 openat(AT_FDCWD</tmp/kernel-audit2-v3r63b5w/\346\261\202\350\247\243\345\231\250>, "/usr/lib/libz.so.1", O_RDONLY|O_CLOEXEC) = 3</usr/lib/libz.so.1.3.1.zlib-ng>
1430037 openat(AT_FDCWD</tmp/kernel-audit2-v3r63b5w/\346\261\202\350\247\243\345\231\250>, "/usr/lib/libbrotlienc.so.1", O_RDONLY|O_CLOEXEC) = 3</usr/lib/libbrotlienc.so.1.2.0>
1430037 openat(AT_FDCWD</tmp/kernel-audit2-v3r63b5w/\346\261\202\350\247\243\345\231\250>, "/usr/lib/libbrotlidec.so.1", O_RDONLY|O_CLOEXEC) = 3</usr/lib/libbrotlidec.so.1.2.0>
1430037 openat(AT_FDCWD</tmp/kernel-audit2-v3r63b5w/\346\261\202\350\247\243\345\231\250>, "/usr/lib/libzstd.so.1", O_RDONLY|O_CLOEXEC) = 3</usr/lib/libzstd.so.1.5.7>
1430037 openat(AT_FDCWD</tmp/kernel-audit2-v3r63b5w/\346\261\202\350\247\243\345\231\250>, "/usr/lib/libm.so.6", O_RDONLY|O_CLOEXEC) = 3</usr/lib/libm.so.6>
1430037 openat(AT_FDCWD</tmp/kernel-audit2-v3r63b5w/\346\261\202\350\247\243\345\231\250>, "/usr/lib/libbrotlicommon.so.1", O_RDONLY|O_CLOEXEC) = 3</usr/lib/libbrotlicommon.so.1.2.0>
1430037 openat(AT_FDCWD</tmp/kernel-audit2-v3r63b5w/\346\261\202\350\247\243\345\231\250>, "/usr/lib/locale/locale-archive", O_RDONLY|O_CLOEXEC) = 3</usr/lib/locale/locale-archive>
1430037 openat(AT_FDCWD</tmp/kernel-audit2-v3r63b5w/\346\261\202\350\247\243\345\231\250>, "/usr/share/locale/locale.alias", O_RDONLY|O_CLOEXEC) = 3</usr/share/locale/locale.alias>
1430037 openat(AT_FDCWD</tmp/kernel-audit2-v3r63b5w/\346\261\202\350\247\243\345\231\250>, "/usr/lib/locale/C.UTF-8/LC_IDENTIFICATION", O_RDONLY|O_CLOEXEC) = -1 ENOENT (No such file or directory)
1430037 openat(AT_FDCWD</tmp/kernel-audit2-v3r63b5w/\346\261\202\350\247\243\345\231\250>, "/usr/lib/locale/C.utf8/LC_IDENTIFICATION", O_RDONLY|O_CLOEXEC) = 3</usr/lib/locale/C.utf8/LC_IDENTIFICATION>
1430037 openat(AT_FDCWD</tmp/kernel-audit2-v3r63b5w/\346\261\202\350\247\243\345\231\250>, "/usr/lib/gconv/gconv-modules.cache", O_RDONLY|O_CLOEXEC) = 3</usr/lib/gconv/gconv-modules.cache>
1430037 openat(AT_FDCWD</tmp/kernel-audit2-v3r63b5w/\346\261\202\350\247\243\345\231\250>, "/usr/lib/locale/C.UTF-8/LC_MEASUREMENT", O_RDONLY|O_CLOEXEC) = -1 ENOENT (No such file or directory)
1430037 openat(AT_FDCWD</tmp/kernel-audit2-v3r63b5w/\346\261\202\350\247\243\345\231\250>, "/usr/lib/locale/C.utf8/LC_MEASUREMENT", O_RDONLY|O_CLOEXEC) = 3</usr/lib/locale/C.utf8/LC_MEASUREMENT>
1430037 openat(AT_FDCWD</tmp/kernel-audit2-v3r63b5w/\346\261\202\350\247\243\345\231\250>, "/usr/lib/locale/C.UTF-8/LC_TELEPHONE", O_RDONLY|O_CLOEXEC) = -1 ENOENT (No such file or directory)
1430037 openat(AT_FDCWD</tmp/kernel-audit2-v3r63b5w/\346\261\202\350\247\243\345\231\250>, "/usr/lib/locale/C.utf8/LC_TELEPHONE", O_RDONLY|O_CLOEXEC) = 3</usr/lib/locale/C.utf8/LC_TELEPHONE>
1430037 openat(AT_FDCWD</tmp/kernel-audit2-v3r63b5w/\346\261\202\350\247\243\345\231\250>, "/usr/lib/locale/C.UTF-8/LC_ADDRESS", O_RDONLY|O_CLOEXEC) = -1 ENOENT (No such file or directory)
1430037 openat(AT_FDCWD</tmp/kernel-audit2-v3r63b5w/\346\261\202\350\247\243\345\231\250>, "/usr/lib/locale/C.utf8/LC_ADDRESS", O_RDONLY|O_CLOEXEC) = 3</usr/lib/locale/C.utf8/LC_ADDRESS>
1430037 openat(AT_FDCWD</tmp/kernel-audit2-v3r63b5w/\346\261\202\350\247\243\345\231\250>, "/usr/lib/locale/C.UTF-8/LC_NAME", O_RDONLY|O_CLOEXEC) = -1 ENOENT (No such file or directory)
1430037 openat(AT_FDCWD</tmp/kernel-audit2-v3r63b5w/\346\261\202\350\247\243\345\231\250>, "/usr/lib/locale/C.utf8/LC_NAME", O_RDONLY|O_CLOEXEC) = 3</usr/lib/locale/C.utf8/LC_NAME>
1430037 openat(AT_FDCWD</tmp/kernel-audit2-v3r63b5w/\346\261\202\350\247\243\345\231\250>, "/usr/lib/locale/C.UTF-8/LC_PAPER", O_RDONLY|O_CLOEXEC) = -1 ENOENT (No such file or directory)
1430037 openat(AT_FDCWD</tmp/kernel-audit2-v3r63b5w/\346\261\202\350\247\243\345\231\250>, "/usr/lib/locale/C.utf8/LC_PAPER", O_RDONLY|O_CLOEXEC) = 3</usr/lib/locale/C.utf8/LC_PAPER>
1430037 openat(AT_FDCWD</tmp/kernel-audit2-v3r63b5w/\346\261\202\350\247\243\345\231\250>, "/usr/lib/locale/C.UTF-8/LC_MESSAGES", O_RDONLY|O_CLOEXEC) = -1 ENOENT (No such file or directory)
1430037 openat(AT_FDCWD</tmp/kernel-audit2-v3r63b5w/\346\261\202\350\247\243\345\231\250>, "/usr/lib/locale/C.utf8/LC_MESSAGES", O_RDONLY|O_CLOEXEC) = 3</usr/lib/locale/C.utf8/LC_MESSAGES>
1430037 openat(AT_FDCWD</tmp/kernel-audit2-v3r63b5w/\346\261\202\350\247\243\345\231\250>, "/usr/lib/locale/C.utf8/LC_MESSAGES/SYS_LC_MESSAGES", O_RDONLY|O_CLOEXEC) = 3</usr/lib/locale/C.utf8/LC_MESSAGES/SYS_LC_MESSAGES>
1430037 openat(AT_FDCWD</tmp/kernel-audit2-v3r63b5w/\346\261\202\350\247\243\345\231\250>, "/usr/lib/locale/C.UTF-8/LC_MONETARY", O_RDONLY|O_CLOEXEC) = -1 ENOENT (No such file or directory)
1430037 openat(AT_FDCWD</tmp/kernel-audit2-v3r63b5w/\346\261\202\350\247\243\345\231\250>, "/usr/lib/locale/C.utf8/LC_MONETARY", O_RDONLY|O_CLOEXEC) = 3</usr/lib/locale/C.utf8/LC_MONETARY>
1430037 openat(AT_FDCWD</tmp/kernel-audit2-v3r63b5w/\346\261\202\350\247\243\345\231\250>, "/usr/lib/locale/C.UTF-8/LC_COLLATE", O_RDONLY|O_CLOEXEC) = -1 ENOENT (No such file or directory)
1430037 openat(AT_FDCWD</tmp/kernel-audit2-v3r63b5w/\346\261\202\350\247\243\345\231\250>, "/usr/lib/locale/C.utf8/LC_COLLATE", O_RDONLY|O_CLOEXEC) = 3</usr/lib/locale/C.utf8/LC_COLLATE>
1430037 openat(AT_FDCWD</tmp/kernel-audit2-v3r63b5w/\346\261\202\350\247\243\345\231\250>, "/usr/lib/locale/C.UTF-8/LC_TIME", O_RDONLY|O_CLOEXEC) = -1 ENOENT (No such file or directory)
1430037 openat(AT_FDCWD</tmp/kernel-audit2-v3r63b5w/\346\261\202\350\247\243\345\231\250>, "/usr/lib/locale/C.utf8/LC_TIME", O_RDONLY|O_CLOEXEC) = 3</usr/lib/locale/C.utf8/LC_TIME>
1430037 openat(AT_FDCWD</tmp/kernel-audit2-v3r63b5w/\346\261\202\350\247\243\345\231\250>, "/usr/lib/locale/C.UTF-8/LC_NUMERIC", O_RDONLY|O_CLOEXEC) = -1 ENOENT (No such file or directory)
1430037 openat(AT_FDCWD</tmp/kernel-audit2-v3r63b5w/\346\261\202\350\247\243\345\231\250>, "/usr/lib/locale/C.utf8/LC_NUMERIC", O_RDONLY|O_CLOEXEC) = 3</usr/lib/locale/C.utf8/LC_NUMERIC>
1430037 openat(AT_FDCWD</tmp/kernel-audit2-v3r63b5w/\346\261\202\350\247\243\345\231\250>, "/usr/lib/locale/C.UTF-8/LC_CTYPE", O_RDONLY|O_CLOEXEC) = -1 ENOENT (No such file or directory)
1430037 openat(AT_FDCWD</tmp/kernel-audit2-v3r63b5w/\346\261\202\350\247\243\345\231\250>, "/usr/lib/locale/C.utf8/LC_CTYPE", O_RDONLY|O_CLOEXEC) = 3</usr/lib/locale/C.utf8/LC_CTYPE>
1430037 openat(AT_FDCWD</tmp/kernel-audit2-v3r63b5w/\346\261\202\350\247\243\345\231\250>, "/tmp/kernel-audit2-v3r63b5w/\346\261\202\350\247\243\345\231\250/crates/kernel/src/model.rs", O_RDONLY) = 3</tmp/kernel-audit2-v3r63b5w/\346\261\202\350\247\243\345\231\250/crates/kernel/src/model.rs>
1430014 --- SIGCHLD {si_signo=SIGCHLD, si_code=CLD_EXITED, si_pid=1430037, si_uid=1000, si_status=0, si_utime=0, si_stime=0} ---
1430014 openat(AT_FDCWD</tmp/kernel-audit2-v3r63b5w/\346\261\202\350\247\243\345\231\250>, "/dev/null", O_RDONLY|O_CLOEXEC) = 3</dev/null<char 1:3>>
1430038 execve("/home/zhuran24/.codex/tmp/arg0/codex-arg0DuAZRy/sha256sum", ["sha256sum", "--", "/tmp/kernel-audit2-v3r63b5w/\346\261\202\350\247\243\345\231\250/crates/kernel/src/catalog.rs"], 0x7ffe3bafa178 /* 135 vars */) = -1 ENOENT (No such file or directory)
1430038 execve("/home/zhuran24/.cargo/bin/sha256sum", ["sha256sum", "--", "/tmp/kernel-audit2-v3r63b5w/\346\261\202\350\247\243\345\231\250/crates/kernel/src/catalog.rs"], 0x7ffe3bafa178 /* 135 vars */) = -1 ENOENT (No such file or directory)
1430038 execve("/home/zhuran24/.local/bin/sha256sum", ["sha256sum", "--", "/tmp/kernel-audit2-v3r63b5w/\346\261\202\350\247\243\345\231\250/crates/kernel/src/catalog.rs"], 0x7ffe3bafa178 /* 135 vars */) = -1 ENOENT (No such file or directory)
1430038 execve("/home/zhuran24/.opencode/bin/sha256sum", ["sha256sum", "--", "/tmp/kernel-audit2-v3r63b5w/\346\261\202\350\247\243\345\231\250/crates/kernel/src/catalog.rs"], 0x7ffe3bafa178 /* 135 vars */) = -1 ENOENT (No such file or directory)
1430038 execve("/usr/local/bin/sha256sum", ["sha256sum", "--", "/tmp/kernel-audit2-v3r63b5w/\346\261\202\350\247\243\345\231\250/crates/kernel/src/catalog.rs"], 0x7ffe3bafa178 /* 135 vars */) = -1 ENOENT (No such file or directory)
1430038 execve("/usr/bin/sha256sum", ["sha256sum", "--", "/tmp/kernel-audit2-v3r63b5w/\346\261\202\350\247\243\345\231\250/crates/kernel/src/catalog.rs"], 0x7ffe3bafa178 /* 135 vars */) = 0
1430038 openat(AT_FDCWD</tmp/kernel-audit2-v3r63b5w/\346\261\202\350\247\243\345\231\250>, "/etc/ld.so.cache", O_RDONLY|O_CLOEXEC) = 3</etc/ld.so.cache>
1430038 openat(AT_FDCWD</tmp/kernel-audit2-v3r63b5w/\346\261\202\350\247\243\345\231\250>, "/usr/lib/libcrypto.so.3", O_RDONLY|O_CLOEXEC) = 3</usr/lib/libcrypto.so.3>
1430038 openat(AT_FDCWD</tmp/kernel-audit2-v3r63b5w/\346\261\202\350\247\243\345\231\250>, "/usr/lib/libc.so.6", O_RDONLY|O_CLOEXEC) = 3</usr/lib/libc.so.6>
1430038 openat(AT_FDCWD</tmp/kernel-audit2-v3r63b5w/\346\261\202\350\247\243\345\231\250>, "/usr/lib/libz.so.1", O_RDONLY|O_CLOEXEC) = 3</usr/lib/libz.so.1.3.1.zlib-ng>
1430038 openat(AT_FDCWD</tmp/kernel-audit2-v3r63b5w/\346\261\202\350\247\243\345\231\250>, "/usr/lib/libbrotlienc.so.1", O_RDONLY|O_CLOEXEC) = 3</usr/lib/libbrotlienc.so.1.2.0>
1430038 openat(AT_FDCWD</tmp/kernel-audit2-v3r63b5w/\346\261\202\350\247\243\345\231\250>, "/usr/lib/libbrotlidec.so.1", O_RDONLY|O_CLOEXEC) = 3</usr/lib/libbrotlidec.so.1.2.0>
1430038 openat(AT_FDCWD</tmp/kernel-audit2-v3r63b5w/\346\261\202\350\247\243\345\231\250>, "/usr/lib/libzstd.so.1", O_RDONLY|O_CLOEXEC) = 3</usr/lib/libzstd.so.1.5.7>
1430038 openat(AT_FDCWD</tmp/kernel-audit2-v3r63b5w/\346\261\202\350\247\243\345\231\250>, "/usr/lib/libm.so.6", O_RDONLY|O_CLOEXEC) = 3</usr/lib/libm.so.6>
1430038 openat(AT_FDCWD</tmp/kernel-audit2-v3r63b5w/\346\261\202\350\247\243\345\231\250>, "/usr/lib/libbrotlicommon.so.1", O_RDONLY|O_CLOEXEC) = 3</usr/lib/libbrotlicommon.so.1.2.0>
1430038 openat(AT_FDCWD</tmp/kernel-audit2-v3r63b5w/\346\261\202\350\247\243\345\231\250>, "/usr/lib/locale/locale-archive", O_RDONLY|O_CLOEXEC) = 3</usr/lib/locale/locale-archive>
1430038 openat(AT_FDCWD</tmp/kernel-audit2-v3r63b5w/\346\261\202\350\247\243\345\231\250>, "/usr/share/locale/locale.alias", O_RDONLY|O_CLOEXEC) = 3</usr/share/locale/locale.alias>
1430038 openat(AT_FDCWD</tmp/kernel-audit2-v3r63b5w/\346\261\202\350\247\243\345\231\250>, "/usr/lib/locale/C.UTF-8/LC_IDENTIFICATION", O_RDONLY|O_CLOEXEC) = -1 ENOENT (No such file or directory)
1430038 openat(AT_FDCWD</tmp/kernel-audit2-v3r63b5w/\346\261\202\350\247\243\345\231\250>, "/usr/lib/locale/C.utf8/LC_IDENTIFICATION", O_RDONLY|O_CLOEXEC) = 3</usr/lib/locale/C.utf8/LC_IDENTIFICATION>
1430038 openat(AT_FDCWD</tmp/kernel-audit2-v3r63b5w/\346\261\202\350\247\243\345\231\250>, "/usr/lib/gconv/gconv-modules.cache", O_RDONLY|O_CLOEXEC) = 3</usr/lib/gconv/gconv-modules.cache>
1430038 openat(AT_FDCWD</tmp/kernel-audit2-v3r63b5w/\346\261\202\350\247\243\345\231\250>, "/usr/lib/locale/C.UTF-8/LC_MEASUREMENT", O_RDONLY|O_CLOEXEC) = -1 ENOENT (No such file or directory)
1430038 openat(AT_FDCWD</tmp/kernel-audit2-v3r63b5w/\346\261\202\350\247\243\345\231\250>, "/usr/lib/locale/C.utf8/LC_MEASUREMENT", O_RDONLY|O_CLOEXEC) = 3</usr/lib/locale/C.utf8/LC_MEASUREMENT>
1430038 openat(AT_FDCWD</tmp/kernel-audit2-v3r63b5w/\346\261\202\350\247\243\345\231\250>, "/usr/lib/locale/C.UTF-8/LC_TELEPHONE", O_RDONLY|O_CLOEXEC) = -1 ENOENT (No such file or directory)
1430038 openat(AT_FDCWD</tmp/kernel-audit2-v3r63b5w/\346\261\202\350\247\243\345\231\250>, "/usr/lib/locale/C.utf8/LC_TELEPHONE", O_RDONLY|O_CLOEXEC) = 3</usr/lib/locale/C.utf8/LC_TELEPHONE>
1430038 openat(AT_FDCWD</tmp/kernel-audit2-v3r63b5w/\346\261\202\350\247\243\345\231\250>, "/usr/lib/locale/C.UTF-8/LC_ADDRESS", O_RDONLY|O_CLOEXEC) = -1 ENOENT (No such file or directory)
1430038 openat(AT_FDCWD</tmp/kernel-audit2-v3r63b5w/\346\261\202\350\247\243\345\231\250>, "/usr/lib/locale/C.utf8/LC_ADDRESS", O_RDONLY|O_CLOEXEC) = 3</usr/lib/locale/C.utf8/LC_ADDRESS>
1430038 openat(AT_FDCWD</tmp/kernel-audit2-v3r63b5w/\346\261\202\350\247\243\345\231\250>, "/usr/lib/locale/C.UTF-8/LC_NAME", O_RDONLY|O_CLOEXEC) = -1 ENOENT (No such file or directory)
1430038 openat(AT_FDCWD</tmp/kernel-audit2-v3r63b5w/\346\261\202\350\247\243\345\231\250>, "/usr/lib/locale/C.utf8/LC_NAME", O_RDONLY|O_CLOEXEC) = 3</usr/lib/locale/C.utf8/LC_NAME>
1430038 openat(AT_FDCWD</tmp/kernel-audit2-v3r63b5w/\346\261\202\350\247\243\345\231\250>, "/usr/lib/locale/C.UTF-8/LC_PAPER", O_RDONLY|O_CLOEXEC) = -1 ENOENT (No such file or directory)
1430038 openat(AT_FDCWD</tmp/kernel-audit2-v3r63b5w/\346\261\202\350\247\243\345\231\250>, "/usr/lib/locale/C.utf8/LC_PAPER", O_RDONLY|O_CLOEXEC) = 3</usr/lib/locale/C.utf8/LC_PAPER>
1430038 openat(AT_FDCWD</tmp/kernel-audit2-v3r63b5w/\346\261\202\350\247\243\345\231\250>, "/usr/lib/locale/C.UTF-8/LC_MESSAGES", O_RDONLY|O_CLOEXEC) = -1 ENOENT (No such file or directory)
1430038 openat(AT_FDCWD</tmp/kernel-audit2-v3r63b5w/\346\261\202\350\247\243\345\231\250>, "/usr/lib/locale/C.utf8/LC_MESSAGES", O_RDONLY|O_CLOEXEC) = 3</usr/lib/locale/C.utf8/LC_MESSAGES>
1430038 openat(AT_FDCWD</tmp/kernel-audit2-v3r63b5w/\346\261\202\350\247\243\345\231\250>, "/usr/lib/locale/C.utf8/LC_MESSAGES/SYS_LC_MESSAGES", O_RDONLY|O_CLOEXEC) = 3</usr/lib/locale/C.utf8/LC_MESSAGES/SYS_LC_MESSAGES>
1430038 openat(AT_FDCWD</tmp/kernel-audit2-v3r63b5w/\346\261\202\350\247\243\345\231\250>, "/usr/lib/locale/C.UTF-8/LC_MONETARY", O_RDONLY|O_CLOEXEC) = -1 ENOENT (No such file or directory)
1430038 openat(AT_FDCWD</tmp/kernel-audit2-v3r63b5w/\346\261\202\350\247\243\345\231\250>, "/usr/lib/locale/C.utf8/LC_MONETARY", O_RDONLY|O_CLOEXEC) = 3</usr/lib/locale/C.utf8/LC_MONETARY>
1430038 openat(AT_FDCWD</tmp/kernel-audit2-v3r63b5w/\346\261\202\350\247\243\345\231\250>, "/usr/lib/locale/C.UTF-8/LC_COLLATE", O_RDONLY|O_CLOEXEC) = -1 ENOENT (No such file or directory)
1430038 openat(AT_FDCWD</tmp/kernel-audit2-v3r63b5w/\346\261\202\350\247\243\345\231\250>, "/usr/lib/locale/C.utf8/LC_COLLATE", O_RDONLY|O_CLOEXEC) = 3</usr/lib/locale/C.utf8/LC_COLLATE>
1430038 openat(AT_FDCWD</tmp/kernel-audit2-v3r63b5w/\346\261\202\350\247\243\345\231\250>, "/usr/lib/locale/C.UTF-8/LC_TIME", O_RDONLY|O_CLOEXEC) = -1 ENOENT (No such file or directory)
1430038 openat(AT_FDCWD</tmp/kernel-audit2-v3r63b5w/\346\261\202\350\247\243\345\231\250>, "/usr/lib/locale/C.utf8/LC_TIME", O_RDONLY|O_CLOEXEC) = 3</usr/lib/locale/C.utf8/LC_TIME>
1430038 openat(AT_FDCWD</tmp/kernel-audit2-v3r63b5w/\346\261\202\350\247\243\345\231\250>, "/usr/lib/locale/C.UTF-8/LC_NUMERIC", O_RDONLY|O_CLOEXEC) = -1 ENOENT (No such file or directory)
1430038 openat(AT_FDCWD</tmp/kernel-audit2-v3r63b5w/\346\261\202\350\247\243\345\231\250>, "/usr/lib/locale/C.utf8/LC_NUMERIC", O_RDONLY|O_CLOEXEC) = 3</usr/lib/locale/C.utf8/LC_NUMERIC>
1430038 openat(AT_FDCWD</tmp/kernel-audit2-v3r63b5w/\346\261\202\350\247\243\345\231\250>, "/usr/lib/locale/C.UTF-8/LC_CTYPE", O_RDONLY|O_CLOEXEC) = -1 ENOENT (No such file or directory)
1430038 openat(AT_FDCWD</tmp/kernel-audit2-v3r63b5w/\346\261\202\350\247\243\345\231\250>, "/usr/lib/locale/C.utf8/LC_CTYPE", O_RDONLY|O_CLOEXEC) = 3</usr/lib/locale/C.utf8/LC_CTYPE>
1430038 openat(AT_FDCWD</tmp/kernel-audit2-v3r63b5w/\346\261\202\350\247\243\345\231\250>, "/tmp/kernel-audit2-v3r63b5w/\346\261\202\350\247\243\345\231\250/crates/kernel/src/catalog.rs", O_RDONLY) = 3</tmp/kernel-audit2-v3r63b5w/\346\261\202\350\247\243\345\231\250/crates/kernel/src/catalog.rs>
1430014 --- SIGCHLD {si_signo=SIGCHLD, si_code=CLD_EXITED, si_pid=1430038, si_uid=1000, si_status=0, si_utime=0, si_stime=0} ---
1430014 openat(AT_FDCWD</tmp/kernel-audit2-v3r63b5w/\346\261\202\350\247\243\345\231\250>, "/dev/null", O_RDONLY|O_CLOEXEC) = 3</dev/null<char 1:3>>
1430039 execve("/home/zhuran24/.codex/tmp/arg0/codex-arg0DuAZRy/sha256sum", ["sha256sum", "--", "/tmp/kernel-audit2-v3r63b5w/\346\261\202\350\247\243\345\231\250/crates/kernel/src/input.rs"], 0x7ffe3bafa178 /* 135 vars */) = -1 ENOENT (No such file or directory)
1430039 execve("/home/zhuran24/.cargo/bin/sha256sum", ["sha256sum", "--", "/tmp/kernel-audit2-v3r63b5w/\346\261\202\350\247\243\345\231\250/crates/kernel/src/input.rs"], 0x7ffe3bafa178 /* 135 vars */) = -1 ENOENT (No such file or directory)
1430039 execve("/home/zhuran24/.local/bin/sha256sum", ["sha256sum", "--", "/tmp/kernel-audit2-v3r63b5w/\346\261\202\350\247\243\345\231\250/crates/kernel/src/input.rs"], 0x7ffe3bafa178 /* 135 vars */) = -1 ENOENT (No such file or directory)
1430039 execve("/home/zhuran24/.opencode/bin/sha256sum", ["sha256sum", "--", "/tmp/kernel-audit2-v3r63b5w/\346\261\202\350\247\243\345\231\250/crates/kernel/src/input.rs"], 0x7ffe3bafa178 /* 135 vars */) = -1 ENOENT (No such file or directory)
1430039 execve("/usr/local/bin/sha256sum", ["sha256sum", "--", "/tmp/kernel-audit2-v3r63b5w/\346\261\202\350\247\243\345\231\250/crates/kernel/src/input.rs"], 0x7ffe3bafa178 /* 135 vars */) = -1 ENOENT (No such file or directory)
1430039 execve("/usr/bin/sha256sum", ["sha256sum", "--", "/tmp/kernel-audit2-v3r63b5w/\346\261\202\350\247\243\345\231\250/crates/kernel/src/input.rs"], 0x7ffe3bafa178 /* 135 vars */) = 0
1430039 openat(AT_FDCWD</tmp/kernel-audit2-v3r63b5w/\346\261\202\350\247\243\345\231\250>, "/etc/ld.so.cache", O_RDONLY|O_CLOEXEC) = 3</etc/ld.so.cache>
1430039 openat(AT_FDCWD</tmp/kernel-audit2-v3r63b5w/\346\261\202\350\247\243\345\231\250>, "/usr/lib/libcrypto.so.3", O_RDONLY|O_CLOEXEC) = 3</usr/lib/libcrypto.so.3>
1430039 openat(AT_FDCWD</tmp/kernel-audit2-v3r63b5w/\346\261\202\350\247\243\345\231\250>, "/usr/lib/libc.so.6", O_RDONLY|O_CLOEXEC) = 3</usr/lib/libc.so.6>
1430039 openat(AT_FDCWD</tmp/kernel-audit2-v3r63b5w/\346\261\202\350\247\243\345\231\250>, "/usr/lib/libz.so.1", O_RDONLY|O_CLOEXEC) = 3</usr/lib/libz.so.1.3.1.zlib-ng>
1430039 openat(AT_FDCWD</tmp/kernel-audit2-v3r63b5w/\346\261\202\350\247\243\345\231\250>, "/usr/lib/libbrotlienc.so.1", O_RDONLY|O_CLOEXEC) = 3</usr/lib/libbrotlienc.so.1.2.0>
1430039 openat(AT_FDCWD</tmp/kernel-audit2-v3r63b5w/\346\261\202\350\247\243\345\231\250>, "/usr/lib/libbrotlidec.so.1", O_RDONLY|O_CLOEXEC) = 3</usr/lib/libbrotlidec.so.1.2.0>
1430039 openat(AT_FDCWD</tmp/kernel-audit2-v3r63b5w/\346\261\202\350\247\243\345\231\250>, "/usr/lib/libzstd.so.1", O_RDONLY|O_CLOEXEC) = 3</usr/lib/libzstd.so.1.5.7>
1430039 openat(AT_FDCWD</tmp/kernel-audit2-v3r63b5w/\346\261\202\350\247\243\345\231\250>, "/usr/lib/libm.so.6", O_RDONLY|O_CLOEXEC) = 3</usr/lib/libm.so.6>
1430039 openat(AT_FDCWD</tmp/kernel-audit2-v3r63b5w/\346\261\202\350\247\243\345\231\250>, "/usr/lib/libbrotlicommon.so.1", O_RDONLY|O_CLOEXEC) = 3</usr/lib/libbrotlicommon.so.1.2.0>
1430039 openat(AT_FDCWD</tmp/kernel-audit2-v3r63b5w/\346\261\202\350\247\243\345\231\250>, "/usr/lib/locale/locale-archive", O_RDONLY|O_CLOEXEC) = 3</usr/lib/locale/locale-archive>
1430039 openat(AT_FDCWD</tmp/kernel-audit2-v3r63b5w/\346\261\202\350\247\243\345\231\250>, "/usr/share/locale/locale.alias", O_RDONLY|O_CLOEXEC) = 3</usr/share/locale/locale.alias>
1430039 openat(AT_FDCWD</tmp/kernel-audit2-v3r63b5w/\346\261\202\350\247\243\345\231\250>, "/usr/lib/locale/C.UTF-8/LC_IDENTIFICATION", O_RDONLY|O_CLOEXEC) = -1 ENOENT (No such file or directory)
1430039 openat(AT_FDCWD</tmp/kernel-audit2-v3r63b5w/\346\261\202\350\247\243\345\231\250>, "/usr/lib/locale/C.utf8/LC_IDENTIFICATION", O_RDONLY|O_CLOEXEC) = 3</usr/lib/locale/C.utf8/LC_IDENTIFICATION>
1430039 openat(AT_FDCWD</tmp/kernel-audit2-v3r63b5w/\346\261\202\350\247\243\345\231\250>, "/usr/lib/gconv/gconv-modules.cache", O_RDONLY|O_CLOEXEC) = 3</usr/lib/gconv/gconv-modules.cache>
1430039 openat(AT_FDCWD</tmp/kernel-audit2-v3r63b5w/\346\261\202\350\247\243\345\231\250>, "/usr/lib/locale/C.UTF-8/LC_MEASUREMENT", O_RDONLY|O_CLOEXEC) = -1 ENOENT (No such file or directory)
1430039 openat(AT_FDCWD</tmp/kernel-audit2-v3r63b5w/\346\261\202\350\247\243\345\231\250>, "/usr/lib/locale/C.utf8/LC_MEASUREMENT", O_RDONLY|O_CLOEXEC) = 3</usr/lib/locale/C.utf8/LC_MEASUREMENT>
1430039 openat(AT_FDCWD</tmp/kernel-audit2-v3r63b5w/\346\261\202\350\247\243\345\231\250>, "/usr/lib/locale/C.UTF-8/LC_TELEPHONE", O_RDONLY|O_CLOEXEC) = -1 ENOENT (No such file or directory)
1430039 openat(AT_FDCWD</tmp/kernel-audit2-v3r63b5w/\346\261\202\350\247\243\345\231\250>, "/usr/lib/locale/C.utf8/LC_TELEPHONE", O_RDONLY|O_CLOEXEC) = 3</usr/lib/locale/C.utf8/LC_TELEPHONE>
1430039 openat(AT_FDCWD</tmp/kernel-audit2-v3r63b5w/\346\261\202\350\247\243\345\231\250>, "/usr/lib/locale/C.UTF-8/LC_ADDRESS", O_RDONLY|O_CLOEXEC) = -1 ENOENT (No such file or directory)
1430039 openat(AT_FDCWD</tmp/kernel-audit2-v3r63b5w/\346\261\202\350\247\243\345\231\250>, "/usr/lib/locale/C.utf8/LC_ADDRESS", O_RDONLY|O_CLOEXEC) = 3</usr/lib/locale/C.utf8/LC_ADDRESS>
1430039 openat(AT_FDCWD</tmp/kernel-audit2-v3r63b5w/\346\261\202\350\247\243\345\231\250>, "/usr/lib/locale/C.UTF-8/LC_NAME", O_RDONLY|O_CLOEXEC) = -1 ENOENT (No such file or directory)
1430039 openat(AT_FDCWD</tmp/kernel-audit2-v3r63b5w/\346\261\202\350\247\243\345\231\250>, "/usr/lib/locale/C.utf8/LC_NAME", O_RDONLY|O_CLOEXEC) = 3</usr/lib/locale/C.utf8/LC_NAME>
1430039 openat(AT_FDCWD</tmp/kernel-audit2-v3r63b5w/\346\261\202\350\247\243\345\231\250>, "/usr/lib/locale/C.UTF-8/LC_PAPER", O_RDONLY|O_CLOEXEC) = -1 ENOENT (No such file or directory)
1430039 openat(AT_FDCWD</tmp/kernel-audit2-v3r63b5w/\346\261\202\350\247\243\345\231\250>, "/usr/lib/locale/C.utf8/LC_PAPER", O_RDONLY|O_CLOEXEC) = 3</usr/lib/locale/C.utf8/LC_PAPER>
1430039 openat(AT_FDCWD</tmp/kernel-audit2-v3r63b5w/\346\261\202\350\247\243\345\231\250>, "/usr/lib/locale/C.UTF-8/LC_MESSAGES", O_RDONLY|O_CLOEXEC) = -1 ENOENT (No such file or directory)
1430039 openat(AT_FDCWD</tmp/kernel-audit2-v3r63b5w/\346\261\202\350\247\243\345\231\250>, "/usr/lib/locale/C.utf8/LC_MESSAGES", O_RDONLY|O_CLOEXEC) = 3</usr/lib/locale/C.utf8/LC_MESSAGES>
1430039 openat(AT_FDCWD</tmp/kernel-audit2-v3r63b5w/\346\261\202\350\247\243\345\231\250>, "/usr/lib/locale/C.utf8/LC_MESSAGES/SYS_LC_MESSAGES", O_RDONLY|O_CLOEXEC) = 3</usr/lib/locale/C.utf8/LC_MESSAGES/SYS_LC_MESSAGES>
1430039 openat(AT_FDCWD</tmp/kernel-audit2-v3r63b5w/\346\261\202\350\247\243\345\231\250>, "/usr/lib/locale/C.UTF-8/LC_MONETARY", O_RDONLY|O_CLOEXEC) = -1 ENOENT (No such file or directory)
1430039 openat(AT_FDCWD</tmp/kernel-audit2-v3r63b5w/\346\261\202\350\247\243\345\231\250>, "/usr/lib/locale/C.utf8/LC_MONETARY", O_RDONLY|O_CLOEXEC) = 3</usr/lib/locale/C.utf8/LC_MONETARY>
1430039 openat(AT_FDCWD</tmp/kernel-audit2-v3r63b5w/\346\261\202\350\247\243\345\231\250>, "/usr/lib/locale/C.UTF-8/LC_COLLATE", O_RDONLY|O_CLOEXEC) = -1 ENOENT (No such file or directory)
1430039 openat(AT_FDCWD</tmp/kernel-audit2-v3r63b5w/\346\261\202\350\247\243\345\231\250>, "/usr/lib/locale/C.utf8/LC_COLLATE", O_RDONLY|O_CLOEXEC) = 3</usr/lib/locale/C.utf8/LC_COLLATE>
1430039 openat(AT_FDCWD</tmp/kernel-audit2-v3r63b5w/\346\261\202\350\247\243\345\231\250>, "/usr/lib/locale/C.UTF-8/LC_TIME", O_RDONLY|O_CLOEXEC) = -1 ENOENT (No such file or directory)
1430039 openat(AT_FDCWD</tmp/kernel-audit2-v3r63b5w/\346\261\202\350\247\243\345\231\250>, "/usr/lib/locale/C.utf8/LC_TIME", O_RDONLY|O_CLOEXEC) = 3</usr/lib/locale/C.utf8/LC_TIME>
1430039 openat(AT_FDCWD</tmp/kernel-audit2-v3r63b5w/\346\261\202\350\247\243\345\231\250>, "/usr/lib/locale/C.UTF-8/LC_NUMERIC", O_RDONLY|O_CLOEXEC) = -1 ENOENT (No such file or directory)
1430039 openat(AT_FDCWD</tmp/kernel-audit2-v3r63b5w/\346\261\202\350\247\243\345\231\250>, "/usr/lib/locale/C.utf8/LC_NUMERIC", O_RDONLY|O_CLOEXEC) = 3</usr/lib/locale/C.utf8/LC_NUMERIC>
1430039 openat(AT_FDCWD</tmp/kernel-audit2-v3r63b5w/\346\261\202\350\247\243\345\231\250>, "/usr/lib/locale/C.UTF-8/LC_CTYPE", O_RDONLY|O_CLOEXEC) = -1 ENOENT (No such file or directory)
1430039 openat(AT_FDCWD</tmp/kernel-audit2-v3r63b5w/\346\261\202\350\247\243\345\231\250>, "/usr/lib/locale/C.utf8/LC_CTYPE", O_RDONLY|O_CLOEXEC) = 3</usr/lib/locale/C.utf8/LC_CTYPE>
1430039 openat(AT_FDCWD</tmp/kernel-audit2-v3r63b5w/\346\261\202\350\247\243\345\231\250>, "/tmp/kernel-audit2-v3r63b5w/\346\261\202\350\247\243\345\231\250/crates/kernel/src/input.rs", O_RDONLY) = 3</tmp/kernel-audit2-v3r63b5w/\346\261\202\350\247\243\345\231\250/crates/kernel/src/input.rs>
1430014 --- SIGCHLD {si_signo=SIGCHLD, si_code=CLD_EXITED, si_pid=1430039, si_uid=1000, si_status=0, si_utime=0, si_stime=0} ---
1430014 openat(AT_FDCWD</tmp/kernel-audit2-v3r63b5w/\346\261\202\350\247\243\345\231\250>, "/dev/null", O_RDONLY|O_CLOEXEC) = 3</dev/null<char 1:3>>
1430040 execve("/home/zhuran24/.codex/tmp/arg0/codex-arg0DuAZRy/sha256sum", ["sha256sum", "--", "/tmp/kernel-audit2-v3r63b5w/\346\261\202\350\247\243\345\231\250/crates/kernel/src/interfaces.rs"], 0x7ffe3bafa178 /* 135 vars */) = -1 ENOENT (No such file or directory)
1430040 execve("/home/zhuran24/.cargo/bin/sha256sum", ["sha256sum", "--", "/tmp/kernel-audit2-v3r63b5w/\346\261\202\350\247\243\345\231\250/crates/kernel/src/interfaces.rs"], 0x7ffe3bafa178 /* 135 vars */) = -1 ENOENT (No such file or directory)
1430040 execve("/home/zhuran24/.local/bin/sha256sum", ["sha256sum", "--", "/tmp/kernel-audit2-v3r63b5w/\346\261\202\350\247\243\345\231\250/crates/kernel/src/interfaces.rs"], 0x7ffe3bafa178 /* 135 vars */) = -1 ENOENT (No such file or directory)
1430040 execve("/home/zhuran24/.opencode/bin/sha256sum", ["sha256sum", "--", "/tmp/kernel-audit2-v3r63b5w/\346\261\202\350\247\243\345\231\250/crates/kernel/src/interfaces.rs"], 0x7ffe3bafa178 /* 135 vars */) = -1 ENOENT (No such file or directory)
1430040 execve("/usr/local/bin/sha256sum", ["sha256sum", "--", "/tmp/kernel-audit2-v3r63b5w/\346\261\202\350\247\243\345\231\250/crates/kernel/src/interfaces.rs"], 0x7ffe3bafa178 /* 135 vars */) = -1 ENOENT (No such file or directory)
1430040 execve("/usr/bin/sha256sum", ["sha256sum", "--", "/tmp/kernel-audit2-v3r63b5w/\346\261\202\350\247\243\345\231\250/crates/kernel/src/interfaces.rs"], 0x7ffe3bafa178 /* 135 vars */) = 0
1430040 openat(AT_FDCWD</tmp/kernel-audit2-v3r63b5w/\346\261\202\350\247\243\345\231\250>, "/etc/ld.so.cache", O_RDONLY|O_CLOEXEC) = 3</etc/ld.so.cache>
1430040 openat(AT_FDCWD</tmp/kernel-audit2-v3r63b5w/\346\261\202\350\247\243\345\231\250>, "/usr/lib/libcrypto.so.3", O_RDONLY|O_CLOEXEC) = 3</usr/lib/libcrypto.so.3>
1430040 openat(AT_FDCWD</tmp/kernel-audit2-v3r63b5w/\346\261\202\350\247\243\345\231\250>, "/usr/lib/libc.so.6", O_RDONLY|O_CLOEXEC) = 3</usr/lib/libc.so.6>
1430040 openat(AT_FDCWD</tmp/kernel-audit2-v3r63b5w/\346\261\202\350\247\243\345\231\250>, "/usr/lib/libz.so.1", O_RDONLY|O_CLOEXEC) = 3</usr/lib/libz.so.1.3.1.zlib-ng>
1430040 openat(AT_FDCWD</tmp/kernel-audit2-v3r63b5w/\346\261\202\350\247\243\345\231\250>, "/usr/lib/libbrotlienc.so.1", O_RDONLY|O_CLOEXEC) = 3</usr/lib/libbrotlienc.so.1.2.0>
1430040 openat(AT_FDCWD</tmp/kernel-audit2-v3r63b5w/\346\261\202\350\247\243\345\231\250>, "/usr/lib/libbrotlidec.so.1", O_RDONLY|O_CLOEXEC) = 3</usr/lib/libbrotlidec.so.1.2.0>
1430040 openat(AT_FDCWD</tmp/kernel-audit2-v3r63b5w/\346\261\202\350\247\243\345\231\250>, "/usr/lib/libzstd.so.1", O_RDONLY|O_CLOEXEC) = 3</usr/lib/libzstd.so.1.5.7>
1430040 openat(AT_FDCWD</tmp/kernel-audit2-v3r63b5w/\346\261\202\350\247\243\345\231\250>, "/usr/lib/libm.so.6", O_RDONLY|O_CLOEXEC) = 3</usr/lib/libm.so.6>
1430040 openat(AT_FDCWD</tmp/kernel-audit2-v3r63b5w/\346\261\202\350\247\243\345\231\250>, "/usr/lib/libbrotlicommon.so.1", O_RDONLY|O_CLOEXEC) = 3</usr/lib/libbrotlicommon.so.1.2.0>
1430040 openat(AT_FDCWD</tmp/kernel-audit2-v3r63b5w/\346\261\202\350\247\243\345\231\250>, "/usr/lib/locale/locale-archive", O_RDONLY|O_CLOEXEC) = 3</usr/lib/locale/locale-archive>
1430040 openat(AT_FDCWD</tmp/kernel-audit2-v3r63b5w/\346\261\202\350\247\243\345\231\250>, "/usr/share/locale/locale.alias", O_RDONLY|O_CLOEXEC) = 3</usr/share/locale/locale.alias>
1430040 openat(AT_FDCWD</tmp/kernel-audit2-v3r63b5w/\346\261\202\350\247\243\345\231\250>, "/usr/lib/locale/C.UTF-8/LC_IDENTIFICATION", O_RDONLY|O_CLOEXEC) = -1 ENOENT (No such file or directory)
1430040 openat(AT_FDCWD</tmp/kernel-audit2-v3r63b5w/\346\261\202\350\247\243\345\231\250>, "/usr/lib/locale/C.utf8/LC_IDENTIFICATION", O_RDONLY|O_CLOEXEC) = 3</usr/lib/locale/C.utf8/LC_IDENTIFICATION>
1430040 openat(AT_FDCWD</tmp/kernel-audit2-v3r63b5w/\346\261\202\350\247\243\345\231\250>, "/usr/lib/gconv/gconv-modules.cache", O_RDONLY|O_CLOEXEC) = 3</usr/lib/gconv/gconv-modules.cache>
1430040 openat(AT_FDCWD</tmp/kernel-audit2-v3r63b5w/\346\261\202\350\247\243\345\231\250>, "/usr/lib/locale/C.UTF-8/LC_MEASUREMENT", O_RDONLY|O_CLOEXEC) = -1 ENOENT (No such file or directory)
1430040 openat(AT_FDCWD</tmp/kernel-audit2-v3r63b5w/\346\261\202\350\247\243\345\231\250>, "/usr/lib/locale/C.utf8/LC_MEASUREMENT", O_RDONLY|O_CLOEXEC) = 3</usr/lib/locale/C.utf8/LC_MEASUREMENT>
1430040 openat(AT_FDCWD</tmp/kernel-audit2-v3r63b5w/\346\261\202\350\247\243\345\231\250>, "/usr/lib/locale/C.UTF-8/LC_TELEPHONE", O_RDONLY|O_CLOEXEC) = -1 ENOENT (No such file or directory)
1430040 openat(AT_FDCWD</tmp/kernel-audit2-v3r63b5w/\346\261\202\350\247\243\345\231\250>, "/usr/lib/locale/C.utf8/LC_TELEPHONE", O_RDONLY|O_CLOEXEC) = 3</usr/lib/locale/C.utf8/LC_TELEPHONE>
1430040 openat(AT_FDCWD</tmp/kernel-audit2-v3r63b5w/\346\261\202\350\247\243\345\231\250>, "/usr/lib/locale/C.UTF-8/LC_ADDRESS", O_RDONLY|O_CLOEXEC) = -1 ENOENT (No such file or directory)
1430040 openat(AT_FDCWD</tmp/kernel-audit2-v3r63b5w/\346\261\202\350\247\243\345\231\250>, "/usr/lib/locale/C.utf8/LC_ADDRESS", O_RDONLY|O_CLOEXEC) = 3</usr/lib/locale/C.utf8/LC_ADDRESS>
1430040 openat(AT_FDCWD</tmp/kernel-audit2-v3r63b5w/\346\261\202\350\247\243\345\231\250>, "/usr/lib/locale/C.UTF-8/LC_NAME", O_RDONLY|O_CLOEXEC) = -1 ENOENT (No such file or directory)
1430040 openat(AT_FDCWD</tmp/kernel-audit2-v3r63b5w/\346\261\202\350\247\243\345\231\250>, "/usr/lib/locale/C.utf8/LC_NAME", O_RDONLY|O_CLOEXEC) = 3</usr/lib/locale/C.utf8/LC_NAME>
1430040 openat(AT_FDCWD</tmp/kernel-audit2-v3r63b5w/\346\261\202\350\247\243\345\231\250>, "/usr/lib/locale/C.UTF-8/LC_PAPER", O_RDONLY|O_CLOEXEC) = -1 ENOENT (No such file or directory)
1430040 openat(AT_FDCWD</tmp/kernel-audit2-v3r63b5w/\346\261\202\350\247\243\345\231\250>, "/usr/lib/locale/C.utf8/LC_PAPER", O_RDONLY|O_CLOEXEC) = 3</usr/lib/locale/C.utf8/LC_PAPER>
1430040 openat(AT_FDCWD</tmp/kernel-audit2-v3r63b5w/\346\261\202\350\247\243\345\231\250>, "/usr/lib/locale/C.UTF-8/LC_MESSAGES", O_RDONLY|O_CLOEXEC) = -1 ENOENT (No such file or directory)
1430040 openat(AT_FDCWD</tmp/kernel-audit2-v3r63b5w/\346\261\202\350\247\243\345\231\250>, "/usr/lib/locale/C.utf8/LC_MESSAGES", O_RDONLY|O_CLOEXEC) = 3</usr/lib/locale/C.utf8/LC_MESSAGES>
1430040 openat(AT_FDCWD</tmp/kernel-audit2-v3r63b5w/\346\261\202\350\247\243\345\231\250>, "/usr/lib/locale/C.utf8/LC_MESSAGES/SYS_LC_MESSAGES", O_RDONLY|O_CLOEXEC) = 3</usr/lib/locale/C.utf8/LC_MESSAGES/SYS_LC_MESSAGES>
1430040 openat(AT_FDCWD</tmp/kernel-audit2-v3r63b5w/\346\261\202\350\247\243\345\231\250>, "/usr/lib/locale/C.UTF-8/LC_MONETARY", O_RDONLY|O_CLOEXEC) = -1 ENOENT (No such file or directory)
1430040 openat(AT_FDCWD</tmp/kernel-audit2-v3r63b5w/\346\261\202\350\247\243\345\231\250>, "/usr/lib/locale/C.utf8/LC_MONETARY", O_RDONLY|O_CLOEXEC) = 3</usr/lib/locale/C.utf8/LC_MONETARY>
1430040 openat(AT_FDCWD</tmp/kernel-audit2-v3r63b5w/\346\261\202\350\247\243\345\231\250>, "/usr/lib/locale/C.UTF-8/LC_COLLATE", O_RDONLY|O_CLOEXEC) = -1 ENOENT (No such file or directory)
1430040 openat(AT_FDCWD</tmp/kernel-audit2-v3r63b5w/\346\261\202\350\247\243\345\231\250>, "/usr/lib/locale/C.utf8/LC_COLLATE", O_RDONLY|O_CLOEXEC) = 3</usr/lib/locale/C.utf8/LC_COLLATE>
1430040 openat(AT_FDCWD</tmp/kernel-audit2-v3r63b5w/\346\261\202\350\247\243\345\231\250>, "/usr/lib/locale/C.UTF-8/LC_TIME", O_RDONLY|O_CLOEXEC) = -1 ENOENT (No such file or directory)
1430040 openat(AT_FDCWD</tmp/kernel-audit2-v3r63b5w/\346\261\202\350\247\243\345\231\250>, "/usr/lib/locale/C.utf8/LC_TIME", O_RDONLY|O_CLOEXEC) = 3</usr/lib/locale/C.utf8/LC_TIME>
1430040 openat(AT_FDCWD</tmp/kernel-audit2-v3r63b5w/\346\261\202\350\247\243\345\231\250>, "/usr/lib/locale/C.UTF-8/LC_NUMERIC", O_RDONLY|O_CLOEXEC) = -1 ENOENT (No such file or directory)
1430040 openat(AT_FDCWD</tmp/kernel-audit2-v3r63b5w/\346\261\202\350\247\243\345\231\250>, "/usr/lib/locale/C.utf8/LC_NUMERIC", O_RDONLY|O_CLOEXEC) = 3</usr/lib/locale/C.utf8/LC_NUMERIC>
1430040 openat(AT_FDCWD</tmp/kernel-audit2-v3r63b5w/\346\261\202\350\247\243\345\231\250>, "/usr/lib/locale/C.UTF-8/LC_CTYPE", O_RDONLY|O_CLOEXEC) = -1 ENOENT (No such file or directory)
1430040 openat(AT_FDCWD</tmp/kernel-audit2-v3r63b5w/\346\261\202\350\247\243\345\231\250>, "/usr/lib/locale/C.utf8/LC_CTYPE", O_RDONLY|O_CLOEXEC) = 3</usr/lib/locale/C.utf8/LC_CTYPE>
1430040 openat(AT_FDCWD</tmp/kernel-audit2-v3r63b5w/\346\261\202\350\247\243\345\231\250>, "/tmp/kernel-audit2-v3r63b5w/\346\261\202\350\247\243\345\231\250/crates/kernel/src/interfaces.rs", O_RDONLY) = 3</tmp/kernel-audit2-v3r63b5w/\346\261\202\350\247\243\345\231\250/crates/kernel/src/interfaces.rs>
1430014 --- SIGCHLD {si_signo=SIGCHLD, si_code=CLD_EXITED, si_pid=1430040, si_uid=1000, si_status=0, si_utime=0, si_stime=0} ---
1430014 openat(AT_FDCWD</tmp/kernel-audit2-v3r63b5w/\346\261\202\350\247\243\345\231\250>, "/dev/null", O_RDONLY|O_CLOEXEC) = 3</dev/null<char 1:3>>
1430041 execve("/home/zhuran24/.codex/tmp/arg0/codex-arg0DuAZRy/sha256sum", ["sha256sum", "--", "/tmp/kernel-audit2-v3r63b5w/\346\261\202\350\247\243\345\231\250/crates/kernel/src/engine.rs"], 0x7ffe3bafa178 /* 135 vars */) = -1 ENOENT (No such file or directory)
1430041 execve("/home/zhuran24/.cargo/bin/sha256sum", ["sha256sum", "--", "/tmp/kernel-audit2-v3r63b5w/\346\261\202\350\247\243\345\231\250/crates/kernel/src/engine.rs"], 0x7ffe3bafa178 /* 135 vars */) = -1 ENOENT (No such file or directory)
1430041 execve("/home/zhuran24/.local/bin/sha256sum", ["sha256sum", "--", "/tmp/kernel-audit2-v3r63b5w/\346\261\202\350\247\243\345\231\250/crates/kernel/src/engine.rs"], 0x7ffe3bafa178 /* 135 vars */) = -1 ENOENT (No such file or directory)
1430041 execve("/home/zhuran24/.opencode/bin/sha256sum", ["sha256sum", "--", "/tmp/kernel-audit2-v3r63b5w/\346\261\202\350\247\243\345\231\250/crates/kernel/src/engine.rs"], 0x7ffe3bafa178 /* 135 vars */) = -1 ENOENT (No such file or directory)
1430041 execve("/usr/local/bin/sha256sum", ["sha256sum", "--", "/tmp/kernel-audit2-v3r63b5w/\346\261\202\350\247\243\345\231\250/crates/kernel/src/engine.rs"], 0x7ffe3bafa178 /* 135 vars */) = -1 ENOENT (No such file or directory)
1430041 execve("/usr/bin/sha256sum", ["sha256sum", "--", "/tmp/kernel-audit2-v3r63b5w/\346\261\202\350\247\243\345\231\250/crates/kernel/src/engine.rs"], 0x7ffe3bafa178 /* 135 vars */) = 0
1430041 openat(AT_FDCWD</tmp/kernel-audit2-v3r63b5w/\346\261\202\350\247\243\345\231\250>, "/etc/ld.so.cache", O_RDONLY|O_CLOEXEC) = 3</etc/ld.so.cache>
1430041 openat(AT_FDCWD</tmp/kernel-audit2-v3r63b5w/\346\261\202\350\247\243\345\231\250>, "/usr/lib/libcrypto.so.3", O_RDONLY|O_CLOEXEC) = 3</usr/lib/libcrypto.so.3>
1430041 openat(AT_FDCWD</tmp/kernel-audit2-v3r63b5w/\346\261\202\350\247\243\345\231\250>, "/usr/lib/libc.so.6", O_RDONLY|O_CLOEXEC) = 3</usr/lib/libc.so.6>
1430041 openat(AT_FDCWD</tmp/kernel-audit2-v3r63b5w/\346\261\202\350\247\243\345\231\250>, "/usr/lib/libz.so.1", O_RDONLY|O_CLOEXEC) = 3</usr/lib/libz.so.1.3.1.zlib-ng>
1430041 openat(AT_FDCWD</tmp/kernel-audit2-v3r63b5w/\346\261\202\350\247\243\345\231\250>, "/usr/lib/libbrotlienc.so.1", O_RDONLY|O_CLOEXEC) = 3</usr/lib/libbrotlienc.so.1.2.0>
1430041 openat(AT_FDCWD</tmp/kernel-audit2-v3r63b5w/\346\261\202\350\247\243\345\231\250>, "/usr/lib/libbrotlidec.so.1", O_RDONLY|O_CLOEXEC) = 3</usr/lib/libbrotlidec.so.1.2.0>
1430041 openat(AT_FDCWD</tmp/kernel-audit2-v3r63b5w/\346\261\202\350\247\243\345\231\250>, "/usr/lib/libzstd.so.1", O_RDONLY|O_CLOEXEC) = 3</usr/lib/libzstd.so.1.5.7>
1430041 openat(AT_FDCWD</tmp/kernel-audit2-v3r63b5w/\346\261\202\350\247\243\345\231\250>, "/usr/lib/libm.so.6", O_RDONLY|O_CLOEXEC) = 3</usr/lib/libm.so.6>
1430041 openat(AT_FDCWD</tmp/kernel-audit2-v3r63b5w/\346\261\202\350\247\243\345\231\250>, "/usr/lib/libbrotlicommon.so.1", O_RDONLY|O_CLOEXEC) = 3</usr/lib/libbrotlicommon.so.1.2.0>
1430041 openat(AT_FDCWD</tmp/kernel-audit2-v3r63b5w/\346\261\202\350\247\243\345\231\250>, "/usr/lib/locale/locale-archive", O_RDONLY|O_CLOEXEC) = 3</usr/lib/locale/locale-archive>
1430041 openat(AT_FDCWD</tmp/kernel-audit2-v3r63b5w/\346\261\202\350\247\243\345\231\250>, "/usr/share/locale/locale.alias", O_RDONLY|O_CLOEXEC) = 3</usr/share/locale/locale.alias>
1430041 openat(AT_FDCWD</tmp/kernel-audit2-v3r63b5w/\346\261\202\350\247\243\345\231\250>, "/usr/lib/locale/C.UTF-8/LC_IDENTIFICATION", O_RDONLY|O_CLOEXEC) = -1 ENOENT (No such file or directory)
1430041 openat(AT_FDCWD</tmp/kernel-audit2-v3r63b5w/\346\261\202\350\247\243\345\231\250>, "/usr/lib/locale/C.utf8/LC_IDENTIFICATION", O_RDONLY|O_CLOEXEC) = 3</usr/lib/locale/C.utf8/LC_IDENTIFICATION>
1430041 openat(AT_FDCWD</tmp/kernel-audit2-v3r63b5w/\346\261\202\350\247\243\345\231\250>, "/usr/lib/gconv/gconv-modules.cache", O_RDONLY|O_CLOEXEC) = 3</usr/lib/gconv/gconv-modules.cache>
1430041 openat(AT_FDCWD</tmp/kernel-audit2-v3r63b5w/\346\261\202\350\247\243\345\231\250>, "/usr/lib/locale/C.UTF-8/LC_MEASUREMENT", O_RDONLY|O_CLOEXEC) = -1 ENOENT (No such file or directory)
1430041 openat(AT_FDCWD</tmp/kernel-audit2-v3r63b5w/\346\261\202\350\247\243\345\231\250>, "/usr/lib/locale/C.utf8/LC_MEASUREMENT", O_RDONLY|O_CLOEXEC) = 3</usr/lib/locale/C.utf8/LC_MEASUREMENT>
1430041 openat(AT_FDCWD</tmp/kernel-audit2-v3r63b5w/\346\261\202\350\247\243\345\231\250>, "/usr/lib/locale/C.UTF-8/LC_TELEPHONE", O_RDONLY|O_CLOEXEC) = -1 ENOENT (No such file or directory)
1430041 openat(AT_FDCWD</tmp/kernel-audit2-v3r63b5w/\346\261\202\350\247\243\345\231\250>, "/usr/lib/locale/C.utf8/LC_TELEPHONE", O_RDONLY|O_CLOEXEC) = 3</usr/lib/locale/C.utf8/LC_TELEPHONE>
1430041 openat(AT_FDCWD</tmp/kernel-audit2-v3r63b5w/\346\261\202\350\247\243\345\231\250>, "/usr/lib/locale/C.UTF-8/LC_ADDRESS", O_RDONLY|O_CLOEXEC) = -1 ENOENT (No such file or directory)
1430041 openat(AT_FDCWD</tmp/kernel-audit2-v3r63b5w/\346\261\202\350\247\243\345\231\250>, "/usr/lib/locale/C.utf8/LC_ADDRESS", O_RDONLY|O_CLOEXEC) = 3</usr/lib/locale/C.utf8/LC_ADDRESS>
1430041 openat(AT_FDCWD</tmp/kernel-audit2-v3r63b5w/\346\261\202\350\247\243\345\231\250>, "/usr/lib/locale/C.UTF-8/LC_NAME", O_RDONLY|O_CLOEXEC) = -1 ENOENT (No such file or directory)
1430041 openat(AT_FDCWD</tmp/kernel-audit2-v3r63b5w/\346\261\202\350\247\243\345\231\250>, "/usr/lib/locale/C.utf8/LC_NAME", O_RDONLY|O_CLOEXEC) = 3</usr/lib/locale/C.utf8/LC_NAME>
1430041 openat(AT_FDCWD</tmp/kernel-audit2-v3r63b5w/\346\261\202\350\247\243\345\231\250>, "/usr/lib/locale/C.UTF-8/LC_PAPER", O_RDONLY|O_CLOEXEC) = -1 ENOENT (No such file or directory)
1430041 openat(AT_FDCWD</tmp/kernel-audit2-v3r63b5w/\346\261\202\350\247\243\345\231\250>, "/usr/lib/locale/C.utf8/LC_PAPER", O_RDONLY|O_CLOEXEC) = 3</usr/lib/locale/C.utf8/LC_PAPER>
1430041 openat(AT_FDCWD</tmp/kernel-audit2-v3r63b5w/\346\261\202\350\247\243\345\231\250>, "/usr/lib/locale/C.UTF-8/LC_MESSAGES", O_RDONLY|O_CLOEXEC) = -1 ENOENT (No such file or directory)
1430041 openat(AT_FDCWD</tmp/kernel-audit2-v3r63b5w/\346\261\202\350\247\243\345\231\250>, "/usr/lib/locale/C.utf8/LC_MESSAGES", O_RDONLY|O_CLOEXEC) = 3</usr/lib/locale/C.utf8/LC_MESSAGES>
1430041 openat(AT_FDCWD</tmp/kernel-audit2-v3r63b5w/\346\261\202\350\247\243\345\231\250>, "/usr/lib/locale/C.utf8/LC_MESSAGES/SYS_LC_MESSAGES", O_RDONLY|O_CLOEXEC) = 3</usr/lib/locale/C.utf8/LC_MESSAGES/SYS_LC_MESSAGES>
1430041 openat(AT_FDCWD</tmp/kernel-audit2-v3r63b5w/\346\261\202\350\247\243\345\231\250>, "/usr/lib/locale/C.UTF-8/LC_MONETARY", O_RDONLY|O_CLOEXEC) = -1 ENOENT (No such file or directory)
1430041 openat(AT_FDCWD</tmp/kernel-audit2-v3r63b5w/\346\261\202\350\247\243\345\231\250>, "/usr/lib/locale/C.utf8/LC_MONETARY", O_RDONLY|O_CLOEXEC) = 3</usr/lib/locale/C.utf8/LC_MONETARY>
1430041 openat(AT_FDCWD</tmp/kernel-audit2-v3r63b5w/\346\261\202\350\247\243\345\231\250>, "/usr/lib/locale/C.UTF-8/LC_COLLATE", O_RDONLY|O_CLOEXEC) = -1 ENOENT (No such file or directory)
1430041 openat(AT_FDCWD</tmp/kernel-audit2-v3r63b5w/\346\261\202\350\247\243\345\231\250>, "/usr/lib/locale/C.utf8/LC_COLLATE", O_RDONLY|O_CLOEXEC) = 3</usr/lib/locale/C.utf8/LC_COLLATE>
1430041 openat(AT_FDCWD</tmp/kernel-audit2-v3r63b5w/\346\261\202\350\247\243\345\231\250>, "/usr/lib/locale/C.UTF-8/LC_TIME", O_RDONLY|O_CLOEXEC) = -1 ENOENT (No such file or directory)
1430041 openat(AT_FDCWD</tmp/kernel-audit2-v3r63b5w/\346\261\202\350\247\243\345\231\250>, "/usr/lib/locale/C.utf8/LC_TIME", O_RDONLY|O_CLOEXEC) = 3</usr/lib/locale/C.utf8/LC_TIME>
1430041 openat(AT_FDCWD</tmp/kernel-audit2-v3r63b5w/\346\261\202\350\247\243\345\231\250>, "/usr/lib/locale/C.UTF-8/LC_NUMERIC", O_RDONLY|O_CLOEXEC) = -1 ENOENT (No such file or directory)
1430041 openat(AT_FDCWD</tmp/kernel-audit2-v3r63b5w/\346\261\202\350\247\243\345\231\250>, "/usr/lib/locale/C.utf8/LC_NUMERIC", O_RDONLY|O_CLOEXEC) = 3</usr/lib/locale/C.utf8/LC_NUMERIC>
1430041 openat(AT_FDCWD</tmp/kernel-audit2-v3r63b5w/\346\261\202\350\247\243\345\231\250>, "/usr/lib/locale/C.UTF-8/LC_CTYPE", O_RDONLY|O_CLOEXEC) = -1 ENOENT (No such file or directory)
1430041 openat(AT_FDCWD</tmp/kernel-audit2-v3r63b5w/\346\261\202\350\247\243\345\231\250>, "/usr/lib/locale/C.utf8/LC_CTYPE", O_RDONLY|O_CLOEXEC) = 3</usr/lib/locale/C.utf8/LC_CTYPE>
1430041 openat(AT_FDCWD</tmp/kernel-audit2-v3r63b5w/\346\261\202\350\247\243\345\231\250>, "/tmp/kernel-audit2-v3r63b5w/\346\261\202\350\247\243\345\231\250/crates/kernel/src/engine.rs", O_RDONLY) = 3</tmp/kernel-audit2-v3r63b5w/\346\261\202\350\247\243\345\231\250/crates/kernel/src/engine.rs>
1430014 --- SIGCHLD {si_signo=SIGCHLD, si_code=CLD_EXITED, si_pid=1430041, si_uid=1000, si_status=0, si_utime=0, si_stime=0} ---
1430014 openat(AT_FDCWD</tmp/kernel-audit2-v3r63b5w/\346\261\202\350\247\243\345\231\250>, "/dev/null", O_RDONLY|O_CLOEXEC) = 3</dev/null<char 1:3>>
1430042 execve("/home/zhuran24/.codex/tmp/arg0/codex-arg0DuAZRy/sha256sum", ["sha256sum", "--", "/tmp/kernel-audit2-v3r63b5w/\346\261\202\350\247\243\345\231\250/crates/kernel/src/event_identity.rs"], 0x7ffe3bafa178 /* 135 vars */) = -1 ENOENT (No such file or directory)
1430042 execve("/home/zhuran24/.cargo/bin/sha256sum", ["sha256sum", "--", "/tmp/kernel-audit2-v3r63b5w/\346\261\202\350\247\243\345\231\250/crates/kernel/src/event_identity.rs"], 0x7ffe3bafa178 /* 135 vars */) = -1 ENOENT (No such file or directory)
1430042 execve("/home/zhuran24/.local/bin/sha256sum", ["sha256sum", "--", "/tmp/kernel-audit2-v3r63b5w/\346\261\202\350\247\243\345\231\250/crates/kernel/src/event_identity.rs"], 0x7ffe3bafa178 /* 135 vars */) = -1 ENOENT (No such file or directory)
1430042 execve("/home/zhuran24/.opencode/bin/sha256sum", ["sha256sum", "--", "/tmp/kernel-audit2-v3r63b5w/\346\261\202\350\247\243\345\231\250/crates/kernel/src/event_identity.rs"], 0x7ffe3bafa178 /* 135 vars */) = -1 ENOENT (No such file or directory)
1430042 execve("/usr/local/bin/sha256sum", ["sha256sum", "--", "/tmp/kernel-audit2-v3r63b5w/\346\261\202\350\247\243\345\231\250/crates/kernel/src/event_identity.rs"], 0x7ffe3bafa178 /* 135 vars */) = -1 ENOENT (No such file or directory)
1430042 execve("/usr/bin/sha256sum", ["sha256sum", "--", "/tmp/kernel-audit2-v3r63b5w/\346\261\202\350\247\243\345\231\250/crates/kernel/src/event_identity.rs"], 0x7ffe3bafa178 /* 135 vars */) = 0
1430042 openat(AT_FDCWD</tmp/kernel-audit2-v3r63b5w/\346\261\202\350\247\243\345\231\250>, "/etc/ld.so.cache", O_RDONLY|O_CLOEXEC) = 3</etc/ld.so.cache>
1430042 openat(AT_FDCWD</tmp/kernel-audit2-v3r63b5w/\346\261\202\350\247\243\345\231\250>, "/usr/lib/libcrypto.so.3", O_RDONLY|O_CLOEXEC) = 3</usr/lib/libcrypto.so.3>
1430042 openat(AT_FDCWD</tmp/kernel-audit2-v3r63b5w/\346\261\202\350\247\243\345\231\250>, "/usr/lib/libc.so.6", O_RDONLY|O_CLOEXEC) = 3</usr/lib/libc.so.6>
1430042 openat(AT_FDCWD</tmp/kernel-audit2-v3r63b5w/\346\261\202\350\247\243\345\231\250>, "/usr/lib/libz.so.1", O_RDONLY|O_CLOEXEC) = 3</usr/lib/libz.so.1.3.1.zlib-ng>
1430042 openat(AT_FDCWD</tmp/kernel-audit2-v3r63b5w/\346\261\202\350\247\243\345\231\250>, "/usr/lib/libbrotlienc.so.1", O_RDONLY|O_CLOEXEC) = 3</usr/lib/libbrotlienc.so.1.2.0>
1430042 openat(AT_FDCWD</tmp/kernel-audit2-v3r63b5w/\346\261\202\350\247\243\345\231\250>, "/usr/lib/libbrotlidec.so.1", O_RDONLY|O_CLOEXEC) = 3</usr/lib/libbrotlidec.so.1.2.0>
1430042 openat(AT_FDCWD</tmp/kernel-audit2-v3r63b5w/\346\261\202\350\247\243\345\231\250>, "/usr/lib/libzstd.so.1", O_RDONLY|O_CLOEXEC) = 3</usr/lib/libzstd.so.1.5.7>
1430042 openat(AT_FDCWD</tmp/kernel-audit2-v3r63b5w/\346\261\202\350\247\243\345\231\250>, "/usr/lib/libm.so.6", O_RDONLY|O_CLOEXEC) = 3</usr/lib/libm.so.6>
1430042 openat(AT_FDCWD</tmp/kernel-audit2-v3r63b5w/\346\261\202\350\247\243\345\231\250>, "/usr/lib/libbrotlicommon.so.1", O_RDONLY|O_CLOEXEC) = 3</usr/lib/libbrotlicommon.so.1.2.0>
1430042 openat(AT_FDCWD</tmp/kernel-audit2-v3r63b5w/\346\261\202\350\247\243\345\231\250>, "/usr/lib/locale/locale-archive", O_RDONLY|O_CLOEXEC) = 3</usr/lib/locale/locale-archive>
1430042 openat(AT_FDCWD</tmp/kernel-audit2-v3r63b5w/\346\261\202\350\247\243\345\231\250>, "/usr/share/locale/locale.alias", O_RDONLY|O_CLOEXEC) = 3</usr/share/locale/locale.alias>
1430042 openat(AT_FDCWD</tmp/kernel-audit2-v3r63b5w/\346\261\202\350\247\243\345\231\250>, "/usr/lib/locale/C.UTF-8/LC_IDENTIFICATION", O_RDONLY|O_CLOEXEC) = -1 ENOENT (No such file or directory)
1430042 openat(AT_FDCWD</tmp/kernel-audit2-v3r63b5w/\346\261\202\350\247\243\345\231\250>, "/usr/lib/locale/C.utf8/LC_IDENTIFICATION", O_RDONLY|O_CLOEXEC) = 3</usr/lib/locale/C.utf8/LC_IDENTIFICATION>
1430042 openat(AT_FDCWD</tmp/kernel-audit2-v3r63b5w/\346\261\202\350\247\243\345\231\250>, "/usr/lib/gconv/gconv-modules.cache", O_RDONLY|O_CLOEXEC) = 3</usr/lib/gconv/gconv-modules.cache>
1430042 openat(AT_FDCWD</tmp/kernel-audit2-v3r63b5w/\346\261\202\350\247\243\345\231\250>, "/usr/lib/locale/C.UTF-8/LC_MEASUREMENT", O_RDONLY|O_CLOEXEC) = -1 ENOENT (No such file or directory)
1430042 openat(AT_FDCWD</tmp/kernel-audit2-v3r63b5w/\346\261\202\350\247\243\345\231\250>, "/usr/lib/locale/C.utf8/LC_MEASUREMENT", O_RDONLY|O_CLOEXEC) = 3</usr/lib/locale/C.utf8/LC_MEASUREMENT>
1430042 openat(AT_FDCWD</tmp/kernel-audit2-v3r63b5w/\346\261\202\350\247\243\345\231\250>, "/usr/lib/locale/C.UTF-8/LC_TELEPHONE", O_RDONLY|O_CLOEXEC) = -1 ENOENT (No such file or directory)
1430042 openat(AT_FDCWD</tmp/kernel-audit2-v3r63b5w/\346\261\202\350\247\243\345\231\250>, "/usr/lib/locale/C.utf8/LC_TELEPHONE", O_RDONLY|O_CLOEXEC) = 3</usr/lib/locale/C.utf8/LC_TELEPHONE>
1430042 openat(AT_FDCWD</tmp/kernel-audit2-v3r63b5w/\346\261\202\350\247\243\345\231\250>, "/usr/lib/locale/C.UTF-8/LC_ADDRESS", O_RDONLY|O_CLOEXEC) = -1 ENOENT (No such file or directory)
1430042 openat(AT_FDCWD</tmp/kernel-audit2-v3r63b5w/\346\261\202\350\247\243\345\231\250>, "/usr/lib/locale/C.utf8/LC_ADDRESS", O_RDONLY|O_CLOEXEC) = 3</usr/lib/locale/C.utf8/LC_ADDRESS>
1430042 openat(AT_FDCWD</tmp/kernel-audit2-v3r63b5w/\346\261\202\350\247\243\345\231\250>, "/usr/lib/locale/C.UTF-8/LC_NAME", O_RDONLY|O_CLOEXEC) = -1 ENOENT (No such file or directory)
1430042 openat(AT_FDCWD</tmp/kernel-audit2-v3r63b5w/\346\261\202\350\247\243\345\231\250>, "/usr/lib/locale/C.utf8/LC_NAME", O_RDONLY|O_CLOEXEC) = 3</usr/lib/locale/C.utf8/LC_NAME>
1430042 openat(AT_FDCWD</tmp/kernel-audit2-v3r63b5w/\346\261\202\350\247\243\345\231\250>, "/usr/lib/locale/C.UTF-8/LC_PAPER", O_RDONLY|O_CLOEXEC) = -1 ENOENT (No such file or directory)
1430042 openat(AT_FDCWD</tmp/kernel-audit2-v3r63b5w/\346\261\202\350\247\243\345\231\250>, "/usr/lib/locale/C.utf8/LC_PAPER", O_RDONLY|O_CLOEXEC) = 3</usr/lib/locale/C.utf8/LC_PAPER>
1430042 openat(AT_FDCWD</tmp/kernel-audit2-v3r63b5w/\346\261\202\350\247\243\345\231\250>, "/usr/lib/locale/C.UTF-8/LC_MESSAGES", O_RDONLY|O_CLOEXEC) = -1 ENOENT (No such file or directory)
1430042 openat(AT_FDCWD</tmp/kernel-audit2-v3r63b5w/\346\261\202\350\247\243\345\231\250>, "/usr/lib/locale/C.utf8/LC_MESSAGES", O_RDONLY|O_CLOEXEC) = 3</usr/lib/locale/C.utf8/LC_MESSAGES>
1430042 openat(AT_FDCWD</tmp/kernel-audit2-v3r63b5w/\346\261\202\350\247\243\345\231\250>, "/usr/lib/locale/C.utf8/LC_MESSAGES/SYS_LC_MESSAGES", O_RDONLY|O_CLOEXEC) = 3</usr/lib/locale/C.utf8/LC_MESSAGES/SYS_LC_MESSAGES>
1430042 openat(AT_FDCWD</tmp/kernel-audit2-v3r63b5w/\346\261\202\350\247\243\345\231\250>, "/usr/lib/locale/C.UTF-8/LC_MONETARY", O_RDONLY|O_CLOEXEC) = -1 ENOENT (No such file or directory)
1430042 openat(AT_FDCWD</tmp/kernel-audit2-v3r63b5w/\346\261\202\350\247\243\345\231\250>, "/usr/lib/locale/C.utf8/LC_MONETARY", O_RDONLY|O_CLOEXEC) = 3</usr/lib/locale/C.utf8/LC_MONETARY>
1430042 openat(AT_FDCWD</tmp/kernel-audit2-v3r63b5w/\346\261\202\350\247\243\345\231\250>, "/usr/lib/locale/C.UTF-8/LC_COLLATE", O_RDONLY|O_CLOEXEC) = -1 ENOENT (No such file or directory)
1430042 openat(AT_FDCWD</tmp/kernel-audit2-v3r63b5w/\346\261\202\350\247\243\345\231\250>, "/usr/lib/locale/C.utf8/LC_COLLATE", O_RDONLY|O_CLOEXEC) = 3</usr/lib/locale/C.utf8/LC_COLLATE>
1430042 openat(AT_FDCWD</tmp/kernel-audit2-v3r63b5w/\346\261\202\350\247\243\345\231\250>, "/usr/lib/locale/C.UTF-8/LC_TIME", O_RDONLY|O_CLOEXEC) = -1 ENOENT (No such file or directory)
1430042 openat(AT_FDCWD</tmp/kernel-audit2-v3r63b5w/\346\261\202\350\247\243\345\231\250>, "/usr/lib/locale/C.utf8/LC_TIME", O_RDONLY|O_CLOEXEC) = 3</usr/lib/locale/C.utf8/LC_TIME>
1430042 openat(AT_FDCWD</tmp/kernel-audit2-v3r63b5w/\346\261\202\350\247\243\345\231\250>, "/usr/lib/locale/C.UTF-8/LC_NUMERIC", O_RDONLY|O_CLOEXEC) = -1 ENOENT (No such file or directory)
1430042 openat(AT_FDCWD</tmp/kernel-audit2-v3r63b5w/\346\261\202\350\247\243\345\231\250>, "/usr/lib/locale/C.utf8/LC_NUMERIC", O_RDONLY|O_CLOEXEC) = 3</usr/lib/locale/C.utf8/LC_NUMERIC>
1430042 openat(AT_FDCWD</tmp/kernel-audit2-v3r63b5w/\346\261\202\350\247\243\345\231\250>, "/usr/lib/locale/C.UTF-8/LC_CTYPE", O_RDONLY|O_CLOEXEC) = -1 ENOENT (No such file or directory)
1430042 openat(AT_FDCWD</tmp/kernel-audit2-v3r63b5w/\346\261\202\350\247\243\345\231\250>, "/usr/lib/locale/C.utf8/LC_CTYPE", O_RDONLY|O_CLOEXEC) = 3</usr/lib/locale/C.utf8/LC_CTYPE>
1430042 openat(AT_FDCWD</tmp/kernel-audit2-v3r63b5w/\346\261\202\350\247\243\345\231\250>, "/tmp/kernel-audit2-v3r63b5w/\346\261\202\350\247\243\345\231\250/crates/kernel/src/event_identity.rs", O_RDONLY) = 3</tmp/kernel-audit2-v3r63b5w/\346\261\202\350\247\243\345\231\250/crates/kernel/src/event_identity.rs>
1430014 --- SIGCHLD {si_signo=SIGCHLD, si_code=CLD_EXITED, si_pid=1430042, si_uid=1000, si_status=0, si_utime=0, si_stime=0} ---
1430014 openat(AT_FDCWD</tmp/kernel-audit2-v3r63b5w/\346\261\202\350\247\243\345\231\250>, "/dev/null", O_RDONLY|O_CLOEXEC) = 3</dev/null<char 1:3>>
1430043 execve("/home/zhuran24/.codex/tmp/arg0/codex-arg0DuAZRy/sha256sum", ["sha256sum", "--", "/tmp/kernel-audit2-v3r63b5w/\346\261\202\350\247\243\345\231\250/crates/kernel/src/warehouse.rs"], 0x7ffe3bafa178 /* 135 vars */) = -1 ENOENT (No such file or directory)
1430043 execve("/home/zhuran24/.cargo/bin/sha256sum", ["sha256sum", "--", "/tmp/kernel-audit2-v3r63b5w/\346\261\202\350\247\243\345\231\250/crates/kernel/src/warehouse.rs"], 0x7ffe3bafa178 /* 135 vars */) = -1 ENOENT (No such file or directory)
1430043 execve("/home/zhuran24/.local/bin/sha256sum", ["sha256sum", "--", "/tmp/kernel-audit2-v3r63b5w/\346\261\202\350\247\243\345\231\250/crates/kernel/src/warehouse.rs"], 0x7ffe3bafa178 /* 135 vars */) = -1 ENOENT (No such file or directory)
1430043 execve("/home/zhuran24/.opencode/bin/sha256sum", ["sha256sum", "--", "/tmp/kernel-audit2-v3r63b5w/\346\261\202\350\247\243\345\231\250/crates/kernel/src/warehouse.rs"], 0x7ffe3bafa178 /* 135 vars */) = -1 ENOENT (No such file or directory)
1430043 execve("/usr/local/bin/sha256sum", ["sha256sum", "--", "/tmp/kernel-audit2-v3r63b5w/\346\261\202\350\247\243\345\231\250/crates/kernel/src/warehouse.rs"], 0x7ffe3bafa178 /* 135 vars */) = -1 ENOENT (No such file or directory)
1430043 execve("/usr/bin/sha256sum", ["sha256sum", "--", "/tmp/kernel-audit2-v3r63b5w/\346\261\202\350\247\243\345\231\250/crates/kernel/src/warehouse.rs"], 0x7ffe3bafa178 /* 135 vars */) = 0
1430043 openat(AT_FDCWD</tmp/kernel-audit2-v3r63b5w/\346\261\202\350\247\243\345\231\250>, "/etc/ld.so.cache", O_RDONLY|O_CLOEXEC) = 3</etc/ld.so.cache>
1430043 openat(AT_FDCWD</tmp/kernel-audit2-v3r63b5w/\346\261\202\350\247\243\345\231\250>, "/usr/lib/libcrypto.so.3", O_RDONLY|O_CLOEXEC) = 3</usr/lib/libcrypto.so.3>
1430043 openat(AT_FDCWD</tmp/kernel-audit2-v3r63b5w/\346\261\202\350\247\243\345\231\250>, "/usr/lib/libc.so.6", O_RDONLY|O_CLOEXEC) = 3</usr/lib/libc.so.6>
1430043 openat(AT_FDCWD</tmp/kernel-audit2-v3r63b5w/\346\261\202\350\247\243\345\231\250>, "/usr/lib/libz.so.1", O_RDONLY|O_CLOEXEC) = 3</usr/lib/libz.so.1.3.1.zlib-ng>
1430043 openat(AT_FDCWD</tmp/kernel-audit2-v3r63b5w/\346\261\202\350\247\243\345\231\250>, "/usr/lib/libbrotlienc.so.1", O_RDONLY|O_CLOEXEC) = 3</usr/lib/libbrotlienc.so.1.2.0>
1430043 openat(AT_FDCWD</tmp/kernel-audit2-v3r63b5w/\346\261\202\350\247\243\345\231\250>, "/usr/lib/libbrotlidec.so.1", O_RDONLY|O_CLOEXEC) = 3</usr/lib/libbrotlidec.so.1.2.0>
1430043 openat(AT_FDCWD</tmp/kernel-audit2-v3r63b5w/\346\261\202\350\247\243\345\231\250>, "/usr/lib/libzstd.so.1", O_RDONLY|O_CLOEXEC) = 3</usr/lib/libzstd.so.1.5.7>
1430043 openat(AT_FDCWD</tmp/kernel-audit2-v3r63b5w/\346\261\202\350\247\243\345\231\250>, "/usr/lib/libm.so.6", O_RDONLY|O_CLOEXEC) = 3</usr/lib/libm.so.6>
1430043 openat(AT_FDCWD</tmp/kernel-audit2-v3r63b5w/\346\261\202\350\247\243\345\231\250>, "/usr/lib/libbrotlicommon.so.1", O_RDONLY|O_CLOEXEC) = 3</usr/lib/libbrotlicommon.so.1.2.0>
1430043 openat(AT_FDCWD</tmp/kernel-audit2-v3r63b5w/\346\261\202\350\247\243\345\231\250>, "/usr/lib/locale/locale-archive", O_RDONLY|O_CLOEXEC) = 3</usr/lib/locale/locale-archive>
1430043 openat(AT_FDCWD</tmp/kernel-audit2-v3r63b5w/\346\261\202\350\247\243\345\231\250>, "/usr/share/locale/locale.alias", O_RDONLY|O_CLOEXEC) = 3</usr/share/locale/locale.alias>
1430043 openat(AT_FDCWD</tmp/kernel-audit2-v3r63b5w/\346\261\202\350\247\243\345\231\250>, "/usr/lib/locale/C.UTF-8/LC_IDENTIFICATION", O_RDONLY|O_CLOEXEC) = -1 ENOENT (No such file or directory)
1430043 openat(AT_FDCWD</tmp/kernel-audit2-v3r63b5w/\346\261\202\350\247\243\345\231\250>, "/usr/lib/locale/C.utf8/LC_IDENTIFICATION", O_RDONLY|O_CLOEXEC) = 3</usr/lib/locale/C.utf8/LC_IDENTIFICATION>
1430043 openat(AT_FDCWD</tmp/kernel-audit2-v3r63b5w/\346\261\202\350\247\243\345\231\250>, "/usr/lib/gconv/gconv-modules.cache", O_RDONLY|O_CLOEXEC) = 3</usr/lib/gconv/gconv-modules.cache>
1430043 openat(AT_FDCWD</tmp/kernel-audit2-v3r63b5w/\346\261\202\350\247\243\345\231\250>, "/usr/lib/locale/C.UTF-8/LC_MEASUREMENT", O_RDONLY|O_CLOEXEC) = -1 ENOENT (No such file or directory)
1430043 openat(AT_FDCWD</tmp/kernel-audit2-v3r63b5w/\346\261\202\350\247\243\345\231\250>, "/usr/lib/locale/C.utf8/LC_MEASUREMENT", O_RDONLY|O_CLOEXEC) = 3</usr/lib/locale/C.utf8/LC_MEASUREMENT>
1430043 openat(AT_FDCWD</tmp/kernel-audit2-v3r63b5w/\346\261\202\350\247\243\345\231\250>, "/usr/lib/locale/C.UTF-8/LC_TELEPHONE", O_RDONLY|O_CLOEXEC) = -1 ENOENT (No such file or directory)
1430043 openat(AT_FDCWD</tmp/kernel-audit2-v3r63b5w/\346\261\202\350\247\243\345\231\250>, "/usr/lib/locale/C.utf8/LC_TELEPHONE", O_RDONLY|O_CLOEXEC) = 3</usr/lib/locale/C.utf8/LC_TELEPHONE>
1430043 openat(AT_FDCWD</tmp/kernel-audit2-v3r63b5w/\346\261\202\350\247\243\345\231\250>, "/usr/lib/locale/C.UTF-8/LC_ADDRESS", O_RDONLY|O_CLOEXEC) = -1 ENOENT (No such file or directory)
1430043 openat(AT_FDCWD</tmp/kernel-audit2-v3r63b5w/\346\261\202\350\247\243\345\231\250>, "/usr/lib/locale/C.utf8/LC_ADDRESS", O_RDONLY|O_CLOEXEC) = 3</usr/lib/locale/C.utf8/LC_ADDRESS>
1430043 openat(AT_FDCWD</tmp/kernel-audit2-v3r63b5w/\346\261\202\350\247\243\345\231\250>, "/usr/lib/locale/C.UTF-8/LC_NAME", O_RDONLY|O_CLOEXEC) = -1 ENOENT (No such file or directory)
1430043 openat(AT_FDCWD</tmp/kernel-audit2-v3r63b5w/\346\261\202\350\247\243\345\231\250>, "/usr/lib/locale/C.utf8/LC_NAME", O_RDONLY|O_CLOEXEC) = 3</usr/lib/locale/C.utf8/LC_NAME>
1430043 openat(AT_FDCWD</tmp/kernel-audit2-v3r63b5w/\346\261\202\350\247\243\345\231\250>, "/usr/lib/locale/C.UTF-8/LC_PAPER", O_RDONLY|O_CLOEXEC) = -1 ENOENT (No such file or directory)
1430043 openat(AT_FDCWD</tmp/kernel-audit2-v3r63b5w/\346\261\202\350\247\243\345\231\250>, "/usr/lib/locale/C.utf8/LC_PAPER", O_RDONLY|O_CLOEXEC) = 3</usr/lib/locale/C.utf8/LC_PAPER>
1430043 openat(AT_FDCWD</tmp/kernel-audit2-v3r63b5w/\346\261\202\350\247\243\345\231\250>, "/usr/lib/locale/C.UTF-8/LC_MESSAGES", O_RDONLY|O_CLOEXEC) = -1 ENOENT (No such file or directory)
1430043 openat(AT_FDCWD</tmp/kernel-audit2-v3r63b5w/\346\261\202\350\247\243\345\231\250>, "/usr/lib/locale/C.utf8/LC_MESSAGES", O_RDONLY|O_CLOEXEC) = 3</usr/lib/locale/C.utf8/LC_MESSAGES>
1430043 openat(AT_FDCWD</tmp/kernel-audit2-v3r63b5w/\346\261\202\350\247\243\345\231\250>, "/usr/lib/locale/C.utf8/LC_MESSAGES/SYS_LC_MESSAGES", O_RDONLY|O_CLOEXEC) = 3</usr/lib/locale/C.utf8/LC_MESSAGES/SYS_LC_MESSAGES>
1430043 openat(AT_FDCWD</tmp/kernel-audit2-v3r63b5w/\346\261\202\350\247\243\345\231\250>, "/usr/lib/locale/C.UTF-8/LC_MONETARY", O_RDONLY|O_CLOEXEC) = -1 ENOENT (No such file or directory)
1430043 openat(AT_FDCWD</tmp/kernel-audit2-v3r63b5w/\346\261\202\350\247\243\345\231\250>, "/usr/lib/locale/C.utf8/LC_MONETARY", O_RDONLY|O_CLOEXEC) = 3</usr/lib/locale/C.utf8/LC_MONETARY>
1430043 openat(AT_FDCWD</tmp/kernel-audit2-v3r63b5w/\346\261\202\350\247\243\345\231\250>, "/usr/lib/locale/C.UTF-8/LC_COLLATE", O_RDONLY|O_CLOEXEC) = -1 ENOENT (No such file or directory)
1430043 openat(AT_FDCWD</tmp/kernel-audit2-v3r63b5w/\346\261\202\350\247\243\345\231\250>, "/usr/lib/locale/C.utf8/LC_COLLATE", O_RDONLY|O_CLOEXEC) = 3</usr/lib/locale/C.utf8/LC_COLLATE>
1430043 openat(AT_FDCWD</tmp/kernel-audit2-v3r63b5w/\346\261\202\350\247\243\345\231\250>, "/usr/lib/locale/C.UTF-8/LC_TIME", O_RDONLY|O_CLOEXEC) = -1 ENOENT (No such file or directory)
1430043 openat(AT_FDCWD</tmp/kernel-audit2-v3r63b5w/\346\261\202\350\247\243\345\231\250>, "/usr/lib/locale/C.utf8/LC_TIME", O_RDONLY|O_CLOEXEC) = 3</usr/lib/locale/C.utf8/LC_TIME>
1430043 openat(AT_FDCWD</tmp/kernel-audit2-v3r63b5w/\346\261\202\350\247\243\345\231\250>, "/usr/lib/locale/C.UTF-8/LC_NUMERIC", O_RDONLY|O_CLOEXEC) = -1 ENOENT (No such file or directory)
1430043 openat(AT_FDCWD</tmp/kernel-audit2-v3r63b5w/\346\261\202\350\247\243\345\231\250>, "/usr/lib/locale/C.utf8/LC_NUMERIC", O_RDONLY|O_CLOEXEC) = 3</usr/lib/locale/C.utf8/LC_NUMERIC>
1430043 openat(AT_FDCWD</tmp/kernel-audit2-v3r63b5w/\346\261\202\350\247\243\345\231\250>, "/usr/lib/locale/C.UTF-8/LC_CTYPE", O_RDONLY|O_CLOEXEC) = -1 ENOENT (No such file or directory)
1430043 openat(AT_FDCWD</tmp/kernel-audit2-v3r63b5w/\346\261\202\350\247\243\345\231\250>, "/usr/lib/locale/C.utf8/LC_CTYPE", O_RDONLY|O_CLOEXEC) = 3</usr/lib/locale/C.utf8/LC_CTYPE>
1430043 openat(AT_FDCWD</tmp/kernel-audit2-v3r63b5w/\346\261\202\350\247\243\345\231\250>, "/tmp/kernel-audit2-v3r63b5w/\346\261\202\350\247\243\345\231\250/crates/kernel/src/warehouse.rs", O_RDONLY) = 3</tmp/kernel-audit2-v3r63b5w/\346\261\202\350\247\243\345\231\250/crates/kernel/src/warehouse.rs>
1430014 --- SIGCHLD {si_signo=SIGCHLD, si_code=CLD_EXITED, si_pid=1430043, si_uid=1000, si_status=0, si_utime=0, si_stime=0} ---
1430014 openat(AT_FDCWD</tmp/kernel-audit2-v3r63b5w/\346\261\202\350\247\243\345\231\250>, "/dev/null", O_RDONLY|O_CLOEXEC) = 3</dev/null<char 1:3>>
1430044 execve("/home/zhuran24/.codex/tmp/arg0/codex-arg0DuAZRy/sha256sum", ["sha256sum", "--", "/tmp/kernel-audit2-v3r63b5w/\346\261\202\350\247\243\345\231\250/crates/kernel/src/polling.rs"], 0x7ffe3bafa178 /* 135 vars */) = -1 ENOENT (No such file or directory)
1430044 execve("/home/zhuran24/.cargo/bin/sha256sum", ["sha256sum", "--", "/tmp/kernel-audit2-v3r63b5w/\346\261\202\350\247\243\345\231\250/crates/kernel/src/polling.rs"], 0x7ffe3bafa178 /* 135 vars */) = -1 ENOENT (No such file or directory)
1430044 execve("/home/zhuran24/.local/bin/sha256sum", ["sha256sum", "--", "/tmp/kernel-audit2-v3r63b5w/\346\261\202\350\247\243\345\231\250/crates/kernel/src/polling.rs"], 0x7ffe3bafa178 /* 135 vars */) = -1 ENOENT (No such file or directory)
1430044 execve("/home/zhuran24/.opencode/bin/sha256sum", ["sha256sum", "--", "/tmp/kernel-audit2-v3r63b5w/\346\261\202\350\247\243\345\231\250/crates/kernel/src/polling.rs"], 0x7ffe3bafa178 /* 135 vars */) = -1 ENOENT (No such file or directory)
1430044 execve("/usr/local/bin/sha256sum", ["sha256sum", "--", "/tmp/kernel-audit2-v3r63b5w/\346\261\202\350\247\243\345\231\250/crates/kernel/src/polling.rs"], 0x7ffe3bafa178 /* 135 vars */) = -1 ENOENT (No such file or directory)
1430044 execve("/usr/bin/sha256sum", ["sha256sum", "--", "/tmp/kernel-audit2-v3r63b5w/\346\261\202\350\247\243\345\231\250/crates/kernel/src/polling.rs"], 0x7ffe3bafa178 /* 135 vars */) = 0
1430044 openat(AT_FDCWD</tmp/kernel-audit2-v3r63b5w/\346\261\202\350\247\243\345\231\250>, "/etc/ld.so.cache", O_RDONLY|O_CLOEXEC) = 3</etc/ld.so.cache>
1430044 openat(AT_FDCWD</tmp/kernel-audit2-v3r63b5w/\346\261\202\350\247\243\345\231\250>, "/usr/lib/libcrypto.so.3", O_RDONLY|O_CLOEXEC) = 3</usr/lib/libcrypto.so.3>
1430044 openat(AT_FDCWD</tmp/kernel-audit2-v3r63b5w/\346\261\202\350\247\243\345\231\250>, "/usr/lib/libc.so.6", O_RDONLY|O_CLOEXEC) = 3</usr/lib/libc.so.6>
1430044 openat(AT_FDCWD</tmp/kernel-audit2-v3r63b5w/\346\261\202\350\247\243\345\231\250>, "/usr/lib/libz.so.1", O_RDONLY|O_CLOEXEC) = 3</usr/lib/libz.so.1.3.1.zlib-ng>
1430044 openat(AT_FDCWD</tmp/kernel-audit2-v3r63b5w/\346\261\202\350\247\243\345\231\250>, "/usr/lib/libbrotlienc.so.1", O_RDONLY|O_CLOEXEC) = 3</usr/lib/libbrotlienc.so.1.2.0>
1430044 openat(AT_FDCWD</tmp/kernel-audit2-v3r63b5w/\346\261\202\350\247\243\345\231\250>, "/usr/lib/libbrotlidec.so.1", O_RDONLY|O_CLOEXEC) = 3</usr/lib/libbrotlidec.so.1.2.0>
1430044 openat(AT_FDCWD</tmp/kernel-audit2-v3r63b5w/\346\261\202\350\247\243\345\231\250>, "/usr/lib/libzstd.so.1", O_RDONLY|O_CLOEXEC) = 3</usr/lib/libzstd.so.1.5.7>
1430044 openat(AT_FDCWD</tmp/kernel-audit2-v3r63b5w/\346\261\202\350\247\243\345\231\250>, "/usr/lib/libm.so.6", O_RDONLY|O_CLOEXEC) = 3</usr/lib/libm.so.6>
1430044 openat(AT_FDCWD</tmp/kernel-audit2-v3r63b5w/\346\261\202\350\247\243\345\231\250>, "/usr/lib/libbrotlicommon.so.1", O_RDONLY|O_CLOEXEC) = 3</usr/lib/libbrotlicommon.so.1.2.0>
1430044 openat(AT_FDCWD</tmp/kernel-audit2-v3r63b5w/\346\261\202\350\247\243\345\231\250>, "/usr/lib/locale/locale-archive", O_RDONLY|O_CLOEXEC) = 3</usr/lib/locale/locale-archive>
1430044 openat(AT_FDCWD</tmp/kernel-audit2-v3r63b5w/\346\261\202\350\247\243\345\231\250>, "/usr/share/locale/locale.alias", O_RDONLY|O_CLOEXEC) = 3</usr/share/locale/locale.alias>
1430044 openat(AT_FDCWD</tmp/kernel-audit2-v3r63b5w/\346\261\202\350\247\243\345\231\250>, "/usr/lib/locale/C.UTF-8/LC_IDENTIFICATION", O_RDONLY|O_CLOEXEC) = -1 ENOENT (No such file or directory)
1430044 openat(AT_FDCWD</tmp/kernel-audit2-v3r63b5w/\346\261\202\350\247\243\345\231\250>, "/usr/lib/locale/C.utf8/LC_IDENTIFICATION", O_RDONLY|O_CLOEXEC) = 3</usr/lib/locale/C.utf8/LC_IDENTIFICATION>
1430044 openat(AT_FDCWD</tmp/kernel-audit2-v3r63b5w/\346\261\202\350\247\243\345\231\250>, "/usr/lib/gconv/gconv-modules.cache", O_RDONLY|O_CLOEXEC) = 3</usr/lib/gconv/gconv-modules.cache>
1430044 openat(AT_FDCWD</tmp/kernel-audit2-v3r63b5w/\346\261\202\350\247\243\345\231\250>, "/usr/lib/locale/C.UTF-8/LC_MEASUREMENT", O_RDONLY|O_CLOEXEC) = -1 ENOENT (No such file or directory)
1430044 openat(AT_FDCWD</tmp/kernel-audit2-v3r63b5w/\346\261\202\350\247\243\345\231\250>, "/usr/lib/locale/C.utf8/LC_MEASUREMENT", O_RDONLY|O_CLOEXEC) = 3</usr/lib/locale/C.utf8/LC_MEASUREMENT>
1430044 openat(AT_FDCWD</tmp/kernel-audit2-v3r63b5w/\346\261\202\350\247\243\345\231\250>, "/usr/lib/locale/C.UTF-8/LC_TELEPHONE", O_RDONLY|O_CLOEXEC) = -1 ENOENT (No such file or directory)
1430044 openat(AT_FDCWD</tmp/kernel-audit2-v3r63b5w/\346\261\202\350\247\243\345\231\250>, "/usr/lib/locale/C.utf8/LC_TELEPHONE", O_RDONLY|O_CLOEXEC) = 3</usr/lib/locale/C.utf8/LC_TELEPHONE>
1430044 openat(AT_FDCWD</tmp/kernel-audit2-v3r63b5w/\346\261\202\350\247\243\345\231\250>, "/usr/lib/locale/C.UTF-8/LC_ADDRESS", O_RDONLY|O_CLOEXEC) = -1 ENOENT (No such file or directory)
1430044 openat(AT_FDCWD</tmp/kernel-audit2-v3r63b5w/\346\261\202\350\247\243\345\231\250>, "/usr/lib/locale/C.utf8/LC_ADDRESS", O_RDONLY|O_CLOEXEC) = 3</usr/lib/locale/C.utf8/LC_ADDRESS>
1430044 openat(AT_FDCWD</tmp/kernel-audit2-v3r63b5w/\346\261\202\350\247\243\345\231\250>, "/usr/lib/locale/C.UTF-8/LC_NAME", O_RDONLY|O_CLOEXEC) = -1 ENOENT (No such file or directory)
1430044 openat(AT_FDCWD</tmp/kernel-audit2-v3r63b5w/\346\261\202\350\247\243\345\231\250>, "/usr/lib/locale/C.utf8/LC_NAME", O_RDONLY|O_CLOEXEC) = 3</usr/lib/locale/C.utf8/LC_NAME>
1430044 openat(AT_FDCWD</tmp/kernel-audit2-v3r63b5w/\346\261\202\350\247\243\345\231\250>, "/usr/lib/locale/C.UTF-8/LC_PAPER", O_RDONLY|O_CLOEXEC) = -1 ENOENT (No such file or directory)
1430044 openat(AT_FDCWD</tmp/kernel-audit2-v3r63b5w/\346\261\202\350\247\243\345\231\250>, "/usr/lib/locale/C.utf8/LC_PAPER", O_RDONLY|O_CLOEXEC) = 3</usr/lib/locale/C.utf8/LC_PAPER>
1430044 openat(AT_FDCWD</tmp/kernel-audit2-v3r63b5w/\346\261\202\350\247\243\345\231\250>, "/usr/lib/locale/C.UTF-8/LC_MESSAGES", O_RDONLY|O_CLOEXEC) = -1 ENOENT (No such file or directory)
1430044 openat(AT_FDCWD</tmp/kernel-audit2-v3r63b5w/\346\261\202\350\247\243\345\231\250>, "/usr/lib/locale/C.utf8/LC_MESSAGES", O_RDONLY|O_CLOEXEC) = 3</usr/lib/locale/C.utf8/LC_MESSAGES>
1430044 openat(AT_FDCWD</tmp/kernel-audit2-v3r63b5w/\346\261\202\350\247\243\345\231\250>, "/usr/lib/locale/C.utf8/LC_MESSAGES/SYS_LC_MESSAGES", O_RDONLY|O_CLOEXEC) = 3</usr/lib/locale/C.utf8/LC_MESSAGES/SYS_LC_MESSAGES>
1430044 openat(AT_FDCWD</tmp/kernel-audit2-v3r63b5w/\346\261\202\350\247\243\345\231\250>, "/usr/lib/locale/C.UTF-8/LC_MONETARY", O_RDONLY|O_CLOEXEC) = -1 ENOENT (No such file or directory)
1430044 openat(AT_FDCWD</tmp/kernel-audit2-v3r63b5w/\346\261\202\350\247\243\345\231\250>, "/usr/lib/locale/C.utf8/LC_MONETARY", O_RDONLY|O_CLOEXEC) = 3</usr/lib/locale/C.utf8/LC_MONETARY>
1430044 openat(AT_FDCWD</tmp/kernel-audit2-v3r63b5w/\346\261\202\350\247\243\345\231\250>, "/usr/lib/locale/C.UTF-8/LC_COLLATE", O_RDONLY|O_CLOEXEC) = -1 ENOENT (No such file or directory)
1430044 openat(AT_FDCWD</tmp/kernel-audit2-v3r63b5w/\346\261\202\350\247\243\345\231\250>, "/usr/lib/locale/C.utf8/LC_COLLATE", O_RDONLY|O_CLOEXEC) = 3</usr/lib/locale/C.utf8/LC_COLLATE>
1430044 openat(AT_FDCWD</tmp/kernel-audit2-v3r63b5w/\346\261\202\350\247\243\345\231\250>, "/usr/lib/locale/C.UTF-8/LC_TIME", O_RDONLY|O_CLOEXEC) = -1 ENOENT (No such file or directory)
1430044 openat(AT_FDCWD</tmp/kernel-audit2-v3r63b5w/\346\261\202\350\247\243\345\231\250>, "/usr/lib/locale/C.utf8/LC_TIME", O_RDONLY|O_CLOEXEC) = 3</usr/lib/locale/C.utf8/LC_TIME>
1430044 openat(AT_FDCWD</tmp/kernel-audit2-v3r63b5w/\346\261\202\350\247\243\345\231\250>, "/usr/lib/locale/C.UTF-8/LC_NUMERIC", O_RDONLY|O_CLOEXEC) = -1 ENOENT (No such file or directory)
1430044 openat(AT_FDCWD</tmp/kernel-audit2-v3r63b5w/\346\261\202\350\247\243\345\231\250>, "/usr/lib/locale/C.utf8/LC_NUMERIC", O_RDONLY|O_CLOEXEC) = 3</usr/lib/locale/C.utf8/LC_NUMERIC>
1430044 openat(AT_FDCWD</tmp/kernel-audit2-v3r63b5w/\346\261\202\350\247\243\345\231\250>, "/usr/lib/locale/C.UTF-8/LC_CTYPE", O_RDONLY|O_CLOEXEC) = -1 ENOENT (No such file or directory)
1430044 openat(AT_FDCWD</tmp/kernel-audit2-v3r63b5w/\346\261\202\350\247\243\345\231\250>, "/usr/lib/locale/C.utf8/LC_CTYPE", O_RDONLY|O_CLOEXEC) = 3</usr/lib/locale/C.utf8/LC_CTYPE>
1430044 openat(AT_FDCWD</tmp/kernel-audit2-v3r63b5w/\346\261\202\350\247\243\345\231\250>, "/tmp/kernel-audit2-v3r63b5w/\346\261\202\350\247\243\345\231\250/crates/kernel/src/polling.rs", O_RDONLY) = 3</tmp/kernel-audit2-v3r63b5w/\346\261\202\350\247\243\345\231\250/crates/kernel/src/polling.rs>
1430014 --- SIGCHLD {si_signo=SIGCHLD, si_code=CLD_EXITED, si_pid=1430044, si_uid=1000, si_status=0, si_utime=0, si_stime=0} ---
1430014 openat(AT_FDCWD</tmp/kernel-audit2-v3r63b5w/\346\261\202\350\247\243\345\231\250>, "/dev/null", O_RDONLY|O_CLOEXEC) = 3</dev/null<char 1:3>>
1430045 execve("/home/zhuran24/.codex/tmp/arg0/codex-arg0DuAZRy/sha256sum", ["sha256sum", "--", "/tmp/kernel-audit2-v3r63b5w/\346\261\202\350\247\243\345\231\250/crates/kernel/src/transition.rs"], 0x7ffe3bafa178 /* 135 vars */) = -1 ENOENT (No such file or directory)
1430045 execve("/home/zhuran24/.cargo/bin/sha256sum", ["sha256sum", "--", "/tmp/kernel-audit2-v3r63b5w/\346\261\202\350\247\243\345\231\250/crates/kernel/src/transition.rs"], 0x7ffe3bafa178 /* 135 vars */) = -1 ENOENT (No such file or directory)
1430045 execve("/home/zhuran24/.local/bin/sha256sum", ["sha256sum", "--", "/tmp/kernel-audit2-v3r63b5w/\346\261\202\350\247\243\345\231\250/crates/kernel/src/transition.rs"], 0x7ffe3bafa178 /* 135 vars */) = -1 ENOENT (No such file or directory)
1430045 execve("/home/zhuran24/.opencode/bin/sha256sum", ["sha256sum", "--", "/tmp/kernel-audit2-v3r63b5w/\346\261\202\350\247\243\345\231\250/crates/kernel/src/transition.rs"], 0x7ffe3bafa178 /* 135 vars */) = -1 ENOENT (No such file or directory)
1430045 execve("/usr/local/bin/sha256sum", ["sha256sum", "--", "/tmp/kernel-audit2-v3r63b5w/\346\261\202\350\247\243\345\231\250/crates/kernel/src/transition.rs"], 0x7ffe3bafa178 /* 135 vars */) = -1 ENOENT (No such file or directory)
1430045 execve("/usr/bin/sha256sum", ["sha256sum", "--", "/tmp/kernel-audit2-v3r63b5w/\346\261\202\350\247\243\345\231\250/crates/kernel/src/transition.rs"], 0x7ffe3bafa178 /* 135 vars */) = 0
1430045 openat(AT_FDCWD</tmp/kernel-audit2-v3r63b5w/\346\261\202\350\247\243\345\231\250>, "/etc/ld.so.cache", O_RDONLY|O_CLOEXEC) = 3</etc/ld.so.cache>
1430045 openat(AT_FDCWD</tmp/kernel-audit2-v3r63b5w/\346\261\202\350\247\243\345\231\250>, "/usr/lib/libcrypto.so.3", O_RDONLY|O_CLOEXEC) = 3</usr/lib/libcrypto.so.3>
1430045 openat(AT_FDCWD</tmp/kernel-audit2-v3r63b5w/\346\261\202\350\247\243\345\231\250>, "/usr/lib/libc.so.6", O_RDONLY|O_CLOEXEC) = 3</usr/lib/libc.so.6>
1430045 openat(AT_FDCWD</tmp/kernel-audit2-v3r63b5w/\346\261\202\350\247\243\345\231\250>, "/usr/lib/libz.so.1", O_RDONLY|O_CLOEXEC) = 3</usr/lib/libz.so.1.3.1.zlib-ng>
1430045 openat(AT_FDCWD</tmp/kernel-audit2-v3r63b5w/\346\261\202\350\247\243\345\231\250>, "/usr/lib/libbrotlienc.so.1", O_RDONLY|O_CLOEXEC) = 3</usr/lib/libbrotlienc.so.1.2.0>
1430045 openat(AT_FDCWD</tmp/kernel-audit2-v3r63b5w/\346\261\202\350\247\243\345\231\250>, "/usr/lib/libbrotlidec.so.1", O_RDONLY|O_CLOEXEC) = 3</usr/lib/libbrotlidec.so.1.2.0>
1430045 openat(AT_FDCWD</tmp/kernel-audit2-v3r63b5w/\346\261\202\350\247\243\345\231\250>, "/usr/lib/libzstd.so.1", O_RDONLY|O_CLOEXEC) = 3</usr/lib/libzstd.so.1.5.7>
1430045 openat(AT_FDCWD</tmp/kernel-audit2-v3r63b5w/\346\261\202\350\247\243\345\231\250>, "/usr/lib/libm.so.6", O_RDONLY|O_CLOEXEC) = 3</usr/lib/libm.so.6>
1430045 openat(AT_FDCWD</tmp/kernel-audit2-v3r63b5w/\346\261\202\350\247\243\345\231\250>, "/usr/lib/libbrotlicommon.so.1", O_RDONLY|O_CLOEXEC) = 3</usr/lib/libbrotlicommon.so.1.2.0>
1430045 openat(AT_FDCWD</tmp/kernel-audit2-v3r63b5w/\346\261\202\350\247\243\345\231\250>, "/usr/lib/locale/locale-archive", O_RDONLY|O_CLOEXEC) = 3</usr/lib/locale/locale-archive>
1430045 openat(AT_FDCWD</tmp/kernel-audit2-v3r63b5w/\346\261\202\350\247\243\345\231\250>, "/usr/share/locale/locale.alias", O_RDONLY|O_CLOEXEC) = 3</usr/share/locale/locale.alias>
1430045 openat(AT_FDCWD</tmp/kernel-audit2-v3r63b5w/\346\261\202\350\247\243\345\231\250>, "/usr/lib/locale/C.UTF-8/LC_IDENTIFICATION", O_RDONLY|O_CLOEXEC) = -1 ENOENT (No such file or directory)
1430045 openat(AT_FDCWD</tmp/kernel-audit2-v3r63b5w/\346\261\202\350\247\243\345\231\250>, "/usr/lib/locale/C.utf8/LC_IDENTIFICATION", O_RDONLY|O_CLOEXEC) = 3</usr/lib/locale/C.utf8/LC_IDENTIFICATION>
1430045 openat(AT_FDCWD</tmp/kernel-audit2-v3r63b5w/\346\261\202\350\247\243\345\231\250>, "/usr/lib/gconv/gconv-modules.cache", O_RDONLY|O_CLOEXEC) = 3</usr/lib/gconv/gconv-modules.cache>
1430045 openat(AT_FDCWD</tmp/kernel-audit2-v3r63b5w/\346\261\202\350\247\243\345\231\250>, "/usr/lib/locale/C.UTF-8/LC_MEASUREMENT", O_RDONLY|O_CLOEXEC) = -1 ENOENT (No such file or directory)
1430045 openat(AT_FDCWD</tmp/kernel-audit2-v3r63b5w/\346\261\202\350\247\243\345\231\250>, "/usr/lib/locale/C.utf8/LC_MEASUREMENT", O_RDONLY|O_CLOEXEC) = 3</usr/lib/locale/C.utf8/LC_MEASUREMENT>
1430045 openat(AT_FDCWD</tmp/kernel-audit2-v3r63b5w/\346\261\202\350\247\243\345\231\250>, "/usr/lib/locale/C.UTF-8/LC_TELEPHONE", O_RDONLY|O_CLOEXEC) = -1 ENOENT (No such file or directory)
1430045 openat(AT_FDCWD</tmp/kernel-audit2-v3r63b5w/\346\261\202\350\247\243\345\231\250>, "/usr/lib/locale/C.utf8/LC_TELEPHONE", O_RDONLY|O_CLOEXEC) = 3</usr/lib/locale/C.utf8/LC_TELEPHONE>
1430045 openat(AT_FDCWD</tmp/kernel-audit2-v3r63b5w/\346\261\202\350\247\243\345\231\250>, "/usr/lib/locale/C.UTF-8/LC_ADDRESS", O_RDONLY|O_CLOEXEC) = -1 ENOENT (No such file or directory)
1430045 openat(AT_FDCWD</tmp/kernel-audit2-v3r63b5w/\346\261\202\350\247\243\345\231\250>, "/usr/lib/locale/C.utf8/LC_ADDRESS", O_RDONLY|O_CLOEXEC) = 3</usr/lib/locale/C.utf8/LC_ADDRESS>
1430045 openat(AT_FDCWD</tmp/kernel-audit2-v3r63b5w/\346\261\202\350\247\243\345\231\250>, "/usr/lib/locale/C.UTF-8/LC_NAME", O_RDONLY|O_CLOEXEC) = -1 ENOENT (No such file or directory)
1430045 openat(AT_FDCWD</tmp/kernel-audit2-v3r63b5w/\346\261\202\350\247\243\345\231\250>, "/usr/lib/locale/C.utf8/LC_NAME", O_RDONLY|O_CLOEXEC) = 3</usr/lib/locale/C.utf8/LC_NAME>
1430045 openat(AT_FDCWD</tmp/kernel-audit2-v3r63b5w/\346\261\202\350\247\243\345\231\250>, "/usr/lib/locale/C.UTF-8/LC_PAPER", O_RDONLY|O_CLOEXEC) = -1 ENOENT (No such file or directory)
1430045 openat(AT_FDCWD</tmp/kernel-audit2-v3r63b5w/\346\261\202\350\247\243\345\231\250>, "/usr/lib/locale/C.utf8/LC_PAPER", O_RDONLY|O_CLOEXEC) = 3</usr/lib/locale/C.utf8/LC_PAPER>
1430045 openat(AT_FDCWD</tmp/kernel-audit2-v3r63b5w/\346\261\202\350\247\243\345\231\250>, "/usr/lib/locale/C.UTF-8/LC_MESSAGES", O_RDONLY|O_CLOEXEC) = -1 ENOENT (No such file or directory)
1430045 openat(AT_FDCWD</tmp/kernel-audit2-v3r63b5w/\346\261\202\350\247\243\345\231\250>, "/usr/lib/locale/C.utf8/LC_MESSAGES", O_RDONLY|O_CLOEXEC) = 3</usr/lib/locale/C.utf8/LC_MESSAGES>
1430045 openat(AT_FDCWD</tmp/kernel-audit2-v3r63b5w/\346\261\202\350\247\243\345\231\250>, "/usr/lib/locale/C.utf8/LC_MESSAGES/SYS_LC_MESSAGES", O_RDONLY|O_CLOEXEC) = 3</usr/lib/locale/C.utf8/LC_MESSAGES/SYS_LC_MESSAGES>
1430045 openat(AT_FDCWD</tmp/kernel-audit2-v3r63b5w/\346\261\202\350\247\243\345\231\250>, "/usr/lib/locale/C.UTF-8/LC_MONETARY", O_RDONLY|O_CLOEXEC) = -1 ENOENT (No such file or directory)
1430045 openat(AT_FDCWD</tmp/kernel-audit2-v3r63b5w/\346\261\202\350\247\243\345\231\250>, "/usr/lib/locale/C.utf8/LC_MONETARY", O_RDONLY|O_CLOEXEC) = 3</usr/lib/locale/C.utf8/LC_MONETARY>
1430045 openat(AT_FDCWD</tmp/kernel-audit2-v3r63b5w/\346\261\202\350\247\243\345\231\250>, "/usr/lib/locale/C.UTF-8/LC_COLLATE", O_RDONLY|O_CLOEXEC) = -1 ENOENT (No such file or directory)
1430045 openat(AT_FDCWD</tmp/kernel-audit2-v3r63b5w/\346\261\202\350\247\243\345\231\250>, "/usr/lib/locale/C.utf8/LC_COLLATE", O_RDONLY|O_CLOEXEC) = 3</usr/lib/locale/C.utf8/LC_COLLATE>
1430045 openat(AT_FDCWD</tmp/kernel-audit2-v3r63b5w/\346\261\202\350\247\243\345\231\250>, "/usr/lib/locale/C.UTF-8/LC_TIME", O_RDONLY|O_CLOEXEC) = -1 ENOENT (No such file or directory)
1430045 openat(AT_FDCWD</tmp/kernel-audit2-v3r63b5w/\346\261\202\350\247\243\345\231\250>, "/usr/lib/locale/C.utf8/LC_TIME", O_RDONLY|O_CLOEXEC) = 3</usr/lib/locale/C.utf8/LC_TIME>
1430045 openat(AT_FDCWD</tmp/kernel-audit2-v3r63b5w/\346\261\202\350\247\243\345\231\250>, "/usr/lib/locale/C.UTF-8/LC_NUMERIC", O_RDONLY|O_CLOEXEC) = -1 ENOENT (No such file or directory)
1430045 openat(AT_FDCWD</tmp/kernel-audit2-v3r63b5w/\346\261\202\350\247\243\345\231\250>, "/usr/lib/locale/C.utf8/LC_NUMERIC", O_RDONLY|O_CLOEXEC) = 3</usr/lib/locale/C.utf8/LC_NUMERIC>
1430045 openat(AT_FDCWD</tmp/kernel-audit2-v3r63b5w/\346\261\202\350\247\243\345\231\250>, "/usr/lib/locale/C.UTF-8/LC_CTYPE", O_RDONLY|O_CLOEXEC) = -1 ENOENT (No such file or directory)
1430045 openat(AT_FDCWD</tmp/kernel-audit2-v3r63b5w/\346\261\202\350\247\243\345\231\250>, "/usr/lib/locale/C.utf8/LC_CTYPE", O_RDONLY|O_CLOEXEC) = 3</usr/lib/locale/C.utf8/LC_CTYPE>
1430045 openat(AT_FDCWD</tmp/kernel-audit2-v3r63b5w/\346\261\202\350\247\243\345\231\250>, "/tmp/kernel-audit2-v3r63b5w/\346\261\202\350\247\243\345\231\250/crates/kernel/src/transition.rs", O_RDONLY) = 3</tmp/kernel-audit2-v3r63b5w/\346\261\202\350\247\243\345\231\250/crates/kernel/src/transition.rs>
1430014 --- SIGCHLD {si_signo=SIGCHLD, si_code=CLD_EXITED, si_pid=1430045, si_uid=1000, si_status=0, si_utime=0, si_stime=0} ---
1430014 openat(AT_FDCWD</tmp/kernel-audit2-v3r63b5w/\346\261\202\350\247\243\345\231\250>, "/dev/null", O_RDONLY|O_CLOEXEC) = 3</dev/null<char 1:3>>
1430046 execve("/home/zhuran24/.codex/tmp/arg0/codex-arg0DuAZRy/sha256sum", ["sha256sum", "--", "/tmp/kernel-audit2-v3r63b5w/\346\261\202\350\247\243\345\231\250/crates/kernel/src/output.rs"], 0x7ffe3bafa178 /* 135 vars */) = -1 ENOENT (No such file or directory)
1430046 execve("/home/zhuran24/.cargo/bin/sha256sum", ["sha256sum", "--", "/tmp/kernel-audit2-v3r63b5w/\346\261\202\350\247\243\345\231\250/crates/kernel/src/output.rs"], 0x7ffe3bafa178 /* 135 vars */) = -1 ENOENT (No such file or directory)
1430046 execve("/home/zhuran24/.local/bin/sha256sum", ["sha256sum", "--", "/tmp/kernel-audit2-v3r63b5w/\346\261\202\350\247\243\345\231\250/crates/kernel/src/output.rs"], 0x7ffe3bafa178 /* 135 vars */) = -1 ENOENT (No such file or directory)
1430046 execve("/home/zhuran24/.opencode/bin/sha256sum", ["sha256sum", "--", "/tmp/kernel-audit2-v3r63b5w/\346\261\202\350\247\243\345\231\250/crates/kernel/src/output.rs"], 0x7ffe3bafa178 /* 135 vars */) = -1 ENOENT (No such file or directory)
1430046 execve("/usr/local/bin/sha256sum", ["sha256sum", "--", "/tmp/kernel-audit2-v3r63b5w/\346\261\202\350\247\243\345\231\250/crates/kernel/src/output.rs"], 0x7ffe3bafa178 /* 135 vars */) = -1 ENOENT (No such file or directory)
1430046 execve("/usr/bin/sha256sum", ["sha256sum", "--", "/tmp/kernel-audit2-v3r63b5w/\346\261\202\350\247\243\345\231\250/crates/kernel/src/output.rs"], 0x7ffe3bafa178 /* 135 vars */) = 0
1430046 openat(AT_FDCWD</tmp/kernel-audit2-v3r63b5w/\346\261\202\350\247\243\345\231\250>, "/etc/ld.so.cache", O_RDONLY|O_CLOEXEC) = 3</etc/ld.so.cache>
1430046 openat(AT_FDCWD</tmp/kernel-audit2-v3r63b5w/\346\261\202\350\247\243\345\231\250>, "/usr/lib/libcrypto.so.3", O_RDONLY|O_CLOEXEC) = 3</usr/lib/libcrypto.so.3>
1430046 openat(AT_FDCWD</tmp/kernel-audit2-v3r63b5w/\346\261\202\350\247\243\345\231\250>, "/usr/lib/libc.so.6", O_RDONLY|O_CLOEXEC) = 3</usr/lib/libc.so.6>
1430046 openat(AT_FDCWD</tmp/kernel-audit2-v3r63b5w/\346\261\202\350\247\243\345\231\250>, "/usr/lib/libz.so.1", O_RDONLY|O_CLOEXEC) = 3</usr/lib/libz.so.1.3.1.zlib-ng>
1430046 openat(AT_FDCWD</tmp/kernel-audit2-v3r63b5w/\346\261\202\350\247\243\345\231\250>, "/usr/lib/libbrotlienc.so.1", O_RDONLY|O_CLOEXEC) = 3</usr/lib/libbrotlienc.so.1.2.0>
1430046 openat(AT_FDCWD</tmp/kernel-audit2-v3r63b5w/\346\261\202\350\247\243\345\231\250>, "/usr/lib/libbrotlidec.so.1", O_RDONLY|O_CLOEXEC) = 3</usr/lib/libbrotlidec.so.1.2.0>
1430046 openat(AT_FDCWD</tmp/kernel-audit2-v3r63b5w/\346\261\202\350\247\243\345\231\250>, "/usr/lib/libzstd.so.1", O_RDONLY|O_CLOEXEC) = 3</usr/lib/libzstd.so.1.5.7>
1430046 openat(AT_FDCWD</tmp/kernel-audit2-v3r63b5w/\346\261\202\350\247\243\345\231\250>, "/usr/lib/libm.so.6", O_RDONLY|O_CLOEXEC) = 3</usr/lib/libm.so.6>
1430046 openat(AT_FDCWD</tmp/kernel-audit2-v3r63b5w/\346\261\202\350\247\243\345\231\250>, "/usr/lib/libbrotlicommon.so.1", O_RDONLY|O_CLOEXEC) = 3</usr/lib/libbrotlicommon.so.1.2.0>
1430046 openat(AT_FDCWD</tmp/kernel-audit2-v3r63b5w/\346\261\202\350\247\243\345\231\250>, "/usr/lib/locale/locale-archive", O_RDONLY|O_CLOEXEC) = 3</usr/lib/locale/locale-archive>
1430046 openat(AT_FDCWD</tmp/kernel-audit2-v3r63b5w/\346\261\202\350\247\243\345\231\250>, "/usr/share/locale/locale.alias", O_RDONLY|O_CLOEXEC) = 3</usr/share/locale/locale.alias>
1430046 openat(AT_FDCWD</tmp/kernel-audit2-v3r63b5w/\346\261\202\350\247\243\345\231\250>, "/usr/lib/locale/C.UTF-8/LC_IDENTIFICATION", O_RDONLY|O_CLOEXEC) = -1 ENOENT (No such file or directory)
1430046 openat(AT_FDCWD</tmp/kernel-audit2-v3r63b5w/\346\261\202\350\247\243\345\231\250>, "/usr/lib/locale/C.utf8/LC_IDENTIFICATION", O_RDONLY|O_CLOEXEC) = 3</usr/lib/locale/C.utf8/LC_IDENTIFICATION>
1430046 openat(AT_FDCWD</tmp/kernel-audit2-v3r63b5w/\346\261\202\350\247\243\345\231\250>, "/usr/lib/gconv/gconv-modules.cache", O_RDONLY|O_CLOEXEC) = 3</usr/lib/gconv/gconv-modules.cache>
1430046 openat(AT_FDCWD</tmp/kernel-audit2-v3r63b5w/\346\261\202\350\247\243\345\231\250>, "/usr/lib/locale/C.UTF-8/LC_MEASUREMENT", O_RDONLY|O_CLOEXEC) = -1 ENOENT (No such file or directory)
1430046 openat(AT_FDCWD</tmp/kernel-audit2-v3r63b5w/\346\261\202\350\247\243\345\231\250>, "/usr/lib/locale/C.utf8/LC_MEASUREMENT", O_RDONLY|O_CLOEXEC) = 3</usr/lib/locale/C.utf8/LC_MEASUREMENT>
1430046 openat(AT_FDCWD</tmp/kernel-audit2-v3r63b5w/\346\261\202\350\247\243\345\231\250>, "/usr/lib/locale/C.UTF-8/LC_TELEPHONE", O_RDONLY|O_CLOEXEC) = -1 ENOENT (No such file or directory)
1430046 openat(AT_FDCWD</tmp/kernel-audit2-v3r63b5w/\346\261\202\350\247\243\345\231\250>, "/usr/lib/locale/C.utf8/LC_TELEPHONE", O_RDONLY|O_CLOEXEC) = 3</usr/lib/locale/C.utf8/LC_TELEPHONE>
1430046 openat(AT_FDCWD</tmp/kernel-audit2-v3r63b5w/\346\261\202\350\247\243\345\231\250>, "/usr/lib/locale/C.UTF-8/LC_ADDRESS", O_RDONLY|O_CLOEXEC) = -1 ENOENT (No such file or directory)
1430046 openat(AT_FDCWD</tmp/kernel-audit2-v3r63b5w/\346\261\202\350\247\243\345\231\250>, "/usr/lib/locale/C.utf8/LC_ADDRESS", O_RDONLY|O_CLOEXEC) = 3</usr/lib/locale/C.utf8/LC_ADDRESS>
1430046 openat(AT_FDCWD</tmp/kernel-audit2-v3r63b5w/\346\261\202\350\247\243\345\231\250>, "/usr/lib/locale/C.UTF-8/LC_NAME", O_RDONLY|O_CLOEXEC) = -1 ENOENT (No such file or directory)
1430046 openat(AT_FDCWD</tmp/kernel-audit2-v3r63b5w/\346\261\202\350\247\243\345\231\250>, "/usr/lib/locale/C.utf8/LC_NAME", O_RDONLY|O_CLOEXEC) = 3</usr/lib/locale/C.utf8/LC_NAME>
1430046 openat(AT_FDCWD</tmp/kernel-audit2-v3r63b5w/\346\261\202\350\247\243\345\231\250>, "/usr/lib/locale/C.UTF-8/LC_PAPER", O_RDONLY|O_CLOEXEC) = -1 ENOENT (No such file or directory)
1430046 openat(AT_FDCWD</tmp/kernel-audit2-v3r63b5w/\346\261\202\350\247\243\345\231\250>, "/usr/lib/locale/C.utf8/LC_PAPER", O_RDONLY|O_CLOEXEC) = 3</usr/lib/locale/C.utf8/LC_PAPER>
1430046 openat(AT_FDCWD</tmp/kernel-audit2-v3r63b5w/\346\261\202\350\247\243\345\231\250>, "/usr/lib/locale/C.UTF-8/LC_MESSAGES", O_RDONLY|O_CLOEXEC) = -1 ENOENT (No such file or directory)
1430046 openat(AT_FDCWD</tmp/kernel-audit2-v3r63b5w/\346\261\202\350\247\243\345\231\250>, "/usr/lib/locale/C.utf8/LC_MESSAGES", O_RDONLY|O_CLOEXEC) = 3</usr/lib/locale/C.utf8/LC_MESSAGES>
1430046 openat(AT_FDCWD</tmp/kernel-audit2-v3r63b5w/\346\261\202\350\247\243\345\231\250>, "/usr/lib/locale/C.utf8/LC_MESSAGES/SYS_LC_MESSAGES", O_RDONLY|O_CLOEXEC) = 3</usr/lib/locale/C.utf8/LC_MESSAGES/SYS_LC_MESSAGES>
1430046 openat(AT_FDCWD</tmp/kernel-audit2-v3r63b5w/\346\261\202\350\247\243\345\231\250>, "/usr/lib/locale/C.UTF-8/LC_MONETARY", O_RDONLY|O_CLOEXEC) = -1 ENOENT (No such file or directory)
1430046 openat(AT_FDCWD</tmp/kernel-audit2-v3r63b5w/\346\261\202\350\247\243\345\231\250>, "/usr/lib/locale/C.utf8/LC_MONETARY", O_RDONLY|O_CLOEXEC) = 3</usr/lib/locale/C.utf8/LC_MONETARY>
1430046 openat(AT_FDCWD</tmp/kernel-audit2-v3r63b5w/\346\261\202\350\247\243\345\231\250>, "/usr/lib/locale/C.UTF-8/LC_COLLATE", O_RDONLY|O_CLOEXEC) = -1 ENOENT (No such file or directory)
1430046 openat(AT_FDCWD</tmp/kernel-audit2-v3r63b5w/\346\261\202\350\247\243\345\231\250>, "/usr/lib/locale/C.utf8/LC_COLLATE", O_RDONLY|O_CLOEXEC) = 3</usr/lib/locale/C.utf8/LC_COLLATE>
1430046 openat(AT_FDCWD</tmp/kernel-audit2-v3r63b5w/\346\261\202\350\247\243\345\231\250>, "/usr/lib/locale/C.UTF-8/LC_TIME", O_RDONLY|O_CLOEXEC) = -1 ENOENT (No such file or directory)
1430046 openat(AT_FDCWD</tmp/kernel-audit2-v3r63b5w/\346\261\202\350\247\243\345\231\250>, "/usr/lib/locale/C.utf8/LC_TIME", O_RDONLY|O_CLOEXEC) = 3</usr/lib/locale/C.utf8/LC_TIME>
1430046 openat(AT_FDCWD</tmp/kernel-audit2-v3r63b5w/\346\261\202\350\247\243\345\231\250>, "/usr/lib/locale/C.UTF-8/LC_NUMERIC", O_RDONLY|O_CLOEXEC) = -1 ENOENT (No such file or directory)
1430046 openat(AT_FDCWD</tmp/kernel-audit2-v3r63b5w/\346\261\202\350\247\243\345\231\250>, "/usr/lib/locale/C.utf8/LC_NUMERIC", O_RDONLY|O_CLOEXEC) = 3</usr/lib/locale/C.utf8/LC_NUMERIC>
1430046 openat(AT_FDCWD</tmp/kernel-audit2-v3r63b5w/\346\261\202\350\247\243\345\231\250>, "/usr/lib/locale/C.UTF-8/LC_CTYPE", O_RDONLY|O_CLOEXEC) = -1 ENOENT (No such file or directory)
1430046 openat(AT_FDCWD</tmp/kernel-audit2-v3r63b5w/\346\261\202\350\247\243\345\231\250>, "/usr/lib/locale/C.utf8/LC_CTYPE", O_RDONLY|O_CLOEXEC) = 3</usr/lib/locale/C.utf8/LC_CTYPE>
1430046 openat(AT_FDCWD</tmp/kernel-audit2-v3r63b5w/\346\261\202\350\247\243\345\231\250>, "/tmp/kernel-audit2-v3r63b5w/\346\261\202\350\247\243\345\231\250/crates/kernel/src/output.rs", O_RDONLY) = 3</tmp/kernel-audit2-v3r63b5w/\346\261\202\350\247\243\345\231\250/crates/kernel/src/output.rs>
1430014 --- SIGCHLD {si_signo=SIGCHLD, si_code=CLD_EXITED, si_pid=1430046, si_uid=1000, si_status=0, si_utime=0, si_stime=0} ---
1430014 openat(AT_FDCWD</tmp/kernel-audit2-v3r63b5w/\346\261\202\350\247\243\345\231\250>, "/dev/null", O_RDONLY|O_CLOEXEC) = 3</dev/null<char 1:3>>
1430047 execve("/home/zhuran24/.codex/tmp/arg0/codex-arg0DuAZRy/sha256sum", ["sha256sum", "--", "/tmp/kernel-audit2-v3r63b5w/\346\261\202\350\247\243\345\231\250/crates/kernel/src/ledger.rs"], 0x7ffe3bafa178 /* 135 vars */) = -1 ENOENT (No such file or directory)
1430047 execve("/home/zhuran24/.cargo/bin/sha256sum", ["sha256sum", "--", "/tmp/kernel-audit2-v3r63b5w/\346\261\202\350\247\243\345\231\250/crates/kernel/src/ledger.rs"], 0x7ffe3bafa178 /* 135 vars */) = -1 ENOENT (No such file or directory)
1430047 execve("/home/zhuran24/.local/bin/sha256sum", ["sha256sum", "--", "/tmp/kernel-audit2-v3r63b5w/\346\261\202\350\247\243\345\231\250/crates/kernel/src/ledger.rs"], 0x7ffe3bafa178 /* 135 vars */) = -1 ENOENT (No such file or directory)
1430047 execve("/home/zhuran24/.opencode/bin/sha256sum", ["sha256sum", "--", "/tmp/kernel-audit2-v3r63b5w/\346\261\202\350\247\243\345\231\250/crates/kernel/src/ledger.rs"], 0x7ffe3bafa178 /* 135 vars */) = -1 ENOENT (No such file or directory)
1430047 execve("/usr/local/bin/sha256sum", ["sha256sum", "--", "/tmp/kernel-audit2-v3r63b5w/\346\261\202\350\247\243\345\231\250/crates/kernel/src/ledger.rs"], 0x7ffe3bafa178 /* 135 vars */) = -1 ENOENT (No such file or directory)
1430047 execve("/usr/bin/sha256sum", ["sha256sum", "--", "/tmp/kernel-audit2-v3r63b5w/\346\261\202\350\247\243\345\231\250/crates/kernel/src/ledger.rs"], 0x7ffe3bafa178 /* 135 vars */) = 0
1430047 openat(AT_FDCWD</tmp/kernel-audit2-v3r63b5w/\346\261\202\350\247\243\345\231\250>, "/etc/ld.so.cache", O_RDONLY|O_CLOEXEC) = 3</etc/ld.so.cache>
1430047 openat(AT_FDCWD</tmp/kernel-audit2-v3r63b5w/\346\261\202\350\247\243\345\231\250>, "/usr/lib/libcrypto.so.3", O_RDONLY|O_CLOEXEC) = 3</usr/lib/libcrypto.so.3>
1430047 openat(AT_FDCWD</tmp/kernel-audit2-v3r63b5w/\346\261\202\350\247\243\345\231\250>, "/usr/lib/libc.so.6", O_RDONLY|O_CLOEXEC) = 3</usr/lib/libc.so.6>
1430047 openat(AT_FDCWD</tmp/kernel-audit2-v3r63b5w/\346\261\202\350\247\243\345\231\250>, "/usr/lib/libz.so.1", O_RDONLY|O_CLOEXEC) = 3</usr/lib/libz.so.1.3.1.zlib-ng>
1430047 openat(AT_FDCWD</tmp/kernel-audit2-v3r63b5w/\346\261\202\350\247\243\345\231\250>, "/usr/lib/libbrotlienc.so.1", O_RDONLY|O_CLOEXEC) = 3</usr/lib/libbrotlienc.so.1.2.0>
1430047 openat(AT_FDCWD</tmp/kernel-audit2-v3r63b5w/\346\261\202\350\247\243\345\231\250>, "/usr/lib/libbrotlidec.so.1", O_RDONLY|O_CLOEXEC) = 3</usr/lib/libbrotlidec.so.1.2.0>
1430047 openat(AT_FDCWD</tmp/kernel-audit2-v3r63b5w/\346\261\202\350\247\243\345\231\250>, "/usr/lib/libzstd.so.1", O_RDONLY|O_CLOEXEC) = 3</usr/lib/libzstd.so.1.5.7>
1430047 openat(AT_FDCWD</tmp/kernel-audit2-v3r63b5w/\346\261\202\350\247\243\345\231\250>, "/usr/lib/libm.so.6", O_RDONLY|O_CLOEXEC) = 3</usr/lib/libm.so.6>
1430047 openat(AT_FDCWD</tmp/kernel-audit2-v3r63b5w/\346\261\202\350\247\243\345\231\250>, "/usr/lib/libbrotlicommon.so.1", O_RDONLY|O_CLOEXEC) = 3</usr/lib/libbrotlicommon.so.1.2.0>
1430047 openat(AT_FDCWD</tmp/kernel-audit2-v3r63b5w/\346\261\202\350\247\243\345\231\250>, "/usr/lib/locale/locale-archive", O_RDONLY|O_CLOEXEC) = 3</usr/lib/locale/locale-archive>
1430047 openat(AT_FDCWD</tmp/kernel-audit2-v3r63b5w/\346\261\202\350\247\243\345\231\250>, "/usr/share/locale/locale.alias", O_RDONLY|O_CLOEXEC) = 3</usr/share/locale/locale.alias>
1430047 openat(AT_FDCWD</tmp/kernel-audit2-v3r63b5w/\346\261\202\350\247\243\345\231\250>, "/usr/lib/locale/C.UTF-8/LC_IDENTIFICATION", O_RDONLY|O_CLOEXEC) = -1 ENOENT (No such file or directory)
1430047 openat(AT_FDCWD</tmp/kernel-audit2-v3r63b5w/\346\261\202\350\247\243\345\231\250>, "/usr/lib/locale/C.utf8/LC_IDENTIFICATION", O_RDONLY|O_CLOEXEC) = 3</usr/lib/locale/C.utf8/LC_IDENTIFICATION>
1430047 openat(AT_FDCWD</tmp/kernel-audit2-v3r63b5w/\346\261\202\350\247\243\345\231\250>, "/usr/lib/gconv/gconv-modules.cache", O_RDONLY|O_CLOEXEC) = 3</usr/lib/gconv/gconv-modules.cache>
1430047 openat(AT_FDCWD</tmp/kernel-audit2-v3r63b5w/\346\261\202\350\247\243\345\231\250>, "/usr/lib/locale/C.UTF-8/LC_MEASUREMENT", O_RDONLY|O_CLOEXEC) = -1 ENOENT (No such file or directory)
1430047 openat(AT_FDCWD</tmp/kernel-audit2-v3r63b5w/\346\261\202\350\247\243\345\231\250>, "/usr/lib/locale/C.utf8/LC_MEASUREMENT", O_RDONLY|O_CLOEXEC) = 3</usr/lib/locale/C.utf8/LC_MEASUREMENT>
1430047 openat(AT_FDCWD</tmp/kernel-audit2-v3r63b5w/\346\261\202\350\247\243\345\231\250>, "/usr/lib/locale/C.UTF-8/LC_TELEPHONE", O_RDONLY|O_CLOEXEC) = -1 ENOENT (No such file or directory)
1430047 openat(AT_FDCWD</tmp/kernel-audit2-v3r63b5w/\346\261\202\350\247\243\345\231\250>, "/usr/lib/locale/C.utf8/LC_TELEPHONE", O_RDONLY|O_CLOEXEC) = 3</usr/lib/locale/C.utf8/LC_TELEPHONE>
1430047 openat(AT_FDCWD</tmp/kernel-audit2-v3r63b5w/\346\261\202\350\247\243\345\231\250>, "/usr/lib/locale/C.UTF-8/LC_ADDRESS", O_RDONLY|O_CLOEXEC) = -1 ENOENT (No such file or directory)
1430047 openat(AT_FDCWD</tmp/kernel-audit2-v3r63b5w/\346\261\202\350\247\243\345\231\250>, "/usr/lib/locale/C.utf8/LC_ADDRESS", O_RDONLY|O_CLOEXEC) = 3</usr/lib/locale/C.utf8/LC_ADDRESS>
1430047 openat(AT_FDCWD</tmp/kernel-audit2-v3r63b5w/\346\261\202\350\247\243\345\231\250>, "/usr/lib/locale/C.UTF-8/LC_NAME", O_RDONLY|O_CLOEXEC) = -1 ENOENT (No such file or directory)
1430047 openat(AT_FDCWD</tmp/kernel-audit2-v3r63b5w/\346\261\202\350\247\243\345\231\250>, "/usr/lib/locale/C.utf8/LC_NAME", O_RDONLY|O_CLOEXEC) = 3</usr/lib/locale/C.utf8/LC_NAME>
1430047 openat(AT_FDCWD</tmp/kernel-audit2-v3r63b5w/\346\261\202\350\247\243\345\231\250>, "/usr/lib/locale/C.UTF-8/LC_PAPER", O_RDONLY|O_CLOEXEC) = -1 ENOENT (No such file or directory)
1430047 openat(AT_FDCWD</tmp/kernel-audit2-v3r63b5w/\346\261\202\350\247\243\345\231\250>, "/usr/lib/locale/C.utf8/LC_PAPER", O_RDONLY|O_CLOEXEC) = 3</usr/lib/locale/C.utf8/LC_PAPER>
1430047 openat(AT_FDCWD</tmp/kernel-audit2-v3r63b5w/\346\261\202\350\247\243\345\231\250>, "/usr/lib/locale/C.UTF-8/LC_MESSAGES", O_RDONLY|O_CLOEXEC) = -1 ENOENT (No such file or directory)
1430047 openat(AT_FDCWD</tmp/kernel-audit2-v3r63b5w/\346\261\202\350\247\243\345\231\250>, "/usr/lib/locale/C.utf8/LC_MESSAGES", O_RDONLY|O_CLOEXEC) = 3</usr/lib/locale/C.utf8/LC_MESSAGES>
1430047 openat(AT_FDCWD</tmp/kernel-audit2-v3r63b5w/\346\261\202\350\247\243\345\231\250>, "/usr/lib/locale/C.utf8/LC_MESSAGES/SYS_LC_MESSAGES", O_RDONLY|O_CLOEXEC) = 3</usr/lib/locale/C.utf8/LC_MESSAGES/SYS_LC_MESSAGES>
1430047 openat(AT_FDCWD</tmp/kernel-audit2-v3r63b5w/\346\261\202\350\247\243\345\231\250>, "/usr/lib/locale/C.UTF-8/LC_MONETARY", O_RDONLY|O_CLOEXEC) = -1 ENOENT (No such file or directory)
1430047 openat(AT_FDCWD</tmp/kernel-audit2-v3r63b5w/\346\261\202\350\247\243\345\231\250>, "/usr/lib/locale/C.utf8/LC_MONETARY", O_RDONLY|O_CLOEXEC) = 3</usr/lib/locale/C.utf8/LC_MONETARY>
1430047 openat(AT_FDCWD</tmp/kernel-audit2-v3r63b5w/\346\261\202\350\247\243\345\231\250>, "/usr/lib/locale/C.UTF-8/LC_COLLATE", O_RDONLY|O_CLOEXEC) = -1 ENOENT (No such file or directory)
1430047 openat(AT_FDCWD</tmp/kernel-audit2-v3r63b5w/\346\261\202\350\247\243\345\231\250>, "/usr/lib/locale/C.utf8/LC_COLLATE", O_RDONLY|O_CLOEXEC) = 3</usr/lib/locale/C.utf8/LC_COLLATE>
1430047 openat(AT_FDCWD</tmp/kernel-audit2-v3r63b5w/\346\261\202\350\247\243\345\231\250>, "/usr/lib/locale/C.UTF-8/LC_TIME", O_RDONLY|O_CLOEXEC) = -1 ENOENT (No such file or directory)
1430047 openat(AT_FDCWD</tmp/kernel-audit2-v3r63b5w/\346\261\202\350\247\243\345\231\250>, "/usr/lib/locale/C.utf8/LC_TIME", O_RDONLY|O_CLOEXEC) = 3</usr/lib/locale/C.utf8/LC_TIME>
1430047 openat(AT_FDCWD</tmp/kernel-audit2-v3r63b5w/\346\261\202\350\247\243\345\231\250>, "/usr/lib/locale/C.UTF-8/LC_NUMERIC", O_RDONLY|O_CLOEXEC) = -1 ENOENT (No such file or directory)
1430047 openat(AT_FDCWD</tmp/kernel-audit2-v3r63b5w/\346\261\202\350\247\243\345\231\250>, "/usr/lib/locale/C.utf8/LC_NUMERIC", O_RDONLY|O_CLOEXEC) = 3</usr/lib/locale/C.utf8/LC_NUMERIC>
1430047 openat(AT_FDCWD</tmp/kernel-audit2-v3r63b5w/\346\261\202\350\247\243\345\231\250>, "/usr/lib/locale/C.UTF-8/LC_CTYPE", O_RDONLY|O_CLOEXEC) = -1 ENOENT (No such file or directory)
1430047 openat(AT_FDCWD</tmp/kernel-audit2-v3r63b5w/\346\261\202\350\247\243\345\231\250>, "/usr/lib/locale/C.utf8/LC_CTYPE", O_RDONLY|O_CLOEXEC) = 3</usr/lib/locale/C.utf8/LC_CTYPE>
1430047 openat(AT_FDCWD</tmp/kernel-audit2-v3r63b5w/\346\261\202\350\247\243\345\231\250>, "/tmp/kernel-audit2-v3r63b5w/\346\261\202\350\247\243\345\231\250/crates/kernel/src/ledger.rs", O_RDONLY) = 3</tmp/kernel-audit2-v3r63b5w/\346\261\202\350\247\243\345\231\250/crates/kernel/src/ledger.rs>
1430014 --- SIGCHLD {si_signo=SIGCHLD, si_code=CLD_EXITED, si_pid=1430047, si_uid=1000, si_status=0, si_utime=0, si_stime=0} ---
1430014 openat(AT_FDCWD</tmp/kernel-audit2-v3r63b5w/\346\261\202\350\247\243\345\231\250>, "/dev/null", O_RDONLY|O_CLOEXEC) = 3</dev/null<char 1:3>>
1430048 execve("/home/zhuran24/.codex/tmp/arg0/codex-arg0DuAZRy/sha256sum", ["sha256sum", "--", "/tmp/kernel-audit2-v3r63b5w/\346\261\202\350\247\243\345\231\250/crates/kernel/src/cycle.rs"], 0x7ffe3bafa178 /* 135 vars */) = -1 ENOENT (No such file or directory)
1430048 execve("/home/zhuran24/.cargo/bin/sha256sum", ["sha256sum", "--", "/tmp/kernel-audit2-v3r63b5w/\346\261\202\350\247\243\345\231\250/crates/kernel/src/cycle.rs"], 0x7ffe3bafa178 /* 135 vars */) = -1 ENOENT (No such file or directory)
1430048 execve("/home/zhuran24/.local/bin/sha256sum", ["sha256sum", "--", "/tmp/kernel-audit2-v3r63b5w/\346\261\202\350\247\243\345\231\250/crates/kernel/src/cycle.rs"], 0x7ffe3bafa178 /* 135 vars */) = -1 ENOENT (No such file or directory)
1430048 execve("/home/zhuran24/.opencode/bin/sha256sum", ["sha256sum", "--", "/tmp/kernel-audit2-v3r63b5w/\346\261\202\350\247\243\345\231\250/crates/kernel/src/cycle.rs"], 0x7ffe3bafa178 /* 135 vars */) = -1 ENOENT (No such file or directory)
1430048 execve("/usr/local/bin/sha256sum", ["sha256sum", "--", "/tmp/kernel-audit2-v3r63b5w/\346\261\202\350\247\243\345\231\250/crates/kernel/src/cycle.rs"], 0x7ffe3bafa178 /* 135 vars */) = -1 ENOENT (No such file or directory)
1430048 execve("/usr/bin/sha256sum", ["sha256sum", "--", "/tmp/kernel-audit2-v3r63b5w/\346\261\202\350\247\243\345\231\250/crates/kernel/src/cycle.rs"], 0x7ffe3bafa178 /* 135 vars */) = 0
1430048 openat(AT_FDCWD</tmp/kernel-audit2-v3r63b5w/\346\261\202\350\247\243\345\231\250>, "/etc/ld.so.cache", O_RDONLY|O_CLOEXEC) = 3</etc/ld.so.cache>
1430048 openat(AT_FDCWD</tmp/kernel-audit2-v3r63b5w/\346\261\202\350\247\243\345\231\250>, "/usr/lib/libcrypto.so.3", O_RDONLY|O_CLOEXEC) = 3</usr/lib/libcrypto.so.3>
1430048 openat(AT_FDCWD</tmp/kernel-audit2-v3r63b5w/\346\261\202\350\247\243\345\231\250>, "/usr/lib/libc.so.6", O_RDONLY|O_CLOEXEC) = 3</usr/lib/libc.so.6>
1430048 openat(AT_FDCWD</tmp/kernel-audit2-v3r63b5w/\346\261\202\350\247\243\345\231\250>, "/usr/lib/libz.so.1", O_RDONLY|O_CLOEXEC) = 3</usr/lib/libz.so.1.3.1.zlib-ng>
1430048 openat(AT_FDCWD</tmp/kernel-audit2-v3r63b5w/\346\261\202\350\247\243\345\231\250>, "/usr/lib/libbrotlienc.so.1", O_RDONLY|O_CLOEXEC) = 3</usr/lib/libbrotlienc.so.1.2.0>
1430048 openat(AT_FDCWD</tmp/kernel-audit2-v3r63b5w/\346\261\202\350\247\243\345\231\250>, "/usr/lib/libbrotlidec.so.1", O_RDONLY|O_CLOEXEC) = 3</usr/lib/libbrotlidec.so.1.2.0>
1430048 openat(AT_FDCWD</tmp/kernel-audit2-v3r63b5w/\346\261\202\350\247\243\345\231\250>, "/usr/lib/libzstd.so.1", O_RDONLY|O_CLOEXEC) = 3</usr/lib/libzstd.so.1.5.7>
1430048 openat(AT_FDCWD</tmp/kernel-audit2-v3r63b5w/\346\261\202\350\247\243\345\231\250>, "/usr/lib/libm.so.6", O_RDONLY|O_CLOEXEC) = 3</usr/lib/libm.so.6>
1430048 openat(AT_FDCWD</tmp/kernel-audit2-v3r63b5w/\346\261\202\350\247\243\345\231\250>, "/usr/lib/libbrotlicommon.so.1", O_RDONLY|O_CLOEXEC) = 3</usr/lib/libbrotlicommon.so.1.2.0>
1430048 openat(AT_FDCWD</tmp/kernel-audit2-v3r63b5w/\346\261\202\350\247\243\345\231\250>, "/usr/lib/locale/locale-archive", O_RDONLY|O_CLOEXEC) = 3</usr/lib/locale/locale-archive>
1430048 openat(AT_FDCWD</tmp/kernel-audit2-v3r63b5w/\346\261\202\350\247\243\345\231\250>, "/usr/share/locale/locale.alias", O_RDONLY|O_CLOEXEC) = 3</usr/share/locale/locale.alias>
1430048 openat(AT_FDCWD</tmp/kernel-audit2-v3r63b5w/\346\261\202\350\247\243\345\231\250>, "/usr/lib/locale/C.UTF-8/LC_IDENTIFICATION", O_RDONLY|O_CLOEXEC) = -1 ENOENT (No such file or directory)
1430048 openat(AT_FDCWD</tmp/kernel-audit2-v3r63b5w/\346\261\202\350\247\243\345\231\250>, "/usr/lib/locale/C.utf8/LC_IDENTIFICATION", O_RDONLY|O_CLOEXEC) = 3</usr/lib/locale/C.utf8/LC_IDENTIFICATION>
1430048 openat(AT_FDCWD</tmp/kernel-audit2-v3r63b5w/\346\261\202\350\247\243\345\231\250>, "/usr/lib/gconv/gconv-modules.cache", O_RDONLY|O_CLOEXEC) = 3</usr/lib/gconv/gconv-modules.cache>
1430048 openat(AT_FDCWD</tmp/kernel-audit2-v3r63b5w/\346\261\202\350\247\243\345\231\250>, "/usr/lib/locale/C.UTF-8/LC_MEASUREMENT", O_RDONLY|O_CLOEXEC) = -1 ENOENT (No such file or directory)
1430048 openat(AT_FDCWD</tmp/kernel-audit2-v3r63b5w/\346\261\202\350\247\243\345\231\250>, "/usr/lib/locale/C.utf8/LC_MEASUREMENT", O_RDONLY|O_CLOEXEC) = 3</usr/lib/locale/C.utf8/LC_MEASUREMENT>
1430048 openat(AT_FDCWD</tmp/kernel-audit2-v3r63b5w/\346\261\202\350\247\243\345\231\250>, "/usr/lib/locale/C.UTF-8/LC_TELEPHONE", O_RDONLY|O_CLOEXEC) = -1 ENOENT (No such file or directory)
1430048 openat(AT_FDCWD</tmp/kernel-audit2-v3r63b5w/\346\261\202\350\247\243\345\231\250>, "/usr/lib/locale/C.utf8/LC_TELEPHONE", O_RDONLY|O_CLOEXEC) = 3</usr/lib/locale/C.utf8/LC_TELEPHONE>
1430048 openat(AT_FDCWD</tmp/kernel-audit2-v3r63b5w/\346\261\202\350\247\243\345\231\250>, "/usr/lib/locale/C.UTF-8/LC_ADDRESS", O_RDONLY|O_CLOEXEC) = -1 ENOENT (No such file or directory)
1430048 openat(AT_FDCWD</tmp/kernel-audit2-v3r63b5w/\346\261\202\350\247\243\345\231\250>, "/usr/lib/locale/C.utf8/LC_ADDRESS", O_RDONLY|O_CLOEXEC) = 3</usr/lib/locale/C.utf8/LC_ADDRESS>
1430048 openat(AT_FDCWD</tmp/kernel-audit2-v3r63b5w/\346\261\202\350\247\243\345\231\250>, "/usr/lib/locale/C.UTF-8/LC_NAME", O_RDONLY|O_CLOEXEC) = -1 ENOENT (No such file or directory)
1430048 openat(AT_FDCWD</tmp/kernel-audit2-v3r63b5w/\346\261\202\350\247\243\345\231\250>, "/usr/lib/locale/C.utf8/LC_NAME", O_RDONLY|O_CLOEXEC) = 3</usr/lib/locale/C.utf8/LC_NAME>
1430048 openat(AT_FDCWD</tmp/kernel-audit2-v3r63b5w/\346\261\202\350\247\243\345\231\250>, "/usr/lib/locale/C.UTF-8/LC_PAPER", O_RDONLY|O_CLOEXEC) = -1 ENOENT (No such file or directory)
1430048 openat(AT_FDCWD</tmp/kernel-audit2-v3r63b5w/\346\261\202\350\247\243\345\231\250>, "/usr/lib/locale/C.utf8/LC_PAPER", O_RDONLY|O_CLOEXEC) = 3</usr/lib/locale/C.utf8/LC_PAPER>
1430048 openat(AT_FDCWD</tmp/kernel-audit2-v3r63b5w/\346\261\202\350\247\243\345\231\250>, "/usr/lib/locale/C.UTF-8/LC_MESSAGES", O_RDONLY|O_CLOEXEC) = -1 ENOENT (No such file or directory)
1430048 openat(AT_FDCWD</tmp/kernel-audit2-v3r63b5w/\346\261\202\350\247\243\345\231\250>, "/usr/lib/locale/C.utf8/LC_MESSAGES", O_RDONLY|O_CLOEXEC) = 3</usr/lib/locale/C.utf8/LC_MESSAGES>
1430048 openat(AT_FDCWD</tmp/kernel-audit2-v3r63b5w/\346\261\202\350\247\243\345\231\250>, "/usr/lib/locale/C.utf8/LC_MESSAGES/SYS_LC_MESSAGES", O_RDONLY|O_CLOEXEC) = 3</usr/lib/locale/C.utf8/LC_MESSAGES/SYS_LC_MESSAGES>
1430048 openat(AT_FDCWD</tmp/kernel-audit2-v3r63b5w/\346\261\202\350\247\243\345\231\250>, "/usr/lib/locale/C.UTF-8/LC_MONETARY", O_RDONLY|O_CLOEXEC) = -1 ENOENT (No such file or directory)
1430048 openat(AT_FDCWD</tmp/kernel-audit2-v3r63b5w/\346\261\202\350\247\243\345\231\250>, "/usr/lib/locale/C.utf8/LC_MONETARY", O_RDONLY|O_CLOEXEC) = 3</usr/lib/locale/C.utf8/LC_MONETARY>
1430048 openat(AT_FDCWD</tmp/kernel-audit2-v3r63b5w/\346\261\202\350\247\243\345\231\250>, "/usr/lib/locale/C.UTF-8/LC_COLLATE", O_RDONLY|O_CLOEXEC) = -1 ENOENT (No such file or directory)
1430048 openat(AT_FDCWD</tmp/kernel-audit2-v3r63b5w/\346\261\202\350\247\243\345\231\250>, "/usr/lib/locale/C.utf8/LC_COLLATE", O_RDONLY|O_CLOEXEC) = 3</usr/lib/locale/C.utf8/LC_COLLATE>
1430048 openat(AT_FDCWD</tmp/kernel-audit2-v3r63b5w/\346\261\202\350\247\243\345\231\250>, "/usr/lib/locale/C.UTF-8/LC_TIME", O_RDONLY|O_CLOEXEC) = -1 ENOENT (No such file or directory)
1430048 openat(AT_FDCWD</tmp/kernel-audit2-v3r63b5w/\346\261\202\350\247\243\345\231\250>, "/usr/lib/locale/C.utf8/LC_TIME", O_RDONLY|O_CLOEXEC) = 3</usr/lib/locale/C.utf8/LC_TIME>
1430048 openat(AT_FDCWD</tmp/kernel-audit2-v3r63b5w/\346\261\202\350\247\243\345\231\250>, "/usr/lib/locale/C.UTF-8/LC_NUMERIC", O_RDONLY|O_CLOEXEC) = -1 ENOENT (No such file or directory)
1430048 openat(AT_FDCWD</tmp/kernel-audit2-v3r63b5w/\346\261\202\350\247\243\345\231\250>, "/usr/lib/locale/C.utf8/LC_NUMERIC", O_RDONLY|O_CLOEXEC) = 3</usr/lib/locale/C.utf8/LC_NUMERIC>
1430048 openat(AT_FDCWD</tmp/kernel-audit2-v3r63b5w/\346\261\202\350\247\243\345\231\250>, "/usr/lib/locale/C.UTF-8/LC_CTYPE", O_RDONLY|O_CLOEXEC) = -1 ENOENT (No such file or directory)
1430048 openat(AT_FDCWD</tmp/kernel-audit2-v3r63b5w/\346\261\202\350\247\243\345\231\250>, "/usr/lib/locale/C.utf8/LC_CTYPE", O_RDONLY|O_CLOEXEC) = 3</usr/lib/locale/C.utf8/LC_CTYPE>
1430048 openat(AT_FDCWD</tmp/kernel-audit2-v3r63b5w/\346\261\202\350\247\243\345\231\250>, "/tmp/kernel-audit2-v3r63b5w/\346\261\202\350\247\243\345\231\250/crates/kernel/src/cycle.rs", O_RDONLY) = 3</tmp/kernel-audit2-v3r63b5w/\346\261\202\350\247\243\345\231\250/crates/kernel/src/cycle.rs>
1430014 --- SIGCHLD {si_signo=SIGCHLD, si_code=CLD_EXITED, si_pid=1430048, si_uid=1000, si_status=0, si_utime=0, si_stime=0} ---
1430014 openat(AT_FDCWD</tmp/kernel-audit2-v3r63b5w/\346\261\202\350\247\243\345\231\250>, "/dev/null", O_RDONLY|O_CLOEXEC) = 3</dev/null<char 1:3>>
1430049 execve("/home/zhuran24/.codex/tmp/arg0/codex-arg0DuAZRy/sha256sum", ["sha256sum", "--", "/tmp/kernel-audit2-v3r63b5w/\346\261\202\350\247\243\345\231\250/crates/kernel/src/cycle_io.rs"], 0x7ffe3bafa178 /* 135 vars */) = -1 ENOENT (No such file or directory)
1430049 execve("/home/zhuran24/.cargo/bin/sha256sum", ["sha256sum", "--", "/tmp/kernel-audit2-v3r63b5w/\346\261\202\350\247\243\345\231\250/crates/kernel/src/cycle_io.rs"], 0x7ffe3bafa178 /* 135 vars */) = -1 ENOENT (No such file or directory)
1430049 execve("/home/zhuran24/.local/bin/sha256sum", ["sha256sum", "--", "/tmp/kernel-audit2-v3r63b5w/\346\261\202\350\247\243\345\231\250/crates/kernel/src/cycle_io.rs"], 0x7ffe3bafa178 /* 135 vars */) = -1 ENOENT (No such file or directory)
1430049 execve("/home/zhuran24/.opencode/bin/sha256sum", ["sha256sum", "--", "/tmp/kernel-audit2-v3r63b5w/\346\261\202\350\247\243\345\231\250/crates/kernel/src/cycle_io.rs"], 0x7ffe3bafa178 /* 135 vars */) = -1 ENOENT (No such file or directory)
1430049 execve("/usr/local/bin/sha256sum", ["sha256sum", "--", "/tmp/kernel-audit2-v3r63b5w/\346\261\202\350\247\243\345\231\250/crates/kernel/src/cycle_io.rs"], 0x7ffe3bafa178 /* 135 vars */) = -1 ENOENT (No such file or directory)
1430049 execve("/usr/bin/sha256sum", ["sha256sum", "--", "/tmp/kernel-audit2-v3r63b5w/\346\261\202\350\247\243\345\231\250/crates/kernel/src/cycle_io.rs"], 0x7ffe3bafa178 /* 135 vars */) = 0
1430049 openat(AT_FDCWD</tmp/kernel-audit2-v3r63b5w/\346\261\202\350\247\243\345\231\250>, "/etc/ld.so.cache", O_RDONLY|O_CLOEXEC) = 3</etc/ld.so.cache>
1430049 openat(AT_FDCWD</tmp/kernel-audit2-v3r63b5w/\346\261\202\350\247\243\345\231\250>, "/usr/lib/libcrypto.so.3", O_RDONLY|O_CLOEXEC) = 3</usr/lib/libcrypto.so.3>
1430049 openat(AT_FDCWD</tmp/kernel-audit2-v3r63b5w/\346\261\202\350\247\243\345\231\250>, "/usr/lib/libc.so.6", O_RDONLY|O_CLOEXEC) = 3</usr/lib/libc.so.6>
1430049 openat(AT_FDCWD</tmp/kernel-audit2-v3r63b5w/\346\261\202\350\247\243\345\231\250>, "/usr/lib/libz.so.1", O_RDONLY|O_CLOEXEC) = 3</usr/lib/libz.so.1.3.1.zlib-ng>
1430049 openat(AT_FDCWD</tmp/kernel-audit2-v3r63b5w/\346\261\202\350\247\243\345\231\250>, "/usr/lib/libbrotlienc.so.1", O_RDONLY|O_CLOEXEC) = 3</usr/lib/libbrotlienc.so.1.2.0>
1430049 openat(AT_FDCWD</tmp/kernel-audit2-v3r63b5w/\346\261\202\350\247\243\345\231\250>, "/usr/lib/libbrotlidec.so.1", O_RDONLY|O_CLOEXEC) = 3</usr/lib/libbrotlidec.so.1.2.0>
1430049 openat(AT_FDCWD</tmp/kernel-audit2-v3r63b5w/\346\261\202\350\247\243\345\231\250>, "/usr/lib/libzstd.so.1", O_RDONLY|O_CLOEXEC) = 3</usr/lib/libzstd.so.1.5.7>
1430049 openat(AT_FDCWD</tmp/kernel-audit2-v3r63b5w/\346\261\202\350\247\243\345\231\250>, "/usr/lib/libm.so.6", O_RDONLY|O_CLOEXEC) = 3</usr/lib/libm.so.6>
1430049 openat(AT_FDCWD</tmp/kernel-audit2-v3r63b5w/\346\261\202\350\247\243\345\231\250>, "/usr/lib/libbrotlicommon.so.1", O_RDONLY|O_CLOEXEC) = 3</usr/lib/libbrotlicommon.so.1.2.0>
1430049 openat(AT_FDCWD</tmp/kernel-audit2-v3r63b5w/\346\261\202\350\247\243\345\231\250>, "/usr/lib/locale/locale-archive", O_RDONLY|O_CLOEXEC) = 3</usr/lib/locale/locale-archive>
1430049 openat(AT_FDCWD</tmp/kernel-audit2-v3r63b5w/\346\261\202\350\247\243\345\231\250>, "/usr/share/locale/locale.alias", O_RDONLY|O_CLOEXEC) = 3</usr/share/locale/locale.alias>
1430049 openat(AT_FDCWD</tmp/kernel-audit2-v3r63b5w/\346\261\202\350\247\243\345\231\250>, "/usr/lib/locale/C.UTF-8/LC_IDENTIFICATION", O_RDONLY|O_CLOEXEC) = -1 ENOENT (No such file or directory)
1430049 openat(AT_FDCWD</tmp/kernel-audit2-v3r63b5w/\346\261\202\350\247\243\345\231\250>, "/usr/lib/locale/C.utf8/LC_IDENTIFICATION", O_RDONLY|O_CLOEXEC) = 3</usr/lib/locale/C.utf8/LC_IDENTIFICATION>
1430049 openat(AT_FDCWD</tmp/kernel-audit2-v3r63b5w/\346\261\202\350\247\243\345\231\250>, "/usr/lib/gconv/gconv-modules.cache", O_RDONLY|O_CLOEXEC) = 3</usr/lib/gconv/gconv-modules.cache>
1430049 openat(AT_FDCWD</tmp/kernel-audit2-v3r63b5w/\346\261\202\350\247\243\345\231\250>, "/usr/lib/locale/C.UTF-8/LC_MEASUREMENT", O_RDONLY|O_CLOEXEC) = -1 ENOENT (No such file or directory)
1430049 openat(AT_FDCWD</tmp/kernel-audit2-v3r63b5w/\346\261\202\350\247\243\345\231\250>, "/usr/lib/locale/C.utf8/LC_MEASUREMENT", O_RDONLY|O_CLOEXEC) = 3</usr/lib/locale/C.utf8/LC_MEASUREMENT>
1430049 openat(AT_FDCWD</tmp/kernel-audit2-v3r63b5w/\346\261\202\350\247\243\345\231\250>, "/usr/lib/locale/C.UTF-8/LC_TELEPHONE", O_RDONLY|O_CLOEXEC) = -1 ENOENT (No such file or directory)
1430049 openat(AT_FDCWD</tmp/kernel-audit2-v3r63b5w/\346\261\202\350\247\243\345\231\250>, "/usr/lib/locale/C.utf8/LC_TELEPHONE", O_RDONLY|O_CLOEXEC) = 3</usr/lib/locale/C.utf8/LC_TELEPHONE>
1430049 openat(AT_FDCWD</tmp/kernel-audit2-v3r63b5w/\346\261\202\350\247\243\345\231\250>, "/usr/lib/locale/C.UTF-8/LC_ADDRESS", O_RDONLY|O_CLOEXEC) = -1 ENOENT (No such file or directory)
1430049 openat(AT_FDCWD</tmp/kernel-audit2-v3r63b5w/\346\261\202\350\247\243\345\231\250>, "/usr/lib/locale/C.utf8/LC_ADDRESS", O_RDONLY|O_CLOEXEC) = 3</usr/lib/locale/C.utf8/LC_ADDRESS>
1430049 openat(AT_FDCWD</tmp/kernel-audit2-v3r63b5w/\346\261\202\350\247\243\345\231\250>, "/usr/lib/locale/C.UTF-8/LC_NAME", O_RDONLY|O_CLOEXEC) = -1 ENOENT (No such file or directory)
1430049 openat(AT_FDCWD</tmp/kernel-audit2-v3r63b5w/\346\261\202\350\247\243\345\231\250>, "/usr/lib/locale/C.utf8/LC_NAME", O_RDONLY|O_CLOEXEC) = 3</usr/lib/locale/C.utf8/LC_NAME>
1430049 openat(AT_FDCWD</tmp/kernel-audit2-v3r63b5w/\346\261\202\350\247\243\345\231\250>, "/usr/lib/locale/C.UTF-8/LC_PAPER", O_RDONLY|O_CLOEXEC) = -1 ENOENT (No such file or directory)
1430049 openat(AT_FDCWD</tmp/kernel-audit2-v3r63b5w/\346\261\202\350\247\243\345\231\250>, "/usr/lib/locale/C.utf8/LC_PAPER", O_RDONLY|O_CLOEXEC) = 3</usr/lib/locale/C.utf8/LC_PAPER>
1430049 openat(AT_FDCWD</tmp/kernel-audit2-v3r63b5w/\346\261\202\350\247\243\345\231\250>, "/usr/lib/locale/C.UTF-8/LC_MESSAGES", O_RDONLY|O_CLOEXEC) = -1 ENOENT (No such file or directory)
1430049 openat(AT_FDCWD</tmp/kernel-audit2-v3r63b5w/\346\261\202\350\247\243\345\231\250>, "/usr/lib/locale/C.utf8/LC_MESSAGES", O_RDONLY|O_CLOEXEC) = 3</usr/lib/locale/C.utf8/LC_MESSAGES>
1430049 openat(AT_FDCWD</tmp/kernel-audit2-v3r63b5w/\346\261\202\350\247\243\345\231\250>, "/usr/lib/locale/C.utf8/LC_MESSAGES/SYS_LC_MESSAGES", O_RDONLY|O_CLOEXEC) = 3</usr/lib/locale/C.utf8/LC_MESSAGES/SYS_LC_MESSAGES>
1430049 openat(AT_FDCWD</tmp/kernel-audit2-v3r63b5w/\346\261\202\350\247\243\345\231\250>, "/usr/lib/locale/C.UTF-8/LC_MONETARY", O_RDONLY|O_CLOEXEC) = -1 ENOENT (No such file or directory)
1430049 openat(AT_FDCWD</tmp/kernel-audit2-v3r63b5w/\346\261\202\350\247\243\345\231\250>, "/usr/lib/locale/C.utf8/LC_MONETARY", O_RDONLY|O_CLOEXEC) = 3</usr/lib/locale/C.utf8/LC_MONETARY>
1430049 openat(AT_FDCWD</tmp/kernel-audit2-v3r63b5w/\346\261\202\350\247\243\345\231\250>, "/usr/lib/locale/C.UTF-8/LC_COLLATE", O_RDONLY|O_CLOEXEC) = -1 ENOENT (No such file or directory)
1430049 openat(AT_FDCWD</tmp/kernel-audit2-v3r63b5w/\346\261\202\350\247\243\345\231\250>, "/usr/lib/locale/C.utf8/LC_COLLATE", O_RDONLY|O_CLOEXEC) = 3</usr/lib/locale/C.utf8/LC_COLLATE>
1430049 openat(AT_FDCWD</tmp/kernel-audit2-v3r63b5w/\346\261\202\350\247\243\345\231\250>, "/usr/lib/locale/C.UTF-8/LC_TIME", O_RDONLY|O_CLOEXEC) = -1 ENOENT (No such file or directory)
1430049 openat(AT_FDCWD</tmp/kernel-audit2-v3r63b5w/\346\261\202\350\247\243\345\231\250>, "/usr/lib/locale/C.utf8/LC_TIME", O_RDONLY|O_CLOEXEC) = 3</usr/lib/locale/C.utf8/LC_TIME>
1430049 openat(AT_FDCWD</tmp/kernel-audit2-v3r63b5w/\346\261\202\350\247\243\345\231\250>, "/usr/lib/locale/C.UTF-8/LC_NUMERIC", O_RDONLY|O_CLOEXEC) = -1 ENOENT (No such file or directory)
1430049 openat(AT_FDCWD</tmp/kernel-audit2-v3r63b5w/\346\261\202\350\247\243\345\231\250>, "/usr/lib/locale/C.utf8/LC_NUMERIC", O_RDONLY|O_CLOEXEC) = 3</usr/lib/locale/C.utf8/LC_NUMERIC>
1430049 openat(AT_FDCWD</tmp/kernel-audit2-v3r63b5w/\346\261\202\350\247\243\345\231\250>, "/usr/lib/locale/C.UTF-8/LC_CTYPE", O_RDONLY|O_CLOEXEC) = -1 ENOENT (No such file or directory)
1430049 openat(AT_FDCWD</tmp/kernel-audit2-v3r63b5w/\346\261\202\350\247\243\345\231\250>, "/usr/lib/locale/C.utf8/LC_CTYPE", O_RDONLY|O_CLOEXEC) = 3</usr/lib/locale/C.utf8/LC_CTYPE>
1430049 openat(AT_FDCWD</tmp/kernel-audit2-v3r63b5w/\346\261\202\350\247\243\345\231\250>, "/tmp/kernel-audit2-v3r63b5w/\346\261\202\350\247\243\345\231\250/crates/kernel/src/cycle_io.rs", O_RDONLY) = 3</tmp/kernel-audit2-v3r63b5w/\346\261\202\350\247\243\345\231\250/crates/kernel/src/cycle_io.rs>
1430014 --- SIGCHLD {si_signo=SIGCHLD, si_code=CLD_EXITED, si_pid=1430049, si_uid=1000, si_status=0, si_utime=0, si_stime=0} ---
1430014 openat(AT_FDCWD</tmp/kernel-audit2-v3r63b5w/\346\261\202\350\247\243\345\231\250>, "/dev/null", O_RDONLY|O_CLOEXEC) = 3</dev/null<char 1:3>>
1430050 execve("/home/zhuran24/.codex/tmp/arg0/codex-arg0DuAZRy/sha256sum", ["sha256sum", "--", "/tmp/kernel-audit2-v3r63b5w/\346\261\202\350\247\243\345\231\250/crates/kernel/src/digest.rs"], 0x7ffe3bafa178 /* 135 vars */) = -1 ENOENT (No such file or directory)
1430050 execve("/home/zhuran24/.cargo/bin/sha256sum", ["sha256sum", "--", "/tmp/kernel-audit2-v3r63b5w/\346\261\202\350\247\243\345\231\250/crates/kernel/src/digest.rs"], 0x7ffe3bafa178 /* 135 vars */) = -1 ENOENT (No such file or directory)
1430050 execve("/home/zhuran24/.local/bin/sha256sum", ["sha256sum", "--", "/tmp/kernel-audit2-v3r63b5w/\346\261\202\350\247\243\345\231\250/crates/kernel/src/digest.rs"], 0x7ffe3bafa178 /* 135 vars */) = -1 ENOENT (No such file or directory)
1430050 execve("/home/zhuran24/.opencode/bin/sha256sum", ["sha256sum", "--", "/tmp/kernel-audit2-v3r63b5w/\346\261\202\350\247\243\345\231\250/crates/kernel/src/digest.rs"], 0x7ffe3bafa178 /* 135 vars */) = -1 ENOENT (No such file or directory)
1430050 execve("/usr/local/bin/sha256sum", ["sha256sum", "--", "/tmp/kernel-audit2-v3r63b5w/\346\261\202\350\247\243\345\231\250/crates/kernel/src/digest.rs"], 0x7ffe3bafa178 /* 135 vars */) = -1 ENOENT (No such file or directory)
1430050 execve("/usr/bin/sha256sum", ["sha256sum", "--", "/tmp/kernel-audit2-v3r63b5w/\346\261\202\350\247\243\345\231\250/crates/kernel/src/digest.rs"], 0x7ffe3bafa178 /* 135 vars */) = 0
1430050 openat(AT_FDCWD</tmp/kernel-audit2-v3r63b5w/\346\261\202\350\247\243\345\231\250>, "/etc/ld.so.cache", O_RDONLY|O_CLOEXEC) = 3</etc/ld.so.cache>
1430050 openat(AT_FDCWD</tmp/kernel-audit2-v3r63b5w/\346\261\202\350\247\243\345\231\250>, "/usr/lib/libcrypto.so.3", O_RDONLY|O_CLOEXEC) = 3</usr/lib/libcrypto.so.3>
1430050 openat(AT_FDCWD</tmp/kernel-audit2-v3r63b5w/\346\261\202\350\247\243\345\231\250>, "/usr/lib/libc.so.6", O_RDONLY|O_CLOEXEC) = 3</usr/lib/libc.so.6>
1430050 openat(AT_FDCWD</tmp/kernel-audit2-v3r63b5w/\346\261\202\350\247\243\345\231\250>, "/usr/lib/libz.so.1", O_RDONLY|O_CLOEXEC) = 3</usr/lib/libz.so.1.3.1.zlib-ng>
1430050 openat(AT_FDCWD</tmp/kernel-audit2-v3r63b5w/\346\261\202\350\247\243\345\231\250>, "/usr/lib/libbrotlienc.so.1", O_RDONLY|O_CLOEXEC) = 3</usr/lib/libbrotlienc.so.1.2.0>
1430050 openat(AT_FDCWD</tmp/kernel-audit2-v3r63b5w/\346\261\202\350\247\243\345\231\250>, "/usr/lib/libbrotlidec.so.1", O_RDONLY|O_CLOEXEC) = 3</usr/lib/libbrotlidec.so.1.2.0>
1430050 openat(AT_FDCWD</tmp/kernel-audit2-v3r63b5w/\346\261\202\350\247\243\345\231\250>, "/usr/lib/libzstd.so.1", O_RDONLY|O_CLOEXEC) = 3</usr/lib/libzstd.so.1.5.7>
1430050 openat(AT_FDCWD</tmp/kernel-audit2-v3r63b5w/\346\261\202\350\247\243\345\231\250>, "/usr/lib/libm.so.6", O_RDONLY|O_CLOEXEC) = 3</usr/lib/libm.so.6>
1430050 openat(AT_FDCWD</tmp/kernel-audit2-v3r63b5w/\346\261\202\350\247\243\345\231\250>, "/usr/lib/libbrotlicommon.so.1", O_RDONLY|O_CLOEXEC) = 3</usr/lib/libbrotlicommon.so.1.2.0>
1430050 openat(AT_FDCWD</tmp/kernel-audit2-v3r63b5w/\346\261\202\350\247\243\345\231\250>, "/usr/lib/locale/locale-archive", O_RDONLY|O_CLOEXEC) = 3</usr/lib/locale/locale-archive>
1430050 openat(AT_FDCWD</tmp/kernel-audit2-v3r63b5w/\346\261\202\350\247\243\345\231\250>, "/usr/share/locale/locale.alias", O_RDONLY|O_CLOEXEC) = 3</usr/share/locale/locale.alias>
1430050 openat(AT_FDCWD</tmp/kernel-audit2-v3r63b5w/\346\261\202\350\247\243\345\231\250>, "/usr/lib/locale/C.UTF-8/LC_IDENTIFICATION", O_RDONLY|O_CLOEXEC) = -1 ENOENT (No such file or directory)
1430050 openat(AT_FDCWD</tmp/kernel-audit2-v3r63b5w/\346\261\202\350\247\243\345\231\250>, "/usr/lib/locale/C.utf8/LC_IDENTIFICATION", O_RDONLY|O_CLOEXEC) = 3</usr/lib/locale/C.utf8/LC_IDENTIFICATION>
1430050 openat(AT_FDCWD</tmp/kernel-audit2-v3r63b5w/\346\261\202\350\247\243\345\231\250>, "/usr/lib/gconv/gconv-modules.cache", O_RDONLY|O_CLOEXEC) = 3</usr/lib/gconv/gconv-modules.cache>
1430050 openat(AT_FDCWD</tmp/kernel-audit2-v3r63b5w/\346\261\202\350\247\243\345\231\250>, "/usr/lib/locale/C.UTF-8/LC_MEASUREMENT", O_RDONLY|O_CLOEXEC) = -1 ENOENT (No such file or directory)
1430050 openat(AT_FDCWD</tmp/kernel-audit2-v3r63b5w/\346\261\202\350\247\243\345\231\250>, "/usr/lib/locale/C.utf8/LC_MEASUREMENT", O_RDONLY|O_CLOEXEC) = 3</usr/lib/locale/C.utf8/LC_MEASUREMENT>
1430050 openat(AT_FDCWD</tmp/kernel-audit2-v3r63b5w/\346\261\202\350\247\243\345\231\250>, "/usr/lib/locale/C.UTF-8/LC_TELEPHONE", O_RDONLY|O_CLOEXEC) = -1 ENOENT (No such file or directory)
1430050 openat(AT_FDCWD</tmp/kernel-audit2-v3r63b5w/\346\261\202\350\247\243\345\231\250>, "/usr/lib/locale/C.utf8/LC_TELEPHONE", O_RDONLY|O_CLOEXEC) = 3</usr/lib/locale/C.utf8/LC_TELEPHONE>
1430050 openat(AT_FDCWD</tmp/kernel-audit2-v3r63b5w/\346\261\202\350\247\243\345\231\250>, "/usr/lib/locale/C.UTF-8/LC_ADDRESS", O_RDONLY|O_CLOEXEC) = -1 ENOENT (No such file or directory)
1430050 openat(AT_FDCWD</tmp/kernel-audit2-v3r63b5w/\346\261\202\350\247\243\345\231\250>, "/usr/lib/locale/C.utf8/LC_ADDRESS", O_RDONLY|O_CLOEXEC) = 3</usr/lib/locale/C.utf8/LC_ADDRESS>
1430050 openat(AT_FDCWD</tmp/kernel-audit2-v3r63b5w/\346\261\202\350\247\243\345\231\250>, "/usr/lib/locale/C.UTF-8/LC_NAME", O_RDONLY|O_CLOEXEC) = -1 ENOENT (No such file or directory)
1430050 openat(AT_FDCWD</tmp/kernel-audit2-v3r63b5w/\346\261\202\350\247\243\345\231\250>, "/usr/lib/locale/C.utf8/LC_NAME", O_RDONLY|O_CLOEXEC) = 3</usr/lib/locale/C.utf8/LC_NAME>
1430050 openat(AT_FDCWD</tmp/kernel-audit2-v3r63b5w/\346\261\202\350\247\243\345\231\250>, "/usr/lib/locale/C.UTF-8/LC_PAPER", O_RDONLY|O_CLOEXEC) = -1 ENOENT (No such file or directory)
1430050 openat(AT_FDCWD</tmp/kernel-audit2-v3r63b5w/\346\261\202\350\247\243\345\231\250>, "/usr/lib/locale/C.utf8/LC_PAPER", O_RDONLY|O_CLOEXEC) = 3</usr/lib/locale/C.utf8/LC_PAPER>
1430050 openat(AT_FDCWD</tmp/kernel-audit2-v3r63b5w/\346\261\202\350\247\243\345\231\250>, "/usr/lib/locale/C.UTF-8/LC_MESSAGES", O_RDONLY|O_CLOEXEC) = -1 ENOENT (No such file or directory)
1430050 openat(AT_FDCWD</tmp/kernel-audit2-v3r63b5w/\346\261\202\350\247\243\345\231\250>, "/usr/lib/locale/C.utf8/LC_MESSAGES", O_RDONLY|O_CLOEXEC) = 3</usr/lib/locale/C.utf8/LC_MESSAGES>
1430050 openat(AT_FDCWD</tmp/kernel-audit2-v3r63b5w/\346\261\202\350\247\243\345\231\250>, "/usr/lib/locale/C.utf8/LC_MESSAGES/SYS_LC_MESSAGES", O_RDONLY|O_CLOEXEC) = 3</usr/lib/locale/C.utf8/LC_MESSAGES/SYS_LC_MESSAGES>
1430050 openat(AT_FDCWD</tmp/kernel-audit2-v3r63b5w/\346\261\202\350\247\243\345\231\250>, "/usr/lib/locale/C.UTF-8/LC_MONETARY", O_RDONLY|O_CLOEXEC) = -1 ENOENT (No such file or directory)
1430050 openat(AT_FDCWD</tmp/kernel-audit2-v3r63b5w/\346\261\202\350\247\243\345\231\250>, "/usr/lib/locale/C.utf8/LC_MONETARY", O_RDONLY|O_CLOEXEC) = 3</usr/lib/locale/C.utf8/LC_MONETARY>
1430050 openat(AT_FDCWD</tmp/kernel-audit2-v3r63b5w/\346\261\202\350\247\243\345\231\250>, "/usr/lib/locale/C.UTF-8/LC_COLLATE", O_RDONLY|O_CLOEXEC) = -1 ENOENT (No such file or directory)
1430050 openat(AT_FDCWD</tmp/kernel-audit2-v3r63b5w/\346\261\202\350\247\243\345\231\250>, "/usr/lib/locale/C.utf8/LC_COLLATE", O_RDONLY|O_CLOEXEC) = 3</usr/lib/locale/C.utf8/LC_COLLATE>
1430050 openat(AT_FDCWD</tmp/kernel-audit2-v3r63b5w/\346\261\202\350\247\243\345\231\250>, "/usr/lib/locale/C.UTF-8/LC_TIME", O_RDONLY|O_CLOEXEC) = -1 ENOENT (No such file or directory)
1430050 openat(AT_FDCWD</tmp/kernel-audit2-v3r63b5w/\346\261\202\350\247\243\345\231\250>, "/usr/lib/locale/C.utf8/LC_TIME", O_RDONLY|O_CLOEXEC) = 3</usr/lib/locale/C.utf8/LC_TIME>
1430050 openat(AT_FDCWD</tmp/kernel-audit2-v3r63b5w/\346\261\202\350\247\243\345\231\250>, "/usr/lib/locale/C.UTF-8/LC_NUMERIC", O_RDONLY|O_CLOEXEC) = -1 ENOENT (No such file or directory)
1430050 openat(AT_FDCWD</tmp/kernel-audit2-v3r63b5w/\346\261\202\350\247\243\345\231\250>, "/usr/lib/locale/C.utf8/LC_NUMERIC", O_RDONLY|O_CLOEXEC) = 3</usr/lib/locale/C.utf8/LC_NUMERIC>
1430050 openat(AT_FDCWD</tmp/kernel-audit2-v3r63b5w/\346\261\202\350\247\243\345\231\250>, "/usr/lib/locale/C.UTF-8/LC_CTYPE", O_RDONLY|O_CLOEXEC) = -1 ENOENT (No such file or directory)
1430050 openat(AT_FDCWD</tmp/kernel-audit2-v3r63b5w/\346\261\202\350\247\243\345\231\250>, "/usr/lib/locale/C.utf8/LC_CTYPE", O_RDONLY|O_CLOEXEC) = 3</usr/lib/locale/C.utf8/LC_CTYPE>
1430050 openat(AT_FDCWD</tmp/kernel-audit2-v3r63b5w/\346\261\202\350\247\243\345\231\250>, "/tmp/kernel-audit2-v3r63b5w/\346\261\202\350\247\243\345\231\250/crates/kernel/src/digest.rs", O_RDONLY) = 3</tmp/kernel-audit2-v3r63b5w/\346\261\202\350\247\243\345\231\250/crates/kernel/src/digest.rs>
1430014 --- SIGCHLD {si_signo=SIGCHLD, si_code=CLD_EXITED, si_pid=1430050, si_uid=1000, si_status=0, si_utime=0, si_stime=0} ---
1430014 openat(AT_FDCWD</tmp/kernel-audit2-v3r63b5w/\346\261\202\350\247\243\345\231\250>, "/dev/null", O_RDONLY|O_CLOEXEC) = 3</dev/null<char 1:3>>
1430051 execve("/home/zhuran24/.codex/tmp/arg0/codex-arg0DuAZRy/sha256sum", ["sha256sum", "--", "/tmp/kernel-audit2-v3r63b5w/\346\261\202\350\247\243\345\231\250/crates/kernel/src/seed.rs"], 0x7ffe3bafa178 /* 135 vars */) = -1 ENOENT (No such file or directory)
1430051 execve("/home/zhuran24/.cargo/bin/sha256sum", ["sha256sum", "--", "/tmp/kernel-audit2-v3r63b5w/\346\261\202\350\247\243\345\231\250/crates/kernel/src/seed.rs"], 0x7ffe3bafa178 /* 135 vars */) = -1 ENOENT (No such file or directory)
1430051 execve("/home/zhuran24/.local/bin/sha256sum", ["sha256sum", "--", "/tmp/kernel-audit2-v3r63b5w/\346\261\202\350\247\243\345\231\250/crates/kernel/src/seed.rs"], 0x7ffe3bafa178 /* 135 vars */) = -1 ENOENT (No such file or directory)
1430051 execve("/home/zhuran24/.opencode/bin/sha256sum", ["sha256sum", "--", "/tmp/kernel-audit2-v3r63b5w/\346\261\202\350\247\243\345\231\250/crates/kernel/src/seed.rs"], 0x7ffe3bafa178 /* 135 vars */) = -1 ENOENT (No such file or directory)
1430051 execve("/usr/local/bin/sha256sum", ["sha256sum", "--", "/tmp/kernel-audit2-v3r63b5w/\346\261\202\350\247\243\345\231\250/crates/kernel/src/seed.rs"], 0x7ffe3bafa178 /* 135 vars */) = -1 ENOENT (No such file or directory)
1430051 execve("/usr/bin/sha256sum", ["sha256sum", "--", "/tmp/kernel-audit2-v3r63b5w/\346\261\202\350\247\243\345\231\250/crates/kernel/src/seed.rs"], 0x7ffe3bafa178 /* 135 vars */) = 0
1430051 openat(AT_FDCWD</tmp/kernel-audit2-v3r63b5w/\346\261\202\350\247\243\345\231\250>, "/etc/ld.so.cache", O_RDONLY|O_CLOEXEC) = 3</etc/ld.so.cache>
1430051 openat(AT_FDCWD</tmp/kernel-audit2-v3r63b5w/\346\261\202\350\247\243\345\231\250>, "/usr/lib/libcrypto.so.3", O_RDONLY|O_CLOEXEC) = 3</usr/lib/libcrypto.so.3>
1430051 openat(AT_FDCWD</tmp/kernel-audit2-v3r63b5w/\346\261\202\350\247\243\345\231\250>, "/usr/lib/libc.so.6", O_RDONLY|O_CLOEXEC) = 3</usr/lib/libc.so.6>
1430051 openat(AT_FDCWD</tmp/kernel-audit2-v3r63b5w/\346\261\202\350\247\243\345\231\250>, "/usr/lib/libz.so.1", O_RDONLY|O_CLOEXEC) = 3</usr/lib/libz.so.1.3.1.zlib-ng>
1430051 openat(AT_FDCWD</tmp/kernel-audit2-v3r63b5w/\346\261\202\350\247\243\345\231\250>, "/usr/lib/libbrotlienc.so.1", O_RDONLY|O_CLOEXEC) = 3</usr/lib/libbrotlienc.so.1.2.0>
1430051 openat(AT_FDCWD</tmp/kernel-audit2-v3r63b5w/\346\261\202\350\247\243\345\231\250>, "/usr/lib/libbrotlidec.so.1", O_RDONLY|O_CLOEXEC) = 3</usr/lib/libbrotlidec.so.1.2.0>
1430051 openat(AT_FDCWD</tmp/kernel-audit2-v3r63b5w/\346\261\202\350\247\243\345\231\250>, "/usr/lib/libzstd.so.1", O_RDONLY|O_CLOEXEC) = 3</usr/lib/libzstd.so.1.5.7>
1430051 openat(AT_FDCWD</tmp/kernel-audit2-v3r63b5w/\346\261\202\350\247\243\345\231\250>, "/usr/lib/libm.so.6", O_RDONLY|O_CLOEXEC) = 3</usr/lib/libm.so.6>
1430051 openat(AT_FDCWD</tmp/kernel-audit2-v3r63b5w/\346\261\202\350\247\243\345\231\250>, "/usr/lib/libbrotlicommon.so.1", O_RDONLY|O_CLOEXEC) = 3</usr/lib/libbrotlicommon.so.1.2.0>
1430051 openat(AT_FDCWD</tmp/kernel-audit2-v3r63b5w/\346\261\202\350\247\243\345\231\250>, "/usr/lib/locale/locale-archive", O_RDONLY|O_CLOEXEC) = 3</usr/lib/locale/locale-archive>
1430051 openat(AT_FDCWD</tmp/kernel-audit2-v3r63b5w/\346\261\202\350\247\243\345\231\250>, "/usr/share/locale/locale.alias", O_RDONLY|O_CLOEXEC) = 3</usr/share/locale/locale.alias>
1430051 openat(AT_FDCWD</tmp/kernel-audit2-v3r63b5w/\346\261\202\350\247\243\345\231\250>, "/usr/lib/locale/C.UTF-8/LC_IDENTIFICATION", O_RDONLY|O_CLOEXEC) = -1 ENOENT (No such file or directory)
1430051 openat(AT_FDCWD</tmp/kernel-audit2-v3r63b5w/\346\261\202\350\247\243\345\231\250>, "/usr/lib/locale/C.utf8/LC_IDENTIFICATION", O_RDONLY|O_CLOEXEC) = 3</usr/lib/locale/C.utf8/LC_IDENTIFICATION>
1430051 openat(AT_FDCWD</tmp/kernel-audit2-v3r63b5w/\346\261\202\350\247\243\345\231\250>, "/usr/lib/gconv/gconv-modules.cache", O_RDONLY|O_CLOEXEC) = 3</usr/lib/gconv/gconv-modules.cache>
1430051 openat(AT_FDCWD</tmp/kernel-audit2-v3r63b5w/\346\261\202\350\247\243\345\231\250>, "/usr/lib/locale/C.UTF-8/LC_MEASUREMENT", O_RDONLY|O_CLOEXEC) = -1 ENOENT (No such file or directory)
1430051 openat(AT_FDCWD</tmp/kernel-audit2-v3r63b5w/\346\261\202\350\247\243\345\231\250>, "/usr/lib/locale/C.utf8/LC_MEASUREMENT", O_RDONLY|O_CLOEXEC) = 3</usr/lib/locale/C.utf8/LC_MEASUREMENT>
1430051 openat(AT_FDCWD</tmp/kernel-audit2-v3r63b5w/\346\261\202\350\247\243\345\231\250>, "/usr/lib/locale/C.UTF-8/LC_TELEPHONE", O_RDONLY|O_CLOEXEC) = -1 ENOENT (No such file or directory)
1430051 openat(AT_FDCWD</tmp/kernel-audit2-v3r63b5w/\346\261\202\350\247\243\345\231\250>, "/usr/lib/locale/C.utf8/LC_TELEPHONE", O_RDONLY|O_CLOEXEC) = 3</usr/lib/locale/C.utf8/LC_TELEPHONE>
1430051 openat(AT_FDCWD</tmp/kernel-audit2-v3r63b5w/\346\261\202\350\247\243\345\231\250>, "/usr/lib/locale/C.UTF-8/LC_ADDRESS", O_RDONLY|O_CLOEXEC) = -1 ENOENT (No such file or directory)
1430051 openat(AT_FDCWD</tmp/kernel-audit2-v3r63b5w/\346\261\202\350\247\243\345\231\250>, "/usr/lib/locale/C.utf8/LC_ADDRESS", O_RDONLY|O_CLOEXEC) = 3</usr/lib/locale/C.utf8/LC_ADDRESS>
1430051 openat(AT_FDCWD</tmp/kernel-audit2-v3r63b5w/\346\261\202\350\247\243\345\231\250>, "/usr/lib/locale/C.UTF-8/LC_NAME", O_RDONLY|O_CLOEXEC) = -1 ENOENT (No such file or directory)
1430051 openat(AT_FDCWD</tmp/kernel-audit2-v3r63b5w/\346\261\202\350\247\243\345\231\250>, "/usr/lib/locale/C.utf8/LC_NAME", O_RDONLY|O_CLOEXEC) = 3</usr/lib/locale/C.utf8/LC_NAME>
1430051 openat(AT_FDCWD</tmp/kernel-audit2-v3r63b5w/\346\261\202\350\247\243\345\231\250>, "/usr/lib/locale/C.UTF-8/LC_PAPER", O_RDONLY|O_CLOEXEC) = -1 ENOENT (No such file or directory)
1430051 openat(AT_FDCWD</tmp/kernel-audit2-v3r63b5w/\346\261\202\350\247\243\345\231\250>, "/usr/lib/locale/C.utf8/LC_PAPER", O_RDONLY|O_CLOEXEC) = 3</usr/lib/locale/C.utf8/LC_PAPER>
1430051 openat(AT_FDCWD</tmp/kernel-audit2-v3r63b5w/\346\261\202\350\247\243\345\231\250>, "/usr/lib/locale/C.UTF-8/LC_MESSAGES", O_RDONLY|O_CLOEXEC) = -1 ENOENT (No such file or directory)
1430051 openat(AT_FDCWD</tmp/kernel-audit2-v3r63b5w/\346\261\202\350\247\243\345\231\250>, "/usr/lib/locale/C.utf8/LC_MESSAGES", O_RDONLY|O_CLOEXEC) = 3</usr/lib/locale/C.utf8/LC_MESSAGES>
1430051 openat(AT_FDCWD</tmp/kernel-audit2-v3r63b5w/\346\261\202\350\247\243\345\231\250>, "/usr/lib/locale/C.utf8/LC_MESSAGES/SYS_LC_MESSAGES", O_RDONLY|O_CLOEXEC) = 3</usr/lib/locale/C.utf8/LC_MESSAGES/SYS_LC_MESSAGES>
1430051 openat(AT_FDCWD</tmp/kernel-audit2-v3r63b5w/\346\261\202\350\247\243\345\231\250>, "/usr/lib/locale/C.UTF-8/LC_MONETARY", O_RDONLY|O_CLOEXEC) = -1 ENOENT (No such file or directory)
1430051 openat(AT_FDCWD</tmp/kernel-audit2-v3r63b5w/\346\261\202\350\247\243\345\231\250>, "/usr/lib/locale/C.utf8/LC_MONETARY", O_RDONLY|O_CLOEXEC) = 3</usr/lib/locale/C.utf8/LC_MONETARY>
1430051 openat(AT_FDCWD</tmp/kernel-audit2-v3r63b5w/\346\261\202\350\247\243\345\231\250>, "/usr/lib/locale/C.UTF-8/LC_COLLATE", O_RDONLY|O_CLOEXEC) = -1 ENOENT (No such file or directory)
1430051 openat(AT_FDCWD</tmp/kernel-audit2-v3r63b5w/\346\261\202\350\247\243\345\231\250>, "/usr/lib/locale/C.utf8/LC_COLLATE", O_RDONLY|O_CLOEXEC) = 3</usr/lib/locale/C.utf8/LC_COLLATE>
1430051 openat(AT_FDCWD</tmp/kernel-audit2-v3r63b5w/\346\261\202\350\247\243\345\231\250>, "/usr/lib/locale/C.UTF-8/LC_TIME", O_RDONLY|O_CLOEXEC) = -1 ENOENT (No such file or directory)
1430051 openat(AT_FDCWD</tmp/kernel-audit2-v3r63b5w/\346\261\202\350\247\243\345\231\250>, "/usr/lib/locale/C.utf8/LC_TIME", O_RDONLY|O_CLOEXEC) = 3</usr/lib/locale/C.utf8/LC_TIME>
1430051 openat(AT_FDCWD</tmp/kernel-audit2-v3r63b5w/\346\261\202\350\247\243\345\231\250>, "/usr/lib/locale/C.UTF-8/LC_NUMERIC", O_RDONLY|O_CLOEXEC) = -1 ENOENT (No such file or directory)
1430051 openat(AT_FDCWD</tmp/kernel-audit2-v3r63b5w/\346\261\202\350\247\243\345\231\250>, "/usr/lib/locale/C.utf8/LC_NUMERIC", O_RDONLY|O_CLOEXEC) = 3</usr/lib/locale/C.utf8/LC_NUMERIC>
1430051 openat(AT_FDCWD</tmp/kernel-audit2-v3r63b5w/\346\261\202\350\247\243\345\231\250>, "/usr/lib/locale/C.UTF-8/LC_CTYPE", O_RDONLY|O_CLOEXEC) = -1 ENOENT (No such file or directory)
1430051 openat(AT_FDCWD</tmp/kernel-audit2-v3r63b5w/\346\261\202\350\247\243\345\231\250>, "/usr/lib/locale/C.utf8/LC_CTYPE", O_RDONLY|O_CLOEXEC) = 3</usr/lib/locale/C.utf8/LC_CTYPE>
1430051 openat(AT_FDCWD</tmp/kernel-audit2-v3r63b5w/\346\261\202\350\247\243\345\231\250>, "/tmp/kernel-audit2-v3r63b5w/\346\261\202\350\247\243\345\231\250/crates/kernel/src/seed.rs", O_RDONLY) = 3</tmp/kernel-audit2-v3r63b5w/\346\261\202\350\247\243\345\231\250/crates/kernel/src/seed.rs>
1430014 --- SIGCHLD {si_signo=SIGCHLD, si_code=CLD_EXITED, si_pid=1430051, si_uid=1000, si_status=0, si_utime=0, si_stime=0} ---
1430014 openat(AT_FDCWD</tmp/kernel-audit2-v3r63b5w/\346\261\202\350\247\243\345\231\250>, "/dev/null", O_RDONLY|O_CLOEXEC) = 3</dev/null<char 1:3>>
1430052 execve("/home/zhuran24/.codex/tmp/arg0/codex-arg0DuAZRy/sha256sum", ["sha256sum", "--", "/tmp/kernel-audit2-v3r63b5w/\346\261\202\350\247\243\345\231\250/crates/kernel/src/cache.rs"], 0x7ffe3bafa178 /* 135 vars */) = -1 ENOENT (No such file or directory)
1430052 execve("/home/zhuran24/.cargo/bin/sha256sum", ["sha256sum", "--", "/tmp/kernel-audit2-v3r63b5w/\346\261\202\350\247\243\345\231\250/crates/kernel/src/cache.rs"], 0x7ffe3bafa178 /* 135 vars */) = -1 ENOENT (No such file or directory)
1430052 execve("/home/zhuran24/.local/bin/sha256sum", ["sha256sum", "--", "/tmp/kernel-audit2-v3r63b5w/\346\261\202\350\247\243\345\231\250/crates/kernel/src/cache.rs"], 0x7ffe3bafa178 /* 135 vars */) = -1 ENOENT (No such file or directory)
1430052 execve("/home/zhuran24/.opencode/bin/sha256sum", ["sha256sum", "--", "/tmp/kernel-audit2-v3r63b5w/\346\261\202\350\247\243\345\231\250/crates/kernel/src/cache.rs"], 0x7ffe3bafa178 /* 135 vars */) = -1 ENOENT (No such file or directory)
1430052 execve("/usr/local/bin/sha256sum", ["sha256sum", "--", "/tmp/kernel-audit2-v3r63b5w/\346\261\202\350\247\243\345\231\250/crates/kernel/src/cache.rs"], 0x7ffe3bafa178 /* 135 vars */) = -1 ENOENT (No such file or directory)
1430052 execve("/usr/bin/sha256sum", ["sha256sum", "--", "/tmp/kernel-audit2-v3r63b5w/\346\261\202\350\247\243\345\231\250/crates/kernel/src/cache.rs"], 0x7ffe3bafa178 /* 135 vars */) = 0
1430052 openat(AT_FDCWD</tmp/kernel-audit2-v3r63b5w/\346\261\202\350\247\243\345\231\250>, "/etc/ld.so.cache", O_RDONLY|O_CLOEXEC) = 3</etc/ld.so.cache>
1430052 openat(AT_FDCWD</tmp/kernel-audit2-v3r63b5w/\346\261\202\350\247\243\345\231\250>, "/usr/lib/libcrypto.so.3", O_RDONLY|O_CLOEXEC) = 3</usr/lib/libcrypto.so.3>
1430052 openat(AT_FDCWD</tmp/kernel-audit2-v3r63b5w/\346\261\202\350\247\243\345\231\250>, "/usr/lib/libc.so.6", O_RDONLY|O_CLOEXEC) = 3</usr/lib/libc.so.6>
1430052 openat(AT_FDCWD</tmp/kernel-audit2-v3r63b5w/\346\261\202\350\247\243\345\231\250>, "/usr/lib/libz.so.1", O_RDONLY|O_CLOEXEC) = 3</usr/lib/libz.so.1.3.1.zlib-ng>
1430052 openat(AT_FDCWD</tmp/kernel-audit2-v3r63b5w/\346\261\202\350\247\243\345\231\250>, "/usr/lib/libbrotlienc.so.1", O_RDONLY|O_CLOEXEC) = 3</usr/lib/libbrotlienc.so.1.2.0>
1430052 openat(AT_FDCWD</tmp/kernel-audit2-v3r63b5w/\346\261\202\350\247\243\345\231\250>, "/usr/lib/libbrotlidec.so.1", O_RDONLY|O_CLOEXEC) = 3</usr/lib/libbrotlidec.so.1.2.0>
1430052 openat(AT_FDCWD</tmp/kernel-audit2-v3r63b5w/\346\261\202\350\247\243\345\231\250>, "/usr/lib/libzstd.so.1", O_RDONLY|O_CLOEXEC) = 3</usr/lib/libzstd.so.1.5.7>
1430052 openat(AT_FDCWD</tmp/kernel-audit2-v3r63b5w/\346\261\202\350\247\243\345\231\250>, "/usr/lib/libm.so.6", O_RDONLY|O_CLOEXEC) = 3</usr/lib/libm.so.6>
1430052 openat(AT_FDCWD</tmp/kernel-audit2-v3r63b5w/\346\261\202\350\247\243\345\231\250>, "/usr/lib/libbrotlicommon.so.1", O_RDONLY|O_CLOEXEC) = 3</usr/lib/libbrotlicommon.so.1.2.0>
1430052 openat(AT_FDCWD</tmp/kernel-audit2-v3r63b5w/\346\261\202\350\247\243\345\231\250>, "/usr/lib/locale/locale-archive", O_RDONLY|O_CLOEXEC) = 3</usr/lib/locale/locale-archive>
1430052 openat(AT_FDCWD</tmp/kernel-audit2-v3r63b5w/\346\261\202\350\247\243\345\231\250>, "/usr/share/locale/locale.alias", O_RDONLY|O_CLOEXEC) = 3</usr/share/locale/locale.alias>
1430052 openat(AT_FDCWD</tmp/kernel-audit2-v3r63b5w/\346\261\202\350\247\243\345\231\250>, "/usr/lib/locale/C.UTF-8/LC_IDENTIFICATION", O_RDONLY|O_CLOEXEC) = -1 ENOENT (No such file or directory)
1430052 openat(AT_FDCWD</tmp/kernel-audit2-v3r63b5w/\346\261\202\350\247\243\345\231\250>, "/usr/lib/locale/C.utf8/LC_IDENTIFICATION", O_RDONLY|O_CLOEXEC) = 3</usr/lib/locale/C.utf8/LC_IDENTIFICATION>
1430052 openat(AT_FDCWD</tmp/kernel-audit2-v3r63b5w/\346\261\202\350\247\243\345\231\250>, "/usr/lib/gconv/gconv-modules.cache", O_RDONLY|O_CLOEXEC) = 3</usr/lib/gconv/gconv-modules.cache>
1430052 openat(AT_FDCWD</tmp/kernel-audit2-v3r63b5w/\346\261\202\350\247\243\345\231\250>, "/usr/lib/locale/C.UTF-8/LC_MEASUREMENT", O_RDONLY|O_CLOEXEC) = -1 ENOENT (No such file or directory)
1430052 openat(AT_FDCWD</tmp/kernel-audit2-v3r63b5w/\346\261\202\350\247\243\345\231\250>, "/usr/lib/locale/C.utf8/LC_MEASUREMENT", O_RDONLY|O_CLOEXEC) = 3</usr/lib/locale/C.utf8/LC_MEASUREMENT>
1430052 openat(AT_FDCWD</tmp/kernel-audit2-v3r63b5w/\346\261\202\350\247\243\345\231\250>, "/usr/lib/locale/C.UTF-8/LC_TELEPHONE", O_RDONLY|O_CLOEXEC) = -1 ENOENT (No such file or directory)
1430052 openat(AT_FDCWD</tmp/kernel-audit2-v3r63b5w/\346\261\202\350\247\243\345\231\250>, "/usr/lib/locale/C.utf8/LC_TELEPHONE", O_RDONLY|O_CLOEXEC) = 3</usr/lib/locale/C.utf8/LC_TELEPHONE>
1430052 openat(AT_FDCWD</tmp/kernel-audit2-v3r63b5w/\346\261\202\350\247\243\345\231\250>, "/usr/lib/locale/C.UTF-8/LC_ADDRESS", O_RDONLY|O_CLOEXEC) = -1 ENOENT (No such file or directory)
1430052 openat(AT_FDCWD</tmp/kernel-audit2-v3r63b5w/\346\261\202\350\247\243\345\231\250>, "/usr/lib/locale/C.utf8/LC_ADDRESS", O_RDONLY|O_CLOEXEC) = 3</usr/lib/locale/C.utf8/LC_ADDRESS>
1430052 openat(AT_FDCWD</tmp/kernel-audit2-v3r63b5w/\346\261\202\350\247\243\345\231\250>, "/usr/lib/locale/C.UTF-8/LC_NAME", O_RDONLY|O_CLOEXEC) = -1 ENOENT (No such file or directory)
1430052 openat(AT_FDCWD</tmp/kernel-audit2-v3r63b5w/\346\261\202\350\247\243\345\231\250>, "/usr/lib/locale/C.utf8/LC_NAME", O_RDONLY|O_CLOEXEC) = 3</usr/lib/locale/C.utf8/LC_NAME>
1430052 openat(AT_FDCWD</tmp/kernel-audit2-v3r63b5w/\346\261\202\350\247\243\345\231\250>, "/usr/lib/locale/C.UTF-8/LC_PAPER", O_RDONLY|O_CLOEXEC) = -1 ENOENT (No such file or directory)
1430052 openat(AT_FDCWD</tmp/kernel-audit2-v3r63b5w/\346\261\202\350\247\243\345\231\250>, "/usr/lib/locale/C.utf8/LC_PAPER", O_RDONLY|O_CLOEXEC) = 3</usr/lib/locale/C.utf8/LC_PAPER>
1430052 openat(AT_FDCWD</tmp/kernel-audit2-v3r63b5w/\346\261\202\350\247\243\345\231\250>, "/usr/lib/locale/C.UTF-8/LC_MESSAGES", O_RDONLY|O_CLOEXEC) = -1 ENOENT (No such file or directory)
1430052 openat(AT_FDCWD</tmp/kernel-audit2-v3r63b5w/\346\261\202\350\247\243\345\231\250>, "/usr/lib/locale/C.utf8/LC_MESSAGES", O_RDONLY|O_CLOEXEC) = 3</usr/lib/locale/C.utf8/LC_MESSAGES>
1430052 openat(AT_FDCWD</tmp/kernel-audit2-v3r63b5w/\346\261\202\350\247\243\345\231\250>, "/usr/lib/locale/C.utf8/LC_MESSAGES/SYS_LC_MESSAGES", O_RDONLY|O_CLOEXEC) = 3</usr/lib/locale/C.utf8/LC_MESSAGES/SYS_LC_MESSAGES>
1430052 openat(AT_FDCWD</tmp/kernel-audit2-v3r63b5w/\346\261\202\350\247\243\345\231\250>, "/usr/lib/locale/C.UTF-8/LC_MONETARY", O_RDONLY|O_CLOEXEC) = -1 ENOENT (No such file or directory)
1430052 openat(AT_FDCWD</tmp/kernel-audit2-v3r63b5w/\346\261\202\350\247\243\345\231\250>, "/usr/lib/locale/C.utf8/LC_MONETARY", O_RDONLY|O_CLOEXEC) = 3</usr/lib/locale/C.utf8/LC_MONETARY>
1430052 openat(AT_FDCWD</tmp/kernel-audit2-v3r63b5w/\346\261\202\350\247\243\345\231\250>, "/usr/lib/locale/C.UTF-8/LC_COLLATE", O_RDONLY|O_CLOEXEC) = -1 ENOENT (No such file or directory)
1430052 openat(AT_FDCWD</tmp/kernel-audit2-v3r63b5w/\346\261\202\350\247\243\345\231\250>, "/usr/lib/locale/C.utf8/LC_COLLATE", O_RDONLY|O_CLOEXEC) = 3</usr/lib/locale/C.utf8/LC_COLLATE>
1430052 openat(AT_FDCWD</tmp/kernel-audit2-v3r63b5w/\346\261\202\350\247\243\345\231\250>, "/usr/lib/locale/C.UTF-8/LC_TIME", O_RDONLY|O_CLOEXEC) = -1 ENOENT (No such file or directory)
1430052 openat(AT_FDCWD</tmp/kernel-audit2-v3r63b5w/\346\261\202\350\247\243\345\231\250>, "/usr/lib/locale/C.utf8/LC_TIME", O_RDONLY|O_CLOEXEC) = 3</usr/lib/locale/C.utf8/LC_TIME>
1430052 openat(AT_FDCWD</tmp/kernel-audit2-v3r63b5w/\346\261\202\350\247\243\345\231\250>, "/usr/lib/locale/C.UTF-8/LC_NUMERIC", O_RDONLY|O_CLOEXEC) = -1 ENOENT (No such file or directory)
1430052 openat(AT_FDCWD</tmp/kernel-audit2-v3r63b5w/\346\261\202\350\247\243\345\231\250>, "/usr/lib/locale/C.utf8/LC_NUMERIC", O_RDONLY|O_CLOEXEC) = 3</usr/lib/locale/C.utf8/LC_NUMERIC>
1430052 openat(AT_FDCWD</tmp/kernel-audit2-v3r63b5w/\346\261\202\350\247\243\345\231\250>, "/usr/lib/locale/C.UTF-8/LC_CTYPE", O_RDONLY|O_CLOEXEC) = -1 ENOENT (No such file or directory)
1430052 openat(AT_FDCWD</tmp/kernel-audit2-v3r63b5w/\346\261\202\350\247\243\345\231\250>, "/usr/lib/locale/C.utf8/LC_CTYPE", O_RDONLY|O_CLOEXEC) = 3</usr/lib/locale/C.utf8/LC_CTYPE>
1430052 openat(AT_FDCWD</tmp/kernel-audit2-v3r63b5w/\346\261\202\350\247\243\345\231\250>, "/tmp/kernel-audit2-v3r63b5w/\346\261\202\350\247\243\345\231\250/crates/kernel/src/cache.rs", O_RDONLY) = 3</tmp/kernel-audit2-v3r63b5w/\346\261\202\350\247\243\345\231\250/crates/kernel/src/cache.rs>
1430014 --- SIGCHLD {si_signo=SIGCHLD, si_code=CLD_EXITED, si_pid=1430052, si_uid=1000, si_status=0, si_utime=0, si_stime=0} ---
1430014 openat(AT_FDCWD</tmp/kernel-audit2-v3r63b5w/\346\261\202\350\247\243\345\231\250>, "/dev/null", O_RDONLY|O_CLOEXEC) = 3</dev/null<char 1:3>>
1430053 execve("/home/zhuran24/.codex/tmp/arg0/codex-arg0DuAZRy/sha256sum", ["sha256sum", "--", "/tmp/kernel-audit2-v3r63b5w/\346\261\202\350\247\243\345\231\250/crates/kernel/src/lib.rs"], 0x7ffe3bafa178 /* 135 vars */) = -1 ENOENT (No such file or directory)
1430053 execve("/home/zhuran24/.cargo/bin/sha256sum", ["sha256sum", "--", "/tmp/kernel-audit2-v3r63b5w/\346\261\202\350\247\243\345\231\250/crates/kernel/src/lib.rs"], 0x7ffe3bafa178 /* 135 vars */) = -1 ENOENT (No such file or directory)
1430053 execve("/home/zhuran24/.local/bin/sha256sum", ["sha256sum", "--", "/tmp/kernel-audit2-v3r63b5w/\346\261\202\350\247\243\345\231\250/crates/kernel/src/lib.rs"], 0x7ffe3bafa178 /* 135 vars */) = -1 ENOENT (No such file or directory)
1430053 execve("/home/zhuran24/.opencode/bin/sha256sum", ["sha256sum", "--", "/tmp/kernel-audit2-v3r63b5w/\346\261\202\350\247\243\345\231\250/crates/kernel/src/lib.rs"], 0x7ffe3bafa178 /* 135 vars */) = -1 ENOENT (No such file or directory)
1430053 execve("/usr/local/bin/sha256sum", ["sha256sum", "--", "/tmp/kernel-audit2-v3r63b5w/\346\261\202\350\247\243\345\231\250/crates/kernel/src/lib.rs"], 0x7ffe3bafa178 /* 135 vars */) = -1 ENOENT (No such file or directory)
1430053 execve("/usr/bin/sha256sum", ["sha256sum", "--", "/tmp/kernel-audit2-v3r63b5w/\346\261\202\350\247\243\345\231\250/crates/kernel/src/lib.rs"], 0x7ffe3bafa178 /* 135 vars */) = 0
1430053 openat(AT_FDCWD</tmp/kernel-audit2-v3r63b5w/\346\261\202\350\247\243\345\231\250>, "/etc/ld.so.cache", O_RDONLY|O_CLOEXEC) = 3</etc/ld.so.cache>
1430053 openat(AT_FDCWD</tmp/kernel-audit2-v3r63b5w/\346\261\202\350\247\243\345\231\250>, "/usr/lib/libcrypto.so.3", O_RDONLY|O_CLOEXEC) = 3</usr/lib/libcrypto.so.3>
1430053 openat(AT_FDCWD</tmp/kernel-audit2-v3r63b5w/\346\261\202\350\247\243\345\231\250>, "/usr/lib/libc.so.6", O_RDONLY|O_CLOEXEC) = 3</usr/lib/libc.so.6>
1430053 openat(AT_FDCWD</tmp/kernel-audit2-v3r63b5w/\346\261\202\350\247\243\345\231\250>, "/usr/lib/libz.so.1", O_RDONLY|O_CLOEXEC) = 3</usr/lib/libz.so.1.3.1.zlib-ng>
1430053 openat(AT_FDCWD</tmp/kernel-audit2-v3r63b5w/\346\261\202\350\247\243\345\231\250>, "/usr/lib/libbrotlienc.so.1", O_RDONLY|O_CLOEXEC) = 3</usr/lib/libbrotlienc.so.1.2.0>
1430053 openat(AT_FDCWD</tmp/kernel-audit2-v3r63b5w/\346\261\202\350\247\243\345\231\250>, "/usr/lib/libbrotlidec.so.1", O_RDONLY|O_CLOEXEC) = 3</usr/lib/libbrotlidec.so.1.2.0>
1430053 openat(AT_FDCWD</tmp/kernel-audit2-v3r63b5w/\346\261\202\350\247\243\345\231\250>, "/usr/lib/libzstd.so.1", O_RDONLY|O_CLOEXEC) = 3</usr/lib/libzstd.so.1.5.7>
1430053 openat(AT_FDCWD</tmp/kernel-audit2-v3r63b5w/\346\261\202\350\247\243\345\231\250>, "/usr/lib/libm.so.6", O_RDONLY|O_CLOEXEC) = 3</usr/lib/libm.so.6>
1430053 openat(AT_FDCWD</tmp/kernel-audit2-v3r63b5w/\346\261\202\350\247\243\345\231\250>, "/usr/lib/libbrotlicommon.so.1", O_RDONLY|O_CLOEXEC) = 3</usr/lib/libbrotlicommon.so.1.2.0>
1430053 openat(AT_FDCWD</tmp/kernel-audit2-v3r63b5w/\346\261\202\350\247\243\345\231\250>, "/usr/lib/locale/locale-archive", O_RDONLY|O_CLOEXEC) = 3</usr/lib/locale/locale-archive>
1430053 openat(AT_FDCWD</tmp/kernel-audit2-v3r63b5w/\346\261\202\350\247\243\345\231\250>, "/usr/share/locale/locale.alias", O_RDONLY|O_CLOEXEC) = 3</usr/share/locale/locale.alias>
1430053 openat(AT_FDCWD</tmp/kernel-audit2-v3r63b5w/\346\261\202\350\247\243\345\231\250>, "/usr/lib/locale/C.UTF-8/LC_IDENTIFICATION", O_RDONLY|O_CLOEXEC) = -1 ENOENT (No such file or directory)
1430053 openat(AT_FDCWD</tmp/kernel-audit2-v3r63b5w/\346\261\202\350\247\243\345\231\250>, "/usr/lib/locale/C.utf8/LC_IDENTIFICATION", O_RDONLY|O_CLOEXEC) = 3</usr/lib/locale/C.utf8/LC_IDENTIFICATION>
1430053 openat(AT_FDCWD</tmp/kernel-audit2-v3r63b5w/\346\261\202\350\247\243\345\231\250>, "/usr/lib/gconv/gconv-modules.cache", O_RDONLY|O_CLOEXEC) = 3</usr/lib/gconv/gconv-modules.cache>
1430053 openat(AT_FDCWD</tmp/kernel-audit2-v3r63b5w/\346\261\202\350\247\243\345\231\250>, "/usr/lib/locale/C.UTF-8/LC_MEASUREMENT", O_RDONLY|O_CLOEXEC) = -1 ENOENT (No such file or directory)
1430053 openat(AT_FDCWD</tmp/kernel-audit2-v3r63b5w/\346\261\202\350\247\243\345\231\250>, "/usr/lib/locale/C.utf8/LC_MEASUREMENT", O_RDONLY|O_CLOEXEC) = 3</usr/lib/locale/C.utf8/LC_MEASUREMENT>
1430053 openat(AT_FDCWD</tmp/kernel-audit2-v3r63b5w/\346\261\202\350\247\243\345\231\250>, "/usr/lib/locale/C.UTF-8/LC_TELEPHONE", O_RDONLY|O_CLOEXEC) = -1 ENOENT (No such file or directory)
1430053 openat(AT_FDCWD</tmp/kernel-audit2-v3r63b5w/\346\261\202\350\247\243\345\231\250>, "/usr/lib/locale/C.utf8/LC_TELEPHONE", O_RDONLY|O_CLOEXEC) = 3</usr/lib/locale/C.utf8/LC_TELEPHONE>
1430053 openat(AT_FDCWD</tmp/kernel-audit2-v3r63b5w/\346\261\202\350\247\243\345\231\250>, "/usr/lib/locale/C.UTF-8/LC_ADDRESS", O_RDONLY|O_CLOEXEC) = -1 ENOENT (No such file or directory)
1430053 openat(AT_FDCWD</tmp/kernel-audit2-v3r63b5w/\346\261\202\350\247\243\345\231\250>, "/usr/lib/locale/C.utf8/LC_ADDRESS", O_RDONLY|O_CLOEXEC) = 3</usr/lib/locale/C.utf8/LC_ADDRESS>
1430053 openat(AT_FDCWD</tmp/kernel-audit2-v3r63b5w/\346\261\202\350\247\243\345\231\250>, "/usr/lib/locale/C.UTF-8/LC_NAME", O_RDONLY|O_CLOEXEC) = -1 ENOENT (No such file or directory)
1430053 openat(AT_FDCWD</tmp/kernel-audit2-v3r63b5w/\346\261\202\350\247\243\345\231\250>, "/usr/lib/locale/C.utf8/LC_NAME", O_RDONLY|O_CLOEXEC) = 3</usr/lib/locale/C.utf8/LC_NAME>
1430053 openat(AT_FDCWD</tmp/kernel-audit2-v3r63b5w/\346\261\202\350\247\243\345\231\250>, "/usr/lib/locale/C.UTF-8/LC_PAPER", O_RDONLY|O_CLOEXEC) = -1 ENOENT (No such file or directory)
1430053 openat(AT_FDCWD</tmp/kernel-audit2-v3r63b5w/\346\261\202\350\247\243\345\231\250>, "/usr/lib/locale/C.utf8/LC_PAPER", O_RDONLY|O_CLOEXEC) = 3</usr/lib/locale/C.utf8/LC_PAPER>
1430053 openat(AT_FDCWD</tmp/kernel-audit2-v3r63b5w/\346\261\202\350\247\243\345\231\250>, "/usr/lib/locale/C.UTF-8/LC_MESSAGES", O_RDONLY|O_CLOEXEC) = -1 ENOENT (No such file or directory)
1430053 openat(AT_FDCWD</tmp/kernel-audit2-v3r63b5w/\346\261\202\350\247\243\345\231\250>, "/usr/lib/locale/C.utf8/LC_MESSAGES", O_RDONLY|O_CLOEXEC) = 3</usr/lib/locale/C.utf8/LC_MESSAGES>
1430053 openat(AT_FDCWD</tmp/kernel-audit2-v3r63b5w/\346\261\202\350\247\243\345\231\250>, "/usr/lib/locale/C.utf8/LC_MESSAGES/SYS_LC_MESSAGES", O_RDONLY|O_CLOEXEC) = 3</usr/lib/locale/C.utf8/LC_MESSAGES/SYS_LC_MESSAGES>
1430053 openat(AT_FDCWD</tmp/kernel-audit2-v3r63b5w/\346\261\202\350\247\243\345\231\250>, "/usr/lib/locale/C.UTF-8/LC_MONETARY", O_RDONLY|O_CLOEXEC) = -1 ENOENT (No such file or directory)
1430053 openat(AT_FDCWD</tmp/kernel-audit2-v3r63b5w/\346\261\202\350\247\243\345\231\250>, "/usr/lib/locale/C.utf8/LC_MONETARY", O_RDONLY|O_CLOEXEC) = 3</usr/lib/locale/C.utf8/LC_MONETARY>
1430053 openat(AT_FDCWD</tmp/kernel-audit2-v3r63b5w/\346\261\202\350\247\243\345\231\250>, "/usr/lib/locale/C.UTF-8/LC_COLLATE", O_RDONLY|O_CLOEXEC) = -1 ENOENT (No such file or directory)
1430053 openat(AT_FDCWD</tmp/kernel-audit2-v3r63b5w/\346\261\202\350\247\243\345\231\250>, "/usr/lib/locale/C.utf8/LC_COLLATE", O_RDONLY|O_CLOEXEC) = 3</usr/lib/locale/C.utf8/LC_COLLATE>
1430053 openat(AT_FDCWD</tmp/kernel-audit2-v3r63b5w/\346\261\202\350\247\243\345\231\250>, "/usr/lib/locale/C.UTF-8/LC_TIME", O_RDONLY|O_CLOEXEC) = -1 ENOENT (No such file or directory)
1430053 openat(AT_FDCWD</tmp/kernel-audit2-v3r63b5w/\346\261\202\350\247\243\345\231\250>, "/usr/lib/locale/C.utf8/LC_TIME", O_RDONLY|O_CLOEXEC) = 3</usr/lib/locale/C.utf8/LC_TIME>
1430053 openat(AT_FDCWD</tmp/kernel-audit2-v3r63b5w/\346\261\202\350\247\243\345\231\250>, "/usr/lib/locale/C.UTF-8/LC_NUMERIC", O_RDONLY|O_CLOEXEC) = -1 ENOENT (No such file or directory)
1430053 openat(AT_FDCWD</tmp/kernel-audit2-v3r63b5w/\346\261\202\350\247\243\345\231\250>, "/usr/lib/locale/C.utf8/LC_NUMERIC", O_RDONLY|O_CLOEXEC) = 3</usr/lib/locale/C.utf8/LC_NUMERIC>
1430053 openat(AT_FDCWD</tmp/kernel-audit2-v3r63b5w/\346\261\202\350\247\243\345\231\250>, "/usr/lib/locale/C.UTF-8/LC_CTYPE", O_RDONLY|O_CLOEXEC) = -1 ENOENT (No such file or directory)
1430053 openat(AT_FDCWD</tmp/kernel-audit2-v3r63b5w/\346\261\202\350\247\243\345\231\250>, "/usr/lib/locale/C.utf8/LC_CTYPE", O_RDONLY|O_CLOEXEC) = 3</usr/lib/locale/C.utf8/LC_CTYPE>
1430053 openat(AT_FDCWD</tmp/kernel-audit2-v3r63b5w/\346\261\202\350\247\243\345\231\250>, "/tmp/kernel-audit2-v3r63b5w/\346\261\202\350\247\243\345\231\250/crates/kernel/src/lib.rs", O_RDONLY) = 3</tmp/kernel-audit2-v3r63b5w/\346\261\202\350\247\243\345\231\250/crates/kernel/src/lib.rs>
1430014 --- SIGCHLD {si_signo=SIGCHLD, si_code=CLD_EXITED, si_pid=1430053, si_uid=1000, si_status=0, si_utime=0, si_stime=0} ---
1430014 openat(AT_FDCWD</tmp/kernel-audit2-v3r63b5w/\346\261\202\350\247\243\345\231\250>, "/dev/null", O_RDONLY|O_CLOEXEC) = 3</dev/null<char 1:3>>
1430054 execve("/home/zhuran24/.codex/tmp/arg0/codex-arg0DuAZRy/sha256sum", ["sha256sum", "--", "/tmp/kernel-audit2-v3r63b5w/\346\261\202\350\247\243\345\231\250/crates/kernel/src/main.rs"], 0x7ffe3bafa178 /* 135 vars */) = -1 ENOENT (No such file or directory)
1430054 execve("/home/zhuran24/.cargo/bin/sha256sum", ["sha256sum", "--", "/tmp/kernel-audit2-v3r63b5w/\346\261\202\350\247\243\345\231\250/crates/kernel/src/main.rs"], 0x7ffe3bafa178 /* 135 vars */) = -1 ENOENT (No such file or directory)
1430054 execve("/home/zhuran24/.local/bin/sha256sum", ["sha256sum", "--", "/tmp/kernel-audit2-v3r63b5w/\346\261\202\350\247\243\345\231\250/crates/kernel/src/main.rs"], 0x7ffe3bafa178 /* 135 vars */) = -1 ENOENT (No such file or directory)
1430054 execve("/home/zhuran24/.opencode/bin/sha256sum", ["sha256sum", "--", "/tmp/kernel-audit2-v3r63b5w/\346\261\202\350\247\243\345\231\250/crates/kernel/src/main.rs"], 0x7ffe3bafa178 /* 135 vars */) = -1 ENOENT (No such file or directory)
1430054 execve("/usr/local/bin/sha256sum", ["sha256sum", "--", "/tmp/kernel-audit2-v3r63b5w/\346\261\202\350\247\243\345\231\250/crates/kernel/src/main.rs"], 0x7ffe3bafa178 /* 135 vars */) = -1 ENOENT (No such file or directory)
1430054 execve("/usr/bin/sha256sum", ["sha256sum", "--", "/tmp/kernel-audit2-v3r63b5w/\346\261\202\350\247\243\345\231\250/crates/kernel/src/main.rs"], 0x7ffe3bafa178 /* 135 vars */) = 0
1430054 openat(AT_FDCWD</tmp/kernel-audit2-v3r63b5w/\346\261\202\350\247\243\345\231\250>, "/etc/ld.so.cache", O_RDONLY|O_CLOEXEC) = 3</etc/ld.so.cache>
1430054 openat(AT_FDCWD</tmp/kernel-audit2-v3r63b5w/\346\261\202\350\247\243\345\231\250>, "/usr/lib/libcrypto.so.3", O_RDONLY|O_CLOEXEC) = 3</usr/lib/libcrypto.so.3>
1430054 openat(AT_FDCWD</tmp/kernel-audit2-v3r63b5w/\346\261\202\350\247\243\345\231\250>, "/usr/lib/libc.so.6", O_RDONLY|O_CLOEXEC) = 3</usr/lib/libc.so.6>
1430054 openat(AT_FDCWD</tmp/kernel-audit2-v3r63b5w/\346\261\202\350\247\243\345\231\250>, "/usr/lib/libz.so.1", O_RDONLY|O_CLOEXEC) = 3</usr/lib/libz.so.1.3.1.zlib-ng>
1430054 openat(AT_FDCWD</tmp/kernel-audit2-v3r63b5w/\346\261\202\350\247\243\345\231\250>, "/usr/lib/libbrotlienc.so.1", O_RDONLY|O_CLOEXEC) = 3</usr/lib/libbrotlienc.so.1.2.0>
1430054 openat(AT_FDCWD</tmp/kernel-audit2-v3r63b5w/\346\261\202\350\247\243\345\231\250>, "/usr/lib/libbrotlidec.so.1", O_RDONLY|O_CLOEXEC) = 3</usr/lib/libbrotlidec.so.1.2.0>
1430054 openat(AT_FDCWD</tmp/kernel-audit2-v3r63b5w/\346\261\202\350\247\243\345\231\250>, "/usr/lib/libzstd.so.1", O_RDONLY|O_CLOEXEC) = 3</usr/lib/libzstd.so.1.5.7>
1430054 openat(AT_FDCWD</tmp/kernel-audit2-v3r63b5w/\346\261\202\350\247\243\345\231\250>, "/usr/lib/libm.so.6", O_RDONLY|O_CLOEXEC) = 3</usr/lib/libm.so.6>
1430054 openat(AT_FDCWD</tmp/kernel-audit2-v3r63b5w/\346\261\202\350\247\243\345\231\250>, "/usr/lib/libbrotlicommon.so.1", O_RDONLY|O_CLOEXEC) = 3</usr/lib/libbrotlicommon.so.1.2.0>
1430054 openat(AT_FDCWD</tmp/kernel-audit2-v3r63b5w/\346\261\202\350\247\243\345\231\250>, "/usr/lib/locale/locale-archive", O_RDONLY|O_CLOEXEC) = 3</usr/lib/locale/locale-archive>
1430054 openat(AT_FDCWD</tmp/kernel-audit2-v3r63b5w/\346\261\202\350\247\243\345\231\250>, "/usr/share/locale/locale.alias", O_RDONLY|O_CLOEXEC) = 3</usr/share/locale/locale.alias>
1430054 openat(AT_FDCWD</tmp/kernel-audit2-v3r63b5w/\346\261\202\350\247\243\345\231\250>, "/usr/lib/locale/C.UTF-8/LC_IDENTIFICATION", O_RDONLY|O_CLOEXEC) = -1 ENOENT (No such file or directory)
1430054 openat(AT_FDCWD</tmp/kernel-audit2-v3r63b5w/\346\261\202\350\247\243\345\231\250>, "/usr/lib/locale/C.utf8/LC_IDENTIFICATION", O_RDONLY|O_CLOEXEC) = 3</usr/lib/locale/C.utf8/LC_IDENTIFICATION>
1430054 openat(AT_FDCWD</tmp/kernel-audit2-v3r63b5w/\346\261\202\350\247\243\345\231\250>, "/usr/lib/gconv/gconv-modules.cache", O_RDONLY|O_CLOEXEC) = 3</usr/lib/gconv/gconv-modules.cache>
1430054 openat(AT_FDCWD</tmp/kernel-audit2-v3r63b5w/\346\261\202\350\247\243\345\231\250>, "/usr/lib/locale/C.UTF-8/LC_MEASUREMENT", O_RDONLY|O_CLOEXEC) = -1 ENOENT (No such file or directory)
1430054 openat(AT_FDCWD</tmp/kernel-audit2-v3r63b5w/\346\261\202\350\247\243\345\231\250>, "/usr/lib/locale/C.utf8/LC_MEASUREMENT", O_RDONLY|O_CLOEXEC) = 3</usr/lib/locale/C.utf8/LC_MEASUREMENT>
1430054 openat(AT_FDCWD</tmp/kernel-audit2-v3r63b5w/\346\261\202\350\247\243\345\231\250>, "/usr/lib/locale/C.UTF-8/LC_TELEPHONE", O_RDONLY|O_CLOEXEC) = -1 ENOENT (No such file or directory)
1430054 openat(AT_FDCWD</tmp/kernel-audit2-v3r63b5w/\346\261\202\350\247\243\345\231\250>, "/usr/lib/locale/C.utf8/LC_TELEPHONE", O_RDONLY|O_CLOEXEC) = 3</usr/lib/locale/C.utf8/LC_TELEPHONE>
1430054 openat(AT_FDCWD</tmp/kernel-audit2-v3r63b5w/\346\261\202\350\247\243\345\231\250>, "/usr/lib/locale/C.UTF-8/LC_ADDRESS", O_RDONLY|O_CLOEXEC) = -1 ENOENT (No such file or directory)
1430054 openat(AT_FDCWD</tmp/kernel-audit2-v3r63b5w/\346\261\202\350\247\243\345\231\250>, "/usr/lib/locale/C.utf8/LC_ADDRESS", O_RDONLY|O_CLOEXEC) = 3</usr/lib/locale/C.utf8/LC_ADDRESS>
1430054 openat(AT_FDCWD</tmp/kernel-audit2-v3r63b5w/\346\261\202\350\247\243\345\231\250>, "/usr/lib/locale/C.UTF-8/LC_NAME", O_RDONLY|O_CLOEXEC) = -1 ENOENT (No such file or directory)
1430054 openat(AT_FDCWD</tmp/kernel-audit2-v3r63b5w/\346\261\202\350\247\243\345\231\250>, "/usr/lib/locale/C.utf8/LC_NAME", O_RDONLY|O_CLOEXEC) = 3</usr/lib/locale/C.utf8/LC_NAME>
1430054 openat(AT_FDCWD</tmp/kernel-audit2-v3r63b5w/\346\261\202\350\247\243\345\231\250>, "/usr/lib/locale/C.UTF-8/LC_PAPER", O_RDONLY|O_CLOEXEC) = -1 ENOENT (No such file or directory)
1430054 openat(AT_FDCWD</tmp/kernel-audit2-v3r63b5w/\346\261\202\350\247\243\345\231\250>, "/usr/lib/locale/C.utf8/LC_PAPER", O_RDONLY|O_CLOEXEC) = 3</usr/lib/locale/C.utf8/LC_PAPER>
1430054 openat(AT_FDCWD</tmp/kernel-audit2-v3r63b5w/\346\261\202\350\247\243\345\231\250>, "/usr/lib/locale/C.UTF-8/LC_MESSAGES", O_RDONLY|O_CLOEXEC) = -1 ENOENT (No such file or directory)
1430054 openat(AT_FDCWD</tmp/kernel-audit2-v3r63b5w/\346\261\202\350\247\243\345\231\250>, "/usr/lib/locale/C.utf8/LC_MESSAGES", O_RDONLY|O_CLOEXEC) = 3</usr/lib/locale/C.utf8/LC_MESSAGES>
1430054 openat(AT_FDCWD</tmp/kernel-audit2-v3r63b5w/\346\261\202\350\247\243\345\231\250>, "/usr/lib/locale/C.utf8/LC_MESSAGES/SYS_LC_MESSAGES", O_RDONLY|O_CLOEXEC) = 3</usr/lib/locale/C.utf8/LC_MESSAGES/SYS_LC_MESSAGES>
1430054 openat(AT_FDCWD</tmp/kernel-audit2-v3r63b5w/\346\261\202\350\247\243\345\231\250>, "/usr/lib/locale/C.UTF-8/LC_MONETARY", O_RDONLY|O_CLOEXEC) = -1 ENOENT (No such file or directory)
1430054 openat(AT_FDCWD</tmp/kernel-audit2-v3r63b5w/\346\261\202\350\247\243\345\231\250>, "/usr/lib/locale/C.utf8/LC_MONETARY", O_RDONLY|O_CLOEXEC) = 3</usr/lib/locale/C.utf8/LC_MONETARY>
1430054 openat(AT_FDCWD</tmp/kernel-audit2-v3r63b5w/\346\261\202\350\247\243\345\231\250>, "/usr/lib/locale/C.UTF-8/LC_COLLATE", O_RDONLY|O_CLOEXEC) = -1 ENOENT (No such file or directory)
1430054 openat(AT_FDCWD</tmp/kernel-audit2-v3r63b5w/\346\261\202\350\247\243\345\231\250>, "/usr/lib/locale/C.utf8/LC_COLLATE", O_RDONLY|O_CLOEXEC) = 3</usr/lib/locale/C.utf8/LC_COLLATE>
1430054 openat(AT_FDCWD</tmp/kernel-audit2-v3r63b5w/\346\261\202\350\247\243\345\231\250>, "/usr/lib/locale/C.UTF-8/LC_TIME", O_RDONLY|O_CLOEXEC) = -1 ENOENT (No such file or directory)
1430054 openat(AT_FDCWD</tmp/kernel-audit2-v3r63b5w/\346\261\202\350\247\243\345\231\250>, "/usr/lib/locale/C.utf8/LC_TIME", O_RDONLY|O_CLOEXEC) = 3</usr/lib/locale/C.utf8/LC_TIME>
1430054 openat(AT_FDCWD</tmp/kernel-audit2-v3r63b5w/\346\261\202\350\247\243\345\231\250>, "/usr/lib/locale/C.UTF-8/LC_NUMERIC", O_RDONLY|O_CLOEXEC) = -1 ENOENT (No such file or directory)
1430054 openat(AT_FDCWD</tmp/kernel-audit2-v3r63b5w/\346\261\202\350\247\243\345\231\250>, "/usr/lib/locale/C.utf8/LC_NUMERIC", O_RDONLY|O_CLOEXEC) = 3</usr/lib/locale/C.utf8/LC_NUMERIC>
1430054 openat(AT_FDCWD</tmp/kernel-audit2-v3r63b5w/\346\261\202\350\247\243\345\231\250>, "/usr/lib/locale/C.UTF-8/LC_CTYPE", O_RDONLY|O_CLOEXEC) = -1 ENOENT (No such file or directory)
1430054 openat(AT_FDCWD</tmp/kernel-audit2-v3r63b5w/\346\261\202\350\247\243\345\231\250>, "/usr/lib/locale/C.utf8/LC_CTYPE", O_RDONLY|O_CLOEXEC) = 3</usr/lib/locale/C.utf8/LC_CTYPE>
1430054 openat(AT_FDCWD</tmp/kernel-audit2-v3r63b5w/\346\261\202\350\247\243\345\231\250>, "/tmp/kernel-audit2-v3r63b5w/\346\261\202\350\247\243\345\231\250/crates/kernel/src/main.rs", O_RDONLY) = 3</tmp/kernel-audit2-v3r63b5w/\346\261\202\350\247\243\345\231\250/crates/kernel/src/main.rs>
1430014 --- SIGCHLD {si_signo=SIGCHLD, si_code=CLD_EXITED, si_pid=1430054, si_uid=1000, si_status=0, si_utime=0, si_stime=0} ---
1430014 openat(AT_FDCWD</tmp/kernel-audit2-v3r63b5w/\346\261\202\350\247\243\345\231\250>, "/dev/null", O_RDONLY|O_CLOEXEC) = 3</dev/null<char 1:3>>
1430055 execve("/home/zhuran24/.codex/tmp/arg0/codex-arg0DuAZRy/sha256sum", ["sha256sum", "--", "/tmp/kernel-audit2-v3r63b5w/\346\261\202\350\247\243\345\231\250/Cargo.toml"], 0x7ffe3bafa178 /* 135 vars */) = -1 ENOENT (No such file or directory)
1430055 execve("/home/zhuran24/.cargo/bin/sha256sum", ["sha256sum", "--", "/tmp/kernel-audit2-v3r63b5w/\346\261\202\350\247\243\345\231\250/Cargo.toml"], 0x7ffe3bafa178 /* 135 vars */) = -1 ENOENT (No such file or directory)
1430055 execve("/home/zhuran24/.local/bin/sha256sum", ["sha256sum", "--", "/tmp/kernel-audit2-v3r63b5w/\346\261\202\350\247\243\345\231\250/Cargo.toml"], 0x7ffe3bafa178 /* 135 vars */) = -1 ENOENT (No such file or directory)
1430055 execve("/home/zhuran24/.opencode/bin/sha256sum", ["sha256sum", "--", "/tmp/kernel-audit2-v3r63b5w/\346\261\202\350\247\243\345\231\250/Cargo.toml"], 0x7ffe3bafa178 /* 135 vars */) = -1 ENOENT (No such file or directory)
1430055 execve("/usr/local/bin/sha256sum", ["sha256sum", "--", "/tmp/kernel-audit2-v3r63b5w/\346\261\202\350\247\243\345\231\250/Cargo.toml"], 0x7ffe3bafa178 /* 135 vars */) = -1 ENOENT (No such file or directory)
1430055 execve("/usr/bin/sha256sum", ["sha256sum", "--", "/tmp/kernel-audit2-v3r63b5w/\346\261\202\350\247\243\345\231\250/Cargo.toml"], 0x7ffe3bafa178 /* 135 vars */) = 0
1430055 openat(AT_FDCWD</tmp/kernel-audit2-v3r63b5w/\346\261\202\350\247\243\345\231\250>, "/etc/ld.so.cache", O_RDONLY|O_CLOEXEC) = 3</etc/ld.so.cache>
1430055 openat(AT_FDCWD</tmp/kernel-audit2-v3r63b5w/\346\261\202\350\247\243\345\231\250>, "/usr/lib/libcrypto.so.3", O_RDONLY|O_CLOEXEC) = 3</usr/lib/libcrypto.so.3>
1430055 openat(AT_FDCWD</tmp/kernel-audit2-v3r63b5w/\346\261\202\350\247\243\345\231\250>, "/usr/lib/libc.so.6", O_RDONLY|O_CLOEXEC) = 3</usr/lib/libc.so.6>
1430055 openat(AT_FDCWD</tmp/kernel-audit2-v3r63b5w/\346\261\202\350\247\243\345\231\250>, "/usr/lib/libz.so.1", O_RDONLY|O_CLOEXEC) = 3</usr/lib/libz.so.1.3.1.zlib-ng>
1430055 openat(AT_FDCWD</tmp/kernel-audit2-v3r63b5w/\346\261\202\350\247\243\345\231\250>, "/usr/lib/libbrotlienc.so.1", O_RDONLY|O_CLOEXEC) = 3</usr/lib/libbrotlienc.so.1.2.0>
1430055 openat(AT_FDCWD</tmp/kernel-audit2-v3r63b5w/\346\261\202\350\247\243\345\231\250>, "/usr/lib/libbrotlidec.so.1", O_RDONLY|O_CLOEXEC) = 3</usr/lib/libbrotlidec.so.1.2.0>
1430055 openat(AT_FDCWD</tmp/kernel-audit2-v3r63b5w/\346\261\202\350\247\243\345\231\250>, "/usr/lib/libzstd.so.1", O_RDONLY|O_CLOEXEC) = 3</usr/lib/libzstd.so.1.5.7>
1430055 openat(AT_FDCWD</tmp/kernel-audit2-v3r63b5w/\346\261\202\350\247\243\345\231\250>, "/usr/lib/libm.so.6", O_RDONLY|O_CLOEXEC) = 3</usr/lib/libm.so.6>
1430055 openat(AT_FDCWD</tmp/kernel-audit2-v3r63b5w/\346\261\202\350\247\243\345\231\250>, "/usr/lib/libbrotlicommon.so.1", O_RDONLY|O_CLOEXEC) = 3</usr/lib/libbrotlicommon.so.1.2.0>
1430055 openat(AT_FDCWD</tmp/kernel-audit2-v3r63b5w/\346\261\202\350\247\243\345\231\250>, "/usr/lib/locale/locale-archive", O_RDONLY|O_CLOEXEC) = 3</usr/lib/locale/locale-archive>
1430055 openat(AT_FDCWD</tmp/kernel-audit2-v3r63b5w/\346\261\202\350\247\243\345\231\250>, "/usr/share/locale/locale.alias", O_RDONLY|O_CLOEXEC) = 3</usr/share/locale/locale.alias>
1430055 openat(AT_FDCWD</tmp/kernel-audit2-v3r63b5w/\346\261\202\350\247\243\345\231\250>, "/usr/lib/locale/C.UTF-8/LC_IDENTIFICATION", O_RDONLY|O_CLOEXEC) = -1 ENOENT (No such file or directory)
1430055 openat(AT_FDCWD</tmp/kernel-audit2-v3r63b5w/\346\261\202\350\247\243\345\231\250>, "/usr/lib/locale/C.utf8/LC_IDENTIFICATION", O_RDONLY|O_CLOEXEC) = 3</usr/lib/locale/C.utf8/LC_IDENTIFICATION>
1430055 openat(AT_FDCWD</tmp/kernel-audit2-v3r63b5w/\346\261\202\350\247\243\345\231\250>, "/usr/lib/gconv/gconv-modules.cache", O_RDONLY|O_CLOEXEC) = 3</usr/lib/gconv/gconv-modules.cache>
1430055 openat(AT_FDCWD</tmp/kernel-audit2-v3r63b5w/\346\261\202\350\247\243\345\231\250>, "/usr/lib/locale/C.UTF-8/LC_MEASUREMENT", O_RDONLY|O_CLOEXEC) = -1 ENOENT (No such file or directory)
1430055 openat(AT_FDCWD</tmp/kernel-audit2-v3r63b5w/\346\261\202\350\247\243\345\231\250>, "/usr/lib/locale/C.utf8/LC_MEASUREMENT", O_RDONLY|O_CLOEXEC) = 3</usr/lib/locale/C.utf8/LC_MEASUREMENT>
1430055 openat(AT_FDCWD</tmp/kernel-audit2-v3r63b5w/\346\261\202\350\247\243\345\231\250>, "/usr/lib/locale/C.UTF-8/LC_TELEPHONE", O_RDONLY|O_CLOEXEC) = -1 ENOENT (No such file or directory)
1430055 openat(AT_FDCWD</tmp/kernel-audit2-v3r63b5w/\346\261\202\350\247\243\345\231\250>, "/usr/lib/locale/C.utf8/LC_TELEPHONE", O_RDONLY|O_CLOEXEC) = 3</usr/lib/locale/C.utf8/LC_TELEPHONE>
1430055 openat(AT_FDCWD</tmp/kernel-audit2-v3r63b5w/\346\261\202\350\247\243\345\231\250>, "/usr/lib/locale/C.UTF-8/LC_ADDRESS", O_RDONLY|O_CLOEXEC) = -1 ENOENT (No such file or directory)
1430055 openat(AT_FDCWD</tmp/kernel-audit2-v3r63b5w/\346\261\202\350\247\243\345\231\250>, "/usr/lib/locale/C.utf8/LC_ADDRESS", O_RDONLY|O_CLOEXEC) = 3</usr/lib/locale/C.utf8/LC_ADDRESS>
1430055 openat(AT_FDCWD</tmp/kernel-audit2-v3r63b5w/\346\261\202\350\247\243\345\231\250>, "/usr/lib/locale/C.UTF-8/LC_NAME", O_RDONLY|O_CLOEXEC) = -1 ENOENT (No such file or directory)
1430055 openat(AT_FDCWD</tmp/kernel-audit2-v3r63b5w/\346\261\202\350\247\243\345\231\250>, "/usr/lib/locale/C.utf8/LC_NAME", O_RDONLY|O_CLOEXEC) = 3</usr/lib/locale/C.utf8/LC_NAME>
1430055 openat(AT_FDCWD</tmp/kernel-audit2-v3r63b5w/\346\261\202\350\247\243\345\231\250>, "/usr/lib/locale/C.UTF-8/LC_PAPER", O_RDONLY|O_CLOEXEC) = -1 ENOENT (No such file or directory)
1430055 openat(AT_FDCWD</tmp/kernel-audit2-v3r63b5w/\346\261\202\350\247\243\345\231\250>, "/usr/lib/locale/C.utf8/LC_PAPER", O_RDONLY|O_CLOEXEC) = 3</usr/lib/locale/C.utf8/LC_PAPER>
1430055 openat(AT_FDCWD</tmp/kernel-audit2-v3r63b5w/\346\261\202\350\247\243\345\231\250>, "/usr/lib/locale/C.UTF-8/LC_MESSAGES", O_RDONLY|O_CLOEXEC) = -1 ENOENT (No such file or directory)
1430055 openat(AT_FDCWD</tmp/kernel-audit2-v3r63b5w/\346\261\202\350\247\243\345\231\250>, "/usr/lib/locale/C.utf8/LC_MESSAGES", O_RDONLY|O_CLOEXEC) = 3</usr/lib/locale/C.utf8/LC_MESSAGES>
1430055 openat(AT_FDCWD</tmp/kernel-audit2-v3r63b5w/\346\261\202\350\247\243\345\231\250>, "/usr/lib/locale/C.utf8/LC_MESSAGES/SYS_LC_MESSAGES", O_RDONLY|O_CLOEXEC) = 3</usr/lib/locale/C.utf8/LC_MESSAGES/SYS_LC_MESSAGES>
1430055 openat(AT_FDCWD</tmp/kernel-audit2-v3r63b5w/\346\261\202\350\247\243\345\231\250>, "/usr/lib/locale/C.UTF-8/LC_MONETARY", O_RDONLY|O_CLOEXEC) = -1 ENOENT (No such file or directory)
1430055 openat(AT_FDCWD</tmp/kernel-audit2-v3r63b5w/\346\261\202\350\247\243\345\231\250>, "/usr/lib/locale/C.utf8/LC_MONETARY", O_RDONLY|O_CLOEXEC) = 3</usr/lib/locale/C.utf8/LC_MONETARY>
1430055 openat(AT_FDCWD</tmp/kernel-audit2-v3r63b5w/\346\261\202\350\247\243\345\231\250>, "/usr/lib/locale/C.UTF-8/LC_COLLATE", O_RDONLY|O_CLOEXEC) = -1 ENOENT (No such file or directory)
1430055 openat(AT_FDCWD</tmp/kernel-audit2-v3r63b5w/\346\261\202\350\247\243\345\231\250>, "/usr/lib/locale/C.utf8/LC_COLLATE", O_RDONLY|O_CLOEXEC) = 3</usr/lib/locale/C.utf8/LC_COLLATE>
1430055 openat(AT_FDCWD</tmp/kernel-audit2-v3r63b5w/\346\261\202\350\247\243\345\231\250>, "/usr/lib/locale/C.UTF-8/LC_TIME", O_RDONLY|O_CLOEXEC) = -1 ENOENT (No such file or directory)
1430055 openat(AT_FDCWD</tmp/kernel-audit2-v3r63b5w/\346\261\202\350\247\243\345\231\250>, "/usr/lib/locale/C.utf8/LC_TIME", O_RDONLY|O_CLOEXEC) = 3</usr/lib/locale/C.utf8/LC_TIME>
1430055 openat(AT_FDCWD</tmp/kernel-audit2-v3r63b5w/\346\261\202\350\247\243\345\231\250>, "/usr/lib/locale/C.UTF-8/LC_NUMERIC", O_RDONLY|O_CLOEXEC) = -1 ENOENT (No such file or directory)
1430055 openat(AT_FDCWD</tmp/kernel-audit2-v3r63b5w/\346\261\202\350\247\243\345\231\250>, "/usr/lib/locale/C.utf8/LC_NUMERIC", O_RDONLY|O_CLOEXEC) = 3</usr/lib/locale/C.utf8/LC_NUMERIC>
1430055 openat(AT_FDCWD</tmp/kernel-audit2-v3r63b5w/\346\261\202\350\247\243\345\231\250>, "/usr/lib/locale/C.UTF-8/LC_CTYPE", O_RDONLY|O_CLOEXEC) = -1 ENOENT (No such file or directory)
1430055 openat(AT_FDCWD</tmp/kernel-audit2-v3r63b5w/\346\261\202\350\247\243\345\231\250>, "/usr/lib/locale/C.utf8/LC_CTYPE", O_RDONLY|O_CLOEXEC) = 3</usr/lib/locale/C.utf8/LC_CTYPE>
1430055 openat(AT_FDCWD</tmp/kernel-audit2-v3r63b5w/\346\261\202\350\247\243\345\231\250>, "/tmp/kernel-audit2-v3r63b5w/\346\261\202\350\247\243\345\231\250/Cargo.toml", O_RDONLY) = 3</tmp/kernel-audit2-v3r63b5w/\346\261\202\350\247\243\345\231\250/Cargo.toml>
1430014 --- SIGCHLD {si_signo=SIGCHLD, si_code=CLD_EXITED, si_pid=1430055, si_uid=1000, si_status=0, si_utime=0, si_stime=0} ---
1430014 openat(AT_FDCWD</tmp/kernel-audit2-v3r63b5w/\346\261\202\350\247\243\345\231\250>, "/dev/null", O_RDONLY|O_CLOEXEC) = 3</dev/null<char 1:3>>
1430056 execve("/home/zhuran24/.codex/tmp/arg0/codex-arg0DuAZRy/sha256sum", ["sha256sum", "--", "/tmp/kernel-audit2-v3r63b5w/\346\261\202\350\247\243\345\231\250/Cargo.lock"], 0x7ffe3bafa178 /* 135 vars */) = -1 ENOENT (No such file or directory)
1430056 execve("/home/zhuran24/.cargo/bin/sha256sum", ["sha256sum", "--", "/tmp/kernel-audit2-v3r63b5w/\346\261\202\350\247\243\345\231\250/Cargo.lock"], 0x7ffe3bafa178 /* 135 vars */) = -1 ENOENT (No such file or directory)
1430056 execve("/home/zhuran24/.local/bin/sha256sum", ["sha256sum", "--", "/tmp/kernel-audit2-v3r63b5w/\346\261\202\350\247\243\345\231\250/Cargo.lock"], 0x7ffe3bafa178 /* 135 vars */) = -1 ENOENT (No such file or directory)
1430056 execve("/home/zhuran24/.opencode/bin/sha256sum", ["sha256sum", "--", "/tmp/kernel-audit2-v3r63b5w/\346\261\202\350\247\243\345\231\250/Cargo.lock"], 0x7ffe3bafa178 /* 135 vars */) = -1 ENOENT (No such file or directory)
1430056 execve("/usr/local/bin/sha256sum", ["sha256sum", "--", "/tmp/kernel-audit2-v3r63b5w/\346\261\202\350\247\243\345\231\250/Cargo.lock"], 0x7ffe3bafa178 /* 135 vars */) = -1 ENOENT (No such file or directory)
1430056 execve("/usr/bin/sha256sum", ["sha256sum", "--", "/tmp/kernel-audit2-v3r63b5w/\346\261\202\350\247\243\345\231\250/Cargo.lock"], 0x7ffe3bafa178 /* 135 vars */) = 0
1430056 openat(AT_FDCWD</tmp/kernel-audit2-v3r63b5w/\346\261\202\350\247\243\345\231\250>, "/etc/ld.so.cache", O_RDONLY|O_CLOEXEC) = 3</etc/ld.so.cache>
1430056 openat(AT_FDCWD</tmp/kernel-audit2-v3r63b5w/\346\261\202\350\247\243\345\231\250>, "/usr/lib/libcrypto.so.3", O_RDONLY|O_CLOEXEC) = 3</usr/lib/libcrypto.so.3>
1430056 openat(AT_FDCWD</tmp/kernel-audit2-v3r63b5w/\346\261\202\350\247\243\345\231\250>, "/usr/lib/libc.so.6", O_RDONLY|O_CLOEXEC) = 3</usr/lib/libc.so.6>
1430056 openat(AT_FDCWD</tmp/kernel-audit2-v3r63b5w/\346\261\202\350\247\243\345\231\250>, "/usr/lib/libz.so.1", O_RDONLY|O_CLOEXEC) = 3</usr/lib/libz.so.1.3.1.zlib-ng>
1430056 openat(AT_FDCWD</tmp/kernel-audit2-v3r63b5w/\346\261\202\350\247\243\345\231\250>, "/usr/lib/libbrotlienc.so.1", O_RDONLY|O_CLOEXEC) = 3</usr/lib/libbrotlienc.so.1.2.0>
1430056 openat(AT_FDCWD</tmp/kernel-audit2-v3r63b5w/\346\261\202\350\247\243\345\231\250>, "/usr/lib/libbrotlidec.so.1", O_RDONLY|O_CLOEXEC) = 3</usr/lib/libbrotlidec.so.1.2.0>
1430056 openat(AT_FDCWD</tmp/kernel-audit2-v3r63b5w/\346\261\202\350\247\243\345\231\250>, "/usr/lib/libzstd.so.1", O_RDONLY|O_CLOEXEC) = 3</usr/lib/libzstd.so.1.5.7>
1430056 openat(AT_FDCWD</tmp/kernel-audit2-v3r63b5w/\346\261\202\350\247\243\345\231\250>, "/usr/lib/libm.so.6", O_RDONLY|O_CLOEXEC) = 3</usr/lib/libm.so.6>
1430056 openat(AT_FDCWD</tmp/kernel-audit2-v3r63b5w/\346\261\202\350\247\243\345\231\250>, "/usr/lib/libbrotlicommon.so.1", O_RDONLY|O_CLOEXEC) = 3</usr/lib/libbrotlicommon.so.1.2.0>
1430056 openat(AT_FDCWD</tmp/kernel-audit2-v3r63b5w/\346\261\202\350\247\243\345\231\250>, "/usr/lib/locale/locale-archive", O_RDONLY|O_CLOEXEC) = 3</usr/lib/locale/locale-archive>
1430056 openat(AT_FDCWD</tmp/kernel-audit2-v3r63b5w/\346\261\202\350\247\243\345\231\250>, "/usr/share/locale/locale.alias", O_RDONLY|O_CLOEXEC) = 3</usr/share/locale/locale.alias>
1430056 openat(AT_FDCWD</tmp/kernel-audit2-v3r63b5w/\346\261\202\350\247\243\345\231\250>, "/usr/lib/locale/C.UTF-8/LC_IDENTIFICATION", O_RDONLY|O_CLOEXEC) = -1 ENOENT (No such file or directory)
1430056 openat(AT_FDCWD</tmp/kernel-audit2-v3r63b5w/\346\261\202\350\247\243\345\231\250>, "/usr/lib/locale/C.utf8/LC_IDENTIFICATION", O_RDONLY|O_CLOEXEC) = 3</usr/lib/locale/C.utf8/LC_IDENTIFICATION>
1430056 openat(AT_FDCWD</tmp/kernel-audit2-v3r63b5w/\346\261\202\350\247\243\345\231\250>, "/usr/lib/gconv/gconv-modules.cache", O_RDONLY|O_CLOEXEC) = 3</usr/lib/gconv/gconv-modules.cache>
1430056 openat(AT_FDCWD</tmp/kernel-audit2-v3r63b5w/\346\261\202\350\247\243\345\231\250>, "/usr/lib/locale/C.UTF-8/LC_MEASUREMENT", O_RDONLY|O_CLOEXEC) = -1 ENOENT (No such file or directory)
1430056 openat(AT_FDCWD</tmp/kernel-audit2-v3r63b5w/\346\261\202\350\247\243\345\231\250>, "/usr/lib/locale/C.utf8/LC_MEASUREMENT", O_RDONLY|O_CLOEXEC) = 3</usr/lib/locale/C.utf8/LC_MEASUREMENT>
1430056 openat(AT_FDCWD</tmp/kernel-audit2-v3r63b5w/\346\261\202\350\247\243\345\231\250>, "/usr/lib/locale/C.UTF-8/LC_TELEPHONE", O_RDONLY|O_CLOEXEC) = -1 ENOENT (No such file or directory)
1430056 openat(AT_FDCWD</tmp/kernel-audit2-v3r63b5w/\346\261\202\350\247\243\345\231\250>, "/usr/lib/locale/C.utf8/LC_TELEPHONE", O_RDONLY|O_CLOEXEC) = 3</usr/lib/locale/C.utf8/LC_TELEPHONE>
1430056 openat(AT_FDCWD</tmp/kernel-audit2-v3r63b5w/\346\261\202\350\247\243\345\231\250>, "/usr/lib/locale/C.UTF-8/LC_ADDRESS", O_RDONLY|O_CLOEXEC) = -1 ENOENT (No such file or directory)
1430056 openat(AT_FDCWD</tmp/kernel-audit2-v3r63b5w/\346\261\202\350\247\243\345\231\250>, "/usr/lib/locale/C.utf8/LC_ADDRESS", O_RDONLY|O_CLOEXEC) = 3</usr/lib/locale/C.utf8/LC_ADDRESS>
1430056 openat(AT_FDCWD</tmp/kernel-audit2-v3r63b5w/\346\261\202\350\247\243\345\231\250>, "/usr/lib/locale/C.UTF-8/LC_NAME", O_RDONLY|O_CLOEXEC) = -1 ENOENT (No such file or directory)
1430056 openat(AT_FDCWD</tmp/kernel-audit2-v3r63b5w/\346\261\202\350\247\243\345\231\250>, "/usr/lib/locale/C.utf8/LC_NAME", O_RDONLY|O_CLOEXEC) = 3</usr/lib/locale/C.utf8/LC_NAME>
1430056 openat(AT_FDCWD</tmp/kernel-audit2-v3r63b5w/\346\261\202\350\247\243\345\231\250>, "/usr/lib/locale/C.UTF-8/LC_PAPER", O_RDONLY|O_CLOEXEC) = -1 ENOENT (No such file or directory)
1430056 openat(AT_FDCWD</tmp/kernel-audit2-v3r63b5w/\346\261\202\350\247\243\345\231\250>, "/usr/lib/locale/C.utf8/LC_PAPER", O_RDONLY|O_CLOEXEC) = 3</usr/lib/locale/C.utf8/LC_PAPER>
1430056 openat(AT_FDCWD</tmp/kernel-audit2-v3r63b5w/\346\261\202\350\247\243\345\231\250>, "/usr/lib/locale/C.UTF-8/LC_MESSAGES", O_RDONLY|O_CLOEXEC) = -1 ENOENT (No such file or directory)
1430056 openat(AT_FDCWD</tmp/kernel-audit2-v3r63b5w/\346\261\202\350\247\243\345\231\250>, "/usr/lib/locale/C.utf8/LC_MESSAGES", O_RDONLY|O_CLOEXEC) = 3</usr/lib/locale/C.utf8/LC_MESSAGES>
1430056 openat(AT_FDCWD</tmp/kernel-audit2-v3r63b5w/\346\261\202\350\247\243\345\231\250>, "/usr/lib/locale/C.utf8/LC_MESSAGES/SYS_LC_MESSAGES", O_RDONLY|O_CLOEXEC) = 3</usr/lib/locale/C.utf8/LC_MESSAGES/SYS_LC_MESSAGES>
1430056 openat(AT_FDCWD</tmp/kernel-audit2-v3r63b5w/\346\261\202\350\247\243\345\231\250>, "/usr/lib/locale/C.UTF-8/LC_MONETARY", O_RDONLY|O_CLOEXEC) = -1 ENOENT (No such file or directory)
1430056 openat(AT_FDCWD</tmp/kernel-audit2-v3r63b5w/\346\261\202\350\247\243\345\231\250>, "/usr/lib/locale/C.utf8/LC_MONETARY", O_RDONLY|O_CLOEXEC) = 3</usr/lib/locale/C.utf8/LC_MONETARY>
1430056 openat(AT_FDCWD</tmp/kernel-audit2-v3r63b5w/\346\261\202\350\247\243\345\231\250>, "/usr/lib/locale/C.UTF-8/LC_COLLATE", O_RDONLY|O_CLOEXEC) = -1 ENOENT (No such file or directory)
1430056 openat(AT_FDCWD</tmp/kernel-audit2-v3r63b5w/\346\261\202\350\247\243\345\231\250>, "/usr/lib/locale/C.utf8/LC_COLLATE", O_RDONLY|O_CLOEXEC) = 3</usr/lib/locale/C.utf8/LC_COLLATE>
1430056 openat(AT_FDCWD</tmp/kernel-audit2-v3r63b5w/\346\261\202\350\247\243\345\231\250>, "/usr/lib/locale/C.UTF-8/LC_TIME", O_RDONLY|O_CLOEXEC) = -1 ENOENT (No such file or directory)
1430056 openat(AT_FDCWD</tmp/kernel-audit2-v3r63b5w/\346\261\202\350\247\243\345\231\250>, "/usr/lib/locale/C.utf8/LC_TIME", O_RDONLY|O_CLOEXEC) = 3</usr/lib/locale/C.utf8/LC_TIME>
1430056 openat(AT_FDCWD</tmp/kernel-audit2-v3r63b5w/\346\261\202\350\247\243\345\231\250>, "/usr/lib/locale/C.UTF-8/LC_NUMERIC", O_RDONLY|O_CLOEXEC) = -1 ENOENT (No such file or directory)
1430056 openat(AT_FDCWD</tmp/kernel-audit2-v3r63b5w/\346\261\202\350\247\243\345\231\250>, "/usr/lib/locale/C.utf8/LC_NUMERIC", O_RDONLY|O_CLOEXEC) = 3</usr/lib/locale/C.utf8/LC_NUMERIC>
1430056 openat(AT_FDCWD</tmp/kernel-audit2-v3r63b5w/\346\261\202\350\247\243\345\231\250>, "/usr/lib/locale/C.UTF-8/LC_CTYPE", O_RDONLY|O_CLOEXEC) = -1 ENOENT (No such file or directory)
1430056 openat(AT_FDCWD</tmp/kernel-audit2-v3r63b5w/\346\261\202\350\247\243\345\231\250>, "/usr/lib/locale/C.utf8/LC_CTYPE", O_RDONLY|O_CLOEXEC) = 3</usr/lib/locale/C.utf8/LC_CTYPE>
1430056 openat(AT_FDCWD</tmp/kernel-audit2-v3r63b5w/\346\261\202\350\247\243\345\231\250>, "/tmp/kernel-audit2-v3r63b5w/\346\261\202\350\247\243\345\231\250/Cargo.lock", O_RDONLY) = 3</tmp/kernel-audit2-v3r63b5w/\346\261\202\350\247\243\345\231\250/Cargo.lock>
1430014 --- SIGCHLD {si_signo=SIGCHLD, si_code=CLD_EXITED, si_pid=1430056, si_uid=1000, si_status=0, si_utime=0, si_stime=0} ---
1430014 openat(AT_FDCWD</tmp/kernel-audit2-v3r63b5w/\346\261\202\350\247\243\345\231\250>, "/dev/null", O_RDONLY|O_CLOEXEC) = 3</dev/null<char 1:3>>
1430057 execve("/home/zhuran24/.codex/tmp/arg0/codex-arg0DuAZRy/sha256sum", ["sha256sum", "--", "/tmp/kernel-audit2-v3r63b5w/\346\261\202\350\247\243\345\231\250/crates/kernel/Cargo.toml"], 0x7ffe3bafa178 /* 135 vars */) = -1 ENOENT (No such file or directory)
1430057 execve("/home/zhuran24/.cargo/bin/sha256sum", ["sha256sum", "--", "/tmp/kernel-audit2-v3r63b5w/\346\261\202\350\247\243\345\231\250/crates/kernel/Cargo.toml"], 0x7ffe3bafa178 /* 135 vars */) = -1 ENOENT (No such file or directory)
1430057 execve("/home/zhuran24/.local/bin/sha256sum", ["sha256sum", "--", "/tmp/kernel-audit2-v3r63b5w/\346\261\202\350\247\243\345\231\250/crates/kernel/Cargo.toml"], 0x7ffe3bafa178 /* 135 vars */) = -1 ENOENT (No such file or directory)
1430057 execve("/home/zhuran24/.opencode/bin/sha256sum", ["sha256sum", "--", "/tmp/kernel-audit2-v3r63b5w/\346\261\202\350\247\243\345\231\250/crates/kernel/Cargo.toml"], 0x7ffe3bafa178 /* 135 vars */) = -1 ENOENT (No such file or directory)
1430057 execve("/usr/local/bin/sha256sum", ["sha256sum", "--", "/tmp/kernel-audit2-v3r63b5w/\346\261\202\350\247\243\345\231\250/crates/kernel/Cargo.toml"], 0x7ffe3bafa178 /* 135 vars */) = -1 ENOENT (No such file or directory)
1430057 execve("/usr/bin/sha256sum", ["sha256sum", "--", "/tmp/kernel-audit2-v3r63b5w/\346\261\202\350\247\243\345\231\250/crates/kernel/Cargo.toml"], 0x7ffe3bafa178 /* 135 vars */) = 0
1430057 openat(AT_FDCWD</tmp/kernel-audit2-v3r63b5w/\346\261\202\350\247\243\345\231\250>, "/etc/ld.so.cache", O_RDONLY|O_CLOEXEC) = 3</etc/ld.so.cache>
1430057 openat(AT_FDCWD</tmp/kernel-audit2-v3r63b5w/\346\261\202\350\247\243\345\231\250>, "/usr/lib/libcrypto.so.3", O_RDONLY|O_CLOEXEC) = 3</usr/lib/libcrypto.so.3>
1430057 openat(AT_FDCWD</tmp/kernel-audit2-v3r63b5w/\346\261\202\350\247\243\345\231\250>, "/usr/lib/libc.so.6", O_RDONLY|O_CLOEXEC) = 3</usr/lib/libc.so.6>
1430057 openat(AT_FDCWD</tmp/kernel-audit2-v3r63b5w/\346\261\202\350\247\243\345\231\250>, "/usr/lib/libz.so.1", O_RDONLY|O_CLOEXEC) = 3</usr/lib/libz.so.1.3.1.zlib-ng>
1430057 openat(AT_FDCWD</tmp/kernel-audit2-v3r63b5w/\346\261\202\350\247\243\345\231\250>, "/usr/lib/libbrotlienc.so.1", O_RDONLY|O_CLOEXEC) = 3</usr/lib/libbrotlienc.so.1.2.0>
1430057 openat(AT_FDCWD</tmp/kernel-audit2-v3r63b5w/\346\261\202\350\247\243\345\231\250>, "/usr/lib/libbrotlidec.so.1", O_RDONLY|O_CLOEXEC) = 3</usr/lib/libbrotlidec.so.1.2.0>
1430057 openat(AT_FDCWD</tmp/kernel-audit2-v3r63b5w/\346\261\202\350\247\243\345\231\250>, "/usr/lib/libzstd.so.1", O_RDONLY|O_CLOEXEC) = 3</usr/lib/libzstd.so.1.5.7>
1430057 openat(AT_FDCWD</tmp/kernel-audit2-v3r63b5w/\346\261\202\350\247\243\345\231\250>, "/usr/lib/libm.so.6", O_RDONLY|O_CLOEXEC) = 3</usr/lib/libm.so.6>
1430057 openat(AT_FDCWD</tmp/kernel-audit2-v3r63b5w/\346\261\202\350\247\243\345\231\250>, "/usr/lib/libbrotlicommon.so.1", O_RDONLY|O_CLOEXEC) = 3</usr/lib/libbrotlicommon.so.1.2.0>
1430057 openat(AT_FDCWD</tmp/kernel-audit2-v3r63b5w/\346\261\202\350\247\243\345\231\250>, "/usr/lib/locale/locale-archive", O_RDONLY|O_CLOEXEC) = 3</usr/lib/locale/locale-archive>
1430057 openat(AT_FDCWD</tmp/kernel-audit2-v3r63b5w/\346\261\202\350\247\243\345\231\250>, "/usr/share/locale/locale.alias", O_RDONLY|O_CLOEXEC) = 3</usr/share/locale/locale.alias>
1430057 openat(AT_FDCWD</tmp/kernel-audit2-v3r63b5w/\346\261\202\350\247\243\345\231\250>, "/usr/lib/locale/C.UTF-8/LC_IDENTIFICATION", O_RDONLY|O_CLOEXEC) = -1 ENOENT (No such file or directory)
1430057 openat(AT_FDCWD</tmp/kernel-audit2-v3r63b5w/\346\261\202\350\247\243\345\231\250>, "/usr/lib/locale/C.utf8/LC_IDENTIFICATION", O_RDONLY|O_CLOEXEC) = 3</usr/lib/locale/C.utf8/LC_IDENTIFICATION>
1430057 openat(AT_FDCWD</tmp/kernel-audit2-v3r63b5w/\346\261\202\350\247\243\345\231\250>, "/usr/lib/gconv/gconv-modules.cache", O_RDONLY|O_CLOEXEC) = 3</usr/lib/gconv/gconv-modules.cache>
1430057 openat(AT_FDCWD</tmp/kernel-audit2-v3r63b5w/\346\261\202\350\247\243\345\231\250>, "/usr/lib/locale/C.UTF-8/LC_MEASUREMENT", O_RDONLY|O_CLOEXEC) = -1 ENOENT (No such file or directory)
1430057 openat(AT_FDCWD</tmp/kernel-audit2-v3r63b5w/\346\261\202\350\247\243\345\231\250>, "/usr/lib/locale/C.utf8/LC_MEASUREMENT", O_RDONLY|O_CLOEXEC) = 3</usr/lib/locale/C.utf8/LC_MEASUREMENT>
1430057 openat(AT_FDCWD</tmp/kernel-audit2-v3r63b5w/\346\261\202\350\247\243\345\231\250>, "/usr/lib/locale/C.UTF-8/LC_TELEPHONE", O_RDONLY|O_CLOEXEC) = -1 ENOENT (No such file or directory)
1430057 openat(AT_FDCWD</tmp/kernel-audit2-v3r63b5w/\346\261\202\350\247\243\345\231\250>, "/usr/lib/locale/C.utf8/LC_TELEPHONE", O_RDONLY|O_CLOEXEC) = 3</usr/lib/locale/C.utf8/LC_TELEPHONE>
1430057 openat(AT_FDCWD</tmp/kernel-audit2-v3r63b5w/\346\261\202\350\247\243\345\231\250>, "/usr/lib/locale/C.UTF-8/LC_ADDRESS", O_RDONLY|O_CLOEXEC) = -1 ENOENT (No such file or directory)
1430057 openat(AT_FDCWD</tmp/kernel-audit2-v3r63b5w/\346\261\202\350\247\243\345\231\250>, "/usr/lib/locale/C.utf8/LC_ADDRESS", O_RDONLY|O_CLOEXEC) = 3</usr/lib/locale/C.utf8/LC_ADDRESS>
1430057 openat(AT_FDCWD</tmp/kernel-audit2-v3r63b5w/\346\261\202\350\247\243\345\231\250>, "/usr/lib/locale/C.UTF-8/LC_NAME", O_RDONLY|O_CLOEXEC) = -1 ENOENT (No such file or directory)
1430057 openat(AT_FDCWD</tmp/kernel-audit2-v3r63b5w/\346\261\202\350\247\243\345\231\250>, "/usr/lib/locale/C.utf8/LC_NAME", O_RDONLY|O_CLOEXEC) = 3</usr/lib/locale/C.utf8/LC_NAME>
1430057 openat(AT_FDCWD</tmp/kernel-audit2-v3r63b5w/\346\261\202\350\247\243\345\231\250>, "/usr/lib/locale/C.UTF-8/LC_PAPER", O_RDONLY|O_CLOEXEC) = -1 ENOENT (No such file or directory)
1430057 openat(AT_FDCWD</tmp/kernel-audit2-v3r63b5w/\346\261\202\350\247\243\345\231\250>, "/usr/lib/locale/C.utf8/LC_PAPER", O_RDONLY|O_CLOEXEC) = 3</usr/lib/locale/C.utf8/LC_PAPER>
1430057 openat(AT_FDCWD</tmp/kernel-audit2-v3r63b5w/\346\261\202\350\247\243\345\231\250>, "/usr/lib/locale/C.UTF-8/LC_MESSAGES", O_RDONLY|O_CLOEXEC) = -1 ENOENT (No such file or directory)
1430057 openat(AT_FDCWD</tmp/kernel-audit2-v3r63b5w/\346\261\202\350\247\243\345\231\250>, "/usr/lib/locale/C.utf8/LC_MESSAGES", O_RDONLY|O_CLOEXEC) = 3</usr/lib/locale/C.utf8/LC_MESSAGES>
1430057 openat(AT_FDCWD</tmp/kernel-audit2-v3r63b5w/\346\261\202\350\247\243\345\231\250>, "/usr/lib/locale/C.utf8/LC_MESSAGES/SYS_LC_MESSAGES", O_RDONLY|O_CLOEXEC) = 3</usr/lib/locale/C.utf8/LC_MESSAGES/SYS_LC_MESSAGES>
1430057 openat(AT_FDCWD</tmp/kernel-audit2-v3r63b5w/\346\261\202\350\247\243\345\231\250>, "/usr/lib/locale/C.UTF-8/LC_MONETARY", O_RDONLY|O_CLOEXEC) = -1 ENOENT (No such file or directory)
1430057 openat(AT_FDCWD</tmp/kernel-audit2-v3r63b5w/\346\261\202\350\247\243\345\231\250>, "/usr/lib/locale/C.utf8/LC_MONETARY", O_RDONLY|O_CLOEXEC) = 3</usr/lib/locale/C.utf8/LC_MONETARY>
1430057 openat(AT_FDCWD</tmp/kernel-audit2-v3r63b5w/\346\261\202\350\247\243\345\231\250>, "/usr/lib/locale/C.UTF-8/LC_COLLATE", O_RDONLY|O_CLOEXEC) = -1 ENOENT (No such file or directory)
1430057 openat(AT_FDCWD</tmp/kernel-audit2-v3r63b5w/\346\261\202\350\247\243\345\231\250>, "/usr/lib/locale/C.utf8/LC_COLLATE", O_RDONLY|O_CLOEXEC) = 3</usr/lib/locale/C.utf8/LC_COLLATE>
1430057 openat(AT_FDCWD</tmp/kernel-audit2-v3r63b5w/\346\261\202\350\247\243\345\231\250>, "/usr/lib/locale/C.UTF-8/LC_TIME", O_RDONLY|O_CLOEXEC) = -1 ENOENT (No such file or directory)
1430057 openat(AT_FDCWD</tmp/kernel-audit2-v3r63b5w/\346\261\202\350\247\243\345\231\250>, "/usr/lib/locale/C.utf8/LC_TIME", O_RDONLY|O_CLOEXEC) = 3</usr/lib/locale/C.utf8/LC_TIME>
1430057 openat(AT_FDCWD</tmp/kernel-audit2-v3r63b5w/\346\261\202\350\247\243\345\231\250>, "/usr/lib/locale/C.UTF-8/LC_NUMERIC", O_RDONLY|O_CLOEXEC) = -1 ENOENT (No such file or directory)
1430057 openat(AT_FDCWD</tmp/kernel-audit2-v3r63b5w/\346\261\202\350\247\243\345\231\250>, "/usr/lib/locale/C.utf8/LC_NUMERIC", O_RDONLY|O_CLOEXEC) = 3</usr/lib/locale/C.utf8/LC_NUMERIC>
1430057 openat(AT_FDCWD</tmp/kernel-audit2-v3r63b5w/\346\261\202\350\247\243\345\231\250>, "/usr/lib/locale/C.UTF-8/LC_CTYPE", O_RDONLY|O_CLOEXEC) = -1 ENOENT (No such file or directory)
1430057 openat(AT_FDCWD</tmp/kernel-audit2-v3r63b5w/\346\261\202\350\247\243\345\231\250>, "/usr/lib/locale/C.utf8/LC_CTYPE", O_RDONLY|O_CLOEXEC) = 3</usr/lib/locale/C.utf8/LC_CTYPE>
1430057 openat(AT_FDCWD</tmp/kernel-audit2-v3r63b5w/\346\261\202\350\247\243\345\231\250>, "/tmp/kernel-audit2-v3r63b5w/\346\261\202\350\247\243\345\231\250/crates/kernel/Cargo.toml", O_RDONLY) = 3</tmp/kernel-audit2-v3r63b5w/\346\261\202\350\247\243\345\231\250/crates/kernel/Cargo.toml>
1430014 --- SIGCHLD {si_signo=SIGCHLD, si_code=CLD_EXITED, si_pid=1430057, si_uid=1000, si_status=0, si_utime=0, si_stime=0} ---
1430014 openat(AT_FDCWD</tmp/kernel-audit2-v3r63b5w/\346\261\202\350\247\243\345\231\250>, "/home/zhuran24/zmd-research-fresh/\346\261\202\350\247\243\345\231\250/target/health-capture/audit2-1422118/cases/verify-batch-with-cycle-found/batch/finite-record.json", O_WRONLY|O_CREAT|O_TRUNC|O_CLOEXEC, 0666) = 3</home/zhuran24/zmd-research-fresh/\346\261\202\350\247\243\345\231\250/target/health-capture/audit2-1422118/cases/verify-batch-with-cycle-found/batch/finite-record.json>
