time,pid,tag,rss_kb,hwm_kb,swap_kb
02:35:03,42517,ptm_cycle_2,19365004,44668424,6568784
02:35:04,42517,ptm_cycle_2,19367516,44668424,6566272
02:35:05,42517,ptm_cycle_2,19367516,44668424,6566272
02:35:06,42517,ptm_cycle_2,19367520,44668424,6566268
02:35:07,42517,ptm_cycle_2,19367524,44668424,6566264
02:35:08,42517,ptm_cycle_2,19367524,44668424,6566264
02:35:09,42517,ptm_cycle_2,19367524,44668424,6566264
02:35:10,42517,ptm_cycle_2,19367528,44668424,6566260
02:35:11,42517,ptm_cycle_2,19367532,44668424,6566256
02:35:12,42517,ptm_cycle_2,19367532,44668424,6566256
02:35:13,42517,ptm_cycle_2,19367540,44668424,6566248
02:35:14,42517,ptm_cycle_2,19367540,44668424,6566248
02:35:15,42517,ptm_cycle_2,19367540,44668424,6566248
02:35:16,42517,ptm_cycle_2,19368156,44668424,6565632
02:35:17,42517,ptm_cycle_2,19368164,44668424,6565624
02:35:18,42517,ptm_cycle_2,19368168,44668424,6565620
02:35:19,42517,ptm_cycle_2,19368168,44668424,6565620
02:35:20,42517,ptm_cycle_2,19368184,44668424,6565604
02:35:21,42517,ptm_cycle_2,19368184,44668424,6565604
02:35:22,42517,ptm_cycle_2,19368208,44668424,6565604
02:35:23,42517,ptm_cycle_2,19368236,44668424,6565600
02:35:24,42517,ptm_cycle_2,19368216,44668424,6565596
02:35:25,42517,ptm_cycle_2,19368216,44668424,6565596
02:35:27,42517,ptm_cycle_2,19368216,44668424,6565596
02:35:28,42517,ptm_cycle_2,19368228,44668424,6565584
02:35:29,42517,ptm_cycle_2,19368228,44668424,6565584
02:35:30,42517,ptm_cycle_2,19368228,44668424,6565584
02:35:31,42517,ptm_cycle_2,19368232,44668424,6565580
02:35:32,42517,ptm_cycle_2,19368248,44668424,6565576
02:35:33,42517,ptm_cycle_2,19368252,44668424,6565572
02:35:34,42517,ptm_cycle_2,19368252,44668424,6565572
02:35:35,42517,ptm_cycle_2,19368268,44668424,6565556
02:35:36,42517,ptm_cycle_2,19368268,44668424,6565556
02:35:37,42517,ptm_cycle_2,19368276,44668424,6565556
02:35:38,42517,ptm_cycle_2,19368276,44668424,6565556
02:35:39,42517,ptm_cycle_2,19368284,44668424,6565548
02:35:40,42517,ptm_cycle_2,19368284,44668424,6565548
02:35:41,42517,ptm_cycle_2,19368284,44668424,6565548
02:35:42,42517,ptm_cycle_2,19368288,44668424,6565548
02:35:43,42517,ptm_cycle_2,19368288,44668424,6565548
02:35:44,42517,ptm_cycle_2,19369860,44668424,6563976
02:35:45,42517,ptm_cycle_2,19369864,44668424,6563972
02:35:46,42517,ptm_cycle_2,19369864,44668424,6563972
02:35:47,42517,ptm_cycle_2,19369864,44668424,6563972
02:35:48,42517,ptm_cycle_2,19369864,44668424,6563972
02:35:49,42517,ptm_cycle_2,19369864,44668424,6563972
02:35:50,42517,ptm_cycle_2,19369876,44668424,6563968
02:35:51,42517,ptm_cycle_2,19369880,44668424,6563964
02:35:52,42517,ptm_cycle_2,19369884,44668424,6563960
02:35:53,42517,ptm_cycle_2,19372496,44668424,6561348
02:35:54,42517,ptm_cycle_2,19372496,44668424,6561348
02:35:55,42517,ptm_cycle_2,19372504,44668424,6561348
02:35:56,42517,ptm_cycle_2,19372504,44668424,6561348
02:35:57,42517,ptm_cycle_2,19372596,44668424,6561256
02:35:58,42517,ptm_cycle_2,19372600,44668424,6561252
02:35:59,42517,ptm_cycle_2,19372608,44668424,6561248
02:36:00,42517,ptm_cycle_2,19372608,44668424,6561248
02:36:01,42517,ptm_cycle_2,19372608,44668424,6561248
02:36:02,42517,ptm_cycle_2,19372608,44668424,6561248
02:36:03,42517,ptm_cycle_2,19372608,44668424,6561248
02:36:04,42517,ptm_cycle_2,19372608,44668424,6561248
02:36:05,42517,ptm_cycle_2,19372612,44668424,6561244
02:36:06,42517,ptm_cycle_2,19372616,44668424,6561240
02:36:07,42517,ptm_cycle_2,19372616,44668424,6561240
02:36:08,42517,ptm_cycle_2,19372616,44668424,6561240
02:36:09,42517,ptm_cycle_2,19372616,44668424,6561240
02:36:10,42517,ptm_cycle_2,19372616,44668424,6561240
02:36:11,42517,ptm_cycle_2,19372616,44668424,6561240
02:36:12,42517,ptm_cycle_2,19372620,44668424,6561236
02:36:13,42517,ptm_cycle_2,19372620,44668424,6561236
02:36:14,42517,ptm_cycle_2,19372620,44668424,6561236
02:36:15,42517,ptm_cycle_2,19372664,44668424,6561192
02:36:16,42517,ptm_cycle_2,19372664,44668424,6561192
02:36:17,42517,ptm_cycle_2,19372664,44668424,6561192
02:36:18,42517,ptm_cycle_2,19372668,44668424,6561188
02:36:19,42517,ptm_cycle_2,19372672,44668424,6561184
02:36:20,42517,ptm_cycle_2,19373656,44668424,6560200
02:36:21,42517,ptm_cycle_2,19373656,44668424,6560200
02:36:22,42517,ptm_cycle_2,19373656,44668424,6560200
02:36:23,42517,ptm_cycle_2,19373656,44668424,6560200
02:36:24,42517,ptm_cycle_2,19373656,44668424,6560200
02:36:25,42517,ptm_cycle_2,19373660,44668424,6560196
02:36:26,42517,ptm_cycle_2,19373664,44668424,6560192
02:36:27,42517,ptm_cycle_2,19373664,44668424,6560192
02:36:28,42517,ptm_cycle_2,19373664,44668424,6560192
02:36:29,42517,ptm_cycle_2,19373676,44668424,6560180
02:36:30,42517,ptm_cycle_2,19373676,44668424,6560180
02:36:31,42517,ptm_cycle_2,19373696,44668424,6560160
02:36:32,42517,ptm_cycle_2,19373700,44668424,6560156
02:36:33,42517,ptm_cycle_2,19373708,44668424,6560148
02:36:34,42517,ptm_cycle_2,19373708,44668424,6560148
02:36:35,42517,ptm_cycle_2,19373708,44668424,6560148
02:36:36,42517,ptm_cycle_2,19373752,44668424,6560148
02:36:37,42517,ptm_cycle_2,19373780,44668424,6560120
02:36:38,42517,ptm_cycle_2,19373784,44668424,6560116
02:36:39,42517,ptm_cycle_2,19373784,44668424,6560116
02:36:40,42517,ptm_cycle_2,19373784,44668424,6560116
02:36:41,42517,ptm_cycle_2,19373784,44668424,6560116
02:36:42,42517,ptm_cycle_2,19373864,44668424,6560036
02:36:43,42517,ptm_cycle_2,19373864,44668424,6560036
02:36:44,42517,ptm_cycle_2,19373872,44668424,6560036
02:36:45,42517,ptm_cycle_2,19373876,44668424,6560036
02:36:46,42517,ptm_cycle_2,19373888,44668424,6560024
02:36:47,42517,ptm_cycle_2,19373952,44668424,6559960
02:36:48,42517,ptm_cycle_2,19373952,44668424,6559960
02:36:49,42517,ptm_cycle_2,19373952,44668424,6559960
02:36:51,42517,ptm_cycle_2,19373952,44668424,6559960
02:36:52,42517,ptm_cycle_2,19373952,44668424,6559960
02:36:53,42517,ptm_cycle_2,19373956,44668424,6559956
02:36:54,42517,ptm_cycle_2,19373968,44668424,6559952
02:36:55,42517,ptm_cycle_2,19374040,44668424,6559880
02:36:56,42517,ptm_cycle_2,19374040,44668424,6559880
02:36:57,42517,ptm_cycle_2,19374056,44668424,6559880
02:36:58,42517,ptm_cycle_2,19374056,44668424,6559880
02:36:59,42517,ptm_cycle_2,19374064,44668424,6559880
02:37:00,42517,ptm_cycle_2,19374068,44668424,6559876
02:37:01,42517,ptm_cycle_2,19374088,44668424,6559856
02:37:02,42517,ptm_cycle_2,19374088,44668424,6559856
02:37:03,42517,ptm_cycle_2,19374088,44668424,6559856
02:37:04,42517,ptm_cycle_2,19374088,44668424,6559856
02:37:05,42517,ptm_cycle_2,19374088,44668424,6559856
02:37:06,42517,ptm_cycle_2,19374104,44668424,6559848
02:37:07,42517,ptm_cycle_2,19374104,44668424,6559848
02:37:08,42517,ptm_cycle_2,19379676,44668424,6554276
02:37:09,42517,ptm_cycle_2,19379676,44668424,6554276
02:37:10,42517,ptm_cycle_2,19379676,44668424,6554276
02:37:11,42517,ptm_cycle_2,19379676,44668424,6554276
02:37:12,42517,ptm_cycle_2,19379676,44668424,6554276
02:37:13,42517,ptm_cycle_2,19379704,44668424,6554272
02:37:14,42517,ptm_cycle_2,19379692,44668424,6554268
02:37:15,42517,ptm_cycle_2,19379692,44668424,6554268
02:37:16,42517,ptm_cycle_2,19379692,44668424,6554268
02:37:17,42517,ptm_cycle_2,19379696,44668424,6554268
02:37:18,42517,ptm_cycle_2,19379696,44668424,6554268
02:37:19,42517,ptm_cycle_2,19379696,44668424,6554268
02:37:20,42517,ptm_cycle_2,19379696,44668424,6554268
02:37:21,42517,ptm_cycle_2,19379704,44668424,6554264
02:37:22,42517,ptm_cycle_2,19379728,44668424,6554264
02:37:23,42517,ptm_cycle_2,19379704,44668424,6554264
02:37:24,42517,ptm_cycle_2,19379704,44668424,6554264
02:37:25,42517,ptm_cycle_2,19379704,44668424,6554264
02:37:26,42517,ptm_cycle_2,19379716,44668424,6554260
02:37:27,42517,ptm_cycle_2,19379720,44668424,6554256
02:37:28,42517,ptm_cycle_2,19379768,44668424,6554208
02:37:29,42517,ptm_cycle_2,19379768,44668424,6554208
02:37:30,42517,ptm_cycle_2,19379772,44668424,6554208
02:37:31,42517,ptm_cycle_2,19379796,44668424,6554208
02:37:32,42517,ptm_cycle_2,19379772,44668424,6554208
02:37:33,42517,ptm_cycle_2,19379780,44668424,6554200
02:37:34,42517,ptm_cycle_2,19379780,44668424,6554200
02:37:35,42517,ptm_cycle_2,19379780,44668424,6554200
02:37:36,42517,ptm_cycle_2,19379780,44668424,6554200
02:37:37,42517,ptm_cycle_2,19379796,44668424,6554192
02:37:38,42517,ptm_cycle_2,19379796,44668424,6554192
02:37:39,42517,ptm_cycle_2,19379796,44668424,6554192
02:37:40,42517,ptm_cycle_2,19379800,44668424,6554188
02:37:41,42517,ptm_cycle_2,19379812,44668424,6554176
02:37:42,42517,ptm_cycle_2,19379812,44668424,6554176
02:37:43,42517,ptm_cycle_2,19379812,44668424,6554176
02:37:44,42517,ptm_cycle_2,19379820,44668424,6554176
02:37:45,42517,ptm_cycle_2,19379820,44668424,6554176
02:37:46,42517,ptm_cycle_2,19379820,44668424,6554176
02:37:47,42517,ptm_cycle_2,19379820,44668424,6554176
02:37:48,42517,ptm_cycle_2,19379832,44668424,6554164
02:37:49,42517,ptm_cycle_2,19379832,44668424,6554164
02:37:50,42517,ptm_cycle_2,19379832,44668424,6554164
02:37:51,42517,ptm_cycle_2,19379908,44668424,6554088
02:37:52,42517,ptm_cycle_2,19379908,44668424,6554088
02:37:53,42517,ptm_cycle_2,19379920,44668424,6554084
03:01:27,91594,ptm_cycle_3,138612,152816,0
03:01:28,91594,ptm_cycle_3,138612,152816,0
03:01:29,91594,ptm_cycle_3,138612,152816,0
03:01:30,91594,ptm_cycle_3,138612,152816,0
03:01:31,91594,ptm_cycle_3,138612,152816,0
03:01:32,91594,ptm_cycle_3,138612,152816,0
03:01:33,91594,ptm_cycle_3,138612,152816,0
03:01:34,91594,ptm_cycle_3,138612,152816,0
03:01:35,91594,ptm_cycle_3,138612,152816,0
03:01:36,91594,ptm_cycle_3,138612,152816,0
03:01:37,91594,ptm_cycle_3,138612,152816,0
03:01:38,91594,ptm_cycle_3,138612,152816,0
03:01:39,91594,ptm_cycle_3,434160,434160,0
03:01:40,91594,ptm_cycle_3,779396,779396,0
03:01:41,91594,ptm_cycle_3,1083740,1083740,0
03:01:42,91594,ptm_cycle_3,1262364,1262364,0
03:01:43,91594,ptm_cycle_3,1500892,1500892,0
03:01:44,91594,ptm_cycle_3,1714148,1714148,0
03:01:45,91594,ptm_cycle_3,1715320,1715320,0
03:01:46,91594,ptm_cycle_3,1718636,1718636,0
03:01:47,91594,ptm_cycle_3,1721824,1721824,0
03:01:48,91594,ptm_cycle_3,1742948,1742948,0
03:01:49,91594,ptm_cycle_3,1755128,1755128,0
03:01:50,91594,ptm_cycle_3,1767072,1767072,0
03:01:51,91594,ptm_cycle_3,1779748,1779748,0
03:01:52,91594,ptm_cycle_3,1791408,1791408,0
03:01:53,91594,ptm_cycle_3,1802484,1802484,0
03:01:54,91594,ptm_cycle_3,1814068,1814068,0
03:01:55,91594,ptm_cycle_3,1826252,1826252,0
03:01:56,91594,ptm_cycle_3,1838132,1838132,0
03:01:57,91594,ptm_cycle_3,1849736,1849736,0
03:01:58,91594,ptm_cycle_3,2130476,2200508,0
03:01:59,91594,ptm_cycle_3,2129468,2200508,0
03:02:00,91594,ptm_cycle_3,2141004,2200508,0
03:02:01,91594,ptm_cycle_3,2537480,2537480,0
03:02:02,91594,ptm_cycle_3,2841560,2841560,0
03:02:03,91594,ptm_cycle_3,3137436,3137436,0
03:02:04,91594,ptm_cycle_3,3407380,3407380,0
03:02:05,91594,ptm_cycle_3,3627860,3627860,0
03:02:06,91594,ptm_cycle_3,3631784,3631784,0
03:02:07,91594,ptm_cycle_3,3634164,3634164,0
03:02:08,91594,ptm_cycle_3,3635132,3635132,0
03:02:09,91594,ptm_cycle_3,3809676,3809676,0
03:02:10,91594,ptm_cycle_3,4375536,4375536,0
03:02:11,91594,ptm_cycle_3,4389908,4389908,0
03:02:12,91594,ptm_cycle_3,4389908,4389908,0
03:02:13,91594,ptm_cycle_3,4389908,4389908,0
03:02:14,91594,ptm_cycle_3,4389908,4389908,0
03:02:15,91594,ptm_cycle_3,4389908,4389908,0
03:02:16,91594,ptm_cycle_3,4389908,4389908,0
03:02:17,91594,ptm_cycle_3,4335284,4389096,0
03:02:18,91594,ptm_cycle_3,4785140,4786308,0
03:02:19,91594,ptm_cycle_3,4787072,4787072,0
03:02:20,91594,ptm_cycle_3,5806372,5821976,0
03:02:21,91594,ptm_cycle_3,6914664,6914664,0
03:02:23,91594,ptm_cycle_3,7897344,7897344,0
03:02:24,91594,ptm_cycle_3,9079696,9079696,0
03:02:25,91594,ptm_cycle_3,9156016,9156016,0
03:02:26,91594,ptm_cycle_3,9310964,9901188,0
03:02:27,91594,ptm_cycle_3,9493996,9901188,0
03:02:28,91594,ptm_cycle_3,9843156,9901188,0
03:02:29,91594,ptm_cycle_3,10859224,10859224,0
03:02:30,91594,ptm_cycle_3,10859224,10859224,0
03:02:31,91594,ptm_cycle_3,10859224,10859224,0
03:02:32,91594,ptm_cycle_3,10901732,10901732,0
03:02:33,91594,ptm_cycle_3,10924344,10924344,0
03:02:34,91594,ptm_cycle_3,10955828,10987892,0
03:02:35,91594,ptm_cycle_3,11011164,11126032,0
03:02:36,91594,ptm_cycle_3,11045932,11126032,0
03:02:37,91594,ptm_cycle_3,11077648,11126032,0
03:02:38,91594,ptm_cycle_3,11102788,11126032,0
03:02:39,91594,ptm_cycle_3,11132572,11132572,0
03:02:40,91594,ptm_cycle_3,11158956,11382296,0
03:02:41,91594,ptm_cycle_3,11194948,11382296,0
03:02:42,91594,ptm_cycle_3,11240144,11382296,0
03:02:43,91594,ptm_cycle_3,11305652,11382296,0
03:02:44,91594,ptm_cycle_3,10275424,11382296,0
03:02:45,91594,ptm_cycle_3,10294948,11382296,0
03:02:46,91594,ptm_cycle_3,11098836,11382296,0
03:02:47,91594,ptm_cycle_3,11749588,11753020,0
03:02:48,91594,ptm_cycle_3,12435396,12565564,0
03:02:49,91594,ptm_cycle_3,13225364,13225364,0
03:02:50,91594,ptm_cycle_3,13732648,13793384,0
03:02:51,91594,ptm_cycle_3,14249760,14265336,0
03:02:52,91594,ptm_cycle_3,14539148,14539148,0
03:02:53,91594,ptm_cycle_3,14579120,14579120,0
03:02:54,91594,ptm_cycle_3,14795044,14829484,0
03:02:55,91594,ptm_cycle_3,14687420,14829484,0
03:02:56,91594,ptm_cycle_3,13275556,14846260,0
03:02:57,91594,ptm_cycle_3,11713292,14846260,0
03:02:58,91594,ptm_cycle_3,11743564,14846260,0
03:02:59,91594,ptm_cycle_3,11744248,14846260,0
03:03:00,91594,ptm_cycle_3,11744248,14846260,0
03:03:01,91594,ptm_cycle_3,11744248,14846260,0
03:03:02,91594,ptm_cycle_3,11744248,14846260,0
03:03:03,91594,ptm_cycle_3,11744248,14846260,0
03:03:04,91594,ptm_cycle_3,11744248,14846260,0
03:03:05,91594,ptm_cycle_3,11844928,14846260,0
03:03:06,91594,ptm_cycle_3,11951580,14846260,0
03:03:07,91594,ptm_cycle_3,11945336,14846260,0
03:03:08,91594,ptm_cycle_3,12227840,14846260,0
03:03:09,91594,ptm_cycle_3,12378128,14846260,0
03:03:10,91594,ptm_cycle_3,12378128,14846260,0
03:03:11,91594,ptm_cycle_3,12378128,14846260,0
03:03:12,91594,ptm_cycle_3,12378128,14846260,0
03:03:13,91594,ptm_cycle_3,12378128,14846260,0
03:03:14,91594,ptm_cycle_3,12378128,14846260,0
03:03:15,91594,ptm_cycle_3,12378128,14846260,0
03:03:16,91594,ptm_cycle_3,12378128,14846260,0
03:03:17,91594,ptm_cycle_3,12466484,14846260,0
03:03:18,91594,ptm_cycle_3,12613640,14846260,0
03:03:19,91594,ptm_cycle_3,12422112,14846260,0
03:03:20,91594,ptm_cycle_3,12665272,14846260,0
03:03:21,91594,ptm_cycle_3,12665272,14846260,0
03:03:22,91594,ptm_cycle_3,12620440,14846260,0
03:03:23,91594,ptm_cycle_3,13125880,14846260,0
03:03:24,91594,ptm_cycle_3,13216564,14846260,0
03:03:25,91594,ptm_cycle_3,13020988,14846260,0
03:03:26,91594,ptm_cycle_3,13020988,14846260,0
03:03:27,91594,ptm_cycle_3,13020988,14846260,0
03:03:28,91594,ptm_cycle_3,13020988,14846260,0
03:03:29,91594,ptm_cycle_3,13020988,14846260,0
03:03:30,91594,ptm_cycle_3,13020988,14846260,0
03:03:31,91594,ptm_cycle_3,13020988,14846260,0
03:03:32,91594,ptm_cycle_3,13020988,14846260,0
03:03:33,91594,ptm_cycle_3,13020988,14846260,0
03:03:34,91594,ptm_cycle_3,13020988,14846260,0
03:03:35,91594,ptm_cycle_3,13020988,14846260,0
03:03:36,91594,ptm_cycle_3,13020988,14846260,0
03:03:37,91594,ptm_cycle_3,13020988,14846260,0
03:03:38,91594,ptm_cycle_3,13020988,14846260,0
03:03:39,91594,ptm_cycle_3,13020988,14846260,0
03:03:40,91594,ptm_cycle_3,13020988,14846260,0
03:03:41,91594,ptm_cycle_3,13020988,14846260,0
03:03:42,91594,ptm_cycle_3,13020988,14846260,0
03:03:43,91594,ptm_cycle_3,13020988,14846260,0
03:03:44,91594,ptm_cycle_3,13020988,14846260,0
03:03:45,91594,ptm_cycle_3,13020988,14846260,0
03:03:47,91594,ptm_cycle_3,13020988,14846260,0
03:03:48,91594,ptm_cycle_3,13020988,14846260,0
03:03:49,91594,ptm_cycle_3,13020988,14846260,0
03:03:50,91594,ptm_cycle_3,13020988,14846260,0
03:03:51,91594,ptm_cycle_3,13020988,14846260,0
03:03:52,91594,ptm_cycle_3,13020988,14846260,0
03:03:53,91594,ptm_cycle_3,13020988,14846260,0
03:03:54,91594,ptm_cycle_3,13020988,14846260,0
03:03:55,91594,ptm_cycle_3,13020988,14846260,0
03:03:56,91594,ptm_cycle_3,13020988,14846260,0
03:03:57,91594,ptm_cycle_3,13020988,14846260,0
03:03:58,91594,ptm_cycle_3,13020988,14846260,0
03:03:59,91594,ptm_cycle_3,13020988,14846260,0
03:04:00,91594,ptm_cycle_3,13020988,14846260,0
03:04:01,91594,ptm_cycle_3,13020988,14846260,0
03:04:02,91594,ptm_cycle_3,13020988,14846260,0
03:04:03,91594,ptm_cycle_3,13020988,14846260,0
03:04:04,91594,ptm_cycle_3,13020988,14846260,0
03:04:05,91594,ptm_cycle_3,13020988,14846260,0
03:04:06,91594,ptm_cycle_3,13020988,14846260,0
03:04:07,91594,ptm_cycle_3,13020988,14846260,0
03:04:08,91594,ptm_cycle_3,13020988,14846260,0
03:04:09,91594,ptm_cycle_3,13020988,14846260,0
03:04:10,91594,ptm_cycle_3,13020988,14846260,0
03:04:11,91594,ptm_cycle_3,13020988,14846260,0
03:04:12,91594,ptm_cycle_3,13020988,14846260,0
03:04:13,91594,ptm_cycle_3,13020988,14846260,0
03:04:14,91594,ptm_cycle_3,13020988,14846260,0
03:04:15,91594,ptm_cycle_3,13020988,14846260,0
03:04:16,91594,ptm_cycle_3,13020988,14846260,0
03:04:17,91594,ptm_cycle_3,13020988,14846260,0
03:04:18,91594,ptm_cycle_3,13020988,14846260,0
03:04:19,91594,ptm_cycle_3,13020988,14846260,0
03:04:20,91594,ptm_cycle_3,13020988,14846260,0
03:04:21,91594,ptm_cycle_3,13020988,14846260,0
03:04:22,91594,ptm_cycle_3,13020988,14846260,0
03:04:23,91594,ptm_cycle_3,13020988,14846260,0
03:04:24,91594,ptm_cycle_3,13020988,14846260,0
03:04:25,91594,ptm_cycle_3,13020988,14846260,0
03:04:26,91594,ptm_cycle_3,13020988,14846260,0
03:04:27,91594,ptm_cycle_3,13020988,14846260,0
03:04:28,91594,ptm_cycle_3,13020988,14846260,0
03:04:29,91594,ptm_cycle_3,13020988,14846260,0
03:04:30,91594,ptm_cycle_3,13020988,14846260,0
03:04:31,91594,ptm_cycle_3,13020988,14846260,0
03:04:32,91594,ptm_cycle_3,13020988,14846260,0
03:04:33,91594,ptm_cycle_3,13020988,14846260,0
03:04:34,91594,ptm_cycle_3,13020988,14846260,0
03:04:35,91594,ptm_cycle_3,13020988,14846260,0
03:04:36,91594,ptm_cycle_3,13020988,14846260,0
03:04:37,91594,ptm_cycle_3,13020988,14846260,0
03:04:38,91594,ptm_cycle_3,13020988,14846260,0
03:04:39,91594,ptm_cycle_3,13020988,14846260,0
03:04:40,91594,ptm_cycle_3,13020988,14846260,0
03:04:41,91594,ptm_cycle_3,13020988,14846260,0
03:04:42,91594,ptm_cycle_3,13020988,14846260,0
03:04:43,91594,ptm_cycle_3,13020988,14846260,0
03:04:44,91594,ptm_cycle_3,13020988,14846260,0
03:04:45,91594,ptm_cycle_3,12788716,14846260,0
03:04:46,91594,ptm_cycle_3,12750652,14846260,0
03:04:47,91594,ptm_cycle_3,12422112,14846260,0
03:04:48,91594,ptm_cycle_3,12596792,14846260,0
03:04:49,91594,ptm_cycle_3,13075712,14846260,0
03:04:50,91594,ptm_cycle_3,13112732,14846260,0
03:04:51,91594,ptm_cycle_3,13112732,14846260,0
03:04:52,91594,ptm_cycle_3,13140984,14846260,0
03:04:53,91594,ptm_cycle_3,13144120,14846260,0
03:04:54,91594,ptm_cycle_3,13144120,14846260,0
03:04:55,91594,ptm_cycle_3,13144120,14846260,0
03:04:56,91594,ptm_cycle_3,13144120,14846260,0
03:04:57,91594,ptm_cycle_3,13144120,14846260,0
03:04:58,91594,ptm_cycle_3,13144120,14846260,0
03:04:59,91594,ptm_cycle_3,13144120,14846260,0
03:05:00,91594,ptm_cycle_3,13251128,14846260,0
03:05:01,91594,ptm_cycle_3,13399344,14846260,0
03:05:02,91594,ptm_cycle_3,13134628,14846260,0
03:05:03,91594,ptm_cycle_3,13134628,14846260,0
03:05:04,91594,ptm_cycle_3,13134628,14846260,0
03:05:05,91594,ptm_cycle_3,13145916,14846260,0
03:05:06,91594,ptm_cycle_3,13145916,14846260,0
03:05:07,91594,ptm_cycle_3,13145916,14846260,0
03:05:08,91594,ptm_cycle_3,13145916,14846260,0
03:05:09,91594,ptm_cycle_3,13145916,14846260,0
03:05:10,91594,ptm_cycle_3,13145916,14846260,0
03:05:12,91594,ptm_cycle_3,13145916,14846260,0
03:05:13,91594,ptm_cycle_3,13240696,14846260,0
03:05:14,91594,ptm_cycle_3,13358504,14846260,0
03:05:15,91594,ptm_cycle_3,13329048,14846260,0
03:05:16,91594,ptm_cycle_3,13376884,14846260,0
03:05:17,91594,ptm_cycle_3,13143592,14846260,0
03:05:18,91594,ptm_cycle_3,13496888,14846260,0
03:05:19,91594,ptm_cycle_3,13893640,14846260,0
03:05:20,91594,ptm_cycle_3,14826008,14846260,0
03:05:21,91594,ptm_cycle_3,15073156,15098300,0
03:05:22,91594,ptm_cycle_3,15073156,15098300,0
03:05:23,91594,ptm_cycle_3,15115580,15115580,0
03:05:24,91594,ptm_cycle_3,15250468,15370784,0
03:05:25,91594,ptm_cycle_3,15390748,15400124,0
03:05:26,91594,ptm_cycle_3,15531572,15641384,0
03:05:27,91594,ptm_cycle_3,15376292,15699916,0
03:05:28,91594,ptm_cycle_3,14103052,15699916,0
03:05:29,91594,ptm_cycle_3,14602332,15699916,0
03:05:30,91594,ptm_cycle_3,15540136,15699916,0
03:05:31,91594,ptm_cycle_3,15922580,16147836,0
03:05:32,91594,ptm_cycle_3,15664200,16147836,0
03:05:33,91594,ptm_cycle_3,16445544,16445544,0
03:05:34,91594,ptm_cycle_3,17141052,17141052,0
03:05:35,91594,ptm_cycle_3,17472956,17472956,0
03:05:36,91594,ptm_cycle_3,18032944,18049332,0
03:05:37,91594,ptm_cycle_3,18424184,18432928,0
03:05:38,91594,ptm_cycle_3,18609492,18609492,0
03:05:39,91594,ptm_cycle_3,18694956,18694956,0
03:05:40,91594,ptm_cycle_3,18995948,18995948,0
03:05:41,91594,ptm_cycle_3,18701036,18995392,0
03:05:42,91594,ptm_cycle_3,17024392,18995392,0
03:05:43,91594,ptm_cycle_3,15809060,18995392,0
03:05:44,91594,ptm_cycle_3,15809060,18995392,0
03:05:45,91594,ptm_cycle_3,15809060,18995392,0
03:05:46,91594,ptm_cycle_3,15809088,18995392,0
03:05:47,91594,ptm_cycle_3,15809088,18995392,0
03:05:48,91594,ptm_cycle_3,15809088,18995392,0
03:05:49,91594,ptm_cycle_3,15809088,18995392,0
03:05:50,91594,ptm_cycle_3,15809088,18995392,0
03:05:51,91594,ptm_cycle_3,15809088,18995392,0
03:05:52,91594,ptm_cycle_3,15809088,18995392,0
03:05:53,91594,ptm_cycle_3,15809088,18995392,0
03:05:54,91594,ptm_cycle_3,15809124,18995392,0
03:05:55,91594,ptm_cycle_3,15809172,18995392,0
03:05:56,91594,ptm_cycle_3,15809172,18995392,0
03:05:57,91594,ptm_cycle_3,15809172,18995392,0
03:05:58,91594,ptm_cycle_3,15810036,18995392,0
03:05:59,91594,ptm_cycle_3,15986744,18995392,0
03:06:00,91594,ptm_cycle_3,15827312,18995392,0
03:06:01,91594,ptm_cycle_3,15827320,18995392,0
03:06:02,91594,ptm_cycle_3,15827320,18995392,0
03:06:03,91594,ptm_cycle_3,15827320,18995392,0
03:06:04,91594,ptm_cycle_3,15827320,18995392,0
03:06:05,91594,ptm_cycle_3,15827320,18995392,0
03:06:06,91594,ptm_cycle_3,15827320,18995392,0
03:06:07,91594,ptm_cycle_3,15827320,18995392,0
03:06:08,91594,ptm_cycle_3,15827320,18995392,0
03:06:09,91594,ptm_cycle_3,15827320,18995392,0
03:06:10,91594,ptm_cycle_3,15827320,18995392,0
03:06:11,91594,ptm_cycle_3,15827320,18995392,0
03:06:12,91594,ptm_cycle_3,15827320,18995392,0
03:06:13,91594,ptm_cycle_3,15827320,18995392,0
03:06:14,91594,ptm_cycle_3,15827320,18995392,0
03:06:15,91594,ptm_cycle_3,15827320,18995392,0
03:06:16,91594,ptm_cycle_3,15827320,18995392,0
03:06:17,91594,ptm_cycle_3,15827320,18995392,0
03:06:18,91594,ptm_cycle_3,15827320,18995392,0
03:06:19,91594,ptm_cycle_3,15827320,18995392,0
03:06:20,91594,ptm_cycle_3,15827320,18995392,0
03:06:21,91594,ptm_cycle_3,15827320,18995392,0
03:06:22,91594,ptm_cycle_3,15827320,18995392,0
03:06:23,91594,ptm_cycle_3,15827320,18995392,0
03:06:24,91594,ptm_cycle_3,15827320,18995392,0
03:06:25,91594,ptm_cycle_3,15827320,18995392,0
03:06:26,91594,ptm_cycle_3,15827320,18995392,0
03:06:27,91594,ptm_cycle_3,15827320,18995392,0
03:06:28,91594,ptm_cycle_3,15827320,18995392,0
03:06:29,91594,ptm_cycle_3,15827320,18995392,0
03:06:30,91594,ptm_cycle_3,15827320,18995392,0
03:06:31,91594,ptm_cycle_3,15827320,18995392,0
03:06:32,91594,ptm_cycle_3,15827320,18995392,0
03:06:33,91594,ptm_cycle_3,15827320,18995392,0
03:06:35,91594,ptm_cycle_3,15827320,18995392,0
03:06:36,91594,ptm_cycle_3,15827320,18995392,0
03:06:37,91594,ptm_cycle_3,15827320,18995392,0
03:06:38,91594,ptm_cycle_3,15827320,18995392,0
03:06:39,91594,ptm_cycle_3,15827320,18995392,0
03:06:40,91594,ptm_cycle_3,15827320,18995392,0
03:06:41,91594,ptm_cycle_3,15827320,18995392,0
03:06:42,91594,ptm_cycle_3,15827320,18995392,0
03:06:43,91594,ptm_cycle_3,15827320,18995392,0
03:06:44,91594,ptm_cycle_3,15827320,18995392,0
03:06:45,91594,ptm_cycle_3,15827320,18995392,0
03:06:46,91594,ptm_cycle_3,15827320,18995392,0
03:06:47,91594,ptm_cycle_3,15827320,18995392,0
03:06:48,91594,ptm_cycle_3,15827320,18995392,0
03:06:49,91594,ptm_cycle_3,15827320,18995392,0
03:06:50,91594,ptm_cycle_3,15827320,18995392,0
03:06:51,91594,ptm_cycle_3,15827320,18995392,0
03:06:52,91594,ptm_cycle_3,15827320,18995392,0
03:06:53,91594,ptm_cycle_3,15827320,18995392,0
03:06:54,91594,ptm_cycle_3,15827320,18995392,0
03:06:55,91594,ptm_cycle_3,15827320,18995392,0
03:06:56,91594,ptm_cycle_3,15827320,18995392,0
03:06:57,91594,ptm_cycle_3,15827320,18995392,0
03:06:58,91594,ptm_cycle_3,15827320,18995392,0
03:06:59,91594,ptm_cycle_3,15827320,18995392,0
03:07:00,91594,ptm_cycle_3,15827320,18995392,0
03:07:01,91594,ptm_cycle_3,15827320,18995392,0
03:07:02,91594,ptm_cycle_3,15827320,18995392,0
03:07:03,91594,ptm_cycle_3,15827320,18995392,0
03:07:04,91594,ptm_cycle_3,15827320,18995392,0
03:07:05,91594,ptm_cycle_3,15827320,18995392,0
03:07:06,91594,ptm_cycle_3,15827320,18995392,0
03:07:07,91594,ptm_cycle_3,15827320,18995392,0
03:07:08,91594,ptm_cycle_3,15827320,18995392,0
03:07:09,91594,ptm_cycle_3,15827320,18995392,0
03:07:10,91594,ptm_cycle_3,15827320,18995392,0
03:07:11,91594,ptm_cycle_3,15827320,18995392,0
03:07:12,91594,ptm_cycle_3,15827320,18995392,0
03:07:13,91594,ptm_cycle_3,15827320,18995392,0
03:07:14,91594,ptm_cycle_3,15827320,18995392,0
03:07:15,91594,ptm_cycle_3,15827320,18995392,0
03:07:16,91594,ptm_cycle_3,15827320,18995392,0
03:07:17,91594,ptm_cycle_3,15827320,18995392,0
03:07:18,91594,ptm_cycle_3,15827320,18995392,0
03:07:19,91594,ptm_cycle_3,15827320,18995392,0
03:07:20,91594,ptm_cycle_3,15827320,18995392,0
03:07:21,91594,ptm_cycle_3,15827320,18995392,0
03:07:22,91594,ptm_cycle_3,15827320,18995392,0
03:07:23,91594,ptm_cycle_3,15827320,18995392,0
03:07:24,91594,ptm_cycle_3,15827320,18995392,0
03:07:25,91594,ptm_cycle_3,15827320,18995392,0
03:07:26,91594,ptm_cycle_3,15827320,18995392,0
03:07:27,91594,ptm_cycle_3,15831296,18995392,0
03:07:28,91594,ptm_cycle_3,15831296,18995392,0
03:07:29,91594,ptm_cycle_3,15831296,18995392,0
03:07:30,91594,ptm_cycle_3,15831296,18995392,0
03:07:31,91594,ptm_cycle_3,16024716,18995392,0
03:07:32,91594,ptm_cycle_3,16025056,18995392,0
03:07:33,91594,ptm_cycle_3,16025056,18995392,0
03:07:34,91594,ptm_cycle_3,16025056,18995392,0
03:07:35,91594,ptm_cycle_3,16025056,18995392,0
03:07:36,91594,ptm_cycle_3,16025056,18995392,0
03:07:37,91594,ptm_cycle_3,16025056,18995392,0
03:07:38,91594,ptm_cycle_3,16025056,18995392,0
03:07:39,91594,ptm_cycle_3,16025056,18995392,0
03:07:40,91594,ptm_cycle_3,16025056,18995392,0
03:07:41,91594,ptm_cycle_3,16025056,18995392,0
03:07:42,91594,ptm_cycle_3,16025056,18995392,0
03:07:43,91594,ptm_cycle_3,16025056,18995392,0
03:07:44,91594,ptm_cycle_3,16025056,18995392,0
03:07:45,91594,ptm_cycle_3,16025056,18995392,0
03:07:46,91594,ptm_cycle_3,16025056,18995392,0
03:07:47,91594,ptm_cycle_3,16025056,18995392,0
03:07:48,91594,ptm_cycle_3,16025056,18995392,0
03:07:49,91594,ptm_cycle_3,16025056,18995392,0
03:07:50,91594,ptm_cycle_3,16025056,18995392,0
03:07:51,91594,ptm_cycle_3,16025056,18995392,0
03:07:52,91594,ptm_cycle_3,16025056,18995392,0
03:07:53,91594,ptm_cycle_3,16025056,18995392,0
03:07:54,91594,ptm_cycle_3,16025056,18995392,0
03:07:55,91594,ptm_cycle_3,16025056,18995392,0
03:07:56,91594,ptm_cycle_3,16025056,18995392,0
03:07:57,91594,ptm_cycle_3,16025056,18995392,0
03:07:59,91594,ptm_cycle_3,16025056,18995392,0
03:08:00,91594,ptm_cycle_3,16025056,18995392,0
03:08:01,91594,ptm_cycle_3,16324968,18995392,0
03:08:02,91594,ptm_cycle_3,16933160,18995392,0
03:08:03,91594,ptm_cycle_3,17564572,18995392,0
03:08:04,91594,ptm_cycle_3,17564572,18995392,0
03:08:05,91594,ptm_cycle_3,17564572,18995392,0
03:08:06,91594,ptm_cycle_3,17660164,18995392,0
03:08:07,91594,ptm_cycle_3,17781960,18995392,0
03:08:08,91594,ptm_cycle_3,17962164,18995392,0
03:08:09,91594,ptm_cycle_3,18085252,18995392,0
03:08:10,91594,ptm_cycle_3,16337488,18995392,0
03:08:11,91594,ptm_cycle_3,16864028,18995392,0
03:08:12,91594,ptm_cycle_3,17140212,18995392,0
03:08:13,91594,ptm_cycle_3,18109484,18995392,0
03:08:14,91594,ptm_cycle_3,17444096,18995392,0
03:08:15,91594,ptm_cycle_3,17759068,18995392,0
03:08:16,91594,ptm_cycle_3,18761564,18995392,0
03:08:17,91594,ptm_cycle_3,19212916,19361404,0
03:08:18,91594,ptm_cycle_3,19670860,19720388,0
03:08:19,91594,ptm_cycle_3,20359944,20359944,0
03:08:20,91594,ptm_cycle_3,20531892,20531892,0
03:08:21,91594,ptm_cycle_3,20596696,20596696,0
03:08:22,91594,ptm_cycle_3,20946860,20946860,0
03:08:23,91594,ptm_cycle_3,20687944,20982324,0
03:08:24,91594,ptm_cycle_3,20821872,20982324,0
03:08:25,91594,ptm_cycle_3,19131116,21557160,0
03:08:26,91594,ptm_cycle_3,18091444,21557160,0
03:08:27,91594,ptm_cycle_3,18091444,21557160,0
03:08:28,91594,ptm_cycle_3,18091444,21557160,0
03:08:29,91594,ptm_cycle_3,18091636,21557160,0
03:08:30,91594,ptm_cycle_3,18091636,21557160,0
03:08:31,91594,ptm_cycle_3,18091636,21557160,0
03:08:32,91594,ptm_cycle_3,18091636,21557160,0
03:08:33,91594,ptm_cycle_3,18091636,21557160,0
03:08:34,91594,ptm_cycle_3,18091636,21557160,0
03:08:35,91594,ptm_cycle_3,18091636,21557160,0
03:08:36,91594,ptm_cycle_3,18092376,21557160,0
03:08:37,91594,ptm_cycle_3,18092376,21557160,0
03:08:38,91594,ptm_cycle_3,18092376,21557160,0
03:08:39,91594,ptm_cycle_3,18095888,21557160,0
03:08:40,91594,ptm_cycle_3,18095888,21557160,0
03:08:41,91594,ptm_cycle_3,18095888,21557160,0
03:08:42,91594,ptm_cycle_3,18097120,21557160,0
03:08:43,91594,ptm_cycle_3,18097120,21557160,0
03:08:44,91594,ptm_cycle_3,18105084,21557160,0
03:08:45,91594,ptm_cycle_3,18105084,21557160,0
03:08:46,91594,ptm_cycle_3,18105084,21557160,0
03:08:47,91594,ptm_cycle_3,18105084,21557160,0
03:08:48,91594,ptm_cycle_3,18105084,21557160,0
03:08:49,91594,ptm_cycle_3,18105084,21557160,0
03:08:50,91594,ptm_cycle_3,18105084,21557160,0
03:08:51,91594,ptm_cycle_3,18105084,21557160,0
03:08:52,91594,ptm_cycle_3,18105084,21557160,0
03:08:53,91594,ptm_cycle_3,18105084,21557160,0
03:08:54,91594,ptm_cycle_3,18105084,21557160,0
03:08:55,91594,ptm_cycle_3,18105084,21557160,0
03:08:56,91594,ptm_cycle_3,18105084,21557160,0
03:08:57,91594,ptm_cycle_3,18105084,21557160,0
03:08:58,91594,ptm_cycle_3,18105084,21557160,0
03:08:59,91594,ptm_cycle_3,18105084,21557160,0
03:09:00,91594,ptm_cycle_3,18105084,21557160,0
03:09:01,91594,ptm_cycle_3,18105084,21557160,0
03:09:02,91594,ptm_cycle_3,18105084,21557160,0
03:09:03,91594,ptm_cycle_3,18105084,21557160,0
03:09:04,91594,ptm_cycle_3,18105084,21557160,0
03:09:05,91594,ptm_cycle_3,18105084,21557160,0
03:09:06,91594,ptm_cycle_3,18105084,21557160,0
03:09:07,91594,ptm_cycle_3,18105084,21557160,0
03:09:08,91594,ptm_cycle_3,18105084,21557160,0
03:09:09,91594,ptm_cycle_3,18105084,21557160,0
03:09:10,91594,ptm_cycle_3,18105084,21557160,0
03:09:11,91594,ptm_cycle_3,18105084,21557160,0
03:09:12,91594,ptm_cycle_3,18105084,21557160,0
03:09:13,91594,ptm_cycle_3,18105084,21557160,0
03:09:14,91594,ptm_cycle_3,18105084,21557160,0
03:09:15,91594,ptm_cycle_3,18105084,21557160,0
03:09:16,91594,ptm_cycle_3,18105084,21557160,0
03:09:17,91594,ptm_cycle_3,18105084,21557160,0
03:09:18,91594,ptm_cycle_3,18105084,21557160,0
03:09:19,91594,ptm_cycle_3,18105084,21557160,0
03:09:20,91594,ptm_cycle_3,18105084,21557160,0
03:09:22,91594,ptm_cycle_3,18105084,21557160,0
03:09:23,91594,ptm_cycle_3,18105084,21557160,0
03:09:24,91594,ptm_cycle_3,18105084,21557160,0
03:09:25,91594,ptm_cycle_3,18105084,21557160,0
03:09:26,91594,ptm_cycle_3,18105084,21557160,0
03:09:27,91594,ptm_cycle_3,18105084,21557160,0
03:09:28,91594,ptm_cycle_3,18105084,21557160,0
03:09:29,91594,ptm_cycle_3,18105084,21557160,0
03:09:30,91594,ptm_cycle_3,18105084,21557160,0
03:09:31,91594,ptm_cycle_3,18105084,21557160,0
03:09:32,91594,ptm_cycle_3,18105084,21557160,0
03:09:33,91594,ptm_cycle_3,18105084,21557160,0
03:09:34,91594,ptm_cycle_3,18105084,21557160,0
03:09:35,91594,ptm_cycle_3,18105084,21557160,0
03:09:36,91594,ptm_cycle_3,18105084,21557160,0
03:09:37,91594,ptm_cycle_3,18105084,21557160,0
03:09:38,91594,ptm_cycle_3,18105084,21557160,0
03:09:39,91594,ptm_cycle_3,18105084,21557160,0
03:09:40,91594,ptm_cycle_3,18105084,21557160,0
03:09:41,91594,ptm_cycle_3,18105084,21557160,0
03:09:42,91594,ptm_cycle_3,18105084,21557160,0
03:09:43,91594,ptm_cycle_3,18105084,21557160,0
03:09:44,91594,ptm_cycle_3,18105084,21557160,0
03:09:45,91594,ptm_cycle_3,18105084,21557160,0
03:09:46,91594,ptm_cycle_3,18105084,21557160,0
03:09:47,91594,ptm_cycle_3,18105084,21557160,0
03:09:48,91594,ptm_cycle_3,18105084,21557160,0
03:09:49,91594,ptm_cycle_3,18105084,21557160,0
03:09:50,91594,ptm_cycle_3,18105084,21557160,0
03:09:51,91594,ptm_cycle_3,18105084,21557160,0
03:09:52,91594,ptm_cycle_3,18105084,21557160,0
03:09:53,91594,ptm_cycle_3,18105084,21557160,0
03:09:54,91594,ptm_cycle_3,18105084,21557160,0
03:09:55,91594,ptm_cycle_3,18105084,21557160,0
03:09:56,91594,ptm_cycle_3,18105084,21557160,0
03:09:57,91594,ptm_cycle_3,18105084,21557160,0
03:09:58,91594,ptm_cycle_3,18105084,21557160,0
03:09:59,91594,ptm_cycle_3,18105084,21557160,0
03:10:00,91594,ptm_cycle_3,18105084,21557160,0
03:10:01,91594,ptm_cycle_3,18105084,21557160,0
03:10:02,91594,ptm_cycle_3,18105084,21557160,0
03:10:03,91594,ptm_cycle_3,18105084,21557160,0
03:10:04,91594,ptm_cycle_3,18105084,21557160,0
03:10:05,91594,ptm_cycle_3,18105084,21557160,0
03:10:06,91594,ptm_cycle_3,18105084,21557160,0
03:10:07,91594,ptm_cycle_3,18105084,21557160,0
03:10:08,91594,ptm_cycle_3,18105084,21557160,0
03:10:09,91594,ptm_cycle_3,18105084,21557160,0
03:10:10,91594,ptm_cycle_3,18256700,21557160,0
03:10:11,91594,ptm_cycle_3,18263772,21557160,0
03:10:12,91594,ptm_cycle_3,18263772,21557160,0
03:10:13,91594,ptm_cycle_3,18263772,21557160,0
03:10:14,91594,ptm_cycle_3,18263772,21557160,0
03:10:15,91594,ptm_cycle_3,18263772,21557160,0
03:10:16,91594,ptm_cycle_3,18263772,21557160,0
03:10:17,91594,ptm_cycle_3,18263772,21557160,0
03:10:18,91594,ptm_cycle_3,18263772,21557160,0
03:10:19,91594,ptm_cycle_3,18263772,21557160,0
03:10:20,91594,ptm_cycle_3,18263772,21557160,0
03:10:21,91594,ptm_cycle_3,18263772,21557160,0
03:10:22,91594,ptm_cycle_3,18263772,21557160,0
03:10:23,91594,ptm_cycle_3,18263772,21557160,0
03:10:24,91594,ptm_cycle_3,18452888,21557160,0
03:10:25,91594,ptm_cycle_3,22114992,22114992,0
03:10:26,91594,ptm_cycle_3,23081784,23081784,0
03:10:27,91594,ptm_cycle_3,18263772,23516068,0
03:10:28,91594,ptm_cycle_3,18264624,23516068,0
03:10:29,91594,ptm_cycle_3,17311124,23516068,0
03:10:30,91594,ptm_cycle_3,16508432,23516068,0
03:10:31,91594,ptm_cycle_3,16513620,23516068,0
03:10:32,91594,ptm_cycle_3,16819276,23516068,0
03:10:33,91594,ptm_cycle_3,17335464,23516068,0
03:10:34,91594,ptm_cycle_3,17335464,23516068,0
03:10:35,91594,ptm_cycle_3,17335464,23516068,0
03:10:36,91594,ptm_cycle_3,17429668,23516068,0
03:10:37,91594,ptm_cycle_3,17546088,23516068,0
03:10:38,91594,ptm_cycle_3,17725772,23516068,0
03:10:39,91594,ptm_cycle_3,17852284,23516068,0
03:10:40,91594,ptm_cycle_3,16515124,23516068,0
03:10:41,91594,ptm_cycle_3,17537336,23516068,0
03:10:42,91594,ptm_cycle_3,17863892,23516068,0
03:10:43,91594,ptm_cycle_3,18279872,23516068,0
03:10:45,91594,ptm_cycle_3,22950456,23516068,0
03:10:46,91594,ptm_cycle_3,26229144,26229144,0
03:10:47,91594,ptm_cycle_3,29960484,29960484,0
03:10:48,91594,ptm_cycle_3,32566588,32566588,0
03:10:49,91594,ptm_cycle_3,35186828,35186828,0
03:10:50,91594,ptm_cycle_3,38574492,38579624,0
03:10:51,91594,ptm_cycle_3,41315696,41315696,0
03:10:52,91594,ptm_cycle_3,43402748,43507444,0
03:10:53,91594,ptm_cycle_3,43741844,43743140,512420
03:10:54,91594,ptm_cycle_3,43533096,43759268,2353540
03:10:55,91594,ptm_cycle_3,43404792,43759268,3249216
03:10:56,91594,ptm_cycle_3,43075772,43759268,4234028
03:10:57,91594,ptm_cycle_3,43006396,43759268,5752456
03:10:58,91594,ptm_cycle_3,42787628,43759268,7628140
03:10:59,91594,ptm_cycle_3,42333004,43759268,8182876
03:11:00,91594,ptm_cycle_3,42485500,43759268,8335416
03:11:01,91594,ptm_cycle_3,42624364,43759268,8999284
03:11:02,91594,ptm_cycle_3,41790860,43759268,9268348
03:11:03,91594,ptm_cycle_3,41121264,43759268,9268272
03:11:04,91594,ptm_cycle_3,42266052,43759268,8513540
03:11:05,91594,ptm_cycle_3,42706432,43759268,8261224
03:11:06,91594,ptm_cycle_3,42681788,43759268,8675524
03:11:07,91594,ptm_cycle_3,42504560,43759268,9779680
03:11:09,91594,ptm_cycle_3,42262096,43759268,11347924
03:11:10,91594,ptm_cycle_3,42177020,43759268,12297400
03:11:11,91594,ptm_cycle_3,41985760,43759268,13157936
03:11:12,91594,ptm_cycle_3,41890600,43759268,13157028
03:11:13,91594,ptm_cycle_3,41734252,43759268,13548984
03:11:14,91594,ptm_cycle_3,41748340,43759268,13991304
03:11:15,91594,ptm_cycle_3,41717376,43759268,14411544
03:11:16,91594,ptm_cycle_3,40967608,43759268,15029748
03:11:17,91594,ptm_cycle_3,41537456,43759268,15298304
03:11:18,91594,ptm_cycle_3,41298828,43759268,15940328
03:11:19,91594,ptm_cycle_3,41518440,43759268,16026512
03:11:20,91594,ptm_cycle_3,41184460,43759268,16362104
03:11:21,91594,ptm_cycle_3,41506848,43759268,16631716
03:11:22,91594,ptm_cycle_3,41114488,43759268,16952304
03:11:23,91594,ptm_cycle_3,41465964,43759268,16871700
03:11:24,91594,ptm_cycle_3,41055344,43759268,17145856
03:11:25,91594,ptm_cycle_3,41041824,43759268,17423480
03:11:26,91594,ptm_cycle_3,40737876,43759268,17407940
03:11:27,91594,ptm_cycle_3,41143948,43759268,17321364
03:11:28,91594,ptm_cycle_3,41198132,43759268,17267196
03:11:29,91594,ptm_cycle_3,41405404,43759268,17258124
03:11:30,91594,ptm_cycle_3,41030064,43759268,17435288
03:11:31,91594,ptm_cycle_3,40768452,43759268,17377420
03:11:32,91594,ptm_cycle_3,41017116,43759268,17448260
03:11:33,91594,ptm_cycle_3,41242712,43759268,17222700
03:11:34,91594,ptm_cycle_3,41160728,43759268,17304688
03:11:35,91594,ptm_cycle_3,41004980,43759268,17460440
03:11:36,91594,ptm_cycle_3,40672676,43759268,17536348
03:11:37,91594,ptm_cycle_3,41020760,43759268,17444988
03:11:38,91594,ptm_cycle_3,40655032,43759268,17437992
03:11:39,91594,ptm_cycle_3,40944056,43759268,17522792
03:11:40,91594,ptm_cycle_3,40827004,43759268,17640600
03:11:41,91594,ptm_cycle_3,40560524,43759268,17694100
03:11:42,91594,ptm_cycle_3,40773908,43759268,17693844
03:11:43,91594,ptm_cycle_3,40562812,43759268,17691948
03:11:44,91594,ptm_cycle_3,40784016,43759268,17683868
03:11:45,91594,ptm_cycle_3,40352864,43759268,17803408
03:11:46,91594,ptm_cycle_3,40640000,43759268,17827968
03:11:47,91594,ptm_cycle_3,40452972,43759268,17634492
03:11:48,91594,ptm_cycle_3,41015952,43759268,17594012
03:11:49,91594,ptm_cycle_3,40694752,43759268,17773952
03:11:51,91594,ptm_cycle_3,41060852,43759268,17546892
03:11:52,91594,ptm_cycle_3,41157284,43759268,17921368
03:11:53,91594,ptm_cycle_3,40710952,43759268,17997072
03:11:54,91594,ptm_cycle_3,41177220,43759268,18394280
03:11:55,91594,ptm_cycle_3,41043576,43759268,18319352
03:11:56,91594,ptm_cycle_3,40752092,43759268,18248564
03:11:57,91594,ptm_cycle_3,40899216,43759268,18722236
03:11:58,91594,ptm_cycle_3,41026156,43759268,18591096
03:11:59,91594,ptm_cycle_3,41410916,43759268,18452956
03:12:00,91594,ptm_cycle_3,41748560,43759268,18564060
03:12:01,91594,ptm_cycle_3,41717624,43759268,18996964
03:12:02,91594,ptm_cycle_3,41285428,43759268,19552272
03:12:03,91594,ptm_cycle_3,40708360,43759268,19734656
03:12:04,91594,ptm_cycle_3,40382428,43759268,19677336
03:12:05,91594,ptm_cycle_3,40374000,43759268,19907880
03:12:06,91594,ptm_cycle_3,39772392,43759268,20648484
03:12:07,91594,ptm_cycle_3,38980352,43759268,21306740
03:12:08,91594,ptm_cycle_3,38580240,43759268,22379292
03:12:09,91594,ptm_cycle_3,38510432,43759268,22746548
03:12:10,91594,ptm_cycle_3,38300076,43759268,22874072
03:12:11,91594,ptm_cycle_3,37847332,43759268,22869856
03:12:12,91594,ptm_cycle_3,37895748,43759268,22821784
03:12:13,91594,ptm_cycle_3,37497640,43759268,22794784
03:12:14,91594,ptm_cycle_3,37949816,43759268,22769672
03:12:15,91594,ptm_cycle_3,37674352,43759268,22726052
03:12:16,91594,ptm_cycle_3,37839156,43759268,22880844
03:12:17,91594,ptm_cycle_3,37630720,43759268,22876408
03:12:18,91594,ptm_cycle_3,37850116,43759268,22870148
03:12:19,91594,ptm_cycle_3,37777784,43759268,22868376
03:12:21,91594,ptm_cycle_3,37961760,43759268,22759812
03:12:22,91594,ptm_cycle_3,37425496,43759268,21774868
03:12:23,91594,ptm_cycle_3,34145088,43759268,20526272
03:12:24,91594,ptm_cycle_3,31268396,43759268,19079032
03:12:25,91594,ptm_cycle_3,29290464,43759268,17846072
03:12:26,91594,ptm_cycle_3,25591348,43759268,16708768
03:12:27,91594,ptm_cycle_3,25023744,43759268,15738868
03:12:28,91594,ptm_cycle_3,23471964,43759268,14377780
03:12:29,91594,ptm_cycle_3,20647352,43759268,12734516
03:12:30,91594,ptm_cycle_3,15785376,43759268,11724244
03:12:31,91594,ptm_cycle_3,15620496,43759268,10381216
03:12:32,91594,ptm_cycle_3,16541620,43759268,9462372
03:12:33,91594,ptm_cycle_3,17440380,43759268,8563612
03:12:34,91594,ptm_cycle_3,17927012,43759268,8076980
03:12:35,91594,ptm_cycle_3,17658324,43759268,7782192
03:12:36,91594,ptm_cycle_3,17658468,43759268,7782056
03:12:37,91594,ptm_cycle_3,17658528,43759268,7781992
03:12:38,91594,ptm_cycle_3,17658768,43759268,7781752
03:12:39,91594,ptm_cycle_3,17659124,43759268,7781396
03:12:40,91594,ptm_cycle_3,17659124,43759268,7781396
03:12:41,91594,ptm_cycle_3,17659124,43759268,7781396
03:12:42,91594,ptm_cycle_3,17659124,43759268,7781396
03:12:43,91594,ptm_cycle_3,17659124,43759268,7781396
03:12:44,91594,ptm_cycle_3,17659124,43759268,7781396
03:12:45,91594,ptm_cycle_3,17659124,43759268,7781396
03:12:46,91594,ptm_cycle_3,17659124,43759268,7781396
03:12:47,91594,ptm_cycle_3,17659124,43759268,7781396
03:12:48,91594,ptm_cycle_3,17659128,43759268,7781392
03:12:49,91594,ptm_cycle_3,17659128,43759268,7781392
03:12:50,91594,ptm_cycle_3,17659200,43759268,7781320
03:12:51,91594,ptm_cycle_3,17659328,43759268,7781240
03:12:52,91594,ptm_cycle_3,17659328,43759268,7781240
03:12:53,91594,ptm_cycle_3,17659328,43759268,7781240
03:12:54,91594,ptm_cycle_3,17659328,43759268,7781240
03:12:55,91594,ptm_cycle_3,17659332,43759268,7781236
03:12:56,91594,ptm_cycle_3,17659348,43759268,7781220
03:12:57,91594,ptm_cycle_3,17659348,43759268,7781220
03:12:58,91594,ptm_cycle_3,17659348,43759268,7781220
03:12:59,91594,ptm_cycle_3,17659364,43759268,7781204
03:13:00,91594,ptm_cycle_3,17659364,43759268,7781204
03:13:01,91594,ptm_cycle_3,17659364,43759268,7781204
03:13:02,91594,ptm_cycle_3,17659364,43759268,7781204
03:13:03,91594,ptm_cycle_3,17659364,43759268,7781204
03:13:04,91594,ptm_cycle_3,17659364,43759268,7781204
03:13:05,91594,ptm_cycle_3,17664288,43759268,7776328
03:13:06,91594,ptm_cycle_3,17665000,43759268,7775616
03:13:07,91594,ptm_cycle_3,17665028,43759268,7775588
03:13:08,91594,ptm_cycle_3,17665032,43759268,7775584
03:13:09,91594,ptm_cycle_3,17665792,43759268,7774824
03:13:10,91594,ptm_cycle_3,17665792,43759268,7774824
03:13:11,91594,ptm_cycle_3,17665808,43759268,7774808
03:13:12,91594,ptm_cycle_3,17666456,43759268,7774160
03:13:13,91594,ptm_cycle_3,17666472,43759268,7774144
03:13:14,91594,ptm_cycle_3,17666476,43759268,7774140
03:13:15,91594,ptm_cycle_3,17666480,43759268,7774136
03:13:16,91594,ptm_cycle_3,17667040,43759268,7773576
03:13:17,91594,ptm_cycle_3,17667044,43759268,7773572
03:13:18,91594,ptm_cycle_3,17667044,43759268,7773572
03:13:19,91594,ptm_cycle_3,17667048,43759268,7773568
03:13:20,91594,ptm_cycle_3,17667048,43759268,7773568
03:13:21,91594,ptm_cycle_3,17667052,43759268,7773564
03:13:22,91594,ptm_cycle_3,17667052,43759268,7773564
03:13:23,91594,ptm_cycle_3,17667056,43759268,7773560
03:13:24,91594,ptm_cycle_3,17667056,43759268,7773560
03:13:25,91594,ptm_cycle_3,17667072,43759268,7773544
03:13:26,91594,ptm_cycle_3,17667352,43759268,7773264
03:13:27,91594,ptm_cycle_3,17667916,43759268,7772700
03:13:28,91594,ptm_cycle_3,17668104,43759268,7772512
03:13:29,91594,ptm_cycle_3,17668104,43759268,7772512
03:13:30,91594,ptm_cycle_3,17668804,43759268,7771812
03:13:31,91594,ptm_cycle_3,17668808,43759268,7771808
03:13:32,91594,ptm_cycle_3,17668812,43759268,7771804
03:13:33,91594,ptm_cycle_3,17668812,43759268,7771804
03:13:34,91594,ptm_cycle_3,17668948,43759268,7771668
03:13:35,91594,ptm_cycle_3,17668948,43759268,7771668
03:13:36,91594,ptm_cycle_3,17668952,43759268,7771664
03:13:37,91594,ptm_cycle_3,17668952,43759268,7771664
03:13:38,91594,ptm_cycle_3,17668956,43759268,7771660
03:13:39,91594,ptm_cycle_3,17668956,43759268,7771660
03:13:40,91594,ptm_cycle_3,17668956,43759268,7771660
03:13:41,91594,ptm_cycle_3,17668960,43759268,7771656
03:13:42,91594,ptm_cycle_3,17668960,43759268,7771656
03:13:44,91594,ptm_cycle_3,17668964,43759268,7771652
03:13:45,91594,ptm_cycle_3,17668964,43759268,7771652
03:13:46,91594,ptm_cycle_3,17668972,43759268,7771644
03:13:47,91594,ptm_cycle_3,17668972,43759268,7771644
03:13:48,91594,ptm_cycle_3,17668976,43759268,7771640
03:13:49,91594,ptm_cycle_3,17668976,43759268,7771640
03:13:50,91594,ptm_cycle_3,17668988,43759268,7771628
03:13:51,91594,ptm_cycle_3,17668992,43759268,7771624
03:13:52,91594,ptm_cycle_3,17669000,43759268,7771616
03:13:53,91594,ptm_cycle_3,17669000,43759268,7771616
03:13:54,91594,ptm_cycle_3,17669896,43759268,7770752
03:13:55,91594,ptm_cycle_3,17669896,43759268,7770752
03:13:56,91594,ptm_cycle_3,17669896,43759268,7770752
03:13:57,91594,ptm_cycle_3,17669896,43759268,7770752
03:13:58,91594,ptm_cycle_3,17669900,43759268,7770748
03:13:59,91594,ptm_cycle_3,17669900,43759268,7770748
03:14:00,91594,ptm_cycle_3,17669900,43759268,7770748
03:14:01,91594,ptm_cycle_3,17669900,43759268,7770748
03:14:02,91594,ptm_cycle_3,17669900,43759268,7770748
03:14:03,91594,ptm_cycle_3,17669904,43759268,7770744
03:14:04,91594,ptm_cycle_3,17669968,43759268,7770680
03:14:05,91594,ptm_cycle_3,17669972,43759268,7770676
03:14:06,91594,ptm_cycle_3,17669972,43759268,7770676
03:14:07,91594,ptm_cycle_3,17669976,43759268,7770672
03:14:08,91594,ptm_cycle_3,17669976,43759268,7770672
03:14:09,91594,ptm_cycle_3,17670120,43759268,7770528
03:14:10,91594,ptm_cycle_3,17670120,43759268,7770528
03:14:11,91594,ptm_cycle_3,17670124,43759268,7770524
03:14:12,91594,ptm_cycle_3,17670124,43759268,7770524
03:14:13,91594,ptm_cycle_3,17670128,43759268,7770520
03:14:14,91594,ptm_cycle_3,17670128,43759268,7770520
03:14:15,91594,ptm_cycle_3,17670132,43759268,7770516
03:14:16,91594,ptm_cycle_3,17670132,43759268,7770516
03:14:17,91594,ptm_cycle_3,17670596,43759268,7770052
03:14:18,91594,ptm_cycle_3,17670604,43759268,7770044
03:14:19,91594,ptm_cycle_3,17670608,43759268,7770040
03:14:20,91594,ptm_cycle_3,17670612,43759268,7770036
03:14:21,91594,ptm_cycle_3,17670616,43759268,7770032
03:14:22,91594,ptm_cycle_3,17670620,43759268,7770028
03:14:23,91594,ptm_cycle_3,17670620,43759268,7770028
03:14:24,91594,ptm_cycle_3,17670984,43759268,7769664
03:14:25,91594,ptm_cycle_3,17670984,43759268,7769664
03:14:26,91594,ptm_cycle_3,17671488,43759268,7769160
03:14:27,91594,ptm_cycle_3,17671492,43759268,7769156
03:14:28,91594,ptm_cycle_3,17671496,43759268,7769152
03:14:29,91594,ptm_cycle_3,17672028,43759268,7768620
03:14:30,91594,ptm_cycle_3,17672032,43759268,7768616
03:14:31,91594,ptm_cycle_3,17672032,43759268,7768616
03:14:32,91594,ptm_cycle_3,17672032,43759268,7768616
03:14:33,91594,ptm_cycle_3,17672032,43759268,7768616
03:14:34,91594,ptm_cycle_3,17672036,43759268,7768612
03:14:35,91594,ptm_cycle_3,17672036,43759268,7768612
03:14:36,91594,ptm_cycle_3,17672040,43759268,7768608
03:14:37,91594,ptm_cycle_3,17672040,43759268,7768608
03:14:38,91594,ptm_cycle_3,17672044,43759268,7768604
03:14:39,91594,ptm_cycle_3,17672044,43759268,7768604
03:14:40,91594,ptm_cycle_3,17672048,43759268,7768600
03:14:41,91594,ptm_cycle_3,17672868,43759268,7767780
03:14:42,91594,ptm_cycle_3,17672868,43759268,7767780
03:14:43,91594,ptm_cycle_3,17672872,43759268,7767776
03:14:44,91594,ptm_cycle_3,17672880,43759268,7767768
03:14:45,91594,ptm_cycle_3,17672880,43759268,7767768
03:14:46,91594,ptm_cycle_3,17672884,43759268,7767764
03:14:47,91594,ptm_cycle_3,17673116,43759268,7767532
03:14:48,91594,ptm_cycle_3,17673348,43759268,7767300
03:14:49,91594,ptm_cycle_3,17673820,43759268,7766828
03:14:50,91594,ptm_cycle_3,17674056,43759268,7766592
03:14:51,91594,ptm_cycle_3,17674060,43759268,7766588
03:14:52,91594,ptm_cycle_3,17674060,43759268,7766588
03:14:53,91594,ptm_cycle_3,17674060,43759268,7766588
03:14:54,91594,ptm_cycle_3,17674064,43759268,7766584
03:14:55,91594,ptm_cycle_3,17674068,43759268,7766580
03:14:56,91594,ptm_cycle_3,17674068,43759268,7766580
03:14:57,91594,ptm_cycle_3,17674716,43759268,7765932
03:14:58,91594,ptm_cycle_3,17675440,43759268,7765208
03:14:59,91594,ptm_cycle_3,17675444,43759268,7765204
03:15:00,91594,ptm_cycle_3,17675448,43759268,7765200
03:15:01,91594,ptm_cycle_3,17675592,43759268,7765056
03:15:02,91594,ptm_cycle_3,17675592,43759268,7765056
03:15:03,91594,ptm_cycle_3,17677212,43759268,7763436
03:15:04,91594,ptm_cycle_3,17677212,43759268,7763436
03:15:05,91594,ptm_cycle_3,17677216,43759268,7763432
03:15:07,91594,ptm_cycle_3,17677216,43759268,7763432
03:15:08,91594,ptm_cycle_3,17677220,43759268,7763428
03:15:09,91594,ptm_cycle_3,17677220,43759268,7763428
03:15:10,91594,ptm_cycle_3,17677224,43759268,7763424
03:15:11,91594,ptm_cycle_3,17678064,43759268,7762584
03:15:12,91594,ptm_cycle_3,17678188,43759268,7762460
03:15:13,91594,ptm_cycle_3,17678192,43759268,7762456
03:15:14,91594,ptm_cycle_3,17678196,43759268,7762452
03:15:15,91594,ptm_cycle_3,17678672,43759268,7761976
03:15:16,91594,ptm_cycle_3,17678676,43759268,7761972
03:15:17,91594,ptm_cycle_3,17678676,43759268,7761972
03:15:18,91594,ptm_cycle_3,17678680,43759268,7761968
03:15:19,91594,ptm_cycle_3,17678680,43759268,7761968
03:15:20,91594,ptm_cycle_3,17679496,43759268,7761152
03:15:21,91594,ptm_cycle_3,17679500,43759268,7761148
03:15:22,91594,ptm_cycle_3,17679504,43759268,7761144
03:15:23,91594,ptm_cycle_3,17679524,43759268,7761124
03:15:24,91594,ptm_cycle_3,17679532,43759268,7761116
03:15:25,91594,ptm_cycle_3,17679536,43759268,7761112
03:15:26,91594,ptm_cycle_3,17679540,43759268,7761108
03:15:27,91594,ptm_cycle_3,17679544,43759268,7761104
03:15:28,91594,ptm_cycle_3,17679548,43759268,7761100
03:15:29,91594,ptm_cycle_3,17679552,43759268,7761096
03:15:30,91594,ptm_cycle_3,17679556,43759268,7761092
03:15:31,91594,ptm_cycle_3,17679556,43759268,7761092
03:15:32,91594,ptm_cycle_3,17679588,43759268,7761060
03:15:33,91594,ptm_cycle_3,17679588,43759268,7761060
03:15:34,91594,ptm_cycle_3,17679592,43759268,7761056
03:15:35,91594,ptm_cycle_3,17679592,43759268,7761056
03:15:36,91594,ptm_cycle_3,17681384,43759268,7759264
03:15:37,91594,ptm_cycle_3,17681388,43759268,7759260
03:15:38,91594,ptm_cycle_3,17681388,43759268,7759260
03:15:39,91594,ptm_cycle_3,17681396,43759268,7759252
03:15:40,91594,ptm_cycle_3,17681400,43759268,7759248
03:15:41,91594,ptm_cycle_3,17681404,43759268,7759244
03:15:42,91594,ptm_cycle_3,17681408,43759268,7759240
03:15:43,91594,ptm_cycle_3,17681412,43759268,7759236
03:15:44,91594,ptm_cycle_3,17681416,43759268,7759232
03:15:45,91594,ptm_cycle_3,17682216,43759268,7758432
03:15:46,91594,ptm_cycle_3,17682216,43759268,7758432
03:15:47,91594,ptm_cycle_3,17682216,43759268,7758432
03:15:48,91594,ptm_cycle_3,17682220,43759268,7758428
03:15:49,91594,ptm_cycle_3,17682220,43759268,7758428
03:15:50,91594,ptm_cycle_3,17682224,43759268,7758424
03:15:51,91594,ptm_cycle_3,17682244,43759268,7758404
03:15:52,91594,ptm_cycle_3,17682248,43759268,7758400
03:15:53,91594,ptm_cycle_3,17682248,43759268,7758400
03:15:54,91594,ptm_cycle_3,17682252,43759268,7758396
03:15:55,91594,ptm_cycle_3,17682252,43759268,7758396
03:15:56,91594,ptm_cycle_3,17682408,43759268,7758240
03:15:57,91594,ptm_cycle_3,17682696,43759268,7757952
03:15:58,91594,ptm_cycle_3,17682696,43759268,7757952
03:15:59,91594,ptm_cycle_3,17682696,43759268,7757952
03:16:00,91594,ptm_cycle_3,17682696,43759268,7757952
03:16:01,91594,ptm_cycle_3,17682700,43759268,7757948
03:16:02,91594,ptm_cycle_3,17682700,43759268,7757948
03:16:03,91594,ptm_cycle_3,17682704,43759268,7757944
03:16:04,91594,ptm_cycle_3,17682704,43759268,7757944
03:16:05,91594,ptm_cycle_3,17682708,43759268,7757940
03:16:06,91594,ptm_cycle_3,17682708,43759268,7757940
03:16:07,91594,ptm_cycle_3,17682712,43759268,7757936
03:16:08,91594,ptm_cycle_3,17682712,43759268,7757936
03:16:09,91594,ptm_cycle_3,17682716,43759268,7757932
03:16:10,91594,ptm_cycle_3,17682716,43759268,7757932
03:16:11,91594,ptm_cycle_3,17682728,43759268,7757920
03:16:12,91594,ptm_cycle_3,17682928,43759268,7757720
03:16:13,91594,ptm_cycle_3,17682932,43759268,7757716
03:16:14,91594,ptm_cycle_3,17682932,43759268,7757716
03:16:15,91594,ptm_cycle_3,17682936,43759268,7757712
03:16:16,91594,ptm_cycle_3,17682940,43759268,7757708
03:16:17,91594,ptm_cycle_3,17682940,43759268,7757708
03:16:18,91594,ptm_cycle_3,17682944,43759268,7757704
03:16:19,91594,ptm_cycle_3,17682944,43759268,7757704
03:16:20,91594,ptm_cycle_3,17682948,43759268,7757700
03:16:21,91594,ptm_cycle_3,17682952,43759268,7757696
03:16:22,91594,ptm_cycle_3,17682952,43759268,7757696
03:16:23,91594,ptm_cycle_3,17682956,43759268,7757692
03:16:24,91594,ptm_cycle_3,17682956,43759268,7757692
03:16:25,91594,ptm_cycle_3,17682960,43759268,7757688
03:16:26,91594,ptm_cycle_3,17682960,43759268,7757688
03:16:27,91594,ptm_cycle_3,17682960,43759268,7757688
03:16:28,91594,ptm_cycle_3,17682960,43759268,7757688
03:16:30,91594,ptm_cycle_3,17682960,43759268,7757688
03:16:31,91594,ptm_cycle_3,17682964,43759268,7757684
03:16:32,91594,ptm_cycle_3,17682968,43759268,7757680
03:16:33,91594,ptm_cycle_3,17682968,43759268,7757680
03:16:34,91594,ptm_cycle_3,17682972,43759268,7757676
03:16:35,91594,ptm_cycle_3,17682972,43759268,7757676
03:16:36,91594,ptm_cycle_3,17682976,43759268,7757672
03:16:37,91594,ptm_cycle_3,17682976,43759268,7757672
03:16:38,91594,ptm_cycle_3,17682980,43759268,7757668
03:16:39,91594,ptm_cycle_3,17682980,43759268,7757668
03:16:40,91594,ptm_cycle_3,17682984,43759268,7757664
03:16:41,91594,ptm_cycle_3,17682988,43759268,7757660
03:16:42,91594,ptm_cycle_3,17682988,43759268,7757660
03:16:43,91594,ptm_cycle_3,17682988,43759268,7757660
03:16:44,91594,ptm_cycle_3,17683936,43759268,7756712
03:16:45,91594,ptm_cycle_3,17683940,43759268,7756708
03:16:46,91594,ptm_cycle_3,17683940,43759268,7756708
03:16:47,91594,ptm_cycle_3,17683948,43759268,7756700
03:16:48,91594,ptm_cycle_3,17683952,43759268,7756696
03:16:49,91594,ptm_cycle_3,17683952,43759268,7756696
03:16:50,91594,ptm_cycle_3,17683956,43759268,7756692
03:16:51,91594,ptm_cycle_3,17683960,43759268,7756688
03:16:52,91594,ptm_cycle_3,17683960,43759268,7756688
03:16:53,91594,ptm_cycle_3,17683964,43759268,7756684
03:16:54,91594,ptm_cycle_3,17683964,43759268,7756684
03:16:55,91594,ptm_cycle_3,17683968,43759268,7756680
03:16:56,91594,ptm_cycle_3,17683968,43759268,7756680
03:16:57,91594,ptm_cycle_3,17683968,43759268,7756680
03:16:58,91594,ptm_cycle_3,17684248,43759268,7756400
03:16:59,91594,ptm_cycle_3,17684248,43759268,7756400
03:17:00,91594,ptm_cycle_3,17684252,43759268,7756396
03:17:01,91594,ptm_cycle_3,17684252,43759268,7756396
03:17:02,91594,ptm_cycle_3,17684256,43759268,7756392
03:17:03,91594,ptm_cycle_3,17684256,43759268,7756392
03:17:04,91594,ptm_cycle_3,17684260,43759268,7756388
03:17:05,91594,ptm_cycle_3,17684260,43759268,7756388
03:17:06,91594,ptm_cycle_3,17684264,43759268,7756384
03:17:07,91594,ptm_cycle_3,17684264,43759268,7756384
03:17:08,91594,ptm_cycle_3,17684264,43759268,7756384
03:17:09,91594,ptm_cycle_3,17684268,43759268,7756380
03:17:10,91594,ptm_cycle_3,17684268,43759268,7756380
03:17:11,91594,ptm_cycle_3,17684272,43759268,7756376
03:17:12,91594,ptm_cycle_3,17684944,43759268,7755704
03:17:13,91594,ptm_cycle_3,17684948,43759268,7755700
03:17:14,91594,ptm_cycle_3,17684948,43759268,7755700
03:17:15,91594,ptm_cycle_3,17684952,43759268,7755696
03:17:16,91594,ptm_cycle_3,17684952,43759268,7755696
03:17:17,91594,ptm_cycle_3,17684956,43759268,7755692
03:17:18,91594,ptm_cycle_3,17684956,43759268,7755692
03:17:19,91594,ptm_cycle_3,17684960,43759268,7755688
03:17:20,91594,ptm_cycle_3,17684960,43759268,7755688
03:17:21,91594,ptm_cycle_3,17684964,43759268,7755684
03:17:22,91594,ptm_cycle_3,17685860,43759268,7754788
03:17:23,91594,ptm_cycle_3,17685860,43759268,7754788
03:17:24,91594,ptm_cycle_3,17685864,43759268,7754784
03:17:25,91594,ptm_cycle_3,17685864,43759268,7754784
03:17:26,91594,ptm_cycle_3,17685868,43759268,7754780
03:17:27,91594,ptm_cycle_3,17685872,43759268,7754776
03:17:28,91594,ptm_cycle_3,17685872,43759268,7754776
03:17:29,91594,ptm_cycle_3,17685872,43759268,7754776
03:17:30,91594,ptm_cycle_3,17685872,43759268,7754776
03:17:31,91594,ptm_cycle_3,17685876,43759268,7754772
03:17:32,91594,ptm_cycle_3,17685876,43759268,7754772
03:17:33,91594,ptm_cycle_3,17685880,43759268,7754768
03:17:34,91594,ptm_cycle_3,17685880,43759268,7754768
03:17:35,91594,ptm_cycle_3,17685884,43759268,7754764
03:17:36,91594,ptm_cycle_3,17685884,43759268,7754764
03:17:37,91594,ptm_cycle_3,17685888,43759268,7754760
03:17:38,91594,ptm_cycle_3,17685888,43759268,7754760
03:17:39,91594,ptm_cycle_3,17686636,43759268,7754012
03:17:40,91594,ptm_cycle_3,17686644,43759268,7754004
03:17:41,91594,ptm_cycle_3,17686644,43759268,7754004
03:17:42,91594,ptm_cycle_3,17686648,43759268,7754000
03:17:43,91594,ptm_cycle_3,17686652,43759268,7753996
03:17:44,91594,ptm_cycle_3,17686656,43759268,7753992
03:17:45,91594,ptm_cycle_3,17686660,43759268,7753988
03:17:46,91594,ptm_cycle_3,17686660,43759268,7753988
03:17:47,91594,ptm_cycle_3,17686668,43759268,7753980
03:17:48,91594,ptm_cycle_3,17686668,43759268,7753980
03:17:49,91594,ptm_cycle_3,17686672,43759268,7753976
03:17:50,91594,ptm_cycle_3,17686672,43759268,7753976
03:17:51,91594,ptm_cycle_3,17686672,43759268,7753976
03:17:52,91594,ptm_cycle_3,17686676,43759268,7753972
03:17:54,91594,ptm_cycle_3,17686676,43759268,7753972
03:17:55,91594,ptm_cycle_3,17686680,43759268,7753968
03:17:56,91594,ptm_cycle_3,17686684,43759268,7753964
03:17:57,91594,ptm_cycle_3,17686684,43759268,7753964
03:17:58,91594,ptm_cycle_3,17686808,43759268,7753840
03:17:59,91594,ptm_cycle_3,17686812,43759268,7753836
03:18:00,91594,ptm_cycle_3,17686812,43759268,7753836
03:18:01,91594,ptm_cycle_3,17686816,43759268,7753832
03:18:02,91594,ptm_cycle_3,17686816,43759268,7753832
03:18:03,91594,ptm_cycle_3,17686816,43759268,7753832
03:18:04,91594,ptm_cycle_3,17686816,43759268,7753832
03:18:05,91594,ptm_cycle_3,17686820,43759268,7753828
03:18:06,91594,ptm_cycle_3,17686820,43759268,7753828
03:18:07,91594,ptm_cycle_3,17686824,43759268,7753824
03:18:08,91594,ptm_cycle_3,17687384,43759268,7753264
03:18:09,91594,ptm_cycle_3,17687388,43759268,7753260
03:18:10,91594,ptm_cycle_3,17687388,43759268,7753260
03:18:11,91594,ptm_cycle_3,17687392,43759268,7753256
03:18:12,91594,ptm_cycle_3,17687396,43759268,7753252
03:18:13,91594,ptm_cycle_3,17687396,43759268,7753252
03:18:14,91594,ptm_cycle_3,17687400,43759268,7753248
03:18:15,91594,ptm_cycle_3,17687400,43759268,7753248
03:18:16,91594,ptm_cycle_3,17687400,43759268,7753248
03:18:17,91594,ptm_cycle_3,17687404,43759268,7753244
03:18:18,91594,ptm_cycle_3,17687404,43759268,7753244
03:18:19,91594,ptm_cycle_3,17687408,43759268,7753240
03:18:20,91594,ptm_cycle_3,17687408,43759268,7753240
03:18:21,91594,ptm_cycle_3,17688224,43759268,7752424
03:18:22,91594,ptm_cycle_3,17688228,43759268,7752420
03:18:23,91594,ptm_cycle_3,17688232,43759268,7752416
03:18:24,91594,ptm_cycle_3,17688232,43759268,7752416
03:18:25,91594,ptm_cycle_3,17688240,43759268,7752408
03:18:26,91594,ptm_cycle_3,17688240,43759268,7752408
03:18:27,91594,ptm_cycle_3,17688240,43759268,7752408
03:18:28,91594,ptm_cycle_3,17688604,43759268,7752044
03:18:29,91594,ptm_cycle_3,17688632,43759268,7752016
03:18:30,91594,ptm_cycle_3,17688636,43759268,7752012
03:18:31,91594,ptm_cycle_3,17688640,43759268,7752008
03:18:32,91594,ptm_cycle_3,17688640,43759268,7752008
03:18:33,91594,ptm_cycle_3,17688640,43759268,7752008
03:18:34,91594,ptm_cycle_3,17688644,43759268,7752004
03:18:35,91594,ptm_cycle_3,17688644,43759268,7752004
03:18:36,91594,ptm_cycle_3,17688644,43759268,7752004
03:18:37,91594,ptm_cycle_3,17688644,43759268,7752004
03:18:38,91594,ptm_cycle_3,17688648,43759268,7752000
03:18:39,91594,ptm_cycle_3,17688652,43759268,7751996
03:18:40,91594,ptm_cycle_3,17688656,43759268,7751992
03:18:41,91594,ptm_cycle_3,17688656,43759268,7751992
03:18:42,91594,ptm_cycle_3,17688664,43759268,7751984
03:18:43,91594,ptm_cycle_3,17688664,43759268,7751984
03:18:44,91594,ptm_cycle_3,17688668,43759268,7751980
03:18:45,91594,ptm_cycle_3,17688676,43759268,7751972
03:18:46,91594,ptm_cycle_3,17688676,43759268,7751972
03:18:47,91594,ptm_cycle_3,17688676,43759268,7751972
03:18:48,91594,ptm_cycle_3,17688680,43759268,7751968
03:18:49,91594,ptm_cycle_3,17688756,43759268,7751892
03:18:50,91594,ptm_cycle_3,17688760,43759268,7751888
03:18:51,91594,ptm_cycle_3,17689780,43759268,7750868
03:18:52,91594,ptm_cycle_3,17689784,43759268,7750864
03:18:53,91594,ptm_cycle_3,17689784,43759268,7750864
03:18:54,91594,ptm_cycle_3,17689788,43759268,7750860
03:18:55,91594,ptm_cycle_3,17689956,43759268,7750692
03:18:56,91594,ptm_cycle_3,17689956,43759268,7750692
03:18:57,91594,ptm_cycle_3,17689960,43759268,7750688
03:18:58,91594,ptm_cycle_3,17689960,43759268,7750688
03:18:59,91594,ptm_cycle_3,17689964,43759268,7750684
03:19:00,91594,ptm_cycle_3,17689964,43759268,7750684
03:19:01,91594,ptm_cycle_3,17689968,43759268,7750680
03:19:02,91594,ptm_cycle_3,17689972,43759268,7750676
03:19:03,91594,ptm_cycle_3,17689972,43759268,7750676
03:19:04,91594,ptm_cycle_3,17689976,43759268,7750672
03:19:05,91594,ptm_cycle_3,17689976,43759268,7750672
03:19:06,91594,ptm_cycle_3,17689976,43759268,7750672
03:19:07,91594,ptm_cycle_3,17689976,43759268,7750672
03:19:08,91594,ptm_cycle_3,17690000,43759268,7750648
03:19:09,91594,ptm_cycle_3,17690000,43759268,7750648
03:19:10,91594,ptm_cycle_3,17690000,43759268,7750648
03:19:11,91594,ptm_cycle_3,17690008,43759268,7750640
03:19:12,91594,ptm_cycle_3,17690008,43759268,7750640
03:19:13,91594,ptm_cycle_3,17690012,43759268,7750636
03:19:14,91594,ptm_cycle_3,17690016,43759268,7750632
03:19:15,91594,ptm_cycle_3,17690020,43759268,7750628
03:19:17,91594,ptm_cycle_3,17690020,43759268,7750628
03:19:18,91594,ptm_cycle_3,17690020,43759268,7750628
03:19:19,91594,ptm_cycle_3,17690024,43759268,7750624
03:19:20,91594,ptm_cycle_3,17690028,43759268,7750620
03:19:21,91594,ptm_cycle_3,17690028,43759268,7750620
03:19:22,91594,ptm_cycle_3,17690032,43759268,7750616
03:19:23,91594,ptm_cycle_3,17690032,43759268,7750616
03:19:24,91594,ptm_cycle_3,17690036,43759268,7750612
03:19:25,91594,ptm_cycle_3,17690036,43759268,7750612
03:19:26,91594,ptm_cycle_3,17690040,43759268,7750608
03:19:27,91594,ptm_cycle_3,17690272,43759268,7750376
03:19:28,91594,ptm_cycle_3,17690272,43759268,7750376
03:19:29,91594,ptm_cycle_3,17690276,43759268,7750372
03:19:30,91594,ptm_cycle_3,17690276,43759268,7750372
03:19:31,91594,ptm_cycle_3,17690280,43759268,7750368
03:19:32,91594,ptm_cycle_3,17691040,43759268,7749608
03:19:33,91594,ptm_cycle_3,17691040,43759268,7749608
03:19:34,91594,ptm_cycle_3,17691044,43759268,7749604
03:19:35,91594,ptm_cycle_3,17691044,43759268,7749604
03:19:36,91594,ptm_cycle_3,17691048,43759268,7749600
03:19:37,91594,ptm_cycle_3,17691048,43759268,7749600
03:19:38,91594,ptm_cycle_3,17691048,43759268,7749600
03:19:39,91594,ptm_cycle_3,17691052,43759268,7749596
03:19:40,91594,ptm_cycle_3,17691064,43759268,7749584
03:19:41,91594,ptm_cycle_3,17691064,43759268,7749584
03:19:42,91594,ptm_cycle_3,17691064,43759268,7749584
03:19:43,91594,ptm_cycle_3,17691064,43759268,7749584
03:19:44,91594,ptm_cycle_3,17691064,43759268,7749584
03:19:45,91594,ptm_cycle_3,17691068,43759268,7749580
03:19:46,91594,ptm_cycle_3,17691068,43759268,7749580
03:19:47,91594,ptm_cycle_3,17691068,43759268,7749580
03:19:48,91594,ptm_cycle_3,17691072,43759268,7749576
03:19:49,91594,ptm_cycle_3,17691232,43759268,7749416
03:19:50,91594,ptm_cycle_3,17691232,43759268,7749416
03:19:51,91594,ptm_cycle_3,17691236,43759268,7749412
03:19:52,91594,ptm_cycle_3,17691236,43759268,7749412
03:19:53,91594,ptm_cycle_3,17691240,43759268,7749408
03:19:54,91594,ptm_cycle_3,17691240,43759268,7749408
03:19:55,91594,ptm_cycle_3,17691240,43759268,7749408
03:19:56,91594,ptm_cycle_3,17691244,43759268,7749404
03:19:57,91594,ptm_cycle_3,17691244,43759268,7749404
03:19:58,91594,ptm_cycle_3,17691248,43759268,7749400
03:19:59,91594,ptm_cycle_3,17691248,43759268,7749400
03:20:00,91594,ptm_cycle_3,17691252,43759268,7749396
03:20:01,91594,ptm_cycle_3,17691372,43759268,7749276
03:20:02,91594,ptm_cycle_3,17691376,43759268,7749272
03:20:03,91594,ptm_cycle_3,17691376,43759268,7749272
03:20:04,91594,ptm_cycle_3,17691376,43759268,7749272
03:20:05,91594,ptm_cycle_3,17691380,43759268,7749268
03:20:06,91594,ptm_cycle_3,17692504,43759268,7748144
03:20:07,91594,ptm_cycle_3,17692504,43759268,7748144
03:20:08,91594,ptm_cycle_3,17692508,43759268,7748140
03:20:09,91594,ptm_cycle_3,17692508,43759268,7748140
03:20:10,91594,ptm_cycle_3,17692520,43759268,7748128
03:20:11,91594,ptm_cycle_3,17692716,43759268,7747932
03:20:12,91594,ptm_cycle_3,17692716,43759268,7747932
03:20:13,91594,ptm_cycle_3,17692720,43759268,7747928
03:20:14,91594,ptm_cycle_3,17692720,43759268,7747928
03:20:15,91594,ptm_cycle_3,17692720,43759268,7747928
03:20:16,91594,ptm_cycle_3,17692720,43759268,7747928
03:20:17,91594,ptm_cycle_3,17692720,43759268,7747928
03:20:18,91594,ptm_cycle_3,17692720,43759268,7747928
03:20:19,91594,ptm_cycle_3,17692724,43759268,7747924
03:20:20,91594,ptm_cycle_3,17692724,43759268,7747924
03:20:21,91594,ptm_cycle_3,17692724,43759268,7747924
03:20:22,91594,ptm_cycle_3,17692728,43759268,7747920
03:20:23,91594,ptm_cycle_3,17692732,43759268,7747916
03:20:24,91594,ptm_cycle_3,17692732,43759268,7747916
03:20:25,91594,ptm_cycle_3,17692736,43759268,7747912
03:20:26,91594,ptm_cycle_3,17692736,43759268,7747912
03:20:27,91594,ptm_cycle_3,17692740,43759268,7747908
03:20:28,91594,ptm_cycle_3,17692740,43759268,7747908
03:20:29,91594,ptm_cycle_3,17692740,43759268,7747908
03:20:30,91594,ptm_cycle_3,17692744,43759268,7747904
03:20:31,91594,ptm_cycle_3,17692744,43759268,7747904
03:20:32,91594,ptm_cycle_3,17692748,43759268,7747900
03:20:33,91594,ptm_cycle_3,17692748,43759268,7747900
03:20:34,91594,ptm_cycle_3,17692752,43759268,7747896
03:20:35,91594,ptm_cycle_3,17692756,43759268,7747892
03:20:36,91594,ptm_cycle_3,17692756,43759268,7747892
03:20:37,91594,ptm_cycle_3,17692756,43759268,7747892
03:20:38,91594,ptm_cycle_3,17692756,43759268,7747892
03:20:39,91594,ptm_cycle_3,17692760,43759268,7747888
03:20:41,91594,ptm_cycle_3,17692764,43759268,7747884
03:20:42,91594,ptm_cycle_3,17693120,43759268,7747528
03:20:43,91594,ptm_cycle_3,17693124,43759268,7747524
03:20:44,91594,ptm_cycle_3,17693124,43759268,7747524
03:20:45,91594,ptm_cycle_3,17693128,43759268,7747520
03:20:46,91594,ptm_cycle_3,17693128,43759268,7747520
03:20:47,91594,ptm_cycle_3,17693128,43759268,7747520
03:20:48,91594,ptm_cycle_3,17693560,43759268,7747088
03:20:49,91594,ptm_cycle_3,17693560,43759268,7747088
03:20:50,91594,ptm_cycle_3,17693560,43759268,7747088
03:20:51,91594,ptm_cycle_3,17693560,43759268,7747088
03:20:52,91594,ptm_cycle_3,17693560,43759268,7747088
03:20:53,91594,ptm_cycle_3,17693564,43759268,7747084
03:20:54,91594,ptm_cycle_3,17693564,43759268,7747084
03:20:55,91594,ptm_cycle_3,17693564,43759268,7747084
03:20:56,91594,ptm_cycle_3,17693568,43759268,7747080
03:20:57,91594,ptm_cycle_3,17693568,43759268,7747080
03:20:58,91594,ptm_cycle_3,17693572,43759268,7747076
03:20:59,91594,ptm_cycle_3,17693572,43759268,7747076
03:21:00,91594,ptm_cycle_3,17693576,43759268,7747072
03:21:01,91594,ptm_cycle_3,17693576,43759268,7747072
03:21:02,91594,ptm_cycle_3,17693580,43759268,7747068
03:21:03,91594,ptm_cycle_3,17693580,43759268,7747068
03:21:04,91594,ptm_cycle_3,17693580,43759268,7747068
03:21:05,91594,ptm_cycle_3,17693584,43759268,7747064
03:21:06,91594,ptm_cycle_3,17693584,43759268,7747064
03:21:07,91594,ptm_cycle_3,17693588,43759268,7747060
03:21:08,91594,ptm_cycle_3,17693588,43759268,7747060
03:21:09,91594,ptm_cycle_3,17693592,43759268,7747056
03:21:10,91594,ptm_cycle_3,17693596,43759268,7747052
03:21:11,91594,ptm_cycle_3,17693596,43759268,7747052
03:21:12,91594,ptm_cycle_3,17693596,43759268,7747052
03:21:13,91594,ptm_cycle_3,17693600,43759268,7747048
03:21:14,91594,ptm_cycle_3,17693600,43759268,7747048
03:21:15,91594,ptm_cycle_3,17693604,43759268,7747044
03:21:16,91594,ptm_cycle_3,17693604,43759268,7747044
03:21:17,91594,ptm_cycle_3,17693608,43759268,7747040
03:21:18,91594,ptm_cycle_3,17693608,43759268,7747040
03:21:19,91594,ptm_cycle_3,17693608,43759268,7747040
03:21:20,91594,ptm_cycle_3,17693612,43759268,7747036
03:21:21,91594,ptm_cycle_3,17693612,43759268,7747036
03:21:22,91594,ptm_cycle_3,17694120,43759268,7746528
03:21:23,91594,ptm_cycle_3,17694120,43759268,7746528
03:21:24,91594,ptm_cycle_3,17694932,43759268,7745716
03:21:25,91594,ptm_cycle_3,17694932,43759268,7745716
03:21:26,91594,ptm_cycle_3,17695252,43759268,7745396
03:21:27,91594,ptm_cycle_3,17695252,43759268,7745396
03:21:28,91594,ptm_cycle_3,17695256,43759268,7745392
03:21:29,91594,ptm_cycle_3,17695256,43759268,7745392
03:21:30,91594,ptm_cycle_3,17695260,43759268,7745388
03:21:31,91594,ptm_cycle_3,17695260,43759268,7745388
03:21:32,91594,ptm_cycle_3,17695264,43759268,7745384
03:21:33,91594,ptm_cycle_3,17695264,43759268,7745384
03:21:34,91594,ptm_cycle_3,17695268,43759268,7745380
03:21:35,91594,ptm_cycle_3,17695268,43759268,7745380
03:21:36,91594,ptm_cycle_3,17695744,43759268,7744904
03:21:37,91594,ptm_cycle_3,17695748,43759268,7744900
03:21:38,91594,ptm_cycle_3,17695748,43759268,7744900
03:21:39,91594,ptm_cycle_3,17695756,43759268,7744892
03:21:40,91594,ptm_cycle_3,17695756,43759268,7744892
03:21:41,91594,ptm_cycle_3,17695760,43759268,7744888
03:21:42,91594,ptm_cycle_3,17695760,43759268,7744888
03:21:43,91594,ptm_cycle_3,17695812,43759268,7744836
03:21:44,91594,ptm_cycle_3,17695816,43759268,7744832
03:21:45,91594,ptm_cycle_3,17695820,43759268,7744828
03:21:46,91594,ptm_cycle_3,17695820,43759268,7744828
03:21:47,91594,ptm_cycle_3,17695824,43759268,7744824
03:21:48,91594,ptm_cycle_3,17695824,43759268,7744824
03:21:49,91594,ptm_cycle_3,17695828,43759268,7744820
03:21:50,91594,ptm_cycle_3,17695828,43759268,7744820
03:21:51,91594,ptm_cycle_3,17695828,43759268,7744820
03:21:52,91594,ptm_cycle_3,17695832,43759268,7744816
03:21:53,91594,ptm_cycle_3,17695832,43759268,7744816
03:21:54,91594,ptm_cycle_3,17695836,43759268,7744812
03:21:55,91594,ptm_cycle_3,17695836,43759268,7744812
03:21:56,91594,ptm_cycle_3,17695840,43759268,7744808
03:21:57,91594,ptm_cycle_3,17695840,43759268,7744808
03:21:58,91594,ptm_cycle_3,17695840,43759268,7744808
03:21:59,91594,ptm_cycle_3,17695840,43759268,7744808
03:22:00,91594,ptm_cycle_3,17695840,43759268,7744808
03:22:01,91594,ptm_cycle_3,17695840,43759268,7744808
03:22:02,91594,ptm_cycle_3,17695844,43759268,7744804
03:22:03,91594,ptm_cycle_3,17695844,43759268,7744804
03:22:05,91594,ptm_cycle_3,17695848,43759268,7744800
03:22:06,91594,ptm_cycle_3,17695848,43759268,7744800
03:22:07,91594,ptm_cycle_3,17695848,43759268,7744800
03:22:08,91594,ptm_cycle_3,17695852,43759268,7744796
03:22:09,91594,ptm_cycle_3,17695852,43759268,7744796
03:22:10,91594,ptm_cycle_3,17695856,43759268,7744792
03:22:11,91594,ptm_cycle_3,17695856,43759268,7744792
03:22:12,91594,ptm_cycle_3,17695860,43759268,7744788
03:22:13,91594,ptm_cycle_3,17695860,43759268,7744788
03:22:14,91594,ptm_cycle_3,17696024,43759268,7744624
03:22:15,91594,ptm_cycle_3,17696280,43759268,7744368
03:22:16,91594,ptm_cycle_3,17696284,43759268,7744364
03:22:17,91594,ptm_cycle_3,17696284,43759268,7744364
03:22:18,91594,ptm_cycle_3,17696284,43759268,7744364
03:22:19,91594,ptm_cycle_3,17696288,43759268,7744360
03:22:20,91594,ptm_cycle_3,17696288,43759268,7744360
03:22:21,91594,ptm_cycle_3,17696596,43759268,7744052
03:22:22,91594,ptm_cycle_3,17696596,43759268,7744052
03:22:23,91594,ptm_cycle_3,17696596,43759268,7744052
03:22:24,91594,ptm_cycle_3,17696600,43759268,7744048
03:22:25,91594,ptm_cycle_3,17696600,43759268,7744048
03:22:26,91594,ptm_cycle_3,17696600,43759268,7744048
03:22:27,91594,ptm_cycle_3,17696600,43759268,7744048
03:22:28,91594,ptm_cycle_3,17696604,43759268,7744044
03:22:29,91594,ptm_cycle_3,17696604,43759268,7744044
03:22:30,91594,ptm_cycle_3,17696604,43759268,7744044
03:22:31,91594,ptm_cycle_3,17696608,43759268,7744040
03:22:32,91594,ptm_cycle_3,17696608,43759268,7744040
03:22:33,91594,ptm_cycle_3,17696608,43759268,7744040
03:22:34,91594,ptm_cycle_3,17696608,43759268,7744040
03:22:35,91594,ptm_cycle_3,17696624,43759268,7744024
03:22:36,91594,ptm_cycle_3,17696624,43759268,7744024
03:22:37,91594,ptm_cycle_3,17696624,43759268,7744024
03:22:38,91594,ptm_cycle_3,17696628,43759268,7744020
03:22:39,91594,ptm_cycle_3,17696628,43759268,7744020
03:22:40,91594,ptm_cycle_3,17696880,43759268,7743768
03:22:41,91594,ptm_cycle_3,17696880,43759268,7743768
03:22:42,91594,ptm_cycle_3,17696880,43759268,7743768
03:22:43,91594,ptm_cycle_3,17696880,43759268,7743768
03:22:44,91594,ptm_cycle_3,17696880,43759268,7743768
03:22:45,91594,ptm_cycle_3,17696880,43759268,7743768
03:22:46,91594,ptm_cycle_3,17696884,43759268,7743764
03:22:47,91594,ptm_cycle_3,17696884,43759268,7743764
03:22:48,91594,ptm_cycle_3,17696884,43759268,7743764
03:22:49,91594,ptm_cycle_3,17696884,43759268,7743764
03:22:50,91594,ptm_cycle_3,17696888,43759268,7743760
03:22:51,91594,ptm_cycle_3,17696888,43759268,7743760
03:22:52,91594,ptm_cycle_3,17696888,43759268,7743760
03:22:53,91594,ptm_cycle_3,17696892,43759268,7743756
03:22:54,91594,ptm_cycle_3,17696892,43759268,7743756
03:22:55,91594,ptm_cycle_3,17697112,43759268,7743536
03:22:56,91594,ptm_cycle_3,17697116,43759268,7743532
03:22:57,91594,ptm_cycle_3,17697116,43759268,7743532
03:22:58,91594,ptm_cycle_3,17697116,43759268,7743532
03:22:59,91594,ptm_cycle_3,17697116,43759268,7743532
03:23:00,91594,ptm_cycle_3,17697120,43759268,7743528
03:23:01,91594,ptm_cycle_3,17697120,43759268,7743528
03:23:02,91594,ptm_cycle_3,17697516,43759268,7743132
03:23:03,91594,ptm_cycle_3,17697520,43759268,7743128
03:23:04,91594,ptm_cycle_3,17697520,43759268,7743128
03:23:05,91594,ptm_cycle_3,17697524,43759268,7743124
03:23:06,91594,ptm_cycle_3,17697524,43759268,7743124
03:23:07,91594,ptm_cycle_3,17697524,43759268,7743124
03:23:08,91594,ptm_cycle_3,17697528,43759268,7743120
03:23:09,91594,ptm_cycle_3,17697528,43759268,7743120
03:23:10,91594,ptm_cycle_3,17697528,43759268,7743120
03:23:11,91594,ptm_cycle_3,17697528,43759268,7743120
03:23:12,91594,ptm_cycle_3,17697532,43759268,7743116
03:23:13,91594,ptm_cycle_3,17697532,43759268,7743116
03:23:14,91594,ptm_cycle_3,17697532,43759268,7743116
03:23:15,91594,ptm_cycle_3,17697536,43759268,7743112
03:23:16,91594,ptm_cycle_3,17697536,43759268,7743112
03:23:17,91594,ptm_cycle_3,17697540,43759268,7743108
03:23:18,91594,ptm_cycle_3,17697540,43759268,7743108
03:23:19,91594,ptm_cycle_3,17697540,43759268,7743108
03:23:20,91594,ptm_cycle_3,17697568,43759268,7743080
03:23:21,91594,ptm_cycle_3,17697568,43759268,7743080
03:23:22,91594,ptm_cycle_3,17698100,43759268,7742548
03:23:23,91594,ptm_cycle_3,17698100,43759268,7742548
03:23:24,91594,ptm_cycle_3,17698372,43759268,7742276
03:23:25,91594,ptm_cycle_3,17698372,43759268,7742276
03:23:26,91594,ptm_cycle_3,17698372,43759268,7742276
03:23:28,91594,ptm_cycle_3,17698376,43759268,7742272
03:23:29,91594,ptm_cycle_3,17698376,43759268,7742272
03:23:30,91594,ptm_cycle_3,17698876,43759268,7741772
03:23:31,91594,ptm_cycle_3,17698876,43759268,7741772
03:23:32,91594,ptm_cycle_3,17698876,43759268,7741772
03:23:33,91594,ptm_cycle_3,17698876,43759268,7741772
03:23:34,91594,ptm_cycle_3,17698876,43759268,7741772
03:23:35,91594,ptm_cycle_3,17698884,43759268,7741764
03:23:36,91594,ptm_cycle_3,17698888,43759268,7741760
03:23:37,91594,ptm_cycle_3,17699516,43759268,7741132
03:23:38,91594,ptm_cycle_3,17699516,43759268,7741132
03:23:39,91594,ptm_cycle_3,17699520,43759268,7741128
03:23:40,91594,ptm_cycle_3,17699520,43759268,7741128
03:23:41,91594,ptm_cycle_3,17699520,43759268,7741128
03:23:42,91594,ptm_cycle_3,17699748,43759268,7740900
03:23:43,91594,ptm_cycle_3,17699748,43759268,7740900
03:23:44,91594,ptm_cycle_3,17699780,43759268,7740868
03:23:45,91594,ptm_cycle_3,17699784,43759268,7740864
03:23:46,91594,ptm_cycle_3,17700008,43759268,7740640
03:23:47,91594,ptm_cycle_3,17700008,43759268,7740640
03:23:48,91594,ptm_cycle_3,17700012,43759268,7740636
03:23:49,91594,ptm_cycle_3,17700012,43759268,7740636
03:23:50,91594,ptm_cycle_3,17700012,43759268,7740636
03:23:51,91594,ptm_cycle_3,17700012,43759268,7740636
03:23:52,91594,ptm_cycle_3,17700016,43759268,7740632
03:23:53,91594,ptm_cycle_3,17700020,43759268,7740628
03:23:54,91594,ptm_cycle_3,17700032,43759268,7740628
03:23:55,91594,ptm_cycle_3,17700020,43759268,7740628
03:23:56,91594,ptm_cycle_3,17700024,43759268,7740624
03:23:57,91594,ptm_cycle_3,17700024,43759268,7740624
03:23:58,91594,ptm_cycle_3,17700024,43759268,7740624
03:23:59,91594,ptm_cycle_3,17700024,43759268,7740624
03:24:00,91594,ptm_cycle_3,17700028,43759268,7740620
03:24:01,91594,ptm_cycle_3,17700028,43759268,7740620
03:24:02,91594,ptm_cycle_3,17700028,43759268,7740620
03:24:03,91594,ptm_cycle_3,17700032,43759268,7740616
03:24:04,91594,ptm_cycle_3,17700032,43759268,7740616
03:24:05,91594,ptm_cycle_3,17700116,43759268,7740532
03:24:06,91594,ptm_cycle_3,17700116,43759268,7740532
03:24:07,91594,ptm_cycle_3,17700120,43759268,7740528
03:24:08,91594,ptm_cycle_3,17700120,43759268,7740528
03:24:09,91594,ptm_cycle_3,17700120,43759268,7740528
03:24:10,91594,ptm_cycle_3,17700124,43759268,7740524
03:24:11,91594,ptm_cycle_3,17700128,43759268,7740520
03:24:12,91594,ptm_cycle_3,17700128,43759268,7740520
03:24:13,91594,ptm_cycle_3,17700128,43759268,7740520
03:24:14,91594,ptm_cycle_3,17700128,43759268,7740520
03:24:15,91594,ptm_cycle_3,17700132,43759268,7740516
03:24:16,91594,ptm_cycle_3,17700132,43759268,7740516
03:24:17,91594,ptm_cycle_3,17700132,43759268,7740516
03:24:18,91594,ptm_cycle_3,17700132,43759268,7740516
03:24:19,91594,ptm_cycle_3,17700132,43759268,7740516
03:24:20,91594,ptm_cycle_3,17700132,43759268,7740516
03:24:21,91594,ptm_cycle_3,17700132,43759268,7740516
03:24:22,91594,ptm_cycle_3,17700132,43759268,7740516
03:24:23,91594,ptm_cycle_3,17700704,43759268,7739944
03:24:24,91594,ptm_cycle_3,17700708,43759268,7739940
03:24:25,91594,ptm_cycle_3,17700708,43759268,7739940
03:24:26,91594,ptm_cycle_3,17700708,43759268,7739940
03:24:27,91594,ptm_cycle_3,17700712,43759268,7739936
03:24:28,91594,ptm_cycle_3,17700712,43759268,7739936
03:24:29,91594,ptm_cycle_3,17700712,43759268,7739936
03:24:30,91594,ptm_cycle_3,17700712,43759268,7739936
03:24:31,91594,ptm_cycle_3,17700716,43759268,7739932
03:24:32,91594,ptm_cycle_3,17700716,43759268,7739932
03:24:33,91594,ptm_cycle_3,17700716,43759268,7739932
03:24:34,91594,ptm_cycle_3,17700720,43759268,7739928
03:24:35,91594,ptm_cycle_3,17700720,43759268,7739928
03:24:36,91594,ptm_cycle_3,17700724,43759268,7739924
03:24:37,91594,ptm_cycle_3,17700724,43759268,7739924
03:24:38,91594,ptm_cycle_3,17700724,43759268,7739924
03:24:39,91594,ptm_cycle_3,17700728,43759268,7739920
03:24:40,91594,ptm_cycle_3,17700728,43759268,7739920
03:24:41,91594,ptm_cycle_3,17701624,43759268,7739024
03:24:42,91594,ptm_cycle_3,17701632,43759268,7739016
03:24:43,91594,ptm_cycle_3,17701632,43759268,7739016
03:24:44,91594,ptm_cycle_3,17702048,43759268,7738600
03:24:45,91594,ptm_cycle_3,17702048,43759268,7738600
03:24:46,91594,ptm_cycle_3,17702052,43759268,7738596
03:24:47,91594,ptm_cycle_3,17702056,43759268,7738592
03:24:48,91594,ptm_cycle_3,17702056,43759268,7738592
03:24:49,91594,ptm_cycle_3,17702060,43759268,7738588
03:24:50,91594,ptm_cycle_3,17702060,43759268,7738588
03:24:52,91594,ptm_cycle_3,17702060,43759268,7738588
03:24:53,91594,ptm_cycle_3,17702068,43759268,7738580
03:24:54,91594,ptm_cycle_3,17702068,43759268,7738580
03:24:55,91594,ptm_cycle_3,17702068,43759268,7738580
03:24:56,91594,ptm_cycle_3,17702068,43759268,7738580
03:24:57,91594,ptm_cycle_3,17702072,43759268,7738576
03:24:58,91594,ptm_cycle_3,17702072,43759268,7738576
03:24:59,91594,ptm_cycle_3,17702080,43759268,7738568
03:25:00,91594,ptm_cycle_3,17702080,43759268,7738568
03:25:01,91594,ptm_cycle_3,17702084,43759268,7738564
03:25:02,91594,ptm_cycle_3,17702084,43759268,7738564
03:25:03,91594,ptm_cycle_3,17702084,43759268,7738564
03:25:04,91594,ptm_cycle_3,17702088,43759268,7738560
03:25:05,91594,ptm_cycle_3,17702088,43759268,7738560
03:25:06,91594,ptm_cycle_3,17702088,43759268,7738560
03:25:07,91594,ptm_cycle_3,17702088,43759268,7738560
03:25:08,91594,ptm_cycle_3,17702088,43759268,7738560
03:25:09,91594,ptm_cycle_3,17702088,43759268,7738560
03:25:10,91594,ptm_cycle_3,17702088,43759268,7738560
03:25:11,91594,ptm_cycle_3,17702088,43759268,7738560
03:25:12,91594,ptm_cycle_3,17702092,43759268,7738556
03:25:13,91594,ptm_cycle_3,17702092,43759268,7738556
03:25:14,91594,ptm_cycle_3,17702096,43759268,7738552
03:25:15,91594,ptm_cycle_3,17702096,43759268,7738552
03:25:16,91594,ptm_cycle_3,17702096,43759268,7738552
03:25:17,91594,ptm_cycle_3,17702104,43759268,7738544
03:25:18,91594,ptm_cycle_3,17702104,43759268,7738544
03:25:19,91594,ptm_cycle_3,17702104,43759268,7738544
03:25:20,91594,ptm_cycle_3,17702744,43759268,7738056
03:25:21,91594,ptm_cycle_3,17702744,43759268,7738056
03:25:22,91594,ptm_cycle_3,17702744,43759268,7738056
03:25:23,91594,ptm_cycle_3,17702744,43759268,7738056
03:25:24,91594,ptm_cycle_3,17702748,43759268,7738052
03:25:25,91594,ptm_cycle_3,17702748,43759268,7738052
03:25:26,91594,ptm_cycle_3,17702752,43759268,7738048
03:25:27,91594,ptm_cycle_3,17703404,43759268,7737396
03:25:28,91594,ptm_cycle_3,17703404,43759268,7737396
03:25:29,91594,ptm_cycle_3,17703408,43759268,7737392
03:25:30,91594,ptm_cycle_3,17703408,43759268,7737392
03:25:31,91594,ptm_cycle_3,17703408,43759268,7737392
03:25:32,91594,ptm_cycle_3,17703412,43759268,7737388
03:25:33,91594,ptm_cycle_3,17703416,43759268,7737384
03:25:34,91594,ptm_cycle_3,17703416,43759268,7737384
03:25:35,91594,ptm_cycle_3,17703420,43759268,7737380
03:25:36,91594,ptm_cycle_3,17703420,43759268,7737380
03:25:37,91594,ptm_cycle_3,17703420,43759268,7737380
03:25:38,91594,ptm_cycle_3,17703420,43759268,7737380
03:25:39,91594,ptm_cycle_3,17703460,43759268,7737340
03:25:40,91594,ptm_cycle_3,17703572,43759268,7737228
03:25:41,91594,ptm_cycle_3,17703572,43759268,7737228
03:25:42,91594,ptm_cycle_3,17703576,43759268,7737224
03:25:43,91594,ptm_cycle_3,17703576,43759268,7737224
03:25:44,91594,ptm_cycle_3,17703576,43759268,7737224
03:25:45,91594,ptm_cycle_3,17703580,43759268,7737220
03:25:46,91594,ptm_cycle_3,17703580,43759268,7737220
03:25:47,91594,ptm_cycle_3,17703580,43759268,7737220
03:25:48,91594,ptm_cycle_3,17703584,43759268,7737216
03:25:49,91594,ptm_cycle_3,17703588,43759268,7737212
03:25:50,91594,ptm_cycle_3,17703588,43759268,7737212
03:25:51,91594,ptm_cycle_3,17703588,43759268,7737212
03:25:52,91594,ptm_cycle_3,17703588,43759268,7737212
03:25:53,91594,ptm_cycle_3,17703592,43759268,7737208
03:25:54,91594,ptm_cycle_3,17703592,43759268,7737208
03:25:55,91594,ptm_cycle_3,17703592,43759268,7737208
03:25:56,91594,ptm_cycle_3,17703592,43759268,7737208
03:25:57,91594,ptm_cycle_3,17703592,43759268,7737208
03:25:58,91594,ptm_cycle_3,17703592,43759268,7737208
03:25:59,91594,ptm_cycle_3,17703592,43759268,7737208
03:26:00,91594,ptm_cycle_3,17703592,43759268,7737208
03:26:01,91594,ptm_cycle_3,17703592,43759268,7737208
03:26:02,91594,ptm_cycle_3,17703596,43759268,7737204
03:26:03,91594,ptm_cycle_3,17703596,43759268,7737204
03:26:04,91594,ptm_cycle_3,17703596,43759268,7737204
03:26:05,91594,ptm_cycle_3,17703596,43759268,7737204
03:26:06,91594,ptm_cycle_3,17703600,43759268,7737200
03:26:07,91594,ptm_cycle_3,17703600,43759268,7737200
03:26:08,91594,ptm_cycle_3,17703604,43759268,7737196
03:26:09,91594,ptm_cycle_3,17703604,43759268,7737196
03:26:10,91594,ptm_cycle_3,17703604,43759268,7737196
03:26:11,91594,ptm_cycle_3,17703620,43759268,7737180
03:26:12,91594,ptm_cycle_3,17703620,43759268,7737180
03:26:13,91594,ptm_cycle_3,17703624,43759268,7737176
03:26:14,91594,ptm_cycle_3,17703740,43759268,7737060
03:26:16,91594,ptm_cycle_3,17703740,43759268,7737060
03:26:17,91594,ptm_cycle_3,17703740,43759268,7737060
03:26:18,91594,ptm_cycle_3,17703740,43759268,7737060
03:26:19,91594,ptm_cycle_3,17703744,43759268,7737056
03:26:20,91594,ptm_cycle_3,17703744,43759268,7737056
03:26:21,91594,ptm_cycle_3,17703744,43759268,7737056
03:26:22,91594,ptm_cycle_3,17703748,43759268,7737052
03:26:23,91594,ptm_cycle_3,17703748,43759268,7737052
03:26:24,91594,ptm_cycle_3,17703748,43759268,7737052
03:26:25,91594,ptm_cycle_3,17703752,43759268,7737048
03:26:26,91594,ptm_cycle_3,17703752,43759268,7737048
03:26:27,91594,ptm_cycle_3,17703756,43759268,7737044
03:26:28,91594,ptm_cycle_3,17703756,43759268,7737044
03:26:29,91594,ptm_cycle_3,17703760,43759268,7737040
03:26:30,91594,ptm_cycle_3,17703764,43759268,7737036
03:26:31,91594,ptm_cycle_3,17703764,43759268,7737036
03:26:32,91594,ptm_cycle_3,17703764,43759268,7737036
03:26:33,91594,ptm_cycle_3,17703768,43759268,7737032
03:26:34,91594,ptm_cycle_3,17703768,43759268,7737032
03:26:35,91594,ptm_cycle_3,17703768,43759268,7737032
03:26:36,91594,ptm_cycle_3,17703768,43759268,7737032
03:26:37,91594,ptm_cycle_3,17703772,43759268,7737028
03:26:38,91594,ptm_cycle_3,17703912,43759268,7736888
03:26:39,91594,ptm_cycle_3,17703912,43759268,7736888
03:26:40,91594,ptm_cycle_3,17703916,43759268,7736884
03:26:41,91594,ptm_cycle_3,17703916,43759268,7736884
03:26:42,91594,ptm_cycle_3,17703916,43759268,7736884
03:26:43,91594,ptm_cycle_3,17703916,43759268,7736884
03:26:44,91594,ptm_cycle_3,17703916,43759268,7736884
03:26:45,91594,ptm_cycle_3,17703916,43759268,7736884
03:26:46,91594,ptm_cycle_3,17703916,43759268,7736884
03:26:47,91594,ptm_cycle_3,17704328,43759268,7736472
03:26:48,91594,ptm_cycle_3,17704328,43759268,7736472
03:26:49,91594,ptm_cycle_3,17704328,43759268,7736472
03:26:50,91594,ptm_cycle_3,17704332,43759268,7736468
03:26:51,91594,ptm_cycle_3,17704336,43759268,7736464
03:26:52,91594,ptm_cycle_3,17704336,43759268,7736464
03:26:53,91594,ptm_cycle_3,17704340,43759268,7736460
03:26:54,91594,ptm_cycle_3,17704340,43759268,7736460
03:26:55,91594,ptm_cycle_3,17704344,43759268,7736456
03:26:56,91594,ptm_cycle_3,17704344,43759268,7736456
03:26:57,91594,ptm_cycle_3,17704344,43759268,7736456
03:26:58,91594,ptm_cycle_3,17704344,43759268,7736456
03:26:59,91594,ptm_cycle_3,17704348,43759268,7736452
03:27:00,91594,ptm_cycle_3,17704348,43759268,7736452
03:27:01,91594,ptm_cycle_3,17704348,43759268,7736452
03:27:02,91594,ptm_cycle_3,17704352,43759268,7736448
03:27:03,91594,ptm_cycle_3,17704352,43759268,7736448
03:27:04,91594,ptm_cycle_3,17704352,43759268,7736448
03:27:05,91594,ptm_cycle_3,17704352,43759268,7736448
03:27:06,91594,ptm_cycle_3,17704356,43759268,7736444
03:27:07,91594,ptm_cycle_3,17704356,43759268,7736444
03:27:08,91594,ptm_cycle_3,17704356,43759268,7736444
03:27:09,91594,ptm_cycle_3,17704360,43759268,7736440
03:27:10,91594,ptm_cycle_3,17704360,43759268,7736440
03:27:11,91594,ptm_cycle_3,17704364,43759268,7736436
03:27:12,91594,ptm_cycle_3,17704364,43759268,7736436
03:27:13,91594,ptm_cycle_3,17704368,43759268,7736432
03:27:14,91594,ptm_cycle_3,17704368,43759268,7736432
03:27:15,91594,ptm_cycle_3,17704368,43759268,7736432
03:27:16,91594,ptm_cycle_3,17704372,43759268,7736428
03:27:17,91594,ptm_cycle_3,17704372,43759268,7736428
03:27:18,91594,ptm_cycle_3,17704376,43759268,7736424
03:27:19,91594,ptm_cycle_3,17704376,43759268,7736424
03:27:20,91594,ptm_cycle_3,17704376,43759268,7736424
03:27:21,91594,ptm_cycle_3,17704376,43759268,7736424
03:27:22,91594,ptm_cycle_3,17704380,43759268,7736420
03:27:23,91594,ptm_cycle_3,17704524,43759268,7736276
03:27:24,91594,ptm_cycle_3,17704524,43759268,7736276
03:27:25,91594,ptm_cycle_3,17704528,43759268,7736272
03:27:26,91594,ptm_cycle_3,17704528,43759268,7736272
03:27:27,91594,ptm_cycle_3,17704528,43759268,7736272
03:27:28,91594,ptm_cycle_3,17704528,43759268,7736272
03:27:29,91594,ptm_cycle_3,17704528,43759268,7736272
03:27:30,91594,ptm_cycle_3,17704528,43759268,7736272
03:27:31,91594,ptm_cycle_3,17704528,43759268,7736272
03:27:32,91594,ptm_cycle_3,17704528,43759268,7736272
03:27:33,91594,ptm_cycle_3,17704528,43759268,7736272
03:27:34,91594,ptm_cycle_3,17704532,43759268,7736268
03:27:35,91594,ptm_cycle_3,17704532,43759268,7736268
03:27:36,91594,ptm_cycle_3,17704532,43759268,7736268
03:27:37,91594,ptm_cycle_3,17704536,43759268,7736264
03:27:38,91594,ptm_cycle_3,17704540,43759268,7736260
03:27:40,91594,ptm_cycle_3,17704540,43759268,7736260
03:27:41,91594,ptm_cycle_3,17704540,43759268,7736260
03:27:42,91594,ptm_cycle_3,17704540,43759268,7736260
03:27:43,91594,ptm_cycle_3,17704544,43759268,7736256
03:27:44,91594,ptm_cycle_3,17704544,43759268,7736256
03:27:45,91594,ptm_cycle_3,17704544,43759268,7736256
03:27:46,91594,ptm_cycle_3,17704548,43759268,7736252
03:27:47,91594,ptm_cycle_3,17704548,43759268,7736252
03:27:48,91594,ptm_cycle_3,17704548,43759268,7736252
03:27:49,91594,ptm_cycle_3,17704548,43759268,7736252
03:27:50,91594,ptm_cycle_3,17704552,43759268,7736248
03:27:51,91594,ptm_cycle_3,17704552,43759268,7736248
03:27:52,91594,ptm_cycle_3,17704744,43759268,7736056
03:27:53,91594,ptm_cycle_3,17704748,43759268,7736052
03:27:54,91594,ptm_cycle_3,17704748,43759268,7736052
03:27:55,91594,ptm_cycle_3,17704748,43759268,7736052
03:27:56,91594,ptm_cycle_3,17704748,43759268,7736052
03:27:57,91594,ptm_cycle_3,17704752,43759268,7736048
03:27:58,91594,ptm_cycle_3,17704756,43759268,7736044
03:27:59,91594,ptm_cycle_3,17704756,43759268,7736044
03:28:00,91594,ptm_cycle_3,17704760,43759268,7736040
03:28:01,91594,ptm_cycle_3,17704764,43759268,7736036
03:28:02,91594,ptm_cycle_3,17704764,43759268,7736036
03:28:03,91594,ptm_cycle_3,17704768,43759268,7736032
03:28:04,91594,ptm_cycle_3,17704768,43759268,7736032
03:28:05,91594,ptm_cycle_3,17704772,43759268,7736028
03:28:06,91594,ptm_cycle_3,17704772,43759268,7736028
03:28:07,91594,ptm_cycle_3,17704776,43759268,7736024
03:28:08,91594,ptm_cycle_3,17704776,43759268,7736024
03:28:09,91594,ptm_cycle_3,17704776,43759268,7736024
03:28:10,91594,ptm_cycle_3,17705732,43759268,7735068
03:28:11,91594,ptm_cycle_3,17705732,43759268,7735068
03:28:12,91594,ptm_cycle_3,17705732,43759268,7735068
03:28:13,91594,ptm_cycle_3,17705732,43759268,7735068
03:28:14,91594,ptm_cycle_3,17705732,43759268,7735068
03:28:15,91594,ptm_cycle_3,17705732,43759268,7735068
03:28:16,91594,ptm_cycle_3,17705732,43759268,7735068
03:28:17,91594,ptm_cycle_3,17705732,43759268,7735068
03:28:18,91594,ptm_cycle_3,17705732,43759268,7735068
03:28:19,91594,ptm_cycle_3,17705736,43759268,7735064
03:28:20,91594,ptm_cycle_3,17705736,43759268,7735064
03:28:21,91594,ptm_cycle_3,17705736,43759268,7735064
03:28:22,91594,ptm_cycle_3,17705736,43759268,7735064
03:28:23,91594,ptm_cycle_3,17705740,43759268,7735060
03:28:24,91594,ptm_cycle_3,17705740,43759268,7735060
03:28:25,91594,ptm_cycle_3,17705740,43759268,7735060
03:28:26,91594,ptm_cycle_3,17705744,43759268,7735056
03:28:27,91594,ptm_cycle_3,17705744,43759268,7735056
03:28:28,91594,ptm_cycle_3,17705744,43759268,7735056
03:28:29,91594,ptm_cycle_3,17705752,43759268,7735048
03:28:30,91594,ptm_cycle_3,17705752,43759268,7735048
03:28:31,91594,ptm_cycle_3,17705752,43759268,7735048
03:28:32,91594,ptm_cycle_3,17705752,43759268,7735048
03:28:33,91594,ptm_cycle_3,17705756,43759268,7735044
03:28:34,91594,ptm_cycle_3,17705756,43759268,7735044
03:28:35,91594,ptm_cycle_3,17705756,43759268,7735044
03:28:36,91594,ptm_cycle_3,17705756,43759268,7735044
03:28:37,91594,ptm_cycle_3,17705760,43759268,7735040
03:28:38,91594,ptm_cycle_3,17705760,43759268,7735040
03:28:39,91594,ptm_cycle_3,17705760,43759268,7735040
03:28:40,91594,ptm_cycle_3,17705764,43759268,7735036
03:28:41,91594,ptm_cycle_3,17705764,43759268,7735036
03:28:42,91594,ptm_cycle_3,17705820,43759268,7734980
03:28:43,91594,ptm_cycle_3,17705820,43759268,7734980
03:28:44,91594,ptm_cycle_3,17705824,43759268,7734976
03:28:45,91594,ptm_cycle_3,17705828,43759268,7734972
03:28:46,91594,ptm_cycle_3,17705828,43759268,7734972
03:28:47,91594,ptm_cycle_3,17705832,43759268,7734968
03:28:48,91594,ptm_cycle_3,17705832,43759268,7734968
03:28:49,91594,ptm_cycle_3,17705832,43759268,7734968
03:28:50,91594,ptm_cycle_3,17705832,43759268,7734968
03:28:51,91594,ptm_cycle_3,17705836,43759268,7734964
03:28:52,91594,ptm_cycle_3,17705836,43759268,7734964
03:28:53,91594,ptm_cycle_3,17705836,43759268,7734964
03:28:54,91594,ptm_cycle_3,17705840,43759268,7734960
03:28:55,91594,ptm_cycle_3,17705840,43759268,7734960
03:28:56,91594,ptm_cycle_3,17705844,43759268,7734956
03:28:57,91594,ptm_cycle_3,17705844,43759268,7734956
03:28:58,91594,ptm_cycle_3,17705844,43759268,7734956
03:28:59,91594,ptm_cycle_3,17705844,43759268,7734956
03:29:00,91594,ptm_cycle_3,17705848,43759268,7734952
03:29:01,91594,ptm_cycle_3,17705848,43759268,7734952
03:29:02,91594,ptm_cycle_3,17705848,43759268,7734952
03:29:04,91594,ptm_cycle_3,17705848,43759268,7734952
03:29:05,91594,ptm_cycle_3,17705848,43759268,7734952
03:29:06,91594,ptm_cycle_3,17705848,43759268,7734952
03:29:07,91594,ptm_cycle_3,17705856,43759268,7734944
03:29:08,91594,ptm_cycle_3,17705856,43759268,7734944
03:29:09,91594,ptm_cycle_3,17705856,43759268,7734944
03:29:10,91594,ptm_cycle_3,17705856,43759268,7734944
03:29:11,91594,ptm_cycle_3,17705860,43759268,7734940
03:29:12,91594,ptm_cycle_3,17705860,43759268,7734940
03:29:13,91594,ptm_cycle_3,17705860,43759268,7734940
03:29:14,91594,ptm_cycle_3,17705864,43759268,7734936
03:29:15,91594,ptm_cycle_3,17705864,43759268,7734936
03:29:16,91594,ptm_cycle_3,17705868,43759268,7734932
03:29:17,91594,ptm_cycle_3,17705868,43759268,7734932
03:29:18,91594,ptm_cycle_3,17705868,43759268,7734932
03:29:19,91594,ptm_cycle_3,17705868,43759268,7734932
03:29:20,91594,ptm_cycle_3,17705876,43759268,7734924
03:29:21,91594,ptm_cycle_3,17705932,43759268,7734868
03:29:22,91594,ptm_cycle_3,17705932,43759268,7734868
03:29:23,91594,ptm_cycle_3,17705936,43759268,7734864
03:29:24,91594,ptm_cycle_3,17705936,43759268,7734864
03:29:25,91594,ptm_cycle_3,17705936,43759268,7734864
03:29:26,91594,ptm_cycle_3,17705936,43759268,7734864
03:29:27,91594,ptm_cycle_3,17705940,43759268,7734860
03:29:28,91594,ptm_cycle_3,17705940,43759268,7734860
03:29:29,91594,ptm_cycle_3,17705940,43759268,7734860
03:29:30,91594,ptm_cycle_3,17705944,43759268,7734856
03:29:31,91594,ptm_cycle_3,17705944,43759268,7734856
03:29:32,91594,ptm_cycle_3,17705948,43759268,7734852
03:29:33,91594,ptm_cycle_3,17705948,43759268,7734852
03:29:34,91594,ptm_cycle_3,17705952,43759268,7734848
03:29:35,91594,ptm_cycle_3,17705952,43759268,7734848
03:29:36,91594,ptm_cycle_3,17705956,43759268,7734844
03:29:37,91594,ptm_cycle_3,17705956,43759268,7734844
03:29:38,91594,ptm_cycle_3,17705956,43759268,7734844
03:29:39,91594,ptm_cycle_3,17705956,43759268,7734844
03:29:40,91594,ptm_cycle_3,17705960,43759268,7734840
03:29:41,91594,ptm_cycle_3,17705960,43759268,7734840
03:29:42,91594,ptm_cycle_3,17705960,43759268,7734840
03:29:43,91594,ptm_cycle_3,17705964,43759268,7734836
03:29:44,91594,ptm_cycle_3,17705964,43759268,7734836
03:29:45,91594,ptm_cycle_3,17705964,43759268,7734836
03:29:46,91594,ptm_cycle_3,17705964,43759268,7734836
03:29:47,91594,ptm_cycle_3,17705968,43759268,7734832
03:29:48,91594,ptm_cycle_3,17705968,43759268,7734832
03:29:49,91594,ptm_cycle_3,17705968,43759268,7734832
03:29:50,91594,ptm_cycle_3,17705972,43759268,7734828
03:29:51,91594,ptm_cycle_3,17705972,43759268,7734828
03:29:52,91594,ptm_cycle_3,17705972,43759268,7734828
03:29:53,91594,ptm_cycle_3,17705972,43759268,7734828
03:29:54,91594,ptm_cycle_3,17705972,43759268,7734828
03:29:55,91594,ptm_cycle_3,17705972,43759268,7734828
03:29:56,91594,ptm_cycle_3,17705972,43759268,7734828
03:29:57,91594,ptm_cycle_3,17705972,43759268,7734828
03:29:58,91594,ptm_cycle_3,17705972,43759268,7734828
03:29:59,91594,ptm_cycle_3,17705972,43759268,7734828
03:30:00,91594,ptm_cycle_3,17705976,43759268,7734824
03:30:01,91594,ptm_cycle_3,17705976,43759268,7734824
03:30:02,91594,ptm_cycle_3,17705976,43759268,7734824
03:30:03,91594,ptm_cycle_3,17705980,43759268,7734820
03:30:04,91594,ptm_cycle_3,17705980,43759268,7734820
03:30:05,91594,ptm_cycle_3,17705980,43759268,7734820
03:30:06,91594,ptm_cycle_3,17705980,43759268,7734820
03:30:07,91594,ptm_cycle_3,17705984,43759268,7734816
03:30:08,91594,ptm_cycle_3,17705984,43759268,7734816
03:30:09,91594,ptm_cycle_3,17705984,43759268,7734816
03:30:10,91594,ptm_cycle_3,17705988,43759268,7734812
03:30:11,91594,ptm_cycle_3,17705988,43759268,7734812
03:30:12,91594,ptm_cycle_3,17705988,43759268,7734812
03:30:13,91594,ptm_cycle_3,17705988,43759268,7734812
03:30:14,91594,ptm_cycle_3,17705992,43759268,7734808
03:30:15,91594,ptm_cycle_3,17705992,43759268,7734808
03:30:16,91594,ptm_cycle_3,17705992,43759268,7734808
03:30:17,91594,ptm_cycle_3,17705992,43759268,7734808
03:30:18,91594,ptm_cycle_3,17705996,43759268,7734804
03:30:19,91594,ptm_cycle_3,17705996,43759268,7734804
03:30:20,91594,ptm_cycle_3,17706000,43759268,7734800
03:30:21,91594,ptm_cycle_3,17707008,43759268,7733792
03:30:22,91594,ptm_cycle_3,17707012,43759268,7733788
03:30:23,91594,ptm_cycle_3,17708024,43759268,7732776
03:30:24,91594,ptm_cycle_3,17708024,43759268,7732776
03:30:25,91594,ptm_cycle_3,17709032,43759268,7731768
03:30:26,91594,ptm_cycle_3,17709032,43759268,7731768
03:30:28,91594,ptm_cycle_3,17710044,43759268,7730756
03:30:29,91594,ptm_cycle_3,17710048,43759268,7730752
03:30:30,91594,ptm_cycle_3,17711056,43759268,7729744
03:30:31,91594,ptm_cycle_3,17711056,43759268,7729744
03:30:32,91594,ptm_cycle_3,17712068,43759268,7728732
03:30:33,91594,ptm_cycle_3,17712068,43759268,7728732
03:30:34,91594,ptm_cycle_3,17713080,43759268,7727720
03:30:35,91594,ptm_cycle_3,17713080,43759268,7727720
03:30:36,91594,ptm_cycle_3,17713080,43759268,7727720
03:30:37,91594,ptm_cycle_3,17713084,43759268,7727716
03:30:38,91594,ptm_cycle_3,17713088,43759268,7727712
03:30:39,91594,ptm_cycle_3,17713116,43759268,7727684
03:30:40,91594,ptm_cycle_3,17713120,43759268,7727680
03:30:41,91594,ptm_cycle_3,17713120,43759268,7727680
03:30:42,91594,ptm_cycle_3,17713120,43759268,7727680
03:30:43,91594,ptm_cycle_3,17713120,43759268,7727680
03:30:44,91594,ptm_cycle_3,17713124,43759268,7727676
03:30:45,91594,ptm_cycle_3,17713124,43759268,7727676
03:30:46,91594,ptm_cycle_3,17713124,43759268,7727676
03:30:47,91594,ptm_cycle_3,17713124,43759268,7727676
03:30:48,91594,ptm_cycle_3,17713124,43759268,7727676
03:30:49,91594,ptm_cycle_3,17713124,43759268,7727676
03:30:50,91594,ptm_cycle_3,17713124,43759268,7727676
03:30:51,91594,ptm_cycle_3,17713128,43759268,7727672
03:30:52,91594,ptm_cycle_3,17713128,43759268,7727672
03:30:53,91594,ptm_cycle_3,17713128,43759268,7727672
03:30:54,91594,ptm_cycle_3,17713128,43759268,7727672
03:30:55,91594,ptm_cycle_3,17713132,43759268,7727668
03:30:56,91594,ptm_cycle_3,17713132,43759268,7727668
03:30:57,91594,ptm_cycle_3,17713132,43759268,7727668
03:30:58,91594,ptm_cycle_3,17713136,43759268,7727664
03:30:59,91594,ptm_cycle_3,17713136,43759268,7727664
03:31:00,91594,ptm_cycle_3,17713136,43759268,7727664
03:31:01,91594,ptm_cycle_3,17713136,43759268,7727664
03:31:02,91594,ptm_cycle_3,17713140,43759268,7727660
03:31:03,91594,ptm_cycle_3,17713140,43759268,7727660
03:31:04,91594,ptm_cycle_3,17713140,43759268,7727660
03:31:05,91594,ptm_cycle_3,17713144,43759268,7727656
03:31:06,91594,ptm_cycle_3,17713144,43759268,7727656
03:31:07,91594,ptm_cycle_3,17713144,43759268,7727656
03:31:08,91594,ptm_cycle_3,17713144,43759268,7727656
03:31:09,91594,ptm_cycle_3,17713148,43759268,7727652
03:31:10,91594,ptm_cycle_3,17713148,43759268,7727652
03:31:11,91594,ptm_cycle_3,17713152,43759268,7727648
03:31:12,91594,ptm_cycle_3,17713152,43759268,7727648
03:31:13,91594,ptm_cycle_3,17713152,43759268,7727648
03:31:14,91594,ptm_cycle_3,17713152,43759268,7727648
03:31:15,91594,ptm_cycle_3,17713156,43759268,7727644
03:31:16,91594,ptm_cycle_3,17713156,43759268,7727644
03:31:17,91594,ptm_cycle_3,17713156,43759268,7727644
03:31:18,91594,ptm_cycle_3,17713156,43759268,7727644
03:31:19,91594,ptm_cycle_3,17713292,43759268,7727508
03:31:20,91594,ptm_cycle_3,17713292,43759268,7727508
03:31:21,91594,ptm_cycle_3,17713292,43759268,7727508
03:31:22,91594,ptm_cycle_3,17714552,43759268,7726248
03:31:23,91594,ptm_cycle_3,17714556,43759268,7726244
03:31:24,91594,ptm_cycle_3,17714556,43759268,7726244
03:31:25,91594,ptm_cycle_3,17714556,43759268,7726244
03:31:26,91594,ptm_cycle_3,17714560,43759268,7726240
03:31:27,91594,ptm_cycle_3,17714560,43759268,7726240
03:31:28,91594,ptm_cycle_3,17714560,43759268,7726240
03:31:29,91594,ptm_cycle_3,17714560,43759268,7726240
03:31:30,91594,ptm_cycle_3,17714564,43759268,7726236
03:31:31,91594,ptm_cycle_3,17714564,43759268,7726236
03:31:32,91594,ptm_cycle_3,17714564,43759268,7726236
03:31:33,91594,ptm_cycle_3,17714564,43759268,7726236
03:31:34,91594,ptm_cycle_3,17714568,43759268,7726232
03:31:35,91594,ptm_cycle_3,17714568,43759268,7726232
03:31:36,91594,ptm_cycle_3,17714568,43759268,7726232
03:31:37,91594,ptm_cycle_3,17714568,43759268,7726232
03:31:38,91594,ptm_cycle_3,17714572,43759268,7726228
03:31:39,91594,ptm_cycle_3,17714572,43759268,7726228
03:31:40,91594,ptm_cycle_3,17714572,43759268,7726228
03:31:41,91594,ptm_cycle_3,17714572,43759268,7726228
03:31:42,91594,ptm_cycle_3,17714572,43759268,7726228
03:31:43,91594,ptm_cycle_3,17714572,43759268,7726228
03:31:44,91594,ptm_cycle_3,17714572,43759268,7726228
03:31:45,91594,ptm_cycle_3,17714572,43759268,7726228
03:31:46,91594,ptm_cycle_3,17714572,43759268,7726228
03:31:47,91594,ptm_cycle_3,17714576,43759268,7726224
03:31:48,91594,ptm_cycle_3,17714576,43759268,7726224
03:31:49,91594,ptm_cycle_3,17714576,43759268,7726224
03:31:51,91594,ptm_cycle_3,17714576,43759268,7726224
03:31:52,91594,ptm_cycle_3,17714580,43759268,7726220
03:31:53,91594,ptm_cycle_3,17714580,43759268,7726220
03:31:54,91594,ptm_cycle_3,17714580,43759268,7726220
03:31:55,91594,ptm_cycle_3,17714588,43759268,7726212
03:31:56,91594,ptm_cycle_3,17714588,43759268,7726212
03:31:57,91594,ptm_cycle_3,17714588,43759268,7726212
03:31:58,91594,ptm_cycle_3,17714588,43759268,7726212
03:31:59,91594,ptm_cycle_3,17714592,43759268,7726208
03:32:00,91594,ptm_cycle_3,17714592,43759268,7726208
03:32:01,91594,ptm_cycle_3,17714596,43759268,7726204
03:32:02,91594,ptm_cycle_3,17714596,43759268,7726204
03:32:03,91594,ptm_cycle_3,17714596,43759268,7726204
03:32:04,91594,ptm_cycle_3,17714596,43759268,7726204
03:32:05,91594,ptm_cycle_3,17714596,43759268,7726204
03:32:06,91594,ptm_cycle_3,17714596,43759268,7726204
03:32:07,91594,ptm_cycle_3,17714600,43759268,7726200
03:32:08,91594,ptm_cycle_3,17714600,43759268,7726200
03:32:09,91594,ptm_cycle_3,17714604,43759268,7726196
03:32:10,91594,ptm_cycle_3,17714604,43759268,7726196
03:32:11,91594,ptm_cycle_3,17714608,43759268,7726192
03:32:12,91594,ptm_cycle_3,17714608,43759268,7726192
03:32:13,91594,ptm_cycle_3,17714608,43759268,7726192
03:32:14,91594,ptm_cycle_3,17714804,43759268,7725996
03:32:15,91594,ptm_cycle_3,17714808,43759268,7725992
03:32:16,91594,ptm_cycle_3,17714808,43759268,7725992
03:32:17,91594,ptm_cycle_3,17714808,43759268,7725992
03:32:18,91594,ptm_cycle_3,17714808,43759268,7725992
03:32:19,91594,ptm_cycle_3,17714812,43759268,7725988
03:32:20,91594,ptm_cycle_3,17714812,43759268,7725988
03:32:21,91594,ptm_cycle_3,17714812,43759268,7725988
03:32:22,91594,ptm_cycle_3,17714812,43759268,7725988
03:32:23,91594,ptm_cycle_3,17714816,43759268,7725984
03:32:24,91594,ptm_cycle_3,17714816,43759268,7725984
03:32:25,91594,ptm_cycle_3,17714816,43759268,7725984
03:32:26,91594,ptm_cycle_3,17714816,43759268,7725984
03:32:27,91594,ptm_cycle_3,17714820,43759268,7725980
03:32:28,91594,ptm_cycle_3,17716076,43759268,7724724
03:32:29,91594,ptm_cycle_3,17716080,43759268,7724720
03:32:30,91594,ptm_cycle_3,17716080,43759268,7724720
03:32:31,91594,ptm_cycle_3,17716080,43759268,7724720
03:32:32,91594,ptm_cycle_3,17716084,43759268,7724716
03:32:33,91594,ptm_cycle_3,17716084,43759268,7724716
03:32:34,91594,ptm_cycle_3,17716084,43759268,7724716
03:32:35,91594,ptm_cycle_3,17716084,43759268,7724716
03:32:36,91594,ptm_cycle_3,17716084,43759268,7724716
03:32:37,91594,ptm_cycle_3,17716084,43759268,7724716
03:32:38,91594,ptm_cycle_3,17716084,43759268,7724716
03:32:39,91594,ptm_cycle_3,17716084,43759268,7724716
03:32:40,91594,ptm_cycle_3,17716084,43759268,7724716
03:32:41,91594,ptm_cycle_3,17716168,43759268,7724632
03:32:42,91594,ptm_cycle_3,17716188,43759268,7724612
03:32:43,91594,ptm_cycle_3,17716188,43759268,7724612
03:32:44,91594,ptm_cycle_3,17716192,43759268,7724608
03:32:45,91594,ptm_cycle_3,17716280,43759268,7724520
03:32:46,91594,ptm_cycle_3,17716296,43759268,7724504
03:32:47,91594,ptm_cycle_3,17716296,43759268,7724504
03:32:48,91594,ptm_cycle_3,17716300,43759268,7724500
03:32:49,91594,ptm_cycle_3,17716300,43759268,7724500
03:32:50,91594,ptm_cycle_3,17716856,43759268,7723944
03:32:51,91594,ptm_cycle_3,17717180,43759268,7723620
03:32:52,91594,ptm_cycle_3,17717184,43759268,7723616
03:32:53,91594,ptm_cycle_3,17717184,43759268,7723616
03:32:54,91594,ptm_cycle_3,17717184,43759268,7723616
03:32:55,91594,ptm_cycle_3,17717184,43759268,7723616
03:32:56,91594,ptm_cycle_3,17717188,43759268,7723612
03:32:57,91594,ptm_cycle_3,17717192,43759268,7723608
03:32:58,91594,ptm_cycle_3,17717192,43759268,7723608
03:32:59,91594,ptm_cycle_3,17717192,43759268,7723608
03:33:00,91594,ptm_cycle_3,17717192,43759268,7723608
03:33:01,91594,ptm_cycle_3,17717196,43759268,7723604
03:33:02,91594,ptm_cycle_3,17717196,43759268,7723604
03:33:03,91594,ptm_cycle_3,17717196,43759268,7723604
03:33:04,91594,ptm_cycle_3,17717196,43759268,7723604
03:33:05,91594,ptm_cycle_3,17717200,43759268,7723600
03:33:06,91594,ptm_cycle_3,17717200,43759268,7723600
03:33:07,91594,ptm_cycle_3,17717200,43759268,7723600
03:33:08,91594,ptm_cycle_3,17717200,43759268,7723600
03:33:09,91594,ptm_cycle_3,17717204,43759268,7723596
03:33:10,91594,ptm_cycle_3,17717204,43759268,7723596
03:33:11,91594,ptm_cycle_3,17717204,43759268,7723596
03:33:12,91594,ptm_cycle_3,17717204,43759268,7723596
03:33:13,91594,ptm_cycle_3,17717208,43759268,7723592
03:33:14,91594,ptm_cycle_3,17717208,43759268,7723592
03:33:16,91594,ptm_cycle_3,17717208,43759268,7723592
03:33:17,91594,ptm_cycle_3,17717208,43759268,7723592
03:33:18,91594,ptm_cycle_3,17717212,43759268,7723588
03:33:19,91594,ptm_cycle_3,17717212,43759268,7723588
03:33:20,91594,ptm_cycle_3,17717212,43759268,7723588
03:33:21,91594,ptm_cycle_3,17717212,43759268,7723588
03:33:22,91594,ptm_cycle_3,17717216,43759268,7723584
03:33:23,91594,ptm_cycle_3,17717216,43759268,7723584
03:33:24,91594,ptm_cycle_3,17717216,43759268,7723584
03:33:25,91594,ptm_cycle_3,17717216,43759268,7723584
03:33:26,91594,ptm_cycle_3,17717220,43759268,7723580
03:33:27,91594,ptm_cycle_3,17717224,43759268,7723576
03:33:28,91594,ptm_cycle_3,17717224,43759268,7723576
03:33:29,91594,ptm_cycle_3,17717224,43759268,7723576
03:33:30,91594,ptm_cycle_3,17717224,43759268,7723576
03:33:31,91594,ptm_cycle_3,17717228,43759268,7723572
03:33:32,91594,ptm_cycle_3,17717228,43759268,7723572
03:33:33,91594,ptm_cycle_3,17717228,43759268,7723572
03:33:34,91594,ptm_cycle_3,17735576,43759268,7708048
03:33:35,91594,ptm_cycle_3,17735672,43759268,7707952
03:33:36,91594,ptm_cycle_3,17735676,43759268,7707948
03:33:37,91594,ptm_cycle_3,17735692,43759268,7707932
03:33:38,91594,ptm_cycle_3,17735920,43759268,7707704
03:33:39,91594,ptm_cycle_3,17735924,43759268,7707700
03:33:40,91594,ptm_cycle_3,17735956,43759268,7707668
03:33:41,91594,ptm_cycle_3,17735960,43759268,7707664
03:33:42,91594,ptm_cycle_3,17735964,43759268,7707660
03:33:43,91594,ptm_cycle_3,17736640,43759268,7706984
03:33:44,91594,ptm_cycle_3,17736840,43759268,7706784
03:33:45,91594,ptm_cycle_3,17736844,43759268,7706780
03:33:46,91594,ptm_cycle_3,17737256,43759268,7706368
03:33:47,91594,ptm_cycle_3,17737336,43759268,7706288
03:33:48,91594,ptm_cycle_3,17737688,43759268,7705936
03:33:49,91594,ptm_cycle_3,17737692,43759268,7705932
03:33:50,91594,ptm_cycle_3,17737692,43759268,7705932
03:33:51,91594,ptm_cycle_3,17737868,43759268,7705756
03:33:52,91594,ptm_cycle_3,17737872,43759268,7705752
03:33:53,91594,ptm_cycle_3,17738548,43759268,7705076
03:33:54,91594,ptm_cycle_3,17740232,43759268,7703392
03:33:55,91594,ptm_cycle_3,17740236,43759268,7703388
03:33:56,91594,ptm_cycle_3,17740240,43759268,7703384
03:33:57,91594,ptm_cycle_3,17740244,43759268,7703380
03:33:58,91594,ptm_cycle_3,17740248,43759268,7703376
03:33:59,91594,ptm_cycle_3,17740384,43759268,7703240
03:34:00,91594,ptm_cycle_3,17740388,43759268,7703236
03:34:01,91594,ptm_cycle_3,17740392,43759268,7703232
03:34:02,91594,ptm_cycle_3,17740396,43759268,7703228
03:34:03,91594,ptm_cycle_3,17740400,43759268,7703224
03:34:04,91594,ptm_cycle_3,17740408,43759268,7703216
03:34:05,91594,ptm_cycle_3,17742188,43759268,7701436
03:34:06,91594,ptm_cycle_3,17742192,43759268,7701432
03:34:07,91594,ptm_cycle_3,17743796,43759268,7699828
03:34:08,91594,ptm_cycle_3,17743804,43759268,7699820
03:34:09,91594,ptm_cycle_3,17743808,43759268,7699816
03:34:10,91594,ptm_cycle_3,17743828,43759268,7699796
03:34:11,91594,ptm_cycle_3,17743832,43759268,7699792
03:34:12,91594,ptm_cycle_3,17743836,43759268,7699788
03:34:13,91594,ptm_cycle_3,17743840,43759268,7699784
03:34:14,91594,ptm_cycle_3,17743844,43759268,7699780
03:34:15,91594,ptm_cycle_3,17743848,43759268,7699776
03:34:16,91594,ptm_cycle_3,17743852,43759268,7699772
03:34:17,91594,ptm_cycle_3,17743856,43759268,7699768
03:34:18,91594,ptm_cycle_3,17745048,43759268,7698576
03:34:19,91594,ptm_cycle_3,17746676,43759268,7696948
03:34:20,91594,ptm_cycle_3,17746684,43759268,7696940
03:34:21,91594,ptm_cycle_3,17746688,43759268,7696936
03:34:22,91594,ptm_cycle_3,17746692,43759268,7696932
03:34:23,91594,ptm_cycle_3,17746696,43759268,7696928
03:34:24,91594,ptm_cycle_3,17746700,43759268,7696924
03:34:25,91594,ptm_cycle_3,17746708,43759268,7696916
03:34:26,91594,ptm_cycle_3,17746716,43759268,7696908
03:34:27,91594,ptm_cycle_3,17746716,43759268,7696908
03:34:28,91594,ptm_cycle_3,17746728,43759268,7696896
03:34:29,91594,ptm_cycle_3,17746732,43759268,7696892
03:34:30,91594,ptm_cycle_3,17746736,43759268,7696888
03:34:31,91594,ptm_cycle_3,17746744,43759268,7696880
03:34:32,91594,ptm_cycle_3,17746900,43759268,7696724
03:34:33,91594,ptm_cycle_3,17746912,43759268,7696712
03:34:34,91594,ptm_cycle_3,17746916,43759268,7696708
03:34:35,91594,ptm_cycle_3,17746920,43759268,7696704
03:34:36,91594,ptm_cycle_3,17746924,43759268,7696700
03:34:37,91594,ptm_cycle_3,17746924,43759268,7696700
03:34:39,91594,ptm_cycle_3,17748568,43759268,7695056
03:34:40,91594,ptm_cycle_3,17749048,43759268,7694576
03:34:41,91594,ptm_cycle_3,17749052,43759268,7694572
03:34:42,91594,ptm_cycle_3,17749052,43759268,7694572
03:34:43,91594,ptm_cycle_3,17749184,43759268,7694440
03:34:44,91594,ptm_cycle_3,17749184,43759268,7694440
03:34:45,91594,ptm_cycle_3,17749188,43759268,7694436
03:34:46,91594,ptm_cycle_3,17749196,43759268,7694428
03:34:47,91594,ptm_cycle_3,17749196,43759268,7694428
03:34:48,91594,ptm_cycle_3,17749200,43759268,7694424
03:34:49,91594,ptm_cycle_3,17749204,43759268,7694420
03:34:50,91594,ptm_cycle_3,17749304,43759268,7694320
03:34:51,91594,ptm_cycle_3,17749416,43759268,7694208
03:34:52,91594,ptm_cycle_3,17749420,43759268,7694204
03:34:53,91594,ptm_cycle_3,17749420,43759268,7694204
03:34:54,91594,ptm_cycle_3,17749424,43759268,7694200
03:34:55,91594,ptm_cycle_3,17749436,43759268,7694188
03:34:56,91594,ptm_cycle_3,17749440,43759268,7694184
03:34:57,91594,ptm_cycle_3,17749440,43759268,7694184
03:34:58,91594,ptm_cycle_3,17749444,43759268,7694180
03:34:59,91594,ptm_cycle_3,17749444,43759268,7694180
03:35:00,91594,ptm_cycle_3,17749448,43759268,7694176
03:35:01,91594,ptm_cycle_3,17749448,43759268,7694176
03:35:02,91594,ptm_cycle_3,17749956,43759268,7693668
03:35:03,91594,ptm_cycle_3,17749956,43759268,7693668
03:35:04,91594,ptm_cycle_3,17750512,43759268,7693112
03:35:05,91594,ptm_cycle_3,17750512,43759268,7693112
03:35:06,91594,ptm_cycle_3,17750512,43759268,7693112
03:35:07,91594,ptm_cycle_3,17750512,43759268,7693112
03:35:08,91594,ptm_cycle_3,17750516,43759268,7693108
03:35:09,91594,ptm_cycle_3,17750516,43759268,7693108
03:35:10,91594,ptm_cycle_3,17750520,43759268,7693104
03:35:11,91594,ptm_cycle_3,17750520,43759268,7693104
03:35:12,91594,ptm_cycle_3,17750524,43759268,7693100
03:35:13,91594,ptm_cycle_3,17750524,43759268,7693100
03:35:14,91594,ptm_cycle_3,17750528,43759268,7693096
03:35:15,91594,ptm_cycle_3,17750528,43759268,7693096
03:35:16,91594,ptm_cycle_3,17750532,43759268,7693092
03:35:17,91594,ptm_cycle_3,17750532,43759268,7693092
03:35:18,91594,ptm_cycle_3,17750540,43759268,7693084
03:35:19,91594,ptm_cycle_3,17750544,43759268,7693080
03:35:20,91594,ptm_cycle_3,17750544,43759268,7693080
03:35:21,91594,ptm_cycle_3,17750556,43759268,7693068
03:35:22,91594,ptm_cycle_3,17750560,43759268,7693064
03:35:23,91594,ptm_cycle_3,17750560,43759268,7693064
03:35:24,91594,ptm_cycle_3,17750564,43759268,7693060
03:35:25,91594,ptm_cycle_3,17750564,43759268,7693060
03:35:26,91594,ptm_cycle_3,17750568,43759268,7693056
03:35:27,91594,ptm_cycle_3,17750572,43759268,7693052
03:35:28,91594,ptm_cycle_3,17750576,43759268,7693048
03:35:29,91594,ptm_cycle_3,17750588,43759268,7693036
03:35:30,91594,ptm_cycle_3,17750592,43759268,7693032
03:35:31,91594,ptm_cycle_3,17750592,43759268,7693032
03:35:32,91594,ptm_cycle_3,17750592,43759268,7693032
03:35:33,91594,ptm_cycle_3,17750592,43759268,7693032
03:35:34,91594,ptm_cycle_3,17751680,43759268,7691944
03:35:35,91594,ptm_cycle_3,17751680,43759268,7691944
03:35:36,91594,ptm_cycle_3,17751680,43759268,7691944
03:35:37,91594,ptm_cycle_3,17751956,43759268,7691668
03:35:38,91594,ptm_cycle_3,17751960,43759268,7691664
03:35:39,91594,ptm_cycle_3,17751964,43759268,7691660
03:35:40,91594,ptm_cycle_3,17751964,43759268,7691660
03:35:41,91594,ptm_cycle_3,17751968,43759268,7691656
03:35:42,91594,ptm_cycle_3,17751968,43759268,7691656
03:35:43,91594,ptm_cycle_3,17751972,43759268,7691652
03:35:44,91594,ptm_cycle_3,17751972,43759268,7691652
03:35:45,91594,ptm_cycle_3,17751976,43759268,7691648
03:35:46,91594,ptm_cycle_3,17751976,43759268,7691648
03:35:47,91594,ptm_cycle_3,17751980,43759268,7691644
03:35:48,91594,ptm_cycle_3,17751980,43759268,7691644
03:35:49,91594,ptm_cycle_3,17751988,43759268,7691636
03:35:50,91594,ptm_cycle_3,17751988,43759268,7691636
03:35:51,91594,ptm_cycle_3,17751988,43759268,7691636
03:35:52,91594,ptm_cycle_3,17752000,43759268,7691624
03:35:53,91594,ptm_cycle_3,17752000,43759268,7691624
03:35:54,91594,ptm_cycle_3,17752000,43759268,7691624
03:35:55,91594,ptm_cycle_3,17752000,43759268,7691624
03:35:56,91594,ptm_cycle_3,17752004,43759268,7691620
03:35:57,91594,ptm_cycle_3,17752008,43759268,7691616
03:35:58,91594,ptm_cycle_3,17752008,43759268,7691616
03:35:59,91594,ptm_cycle_3,17752008,43759268,7691616
03:36:00,91594,ptm_cycle_3,17752008,43759268,7691616
03:36:01,91594,ptm_cycle_3,17752012,43759268,7691612
03:36:03,91594,ptm_cycle_3,17752012,43759268,7691612
03:36:04,91594,ptm_cycle_3,17752044,43759268,7691580
03:36:05,91594,ptm_cycle_3,17752044,43759268,7691580
03:36:06,91594,ptm_cycle_3,17752212,43759268,7691412
03:36:07,91594,ptm_cycle_3,17752216,43759268,7691408
03:36:08,91594,ptm_cycle_3,17752216,43759268,7691408
03:36:09,91594,ptm_cycle_3,17752216,43759268,7691408
03:36:10,91594,ptm_cycle_3,17752216,43759268,7691408
03:36:11,91594,ptm_cycle_3,17752216,43759268,7691408
03:36:12,91594,ptm_cycle_3,17752216,43759268,7691408
03:36:13,91594,ptm_cycle_3,17752220,43759268,7691404
03:36:14,91594,ptm_cycle_3,17752220,43759268,7691404
03:36:15,91594,ptm_cycle_3,17752220,43759268,7691404
03:36:16,91594,ptm_cycle_3,17752220,43759268,7691404
03:36:17,91594,ptm_cycle_3,17752224,43759268,7691400
03:36:18,91594,ptm_cycle_3,17752788,43759268,7690836
03:36:19,91594,ptm_cycle_3,17752788,43759268,7690836
03:36:20,91594,ptm_cycle_3,17752788,43759268,7690836
03:36:21,91594,ptm_cycle_3,17752788,43759268,7690836
03:36:22,91594,ptm_cycle_3,17752792,43759268,7690832
03:36:23,91594,ptm_cycle_3,17752792,43759268,7690832
03:36:24,91594,ptm_cycle_3,17752792,43759268,7690832
03:36:25,91594,ptm_cycle_3,17752792,43759268,7690832
03:36:26,91594,ptm_cycle_3,17752792,43759268,7690832
03:36:27,91594,ptm_cycle_3,17752792,43759268,7690832
03:36:28,91594,ptm_cycle_3,17752796,43759268,7690828
03:36:29,91594,ptm_cycle_3,17752796,43759268,7690828
03:36:30,91594,ptm_cycle_3,17752796,43759268,7690828
03:36:31,91594,ptm_cycle_3,17752796,43759268,7690828
03:36:32,91594,ptm_cycle_3,17752796,43759268,7690828
03:36:33,91594,ptm_cycle_3,17752936,43759268,7690688
03:36:34,91594,ptm_cycle_3,17752936,43759268,7690688
03:36:35,91594,ptm_cycle_3,17752936,43759268,7690688
03:36:36,91594,ptm_cycle_3,17752936,43759268,7690688
03:36:37,91594,ptm_cycle_3,17752940,43759268,7690684
03:36:38,91594,ptm_cycle_3,17753076,43759268,7690548
03:36:39,91594,ptm_cycle_3,17753104,43759268,7690520
03:36:40,91594,ptm_cycle_3,17753104,43759268,7690520
03:36:41,91594,ptm_cycle_3,17753104,43759268,7690520
03:36:42,91594,ptm_cycle_3,17753104,43759268,7690520
03:36:43,91594,ptm_cycle_3,17753108,43759268,7690516
03:36:44,91594,ptm_cycle_3,17753108,43759268,7690516
03:36:45,91594,ptm_cycle_3,17753108,43759268,7690516
03:36:46,91594,ptm_cycle_3,17753576,43759268,7690200
03:36:47,91594,ptm_cycle_3,17753576,43759268,7690200
03:36:48,91594,ptm_cycle_3,17753580,43759268,7690196
03:36:49,91594,ptm_cycle_3,17753580,43759268,7690196
03:36:50,91594,ptm_cycle_3,17753580,43759268,7690196
03:36:51,91594,ptm_cycle_3,17753580,43759268,7690196
03:36:52,91594,ptm_cycle_3,17753584,43759268,7690192
03:36:53,91594,ptm_cycle_3,17753584,43759268,7690192
03:36:54,91594,ptm_cycle_3,17753584,43759268,7690192
03:36:55,91594,ptm_cycle_3,17753584,43759268,7690192
03:36:56,91594,ptm_cycle_3,17753584,43759268,7690192
03:36:57,91594,ptm_cycle_3,17753584,43759268,7690192
03:36:58,91594,ptm_cycle_3,17753860,43759268,7689916
03:36:59,91594,ptm_cycle_3,17753860,43759268,7689916
03:37:00,91594,ptm_cycle_3,17754028,43759268,7689748
03:37:01,91594,ptm_cycle_3,17754084,43759268,7689692
03:37:02,91594,ptm_cycle_3,17754084,43759268,7689692
03:37:03,91594,ptm_cycle_3,17754088,43759268,7689688
03:37:04,91594,ptm_cycle_3,17754088,43759268,7689688
03:37:05,91594,ptm_cycle_3,17754088,43759268,7689688
03:37:06,91594,ptm_cycle_3,17754088,43759268,7689688
03:37:07,91594,ptm_cycle_3,17754088,43759268,7689688
03:37:08,91594,ptm_cycle_3,17754088,43759268,7689688
03:37:09,91594,ptm_cycle_3,17754092,43759268,7689684
03:37:10,91594,ptm_cycle_3,17754100,43759268,7689676
03:37:11,91594,ptm_cycle_3,17754100,43759268,7689676
03:37:12,91594,ptm_cycle_3,17754100,43759268,7689676
03:37:13,91594,ptm_cycle_3,17754104,43759268,7689672
03:37:14,91594,ptm_cycle_3,17754104,43759268,7689672
03:37:15,91594,ptm_cycle_3,17754232,43759268,7689544
03:37:16,91594,ptm_cycle_3,17754232,43759268,7689544
03:37:17,91594,ptm_cycle_3,17754232,43759268,7689544
03:37:18,91594,ptm_cycle_3,17754232,43759268,7689544
03:37:19,91594,ptm_cycle_3,17754696,43759268,7689080
03:37:20,91594,ptm_cycle_3,17754696,43759268,7689080
03:37:21,91594,ptm_cycle_3,17754728,43759268,7689048
03:37:22,91594,ptm_cycle_3,17754744,43759268,7689032
03:37:23,91594,ptm_cycle_3,17755188,43759268,7688588
03:37:24,91594,ptm_cycle_3,17758844,43759268,7685572
03:37:25,91594,ptm_cycle_3,17758988,43759268,7685428
03:37:27,91594,ptm_cycle_3,17767672,43759268,7676860
03:37:28,91594,ptm_cycle_3,17767712,43759268,7676820
03:37:29,91594,ptm_cycle_3,17767848,43759268,7676684
03:37:30,91594,ptm_cycle_3,17769352,43759268,7675464
03:37:31,91594,ptm_cycle_3,17769352,43759268,7675464
03:37:32,91594,ptm_cycle_3,17775352,43759268,7669636
03:37:33,91594,ptm_cycle_3,17785228,43759268,7659784
03:37:34,91594,ptm_cycle_3,17785228,43759268,7659784
03:37:35,91594,ptm_cycle_3,17785328,43759268,7659784
03:37:36,91594,ptm_cycle_3,17785704,43759268,7659408
03:37:37,91594,ptm_cycle_3,17787112,43759268,7658496
03:37:38,91594,ptm_cycle_3,17787580,43759268,7658028
03:37:39,91594,ptm_cycle_3,17787580,43759268,7658028
03:37:40,91594,ptm_cycle_3,17788784,43759268,7656988
03:37:41,91594,ptm_cycle_3,17788944,43759268,7656828
03:37:42,91594,ptm_cycle_3,17789032,43759268,7656764
03:37:43,91594,ptm_cycle_3,17789064,43759268,7656732
03:37:44,91594,ptm_cycle_3,17789576,43759268,7656220
03:37:45,91594,ptm_cycle_3,17791744,43759268,7654052
03:37:46,91594,ptm_cycle_3,17791744,43759268,7654052
03:37:47,91594,ptm_cycle_3,17792112,43759268,7653684
03:37:48,91594,ptm_cycle_3,17792112,43759268,7653684
03:37:49,91594,ptm_cycle_3,17792116,43759268,7653680
03:37:50,91594,ptm_cycle_3,17792592,43759268,7653204
03:37:51,91594,ptm_cycle_3,17796840,43759268,7649244
03:37:52,91594,ptm_cycle_3,17796840,43759268,7649244
03:37:53,91594,ptm_cycle_3,17796840,43759268,7649244
03:37:54,91594,ptm_cycle_3,17796840,43759268,7649244
03:37:55,91594,ptm_cycle_3,17796840,43759268,7649244
03:37:56,91594,ptm_cycle_3,17796844,43759268,7649240
03:37:57,91594,ptm_cycle_3,17796956,43759268,7649160
03:37:58,91594,ptm_cycle_3,17796956,43759268,7649160
03:37:59,91594,ptm_cycle_3,17797228,43759268,7648888
03:38:00,91594,ptm_cycle_3,17797228,43759268,7648888
03:38:01,91594,ptm_cycle_3,17797232,43759268,7648884
03:38:02,91594,ptm_cycle_3,17797676,43759268,7648440
03:38:03,91594,ptm_cycle_3,17797676,43759268,7648440
03:38:04,91594,ptm_cycle_3,17797676,43759268,7648440
03:38:05,91594,ptm_cycle_3,17797676,43759268,7648440
03:38:06,91594,ptm_cycle_3,17798020,43759268,7648096
03:38:07,91594,ptm_cycle_3,17798024,43759268,7648092
03:38:08,91594,ptm_cycle_3,17798024,43759268,7648092
03:38:09,91594,ptm_cycle_3,17798024,43759268,7648092
03:38:10,91594,ptm_cycle_3,17798024,43759268,7648092
03:38:11,91594,ptm_cycle_3,17798024,43759268,7648092
03:38:12,91594,ptm_cycle_3,17798024,43759268,7648092
03:38:13,91594,ptm_cycle_3,17798024,43759268,7648092
03:38:14,91594,ptm_cycle_3,17798108,43759268,7648008
03:38:15,91594,ptm_cycle_3,17798108,43759268,7648008
03:38:16,91594,ptm_cycle_3,17798108,43759268,7648008
03:38:17,91594,ptm_cycle_3,17798108,43759268,7648008
03:38:18,91594,ptm_cycle_3,17798108,43759268,7648008
03:38:19,91594,ptm_cycle_3,17799932,43759268,7646184
03:38:20,91594,ptm_cycle_3,17799932,43759268,7646184
03:38:21,91594,ptm_cycle_3,17799940,43759268,7646176
03:38:22,91594,ptm_cycle_3,17799940,43759268,7646176
03:38:23,91594,ptm_cycle_3,17799940,43759268,7646176
03:38:24,91594,ptm_cycle_3,17799940,43759268,7646176
03:38:25,91594,ptm_cycle_3,17799948,43759268,7646168
03:38:26,91594,ptm_cycle_3,17799948,43759268,7646168
03:38:27,91594,ptm_cycle_3,17799948,43759268,7646168
03:38:28,91594,ptm_cycle_3,17799948,43759268,7646168
03:38:29,91594,ptm_cycle_3,17799948,43759268,7646168
03:38:30,91594,ptm_cycle_3,17799948,43759268,7646168
03:38:31,91594,ptm_cycle_3,17799948,43759268,7646168
03:38:32,91594,ptm_cycle_3,17799956,43759268,7646160
03:38:33,91594,ptm_cycle_3,17800080,43759268,7646036
03:38:34,91594,ptm_cycle_3,17800080,43759268,7646036
03:38:35,91594,ptm_cycle_3,17800092,43759268,7646024
03:38:36,91594,ptm_cycle_3,17800092,43759268,7646024
03:38:37,91594,ptm_cycle_3,17800092,43759268,7646024
03:38:38,91594,ptm_cycle_3,17800116,43759268,7646024
03:38:39,91594,ptm_cycle_3,17800096,43759268,7646020
03:38:40,91594,ptm_cycle_3,17800096,43759268,7646020
03:38:41,91594,ptm_cycle_3,17800096,43759268,7646020
03:38:42,91594,ptm_cycle_3,17800096,43759268,7646020
03:38:43,91594,ptm_cycle_3,17800096,43759268,7646020
03:38:44,91594,ptm_cycle_3,17800100,43759268,7646016
03:38:45,91594,ptm_cycle_3,17800100,43759268,7646016
03:38:46,91594,ptm_cycle_3,17800100,43759268,7646016
03:38:47,91594,ptm_cycle_3,17800100,43759268,7646016
03:38:49,91594,ptm_cycle_3,17800100,43759268,7646016
03:38:50,91594,ptm_cycle_3,17800100,43759268,7646016
03:38:51,91594,ptm_cycle_3,17800104,43759268,7646012
03:38:52,91594,ptm_cycle_3,17800104,43759268,7646012
03:38:53,91594,ptm_cycle_3,17800104,43759268,7646012
03:38:54,91594,ptm_cycle_3,17800104,43759268,7646012
03:38:55,91594,ptm_cycle_3,17800104,43759268,7646012
03:38:56,91594,ptm_cycle_3,17800104,43759268,7646012
03:38:57,91594,ptm_cycle_3,17800104,43759268,7646012
03:38:58,91594,ptm_cycle_3,17800108,43759268,7646008
03:38:59,91594,ptm_cycle_3,17801900,43759268,7644216
03:39:00,91594,ptm_cycle_3,17801900,43759268,7644216
03:39:01,91594,ptm_cycle_3,17801900,43759268,7644216
03:39:02,91594,ptm_cycle_3,17801900,43759268,7644216
03:39:03,91594,ptm_cycle_3,17801900,43759268,7644216
03:39:04,91594,ptm_cycle_3,17801904,43759268,7644212
03:39:05,91594,ptm_cycle_3,17801904,43759268,7644212
03:39:06,91594,ptm_cycle_3,17803132,43759268,7642984
03:39:07,91594,ptm_cycle_3,17803300,43759268,7642816
03:39:08,91594,ptm_cycle_3,17803304,43759268,7642812
03:39:09,91594,ptm_cycle_3,17803308,43759268,7642808
03:39:10,91594,ptm_cycle_3,17803308,43759268,7642808
03:39:11,91594,ptm_cycle_3,17803476,43759268,7642640
03:39:12,91594,ptm_cycle_3,17803476,43759268,7642640
03:39:13,91594,ptm_cycle_3,17803476,43759268,7642640
03:39:14,91594,ptm_cycle_3,17803476,43759268,7642640
03:39:15,91594,ptm_cycle_3,17803476,43759268,7642640
03:39:16,91594,ptm_cycle_3,17803708,43759268,7642408
03:39:17,91594,ptm_cycle_3,17803732,43759268,7642408
03:39:18,91594,ptm_cycle_3,17803708,43759268,7642408
03:39:19,91594,ptm_cycle_3,17803708,43759268,7642408
03:39:20,91594,ptm_cycle_3,17803708,43759268,7642408
03:39:21,91594,ptm_cycle_3,17804488,43759268,7641628
03:39:22,91594,ptm_cycle_3,17804512,43759268,7641628
03:39:23,91594,ptm_cycle_3,17804492,43759268,7641624
03:39:24,91594,ptm_cycle_3,17804492,43759268,7641624
03:39:25,91594,ptm_cycle_3,17804492,43759268,7641624
03:39:26,91594,ptm_cycle_3,17804520,43759268,7641596
03:39:27,91594,ptm_cycle_3,17804520,43759268,7641596
03:39:28,91594,ptm_cycle_3,17804520,43759268,7641596
03:39:29,91594,ptm_cycle_3,17804524,43759268,7641592
03:39:30,91594,ptm_cycle_3,17804524,43759268,7641592
03:39:31,91594,ptm_cycle_3,17804524,43759268,7641592
03:39:32,91594,ptm_cycle_3,17804524,43759268,7641592
03:39:33,91594,ptm_cycle_3,17804540,43759268,7641576
03:39:34,91594,ptm_cycle_3,17804556,43759268,7641560
03:39:35,91594,ptm_cycle_3,17804556,43759268,7641560
03:39:36,91594,ptm_cycle_3,17804556,43759268,7641560
03:39:37,91594,ptm_cycle_3,17804556,43759268,7641560
03:39:38,91594,ptm_cycle_3,17804556,43759268,7641560
03:39:39,91594,ptm_cycle_3,17804560,43759268,7641556
03:39:40,91594,ptm_cycle_3,17804560,43759268,7641556
03:39:41,91594,ptm_cycle_3,17804564,43759268,7641552
03:39:42,91594,ptm_cycle_3,17804564,43759268,7641552
03:39:43,91594,ptm_cycle_3,17804564,43759268,7641552
03:39:44,91594,ptm_cycle_3,17805188,43759268,7640984
03:39:45,91594,ptm_cycle_3,17805188,43759268,7640984
03:39:46,91594,ptm_cycle_3,17805188,43759268,7640984
03:39:47,91594,ptm_cycle_3,17805192,43759268,7640980
03:39:48,91594,ptm_cycle_3,17805196,43759268,7640976
03:39:49,91594,ptm_cycle_3,17805196,43759268,7640976
03:39:50,91594,ptm_cycle_3,17805808,43759268,7640364
03:39:51,91594,ptm_cycle_3,17805812,43759268,7640360
03:39:52,91594,ptm_cycle_3,17805812,43759268,7640360
03:39:53,91594,ptm_cycle_3,17805812,43759268,7640360
03:39:54,91594,ptm_cycle_3,17805816,43759268,7640356
03:39:55,91594,ptm_cycle_3,17805816,43759268,7640356
03:39:56,91594,ptm_cycle_3,17805816,43759268,7640356
03:39:57,91594,ptm_cycle_3,17805816,43759268,7640356
03:39:58,91594,ptm_cycle_3,17805816,43759268,7640356
03:39:59,91594,ptm_cycle_3,17805824,43759268,7640348
03:40:00,91594,ptm_cycle_3,17805824,43759268,7640348
03:40:01,91594,ptm_cycle_3,17805824,43759268,7640348
03:40:02,91594,ptm_cycle_3,17805824,43759268,7640348
03:40:03,91594,ptm_cycle_3,17805824,43759268,7640348
03:40:04,91594,ptm_cycle_3,17805824,43759268,7640348
03:40:05,91594,ptm_cycle_3,17805824,43759268,7640348
03:40:06,91594,ptm_cycle_3,17805828,43759268,7640344
03:40:07,91594,ptm_cycle_3,17805828,43759268,7640344
03:40:08,91594,ptm_cycle_3,17805828,43759268,7640344
03:40:09,91594,ptm_cycle_3,17805828,43759268,7640344
03:40:10,91594,ptm_cycle_3,17805828,43759268,7640344
03:40:11,91594,ptm_cycle_3,17805832,43759268,7640340
03:40:13,91594,ptm_cycle_3,17805836,43759268,7640336
03:40:14,91594,ptm_cycle_3,17805836,43759268,7640336
03:40:15,91594,ptm_cycle_3,17805836,43759268,7640336
03:40:16,91594,ptm_cycle_3,17805836,43759268,7640336
03:40:17,91594,ptm_cycle_3,17805840,43759268,7640332
03:40:18,91594,ptm_cycle_3,17805840,43759268,7640332
03:40:19,91594,ptm_cycle_3,17805840,43759268,7640332
03:40:20,91594,ptm_cycle_3,17805844,43759268,7640328
03:40:21,91594,ptm_cycle_3,17805868,43759268,7640328
03:40:22,91594,ptm_cycle_3,17805844,43759268,7640328
03:40:23,91594,ptm_cycle_3,17805844,43759268,7640328
03:40:24,91594,ptm_cycle_3,17805844,43759268,7640328
03:40:25,91594,ptm_cycle_3,17805848,43759268,7640324
03:40:26,91594,ptm_cycle_3,17805848,43759268,7640324
03:40:27,91594,ptm_cycle_3,17805848,43759268,7640324
03:40:28,91594,ptm_cycle_3,17805848,43759268,7640324
03:40:29,91594,ptm_cycle_3,17805848,43759268,7640324
03:40:30,91594,ptm_cycle_3,17805912,43759268,7640260
03:40:31,91594,ptm_cycle_3,17805916,43759268,7640256
03:40:32,91594,ptm_cycle_3,17805920,43759268,7640252
03:40:33,91594,ptm_cycle_3,17805920,43759268,7640252
03:40:34,91594,ptm_cycle_3,17805920,43759268,7640252
03:40:35,91594,ptm_cycle_3,17805920,43759268,7640252
03:40:36,91594,ptm_cycle_3,17805924,43759268,7640248
03:40:37,91594,ptm_cycle_3,17805924,43759268,7640248
03:40:38,91594,ptm_cycle_3,17805928,43759268,7640244
03:40:39,91594,ptm_cycle_3,17805928,43759268,7640244
03:40:40,91594,ptm_cycle_3,17805928,43759268,7640244
03:40:41,91594,ptm_cycle_3,17805932,43759268,7640240
03:40:42,91594,ptm_cycle_3,17807192,43759268,7638980
03:40:43,91594,ptm_cycle_3,17807196,43759268,7638976
03:40:44,91594,ptm_cycle_3,17807196,43759268,7638976
03:40:45,91594,ptm_cycle_3,17807196,43759268,7638976
03:40:46,91594,ptm_cycle_3,17807196,43759268,7638976
03:40:47,91594,ptm_cycle_3,17807196,43759268,7638976
03:40:48,91594,ptm_cycle_3,17807196,43759268,7638976
03:40:49,91594,ptm_cycle_3,17807196,43759268,7638976
03:40:50,91594,ptm_cycle_3,17807200,43759268,7638972
03:40:51,91594,ptm_cycle_3,17807200,43759268,7638972
03:40:52,91594,ptm_cycle_3,17807200,43759268,7638972
03:40:53,91594,ptm_cycle_3,17807200,43759268,7638972
03:40:54,91594,ptm_cycle_3,17807200,43759268,7638972
03:40:55,91594,ptm_cycle_3,17807200,43759268,7638972
03:40:56,91594,ptm_cycle_3,17807200,43759268,7638972
03:40:57,91594,ptm_cycle_3,17807204,43759268,7638968
03:40:58,91594,ptm_cycle_3,17807208,43759268,7638964
03:40:59,91594,ptm_cycle_3,17807208,43759268,7638964
03:41:00,91594,ptm_cycle_3,17807208,43759268,7638964
03:41:01,91594,ptm_cycle_3,17807208,43759268,7638964
03:41:02,91594,ptm_cycle_3,17807208,43759268,7638964
03:41:03,91594,ptm_cycle_3,17807212,43759268,7638960
03:41:04,91594,ptm_cycle_3,17807212,43759268,7638960
03:41:05,91594,ptm_cycle_3,17807212,43759268,7638960
03:41:06,91594,ptm_cycle_3,17807212,43759268,7638960
03:41:07,91594,ptm_cycle_3,17807224,43759268,7638948
03:41:08,91594,ptm_cycle_3,17807244,43759268,7638928
03:41:09,91594,ptm_cycle_3,17807244,43759268,7638928
03:41:10,91594,ptm_cycle_3,17807244,43759268,7638928
03:41:11,91594,ptm_cycle_3,17807244,43759268,7638928
03:41:12,91594,ptm_cycle_3,17807244,43759268,7638928
03:41:13,91594,ptm_cycle_3,17807244,43759268,7638928
03:41:14,91594,ptm_cycle_3,17807244,43759268,7638928
03:41:15,91594,ptm_cycle_3,17807248,43759268,7638924
03:41:16,91594,ptm_cycle_3,17807280,43759268,7638892
03:41:17,91594,ptm_cycle_3,17807280,43759268,7638892
03:41:18,91594,ptm_cycle_3,17807280,43759268,7638892
03:41:19,91594,ptm_cycle_3,17807280,43759268,7638892
03:41:20,91594,ptm_cycle_3,17807280,43759268,7638892
03:41:21,91594,ptm_cycle_3,17807284,43759268,7638888
03:41:22,91594,ptm_cycle_3,17807284,43759268,7638888
03:41:23,91594,ptm_cycle_3,17807284,43759268,7638888
03:41:24,91594,ptm_cycle_3,17807284,43759268,7638888
03:41:25,91594,ptm_cycle_3,17807284,43759268,7638888
03:41:26,91594,ptm_cycle_3,17807284,43759268,7638888
03:41:27,91594,ptm_cycle_3,17807284,43759268,7638888
03:41:28,91594,ptm_cycle_3,17807288,43759268,7638884
03:41:29,91594,ptm_cycle_3,17807288,43759268,7638884
03:41:30,91594,ptm_cycle_3,17807288,43759268,7638884
03:41:31,91594,ptm_cycle_3,17807288,43759268,7638884
03:41:32,91594,ptm_cycle_3,17807288,43759268,7638884
03:41:33,91594,ptm_cycle_3,17807292,43759268,7638880
03:41:34,91594,ptm_cycle_3,17807292,43759268,7638880
03:41:36,91594,ptm_cycle_3,17807796,43759268,7638376
03:41:37,91594,ptm_cycle_3,17807796,43759268,7638376
03:41:38,91594,ptm_cycle_3,17807796,43759268,7638376
03:41:39,91594,ptm_cycle_3,17807796,43759268,7638376
03:41:40,91594,ptm_cycle_3,17807796,43759268,7638376
03:41:41,91594,ptm_cycle_3,17807888,43759268,7638284
03:41:42,91594,ptm_cycle_3,17807920,43759268,7638252
03:41:43,91594,ptm_cycle_3,17807920,43759268,7638252
03:41:44,91594,ptm_cycle_3,17807920,43759268,7638252
03:41:45,91594,ptm_cycle_3,17807920,43759268,7638252
03:41:46,91594,ptm_cycle_3,17807920,43759268,7638252
03:41:47,91594,ptm_cycle_3,17807920,43759268,7638252
03:41:48,91594,ptm_cycle_3,17807924,43759268,7638248
03:41:49,91594,ptm_cycle_3,17809184,43759268,7636988
03:41:50,91594,ptm_cycle_3,17809184,43759268,7636988
03:41:51,91594,ptm_cycle_3,17810652,43759268,7635520
03:41:52,91594,ptm_cycle_3,17810656,43759268,7635516
03:41:53,91594,ptm_cycle_3,17810660,43759268,7635512
03:41:54,91594,ptm_cycle_3,17810664,43759268,7635508
03:41:55,91594,ptm_cycle_3,17810664,43759268,7635508
03:41:56,91594,ptm_cycle_3,17810664,43759268,7635508
03:41:57,91594,ptm_cycle_3,17810664,43759268,7635508
03:41:58,91594,ptm_cycle_3,17810664,43759268,7635508
03:41:59,91594,ptm_cycle_3,17810672,43759268,7635500
03:42:00,91594,ptm_cycle_3,17810672,43759268,7635500
03:42:01,91594,ptm_cycle_3,17810680,43759268,7635492
03:42:02,91594,ptm_cycle_3,17810680,43759268,7635492
03:42:03,91594,ptm_cycle_3,17810680,43759268,7635492
03:42:04,91594,ptm_cycle_3,17810680,43759268,7635492
03:42:05,91594,ptm_cycle_3,17810680,43759268,7635492
03:42:06,91594,ptm_cycle_3,17810684,43759268,7635488
03:42:07,91594,ptm_cycle_3,17810904,43759268,7635268
03:42:08,91594,ptm_cycle_3,17810904,43759268,7635268
03:42:09,91594,ptm_cycle_3,17810904,43759268,7635268
03:42:10,91594,ptm_cycle_3,17810904,43759268,7635268
03:42:11,91594,ptm_cycle_3,17810908,43759268,7635264
03:42:12,91594,ptm_cycle_3,17810908,43759268,7635264
03:42:13,91594,ptm_cycle_3,17810912,43759268,7635260
03:42:14,91594,ptm_cycle_3,17810912,43759268,7635260
03:42:15,91594,ptm_cycle_3,17810912,43759268,7635260
03:42:16,91594,ptm_cycle_3,17811324,43759268,7634848
03:42:17,91594,ptm_cycle_3,17811324,43759268,7634848
03:42:18,91594,ptm_cycle_3,17811324,43759268,7634848
03:42:19,91594,ptm_cycle_3,17811328,43759268,7634844
03:42:20,91594,ptm_cycle_3,17811328,43759268,7634844
03:42:21,91594,ptm_cycle_3,17811328,43759268,7634844
03:42:22,91594,ptm_cycle_3,17811332,43759268,7634840
03:42:23,91594,ptm_cycle_3,17811332,43759268,7634840
03:42:24,91594,ptm_cycle_3,17811336,43759268,7634836
03:42:25,91594,ptm_cycle_3,17811336,43759268,7634836
03:42:26,91594,ptm_cycle_3,17811336,43759268,7634836
03:42:27,91594,ptm_cycle_3,17811360,43759268,7634836
03:42:28,91594,ptm_cycle_3,17811336,43759268,7634836
03:42:29,91594,ptm_cycle_3,17811336,43759268,7634836
03:42:30,91594,ptm_cycle_3,17811336,43759268,7634836
03:42:31,91594,ptm_cycle_3,17811340,43759268,7634832
03:42:32,91594,ptm_cycle_3,17811340,43759268,7634832
03:42:33,91594,ptm_cycle_3,17811340,43759268,7634832
03:42:34,91594,ptm_cycle_3,17811340,43759268,7634832
03:42:35,91594,ptm_cycle_3,17811340,43759268,7634832
03:42:36,91594,ptm_cycle_3,17811340,43759268,7634832
03:42:37,91594,ptm_cycle_3,17811340,43759268,7634832
03:42:38,91594,ptm_cycle_3,17811344,43759268,7634828
03:42:39,91594,ptm_cycle_3,17811344,43759268,7634828
03:42:40,91594,ptm_cycle_3,17811344,43759268,7634828
03:42:41,91594,ptm_cycle_3,17811344,43759268,7634828
03:42:42,91594,ptm_cycle_3,17811344,43759268,7634828
03:42:43,91594,ptm_cycle_3,17811352,43759268,7634820
03:42:44,91594,ptm_cycle_3,17811352,43759268,7634820
03:42:45,91594,ptm_cycle_3,17811352,43759268,7634820
03:42:46,91594,ptm_cycle_3,17811388,43759268,7634784
03:42:47,91594,ptm_cycle_3,17811388,43759268,7634784
03:42:48,91594,ptm_cycle_3,17811392,43759268,7634780
03:42:49,91594,ptm_cycle_3,17811420,43759268,7634752
03:42:50,91594,ptm_cycle_3,17811420,43759268,7634752
03:42:51,91594,ptm_cycle_3,17811420,43759268,7634752
03:42:52,91594,ptm_cycle_3,17811420,43759268,7634752
03:42:53,91594,ptm_cycle_3,17811420,43759268,7634752
03:42:54,91594,ptm_cycle_3,17811424,43759268,7634748
03:42:55,91594,ptm_cycle_3,17811424,43759268,7634748
03:42:56,91594,ptm_cycle_3,17811428,43759268,7634744
03:42:57,91594,ptm_cycle_3,17811428,43759268,7634744
03:42:59,91594,ptm_cycle_3,17811428,43759268,7634744
03:43:00,91594,ptm_cycle_3,17811428,43759268,7634744
03:43:01,91594,ptm_cycle_3,17811428,43759268,7634744
03:43:02,91594,ptm_cycle_3,17811428,43759268,7634744
03:43:03,91594,ptm_cycle_3,17811428,43759268,7634744
03:43:04,91594,ptm_cycle_3,17811432,43759268,7634740
03:43:05,91594,ptm_cycle_3,17811456,43759268,7634740
03:43:06,91594,ptm_cycle_3,17811432,43759268,7634740
03:43:07,91594,ptm_cycle_3,17811436,43759268,7634736
03:43:08,91594,ptm_cycle_3,17811436,43759268,7634736
03:43:09,91594,ptm_cycle_3,17811444,43759268,7634728
03:43:10,91594,ptm_cycle_3,17811444,43759268,7634728
03:43:11,91594,ptm_cycle_3,17812452,43759268,7633720
03:43:12,91594,ptm_cycle_3,17812452,43759268,7633720
03:43:13,91594,ptm_cycle_3,17813460,43759268,7632712
03:43:14,91594,ptm_cycle_3,17813460,43759268,7632712
03:43:15,91594,ptm_cycle_3,17814468,43759268,7631704
03:43:16,91594,ptm_cycle_3,17815600,43759268,7630572
03:43:17,91594,ptm_cycle_3,17815600,43759268,7630572
03:43:18,91594,ptm_cycle_3,17816608,43759268,7629564
03:43:19,91594,ptm_cycle_3,17816608,43759268,7629564
03:43:20,91594,ptm_cycle_3,17817616,43759268,7628556
03:43:21,91594,ptm_cycle_3,17818628,43759268,7627544
03:43:22,91594,ptm_cycle_3,17818632,43759268,7627540
03:43:23,91594,ptm_cycle_3,17818632,43759268,7627540
03:43:24,91594,ptm_cycle_3,17818632,43759268,7627540
03:43:25,91594,ptm_cycle_3,17818632,43759268,7627540
03:43:26,91594,ptm_cycle_3,17818632,43759268,7627540
03:43:27,91594,ptm_cycle_3,17818632,43759268,7627540
03:43:28,91594,ptm_cycle_3,17818780,43759268,7627392
03:43:29,91594,ptm_cycle_3,17818784,43759268,7627388
03:43:30,91594,ptm_cycle_3,17818784,43759268,7627388
03:43:31,91594,ptm_cycle_3,17818784,43759268,7627388
03:43:32,91594,ptm_cycle_3,17818784,43759268,7627388
03:43:33,91594,ptm_cycle_3,17818784,43759268,7627388
03:43:34,91594,ptm_cycle_3,17818788,43759268,7627384
03:43:35,91594,ptm_cycle_3,17818788,43759268,7627384
03:43:36,91594,ptm_cycle_3,17818788,43759268,7627384
03:43:37,91594,ptm_cycle_3,17818812,43759268,7627384
03:43:38,91594,ptm_cycle_3,17818796,43759268,7627376
03:43:39,91594,ptm_cycle_3,17818796,43759268,7627376
03:43:40,91594,ptm_cycle_3,17818796,43759268,7627376
03:43:41,91594,ptm_cycle_3,17818800,43759268,7627372
03:43:42,91594,ptm_cycle_3,17818800,43759268,7627372
03:43:43,91594,ptm_cycle_3,17818800,43759268,7627372
03:43:44,91594,ptm_cycle_3,17818800,43759268,7627372
03:43:45,91594,ptm_cycle_3,17818800,43759268,7627372
03:43:46,91594,ptm_cycle_3,17818800,43759268,7627372
03:43:47,91594,ptm_cycle_3,17818800,43759268,7627372
03:43:48,91594,ptm_cycle_3,17818804,43759268,7627368
03:43:49,91594,ptm_cycle_3,17818804,43759268,7627368
03:43:50,91594,ptm_cycle_3,17818804,43759268,7627368
03:43:51,91594,ptm_cycle_3,17818804,43759268,7627368
03:43:52,91594,ptm_cycle_3,17818804,43759268,7627368
03:43:53,91594,ptm_cycle_3,17818804,43759268,7627368
03:43:54,91594,ptm_cycle_3,17818808,43759268,7627364
03:43:55,91594,ptm_cycle_3,17818808,43759268,7627364
03:43:56,91594,ptm_cycle_3,17818808,43759268,7627364
03:43:57,91594,ptm_cycle_3,17818808,43759268,7627364
03:43:58,91594,ptm_cycle_3,17818808,43759268,7627364
03:43:59,91594,ptm_cycle_3,17818808,43759268,7627364
03:44:00,91594,ptm_cycle_3,17818812,43759268,7627360
03:44:01,91594,ptm_cycle_3,17818812,43759268,7627360
03:44:02,91594,ptm_cycle_3,17818812,43759268,7627360
03:44:03,91594,ptm_cycle_3,17818812,43759268,7627360
03:44:04,91594,ptm_cycle_3,17818812,43759268,7627360
03:44:05,91594,ptm_cycle_3,17818812,43759268,7627360
03:44:06,91594,ptm_cycle_3,17818816,43759268,7627356
03:44:07,91594,ptm_cycle_3,17818816,43759268,7627356
03:44:08,91594,ptm_cycle_3,17818816,43759268,7627356
03:44:09,91594,ptm_cycle_3,17818840,43759268,7627356
03:44:10,91594,ptm_cycle_3,17818816,43759268,7627356
03:44:11,91594,ptm_cycle_3,17818816,43759268,7627356
03:44:12,91594,ptm_cycle_3,17818816,43759268,7627356
03:44:13,91594,ptm_cycle_3,17818820,43759268,7627352
03:44:14,91594,ptm_cycle_3,17818820,43759268,7627352
03:44:15,91594,ptm_cycle_3,17820944,43759268,7625228
03:44:16,91594,ptm_cycle_3,17820944,43759268,7625228
03:44:17,91594,ptm_cycle_3,17820944,43759268,7625228
03:44:18,91594,ptm_cycle_3,17820944,43759268,7625228
03:44:19,91594,ptm_cycle_3,17820944,43759268,7625228
03:44:20,91594,ptm_cycle_3,17820952,43759268,7625220
03:44:22,91594,ptm_cycle_3,17820952,43759268,7625220
03:44:23,91594,ptm_cycle_3,17820952,43759268,7625220
03:44:24,91594,ptm_cycle_3,17820952,43759268,7625220
03:44:25,91594,ptm_cycle_3,17820952,43759268,7625220
03:44:26,91594,ptm_cycle_3,17821012,43759268,7625160
03:44:27,91594,ptm_cycle_3,17821012,43759268,7625160
03:44:28,91594,ptm_cycle_3,17821012,43759268,7625160
03:44:29,91594,ptm_cycle_3,17821024,43759268,7625148
03:44:30,91594,ptm_cycle_3,17821024,43759268,7625148
03:44:31,91594,ptm_cycle_3,17821028,43759268,7625144
03:44:32,91594,ptm_cycle_3,17821028,43759268,7625144
03:44:33,91594,ptm_cycle_3,17821032,43759268,7625140
03:44:34,91594,ptm_cycle_3,17821032,43759268,7625140
03:44:35,91594,ptm_cycle_3,17821032,43759268,7625140
03:44:36,91594,ptm_cycle_3,17821032,43759268,7625140
03:44:37,91594,ptm_cycle_3,17821032,43759268,7625140
03:44:38,91594,ptm_cycle_3,17821032,43759268,7625140
03:44:39,91594,ptm_cycle_3,17821036,43759268,7625136
03:44:40,91594,ptm_cycle_3,17821036,43759268,7625136
03:44:41,91594,ptm_cycle_3,17821048,43759268,7625124
03:44:42,91594,ptm_cycle_3,17821048,43759268,7625124
03:44:43,91594,ptm_cycle_3,17821048,43759268,7625124
03:44:44,91594,ptm_cycle_3,17821052,43759268,7625120
03:44:45,91594,ptm_cycle_3,17822228,43759268,7623944
03:44:46,91594,ptm_cycle_3,17822228,43759268,7623944
03:44:47,91594,ptm_cycle_3,17822228,43759268,7623944
03:44:48,91594,ptm_cycle_3,17822232,43759268,7623940
03:44:49,91594,ptm_cycle_3,17822232,43759268,7623940
03:44:50,91594,ptm_cycle_3,17822232,43759268,7623940
03:44:51,91594,ptm_cycle_3,17822240,43759268,7623932
03:44:52,91594,ptm_cycle_3,17822240,43759268,7623932
03:44:53,91594,ptm_cycle_3,17822240,43759268,7623932
03:44:54,91594,ptm_cycle_3,17822264,43759268,7623932
03:44:55,91594,ptm_cycle_3,17822244,43759268,7623928
03:44:56,91594,ptm_cycle_3,17822244,43759268,7623928
03:44:57,91594,ptm_cycle_3,17822244,43759268,7623928
03:44:58,91594,ptm_cycle_3,17822248,43759268,7623924
03:44:59,91594,ptm_cycle_3,17822248,43759268,7623924
03:45:00,91594,ptm_cycle_3,17822252,43759268,7623920
03:45:01,91594,ptm_cycle_3,17822252,43759268,7623920
03:45:02,91594,ptm_cycle_3,17822252,43759268,7623920
03:45:03,91594,ptm_cycle_3,17822252,43759268,7623920
03:45:04,91594,ptm_cycle_3,17822252,43759268,7623920
03:45:05,91594,ptm_cycle_3,17822256,43759268,7623916
03:45:06,91594,ptm_cycle_3,17822256,43759268,7623916
03:45:07,91594,ptm_cycle_3,17822260,43759268,7623912
03:45:08,91594,ptm_cycle_3,17822260,43759268,7623912
03:45:09,91594,ptm_cycle_3,17822260,43759268,7623912
03:45:10,91594,ptm_cycle_3,17822288,43759268,7623884
03:45:11,91594,ptm_cycle_3,17822288,43759268,7623884
03:45:12,91594,ptm_cycle_3,17822288,43759268,7623884
03:45:13,91594,ptm_cycle_3,17822288,43759268,7623884
03:45:14,91594,ptm_cycle_3,17822292,43759268,7623880
03:45:15,91594,ptm_cycle_3,17822292,43759268,7623880
03:45:16,91594,ptm_cycle_3,17822316,43759268,7623880
03:45:17,91594,ptm_cycle_3,17822296,43759268,7623876
03:45:18,91594,ptm_cycle_3,17822296,43759268,7623876
03:45:19,91594,ptm_cycle_3,17822296,43759268,7623876
03:45:20,91594,ptm_cycle_3,17822300,43759268,7623872
03:45:21,91594,ptm_cycle_3,17822300,43759268,7623872
03:45:22,91594,ptm_cycle_3,17822300,43759268,7623872
03:45:23,91594,ptm_cycle_3,17822304,43759268,7623868
03:45:24,91594,ptm_cycle_3,17822304,43759268,7623868
03:45:25,91594,ptm_cycle_3,17822304,43759268,7623868
03:45:26,91594,ptm_cycle_3,17822308,43759268,7623864
03:45:27,91594,ptm_cycle_3,17822308,43759268,7623864
03:45:28,91594,ptm_cycle_3,17822308,43759268,7623864
03:45:29,91594,ptm_cycle_3,17822308,43759268,7623864
03:45:30,91594,ptm_cycle_3,17822312,43759268,7623860
03:45:31,91594,ptm_cycle_3,17822312,43759268,7623860
03:45:32,91594,ptm_cycle_3,17822316,43759268,7623856
03:45:33,91594,ptm_cycle_3,17822316,43759268,7623856
03:45:34,91594,ptm_cycle_3,17822344,43759268,7623828
03:45:35,91594,ptm_cycle_3,17822348,43759268,7623824
03:45:36,91594,ptm_cycle_3,17822348,43759268,7623824
03:45:37,91594,ptm_cycle_3,17822356,43759268,7623816
03:45:38,91594,ptm_cycle_3,17822356,43759268,7623816
03:45:39,91594,ptm_cycle_3,17822360,43759268,7623812
03:45:40,91594,ptm_cycle_3,17822360,43759268,7623812
03:45:41,91594,ptm_cycle_3,17822360,43759268,7623812
03:45:42,91594,ptm_cycle_3,17822364,43759268,7623808
03:45:43,91594,ptm_cycle_3,17822364,43759268,7623808
03:45:44,91594,ptm_cycle_3,17822364,43759268,7623808
03:45:46,91594,ptm_cycle_3,17822364,43759268,7623808
03:45:47,91594,ptm_cycle_3,17822368,43759268,7623804
03:45:48,91594,ptm_cycle_3,17822368,43759268,7623804
03:45:49,91594,ptm_cycle_3,17822368,43759268,7623804
03:45:50,91594,ptm_cycle_3,17822444,43759268,7623728
03:45:51,91594,ptm_cycle_3,17822444,43759268,7623728
03:45:52,91594,ptm_cycle_3,17822448,43759268,7623724
03:45:53,91594,ptm_cycle_3,17822448,43759268,7623724
03:45:54,91594,ptm_cycle_3,17822932,43759268,7623240
03:45:55,91594,ptm_cycle_3,17822936,43759268,7623236
03:45:56,91594,ptm_cycle_3,17822960,43759268,7623236
03:45:57,91594,ptm_cycle_3,17822940,43759268,7623232
03:45:58,91594,ptm_cycle_3,17822940,43759268,7623232
03:45:59,91594,ptm_cycle_3,17822940,43759268,7623232
03:46:00,91594,ptm_cycle_3,17822940,43759268,7623232
03:46:01,91594,ptm_cycle_3,17822940,43759268,7623232
03:46:02,91594,ptm_cycle_3,17822948,43759268,7623224
03:46:03,91594,ptm_cycle_3,17822948,43759268,7623224
03:46:04,91594,ptm_cycle_3,17822948,43759268,7623224
03:46:05,91594,ptm_cycle_3,17822948,43759268,7623224
03:46:06,91594,ptm_cycle_3,17822948,43759268,7623224
03:46:07,91594,ptm_cycle_3,17822948,43759268,7623224
03:46:08,91594,ptm_cycle_3,17822948,43759268,7623224
03:46:09,91594,ptm_cycle_3,17822956,43759268,7623216
03:46:10,91594,ptm_cycle_3,17822956,43759268,7623216
03:46:11,91594,ptm_cycle_3,17822956,43759268,7623216
03:46:12,91594,ptm_cycle_3,17822956,43759268,7623216
03:46:13,91594,ptm_cycle_3,17822956,43759268,7623216
03:46:14,91594,ptm_cycle_3,17822960,43759268,7623212
03:46:15,91594,ptm_cycle_3,17822964,43759268,7623208
03:46:16,91594,ptm_cycle_3,17822964,43759268,7623208
03:46:17,91594,ptm_cycle_3,17822964,43759268,7623208
03:46:18,91594,ptm_cycle_3,17822964,43759268,7623208
03:46:19,91594,ptm_cycle_3,17822964,43759268,7623208
03:46:20,91594,ptm_cycle_3,17822964,43759268,7623208
03:46:21,91594,ptm_cycle_3,17822968,43759268,7623204
03:46:22,91594,ptm_cycle_3,17822972,43759268,7623200
03:46:23,91594,ptm_cycle_3,17822972,43759268,7623200
03:46:24,91594,ptm_cycle_3,17823200,43759268,7622972
03:46:25,91594,ptm_cycle_3,17823200,43759268,7622972
03:46:26,91594,ptm_cycle_3,17823200,43759268,7622972
03:46:27,91594,ptm_cycle_3,17823204,43759268,7622968
03:46:28,91594,ptm_cycle_3,17823208,43759268,7622964
03:46:29,91594,ptm_cycle_3,17823208,43759268,7622964
03:46:30,91594,ptm_cycle_3,17823232,43759268,7622964
03:46:31,91594,ptm_cycle_3,17823208,43759268,7622964
03:46:32,91594,ptm_cycle_3,17823208,43759268,7622964
03:46:33,91594,ptm_cycle_3,17823212,43759268,7622960
03:46:34,91594,ptm_cycle_3,17824644,43759268,7621528
03:46:35,91594,ptm_cycle_3,17824644,43759268,7621528
03:46:36,91594,ptm_cycle_3,17824644,43759268,7621528
03:46:37,91594,ptm_cycle_3,17824644,43759268,7621528
03:46:38,91594,ptm_cycle_3,17824644,43759268,7621528
03:46:39,91594,ptm_cycle_3,17824644,43759268,7621528
03:46:40,91594,ptm_cycle_3,17824648,43759268,7621524
03:46:41,91594,ptm_cycle_3,17824652,43759268,7621520
03:46:42,91594,ptm_cycle_3,17824652,43759268,7621520
03:46:43,91594,ptm_cycle_3,17824652,43759268,7621520
03:46:44,91594,ptm_cycle_3,17824652,43759268,7621520
03:46:45,91594,ptm_cycle_3,17824652,43759268,7621520
03:46:46,91594,ptm_cycle_3,17824748,43759268,7621424
03:46:47,91594,ptm_cycle_3,17824772,43759268,7621424
03:46:48,91594,ptm_cycle_3,17824752,43759268,7621420
03:46:49,91594,ptm_cycle_3,17824752,43759268,7621420
03:46:50,91594,ptm_cycle_3,17824752,43759268,7621420
03:46:51,91594,ptm_cycle_3,17824752,43759268,7621420
03:46:52,91594,ptm_cycle_3,17824752,43759268,7621420
03:46:53,91594,ptm_cycle_3,17824760,43759268,7621412
03:46:54,91594,ptm_cycle_3,17824760,43759268,7621412
03:46:55,91594,ptm_cycle_3,17824760,43759268,7621412
03:46:56,91594,ptm_cycle_3,17824760,43759268,7621412
03:46:57,91594,ptm_cycle_3,17824760,43759268,7621412
03:46:58,91594,ptm_cycle_3,17824764,43759268,7621408
03:46:59,91594,ptm_cycle_3,17824764,43759268,7621408
03:47:00,91594,ptm_cycle_3,17824768,43759268,7621404
03:47:01,91594,ptm_cycle_3,17824768,43759268,7621404
03:47:02,91594,ptm_cycle_3,17824768,43759268,7621404
03:47:03,91594,ptm_cycle_3,17824768,43759268,7621404
03:47:04,91594,ptm_cycle_3,17824792,43759268,7621404
03:47:05,91594,ptm_cycle_3,17824772,43759268,7621400
03:47:06,91594,ptm_cycle_3,17825144,43759268,7621028
03:47:07,91594,ptm_cycle_3,17825144,43759268,7621028
03:47:09,91594,ptm_cycle_3,17825144,43759268,7621028
03:47:10,91594,ptm_cycle_3,17825144,43759268,7621028
03:47:11,91594,ptm_cycle_3,17825144,43759268,7621028
03:47:12,91594,ptm_cycle_3,17825144,43759268,7621028
03:47:13,91594,ptm_cycle_3,17825152,43759268,7621020
03:47:14,91594,ptm_cycle_3,17825152,43759268,7621020
03:47:15,91594,ptm_cycle_3,17825152,43759268,7621020
03:47:16,91594,ptm_cycle_3,17825152,43759268,7621020
03:47:17,91594,ptm_cycle_3,17825152,43759268,7621020
03:47:18,91594,ptm_cycle_3,17825476,43759268,7620696
03:47:19,91594,ptm_cycle_3,17825484,43759268,7620688
03:47:20,91594,ptm_cycle_3,17825488,43759268,7620684
03:47:21,91594,ptm_cycle_3,17825488,43759268,7620684
03:47:22,91594,ptm_cycle_3,17825488,43759268,7620684
03:47:23,91594,ptm_cycle_3,17825488,43759268,7620684
03:47:24,91594,ptm_cycle_3,17825488,43759268,7620684
03:47:25,91594,ptm_cycle_3,17825492,43759268,7620680
03:47:26,91594,ptm_cycle_3,17825496,43759268,7620676
03:47:27,91594,ptm_cycle_3,17825496,43759268,7620676
03:47:28,91594,ptm_cycle_3,17827892,43759268,7618280
03:47:29,91594,ptm_cycle_3,17827892,43759268,7618280
03:47:30,91594,ptm_cycle_3,17827892,43759268,7618280
03:47:31,91594,ptm_cycle_3,17827892,43759268,7618280
03:47:32,91594,ptm_cycle_3,17827896,43759268,7618276
03:47:33,91594,ptm_cycle_3,17827900,43759268,7618272
03:47:34,91594,ptm_cycle_3,17828224,43759268,7617948
03:47:35,91594,ptm_cycle_3,17828228,43759268,7617944
03:47:36,91594,ptm_cycle_3,17828228,43759268,7617944
03:47:37,91594,ptm_cycle_3,17828232,43759268,7617940
03:47:38,91594,ptm_cycle_3,17828236,43759268,7617936
03:47:39,91594,ptm_cycle_3,17829252,43759268,7616920
03:47:40,91594,ptm_cycle_3,17829260,43759268,7616912
03:47:41,91594,ptm_cycle_3,17831276,43759268,7614896
03:47:42,91594,ptm_cycle_3,17831280,43759268,7614892
03:47:43,91594,ptm_cycle_3,17833296,43759268,7612876
03:47:44,91594,ptm_cycle_3,17833296,43759268,7612876
03:47:45,91594,ptm_cycle_3,17833304,43759268,7612868
03:47:46,91594,ptm_cycle_3,17833304,43759268,7612868
03:47:47,91594,ptm_cycle_3,17834312,43759268,7611860
03:47:48,91594,ptm_cycle_3,17834312,43759268,7611860
03:47:49,91594,ptm_cycle_3,17834312,43759268,7611860
03:47:50,91594,ptm_cycle_3,17835320,43759268,7610852
03:47:51,91594,ptm_cycle_3,17835324,43759268,7610848
03:47:52,91594,ptm_cycle_3,17835328,43759268,7610844
03:47:53,91594,ptm_cycle_3,17835328,43759268,7610844
03:47:54,91594,ptm_cycle_3,17837512,43759268,7608660
03:47:55,91594,ptm_cycle_3,17838188,43759268,7607984
03:47:56,91594,ptm_cycle_3,17838188,43759268,7607984
03:47:57,91594,ptm_cycle_3,17838192,43759268,7607980
03:47:58,91594,ptm_cycle_3,17838192,43759268,7607980
03:47:59,91594,ptm_cycle_3,17838196,43759268,7607976
03:48:00,91594,ptm_cycle_3,17838196,43759268,7607976
03:48:01,91594,ptm_cycle_3,17838196,43759268,7607976
03:48:02,91594,ptm_cycle_3,17838200,43759268,7607976
03:48:03,91594,ptm_cycle_3,17838200,43759268,7607976
03:48:04,91594,ptm_cycle_3,17838284,43759268,7607892
03:48:05,91594,ptm_cycle_3,17838284,43759268,7607892
03:48:06,91594,ptm_cycle_3,17838284,43759268,7607892
03:48:07,91594,ptm_cycle_3,17838284,43759268,7607892
03:48:08,91594,ptm_cycle_3,17838284,43759268,7607892
03:48:09,91594,ptm_cycle_3,17838396,43759268,7607780
03:48:10,91594,ptm_cycle_3,17838396,43759268,7607780
03:48:11,91594,ptm_cycle_3,17839796,43759268,7606380
03:48:12,91594,ptm_cycle_3,17839804,43759268,7606372
03:48:13,91594,ptm_cycle_3,17839804,43759268,7606372
03:48:14,91594,ptm_cycle_3,17839804,43759268,7606372
03:48:15,91594,ptm_cycle_3,17839804,43759268,7606372
03:48:16,91594,ptm_cycle_3,17839808,43759268,7606368
03:48:17,91594,ptm_cycle_3,17839808,43759268,7606368
03:48:18,91594,ptm_cycle_3,17839812,43759268,7606364
03:48:19,91594,ptm_cycle_3,17839812,43759268,7606364
03:48:20,91594,ptm_cycle_3,17839812,43759268,7606364
03:48:21,91594,ptm_cycle_3,17839812,43759268,7606364
03:48:22,91594,ptm_cycle_3,17839812,43759268,7606364
03:48:23,91594,ptm_cycle_3,17839816,43759268,7606360
03:48:24,91594,ptm_cycle_3,17839820,43759268,7606356
03:48:25,91594,ptm_cycle_3,17839820,43759268,7606356
03:48:26,91594,ptm_cycle_3,17839820,43759268,7606356
03:48:27,91594,ptm_cycle_3,17839820,43759268,7606356
03:48:28,91594,ptm_cycle_3,17839820,43759268,7606356
03:48:29,91594,ptm_cycle_3,17839824,43759268,7606356
03:48:30,91594,ptm_cycle_3,17839832,43759268,7606348
03:48:32,91594,ptm_cycle_3,17839832,43759268,7606348
03:48:33,91594,ptm_cycle_3,17839832,43759268,7606348
03:48:34,91594,ptm_cycle_3,17839832,43759268,7606348
03:48:35,91594,ptm_cycle_3,17839832,43759268,7606348
03:48:36,91594,ptm_cycle_3,17839836,43759268,7606344
03:48:37,91594,ptm_cycle_3,17839840,43759268,7606340
03:48:38,91594,ptm_cycle_3,17839840,43759268,7606340
03:48:39,91594,ptm_cycle_3,17839840,43759268,7606340
03:48:40,91594,ptm_cycle_3,17839840,43759268,7606340
03:48:41,91594,ptm_cycle_3,17839840,43759268,7606340
03:48:42,91594,ptm_cycle_3,17839840,43759268,7606340
03:48:43,91594,ptm_cycle_3,17839844,43759268,7606336
03:48:44,91594,ptm_cycle_3,17839844,43759268,7606336
03:48:45,91594,ptm_cycle_3,17839848,43759268,7606332
03:48:46,91594,ptm_cycle_3,17839848,43759268,7606332
03:48:47,91594,ptm_cycle_3,17839848,43759268,7606332
03:48:48,91594,ptm_cycle_3,17839848,43759268,7606332
03:48:49,91594,ptm_cycle_3,17839848,43759268,7606332
03:48:50,91594,ptm_cycle_3,17840172,43759268,7606008
03:48:51,91594,ptm_cycle_3,17840172,43759268,7606008
03:48:52,91594,ptm_cycle_3,17840176,43759268,7606004
03:48:53,91594,ptm_cycle_3,17840176,43759268,7606004
03:48:54,91594,ptm_cycle_3,17840176,43759268,7606004
03:48:55,91594,ptm_cycle_3,17840176,43759268,7606004
03:48:56,91594,ptm_cycle_3,17840176,43759268,7606004
03:48:57,91594,ptm_cycle_3,17840188,43759268,7605996
03:48:58,91594,ptm_cycle_3,17840188,43759268,7605996
03:48:59,91594,ptm_cycle_3,17840188,43759268,7605996
03:49:00,91594,ptm_cycle_3,17840188,43759268,7605996
03:49:01,91594,ptm_cycle_3,17840188,43759268,7605996
03:49:02,91594,ptm_cycle_3,17840192,43759268,7605992
03:49:03,91594,ptm_cycle_3,17840216,43759268,7605992
03:49:04,91594,ptm_cycle_3,17840196,43759268,7605988
03:49:05,91594,ptm_cycle_3,17840200,43759268,7605984
03:49:06,91594,ptm_cycle_3,17840200,43759268,7605984
03:49:07,91594,ptm_cycle_3,17840200,43759268,7605984
03:49:08,91594,ptm_cycle_3,17840200,43759268,7605984
03:49:09,91594,ptm_cycle_3,17840204,43759268,7605980
03:49:10,91594,ptm_cycle_3,17840204,43759268,7605980
03:49:11,91594,ptm_cycle_3,17840208,43759268,7605976
03:49:12,91594,ptm_cycle_3,17840208,43759268,7605976
03:49:13,91594,ptm_cycle_3,17840208,43759268,7605976
03:49:14,91594,ptm_cycle_3,17840208,43759268,7605976
03:49:15,91594,ptm_cycle_3,17840208,43759268,7605976
03:49:16,91594,ptm_cycle_3,17840220,43759268,7605964
03:49:17,91594,ptm_cycle_3,17840220,43759268,7605964
03:49:18,91594,ptm_cycle_3,17840220,43759268,7605964
03:49:19,91594,ptm_cycle_3,17840220,43759268,7605964
03:49:20,91594,ptm_cycle_3,17840220,43759268,7605964
03:49:21,91594,ptm_cycle_3,17840220,43759268,7605964
03:49:22,91594,ptm_cycle_3,17840220,43759268,7605964
03:49:23,91594,ptm_cycle_3,17840228,43759268,7605956
03:49:24,91594,ptm_cycle_3,17840228,43759268,7605956
03:49:25,91594,ptm_cycle_3,17840228,43759268,7605956
03:49:26,91594,ptm_cycle_3,17840228,43759268,7605956
03:49:27,91594,ptm_cycle_3,17840228,43759268,7605956
03:49:28,91594,ptm_cycle_3,17840232,43759268,7605952
03:49:29,91594,ptm_cycle_3,17841240,43759268,7604944
03:49:30,91594,ptm_cycle_3,17841244,43759268,7604940
03:49:31,91594,ptm_cycle_3,17841244,43759268,7604940
03:49:32,91594,ptm_cycle_3,17841244,43759268,7604940
03:49:33,91594,ptm_cycle_3,17842412,43759268,7603772
03:49:34,91594,ptm_cycle_3,17842412,43759268,7603772
03:49:35,91594,ptm_cycle_3,17842416,43759268,7603768
03:49:36,91594,ptm_cycle_3,17842420,43759268,7603764
03:49:37,91594,ptm_cycle_3,17842420,43759268,7603764
03:49:38,91594,ptm_cycle_3,17842744,43759268,7603564
03:49:39,91594,ptm_cycle_3,17842744,43759268,7603564
03:49:40,91594,ptm_cycle_3,17844044,43759268,7602264
03:49:41,91594,ptm_cycle_3,17844044,43759268,7602264
03:49:42,91594,ptm_cycle_3,17844052,43759268,7602256
03:49:43,91594,ptm_cycle_3,17844052,43759268,7602256
03:49:44,91594,ptm_cycle_3,17844052,43759268,7602256
03:49:45,91594,ptm_cycle_3,17844056,43759268,7602252
03:49:46,91594,ptm_cycle_3,17844056,43759268,7602252
03:49:47,91594,ptm_cycle_3,17844056,43759268,7602252
03:49:48,91594,ptm_cycle_3,17844060,43759268,7602248
03:49:49,91594,ptm_cycle_3,17844060,43759268,7602248
03:49:50,91594,ptm_cycle_3,17844060,43759268,7602248
03:49:51,91594,ptm_cycle_3,17844060,43759268,7602248
03:49:52,91594,ptm_cycle_3,17844064,43759268,7602244
03:49:53,91594,ptm_cycle_3,17844088,43759268,7602244
03:49:55,91594,ptm_cycle_3,17844064,43759268,7602244
03:49:56,91594,ptm_cycle_3,17844068,43759268,7602240
03:49:57,91594,ptm_cycle_3,17844068,43759268,7602240
03:49:58,91594,ptm_cycle_3,17844068,43759268,7602240
03:49:59,91594,ptm_cycle_3,17844068,43759268,7602240
03:50:00,91594,ptm_cycle_3,17844076,43759268,7602232
03:50:01,91594,ptm_cycle_3,17844076,43759268,7602232
03:50:02,91594,ptm_cycle_3,17844076,43759268,7602232
03:50:03,91594,ptm_cycle_3,17844084,43759268,7602224
03:50:04,91594,ptm_cycle_3,17844084,43759268,7602224
03:50:05,91594,ptm_cycle_3,17844084,43759268,7602224
03:50:06,91594,ptm_cycle_3,17844084,43759268,7602224
03:50:07,91594,ptm_cycle_3,17844084,43759268,7602224
03:50:08,91594,ptm_cycle_3,17844088,43759268,7602220
03:50:09,91594,ptm_cycle_3,17844088,43759268,7602220
03:50:10,91594,ptm_cycle_3,17844088,43759268,7602220
03:50:11,91594,ptm_cycle_3,17844088,43759268,7602220
03:50:12,91594,ptm_cycle_3,17844088,43759268,7602220
03:50:13,91594,ptm_cycle_3,17844112,43759268,7602220
03:50:14,91594,ptm_cycle_3,17844088,43759268,7602220
03:50:15,91594,ptm_cycle_3,17844092,43759268,7602216
03:50:16,91594,ptm_cycle_3,17844092,43759268,7602216
03:50:17,91594,ptm_cycle_3,17844092,43759268,7602216
03:50:18,91594,ptm_cycle_3,17844092,43759268,7602216
03:50:19,91594,ptm_cycle_3,17844232,43759268,7602076
03:50:20,91594,ptm_cycle_3,17844232,43759268,7602076
03:50:21,91594,ptm_cycle_3,17844232,43759268,7602076
03:50:22,91594,ptm_cycle_3,17844236,43759268,7602072
03:50:23,91594,ptm_cycle_3,17844240,43759268,7602068
03:50:24,91594,ptm_cycle_3,17844244,43759268,7602064
03:50:25,91594,ptm_cycle_3,17844244,43759268,7602064
03:50:26,91594,ptm_cycle_3,17844244,43759268,7602064
03:50:27,91594,ptm_cycle_3,17844244,43759268,7602064
03:50:28,91594,ptm_cycle_3,17844244,43759268,7602064
03:50:29,91594,ptm_cycle_3,17844248,43759268,7602060
03:50:30,91594,ptm_cycle_3,17844248,43759268,7602060
03:50:31,91594,ptm_cycle_3,17844248,43759268,7602060
03:50:32,91594,ptm_cycle_3,17844248,43759268,7602060
03:50:33,91594,ptm_cycle_3,17844260,43759268,7602048
03:50:34,91594,ptm_cycle_3,17844264,43759268,7602044
03:50:35,91594,ptm_cycle_3,17844264,43759268,7602044
03:50:36,91594,ptm_cycle_3,17844264,43759268,7602044
03:50:37,91594,ptm_cycle_3,17844264,43759268,7602044
03:50:38,91594,ptm_cycle_3,17844268,43759268,7602040
03:50:39,91594,ptm_cycle_3,17844268,43759268,7602040
03:50:40,91594,ptm_cycle_3,17844268,43759268,7602040
03:50:41,91594,ptm_cycle_3,17844276,43759268,7602032
03:50:42,91594,ptm_cycle_3,17844276,43759268,7602032
03:50:43,91594,ptm_cycle_3,17844412,43759268,7601896
03:50:44,91594,ptm_cycle_3,17844412,43759268,7601896
03:50:45,91594,ptm_cycle_3,17844412,43759268,7601896
03:50:46,91594,ptm_cycle_3,17844416,43759268,7601892
03:50:47,91594,ptm_cycle_3,17844416,43759268,7601892
03:50:48,91594,ptm_cycle_3,17844420,43759268,7601888
03:50:49,91594,ptm_cycle_3,17844608,43759268,7601700
03:50:50,91594,ptm_cycle_3,17844740,43759268,7601568
03:50:51,91594,ptm_cycle_3,17844792,43759268,7601516
03:50:52,91594,ptm_cycle_3,17844940,43759268,7601368
03:50:53,91594,ptm_cycle_3,17844984,43759268,7601324
03:50:54,91594,ptm_cycle_3,17844984,43759268,7601324
03:50:55,91594,ptm_cycle_3,17844988,43759268,7601320
03:50:56,91594,ptm_cycle_3,17844988,43759268,7601320
03:50:57,91594,ptm_cycle_3,17844988,43759268,7601320
03:50:58,91594,ptm_cycle_3,17845012,43759268,7601320
03:50:59,91594,ptm_cycle_3,17844988,43759268,7601320
03:51:00,91594,ptm_cycle_3,17844992,43759268,7601316
03:51:01,91594,ptm_cycle_3,17844992,43759268,7601316
03:51:02,91594,ptm_cycle_3,17844992,43759268,7601316
03:51:03,91594,ptm_cycle_3,17844992,43759268,7601316
03:51:04,91594,ptm_cycle_3,17844992,43759268,7601316
03:51:05,91594,ptm_cycle_3,17844996,43759268,7601312
03:51:06,91594,ptm_cycle_3,17844996,43759268,7601312
03:51:07,91594,ptm_cycle_3,17845000,43759268,7601308
03:51:08,91594,ptm_cycle_3,17845000,43759268,7601308
03:51:09,91594,ptm_cycle_3,17845040,43759268,7601268
03:51:10,91594,ptm_cycle_3,17845040,43759268,7601268
03:51:11,91594,ptm_cycle_3,17845040,43759268,7601268
03:51:12,91594,ptm_cycle_3,17845040,43759268,7601268
03:51:13,91594,ptm_cycle_3,17845040,43759268,7601268
03:51:14,91594,ptm_cycle_3,17845044,43759268,7601264
03:51:15,91594,ptm_cycle_3,17845044,43759268,7601264
03:51:16,91594,ptm_cycle_3,17845044,43759268,7601264
03:51:18,91594,ptm_cycle_3,17845044,43759268,7601264
03:51:19,91594,ptm_cycle_3,17845044,43759268,7601264
03:51:20,91594,ptm_cycle_3,17845048,43759268,7601260
03:51:21,91594,ptm_cycle_3,17845048,43759268,7601260
03:51:22,91594,ptm_cycle_3,17845048,43759268,7601260
03:51:23,91594,ptm_cycle_3,17845048,43759268,7601260
03:51:24,91594,ptm_cycle_3,17845048,43759268,7601260
03:51:25,91594,ptm_cycle_3,17845048,43759268,7601260
03:51:26,91594,ptm_cycle_3,17845048,43759268,7601260
03:51:27,91594,ptm_cycle_3,17845052,43759268,7601256
03:51:28,91594,ptm_cycle_3,17845052,43759268,7601256
03:51:29,91594,ptm_cycle_3,17845068,43759268,7601240
03:51:30,91594,ptm_cycle_3,17845068,43759268,7601240
03:51:31,91594,ptm_cycle_3,17845068,43759268,7601240
03:51:32,91594,ptm_cycle_3,17845092,43759268,7601240
03:51:33,91594,ptm_cycle_3,17845068,43759268,7601240
03:51:34,91594,ptm_cycle_3,17845112,43759268,7601196
03:51:35,91594,ptm_cycle_3,17845112,43759268,7601196
03:51:36,91594,ptm_cycle_3,17845112,43759268,7601196
03:51:37,91594,ptm_cycle_3,17845112,43759268,7601196
03:51:38,91594,ptm_cycle_3,17845112,43759268,7601196
03:51:39,91594,ptm_cycle_3,17845112,43759268,7601196
03:51:40,91594,ptm_cycle_3,17845112,43759268,7601196
03:51:41,91594,ptm_cycle_3,17845124,43759268,7601184
03:51:42,91594,ptm_cycle_3,17845124,43759268,7601184
03:51:43,91594,ptm_cycle_3,17845124,43759268,7601184
03:51:44,91594,ptm_cycle_3,17845124,43759268,7601184
03:51:45,91594,ptm_cycle_3,17845124,43759268,7601184
03:51:46,91594,ptm_cycle_3,17845124,43759268,7601184
03:51:47,91594,ptm_cycle_3,17845128,43759268,7601180
03:51:48,91594,ptm_cycle_3,17845128,43759268,7601180
03:51:49,91594,ptm_cycle_3,17845128,43759268,7601180
03:51:50,91594,ptm_cycle_3,17845132,43759268,7601176
03:51:51,91594,ptm_cycle_3,17845132,43759268,7601176
03:51:52,91594,ptm_cycle_3,17845132,43759268,7601176
03:51:53,91594,ptm_cycle_3,17845148,43759268,7601160
03:51:54,91594,ptm_cycle_3,17845152,43759268,7601156
03:51:55,91594,ptm_cycle_3,17845152,43759268,7601156
03:51:56,91594,ptm_cycle_3,17845152,43759268,7601156
03:51:57,91594,ptm_cycle_3,17845156,43759268,7601152
03:51:58,91594,ptm_cycle_3,17845156,43759268,7601152
03:51:59,91594,ptm_cycle_3,17845156,43759268,7601152
03:52:00,91594,ptm_cycle_3,17845160,43759268,7601148
03:52:01,91594,ptm_cycle_3,17845164,43759268,7601144
03:52:02,91594,ptm_cycle_3,17845164,43759268,7601144
03:52:03,91594,ptm_cycle_3,17845164,43759268,7601144
03:52:04,91594,ptm_cycle_3,17845168,43759268,7601140
03:52:05,91594,ptm_cycle_3,17845168,43759268,7601140
03:52:06,91594,ptm_cycle_3,17845168,43759268,7601140
03:52:07,91594,ptm_cycle_3,17845184,43759268,7601124
03:52:08,91594,ptm_cycle_3,17845188,43759268,7601120
03:52:09,91594,ptm_cycle_3,17845192,43759268,7601116
03:52:10,91594,ptm_cycle_3,17845192,43759268,7601116
03:52:11,91594,ptm_cycle_3,17845192,43759268,7601116
03:52:12,91594,ptm_cycle_3,17845192,43759268,7601116
03:52:13,91594,ptm_cycle_3,17845204,43759268,7601104
03:52:14,91594,ptm_cycle_3,17845204,43759268,7601104
03:52:15,91594,ptm_cycle_3,17845204,43759268,7601104
03:52:16,91594,ptm_cycle_3,17845204,43759268,7601104
03:52:17,91594,ptm_cycle_3,17845204,43759268,7601104
03:52:18,91594,ptm_cycle_3,17845208,43759268,7601100
03:52:19,91594,ptm_cycle_3,17845208,43759268,7601100
03:52:20,91594,ptm_cycle_3,17845220,43759268,7601088
03:52:21,91594,ptm_cycle_3,17845220,43759268,7601088
03:52:22,91594,ptm_cycle_3,17845220,43759268,7601088
03:52:23,91594,ptm_cycle_3,17845224,43759268,7601084
03:52:24,91594,ptm_cycle_3,17845224,43759268,7601084
03:52:25,91594,ptm_cycle_3,17845224,43759268,7601084
03:52:26,91594,ptm_cycle_3,17845224,43759268,7601084
03:52:27,91594,ptm_cycle_3,17845236,43759268,7601072
03:52:28,91594,ptm_cycle_3,17845240,43759268,7601068
03:52:29,91594,ptm_cycle_3,17845240,43759268,7601068
03:52:30,91594,ptm_cycle_3,17845240,43759268,7601068
03:52:31,91594,ptm_cycle_3,17845240,43759268,7601068
03:52:32,91594,ptm_cycle_3,17845244,43759268,7601064
03:52:33,91594,ptm_cycle_3,17845244,43759268,7601064
03:52:34,91594,ptm_cycle_3,17845256,43759268,7601052
03:52:35,91594,ptm_cycle_3,17845256,43759268,7601052
03:52:36,91594,ptm_cycle_3,17845256,43759268,7601052
03:52:37,91594,ptm_cycle_3,17845256,43759268,7601052
03:52:38,91594,ptm_cycle_3,17845256,43759268,7601052
03:52:39,91594,ptm_cycle_3,17845268,43759268,7601040
03:52:40,91594,ptm_cycle_3,17845268,43759268,7601040
03:52:42,91594,ptm_cycle_3,17845268,43759268,7601040
03:52:43,91594,ptm_cycle_3,17845268,43759268,7601040
03:52:44,91594,ptm_cycle_3,17845268,43759268,7601040
03:52:45,91594,ptm_cycle_3,17845268,43759268,7601040
03:52:46,91594,ptm_cycle_3,17845268,43759268,7601040
03:52:47,91594,ptm_cycle_3,17845272,43759268,7601036
03:52:48,91594,ptm_cycle_3,17845272,43759268,7601036
03:52:49,91594,ptm_cycle_3,17845276,43759268,7601032
03:52:50,91594,ptm_cycle_3,17845276,43759268,7601032
03:52:51,91594,ptm_cycle_3,17845280,43759268,7601028
03:52:52,91594,ptm_cycle_3,17845280,43759268,7601028
03:52:53,91594,ptm_cycle_3,17845280,43759268,7601028
03:52:54,91594,ptm_cycle_3,17845288,43759268,7601020
03:52:55,91594,ptm_cycle_3,17845288,43759268,7601020
03:52:56,91594,ptm_cycle_3,17845288,43759268,7601020
03:52:57,91594,ptm_cycle_3,17845288,43759268,7601020
03:52:58,91594,ptm_cycle_3,17845288,43759268,7601020
03:52:59,91594,ptm_cycle_3,17845292,43759268,7601016
03:53:00,91594,ptm_cycle_3,17845292,43759268,7601016
03:53:01,91594,ptm_cycle_3,17845296,43759268,7601012
03:53:02,91594,ptm_cycle_3,17845296,43759268,7601012
03:53:03,91594,ptm_cycle_3,17845296,43759268,7601012
03:53:04,91594,ptm_cycle_3,17845296,43759268,7601012
03:53:05,91594,ptm_cycle_3,17845296,43759268,7601012
03:53:06,91594,ptm_cycle_3,17845300,43759268,7601008
03:53:07,91594,ptm_cycle_3,17845300,43759268,7601008
03:53:08,91594,ptm_cycle_3,17845300,43759268,7601008
03:53:09,91594,ptm_cycle_3,17845300,43759268,7601008
03:53:10,91594,ptm_cycle_3,17845300,43759268,7601008
03:53:11,91594,ptm_cycle_3,17845304,43759268,7601004
03:53:12,91594,ptm_cycle_3,17845304,43759268,7601004
03:53:13,91594,ptm_cycle_3,17845440,43759268,7600868
03:53:14,91594,ptm_cycle_3,17845440,43759268,7600868
03:53:15,91594,ptm_cycle_3,17845444,43759268,7600864
03:53:16,91594,ptm_cycle_3,17845444,43759268,7600864
03:53:17,91594,ptm_cycle_3,17845444,43759268,7600864
03:53:18,91594,ptm_cycle_3,17845500,43759268,7600808
03:53:19,91594,ptm_cycle_3,17845500,43759268,7600808
03:53:20,91594,ptm_cycle_3,17845504,43759268,7600804
03:53:21,91594,ptm_cycle_3,17845504,43759268,7600804
03:53:22,91594,ptm_cycle_3,17845508,43759268,7600800
03:53:23,91594,ptm_cycle_3,17845508,43759268,7600800
03:53:24,91594,ptm_cycle_3,17845508,43759268,7600800
03:53:25,91594,ptm_cycle_3,17845508,43759268,7600800
03:53:26,91594,ptm_cycle_3,17845512,43759268,7600796
03:53:27,91594,ptm_cycle_3,17845512,43759268,7600796
03:53:28,91594,ptm_cycle_3,17845512,43759268,7600796
03:53:29,91594,ptm_cycle_3,17845512,43759268,7600796
03:53:30,91594,ptm_cycle_3,17845512,43759268,7600796
03:53:31,91594,ptm_cycle_3,17845516,43759268,7600792
03:53:32,91594,ptm_cycle_3,17845516,43759268,7600792
03:53:33,91594,ptm_cycle_3,17845520,43759268,7600788
03:53:34,91594,ptm_cycle_3,17845520,43759268,7600788
03:53:35,91594,ptm_cycle_3,17845520,43759268,7600788
03:53:36,91594,ptm_cycle_3,17845520,43759268,7600788
03:53:37,91594,ptm_cycle_3,17845520,43759268,7600788
03:53:38,91594,ptm_cycle_3,17845524,43759268,7600784
03:53:39,91594,ptm_cycle_3,17845524,43759268,7600784
03:53:40,91594,ptm_cycle_3,17845528,43759268,7600780
03:53:41,91594,ptm_cycle_3,17845532,43759268,7600776
03:53:42,91594,ptm_cycle_3,17845532,43759268,7600776
03:53:43,91594,ptm_cycle_3,17845532,43759268,7600776
03:53:44,91594,ptm_cycle_3,17845532,43759268,7600776
03:53:45,91594,ptm_cycle_3,17845532,43759268,7600776
03:53:46,91594,ptm_cycle_3,17845532,43759268,7600776
03:53:47,91594,ptm_cycle_3,17845536,43759268,7600772
03:53:48,91594,ptm_cycle_3,17845536,43759268,7600772
03:53:49,91594,ptm_cycle_3,17845536,43759268,7600772
03:53:50,91594,ptm_cycle_3,17845536,43759268,7600772
03:53:51,91594,ptm_cycle_3,17845536,43759268,7600772
03:53:52,91594,ptm_cycle_3,17845544,43759268,7600764
03:53:53,91594,ptm_cycle_3,17845544,43759268,7600764
03:53:54,91594,ptm_cycle_3,17845544,43759268,7600764
03:53:55,91594,ptm_cycle_3,17845544,43759268,7600764
03:53:56,91594,ptm_cycle_3,17845544,43759268,7600764
03:53:57,91594,ptm_cycle_3,17845544,43759268,7600764
03:53:58,91594,ptm_cycle_3,17845544,43759268,7600764
03:53:59,91594,ptm_cycle_3,17845548,43759268,7600760
03:54:00,91594,ptm_cycle_3,17845552,43759268,7600756
03:54:01,91594,ptm_cycle_3,17845552,43759268,7600756
03:54:02,91594,ptm_cycle_3,17845552,43759268,7600756
03:54:03,91594,ptm_cycle_3,17845552,43759268,7600756
03:54:05,91594,ptm_cycle_3,17845688,43759268,7600620
03:54:06,91594,ptm_cycle_3,17845688,43759268,7600620
03:54:07,91594,ptm_cycle_3,17845692,43759268,7600616
03:54:08,91594,ptm_cycle_3,17845696,43759268,7600612
03:54:09,91594,ptm_cycle_3,17846312,43759268,7599996
03:54:10,91594,ptm_cycle_3,17846312,43759268,7599996
03:54:11,91594,ptm_cycle_3,17846312,43759268,7599996
03:54:12,91594,ptm_cycle_3,17846500,43759268,7599816
03:54:13,91594,ptm_cycle_3,17846500,43759268,7599816
03:54:14,91594,ptm_cycle_3,17846512,43759268,7599804
03:54:15,91594,ptm_cycle_3,17846536,43759268,7599804
03:54:16,91594,ptm_cycle_3,17846512,43759268,7599804
03:54:17,91594,ptm_cycle_3,17846512,43759268,7599804
03:54:18,91594,ptm_cycle_3,17846512,43759268,7599804
03:54:19,91594,ptm_cycle_3,17846520,43759268,7599796
03:54:20,91594,ptm_cycle_3,17846520,43759268,7599796
03:54:21,91594,ptm_cycle_3,17846520,43759268,7599796
03:54:22,91594,ptm_cycle_3,17846520,43759268,7599796
03:54:23,91594,ptm_cycle_3,17846520,43759268,7599796
03:54:24,91594,ptm_cycle_3,17846520,43759268,7599796
03:54:25,91594,ptm_cycle_3,17846520,43759268,7599796
03:54:26,91594,ptm_cycle_3,17846528,43759268,7599788
03:54:27,91594,ptm_cycle_3,17846528,43759268,7599788
03:54:28,91594,ptm_cycle_3,17846528,43759268,7599788
03:54:29,91594,ptm_cycle_3,17846528,43759268,7599788
03:54:30,91594,ptm_cycle_3,17846528,43759268,7599788
03:54:31,91594,ptm_cycle_3,17846528,43759268,7599788
03:54:32,91594,ptm_cycle_3,17846528,43759268,7599788
03:54:33,91594,ptm_cycle_3,17846536,43759268,7599780
03:54:34,91594,ptm_cycle_3,17846536,43759268,7599780
03:54:35,91594,ptm_cycle_3,17846536,43759268,7599780
03:54:36,91594,ptm_cycle_3,17846536,43759268,7599780
03:54:37,91594,ptm_cycle_3,17846536,43759268,7599780
03:54:38,91594,ptm_cycle_3,17846540,43759268,7599776
03:54:39,91594,ptm_cycle_3,17846544,43759268,7599772
03:54:40,91594,ptm_cycle_3,17847032,43759268,7599284
03:54:41,91594,ptm_cycle_3,17847032,43759268,7599284
03:54:42,91594,ptm_cycle_3,17847032,43759268,7599284
03:54:43,91594,ptm_cycle_3,17847032,43759268,7599284
03:54:44,91594,ptm_cycle_3,17847032,43759268,7599284
03:54:45,91594,ptm_cycle_3,17847032,43759268,7599284
03:54:46,91594,ptm_cycle_3,17847036,43759268,7599280
03:54:47,91594,ptm_cycle_3,17847040,43759268,7599276
03:54:48,91594,ptm_cycle_3,17847040,43759268,7599276
03:54:49,91594,ptm_cycle_3,17847040,43759268,7599276
03:54:50,91594,ptm_cycle_3,17847040,43759268,7599276
03:54:51,91594,ptm_cycle_3,17847040,43759268,7599276
03:54:52,91594,ptm_cycle_3,17847064,43759268,7599276
03:54:53,91594,ptm_cycle_3,17847044,43759268,7599272
03:54:54,91594,ptm_cycle_3,17847048,43759268,7599268
03:54:55,91594,ptm_cycle_3,17847048,43759268,7599268
03:54:56,91594,ptm_cycle_3,17847180,43759268,7599136
03:54:57,91594,ptm_cycle_3,17847180,43759268,7599136
03:54:58,91594,ptm_cycle_3,17847324,43759268,7598992
03:54:59,91594,ptm_cycle_3,17847324,43759268,7598992
03:55:00,91594,ptm_cycle_3,17847328,43759268,7598988
03:55:01,91594,ptm_cycle_3,17847328,43759268,7598988
03:55:02,91594,ptm_cycle_3,17847328,43759268,7598988
03:55:03,91594,ptm_cycle_3,17847464,43759268,7598852
03:55:04,91594,ptm_cycle_3,17847464,43759268,7598852
03:55:05,91594,ptm_cycle_3,17847464,43759268,7598852
03:55:06,91594,ptm_cycle_3,17847464,43759268,7598852
03:55:07,91594,ptm_cycle_3,17847468,43759268,7598848
03:55:08,91594,ptm_cycle_3,17847468,43759268,7598848
03:55:09,91594,ptm_cycle_3,17847468,43759268,7598848
03:55:10,91594,ptm_cycle_3,17847468,43759268,7598848
03:55:11,91594,ptm_cycle_3,17847468,43759268,7598848
03:55:12,91594,ptm_cycle_3,17847472,43759268,7598844
03:55:13,91594,ptm_cycle_3,17847472,43759268,7598844
03:55:14,91594,ptm_cycle_3,17847476,43759268,7598840
03:55:15,91594,ptm_cycle_3,17847500,43759268,7598840
03:55:16,91594,ptm_cycle_3,17847476,43759268,7598840
03:55:17,91594,ptm_cycle_3,17847476,43759268,7598840
03:55:18,91594,ptm_cycle_3,17847476,43759268,7598840
03:55:19,91594,ptm_cycle_3,17847484,43759268,7598832
03:55:20,91594,ptm_cycle_3,17847484,43759268,7598832
03:55:21,91594,ptm_cycle_3,17847484,43759268,7598832
03:55:22,91594,ptm_cycle_3,17847484,43759268,7598832
03:55:23,91594,ptm_cycle_3,17847484,43759268,7598832
03:55:24,91594,ptm_cycle_3,17847484,43759268,7598832
03:55:25,91594,ptm_cycle_3,17847484,43759268,7598832
03:55:26,91594,ptm_cycle_3,17847488,43759268,7598828
03:55:28,91594,ptm_cycle_3,17847488,43759268,7598828
03:55:29,91594,ptm_cycle_3,17847488,43759268,7598828
03:55:30,91594,ptm_cycle_3,17847488,43759268,7598828
03:55:31,91594,ptm_cycle_3,17847488,43759268,7598828
03:55:32,91594,ptm_cycle_3,17847488,43759268,7598828
03:55:33,91594,ptm_cycle_3,17847492,43759268,7598824
03:55:34,91594,ptm_cycle_3,17847492,43759268,7598824
03:55:35,91594,ptm_cycle_3,17847492,43759268,7598824
03:55:36,91594,ptm_cycle_3,17847636,43759268,7598680
03:55:37,91594,ptm_cycle_3,17847636,43759268,7598680
03:55:38,91594,ptm_cycle_3,17847636,43759268,7598680
03:55:39,91594,ptm_cycle_3,17847636,43759268,7598680
03:55:40,91594,ptm_cycle_3,17847640,43759268,7598676
03:55:41,91594,ptm_cycle_3,17847772,43759268,7598544
03:55:42,91594,ptm_cycle_3,17847772,43759268,7598544
03:55:43,91594,ptm_cycle_3,17847772,43759268,7598544
03:55:44,91594,ptm_cycle_3,17847772,43759268,7598544
03:55:45,91594,ptm_cycle_3,17847772,43759268,7598544
03:55:46,91594,ptm_cycle_3,17847796,43759268,7598544
03:55:47,91594,ptm_cycle_3,17847776,43759268,7598540
03:55:48,91594,ptm_cycle_3,17847776,43759268,7598540
03:55:49,91594,ptm_cycle_3,17847776,43759268,7598540
03:55:50,91594,ptm_cycle_3,17847804,43759268,7598512
03:55:51,91594,ptm_cycle_3,17847804,43759268,7598512
03:55:52,91594,ptm_cycle_3,17847804,43759268,7598512
03:55:53,91594,ptm_cycle_3,17847804,43759268,7598512
03:55:54,91594,ptm_cycle_3,17847816,43759268,7598500
03:55:55,91594,ptm_cycle_3,17847816,43759268,7598500
03:55:56,91594,ptm_cycle_3,17847816,43759268,7598500
03:55:57,91594,ptm_cycle_3,17847816,43759268,7598500
03:55:58,91594,ptm_cycle_3,17847816,43759268,7598500
03:55:59,91594,ptm_cycle_3,17847820,43759268,7598496
03:56:00,91594,ptm_cycle_3,17847820,43759268,7598496
03:56:01,91594,ptm_cycle_3,17847820,43759268,7598496
03:56:02,91594,ptm_cycle_3,17847828,43759268,7598488
03:56:03,91594,ptm_cycle_3,17847828,43759268,7598488
03:56:04,91594,ptm_cycle_3,17847828,43759268,7598488
03:56:05,91594,ptm_cycle_3,17847828,43759268,7598488
03:56:06,91594,ptm_cycle_3,17847844,43759268,7598472
03:56:07,91594,ptm_cycle_3,17847844,43759268,7598472
03:56:08,91594,ptm_cycle_3,17847848,43759268,7598468
03:56:09,91594,ptm_cycle_3,17847872,43759268,7598468
03:56:10,91594,ptm_cycle_3,17847848,43759268,7598468
03:56:11,91594,ptm_cycle_3,17847848,43759268,7598468
03:56:12,91594,ptm_cycle_3,17847848,43759268,7598468
03:56:13,91594,ptm_cycle_3,17847852,43759268,7598464
03:56:14,91594,ptm_cycle_3,17847852,43759268,7598464
03:56:15,91594,ptm_cycle_3,17847852,43759268,7598464
03:56:16,91594,ptm_cycle_3,17847852,43759268,7598464
03:56:17,91594,ptm_cycle_3,17847856,43759268,7598460
03:56:18,91594,ptm_cycle_3,17847856,43759268,7598460
03:56:19,91594,ptm_cycle_3,17847856,43759268,7598460
03:56:20,91594,ptm_cycle_3,17847860,43759268,7598456
03:56:21,91594,ptm_cycle_3,17847860,43759268,7598456
03:56:22,91594,ptm_cycle_3,17847860,43759268,7598456
03:56:23,91594,ptm_cycle_3,17847860,43759268,7598456
03:56:24,91594,ptm_cycle_3,17847860,43759268,7598456
03:56:25,91594,ptm_cycle_3,17847884,43759268,7598456
03:56:26,91594,ptm_cycle_3,17847864,43759268,7598452
03:56:27,91594,ptm_cycle_3,17847864,43759268,7598452
03:56:28,91594,ptm_cycle_3,17847864,43759268,7598452
03:56:29,91594,ptm_cycle_3,17847864,43759268,7598452
03:56:30,91594,ptm_cycle_3,17847864,43759268,7598452
03:56:31,91594,ptm_cycle_3,17847864,43759268,7598452
03:56:32,91594,ptm_cycle_3,17847916,43759268,7598400
03:56:33,91594,ptm_cycle_3,17847920,43759268,7598396
03:56:34,91594,ptm_cycle_3,17847992,43759268,7598324
03:56:35,91594,ptm_cycle_3,17847992,43759268,7598324
03:56:36,91594,ptm_cycle_3,17847992,43759268,7598324
03:56:37,91594,ptm_cycle_3,17847992,43759268,7598324
03:56:38,91594,ptm_cycle_3,17848028,43759268,7598288
03:56:39,91594,ptm_cycle_3,17848028,43759268,7598288
03:56:40,91594,ptm_cycle_3,17848032,43759268,7598284
03:56:41,91594,ptm_cycle_3,17848032,43759268,7598284
03:56:42,91594,ptm_cycle_3,17848208,43759268,7598108
03:56:43,91594,ptm_cycle_3,17848208,43759268,7598108
03:56:44,91594,ptm_cycle_3,17848208,43759268,7598108
03:56:45,91594,ptm_cycle_3,17848208,43759268,7598108
03:56:46,91594,ptm_cycle_3,17848208,43759268,7598108
03:56:47,91594,ptm_cycle_3,17848212,43759268,7598104
03:56:48,91594,ptm_cycle_3,17848212,43759268,7598104
03:56:50,91594,ptm_cycle_3,17848212,43759268,7598104
03:56:51,91594,ptm_cycle_3,17848212,43759268,7598104
03:56:52,91594,ptm_cycle_3,17848212,43759268,7598104
03:56:53,91594,ptm_cycle_3,17848216,43759268,7598100
03:56:54,91594,ptm_cycle_3,17848216,43759268,7598100
03:56:55,91594,ptm_cycle_3,17848216,43759268,7598100
03:56:56,91594,ptm_cycle_3,17848216,43759268,7598100
03:56:57,91594,ptm_cycle_3,17848268,43759268,7598048
03:56:58,91594,ptm_cycle_3,17848268,43759268,7598048
03:56:59,91594,ptm_cycle_3,17848268,43759268,7598048
03:57:00,91594,ptm_cycle_3,17848268,43759268,7598048
03:57:01,91594,ptm_cycle_3,17848272,43759268,7598044
03:57:02,91594,ptm_cycle_3,17848428,43759268,7597888
03:57:03,91594,ptm_cycle_3,17848428,43759268,7597888
03:57:04,91594,ptm_cycle_3,17848428,43759268,7597888
03:57:05,91594,ptm_cycle_3,17848428,43759268,7597888
03:57:06,91594,ptm_cycle_3,17848432,43759268,7597884
03:57:07,91594,ptm_cycle_3,17848456,43759268,7597884
03:57:08,91594,ptm_cycle_3,17848440,43759268,7597876
03:57:09,91594,ptm_cycle_3,17848440,43759268,7597876
03:57:10,91594,ptm_cycle_3,17848440,43759268,7597876
03:57:11,91594,ptm_cycle_3,17848440,43759268,7597876
03:57:12,91594,ptm_cycle_3,17848440,43759268,7597876
03:57:13,91594,ptm_cycle_3,17848440,43759268,7597876
03:57:14,91594,ptm_cycle_3,17848440,43759268,7597876
03:57:15,91594,ptm_cycle_3,17848444,43759268,7597872
03:57:16,91594,ptm_cycle_3,17848444,43759268,7597872
03:57:17,91594,ptm_cycle_3,17848444,43759268,7597872
03:57:18,91594,ptm_cycle_3,17848444,43759268,7597872
03:57:19,91594,ptm_cycle_3,17848444,43759268,7597872
03:57:20,91594,ptm_cycle_3,17848448,43759268,7597868
03:57:21,91594,ptm_cycle_3,17848448,43759268,7597868
03:57:22,91594,ptm_cycle_3,17848516,43759268,7597800
03:57:23,91594,ptm_cycle_3,17848516,43759268,7597800
03:57:24,91594,ptm_cycle_3,17848516,43759268,7597800
03:57:25,91594,ptm_cycle_3,17848516,43759268,7597800
03:57:26,91594,ptm_cycle_3,17848516,43759268,7597800
03:57:27,91594,ptm_cycle_3,17848520,43759268,7597796
03:57:28,91594,ptm_cycle_3,17848520,43759268,7597796
03:57:29,91594,ptm_cycle_3,17848520,43759268,7597796
03:57:30,91594,ptm_cycle_3,17848520,43759268,7597796
03:57:31,91594,ptm_cycle_3,17848808,43759268,7597508
03:57:32,91594,ptm_cycle_3,17848948,43759268,7597368
03:57:33,91594,ptm_cycle_3,17848948,43759268,7597368
03:57:34,91594,ptm_cycle_3,17848952,43759268,7597364
03:57:35,91594,ptm_cycle_3,17848952,43759268,7597364
03:57:36,91594,ptm_cycle_3,17848952,43759268,7597364
03:57:37,91594,ptm_cycle_3,17848952,43759268,7597364
03:57:38,91594,ptm_cycle_3,17849940,43759268,7596376
03:57:39,91594,ptm_cycle_3,17849940,43759268,7596376
03:57:40,91594,ptm_cycle_3,17849944,43759268,7596372
03:57:41,91594,ptm_cycle_3,17850588,43759268,7595728
03:57:42,91594,ptm_cycle_3,17850588,43759268,7595728
03:57:43,91594,ptm_cycle_3,17850588,43759268,7595728
03:57:44,91594,ptm_cycle_3,17850588,43759268,7595728
03:57:45,91594,ptm_cycle_3,17852408,43759268,7593908
03:57:46,91594,ptm_cycle_3,17852408,43759268,7593908
03:57:47,91594,ptm_cycle_3,17854136,43759268,7592180
03:57:48,91594,ptm_cycle_3,17854136,43759268,7592180
03:57:49,91594,ptm_cycle_3,17854136,43759268,7592180
03:57:50,91594,ptm_cycle_3,17854136,43759268,7592180
03:57:51,91594,ptm_cycle_3,17854808,43759268,7591508
03:57:52,91594,ptm_cycle_3,17856416,43759268,7590004
03:57:53,91594,ptm_cycle_3,17856416,43759268,7590004
03:57:54,91594,ptm_cycle_3,17856420,43759268,7590000
03:57:55,91594,ptm_cycle_3,17856420,43759268,7590000
03:57:56,91594,ptm_cycle_3,17856420,43759268,7590000
03:57:57,91594,ptm_cycle_3,17856420,43759268,7590000
03:57:58,91594,ptm_cycle_3,17856424,43759268,7590000
03:57:59,91594,ptm_cycle_3,17856428,43759268,7590000
03:58:00,91594,ptm_cycle_3,17856428,43759268,7590000
03:58:01,91594,ptm_cycle_3,17858464,43759268,7587964
03:58:02,91594,ptm_cycle_3,17858464,43759268,7587964
03:58:03,91594,ptm_cycle_3,17858464,43759268,7587964
03:58:04,91594,ptm_cycle_3,17858464,43759268,7587964
03:58:05,91594,ptm_cycle_3,17858464,43759268,7587964
03:58:06,91594,ptm_cycle_3,17858464,43759268,7587964
03:58:07,91594,ptm_cycle_3,17858468,43759268,7587960
03:58:08,91594,ptm_cycle_3,17858476,43759268,7587960
03:58:09,91594,ptm_cycle_3,17858476,43759268,7587960
03:58:10,91594,ptm_cycle_3,17861416,43759268,7585020
03:58:11,91594,ptm_cycle_3,17861416,43759268,7585020
03:58:13,91594,ptm_cycle_3,17861416,43759268,7585020
03:58:14,91594,ptm_cycle_3,17861416,43759268,7585020
03:58:15,91594,ptm_cycle_3,17861420,43759268,7585016
03:58:16,91594,ptm_cycle_3,17861444,43759268,7585016
03:58:17,91594,ptm_cycle_3,17861872,43759268,7584564
03:58:18,91594,ptm_cycle_3,17862348,43759268,7584088
03:58:19,91594,ptm_cycle_3,17862348,43759268,7584088
03:58:20,91594,ptm_cycle_3,17862348,43759268,7584088
03:58:21,91594,ptm_cycle_3,17862348,43759268,7584088
03:58:22,91594,ptm_cycle_3,17862352,43759268,7584084
03:58:23,91594,ptm_cycle_3,17862352,43759268,7584084
03:58:24,91594,ptm_cycle_3,17862572,43759268,7583864
03:58:25,91594,ptm_cycle_3,17862572,43759268,7583864
03:58:26,91594,ptm_cycle_3,17862572,43759268,7583864
03:58:27,91594,ptm_cycle_3,17862572,43759268,7583864
03:58:28,91594,ptm_cycle_3,17862572,43759268,7583864
03:58:29,91594,ptm_cycle_3,17862660,43759268,7583776
03:58:30,91594,ptm_cycle_3,17862660,43759268,7583776
03:58:31,91594,ptm_cycle_3,17863372,43759268,7583064
03:58:32,91594,ptm_cycle_3,17863372,43759268,7583064
03:58:33,91594,ptm_cycle_3,17863372,43759268,7583064
03:58:34,91594,ptm_cycle_3,17863372,43759268,7583064
03:58:35,91594,ptm_cycle_3,17863376,43759268,7583060
03:58:36,91594,ptm_cycle_3,17863392,43759268,7583044
03:58:37,91594,ptm_cycle_3,17863392,43759268,7583044
03:58:38,91594,ptm_cycle_3,17863392,43759268,7583044
03:58:39,91594,ptm_cycle_3,17863392,43759268,7583044
03:58:40,91594,ptm_cycle_3,17864288,43759268,7582148
03:58:41,91594,ptm_cycle_3,17864288,43759268,7582148
03:58:42,91594,ptm_cycle_3,17864424,43759268,7582012
03:58:43,91594,ptm_cycle_3,17864496,43759268,7581964
03:58:44,91594,ptm_cycle_3,17864556,43759268,7581880
03:58:45,91594,ptm_cycle_3,17864568,43759268,7581868
03:58:46,91594,ptm_cycle_3,17864568,43759268,7581868
03:58:47,91594,ptm_cycle_3,17866240,43759268,7580196
03:58:48,91594,ptm_cycle_3,17866240,43759268,7580196
03:58:49,91594,ptm_cycle_3,17866292,43759268,7580144
03:58:50,91594,ptm_cycle_3,17866292,43759268,7580144
03:58:51,91594,ptm_cycle_3,17866344,43759268,7580144
03:58:52,91594,ptm_cycle_3,17866344,43759268,7580144
03:58:53,91594,ptm_cycle_3,17866344,43759268,7580144
03:58:54,91594,ptm_cycle_3,17866412,43759268,7580076
03:58:55,91594,ptm_cycle_3,17866412,43759268,7580076
03:58:56,91594,ptm_cycle_3,17866420,43759268,7580072
03:58:57,91594,ptm_cycle_3,17866420,43759268,7580072
03:58:58,91594,ptm_cycle_3,17866420,43759268,7580072
03:58:59,91594,ptm_cycle_3,17866420,43759268,7580072
03:59:00,91594,ptm_cycle_3,17866420,43759268,7580072
03:59:01,91594,ptm_cycle_3,17866444,43759268,7580072
03:59:02,91594,ptm_cycle_3,17866448,43759268,7580044
03:59:03,91594,ptm_cycle_3,17866448,43759268,7580044
03:59:04,91594,ptm_cycle_3,17866448,43759268,7580044
03:59:05,91594,ptm_cycle_3,17866524,43759268,7579968
03:59:06,91594,ptm_cycle_3,17866524,43759268,7579968
03:59:07,91594,ptm_cycle_3,17866528,43759268,7579964
03:59:08,91594,ptm_cycle_3,17866528,43759268,7579964
03:59:09,91594,ptm_cycle_3,17866532,43759268,7579960
03:59:10,91594,ptm_cycle_3,17866532,43759268,7579960
03:59:11,91594,ptm_cycle_3,17866532,43759268,7579960
03:59:12,91594,ptm_cycle_3,17866552,43759268,7579960
03:59:13,91594,ptm_cycle_3,17866552,43759268,7579960
03:59:14,91594,ptm_cycle_3,17866908,43759268,7579604
03:59:15,91594,ptm_cycle_3,17866908,43759268,7579604
03:59:16,91594,ptm_cycle_3,17866912,43759268,7579600
03:59:17,91594,ptm_cycle_3,17866912,43759268,7579600
03:59:18,91594,ptm_cycle_3,17866912,43759268,7579600
03:59:19,91594,ptm_cycle_3,17866912,43759268,7579600
03:59:20,91594,ptm_cycle_3,17866912,43759268,7579600
03:59:21,91594,ptm_cycle_3,17866912,43759268,7579600
03:59:22,91594,ptm_cycle_3,17867040,43759268,7579472
03:59:23,91594,ptm_cycle_3,17867044,43759268,7579468
03:59:24,91594,ptm_cycle_3,17867044,43759268,7579468
03:59:25,91594,ptm_cycle_3,17867044,43759268,7579468
03:59:26,91594,ptm_cycle_3,17867044,43759268,7579468
03:59:27,91594,ptm_cycle_3,17867044,43759268,7579468
03:59:28,91594,ptm_cycle_3,17867044,43759268,7579468
03:59:29,91594,ptm_cycle_3,17867048,43759268,7579464
03:59:30,91594,ptm_cycle_3,17867072,43759268,7579464
03:59:31,91594,ptm_cycle_3,17867080,43759268,7579432
03:59:32,91594,ptm_cycle_3,17867080,43759268,7579432
03:59:33,91594,ptm_cycle_3,17867080,43759268,7579432
03:59:35,91594,ptm_cycle_3,17867080,43759268,7579432
03:59:36,91594,ptm_cycle_3,17867080,43759268,7579432
03:59:37,91594,ptm_cycle_3,17867084,43759268,7579428
03:59:38,91594,ptm_cycle_3,17867084,43759268,7579428
03:59:39,91594,ptm_cycle_3,17867084,43759268,7579428
03:59:40,91594,ptm_cycle_3,17867084,43759268,7579428
03:59:41,91594,ptm_cycle_3,17867084,43759268,7579428
03:59:42,91594,ptm_cycle_3,17867084,43759268,7579428
03:59:43,91594,ptm_cycle_3,17867084,43759268,7579428
03:59:44,91594,ptm_cycle_3,17867124,43759268,7579424
03:59:45,91594,ptm_cycle_3,17867124,43759268,7579424
03:59:46,91594,ptm_cycle_3,17867140,43759268,7579408
03:59:47,91594,ptm_cycle_3,17867140,43759268,7579408
03:59:48,91594,ptm_cycle_3,17867140,43759268,7579408
03:59:49,91594,ptm_cycle_3,17867140,43759268,7579408
03:59:50,91594,ptm_cycle_3,17867144,43759268,7579404
03:59:51,91594,ptm_cycle_3,17867152,43759268,7579404
03:59:52,91594,ptm_cycle_3,17867152,43759268,7579404
03:59:53,91594,ptm_cycle_3,17867152,43759268,7579404
03:59:54,91594,ptm_cycle_3,17867152,43759268,7579404
03:59:55,91594,ptm_cycle_3,17867152,43759268,7579404
03:59:56,91594,ptm_cycle_3,17867152,43759268,7579404
03:59:57,91594,ptm_cycle_3,17867172,43759268,7579384
03:59:58,91594,ptm_cycle_3,17867172,43759268,7579384
03:59:59,91594,ptm_cycle_3,17867172,43759268,7579384
04:00:00,91594,ptm_cycle_3,17867196,43759268,7579384
04:00:01,91594,ptm_cycle_3,17867312,43759268,7579244
04:00:02,91594,ptm_cycle_3,17867312,43759268,7579244
04:00:03,91594,ptm_cycle_3,17867312,43759268,7579244
04:00:04,91594,ptm_cycle_3,17867316,43759268,7579240
04:00:05,91594,ptm_cycle_3,17867316,43759268,7579240
04:00:06,91594,ptm_cycle_3,17867316,43759268,7579240
04:00:07,91594,ptm_cycle_3,17867316,43759268,7579240
04:00:08,91594,ptm_cycle_3,17869924,43759268,7576632
04:00:09,91594,ptm_cycle_3,17869924,43759268,7576632
04:00:10,91594,ptm_cycle_3,17869928,43759268,7576628
04:00:11,91594,ptm_cycle_3,17869928,43759268,7576628
04:00:12,91594,ptm_cycle_3,17869932,43759268,7576624
04:00:13,91594,ptm_cycle_3,17870044,43759268,7576512
04:00:14,91594,ptm_cycle_3,17870044,43759268,7576512
04:00:15,91594,ptm_cycle_3,17870044,43759268,7576512
04:00:16,91594,ptm_cycle_3,17870044,43759268,7576512
04:00:17,91594,ptm_cycle_3,17870084,43759268,7576504
04:00:18,91594,ptm_cycle_3,17870084,43759268,7576504
04:00:19,91594,ptm_cycle_3,17870084,43759268,7576504
04:00:20,91594,ptm_cycle_3,17870092,43759268,7576496
04:00:21,91594,ptm_cycle_3,17870092,43759268,7576496
04:00:22,91594,ptm_cycle_3,17870104,43759268,7576492
04:00:23,91594,ptm_cycle_3,17870104,43759268,7576492
04:00:24,91594,ptm_cycle_3,17870144,43759268,7576452
04:00:25,91594,ptm_cycle_3,17870144,43759268,7576452
04:00:26,91594,ptm_cycle_3,17870144,43759268,7576452
04:00:27,91594,ptm_cycle_3,17870144,43759268,7576452
04:00:28,91594,ptm_cycle_3,17870144,43759268,7576452
04:00:29,91594,ptm_cycle_3,17870144,43759268,7576452
04:00:30,91594,ptm_cycle_3,17870144,43759268,7576452
04:00:31,91594,ptm_cycle_3,17870148,43759268,7576448
04:00:32,91594,ptm_cycle_3,17870148,43759268,7576448
04:00:33,91594,ptm_cycle_3,17870160,43759268,7576448
04:00:34,91594,ptm_cycle_3,17870160,43759268,7576448
04:00:35,91594,ptm_cycle_3,17870180,43759268,7576428
04:00:36,91594,ptm_cycle_3,17870180,43759268,7576428
04:00:37,91594,ptm_cycle_3,17870188,43759268,7576424
04:00:38,91594,ptm_cycle_3,17870212,43759268,7576424
04:00:39,91594,ptm_cycle_3,17870192,43759268,7576420
04:00:40,91594,ptm_cycle_3,17870192,43759268,7576420
04:00:41,91594,ptm_cycle_3,17870192,43759268,7576420
04:00:42,91594,ptm_cycle_3,17870200,43759268,7576412
04:00:43,91594,ptm_cycle_3,17870200,43759268,7576412
04:00:44,91594,ptm_cycle_3,17870204,43759268,7576408
04:00:45,91594,ptm_cycle_3,17870208,43759268,7576404
04:00:46,91594,ptm_cycle_3,17870208,43759268,7576404
04:00:47,91594,ptm_cycle_3,17870208,43759268,7576404
04:00:48,91594,ptm_cycle_3,17870216,43759268,7576396
04:00:49,91594,ptm_cycle_3,17870228,43759268,7576396
04:00:50,91594,ptm_cycle_3,17870228,43759268,7576396
04:00:51,91594,ptm_cycle_3,17870232,43759268,7576392
04:00:52,91594,ptm_cycle_3,17870236,43759268,7576388
04:00:53,91594,ptm_cycle_3,17870240,43759268,7576384
04:00:54,91594,ptm_cycle_3,17870240,43759268,7576384
04:00:55,91594,ptm_cycle_3,17870244,43759268,7576380
04:00:56,91594,ptm_cycle_3,17870244,43759268,7576380
04:00:58,91594,ptm_cycle_3,17870252,43759268,7576372
04:00:59,91594,ptm_cycle_3,17870276,43759268,7576372
04:01:00,91594,ptm_cycle_3,17870256,43759268,7576368
04:01:01,91594,ptm_cycle_3,17870256,43759268,7576368
04:01:02,91594,ptm_cycle_3,17870256,43759268,7576368
04:01:03,91594,ptm_cycle_3,17870256,43759268,7576368
04:01:04,91594,ptm_cycle_3,17870256,43759268,7576368
04:01:05,91594,ptm_cycle_3,17870256,43759268,7576368
04:01:06,91594,ptm_cycle_3,17870260,43759268,7576364
04:01:07,91594,ptm_cycle_3,17870264,43759268,7576360
04:01:08,91594,ptm_cycle_3,17870264,43759268,7576360
04:01:09,91594,ptm_cycle_3,17871772,43759268,7574852
04:01:10,91594,ptm_cycle_3,17871772,43759268,7574852
04:01:11,91594,ptm_cycle_3,17871772,43759268,7574852
04:01:12,91594,ptm_cycle_3,17871772,43759268,7574852
04:01:13,91594,ptm_cycle_3,17871780,43759268,7574844
04:01:14,91594,ptm_cycle_3,17871780,43759268,7574844
04:01:15,91594,ptm_cycle_3,17871780,43759268,7574844
04:01:16,91594,ptm_cycle_3,17871804,43759268,7574844
04:01:17,91594,ptm_cycle_3,17871780,43759268,7574844
04:01:18,91594,ptm_cycle_3,17871804,43759268,7574820
04:01:19,91594,ptm_cycle_3,17871804,43759268,7574820
04:01:20,91594,ptm_cycle_3,17871832,43759268,7574792
04:01:21,91594,ptm_cycle_3,17871836,43759268,7574788
04:01:22,91594,ptm_cycle_3,17871840,43759268,7574784
04:01:23,91594,ptm_cycle_3,17871840,43759268,7574784
04:01:24,91594,ptm_cycle_3,17871840,43759268,7574784
04:01:25,91594,ptm_cycle_3,17871840,43759268,7574784
04:01:26,91594,ptm_cycle_3,17871840,43759268,7574784
04:01:27,91594,ptm_cycle_3,17871844,43759268,7574780
04:01:28,91594,ptm_cycle_3,17871856,43759268,7574768
04:01:29,91594,ptm_cycle_3,17871856,43759268,7574768
04:01:30,91594,ptm_cycle_3,17871864,43759268,7574760
04:01:31,91594,ptm_cycle_3,17871864,43759268,7574760
04:01:32,91594,ptm_cycle_3,17871864,43759268,7574760
04:01:33,91594,ptm_cycle_3,17871864,43759268,7574760
04:01:34,91594,ptm_cycle_3,17871880,43759268,7574744
04:01:35,91594,ptm_cycle_3,17871880,43759268,7574744
04:01:36,91594,ptm_cycle_3,17871884,43759268,7574740
04:01:37,91594,ptm_cycle_3,17871884,43759268,7574740
04:01:38,91594,ptm_cycle_3,17871884,43759268,7574740
04:01:39,91594,ptm_cycle_3,17871892,43759268,7574732
04:01:40,91594,ptm_cycle_3,17871892,43759268,7574732
04:01:41,91594,ptm_cycle_3,17871896,43759268,7574728
04:01:42,91594,ptm_cycle_3,17871900,43759268,7574724
04:01:43,91594,ptm_cycle_3,17872064,43759268,7574560
04:01:44,91594,ptm_cycle_3,17872064,43759268,7574560
04:01:45,91594,ptm_cycle_3,17872064,43759268,7574560
04:01:46,91594,ptm_cycle_3,17872064,43759268,7574560
04:17:49,168835,ptm_cycle_4,152476,152476,0
04:17:50,168835,ptm_cycle_4,138376,152476,0
04:17:51,168835,ptm_cycle_4,138376,152476,0
time,pid,tag,rss_kb,hwm_kb,swap_kb
04:29:29,6652,ptm_cycle_4,138456,152792,0
04:29:30,6652,ptm_cycle_4,138456,152792,0
04:29:31,6652,ptm_cycle_4,138456,152792,0
04:29:32,6652,ptm_cycle_4,138456,152792,0
04:29:33,6652,ptm_cycle_4,138456,152792,0
04:29:34,6652,ptm_cycle_4,138456,152792,0
04:29:35,6652,ptm_cycle_4,138456,152792,0
04:29:36,6652,ptm_cycle_4,138456,152792,0
04:29:37,6652,ptm_cycle_4,138456,152792,0
04:29:38,6652,ptm_cycle_4,138456,152792,0
04:29:39,6652,ptm_cycle_4,138456,152792,0
04:29:40,6652,ptm_cycle_4,227600,227600,0
04:29:41,6652,ptm_cycle_4,537584,537584,0
04:29:42,6652,ptm_cycle_4,932460,932460,0
04:29:43,6652,ptm_cycle_4,1132588,1132588,0
04:29:44,6652,ptm_cycle_4,1466120,1466120,0
04:29:45,6652,ptm_cycle_4,1706836,1706836,0
04:29:46,6652,ptm_cycle_4,1715272,1715272,0
04:29:47,6652,ptm_cycle_4,1717424,1717424,0
04:29:48,6652,ptm_cycle_4,1718796,1718796,0
04:29:49,6652,ptm_cycle_4,1742120,1742120,0
04:29:50,6652,ptm_cycle_4,1754376,1754376,0
04:29:51,6652,ptm_cycle_4,1766592,1766592,0
04:29:52,6652,ptm_cycle_4,1779188,1779188,0
04:29:53,6652,ptm_cycle_4,1791652,1791652,0
04:29:54,6652,ptm_cycle_4,1803428,1803428,0
04:29:55,6652,ptm_cycle_4,1815392,1815392,0
04:29:56,6652,ptm_cycle_4,1826980,1826980,0
04:29:57,6652,ptm_cycle_4,1838688,1838688,0
04:29:58,6652,ptm_cycle_4,1850916,1850916,0
04:29:59,6652,ptm_cycle_4,2130212,2199272,0
04:30:00,6652,ptm_cycle_4,2130212,2199272,0
04:30:01,6652,ptm_cycle_4,2171272,2199272,0
04:30:02,6652,ptm_cycle_4,2602200,2602200,0
04:30:03,6652,ptm_cycle_4,2933548,2933548,0
04:30:04,6652,ptm_cycle_4,3227384,3227384,0
04:30:05,6652,ptm_cycle_4,3446732,3446732,0
04:30:06,6652,ptm_cycle_4,3629992,3629992,0
04:30:07,6652,ptm_cycle_4,3632552,3632552,0
04:30:08,6652,ptm_cycle_4,3634448,3634448,0
04:30:09,6652,ptm_cycle_4,3638740,3638740,0
04:30:10,6652,ptm_cycle_4,4283812,4283812,0
04:30:11,6652,ptm_cycle_4,4389272,4389272,0
04:30:12,6652,ptm_cycle_4,4389272,4389272,0
04:30:13,6652,ptm_cycle_4,4389272,4389272,0
04:30:14,6652,ptm_cycle_4,4389272,4389272,0
04:30:15,6652,ptm_cycle_4,4389272,4389272,0
04:30:16,6652,ptm_cycle_4,4389272,4389272,0
04:30:17,6652,ptm_cycle_4,4389272,4389272,0
04:30:18,6652,ptm_cycle_4,4783744,4783744,0
04:30:19,6652,ptm_cycle_4,4787280,4787280,0
04:30:20,6652,ptm_cycle_4,5675296,5675296,0
04:30:21,6652,ptm_cycle_4,6896844,6896844,0
04:30:22,6652,ptm_cycle_4,8024724,8024724,0
04:30:23,6652,ptm_cycle_4,9107568,9107568,0
04:30:24,6652,ptm_cycle_4,9413688,9457216,0
04:30:25,6652,ptm_cycle_4,9174944,9900736,0
04:30:26,6652,ptm_cycle_4,9629916,9900736,0
04:30:27,6652,ptm_cycle_4,10789412,10789412,0
04:30:28,6652,ptm_cycle_4,10859436,10859436,0
04:30:29,6652,ptm_cycle_4,10859436,10859436,0
04:30:30,6652,ptm_cycle_4,10901876,10901876,0
04:30:31,6652,ptm_cycle_4,10928916,10928916,0
04:30:32,6652,ptm_cycle_4,10960632,10987676,0
04:30:33,6652,ptm_cycle_4,11024940,11125800,0
04:30:34,6652,ptm_cycle_4,11062628,11125800,0
04:30:35,6652,ptm_cycle_4,11096252,11125800,0
04:30:36,6652,ptm_cycle_4,11125048,11125800,0
04:30:37,6652,ptm_cycle_4,11156928,11382144,0
04:30:38,6652,ptm_cycle_4,11197036,11382144,0
04:30:39,6652,ptm_cycle_4,11251608,11382144,0
04:30:40,6652,ptm_cycle_4,10001124,11382144,0
04:30:41,6652,ptm_cycle_4,10071628,11382144,0
04:30:42,6652,ptm_cycle_4,10665872,11382144,0
04:30:43,6652,ptm_cycle_4,11559280,11559280,0
04:30:44,6652,ptm_cycle_4,12308600,12308600,0
04:30:45,6652,ptm_cycle_4,13199808,13199808,0
04:30:46,6652,ptm_cycle_4,13725800,13725924,0
04:30:47,6652,ptm_cycle_4,14269052,14269052,0
04:30:48,6652,ptm_cycle_4,14539180,14539180,0
04:30:49,6652,ptm_cycle_4,14634004,14634004,0
04:30:50,6652,ptm_cycle_4,14647612,14829084,0
04:30:52,6652,ptm_cycle_4,14764732,14829084,0
04:30:53,6652,ptm_cycle_4,12928728,14845860,0
04:30:54,6652,ptm_cycle_4,11713320,14845860,0
04:30:55,6652,ptm_cycle_4,11744508,14845860,0
04:30:56,6652,ptm_cycle_4,11744508,14845860,0
04:30:57,6652,ptm_cycle_4,11745500,14845860,0
04:30:58,6652,ptm_cycle_4,11759708,14845860,0
04:30:59,6652,ptm_cycle_4,11759708,14845860,0
04:31:00,6652,ptm_cycle_4,11765636,14845860,0
04:31:01,6652,ptm_cycle_4,11905712,14845860,0
04:31:02,6652,ptm_cycle_4,12076128,14845860,0
04:31:03,6652,ptm_cycle_4,12044832,14845860,0
04:31:04,6652,ptm_cycle_4,12254164,14845860,0
04:31:05,6652,ptm_cycle_4,12372280,14845860,0
04:31:06,6652,ptm_cycle_4,12372280,14845860,0
04:31:07,6652,ptm_cycle_4,12372280,14845860,0
04:31:08,6652,ptm_cycle_4,12372280,14845860,0
04:31:09,6652,ptm_cycle_4,12372280,14845860,0
04:31:10,6652,ptm_cycle_4,12372280,14845860,0
04:31:11,6652,ptm_cycle_4,12372280,14845860,0
04:31:12,6652,ptm_cycle_4,12460636,14845860,0
04:31:13,6652,ptm_cycle_4,12599996,14845860,0
04:31:14,6652,ptm_cycle_4,12482936,14845860,0
04:31:15,6652,ptm_cycle_4,12725896,14845860,0
04:31:16,6652,ptm_cycle_4,12431180,14845860,0
04:31:17,6652,ptm_cycle_4,12569920,14845860,0
04:31:18,6652,ptm_cycle_4,13210712,14845860,0
04:31:19,6652,ptm_cycle_4,13015140,14845860,0
04:31:20,6652,ptm_cycle_4,13015140,14845860,0
04:31:21,6652,ptm_cycle_4,13015140,14845860,0
04:31:22,6652,ptm_cycle_4,13015140,14845860,0
04:31:23,6652,ptm_cycle_4,13015140,14845860,0
04:31:24,6652,ptm_cycle_4,13015140,14845860,0
04:31:25,6652,ptm_cycle_4,13015140,14845860,0
04:31:26,6652,ptm_cycle_4,13015140,14845860,0
04:31:27,6652,ptm_cycle_4,13015140,14845860,0
04:31:28,6652,ptm_cycle_4,13015140,14845860,0
04:31:29,6652,ptm_cycle_4,13015140,14845860,0
04:31:30,6652,ptm_cycle_4,13015140,14845860,0
04:31:31,6652,ptm_cycle_4,13015140,14845860,0
04:31:32,6652,ptm_cycle_4,13015140,14845860,0
04:31:33,6652,ptm_cycle_4,13015140,14845860,0
04:31:34,6652,ptm_cycle_4,13015140,14845860,0
04:31:35,6652,ptm_cycle_4,13015140,14845860,0
04:31:36,6652,ptm_cycle_4,13015140,14845860,0
04:31:37,6652,ptm_cycle_4,13015140,14845860,0
04:31:38,6652,ptm_cycle_4,13015140,14845860,0
04:31:39,6652,ptm_cycle_4,13015140,14845860,0
04:31:40,6652,ptm_cycle_4,13015140,14845860,0
04:31:41,6652,ptm_cycle_4,13015140,14845860,0
04:31:42,6652,ptm_cycle_4,13015140,14845860,0
04:31:43,6652,ptm_cycle_4,13015140,14845860,0
04:31:44,6652,ptm_cycle_4,13015140,14845860,0
04:31:45,6652,ptm_cycle_4,13015140,14845860,0
04:31:46,6652,ptm_cycle_4,13015140,14845860,0
04:31:47,6652,ptm_cycle_4,13015140,14845860,0
04:31:48,6652,ptm_cycle_4,13015140,14845860,0
04:31:49,6652,ptm_cycle_4,13015140,14845860,0
04:31:50,6652,ptm_cycle_4,13015140,14845860,0
04:31:51,6652,ptm_cycle_4,13015140,14845860,0
04:31:52,6652,ptm_cycle_4,13015140,14845860,0
04:31:53,6652,ptm_cycle_4,13015140,14845860,0
04:31:54,6652,ptm_cycle_4,13015140,14845860,0
04:31:55,6652,ptm_cycle_4,13015140,14845860,0
04:31:56,6652,ptm_cycle_4,13015140,14845860,0
04:31:57,6652,ptm_cycle_4,13015140,14845860,0
04:31:58,6652,ptm_cycle_4,13015140,14845860,0
04:31:59,6652,ptm_cycle_4,13015140,14845860,0
04:32:00,6652,ptm_cycle_4,13015140,14845860,0
04:32:01,6652,ptm_cycle_4,13015140,14845860,0
04:32:02,6652,ptm_cycle_4,13015140,14845860,0
04:32:03,6652,ptm_cycle_4,13015140,14845860,0
04:32:04,6652,ptm_cycle_4,13015140,14845860,0
04:32:05,6652,ptm_cycle_4,13015140,14845860,0
04:32:06,6652,ptm_cycle_4,13015140,14845860,0
04:32:07,6652,ptm_cycle_4,13015140,14845860,0
04:32:08,6652,ptm_cycle_4,13015140,14845860,0
04:32:09,6652,ptm_cycle_4,13015140,14845860,0
04:32:10,6652,ptm_cycle_4,13015140,14845860,0
04:32:11,6652,ptm_cycle_4,13015140,14845860,0
04:32:12,6652,ptm_cycle_4,13015140,14845860,0
04:32:13,6652,ptm_cycle_4,13015140,14845860,0
04:32:14,6652,ptm_cycle_4,13015140,14845860,0
04:32:15,6652,ptm_cycle_4,13015140,14845860,0
04:32:16,6652,ptm_cycle_4,13015140,14845860,0
04:32:17,6652,ptm_cycle_4,13015140,14845860,0
04:32:18,6652,ptm_cycle_4,13015140,14845860,0
04:32:19,6652,ptm_cycle_4,13015140,14845860,0
04:32:21,6652,ptm_cycle_4,13015140,14845860,0
04:32:22,6652,ptm_cycle_4,13015140,14845860,0
04:32:23,6652,ptm_cycle_4,13015140,14845860,0
04:32:24,6652,ptm_cycle_4,13015140,14845860,0
04:32:25,6652,ptm_cycle_4,13015140,14845860,0
04:32:26,6652,ptm_cycle_4,13015140,14845860,0
04:32:27,6652,ptm_cycle_4,13015140,14845860,0
04:32:28,6652,ptm_cycle_4,13015140,14845860,0
04:32:29,6652,ptm_cycle_4,13015140,14845860,0
04:32:30,6652,ptm_cycle_4,13015140,14845860,0
04:32:31,6652,ptm_cycle_4,13015140,14845860,0
04:32:32,6652,ptm_cycle_4,13015140,14845860,0
04:32:33,6652,ptm_cycle_4,13015140,14845860,0
04:32:34,6652,ptm_cycle_4,13015140,14845860,0
04:32:35,6652,ptm_cycle_4,13015140,14845860,0
04:32:36,6652,ptm_cycle_4,13015140,14845860,0
04:32:37,6652,ptm_cycle_4,13015140,14845860,0
04:32:38,6652,ptm_cycle_4,13015140,14845860,0
04:32:39,6652,ptm_cycle_4,13015156,14845860,0
04:32:40,6652,ptm_cycle_4,12744820,14845860,0
04:32:41,6652,ptm_cycle_4,12452344,14845860,0
04:32:42,6652,ptm_cycle_4,12822220,14845860,0
04:32:43,6652,ptm_cycle_4,13106896,14845860,0
04:32:44,6652,ptm_cycle_4,13106896,14845860,0
04:32:45,6652,ptm_cycle_4,13106896,14845860,0
04:32:46,6652,ptm_cycle_4,13138264,14845860,0
04:32:47,6652,ptm_cycle_4,13138264,14845860,0
04:32:48,6652,ptm_cycle_4,13138264,14845860,0
04:32:49,6652,ptm_cycle_4,13138264,14845860,0
04:32:50,6652,ptm_cycle_4,13138264,14845860,0
04:32:51,6652,ptm_cycle_4,13138264,14845860,0
04:32:52,6652,ptm_cycle_4,13138264,14845860,0
04:32:53,6652,ptm_cycle_4,13245280,14845860,0
04:32:54,6652,ptm_cycle_4,13334676,14845860,0
04:32:55,6652,ptm_cycle_4,13128788,14845860,0
04:32:56,6652,ptm_cycle_4,13128788,14845860,0
04:32:57,6652,ptm_cycle_4,13128788,14845860,0
04:32:58,6652,ptm_cycle_4,13139600,14845860,0
04:32:59,6652,ptm_cycle_4,13139600,14845860,0
04:33:00,6652,ptm_cycle_4,13139600,14845860,0
04:33:01,6652,ptm_cycle_4,13139600,14845860,0
04:33:02,6652,ptm_cycle_4,13139600,14845860,0
04:33:03,6652,ptm_cycle_4,13139600,14845860,0
04:33:04,6652,ptm_cycle_4,13235676,14845860,0
04:33:05,6652,ptm_cycle_4,13353484,14845860,0
04:33:06,6652,ptm_cycle_4,13382932,14845860,0
04:33:07,6652,ptm_cycle_4,13412912,14845860,0
04:33:08,6652,ptm_cycle_4,13302548,14845860,0
04:33:09,6652,ptm_cycle_4,13675544,14845860,0
04:33:10,6652,ptm_cycle_4,14641660,14845860,0
04:33:11,6652,ptm_cycle_4,15123904,15123904,0
04:33:12,6652,ptm_cycle_4,15123904,15123904,0
04:33:13,6652,ptm_cycle_4,15164200,15164200,0
04:33:14,6652,ptm_cycle_4,15319044,15393124,0
04:33:15,6652,ptm_cycle_4,15490000,15663652,0
04:33:16,6652,ptm_cycle_4,15645528,15663652,0
04:33:17,6652,ptm_cycle_4,14095076,15722184,0
04:33:18,6652,ptm_cycle_4,14733908,15722184,0
04:33:19,6652,ptm_cycle_4,16016936,16016936,0
04:33:20,6652,ptm_cycle_4,15468124,16141364,0
04:33:21,6652,ptm_cycle_4,15772304,16141364,0
04:33:22,6652,ptm_cycle_4,16871804,16871804,0
04:33:23,6652,ptm_cycle_4,17388444,17388444,0
04:33:24,6652,ptm_cycle_4,17862648,17862648,0
04:33:25,6652,ptm_cycle_4,18448596,18448596,0
04:33:26,6652,ptm_cycle_4,18610644,18610644,0
04:33:27,6652,ptm_cycle_4,18775760,18775760,0
04:33:28,6652,ptm_cycle_4,18701380,18995160,0
04:33:29,6652,ptm_cycle_4,18832860,18995160,0
04:33:30,6652,ptm_cycle_4,15809384,18995160,0
04:33:31,6652,ptm_cycle_4,15809384,18995160,0
04:33:32,6652,ptm_cycle_4,15809384,18995160,0
04:33:33,6652,ptm_cycle_4,15809396,18995160,0
04:33:34,6652,ptm_cycle_4,15809396,18995160,0
04:33:35,6652,ptm_cycle_4,15809396,18995160,0
04:33:36,6652,ptm_cycle_4,15809396,18995160,0
04:33:37,6652,ptm_cycle_4,15809396,18995160,0
04:33:38,6652,ptm_cycle_4,15809396,18995160,0
04:33:39,6652,ptm_cycle_4,15809396,18995160,0
04:33:40,6652,ptm_cycle_4,15809396,18995160,0
04:33:41,6652,ptm_cycle_4,15809408,18995160,0
04:33:42,6652,ptm_cycle_4,15816864,18995160,0
04:33:43,6652,ptm_cycle_4,15816864,18995160,0
04:33:44,6652,ptm_cycle_4,15817652,18995160,0
04:33:45,6652,ptm_cycle_4,15817652,18995160,0
04:33:46,6652,ptm_cycle_4,15823656,18995160,0
04:33:47,6652,ptm_cycle_4,15823672,18995160,0
04:33:48,6652,ptm_cycle_4,15823672,18995160,0
04:33:49,6652,ptm_cycle_4,15823672,18995160,0
04:33:51,6652,ptm_cycle_4,15823672,18995160,0
04:33:52,6652,ptm_cycle_4,15823672,18995160,0
04:33:53,6652,ptm_cycle_4,15823672,18995160,0
04:33:54,6652,ptm_cycle_4,15823672,18995160,0
04:33:55,6652,ptm_cycle_4,15823672,18995160,0
04:33:56,6652,ptm_cycle_4,15823672,18995160,0
04:33:57,6652,ptm_cycle_4,15823672,18995160,0
04:33:58,6652,ptm_cycle_4,15823672,18995160,0
04:33:59,6652,ptm_cycle_4,15823672,18995160,0
04:34:00,6652,ptm_cycle_4,15823672,18995160,0
04:34:01,6652,ptm_cycle_4,15823672,18995160,0
04:34:02,6652,ptm_cycle_4,15823672,18995160,0
04:34:03,6652,ptm_cycle_4,15823672,18995160,0
04:34:04,6652,ptm_cycle_4,15823672,18995160,0
04:34:05,6652,ptm_cycle_4,15823672,18995160,0
04:34:06,6652,ptm_cycle_4,15823672,18995160,0
04:34:07,6652,ptm_cycle_4,15823672,18995160,0
04:34:08,6652,ptm_cycle_4,15823672,18995160,0
04:34:09,6652,ptm_cycle_4,15823672,18995160,0
04:34:10,6652,ptm_cycle_4,15823672,18995160,0
04:34:11,6652,ptm_cycle_4,15823672,18995160,0
04:34:12,6652,ptm_cycle_4,15823672,18995160,0
04:34:13,6652,ptm_cycle_4,15823672,18995160,0
04:34:14,6652,ptm_cycle_4,15823672,18995160,0
04:34:15,6652,ptm_cycle_4,15823672,18995160,0
04:34:16,6652,ptm_cycle_4,15823672,18995160,0
04:34:17,6652,ptm_cycle_4,15823672,18995160,0
04:34:18,6652,ptm_cycle_4,15823672,18995160,0
04:34:19,6652,ptm_cycle_4,15823672,18995160,0
04:34:20,6652,ptm_cycle_4,15823672,18995160,0
04:34:21,6652,ptm_cycle_4,15823672,18995160,0
04:34:22,6652,ptm_cycle_4,15823672,18995160,0
04:34:23,6652,ptm_cycle_4,15823672,18995160,0
04:34:24,6652,ptm_cycle_4,15823672,18995160,0
04:34:25,6652,ptm_cycle_4,15823672,18995160,0
04:34:26,6652,ptm_cycle_4,15823672,18995160,0
04:34:27,6652,ptm_cycle_4,15823672,18995160,0
04:34:28,6652,ptm_cycle_4,15823672,18995160,0
04:34:29,6652,ptm_cycle_4,15823672,18995160,0
04:34:30,6652,ptm_cycle_4,15823672,18995160,0
04:34:31,6652,ptm_cycle_4,15823672,18995160,0
04:34:32,6652,ptm_cycle_4,15823672,18995160,0
04:34:33,6652,ptm_cycle_4,15823672,18995160,0
04:34:34,6652,ptm_cycle_4,15823672,18995160,0
04:34:35,6652,ptm_cycle_4,15823672,18995160,0
04:34:36,6652,ptm_cycle_4,15823672,18995160,0
04:34:37,6652,ptm_cycle_4,15823672,18995160,0
04:34:38,6652,ptm_cycle_4,15823672,18995160,0
04:34:39,6652,ptm_cycle_4,15823672,18995160,0
04:34:40,6652,ptm_cycle_4,15823672,18995160,0
04:34:41,6652,ptm_cycle_4,15823672,18995160,0
04:34:42,6652,ptm_cycle_4,15823672,18995160,0
04:34:43,6652,ptm_cycle_4,15823672,18995160,0
04:34:44,6652,ptm_cycle_4,15823672,18995160,0
04:34:45,6652,ptm_cycle_4,15823672,18995160,0
04:34:46,6652,ptm_cycle_4,15823672,18995160,0
04:34:47,6652,ptm_cycle_4,15823672,18995160,0
04:34:48,6652,ptm_cycle_4,15823672,18995160,0
04:34:49,6652,ptm_cycle_4,15823672,18995160,0
04:34:50,6652,ptm_cycle_4,15823672,18995160,0
04:34:51,6652,ptm_cycle_4,15823672,18995160,0
04:34:52,6652,ptm_cycle_4,15823672,18995160,0
04:34:53,6652,ptm_cycle_4,15823672,18995160,0
04:34:54,6652,ptm_cycle_4,15823672,18995160,0
04:34:55,6652,ptm_cycle_4,15823672,18995160,0
04:34:56,6652,ptm_cycle_4,15823672,18995160,0
04:34:57,6652,ptm_cycle_4,15823672,18995160,0
04:34:58,6652,ptm_cycle_4,15823672,18995160,0
04:34:59,6652,ptm_cycle_4,15823672,18995160,0
04:35:00,6652,ptm_cycle_4,15823672,18995160,0
04:35:01,6652,ptm_cycle_4,15823672,18995160,0
04:35:02,6652,ptm_cycle_4,15823672,18995160,0
04:35:03,6652,ptm_cycle_4,15823672,18995160,0
04:35:04,6652,ptm_cycle_4,15823672,18995160,0
04:35:05,6652,ptm_cycle_4,15823672,18995160,0
04:35:06,6652,ptm_cycle_4,15823672,18995160,0
04:35:07,6652,ptm_cycle_4,15823672,18995160,0
04:35:08,6652,ptm_cycle_4,15823672,18995160,0
04:35:09,6652,ptm_cycle_4,15823672,18995160,0
04:35:10,6652,ptm_cycle_4,15823672,18995160,0
04:35:11,6652,ptm_cycle_4,15823672,18995160,0
04:35:12,6652,ptm_cycle_4,15994004,18995160,0
04:35:13,6652,ptm_cycle_4,16016000,18995160,0
04:35:14,6652,ptm_cycle_4,16016000,18995160,0
04:35:15,6652,ptm_cycle_4,16016000,18995160,0
04:35:16,6652,ptm_cycle_4,16016000,18995160,0
04:35:17,6652,ptm_cycle_4,16016000,18995160,0
04:35:19,6652,ptm_cycle_4,16016000,18995160,0
04:35:20,6652,ptm_cycle_4,16016000,18995160,0
04:35:21,6652,ptm_cycle_4,16016000,18995160,0
04:35:22,6652,ptm_cycle_4,16016000,18995160,0
04:35:23,6652,ptm_cycle_4,16016000,18995160,0
04:35:24,6652,ptm_cycle_4,16016000,18995160,0
04:35:25,6652,ptm_cycle_4,16016000,18995160,0
04:35:26,6652,ptm_cycle_4,16016000,18995160,0
04:35:27,6652,ptm_cycle_4,16016000,18995160,0
04:35:28,6652,ptm_cycle_4,16016000,18995160,0
04:35:29,6652,ptm_cycle_4,16016000,18995160,0
04:35:30,6652,ptm_cycle_4,16016000,18995160,0
04:35:31,6652,ptm_cycle_4,16016000,18995160,0
04:35:32,6652,ptm_cycle_4,16016000,18995160,0
04:35:33,6652,ptm_cycle_4,16016000,18995160,0
04:35:34,6652,ptm_cycle_4,16016000,18995160,0
04:35:35,6652,ptm_cycle_4,16016000,18995160,0
04:35:36,6652,ptm_cycle_4,16016000,18995160,0
04:35:37,6652,ptm_cycle_4,16016000,18995160,0
04:35:38,6652,ptm_cycle_4,16016000,18995160,0
04:35:39,6652,ptm_cycle_4,16016000,18995160,0
04:35:40,6652,ptm_cycle_4,16534588,18995160,0
04:35:41,6652,ptm_cycle_4,17639388,18995160,0
04:35:42,6652,ptm_cycle_4,17639388,18995160,0
04:35:43,6652,ptm_cycle_4,17639388,18995160,0
04:35:44,6652,ptm_cycle_4,17719700,18995160,0
04:35:45,6652,ptm_cycle_4,17857224,18995160,0
04:35:46,6652,ptm_cycle_4,18062380,18995160,0
04:35:47,6652,ptm_cycle_4,16192008,18995160,0
04:35:48,6652,ptm_cycle_4,16514376,18995160,0
04:35:49,6652,ptm_cycle_4,16999944,18995160,0
04:35:50,6652,ptm_cycle_4,18064536,18995160,0
04:35:51,6652,ptm_cycle_4,17602264,18995160,0
04:35:52,6652,ptm_cycle_4,17962080,18995160,0
04:35:53,6652,ptm_cycle_4,18805960,18995160,0
04:35:54,6652,ptm_cycle_4,19390516,19390516,0
04:35:55,6652,ptm_cycle_4,19997656,19997656,0
04:35:56,6652,ptm_cycle_4,20482832,20482832,0
04:35:57,6652,ptm_cycle_4,20603560,20603560,0
04:35:58,6652,ptm_cycle_4,20755748,20766212,0
04:35:59,6652,ptm_cycle_4,20694808,20988692,0
04:36:00,6652,ptm_cycle_4,20828724,20988692,0
04:36:01,6652,ptm_cycle_4,17922576,21563496,0
04:36:02,6652,ptm_cycle_4,17922576,21563496,0
04:36:03,6652,ptm_cycle_4,17922576,21563496,0
04:36:04,6652,ptm_cycle_4,17922580,21563496,0
04:36:05,6652,ptm_cycle_4,17922580,21563496,0
04:36:06,6652,ptm_cycle_4,17922580,21563496,0
04:36:07,6652,ptm_cycle_4,17922580,21563496,0
04:36:08,6652,ptm_cycle_4,17922580,21563496,0
04:36:09,6652,ptm_cycle_4,17922580,21563496,0
04:36:10,6652,ptm_cycle_4,17922580,21563496,0
04:36:11,6652,ptm_cycle_4,17922580,21563496,0
04:36:12,6652,ptm_cycle_4,17922580,21563496,0
04:36:13,6652,ptm_cycle_4,17922580,21563496,0
04:36:14,6652,ptm_cycle_4,17922756,21563496,0
04:36:15,6652,ptm_cycle_4,17922756,21563496,0
04:36:16,6652,ptm_cycle_4,17923076,21563496,0
04:36:17,6652,ptm_cycle_4,17924364,21563496,0
04:36:18,6652,ptm_cycle_4,17924364,21563496,0
04:36:19,6652,ptm_cycle_4,17924364,21563496,0
04:36:20,6652,ptm_cycle_4,17924364,21563496,0
04:36:21,6652,ptm_cycle_4,17924364,21563496,0
04:36:22,6652,ptm_cycle_4,17924364,21563496,0
04:36:23,6652,ptm_cycle_4,17924364,21563496,0
04:36:24,6652,ptm_cycle_4,17924364,21563496,0
04:36:25,6652,ptm_cycle_4,17924364,21563496,0
04:36:26,6652,ptm_cycle_4,17924364,21563496,0
04:36:27,6652,ptm_cycle_4,17924364,21563496,0
04:36:28,6652,ptm_cycle_4,17924364,21563496,0
04:36:29,6652,ptm_cycle_4,17924364,21563496,0
04:36:30,6652,ptm_cycle_4,17924364,21563496,0
04:36:31,6652,ptm_cycle_4,17924364,21563496,0
04:36:32,6652,ptm_cycle_4,17924364,21563496,0
04:36:33,6652,ptm_cycle_4,17924364,21563496,0
04:36:34,6652,ptm_cycle_4,17924364,21563496,0
04:36:35,6652,ptm_cycle_4,17924364,21563496,0
04:36:36,6652,ptm_cycle_4,17924364,21563496,0
04:36:37,6652,ptm_cycle_4,17924364,21563496,0
04:36:38,6652,ptm_cycle_4,17924364,21563496,0
04:36:39,6652,ptm_cycle_4,17924364,21563496,0
04:36:40,6652,ptm_cycle_4,17924364,21563496,0
04:36:41,6652,ptm_cycle_4,17924364,21563496,0
04:36:42,6652,ptm_cycle_4,17924364,21563496,0
04:36:43,6652,ptm_cycle_4,17924364,21563496,0
04:36:44,6652,ptm_cycle_4,17924364,21563496,0
04:36:46,6652,ptm_cycle_4,17924364,21563496,0
04:36:47,6652,ptm_cycle_4,17924364,21563496,0
04:36:48,6652,ptm_cycle_4,17924364,21563496,0
04:36:49,6652,ptm_cycle_4,17924364,21563496,0
04:36:50,6652,ptm_cycle_4,17924364,21563496,0
04:36:51,6652,ptm_cycle_4,17924364,21563496,0
04:36:52,6652,ptm_cycle_4,17924364,21563496,0
04:36:53,6652,ptm_cycle_4,17924364,21563496,0
04:36:54,6652,ptm_cycle_4,17924364,21563496,0
04:36:55,6652,ptm_cycle_4,17924364,21563496,0
04:36:56,6652,ptm_cycle_4,17924364,21563496,0
04:36:57,6652,ptm_cycle_4,17924364,21563496,0
04:36:58,6652,ptm_cycle_4,17924364,21563496,0
04:36:59,6652,ptm_cycle_4,17924364,21563496,0
04:37:00,6652,ptm_cycle_4,17924364,21563496,0
04:37:01,6652,ptm_cycle_4,17924364,21563496,0
04:37:02,6652,ptm_cycle_4,17924364,21563496,0
04:37:03,6652,ptm_cycle_4,17924364,21563496,0
04:37:04,6652,ptm_cycle_4,17924364,21563496,0
04:37:05,6652,ptm_cycle_4,17924364,21563496,0
04:37:06,6652,ptm_cycle_4,17924364,21563496,0
04:37:07,6652,ptm_cycle_4,17924364,21563496,0
04:37:08,6652,ptm_cycle_4,17924364,21563496,0
04:37:09,6652,ptm_cycle_4,17924364,21563496,0
04:37:10,6652,ptm_cycle_4,17924364,21563496,0
04:37:11,6652,ptm_cycle_4,17924364,21563496,0
04:37:12,6652,ptm_cycle_4,17924364,21563496,0
04:37:13,6652,ptm_cycle_4,17924364,21563496,0
04:37:14,6652,ptm_cycle_4,17924364,21563496,0
04:37:15,6652,ptm_cycle_4,17924364,21563496,0
04:37:16,6652,ptm_cycle_4,17924364,21563496,0
04:37:17,6652,ptm_cycle_4,17924364,21563496,0
04:37:18,6652,ptm_cycle_4,17924364,21563496,0
04:37:19,6652,ptm_cycle_4,17924364,21563496,0
04:37:20,6652,ptm_cycle_4,17924364,21563496,0
04:37:21,6652,ptm_cycle_4,17924364,21563496,0
04:37:22,6652,ptm_cycle_4,17924364,21563496,0
04:37:23,6652,ptm_cycle_4,17924364,21563496,0
04:37:24,6652,ptm_cycle_4,17924364,21563496,0
04:37:25,6652,ptm_cycle_4,17924364,21563496,0
04:37:26,6652,ptm_cycle_4,17924364,21563496,0
04:37:27,6652,ptm_cycle_4,17924364,21563496,0
04:37:28,6652,ptm_cycle_4,17924364,21563496,0
04:37:29,6652,ptm_cycle_4,17924364,21563496,0
04:37:30,6652,ptm_cycle_4,17924364,21563496,0
04:37:31,6652,ptm_cycle_4,17924364,21563496,0
04:37:32,6652,ptm_cycle_4,17924364,21563496,0
04:37:33,6652,ptm_cycle_4,17924364,21563496,0
04:37:34,6652,ptm_cycle_4,17924364,21563496,0
04:37:35,6652,ptm_cycle_4,17924364,21563496,0
04:37:36,6652,ptm_cycle_4,17924364,21563496,0
04:37:37,6652,ptm_cycle_4,17924364,21563496,0
04:37:38,6652,ptm_cycle_4,17924364,21563496,0
04:37:39,6652,ptm_cycle_4,17924364,21563496,0
04:37:40,6652,ptm_cycle_4,17924364,21563496,0
04:37:41,6652,ptm_cycle_4,18076936,21563496,0
04:37:42,6652,ptm_cycle_4,18075940,21563496,0
04:37:43,6652,ptm_cycle_4,18075940,21563496,0
04:37:44,6652,ptm_cycle_4,18075940,21563496,0
04:37:45,6652,ptm_cycle_4,18075940,21563496,0
04:37:46,6652,ptm_cycle_4,18075940,21563496,0
04:37:47,6652,ptm_cycle_4,18075940,21563496,0
04:37:48,6652,ptm_cycle_4,18075940,21563496,0
04:37:49,6652,ptm_cycle_4,18075940,21563496,0
04:37:50,6652,ptm_cycle_4,18075940,21563496,0
04:37:51,6652,ptm_cycle_4,18075940,21563496,0
04:37:52,6652,ptm_cycle_4,18075940,21563496,0
04:37:53,6652,ptm_cycle_4,18075940,21563496,0
04:37:54,6652,ptm_cycle_4,18075940,21563496,0
04:37:55,6652,ptm_cycle_4,21150512,21563496,0
04:37:56,6652,ptm_cycle_4,22612588,22612588,0
04:37:57,6652,ptm_cycle_4,18075940,23566528,0
04:37:58,6652,ptm_cycle_4,18195328,23566528,0
04:37:59,6652,ptm_cycle_4,17122440,23566528,0
04:38:00,6652,ptm_cycle_4,16322656,23566528,0
04:38:01,6652,ptm_cycle_4,16338088,23566528,0
04:38:02,6652,ptm_cycle_4,17210984,23566528,0
04:38:03,6652,ptm_cycle_4,17211024,23566528,0
04:38:04,6652,ptm_cycle_4,17211024,23566528,0
04:38:05,6652,ptm_cycle_4,17301944,23566528,0
04:38:06,6652,ptm_cycle_4,17438508,23566528,0
04:38:07,6652,ptm_cycle_4,17642976,23566528,0
04:38:08,6652,ptm_cycle_4,16338240,23566528,0
04:38:09,6652,ptm_cycle_4,16557900,23566528,0
04:38:10,6652,ptm_cycle_4,17667540,23566528,0
04:38:11,6652,ptm_cycle_4,18095460,23566528,0
04:38:13,6652,ptm_cycle_4,21754320,23566528,0
04:38:14,6652,ptm_cycle_4,26400080,26400080,0
04:38:15,6652,ptm_cycle_4,30312364,30312364,0
04:38:16,6652,ptm_cycle_4,33626948,33815960,0
04:38:17,6652,ptm_cycle_4,36488376,36488376,0
04:38:18,6652,ptm_cycle_4,39835116,39835116,0
04:38:19,6652,ptm_cycle_4,41678160,41678360,77860
04:38:20,6652,ptm_cycle_4,42508296,42509176,757648
04:38:21,6652,ptm_cycle_4,42766696,42773144,1720448
04:38:22,6652,ptm_cycle_4,42698960,42825300,3108696
04:38:23,6652,ptm_cycle_4,42550392,42825300,4126452
04:38:24,6652,ptm_cycle_4,42550844,42825300,5346380
04:38:25,6652,ptm_cycle_4,42505464,42825300,7050016
04:38:26,6652,ptm_cycle_4,42205872,42825300,8119640
04:38:27,6652,ptm_cycle_4,42177972,42825300,8572664
04:38:28,6652,ptm_cycle_4,42138244,42825300,9251416
04:38:29,6652,ptm_cycle_4,41175356,42825300,9539568
04:38:30,6652,ptm_cycle_4,41464444,42825300,9240944
04:38:31,6652,ptm_cycle_4,41874072,42825300,8709592
04:38:32,6652,ptm_cycle_4,42054396,42825300,8979792
04:38:33,6652,ptm_cycle_4,41587480,42825300,10384512
04:38:34,6652,ptm_cycle_4,41747472,42825300,11704428
04:38:35,6652,ptm_cycle_4,41628840,42825300,12771960
04:38:36,6652,ptm_cycle_4,41421036,42825300,13592788
04:38:37,6652,ptm_cycle_4,41239640,42825300,13676148
04:38:39,6652,ptm_cycle_4,41115768,42825300,14154556
04:38:40,6652,ptm_cycle_4,41093648,42825300,14698456
04:38:41,6652,ptm_cycle_4,41017180,42825300,15075332
04:38:42,6652,ptm_cycle_4,40349660,42825300,15623368
04:38:43,6652,ptm_cycle_4,40820048,42825300,16105876
04:38:44,6652,ptm_cycle_4,41022804,42825300,16339928
04:38:45,6652,ptm_cycle_4,40416408,42825300,16918836
04:38:46,6652,ptm_cycle_4,40943360,42825300,17096580
04:38:47,6652,ptm_cycle_4,40544808,42825300,17487744
04:38:48,6652,ptm_cycle_4,40762548,42825300,17433992
04:38:49,6652,ptm_cycle_4,40550464,42825300,17613780
04:38:50,6652,ptm_cycle_4,40481924,42825300,17952084
04:38:51,6652,ptm_cycle_4,40205612,42825300,17995860
04:38:52,6652,ptm_cycle_4,40438884,42825300,17989468
04:38:53,6652,ptm_cycle_4,40149056,42825300,17906564
04:38:54,6652,ptm_cycle_4,40535144,42825300,17893244
04:38:55,6652,ptm_cycle_4,40464988,42825300,17789320
04:38:56,6652,ptm_cycle_4,40506096,42825300,17922308
04:38:57,6652,ptm_cycle_4,40498220,42825300,17930184
04:38:58,6652,ptm_cycle_4,40388904,42825300,18039520
04:38:59,6652,ptm_cycle_4,40542736,42825300,17885704
04:39:00,6652,ptm_cycle_4,40450924,42825300,17977520
04:39:01,6652,ptm_cycle_4,40513020,42825300,17915432
04:39:02,6652,ptm_cycle_4,40444140,42825300,17984320
04:39:03,6652,ptm_cycle_4,40347708,42825300,18080756
04:39:04,6652,ptm_cycle_4,40378296,42825300,18074888
04:39:05,6652,ptm_cycle_4,40405844,42825300,18022968
04:39:06,6652,ptm_cycle_4,40394540,42825300,18034284
04:39:07,6652,ptm_cycle_4,40271644,42825300,18157920
04:39:08,6652,ptm_cycle_4,40475824,42825300,18156180
04:39:09,6652,ptm_cycle_4,40277616,42825300,18151980
04:39:10,6652,ptm_cycle_4,40282748,42825300,18146944
04:39:11,6652,ptm_cycle_4,40304392,42825300,18125320
04:39:12,6652,ptm_cycle_4,40284336,42825300,18145836
04:39:13,6652,ptm_cycle_4,39995220,42825300,18162420
04:39:14,6652,ptm_cycle_4,40281308,42825300,18353928
04:39:15,6652,ptm_cycle_4,40209632,42825300,18253224
04:39:16,6652,ptm_cycle_4,40661024,42825300,18228472
04:39:17,6652,ptm_cycle_4,40440080,42825300,18264304
04:39:18,6652,ptm_cycle_4,40649604,42825300,18761208
04:39:19,6652,ptm_cycle_4,39672324,42825300,19053292
04:39:20,6652,ptm_cycle_4,40564060,42825300,18668172
04:39:21,6652,ptm_cycle_4,40442844,42825300,18775252
04:39:22,6652,ptm_cycle_4,40576836,42825300,19058636
04:39:23,6652,ptm_cycle_4,40550284,42825300,19347048
04:39:25,6652,ptm_cycle_4,40501940,42825300,19715244
04:39:26,6652,ptm_cycle_4,39976800,42825300,20781248
04:39:27,6652,ptm_cycle_4,39631784,42825300,20403720
04:39:28,6652,ptm_cycle_4,39499192,42825300,20317692
04:39:29,6652,ptm_cycle_4,39918392,42825300,20468348
04:39:30,6652,ptm_cycle_4,39648536,42825300,20609356
04:39:31,6652,ptm_cycle_4,39685752,42825300,20706152
04:39:32,6652,ptm_cycle_4,39395128,42825300,20659192
04:39:33,6652,ptm_cycle_4,39842792,42825300,20768484
04:39:34,6652,ptm_cycle_4,39672472,42825300,20799276
04:39:35,6652,ptm_cycle_4,39671920,42825300,20942744
04:39:36,6652,ptm_cycle_4,39708708,42825300,20906236
04:39:37,6652,ptm_cycle_4,39399880,42825300,20896208
04:39:38,6652,ptm_cycle_4,39731752,42825300,20885500
04:39:39,6652,ptm_cycle_4,39734948,42825300,20882608
04:39:40,6652,ptm_cycle_4,39388840,42825300,20878536
04:39:41,6652,ptm_cycle_4,39740612,42825300,20877132
04:39:42,6652,ptm_cycle_4,39147416,42825300,19742636
04:39:43,6652,ptm_cycle_4,36036612,42825300,18238116
04:39:44,6652,ptm_cycle_4,33101196,42825300,16644792
04:39:45,6652,ptm_cycle_4,28547820,42825300,15868384
04:39:46,6652,ptm_cycle_4,27081628,42825300,14468272
04:39:47,6652,ptm_cycle_4,25260492,42825300,13502400
04:39:48,6652,ptm_cycle_4,21745612,42825300,11532504
04:39:49,6652,ptm_cycle_4,16742688,42825300,10499192
04:39:50,6652,ptm_cycle_4,17304588,42825300,9291408
04:39:51,6652,ptm_cycle_4,18263172,42825300,8334952
04:39:52,6652,ptm_cycle_4,19231540,42825300,7366584
04:39:53,6652,ptm_cycle_4,19236608,42825300,6884732
04:39:54,6652,ptm_cycle_4,19172076,42825300,6864476
04:39:55,6652,ptm_cycle_4,19173304,42825300,6863252
04:39:56,6652,ptm_cycle_4,19173564,42825300,6862980
04:39:57,6652,ptm_cycle_4,19174044,42825300,6862500
04:39:58,6652,ptm_cycle_4,19174084,42825300,6862460
04:39:59,6652,ptm_cycle_4,19174228,42825300,6862436
04:40:00,6652,ptm_cycle_4,19174228,42825300,6862436
04:40:01,6652,ptm_cycle_4,19174460,42825300,6862204
04:40:02,6652,ptm_cycle_4,19174460,42825300,6862204
04:40:03,6652,ptm_cycle_4,19174472,42825300,6862192
04:40:04,6652,ptm_cycle_4,19174480,42825300,6862184
04:40:05,6652,ptm_cycle_4,19174480,42825300,6862184
04:40:06,6652,ptm_cycle_4,19174480,42825300,6862184
04:40:07,6652,ptm_cycle_4,19174480,42825300,6862184
04:40:08,6652,ptm_cycle_4,19174480,42825300,6862184
04:40:09,6652,ptm_cycle_4,19174488,42825300,6862180
04:40:10,6652,ptm_cycle_4,19174488,42825300,6862180
04:40:11,6652,ptm_cycle_4,19174488,42825300,6862180
04:40:12,6652,ptm_cycle_4,19174488,42825300,6862180
04:40:13,6652,ptm_cycle_4,19174492,42825300,6862176
04:40:14,6652,ptm_cycle_4,19174492,42825300,6862176
04:40:15,6652,ptm_cycle_4,19174492,42825300,6862176
04:40:16,6652,ptm_cycle_4,19174748,42825300,6861920
04:40:17,6652,ptm_cycle_4,19174776,42825300,6861892
04:40:18,6652,ptm_cycle_4,19174788,42825300,6861892
04:40:19,6652,ptm_cycle_4,19174776,42825300,6861892
04:40:20,6652,ptm_cycle_4,19174776,42825300,6861892
04:40:21,6652,ptm_cycle_4,19174776,42825300,6861892
04:40:22,6652,ptm_cycle_4,19178872,42825300,6857796
04:40:23,6652,ptm_cycle_4,19178872,42825300,6857796
04:40:24,6652,ptm_cycle_4,19179520,42825300,6857148
04:40:25,6652,ptm_cycle_4,19179548,42825300,6857120
04:40:26,6652,ptm_cycle_4,19179556,42825300,6857112
04:40:27,6652,ptm_cycle_4,19179556,42825300,6857112
04:40:28,6652,ptm_cycle_4,19179556,42825300,6857112
04:40:29,6652,ptm_cycle_4,19179556,42825300,6857112
04:40:30,6652,ptm_cycle_4,19179612,42825300,6857056
04:40:31,6652,ptm_cycle_4,19179612,42825300,6857056
04:40:32,6652,ptm_cycle_4,19179612,42825300,6857056
04:40:33,6652,ptm_cycle_4,19179612,42825300,6857056
04:40:34,6652,ptm_cycle_4,19179612,42825300,6857056
04:40:35,6652,ptm_cycle_4,19180264,42825300,6856404
04:40:36,6652,ptm_cycle_4,19180264,42825300,6856404
04:40:37,6652,ptm_cycle_4,19180268,42825300,6856400
04:40:39,6652,ptm_cycle_4,19180272,42825300,6856396
04:40:40,6652,ptm_cycle_4,19180276,42825300,6856392
04:40:41,6652,ptm_cycle_4,19180280,42825300,6856388
04:40:42,6652,ptm_cycle_4,19180280,42825300,6856388
04:40:43,6652,ptm_cycle_4,19180284,42825300,6856384
04:40:44,6652,ptm_cycle_4,19180284,42825300,6856384
04:40:45,6652,ptm_cycle_4,19180288,42825300,6856380
04:40:46,6652,ptm_cycle_4,19180288,42825300,6856380
04:40:47,6652,ptm_cycle_4,19180288,42825300,6856380
04:40:48,6652,ptm_cycle_4,19180288,42825300,6856380
04:40:49,6652,ptm_cycle_4,19180408,42825300,6856260
04:40:50,6652,ptm_cycle_4,19180412,42825300,6856256
04:40:51,6652,ptm_cycle_4,19180412,42825300,6856256
04:40:52,6652,ptm_cycle_4,19180412,42825300,6856256
04:40:53,6652,ptm_cycle_4,19180412,42825300,6856256
04:40:54,6652,ptm_cycle_4,19180412,42825300,6856256
04:40:55,6652,ptm_cycle_4,19180412,42825300,6856256
04:40:56,6652,ptm_cycle_4,19180420,42825300,6856248
04:40:57,6652,ptm_cycle_4,19180420,42825300,6856248
04:40:58,6652,ptm_cycle_4,19180420,42825300,6856248
04:40:59,6652,ptm_cycle_4,19180420,42825300,6856248
04:41:00,6652,ptm_cycle_4,19180420,42825300,6856248
04:41:01,6652,ptm_cycle_4,19180420,42825300,6856248
04:41:02,6652,ptm_cycle_4,19180420,42825300,6856248
04:41:03,6652,ptm_cycle_4,19180420,42825300,6856248
04:41:04,6652,ptm_cycle_4,19180420,42825300,6856248
04:41:05,6652,ptm_cycle_4,19180420,42825300,6856248
04:41:06,6652,ptm_cycle_4,19180420,42825300,6856248
04:41:07,6652,ptm_cycle_4,19180424,42825300,6856244
04:41:08,6652,ptm_cycle_4,19180648,42825300,6856020
04:41:09,6652,ptm_cycle_4,19180648,42825300,6856020
04:41:10,6652,ptm_cycle_4,19180840,42825300,6855828
04:41:11,6652,ptm_cycle_4,19180840,42825300,6855828
04:41:12,6652,ptm_cycle_4,19180840,42825300,6855828
04:41:13,6652,ptm_cycle_4,19181036,42825300,6855664
04:41:14,6652,ptm_cycle_4,19181756,42825300,6854944
04:41:15,6652,ptm_cycle_4,19181984,42825300,6854716
04:41:16,6652,ptm_cycle_4,19181988,42825300,6854712
04:41:17,6652,ptm_cycle_4,19182028,42825300,6854672
04:41:18,6652,ptm_cycle_4,19182040,42825300,6854660
04:41:19,6652,ptm_cycle_4,19182044,42825300,6854656
04:41:20,6652,ptm_cycle_4,19182044,42825300,6854656
04:41:21,6652,ptm_cycle_4,19182044,42825300,6854656
04:41:22,6652,ptm_cycle_4,19182044,42825300,6854656
04:41:23,6652,ptm_cycle_4,19182044,42825300,6854656
04:41:24,6652,ptm_cycle_4,19182044,42825300,6854656
04:41:25,6652,ptm_cycle_4,19182044,42825300,6854656
04:41:26,6652,ptm_cycle_4,19182044,42825300,6854656
04:41:27,6652,ptm_cycle_4,19182044,42825300,6854656
04:41:28,6652,ptm_cycle_4,19182044,42825300,6854656
04:41:29,6652,ptm_cycle_4,19182044,42825300,6854656
04:41:30,6652,ptm_cycle_4,19182044,42825300,6854656
04:41:31,6652,ptm_cycle_4,19182044,42825300,6854656
04:41:32,6652,ptm_cycle_4,19182044,42825300,6854656
04:41:33,6652,ptm_cycle_4,19182044,42825300,6854656
04:41:34,6652,ptm_cycle_4,19182044,42825300,6854656
04:41:35,6652,ptm_cycle_4,19182792,42825300,6853908
04:41:36,6652,ptm_cycle_4,19182792,42825300,6853908
04:41:37,6652,ptm_cycle_4,19182796,42825300,6853904
04:41:38,6652,ptm_cycle_4,19182800,42825300,6853900
04:41:39,6652,ptm_cycle_4,19182800,42825300,6853900
04:41:40,6652,ptm_cycle_4,19182800,42825300,6853900
04:41:41,6652,ptm_cycle_4,19182800,42825300,6853900
04:41:42,6652,ptm_cycle_4,19183560,42825300,6853140
04:41:43,6652,ptm_cycle_4,19183932,42825300,6852768
04:41:44,6652,ptm_cycle_4,19184436,42825300,6852264
04:41:45,6652,ptm_cycle_4,19184744,42825300,6851956
04:41:46,6652,ptm_cycle_4,19184744,42825300,6851956
04:41:47,6652,ptm_cycle_4,19184744,42825300,6851956
04:41:48,6652,ptm_cycle_4,19184744,42825300,6851956
04:41:49,6652,ptm_cycle_4,19184768,42825300,6851932
04:41:50,6652,ptm_cycle_4,19184768,42825300,6851932
04:41:51,6652,ptm_cycle_4,19184768,42825300,6851932
04:41:52,6652,ptm_cycle_4,19184768,42825300,6851932
04:41:53,6652,ptm_cycle_4,19184992,42825300,6851708
04:41:54,6652,ptm_cycle_4,19184992,42825300,6851708
04:41:55,6652,ptm_cycle_4,19185776,42825300,6850924
04:41:56,6652,ptm_cycle_4,19186060,42825300,6850640
04:41:57,6652,ptm_cycle_4,19186100,42825300,6850600
04:41:58,6652,ptm_cycle_4,19186100,42825300,6850600
04:41:59,6652,ptm_cycle_4,19186100,42825300,6850600
04:42:00,6652,ptm_cycle_4,19186100,42825300,6850600
04:42:01,6652,ptm_cycle_4,19186100,42825300,6850600
04:42:02,6652,ptm_cycle_4,19186100,42825300,6850600
04:42:03,6652,ptm_cycle_4,19186180,42825300,6850520
04:42:04,6652,ptm_cycle_4,19186260,42825300,6850440
04:42:05,6652,ptm_cycle_4,19186352,42825300,6850348
04:42:06,6652,ptm_cycle_4,19187156,42825300,6849544
04:42:07,6652,ptm_cycle_4,19187156,42825300,6849544
04:42:09,6652,ptm_cycle_4,19187496,42825300,6849204
04:42:10,6652,ptm_cycle_4,19187496,42825300,6849204
04:42:11,6652,ptm_cycle_4,19187496,42825300,6849204
04:42:12,6652,ptm_cycle_4,19188920,42825300,6847780
04:42:13,6652,ptm_cycle_4,19188920,42825300,6847780
04:42:14,6652,ptm_cycle_4,19188920,42825300,6847780
04:42:15,6652,ptm_cycle_4,19188920,42825300,6847780
04:42:16,6652,ptm_cycle_4,19189648,42825300,6847052
04:42:17,6652,ptm_cycle_4,19189648,42825300,6847052
04:42:18,6652,ptm_cycle_4,19190428,42825300,6846272
04:42:19,6652,ptm_cycle_4,19191664,42825300,6845036
04:42:20,6652,ptm_cycle_4,19191672,42825300,6845028
04:42:21,6652,ptm_cycle_4,19191672,42825300,6845028
04:42:22,6652,ptm_cycle_4,19191672,42825300,6845028
04:42:23,6652,ptm_cycle_4,19191672,42825300,6845028
04:42:24,6652,ptm_cycle_4,19191672,42825300,6845028
04:42:25,6652,ptm_cycle_4,19191676,42825300,6845024
04:42:26,6652,ptm_cycle_4,19191676,42825300,6845024
04:42:27,6652,ptm_cycle_4,19191676,42825300,6845024
04:42:28,6652,ptm_cycle_4,19191676,42825300,6845024
04:42:29,6652,ptm_cycle_4,19191676,42825300,6845024
04:42:30,6652,ptm_cycle_4,19191676,42825300,6845024
04:42:31,6652,ptm_cycle_4,19191676,42825300,6845024
04:42:32,6652,ptm_cycle_4,19191676,42825300,6845024
04:42:33,6652,ptm_cycle_4,19191676,42825300,6845024
04:42:34,6652,ptm_cycle_4,19191852,42825300,6844848
04:42:35,6652,ptm_cycle_4,19191852,42825300,6844848
04:42:36,6652,ptm_cycle_4,19191852,42825300,6844848
04:42:37,6652,ptm_cycle_4,19191852,42825300,6844848
04:42:38,6652,ptm_cycle_4,19191852,42825300,6844848
04:42:39,6652,ptm_cycle_4,19192020,42825300,6844680
04:42:40,6652,ptm_cycle_4,19192020,42825300,6844680
04:42:41,6652,ptm_cycle_4,19192020,42825300,6844680
04:42:42,6652,ptm_cycle_4,19192020,42825300,6844680
04:42:43,6652,ptm_cycle_4,19192020,42825300,6844680
04:42:44,6652,ptm_cycle_4,19192036,42825300,6844664
04:42:45,6652,ptm_cycle_4,19192036,42825300,6844664
04:42:46,6652,ptm_cycle_4,19192036,42825300,6844664
04:42:47,6652,ptm_cycle_4,19192036,42825300,6844664
04:42:48,6652,ptm_cycle_4,19192036,42825300,6844664
04:42:49,6652,ptm_cycle_4,19192036,42825300,6844664
04:42:50,6652,ptm_cycle_4,19192916,42825300,6843784
04:42:51,6652,ptm_cycle_4,19192920,42825300,6843780
04:42:52,6652,ptm_cycle_4,19192920,42825300,6843780
04:42:53,6652,ptm_cycle_4,19192924,42825300,6843776
04:42:54,6652,ptm_cycle_4,19192924,42825300,6843776
04:42:55,6652,ptm_cycle_4,19192928,42825300,6843772
04:42:56,6652,ptm_cycle_4,19192928,42825300,6843772
04:42:57,6652,ptm_cycle_4,19192932,42825300,6843768
04:42:58,6652,ptm_cycle_4,19194316,42825300,6842384
04:42:59,6652,ptm_cycle_4,19194316,42825300,6842384
04:43:00,6652,ptm_cycle_4,19194316,42825300,6842384
04:43:01,6652,ptm_cycle_4,19194320,42825300,6842380
04:43:02,6652,ptm_cycle_4,19194320,42825300,6842380
04:43:03,6652,ptm_cycle_4,19194320,42825300,6842380
04:43:04,6652,ptm_cycle_4,19194320,42825300,6842380
04:43:05,6652,ptm_cycle_4,19194320,42825300,6842380
04:43:06,6652,ptm_cycle_4,19194320,42825300,6842380
04:43:07,6652,ptm_cycle_4,19194320,42825300,6842380
04:43:08,6652,ptm_cycle_4,19194324,42825300,6842376
04:43:09,6652,ptm_cycle_4,19194324,42825300,6842376
04:43:10,6652,ptm_cycle_4,19194324,42825300,6842376
04:43:11,6652,ptm_cycle_4,19194324,42825300,6842376
04:43:12,6652,ptm_cycle_4,19194328,42825300,6842372
04:43:13,6652,ptm_cycle_4,19194328,42825300,6842372
04:43:14,6652,ptm_cycle_4,19194328,42825300,6842372
04:43:15,6652,ptm_cycle_4,19194328,42825300,6842372
04:43:16,6652,ptm_cycle_4,19194332,42825300,6842368
04:43:17,6652,ptm_cycle_4,19194332,42825300,6842368
04:43:18,6652,ptm_cycle_4,19194332,42825300,6842368
04:43:19,6652,ptm_cycle_4,19194336,42825300,6842364
04:43:20,6652,ptm_cycle_4,19194336,42825300,6842364
04:43:21,6652,ptm_cycle_4,19194336,42825300,6842364
04:43:22,6652,ptm_cycle_4,19194336,42825300,6842364
04:43:23,6652,ptm_cycle_4,19194340,42825300,6842360
04:43:24,6652,ptm_cycle_4,19194340,42825300,6842360
04:43:25,6652,ptm_cycle_4,19194340,42825300,6842360
04:43:26,6652,ptm_cycle_4,19194340,42825300,6842360
04:43:27,6652,ptm_cycle_4,19194344,42825300,6842356
04:43:28,6652,ptm_cycle_4,19194344,42825300,6842356
04:43:29,6652,ptm_cycle_4,19194348,42825300,6842352
04:43:30,6652,ptm_cycle_4,19194348,42825300,6842352
04:43:31,6652,ptm_cycle_4,19194348,42825300,6842352
04:43:32,6652,ptm_cycle_4,19194348,42825300,6842352
04:43:33,6652,ptm_cycle_4,19194348,42825300,6842352
04:43:34,6652,ptm_cycle_4,19194348,42825300,6842352
04:43:35,6652,ptm_cycle_4,19194348,42825300,6842352
04:43:36,6652,ptm_cycle_4,19194352,42825300,6842348
04:43:37,6652,ptm_cycle_4,19194352,42825300,6842348
04:43:38,6652,ptm_cycle_4,19194352,42825300,6842348
04:43:40,6652,ptm_cycle_4,19194356,42825300,6842344
04:43:41,6652,ptm_cycle_4,19194356,42825300,6842344
04:43:42,6652,ptm_cycle_4,19194356,42825300,6842344
04:43:43,6652,ptm_cycle_4,19194376,42825300,6842324
04:43:44,6652,ptm_cycle_4,19194376,42825300,6842324
04:43:45,6652,ptm_cycle_4,19194376,42825300,6842324
04:43:46,6652,ptm_cycle_4,19194380,42825300,6842320
04:43:47,6652,ptm_cycle_4,19194536,42825300,6842164
04:43:48,6652,ptm_cycle_4,19194536,42825300,6842164
04:43:49,6652,ptm_cycle_4,19194540,42825300,6842160
04:43:50,6652,ptm_cycle_4,19129772,42825300,6842160
04:43:51,6652,ptm_cycle_4,19129772,42825300,6842160
04:43:52,6652,ptm_cycle_4,19129772,42825300,6842160
04:43:53,6652,ptm_cycle_4,19129776,42825300,6842156
04:43:54,6652,ptm_cycle_4,19129776,42825300,6842156
04:43:55,6652,ptm_cycle_4,19129776,42825300,6842156
04:43:56,6652,ptm_cycle_4,19129780,42825300,6842152
04:43:57,6652,ptm_cycle_4,19129780,42825300,6842152
04:43:58,6652,ptm_cycle_4,19129780,42825300,6842152
04:43:59,6652,ptm_cycle_4,19129780,42825300,6842152
04:44:00,6652,ptm_cycle_4,19129780,42825300,6842152
04:44:01,6652,ptm_cycle_4,19129780,42825300,6842152
04:44:02,6652,ptm_cycle_4,19129780,42825300,6842152
04:44:03,6652,ptm_cycle_4,19129780,42825300,6842152
04:44:04,6652,ptm_cycle_4,19129792,42825300,6842140
04:44:05,6652,ptm_cycle_4,19129792,42825300,6842140
04:44:06,6652,ptm_cycle_4,19129792,42825300,6842140
04:44:07,6652,ptm_cycle_4,19129792,42825300,6842140
04:44:08,6652,ptm_cycle_4,19129796,42825300,6842136
04:44:09,6652,ptm_cycle_4,19129796,42825300,6842136
04:44:10,6652,ptm_cycle_4,19129796,42825300,6842136
04:44:11,6652,ptm_cycle_4,19129800,42825300,6842132
04:44:12,6652,ptm_cycle_4,19129800,42825300,6842132
04:44:13,6652,ptm_cycle_4,19129800,42825300,6842132
04:44:14,6652,ptm_cycle_4,19129800,42825300,6842132
04:44:15,6652,ptm_cycle_4,19129804,42825300,6842128
04:44:16,6652,ptm_cycle_4,19130780,42825300,6841152
04:44:17,6652,ptm_cycle_4,19130780,42825300,6841152
04:44:18,6652,ptm_cycle_4,19130780,42825300,6841152
04:44:19,6652,ptm_cycle_4,19130784,42825300,6841148
04:44:20,6652,ptm_cycle_4,19130784,42825300,6841148
04:44:21,6652,ptm_cycle_4,19130784,42825300,6841148
04:44:22,6652,ptm_cycle_4,19130784,42825300,6841148
04:44:23,6652,ptm_cycle_4,19130800,42825300,6841132
04:44:24,6652,ptm_cycle_4,19130800,42825300,6841132
04:44:25,6652,ptm_cycle_4,19130804,42825300,6841128
04:44:26,6652,ptm_cycle_4,19130804,42825300,6841128
04:44:27,6652,ptm_cycle_4,19130804,42825300,6841128
04:44:28,6652,ptm_cycle_4,19130804,42825300,6841128
04:44:29,6652,ptm_cycle_4,19130804,42825300,6841128
04:44:30,6652,ptm_cycle_4,19131696,42825300,6840236
04:44:31,6652,ptm_cycle_4,19131696,42825300,6840236
04:44:32,6652,ptm_cycle_4,19131696,42825300,6840236
04:44:33,6652,ptm_cycle_4,19131700,42825300,6840232
04:44:34,6652,ptm_cycle_4,19131700,42825300,6840232
04:44:35,6652,ptm_cycle_4,19131700,42825300,6840232
04:44:36,6652,ptm_cycle_4,19132676,42825300,6839256
04:44:37,6652,ptm_cycle_4,19132680,42825300,6839252
04:44:38,6652,ptm_cycle_4,19132680,42825300,6839252
04:44:39,6652,ptm_cycle_4,19132704,42825300,6839228
04:44:40,6652,ptm_cycle_4,19132704,42825300,6839228
04:44:41,6652,ptm_cycle_4,19132708,42825300,6839224
04:44:42,6652,ptm_cycle_4,19132708,42825300,6839224
04:44:43,6652,ptm_cycle_4,19132708,42825300,6839224
04:44:44,6652,ptm_cycle_4,19132708,42825300,6839224
04:44:45,6652,ptm_cycle_4,19132712,42825300,6839220
04:44:46,6652,ptm_cycle_4,19132712,42825300,6839220
04:44:47,6652,ptm_cycle_4,19132712,42825300,6839220
04:44:48,6652,ptm_cycle_4,19132712,42825300,6839220
04:44:49,6652,ptm_cycle_4,19132716,42825300,6839216
04:44:50,6652,ptm_cycle_4,19132716,42825300,6839216
04:44:51,6652,ptm_cycle_4,19132720,42825300,6839212
04:44:52,6652,ptm_cycle_4,19132720,42825300,6839212
04:44:53,6652,ptm_cycle_4,19132720,42825300,6839212
04:44:54,6652,ptm_cycle_4,19132720,42825300,6839212
04:44:55,6652,ptm_cycle_4,19133044,42825300,6838888
04:44:56,6652,ptm_cycle_4,19133044,42825300,6838888
04:44:57,6652,ptm_cycle_4,19133044,42825300,6838888
04:44:58,6652,ptm_cycle_4,19133044,42825300,6838888
04:44:59,6652,ptm_cycle_4,19133044,42825300,6838888
04:45:00,6652,ptm_cycle_4,19133044,42825300,6838888
04:45:01,6652,ptm_cycle_4,19133044,42825300,6838888
04:45:02,6652,ptm_cycle_4,19133044,42825300,6838888
04:45:03,6652,ptm_cycle_4,19133044,42825300,6838888
04:45:04,6652,ptm_cycle_4,19133440,42825300,6838492
04:45:05,6652,ptm_cycle_4,19133440,42825300,6838492
04:45:06,6652,ptm_cycle_4,19133440,42825300,6838492
04:45:07,6652,ptm_cycle_4,19133444,42825300,6838488
04:45:08,6652,ptm_cycle_4,19133444,42825300,6838488
04:45:09,6652,ptm_cycle_4,19133444,42825300,6838488
04:45:11,6652,ptm_cycle_4,19133892,42825300,6838040
04:45:12,6652,ptm_cycle_4,19133900,42825300,6838032
04:45:13,6652,ptm_cycle_4,19133900,42825300,6838032
04:45:14,6652,ptm_cycle_4,19133900,42825300,6838032
04:45:15,6652,ptm_cycle_4,19133904,42825300,6838028
04:45:16,6652,ptm_cycle_4,19133904,42825300,6838028
04:45:17,6652,ptm_cycle_4,19133912,42825300,6838020
04:45:18,6652,ptm_cycle_4,19133912,42825300,6838020
04:45:19,6652,ptm_cycle_4,19133912,42825300,6838020
04:45:20,6652,ptm_cycle_4,19133912,42825300,6838020
04:45:21,6652,ptm_cycle_4,19133920,42825300,6838012
04:45:22,6652,ptm_cycle_4,19133920,42825300,6838012
04:45:23,6652,ptm_cycle_4,19133920,42825300,6838012
04:45:24,6652,ptm_cycle_4,19133928,42825300,6838004
04:45:25,6652,ptm_cycle_4,19133928,42825300,6838004
04:45:26,6652,ptm_cycle_4,19133928,42825300,6838004
04:45:27,6652,ptm_cycle_4,19133928,42825300,6838004
04:45:28,6652,ptm_cycle_4,19133936,42825300,6837996
04:45:29,6652,ptm_cycle_4,19133936,42825300,6837996
04:45:30,6652,ptm_cycle_4,19133936,42825300,6837996
04:45:31,6652,ptm_cycle_4,19133936,42825300,6837996
04:45:32,6652,ptm_cycle_4,19133936,42825300,6837996
04:45:33,6652,ptm_cycle_4,19133940,42825300,6837992
04:45:34,6652,ptm_cycle_4,19133944,42825300,6837988
04:45:35,6652,ptm_cycle_4,19133944,42825300,6837988
04:45:36,6652,ptm_cycle_4,19133944,42825300,6837988
04:45:37,6652,ptm_cycle_4,19133948,42825300,6837984
04:45:38,6652,ptm_cycle_4,19133948,42825300,6837984
04:45:39,6652,ptm_cycle_4,19133948,42825300,6837984
04:45:40,6652,ptm_cycle_4,19133952,42825300,6837980
04:45:41,6652,ptm_cycle_4,19133952,42825300,6837980
04:45:42,6652,ptm_cycle_4,19133952,42825300,6837980
04:45:43,6652,ptm_cycle_4,19134080,42825300,6837852
04:45:44,6652,ptm_cycle_4,19134080,42825300,6837852
04:45:45,6652,ptm_cycle_4,19134084,42825300,6837848
04:45:46,6652,ptm_cycle_4,19135036,42825300,6836896
04:45:47,6652,ptm_cycle_4,19135036,42825300,6836896
04:45:48,6652,ptm_cycle_4,19135200,42825300,6836732
04:45:49,6652,ptm_cycle_4,19135204,42825300,6836728
04:45:50,6652,ptm_cycle_4,19135204,42825300,6836728
04:45:51,6652,ptm_cycle_4,19135204,42825300,6836728
04:45:52,6652,ptm_cycle_4,19135204,42825300,6836728
04:45:53,6652,ptm_cycle_4,19135208,42825300,6836724
04:45:54,6652,ptm_cycle_4,19135208,42825300,6836724
04:45:55,6652,ptm_cycle_4,19135208,42825300,6836724
04:45:56,6652,ptm_cycle_4,19135208,42825300,6836724
04:45:57,6652,ptm_cycle_4,19135212,42825300,6836720
04:45:58,6652,ptm_cycle_4,19136232,42825300,6835700
04:45:59,6652,ptm_cycle_4,19136232,42825300,6835700
04:46:00,6652,ptm_cycle_4,19136232,42825300,6835700
04:46:01,6652,ptm_cycle_4,19136236,42825300,6835696
04:46:02,6652,ptm_cycle_4,19136300,42825300,6835632
04:46:03,6652,ptm_cycle_4,19136300,42825300,6835632
04:46:04,6652,ptm_cycle_4,19136300,42825300,6835632
04:46:05,6652,ptm_cycle_4,19136300,42825300,6835632
04:46:06,6652,ptm_cycle_4,19136300,42825300,6835632
04:46:07,6652,ptm_cycle_4,19136300,42825300,6835632
04:46:08,6652,ptm_cycle_4,19136300,42825300,6835632
04:46:09,6652,ptm_cycle_4,19136300,42825300,6835632
04:46:10,6652,ptm_cycle_4,19136424,42825300,6835508
04:46:11,6652,ptm_cycle_4,19136556,42825300,6835376
04:46:12,6652,ptm_cycle_4,19137036,42825300,6834896
04:46:13,6652,ptm_cycle_4,19137320,42825300,6834612
04:46:14,6652,ptm_cycle_4,19138268,42825300,6833664
04:46:15,6652,ptm_cycle_4,19138524,42825300,6833408
04:46:16,6652,ptm_cycle_4,19138524,42825300,6833408
04:46:17,6652,ptm_cycle_4,19138528,42825300,6833404
04:46:18,6652,ptm_cycle_4,19138528,42825300,6833404
04:46:19,6652,ptm_cycle_4,19138528,42825300,6833404
04:46:20,6652,ptm_cycle_4,19138532,42825300,6833400
04:46:21,6652,ptm_cycle_4,19138532,42825300,6833400
04:46:22,6652,ptm_cycle_4,19138676,42825300,6833256
04:46:23,6652,ptm_cycle_4,19138680,42825300,6833252
04:46:24,6652,ptm_cycle_4,19138680,42825300,6833252
04:46:25,6652,ptm_cycle_4,19138684,42825300,6833248
04:46:26,6652,ptm_cycle_4,19138684,42825300,6833248
04:46:27,6652,ptm_cycle_4,19138688,42825300,6833244
04:46:28,6652,ptm_cycle_4,19138688,42825300,6833244
04:46:29,6652,ptm_cycle_4,19138692,42825300,6833240
04:46:30,6652,ptm_cycle_4,19138692,42825300,6833240
04:46:31,6652,ptm_cycle_4,19138692,42825300,6833240
04:46:32,6652,ptm_cycle_4,19138692,42825300,6833240
04:46:33,6652,ptm_cycle_4,19138692,42825300,6833240
04:46:34,6652,ptm_cycle_4,19138696,42825300,6833236
04:46:35,6652,ptm_cycle_4,19138696,42825300,6833236
04:46:36,6652,ptm_cycle_4,19138696,42825300,6833236
04:46:37,6652,ptm_cycle_4,19138696,42825300,6833236
04:46:38,6652,ptm_cycle_4,19138696,42825300,6833236
04:46:39,6652,ptm_cycle_4,19138696,42825300,6833236
04:46:40,6652,ptm_cycle_4,19138696,42825300,6833236
04:46:41,6652,ptm_cycle_4,19138700,42825300,6833232
04:46:43,6652,ptm_cycle_4,19138700,42825300,6833232
04:46:44,6652,ptm_cycle_4,19138700,42825300,6833232
04:46:45,6652,ptm_cycle_4,19138700,42825300,6833232
04:46:46,6652,ptm_cycle_4,19138700,42825300,6833232
04:46:47,6652,ptm_cycle_4,19138704,42825300,6833228
04:46:48,6652,ptm_cycle_4,19138704,42825300,6833228
04:46:49,6652,ptm_cycle_4,19138704,42825300,6833228
04:46:50,6652,ptm_cycle_4,19138704,42825300,6833228
04:46:51,6652,ptm_cycle_4,19138708,42825300,6833224
04:46:52,6652,ptm_cycle_4,19138708,42825300,6833224
04:46:53,6652,ptm_cycle_4,19138708,42825300,6833224
04:46:54,6652,ptm_cycle_4,19138708,42825300,6833224
04:46:55,6652,ptm_cycle_4,19138708,42825300,6833224
04:46:56,6652,ptm_cycle_4,19138712,42825300,6833220
04:46:57,6652,ptm_cycle_4,19138712,42825300,6833220
04:46:58,6652,ptm_cycle_4,19138712,42825300,6833220
04:46:59,6652,ptm_cycle_4,19138716,42825300,6833216
04:47:00,6652,ptm_cycle_4,19138716,42825300,6833216
04:47:01,6652,ptm_cycle_4,19138716,42825300,6833216
04:47:02,6652,ptm_cycle_4,19138716,42825300,6833216
04:47:03,6652,ptm_cycle_4,19138720,42825300,6833212
04:47:04,6652,ptm_cycle_4,19138960,42825300,6832972
04:47:05,6652,ptm_cycle_4,19138960,42825300,6832972
04:47:06,6652,ptm_cycle_4,19138960,42825300,6832972
04:47:07,6652,ptm_cycle_4,19138960,42825300,6832972
04:47:08,6652,ptm_cycle_4,19138964,42825300,6832968
04:47:09,6652,ptm_cycle_4,19138964,42825300,6832968
04:47:10,6652,ptm_cycle_4,19138964,42825300,6832968
04:47:11,6652,ptm_cycle_4,19138964,42825300,6832968
04:47:12,6652,ptm_cycle_4,19138964,42825300,6832968
04:47:13,6652,ptm_cycle_4,19138988,42825300,6832944
04:47:14,6652,ptm_cycle_4,19138988,42825300,6832944
04:47:15,6652,ptm_cycle_4,19138992,42825300,6832940
04:47:16,6652,ptm_cycle_4,19138992,42825300,6832940
04:47:17,6652,ptm_cycle_4,19138992,42825300,6832940
04:47:18,6652,ptm_cycle_4,19139596,42825300,6832336
04:47:19,6652,ptm_cycle_4,19139596,42825300,6832336
04:47:20,6652,ptm_cycle_4,19139600,42825300,6832332
04:47:21,6652,ptm_cycle_4,19140744,42825300,6831188
04:47:22,6652,ptm_cycle_4,19140748,42825300,6831184
04:47:23,6652,ptm_cycle_4,19140748,42825300,6831184
04:47:24,6652,ptm_cycle_4,19140752,42825300,6831180
04:47:25,6652,ptm_cycle_4,19140752,42825300,6831180
04:47:26,6652,ptm_cycle_4,19140752,42825300,6831180
04:47:27,6652,ptm_cycle_4,19140752,42825300,6831180
04:47:28,6652,ptm_cycle_4,19140752,42825300,6831180
04:47:29,6652,ptm_cycle_4,19140756,42825300,6831176
04:47:30,6652,ptm_cycle_4,19140756,42825300,6831176
04:47:31,6652,ptm_cycle_4,19140756,42825300,6831176
04:47:32,6652,ptm_cycle_4,19140760,42825300,6831172
04:47:33,6652,ptm_cycle_4,19140760,42825300,6831172
04:47:34,6652,ptm_cycle_4,19140760,42825300,6831172
04:47:35,6652,ptm_cycle_4,19140772,42825300,6831160
04:47:36,6652,ptm_cycle_4,19140776,42825300,6831156
04:47:37,6652,ptm_cycle_4,19140776,42825300,6831156
04:47:38,6652,ptm_cycle_4,19140776,42825300,6831156
04:47:39,6652,ptm_cycle_4,19140776,42825300,6831156
04:47:40,6652,ptm_cycle_4,19140776,42825300,6831156
04:47:41,6652,ptm_cycle_4,19140780,42825300,6831152
04:47:42,6652,ptm_cycle_4,19140780,42825300,6831152
04:47:43,6652,ptm_cycle_4,19140780,42825300,6831152
04:47:44,6652,ptm_cycle_4,19140780,42825300,6831152
04:47:45,6652,ptm_cycle_4,19140780,42825300,6831152
04:47:46,6652,ptm_cycle_4,19140780,42825300,6831152
04:47:47,6652,ptm_cycle_4,19140780,42825300,6831152
04:47:48,6652,ptm_cycle_4,19140780,42825300,6831152
04:47:49,6652,ptm_cycle_4,19140784,42825300,6831148
04:47:50,6652,ptm_cycle_4,19140784,42825300,6831148
04:47:51,6652,ptm_cycle_4,19140784,42825300,6831148
04:47:52,6652,ptm_cycle_4,19140784,42825300,6831148
04:47:53,6652,ptm_cycle_4,19140788,42825300,6831144
04:47:54,6652,ptm_cycle_4,19140788,42825300,6831144
04:47:55,6652,ptm_cycle_4,19140788,42825300,6831144
04:47:56,6652,ptm_cycle_4,19140788,42825300,6831144
04:47:57,6652,ptm_cycle_4,19140788,42825300,6831144
04:47:58,6652,ptm_cycle_4,19140792,42825300,6831140
04:47:59,6652,ptm_cycle_4,19141016,42825300,6830916
04:48:00,6652,ptm_cycle_4,19141016,42825300,6830916
04:48:01,6652,ptm_cycle_4,19141020,42825300,6830912
04:48:02,6652,ptm_cycle_4,19141020,42825300,6830912
04:48:03,6652,ptm_cycle_4,19141020,42825300,6830912
04:48:04,6652,ptm_cycle_4,19141020,42825300,6830912
04:48:05,6652,ptm_cycle_4,19141024,42825300,6830908
04:48:06,6652,ptm_cycle_4,19141024,42825300,6830908
04:48:07,6652,ptm_cycle_4,19141024,42825300,6830908
04:48:08,6652,ptm_cycle_4,19141024,42825300,6830908
04:48:09,6652,ptm_cycle_4,19141024,42825300,6830908
04:48:10,6652,ptm_cycle_4,19141472,42825300,6830460
04:48:11,6652,ptm_cycle_4,19141472,42825300,6830460
04:48:12,6652,ptm_cycle_4,19141472,42825300,6830460
04:48:13,6652,ptm_cycle_4,19141472,42825300,6830460
04:48:15,6652,ptm_cycle_4,19141476,42825300,6830456
04:48:16,6652,ptm_cycle_4,19141476,42825300,6830456
04:48:17,6652,ptm_cycle_4,19141476,42825300,6830456
04:48:18,6652,ptm_cycle_4,19141476,42825300,6830456
04:48:19,6652,ptm_cycle_4,19141476,42825300,6830456
04:48:20,6652,ptm_cycle_4,19141476,42825300,6830456
04:48:21,6652,ptm_cycle_4,19141476,42825300,6830456
04:48:22,6652,ptm_cycle_4,19141476,42825300,6830456
04:48:23,6652,ptm_cycle_4,19141500,42825300,6830432
04:48:24,6652,ptm_cycle_4,19142032,42825300,6829900
04:48:25,6652,ptm_cycle_4,19142044,42825300,6829888
04:48:26,6652,ptm_cycle_4,19142044,42825300,6829888
04:48:27,6652,ptm_cycle_4,19142044,42825300,6829888
04:48:28,6652,ptm_cycle_4,19142048,42825300,6829884
04:48:29,6652,ptm_cycle_4,19142048,42825300,6829884
04:48:30,6652,ptm_cycle_4,19142048,42825300,6829884
04:48:31,6652,ptm_cycle_4,19142048,42825300,6829884
04:48:32,6652,ptm_cycle_4,19142052,42825300,6829880
04:48:33,6652,ptm_cycle_4,19142052,42825300,6829880
04:48:34,6652,ptm_cycle_4,19142052,42825300,6829880
04:48:35,6652,ptm_cycle_4,19142052,42825300,6829880
04:48:36,6652,ptm_cycle_4,19142056,42825300,6829876
04:48:37,6652,ptm_cycle_4,19142056,42825300,6829876
04:48:38,6652,ptm_cycle_4,19142056,42825300,6829876
04:48:39,6652,ptm_cycle_4,19142056,42825300,6829876
04:48:40,6652,ptm_cycle_4,19142060,42825300,6829872
04:48:41,6652,ptm_cycle_4,19142060,42825300,6829872
04:48:42,6652,ptm_cycle_4,19142060,42825300,6829872
04:48:43,6652,ptm_cycle_4,19142060,42825300,6829872
04:48:44,6652,ptm_cycle_4,19142060,42825300,6829872
04:48:45,6652,ptm_cycle_4,19142156,42825300,6829776
04:48:46,6652,ptm_cycle_4,19142156,42825300,6829776
04:48:47,6652,ptm_cycle_4,19142156,42825300,6829776
04:48:48,6652,ptm_cycle_4,19142156,42825300,6829776
04:48:49,6652,ptm_cycle_4,19142160,42825300,6829772
04:48:50,6652,ptm_cycle_4,19142160,42825300,6829772
04:48:51,6652,ptm_cycle_4,19142160,42825300,6829772
04:48:52,6652,ptm_cycle_4,19142160,42825300,6829772
04:48:53,6652,ptm_cycle_4,19142160,42825300,6829772
04:48:54,6652,ptm_cycle_4,19142160,42825300,6829772
04:48:55,6652,ptm_cycle_4,19142160,42825300,6829772
04:48:56,6652,ptm_cycle_4,19142160,42825300,6829772
04:48:57,6652,ptm_cycle_4,19142164,42825300,6829768
04:48:58,6652,ptm_cycle_4,19142164,42825300,6829768
04:48:59,6652,ptm_cycle_4,19142164,42825300,6829768
04:49:00,6652,ptm_cycle_4,19142164,42825300,6829768
04:49:01,6652,ptm_cycle_4,19142164,42825300,6829768
04:49:02,6652,ptm_cycle_4,19142168,42825300,6829764
04:49:03,6652,ptm_cycle_4,19142168,42825300,6829764
04:49:04,6652,ptm_cycle_4,19142168,42825300,6829764
04:49:05,6652,ptm_cycle_4,19142172,42825300,6829760
04:49:06,6652,ptm_cycle_4,19142172,42825300,6829760
04:49:07,6652,ptm_cycle_4,19142172,42825300,6829760
04:49:08,6652,ptm_cycle_4,19142172,42825300,6829760
04:49:09,6652,ptm_cycle_4,19142176,42825300,6829756
04:49:10,6652,ptm_cycle_4,19142176,42825300,6829756
04:49:11,6652,ptm_cycle_4,19142176,42825300,6829756
04:49:12,6652,ptm_cycle_4,19142176,42825300,6829756
04:49:13,6652,ptm_cycle_4,19142176,42825300,6829756
04:49:14,6652,ptm_cycle_4,19142180,42825300,6829752
04:49:15,6652,ptm_cycle_4,19142180,42825300,6829752
04:49:16,6652,ptm_cycle_4,19142184,42825300,6829748
04:49:17,6652,ptm_cycle_4,19142184,42825300,6829748
04:49:18,6652,ptm_cycle_4,19142188,42825300,6829744
04:49:19,6652,ptm_cycle_4,19142188,42825300,6829744
04:49:20,6652,ptm_cycle_4,19142188,42825300,6829744
04:49:21,6652,ptm_cycle_4,19142188,42825300,6829744
04:49:22,6652,ptm_cycle_4,19142192,42825300,6829740
04:49:23,6652,ptm_cycle_4,19142192,42825300,6829740
04:49:24,6652,ptm_cycle_4,19142192,42825300,6829740
04:49:25,6652,ptm_cycle_4,19142192,42825300,6829740
04:49:26,6652,ptm_cycle_4,19142192,42825300,6829740
04:49:27,6652,ptm_cycle_4,19142192,42825300,6829740
04:49:28,6652,ptm_cycle_4,19142192,42825300,6829740
04:49:29,6652,ptm_cycle_4,19142640,42825300,6829292
04:49:30,6652,ptm_cycle_4,19142640,42825300,6829292
04:49:31,6652,ptm_cycle_4,19142644,42825300,6829288
04:49:32,6652,ptm_cycle_4,19142992,42825300,6828940
04:49:33,6652,ptm_cycle_4,19142996,42825300,6828936
04:49:34,6652,ptm_cycle_4,19142996,42825300,6828936
04:49:35,6652,ptm_cycle_4,19143060,42825300,6828872
04:49:36,6652,ptm_cycle_4,19143232,42825300,6828700
04:49:37,6652,ptm_cycle_4,19143232,42825300,6828700
04:49:38,6652,ptm_cycle_4,19143236,42825300,6828696
04:49:39,6652,ptm_cycle_4,19143236,42825300,6828696
04:49:40,6652,ptm_cycle_4,19143236,42825300,6828696
04:49:41,6652,ptm_cycle_4,19143244,42825300,6828688
04:49:42,6652,ptm_cycle_4,19143244,42825300,6828688
04:49:43,6652,ptm_cycle_4,19143244,42825300,6828688
04:49:44,6652,ptm_cycle_4,19143248,42825300,6828684
04:49:46,6652,ptm_cycle_4,19143248,42825300,6828684
04:49:47,6652,ptm_cycle_4,19143248,42825300,6828684
04:49:48,6652,ptm_cycle_4,19143252,42825300,6828680
04:49:49,6652,ptm_cycle_4,19143252,42825300,6828680
04:49:50,6652,ptm_cycle_4,19143252,42825300,6828680
04:49:51,6652,ptm_cycle_4,19143252,42825300,6828680
04:49:52,6652,ptm_cycle_4,19143256,42825300,6828676
04:49:53,6652,ptm_cycle_4,19143256,42825300,6828676
04:49:54,6652,ptm_cycle_4,19143264,42825300,6828668
04:49:55,6652,ptm_cycle_4,19143272,42825300,6828660
04:49:56,6652,ptm_cycle_4,19143300,42825300,6828632
04:49:57,6652,ptm_cycle_4,19143300,42825300,6828632
04:49:58,6652,ptm_cycle_4,19143300,42825300,6828632
04:49:59,6652,ptm_cycle_4,19143300,42825300,6828632
04:50:00,6652,ptm_cycle_4,19143552,42825300,6828380
04:50:01,6652,ptm_cycle_4,19143552,42825300,6828380
04:50:02,6652,ptm_cycle_4,19143556,42825300,6828376
04:50:03,6652,ptm_cycle_4,19143584,42825300,6828348
04:50:04,6652,ptm_cycle_4,19143584,42825300,6828348
04:50:05,6652,ptm_cycle_4,19143584,42825300,6828348
04:50:06,6652,ptm_cycle_4,19143588,42825300,6828344
04:50:07,6652,ptm_cycle_4,19143588,42825300,6828344
04:50:08,6652,ptm_cycle_4,19143588,42825300,6828344
04:50:09,6652,ptm_cycle_4,19143716,42825300,6828216
04:50:10,6652,ptm_cycle_4,19143756,42825300,6828176
04:50:11,6652,ptm_cycle_4,19143756,42825300,6828176
04:50:12,6652,ptm_cycle_4,19143756,42825300,6828176
04:50:13,6652,ptm_cycle_4,19143756,42825300,6828176
04:50:14,6652,ptm_cycle_4,19143756,42825300,6828176
04:50:15,6652,ptm_cycle_4,19143756,42825300,6828176
04:50:16,6652,ptm_cycle_4,19143756,42825300,6828176
04:50:17,6652,ptm_cycle_4,19143756,42825300,6828176
04:50:18,6652,ptm_cycle_4,19143756,42825300,6828176
04:50:19,6652,ptm_cycle_4,19143760,42825300,6828172
04:50:20,6652,ptm_cycle_4,19143760,42825300,6828172
04:50:21,6652,ptm_cycle_4,19143760,42825300,6828172
04:50:22,6652,ptm_cycle_4,19143760,42825300,6828172
04:50:23,6652,ptm_cycle_4,19143760,42825300,6828172
04:50:24,6652,ptm_cycle_4,19143760,42825300,6828172
04:50:25,6652,ptm_cycle_4,19143760,42825300,6828172
04:50:26,6652,ptm_cycle_4,19143764,42825300,6828168
04:50:27,6652,ptm_cycle_4,19143764,42825300,6828168
04:50:28,6652,ptm_cycle_4,19143764,42825300,6828168
04:50:29,6652,ptm_cycle_4,19143764,42825300,6828168
04:50:30,6652,ptm_cycle_4,19143764,42825300,6828168
04:50:31,6652,ptm_cycle_4,19143768,42825300,6828164
04:50:32,6652,ptm_cycle_4,19143768,42825300,6828164
04:50:33,6652,ptm_cycle_4,19143768,42825300,6828164
04:50:34,6652,ptm_cycle_4,19143768,42825300,6828164
04:50:35,6652,ptm_cycle_4,19143768,42825300,6828164
04:50:36,6652,ptm_cycle_4,19143772,42825300,6828160
04:50:37,6652,ptm_cycle_4,19143772,42825300,6828160
04:50:38,6652,ptm_cycle_4,19143772,42825300,6828160
04:50:39,6652,ptm_cycle_4,19143772,42825300,6828160
04:50:40,6652,ptm_cycle_4,19143772,42825300,6828160
04:50:41,6652,ptm_cycle_4,19143772,42825300,6828160
04:50:42,6652,ptm_cycle_4,19143776,42825300,6828156
04:50:43,6652,ptm_cycle_4,19143780,42825300,6828152
04:50:44,6652,ptm_cycle_4,19143780,42825300,6828152
04:50:45,6652,ptm_cycle_4,19143920,42825300,6828012
04:50:46,6652,ptm_cycle_4,19143920,42825300,6828012
04:50:47,6652,ptm_cycle_4,19143924,42825300,6828008
04:50:48,6652,ptm_cycle_4,19143924,42825300,6828008
04:50:49,6652,ptm_cycle_4,19143924,42825300,6828008
04:50:50,6652,ptm_cycle_4,19143924,42825300,6828008
04:50:51,6652,ptm_cycle_4,19143924,42825300,6828008
04:50:52,6652,ptm_cycle_4,19143924,42825300,6828008
04:50:53,6652,ptm_cycle_4,19143928,42825300,6828004
04:50:54,6652,ptm_cycle_4,19143928,42825300,6828004
04:50:55,6652,ptm_cycle_4,19143928,42825300,6828004
04:50:56,6652,ptm_cycle_4,19143928,42825300,6828004
04:50:57,6652,ptm_cycle_4,19143928,42825300,6828004
04:50:58,6652,ptm_cycle_4,19143928,42825300,6828004
04:50:59,6652,ptm_cycle_4,19143928,42825300,6828004
04:51:00,6652,ptm_cycle_4,19143928,42825300,6828004
04:51:01,6652,ptm_cycle_4,19143928,42825300,6828004
04:51:02,6652,ptm_cycle_4,19143928,42825300,6828004
04:51:03,6652,ptm_cycle_4,19143928,42825300,6828004
04:51:04,6652,ptm_cycle_4,19143928,42825300,6828004
04:51:05,6652,ptm_cycle_4,19143928,42825300,6828004
04:51:06,6652,ptm_cycle_4,19143932,42825300,6828000
04:51:07,6652,ptm_cycle_4,19143932,42825300,6828000
04:51:08,6652,ptm_cycle_4,19143932,42825300,6828000
04:51:09,6652,ptm_cycle_4,19143932,42825300,6828000
04:51:10,6652,ptm_cycle_4,19143932,42825300,6828000
04:51:11,6652,ptm_cycle_4,19143936,42825300,6827996
04:51:12,6652,ptm_cycle_4,19143936,42825300,6827996
04:51:13,6652,ptm_cycle_4,19143936,42825300,6827996
04:51:14,6652,ptm_cycle_4,19143936,42825300,6827996
04:51:15,6652,ptm_cycle_4,19143936,42825300,6827996
04:51:16,6652,ptm_cycle_4,19143936,42825300,6827996
04:51:17,6652,ptm_cycle_4,19143940,42825300,6827992
04:51:19,6652,ptm_cycle_4,19143940,42825300,6827992
04:51:20,6652,ptm_cycle_4,19144528,42825300,6827404
04:51:21,6652,ptm_cycle_4,19144752,42825300,6827180
04:51:22,6652,ptm_cycle_4,19144752,42825300,6827180
04:51:23,6652,ptm_cycle_4,19144752,42825300,6827180
04:51:24,6652,ptm_cycle_4,19144756,42825300,6827176
04:51:25,6652,ptm_cycle_4,19144756,42825300,6827176
04:51:26,6652,ptm_cycle_4,19144756,42825300,6827176
04:51:27,6652,ptm_cycle_4,19144756,42825300,6827176
04:51:28,6652,ptm_cycle_4,19144976,42825300,6826956
04:51:29,6652,ptm_cycle_4,19144976,42825300,6826956
04:51:30,6652,ptm_cycle_4,19144976,42825300,6826956
04:51:31,6652,ptm_cycle_4,19144980,42825300,6826952
04:51:32,6652,ptm_cycle_4,19144980,42825300,6826952
04:51:33,6652,ptm_cycle_4,19144980,42825300,6826952
04:51:34,6652,ptm_cycle_4,19144980,42825300,6826952
04:51:35,6652,ptm_cycle_4,19144980,42825300,6826952
04:51:36,6652,ptm_cycle_4,19144984,42825300,6826948
04:51:37,6652,ptm_cycle_4,19144984,42825300,6826948
04:51:38,6652,ptm_cycle_4,19144984,42825300,6826948
04:51:39,6652,ptm_cycle_4,19144984,42825300,6826948
04:51:40,6652,ptm_cycle_4,19145588,42825300,6826344
04:51:41,6652,ptm_cycle_4,19145588,42825300,6826344
04:51:42,6652,ptm_cycle_4,19145592,42825300,6826340
04:51:43,6652,ptm_cycle_4,19145592,42825300,6826340
04:51:44,6652,ptm_cycle_4,19145592,42825300,6826340
04:51:45,6652,ptm_cycle_4,19145596,42825300,6826336
04:51:46,6652,ptm_cycle_4,19145596,42825300,6826336
04:51:47,6652,ptm_cycle_4,19145596,42825300,6826336
04:51:48,6652,ptm_cycle_4,19145596,42825300,6826336
04:51:49,6652,ptm_cycle_4,19145596,42825300,6826336
04:51:50,6652,ptm_cycle_4,19145596,42825300,6826336
04:51:51,6652,ptm_cycle_4,19145596,42825300,6826336
04:51:52,6652,ptm_cycle_4,19145600,42825300,6826332
04:51:53,6652,ptm_cycle_4,19145600,42825300,6826332
04:51:54,6652,ptm_cycle_4,19145604,42825300,6826328
04:51:55,6652,ptm_cycle_4,19145604,42825300,6826328
04:51:56,6652,ptm_cycle_4,19145604,42825300,6826328
04:51:57,6652,ptm_cycle_4,19145604,42825300,6826328
04:51:58,6652,ptm_cycle_4,19145604,42825300,6826328
04:51:59,6652,ptm_cycle_4,19145608,42825300,6826324
04:52:00,6652,ptm_cycle_4,19145608,42825300,6826324
04:52:01,6652,ptm_cycle_4,19145608,42825300,6826324
04:52:02,6652,ptm_cycle_4,19145608,42825300,6826324
04:52:03,6652,ptm_cycle_4,19145608,42825300,6826324
04:52:04,6652,ptm_cycle_4,19145608,42825300,6826324
04:52:05,6652,ptm_cycle_4,19145612,42825300,6826320
04:52:06,6652,ptm_cycle_4,19145612,42825300,6826320
04:52:07,6652,ptm_cycle_4,19145612,42825300,6826320
04:52:08,6652,ptm_cycle_4,19145612,42825300,6826320
04:52:09,6652,ptm_cycle_4,19145612,42825300,6826320
04:52:10,6652,ptm_cycle_4,19145612,42825300,6826320
04:52:11,6652,ptm_cycle_4,19145612,42825300,6826320
04:52:12,6652,ptm_cycle_4,19145616,42825300,6826316
04:52:13,6652,ptm_cycle_4,19145616,42825300,6826316
04:52:14,6652,ptm_cycle_4,19145616,42825300,6826316
04:52:15,6652,ptm_cycle_4,19145616,42825300,6826316
04:52:16,6652,ptm_cycle_4,19145616,42825300,6826316
04:52:17,6652,ptm_cycle_4,19145616,42825300,6826316
04:52:18,6652,ptm_cycle_4,19145620,42825300,6826312
04:52:19,6652,ptm_cycle_4,19145620,42825300,6826312
04:52:20,6652,ptm_cycle_4,19145620,42825300,6826312
04:52:21,6652,ptm_cycle_4,19145620,42825300,6826312
04:52:22,6652,ptm_cycle_4,19145620,42825300,6826312
04:52:23,6652,ptm_cycle_4,19145624,42825300,6826308
04:52:24,6652,ptm_cycle_4,19145624,42825300,6826308
04:52:25,6652,ptm_cycle_4,19145624,42825300,6826308
04:52:26,6652,ptm_cycle_4,19145624,42825300,6826308
04:52:27,6652,ptm_cycle_4,19145624,42825300,6826308
04:52:28,6652,ptm_cycle_4,19145624,42825300,6826308
04:52:29,6652,ptm_cycle_4,19145624,42825300,6826308
04:52:30,6652,ptm_cycle_4,19145628,42825300,6826304
04:52:31,6652,ptm_cycle_4,19145628,42825300,6826304
04:52:32,6652,ptm_cycle_4,19145628,42825300,6826304
04:52:33,6652,ptm_cycle_4,19145628,42825300,6826304
04:52:34,6652,ptm_cycle_4,19145628,42825300,6826304
04:52:35,6652,ptm_cycle_4,19145628,42825300,6826304
04:52:36,6652,ptm_cycle_4,19145628,42825300,6826304
04:52:37,6652,ptm_cycle_4,19145756,42825300,6826176
04:52:38,6652,ptm_cycle_4,19145756,42825300,6826176
04:52:39,6652,ptm_cycle_4,19145756,42825300,6826176
04:52:40,6652,ptm_cycle_4,19145756,42825300,6826176
04:52:41,6652,ptm_cycle_4,19145760,42825300,6826172
04:52:42,6652,ptm_cycle_4,19145760,42825300,6826172
04:52:43,6652,ptm_cycle_4,19145760,42825300,6826172
04:52:44,6652,ptm_cycle_4,19145760,42825300,6826172
04:52:45,6652,ptm_cycle_4,19145760,42825300,6826172
04:52:46,6652,ptm_cycle_4,19145760,42825300,6826172
04:52:47,6652,ptm_cycle_4,19145764,42825300,6826168
04:52:48,6652,ptm_cycle_4,19145764,42825300,6826168
04:52:49,6652,ptm_cycle_4,19145764,42825300,6826168
04:52:50,6652,ptm_cycle_4,19145764,42825300,6826168
04:52:52,6652,ptm_cycle_4,19145764,42825300,6826168
04:52:53,6652,ptm_cycle_4,19145764,42825300,6826168
04:52:54,6652,ptm_cycle_4,19145764,42825300,6826168
04:52:55,6652,ptm_cycle_4,19145768,42825300,6826164
04:52:56,6652,ptm_cycle_4,19145768,42825300,6826164
04:52:57,6652,ptm_cycle_4,19145768,42825300,6826164
04:52:58,6652,ptm_cycle_4,19145768,42825300,6826164
04:52:59,6652,ptm_cycle_4,19145768,42825300,6826164
04:53:00,6652,ptm_cycle_4,19145768,42825300,6826164
04:53:01,6652,ptm_cycle_4,19145772,42825300,6826160
04:53:02,6652,ptm_cycle_4,19145772,42825300,6826160
04:53:03,6652,ptm_cycle_4,19145772,42825300,6826160
04:53:04,6652,ptm_cycle_4,19145772,42825300,6826160
04:53:05,6652,ptm_cycle_4,19145772,42825300,6826160
04:53:06,6652,ptm_cycle_4,19145776,42825300,6826156
04:53:07,6652,ptm_cycle_4,19145776,42825300,6826156
04:53:08,6652,ptm_cycle_4,19145776,42825300,6826156
04:53:09,6652,ptm_cycle_4,19145776,42825300,6826156
04:53:10,6652,ptm_cycle_4,19145776,42825300,6826156
04:53:11,6652,ptm_cycle_4,19145832,42825300,6826100
04:53:12,6652,ptm_cycle_4,19145836,42825300,6826096
04:53:13,6652,ptm_cycle_4,19145836,42825300,6826096
04:53:14,6652,ptm_cycle_4,19145836,42825300,6826096
04:53:15,6652,ptm_cycle_4,19145836,42825300,6826096
04:53:16,6652,ptm_cycle_4,19145836,42825300,6826096
04:53:17,6652,ptm_cycle_4,19145836,42825300,6826096
04:53:18,6652,ptm_cycle_4,19145840,42825300,6826092
04:53:19,6652,ptm_cycle_4,19145840,42825300,6826092
04:53:20,6652,ptm_cycle_4,19145840,42825300,6826092
04:53:21,6652,ptm_cycle_4,19145840,42825300,6826092
04:53:22,6652,ptm_cycle_4,19145840,42825300,6826092
04:53:23,6652,ptm_cycle_4,19145840,42825300,6826092
04:53:24,6652,ptm_cycle_4,19145840,42825300,6826092
04:53:25,6652,ptm_cycle_4,19145844,42825300,6826088
04:53:26,6652,ptm_cycle_4,19145844,42825300,6826088
04:53:27,6652,ptm_cycle_4,19145844,42825300,6826088
04:53:28,6652,ptm_cycle_4,19145844,42825300,6826088
04:53:29,6652,ptm_cycle_4,19145912,42825300,6826020
04:53:30,6652,ptm_cycle_4,19145916,42825300,6826016
04:53:31,6652,ptm_cycle_4,19145916,42825300,6826016
04:53:32,6652,ptm_cycle_4,19145916,42825300,6826016
04:53:33,6652,ptm_cycle_4,19145916,42825300,6826016
04:53:34,6652,ptm_cycle_4,19145916,42825300,6826016
04:53:35,6652,ptm_cycle_4,19145916,42825300,6826016
04:53:36,6652,ptm_cycle_4,19145920,42825300,6826012
04:53:37,6652,ptm_cycle_4,19145920,42825300,6826012
04:53:38,6652,ptm_cycle_4,19145920,42825300,6826012
04:53:39,6652,ptm_cycle_4,19145920,42825300,6826012
04:53:40,6652,ptm_cycle_4,19145920,42825300,6826012
04:53:41,6652,ptm_cycle_4,19145920,42825300,6826012
04:53:42,6652,ptm_cycle_4,19145924,42825300,6826008
04:53:43,6652,ptm_cycle_4,19145924,42825300,6826008
04:53:44,6652,ptm_cycle_4,19145924,42825300,6826008
04:53:45,6652,ptm_cycle_4,19145924,42825300,6826008
04:53:46,6652,ptm_cycle_4,19145924,42825300,6826008
04:53:47,6652,ptm_cycle_4,19145924,42825300,6826008
04:53:48,6652,ptm_cycle_4,19145928,42825300,6826004
04:53:49,6652,ptm_cycle_4,19145928,42825300,6826004
04:53:50,6652,ptm_cycle_4,19145928,42825300,6826004
04:53:51,6652,ptm_cycle_4,19145928,42825300,6826004
04:53:52,6652,ptm_cycle_4,19145928,42825300,6826004
04:53:53,6652,ptm_cycle_4,19145928,42825300,6826004
04:53:54,6652,ptm_cycle_4,19145932,42825300,6826000
04:53:55,6652,ptm_cycle_4,19145932,42825300,6826000
04:53:56,6652,ptm_cycle_4,19145932,42825300,6826000
04:53:57,6652,ptm_cycle_4,19145932,42825300,6826000
04:53:58,6652,ptm_cycle_4,19145936,42825300,6825996
04:53:59,6652,ptm_cycle_4,19145936,42825300,6825996
04:54:00,6652,ptm_cycle_4,19145936,42825300,6825996
04:54:01,6652,ptm_cycle_4,19145936,42825300,6825996
04:54:02,6652,ptm_cycle_4,19145940,42825300,6825992
04:54:03,6652,ptm_cycle_4,19145940,42825300,6825992
04:54:04,6652,ptm_cycle_4,19145940,42825300,6825992
04:54:05,6652,ptm_cycle_4,19145940,42825300,6825992
04:54:06,6652,ptm_cycle_4,19145940,42825300,6825992
04:54:07,6652,ptm_cycle_4,19145940,42825300,6825992
04:54:08,6652,ptm_cycle_4,19145940,42825300,6825992
04:54:09,6652,ptm_cycle_4,19145940,42825300,6825992
04:54:10,6652,ptm_cycle_4,19145940,42825300,6825992
04:54:11,6652,ptm_cycle_4,19145940,42825300,6825992
04:54:12,6652,ptm_cycle_4,19145944,42825300,6825988
04:54:13,6652,ptm_cycle_4,19145944,42825300,6825988
04:54:14,6652,ptm_cycle_4,19145944,42825300,6825988
04:54:15,6652,ptm_cycle_4,19145944,42825300,6825988
04:54:16,6652,ptm_cycle_4,19145944,42825300,6825988
04:54:17,6652,ptm_cycle_4,19145944,42825300,6825988
04:54:18,6652,ptm_cycle_4,19145948,42825300,6825984
04:54:19,6652,ptm_cycle_4,19145948,42825300,6825984
04:54:20,6652,ptm_cycle_4,19145948,42825300,6825984
04:54:21,6652,ptm_cycle_4,19145948,42825300,6825984
04:54:22,6652,ptm_cycle_4,19145948,42825300,6825984
04:54:23,6652,ptm_cycle_4,19145948,42825300,6825984
04:54:25,6652,ptm_cycle_4,19146408,42825300,6825524
04:54:26,6652,ptm_cycle_4,19146416,42825300,6825516
04:54:27,6652,ptm_cycle_4,19146416,42825300,6825516
04:54:28,6652,ptm_cycle_4,19146416,42825300,6825516
04:54:29,6652,ptm_cycle_4,19146416,42825300,6825516
04:54:30,6652,ptm_cycle_4,19146416,42825300,6825516
04:54:31,6652,ptm_cycle_4,19146416,42825300,6825516
04:54:32,6652,ptm_cycle_4,19146420,42825300,6825512
04:54:33,6652,ptm_cycle_4,19146424,42825300,6825508
04:54:34,6652,ptm_cycle_4,19146424,42825300,6825508
04:54:35,6652,ptm_cycle_4,19146424,42825300,6825508
04:54:36,6652,ptm_cycle_4,19146424,42825300,6825508
04:54:37,6652,ptm_cycle_4,19146424,42825300,6825508
04:54:38,6652,ptm_cycle_4,19146432,42825300,6825500
04:54:39,6652,ptm_cycle_4,19146432,42825300,6825500
04:54:40,6652,ptm_cycle_4,19146432,42825300,6825500
04:54:41,6652,ptm_cycle_4,19146432,42825300,6825500
04:54:42,6652,ptm_cycle_4,19146432,42825300,6825500
04:54:43,6652,ptm_cycle_4,19146432,42825300,6825500
04:54:44,6652,ptm_cycle_4,19146432,42825300,6825500
04:54:45,6652,ptm_cycle_4,19146436,42825300,6825496
04:54:46,6652,ptm_cycle_4,19146436,42825300,6825496
04:54:47,6652,ptm_cycle_4,19146436,42825300,6825496
04:54:48,6652,ptm_cycle_4,19146436,42825300,6825496
04:54:49,6652,ptm_cycle_4,19146436,42825300,6825496
04:54:50,6652,ptm_cycle_4,19146436,42825300,6825496
04:54:51,6652,ptm_cycle_4,19146448,42825300,6825484
04:54:52,6652,ptm_cycle_4,19146448,42825300,6825484
04:54:53,6652,ptm_cycle_4,19146448,42825300,6825484
04:54:54,6652,ptm_cycle_4,19146448,42825300,6825484
04:54:55,6652,ptm_cycle_4,19146448,42825300,6825484
04:54:56,6652,ptm_cycle_4,19146448,42825300,6825484
04:54:57,6652,ptm_cycle_4,19146448,42825300,6825484
04:54:58,6652,ptm_cycle_4,19146448,42825300,6825484
04:54:59,6652,ptm_cycle_4,19146448,42825300,6825484
04:55:00,6652,ptm_cycle_4,19146448,42825300,6825484
04:55:01,6652,ptm_cycle_4,19146452,42825300,6825480
04:55:02,6652,ptm_cycle_4,19146452,42825300,6825480
04:55:03,6652,ptm_cycle_4,19146452,42825300,6825480
04:55:04,6652,ptm_cycle_4,19146684,42825300,6825248
04:55:05,6652,ptm_cycle_4,19146684,42825300,6825248
04:55:06,6652,ptm_cycle_4,19146684,42825300,6825248
04:55:07,6652,ptm_cycle_4,19146692,42825300,6825240
04:55:08,6652,ptm_cycle_4,19146692,42825300,6825240
04:55:09,6652,ptm_cycle_4,19146692,42825300,6825240
04:55:10,6652,ptm_cycle_4,19146692,42825300,6825240
04:55:11,6652,ptm_cycle_4,19146692,42825300,6825240
04:55:12,6652,ptm_cycle_4,19146692,42825300,6825240
04:55:13,6652,ptm_cycle_4,19146692,42825300,6825240
04:55:14,6652,ptm_cycle_4,19146696,42825300,6825236
04:55:15,6652,ptm_cycle_4,19146696,42825300,6825236
04:55:16,6652,ptm_cycle_4,19146696,42825300,6825236
04:55:17,6652,ptm_cycle_4,19146696,42825300,6825236
04:55:18,6652,ptm_cycle_4,19146700,42825300,6825232
04:55:19,6652,ptm_cycle_4,19146700,42825300,6825232
04:55:20,6652,ptm_cycle_4,19146700,42825300,6825232
04:55:21,6652,ptm_cycle_4,19146700,42825300,6825232
04:55:22,6652,ptm_cycle_4,19146700,42825300,6825232
04:55:23,6652,ptm_cycle_4,19146700,42825300,6825232
04:55:24,6652,ptm_cycle_4,19146704,42825300,6825228
04:55:25,6652,ptm_cycle_4,19146704,42825300,6825228
04:55:26,6652,ptm_cycle_4,19146704,42825300,6825228
04:55:27,6652,ptm_cycle_4,19146704,42825300,6825228
04:55:28,6652,ptm_cycle_4,19146708,42825300,6825224
04:55:29,6652,ptm_cycle_4,19146708,42825300,6825224
04:55:30,6652,ptm_cycle_4,19146708,42825300,6825224
04:55:31,6652,ptm_cycle_4,19146708,42825300,6825224
04:55:32,6652,ptm_cycle_4,19146708,42825300,6825224
04:55:33,6652,ptm_cycle_4,19146712,42825300,6825220
04:55:34,6652,ptm_cycle_4,19146712,42825300,6825220
04:55:35,6652,ptm_cycle_4,19146712,42825300,6825220
04:55:36,6652,ptm_cycle_4,19146712,42825300,6825220
04:55:37,6652,ptm_cycle_4,19146924,42825300,6825008
04:55:38,6652,ptm_cycle_4,19146924,42825300,6825008
04:55:39,6652,ptm_cycle_4,19146924,42825300,6825008
04:55:40,6652,ptm_cycle_4,19146924,42825300,6825008
04:55:41,6652,ptm_cycle_4,19146924,42825300,6825008
04:55:42,6652,ptm_cycle_4,19146924,42825300,6825008
04:55:43,6652,ptm_cycle_4,19146924,42825300,6825008
04:55:44,6652,ptm_cycle_4,19146928,42825300,6825004
04:55:45,6652,ptm_cycle_4,19146928,42825300,6825004
04:55:46,6652,ptm_cycle_4,19147908,42825300,6824024
04:55:47,6652,ptm_cycle_4,19147908,42825300,6824024
04:55:48,6652,ptm_cycle_4,19147908,42825300,6824024
04:55:49,6652,ptm_cycle_4,19147912,42825300,6824020
04:55:50,6652,ptm_cycle_4,19147912,42825300,6824020
04:55:51,6652,ptm_cycle_4,19147912,42825300,6824020
04:55:52,6652,ptm_cycle_4,19147912,42825300,6824020
04:55:53,6652,ptm_cycle_4,19147912,42825300,6824020
04:55:54,6652,ptm_cycle_4,19147912,42825300,6824020
04:55:55,6652,ptm_cycle_4,19147912,42825300,6824020
04:55:56,6652,ptm_cycle_4,19149392,42825300,6822540
04:55:58,6652,ptm_cycle_4,19149392,42825300,6822540
04:55:59,6652,ptm_cycle_4,19149392,42825300,6822540
04:56:00,6652,ptm_cycle_4,19149396,42825300,6822536
04:56:01,6652,ptm_cycle_4,19149396,42825300,6822536
04:56:02,6652,ptm_cycle_4,19149396,42825300,6822536
04:56:03,6652,ptm_cycle_4,19149396,42825300,6822536
04:56:04,6652,ptm_cycle_4,19149396,42825300,6822536
04:56:05,6652,ptm_cycle_4,19149396,42825300,6822536
04:56:06,6652,ptm_cycle_4,19149396,42825300,6822536
04:56:07,6652,ptm_cycle_4,19149400,42825300,6822532
04:56:08,6652,ptm_cycle_4,19149400,42825300,6822532
04:56:09,6652,ptm_cycle_4,19149400,42825300,6822532
04:56:10,6652,ptm_cycle_4,19149400,42825300,6822532
04:56:11,6652,ptm_cycle_4,19149400,42825300,6822532
04:56:12,6652,ptm_cycle_4,19149400,42825300,6822532
04:56:13,6652,ptm_cycle_4,19149404,42825300,6822528
04:56:14,6652,ptm_cycle_4,19149404,42825300,6822528
04:56:15,6652,ptm_cycle_4,19149404,42825300,6822528
04:56:16,6652,ptm_cycle_4,19149404,42825300,6822528
04:56:17,6652,ptm_cycle_4,19149404,42825300,6822528
04:56:18,6652,ptm_cycle_4,19149408,42825300,6822524
04:56:19,6652,ptm_cycle_4,19149408,42825300,6822524
04:56:20,6652,ptm_cycle_4,19149408,42825300,6822524
04:56:21,6652,ptm_cycle_4,19149408,42825300,6822524
04:56:22,6652,ptm_cycle_4,19149408,42825300,6822524
04:56:23,6652,ptm_cycle_4,19149408,42825300,6822524
04:56:24,6652,ptm_cycle_4,19149412,42825300,6822520
04:56:25,6652,ptm_cycle_4,19149412,42825300,6822520
04:56:26,6652,ptm_cycle_4,19149412,42825300,6822520
04:56:27,6652,ptm_cycle_4,19149412,42825300,6822520
04:56:28,6652,ptm_cycle_4,19149412,42825300,6822520
04:56:29,6652,ptm_cycle_4,19149412,42825300,6822520
04:56:30,6652,ptm_cycle_4,19149412,42825300,6822520
04:56:31,6652,ptm_cycle_4,19149412,42825300,6822520
04:56:32,6652,ptm_cycle_4,19149412,42825300,6822520
04:56:33,6652,ptm_cycle_4,19149412,42825300,6822520
04:56:34,6652,ptm_cycle_4,19149412,42825300,6822520
04:56:35,6652,ptm_cycle_4,19149412,42825300,6822520
04:56:36,6652,ptm_cycle_4,19149412,42825300,6822520
04:56:37,6652,ptm_cycle_4,19150924,42825300,6821008
04:56:38,6652,ptm_cycle_4,19150924,42825300,6821008
04:56:39,6652,ptm_cycle_4,19151848,42825300,6820084
04:56:40,6652,ptm_cycle_4,19151848,42825300,6820084
04:56:41,6652,ptm_cycle_4,19151848,42825300,6820084
04:56:42,6652,ptm_cycle_4,19151848,42825300,6820084
04:56:43,6652,ptm_cycle_4,19151848,42825300,6820084
04:56:44,6652,ptm_cycle_4,19151848,42825300,6820084
04:56:45,6652,ptm_cycle_4,19151848,42825300,6820084
04:56:46,6652,ptm_cycle_4,19152852,42825300,6819080
04:56:47,6652,ptm_cycle_4,19152856,42825300,6819076
04:56:48,6652,ptm_cycle_4,19152856,42825300,6819076
04:56:49,6652,ptm_cycle_4,19152856,42825300,6819076
04:56:50,6652,ptm_cycle_4,19152856,42825300,6819076
04:56:51,6652,ptm_cycle_4,19152856,42825300,6819076
04:56:52,6652,ptm_cycle_4,19152856,42825300,6819076
04:56:53,6652,ptm_cycle_4,19152856,42825300,6819076
04:56:54,6652,ptm_cycle_4,19152856,42825300,6819076
04:56:55,6652,ptm_cycle_4,19152856,42825300,6819076
04:56:56,6652,ptm_cycle_4,19152856,42825300,6819076
04:56:57,6652,ptm_cycle_4,19152856,42825300,6819076
04:56:58,6652,ptm_cycle_4,19152856,42825300,6819076
04:56:59,6652,ptm_cycle_4,19152856,42825300,6819076
04:57:00,6652,ptm_cycle_4,19153864,42825300,6818068
04:57:01,6652,ptm_cycle_4,19153868,42825300,6818064
04:57:02,6652,ptm_cycle_4,19154876,42825300,6817056
04:57:03,6652,ptm_cycle_4,19155884,42825300,6816048
04:57:04,6652,ptm_cycle_4,19155884,42825300,6816048
04:57:05,6652,ptm_cycle_4,19156892,42825300,6815040
04:57:06,6652,ptm_cycle_4,19156892,42825300,6815040
04:57:07,6652,ptm_cycle_4,19157904,42825300,6814028
04:57:08,6652,ptm_cycle_4,19158912,42825300,6813020
04:57:09,6652,ptm_cycle_4,19158912,42825300,6813020
04:57:10,6652,ptm_cycle_4,19159920,42825300,6812012
04:57:11,6652,ptm_cycle_4,19159920,42825300,6812012
04:57:12,6652,ptm_cycle_4,19159920,42825300,6812012
04:57:13,6652,ptm_cycle_4,19159920,42825300,6812012
04:57:14,6652,ptm_cycle_4,19159924,42825300,6812008
04:57:15,6652,ptm_cycle_4,19159924,42825300,6812008
04:57:16,6652,ptm_cycle_4,19159924,42825300,6812008
04:57:17,6652,ptm_cycle_4,19160932,42825300,6811000
04:57:18,6652,ptm_cycle_4,19160932,42825300,6811000
04:57:19,6652,ptm_cycle_4,19161944,42825300,6809988
04:57:20,6652,ptm_cycle_4,19161944,42825300,6809988
04:57:21,6652,ptm_cycle_4,19161944,42825300,6809988
04:57:22,6652,ptm_cycle_4,19161948,42825300,6809984
04:57:23,6652,ptm_cycle_4,19161948,42825300,6809984
04:57:24,6652,ptm_cycle_4,19163436,42825300,6808496
04:57:25,6652,ptm_cycle_4,19163436,42825300,6808496
04:57:26,6652,ptm_cycle_4,19164952,42825300,6806980
04:57:27,6652,ptm_cycle_4,19164952,42825300,6806980
04:57:28,6652,ptm_cycle_4,19164952,42825300,6806980
04:57:30,6652,ptm_cycle_4,19164952,42825300,6806980
04:57:31,6652,ptm_cycle_4,19164952,42825300,6806980
04:57:32,6652,ptm_cycle_4,19164956,42825300,6806976
04:57:33,6652,ptm_cycle_4,19164956,42825300,6806976
04:57:34,6652,ptm_cycle_4,19164956,42825300,6806976
04:57:35,6652,ptm_cycle_4,19164956,42825300,6806976
04:57:36,6652,ptm_cycle_4,19164956,42825300,6806976
04:57:37,6652,ptm_cycle_4,19165188,42825300,6806744
04:57:38,6652,ptm_cycle_4,19165188,42825300,6806744
04:57:39,6652,ptm_cycle_4,19166172,42825300,6805760
04:57:40,6652,ptm_cycle_4,19166368,42825300,6805564
04:57:41,6652,ptm_cycle_4,19166368,42825300,6805564
04:57:42,6652,ptm_cycle_4,19166368,42825300,6805564
04:57:43,6652,ptm_cycle_4,19166368,42825300,6805564
04:57:44,6652,ptm_cycle_4,19166368,42825300,6805564
04:57:45,6652,ptm_cycle_4,19166396,42825300,6805536
04:57:46,6652,ptm_cycle_4,19166396,42825300,6805536
04:57:47,6652,ptm_cycle_4,19166400,42825300,6805532
04:57:48,6652,ptm_cycle_4,19166400,42825300,6805532
04:57:49,6652,ptm_cycle_4,19166400,42825300,6805532
04:57:50,6652,ptm_cycle_4,19166400,42825300,6805532
04:57:51,6652,ptm_cycle_4,19166400,42825300,6805532
04:57:52,6652,ptm_cycle_4,19166404,42825300,6805528
04:57:53,6652,ptm_cycle_4,19166404,42825300,6805528
04:57:54,6652,ptm_cycle_4,19166404,42825300,6805528
04:57:55,6652,ptm_cycle_4,19166404,42825300,6805528
04:57:56,6652,ptm_cycle_4,19166404,42825300,6805528
04:57:57,6652,ptm_cycle_4,19166404,42825300,6805528
04:57:58,6652,ptm_cycle_4,19166404,42825300,6805528
04:57:59,6652,ptm_cycle_4,19166404,42825300,6805528
04:58:00,6652,ptm_cycle_4,19166404,42825300,6805528
04:58:01,6652,ptm_cycle_4,19166404,42825300,6805528
04:58:02,6652,ptm_cycle_4,19166404,42825300,6805528
04:58:03,6652,ptm_cycle_4,19166404,42825300,6805528
04:58:04,6652,ptm_cycle_4,19166404,42825300,6805528
04:58:05,6652,ptm_cycle_4,19166404,42825300,6805528
04:58:06,6652,ptm_cycle_4,19166404,42825300,6805528
04:58:07,6652,ptm_cycle_4,19166404,42825300,6805528
04:58:08,6652,ptm_cycle_4,19166404,42825300,6805528
04:58:09,6652,ptm_cycle_4,19166404,42825300,6805528
04:58:10,6652,ptm_cycle_4,19166404,42825300,6805528
04:58:11,6652,ptm_cycle_4,19166404,42825300,6805528
04:58:12,6652,ptm_cycle_4,19166404,42825300,6805528
04:58:13,6652,ptm_cycle_4,19167412,42825300,6804520
04:58:14,6652,ptm_cycle_4,19167412,42825300,6804520
04:58:15,6652,ptm_cycle_4,19167412,42825300,6804520
04:58:16,6652,ptm_cycle_4,19167412,42825300,6804520
04:58:17,6652,ptm_cycle_4,19167412,42825300,6804520
04:58:18,6652,ptm_cycle_4,19167412,42825300,6804520
04:58:19,6652,ptm_cycle_4,19167412,42825300,6804520
04:58:20,6652,ptm_cycle_4,19167412,42825300,6804520
04:58:21,6652,ptm_cycle_4,19167412,42825300,6804520
04:58:22,6652,ptm_cycle_4,19168420,42825300,6803512
04:58:23,6652,ptm_cycle_4,19168420,42825300,6803512
04:58:24,6652,ptm_cycle_4,19168420,42825300,6803512
04:58:25,6652,ptm_cycle_4,19168420,42825300,6803512
04:58:26,6652,ptm_cycle_4,19168420,42825300,6803512
04:58:27,6652,ptm_cycle_4,19168420,42825300,6803512
04:58:28,6652,ptm_cycle_4,19169428,42825300,6802504
04:58:29,6652,ptm_cycle_4,19169428,42825300,6802504
04:58:30,6652,ptm_cycle_4,19169428,42825300,6802504
04:58:31,6652,ptm_cycle_4,19169428,42825300,6802504
04:58:32,6652,ptm_cycle_4,19169428,42825300,6802504
04:58:33,6652,ptm_cycle_4,19169556,42825300,6802376
04:58:34,6652,ptm_cycle_4,19169556,42825300,6802376
04:58:35,6652,ptm_cycle_4,19169556,42825300,6802376
04:58:36,6652,ptm_cycle_4,19169556,42825300,6802376
04:58:37,6652,ptm_cycle_4,19170480,42825300,6801452
04:58:38,6652,ptm_cycle_4,19170480,42825300,6801452
04:58:39,6652,ptm_cycle_4,19170480,42825300,6801452
04:58:40,6652,ptm_cycle_4,19170480,42825300,6801452
04:58:41,6652,ptm_cycle_4,19170480,42825300,6801452
04:58:42,6652,ptm_cycle_4,19170480,42825300,6801452
04:58:43,6652,ptm_cycle_4,19170480,42825300,6801452
04:58:44,6652,ptm_cycle_4,19170480,42825300,6801452
04:58:45,6652,ptm_cycle_4,19170480,42825300,6801452
04:58:46,6652,ptm_cycle_4,19170480,42825300,6801452
04:58:47,6652,ptm_cycle_4,19170480,42825300,6801452
04:58:48,6652,ptm_cycle_4,19170480,42825300,6801452
04:58:49,6652,ptm_cycle_4,19170508,42825300,6801424
04:58:50,6652,ptm_cycle_4,19170508,42825300,6801424
04:58:51,6652,ptm_cycle_4,19170508,42825300,6801424
04:58:52,6652,ptm_cycle_4,19170508,42825300,6801424
04:58:53,6652,ptm_cycle_4,19170508,42825300,6801424
04:58:54,6652,ptm_cycle_4,19170508,42825300,6801424
04:58:55,6652,ptm_cycle_4,19170508,42825300,6801424
04:58:56,6652,ptm_cycle_4,19170508,42825300,6801424
04:58:57,6652,ptm_cycle_4,19170508,42825300,6801424
04:58:58,6652,ptm_cycle_4,19170508,42825300,6801424
04:58:59,6652,ptm_cycle_4,19170508,42825300,6801424
04:59:00,6652,ptm_cycle_4,19170508,42825300,6801424
04:59:01,6652,ptm_cycle_4,19170508,42825300,6801424
04:59:03,6652,ptm_cycle_4,19170508,42825300,6801424
04:59:04,6652,ptm_cycle_4,19170508,42825300,6801424
04:59:05,6652,ptm_cycle_4,19170508,42825300,6801424
04:59:06,6652,ptm_cycle_4,19170508,42825300,6801424
04:59:07,6652,ptm_cycle_4,19170508,42825300,6801424
04:59:08,6652,ptm_cycle_4,19170508,42825300,6801424
04:59:09,6652,ptm_cycle_4,19170508,42825300,6801424
04:59:10,6652,ptm_cycle_4,19170508,42825300,6801424
04:59:11,6652,ptm_cycle_4,19170508,42825300,6801424
04:59:12,6652,ptm_cycle_4,19170508,42825300,6801424
04:59:13,6652,ptm_cycle_4,19170508,42825300,6801424
04:59:14,6652,ptm_cycle_4,19170508,42825300,6801424
04:59:15,6652,ptm_cycle_4,19170508,42825300,6801424
04:59:16,6652,ptm_cycle_4,19170508,42825300,6801424
04:59:17,6652,ptm_cycle_4,19170508,42825300,6801424
04:59:18,6652,ptm_cycle_4,19170508,42825300,6801424
04:59:19,6652,ptm_cycle_4,19170508,42825300,6801424
04:59:20,6652,ptm_cycle_4,19170508,42825300,6801424
04:59:21,6652,ptm_cycle_4,19170508,42825300,6801424
04:59:22,6652,ptm_cycle_4,19170508,42825300,6801424
04:59:23,6652,ptm_cycle_4,19170508,42825300,6801424
04:59:24,6652,ptm_cycle_4,19170508,42825300,6801424
04:59:25,6652,ptm_cycle_4,19170508,42825300,6801424
04:59:26,6652,ptm_cycle_4,19170508,42825300,6801424
04:59:27,6652,ptm_cycle_4,19170588,42825300,6801344
04:59:28,6652,ptm_cycle_4,19170588,42825300,6801344
04:59:29,6652,ptm_cycle_4,19170600,42825300,6801332
04:59:30,6652,ptm_cycle_4,19170600,42825300,6801332
04:59:31,6652,ptm_cycle_4,19170600,42825300,6801332
04:59:32,6652,ptm_cycle_4,19170600,42825300,6801332
04:59:33,6652,ptm_cycle_4,19170600,42825300,6801332
04:59:34,6652,ptm_cycle_4,19170600,42825300,6801332
04:59:35,6652,ptm_cycle_4,19170716,42825300,6801216
04:59:36,6652,ptm_cycle_4,19170716,42825300,6801216
04:59:37,6652,ptm_cycle_4,19170716,42825300,6801216
04:59:38,6652,ptm_cycle_4,19170716,42825300,6801216
04:59:39,6652,ptm_cycle_4,19170716,42825300,6801216
04:59:40,6652,ptm_cycle_4,19170716,42825300,6801216
04:59:41,6652,ptm_cycle_4,19170716,42825300,6801216
04:59:42,6652,ptm_cycle_4,19170716,42825300,6801216
04:59:43,6652,ptm_cycle_4,19170716,42825300,6801216
04:59:44,6652,ptm_cycle_4,19170716,42825300,6801216
04:59:45,6652,ptm_cycle_4,19170716,42825300,6801216
04:59:46,6652,ptm_cycle_4,19170716,42825300,6801216
04:59:47,6652,ptm_cycle_4,19170884,42825300,6801048
04:59:48,6652,ptm_cycle_4,19170884,42825300,6801048
04:59:49,6652,ptm_cycle_4,19170884,42825300,6801048
04:59:50,6652,ptm_cycle_4,19170884,42825300,6801048
04:59:51,6652,ptm_cycle_4,19170884,42825300,6801048
04:59:52,6652,ptm_cycle_4,19170884,42825300,6801048
04:59:53,6652,ptm_cycle_4,19170884,42825300,6801048
04:59:54,6652,ptm_cycle_4,19170884,42825300,6801048
04:59:55,6652,ptm_cycle_4,19170884,42825300,6801048
04:59:56,6652,ptm_cycle_4,19170884,42825300,6801048
04:59:57,6652,ptm_cycle_4,19170884,42825300,6801048
04:59:58,6652,ptm_cycle_4,19170884,42825300,6801048
04:59:59,6652,ptm_cycle_4,19170884,42825300,6801048
05:00:00,6652,ptm_cycle_4,19170884,42825300,6801048
05:00:01,6652,ptm_cycle_4,19170884,42825300,6801048
05:00:02,6652,ptm_cycle_4,19170884,42825300,6801048
05:00:03,6652,ptm_cycle_4,19170884,42825300,6801048
05:00:04,6652,ptm_cycle_4,19170884,42825300,6801048
05:00:05,6652,ptm_cycle_4,19170884,42825300,6801048
05:00:06,6652,ptm_cycle_4,19170884,42825300,6801048
05:00:07,6652,ptm_cycle_4,19170884,42825300,6801048
05:00:08,6652,ptm_cycle_4,19170884,42825300,6801048
05:00:09,6652,ptm_cycle_4,19171160,42825300,6800772
05:00:10,6652,ptm_cycle_4,19172672,42825300,6799260
05:00:11,6652,ptm_cycle_4,19172672,42825300,6799260
05:00:12,6652,ptm_cycle_4,19172672,42825300,6799260
05:00:13,6652,ptm_cycle_4,19172728,42825300,6799204
05:00:14,6652,ptm_cycle_4,19172728,42825300,6799204
05:00:15,6652,ptm_cycle_4,19172728,42825300,6799204
05:00:16,6652,ptm_cycle_4,19172728,42825300,6799204
05:00:17,6652,ptm_cycle_4,19172728,42825300,6799204
05:00:18,6652,ptm_cycle_4,19172728,42825300,6799204
05:00:19,6652,ptm_cycle_4,19172728,42825300,6799204
05:00:20,6652,ptm_cycle_4,19172728,42825300,6799204
05:00:21,6652,ptm_cycle_4,19173708,42825300,6798224
05:00:22,6652,ptm_cycle_4,19173708,42825300,6798224
05:00:23,6652,ptm_cycle_4,19173716,42825300,6798216
05:00:24,6652,ptm_cycle_4,19173804,42825300,6798128
05:00:25,6652,ptm_cycle_4,19173804,42825300,6798128
05:00:26,6652,ptm_cycle_4,19173804,42825300,6798128
05:00:27,6652,ptm_cycle_4,19173804,42825300,6798128
05:00:28,6652,ptm_cycle_4,19173808,42825300,6798124
05:00:29,6652,ptm_cycle_4,19173812,42825300,6798120
05:00:30,6652,ptm_cycle_4,19174016,42825300,6797916
05:00:31,6652,ptm_cycle_4,19174016,42825300,6797916
05:00:32,6652,ptm_cycle_4,19174016,42825300,6797916
05:00:33,6652,ptm_cycle_4,19174044,42825300,6797888
05:00:35,6652,ptm_cycle_4,19174048,42825300,6797884
05:00:36,6652,ptm_cycle_4,19174048,42825300,6797884
05:00:37,6652,ptm_cycle_4,19174052,42825300,6797880
05:00:38,6652,ptm_cycle_4,19174052,42825300,6797880
05:00:39,6652,ptm_cycle_4,19174052,42825300,6797880
05:00:40,6652,ptm_cycle_4,19174052,42825300,6797880
05:00:41,6652,ptm_cycle_4,19174052,42825300,6797880
05:00:42,6652,ptm_cycle_4,19174052,42825300,6797880
05:00:43,6652,ptm_cycle_4,19174056,42825300,6797876
05:00:44,6652,ptm_cycle_4,19174256,42825300,6797676
05:00:45,6652,ptm_cycle_4,19174260,42825300,6797672
05:00:46,6652,ptm_cycle_4,19174260,42825300,6797672
05:00:47,6652,ptm_cycle_4,19174260,42825300,6797672
05:00:48,6652,ptm_cycle_4,19174260,42825300,6797672
05:00:49,6652,ptm_cycle_4,19174400,42825300,6797532
05:00:50,6652,ptm_cycle_4,19174400,42825300,6797532
05:00:51,6652,ptm_cycle_4,19174576,42825300,6797356
05:00:52,6652,ptm_cycle_4,19174576,42825300,6797356
05:00:53,6652,ptm_cycle_4,19174576,42825300,6797356
05:00:54,6652,ptm_cycle_4,19174576,42825300,6797356
05:00:55,6652,ptm_cycle_4,19174576,42825300,6797356
05:00:56,6652,ptm_cycle_4,19174580,42825300,6797352
05:00:57,6652,ptm_cycle_4,19174580,42825300,6797352
05:00:58,6652,ptm_cycle_4,19174588,42825300,6797344
05:00:59,6652,ptm_cycle_4,19174588,42825300,6797344
05:01:00,6652,ptm_cycle_4,19174588,42825300,6797344
05:01:01,6652,ptm_cycle_4,19174588,42825300,6797344
05:01:02,6652,ptm_cycle_4,19174588,42825300,6797344
05:01:03,6652,ptm_cycle_4,19174588,42825300,6797344
05:01:04,6652,ptm_cycle_4,19174592,42825300,6797340
05:01:05,6652,ptm_cycle_4,19174620,42825300,6797312
05:01:06,6652,ptm_cycle_4,19174620,42825300,6797312
05:01:07,6652,ptm_cycle_4,19174620,42825300,6797312
05:01:08,6652,ptm_cycle_4,19174620,42825300,6797312
05:01:09,6652,ptm_cycle_4,19174620,42825300,6797312
05:01:10,6652,ptm_cycle_4,19174620,42825300,6797312
05:01:11,6652,ptm_cycle_4,19174620,42825300,6797312
05:01:12,6652,ptm_cycle_4,19174620,42825300,6797312
05:01:13,6652,ptm_cycle_4,19174624,42825300,6797308
05:01:14,6652,ptm_cycle_4,19174624,42825300,6797308
05:01:15,6652,ptm_cycle_4,19174624,42825300,6797308
05:01:16,6652,ptm_cycle_4,19174624,42825300,6797308
05:01:17,6652,ptm_cycle_4,19174624,42825300,6797308
05:01:18,6652,ptm_cycle_4,19174624,42825300,6797308
05:01:19,6652,ptm_cycle_4,19174740,42825300,6797192
05:01:20,6652,ptm_cycle_4,19174740,42825300,6797192
05:01:21,6652,ptm_cycle_4,19174740,42825300,6797192
05:01:22,6652,ptm_cycle_4,19174740,42825300,6797192
05:01:23,6652,ptm_cycle_4,19174740,42825300,6797192
05:01:24,6652,ptm_cycle_4,19174740,42825300,6797192
05:01:25,6652,ptm_cycle_4,19174740,42825300,6797192
05:01:26,6652,ptm_cycle_4,19176364,42825300,6795568
05:01:27,6652,ptm_cycle_4,19176364,42825300,6795568
05:01:28,6652,ptm_cycle_4,19178052,42825300,6793880
05:01:29,6652,ptm_cycle_4,19178052,42825300,6793880
05:01:30,6652,ptm_cycle_4,19178052,42825300,6793880
05:01:31,6652,ptm_cycle_4,19178052,42825300,6793880
05:01:32,6652,ptm_cycle_4,19178052,42825300,6793880
05:01:33,6652,ptm_cycle_4,19178052,42825300,6793880
05:01:34,6652,ptm_cycle_4,19178052,42825300,6793880
05:01:35,6652,ptm_cycle_4,19178052,42825300,6793880
05:01:36,6652,ptm_cycle_4,19178052,42825300,6793880
05:01:37,6652,ptm_cycle_4,19178052,42825300,6793880
05:01:38,6652,ptm_cycle_4,19179728,42825300,6792204
05:01:39,6652,ptm_cycle_4,19179728,42825300,6792204
05:01:40,6652,ptm_cycle_4,19179728,42825300,6792204
05:01:41,6652,ptm_cycle_4,19179728,42825300,6792204
05:01:42,6652,ptm_cycle_4,19179728,42825300,6792204
05:01:43,6652,ptm_cycle_4,19179728,42825300,6792204
05:01:44,6652,ptm_cycle_4,19179728,42825300,6792204
05:01:45,6652,ptm_cycle_4,19179728,42825300,6792204
05:01:46,6652,ptm_cycle_4,19179728,42825300,6792204
05:01:47,6652,ptm_cycle_4,19179728,42825300,6792204
05:01:48,6652,ptm_cycle_4,19179732,42825300,6792200
05:01:49,6652,ptm_cycle_4,19179732,42825300,6792200
05:01:50,6652,ptm_cycle_4,19179732,42825300,6792200
05:01:51,6652,ptm_cycle_4,19179732,42825300,6792200
05:01:52,6652,ptm_cycle_4,19179732,42825300,6792200
05:01:53,6652,ptm_cycle_4,19179736,42825300,6792196
05:01:54,6652,ptm_cycle_4,19179736,42825300,6792196
05:01:55,6652,ptm_cycle_4,19179736,42825300,6792196
05:01:56,6652,ptm_cycle_4,19179736,42825300,6792196
05:01:57,6652,ptm_cycle_4,19179736,42825300,6792196
05:01:58,6652,ptm_cycle_4,19179736,42825300,6792196
05:01:59,6652,ptm_cycle_4,19179736,42825300,6792196
05:02:00,6652,ptm_cycle_4,19179736,42825300,6792196
05:02:01,6652,ptm_cycle_4,19179740,42825300,6792192
05:02:02,6652,ptm_cycle_4,19179740,42825300,6792192
05:02:03,6652,ptm_cycle_4,19179740,42825300,6792192
05:02:04,6652,ptm_cycle_4,19179740,42825300,6792192
05:02:05,6652,ptm_cycle_4,19179740,42825300,6792192
05:02:07,6652,ptm_cycle_4,19179740,42825300,6792192
05:02:08,6652,ptm_cycle_4,19179740,42825300,6792192
05:02:09,6652,ptm_cycle_4,19179740,42825300,6792192
05:02:10,6652,ptm_cycle_4,19179744,42825300,6792188
05:02:11,6652,ptm_cycle_4,19179744,42825300,6792188
05:02:12,6652,ptm_cycle_4,19179744,42825300,6792188
05:02:13,6652,ptm_cycle_4,19179744,42825300,6792188
05:02:14,6652,ptm_cycle_4,19179744,42825300,6792188
05:02:15,6652,ptm_cycle_4,19179744,42825300,6792188
05:02:16,6652,ptm_cycle_4,19179744,42825300,6792188
05:02:17,6652,ptm_cycle_4,19179744,42825300,6792188
05:02:18,6652,ptm_cycle_4,19179748,42825300,6792184
05:02:19,6652,ptm_cycle_4,19179748,42825300,6792184
05:02:20,6652,ptm_cycle_4,19179748,42825300,6792184
05:02:21,6652,ptm_cycle_4,19179748,42825300,6792184
05:02:22,6652,ptm_cycle_4,19179748,42825300,6792184
05:02:23,6652,ptm_cycle_4,19179748,42825300,6792184
05:02:24,6652,ptm_cycle_4,19179752,42825300,6792180
05:02:25,6652,ptm_cycle_4,19179752,42825300,6792180
05:02:26,6652,ptm_cycle_4,19179752,42825300,6792180
05:02:27,6652,ptm_cycle_4,19179752,42825300,6792180
05:02:28,6652,ptm_cycle_4,19179752,42825300,6792180
05:02:29,6652,ptm_cycle_4,19179752,42825300,6792180
05:02:30,6652,ptm_cycle_4,19179752,42825300,6792180
05:02:31,6652,ptm_cycle_4,19179756,42825300,6792176
05:02:32,6652,ptm_cycle_4,19179756,42825300,6792176
05:02:33,6652,ptm_cycle_4,19179984,42825300,6791948
05:02:34,6652,ptm_cycle_4,19179984,42825300,6791948
05:02:35,6652,ptm_cycle_4,19179984,42825300,6791948
05:02:36,6652,ptm_cycle_4,19179984,42825300,6791948
05:02:37,6652,ptm_cycle_4,19179984,42825300,6791948
05:02:38,6652,ptm_cycle_4,19179984,42825300,6791948
05:02:39,6652,ptm_cycle_4,19179984,42825300,6791948
05:02:40,6652,ptm_cycle_4,19179984,42825300,6791948
05:02:41,6652,ptm_cycle_4,19179984,42825300,6791948
05:02:42,6652,ptm_cycle_4,19179984,42825300,6791948
05:02:43,6652,ptm_cycle_4,19179984,42825300,6791948
05:02:44,6652,ptm_cycle_4,19180272,42825300,6791660
05:02:45,6652,ptm_cycle_4,19180276,42825300,6791656
05:02:46,6652,ptm_cycle_4,19180276,42825300,6791656
05:02:47,6652,ptm_cycle_4,19180276,42825300,6791656
05:02:48,6652,ptm_cycle_4,19180276,42825300,6791656
05:02:49,6652,ptm_cycle_4,19180276,42825300,6791656
05:02:50,6652,ptm_cycle_4,19180276,42825300,6791656
05:02:51,6652,ptm_cycle_4,19189128,42825300,6783600
05:02:52,6652,ptm_cycle_4,19189260,42825300,6783468
05:02:53,6652,ptm_cycle_4,19189260,42825300,6783468
05:02:54,6652,ptm_cycle_4,19190244,42825300,6782484
05:02:55,6652,ptm_cycle_4,19190244,42825300,6782484
05:02:56,6652,ptm_cycle_4,19190248,42825300,6782480
05:02:57,6652,ptm_cycle_4,19190272,42825300,6782480
05:02:58,6652,ptm_cycle_4,19190432,42825300,6782296
05:02:59,6652,ptm_cycle_4,19190432,42825300,6782296
05:03:00,6652,ptm_cycle_4,19190436,42825300,6782292
05:03:01,6652,ptm_cycle_4,19190436,42825300,6782292
05:03:02,6652,ptm_cycle_4,19190440,42825300,6782288
05:03:03,6652,ptm_cycle_4,19190440,42825300,6782288
05:03:04,6652,ptm_cycle_4,19192180,42825300,6780548
05:03:05,6652,ptm_cycle_4,19192184,42825300,6780544
05:03:06,6652,ptm_cycle_4,19192188,42825300,6780540
05:03:07,6652,ptm_cycle_4,19192192,42825300,6780536
05:03:08,6652,ptm_cycle_4,19192196,42825300,6780532
05:03:09,6652,ptm_cycle_4,19192200,42825300,6780528
05:03:10,6652,ptm_cycle_4,19192204,42825300,6780524
05:03:11,6652,ptm_cycle_4,19192208,42825300,6780520
05:03:12,6652,ptm_cycle_4,19192212,42825300,6780516
05:03:13,6652,ptm_cycle_4,19192224,42825300,6780504
05:03:14,6652,ptm_cycle_4,19192228,42825300,6780500
05:03:15,6652,ptm_cycle_4,19192232,42825300,6780496
05:03:16,6652,ptm_cycle_4,19192236,42825300,6780492
05:03:17,6652,ptm_cycle_4,19192240,42825300,6780488
05:03:18,6652,ptm_cycle_4,19192240,42825300,6780488
05:03:19,6652,ptm_cycle_4,19192244,42825300,6780484
05:03:20,6652,ptm_cycle_4,19192244,42825300,6780484
05:03:21,6652,ptm_cycle_4,19192252,42825300,6780476
05:03:22,6652,ptm_cycle_4,19192252,42825300,6780476
05:03:23,6652,ptm_cycle_4,19192260,42825300,6780468
05:03:24,6652,ptm_cycle_4,19192260,42825300,6780468
05:03:25,6652,ptm_cycle_4,19192268,42825300,6780460
05:03:26,6652,ptm_cycle_4,19192272,42825300,6780456
05:03:27,6652,ptm_cycle_4,19192276,42825300,6780452
05:03:28,6652,ptm_cycle_4,19192280,42825300,6780448
05:03:29,6652,ptm_cycle_4,19192284,42825300,6780444
05:03:30,6652,ptm_cycle_4,19192284,42825300,6780444
05:03:31,6652,ptm_cycle_4,19192292,42825300,6780436
05:03:32,6652,ptm_cycle_4,19192292,42825300,6780436
05:03:33,6652,ptm_cycle_4,19194660,42825300,6778068
05:03:34,6652,ptm_cycle_4,19194660,42825300,6778068
05:03:35,6652,ptm_cycle_4,19194664,42825300,6778064
05:03:36,6652,ptm_cycle_4,19194664,42825300,6778064
05:03:37,6652,ptm_cycle_4,19194668,42825300,6778060
05:03:38,6652,ptm_cycle_4,19194668,42825300,6778060
05:03:40,6652,ptm_cycle_4,19194672,42825300,6778056
05:03:41,6652,ptm_cycle_4,19194704,42825300,6778024
05:03:42,6652,ptm_cycle_4,19194704,42825300,6778024
05:03:43,6652,ptm_cycle_4,19194716,42825300,6778012
05:03:44,6652,ptm_cycle_4,19194716,42825300,6778012
05:03:45,6652,ptm_cycle_4,19194716,42825300,6778012
05:03:46,6652,ptm_cycle_4,19194720,42825300,6778008
05:03:47,6652,ptm_cycle_4,19194720,42825300,6778008
05:03:48,6652,ptm_cycle_4,19194720,42825300,6778008
05:03:49,6652,ptm_cycle_4,19194724,42825300,6778004
05:03:50,6652,ptm_cycle_4,19194724,42825300,6778004
05:03:51,6652,ptm_cycle_4,19194724,42825300,6778004
05:03:52,6652,ptm_cycle_4,19194724,42825300,6778004
05:03:53,6652,ptm_cycle_4,19194752,42825300,6777976
05:03:54,6652,ptm_cycle_4,19194752,42825300,6777976
05:03:55,6652,ptm_cycle_4,19194752,42825300,6777976
05:03:56,6652,ptm_cycle_4,19194756,42825300,6777972
05:03:57,6652,ptm_cycle_4,19194776,42825300,6777952
05:03:58,6652,ptm_cycle_4,19194776,42825300,6777952
05:03:59,6652,ptm_cycle_4,19194780,42825300,6777948
05:04:00,6652,ptm_cycle_4,19194784,42825300,6777944
05:04:01,6652,ptm_cycle_4,19194784,42825300,6777944
05:04:02,6652,ptm_cycle_4,19194788,42825300,6777940
05:04:03,6652,ptm_cycle_4,19194792,42825300,6777936
05:04:04,6652,ptm_cycle_4,19194792,42825300,6777936
05:04:05,6652,ptm_cycle_4,19194792,42825300,6777936
05:04:06,6652,ptm_cycle_4,19194796,42825300,6777932
05:04:07,6652,ptm_cycle_4,19194796,42825300,6777932
05:04:08,6652,ptm_cycle_4,19194796,42825300,6777932
05:04:09,6652,ptm_cycle_4,19194796,42825300,6777932
05:04:10,6652,ptm_cycle_4,19194840,42825300,6777888
05:04:11,6652,ptm_cycle_4,19194840,42825300,6777888
05:04:12,6652,ptm_cycle_4,19194840,42825300,6777888
05:04:13,6652,ptm_cycle_4,19194840,42825300,6777888
05:04:14,6652,ptm_cycle_4,19194848,42825300,6777880
05:04:15,6652,ptm_cycle_4,19194848,42825300,6777880
05:04:16,6652,ptm_cycle_4,19194848,42825300,6777880
05:04:17,6652,ptm_cycle_4,19194856,42825300,6777872
05:04:18,6652,ptm_cycle_4,19194860,42825300,6777868
05:04:19,6652,ptm_cycle_4,19195336,42825300,6777392
05:04:20,6652,ptm_cycle_4,19195340,42825300,6777388
05:04:21,6652,ptm_cycle_4,19195420,42825300,6777308
05:04:22,6652,ptm_cycle_4,19195420,42825300,6777308
05:04:23,6652,ptm_cycle_4,19195424,42825300,6777304
05:04:24,6652,ptm_cycle_4,19195428,42825300,6777300
05:04:25,6652,ptm_cycle_4,19195428,42825300,6777300
05:04:26,6652,ptm_cycle_4,19195444,42825300,6777284
05:04:27,6652,ptm_cycle_4,19195444,42825300,6777284
05:04:28,6652,ptm_cycle_4,19195448,42825300,6777280
05:04:29,6652,ptm_cycle_4,19195448,42825300,6777280
05:04:30,6652,ptm_cycle_4,19195448,42825300,6777280
05:04:31,6652,ptm_cycle_4,19195448,42825300,6777280
05:04:32,6652,ptm_cycle_4,19195452,42825300,6777276
05:04:33,6652,ptm_cycle_4,19195452,42825300,6777276
05:04:34,6652,ptm_cycle_4,19195564,42825300,6777164
05:04:35,6652,ptm_cycle_4,19195568,42825300,6777160
05:04:36,6652,ptm_cycle_4,19195568,42825300,6777160
05:04:37,6652,ptm_cycle_4,19195764,42825300,6776964
05:04:38,6652,ptm_cycle_4,19195936,42825300,6776792
05:04:39,6652,ptm_cycle_4,19196128,42825300,6776600
05:04:40,6652,ptm_cycle_4,19196128,42825300,6776600
05:04:41,6652,ptm_cycle_4,19196212,42825300,6776516
05:04:42,6652,ptm_cycle_4,19196212,42825300,6776516
05:04:43,6652,ptm_cycle_4,19196212,42825300,6776516
05:04:44,6652,ptm_cycle_4,19196216,42825300,6776512
05:04:45,6652,ptm_cycle_4,19196216,42825300,6776512
05:04:46,6652,ptm_cycle_4,19196216,42825300,6776512
05:04:47,6652,ptm_cycle_4,19196216,42825300,6776512
05:04:48,6652,ptm_cycle_4,19196216,42825300,6776512
05:04:49,6652,ptm_cycle_4,19196216,42825300,6776512
05:04:50,6652,ptm_cycle_4,19196220,42825300,6776508
05:04:51,6652,ptm_cycle_4,19196220,42825300,6776508
05:04:52,6652,ptm_cycle_4,19196220,42825300,6776508
05:04:53,6652,ptm_cycle_4,19196220,42825300,6776508
05:04:54,6652,ptm_cycle_4,19196400,42825300,6776328
05:04:55,6652,ptm_cycle_4,19196576,42825300,6776152
05:04:56,6652,ptm_cycle_4,19196576,42825300,6776152
05:04:57,6652,ptm_cycle_4,19196748,42825300,6775980
05:04:58,6652,ptm_cycle_4,19196748,42825300,6775980
05:04:59,6652,ptm_cycle_4,19196752,42825300,6775976
05:05:00,6652,ptm_cycle_4,19196752,42825300,6775976
05:05:01,6652,ptm_cycle_4,19196752,42825300,6775976
05:05:02,6652,ptm_cycle_4,19196752,42825300,6775976
05:05:03,6652,ptm_cycle_4,19196752,42825300,6775976
05:05:04,6652,ptm_cycle_4,19196756,42825300,6775972
05:05:05,6652,ptm_cycle_4,19196756,42825300,6775972
05:05:06,6652,ptm_cycle_4,19196756,42825300,6775972
05:05:07,6652,ptm_cycle_4,19196756,42825300,6775972
05:05:08,6652,ptm_cycle_4,19196756,42825300,6775972
05:05:09,6652,ptm_cycle_4,19196756,42825300,6775972
05:05:10,6652,ptm_cycle_4,19196760,42825300,6775968
05:05:11,6652,ptm_cycle_4,19196760,42825300,6775968
05:05:13,6652,ptm_cycle_4,19196760,42825300,6775968
05:05:14,6652,ptm_cycle_4,19196760,42825300,6775968
05:05:15,6652,ptm_cycle_4,19196768,42825300,6775960
05:05:16,6652,ptm_cycle_4,19196768,42825300,6775960
05:05:17,6652,ptm_cycle_4,19196768,42825300,6775960
05:05:18,6652,ptm_cycle_4,19196768,42825300,6775960
05:05:19,6652,ptm_cycle_4,19196768,42825300,6775960
05:05:20,6652,ptm_cycle_4,19196768,42825300,6775960
05:05:21,6652,ptm_cycle_4,19196768,42825300,6775960
05:05:22,6652,ptm_cycle_4,19196768,42825300,6775960
05:05:23,6652,ptm_cycle_4,19196796,42825300,6775932
05:05:24,6652,ptm_cycle_4,19196796,42825300,6775932
05:05:25,6652,ptm_cycle_4,19196796,42825300,6775932
05:05:26,6652,ptm_cycle_4,19196800,42825300,6775928
05:05:27,6652,ptm_cycle_4,19198560,42825300,6774168
05:05:28,6652,ptm_cycle_4,19198560,42825300,6774168
05:05:29,6652,ptm_cycle_4,19198560,42825300,6774168
05:05:30,6652,ptm_cycle_4,19198564,42825300,6774164
05:05:31,6652,ptm_cycle_4,19198564,42825300,6774164
05:05:32,6652,ptm_cycle_4,19198564,42825300,6774164
05:05:33,6652,ptm_cycle_4,19213596,42825300,6759348
05:05:34,6652,ptm_cycle_4,19213748,42825300,6759196
05:05:35,6652,ptm_cycle_4,19213916,42825300,6759028
05:05:36,6652,ptm_cycle_4,19218328,42825300,6755428
05:05:37,6652,ptm_cycle_4,19219748,42825300,6754028
05:05:38,6652,ptm_cycle_4,19219748,42825300,6754028
05:05:39,6652,ptm_cycle_4,19220084,42825300,6753692
05:05:40,6652,ptm_cycle_4,19220164,42825300,6753612
05:05:41,6652,ptm_cycle_4,19220536,42825300,6753240
05:05:42,6652,ptm_cycle_4,19229568,42825300,6744228
05:05:43,6652,ptm_cycle_4,19229568,42825300,6744228
05:05:44,6652,ptm_cycle_4,19229796,42825300,6744000
05:05:45,6652,ptm_cycle_4,19230364,42825300,6743432
05:05:46,6652,ptm_cycle_4,19230364,42825300,6743432
05:05:47,6652,ptm_cycle_4,19230520,42825300,6743276
05:05:48,6652,ptm_cycle_4,19230540,42825300,6743256
05:05:49,6652,ptm_cycle_4,19231980,42825300,6742456
05:05:50,6652,ptm_cycle_4,19244316,42825300,6732076
05:05:51,6652,ptm_cycle_4,19244316,42825300,6732076
05:05:52,6652,ptm_cycle_4,19246984,42825300,6729652
05:05:53,6652,ptm_cycle_4,19247508,42825300,6729132
05:05:54,6652,ptm_cycle_4,19247512,42825300,6729128
05:05:55,6652,ptm_cycle_4,19247516,42825300,6729124
05:05:56,6652,ptm_cycle_4,19247796,42825300,6728844
05:05:57,6652,ptm_cycle_4,19248044,42825300,6728596
05:05:58,6652,ptm_cycle_4,19248376,42825300,6728264
05:05:59,6652,ptm_cycle_4,19248384,42825300,6728256
05:06:00,6652,ptm_cycle_4,19248384,42825300,6728256
05:06:01,6652,ptm_cycle_4,19248384,42825300,6728256
05:06:02,6652,ptm_cycle_4,19248432,42825300,6728208
05:06:03,6652,ptm_cycle_4,19248432,42825300,6728208
05:06:04,6652,ptm_cycle_4,19248432,42825300,6728208
05:06:05,6652,ptm_cycle_4,19248436,42825300,6728204
05:06:06,6652,ptm_cycle_4,19248436,42825300,6728204
05:06:07,6652,ptm_cycle_4,19248948,42825300,6727700
05:06:08,6652,ptm_cycle_4,19248968,42825300,6727692
05:06:09,6652,ptm_cycle_4,19248968,42825300,6727692
05:06:10,6652,ptm_cycle_4,19249096,42825300,6727564
05:06:11,6652,ptm_cycle_4,19249104,42825300,6727556
05:06:12,6652,ptm_cycle_4,19249104,42825300,6727556
05:06:13,6652,ptm_cycle_4,19249104,42825300,6727556
05:06:14,6652,ptm_cycle_4,19249104,42825300,6727556
05:06:15,6652,ptm_cycle_4,19249104,42825300,6727556
05:06:16,6652,ptm_cycle_4,19249108,42825300,6727552
05:06:17,6652,ptm_cycle_4,19249108,42825300,6727552
05:06:18,6652,ptm_cycle_4,19249112,42825300,6727548
05:06:19,6652,ptm_cycle_4,19249112,42825300,6727548
05:06:20,6652,ptm_cycle_4,19249112,42825300,6727548
05:06:21,6652,ptm_cycle_4,19249160,42825300,6727500
05:06:22,6652,ptm_cycle_4,19249160,42825300,6727500
05:06:23,6652,ptm_cycle_4,19249168,42825300,6727492
05:06:24,6652,ptm_cycle_4,19249168,42825300,6727492
05:06:25,6652,ptm_cycle_4,19249168,42825300,6727492
05:06:26,6652,ptm_cycle_4,19249168,42825300,6727492
05:06:27,6652,ptm_cycle_4,19249168,42825300,6727492
05:06:28,6652,ptm_cycle_4,19249168,42825300,6727492
05:06:29,6652,ptm_cycle_4,19249176,42825300,6727484
05:06:30,6652,ptm_cycle_4,19249176,42825300,6727484
05:06:31,6652,ptm_cycle_4,19249176,42825300,6727484
05:06:32,6652,ptm_cycle_4,19249176,42825300,6727484
05:06:33,6652,ptm_cycle_4,19249176,42825300,6727484
05:06:34,6652,ptm_cycle_4,19249764,42825300,6726896
05:06:35,6652,ptm_cycle_4,19249792,42825300,6726868
05:06:36,6652,ptm_cycle_4,19249800,42825300,6726860
05:06:37,6652,ptm_cycle_4,19249800,42825300,6726860
05:06:38,6652,ptm_cycle_4,19249800,42825300,6726860
05:06:39,6652,ptm_cycle_4,19249876,42825300,6726784
05:06:40,6652,ptm_cycle_4,19249892,42825300,6726768
05:06:41,6652,ptm_cycle_4,19249892,42825300,6726768
05:06:42,6652,ptm_cycle_4,19249892,42825300,6726768
05:06:43,6652,ptm_cycle_4,19249892,42825300,6726768
05:06:44,6652,ptm_cycle_4,19249892,42825300,6726768
05:06:45,6652,ptm_cycle_4,19249892,42825300,6726768
05:06:47,6652,ptm_cycle_4,19249892,42825300,6726768
05:06:48,6652,ptm_cycle_4,19249900,42825300,6726760
05:06:49,6652,ptm_cycle_4,19249900,42825300,6726760
05:06:50,6652,ptm_cycle_4,19249900,42825300,6726760
05:06:51,6652,ptm_cycle_4,19249900,42825300,6726760
05:06:52,6652,ptm_cycle_4,19249900,42825300,6726760
05:06:53,6652,ptm_cycle_4,19249900,42825300,6726760
05:06:54,6652,ptm_cycle_4,19249932,42825300,6726728
05:06:55,6652,ptm_cycle_4,19249932,42825300,6726728
05:06:56,6652,ptm_cycle_4,19249932,42825300,6726728
05:06:57,6652,ptm_cycle_4,19249932,42825300,6726728
05:06:58,6652,ptm_cycle_4,19249932,42825300,6726728
05:06:59,6652,ptm_cycle_4,19249944,42825300,6726716
05:07:00,6652,ptm_cycle_4,19249944,42825300,6726716
05:07:01,6652,ptm_cycle_4,19249952,42825300,6726708
05:07:02,6652,ptm_cycle_4,19249952,42825300,6726708
05:07:03,6652,ptm_cycle_4,19249952,42825300,6726708
05:07:04,6652,ptm_cycle_4,19249952,42825300,6726708
05:07:05,6652,ptm_cycle_4,19249952,42825300,6726708
05:07:06,6652,ptm_cycle_4,19249960,42825300,6726700
05:07:07,6652,ptm_cycle_4,19249992,42825300,6726668
05:07:08,6652,ptm_cycle_4,19249992,42825300,6726668
05:07:09,6652,ptm_cycle_4,19250388,42825300,6726272
05:07:10,6652,ptm_cycle_4,19250388,42825300,6726272
05:07:11,6652,ptm_cycle_4,19250388,42825300,6726272
05:07:12,6652,ptm_cycle_4,19250396,42825300,6726264
05:07:13,6652,ptm_cycle_4,19250396,42825300,6726264
05:07:14,6652,ptm_cycle_4,19250396,42825300,6726264
05:07:15,6652,ptm_cycle_4,19251208,42825300,6725452
05:07:16,6652,ptm_cycle_4,19251208,42825300,6725452
05:07:17,6652,ptm_cycle_4,19251208,42825300,6725452
05:07:18,6652,ptm_cycle_4,19251216,42825300,6725444
05:07:19,6652,ptm_cycle_4,19251216,42825300,6725444
05:07:20,6652,ptm_cycle_4,19252452,42825300,6724208
05:07:21,6652,ptm_cycle_4,19252500,42825300,6724184
05:07:22,6652,ptm_cycle_4,19252800,42825300,6723860
05:07:23,6652,ptm_cycle_4,19252804,42825300,6723856
05:07:24,6652,ptm_cycle_4,19252804,42825300,6723856
05:07:25,6652,ptm_cycle_4,19252808,42825300,6723852
05:07:26,6652,ptm_cycle_4,19252808,42825300,6723852
05:07:27,6652,ptm_cycle_4,19252808,42825300,6723852
05:07:28,6652,ptm_cycle_4,19252812,42825300,6723848
05:07:29,6652,ptm_cycle_4,19252812,42825300,6723848
05:07:30,6652,ptm_cycle_4,19252820,42825300,6723840
05:07:31,6652,ptm_cycle_4,19252836,42825300,6723824
05:07:32,6652,ptm_cycle_4,19252836,42825300,6723824
05:07:33,6652,ptm_cycle_4,19252836,42825300,6723824
05:07:34,6652,ptm_cycle_4,19252836,42825300,6723824
05:07:35,6652,ptm_cycle_4,19252840,42825300,6723820
05:07:36,6652,ptm_cycle_4,19253044,42825300,6723616
05:07:37,6652,ptm_cycle_4,19253044,42825300,6723616
05:07:38,6652,ptm_cycle_4,19253044,42825300,6723616
05:07:39,6652,ptm_cycle_4,19253044,42825300,6723616
05:07:40,6652,ptm_cycle_4,19253048,42825300,6723612
05:07:41,6652,ptm_cycle_4,19253048,42825300,6723612
05:07:42,6652,ptm_cycle_4,19253048,42825300,6723612
05:07:43,6652,ptm_cycle_4,19253052,42825300,6723608
05:07:44,6652,ptm_cycle_4,19253052,42825300,6723608
05:07:45,6652,ptm_cycle_4,19253052,42825300,6723608
05:07:46,6652,ptm_cycle_4,19253056,42825300,6723604
05:07:47,6652,ptm_cycle_4,19253060,42825300,6723600
05:07:48,6652,ptm_cycle_4,19253060,42825300,6723600
05:07:49,6652,ptm_cycle_4,19253200,42825300,6723460
05:07:50,6652,ptm_cycle_4,19253200,42825300,6723460
05:07:51,6652,ptm_cycle_4,19253200,42825300,6723460
05:07:52,6652,ptm_cycle_4,19253200,42825300,6723460
05:07:53,6652,ptm_cycle_4,19253200,42825300,6723460
05:07:54,6652,ptm_cycle_4,19253208,42825300,6723452
05:07:55,6652,ptm_cycle_4,19253208,42825300,6723452
05:07:56,6652,ptm_cycle_4,19253208,42825300,6723452
05:07:57,6652,ptm_cycle_4,19253208,42825300,6723452
05:07:58,6652,ptm_cycle_4,19253208,42825300,6723452
05:07:59,6652,ptm_cycle_4,19253208,42825300,6723452
05:08:00,6652,ptm_cycle_4,19253216,42825300,6723444
05:08:01,6652,ptm_cycle_4,19253216,42825300,6723444
05:08:02,6652,ptm_cycle_4,19253216,42825300,6723444
05:08:03,6652,ptm_cycle_4,19253240,42825300,6723444
05:08:04,6652,ptm_cycle_4,19253216,42825300,6723444
05:08:05,6652,ptm_cycle_4,19253216,42825300,6723444
05:08:06,6652,ptm_cycle_4,19253216,42825300,6723444
05:08:07,6652,ptm_cycle_4,19253224,42825300,6723436
05:08:08,6652,ptm_cycle_4,19253224,42825300,6723436
05:08:09,6652,ptm_cycle_4,19253224,42825300,6723436
05:08:10,6652,ptm_cycle_4,19253224,42825300,6723436
05:08:11,6652,ptm_cycle_4,19253224,42825300,6723436
05:08:12,6652,ptm_cycle_4,19253232,42825300,6723428
05:08:13,6652,ptm_cycle_4,19253236,42825300,6723424
05:08:14,6652,ptm_cycle_4,19253236,42825300,6723424
05:08:15,6652,ptm_cycle_4,19253236,42825300,6723424
05:08:16,6652,ptm_cycle_4,19253236,42825300,6723424
05:08:17,6652,ptm_cycle_4,19253236,42825300,6723424
05:08:18,6652,ptm_cycle_4,19253248,42825300,6723412
05:08:20,6652,ptm_cycle_4,19253248,42825300,6723412
05:08:21,6652,ptm_cycle_4,19253248,42825300,6723412
05:08:22,6652,ptm_cycle_4,19253248,42825300,6723412
05:08:23,6652,ptm_cycle_4,19253248,42825300,6723412
05:08:24,6652,ptm_cycle_4,19253248,42825300,6723412
05:08:25,6652,ptm_cycle_4,19253248,42825300,6723412
05:08:26,6652,ptm_cycle_4,19253256,42825300,6723404
05:08:27,6652,ptm_cycle_4,19255244,42825300,6721416
05:08:28,6652,ptm_cycle_4,19255244,42825300,6721416
05:08:29,6652,ptm_cycle_4,19255244,42825300,6721416
05:08:30,6652,ptm_cycle_4,19255244,42825300,6721416
05:08:31,6652,ptm_cycle_4,19255244,42825300,6721416
05:08:32,6652,ptm_cycle_4,19255252,42825300,6721408
05:08:33,6652,ptm_cycle_4,19255252,42825300,6721408
05:08:34,6652,ptm_cycle_4,19255256,42825300,6721404
05:08:35,6652,ptm_cycle_4,19255256,42825300,6721404
05:08:36,6652,ptm_cycle_4,19255256,42825300,6721404
05:08:37,6652,ptm_cycle_4,19255988,42825300,6720672
05:08:38,6652,ptm_cycle_4,19255988,42825300,6720672
05:08:39,6652,ptm_cycle_4,19255988,42825300,6720672
05:08:40,6652,ptm_cycle_4,19255992,42825300,6720668
05:08:41,6652,ptm_cycle_4,19255992,42825300,6720668
05:08:42,6652,ptm_cycle_4,19255992,42825300,6720668
05:08:43,6652,ptm_cycle_4,19256000,42825300,6720660
05:08:44,6652,ptm_cycle_4,19256000,42825300,6720660
05:08:45,6652,ptm_cycle_4,19256008,42825300,6720652
05:08:46,6652,ptm_cycle_4,19256008,42825300,6720652
05:08:47,6652,ptm_cycle_4,19256008,42825300,6720652
05:08:48,6652,ptm_cycle_4,19256008,42825300,6720652
05:08:49,6652,ptm_cycle_4,19256008,42825300,6720652
05:08:50,6652,ptm_cycle_4,19256016,42825300,6720644
05:08:51,6652,ptm_cycle_4,19256016,42825300,6720644
05:08:52,6652,ptm_cycle_4,19256016,42825300,6720644
05:08:53,6652,ptm_cycle_4,19256016,42825300,6720644
05:08:54,6652,ptm_cycle_4,19256016,42825300,6720644
05:08:55,6652,ptm_cycle_4,19256016,42825300,6720644
05:08:56,6652,ptm_cycle_4,19256016,42825300,6720644
05:08:57,6652,ptm_cycle_4,19256020,42825300,6720640
05:08:58,6652,ptm_cycle_4,19256020,42825300,6720640
05:08:59,6652,ptm_cycle_4,19256020,42825300,6720640
05:09:00,6652,ptm_cycle_4,19256044,42825300,6720616
05:09:01,6652,ptm_cycle_4,19256044,42825300,6720616
05:09:02,6652,ptm_cycle_4,19256052,42825300,6720608
05:09:03,6652,ptm_cycle_4,19256052,42825300,6720608
05:09:04,6652,ptm_cycle_4,19256052,42825300,6720608
05:09:05,6652,ptm_cycle_4,19256052,42825300,6720608
05:09:06,6652,ptm_cycle_4,19256056,42825300,6720604
05:09:07,6652,ptm_cycle_4,19256056,42825300,6720604
05:09:08,6652,ptm_cycle_4,19256064,42825300,6720596
05:09:09,6652,ptm_cycle_4,19256064,42825300,6720596
05:09:10,6652,ptm_cycle_4,19256064,42825300,6720596
05:09:11,6652,ptm_cycle_4,19256064,42825300,6720596
05:09:12,6652,ptm_cycle_4,19256064,42825300,6720596
05:09:13,6652,ptm_cycle_4,19256064,42825300,6720596
05:09:14,6652,ptm_cycle_4,19256064,42825300,6720596
05:09:15,6652,ptm_cycle_4,19256072,42825300,6720588
05:09:16,6652,ptm_cycle_4,19256072,42825300,6720588
05:09:17,6652,ptm_cycle_4,19256072,42825300,6720588
05:09:18,6652,ptm_cycle_4,19256072,42825300,6720588
05:09:19,6652,ptm_cycle_4,19256072,42825300,6720588
05:09:20,6652,ptm_cycle_4,19256072,42825300,6720588
05:09:21,6652,ptm_cycle_4,19256076,42825300,6720584
05:09:22,6652,ptm_cycle_4,19256076,42825300,6720584
05:09:23,6652,ptm_cycle_4,19256076,42825300,6720584
05:09:24,6652,ptm_cycle_4,19256076,42825300,6720584
05:09:25,6652,ptm_cycle_4,19256076,42825300,6720584
05:09:26,6652,ptm_cycle_4,19256084,42825300,6720576
05:09:27,6652,ptm_cycle_4,19256084,42825300,6720576
05:09:28,6652,ptm_cycle_4,19256084,42825300,6720576
05:09:29,6652,ptm_cycle_4,19256084,42825300,6720576
05:09:30,6652,ptm_cycle_4,19256084,42825300,6720576
05:09:31,6652,ptm_cycle_4,19256084,42825300,6720576
05:09:32,6652,ptm_cycle_4,19256096,42825300,6720564
05:09:33,6652,ptm_cycle_4,19256096,42825300,6720564
05:09:34,6652,ptm_cycle_4,19256096,42825300,6720564
05:09:35,6652,ptm_cycle_4,19256096,42825300,6720564
05:09:36,6652,ptm_cycle_4,19256096,42825300,6720564
05:09:37,6652,ptm_cycle_4,19256096,42825300,6720564
05:09:38,6652,ptm_cycle_4,19256096,42825300,6720564
05:09:39,6652,ptm_cycle_4,19256104,42825300,6720556
05:09:40,6652,ptm_cycle_4,19256104,42825300,6720556
05:09:41,6652,ptm_cycle_4,19256104,42825300,6720556
05:09:42,6652,ptm_cycle_4,19256104,42825300,6720556
05:09:43,6652,ptm_cycle_4,19256104,42825300,6720556
05:09:44,6652,ptm_cycle_4,19256108,42825300,6720552
05:09:45,6652,ptm_cycle_4,19256112,42825300,6720548
05:09:46,6652,ptm_cycle_4,19256112,42825300,6720548
05:09:47,6652,ptm_cycle_4,19256112,42825300,6720548
05:09:48,6652,ptm_cycle_4,19256112,42825300,6720548
05:09:49,6652,ptm_cycle_4,19256112,42825300,6720548
05:09:50,6652,ptm_cycle_4,19256120,42825300,6720540
05:09:51,6652,ptm_cycle_4,19256120,42825300,6720540
05:09:52,6652,ptm_cycle_4,19256120,42825300,6720540
05:09:54,6652,ptm_cycle_4,19256144,42825300,6720540
05:09:55,6652,ptm_cycle_4,19256120,42825300,6720540
05:09:56,6652,ptm_cycle_4,19256120,42825300,6720540
05:09:57,6652,ptm_cycle_4,19256120,42825300,6720540
05:09:58,6652,ptm_cycle_4,19256128,42825300,6720532
05:09:59,6652,ptm_cycle_4,19256128,42825300,6720532
05:10:00,6652,ptm_cycle_4,19256128,42825300,6720532
05:10:01,6652,ptm_cycle_4,19256128,42825300,6720532
05:10:02,6652,ptm_cycle_4,19256128,42825300,6720532
05:10:03,6652,ptm_cycle_4,19256128,42825300,6720532
05:10:04,6652,ptm_cycle_4,19256136,42825300,6720524
05:10:05,6652,ptm_cycle_4,19256136,42825300,6720524
05:10:06,6652,ptm_cycle_4,19256136,42825300,6720524
05:10:07,6652,ptm_cycle_4,19256136,42825300,6720524
05:10:08,6652,ptm_cycle_4,19256136,42825300,6720524
05:10:09,6652,ptm_cycle_4,19256136,42825300,6720524
05:10:10,6652,ptm_cycle_4,19256136,42825300,6720524
05:10:11,6652,ptm_cycle_4,19256140,42825300,6720520
05:10:12,6652,ptm_cycle_4,19256140,42825300,6720520
05:10:13,6652,ptm_cycle_4,19256140,42825300,6720520
05:10:14,6652,ptm_cycle_4,19256140,42825300,6720520
05:10:15,6652,ptm_cycle_4,19256140,42825300,6720520
05:10:16,6652,ptm_cycle_4,19257184,42825300,6719476
05:10:17,6652,ptm_cycle_4,19257184,42825300,6719476
05:10:18,6652,ptm_cycle_4,19258192,42825300,6718468
05:10:19,6652,ptm_cycle_4,19258196,42825300,6718464
05:10:20,6652,ptm_cycle_4,19259204,42825300,6717456
05:10:21,6652,ptm_cycle_4,19260212,42825300,6716448
05:10:22,6652,ptm_cycle_4,19260220,42825300,6716440
05:10:23,6652,ptm_cycle_4,19261228,42825300,6715432
05:10:24,6652,ptm_cycle_4,19262236,42825300,6714424
05:10:25,6652,ptm_cycle_4,19262236,42825300,6714424
05:10:26,6652,ptm_cycle_4,19262240,42825300,6714420
05:10:27,6652,ptm_cycle_4,19262240,42825300,6714420
05:10:28,6652,ptm_cycle_4,19262240,42825300,6714420
05:10:29,6652,ptm_cycle_4,19262248,42825300,6714412
05:10:30,6652,ptm_cycle_4,19262248,42825300,6714412
05:10:31,6652,ptm_cycle_4,19262248,42825300,6714412
05:10:32,6652,ptm_cycle_4,19262252,42825300,6714408
05:10:33,6652,ptm_cycle_4,19262252,42825300,6714408
05:10:34,6652,ptm_cycle_4,19262256,42825300,6714404
05:10:35,6652,ptm_cycle_4,19262256,42825300,6714404
05:10:36,6652,ptm_cycle_4,19262256,42825300,6714404
05:10:37,6652,ptm_cycle_4,19262256,42825300,6714404
05:10:38,6652,ptm_cycle_4,19262280,42825300,6714404
05:10:39,6652,ptm_cycle_4,19262260,42825300,6714400
05:10:40,6652,ptm_cycle_4,19262264,42825300,6714396
05:10:41,6652,ptm_cycle_4,19262264,42825300,6714396
05:10:42,6652,ptm_cycle_4,19262264,42825300,6714396
05:10:43,6652,ptm_cycle_4,19262264,42825300,6714396
05:10:44,6652,ptm_cycle_4,19262268,42825300,6714392
05:10:45,6652,ptm_cycle_4,19262268,42825300,6714392
05:10:46,6652,ptm_cycle_4,19262268,42825300,6714392
05:10:47,6652,ptm_cycle_4,19262272,42825300,6714388
05:10:48,6652,ptm_cycle_4,19262272,42825300,6714388
05:10:49,6652,ptm_cycle_4,19262272,42825300,6714388
05:10:50,6652,ptm_cycle_4,19262280,42825300,6714380
05:10:51,6652,ptm_cycle_4,19262280,42825300,6714380
05:10:52,6652,ptm_cycle_4,19262280,42825300,6714380
05:10:53,6652,ptm_cycle_4,19262284,42825300,6714376
05:10:54,6652,ptm_cycle_4,19262284,42825300,6714376
05:10:55,6652,ptm_cycle_4,19263292,42825300,6713368
05:10:56,6652,ptm_cycle_4,19263292,42825300,6713368
05:10:57,6652,ptm_cycle_4,19263292,42825300,6713368
05:10:58,6652,ptm_cycle_4,19263292,42825300,6713368
05:10:59,6652,ptm_cycle_4,19263292,42825300,6713368
05:11:00,6652,ptm_cycle_4,19263292,42825300,6713368
05:11:01,6652,ptm_cycle_4,19263292,42825300,6713368
05:11:02,6652,ptm_cycle_4,19263296,42825300,6713364
05:11:03,6652,ptm_cycle_4,19263296,42825300,6713364
05:11:04,6652,ptm_cycle_4,19263296,42825300,6713364
05:11:05,6652,ptm_cycle_4,19263300,42825300,6713360
05:11:06,6652,ptm_cycle_4,19263300,42825300,6713360
05:11:07,6652,ptm_cycle_4,19263300,42825300,6713360
05:11:08,6652,ptm_cycle_4,19263304,42825300,6713356
05:11:09,6652,ptm_cycle_4,19263304,42825300,6713356
05:11:10,6652,ptm_cycle_4,19263304,42825300,6713356
05:11:11,6652,ptm_cycle_4,19263308,42825300,6713352
05:11:12,6652,ptm_cycle_4,19263308,42825300,6713352
05:11:13,6652,ptm_cycle_4,19263308,42825300,6713352
05:11:14,6652,ptm_cycle_4,19263308,42825300,6713352
05:11:15,6652,ptm_cycle_4,19263312,42825300,6713348
05:11:16,6652,ptm_cycle_4,19263316,42825300,6713344
05:11:17,6652,ptm_cycle_4,19263316,42825300,6713344
05:11:18,6652,ptm_cycle_4,19263316,42825300,6713344
05:11:19,6652,ptm_cycle_4,19263316,42825300,6713344
05:11:20,6652,ptm_cycle_4,19263316,42825300,6713344
05:11:21,6652,ptm_cycle_4,19263316,42825300,6713344
05:11:22,6652,ptm_cycle_4,19263320,42825300,6713340
05:11:23,6652,ptm_cycle_4,19263324,42825300,6713336
05:11:24,6652,ptm_cycle_4,19263324,42825300,6713336
05:11:25,6652,ptm_cycle_4,19263324,42825300,6713336
05:11:27,6652,ptm_cycle_4,19263328,42825300,6713332
05:11:28,6652,ptm_cycle_4,19263328,42825300,6713332
05:11:29,6652,ptm_cycle_4,19263328,42825300,6713332
05:11:30,6652,ptm_cycle_4,19263332,42825300,6713328
05:11:31,6652,ptm_cycle_4,19263332,42825300,6713328
05:11:32,6652,ptm_cycle_4,19263332,42825300,6713328
05:11:33,6652,ptm_cycle_4,19263356,42825300,6713328
05:11:34,6652,ptm_cycle_4,19263336,42825300,6713324
05:11:35,6652,ptm_cycle_4,19263336,42825300,6713324
05:11:36,6652,ptm_cycle_4,19263336,42825300,6713324
05:11:37,6652,ptm_cycle_4,19263340,42825300,6713320
05:11:38,6652,ptm_cycle_4,19263340,42825300,6713320
05:11:39,6652,ptm_cycle_4,19263340,42825300,6713320
05:11:40,6652,ptm_cycle_4,19263340,42825300,6713320
05:11:41,6652,ptm_cycle_4,19263344,42825300,6713316
05:11:42,6652,ptm_cycle_4,19263348,42825300,6713312
05:11:43,6652,ptm_cycle_4,19263348,42825300,6713312
05:11:44,6652,ptm_cycle_4,19263348,42825300,6713312
05:11:45,6652,ptm_cycle_4,19263348,42825300,6713312
05:11:46,6652,ptm_cycle_4,19263348,42825300,6713312
05:11:47,6652,ptm_cycle_4,19263348,42825300,6713312
05:11:48,6652,ptm_cycle_4,19263348,42825300,6713312
05:11:49,6652,ptm_cycle_4,19263348,42825300,6713312
05:11:50,6652,ptm_cycle_4,19263348,42825300,6713312
05:11:51,6652,ptm_cycle_4,19263348,42825300,6713312
05:11:52,6652,ptm_cycle_4,19263348,42825300,6713312
05:11:53,6652,ptm_cycle_4,19263348,42825300,6713312
05:11:54,6652,ptm_cycle_4,19263348,42825300,6713312
05:11:55,6652,ptm_cycle_4,19263352,42825300,6713308
05:11:56,6652,ptm_cycle_4,19263352,42825300,6713308
05:11:57,6652,ptm_cycle_4,19263352,42825300,6713308
05:11:58,6652,ptm_cycle_4,19263352,42825300,6713308
05:11:59,6652,ptm_cycle_4,19263352,42825300,6713308
05:12:00,6652,ptm_cycle_4,19263352,42825300,6713308
05:12:01,6652,ptm_cycle_4,19263352,42825300,6713308
05:12:02,6652,ptm_cycle_4,19263356,42825300,6713304
05:12:03,6652,ptm_cycle_4,19263356,42825300,6713304
05:12:04,6652,ptm_cycle_4,19263356,42825300,6713304
05:12:05,6652,ptm_cycle_4,19263356,42825300,6713304
05:12:06,6652,ptm_cycle_4,19263360,42825300,6713300
05:12:07,6652,ptm_cycle_4,19263360,42825300,6713300
05:12:08,6652,ptm_cycle_4,19263360,42825300,6713300
05:12:09,6652,ptm_cycle_4,19263360,42825300,6713300
05:12:10,6652,ptm_cycle_4,19263360,42825300,6713300
05:12:11,6652,ptm_cycle_4,19263360,42825300,6713300
05:12:12,6652,ptm_cycle_4,19263360,42825300,6713300
05:12:13,6652,ptm_cycle_4,19263364,42825300,6713296
05:12:14,6652,ptm_cycle_4,19263364,42825300,6713296
05:12:15,6652,ptm_cycle_4,19263364,42825300,6713296
05:12:16,6652,ptm_cycle_4,19263364,42825300,6713296
05:12:17,6652,ptm_cycle_4,19263364,42825300,6713296
05:12:18,6652,ptm_cycle_4,19263364,42825300,6713296
05:12:19,6652,ptm_cycle_4,19263364,42825300,6713296
05:12:20,6652,ptm_cycle_4,19263368,42825300,6713292
05:12:21,6652,ptm_cycle_4,19263368,42825300,6713292
05:12:22,6652,ptm_cycle_4,19263368,42825300,6713292
05:12:23,6652,ptm_cycle_4,19263368,42825300,6713292
05:12:24,6652,ptm_cycle_4,19263368,42825300,6713292
05:12:25,6652,ptm_cycle_4,19263368,42825300,6713292
05:12:26,6652,ptm_cycle_4,19263372,42825300,6713288
05:12:27,6652,ptm_cycle_4,19263372,42825300,6713288
05:12:28,6652,ptm_cycle_4,19263372,42825300,6713288
05:12:29,6652,ptm_cycle_4,19263372,42825300,6713288
05:12:30,6652,ptm_cycle_4,19263372,42825300,6713288
05:12:31,6652,ptm_cycle_4,19263376,42825300,6713284
05:12:32,6652,ptm_cycle_4,19263376,42825300,6713284
05:12:33,6652,ptm_cycle_4,19263376,42825300,6713284
05:12:34,6652,ptm_cycle_4,19263376,42825300,6713284
05:12:35,6652,ptm_cycle_4,19263376,42825300,6713284
05:12:36,6652,ptm_cycle_4,19263376,42825300,6713284
05:12:37,6652,ptm_cycle_4,19263376,42825300,6713284
05:12:38,6652,ptm_cycle_4,19263376,42825300,6713284
05:12:39,6652,ptm_cycle_4,19263376,42825300,6713284
05:12:40,6652,ptm_cycle_4,19263376,42825300,6713284
05:12:41,6652,ptm_cycle_4,19263376,42825300,6713284
05:12:42,6652,ptm_cycle_4,19263400,42825300,6713284
05:12:43,6652,ptm_cycle_4,19263376,42825300,6713284
05:12:44,6652,ptm_cycle_4,19263380,42825300,6713280
05:12:45,6652,ptm_cycle_4,19263380,42825300,6713280
05:12:46,6652,ptm_cycle_4,19263380,42825300,6713280
05:12:47,6652,ptm_cycle_4,19263380,42825300,6713280
05:12:48,6652,ptm_cycle_4,19263380,42825300,6713280
05:12:49,6652,ptm_cycle_4,19263380,42825300,6713280
05:12:50,6652,ptm_cycle_4,19263380,42825300,6713280
05:12:51,6652,ptm_cycle_4,19263384,42825300,6713276
05:12:52,6652,ptm_cycle_4,19263384,42825300,6713276
05:12:53,6652,ptm_cycle_4,19263568,42825300,6713092
05:12:54,6652,ptm_cycle_4,19263572,42825300,6713088
05:12:55,6652,ptm_cycle_4,19263572,42825300,6713088
05:12:56,6652,ptm_cycle_4,19263576,42825300,6713084
05:12:57,6652,ptm_cycle_4,19263576,42825300,6713084
05:12:58,6652,ptm_cycle_4,19263576,42825300,6713084
05:13:00,6652,ptm_cycle_4,19263576,42825300,6713084
05:13:01,6652,ptm_cycle_4,19263576,42825300,6713084
05:13:02,6652,ptm_cycle_4,19263584,42825300,6713076
05:13:03,6652,ptm_cycle_4,19263588,42825300,6713072
05:13:04,6652,ptm_cycle_4,19263588,42825300,6713072
05:13:05,6652,ptm_cycle_4,19263588,42825300,6713072
05:13:06,6652,ptm_cycle_4,19263588,42825300,6713072
05:13:07,6652,ptm_cycle_4,19263592,42825300,6713068
05:13:08,6652,ptm_cycle_4,19263592,42825300,6713068
05:13:09,6652,ptm_cycle_4,19263592,42825300,6713068
05:13:10,6652,ptm_cycle_4,19263596,42825300,6713064
05:13:11,6652,ptm_cycle_4,19263596,42825300,6713064
05:13:12,6652,ptm_cycle_4,19263596,42825300,6713064
05:13:13,6652,ptm_cycle_4,19263600,42825300,6713060
05:13:14,6652,ptm_cycle_4,19263600,42825300,6713060
05:13:15,6652,ptm_cycle_4,19263608,42825300,6713052
05:13:16,6652,ptm_cycle_4,19263632,42825300,6713052
05:13:17,6652,ptm_cycle_4,19263608,42825300,6713052
05:13:18,6652,ptm_cycle_4,19263608,42825300,6713052
05:13:19,6652,ptm_cycle_4,19263608,42825300,6713052
05:13:20,6652,ptm_cycle_4,19263608,42825300,6713052
05:13:21,6652,ptm_cycle_4,19263608,42825300,6713052
05:13:22,6652,ptm_cycle_4,19263612,42825300,6713048
05:13:23,6652,ptm_cycle_4,19263612,42825300,6713048
05:13:24,6652,ptm_cycle_4,19263612,42825300,6713048
05:13:25,6652,ptm_cycle_4,19263612,42825300,6713048
05:13:26,6652,ptm_cycle_4,19263612,42825300,6713048
05:13:27,6652,ptm_cycle_4,19263612,42825300,6713048
05:13:28,6652,ptm_cycle_4,19263612,42825300,6713048
05:13:29,6652,ptm_cycle_4,19263612,42825300,6713048
05:13:30,6652,ptm_cycle_4,19265768,42825300,6710892
05:13:31,6652,ptm_cycle_4,19265768,42825300,6710892
05:13:32,6652,ptm_cycle_4,19265768,42825300,6710892
05:13:33,6652,ptm_cycle_4,19265768,42825300,6710892
05:13:34,6652,ptm_cycle_4,19265768,42825300,6710892
05:13:35,6652,ptm_cycle_4,19265772,42825300,6710888
05:13:36,6652,ptm_cycle_4,19265772,42825300,6710888
05:13:37,6652,ptm_cycle_4,19265772,42825300,6710888
05:13:38,6652,ptm_cycle_4,19265772,42825300,6710888
05:13:39,6652,ptm_cycle_4,19265772,42825300,6710888
05:13:40,6652,ptm_cycle_4,19265776,42825300,6710884
05:13:41,6652,ptm_cycle_4,19265776,42825300,6710884
05:13:42,6652,ptm_cycle_4,19265776,42825300,6710884
05:13:43,6652,ptm_cycle_4,19266908,42825300,6709752
05:13:44,6652,ptm_cycle_4,19266908,42825300,6709752
05:13:45,6652,ptm_cycle_4,19266912,42825300,6709748
05:13:46,6652,ptm_cycle_4,19266916,42825300,6709744
05:13:47,6652,ptm_cycle_4,19266916,42825300,6709744
05:13:48,6652,ptm_cycle_4,19266916,42825300,6709744
05:13:49,6652,ptm_cycle_4,19266916,42825300,6709744
05:13:50,6652,ptm_cycle_4,19266920,42825300,6709740
05:13:51,6652,ptm_cycle_4,19266920,42825300,6709740
05:13:52,6652,ptm_cycle_4,19266920,42825300,6709740
05:13:53,6652,ptm_cycle_4,19266924,42825300,6709736
05:13:54,6652,ptm_cycle_4,19266924,42825300,6709736
05:13:55,6652,ptm_cycle_4,19266924,42825300,6709736
05:13:56,6652,ptm_cycle_4,19266932,42825300,6709728
05:13:57,6652,ptm_cycle_4,19266932,42825300,6709728
05:13:58,6652,ptm_cycle_4,19266932,42825300,6709728
05:13:59,6652,ptm_cycle_4,19266956,42825300,6709728
05:14:00,6652,ptm_cycle_4,19266936,42825300,6709724
05:14:01,6652,ptm_cycle_4,19266936,42825300,6709724
05:14:02,6652,ptm_cycle_4,19266936,42825300,6709724
05:14:03,6652,ptm_cycle_4,19266936,42825300,6709724
05:14:04,6652,ptm_cycle_4,19266936,42825300,6709724
05:14:05,6652,ptm_cycle_4,19266940,42825300,6709720
05:14:06,6652,ptm_cycle_4,19266940,42825300,6709720
05:14:07,6652,ptm_cycle_4,19266940,42825300,6709720
05:14:08,6652,ptm_cycle_4,19266940,42825300,6709720
05:14:09,6652,ptm_cycle_4,19266940,42825300,6709720
05:14:10,6652,ptm_cycle_4,19266940,42825300,6709720
05:14:11,6652,ptm_cycle_4,19267524,42825300,6709136
05:14:12,6652,ptm_cycle_4,19267524,42825300,6709136
05:14:13,6652,ptm_cycle_4,19267524,42825300,6709136
05:14:14,6652,ptm_cycle_4,19267524,42825300,6709136
05:14:15,6652,ptm_cycle_4,19267528,42825300,6709132
05:14:16,6652,ptm_cycle_4,19267528,42825300,6709132
05:14:17,6652,ptm_cycle_4,19267528,42825300,6709132
05:14:18,6652,ptm_cycle_4,19267528,42825300,6709132
05:14:19,6652,ptm_cycle_4,19267528,42825300,6709132
05:14:20,6652,ptm_cycle_4,19267528,42825300,6709132
05:14:21,6652,ptm_cycle_4,19269652,42825300,6707008
05:14:22,6652,ptm_cycle_4,19269656,42825300,6707004
05:14:23,6652,ptm_cycle_4,19269656,42825300,6707004
05:14:24,6652,ptm_cycle_4,19269660,42825300,6707000
05:14:25,6652,ptm_cycle_4,19269664,42825300,6706996
05:14:26,6652,ptm_cycle_4,19269664,42825300,6706996
05:14:27,6652,ptm_cycle_4,19269664,42825300,6706996
05:14:28,6652,ptm_cycle_4,19269668,42825300,6706992
05:14:29,6652,ptm_cycle_4,19269668,42825300,6706992
05:14:30,6652,ptm_cycle_4,19269672,42825300,6706988
05:14:31,6652,ptm_cycle_4,19269672,42825300,6706988
05:14:32,6652,ptm_cycle_4,19270680,42825300,6705980
05:14:34,6652,ptm_cycle_4,19270684,42825300,6705976
05:14:35,6652,ptm_cycle_4,19271692,42825300,6704968
05:14:36,6652,ptm_cycle_4,19271692,42825300,6704968
05:14:37,6652,ptm_cycle_4,19273712,42825300,6702948
05:14:38,6652,ptm_cycle_4,19274720,42825300,6701940
05:14:39,6652,ptm_cycle_4,19275728,42825300,6700932
05:14:40,6652,ptm_cycle_4,19276736,42825300,6699924
05:14:41,6652,ptm_cycle_4,19276748,42825300,6699912
05:14:42,6652,ptm_cycle_4,19278780,42825300,6697880
05:14:43,6652,ptm_cycle_4,19279788,42825300,6696872
05:14:44,6652,ptm_cycle_4,19279792,42825300,6696868
05:14:45,6652,ptm_cycle_4,19280800,42825300,6695860
05:14:46,6652,ptm_cycle_4,19280800,42825300,6695860
05:14:47,6652,ptm_cycle_4,19280800,42825300,6695860
05:14:48,6652,ptm_cycle_4,19280804,42825300,6695856
05:14:49,6652,ptm_cycle_4,19280804,42825300,6695856
05:14:50,6652,ptm_cycle_4,19280804,42825300,6695856
05:14:51,6652,ptm_cycle_4,19280808,42825300,6695852
05:14:52,6652,ptm_cycle_4,19280808,42825300,6695852
05:14:53,6652,ptm_cycle_4,19280808,42825300,6695852
05:14:54,6652,ptm_cycle_4,19280828,42825300,6695832
05:14:55,6652,ptm_cycle_4,19282164,42825300,6694496
05:14:56,6652,ptm_cycle_4,19282164,42825300,6694496
05:14:57,6652,ptm_cycle_4,19282168,42825300,6694492
05:14:58,6652,ptm_cycle_4,19282168,42825300,6694492
05:14:59,6652,ptm_cycle_4,19282168,42825300,6694492
05:15:00,6652,ptm_cycle_4,19282168,42825300,6694492
05:15:01,6652,ptm_cycle_4,19282168,42825300,6694492
05:15:02,6652,ptm_cycle_4,19282176,42825300,6694484
05:15:03,6652,ptm_cycle_4,19282176,42825300,6694484
05:15:04,6652,ptm_cycle_4,19282176,42825300,6694484
05:15:05,6652,ptm_cycle_4,19282188,42825300,6694472
05:15:06,6652,ptm_cycle_4,19282192,42825300,6694468
05:15:07,6652,ptm_cycle_4,19282504,42825300,6694156
05:15:08,6652,ptm_cycle_4,19282504,42825300,6694156
05:15:09,6652,ptm_cycle_4,19282504,42825300,6694156
05:15:10,6652,ptm_cycle_4,19282504,42825300,6694156
05:15:11,6652,ptm_cycle_4,19282504,42825300,6694156
05:15:12,6652,ptm_cycle_4,19282508,42825300,6694152
05:15:13,6652,ptm_cycle_4,19282508,42825300,6694152
05:15:14,6652,ptm_cycle_4,19282508,42825300,6694152
05:15:15,6652,ptm_cycle_4,19282516,42825300,6694144
05:15:16,6652,ptm_cycle_4,19282516,42825300,6694144
05:15:17,6652,ptm_cycle_4,19282516,42825300,6694144
05:15:18,6652,ptm_cycle_4,19282516,42825300,6694144
05:15:19,6652,ptm_cycle_4,19282520,42825300,6694140
05:15:20,6652,ptm_cycle_4,19282524,42825300,6694136
05:15:21,6652,ptm_cycle_4,19282524,42825300,6694136
05:15:22,6652,ptm_cycle_4,19284680,42825300,6691980
05:15:23,6652,ptm_cycle_4,19284680,42825300,6691980
05:15:24,6652,ptm_cycle_4,19284684,42825300,6691976
05:15:25,6652,ptm_cycle_4,19284684,42825300,6691976
05:15:26,6652,ptm_cycle_4,19284684,42825300,6691976
05:15:27,6652,ptm_cycle_4,19284912,42825300,6691748
05:15:28,6652,ptm_cycle_4,19284912,42825300,6691748
05:15:29,6652,ptm_cycle_4,19284912,42825300,6691748
05:15:30,6652,ptm_cycle_4,19284912,42825300,6691748
05:15:31,6652,ptm_cycle_4,19284916,42825300,6691744
05:15:32,6652,ptm_cycle_4,19284916,42825300,6691744
05:15:33,6652,ptm_cycle_4,19284916,42825300,6691744
05:15:34,6652,ptm_cycle_4,19284920,42825300,6691740
05:15:35,6652,ptm_cycle_4,19284920,42825300,6691740
05:15:36,6652,ptm_cycle_4,19284920,42825300,6691740
05:15:37,6652,ptm_cycle_4,19284920,42825300,6691740
05:15:38,6652,ptm_cycle_4,19284924,42825300,6691736
05:15:39,6652,ptm_cycle_4,19284928,42825300,6691732
05:15:40,6652,ptm_cycle_4,19284944,42825300,6691716
05:15:41,6652,ptm_cycle_4,19284944,42825300,6691716
05:15:42,6652,ptm_cycle_4,19284944,42825300,6691716
05:15:43,6652,ptm_cycle_4,19284944,42825300,6691716
05:15:44,6652,ptm_cycle_4,19284948,42825300,6691712
05:15:45,6652,ptm_cycle_4,19284948,42825300,6691712
05:15:46,6652,ptm_cycle_4,19284952,42825300,6691708
05:15:47,6652,ptm_cycle_4,19284952,42825300,6691708
05:15:48,6652,ptm_cycle_4,19284952,42825300,6691708
05:15:49,6652,ptm_cycle_4,19284952,42825300,6691708
05:15:50,6652,ptm_cycle_4,19284952,42825300,6691708
05:15:51,6652,ptm_cycle_4,19284952,42825300,6691708
05:15:52,6652,ptm_cycle_4,19284956,42825300,6691704
05:15:53,6652,ptm_cycle_4,19284956,42825300,6691704
05:15:54,6652,ptm_cycle_4,19284956,42825300,6691704
05:15:55,6652,ptm_cycle_4,19284956,42825300,6691704
05:15:56,6652,ptm_cycle_4,19284956,42825300,6691704
05:15:57,6652,ptm_cycle_4,19284956,42825300,6691704
05:15:58,6652,ptm_cycle_4,19284956,42825300,6691704
05:15:59,6652,ptm_cycle_4,19284956,42825300,6691704
05:16:00,6652,ptm_cycle_4,19284956,42825300,6691704
05:16:01,6652,ptm_cycle_4,19284956,42825300,6691704
05:16:02,6652,ptm_cycle_4,19284956,42825300,6691704
05:16:03,6652,ptm_cycle_4,19284956,42825300,6691704
05:16:04,6652,ptm_cycle_4,19284960,42825300,6691700
05:16:05,6652,ptm_cycle_4,19284960,42825300,6691700
05:16:06,6652,ptm_cycle_4,19284960,42825300,6691700
05:16:08,6652,ptm_cycle_4,19284960,42825300,6691700
05:16:09,6652,ptm_cycle_4,19284960,42825300,6691700
05:16:10,6652,ptm_cycle_4,19284960,42825300,6691700
05:16:11,6652,ptm_cycle_4,19284960,42825300,6691700
05:16:12,6652,ptm_cycle_4,19284964,42825300,6691696
05:16:13,6652,ptm_cycle_4,19284964,42825300,6691696
05:16:14,6652,ptm_cycle_4,19284964,42825300,6691696
05:16:15,6652,ptm_cycle_4,19284964,42825300,6691696
05:16:16,6652,ptm_cycle_4,19285972,42825300,6690688
05:16:17,6652,ptm_cycle_4,19285972,42825300,6690688
05:16:18,6652,ptm_cycle_4,19285976,42825300,6690684
05:16:19,6652,ptm_cycle_4,19285976,42825300,6690684
05:16:20,6652,ptm_cycle_4,19286984,42825300,6689676
05:16:21,6652,ptm_cycle_4,19287992,42825300,6688668
05:16:22,6652,ptm_cycle_4,19287992,42825300,6688668
05:16:23,6652,ptm_cycle_4,19287992,42825300,6688668
05:16:24,6652,ptm_cycle_4,19287992,42825300,6688668
05:16:25,6652,ptm_cycle_4,19287996,42825300,6688664
05:16:26,6652,ptm_cycle_4,19288020,42825300,6688664
05:16:27,6652,ptm_cycle_4,19287996,42825300,6688664
05:16:28,6652,ptm_cycle_4,19287996,42825300,6688664
05:16:29,6652,ptm_cycle_4,19287996,42825300,6688664
05:16:30,6652,ptm_cycle_4,19288000,42825300,6688660
05:16:31,6652,ptm_cycle_4,19288000,42825300,6688660
05:16:32,6652,ptm_cycle_4,19288000,42825300,6688660
05:16:33,6652,ptm_cycle_4,19288000,42825300,6688660
05:16:34,6652,ptm_cycle_4,19288000,42825300,6688660
05:16:35,6652,ptm_cycle_4,19288000,42825300,6688660
05:16:36,6652,ptm_cycle_4,19288000,42825300,6688660
05:16:37,6652,ptm_cycle_4,19288004,42825300,6688656
05:16:38,6652,ptm_cycle_4,19288004,42825300,6688656
05:16:39,6652,ptm_cycle_4,19288004,42825300,6688656
05:16:40,6652,ptm_cycle_4,19288004,42825300,6688656
05:16:41,6652,ptm_cycle_4,19288004,42825300,6688656
05:16:42,6652,ptm_cycle_4,19288004,42825300,6688656
05:16:43,6652,ptm_cycle_4,19288008,42825300,6688652
05:16:44,6652,ptm_cycle_4,19288008,42825300,6688652
05:16:45,6652,ptm_cycle_4,19288008,42825300,6688652
05:16:46,6652,ptm_cycle_4,19288008,42825300,6688652
05:16:47,6652,ptm_cycle_4,19288008,42825300,6688652
05:16:48,6652,ptm_cycle_4,19288008,42825300,6688652
05:16:49,6652,ptm_cycle_4,19288008,42825300,6688652
05:16:50,6652,ptm_cycle_4,19288008,42825300,6688652
05:16:51,6652,ptm_cycle_4,19288008,42825300,6688652
05:16:52,6652,ptm_cycle_4,19288008,42825300,6688652
05:16:53,6652,ptm_cycle_4,19288008,42825300,6688652
05:16:54,6652,ptm_cycle_4,19288008,42825300,6688652
05:16:55,6652,ptm_cycle_4,19288028,42825300,6688632
05:16:56,6652,ptm_cycle_4,19288028,42825300,6688632
05:16:57,6652,ptm_cycle_4,19288028,42825300,6688632
05:16:58,6652,ptm_cycle_4,19288028,42825300,6688632
05:16:59,6652,ptm_cycle_4,19288028,42825300,6688632
05:17:00,6652,ptm_cycle_4,19288028,42825300,6688632
05:17:01,6652,ptm_cycle_4,19288028,42825300,6688632
05:17:02,6652,ptm_cycle_4,19288032,42825300,6688628
05:17:03,6652,ptm_cycle_4,19288032,42825300,6688628
05:17:04,6652,ptm_cycle_4,19288032,42825300,6688628
05:17:05,6652,ptm_cycle_4,19288032,42825300,6688628
05:17:06,6652,ptm_cycle_4,19288032,42825300,6688628
05:17:07,6652,ptm_cycle_4,19288032,42825300,6688628
05:17:08,6652,ptm_cycle_4,19288032,42825300,6688628
05:17:09,6652,ptm_cycle_4,19288036,42825300,6688624
05:17:10,6652,ptm_cycle_4,19288036,42825300,6688624
05:17:11,6652,ptm_cycle_4,19288036,42825300,6688624
05:17:12,6652,ptm_cycle_4,19288036,42825300,6688624
05:17:13,6652,ptm_cycle_4,19288036,42825300,6688624
05:17:14,6652,ptm_cycle_4,19288036,42825300,6688624
05:17:15,6652,ptm_cycle_4,19288040,42825300,6688620
05:17:16,6652,ptm_cycle_4,19288040,42825300,6688620
05:17:17,6652,ptm_cycle_4,19288040,42825300,6688620
05:17:18,6652,ptm_cycle_4,19288040,42825300,6688620
05:17:19,6652,ptm_cycle_4,19288040,42825300,6688620
05:17:20,6652,ptm_cycle_4,19288044,42825300,6688616
05:17:21,6652,ptm_cycle_4,19288044,42825300,6688616
05:17:22,6652,ptm_cycle_4,19288044,42825300,6688616
05:17:23,6652,ptm_cycle_4,19288044,42825300,6688616
05:17:24,6652,ptm_cycle_4,19288044,42825300,6688616
05:17:25,6652,ptm_cycle_4,19288048,42825300,6688612
05:17:26,6652,ptm_cycle_4,19288048,42825300,6688612
05:17:27,6652,ptm_cycle_4,19288052,42825300,6688608
05:17:28,6652,ptm_cycle_4,19288052,42825300,6688608
05:17:29,6652,ptm_cycle_4,19288052,42825300,6688608
05:17:30,6652,ptm_cycle_4,19288052,42825300,6688608
05:17:31,6652,ptm_cycle_4,19288052,42825300,6688608
05:17:32,6652,ptm_cycle_4,19288056,42825300,6688604
05:17:33,6652,ptm_cycle_4,19288056,42825300,6688604
05:17:34,6652,ptm_cycle_4,19288064,42825300,6688596
05:17:35,6652,ptm_cycle_4,19288064,42825300,6688596
05:17:36,6652,ptm_cycle_4,19288064,42825300,6688596
05:17:37,6652,ptm_cycle_4,19288064,42825300,6688596
05:17:38,6652,ptm_cycle_4,19288064,42825300,6688596
05:17:39,6652,ptm_cycle_4,19288064,42825300,6688596
05:17:41,6652,ptm_cycle_4,19288064,42825300,6688596
05:17:42,6652,ptm_cycle_4,19288068,42825300,6688592
05:17:43,6652,ptm_cycle_4,19288068,42825300,6688592
05:17:44,6652,ptm_cycle_4,19288068,42825300,6688592
05:17:45,6652,ptm_cycle_4,19288068,42825300,6688592
05:17:46,6652,ptm_cycle_4,19288068,42825300,6688592
05:17:47,6652,ptm_cycle_4,19288072,42825300,6688588
05:17:48,6652,ptm_cycle_4,19288072,42825300,6688588
05:17:49,6652,ptm_cycle_4,19288072,42825300,6688588
05:17:50,6652,ptm_cycle_4,19288072,42825300,6688588
05:17:51,6652,ptm_cycle_4,19288072,42825300,6688588
05:17:52,6652,ptm_cycle_4,19288072,42825300,6688588
05:17:53,6652,ptm_cycle_4,19288072,42825300,6688588
05:17:54,6652,ptm_cycle_4,19288076,42825300,6688584
05:17:55,6652,ptm_cycle_4,19288076,42825300,6688584
05:17:56,6652,ptm_cycle_4,19288076,42825300,6688584
05:17:57,6652,ptm_cycle_4,19288076,42825300,6688584
05:17:58,6652,ptm_cycle_4,19288076,42825300,6688584
05:17:59,6652,ptm_cycle_4,19288076,42825300,6688584
05:18:00,6652,ptm_cycle_4,19288080,42825300,6688580
05:18:01,6652,ptm_cycle_4,19288080,42825300,6688580
05:18:02,6652,ptm_cycle_4,19288080,42825300,6688580
05:18:03,6652,ptm_cycle_4,19288104,42825300,6688580
05:18:04,6652,ptm_cycle_4,19288080,42825300,6688580
05:18:05,6652,ptm_cycle_4,19288084,42825300,6688576
05:18:06,6652,ptm_cycle_4,19288084,42825300,6688576
05:18:07,6652,ptm_cycle_4,19288084,42825300,6688576
05:18:08,6652,ptm_cycle_4,19288084,42825300,6688576
05:18:09,6652,ptm_cycle_4,19288084,42825300,6688576
05:18:10,6652,ptm_cycle_4,19288084,42825300,6688576
05:18:11,6652,ptm_cycle_4,19288084,42825300,6688576
05:18:12,6652,ptm_cycle_4,19288088,42825300,6688572
05:18:13,6652,ptm_cycle_4,19288088,42825300,6688572
05:18:14,6652,ptm_cycle_4,19288088,42825300,6688572
05:18:15,6652,ptm_cycle_4,19288092,42825300,6688568
05:18:16,6652,ptm_cycle_4,19288092,42825300,6688568
05:18:17,6652,ptm_cycle_4,19288092,42825300,6688568
05:18:18,6652,ptm_cycle_4,19288092,42825300,6688568
05:18:19,6652,ptm_cycle_4,19288096,42825300,6688564
05:18:20,6652,ptm_cycle_4,19288096,42825300,6688564
05:18:21,6652,ptm_cycle_4,19288096,42825300,6688564
05:18:22,6652,ptm_cycle_4,19288096,42825300,6688564
05:18:23,6652,ptm_cycle_4,19288100,42825300,6688560
05:18:24,6652,ptm_cycle_4,19288100,42825300,6688560
05:18:25,6652,ptm_cycle_4,19288100,42825300,6688560
05:18:26,6652,ptm_cycle_4,19288104,42825300,6688556
05:18:27,6652,ptm_cycle_4,19288104,42825300,6688556
05:18:28,6652,ptm_cycle_4,19288108,42825300,6688552
05:18:29,6652,ptm_cycle_4,19288108,42825300,6688552
05:18:30,6652,ptm_cycle_4,19288108,42825300,6688552
05:18:31,6652,ptm_cycle_4,19288108,42825300,6688552
05:18:32,6652,ptm_cycle_4,19288108,42825300,6688552
05:18:33,6652,ptm_cycle_4,19288108,42825300,6688552
05:18:34,6652,ptm_cycle_4,19288112,42825300,6688548
05:18:35,6652,ptm_cycle_4,19288112,42825300,6688548
05:18:36,6652,ptm_cycle_4,19288112,42825300,6688548
05:18:37,6652,ptm_cycle_4,19288116,42825300,6688544
05:18:38,6652,ptm_cycle_4,19288116,42825300,6688544
05:18:39,6652,ptm_cycle_4,19288116,42825300,6688544
05:18:40,6652,ptm_cycle_4,19288116,42825300,6688544
05:18:41,6652,ptm_cycle_4,19288120,42825300,6688540
05:18:42,6652,ptm_cycle_4,19288120,42825300,6688540
05:18:43,6652,ptm_cycle_4,19288120,42825300,6688540
05:18:44,6652,ptm_cycle_4,19288124,42825300,6688536
05:18:45,6652,ptm_cycle_4,19288124,42825300,6688536
05:18:46,6652,ptm_cycle_4,19288124,42825300,6688536
05:18:47,6652,ptm_cycle_4,19288124,42825300,6688536
05:18:48,6652,ptm_cycle_4,19288128,42825300,6688532
05:18:49,6652,ptm_cycle_4,19288128,42825300,6688532
05:18:50,6652,ptm_cycle_4,19288128,42825300,6688532
05:18:51,6652,ptm_cycle_4,19288132,42825300,6688528
05:18:52,6652,ptm_cycle_4,19288132,42825300,6688528
05:18:53,6652,ptm_cycle_4,19288136,42825300,6688524
05:18:54,6652,ptm_cycle_4,19288136,42825300,6688524
05:18:55,6652,ptm_cycle_4,19288136,42825300,6688524
05:18:56,6652,ptm_cycle_4,19288140,42825300,6688520
05:18:57,6652,ptm_cycle_4,19288140,42825300,6688520
05:18:58,6652,ptm_cycle_4,19288140,42825300,6688520
05:18:59,6652,ptm_cycle_4,19288140,42825300,6688520
05:19:00,6652,ptm_cycle_4,19288144,42825300,6688516
05:19:01,6652,ptm_cycle_4,19288144,42825300,6688516
05:19:02,6652,ptm_cycle_4,19288144,42825300,6688516
05:19:03,6652,ptm_cycle_4,19288148,42825300,6688512
05:19:04,6652,ptm_cycle_4,19288148,42825300,6688512
05:19:05,6652,ptm_cycle_4,19288148,42825300,6688512
05:19:06,6652,ptm_cycle_4,19288148,42825300,6688512
05:19:07,6652,ptm_cycle_4,19288148,42825300,6688512
05:19:08,6652,ptm_cycle_4,19288148,42825300,6688512
05:19:09,6652,ptm_cycle_4,19288148,42825300,6688512
05:19:10,6652,ptm_cycle_4,19288152,42825300,6688508
05:19:11,6652,ptm_cycle_4,19288152,42825300,6688508
05:19:12,6652,ptm_cycle_4,19288152,42825300,6688508
05:19:14,6652,ptm_cycle_4,19288156,42825300,6688504
05:19:15,6652,ptm_cycle_4,19288156,42825300,6688504
05:19:16,6652,ptm_cycle_4,19288156,42825300,6688504
05:19:17,6652,ptm_cycle_4,19288156,42825300,6688504
05:19:18,6652,ptm_cycle_4,19288160,42825300,6688500
05:19:19,6652,ptm_cycle_4,19288160,42825300,6688500
05:19:20,6652,ptm_cycle_4,19288164,42825300,6688496
05:19:21,6652,ptm_cycle_4,19288164,42825300,6688496
05:19:22,6652,ptm_cycle_4,19288164,42825300,6688496
05:19:23,6652,ptm_cycle_4,19288472,42825300,6688188
05:19:24,6652,ptm_cycle_4,19288492,42825300,6688168
05:19:25,6652,ptm_cycle_4,19288492,42825300,6688168
05:19:26,6652,ptm_cycle_4,19288496,42825300,6688164
05:19:27,6652,ptm_cycle_4,19288496,42825300,6688164
05:19:28,6652,ptm_cycle_4,19288888,42825300,6687772
05:19:29,6652,ptm_cycle_4,19288896,42825300,6687764
05:19:30,6652,ptm_cycle_4,19288896,42825300,6687764
05:19:31,6652,ptm_cycle_4,19288896,42825300,6687764
05:19:32,6652,ptm_cycle_4,19288896,42825300,6687764
05:19:33,6652,ptm_cycle_4,19289236,42825300,6687424
05:19:34,6652,ptm_cycle_4,19289236,42825300,6687424
05:19:35,6652,ptm_cycle_4,19289236,42825300,6687424
05:19:36,6652,ptm_cycle_4,19289240,42825300,6687420
05:19:37,6652,ptm_cycle_4,19289240,42825300,6687420
05:19:38,6652,ptm_cycle_4,19289240,42825300,6687420
05:19:39,6652,ptm_cycle_4,19289240,42825300,6687420
05:19:40,6652,ptm_cycle_4,19289244,42825300,6687416
05:19:41,6652,ptm_cycle_4,19289248,42825300,6687412
05:19:42,6652,ptm_cycle_4,19289248,42825300,6687412
05:19:43,6652,ptm_cycle_4,19289248,42825300,6687412
05:19:44,6652,ptm_cycle_4,19289248,42825300,6687412
05:19:45,6652,ptm_cycle_4,19289252,42825300,6687408
05:19:46,6652,ptm_cycle_4,19289252,42825300,6687408
05:19:47,6652,ptm_cycle_4,19289252,42825300,6687408
05:19:48,6652,ptm_cycle_4,19289256,42825300,6687404
05:19:49,6652,ptm_cycle_4,19289256,42825300,6687404
05:19:50,6652,ptm_cycle_4,19289256,42825300,6687404
05:19:51,6652,ptm_cycle_4,19289256,42825300,6687404
05:19:52,6652,ptm_cycle_4,19289260,42825300,6687400
05:19:53,6652,ptm_cycle_4,19289260,42825300,6687400
05:19:54,6652,ptm_cycle_4,19289260,42825300,6687400
05:19:55,6652,ptm_cycle_4,19289264,42825300,6687396
05:19:56,6652,ptm_cycle_4,19289288,42825300,6687396
05:19:57,6652,ptm_cycle_4,19289264,42825300,6687396
05:19:58,6652,ptm_cycle_4,19289264,42825300,6687396
05:19:59,6652,ptm_cycle_4,19289264,42825300,6687396
05:20:00,6652,ptm_cycle_4,19289264,42825300,6687396
05:20:01,6652,ptm_cycle_4,19289264,42825300,6687396
05:20:02,6652,ptm_cycle_4,19289268,42825300,6687392
05:20:03,6652,ptm_cycle_4,19289268,42825300,6687392
05:20:04,6652,ptm_cycle_4,19289268,42825300,6687392
05:20:05,6652,ptm_cycle_4,19289268,42825300,6687392
05:20:06,6652,ptm_cycle_4,19289268,42825300,6687392
05:20:07,6652,ptm_cycle_4,19289272,42825300,6687388
05:20:08,6652,ptm_cycle_4,19289272,42825300,6687388
05:20:09,6652,ptm_cycle_4,19289272,42825300,6687388
05:20:10,6652,ptm_cycle_4,19289272,42825300,6687388
05:20:11,6652,ptm_cycle_4,19289272,42825300,6687388
05:20:12,6652,ptm_cycle_4,19289272,42825300,6687388
05:20:13,6652,ptm_cycle_4,19289272,42825300,6687388
05:20:14,6652,ptm_cycle_4,19289272,42825300,6687388
05:20:15,6652,ptm_cycle_4,19289272,42825300,6687388
05:20:16,6652,ptm_cycle_4,19289272,42825300,6687388
05:20:17,6652,ptm_cycle_4,19289272,42825300,6687388
05:20:18,6652,ptm_cycle_4,19289272,42825300,6687388
05:20:19,6652,ptm_cycle_4,19289276,42825300,6687384
05:20:20,6652,ptm_cycle_4,19289276,42825300,6687384
05:20:21,6652,ptm_cycle_4,19289280,42825300,6687380
05:20:22,6652,ptm_cycle_4,19289280,42825300,6687380
05:20:23,6652,ptm_cycle_4,19289280,42825300,6687380
05:20:24,6652,ptm_cycle_4,19289280,42825300,6687380
05:20:25,6652,ptm_cycle_4,19289304,42825300,6687380
05:20:26,6652,ptm_cycle_4,19289280,42825300,6687380
05:20:27,6652,ptm_cycle_4,19289284,42825300,6687376
05:20:28,6652,ptm_cycle_4,19289284,42825300,6687376
05:20:29,6652,ptm_cycle_4,19289284,42825300,6687376
05:20:30,6652,ptm_cycle_4,19289284,42825300,6687376
05:20:31,6652,ptm_cycle_4,19289284,42825300,6687376
05:20:32,6652,ptm_cycle_4,19289284,42825300,6687376
05:20:33,6652,ptm_cycle_4,19289288,42825300,6687372
05:20:34,6652,ptm_cycle_4,19289288,42825300,6687372
05:20:35,6652,ptm_cycle_4,19289288,42825300,6687372
05:20:36,6652,ptm_cycle_4,19289292,42825300,6687368
05:20:37,6652,ptm_cycle_4,19289292,42825300,6687368
05:20:38,6652,ptm_cycle_4,19289292,42825300,6687368
05:20:39,6652,ptm_cycle_4,19289296,42825300,6687364
05:20:40,6652,ptm_cycle_4,19289296,42825300,6687364
05:20:41,6652,ptm_cycle_4,19289296,42825300,6687364
05:20:42,6652,ptm_cycle_4,19291188,42825300,6685472
05:20:43,6652,ptm_cycle_4,19291188,42825300,6685472
05:20:44,6652,ptm_cycle_4,19291192,42825300,6685468
05:20:45,6652,ptm_cycle_4,19291192,42825300,6685468
05:20:46,6652,ptm_cycle_4,19291200,42825300,6685460
05:20:48,6652,ptm_cycle_4,19291200,42825300,6685460
05:20:49,6652,ptm_cycle_4,19291200,42825300,6685460
05:20:50,6652,ptm_cycle_4,19291200,42825300,6685460
05:20:51,6652,ptm_cycle_4,19291200,42825300,6685460
05:20:52,6652,ptm_cycle_4,19291200,42825300,6685460
05:20:53,6652,ptm_cycle_4,19291200,42825300,6685460
05:20:54,6652,ptm_cycle_4,19291208,42825300,6685452
05:20:55,6652,ptm_cycle_4,19291208,42825300,6685452
05:20:56,6652,ptm_cycle_4,19291208,42825300,6685452
05:20:57,6652,ptm_cycle_4,19291216,42825300,6685444
05:20:58,6652,ptm_cycle_4,19291216,42825300,6685444
05:20:59,6652,ptm_cycle_4,19292148,42825300,6684512
05:21:00,6652,ptm_cycle_4,19292148,42825300,6684512
05:21:01,6652,ptm_cycle_4,19292152,42825300,6684508
05:21:02,6652,ptm_cycle_4,19292152,42825300,6684508
05:21:03,6652,ptm_cycle_4,19292164,42825300,6684496
05:21:04,6652,ptm_cycle_4,19292164,42825300,6684496
05:21:05,6652,ptm_cycle_4,19292164,42825300,6684496
05:21:06,6652,ptm_cycle_4,19292168,42825300,6684492
05:21:07,6652,ptm_cycle_4,19292168,42825300,6684492
05:21:08,6652,ptm_cycle_4,19292168,42825300,6684492
05:21:09,6652,ptm_cycle_4,19292172,42825300,6684488
05:21:10,6652,ptm_cycle_4,19292172,42825300,6684488
05:21:11,6652,ptm_cycle_4,19292172,42825300,6684488
05:21:12,6652,ptm_cycle_4,19292172,42825300,6684488
05:21:13,6652,ptm_cycle_4,19292180,42825300,6684480
05:21:14,6652,ptm_cycle_4,19292180,42825300,6684480
05:21:15,6652,ptm_cycle_4,19292180,42825300,6684480
05:21:16,6652,ptm_cycle_4,19292180,42825300,6684480
05:21:17,6652,ptm_cycle_4,19292180,42825300,6684480
05:21:18,6652,ptm_cycle_4,19292180,42825300,6684480
05:21:19,6652,ptm_cycle_4,19292184,42825300,6684476
05:21:20,6652,ptm_cycle_4,19292192,42825300,6684468
05:21:21,6652,ptm_cycle_4,19292192,42825300,6684468
05:21:22,6652,ptm_cycle_4,19292192,42825300,6684468
05:21:23,6652,ptm_cycle_4,19292192,42825300,6684468
05:21:24,6652,ptm_cycle_4,19292192,42825300,6684468
05:21:25,6652,ptm_cycle_4,19292200,42825300,6684460
05:21:26,6652,ptm_cycle_4,19292204,42825300,6684456
05:21:27,6652,ptm_cycle_4,19292204,42825300,6684456
05:21:28,6652,ptm_cycle_4,19292212,42825300,6684448
05:21:29,6652,ptm_cycle_4,19292212,42825300,6684448
05:21:30,6652,ptm_cycle_4,19292212,42825300,6684448
05:21:31,6652,ptm_cycle_4,19292216,42825300,6684444
05:21:32,6652,ptm_cycle_4,19292224,42825300,6684436
05:21:33,6652,ptm_cycle_4,19292224,42825300,6684436
05:21:34,6652,ptm_cycle_4,19292224,42825300,6684436
05:21:35,6652,ptm_cycle_4,19292224,42825300,6684436
05:21:36,6652,ptm_cycle_4,19292224,42825300,6684436
05:21:37,6652,ptm_cycle_4,19292224,42825300,6684436
05:21:38,6652,ptm_cycle_4,19292224,42825300,6684436
05:21:39,6652,ptm_cycle_4,19292232,42825300,6684428
05:21:40,6652,ptm_cycle_4,19292232,42825300,6684428
05:21:41,6652,ptm_cycle_4,19292232,42825300,6684428
05:21:42,6652,ptm_cycle_4,19292232,42825300,6684428
05:21:43,6652,ptm_cycle_4,19292232,42825300,6684428
05:21:44,6652,ptm_cycle_4,19292236,42825300,6684424
05:21:45,6652,ptm_cycle_4,19292244,42825300,6684416
05:21:46,6652,ptm_cycle_4,19292244,42825300,6684416
05:21:47,6652,ptm_cycle_4,19292244,42825300,6684416
05:21:48,6652,ptm_cycle_4,19292244,42825300,6684416
05:21:49,6652,ptm_cycle_4,19292256,42825300,6684404
05:21:50,6652,ptm_cycle_4,19292376,42825300,6684284
05:21:51,6652,ptm_cycle_4,19292384,42825300,6684276
05:21:52,6652,ptm_cycle_4,19292384,42825300,6684276
05:21:53,6652,ptm_cycle_4,19292384,42825300,6684276
05:21:54,6652,ptm_cycle_4,19292388,42825300,6684272
05:21:55,6652,ptm_cycle_4,19292388,42825300,6684272
05:21:56,6652,ptm_cycle_4,19292388,42825300,6684272
05:21:57,6652,ptm_cycle_4,19292392,42825300,6684268
05:21:58,6652,ptm_cycle_4,19292396,42825300,6684264
05:21:59,6652,ptm_cycle_4,19292396,42825300,6684264
05:22:00,6652,ptm_cycle_4,19292396,42825300,6684264
05:22:01,6652,ptm_cycle_4,19292400,42825300,6684260
05:22:02,6652,ptm_cycle_4,19292424,42825300,6684260
05:22:03,6652,ptm_cycle_4,19292400,42825300,6684260
05:22:04,6652,ptm_cycle_4,19292412,42825300,6684248
05:22:05,6652,ptm_cycle_4,19292412,42825300,6684248
05:22:06,6652,ptm_cycle_4,19292412,42825300,6684248
05:22:07,6652,ptm_cycle_4,19292412,42825300,6684248
05:22:08,6652,ptm_cycle_4,19292412,42825300,6684248
05:22:09,6652,ptm_cycle_4,19292412,42825300,6684248
05:22:10,6652,ptm_cycle_4,19292420,42825300,6684240
05:22:11,6652,ptm_cycle_4,19292424,42825300,6684236
05:22:12,6652,ptm_cycle_4,19292424,42825300,6684236
05:22:13,6652,ptm_cycle_4,19292424,42825300,6684236
05:22:14,6652,ptm_cycle_4,19292424,42825300,6684236
05:22:15,6652,ptm_cycle_4,19292428,42825300,6684232
05:22:16,6652,ptm_cycle_4,19292440,42825300,6684220
05:22:17,6652,ptm_cycle_4,19292440,42825300,6684220
05:22:18,6652,ptm_cycle_4,19292440,42825300,6684220
05:22:19,6652,ptm_cycle_4,19292440,42825300,6684220
05:22:20,6652,ptm_cycle_4,19292440,42825300,6684220
05:22:22,6652,ptm_cycle_4,19292440,42825300,6684220
05:22:23,6652,ptm_cycle_4,19292444,42825300,6684216
05:22:24,6652,ptm_cycle_4,19292452,42825300,6684208
05:22:25,6652,ptm_cycle_4,19292452,42825300,6684208
05:22:26,6652,ptm_cycle_4,19292452,42825300,6684208
05:22:27,6652,ptm_cycle_4,19292452,42825300,6684208
05:22:28,6652,ptm_cycle_4,19292452,42825300,6684208
05:22:29,6652,ptm_cycle_4,19293432,42825300,6683228
05:22:30,6652,ptm_cycle_4,19293436,42825300,6683224
05:22:31,6652,ptm_cycle_4,19293444,42825300,6683216
05:22:32,6652,ptm_cycle_4,19293444,42825300,6683216
05:22:33,6652,ptm_cycle_4,19293444,42825300,6683216
05:22:34,6652,ptm_cycle_4,19293468,42825300,6683216
05:22:35,6652,ptm_cycle_4,19293444,42825300,6683216
05:22:36,6652,ptm_cycle_4,19293448,42825300,6683212
05:22:37,6652,ptm_cycle_4,19293452,42825300,6683208
05:22:38,6652,ptm_cycle_4,19293456,42825300,6683204
05:22:39,6652,ptm_cycle_4,19293456,42825300,6683204
05:22:40,6652,ptm_cycle_4,19293456,42825300,6683204
05:22:41,6652,ptm_cycle_4,19293456,42825300,6683204
05:22:42,6652,ptm_cycle_4,19295028,42825300,6681632
05:22:43,6652,ptm_cycle_4,19295036,42825300,6681624
05:22:44,6652,ptm_cycle_4,19295036,42825300,6681624
05:22:45,6652,ptm_cycle_4,19295064,42825300,6681596
05:22:46,6652,ptm_cycle_4,19295064,42825300,6681596
05:22:47,6652,ptm_cycle_4,19295064,42825300,6681596
05:22:48,6652,ptm_cycle_4,19295064,42825300,6681596
05:22:49,6652,ptm_cycle_4,19295068,42825300,6681592
05:22:50,6652,ptm_cycle_4,19295072,42825300,6681588
05:22:51,6652,ptm_cycle_4,19295072,42825300,6681588
05:22:52,6652,ptm_cycle_4,19295072,42825300,6681588
05:22:53,6652,ptm_cycle_4,19295072,42825300,6681588
05:22:54,6652,ptm_cycle_4,19295072,42825300,6681588
05:22:55,6652,ptm_cycle_4,19295076,42825300,6681584
05:22:56,6652,ptm_cycle_4,19295080,42825300,6681580
05:22:57,6652,ptm_cycle_4,19295088,42825300,6681572
05:22:58,6652,ptm_cycle_4,19295088,42825300,6681572
05:22:59,6652,ptm_cycle_4,19295088,42825300,6681572
05:23:00,6652,ptm_cycle_4,19295088,42825300,6681572
05:23:01,6652,ptm_cycle_4,19295088,42825300,6681572
05:23:02,6652,ptm_cycle_4,19295096,42825300,6681564
05:23:03,6652,ptm_cycle_4,19295096,42825300,6681564
05:23:04,6652,ptm_cycle_4,19295096,42825300,6681564
05:23:05,6652,ptm_cycle_4,19295120,42825300,6681564
05:23:06,6652,ptm_cycle_4,19295096,42825300,6681564
05:23:07,6652,ptm_cycle_4,19295096,42825300,6681564
05:23:08,6652,ptm_cycle_4,19295100,42825300,6681560
05:23:09,6652,ptm_cycle_4,19295108,42825300,6681552
05:23:10,6652,ptm_cycle_4,19295108,42825300,6681552
05:23:11,6652,ptm_cycle_4,19295108,42825300,6681552
05:23:12,6652,ptm_cycle_4,19295108,42825300,6681552
05:23:13,6652,ptm_cycle_4,19295108,42825300,6681552
05:23:14,6652,ptm_cycle_4,19295108,42825300,6681552
05:23:15,6652,ptm_cycle_4,19295112,42825300,6681548
05:23:16,6652,ptm_cycle_4,19295120,42825300,6681540
05:23:17,6652,ptm_cycle_4,19295120,42825300,6681540
05:23:18,6652,ptm_cycle_4,19295120,42825300,6681540
05:23:19,6652,ptm_cycle_4,19295120,42825300,6681540
05:23:20,6652,ptm_cycle_4,19295120,42825300,6681540
05:23:21,6652,ptm_cycle_4,19295120,42825300,6681540
05:23:22,6652,ptm_cycle_4,19295124,42825300,6681536
05:23:23,6652,ptm_cycle_4,19295136,42825300,6681524
05:23:24,6652,ptm_cycle_4,19295136,42825300,6681524
05:23:25,6652,ptm_cycle_4,19295136,42825300,6681524
05:23:26,6652,ptm_cycle_4,19295136,42825300,6681524
05:23:27,6652,ptm_cycle_4,19295136,42825300,6681524
05:23:28,6652,ptm_cycle_4,19295144,42825300,6681516
05:23:29,6652,ptm_cycle_4,19295148,42825300,6681512
05:23:30,6652,ptm_cycle_4,19295148,42825300,6681512
05:23:31,6652,ptm_cycle_4,19295148,42825300,6681512
05:23:32,6652,ptm_cycle_4,19295148,42825300,6681512
05:23:33,6652,ptm_cycle_4,19295148,42825300,6681512
05:23:34,6652,ptm_cycle_4,19295152,42825300,6681508
05:23:35,6652,ptm_cycle_4,19295160,42825300,6681500
05:23:36,6652,ptm_cycle_4,19295160,42825300,6681500
05:23:37,6652,ptm_cycle_4,19295204,42825300,6681456
05:23:38,6652,ptm_cycle_4,19295204,42825300,6681456
05:23:39,6652,ptm_cycle_4,19295204,42825300,6681456
05:23:40,6652,ptm_cycle_4,19295204,42825300,6681456
05:23:41,6652,ptm_cycle_4,19295208,42825300,6681452
05:23:42,6652,ptm_cycle_4,19295212,42825300,6681448
05:23:43,6652,ptm_cycle_4,19295212,42825300,6681448
05:23:44,6652,ptm_cycle_4,19295236,42825300,6681424
05:23:45,6652,ptm_cycle_4,19295276,42825300,6681384
05:23:46,6652,ptm_cycle_4,19295276,42825300,6681384
05:23:47,6652,ptm_cycle_4,19295280,42825300,6681380
05:23:48,6652,ptm_cycle_4,19295284,42825300,6681376
05:23:49,6652,ptm_cycle_4,19295288,42825300,6681372
05:23:50,6652,ptm_cycle_4,19295288,42825300,6681372
05:23:51,6652,ptm_cycle_4,19295296,42825300,6681364
05:23:52,6652,ptm_cycle_4,19295356,42825300,6681304
05:23:53,6652,ptm_cycle_4,19295360,42825300,6681300
05:23:55,6652,ptm_cycle_4,19295368,42825300,6681292
05:23:56,6652,ptm_cycle_4,19295368,42825300,6681292
05:23:57,6652,ptm_cycle_4,19295368,42825300,6681292
05:23:58,6652,ptm_cycle_4,19295392,42825300,6681292
05:23:59,6652,ptm_cycle_4,19295368,42825300,6681292
05:24:00,6652,ptm_cycle_4,19295368,42825300,6681292
05:24:01,6652,ptm_cycle_4,19295372,42825300,6681288
05:24:02,6652,ptm_cycle_4,19295380,42825300,6681280
05:24:03,6652,ptm_cycle_4,19295380,42825300,6681280
05:24:04,6652,ptm_cycle_4,19295380,42825300,6681280
05:24:05,6652,ptm_cycle_4,19295380,42825300,6681280
05:24:06,6652,ptm_cycle_4,19295380,42825300,6681280
05:24:07,6652,ptm_cycle_4,19295380,42825300,6681280
05:24:08,6652,ptm_cycle_4,19295380,42825300,6681280
05:24:09,6652,ptm_cycle_4,19295404,42825300,6681256
05:24:10,6652,ptm_cycle_4,19295404,42825300,6681256
05:24:11,6652,ptm_cycle_4,19296952,42825300,6679788
05:24:12,6652,ptm_cycle_4,19296952,42825300,6679788
05:24:13,6652,ptm_cycle_4,19296952,42825300,6679788
05:24:14,6652,ptm_cycle_4,19298728,42825300,6678012
05:24:15,6652,ptm_cycle_4,19298732,42825300,6678008
05:24:16,6652,ptm_cycle_4,19298736,42825300,6678004
05:24:17,6652,ptm_cycle_4,19298736,42825300,6678004
05:24:18,6652,ptm_cycle_4,19298736,42825300,6678004
05:24:19,6652,ptm_cycle_4,19300220,42825300,6676520
05:24:20,6652,ptm_cycle_4,19300224,42825300,6676516
05:24:21,6652,ptm_cycle_4,19300232,42825300,6676508
05:24:22,6652,ptm_cycle_4,19300232,42825300,6676508
05:24:23,6652,ptm_cycle_4,19300316,42825300,6676424
05:24:24,6652,ptm_cycle_4,19300316,42825300,6676424
05:24:25,6652,ptm_cycle_4,19300316,42825300,6676424
05:24:26,6652,ptm_cycle_4,19300376,42825300,6676364
05:24:27,6652,ptm_cycle_4,19300380,42825300,6676360
05:24:28,6652,ptm_cycle_4,19300400,42825300,6676340
05:24:29,6652,ptm_cycle_4,19300400,42825300,6676340
05:24:30,6652,ptm_cycle_4,19300400,42825300,6676340
05:24:31,6652,ptm_cycle_4,19300424,42825300,6676340
05:24:32,6652,ptm_cycle_4,19300472,42825300,6676268
05:24:33,6652,ptm_cycle_4,19300472,42825300,6676268
05:24:34,6652,ptm_cycle_4,19300476,42825300,6676264
05:24:35,6652,ptm_cycle_4,19300480,42825300,6676260
05:24:36,6652,ptm_cycle_4,19300480,42825300,6676260
05:24:37,6652,ptm_cycle_4,19300480,42825300,6676260
05:24:38,6652,ptm_cycle_4,19300480,42825300,6676260
05:24:39,6652,ptm_cycle_4,19302328,42825300,6674412
05:24:40,6652,ptm_cycle_4,19305472,42825300,6671268
05:24:41,6652,ptm_cycle_4,19305472,42825300,6671268
05:24:42,6652,ptm_cycle_4,19306628,42825300,6670308
05:24:43,6652,ptm_cycle_4,19306628,42825300,6670308
05:24:44,6652,ptm_cycle_4,19306628,42825300,6670308
05:24:45,6652,ptm_cycle_4,19306628,42825300,6670308
05:24:46,6652,ptm_cycle_4,19306628,42825300,6670308
05:24:47,6652,ptm_cycle_4,19306640,42825300,6670296
05:24:48,6652,ptm_cycle_4,19306640,42825300,6670296
05:24:49,6652,ptm_cycle_4,19306640,42825300,6670296
05:24:50,6652,ptm_cycle_4,19306640,42825300,6670296
05:24:51,6652,ptm_cycle_4,19306640,42825300,6670296
05:24:52,6652,ptm_cycle_4,19307224,42825300,6669932
05:24:53,6652,ptm_cycle_4,19307228,42825300,6669928
05:24:54,6652,ptm_cycle_4,19307236,42825300,6669920
05:24:55,6652,ptm_cycle_4,19307236,42825300,6669920
05:24:56,6652,ptm_cycle_4,19309580,42825300,6667576
05:24:57,6652,ptm_cycle_4,19309580,42825300,6667576
05:24:58,6652,ptm_cycle_4,19309580,42825300,6667576
05:24:59,6652,ptm_cycle_4,19309580,42825300,6667576
05:25:00,6652,ptm_cycle_4,19309584,42825300,6667572
05:25:01,6652,ptm_cycle_4,19309592,42825300,6667564
05:25:02,6652,ptm_cycle_4,19309592,42825300,6667564
05:25:03,6652,ptm_cycle_4,19309976,42825300,6667180
05:25:04,6652,ptm_cycle_4,19309976,42825300,6667180
05:25:05,6652,ptm_cycle_4,19309976,42825300,6667180
05:25:06,6652,ptm_cycle_4,19309984,42825300,6667172
05:25:07,6652,ptm_cycle_4,19309984,42825300,6667172
05:25:08,6652,ptm_cycle_4,19310164,42825300,6666992
05:25:09,6652,ptm_cycle_4,19310164,42825300,6666992
05:25:10,6652,ptm_cycle_4,19310164,42825300,6666992
05:25:11,6652,ptm_cycle_4,19310164,42825300,6666992
05:25:12,6652,ptm_cycle_4,19310164,42825300,6666992
05:25:13,6652,ptm_cycle_4,19310176,42825300,6666980
05:25:14,6652,ptm_cycle_4,19310176,42825300,6666980
05:25:15,6652,ptm_cycle_4,19310176,42825300,6666980
05:25:16,6652,ptm_cycle_4,19310176,42825300,6666980
05:25:17,6652,ptm_cycle_4,19310176,42825300,6666980
05:25:18,6652,ptm_cycle_4,19310176,42825300,6666980
05:25:19,6652,ptm_cycle_4,19310368,42825300,6666788
05:25:20,6652,ptm_cycle_4,19310380,42825300,6666776
05:25:21,6652,ptm_cycle_4,19310380,42825300,6666776
05:25:22,6652,ptm_cycle_4,19310380,42825300,6666776
05:25:23,6652,ptm_cycle_4,19310380,42825300,6666776
05:25:24,6652,ptm_cycle_4,19310380,42825300,6666776
05:25:25,6652,ptm_cycle_4,19310380,42825300,6666776
05:25:26,6652,ptm_cycle_4,19312084,42825300,6665072
05:25:27,6652,ptm_cycle_4,19312696,42825300,6664460
05:25:29,6652,ptm_cycle_4,19312696,42825300,6664460
05:25:30,6652,ptm_cycle_4,19312696,42825300,6664460
05:25:31,6652,ptm_cycle_4,19312696,42825300,6664460
05:25:32,6652,ptm_cycle_4,19312696,42825300,6664460
05:25:33,6652,ptm_cycle_4,19312696,42825300,6664460
05:25:34,6652,ptm_cycle_4,19312704,42825300,6664452
05:25:35,6652,ptm_cycle_4,19312708,42825300,6664448
05:25:36,6652,ptm_cycle_4,19312708,42825300,6664448
05:25:37,6652,ptm_cycle_4,19312708,42825300,6664448
05:25:38,6652,ptm_cycle_4,19312708,42825300,6664448
05:25:39,6652,ptm_cycle_4,19312732,42825300,6664424
05:25:40,6652,ptm_cycle_4,19312736,42825300,6664420
05:25:41,6652,ptm_cycle_4,19312744,42825300,6664412
05:25:42,6652,ptm_cycle_4,19312744,42825300,6664412
05:25:43,6652,ptm_cycle_4,19312744,42825300,6664412
05:25:44,6652,ptm_cycle_4,19312744,42825300,6664412
05:25:45,6652,ptm_cycle_4,19312744,42825300,6664412
05:25:46,6652,ptm_cycle_4,19312744,42825300,6664412
05:25:47,6652,ptm_cycle_4,19312748,42825300,6664408
05:25:48,6652,ptm_cycle_4,19312756,42825300,6664400
05:25:49,6652,ptm_cycle_4,19312756,42825300,6664400
05:25:50,6652,ptm_cycle_4,19312756,42825300,6664400
05:25:51,6652,ptm_cycle_4,19312756,42825300,6664400
05:25:52,6652,ptm_cycle_4,19312756,42825300,6664400
05:25:53,6652,ptm_cycle_4,19312760,42825300,6664396
05:25:54,6652,ptm_cycle_4,19312764,42825300,6664392
05:25:55,6652,ptm_cycle_4,19312764,42825300,6664392
05:25:56,6652,ptm_cycle_4,19314412,42825300,6662744
05:25:57,6652,ptm_cycle_4,19314412,42825300,6662744
05:25:58,6652,ptm_cycle_4,19314416,42825300,6662740
05:25:59,6652,ptm_cycle_4,19314420,42825300,6662736
05:26:00,6652,ptm_cycle_4,19314424,42825300,6662732
05:26:01,6652,ptm_cycle_4,19314424,42825300,6662732
05:26:02,6652,ptm_cycle_4,19314640,42825300,6662516
05:26:03,6652,ptm_cycle_4,19314640,42825300,6662516
05:26:04,6652,ptm_cycle_4,19314640,42825300,6662516
05:26:05,6652,ptm_cycle_4,19314640,42825300,6662516
05:26:06,6652,ptm_cycle_4,19314644,42825300,6662512
05:26:07,6652,ptm_cycle_4,19314648,42825300,6662508
05:26:08,6652,ptm_cycle_4,19314648,42825300,6662508
05:26:09,6652,ptm_cycle_4,19316272,42825300,6660884
05:26:10,6652,ptm_cycle_4,19316272,42825300,6660884
05:26:11,6652,ptm_cycle_4,19316272,42825300,6660884
05:26:12,6652,ptm_cycle_4,19316272,42825300,6660884
05:26:13,6652,ptm_cycle_4,19316276,42825300,6660880
05:26:14,6652,ptm_cycle_4,19316280,42825300,6660876
05:26:15,6652,ptm_cycle_4,19316280,42825300,6660876
05:26:16,6652,ptm_cycle_4,19316280,42825300,6660876
05:26:17,6652,ptm_cycle_4,19316280,42825300,6660876
05:26:18,6652,ptm_cycle_4,19316280,42825300,6660876
05:26:19,6652,ptm_cycle_4,19316280,42825300,6660876
05:26:20,6652,ptm_cycle_4,19316284,42825300,6660872
05:26:21,6652,ptm_cycle_4,19316284,42825300,6660872
05:26:22,6652,ptm_cycle_4,19316284,42825300,6660872
05:26:23,6652,ptm_cycle_4,19316284,42825300,6660872
05:26:24,6652,ptm_cycle_4,19316284,42825300,6660872
05:26:25,6652,ptm_cycle_4,19316284,42825300,6660872
05:26:26,6652,ptm_cycle_4,19316288,42825300,6660868
05:26:27,6652,ptm_cycle_4,19316288,42825300,6660868
05:26:28,6652,ptm_cycle_4,19316288,42825300,6660868
05:26:29,6652,ptm_cycle_4,19316288,42825300,6660868
05:26:30,6652,ptm_cycle_4,19316288,42825300,6660868
05:26:31,6652,ptm_cycle_4,19316288,42825300,6660868
05:26:32,6652,ptm_cycle_4,19316292,42825300,6660864
05:26:33,6652,ptm_cycle_4,19316296,42825300,6660860
05:26:34,6652,ptm_cycle_4,19316296,42825300,6660860
05:26:35,6652,ptm_cycle_4,19316296,42825300,6660860
05:26:36,6652,ptm_cycle_4,19316296,42825300,6660860
05:26:37,6652,ptm_cycle_4,19316296,42825300,6660860
05:26:38,6652,ptm_cycle_4,19316296,42825300,6660860
05:26:39,6652,ptm_cycle_4,19316300,42825300,6660856
05:26:40,6652,ptm_cycle_4,19316304,42825300,6660852
05:26:41,6652,ptm_cycle_4,19316304,42825300,6660852
05:26:42,6652,ptm_cycle_4,19316328,42825300,6660828
05:26:43,6652,ptm_cycle_4,19316328,42825300,6660828
05:26:44,6652,ptm_cycle_4,19316332,42825300,6660824
05:26:45,6652,ptm_cycle_4,19316332,42825300,6660824
05:26:46,6652,ptm_cycle_4,19316340,42825300,6660816
05:26:47,6652,ptm_cycle_4,19316340,42825300,6660816
05:26:48,6652,ptm_cycle_4,19316340,42825300,6660816
05:26:49,6652,ptm_cycle_4,19316340,42825300,6660816
05:26:50,6652,ptm_cycle_4,19316340,42825300,6660816
05:26:51,6652,ptm_cycle_4,19316340,42825300,6660816
05:26:52,6652,ptm_cycle_4,19316340,42825300,6660816
05:26:53,6652,ptm_cycle_4,19316344,42825300,6660812
05:26:54,6652,ptm_cycle_4,19316344,42825300,6660812
05:26:55,6652,ptm_cycle_4,19316344,42825300,6660812
05:26:56,6652,ptm_cycle_4,19316344,42825300,6660812
05:26:57,6652,ptm_cycle_4,19316344,42825300,6660812
05:26:58,6652,ptm_cycle_4,19316344,42825300,6660812
05:26:59,6652,ptm_cycle_4,19316348,42825300,6660808
05:27:00,6652,ptm_cycle_4,19316352,42825300,6660804
05:27:02,6652,ptm_cycle_4,19316352,42825300,6660804
05:27:03,6652,ptm_cycle_4,19316352,42825300,6660804
05:27:04,6652,ptm_cycle_4,19316356,42825300,6660800
05:27:05,6652,ptm_cycle_4,19316356,42825300,6660800
05:27:06,6652,ptm_cycle_4,19316356,42825300,6660800
05:27:07,6652,ptm_cycle_4,19316360,42825300,6660796
05:27:08,6652,ptm_cycle_4,19316364,42825300,6660792
05:27:09,6652,ptm_cycle_4,19316364,42825300,6660792
05:27:10,6652,ptm_cycle_4,19316368,42825300,6660788
05:27:11,6652,ptm_cycle_4,19316368,42825300,6660788
05:27:12,6652,ptm_cycle_4,19316368,42825300,6660788
05:27:13,6652,ptm_cycle_4,19316368,42825300,6660788
05:27:14,6652,ptm_cycle_4,19316372,42825300,6660784
05:27:15,6652,ptm_cycle_4,19316372,42825300,6660784
05:27:16,6652,ptm_cycle_4,19316372,42825300,6660784
05:27:17,6652,ptm_cycle_4,19316376,42825300,6660780
05:27:18,6652,ptm_cycle_4,19316376,42825300,6660780
05:27:19,6652,ptm_cycle_4,19316380,42825300,6660776
05:27:20,6652,ptm_cycle_4,19316384,42825300,6660772
05:27:21,6652,ptm_cycle_4,19316408,42825300,6660772
05:27:22,6652,ptm_cycle_4,19316384,42825300,6660772
05:27:23,6652,ptm_cycle_4,19316384,42825300,6660772
05:27:24,6652,ptm_cycle_4,19316384,42825300,6660772
05:27:25,6652,ptm_cycle_4,19316384,42825300,6660772
05:27:26,6652,ptm_cycle_4,19316388,42825300,6660768
05:27:27,6652,ptm_cycle_4,19316392,42825300,6660764
05:27:28,6652,ptm_cycle_4,19316392,42825300,6660764
05:27:29,6652,ptm_cycle_4,19316392,42825300,6660764
05:27:30,6652,ptm_cycle_4,19316392,42825300,6660764
05:27:31,6652,ptm_cycle_4,19316396,42825300,6660760
05:27:32,6652,ptm_cycle_4,19316396,42825300,6660760
05:27:33,6652,ptm_cycle_4,19316400,42825300,6660756
05:27:34,6652,ptm_cycle_4,19316404,42825300,6660752
05:27:35,6652,ptm_cycle_4,19316404,42825300,6660752
05:27:36,6652,ptm_cycle_4,19316408,42825300,6660748
05:27:37,6652,ptm_cycle_4,19316408,42825300,6660748
05:27:38,6652,ptm_cycle_4,19316408,42825300,6660748
05:27:39,6652,ptm_cycle_4,19316412,42825300,6660744
05:27:40,6652,ptm_cycle_4,19316416,42825300,6660740
05:27:41,6652,ptm_cycle_4,19316416,42825300,6660740
05:27:42,6652,ptm_cycle_4,19316416,42825300,6660740
05:27:43,6652,ptm_cycle_4,19319080,42825300,6658076
05:27:44,6652,ptm_cycle_4,19319080,42825300,6658076
05:27:45,6652,ptm_cycle_4,19319084,42825300,6658072
05:27:46,6652,ptm_cycle_4,19319096,42825300,6658060
05:27:47,6652,ptm_cycle_4,19319096,42825300,6658060
05:27:48,6652,ptm_cycle_4,19319096,42825300,6658060
05:27:49,6652,ptm_cycle_4,19319096,42825300,6658060
05:27:50,6652,ptm_cycle_4,19319100,42825300,6658056
05:27:51,6652,ptm_cycle_4,19319100,42825300,6658056
05:27:52,6652,ptm_cycle_4,19319100,42825300,6658056
05:27:53,6652,ptm_cycle_4,19319108,42825300,6658048
05:27:54,6652,ptm_cycle_4,19319108,42825300,6658048
05:27:55,6652,ptm_cycle_4,19319108,42825300,6658048
05:27:56,6652,ptm_cycle_4,19319108,42825300,6658048
05:27:57,6652,ptm_cycle_4,19319112,42825300,6658044
05:27:58,6652,ptm_cycle_4,19319136,42825300,6658044
05:27:59,6652,ptm_cycle_4,19319116,42825300,6658040
05:28:00,6652,ptm_cycle_4,19319120,42825300,6658036
05:28:01,6652,ptm_cycle_4,19319120,42825300,6658036
05:28:02,6652,ptm_cycle_4,19319120,42825300,6658036
05:28:03,6652,ptm_cycle_4,19319128,42825300,6658028
05:28:04,6652,ptm_cycle_4,19319148,42825300,6658008
05:28:05,6652,ptm_cycle_4,19319148,42825300,6658008
05:28:06,6652,ptm_cycle_4,19319152,42825300,6658004
05:28:07,6652,ptm_cycle_4,19319152,42825300,6658004
05:28:08,6652,ptm_cycle_4,19319156,42825300,6658000
05:28:09,6652,ptm_cycle_4,19319156,42825300,6658000
05:28:10,6652,ptm_cycle_4,19319156,42825300,6658000
05:28:11,6652,ptm_cycle_4,19319156,42825300,6658000
05:28:12,6652,ptm_cycle_4,19319156,42825300,6658000
05:28:13,6652,ptm_cycle_4,19319160,42825300,6657996
05:28:14,6652,ptm_cycle_4,19319160,42825300,6657996
05:28:15,6652,ptm_cycle_4,19319160,42825300,6657996
05:28:16,6652,ptm_cycle_4,19319164,42825300,6657992
05:28:17,6652,ptm_cycle_4,19319164,42825300,6657992
05:28:18,6652,ptm_cycle_4,19319164,42825300,6657992
05:28:19,6652,ptm_cycle_4,19319168,42825300,6657988
05:28:20,6652,ptm_cycle_4,19319172,42825300,6657984
05:28:21,6652,ptm_cycle_4,19319196,42825300,6657984
05:28:22,6652,ptm_cycle_4,19319172,42825300,6657984
05:28:23,6652,ptm_cycle_4,19319176,42825300,6657980
05:28:24,6652,ptm_cycle_4,19319176,42825300,6657980
05:28:25,6652,ptm_cycle_4,19319180,42825300,6657976
05:28:26,6652,ptm_cycle_4,19319184,42825300,6657972
05:28:27,6652,ptm_cycle_4,19319184,42825300,6657972
05:28:28,6652,ptm_cycle_4,19319188,42825300,6657968
05:28:29,6652,ptm_cycle_4,19319188,42825300,6657968
05:28:30,6652,ptm_cycle_4,19319188,42825300,6657968
05:28:31,6652,ptm_cycle_4,19320824,42825300,6656332
05:28:32,6652,ptm_cycle_4,19320832,42825300,6656324
05:28:33,6652,ptm_cycle_4,19320836,42825300,6656320
05:28:35,6652,ptm_cycle_4,19320836,42825300,6656320
05:28:36,6652,ptm_cycle_4,19320836,42825300,6656320
05:28:37,6652,ptm_cycle_4,19320836,42825300,6656320
05:28:38,6652,ptm_cycle_4,19320836,42825300,6656320
05:28:39,6652,ptm_cycle_4,19320836,42825300,6656320
05:28:40,6652,ptm_cycle_4,19320844,42825300,6656312
05:28:41,6652,ptm_cycle_4,19320848,42825300,6656308
05:28:42,6652,ptm_cycle_4,19320848,42825300,6656308
05:28:43,6652,ptm_cycle_4,19320852,42825300,6656304
05:28:44,6652,ptm_cycle_4,19320852,42825300,6656304
05:28:45,6652,ptm_cycle_4,19320852,42825300,6656304
05:28:46,6652,ptm_cycle_4,19320856,42825300,6656300
05:28:47,6652,ptm_cycle_4,19320868,42825300,6656288
05:28:48,6652,ptm_cycle_4,19320868,42825300,6656288
05:28:49,6652,ptm_cycle_4,19320868,42825300,6656288
05:28:50,6652,ptm_cycle_4,19320872,42825300,6656284
05:28:51,6652,ptm_cycle_4,19320872,42825300,6656284
05:28:52,6652,ptm_cycle_4,19320872,42825300,6656284
05:28:53,6652,ptm_cycle_4,19320880,42825300,6656276
05:28:54,6652,ptm_cycle_4,19320880,42825300,6656276
05:28:55,6652,ptm_cycle_4,19321032,42825300,6656124
05:28:56,6652,ptm_cycle_4,19321036,42825300,6656120
05:28:57,6652,ptm_cycle_4,19321036,42825300,6656120
05:28:58,6652,ptm_cycle_4,19321036,42825300,6656120
05:28:59,6652,ptm_cycle_4,19321036,42825300,6656120
05:29:00,6652,ptm_cycle_4,19321036,42825300,6656120
05:29:01,6652,ptm_cycle_4,19321040,42825300,6656116
05:29:02,6652,ptm_cycle_4,19321040,42825300,6656116
05:29:03,6652,ptm_cycle_4,19321044,42825300,6656112
05:29:04,6652,ptm_cycle_4,19321044,42825300,6656112
05:29:05,6652,ptm_cycle_4,19321952,42825300,6655204
05:29:06,6652,ptm_cycle_4,19321968,42825300,6655188
05:29:07,6652,ptm_cycle_4,19321972,42825300,6655184
05:29:08,6652,ptm_cycle_4,19321972,42825300,6655184
05:29:09,6652,ptm_cycle_4,19321972,42825300,6655184
05:29:10,6652,ptm_cycle_4,19321972,42825300,6655184
05:29:11,6652,ptm_cycle_4,19321972,42825300,6655184
05:29:12,6652,ptm_cycle_4,19321972,42825300,6655184
05:29:13,6652,ptm_cycle_4,19321992,42825300,6655164
05:29:14,6652,ptm_cycle_4,19321992,42825300,6655164
05:29:15,6652,ptm_cycle_4,19321992,42825300,6655164
05:29:16,6652,ptm_cycle_4,19321992,42825300,6655164
05:29:17,6652,ptm_cycle_4,19321996,42825300,6655160
05:29:18,6652,ptm_cycle_4,19321996,42825300,6655160
05:29:19,6652,ptm_cycle_4,19322020,42825300,6655160
05:29:20,6652,ptm_cycle_4,19321996,42825300,6655160
05:29:21,6652,ptm_cycle_4,19322004,42825300,6655152
05:29:22,6652,ptm_cycle_4,19322008,42825300,6655148
05:29:23,6652,ptm_cycle_4,19322008,42825300,6655148
05:29:24,6652,ptm_cycle_4,19322008,42825300,6655148
05:29:25,6652,ptm_cycle_4,19322040,42825300,6655116
05:29:26,6652,ptm_cycle_4,19322040,42825300,6655116
05:29:27,6652,ptm_cycle_4,19322040,42825300,6655116
05:29:28,6652,ptm_cycle_4,19322040,42825300,6655116
05:29:29,6652,ptm_cycle_4,19322044,42825300,6655112
05:29:30,6652,ptm_cycle_4,19322044,42825300,6655112
05:29:31,6652,ptm_cycle_4,19322044,42825300,6655112
05:29:32,6652,ptm_cycle_4,19322656,42825300,6654500
05:29:33,6652,ptm_cycle_4,19323028,42825300,6654128
05:29:34,6652,ptm_cycle_4,19323028,42825300,6654128
05:59:47,113763,ptm_cycle_5,27520,27520,0
05:59:48,113763,ptm_cycle_5,138472,152856,0
05:59:49,113763,ptm_cycle_5,138472,152856,0
05:59:50,113763,ptm_cycle_5,138472,152856,0
05:59:51,113763,ptm_cycle_5,138472,152856,0
05:59:52,113763,ptm_cycle_5,138472,152856,0
05:59:53,113763,ptm_cycle_5,138472,152856,0
05:59:54,113763,ptm_cycle_5,138472,152856,0
05:59:55,113763,ptm_cycle_5,138472,152856,0
05:59:56,113763,ptm_cycle_5,138472,152856,0
05:59:57,113763,ptm_cycle_5,138472,152856,0
05:59:58,113763,ptm_cycle_5,138472,152856,0
06:00:00,113763,ptm_cycle_5,264032,264032,0
06:00:01,113763,ptm_cycle_5,552528,552528,0
06:00:02,113763,ptm_cycle_5,945816,945816,0
06:00:03,113763,ptm_cycle_5,1144072,1144072,0
06:00:04,113763,ptm_cycle_5,1470280,1470280,0
06:00:05,113763,ptm_cycle_5,1706780,1706780,0
06:00:06,113763,ptm_cycle_5,1715216,1715216,0
06:00:07,113763,ptm_cycle_5,1717176,1717176,0
06:00:08,113763,ptm_cycle_5,1718788,1718788,0
06:00:09,113763,ptm_cycle_5,1740396,1740396,0
06:00:10,113763,ptm_cycle_5,1754524,1754524,0
06:00:11,113763,ptm_cycle_5,1766844,1766844,0
06:00:12,113763,ptm_cycle_5,1779644,1779644,0
06:00:13,113763,ptm_cycle_5,1792124,1792124,0
06:00:14,113763,ptm_cycle_5,1804032,1804032,0
06:00:15,113763,ptm_cycle_5,1816020,1816020,0
06:00:16,113763,ptm_cycle_5,1828232,1828232,0
06:00:17,113763,ptm_cycle_5,1840276,1840276,0
06:00:18,113763,ptm_cycle_5,1972468,1972468,0
06:00:19,113763,ptm_cycle_5,2128852,2199188,0
06:00:20,113763,ptm_cycle_5,2128852,2199188,0
06:00:21,113763,ptm_cycle_5,2224136,2224136,0
06:00:22,113763,ptm_cycle_5,2644488,2644488,0
06:00:23,113763,ptm_cycle_5,2962552,2962552,0
06:00:24,113763,ptm_cycle_5,3250024,3250024,0
06:00:25,113763,ptm_cycle_5,3473056,3473056,0
06:00:26,113763,ptm_cycle_5,3630232,3630232,0
06:00:27,113763,ptm_cycle_5,3632620,3632620,0
06:00:28,113763,ptm_cycle_5,3634164,3634164,0
06:00:29,113763,ptm_cycle_5,3638296,3638296,0
06:00:30,113763,ptm_cycle_5,4287196,4287196,0
06:00:31,113763,ptm_cycle_5,4389292,4389292,0
06:00:32,113763,ptm_cycle_5,4389292,4389292,0
06:00:33,113763,ptm_cycle_5,4389292,4389292,0
06:00:34,113763,ptm_cycle_5,4389292,4389292,0
06:00:35,113763,ptm_cycle_5,4389292,4389292,0
06:00:36,113763,ptm_cycle_5,4389292,4389292,0
06:00:37,113763,ptm_cycle_5,4389292,4389292,0
06:00:38,113763,ptm_cycle_5,4750136,4750136,0
06:00:39,113763,ptm_cycle_5,4786604,4786604,0
06:00:40,113763,ptm_cycle_5,5632848,5632848,0
06:00:41,113763,ptm_cycle_5,6842228,6842228,0
06:00:42,113763,ptm_cycle_5,7904704,7904704,0
06:00:43,113763,ptm_cycle_5,9106848,9106848,0
06:00:44,113763,ptm_cycle_5,9318280,9318280,0
06:00:45,113763,ptm_cycle_5,9163008,9900096,0
06:00:46,113763,ptm_cycle_5,9586992,9900096,0
06:00:47,113763,ptm_cycle_5,10540476,10540476,0
06:00:48,113763,ptm_cycle_5,10858672,10858672,0
06:00:49,113763,ptm_cycle_5,10858672,10858672,0
06:00:50,113763,ptm_cycle_5,10866236,10866236,0
06:00:51,113763,ptm_cycle_5,10919744,10919744,0
06:00:52,113763,ptm_cycle_5,10955288,10986804,0
06:00:53,113763,ptm_cycle_5,11015248,11124952,0
06:00:54,113763,ptm_cycle_5,11048864,11124952,0
06:00:55,113763,ptm_cycle_5,11088564,11124952,0
06:00:56,113763,ptm_cycle_5,11118068,11124952,0
06:00:57,113763,ptm_cycle_5,11146872,11381296,0
06:00:58,113763,ptm_cycle_5,11184648,11381296,0
06:00:59,113763,ptm_cycle_5,11232976,11381296,0
06:01:00,113763,ptm_cycle_5,10473196,11381296,0
06:01:01,113763,ptm_cycle_5,9633336,11381296,0
06:01:02,113763,ptm_cycle_5,10359452,11381296,0
06:01:03,113763,ptm_cycle_5,11285616,11381296,0
06:01:04,113763,ptm_cycle_5,12069252,12069252,0
06:01:05,113763,ptm_cycle_5,12723224,12723224,0
06:01:06,113763,ptm_cycle_5,13538384,13538384,0
06:01:07,113763,ptm_cycle_5,14133728,14264456,0
06:01:08,113763,ptm_cycle_5,14538860,14538860,0
06:01:09,113763,ptm_cycle_5,14538860,14538860,0
06:01:10,113763,ptm_cycle_5,14794748,14828672,0
06:01:11,113763,ptm_cycle_5,14647292,14828672,0
06:01:12,113763,ptm_cycle_5,13861036,14845448,0
06:01:13,113763,ptm_cycle_5,11713000,14845448,0
06:01:14,113763,ptm_cycle_5,11743952,14845448,0
06:01:15,113763,ptm_cycle_5,11743952,14845448,0
06:01:16,113763,ptm_cycle_5,11748568,14845448,0
06:01:17,113763,ptm_cycle_5,11755524,14845448,0
06:01:18,113763,ptm_cycle_5,11757404,14845448,0
06:01:19,113763,ptm_cycle_5,11759260,14845448,0
06:01:20,113763,ptm_cycle_5,11814708,14845448,0
06:01:21,113763,ptm_cycle_5,11929856,14845448,0
06:01:22,113763,ptm_cycle_5,11911876,14845448,0
06:01:23,113763,ptm_cycle_5,12198372,14845448,0
06:01:24,113763,ptm_cycle_5,12371444,14845448,0
06:01:25,113763,ptm_cycle_5,12387008,14845448,0
06:01:26,113763,ptm_cycle_5,12387008,14845448,0
06:01:27,113763,ptm_cycle_5,12387008,14845448,0
06:01:28,113763,ptm_cycle_5,12387008,14845448,0
06:01:29,113763,ptm_cycle_5,12387008,14845448,0
06:01:31,113763,ptm_cycle_5,12387008,14845448,0
06:01:32,113763,ptm_cycle_5,12387008,14845448,0
06:01:33,113763,ptm_cycle_5,12475360,14845448,0
06:01:34,113763,ptm_cycle_5,12563716,14845448,0
06:01:35,113763,ptm_cycle_5,12740820,14845448,0
06:01:36,113763,ptm_cycle_5,12740824,14845448,0
06:01:37,113763,ptm_cycle_5,12621492,14845448,0
06:01:38,113763,ptm_cycle_5,13133384,14845448,0
06:01:39,113763,ptm_cycle_5,13225436,14845448,0
06:01:40,113763,ptm_cycle_5,13029860,14845448,0
06:01:41,113763,ptm_cycle_5,13029860,14845448,0
06:01:42,113763,ptm_cycle_5,13029860,14845448,0
06:01:43,113763,ptm_cycle_5,13029860,14845448,0
06:01:44,113763,ptm_cycle_5,13029860,14845448,0
06:01:45,113763,ptm_cycle_5,13029860,14845448,0
06:01:46,113763,ptm_cycle_5,13029860,14845448,0
06:01:47,113763,ptm_cycle_5,13029860,14845448,0
06:01:48,113763,ptm_cycle_5,13029860,14845448,0
06:01:49,113763,ptm_cycle_5,13029860,14845448,0
06:01:50,113763,ptm_cycle_5,13029860,14845448,0
06:01:51,113763,ptm_cycle_5,13029860,14845448,0
06:01:52,113763,ptm_cycle_5,13029860,14845448,0
06:01:53,113763,ptm_cycle_5,13029860,14845448,0
06:01:54,113763,ptm_cycle_5,13029860,14845448,0
06:01:55,113763,ptm_cycle_5,13029860,14845448,0
06:01:56,113763,ptm_cycle_5,13029860,14845448,0
06:01:57,113763,ptm_cycle_5,13029860,14845448,0
06:01:58,113763,ptm_cycle_5,13029860,14845448,0
06:01:59,113763,ptm_cycle_5,13029860,14845448,0
06:02:00,113763,ptm_cycle_5,13029860,14845448,0
06:02:01,113763,ptm_cycle_5,13029860,14845448,0
06:02:02,113763,ptm_cycle_5,13029860,14845448,0
06:02:03,113763,ptm_cycle_5,13029860,14845448,0
06:02:04,113763,ptm_cycle_5,13029860,14845448,0
06:02:05,113763,ptm_cycle_5,13029860,14845448,0
06:02:06,113763,ptm_cycle_5,13029860,14845448,0
06:02:07,113763,ptm_cycle_5,13029860,14845448,0
06:02:08,113763,ptm_cycle_5,13029860,14845448,0
06:02:09,113763,ptm_cycle_5,13029860,14845448,0
06:02:10,113763,ptm_cycle_5,13029860,14845448,0
06:02:11,113763,ptm_cycle_5,13029860,14845448,0
06:02:12,113763,ptm_cycle_5,13029860,14845448,0
06:02:13,113763,ptm_cycle_5,13029860,14845448,0
06:02:14,113763,ptm_cycle_5,13029860,14845448,0
06:02:15,113763,ptm_cycle_5,13029860,14845448,0
06:02:16,113763,ptm_cycle_5,13029860,14845448,0
06:02:17,113763,ptm_cycle_5,13029860,14845448,0
06:02:18,113763,ptm_cycle_5,13029860,14845448,0
06:02:19,113763,ptm_cycle_5,13029860,14845448,0
06:02:20,113763,ptm_cycle_5,13029860,14845448,0
06:02:21,113763,ptm_cycle_5,13029860,14845448,0
06:02:22,113763,ptm_cycle_5,13029860,14845448,0
06:02:23,113763,ptm_cycle_5,13029860,14845448,0
06:02:24,113763,ptm_cycle_5,13029860,14845448,0
06:02:25,113763,ptm_cycle_5,13029860,14845448,0
06:02:26,113763,ptm_cycle_5,13029860,14845448,0
06:02:27,113763,ptm_cycle_5,13029860,14845448,0
06:02:28,113763,ptm_cycle_5,13029860,14845448,0
06:02:29,113763,ptm_cycle_5,13029860,14845448,0
06:02:30,113763,ptm_cycle_5,13029860,14845448,0
06:02:31,113763,ptm_cycle_5,13029860,14845448,0
06:02:32,113763,ptm_cycle_5,13029860,14845448,0
06:02:33,113763,ptm_cycle_5,13029860,14845448,0
06:02:34,113763,ptm_cycle_5,13029860,14845448,0
06:02:35,113763,ptm_cycle_5,13029860,14845448,0
06:02:36,113763,ptm_cycle_5,13029860,14845448,0
06:02:37,113763,ptm_cycle_5,13029860,14845448,0
06:02:38,113763,ptm_cycle_5,13029860,14845448,0
06:02:39,113763,ptm_cycle_5,13029860,14845448,0
06:02:40,113763,ptm_cycle_5,13029860,14845448,0
06:02:41,113763,ptm_cycle_5,13029860,14845448,0
06:02:42,113763,ptm_cycle_5,13029860,14845448,0
06:02:43,113763,ptm_cycle_5,13029860,14845448,0
06:02:44,113763,ptm_cycle_5,13029860,14845448,0
06:02:45,113763,ptm_cycle_5,13029860,14845448,0
06:02:46,113763,ptm_cycle_5,13029860,14845448,0
06:02:47,113763,ptm_cycle_5,13029860,14845448,0
06:02:48,113763,ptm_cycle_5,13029860,14845448,0
06:02:49,113763,ptm_cycle_5,13029860,14845448,0
06:02:50,113763,ptm_cycle_5,13029860,14845448,0
06:02:51,113763,ptm_cycle_5,13029860,14845448,0
06:02:52,113763,ptm_cycle_5,13029860,14845448,0
06:02:53,113763,ptm_cycle_5,13029860,14845448,0
06:02:54,113763,ptm_cycle_5,13029860,14845448,0
06:02:55,113763,ptm_cycle_5,13029860,14845448,0
06:02:56,113763,ptm_cycle_5,13029860,14845448,0
06:02:57,113763,ptm_cycle_5,13029860,14845448,0
06:02:58,113763,ptm_cycle_5,12759524,14845448,0
06:02:59,113763,ptm_cycle_5,12471552,14845448,0
06:03:01,113763,ptm_cycle_5,12471552,14845448,0
06:03:02,113763,ptm_cycle_5,13078956,14845448,0
06:03:03,113763,ptm_cycle_5,13121608,14845448,0
06:03:04,113763,ptm_cycle_5,13121608,14845448,0
06:03:05,113763,ptm_cycle_5,13153292,14845448,0
06:03:06,113763,ptm_cycle_5,13153292,14845448,0
06:03:07,113763,ptm_cycle_5,13153292,14845448,0
06:03:08,113763,ptm_cycle_5,13153292,14845448,0
06:03:09,113763,ptm_cycle_5,13153292,14845448,0
06:03:10,113763,ptm_cycle_5,13153292,14845448,0
06:03:11,113763,ptm_cycle_5,13153292,14845448,0
06:03:12,113763,ptm_cycle_5,13260012,14845448,0
06:03:13,113763,ptm_cycle_5,13378952,14845448,0
06:03:14,113763,ptm_cycle_5,13143528,14845448,0
06:03:15,113763,ptm_cycle_5,13143536,14845448,0
06:03:16,113763,ptm_cycle_5,13143536,14845448,0
06:03:17,113763,ptm_cycle_5,13154552,14845448,0
06:03:18,113763,ptm_cycle_5,13154552,14845448,0
06:03:19,113763,ptm_cycle_5,13154552,14845448,0
06:03:20,113763,ptm_cycle_5,13154552,14845448,0
06:03:21,113763,ptm_cycle_5,13154552,14845448,0
06:03:22,113763,ptm_cycle_5,13154552,14845448,0
06:03:23,113763,ptm_cycle_5,13154552,14845448,0
06:03:24,113763,ptm_cycle_5,13261420,14845448,0
06:03:25,113763,ptm_cycle_5,13408596,14845448,0
06:03:26,113763,ptm_cycle_5,13348052,14845448,0
06:03:27,113763,ptm_cycle_5,13143744,14845448,0
06:03:28,113763,ptm_cycle_5,13507244,14845448,0
06:03:29,113763,ptm_cycle_5,13850084,14845448,0
06:03:30,113763,ptm_cycle_5,15083148,15107728,0
06:03:31,113763,ptm_cycle_5,15083148,15107728,0
06:03:32,113763,ptm_cycle_5,15083148,15107728,0
06:03:33,113763,ptm_cycle_5,15181116,15222160,0
06:03:34,113763,ptm_cycle_5,15351724,15370876,0
06:03:35,113763,ptm_cycle_5,15520280,15641460,0
06:03:36,113763,ptm_cycle_5,13147612,15699992,0
06:03:37,113763,ptm_cycle_5,14145436,15699992,0
06:03:38,113763,ptm_cycle_5,14959828,15699992,0
06:03:39,113763,ptm_cycle_5,16091104,16091104,0
06:03:40,113763,ptm_cycle_5,15485424,16155040,0
06:03:41,113763,ptm_cycle_5,15952308,16155040,0
06:03:42,113763,ptm_cycle_5,16969408,16969408,0
06:03:43,113763,ptm_cycle_5,17479040,17479040,0
06:03:44,113763,ptm_cycle_5,18089500,18169944,0
06:03:45,113763,ptm_cycle_5,18454788,18454788,0
06:03:46,113763,ptm_cycle_5,18618228,18618228,0
06:03:47,113763,ptm_cycle_5,18826920,18826920,0
06:03:48,113763,ptm_cycle_5,18709772,19003512,0
06:03:49,113763,ptm_cycle_5,18792544,19003512,0
06:03:50,113763,ptm_cycle_5,15878544,19003512,0
06:03:51,113763,ptm_cycle_5,15878544,19003512,0
06:03:52,113763,ptm_cycle_5,15878544,19003512,0
06:03:53,113763,ptm_cycle_5,15878688,19003512,0
06:03:54,113763,ptm_cycle_5,15878688,19003512,0
06:03:55,113763,ptm_cycle_5,15878688,19003512,0
06:03:56,113763,ptm_cycle_5,15878688,19003512,0
06:03:57,113763,ptm_cycle_5,15878688,19003512,0
06:03:58,113763,ptm_cycle_5,15878688,19003512,0
06:03:59,113763,ptm_cycle_5,15878688,19003512,0
06:04:00,113763,ptm_cycle_5,15879428,19003512,0
06:04:01,113763,ptm_cycle_5,15879432,19003512,0
06:04:02,113763,ptm_cycle_5,15880296,19003512,0
06:04:03,113763,ptm_cycle_5,15880296,19003512,0
06:04:04,113763,ptm_cycle_5,15880308,19003512,0
06:04:05,113763,ptm_cycle_5,15880872,19003512,0
06:04:06,113763,ptm_cycle_5,15881532,19003512,0
06:04:07,113763,ptm_cycle_5,15881544,19003512,0
06:04:08,113763,ptm_cycle_5,15881544,19003512,0
06:04:09,113763,ptm_cycle_5,15881544,19003512,0
06:04:10,113763,ptm_cycle_5,15881544,19003512,0
06:04:11,113763,ptm_cycle_5,15881544,19003512,0
06:04:12,113763,ptm_cycle_5,15881544,19003512,0
06:04:13,113763,ptm_cycle_5,15881544,19003512,0
06:04:14,113763,ptm_cycle_5,15881544,19003512,0
06:04:15,113763,ptm_cycle_5,15881544,19003512,0
06:04:16,113763,ptm_cycle_5,15881544,19003512,0
06:04:17,113763,ptm_cycle_5,15881544,19003512,0
06:04:18,113763,ptm_cycle_5,15881544,19003512,0
06:04:19,113763,ptm_cycle_5,15881544,19003512,0
06:04:20,113763,ptm_cycle_5,15881544,19003512,0
06:04:21,113763,ptm_cycle_5,15881544,19003512,0
06:04:22,113763,ptm_cycle_5,15881544,19003512,0
06:04:23,113763,ptm_cycle_5,15881544,19003512,0
06:04:24,113763,ptm_cycle_5,15881544,19003512,0
06:04:25,113763,ptm_cycle_5,15881544,19003512,0
06:04:26,113763,ptm_cycle_5,15881544,19003512,0
06:04:27,113763,ptm_cycle_5,15881544,19003512,0
06:04:28,113763,ptm_cycle_5,15881544,19003512,0
06:04:29,113763,ptm_cycle_5,15881544,19003512,0
06:04:30,113763,ptm_cycle_5,15881544,19003512,0
06:04:32,113763,ptm_cycle_5,15881544,19003512,0
06:04:33,113763,ptm_cycle_5,15881544,19003512,0
06:04:34,113763,ptm_cycle_5,15881544,19003512,0
06:04:35,113763,ptm_cycle_5,15881544,19003512,0
06:04:36,113763,ptm_cycle_5,15881544,19003512,0
06:04:37,113763,ptm_cycle_5,15881544,19003512,0
06:04:38,113763,ptm_cycle_5,15881544,19003512,0
06:04:39,113763,ptm_cycle_5,15881544,19003512,0
06:04:40,113763,ptm_cycle_5,15881544,19003512,0
06:04:41,113763,ptm_cycle_5,15881544,19003512,0
06:04:42,113763,ptm_cycle_5,15881544,19003512,0
06:04:43,113763,ptm_cycle_5,15881544,19003512,0
06:04:44,113763,ptm_cycle_5,15881544,19003512,0
06:04:45,113763,ptm_cycle_5,15881544,19003512,0
06:04:46,113763,ptm_cycle_5,15881544,19003512,0
06:04:47,113763,ptm_cycle_5,15881544,19003512,0
06:04:48,113763,ptm_cycle_5,15881544,19003512,0
06:04:49,113763,ptm_cycle_5,15881544,19003512,0
06:04:50,113763,ptm_cycle_5,15881544,19003512,0
06:04:51,113763,ptm_cycle_5,15881544,19003512,0
06:04:52,113763,ptm_cycle_5,15881544,19003512,0
06:04:53,113763,ptm_cycle_5,15881544,19003512,0
06:04:54,113763,ptm_cycle_5,15881544,19003512,0
06:04:55,113763,ptm_cycle_5,15881544,19003512,0
06:04:56,113763,ptm_cycle_5,15881544,19003512,0
06:04:57,113763,ptm_cycle_5,15881544,19003512,0
06:04:58,113763,ptm_cycle_5,15881544,19003512,0
06:04:59,113763,ptm_cycle_5,15881544,19003512,0
06:05:00,113763,ptm_cycle_5,15881544,19003512,0
06:05:01,113763,ptm_cycle_5,15881544,19003512,0
06:05:02,113763,ptm_cycle_5,15881544,19003512,0
06:05:03,113763,ptm_cycle_5,15881544,19003512,0
06:05:04,113763,ptm_cycle_5,15881544,19003512,0
06:05:05,113763,ptm_cycle_5,15881544,19003512,0
06:05:06,113763,ptm_cycle_5,15881544,19003512,0
06:05:07,113763,ptm_cycle_5,15881544,19003512,0
06:05:08,113763,ptm_cycle_5,15881544,19003512,0
06:05:09,113763,ptm_cycle_5,15881544,19003512,0
06:05:10,113763,ptm_cycle_5,15881544,19003512,0
06:05:11,113763,ptm_cycle_5,15881544,19003512,0
06:05:12,113763,ptm_cycle_5,15881544,19003512,0
06:05:13,113763,ptm_cycle_5,15881544,19003512,0
06:05:14,113763,ptm_cycle_5,15881544,19003512,0
06:05:15,113763,ptm_cycle_5,15881544,19003512,0
06:05:16,113763,ptm_cycle_5,15881544,19003512,0
06:05:17,113763,ptm_cycle_5,15881544,19003512,0
06:05:18,113763,ptm_cycle_5,15881544,19003512,0
06:05:19,113763,ptm_cycle_5,15881544,19003512,0
06:05:20,113763,ptm_cycle_5,15881544,19003512,0
06:05:21,113763,ptm_cycle_5,15881544,19003512,0
06:05:22,113763,ptm_cycle_5,15881544,19003512,0
06:05:23,113763,ptm_cycle_5,15881544,19003512,0
06:05:24,113763,ptm_cycle_5,15881544,19003512,0
06:05:25,113763,ptm_cycle_5,15881544,19003512,0
06:05:26,113763,ptm_cycle_5,15881544,19003512,0
06:05:27,113763,ptm_cycle_5,15881544,19003512,0
06:05:28,113763,ptm_cycle_5,15886484,19003512,0
06:05:29,113763,ptm_cycle_5,15886484,19003512,0
06:05:30,113763,ptm_cycle_5,15886484,19003512,0
06:05:31,113763,ptm_cycle_5,16036896,19003512,0
06:05:32,113763,ptm_cycle_5,16048960,19003512,0
06:05:33,113763,ptm_cycle_5,16048960,19003512,0
06:05:34,113763,ptm_cycle_5,16048960,19003512,0
06:05:35,113763,ptm_cycle_5,16048960,19003512,0
06:05:36,113763,ptm_cycle_5,16048960,19003512,0
06:05:37,113763,ptm_cycle_5,16048960,19003512,0
06:05:38,113763,ptm_cycle_5,16048960,19003512,0
06:05:39,113763,ptm_cycle_5,16048960,19003512,0
06:05:40,113763,ptm_cycle_5,16048960,19003512,0
06:05:41,113763,ptm_cycle_5,16048960,19003512,0
06:05:42,113763,ptm_cycle_5,16048960,19003512,0
06:05:43,113763,ptm_cycle_5,16048960,19003512,0
06:05:44,113763,ptm_cycle_5,16048960,19003512,0
06:05:45,113763,ptm_cycle_5,16048960,19003512,0
06:05:46,113763,ptm_cycle_5,16048960,19003512,0
06:05:47,113763,ptm_cycle_5,16048960,19003512,0
06:05:48,113763,ptm_cycle_5,16048960,19003512,0
06:05:49,113763,ptm_cycle_5,16048960,19003512,0
06:05:50,113763,ptm_cycle_5,16048960,19003512,0
06:05:51,113763,ptm_cycle_5,16048960,19003512,0
06:05:52,113763,ptm_cycle_5,16048960,19003512,0
06:05:53,113763,ptm_cycle_5,16048960,19003512,0
06:05:54,113763,ptm_cycle_5,16048960,19003512,0
06:05:55,113763,ptm_cycle_5,16048960,19003512,0
06:05:56,113763,ptm_cycle_5,16048960,19003512,0
06:05:57,113763,ptm_cycle_5,16048960,19003512,0
06:05:58,113763,ptm_cycle_5,16446528,19003512,0
06:05:59,113763,ptm_cycle_5,17341328,19003512,0
06:06:00,113763,ptm_cycle_5,17672348,19003512,0
06:06:02,113763,ptm_cycle_5,17672348,19003512,0
06:06:03,113763,ptm_cycle_5,17722528,19003512,0
06:06:04,113763,ptm_cycle_5,17841288,19003512,0
06:06:05,113763,ptm_cycle_5,18041524,19003512,0
06:06:06,113763,ptm_cycle_5,18194388,19003512,0
06:06:07,113763,ptm_cycle_5,16417712,19003512,0
06:06:08,113763,ptm_cycle_5,17015780,19003512,0
06:06:09,113763,ptm_cycle_5,18062580,19003512,0
06:06:10,113763,ptm_cycle_5,17445524,19003512,0
06:06:11,113763,ptm_cycle_5,17632352,19003512,0
06:06:12,113763,ptm_cycle_5,18700164,19003512,0
06:06:13,113763,ptm_cycle_5,19277576,19313640,0
06:06:14,113763,ptm_cycle_5,19739700,19739700,0
06:06:15,113763,ptm_cycle_5,20378268,20378268,0
06:06:16,113763,ptm_cycle_5,20601124,20601124,0
06:06:17,113763,ptm_cycle_5,20571844,20599892,0
06:06:18,113763,ptm_cycle_5,20987288,20987288,0
06:06:19,113763,ptm_cycle_5,20692372,20986060,0
06:06:20,113763,ptm_cycle_5,19194124,21560868,0
06:06:21,113763,ptm_cycle_5,18095872,21560868,0
06:06:22,113763,ptm_cycle_5,18095872,21560868,0
06:06:23,113763,ptm_cycle_5,18095968,21560868,0
06:06:24,113763,ptm_cycle_5,18095968,21560868,0
06:06:25,113763,ptm_cycle_5,18095968,21560868,0
06:06:26,113763,ptm_cycle_5,18095968,21560868,0
06:06:27,113763,ptm_cycle_5,18095968,21560868,0
06:06:28,113763,ptm_cycle_5,18095968,21560868,0
06:06:29,113763,ptm_cycle_5,18095968,21560868,0
06:06:30,113763,ptm_cycle_5,18096728,21560868,0
06:06:31,113763,ptm_cycle_5,18096728,21560868,0
06:06:32,113763,ptm_cycle_5,18096728,21560868,0
06:06:33,113763,ptm_cycle_5,18100988,21560868,0
06:06:34,113763,ptm_cycle_5,18100988,21560868,0
06:06:35,113763,ptm_cycle_5,18101276,21560868,0
06:06:36,113763,ptm_cycle_5,18101276,21560868,0
06:06:37,113763,ptm_cycle_5,18109220,21560868,0
06:06:38,113763,ptm_cycle_5,18109220,21560868,0
06:06:39,113763,ptm_cycle_5,18109220,21560868,0
06:06:40,113763,ptm_cycle_5,18109220,21560868,0
06:06:41,113763,ptm_cycle_5,18109220,21560868,0
06:06:42,113763,ptm_cycle_5,18109220,21560868,0
06:06:43,113763,ptm_cycle_5,18109220,21560868,0
06:06:44,113763,ptm_cycle_5,18109220,21560868,0
06:06:45,113763,ptm_cycle_5,18109220,21560868,0
06:06:46,113763,ptm_cycle_5,18109220,21560868,0
06:06:47,113763,ptm_cycle_5,18109220,21560868,0
06:06:48,113763,ptm_cycle_5,18109220,21560868,0
06:06:49,113763,ptm_cycle_5,18109220,21560868,0
06:06:50,113763,ptm_cycle_5,18109220,21560868,0
06:06:51,113763,ptm_cycle_5,18109220,21560868,0
06:06:52,113763,ptm_cycle_5,18109220,21560868,0
06:06:53,113763,ptm_cycle_5,18109220,21560868,0
06:06:54,113763,ptm_cycle_5,18109220,21560868,0
06:06:55,113763,ptm_cycle_5,18109220,21560868,0
06:06:56,113763,ptm_cycle_5,18109220,21560868,0
06:06:57,113763,ptm_cycle_5,18109220,21560868,0
06:06:58,113763,ptm_cycle_5,18109220,21560868,0
06:06:59,113763,ptm_cycle_5,18109220,21560868,0
06:07:00,113763,ptm_cycle_5,18109220,21560868,0
06:07:01,113763,ptm_cycle_5,18109220,21560868,0
06:07:02,113763,ptm_cycle_5,18109220,21560868,0
06:07:03,113763,ptm_cycle_5,18109220,21560868,0
06:07:04,113763,ptm_cycle_5,18109220,21560868,0
06:07:05,113763,ptm_cycle_5,18109220,21560868,0
06:07:06,113763,ptm_cycle_5,18109220,21560868,0
06:07:07,113763,ptm_cycle_5,18109220,21560868,0
06:07:08,113763,ptm_cycle_5,18109220,21560868,0
06:07:09,113763,ptm_cycle_5,18109220,21560868,0
06:07:10,113763,ptm_cycle_5,18109220,21560868,0
06:07:11,113763,ptm_cycle_5,18109220,21560868,0
06:07:12,113763,ptm_cycle_5,18109220,21560868,0
06:07:13,113763,ptm_cycle_5,18109220,21560868,0
06:07:14,113763,ptm_cycle_5,18109220,21560868,0
06:07:15,113763,ptm_cycle_5,18109220,21560868,0
06:07:16,113763,ptm_cycle_5,18109220,21560868,0
06:07:17,113763,ptm_cycle_5,18109220,21560868,0
06:07:18,113763,ptm_cycle_5,18109220,21560868,0
06:07:19,113763,ptm_cycle_5,18109220,21560868,0
06:07:20,113763,ptm_cycle_5,18109220,21560868,0
06:07:21,113763,ptm_cycle_5,18109220,21560868,0
06:07:22,113763,ptm_cycle_5,18109220,21560868,0
06:07:23,113763,ptm_cycle_5,18109220,21560868,0
06:07:24,113763,ptm_cycle_5,18109220,21560868,0
06:07:25,113763,ptm_cycle_5,18109220,21560868,0
06:07:26,113763,ptm_cycle_5,18109220,21560868,0
06:07:27,113763,ptm_cycle_5,18109220,21560868,0
06:07:28,113763,ptm_cycle_5,18109220,21560868,0
06:07:29,113763,ptm_cycle_5,18109220,21560868,0
06:07:30,113763,ptm_cycle_5,18109220,21560868,0
06:07:31,113763,ptm_cycle_5,18109220,21560868,0
06:07:32,113763,ptm_cycle_5,18109220,21560868,0
06:07:34,113763,ptm_cycle_5,18109220,21560868,0
06:07:35,113763,ptm_cycle_5,18109220,21560868,0
06:07:36,113763,ptm_cycle_5,18109220,21560868,0
06:07:37,113763,ptm_cycle_5,18109220,21560868,0
06:07:38,113763,ptm_cycle_5,18109220,21560868,0
06:07:39,113763,ptm_cycle_5,18109220,21560868,0
06:07:40,113763,ptm_cycle_5,18109220,21560868,0
06:07:41,113763,ptm_cycle_5,18109220,21560868,0
06:07:42,113763,ptm_cycle_5,18109220,21560868,0
06:07:43,113763,ptm_cycle_5,18109220,21560868,0
06:07:44,113763,ptm_cycle_5,18109220,21560868,0
06:07:45,113763,ptm_cycle_5,18109220,21560868,0
06:07:46,113763,ptm_cycle_5,18109220,21560868,0
06:07:47,113763,ptm_cycle_5,18109220,21560868,0
06:07:48,113763,ptm_cycle_5,18109220,21560868,0
06:07:49,113763,ptm_cycle_5,18109220,21560868,0
06:07:50,113763,ptm_cycle_5,18109220,21560868,0
06:07:51,113763,ptm_cycle_5,18109220,21560868,0
06:07:52,113763,ptm_cycle_5,18109220,21560868,0
06:07:53,113763,ptm_cycle_5,18109220,21560868,0
06:07:54,113763,ptm_cycle_5,18109220,21560868,0
06:07:55,113763,ptm_cycle_5,18109220,21560868,0
06:07:56,113763,ptm_cycle_5,18109220,21560868,0
06:07:57,113763,ptm_cycle_5,18109220,21560868,0
06:07:58,113763,ptm_cycle_5,18109220,21560868,0
06:07:59,113763,ptm_cycle_5,18109220,21560868,0
06:08:00,113763,ptm_cycle_5,18109220,21560868,0
06:08:01,113763,ptm_cycle_5,18109220,21560868,0
06:08:02,113763,ptm_cycle_5,18109220,21560868,0
06:08:03,113763,ptm_cycle_5,18259920,21560868,0
06:08:04,113763,ptm_cycle_5,18266884,21560868,0
06:08:05,113763,ptm_cycle_5,18266884,21560868,0
06:08:06,113763,ptm_cycle_5,18266884,21560868,0
06:08:07,113763,ptm_cycle_5,18266884,21560868,0
06:08:08,113763,ptm_cycle_5,18266884,21560868,0
06:08:09,113763,ptm_cycle_5,18266884,21560868,0
06:08:10,113763,ptm_cycle_5,18266884,21560868,0
06:08:11,113763,ptm_cycle_5,18266884,21560868,0
06:08:12,113763,ptm_cycle_5,18266884,21560868,0
06:08:13,113763,ptm_cycle_5,18266884,21560868,0
06:08:14,113763,ptm_cycle_5,18266884,21560868,0
06:08:15,113763,ptm_cycle_5,18266884,21560868,0
06:08:16,113763,ptm_cycle_5,18887348,21560868,0
06:08:17,113763,ptm_cycle_5,22276892,22276892,0
06:08:18,113763,ptm_cycle_5,20893352,23518572,0
06:08:19,113763,ptm_cycle_5,18266884,23518572,0
06:08:20,113763,ptm_cycle_5,18266884,23518572,0
06:08:21,113763,ptm_cycle_5,16508720,23518572,0
06:08:22,113763,ptm_cycle_5,16512872,23518572,0
06:08:23,113763,ptm_cycle_5,17115016,23518572,0
06:08:24,113763,ptm_cycle_5,17418748,23518572,0
06:08:25,113763,ptm_cycle_5,17418748,23518572,0
06:08:26,113763,ptm_cycle_5,17418748,23518572,0
06:08:27,113763,ptm_cycle_5,17577500,23518572,0
06:08:28,113763,ptm_cycle_5,17777664,23518572,0
06:08:29,113763,ptm_cycle_5,17930084,23518572,0
06:08:30,113763,ptm_cycle_5,16514596,23518572,0
06:08:31,113763,ptm_cycle_5,17538608,23518572,0
06:08:32,113763,ptm_cycle_5,17921164,23518572,0
06:08:33,113763,ptm_cycle_5,18406600,23518572,0
06:08:34,113763,ptm_cycle_5,24494620,24494620,0
06:08:35,113763,ptm_cycle_5,29273648,29451036,0
06:08:36,113763,ptm_cycle_5,32077628,32077628,0
06:08:37,113763,ptm_cycle_5,35455552,35455552,0
06:08:38,113763,ptm_cycle_5,39279880,39292836,0
06:08:39,113763,ptm_cycle_5,41980756,41980756,0
06:08:40,113763,ptm_cycle_5,42925392,43062368,908088
06:08:41,113763,ptm_cycle_5,42756840,43062368,2088908
06:08:42,113763,ptm_cycle_5,42358412,43062368,3818256
06:08:44,113763,ptm_cycle_5,42128328,43062368,4799176
06:08:45,113763,ptm_cycle_5,42106564,43062368,6522200
06:08:46,113763,ptm_cycle_5,41873452,43062368,8519932
06:08:47,113763,ptm_cycle_5,41319248,43062368,9361068
06:08:48,113763,ptm_cycle_5,41720736,43062368,9448756
06:08:49,113763,ptm_cycle_5,41416088,43062368,10086264
06:08:50,113763,ptm_cycle_5,40440956,43062368,10181108
06:08:51,113763,ptm_cycle_5,40648716,43062368,9748280
06:08:52,113763,ptm_cycle_5,41385076,43062368,9363988
06:08:53,113763,ptm_cycle_5,41364396,43062368,9175124
06:08:54,113763,ptm_cycle_5,41524368,43062368,10520448
06:08:55,113763,ptm_cycle_5,41404876,43062368,11759100
06:08:56,113763,ptm_cycle_5,41228820,43062368,12916164
06:08:57,113763,ptm_cycle_5,40964272,43062368,13953852
06:08:58,113763,ptm_cycle_5,40674704,43062368,14801804
06:08:59,113763,ptm_cycle_5,40717816,43062368,15128168
06:09:00,113763,ptm_cycle_5,40682888,43062368,15664004
06:09:01,113763,ptm_cycle_5,40723552,43062368,15923920
06:09:02,113763,ptm_cycle_5,40523940,43062368,16681508
06:09:03,113763,ptm_cycle_5,40739648,43062368,16800492
06:09:04,113763,ptm_cycle_5,40266108,43062368,17135444
06:09:05,113763,ptm_cycle_5,40638832,43062368,17553112
06:09:07,113763,ptm_cycle_5,40426024,43062368,17628812
06:09:08,113763,ptm_cycle_5,40592588,43062368,17798024
06:09:09,113763,ptm_cycle_5,40551076,43062368,18041356
06:09:10,113763,ptm_cycle_5,40111352,43062368,18338692
06:09:11,113763,ptm_cycle_5,40023688,43062368,18334796
06:09:12,113763,ptm_cycle_5,40134376,43062368,18318572
06:09:13,113763,ptm_cycle_5,39926588,43062368,18313372
06:09:14,113763,ptm_cycle_5,40141864,43062368,18311108
06:09:15,113763,ptm_cycle_5,40067480,43062368,18172508
06:09:16,113763,ptm_cycle_5,40352416,43062368,18100584
06:09:17,113763,ptm_cycle_5,40212944,43062368,18027068
06:09:18,113763,ptm_cycle_5,40224476,43062368,18228532
06:09:19,113763,ptm_cycle_5,39954692,43062368,18178836
06:09:20,113763,ptm_cycle_5,40198788,43062368,18254260
06:09:21,113763,ptm_cycle_5,40058220,43062368,18105576
06:09:22,113763,ptm_cycle_5,40221576,43062368,18231504
06:09:23,113763,ptm_cycle_5,40224760,43062368,18228320
06:09:24,113763,ptm_cycle_5,40104080,43062368,18349008
06:09:25,113763,ptm_cycle_5,39719924,43062368,18307500
06:09:26,113763,ptm_cycle_5,40145928,43062368,18307496
06:09:27,113763,ptm_cycle_5,40147588,43062368,18306564
06:09:28,113763,ptm_cycle_5,40149036,43062368,18305148
06:09:29,113763,ptm_cycle_5,39724744,43062368,18303456
06:09:30,113763,ptm_cycle_5,40152752,43062368,18301544
06:09:31,113763,ptm_cycle_5,39787612,43062368,18293988
06:09:32,113763,ptm_cycle_5,40161712,43062368,18292716
06:09:33,113763,ptm_cycle_5,39998656,43062368,18242928
06:09:34,113763,ptm_cycle_5,40237408,43062368,18217704
06:09:35,113763,ptm_cycle_5,40263020,43062368,18313100
06:09:36,113763,ptm_cycle_5,40072160,43062368,18298276
06:09:37,113763,ptm_cycle_5,40246692,43062368,18560352
06:09:38,113763,ptm_cycle_5,40347904,43062368,18568612
06:09:39,113763,ptm_cycle_5,40200724,43062368,19015516
06:09:40,113763,ptm_cycle_5,40167536,43062368,18943864
06:09:41,113763,ptm_cycle_5,40784260,43062368,18577632
06:09:42,113763,ptm_cycle_5,40379588,43062368,18744584
06:09:43,113763,ptm_cycle_5,41070460,43062368,18632964
06:09:44,113763,ptm_cycle_5,40984728,43062368,18671880
06:09:45,113763,ptm_cycle_5,41127636,43062368,19081916
06:09:46,113763,ptm_cycle_5,41314532,43062368,19622472
06:09:47,113763,ptm_cycle_5,41082212,43062368,19803292
06:09:49,113763,ptm_cycle_5,40188864,43062368,19825800
06:09:50,113763,ptm_cycle_5,41129672,43062368,19925496
06:09:51,113763,ptm_cycle_5,40339372,43062368,19894752
06:09:52,113763,ptm_cycle_5,40673176,43062368,19989332
06:09:53,113763,ptm_cycle_5,41240632,43062368,20122700
06:09:54,113763,ptm_cycle_5,40439020,43062368,20225724
06:09:55,113763,ptm_cycle_5,40475024,43062368,20190012
06:09:56,113763,ptm_cycle_5,40269428,43062368,20183068
06:09:57,113763,ptm_cycle_5,40488460,43062368,20177972
06:09:58,113763,ptm_cycle_5,40490988,43062368,20175476
06:09:59,113763,ptm_cycle_5,40175132,43062368,20172008
06:10:00,113763,ptm_cycle_5,40496956,43062368,20169804
06:10:01,113763,ptm_cycle_5,40554444,43062368,20166852
06:10:02,113763,ptm_cycle_5,40124564,43062368,20165200
06:10:03,113763,ptm_cycle_5,40697940,43062368,19970352
06:10:04,113763,ptm_cycle_5,39957564,43062368,18682636
06:10:05,113763,ptm_cycle_5,36307352,43062368,17110268
06:10:06,113763,ptm_cycle_5,33049240,43062368,15488288
06:10:07,113763,ptm_cycle_5,29696232,43062368,14241456
06:10:08,113763,ptm_cycle_5,25320108,43062368,13207504
06:10:09,113763,ptm_cycle_5,24047644,43062368,12124412
06:10:10,113763,ptm_cycle_5,16724188,43062368,10667100
06:10:11,113763,ptm_cycle_5,17185356,43062368,9688560
06:10:12,113763,ptm_cycle_5,16503644,43062368,8608168
06:10:13,113763,ptm_cycle_5,17422360,43062368,7689448
06:10:14,113763,ptm_cycle_5,17815280,43062368,7172548
06:10:15,113763,ptm_cycle_5,17634396,43062368,6911940
06:10:16,113763,ptm_cycle_5,17385136,43062368,6835688
06:10:17,113763,ptm_cycle_5,17385144,43062368,6835676
06:10:18,113763,ptm_cycle_5,17385176,43062368,6835640
06:10:19,113763,ptm_cycle_5,17385176,43062368,6835640
06:10:20,113763,ptm_cycle_5,17385184,43062368,6835632
06:10:21,113763,ptm_cycle_5,17385184,43062368,6835632
06:10:22,113763,ptm_cycle_5,17385184,43062368,6835632
06:10:23,113763,ptm_cycle_5,17385184,43062368,6835632
06:10:24,113763,ptm_cycle_5,17385184,43062368,6835632
06:10:25,113763,ptm_cycle_5,17385184,43062368,6835632
06:10:26,113763,ptm_cycle_5,17385188,43062368,6835628
06:10:27,113763,ptm_cycle_5,17385188,43062368,6835628
06:10:28,113763,ptm_cycle_5,17385188,43062368,6835628
06:10:29,113763,ptm_cycle_5,17385188,43062368,6835628
06:10:30,113763,ptm_cycle_5,17385456,43062368,6835372
06:10:31,113763,ptm_cycle_5,17385444,43062368,6835372
06:10:32,113763,ptm_cycle_5,17385444,43062368,6835372
06:10:33,113763,ptm_cycle_5,17385444,43062368,6835372
06:10:34,113763,ptm_cycle_5,17385444,43062368,6835372
06:10:35,113763,ptm_cycle_5,17385444,43062368,6835372
06:10:36,113763,ptm_cycle_5,17385456,43062368,6835364
06:10:37,113763,ptm_cycle_5,17385456,43062368,6835364
06:10:38,113763,ptm_cycle_5,17385456,43062368,6835364
06:10:39,113763,ptm_cycle_5,17385456,43062368,6835364
06:10:40,113763,ptm_cycle_5,17385456,43062368,6835364
06:10:41,113763,ptm_cycle_5,17385464,43062368,6835356
06:10:42,113763,ptm_cycle_5,17385464,43062368,6835356
06:10:43,113763,ptm_cycle_5,17387736,43062368,6833084
06:10:44,113763,ptm_cycle_5,17387740,43062368,6833080
06:10:45,113763,ptm_cycle_5,17387740,43062368,6833080
06:10:46,113763,ptm_cycle_5,17387740,43062368,6833080
06:10:47,113763,ptm_cycle_5,17388224,43062368,6832596
06:10:48,113763,ptm_cycle_5,17388224,43062368,6832596
06:10:49,113763,ptm_cycle_5,17388224,43062368,6832596
06:10:50,113763,ptm_cycle_5,17388864,43062368,6831956
06:10:51,113763,ptm_cycle_5,17388864,43062368,6831956
06:10:52,113763,ptm_cycle_5,17388864,43062368,6831956
06:10:53,113763,ptm_cycle_5,17388864,43062368,6831956
06:10:54,113763,ptm_cycle_5,17388864,43062368,6831956
06:10:55,113763,ptm_cycle_5,17389512,43062368,6831308
06:10:56,113763,ptm_cycle_5,17389512,43062368,6831308
06:10:57,113763,ptm_cycle_5,17389516,43062368,6831304
06:10:58,113763,ptm_cycle_5,17389516,43062368,6831304
06:10:59,113763,ptm_cycle_5,17389524,43062368,6831296
06:11:00,113763,ptm_cycle_5,17389524,43062368,6831296
06:11:01,113763,ptm_cycle_5,17389524,43062368,6831296
06:11:02,113763,ptm_cycle_5,17389524,43062368,6831296
06:11:04,113763,ptm_cycle_5,17389892,43062368,6830928
06:11:05,113763,ptm_cycle_5,17389992,43062368,6830828
06:11:06,113763,ptm_cycle_5,17389992,43062368,6830828
06:11:07,113763,ptm_cycle_5,17390176,43062368,6830644
06:11:08,113763,ptm_cycle_5,17390176,43062368,6830644
06:11:09,113763,ptm_cycle_5,17390176,43062368,6830644
06:11:10,113763,ptm_cycle_5,17390488,43062368,6830332
06:11:11,113763,ptm_cycle_5,17390488,43062368,6830332
06:11:12,113763,ptm_cycle_5,17390488,43062368,6830332
06:11:13,113763,ptm_cycle_5,17390488,43062368,6830332
06:11:14,113763,ptm_cycle_5,17391196,43062368,6829624
06:11:15,113763,ptm_cycle_5,17391196,43062368,6829624
06:11:16,113763,ptm_cycle_5,17391196,43062368,6829624
06:11:17,113763,ptm_cycle_5,17391912,43062368,6828908
06:11:18,113763,ptm_cycle_5,17391912,43062368,6828908
06:11:19,113763,ptm_cycle_5,17391912,43062368,6828908
06:11:20,113763,ptm_cycle_5,17391912,43062368,6828908
06:11:21,113763,ptm_cycle_5,17391912,43062368,6828908
06:11:22,113763,ptm_cycle_5,17391912,43062368,6828908
06:11:23,113763,ptm_cycle_5,17391912,43062368,6828908
06:11:24,113763,ptm_cycle_5,17391912,43062368,6828908
06:11:25,113763,ptm_cycle_5,17391912,43062368,6828908
06:11:26,113763,ptm_cycle_5,17391912,43062368,6828908
06:11:27,113763,ptm_cycle_5,17391916,43062368,6828904
06:11:28,113763,ptm_cycle_5,17391920,43062368,6828900
06:11:29,113763,ptm_cycle_5,17391924,43062368,6828896
06:11:30,113763,ptm_cycle_5,17391928,43062368,6828892
06:11:31,113763,ptm_cycle_5,17391932,43062368,6828888
06:11:32,113763,ptm_cycle_5,17391932,43062368,6828888
06:11:33,113763,ptm_cycle_5,17392672,43062368,6828148
06:11:34,113763,ptm_cycle_5,17392672,43062368,6828148
06:11:35,113763,ptm_cycle_5,17392676,43062368,6828144
06:11:36,113763,ptm_cycle_5,17392704,43062368,6828116
06:11:37,113763,ptm_cycle_5,17392712,43062368,6828108
06:11:38,113763,ptm_cycle_5,17392716,43062368,6828104
06:11:39,113763,ptm_cycle_5,17392720,43062368,6828100
06:11:40,113763,ptm_cycle_5,17392720,43062368,6828100
06:11:41,113763,ptm_cycle_5,17392724,43062368,6828096
06:11:42,113763,ptm_cycle_5,17392980,43062368,6827840
06:11:43,113763,ptm_cycle_5,17392984,43062368,6827836
06:11:44,113763,ptm_cycle_5,17393004,43062368,6827816
06:11:45,113763,ptm_cycle_5,17393004,43062368,6827816
06:11:46,113763,ptm_cycle_5,17393008,43062368,6827812
06:11:47,113763,ptm_cycle_5,17393008,43062368,6827812
06:11:48,113763,ptm_cycle_5,17393012,43062368,6827808
06:11:49,113763,ptm_cycle_5,17393012,43062368,6827808
06:11:50,113763,ptm_cycle_5,17393016,43062368,6827804
06:11:51,113763,ptm_cycle_5,17393016,43062368,6827804
06:11:52,113763,ptm_cycle_5,17393020,43062368,6827800
06:11:53,113763,ptm_cycle_5,17393024,43062368,6827796
06:11:54,113763,ptm_cycle_5,17393024,43062368,6827796
06:11:55,113763,ptm_cycle_5,17393024,43062368,6827796
06:11:56,113763,ptm_cycle_5,17393024,43062368,6827796
06:11:57,113763,ptm_cycle_5,17393024,43062368,6827796
06:11:58,113763,ptm_cycle_5,17393024,43062368,6827796
06:11:59,113763,ptm_cycle_5,17393068,43062368,6827752
06:12:00,113763,ptm_cycle_5,17393076,43062368,6827744
06:12:01,113763,ptm_cycle_5,17393076,43062368,6827744
06:12:02,113763,ptm_cycle_5,17393076,43062368,6827744
06:12:03,113763,ptm_cycle_5,17393076,43062368,6827744
06:12:04,113763,ptm_cycle_5,17393868,43062368,6826952
06:12:05,113763,ptm_cycle_5,17393868,43062368,6826952
06:12:06,113763,ptm_cycle_5,17393868,43062368,6826952
06:12:07,113763,ptm_cycle_5,17394084,43062368,6826736
06:12:08,113763,ptm_cycle_5,17394084,43062368,6826736
06:12:09,113763,ptm_cycle_5,17394084,43062368,6826736
06:12:10,113763,ptm_cycle_5,17394084,43062368,6826736
06:12:11,113763,ptm_cycle_5,17394880,43062368,6825940
06:12:12,113763,ptm_cycle_5,17394880,43062368,6825940
06:12:13,113763,ptm_cycle_5,17395680,43062368,6825140
06:12:14,113763,ptm_cycle_5,17395680,43062368,6825140
06:12:15,113763,ptm_cycle_5,17395684,43062368,6825136
06:12:16,113763,ptm_cycle_5,17395684,43062368,6825136
06:12:17,113763,ptm_cycle_5,17395688,43062368,6825132
06:12:18,113763,ptm_cycle_5,17395688,43062368,6825132
06:12:19,113763,ptm_cycle_5,17395692,43062368,6825128
06:12:20,113763,ptm_cycle_5,17395692,43062368,6825128
06:12:21,113763,ptm_cycle_5,17395692,43062368,6825128
06:12:22,113763,ptm_cycle_5,17395728,43062368,6825092
06:12:23,113763,ptm_cycle_5,17395768,43062368,6825052
06:12:24,113763,ptm_cycle_5,17395852,43062368,6824968
06:12:25,113763,ptm_cycle_5,17396576,43062368,6824244
06:12:26,113763,ptm_cycle_5,17396576,43062368,6824244
06:12:27,113763,ptm_cycle_5,17396580,43062368,6824240
06:12:28,113763,ptm_cycle_5,17396580,43062368,6824240
06:12:29,113763,ptm_cycle_5,17396592,43062368,6824228
06:12:30,113763,ptm_cycle_5,17396592,43062368,6824228
06:12:31,113763,ptm_cycle_5,17396592,43062368,6824228
06:12:32,113763,ptm_cycle_5,17396592,43062368,6824228
06:12:33,113763,ptm_cycle_5,17396592,43062368,6824228
06:12:35,113763,ptm_cycle_5,17396592,43062368,6824228
06:12:36,113763,ptm_cycle_5,17396592,43062368,6824228
06:12:37,113763,ptm_cycle_5,17396648,43062368,6824172
06:12:38,113763,ptm_cycle_5,17396648,43062368,6824172
06:12:39,113763,ptm_cycle_5,17397768,43062368,6823052
06:12:40,113763,ptm_cycle_5,17397768,43062368,6823052
06:12:41,113763,ptm_cycle_5,17398056,43062368,6822764
06:12:42,113763,ptm_cycle_5,17398060,43062368,6822760
06:12:43,113763,ptm_cycle_5,17398060,43062368,6822760
06:12:44,113763,ptm_cycle_5,17398064,43062368,6822756
06:12:45,113763,ptm_cycle_5,17398068,43062368,6822752
06:12:46,113763,ptm_cycle_5,17398068,43062368,6822752
06:12:47,113763,ptm_cycle_5,17398072,43062368,6822748
06:12:48,113763,ptm_cycle_5,17398072,43062368,6822748
06:12:49,113763,ptm_cycle_5,17398084,43062368,6822736
06:12:50,113763,ptm_cycle_5,17398084,43062368,6822736
06:12:51,113763,ptm_cycle_5,17398136,43062368,6822684
06:12:52,113763,ptm_cycle_5,17398136,43062368,6822684
06:12:53,113763,ptm_cycle_5,17398140,43062368,6822680
06:12:54,113763,ptm_cycle_5,17398168,43062368,6822652
06:12:55,113763,ptm_cycle_5,17398224,43062368,6822596
06:12:56,113763,ptm_cycle_5,17398224,43062368,6822596
06:12:57,113763,ptm_cycle_5,17398228,43062368,6822592
06:12:58,113763,ptm_cycle_5,17398232,43062368,6822588
06:12:59,113763,ptm_cycle_5,17398232,43062368,6822588
06:13:00,113763,ptm_cycle_5,17398232,43062368,6822588
06:13:01,113763,ptm_cycle_5,17398236,43062368,6822584
06:13:02,113763,ptm_cycle_5,17398236,43062368,6822584
06:13:03,113763,ptm_cycle_5,17398240,43062368,6822580
06:13:04,113763,ptm_cycle_5,17398240,43062368,6822580
06:13:05,113763,ptm_cycle_5,17398244,43062368,6822576
06:13:06,113763,ptm_cycle_5,17398248,43062368,6822572
06:13:07,113763,ptm_cycle_5,17398248,43062368,6822572
06:13:08,113763,ptm_cycle_5,17399120,43062368,6821700
06:13:09,113763,ptm_cycle_5,17399200,43062368,6821620
06:13:10,113763,ptm_cycle_5,17399704,43062368,6821116
06:13:11,113763,ptm_cycle_5,17399704,43062368,6821116
06:13:12,113763,ptm_cycle_5,17399704,43062368,6821116
06:13:13,113763,ptm_cycle_5,17399704,43062368,6821116
06:13:14,113763,ptm_cycle_5,17399704,43062368,6821116
06:13:15,113763,ptm_cycle_5,17399704,43062368,6821116
06:13:16,113763,ptm_cycle_5,17399708,43062368,6821112
06:13:17,113763,ptm_cycle_5,17399708,43062368,6821112
06:13:18,113763,ptm_cycle_5,17399712,43062368,6821108
06:13:19,113763,ptm_cycle_5,17400212,43062368,6820608
06:13:20,113763,ptm_cycle_5,17400212,43062368,6820608
06:13:21,113763,ptm_cycle_5,17400216,43062368,6820604
06:13:22,113763,ptm_cycle_5,17400848,43062368,6819972
06:13:23,113763,ptm_cycle_5,17400848,43062368,6819972
06:13:24,113763,ptm_cycle_5,17401568,43062368,6819252
06:13:25,113763,ptm_cycle_5,17401992,43062368,6818828
06:13:26,113763,ptm_cycle_5,17401992,43062368,6818828
06:13:27,113763,ptm_cycle_5,17401992,43062368,6818828
06:13:28,113763,ptm_cycle_5,17401996,43062368,6818824
06:13:29,113763,ptm_cycle_5,17401996,43062368,6818824
06:13:30,113763,ptm_cycle_5,17401996,43062368,6818824
06:13:31,113763,ptm_cycle_5,17401996,43062368,6818824
06:13:32,113763,ptm_cycle_5,17402124,43062368,6818696
06:13:33,113763,ptm_cycle_5,17402124,43062368,6818696
06:13:34,113763,ptm_cycle_5,17402124,43062368,6818696
06:13:35,113763,ptm_cycle_5,17402124,43062368,6818696
06:13:36,113763,ptm_cycle_5,17402128,43062368,6818692
06:13:37,113763,ptm_cycle_5,17402128,43062368,6818692
06:13:38,113763,ptm_cycle_5,17402128,43062368,6818692
06:13:39,113763,ptm_cycle_5,17402128,43062368,6818692
06:13:40,113763,ptm_cycle_5,17402128,43062368,6818692
06:13:41,113763,ptm_cycle_5,17402128,43062368,6818692
06:13:42,113763,ptm_cycle_5,17402128,43062368,6818692
06:13:43,113763,ptm_cycle_5,17402128,43062368,6818692
06:13:44,113763,ptm_cycle_5,17402128,43062368,6818692
06:13:45,113763,ptm_cycle_5,17402128,43062368,6818692
06:13:46,113763,ptm_cycle_5,17402128,43062368,6818692
06:13:47,113763,ptm_cycle_5,17402128,43062368,6818692
06:13:48,113763,ptm_cycle_5,17402128,43062368,6818692
06:13:49,113763,ptm_cycle_5,17402128,43062368,6818692
06:13:50,113763,ptm_cycle_5,17402128,43062368,6818692
06:13:51,113763,ptm_cycle_5,17402128,43062368,6818692
06:13:52,113763,ptm_cycle_5,17402128,43062368,6818692
06:13:53,113763,ptm_cycle_5,17402128,43062368,6818692
06:13:54,113763,ptm_cycle_5,17402128,43062368,6818692
06:13:55,113763,ptm_cycle_5,17402128,43062368,6818692
06:13:56,113763,ptm_cycle_5,17402128,43062368,6818692
06:13:57,113763,ptm_cycle_5,17402128,43062368,6818692
06:13:58,113763,ptm_cycle_5,17402128,43062368,6818692
06:13:59,113763,ptm_cycle_5,17402128,43062368,6818692
06:14:00,113763,ptm_cycle_5,17402128,43062368,6818692
06:14:01,113763,ptm_cycle_5,17402216,43062368,6818604
06:14:02,113763,ptm_cycle_5,17402216,43062368,6818604
06:14:03,113763,ptm_cycle_5,17402216,43062368,6818604
06:14:04,113763,ptm_cycle_5,17402216,43062368,6818604
06:14:06,113763,ptm_cycle_5,17402216,43062368,6818604
06:14:07,113763,ptm_cycle_5,17402220,43062368,6818600
06:14:08,113763,ptm_cycle_5,17402220,43062368,6818600
06:14:09,113763,ptm_cycle_5,17402220,43062368,6818600
06:14:10,113763,ptm_cycle_5,17402228,43062368,6818592
06:14:11,113763,ptm_cycle_5,17402228,43062368,6818592
06:14:12,113763,ptm_cycle_5,17402228,43062368,6818592
06:14:13,113763,ptm_cycle_5,17402228,43062368,6818592
06:14:14,113763,ptm_cycle_5,17402232,43062368,6818588
06:14:15,113763,ptm_cycle_5,17402232,43062368,6818588
06:14:16,113763,ptm_cycle_5,17402232,43062368,6818588
06:14:17,113763,ptm_cycle_5,17402232,43062368,6818588
06:14:18,113763,ptm_cycle_5,17402236,43062368,6818584
06:14:19,113763,ptm_cycle_5,17402236,43062368,6818584
06:14:20,113763,ptm_cycle_5,17402236,43062368,6818584
06:14:21,113763,ptm_cycle_5,17402240,43062368,6818580
06:14:22,113763,ptm_cycle_5,17402240,43062368,6818580
06:14:23,113763,ptm_cycle_5,17402240,43062368,6818580
06:14:24,113763,ptm_cycle_5,17402244,43062368,6818576
06:14:25,113763,ptm_cycle_5,17402244,43062368,6818576
06:14:26,113763,ptm_cycle_5,17402244,43062368,6818576
06:14:27,113763,ptm_cycle_5,17402244,43062368,6818576
06:14:28,113763,ptm_cycle_5,17402332,43062368,6818488
06:14:29,113763,ptm_cycle_5,17402332,43062368,6818488
06:14:30,113763,ptm_cycle_5,17402332,43062368,6818488
06:14:31,113763,ptm_cycle_5,17402332,43062368,6818488
06:14:32,113763,ptm_cycle_5,17402392,43062368,6818428
06:14:33,113763,ptm_cycle_5,17402392,43062368,6818428
06:14:34,113763,ptm_cycle_5,17402416,43062368,6818404
06:14:35,113763,ptm_cycle_5,17402416,43062368,6818404
06:14:36,113763,ptm_cycle_5,17402416,43062368,6818404
06:14:37,113763,ptm_cycle_5,17402416,43062368,6818404
06:14:38,113763,ptm_cycle_5,17402416,43062368,6818404
06:14:39,113763,ptm_cycle_5,17402416,43062368,6818404
06:14:40,113763,ptm_cycle_5,17402416,43062368,6818404
06:14:41,113763,ptm_cycle_5,17402416,43062368,6818404
06:14:42,113763,ptm_cycle_5,17403304,43062368,6817516
06:14:43,113763,ptm_cycle_5,17403304,43062368,6817516
06:14:44,113763,ptm_cycle_5,17403304,43062368,6817516
06:14:45,113763,ptm_cycle_5,17403308,43062368,6817512
06:14:46,113763,ptm_cycle_5,17403308,43062368,6817512
06:14:47,113763,ptm_cycle_5,17403316,43062368,6817504
06:14:48,113763,ptm_cycle_5,17403316,43062368,6817504
06:14:49,113763,ptm_cycle_5,17403320,43062368,6817500
06:14:50,113763,ptm_cycle_5,17403320,43062368,6817500
06:14:51,113763,ptm_cycle_5,17403328,43062368,6817492
06:14:52,113763,ptm_cycle_5,17403616,43062368,6817204
06:14:53,113763,ptm_cycle_5,17403616,43062368,6817204
06:14:54,113763,ptm_cycle_5,17404596,43062368,6816224
06:14:55,113763,ptm_cycle_5,17404596,43062368,6816224
06:14:56,113763,ptm_cycle_5,17404596,43062368,6816224
06:14:57,113763,ptm_cycle_5,17405616,43062368,6815204
06:14:58,113763,ptm_cycle_5,17405620,43062368,6815200
06:14:59,113763,ptm_cycle_5,17405620,43062368,6815200
06:15:00,113763,ptm_cycle_5,17405624,43062368,6815196
06:15:01,113763,ptm_cycle_5,17405624,43062368,6815196
06:15:02,113763,ptm_cycle_5,17405624,43062368,6815196
06:15:03,113763,ptm_cycle_5,17405628,43062368,6815192
06:15:04,113763,ptm_cycle_5,17405628,43062368,6815192
06:15:05,113763,ptm_cycle_5,17405652,43062368,6815168
06:15:06,113763,ptm_cycle_5,17405652,43062368,6815168
06:15:07,113763,ptm_cycle_5,17405652,43062368,6815168
06:15:08,113763,ptm_cycle_5,17405656,43062368,6815164
06:15:09,113763,ptm_cycle_5,17405656,43062368,6815164
06:15:10,113763,ptm_cycle_5,17405656,43062368,6815164
06:15:11,113763,ptm_cycle_5,17405656,43062368,6815164
06:15:12,113763,ptm_cycle_5,17405660,43062368,6815160
06:15:13,113763,ptm_cycle_5,17405660,43062368,6815160
06:15:14,113763,ptm_cycle_5,17405660,43062368,6815160
06:15:15,113763,ptm_cycle_5,17405664,43062368,6815156
06:15:16,113763,ptm_cycle_5,17405664,43062368,6815156
06:15:17,113763,ptm_cycle_5,17405664,43062368,6815156
06:15:18,113763,ptm_cycle_5,17405664,43062368,6815156
06:15:19,113763,ptm_cycle_5,17405668,43062368,6815152
06:15:20,113763,ptm_cycle_5,17405668,43062368,6815152
06:15:21,113763,ptm_cycle_5,17405668,43062368,6815152
06:15:22,113763,ptm_cycle_5,17405668,43062368,6815152
06:15:23,113763,ptm_cycle_5,17405668,43062368,6815152
06:15:24,113763,ptm_cycle_5,17405672,43062368,6815148
06:15:25,113763,ptm_cycle_5,17405672,43062368,6815148
06:15:26,113763,ptm_cycle_5,17405672,43062368,6815148
06:15:27,113763,ptm_cycle_5,17405672,43062368,6815148
06:15:28,113763,ptm_cycle_5,17405672,43062368,6815148
06:15:29,113763,ptm_cycle_5,17405672,43062368,6815148
06:15:30,113763,ptm_cycle_5,17405672,43062368,6815148
06:15:31,113763,ptm_cycle_5,17405672,43062368,6815148
06:15:32,113763,ptm_cycle_5,17405672,43062368,6815148
06:15:33,113763,ptm_cycle_5,17405672,43062368,6815148
06:15:34,113763,ptm_cycle_5,17405672,43062368,6815148
06:15:35,113763,ptm_cycle_5,17405700,43062368,6815120
06:15:37,113763,ptm_cycle_5,17405700,43062368,6815120
06:15:38,113763,ptm_cycle_5,17405700,43062368,6815120
06:15:39,113763,ptm_cycle_5,17406628,43062368,6814192
06:15:40,113763,ptm_cycle_5,17406628,43062368,6814192
06:15:41,113763,ptm_cycle_5,17406632,43062368,6814188
06:15:42,113763,ptm_cycle_5,17406632,43062368,6814188
06:15:43,113763,ptm_cycle_5,17406632,43062368,6814188
06:15:44,113763,ptm_cycle_5,17406632,43062368,6814188
06:15:45,113763,ptm_cycle_5,17406636,43062368,6814184
06:15:46,113763,ptm_cycle_5,17406636,43062368,6814184
06:15:47,113763,ptm_cycle_5,17406636,43062368,6814184
06:15:48,113763,ptm_cycle_5,17406644,43062368,6814176
06:15:49,113763,ptm_cycle_5,17406644,43062368,6814176
06:15:50,113763,ptm_cycle_5,17406644,43062368,6814176
06:15:51,113763,ptm_cycle_5,17406644,43062368,6814176
06:15:52,113763,ptm_cycle_5,17406652,43062368,6814168
06:15:53,113763,ptm_cycle_5,17406652,43062368,6814168
06:15:54,113763,ptm_cycle_5,17406652,43062368,6814168
06:15:55,113763,ptm_cycle_5,17406652,43062368,6814168
06:15:56,113763,ptm_cycle_5,17406652,43062368,6814168
06:15:57,113763,ptm_cycle_5,17406660,43062368,6814160
06:15:58,113763,ptm_cycle_5,17406660,43062368,6814160
06:15:59,113763,ptm_cycle_5,17406660,43062368,6814160
06:16:00,113763,ptm_cycle_5,17406660,43062368,6814160
06:16:01,113763,ptm_cycle_5,17406668,43062368,6814152
06:16:02,113763,ptm_cycle_5,17406668,43062368,6814152
06:16:03,113763,ptm_cycle_5,17406668,43062368,6814152
06:16:04,113763,ptm_cycle_5,17406672,43062368,6814148
06:16:05,113763,ptm_cycle_5,17406672,43062368,6814148
06:16:06,113763,ptm_cycle_5,17406672,43062368,6814148
06:16:07,113763,ptm_cycle_5,17406672,43062368,6814148
06:16:08,113763,ptm_cycle_5,17407692,43062368,6813128
06:16:09,113763,ptm_cycle_5,17407696,43062368,6813124
06:16:10,113763,ptm_cycle_5,17407696,43062368,6813124
06:16:11,113763,ptm_cycle_5,17407696,43062368,6813124
06:16:12,113763,ptm_cycle_5,17407696,43062368,6813124
06:16:13,113763,ptm_cycle_5,17407700,43062368,6813120
06:16:14,113763,ptm_cycle_5,17407700,43062368,6813120
06:16:15,113763,ptm_cycle_5,17407700,43062368,6813120
06:16:16,113763,ptm_cycle_5,17407700,43062368,6813120
06:16:17,113763,ptm_cycle_5,17407700,43062368,6813120
06:16:18,113763,ptm_cycle_5,17407700,43062368,6813120
06:16:19,113763,ptm_cycle_5,17407700,43062368,6813120
06:16:20,113763,ptm_cycle_5,17407700,43062368,6813120
06:16:21,113763,ptm_cycle_5,17407704,43062368,6813116
06:16:22,113763,ptm_cycle_5,17407704,43062368,6813116
06:16:23,113763,ptm_cycle_5,17407704,43062368,6813116
06:16:24,113763,ptm_cycle_5,17407704,43062368,6813116
06:16:25,113763,ptm_cycle_5,17407704,43062368,6813116
06:16:26,113763,ptm_cycle_5,17407704,43062368,6813116
06:16:27,113763,ptm_cycle_5,17407764,43062368,6813056
06:16:28,113763,ptm_cycle_5,17407764,43062368,6813056
06:16:29,113763,ptm_cycle_5,17407772,43062368,6813048
06:16:30,113763,ptm_cycle_5,17407772,43062368,6813048
06:16:31,113763,ptm_cycle_5,17407772,43062368,6813048
06:16:32,113763,ptm_cycle_5,17407772,43062368,6813048
06:16:33,113763,ptm_cycle_5,17408404,43062368,6812416
06:16:34,113763,ptm_cycle_5,17408444,43062368,6812376
06:16:35,113763,ptm_cycle_5,17408456,43062368,6812364
06:16:36,113763,ptm_cycle_5,17408456,43062368,6812364
06:16:37,113763,ptm_cycle_5,17408464,43062368,6812356
06:16:38,113763,ptm_cycle_5,17408464,43062368,6812356
06:16:39,113763,ptm_cycle_5,17408464,43062368,6812356
06:16:40,113763,ptm_cycle_5,17408468,43062368,6812352
06:16:41,113763,ptm_cycle_5,17408472,43062368,6812348
06:16:42,113763,ptm_cycle_5,17408472,43062368,6812348
06:16:43,113763,ptm_cycle_5,17408472,43062368,6812348
06:16:44,113763,ptm_cycle_5,17408472,43062368,6812348
06:16:45,113763,ptm_cycle_5,17408476,43062368,6812344
06:16:46,113763,ptm_cycle_5,17408480,43062368,6812340
06:16:47,113763,ptm_cycle_5,17408480,43062368,6812340
06:16:48,113763,ptm_cycle_5,17408480,43062368,6812340
06:16:49,113763,ptm_cycle_5,17408488,43062368,6812332
06:16:50,113763,ptm_cycle_5,17408488,43062368,6812332
06:16:51,113763,ptm_cycle_5,17408488,43062368,6812332
06:16:52,113763,ptm_cycle_5,17408488,43062368,6812332
06:16:53,113763,ptm_cycle_5,17408488,43062368,6812332
06:16:54,113763,ptm_cycle_5,17408492,43062368,6812328
06:16:55,113763,ptm_cycle_5,17408492,43062368,6812328
06:16:56,113763,ptm_cycle_5,17408492,43062368,6812328
06:16:57,113763,ptm_cycle_5,17408492,43062368,6812328
06:16:58,113763,ptm_cycle_5,17408496,43062368,6812324
06:16:59,113763,ptm_cycle_5,17408496,43062368,6812324
06:17:00,113763,ptm_cycle_5,17408496,43062368,6812324
06:17:01,113763,ptm_cycle_5,17408496,43062368,6812324
06:17:02,113763,ptm_cycle_5,17408496,43062368,6812324
06:17:03,113763,ptm_cycle_5,17408496,43062368,6812324
06:17:04,113763,ptm_cycle_5,17408496,43062368,6812324
06:17:05,113763,ptm_cycle_5,17408496,43062368,6812324
06:17:06,113763,ptm_cycle_5,17408496,43062368,6812324
06:17:08,113763,ptm_cycle_5,17409504,43062368,6811316
06:17:09,113763,ptm_cycle_5,17409504,43062368,6811316
06:17:10,113763,ptm_cycle_5,17409504,43062368,6811316
06:17:11,113763,ptm_cycle_5,17409504,43062368,6811316
06:17:12,113763,ptm_cycle_5,17409644,43062368,6811176
06:17:13,113763,ptm_cycle_5,17409644,43062368,6811176
06:17:14,113763,ptm_cycle_5,17409648,43062368,6811172
06:17:15,113763,ptm_cycle_5,17409656,43062368,6811164
06:17:16,113763,ptm_cycle_5,17409656,43062368,6811164
06:17:17,113763,ptm_cycle_5,17409656,43062368,6811164
06:17:18,113763,ptm_cycle_5,17409656,43062368,6811164
06:17:19,113763,ptm_cycle_5,17409660,43062368,6811160
06:17:20,113763,ptm_cycle_5,17409660,43062368,6811160
06:17:21,113763,ptm_cycle_5,17409660,43062368,6811160
06:17:22,113763,ptm_cycle_5,17409660,43062368,6811160
06:17:23,113763,ptm_cycle_5,17409660,43062368,6811160
06:17:24,113763,ptm_cycle_5,17409660,43062368,6811160
06:17:25,113763,ptm_cycle_5,17409672,43062368,6811148
06:17:26,113763,ptm_cycle_5,17409672,43062368,6811148
06:17:27,113763,ptm_cycle_5,17409980,43062368,6810840
06:17:28,113763,ptm_cycle_5,17409984,43062368,6810836
06:17:29,113763,ptm_cycle_5,17409984,43062368,6810836
06:17:30,113763,ptm_cycle_5,17409984,43062368,6810836
06:17:31,113763,ptm_cycle_5,17409984,43062368,6810836
06:17:32,113763,ptm_cycle_5,17409992,43062368,6810828
06:17:33,113763,ptm_cycle_5,17409992,43062368,6810828
06:17:34,113763,ptm_cycle_5,17409992,43062368,6810828
06:17:35,113763,ptm_cycle_5,17409992,43062368,6810828
06:17:36,113763,ptm_cycle_5,17409992,43062368,6810828
06:17:37,113763,ptm_cycle_5,17410000,43062368,6810820
06:17:38,113763,ptm_cycle_5,17410000,43062368,6810820
06:17:39,113763,ptm_cycle_5,17410000,43062368,6810820
06:17:40,113763,ptm_cycle_5,17410004,43062368,6810816
06:17:41,113763,ptm_cycle_5,17410004,43062368,6810816
06:17:42,113763,ptm_cycle_5,17410004,43062368,6810816
06:17:43,113763,ptm_cycle_5,17410004,43062368,6810816
06:17:44,113763,ptm_cycle_5,17410256,43062368,6810564
06:17:45,113763,ptm_cycle_5,17410256,43062368,6810564
06:17:46,113763,ptm_cycle_5,17410256,43062368,6810564
06:17:47,113763,ptm_cycle_5,17410256,43062368,6810564
06:17:48,113763,ptm_cycle_5,17410452,43062368,6810368
06:17:49,113763,ptm_cycle_5,17410456,43062368,6810364
06:17:50,113763,ptm_cycle_5,17410456,43062368,6810364
06:17:51,113763,ptm_cycle_5,17410456,43062368,6810364
06:17:52,113763,ptm_cycle_5,17410456,43062368,6810364
06:17:53,113763,ptm_cycle_5,17410460,43062368,6810360
06:17:54,113763,ptm_cycle_5,17410460,43062368,6810360
06:17:55,113763,ptm_cycle_5,17410460,43062368,6810360
06:17:56,113763,ptm_cycle_5,17410460,43062368,6810360
06:17:57,113763,ptm_cycle_5,17410464,43062368,6810356
06:17:58,113763,ptm_cycle_5,17410464,43062368,6810356
06:17:59,113763,ptm_cycle_5,17410464,43062368,6810356
06:18:00,113763,ptm_cycle_5,17410464,43062368,6810356
06:18:01,113763,ptm_cycle_5,17411220,43062368,6809600
06:18:02,113763,ptm_cycle_5,17411220,43062368,6809600
06:18:03,113763,ptm_cycle_5,17411248,43062368,6809572
06:18:04,113763,ptm_cycle_5,17411248,43062368,6809572
06:18:05,113763,ptm_cycle_5,17411392,43062368,6809428
06:18:06,113763,ptm_cycle_5,17411392,43062368,6809428
06:18:07,113763,ptm_cycle_5,17411392,43062368,6809428
06:18:08,113763,ptm_cycle_5,17411392,43062368,6809428
06:18:09,113763,ptm_cycle_5,17411392,43062368,6809428
06:18:10,113763,ptm_cycle_5,17411392,43062368,6809428
06:18:11,113763,ptm_cycle_5,17411392,43062368,6809428
06:18:12,113763,ptm_cycle_5,17411392,43062368,6809428
06:18:13,113763,ptm_cycle_5,17411392,43062368,6809428
06:18:14,113763,ptm_cycle_5,17411392,43062368,6809428
06:18:15,113763,ptm_cycle_5,17411392,43062368,6809428
06:18:16,113763,ptm_cycle_5,17411392,43062368,6809428
06:18:17,113763,ptm_cycle_5,17411392,43062368,6809428
06:18:18,113763,ptm_cycle_5,17411400,43062368,6809420
06:18:19,113763,ptm_cycle_5,17411400,43062368,6809420
06:18:20,113763,ptm_cycle_5,17411400,43062368,6809420
06:18:21,113763,ptm_cycle_5,17411400,43062368,6809420
06:18:22,113763,ptm_cycle_5,17411408,43062368,6809412
06:18:23,113763,ptm_cycle_5,17411408,43062368,6809412
06:18:24,113763,ptm_cycle_5,17411408,43062368,6809412
06:18:25,113763,ptm_cycle_5,17411408,43062368,6809412
06:18:26,113763,ptm_cycle_5,17411412,43062368,6809408
06:18:27,113763,ptm_cycle_5,17411416,43062368,6809404
06:18:28,113763,ptm_cycle_5,17411416,43062368,6809404
06:18:29,113763,ptm_cycle_5,17411420,43062368,6809400
06:18:30,113763,ptm_cycle_5,17411424,43062368,6809396
06:18:31,113763,ptm_cycle_5,17411424,43062368,6809396
06:18:32,113763,ptm_cycle_5,17411424,43062368,6809396
06:18:33,113763,ptm_cycle_5,17411424,43062368,6809396
06:18:34,113763,ptm_cycle_5,17411424,43062368,6809396
06:18:35,113763,ptm_cycle_5,17411428,43062368,6809392
06:18:36,113763,ptm_cycle_5,17411428,43062368,6809392
06:18:37,113763,ptm_cycle_5,17411428,43062368,6809392
06:18:39,113763,ptm_cycle_5,17411428,43062368,6809392
06:18:40,113763,ptm_cycle_5,17411432,43062368,6809388
06:18:41,113763,ptm_cycle_5,17411432,43062368,6809388
06:18:42,113763,ptm_cycle_5,17411432,43062368,6809388
06:18:43,113763,ptm_cycle_5,17411432,43062368,6809388
06:18:44,113763,ptm_cycle_5,17411436,43062368,6809384
06:18:45,113763,ptm_cycle_5,17411436,43062368,6809384
06:18:46,113763,ptm_cycle_5,17411436,43062368,6809384
06:18:47,113763,ptm_cycle_5,17411436,43062368,6809384
06:18:48,113763,ptm_cycle_5,17411440,43062368,6809380
06:18:49,113763,ptm_cycle_5,17411444,43062368,6809376
06:18:50,113763,ptm_cycle_5,17411444,43062368,6809376
06:18:51,113763,ptm_cycle_5,17411444,43062368,6809376
06:18:52,113763,ptm_cycle_5,17411444,43062368,6809376
06:18:53,113763,ptm_cycle_5,17411444,43062368,6809376
06:18:54,113763,ptm_cycle_5,17411444,43062368,6809376
06:18:55,113763,ptm_cycle_5,17411444,43062368,6809376
06:18:56,113763,ptm_cycle_5,17411444,43062368,6809376
06:18:57,113763,ptm_cycle_5,17411864,43062368,6809000
06:18:58,113763,ptm_cycle_5,17411864,43062368,6809000
06:18:59,113763,ptm_cycle_5,17411864,43062368,6809000
06:19:00,113763,ptm_cycle_5,17411864,43062368,6809000
06:19:01,113763,ptm_cycle_5,17411868,43062368,6808996
06:19:02,113763,ptm_cycle_5,17411868,43062368,6808996
06:19:03,113763,ptm_cycle_5,17411868,43062368,6808996
06:19:04,113763,ptm_cycle_5,17411872,43062368,6808992
06:19:05,113763,ptm_cycle_5,17411872,43062368,6808992
06:19:06,113763,ptm_cycle_5,17411872,43062368,6808992
06:19:07,113763,ptm_cycle_5,17411872,43062368,6808992
06:19:08,113763,ptm_cycle_5,17411872,43062368,6808992
06:19:09,113763,ptm_cycle_5,17411872,43062368,6808992
06:19:10,113763,ptm_cycle_5,17411872,43062368,6808992
06:19:11,113763,ptm_cycle_5,17412000,43062368,6808864
06:19:12,113763,ptm_cycle_5,17412000,43062368,6808864
06:19:13,113763,ptm_cycle_5,17412004,43062368,6808860
06:19:14,113763,ptm_cycle_5,17412008,43062368,6808856
06:19:15,113763,ptm_cycle_5,17412008,43062368,6808856
06:19:16,113763,ptm_cycle_5,17412008,43062368,6808856
06:19:17,113763,ptm_cycle_5,17412176,43062368,6808688
06:19:18,113763,ptm_cycle_5,17412176,43062368,6808688
06:19:19,113763,ptm_cycle_5,17412176,43062368,6808688
06:19:20,113763,ptm_cycle_5,17412176,43062368,6808688
06:19:21,113763,ptm_cycle_5,17412176,43062368,6808688
06:19:22,113763,ptm_cycle_5,17412180,43062368,6808684
06:19:23,113763,ptm_cycle_5,17413132,43062368,6807732
06:19:24,113763,ptm_cycle_5,17413132,43062368,6807732
06:19:25,113763,ptm_cycle_5,17413132,43062368,6807732
06:19:26,113763,ptm_cycle_5,17413132,43062368,6807732
06:19:27,113763,ptm_cycle_5,17413136,43062368,6807728
06:19:28,113763,ptm_cycle_5,17413136,43062368,6807728
06:19:29,113763,ptm_cycle_5,17413136,43062368,6807728
06:19:30,113763,ptm_cycle_5,17413140,43062368,6807724
06:19:31,113763,ptm_cycle_5,17413140,43062368,6807724
06:19:32,113763,ptm_cycle_5,17413140,43062368,6807724
06:19:33,113763,ptm_cycle_5,17413140,43062368,6807724
06:19:34,113763,ptm_cycle_5,17413140,43062368,6807724
06:19:35,113763,ptm_cycle_5,17413152,43062368,6807712
06:19:36,113763,ptm_cycle_5,17413152,43062368,6807712
06:19:37,113763,ptm_cycle_5,17413152,43062368,6807712
06:19:38,113763,ptm_cycle_5,17413152,43062368,6807712
06:19:39,113763,ptm_cycle_5,17413156,43062368,6807708
06:19:40,113763,ptm_cycle_5,17413156,43062368,6807708
06:19:41,113763,ptm_cycle_5,17413156,43062368,6807708
06:19:42,113763,ptm_cycle_5,17413156,43062368,6807708
06:19:43,113763,ptm_cycle_5,17413156,43062368,6807708
06:19:44,113763,ptm_cycle_5,17413160,43062368,6807704
06:19:45,113763,ptm_cycle_5,17413160,43062368,6807704
06:19:46,113763,ptm_cycle_5,17413160,43062368,6807704
06:19:47,113763,ptm_cycle_5,17413164,43062368,6807700
06:19:48,113763,ptm_cycle_5,17413164,43062368,6807700
06:19:49,113763,ptm_cycle_5,17413164,43062368,6807700
06:19:50,113763,ptm_cycle_5,17413164,43062368,6807700
06:19:51,113763,ptm_cycle_5,17413164,43062368,6807700
06:19:52,113763,ptm_cycle_5,17413164,43062368,6807700
06:19:53,113763,ptm_cycle_5,17413168,43062368,6807696
06:19:54,113763,ptm_cycle_5,17413168,43062368,6807696
06:19:55,113763,ptm_cycle_5,17413168,43062368,6807696
06:19:56,113763,ptm_cycle_5,17413168,43062368,6807696
06:19:57,113763,ptm_cycle_5,17413168,43062368,6807696
06:19:58,113763,ptm_cycle_5,17413168,43062368,6807696
06:19:59,113763,ptm_cycle_5,17413168,43062368,6807696
06:20:00,113763,ptm_cycle_5,17413168,43062368,6807696
06:20:01,113763,ptm_cycle_5,17413168,43062368,6807696
06:20:02,113763,ptm_cycle_5,17413168,43062368,6807696
06:20:03,113763,ptm_cycle_5,17413740,43062368,6807124
06:20:04,113763,ptm_cycle_5,17414028,43062368,6806836
06:20:05,113763,ptm_cycle_5,17414028,43062368,6806836
06:20:06,113763,ptm_cycle_5,17414028,43062368,6806836
06:20:07,113763,ptm_cycle_5,17414028,43062368,6806836
06:20:08,113763,ptm_cycle_5,17414028,43062368,6806836
06:20:10,113763,ptm_cycle_5,17414028,43062368,6806836
06:20:11,113763,ptm_cycle_5,17414028,43062368,6806836
06:20:12,113763,ptm_cycle_5,17414028,43062368,6806836
06:20:13,113763,ptm_cycle_5,17414028,43062368,6806836
06:20:14,113763,ptm_cycle_5,17414028,43062368,6806836
06:20:15,113763,ptm_cycle_5,17414028,43062368,6806836
06:20:16,113763,ptm_cycle_5,17414028,43062368,6806836
06:20:17,113763,ptm_cycle_5,17414028,43062368,6806836
06:20:18,113763,ptm_cycle_5,17414028,43062368,6806836
06:20:19,113763,ptm_cycle_5,17414032,43062368,6806832
06:20:20,113763,ptm_cycle_5,17414032,43062368,6806832
06:20:21,113763,ptm_cycle_5,17414032,43062368,6806832
06:20:22,113763,ptm_cycle_5,17414032,43062368,6806832
06:20:23,113763,ptm_cycle_5,17414056,43062368,6806808
06:20:24,113763,ptm_cycle_5,17414056,43062368,6806808
06:20:25,113763,ptm_cycle_5,17414056,43062368,6806808
06:20:26,113763,ptm_cycle_5,17414060,43062368,6806804
06:20:27,113763,ptm_cycle_5,17414060,43062368,6806804
06:20:28,113763,ptm_cycle_5,17414060,43062368,6806804
06:20:29,113763,ptm_cycle_5,17414060,43062368,6806804
06:20:30,113763,ptm_cycle_5,17414060,43062368,6806804
06:20:31,113763,ptm_cycle_5,17414064,43062368,6806800
06:20:32,113763,ptm_cycle_5,17414064,43062368,6806800
06:20:33,113763,ptm_cycle_5,17414064,43062368,6806800
06:20:34,113763,ptm_cycle_5,17414064,43062368,6806800
06:20:35,113763,ptm_cycle_5,17414064,43062368,6806800
06:20:36,113763,ptm_cycle_5,17414064,43062368,6806800
06:20:37,113763,ptm_cycle_5,17414108,43062368,6806756
06:20:38,113763,ptm_cycle_5,17414112,43062368,6806752
06:20:39,113763,ptm_cycle_5,17414112,43062368,6806752
06:20:40,113763,ptm_cycle_5,17414112,43062368,6806752
06:20:41,113763,ptm_cycle_5,17414112,43062368,6806752
06:20:42,113763,ptm_cycle_5,17414132,43062368,6806732
06:20:43,113763,ptm_cycle_5,17414132,43062368,6806732
06:20:44,113763,ptm_cycle_5,17414136,43062368,6806728
06:20:45,113763,ptm_cycle_5,17414136,43062368,6806728
06:20:46,113763,ptm_cycle_5,17414136,43062368,6806728
06:20:47,113763,ptm_cycle_5,17414136,43062368,6806728
06:20:48,113763,ptm_cycle_5,17414136,43062368,6806728
06:20:49,113763,ptm_cycle_5,17414136,43062368,6806728
06:20:50,113763,ptm_cycle_5,17414136,43062368,6806728
06:20:51,113763,ptm_cycle_5,17414140,43062368,6806724
06:20:52,113763,ptm_cycle_5,17414140,43062368,6806724
06:20:53,113763,ptm_cycle_5,17414140,43062368,6806724
06:20:54,113763,ptm_cycle_5,17414140,43062368,6806724
06:20:55,113763,ptm_cycle_5,17414144,43062368,6806720
06:20:56,113763,ptm_cycle_5,17414144,43062368,6806720
06:20:57,113763,ptm_cycle_5,17414144,43062368,6806720
06:20:58,113763,ptm_cycle_5,17414144,43062368,6806720
06:20:59,113763,ptm_cycle_5,17414144,43062368,6806720
06:21:00,113763,ptm_cycle_5,17414144,43062368,6806720
06:21:01,113763,ptm_cycle_5,17414144,43062368,6806720
06:21:02,113763,ptm_cycle_5,17414144,43062368,6806720
06:21:03,113763,ptm_cycle_5,17414144,43062368,6806720
06:21:04,113763,ptm_cycle_5,17414144,43062368,6806720
06:21:05,113763,ptm_cycle_5,17414144,43062368,6806720
06:21:06,113763,ptm_cycle_5,17414144,43062368,6806720
06:21:07,113763,ptm_cycle_5,17414144,43062368,6806720
06:21:08,113763,ptm_cycle_5,17414396,43062368,6806468
06:21:09,113763,ptm_cycle_5,17414396,43062368,6806468
06:21:10,113763,ptm_cycle_5,17414396,43062368,6806468
06:21:11,113763,ptm_cycle_5,17414396,43062368,6806468
06:21:12,113763,ptm_cycle_5,17414396,43062368,6806468
06:21:13,113763,ptm_cycle_5,17414396,43062368,6806468
06:21:14,113763,ptm_cycle_5,17414396,43062368,6806468
06:21:15,113763,ptm_cycle_5,17414396,43062368,6806468
06:21:16,113763,ptm_cycle_5,17414396,43062368,6806468
06:21:17,113763,ptm_cycle_5,17414396,43062368,6806468
06:21:18,113763,ptm_cycle_5,17414396,43062368,6806468
06:21:19,113763,ptm_cycle_5,17414564,43062368,6806300
06:21:20,113763,ptm_cycle_5,17414564,43062368,6806300
06:21:21,113763,ptm_cycle_5,17414564,43062368,6806300
06:21:22,113763,ptm_cycle_5,17414564,43062368,6806300
06:21:23,113763,ptm_cycle_5,17414564,43062368,6806300
06:21:24,113763,ptm_cycle_5,17414564,43062368,6806300
06:21:25,113763,ptm_cycle_5,17414564,43062368,6806300
06:21:26,113763,ptm_cycle_5,17414564,43062368,6806300
06:21:27,113763,ptm_cycle_5,17414564,43062368,6806300
06:21:28,113763,ptm_cycle_5,17414568,43062368,6806296
06:21:29,113763,ptm_cycle_5,17414568,43062368,6806296
06:21:30,113763,ptm_cycle_5,17415152,43062368,6805712
06:21:31,113763,ptm_cycle_5,17415152,43062368,6805712
06:21:32,113763,ptm_cycle_5,17415152,43062368,6805712
06:21:33,113763,ptm_cycle_5,17415152,43062368,6805712
06:21:34,113763,ptm_cycle_5,17415156,43062368,6805708
06:21:35,113763,ptm_cycle_5,17415156,43062368,6805708
06:21:36,113763,ptm_cycle_5,17415156,43062368,6805708
06:21:37,113763,ptm_cycle_5,17415156,43062368,6805708
06:21:38,113763,ptm_cycle_5,17415380,43062368,6805484
06:21:39,113763,ptm_cycle_5,17415380,43062368,6805484
06:21:40,113763,ptm_cycle_5,17415380,43062368,6805484
06:21:42,113763,ptm_cycle_5,17415384,43062368,6805480
06:21:43,113763,ptm_cycle_5,17415384,43062368,6805480
06:21:44,113763,ptm_cycle_5,17415384,43062368,6805480
06:21:45,113763,ptm_cycle_5,17415384,43062368,6805480
06:21:46,113763,ptm_cycle_5,17415384,43062368,6805480
06:21:47,113763,ptm_cycle_5,17415388,43062368,6805476
06:21:48,113763,ptm_cycle_5,17415392,43062368,6805472
06:21:49,113763,ptm_cycle_5,17415392,43062368,6805472
06:21:50,113763,ptm_cycle_5,17415392,43062368,6805472
06:21:51,113763,ptm_cycle_5,17415392,43062368,6805472
06:21:52,113763,ptm_cycle_5,17415404,43062368,6805460
06:21:53,113763,ptm_cycle_5,17415404,43062368,6805460
06:21:54,113763,ptm_cycle_5,17415408,43062368,6805456
06:21:55,113763,ptm_cycle_5,17415408,43062368,6805456
06:21:56,113763,ptm_cycle_5,17415408,43062368,6805456
06:21:57,113763,ptm_cycle_5,17415408,43062368,6805456
06:21:58,113763,ptm_cycle_5,17415408,43062368,6805456
06:21:59,113763,ptm_cycle_5,17415412,43062368,6805452
06:22:00,113763,ptm_cycle_5,17415412,43062368,6805452
06:22:01,113763,ptm_cycle_5,17415412,43062368,6805452
06:22:02,113763,ptm_cycle_5,17415412,43062368,6805452
06:22:03,113763,ptm_cycle_5,17415412,43062368,6805452
06:22:04,113763,ptm_cycle_5,17415416,43062368,6805448
06:22:05,113763,ptm_cycle_5,17415420,43062368,6805444
06:22:06,113763,ptm_cycle_5,17415420,43062368,6805444
06:22:07,113763,ptm_cycle_5,17415420,43062368,6805444
06:22:08,113763,ptm_cycle_5,17415420,43062368,6805444
06:22:09,113763,ptm_cycle_5,17415420,43062368,6805444
06:22:10,113763,ptm_cycle_5,17415420,43062368,6805444
06:22:11,113763,ptm_cycle_5,17415424,43062368,6805440
06:22:12,113763,ptm_cycle_5,17415444,43062368,6805420
06:22:13,113763,ptm_cycle_5,17415444,43062368,6805420
06:22:14,113763,ptm_cycle_5,17415444,43062368,6805420
06:22:15,113763,ptm_cycle_5,17415444,43062368,6805420
06:22:16,113763,ptm_cycle_5,17415444,43062368,6805420
06:22:17,113763,ptm_cycle_5,17415444,43062368,6805420
06:22:18,113763,ptm_cycle_5,17415444,43062368,6805420
06:22:19,113763,ptm_cycle_5,17415444,43062368,6805420
06:22:20,113763,ptm_cycle_5,17415444,43062368,6805420
06:22:21,113763,ptm_cycle_5,17415444,43062368,6805420
06:22:22,113763,ptm_cycle_5,17415444,43062368,6805420
06:22:23,113763,ptm_cycle_5,17415444,43062368,6805420
06:22:24,113763,ptm_cycle_5,17415444,43062368,6805420
06:22:25,113763,ptm_cycle_5,17415444,43062368,6805420
06:22:26,113763,ptm_cycle_5,17415444,43062368,6805420
06:22:27,113763,ptm_cycle_5,17415444,43062368,6805420
06:22:28,113763,ptm_cycle_5,17415444,43062368,6805420
06:22:29,113763,ptm_cycle_5,17415444,43062368,6805420
06:22:30,113763,ptm_cycle_5,17415444,43062368,6805420
06:22:31,113763,ptm_cycle_5,17415444,43062368,6805420
06:22:32,113763,ptm_cycle_5,17415444,43062368,6805420
06:22:33,113763,ptm_cycle_5,17415444,43062368,6805420
06:22:34,113763,ptm_cycle_5,17415444,43062368,6805420
06:22:35,113763,ptm_cycle_5,17415444,43062368,6805420
06:22:36,113763,ptm_cycle_5,17415444,43062368,6805420
06:22:37,113763,ptm_cycle_5,17415444,43062368,6805420
06:22:38,113763,ptm_cycle_5,17415444,43062368,6805420
06:22:39,113763,ptm_cycle_5,17415444,43062368,6805420
06:22:40,113763,ptm_cycle_5,17415444,43062368,6805420
06:22:41,113763,ptm_cycle_5,17415444,43062368,6805420
06:22:42,113763,ptm_cycle_5,17415452,43062368,6805412
06:22:43,113763,ptm_cycle_5,17415452,43062368,6805412
06:22:44,113763,ptm_cycle_5,17415452,43062368,6805412
06:22:45,113763,ptm_cycle_5,17415520,43062368,6805344
06:22:46,113763,ptm_cycle_5,17415520,43062368,6805344
06:22:47,113763,ptm_cycle_5,17415520,43062368,6805344
06:22:48,113763,ptm_cycle_5,17415524,43062368,6805340
06:22:49,113763,ptm_cycle_5,17415524,43062368,6805340
06:22:50,113763,ptm_cycle_5,17415524,43062368,6805340
06:22:51,113763,ptm_cycle_5,17415524,43062368,6805340
06:22:52,113763,ptm_cycle_5,17415552,43062368,6805312
06:22:53,113763,ptm_cycle_5,17415552,43062368,6805312
06:22:54,113763,ptm_cycle_5,17415552,43062368,6805312
06:22:55,113763,ptm_cycle_5,17415556,43062368,6805308
06:22:56,113763,ptm_cycle_5,17415556,43062368,6805308
06:22:57,113763,ptm_cycle_5,17415556,43062368,6805308
06:22:58,113763,ptm_cycle_5,17415556,43062368,6805308
06:22:59,113763,ptm_cycle_5,17415556,43062368,6805308
06:23:00,113763,ptm_cycle_5,17415556,43062368,6805308
06:23:01,113763,ptm_cycle_5,17415560,43062368,6805304
06:23:02,113763,ptm_cycle_5,17415560,43062368,6805304
06:23:03,113763,ptm_cycle_5,17415560,43062368,6805304
06:23:04,113763,ptm_cycle_5,17415560,43062368,6805304
06:23:05,113763,ptm_cycle_5,17415564,43062368,6805300
06:23:06,113763,ptm_cycle_5,17415564,43062368,6805300
06:23:07,113763,ptm_cycle_5,17415564,43062368,6805300
06:23:08,113763,ptm_cycle_5,17415564,43062368,6805300
06:23:09,113763,ptm_cycle_5,17415568,43062368,6805296
06:23:10,113763,ptm_cycle_5,17415568,43062368,6805296
06:23:11,113763,ptm_cycle_5,17415568,43062368,6805296
06:23:13,113763,ptm_cycle_5,17415568,43062368,6805296
06:23:14,113763,ptm_cycle_5,17415568,43062368,6805296
06:23:15,113763,ptm_cycle_5,17415568,43062368,6805296
06:23:16,113763,ptm_cycle_5,17415572,43062368,6805292
06:23:17,113763,ptm_cycle_5,17415572,43062368,6805292
06:23:18,113763,ptm_cycle_5,17415572,43062368,6805292
06:23:19,113763,ptm_cycle_5,17415572,43062368,6805292
06:23:20,113763,ptm_cycle_5,17415572,43062368,6805292
06:23:21,113763,ptm_cycle_5,17415572,43062368,6805292
06:23:22,113763,ptm_cycle_5,17415576,43062368,6805288
06:23:23,113763,ptm_cycle_5,17415576,43062368,6805288
06:23:24,113763,ptm_cycle_5,17415576,43062368,6805288
06:23:25,113763,ptm_cycle_5,17415576,43062368,6805288
06:23:26,113763,ptm_cycle_5,17415576,43062368,6805288
06:23:27,113763,ptm_cycle_5,17415576,43062368,6805288
06:23:28,113763,ptm_cycle_5,17415576,43062368,6805288
06:23:29,113763,ptm_cycle_5,17415576,43062368,6805288
06:23:30,113763,ptm_cycle_5,17415576,43062368,6805288
06:23:31,113763,ptm_cycle_5,17415576,43062368,6805288
06:23:32,113763,ptm_cycle_5,17415576,43062368,6805288
06:23:33,113763,ptm_cycle_5,17415576,43062368,6805288
06:23:34,113763,ptm_cycle_5,17415576,43062368,6805288
06:23:35,113763,ptm_cycle_5,17415576,43062368,6805288
06:23:36,113763,ptm_cycle_5,17415576,43062368,6805288
06:23:37,113763,ptm_cycle_5,17415576,43062368,6805288
06:23:38,113763,ptm_cycle_5,17415576,43062368,6805288
06:23:39,113763,ptm_cycle_5,17415576,43062368,6805288
06:23:40,113763,ptm_cycle_5,17415576,43062368,6805288
06:23:41,113763,ptm_cycle_5,17415576,43062368,6805288
06:23:42,113763,ptm_cycle_5,17415576,43062368,6805288
06:23:43,113763,ptm_cycle_5,17415576,43062368,6805288
06:23:44,113763,ptm_cycle_5,17415580,43062368,6805284
06:23:45,113763,ptm_cycle_5,17415580,43062368,6805284
06:23:46,113763,ptm_cycle_5,17415580,43062368,6805284
06:23:47,113763,ptm_cycle_5,17415580,43062368,6805284
06:23:48,113763,ptm_cycle_5,17415580,43062368,6805284
06:23:49,113763,ptm_cycle_5,17415580,43062368,6805284
06:23:50,113763,ptm_cycle_5,17415580,43062368,6805284
06:23:51,113763,ptm_cycle_5,17415592,43062368,6805272
06:23:52,113763,ptm_cycle_5,17415592,43062368,6805272
06:23:53,113763,ptm_cycle_5,17415592,43062368,6805272
06:23:54,113763,ptm_cycle_5,17415592,43062368,6805272
06:23:55,113763,ptm_cycle_5,17415592,43062368,6805272
06:23:56,113763,ptm_cycle_5,17415592,43062368,6805272
06:23:57,113763,ptm_cycle_5,17415596,43062368,6805268
06:23:58,113763,ptm_cycle_5,17415652,43062368,6805212
06:23:59,113763,ptm_cycle_5,17415652,43062368,6805212
06:24:00,113763,ptm_cycle_5,17415652,43062368,6805212
06:24:01,113763,ptm_cycle_5,17415652,43062368,6805212
06:24:02,113763,ptm_cycle_5,17416184,43062368,6804680
06:24:03,113763,ptm_cycle_5,17416188,43062368,6804676
06:24:04,113763,ptm_cycle_5,17416188,43062368,6804676
06:24:05,113763,ptm_cycle_5,17416188,43062368,6804676
06:24:06,113763,ptm_cycle_5,17416188,43062368,6804676
06:24:07,113763,ptm_cycle_5,17416188,43062368,6804676
06:24:08,113763,ptm_cycle_5,17416440,43062368,6804424
06:24:09,113763,ptm_cycle_5,17416440,43062368,6804424
06:24:10,113763,ptm_cycle_5,17416444,43062368,6804420
06:24:11,113763,ptm_cycle_5,17416444,43062368,6804420
06:24:12,113763,ptm_cycle_5,17416444,43062368,6804420
06:24:13,113763,ptm_cycle_5,17416444,43062368,6804420
06:24:14,113763,ptm_cycle_5,17416444,43062368,6804420
06:24:15,113763,ptm_cycle_5,17416448,43062368,6804416
06:24:16,113763,ptm_cycle_5,17416448,43062368,6804416
06:24:17,113763,ptm_cycle_5,17416448,43062368,6804416
06:24:18,113763,ptm_cycle_5,17416448,43062368,6804416
06:24:19,113763,ptm_cycle_5,17416448,43062368,6804416
06:24:20,113763,ptm_cycle_5,17416448,43062368,6804416
06:24:21,113763,ptm_cycle_5,17416452,43062368,6804412
06:24:22,113763,ptm_cycle_5,17416452,43062368,6804412
06:24:23,113763,ptm_cycle_5,17416452,43062368,6804412
06:24:24,113763,ptm_cycle_5,17416452,43062368,6804412
06:24:25,113763,ptm_cycle_5,17416452,43062368,6804412
06:24:26,113763,ptm_cycle_5,17416452,43062368,6804412
06:24:27,113763,ptm_cycle_5,17416452,43062368,6804412
06:24:28,113763,ptm_cycle_5,17416456,43062368,6804408
06:24:29,113763,ptm_cycle_5,17416456,43062368,6804408
06:24:30,113763,ptm_cycle_5,17416456,43062368,6804408
06:24:31,113763,ptm_cycle_5,17416456,43062368,6804408
06:24:32,113763,ptm_cycle_5,17416456,43062368,6804408
06:24:33,113763,ptm_cycle_5,17416456,43062368,6804408
06:24:34,113763,ptm_cycle_5,17416456,43062368,6804408
06:24:35,113763,ptm_cycle_5,17416456,43062368,6804408
06:24:36,113763,ptm_cycle_5,17416456,43062368,6804408
06:24:37,113763,ptm_cycle_5,17416456,43062368,6804408
06:24:38,113763,ptm_cycle_5,17416456,43062368,6804408
06:24:39,113763,ptm_cycle_5,17416456,43062368,6804408
06:24:40,113763,ptm_cycle_5,17416456,43062368,6804408
06:24:41,113763,ptm_cycle_5,17416456,43062368,6804408
06:24:42,113763,ptm_cycle_5,17416456,43062368,6804408
06:24:44,113763,ptm_cycle_5,17416456,43062368,6804408
06:24:45,113763,ptm_cycle_5,17416464,43062368,6804400
06:24:46,113763,ptm_cycle_5,17416464,43062368,6804400
06:24:47,113763,ptm_cycle_5,17416464,43062368,6804400
06:24:48,113763,ptm_cycle_5,17416464,43062368,6804400
06:24:49,113763,ptm_cycle_5,17416464,43062368,6804400
06:24:50,113763,ptm_cycle_5,17416464,43062368,6804400
06:24:51,113763,ptm_cycle_5,17416464,43062368,6804400
06:24:52,113763,ptm_cycle_5,17416464,43062368,6804400
06:24:53,113763,ptm_cycle_5,17416464,43062368,6804400
06:24:54,113763,ptm_cycle_5,17416464,43062368,6804400
06:24:55,113763,ptm_cycle_5,17416464,43062368,6804400
06:24:56,113763,ptm_cycle_5,17416464,43062368,6804400
06:24:57,113763,ptm_cycle_5,17416464,43062368,6804400
06:24:58,113763,ptm_cycle_5,17416464,43062368,6804400
06:24:59,113763,ptm_cycle_5,17416464,43062368,6804400
06:25:00,113763,ptm_cycle_5,17416464,43062368,6804400
06:25:01,113763,ptm_cycle_5,17416464,43062368,6804400
06:25:02,113763,ptm_cycle_5,17416464,43062368,6804400
06:25:03,113763,ptm_cycle_5,17416464,43062368,6804400
06:25:04,113763,ptm_cycle_5,17416464,43062368,6804400
06:25:05,113763,ptm_cycle_5,17416464,43062368,6804400
06:25:06,113763,ptm_cycle_5,17416464,43062368,6804400
06:25:07,113763,ptm_cycle_5,17416464,43062368,6804400
06:25:08,113763,ptm_cycle_5,17416464,43062368,6804400
06:25:09,113763,ptm_cycle_5,17416464,43062368,6804400
06:25:10,113763,ptm_cycle_5,17416464,43062368,6804400
06:25:11,113763,ptm_cycle_5,17416464,43062368,6804400
06:25:12,113763,ptm_cycle_5,17416464,43062368,6804400
06:25:13,113763,ptm_cycle_5,17416464,43062368,6804400
06:25:14,113763,ptm_cycle_5,17416464,43062368,6804400
06:25:15,113763,ptm_cycle_5,17416464,43062368,6804400
06:25:16,113763,ptm_cycle_5,17416468,43062368,6804396
06:25:17,113763,ptm_cycle_5,17416468,43062368,6804396
06:25:18,113763,ptm_cycle_5,17416720,43062368,6804144
06:25:19,113763,ptm_cycle_5,17416720,43062368,6804144
06:25:20,113763,ptm_cycle_5,17416720,43062368,6804144
06:25:21,113763,ptm_cycle_5,17416724,43062368,6804140
06:25:22,113763,ptm_cycle_5,17416724,43062368,6804140
06:25:23,113763,ptm_cycle_5,17416724,43062368,6804140
06:25:24,113763,ptm_cycle_5,17416724,43062368,6804140
06:25:25,113763,ptm_cycle_5,17416724,43062368,6804140
06:25:26,113763,ptm_cycle_5,17416724,43062368,6804140
06:25:27,113763,ptm_cycle_5,17416724,43062368,6804140
06:25:28,113763,ptm_cycle_5,17416728,43062368,6804136
06:25:29,113763,ptm_cycle_5,17416728,43062368,6804136
06:25:30,113763,ptm_cycle_5,17416728,43062368,6804136
06:25:31,113763,ptm_cycle_5,17416728,43062368,6804136
06:25:32,113763,ptm_cycle_5,17416728,43062368,6804136
06:25:33,113763,ptm_cycle_5,17416728,43062368,6804136
06:25:34,113763,ptm_cycle_5,17416728,43062368,6804136
06:25:35,113763,ptm_cycle_5,17416732,43062368,6804132
06:25:36,113763,ptm_cycle_5,17416732,43062368,6804132
06:25:37,113763,ptm_cycle_5,17416732,43062368,6804132
06:25:38,113763,ptm_cycle_5,17416732,43062368,6804132
06:25:39,113763,ptm_cycle_5,17416732,43062368,6804132
06:25:40,113763,ptm_cycle_5,17416732,43062368,6804132
06:25:41,113763,ptm_cycle_5,17416732,43062368,6804132
06:25:42,113763,ptm_cycle_5,17416736,43062368,6804128
06:25:43,113763,ptm_cycle_5,17416736,43062368,6804128
06:25:44,113763,ptm_cycle_5,17416736,43062368,6804128
06:25:45,113763,ptm_cycle_5,17416736,43062368,6804128
06:25:46,113763,ptm_cycle_5,17416736,43062368,6804128
06:25:47,113763,ptm_cycle_5,17416740,43062368,6804124
06:25:48,113763,ptm_cycle_5,17417696,43062368,6803168
06:25:49,113763,ptm_cycle_5,17417700,43062368,6803164
06:25:50,113763,ptm_cycle_5,17417700,43062368,6803164
06:25:51,113763,ptm_cycle_5,17417704,43062368,6803160
06:25:52,113763,ptm_cycle_5,17417704,43062368,6803160
06:25:53,113763,ptm_cycle_5,17417704,43062368,6803160
06:25:54,113763,ptm_cycle_5,17417708,43062368,6803156
06:25:55,113763,ptm_cycle_5,17417708,43062368,6803156
06:25:56,113763,ptm_cycle_5,17417708,43062368,6803156
06:25:57,113763,ptm_cycle_5,17417708,43062368,6803156
06:25:58,113763,ptm_cycle_5,17417708,43062368,6803156
06:25:59,113763,ptm_cycle_5,17417712,43062368,6803152
06:26:00,113763,ptm_cycle_5,17417712,43062368,6803152
06:26:01,113763,ptm_cycle_5,17417712,43062368,6803152
06:26:02,113763,ptm_cycle_5,17417712,43062368,6803152
06:26:03,113763,ptm_cycle_5,17417712,43062368,6803152
06:26:04,113763,ptm_cycle_5,17417712,43062368,6803152
06:26:05,113763,ptm_cycle_5,17417712,43062368,6803152
06:26:06,113763,ptm_cycle_5,17417716,43062368,6803148
06:26:07,113763,ptm_cycle_5,17417716,43062368,6803148
06:26:08,113763,ptm_cycle_5,17417716,43062368,6803148
06:26:09,113763,ptm_cycle_5,17417716,43062368,6803148
06:26:10,113763,ptm_cycle_5,17417716,43062368,6803148
06:26:11,113763,ptm_cycle_5,17417720,43062368,6803144
06:26:12,113763,ptm_cycle_5,17417720,43062368,6803144
06:26:13,113763,ptm_cycle_5,17417720,43062368,6803144
06:26:14,113763,ptm_cycle_5,17417720,43062368,6803144
06:26:16,113763,ptm_cycle_5,17417720,43062368,6803144
06:26:17,113763,ptm_cycle_5,17417720,43062368,6803144
06:26:18,113763,ptm_cycle_5,17417720,43062368,6803144
06:26:19,113763,ptm_cycle_5,17417724,43062368,6803140
06:26:20,113763,ptm_cycle_5,17417724,43062368,6803140
06:26:21,113763,ptm_cycle_5,17417728,43062368,6803136
06:26:22,113763,ptm_cycle_5,17417728,43062368,6803136
06:26:23,113763,ptm_cycle_5,17417728,43062368,6803136
06:26:24,113763,ptm_cycle_5,17417728,43062368,6803136
06:26:25,113763,ptm_cycle_5,17417728,43062368,6803136
06:26:26,113763,ptm_cycle_5,17417732,43062368,6803132
06:26:27,113763,ptm_cycle_5,17417732,43062368,6803132
06:26:28,113763,ptm_cycle_5,17417736,43062368,6803128
06:26:29,113763,ptm_cycle_5,17417736,43062368,6803128
06:26:30,113763,ptm_cycle_5,17417736,43062368,6803128
06:26:31,113763,ptm_cycle_5,17417736,43062368,6803128
06:26:32,113763,ptm_cycle_5,17417736,43062368,6803128
06:26:33,113763,ptm_cycle_5,17417768,43062368,6803096
06:26:34,113763,ptm_cycle_5,17417768,43062368,6803096
06:26:35,113763,ptm_cycle_5,17417768,43062368,6803096
06:26:36,113763,ptm_cycle_5,17417768,43062368,6803096
06:26:37,113763,ptm_cycle_5,17417772,43062368,6803092
06:26:38,113763,ptm_cycle_5,17417772,43062368,6803092
06:26:39,113763,ptm_cycle_5,17417772,43062368,6803092
06:26:40,113763,ptm_cycle_5,17417772,43062368,6803092
06:26:41,113763,ptm_cycle_5,17417772,43062368,6803092
06:26:42,113763,ptm_cycle_5,17417772,43062368,6803092
06:26:43,113763,ptm_cycle_5,17417772,43062368,6803092
06:26:44,113763,ptm_cycle_5,17417916,43062368,6802948
06:26:45,113763,ptm_cycle_5,17417916,43062368,6802948
06:26:46,113763,ptm_cycle_5,17417916,43062368,6802948
06:26:47,113763,ptm_cycle_5,17417916,43062368,6802948
06:26:48,113763,ptm_cycle_5,17417916,43062368,6802948
06:26:49,113763,ptm_cycle_5,17417920,43062368,6802944
06:26:50,113763,ptm_cycle_5,17417920,43062368,6802944
06:26:51,113763,ptm_cycle_5,17417920,43062368,6802944
06:26:52,113763,ptm_cycle_5,17417920,43062368,6802944
06:26:53,113763,ptm_cycle_5,17417924,43062368,6802940
06:26:54,113763,ptm_cycle_5,17417924,43062368,6802940
06:26:55,113763,ptm_cycle_5,17417924,43062368,6802940
06:26:56,113763,ptm_cycle_5,17417924,43062368,6802940
06:26:57,113763,ptm_cycle_5,17417924,43062368,6802940
06:26:58,113763,ptm_cycle_5,17417924,43062368,6802940
06:26:59,113763,ptm_cycle_5,17417924,43062368,6802940
06:27:00,113763,ptm_cycle_5,17417924,43062368,6802940
06:27:01,113763,ptm_cycle_5,17417924,43062368,6802940
06:27:02,113763,ptm_cycle_5,17417924,43062368,6802940
06:27:03,113763,ptm_cycle_5,17417924,43062368,6802940
06:27:04,113763,ptm_cycle_5,17417924,43062368,6802940
06:27:05,113763,ptm_cycle_5,17417924,43062368,6802940
06:27:06,113763,ptm_cycle_5,17417924,43062368,6802940
06:27:07,113763,ptm_cycle_5,17417924,43062368,6802940
06:27:08,113763,ptm_cycle_5,17417924,43062368,6802940
06:27:09,113763,ptm_cycle_5,17417924,43062368,6802940
06:27:10,113763,ptm_cycle_5,17417924,43062368,6802940
06:27:11,113763,ptm_cycle_5,17417924,43062368,6802940
06:27:12,113763,ptm_cycle_5,17418932,43062368,6801932
06:27:13,113763,ptm_cycle_5,17418932,43062368,6801932
06:27:14,113763,ptm_cycle_5,17419940,43062368,6800924
06:27:15,113763,ptm_cycle_5,17419940,43062368,6800924
06:27:16,113763,ptm_cycle_5,17420948,43062368,6799916
06:27:17,113763,ptm_cycle_5,17421956,43062368,6798908
06:27:18,113763,ptm_cycle_5,17421956,43062368,6798908
06:27:19,113763,ptm_cycle_5,17422964,43062368,6797900
06:27:20,113763,ptm_cycle_5,17422968,43062368,6797896
06:27:21,113763,ptm_cycle_5,17423976,43062368,6796888
06:27:22,113763,ptm_cycle_5,17424984,43062368,6795880
06:27:23,113763,ptm_cycle_5,17424984,43062368,6795880
06:27:24,113763,ptm_cycle_5,17425988,43062368,6794876
06:27:25,113763,ptm_cycle_5,17425992,43062368,6794872
06:27:26,113763,ptm_cycle_5,17426056,43062368,6794808
06:27:27,113763,ptm_cycle_5,17426056,43062368,6794808
06:27:28,113763,ptm_cycle_5,17426056,43062368,6794808
06:27:29,113763,ptm_cycle_5,17426056,43062368,6794808
06:27:30,113763,ptm_cycle_5,17426056,43062368,6794808
06:27:31,113763,ptm_cycle_5,17426056,43062368,6794808
06:27:32,113763,ptm_cycle_5,17426060,43062368,6794804
06:27:33,113763,ptm_cycle_5,17426060,43062368,6794804
06:27:34,113763,ptm_cycle_5,17426060,43062368,6794804
06:27:35,113763,ptm_cycle_5,17426064,43062368,6794800
06:27:36,113763,ptm_cycle_5,17426180,43062368,6794684
06:27:37,113763,ptm_cycle_5,17426180,43062368,6794684
06:27:38,113763,ptm_cycle_5,17426180,43062368,6794684
06:27:39,113763,ptm_cycle_5,17427164,43062368,6793700
06:27:40,113763,ptm_cycle_5,17427164,43062368,6793700
06:27:41,113763,ptm_cycle_5,17427164,43062368,6793700
06:27:42,113763,ptm_cycle_5,17427164,43062368,6793700
06:27:43,113763,ptm_cycle_5,17428092,43062368,6792772
06:27:44,113763,ptm_cycle_5,17428092,43062368,6792772
06:27:45,113763,ptm_cycle_5,17428120,43062368,6792744
06:27:47,113763,ptm_cycle_5,17428244,43062368,6792620
06:27:48,113763,ptm_cycle_5,17428244,43062368,6792620
06:27:49,113763,ptm_cycle_5,17428248,43062368,6792616
06:27:50,113763,ptm_cycle_5,17428248,43062368,6792616
06:27:51,113763,ptm_cycle_5,17428248,43062368,6792616
06:27:52,113763,ptm_cycle_5,17428248,43062368,6792616
06:27:53,113763,ptm_cycle_5,17428252,43062368,6792612
06:27:54,113763,ptm_cycle_5,17428252,43062368,6792612
06:27:55,113763,ptm_cycle_5,17428252,43062368,6792612
06:27:56,113763,ptm_cycle_5,17428252,43062368,6792612
06:27:57,113763,ptm_cycle_5,17428256,43062368,6792608
06:27:58,113763,ptm_cycle_5,17428256,43062368,6792608
06:27:59,113763,ptm_cycle_5,17428256,43062368,6792608
06:28:00,113763,ptm_cycle_5,17428260,43062368,6792604
06:28:01,113763,ptm_cycle_5,17428260,43062368,6792604
06:28:02,113763,ptm_cycle_5,17428260,43062368,6792604
06:28:03,113763,ptm_cycle_5,17428260,43062368,6792604
06:28:04,113763,ptm_cycle_5,17428260,43062368,6792604
06:28:05,113763,ptm_cycle_5,17428264,43062368,6792600
06:28:06,113763,ptm_cycle_5,17428344,43062368,6792520
06:28:07,113763,ptm_cycle_5,17428344,43062368,6792520
06:28:08,113763,ptm_cycle_5,17428344,43062368,6792520
06:28:09,113763,ptm_cycle_5,17428344,43062368,6792520
06:28:10,113763,ptm_cycle_5,17428344,43062368,6792520
06:28:11,113763,ptm_cycle_5,17428568,43062368,6792296
06:28:12,113763,ptm_cycle_5,17428568,43062368,6792296
06:28:13,113763,ptm_cycle_5,17428764,43062368,6792100
06:28:14,113763,ptm_cycle_5,17428764,43062368,6792100
06:28:15,113763,ptm_cycle_5,17428764,43062368,6792100
06:28:16,113763,ptm_cycle_5,17428764,43062368,6792100
06:28:17,113763,ptm_cycle_5,17428764,43062368,6792100
06:28:18,113763,ptm_cycle_5,17428764,43062368,6792100
06:28:19,113763,ptm_cycle_5,17428764,43062368,6792100
06:28:20,113763,ptm_cycle_5,17428764,43062368,6792100
06:28:21,113763,ptm_cycle_5,17428764,43062368,6792100
06:28:22,113763,ptm_cycle_5,17428764,43062368,6792100
06:28:23,113763,ptm_cycle_5,17428764,43062368,6792100
06:28:24,113763,ptm_cycle_5,17428960,43062368,6791904
06:28:25,113763,ptm_cycle_5,17429952,43062368,6790912
06:28:26,113763,ptm_cycle_5,17429952,43062368,6790912
06:28:27,113763,ptm_cycle_5,17429952,43062368,6790912
06:28:28,113763,ptm_cycle_5,17429952,43062368,6790912
06:28:29,113763,ptm_cycle_5,17429956,43062368,6790908
06:28:30,113763,ptm_cycle_5,17429956,43062368,6790908
06:28:31,113763,ptm_cycle_5,17429956,43062368,6790908
06:28:32,113763,ptm_cycle_5,17429956,43062368,6790908
06:28:33,113763,ptm_cycle_5,17429960,43062368,6790904
06:28:34,113763,ptm_cycle_5,17429960,43062368,6790904
06:28:35,113763,ptm_cycle_5,17429964,43062368,6790900
06:28:36,113763,ptm_cycle_5,17429964,43062368,6790900
06:28:37,113763,ptm_cycle_5,17429976,43062368,6790888
06:28:38,113763,ptm_cycle_5,17429976,43062368,6790888
06:28:39,113763,ptm_cycle_5,17429976,43062368,6790888
06:28:40,113763,ptm_cycle_5,17429976,43062368,6790888
06:28:41,113763,ptm_cycle_5,17429976,43062368,6790888
06:28:42,113763,ptm_cycle_5,17429976,43062368,6790888
06:28:43,113763,ptm_cycle_5,17429976,43062368,6790888
06:28:44,113763,ptm_cycle_5,17429980,43062368,6790884
06:28:45,113763,ptm_cycle_5,17429980,43062368,6790884
06:28:46,113763,ptm_cycle_5,17429980,43062368,6790884
06:28:47,113763,ptm_cycle_5,17429980,43062368,6790884
06:28:48,113763,ptm_cycle_5,17429980,43062368,6790884
06:28:49,113763,ptm_cycle_5,17429980,43062368,6790884
06:28:50,113763,ptm_cycle_5,17429984,43062368,6790880
06:28:51,113763,ptm_cycle_5,17429984,43062368,6790880
06:28:52,113763,ptm_cycle_5,17429984,43062368,6790880
06:28:53,113763,ptm_cycle_5,17429988,43062368,6790876
06:28:54,113763,ptm_cycle_5,17429988,43062368,6790876
06:28:55,113763,ptm_cycle_5,17429988,43062368,6790876
06:28:56,113763,ptm_cycle_5,17429988,43062368,6790876
06:28:57,113763,ptm_cycle_5,17429992,43062368,6790872
06:28:58,113763,ptm_cycle_5,17429996,43062368,6790868
06:28:59,113763,ptm_cycle_5,17429996,43062368,6790868
06:29:00,113763,ptm_cycle_5,17429996,43062368,6790868
06:29:01,113763,ptm_cycle_5,17429996,43062368,6790868
06:29:02,113763,ptm_cycle_5,17429996,43062368,6790868
06:29:03,113763,ptm_cycle_5,17429996,43062368,6790868
06:29:04,113763,ptm_cycle_5,17429996,43062368,6790868
06:29:05,113763,ptm_cycle_5,17430000,43062368,6790864
06:29:06,113763,ptm_cycle_5,17430000,43062368,6790864
06:29:07,113763,ptm_cycle_5,17430000,43062368,6790864
06:29:08,113763,ptm_cycle_5,17430000,43062368,6790864
06:29:09,113763,ptm_cycle_5,17430000,43062368,6790864
06:29:10,113763,ptm_cycle_5,17430000,43062368,6790864
06:29:11,113763,ptm_cycle_5,17430004,43062368,6790860
06:29:12,113763,ptm_cycle_5,17430004,43062368,6790860
06:29:13,113763,ptm_cycle_5,17430004,43062368,6790860
06:29:14,113763,ptm_cycle_5,17430004,43062368,6790860
06:29:15,113763,ptm_cycle_5,17430004,43062368,6790860
06:29:16,113763,ptm_cycle_5,17430004,43062368,6790860
06:29:18,113763,ptm_cycle_5,17430004,43062368,6790860
06:29:19,113763,ptm_cycle_5,17430004,43062368,6790860
06:29:20,113763,ptm_cycle_5,17430004,43062368,6790860
06:29:21,113763,ptm_cycle_5,17430004,43062368,6790860
06:29:22,113763,ptm_cycle_5,17430004,43062368,6790860
06:29:23,113763,ptm_cycle_5,17430004,43062368,6790860
06:29:24,113763,ptm_cycle_5,17430004,43062368,6790860
06:29:25,113763,ptm_cycle_5,17430004,43062368,6790860
06:29:26,113763,ptm_cycle_5,17430004,43062368,6790860
06:29:27,113763,ptm_cycle_5,17430004,43062368,6790860
06:29:28,113763,ptm_cycle_5,17430004,43062368,6790860
06:29:29,113763,ptm_cycle_5,17430104,43062368,6790760
06:29:30,113763,ptm_cycle_5,17430104,43062368,6790760
06:29:31,113763,ptm_cycle_5,17430104,43062368,6790760
06:29:32,113763,ptm_cycle_5,17430104,43062368,6790760
06:29:33,113763,ptm_cycle_5,17430104,43062368,6790760
06:29:34,113763,ptm_cycle_5,17430104,43062368,6790760
06:29:35,113763,ptm_cycle_5,17430104,43062368,6790760
06:29:36,113763,ptm_cycle_5,17430104,43062368,6790760
06:29:37,113763,ptm_cycle_5,17430104,43062368,6790760
06:29:38,113763,ptm_cycle_5,17430104,43062368,6790760
06:29:39,113763,ptm_cycle_5,17430116,43062368,6790748
06:29:40,113763,ptm_cycle_5,17430116,43062368,6790748
06:29:41,113763,ptm_cycle_5,17430116,43062368,6790748
06:29:42,113763,ptm_cycle_5,17430116,43062368,6790748
06:29:43,113763,ptm_cycle_5,17430116,43062368,6790748
06:29:44,113763,ptm_cycle_5,17430116,43062368,6790748
06:29:45,113763,ptm_cycle_5,17430116,43062368,6790748
06:29:46,113763,ptm_cycle_5,17430116,43062368,6790748
06:29:47,113763,ptm_cycle_5,17430120,43062368,6790744
06:29:48,113763,ptm_cycle_5,17430120,43062368,6790744
06:29:49,113763,ptm_cycle_5,17430120,43062368,6790744
06:29:50,113763,ptm_cycle_5,17430120,43062368,6790744
06:29:51,113763,ptm_cycle_5,17430120,43062368,6790744
06:29:52,113763,ptm_cycle_5,17430120,43062368,6790744
06:29:53,113763,ptm_cycle_5,17430120,43062368,6790744
06:29:54,113763,ptm_cycle_5,17430120,43062368,6790744
06:29:55,113763,ptm_cycle_5,17430128,43062368,6790736
06:29:56,113763,ptm_cycle_5,17430128,43062368,6790736
06:29:57,113763,ptm_cycle_5,17430128,43062368,6790736
06:29:58,113763,ptm_cycle_5,17430128,43062368,6790736
06:29:59,113763,ptm_cycle_5,17430128,43062368,6790736
06:30:00,113763,ptm_cycle_5,17430128,43062368,6790736
06:30:01,113763,ptm_cycle_5,17430128,43062368,6790736
06:30:02,113763,ptm_cycle_5,17430132,43062368,6790732
06:30:03,113763,ptm_cycle_5,17430132,43062368,6790732
06:30:04,113763,ptm_cycle_5,17430132,43062368,6790732
06:30:05,113763,ptm_cycle_5,17430132,43062368,6790732
06:30:06,113763,ptm_cycle_5,17430132,43062368,6790732
06:30:07,113763,ptm_cycle_5,17430136,43062368,6790728
06:30:08,113763,ptm_cycle_5,17430136,43062368,6790728
06:30:09,113763,ptm_cycle_5,17430160,43062368,6790704
06:30:10,113763,ptm_cycle_5,17430160,43062368,6790704
06:30:11,113763,ptm_cycle_5,17430160,43062368,6790704
06:30:12,113763,ptm_cycle_5,17430160,43062368,6790704
06:30:13,113763,ptm_cycle_5,17430160,43062368,6790704
06:30:14,113763,ptm_cycle_5,17430160,43062368,6790704
06:30:15,113763,ptm_cycle_5,17430164,43062368,6790700
06:30:16,113763,ptm_cycle_5,17430164,43062368,6790700
06:30:17,113763,ptm_cycle_5,17430164,43062368,6790700
06:30:18,113763,ptm_cycle_5,17430164,43062368,6790700
06:30:19,113763,ptm_cycle_5,17430164,43062368,6790700
06:30:20,113763,ptm_cycle_5,17430164,43062368,6790700
06:30:21,113763,ptm_cycle_5,17430164,43062368,6790700
06:30:22,113763,ptm_cycle_5,17430168,43062368,6790696
06:30:23,113763,ptm_cycle_5,17430168,43062368,6790696
06:30:24,113763,ptm_cycle_5,17430168,43062368,6790696
06:30:25,113763,ptm_cycle_5,17430168,43062368,6790696
06:30:26,113763,ptm_cycle_5,17430168,43062368,6790696
06:30:27,113763,ptm_cycle_5,17430168,43062368,6790696
06:30:28,113763,ptm_cycle_5,17430284,43062368,6790580
06:30:29,113763,ptm_cycle_5,17430284,43062368,6790580
06:30:30,113763,ptm_cycle_5,17430284,43062368,6790580
06:30:31,113763,ptm_cycle_5,17430284,43062368,6790580
06:30:32,113763,ptm_cycle_5,17431768,43062368,6789096
06:30:33,113763,ptm_cycle_5,17431768,43062368,6789096
06:30:34,113763,ptm_cycle_5,17431768,43062368,6789096
06:30:35,113763,ptm_cycle_5,17431768,43062368,6789096
06:30:36,113763,ptm_cycle_5,17431768,43062368,6789096
06:30:37,113763,ptm_cycle_5,17431768,43062368,6789096
06:30:38,113763,ptm_cycle_5,17431768,43062368,6789096
06:30:39,113763,ptm_cycle_5,17431768,43062368,6789096
06:30:40,113763,ptm_cycle_5,17431768,43062368,6789096
06:30:41,113763,ptm_cycle_5,17431768,43062368,6789096
06:30:42,113763,ptm_cycle_5,17431768,43062368,6789096
06:30:43,113763,ptm_cycle_5,17431768,43062368,6789096
06:30:44,113763,ptm_cycle_5,17431768,43062368,6789096
06:30:45,113763,ptm_cycle_5,17431780,43062368,6789084
06:30:46,113763,ptm_cycle_5,17431780,43062368,6789084
06:30:47,113763,ptm_cycle_5,17431780,43062368,6789084
06:30:48,113763,ptm_cycle_5,17431780,43062368,6789084
06:30:50,113763,ptm_cycle_5,17431780,43062368,6789084
06:30:51,113763,ptm_cycle_5,17431780,43062368,6789084
06:30:52,113763,ptm_cycle_5,17432056,43062368,6788808
06:30:53,113763,ptm_cycle_5,17432056,43062368,6788808
06:30:54,113763,ptm_cycle_5,17432056,43062368,6788808
06:30:55,113763,ptm_cycle_5,17432056,43062368,6788808
06:30:56,113763,ptm_cycle_5,17432056,43062368,6788808
06:30:57,113763,ptm_cycle_5,17432056,43062368,6788808
06:30:58,113763,ptm_cycle_5,17432056,43062368,6788808
06:30:59,113763,ptm_cycle_5,17432056,43062368,6788808
06:31:00,113763,ptm_cycle_5,17432056,43062368,6788808
06:31:01,113763,ptm_cycle_5,17432056,43062368,6788808
06:31:02,113763,ptm_cycle_5,17432104,43062368,6788760
06:31:03,113763,ptm_cycle_5,17432104,43062368,6788760
06:31:04,113763,ptm_cycle_5,17432104,43062368,6788760
06:31:05,113763,ptm_cycle_5,17432104,43062368,6788760
06:31:06,113763,ptm_cycle_5,17432104,43062368,6788760
06:31:07,113763,ptm_cycle_5,17432104,43062368,6788760
06:31:08,113763,ptm_cycle_5,17432104,43062368,6788760
06:31:09,113763,ptm_cycle_5,17432104,43062368,6788760
06:31:10,113763,ptm_cycle_5,17432104,43062368,6788760
06:31:11,113763,ptm_cycle_5,17432108,43062368,6788756
06:31:12,113763,ptm_cycle_5,17432108,43062368,6788756
06:31:13,113763,ptm_cycle_5,17432108,43062368,6788756
06:31:14,113763,ptm_cycle_5,17432108,43062368,6788756
06:31:15,113763,ptm_cycle_5,17432108,43062368,6788756
06:31:16,113763,ptm_cycle_5,17432108,43062368,6788756
06:31:17,113763,ptm_cycle_5,17432108,43062368,6788756
06:31:18,113763,ptm_cycle_5,17432112,43062368,6788752
06:31:19,113763,ptm_cycle_5,17432112,43062368,6788752
06:31:20,113763,ptm_cycle_5,17432112,43062368,6788752
06:31:21,113763,ptm_cycle_5,17432112,43062368,6788752
06:31:22,113763,ptm_cycle_5,17432112,43062368,6788752
06:31:23,113763,ptm_cycle_5,17432112,43062368,6788752
06:31:24,113763,ptm_cycle_5,17432116,43062368,6788748
06:31:25,113763,ptm_cycle_5,17432116,43062368,6788748
06:31:26,113763,ptm_cycle_5,17432116,43062368,6788748
06:31:27,113763,ptm_cycle_5,17432116,43062368,6788748
06:31:28,113763,ptm_cycle_5,17432116,43062368,6788748
06:31:29,113763,ptm_cycle_5,17432116,43062368,6788748
06:31:30,113763,ptm_cycle_5,17432116,43062368,6788748
06:31:31,113763,ptm_cycle_5,17432116,43062368,6788748
06:31:32,113763,ptm_cycle_5,17432120,43062368,6788744
06:31:33,113763,ptm_cycle_5,17432120,43062368,6788744
06:31:34,113763,ptm_cycle_5,17432120,43062368,6788744
06:31:35,113763,ptm_cycle_5,17432120,43062368,6788744
06:31:36,113763,ptm_cycle_5,17432120,43062368,6788744
06:31:37,113763,ptm_cycle_5,17432120,43062368,6788744
06:31:38,113763,ptm_cycle_5,17432120,43062368,6788744
06:31:39,113763,ptm_cycle_5,17432120,43062368,6788744
06:31:40,113763,ptm_cycle_5,17432124,43062368,6788740
06:31:41,113763,ptm_cycle_5,17432124,43062368,6788740
06:31:42,113763,ptm_cycle_5,17432124,43062368,6788740
06:31:43,113763,ptm_cycle_5,17432124,43062368,6788740
06:31:44,113763,ptm_cycle_5,17432124,43062368,6788740
06:31:45,113763,ptm_cycle_5,17432124,43062368,6788740
06:31:46,113763,ptm_cycle_5,17433748,43062368,6787116
06:31:47,113763,ptm_cycle_5,17435432,43062368,6785432
06:31:48,113763,ptm_cycle_5,17435432,43062368,6785432
06:31:49,113763,ptm_cycle_5,17435432,43062368,6785432
06:31:50,113763,ptm_cycle_5,17435432,43062368,6785432
06:31:51,113763,ptm_cycle_5,17435432,43062368,6785432
06:31:52,113763,ptm_cycle_5,17435432,43062368,6785432
06:31:53,113763,ptm_cycle_5,17435436,43062368,6785428
06:31:54,113763,ptm_cycle_5,17435436,43062368,6785428
06:31:55,113763,ptm_cycle_5,17435436,43062368,6785428
06:31:56,113763,ptm_cycle_5,17435436,43062368,6785428
06:31:57,113763,ptm_cycle_5,17435436,43062368,6785428
06:31:58,113763,ptm_cycle_5,17435436,43062368,6785428
06:31:59,113763,ptm_cycle_5,17436016,43062368,6784848
06:32:00,113763,ptm_cycle_5,17436016,43062368,6784848
06:32:01,113763,ptm_cycle_5,17436016,43062368,6784848
06:32:02,113763,ptm_cycle_5,17436020,43062368,6784844
06:32:03,113763,ptm_cycle_5,17436020,43062368,6784844
06:32:04,113763,ptm_cycle_5,17436020,43062368,6784844
06:32:05,113763,ptm_cycle_5,17436020,43062368,6784844
06:32:06,113763,ptm_cycle_5,17436020,43062368,6784844
06:32:07,113763,ptm_cycle_5,17436020,43062368,6784844
06:32:08,113763,ptm_cycle_5,17436020,43062368,6784844
06:32:09,113763,ptm_cycle_5,17436020,43062368,6784844
06:32:10,113763,ptm_cycle_5,17436020,43062368,6784844
06:32:11,113763,ptm_cycle_5,17436020,43062368,6784844
06:32:12,113763,ptm_cycle_5,17436020,43062368,6784844
06:32:13,113763,ptm_cycle_5,17436020,43062368,6784844
06:32:14,113763,ptm_cycle_5,17436020,43062368,6784844
06:32:15,113763,ptm_cycle_5,17436020,43062368,6784844
06:32:16,113763,ptm_cycle_5,17436160,43062368,6784704
06:32:17,113763,ptm_cycle_5,17436800,43062368,6784064
06:32:18,113763,ptm_cycle_5,17436800,43062368,6784064
06:32:19,113763,ptm_cycle_5,17436800,43062368,6784064
06:32:21,113763,ptm_cycle_5,17436824,43062368,6784040
06:32:22,113763,ptm_cycle_5,17436824,43062368,6784040
06:32:23,113763,ptm_cycle_5,17436824,43062368,6784040
06:32:24,113763,ptm_cycle_5,17436848,43062368,6784040
06:32:25,113763,ptm_cycle_5,17436824,43062368,6784040
06:32:26,113763,ptm_cycle_5,17436824,43062368,6784040
06:32:27,113763,ptm_cycle_5,17436824,43062368,6784040
06:32:28,113763,ptm_cycle_5,17436824,43062368,6784040
06:32:29,113763,ptm_cycle_5,17436824,43062368,6784040
06:32:30,113763,ptm_cycle_5,17436824,43062368,6784040
06:32:31,113763,ptm_cycle_5,17436824,43062368,6784040
06:32:32,113763,ptm_cycle_5,17436824,43062368,6784040
06:32:33,113763,ptm_cycle_5,17436824,43062368,6784040
06:32:34,113763,ptm_cycle_5,17436824,43062368,6784040
06:32:35,113763,ptm_cycle_5,17436824,43062368,6784040
06:32:36,113763,ptm_cycle_5,17436824,43062368,6784040
06:32:37,113763,ptm_cycle_5,17436992,43062368,6783872
06:32:38,113763,ptm_cycle_5,17436992,43062368,6783872
06:32:39,113763,ptm_cycle_5,17436992,43062368,6783872
06:32:40,113763,ptm_cycle_5,17437068,43062368,6783796
06:32:41,113763,ptm_cycle_5,17437068,43062368,6783796
06:32:42,113763,ptm_cycle_5,17437068,43062368,6783796
06:32:43,113763,ptm_cycle_5,17437068,43062368,6783796
06:32:44,113763,ptm_cycle_5,17437068,43062368,6783796
06:32:45,113763,ptm_cycle_5,17437072,43062368,6783792
06:32:46,113763,ptm_cycle_5,17437240,43062368,6783624
06:32:47,113763,ptm_cycle_5,17437240,43062368,6783624
06:32:48,113763,ptm_cycle_5,17437240,43062368,6783624
06:32:49,113763,ptm_cycle_5,17437240,43062368,6783624
06:32:50,113763,ptm_cycle_5,17437244,43062368,6783620
06:32:51,113763,ptm_cycle_5,17437244,43062368,6783620
06:32:52,113763,ptm_cycle_5,17437244,43062368,6783620
06:32:53,113763,ptm_cycle_5,17437244,43062368,6783620
06:32:54,113763,ptm_cycle_5,17438524,43062368,6782340
06:32:55,113763,ptm_cycle_5,17438528,43062368,6782336
06:32:56,113763,ptm_cycle_5,17438652,43062368,6782212
06:32:57,113763,ptm_cycle_5,17438652,43062368,6782212
06:32:58,113763,ptm_cycle_5,17438652,43062368,6782212
06:32:59,113763,ptm_cycle_5,17438652,43062368,6782212
06:33:00,113763,ptm_cycle_5,17438652,43062368,6782212
06:33:01,113763,ptm_cycle_5,17438852,43062368,6782012
06:33:02,113763,ptm_cycle_5,17438852,43062368,6782012
06:33:03,113763,ptm_cycle_5,17438852,43062368,6782012
06:33:04,113763,ptm_cycle_5,17438852,43062368,6782012
06:33:05,113763,ptm_cycle_5,17438852,43062368,6782012
06:33:06,113763,ptm_cycle_5,17438852,43062368,6782012
06:33:07,113763,ptm_cycle_5,17438852,43062368,6782012
06:33:08,113763,ptm_cycle_5,17438856,43062368,6782008
06:33:09,113763,ptm_cycle_5,17438856,43062368,6782008
06:33:10,113763,ptm_cycle_5,17438856,43062368,6782008
06:33:11,113763,ptm_cycle_5,17439668,43062368,6781196
06:33:12,113763,ptm_cycle_5,17439668,43062368,6781196
06:33:13,113763,ptm_cycle_5,17439668,43062368,6781196
06:33:14,113763,ptm_cycle_5,17439668,43062368,6781196
06:33:15,113763,ptm_cycle_5,17439668,43062368,6781196
06:33:16,113763,ptm_cycle_5,17439672,43062368,6781192
06:33:17,113763,ptm_cycle_5,17439672,43062368,6781192
06:33:18,113763,ptm_cycle_5,17439672,43062368,6781192
06:33:19,113763,ptm_cycle_5,17439684,43062368,6781180
06:33:20,113763,ptm_cycle_5,17439684,43062368,6781180
06:33:21,113763,ptm_cycle_5,17439724,43062368,6781140
06:33:22,113763,ptm_cycle_5,17439724,43062368,6781140
06:33:23,113763,ptm_cycle_5,17439724,43062368,6781140
06:33:24,113763,ptm_cycle_5,17439728,43062368,6781136
06:33:25,113763,ptm_cycle_5,17439728,43062368,6781136
06:33:26,113763,ptm_cycle_5,17439728,43062368,6781136
06:33:27,113763,ptm_cycle_5,17439728,43062368,6781136
06:33:28,113763,ptm_cycle_5,17439728,43062368,6781136
06:33:29,113763,ptm_cycle_5,17439728,43062368,6781136
06:33:30,113763,ptm_cycle_5,17439728,43062368,6781136
06:33:31,113763,ptm_cycle_5,17439728,43062368,6781136
06:33:32,113763,ptm_cycle_5,17439728,43062368,6781136
06:33:33,113763,ptm_cycle_5,17439728,43062368,6781136
06:33:34,113763,ptm_cycle_5,17439728,43062368,6781136
06:33:35,113763,ptm_cycle_5,17439728,43062368,6781136
06:33:36,113763,ptm_cycle_5,17439728,43062368,6781136
06:33:37,113763,ptm_cycle_5,17439728,43062368,6781136
06:33:38,113763,ptm_cycle_5,17439728,43062368,6781136
06:33:39,113763,ptm_cycle_5,17439736,43062368,6781128
06:33:40,113763,ptm_cycle_5,17439736,43062368,6781128
06:33:41,113763,ptm_cycle_5,17439736,43062368,6781128
06:33:42,113763,ptm_cycle_5,17439736,43062368,6781128
06:33:43,113763,ptm_cycle_5,17439736,43062368,6781128
06:33:44,113763,ptm_cycle_5,17439736,43062368,6781128
06:33:45,113763,ptm_cycle_5,17439740,43062368,6781124
06:33:46,113763,ptm_cycle_5,17439740,43062368,6781124
06:33:47,113763,ptm_cycle_5,17439740,43062368,6781124
06:33:48,113763,ptm_cycle_5,17439740,43062368,6781124
06:33:49,113763,ptm_cycle_5,17455184,43062368,6767504
06:33:50,113763,ptm_cycle_5,17455184,43062368,6767504
06:33:52,113763,ptm_cycle_5,17455184,43062368,6767504
06:33:53,113763,ptm_cycle_5,17455212,43062368,6767500
06:33:54,113763,ptm_cycle_5,17455188,43062368,6767500
06:33:55,113763,ptm_cycle_5,17455192,43062368,6767496
06:33:56,113763,ptm_cycle_5,17455200,43062368,6767488
06:33:57,113763,ptm_cycle_5,17455376,43062368,6767312
06:33:58,113763,ptm_cycle_5,17455376,43062368,6767312
06:33:59,113763,ptm_cycle_5,17455380,43062368,6767308
06:34:00,113763,ptm_cycle_5,17455384,43062368,6767304
06:34:01,113763,ptm_cycle_5,17455560,43062368,6767128
06:34:02,113763,ptm_cycle_5,17455564,43062368,6767124
06:34:03,113763,ptm_cycle_5,17455564,43062368,6767124
06:34:04,113763,ptm_cycle_5,17457324,43062368,6765364
06:34:05,113763,ptm_cycle_5,17457328,43062368,6765360
06:34:06,113763,ptm_cycle_5,17457328,43062368,6765360
06:34:07,113763,ptm_cycle_5,17457384,43062368,6765304
06:34:08,113763,ptm_cycle_5,17457384,43062368,6765304
06:34:09,113763,ptm_cycle_5,17457384,43062368,6765304
06:34:10,113763,ptm_cycle_5,17457388,43062368,6765300
06:34:11,113763,ptm_cycle_5,17457388,43062368,6765300
06:34:12,113763,ptm_cycle_5,17457388,43062368,6765300
06:34:13,113763,ptm_cycle_5,17457416,43062368,6765272
06:34:14,113763,ptm_cycle_5,17459204,43062368,6763484
06:34:15,113763,ptm_cycle_5,17459204,43062368,6763484
06:34:16,113763,ptm_cycle_5,17459208,43062368,6763480
06:34:17,113763,ptm_cycle_5,17459208,43062368,6763480
06:34:18,113763,ptm_cycle_5,17459472,43062368,6763216
06:34:19,113763,ptm_cycle_5,17459472,43062368,6763216
06:34:20,113763,ptm_cycle_5,17459472,43062368,6763216
06:34:21,113763,ptm_cycle_5,17459472,43062368,6763216
06:34:22,113763,ptm_cycle_5,17459472,43062368,6763216
06:34:23,113763,ptm_cycle_5,17459472,43062368,6763216
06:34:24,113763,ptm_cycle_5,17459472,43062368,6763216
06:34:25,113763,ptm_cycle_5,17459472,43062368,6763216
06:34:26,113763,ptm_cycle_5,17459472,43062368,6763216
06:34:27,113763,ptm_cycle_5,17459472,43062368,6763216
06:34:28,113763,ptm_cycle_5,17459472,43062368,6763216
06:34:29,113763,ptm_cycle_5,17459472,43062368,6763216
06:34:30,113763,ptm_cycle_5,17459472,43062368,6763216
06:34:31,113763,ptm_cycle_5,17459472,43062368,6763216
06:34:32,113763,ptm_cycle_5,17459472,43062368,6763216
06:34:33,113763,ptm_cycle_5,17459472,43062368,6763216
06:34:34,113763,ptm_cycle_5,17459472,43062368,6763216
06:34:35,113763,ptm_cycle_5,17459472,43062368,6763216
06:34:36,113763,ptm_cycle_5,17459472,43062368,6763216
06:34:37,113763,ptm_cycle_5,17459472,43062368,6763216
06:34:38,113763,ptm_cycle_5,17459472,43062368,6763216
06:34:39,113763,ptm_cycle_5,17459476,43062368,6763212
06:34:40,113763,ptm_cycle_5,17459500,43062368,6763188
06:34:41,113763,ptm_cycle_5,17459516,43062368,6763172
06:34:42,113763,ptm_cycle_5,17459528,43062368,6763160
06:34:43,113763,ptm_cycle_5,17459528,43062368,6763160
06:34:44,113763,ptm_cycle_5,17459528,43062368,6763160
06:34:45,113763,ptm_cycle_5,17459528,43062368,6763160
06:34:46,113763,ptm_cycle_5,17459528,43062368,6763160
06:34:47,113763,ptm_cycle_5,17459528,43062368,6763160
06:34:48,113763,ptm_cycle_5,17459528,43062368,6763160
06:34:49,113763,ptm_cycle_5,17459528,43062368,6763160
06:34:50,113763,ptm_cycle_5,17459528,43062368,6763160
06:34:51,113763,ptm_cycle_5,17459580,43062368,6763108
06:34:52,113763,ptm_cycle_5,17459580,43062368,6763108
06:34:53,113763,ptm_cycle_5,17459584,43062368,6763104
06:34:54,113763,ptm_cycle_5,17459584,43062368,6763104
06:34:55,113763,ptm_cycle_5,17459584,43062368,6763104
06:34:56,113763,ptm_cycle_5,17459584,43062368,6763104
06:34:57,113763,ptm_cycle_5,17459584,43062368,6763104
06:34:58,113763,ptm_cycle_5,17459584,43062368,6763104
06:34:59,113763,ptm_cycle_5,17459584,43062368,6763104
06:35:00,113763,ptm_cycle_5,17459592,43062368,6763096
06:35:01,113763,ptm_cycle_5,17459592,43062368,6763096
06:35:02,113763,ptm_cycle_5,17459592,43062368,6763096
06:35:03,113763,ptm_cycle_5,17459592,43062368,6763096
06:35:04,113763,ptm_cycle_5,17459592,43062368,6763096
06:35:05,113763,ptm_cycle_5,17459900,43062368,6762788
06:35:06,113763,ptm_cycle_5,17459900,43062368,6762788
06:35:07,113763,ptm_cycle_5,17459900,43062368,6762788
06:35:08,113763,ptm_cycle_5,17459900,43062368,6762788
06:35:09,113763,ptm_cycle_5,17460368,43062368,6762320
06:35:10,113763,ptm_cycle_5,17460544,43062368,6762144
06:35:11,113763,ptm_cycle_5,17460544,43062368,6762144
06:35:12,113763,ptm_cycle_5,17460544,43062368,6762144
06:35:13,113763,ptm_cycle_5,17460640,43062368,6762048
06:35:14,113763,ptm_cycle_5,17460948,43062368,6761740
06:35:15,113763,ptm_cycle_5,17460952,43062368,6761736
06:35:16,113763,ptm_cycle_5,17460952,43062368,6761736
06:35:17,113763,ptm_cycle_5,17460952,43062368,6761736
06:35:18,113763,ptm_cycle_5,17460952,43062368,6761736
06:35:19,113763,ptm_cycle_5,17460952,43062368,6761736
06:35:20,113763,ptm_cycle_5,17460952,43062368,6761736
06:35:21,113763,ptm_cycle_5,17460952,43062368,6761736
06:35:23,113763,ptm_cycle_5,17460952,43062368,6761736
06:35:24,113763,ptm_cycle_5,17460952,43062368,6761736
06:35:25,113763,ptm_cycle_5,17460952,43062368,6761736
06:35:26,113763,ptm_cycle_5,17460952,43062368,6761736
06:35:27,113763,ptm_cycle_5,17460952,43062368,6761736
06:35:28,113763,ptm_cycle_5,17460952,43062368,6761736
06:35:29,113763,ptm_cycle_5,17460952,43062368,6761736
06:35:30,113763,ptm_cycle_5,17460952,43062368,6761736
06:35:31,113763,ptm_cycle_5,17460952,43062368,6761736
06:35:32,113763,ptm_cycle_5,17460952,43062368,6761736
06:35:33,113763,ptm_cycle_5,17460952,43062368,6761736
06:35:34,113763,ptm_cycle_5,17460952,43062368,6761736
06:35:35,113763,ptm_cycle_5,17460952,43062368,6761736
06:35:36,113763,ptm_cycle_5,17460952,43062368,6761736
06:35:37,113763,ptm_cycle_5,17460968,43062368,6761720
06:35:38,113763,ptm_cycle_5,17460968,43062368,6761720
06:35:39,113763,ptm_cycle_5,17460968,43062368,6761720
06:35:40,113763,ptm_cycle_5,17460968,43062368,6761720
06:35:41,113763,ptm_cycle_5,17461444,43062368,6761244
06:35:42,113763,ptm_cycle_5,17461584,43062368,6761104
06:35:43,113763,ptm_cycle_5,17461992,43062368,6760696
06:35:44,113763,ptm_cycle_5,17461992,43062368,6760696
06:35:45,113763,ptm_cycle_5,17461992,43062368,6760696
06:35:46,113763,ptm_cycle_5,17461992,43062368,6760696
06:35:47,113763,ptm_cycle_5,17461992,43062368,6760696
06:35:48,113763,ptm_cycle_5,17461992,43062368,6760696
06:35:49,113763,ptm_cycle_5,17461992,43062368,6760696
06:35:50,113763,ptm_cycle_5,17461992,43062368,6760696
06:35:51,113763,ptm_cycle_5,17461992,43062368,6760696
06:35:52,113763,ptm_cycle_5,17463072,43062368,6759616
06:35:53,113763,ptm_cycle_5,17463132,43062368,6759556
06:35:54,113763,ptm_cycle_5,17463136,43062368,6759552
06:35:55,113763,ptm_cycle_5,17463136,43062368,6759552
06:35:56,113763,ptm_cycle_5,17463136,43062368,6759552
06:35:57,113763,ptm_cycle_5,17463136,43062368,6759552
06:35:58,113763,ptm_cycle_5,17463136,43062368,6759552
06:35:59,113763,ptm_cycle_5,17463144,43062368,6759544
06:36:00,113763,ptm_cycle_5,17463144,43062368,6759544
06:36:01,113763,ptm_cycle_5,17463144,43062368,6759544
06:36:02,113763,ptm_cycle_5,17463144,43062368,6759544
06:36:03,113763,ptm_cycle_5,17463144,43062368,6759544
06:36:04,113763,ptm_cycle_5,17463144,43062368,6759544
06:36:05,113763,ptm_cycle_5,17463144,43062368,6759544
06:36:06,113763,ptm_cycle_5,17463144,43062368,6759544
06:36:07,113763,ptm_cycle_5,17463144,43062368,6759544
06:36:08,113763,ptm_cycle_5,17463144,43062368,6759544
06:36:09,113763,ptm_cycle_5,17463144,43062368,6759544
06:36:10,113763,ptm_cycle_5,17463464,43062368,6759224
06:36:11,113763,ptm_cycle_5,17463464,43062368,6759224
06:36:12,113763,ptm_cycle_5,17463464,43062368,6759224
06:36:13,113763,ptm_cycle_5,17463464,43062368,6759224
06:36:14,113763,ptm_cycle_5,17463464,43062368,6759224
06:36:15,113763,ptm_cycle_5,17463464,43062368,6759224
06:36:16,113763,ptm_cycle_5,17463464,43062368,6759224
06:36:17,113763,ptm_cycle_5,17463464,43062368,6759224
06:36:18,113763,ptm_cycle_5,17463464,43062368,6759224
06:36:19,113763,ptm_cycle_5,17463464,43062368,6759224
06:36:20,113763,ptm_cycle_5,17463464,43062368,6759224
06:36:21,113763,ptm_cycle_5,17463464,43062368,6759224
06:36:22,113763,ptm_cycle_5,17463464,43062368,6759224
06:36:23,113763,ptm_cycle_5,17463464,43062368,6759224
06:36:24,113763,ptm_cycle_5,17463464,43062368,6759224
06:36:25,113763,ptm_cycle_5,17463464,43062368,6759224
06:36:26,113763,ptm_cycle_5,17463464,43062368,6759224
06:36:27,113763,ptm_cycle_5,17463508,43062368,6759180
06:36:28,113763,ptm_cycle_5,17463520,43062368,6759168
06:36:29,113763,ptm_cycle_5,17463520,43062368,6759168
06:36:30,113763,ptm_cycle_5,17463520,43062368,6759168
06:36:31,113763,ptm_cycle_5,17463920,43062368,6758768
06:36:32,113763,ptm_cycle_5,17463920,43062368,6758768
06:36:33,113763,ptm_cycle_5,17463920,43062368,6758768
06:36:34,113763,ptm_cycle_5,17463920,43062368,6758768
06:36:35,113763,ptm_cycle_5,17467132,43062368,6755588
06:36:36,113763,ptm_cycle_5,17467132,43062368,6755588
06:36:37,113763,ptm_cycle_5,17467528,43062368,6755192
06:36:38,113763,ptm_cycle_5,17476420,43062368,6746336
06:36:39,113763,ptm_cycle_5,17479720,43062368,6743836
06:36:40,113763,ptm_cycle_5,17497652,43062368,6726484
06:36:41,113763,ptm_cycle_5,17498408,43062368,6725976
06:36:42,113763,ptm_cycle_5,17498408,43062368,6725976
06:36:43,113763,ptm_cycle_5,17499060,43062368,6725564
06:36:44,113763,ptm_cycle_5,17499060,43062368,6725564
06:36:45,113763,ptm_cycle_5,17499112,43062368,6725512
06:36:46,113763,ptm_cycle_5,17502096,43062368,6722528
06:36:47,113763,ptm_cycle_5,17502120,43062368,6722504
06:36:48,113763,ptm_cycle_5,17503168,43062368,6721468
06:36:49,113763,ptm_cycle_5,17508588,43062368,6716048
06:36:50,113763,ptm_cycle_5,17508920,43062368,6715716
06:36:51,113763,ptm_cycle_5,17508948,43062368,6715696
06:36:53,113763,ptm_cycle_5,17510656,43062368,6713988
06:36:54,113763,ptm_cycle_5,17510656,43062368,6713988
06:36:55,113763,ptm_cycle_5,17513264,43062368,6711384
06:36:56,113763,ptm_cycle_5,17513756,43062368,6710892
06:36:57,113763,ptm_cycle_5,17514960,43062368,6709688
06:36:58,113763,ptm_cycle_5,17515464,43062368,6709184
06:36:59,113763,ptm_cycle_5,17515464,43062368,6709184
06:37:00,113763,ptm_cycle_5,17525632,43062368,6699412
06:37:01,113763,ptm_cycle_5,17525708,43062368,6699360
06:37:02,113763,ptm_cycle_5,17525684,43062368,6699360
06:37:03,113763,ptm_cycle_5,17526368,43062368,6698676
06:37:04,113763,ptm_cycle_5,17526528,43062368,6698516
06:37:05,113763,ptm_cycle_5,17526528,43062368,6698516
06:37:06,113763,ptm_cycle_5,17526528,43062368,6698516
06:37:07,113763,ptm_cycle_5,17526528,43062368,6698516
06:37:08,113763,ptm_cycle_5,17526528,43062368,6698516
06:37:09,113763,ptm_cycle_5,17526528,43062368,6698516
06:37:10,113763,ptm_cycle_5,17526616,43062368,6698428
06:37:11,113763,ptm_cycle_5,17526992,43062368,6698052
06:37:12,113763,ptm_cycle_5,17526992,43062368,6698052
06:37:13,113763,ptm_cycle_5,17527024,43062368,6698052
06:37:14,113763,ptm_cycle_5,17527024,43062368,6698052
06:37:15,113763,ptm_cycle_5,17527024,43062368,6698052
06:37:16,113763,ptm_cycle_5,17527240,43062368,6697836
06:37:17,113763,ptm_cycle_5,17527240,43062368,6697836
06:37:18,113763,ptm_cycle_5,17527240,43062368,6697836
06:37:19,113763,ptm_cycle_5,17527240,43062368,6697836
06:37:20,113763,ptm_cycle_5,17527240,43062368,6697836
06:37:21,113763,ptm_cycle_5,17527240,43062368,6697836
06:37:22,113763,ptm_cycle_5,17527240,43062368,6697836
06:37:23,113763,ptm_cycle_5,17527240,43062368,6697836
06:37:24,113763,ptm_cycle_5,17527240,43062368,6697836
06:37:25,113763,ptm_cycle_5,17527240,43062368,6697836
06:37:26,113763,ptm_cycle_5,17527240,43062368,6697836
06:37:27,113763,ptm_cycle_5,17527240,43062368,6697836
06:37:28,113763,ptm_cycle_5,17527240,43062368,6697836
06:37:29,113763,ptm_cycle_5,17527244,43062368,6697832
06:37:30,113763,ptm_cycle_5,17527244,43062368,6697832
06:37:31,113763,ptm_cycle_5,17527248,43062368,6697828
06:37:32,113763,ptm_cycle_5,17527248,43062368,6697828
06:37:33,113763,ptm_cycle_5,17527248,43062368,6697828
06:37:34,113763,ptm_cycle_5,17527252,43062368,6697824
06:37:35,113763,ptm_cycle_5,17527252,43062368,6697824
06:37:36,113763,ptm_cycle_5,17527252,43062368,6697824
06:37:37,113763,ptm_cycle_5,17527252,43062368,6697824
06:37:38,113763,ptm_cycle_5,17527252,43062368,6697824
06:37:39,113763,ptm_cycle_5,17527256,43062368,6697820
06:37:40,113763,ptm_cycle_5,17527280,43062368,6697796
06:37:41,113763,ptm_cycle_5,17527280,43062368,6697796
06:37:42,113763,ptm_cycle_5,17527280,43062368,6697796
06:37:43,113763,ptm_cycle_5,17527280,43062368,6697796
06:37:44,113763,ptm_cycle_5,17527280,43062368,6697796
06:37:45,113763,ptm_cycle_5,17527280,43062368,6697796
06:37:46,113763,ptm_cycle_5,17527280,43062368,6697796
06:37:47,113763,ptm_cycle_5,17527284,43062368,6697792
06:37:48,113763,ptm_cycle_5,17527284,43062368,6697792
06:37:49,113763,ptm_cycle_5,17527284,43062368,6697792
06:37:50,113763,ptm_cycle_5,17527284,43062368,6697792
06:37:51,113763,ptm_cycle_5,17527308,43062368,6697792
06:37:52,113763,ptm_cycle_5,17527284,43062368,6697792
06:37:53,113763,ptm_cycle_5,17527284,43062368,6697792
06:37:54,113763,ptm_cycle_5,17527284,43062368,6697792
06:37:55,113763,ptm_cycle_5,17527284,43062368,6697792
06:37:56,113763,ptm_cycle_5,17527284,43062368,6697792
06:37:57,113763,ptm_cycle_5,17527284,43062368,6697792
06:37:58,113763,ptm_cycle_5,17527288,43062368,6697788
06:37:59,113763,ptm_cycle_5,17527288,43062368,6697788
06:38:00,113763,ptm_cycle_5,17527288,43062368,6697788
06:38:01,113763,ptm_cycle_5,17527288,43062368,6697788
06:38:02,113763,ptm_cycle_5,17527288,43062368,6697788
06:38:03,113763,ptm_cycle_5,17527288,43062368,6697788
06:38:04,113763,ptm_cycle_5,17527288,43062368,6697788
06:38:05,113763,ptm_cycle_5,17527292,43062368,6697784
06:38:06,113763,ptm_cycle_5,17527292,43062368,6697784
06:38:07,113763,ptm_cycle_5,17527292,43062368,6697784
06:38:08,113763,ptm_cycle_5,17527292,43062368,6697784
06:38:09,113763,ptm_cycle_5,17527292,43062368,6697784
06:38:10,113763,ptm_cycle_5,17527292,43062368,6697784
06:38:11,113763,ptm_cycle_5,17527312,43062368,6697764
06:38:12,113763,ptm_cycle_5,17527312,43062368,6697764
06:38:13,113763,ptm_cycle_5,17527312,43062368,6697764
06:38:14,113763,ptm_cycle_5,17527312,43062368,6697764
06:38:15,113763,ptm_cycle_5,17527312,43062368,6697764
06:38:16,113763,ptm_cycle_5,17527312,43062368,6697764
06:38:17,113763,ptm_cycle_5,17527312,43062368,6697764
06:38:18,113763,ptm_cycle_5,17527316,43062368,6697760
06:38:19,113763,ptm_cycle_5,17527316,43062368,6697760
06:38:20,113763,ptm_cycle_5,17527316,43062368,6697760
06:38:21,113763,ptm_cycle_5,17527316,43062368,6697760
06:38:22,113763,ptm_cycle_5,17527340,43062368,6697760
06:38:24,113763,ptm_cycle_5,17527320,43062368,6697756
06:38:25,113763,ptm_cycle_5,17527320,43062368,6697756
06:38:26,113763,ptm_cycle_5,17527320,43062368,6697756
06:38:27,113763,ptm_cycle_5,17527320,43062368,6697756
06:38:28,113763,ptm_cycle_5,17527320,43062368,6697756
06:38:29,113763,ptm_cycle_5,17527320,43062368,6697756
06:38:30,113763,ptm_cycle_5,17527324,43062368,6697752
06:38:31,113763,ptm_cycle_5,17527324,43062368,6697752
06:38:32,113763,ptm_cycle_5,17527324,43062368,6697752
06:38:33,113763,ptm_cycle_5,17527324,43062368,6697752
06:38:34,113763,ptm_cycle_5,17527324,43062368,6697752
06:38:35,113763,ptm_cycle_5,17527496,43062368,6697580
06:38:36,113763,ptm_cycle_5,17527496,43062368,6697580
06:38:37,113763,ptm_cycle_5,17527500,43062368,6697576
06:38:38,113763,ptm_cycle_5,17527504,43062368,6697572
06:38:39,113763,ptm_cycle_5,17527504,43062368,6697572
06:38:40,113763,ptm_cycle_5,17527504,43062368,6697572
06:38:41,113763,ptm_cycle_5,17527504,43062368,6697572
06:38:42,113763,ptm_cycle_5,17527504,43062368,6697572
06:38:43,113763,ptm_cycle_5,17527504,43062368,6697572
06:38:44,113763,ptm_cycle_5,17527504,43062368,6697572
06:38:45,113763,ptm_cycle_5,17527504,43062368,6697572
06:38:46,113763,ptm_cycle_5,17527516,43062368,6697560
06:38:47,113763,ptm_cycle_5,17527516,43062368,6697560
06:38:48,113763,ptm_cycle_5,17527520,43062368,6697556
06:38:49,113763,ptm_cycle_5,17527520,43062368,6697556
06:38:50,113763,ptm_cycle_5,17527520,43062368,6697556
06:38:51,113763,ptm_cycle_5,17527520,43062368,6697556
06:38:52,113763,ptm_cycle_5,17527520,43062368,6697556
06:38:53,113763,ptm_cycle_5,17527520,43062368,6697556
06:38:54,113763,ptm_cycle_5,17527524,43062368,6697552
06:38:55,113763,ptm_cycle_5,17527524,43062368,6697552
06:38:56,113763,ptm_cycle_5,17527524,43062368,6697552
06:38:57,113763,ptm_cycle_5,17527548,43062368,6697552
06:38:58,113763,ptm_cycle_5,17527524,43062368,6697552
06:38:59,113763,ptm_cycle_5,17527524,43062368,6697552
06:39:00,113763,ptm_cycle_5,17527524,43062368,6697552
06:39:01,113763,ptm_cycle_5,17527528,43062368,6697548
06:39:02,113763,ptm_cycle_5,17527528,43062368,6697548
06:39:03,113763,ptm_cycle_5,17527528,43062368,6697548
06:39:04,113763,ptm_cycle_5,17527528,43062368,6697548
06:39:05,113763,ptm_cycle_5,17527528,43062368,6697548
06:39:06,113763,ptm_cycle_5,17527568,43062368,6697508
06:39:07,113763,ptm_cycle_5,17527572,43062368,6697504
06:39:08,113763,ptm_cycle_5,17527572,43062368,6697504
06:39:09,113763,ptm_cycle_5,17527572,43062368,6697504
06:39:10,113763,ptm_cycle_5,17527572,43062368,6697504
06:39:11,113763,ptm_cycle_5,17527572,43062368,6697504
06:39:12,113763,ptm_cycle_5,17527576,43062368,6697500
06:39:13,113763,ptm_cycle_5,17527576,43062368,6697500
06:39:14,113763,ptm_cycle_5,17527576,43062368,6697500
06:39:15,113763,ptm_cycle_5,17527576,43062368,6697500
06:39:16,113763,ptm_cycle_5,17527576,43062368,6697500
06:39:17,113763,ptm_cycle_5,17527576,43062368,6697500
06:39:18,113763,ptm_cycle_5,17527576,43062368,6697500
06:39:19,113763,ptm_cycle_5,17527580,43062368,6697496
06:39:20,113763,ptm_cycle_5,17527580,43062368,6697496
06:39:21,113763,ptm_cycle_5,17527580,43062368,6697496
06:39:22,113763,ptm_cycle_5,17527580,43062368,6697496
06:39:23,113763,ptm_cycle_5,17527580,43062368,6697496
06:39:24,113763,ptm_cycle_5,17527608,43062368,6697468
06:39:25,113763,ptm_cycle_5,17527612,43062368,6697464
06:39:26,113763,ptm_cycle_5,17527612,43062368,6697464
06:39:27,113763,ptm_cycle_5,17527612,43062368,6697464
06:39:28,113763,ptm_cycle_5,17528348,43062368,6696728
06:39:29,113763,ptm_cycle_5,17528348,43062368,6696728
06:39:30,113763,ptm_cycle_5,17528348,43062368,6696728
06:39:31,113763,ptm_cycle_5,17528348,43062368,6696728
06:39:32,113763,ptm_cycle_5,17528348,43062368,6696728
06:39:33,113763,ptm_cycle_5,17529000,43062368,6696076
06:39:34,113763,ptm_cycle_5,17529000,43062368,6696076
06:39:35,113763,ptm_cycle_5,17529000,43062368,6696076
06:39:36,113763,ptm_cycle_5,17529000,43062368,6696076
06:39:37,113763,ptm_cycle_5,17529000,43062368,6696076
06:39:38,113763,ptm_cycle_5,17529000,43062368,6696076
06:39:39,113763,ptm_cycle_5,17529000,43062368,6696076
06:39:40,113763,ptm_cycle_5,17529000,43062368,6696076
06:39:41,113763,ptm_cycle_5,17529000,43062368,6696076
06:39:42,113763,ptm_cycle_5,17529000,43062368,6696076
06:39:43,113763,ptm_cycle_5,17529000,43062368,6696076
06:39:44,113763,ptm_cycle_5,17529000,43062368,6696076
06:39:45,113763,ptm_cycle_5,17529000,43062368,6696076
06:39:46,113763,ptm_cycle_5,17529000,43062368,6696076
06:39:47,113763,ptm_cycle_5,17529000,43062368,6696076
06:39:48,113763,ptm_cycle_5,17529000,43062368,6696076
06:39:49,113763,ptm_cycle_5,17529000,43062368,6696076
06:39:50,113763,ptm_cycle_5,17529000,43062368,6696076
06:39:51,113763,ptm_cycle_5,17529000,43062368,6696076
06:39:52,113763,ptm_cycle_5,17529000,43062368,6696076
06:39:53,113763,ptm_cycle_5,17529000,43062368,6696076
06:39:55,113763,ptm_cycle_5,17529000,43062368,6696076
06:39:56,113763,ptm_cycle_5,17529000,43062368,6696076
06:39:57,113763,ptm_cycle_5,17529000,43062368,6696076
06:39:58,113763,ptm_cycle_5,17529000,43062368,6696076
06:39:59,113763,ptm_cycle_5,17529004,43062368,6696072
06:40:00,113763,ptm_cycle_5,17529004,43062368,6696072
06:40:01,113763,ptm_cycle_5,17529004,43062368,6696072
06:40:02,113763,ptm_cycle_5,17529004,43062368,6696072
06:40:03,113763,ptm_cycle_5,17529004,43062368,6696072
06:40:04,113763,ptm_cycle_5,17529004,43062368,6696072
06:40:05,113763,ptm_cycle_5,17529004,43062368,6696072
06:40:06,113763,ptm_cycle_5,17529004,43062368,6696072
06:40:07,113763,ptm_cycle_5,17529004,43062368,6696072
06:40:08,113763,ptm_cycle_5,17529004,43062368,6696072
06:40:09,113763,ptm_cycle_5,17529004,43062368,6696072
06:40:10,113763,ptm_cycle_5,17529004,43062368,6696072
06:40:11,113763,ptm_cycle_5,17529004,43062368,6696072
06:40:12,113763,ptm_cycle_5,17529004,43062368,6696072
06:40:13,113763,ptm_cycle_5,17529004,43062368,6696072
06:40:14,113763,ptm_cycle_5,17529004,43062368,6696072
06:40:15,113763,ptm_cycle_5,17529004,43062368,6696072
06:40:16,113763,ptm_cycle_5,17529004,43062368,6696072
06:40:17,113763,ptm_cycle_5,17529012,43062368,6696064
06:40:18,113763,ptm_cycle_5,17529012,43062368,6696064
06:40:19,113763,ptm_cycle_5,17529012,43062368,6696064
06:40:20,113763,ptm_cycle_5,17529012,43062368,6696064
06:40:21,113763,ptm_cycle_5,17529012,43062368,6696064
06:40:22,113763,ptm_cycle_5,17529012,43062368,6696064
06:40:23,113763,ptm_cycle_5,17529016,43062368,6696060
06:40:24,113763,ptm_cycle_5,17529016,43062368,6696060
06:40:25,113763,ptm_cycle_5,17529016,43062368,6696060
06:40:26,113763,ptm_cycle_5,17529016,43062368,6696060
06:40:27,113763,ptm_cycle_5,17529016,43062368,6696060
06:40:28,113763,ptm_cycle_5,17529020,43062368,6696056
06:40:29,113763,ptm_cycle_5,17529020,43062368,6696056
06:40:30,113763,ptm_cycle_5,17529020,43062368,6696056
06:40:31,113763,ptm_cycle_5,17529020,43062368,6696056
06:40:32,113763,ptm_cycle_5,17529020,43062368,6696056
06:40:33,113763,ptm_cycle_5,17529020,43062368,6696056
06:40:34,113763,ptm_cycle_5,17529020,43062368,6696056
06:40:35,113763,ptm_cycle_5,17529024,43062368,6696052
06:40:36,113763,ptm_cycle_5,17529024,43062368,6696052
06:40:37,113763,ptm_cycle_5,17529024,43062368,6696052
06:40:38,113763,ptm_cycle_5,17529024,43062368,6696052
06:40:39,113763,ptm_cycle_5,17529028,43062368,6696048
06:40:40,113763,ptm_cycle_5,17529028,43062368,6696048
06:40:41,113763,ptm_cycle_5,17529032,43062368,6696044
06:40:42,113763,ptm_cycle_5,17529032,43062368,6696044
06:40:43,113763,ptm_cycle_5,17529032,43062368,6696044
06:40:44,113763,ptm_cycle_5,17529032,43062368,6696044
06:40:45,113763,ptm_cycle_5,17529032,43062368,6696044
06:40:46,113763,ptm_cycle_5,17529032,43062368,6696044
06:40:47,113763,ptm_cycle_5,17529032,43062368,6696044
06:40:48,113763,ptm_cycle_5,17530044,43062368,6695032
06:40:49,113763,ptm_cycle_5,17530044,43062368,6695032
06:40:50,113763,ptm_cycle_5,17531052,43062368,6694024
06:40:51,113763,ptm_cycle_5,17531052,43062368,6694024
06:40:52,113763,ptm_cycle_5,17532060,43062368,6693016
06:40:53,113763,ptm_cycle_5,17533072,43062368,6692004
06:40:54,113763,ptm_cycle_5,17533072,43062368,6692004
06:40:55,113763,ptm_cycle_5,17533072,43062368,6692004
06:40:56,113763,ptm_cycle_5,17534080,43062368,6690996
06:40:57,113763,ptm_cycle_5,17534080,43062368,6690996
06:40:58,113763,ptm_cycle_5,17534080,43062368,6690996
06:40:59,113763,ptm_cycle_5,17534080,43062368,6690996
06:41:00,113763,ptm_cycle_5,17534080,43062368,6690996
06:41:01,113763,ptm_cycle_5,17534080,43062368,6690996
06:41:02,113763,ptm_cycle_5,17534080,43062368,6690996
06:41:03,113763,ptm_cycle_5,17534080,43062368,6690996
06:41:04,113763,ptm_cycle_5,17534080,43062368,6690996
06:41:05,113763,ptm_cycle_5,17534080,43062368,6690996
06:41:06,113763,ptm_cycle_5,17534080,43062368,6690996
06:41:07,113763,ptm_cycle_5,17534208,43062368,6690868
06:41:08,113763,ptm_cycle_5,17534208,43062368,6690868
06:41:09,113763,ptm_cycle_5,17534208,43062368,6690868
06:41:10,113763,ptm_cycle_5,17534208,43062368,6690868
06:41:11,113763,ptm_cycle_5,17534208,43062368,6690868
06:41:12,113763,ptm_cycle_5,17534208,43062368,6690868
06:41:13,113763,ptm_cycle_5,17534208,43062368,6690868
06:41:14,113763,ptm_cycle_5,17534208,43062368,6690868
06:41:15,113763,ptm_cycle_5,17534232,43062368,6690868
06:41:16,113763,ptm_cycle_5,17534208,43062368,6690868
06:41:17,113763,ptm_cycle_5,17534208,43062368,6690868
06:41:18,113763,ptm_cycle_5,17534208,43062368,6690868
06:41:19,113763,ptm_cycle_5,17534208,43062368,6690868
06:41:20,113763,ptm_cycle_5,17534208,43062368,6690868
06:41:21,113763,ptm_cycle_5,17534208,43062368,6690868
06:41:22,113763,ptm_cycle_5,17534208,43062368,6690868
06:41:23,113763,ptm_cycle_5,17534208,43062368,6690868
06:41:24,113763,ptm_cycle_5,17534208,43062368,6690868
06:41:26,113763,ptm_cycle_5,17534208,43062368,6690868
06:41:27,113763,ptm_cycle_5,17534208,43062368,6690868
06:41:28,113763,ptm_cycle_5,17534208,43062368,6690868
06:41:29,113763,ptm_cycle_5,17534208,43062368,6690868
06:41:30,113763,ptm_cycle_5,17534208,43062368,6690868
06:41:31,113763,ptm_cycle_5,17534208,43062368,6690868
06:41:32,113763,ptm_cycle_5,17534208,43062368,6690868
06:41:33,113763,ptm_cycle_5,17534208,43062368,6690868
06:41:34,113763,ptm_cycle_5,17534208,43062368,6690868
06:41:35,113763,ptm_cycle_5,17534208,43062368,6690868
06:41:36,113763,ptm_cycle_5,17534208,43062368,6690868
06:41:37,113763,ptm_cycle_5,17534208,43062368,6690868
06:41:38,113763,ptm_cycle_5,17534208,43062368,6690868
06:41:39,113763,ptm_cycle_5,17534208,43062368,6690868
06:41:40,113763,ptm_cycle_5,17534208,43062368,6690868
06:41:41,113763,ptm_cycle_5,17534208,43062368,6690868
06:41:42,113763,ptm_cycle_5,17534208,43062368,6690868
06:41:43,113763,ptm_cycle_5,17534208,43062368,6690868
06:41:44,113763,ptm_cycle_5,17534208,43062368,6690868
06:41:45,113763,ptm_cycle_5,17534208,43062368,6690868
06:41:46,113763,ptm_cycle_5,17534208,43062368,6690868
06:41:47,113763,ptm_cycle_5,17534208,43062368,6690868
06:41:48,113763,ptm_cycle_5,17534208,43062368,6690868
06:41:49,113763,ptm_cycle_5,17534208,43062368,6690868
06:41:50,113763,ptm_cycle_5,17534208,43062368,6690868
06:41:51,113763,ptm_cycle_5,17534208,43062368,6690868
06:41:52,113763,ptm_cycle_5,17534208,43062368,6690868
06:41:53,113763,ptm_cycle_5,17534208,43062368,6690868
06:41:54,113763,ptm_cycle_5,17534208,43062368,6690868
06:41:55,113763,ptm_cycle_5,17534208,43062368,6690868
06:41:56,113763,ptm_cycle_5,17534208,43062368,6690868
06:41:57,113763,ptm_cycle_5,17534208,43062368,6690868
06:41:58,113763,ptm_cycle_5,17534208,43062368,6690868
06:41:59,113763,ptm_cycle_5,17534208,43062368,6690868
06:42:00,113763,ptm_cycle_5,17534208,43062368,6690868
06:42:01,113763,ptm_cycle_5,17534208,43062368,6690868
06:42:02,113763,ptm_cycle_5,17534208,43062368,6690868
06:42:03,113763,ptm_cycle_5,17534208,43062368,6690868
06:42:04,113763,ptm_cycle_5,17534208,43062368,6690868
06:42:05,113763,ptm_cycle_5,17534208,43062368,6690868
06:42:06,113763,ptm_cycle_5,17534208,43062368,6690868
06:42:07,113763,ptm_cycle_5,17534208,43062368,6690868
06:42:08,113763,ptm_cycle_5,17534208,43062368,6690868
06:42:09,113763,ptm_cycle_5,17534208,43062368,6690868
06:42:10,113763,ptm_cycle_5,17534208,43062368,6690868
06:42:11,113763,ptm_cycle_5,17534208,43062368,6690868
06:42:12,113763,ptm_cycle_5,17534208,43062368,6690868
06:42:13,113763,ptm_cycle_5,17534208,43062368,6690868
06:42:14,113763,ptm_cycle_5,17534208,43062368,6690868
06:42:15,113763,ptm_cycle_5,17534208,43062368,6690868
06:42:16,113763,ptm_cycle_5,17534208,43062368,6690868
06:42:17,113763,ptm_cycle_5,17534208,43062368,6690868
06:42:18,113763,ptm_cycle_5,17534208,43062368,6690868
06:42:19,113763,ptm_cycle_5,17534208,43062368,6690868
06:42:20,113763,ptm_cycle_5,17534208,43062368,6690868
06:42:21,113763,ptm_cycle_5,17534216,43062368,6690860
06:42:22,113763,ptm_cycle_5,17534216,43062368,6690860
06:42:23,113763,ptm_cycle_5,17534216,43062368,6690860
06:42:24,113763,ptm_cycle_5,17534216,43062368,6690860
06:42:25,113763,ptm_cycle_5,17534216,43062368,6690860
06:42:26,113763,ptm_cycle_5,17534216,43062368,6690860
06:42:27,113763,ptm_cycle_5,17534216,43062368,6690860
06:42:28,113763,ptm_cycle_5,17534216,43062368,6690860
06:42:29,113763,ptm_cycle_5,17534216,43062368,6690860
06:42:30,113763,ptm_cycle_5,17534216,43062368,6690860
06:42:31,113763,ptm_cycle_5,17534216,43062368,6690860
06:42:32,113763,ptm_cycle_5,17534216,43062368,6690860
06:42:33,113763,ptm_cycle_5,17534216,43062368,6690860
06:42:34,113763,ptm_cycle_5,17534216,43062368,6690860
06:42:35,113763,ptm_cycle_5,17534216,43062368,6690860
06:42:36,113763,ptm_cycle_5,17534216,43062368,6690860
06:42:37,113763,ptm_cycle_5,17534216,43062368,6690860
06:42:38,113763,ptm_cycle_5,17534216,43062368,6690860
06:42:39,113763,ptm_cycle_5,17534636,43062368,6690440
06:42:40,113763,ptm_cycle_5,17534660,43062368,6690440
06:42:41,113763,ptm_cycle_5,17534640,43062368,6690436
06:42:42,113763,ptm_cycle_5,17534640,43062368,6690436
06:42:43,113763,ptm_cycle_5,17534640,43062368,6690436
06:42:44,113763,ptm_cycle_5,17534640,43062368,6690436
06:42:45,113763,ptm_cycle_5,17534640,43062368,6690436
06:42:46,113763,ptm_cycle_5,17534644,43062368,6690432
06:42:47,113763,ptm_cycle_5,17534644,43062368,6690432
06:42:48,113763,ptm_cycle_5,17534644,43062368,6690432
06:42:49,113763,ptm_cycle_5,17534644,43062368,6690432
06:42:50,113763,ptm_cycle_5,17534644,43062368,6690432
06:42:51,113763,ptm_cycle_5,17534644,43062368,6690432
06:42:52,113763,ptm_cycle_5,17534680,43062368,6690396
06:42:53,113763,ptm_cycle_5,17534680,43062368,6690396
06:42:54,113763,ptm_cycle_5,17534680,43062368,6690396
06:42:55,113763,ptm_cycle_5,17534680,43062368,6690396
06:42:57,113763,ptm_cycle_5,17534680,43062368,6690396
06:42:58,113763,ptm_cycle_5,17534680,43062368,6690396
06:42:59,113763,ptm_cycle_5,17534680,43062368,6690396
06:43:00,113763,ptm_cycle_5,17534680,43062368,6690396
06:43:01,113763,ptm_cycle_5,17534680,43062368,6690396
06:43:02,113763,ptm_cycle_5,17534680,43062368,6690396
06:43:03,113763,ptm_cycle_5,17534680,43062368,6690396
06:43:04,113763,ptm_cycle_5,17534680,43062368,6690396
06:43:05,113763,ptm_cycle_5,17534680,43062368,6690396
06:43:06,113763,ptm_cycle_5,17534680,43062368,6690396
06:43:07,113763,ptm_cycle_5,17534680,43062368,6690396
06:43:08,113763,ptm_cycle_5,17534680,43062368,6690396
06:43:09,113763,ptm_cycle_5,17534680,43062368,6690396
06:43:10,113763,ptm_cycle_5,17534680,43062368,6690396
06:43:11,113763,ptm_cycle_5,17534680,43062368,6690396
06:43:12,113763,ptm_cycle_5,17534680,43062368,6690396
06:43:13,113763,ptm_cycle_5,17534680,43062368,6690396
06:43:14,113763,ptm_cycle_5,17534680,43062368,6690396
06:43:15,113763,ptm_cycle_5,17534680,43062368,6690396
06:43:16,113763,ptm_cycle_5,17534680,43062368,6690396
06:43:17,113763,ptm_cycle_5,17534680,43062368,6690396
06:43:18,113763,ptm_cycle_5,17534680,43062368,6690396
06:43:19,113763,ptm_cycle_5,17534704,43062368,6690396
06:43:20,113763,ptm_cycle_5,17534680,43062368,6690396
06:43:21,113763,ptm_cycle_5,17534680,43062368,6690396
06:43:22,113763,ptm_cycle_5,17534680,43062368,6690396
06:43:23,113763,ptm_cycle_5,17534680,43062368,6690396
06:43:24,113763,ptm_cycle_5,17534680,43062368,6690396
06:43:25,113763,ptm_cycle_5,17534680,43062368,6690396
06:43:26,113763,ptm_cycle_5,17534680,43062368,6690396
06:43:27,113763,ptm_cycle_5,17534680,43062368,6690396
06:43:28,113763,ptm_cycle_5,17534680,43062368,6690396
06:43:29,113763,ptm_cycle_5,17534680,43062368,6690396
06:43:30,113763,ptm_cycle_5,17534680,43062368,6690396
06:43:31,113763,ptm_cycle_5,17534680,43062368,6690396
06:43:32,113763,ptm_cycle_5,17534680,43062368,6690396
06:43:33,113763,ptm_cycle_5,17534680,43062368,6690396
06:43:34,113763,ptm_cycle_5,17534684,43062368,6690392
06:43:35,113763,ptm_cycle_5,17534684,43062368,6690392
06:43:36,113763,ptm_cycle_5,17534684,43062368,6690392
06:43:37,113763,ptm_cycle_5,17534684,43062368,6690392
06:43:38,113763,ptm_cycle_5,17534684,43062368,6690392
06:43:39,113763,ptm_cycle_5,17534684,43062368,6690392
06:43:40,113763,ptm_cycle_5,17534684,43062368,6690392
06:43:41,113763,ptm_cycle_5,17534684,43062368,6690392
06:43:42,113763,ptm_cycle_5,17534684,43062368,6690392
06:43:43,113763,ptm_cycle_5,17534684,43062368,6690392
06:43:44,113763,ptm_cycle_5,17534684,43062368,6690392
06:43:45,113763,ptm_cycle_5,17534684,43062368,6690392
06:43:46,113763,ptm_cycle_5,17534684,43062368,6690392
06:43:47,113763,ptm_cycle_5,17534684,43062368,6690392
06:43:48,113763,ptm_cycle_5,17534684,43062368,6690392
06:43:49,113763,ptm_cycle_5,17534684,43062368,6690392
06:43:50,113763,ptm_cycle_5,17534684,43062368,6690392
06:43:51,113763,ptm_cycle_5,17534684,43062368,6690392
06:43:52,113763,ptm_cycle_5,17534684,43062368,6690392
06:43:53,113763,ptm_cycle_5,17534684,43062368,6690392
06:43:54,113763,ptm_cycle_5,17534684,43062368,6690392
06:43:55,113763,ptm_cycle_5,17534684,43062368,6690392
06:43:56,113763,ptm_cycle_5,17534684,43062368,6690392
06:43:57,113763,ptm_cycle_5,17534684,43062368,6690392
06:43:58,113763,ptm_cycle_5,17534684,43062368,6690392
06:43:59,113763,ptm_cycle_5,17534684,43062368,6690392
06:44:00,113763,ptm_cycle_5,17534684,43062368,6690392
06:44:01,113763,ptm_cycle_5,17534684,43062368,6690392
06:44:02,113763,ptm_cycle_5,17534684,43062368,6690392
06:44:03,113763,ptm_cycle_5,17534684,43062368,6690392
06:44:04,113763,ptm_cycle_5,17534684,43062368,6690392
06:44:05,113763,ptm_cycle_5,17534684,43062368,6690392
06:44:06,113763,ptm_cycle_5,17534684,43062368,6690392
06:44:07,113763,ptm_cycle_5,17534708,43062368,6690392
06:44:08,113763,ptm_cycle_5,17534684,43062368,6690392
06:44:09,113763,ptm_cycle_5,17534684,43062368,6690392
06:44:10,113763,ptm_cycle_5,17534684,43062368,6690392
06:44:11,113763,ptm_cycle_5,17534684,43062368,6690392
06:44:12,113763,ptm_cycle_5,17534708,43062368,6690392
06:44:13,113763,ptm_cycle_5,17534684,43062368,6690392
06:44:14,113763,ptm_cycle_5,17534684,43062368,6690392
06:44:15,113763,ptm_cycle_5,17534684,43062368,6690392
06:44:16,113763,ptm_cycle_5,17534684,43062368,6690392
06:44:17,113763,ptm_cycle_5,17534684,43062368,6690392
06:44:18,113763,ptm_cycle_5,17534684,43062368,6690392
06:44:19,113763,ptm_cycle_5,17534684,43062368,6690392
06:44:20,113763,ptm_cycle_5,17534684,43062368,6690392
06:44:21,113763,ptm_cycle_5,17534684,43062368,6690392
06:44:22,113763,ptm_cycle_5,17534684,43062368,6690392
06:44:23,113763,ptm_cycle_5,17534684,43062368,6690392
06:44:24,113763,ptm_cycle_5,17534684,43062368,6690392
06:44:25,113763,ptm_cycle_5,17534684,43062368,6690392
06:44:26,113763,ptm_cycle_5,17534684,43062368,6690392
06:44:28,113763,ptm_cycle_5,17534684,43062368,6690392
06:44:29,113763,ptm_cycle_5,17534684,43062368,6690392
06:44:30,113763,ptm_cycle_5,17534684,43062368,6690392
06:44:31,113763,ptm_cycle_5,17534684,43062368,6690392
06:44:32,113763,ptm_cycle_5,17536812,43062368,6688264
06:44:33,113763,ptm_cycle_5,17536816,43062368,6688260
06:44:34,113763,ptm_cycle_5,17536816,43062368,6688260
06:44:35,113763,ptm_cycle_5,17536816,43062368,6688260
06:44:36,113763,ptm_cycle_5,17536816,43062368,6688260
06:44:37,113763,ptm_cycle_5,17536816,43062368,6688260
06:44:38,113763,ptm_cycle_5,17536816,43062368,6688260
06:44:39,113763,ptm_cycle_5,17536816,43062368,6688260
06:44:40,113763,ptm_cycle_5,17536820,43062368,6688256
06:44:41,113763,ptm_cycle_5,17536820,43062368,6688256
06:44:42,113763,ptm_cycle_5,17536820,43062368,6688256
06:44:43,113763,ptm_cycle_5,17536820,43062368,6688256
06:44:44,113763,ptm_cycle_5,17536820,43062368,6688256
06:44:45,113763,ptm_cycle_5,17536820,43062368,6688256
06:44:46,113763,ptm_cycle_5,17536820,43062368,6688256
06:44:47,113763,ptm_cycle_5,17536824,43062368,6688252
06:44:48,113763,ptm_cycle_5,17536824,43062368,6688252
06:44:49,113763,ptm_cycle_5,17536824,43062368,6688252
06:44:50,113763,ptm_cycle_5,17536824,43062368,6688252
06:44:51,113763,ptm_cycle_5,17536824,43062368,6688252
06:44:52,113763,ptm_cycle_5,17536824,43062368,6688252
06:44:53,113763,ptm_cycle_5,17536828,43062368,6688248
06:44:54,113763,ptm_cycle_5,17536828,43062368,6688248
06:44:55,113763,ptm_cycle_5,17536828,43062368,6688248
06:44:56,113763,ptm_cycle_5,17536852,43062368,6688248
06:44:57,113763,ptm_cycle_5,17536828,43062368,6688248
06:44:58,113763,ptm_cycle_5,17536832,43062368,6688244
06:44:59,113763,ptm_cycle_5,17536832,43062368,6688244
06:45:00,113763,ptm_cycle_5,17536832,43062368,6688244
06:45:01,113763,ptm_cycle_5,17537864,43062368,6687236
06:45:02,113763,ptm_cycle_5,17537840,43062368,6687236
06:45:03,113763,ptm_cycle_5,17539864,43062368,6685212
06:45:04,113763,ptm_cycle_5,17539864,43062368,6685212
06:45:05,113763,ptm_cycle_5,17540872,43062368,6684204
06:45:06,113763,ptm_cycle_5,17541904,43062368,6683196
06:45:07,113763,ptm_cycle_5,17541880,43062368,6683196
06:45:08,113763,ptm_cycle_5,17543896,43062368,6681180
06:45:09,113763,ptm_cycle_5,17544904,43062368,6680172
06:45:10,113763,ptm_cycle_5,17544904,43062368,6680172
06:45:11,113763,ptm_cycle_5,17545912,43062368,6679164
06:45:12,113763,ptm_cycle_5,17545912,43062368,6679164
06:45:13,113763,ptm_cycle_5,17545912,43062368,6679164
06:45:14,113763,ptm_cycle_5,17545912,43062368,6679164
06:45:15,113763,ptm_cycle_5,17546200,43062368,6678876
06:45:16,113763,ptm_cycle_5,17546200,43062368,6678876
06:45:17,113763,ptm_cycle_5,17546200,43062368,6678876
06:45:18,113763,ptm_cycle_5,17547628,43062368,6677448
06:45:19,113763,ptm_cycle_5,17547628,43062368,6677448
06:45:20,113763,ptm_cycle_5,17547628,43062368,6677448
06:45:21,113763,ptm_cycle_5,17547652,43062368,6677448
06:45:22,113763,ptm_cycle_5,17547628,43062368,6677448
06:45:23,113763,ptm_cycle_5,17547628,43062368,6677448
06:45:24,113763,ptm_cycle_5,17547628,43062368,6677448
06:45:25,113763,ptm_cycle_5,17547628,43062368,6677448
06:45:26,113763,ptm_cycle_5,17547628,43062368,6677448
06:45:27,113763,ptm_cycle_5,17547628,43062368,6677448
06:45:28,113763,ptm_cycle_5,17547628,43062368,6677448
06:45:29,113763,ptm_cycle_5,17547628,43062368,6677448
06:45:30,113763,ptm_cycle_5,17547628,43062368,6677448
06:45:31,113763,ptm_cycle_5,17547628,43062368,6677448
06:45:32,113763,ptm_cycle_5,17547628,43062368,6677448
06:45:33,113763,ptm_cycle_5,17547644,43062368,6677432
06:45:34,113763,ptm_cycle_5,17547644,43062368,6677432
06:45:35,113763,ptm_cycle_5,17547644,43062368,6677432
06:45:36,113763,ptm_cycle_5,17547644,43062368,6677432
06:45:37,113763,ptm_cycle_5,17547644,43062368,6677432
06:45:38,113763,ptm_cycle_5,17547644,43062368,6677432
06:45:39,113763,ptm_cycle_5,17547644,43062368,6677432
06:45:40,113763,ptm_cycle_5,17547644,43062368,6677432
06:45:41,113763,ptm_cycle_5,17547644,43062368,6677432
06:45:42,113763,ptm_cycle_5,17547644,43062368,6677432
06:45:43,113763,ptm_cycle_5,17547644,43062368,6677432
06:45:44,113763,ptm_cycle_5,17547644,43062368,6677432
06:45:45,113763,ptm_cycle_5,17547648,43062368,6677428
06:45:46,113763,ptm_cycle_5,17547648,43062368,6677428
06:45:47,113763,ptm_cycle_5,17547648,43062368,6677428
06:45:48,113763,ptm_cycle_5,17547648,43062368,6677428
06:45:49,113763,ptm_cycle_5,17547648,43062368,6677428
06:45:50,113763,ptm_cycle_5,17547668,43062368,6677408
06:45:51,113763,ptm_cycle_5,17547668,43062368,6677408
06:45:52,113763,ptm_cycle_5,17547668,43062368,6677408
06:45:53,113763,ptm_cycle_5,17548012,43062368,6677064
06:45:54,113763,ptm_cycle_5,17548012,43062368,6677064
06:45:55,113763,ptm_cycle_5,17548012,43062368,6677064
06:45:56,113763,ptm_cycle_5,17548012,43062368,6677064
06:45:58,113763,ptm_cycle_5,17548012,43062368,6677064
06:45:59,113763,ptm_cycle_5,17548320,43062368,6676756
06:46:00,113763,ptm_cycle_5,17548320,43062368,6676756
06:46:01,113763,ptm_cycle_5,17548320,43062368,6676756
06:46:02,113763,ptm_cycle_5,17548320,43062368,6676756
06:46:03,113763,ptm_cycle_5,17548320,43062368,6676756
06:46:04,113763,ptm_cycle_5,17548320,43062368,6676756
06:46:05,113763,ptm_cycle_5,17548320,43062368,6676756
06:46:06,113763,ptm_cycle_5,17548320,43062368,6676756
06:46:07,113763,ptm_cycle_5,17548320,43062368,6676756
06:46:08,113763,ptm_cycle_5,17548320,43062368,6676756
06:46:09,113763,ptm_cycle_5,17548320,43062368,6676756
06:46:10,113763,ptm_cycle_5,17548320,43062368,6676756
06:46:11,113763,ptm_cycle_5,17548320,43062368,6676756
06:46:12,113763,ptm_cycle_5,17548320,43062368,6676756
06:46:13,113763,ptm_cycle_5,17548320,43062368,6676756
06:46:14,113763,ptm_cycle_5,17548320,43062368,6676756
06:46:15,113763,ptm_cycle_5,17548320,43062368,6676756
06:46:16,113763,ptm_cycle_5,17548320,43062368,6676756
06:46:17,113763,ptm_cycle_5,17548320,43062368,6676756
06:46:18,113763,ptm_cycle_5,17548320,43062368,6676756
06:46:19,113763,ptm_cycle_5,17548320,43062368,6676756
06:46:20,113763,ptm_cycle_5,17548320,43062368,6676756
06:46:21,113763,ptm_cycle_5,17548320,43062368,6676756
06:46:22,113763,ptm_cycle_5,17548320,43062368,6676756
06:46:23,113763,ptm_cycle_5,17548320,43062368,6676756
06:46:24,113763,ptm_cycle_5,17548320,43062368,6676756
06:46:25,113763,ptm_cycle_5,17548320,43062368,6676756
06:46:26,113763,ptm_cycle_5,17548320,43062368,6676756
06:46:27,113763,ptm_cycle_5,17548320,43062368,6676756
06:46:28,113763,ptm_cycle_5,17548320,43062368,6676756
06:46:29,113763,ptm_cycle_5,17548320,43062368,6676756
06:46:30,113763,ptm_cycle_5,17548320,43062368,6676756
06:46:31,113763,ptm_cycle_5,17548320,43062368,6676756
06:46:32,113763,ptm_cycle_5,17548320,43062368,6676756
06:46:33,113763,ptm_cycle_5,17548320,43062368,6676756
06:46:34,113763,ptm_cycle_5,17548320,43062368,6676756
06:46:35,113763,ptm_cycle_5,17548320,43062368,6676756
06:46:36,113763,ptm_cycle_5,17548320,43062368,6676756
06:46:37,113763,ptm_cycle_5,17548320,43062368,6676756
06:46:38,113763,ptm_cycle_5,17548320,43062368,6676756
06:46:39,113763,ptm_cycle_5,17548320,43062368,6676756
06:46:40,113763,ptm_cycle_5,17548324,43062368,6676752
06:46:41,113763,ptm_cycle_5,17548324,43062368,6676752
06:46:42,113763,ptm_cycle_5,17548324,43062368,6676752
06:46:43,113763,ptm_cycle_5,17548324,43062368,6676752
06:46:44,113763,ptm_cycle_5,17548324,43062368,6676752
06:46:45,113763,ptm_cycle_5,17548324,43062368,6676752
06:46:46,113763,ptm_cycle_5,17548324,43062368,6676752
06:46:47,113763,ptm_cycle_5,17548324,43062368,6676752
06:46:48,113763,ptm_cycle_5,17549332,43062368,6675744
06:46:49,113763,ptm_cycle_5,17549332,43062368,6675744
06:46:50,113763,ptm_cycle_5,17549332,43062368,6675744
06:46:51,113763,ptm_cycle_5,17550340,43062368,6674736
06:46:52,113763,ptm_cycle_5,17550340,43062368,6674736
06:46:53,113763,ptm_cycle_5,17550340,43062368,6674736
06:46:54,113763,ptm_cycle_5,17550340,43062368,6674736
06:46:55,113763,ptm_cycle_5,17550340,43062368,6674736
06:46:56,113763,ptm_cycle_5,17550340,43062368,6674736
06:46:57,113763,ptm_cycle_5,17550340,43062368,6674736
06:46:58,113763,ptm_cycle_5,17550340,43062368,6674736
06:46:59,113763,ptm_cycle_5,17550340,43062368,6674736
06:47:00,113763,ptm_cycle_5,17550348,43062368,6674728
06:47:01,113763,ptm_cycle_5,17550348,43062368,6674728
06:47:02,113763,ptm_cycle_5,17550348,43062368,6674728
06:47:03,113763,ptm_cycle_5,17550348,43062368,6674728
06:47:04,113763,ptm_cycle_5,17550348,43062368,6674728
06:47:05,113763,ptm_cycle_5,17550348,43062368,6674728
06:47:06,113763,ptm_cycle_5,17550348,43062368,6674728
06:47:07,113763,ptm_cycle_5,17550348,43062368,6674728
06:47:08,113763,ptm_cycle_5,17550348,43062368,6674728
06:47:09,113763,ptm_cycle_5,17550348,43062368,6674728
06:47:10,113763,ptm_cycle_5,17550348,43062368,6674728
06:47:11,113763,ptm_cycle_5,17550348,43062368,6674728
06:47:12,113763,ptm_cycle_5,17550348,43062368,6674728
06:47:13,113763,ptm_cycle_5,17550348,43062368,6674728
06:47:14,113763,ptm_cycle_5,17550348,43062368,6674728
06:47:15,113763,ptm_cycle_5,17550364,43062368,6674712
06:47:16,113763,ptm_cycle_5,17550364,43062368,6674712
06:47:17,113763,ptm_cycle_5,17550364,43062368,6674712
06:47:18,113763,ptm_cycle_5,17550364,43062368,6674712
06:47:19,113763,ptm_cycle_5,17550364,43062368,6674712
06:47:20,113763,ptm_cycle_5,17550364,43062368,6674712
06:47:21,113763,ptm_cycle_5,17550364,43062368,6674712
06:47:22,113763,ptm_cycle_5,17550364,43062368,6674712
06:47:23,113763,ptm_cycle_5,17550364,43062368,6674712
06:47:24,113763,ptm_cycle_5,17550364,43062368,6674712
06:47:25,113763,ptm_cycle_5,17550364,43062368,6674712
06:47:26,113763,ptm_cycle_5,17550364,43062368,6674712
06:47:27,113763,ptm_cycle_5,17550364,43062368,6674712
06:47:28,113763,ptm_cycle_5,17550364,43062368,6674712
06:47:30,113763,ptm_cycle_5,17550364,43062368,6674712
06:47:31,113763,ptm_cycle_5,17550364,43062368,6674712
06:47:32,113763,ptm_cycle_5,17550364,43062368,6674712
06:47:33,113763,ptm_cycle_5,17550364,43062368,6674712
06:47:34,113763,ptm_cycle_5,17550364,43062368,6674712
06:47:35,113763,ptm_cycle_5,17550364,43062368,6674712
06:47:36,113763,ptm_cycle_5,17550364,43062368,6674712
06:47:37,113763,ptm_cycle_5,17550364,43062368,6674712
06:47:38,113763,ptm_cycle_5,17550364,43062368,6674712
06:47:39,113763,ptm_cycle_5,17550364,43062368,6674712
06:47:40,113763,ptm_cycle_5,17550364,43062368,6674712
06:47:41,113763,ptm_cycle_5,17550364,43062368,6674712
06:47:42,113763,ptm_cycle_5,17550364,43062368,6674712
06:47:43,113763,ptm_cycle_5,17550364,43062368,6674712
06:47:44,113763,ptm_cycle_5,17550364,43062368,6674712
06:47:45,113763,ptm_cycle_5,17550364,43062368,6674712
06:47:46,113763,ptm_cycle_5,17550364,43062368,6674712
06:47:47,113763,ptm_cycle_5,17550364,43062368,6674712
06:47:48,113763,ptm_cycle_5,17550364,43062368,6674712
06:47:49,113763,ptm_cycle_5,17550364,43062368,6674712
06:47:50,113763,ptm_cycle_5,17550364,43062368,6674712
06:47:51,113763,ptm_cycle_5,17550364,43062368,6674712
06:47:52,113763,ptm_cycle_5,17550364,43062368,6674712
06:47:53,113763,ptm_cycle_5,17550392,43062368,6674684
06:47:54,113763,ptm_cycle_5,17550392,43062368,6674684
06:47:55,113763,ptm_cycle_5,17550392,43062368,6674684
06:47:56,113763,ptm_cycle_5,17550392,43062368,6674684
06:47:57,113763,ptm_cycle_5,17550392,43062368,6674684
06:47:58,113763,ptm_cycle_5,17550392,43062368,6674684
06:47:59,113763,ptm_cycle_5,17550392,43062368,6674684
06:48:00,113763,ptm_cycle_5,17550392,43062368,6674684
06:48:01,113763,ptm_cycle_5,17550392,43062368,6674684
06:48:02,113763,ptm_cycle_5,17550392,43062368,6674684
06:48:03,113763,ptm_cycle_5,17550392,43062368,6674684
06:48:04,113763,ptm_cycle_5,17550392,43062368,6674684
06:48:05,113763,ptm_cycle_5,17550392,43062368,6674684
06:48:06,113763,ptm_cycle_5,17550472,43062368,6674628
06:48:07,113763,ptm_cycle_5,17550448,43062368,6674628
06:48:08,113763,ptm_cycle_5,17550448,43062368,6674628
06:48:09,113763,ptm_cycle_5,17550448,43062368,6674628
06:48:10,113763,ptm_cycle_5,17551112,43062368,6673964
06:48:11,113763,ptm_cycle_5,17551112,43062368,6673964
06:48:12,113763,ptm_cycle_5,17551112,43062368,6673964
06:48:13,113763,ptm_cycle_5,17551112,43062368,6673964
06:48:14,113763,ptm_cycle_5,17551112,43062368,6673964
06:48:15,113763,ptm_cycle_5,17551112,43062368,6673964
06:48:16,113763,ptm_cycle_5,17551112,43062368,6673964
06:48:17,113763,ptm_cycle_5,17551112,43062368,6673964
06:48:18,113763,ptm_cycle_5,17551112,43062368,6673964
06:48:19,113763,ptm_cycle_5,17551112,43062368,6673964
06:48:20,113763,ptm_cycle_5,17551112,43062368,6673964
06:48:21,113763,ptm_cycle_5,17551112,43062368,6673964
06:48:22,113763,ptm_cycle_5,17551112,43062368,6673964
06:48:23,113763,ptm_cycle_5,17551112,43062368,6673964
06:48:24,113763,ptm_cycle_5,17551112,43062368,6673964
06:48:25,113763,ptm_cycle_5,17551112,43062368,6673964
06:48:26,113763,ptm_cycle_5,17551112,43062368,6673964
06:48:27,113763,ptm_cycle_5,17551112,43062368,6673964
06:48:28,113763,ptm_cycle_5,17551112,43062368,6673964
06:48:29,113763,ptm_cycle_5,17551136,43062368,6673964
06:48:30,113763,ptm_cycle_5,17551112,43062368,6673964
06:48:31,113763,ptm_cycle_5,17551112,43062368,6673964
06:48:32,113763,ptm_cycle_5,17551112,43062368,6673964
06:48:33,113763,ptm_cycle_5,17551112,43062368,6673964
06:48:34,113763,ptm_cycle_5,17551112,43062368,6673964
06:48:35,113763,ptm_cycle_5,17551112,43062368,6673964
06:48:36,113763,ptm_cycle_5,17551112,43062368,6673964
06:48:37,113763,ptm_cycle_5,17551112,43062368,6673964
06:48:38,113763,ptm_cycle_5,17551112,43062368,6673964
06:48:39,113763,ptm_cycle_5,17551112,43062368,6673964
06:48:40,113763,ptm_cycle_5,17551116,43062368,6673960
06:48:41,113763,ptm_cycle_5,17551116,43062368,6673960
06:48:42,113763,ptm_cycle_5,17551116,43062368,6673960
06:48:43,113763,ptm_cycle_5,17551120,43062368,6673956
06:48:44,113763,ptm_cycle_5,17551120,43062368,6673956
06:48:45,113763,ptm_cycle_5,17551120,43062368,6673956
06:48:46,113763,ptm_cycle_5,17551124,43062368,6673952
06:48:47,113763,ptm_cycle_5,17551124,43062368,6673952
06:48:48,113763,ptm_cycle_5,17551124,43062368,6673952
06:48:49,113763,ptm_cycle_5,17551124,43062368,6673952
06:48:50,113763,ptm_cycle_5,17551124,43062368,6673952
06:48:51,113763,ptm_cycle_5,17551124,43062368,6673952
06:48:52,113763,ptm_cycle_5,17551124,43062368,6673952
06:48:53,113763,ptm_cycle_5,17551124,43062368,6673952
06:48:54,113763,ptm_cycle_5,17551124,43062368,6673952
06:48:55,113763,ptm_cycle_5,17551124,43062368,6673952
06:48:56,113763,ptm_cycle_5,17551124,43062368,6673952
06:48:57,113763,ptm_cycle_5,17551124,43062368,6673952
06:48:58,113763,ptm_cycle_5,17551124,43062368,6673952
06:48:59,113763,ptm_cycle_5,17551124,43062368,6673952
06:49:01,113763,ptm_cycle_5,17551128,43062368,6673948
06:49:02,113763,ptm_cycle_5,17551128,43062368,6673948
06:49:03,113763,ptm_cycle_5,17551132,43062368,6673944
06:49:04,113763,ptm_cycle_5,17551132,43062368,6673944
06:49:05,113763,ptm_cycle_5,17551132,43062368,6673944
06:49:06,113763,ptm_cycle_5,17551132,43062368,6673944
06:49:07,113763,ptm_cycle_5,17551132,43062368,6673944
06:49:08,113763,ptm_cycle_5,17551132,43062368,6673944
06:49:09,113763,ptm_cycle_5,17551132,43062368,6673944
06:49:10,113763,ptm_cycle_5,17551132,43062368,6673944
06:49:11,113763,ptm_cycle_5,17551132,43062368,6673944
06:49:12,113763,ptm_cycle_5,17551132,43062368,6673944
06:49:13,113763,ptm_cycle_5,17551132,43062368,6673944
06:49:14,113763,ptm_cycle_5,17551132,43062368,6673944
06:49:15,113763,ptm_cycle_5,17551492,43062368,6673584
06:49:16,113763,ptm_cycle_5,17551492,43062368,6673584
06:49:17,113763,ptm_cycle_5,17551492,43062368,6673584
06:49:18,113763,ptm_cycle_5,17551500,43062368,6673580
06:49:19,113763,ptm_cycle_5,17551500,43062368,6673580
06:49:20,113763,ptm_cycle_5,17551504,43062368,6673580
06:49:21,113763,ptm_cycle_5,17551508,43062368,6673576
06:49:22,113763,ptm_cycle_5,17551512,43062368,6673572
06:49:23,113763,ptm_cycle_5,17551516,43062368,6673568
06:49:24,113763,ptm_cycle_5,17551516,43062368,6673568
06:49:25,113763,ptm_cycle_5,17551516,43062368,6673568
06:49:26,113763,ptm_cycle_5,17551516,43062368,6673568
06:49:27,113763,ptm_cycle_5,17551516,43062368,6673568
06:49:28,113763,ptm_cycle_5,17551516,43062368,6673568
06:49:29,113763,ptm_cycle_5,17551516,43062368,6673568
06:49:30,113763,ptm_cycle_5,17551516,43062368,6673568
06:49:31,113763,ptm_cycle_5,17551516,43062368,6673568
06:49:32,113763,ptm_cycle_5,17551516,43062368,6673568
06:49:33,113763,ptm_cycle_5,17551516,43062368,6673568
06:49:34,113763,ptm_cycle_5,17551516,43062368,6673568
06:49:35,113763,ptm_cycle_5,17551516,43062368,6673568
06:49:36,113763,ptm_cycle_5,17551516,43062368,6673568
06:49:37,113763,ptm_cycle_5,17551516,43062368,6673568
06:49:38,113763,ptm_cycle_5,17551528,43062368,6673556
06:49:39,113763,ptm_cycle_5,17551528,43062368,6673556
06:49:40,113763,ptm_cycle_5,17551528,43062368,6673556
06:49:41,113763,ptm_cycle_5,17551528,43062368,6673556
06:49:42,113763,ptm_cycle_5,17551532,43062368,6673556
06:49:43,113763,ptm_cycle_5,17551532,43062368,6673556
06:49:44,113763,ptm_cycle_5,17551532,43062368,6673556
06:49:45,113763,ptm_cycle_5,17553716,43062368,6671372
06:49:46,113763,ptm_cycle_5,17553716,43062368,6671372
06:49:47,113763,ptm_cycle_5,17554104,43062368,6670984
06:49:48,113763,ptm_cycle_5,17554104,43062368,6670984
06:49:49,113763,ptm_cycle_5,17554104,43062368,6670984
06:49:50,113763,ptm_cycle_5,17554104,43062368,6670984
06:49:51,113763,ptm_cycle_5,17554104,43062368,6670984
06:49:52,113763,ptm_cycle_5,17554104,43062368,6670984
06:49:53,113763,ptm_cycle_5,17554104,43062368,6670984
06:49:54,113763,ptm_cycle_5,17554296,43062368,6670792
06:49:55,113763,ptm_cycle_5,17554320,43062368,6670792
06:49:56,113763,ptm_cycle_5,17554368,43062368,6670720
06:49:57,113763,ptm_cycle_5,17554388,43062368,6670700
06:49:58,113763,ptm_cycle_5,17554388,43062368,6670700
06:49:59,113763,ptm_cycle_5,17554388,43062368,6670700
06:50:00,113763,ptm_cycle_5,17554388,43062368,6670700
06:50:01,113763,ptm_cycle_5,17555108,43062368,6669980
06:50:02,113763,ptm_cycle_5,17555112,43062368,6669976
06:50:03,113763,ptm_cycle_5,17555112,43062368,6669976
06:50:04,113763,ptm_cycle_5,17555112,43062368,6669976
06:50:05,113763,ptm_cycle_5,17555112,43062368,6669976
06:50:06,113763,ptm_cycle_5,17555116,43062368,6669972
06:50:07,113763,ptm_cycle_5,17555116,43062368,6669972
06:50:08,113763,ptm_cycle_5,17555116,43062368,6669972
06:50:09,113763,ptm_cycle_5,17555116,43062368,6669972
06:50:10,113763,ptm_cycle_5,17555116,43062368,6669972
06:50:11,113763,ptm_cycle_5,17555116,43062368,6669972
06:50:12,113763,ptm_cycle_5,17555116,43062368,6669972
06:50:13,113763,ptm_cycle_5,17555120,43062368,6669968
06:50:14,113763,ptm_cycle_5,17555120,43062368,6669968
06:50:15,113763,ptm_cycle_5,17555120,43062368,6669968
06:50:16,113763,ptm_cycle_5,17555120,43062368,6669968
06:50:17,113763,ptm_cycle_5,17555120,43062368,6669968
06:50:18,113763,ptm_cycle_5,17555120,43062368,6669968
06:50:19,113763,ptm_cycle_5,17555120,43062368,6669968
06:50:20,113763,ptm_cycle_5,17555120,43062368,6669968
06:50:21,113763,ptm_cycle_5,17555120,43062368,6669968
06:50:22,113763,ptm_cycle_5,17555120,43062368,6669968
06:50:23,113763,ptm_cycle_5,17555120,43062368,6669968
06:50:24,113763,ptm_cycle_5,17555120,43062368,6669968
06:50:25,113763,ptm_cycle_5,17555120,43062368,6669968
06:50:26,113763,ptm_cycle_5,17555120,43062368,6669968
06:50:27,113763,ptm_cycle_5,17555120,43062368,6669968
06:50:28,113763,ptm_cycle_5,17555120,43062368,6669968
06:50:29,113763,ptm_cycle_5,17555120,43062368,6669968
06:50:30,113763,ptm_cycle_5,17555120,43062368,6669968
06:50:32,113763,ptm_cycle_5,17555124,43062368,6669964
06:50:33,113763,ptm_cycle_5,17555124,43062368,6669964
06:50:34,113763,ptm_cycle_5,17555124,43062368,6669964
06:50:35,113763,ptm_cycle_5,17555124,43062368,6669964
06:50:36,113763,ptm_cycle_5,17555124,43062368,6669964
06:50:37,113763,ptm_cycle_5,17555124,43062368,6669964
06:50:38,113763,ptm_cycle_5,17555124,43062368,6669964
06:50:39,113763,ptm_cycle_5,17555124,43062368,6669964
06:50:40,113763,ptm_cycle_5,17555124,43062368,6669964
06:50:41,113763,ptm_cycle_5,17555124,43062368,6669964
06:50:42,113763,ptm_cycle_5,17555124,43062368,6669964
06:50:43,113763,ptm_cycle_5,17555128,43062368,6669960
06:50:44,113763,ptm_cycle_5,17555128,43062368,6669960
06:50:45,113763,ptm_cycle_5,17555128,43062368,6669960
06:50:46,113763,ptm_cycle_5,17555128,43062368,6669960
06:50:47,113763,ptm_cycle_5,17555128,43062368,6669960
06:50:48,113763,ptm_cycle_5,17555128,43062368,6669960
06:50:49,113763,ptm_cycle_5,17555152,43062368,6669960
06:50:50,113763,ptm_cycle_5,17555128,43062368,6669960
06:50:51,113763,ptm_cycle_5,17555128,43062368,6669960
06:50:52,113763,ptm_cycle_5,17555128,43062368,6669960
06:50:53,113763,ptm_cycle_5,17555128,43062368,6669960
06:50:54,113763,ptm_cycle_5,17555128,43062368,6669960
06:50:55,113763,ptm_cycle_5,17555128,43062368,6669960
06:50:56,113763,ptm_cycle_5,17555128,43062368,6669960
06:50:57,113763,ptm_cycle_5,17555128,43062368,6669960
06:50:58,113763,ptm_cycle_5,17555128,43062368,6669960
06:50:59,113763,ptm_cycle_5,17555128,43062368,6669960
06:51:00,113763,ptm_cycle_5,17555128,43062368,6669960
06:51:01,113763,ptm_cycle_5,17555152,43062368,6669960
06:51:02,113763,ptm_cycle_5,17555128,43062368,6669960
06:51:03,113763,ptm_cycle_5,17555128,43062368,6669960
06:51:04,113763,ptm_cycle_5,17555128,43062368,6669960
06:51:05,113763,ptm_cycle_5,17555128,43062368,6669960
06:51:06,113763,ptm_cycle_5,17555128,43062368,6669960
06:51:07,113763,ptm_cycle_5,17555128,43062368,6669960
06:51:08,113763,ptm_cycle_5,17555128,43062368,6669960
06:51:09,113763,ptm_cycle_5,17555128,43062368,6669960
06:51:10,113763,ptm_cycle_5,17555900,43062368,6669188
06:51:11,113763,ptm_cycle_5,17555900,43062368,6669188
06:51:12,113763,ptm_cycle_5,17555900,43062368,6669188
06:51:13,113763,ptm_cycle_5,17555924,43062368,6669188
06:51:14,113763,ptm_cycle_5,17555900,43062368,6669188
06:51:15,113763,ptm_cycle_5,17555900,43062368,6669188
06:51:16,113763,ptm_cycle_5,17555900,43062368,6669188
06:51:17,113763,ptm_cycle_5,17555900,43062368,6669188
06:51:18,113763,ptm_cycle_5,17555900,43062368,6669188
06:51:19,113763,ptm_cycle_5,17555904,43062368,6669184
06:51:20,113763,ptm_cycle_5,17555904,43062368,6669184
06:51:21,113763,ptm_cycle_5,17555904,43062368,6669184
06:51:22,113763,ptm_cycle_5,17556668,43062368,6668420
06:51:23,113763,ptm_cycle_5,17556668,43062368,6668420
06:51:24,113763,ptm_cycle_5,17556668,43062368,6668420
06:51:25,113763,ptm_cycle_5,17556692,43062368,6668420
06:51:26,113763,ptm_cycle_5,17556668,43062368,6668420
06:51:27,113763,ptm_cycle_5,17556668,43062368,6668420
06:51:28,113763,ptm_cycle_5,17556668,43062368,6668420
06:51:29,113763,ptm_cycle_5,17556668,43062368,6668420
06:51:30,113763,ptm_cycle_5,17556668,43062368,6668420
06:51:31,113763,ptm_cycle_5,17556668,43062368,6668420
06:51:32,113763,ptm_cycle_5,17556668,43062368,6668420
06:51:33,113763,ptm_cycle_5,17556668,43062368,6668420
06:51:34,113763,ptm_cycle_5,17556676,43062368,6668412
06:51:35,113763,ptm_cycle_5,17556676,43062368,6668412
06:51:36,113763,ptm_cycle_5,17556676,43062368,6668412
06:51:37,113763,ptm_cycle_5,17556676,43062368,6668412
06:51:38,113763,ptm_cycle_5,17556676,43062368,6668412
06:51:39,113763,ptm_cycle_5,17556676,43062368,6668412
06:51:40,113763,ptm_cycle_5,17556676,43062368,6668412
06:51:41,113763,ptm_cycle_5,17556676,43062368,6668412
06:51:42,113763,ptm_cycle_5,17556676,43062368,6668412
06:51:43,113763,ptm_cycle_5,17556676,43062368,6668412
06:51:44,113763,ptm_cycle_5,17556676,43062368,6668412
06:51:45,113763,ptm_cycle_5,17556676,43062368,6668412
06:51:46,113763,ptm_cycle_5,17556688,43062368,6668400
06:51:47,113763,ptm_cycle_5,17556688,43062368,6668400
06:51:48,113763,ptm_cycle_5,17556688,43062368,6668400
06:51:49,113763,ptm_cycle_5,17556688,43062368,6668400
06:51:50,113763,ptm_cycle_5,17556692,43062368,6668396
06:51:51,113763,ptm_cycle_5,17556692,43062368,6668396
06:51:52,113763,ptm_cycle_5,17556692,43062368,6668396
06:51:53,113763,ptm_cycle_5,17556692,43062368,6668396
06:51:54,113763,ptm_cycle_5,17556692,43062368,6668396
06:51:55,113763,ptm_cycle_5,17556692,43062368,6668396
06:51:56,113763,ptm_cycle_5,17556692,43062368,6668396
06:51:57,113763,ptm_cycle_5,17556692,43062368,6668396
06:51:58,113763,ptm_cycle_5,17556692,43062368,6668396
06:51:59,113763,ptm_cycle_5,17556692,43062368,6668396
06:52:00,113763,ptm_cycle_5,17556692,43062368,6668396
06:52:01,113763,ptm_cycle_5,17556692,43062368,6668396
06:52:03,113763,ptm_cycle_5,17556692,43062368,6668396
06:52:04,113763,ptm_cycle_5,17556692,43062368,6668396
06:52:05,113763,ptm_cycle_5,17556692,43062368,6668396
06:52:06,113763,ptm_cycle_5,17556692,43062368,6668396
06:52:07,113763,ptm_cycle_5,17556692,43062368,6668396
06:52:08,113763,ptm_cycle_5,17556692,43062368,6668396
06:52:09,113763,ptm_cycle_5,17556716,43062368,6668396
06:52:10,113763,ptm_cycle_5,17556696,43062368,6668392
06:52:11,113763,ptm_cycle_5,17556696,43062368,6668392
06:52:12,113763,ptm_cycle_5,17556696,43062368,6668392
06:52:13,113763,ptm_cycle_5,17556696,43062368,6668392
06:52:14,113763,ptm_cycle_5,17556696,43062368,6668392
06:52:15,113763,ptm_cycle_5,17556700,43062368,6668388
06:52:16,113763,ptm_cycle_5,17556700,43062368,6668388
06:52:17,113763,ptm_cycle_5,17556700,43062368,6668388
06:52:18,113763,ptm_cycle_5,17556700,43062368,6668388
06:52:19,113763,ptm_cycle_5,17556700,43062368,6668388
06:52:20,113763,ptm_cycle_5,17556704,43062368,6668384
06:52:21,113763,ptm_cycle_5,17556704,43062368,6668384
06:52:22,113763,ptm_cycle_5,17556704,43062368,6668384
06:52:23,113763,ptm_cycle_5,17556704,43062368,6668384
06:52:24,113763,ptm_cycle_5,17556704,43062368,6668384
06:52:25,113763,ptm_cycle_5,17556704,43062368,6668384
06:52:26,113763,ptm_cycle_5,17556704,43062368,6668384
06:52:27,113763,ptm_cycle_5,17556708,43062368,6668380
06:52:28,113763,ptm_cycle_5,17556708,43062368,6668380
06:52:29,113763,ptm_cycle_5,17556708,43062368,6668380
06:52:30,113763,ptm_cycle_5,17556708,43062368,6668380
06:52:31,113763,ptm_cycle_5,17556708,43062368,6668380
06:52:32,113763,ptm_cycle_5,17556712,43062368,6668376
06:52:33,113763,ptm_cycle_5,17556712,43062368,6668376
06:52:34,113763,ptm_cycle_5,17556716,43062368,6668372
06:52:35,113763,ptm_cycle_5,17556716,43062368,6668372
06:52:36,113763,ptm_cycle_5,17556716,43062368,6668372
06:52:37,113763,ptm_cycle_5,17556716,43062368,6668372
06:52:38,113763,ptm_cycle_5,17556716,43062368,6668372
06:52:39,113763,ptm_cycle_5,17556716,43062368,6668372
06:52:40,113763,ptm_cycle_5,17556716,43062368,6668372
06:52:41,113763,ptm_cycle_5,17556716,43062368,6668372
06:52:42,113763,ptm_cycle_5,17556716,43062368,6668372
06:52:43,113763,ptm_cycle_5,17556716,43062368,6668372
06:52:44,113763,ptm_cycle_5,17556860,43062368,6668228
06:52:45,113763,ptm_cycle_5,17556860,43062368,6668228
06:52:46,113763,ptm_cycle_5,17556864,43062368,6668224
06:52:47,113763,ptm_cycle_5,17556888,43062368,6668224
06:52:48,113763,ptm_cycle_5,17556864,43062368,6668224
06:52:49,113763,ptm_cycle_5,17556864,43062368,6668224
06:52:50,113763,ptm_cycle_5,17556864,43062368,6668224
06:52:51,113763,ptm_cycle_5,17556876,43062368,6668212
06:52:52,113763,ptm_cycle_5,17556876,43062368,6668212
06:52:53,113763,ptm_cycle_5,17556880,43062368,6668208
06:52:54,113763,ptm_cycle_5,17556880,43062368,6668208
06:52:55,113763,ptm_cycle_5,17556880,43062368,6668208
06:52:56,113763,ptm_cycle_5,17556880,43062368,6668208
06:52:57,113763,ptm_cycle_5,17556880,43062368,6668208
06:52:58,113763,ptm_cycle_5,17556880,43062368,6668208
06:52:59,113763,ptm_cycle_5,17556880,43062368,6668208
06:53:00,113763,ptm_cycle_5,17556884,43062368,6668204
06:53:01,113763,ptm_cycle_5,17556884,43062368,6668204
06:53:02,113763,ptm_cycle_5,17556916,43062368,6668172
06:53:03,113763,ptm_cycle_5,17556916,43062368,6668172
06:53:04,113763,ptm_cycle_5,17556916,43062368,6668172
06:53:05,113763,ptm_cycle_5,17556924,43062368,6668164
06:53:06,113763,ptm_cycle_5,17556924,43062368,6668164
06:53:07,113763,ptm_cycle_5,17556928,43062368,6668160
06:53:08,113763,ptm_cycle_5,17556928,43062368,6668160
06:53:09,113763,ptm_cycle_5,17556928,43062368,6668160
06:53:10,113763,ptm_cycle_5,17556928,43062368,6668160
06:53:11,113763,ptm_cycle_5,17556928,43062368,6668160
06:53:12,113763,ptm_cycle_5,17556932,43062368,6668156
06:53:13,113763,ptm_cycle_5,17556932,43062368,6668156
06:53:14,113763,ptm_cycle_5,17556932,43062368,6668156
06:53:15,113763,ptm_cycle_5,17556932,43062368,6668156
06:53:16,113763,ptm_cycle_5,17556932,43062368,6668156
06:53:17,113763,ptm_cycle_5,17556932,43062368,6668156
06:53:18,113763,ptm_cycle_5,17556932,43062368,6668156
06:53:19,113763,ptm_cycle_5,17556936,43062368,6668152
06:53:20,113763,ptm_cycle_5,17556936,43062368,6668152
06:53:21,113763,ptm_cycle_5,17556936,43062368,6668152
06:53:22,113763,ptm_cycle_5,17556936,43062368,6668152
06:53:23,113763,ptm_cycle_5,17556936,43062368,6668152
06:53:24,113763,ptm_cycle_5,17556936,43062368,6668152
06:53:25,113763,ptm_cycle_5,17556936,43062368,6668152
06:53:26,113763,ptm_cycle_5,17556940,43062368,6668148
06:53:27,113763,ptm_cycle_5,17556940,43062368,6668148
06:53:28,113763,ptm_cycle_5,17556940,43062368,6668148
06:53:29,113763,ptm_cycle_5,17556940,43062368,6668148
06:53:30,113763,ptm_cycle_5,17556940,43062368,6668148
06:53:31,113763,ptm_cycle_5,17556940,43062368,6668148
06:53:33,113763,ptm_cycle_5,17556940,43062368,6668148
06:53:34,113763,ptm_cycle_5,17556940,43062368,6668148
06:53:35,113763,ptm_cycle_5,17556940,43062368,6668148
06:53:36,113763,ptm_cycle_5,17556940,43062368,6668148
06:53:37,113763,ptm_cycle_5,17557016,43062368,6668072
06:53:38,113763,ptm_cycle_5,17557016,43062368,6668072
06:53:39,113763,ptm_cycle_5,17557020,43062368,6668068
06:53:40,113763,ptm_cycle_5,17557020,43062368,6668068
06:53:41,113763,ptm_cycle_5,17557020,43062368,6668068
06:53:42,113763,ptm_cycle_5,17557020,43062368,6668068
06:53:43,113763,ptm_cycle_5,17557020,43062368,6668068
06:53:44,113763,ptm_cycle_5,17557020,43062368,6668068
06:53:45,113763,ptm_cycle_5,17557020,43062368,6668068
06:53:46,113763,ptm_cycle_5,17557024,43062368,6668064
06:53:47,113763,ptm_cycle_5,17557048,43062368,6668040
06:53:48,113763,ptm_cycle_5,17557048,43062368,6668040
06:53:49,113763,ptm_cycle_5,17557048,43062368,6668040
06:53:50,113763,ptm_cycle_5,17557048,43062368,6668040
06:53:51,113763,ptm_cycle_5,17557048,43062368,6668040
06:53:52,113763,ptm_cycle_5,17557048,43062368,6668040
06:53:53,113763,ptm_cycle_5,17557052,43062368,6668036
06:53:54,113763,ptm_cycle_5,17557052,43062368,6668036
06:53:55,113763,ptm_cycle_5,17557052,43062368,6668036
06:53:56,113763,ptm_cycle_5,17557052,43062368,6668036
06:53:57,113763,ptm_cycle_5,17557052,43062368,6668036
06:53:58,113763,ptm_cycle_5,17557060,43062368,6668028
06:53:59,113763,ptm_cycle_5,17557060,43062368,6668028
06:54:00,113763,ptm_cycle_5,17557060,43062368,6668028
06:54:01,113763,ptm_cycle_5,17557064,43062368,6668024
06:54:02,113763,ptm_cycle_5,17557064,43062368,6668024
06:54:03,113763,ptm_cycle_5,17557064,43062368,6668024
06:54:04,113763,ptm_cycle_5,17557064,43062368,6668024
06:54:05,113763,ptm_cycle_5,17557072,43062368,6668016
06:54:06,113763,ptm_cycle_5,17557072,43062368,6668016
06:54:07,113763,ptm_cycle_5,17557072,43062368,6668016
06:54:08,113763,ptm_cycle_5,17557072,43062368,6668016
06:54:09,113763,ptm_cycle_5,17557072,43062368,6668016
06:54:10,113763,ptm_cycle_5,17557076,43062368,6668012
06:54:11,113763,ptm_cycle_5,17557076,43062368,6668012
06:54:12,113763,ptm_cycle_5,17557084,43062368,6668004
06:54:13,113763,ptm_cycle_5,17557084,43062368,6668004
06:54:14,113763,ptm_cycle_5,17557084,43062368,6668004
06:54:15,113763,ptm_cycle_5,17557088,43062368,6668000
06:54:16,113763,ptm_cycle_5,17557088,43062368,6668000
06:54:17,113763,ptm_cycle_5,17557088,43062368,6668000
06:54:18,113763,ptm_cycle_5,17557088,43062368,6668000
06:54:19,113763,ptm_cycle_5,17557092,43062368,6667996
06:54:20,113763,ptm_cycle_5,17557268,43062368,6667900
06:54:21,113763,ptm_cycle_5,17557268,43062368,6667900
06:54:22,113763,ptm_cycle_5,17557400,43062368,6667768
06:54:23,113763,ptm_cycle_5,17557400,43062368,6667768
06:54:24,113763,ptm_cycle_5,17557400,43062368,6667768
06:54:25,113763,ptm_cycle_5,17557400,43062368,6667768
06:54:26,113763,ptm_cycle_5,17557400,43062368,6667768
06:54:27,113763,ptm_cycle_5,17557404,43062368,6667764
06:54:28,113763,ptm_cycle_5,17557404,43062368,6667764
06:54:29,113763,ptm_cycle_5,17558276,43062368,6666892
06:54:30,113763,ptm_cycle_5,17558276,43062368,6666892
06:54:31,113763,ptm_cycle_5,17558648,43062368,6666520
06:54:32,113763,ptm_cycle_5,17558648,43062368,6666520
06:54:33,113763,ptm_cycle_5,17558648,43062368,6666520
06:54:34,113763,ptm_cycle_5,17558648,43062368,6666520
06:54:35,113763,ptm_cycle_5,17562148,43062368,6663020
06:54:36,113763,ptm_cycle_5,17562148,43062368,6663020
06:54:37,113763,ptm_cycle_5,17562148,43062368,6663020
06:54:38,113763,ptm_cycle_5,17562148,43062368,6663020
06:54:39,113763,ptm_cycle_5,17562148,43062368,6663020
06:54:40,113763,ptm_cycle_5,17562160,43062368,6663008
06:54:41,113763,ptm_cycle_5,17562160,43062368,6663008
06:54:42,113763,ptm_cycle_5,17562172,43062368,6663004
06:54:43,113763,ptm_cycle_5,17566876,43062368,6658300
06:54:44,113763,ptm_cycle_5,17566876,43062368,6658300
06:54:45,113763,ptm_cycle_5,17567212,43062368,6657964
06:54:46,113763,ptm_cycle_5,17567212,43062368,6657964
06:54:47,113763,ptm_cycle_5,17567212,43062368,6657964
06:54:48,113763,ptm_cycle_5,17567212,43062368,6657964
06:54:49,113763,ptm_cycle_5,17567216,43062368,6657960
06:54:50,113763,ptm_cycle_5,17567564,43062368,6657780
06:54:51,113763,ptm_cycle_5,17567564,43062368,6657780
06:54:52,113763,ptm_cycle_5,17567572,43062368,6657772
06:54:53,113763,ptm_cycle_5,17567572,43062368,6657772
06:54:54,113763,ptm_cycle_5,17568240,43062368,6657536
06:54:55,113763,ptm_cycle_5,17568240,43062368,6657536
06:54:56,113763,ptm_cycle_5,17570488,43062368,6655288
06:54:57,113763,ptm_cycle_5,17570488,43062368,6655288
06:54:58,113763,ptm_cycle_5,17570488,43062368,6655288
06:54:59,113763,ptm_cycle_5,17570500,43062368,6655276
06:55:00,113763,ptm_cycle_5,17570500,43062368,6655276
06:55:01,113763,ptm_cycle_5,17570500,43062368,6655276
06:55:02,113763,ptm_cycle_5,17570500,43062368,6655276
06:55:03,113763,ptm_cycle_5,17570508,43062368,6655268
06:55:05,113763,ptm_cycle_5,17570508,43062368,6655268
06:55:06,113763,ptm_cycle_5,17570508,43062368,6655268
06:55:07,113763,ptm_cycle_5,17571100,43062368,6654676
06:55:08,113763,ptm_cycle_5,17571100,43062368,6654676
06:55:09,113763,ptm_cycle_5,17571104,43062368,6654672
06:55:10,113763,ptm_cycle_5,17571104,43062368,6654672
06:55:11,113763,ptm_cycle_5,17571104,43062368,6654672
06:55:12,113763,ptm_cycle_5,17571484,43062368,6654488
06:55:13,113763,ptm_cycle_5,17571484,43062368,6654488
06:55:14,113763,ptm_cycle_5,17571484,43062368,6654488
06:55:15,113763,ptm_cycle_5,17571484,43062368,6654488
06:55:16,113763,ptm_cycle_5,17571492,43062368,6654480
06:55:17,113763,ptm_cycle_5,17571492,43062368,6654480
06:55:18,113763,ptm_cycle_5,17574196,43062368,6651920
06:55:19,113763,ptm_cycle_5,17574196,43062368,6651920
06:55:20,113763,ptm_cycle_5,17574196,43062368,6651920
06:55:21,113763,ptm_cycle_5,17574196,43062368,6651920
06:55:22,113763,ptm_cycle_5,17574196,43062368,6651920
06:55:23,113763,ptm_cycle_5,17574200,43062368,6651920
06:55:24,113763,ptm_cycle_5,17574200,43062368,6651920
06:55:25,113763,ptm_cycle_5,17574200,43062368,6651920
06:55:26,113763,ptm_cycle_5,17574200,43062368,6651920
06:55:27,113763,ptm_cycle_5,17574200,43062368,6651920
06:55:28,113763,ptm_cycle_5,17574200,43062368,6651920
06:55:29,113763,ptm_cycle_5,17574200,43062368,6651920
06:55:30,113763,ptm_cycle_5,17574212,43062368,6651908
06:55:31,113763,ptm_cycle_5,17574212,43062368,6651908
06:55:32,113763,ptm_cycle_5,17574212,43062368,6651908
06:55:33,113763,ptm_cycle_5,17574216,43062368,6651904
06:55:34,113763,ptm_cycle_5,17574216,43062368,6651904
06:55:35,113763,ptm_cycle_5,17574332,43062368,6651788
06:55:36,113763,ptm_cycle_5,17574332,43062368,6651788
06:55:37,113763,ptm_cycle_5,17574352,43062368,6651788
06:55:38,113763,ptm_cycle_5,17574352,43062368,6651788
06:55:39,113763,ptm_cycle_5,17574352,43062368,6651788
06:55:40,113763,ptm_cycle_5,17574352,43062368,6651788
06:55:41,113763,ptm_cycle_5,17574352,43062368,6651788
06:55:42,113763,ptm_cycle_5,17574352,43062368,6651788
06:55:43,113763,ptm_cycle_5,17574352,43062368,6651788
06:55:44,113763,ptm_cycle_5,17574372,43062368,6651768
06:55:45,113763,ptm_cycle_5,17574372,43062368,6651768
06:55:46,113763,ptm_cycle_5,17574388,43062368,6651752
06:55:47,113763,ptm_cycle_5,17574388,43062368,6651752
06:55:48,113763,ptm_cycle_5,17574388,43062368,6651752
06:55:49,113763,ptm_cycle_5,17574516,43062368,6651720
06:55:50,113763,ptm_cycle_5,17574516,43062368,6651720
06:55:51,113763,ptm_cycle_5,17574520,43062368,6651716
06:55:52,113763,ptm_cycle_5,17574520,43062368,6651716
06:55:53,113763,ptm_cycle_5,17574520,43062368,6651716
06:55:54,113763,ptm_cycle_5,17574524,43062368,6651712
06:55:55,113763,ptm_cycle_5,17574524,43062368,6651712
06:55:56,113763,ptm_cycle_5,17574524,43062368,6651712
06:55:57,113763,ptm_cycle_5,17574524,43062368,6651712
06:55:58,113763,ptm_cycle_5,17574524,43062368,6651712
06:55:59,113763,ptm_cycle_5,17574524,43062368,6651712
06:56:00,113763,ptm_cycle_5,17574552,43062368,6651712
06:56:01,113763,ptm_cycle_5,17574572,43062368,6651692
06:56:02,113763,ptm_cycle_5,17574572,43062368,6651692
06:56:03,113763,ptm_cycle_5,17574576,43062368,6651692
06:56:04,113763,ptm_cycle_5,17574576,43062368,6651692
06:56:05,113763,ptm_cycle_5,17574576,43062368,6651692
06:56:06,113763,ptm_cycle_5,17574576,43062368,6651692
06:56:07,113763,ptm_cycle_5,17574576,43062368,6651692
06:56:08,113763,ptm_cycle_5,17574584,43062368,6651684
06:56:09,113763,ptm_cycle_5,17574584,43062368,6651684
06:56:10,113763,ptm_cycle_5,17574592,43062368,6651684
06:56:11,113763,ptm_cycle_5,17574592,43062368,6651684
06:56:12,113763,ptm_cycle_5,17574592,43062368,6651684
06:56:13,113763,ptm_cycle_5,17574592,43062368,6651684
06:56:14,113763,ptm_cycle_5,17574688,43062368,6651664
06:56:15,113763,ptm_cycle_5,17574712,43062368,6651664
06:56:16,113763,ptm_cycle_5,17574688,43062368,6651664
06:56:17,113763,ptm_cycle_5,17574744,43062368,6651608
06:56:18,113763,ptm_cycle_5,17574744,43062368,6651608
06:56:19,113763,ptm_cycle_5,17574748,43062368,6651604
06:56:20,113763,ptm_cycle_5,17574748,43062368,6651604
06:56:21,113763,ptm_cycle_5,17575888,43062368,6650464
06:56:22,113763,ptm_cycle_5,17575912,43062368,6650464
06:56:23,113763,ptm_cycle_5,17575888,43062368,6650464
06:56:24,113763,ptm_cycle_5,17575888,43062368,6650464
06:56:25,113763,ptm_cycle_5,17575888,43062368,6650464
06:56:26,113763,ptm_cycle_5,17575908,43062368,6650464
06:56:27,113763,ptm_cycle_5,17575908,43062368,6650464
06:56:28,113763,ptm_cycle_5,17575924,43062368,6650448
06:56:29,113763,ptm_cycle_5,17575924,43062368,6650448
06:56:30,113763,ptm_cycle_5,17575928,43062368,6650444
06:56:31,113763,ptm_cycle_5,17575932,43062368,6650440
06:56:32,113763,ptm_cycle_5,17575932,43062368,6650440
06:56:33,113763,ptm_cycle_5,17576016,43062368,6650440
06:56:35,113763,ptm_cycle_5,17576016,43062368,6650440
06:56:36,113763,ptm_cycle_5,17576016,43062368,6650440
06:56:37,113763,ptm_cycle_5,17576016,43062368,6650440
06:56:38,113763,ptm_cycle_5,17576020,43062368,6650436
06:56:39,113763,ptm_cycle_5,17576020,43062368,6650436
06:56:40,113763,ptm_cycle_5,17576020,43062368,6650436
06:56:41,113763,ptm_cycle_5,17576024,43062368,6650432
06:56:42,113763,ptm_cycle_5,17576024,43062368,6650432
06:56:43,113763,ptm_cycle_5,17576408,43062368,6650048
06:56:44,113763,ptm_cycle_5,17576408,43062368,6650048
06:56:45,113763,ptm_cycle_5,17576428,43062368,6650048
06:56:46,113763,ptm_cycle_5,17576428,43062368,6650048
06:56:47,113763,ptm_cycle_5,17576428,43062368,6650048
06:56:48,113763,ptm_cycle_5,17576428,43062368,6650048
06:56:49,113763,ptm_cycle_5,17576428,43062368,6650048
06:56:50,113763,ptm_cycle_5,17576452,43062368,6650044
06:56:51,113763,ptm_cycle_5,17576452,43062368,6650044
06:56:52,113763,ptm_cycle_5,17576460,43062368,6650044
06:56:53,113763,ptm_cycle_5,17576464,43062368,6650040
06:56:54,113763,ptm_cycle_5,17576464,43062368,6650040
06:56:55,113763,ptm_cycle_5,17576468,43062368,6650036
06:56:56,113763,ptm_cycle_5,17576468,43062368,6650036
06:56:57,113763,ptm_cycle_5,17576476,43062368,6650036
06:56:58,113763,ptm_cycle_5,17576476,43062368,6650036
06:56:59,113763,ptm_cycle_5,17576480,43062368,6650032
06:57:00,113763,ptm_cycle_5,17576504,43062368,6650032
06:57:01,113763,ptm_cycle_5,17576480,43062368,6650032
06:57:02,113763,ptm_cycle_5,17576488,43062368,6650024
06:57:03,113763,ptm_cycle_5,17576488,43062368,6650024
06:57:04,113763,ptm_cycle_5,17576488,43062368,6650024
06:57:05,113763,ptm_cycle_5,17576488,43062368,6650024
06:57:06,113763,ptm_cycle_5,17576492,43062368,6650020
06:57:07,113763,ptm_cycle_5,17576492,43062368,6650020
06:57:08,113763,ptm_cycle_5,17576500,43062368,6650012
06:57:09,113763,ptm_cycle_5,17576504,43062368,6650008
06:57:10,113763,ptm_cycle_5,17576504,43062368,6650008
06:57:11,113763,ptm_cycle_5,17576520,43062368,6650008
06:57:12,113763,ptm_cycle_5,17576520,43062368,6650008
06:57:13,113763,ptm_cycle_5,17576524,43062368,6650004
06:57:14,113763,ptm_cycle_5,17576524,43062368,6650004
06:57:15,113763,ptm_cycle_5,17576524,43062368,6650004
06:57:16,113763,ptm_cycle_5,17576532,43062368,6650004
06:57:17,113763,ptm_cycle_5,17576532,43062368,6650004
06:57:18,113763,ptm_cycle_5,17576616,43062368,6649920
06:57:19,113763,ptm_cycle_5,17576616,43062368,6649920
06:57:20,113763,ptm_cycle_5,17576620,43062368,6649920
06:57:21,113763,ptm_cycle_5,17576620,43062368,6649920
06:57:22,113763,ptm_cycle_5,17576624,43062368,6649916
06:57:23,113763,ptm_cycle_5,17576628,43062368,6649916
06:57:24,113763,ptm_cycle_5,17576628,43062368,6649916
06:57:25,113763,ptm_cycle_5,17576628,43062368,6649916
06:57:26,113763,ptm_cycle_5,17576628,43062368,6649916
06:57:27,113763,ptm_cycle_5,17576692,43062368,6649852
06:57:28,113763,ptm_cycle_5,17576692,43062368,6649852
06:57:29,113763,ptm_cycle_5,17576692,43062368,6649852
06:57:30,113763,ptm_cycle_5,17576716,43062368,6649852
06:57:31,113763,ptm_cycle_5,17576700,43062368,6649852
06:57:32,113763,ptm_cycle_5,17576700,43062368,6649852
06:57:33,113763,ptm_cycle_5,17576700,43062368,6649852
06:57:34,113763,ptm_cycle_5,17576704,43062368,6649852
06:57:35,113763,ptm_cycle_5,17576704,43062368,6649852
06:57:36,113763,ptm_cycle_5,17576720,43062368,6649836
06:57:37,113763,ptm_cycle_5,17576720,43062368,6649836
06:57:38,113763,ptm_cycle_5,17576720,43062368,6649836
06:57:39,113763,ptm_cycle_5,17576724,43062368,6649832
06:57:40,113763,ptm_cycle_5,17576724,43062368,6649832
06:57:41,113763,ptm_cycle_5,17576848,43062368,6649708
06:57:42,113763,ptm_cycle_5,17576848,43062368,6649708
06:57:43,113763,ptm_cycle_5,17576848,43062368,6649708
06:57:44,113763,ptm_cycle_5,17576848,43062368,6649708
06:57:45,113763,ptm_cycle_5,17576852,43062368,6649704
06:57:46,113763,ptm_cycle_5,17576852,43062368,6649704
06:57:47,113763,ptm_cycle_5,17576852,43062368,6649704
06:57:48,113763,ptm_cycle_5,17576864,43062368,6649692
06:57:49,113763,ptm_cycle_5,17576864,43062368,6649692
06:57:50,113763,ptm_cycle_5,17576864,43062368,6649692
06:57:51,113763,ptm_cycle_5,17576864,43062368,6649692
06:57:52,113763,ptm_cycle_5,17576872,43062368,6649684
06:57:53,113763,ptm_cycle_5,17576872,43062368,6649684
06:57:54,113763,ptm_cycle_5,17576872,43062368,6649684
06:57:55,113763,ptm_cycle_5,17576872,43062368,6649684
06:57:56,113763,ptm_cycle_5,17576872,43062368,6649684
06:57:57,113763,ptm_cycle_5,17576884,43062368,6649672
06:57:58,113763,ptm_cycle_5,17576884,43062368,6649672
06:57:59,113763,ptm_cycle_5,17576892,43062368,6649664
06:58:00,113763,ptm_cycle_5,17576892,43062368,6649664
06:58:01,113763,ptm_cycle_5,17576896,43062368,6649660
06:58:02,113763,ptm_cycle_5,17576896,43062368,6649660
06:58:03,113763,ptm_cycle_5,17576896,43062368,6649660
06:58:04,113763,ptm_cycle_5,17576896,43062368,6649660
06:58:06,113763,ptm_cycle_5,17576896,43062368,6649660
06:58:07,113763,ptm_cycle_5,17576896,43062368,6649660
06:58:08,113763,ptm_cycle_5,17576896,43062368,6649660
06:58:09,113763,ptm_cycle_5,17577912,43062368,6649100
06:58:10,113763,ptm_cycle_5,17577912,43062368,6649100
06:58:11,113763,ptm_cycle_5,17577912,43062368,6649100
06:58:12,113763,ptm_cycle_5,17577912,43062368,6649100
06:58:13,113763,ptm_cycle_5,17577912,43062368,6649100
06:58:14,113763,ptm_cycle_5,17577916,43062368,6649100
06:58:15,113763,ptm_cycle_5,17577916,43062368,6649100
06:58:16,113763,ptm_cycle_5,17577916,43062368,6649100
06:58:17,113763,ptm_cycle_5,17577940,43062368,6649100
06:58:18,113763,ptm_cycle_5,17577932,43062368,6649084
06:58:19,113763,ptm_cycle_5,17577936,43062368,6649080
06:58:20,113763,ptm_cycle_5,17577936,43062368,6649080
06:58:21,113763,ptm_cycle_5,17577936,43062368,6649080
06:58:22,113763,ptm_cycle_5,17577936,43062368,6649080
06:58:23,113763,ptm_cycle_5,17577936,43062368,6649080
06:58:24,113763,ptm_cycle_5,17577936,43062368,6649080
06:58:25,113763,ptm_cycle_5,17577948,43062368,6649080
06:58:26,113763,ptm_cycle_5,17577948,43062368,6649080
06:58:27,113763,ptm_cycle_5,17577948,43062368,6649080
06:58:28,113763,ptm_cycle_5,17577948,43062368,6649080
06:58:29,113763,ptm_cycle_5,17577948,43062368,6649080
06:58:30,113763,ptm_cycle_5,17577948,43062368,6649080
06:58:31,113763,ptm_cycle_5,17577948,43062368,6649080
06:58:32,113763,ptm_cycle_5,17577964,43062368,6649064
06:58:33,113763,ptm_cycle_5,17577968,43062368,6649064
06:58:34,113763,ptm_cycle_5,17577968,43062368,6649064
06:58:35,113763,ptm_cycle_5,17577968,43062368,6649064
06:58:36,113763,ptm_cycle_5,17577968,43062368,6649064
06:58:37,113763,ptm_cycle_5,17577968,43062368,6649064
06:58:38,113763,ptm_cycle_5,17577968,43062368,6649064
06:58:39,113763,ptm_cycle_5,17577972,43062368,6649060
06:58:40,113763,ptm_cycle_5,17577972,43062368,6649060
06:58:41,113763,ptm_cycle_5,17577972,43062368,6649060
06:58:42,113763,ptm_cycle_5,17577972,43062368,6649060
06:58:43,113763,ptm_cycle_5,17577972,43062368,6649060
06:58:44,113763,ptm_cycle_5,17577972,43062368,6649060
06:58:45,113763,ptm_cycle_5,17577972,43062368,6649060
06:58:46,113763,ptm_cycle_5,17577972,43062368,6649060
06:58:47,113763,ptm_cycle_5,17577972,43062368,6649060
06:58:48,113763,ptm_cycle_5,17577980,43062368,6649052
06:58:49,113763,ptm_cycle_5,17577980,43062368,6649052
06:58:50,113763,ptm_cycle_5,17577980,43062368,6649052
06:58:51,113763,ptm_cycle_5,17577988,43062368,6649044
06:58:52,113763,ptm_cycle_5,17577988,43062368,6649044
06:58:53,113763,ptm_cycle_5,17577988,43062368,6649044
06:58:54,113763,ptm_cycle_5,17577988,43062368,6649044
06:58:55,113763,ptm_cycle_5,17577992,43062368,6649040
06:58:56,113763,ptm_cycle_5,17577992,43062368,6649040
06:58:57,113763,ptm_cycle_5,17577996,43062368,6649036
06:58:58,113763,ptm_cycle_5,17578428,43062368,6648604
06:58:59,113763,ptm_cycle_5,17578428,43062368,6648604
06:59:00,113763,ptm_cycle_5,17578432,43062368,6648600
06:59:01,113763,ptm_cycle_5,17578432,43062368,6648600
06:59:02,113763,ptm_cycle_5,17578432,43062368,6648600
06:59:03,113763,ptm_cycle_5,17578432,43062368,6648600
06:59:04,113763,ptm_cycle_5,17578608,43062368,6648424
06:59:05,113763,ptm_cycle_5,17578608,43062368,6648424
06:59:06,113763,ptm_cycle_5,17578608,43062368,6648424
06:59:07,113763,ptm_cycle_5,17578608,43062368,6648424
06:59:08,113763,ptm_cycle_5,17578608,43062368,6648424
06:59:09,113763,ptm_cycle_5,17578608,43062368,6648424
06:59:10,113763,ptm_cycle_5,17578608,43062368,6648424
06:59:11,113763,ptm_cycle_5,17578608,43062368,6648424
06:59:12,113763,ptm_cycle_5,17578608,43062368,6648424
06:59:13,113763,ptm_cycle_5,17578952,43062368,6648080
06:59:14,113763,ptm_cycle_5,17578968,43062368,6648064
06:59:15,113763,ptm_cycle_5,17578968,43062368,6648064
06:59:16,113763,ptm_cycle_5,17578972,43062368,6648060
06:59:17,113763,ptm_cycle_5,17578972,43062368,6648060
06:59:18,113763,ptm_cycle_5,17578976,43062368,6648056
06:59:19,113763,ptm_cycle_5,17578976,43062368,6648056
06:59:20,113763,ptm_cycle_5,17579176,43062368,6647960
06:59:21,113763,ptm_cycle_5,17579176,43062368,6647960
06:59:22,113763,ptm_cycle_5,17579176,43062368,6647960
06:59:23,113763,ptm_cycle_5,17579176,43062368,6647960
06:59:24,113763,ptm_cycle_5,17579176,43062368,6647960
06:59:25,113763,ptm_cycle_5,17580108,43062368,6647028
06:59:26,113763,ptm_cycle_5,17580108,43062368,6647028
06:59:27,113763,ptm_cycle_5,17580108,43062368,6647028
06:59:28,113763,ptm_cycle_5,17580108,43062368,6647028
06:59:29,113763,ptm_cycle_5,17580108,43062368,6647028
06:59:30,113763,ptm_cycle_5,17580112,43062368,6647024
06:59:31,113763,ptm_cycle_5,17580124,43062368,6647012
06:59:32,113763,ptm_cycle_5,17580124,43062368,6647012
06:59:33,113763,ptm_cycle_5,17580124,43062368,6647012
06:59:34,113763,ptm_cycle_5,17580144,43062368,6646992
06:59:35,113763,ptm_cycle_5,17580144,43062368,6646992
06:59:36,113763,ptm_cycle_5,17580144,43062368,6646992
06:59:38,113763,ptm_cycle_5,17580168,43062368,6646992
06:59:39,113763,ptm_cycle_5,17580148,43062368,6646988
06:59:40,113763,ptm_cycle_5,17580152,43062368,6646984
06:59:41,113763,ptm_cycle_5,17580152,43062368,6646984
06:59:42,113763,ptm_cycle_5,17580152,43062368,6646984
06:59:43,113763,ptm_cycle_5,17580152,43062368,6646984
06:59:44,113763,ptm_cycle_5,17580152,43062368,6646984
06:59:45,113763,ptm_cycle_5,17580152,43062368,6646984
06:59:46,113763,ptm_cycle_5,17580152,43062368,6646984
06:59:47,113763,ptm_cycle_5,17580160,43062368,6646976
06:59:48,113763,ptm_cycle_5,17580160,43062368,6646976
06:59:49,113763,ptm_cycle_5,17580160,43062368,6646976
06:59:50,113763,ptm_cycle_5,17580160,43062368,6646976
06:59:51,113763,ptm_cycle_5,17580160,43062368,6646976
06:59:52,113763,ptm_cycle_5,17580160,43062368,6646976
06:59:53,113763,ptm_cycle_5,17580168,43062368,6646968
06:59:54,113763,ptm_cycle_5,17580168,43062368,6646968
